x,y,z
0,0,0
0,0,0
0,0,0
0,0,0
0,0,0
0,0,0
0,0,0
0,0,0
0,0,0
0,0,0
0,0,0
0,0,0
0,0,0
0,0,0
0,0,0
0,0,0
0,0,0
0,0,0
0,0,0
0,0,0
0,0,0
0,0,0
0,0,0
0,0,0
0,0,0
0,0,0
0,0,0
0,0,0
0,0,0
0,0,0
0,0,0
0,0,0
0,0,0
0,0,0
0,0,0
0,0,0
0,0,0
0,0,0
0,0,0
0,0,0
0,0,0
0,0,0
0,0,0
0,0,0
0,0,0
0,0,0
0,0,0
0,0,0
0,0,0
0,0,0
0,0,0
0,0,0
0,0,0
0,0,0
0,0,0
0,0,0
0,0,0
0,0,0
0,0,0
0,0,0
0,0,0
0,0,0
0,0,0
0,0,0
0,0,0
0,0,0
0,0,0
0,0,0
0,0,0
0,0,0
0,0,0
0,0,0
0,0,0
0,0,0
0,0,0
0,0,0
0,0,0
0,0,0
0,0,0
0,0,0
0,0,0
0,0,0
0,0,0
0,0,0
0,0,0
0,0,0
0,0,0
0,0,0
0,0,0
0,0,0
0,0,0
0,0,0
0,0,0
0,0,0
0,0,0
0,0,0
0,0,0
0,0,0
0,0,0
0,0,0
0,0,0
0,0,0
0,0,0
0,0,0
0,0,0
0,0,0
0,0,0
0,0,0
0,0,0
0,0,0
0,0,0
0,0,0
0,0,0
0,0,0
0,0,0
0,0,0
0,0,0
0,0,0
0,0,0
0,0,0
0,0,0
0,0,0
0,0,0
0,0,0
0,0,0
0,0,0
0,0,0
0,0,0
0,0,0
0,0,0
0,0,0
0,0,0
0,0,0
0,0,0
0,0,0
0,0,0
0,0,0
0,0,0
0,0,0
0,0,0
0,0,0
0,0,0
0,0,0
0,0,0
0,0,0
0,0,0
0,0,0
0,0,0
0,0,0
0,0,0
0,0,0
0,0,0
0,0,0
0,0,0
0,0,0
0,0,0
0,0,0
0,0,0
0,0,0
0,0,0
0,0,0
0,0,0
0,0,0
0,0,0
0,0,0
0,0,0
0,0,0
0,0,0
0,0,0
0,0,0
0,0,0
0,0,0
0,0,0
0,0,0
0,0,0
0,0,0
0,0,0
0,0,0
0,0,0
0,0,0
0,0,0
0,0,0
0,0,0
0,0,0
0,0,0
0,0,0
0,0,0
0,0,0
0,0,0
0,0,0
0,0,0
0,0,0
0,0,0
0,0,0
0,0,0
0,0,0
0,0,0
0,0,0
0,0,0
0,0,0
0,0,0
0,0,0
0,0,0
0,0,0
0,0,0
0,0,0
0,0,0
0,0,0
0,0,0
0,0,0
0,0,0
0,0,0
0,0,0
0,0,0
0,0,0
0,0,0
0,0,0
0,0,0
0,0,0
0,0,0
0,0,0
0,0,0
0,0,0
0,0,0
0,0,0
0,0,0
0,0,0
0,0,0
0,0,0
0,0,0
0,0,0
0,0,0
0,0,0
0,0,0
0,0,0
0,0,0
0,0,0
0,0,0
0,0,0
0,0,0
0,0,0
0,0,0
0,0,0
0,0,0
0,0,0
0,0,0
0,0,0
0,0,0
0,0,0
0,0,0
0,0,0
0,0,0
0,0,0
0,0,0
0,0,0
0,0,0
0,0,0
0,0,0
0,0,0
0,0,0
0,0,0
0,0,0
0,0,0
0,0,0
0,0,0
0,0,0
0,0,0
0,0,0
0,0,0
0,0,0
0,0,0
0,0,0
0,0,0
0,0,0
0,0,0
0,0,0
0,0,0
0,0,0
0,0,0
0,0,0
0,0,0
0,0,0
0,0,0
0,0,0
0,0,0
0,0,0
0,0,0
0,0,0
0,0,0
0,0,0
0,0,0
0,0,0
0,0,0
0,0,0
0,0,0
0,0,0
0,0,0
0,0,0
0,0,0
0,0,0
0,0,0
0,0,0
0,0,0
0,0,0
0,0,0
0,0,0
0,0,0
0,0,0
0,0,0
0,0,0
0,0,0
0,0,0
0,0,0
0,0,0
0,0,0
0,0,0
0,0,0
0,0,0
0,0,0
0,0,0
0,0,0
0,0,0
0,0,0
0,0,0
0,0,0
0,0,0
0,0,0
0,0,0
0,0,0
0,0,0
0,0,0
0,0,0
0,0,0
0,0,0
0,0,0
0,0,0
0,0,0
0,0,0
0,0,0
0,0,0
0,0,0
0,0,0
0,0,0
0,0,0
0,0,0
0,0,0
0,0,0
0,0,0
0,0,0
0,0,0
0,0,0
0,0,0
0,0,0
0,0,0
0,0,0
0,0,0
0,0,0
0,0,0
0,0,0
0,0,0
0,0,0
0,0,0
0,0,0
0,0,0
0,0,0
0,0,0
0,0,0
0,0,0
0,0,0
0,0,0
0,0,0
0,0,0
0,0,0
0,0,0
0,0,0
0,0,0
0,0,0
0,0,0
0,0,0
0,0,0
0,0,0
0,0,0
0,0,0
0,0,0
0,0,0
0,0,0
0,0,0
0,0,0
0,0,0
0,0,0
0,0,0
0,0,0
0,0,0
0,0,0
0,0,0
0,0,0
0,0,0
0,0,0
0,0,0
0,0,0
0,0,0
0,0,0
0,0,0
0,0,0
0,0,0
0,0,0
0,0,0
0,0,0
0,0,0
0,0,0
0,0,0
0,0,0
0,0,0
0,0,0
0,0,0
0,0,0
0,0,0
0,0,0
0,0,0
0,0,0
0,0,0
0,0,0
0,0,0
0,0,0
0,0,0
0,0,0
0,0,0
0,0,0
0,0,0
0,0,0
0,0,0
0,0,0
0,0,0
0,0,0
0,0,0
0,0,0
0,0,0
0,0,0
0,0,0
0,0,0
0,0,0
0,0,0
0,0,0
0,0,0
0,0,0
0,0,0
0,0,0
0,0,0
0,0,0
0,0,0
0,0,0
0,0,0
0,0,0
0,0,0
0,0,0
0,0,0
0,0,0
0,0,0
0,0,0
0,0,0
0,0,0
0,0,0
0,0,0
0,0,0
0,0,0
0,0,0
0,0,0
0,0,0
0,0,0
0,0,0
0,0,0
0,0,0
0,0,0
0,0,0
0,0,0
0,0,0
0,0,0
0,0,0
0,0,0
0,0,0
0,0,0
0,0,0
0,0,0
0,0,0
0,0,0
0,0,0
0,0,0
0,0,0
0,0,0
0,0,0
0,0,0
0,0,0
0,0,0
0,0,0
0,0,0
0,0,0
0,0,0
0,0,0
0,0,0
0,0,0
0,0,0
0,0,0
0,0,0
0,0,0
0,0,0
0,0,0
0,0,0
0,0,0
0,0,0
0,0,0
0,0,0
0,0,0
0,0,0
0,0,0
0,0,0
0,0,0
0,0,0
0,0,0
0,0,0
0,0,0
0,0,0
0,0,0
0,0,0
0,0,0
0,0,0
0,0,0
0,0,0
0,0,0
0,0,0
0,0,0
0,0,0
0,0,0
0,0,0
0,0,0
0,0,0
0,0,0
0,0,0
0,0,0
0,0,0
0,0,0
0,0,0
0,0,0
0,0,0
0,0,0
0,0,0
0,0,0
0,0,0
0,0,0
0,0,0
0,0,0
0,0,0
0,0,0
0,0,0
0,0,0
0,0,0
0,0,0
0,0,0
0,0,0
0,0,0
0,0,0
0,0,0
0,0,0
0,0,0
0,0,0
0,0,0
0,0,0
0,0,0
0,0,0
0,0,0
0,0,0
0,0,0
0,0,0
0,0,0
0,0,0
0,0,0
0,0,0
0,0,0
0,0,0
0,0,0
0,0,0
0,0,0
0,0,0
0,0,0
0,0,0
0,0,0
0,0,0
0,0,0
0,0,0
0,0,0
0,0,0
0,0,0
0,0,0
0,0,0
0,0,0
0,0,0
0,0,0
0,0,0
0,0,0
0,0,0
0,0,0
0,0,0
0,0,0
0,0,0
0,0,0
0,0,0
0,0,0
0,0,0
0,0,0
0,0,0
0,0,0
0,0,0
0,0,0
0,0,0
0,0,0
0,0,0
0,0,0
0,0,0
0,0,0
0,0,0
0,0,0
0,0,0
0,0,0
0,0,0
0,0,0
0,0,0
0,0,0
0,0,0
0,0,0
0,0,0
0,0,0
0,0,0
0,0,0
0,0,0
0,0,0
0,0,0
0,0,0
0,0,0
0,0,0
0,0,0
0,0,0
0,0,0
0,0,0
0,0,0
0,0,0
0,0,0
0,0,0
0,0,0
0,0,0
0,0,0
0,0,0
0,0,0
0,0,0
0,0,0
0,0,0
0,0,0
0,0,0
0,0,0
0,0,0
0,0,0
0,0,0
0,0,0
0,0,0
0,0,0
0,0,0
0,0,0
0,0,0
0,0,0
0,0,0
0,0,0
0,0,0
0,0,0
0,0,0
0,0,0
0,0,0
0,0,0
0,0,0
0,0,0
0,0,0
0,0,0
0,0,0
0,0,0
0,0,0
0,0,0
0,0,0
0,0,0
0,0,0
0,0,0
0,0,0
0,0,0
0,0,0
0,0,0
0,0,0
0,0,0
0,0,0
0,0,0
0,0,0
0,0,0
0,0,0
0,0,0
0,0,0
0,0,0
0,0,0
0,0,0
0,0,0
0,0,0
0,0,0
0,0,0
0,0,0
0,0,0
0,0,0
0,0,0
0,0,0
0,0,0
0,0,0
0,0,0
0,0,0
0,0,0
0,0,0
0,0,0
0,0,0
0,0,0
0,0,0
0,0,0
0,0,0
0,0,0
0,0,0
0,0,0
0,0,0
0,0,0
0,0,0
0,0,0
0,0,0
0,0,0
0,0,0
0,0,0
0,0,0
0,0,0
0,0,0
0,0,0
0,0,0
0,0,0
0,0,0
0,0,0
0,0,0
0,0,0
0,0,0
0,0,0
0,0,0
0,0,0
0,0,0
0,0,0
0,0,0
0,0,0
0,0,0
0,0,0
0,0,0
0,0,0
0,0,0
0,0,0
0,0,0
0,0,0
0,0,0
0,0,0
0,0,0
0,0,0
0,0,0
0,0,0
0,0,0
0,0,0
0,0,0
0,0,0
0,0,0
0,0,0
0,0,0
0,0,0
0,0,0
0,0,0
0,0,0
0,0,0
0,0,0
0,0,0
0,0,0
0,0,0
0,0,0
0,0,0
0,0,0
0,0,0
0,0,0
0,0,0
0,0,0
0,0,0
0,0,0
0,0,0
0,0,0
0,0,0
0,0,0
0,0,0
0,0,0
0,0,0
0,0,0
0,0,0
0,0,0
0,0,0
0,0,0
0,0,0
0,0,0
0,0,0
0,0,0
0,0,0
0,0,0
0,0,0
0,0,0
0,0,0
0,0,0
0,0,0
0,0,0
0,0,0
0,0,0
0,0,0
0,0,0
0,0,0
0,0,0
0,0,0
0,0,0
0,0,0
0,0,0
0,0,0
0,0,0
0,0,0
0,0,0
0,0,0
0,0,0
0,0,0
0,0,0
0,0,0
0,0,0
0,0,0
0,0,0
0,0,0
0,0,0
0,0,0
0,0,0
0,0,0
0,0,0
0,0,0
0,0,0
0,0,0
0,0,0
0,0,0
0,0,0
0,0,0
0,0,0
0,0,0
0,0,0
0,0,0
0,0,0
0,0,0
0,0,0
0,0,0
0,0,0
0,0,0
0,0,0
0,0,0
0,0,0
0,0,0
0,0,0
0,0,0
0,0,0
0,0,0
0,0,0
0,0,0
0,0,0
0,0,0
0,0,0
0,0,0
0,0,0
0,0,0
0,0,0
0,0,0
0,0,0
0,0,0
0,0,0
0,0,0
0,0,0
0,0,0
0,0,0
0,0,0
0,0,0
0,0,0
0,0,0
0,0,0
0,0,0
0,0,0
0,0,0
0,0,0
0,0,0
0,0,0
0,0,0
0,0,0
0,0,0
0,0,0
0,0,0
0,0,0
0,0,0
0,0,0
0,0,0
0,0,0
0,0,0
0,0,0
0,0,0
0,0,0
0,0,0
0,0,0
0,0,0
0,0,0
0,0,0
0,0,0
0,0,0
0,0,0
0,0,0
0,0,0
0,0,0
0,0,0
0,0,0
0,0,0
0,0,0
0,0,0
0,0,0
0,0,0
0,0,0
0,0,0
0,0,0
0,0,0
0,0,0
0,0,0
0,0,0
0,0,0
0,0,0
0,0,0
0,0,0
0,0,0
0,0,0
0,0,0
0,0,0
0,0,0
0,0,0
0,0,0
0,0,0
0,0,0
0,0,0
0,0,0
0,0,0
0,0,0
0,0,0
0,0,0
0,0,0
0,0,0
0,0,0
0,0,0
0,0,0
0,0,0
0,0,0
0,0,0
0,0,0
0,0,0
0,0,0
0,0,0
0,0,0
0,0,0
0,0,0
0,0,0
0,0,0
0,0,0
0,0,0
0,0,0
0,0,0
0,0,0
0,0,0
0,0,0
0,0,0
0,0,0
0,0,0
0,0,0
0,0,0
0,0,0
0,0,0
0,0,0
0,0,0
0,0,0
0,0,0
0,0,0
0,0,0
0,0,0
0,0,0
0,0,0
0,0,0
0,0,0
0,0,0
0,0,0
0,0,0
0,0,0
0,0,0
0,0,0
0,0,0
0,0,0
0,0,0
0,0,0
0,0,0
0,0,0
0,0,0
0,0,0
0,0,0
0,0,0
0,0,0
0,0,0
0,0,0
0,0,0
0,0,0
0,0,0
0,0,0
0,0,0
0,0,0
0,0,0
0,0,0
0,0,0
0,0,0
0,0,0
0,0,0
0,0,0
0,0,0
0,0,0
0,0,0
0,0,0
0,0,0
0,0,0
0,0,0
0,0,0
0,0,0
0,0,0
0,0,0
0,0,0
0,0,0
0,0,0
0,0,0
0,0,0
0,0,0
0,0,0
0,0,0
0,0,0
0,0,0
0,0,0
0,0,0
0,0,0
0,0,0
0,0,0
0,0,0
0,0,0
0,0,0
0,0,0
0,0,0
0,0,0
0,0,0
0,0,0
0,0,0
0,0,0
0,0,0
0,0,0
0,0,0
0,0,0
0,0,0
0,0,0
0,0,0
0,0,0
0,0,0
0,0,0
0,0,0
0,0,0
0,0,0
0,0,0
0,0,0
0,0,0
0,0,0
0,0,0
0,0,0
0,0,0
0,0,0
0,0,0
0,0,0
0,0,0
0,0,0
0,0,0
0,0,0
0,0,0
0,0,0
0,0,0
0,0,0
0,0,0
0,0,0
0,0,0
0,0,0
0,0,0
0,0,0
0,0,0
0,0,0
0,0,0
0,0,0
0,0,0
0,0,0
0,0,0
0,0,0
0,0,0
0,0,0
0,0,0
0,0,0
0,0,0
0,0,0
0,0,0
0,0,0
0,0,0
0,0,0
0,0,0
0,0,0
0,0,0
0,0,0
0,0,0
0,0,0
0,0,0
0,0,0
0,0,0
0,0,0
0,0,0
0,0,0
0,0,0
0,0,0
0,0,0
0,0,0
0,0,0
0,0,0
0,0,0
0,0,0
0,0,0
0,0,0
0,0,0
0,0,0
0,0,0
0,0,0
0,0,0
0,0,0
0,0,0
0,0,0
0,0,0
0,0,0
0,0,0
0,0,0
0,0,0
0,0,0
0,0,0
0,0,0
0,0,0
0,0,0
0,0,0
0,0,0
0,0,0
0,0,0
0,0,0
0,0,0
0,0,0
0,0,0
0,0,0
0,0,0
0,0,0
0,0,0
0,0,0
0,0,0
0,0,0
0,0,0
0,0,0
0,0,0
0,0,0
0,0,0
0,0,0
0,0,0
0,0,0
0,0,0
0,0,0
0,0,0
0,0,0
0,0,0
0,0,0
0,0,0
0,0,0
0,0,0
0,0,0
0,0,0
0,0,0
0,0,0
0,0,0
0,0,0
0,0,0
0,0,0
0,0,0
0,0,0
0,0,0
0,0,0
0,0,0
0,0,0
0,0,0
0,0,0
0,0,0
0,0,0
0,0,0
0,0,0
0,0,0
0,0,0
0,0,0
0,0,0
0,0,0
0,0,0
0,0,0
0,0,0
0,0,0
0,0,0
0,0,0
0,0,0
0,0,0
0,0,0
0,0,0
0,0,0
0,0,0
0,0,0
0,0,0
0,0,0
0,0,0
0,0,0
0,0,0
0,0,0
0,0,0
0,0,0
0,0,0
0,0,0
0,0,0
0,0,0
0,0,0
0,0,0
0,0,0
0,0,0
0,0,0
0,0,0
0,0,0
0,0,0
0,0,0
0,0,0
0,0,0
0,0,0
0,0,0
0,0,0
0,0,0
0,0,0
0,0,0
0,0,0
0,0,0
0,0,0
0,0,0
0,0,0
0,0,0
0,0,0
0,0,0
0,0,0
0,0,0
0,0,0
0,0,0
0,0,0
0,0,0
0,0,0
0,0,0
0,0,0
0,0,0
0,0,0
0,0,0
0,0,0
0,0,0
0,0,0
0,0,0
0,0,0
0,0,0
0,0,0
0,0,0
0,0,0
0,0,0
0,0,0
0,0,0
0,0,0
0,0,0
0,0,0
0,0,0
0,0,0
0,0,0
0,0,0
0,0,0
0,0,0
0,0,0
0,0,0
0,0,0
0,0,0
0,0,0
0,0,0
0,0,0
0,0,0
0,0,0
0,0,0
0,0,0
0,0,0
0,0,0
0,0,0
0,0,0
0,0,0
0,0,0
0,0,0
0,0,0
0,0,0
0,0,0
0,0,0
0,0,0
0,0,0
0,0,0
0,0,0
0,0,0
0,0,0
0,0,0
0,0,0
0,0,0
0,0,0
0,0,0
0,0,0
0,0,0
0,0,0
0,0,0
0,0,0
0,0,0
0,0,0
0,0,0
0,0,0
0,0,0
0,0,0
0,0,0
0,0,0
0,0,0
0,0,0
0,0,0
0,0,0
0,0,0
0,0,0
0,0,0
0,0,0
0,0,0
0,0,0
0,0,0
0,0,0
0,0,0
0,0,0
0,0,0
0,0,0
0,0,0
0,0,0
0,0,0
0,0,0
0,0,0
0,0,0
0,0,0
0,0,0
0,0,0
0,0,0
0,0,0
0,0,0
0,0,0
0,0,0
0,0,0
0,0,0
0,0,0
0,0,0
0,0,0
0,0,0
0,0,0
0,0,0
0,0,0
0,0,0
0,0,0
0,0,0
0,0,0
0,0,0
0,0,0
0,0,0
0,0,0
0,0,0
0,0,0
0,0,0
0,0,0
0,0,0
0,0,0
0,0,0
0,0,0
0,0,0
0,0,0
0,0,0
0,0,0
0,0,0
0,0,0
0,0,0
0,0,0
0,0,0
0,0,0
0,0,0
0,0,0
0,0,0
0,0,0
0,0,0
0,0,0
0,0,0
0,0,0
0,0,0
0,0,0
0,0,0
0,0,0
0,0,0
0,0,0
0,0,0
0,0,0
0,0,0
0,0,0
0,0,0
0,0,0
0,0,0
0,0,0
0,0,0
0,0,0
0,0,0
0,0,0
0,0,0
0,0,0
0,0,0
0,0,0
0,0,0
0,0,0
0,0,0
0,0,0
0,0,0
0,0,0
0,0,0
0,0,0
0,0,0
0,0,0
0,0,0
0,0,0
0,0,0
0,0,0
0,0,0
0,0,0
0,0,0
0,0,0
0,0,0
0,0,0
0,0,0
0,0,0
0,0,0
0,0,0
0,0,0
0,0,0
0,0,0
0,0,0
0,0,0
0,0,0
0,0,0
0,0,0
0,0,0
0,0,0
0,0,0
0,0,0
0,0,0
0,0,0
0,0,0
0,0,0
0,0,0
0,0,0
0,0,0
0,0,0
0,0,0
0,0,0
0,0,0
0,0,0
0,0,0
0,0,0
0,0,0
0,0,0
0,0,0
0,0,0
0,0,0
0,0,0
0,0,0
0,0,0
0,0,0
0,0,0
0,0,0
0,0,0
0,0,0
0,0,0
0,0,0
0,0,0
0,0,0
0,0,0
0,0,0
0,0,0
0,0,0
0,0,0
0,0,0
0,0,0
0,0,0
0,0,0
0,0,0
0,0,0
0,0,0
0,0,0
0,0,0
0,0,0
0,0,0
0,0,0
0,0,0
0,0,0
0,0,0
0,0,0
0,0,0
0,0,0
0,0,0
0,0,0
0,0,0
0,0,0
0,0,0
0,0,0
0,0,0
0,0,0
0,0,0
0,0,0
0,0,0
0,0,0
0,0,0
0,0,0
0,0,0
0,0,0
0,0,0
0,0,0
0,0,0
0,0,0
0,0,0
0,0,0
0,0,0
0,0,0
0,0,0
0,0,0
0,0,0
0,0,0
0,0,0
0,0,0
0,0,0
0,0,0
0,0,0
0,0,0
0,0,0
0,0,0
0,0,0
0,0,0
0,0,0
0,0,0
0,0,0
0,0,0
0,0,0
0,0,0
0,0,0
0,0,0
0,0,0
0,0,0
0,0,0
0,0,0
0,0,0
0,0,0
0,0,0
0,0,0
0,0,0
0,0,0
0,0,0
0,0,0
0,0,0
0,0,0
0,0,0
0,0,0
0,0,0
0,0,0
0,0,0
0,0,0
0,0,0
0,0,0
0,0,0
0,0,0
0,0,0
0,0,0
0,0,0
0,0,0
0,0,0
0,0,0
0,0,0
0,0,0
0,0,0
0,0,0
0,0,0
0,0,0
0,0,0
0,0,0
0,0,0
0,0,0
0,0,0
0,0,0
0,0,0
0,0,0
0,0,0
0,0,0
0,0,0
0,0,0
0,0,0
0,0,0
0,0,0
0,0,0
0,0,0
0,0,0
0,0,0
0,0,0
0,0,0
0,0,0
0,0,0
0,0,0
0,0,0
0,0,0
0,0,0
0,0,0
0,0,0
0,0,0
0,0,0
0,0,0
0,0,0
0,0,0
0,0,0
0,0,0
0,0,0
0,0,0
0,0,0
0,0,0
0,0,0
0,0,0
0,0,0
0,0,0
0,0,0
0,0,0
0,0,0
0,0,0
0,0,0
0,0,0
0,0,0
0,0,0
0,0,0
0,0,0
0,0,0
0,0,0
0,0,0
0,0,0
0,0,0
0,0,0
0,0,0
0,0,0
0,0,0
0,0,0
0,0,0
0,0,0
0,0,0
0,0,0
0,0,0
0,0,0
0,0,0
0,0,0
0,0,0
0,0,0
0,0,0
0,0,0
0,0,0
0,0,0
0,0,0
0,0,0
0,0,0
0,0,0
0,0,0
0,0,0
0,0,0
0,0,0
0,0,0
0,0,0
0,0,0
0,0,0
0,0,0
0,0,0
0,0,0
0,0,0
0,0,0
0,0,0
0,0,0
0,0,0
0,0,0
0,0,0
0,0,0
0,0,0
0,0,0
0,0,0
0,0,0
0,0,0
0,0,0
0,0,0
0,0,0
0,0,0
0,0,0
0,0,0
0,0,0
0,0,0
0,0,0
0,0,0
0,0,0
0,0,0
0,0,0
0,0,0
0,0,0
0,0,0
0,0,0
0,0,0
0,0,0
0,0,0
0,0,0
0,0,0
0,0,0
0,0,0
0,0,0
0,0,0
0,0,0
0,0,0
0,0,0
0,0,0
0,0,0
0,0,0
0,0,0
0,0,0
0,0,0
0,0,0
0,0,0
0,0,0
0,0,0
0,0,0
0,0,0
0,0,0
0,0,0
0,0,0
0,0,0
0,0,0
0,0,0
0,0,0
0,0,0
0,0,0
0,0,0
0,0,0
0,0,0
0,0,0
0,0,0
0,0,0
0,0,0
0,0,0
0,0,0
0,0,0
0,0,0
0,0,0
0,0,0
0,0,0
0,0,0
0,0,0
0,0,0
0,0,0
0,0,0
0,0,0
0,0,0
0,0,0
0,0,0
0,0,0
0,0,0
0,0,0
0,0,0
0,0,0
0,0,0
0,0,0
0,0,0
0,0,0
0,0,0
0,0,0
0,0,0
0,0,0
0,0,0
0,0,0
0,0,0
0,0,0
0,0,0
0,0,0
0,0,0
0,0,0
0,0,0
0,0,0
0,0,0
0,0,0
0,0,0
0,0,0
0,0,0
0,0,0
0,0,0
0,0,0
0,0,0
0,0,0
0,0,0
0,0,0
0,0,0
0,0,0
0,0,0
0,0,0
0,0,0
0,0,0
0,0,0
0,0,0
0,0,0
0,0,0
0,0,0
0,0,0
0,0,0
0,0,0
0,0,0
0,0,0
0,0,0
0,0,0
0,0,0
0,0,0
0,0,0
0,0,0
0,0,0
0,0,0
0,0,0
0,0,0
0,0,0
0,0,0
0,0,0
0,0,0
0,0,0
0,0,0
0,0,0
0,0,0
0,0,0
0,0,0
0,0,0
0,0,0
0,0,0
0,0,0
0,0,0
0,0,0
0,0,0
0,0,0
0,0,0
0,0,0
0,0,0
0,0,0
0,0,0
0,0,0
0,0,0
0,0,0
0,0,0
0,0,0
0,0,0
0,0,0
0,0,0
0,0,0
0,0,0
0,0,0
0,0,0
0,0,0
0,0,0
0,0,0
0,0,0
0,0,0
0,0,0
0,0,0
0,0,0
0,0,0
0,0,0
0,0,0
0,0,0
0,0,0
0,0,0
0,0,0
0,0,0
0,0,0
0,0,0
0,0,0
0,0,0
0,0,0
0,0,0
0,0,0
0,0,0
0,0,0
0,0,0
0,0,0
0,0,0
0,0,0
0,0,0
0,0,0
0,0,0
0,0,0
0,0,0
0,0,0
0,0,0
0,0,0
0,0,0
0,0,0
0,0,0
0,0,0
0,0,0
0,0,0
0,0,0
0,0,0
0,0,0
0,0,0
0,0,0
0,0,0
0,0,0
0,0,0
0,0,0
0,0,0
0,0,0
0,0,0
0,0,0
0,0,0
0,0,0
0,0,0
0,0,0
0,0,0
0,0,0
0,0,0
0,0,0
0,0,0
0,0,0
0,0,0
0,0,0
0,0,0
0,0,0
0,0,0
0,0,0
0,0,0
0,0,0
0,0,0
0,0,0
0,0,0
0,0,0
0,0,0
0,0,0
0,0,0
0,0,0
0,0,0
0,0,0
0,0,0
0,0,0
0,0,0
0,0,0
0,0,0
0,0,0
0,0,0
0,0,0
0,0,0
0,0,0
0,0,0
0,0,0
0,0,0
0,0,0
0,0,0
0,0,0
0,0,0
0,0,0
0,0,0
0,0,0
0,0,0
0,0,0
0,0,0
0,0,0
0,0,0
0,0,0
0,0,0
0,0,0
0,0,0
0,0,0
0,0,0
0,0,0
0,0,0
0,0,0
0,0,0
0,0,0
0,0,0
0,0,0
0,0,0
0,0,0
0,0,0
0,0,0
0,0,0
0,0,0
0,0,0
0,0,0
0,0,0
0,0,0
0,0,0
0,0,0
0,0,0
0,0,0
0,0,0
0,0,0
0,0,0
0,0,0
0,0,0
0,0,0
0,0,0
0,0,0
0,0,0
0,0,0
0,0,0
0,0,0
0,0,0
0,0,0
0,0,0
0,0,0
0,0,0
0,0,0
0,0,0
0,0,0
0,0,0
0,0,0
0,0,0
0,0,0
0,0,0
0,0,0
0,0,0
0,0,0
0,0,0
0,0,0
0,0,0
0,0,0
0,0,0
0,0,0
0,0,0
0,0,0
0,0,0
0,0,0
0,0,0
0,0,0
0,0,0
0,0,0
0,0,0
0,0,0
0,0,0
0,0,0
0,0,0
0,0,0
0,0,0
0,0,0
0,0,0
0,0,0
0,0,0
0,0,0
0,0,0
0,0,0
0,0,0
0,0,0
0,0,0
0,0,0
0,0,0
0,0,0
0,0,0
0,0,0
0,0,0
0,0,0
0,0,0
0,0,0
0,0,0
0,0,0
0,0,0
0,0,0
0,0,0
0,0,0
0,0,0
0,0,0
0,0,0
0,0,0
0,0,0
0,0,0
0,0,0
0,0,0
0,0,0
0,0,0
0,0,0
0,0,0
0,0,0
0,0,0
0,0,0
0,0,0
0,0,0
0,0,0
0,0,0
0,0,0
0,0,0
0,0,0
0,0,0
0,0,0
0,0,0
0,0,0
0,0,0
0,0,0
0,0,0
0,0,0
0,0,0
0,0,0
0,0,0
0,0,0
0,0,0
0,0,0
0,0,0
0,0,0
0,0,0
0,0,0
0,0,0
0,0,0
0,0,0
0,0,0
0,0,0
0,0,0
0,0,0
0,0,0
0,0,0
0,0,0
0,0,0
0,0,0
0,0,0
0,0,0
0,0,0
0,0,0
0,0,0
0,0,0
0,0,0
0,0,0
0,0,0
0,0,0
0,0,0
0,0,0
0,0,0
0,0,0
0,0,0
0,0,0
0,0,0
0,0,0
0,0,0
0,0,0
0,0,0
0,0,0
0,0,0
0,0,0
0,0,0
0,0,0
0,0,0
0,0,0
0,0,0
0,0,0
0,0,0
0,0,0
0,0,0
0,0,0
0,0,0
0,0,0
0,0,0
0,0,0
0,0,0
0,0,0
0,0,0
0,0,0
0,0,0
0,0,0
0,0,0
0,0,0
0,0,0
0,0,0
0,0,0
0,0,0
0,0,0
0,0,0
0,0,0
0,0,0
0,0,0
0,0,0
0,0,0
0,0,0
0,0,0
0,0,0
0,0,0
0,0,0
0,0,0
0,0,0
0,0,0
0,0,0
0,0,0
0,0,0
0,0,0
0,0,0
0,0,0
0,0,0
0,0,0
0,0,0
0,0,0
0,0,0
0,0,0
0,0,0
0,0,0
0,0,0
0,0,0
0,0,0
0,0,0
0,0,0
0,0,0
0,0,0
0,0,0
0,0,0
0,0,0
0,0,0
0,0,0
0,0,0
0,0,0
0,0,0
0,0,0
0,0,0
0,0,0
0,0,0
0,0,0
0,0,0
0,0,0
0,0,0
0,0,0
0,0,0
0,0,0
0,0,0
0,0,0
0,0,0
0,0,0
0,0,0
0,0,0
0,0,0
0,0,0
0,0,0
0,0,0
0,0,0
0,0,0
0,0,0
0,0,0
0,0,0
0,0,0
0,0,0
0,0,0
0,0,0
0,0,0
0,0,0
0,0,0
0,0,0
0,0,0
0,0,0
0,0,0
0,0,0
0,0,0
0,0,0
0,0,0
0,0,0
0,0,0
0,0,0
0,0,0
0,0,0
0,0,0
0,0,0
0,0,0
0,0,0
0,0,0
0,0,0
0,0,0
0,0,0
0,0,0
0,0,0
0,0,0
0,0,0
0,0,0
0,0,0
0,0,0
0,0,0
0,0,0
0,0,0
0,0,0
0,0,0
0,0,0
0,0,0
0,0,0
0,0,0
0,0,0
0,0,0
0,0,0
0,0,0
0,0,0
0,0,0
0,0,0
0,0,0
0,0,0
0,0,0
0,0,0
0,0,0
0,0,0
0,0,0
0,0,0
0,0,0
0,0,0
0,0,0
0,0,0
0,0,0
0,0,0
0,0,0
0,0,0
0,0,0
0,0,0
0,0,0
0,0,0
0,0,0
0,0,0
0,0,0
0,0,0
0,0,0
0,0,0
0,0,0
0,0,0
0,0,0
0,0,0
0,0,0
0,0,0
0,0,0
0,0,0
0,0,0
0,0,0
0,0,0
0,0,0
0,0,0
0,0,0
0,0,0
0,0,0
0,0,0
0,0,0
0,0,0
0,0,0
0,0,0
0,0,0
0,0,0
0,0,0
0,0,0
0,0,0
0,0,0
0,0,0
0,0,0
0,0,0
0,0,0
0,0,0
0,0,0
0,0,0
0,0,0
0,0,0
0,0,0
0,0,0
0,0,0
0,0,0
0,0,0
0,0,0
0,0,0
0,0,0
0,0,0
0,0,0
0,0,0
0,0,0
0,0,0
0,0,0
0,0,0
0,0,0
0,0,0
0,0,0
0,0,0
0,0,0
0,0,0
0,0,0
0,0,0
0,0,0
0,0,0
0,0,0
0,0,0
0,0,0
0,0,0
0,0,0
0,0,0
0,0,0
0,0,0
0,0,0
0,0,0
0,0,0
0,0,0
0,0,0
0,0,0
0,0,0
0,0,0
0,0,0
0,0,0
0,0,0
0,0,0
0,0,0
0,0,0
0,0,0
0,0,0
0,0,0
0,0,0
0,0,0
0,0,0
0,0,0
0,0,0
0,0,0
0,0,0
0,0,0
0,0,0
0,0,0
0,0,0
0,0,0
0,0,0
0,0,0
0,0,0
0,0,0
0,0,0
0,0,0
0,0,0
0,0,0
0,0,0
0,0,0
0,0,0
0,0,0
0,0,0
0,0,0
0,0,0
0,0,0
0,0,0
0,0,0
0,0,0
0,0,0
0,0,0
0,0,0
0,0,0
0,0,0
0,0,0
0,0,0
0,0,0
0,0,0
0,0,0
0,0,0
0,0,0
0,0,0
0,0,0
0,0,0
0,0,0
0,0,0
0,0,0
0,0,0
0,0,0
0,0,0
0,0,0
0,0,0
0,0,0
0,0,0
0,0,0
0,0,0
0,0,0
0,0,0
0,0,0
0,0,0
0,0,0
0,0,0
0,0,0
0,0,0
0,0,0
0,0,0
0,0,0
0,0,0
0,0,0
0,0,0
0,0,0
0,0,0
0,0,0
0,0,0
0,0,0
0,0,0
0,0,0
0,0,0
0,0,0
0,0,0
0,0,0
0,0,0
0,0,0
0,0,0
0,0,0
0,0,0
0,0,0
0,0,0
0,0,0
0,0,0
0,0,0
0,0,0
0,0,0
0,0,0
0,0,0
0,0,0
0,0,0
0,0,0
0,0,0
0,0,0
0,0,0
0,0,0
0,0,0
0,0,0
0,0,0
0,0,0
0,0,0
0,0,0
0,0,0
0,0,0
0,0,0
0,0,0
0,0,0
0,0,0
0,0,0
0,0,0
0,0,0
0,0,0
0,0,0
0,0,0
0,0,0
0,0,0
0,0,0
0,0,0
0,0,0
0,0,0
0,0,0
0,0,0
0,0,0
0,0,0
0,0,0
0,0,0
0,0,0
0,0,0
0,0,0
0,0,0
0,0,0
0,0,0
0,0,0
0,0,0
0,0,0
0,0,0
0,0,0
0,0,0
0,0,0
0,0,0
0,0,0
0,0,0
0,0,0
0,0,0
0,0,0
0,0,0
0,0,0
0,0,0
0,0,0
0,0,0
0,0,0
0,0,0
0,0,0
0,0,0
0,0,0
0,0,0
0,0,0
0,0,0
0,0,0
0,0,0
0,0,0
0,0,0
0,0,0
0,0,0
0,0,0
0,0,0
0,0,0
0,0,0
0,0,0
0,0,0
0,0,0
0,0,0
0,0,0
0,0,0
0,0,0
0,0,0
0,0,0
0,0,0
0,0,0
0,0,0
0,0,0
0,0,0
0,0,0
0,0,0
0,0,0
0,0,0
0,0,0
0,0,0
0,0,0
0,0,0
0,0,0
0,0,0
0,0,0
0,0,0
0,0,0
0,0,0
0,0,0
0,0,0
0,0,0
0,0,0
0,0,0
0,0,0
0,0,0
0,0,0
0,0,0
0,0,0
0,0,0
0,0,0
0,0,0
0,0,0
0,0,0
0,0,0
0,0,0
0,0,0
0,0,0
0,0,0
0,0,0
0,0,0
0,0,0
0,0,0
0,0,0
0,0,0
0,0,0
0,0,0
0,0,0
0,0,0
0,0,0
0,0,0
0,0,0
0,0,0
0,0,0
0,0,0
0,0,0
0,0,0
0,0,0
0,0,0
0,0,0
0,0,0
0,0,0
0,0,0
0,0,0
0,0,0
0,0,0
0,0,0
0,0,0
0,0,0
0,0,0
0,0,0
0,0,0
0,0,0
0,0,0
0,0,0
0,0,0
0,0,0
0,0,0
0,0,0
0,0,0
0,0,0
0,0,0
0,0,0
0,0,0
0,0,0
0,0,0
0,0,0
0,0,0
0,0,0
0,0,0
0,0,0
0,0,0
0,0,0
0,0,0
0,0,0
0,0,0
0,0,0
0,0,0
0,0,0
0,0,0
0,0,0
0,0,0
0,0,0
0,0,0
0,0,0
0,0,0
0,0,0
0,0,0
0,0,0
0,0,0
0,0,0
0,0,0
0,0,0
0,0,0
0,0,0
0,0,0
0,0,0
0,0,0
0,0,0
0,0,0
0,0,0
0,0,0
0,0,0
0,0,0
0,0,0
0,0,0
0,0,0
0,0,0
0,0,0
0,0,0
0,0,0
0,0,0
0,0,0
0,0,0
0,0,0
0,0,0
0,0,0
0,0,0
0,0,0
0,0,0
0,0,0
0,0,0
0,0,0
0,0,0
0,0,0
0,0,0
0,0,0
0,0,0
0,0,0
0,0,0
0,0,0
0,0,0
0,0,0
0,0,0
0,0,0
0,0,0
0,0,0
0,0,0
0,0,0
0,0,0
0,0,0
0,0,0
0,0,0
0,0,0
0,0,0
0,0,0
0,0,0
0,0,0
0,0,0
0,0,0
0,0,0
0,0,0
0,0,0
0,0,0
0,0,0
0,0,0
0,0,0
0,0,0
0,0,0
0,0,0
0,0,0
0,0,0
0,0,0
0,0,0
0,0,0
0,0,0
0,0,0
0,0,0
0,0,0
0,0,0
0,0,0
0,0,0
0,0,0
0,0,0
0,0,0
0,0,0
0,0,0
0,0,0
0,0,0
0,0,0
0,0,0
0,0,0
0,0,0
0,0,0
0,0,0
0,0,0
0,0,0
0,0,0
0,0,0
0,0,0
0,0,0
0,0,0
0,0,0
0,0,0
0,0,0
0,0,0
0,0,0
0,0,0
0,0,0
0,0,0
0,0,0
0,0,0
0,0,0
0,0,0
0,0,0
0,0,0
0,0,0
0,0,0
0,0,0
0,0,0
0,0,0
0,0,0
0,0,0
0,0,0
0,0,0
0,0,0
0,0,0
0,0,0
0,0,0
0,0,0
0,0,0
0,0,0
0,0,0
0,0,0
0,0,0
0,0,0
0,0,0
0,0,0
0,0,0
0,0,0
0,0,0
0,0,0
0,0,0
0,0,0
0,0,0
0,0,0
0,0,0
0,0,0
0,0,0
0,0,0
0,0,0
0,0,0
0,0,0
0,0,0
0,0,0
0,0,0
0,0,0
0,0,0
0,0,0
0,0,0
0,0,0
0,0,0
0,0,0
0,0,0
0,0,0
0,0,0
0,0,0
0,0,0
0,0,0
0,0,0
0,0,0
0,0,0
0,0,0
0,0,0
0,0,0
0,0,0
0,0,0
0,0,0
0,0,0
0,0,0
0,0,0
0,0,0
0,0,0
0,0,0
0,0,0
0,0,0
0,0,0
0,0,0
0,0,0
0,0,0
0,0,0
0,0,0
0,0,0
0,0,0
0,0,0
0,0,0
0,0,0
0,0,0
0,0,0
0,0,0
0,0,0
0,0,0
0,0,0
0,0,0
0,0,0
0,0,0
0,0,0
0,0,0
0,0,0
0,0,0
0,0,0
0,0,0
0,0,0
0,0,0
0,0,0
0,0,0
0,0,0
0,0,0
0,0,0
0,0,0
0,0,0
0,0,0
0,0,0
0,0,0
0,0,0
0,0,0
0,0,0
0,0,0
0,0,0
0,0,0
0,0,0
0,0,0
0,0,0
0,0,0
0,0,0
0,0,0
0,0,0
0,0,0
0,0,0
0,0,0
0,0,0
0,0,0
0,0,0
0,0,0
0,0,0
0,0,0
0,0,0
0,0,0
0,0,0
0,0,0
0,0,0
0,0,0
0,0,0
0,0,0
0,0,0
0,0,0
0,0,0
0,0,0
0,0,0
0,0,0
0,0,0
0,0,0
0,0,0
0,0,0
0,0,0
0,0,0
0,0,0
0,0,0
0,0,0
0,0,0
0,0,0
0,0,0
0,0,0
0,0,0
0,0,0
0,0,0
0,0,0
0,0,0
0,0,0
0,0,0
0,0,0
0,0,0
0,0,0
0,0,0
0,0,0
0,0,0
0,0,0
0,0,0
0,0,0
0,0,0
0,0,0
0,0,0
0,0,0
0,0,0
0,0,0
0,0,0
0,0,0
0,0,0
0,0,0
0,0,0
0,0,0
0,0,0
0,0,0
0,0,0
0,0,0
0,0,0
0,0,0
0,0,0
0,0,0
0,0,0
0,0,0
0,0,0
0,0,0
0,0,0
0,0,0
0,0,0
0,0,0
0,0,0
0,0,0
0,0,0
0,0,0
0,0,0
0,0,0
0,0,0
0,0,0
0,0,0
0,0,0
0,0,0
0,0,0
0,0,0
0,0,0
0,0,0
0,0,0
0,0,0
0,0,0
0,0,0
0,0,0
0,0,0
0,0,0
0,0,0
0,0,0
0,0,0
0,0,0
0,0,0
0,0,0
0,0,0
0,0,0
0,0,0
0,0,0
0,0,0
0,0,0
0,0,0
0,0,0
0,0,0
0,0,0
0,0,0
0,0,0
0,0,0
0,0,0
0,0,0
0,0,0
0,0,0
0,0,0
0,0,0
0,0,0
0,0,0
0,0,0
0,0,0
0,0,0
0,0,0
0,0,0
0,0,0
0,0,0
0,0,0
0,0,0
0,0,0
0,0,0
0,0,0
0,0,0
0,0,0
0,0,0
0,0,0
0,0,0
0,0,0
0,0,0
0,0,0
0,0,0
0,0,0
0,0,0
0,0,0
0,0,0
0,0,0
0,0,0
0,0,0
0,0,0
0,0,0
0,0,0
0,0,0
0,0,0
0,0,0
0,0,0
0,0,0
0,0,0
0,0,0
0,0,0
0,0,0
0,0,0
0,0,0
0,0,0
0,0,0
0,0,0
0,0,0
0,0,0
0,0,0
0,0,0
0,0,0
0,0,0
0,0,0
0,0,0
0,0,0
0,0,0
0,0,0
0,0,0
0,0,0
0,0,0
0,0,0
0,0,0
0,0,0
0,0,0
0,0,0
0,0,0
0,0,0
0,0,0
0,0,0
0,0,0
0,0,0
0,0,0
0,0,0
0,0,0
0,0,0
0,0,0
0,0,0
0,0,0
0,0,0
0,0,0
0,0,0
0,0,0
0,0,0
0,0,0
0,0,0
0,0,0
0,0,0
0,0,0
0,0,0
0,0,0
0,0,0
0,0,0
0,0,0
0,0,0
0,0,0
0,0,0
0,0,0
0,0,0
0,0,0
0,0,0
0,0,0
0,0,0
0,0,0
0,0,0
0,0,0
0,0,0
0,0,0
0,0,0
0,0,0
0,0,0
0,0,0
0,0,0
0,0,0
0,0,0
0,0,0
0,0,0
0,0,0
0,0,0
0,0,0
0,0,0
0,0,0
0,0,0
0,0,0
0,0,0
0,0,0
0,0,0
0,0,0
0,0,0
0,0,0
0,0,0
0,0,0
0,0,0
0,0,0
0,0,0
0,0,0
0,0,0
0,0,0
0,0,0
0,0,0
0,0,0
0,0,0
0,0,0
0,0,0
0,0,0
0,0,0
0,0,0
0,0,0
0,0,0
0,0,0
0,0,0
0,0,0
0,0,0
0,0,0
0,0,0
0,0,0
0,0,0
0,0,0
0,0,0
0,0,0
0,0,0
0,0,0
0,0,0
0,0,0
0,0,0
0,0,0
0,0,0
0,0,0
0,0,0
0,0,0
0,0,0
0,0,0
0,0,0
0,0,0
0,0,0
0,0,0
0,0,0
0,0,0
0,0,0
0,0,0
0,0,0
0,0,0
0,0,0
0,0,0
0,0,0
0,0,0
0,0,0
0,0,0
0,0,0
0,0,0
0,0,0
0,0,0
0,0,0
0,0,0
0,0,0
0,0,0
0,0,0
0,0,0
0,0,0
0,0,0
0,0,0
0,0,0
0,0,0
0,0,0
0,0,0
0,0,0
0,0,0
0,0,0
0,0,0
0,0,0
0,0,0
0,0,0
0,0,0
0,0,0
0,0,0
0,0,0
0,0,0
0,0,0
0,0,0
0,0,0
0,0,0
0,0,0
0,0,0
0,0,0
0,0,0
0,0,0
0,0,0
0,0,0
0,0,0
0,0,0
0,0,0
0,0,0
0,0,0
0,0,0
0,0,0
0,0,0
0,0,0
0,0,0
0,0,0
0,0,0
0,0,0
0,0,0
0,0,0
0,0,0
0,0,0
0,0,0
0,0,0
0,0,0
0,0,0
0,0,0
0,0,0
0,0,0
0,0,0
0,0,0
0,0,0
0,0,0
0,0,0
0,0,0
0,0,0
0,0,0
0,0,0
0,0,0
0,0,0
0,0,0
0,0,0
0,0,0
0,0,0
0,0,0
0,0,0
0,0,0
0,0,0
0,0,0
0,0,0
0,0,0
0,0,0
0,0,0
0,0,0
0,0,0
0,0,0
0,0,0
0,0,0
0,0,0
0,0,0
0,0,0
0,0,0
0,0,0
0,0,0
0,0,0
0,0,0
0,0,0
0,0,0
0,0,0
0,0,0
0,0,0
0,0,0
0,0,0
0,0,0
0,0,0
0,0,0
0,0,0
0,0,0
0,0,0
0,0,0
0,0,0
0,0,0
0,0,0
0,0,0
0,0,0
0,0,0
0,0,0
0,0,0
0,0,0
0,0,0
0,0,0
0,0,0
0,0,0
0,0,0
0,0,0
0,0,0
0,0,0
0,0,0
0,0,0
0,0,0
0,0,0
0,0,0
0,0,0
0,0,0
0,0,0
0,0,0
0,0,0
0,0,0
0,0,0
0,0,0
0,0,0
0,0,0
0,0,0
0,0,0
0,0,0
0,0,0
0,0,0
0,0,0
0,0,0
0,0,0
0,0,0
0,0,0
0,0,0
0,0,0
0,0,0
0,0,0
0,0,0
0,0,0
0,0,0
0,0,0
0,0,0
0,0,0
0,0,0
0,0,0
0,0,0
0,0,0
0,0,0
0,0,0
0,0,0
0,0,0
0,0,0
0,0,0
0,0,0
0,0,0
0,0,0
0,0,0
0,0,0
0,0,0
0,0,0
0,0,0
0,0,0
0,0,0
0,0,0
0,0,0
0,0,0
0,0,0
0,0,0
0,0,0
0,0,0
0,0,0
0,0,0
0,0,0
0,0,0
0,0,0
0,0,0
0,0,0
0,0,0
0,0,0
0,0,0
0,0,0
0,0,0
0,0,0
0,0,0
0,0,0
0,0,0
0,0,0
0,0,0
0,0,0
0,0,0
0,0,0
0,0,0
0,0,0
0,0,0
0,0,0
0,0,0
0,0,0
0,0,0
0,0,0
0,0,0
0,0,0
0,0,0
0,0,0
0,0,0
0,0,0
0,0,0
0,0,0
0,0,0
0,0,0
0,0,0
0,0,0
0,0,0
0,0,0
0,0,0
0,0,0
0,0,0
0,0,0
0,0,0
0,0,0
0,0,0
0,0,0
0,0,0
0,0,0
0,0,0
0,0,0
0,0,0
0,0,0
0,0,0
0,0,0
0,0,0
0,0,0
0,0,0
0,0,0
0,0,0
0,0,0
0,0,0
0,0,0
0,0,0
0,0,0
0,0,0
0,0,0
0,0,0
0,0,0
0,0,0
0,0,0
0,0,0
0,0,0
0,0,0
0,0,0
0,0,0
0,0,0
0,0,0
0,0,0
0,0,0
0,0,0
0,0,0
0,0,0
0,0,0
0,0,0
0,0,0
0,0,0
0,0,0
0,0,0
0,0,0
0,0,0
0,0,0
0,0,0
0,0,0
0,0,0
0,0,0
0,0,0
0,0,0
0,0,0
0,0,0
0,0,0
0,0,0
0,0,0
0,0,0
0,0,0
0,0,0
0,0,0
0,0,0
0,0,0
0,0,0
0,0,0
0,0,0
0,0,0
0,0,0
0,0,0
0,0,0
0,0,0
0,0,0
0,0,0
0,0,0
0,0,0
0,0,0
0,0,0
0,0,0
0,0,0
0,0,0
0,0,0
0,0,0
0,0,0
0,0,0
0,0,0
0,0,0
0,0,0
0,0,0
0,0,0
0,0,0
0,0,0
0,0,0
0,0,0
0,0,0
0,0,0
0,0,0
0,0,0
0,0,0
0,0,0
0,0,0
0,0,0
0,0,0
0,0,0
0,0,0
0,0,0
0,0,0
0,0,0
0,0,0
0,0,0
0,0,0
0,0,0
0,0,0
0,0,0
0,0,0
0,0,0
0,0,0
0,0,0
0,0,0
0,0,0
0,0,0
0,0,0
0,0,0
0,0,0
0,0,0
0,0,0
0,0,0
0,0,0
0,0,0
0,0,0
0,0,0
0,0,0
0,0,0
0,0,0
0,0,0
0,0,0
0,0,0
0,0,0
0,0,0
0,0,0
0,0,0
0,0,0
0,0,0
0,0,0
0,0,0
0,0,0
0,0,0
0,0,0
0,0,0
0,0,0
0,0,0
0,0,0
0,0,0
0,0,0
0,0,0
0,0,0
0,0,0
0,0,0
0,0,0
0,0,0
0,0,0
0,0,0
0,0,0
0,0,0
0,0,0
0,0,0
0,0,0
0,0,0
0,0,0
0,0,0
0,0,0
0,0,0
0,0,0
0,0,0
0,0,0
0,0,0
0,0,0
0,0,0
0,0,0
0,0,0
0,0,0
0,0,0
0,0,0
0,0,0
0,0,0
0,0,0
0,0,0
0,0,0
0,0,0
0,0,0
0,0,0
0,0,0
0,0,0
0,0,0
0,0,0
0,0,0
0,0,0
0,0,0
0,0,0
0,0,0
0,0,0
0,0,0
0,0,0
0,0,0
0,0,0
0,0,0
0,0,0
0,0,0
0,0,0
0,0,0
0,0,0
0,0,0
0,0,0
0,0,0
0,0,0
0,0,0
0,0,0
0,0,0
0,0,0
0,0,0
0,0,0
0,0,0
0,0,0
0,0,0
0,0,0
0,0,0
0,0,0
0,0,0
0,0,0
0,0,0
0,0,0
0,0,0
0,0,0
0,0,0
0,0,0
0,0,0
0,0,0
0,0,0
0,0,0
0,0,0
0,0,0
0,0,0
0,0,0
0,0,0
0,0,0
0,0,0
0,0,0
0,0,0
0,0,0
0,0,0
0,0,0
0,0,0
0,0,0
0,0,0
0,0,0
0,0,0
0,0,0
0,0,0
0,0,0
0,0,0
0,0,0
0,0,0
0,0,0
0,0,0
0,0,0
0,0,0
0,0,0
0,0,0
0,0,0
0,0,0
0,0,0
0,0,0
0,0,0
0,0,0
0,0,0
0,0,0
0,0,0
0,0,0
0,0,0
0,0,0
0,0,0
0,0,0
0,0,0
0,0,0
0,0,0
0,0,0
0,0,0
0,0,0
0,0,0
0,0,0
0,0,0
0,0,0
0,0,0
0,0,0
0,0,0
0,0,0
0,0,0
0,0,0
0,0,0
0,0,0
0,0,0
0,0,0
0,0,0
0,0,0
0,0,0
0,0,0
0,0,0
0,0,0
0,0,0
0,0,0
0,0,0
0,0,0
0,0,0
0,0,0
0,0,0
0,0,0
0,0,0
0,0,0
0,0,0
0,0,0
0,0,0
0,0,0
0,0,0
0,0,0
0,0,0
0,0,0
0,0,0
0,0,0
0,0,0
0,0,0
0,0,0
0,0,0
0,0,0
0,0,0
0,0,0
0,0,0
0,0,0
0,0,0
0,0,0
0,0,0
0,0,0
0,0,0
0,0,0
0,0,0
0,0,0
0,0,0
0,0,0
0,0,0
0,0,0
0,0,0
0,0,0
0,0,0
0,0,0
0,0,0
0,0,0
0,0,0
0,0,0
0,0,0
0,0,0
0,0,0
0,0,0
0,0,0
0,0,0
0,0,0
0,0,0
0,0,0
0,0,0
0,0,0
0,0,0
0,0,0
0,0,0
0,0,0
0,0,0
0,0,0
0,0,0
0,0,0
0,0,0
0,0,0
0,0,0
0,0,0
0,0,0
0,0,0
0,0,0
0,0,0
0,0,0
0,0,0
0,0,0
0,0,0
0,0,0
0,0,0
0,0,0
0,0,0
0,0,0
0,0,0
0,0,0
0,0,0
0,0,0
0,0,0
0,0,0
0,0,0
0,0,0
0,0,0
0,0,0
0,0,0
0,0,0
0,0,0
0,0,0
0,0,0
0,0,0
0,0,0
0,0,0
0,0,0
0,0,0
0,0,0
0,0,0
0,0,0
0,0,0
0,0,0
0,0,0
0,0,0
0,0,0
0,0,0
0,0,0
0,0,0
0,0,0
0,0,0
0,0,0
0,0,0
0,0,0
0,0,0
0,0,0
0,0,0
0,0,0
0,0,0
0,0,0
0,0,0
0,0,0
0,0,0
0,0,0
0,0,0
0,0,0
0,0,0
0,0,0
0,0,0
0,0,0
0,0,0
0,0,0
0,0,0
0,0,0
0,0,0
0,0,0
0,0,0
0,0,0
0,0,0
0,0,0
0,0,0
0,0,0
0,0,0
0,0,0
0,0,0
0,0,0
0,0,0
0,0,0
0,0,0
0,0,0
0,0,0
0,0,0
0,0,0
0,0,0
0,0,0
0,0,0
0,0,0
0,0,0
0,0,0
0,0,0
0,0,0
0,0,0
0,0,0
0,0,0
0,0,0
0,0,0
0,0,0
0,0,0
0,0,0
0,0,0
0,0,0
0,0,0
0,0,0
0,0,0
0,0,0
0,0,0
0,0,0
0,0,0
0,0,0
0,0,0
0,0,0
0,0,0
0,0,0
0,0,0
0,0,0
0,0,0
0,0,0
0,0,0
0,0,0
0,0,0
0,0,0
0,0,0
0,0,0
0,0,0
0,0,0
0,0,0
0,0,0
0,0,0
0,0,0
0,0,0
0,0,0
0,0,0
0,0,0
0,0,0
0,0,0
0,0,0
0,0,0
0,0,0
0,0,0
0,0,0
0,0,0
0,0,0
0,0,0
0,0,0
0,0,0
0,0,0
0,0,0
0,0,0
0,0,0
0,0,0
0,0,0
0,0,0
0,0,0
0,0,0
0,0,0
0,0,0
0,0,0
0,0,0
0,0,0
0,0,0
0,0,0
0,0,0
0,0,0
0,0,0
0,0,0
0,0,0
0,0,0
0,0,0
0,0,0
0,0,0
0,0,0
0,0,0
0,0,0
0,0,0
0,0,0
0,0,0
0,0,0
0,0,0
0,0,0
0,0,0
0,0,0
0,0,0
0,0,0
0,0,0
0,0,0
0,0,0
0,0,0
0,0,0
0,0,0
0,0,0
0,0,0
0,0,0
0,0,0
0,0,0
0,0,0
0,0,0
0,0,0
0,0,0
0,0,0
0,0,0
0,0,0
0,0,0
0,0,0
0,0,0
0,0,0
0,0,0
0,0,0
0,0,0
0,0,0
0,0,0
0,0,0
0,0,0
0,0,0
0,0,0
0,0,0
0,0,0
0,0,0
0,0,0
0,0,0
0,0,0
0,0,0
0,0,0
0,0,0
0,0,0
0,0,0
0,0,0
0,0,0
0,0,0
0,0,0
0,0,0
0,0,0
0,0,0
0,0,0
0,0,0
0,0,0
0,0,0
0,0,0
0,0,0
0,0,0
0,0,0
0,0,0
0,0,0
0,0,0
0,0,0
0,0,0
0,0,0
0,0,0
0,0,0
0,0,0
0,0,0
0,0,0
0,0,0
0,0,0
0,0,0
0,0,0
0,0,0
0,0,0
0,0,0
0,0,0
0,0,0
0,0,0
0,0,0
0,0,0
0,0,0
0,0,0
0,0,0
0,0,0
0,0,0
0,0,0
0,0,0
0,0,0
0,0,0
0,0,0
0,0,0
0,0,0
0,0,0
0,0,0
0,0,0
0,0,0
0,0,0
0,0,0
0,0,0
0,0,0
0,0,0
0,0,0
0,0,0
0,0,0
0,0,0
0,0,0
0,0,0
0,0,0
0,0,0
0,0,0
0,0,0
0,0,0
0,0,0
0,0,0
0,0,0
0,0,0
0,0,0
0,0,0
0,0,0
0,0,0
0,0,0
0,0,0
0,0,0
0,0,0
0,0,0
0,0,0
0,0,0
0,0,0
0,0,0
0,0,0
0,0,0
0,0,0
0,0,0
0,0,0
0,0,0
0,0,0
0,0,0
0,0,0
0,0,0
0,0,0
0,0,0
0,0,0
0,0,0
0,0,0
0,0,0
0,0,0
0,0,0
0,0,0
0,0,0
0,0,0
0,0,0
0,0,0
0,0,0
0,0,0
0,0,0
0,0,0
0,0,0
0,0,0
0,0,0
0,0,0
0,0,0
0,0,0
0,0,0
0,0,0
0,0,0
0,0,0
0,0,0
0,0,0
0,0,0
0,0,0
0,0,0
0,0,0
0,0,0
0,0,0
0,0,0
0,0,0
0,0,0
0,0,0
0,0,0
0,0,0
0,0,0
0,0,0
0,0,0
0,0,0
0,0,0
0,0,0
0,0,0
0,0,0
0,0,0
0,0,0
0,0,0
0,0,0
0,0,0
0,0,0
0,0,0
0,0,0
0,0,0
0,0,0
0,0,0
0,0,0
0,0,0
0,0,0
0,0,0
0,0,0
0,0,0
0,0,0
0,0,0
0,0,0
0,0,0
0,0,0
0,0,0
0,0,0
0,0,0
0,0,0
0,0,0
0,0,0
0,0,0
0,0,0
0,0,0
0,0,0
0,0,0
0,0,0
0,0,0
0,0,0
0,0,0
0,0,0
0,0,0
0,0,0
0,0,0
0,0,0
0,0,0
0,0,0
0,0,0
0,0,0
0,0,0
0,0,0
0,0,0
0,0,0
0,0,0
0,0,0
0,0,0
0,0,0
0,0,0
0,0,0
0,0,0
0,0,0
0,0,0
0,0,0
0,0,0
0,0,0
0,0,0
0,0,0
0,0,0
0,0,0
0,0,0
0,0,0
0,0,0
0,0,0
0,0,0
0,0,0
0,0,0
0,0,0
0,0,0
0,0,0
0,0,0
0,0,0
0,0,0
0,0,0
0,0,0
0,0,0
0,0,0
0,0,0
0,0,0
0,0,0
0,0,0
0,0,0
0,0,0
0,0,0
0,0,0
0,0,0
0,0,0
0,0,0
0,0,0
0,0,0
0,0,0
0,0,0
0,0,0
0,0,0
0,0,0
0,0,0
0,0,0
0,0,0
0,0,0
0,0,0
0,0,0
0,0,0
0,0,0
0,0,0
0,0,0
0,0,0
0,0,0
0,0,0
0,0,0
0,0,0
0,0,0
0,0,0
0,0,0
0,0,0
0,0,0
0,0,0
0,0,0
0,0,0
0,0,0
0,0,0
0,0,0
0,0,0
0,0,0
0,0,0
0,0,0
0,0,0
0,0,0
0,0,0
0,0,0
0,0,0
0,0,0
0,0,0
0,0,0
0,0,0
0,0,0
0,0,0
0,0,0
0,0,0
0,0,0
0,0,0
0,0,0
0,0,0
0,0,0
0,0,0
0,0,0
0,0,0
0,0,0
0,0,0
0,0,0
0,0,0
0,0,0
0,0,0
0,0,0
0,0,0
0,0,0
0,0,0
0,0,0
0,0,0
0,0,0
0,0,0
0,0,0
0,0,0
0,0,0
0,0,0
0,0,0
0,0,0
0,0,0
0,0,0
0,0,0
0,0,0
0,0,0
0,0,0
0,0,0
0,0,0
0,0,0
0,0,0
0,0,0
0,0,0
0,0,0
0,0,0
0,0,0
0,0,0
0,0,0
0,0,0
0,0,0
0,0,0
0,0,0
0,0,0
0,0,0
0,0,0
0,0,0
0,0,0
0,0,0
0,0,0
0,0,0
0,0,0
0,0,0
0,0,0
0,0,0
0,0,0
0,0,0
0,0,0
0,0,0
0,0,0
0,0,0
0,0,0
0,0,0
0,0,0
0,0,0
0,0,0
0,0,0
0,0,0
0,0,0
0,0,0
0,0,0
0,0,0
0,0,0
0,0,0
0,0,0
0,0,0
0,0,0
0,0,0
0,0,0
0,0,0
0,0,0
0,0,0
0,0,0
0,0,0
0,0,0
0,0,0
0,0,0
0,0,0
0,0,0
0,0,0
0,0,0
0,0,0
0,0,0
0,0,0
0,0,0
0,0,0
0,0,0
0,0,0
0,0,0
0,0,0
0,0,0
0,0,0
0,0,0
0,0,0
0,0,0
0,0,0
0,0,0
0,0,0
0,0,0
0,0,0
0,0,0
0,0,0
0,0,0
0,0,0
0,0,0
0,0,0
0,0,0
0,0,0
0,0,0
0,0,0
0,0,0
0,0,0
0,0,0
0,0,0
0,0,0
0,0,0
0,0,0
0,0,0
0,0,0
0,0,0
0,0,0
0,0,0
0,0,0
0,0,0
0,0,0
0,0,0
0,0,0
0,0,0
0,0,0
0,0,0
0,0,0
0,0,0
0,0,0
0,0,0
0,0,0
0,0,0
0,0,0
0,0,0
0,0,0
0,0,0
0,0,0
0,0,0
0,0,0
0,0,0
0,0,0
0,0,0
0,0,0
0,0,0
0,0,0
0,0,0
0,0,0
0,0,0
0,0,0
0,0,0
0,0,0
0,0,0
0,0,0
0,0,0
0,0,0
0,0,0
0,0,0
0,0,0
0,0,0
0,0,0
0,0,0
0,0,0
0,0,0
0,0,0
0,0,0
0,0,0
0,0,0
0,0,0
0,0,0
0,0,0
0,0,0
0,0,0
0,0,0
0,0,0
0,0,0
0,0,0
0,0,0
0,0,0
0,0,0
0,0,0
0,0,0
0,0,0
0,0,0
0,0,0
0,0,0
0,0,0
0,0,0
0,0,0
0,0,0
0,0,0
0,0,0
0,0,0
0,0,0
0,0,0
0,0,0
0,0,0
0,0,0
0,0,0
0,0,0
0,0,0
0,0,0
0,0,0
0,0,0
0,0,0
0,0,0
0,0,0
0,0,0
0,0,0
0,0,0
0,0,0
0,0,0
0,0,0
0,0,0
0,0,0
0,0,0
0,0,0
0,0,0
0,0,0
0,0,0
0,0,0
0,0,0
0,0,0
0,0,0
0,0,0
0,0,0
0,0,0
0,0,0
0,0,0
0,0,0
0,0,0
0,0,0
0,0,0
0,0,0
0,0,0
0,0,0
0,0,0
0,0,0
0,0,0
0,0,0
0,0,0
0,0,0
0,0,0
0,0,0
0,0,0
0,0,0
0,0,0
0,0,0
0,0,0
0,0,0
0,0,0
0,0,0
0,0,0
0,0,0
0,0,0
0,0,0
0,0,0
0,0,0
0,0,0
0,0,0
0,0,0
0,0,0
0,0,0
0,0,0
0,0,0
0,0,0
0,0,0
0,0,0
0,0,0
0,0,0
0,0,0
0,0,0
0,0,0
0,0,0
0,0,0
0,0,0
0,0,0
0,0,0
0,0,0
0,0,0
0,0,0
0,0,0
0,0,0
0,0,0
0,0,0
0,0,0
0,0,0
0,0,0
0,0,0
0,0,0
0,0,0
0,0,0
0,0,0
0,0,0
0,0,0
0,0,0
0,0,0
0,0,0
0,0,0
0,0,0
0,0,0
0,0,0
0,0,0
0,0,0
0,0,0
0,0,0
0,0,0
0,0,0
0,0,0
0,0,0
0,0,0
0,0,0
0,0,0
0,0,0
0,0,0
0,0,0
0,0,0
0,0,0
0,0,0
0,0,0
0,0,0
0,0,0
0,0,0
0,0,0
0,0,0
0,0,0
0,0,0
0,0,0
0,0,0
0,0,0
0,0,0
0,0,0
0,0,0
0,0,0
0,0,0
0,0,0
0,0,0
0,0,0
0,0,0
0,0,0
0,0,0
0,0,0
0,0,0
0,0,0
0,0,0
0,0,0
0,0,0
0,0,0
0,0,0
0,0,0
0,0,0
0,0,0
0,0,0
0,0,0
0,0,0
0,0,0
0,0,0
0,0,0
0,0,0
0,0,0
0,0,0
0,0,0
0,0,0
0,0,0
0,0,0
0,0,0
0,0,0
0,0,0
0,0,0
0,0,0
0,0,0
0,0,0
0,0,0
0,0,0
0,0,0
0,0,0
0,0,0
0,0,0
0,0,0
0,0,0
0,0,0
0,0,0
0,0,0
0,0,0
0,0,0
0,0,0
0,0,0
0,0,0
0,0,0
0,0,0
0,0,0
0,0,0
0,0,0
0,0,0
0,0,0
0,0,0
0,0,0
0,0,0
0,0,0
0,0,0
0,0,0
0,0,0
0,0,0
0,0,0
0,0,0
0,0,0
0,0,0
0,0,0
0,0,0
0,0,0
0,0,0
0,0,0
0,0,0
0,0,0
0,0,0
0,0,0
0,0,0
0,0,0
0,0,0
0,0,0
0,0,0
0,0,0
0,0,0
0,0,0
0,0,0
0,0,0
0,0,0
0,0,0
0,0,0
0,0,0
0,0,0
0,0,0
0,0,0
0,0,0
0,0,0
0,0,0
0,0,0
0,0,0
0,0,0
0,0,0
0,0,0
0,0,0
0,0,0
0,0,0
0,0,0
0,0,0
0,0,0
0,0,0
0,0,0
0,0,0
0,0,0
0,0,0
0,0,0
0,0,0
0,0,0
0,0,0
0,0,0
0,0,0
0,0,0
0,0,0
0,0,0
0,0,0
0,0,0
0,0,0
0,0,0
0,0,0
0,0,0
0,0,0
0,0,0
0,0,0
0,0,0
0,0,0
0,0,0
0,0,0
0,0,0
0,0,0
0,0,0
0,0,0
0,0,0
0,0,0
0,0,0
0,0,0
0,0,0
0,0,0
0,0,0
0,0,0
0,0,0
0,0,0
0,0,0
0,0,0
0,0,0
0,0,0
0,0,0
0,0,0
0,0,0
0,0,0
0,0,0
0,0,0
0,0,0
0,0,0
0,0,0
0,0,0
0,0,0
0,0,0
0,0,0
0,0,0
0,0,0
0,0,0
0,0,0
0,0,0
0,0,0
0,0,0
0,0,0
0,0,0
0,0,0
0,0,0
0,0,0
0,0,0
0,0,0
0,0,0
0,0,0
0,0,0
0,0,0
0,0,0
0,0,0
0,0,0
0,0,0
0,0,0
0,0,0
0,0,0
0,0,0
0,0,0
0,0,0
0,0,0
0,0,0
0,0,0
0,0,0
0,0,0
0,0,0
0,0,0
0,0,0
0,0,0
0,0,0
0,0,0
0,0,0
0,0,0
0,0,0
0,0,0
0,0,0
0,0,0
0,0,0
0,0,0
0,0,0
0,0,0
0,0,0
0,0,0
0,0,0
0,0,0
0,0,0
0,0,0
0,0,0
0,0,0
0,0,0
0,0,0
0,0,0
0,0,0
0,0,0
0,0,0
0,0,0
0,0,0
0,0,0
0,0,0
0,0,0
0,0,0
0,0,0
0,0,0
0,0,0
0,0,0
0,0,0
0,0,0
0,0,0
0,0,0
0,0,0
0,0,0
0,0,0
0,0,0
0,0,0
0,0,0
0,0,0
0,0,0
0,0,0
0,0,0
0,0,0
0,0,0
0,0,0
0,0,0
0,0,0
0,0,0
0,0,0
0,0,0
0,0,0
0,0,0
0,0,0
0,0,0
0,0,0
0,0,0
0,0,0
0,0,0
0,0,0
0,0,0
0,0,0
0,0,0
0,0,0
0,0,0
0,0,0
0,0,0
0,0,0
0,0,0
0,0,0
0,0,0
0,0,0
0,0,0
0,0,0
0,0,0
0,0,0
0,0,0
0,0,0
0,0,0
0,0,0
0,0,0
0,0,0
0,0,0
0,0,0
0,0,0
0,0,0
0,0,0
0,0,0
0,0,0
0,0,0
0,0,0
0,0,0
0,0,0
0,0,0
0,0,0
0,0,0
0,0,0
0,0,0
0,0,0
0,0,0
0,0,0
0,0,0
0,0,0
0,0,0
0,0,0
0,0,0
0,0,0
0,0,0
0,0,0
0,0,0
0,0,0
0,0,0
0,0,0
0,0,0
0,0,0
0,0,0
0,0,0
0,0,0
0,0,0
0,0,0
0,0,0
0,0,0
0,0,0
0,0,0
0,0,0
0,0,0
0,0,0
0,0,0
0,0,0
0,0,0
0,0,0
0,0,0
0,0,0
0,0,0
0,0,0
0,0,0
0,0,0
0,0,0
0,0,0
0,0,0
0,0,0
0,0,0
0,0,0
0,0,0
0,0,0
0,0,0
0,0,0
0,0,0
0,0,0
0,0,0
0,0,0
0,0,0
0,0,0
0,0,0
0,0,0
0,0,0
0,0,0
0,0,0
0,0,0
0,0,0
0,0,0
0,0,0
0,0,0
0,0,0
0,0,0
0,0,0
0,0,0
0,0,0
0,0,0
0,0,0
0,0,0
0,0,0
0,0,0
0,0,0
0,0,0
0,0,0
0,0,0
0,0,0
0,0,0
0,0,0
0,0,0
0,0,0
0,0,0
0,0,0
0,0,0
0,0,0
0,0,0
0,0,0
0,0,0
0,0,0
0,0,0
0,0,0
0,0,0
0,0,0
0,0,0
0,0,0
0,0,0
0,0,0
0,0,0
0,0,0
0,0,0
0,0,0
0,0,0
0,0,0
0,0,0
0,0,0
0,0,0
0,0,0
0,0,0
0,0,0
0,0,0
0,0,0
0,0,0
0,0,0
0,0,0
0,0,0
0,0,0
0,0,0
0,0,0
0,0,0
0,0,0
0,0,0
0,0,0
0,0,0
0,0,0
0,0,0
0,0,0
0,0,0
0,0,0
0,0,0
0,0,0
0,0,0
0,0,0
0,0,0
0,0,0
0,0,0
0,0,0
0,0,0
0,0,0
0,0,0
0,0,0
0,0,0
0,0,0
0,0,0
0,0,0
0,0,0
0,0,0
0,0,0
0,0,0
0,0,0
0,0,0
0,0,0
0,0,0
0,0,0
0,0,0
0,0,0
0,0,0
0,0,0
0,0,0
0,0,0
0,0,0
0,0,0
0,0,0
0,0,0
0,0,0
0,0,0
0,0,0
0,0,0
0,0,0
0,0,0
0,0,0
0,0,0
0,0,0
0,0,0
0,0,0
0,0,0
0,0,0
0,0,0
0,0,0
0,0,0
0,0,0
0,0,0
0,0,0
0,0,0
0,0,0
0,0,0
0,0,0
0,0,0
0,0,0
0,0,0
0,0,0
0,0,0
0,0,0
0,0,0
0,0,0
0,0,0
0,0,0
0,0,0
0,0,0
0,0,0
0,0,0
0,0,0
0,0,0
0,0,0
0,0,0
0,0,0
0,0,0
0,0,0
0,0,0
0,0,0
0,0,0
0,0,0
0,0,0
0,0,0
0,0,0
0,0,0
0,0,0
0,0,0
0,0,0
0,0,0
0,0,0
0,0,0
0,0,0
0,0,0
0,0,0
0,0,0
0,0,0
0,0,0
0,0,0
0,0,0
0,0,0
0,0,0
0,0,0
0,0,0
0,0,0
0,0,0
0,0,0
0,0,0
0,0,0
0,0,0
0,0,0
0,0,0
0,0,0
0,0,0
0,0,0
0,0,0
0,0,0
0,0,0
0,0,0
0,0,0
0,0,0
0,0,0
0,0,0
0,0,0
0,0,0
0,0,0
0,0,0
0,0,0
0,0,0
0,0,0
0,0,0
0,0,0
0,0,0
0,0,0
0,0,0
0,0,0
0,0,0
0,0,0
0,0,0
0,0,0
0,0,0
0,0,0
0,0,0
0,0,0
0,0,0
0,0,0
0,0,0
0,0,0
0,0,0
0,0,0
0,0,0
0,0,0
0,0,0
0,0,0
0,0,0
0,0,0
0,0,0
0,0,0
0,0,0
0,0,0
0,0,0
0,0,0
0,0,0
0,0,0
0,0,0
0,0,0
0,0,0
0,0,0
0,0,0
0,0,0
0,0,0
0,0,0
0,0,0
0,0,0
0,0,0
0,0,0
0,0,0
0,0,0
0,0,0
0,0,0
0,0,0
0,0,0
0,0,0
0,0,0
0,0,0
0,0,0
0,0,0
0,0,0
0,0,0
0,0,0
0,0,0
0,0,0
0,0,0
0,0,0
0,0,0
0,0,0
0,0,0
0,0,0
0,0,0
0,0,0
0,0,0
0,0,0
0,0,0
0,0,0
0,0,0
0,0,0
0,0,0
0,0,0
0,0,0
0,0,0
0,0,0
0,0,0
0,0,0
0,0,0
0,0,0
0,0,0
0,0,0
0,0,0
0,0,0
0,0,0
0,0,0
0,0,0
0,0,0
0,0,0
0,0,0
0,0,0
0,0,0
0,0,0
0,0,0
0,0,0
0,0,0
0,0,0
0,0,0
0,0,0
0,0,0
0,0,0
0,0,0
0,0,0
0,0,0
0,0,0
0,0,0
0,0,0
0,0,0
0,0,0
0,0,0
0,0,0
0,0,0
0,0,0
0,0,0
0,0,0
0,0,0
0,0,0
0,0,0
0,0,0
0,0,0
0,0,0
0,0,0
0,0,0
0,0,0
0,0,0
0,0,0
0,0,0
0,0,0
0,0,0
0,0,0
0,0,0
0,0,0
0,0,0
0,0,0
0,0,0
0,0,0
0,0,0
0,0,0
0,0,0
0,0,0
0,0,0
0,0,0
0,0,0
0,0,0
0,0,0
0,0,0
0,0,0
0,0,0
0,0,0
0,0,0
0,0,0
0,0,0
0,0,0
0,0,0
0,0,0
0,0,0
0,0,0
0,0,0
0,0,0
0,0,0
0,0,0
0,0,0
0,0,0
0,0,0
0,0,0
0,0,0
0,0,0
0,0,0
0,0,0
0,0,0
0,0,0
0,0,0
0,0,0
0,0,0
0,0,0
0,0,0
0,0,0
0,0,0
0,0,0
0,0,0
0,0,0
0,0,0
0,0,0
0,0,0
0,0,0
0,0,0
0,0,0
0,0,0
0,0,0
0,0,0
0,0,0
0,0,0
0,0,0
0,0,0
0,0,0
0,0,0
0,0,0
0,0,0
0,0,0
0,0,0
0,0,0
0,0,0
0,0,0
0,0,0
0,0,0
0,0,0
0,0,0
0,0,0
0,0,0
0,0,0
0,0,0
0,0,0
0,0,0
0,0,0
0,0,0
0,0,0
0,0,0
0,0,0
0,0,0
0,0,0
0,0,0
0,0,0
0,0,0
0,0,0
0,0,0
0,0,0
0,0,0
0,0,0
0,0,0
0,0,0
0,0,0
0,0,0
0,0,0
0,0,0
0,0,0
0,0,0
0,0,0
0,0,0
0,0,0
0,0,0
0,0,0
0,0,0
0,0,0
0,0,0
0,0,0
0,0,0
0,0,0
0,0,0
0,0,0
0,0,0
0,0,0
0,0,0
0,0,0
0,0,0
0,0,0
0,0,0
0,0,0
0,0,0
0,0,0
0,0,0
0,0,0
0,0,0
0,0,0
0,0,0
0,0,0
0,0,0
0,0,0
0,0,0
0,0,0
0,0,0
0,0,0
0,0,0
0,0,0
0,0,0
0,0,0
0,0,0
0,0,0
0,0,0
0,0,0
0,0,0
0,0,0
0,0,0
0,0,0
0,0,0
0,0,0
0,0,0
0,0,0
0,0,0
0,0,0
0,0,0
0,0,0
0,0,0
0,0,0
0,0,0
0,0,0
0,0,0
0,0,0
0,0,0
0,0,0
0,0,0
0,0,0
0,0,0
0,0,0
0,0,0
0,0,0
0,0,0
0,0,0
0,0,0
0,0,0
0,0,0
0,0,0
0,0,0
0,0,0
0,0,0
0,0,0
0,0,0
0,0,0
0,0,0
0,0,0
0,0,0
0,0,0
0,0,0
0,0,0
0,0,0
0,0,0
0,0,0
0,0,0
0,0,0
0,0,0
0,0,0
0,0,0
0,0,0
0,0,0
0,0,0
0,0,0
0,0,0
0,0,0
0,0,0
0,0,0
0,0,0
0,0,0
0,0,0
0,0,0
0,0,0
0,0,0
0,0,0
0,0,0
0,0,0
0,0,0
0,0,0
0,0,0
0,0,0
0,0,0
0,0,0
0,0,0
0,0,0
0,0,0
0,0,0
0,0,0
0,0,0
0,0,0
0,0,0
0,0,0
0,0,0
0,0,0
0,0,0
0,0,0
0,0,0
0,0,0
0,0,0
0,0,0
0,0,0
0,0,0
0,0,0
0,0,0
0,0,0
0,0,0
0,0,0
0,0,0
0,0,0
0,0,0
0,0,0
0,0,0
0,0,0
0,0,0
0,0,0
0,0,0
0,0,0
0,0,0
0,0,0
0,0,0
0,0,0
0,0,0
0,0,0
0,0,0
0,0,0
0,0,0
0,0,0
0,0,0
0,0,0
0,0,0
0,0,0
0,0,0
0,0,0
0,0,0
0,0,0
0,0,0
0,0,0
0,0,0
0,0,0
0,0,0
0,0,0
0,0,0
0,0,0
0,0,0
0,0,0
0,0,0
0,0,0
0,0,0
0,0,0
0,0,0
0,0,0
0,0,0
0,0,0
0,0,0
0,0,0
0,0,0
0,0,0
0,0,0
0,0,0
0,0,0
0,0,0
0,0,0
0,0,0
0,0,0
0,0,0
0,0,0
0,0,0
0,0,0
0,0,0
0,0,0
0,0,0
0,0,0
0,0,0
0,0,0
0,0,0
0,0,0
0,0,0
0,0,0
0,0,0
0,0,0
0,0,0
0,0,0
0,0,0
0,0,0
0,0,0
0,0,0
0,0,0
0,0,0
0,0,0
0,0,0
0,0,0
0,0,0
0,0,0
0,0,0
0,0,0
0,0,0
0,0,0
0,0,0
0,0,0
0,0,0
0,0,0
0,0,0
0,0,0
0,0,0
0,0,0
0,0,0
0,0,0
0,0,0
0,0,0
0,0,0
0,0,0
0,0,0
0,0,0
0,0,0
0,0,0
0,0,0
0,0,0
0,0,0
0,0,0
0,0,0
0,0,0
0,0,0
0,0,0
0,0,0
0,0,0
0,0,0
0,0,0
0,0,0
0,0,0
0,0,0
0,0,0
0,0,0
0,0,0
0,0,0
0,0,0
0,0,0
0,0,0
0,0,0
0,0,0
0,0,0
0,0,0
0,0,0
0,0,0
0,0,0
0,0,0
0,0,0
0,0,0
0,0,0
0,0,0
0,0,0
0,0,0
0,0,0
0,0,0
0,0,0
0,0,0
0,0,0
0,0,0
0,0,0
0,0,0
0,0,0
0,0,0
0,0,0
0,0,0
0,0,0
0,0,0
0,0,0
0,0,0
0,0,0
0,0,0
0,0,0
0,0,0
0,0,0
0,0,0
0,0,0
0,0,0
0,0,0
0,0,0
0,0,0
0,0,0
0,0,0
0,0,0
0,0,0
0,0,0
0,0,0
0,0,0
0,0,0
0,0,0
0,0,0
0,0,0
0,0,0
0,0,0
0,0,0
0,0,0
0,0,0
0,0,0
0,0,0
0,0,0
0,0,0
0,0,0
0,0,0
0,0,0
0,0,0
0,0,0
0,0,0
0,0,0
0,0,0
0,0,0
0,0,0
0,0,0
0,0,0
0,0,0
0,0,0
0,0,0
0,0,0
0,0,0
0,0,0
0,0,0
0,0,0
0,0,0
0,0,0
0,0,0
0,0,0
0,0,0
0,0,0
0,0,0
0,0,0
0,0,0
0,0,0
0,0,0
0,0,0
0,0,0
0,0,0
0,0,0
0,0,0
0,0,0
0,0,0
0,0,0
0,0,0
0,0,0
0,0,0
0,0,0
0,0,0
0,0,0
0,0,0
0,0,0
0,0,0
0,0,0
0,0,0
0,0,0
0,0,0
0,0,0
0,0,0
0,0,0
0,0,0
0,0,0
0,0,0
0,0,0
0,0,0
0,0,0
0,0,0
0,0,0
0,0,0
0,0,0
0,0,0
0,0,0
0,0,0
0,0,0
0,0,0
0,0,0
0,0,0
0,0,0
0,0,0
0,0,0
0,0,0
0,0,0
0,0,0
0,0,0
0,0,0
0,0,0
0,0,0
0,0,0
0,0,0
0,0,0
0,0,0
0,0,0
0,0,0
0,0,0
0,0,0
0,0,0
0,0,0
0,0,0
0,0,0
0,0,0
0,0,0
0,0,0
0,0,0
0,0,0
0,0,0
0,0,0
0,0,0
0,0,0
0,0,0
0,0,0
0,0,0
0,0,0
0,0,0
0,0,0
0,0,0
0,0,0
0,0,0
0,0,0
0,0,0
0,0,0
0,0,0
0,0,0
0,0,0
0,0,0
0,0,0
0,0,0
0,0,0
0,0,0
0,0,0
0,0,0
0,0,0
0,0,0
0,0,0
0,0,0
0,0,0
0,0,0
0,0,0
0,0,0
0,0,0
0,0,0
0,0,0
0,0,0
0,0,0
0,0,0
0,0,0
0,0,0
0,0,0
0,0,0
0,0,0
0,0,0
0,0,0
0,0,0
0,0,0
0,0,0
0,0,0
0,0,0
0,0,0
0,0,0
0,0,0
0,0,0
0,0,0
0,0,0
0,0,0
0,0,0
0,0,0
0,0,0
0,0,0
0,0,0
0,0,0
0,0,0
0,0,0
0,0,0
0,0,0
0,0,0
0,0,0
0,0,0
0,0,0
0,0,0
0,0,0
0,0,0
0,0,0
0,0,0
0,0,0
0,0,0
0,0,0
0,0,0
0,0,0
0,0,0
0,0,0
0,0,0
0,0,0
0,0,0
0,0,0
0,0,0
0,0,0
0,0,0
0,0,0
0,0,0
0,0,0
0,0,0
0,0,0
0,0,0
0,0,0
0,0,0
0,0,0
0,0,0
0,0,0
0,0,0
0,0,0
0,0,0
0,0,0
0,0,0
0,0,0
0,0,0
0,0,0
0,0,0
0,0,0
0,0,0
0,0,0
0,0,0
0,0,0
0,0,0
0,0,0
0,0,0
0,0,0
0,0,0
0,0,0
0,0,0
0,0,0
0,0,0
0,0,0
0,0,0
0,0,0
0,0,0
0,0,0
0,0,0
0,0,0
0,0,0
0,0,0
0,0,0
0,0,0
0,0,0
0,0,0
0,0,0
0,0,0
0,0,0
0,0,0
0,0,0
0,0,0
0,0,0
0,0,0
0,0,0
0,0,0
0,0,0
0,0,0
0,0,0
0,0,0
0,0,0
0,0,0
0,0,0
0,0,0
0,0,0
0,0,0
0,0,0
0,0,0
0,0,0
0,0,0
0,0,0
0,0,0
0,0,0
0,0,0
0,0,0
0,0,0
0,0,0
0,0,0
0,0,0
0,0,0
0,0,0
0,0,0
0,0,0
0,0,0
0,0,0
0,0,0
0,0,0
0,0,0
0,0,0
0,0,0
0,0,0
0,0,0
0,0,0
0,0,0
0,0,0
0,0,0
0,0,0
0,0,0
0,0,0
0,0,0
0,0,0
0,0,0
0,0,0
0,0,0
0,0,0
0,0,0
0,0,0
0,0,0
0,0,0
0,0,0
0,0,0
0,0,0
0,0,0
0,0,0
0,0,0
0,0,0
0,0,0
0,0,0
0,0,0
0,0,0
0,0,0
0,0,0
0,0,0
0,0,0
0,0,0
0,0,0
0,0,0
0,0,0
0,0,0
0,0,0
0,0,0
0,0,0
0,0,0
0,0,0
0,0,0
0,0,0
0,0,0
0,0,0
0,0,0
0,0,0
0,0,0
0,0,0
0,0,0
0,0,0
0,0,0
0,0,0
0,0,0
0,0,0
0,0,0
0,0,0
0,0,0
0,0,0
0,0,0
0,0,0
0,0,0
0,0,0
0,0,0
0,0,0
0,0,0
0,0,0
0,0,0
0,0,0
0,0,0
0,0,0
0,0,0
0,0,0
0,0,0
0,0,0
0,0,0
0,0,0
0,0,0
0,0,0
0,0,0
0,0,0
0,0,0
0,0,0
0,0,0
0,0,0
0,0,0
0,0,0
0,0,0
0,0,0
0,0,0
0,0,0
0,0,0
0,0,0
0,0,0
0,0,0
0,0,0
0,0,0
0,0,0
0,0,0
0,0,0
0,0,0
0,0,0
0,0,0
0,0,0
0,0,0
0,0,0
0,0,0
0,0,0
0,0,0
0,0,0
0,0,0
0,0,0
0,0,0
0,0,0
0,0,0
0,0,0
0,0,0
0,0,0
0,0,0
0,0,0
0,0,0
0,0,0
0,0,0
0,0,0
0,0,0
0,0,0
0,0,0
0,0,0
0,0,0
0,0,0
0,0,0
0,0,0
0,0,0
0,0,0
0,0,0
0,0,0
0,0,0
0,0,0
0,0,0
0,0,0
0,0,0
0,0,0
0,0,0
0,0,0
0,0,0
0,0,0
0,0,0
0,0,0
0,0,0
0,0,0
0,0,0
0,0,0
0,0,0
0,0,0
0,0,0
0,0,0
0,0,0
0,0,0
0,0,0
0,0,0
0,0,0
0,0,0
0,0,0
0,0,0
0,0,0
0,0,0
0,0,0
0,0,0
0,0,0
0,0,0
0,0,0
0,0,0
0,0,0
0,0,0
0,0,0
0,0,0
0,0,0
0,0,0
0,0,0
0,0,0
0,0,0
0,0,0
0,0,0
0,0,0
0,0,0
0,0,0
0,0,0
0,0,0
0,0,0
0,0,0
0,0,0
0,0,0
0,0,0
0,0,0
0,0,0
0,0,0
0,0,0
0,0,0
0,0,0
0,0,0
0,0,0
0,0,0
0,0,0
0,0,0
0,0,0
0,0,0
0,0,0
0,0,0
0,0,0
0,0,0
0,0,0
0,0,0
0,0,0
0,0,0
0,0,0
0,0,0
0,0,0
0,0,0
0,0,0
0,0,0
0,0,0
0,0,0
0,0,0
0,0,0
0,0,0
0,0,0
0,0,0
0,0,0
0,0,0
0,0,0
0,0,0
0,0,0
0,0,0
0,0,0
0,0,0
0,0,0
0,0,0
0,0,0
0,0,0
0,0,0
0,0,0
0,0,0
0,0,0
0,0,0
0,0,0
0,0,0
0,0,0
0,0,0
0,0,0
0,0,0
0,0,0
0,0,0
0,0,0
0,0,0
0,0,0
0,0,0
0,0,0
0,0,0
0,0,0
0,0,0
0,0,0
0,0,0
0,0,0
0,0,0
0,0,0
0,0,0
0,0,0
0,0,0
0,0,0
0,0,0
0,0,0
0,0,0
0,0,0
0,0,0
0,0,0
0,0,0
0,0,0
0,0,0
0,0,0
0,0,0
0,0,0
0,0,0
0,0,0
0,0,0
0,0,0
0,0,0
0,0,0
0,0,0
0,0,0
0,0,0
0,0,0
0,0,0
0,0,0
0,0,0
0,0,0
0,0,0
0,0,0
0,0,0
0,0,0
0,0,0
0,0,0
0,0,0
0,0,0
0,0,0
0,0,0
0,0,0
0,0,0
0,0,0
0,0,0
0,0,0
0,0,0
0,0,0
0,0,0
0,0,0
0,0,0
0,0,0
0,0,0
0,0,0
0,0,0
0,0,0
0,0,0
0,0,0
0,0,0
0,0,0
0,0,0
0,0,0
0,0,0
0,0,0
0,0,0
0,0,0
0,0,0
0,0,0
0,0,0
0,0,0
0,0,0
0,0,0
0,0,0
0,0,0
0,0,0
0,0,0
0,0,0
0,0,0
0,0,0
0,0,0
0,0,0
0,0,0
0,0,0
0,0,0
0,0,0
0,0,0
0,0,0
0,0,0
0,0,0
0,0,0
0,0,0
0,0,0
0,0,0
0,0,0
0,0,0
0,0,0
0,0,0
0,0,0
0,0,0
0,0,0
0,0,0
0,0,0
0,0,0
0,0,0
0,0,0
0,0,0
0,0,0
0,0,0
0,0,0
0,0,0
0,0,0
0,0,0
0,0,0
0,0,0
0,0,0
0,0,0
0,0,0
0,0,0
0,0,0
0,0,0
0,0,0
0,0,0
0,0,0
0,0,0
0,0,0
0,0,0
0,0,0
0,0,0
0,0,0
0,0,0
0,0,0
0,0,0
0,0,0
0,0,0
0,0,0
0,0,0
0,0,0
0,0,0
0,0,0
0,0,0
0,0,0
0,0,0
0,0,0
0,0,0
0,0,0
0,0,0
0,0,0
0,0,0
0,0,0
0,0,0
0,0,0
0,0,0
0,0,0
0,0,0
0,0,0
0,0,0
0,0,0
0,0,0
0,0,0
0,0,0
0,0,0
0,0,0
0,0,0
0,0,0
0,0,0
0,0,0
0,0,0
0,0,0
0,0,0
0,0,0
0,0,0
0,0,0
0,0,0
0,0,0
0,0,0
0,0,0
0,0,0
0,0,0
0,0,0
0,0,0
0,0,0
0,0,0
0,0,0
0,0,0
0,0,0
0,0,0
0,0,0
0,0,0
0,0,0
0,0,0
0,0,0
0,0,0
0,0,0
0,0,0
0,0,0
0,0,0
0,0,0
0,0,0
0,0,0
0,0,0
0,0,0
0,0,0
0,0,0
0,0,0
0,0,0
0,0,0
0,0,0
0,0,0
0,0,0
0,0,0
0,0,0
0,0,0
0,0,0
0,0,0
0,0,0
0,0,0
0,0,0
0,0,0
0,0,0
0,0,0
0,0,0
0,0,0
0,0,0
0,0,0
0,0,0
0,0,0
0,0,0
0,0,0
0,0,0
0,0,0
0,0,0
0,0,0
0,0,0
0,0,0
0,0,0
0,0,0
0,0,0
0,0,0
0,0,0
0,0,0
0,0,0
0,0,0
0,0,0
0,0,0
0,0,0
0,0,0
0,0,0
0,0,0
0,0,0
0,0,0
0,0,0
0,0,0
0,0,0
0,0,0
0,0,0
0,0,0
0,0,0
0,0,0
0,0,0
0,0,0
0,0,0
0,0,0
0,0,0
0,0,0
0,0,0
0,0,0
0,0,0
0,0,0
0,0,0
0,0,0
0,0,0
0,0,0
0,0,0
0,0,0
0,0,0
0,0,0
0,0,0
0,0,0
0,0,0
0,0,0
0,0,0
0,0,0
0,0,0
0,0,0
0,0,0
0,0,0
0,0,0
0,0,0
0,0,0
0,0,0
0,0,0
0,0,0
0,0,0
0,0,0
0,0,0
0,0,0
0,0,0
0,0,0
0,0,0
0,0,0
0,0,0
0,0,0
0,0,0
0,0,0
0,0,0
0,0,0
0,0,0
0,0,0
0,0,0
0,0,0
0,0,0
0,0,0
0,0,0
0,0,0
0,0,0
0,0,0
0,0,0
0,0,0
0,0,0
0,0,0
0,0,0
0,0,0
0,0,0
0,0,0
0,0,0
0,0,0
0,0,0
0,0,0
0,0,0
0,0,0
0,0,0
0,0,0
0,0,0
0,0,0
0,0,0
0,0,0
0,0,0
0,0,0
0,0,0
0,0,0
0,0,0
0,0,0
0,0,0
0,0,0
0,0,0
0,0,0
0,0,0
0,0,0
0,0,0
0,0,0
0,0,0
0,0,0
0,0,0
0,0,0
0,0,0
0,0,0
0,0,0
0,0,0
0,0,0
0,0,0
0,0,0
0,0,0
0,0,0
0,0,0
0,0,0
0,0,0
0,0,0
0,0,0
0,0,0
0,0,0
0,0,0
0,0,0
0,0,0
0,0,0
0,0,0
0,0,0
0,0,0
0,0,0
0,0,0
0,0,0
0,0,0
0,0,0
0,0,0
0,0,0
0,0,0
0,0,0
0,0,0
0,0,0
0,0,0
0,0,0
0,0,0
0,0,0
0,0,0
0,0,0
0,0,0
0,0,0
0,0,0
0,0,0
0,0,0
0,0,0
0,0,0
0,0,0
0,0,0
0,0,0
0,0,0
0,0,0
0,0,0
0,0,0
0,0,0
0,0,0
0,0,0
0,0,0
0,0,0
0,0,0
0,0,0
0,0,0
0,0,0
0,0,0
0,0,0
0,0,0
0,0,0
0,0,0
0,0,0
0,0,0
0,0,0
0,0,0
0,0,0
0,0,0
0,0,0
0,0,0
0,0,0
0,0,0
0,0,0
0,0,0
0,0,0
0,0,0
0,0,0
0,0,0
0,0,0
0,0,0
0,0,0
0,0,0
0,0,0
0,0,0
0,0,0
0,0,0
0,0,0
0,0,0
0,0,0
0,0,0
0,0,0
0,0,0
0,0,0
0,0,0
0,0,0
0,0,0
0,0,0
0,0,0
0,0,0
0,0,0
0,0,0
0,0,0
0,0,0
0,0,0
0,0,0
0,0,0
0,0,0
0,0,0
0,0,0
0,0,0
0,0,0
0,0,0
0,0,0
0,0,0
0,0,0
0,0,0
0,0,0
0,0,0
0,0,0
0,0,0
0,0,0
0,0,0
0,0,0
0,0,0
0,0,0
0,0,0
0,0,0
0,0,0
0,0,0
0,0,0
0,0,0
0,0,0
0,0,0
0,0,0
0,0,0
0,0,0
0,0,0
0,0,0
0,0,0
0,0,0
0,0,0
0,0,0
0,0,0
0,0,0
0,0,0
0,0,0
0,0,0
0,0,0
0,0,0
0,0,0
0,0,0
0,0,0
0,0,0
0,0,0
0,0,0
0,0,0
0,0,0
0,0,0
0,0,0
0,0,0
0,0,0
0,0,0
0,0,0
0,0,0
0,0,0
0,0,0
0,0,0
0,0,0
0,0,0
0,0,0
0,0,0
0,0,0
0,0,0
0,0,0
0,0,0
0,0,0
0,0,0
0,0,0
0,0,0
0,0,0
0,0,0
0,0,0
0,0,0
0,0,0
0,0,0
0,0,0
0,0,0
0,0,0
0,0,0
0,0,0
0,0,0
0,0,0
0,0,0
0,0,0
0,0,0
0,0,0
0,0,0
0,0,0
0,0,0
0,0,0
0,0,0
0,0,0
0,0,0
0,0,0
0,0,0
0,0,0
0,0,0
0,0,0
0,0,0
0,0,0
0,0,0
0,0,0
0,0,0
0,0,0
0,0,0
0,0,0
0,0,0
0,0,0
0,0,0
0,0,0
0,0,0
0,0,0
0,0,0
0,0,0
0,0,0
0,0,0
0,0,0
0,0,0
0,0,0
0,0,0
0,0,0
0,0,0
0,0,0
0,0,0
0,0,0
0,0,0
0,0,0
0,0,0
0,0,0
0,0,0
0,0,0
0,0,0
0,0,0
0,0,0
0,0,0
0,0,0
0,0,0
0,0,0
0,0,0
0,0,0
0,0,0
0,0,0
0,0,0
0,0,0
0,0,0
0,0,0
0,0,0
0,0,0
0,0,0
0,0,0
0,0,0
0,0,0
0,0,0
0,0,0
0,0,0
0,0,0
0,0,0
0,0,0
0,0,0
0,0,0
0,0,0
0,0,0
0,0,0
0,0,0
0,0,0
0,0,0
0,0,0
0,0,0
0,0,0
0,0,0
0,0,0
0,0,0
0,0,0
0,0,0
0,0,0
0,0,0
0,0,0
0,0,0
0,0,0
0,0,0
0,0,0
0,0,0
0,0,0
0,0,0
0,0,0
0,0,0
0,0,0
0,0,0
0,0,0
0,0,0
0,0,0
0,0,0
0,0,0
0,0,0
0,0,0
0,0,0
0,0,0
0,0,0
0,0,0
0,0,0
0,0,0
0,0,0
0,0,0
0,0,0
0,0,0
0,0,0
0,0,0
0,0,0
0,0,0
0,0,0
0,0,0
0,0,0
0,0,0
0,0,0
0,0,0
0,0,0
0,0,0
0,0,0
0,0,0
0,0,0
0,0,0
0,0,0
0,0,0
0,0,0
0,0,0
0,0,0
0,0,0
0,0,0
0,0,0
0,0,0
0,0,0
0,0,0
0,0,0
0,0,0
0,0,0
0,0,0
0,0,0
0,0,0
0,0,0
0,0,0
0,0,0
0,0,0
0,0,0
0,0,0
0,0,0
0,0,0
0,0,0
0,0,0
0,0,0
0,0,0
0,0,0
0,0,0
0,0,0
0,0,0
0,0,0
0,0,0
0,0,0
0,0,0
0,0,0
0,0,0
0,0,0
0,0,0
0,0,0
0,0,0
0,0,0
0,0,0
0,0,0
0,0,0
0,0,0
0,0,0
0,0,0
0,0,0
0,0,0
0,0,0
0,0,0
0,0,0
0,0,0
0,0,0
0,0,0
0,0,0
0,0,0
0,0,0
0,0,0
0,0,0
0,0,0
0,0,0
0,0,0
0,0,0
0,0,0
0,0,0
0,0,0
0,0,0
0,0,0
0,0,0
0,0,0
0,0,0
0,0,0
0,0,0
0,0,0
0,0,0
0,0,0
0,0,0
0,0,0
0,0,0
0,0,0
0,0,0
0,0,0
0,0,0
0,0,0
0,0,0
0,0,0
0,0,0
0,0,0
0,0,0
0,0,0
0,0,0
0,0,0
0,0,0
0,0,0
0,0,0
0,0,0
0,0,0
0,0,0
0,0,0
0,0,0
0,0,0
0,0,0
0,0,0
0,0,0
0,0,0
0,0,0
0,0,0
0,0,0
0,0,0
0,0,0
0,0,0
0,0,0
0,0,0
0,0,0
0,0,0
0,0,0
0,0,0
0,0,0
0,0,0
0,0,0
0,0,0
0,0,0
0,0,0
0,0,0
0,0,0
0,0,0
0,0,0
0,0,0
0,0,0
0,0,0
0,0,0
0,0,0
0,0,0
0,0,0
0,0,0
0,0,0
0,0,0
0,0,0
0,0,0
0,0,0
0,0,0
0,0,0
0,0,0
0,0,0
0,0,0
0,0,0
0,0,0
0,0,0
0,0,0
0,0,0
0,0,0
0,0,0
0,0,0
0,0,0
0,0,0
0,0,0
0,0,0
0,0,0
0,0,0
0,0,0
0,0,0
0,0,0
0,0,0
0,0,0
0,0,0
0,0,0
0,0,0
0,0,0
0,0,0
0,0,0
0,0,0
0,0,0
0,0,0
0,0,0
0,0,0
0,0,0
0,0,0
0,0,0
0,0,0
0,0,0
0,0,0
0,0,0
0,0,0
0,0,0
0,0,0
0,0,0
0,0,0
0,0,0
0,0,0
0,0,0
0,0,0
0,0,0
0,0,0
0,0,0
0,0,0
0,0,0
0,0,0
0,0,0
0,0,0
0,0,0
0,0,0
0,0,0
0,0,0
0,0,0
0,0,0
0,0,0
0,0,0
0,0,0
0,0,0
0,0,0
0,0,0
0,0,0
0,0,0
0,0,0
0,0,0
0,0,0
0,0,0
0,0,0
0,0,0
0,0,0
0,0,0
0,0,0
0,0,0
0,0,0
0,0,0
0,0,0
0,0,0
0,0,0
0,0,0
0,0,0
0,0,0
0,0,0
0,0,0
0,0,0
0,0,0
0,0,0
0,0,0
0,0,0
0,0,0
0,0,0
0,0,0
0,0,0
0,0,0
0,0,0
0,0,0
0,0,0
0,0,0
0,0,0
0,0,0
0,0,0
0,0,0
0,0,0
0,0,0
0,0,0
0,0,0
0,0,0
0,0,0
0,0,0
0,0,0
0,0,0
0,0,0
0,0,0
0,0,0
0,0,0
0,0,0
0,0,0
0,0,0
0,0,0
0,0,0
0,0,0
0,0,0
0,0,0
0,0,0
0,0,0
0,0,0
0,0,0
0,0,0
0,0,0
0,0,0
0,0,0
0,0,0
0,0,0
0,0,0
0,0,0
0,0,0
0,0,0
0,0,0
0,0,0
0,0,0
0,0,0
0,0,0
0,0,0
0,0,0
0,0,0
0,0,0
0,0,0
0,0,0
0,0,0
0,0,0
0,0,0
0,0,0
0,0,0
0,0,0
0,0,0
0,0,0
0,0,0
0,0,0
0,0,0
0,0,0
0,0,0
0,0,0
0,0,0
0,0,0
0,0,0
0,0,0
0,0,0
0,0,0
0,0,0
0,0,0
0,0,0
0,0,0
0,0,0
0,0,0
0,0,0
0,0,0
0,0,0
0,0,0
0,0,0
0,0,0
0,0,0
0,0,0
0,0,0
0,0,0
0,0,0
0,0,0
0,0,0
0,0,0
0,0,0
0,0,0
0,0,0
0,0,0
0,0,0
0,0,0
0,0,0
0,0,0
0,0,0
0,0,0
0,0,0
0,0,0
0,0,0
0,0,0
0,0,0
0,0,0
0,0,0
0,0,0
0,0,0
0,0,0
0,0,0
0,0,0
0,0,0
0,0,0
0,0,0
0,0,0
0,0,0
0,0,0
0,0,0
0,0,0
0,0,0
0,0,0
0,0,0
0,0,0
0,0,0
0,0,0
0,0,0
0,0,0
0,0,0
0,0,0
0,0,0
0,0,0
0,0,0
0,0,0
0,0,0
0,0,0
0,0,0
0,0,0
0,0,0
0,0,0
0,0,0
0,0,0
0,0,0
0,0,0
0,0,0
0,0,0
0,0,0
0,0,0
0,0,0
0,0,0
0,0,0
0,0,0
0,0,0
0,0,0
0,0,0
0,0,0
0,0,0
0,0,0
0,0,0
0,0,0
0,0,0
0,0,0
0,0,0
0,0,0
0,0,0
0,0,0
0,0,0
0,0,0
0,0,0
0,0,0
0,0,0
0,0,0
0,0,0
0,0,0
0,0,0
0,0,0
0,0,0
0,0,0
0,0,0
0,0,0
0,0,0
0,0,0
0,0,0
0,0,0
0,0,0
0,0,0
0,0,0
0,0,0
0,0,0
0,0,0
0,0,0
0,0,0
0,0,0
0,0,0
0,0,0
0,0,0
0,0,0
0,0,0
0,0,0
0,0,0
0,0,0
0,0,0
0,0,0
0,0,0
0,0,0
0,0,0
0,0,0
0,0,0
0,0,0
0,0,0
0,0,0
0,0,0
0,0,0
0,0,0
0,0,0
0,0,0
0,0,0
0,0,0
0,0,0
0,0,0
0,0,0
0,0,0
0,0,0
0,0,0
0,0,0
0,0,0
0,0,0
0,0,0
0,0,0
0,0,0
0,0,0
0,0,0
0,0,0
0,0,0
0,0,0
0,0,0
0,0,0
0,0,0
0,0,0
0,0,0
0,0,0
0,0,0
0,0,0
0,0,0
0,0,0
0,0,0
0,0,0
0,0,0
0,0,0
0,0,0
0,0,0
0,0,0
0,0,0
0,0,0
0,0,0
0,0,0
0,0,0
0,0,0
0,0,0
0,0,0
0,0,0
0,0,0
0,0,0
0,0,0
0,0,0
0,0,0
0,0,0
0,0,0
0,0,0
0,0,0
0,0,0
0,0,0
0,0,0
0,0,0
0,0,0
0,0,0
0,0,0
0,0,0
0,0,0
0,0,0
0,0,0
0,0,0
0,0,0
0,0,0
0,0,0
0,0,0
0,0,0
0,0,0
0,0,0
0,0,0
0,0,0
0,0,0
0,0,0
0,0,0
0,0,0
0,0,0
0,0,0
0,0,0
0,0,0
0,0,0
0,0,0
0,0,0
0,0,0
0,0,0
0,0,0
0,0,0
0,0,0
0,0,0
0,0,0
0,0,0
0,0,0
0,0,0
0,0,0
0,0,0
0,0,0
0,0,0
0,0,0
0,0,0
0,0,0
0,0,0
0,0,0
0,0,0
0,0,0
0,0,0
0,0,0
0,0,0
0,0,0
0,0,0
0,0,0
0,0,0
0,0,0
0,0,0
0,0,0
0,0,0
0,0,0
0,0,0
0,0,0
0,0,0
0,0,0
0,0,0
0,0,0
0,0,0
0,0,0
0,0,0
0,0,0
0,0,0
0,0,0
0,0,0
0,0,0
0,0,0
0,0,0
0,0,0
0,0,0
0,0,0
0,0,0
0,0,0
0,0,0
0,0,0
0,0,0
0,0,0
0,0,0
0,0,0
0,0,0
0,0,0
0,0,0
0,0,0
0,0,0
0,0,0
0,0,0
0,0,0
0,0,0
0,0,0
0,0,0
0,0,0
0,0,0
0,0,0
0,0,0
0,0,0
0,0,0
0,0,0
0,0,0
0,0,0
0,0,0
0,0,0
0,0,0
0,0,0
0,0,0
0,0,0
0,0,0
0,0,0
0,0,0
0,0,0
0,0,0
0,0,0
0,0,0
0,0,0
0,0,0
0,0,0
0,0,0
0,0,0
0,0,0
0,0,0
0,0,0
0,0,0
0,0,0
0,0,0
0,0,0
0,0,0
0,0,0
0,0,0
0,0,0
0,0,0
0,0,0
0,0,0
0,0,0
0,0,0
0,0,0
0,0,0
0,0,0
0,0,0
0,0,0
0,0,0
0,0,0
0,0,0
0,0,0
0,0,0
0,0,0
0,0,0
0,0,0
0,0,0
0,0,0
0,0,0
0,0,0
0,0,0
0,0,0
0,0,0
0,0,0
0,0,0
0,0,0
0,0,0
0,0,0
0,0,0
0,0,0
0,0,0
0,0,0
0,0,0
0,0,0
0,0,0
0,0,0
0,0,0
0,0,0
0,0,0
0,0,0
0,0,0
0,0,0
0,0,0
0,0,0
0,0,0
0,0,0
0,0,0
0,0,0
0,0,0
0,0,0
0,0,0
0,0,0
0,0,0
0,0,0
0,0,0
0,0,0
0,0,0
0,0,0
0,0,0
0,0,0
0,0,0
0,0,0
0,0,0
0,0,0
0,0,0
0,0,0
0,0,0
0,0,0
0,0,0
0,0,0
0,0,0
0,0,0
0,0,0
0,0,0
0,0,0
0,0,0
0,0,0
0,0,0
0,0,0
0,0,0
0,0,0
0,0,0
0,0,0
0,0,0
0,0,0
0,0,0
0,0,0
0,0,0
0,0,0
0,0,0
0,0,0
0,0,0
0,0,0
0,0,0
0,0,0
0,0,0
0,0,0
0,0,0
0,0,0
0,0,0
0,0,0
0,0,0
0,0,0
0,0,0
0,0,0
0,0,0
0,0,0
0,0,0
0,0,0
0,0,0
0,0,0
0,0,0
0,0,0
0,0,0
0,0,0
0,0,0
0,0,0
0,0,0
0,0,0
0,0,0
0,0,0
0,0,0
0,0,0
0,0,0
0,0,0
0,0,0
0,0,0
0,0,0
0,0,0
0,0,0
0,0,0
0,0,0
0,0,0
0,0,0
0,0,0
0,0,0
0,0,0
0,0,0
0,0,0
0,0,0
0,0,0
0,0,0
0,0,0
0,0,0
0,0,0
0,0,0
0,0,0
0,0,0
0,0,0
0,0,0
0,0,0
0,0,0
0,0,0
0,0,0
0,0,0
0,0,0
0,0,0
0,0,0
0,0,0
0,0,0
0,0,0
0,0,0
0,0,0
0,0,0
0,0,0
0,0,0
0,0,0
0,0,0
0,0,0
0,0,0
0,0,0
0,0,0
0,0,0
0,0,0
0,0,0
0,0,0
0,0,0
0,0,0
0,0,0
0,0,0
0,0,0
0,0,0
0,0,0
0,0,0
0,0,0
0,0,0
0,0,0
0,0,0
0,0,0
0,0,0
0,0,0
0,0,0
0,0,0
0,0,0
0,0,0
0,0,0
0,0,0
0,0,0
0,0,0
0,0,0
0,0,0
0,0,0
0,0,0
0,0,0
0,0,0
0,0,0
0,0,0
0,0,0
0,0,0
0,0,0
0,0,0
0,0,0
0,0,0
0,0,0
0,0,0
0,0,0
0,0,0
0,0,0
0,0,0
0,0,0
0,0,0
0,0,0
0,0,0
0,0,0
0,0,0
0,0,0
0,0,0
0,0,0
0,0,0
0,0,0
0,0,0
0,0,0
0,0,0
0,0,0
0,0,0
0,0,0
0,0,0
0,0,0
0,0,0
0,0,0
0,0,0
0,0,0
0,0,0
0,0,0
0,0,0
0,0,0
0,0,0
0,0,0
0,0,0
0,0,0
0,0,0
0,0,0
0,0,0
0,0,0
0,0,0
0,0,0
0,0,0
0,0,0
0,0,0
0,0,0
0,0,0
0,0,0
0,0,0
0,0,0
0,0,0
0,0,0
0,0,0
0,0,0
0,0,0
0,0,0
0,0,0
0,0,0
0,0,0
0,0,0
0,0,0
0,0,0
0,0,0
0,0,0
0,0,0
0,0,0
0,0,0
0,0,0
0,0,0
0,0,0
0,0,0
0,0,0
0,0,0
0,0,0
0,0,0
0,0,0
0,0,0
0,0,0
0,0,0
0,0,0
0,0,0
0,0,0
0,0,0
0,0,0
0,0,0
0,0,0
0,0,0
0,0,0
0,0,0
0,0,0
0,0,0
0,0,0
0,0,0
0,0,0
0,0,0
0,0,0
0,0,0
0,0,0
0,0,0
0,0,0
0,0,0
0,0,0
0,0,0
0,0,0
0,0,0
0,0,0
0,0,0
0,0,0
0,0,0
0,0,0
0,0,0
0,0,0
0,0,0
0,0,0
0,0,0
0,0,0
0,0,0
0,0,0
0,0,0
0,0,0
0,0,0
0,0,0
0,0,0
0,0,0
0,0,0
0,0,0
0,0,0
0,0,0
0,0,0
0,0,0
0,0,0
0,0,0
0,0,0
0,0,0
0,0,0
0,0,0
0,0,0
0,0,0
0,0,0
0,0,0
0,0,0
0,0,0
0,0,0
0,0,0
0,0,0
0,0,0
0,0,0
0,0,0
0,0,0
0,0,0
0,0,0
0,0,0
0,0,0
0,0,0
0,0,0
0,0,0
0,0,0
0,0,0
0,0,0
0,0,0
0,0,0
0,0,0
0,0,0
0,0,0
0,0,0
0,0,0
0,0,0
0,0,0
0,0,0
0,0,0
0,0,0
0,0,0
0,0,0
0,0,0
0,0,0
0,0,0
0,0,0
0,0,0
0,0,0
0,0,0
0,0,0
0,0,0
0,0,0
0,0,0
0,0,0
0,0,0
0,0,0
0,0,0
0,0,0
0,0,0
0,0,0
0,0,0
0,0,0
0,0,0
0,0,0
0,0,0
0,0,0
0,0,0
0,0,0
0,0,0
0,0,0
0,0,0
0,0,0
0,0,0
0,0,0
0,0,0
0,0,0
0,0,0
0,0,0
0,0,0
0,0,0
0,0,0
0,0,0
0,0,0
0,0,0
0,0,0
0,0,0
0,0,0
0,0,0
0,0,0
0,0,0
0,0,0
0,0,0
0,0,0
0,0,0
0,0,0
0,0,0
0,0,0
0,0,0
0,0,0
0,0,0
0,0,0
0,0,0
0,0,0
0,0,0
0,0,0
0,0,0
0,0,0
0,0,0
0,0,0
0,0,0
0,0,0
0,0,0
0,0,0
0,0,0
0,0,0
0,0,0
0,0,0
0,0,0
0,0,0
0,0,0
0,0,0
0,0,0
0,0,0
0,0,0
0,0,0
0,0,0
0,0,0
0,0,0
0,0,0
0,0,0
0,0,0
0,0,0
0,0,0
0,0,0
0,0,0
0,0,0
0,0,0
0,0,0
0,0,0
0,0,0
0,0,0
0,0,0
0,0,0
0,0,0
0,0,0
0,0,0
0,0,0
0,0,0
0,0,0
0,0,0
0,0,0
0,0,0
0,0,0
0,0,0
0,0,0
0,0,0
0,0,0
0,0,0
0,0,0
0,0,0
0,0,0
0,0,0
0,0,0
0,0,0
0,0,0
0,0,0
0,0,0
0,0,0
0,0,0
0,0,0
0,0,0
0,0,0
0,0,0
0,0,0
0,0,0
0,0,0
0,0,0
0,0,0
0,0,0
0,0,0
0,0,0
0,0,0
0,0,0
0,0,0
0,0,0
0,0,0
0,0,0
0,0,0
0,0,0
0,0,0
0,0,0
0,0,0
0,0,0
0,0,0
0,0,0
0,0,0
0,0,0
0,0,0
0,0,0
0,0,0
0,0,0
0,0,0
0,0,0
0,0,0
0,0,0
0,0,0
0,0,0
0,0,0
0,0,0
0,0,0
0,0,0
0,0,0
0,0,0
0,0,0
0,0,0
0,0,0
0,0,0
0,0,0
0,0,0
0,0,0
0,0,0
0,0,0
0,0,0
0,0,0
0,0,0
0,0,0
0,0,0
0,0,0
0,0,0
0,0,0
0,0,0
0,0,0
0,0,0
0,0,0
0,0,0
0,0,0
0,0,0
0,0,0
0,0,0
0,0,0
0,0,0
0,0,0
0,0,0
0,0,0
0,0,0
0,0,0
0,0,0
0,0,0
0,0,0
0,0,0
0,0,0
0,0,0
0,0,0
0,0,0
0,0,0
0,0,0
0,0,0
0,0,0
0,0,0
0,0,0
0,0,0
0,0,0
0,0,0
0,0,0
0,0,0
0,0,0
0,0,0
0,0,0
0,0,0
0,0,0
0,0,0
0,0,0
0,0,0
0,0,0
0,0,0
0,0,0
0,0,0
0,0,0
0,0,0
0,0,0
0,0,0
0,0,0
0,0,0
0,0,0
0,0,0
0,0,0
0,0,0
0,0,0
0,0,0
0,0,0
0,0,0
0,0,0
0,0,0
0,0,0
0,0,0
0,0,0
0,0,0
0,0,0
0,0,0
0,0,0
0,0,0
0,0,0
0,0,0
0,0,0
0,0,0
0,0,0
0,0,0
0,0,0
0,0,0
0,0,0
0,0,0
0,0,0
0,0,0
0,0,0
0,0,0
0,0,0
0,0,0
0,0,0
0,0,0
0,0,0
0,0,0
0,0,0
0,0,0
0,0,0
0,0,0
0,0,0
0,0,0
0,0,0
0,0,0
0,0,0
0,0,0
0,0,0
0,0,0
0,0,0
0,0,0
0,0,0
0,0,0
0,0,0
0,0,0
0,0,0
0,0,0
0,0,0
0,0,0
0,0,0
0,0,0
0,0,0
0,0,0
0,0,0
0,0,0
0,0,0
0,0,0
0,0,0
0,0,0
0,0,0
0,0,0
0,0,0
0,0,0
0,0,0
0,0,0
0,0,0
0,0,0
0,0,0
0,0,0
0,0,0
0,0,0
0,0,0
0,0,0
0,0,0
0,0,0
0,0,0
0,0,0
0,0,0
0,0,0
0,0,0
0,0,0
0,0,0
0,0,0
0,0,0
0,0,0
0,0,0
0,0,0
0,0,0
0,0,0
0,0,0
0,0,0
0,0,0
0,0,0
0,0,0
0,0,0
0,0,0
0,0,0
0,0,0
0,0,0
0,0,0
0,0,0
0,0,0
0,0,0
0,0,0
0,0,0
0,0,0
0,0,0
0,0,0
0,0,0
0,0,0
0,0,0
0,0,0
0,0,0
0,0,0
0,0,0
0,0,0
0,0,0
0,0,0
0,0,0
0,0,0
0,0,0
0,0,0
0,0,0
0,0,0
0,0,0
0,0,0
0,0,0
0,0,0
0,0,0
0,0,0
0,0,0
0,0,0
0,0,0
0,0,0
0,0,0
0,0,0
0,0,0
0,0,0
0,0,0
0,0,0
0,0,0
0,0,0
0,0,0
0,0,0
0,0,0
0,0,0
0,0,0
0,0,0
0,0,0
0,0,0
0,0,0
0,0,0
0,0,0
0,0,0
0,0,0
0,0,0
0,0,0
0,0,0
0,0,0
0,0,0
0,0,0
0,0,0
0,0,0
0,0,0
0,0,0
0,0,0
0,0,0
0,0,0
0,0,0
0,0,0
0,0,0
0,0,0
0,0,0
0,0,0
0,0,0
0,0,0
0,0,0
0,0,0
0,0,0
0,0,0
0,0,0
0,0,0
0,0,0
0,0,0
0,0,0
0,0,0
0,0,0
0,0,0
0,0,0
0,0,0
0,0,0
0,0,0
0,0,0
0,0,0
0,0,0
0,0,0
0,0,0
0,0,0
0,0,0
0,0,0
0,0,0
0,0,0
0,0,0
0,0,0
0,0,0
0,0,0
0,0,0
0,0,0
0,0,0
0,0,0
0,0,0
0,0,0
0,0,0
0,0,0
0,0,0
0,0,0
0,0,0
0,0,0
0,0,0
0,0,0
0,0,0
0,0,0
0,0,0
0,0,0
0,0,0
0,0,0
0,0,0
0,0,0
0,0,0
0,0,0
0,0,0
0,0,0
0,0,0
0,0,0
0,0,0
0,0,0
0,0,0
0,0,0
0,0,0
0,0,0
0,0,0
0,0,0
0,0,0
0,0,0
0,0,0
0,0,0
0,0,0
0,0,0
0,0,0
0,0,0
0,0,0
0,0,0
0,0,0
0,0,0
0,0,0
0,0,0
0,0,0
0,0,0
0,0,0
0,0,0
0,0,0
0,0,0
0,0,0
0,0,0
0,0,0
0,0,0
0,0,0
0,0,0
0,0,0
0,0,0
0,0,0
0,0,0
0,0,0
0,0,0
0,0,0
0,0,0
0,0,0
0,0,0
0,0,0
0,0,0
0,0,0
0,0,0
0,0,0
0,0,0
0,0,0
0,0,0
0,0,0
0,0,0
0,0,0
0,0,0
0,0,0
0,0,0
0,0,0
0,0,0
0,0,0
0,0,0
0,0,0
0,0,0
0,0,0
0,0,0
0,0,0
0,0,0
0,0,0
0,0,0
0,0,0
0,0,0
0,0,0
0,0,0
0,0,0
0,0,0
0,0,0
0,0,0
0,0,0
0,0,0
0,0,0
0,0,0
0,0,0
0,0,0
0,0,0
0,0,0
0,0,0
0,0,0
0,0,0
0,0,0
0,0,0
0,0,0
0,0,0
0,0,0
0,0,0
0,0,0
0,0,0
0,0,0
0,0,0
0,0,0
0,0,0
0,0,0
0,0,0
0,0,0
0,0,0
0,0,0
0,0,0
0,0,0
0,0,0
0,0,0
0,0,0
0,0,0
0,0,0
0,0,0
0,0,0
0,0,0
0,0,0
0,0,0
0,0,0
0,0,0
0,0,0
0,0,0
0,0,0
0,0,0
0,0,0
0,0,0
0,0,0
0,0,0
0,0,0
0,0,0
0,0,0
0,0,0
0,0,0
0,0,0
0,0,0
0,0,0
0,0,0
0,0,0
0,0,0
0,0,0
0,0,0
0,0,0
0,0,0
0,0,0
0,0,0
0,0,0
0,0,0
0,0,0
0,0,0
0,0,0
0,0,0
0,0,0
0,0,0
0,0,0
0,0,0
0,0,0
0,0,0
0,0,0
0,0,0
0,0,0
0,0,0
0,0,0
0,0,0
0,0,0
0,0,0
0,0,0
0,0,0
0,0,0
0,0,0
0,0,0
0,0,0
0,0,0
0,0,0
0,0,0
0,0,0
0,0,0
0,0,0
0,0,0
0,0,0
0,0,0
0,0,0
0,0,0
0,0,0
0,0,0
0,0,0
0,0,0
0,0,0
0,0,0
0,0,0
0,0,0
0,0,0
0,0,0
0,0,0
0,0,0
0,0,0
0,0,0
0,0,0
0,0,0
0,0,0
0,0,0
0,0,0
0,0,0
0,0,0
0,0,0
0,0,0
0,0,0
0,0,0
0,0,0
0,0,0
0,0,0
0,0,0
0,0,0
0,0,0
0,0,0
0,0,0
0,0,0
0,0,0
0,0,0
0,0,0
0,0,0
0,0,0
0,0,0
0,0,0
0,0,0
0,0,0
0,0,0
0,0,0
0,0,0
0,0,0
0,0,0
0,0,0
0,0,0
0,0,0
0,0,0
0,0,0
0,0,0
0,0,0
0,0,0
0,0,0
0,0,0
0,0,0
0,0,0
0,0,0
0,0,0
0,0,0
0,0,0
0,0,0
0,0,0
0,0,0
0,0,0
0,0,0
0,0,0
0,0,0
0,0,0
0,0,0
0,0,0
0,0,0
0,0,0
0,0,0
0,0,0
0,0,0
0,0,0
0,0,0
0,0,0
0,0,0
0,0,0
0,0,0
0,0,0
0,0,0
0,0,0
0,0,0
0,0,0
0,0,0
0,0,0
0,0,0
0,0,0
0,0,0
0,0,0
0,0,0
0,0,0
0,0,0
0,0,0
0,0,0
0,0,0
0,0,0
0,0,0
0,0,0
0,0,0
0,0,0
0,0,0
0,0,0
0,0,0
0,0,0
0,0,0
0,0,0
0,0,0
0,0,0
0,0,0
0,0,0
0,0,0
0,0,0
0,0,0
0,0,0
0,0,0
0,0,0
0,0,0
0,0,0
0,0,0
0,0,0
0,0,0
0,0,0
0,0,0
0,0,0
0,0,0
0,0,0
0,0,0
0,0,0
0,0,0
0,0,0
0,0,0
0,0,0
0,0,0
0,0,0
0,0,0
0,0,0
0,0,0
0,0,0
0,0,0
0,0,0
0,0,0
0,0,0
0,0,0
0,0,0
0,0,0
0,0,0
0,0,0
0,0,0
0,0,0
0,0,0
0,0,0
0,0,0
0,0,0
0,0,0
0,0,0
0,0,0
0,0,0
0,0,0
0,0,0
0,0,0
0,0,0
0,0,0
0,0,0
0,0,0
0,0,0
0,0,0
0,0,0
0,0,0
0,0,0
0,0,0
0,0,0
0,0,0
0,0,0
0,0,0
0,0,0
0,0,0
0,0,0
0,0,0
0,0,0
0,0,0
0,0,0
0,0,0
0,0,0
0,0,0
0,0,0
0,0,0
0,0,0
0,0,0
0,0,0
0,0,0
0,0,0
0,0,0
0,0,0
0,0,0
0,0,0
0,0,0
0,0,0
0,0,0
0,0,0
0,0,0
0,0,0
0,0,0
0,0,0
0,0,0
0,0,0
0,0,0
0,0,0
0,0,0
0,0,0
0,0,0
0,0,0
0,0,0
0,0,0
0,0,0
0,0,0
0,0,0
0,0,0
0,0,0
0,0,0
0,0,0
0,0,0
0,0,0
0,0,0
0,0,0
0,0,0
0,0,0
0,0,0
0,0,0
0,0,0
0,0,0
0,0,0
0,0,0
0,0,0
0,0,0
0,0,0
0,0,0
0,0,0
0,0,0
0,0,0
0,0,0
0,0,0
0,0,0
0,0,0
0,0,0
0,0,0
0,0,0
0,0,0
0,0,0
0,0,0
0,0,0
0,0,0
0,0,0
0,0,0
0,0,0
0,0,0
0,0,0
0,0,0
0,0,0
0,0,0
0,0,0
0,0,0
0,0,0
0,0,0
0,0,0
0,0,0
0,0,0
0,0,0
0,0,0
0,0,0
0,0,0
0,0,0
0,0,0
0,0,0
0,0,0
0,0,0
0,0,0
0,0,0
0,0,0
0,0,0
0,0,0
0,0,0
0,0,0
0,0,0
0,0,0
0,0,0
0,0,0
0,0,0
0,0,0
0,0,0
0,0,0
0,0,0
0,0,0
0,0,0
0,0,0
0,0,0
0,0,0
0,0,0
0,0,0
0,0,0
0,0,0
0,0,0
0,0,0
0,0,0
0,0,0
0,0,0
0,0,0
0,0,0
0,0,0
0,0,0
0,0,0
0,0,0
0,0,0
0,0,0
0,0,0
0,0,0
0,0,0
0,0,0
0,0,0
0,0,0
0,0,0
0,0,0
0,0,0
0,0,0
0,0,0
0,0,0
0,0,0
0,0,0
0,0,0
0,0,0
0,0,0
0,0,0
0,0,0
0,0,0
0,0,0
0,0,0
0,0,0
0,0,0
0,0,0
0,0,0
0,0,0
0,0,0
0,0,0
0,0,0
0,0,0
0,0,0
0,0,0
0,0,0
0,0,0
0,0,0
0,0,0
0,0,0
0,0,0
0,0,0
0,0,0
0,0,0
0,0,0
0,0,0
0,0,0
0,0,0
0,0,0
0,0,0
0,0,0
0,0,0
0,0,0
0,0,0
0,0,0
0,0,0
0,0,0
0,0,0
0,0,0
0,0,0
0,0,0
0,0,0
0,0,0
0,0,0
0,0,0
0,0,0
0,0,0
0,0,0
0,0,0
0,0,0
0,0,0
0,0,0
0,0,0
0,0,0
0,0,0
0,0,0
0,0,0
0,0,0
0,0,0
0,0,0
0,0,0
0,0,0
0,0,0
0,0,0
0,0,0
0,0,0
0,0,0
0,0,0
0,0,0
0,0,0
0,0,0
0,0,0
0,0,0
0,0,0
0,0,0
0,0,0
0,0,0
0,0,0
0,0,0
0,0,0
0,0,0
0,0,0
0,0,0
0,0,0
0,0,0
0,0,0
0,0,0
0,0,0
0,0,0
0,0,0
0,0,0
0,0,0
0,0,0
0,0,0
0,0,0
0,0,0
0,0,0
0,0,0
0,0,0
0,0,0
0,0,0
0,0,0
0,0,0
0,0,0
0,0,0
0,0,0
0,0,0
0,0,0
0,0,0
0,0,0
0,0,0
0,0,0
0,0,0
0,0,0
0,0,0
0,0,0
0,0,0
0,0,0
0,0,0
0,0,0
0,0,0
0,0,0
0,0,0
0,0,0
0,0,0
0,0,0
0,0,0
0,0,0
0,0,0
0,0,0
0,0,0
0,0,0
0,0,0
0,0,0
0,0,0
0,0,0
0,0,0
0,0,0
0,0,0
0,0,0
0,0,0
0,0,0
0,0,0
0,0,0
0,0,0
0,0,0
0,0,0
0,0,0
0,0,0
0,0,0
0,0,0
0,0,0
0,0,0
0,0,0
0,0,0
0,0,0
0,0,0
0,0,0
0,0,0
0,0,0
0,0,0
0,0,0
0,0,0
0,0,0
0,0,0
0,0,0
0,0,0
0,0,0
0,0,0
0,0,0
0,0,0
0,0,0
0,0,0
0,0,0
0,0,0
0,0,0
0,0,0
0,0,0
0,0,0
0,0,0
0,0,0
0,0,0
0,0,0
0,0,0
0,0,0
0,0,0
0,0,0
0,0,0
0,0,0
0,0,0
0,0,0
0,0,0
0,0,0
0,0,0
0,0,0
0,0,0
0,0,0
0,0,0
0,0,0
0,0,0
0,0,0
0,0,0
0,0,0
0,0,0
0,0,0
0,0,0
0,0,0
0,0,0
0,0,0
0,0,0
0,0,0
0,0,0
0,0,0
0,0,0
0,0,0
0,0,0
0,0,0
0,0,0
0,0,0
0,0,0
0,0,0
0,0,0
0,0,0
0,0,0
0,0,0
0,0,0
0,0,0
0,0,0
0,0,0
0,0,0
0,0,0
0,0,0
0,0,0
0,0,0
0,0,0
0,0,0
0,0,0
0,0,0
0,0,0
0,0,0
0,0,0
0,0,0
0,0,0
0,0,0
0,0,0
0,0,0
0,0,0
0,0,0
0,0,0
0,0,0
0,0,0
0,0,0
0,0,0
0,0,0
0,0,0
0,0,0
0,0,0
0,0,0
0,0,0
0,0,0
0,0,0
0,0,0
0,0,0
0,0,0
0,0,0
0,0,0
0,0,0
0,0,0
0,0,0
0,0,0
0,0,0
0,0,0
0,0,0
0,0,0
0,0,0
0,0,0
0,0,0
0,0,0
0,0,0
0,0,0
0,0,0
0,0,0
0,0,0
0,0,0
0,0,0
0,0,0
0,0,0
0,0,0
0,0,0
0,0,0
0,0,0
0,0,0
0,0,0
0,0,0
0,0,0
0,0,0
0,0,0
0,0,0
0,0,0
0,0,0
0,0,0
0,0,0
0,0,0
0,0,0
0,0,0
0,0,0
0,0,0
0,0,0
0,0,0
0,0,0
0,0,0
0,0,0
0,0,0
0,0,0
0,0,0
0,0,0
0,0,0
0,0,0
0,0,0
0,0,0
0,0,0
0,0,0
0,0,0
0,0,0
0,0,0
0,0,0
0,0,0
0,0,0
0,0,0
0,0,0
0,0,0
0,0,0
0,0,0
0,0,0
0,0,0
0,0,0
0,0,0
0,0,0
0,0,0
0,0,0
0,0,0
0,0,0
0,0,0
0,0,0
0,0,0
0,0,0
0,0,0
0,0,0
0,0,0
0,0,0
0,0,0
0,0,0
0,0,0
0,0,0
0,0,0
0,0,0
0,0,0
0,0,0
0,0,0
0,0,0
0,0,0
0,0,0
0,0,0
0,0,0
0,0,0
0,0,0
0,0,0
0,0,0
0,0,0
0,0,0
0,0,0
0,0,0
0,0,0
0,0,0
0,0,0
0,0,0
0,0,0
0,0,0
0,0,0
0,0,0
0,0,0
0,0,0
0,0,0
0,0,0
0,0,0
0,0,0
0,0,0
0,0,0
0,0,0
0,0,0
0,0,0
0,0,0
0,0,0
0,0,0
0,0,0
0,0,0
0,0,0
0,0,0
0,0,0
0,0,0
0,0,0
0,0,0
0,0,0
0,0,0
0,0,0
0,0,0
0,0,0
0,0,0
0,0,0
0,0,0
0,0,0
0,0,0
0,0,0
0,0,0
0,0,0
0,0,0
0,0,0
0,0,0
0,0,0
0,0,0
0,0,0
0,0,0
0,0,0
0,0,0
0,0,0
0,0,0
0,0,0
0,0,0
0,0,0
0,0,0
0,0,0
0,0,0
0,0,0
0,0,0
0,0,0
0,0,0
0,0,0
0,0,0
0,0,0
0,0,0
0,0,0
0,0,0
0,0,0
0,0,0
0,0,0
0,0,0
0,0,0
0,0,0
0,0,0
0,0,0
0,0,0
0,0,0
0,0,0
0,0,0
0,0,0
0,0,0
0,0,0
0,0,0
0,0,0
0,0,0
0,0,0
0,0,0
0,0,0
0,0,0
0,0,0
0,0,0
0,0,0
0,0,0
0,0,0
0,0,0
0,0,0
0,0,0
0,0,0
0,0,0
0,0,0
0,0,0
0,0,0
0,0,0
0,0,0
0,0,0
0,0,0
0,0,0
0,0,0
0,0,0
0,0,0
0,0,0
0,0,0
0,0,0
0,0,0
0,0,0
0,0,0
0,0,0
0,0,0
0,0,0
0,0,0
0,0,0
0,0,0
0,0,0
0,0,0
0,0,0
0,0,0
0,0,0
0,0,0
0,0,0
0,0,0
0,0,0
0,0,0
0,0,0
0,0,0
0,0,0
0,0,0
0,0,0
0,0,0
0,0,0
0,0,0
0,0,0
0,0,0
0,0,0
0,0,0
0,0,0
0,0,0
0,0,0
0,0,0
0,0,0
0,0,0
0,0,0
0,0,0
0,0,0
0,0,0
0,0,0
0,0,0
0,0,0
0,0,0
0,0,0
0,0,0
0,0,0
0,0,0
0,0,0
0,0,0
0,0,0
0,0,0
0,0,0
0,0,0
0,0,0
0,0,0
0,0,0
0,0,0
0,0,0
0,0,0
0,0,0
0,0,0
0,0,0
0,0,0
0,0,0
0,0,0
0,0,0
0,0,0
0,0,0
0,0,0
0,0,0
0,0,0
0,0,0
0,0,0
0,0,0
0,0,0
0,0,0
0,0,0
0,0,0
0,0,0
0,0,0
0,0,0
0,0,0
0,0,0
0,0,0
0,0,0
0,0,0
0,0,0
0,0,0
0,0,0
0,0,0
0,0,0
0,0,0
0,0,0
0,0,0
0,0,0
0,0,0
0,0,0
0,0,0
0,0,0
0,0,0
0,0,0
0,0,0
0,0,0
0,0,0
0,0,0
0,0,0
0,0,0
0,0,0
0,0,0
0,0,0
0,0,0
0,0,0
0,0,0
0,0,0
0,0,0
0,0,0
0,0,0
0,0,0
0,0,0
0,0,0
0,0,0
0,0,0
0,0,0
0,0,0
0,0,0
0,0,0
0,0,0
0,0,0
0,0,0
0,0,0
0,0,0
0,0,0
0,0,0
0,0,0
0,0,0
0,0,0
0,0,0
0,0,0
0,0,0
0,0,0
0,0,0
0,0,0
0,0,0
0,0,0
0,0,0
0,0,0
0,0,0
0,0,0
0,0,0
0,0,0
0,0,0
0,0,0
0,0,0
0,0,0
0,0,0
0,0,0
0,0,0
0,0,0
0,0,0
0,0,0
0,0,0
0,0,0
0,0,0
0,0,0
0,0,0
0,0,0
0,0,0
0,0,0
0,0,0
0,0,0
0,0,0
0,0,0
0,0,0
0,0,0
0,0,0
0,0,0
0,0,0
0,0,0
0,0,0
0,0,0
0,0,0
0,0,0
0,0,0
0,0,0
0,0,0
0,0,0
0,0,0
0,0,0
0,0,0
0,0,0
0,0,0
0,0,0
0,0,0
0,0,0
0,0,0
0,0,0
0,0,0
0,0,0
0,0,0
0,0,0
0,0,0
0,0,0
0,0,0
0,0,0
0,0,0
0,0,0
0,0,0
0,0,0
0,0,0
0,0,0
0,0,0
0,0,0
0,0,0
0,0,0
0,0,0
0,0,0
0,0,0
0,0,0
0,0,0
0,0,0
0,0,0
0,0,0
0,0,0
0,0,0
0,0,0
0,0,0
0,0,0
0,0,0
0,0,0
0,0,0
0,0,0
0,0,0
0,0,0
0,0,0
0,0,0
0,0,0
0,0,0
0,0,0
0,0,0
0,0,0
0,0,0
0,0,0
0,0,0
0,0,0
0,0,0
0,0,0
0,0,0
0,0,0
0,0,0
0,0,0
0,0,0
0,0,0
0,0,0
0,0,0
0,0,0
0,0,0
0,0,0
0,0,0
0,0,0
0,0,0
0,0,0
0,0,0
0,0,0
0,0,0
0,0,0
0,0,0
0,0,0
0,0,0
0,0,0
0,0,0
0,0,0
0,0,0
0,0,0
0,0,0
0,0,0
0,0,0
0,0,0
0,0,0
0,0,0
0,0,0
0,0,0
0,0,0
0,0,0
0,0,0
0,0,0
0,0,0
0,0,0
0,0,0
0,0,0
0,0,0
0,0,0
0,0,0
0,0,0
0,0,0
0,0,0
0,0,0
0,0,0
0,0,0
0,0,0
0,0,0
0,0,0
0,0,0
0,0,0
0,0,0
0,0,0
0,0,0
0,0,0
0,0,0
0,0,0
0,0,0
0,0,0
0,0,0
0,0,0
0,0,0
0,0,0
0,0,0
0,0,0
0,0,0
0,0,0
0,0,0
0,0,0
0,0,0
0,0,0
0,0,0
0,0,0
0,0,0
0,0,0
0,0,0
0,0,0
0,0,0
0,0,0
0,0,0
0,0,0
0,0,0
0,0,0
0,0,0
0,0,0
0,0,0
0,0,0
0,0,0
0,0,0
0,0,0
0,0,0
0,0,0
0,0,0
0,0,0
0,0,0
0,0,0
0,0,0
0,0,0
0,0,0
0,0,0
0,0,0
0,0,0
0,0,0
0,0,0
0,0,0
0,0,0
0,0,0
0,0,0
0,0,0
0,0,0
0,0,0
0,0,0
0,0,0
0,0,0
0,0,0
0,0,0
0,0,0
0,0,0
0,0,0
0,0,0
0,0,0
0,0,0
0,0,0
0,0,0
0,0,0
0,0,0
0,0,0
0,0,0
0,0,0
0,0,0
0,0,0
0,0,0
0,0,0
0,0,0
0,0,0
0,0,0
0,0,0
0,0,0
0,0,0
0,0,0
0,0,0
0,0,0
0,0,0
0,0,0
0,0,0
0,0,0
0,0,0
0,0,0
0,0,0
0,0,0
0,0,0
0,0,0
0,0,0
0,0,0
0,0,0
0,0,0
0,0,0
0,0,0
0,0,0
0,0,0
0,0,0
0,0,0
0,0,0
0,0,0
0,0,0
0,0,0
0,0,0
0,0,0
0,0,0
0,0,0
0,0,0
0,0,0
0,0,0
0,0,0
0,0,0
0,0,0
0,0,0
0,0,0
0,0,0
0,0,0
0,0,0
0,0,0
0,0,0
0,0,0
0,0,0
0,0,0
0,0,0
0,0,0
0,0,0
0,0,0
0,0,0
0,0,0
0,0,0
0,0,0
0,0,0
0,0,0
0,0,0
0,0,0
0,0,0
0,0,0
0,0,0
0,0,0
0,0,0
0,0,0
0,0,0
0,0,0
0,0,0
0,0,0
0,0,0
0,0,0
0,0,0
0,0,0
0,0,0
0,0,0
0,0,0
0,0,0
0,0,0
0,0,0
0,0,0
0,0,0
0,0,0
0,0,0
0,0,0
0,0,0
0,0,0
0,0,0
0,0,0
0,0,0
0,0,0
0,0,0
0,0,0
0,0,0
0,0,0
0,0,0
0,0,0
0,0,0
0,0,0
0,0,0
0,0,0
0,0,0
0,0,0
0,0,0
0,0,0
0,0,0
0,0,0
0,0,0
0,0,0
0,0,0
0,0,0
0,0,0
0,0,0
0,0,0
0,0,0
0,0,0
0,0,0
0,0,0
0,0,0
0,0,0
0,0,0
0,0,0
0,0,0
0,0,0
0,0,0
0,0,0
0,0,0
0,0,0
0,0,0
0,0,0
0,0,0
0,0,0
0,0,0
0,0,0
0,0,0
0,0,0
0,0,0
0,0,0
0,0,0
0,0,0
0,0,0
0,0,0
0,0,0
0,0,0
0,0,0
0,0,0
0,0,0
0,0,0
0,0,0
0,0,0
0,0,0
0,0,0
0,0,0
0,0,0
0,0,0
0,0,0
0,0,0
0,0,0
0,0,0
0,0,0
0,0,0
0,0,0
0,0,0
0,0,0
0,0,0
0,0,0
0,0,0
0,0,0
0,0,0
0,0,0
0,0,0
0,0,0
0,0,0
0,0,0
0,0,0
0,0,0
0,0,0
0,0,0
0,0,0
0,0,0
0,0,0
0,0,0
0,0,0
0,0,0
0,0,0
0,0,0
0,0,0
0,0,0
0,0,0
0,0,0
0,0,0
0,0,0
0,0,0
0,0,0
0,0,0
0,0,0
0,0,0
0,0,0
0,0,0
0,0,0
0,0,0
0,0,0
0,0,0
0,0,0
0,0,0
0,0,0
0,0,0
0,0,0
0,0,0
0,0,0
0,0,0
0,0,0
0,0,0
0,0,0
0,0,0
0,0,0
0,0,0
0,0,0
0,0,0
0,0,0
0,0,0
0,0,0
0,0,0
0,0,0
0,0,0
0,0,0
0,0,0
0,0,0
0,0,0
0,0,0
0,0,0
0,0,0
0,0,0
0,0,0
0,0,0
0,0,0
0,0,0
0,0,0
0,0,0
0,0,0
0,0,0
0,0,0
0,0,0
0,0,0
0,0,0
0,0,0
0,0,0
0,0,0
0,0,0
0,0,0
0,0,0
0,0,0
0,0,0
0,0,0
0,0,0
0,0,0
0,0,0
0,0,0
0,0,0
0,0,0
0,0,0
0,0,0
0,0,0
0,0,0
0,0,0
0,0,0
0,0,0
0,0,0
0,0,0
0,0,0
0,0,0
0,0,0
0,0,0
0,0,0
0,0,0
0,0,0
0,0,0
0,0,0
0,0,0
0,0,0
0,0,0
0,0,0
0,0,0
0,0,0
0,0,0
0,0,0
0,0,0
0,0,0
0,0,0
0,0,0
0,0,0
0,0,0
0,0,0
0,0,0
0,0,0
0,0,0
0,0,0
0,0,0
0,0,0
0,0,0
0,0,0
0,0,0
0,0,0
0,0,0
0,0,0
0,0,0
0,0,0
0,0,0
0,0,0
0,0,0
0,0,0
0,0,0
0,0,0
0,0,0
0,0,0
0,0,0
0,0,0
0,0,0
0,0,0
0,0,0
0,0,0
0,0,0
0,0,0
0,0,0
0,0,0
0,0,0
0,0,0
0,0,0
0,0,0
0,0,0
0,0,0
0,0,0
0,0,0
0,0,0
0,0,0
0,0,0
0,0,0
0,0,0
0,0,0
0,0,0
0,0,0
0,0,0
0,0,0
0,0,0
0,0,0
0,0,0
0,0,0
0,0,0
0,0,0
0,0,0
0,0,0
0,0,0
0,0,0
0,0,0
0,0,0
0,0,0
0,0,0
0,0,0
0,0,0
0,0,0
0,0,0
0,0,0
0,0,0
0,0,0
0,0,0
0,0,0
0,0,0
0,0,0
0,0,0
0,0,0
0,0,0
0,0,0
0,0,0
0,0,0
0,0,0
0,0,0
0,0,0
0,0,0
0,0,0
0,0,0
0,0,0
0,0,0
0,0,0
0,0,0
0,0,0
0,0,0
0,0,0
0,0,0
0,0,0
0,0,0
0,0,0
0,0,0
0,0,0
0,0,0
0,0,0
0,0,0
0,0,0
0,0,0
0,0,0
0,0,0
0,0,0
0,0,0
0,0,0
0,0,0
0,0,0
0,0,0
0,0,0
0,0,0
0,0,0
0,0,0
0,0,0
0,0,0
0,0,0
0,0,0
0,0,0
0,0,0
0,0,0
0,0,0
0,0,0
0,0,0
0,0,0
0,0,0
0,0,0
0,0,0
0,0,0
0,0,0
0,0,0
0,0,0
0,0,0
0,0,0
0,0,0
0,0,0
0,0,0
0,0,0
0,0,0
0,0,0
0,0,0
0,0,0
0,0,0
0,0,0
0,0,0
0,0,0
0,0,0
0,0,0
0,0,0
0,0,0
0,0,0
0,0,0
0,0,0
0,0,0
0,0,0
0,0,0
0,0,0
0,0,0
0,0,0
0,0,0
0,0,0
0,0,0
0,0,0
0,0,0
0,0,0
0,0,0
0,0,0
0,0,0
0,0,0
0,0,0
0,0,0
0,0,0
0,0,0
0,0,0
0,0,0
0,0,0
0,0,0
0,0,0
0,0,0
0,0,0
0,0,0
0,0,0
0,0,0
0,0,0
0,0,0
0,0,0
0,0,0
0,0,0
0,0,0
0,0,0
0,0,0
0,0,0
0,0,0
0,0,0
0,0,0
0,0,0
0,0,0
0,0,0
0,0,0
0,0,0
0,0,0
0,0,0
0,0,0
0,0,0
0,0,0
0,0,0
0,0,0
0,0,0
0,0,0
0,0,0
0,0,0
0,0,0
0,0,0
0,0,0
0,0,0
0,0,0
0,0,0
0,0,0
0,0,0
0,0,0
0,0,0
0,0,0
0,0,0
0,0,0
0,0,0
0,0,0
0,0,0
0,0,0
0,0,0
0,0,0
0,0,0
0,0,0
0,0,0
0,0,0
0,0,0
0,0,0
0,0,0
0,0,0
0,0,0
0,0,0
0,0,0
0,0,0
0,0,0
0,0,0
0,0,0
0,0,0
0,0,0
0,0,0
0,0,0
0,0,0
0,0,0
0,0,0
0,0,0
0,0,0
0,0,0
0,0,0
0,0,0
0,0,0
0,0,0
0,0,0
0,0,0
0,0,0
0,0,0
0,0,0
0,0,0
0,0,0
0,0,0
0,0,0
0,0,0
0,0,0
0,0,0
0,0,0
0,0,0
0,0,0
0,0,0
0,0,0
0,0,0
0,0,0
0,0,0
0,0,0
0,0,0
0,0,0
0,0,0
0,0,0
0,0,0
0,0,0
0,0,0
0,0,0
0,0,0
0,0,0
0,0,0
0,0,0
0,0,0
0,0,0
0,0,0
0,0,0
0,0,0
0,0,0
0,0,0
0,0,0
0,0,0
0,0,0
0,0,0
0,0,0
0,0,0
0,0,0
0,0,0
0,0,0
0,0,0
0,0,0
0,0,0
0,0,0
0,0,0
0,0,0
0,0,0
0,0,0
0,0,0
0,0,0
0,0,0
0,0,0
0,0,0
0,0,0
0,0,0
0,0,0
0,0,0
0,0,0
0,0,0
0,0,0
0,0,0
0,0,0
0,0,0
0,0,0
0,0,0
0,0,0
0,0,0
0,0,0
0,0,0
0,0,0
0,0,0
0,0,0
0,0,0
0,0,0
0,0,0
0,0,0
0,0,0
0,0,0
0,0,0
0,0,0
0,0,0
0,0,0
0,0,0
0,0,0
0,0,0
0,0,0
0,0,0
0,0,0
0,0,0
0,0,0
0,0,0
0,0,0
0,0,0
0,0,0
0,0,0
0,0,0
0,0,0
0,0,0
0,0,0
0,0,0
0,0,0
0,0,0
0,0,0
0,0,0
0,0,0
0,0,0
0,0,0
0,0,0
0,0,0
0,0,0
0,0,0
0,0,0
0,0,0
0,0,0
0,0,0
0,0,0
0,0,0
0,0,0
0,0,0
0,0,0
0,0,0
0,0,0
0,0,0
0,0,0
0,0,0
0,0,0
0,0,0
0,0,0
0,0,0
0,0,0
0,0,0
0,0,0
0,0,0
0,0,0
0,0,0
0,0,0
0,0,0
0,0,0
0,0,0
0,0,0
0,0,0
0,0,0
0,0,0
0,0,0
0,0,0
0,0,0
0,0,0
0,0,0
0,0,0
0,0,0
0,0,0
0,0,0
0,0,0
0,0,0
0,0,0
0,0,0
0,0,0
0,0,0
0,0,0
0,0,0
0,0,0
0,0,0
0,0,0
0,0,0
0,0,0
0,0,0
0,0,0
0,0,0
0,0,0
0,0,0
0,0,0
0,0,0
0,0,0
0,0,0
0,0,0
0,0,0
0,0,0
0,0,0
0,0,0
0,0,0
0,0,0
0,0,0
0,0,0
0,0,0
0,0,0
0,0,0
0,0,0
0,0,0
0,0,0
0,0,0
0,0,0
0,0,0
0,0,0
0,0,0
0,0,0
0,0,0
0,0,0
0,0,0
0,0,0
0,0,0
0,0,0
0,0,0
0,0,0
0,0,0
0,0,0
0,0,0
0,0,0
0,0,0
0,0,0
0,0,0
0,0,0
0,0,0
0,0,0
0,0,0
0,0,0
0,0,0
0,0,0
0,0,0
0,0,0
0,0,0
0,0,0
0,0,0
0,0,0
0,0,0
0,0,0
0,0,0
0,0,0
0,0,0
0,0,0
0,0,0
0,0,0
0,0,0
0,0,0
0,0,0
0,0,0
0,0,0
0,0,0
0,0,0
0,0,0
0,0,0
0,0,0
0,0,0
0,0,0
0,0,0
0,0,0
0,0,0
0,0,0
0,0,0
0,0,0
0,0,0
0,0,0
0,0,0
0,0,0
0,0,0
0,0,0
0,0,0
0,0,0
0,0,0
0,0,0
0,0,0
0,0,0
0,0,0
0,0,0
0,0,0
0,0,0
0,0,0
0,0,0
0,0,0
0,0,0
0,0,0
0,0,0
0,0,0
0,0,0
0,0,0
0,0,0
0,0,0
0,0,0
0,0,0
0,0,0
0,0,0
0,0,0
0,0,0
0,0,0
0,0,0
0,0,0
0,0,0
0,0,0
0,0,0
0,0,0
0,0,0
0,0,0
0,0,0
0,0,0
0,0,0
0,0,0
0,0,0
0,0,0
0,0,0
0,0,0
0,0,0
0,0,0
0,0,0
0,0,0
0,0,0
0,0,0
0,0,0
0,0,0
0,0,0
0,0,0
0,0,0
0,0,0
0,0,0
0,0,0
0,0,0
0,0,0
0,0,0
0,0,0
0,0,0
0,0,0
0,0,0
0,0,0
0,0,0
0,0,0
0,0,0
0,0,0
0,0,0
0,0,0
0,0,0
0,0,0
0,0,0
0,0,0
0,0,0
0,0,0
0,0,0
0,0,0
0,0,0
0,0,0
0,0,0
0,0,0
0,0,0
0,0,0
0,0,0
0,0,0
0,0,0
0,0,0
0,0,0
0,0,0
0,0,0
0,0,0
0,0,0
0,0,0
0,0,0
0,0,0
0,0,0
0,0,0
0,0,0
0,0,0
0,0,0
0,0,0
0,0,0
0,0,0
0,0,0
0,0,0
0,0,0
0,0,0
0,0,0
0,0,0
0,0,0
0,0,0
0,0,0
0,0,0
0,0,0
0,0,0
0,0,0
0,0,0
0,0,0
0,0,0
0,0,0
0,0,0
0,0,0
0,0,0
0,0,0
0,0,0
0,0,0
0,0,0
0,0,0
0,0,0
0,0,0
0,0,0
0,0,0
0,0,0
0,0,0
0,0,0
0,0,0
0,0,0
0,0,0
0,0,0
0,0,0
0,0,0
0,0,0
0,0,0
0,0,0
0,0,0
0,0,0
0,0,0
0,0,0
0,0,0
0,0,0
0,0,0
0,0,0
0,0,0
0,0,0
0,0,0
0,0,0
0,0,0
0,0,0
0,0,0
0,0,0
0,0,0
0,0,0
0,0,0
0,0,0
0,0,0
0,0,0
0,0,0
0,0,0
0,0,0
0,0,0
0,0,0
0,0,0
0,0,0
0,0,0
0,0,0
0,0,0
0,0,0
0,0,0
0,0,0
0,0,0
0,0,0
0,0,0
0,0,0
0,0,0
0,0,0
0,0,0
0,0,0
0,0,0
0,0,0
0,0,0
0,0,0
0,0,0
0,0,0
0,0,0
0,0,0
0,0,0
0,0,0
0,0,0
0,0,0
0,0,0
0,0,0
0,0,0
0,0,0
0,0,0
0,0,0
0,0,0
0,0,0
0,0,0
0,0,0
0,0,0
0,0,0
0,0,0
0,0,0
0,0,0
0,0,0
0,0,0
0,0,0
0,0,0
0,0,0
0,0,0
0,0,0
0,0,0
0,0,0
0,0,0
0,0,0
0,0,0
0,0,0
0,0,0
0,0,0
0,0,0
0,0,0
0,0,0
0,0,0
0,0,0
0,0,0
0,0,0
0,0,0
0,0,0
0,0,0
0,0,0
0,0,0
0,0,0
0,0,0
0,0,0
0,0,0
0,0,0
0,0,0
0,0,0
0,0,0
0,0,0
0,0,0
0,0,0
0,0,0
0,0,0
0,0,0
0,0,0
0,0,0
0,0,0
0,0,0
0,0,0
0,0,0
0,0,0
0,0,0
0,0,0
0,0,0
0,0,0
0,0,0
0,0,0
0,0,0
0,0,0
0,0,0
0,0,0
0,0,0
0,0,0
0,0,0
0,0,0
0,0,0
0,0,0
0,0,0
0,0,0
0,0,0
0,0,0
0,0,0
0,0,0
0,0,0
0,0,0
0,0,0
0,0,0
0,0,0
0,0,0
0,0,0
0,0,0
0,0,0
0,0,0
0,0,0
0,0,0
0,0,0
0,0,0
0,0,0
0,0,0
0,0,0
0,0,0
0,0,0
0,0,0
0,0,0
0,0,0
0,0,0
0,0,0
0,0,0
0,0,0
0,0,0
0,0,0
0,0,0
0,0,0
0,0,0
0,0,0
0,0,0
0,0,0
0,0,0
0,0,0
0,0,0
0,0,0
0,0,0
0,0,0
0,0,0
0,0,0
0,0,0
0,0,0
0,0,0
0,0,0
0,0,0
0,0,0
0,0,0
0,0,0
0,0,0
0,0,0
0,0,0
0,0,0
0,0,0
0,0,0
0,0,0
0,0,0
0,0,0
0,0,0
0,0,0
0,0,0
0,0,0
0,0,0
0,0,0
0,0,0
0,0,0
0,0,0
0,0,0
0,0,0
0,0,0
0,0,0
0,0,0
0,0,0
0,0,0
0,0,0
0,0,0
0,0,0
0,0,0
0,0,0
0,0,0
0,0,0
0,0,0
0,0,0
0,0,0
0,0,0
0,0,0
0,0,0
0,0,0
0,0,0
0,0,0
0,0,0
0,0,0
0,0,0
0,0,0
0,0,0
0,0,0
0,0,0
0,0,0
0,0,0
0,0,0
0,0,0
0,0,0
0,0,0
0,0,0
0,0,0
0,0,0
0,0,0
0,0,0
0,0,0
0,0,0
0,0,0
0,0,0
0,0,0
0,0,0
0,0,0
0,0,0
0,0,0
0,0,0
0,0,0
0,0,0
0,0,0
0,0,0
0,0,0
0,0,0
0,0,0
0,0,0
0,0,0
0,0,0
0,0,0
0,0,0
0,0,0
0,0,0
0,0,0
0,0,0
0,0,0
0,0,0
0,0,0
0,0,0
0,0,0
0,0,0
0,0,0
0,0,0
0,0,0
0,0,0
0,0,0
0,0,0
0,0,0
0,0,0
0,0,0
0,0,0
0,0,0
0,0,0
0,0,0
0,0,0
0,0,0
0,0,0
0,0,0
0,0,0
0,0,0
0,0,0
0,0,0
0,0,0
0,0,0
0,0,0
0,0,0
0,0,0
0,0,0
0,0,0
0,0,0
0,0,0
0,0,0
0,0,0
0,0,0
0,0,0
0,0,0
0,0,0
0,0,0
0,0,0
0,0,0
0,0,0
0,0,0
0,0,0
0,0,0
0,0,0
0,0,0
0,0,0
0,0,0
0,0,0
0,0,0
0,0,0
0,0,0
0,0,0
0,0,0
0,0,0
0,0,0
0,0,0
0,0,0
0,0,0
0,0,0
0,0,0
0,0,0
0,0,0
0,0,0
0,0,0
0,0,0
0,0,0
0,0,0
0,0,0
0,0,0
0,0,0
0,0,0
0,0,0
0,0,0
0,0,0
0,0,0
0,0,0
0,0,0
0,0,0
0,0,0
0,0,0
0,0,0
0,0,0
0,0,0
0,0,0
0,0,0
0,0,0
0,0,0
0,0,0
0,0,0
0,0,0
0,0,0
0,0,0
0,0,0
0,0,0
0,0,0
0,0,0
0,0,0
0,0,0
0,0,0
0,0,0
0,0,0
0,0,0
0,0,0
0,0,0
0,0,0
0,0,0
0,0,0
0,0,0
0,0,0
0,0,0
0,0,0
0,0,0
0,0,0
0,0,0
0,0,0
0,0,0
0,0,0
0,0,0
0,0,0
0,0,0
0,0,0
0,0,0
0,0,0
0,0,0
0,0,0
0,0,0
0,0,0
0,0,0
0,0,0
0,0,0
0,0,0
0,0,0
0,0,0
0,0,0
0,0,0
0,0,0
0,0,0
0,0,0
0,0,0
0,0,0
0,0,0
0,0,0
0,0,0
0,0,0
0,0,0
0,0,0
0,0,0
0,0,0
0,0,0
0,0,0
0,0,0
0,0,0
0,0,0
0,0,0
0,0,0
0,0,0
0,0,0
0,0,0
0,0,0
0,0,0
0,0,0
0,0,0
0,0,0
0,0,0
0,0,0
0,0,0
0,0,0
0,0,0
0,0,0
0,0,0
0,0,0
0,0,0
0,0,0
0,0,0
0,0,0
0,0,0
0,0,0
0,0,0
0,0,0
0,0,0
0,0,0
0,0,0
0,0,0
0,0,0
0,0,0
0,0,0
0,0,0
0,0,0
0,0,0
0,0,0
0,0,0
0,0,0
0,0,0
0,0,0
0,0,0
0,0,0
0,0,0
0,0,0
0,0,0
0,0,0
0,0,0
0,0,0
0,0,0
0,0,0
0,0,0
0,0,0
0,0,0
0,0,0
0,0,0
0,0,0
0,0,0
0,0,0
0,0,0
0,0,0
0,0,0
0,0,0
0,0,0
0,0,0
0,0,0
0,0,0
0,0,0
0,0,0
0,0,0
0,0,0
0,0,0
0,0,0
0,0,0
0,0,0
0,0,0
0,0,0
0,0,0
0,0,0
0,0,0
0,0,0
0,0,0
0,0,0
0,0,0
0,0,0
0,0,0
0,0,0
0,0,0
0,0,0
0,0,0
0,0,0
0,0,0
0,0,0
0,0,0
0,0,0
0,0,0
0,0,0
0,0,0
0,0,0
0,0,0
0,0,0
0,0,0
0,0,0
0,0,0
0,0,0
0,0,0
0,0,0
0,0,0
0,0,0
0,0,0
0,0,0
0,0,0
0,0,0
0,0,0
0,0,0
0,0,0
0,0,0
0,0,0
0,0,0
0,0,0
0,0,0
0,0,0
0,0,0
0,0,0
0,0,0
0,0,0
0,0,0
0,0,0
0,0,0
0,0,0
0,0,0
0,0,0
0,0,0
0,0,0
0,0,0
0,0,0
0,0,0
0,0,0
0,0,0
0,0,0
0,0,0
0,0,0
0,0,0
0,0,0
0,0,0
0,0,0
0,0,0
0,0,0
0,0,0
0,0,0
0,0,0
0,0,0
0,0,0
0,0,0
0,0,0
0,0,0
0,0,0
0,0,0
0,0,0
0,0,0
0,0,0
0,0,0
0,0,0
0,0,0
0,0,0
0,0,0
0,0,0
0,0,0
0,0,0
0,0,0
0,0,0
0,0,0
0,0,0
0,0,0
0,0,0
0,0,0
0,0,0
0,0,0
0,0,0
0,0,0
0,0,0
0,0,0
0,0,0
0,0,0
0,0,0
0,0,0
0,0,0
0,0,0
0,0,0
0,0,0
0,0,0
0,0,0
0,0,0
0,0,0
0,0,0
0,0,0
0,0,0
0,0,0
0,0,0
0,0,0
0,0,0
0,0,0
0,0,0
0,0,0
0,0,0
0,0,0
0,0,0
0,0,0
0,0,0
0,0,0
0,0,0
0,0,0
0,0,0
0,0,0
0,0,0
0,0,0
0,0,0
0,0,0
0,0,0
0,0,0
0,0,0
0,0,0
0,0,0
0,0,0
0,0,0
0,0,0
0,0,0
0,0,0
0,0,0
0,0,0
0,0,0
0,0,0
0,0,0
0,0,0
0,0,0
0,0,0
0,0,0
0,0,0
0,0,0
0,0,0
0,0,0
0,0,0
0,0,0
0,0,0
0,0,0
0,0,0
0,0,0
0,0,0
0,0,0
0,0,0
0,0,0
0,0,0
0,0,0
0,0,0
0,0,0
0,0,0
0,0,0
0,0,0
0,0,0
0,0,0
0,0,0
0,0,0
0,0,0
0,0,0
0,0,0
0,0,0
0,0,0
0,0,0
0,0,0
0,0,0
0,0,0
0,0,0
0,0,0
0,0,0
0,0,0
0,0,0
0,0,0
0,0,0
0,0,0
0,0,0
0,0,0
0,0,0
0,0,0
0,0,0
0,0,0
0,0,0
0,0,0
0,0,0
0,0,0
0,0,0
0,0,0
0,0,0
0,0,0
0,0,0
0,0,0
0,0,0
0,0,0
0,0,0
0,0,0
0,0,0
0,0,0
0,0,0
0,0,0
0,0,0
0,0,0
0,0,0
0,0,0
0,0,0
0,0,0
0,0,0
0,0,0
0,0,0
0,0,0
0,0,0
0,0,0
0,0,0
0,0,0
0,0,0
0,0,0
0,0,0
0,0,0
0,0,0
0,0,0
0,0,0
0,0,0
0,0,0
0,0,0
0,0,0
0,0,0
0,0,0
0,0,0
0,0,0
0,0,0
0,0,0
0,0,0
0,0,0
0,0,0
0,0,0
0,0,0
0,0,0
0,0,0
0,0,0
0,0,0
0,0,0
0,0,0
0,0,0
0,0,0
0,0,0
0,0,0
0,0,0
0,0,0
0,0,0
0,0,0
0,0,0
0,0,0
0,0,0
0,0,0
0,0,0
0,0,0
0,0,0
0,0,0
0,0,0
0,0,0
0,0,0
0,0,0
0,0,0
0,0,0
0,0,0
0,0,0
0,0,0
0,0,0
0,0,0
0,0,0
0,0,0
0,0,0
0,0,0
0,0,0
0,0,0
0,0,0
0,0,0
0,0,0
0,0,0
0,0,0
0,0,0
0,0,0
0,0,0
0,0,0
0,0,0
0,0,0
0,0,0
0,0,0
0,0,0
0,0,0
0,0,0
0,0,0
0,0,0
0,0,0
0,0,0
0,0,0
0,0,0
0,0,0
0,0,0
0,0,0
0,0,0
0,0,0
0,0,0
0,0,0
0,0,0
0,0,0
0,0,0
0,0,0
0,0,0
0,0,0
0,0,0
0,0,0
0,0,0
0,0,0
0,0,0
0,0,0
0,0,0
0,0,0
0,0,0
0,0,0
0,0,0
0,0,0
0,0,0
0,0,0
0,0,0
0,0,0
0,0,0
0,0,0
0,0,0
0,0,0
0,0,0
0,0,0
0,0,0
0,0,0
0,0,0
0,0,0
0,0,0
0,0,0
0,0,0
0,0,0
0,0,0
0,0,0
0,0,0
0,0,0
0,0,0
0,0,0
0,0,0
0,0,0
0,0,0
0,0,0
0,0,0
0,0,0
0,0,0
0,0,0
0,0,0
0,0,0
0,0,0
0,0,0
0,0,0
0,0,0
0,0,0
0,0,0
0,0,0
0,0,0
0,0,0
0,0,0
0,0,0
0,0,0
0,0,0
0,0,0
0,0,0
0,0,0
0,0,0
0,0,0
0,0,0
0,0,0
0,0,0
0,0,0
0,0,0
0,0,0
0,0,0
0,0,0
0,0,0
0,0,0
0,0,0
0,0,0
0,0,0
0,0,0
0,0,0
0,0,0
0,0,0
0,0,0
0,0,0
0,0,0
0,0,0
0,0,0
0,0,0
0,0,0
0,0,0
0,0,0
0,0,0
0,0,0
0,0,0
0,0,0
0,0,0
0,0,0
0,0,0
0,0,0
0,0,0
0,0,0
0,0,0
0,0,0
0,0,0
0,0,0
0,0,0
0,0,0
0,0,0
0,0,0
0,0,0
0,0,0
0,0,0
0,0,0
0,0,0
0,0,0
0,0,0
0,0,0
0,0,0
0,0,0
0,0,0
0,0,0
0,0,0
0,0,0
0,0,0
0,0,0
0,0,0
0,0,0
0,0,0
0,0,0
0,0,0
0,0,0
0,0,0
0,0,0
0,0,0
0,0,0
0,0,0
0,0,0
0,0,0
0,0,0
0,0,0
0,0,0
0,0,0
0,0,0
0,0,0
0,0,0
0,0,0
0,0,0
0,0,0
0,0,0
0,0,0
0,0,0
0,0,0
0,0,0
0,0,0
0,0,0
0,0,0
0,0,0
0,0,0
0,0,0
0,0,0
0,0,0
0,0,0
0,0,0
0,0,0
0,0,0
0,0,0
0,0,0
0,0,0
0,0,0
0,0,0
0,0,0
0,0,0
0,0,0
0,0,0
0,0,0
0,0,0
0,0,0
0,0,0
0,0,0
0,0,0
0,0,0
0,0,0
0,0,0
0,0,0
0,0,0
0,0,0
0,0,0
0,0,0
0,0,0
0,0,0
0,0,0
0,0,0
0,0,0
0,0,0
0,0,0
0,0,0
0,0,0
0,0,0
0,0,0
0,0,0
0,0,0
0,0,0
0,0,0
0,0,0
0,0,0
0,0,0
0,0,0
0,0,0
0,0,0
0,0,0
0,0,0
0,0,0
0,0,0
0,0,0
0,0,0
0,0,0
0,0,0
0,0,0
0,0,0
0,0,0
0,0,0
0,0,0
0,0,0
0,0,0
0,0,0
0,0,0
0,0,0
0,0,0
0,0,0
0,0,0
0,0,0
0,0,0
0,0,0
0,0,0
0,0,0
0,0,0
0,0,0
0,0,0
0,0,0
0,0,0
0,0,0
0,0,0
0,0,0
0,0,0
0,0,0
0,0,0
0,0,0
0,0,0
0,0,0
0,0,0
0,0,0
0,0,0
0,0,0
0,0,0
0,0,0
0,0,0
0,0,0
0,0,0
0,0,0
0,0,0
0,0,0
0,0,0
0,0,0
0,0,0
0,0,0
0,0,0
0,0,0
0,0,0
0,0,0
0,0,0
0,0,0
0,0,0
0,0,0
0,0,0
0,0,0
0,0,0
0,0,0
0,0,0
0,0,0
0,0,0
0,0,0
0,0,0
0,0,0
0,0,0
0,0,0
0,0,0
0,0,0
0,0,0
0,0,0
0,0,0
0,0,0
0,0,0
0,0,0
0,0,0
0,0,0
0,0,0
0,0,0
0,0,0
0,0,0
0,0,0
0,0,0
0,0,0
0,0,0
0,0,0
0,0,0
0,0,0
0,0,0
0,0,0
0,0,0
0,0,0
0,0,0
0,0,0
0,0,0
0,0,0
0,0,0
0,0,0
0,0,0
0,0,0
0,0,0
0,0,0
0,0,0
0,0,0
0,0,0
0,0,0
0,0,0
0,0,0
0,0,0
0,0,0
0,0,0
0,0,0
0,0,0
0,0,0
0,0,0
0,0,0
0,0,0
0,0,0
0,0,0
0,0,0
0,0,0
0,0,0
0,0,0
0,0,0
0,0,0
0,0,0
0,0,0
0,0,0
0,0,0
0,0,0
0,0,0
0,0,0
0,0,0
0,0,0
0,0,0
0,0,0
0,0,0
0,0,0
0,0,0
0,0,0
0,0,0
0,0,0
0,0,0
0,0,0
0,0,0
0,0,0
0,0,0
0,0,0
0,0,0
0,0,0
0,0,0
0,0,0
0,0,0
0,0,0
0,0,0
0,0,0
0,0,0
0,0,0
0,0,0
0,0,0
0,0,0
0,0,0
0,0,0
0,0,0
0,0,0
0,0,0
0,0,0
0,0,0
0,0,0
0,0,0
0,0,0
0,0,0
0,0,0
0,0,0
0,0,0
0,0,0
0,0,0
0,0,0
0,0,0
0,0,0
0,0,0
0,0,0
0,0,0
0,0,0
0,0,0
0,0,0
0,0,0
0,0,0
0,0,0
0,0,0
0,0,0
0,0,0
0,0,0
0,0,0
0,0,0
0,0,0
0,0,0
0,0,0
0,0,0
0,0,0
0,0,0
0,0,0
0,0,0
0,0,0
0,0,0
0,0,0
0,0,0
0,0,0
0,0,0
0,0,0
0,0,0
0,0,0
0,0,0
0,0,0
0,0,0
0,0,0
0,0,0
0,0,0
0,0,0
0,0,0
0,0,0
0,0,0
0,0,0
0,0,0
0,0,0
0,0,0
0,0,0
0,0,0
0,0,0
0,0,0
0,0,0
0,0,0
0,0,0
0,0,0
0,0,0
0,0,0
0,0,0
0,0,0
0,0,0
0,0,0
0,0,0
0,0,0
0,0,0
0,0,0
0,0,0
0,0,0
0,0,0
0,0,0
0,0,0
0,0,0
0,0,0
0,0,0
0,0,0
0,0,0
0,0,0
0,0,0
0,0,0
0,0,0
0,0,0
0,0,0
0,0,0
0,0,0
0,0,0
0,0,0
0,0,0
0,0,0
0,0,0
0,0,0
0,0,0
0,0,0
0,0,0
0,0,0
0,0,0
0,0,0
0,0,0
0,0,0
0,0,0
0,0,0
0,0,0
0,0,0
0,0,0
0,0,0
0,0,0
0,0,0
0,0,0
0,0,0
0,0,0
0,0,0
0,0,0
0,0,0
0,0,0
0,0,0
0,0,0
0,0,0
0,0,0
0,0,0
0,0,0
0,0,0
0,0,0
0,0,0
0,0,0
0,0,0
0,0,0
0,0,0
0,0,0
0,0,0
0,0,0
0,0,0
0,0,0
0,0,0
0,0,0
0,0,0
0,0,0
0,0,0
0,0,0
0,0,0
0,0,0
0,0,0
0,0,0
0,0,0
0,0,0
0,0,0
0,0,0
0,0,0
0,0,0
0,0,0
0,0,0
0,0,0
0,0,0
0,0,0
0,0,0
0,0,0
0,0,0
0,0,0
0,0,0
0,0,0
0,0,0
0,0,0
0,0,0
0,0,0
0,0,0
0,0,0
0,0,0
0,0,0
0,0,0
0,0,0
0,0,0
0,0,0
0,0,0
0,0,0
0,0,0
0,0,0
0,0,0
0,0,0
0,0,0
0,0,0
0,0,0
0,0,0
0,0,0
0,0,0
0,0,0
0,0,0
0,0,0
0,0,0
0,0,0
0,0,0
0,0,0
0,0,0
0,0,0
0,0,0
0,0,0
0,0,0
0,0,0
0,0,0
0,0,0
0,0,0
0,0,0
0,0,0
0,0,0
0,0,0
0,0,0
0,0,0
0,0,0
0,0,0
0,0,0
0,0,0
0,0,0
0,0,0
0,0,0
0,0,0
0,0,0
0,0,0
0,0,0
0,0,0
0,0,0
0,0,0
0,0,0
0,0,0
0,0,0
0,0,0
0,0,0
0,0,0
0,0,0
0,0,0
0,0,0
0,0,0
0,0,0
0,0,0
0,0,0
0,0,0
0,0,0
0,0,0
0,0,0
0,0,0
0,0,0
0,0,0
0,0,0
0,0,0
0,0,0
0,0,0
0,0,0
0,0,0
0,0,0
0,0,0
0,0,0
0,0,0
0,0,0
0,0,0
0,0,0
0,0,0
0,0,0
0,0,0
0,0,0
0,0,0
0,0,0
0,0,0
0,0,0
0,0,0
0,0,0
0,0,0
0,0,0
0,0,0
0,0,0
0,0,0
0,0,0
0,0,0
0,0,0
0,0,0
0,0,0
0,0,0
0,0,0
0,0,0
0,0,0
0,0,0
0,0,0
0,0,0
0,0,0
0,0,0
0,0,0
0,0,0
0,0,0
0,0,0
0,0,0
0,0,0
0,0,0
0,0,0
0,0,0
0,0,0
0,0,0
0,0,0
0,0,0
0,0,0
0,0,0
0,0,0
0,0,0
0,0,0
0,0,0
0,0,0
0,0,0
0,0,0
0,0,0
0,0,0
0,0,0
0,0,0
0,0,0
0,0,0
0,0,0
0,0,0
0,0,0
0,0,0
0,0,0
0,0,0
0,0,0
0,0,0
0,0,0
0,0,0
0,0,0
0,0,0
0,0,0
0,0,0
0,0,0
0,0,0
0,0,0
0,0,0
0,0,0
0,0,0
0,0,0
0,0,0
0,0,0
0,0,0
0,0,0
0,0,0
0,0,0
0,0,0
0,0,0
0,0,0
0,0,0
0,0,0
0,0,0
0,0,0
0,0,0
0,0,0
0,0,0
0,0,0
0,0,0
0,0,0
0,0,0
0,0,0
0,0,0
0,0,0
0,0,0
0,0,0
0,0,0
0,0,0
0,0,0
0,0,0
0,0,0
0,0,0
0,0,0
0,0,0
0,0,0
0,0,0
0,0,0
0,0,0
0,0,0
0,0,0
0,0,0
0,0,0
0,0,0
0,0,0
0,0,0
0,0,0
0,0,0
0,0,0
0,0,0
0,0,0
0,0,0
0,0,0
0,0,0
0,0,0
0,0,0
0,0,0
0,0,0
0,0,0
0,0,0
0,0,0
0,0,0
0,0,0
0,0,0
0,0,0
0,0,0
0,0,0
0,0,0
0,0,0
0,0,0
0,0,0
0,0,0
0,0,0
0,0,0
0,0,0
0,0,0
0,0,0
0,0,0
0,0,0
0,0,0
0,0,0
0,0,0
0,0,0
0,0,0
0,0,0
0,0,0
0,0,0
0,0,0
0,0,0
0,0,0
0,0,0
0,0,0
0,0,0
0,0,0
0,0,0
0,0,0
0,0,0
0,0,0
0,0,0
0,0,0
0,0,0
0,0,0
0,0,0
0,0,0
0,0,0
0,0,0
0,0,0
0,0,0
0,0,0
0,0,0
0,0,0
0,0,0
0,0,0
0,0,0
0,0,0
0,0,0
0,0,0
0,0,0
0,0,0
0,0,0
0,0,0
0,0,0
0,0,0
0,0,0
0,0,0
0,0,0
0,0,0
0,0,0
0,0,0
0,0,0
0,0,0
0,0,0
0,0,0
0,0,0
0,0,0
0,0,0
0,0,0
0,0,0
0,0,0
0,0,0
0,0,0
0,0,0
0,0,0
0,0,0
0,0,0
0,0,0
0,0,0
0,0,0
0,0,0
0,0,0
0,0,0
0,0,0
0,0,0
0,0,0
0,0,0
0,0,0
0,0,0
0,0,0
0,0,0
0,0,0
0,0,0
0,0,0
0,0,0
0,0,0
0,0,0
0,0,0
0,0,0
0,0,0
0,0,0
0,0,0
0,0,0
0,0,0
0,0,0
0,0,0
0,0,0
0,0,0
0,0,0
0,0,0
0,0,0
0,0,0
0,0,0
0,0,0
0,0,0
0,0,0
0,0,0
0,0,0
0,0,0
0,0,0
0,0,0
0,0,0
0,0,0
0,0,0
0,0,0
0,0,0
0,0,0
0,0,0
0,0,0
0,0,0
0,0,0
0,0,0
0,0,0
0,0,0
0,0,0
0,0,0
0,0,0
0,0,0
0,0,0
0,0,0
0,0,0
0,0,0
0,0,0
0,0,0
0,0,0
0,0,0
0,0,0
0,0,0
0,0,0
0,0,0
0,0,0
0,0,0
0,0,0
0,0,0
0,0,0
0,0,0
0,0,0
0,0,0
0,0,0
0,0,0
0,0,0
0,0,0
0,0,0
0,0,0
0,0,0
0,0,0
0,0,0
0,0,0
0,0,0
0,0,0
0,0,0
0,0,0
0,0,0
0,0,0
0,0,0
0,0,0
0,0,0
0,0,0
0,0,0
0,0,0
0,0,0
0,0,0
0,0,0
0,0,0
0,0,0
0,0,0
0,0,0
0,0,0
0,0,0
0,0,0
0,0,0
0,0,0
0,0,0
0,0,0
0,0,0
0,0,0
0,0,0
0,0,0
0,0,0
0,0,0
0,0,0
0,0,0
0,0,0
0,0,0
0,0,0
0,0,0
0,0,0
0,0,0
0,0,0
0,0,0
0,0,0
0,0,0
0,0,0
0,0,0
0,0,0
0,0,0
0,0,0
0,0,0
0,0,0
0,0,0
0,0,0
0,0,0
0,0,0
0,0,0
0,0,0
0,0,0
0,0,0
0,0,0
0,0,0
0,0,0
0,0,0
0,0,0
0,0,0
0,0,0
0,0,0
0,0,0
0,0,0
0,0,0
0,0,0
0,0,0
0,0,0
0,0,0
0,0,0
0,0,0
0,0,0
0,0,0
0,0,0
0,0,0
0,0,0
0,0,0
0,0,0
0,0,0
0,0,0
0,0,0
0,0,0
0,0,0
0,0,0
0,0,0
0,0,0
0,0,0
0,0,0
0,0,0
0,0,0
0,0,0
0,0,0
0,0,0
0,0,0
0,0,0
0,0,0
0,0,0
0,0,0
0,0,0
0,0,0
0,0,0
0,0,0
0,0,0
0,0,0
0,0,0
0,0,0
0,0,0
0,0,0
0,0,0
0,0,0
0,0,0
0,0,0
0,0,0
0,0,0
0,0,0
0,0,0
0,0,0
0,0,0
0,0,0
0,0,0
0,0,0
0,0,0
0,0,0
0,0,0
0,0,0
0,0,0
0,0,0
0,0,0
0,0,0
0,0,0
0,0,0
0,0,0
0,0,0
0,0,0
0,0,0
0,0,0
0,0,0
0,0,0
0,0,0
0,0,0
0,0,0
0,0,0
0,0,0
0,0,0
0,0,0
0,0,0
0,0,0
0,0,0
0,0,0
0,0,0
0,0,0
0,0,0
0,0,0
0,0,0
0,0,0
0,0,0
0,0,0
0,0,0
0,0,0
0,0,0
0,0,0
0,0,0
0,0,0
0,0,0
0,0,0
0,0,0
0,0,0
0,0,0
0,0,0
0,0,0
0,0,0
0,0,0
0,0,0
0,0,0
0,0,0
0,0,0
0,0,0
0,0,0
0,0,0
0,0,0
0,0,0
0,0,0
0,0,0
0,0,0
0,0,0
0,0,0
0,0,0
0,0,0
0,0,0
0,0,0
0,0,0
0,0,0
0,0,0
0,0,0
0,0,0
0,0,0
0,0,0
0,0,0
0,0,0
0,0,0
0,0,0
0,0,0
0,0,0
0,0,0
0,0,0
0,0,0
0,0,0
0,0,0
0,0,0
0,0,0
0,0,0
0,0,0
0,0,0
0,0,0
0,0,0
0,0,0
0,0,0
0,0,0
0,0,0
0,0,0
0,0,0
0,0,0
0,0,0
0,0,0
0,0,0
0,0,0
0,0,0
0,0,0
0,0,0
0,0,0
0,0,0
0,0,0
0,0,0
0,0,0
0,0,0
0,0,0
0,0,0
0,0,0
0,0,0
0,0,0
0,0,0
0,0,0
0,0,0
0,0,0
0,0,0
0,0,0
0,0,0
0,0,0
0,0,0
0,0,0
0,0,0
0,0,0
0,0,0
0,0,0
0,0,0
0,0,0
0,0,0
0,0,0
0,0,0
0,0,0
0,0,0
0,0,0
0,0,0
0,0,0
0,0,0
0,0,0
0,0,0
0,0,0
0,0,0
0,0,0
0,0,0
0,0,0
0,0,0
0,0,0
0,0,0
0,0,0
0,0,0
0,0,0
0,0,0
0,0,0
0,0,0
0,0,0
0,0,0
0,0,0
0,0,0
0,0,0
0,0,0
0,0,0
0,0,0
0,0,0
0,0,0
0,0,0
0,0,0
0,0,0
0,0,0
0,0,0
0,0,0
0,0,0
0,0,0
0,0,0
0,0,0
0,0,0
0,0,0
0,0,0
0,0,0
0,0,0
0,0,0
0,0,0
0,0,0
0,0,0
0,0,0
0,0,0
0,0,0
0,0,0
0,0,0
0,0,0
0,0,0
0,0,0
0,0,0
0,0,0
0,0,0
0,0,0
0,0,0
0,0,0
0,0,0
0,0,0
0,0,0
0,0,0
0,0,0
0,0,0
0,0,0
0,0,0
0,0,0
0,0,0
0,0,0
0,0,0
0,0,0
0,0,0
0,0,0
0,0,0
0,0,0
0,0,0
0,0,0
0,0,0
0,0,0
0,0,0
0,0,0
0,0,0
0,0,0
0,0,0
0,0,0
0,0,0
0,0,0
0,0,0
0,0,0
0,0,0
0,0,0
0,0,0
0,0,0
0,0,0
0,0,0
0,0,0
0,0,0
0,0,0
0,0,0
0,0,0
0,0,0
0,0,0
0,0,0
0,0,0
0,0,0
0,0,0
0,0,0
0,0,0
0,0,0
0,0,0
0,0,0
0,0,0
0,0,0
0,0,0
0,0,0
0,0,0
0,0,0
0,0,0
0,0,0
0,0,0
0,0,0
0,0,0
0,0,0
0,0,0
0,0,0
0,0,0
0,0,0
0,0,0
0,0,0
0,0,0
0,0,0
0,0,0
0,0,0
0,0,0
0,0,0
0,0,0
0,0,0
0,0,0
0,0,0
0,0,0
0,0,0
0,0,0
0,0,0
0,0,0
0,0,0
0,0,0
0,0,0
0,0,0
0,0,0
0,0,0
0,0,0
0,0,0
0,0,0
0,0,0
0,0,0
0,0,0
0,0,0
0,0,0
0,0,0
0,0,0
0,0,0
0,0,0
0,0,0
0,0,0
0,0,0
0,0,0
0,0,0
0,0,0
0,0,0
0,0,0
0,0,0
0,0,0
0,0,0
0,0,0
0,0,0
0,0,0
0,0,0
0,0,0
0,0,0
0,0,0
0,0,0
0,0,0
0,0,0
0,0,0
0,0,0
0,0,0
0,0,0
0,0,0
0,0,0
0,0,0
0,0,0
0,0,0
0,0,0
0,0,0
0,0,0
0,0,0
0,0,0
0,0,0
0,0,0
0,0,0
0,0,0
0,0,0
0,0,0
0,0,0
0,0,0
0,0,0
0,0,0
0,0,0
0,0,0
0,0,0
0,0,0
0,0,0
0,0,0
0,0,0
0,0,0
0,0,0
0,0,0
0,0,0
0,0,0
0,0,0
0,0,0
0,0,0
0,0,0
0,0,0
0,0,0
0,0,0
0,0,0
0,0,0
0,0,0
0,0,0
0,0,0
0,0,0
0,0,0
0,0,0
0,0,0
0,0,0
0,0,0
0,0,0
0,0,0
0,0,0
0,0,0
0,0,0
0,0,0
0,0,0
0,0,0
0,0,0
0,0,0
0,0,0
0,0,0
0,0,0
0,0,0
0,0,0
0,0,0
0,0,0
0,0,0
0,0,0
0,0,0
0,0,0
0,0,0
0,0,0
0,0,0
0,0,0
0,0,0
0,0,0
0,0,0
0,0,0
0,0,0
0,0,0
0,0,0
0,0,0
0,0,0
0,0,0
0,0,0
0,0,0
0,0,0
0,0,0
0,0,0
0,0,0
0,0,0
0,0,0
0,0,0
0,0,0
0,0,0
0,0,0
0,0,0
0,0,0
0,0,0
0,0,0
0,0,0
0,0,0
0,0,0
0,0,0
0,0,0
0,0,0
0,0,0
0,0,0
0,0,0
0,0,0
0,0,0
0,0,0
0,0,0
0,0,0
0,0,0
0,0,0
0,0,0
0,0,0
0,0,0
0,0,0
0,0,0
0,0,0
0,0,0
0,0,0
0,0,0
0,0,0
0,0,0
0,0,0
0,0,0
0,0,0
0,0,0
0,0,0
0,0,0
0,0,0
0,0,0
0,0,0
0,0,0
0,0,0
0,0,0
0,0,0
0,0,0
0,0,0
0,0,0
0,0,0
0,0,0
0,0,0
0,0,0
0,0,0
0,0,0
0,0,0
0,0,0
0,0,0
0,0,0
0,0,0
0,0,0
0,0,0
0,0,0
0,0,0
0,0,0
0,0,0
0,0,0
0,0,0
0,0,0
0,0,0
0,0,0
0,0,0
0,0,0
0,0,0
0,0,0
0,0,0
0,0,0
0,0,0
0,0,0
0,0,0
0,0,0
0,0,0
0,0,0
0,0,0
0,0,0
0,0,0
0,0,0
0,0,0
0,0,0
0,0,0
0,0,0
0,0,0
0,0,0
0,0,0
0,0,0
0,0,0
0,0,0
0,0,0
0,0,0
0,0,0
0,0,0
0,0,0
0,0,0
0,0,0
0,0,0
0,0,0
0,0,0
0,0,0
0,0,0
0,0,0
0,0,0
0,0,0
0,0,0
0,0,0
0,0,0
0,0,0
0,0,0
0,0,0
0,0,0
0,0,0
0,0,0
0,0,0
0,0,0
0,0,0
0,0,0
0,0,0
0,0,0
0,0,0
0,0,0
0,0,0
0,0,0
0,0,0
0,0,0
0,0,0
0,0,0
0,0,0
0,0,0
0,0,0
0,0,0
0,0,0
0,0,0
0,0,0
0,0,0
0,0,0
0,0,0
0,0,0
0,0,0
0,0,0
0,0,0
0,0,0
0,0,0
0,0,0
0,0,0
0,0,0
0,0,0
0,0,0
0,0,0
0,0,0
0,0,0
0,0,0
0,0,0
0,0,0
0,0,0
0,0,0
0,0,0
0,0,0
0,0,0
0,0,0
0,0,0
0,0,0
0,0,0
0,0,0
0,0,0
0,0,0
0,0,0
0,0,0
0,0,0
0,0,0
0,0,0
0,0,0
0,0,0
0,0,0
0,0,0
0,0,0
0,0,0
0,0,0
0,0,0
0,0,0
0,0,0
0,0,0
0,0,0
0,0,0
0,0,0
0,0,0
0,0,0
0,0,0
0,0,0
0,0,0
0,0,0
0,0,0
0,0,0
0,0,0
0,0,0
0,0,0
0,0,0
0,0,0
0,0,0
0,0,0
0,0,0
0,0,0
0,0,0
0,0,0
0,0,0
0,0,0
0,0,0
0,0,0
0,0,0
0,0,0
0,0,0
0,0,0
0,0,0
0,0,0
0,0,0
0,0,0
0,0,0
0,0,0
0,0,0
0,0,0
0,0,0
0,0,0
0,0,0
0,0,0
0,0,0
0,0,0
0,0,0
0,0,0
0,0,0
0,0,0
0,0,0
0,0,0
0,0,0
0,0,0
0,0,0
0,0,0
0,0,0
0,0,0
0,0,0
0,0,0
0,0,0
0,0,0
0,0,0
0,0,0
0,0,0
0,0,0
0,0,0
0,0,0
0,0,0
0,0,0
0,0,0
0,0,0
0,0,0
0,0,0
0,0,0
0,0,0
0,0,0
0,0,0
0,0,0
0,0,0
0,0,0
0,0,0
0,0,0
0,0,0
0,0,0
0,0,0
0,0,0
0,0,0
0,0,0
0,0,0
0,0,0
0,0,0
0,0,0
0,0,0
0,0,0
0,0,0
0,0,0
0,0,0
0,0,0
0,0,0
0,0,0
0,0,0
0,0,0
0,0,0
0,0,0
0,0,0
0,0,0
0,0,0
0,0,0
0,0,0
0,0,0
0,0,0
0,0,0
0,0,0
0,0,0
0,0,0
0,0,0
0,0,0
0,0,0
0,0,0
0,0,0
0,0,0
0,0,0
0,0,0
0,0,0
0,0,0
0,0,0
0,0,0
0,0,0
0,0,0
0,0,0
0,0,0
0,0,0
0,0,0
0,0,0
0,0,0
0,0,0
0,0,0
0,0,0
0,0,0
0,0,0
0,0,0
0,0,0
0,0,0
0,0,0
0,0,0
0,0,0
0,0,0
0,0,0
0,0,0
0,0,0
0,0,0
0,0,0
0,0,0
0,0,0
0,0,0
0,0,0
0,0,0
0,0,0
0,0,0
0,0,0
0,0,0
0,0,0
0,0,0
0,0,0
0,0,0
0,0,0
0,0,0
0,0,0
0,0,0
0,0,0
0,0,0
0,0,0
0,0,0
0,0,0
0,0,0
0,0,0
0,0,0
0,0,0
0,0,0
0,0,0
0,0,0
0,0,0
0,0,0
0,0,0
0,0,0
0,0,0
0,0,0
0,0,0
0,0,0
0,0,0
0,0,0
0,0,0
0,0,0
0,0,0
0,0,0
0,0,0
0,0,0
0,0,0
0,0,0
0,0,0
0,0,0
0,0,0
0,0,0
0,0,0
0,0,0
0,0,0
0,0,0
0,0,0
0,0,0
0,0,0
0,0,0
0,0,0
0,0,0
0,0,0
0,0,0
0,0,0
0,0,0
0,0,0
0,0,0
0,0,0
0,0,0
0,0,0
0,0,0
0,0,0
0,0,0
0,0,0
0,0,0
0,0,0
0,0,0
0,0,0
0,0,0
0,0,0
0,0,0
0,0,0
0,0,0
0,0,0
0,0,0
0,0,0
0,0,0
0,0,0
0,0,0
0,0,0
0,0,0
0,0,0
0,0,0
0,0,0
0,0,0
0,0,0
0,0,0
0,0,0
0,0,0
0,0,0
0,0,0
0,0,0
0,0,0
0,0,0
0,0,0
0,0,0
0,0,0
0,0,0
0,0,0
0,0,0
0,0,0
0,0,0
0,0,0
0,0,0
0,0,0
0,0,0
0,0,0
0,0,0
0,0,0
0,0,0
0,0,0
0,0,0
0,0,0
0,0,0
0,0,0
0,0,0
0,0,0
0,0,0
0,0,0
0,0,0
0,0,0
0,0,0
0,0,0
0,0,0
0,0,0
0,0,0
0,0,0
0,0,0
0,0,0
0,0,0
0,0,0
0,0,0
0,0,0
0,0,0
0,0,0
0,0,0
0,0,0
0,0,0
0,0,0
0,0,0
0,0,0
0,0,0
0,0,0
0,0,0
0,0,0
0,0,0
0,0,0
0,0,0
0,0,0
0,0,0
0,0,0
0,0,0
0,0,0
0,0,0
0,0,0
0,0,0
0,0,0
0,0,0
0,0,0
0,0,0
0,0,0
0,0,0
0,0,0
0,0,0
0,0,0
0,0,0
0,0,0
0,0,0
0,0,0
0,0,0
0,0,0
0,0,0
0,0,0
0,0,0
0,0,0
0,0,0
0,0,0
0,0,0
0,0,0
0,0,0
0,0,0
0,0,0
0,0,0
0,0,0
0,0,0
0,0,0
0,0,0
0,0,0
0,0,0
0,0,0
0,0,0
0,0,0
0,0,0
0,0,0
0,0,0
0,0,0
0,0,0
0,0,0
0,0,0
0,0,0
0,0,0
0,0,0
0,0,0
0,0,0
0,0,0
0,0,0
0,0,0
0,0,0
0,0,0
0,0,0
0,0,0
0,0,0
0,0,0
0,0,0
0,0,0
0,0,0
0,0,0
0,0,0
0,0,0
0,0,0
0,0,0
0,0,0
0,0,0
0,0,0
0,0,0
0,0,0
0,0,0
0,0,0
0,0,0
0,0,0
0,0,0
0,0,0
0,0,0
0,0,0
0,0,0
0,0,0
0,0,0
0,0,0
0,0,0
0,0,0
0,0,0
0,0,0
0,0,0
0,0,0
0,0,0
0,0,0
0,0,0
0,0,0
0,0,0
0,0,0
0,0,0
0,0,0
0,0,0
0,0,0
0,0,0
0,0,0
0,0,0
0,0,0
0,0,0
0,0,0
0,0,0
0,0,0
0,0,0
0,0,0
0,0,0
0,0,0
0,0,0
0,0,0
0,0,0
0,0,0
0,0,0
0,0,0
0,0,0
0,0,0
0,0,0
0,0,0
0,0,0
0,0,0
0,0,0
0,0,0
0,0,0
0,0,0
0,0,0
0,0,0
0,0,0
0,0,0
0,0,0
0,0,0
0,0,0
0,0,0
0,0,0
0,0,0
0,0,0
0,0,0
0,0,0
0,0,0
0,0,0
0,0,0
0,0,0
0,0,0
0,0,0
0,0,0
0,0,0
0,0,0
0,0,0
0,0,0
0,0,0
0,0,0
0,0,0
0,0,0
0,0,0
0,0,0
0,0,0
0,0,0
0,0,0
0,0,0
0,0,0
0,0,0
0,0,0
0,0,0
0,0,0
0,0,0
0,0,0
0,0,0
0,0,0
0,0,0
0,0,0
0,0,0
0,0,0
0,0,0
0,0,0
0,0,0
0,0,0
0,0,0
0,0,0
0,0,0
0,0,0
0,0,0
0,0,0
0,0,0
0,0,0
0,0,0
0,0,0
0,0,0
0,0,0
0,0,0
0,0,0
0,0,0
0,0,0
0,0,0
0,0,0
0,0,0
0,0,0
0,0,0
0,0,0
0,0,0
0,0,0
0,0,0
0,0,0
0,0,0
0,0,0
0,0,0
0,0,0
0,0,0
0,0,0
0,0,0
0,0,0
0,0,0
0,0,0
0,0,0
0,0,0
0,0,0
0,0,0
0,0,0
0,0,0
0,0,0
0,0,0
0,0,0
0,0,0
0,0,0
0,0,0
0,0,0
0,0,0
0,0,0
0,0,0
0,0,0
0,0,0
0,0,0
0,0,0
0,0,0
0,0,0
0,0,0
0,0,0
0,0,0
0,0,0
0,0,0
0,0,0
0,0,0
0,0,0
0,0,0
0,0,0
0,0,0
0,0,0
0,0,0
0,0,0
0,0,0
0,0,0
0,0,0
0,0,0
0,0,0
0,0,0
0,0,0
0,0,0
0,0,0
0,0,0
0,0,0
0,0,0
0,0,0
0,0,0
0,0,0
0,0,0
0,0,0
0,0,0
0,0,0
0,0,0
0,0,0
0,0,0
0,0,0
0,0,0
0,0,0
0,0,0
0,0,0
0,0,0
0,0,0
0,0,0
0,0,0
0,0,0
0,0,0
0,0,0
0,0,0
0,0,0
0,0,0
0,0,0
0,0,0
0,0,0
0,0,0
0,0,0
0,0,0
0,0,0
0,0,0
0,0,0
0,0,0
0,0,0
0,0,0
0,0,0
0,0,0
0,0,0
0,0,0
0,0,0
0,0,0
0,0,0
0,0,0
0,0,0
0,0,0
0,0,0
0,0,0
0,0,0
0,0,0
0,0,0
0,0,0
0,0,0
0,0,0
0,0,0
0,0,0
0,0,0
0,0,0
0,0,0
0,0,0
0,0,0
0,0,0
0,0,0
0,0,0
0,0,0
0,0,0
0,0,0
0,0,0
0,0,0
0,0,0
0,0,0
0,0,0
0,0,0
0,0,0
0,0,0
0,0,0
0,0,0
0,0,0
0,0,0
0,0,0
0,0,0
0,0,0
0,0,0
0,0,0
0,0,0
0,0,0
0,0,0
0,0,0
0,0,0
0,0,0
0,0,0
0,0,0
0,0,0
0,0,0
0,0,0
0,0,0
0,0,0
0,0,0
0,0,0
0,0,0
0,0,0
0,0,0
0,0,0
0,0,0
0,0,0
0,0,0
0,0,0
0,0,0
0,0,0
0,0,0
0,0,0
0,0,0
0,0,0
0,0,0
0,0,0
0,0,0
0,0,0
0,0,0
0,0,0
0,0,0
0,0,0
0,0,0
0,0,0
0,0,0
0,0,0
0,0,0
0,0,0
0,0,0
0,0,0
0,0,0
0,0,0
0,0,0
0,0,0
0,0,0
0,0,0
0,0,0
0,0,0
0,0,0
0,0,0
0,0,0
0,0,0
0,0,0
0,0,0
0,0,0
0,0,0
0,0,0
0,0,0
0,0,0
0,0,0
0,0,0
0,0,0
0,0,0
0,0,0
0,0,0
0,0,0
0,0,0
0,0,0
0,0,0
0,0,0
0,0,0
0,0,0
0,0,0
0,0,0
0,0,0
0,0,0
0,0,0
0,0,0
0,0,0
0,0,0
0,0,0
0,0,0
0,0,0
0,0,0
0,0,0
0,0,0
0,0,0
0,0,0
0,0,0
0,0,0
0,0,0
0,0,0
0,0,0
0,0,0
0,0,0
0,0,0
0,0,0
0,0,0
0,0,0
0,0,0
0,0,0
0,0,0
0,0,0
0,0,0
0,0,0
0,0,0
0,0,0
0,0,0
0,0,0
0,0,0
0,0,0
0,0,0
0,0,0
0,0,0
0,0,0
0,0,0
0,0,0
0,0,0
0,0,0
0,0,0
0,0,0
0,0,0
0,0,0
0,0,0
0,0,0
0,0,0
0,0,0
0,0,0
0,0,0
0,0,0
0,0,0
0,0,0
0,0,0
0,0,0
0,0,0
0,0,0
0,0,0
0,0,0
0,0,0
0,0,0
0,0,0
0,0,0
0,0,0
0,0,0
0,0,0
0,0,0
0,0,0
0,0,0
0,0,0
0,0,0
0,0,0
0,0,0
0,0,0
0,0,0
0,0,0
0,0,0
0,0,0
0,0,0
0,0,0
0,0,0
0,0,0
0,0,0
0,0,0
0,0,0
0,0,0
0,0,0
0,0,0
0,0,0
0,0,0
0,0,0
0,0,0
0,0,0
0,0,0
0,0,0
0,0,0
0,0,0
0,0,0
0,0,0
0,0,0
0,0,0
0,0,0
0,0,0
0,0,0
0,0,0
0,0,0
0,0,0
0,0,0
0,0,0
0,0,0
0,0,0
0,0,0
0,0,0
0,0,0
0,0,0
0,0,0
0,0,0
0,0,0
0,0,0
0,0,0
0,0,0
0,0,0
0,0,0
0,0,0
0,0,0
0,0,0
0,0,0
0,0,0
0,0,0
0,0,0
0,0,0
0,0,0
0,0,0
0,0,0
0,0,0
0,0,0
0,0,0
0,0,0
0,0,0
0,0,0
0,0,0
0,0,0
0,0,0
0,0,0
0,0,0
0,0,0
0,0,0
0,0,0
0,0,0
0,0,0
0,0,0
0,0,0
0,0,0
0,0,0
0,0,0
0,0,0
0,0,0
0,0,0
0,0,0
0,0,0
0,0,0
0,0,0
0,0,0
0,0,0
0,0,0
0,0,0
0,0,0
0,0,0
0,0,0
0,0,0
0,0,0
0,0,0
0,0,0
0,0,0
0,0,0
0,0,0
0,0,0
0,0,0
0,0,0
0,0,0
0,0,0
0,0,0
0,0,0
0,0,0
0,0,0
0,0,0
0,0,0
0,0,0
0,0,0
0,0,0
0,0,0
0,0,0
0,0,0
0,0,0
0,0,0
0,0,0
0,0,0
0,0,0
0,0,0
0,0,0
0,0,0
0,0,0
0,0,0
0,0,0
0,0,0
0,0,0
0,0,0
0,0,0
0,0,0
0,0,0
0,0,0
0,0,0
0,0,0
0,0,0
0,0,0
0,0,0
0,0,0
0,0,0
0,0,0
0,0,0
0,0,0
0,0,0
0,0,0
0,0,0
0,0,0
0,0,0
0,0,0
0,0,0
0,0,0
0,0,0
0,0,0
0,0,0
0,0,0
0,0,0
0,0,0
0,0,0
0,0,0
0,0,0
0,0,0
0,0,0
0,0,0
0,0,0
0,0,0
0,0,0
0,0,0
0,0,0
0,0,0
0,0,0
0,0,0
0,0,0
0,0,0
0,0,0
0,0,0
0,0,0
0,0,0
0,0,0
0,0,0
0,0,0
0,0,0
0,0,0
0,0,0
0,0,0
0,0,0
0,0,0
0,0,0
0,0,0
0,0,0
0,0,0
0,0,0
0,0,0
0,0,0
0,0,0
0,0,0
0,0,0
0,0,0
0,0,0
0,0,0
0,0,0
0,0,0
0,0,0
0,0,0
0,0,0
0,0,0
0,0,0
0,0,0
0,0,0
0,0,0
0,0,0
0,0,0
0,0,0
0,0,0
0,0,0
0,0,0
0,0,0
0,0,0
0,0,0
0,0,0
0,0,0
0,0,0
0,0,0
0,0,0
0,0,0
0,0,0
0,0,0
0,0,0
0,0,0
0,0,0
0,0,0
0,0,0
0,0,0
0,0,0
0,0,0
0,0,0
0,0,0
0,0,0
0,0,0
0,0,0
0,0,0
0,0,0
0,0,0
0,0,0
0,0,0
0,0,0
0,0,0
0,0,0
0,0,0
0,0,0
0,0,0
0,0,0
0,0,0
0,0,0
0,0,0
0,0,0
0,0,0
0,0,0
0,0,0
0,0,0
0,0,0
0,0,0
0,0,0
0,0,0
0,0,0
0,0,0
0,0,0
0,0,0
0,0,0
0,0,0
0,0,0
0,0,0
0,0,0
0,0,0
0,0,0
0,0,0
0,0,0
0,0,0
0,0,0
0,0,0
0,0,0
0,0,0
0,0,0
0,0,0
0,0,0
0,0,0
0,0,0
0,0,0
0,0,0
0,0,0
0,0,0
0,0,0
0,0,0
0,0,0
0,0,0
0,0,0
0,0,0
0,0,0
0,0,0
0,0,0
0,0,0
0,0,0
0,0,0
0,0,0
0,0,0
0,0,0
0,0,0
0,0,0
0,0,0
0,0,0
0,0,0
0,0,0
0,0,0
0,0,0
0,0,0
0,0,0
0,0,0
0,0,0
0,0,0
0,0,0
0,0,0
0,0,0
0,0,0
0,0,0
0,0,0
0,0,0
0,0,0
0,0,0
0,0,0
0,0,0
0,0,0
0,0,0
0,0,0
0,0,0
0,0,0
0,0,0
0,0,0
0,0,0
0,0,0
0,0,0
0,0,0
0,0,0
0,0,0
0,0,0
0,0,0
0,0,0
0,0,0
0,0,0
0,0,0
0,0,0
0,0,0
0,0,0
0,0,0
0,0,0
0,0,0
0,0,0
0,0,0
0,0,0
0,0,0
0,0,0
0,0,0
0,0,0
0,0,0
0,0,0
0,0,0
0,0,0
0,0,0
0,0,0
0,0,0
0,0,0
0,0,0
0,0,0
0,0,0
0,0,0
0,0,0
0,0,0
0,0,0
0,0,0
0,0,0
0,0,0
0,0,0
0,0,0
0,0,0
0,0,0
0,0,0
0,0,0
0,0,0
0,0,0
0,0,0
0,0,0
0,0,0
0,0,0
0,0,0
0,0,0
0,0,0
0,0,0
0,0,0
0,0,0
0,0,0
0,0,0
0,0,0
0,0,0
0,0,0
0,0,0
0,0,0
0,0,0
0,0,0
0,0,0
0,0,0
0,0,0
0,0,0
0,0,0
0,0,0
0,0,0
0,0,0
0,0,0
0,0,0
0,0,0
0,0,0
0,0,0
0,0,0
0,0,0
0,0,0
0,0,0
0,0,0
0,0,0
0,0,0
0,0,0
0,0,0
0,0,0
0,0,0
0,0,0
0,0,0
0,0,0
0,0,0
0,0,0
0,0,0
0,0,0
0,0,0
0,0,0
0,0,0
0,0,0
0,0,0
0,0,0
0,0,0
0,0,0
0,0,0
0,0,0
0,0,0
0,0,0
0,0,0
0,0,0
0,0,0
0,0,0
0,0,0
0,0,0
0,0,0
0,0,0
0,0,0
0,0,0
0,0,0
0,0,0
0,0,0
0,0,0
0,0,0
0,0,0
0,0,0
0,0,0
0,0,0
0,0,0
0,0,0
0,0,0
0,0,0
0,0,0
0,0,0
0,0,0
0,0,0
0,0,0
0,0,0
0,0,0
0,0,0
0,0,0
0,0,0
0,0,0
0,0,0
0,0,0
0,0,0
0,0,0
0,0,0
0,0,0
0,0,0
0,0,0
0,0,0
0,0,0
0,0,0
0,0,0
0,0,0
0,0,0
0,0,0
0,0,0
0,0,0
0,0,0
0,0,0
0,0,0
0,0,0
0,0,0
0,0,0
0,0,0
0,0,0
0,0,0
0,0,0
0,0,0
0,0,0
0,0,0
0,0,0
0,0,0
0,0,0
0,0,0
0,0,0
0,0,0
0,0,0
0,0,0
0,0,0
0,0,0
0,0,0
0,0,0
0,0,0
0,0,0
0,0,0
0,0,0
0,0,0
0,0,0
0,0,0
0,0,0
0,0,0
0,0,0
0,0,0
0,0,0
0,0,0
0,0,0
0,0,0
0,0,0
0,0,0
0,0,0
0,0,0
0,0,0
0,0,0
0,0,0
0,0,0
0,0,0
0,0,0
0,0,0
0,0,0
0,0,0
0,0,0
0,0,0
0,0,0
0,0,0
0,0,0
0,0,0
0,0,0
0,0,0
0,0,0
0,0,0
0,0,0
0,0,0
0,0,0
0,0,0
0,0,0
0,0,0
0,0,0
0,0,0
0,0,0
0,0,0
0,0,0
0,0,0
0,0,0
0,0,0
0,0,0
0,0,0
0,0,0
0,0,0
0,0,0
0,0,0
0,0,0
0,0,0
0,0,0
0,0,0
0,0,0
0,0,0
0,0,0
0,0,0
0,0,0
0,0,0
0,0,0
0,0,0
0,0,0
0,0,0
0,0,0
0,0,0
0,0,0
0,0,0
0,0,0
0,0,0
0,0,0
0,0,0
0,0,0
0,0,0
0,0,0
0,0,0
0,0,0
0,0,0
0,0,0
0,0,0
0,0,0
0,0,0
0,0,0
0,0,0
0,0,0
0,0,0
0,0,0
0,0,0
0,0,0
0,0,0
0,0,0
0,0,0
0,0,0
0,0,0
0,0,0
0,0,0
0,0,0
0,0,0
0,0,0
0,0,0
0,0,0
0,0,0
0,0,0
0,0,0
0,0,0
0,0,0
0,0,0
0,0,0
0,0,0
0,0,0
0,0,0
0,0,0
0,0,0
0,0,0
0,0,0
0,0,0
0,0,0
0,0,0
0,0,0
0,0,0
0,0,0
0,0,0
0,0,0
0,0,0
0,0,0
0,0,0
0,0,0
0,0,0
0,0,0
0,0,0
0,0,0
0,0,0
0,0,0
0,0,0
0,0,0
0,0,0
0,0,0
0,0,0
0,0,0
0,0,0
0,0,0
0,0,0
0,0,0
0,0,0
0,0,0
0,0,0
0,0,0
0,0,0
0,0,0
0,0,0
0,0,0
0,0,0
0,0,0
0,0,0
0,0,0
0,0,0
0,0,0
0,0,0
0,0,0
0,0,0
0,0,0
0,0,0
0,0,0
0,0,0
0,0,0
0,0,0
0,0,0
0,0,0
0,0,0
0,0,0
0,0,0
0,0,0
0,0,0
0,0,0
0,0,0
0,0,0
0,0,0
0,0,0
0,0,0
0,0,0
0,0,0
0,0,0
0,0,0
0,0,0
0,0,0
0,0,0
0,0,0
0,0,0
0,0,0
0,0,0
0,0,0
0,0,0
0,0,0
0,0,0
0,0,0
0,0,0
0,0,0
0,0,0
0,0,0
0,0,0
0,0,0
0,0,0
0,0,0
0,0,0
0,0,0
0,0,0
0,0,0
0,0,0
0,0,0
0,0,0
0,0,0
0,0,0
0,0,0
0,0,0
0,0,0
0,0,0
0,0,0
0,0,0
0,0,0
0,0,0
0,0,0
0,0,0
0,0,0
0,0,0
0,0,0
0,0,0
0,0,0
0,0,0
0,0,0
0,0,0
0,0,0
0,0,0
0,0,0
0,0,0
0,0,0
0,0,0
0,0,0
0,0,0
0,0,0
0,0,0
0,0,0
0,0,0
0,0,0
0,0,0
0,0,0
0,0,0
0,0,0
0,0,0
0,0,0
0,0,0
0,0,0
0,0,0
0,0,0
0,0,0
0,0,0
0,0,0
0,0,0
0,0,0
0,0,0
0,0,0
0,0,0
0,0,0
0,0,0
0,0,0
0,0,0
0,0,0
0,0,0
0,0,0
0,0,0
0,0,0
0,0,0
0,0,0
0,0,0
0,0,0
0,0,0
0,0,0
0,0,0
0,0,0
0,0,0
0,0,0
0,0,0
0,0,0
0,0,0
0,0,0
0,0,0
0,0,0
0,0,0
0,0,0
0,0,0
0,0,0
0,0,0
0,0,0
0,0,0
0,0,0
0,0,0
0,0,0
0,0,0
0,0,0
0,0,0
0,0,0
0,0,0
0,0,0
0,0,0
0,0,0
0,0,0
0,0,0
0,0,0
0,0,0
0,0,0
0,0,0
0,0,0
0,0,0
0,0,0
0,0,0
0,0,0
0,0,0
0,0,0
0,0,0
0,0,0
0,0,0
0,0,0
0,0,0
0,0,0
0,0,0
0,0,0
0,0,0
0,0,0
0,0,0
0,0,0
0,0,0
0,0,0
0,0,0
0,0,0
0,0,0
0,0,0
0,0,0
0,0,0
0,0,0
0,0,0
0,0,0
0,0,0
0,0,0
0,0,0
0,0,0
0,0,0
0,0,0
0,0,0
0,0,0
0,0,0
0,0,0
0,0,0
0,0,0
0,0,0
0,0,0
0,0,0
0,0,0
0,0,0
0,0,0
0,0,0
0,0,0
0,0,0
0,0,0
0,0,0
0,0,0
0,0,0
0,0,0
0,0,0
0,0,0
0,0,0
0,0,0
0,0,0
0,0,0
0,0,0
0,0,0
0,0,0
0,0,0
0,0,0
0,0,0
0,0,0
0,0,0
0,0,0
0,0,0
0,0,0
0,0,0
0,0,0
0,0,0
0,0,0
0,0,0
0,0,0
0,0,0
0,0,0
0,0,0
0,0,0
0,0,0
0,0,0
0,0,0
0,0,0
0,0,0
0,0,0
0,0,0
0,0,0
0,0,0
0,0,0
0,0,0
0,0,0
0,0,0
0,0,0
0,0,0
0,0,0
0,0,0
0,0,0
0,0,0
0,0,0
0,0,0
0,0,0
0,0,0
0,0,0
0,0,0
0,0,0
0,0,0
0,0,0
0,0,0
0,0,0
0,0,0
0,0,0
0,0,0
0,0,0
0,0,0
0,0,0
0,0,0
0,0,0
0,0,0
0,0,0
0,0,0
0,0,0
0,0,0
0,0,0
0,0,0
0,0,0
0,0,0
0,0,0
0,0,0
0,0,0
0,0,0
0,0,0
0,0,0
0,0,0
0,0,0
0,0,0
0,0,0
0,0,0
0,0,0
0,0,0
0,0,0
0,0,0
0,0,0
0,0,0
0,0,0
0,0,0
0,0,0
0,0,0
0,0,0
0,0,0
0,0,0
0,0,0
0,0,0
0,0,0
0,0,0
0,0,0
0,0,0
0,0,0
0,0,0
0,0,0
0,0,0
0,0,0
0,0,0
0,0,0
0,0,0
0,0,0
0,0,0
0,0,0
0,0,0
0,0,0
0,0,0
0,0,0
0,0,0
0,0,0
0,0,0
0,0,0
0,0,0
0,0,0
0,0,0
0,0,0
0,0,0
0,0,0
0,0,0
0,0,0
0,0,0
0,0,0
0,0,0
0,0,0
0,0,0
0,0,0
0,0,0
0,0,0
0,0,0
0,0,0
0,0,0
0,0,0
0,0,0
0,0,0
0,0,0
0,0,0
0,0,0
0,0,0
0,0,0
0,0,0
0,0,0
0,0,0
0,0,0
0,0,0
0,0,0
0,0,0
0,0,0
0,0,0
0,0,0
0,0,0
0,0,0
0,0,0
0,0,0
0,0,0
0,0,0
0,0,0
0,0,0
0,0,0
0,0,0
0,0,0
0,0,0
0,0,0
0,0,0
0,0,0
0,0,0
0,0,0
0,0,0
0,0,0
0,0,0
0,0,0
0,0,0
0,0,0
0,0,0
0,0,0
0,0,0
0,0,0
0,0,0
0,0,0
0,0,0
0,0,0
0,0,0
0,0,0
0,0,0
0,0,0
0,0,0
0,0,0
0,0,0
0,0,0
0,0,0
0,0,0
0,0,0
0,0,0
0,0,0
0,0,0
0,0,0
0,0,0
0,0,0
0,0,0
0,0,0
0,0,0
0,0,0
0,0,0
0,0,0
0,0,0
0,0,0
0,0,0
0,0,0
0,0,0
0,0,0
0,0,0
0,0,0
0,0,0
0,0,0
0,0,0
0,0,0
0,0,0
0,0,0
0,0,0
0,0,0
0,0,0
0,0,0
0,0,0
0,0,0
0,0,0
0,0,0
0,0,0
0,0,0
0,0,0
0,0,0
0,0,0
0,0,0
0,0,0
0,0,0
0,0,0
0,0,0
0,0,0
0,0,0
0,0,0
0,0,0
0,0,0
0,0,0
0,0,0
0,0,0
0,0,0
0,0,0
0,0,0
0,0,0
0,0,0
0,0,0
0,0,0
0,0,0
0,0,0
0,0,0
0,0,0
0,0,0
0,0,0
0,0,0
0,0,0
0,0,0
0,0,0
0,0,0
0,0,0
0,0,0
0,0,0
0,0,0
0,0,0
0,0,0
0,0,0
0,0,0
0,0,0
0,0,0
0,0,0
0,0,0
0,0,0
0,0,0
0,0,0
0,0,0
0,0,0
0,0,0
0,0,0
0,0,0
0,0,0
0,0,0
0,0,0
0,0,0
0,0,0
0,0,0
0,0,0
0,0,0
0,0,0
0,0,0
0,0,0
0,0,0
0,0,0
0,0,0
0,0,0
0,0,0
0,0,0
0,0,0
0,0,0
0,0,0
0,0,0
0,0,0
0,0,0
0,0,0
0,0,0
0,0,0
0,0,0
0,0,0
0,0,0
0,0,0
0,0,0
0,0,0
0,0,0
0,0,0
0,0,0
0,0,0
0,0,0
0,0,0
0,0,0
0,0,0
0,0,0
0,0,0
0,0,0
0,0,0
0,0,0
0,0,0
0,0,0
0,0,0
0,0,0
0,0,0
0,0,0
0,0,0
0,0,0
0,0,0
0,0,0
0,0,0
0,0,0
0,0,0
0,0,0
0,0,0
0,0,0
0,0,0
0,0,0
0,0,0
0,0,0
0,0,0
0,0,0
0,0,0
0,0,0
0,0,0
0,0,0
0,0,0
0,0,0
0,0,0
0,0,0
0,0,0
0,0,0
0,0,0
0,0,0
0,0,0
0,0,0
0,0,0
0,0,0
0,0,0
0,0,0
0,0,0
0,0,0
0,0,0
0,0,0
0,0,0
0,0,0
0,0,0
0,0,0
0,0,0
0,0,0
0,0,0
0,0,0
0,0,0
0,0,0
0,0,0
0,0,0
0,0,0
0,0,0
0,0,0
0,0,0
0,0,0
0,0,0
0,0,0
0,0,0
0,0,0
0,0,0
0,0,0
0,0,0
0,0,0
0,0,0
0,0,0
0,0,0
0,0,0
0,0,0
0,0,0
0,0,0
0,0,0
0,0,0
0,0,0
0,0,0
0,0,0
0,0,0
0,0,0
0,0,0
0,0,0
0,0,0
0,0,0
0,0,0
0,0,0
0,0,0
0,0,0
0,0,0
0,0,0
0,0,0
0,0,0
0,0,0
0,0,0
0,0,0
0,0,0
0,0,0
0,0,0
0,0,0
0,0,0
0,0,0
0,0,0
0,0,0
0,0,0
0,0,0
0,0,0
0,0,0
0,0,0
0,0,0
0,0,0
0,0,0
0,0,0
0,0,0
0,0,0
0,0,0
0,0,0
0,0,0
0,0,0
0,0,0
0,0,0
0,0,0
0,0,0
0,0,0
0,0,0
0,0,0
0,0,0
0,0,0
0,0,0
0,0,0
0,0,0
0,0,0
0,0,0
0,0,0
0,0,0
0,0,0
0,0,0
0,0,0
0,0,0
0,0,0
0,0,0
0,0,0
0,0,0
0,0,0
0,0,0
0,0,0
0,0,0
0,0,0
0,0,0
0,0,0
0,0,0
0,0,0
0,0,0
0,0,0
0,0,0
0,0,0
0,0,0
0,0,0
0,0,0
0,0,0
0,0,0
0,0,0
0,0,0
0,0,0
0,0,0
0,0,0
0,0,0
0,0,0
0,0,0
0,0,0
0,0,0
0,0,0
0,0,0
0,0,0
0,0,0
0,0,0
0,0,0
0,0,0
0,0,0
0,0,0
0,0,0
0,0,0
0,0,0
0,0,0
0,0,0
0,0,0
0,0,0
0,0,0
0,0,0
0,0,0
0,0,0
0,0,0
0,0,0
0,0,0
0,0,0
0,0,0
0,0,0
0,0,0
0,0,0
0,0,0
0,0,0
0,0,0
0,0,0
0,0,0
0,0,0
0,0,0
0,0,0
0,0,0
0,0,0
0,0,0
0,0,0
0,0,0
0,0,0
0,0,0
0,0,0
0,0,0
0,0,0
0,0,0
0,0,0
0,0,0
0,0,0
0,0,0
0,0,0
0,0,0
0,0,0
0,0,0
0,0,0
0,0,0
0,0,0
0,0,0
0,0,0
0,0,0
0,0,0
0,0,0
0,0,0
0,0,0
0,0,0
0,0,0
0,0,0
0,0,0
0,0,0
0,0,0
0,0,0
0,0,0
0,0,0
0,0,0
0,0,0
0,0,0
0,0,0
0,0,0
0,0,0
0,0,0
0,0,0
0,0,0
0,0,0
0,0,0
0,0,0
0,0,0
0,0,0
0,0,0
0,0,0
0,0,0
0,0,0
0,0,0
0,0,0
0,0,0
0,0,0
0,0,0
0,0,0
0,0,0
0,0,0
0,0,0
0,0,0
0,0,0
0,0,0
0,0,0
0,0,0
0,0,0
0,0,0
0,0,0
0,0,0
0,0,0
0,0,0
0,0,0
0,0,0
0,0,0
0,0,0
0,0,0
0,0,0
0,0,0
0,0,0
0,0,0
0,0,0
0,0,0
0,0,0
0,0,0
0,0,0
0,0,0
0,0,0
0,0,0
0,0,0
0,0,0
0,0,0
0,0,0
0,0,0
0,0,0
0,0,0
0,0,0
0,0,0
0,0,0
0,0,0
0,0,0
0,0,0
0,0,0
0,0,0
0,0,0
0,0,0
0,0,0
0,0,0
0,0,0
0,0,0
0,0,0
0,0,0
0,0,0
0,0,0
0,0,0
0,0,0
0,0,0
0,0,0
0,0,0
0,0,0
0,0,0
0,0,0
0,0,0
0,0,0
0,0,0
0,0,0
0,0,0
0,0,0
0,0,0
0,0,0
0,0,0
0,0,0
0,0,0
0,0,0
0,0,0
0,0,0
0,0,0
0,0,0
0,0,0
0,0,0
0,0,0
0,0,0
0,0,0
0,0,0
0,0,0
0,0,0
0,0,0
0,0,0
0,0,0
0,0,0
0,0,0
0,0,0
0,0,0
0,0,0
0,0,0
0,0,0
0,0,0
0,0,0
0,0,0
0,0,0
0,0,0
0,0,0
0,0,0
0,0,0
0,0,0
0,0,0
0,0,0
0,0,0
0,0,0
0,0,0
0,0,0
0,0,0
0,0,0
0,0,0
0,0,0
0,0,0
0,0,0
0,0,0
0,0,0
0,0,0
0,0,0
0,0,0
0,0,0
0,0,0
0,0,0
0,0,0
0,0,0
0,0,0
0,0,0
0,0,0
0,0,0
0,0,0
0,0,0
0,0,0
0,0,0
0,0,0
0,0,0
0,0,0
0,0,0
0,0,0
0,0,0
0,0,0
0,0,0
0,0,0
0,0,0
0,0,0
0,0,0
0,0,0
0,0,0
0,0,0
0,0,0
0,0,0
0,0,0
0,0,0
0,0,0
0,0,0
0,0,0
0,0,0
0,0,0
0,0,0
0,0,0
0,0,0
0,0,0
0,0,0
0,0,0
0,0,0
0,0,0
0,0,0
0,0,0
0,0,0
0,0,0
0,0,0
0,0,0
0,0,0
0,0,0
0,0,0
0,0,0
0,0,0
0,0,0
0,0,0
0,0,0
0,0,0
0,0,0
0,0,0
0,0,0
0,0,0
0,0,0
0,0,0
0,0,0
0,0,0
0,0,0
0,0,0
0,0,0
0,0,0
0,0,0
0,0,0
0,0,0
0,0,0
0,0,0
0,0,0
0,0,0
0,0,0
0,0,0
0,0,0
0,0,0
0,0,0
0,0,0
0,0,0
0,0,0
0,0,0
0,0,0
0,0,0
0,0,0
0,0,0
0,0,0
0,0,0
0,0,0
0,0,0
0,0,0
0,0,0
0,0,0
0,0,0
0,0,0
0,0,0
0,0,0
0,0,0
0,0,0
0,0,0
0,0,0
0,0,0
0,0,0
0,0,0
0,0,0
0,0,0
0,0,0
0,0,0
0,0,0
0,0,0
0,0,0
0,0,0
0,0,0
0,0,0
0,0,0
0,0,0
0,0,0
0,0,0
0,0,0
0,0,0
0,0,0
0,0,0
0,0,0
0,0,0
0,0,0
0,0,0
0,0,0
0,0,0
0,0,0
0,0,0
0,0,0
0,0,0
0,0,0
0,0,0
0,0,0
0,0,0
0,0,0
0,0,0
0,0,0
0,0,0
0,0,0
0,0,0
0,0,0
0,0,0
0,0,0
0,0,0
0,0,0
0,0,0
0,0,0
0,0,0
0,0,0
0,0,0
0,0,0
0,0,0
0,0,0
0,0,0
0,0,0
0,0,0
0,0,0
0,0,0
0,0,0
0,0,0
0,0,0
0,0,0
0,0,0
0,0,0
0,0,0
0,0,0
0,0,0
0,0,0
0,0,0
0,0,0
0,0,0
0,0,0
0,0,0
0,0,0
0,0,0
0,0,0
0,0,0
0,0,0
0,0,0
0,0,0
0,0,0
0,0,0
0,0,0
0,0,0
0,0,0
0,0,0
0,0,0
0,0,0
0,0,0
0,0,0
0,0,0
0,0,0
0,0,0
0,0,0
0,0,0
0,0,0
0,0,0
0,0,0
0,0,0
0,0,0
0,0,0
0,0,0
0,0,0
0,0,0
0,0,0
0,0,0
0,0,0
0,0,0
0,0,0
0,0,0
0,0,0
0,0,0
0,0,0
0,0,0
0,0,0
0,0,0
0,0,0
0,0,0
0,0,0
0,0,0
0,0,0
0,0,0
0,0,0
0,0,0
0,0,0
0,0,0
0,0,0
0,0,0
0,0,0
0,0,0
0,0,0
0,0,0
0,0,0
0,0,0
0,0,0
0,0,0
0,0,0
0,0,0
0,0,0
0,0,0
0,0,0
0,0,0
0,0,0
0,0,0
0,0,0
0,0,0
0,0,0
0,0,0
0,0,0
0,0,0
0,0,0
0,0,0
0,0,0
0,0,0
0,0,0
0,0,0
0,0,0
0,0,0
0,0,0
0,0,0
0,0,0
0,0,0
0,0,0
0,0,0
0,0,0
0,0,0
0,0,0
0,0,0
0,0,0
0,0,0
0,0,0
0,0,0
0,0,0
0,0,0
0,0,0
0,0,0
0,0,0
0,0,0
0,0,0
0,0,0
0,0,0
0,0,0
0,0,0
0,0,0
0,0,0
0,0,0
0,0,0
0,0,0
0,0,0
0,0,0
0,0,0
0,0,0
0,0,0
0,0,0
0,0,0
0,0,0
0,0,0
0,0,0
0,0,0
0,0,0
0,0,0
0,0,0
0,0,0
0,0,0
0,0,0
0,0,0
0,0,0
0,0,0
0,0,0
0,0,0
0,0,0
0,0,0
0,0,0
0,0,0
0,0,0
0,0,0
0,0,0
0,0,0
0,0,0
0,0,0
0,0,0
0,0,0
0,0,0
0,0,0
0,0,0
0,0,0
0,0,0
0,0,0
0,0,0
0,0,0
0,0,0
0,0,0
0,0,0
0,0,0
0,0,0
0,0,0
0,0,0
0,0,0
0,0,0
0,0,0
0,0,0
0,0,0
0,0,0
0,0,0
0,0,0
0,0,0
0,0,0
0,0,0
0,0,0
0,0,0
0,0,0
0,0,0
0,0,0
0,0,0
0,0,0
0,0,0
0,0,0
0,0,0
0,0,0
0,0,0
0,0,0
0,0,0
0,0,0
0,0,0
0,0,0
0,0,0
0,0,0
0,0,0
0,0,0
0,0,0
0,0,0
0,0,0
0,0,0
0,0,0
0,0,0
0,0,0
0,0,0
0,0,0
0,0,0
0,0,0
0,0,0
0,0,0
0,0,0
0,0,0
0,0,0
0,0,0
0,0,0
0,0,0
0,0,0
0,0,0
0,0,0
0,0,0
0,0,0
0,0,0
0,0,0
0,0,0
0,0,0
0,0,0
0,0,0
0,0,0
0,0,0
0,0,0
0,0,0
0,0,0
0,0,0
0,0,0
0,0,0
0,0,0
0,0,0
0,0,0
0,0,0
0,0,0
0,0,0
0,0,0
0,0,0
0,0,0
0,0,0
0,0,0
0,0,0
0,0,0
0,0,0
0,0,0
0,0,0
0,0,0
0,0,0
0,0,0
0,0,0
0,0,0
0,0,0
0,0,0
0,0,0
0,0,0
0,0,0
0,0,0
0,0,0
0,0,0
0,0,0
0,0,0
0,0,0
0,0,0
0,0,0
0,0,0
0,0,0
0,0,0
0,0,0
0,0,0
0,0,0
0,0,0
0,0,0
0,0,0
0,0,0
0,0,0
0,0,0
0,0,0
0,0,0
0,0,0
0,0,0
0,0,0
0,0,0
0,0,0
0,0,0
0,0,0
0,0,0
0,0,0
0,0,0
0,0,0
0,0,0
0,0,0
0,0,0
0,0,0
0,0,0
0,0,0
0,0,0
0,0,0
0,0,0
0,0,0
0,0,0
0,0,0
0,0,0
0,0,0
0,0,0
0,0,0
0,0,0
0,0,0
0,0,0
0,0,0
0,0,0
0,0,0
0,0,0
0,0,0
0,0,0
0,0,0
0,0,0
0,0,0
0,0,0
0,0,0
0,0,0
0,0,0
0,0,0
0,0,0
0,0,0
0,0,0
0,0,0
0,0,0
0,0,0
0,0,0
0,0,0
0,0,0
0,0,0
0,0,0
0,0,0
0,0,0
0,0,0
0,0,0
0,0,0
0,0,0
0,0,0
0,0,0
0,0,0
0,0,0
0,0,0
0,0,0
0,0,0
0,0,0
0,0,0
0,0,0
0,0,0
0,0,0
0,0,0
0,0,0
0,0,0
0,0,0
0,0,0
0,0,0
0,0,0
0,0,0
0,0,0
0,0,0
0,0,0
0,0,0
0,0,0
0,0,0
0,0,0
0,0,0
0,0,0
0,0,0
0,0,0
0,0,0
0,0,0
0,0,0
0,0,0
0,0,0
0,0,0
0,0,0
0,0,0
0,0,0
0,0,0
0,0,0
0,0,0
0,0,0
0,0,0
0,0,0
0,0,0
0,0,0
0,0,0
0,0,0
0,0,0
0,0,0
0,0,0
0,0,0
0,0,0
0,0,0
0,0,0
0,0,0
0,0,0
0,0,0
0,0,0
0,0,0
0,0,0
0,0,0
0,0,0
0,0,0
0,0,0
0,0,0
0,0,0
0,0,0
0,0,0
0,0,0
0,0,0
0,0,0
0,0,0
0,0,0
0,0,0
0,0,0
0,0,0
0,0,0
0,0,0
0,0,0
0,0,0
0,0,0
0,0,0
0,0,0
0,0,0
0,0,0
0,0,0
0,0,0
0,0,0
0,0,0
0,0,0
0,0,0
0,0,0
0,0,0
0,0,0
0,0,0
0,0,0
0,0,0
0,0,0
0,0,0
0,0,0
0,0,0
0,0,0
0,0,0
0,0,0
0,0,0
0,0,0
0,0,0
0,0,0
0,0,0
0,0,0
0,0,0
0,0,0
0,0,0
0,0,0
0,0,0
0,0,0
0,0,0
0,0,0
0,0,0
0,0,0
0,0,0
0,0,0
0,0,0
0,0,0
0,0,0
0,0,0
0,0,0
0,0,0
0,0,0
0,0,0
0,0,0
0,0,0
0,0,0
0,0,0
0,0,0
0,0,0
0,0,0
0,0,0
0,0,0
0,0,0
0,0,0
0,0,0
0,0,0
0,0,0
0,0,0
0,0,0
0,0,0
0,0,0
0,0,0
0,0,0
0,0,0
0,0,0
0,0,0
0,0,0
0,0,0
0,0,0
0,0,0
0,0,0
0,0,0
0,0,0
0,0,0
0,0,0
0,0,0
0,0,0
0,0,0
0,0,0
0,0,0
0,0,0
0,0,0
0,0,0
0,0,0
0,0,0
0,0,0
0,0,0
0,0,0
0,0,0
0,0,0
0,0,0
0,0,0
0,0,0
0,0,0
0,0,0
0,0,0
0,0,0
0,0,0
0,0,0
0,0,0
0,0,0
0,0,0
0,0,0
0,0,0
0,0,0
0,0,0
0,0,0
0,0,0
0,0,0
0,0,0
0,0,0
0,0,0
0,0,0
0,0,0
0,0,0
0,0,0
0,0,0
0,0,0
0,0,0
0,0,0
0,0,0
0,0,0
0,0,0
0,0,0
0,0,0
0,0,0
0,0,0
0,0,0
0,0,0
0,0,0
0,0,0
0,0,0
0,0,0
0,0,0
0,0,0
0,0,0
0,0,0
0,0,0
0,0,0
0,0,0
0,0,0
0,0,0
0,0,0
0,0,0
0,0,0
0,0,0
0,0,0
0,0,0
0,0,0
0,0,0
0,0,0
0,0,0
0,0,0
0,0,0
0,0,0
0,0,0
0,0,0
0,0,0
0,0,0
0,0,0
0,0,0
0,0,0
0,0,0
0,0,0
0,0,0
0,0,0
0,0,0
0,0,0
0,0,0
0,0,0
0,0,0
0,0,0
0,0,0
0,0,0
0,0,0
0,0,0
0,0,0
0,0,0
0,0,0
0,0,0
0,0,0
0,0,0
0,0,0
0,0,0
0,0,0
0,0,0
0,0,0
0,0,0
0,0,0
0,0,0
0,0,0
0,0,0
0,0,0
0,0,0
0,0,0
0,0,0
0,0,0
0,0,0
0,0,0
0,0,0
0,0,0
0,0,0
0,0,0
0,0,0
0,0,0
0,0,0
0,0,0
0,0,0
0,0,0
0,0,0
0,0,0
0,0,0
0,0,0
0,0,0
0,0,0
0,0,0
0,0,0
0,0,0
0,0,0
0,0,0
0,0,0
0,0,0
0,0,0
0,0,0
0,0,0
0,0,0
0,0,0
0,0,0
0,0,0
0,0,0
0,0,0
0,0,0
0,0,0
0,0,0
0,0,0
0,0,0
0,0,0
0,0,0
0,0,0
0,0,0
0,0,0
0,0,0
0,0,0
0,0,0
0,0,0
0,0,0
0,0,0
0,0,0
0,0,0
0,0,0
0,0,0
0,0,0
0,0,0
0,0,0
0,0,0
0,0,0
0,0,0
0,0,0
0,0,0
0,0,0
0,0,0
0,0,0
0,0,0
0,0,0
0,0,0
0,0,0
0,0,0
0,0,0
0,0,0
0,0,0
0,0,0
0,0,0
0,0,0
0,0,0
0,0,0
0,0,0
0,0,0
0,0,0
0,0,0
0,0,0
0,0,0
0,0,0
0,0,0
0,0,0
0,0,0
0,0,0
0,0,0
0,0,0
0,0,0
0,0,0
0,0,0
0,0,0
0,0,0
0,0,0
0,0,0
0,0,0
0,0,0
0,0,0
0,0,0
0,0,0
0,0,0
0,0,0
0,0,0
0,0,0
0,0,0
0,0,0
0,0,0
0,0,0
0,0,0
0,0,0
0,0,0
0,0,0
0,0,0
0,0,0
0,0,0
0,0,0
0,0,0
0,0,0
0,0,0
0,0,0
0,0,0
0,0,0
0,0,0
0,0,0
0,0,0
0,0,0
0,0,0
0,0,0
0,0,0
0,0,0
0,0,0
0,0,0
0,0,0
0,0,0
0,0,0
0,0,0
0,0,0
0,0,0
0,0,0
0,0,0
0,0,0
0,0,0
0,0,0
0,0,0
0,0,0
0,0,0
0,0,0
0,0,0
0,0,0
0,0,0
0,0,0
0,0,0
0,0,0
0,0,0
0,0,0
0,0,0
0,0,0
0,0,0
0,0,0
0,0,0
0,0,0
0,0,0
0,0,0
0,0,0
0,0,0
0,0,0
0,0,0
0,0,0
0,0,0
0,0,0
0,0,0
0,0,0
0,0,0
0,0,0
0,0,0
0,0,0
0,0,0
0,0,0
0,0,0
0,0,0
0,0,0
0,0,0
0,0,0
0,0,0
0,0,0
0,0,0
0,0,0
0,0,0
0,0,0
0,0,0
0,0,0
0,0,0
0,0,0
0,0,0
0,0,0
0,0,0
0,0,0
0,0,0
0,0,0
0,0,0
0,0,0
0,0,0
0,0,0
0,0,0
0,0,0
0,0,0
0,0,0
0,0,0
0,0,0
0,0,0
0,0,0
0,0,0
0,0,0
0,0,0
0,0,0
0,0,0
0,0,0
0,0,0
0,0,0
0,0,0
0,0,0
0,0,0
0,0,0
0,0,0
0,0,0
0,0,0
0,0,0
0,0,0
0,0,0
0,0,0
0,0,0
0,0,0
0,0,0
0,0,0
0,0,0
0,0,0
0,0,0
0,0,0
0,0,0
0,0,0
0,0,0
0,0,0
0,0,0
0,0,0
0,0,0
0,0,0
0,0,0
0,0,0
0,0,0
0,0,0
0,0,0
0,0,0
0,0,0
0,0,0
0,0,0
0,0,0
0,0,0
0,0,0
0,0,0
0,0,0
0,0,0
0,0,0
0,0,0
0,0,0
0,0,0
0,0,0
0,0,0
0,0,0
0,0,0
0,0,0
0,0,0
0,0,0
0,0,0
0,0,0
0,0,0
0,0,0
0,0,0
0,0,0
0,0,0
0,0,0
0,0,0
0,0,0
0,0,0
0,0,0
0,0,0
0,0,0
0,0,0
0,0,0
0,0,0
0,0,0
0,0,0
0,0,0
0,0,0
0,0,0
0,0,0
0,0,0
0,0,0
0,0,0
0,0,0
0,0,0
0,0,0
0,0,0
0,0,0
0,0,0
0,0,0
0,0,0
0,0,0
0,0,0
0,0,0
0,0,0
0,0,0
0,0,0
0,0,0
0,0,0
0,0,0
0,0,0
0,0,0
0,0,0
0,0,0
0,0,0
0,0,0
0,0,0
0,0,0
0,0,0
0,0,0
0,0,0
0,0,0
0,0,0
0,0,0
0,0,0
0,0,0
0,0,0
0,0,0
0,0,0
0,0,0
0,0,0
0,0,0
0,0,0
0,0,0
0,0,0
0,0,0
0,0,0
0,0,0
0,0,0
0,0,0
0,0,0
0,0,0
0,0,0
0,0,0
0,0,0
0,0,0
0,0,0
0,0,0
0,0,0
0,0,0
0,0,0
0,0,0
0,0,0
0,0,0
0,0,0
0,0,0
0,0,0
0,0,0
0,0,0
0,0,0
0,0,0
0,0,0
0,0,0
0,0,0
0,0,0
0,0,0
0,0,0
0,0,0
0,0,0
0,0,0
0,0,0
0,0,0
0,0,0
0,0,0
0,0,0
0,0,0
0,0,0
0,0,0
0,0,0
0,0,0
0,0,0
0,0,0
0,0,0
0,0,0
0,0,0
0,0,0
0,0,0
0,0,0
0,0,0
0,0,0
0,0,0
0,0,0
0,0,0
0,0,0
0,0,0
0,0,0
0,0,0
0,0,0
0,0,0
0,0,0
0,0,0
0,0,0
0,0,0
0,0,0
0,0,0
0,0,0
0,0,0
0,0,0
0,0,0
0,0,0
0,0,0
0,0,0
0,0,0
0,0,0
0,0,0
0,0,0
0,0,0
0,0,0
0,0,0
0,0,0
0,0,0
0,0,0
0,0,0
0,0,0
0,0,0
0,0,0
0,0,0
0,0,0
0,0,0
0,0,0
0,0,0
0,0,0
0,0,0
0,0,0
0,0,0
0,0,0
0,0,0
0,0,0
0,0,0
0,0,0
0,0,0
0,0,0
0,0,0
0,0,0
0,0,0
0,0,0
0,0,0
0,0,0
0,0,0
0,0,0
0,0,0
0,0,0
0,0,0
0,0,0
0,0,0
0,0,0
0,0,0
0,0,0
0,0,0
0,0,0
0,0,0
0,0,0
0,0,0
0,0,0
0,0,0
0,0,0
0,0,0
0,0,0
0,0,0
0,0,0
0,0,0
0,0,0
0,0,0
0,0,0
0,0,0
0,0,0
0,0,0
0,0,0
0,0,0
0,0,0
0,0,0
0,0,0
0,0,0
0,0,0
0,0,0
0,0,0
0,0,0
0,0,0
0,0,0
0,0,0
0,0,0
0,0,0
0,0,0
0,0,0
0,0,0
0,0,0
0,0,0
0,0,0
0,0,0
0,0,0
0,0,0
0,0,0
0,0,0
0,0,0
0,0,0
0,0,0
0,0,0
0,0,0
0,0,0
0,0,0
0,0,0
0,0,0
0,0,0
0,0,0
0,0,0
0,0,0
0,0,0
0,0,0
0,0,0
0,0,0
0,0,0
0,0,0
0,0,0
0,0,0
0,0,0
0,0,0
0,0,0
0,0,0
0,0,0
0,0,0
0,0,0
0,0,0
0,0,0
0,0,0
0,0,0
0,0,0
0,0,0
0,0,0
0,0,0
0,0,0
0,0,0
0,0,0
0,0,0
0,0,0
0,0,0
0,0,0
0,0,0
0,0,0
0,0,0
0,0,0
0,0,0
0,0,0
0,0,0
0,0,0
0,0,0
0,0,0
0,0,0
0,0,0
0,0,0
0,0,0
0,0,0
0,0,0
0,0,0
0,0,0
0,0,0
0,0,0
0,0,0
0,0,0
0,0,0
0,0,0
0,0,0
0,0,0
0,0,0
0,0,0
0,0,0
0,0,0
0,0,0
0,0,0
0,0,0
0,0,0
0,0,0
0,0,0
0,0,0
0,0,0
0,0,0
0,0,0
0,0,0
0,0,0
0,0,0
0,0,0
0,0,0
0,0,0
0,0,0
0,0,0
0,0,0
0,0,0
0,0,0
0,0,0
0,0,0
0,0,0
0,0,0
0,0,0
0,0,0
0,0,0
0,0,0
0,0,0
0,0,0
0,0,0
0,0,0
0,0,0
0,0,0
0,0,0
0,0,0
0,0,0
0,0,0
0,0,0
0,0,0
0,0,0
0,0,0
0,0,0
0,0,0
0,0,0
0,0,0
0,0,0
0,0,0
0,0,0
0,0,0
0,0,0
0,0,0
0,0,0
0,0,0
0,0,0
0,0,0
0,0,0
0,0,0
0,0,0
0,0,0
0,0,0
0,0,0
0,0,0
0,0,0
0,0,0
0,0,0
0,0,0
0,0,0
0,0,0
0,0,0
0,0,0
0,0,0
0,0,0
0,0,0
0,0,0
0,0,0
0,0,0
0,0,0
0,0,0
0,0,0
0,0,0
0,0,0
0,0,0
0,0,0
0,0,0
0,0,0
0,0,0
0,0,0
0,0,0
0,0,0
0,0,0
0,0,0
0,0,0
0,0,0
0,0,0
0,0,0
0,0,0
0,0,0
0,0,0
0,0,0
0,0,0
0,0,0
0,0,0
0,0,0
0,0,0
0,0,0
0,0,0
0,0,0
0,0,0
0,0,0
0,0,0
0,0,0
0,0,0
0,0,0
0,0,0
0,0,0
0,0,0
0,0,0
0,0,0
0,0,0
0,0,0
0,0,0
0,0,0
0,0,0
0,0,0
0,0,0
0,0,0
0,0,0
0,0,0
0,0,0
0,0,0
0,0,0
0,0,0
0,0,0
0,0,0
0,0,0
0,0,0
0,0,0
0,0,0
0,0,0
0,0,0
0,0,0
0,0,0
0,0,0
0,0,0
0,0,0
0,0,0
0,0,0
0,0,0
0,0,0
0,0,0
0,0,0
0,0,0
0,0,0
0,0,0
0,0,0
0,0,0
0,0,0
0,0,0
0,0,0
0,0,0
0,0,0
0,0,0
0,0,0
0,0,0
0,0,0
0,0,0
0,0,0
0,0,0
0,0,0
0,0,0
0,0,0
0,0,0
0,0,0
0,0,0
0,0,0
0,0,0
0,0,0
0,0,0
0,0,0
0,0,0
0,0,0
0,0,0
0,0,0
0,0,0
0,0,0
0,0,0
0,0,0
0,0,0
0,0,0
0,0,0
0,0,0
0,0,0
0,0,0
0,0,0
0,0,0
0,0,0
0,0,0
0,0,0
0,0,0
0,0,0
0,0,0
0,0,0
0,0,0
0,0,0
0,0,0
0,0,0
0,0,0
0,0,0
0,0,0
0,0,0
0,0,0
0,0,0
0,0,0
0,0,0
0,0,0
0,0,0
0,0,0
0,0,0
0,0,0
0,0,0
0,0,0
0,0,0
0,0,0
0,0,0
0,0,0
0,0,0
0,0,0
0,0,0
0,0,0
0,0,0
0,0,0
0,0,0
0,0,0
0,0,0
0,0,0
0,0,0
0,0,0
0,0,0
0,0,0
0,0,0
0,0,0
0,0,0
0,0,0
0,0,0
0,0,0
0,0,0
0,0,0
0,0,0
0,0,0
0,0,0
0,0,0
0,0,0
0,0,0
0,0,0
0,0,0
0,0,0
0,0,0
0,0,0
0,0,0
0,0,0
0,0,0
0,0,0
0,0,0
0,0,0
0,0,0
0,0,0
0,0,0
0,0,0
0,0,0
0,0,0
0,0,0
0,0,0
0,0,0
0,0,0
0,0,0
0,0,0
0,0,0
0,0,0
0,0,0
0,0,0
0,0,0
0,0,0
0,0,0
0,0,0
0,0,0
0,0,0
0,0,0
0,0,0
0,0,0
0,0,0
0,0,0
0,0,0
0,0,0
0,0,0
0,0,0
0,0,0
0,0,0
0,0,0
0,0,0
0,0,0
0,0,0
0,0,0
0,0,0
0,0,0
0,0,0
0,0,0
0,0,0
0,0,0
0,0,0
0,0,0
0,0,0
0,0,0
0,0,0
0,0,0
0,0,0
0,0,0
0,0,0
0,0,0
0,0,0
0,0,0
0,0,0
0,0,0
0,0,0
0,0,0
0,0,0
0,0,0
0,0,0
0,0,0
0,0,0
0,0,0
0,0,0
0,0,0
0,0,0
0,0,0
0,0,0
0,0,0
0,0,0
0,0,0
0,0,0
0,0,0
0,0,0
0,0,0
0,0,0
0,0,0
0,0,0
0,0,0
0,0,0
0,0,0
0,0,0
0,0,0
0,0,0
0,0,0
0,0,0
0,0,0
0,0,0
0,0,0
0,0,0
0,0,0
0,0,0
0,0,0
0,0,0
0,0,0
0,0,0
0,0,0
0,0,0
0,0,0
0,0,0
0,0,0
0,0,0
0,0,0
0,0,0
0,0,0
0,0,0
0,0,0
0,0,0
0,0,0
0,0,0
0,0,0
0,0,0
0,0,0
0,0,0
0,0,0
0,0,0
0,0,0
0,0,0
0,0,0
0,0,0
0,0,0
0,0,0
0,0,0
0,0,0
0,0,0
0,0,0
0,0,0
0,0,0
0,0,0
0,0,0
0,0,0
0,0,0
0,0,0
0,0,0
0,0,0
0,0,0
0,0,0
0,0,0
0,0,0
0,0,0
0,0,0
0,0,0
0,0,0
0,0,0
0,0,0
0,0,0
0,0,0
0,0,0
0,0,0
0,0,0
0,0,0
0,0,0
0,0,0
0,0,0
0,0,0
0,0,0
0,0,0
0,0,0
0,0,0
0,0,0
0,0,0
0,0,0
0,0,0
0,0,0
0,0,0
0,0,0
0,0,0
0,0,0
0,0,0
0,0,0
0,0,0
0,0,0
0,0,0
0,0,0
0,0,0
0,0,0
0,0,0
0,0,0
0,0,0
0,0,0
0,0,0
0,0,0
0,0,0
0,0,0
0,0,0
0,0,0
0,0,0
0,0,0
0,0,0
0,0,0
0,0,0
0,0,0
0,0,0
0,0,0
0,0,0
0,0,0
0,0,0
0,0,0
0,0,0
0,0,0
0,0,0
0,0,0
0,0,0
0,0,0
0,0,0
0,0,0
0,0,0
0,0,0
0,0,0
0,0,0
0,0,0
0,0,0
0,0,0
0,0,0
0,0,0
0,0,0
0,0,0
0,0,0
0,0,0
0,0,0
0,0,0
0,0,0
0,0,0
0,0,0
0,0,0
0,0,0
0,0,0
0,0,0
0,0,0
0,0,0
0,0,0
0,0,0
0,0,0
0,0,0
0,0,0
0,0,0
0,0,0
0,0,0
0,0,0
0,0,0
0,0,0
0,0,0
0,0,0
0,0,0
0,0,0
0,0,0
0,0,0
0,0,0
0,0,0
0,0,0
0,0,0
0,0,0
0,0,0
0,0,0
0,0,0
0,0,0
0,0,0
0,0,0
0,0,0
0,0,0
0,0,0
0,0,0
0,0,0
0,0,0
0,0,0
0,0,0
0,0,0
0,0,0
0,0,0
0,0,0
0,0,0
0,0,0
0,0,0
0,0,0
0,0,0
0,0,0
0,0,0
0,0,0
0,0,0
0,0,0
0,0,0
0,0,0
0,0,0
0,0,0
0,0,0
0,0,0
0,0,0
0,0,0
0,0,0
0,0,0
0,0,0
0,0,0
0,0,0
0,0,0
0,0,0
0,0,0
0,0,0
0,0,0
0,0,0
0,0,0
0,0,0
0,0,0
0,0,0
0,0,0
0,0,0
0,0,0
0,0,0
0,0,0
0,0,0
0,0,0
0,0,0
0,0,0
0,0,0
0,0,0
0,0,0
0,0,0
0,0,0
0,0,0
0,0,0
0,0,0
0,0,0
0,0,0
0,0,0
0,0,0
0,0,0
0,0,0
0,0,0
0,0,0
0,0,0
0,0,0
0,0,0
0,0,0
0,0,0
0,0,0
0,0,0
0,0,0
0,0,0
0,0,0
0,0,0
0,0,0
0,0,0
0,0,0
0,0,0
0,0,0
0,0,0
0,0,0
0,0,0
0,0,0
0,0,0
0,0,0
0,0,0
0,0,0
0,0,0
0,0,0
0,0,0
0,0,0
0,0,0
0,0,0
0,0,0
0,0,0
0,0,0
0,0,0
0,0,0
0,0,0
0,0,0
0,0,0
0,0,0
0,0,0
0,0,0
0,0,0
0,0,0
0,0,0
0,0,0
0,0,0
0,0,0
0,0,0
0,0,0
0,0,0
0,0,0
0,0,0
0,0,0
0,0,0
0,0,0
0,0,0
0,0,0
0,0,0
0,0,0
0,0,0
0,0,0
0,0,0
0,0,0
0,0,0
0,0,0
0,0,0
0,0,0
0,0,0
0,0,0
0,0,0
0,0,0
0,0,0
0,0,0
0,0,0
0,0,0
0,0,0
0,0,0
0,0,0
0,0,0
0,0,0
0,0,0
0,0,0
0,0,0
0,0,0
0,0,0
0,0,0
0,0,0
0,0,0
0,0,0
0,0,0
0,0,0
0,0,0
0,0,0
0,0,0
0,0,0
0,0,0
0,0,0
0,0,0
0,0,0
0,0,0
0,0,0
0,0,0
0,0,0
0,0,0
0,0,0
0,0,0
0,0,0
0,0,0
0,0,0
0,0,0
0,0,0
0,0,0
0,0,0
0,0,0
0,0,0
0,0,0
0,0,0
0,0,0
0,0,0
0,0,0
0,0,0
0,0,0
0,0,0
0,0,0
0,0,0
0,0,0
0,0,0
0,0,0
0,0,0
0,0,0
0,0,0
0,0,0
0,0,0
0,0,0
0,0,0
0,0,0
0,0,0
0,0,0
0,0,0
0,0,0
0,0,0
0,0,0
0,0,0
0,0,0
0,0,0
0,0,0
0,0,0
0,0,0
0,0,0
0,0,0
0,0,0
0,0,0
0,0,0
0,0,0
0,0,0
0,0,0
0,0,0
0,0,0
0,0,0
0,0,0
0,0,0
0,0,0
0,0,0
0,0,0
0,0,0
0,0,0
0,0,0
0,0,0
0,0,0
0,0,0
0,0,0
0,0,0
0,0,0
0,0,0
0,0,0
0,0,0
0,0,0
0,0,0
0,0,0
0,0,0
0,0,0
0,0,0
0,0,0
0,0,0
0,0,0
0,0,0
0,0,0
0,0,0
0,0,0
0,0,0
0,0,0
0,0,0
0,0,0
0,0,0
0,0,0
0,0,0
0,0,0
0,0,0
0,0,0
0,0,0
0,0,0
0,0,0
0,0,0
0,0,0
0,0,0
0,0,0
0,0,0
0,0,0
0,0,0
0,0,0
0,0,0
0,0,0
0,0,0
0,0,0
0,0,0
0,0,0
0,0,0
0,0,0
0,0,0
0,0,0
0,0,0
0,0,0
0,0,0
0,0,0
0,0,0
0,0,0
0,0,0
0,0,0
0,0,0
0,0,0
0,0,0
0,0,0
0,0,0
0,0,0
0,0,0
0,0,0
0,0,0
0,0,0
0,0,0
0,0,0
0,0,0
0,0,0
0,0,0
0,0,0
0,0,0
0,0,0
0,0,0
0,0,0
0,0,0
0,0,0
0,0,0
0,0,0
0,0,0
0,0,0
0,0,0
0,0,0
0,0,0
0,0,0
0,0,0
0,0,0
0,0,0
0,0,0
0,0,0
0,0,0
0,0,0
0,0,0
0,0,0
0,0,0
0,0,0
0,0,0
0,0,0
0,0,0
0,0,0
0,0,0
0,0,0
0,0,0
0,0,0
0,0,0
0,0,0
0,0,0
0,0,0
0,0,0
0,0,0
0,0,0
0,0,0
0,0,0
0,0,0
0,0,0
0,0,0
0,0,0
0,0,0
0,0,0
0,0,0
0,0,0
0,0,0
0,0,0
0,0,0
0,0,0
0,0,0
0,0,0
0,0,0
0,0,0
0,0,0
0,0,0
0,0,0
0,0,0
0,0,0
0,0,0
0,0,0
0,0,0
0,0,0
0,0,0
0,0,0
0,0,0
0,0,0
0,0,0
0,0,0
0,0,0
0,0,0
0,0,0
0,0,0
0,0,0
0,0,0
0,0,0
0,0,0
0,0,0
0,0,0
0,0,0
0,0,0
0,0,0
0,0,0
0,0,0
0,0,0
0,0,0
0,0,0
0,0,0
0,0,0
0,0,0
0,0,0
0,0,0
0,0,0
0,0,0
0,0,0
0,0,0
0,0,0
0,0,0
0,0,0
0,0,0
0,0,0
0,0,0
0,0,0
0,0,0
0,0,0
0,0,0
0,0,0
0,0,0
0,0,0
0,0,0
0,0,0
0,0,0
0,0,0
0,0,0
0,0,0
0,0,0
0,0,0
0,0,0
0,0,0
0,0,0
0,0,0
0,0,0
0,0,0
0,0,0
0,0,0
0,0,0
0,0,0
0,0,0
0,0,0
0,0,0
0,0,0
0,0,0
0,0,0
0,0,0
0,0,0
0,0,0
0,0,0
0,0,0
0,0,0
0,0,0
0,0,0
0,0,0
0,0,0
0,0,0
0,0,0
0,0,0
0,0,0
0,0,0
0,0,0
0,0,0
0,0,0
0,0,0
0,0,0
0,0,0
0,0,0
0,0,0
0,0,0
0,0,0
0,0,0
0,0,0
0,0,0
0,0,0
0,0,0
0,0,0
0,0,0
0,0,0
0,0,0
0,0,0
0,0,0
0,0,0
0,0,0
0,0,0
0,0,0
0,0,0
0,0,0
0,0,0
0,0,0
0,0,0
0,0,0
0,0,0
0,0,0
0,0,0
0,0,0
0,0,0
0,0,0
0,0,0
0,0,0
0,0,0
0,0,0
0,0,0
0,0,0
0,0,0
0,0,0
0,0,0
0,0,0
0,0,0
0,0,0
0,0,0
0,0,0
0,0,0
0,0,0
0,0,0
0,0,0
0,0,0
0,0,0
0,0,0
0,0,0
0,0,0
0,0,0
0,0,0
0,0,0
0,0,0
0,0,0
0,0,0
0,0,0
0,0,0
0,0,0
0,0,0
0,0,0
0,0,0
0,0,0
0,0,0
0,0,0
0,0,0
0,0,0
0,0,0
0,0,0
0,0,0
0,0,0
0,0,0
0,0,0
0,0,0
0,0,0
0,0,0
0,0,0
0,0,0
0,0,0
0,0,0
0,0,0
0,0,0
0,0,0
0,0,0
0,0,0
0,0,0
0,0,0
0,0,0
0,0,0
0,0,0
0,0,0
0,0,0
0,0,0
0,0,0
0,0,0
0,0,0
0,0,0
0,0,0
0,0,0
0,0,0
0,0,0
0,0,0
0,0,0
0,0,0
0,0,0
0,0,0
0,0,0
0,0,0
0,0,0
0,0,0
0,0,0
0,0,0
0,0,0
0,0,0
0,0,0
0,0,0
0,0,0
0,0,0
0,0,0
0,0,0
0,0,0
0,0,0
0,0,0
0,0,0
0,0,0
0,0,0
0,0,0
0,0,0
0,0,0
0,0,0
0,0,0
0,0,0
0,0,0
0,0,0
0,0,0
0,0,0
0,0,0
0,0,0
0,0,0
0,0,0
0,0,0
0,0,0
0,0,0
0,0,0
0,0,0
0,0,0
0,0,0
0,0,0
0,0,0
0,0,0
0,0,0
0,0,0
0,0,0
0,0,0
0,0,0
0,0,0
0,0,0
0,0,0
0,0,0
0,0,0
0,0,0
0,0,0
0,0,0
0,0,0
0,0,0
0,0,0
0,0,0
0,0,0
0,0,0
0,0,0
0,0,0
0,0,0
0,0,0
0,0,0
0,0,0
0,0,0
0,0,0
0,0,0
0,0,0
0,0,0
0,0,0
0,0,0
0,0,0
0,0,0
0,0,0
0,0,0
0,0,0
0,0,0
0,0,0
0,0,0
0,0,0
0,0,0
0,0,0
0,0,0
0,0,0
0,0,0
0,0,0
0,0,0
0,0,0
0,0,0
0,0,0
0,0,0
0,0,0
0,0,0
0,0,0
0,0,0
0,0,0
0,0,0
0,0,0
0,0,0
0,0,0
0,0,0
0,0,0
0,0,0
0,0,0
0,0,0
0,0,0
0,0,0
0,0,0
0,0,0
0,0,0
0,0,0
0,0,0
0,0,0
0,0,0
0,0,0
0,0,0
0,0,0
0,0,0
0,0,0
0,0,0
0,0,0
0,0,0
0,0,0
0,0,0
0,0,0
0,0,0
0,0,0
0,0,0
0,0,0
0,0,0
0,0,0
0,0,0
0,0,0
0,0,0
0,0,0
0,0,0
0,0,0
0,0,0
0,0,0
0,0,0
0,0,0
0,0,0
0,0,0
0,0,0
0,0,0
0,0,0
0,0,0
0,0,0
0,0,0
0,0,0
0,0,0
0,0,0
0,0,0
0,0,0
0,0,0
0,0,0
0,0,0
0,0,0
0,0,0
0,0,0
0,0,0
0,0,0
0,0,0
0,0,0
0,0,0
0,0,0
0,0,0
0,0,0
0,0,0
0,0,0
0,0,0
0,0,0
0,0,0
0,0,0
0,0,0
0,0,0
0,0,0
0,0,0
0,0,0
0,0,0
0,0,0
0,0,0
0,0,0
0,0,0
0,0,0
0,0,0
0,0,0
0,0,0
0,0,0
0,0,0
0,0,0
0,0,0
0,0,0
0,0,0
0,0,0
0,0,0
0,0,0
0,0,0
0,0,0
0,0,0
0,0,0
0,0,0
0,0,0
0,0,0
0,0,0
0,0,0
0,0,0
0,0,0
0,0,0
0,0,0
0,0,0
0,0,0
0,0,0
0,0,0
0,0,0
0,0,0
0,0,0
0,0,0
0,0,0
0,0,0
0,0,0
0,0,0
0,0,0
0,0,0
0,0,0
0,0,0
0,0,0
0,0,0
0,0,0
0,0,0
0,0,0
0,0,0
0,0,0
0,0,0
0,0,0
0,0,0
0,0,0
0,0,0
0,0,0
0,0,0
0,0,0
0,0,0
0,0,0
0,0,0
0,0,0
0,0,0
0,0,0
0,0,0
0,0,0
0,0,0
0,0,0
0,0,0
0,0,0
0,0,0
0,0,0
0,0,0
0,0,0
0,0,0
0,0,0
0,0,0
0,0,0
0,0,0
0,0,0
0,0,0
0,0,0
0,0,0
0,0,0
0,0,0
0,0,0
0,0,0
0,0,0
0,0,0
0,0,0
0,0,0
0,0,0
0,0,0
0,0,0
0,0,0
0,0,0
0,0,0
0,0,0
0,0,0
0,0,0
0,0,0
0,0,0
0,0,0
0,0,0
0,0,0
0,0,0
0,0,0
0,0,0
0,0,0
0,0,0
0,0,0
0,0,0
0,0,0
0,0,0
0,0,0
0,0,0
0,0,0
0,0,0
0,0,0
0,0,0
0,0,0
0,0,0
0,0,0
0,0,0
0,0,0
0,0,0
0,0,0
0,0,0
0,0,0
0,0,0
0,0,0
0,0,0
0,0,0
0,0,0
0,0,0
0,0,0
0,0,0
0,0,0
0,0,0
0,0,0
0,0,0
0,0,0
0,0,0
0,0,0
0,0,0
0,0,0
0,0,0
0,0,0
0,0,0
0,0,0
0,0,0
0,0,0
0,0,0
0,0,0
0,0,0
0,0,0
0,0,0
0,0,0
0,0,0
0,0,0
0,0,0
0,0,0
0,0,0
0,0,0
0,0,0
0,0,0
0,0,0
0,0,0
0,0,0
0,0,0
0,0,0
0,0,0
0,0,0
0,0,0
0,0,0
0,0,0
0,0,0
0,0,0
0,0,0
0,0,0
0,0,0
0,0,0
0,0,0
0,0,0
0,0,0
0,0,0
0,0,0
0,0,0
0,0,0
0,0,0
0,0,0
0,0,0
0,0,0
0,0,0
0,0,0
0,0,0
0,0,0
0,0,0
0,0,0
0,0,0
0,0,0
0,0,0
0,0,0
0,0,0
0,0,0
0,0,0
0,0,0
0,0,0
0,0,0
0,0,0
0,0,0
0,0,0
0,0,0
0,0,0
0,0,0
0,0,0
0,0,0
0,0,0
0,0,0
0,0,0
0,0,0
0,0,0
0,0,0
0,0,0
0,0,0
0,0,0
0,0,0
0,0,0
0,0,0
0,0,0
0,0,0
0,0,0
0,0,0
0,0,0
0,0,0
0,0,0
0,0,0
0,0,0
0,0,0
0,0,0
0,0,0
0,0,0
0,0,0
0,0,0
0,0,0
0,0,0
0,0,0
0,0,0
0,0,0
0,0,0
0,0,0
0,0,0
0,0,0
0,0,0
0,0,0
0,0,0
0,0,0
0,0,0
0,0,0
0,0,0
0,0,0
0,0,0
0,0,0
0,0,0
0,0,0
0,0,0
0,0,0
0,0,0
0,0,0
0,0,0
0,0,0
0,0,0
0,0,0
0,0,0
0,0,0
0,0,0
0,0,0
0,0,0
0,0,0
0,0,0
0,0,0
0,0,0
0,0,0
0,0,0
0,0,0
0,0,0
0,0,0
0,0,0
0,0,0
0,0,0
0,0,0
0,0,0
0,0,0
0,0,0
0,0,0
0,0,0
0,0,0
0,0,0
0,0,0
0,0,0
0,0,0
0,0,0
0,0,0
0,0,0
0,0,0
0,0,0
0,0,0
0,0,0
0,0,0
0,0,0
0,0,0
0,0,0
0,0,0
0,0,0
0,0,0
0,0,0
0,0,0
0,0,0
0,0,0
0,0,0
0,0,0
0,0,0
0,0,0
0,0,0
0,0,0
0,0,0
0,0,0
0,0,0
0,0,0
0,0,0
0,0,0
0,0,0
0,0,0
0,0,0
0,0,0
0,0,0
0,0,0
0,0,0
0,0,0
0,0,0
0,0,0
0,0,0
0,0,0
0,0,0
0,0,0
0,0,0
0,0,0
0,0,0
0,0,0
0,0,0
0,0,0
0,0,0
0,0,0
0,0,0
0,0,0
0,0,0
0,0,0
0,0,0
0,0,0
0,0,0
0,0,0
0,0,0
0,0,0
0,0,0
0,0,0
0,0,0
0,0,0
0,0,0
0,0,0
0,0,0
0,0,0
0,0,0
0,0,0
0,0,0
0,0,0
0,0,0
0,0,0
0,0,0
0,0,0
0,0,0
0,0,0
0,0,0
0,0,0
0,0,0
0,0,0
0,0,0
0,0,0
0,0,0
0,0,0
0,0,0
0,0,0
0,0,0
0,0,0
0,0,0
0,0,0
0,0,0
0,0,0
0,0,0
0,0,0
0,0,0
0,0,0
0,0,0
0,0,0
0,0,0
0,0,0
0,0,0
0,0,0
0,0,0
0,0,0
0,0,0
0,0,0
0,0,0
0,0,0
0,0,0
0,0,0
0,0,0
0,0,0
0,0,0
0,0,0
0,0,0
0,0,0
0,0,0
0,0,0
0,0,0
0,0,0
0,0,0
0,0,0
0,0,0
0,0,0
0,0,0
0,0,0
0,0,0
0,0,0
0,0,0
0,0,0
0,0,0
0,0,0
0,0,0
0,0,0
0,0,0
0,0,0
0,0,0
0,0,0
0,0,0
0,0,0
0,0,0
0,0,0
0,0,0
0,0,0
0,0,0
0,0,0
0,0,0
0,0,0
0,0,0
0,0,0
0,0,0
0,0,0
0,0,0
0,0,0
0,0,0
0,0,0
0,0,0
0,0,0
0,0,0
0,0,0
0,0,0
0,0,0
0,0,0
0,0,0
0,0,0
0,0,0
0,0,0
0,0,0
0,0,0
0,0,0
0,0,0
0,0,0
0,0,0
0,0,0
0,0,0
0,0,0
0,0,0
0,0,0
0,0,0
0,0,0
0,0,0
0,0,0
0,0,0
0,0,0
0,0,0
0,0,0
0,0,0
0,0,0
0,0,0
0,0,0
0,0,0
0,0,0
0,0,0
0,0,0
0,0,0
0,0,0
0,0,0
0,0,0
0,0,0
0,0,0
0,0,0
0,0,0
0,0,0
0,0,0
0,0,0
0,0,0
0,0,0
0,0,0
0,0,0
0,0,0
0,0,0
0,0,0
0,0,0
0,0,0
0,0,0
0,0,0
0,0,0
0,0,0
0,0,0
0,0,0
0,0,0
0,0,0
0,0,0
0,0,0
0,0,0
0,0,0
0,0,0
0,0,0
0,0,0
0,0,0
0,0,0
0,0,0
0,0,0
0,0,0
0,0,0
0,0,0
0,0,0
0,0,0
0,0,0
0,0,0
0,0,0
0,0,0
0,0,0
0,0,0
0,0,0
0,0,0
0,0,0
0,0,0
0,0,0
0,0,0
0,0,0
0,0,0
0,0,0
0,0,0
0,0,0
0,0,0
0,0,0
0,0,0
0,0,0
0,0,0
0,0,0
0,0,0
0,0,0
0,0,0
0,0,0
0,0,0
0,0,0
0,0,0
0,0,0
0,0,0
0,0,0
0,0,0
0,0,0
0,0,0
0,0,0
0,0,0
0,0,0
0,0,0
0,0,0
0,0,0
0,0,0
0,0,0
0,0,0
0,0,0
0,0,0
0,0,0
0,0,0
0,0,0
0,0,0
0,0,0
0,0,0
0,0,0
0,0,0
0,0,0
0,0,0
0,0,0
0,0,0
0,0,0
0,0,0
0,0,0
0,0,0
0,0,0
0,0,0
0,0,0
0,0,0
0,0,0
0,0,0
0,0,0
0,0,0
0,0,0
0,0,0
0,0,0
0,0,0
0,0,0
0,0,0
0,0,0
0,0,0
0,0,0
0,0,0
0,0,0
0,0,0
0,0,0
0,0,0
0,0,0
0,0,0
0,0,0
0,0,0
0,0,0
0,0,0
0,0,0
0,0,0
0,0,0
0,0,0
0,0,0
0,0,0
0,0,0
0,0,0
0,0,0
0,0,0
0,0,0
0,0,0
0,0,0
0,0,0
0,0,0
0,0,0
0,0,0
0,0,0
0,0,0
0,0,0
0,0,0
0,0,0
0,0,0
0,0,0
0,0,0
0,0,0
0,0,0
0,0,0
0,0,0
0,0,0
0,0,0
0,0,0
0,0,0
0,0,0
0,0,0
0,0,0
0,0,0
0,0,0
0,0,0
0,0,0
0,0,0
0,0,0
0,0,0
0,0,0
0,0,0
0,0,0
0,0,0
0,0,0
0,0,0
0,0,0
0,0,0
0,0,0
0,0,0
0,0,0
0,0,0
0,0,0
0,0,0
0,0,0
0,0,0
0,0,0
0,0,0
0,0,0
0,0,0
0,0,0
0,0,0
0,0,0
0,0,0
0,0,0
0,0,0
0,0,0
0,0,0
0,0,0
0,0,0
0,0,0
0,0,0
0,0,0
0,0,0
0,0,0
0,0,0
0,0,0
0,0,0
0,0,0
0,0,0
0,0,0
0,0,0
0,0,0
0,0,0
0,0,0
0,0,0
0,0,0
0,0,0
0,0,0
0,0,0
0,0,0
0,0,0
0,0,0
0,0,0
0,0,0
0,0,0
0,0,0
0,0,0
0,0,0
0,0,0
0,0,0
0,0,0
0,0,0
0,0,0
0,0,0
0,0,0
0,0,0
0,0,0
0,0,0
0,0,0
0,0,0
0,0,0
0,0,0
0,0,0
0,0,0
0,0,0
0,0,0
0,0,0
0,0,0
0,0,0
0,0,0
0,0,0
0,0,0
0,0,0
0,0,0
0,0,0
0,0,0
0,0,0
0,0,0
0,0,0
0,0,0
0,0,0
0,0,0
0,0,0
0,0,0
0,0,0
0,0,0
0,0,0
0,0,0
0,0,0
0,0,0
0,0,0
0,0,0
0,0,0
0,0,0
0,0,0
0,0,0
0,0,0
0,0,0
0,0,0
0,0,0
0,0,0
0,0,0
0,0,0
0,0,0
0,0,0
0,0,0
0,0,0
0,0,0
0,0,0
0,0,0
0,0,0
0,0,0
0,0,0
0,0,0
0,0,0
0,0,0
0,0,0
0,0,0
0,0,0
0,0,0
0,0,0
0,0,0
0,0,0
0,0,0
0,0,0
0,0,0
0,0,0
0,0,0
0,0,0
0,0,0
0,0,0
0,0,0
0,0,0
0,0,0
0,0,0
0,0,0
0,0,0
0,0,0
0,0,0
0,0,0
0,0,0
0,0,0
0,0,0
0,0,0
0,0,0
0,0,0
0,0,0
0,0,0
0,0,0
0,0,0
0,0,0
0,0,0
0,0,0
0,0,0
0,0,0
0,0,0
0,0,0
0,0,0
0,0,0
0,0,0
0,0,0
0,0,0
0,0,0
0,0,0
0,0,0
0,0,0
0,0,0
0,0,0
0,0,0
0,0,0
0,0,0
0,0,0
0,0,0
0,0,0
0,0,0
0,0,0
0,0,0
0,0,0
0,0,0
0,0,0
0,0,0
0,0,0
0,0,0
0,0,0
0,0,0
0,0,0
0,0,0
0,0,0
0,0,0
0,0,0
0,0,0
0,0,0
0,0,0
0,0,0
0,0,0
0,0,0
0,0,0
0,0,0
0,0,0
0,0,0
0,0,0
0,0,0
0,0,0
0,0,0
0,0,0
0,0,0
0,0,0
0,0,0
0,0,0
0,0,0
0,0,0
0,0,0
0,0,0
0,0,0
0,0,0
0,0,0
0,0,0
0,0,0
0,0,0
0,0,0
0,0,0
0,0,0
0,0,0
0,0,0
0,0,0
0,0,0
0,0,0
0,0,0
0,0,0
0,0,0
0,0,0
0,0,0
0,0,0
0,0,0
0,0,0
0,0,0
0,0,0
0,0,0
0,0,0
0,0,0
0,0,0
0,0,0
0,0,0
0,0,0
0,0,0
0,0,0
0,0,0
0,0,0
0,0,0
0,0,0
0,0,0
0,0,0
0,0,0
0,0,0
0,0,0
0,0,0
0,0,0
0,0,0
0,0,0
0,0,0
0,0,0
0,0,0
0,0,0
0,0,0
0,0,0
0,0,0
0,0,0
0,0,0
0,0,0
0,0,0
0,0,0
0,0,0
0,0,0
0,0,0
0,0,0
0,0,0
0,0,0
0,0,0
0,0,0
0,0,0
0,0,0
0,0,0
0,0,0
0,0,0
0,0,0
0,0,0
0,0,0
0,0,0
0,0,0
0,0,0
0,0,0
0,0,0
0,0,0
0,0,0
0,0,0
0,0,0
0,0,0
0,0,0
0,0,0
0,0,0
0,0,0
0,0,0
0,0,0
0,0,0
0,0,0
0,0,0
0,0,0
0,0,0
0,0,0
0,0,0
0,0,0
0,0,0
0,0,0
0,0,0
0,0,0
0,0,0
0,0,0
0,0,0
0,0,0
0,0,0
0,0,0
0,0,0
0,0,0
0,0,0
0,0,0
0,0,0
0,0,0
0,0,0
0,0,0
0,0,0
0,0,0
0,0,0
0,0,0
0,0,0
0,0,0
0,0,0
0,0,0
0,0,0
0,0,0
0,0,0
0,0,0
0,0,0
0,0,0
0,0,0
0,0,0
0,0,0
0,0,0
0,0,0
0,0,0
0,0,0
0,0,0
0,0,0
0,0,0
0,0,0
0,0,0
0,0,0
0,0,0
0,0,0
0,0,0
0,0,0
0,0,0
0,0,0
0,0,0
0,0,0
0,0,0
0,0,0
0,0,0
0,0,0
0,0,0
0,0,0
0,0,0
0,0,0
0,0,0
0,0,0
0,0,0
0,0,0
0,0,0
0,0,0
0,0,0
0,0,0
0,0,0
0,0,0
0,0,0
0,0,0
0,0,0
0,0,0
0,0,0
0,0,0
0,0,0
0,0,0
0,0,0
0,0,0
0,0,0
0,0,0
0,0,0
0,0,0
0,0,0
0,0,0
0,0,0
0,0,0
0,0,0
0,0,0
0,0,0
0,0,0
0,0,0
0,0,0
0,0,0
0,0,0
0,0,0
0,0,0
0,0,0
0,0,0
0,0,0
0,0,0
0,0,0
0,0,0
0,0,0
0,0,0
0,0,0
0,0,0
0,0,0
0,0,0
0,0,0
0,0,0
0,0,0
0,0,0
0,0,0
0,0,0
0,0,0
0,0,0
0,0,0
0,0,0
0,0,0
0,0,0
0,0,0
0,0,0
0,0,0
0,0,0
0,0,0
0,0,0
0,0,0
0,0,0
0,0,0
0,0,0
0,0,0
0,0,0
0,0,0
0,0,0
0,0,0
0,0,0
0,0,0
0,0,0
0,0,0
0,0,0
0,0,0
0,0,0
0,0,0
0,0,0
0,0,0
0,0,0
0,0,0
0,0,0
0,0,0
0,0,0
0,0,0
0,0,0
0,0,0
0,0,0
0,0,0
0,0,0
0,0,0
0,0,0
0,0,0
0,0,0
0,0,0
0,0,0
0,0,0
0,0,0
0,0,0
0,0,0
0,0,0
0,0,0
0,0,0
0,0,0
0,0,0
0,0,0
0,0,0
0,0,0
0,0,0
0,0,0
0,0,0
0,0,0
0,0,0
0,0,0
0,0,0
0,0,0
0,0,0
0,0,0
0,0,0
0,0,0
0,0,0
0,0,0
0,0,0
0,0,0
0,0,0
0,0,0
0,0,0
0,0,0
0,0,0
0,0,0
0,0,0
0,0,0
0,0,0
0,0,0
0,0,0
0,0,0
0,0,0
0,0,0
0,0,0
0,0,0
0,0,0
0,0,0
0,0,0
0,0,0
0,0,0
0,0,0
0,0,0
0,0,0
0,0,0
0,0,0
0,0,0
0,0,0
0,0,0
0,0,0
0,0,0
0,0,0
0,0,0
0,0,0
0,0,0
0,0,0
0,0,0
0,0,0
0,0,0
0,0,0
0,0,0
0,0,0
0,0,0
0,0,0
0,0,0
0,0,0
0,0,0
0,0,0
0,0,0
0,0,0
0,0,0
0,0,0
0,0,0
0,0,0
0,0,0
0,0,0
0,0,0
0,0,0
0,0,0
0,0,0
0,0,0
0,0,0
0,0,0
0,0,0
0,0,0
0,0,0
0,0,0
0,0,0
0,0,0
0,0,0
0,0,0
0,0,0
0,0,0
0,0,0
0,0,0
0,0,0
0,0,0
0,0,0
0,0,0
0,0,0
0,0,0
0,0,0
0,0,0
0,0,0
0,0,0
0,0,0
0,0,0
0,0,0
0,0,0
0,0,0
0,0,0
0,0,0
0,0,0
0,0,0
0,0,0
0,0,0
0,0,0
0,0,0
0,0,0
0,0,0
0,0,0
49.4569,-25.2651,8.26448
0,0,0
0,0,0
0,0,0
0,0,0
0,0,0
0,0,0
0,0,0
0,0,0
0,0,0
0,0,0
0,0,0
0,0,0
0,0,0
0,0,0
0,0,0
0,0,0
0,0,0
0,0,0
0,0,0
0,0,0
0,0,0
0,0,0
0,0,0
0,0,0
0,0,0
0,0,0
0,0,0
0,0,0
0,0,0
0,0,0
0,0,0
0,0,0
0,0,0
0,0,0
0,0,0
0,0,0
0,0,0
0,0,0
0,0,0
0,0,0
0,0,0
0,0,0
0,0,0
0,0,0
0,0,0
0,0,0
0,0,0
0,0,0
0,0,0
0,0,0
0,0,0
0,0,0
0,0,0
0,0,0
0,0,0
0,0,0
0,0,0
0,0,0
0,0,0
0,0,0
0,0,0
55.094,-63.0592,12.4438
0,0,0
0,0,0
0,0,0
0,0,0
0,0,0
0,0,0
0,0,0
0,0,0
0,0,0
0,0,0
0,0,0
0,0,0
0,0,0
0,0,0
0,0,0
0,0,0
0,0,0
0,0,0
0,0,0
0,0,0
0,0,0
0,0,0
0,0,0
0,0,0
0,0,0
0,0,0
0,0,0
0,0,0
0,0,0
0,0,0
0,0,0
0,0,0
0,0,0
0,0,0
0,0,0
0,0,0
0,0,0
0,0,0
0,0,0
0,0,0
0,0,0
0,0,0
0,0,0
0,0,0
0,0,0
0,0,0
0,0,0
0,0,0
0,0,0
0,0,0
0,0,0
0,0,0
0,0,0
0,0,0
0,0,0
0,0,0
0,0,0
0,0,0
0,0,0
0,0,0
0,0,0
0,0,0
0,0,0
0,0,0
0,0,0
0,0,0
0,0,0
0,0,0
0,0,0
0,0,0
0,0,0
0,0,0
0,0,0
0,0,0
0,0,0
0,0,0
0,0,0
0,0,0
0,0,0
0,0,0
0,0,0
0,0,0
0,0,0
0,0,0
0,0,0
0,0,0
0,0,0
0,0,0
0,0,0
0,0,0
0,0,0
0,0,0
0,0,0
0,0,0
0,0,0
0,0,0
0,0,0
0,0,0
0,0,0
0,0,0
0,0,0
0,0,0
0,0,0
0,0,0
0,0,0
0,0,0
0,0,0
0,0,0
0,0,0
0,0,0
0,0,0
0,0,0
0,0,0
0,0,0
0,0,0
0,0,0
0,0,0
0,0,0
0,0,0
0,0,0
0,0,0
0,0,0
0,0,0
0,0,0
0,0,0
0,0,0
0,0,0
0,0,0
0,0,0
0,0,0
0,0,0
0,0,0
0,0,0
0,0,0
0,0,0
0,0,0
0,0,0
0,0,0
0,0,0
0,0,0
0,0,0
0,0,0
0,0,0
0,0,0
0,0,0
0,0,0
0,0,0
0,0,0
0,0,0
0,0,0
0,0,0
0,0,0
0,0,0
0,0,0
0,0,0
0,0,0
0,0,0
0,0,0
0,0,0
0,0,0
0,0,0
0,0,0
0,0,0
0,0,0
0,0,0
0,0,0
0,0,0
0,0,0
0,0,0
0,0,0
0,0,0
0,0,0
0,0,0
0,0,0
0,0,0
0,0,0
0,0,0
0,0,0
0,0,0
0,0,0
0,0,0
0,0,0
0,0,0
0,0,0
0,0,0
0,0,0
0,0,0
0,0,0
0,0,0
0,0,0
0,0,0
0,0,0
0,0,0
0,0,0
0,0,0
0,0,0
0,0,0
0,0,0
0,0,0
0,0,0
0,0,0
0,0,0
0,0,0
0,0,0
0,0,0
0,0,0
0,0,0
0,0,0
0,0,0
0,0,0
0,0,0
0,0,0
0,0,0
0,0,0
0,0,0
0,0,0
0,0,0
0,0,0
0,0,0
0,0,0
0,0,0
0,0,0
0,0,0
0,0,0
0,0,0
0,0,0
0,0,0
0,0,0
0,0,0
0,0,0
0,0,0
0,0,0
0,0,0
0,0,0
0,0,0
0,0,0
0,0,0
0,0,0
0,0,0
0,0,0
0,0,0
0,0,0
0,0,0
0,0,0
0,0,0
0,0,0
0,0,0
0,0,0
0,0,0
0,0,0
0,0,0
0,0,0
0,0,0
0,0,0
0,0,0
0,0,0
0,0,0
0,0,0
0,0,0
0,0,0
0,0,0
0,0,0
0,0,0
0,0,0
0,0,0
0,0,0
0,0,0
0,0,0
0,0,0
0,0,0
0,0,0
0,0,0
0,0,0
0,0,0
0,0,0
0,0,0
0,0,0
0,0,0
0,0,0
0,0,0
0,0,0
0,0,0
0,0,0
0,0,0
0,0,0
0,0,0
0,0,0
0,0,0
0,0,0
0,0,0
0,0,0
0,0,0
0,0,0
0,0,0
0,0,0
0,0,0
0,0,0
0,0,0
0,0,0
0,0,0
0,0,0
0,0,0
0,0,0
0,0,0
0,0,0
0,0,0
0,0,0
0,0,0
0,0,0
0,0,0
0,0,0
0,0,0
0,0,0
0,0,0
0,0,0
0,0,0
0,0,0
0,0,0
0,0,0
0,0,0
0,0,0
0,0,0
0,0,0
0,0,0
0,0,0
0,0,0
0,0,0
0,0,0
0,0,0
0,0,0
0,0,0
0,0,0
0,0,0
0,0,0
0,0,0
0,0,0
0,0,0
0,0,0
0,0,0
0,0,0
0,0,0
0,0,0
0,0,0
0,0,0
0,0,0
0,0,0
0,0,0
0,0,0
0,0,0
0,0,0
0,0,0
0,0,0
0,0,0
0,0,0
0,0,0
0,0,0
0,0,0
0,0,0
0,0,0
0,0,0
0,0,0
0,0,0
0,0,0
0,0,0
0,0,0
0,0,0
0,0,0
0,0,0
0,0,0
0,0,0
0,0,0
0,0,0
0,0,0
0,0,0
0,0,0
0,0,0
0,0,0
0,0,0
0,0,0
0,0,0
0,0,0
0,0,0
0,0,0
0,0,0
0,0,0
0,0,0
0,0,0
0,0,0
0,0,0
0,0,0
0,0,0
0,0,0
0,0,0
0,0,0
0,0,0
0,0,0
0,0,0
0,0,0
0,0,0
0,0,0
0,0,0
0,0,0
0,0,0
0,0,0
0,0,0
0,0,0
0,0,0
0,0,0
0,0,0
0,0,0
0,0,0
0,0,0
0,0,0
0,0,0
0,0,0
0,0,0
0,0,0
0,0,0
0,0,0
0,0,0
0,0,0
0,0,0
0,0,0
0,0,0
0,0,0
0,0,0
0,0,0
0,0,0
0,0,0
0,0,0
0,0,0
0,0,0
0,0,0
0,0,0
0,0,0
0,0,0
0,0,0
0,0,0
0,0,0
0,0,0
0,0,0
0,0,0
0,0,0
0,0,0
0,0,0
0,0,0
0,0,0
0,0,0
0,0,0
0,0,0
0,0,0
0,0,0
0,0,0
0,0,0
0,0,0
0,0,0
0,0,0
0,0,0
0,0,0
0,0,0
0,0,0
0,0,0
0,0,0
0,0,0
0,0,0
0,0,0
0,0,0
0,0,0
0,0,0
0,0,0
0,0,0
0,0,0
0,0,0
0,0,0
0,0,0
0,0,0
0,0,0
0,0,0
0,0,0
0,0,0
0,0,0
0,0,0
0,0,0
0,0,0
0,0,0
0,0,0
0,0,0
0,0,0
0,0,0
0,0,0
0,0,0
0,0,0
0,0,0
0,0,0
0,0,0
0,0,0
0,0,0
0,0,0
0,0,0
0,0,0
0,0,0
0,0,0
0,0,0
0,0,0
0,0,0
0,0,0
0,0,0
0,0,0
0,0,0
0,0,0
0,0,0
0,0,0
0,0,0
0,0,0
0,0,0
0,0,0
0,0,0
0,0,0
0,0,0
0,0,0
0,0,0
0,0,0
0,0,0
0,0,0
0,0,0
0,0,0
0,0,0
0,0,0
0,0,0
0,0,0
0,0,0
0,0,0
0,0,0
0,0,0
0,0,0
0,0,0
0,0,0
0,0,0
0,0,0
0,0,0
0,0,0
0,0,0
0,0,0
0,0,0
0,0,0
0,0,0
0,0,0
0,0,0
0,0,0
0,0,0
0,0,0
0,0,0
0,0,0
0,0,0
0,0,0
0,0,0
0,0,0
0,0,0
0,0,0
0,0,0
0,0,0
0,0,0
0,0,0
0,0,0
0,0,0
0,0,0
0,0,0
0,0,0
0,0,0
0,0,0
0,0,0
0,0,0
0,0,0
0,0,0
0,0,0
0,0,0
0,0,0
0,0,0
0,0,0
0,0,0
0,0,0
0,0,0
0,0,0
0,0,0
0,0,0
0,0,0
0,0,0
0,0,0
0,0,0
0,0,0
0,0,0
0,0,0
0,0,0
0,0,0
0,0,0
0,0,0
0,0,0
0,0,0
0,0,0
0,0,0
0,0,0
0,0,0
0,0,0
0,0,0
0,0,0
0,0,0
0,0,0
0,0,0
0,0,0
0,0,0
0,0,0
0,0,0
0,0,0
0,0,0
0,0,0
0,0,0
0,0,0
0,0,0
0,0,0
0,0,0
0,0,0
0,0,0
0,0,0
0,0,0
0,0,0
0,0,0
0,0,0
0,0,0
0,0,0
0,0,0
0,0,0
0,0,0
0,0,0
0,0,0
0,0,0
0,0,0
0,0,0
0,0,0
0,0,0
0,0,0
0,0,0
0,0,0
0,0,0
0,0,0
0,0,0
0,0,0
0,0,0
0,0,0
0,0,0
0,0,0
0,0,0
0,0,0
0,0,0
0,0,0
0,0,0
0,0,0
0,0,0
0,0,0
0,0,0
0,0,0
0,0,0
0,0,0
0,0,0
0,0,0
0,0,0
0,0,0
0,0,0
0,0,0
0,0,0
0,0,0
0,0,0
0,0,0
0,0,0
0,0,0
0,0,0
0,0,0
0,0,0
0,0,0
0,0,0
0,0,0
0,0,0
0,0,0
0,0,0
0,0,0
0,0,0
0,0,0
0,0,0
0,0,0
0,0,0
0,0,0
0,0,0
0,0,0
0,0,0
0,0,0
0,0,0
0,0,0
0,0,0
0,0,0
0,0,0
0,0,0
0,0,0
0,0,0
0,0,0
0,0,0
0,0,0
0,0,0
0,0,0
0,0,0
0,0,0
0,0,0
0,0,0
0,0,0
0,0,0
0,0,0
0,0,0
0,0,0
0,0,0
0,0,0
0,0,0
0,0,0
0,0,0
0,0,0
0,0,0
0,0,0
0,0,0
0,0,0
0,0,0
0,0,0
0,0,0
0,0,0
0,0,0
0,0,0
0,0,0
0,0,0
0,0,0
0,0,0
0,0,0
0,0,0
0,0,0
0,0,0
0,0,0
0,0,0
0,0,0
0,0,0
0,0,0
0,0,0
0,0,0
0,0,0
0,0,0
0,0,0
0,0,0
0,0,0
0,0,0
0,0,0
0,0,0
0,0,0
0,0,0
0,0,0
0,0,0
0,0,0
0,0,0
0,0,0
0,0,0
0,0,0
0,0,0
0,0,0
0,0,0
0,0,0
0,0,0
0,0,0
0,0,0
0,0,0
0,0,0
0,0,0
0,0,0
0,0,0
0,0,0
0,0,0
0,0,0
0,0,0
0,0,0
0,0,0
0,0,0
0,0,0
0,0,0
0,0,0
0,0,0
0,0,0
0,0,0
0,0,0
0,0,0
0,0,0
0,0,0
0,0,0
0,0,0
0,0,0
0,0,0
0,0,0
0,0,0
0,0,0
0,0,0
0,0,0
0,0,0
0,0,0
0,0,0
0,0,0
0,0,0
0,0,0
0,0,0
0,0,0
0,0,0
0,0,0
0,0,0
0,0,0
0,0,0
0,0,0
0,0,0
0,0,0
0,0,0
0,0,0
0,0,0
0,0,0
0,0,0
0,0,0
0,0,0
0,0,0
0,0,0
0,0,0
0,0,0
0,0,0
0,0,0
0,0,0
0,0,0
0,0,0
0,0,0
0,0,0
0,0,0
0,0,0
0,0,0
0,0,0
0,0,0
0,0,0
0,0,0
0,0,0
0,0,0
0,0,0
0,0,0
0,0,0
0,0,0
0,0,0
0,0,0
0,0,0
0,0,0
0,0,0
0,0,0
0,0,0
0,0,0
0,0,0
0,0,0
0,0,0
0,0,0
0,0,0
0,0,0
0,0,0
0,0,0
0,0,0
0,0,0
0,0,0
0,0,0
0,0,0
0,0,0
0,0,0
0,0,0
0,0,0
0,0,0
0,0,0
0,0,0
0,0,0
0,0,0
0,0,0
0,0,0
0,0,0
0,0,0
0,0,0
0,0,0
0,0,0
0,0,0
0,0,0
0,0,0
0,0,0
0,0,0
0,0,0
0,0,0
0,0,0
0,0,0
0,0,0
0,0,0
0,0,0
0,0,0
0,0,0
0,0,0
0,0,0
0,0,0
0,0,0
0,0,0
0,0,0
0,0,0
0,0,0
0,0,0
0,0,0
0,0,0
0,0,0
0,0,0
0,0,0
0,0,0
0,0,0
0,0,0
0,0,0
0,0,0
0,0,0
0,0,0
0,0,0
0,0,0
0,0,0
0,0,0
0,0,0
0,0,0
0,0,0
0,0,0
0,0,0
0,0,0
0,0,0
0,0,0
0,0,0
0,0,0
0,0,0
0,0,0
0,0,0
0,0,0
0,0,0
0,0,0
51.3231,-24.6422,7.75184
51.4943,-25.1143,7.8006
49.7879,-24.6614,7.56592
49.5781,-24.9375,7.55719
0,0,0
48.9182,-25.3625,7.50373
48.9713,-25.7724,7.53583
49.4004,-26.3866,7.62624
0,0,0
0,0,0
0,0,0
0,0,0
0,0,0
0,0,0
0,0,0
0,0,0
0,0,0
0,0,0
0,0,0
0,0,0
0,0,0
0,0,0
0,0,0
0,0,0
0,0,0
0,0,0
0,0,0
0,0,0
0,0,0
0,0,0
0,0,0
0,0,0
0,0,0
0,0,0
0,0,0
0,0,0
0,0,0
0,0,0
0,0,0
0,0,0
0,0,0
0,0,0
0,0,0
0,0,0
0,0,0
0,0,0
0,0,0
0,0,0
0,0,0
0,0,0
0,0,0
0,0,0
0,0,0
0,0,0
0,0,0
0,0,0
0,0,0
0,0,0
0,0,0
0,0,0
0,0,0
0,0,0
0,0,0
0,0,0
0,0,0
0,0,0
53.5811,-61.3146,11.0724
0,0,0
0,0,0
0,0,0
0,0,0
0,0,0
0,0,0
0,0,0
0,0,0
0,0,0
0,0,0
0,0,0
0,0,0
0,0,0
0,0,0
0,0,0
0,0,0
0,0,0
0,0,0
0,0,0
0,0,0
0,0,0
0,0,0
0,0,0
0,0,0
0,0,0
0,0,0
0,0,0
0,0,0
0,0,0
0,0,0
0,0,0
0,0,0
0,0,0
0,0,0
0,0,0
0,0,0
0,0,0
0,0,0
0,0,0
0,0,0
0,0,0
0,0,0
0,0,0
0,0,0
0,0,0
0,0,0
0,0,0
0,0,0
0,0,0
0,0,0
0,0,0
0,0,0
0,0,0
0,0,0
0,0,0
0,0,0
0,0,0
0,0,0
0,0,0
0,0,0
0,0,0
0,0,0
0,0,0
0,0,0
0,0,0
0,0,0
0,0,0
0,0,0
0,0,0
0,0,0
0,0,0
0,0,0
0,0,0
0,0,0
0,0,0
0,0,0
0,0,0
0,0,0
0,0,0
0,0,0
0,0,0
0,0,0
0,0,0
0,0,0
0,0,0
0,0,0
0,0,0
0,0,0
0,0,0
0,0,0
0,0,0
0,0,0
0,0,0
0,0,0
0,0,0
0,0,0
0,0,0
0,0,0
0,0,0
0,0,0
0,0,0
0,0,0
0,0,0
0,0,0
0,0,0
0,0,0
0,0,0
0,0,0
0,0,0
0,0,0
0,0,0
0,0,0
0,0,0
0,0,0
0,0,0
0,0,0
0,0,0
0,0,0
0,0,0
0,0,0
0,0,0
0,0,0
0,0,0
0,0,0
0,0,0
0,0,0
0,0,0
0,0,0
0,0,0
0,0,0
0,0,0
0,0,0
0,0,0
0,0,0
0,0,0
0,0,0
0,0,0
0,0,0
0,0,0
0,0,0
0,0,0
0,0,0
0,0,0
0,0,0
0,0,0
0,0,0
0,0,0
0,0,0
0,0,0
0,0,0
0,0,0
0,0,0
0,0,0
0,0,0
0,0,0
0,0,0
0,0,0
0,0,0
0,0,0
0,0,0
0,0,0
0,0,0
0,0,0
0,0,0
0,0,0
0,0,0
0,0,0
0,0,0
0,0,0
0,0,0
0,0,0
0,0,0
0,0,0
0,0,0
0,0,0
0,0,0
0,0,0
0,0,0
0,0,0
0,0,0
0,0,0
0,0,0
0,0,0
0,0,0
0,0,0
0,0,0
0,0,0
0,0,0
0,0,0
0,0,0
0,0,0
0,0,0
0,0,0
0,0,0
0,0,0
0,0,0
0,0,0
0,0,0
0,0,0
0,0,0
0,0,0
0,0,0
0,0,0
0,0,0
0,0,0
0,0,0
0,0,0
0,0,0
0,0,0
0,0,0
0,0,0
0,0,0
0,0,0
0,0,0
0,0,0
0,0,0
0,0,0
0,0,0
0,0,0
0,0,0
0,0,0
0,0,0
0,0,0
0,0,0
0,0,0
0,0,0
0,0,0
0,0,0
0,0,0
0,0,0
0,0,0
0,0,0
0,0,0
0,0,0
0,0,0
0,0,0
0,0,0
0,0,0
0,0,0
0,0,0
0,0,0
0,0,0
0,0,0
0,0,0
0,0,0
0,0,0
0,0,0
0,0,0
0,0,0
0,0,0
0,0,0
0,0,0
0,0,0
0,0,0
0,0,0
0,0,0
0,0,0
0,0,0
0,0,0
0,0,0
0,0,0
0,0,0
0,0,0
0,0,0
0,0,0
0,0,0
0,0,0
0,0,0
0,0,0
0,0,0
0,0,0
0,0,0
0,0,0
0,0,0
0,0,0
0,0,0
0,0,0
0,0,0
0,0,0
0,0,0
0,0,0
0,0,0
0,0,0
0,0,0
0,0,0
0,0,0
0,0,0
0,0,0
0,0,0
0,0,0
0,0,0
0,0,0
0,0,0
0,0,0
0,0,0
0,0,0
0,0,0
0,0,0
0,0,0
0,0,0
0,0,0
0,0,0
0,0,0
0,0,0
0,0,0
0,0,0
0,0,0
0,0,0
0,0,0
0,0,0
0,0,0
0,0,0
0,0,0
0,0,0
0,0,0
0,0,0
0,0,0
0,0,0
0,0,0
0,0,0
0,0,0
0,0,0
0,0,0
0,0,0
0,0,0
0,0,0
0,0,0
0,0,0
0,0,0
0,0,0
0,0,0
0,0,0
0,0,0
0,0,0
0,0,0
0,0,0
0,0,0
0,0,0
0,0,0
0,0,0
0,0,0
0,0,0
0,0,0
0,0,0
0,0,0
0,0,0
0,0,0
0,0,0
0,0,0
0,0,0
0,0,0
0,0,0
0,0,0
0,0,0
0,0,0
0,0,0
0,0,0
0,0,0
0,0,0
0,0,0
0,0,0
0,0,0
0,0,0
0,0,0
0,0,0
0,0,0
0,0,0
0,0,0
0,0,0
0,0,0
0,0,0
0,0,0
0,0,0
0,0,0
0,0,0
0,0,0
0,0,0
0,0,0
0,0,0
0,0,0
0,0,0
0,0,0
0,0,0
0,0,0
0,0,0
0,0,0
0,0,0
0,0,0
0,0,0
0,0,0
0,0,0
0,0,0
0,0,0
0,0,0
0,0,0
0,0,0
0,0,0
0,0,0
0,0,0
0,0,0
0,0,0
0,0,0
0,0,0
0,0,0
0,0,0
0,0,0
0,0,0
0,0,0
0,0,0
0,0,0
0,0,0
0,0,0
0,0,0
0,0,0
0,0,0
0,0,0
0,0,0
0,0,0
0,0,0
0,0,0
0,0,0
0,0,0
0,0,0
0,0,0
0,0,0
0,0,0
0,0,0
0,0,0
0,0,0
0,0,0
0,0,0
0,0,0
0,0,0
0,0,0
0,0,0
0,0,0
0,0,0
0,0,0
0,0,0
0,0,0
0,0,0
0,0,0
0,0,0
0,0,0
0,0,0
0,0,0
0,0,0
0,0,0
0,0,0
0,0,0
0,0,0
0,0,0
0,0,0
0,0,0
0,0,0
0,0,0
0,0,0
0,0,0
0,0,0
0,0,0
0,0,0
0,0,0
0,0,0
0,0,0
0,0,0
0,0,0
0,0,0
0,0,0
0,0,0
0,0,0
0,0,0
0,0,0
0,0,0
0,0,0
0,0,0
0,0,0
0,0,0
0,0,0
0,0,0
0,0,0
0,0,0
0,0,0
0,0,0
0,0,0
0,0,0
0,0,0
0,0,0
0,0,0
0,0,0
0,0,0
0,0,0
0,0,0
0,0,0
0,0,0
0,0,0
0,0,0
0,0,0
0,0,0
0,0,0
0,0,0
0,0,0
0,0,0
0,0,0
0,0,0
0,0,0
0,0,0
0,0,0
0,0,0
0,0,0
0,0,0
0,0,0
0,0,0
0,0,0
0,0,0
0,0,0
0,0,0
0,0,0
0,0,0
0,0,0
0,0,0
0,0,0
0,0,0
0,0,0
0,0,0
0,0,0
0,0,0
0,0,0
0,0,0
0,0,0
0,0,0
0,0,0
0,0,0
0,0,0
0,0,0
0,0,0
0,0,0
0,0,0
0,0,0
0,0,0
0,0,0
0,0,0
0,0,0
0,0,0
0,0,0
0,0,0
0,0,0
0,0,0
0,0,0
0,0,0
0,0,0
0,0,0
0,0,0
0,0,0
0,0,0
0,0,0
0,0,0
0,0,0
0,0,0
0,0,0
0,0,0
0,0,0
0,0,0
0,0,0
0,0,0
0,0,0
0,0,0
0,0,0
0,0,0
0,0,0
0,0,0
0,0,0
0,0,0
0,0,0
0,0,0
0,0,0
0,0,0
0,0,0
0,0,0
0,0,0
0,0,0
0,0,0
0,0,0
0,0,0
0,0,0
0,0,0
0,0,0
0,0,0
0,0,0
0,0,0
0,0,0
0,0,0
0,0,0
0,0,0
0,0,0
0,0,0
0,0,0
0,0,0
0,0,0
0,0,0
0,0,0
0,0,0
0,0,0
0,0,0
0,0,0
0,0,0
0,0,0
0,0,0
0,0,0
0,0,0
0,0,0
0,0,0
0,0,0
0,0,0
0,0,0
0,0,0
0,0,0
0,0,0
0,0,0
0,0,0
0,0,0
0,0,0
0,0,0
0,0,0
0,0,0
0,0,0
0,0,0
0,0,0
0,0,0
0,0,0
0,0,0
0,0,0
0,0,0
0,0,0
0,0,0
0,0,0
0,0,0
0,0,0
0,0,0
0,0,0
0,0,0
0,0,0
0,0,0
0,0,0
0,0,0
0,0,0
0,0,0
0,0,0
0,0,0
0,0,0
0,0,0
0,0,0
0,0,0
0,0,0
0,0,0
0,0,0
0,0,0
0,0,0
0,0,0
0,0,0
0,0,0
0,0,0
0,0,0
0,0,0
0,0,0
0,0,0
0,0,0
0,0,0
0,0,0
0,0,0
0,0,0
0,0,0
0,0,0
0,0,0
0,0,0
0,0,0
0,0,0
0,0,0
0,0,0
0,0,0
0,0,0
0,0,0
0,0,0
0,0,0
0,0,0
0,0,0
0,0,0
0,0,0
0,0,0
0,0,0
0,0,0
0,0,0
0,0,0
0,0,0
0,0,0
0,0,0
0,0,0
0,0,0
0,0,0
0,0,0
0,0,0
0,0,0
0,0,0
0,0,0
0,0,0
0,0,0
0,0,0
0,0,0
0,0,0
0,0,0
0,0,0
0,0,0
0,0,0
0,0,0
0,0,0
0,0,0
0,0,0
0,0,0
0,0,0
0,0,0
0,0,0
0,0,0
0,0,0
0,0,0
0,0,0
0,0,0
0,0,0
0,0,0
0,0,0
0,0,0
0,0,0
0,0,0
0,0,0
0,0,0
0,0,0
0,0,0
0,0,0
0,0,0
0,0,0
0,0,0
0,0,0
0,0,0
0,0,0
0,0,0
0,0,0
0,0,0
0,0,0
0,0,0
0,0,0
0,0,0
0,0,0
0,0,0
0,0,0
0,0,0
0,0,0
0,0,0
0,0,0
0,0,0
0,0,0
0,0,0
0,0,0
0,0,0
0,0,0
0,0,0
0,0,0
0,0,0
0,0,0
0,0,0
0,0,0
0,0,0
0,0,0
0,0,0
0,0,0
0,0,0
0,0,0
0,0,0
0,0,0
0,0,0
0,0,0
0,0,0
0,0,0
0,0,0
0,0,0
0,0,0
0,0,0
0,0,0
0,0,0
0,0,0
0,0,0
0,0,0
0,0,0
0,0,0
0,0,0
0,0,0
0,0,0
0,0,0
0,0,0
0,0,0
0,0,0
0,0,0
0,0,0
0,0,0
0,0,0
0,0,0
0,0,0
0,0,0
0,0,0
0,0,0
0,0,0
0,0,0
0,0,0
0,0,0
0,0,0
0,0,0
0,0,0
0,0,0
0,0,0
0,0,0
0,0,0
0,0,0
0,0,0
0,0,0
0,0,0
0,0,0
0,0,0
0,0,0
0,0,0
0,0,0
0,0,0
0,0,0
0,0,0
0,0,0
0,0,0
0,0,0
0,0,0
0,0,0
0,0,0
0,0,0
0,0,0
0,0,0
0,0,0
0,0,0
0,0,0
0,0,0
0,0,0
0,0,0
0,0,0
0,0,0
0,0,0
0,0,0
0,0,0
0,0,0
0,0,0
0,0,0
0,0,0
0,0,0
0,0,0
0,0,0
0,0,0
0,0,0
0,0,0
0,0,0
0,0,0
0,0,0
0,0,0
0,0,0
0,0,0
0,0,0
0,0,0
0,0,0
0,0,0
0,0,0
0,0,0
0,0,0
0,0,0
0,0,0
0,0,0
0,0,0
0,0,0
0,0,0
0,0,0
0,0,0
0,0,0
0,0,0
0,0,0
0,0,0
0,0,0
0,0,0
0,0,0
0,0,0
0,0,0
0,0,0
0,0,0
0,0,0
0,0,0
0,0,0
0,0,0
0,0,0
0,0,0
0,0,0
0,0,0
0,0,0
0,0,0
0,0,0
0,0,0
0,0,0
0,0,0
0,0,0
0,0,0
0,0,0
0,0,0
0,0,0
0,0,0
0,0,0
0,0,0
0,0,0
0,0,0
0,0,0
0,0,0
0,0,0
0,0,0
0,0,0
0,0,0
0,0,0
0,0,0
0,0,0
0,0,0
0,0,0
0,0,0
0,0,0
0,0,0
0,0,0
0,0,0
0,0,0
0,0,0
0,0,0
0,0,0
0,0,0
0,0,0
0,0,0
0,0,0
0,0,0
0,0,0
0,0,0
0,0,0
0,0,0
0,0,0
0,0,0
0,0,0
0,0,0
0,0,0
0,0,0
0,0,0
0,0,0
0,0,0
0,0,0
0,0,0
0,0,0
0,0,0
0,0,0
0,0,0
0,0,0
0,0,0
0,0,0
0,0,0
0,0,0
0,0,0
0,0,0
0,0,0
0,0,0
0,0,0
51.1232,-23.4053,6.96783
50.597,-23.541,6.91594
49.942,-23.6101,6.84642
49.7541,-23.8959,6.84067
49.7029,-24.2477,6.85388
49.772,-24.6606,6.88399
49.0647,-24.6863,6.80738
48.9556,-25.009,6.81337
49.3026,-25.5689,6.88301
0,0,0
49.4166,-26.4026,6.94335
48.1971,-26.1325,6.79514
48.3585,-26.6052,6.84054
0,0,0
0,0,0
0,0,0
0,0,0
0,0,0
0,0,0
0,0,0
0,0,0
0,0,0
0,0,0
0,0,0
0,0,0
0,0,0
0,0,0
0,0,0
0,0,0
0,0,0
0,0,0
0,0,0
0,0,0
0,0,0
0,0,0
0,0,0
0,0,0
0,0,0
0,0,0
0,0,0
0,0,0
0,0,0
0,0,0
0,0,0
0,0,0
0,0,0
0,0,0
0,0,0
0,0,0
0,0,0
0,0,0
48.0499,-44.0742,8.07472
0,0,0
0,0,0
0,0,0
0,0,0
0,0,0
0,0,0
0,0,0
0,0,0
0,0,0
0,0,0
0,0,0
0,0,0
0,0,0
0,0,0
0,0,0
0,0,0
0,0,0
0,0,0
0,0,0
0,0,0
0,0,0
0,0,0
0,0,0
0,0,0
0,0,0
0,0,0
0,0,0
0,0,0
0,0,0
0,0,0
0,0,0
0,0,0
0,0,0
0,0,0
0,0,0
0,0,0
0,0,0
0,0,0
0,0,0
0,0,0
0,0,0
0,0,0
0,0,0
0,0,0
0,0,0
0,0,0
0,0,0
0,0,0
0,0,0
0,0,0
0,0,0
0,0,0
0,0,0
0,0,0
0,0,0
0,0,0
0,0,0
0,0,0
0,0,0
0,0,0
0,0,0
0,0,0
0,0,0
0,0,0
0,0,0
0,0,0
0,0,0
0,0,0
0,0,0
0,0,0
0,0,0
0,0,0
0,0,0
0,0,0
0,0,0
0,0,0
0,0,0
0,0,0
0,0,0
0,0,0
0,0,0
0,0,0
0,0,0
0,0,0
0,0,0
0,0,0
0,0,0
0,0,0
0,0,0
0,0,0
0,0,0
0,0,0
0,0,0
0,0,0
0,0,0
0,0,0
0,0,0
0,0,0
0,0,0
0,0,0
0,0,0
0,0,0
0,0,0
0,0,0
0,0,0
0,0,0
0,0,0
0,0,0
0,0,0
0,0,0
0,0,0
0,0,0
0,0,0
0,0,0
0,0,0
0,0,0
0,0,0
0,0,0
0,0,0
0,0,0
0,0,0
0,0,0
0,0,0
0,0,0
0,0,0
0,0,0
0,0,0
0,0,0
0,0,0
0,0,0
0,0,0
0,0,0
0,0,0
0,0,0
0,0,0
0,0,0
0,0,0
0,0,0
0,0,0
0,0,0
0,0,0
0,0,0
0,0,0
0,0,0
0,0,0
0,0,0
0,0,0
0,0,0
0,0,0
0,0,0
0,0,0
0,0,0
0,0,0
0,0,0
0,0,0
0,0,0
0,0,0
0,0,0
0,0,0
0,0,0
0,0,0
0,0,0
0,0,0
0,0,0
0,0,0
0,0,0
0,0,0
0,0,0
0,0,0
0,0,0
0,0,0
0,0,0
0,0,0
0,0,0
0,0,0
0,0,0
0,0,0
0,0,0
0,0,0
0,0,0
0,0,0
0,0,0
0,0,0
0,0,0
0,0,0
0,0,0
0,0,0
0,0,0
0,0,0
0,0,0
0,0,0
0,0,0
0,0,0
0,0,0
0,0,0
0,0,0
0,0,0
0,0,0
0,0,0
0,0,0
0,0,0
0,0,0
0,0,0
0,0,0
0,0,0
0,0,0
0,0,0
0,0,0
0,0,0
0,0,0
0,0,0
0,0,0
0,0,0
0,0,0
0,0,0
0,0,0
0,0,0
0,0,0
0,0,0
0,0,0
0,0,0
0,0,0
0,0,0
0,0,0
0,0,0
0,0,0
0,0,0
0,0,0
0,0,0
0,0,0
0,0,0
0,0,0
0,0,0
0,0,0
0,0,0
0,0,0
0,0,0
0,0,0
0,0,0
0,0,0
0,0,0
0,0,0
0,0,0
0,0,0
0,0,0
0,0,0
0,0,0
0,0,0
0,0,0
0,0,0
0,0,0
0,0,0
0,0,0
0,0,0
0,0,0
0,0,0
0,0,0
0,0,0
0,0,0
0,0,0
0,0,0
0,0,0
0,0,0
0,0,0
0,0,0
0,0,0
0,0,0
0,0,0
0,0,0
0,0,0
0,0,0
0,0,0
0,0,0
0,0,0
0,0,0
0,0,0
0,0,0
0,0,0
0,0,0
0,0,0
0,0,0
0,0,0
0,0,0
0,0,0
0,0,0
0,0,0
0,0,0
0,0,0
0,0,0
0,0,0
0,0,0
0,0,0
0,0,0
0,0,0
0,0,0
0,0,0
0,0,0
0,0,0
0,0,0
0,0,0
0,0,0
0,0,0
0,0,0
0,0,0
0,0,0
0,0,0
0,0,0
0,0,0
0,0,0
0,0,0
0,0,0
0,0,0
0,0,0
0,0,0
0,0,0
0,0,0
0,0,0
0,0,0
0,0,0
0,0,0
0,0,0
0,0,0
0,0,0
0,0,0
0,0,0
0,0,0
0,0,0
0,0,0
0,0,0
0,0,0
0,0,0
0,0,0
0,0,0
0,0,0
0,0,0
0,0,0
0,0,0
0,0,0
0,0,0
0,0,0
0,0,0
0,0,0
0,0,0
0,0,0
0,0,0
0,0,0
0,0,0
0,0,0
0,0,0
0,0,0
0,0,0
0,0,0
0,0,0
0,0,0
0,0,0
0,0,0
0,0,0
0,0,0
0,0,0
0,0,0
0,0,0
0,0,0
0,0,0
0,0,0
0,0,0
0,0,0
0,0,0
0,0,0
0,0,0
0,0,0
0,0,0
0,0,0
0,0,0
0,0,0
0,0,0
0,0,0
0,0,0
0,0,0
0,0,0
0,0,0
0,0,0
0,0,0
0,0,0
0,0,0
0,0,0
0,0,0
0,0,0
0,0,0
0,0,0
0,0,0
0,0,0
0,0,0
0,0,0
0,0,0
0,0,0
0,0,0
0,0,0
0,0,0
0,0,0
0,0,0
0,0,0
0,0,0
0,0,0
0,0,0
0,0,0
0,0,0
0,0,0
0,0,0
0,0,0
0,0,0
0,0,0
0,0,0
0,0,0
0,0,0
0,0,0
0,0,0
0,0,0
0,0,0
0,0,0
0,0,0
0,0,0
0,0,0
0,0,0
0,0,0
0,0,0
0,0,0
0,0,0
0,0,0
0,0,0
0,0,0
0,0,0
0,0,0
0,0,0
0,0,0
0,0,0
0,0,0
0,0,0
0,0,0
0,0,0
0,0,0
0,0,0
0,0,0
0,0,0
0,0,0
0,0,0
0,0,0
0,0,0
0,0,0
0,0,0
0,0,0
0,0,0
0,0,0
0,0,0
0,0,0
0,0,0
0,0,0
0,0,0
0,0,0
0,0,0
0,0,0
0,0,0
0,0,0
0,0,0
0,0,0
0,0,0
0,0,0
0,0,0
0,0,0
0,0,0
0,0,0
0,0,0
0,0,0
0,0,0
0,0,0
0,0,0
0,0,0
0,0,0
0,0,0
0,0,0
0,0,0
0,0,0
0,0,0
0,0,0
0,0,0
0,0,0
0,0,0
0,0,0
0,0,0
0,0,0
0,0,0
0,0,0
0,0,0
0,0,0
0,0,0
0,0,0
0,0,0
0,0,0
0,0,0
0,0,0
0,0,0
0,0,0
0,0,0
0,0,0
0,0,0
0,0,0
0,0,0
0,0,0
0,0,0
0,0,0
0,0,0
0,0,0
0,0,0
0,0,0
0,0,0
0,0,0
0,0,0
0,0,0
0,0,0
0,0,0
0,0,0
0,0,0
0,0,0
0,0,0
0,0,0
0,0,0
0,0,0
0,0,0
0,0,0
0,0,0
0,0,0
0,0,0
0,0,0
0,0,0
0,0,0
0,0,0
0,0,0
0,0,0
0,0,0
0,0,0
0,0,0
0,0,0
0,0,0
0,0,0
0,0,0
0,0,0
0,0,0
0,0,0
0,0,0
0,0,0
0,0,0
0,0,0
0,0,0
0,0,0
0,0,0
0,0,0
0,0,0
0,0,0
0,0,0
0,0,0
0,0,0
0,0,0
0,0,0
0,0,0
0,0,0
0,0,0
0,0,0
0,0,0
0,0,0
0,0,0
0,0,0
0,0,0
0,0,0
0,0,0
0,0,0
0,0,0
0,0,0
0,0,0
0,0,0
0,0,0
0,0,0
0,0,0
0,0,0
0,0,0
0,0,0
0,0,0
0,0,0
0,0,0
0,0,0
0,0,0
0,0,0
0,0,0
0,0,0
0,0,0
0,0,0
0,0,0
0,0,0
0,0,0
0,0,0
0,0,0
0,0,0
0,0,0
0,0,0
0,0,0
0,0,0
0,0,0
0,0,0
0,0,0
0,0,0
0,0,0
0,0,0
0,0,0
0,0,0
0,0,0
0,0,0
0,0,0
0,0,0
0,0,0
0,0,0
0,0,0
0,0,0
0,0,0
0,0,0
0,0,0
0,0,0
0,0,0
0,0,0
0,0,0
0,0,0
0,0,0
0,0,0
0,0,0
0,0,0
0,0,0
0,0,0
0,0,0
0,0,0
0,0,0
0,0,0
0,0,0
0,0,0
0,0,0
0,0,0
0,0,0
0,0,0
0,0,0
0,0,0
0,0,0
0,0,0
0,0,0
0,0,0
0,0,0
0,0,0
0,0,0
0,0,0
0,0,0
0,0,0
0,0,0
0,0,0
0,0,0
0,0,0
0,0,0
0,0,0
0,0,0
0,0,0
0,0,0
0,0,0
0,0,0
0,0,0
0,0,0
0,0,0
0,0,0
0,0,0
0,0,0
0,0,0
0,0,0
0,0,0
0,0,0
0,0,0
0,0,0
0,0,0
0,0,0
0,0,0
0,0,0
0,0,0
0,0,0
0,0,0
0,0,0
0,0,0
0,0,0
0,0,0
0,0,0
0,0,0
0,0,0
0,0,0
0,0,0
0,0,0
0,0,0
0,0,0
0,0,0
0,0,0
0,0,0
0,0,0
0,0,0
0,0,0
0,0,0
0,0,0
0,0,0
0,0,0
0,0,0
0,0,0
0,0,0
0,0,0
0,0,0
0,0,0
0,0,0
0,0,0
0,0,0
0,0,0
0,0,0
0,0,0
0,0,0
0,0,0
0,0,0
0,0,0
0,0,0
0,0,0
0,0,0
0,0,0
0,0,0
0,0,0
0,0,0
0,0,0
0,0,0
0,0,0
0,0,0
0,0,0
0,0,0
0,0,0
0,0,0
0,0,0
0,0,0
0,0,0
0,0,0
0,0,0
0,0,0
0,0,0
0,0,0
0,0,0
0,0,0
0,0,0
0,0,0
0,0,0
0,0,0
0,0,0
0,0,0
0,0,0
0,0,0
0,0,0
0,0,0
0,0,0
0,0,0
0,0,0
0,0,0
0,0,0
0,0,0
0,0,0
0,0,0
0,0,0
0,0,0
0,0,0
0,0,0
0,0,0
0,0,0
0,0,0
0,0,0
0,0,0
0,0,0
0,0,0
0,0,0
0,0,0
0,0,0
0,0,0
0,0,0
0,0,0
0,0,0
0,0,0
0,0,0
0,0,0
0,0,0
0,0,0
0,0,0
0,0,0
0,0,0
0,0,0
0,0,0
0,0,0
0,0,0
0,0,0
0,0,0
0,0,0
0,0,0
0,0,0
0,0,0
0,0,0
0,0,0
0,0,0
0,0,0
0,0,0
0,0,0
0,0,0
0,0,0
0,0,0
0,0,0
0,0,0
0,0,0
0,0,0
0,0,0
0,0,0
0,0,0
0,0,0
0,0,0
0,0,0
0,0,0
0,0,0
0,0,0
0,0,0
0,0,0
0,0,0
0,0,0
0,0,0
0,0,0
0,0,0
0,0,0
0,0,0
0,0,0
0,0,0
0,0,0
0,0,0
0,0,0
0,0,0
0,0,0
0,0,0
0,0,0
0,0,0
0,0,0
0,0,0
0,0,0
0,0,0
0,0,0
0,0,0
0,0,0
0,0,0
0,0,0
0,0,0
0,0,0
0,0,0
0,0,0
0,0,0
0,0,0
0,0,0
0,0,0
0,0,0
0,0,0
0,0,0
0,0,0
0,0,0
0,0,0
0,0,0
0,0,0
0,0,0
0,0,0
0,0,0
0,0,0
0,0,0
0,0,0
0,0,0
0,0,0
0,0,0
0,0,0
0,0,0
0,0,0
0,0,0
0,0,0
0,0,0
0,0,0
0,0,0
0,0,0
0,0,0
0,0,0
0,0,0
0,0,0
0,0,0
0,0,0
0,0,0
0,0,0
0,0,0
0,0,0
0,0,0
0,0,0
0,0,0
0,0,0
0,0,0
0,0,0
0,0,0
0,0,0
0,0,0
0,0,0
0,0,0
0,0,0
0,0,0
0,0,0
0,0,0
0,0,0
0,0,0
0,0,0
0,0,0
0,0,0
0,0,0
0,0,0
0,0,0
0,0,0
0,0,0
0,0,0
0,0,0
0,0,0
0,0,0
0,0,0
0,0,0
0,0,0
0,0,0
0,0,0
0,0,0
0,0,0
0,0,0
0,0,0
0,0,0
0,0,0
0,0,0
0,0,0
0,0,0
0,0,0
0,0,0
0,0,0
0,0,0
0,0,0
0,0,0
0,0,0
0,0,0
0,0,0
0,0,0
0,0,0
0,0,0
0,0,0
0,0,0
0,0,0
0,0,0
0,0,0
0,0,0
50.0524,-23.6659,6.19572
49.2236,-23.6447,6.11144
49.0767,-23.9458,6.11133
49.1372,-24.3498,6.13721
48.7037,-24.5083,6.10193
48.5285,-24.7945,6.09894
48.3702,-25.089,6.09828
0,0,0
0,0,0
0,0,0
0,0,0
0,0,0
0,0,0
0,0,0
0,0,0
0,0,0
0,0,0
0,0,0
0,0,0
0,0,0
0,0,0
0,0,0
0,0,0
0,0,0
0,0,0
0,0,0
0,0,0
0,0,0
0,0,0
69.8722,-49.8417,9.58566
0,0,0
0,0,0
0,0,0
0,0,0
0,0,0
0,0,0
0,0,0
0,0,0
0,0,0
0,0,0
0,0,0
0,0,0
0,0,0
0,0,0
0,0,0
0,0,0
47.3681,-41.875,7.07025
0,0,0
0,0,0
45.3062,-41.5627,6.87647
0,0,0
0,0,0
45.4801,-43.2907,7.02191
45.1506,-43.5082,7.01218
44.9966,-43.8955,7.02988
45.114,-44.5535,7.09049
0,0,0
0,0,0
0,0,0
0,0,0
0,0,0
0,0,0
0,0,0
0,0,0
0,0,0
0,0,0
0,0,0
0,0,0
0,0,0
0,0,0
0,0,0
0,0,0
0,0,0
0,0,0
0,0,0
0,0,0
0,0,0
0,0,0
0,0,0
0,0,0
46.7089,-62.9646,8.75891
0,0,0
0,0,0
0,0,0
0,0,0
0,0,0
0,0,0
0,0,0
0,0,0
0,0,0
45.2936,-69.6039,9.27586
0,0,0
0,0,0
0,0,0
0,0,0
0,0,0
0,0,0
0,0,0
0,0,0
0,0,0
0,0,0
0,0,0
0,0,0
0,0,0
0,0,0
0,0,0
0,0,0
0,0,0
0,0,0
0,0,0
0,0,0
0,0,0
0,0,0
0,0,0
0,0,0
0,0,0
0,0,0
0,0,0
0,0,0
0,0,0
0,0,0
0,0,0
0,0,0
0,0,0
0,0,0
0,0,0
0,0,0
0,0,0
0,0,0
0,0,0
0,0,0
0,0,0
0,0,0
0,0,0
0,0,0
0,0,0
0,0,0
0,0,0
0,0,0
0,0,0
0,0,0
0,0,0
0,0,0
0,0,0
0,0,0
0,0,0
0,0,0
0,0,0
0,0,0
0,0,0
0,0,0
0,0,0
0,0,0
0,0,0
0,0,0
0,0,0
0,0,0
0,0,0
0,0,0
0,0,0
0,0,0
0,0,0
0,0,0
0,0,0
0,0,0
0,0,0
0,0,0
0,0,0
0,0,0
0,0,0
0,0,0
0,0,0
0,0,0
0,0,0
0,0,0
0,0,0
0,0,0
0,0,0
0,0,0
0,0,0
0,0,0
0,0,0
0,0,0
0,0,0
0,0,0
0,0,0
0,0,0
0,0,0
0,0,0
0,0,0
0,0,0
0,0,0
0,0,0
0,0,0
0,0,0
0,0,0
0,0,0
0,0,0
0,0,0
0,0,0
0,0,0
0,0,0
0,0,0
0,0,0
0,0,0
0,0,0
0,0,0
0,0,0
0,0,0
0,0,0
0,0,0
0,0,0
0,0,0
0,0,0
0,0,0
0,0,0
0,0,0
0,0,0
0,0,0
0,0,0
0,0,0
0,0,0
0,0,0
0,0,0
0,0,0
0,0,0
0,0,0
0,0,0
0,0,0
0,0,0
0,0,0
0,0,0
0,0,0
0,0,0
0,0,0
0,0,0
0,0,0
0,0,0
0,0,0
0,0,0
0,0,0
0,0,0
0,0,0
0,0,0
0,0,0
0,0,0
0,0,0
0,0,0
0,0,0
0,0,0
0,0,0
0,0,0
0,0,0
0,0,0
0,0,0
0,0,0
0,0,0
0,0,0
0,0,0
0,0,0
0,0,0
0,0,0
0,0,0
0,0,0
0,0,0
0,0,0
0,0,0
0,0,0
0,0,0
0,0,0
0,0,0
0,0,0
0,0,0
0,0,0
0,0,0
0,0,0
0,0,0
0,0,0
0,0,0
0,0,0
0,0,0
0,0,0
0,0,0
0,0,0
0,0,0
0,0,0
0,0,0
0,0,0
0,0,0
0,0,0
0,0,0
0,0,0
0,0,0
0,0,0
0,0,0
0,0,0
0,0,0
0,0,0
0,0,0
0,0,0
0,0,0
0,0,0
0,0,0
0,0,0
0,0,0
0,0,0
0,0,0
0,0,0
0,0,0
0,0,0
0,0,0
0,0,0
0,0,0
0,0,0
0,0,0
0,0,0
0,0,0
0,0,0
0,0,0
0,0,0
0,0,0
0,0,0
0,0,0
0,0,0
0,0,0
0,0,0
0,0,0
0,0,0
0,0,0
0,0,0
0,0,0
0,0,0
0,0,0
0,0,0
0,0,0
0,0,0
0,0,0
0,0,0
0,0,0
0,0,0
0,0,0
0,0,0
0,0,0
0,0,0
0,0,0
0,0,0
0,0,0
0,0,0
0,0,0
0,0,0
0,0,0
0,0,0
0,0,0
0,0,0
0,0,0
0,0,0
0,0,0
0,0,0
0,0,0
0,0,0
0,0,0
0,0,0
0,0,0
0,0,0
0,0,0
0,0,0
0,0,0
0,0,0
0,0,0
0,0,0
0,0,0
0,0,0
0,0,0
0,0,0
0,0,0
0,0,0
0,0,0
0,0,0
0,0,0
0,0,0
0,0,0
0,0,0
0,0,0
0,0,0
0,0,0
0,0,0
0,0,0
0,0,0
0,0,0
0,0,0
0,0,0
0,0,0
0,0,0
0,0,0
0,0,0
0,0,0
0,0,0
0,0,0
0,0,0
0,0,0
0,0,0
0,0,0
0,0,0
0,0,0
0,0,0
0,0,0
0,0,0
0,0,0
0,0,0
0,0,0
0,0,0
0,0,0
0,0,0
0,0,0
0,0,0
0,0,0
0,0,0
0,0,0
0,0,0
0,0,0
0,0,0
0,0,0
0,0,0
0,0,0
0,0,0
0,0,0
0,0,0
0,0,0
0,0,0
0,0,0
0,0,0
0,0,0
0,0,0
0,0,0
0,0,0
0,0,0
0,0,0
0,0,0
0,0,0
0,0,0
0,0,0
0,0,0
0,0,0
0,0,0
0,0,0
0,0,0
0,0,0
0,0,0
0,0,0
0,0,0
0,0,0
0,0,0
0,0,0
0,0,0
0,0,0
0,0,0
0,0,0
0,0,0
0,0,0
0,0,0
0,0,0
0,0,0
0,0,0
0,0,0
0,0,0
0,0,0
0,0,0
0,0,0
0,0,0
0,0,0
0,0,0
0,0,0
0,0,0
0,0,0
0,0,0
0,0,0
0,0,0
0,0,0
0,0,0
0,0,0
0,0,0
0,0,0
0,0,0
0,0,0
0,0,0
0,0,0
0,0,0
0,0,0
0,0,0
0,0,0
0,0,0
0,0,0
0,0,0
0,0,0
0,0,0
0,0,0
0,0,0
0,0,0
0,0,0
0,0,0
0,0,0
0,0,0
0,0,0
0,0,0
0,0,0
0,0,0
0,0,0
0,0,0
0,0,0
0,0,0
0,0,0
0,0,0
0,0,0
0,0,0
0,0,0
0,0,0
0,0,0
0,0,0
0,0,0
0,0,0
0,0,0
0,0,0
0,0,0
0,0,0
0,0,0
0,0,0
0,0,0
0,0,0
0,0,0
0,0,0
0,0,0
0,0,0
0,0,0
0,0,0
0,0,0
0,0,0
0,0,0
0,0,0
0,0,0
0,0,0
0,0,0
0,0,0
0,0,0
0,0,0
0,0,0
0,0,0
0,0,0
0,0,0
0,0,0
0,0,0
0,0,0
0,0,0
0,0,0
0,0,0
0,0,0
0,0,0
0,0,0
0,0,0
0,0,0
0,0,0
0,0,0
0,0,0
0,0,0
0,0,0
0,0,0
0,0,0
0,0,0
0,0,0
0,0,0
0,0,0
0,0,0
0,0,0
0,0,0
0,0,0
0,0,0
0,0,0
0,0,0
0,0,0
0,0,0
0,0,0
0,0,0
0,0,0
0,0,0
0,0,0
0,0,0
0,0,0
0,0,0
0,0,0
0,0,0
0,0,0
0,0,0
0,0,0
0,0,0
0,0,0
0,0,0
0,0,0
0,0,0
0,0,0
0,0,0
0,0,0
0,0,0
0,0,0
0,0,0
0,0,0
0,0,0
0,0,0
0,0,0
0,0,0
0,0,0
0,0,0
0,0,0
0,0,0
0,0,0
0,0,0
0,0,0
0,0,0
0,0,0
0,0,0
0,0,0
0,0,0
0,0,0
0,0,0
0,0,0
0,0,0
0,0,0
0,0,0
0,0,0
0,0,0
0,0,0
0,0,0
0,0,0
0,0,0
0,0,0
0,0,0
0,0,0
0,0,0
0,0,0
0,0,0
0,0,0
0,0,0
0,0,0
0,0,0
0,0,0
0,0,0
0,0,0
0,0,0
0,0,0
0,0,0
0,0,0
0,0,0
0,0,0
0,0,0
0,0,0
0,0,0
0,0,0
0,0,0
0,0,0
0,0,0
0,0,0
0,0,0
0,0,0
0,0,0
0,0,0
0,0,0
0,0,0
0,0,0
0,0,0
0,0,0
0,0,0
0,0,0
0,0,0
0,0,0
0,0,0
0,0,0
0,0,0
0,0,0
0,0,0
0,0,0
0,0,0
0,0,0
0,0,0
0,0,0
0,0,0
0,0,0
0,0,0
0,0,0
0,0,0
0,0,0
0,0,0
0,0,0
0,0,0
0,0,0
0,0,0
0,0,0
0,0,0
0,0,0
0,0,0
0,0,0
0,0,0
0,0,0
0,0,0
0,0,0
0,0,0
0,0,0
0,0,0
0,0,0
0,0,0
0,0,0
0,0,0
0,0,0
0,0,0
0,0,0
0,0,0
0,0,0
0,0,0
0,0,0
0,0,0
0,0,0
0,0,0
0,0,0
0,0,0
0,0,0
0,0,0
0,0,0
0,0,0
0,0,0
0,0,0
0,0,0
0,0,0
0,0,0
0,0,0
0,0,0
0,0,0
0,0,0
0,0,0
0,0,0
0,0,0
0,0,0
0,0,0
0,0,0
0,0,0
0,0,0
0,0,0
0,0,0
0,0,0
0,0,0
0,0,0
0,0,0
0,0,0
0,0,0
0,0,0
0,0,0
0,0,0
0,0,0
0,0,0
0,0,0
0,0,0
0,0,0
0,0,0
0,0,0
0,0,0
0,0,0
0,0,0
0,0,0
0,0,0
0,0,0
0,0,0
0,0,0
0,0,0
0,0,0
0,0,0
0,0,0
0,0,0
0,0,0
0,0,0
0,0,0
0,0,0
0,0,0
0,0,0
0,0,0
0,0,0
0,0,0
0,0,0
0,0,0
0,0,0
0,0,0
0,0,0
0,0,0
0,0,0
0,0,0
0,0,0
0,0,0
0,0,0
0,0,0
0,0,0
0,0,0
0,0,0
0,0,0
0,0,0
0,0,0
0,0,0
0,0,0
0,0,0
0,0,0
0,0,0
0,0,0
0,0,0
0,0,0
0,0,0
0,0,0
0,0,0
0,0,0
0,0,0
0,0,0
0,0,0
0,0,0
0,0,0
0,0,0
0,0,0
0,0,0
0,0,0
0,0,0
0,0,0
0,0,0
0,0,0
0,0,0
0,0,0
0,0,0
0,0,0
0,0,0
0,0,0
0,0,0
0,0,0
0,0,0
0,0,0
0,0,0
0,0,0
0,0,0
0,0,0
0,0,0
0,0,0
0,0,0
0,0,0
0,0,0
0,0,0
0,0,0
0,0,0
0,0,0
0,0,0
0,0,0
0,0,0
0,0,0
0,0,0
0,0,0
0,0,0
0,0,0
0,0,0
0,0,0
0,0,0
0,0,0
0,0,0
0,0,0
0,0,0
0,0,0
0,0,0
0,0,0
0,0,0
0,0,0
0,0,0
0,0,0
0,0,0
0,0,0
0,0,0
0,0,0
0,0,0
0,0,0
0,0,0
0,0,0
0,0,0
0,0,0
0,0,0
0,0,0
0,0,0
0,0,0
0,0,0
0,0,0
0,0,0
0,0,0
0,0,0
0,0,0
0,0,0
0,0,0
0,0,0
0,0,0
0,0,0
0,0,0
0,0,0
0,0,0
0,0,0
0,0,0
0,0,0
0,0,0
0,0,0
0,0,0
0,0,0
0,0,0
0,0,0
0,0,0
0,0,0
0,0,0
0,0,0
0,0,0
0,0,0
0,0,0
0,0,0
0,0,0
0,0,0
0,0,0
0,0,0
0,0,0
0,0,0
0,0,0
0,0,0
0,0,0
0,0,0
0,0,0
0,0,0
0,0,0
0,0,0
0,0,0
0,0,0
0,0,0
0,0,0
0,0,0
0,0,0
0,0,0
0,0,0
0,0,0
0,0,0
0,0,0
0,0,0
0,0,0
0,0,0
0,0,0
0,0,0
0,0,0
0,0,0
0,0,0
0,0,0
0,0,0
0,0,0
0,0,0
0,0,0
0,0,0
0,0,0
0,0,0
0,0,0
0,0,0
0,0,0
0,0,0
0,0,0
0,0,0
0,0,0
0,0,0
0,0,0
0,0,0
0,0,0
0,0,0
0,0,0
0,0,0
0,0,0
0,0,0
0,0,0
0,0,0
0,0,0
59.5182,-2.53702,5.91773
0,0,0
0,0,0
0,0,0
0,0,0
0,0,0
0,0,0
0,0,0
0,0,0
0,0,0
0,0,0
0,0,0
0,0,0
0,0,0
0,0,0
0,0,0
0,0,0
0,0,0
0,0,0
0,0,0
0,0,0
0,0,0
0,0,0
0,0,0
0,0,0
0,0,0
0,0,0
0,0,0
0,0,0
0,0,0
0,0,0
0,0,0
0,0,0
0,0,0
0,0,0
0,0,0
0,0,0
0,0,0
0,0,0
0,0,0
0,0,0
0,0,0
0,0,0
0,0,0
0,0,0
0,0,0
0,0,0
0,0,0
0,0,0
0,0,0
0,0,0
0,0,0
0,0,0
0,0,0
0,0,0
0,0,0
0,0,0
0,0,0
0,0,0
0,0,0
0,0,0
0,0,0
0,0,0
0,0,0
0,0,0
50.7016,-23.9584,5.57257
49.2636,-23.6497,5.43125
49.0674,-23.9271,5.42575
48.9063,-24.2211,5.42427
0,0,0
48.8412,-24.9398,5.45041
48.4964,-25.1401,5.42919
0,0,0
48.3677,-25.8313,5.44973
49.1479,-26.6369,5.55528
49.069,-26.9849,5.56491
49.2189,-27.462,5.60068
0,0,0
0,0,0
0,0,0
0,0,0
0,0,0
0,0,0
0,0,0
0,0,0
0,0,0
0,0,0
0,0,0
0,0,0
0,0,0
0,0,0
0,0,0
0,0,0
69.2685,-48.7474,8.39943
68.8068,-49.0565,8.37988
0,0,0
0,0,0
0,0,0
0,0,0
0,0,0
0,0,0
0,0,0
0,0,0
0,0,0
0,0,0
0,0,0
0,0,0
0,0,0
0,0,0
0,0,0
0,0,0
0,0,0
0,0,0
0,0,0
46.1217,-42.2907,6.21433
45.7694,-42.4876,6.20194
0,0,0
45.0066,-42.8197,6.16951
44.8241,-43.173,6.18062
44.3973,-43.2903,6.15841
44.1613,-43.5919,6.16263
0,0,0
0,0,0
0,0,0
0,0,0
0,0,0
0,0,0
0,0,0
0,0,0
0,0,0
0,0,0
0,0,0
0,0,0
0,0,0
0,0,0
50.177,-59.5903,7.7279
49.8353,-59.9269,7.73173
0,0,0
0,0,0
0,0,0
0,0,0
0,0,0
47.6036,-61.7308,7.73301
0,0,0
46.9011,-62.3883,7.74264
0,0,0
0,0,0
46.1578,-63.8119,7.81222
45.7428,-64.0623,7.80839
45.4515,-64.4874,7.82598
0,0,0
0,0,0
0,0,0
0,0,0
0,0,0
43.5358,-66.8672,7.91443
0,0,0
0,0,0
0,0,0
0,0,0
0,0,0
0,0,0
0,0,0
0,0,0
0,0,0
0,0,0
0,0,0
0,0,0
0,0,0
0,0,0
0,0,0
0,0,0
0,0,0
0,0,0
0,0,0
0,0,0
0,0,0
0,0,0
0,0,0
0,0,0
0,0,0
0,0,0
0,0,0
0,0,0
31.4887,-74.6461,8.03541
0,0,0
0,0,0
0,0,0
0,0,0
0,0,0
0,0,0
0,0,0
0,0,0
0,0,0
0,0,0
0,0,0
0,0,0
0,0,0
0,0,0
0,0,0
0,0,0
0,0,0
0,0,0
0,0,0
0,0,0
0,0,0
0,0,0
0,0,0
0,0,0
0,0,0
0,0,0
0,0,0
0,0,0
0,0,0
0,0,0
0,0,0
0,0,0
0,0,0
0,0,0
0,0,0
0,0,0
0,0,0
0,0,0
0,0,0
0,0,0
0,0,0
0,0,0
0,0,0
0,0,0
0,0,0
0,0,0
0,0,0
0,0,0
0,0,0
0,0,0
0,0,0
0,0,0
0,0,0
0,0,0
0,0,0
0,0,0
0,0,0
0,0,0
0,0,0
0,0,0
0,0,0
0,0,0
0,0,0
0,0,0
0,0,0
0,0,0
0,0,0
0,0,0
0,0,0
0,0,0
0,0,0
0,0,0
0,0,0
0,0,0
0,0,0
0,0,0
0,0,0
0,0,0
0,0,0
0,0,0
0,0,0
0,0,0
0,0,0
0,0,0
0,0,0
0,0,0
0,0,0
0,0,0
0,0,0
0,0,0
0,0,0
0,0,0
0,0,0
0,0,0
0,0,0
0,0,0
0,0,0
0,0,0
0,0,0
0,0,0
0,0,0
0,0,0
0,0,0
0,0,0
0,0,0
0,0,0
0,0,0
0,0,0
0,0,0
0,0,0
0,0,0
0,0,0
0,0,0
0,0,0
0,0,0
0,0,0
0,0,0
0,0,0
0,0,0
0,0,0
0,0,0
0,0,0
0,0,0
0,0,0
0,0,0
0,0,0
0,0,0
0,0,0
0,0,0
0,0,0
0,0,0
0,0,0
0,0,0
0,0,0
0,0,0
0,0,0
0,0,0
0,0,0
0,0,0
0,0,0
0,0,0
0,0,0
0,0,0
0,0,0
0,0,0
0,0,0
0,0,0
0,0,0
0,0,0
0,0,0
0,0,0
0,0,0
0,0,0
0,0,0
0,0,0
0,0,0
0,0,0
0,0,0
0,0,0
0,0,0
0,0,0
0,0,0
0,0,0
0,0,0
0,0,0
0,0,0
0,0,0
0,0,0
0,0,0
0,0,0
0,0,0
0,0,0
0,0,0
0,0,0
0,0,0
0,0,0
0,0,0
0,0,0
0,0,0
0,0,0
0,0,0
0,0,0
0,0,0
0,0,0
0,0,0
0,0,0
0,0,0
0,0,0
0,0,0
0,0,0
0,0,0
0,0,0
0,0,0
0,0,0
0,0,0
0,0,0
0,0,0
0,0,0
0,0,0
0,0,0
0,0,0
0,0,0
0,0,0
0,0,0
0,0,0
0,0,0
0,0,0
0,0,0
0,0,0
0,0,0
0,0,0
0,0,0
0,0,0
0,0,0
0,0,0
0,0,0
0,0,0
0,0,0
0,0,0
0,0,0
0,0,0
0,0,0
0,0,0
0,0,0
0,0,0
0,0,0
0,0,0
0,0,0
0,0,0
0,0,0
0,0,0
0,0,0
0,0,0
0,0,0
0,0,0
0,0,0
0,0,0
0,0,0
0,0,0
0,0,0
0,0,0
0,0,0
0,0,0
0,0,0
0,0,0
0,0,0
0,0,0
0,0,0
0,0,0
0,0,0
0,0,0
0,0,0
0,0,0
0,0,0
0,0,0
0,0,0
0,0,0
0,0,0
0,0,0
0,0,0
0,0,0
0,0,0
0,0,0
0,0,0
0,0,0
0,0,0
0,0,0
0,0,0
0,0,0
0,0,0
0,0,0
0,0,0
0,0,0
0,0,0
0,0,0
0,0,0
0,0,0
0,0,0
0,0,0
0,0,0
0,0,0
0,0,0
0,0,0
0,0,0
0,0,0
0,0,0
0,0,0
0,0,0
0,0,0
0,0,0
0,0,0
0,0,0
0,0,0
0,0,0
0,0,0
0,0,0
0,0,0
0,0,0
0,0,0
0,0,0
0,0,0
0,0,0
0,0,0
0,0,0
0,0,0
0,0,0
0,0,0
0,0,0
0,0,0
0,0,0
0,0,0
0,0,0
0,0,0
0,0,0
0,0,0
0,0,0
0,0,0
0,0,0
0,0,0
0,0,0
0,0,0
0,0,0
0,0,0
0,0,0
0,0,0
0,0,0
0,0,0
0,0,0
0,0,0
0,0,0
0,0,0
0,0,0
0,0,0
0,0,0
0,0,0
0,0,0
0,0,0
0,0,0
0,0,0
0,0,0
0,0,0
0,0,0
0,0,0
0,0,0
0,0,0
0,0,0
0,0,0
0,0,0
0,0,0
0,0,0
0,0,0
0,0,0
0,0,0
0,0,0
0,0,0
0,0,0
0,0,0
0,0,0
0,0,0
0,0,0
0,0,0
0,0,0
0,0,0
0,0,0
0,0,0
0,0,0
0,0,0
0,0,0
0,0,0
0,0,0
0,0,0
0,0,0
0,0,0
0,0,0
0,0,0
0,0,0
0,0,0
0,0,0
0,0,0
0,0,0
0,0,0
0,0,0
0,0,0
0,0,0
0,0,0
0,0,0
0,0,0
0,0,0
0,0,0
0,0,0
0,0,0
0,0,0
0,0,0
0,0,0
0,0,0
0,0,0
0,0,0
0,0,0
0,0,0
0,0,0
0,0,0
0,0,0
0,0,0
0,0,0
0,0,0
0,0,0
0,0,0
0,0,0
0,0,0
0,0,0
0,0,0
0,0,0
0,0,0
0,0,0
0,0,0
0,0,0
0,0,0
0,0,0
0,0,0
0,0,0
0,0,0
0,0,0
0,0,0
0,0,0
0,0,0
0,0,0
0,0,0
0,0,0
0,0,0
0,0,0
0,0,0
0,0,0
0,0,0
0,0,0
0,0,0
0,0,0
0,0,0
0,0,0
0,0,0
0,0,0
0,0,0
0,0,0
0,0,0
0,0,0
0,0,0
0,0,0
0,0,0
0,0,0
0,0,0
0,0,0
0,0,0
0,0,0
0,0,0
0,0,0
0,0,0
0,0,0
0,0,0
0,0,0
0,0,0
0,0,0
0,0,0
0,0,0
0,0,0
0,0,0
0,0,0
0,0,0
0,0,0
0,0,0
0,0,0
0,0,0
0,0,0
0,0,0
0,0,0
0,0,0
0,0,0
0,0,0
0,0,0
0,0,0
0,0,0
0,0,0
0,0,0
0,0,0
0,0,0
0,0,0
0,0,0
0,0,0
0,0,0
0,0,0
0,0,0
0,0,0
0,0,0
0,0,0
0,0,0
0,0,0
0,0,0
0,0,0
0,0,0
0,0,0
0,0,0
0,0,0
0,0,0
0,0,0
0,0,0
0,0,0
0,0,0
0,0,0
0,0,0
0,0,0
0,0,0
0,0,0
0,0,0
0,0,0
0,0,0
0,0,0
0,0,0
0,0,0
0,0,0
0,0,0
0,0,0
0,0,0
0,0,0
0,0,0
0,0,0
0,0,0
0,0,0
0,0,0
0,0,0
0,0,0
0,0,0
0,0,0
0,0,0
0,0,0
0,0,0
0,0,0
0,0,0
0,0,0
0,0,0
0,0,0
0,0,0
0,0,0
0,0,0
0,0,0
0,0,0
0,0,0
0,0,0
0,0,0
0,0,0
0,0,0
0,0,0
0,0,0
0,0,0
0,0,0
0,0,0
0,0,0
0,0,0
0,0,0
0,0,0
0,0,0
0,0,0
0,0,0
0,0,0
0,0,0
0,0,0
0,0,0
0,0,0
0,0,0
0,0,0
0,0,0
0,0,0
0,0,0
0,0,0
0,0,0
0,0,0
0,0,0
0,0,0
0,0,0
0,0,0
0,0,0
0,0,0
0,0,0
0,0,0
0,0,0
0,0,0
0,0,0
0,0,0
0,0,0
0,0,0
0,0,0
0,0,0
0,0,0
0,0,0
0,0,0
0,0,0
0,0,0
0,0,0
0,0,0
0,0,0
0,0,0
0,0,0
0,0,0
0,0,0
0,0,0
0,0,0
0,0,0
0,0,0
0,0,0
0,0,0
0,0,0
0,0,0
0,0,0
0,0,0
0,0,0
0,0,0
0,0,0
0,0,0
0,0,0
0,0,0
0,0,0
0,0,0
0,0,0
0,0,0
0,0,0
0,0,0
0,0,0
0,0,0
0,0,0
0,0,0
0,0,0
0,0,0
0,0,0
0,0,0
0,0,0
0,0,0
0,0,0
0,0,0
0,0,0
0,0,0
0,0,0
0,0,0
0,0,0
0,0,0
0,0,0
0,0,0
0,0,0
0,0,0
0,0,0
0,0,0
0,0,0
0,0,0
0,0,0
0,0,0
0,0,0
0,0,0
0,0,0
0,0,0
0,0,0
0,0,0
0,0,0
0,0,0
0,0,0
0,0,0
0,0,0
0,0,0
0,0,0
0,0,0
0,0,0
0,0,0
0,0,0
0,0,0
0,0,0
0,0,0
0,0,0
0,0,0
0,0,0
0,0,0
0,0,0
0,0,0
0,0,0
0,0,0
0,0,0
0,0,0
0,0,0
0,0,0
0,0,0
0,0,0
0,0,0
0,0,0
0,0,0
0,0,0
0,0,0
0,0,0
0,0,0
0,0,0
0,0,0
0,0,0
0,0,0
0,0,0
0,0,0
0,0,0
0,0,0
0,0,0
0,0,0
0,0,0
0,0,0
0,0,0
0,0,0
0,0,0
0,0,0
0,0,0
0,0,0
0,0,0
0,0,0
0,0,0
0,0,0
0,0,0
0,0,0
0,0,0
0,0,0
0,0,0
0,0,0
0,0,0
0,0,0
0,0,0
0,0,0
0,0,0
0,0,0
0,0,0
0,0,0
0,0,0
0,0,0
0,0,0
0,0,0
0,0,0
0,0,0
0,0,0
0,0,0
0,0,0
0,0,0
0,0,0
0,0,0
0,0,0
0,0,0
0,0,0
0,0,0
0,0,0
0,0,0
0,0,0
0,0,0
0,0,0
0,0,0
0,0,0
0,0,0
0,0,0
0,0,0
0,0,0
0,0,0
0,0,0
0,0,0
0,0,0
0,0,0
28.158,10.0734,2.63018
28.3772,9.95588,2.6447
28.4491,9.78546,2.64574
28.5067,9.61008,2.64557
28.5736,9.43779,2.64635
28.6699,9.27486,2.64989
0,0,0
0,0,0
28.8062,8.73661,2.64721
0,0,0
0,0,0
0,0,0
0,0,0
0,0,0
0,0,0
0,0,0
0,0,0
0,0,0
0,0,0
0,0,0
0,0,0
0,0,0
0,0,0
0,0,0
0,0,0
0,0,0
0,0,0
0,0,0
0,0,0
0,0,0
0,0,0
0,0,0
0,0,0
0,0,0
0,0,0
0,0,0
0,0,0
0,0,0
0,0,0
0,0,0
0,0,0
0,0,0
0,0,0
0,0,0
0,0,0
0,0,0
0,0,0
0,0,0
0,0,0
0,0,0
0,0,0
0,0,0
0,0,0
0,0,0
0,0,0
0,0,0
0,0,0
0,0,0
0,0,0
0,0,0
0,0,0
36.3143,-1.11645,3.18785
36.0798,-1.33087,3.16813
0,0,0
0,0,0
0,0,0
0,0,0
0,0,0
0,0,0
0,0,0
0,0,0
47.1306,-4.35285,4.14245
47.1744,-4.64899,4.14868
0,0,0
0,0,0
0,0,0
0,0,0
0,0,0
0,0,0
0,0,0
0,0,0
0,0,0
0,0,0
0,0,0
0,0,0
0,0,0
0,0,0
0,0,0
0,0,0
0,0,0
0,0,0
0,0,0
0,0,0
0,0,0
0,0,0
0,0,0
0,0,0
0,0,0
0,0,0
0,0,0
0,0,0
0,0,0
0,0,0
0,0,0
0,0,0
0,0,0
0,0,0
84.1675,-27.2392,7.71231
0,0,0
0,0,0
0,0,0
0,0,0
0,0,0
0,0,0
0,0,0
0,0,0
0,0,0
0,0,0
0,0,0
0,0,0
0,0,0
0,0,0
0,0,0
0,0,0
0,0,0
0,0,0
51.514,-23.5988,4.95224
51.4739,-23.9636,4.96236
49.9408,-23.6238,4.82938
49.3387,-23.7106,4.78546
49.0795,-23.9578,4.77456
48.8887,-24.2372,4.77041
48.845,-24.5901,4.7807
49.0196,-25.0562,4.81252
48.5502,-25.1931,4.78174
48.5057,-25.5491,4.79263
48.6213,-25.9923,4.81952
49.0476,-26.6084,4.87745
0,0,0
48.673,-27.1835,4.87304
0,0,0
0,0,0
0,0,0
0,0,0
0,0,0
0,0,0
0,0,0
0,0,0
0,0,0
0,0,0
0,0,0
0,0,0
0,0,0
0,0,0
0,0,0
0,0,0
0,0,0
0,0,0
0,0,0
0,0,0
0,0,0
0,0,0
0,0,0
0,0,0
67.1708,-52.4272,7.42967
0,0,0
0,0,0
0,0,0
0,0,0
0,0,0
0,0,0
0,0,0
48.6003,-41.928,5.60527
48.3106,-42.1978,5.60164
0,0,0
46.6135,-41.7349,5.46469
0,0,0
0,0,0
45.1666,-41.9626,5.38523
44.9634,-42.2908,5.3918
0,0,0
44.86,-43.2432,5.4423
0,0,0
44.8794,-44.3373,5.50982
0,0,0
0,0,0
0,0,0
0,0,0
0,0,0
0,0,0
0,0,0
53.2994,-58.0936,6.87693
52.77,-58.2299,6.85471
52.352,-58.4857,6.84693
52.0561,-58.8783,6.85532
0,0,0
0,0,0
0,0,0
0,0,0
0,0,0
0,0,0
0,0,0
0,0,0
0,0,0
0,0,0
0,0,0
0,0,0
0,0,0
46.3094,-62.4488,6.782
0,0,0
0,0,0
0,0,0
0,0,0
0,0,0
0,0,0
0,0,0
0,0,0
0,0,0
0,0,0
0,0,0
0,0,0
0,0,0
0,0,0
0,0,0
0,0,0
0,0,0
0,0,0
0,0,0
0,0,0
0,0,0
0,0,0
0,0,0
0,0,0
0,0,0
0,0,0
0,0,0
0,0,0
0,0,0
0,0,0
34.4638,-71.7368,6.94169
0,0,0
0,0,0
0,0,0
0,0,0
0,0,0
0,0,0
0,0,0
0,0,0
0,0,0
0,0,0
0,0,0
0,0,0
0,0,0
0,0,0
0,0,0
0,0,0
0,0,0
0,0,0
0,0,0
0,0,0
0,0,0
0,0,0
0,0,0
0,0,0
0,0,0
0,0,0
0,0,0
0,0,0
0,0,0
0,0,0
0,0,0
0,0,0
0,0,0
0,0,0
0,0,0
0,0,0
0,0,0
0,0,0
0,0,0
0,0,0
0,0,0
0,0,0
0,0,0
0,0,0
0,0,0
0,0,0
0,0,0
0,0,0
0,0,0
0,0,0
0,0,0
0,0,0
0,0,0
0,0,0
0,0,0
0,0,0
0,0,0
0,0,0
0,0,0
0,0,0
0,0,0
0,0,0
0,0,0
0,0,0
0,0,0
0,0,0
0,0,0
0,0,0
0,0,0
0,0,0
0,0,0
0,0,0
0,0,0
0,0,0
0,0,0
0,0,0
0,0,0
0,0,0
0,0,0
0,0,0
0,0,0
0,0,0
0,0,0
0,0,0
0,0,0
0,0,0
0,0,0
0,0,0
0,0,0
0,0,0
0,0,0
0,0,0
0,0,0
0,0,0
0,0,0
0,0,0
0,0,0
0,0,0
0,0,0
0,0,0
0,0,0
0,0,0
0,0,0
0,0,0
0,0,0
0,0,0
0,0,0
0,0,0
0,0,0
0,0,0
0,0,0
0,0,0
0,0,0
0,0,0
0,0,0
0,0,0
0,0,0
0,0,0
0,0,0
0,0,0
0,0,0
0,0,0
0,0,0
0,0,0
0,0,0
0,0,0
0,0,0
0,0,0
0,0,0
0,0,0
0,0,0
0,0,0
0,0,0
0,0,0
0,0,0
0,0,0
0,0,0
0,0,0
0,0,0
0,0,0
0,0,0
0,0,0
0,0,0
0,0,0
0,0,0
0,0,0
0,0,0
0,0,0
0,0,0
0,0,0
0,0,0
0,0,0
0,0,0
0,0,0
0,0,0
0,0,0
0,0,0
0,0,0
0,0,0
0,0,0
0,0,0
0,0,0
0,0,0
0,0,0
0,0,0
0,0,0
0,0,0
0,0,0
0,0,0
0,0,0
0,0,0
0,0,0
0,0,0
0,0,0
0,0,0
0,0,0
0,0,0
0,0,0
0,0,0
0,0,0
0,0,0
0,0,0
0,0,0
0,0,0
0,0,0
0,0,0
0,0,0
0,0,0
0,0,0
0,0,0
0,0,0
0,0,0
0,0,0
0,0,0
0,0,0
0,0,0
0,0,0
0,0,0
0,0,0
0,0,0
0,0,0
0,0,0
0,0,0
0,0,0
0,0,0
0,0,0
0,0,0
0,0,0
0,0,0
0,0,0
0,0,0
0,0,0
0,0,0
0,0,0
0,0,0
0,0,0
0,0,0
0,0,0
0,0,0
0,0,0
0,0,0
0,0,0
0,0,0
0,0,0
0,0,0
0,0,0
0,0,0
0,0,0
0,0,0
0,0,0
0,0,0
0,0,0
0,0,0
0,0,0
0,0,0
0,0,0
0,0,0
0,0,0
0,0,0
0,0,0
0,0,0
0,0,0
0,0,0
0,0,0
0,0,0
0,0,0
0,0,0
0,0,0
0,0,0
0,0,0
0,0,0
0,0,0
0,0,0
0,0,0
0,0,0
0,0,0
0,0,0
0,0,0
0,0,0
0,0,0
0,0,0
0,0,0
0,0,0
0,0,0
0,0,0
0,0,0
0,0,0
0,0,0
0,0,0
0,0,0
0,0,0
0,0,0
0,0,0
0,0,0
0,0,0
0,0,0
0,0,0
0,0,0
0,0,0
0,0,0
0,0,0
0,0,0
0,0,0
0,0,0
0,0,0
0,0,0
0,0,0
0,0,0
0,0,0
0,0,0
0,0,0
0,0,0
0,0,0
0,0,0
0,0,0
0,0,0
0,0,0
0,0,0
0,0,0
0,0,0
0,0,0
0,0,0
0,0,0
0,0,0
0,0,0
0,0,0
0,0,0
0,0,0
0,0,0
0,0,0
0,0,0
0,0,0
0,0,0
0,0,0
0,0,0
0,0,0
0,0,0
0,0,0
0,0,0
0,0,0
0,0,0
0,0,0
0,0,0
0,0,0
0,0,0
0,0,0
0,0,0
0,0,0
0,0,0
0,0,0
0,0,0
0,0,0
0,0,0
0,0,0
0,0,0
0,0,0
0,0,0
0,0,0
0,0,0
0,0,0
0,0,0
0,0,0
0,0,0
0,0,0
0,0,0
0,0,0
0,0,0
0,0,0
0,0,0
0,0,0
0,0,0
0,0,0
0,0,0
0,0,0
0,0,0
0,0,0
0,0,0
0,0,0
0,0,0
0,0,0
0,0,0
0,0,0
0,0,0
0,0,0
0,0,0
0,0,0
0,0,0
0,0,0
0,0,0
0,0,0
0,0,0
0,0,0
0,0,0
0,0,0
0,0,0
0,0,0
0,0,0
0,0,0
0,0,0
0,0,0
0,0,0
0,0,0
0,0,0
0,0,0
0,0,0
0,0,0
0,0,0
0,0,0
0,0,0
0,0,0
0,0,0
0,0,0
0,0,0
0,0,0
0,0,0
0,0,0
0,0,0
0,0,0
0,0,0
0,0,0
0,0,0
0,0,0
0,0,0
0,0,0
0,0,0
0,0,0
0,0,0
0,0,0
0,0,0
0,0,0
0,0,0
0,0,0
0,0,0
0,0,0
0,0,0
0,0,0
0,0,0
0,0,0
0,0,0
0,0,0
0,0,0
0,0,0
0,0,0
0,0,0
0,0,0
0,0,0
0,0,0
0,0,0
0,0,0
0,0,0
0,0,0
0,0,0
0,0,0
0,0,0
0,0,0
0,0,0
0,0,0
0,0,0
0,0,0
0,0,0
0,0,0
0,0,0
0,0,0
0,0,0
0,0,0
0,0,0
0,0,0
0,0,0
0,0,0
0,0,0
0,0,0
0,0,0
0,0,0
0,0,0
0,0,0
0,0,0
0,0,0
0,0,0
0,0,0
0,0,0
0,0,0
0,0,0
0,0,0
0,0,0
0,0,0
0,0,0
0,0,0
0,0,0
0,0,0
0,0,0
0,0,0
0,0,0
0,0,0
0,0,0
0,0,0
0,0,0
0,0,0
0,0,0
0,0,0
0,0,0
0,0,0
0,0,0
0,0,0
0,0,0
0,0,0
0,0,0
0,0,0
0,0,0
0,0,0
0,0,0
0,0,0
0,0,0
0,0,0
0,0,0
0,0,0
0,0,0
0,0,0
0,0,0
0,0,0
0,0,0
0,0,0
0,0,0
0,0,0
0,0,0
0,0,0
0,0,0
0,0,0
0,0,0
0,0,0
0,0,0
0,0,0
0,0,0
0,0,0
0,0,0
0,0,0
0,0,0
0,0,0
0,0,0
0,0,0
0,0,0
0,0,0
0,0,0
0,0,0
0,0,0
0,0,0
0,0,0
0,0,0
0,0,0
0,0,0
0,0,0
0,0,0
0,0,0
0,0,0
0,0,0
0,0,0
0,0,0
0,0,0
0,0,0
0,0,0
0,0,0
0,0,0
0,0,0
0,0,0
0,0,0
0,0,0
0,0,0
0,0,0
0,0,0
0,0,0
0,0,0
0,0,0
0,0,0
0,0,0
0,0,0
0,0,0
0,0,0
0,0,0
0,0,0
0,0,0
0,0,0
0,0,0
0,0,0
0,0,0
0,0,0
0,0,0
0,0,0
0,0,0
0,0,0
0,0,0
0,0,0
0,0,0
0,0,0
0,0,0
0,0,0
0,0,0
0,0,0
0,0,0
0,0,0
0,0,0
0,0,0
0,0,0
0,0,0
0,0,0
0,0,0
0,0,0
0,0,0
0,0,0
0,0,0
0,0,0
0,0,0
0,0,0
0,0,0
0,0,0
0,0,0
0,0,0
0,0,0
0,0,0
0,0,0
0,0,0
0,0,0
0,0,0
0,0,0
0,0,0
0,0,0
0,0,0
0,0,0
0,0,0
0,0,0
0,0,0
0,0,0
0,0,0
0,0,0
0,0,0
0,0,0
0,0,0
0,0,0
0,0,0
0,0,0
0,0,0
0,0,0
0,0,0
0,0,0
0,0,0
0,0,0
0,0,0
0,0,0
0,0,0
0,0,0
0,0,0
0,0,0
0,0,0
0,0,0
0,0,0
0,0,0
0,0,0
0,0,0
0,0,0
0,0,0
0,0,0
0,0,0
0,0,0
0,0,0
0,0,0
0,0,0
0,0,0
0,0,0
0,0,0
0,0,0
0,0,0
0,0,0
0,0,0
0,0,0
0,0,0
0,0,0
0,0,0
0,0,0
0,0,0
0,0,0
0,0,0
0,0,0
0,0,0
0,0,0
0,0,0
0,0,0
0,0,0
0,0,0
0,0,0
0,0,0
0,0,0
0,0,0
0,0,0
0,0,0
0,0,0
0,0,0
0,0,0
0,0,0
0,0,0
0,0,0
0,0,0
0,0,0
0,0,0
0,0,0
0,0,0
0,0,0
0,0,0
0,0,0
0,0,0
0,0,0
0,0,0
0,0,0
0,0,0
0,0,0
0,0,0
0,0,0
0,0,0
0,0,0
0,0,0
0,0,0
0,0,0
0,0,0
0,0,0
0,0,0
0,0,0
0,0,0
0,0,0
0,0,0
0,0,0
0,0,0
0,0,0
0,0,0
0,0,0
0,0,0
0,0,0
0,0,0
0,0,0
0,0,0
0,0,0
0,0,0
0,0,0
0,0,0
0,0,0
0,0,0
0,0,0
0,0,0
0,0,0
0,0,0
0,0,0
0,0,0
0,0,0
0,0,0
0,0,0
0,0,0
0,0,0
0,0,0
0,0,0
0,0,0
0,0,0
0,0,0
0,0,0
0,0,0
0,0,0
0,0,0
0,0,0
0,0,0
0,0,0
0,0,0
0,0,0
0,0,0
0,0,0
0,0,0
0,0,0
0,0,0
0,0,0
0,0,0
0,0,0
36.5391,26.08,3.36317
36.5705,25.7651,3.35156
36.6681,25.4987,3.34617
36.8954,25.3223,3.3526
0,0,0
0,0,0
0,0,0
0,0,0
0,0,0
0,0,0
0,0,0
0,0,0
0,0,0
0,0,0
0,0,0
0,0,0
0,0,0
0,0,0
0,0,0
0,0,0
0,0,0
0,0,0
0,0,0
0,0,0
40.4569,20.6851,3.40369
40.2553,20.2714,3.37648
40.2878,19.9789,3.36894
40.4204,19.7365,3.36982
40.5569,19.4959,3.37116
40.784,19.2979,3.38003
0,0,0
0,0,0
0,0,0
0,0,0
0,0,0
0,0,0
0,0,0
0,0,0
0,0,0
0,0,0
0,0,0
0,0,0
0,0,0
0,0,0
0,0,0
0,0,0
28.2909,9.93225,2.25792
28.4295,9.78542,2.26406
28.4947,9.61271,2.2645
28.4689,9.40983,2.25792
44.4522,14.3915,3.49899
44.628,14.1465,3.50586
44.7521,13.8842,3.50882
0,0,0
0,0,0
0,0,0
0,0,0
0,0,0
0,0,0
0,0,0
0,0,0
0,0,0
0,0,0
0,0,0
0,0,0
0,0,0
0,0,0
0,0,0
0,0,0
0,0,0
0,0,0
0,0,0
0,0,0
0,0,0
0,0,0
0,0,0
0,0,0
0,0,0
0,0,0
0,0,0
0,0,0
0,0,0
0,0,0
0,0,0
0,0,0
0,0,0
0,0,0
0,0,0
0,0,0
0,0,0
0,0,0
0,0,0
0,0,0
0,0,0
0,0,0
0,0,0
0,0,0
0,0,0
0,0,0
0,0,0
0,0,0
0,0,0
0,0,0
0,0,0
0,0,0
36.5967,-0.892374,2.749
36.423,-1.1118,2.73658
36.1524,-1.32563,2.71706
59.794,-2.55923,4.47204
59.4186,-2.90852,4.44542
0,0,0
0,0,0
0,0,0
0,0,0
0,0,0
0,0,0
47.1196,-4.34096,3.54313
47.2588,-4.64639,3.55555
0,0,0
0,0,0
0,0,0
0,0,0
0,0,0
0,0,0
0,0,0
0,0,0
0,0,0
0,0,0
0,0,0
0,0,0
0,0,0
0,0,0
0,0,0
0,0,0
0,0,0
0,0,0
0,0,0
0,0,0
0,0,0
0,0,0
0,0,0
0,0,0
0,0,0
0,0,0
0,0,0
0,0,0
0,0,0
0,0,0
0,0,0
0,0,0
0,0,0
84.3916,-26.7181,6.59765
0,0,0
0,0,0
83.2542,-28.0543,6.54827
82.6344,-28.4112,6.51329
82.5338,-28.9441,6.51921
0,0,0
82.654,-30.1303,6.55721
0,0,0
0,0,0
0,0,0
0,0,0
0,0,0
0,0,0
0,0,0
0,0,0
0,0,0
0,0,0
0,0,0
0,0,0
50.9776,-23.3386,4.19161
51.1246,-23.7865,4.21541
50.1582,-23.7123,4.14821
49.9353,-23.9829,4.14192
49.798,-24.2941,4.14281
49.118,-24.3366,4.09897
49.0507,-24.6793,4.10584
48.8077,-24.9335,4.0983
48.5927,-25.2008,4.0932
48.4795,-25.5208,4.09675
48.4584,-25.8906,4.10821
48.0943,-26.0767,4.09098
47.936,-26.3728,4.0912
47.8168,-26.6907,4.0949
0,0,0
0,0,0
0,0,0
0,0,0
0,0,0
0,0,0
0,0,0
0,0,0
0,0,0
0,0,0
0,0,0
0,0,0
0,0,0
0,0,0
0,0,0
0,0,0
0,0,0
0,0,0
0,0,0
0,0,0
0,0,0
0,0,0
0,0,0
0,0,0
0,0,0
0,0,0
0,0,0
0,0,0
0,0,0
0,0,0
0,0,0
0,0,0
0,0,0
0,0,0
0,0,0
0,0,0
0,0,0
0,0,0
45.2017,-41.9753,4.60823
44.8867,-42.1986,4.60246
44.5922,-42.4402,4.59891
44.3331,-42.7151,4.59913
44.0702,-42.9864,4.59913
0,0,0
0,0,0
0,0,0
0,0,0
0,0,0
0,0,0
0,0,0
54.0884,-58.2039,5.92566
0,0,0
0,0,0
52.3918,-58.5017,5.8572
0,0,0
51.5269,-58.9765,5.84108
0,0,0
0,0,0
0,0,0
50.1686,-60.3491,5.85321
0,0,0
0,0,0
0,0,0
49.3249,-62.3874,5.93121
0,0,0
0,0,0
0,0,0
0,0,0
0,0,0
46.5497,-63.5524,5.87531
46.2348,-63.9419,5.88493
45.662,-63.9728,5.86201
45.8097,-65.0197,5.93165
0,0,0
0,0,0
0,0,0
0,0,0
0,0,0
0,0,0
0,0,0
0,0,0
0,0,0
0,0,0
0,0,0
0,0,0
0,0,0
0,0,0
0,0,0
0,0,0
0,0,0
0,0,0
0,0,0
0,0,0
0,0,0
0,0,0
0,0,0
0,0,0
0,0,0
0,0,0
0,0,0
34.3713,-72.6378,5.99265
0,0,0
0,0,0
0,0,0
0,0,0
0,0,0
0,0,0
0,0,0
0,0,0
0,0,0
0,0,0
0,0,0
0,0,0
0,0,0
0,0,0
0,0,0
0,0,0
0,0,0
0,0,0
0,0,0
0,0,0
0,0,0
0,0,0
0,0,0
0,0,0
0,0,0
0,0,0
0,0,0
0,0,0
0,0,0
0,0,0
0,0,0
0,0,0
0,0,0
0,0,0
0,0,0
0,0,0
0,0,0
0,0,0
0,0,0
0,0,0
0,0,0
0,0,0
0,0,0
0,0,0
0,0,0
0,0,0
0,0,0
0,0,0
0,0,0
0,0,0
0,0,0
0,0,0
0,0,0
0,0,0
0,0,0
0,0,0
0,0,0
0,0,0
0,0,0
0,0,0
0,0,0
0,0,0
0,0,0
0,0,0
0,0,0
0,0,0
0,0,0
0,0,0
0,0,0
0,0,0
0,0,0
0,0,0
0,0,0
0,0,0
0,0,0
0,0,0
0,0,0
0,0,0
0,0,0
0,0,0
0,0,0
0,0,0
0,0,0
0,0,0
0,0,0
0,0,0
0,0,0
0,0,0
0,0,0
0,0,0
0,0,0
0,0,0
0,0,0
0,0,0
0,0,0
0,0,0
0,0,0
0,0,0
0,0,0
0,0,0
0,0,0
0,0,0
0,0,0
0,0,0
0,0,0
0,0,0
0,0,0
0,0,0
0,0,0
0,0,0
0,0,0
0,0,0
0,0,0
0,0,0
0,0,0
0,0,0
0,0,0
0,0,0
0,0,0
0,0,0
0,0,0
0,0,0
0,0,0
0,0,0
0,0,0
0,0,0
0,0,0
0,0,0
0,0,0
0,0,0
0,0,0
0,0,0
0,0,0
0,0,0
0,0,0
0,0,0
0,0,0
0,0,0
0,0,0
0,0,0
0,0,0
0,0,0
0,0,0
0,0,0
0,0,0
0,0,0
0,0,0
0,0,0
0,0,0
0,0,0
0,0,0
0,0,0
0,0,0
0,0,0
0,0,0
0,0,0
0,0,0
0,0,0
0,0,0
0,0,0
0,0,0
0,0,0
0,0,0
0,0,0
0,0,0
0,0,0
0,0,0
0,0,0
0,0,0
0,0,0
0,0,0
0,0,0
0,0,0
0,0,0
0,0,0
0,0,0
0,0,0
0,0,0
0,0,0
0,0,0
0,0,0
0,0,0
0,0,0
0,0,0
0,0,0
0,0,0
0,0,0
0,0,0
0,0,0
0,0,0
0,0,0
0,0,0
0,0,0
0,0,0
0,0,0
0,0,0
0,0,0
0,0,0
0,0,0
0,0,0
0,0,0
0,0,0
0,0,0
0,0,0
0,0,0
0,0,0
0,0,0
0,0,0
0,0,0
0,0,0
0,0,0
0,0,0
0,0,0
0,0,0
0,0,0
0,0,0
0,0,0
0,0,0
0,0,0
0,0,0
0,0,0
0,0,0
0,0,0
0,0,0
0,0,0
0,0,0
0,0,0
0,0,0
0,0,0
0,0,0
0,0,0
0,0,0
0,0,0
0,0,0
0,0,0
0,0,0
0,0,0
0,0,0
0,0,0
0,0,0
0,0,0
0,0,0
0,0,0
0,0,0
0,0,0
0,0,0
0,0,0
0,0,0
0,0,0
0,0,0
0,0,0
0,0,0
0,0,0
0,0,0
0,0,0
0,0,0
0,0,0
0,0,0
0,0,0
0,0,0
0,0,0
0,0,0
0,0,0
0,0,0
0,0,0
0,0,0
0,0,0
0,0,0
0,0,0
0,0,0
0,0,0
0,0,0
0,0,0
0,0,0
0,0,0
0,0,0
0,0,0
0,0,0
0,0,0
0,0,0
0,0,0
0,0,0
0,0,0
0,0,0
0,0,0
0,0,0
0,0,0
0,0,0
0,0,0
0,0,0
0,0,0
0,0,0
0,0,0
0,0,0
0,0,0
0,0,0
0,0,0
0,0,0
0,0,0
0,0,0
0,0,0
0,0,0
0,0,0
0,0,0
0,0,0
0,0,0
0,0,0
0,0,0
0,0,0
0,0,0
0,0,0
0,0,0
0,0,0
0,0,0
0,0,0
0,0,0
0,0,0
0,0,0
0,0,0
0,0,0
0,0,0
0,0,0
0,0,0
0,0,0
0,0,0
0,0,0
0,0,0
0,0,0
0,0,0
0,0,0
0,0,0
0,0,0
0,0,0
0,0,0
0,0,0
0,0,0
0,0,0
0,0,0
0,0,0
0,0,0
0,0,0
0,0,0
0,0,0
0,0,0
0,0,0
0,0,0
0,0,0
0,0,0
0,0,0
0,0,0
0,0,0
0,0,0
0,0,0
0,0,0
0,0,0
0,0,0
0,0,0
0,0,0
0,0,0
0,0,0
0,0,0
0,0,0
0,0,0
0,0,0
0,0,0
0,0,0
0,0,0
0,0,0
0,0,0
0,0,0
0,0,0
0,0,0
0,0,0
0,0,0
0,0,0
0,0,0
0,0,0
0,0,0
0,0,0
0,0,0
0,0,0
0,0,0
0,0,0
0,0,0
0,0,0
0,0,0
0,0,0
0,0,0
0,0,0
0,0,0
0,0,0
0,0,0
0,0,0
0,0,0
0,0,0
0,0,0
0,0,0
0,0,0
0,0,0
0,0,0
0,0,0
0,0,0
0,0,0
0,0,0
0,0,0
0,0,0
0,0,0
0,0,0
0,0,0
0,0,0
0,0,0
0,0,0
0,0,0
0,0,0
0,0,0
0,0,0
0,0,0
0,0,0
0,0,0
0,0,0
0,0,0
0,0,0
0,0,0
0,0,0
0,0,0
0,0,0
0,0,0
0,0,0
0,0,0
0,0,0
0,0,0
0,0,0
0,0,0
0,0,0
0,0,0
0,0,0
0,0,0
0,0,0
0,0,0
0,0,0
0,0,0
0,0,0
0,0,0
0,0,0
0,0,0
0,0,0
0,0,0
0,0,0
0,0,0
0,0,0
0,0,0
0,0,0
0,0,0
0,0,0
0,0,0
0,0,0
0,0,0
0,0,0
0,0,0
0,0,0
0,0,0
0,0,0
0,0,0
0,0,0
0,0,0
0,0,0
0,0,0
0,0,0
0,0,0
0,0,0
0,0,0
0,0,0
0,0,0
0,0,0
0,0,0
0,0,0
0,0,0
0,0,0
0,0,0
0,0,0
0,0,0
0,0,0
0,0,0
0,0,0
0,0,0
0,0,0
0,0,0
0,0,0
0,0,0
0,0,0
0,0,0
0,0,0
0,0,0
0,0,0
0,0,0
0,0,0
0,0,0
0,0,0
0,0,0
0,0,0
0,0,0
0,0,0
0,0,0
0,0,0
0,0,0
0,0,0
0,0,0
0,0,0
0,0,0
0,0,0
0,0,0
0,0,0
0,0,0
0,0,0
0,0,0
0,0,0
0,0,0
0,0,0
0,0,0
0,0,0
0,0,0
0,0,0
0,0,0
0,0,0
0,0,0
0,0,0
0,0,0
0,0,0
0,0,0
0,0,0
0,0,0
0,0,0
0,0,0
0,0,0
0,0,0
0,0,0
0,0,0
0,0,0
0,0,0
0,0,0
0,0,0
0,0,0
0,0,0
0,0,0
0,0,0
0,0,0
0,0,0
0,0,0
0,0,0
0,0,0
0,0,0
0,0,0
0,0,0
0,0,0
0,0,0
0,0,0
0,0,0
0,0,0
0,0,0
0,0,0
0,0,0
0,0,0
0,0,0
0,0,0
0,0,0
0,0,0
0,0,0
0,0,0
0,0,0
0,0,0
0,0,0
0,0,0
0,0,0
0,0,0
0,0,0
0,0,0
0,0,0
0,0,0
0,0,0
0,0,0
0,0,0
0,0,0
0,0,0
0,0,0
0,0,0
0,0,0
0,0,0
0,0,0
0,0,0
0,0,0
0,0,0
0,0,0
0,0,0
0,0,0
0,0,0
0,0,0
0,0,0
0,0,0
0,0,0
0,0,0
0,0,0
0,0,0
0,0,0
0,0,0
0,0,0
0,0,0
0,0,0
0,0,0
0,0,0
0,0,0
0,0,0
0,0,0
0,0,0
0,0,0
0,0,0
0,0,0
0,0,0
0,0,0
0,0,0
0,0,0
0,0,0
0,0,0
0,0,0
0,0,0
0,0,0
0,0,0
0,0,0
0,0,0
19.276,49.0638,3.324
0,0,0
19.924,48.9401,3.33185
0,0,0
0,0,0
0,0,0
0,0,0
0,0,0
0,0,0
0,0,0
0,0,0
0,0,0
0,0,0
0,0,0
0,0,0
0,0,0
0,0,0
0,0,0
0,0,0
0,0,0
0,0,0
0,0,0
0,0,0
0,0,0
0,0,0
0,0,0
0,0,0
0,0,0
0,0,0
0,0,0
0,0,0
0,0,0
0,0,0
0,0,0
0,0,0
0,0,0
0,0,0
0,0,0
0,0,0
0,0,0
0,0,0
0,0,0
0,0,0
0,0,0
0,0,0
0,0,0
0,0,0
0,0,0
0,0,0
0,0,0
0,0,0
0,0,0
0,0,0
0,0,0
0,0,0
0,0,0
0,0,0
0,0,0
0,0,0
0,0,0
0,0,0
0,0,0
0,0,0
0,0,0
0,0,0
0,0,0
0,0,0
0,0,0
0,0,0
0,0,0
0,0,0
0,0,0
0,0,0
0,0,0
0,0,0
0,0,0
0,0,0
0,0,0
0,0,0
0,0,0
0,0,0
0,0,0
0,0,0
0,0,0
0,0,0
0,0,0
0,0,0
0,0,0
0,0,0
0,0,0
0,0,0
35.6581,26.4427,2.80481
35.6843,26.1243,2.79435
35.7534,25.8394,2.78738
35.7699,25.5187,2.77654
35.8997,25.2804,2.77455
36.0156,25.0328,2.77162
36.2607,24.8746,2.7786
36.4159,24.6539,2.77885
36.6171,24.4638,2.78264
36.9199,24.3397,2.7941
37.174,24.1813,2.80195
0,0,0
0,0,0
0,0,0
0,0,0
0,0,0
0,0,0
0,0,0
0,0,0
0,0,0
0,0,0
0,0,0
0,0,0
0,0,0
39.6344,21.1822,2.83893
39.3345,20.7126,2.80867
39.3332,20.4046,2.79971
39.3457,20.1057,2.79186
39.4487,19.854,2.79049
39.5305,19.5921,2.78775
39.6167,19.333,2.78545
39.7112,19.0783,2.78383
39.8853,18.8616,2.78781
40.1179,18.6712,2.79591
40.3007,18.4563,2.80064
40.4478,18.2243,2.80301
40.7021,18.0392,2.81278
0,0,0
0,0,0
0,0,0
0,0,0
53.8798,21.9277,3.66442
53.8298,21.5233,3.65209
53.8615,21.1536,3.64543
54.0229,20.8353,3.64761
54.0731,20.4744,3.6425
54.5102,20.2584,3.6633
0,0,0
28.3481,10.1414,1.91357
0,0,0
43.5475,14.9785,2.9083
0,0,0
43.6522,14.418,2.90332
43.775,14.1612,2.90562
43.8534,13.89,2.90513
44.036,13.651,2.91154
44.2574,13.4226,2.92057
44.5418,13.2109,2.93377
44.7582,12.9769,2.94261
44.884,12.7153,2.94566
44.9265,12.4301,2.94342
0,0,0
0,0,0
0,0,0
0,0,0
0,0,0
0,0,0
0,0,0
0,0,0
0,0,0
0,0,0
0,0,0
0,0,0
0,0,0
0,0,0
0,0,0
0,0,0
0,0,0
0,0,0
0,0,0
0,0,0
0,0,0
0,0,0
0,0,0
0,0,0
0,0,0
0,0,0
0,0,0
0,0,0
0,0,0
0,0,0
0,0,0
0,0,0
0,0,0
0,0,0
0,0,0
0,0,0
0,0,0
0,0,0
0,0,0
0,0,0
0,0,0
0,0,0
0,0,0
0,0,0
0,0,0
0,0,0
0,0,0
0,0,0
36.428,-1.11994,2.30897
36.1212,-1.3324,2.29029
0,0,0
0,0,0
0,0,0
0,0,0
0,0,0
0,0,0
0,0,0
0,0,0
0,0,0
0,0,0
0,0,0
0,0,0
0,0,0
0,0,0
0,0,0
0,0,0
0,0,0
0,0,0
0,0,0
0,0,0
0,0,0
0,0,0
0,0,0
0,0,0
0,0,0
0,0,0
0,0,0
0,0,0
0,0,0
0,0,0
0,0,0
0,0,0
0,0,0
0,0,0
0,0,0
0,0,0
0,0,0
0,0,0
0,0,0
0,0,0
0,0,0
0,0,0
0,0,0
0,0,0
0,0,0
0,0,0
0,0,0
0,0,0
0,0,0
82.6567,-29.5807,5.51235
0,0,0
0,0,0
0,0,0
0,0,0
0,0,0
0,0,0
0,0,0
0,0,0
0,0,0
0,0,0
0,0,0
0,0,0
0,0,0
0,0,0
0,0,0
50.4778,-23.8778,3.51903
50.3978,-24.2195,3.52369
50.1738,-24.492,3.51853
0,0,0
48.699,-24.5166,3.43677
49.032,-25.0625,3.47071
49.0544,-25.4548,3.48316
48.741,-25.673,3.47214
48.7164,-26.0431,3.4816
48.06,-26.0726,3.44642
48.415,-26.651,3.48316
48.22,-26.9305,3.48098
0,0,0
0,0,0
0,0,0
0,0,0
0,0,0
0,0,0
0,0,0
0,0,0
0,0,0
0,0,0
0,0,0
0,0,0
0,0,0
0,0,0
0,0,0
0,0,0
0,0,0
0,0,0
0,0,0
0,0,0
0,0,0
0,0,0
0,0,0
0,0,0
0,0,0
0,0,0
0,0,0
0,0,0
0,0,0
0,0,0
0,0,0
0,0,0
0,0,0
0,0,0
0,0,0
0,0,0
0,0,0
0,0,0
46.1543,-42.8803,3.96567
45.878,-43.1511,3.96461
45.603,-43.4228,3.9638
46.055,-44.3952,4.02613
45.8274,-44.7215,4.03012
45.5933,-45.0425,4.03373
45.2744,-45.2798,4.03006
44.9011,-45.4609,4.02165
0,0,0
0,0,0
0,0,0
0,0,0
0,0,0
0,0,0
0,0,0
0,0,0
0,0,0
0,0,0
0,0,0
0,0,0
0,0,0
0,0,0
0,0,0
0,0,0
0,0,0
0,0,0
0,0,0
0,0,0
0,0,0
0,0,0
0,0,0
0,0,0
46.061,-63.734,4.94122
45.8638,-64.2884,4.96215
45.7524,-64.9718,4.99291
45.3272,-65.2144,4.99011
0,0,0
0,0,0
0,0,0
0,0,0
0,0,0
0,0,0
0,0,0
0,0,0
0,0,0
0,0,0
0,0,0
0,0,0
0,0,0
0,0,0
0,0,0
0,0,0
0,0,0
0,0,0
0,0,0
0,0,0
0,0,0
0,0,0
35.8199,-71.1726,5.00623
0,0,0
0,0,0
34.7773,-72.3893,5.04565
0,0,0
0,0,0
0,0,0
0,0,0
0,0,0
0,0,0
0,0,0
0,0,0
0,0,0
0,0,0
30.6648,-76.6932,5.1883
0,0,0
0,0,0
0,0,0
0,0,0
0,0,0
0,0,0
0,0,0
0,0,0
0,0,0
0,0,0
0,0,0
0,0,0
0,0,0
0,0,0
0,0,0
0,0,0
0,0,0
0,0,0
0,0,0
0,0,0
0,0,0
0,0,0
0,0,0
0,0,0
0,0,0
0,0,0
0,0,0
0,0,0
0,0,0
0,0,0
0,0,0
0,0,0
0,0,0
0,0,0
0,0,0
0,0,0
0,0,0
0,0,0
0,0,0
0,0,0
0,0,0
0,0,0
0,0,0
0,0,0
0,0,0
0,0,0
0,0,0
0,0,0
0,0,0
0,0,0
0,0,0
0,0,0
0,0,0
0,0,0
0,0,0
0,0,0
0,0,0
0,0,0
0,0,0
0,0,0
0,0,0
0,0,0
0,0,0
0,0,0
0,0,0
0,0,0
0,0,0
0,0,0
0,0,0
0,0,0
0,0,0
0,0,0
0,0,0
0,0,0
0,0,0
0,0,0
0,0,0
0,0,0
0,0,0
0,0,0
0,0,0
0,0,0
0,0,0
0,0,0
0,0,0
0,0,0
0,0,0
0,0,0
0,0,0
0,0,0
0,0,0
0,0,0
0,0,0
0,0,0
0,0,0
0,0,0
0,0,0
0,0,0
0,0,0
0,0,0
0,0,0
0,0,0
0,0,0
0,0,0
0,0,0
0,0,0
0,0,0
0,0,0
0,0,0
0,0,0
0,0,0
0,0,0
0,0,0
0,0,0
0,0,0
0,0,0
0,0,0
0,0,0
0,0,0
0,0,0
0,0,0
0,0,0
0,0,0
0,0,0
0,0,0
0,0,0
0,0,0
0,0,0
0,0,0
0,0,0
0,0,0
0,0,0
0,0,0
0,0,0
0,0,0
0,0,0
0,0,0
0,0,0
0,0,0
0,0,0
0,0,0
0,0,0
0,0,0
0,0,0
0,0,0
0,0,0
0,0,0
0,0,0
0,0,0
0,0,0
0,0,0
0,0,0
0,0,0
0,0,0
0,0,0
0,0,0
0,0,0
0,0,0
0,0,0
0,0,0
0,0,0
0,0,0
0,0,0
0,0,0
0,0,0
0,0,0
0,0,0
0,0,0
0,0,0
0,0,0
0,0,0
0,0,0
0,0,0
0,0,0
0,0,0
0,0,0
0,0,0
0,0,0
0,0,0
0,0,0
0,0,0
0,0,0
0,0,0
0,0,0
0,0,0
0,0,0
0,0,0
0,0,0
0,0,0
0,0,0
0,0,0
0,0,0
0,0,0
0,0,0
0,0,0
0,0,0
0,0,0
0,0,0
0,0,0
0,0,0
0,0,0
0,0,0
0,0,0
0,0,0
0,0,0
0,0,0
0,0,0
0,0,0
0,0,0
0,0,0
0,0,0
0,0,0
0,0,0
0,0,0
0,0,0
0,0,0
0,0,0
0,0,0
0,0,0
0,0,0
0,0,0
0,0,0
0,0,0
0,0,0
0,0,0
0,0,0
0,0,0
0,0,0
0,0,0
0,0,0
0,0,0
0,0,0
0,0,0
0,0,0
0,0,0
0,0,0
0,0,0
0,0,0
0,0,0
0,0,0
0,0,0
0,0,0
0,0,0
0,0,0
0,0,0
0,0,0
0,0,0
0,0,0
0,0,0
0,0,0
0,0,0
0,0,0
0,0,0
0,0,0
0,0,0
0,0,0
0,0,0
0,0,0
0,0,0
0,0,0
0,0,0
0,0,0
0,0,0
0,0,0
0,0,0
0,0,0
0,0,0
0,0,0
0,0,0
0,0,0
0,0,0
0,0,0
0,0,0
0,0,0
0,0,0
0,0,0
0,0,0
0,0,0
0,0,0
0,0,0
0,0,0
0,0,0
0,0,0
0,0,0
0,0,0
0,0,0
0,0,0
0,0,0
0,0,0
0,0,0
0,0,0
0,0,0
0,0,0
0,0,0
0,0,0
0,0,0
0,0,0
0,0,0
0,0,0
0,0,0
0,0,0
0,0,0
0,0,0
0,0,0
0,0,0
0,0,0
0,0,0
0,0,0
0,0,0
0,0,0
0,0,0
0,0,0
0,0,0
0,0,0
0,0,0
0,0,0
0,0,0
0,0,0
0,0,0
0,0,0
0,0,0
0,0,0
0,0,0
0,0,0
0,0,0
0,0,0
0,0,0
0,0,0
0,0,0
0,0,0
0,0,0
0,0,0
0,0,0
0,0,0
0,0,0
0,0,0
0,0,0
0,0,0
0,0,0
0,0,0
0,0,0
0,0,0
0,0,0
0,0,0
0,0,0
0,0,0
0,0,0
0,0,0
0,0,0
0,0,0
0,0,0
0,0,0
0,0,0
0,0,0
0,0,0
0,0,0
0,0,0
0,0,0
0,0,0
0,0,0
0,0,0
0,0,0
0,0,0
0,0,0
0,0,0
0,0,0
0,0,0
0,0,0
0,0,0
0,0,0
0,0,0
0,0,0
0,0,0
0,0,0
0,0,0
0,0,0
0,0,0
0,0,0
0,0,0
0,0,0
0,0,0
0,0,0
0,0,0
0,0,0
0,0,0
0,0,0
0,0,0
0,0,0
0,0,0
0,0,0
0,0,0
0,0,0
0,0,0
0,0,0
0,0,0
0,0,0
0,0,0
0,0,0
0,0,0
0,0,0
0,0,0
0,0,0
0,0,0
0,0,0
0,0,0
0,0,0
0,0,0
0,0,0
0,0,0
0,0,0
0,0,0
0,0,0
0,0,0
0,0,0
0,0,0
0,0,0
0,0,0
0,0,0
0,0,0
0,0,0
0,0,0
0,0,0
0,0,0
0,0,0
0,0,0
0,0,0
0,0,0
0,0,0
0,0,0
0,0,0
0,0,0
0,0,0
0,0,0
0,0,0
0,0,0
0,0,0
0,0,0
0,0,0
0,0,0
0,0,0
0,0,0
0,0,0
0,0,0
0,0,0
0,0,0
0,0,0
0,0,0
0,0,0
0,0,0
0,0,0
0,0,0
0,0,0
0,0,0
0,0,0
0,0,0
0,0,0
0,0,0
0,0,0
0,0,0
0,0,0
0,0,0
0,0,0
0,0,0
0,0,0
0,0,0
0,0,0
0,0,0
0,0,0
0,0,0
0,0,0
0,0,0
0,0,0
0,0,0
0,0,0
0,0,0
0,0,0
0,0,0
0,0,0
0,0,0
0,0,0
0,0,0
0,0,0
0,0,0
0,0,0
0,0,0
0,0,0
0,0,0
0,0,0
0,0,0
0,0,0
0,0,0
0,0,0
0,0,0
0,0,0
0,0,0
0,0,0
0,0,0
0,0,0
0,0,0
0,0,0
0,0,0
0,0,0
0,0,0
0,0,0
0,0,0
0,0,0
0,0,0
0,0,0
0,0,0
0,0,0
0,0,0
0,0,0
0,0,0
0,0,0
0,0,0
0,0,0
0,0,0
0,0,0
0,0,0
0,0,0
0,0,0
0,0,0
0,0,0
0,0,0
0,0,0
0,0,0
0,0,0
0,0,0
0,0,0
0,0,0
0,0,0
0,0,0
0,0,0
0,0,0
0,0,0
0,0,0
0,0,0
0,0,0
0,0,0
0,0,0
0,0,0
0,0,0
0,0,0
0,0,0
0,0,0
0,0,0
0,0,0
0,0,0
0,0,0
0,0,0
0,0,0
0,0,0
0,0,0
0,0,0
0,0,0
0,0,0
0,0,0
0,0,0
0,0,0
0,0,0
0,0,0
0,0,0
0,0,0
0,0,0
0,0,0
0,0,0
0,0,0
0,0,0
0,0,0
0,0,0
0,0,0
0,0,0
0,0,0
0,0,0
0,0,0
0,0,0
0,0,0
0,0,0
0,0,0
0,0,0
0,0,0
0,0,0
0,0,0
0,0,0
0,0,0
0,0,0
0,0,0
0,0,0
0,0,0
0,0,0
0,0,0
0,0,0
0,0,0
0,0,0
0,0,0
0,0,0
0,0,0
0,0,0
0,0,0
0,0,0
0,0,0
0,0,0
0,0,0
0,0,0
0,0,0
0,0,0
0,0,0
0,0,0
0,0,0
0,0,0
0,0,0
0,0,0
0,0,0
0,0,0
0,0,0
0,0,0
0,0,0
0,0,0
0,0,0
0,0,0
0,0,0
0,0,0
0,0,0
0,0,0
0,0,0
0,0,0
0,0,0
0,0,0
0,0,0
0,0,0
0,0,0
0,0,0
0,0,0
0,0,0
0,0,0
0,0,0
0,0,0
0,0,0
0,0,0
0,0,0
0,0,0
0,0,0
0,0,0
0,0,0
0,0,0
0,0,0
0,0,0
18.1844,48.947,2.62572
18.4611,48.7729,2.62245
18.9648,49.1899,2.65069
19.0418,48.5008,2.62022
0,0,0
0,0,0
0,0,0
0,0,0
0,0,0
0,0,0
0,0,0
0,0,0
0,0,0
0,0,0
0,0,0
0,0,0
0,0,0
0,0,0
0,0,0
0,0,0
0,0,0
0,0,0
0,0,0
0,0,0
0,0,0
0,0,0
0,0,0
0,0,0
0,0,0
0,0,0
0,0,0
0,0,0
0,0,0
0,0,0
0,0,0
0,0,0
0,0,0
0,0,0
0,0,0
0,0,0
0,0,0
0,0,0
0,0,0
0,0,0
0,0,0
0,0,0
0,0,0
0,0,0
0,0,0
0,0,0
0,0,0
0,0,0
0,0,0
0,0,0
0,0,0
0,0,0
0,0,0
0,0,0
0,0,0
0,0,0
0,0,0
0,0,0
0,0,0
0,0,0
0,0,0
0,0,0
0,0,0
0,0,0
0,0,0
0,0,0
0,0,0
0,0,0
0,0,0
0,0,0
35.7562,34.0545,2.48495
0,0,0
0,0,0
0,0,0
0,0,0
0,0,0
28.8193,25.4917,1.9441
0,0,0
0,0,0
0,0,0
0,0,0
0,0,0
0,0,0
0,0,0
0,0,0
0,0,0
33.9858,26.5321,2.17429
0,0,0
34.3232,26.1239,2.17519
34.5044,25.929,2.17652
34.6676,25.7204,2.17682
33.6919,24.6773,2.10716
34.9758,25.2895,2.17652
34.9864,24.9717,2.16775
34.1102,24.0317,2.10532
34.1742,23.7644,2.10032
35.4492,24.3297,2.1683
35.5862,24.1039,2.1676
35.7202,23.8762,2.16681
35.8276,23.6313,2.16453
35.9276,23.3821,2.16191
36.0628,23.1564,2.16146
36.2135,22.9405,2.16201
36.3307,22.7036,2.16067
36.4762,22.4845,2.16106
36.6066,22.2561,2.16067
36.7262,22.0213,2.15973
0,0,0
0,0,0
0,0,0
37.4598,21.2291,2.17137
37.6172,21.0144,2.17296
37.7516,20.7866,2.1733
37.8837,20.5574,2.1736
38.0866,20.366,2.17796
38.2294,20.1417,2.179
38.3815,19.9219,2.18064
38.528,19.6988,2.18202
38.723,19.4998,2.18619
38.8625,19.272,2.18732
39.0249,19.0551,2.1898
39.1663,18.8274,2.19119
39.3019,18.5965,2.19233
39.4288,18.3614,2.19307
39.5689,18.132,2.19461
39.6912,17.8942,2.19525
39.7921,17.6467,2.19481
40.0177,17.4537,2.2012
40.1809,17.2322,2.20427
40.2693,16.9784,2.20338
40.4281,16.7539,2.20635
40.5635,16.5191,2.20813
40.6399,16.2602,2.20685
0,0,0
0,0,0
0,0,0
41.624,15.4801,2.23846
41.7801,15.247,2.24173
41.8983,14.9995,2.24307
42.0583,14.7663,2.24668
42.2105,14.5294,2.24995
42.3944,14.3024,2.25496
42.5212,14.0551,2.25704
42.7007,13.8244,2.26194
42.858,13.5854,2.26576
43.0283,13.3494,2.27032
43.1964,13.1115,2.27482
43.345,12.8667,2.27839
43.5075,12.625,2.28275
43.6783,12.3845,2.28761
43.8584,12.1453,2.29301
43.9659,11.8851,2.29474
44.2128,11.6612,2.30371
44.3696,11.4119,2.30812
44.5463,11.1664,2.31362
44.7091,10.916,2.31848
44.8306,10.6547,2.3213
0,0,0
0,0,0
0,0,0
0,0,0
0,0,0
0,0,0
0,0,0
0,0,0
0,0,0
0,0,0
0,0,0
0,0,0
0,0,0
0,0,0
0,0,0
0,0,0
0,0,0
0,0,0
0,0,0
0,0,0
0,0,0
0,0,0
0,0,0
0,0,0
0,0,0
0,0,0
0,0,0
0,0,0
0,0,0
0,0,0
0,0,0
0,0,0
0,0,0
0,0,0
0,0,0
0,0,0
0,0,0
0,0,0
0,0,0
0,0,0
0,0,0
0,0,0
0,0,0
0,0,0
0,0,0
0,0,0
0,0,0
0,0,0
0,0,0
0,0,0
0,0,0
0,0,0
0,0,0
0,0,0
0,0,0
0,0,0
0,0,0
0,0,0
0,0,0
0,0,0
0,0,0
0,0,0
0,0,0
0,0,0
0,0,0
0,0,0
0,0,0
0,0,0
0,0,0
0,0,0
0,0,0
0,0,0
0,0,0
0,0,0
0,0,0
0,0,0
0,0,0
0,0,0
0,0,0
0,0,0
0,0,0
0,0,0
0,0,0
0,0,0
0,0,0
0,0,0
0,0,0
0,0,0
0,0,0
0,0,0
0,0,0
0,0,0
0,0,0
0,0,0
0,0,0
0,0,0
0,0,0
0,0,0
0,0,0
0,0,0
0,0,0
0,0,0
0,0,0
0,0,0
0,0,0
0,0,0
0,0,0
0,0,0
0,0,0
0,0,0
0,0,0
0,0,0
0,0,0
50.0313,-25.1726,2.8138
50.4505,-25.7727,2.8458
0,0,0
0,0,0
0,0,0
0,0,0
0,0,0
0,0,0
0,0,0
0,0,0
0,0,0
0,0,0
0,0,0
0,0,0
0,0,0
0,0,0
0,0,0
0,0,0
0,0,0
0,0,0
0,0,0
0,0,0
0,0,0
0,0,0
0,0,0
0,0,0
0,0,0
0,0,0
0,0,0
0,0,0
0,0,0
0,0,0
0,0,0
67.0554,-52.9759,4.27474
0,0,0
66.8512,-54.1601,4.30353
66.1014,-54.2278,4.27682
0,0,0
0,0,0
0,0,0
14.9988,-12.9344,1.01792
0,0,0
0,0,0
0,0,0
0,0,0
0,0,0
0,0,0
0,0,0
0,0,0
0,0,0
0,0,0
0,0,0
0,0,0
0,0,0
0,0,0
0,0,0
0,0,0
0,0,0
0,0,0
0,0,0
0,0,0
0,0,0
0,0,0
0,0,0
0,0,0
0,0,0
0,0,0
0,0,0
0,0,0
0,0,0
0,0,0
0,0,0
0,0,0
0,0,0
0,0,0
0,0,0
0,0,0
0,0,0
0,0,0
0,0,0
0,0,0
0,0,0
81.3922,-118.586,7.17057
0,0,0
0,0,0
0,0,0
0,0,0
0,0,0
0,0,0
0,0,0
42.7718,-69.386,4.07893
0,0,0
0,0,0
0,0,0
0,0,0
0,0,0
0,0,0
0,0,0
0,0,0
0,0,0
0,0,0
0,0,0
37.269,-71.8002,4.04851
0,0,0
36.382,-72.2458,4.04816
35.9256,-72.4427,4.04678
35.2464,-72.1825,4.02032
34.8699,-72.5369,4.028
0,0,0
0,0,0
0,0,0
0,0,0
0,0,0
0,0,0
0,0,0
0,0,0
0,0,0
0,0,0
0,0,0
0,0,0
0,0,0
0,0,0
0,0,0
0,0,0
0,0,0
0,0,0
0,0,0
0,0,0
0,0,0
0,0,0
0,0,0
0,0,0
0,0,0
0,0,0
0,0,0
0,0,0
0,0,0
0,0,0
0,0,0
0,0,0
0,0,0
0,0,0
0,0,0
0,0,0
0,0,0
0,0,0
0,0,0
0,0,0
0,0,0
0,0,0
0,0,0
0,0,0
0,0,0
0,0,0
0,0,0
0,0,0
0,0,0
0,0,0
0,0,0
0,0,0
0,0,0
0,0,0
0,0,0
0,0,0
0,0,0
0,0,0
0,0,0
0,0,0
0,0,0
0,0,0
0,0,0
0,0,0
0,0,0
0,0,0
0,0,0
0,0,0
0,0,0
0,0,0
0,0,0
0,0,0
0,0,0
0,0,0
0,0,0
0,0,0
0,0,0
0,0,0
0,0,0
0,0,0
0,0,0
0,0,0
0,0,0
0,0,0
0,0,0
0,0,0
0,0,0
0,0,0
0,0,0
0,0,0
0,0,0
0,0,0
0,0,0
0,0,0
0,0,0
0,0,0
0,0,0
0,0,0
0,0,0
0,0,0
0,0,0
0,0,0
0,0,0
0,0,0
0,0,0
0,0,0
0,0,0
0,0,0
0,0,0
0,0,0
0,0,0
0,0,0
0,0,0
0,0,0
0,0,0
0,0,0
0,0,0
0,0,0
0,0,0
0,0,0
0,0,0
0,0,0
0,0,0
0,0,0
0,0,0
0,0,0
0,0,0
0,0,0
0,0,0
0,0,0
0,0,0
0,0,0
0,0,0
0,0,0
0,0,0
0,0,0
0,0,0
0,0,0
0,0,0
0,0,0
0,0,0
0,0,0
0,0,0
0,0,0
0,0,0
0,0,0
0,0,0
0,0,0
0,0,0
0,0,0
0,0,0
0,0,0
0,0,0
0,0,0
0,0,0
0,0,0
0,0,0
0,0,0
0,0,0
0,0,0
0,0,0
0,0,0
0,0,0
0,0,0
0,0,0
0,0,0
0,0,0
0,0,0
0,0,0
0,0,0
0,0,0
0,0,0
0,0,0
0,0,0
0,0,0
0,0,0
0,0,0
0,0,0
0,0,0
0,0,0
0,0,0
0,0,0
0,0,0
0,0,0
0,0,0
0,0,0
0,0,0
0,0,0
0,0,0
0,0,0
0,0,0
0,0,0
0,0,0
0,0,0
0,0,0
0,0,0
0,0,0
0,0,0
0,0,0
0,0,0
0,0,0
0,0,0
0,0,0
0,0,0
0,0,0
0,0,0
0,0,0
0,0,0
0,0,0
0,0,0
0,0,0
0,0,0
0,0,0
0,0,0
0,0,0
0,0,0
0,0,0
0,0,0
0,0,0
0,0,0
0,0,0
0,0,0
0,0,0
0,0,0
0,0,0
0,0,0
0,0,0
0,0,0
0,0,0
0,0,0
0,0,0
0,0,0
0,0,0
0,0,0
0,0,0
0,0,0
0,0,0
0,0,0
0,0,0
0,0,0
0,0,0
0,0,0
0,0,0
0,0,0
0,0,0
0,0,0
0,0,0
0,0,0
0,0,0
0,0,0
0,0,0
0,0,0
0,0,0
0,0,0
0,0,0
0,0,0
0,0,0
0,0,0
0,0,0
0,0,0
0,0,0
0,0,0
0,0,0
0,0,0
0,0,0
0,0,0
0,0,0
0,0,0
0,0,0
0,0,0
0,0,0
0,0,0
0,0,0
0,0,0
0,0,0
0,0,0
0,0,0
0,0,0
0,0,0
0,0,0
0,0,0
0,0,0
0,0,0
0,0,0
0,0,0
0,0,0
0,0,0
0,0,0
0,0,0
0,0,0
0,0,0
0,0,0
0,0,0
0,0,0
0,0,0
0,0,0
0,0,0
0,0,0
0,0,0
0,0,0
0,0,0
0,0,0
0,0,0
0,0,0
0,0,0
0,0,0
0,0,0
0,0,0
0,0,0
0,0,0
0,0,0
0,0,0
0,0,0
0,0,0
0,0,0
0,0,0
0,0,0
0,0,0
0,0,0
0,0,0
0,0,0
0,0,0
0,0,0
0,0,0
0,0,0
0,0,0
0,0,0
0,0,0
0,0,0
0,0,0
0,0,0
0,0,0
0,0,0
0,0,0
0,0,0
0,0,0
0,0,0
0,0,0
0,0,0
0,0,0
0,0,0
0,0,0
0,0,0
0,0,0
0,0,0
0,0,0
0,0,0
0,0,0
0,0,0
0,0,0
0,0,0
0,0,0
0,0,0
0,0,0
0,0,0
0,0,0
0,0,0
0,0,0
0,0,0
0,0,0
0,0,0
0,0,0
0,0,0
0,0,0
0,0,0
0,0,0
0,0,0
0,0,0
0,0,0
0,0,0
0,0,0
0,0,0
0,0,0
0,0,0
0,0,0
0,0,0
0,0,0
0,0,0
0,0,0
0,0,0
0,0,0
0,0,0
0,0,0
0,0,0
0,0,0
0,0,0
0,0,0
0,0,0
0,0,0
0,0,0
0,0,0
0,0,0
0,0,0
0,0,0
0,0,0
0,0,0
0,0,0
0,0,0
0,0,0
0,0,0
0,0,0
0,0,0
0,0,0
0,0,0
0,0,0
0,0,0
0,0,0
0,0,0
0,0,0
0,0,0
0,0,0
0,0,0
0,0,0
0,0,0
0,0,0
0,0,0
0,0,0
0,0,0
0,0,0
0,0,0
0,0,0
0,0,0
0,0,0
0,0,0
0,0,0
0,0,0
0,0,0
0,0,0
0,0,0
0,0,0
0,0,0
0,0,0
0,0,0
0,0,0
0,0,0
0,0,0
0,0,0
0,0,0
0,0,0
0,0,0
0,0,0
0,0,0
0,0,0
0,0,0
0,0,0
0,0,0
0,0,0
0,0,0
0,0,0
0,0,0
0,0,0
0,0,0
0,0,0
0,0,0
0,0,0
0,0,0
0,0,0
0,0,0
0,0,0
0,0,0
0,0,0
0,0,0
0,0,0
0,0,0
0,0,0
0,0,0
0,0,0
0,0,0
0,0,0
0,0,0
0,0,0
0,0,0
0,0,0
0,0,0
0,0,0
0,0,0
0,0,0
0,0,0
0,0,0
0,0,0
0,0,0
0,0,0
0,0,0
0,0,0
0,0,0
0,0,0
0,0,0
0,0,0
0,0,0
0,0,0
0,0,0
0,0,0
0,0,0
0,0,0
0,0,0
0,0,0
0,0,0
0,0,0
0,0,0
0,0,0
0,0,0
0,0,0
0,0,0
0,0,0
0,0,0
0,0,0
0,0,0
0,0,0
0,0,0
0,0,0
0,0,0
0,0,0
0,0,0
0,0,0
0,0,0
0,0,0
0,0,0
0,0,0
0,0,0
0,0,0
0,0,0
0,0,0
0,0,0
0,0,0
0,0,0
0,0,0
0,0,0
0,0,0
0,0,0
0,0,0
0,0,0
0,0,0
0,0,0
0,0,0
0,0,0
0,0,0
0,0,0
0,0,0
0,0,0
0,0,0
0,0,0
0,0,0
0,0,0
0,0,0
0,0,0
0,0,0
0,0,0
0,0,0
0,0,0
0,0,0
0,0,0
0,0,0
0,0,0
0,0,0
0,0,0
0,0,0
0,0,0
0,0,0
0,0,0
0,0,0
0,0,0
0,0,0
0,0,0
0,0,0
0,0,0
0,0,0
0,0,0
0,0,0
0,0,0
0,0,0
0,0,0
0,0,0
0,0,0
0,0,0
0,0,0
0,0,0
0,0,0
0,0,0
0,0,0
0,0,0
0,0,0
0,0,0
0,0,0
0,0,0
0,0,0
0,0,0
0,0,0
0,0,0
0,0,0
0,0,0
0,0,0
0,0,0
0,0,0
0,0,0
0,0,0
0,0,0
0,0,0
0,0,0
0,0,0
0,0,0
0,0,0
0,0,0
0,0,0
0,0,0
0,0,0
0,0,0
0,0,0
0,0,0
0,0,0
0,0,0
0,0,0
0,0,0
0,0,0
0,0,0
0,0,0
0,0,0
0,0,0
0,0,0
0,0,0
0,0,0
0,0,0
0,0,0
0,0,0
17.4348,49.6769,2.02129
0,0,0
18.0315,49.4273,2.02001
0,0,0
0,0,0
18.8918,48.9667,2.01515
0,0,0
0,0,0
0,0,0
20.3678,49.1641,2.04274
0,0,0
0,0,0
0,0,0
0,0,0
0,0,0
0,0,0
0,0,0
0,0,0
0,0,0
0,0,0
0,0,0
0,0,0
0,0,0
0,0,0
0,0,0
0,0,0
0,0,0
0,0,0
0,0,0
0,0,0
0,0,0
0,0,0
0,0,0
0,0,0
0,0,0
0,0,0
0,0,0
0,0,0
0,0,0
0,0,0
0,0,0
0,0,0
0,0,0
0,0,0
0,0,0
0,0,0
0,0,0
0,0,0
0,0,0
0,0,0
0,0,0
0,0,0
0,0,0
0,0,0
0,0,0
0,0,0
0,0,0
0,0,0
0,0,0
0,0,0
0,0,0
0,0,0
0,0,0
0,0,0
0,0,0
0,0,0
0,0,0
0,0,0
0,0,0
0,0,0
0,0,0
0,0,0
0,0,0
0,0,0
0,0,0
0,0,0
0,0,0
35.7999,34.0805,1.89985
0,0,0
0,0,0
0,0,0
0,0,0
55.3594,49.5535,2.83789
0,0,0
0,0,0
0,0,0
0,0,0
32.9515,27.7231,1.65977
32.8158,27.2668,1.6448
32.5746,26.7303,1.6249
32.4539,26.2996,1.61111
32.6147,26.1,1.61111
32.7624,25.8901,1.61054
32.8978,25.6707,1.60945
32.9985,25.4251,1.60677
33.2048,25.2609,1.60919
33.2849,25.0008,1.60568
33.4104,24.7759,1.6044
33.5698,24.5763,1.60478
33.686,24.3453,1.60319
33.829,24.1341,1.60293
44.8317,31.5701,2.10368
34.0931,23.6966,1.60157
45.2322,31.0289,2.10444
45.4283,30.7552,2.10474
45.6154,30.4754,2.1047
45.8115,30.2015,2.10515
0,0,0
46.1778,29.6365,2.10511
46.3681,29.3585,2.10553
46.5567,29.0793,2.10594
46.7419,28.7978,2.10628
0,0,0
0,0,0
0,0,0
0,0,0
0,0,0
0,0,0
0,0,0
37.8214,20.8139,1.66384
37.9572,20.5862,1.66421
38.0978,20.3609,1.66486
38.2273,20.1296,1.66508
38.3669,19.9034,1.6658
38.4928,19.6698,1.66599
38.6065,19.4301,1.66572
0,0,0
0,0,0
0,0,0
0,0,0
0,0,0
0,0,0
0,0,0
0,0,0
0,0,0
0,0,0
0,0,0
0,0,0
0,0,0
0,0,0
0,0,0
0,0,0
0,0,0
0,0,0
0,0,0
0,0,0
39.0001,13.6826,1.59445
0,0,0
0,0,0
0,0,0
0,0,0
0,0,0
0,0,0
0,0,0
0,0,0
0,0,0
0,0,0
0,0,0
0,0,0
0,0,0
0,0,0
0,0,0
0,0,0
0,0,0
0,0,0
0,0,0
0,0,0
0,0,0
0,0,0
0,0,0
0,0,0
0,0,0
0,0,0
0,0,0
107.24,17.924,4.13646
107.561,17.2999,4.14461
0,0,0
0,0,0
0,0,0
0,0,0
0,0,0
0,0,0
0,0,0
0,0,0
0,0,0
0,0,0
0,0,0
0,0,0
0,0,0
0,0,0
0,0,0
0,0,0
0,0,0
0,0,0
0,0,0
0,0,0
0,0,0
0,0,0
0,0,0
0,0,0
0,0,0
0,0,0
0,0,0
0,0,0
0,0,0
0,0,0
0,0,0
0,0,0
0,0,0
0,0,0
0,0,0
0,0,0
0,0,0
0,0,0
0,0,0
0,0,0
0,0,0
0,0,0
0,0,0
0,0,0
0,0,0
0,0,0
0,0,0
0,0,0
0,0,0
0,0,0
0,0,0
0,0,0
0,0,0
0,0,0
0,0,0
0,0,0
163.544,-31.4996,6.31733
0,0,0
0,0,0
0,0,0
0,0,0
0,0,0
0,0,0
0,0,0
0,0,0
0,0,0
0,0,0
0,0,0
0,0,0
0,0,0
0,0,0
0,0,0
0,0,0
0,0,0
0,0,0
0,0,0
0,0,0
0,0,0
0,0,0
0,0,0
0,0,0
0,0,0
0,0,0
0,0,0
0,0,0
0,0,0
0,0,0
0,0,0
0,0,0
0,0,0
0,0,0
0,0,0
0,0,0
0,0,0
0,0,0
0,0,0
0,0,0
0,0,0
0,0,0
0,0,0
0,0,0
51.0207,-25.6854,2.19003
50.5756,-25.8515,2.17789
50.2236,-26.0615,2.16972
50.4632,-26.5801,2.18679
0,0,0
0,0,0
0,0,0
0,0,0
0,0,0
0,0,0
0,0,0
0,0,0
0,0,0
0,0,0
0,0,0
0,0,0
0,0,0
0,0,0
0,0,0
0,0,0
0,0,0
0,0,0
0,0,0
0,0,0
0,0,0
0,0,0
0,0,0
0,0,0
0,0,0
0,0,0
0,0,0
0,0,0
0,0,0
0,0,0
0,0,0
0,0,0
0,0,0
0,0,0
0,0,0
0,0,0
0,0,0
0,0,0
0,0,0
0,0,0
0,0,0
15.5844,-14.3014,0.833372
0,0,0
15.4027,-14.4868,0.833109
0,0,0
0,0,0
0,0,0
0,0,0
0,0,0
0,0,0
0,0,0
0,0,0
13.3428,-14.0157,0.765455
0,0,0
0,0,0
0,0,0
0,0,0
0,0,0
0,0,0
0,0,0
0,0,0
0,0,0
0,0,0
0,0,0
0,0,0
0,0,0
0,0,0
11.9883,-15.1701,0.764852
0,0,0
0,0,0
0,0,0
0,0,0
0,0,0
0,0,0
0,0,0
0,0,0
0,0,0
0,0,0
0,0,0
0,0,0
51.0371,-76.3925,3.50074
0,0,0
0,0,0
0,0,0
0,0,0
0,0,0
0,0,0
42.2076,-69.4587,3.10112
41.6116,-69.4343,3.08872
0,0,0
0,0,0
0,0,0
0,0,0
0,0,0
0,0,0
0,0,0
0,0,0
0,0,0
0,0,0
0,0,0
0,0,0
0,0,0
0,0,0
0,0,0
0,0,0
0,0,0
0,0,0
0,0,0
0,0,0
0,0,0
0,0,0
0,0,0
0,0,0
0,0,0
0,0,0
0,0,0
0,0,0
0,0,0
0,0,0
0,0,0
0,0,0
0,0,0
0,0,0
0,0,0
0,0,0
0,0,0
0,0,0
0,0,0
0,0,0
0,0,0
0,0,0
0,0,0
0,0,0
0,0,0
0,0,0
0,0,0
0,0,0
0,0,0
0,0,0
0,0,0
0,0,0
0,0,0
0,0,0
0,0,0
0,0,0
0,0,0
0,0,0
0,0,0
0,0,0
0,0,0
0,0,0
0,0,0
0,0,0
0,0,0
0,0,0
0,0,0
0,0,0
0,0,0
0,0,0
0,0,0
0,0,0
0,0,0
0,0,0
0,0,0
0,0,0
0,0,0
0,0,0
0,0,0
0,0,0
0,0,0
0,0,0
0,0,0
0,0,0
0,0,0
0,0,0
0,0,0
0,0,0
0,0,0
0,0,0
0,0,0
0,0,0
0,0,0
0,0,0
0,0,0
0,0,0
0,0,0
0,0,0
0,0,0
0,0,0
0,0,0
0,0,0
0,0,0
0,0,0
0,0,0
0,0,0
0,0,0
0,0,0
0,0,0
0,0,0
0,0,0
0,0,0
0,0,0
0,0,0
0,0,0
0,0,0
0,0,0
0,0,0
0,0,0
0,0,0
0,0,0
0,0,0
0,0,0
0,0,0
0,0,0
0,0,0
0,0,0
0,0,0
0,0,0
0,0,0
0,0,0
0,0,0
0,0,0
0,0,0
0,0,0
0,0,0
0,0,0
0,0,0
0,0,0
0,0,0
0,0,0
0,0,0
0,0,0
0,0,0
0,0,0
0,0,0
0,0,0
0,0,0
0,0,0
0,0,0
0,0,0
0,0,0
0,0,0
0,0,0
0,0,0
0,0,0
0,0,0
0,0,0
0,0,0
0,0,0
0,0,0
0,0,0
0,0,0
0,0,0
0,0,0
0,0,0
0,0,0
0,0,0
0,0,0
0,0,0
0,0,0
0,0,0
0,0,0
0,0,0
0,0,0
0,0,0
0,0,0
0,0,0
0,0,0
0,0,0
0,0,0
0,0,0
0,0,0
0,0,0
0,0,0
0,0,0
0,0,0
0,0,0
0,0,0
0,0,0
0,0,0
0,0,0
0,0,0
0,0,0
0,0,0
0,0,0
0,0,0
0,0,0
0,0,0
0,0,0
0,0,0
0,0,0
0,0,0
0,0,0
0,0,0
0,0,0
0,0,0
0,0,0
0,0,0
0,0,0
0,0,0
0,0,0
0,0,0
0,0,0
0,0,0
0,0,0
0,0,0
0,0,0
0,0,0
0,0,0
0,0,0
0,0,0
0,0,0
0,0,0
0,0,0
0,0,0
0,0,0
0,0,0
0,0,0
0,0,0
0,0,0
0,0,0
0,0,0
0,0,0
0,0,0
0,0,0
0,0,0
0,0,0
0,0,0
0,0,0
0,0,0
0,0,0
0,0,0
0,0,0
0,0,0
0,0,0
0,0,0
0,0,0
0,0,0
0,0,0
0,0,0
0,0,0
0,0,0
0,0,0
0,0,0
0,0,0
0,0,0
0,0,0
0,0,0
0,0,0
0,0,0
0,0,0
0,0,0
0,0,0
0,0,0
0,0,0
0,0,0
0,0,0
0,0,0
0,0,0
0,0,0
0,0,0
0,0,0
0,0,0
0,0,0
0,0,0
0,0,0
0,0,0
0,0,0
0,0,0
0,0,0
0,0,0
0,0,0
0,0,0
0,0,0
0,0,0
0,0,0
0,0,0
0,0,0
0,0,0
0,0,0
0,0,0
0,0,0
0,0,0
0,0,0
0,0,0
0,0,0
0,0,0
0,0,0
0,0,0
0,0,0
0,0,0
0,0,0
0,0,0
0,0,0
0,0,0
0,0,0
0,0,0
0,0,0
0,0,0
0,0,0
0,0,0
0,0,0
0,0,0
0,0,0
0,0,0
0,0,0
0,0,0
0,0,0
0,0,0
0,0,0
0,0,0
0,0,0
0,0,0
0,0,0
0,0,0
0,0,0
0,0,0
0,0,0
0,0,0
0,0,0
0,0,0
0,0,0
0,0,0
0,0,0
0,0,0
0,0,0
0,0,0
0,0,0
0,0,0
0,0,0
0,0,0
0,0,0
0,0,0
0,0,0
0,0,0
0,0,0
0,0,0
0,0,0
0,0,0
0,0,0
0,0,0
0,0,0
0,0,0
0,0,0
0,0,0
0,0,0
0,0,0
0,0,0
0,0,0
0,0,0
0,0,0
0,0,0
0,0,0
0,0,0
0,0,0
0,0,0
0,0,0
0,0,0
0,0,0
0,0,0
0,0,0
0,0,0
0,0,0
0,0,0
0,0,0
0,0,0
0,0,0
0,0,0
0,0,0
0,0,0
0,0,0
0,0,0
0,0,0
0,0,0
0,0,0
0,0,0
0,0,0
0,0,0
0,0,0
0,0,0
0,0,0
0,0,0
0,0,0
0,0,0
0,0,0
0,0,0
0,0,0
0,0,0
0,0,0
0,0,0
0,0,0
0,0,0
0,0,0
0,0,0
0,0,0
0,0,0
0,0,0
0,0,0
0,0,0
0,0,0
0,0,0
0,0,0
0,0,0
0,0,0
0,0,0
0,0,0
0,0,0
0,0,0
0,0,0
0,0,0
0,0,0
0,0,0
0,0,0
0,0,0
0,0,0
0,0,0
0,0,0
0,0,0
0,0,0
0,0,0
0,0,0
0,0,0
0,0,0
0,0,0
0,0,0
0,0,0
0,0,0
0,0,0
0,0,0
0,0,0
0,0,0
0,0,0
0,0,0
0,0,0
0,0,0
0,0,0
0,0,0
0,0,0
0,0,0
0,0,0
0,0,0
0,0,0
0,0,0
0,0,0
0,0,0
0,0,0
0,0,0
0,0,0
0,0,0
0,0,0
0,0,0
0,0,0
0,0,0
0,0,0
0,0,0
0,0,0
0,0,0
0,0,0
0,0,0
0,0,0
0,0,0
0,0,0
0,0,0
0,0,0
0,0,0
0,0,0
0,0,0
0,0,0
0,0,0
0,0,0
0,0,0
0,0,0
0,0,0
0,0,0
0,0,0
0,0,0
0,0,0
0,0,0
0,0,0
0,0,0
0,0,0
0,0,0
0,0,0
0,0,0
0,0,0
0,0,0
0,0,0
0,0,0
0,0,0
0,0,0
0,0,0
0,0,0
0,0,0
0,0,0
0,0,0
0,0,0
0,0,0
0,0,0
0,0,0
0,0,0
0,0,0
0,0,0
0,0,0
0,0,0
0,0,0
0,0,0
0,0,0
0,0,0
0,0,0
0,0,0
0,0,0
0,0,0
0,0,0
0,0,0
0,0,0
0,0,0
0,0,0
0,0,0
0,0,0
0,0,0
0,0,0
0,0,0
0,0,0
0,0,0
0,0,0
0,0,0
0,0,0
0,0,0
0,0,0
0,0,0
0,0,0
0,0,0
0,0,0
0,0,0
0,0,0
0,0,0
0,0,0
0,0,0
0,0,0
0,0,0
0,0,0
0,0,0
0,0,0
0,0,0
0,0,0
0,0,0
0,0,0
0,0,0
0,0,0
0,0,0
0,0,0
0,0,0
0,0,0
0,0,0
0,0,0
0,0,0
0,0,0
0,0,0
0,0,0
0,0,0
0,0,0
0,0,0
0,0,0
0,0,0
0,0,0
0,0,0
0,0,0
0,0,0
0,0,0
0,0,0
0,0,0
0,0,0
0,0,0
0,0,0
0,0,0
0,0,0
0,0,0
0,0,0
0,0,0
0,0,0
0,0,0
0,0,0
0,0,0
0,0,0
0,0,0
0,0,0
0,0,0
0,0,0
0,0,0
0,0,0
0,0,0
0,0,0
0,0,0
0,0,0
0,0,0
0,0,0
0,0,0
0,0,0
0,0,0
0,0,0
0,0,0
0,0,0
0,0,0
0,0,0
0,0,0
0,0,0
0,0,0
0,0,0
0,0,0
0,0,0
0,0,0
0,0,0
0,0,0
0,0,0
0,0,0
0,0,0
0,0,0
0,0,0
0,0,0
0,0,0
0,0,0
0,0,0
0,0,0
0,0,0
0,0,0
0,0,0
0,0,0
0,0,0
0,0,0
0,0,0
0,0,0
0,0,0
0,0,0
0,0,0
0,0,0
0,0,0
0,0,0
0,0,0
0,0,0
0,0,0
0,0,0
0,0,0
0,0,0
0,0,0
0,0,0
0,0,0
0,0,0
0,0,0
0,0,0
0,0,0
0,0,0
0,0,0
0,0,0
0,0,0
0,0,0
0,0,0
0,0,0
0,0,0
0,0,0
17.5422,49.9642,1.36695
17.7646,49.6213,1.36069
18.0605,49.4888,1.36009
0,0,0
18.6689,49.27,1.36026
0,0,0
19.7324,50.2086,1.3919
20.0832,50.1942,1.39482
20.4364,50.1821,1.39786
20.7398,50.0456,1.39758
0,0,0
25.8972,60.3852,1.68746
26.4455,60.6339,1.69867
0,0,0
27.8108,61.6873,1.73679
0,0,0
0,0,0
0,0,0
0,0,0
0,0,0
32.0473,64.6244,1.8491
0,0,0
0,0,0
0,0,0
0,0,0
35.893,67.124,1.94924
0,0,0
0,0,0
0,0,0
0,0,0
0,0,0
0,0,0
0,0,0
0,0,0
0,0,0
0,0,0
0,0,0
0,0,0
0,0,0
0,0,0
0,0,0
0,0,0
0,0,0
0,0,0
0,0,0
0,0,0
0,0,0
0,0,0
0,0,0
0,0,0
0,0,0
0,0,0
0,0,0
0,0,0
0,0,0
43.2482,54.0182,1.77529
43.5411,53.7052,1.77378
0,0,0
0,0,0
0,0,0
0,0,0
0,0,0
0,0,0
0,0,0
0,0,0
0,0,0
0,0,0
0,0,0
0,0,0
0,0,0
0,0,0
0,0,0
0,0,0
0,0,0
0,0,0
0,0,0
0,0,0
0,0,0
0,0,0
0,0,0
0,0,0
0,0,0
0,0,0
0,0,0
0,0,0
0,0,0
0,0,0
0,0,0
0,0,0
0,0,0
0,0,0
0,0,0
0,0,0
0,0,0
0,0,0
0,0,0
0,0,0
0,0,0
0,0,0
0,0,0
0,0,0
0,0,0
0,0,0
0,0,0
0,0,0
0,0,0
0,0,0
0,0,0
0,0,0
0,0,0
0,0,0
0,0,0
0,0,0
36.8077,22.0527,1.11442
0,0,0
0,0,0
0,0,0
0,0,0
0,0,0
0,0,0
0,0,0
38.117,20.3652,1.12216
0,0,0
38.3721,19.9,1.12238
0,0,0
0,0,0
0,0,0
38.7258,18.8923,1.11894
0,0,0
0,0,0
0,0,0
0,0,0
0,0,0
0,0,0
0,0,0
0,0,0
0,0,0
0,0,0
0,0,0
0,0,0
0,0,0
0,0,0
0,0,0
0,0,0
0,0,0
0,0,0
39.0417,13.6918,1.07582
0,0,0
0,0,0
0,0,0
0,0,0
0,0,0
0,0,0
0,0,0
0,0,0
0,0,0
0,0,0
0,0,0
0,0,0
0,0,0
0,0,0
0,0,0
0,0,0
0,0,0
0,0,0
0,0,0
0,0,0
0,0,0
0,0,0
0,0,0
0,0,0
0,0,0
0,0,0
0,0,0
0,0,0
0,0,0
0,0,0
0,0,0
0,0,0
0,0,0
0,0,0
0,0,0
0,0,0
0,0,0
0,0,0
0,0,0
0,0,0
0,0,0
0,0,0
0,0,0
0,0,0
0,0,0
0,0,0
0,0,0
0,0,0
0,0,0
0,0,0
0,0,0
0,0,0
0,0,0
0,0,0
0,0,0
0,0,0
0,0,0
0,0,0
0,0,0
0,0,0
0,0,0
0,0,0
0,0,0
0,0,0
0,0,0
0,0,0
0,0,0
0,0,0
0,0,0
0,0,0
0,0,0
0,0,0
0,0,0
0,0,0
0,0,0
0,0,0
0,0,0
0,0,0
0,0,0
0,0,0
0,0,0
0,0,0
0,0,0
0,0,0
0,0,0
0,0,0
0,0,0
0,0,0
0,0,0
0,0,0
0,0,0
0,0,0
0,0,0
0,0,0
0,0,0
0,0,0
0,0,0
0,0,0
0,0,0
0,0,0
0,0,0
0,0,0
0,0,0
0,0,0
0,0,0
0,0,0
0,0,0
0,0,0
0,0,0
0,0,0
0,0,0
0,0,0
0,0,0
0,0,0
0,0,0
0,0,0
0,0,0
0,0,0
0,0,0
0,0,0
0,0,0
0,0,0
0,0,0
0,0,0
0,0,0
0,0,0
0,0,0
53.9395,-25.9291,1.54025
0,0,0
51.0262,-25.3042,1.46754
50.7575,-25.5602,1.46438
50.5045,-25.8225,1.46169
50.2546,-26.0849,1.45913
50.1184,-26.4058,1.45983
0,0,0
0,0,0
0,0,0
50.3769,-28.1427,1.48637
0,0,0
50.0745,-28.7856,1.48772
0,0,0
0,0,0
0,0,0
0,0,0
0,0,0
45.0372,-28.1448,1.37082
44.8493,-28.4115,1.37039
44.6884,-28.6953,1.37082
44.3833,-28.8856,1.36697
0,0,0
44.1743,-29.5275,1.37147
44.042,-29.8316,1.37298
43.5506,-29.8903,1.36361
42.9626,-29.8761,1.35124
0,0,0
42.0207,-29.9928,1.33358
42.3673,-30.6344,1.35006
42.1576,-30.8784,1.34941
42.0862,-31.2246,1.35313
41.4071,-31.1165,1.33782
41.5375,-31.6152,1.348
0,0,0
0,0,0
0,0,0
0,0,0
14.3995,-11.6754,0.501795
14.248,-11.6982,0.499207
14.1498,-11.7637,0.498352
13.9963,-11.782,0.495689
13.8629,-11.8158,0.493678
13.7848,-11.8961,0.493502
13.6815,-11.9541,0.492497
13.6625,-12.0862,0.494332
13.565,-12.1491,0.493553
0,0,0
13.4878,-12.3816,0.49604
13.4636,-12.5125,0.497825
13.4434,-12.6483,0.499785
13.4205,-12.7829,0.501695
13.4591,-12.9781,0.505791
0,0,0
14.3008,-14.1323,0.541199
0,0,0
34.661,-35.1013,1.27585
34.4624,-35.3312,1.27648
0,0,0
34.0007,-35.7247,1.27555
12.5589,-13.36,0.496719
12.4189,-13.3745,0.494583
12.2596,-13.3665,0.491718
12.1505,-13.4118,0.490713
12.0519,-13.4682,0.49011
11.9459,-13.5157,0.48923
11.866,-13.5925,0.489356
11.7876,-13.6711,0.489557
11.7217,-13.7645,0.490261
11.6544,-13.8568,0.490939
11.5915,-13.955,0.491819
11.5399,-14.0676,0.493176
11.527,-14.229,0.496116
11.4732,-14.3416,0.497473
31.4268,-39.7786,1.31016
30.1312,-38.6236,1.26721
30.9418,-40.1684,1.31038
30.685,-40.3447,1.30998
30.4429,-40.5402,1.31023
30.1704,-40.695,1.30925
29.9177,-40.8761,1.30915
29.7448,-41.1675,1.31252
29.3129,-41.0985,1.30478
29.2391,-41.5318,1.31259
0,0,0
28.5644,-41.6501,1.30536
27.9049,-41.2285,1.28726
0,0,0
0,0,0
0,0,0
0,0,0
0,0,0
0,0,0
0,0,0
0,0,0
0,0,0
0,0,0
26.0944,-44.7908,1.33888
25.8245,-44.9596,1.33916
24.1053,-42.5694,1.26555
0,0,0
23.5257,-42.7612,1.26266
0,0,0
0,0,0
22.7877,-43.2879,1.26552
22.4632,-43.3142,1.26233
22.2038,-43.4645,1.26271
0,0,0
0,0,0
0,0,0
0,0,0
0,0,0
0,0,0
0,0,0
0,0,0
21.0187,-47.4398,1.34014
0,0,0
0,0,0
0,0,0
0,0,0
0,0,0
0,0,0
0,0,0
0,0,0
0,0,0
0,0,0
0,0,0
0,0,0
0,0,0
0,0,0
0,0,0
0,0,0
0,0,0
0,0,0
0,0,0
0,0,0
0,0,0
0,0,0
0,0,0
0,0,0
0,0,0
0,0,0
0,0,0
0,0,0
0,0,0
0,0,0
0,0,0
0,0,0
0,0,0
0,0,0
0,0,0
0,0,0
0,0,0
0,0,0
0,0,0
0,0,0
0,0,0
0,0,0
0,0,0
0,0,0
0,0,0
0,0,0
0,0,0
0,0,0
0,0,0
0,0,0
0,0,0
0,0,0
0,0,0
0,0,0
0,0,0
0,0,0
0,0,0
0,0,0
0,0,0
0,0,0
0,0,0
0,0,0
0,0,0
0,0,0
0,0,0
0,0,0
0,0,0
0,0,0
0,0,0
0,0,0
0,0,0
0,0,0
0,0,0
0,0,0
0,0,0
0,0,0
0,0,0
0,0,0
0,0,0
0,0,0
0,0,0
0,0,0
0,0,0
0,0,0
0,0,0
0,0,0
0,0,0
0,0,0
0,0,0
0,0,0
0,0,0
0,0,0
0,0,0
0,0,0
0,0,0
0,0,0
0,0,0
0,0,0
0,0,0
0,0,0
0,0,0
0,0,0
0,0,0
0,0,0
0,0,0
0,0,0
0,0,0
0,0,0
0,0,0
0,0,0
0,0,0
0,0,0
0,0,0
0,0,0
0,0,0
0,0,0
0,0,0
0,0,0
0,0,0
0,0,0
0,0,0
0,0,0
0,0,0
0,0,0
0,0,0
0,0,0
0,0,0
0,0,0
0,0,0
0,0,0
0,0,0
0,0,0
0,0,0
0,0,0
0,0,0
0,0,0
0,0,0
0,0,0
0,0,0
0,0,0
0,0,0
0,0,0
0,0,0
0,0,0
0,0,0
0,0,0
0,0,0
0,0,0
0,0,0
0,0,0
0,0,0
0,0,0
0,0,0
0,0,0
0,0,0
0,0,0
0,0,0
0,0,0
0,0,0
0,0,0
0,0,0
0,0,0
0,0,0
0,0,0
0,0,0
0,0,0
0,0,0
0,0,0
0,0,0
0,0,0
0,0,0
0,0,0
0,0,0
0,0,0
0,0,0
0,0,0
0,0,0
0,0,0
0,0,0
0,0,0
0,0,0
0,0,0
0,0,0
0,0,0
0,0,0
0,0,0
0,0,0
0,0,0
0,0,0
0,0,0
0,0,0
0,0,0
0,0,0
0,0,0
0,0,0
0,0,0
0,0,0
0,0,0
0,0,0
0,0,0
0,0,0
0,0,0
0,0,0
0,0,0
0,0,0
0,0,0
0,0,0
0,0,0
0,0,0
0,0,0
0,0,0
0,0,0
0,0,0
0,0,0
0,0,0
0,0,0
0,0,0
0,0,0
0,0,0
0,0,0
0,0,0
0,0,0
0,0,0
0,0,0
0,0,0
0,0,0
0,0,0
0,0,0
0,0,0
0,0,0
0,0,0
0,0,0
0,0,0
0,0,0
0,0,0
0,0,0
0,0,0
0,0,0
0,0,0
0,0,0
0,0,0
0,0,0
0,0,0
0,0,0
0,0,0
0,0,0
0,0,0
0,0,0
0,0,0
0,0,0
0,0,0
0,0,0
0,0,0
0,0,0
0,0,0
0,0,0
0,0,0
0,0,0
0,0,0
0,0,0
0,0,0
0,0,0
0,0,0
0,0,0
0,0,0
0,0,0
0,0,0
0,0,0
0,0,0
0,0,0
0,0,0
0,0,0
0,0,0
0,0,0
0,0,0
0,0,0
0,0,0
0,0,0
0,0,0
0,0,0
0,0,0
0,0,0
0,0,0
0,0,0
0,0,0
0,0,0
0,0,0
0,0,0
0,0,0
0,0,0
0,0,0
0,0,0
0,0,0
0,0,0
0,0,0
0,0,0
0,0,0
0,0,0
0,0,0
0,0,0
0,0,0
0,0,0
0,0,0
0,0,0
0,0,0
0,0,0
0,0,0
0,0,0
0,0,0
0,0,0
0,0,0
0,0,0
0,0,0
0,0,0
0,0,0
0,0,0
0,0,0
0,0,0
0,0,0
0,0,0
0,0,0
0,0,0
0,0,0
0,0,0
0,0,0
0,0,0
0,0,0
0,0,0
0,0,0
0,0,0
0,0,0
0,0,0
0,0,0
0,0,0
0,0,0
0,0,0
0,0,0
0,0,0
0,0,0
0,0,0
0,0,0
0,0,0
0,0,0
0,0,0
0,0,0
0,0,0
0,0,0
0,0,0
0,0,0
0,0,0
0,0,0
0,0,0
0,0,0
0,0,0
0,0,0
0,0,0
0,0,0
0,0,0
0,0,0
0,0,0
0,0,0
0,0,0
0,0,0
0,0,0
0,0,0
0,0,0
0,0,0
0,0,0
0,0,0
0,0,0
0,0,0
0,0,0
0,0,0
0,0,0
0,0,0
0,0,0
0,0,0
0,0,0
0,0,0
0,0,0
0,0,0
0,0,0
0,0,0
0,0,0
0,0,0
0,0,0
0,0,0
0,0,0
0,0,0
0,0,0
0,0,0
0,0,0
0,0,0
0,0,0
0,0,0
0,0,0
0,0,0
0,0,0
0,0,0
0,0,0
0,0,0
0,0,0
0,0,0
0,0,0
0,0,0
0,0,0
0,0,0
0,0,0
0,0,0
0,0,0
0,0,0
0,0,0
0,0,0
0,0,0
0,0,0
0,0,0
0,0,0
0,0,0
0,0,0
0,0,0
0,0,0
0,0,0
0,0,0
0,0,0
0,0,0
0,0,0
0,0,0
0,0,0
0,0,0
0,0,0
0,0,0
0,0,0
0,0,0
0,0,0
0,0,0
0,0,0
0,0,0
0,0,0
0,0,0
0,0,0
0,0,0
0,0,0
0,0,0
0,0,0
0,0,0
0,0,0
0,0,0
0,0,0
0,0,0
0,0,0
0,0,0
0,0,0
0,0,0
0,0,0
0,0,0
0,0,0
0,0,0
0,0,0
0,0,0
0,0,0
0,0,0
0,0,0
0,0,0
0,0,0
0,0,0
0,0,0
0,0,0
0,0,0
0,0,0
0,0,0
0,0,0
0,0,0
0,0,0
0,0,0
0,0,0
0,0,0
0,0,0
0,0,0
0,0,0
0,0,0
0,0,0
0,0,0
0,0,0
0,0,0
0,0,0
0,0,0
0,0,0
0,0,0
0,0,0
0,0,0
0,0,0
0,0,0
0,0,0
0,0,0
0,0,0
0,0,0
0,0,0
0,0,0
0,0,0
0,0,0
0,0,0
0,0,0
0,0,0
0,0,0
0,0,0
0,0,0
0,0,0
0,0,0
0,0,0
0,0,0
0,0,0
0,0,0
0,0,0
0,0,0
0,0,0
0,0,0
0,0,0
0,0,0
0,0,0
0,0,0
0,0,0
0,0,0
0,0,0
0,0,0
0,0,0
0,0,0
0,0,0
0,0,0
0,0,0
0,0,0
0,0,0
0,0,0
0,0,0
0,0,0
0,0,0
0,0,0
0,0,0
0,0,0
0,0,0
0,0,0
0,0,0
0,0,0
0,0,0
0,0,0
0,0,0
0,0,0
0,0,0
0,0,0
0,0,0
0,0,0
0,0,0
0,0,0
0,0,0
0,0,0
0,0,0
0,0,0
0,0,0
0,0,0
0,0,0
0,0,0
0,0,0
0,0,0
0,0,0
0,0,0
0,0,0
0,0,0
0,0,0
0,0,0
0,0,0
0,0,0
0,0,0
0,0,0
0,0,0
0,0,0
0,0,0
0,0,0
0,0,0
0,0,0
0,0,0
0,0,0
0,0,0
0,0,0
0,0,0
0,0,0
0,0,0
0,0,0
0,0,0
0,0,0
0,0,0
0,0,0
0,0,0
0,0,0
0,0,0
0,0,0
0,0,0
0,0,0
0,0,0
0,0,0
0,0,0
0,0,0
0,0,0
0,0,0
0,0,0
0,0,0
0,0,0
0,0,0
0,0,0
0,0,0
0,0,0
0,0,0
0,0,0
0,0,0
0,0,0
0,0,0
0,0,0
0,0,0
0,0,0
0,0,0
0,0,0
0,0,0
0,0,0
0,0,0
0,0,0
0,0,0
0,0,0
0,0,0
0,0,0
0,0,0
0,0,0
0,0,0
0,0,0
27.0195,60.974,0.897386
0,0,0
0,0,0
0,0,0
29.7045,62.8236,0.933548
0,0,0
0,0,0
0,0,0
0,0,0
0,0,0
0,0,0
0,0,0
0,0,0
0,0,0
0,0,0
0,0,0
0,0,0
0,0,0
0,0,0
0,0,0
0,0,0
0,0,0
0,0,0
0,0,0
0,0,0
0,0,0
0,0,0
0,0,0
0,0,0
0,0,0
0,0,0
0,0,0
0,0,0
0,0,0
0,0,0
0,0,0
0,0,0
0,0,0
0,0,0
0,0,0
0,0,0
0,0,0
0,0,0
0,0,0
0,0,0
0,0,0
0,0,0
0,0,0
0,0,0
0,0,0
0,0,0
0,0,0
0,0,0
0,0,0
0,0,0
0,0,0
0,0,0
0,0,0
0,0,0
0,0,0
0,0,0
0,0,0
0,0,0
0,0,0
0,0,0
0,0,0
0,0,0
0,0,0
0,0,0
0,0,0
0,0,0
0,0,0
0,0,0
0,0,0
0,0,0
0,0,0
0,0,0
0,0,0
0,0,0
0,0,0
0,0,0
0,0,0
0,0,0
0,0,0
0,0,0
0,0,0
0,0,0
0,0,0
0,0,0
34.3304,23.8704,0.576046
0,0,0
0,0,0
0,0,0
0,0,0
0,0,0
0,0,0
0,0,0
0,0,0
0,0,0
0,0,0
0,0,0
0,0,0
0,0,0
0,0,0
0,0,0
0,0,0
0,0,0
0,0,0
42.5165,22.7319,0.658689
0,0,0
0,0,0
0,0,0
0,0,0
0,0,0
0,0,0
0,0,0
0,0,0
0,0,0
0,0,0
0,0,0
0,0,0
0,0,0
0,0,0
0,0,0
0,0,0
0,0,0
0,0,0
0,0,0
0,0,0
0,0,0
0,0,0
0,0,0
0,0,0
39.108,13.7282,0.571319
0,0,0
0,0,0
0,0,0
0,0,0
0,0,0
0,0,0
0,0,0
46.0095,13.655,0.655861
0,0,0
0,0,0
0,0,0
0,0,0
0,0,0
0,0,0
0,0,0
0,0,0
0,0,0
0,0,0
0,0,0
0,0,0
0,0,0
0,0,0
0,0,0
0,0,0
0,0,0
42.7713,7.69736,0.597291
42.8906,7.44743,0.598247
0,0,0
43.1416,6.94677,0.600378
0,0,0
43.3661,6.43797,0.602237
0,0,0
0,0,0
0,0,0
0,0,0
0,0,0
0,0,0
0,0,0
0,0,0
0,0,0
0,0,0
0,0,0
0,0,0
0,0,0
0,0,0
0,0,0
0,0,0
0,0,0
0,0,0
0,0,0
0,0,0
0,0,0
0,0,0
0,0,0
0,0,0
0,0,0
0,0,0
0,0,0
0,0,0
0,0,0
0,0,0
0,0,0
0,0,0
0,0,0
0,0,0
0,0,0
0,0,0
0,0,0
0,0,0
0,0,0
0,0,0
0,0,0
0,0,0
0,0,0
0,0,0
0,0,0
0,0,0
0,0,0
0,0,0
0,0,0
0,0,0
0,0,0
0,0,0
0,0,0
0,0,0
0,0,0
0,0,0
0,0,0
0,0,0
0,0,0
0,0,0
0,0,0
0,0,0
0,0,0
0,0,0
0,0,0
0,0,0
0,0,0
0,0,0
0,0,0
0,0,0
0,0,0
0,0,0
0,0,0
0,0,0
0,0,0
0,0,0
0,0,0
0,0,0
0,0,0
0,0,0
0,0,0
0,0,0
0,0,0
0,0,0
0,0,0
0,0,0
50.8221,-20.6799,0.744665
0,0,0
0,0,0
0,0,0
49.5082,-21.5761,0.733519
0,0,0
0,0,0
0,0,0
0,0,0
47.9137,-22.6547,0.720527
47.5602,-22.8456,0.717466
47.2178,-23.0388,0.714573
46.9815,-23.2815,0.713217
46.7127,-23.5064,0.711409
46.4313,-23.7229,0.709433
0,0,0
0,0,0
0,0,0
0,0,0
0,0,0
44.6824,-24.9445,0.696944
44.3885,-25.1389,0.694864
44.053,-25.3072,0.692178
43.7302,-25.4799,0.689685
43.4766,-25.6907,0.688239
43.1809,-25.8748,0.686173
42.8855,-26.0567,0.684119
42.6456,-26.2706,0.682918
0,0,0
42.0725,-26.6352,0.679134
41.8174,-26.8345,0.677739
41.5765,-27.0415,0.676577
41.2962,-27.2213,0.67482
41.0012,-27.3892,0.672844
40.8771,-27.6705,0.673542
40.5004,-27.7794,0.670313
40.2783,-27.992,0.669512
40.033,-28.1874,0.668363
39.7323,-28.3419,0.666348
0,0,0
39.1701,-28.6726,0.662964
38.8995,-28.8428,0.661453
38.669,-29.0413,0.660601
38.4447,-29.2435,0.659865
38.1845,-29.4172,0.65856
37.9403,-29.6017,0.657527
37.6834,-29.7751,0.6563
37.4461,-29.9626,0.655409
14.2158,-11.5183,0.272296
14.0823,-11.5539,0.27125
14.0011,-11.6318,0.271082
13.9172,-11.7072,0.270875
13.8025,-11.7561,0.270152
13.618,-11.7439,0.268241
13.6173,-11.8897,0.269468
13.5148,-11.9472,0.268964
13.4279,-12.0179,0.268731
13.2798,-12.0329,0.26744
13.2904,-12.1919,0.268925
13.2674,-12.3216,0.269842
13.3059,-12.5103,0.27187
13.3057,-12.6648,0.273239
0,0,0
0,0,0
0,0,0
0,0,0
32.7151,-33.1113,0.637186
32.5036,-33.3035,0.637044
32.2862,-33.4894,0.636811
0,0,0
0,0,0
12.2624,-13.1968,0.268654
12.1575,-13.246,0.268202
12.0525,-13.2944,0.26775
11.9781,-13.3763,0.267892
11.866,-13.4159,0.267311
11.765,-13.4673,0.266949
11.722,-13.5854,0.267737
11.6339,-13.6518,0.267647
11.5434,-13.7153,0.267517
11.4731,-13.8028,0.267802
11.3946,-13.8806,0.267931
0,0,0
0,0,0
11.1167,-14.0621,0.267504
28.289,-36.2402,0.629785
28.06,-36.4052,0.629656
27.8294,-36.568,0.629514
27.5979,-36.7292,0.629372
27.3631,-36.8858,0.629178
27.125,-37.0377,0.628933
26.8891,-37.1921,0.628752
26.6563,-37.3507,0.628662
26.4237,-37.5095,0.628597
26.1902,-37.6668,0.628533
25.9609,-37.8301,0.628584
25.7215,-37.9787,0.628429
25.4936,-38.1441,0.628558
25.2596,-38.3007,0.628571
25.0263,-38.4583,0.628623
24.7974,-38.6229,0.628804
24.5691,-38.7887,0.629023
24.3391,-38.9523,0.62923
24.1127,-39.1222,0.629553
23.8795,-39.2814,0.629734
23.6447,-39.4383,0.629902
23.4145,-39.6033,0.630211
23.1705,-39.7453,0.630199
22.9297,-39.8928,0.630289
22.6944,-40.0502,0.630547
22.4565,-40.2035,0.630767
22.2422,-40.4001,0.631645
22.0048,-40.556,0.631942
21.7768,-40.73,0.632523
21.5554,-40.9177,0.633324
21.3163,-41.0731,0.633673
21.0762,-41.2272,0.634021
20.8377,-41.3852,0.634448
20.5971,-41.5401,0.634848
20.366,-41.7151,0.635558
20.1443,-41.9114,0.636592
19.9167,-42.0975,0.637496
19.6998,-42.3086,0.638774
19.4664,-42.4869,0.639601
19.228,-42.6556,0.640311
18.9955,-42.8396,0.641254
18.753,-43.003,0.641925
18.5133,-43.1742,0.642726
18.2736,-43.3478,0.643579
18.0333,-43.5219,0.644457
17.7844,-43.6771,0.64509
17.5529,-43.8773,0.646368
17.3224,-44.0838,0.64775
17.1305,-44.3935,0.650579
16.8673,-44.5231,0.650927
16.6234,-44.7054,0.652025
16.3642,-44.8488,0.652606
0,0,0
0,0,0
0,0,0
0,0,0
0,0,0
0,0,0
0,0,0
0,0,0
0,0,0
0,0,0
0,0,0
0,0,0
0,0,0
0,0,0
0,0,0
0,0,0
0,0,0
0,0,0
0,0,0
0,0,0
0,0,0
0,0,0
0,0,0
0,0,0
0,0,0
0,0,0
0,0,0
0,0,0
0,0,0
0,0,0
0,0,0
0,0,0
0,0,0
0,0,0
0,0,0
0,0,0
0,0,0
0,0,0
0,0,0
0,0,0
0,0,0
0,0,0
0,0,0
0,0,0
0,0,0
0,0,0
0,0,0
0,0,0
0,0,0
0,0,0
0,0,0
0,0,0
0,0,0
0,0,0
0,0,0
0,0,0
0,0,0
0,0,0
0,0,0
0,0,0
0,0,0
0,0,0
0,0,0
0,0,0
0,0,0
0,0,0
0,0,0
0,0,0
0,0,0
0,0,0
0,0,0
0,0,0
0,0,0
0,0,0
0,0,0
0,0,0
0,0,0
0,0,0
0,0,0
0,0,0
0,0,0
0,0,0
0,0,0
0,0,0
0,0,0
0,0,0
0,0,0
0,0,0
0,0,0
0,0,0
0,0,0
0,0,0
0,0,0
0,0,0
0,0,0
0,0,0
0,0,0
0,0,0
0,0,0
0,0,0
0,0,0
0,0,0
0,0,0
0,0,0
0,0,0
0,0,0
0,0,0
0,0,0
0,0,0
0,0,0
0,0,0
0,0,0
0,0,0
0,0,0
0,0,0
0,0,0
0,0,0
0,0,0
0,0,0
0,0,0
0,0,0
0,0,0
0,0,0
0,0,0
0,0,0
0,0,0
0,0,0
0,0,0
0,0,0
0,0,0
0,0,0
0,0,0
0,0,0
0,0,0
0,0,0
0,0,0
0,0,0
0,0,0
0,0,0
0,0,0
0,0,0
0,0,0
0,0,0
0,0,0
0,0,0
0,0,0
0,0,0
0,0,0
0,0,0
0,0,0
0,0,0
0,0,0
0,0,0
0,0,0
0,0,0
0,0,0
0,0,0
0,0,0
0,0,0
0,0,0
0,0,0
0,0,0
0,0,0
0,0,0
0,0,0
0,0,0
0,0,0
0,0,0
0,0,0
0,0,0
0,0,0
0,0,0
0,0,0
0,0,0
0,0,0
0,0,0
0,0,0
0,0,0
0,0,0
0,0,0
0,0,0
0,0,0
0,0,0
0,0,0
0,0,0
0,0,0
0,0,0
0,0,0
0,0,0
0,0,0
0,0,0
0,0,0
0,0,0
0,0,0
0,0,0
0,0,0
0,0,0
0,0,0
0,0,0
0,0,0
0,0,0
0,0,0
0,0,0
0,0,0
0,0,0
0,0,0
0,0,0
0,0,0
0,0,0
0,0,0
0,0,0
0,0,0
0,0,0
0,0,0
0,0,0
0,0,0
0,0,0
0,0,0
0,0,0
0,0,0
0,0,0
0,0,0
0,0,0
0,0,0
0,0,0
0,0,0
0,0,0
0,0,0
0,0,0
0,0,0
0,0,0
0,0,0
0,0,0
0,0,0
0,0,0
0,0,0
0,0,0
0,0,0
0,0,0
0,0,0
0,0,0
0,0,0
0,0,0
0,0,0
0,0,0
0,0,0
0,0,0
0,0,0
0,0,0
0,0,0
0,0,0
0,0,0
0,0,0
0,0,0
0,0,0
0,0,0
0,0,0
0,0,0
0,0,0
0,0,0
0,0,0
0,0,0
0,0,0
0,0,0
0,0,0
0,0,0
0,0,0
0,0,0
0,0,0
0,0,0
0,0,0
0,0,0
0,0,0
0,0,0
0,0,0
0,0,0
0,0,0
0,0,0
0,0,0
0,0,0
0,0,0
0,0,0
0,0,0
0,0,0
0,0,0
0,0,0
0,0,0
0,0,0
0,0,0
0,0,0
0,0,0
0,0,0
0,0,0
0,0,0
0,0,0
0,0,0
0,0,0
0,0,0
0,0,0
0,0,0
0,0,0
0,0,0
0,0,0
0,0,0
0,0,0
0,0,0
0,0,0
0,0,0
0,0,0
0,0,0
0,0,0
0,0,0
0,0,0
0,0,0
0,0,0
0,0,0
0,0,0
0,0,0
0,0,0
0,0,0
0,0,0
0,0,0
0,0,0
0,0,0
0,0,0
0,0,0
0,0,0
0,0,0
0,0,0
0,0,0
0,0,0
0,0,0
0,0,0
0,0,0
0,0,0
0,0,0
0,0,0
0,0,0
0,0,0
0,0,0
0,0,0
0,0,0
0,0,0
0,0,0
0,0,0
0,0,0
0,0,0
0,0,0
0,0,0
0,0,0
0,0,0
0,0,0
0,0,0
0,0,0
0,0,0
0,0,0
0,0,0
0,0,0
0,0,0
0,0,0
0,0,0
0,0,0
0,0,0
0,0,0
0,0,0
0,0,0
0,0,0
0,0,0
0,0,0
0,0,0
0,0,0
0,0,0
0,0,0
0,0,0
0,0,0
0,0,0
0,0,0
0,0,0
0,0,0
0,0,0
0,0,0
0,0,0
0,0,0
0,0,0
0,0,0
0,0,0
0,0,0
0,0,0
0,0,0
0,0,0
0,0,0
0,0,0
0,0,0
0,0,0
0,0,0
0,0,0
0,0,0
0,0,0
0,0,0
0,0,0
0,0,0
0,0,0
0,0,0
0,0,0
0,0,0
0,0,0
0,0,0
0,0,0
0,0,0
0,0,0
0,0,0
0,0,0
0,0,0
0,0,0
0,0,0
0,0,0
0,0,0
0,0,0
0,0,0
0,0,0
0,0,0
0,0,0
0,0,0
0,0,0
0,0,0
0,0,0
0,0,0
0,0,0
0,0,0
0,0,0
0,0,0
0,0,0
0,0,0
0,0,0
0,0,0
0,0,0
0,0,0
0,0,0
0,0,0
0,0,0
0,0,0
0,0,0
0,0,0
0,0,0
0,0,0
0,0,0
0,0,0
0,0,0
0,0,0
0,0,0
0,0,0
0,0,0
0,0,0
0,0,0
0,0,0
0,0,0
0,0,0
0,0,0
0,0,0
0,0,0
0,0,0
0,0,0
0,0,0
0,0,0
0,0,0
0,0,0
0,0,0
0,0,0
0,0,0
0,0,0
0,0,0
0,0,0
0,0,0
0,0,0
0,0,0
0,0,0
0,0,0
0,0,0
0,0,0
0,0,0
0,0,0
0,0,0
0,0,0
0,0,0
0,0,0
0,0,0
0,0,0
0,0,0
0,0,0
0,0,0
0,0,0
0,0,0
0,0,0
0,0,0
0,0,0
0,0,0
0,0,0
0,0,0
0,0,0
0,0,0
0,0,0
0,0,0
0,0,0
0,0,0
0,0,0
0,0,0
0,0,0
0,0,0
0,0,0
0,0,0
0,0,0
0,0,0
0,0,0
0,0,0
0,0,0
0,0,0
0,0,0
0,0,0
0,0,0
0,0,0
0,0,0
0,0,0
0,0,0
0,0,0
0,0,0
0,0,0
0,0,0
0,0,0
0,0,0
0,0,0
0,0,0
0,0,0
0,0,0
0,0,0
0,0,0
0,0,0
0,0,0
0,0,0
0,0,0
0,0,0
0,0,0
0,0,0
0,0,0
0,0,0
0,0,0
0,0,0
0,0,0
0,0,0
0,0,0
0,0,0
0,0,0
0,0,0
0,0,0
0,0,0
0,0,0
0,0,0
0,0,0
0,0,0
0,0,0
0,0,0
0,0,0
0,0,0
0,0,0
0,0,0
0,0,0
0,0,0
0,0,0
0,0,0
0,0,0
0,0,0
0,0,0
0,0,0
0,0,0
0,0,0
0,0,0
0,0,0
0,0,0
0,0,0
0,0,0
0,0,0
0,0,0
0,0,0
0,0,0
0,0,0
0,0,0
0,0,0
0,0,0
0,0,0
0,0,0
0,0,0
0,0,0
0,0,0
0,0,0
0,0,0
0,0,0
0,0,0
0,0,0
0,0,0
0,0,0
0,0,0
0,0,0
0,0,0
0,0,0
0,0,0
0,0,0
0,0,0
0,0,0
0,0,0
0,0,0
0,0,0
0,0,0
0,0,0
0,0,0
0,0,0
0,0,0
0,0,0
0,0,0
0,0,0
0,0,0
0,0,0
0,0,0
0,0,0
0,0,0
0,0,0
0,0,0
0,0,0
0,0,0
0,0,0
0,0,0
0,0,0
0,0,0
0,0,0
0,0,0
0,0,0
0,0,0
0,0,0
0,0,0
0,0,0
0,0,0
0,0,0
0,0,0
0,0,0
0,0,0
0,0,0
0,0,0
0,0,0
0,0,0
0,0,0
0,0,0
0,0,0
0,0,0
0,0,0
0,0,0
0,0,0
0,0,0
0,0,0
0,0,0
0,0,0
0,0,0
0,0,0
32.4863,64.4841,0.0865776
0,0,0
0,0,0
0,0,0
0,0,0
0,0,0
0,0,0
0,0,0
30.0131,52.9378,0.0786531
0,0,0
0,0,0
0,0,0
0,0,0
0,0,0
0,0,0
0,0,0
0,0,0
0,0,0
0,0,0
0,0,0
0,0,0
0,0,0
0,0,0
0,0,0
0,0,0
0,0,0
0,0,0
0,0,0
0,0,0
0,0,0
0,0,0
0,0,0
0,0,0
0,0,0
0,0,0
0,0,0
0,0,0
0,0,0
0,0,0
0,0,0
0,0,0
0,0,0
0,0,0
0,0,0
0,0,0
0,0,0
0,0,0
0,0,0
0,0,0
0,0,0
0,0,0
0,0,0
0,0,0
0,0,0
0,0,0
0,0,0
0,0,0
0,0,0
0,0,0
0,0,0
0,0,0
0,0,0
0,0,0
0,0,0
0,0,0
0,0,0
0,0,0
0,0,0
0,0,0
0,0,0
0,0,0
0,0,0
0,0,0
0,0,0
0,0,0
0,0,0
0,0,0
0,0,0
0,0,0
0,0,0
0,0,0
0,0,0
0,0,0
0,0,0
0,0,0
0,0,0
0,0,0
0,0,0
0,0,0
0,0,0
40.6456,25.0254,0.0694922
0,0,0
36.7734,22.0234,0.0660937
0,0,0
0,0,0
41.4592,23.8042,0.0695445
37.4334,21.1882,0.0661984
0,0,0
0,0,0
0,0,0
0,0,0
0,0,0
0,0,0
0,0,0
0,0,0
66.3468,32.8591,0.0878572
0,0,0
0,0,0
0,0,0
67.3046,31.3007,0.0879892
67.5008,30.8897,0.0879934
55.2032,24.8533,0.0784339
0,0,0
51.1694,22.286,0.0751331
44.7197,19.1512,0.0701317
0,0,0
0,0,0
0,0,0
40.7309,16.2719,0.0667897
52.2389,20.4989,0.075346
0,0,0
41.3518,15.6436,0.0670348
41.4733,15.3994,0.0670543
53.01,19.3141,0.0755569
0,0,0
0,0,0
0,0,0
0,0,0
0,0,0
0,0,0
0,0,0
0,0,0
0,0,0
0,0,0
0,0,0
0,0,0
0,0,0
0,0,0
0,0,0
0,0,0
0,0,0
0,0,0
44.5945,10.5739,0.068165
0,0,0
43.3821,9.72568,0.0672072
43.0658,9.3776,0.0669391
0,0,0
42.1892,8.64582,0.0662347
0,0,0
0,0,0
0,0,0
40.6888,7.30271,0.065029
40.7654,7.05855,0.0650521
0,0,0
40.9556,6.57488,0.0651275
41.2788,6.36722,0.0653278
41.3715,6.12187,0.0653662
41.6003,5.89513,0.0655017
41.7457,5.65467,0.0655792
31.2214,4.03388,0.0581468
42.068,5.17345,0.0657593
42.2043,4.92753,0.0658333
42.2834,4.67397,0.0658682
30.7381,3.20666,0.0577447
29.6754,2.91181,0.0569859
28.8493,2.6521,0.0563945
29.3413,2.51589,0.0567282
28.459,2.26438,0.0560999
28.8035,2.11403,0.0563317
29.6271,1.99183,0.0568993
29.3293,1.79109,0.0566829
27.9738,1.53604,0.0557278
27.1787,1.32513,0.0551658
26.5988,1.13328,0.0547553
27.4437,1.00066,0.0553411
27.6163,0.837318,0.0554576
26.0733,0.630369,0.0543769
26.0907,0.470627,0.0543867
26.7341,0.318185,0.0548342
26.1195,0.150564,0.0544042
24.8739,-0.00929758,0.0535343
24.8504,-0.161772,0.0535182
24.884,-0.31469,0.0535427
24.3827,-0.458021,0.0531943
24.6803,-0.615107,0.0534044
24.777,-0.769662,0.053475
24.0993,-0.896685,0.0530051
24.1073,-1.04514,0.0530149
23.5631,-1.16647,0.0526393
23.5485,-1.31064,0.0526344
23.8993,-1.4773,0.0528857
23.1266,-1.57207,0.0523517
23.5124,-1.74328,0.0526288
23.2999,-1.87135,0.0524878
22.6653,-1.96046,0.0520515
22.6409,-2.09838,0.0520431
22.55,-2.2296,0.0519886
22.1848,-2.33105,0.0517422
22.2198,-2.47265,0.0517771
22.1824,-2.60638,0.0517617
21.9575,-2.71666,0.0516151
22.6624,-2.94513,0.0521234
21.7194,-2.95826,0.051472
21.5425,-3.06891,0.0513603
22.1889,-3.3,0.0518302
20.7591,-3.21774,0.0508346
20.6757,-3.33487,0.0507899
21.221,-3.55651,0.0511907
21.5751,-3.75209,0.0514574
21.222,-3.825,0.0512235
21.1175,-3.9401,0.0511662
21.1155,-4.07396,0.0511823
20.7606,-4.13779,0.0509477
20.7388,-4.2659,0.0509505
19.8836,-4.21738,0.0503592
20.8011,-4.54547,0.0510336
19.0342,-4.28201,0.0497895
20.1465,-4.66222,0.0506056
19.9658,-4.74965,0.0504967
19.7536,-4.82745,0.0503655
19.7886,-4.96487,0.0504122
19.7094,-5.07373,0.0503773
18.3735,-4.85033,0.0494356
19.0722,-5.16012,0.0499627
18.6229,-5.16142,0.0496604
18.6025,-5.27887,0.0496687
19.0297,-5.52647,0.0500031
19.7077,-5.85468,0.0505219
19.149,-5.81683,0.0501407
18.4826,-5.73855,0.0496799
18.3975,-5.83613,0.0496436
17.5907,-5.69929,0.0490781
17.6523,-5.83915,0.0491493
17.7544,-5.99404,0.0492513
17.7306,-6.10743,0.049261
18.5881,-6.53062,0.0499236
17.9,-6.41256,0.0494432
17.1812,-6.2743,0.0489385
18.2286,-6.78378,0.0497476
16.3408,-6.19578,0.0483695
16.2568,-6.27827,0.0483353
18.8321,-7.40577,0.0502964
17.5998,-7.04625,0.0494041
16.2107,-6.60587,0.0483898
18.0035,-7.46544,0.0497756
0,0,0
17.7727,-7.62667,0.0496708
18.0922,-7.89555,0.0499501
17.9702,-7.97396,0.0498942
17.9729,-8.10751,0.049934
17.1411,-7.85925,0.0493336
17.0817,-7.95922,0.0493253
17.0361,-8.06559,0.0493281
0,0,0
0,0,0
15.0895,-7.48719,0.047929
14.9844,-7.54995,0.0478829
16.738,-8.56251,0.0492945
14.9155,-7.74616,0.0479025
16.6139,-8.75794,0.0492806
0,0,0
14.6157,-7.93543,0.0477796
14.3066,-7.88166,0.0475722
0,0,0
0,0,0
15.1144,-8.69302,0.0483416
14.9078,-8.69642,0.048218
0,0,0
0,0,0
0,0,0
0,0,0
0,0,0
0,0,0
0,0,0
26.9819,-17.5676,0.0586467
0,0,0
0,0,0
0,0,0
0,0,0
26.8646,-18.6891,0.059016
26.626,-18.7666,0.0589106
0,0,0
0,0,0
0,0,0
13.7284,-10.1901,0.0481049
0,0,0
0,0,0
13.0071,-10.0313,0.0476365
25.2987,-19.7581,0.058579
25.1715,-19.9086,0.0585741
0,0,0
14.2382,-11.5487,0.0489678
14.0581,-11.5463,0.0488694
13.8901,-11.5518,0.0487814
13.7891,-11.6117,0.0487542
13.7199,-11.6981,0.0487563
13.6297,-11.7663,0.0487395
13.5572,-11.8497,0.0487395
13.4363,-11.8903,0.0486948
13.3422,-11.9538,0.0486753
13.3012,-12.065,0.048706
13.3131,-12.2256,0.0487877
13.2855,-12.3513,0.0488331
13.2604,-12.4805,0.0488819
13.2661,-12.6403,0.0489615
13.2027,-12.7353,0.0489755
11.7727,-11.4964,0.0476567
11.5498,-11.418,0.0475073
14.8697,-14.8811,0.0508556
0,0,0
0,0,0
0,0,0
12.5513,-13.1934,0.0488819
12.3483,-13.1405,0.0487577
12.2551,-13.2028,0.0487451
12.1286,-13.2284,0.0486983
12.0385,-13.2929,0.0486893
11.9474,-13.3561,0.0486795
11.848,-13.4097,0.0486613
11.751,-13.4655,0.048646
11.6407,-13.5056,0.0486167
11.5648,-13.5851,0.0486243
11.5005,-13.6788,0.0486453
11.4675,-13.8106,0.0487011
11.4643,-13.9805,0.0487912
11.3387,-14.0016,0.0487472
11.34,-14.1802,0.0488449
9.50742,-12.0397,0.046879
0,0,0
19.537,-25.3727,0.0585252
19.2611,-25.3345,0.058387
19.2182,-25.6025,0.0585183
18.9125,-25.5199,0.0583444
18.7845,-25.675,0.0583786
18.7384,-25.9446,0.058512
18.5673,-26.0428,0.058498
18.3691,-26.1023,0.0584519
18.0483,-25.9837,0.0582558
18.1147,-26.4239,0.058535
17.8301,-26.354,0.0583828
17.7935,-26.6509,0.0585406
17.4767,-26.5274,0.0583465
17.4641,-26.8655,0.0585392
17.2822,-26.9461,0.0585176
17.1379,-27.0854,0.0585455
16.9634,-27.1774,0.058535
16.9133,-27.4708,0.0586907
16.7257,-27.5433,0.0586656
8.56697,-14.306,0.0478103
7.6089,-12.8851,0.0466158
16.1902,-27.8024,0.05863
16.2329,-28.2733,0.0589295
16.0419,-28.3419,0.058905
0,0,0
15.6172,-28.3991,0.0587954
15.5356,-28.6658,0.0589315
15.4117,-28.8585,0.059009
15.1408,-28.7746,0.0588687
15.1407,-29.2079,0.0591368
14.7256,-28.8389,0.0587752
7.14986,-14.2185,0.0472797
14.6213,-29.5238,0.0591696
14.4614,-29.657,0.0592038
6.89256,-14.3594,0.0472888
6.80517,-14.4032,0.0472902
0,0,0
0,0,0
13.6532,-30.3273,0.0593881
13.5572,-30.6144,0.0595438
13.4042,-30.7777,0.0596052
13.2057,-30.8373,0.0595885
13.0907,-31.0947,0.0597225
12.9337,-31.2567,0.0597847
0,0,0
0,0,0
0,0,0
0,0,0
0,0,0
0,0,0
0,0,0
0,0,0
0,0,0
0,0,0
0,0,0
0,0,0
0,0,0
0,0,0
0,0,0
0,0,0
0,0,0
0,0,0
0,0,0
0,0,0
0,0,0
0,0,0
0,0,0
0,0,0
0,0,0
0,0,0
0,0,0
0,0,0
0,0,0
0,0,0
0,0,0
0,0,0
0,0,0
0,0,0
0,0,0
0,0,0
0,0,0
0,0,0
0,0,0
0,0,0
0,0,0
0,0,0
0,0,0
0,0,0
0,0,0
0,0,0
0,0,0
0,0,0
0,0,0
0,0,0
0,0,0
0,0,0
0,0,0
0,0,0
0,0,0
0,0,0
0,0,0
0,0,0
0,0,0
0,0,0
0,0,0
0,0,0
0,0,0
0,0,0
0,0,0
0,0,0
0,0,0
0,0,0
0,0,0
0,0,0
0,0,0
0,0,0
0,0,0
0,0,0
0,0,0
0,0,0
0,0,0
0,0,0
0,0,0
0,0,0
0,0,0
0,0,0
0,0,0
0,0,0
0,0,0
0,0,0
0,0,0
0,0,0
0,0,0
0,0,0
0,0,0
0,0,0
0,0,0
0,0,0
0,0,0
0,0,0
0,0,0
0,0,0
0,0,0
0,0,0
0,0,0
0,0,0
0,0,0
0,0,0
0,0,0
0,0,0
0,0,0
0,0,0
0,0,0
0,0,0
0,0,0
0,0,0
0,0,0
0,0,0
0,0,0
0,0,0
0,0,0
0,0,0
0,0,0
0,0,0
0,0,0
0,0,0
0,0,0
0,0,0
0,0,0
0,0,0
0,0,0
0,0,0
0,0,0
0,0,0
0,0,0
0,0,0
0,0,0
0,0,0
0,0,0
0,0,0
0,0,0
0,0,0
0,0,0
0,0,0
0,0,0
0,0,0
0,0,0
0,0,0
0,0,0
0,0,0
0,0,0
0,0,0
0,0,0
0,0,0
0,0,0
0,0,0
0,0,0
0,0,0
0,0,0
0,0,0
0,0,0
0,0,0
0,0,0
0,0,0
0,0,0
0,0,0
0,0,0
0,0,0
0,0,0
0,0,0
0,0,0
0,0,0
0,0,0
0,0,0
0,0,0
0,0,0
0,0,0
0,0,0
0,0,0
0,0,0
0,0,0
0,0,0
0,0,0
0,0,0
0,0,0
0,0,0
0,0,0
0,0,0
0,0,0
0,0,0
0,0,0
0,0,0
0,0,0
0,0,0
0,0,0
0,0,0
0,0,0
0,0,0
0,0,0
0,0,0
0,0,0
0,0,0
0,0,0
0,0,0
0,0,0
0,0,0
0,0,0
0,0,0
0,0,0
0,0,0
0,0,0
0,0,0
0,0,0
0,0,0
0,0,0
0,0,0
0,0,0
0,0,0
0,0,0
0,0,0
0,0,0
0,0,0
0,0,0
0,0,0
0,0,0
0,0,0
0,0,0
0,0,0
0,0,0
0,0,0
0,0,0
0,0,0
0,0,0
0,0,0
0,0,0
0,0,0
0,0,0
0,0,0
0,0,0
0,0,0
0,0,0
0,0,0
0,0,0
0,0,0
0,0,0
0,0,0
0,0,0
0,0,0
0,0,0
0,0,0
0,0,0
0,0,0
0,0,0
0,0,0
0,0,0
0,0,0
0,0,0
0,0,0
0,0,0
0,0,0
0,0,0
0,0,0
0,0,0
0,0,0
0,0,0
0,0,0
0,0,0
0,0,0
0,0,0
0,0,0
0,0,0
0,0,0
0,0,0
0,0,0
0,0,0
0,0,0
0,0,0
0,0,0
0,0,0
0,0,0
0,0,0
0,0,0
0,0,0
0,0,0
0,0,0
0,0,0
0,0,0
0,0,0
0,0,0
0,0,0
0,0,0
0,0,0
0,0,0
0,0,0
0,0,0
0,0,0
0,0,0
0,0,0
0,0,0
0,0,0
0,0,0
0,0,0
0,0,0
0,0,0
0,0,0
0,0,0
0,0,0
0,0,0
0,0,0
0,0,0
0,0,0
0,0,0
0,0,0
0,0,0
0,0,0
0,0,0
0,0,0
0,0,0
0,0,0
0,0,0
0,0,0
0,0,0
0,0,0
0,0,0
0,0,0
0,0,0
0,0,0
0,0,0
0,0,0
0,0,0
0,0,0
0,0,0
0,0,0
0,0,0
0,0,0
0,0,0
0,0,0
0,0,0
0,0,0
0,0,0
0,0,0
0,0,0
0,0,0
0,0,0
0,0,0
0,0,0
0,0,0
0,0,0
0,0,0
0,0,0
0,0,0
0,0,0
0,0,0
0,0,0
0,0,0
0,0,0
0,0,0
0,0,0
0,0,0
0,0,0
0,0,0
0,0,0
0,0,0
0,0,0
0,0,0
0,0,0
0,0,0
0,0,0
0,0,0
0,0,0
0,0,0
0,0,0
0,0,0
0,0,0
0,0,0
0,0,0
0,0,0
0,0,0
0,0,0
0,0,0
0,0,0
0,0,0
0,0,0
0,0,0
0,0,0
0,0,0
0,0,0
0,0,0
0,0,0
0,0,0
0,0,0
0,0,0
0,0,0
0,0,0
0,0,0
0,0,0
0,0,0
0,0,0
0,0,0
0,0,0
0,0,0
0,0,0
0,0,0
0,0,0
0,0,0
0,0,0
0,0,0
0,0,0
0,0,0
0,0,0
0,0,0
0,0,0
0,0,0
0,0,0
0,0,0
0,0,0
0,0,0
0,0,0
0,0,0
0,0,0
0,0,0
0,0,0
0,0,0
0,0,0
0,0,0
0,0,0
0,0,0
0,0,0
0,0,0
0,0,0
0,0,0
0,0,0
0,0,0
0,0,0
0,0,0
0,0,0
0,0,0
0,0,0
0,0,0
0,0,0
0,0,0
0,0,0
0,0,0
0,0,0
0,0,0
0,0,0
0,0,0
0,0,0
0,0,0
0,0,0
0,0,0
0,0,0
0,0,0
0,0,0
0,0,0
0,0,0
0,0,0
0,0,0
0,0,0
0,0,0
0,0,0
0,0,0
0,0,0
0,0,0
0,0,0
0,0,0
0,0,0
0,0,0
0,0,0
0,0,0
0,0,0
0,0,0
0,0,0
0,0,0
0,0,0
0,0,0
0,0,0
0,0,0
0,0,0
0,0,0
0,0,0
0,0,0
0,0,0
0,0,0
0,0,0
0,0,0
0,0,0
0,0,0
0,0,0
0,0,0
0,0,0
0,0,0
0,0,0
0,0,0
0,0,0
0,0,0
0,0,0
0,0,0
0,0,0
0,0,0
0,0,0
0,0,0
0,0,0
0,0,0
0,0,0
0,0,0
0,0,0
0,0,0
0,0,0
0,0,0
0,0,0
0,0,0
0,0,0
0,0,0
0,0,0
0,0,0
0,0,0
0,0,0
0,0,0
0,0,0
0,0,0
0,0,0
0,0,0
0,0,0
0,0,0
0,0,0
0,0,0
0,0,0
0,0,0
0,0,0
0,0,0
0,0,0
0,0,0
0,0,0
0,0,0
0,0,0
0,0,0
0,0,0
0,0,0
0,0,0
0,0,0
0,0,0
0,0,0
0,0,0
0,0,0
0,0,0
0,0,0
0,0,0
0,0,0
0,0,0
0,0,0
0,0,0
0,0,0
0,0,0
0,0,0
0,0,0
0,0,0
0,0,0
0,0,0
0,0,0
0,0,0
0,0,0
0,0,0
0,0,0
0,0,0
0,0,0
0,0,0
0,0,0
0,0,0
0,0,0
0,0,0
0,0,0
0,0,0
0,0,0
0,0,0
0,0,0
0,0,0
0,0,0
0,0,0
0,0,0
0,0,0
0,0,0
0,0,0
0,0,0
0,0,0
0,0,0
0,0,0
0,0,0
0,0,0
0,0,0
0,0,0
0,0,0
0,0,0
0,0,0
0,0,0
0,0,0
0,0,0
0,0,0
0,0,0
0,0,0
0,0,0
0,0,0
0,0,0
0,0,0
0,0,0
0,0,0
0,0,0
0,0,0
0,0,0
0,0,0
0,0,0
0,0,0
0,0,0
0,0,0
0,0,0
0,0,0
0,0,0
0,0,0
0,0,0
0,0,0
0,0,0
0,0,0
0,0,0
0,0,0
0,0,0
0,0,0
0,0,0
0,0,0
0,0,0
0,0,0
0,0,0
0,0,0
0,0,0
0,0,0
0,0,0
0,0,0
0,0,0
0,0,0
0,0,0
0,0,0
0,0,0
0,0,0
0,0,0
0,0,0
0,0,0
0,0,0
0,0,0
0,0,0
0,0,0
0,0,0
31.7755,53.7522,-0.682948
0,0,0
0,0,0
0,0,0
0,0,0
0,0,0
0,0,0
0,0,0
0,0,0
0,0,0
0,0,0
0,0,0
0,0,0
0,0,0
0,0,0
0,0,0
0,0,0
0,0,0
0,0,0
0,0,0
0,0,0
0,0,0
0,0,0
0,0,0
0,0,0
0,0,0
0,0,0
0,0,0
0,0,0
0,0,0
0,0,0
0,0,0
0,0,0
0,0,0
0,0,0
0,0,0
0,0,0
0,0,0
0,0,0
0,0,0
0,0,0
0,0,0
0,0,0
0,0,0
35.1609,33.8858,-0.526164
35.3805,33.6812,-0.52636
0,0,0
0,0,0
0,0,0
0,0,0
36.1415,32.3513,-0.522409
36.3078,32.1011,-0.521925
36.48,31.8567,-0.521557
0,0,0
34.2771,29.1994,-0.482346
37.0916,31.2062,-0.522029
37.3308,31.0183,-0.522755
0,0,0
33.2517,26.9461,-0.456671
33.4437,26.7634,-0.457074
0,0,0
0,0,0
0,0,0
0,0,0
0,0,0
0,0,0
0,0,0
0,0,0
0,0,0
0,0,0
0,0,0
0,0,0
0,0,0
0,0,0
0,0,0
0,0,0
0,0,0
0,0,0
0,0,0
31.9078,19.6586,-0.395367
32.038,19.4686,-0.395505
32.1663,19.2773,-0.395632
0,0,0
0,0,0
33.7616,19.3978,-0.412185
0,0,0
0,0,0
33.9798,18.6998,-0.410434
0,0,0
34.1238,18.2371,-0.409351
0,0,0
0,0,0
34.2917,17.5231,-0.407255
0,0,0
0,0,0
0,0,0
0,0,0
0,0,0
0,0,0
0,0,0
0,0,0
0,0,0
0,0,0
0,0,0
33.9499,14.305,-0.388029
0,0,0
0,0,0
0,0,0
0,0,0
0,0,0
0,0,0
0,0,0
0,0,0
33.7283,12.0661,-0.376292
0,0,0
0,0,0
28.4167,9.57974,-0.30909
28.492,9.41084,-0.309298
28.5207,9.22661,-0.308952
28.5101,9.0303,-0.308146
28.5573,8.85283,-0.308054
28.6551,8.69078,-0.308583
0,0,0
0,0,0
0,0,0
0,0,0
29.2297,7.89452,-0.312419
29.3365,7.73057,-0.313122
29.4609,7.57032,-0.314043
29.5679,7.40471,-0.314769
29.6827,7.24021,-0.315598
29.7908,7.07319,-0.316359
29.9018,6.90601,-0.317165
29.9934,6.73358,-0.317753
30.1084,6.56561,-0.318628
30.1833,6.38819,-0.319043
30.2484,6.2083,-0.319354
30.2899,6.02336,-0.3194
30.3115,5.83456,-0.319227
29.8906,5.56357,-0.313882
29.1871,5.24754,-0.305254
28.9084,5.01452,-0.301626
28.6999,4.79716,-0.298838
28.5165,4.58683,-0.296362
28.1953,4.35786,-0.292296
27.8862,4.13506,-0.288391
27.5319,3.91003,-0.283979
27.3592,3.71439,-0.281698
26.957,3.49148,-0.276768
26.712,3.29322,-0.273681
26.4049,3.09102,-0.269891
26.2167,2.90603,-0.267495
25.8074,2.70047,-0.262554
25.5896,2.51906,-0.259847
25.3327,2.33692,-0.256702
25.1673,2.16601,-0.254629
24.8073,1.98177,-0.250321
24.6146,1.81445,-0.247959
24.3848,1.64715,-0.245183
24.2158,1.48653,-0.243121
23.878,1.31879,-0.239124
23.605,1.15848,-0.235888
23.4858,1.00822,-0.234436
23.1358,0.851015,-0.230335
22.9637,0.703623,-0.228297
22.7806,0.558131,-0.226143
22.7317,0.417387,-0.225544
22.5668,0.275862,-0.22362
22.2871,0.135684,-0.220383
22.1505,-0.00106082,-0.218805
21.9781,-0.135907,-0.216824
21.8389,-0.269058,-0.215234
21.6729,-0.400024,-0.213345
21.4791,-0.528299,-0.211145
21.3645,-0.656671,-0.209866
21.2212,-0.782623,-0.208265
20.9772,-0.902542,-0.205512
20.7625,-1.02097,-0.203105
20.698,-1.14514,-0.202437
20.486,-1.25954,-0.200075
20.392,-1.37941,-0.199085
20.2526,-1.49486,-0.197576
20.0925,-1.60706,-0.195836
19.9906,-1.72242,-0.194777
19.8781,-1.83566,-0.193602
19.7033,-1.94151,-0.191713
19.5756,-2.05029,-0.190376
19.4673,-2.15978,-0.189271
19.3643,-2.26871,-0.188234
19.2954,-2.38075,-0.1876
19.1277,-2.4793,-0.185826
19.0497,-2.58814,-0.185101
18.9167,-2.68837,-0.183741
18.7791,-2.78648,-0.182336
18.6461,-2.88377,-0.180988
18.5263,-2.98176,-0.179802
18.5087,-3.09555,-0.179813
18.4647,-3.20478,-0.179526
18.3345,-3.29819,-0.178235
18.1065,-3.37199,-0.175805
18.1198,-3.48965,-0.176208
17.6665,-3.5149,-0.17114
17.8719,-3.6699,-0.173812
17.7571,-3.76002,-0.172729
17.7542,-3.87338,-0.172971
17.7115,-3.97808,-0.172752
17.3331,-4.00496,-0.168571
17.1954,-4.08443,-0.167235
17.1574,-4.18678,-0.167085
17.1071,-4.2859,-0.166797
16.9798,-4.36489,-0.165599
16.9362,-4.46466,-0.165403
16.729,-4.51998,-0.163261
16.7067,-4.62414,-0.16333
16.5328,-4.68539,-0.161591
16.4989,-4.78536,-0.161533
16.4539,-4.88195,-0.161349
16.259,-4.93288,-0.159367
16.0976,-4.99197,-0.157789
15.7521,-4.99098,-0.153988
15.7564,-5.09893,-0.154414
15.9109,-5.257,-0.156672
15.8679,-5.35101,-0.156545
15.7176,-5.40793,-0.155117
15.4227,-5.41255,-0.151926
15.3732,-5.50135,-0.15173
15.5562,-5.67474,-0.154391
15.4826,-5.75579,-0.153919
15.3096,-5.79862,-0.152226
15.3241,-5.91188,-0.152848
15.3015,-6.01128,-0.15302
15.1956,-6.07758,-0.152168
15.1589,-6.17108,-0.15218
15.0755,-6.24522,-0.151615
14.907,-6.28285,-0.149991
14.9068,-6.39074,-0.150475
14.5593,-6.3478,-0.146604
14.5512,-6.4508,-0.146996
14.4876,-6.52928,-0.146697
14.4236,-6.60722,-0.146397
14.3484,-6.67956,-0.145959
14.2917,-6.76021,-0.145764
13.6849,-6.5762,-0.138541
14.1691,-6.91622,-0.145268
13.7949,-6.83869,-0.141006
14.4011,-7.24965,-0.149369
13.3315,-6.81404,-0.136111
13.9179,-7.22179,-0.144266
13.7742,-7.25486,-0.142976
13.5628,-7.25014,-0.140799
13.119,-7.11675,-0.135569
13.8004,-7.59638,-0.145107
13.7718,-7.69115,-0.145349
13.2137,-7.48617,-0.138587
12.9326,-7.43208,-0.135466
13.0802,-7.62409,-0.138046
12.8843,-7.61617,-0.136053
13.4497,-8.06217,-0.144278
13.3965,-8.14247,-0.144232
13.2331,-8.15474,-0.1427
13.2464,-8.27552,-0.143563
13.1853,-8.35022,-0.143425
13.0479,-8.37587,-0.14225
12.9636,-8.4345,-0.141801
12.8515,-8.47425,-0.140972
13.1759,-8.80463,-0.14619
12.4352,-8.42051,-0.136641
12.3429,-8.46893,-0.136076
12.2497,-8.51596,-0.1355
12.7531,-8.98253,-0.143333
12.6457,-9.02344,-0.142596
12.6881,-9.17174,-0.14399
12.0798,-8.84533,-0.136111
12.5642,-9.31901,-0.14384
12.4756,-9.3725,-0.143391
12.4107,-9.44342,-0.143287
12.1933,-9.39671,-0.140972
11.7933,-9.20433,-0.135972
11.3789,-8.99377,-0.13072
11.2954,-9.04093,-0.130305
11.7912,-9.55711,-0.138484
11.6628,-9.57219,-0.137447
11.5485,-9.59755,-0.136618
10.7954,-9.08427,-0.12617
10.7151,-9.12958,-0.125801
11.0988,-9.57466,-0.132494
11.0617,-9.66165,-0.132828
10.5003,-9.28552,-0.12511
10.8969,-9.75598,-0.132125
11.222,-10.1719,-0.138115
11.1373,-10.2203,-0.137769
11.0685,-10.283,-0.137677
10.8413,-10.1965,-0.135086
10.6432,-10.1339,-0.132931
10.5671,-10.1858,-0.132713
10.5101,-10.2561,-0.132805
10.7728,-10.6422,-0.13808
10.4895,-10.4903,-0.134533
10.4271,-10.5566,-0.134567
10.4145,-10.6741,-0.135431
10.0393,-10.4167,-0.130294
9.96073,-10.4629,-0.130052
9.79839,-10.4196,-0.128405
9.6771,-10.418,-0.127437
10.0652,-10.9701,-0.135143
9.82853,-10.845,-0.13224
9.13358,-10.2032,-0.12139
9.10325,-10.2958,-0.121954
9.05109,-10.3643,-0.12215
9.27011,-10.7475,-0.127137
9.44066,-11.082,-0.131342
9.37056,-11.1374,-0.131307
9.2343,-11.1132,-0.130086
9.17609,-11.182,-0.130271
9.08653,-11.2124,-0.12989
9.533,-11.9121,-0.139394
9.15098,-11.5796,-0.133657
8.95981,-11.4818,-0.131411
8.99904,-11.6792,-0.133484
8.48525,-11.1532,-0.125076
8.60342,-11.4537,-0.128658
8.8826,-11.9778,-0.13542
8.59571,-11.7408,-0.131261
8.45849,-11.7034,-0.129983
8.36271,-11.7217,-0.12951
8.24458,-11.7074,-0.128589
7.90436,-11.3718,-0.123175
7.94926,-11.5875,-0.125513
8.00246,-11.8199,-0.128071
7.58205,-11.3483,-0.12086
7.51283,-11.3954,-0.120871
8.18756,-12.5863,-0.136606
7.77586,-12.1154,-0.129476
7.62007,-12.0344,-0.127725
7.25157,-11.6094,-0.12132
7.62235,-12.3714,-0.131031
7.49593,-12.335,-0.129914
7.31422,-12.2041,-0.127541
7.21681,-12.2109,-0.127034
7.14477,-12.2601,-0.127103
7.2318,-12.5864,-0.130858
7.18351,-12.6818,-0.131538
7.03586,-12.6008,-0.12989
6.99649,-12.713,-0.1308
7.07138,-13.0378,-0.134498
7.00916,-13.1145,-0.134936
6.64996,-12.6281,-0.128047
6.62392,-12.7681,-0.129338
6.57002,-12.8566,-0.12996
6.4991,-12.9127,-0.130167
6.78208,-13.6835,-0.139566
6.25113,-12.8091,-0.127829
6.45041,-13.4259,-0.135224
6.26403,-13.2455,-0.132425
6.29234,-13.5194,-0.13542
6.02816,-13.1623,-0.130409
5.98548,-13.2838,-0.13148
6.02622,-13.5964,-0.134959
5.81802,-13.3471,-0.131365
5.73562,-13.3816,-0.131353
5.66894,-13.4534,-0.131814
5.60656,-13.5369,-0.132425
5.64401,-13.8674,-0.136111
5.83018,-14.5805,-0.144531
5.22412,-13.3009,-0.128255
5.07224,-13.1508,-0.126009
4.96667,-13.1162,-0.125202
4.96656,-13.3629,-0.127863
5.03658,-13.8103,-0.132978
5.01743,-14.0245,-0.135224
5.00079,-14.2532,-0.137643
4.96398,-14.4311,-0.13944
4.75843,-14.1145,-0.135224
4.63693,-14.038,-0.133945
4.52731,-13.9939,-0.13307
0,0,0
0,0,0
0,0,0
0,0,0
0,0,0
0,0,0
0,0,0
0,0,0
0,0,0
0,0,0
0,0,0
0,0,0
0,0,0
0,0,0
0,0,0
0,0,0
0,0,0
0,0,0
0,0,0
0,0,0
0,0,0
0,0,0
0,0,0
0,0,0
0,0,0
0,0,0
0,0,0
0,0,0
0,0,0
0,0,0
0,0,0
0,0,0
0,0,0
0,0,0
0,0,0
0,0,0
0,0,0
0,0,0
0,0,0
0,0,0
0,0,0
0,0,0
0,0,0
0,0,0
0,0,0
0,0,0
0,0,0
0,0,0
0,0,0
0,0,0
0,0,0
0,0,0
0,0,0
0,0,0
0,0,0
0,0,0
0,0,0
0,0,0
0,0,0
0,0,0
0,0,0
0,0,0
0,0,0
0,0,0
0,0,0
0,0,0
0,0,0
0,0,0
0,0,0
0,0,0
0,0,0
0,0,0
0,0,0
0,0,0
0,0,0
0,0,0
0,0,0
0,0,0
0,0,0
0,0,0
0,0,0
0,0,0
0,0,0
0,0,0
0,0,0
0,0,0
0,0,0
0,0,0
0,0,0
0,0,0
0,0,0
0,0,0
0,0,0
0,0,0
0,0,0
0,0,0
0,0,0
0,0,0
0,0,0
0,0,0
0,0,0
0,0,0
0,0,0
0,0,0
0,0,0
0,0,0
0,0,0
0,0,0
0,0,0
0,0,0
0,0,0
0,0,0
0,0,0
0,0,0
0,0,0
0,0,0
0,0,0
0,0,0
0,0,0
0,0,0
0,0,0
0,0,0
0,0,0
0,0,0
0,0,0
0,0,0
0,0,0
0,0,0
0,0,0
0,0,0
0,0,0
0,0,0
0,0,0
0,0,0
0,0,0
0,0,0
0,0,0
0,0,0
0,0,0
0,0,0
0,0,0
0,0,0
0,0,0
0,0,0
0,0,0
0,0,0
0,0,0
0,0,0
0,0,0
0,0,0
0,0,0
0,0,0
0,0,0
0,0,0
0,0,0
0,0,0
0,0,0
0,0,0
0,0,0
0,0,0
0,0,0
0,0,0
0,0,0
0,0,0
0,0,0
0,0,0
0,0,0
0,0,0
0,0,0
0,0,0
0,0,0
0,0,0
0,0,0
0,0,0
0,0,0
0,0,0
0,0,0
0,0,0
0,0,0
0,0,0
0,0,0
0,0,0
0,0,0
0,0,0
0,0,0
0,0,0
0,0,0
0,0,0
0,0,0
0,0,0
0,0,0
0,0,0
0,0,0
0,0,0
0,0,0
0,0,0
0,0,0
0,0,0
0,0,0
0,0,0
0,0,0
0,0,0
0,0,0
0,0,0
0,0,0
0,0,0
0,0,0
0,0,0
0,0,0
0,0,0
0,0,0
0,0,0
0,0,0
0,0,0
0,0,0
0,0,0
0,0,0
0,0,0
0,0,0
0,0,0
0,0,0
0,0,0
0,0,0
0,0,0
0,0,0
0,0,0
0,0,0
0,0,0
0,0,0
0,0,0
0,0,0
0,0,0
0,0,0
0,0,0
0,0,0
0,0,0
0,0,0
0,0,0
0,0,0
0,0,0
0,0,0
0,0,0
0,0,0
0,0,0
0,0,0
0,0,0
0,0,0
0,0,0
0,0,0
0,0,0
0,0,0
0,0,0
0,0,0
0,0,0
0,0,0
0,0,0
0,0,0
0,0,0
0,0,0
0,0,0
0,0,0
0,0,0
0,0,0
0,0,0
0,0,0
0,0,0
0,0,0
0,0,0
0,0,0
0,0,0
0,0,0
0,0,0
0,0,0
0,0,0
0,0,0
0,0,0
0,0,0
0,0,0
0,0,0
0,0,0
0,0,0
0,0,0
0,0,0
0,0,0
0,0,0
0,0,0
0,0,0
0,0,0
0,0,0
0,0,0
0,0,0
0,0,0
0,0,0
0,0,0
0,0,0
0,0,0
0,0,0
0,0,0
0,0,0
0,0,0
0,0,0
0,0,0
0,0,0
0,0,0
0,0,0
0,0,0
0,0,0
0,0,0
0,0,0
0,0,0
0,0,0
0,0,0
0,0,0
0,0,0
0,0,0
0,0,0
0,0,0
0,0,0
0,0,0
0,0,0
0,0,0
0,0,0
0,0,0
0,0,0
0,0,0
0,0,0
0,0,0
0,0,0
0,0,0
0,0,0
0,0,0
0,0,0
0,0,0
0,0,0
0,0,0
0,0,0
0,0,0
0,0,0
0,0,0
0,0,0
0,0,0
0,0,0
0,0,0
0,0,0
0,0,0
0,0,0
0,0,0
0,0,0
0,0,0
0,0,0
0,0,0
0,0,0
0,0,0
0,0,0
0,0,0
0,0,0
0,0,0
0,0,0
0,0,0
0,0,0
0,0,0
0,0,0
0,0,0
0,0,0
0,0,0
0,0,0
0,0,0
0,0,0
0,0,0
0,0,0
0,0,0
0,0,0
0,0,0
0,0,0
0,0,0
0,0,0
0,0,0
0,0,0
0,0,0
0,0,0
0,0,0
0,0,0
0,0,0
0,0,0
0,0,0
0,0,0
0,0,0
0,0,0
0,0,0
0,0,0
0,0,0
0,0,0
0,0,0
0,0,0
0,0,0
0,0,0
0,0,0
0,0,0
0,0,0
0,0,0
0,0,0
0,0,0
0,0,0
0,0,0
0,0,0
0,0,0
0,0,0
0,0,0
0,0,0
0,0,0
0,0,0
0,0,0
0,0,0
0,0,0
0,0,0
0,0,0
0,0,0
0,0,0
0,0,0
0,0,0
0,0,0
0,0,0
0,0,0
0,0,0
0,0,0
0,0,0
0,0,0
0,0,0
0,0,0
0,0,0
0,0,0
0,0,0
0,0,0
0,0,0
0,0,0
0,0,0
0,0,0
0,0,0
0,0,0
0,0,0
0,0,0
0,0,0
0,0,0
0,0,0
0,0,0
0,0,0
0,0,0
0,0,0
0,0,0
0,0,0
0,0,0
0,0,0
0,0,0
0,0,0
0,0,0
0,0,0
0,0,0
0,0,0
0,0,0
0,0,0
0,0,0
0,0,0
0,0,0
0,0,0
0,0,0
0,0,0
0,0,0
0,0,0
0,0,0
0,0,0
0,0,0
0,0,0
0,0,0
0,0,0
0,0,0
0,0,0
0,0,0
0,0,0
0,0,0
0,0,0
0,0,0
0,0,0
0,0,0
0,0,0
0,0,0
0,0,0
0,0,0
0,0,0
0,0,0
0,0,0
0,0,0
0,0,0
0,0,0
0,0,0
0,0,0
0,0,0
0,0,0
0,0,0
0,0,0
0,0,0
0,0,0
0,0,0
0,0,0
0,0,0
0,0,0
0,0,0
0,0,0
0,0,0
0,0,0
0,0,0
0,0,0
0,0,0
0,0,0
0,0,0
0,0,0
0,0,0
0,0,0
0,0,0
0,0,0
0,0,0
0,0,0
0,0,0
0,0,0
0,0,0
0,0,0
0,0,0
0,0,0
0,0,0
0,0,0
0,0,0
0,0,0
0,0,0
0,0,0
0,0,0
0,0,0
0,0,0
0,0,0
0,0,0
0,0,0
0,0,0
0,0,0
0,0,0
0,0,0
0,0,0
0,0,0
0,0,0
0,0,0
0,0,0
0,0,0
0,0,0
0,0,0
0,0,0
0,0,0
0,0,0
0,0,0
0,0,0
0,0,0
0,0,0
0,0,0
0,0,0
0,0,0
0,0,0
0,0,0
0,0,0
0,0,0
0,0,0
0,0,0
0,0,0
0,0,0
0,0,0
0,0,0
0,0,0
0,0,0
0,0,0
0,0,0
0,0,0
0,0,0
0,0,0
0,0,0
0,0,0
0,0,0
0,0,0
0,0,0
0,0,0
0,0,0
0,0,0
0,0,0
0,0,0
0,0,0
0,0,0
0,0,0
0,0,0
0,0,0
0,0,0
0,0,0
0,0,0
0,0,0
0,0,0
0,0,0
0,0,0
0,0,0
0,0,0
0,0,0
0,0,0
0,0,0
0,0,0
0,0,0
0,0,0
0,0,0
0,0,0
0,0,0
0,0,0
0,0,0
0,0,0
0,0,0
0,0,0
0,0,0
0,0,0
0,0,0
0,0,0
0,0,0
0,0,0
0,0,0
0,0,0
0,0,0
0,0,0
0,0,0
0,0,0
0,0,0
0,0,0
0,0,0
0,0,0
0,0,0
0,0,0
0,0,0
0,0,0
0,0,0
0,0,0
0,0,0
0,0,0
0,0,0
0,0,0
0,0,0
0,0,0
0,0,0
0,0,0
0,0,0
0,0,0
0,0,0
0,0,0
0,0,0
0,0,0
0,0,0
0,0,0
0,0,0
0,0,0
0,0,0
0,0,0
0,0,0
0,0,0
0,0,0
0,0,0
0,0,0
0,0,0
0,0,0
0,0,0
0,0,0
0,0,0
0,0,0
0,0,0
0,0,0
0,0,0
0,0,0
0,0,0
0,0,0
0,0,0
0,0,0
0,0,0
0,0,0
0,0,0
0,0,0
0,0,0
0,0,0
0,0,0
16.0268,21.0558,-0.596282
0,0,0
0,0,0
0,0,0
0,0,0
0,0,0
25.813,31.4416,-0.936336
25.8208,31.0605,-0.929427
0,0,0
0,0,0
0,0,0
25.3512,29.0164,-0.884932
25.4414,28.7614,-0.881777
25.61,28.5966,-0.881514
25.7232,28.3708,-0.879314
25.8563,28.1682,-0.877879
25.9959,27.9739,-0.876732
26.1328,27.7774,-0.875536
26.2435,27.5543,-0.87348
26.3781,27.3575,-0.872309
26.4058,27.052,-0.867527
0,0,0
0,0,0
26.1403,25.8119,-0.842016
0,0,0
0,0,0
26.2626,24.9949,-0.830516
0,0,0
0,0,0
26.3912,24.2072,-0.819901
0,0,0
26.4128,23.6368,-0.811126
26.2885,23.2366,-0.802543
26.3899,23.0393,-0.801252
21.8981,18.8821,-0.654954
21.9473,18.691,-0.652874
21.9928,18.498,-0.650723
22.0797,18.341,-0.64991
22.045,18.0847,-0.645367
22.1213,17.9214,-0.644315
22.2262,17.7816,-0.644172
22.3278,17.6393,-0.643956
22.4309,17.4983,-0.643813
22.5458,17.3664,-0.644052
22.6448,17.2223,-0.643837
22.7404,17.0758,-0.64355
22.8375,16.9306,-0.643335
22.9337,16.7849,-0.64312
23.0379,16.645,-0.643167
23.1494,16.5103,-0.643454
23.2551,16.3714,-0.643598
23.3552,16.2284,-0.643598
23.4568,16.0865,-0.643669
23.565,15.949,-0.643956
23.7472,15.8607,-0.646395
23.9759,15.8016,-0.650173
0,0,0
0,0,0
0,0,0
0,0,0
0,0,0
25.6802,15.6004,-0.682043
25.7429,15.423,-0.681134
25.7948,15.2398,-0.679963
25.8559,15.0626,-0.679078
25.9262,14.8913,-0.678481
25.9796,14.7107,-0.677453
0,0,0
26.0452,14.3286,-0.674368
26.0421,14.1195,-0.671906
26.1415,13.9665,-0.672264
25.8861,13.6265,-0.663059
25.8228,13.3915,-0.659114
25.779,13.1686,-0.655743
25.8111,12.986,-0.654452
0,0,0
0,0,0
0,0,0
0,0,0
0,0,0
0,0,0
25.4497,11.4625,-0.630974
0,0,0
25.1568,10.9612,-0.619713
25.1657,10.7819,-0.618207
24.8279,10.4573,-0.607735
24.8195,10.2749,-0.60587
24.858,10.1126,-0.605248
24.7507,9.89236,-0.600897
24.7411,9.7129,-0.599104
24.4822,9.43827,-0.590951
24.4162,9.24116,-0.587795
24.3693,9.05287,-0.585165
24.3709,8.88365,-0.583802
24.2875,8.6848,-0.580311
24.2205,8.49359,-0.577275
24.1966,8.31881,-0.575362
24.0492,8.10346,-0.570365
23.9304,7.90026,-0.566133
23.9309,7.7379,-0.564938
23.8473,7.54957,-0.561662
23.8588,7.39245,-0.560802
23.6894,7.18094,-0.555446
23.6976,7.02494,-0.554562
23.6749,6.86048,-0.552936
23.5896,6.67913,-0.54978
23.2072,6.41727,-0.539284
23.1766,6.25599,-0.537562
23.1334,6.09227,-0.535554
23.0531,5.92012,-0.532661
22.8466,5.71787,-0.526684
22.8366,5.56668,-0.525584
22.7205,5.39091,-0.521902
22.6216,5.22104,-0.518675
22.4621,5.03923,-0.513988
22.3128,4.86214,-0.509589
22.1867,4.69224,-0.505788
22.1328,4.53914,-0.503779
22.0142,4.37421,-0.500217
21.967,4.22489,-0.498424
21.9168,4.07594,-0.496583
21.8706,3.92866,-0.494862
21.8411,3.78517,-0.49357
21.7455,3.63132,-0.490701
21.6391,3.4772,-0.487593
21.6235,3.33871,-0.486709
21.5872,3.19761,-0.485346
21.4827,3.04754,-0.482357
21.3851,2.89994,-0.47956
21.2696,2.75148,-0.476356
21.2514,2.61664,-0.475519
21.2094,2.47946,-0.474133
21.105,2.33607,-0.471264
21.0334,2.19759,-0.469207
20.9729,2.06125,-0.467438
20.9364,1.92803,-0.466267
20.8621,1.79217,-0.464211
20.7831,1.65697,-0.462059
20.7071,1.5231,-0.460003
20.6492,1.39151,-0.458401
20.6075,1.26173,-0.457205
20.54,1.13113,-0.455412
20.4776,1.0017,-0.453762
20.4234,0.873471,-0.452328
20.2846,0.742861,-0.448885
20.2148,0.616126,-0.447116
20.1392,0.490152,-0.445227
20.1039,0.365878,-0.444318
20.0648,0.242019,-0.443338
20.0179,0.118612,-0.442191
19.9653,-0.00420937,-0.440923
19.9119,-0.126381,-0.439656
19.8707,-0.248058,-0.4387
19.7309,-0.367418,-0.4354
19.5594,-0.484305,-0.43136
19.537,-0.603725,-0.430906
19.53,-0.723479,-0.430834
19.5202,-0.843084,-0.430714
19.3689,-0.955658,-0.427224
19.3007,-1.07105,-0.425741
19.21,-1.1843,-0.423733
19.1086,-1.29579,-0.421486
19.0624,-1.41022,-0.420577
18.9876,-1.52189,-0.418999
18.9241,-1.63373,-0.417708
18.8301,-1.74208,-0.4157
18.7694,-1.85268,-0.414504
18.7149,-1.96333,-0.413476
18.6965,-2.07746,-0.413333
18.4312,-2.16257,-0.40726
18.366,-2.26925,-0.406017
18.3289,-2.37894,-0.405467
18.1723,-2.4721,-0.402048
18.1153,-2.57764,-0.401044
18.0477,-2.68111,-0.3998
17.8787,-2.76825,-0.396118
17.7844,-2.8655,-0.394254
17.6462,-2.95444,-0.391337
17.5066,-3.04162,-0.388396
17.3814,-3.12985,-0.385814
17.2773,-3.22069,-0.383758
17.1512,-3.30622,-0.381175
17.0345,-3.39226,-0.378832
16.9125,-3.476,-0.37637
16.7999,-3.56044,-0.374146
16.6615,-3.63808,-0.371301
16.5413,-3.71833,-0.36891
16.4422,-3.80219,-0.367045
16.3136,-3.87804,-0.364463
16.2108,-3.95886,-0.362527
16.0883,-4.03371,-0.360112
16.0012,-4.11641,-0.358582
15.8751,-4.188,-0.356095
15.7575,-4.26055,-0.353824
15.6539,-4.33581,-0.351911
15.5338,-4.40533,-0.349592
15.4354,-4.47994,-0.347823
15.3185,-4.54811,-0.345599
15.2214,-4.62111,-0.343878
15.1106,-4.68895,-0.341822
15.0187,-4.76164,-0.340244
14.9017,-4.82538,-0.338044
14.8272,-4.90198,-0.33692
14.7097,-4.96346,-0.334721
14.6099,-5.02987,-0.332975
14.526,-5.10088,-0.331637
14.4172,-5.16228,-0.329676
14.3346,-5.23214,-0.328385
14.2385,-5.29631,-0.326759
14.145,-5.36055,-0.325205
14.0605,-5.42744,-0.32389
13.9888,-5.49862,-0.32291
13.8935,-5.55984,-0.321332
13.8082,-5.62425,-0.320017
13.7153,-5.68476,-0.318511
13.6396,-5.75172,-0.317459
13.571,-5.82112,-0.316598
13.4415,-5.86351,-0.314159
13.3797,-5.93453,-0.31349
13.3102,-6.00172,-0.312629
13.2204,-6.05913,-0.311242
13.1631,-6.13085,-0.310716
13.0909,-6.19525,-0.309808
13.0445,-6.27156,-0.309593
12.9582,-6.32824,-0.308326
12.8645,-6.38053,-0.306867
12.801,-6.44721,-0.306222
12.7407,-6.51517,-0.305672
12.6499,-6.56697,-0.304309
12.6005,-6.6398,-0.30407
12.556,-6.71511,-0.303974
12.475,-6.77057,-0.302898
12.3693,-6.81179,-0.301153
12.2959,-6.87,-0.300292
12.3283,-6.98771,-0.302348
12.312,-7.07867,-0.30309
12.2632,-7.15106,-0.302946
12.201,-7.21548,-0.302444
12.1359,-7.27787,-0.30187
12.05,-7.32727,-0.300723
11.947,-7.3654,-0.299097
11.8931,-7.43327,-0.298858
11.8608,-7.51467,-0.29924
11.7783,-7.56407,-0.298212
11.7149,-7.6253,-0.297734
11.5627,-7.62768,-0.294722
11.5381,-7.71348,-0.295367
11.4078,-7.72807,-0.292976
11.4138,-7.83469,-0.29453
11.3039,-7.86177,-0.292737
11.1778,-7.87629,-0.290466
11.0341,-7.87677,-0.287668
10.9426,-7.91328,-0.286401
10.8664,-7.96019,-0.285588
10.8198,-8.02851,-0.28566
10.7815,-8.10315,-0.285995
10.7698,-8.19822,-0.287142
10.6892,-8.24095,-0.286234
10.6266,-8.29716,-0.285875
10.5598,-8.3498,-0.285397
10.5091,-8.41506,-0.285421
10.3998,-8.4328,-0.283652
10.3317,-8.48313,-0.28315
10.3171,-8.57768,-0.284321
10.2673,-8.6434,-0.284417
10.1403,-8.64334,-0.282098
10.1181,-8.73217,-0.283078
10.0192,-8.75463,-0.281643
9.95553,-8.80733,-0.281333
9.91173,-8.87758,-0.281667
9.90965,-8.98591,-0.283365
9.84917,-9.04181,-0.283197
9.77667,-9.08642,-0.282648
9.65884,-9.08802,-0.280615
9.63112,-9.174,-0.281548
9.57537,-9.23362,-0.281572
9.43125,-9.207,-0.278655
9.41938,-9.30897,-0.280161
9.34725,-9.35174,-0.279659
9.2363,-9.35486,-0.277842
9.15988,-9.39203,-0.277196
9.19017,-9.53949,-0.280233
9.08253,-9.54428,-0.278535
8.93067,-9.50078,-0.275284
8.88037,-9.56419,-0.275571
8.82963,-9.62733,-0.275858
8.79523,-9.70874,-0.276742
8.76482,-9.7953,-0.277794
8.7072,-9.8519,-0.27789
8.60451,-9.85694,-0.27636
8.54778,-9.91409,-0.276503
8.49651,-9.97777,-0.276862
8.42677,-10.0198,-0.276551
8.36704,-10.0736,-0.276623
8.17826,-9.97017,-0.271841
8.07161,-9.96423,-0.270119
8.1827,-10.229,-0.276718
8.09809,-10.2516,-0.275881
8.05225,-10.3231,-0.276551
8.00401,-10.3922,-0.277149
7.77548,-10.2246,-0.270645
7.82065,-10.4161,-0.274949
7.77029,-10.4823,-0.275499
7.70287,-10.5258,-0.275379
7.644,-10.5809,-0.275618
7.62015,-10.6854,-0.277316
7.42034,-10.5415,-0.271745
7.3926,-10.6402,-0.273299
7.35771,-10.7299,-0.27459
7.20544,-10.6473,-0.270908
7.13553,-10.6847,-0.270717
7.24919,-11.0004,-0.278511
7.17992,-11.0422,-0.27844
7.1115,-11.0852,-0.278416
6.84871,-10.8211,-0.269713
6.88226,-11.0232,-0.274232
6.84176,-11.1095,-0.275475
6.79007,-11.1786,-0.27624
6.73009,-11.2346,-0.276646
6.68239,-11.3119,-0.277651
6.66872,-11.4485,-0.280305
6.61428,-11.517,-0.28107
6.52132,-11.5182,-0.279994
6.44467,-11.5475,-0.279707
6.25081,-11.3635,-0.27361
6.31249,-11.6442,-0.280209
6.19381,-11.5945,-0.277818
6.07831,-11.5483,-0.275547
6.02391,-11.6173,-0.276407
5.9748,-11.6977,-0.277579
5.95818,-11.844,-0.28052
5.86409,-11.8373,-0.279372
5.77951,-11.8488,-0.278727
5.76859,-12.0129,-0.282146
5.70247,-12.0643,-0.282576
5.64816,-12.1417,-0.2837
5.58479,-12.2007,-0.284345
5.50653,-12.2274,-0.284154
5.49499,-12.4045,-0.287908
5.40799,-12.4132,-0.287262
5.31873,-12.4158,-0.286473
5.05112,-11.994,-0.274686
5.13308,-12.4007,-0.284417
5.09042,-12.5144,-0.286545
4.89368,-12.2456,-0.278822
4.81772,-12.2735,-0.278774
4.85346,-12.5911,-0.286162
4.72302,-12.4804,-0.282576
4.638,-12.4866,-0.282002
4.72223,-12.9563,-0.293239
4.53963,-12.697,-0.285923
4.49042,-12.8067,-0.288003
0,0,0
0,0,0
0,0,0
0,0,0
0,0,0
0,0,0
0,0,0
0,0,0
0,0,0
0,0,0
0,0,0
0,0,0
0,0,0
0,0,0
0,0,0
0,0,0
0,0,0
0,0,0
0,0,0
0,0,0
0,0,0
0,0,0
0,0,0
0,0,0
0,0,0
0,0,0
0,0,0
0,0,0
0,0,0
0,0,0
0,0,0
0,0,0
0,0,0
0,0,0
0,0,0
0,0,0
0,0,0
0,0,0
0,0,0
0,0,0
0,0,0
0,0,0
0,0,0
0,0,0
0,0,0
0,0,0
0,0,0
0,0,0
0,0,0
0,0,0
0,0,0
0,0,0
0,0,0
0,0,0
0,0,0
0,0,0
0,0,0
0,0,0
0,0,0
0,0,0
0,0,0
0,0,0
0,0,0
0,0,0
0,0,0
0,0,0
0,0,0
0,0,0
0,0,0
0,0,0
0,0,0
0,0,0
0,0,0
0,0,0
0,0,0
0,0,0
0,0,0
0,0,0
0,0,0
0,0,0
0,0,0
0,0,0
0,0,0
0,0,0
0,0,0
0,0,0
0,0,0
0,0,0
0,0,0
0,0,0
0,0,0
0,0,0
0,0,0
0,0,0
0,0,0
0,0,0
0,0,0
0,0,0
0,0,0
0,0,0
0,0,0
0,0,0
0,0,0
0,0,0
0,0,0
0,0,0
0,0,0
0,0,0
0,0,0
0,0,0
0,0,0
0,0,0
0,0,0
0,0,0
0,0,0
0,0,0
0,0,0
0,0,0
0,0,0
0,0,0
0,0,0
0,0,0
0,0,0
0,0,0
0,0,0
0,0,0
0,0,0
0,0,0
0,0,0
0,0,0
0,0,0
0,0,0
0,0,0
0,0,0
0,0,0
0,0,0
0,0,0
0,0,0
0,0,0
0,0,0
0,0,0
0,0,0
0,0,0
0,0,0
0,0,0
0,0,0
0,0,0
0,0,0
0,0,0
0,0,0
0,0,0
0,0,0
0,0,0
0,0,0
0,0,0
0,0,0
0,0,0
0,0,0
0,0,0
0,0,0
0,0,0
0,0,0
0,0,0
0,0,0
0,0,0
0,0,0
0,0,0
0,0,0
0,0,0
0,0,0
0,0,0
0,0,0
0,0,0
0,0,0
0,0,0
0,0,0
0,0,0
0,0,0
0,0,0
0,0,0
0,0,0
0,0,0
0,0,0
0,0,0
0,0,0
0,0,0
0,0,0
0,0,0
0,0,0
0,0,0
0,0,0
0,0,0
0,0,0
0,0,0
0,0,0
0,0,0
0,0,0
0,0,0
0,0,0
0,0,0
0,0,0
0,0,0
0,0,0
0,0,0
0,0,0
0,0,0
0,0,0
0,0,0
0,0,0
0,0,0
0,0,0
0,0,0
0,0,0
0,0,0
0,0,0
0,0,0
0,0,0
0,0,0
0,0,0
0,0,0
0,0,0
0,0,0
0,0,0
0,0,0
0,0,0
0,0,0
0,0,0
0,0,0
0,0,0
0,0,0
0,0,0
0,0,0
0,0,0
0,0,0
0,0,0
0,0,0
0,0,0
0,0,0
0,0,0
0,0,0
0,0,0
0,0,0
0,0,0
0,0,0
0,0,0
0,0,0
0,0,0
0,0,0
0,0,0
0,0,0
0,0,0
0,0,0
0,0,0
0,0,0
0,0,0
0,0,0
0,0,0
0,0,0
0,0,0
0,0,0
0,0,0
0,0,0
0,0,0
0,0,0
0,0,0
0,0,0
0,0,0
0,0,0
0,0,0
0,0,0
0,0,0
0,0,0
0,0,0
0,0,0
0,0,0
0,0,0
0,0,0
0,0,0
0,0,0
0,0,0
0,0,0
0,0,0
0,0,0
0,0,0
0,0,0
0,0,0
0,0,0
0,0,0
0,0,0
0,0,0
0,0,0
0,0,0
0,0,0
0,0,0
0,0,0
0,0,0
0,0,0
0,0,0
0,0,0
0,0,0
0,0,0
0,0,0
0,0,0
0,0,0
0,0,0
0,0,0
0,0,0
0,0,0
0,0,0
0,0,0
0,0,0
0,0,0
0,0,0
0,0,0
0,0,0
0,0,0
0,0,0
0,0,0
0,0,0
0,0,0
0,0,0
0,0,0
0,0,0
0,0,0
0,0,0
0,0,0
0,0,0
0,0,0
0,0,0
0,0,0
0,0,0
0,0,0
0,0,0
0,0,0
0,0,0
0,0,0
0,0,0
0,0,0
0,0,0
0,0,0
0,0,0
0,0,0
0,0,0
0,0,0
0,0,0
0,0,0
0,0,0
0,0,0
0,0,0
0,0,0
0,0,0
0,0,0
0,0,0
0,0,0
0,0,0
0,0,0
0,0,0
0,0,0
0,0,0
0,0,0
0,0,0
0,0,0
0,0,0
0,0,0
0,0,0
0,0,0
0,0,0
0,0,0
0,0,0
0,0,0
0,0,0
0,0,0
0,0,0
0,0,0
0,0,0
0,0,0
0,0,0
0,0,0
0,0,0
0,0,0
0,0,0
0,0,0
0,0,0
0,0,0
0,0,0
0,0,0
0,0,0
0,0,0
0,0,0
0,0,0
0,0,0
0,0,0
0,0,0
0,0,0
0,0,0
0,0,0
0,0,0
0,0,0
0,0,0
0,0,0
0,0,0
0,0,0
0,0,0
0,0,0
0,0,0
0,0,0
0,0,0
0,0,0
0,0,0
0,0,0
0,0,0
0,0,0
0,0,0
0,0,0
0,0,0
0,0,0
0,0,0
0,0,0
0,0,0
0,0,0
0,0,0
0,0,0
0,0,0
0,0,0
0,0,0
0,0,0
0,0,0
0,0,0
0,0,0
0,0,0
0,0,0
0,0,0
0,0,0
0,0,0
0,0,0
0,0,0
0,0,0
0,0,0
0,0,0
0,0,0
0,0,0
0,0,0
0,0,0
0,0,0
0,0,0
0,0,0
0,0,0
0,0,0
0,0,0
0,0,0
0,0,0
0,0,0
0,0,0
0,0,0
0,0,0
0,0,0
0,0,0
0,0,0
0,0,0
0,0,0
0,0,0
0,0,0
0,0,0
0,0,0
0,0,0
0,0,0
0,0,0
0,0,0
0,0,0
0,0,0
0,0,0
0,0,0
0,0,0
0,0,0
0,0,0
0,0,0
0,0,0
0,0,0
0,0,0
0,0,0
0,0,0
0,0,0
0,0,0
0,0,0
0,0,0
0,0,0
0,0,0
0,0,0
0,0,0
0,0,0
0,0,0
0,0,0
0,0,0
0,0,0
0,0,0
0,0,0
0,0,0
0,0,0
0,0,0
0,0,0
0,0,0
0,0,0
0,0,0
0,0,0
0,0,0
0,0,0
0,0,0
0,0,0
0,0,0
0,0,0
0,0,0
0,0,0
0,0,0
0,0,0
0,0,0
0,0,0
0,0,0
0,0,0
0,0,0
0,0,0
0,0,0
0,0,0
0,0,0
0,0,0
0,0,0
0,0,0
0,0,0
0,0,0
0,0,0
0,0,0
0,0,0
0,0,0
0,0,0
0,0,0
0,0,0
0,0,0
0,0,0
0,0,0
0,0,0
0,0,0
0,0,0
0,0,0
0,0,0
0,0,0
0,0,0
0,0,0
0,0,0
0,0,0
0,0,0
0,0,0
0,0,0
0,0,0
0,0,0
0,0,0
0,0,0
0,0,0
0,0,0
0,0,0
0,0,0
0,0,0
0,0,0
0,0,0
0,0,0
0,0,0
0,0,0
0,0,0
0,0,0
0,0,0
0,0,0
0,0,0
0,0,0
0,0,0
0,0,0
0,0,0
0,0,0
0,0,0
0,0,0
0,0,0
0,0,0
0,0,0
0,0,0
0,0,0
0,0,0
0,0,0
0,0,0
0,0,0
0,0,0
0,0,0
0,0,0
0,0,0
0,0,0
0,0,0
0,0,0
0,0,0
0,0,0
0,0,0
0,0,0
0,0,0
0,0,0
0,0,0
0,0,0
0,0,0
0,0,0
0,0,0
0,0,0
0,0,0
0,0,0
0,0,0
0,0,0
0,0,0
0,0,0
0,0,0
0,0,0
0,0,0
0,0,0
9.21171,21.8557,-0.816359
9.84301,22.9588,-0.861759
9.45925,21.6952,-0.814562
9.62176,21.7035,-0.817186
8.66081,19.2169,-0.721426
8.95337,19.545,-0.736523
9.03475,19.4072,-0.733252
9.31775,19.6983,-0.747055
9.85141,20.5001,-0.781348
9.41411,19.2861,-0.735193
10.0183,20.2084,-0.774554
10.0186,19.9011,-0.764669
10.2442,20.0421,-0.772864
10.0452,19.3589,-0.747738
9.59097,18.2093,-0.703524
9.7991,18.3308,-0.710893
11.3935,21.0022,-0.822686
10.7202,19.4751,-0.762871
10.2226,18.3043,-0.717364
11.2741,19.8994,-0.785913
11.41,19.8541,-0.786919
11.448,19.6404,-0.780952
11.5678,19.5689,-0.780916
11.1425,18.5882,-0.742778
12.1891,20.054,-0.807373
11.6702,18.9375,-0.763375
11.4473,18.3231,-0.740369
11.9129,18.8106,-0.76413
11.5374,17.9727,-0.731455
11.7129,18.0021,-0.735768
12.0206,18.2294,-0.748673
12.0578,18.044,-0.743856
12.2131,18.0358,-0.746732
12.5158,18.2407,-0.758953
12.8648,18.5049,-0.773907
12.6104,17.9036,-0.750937
12.5064,17.5265,-0.737709
12.9322,17.89,-0.757264
13.0494,17.8208,-0.757731
13.1775,17.7661,-0.758881
13.3667,17.792,-0.763698
13.6844,17.984,-0.7761
14.0324,18.2084,-0.790119
14.2878,18.3063,-0.79853
14.2858,18.074,-0.791916
14.399,17.9891,-0.79206
14.4549,17.8337,-0.788968
14.3308,17.4604,-0.77574
14.4702,17.4113,-0.777573
14.5189,17.2534,-0.774338
14.5804,17.1122,-0.771894
14.8718,17.2389,-0.782174
14.7222,16.8553,-0.768227
14.7499,16.6793,-0.76413
14.876,16.6153,-0.765424
14.9414,16.4837,-0.763482
14.9389,16.279,-0.757983
15.0514,16.201,-0.758666
15.1936,16.1542,-0.76093
15.1863,15.9492,-0.755395
15.4899,16.0694,-0.766071
16.0929,16.4912,-0.79206
16.6713,16.8755,-0.816503
17.3555,17.3538,-0.846051
17.7446,17.5264,-0.860357
18.1837,17.741,-0.877036
18.3023,17.6388,-0.877539
18.361,17.4794,-0.875095
18.4599,17.3588,-0.8747
18.3793,17.0718,-0.865533
18.5493,17.0188,-0.868732
18.506,16.7712,-0.861579
18.5438,16.5993,-0.858452
18.6108,16.4548,-0.856798
18.6294,16.2686,-0.85288
18.6804,16.1122,-0.85058
0,0,0
0,0,0
18.8216,15.6392,-0.843462
0,0,0
18.8786,15.2988,-0.83728
18.9191,15.1402,-0.834835
18.9159,14.9483,-0.83045
18.9679,14.8012,-0.828653
18.7473,14.4448,-0.814526
18.7934,14.2975,-0.812621
18.8296,14.1435,-0.81032
18.8863,14.0056,-0.80899
18.9663,13.8854,-0.808739
19.0171,13.7441,-0.807229
19.0327,13.5784,-0.804209
19.0789,13.4355,-0.802592
0,0,0
19.1476,13.1354,-0.798458
19.1956,12.9958,-0.797056
19.1586,12.8,-0.792024
19.1533,12.6272,-0.788429
19.1701,12.4702,-0.785841
19.0907,12.2525,-0.779191
19.0017,12.0314,-0.772217
19.0642,11.9077,-0.77175
19.0416,11.7318,-0.767724
19.056,11.58,-0.765316
19.077,11.4331,-0.763231
19.0883,11.2812,-0.760787
19.1053,11.1337,-0.75863
19.1247,10.9884,-0.756617
19.1014,10.8196,-0.752878
19.1046,10.6671,-0.75029
19.1154,10.5198,-0.748062
19.0979,10.358,-0.744719
19.0835,10.1992,-0.741555
19.0883,10.0516,-0.739219
19.052,9.8837,-0.735265
18.9966,9.7075,-0.730592
19.0165,9.57098,-0.72901
18.9746,9.40442,-0.724984
18.9394,9.24267,-0.721282
18.9706,9.11417,-0.720275
18.9448,8.95915,-0.71704
18.9605,8.82461,-0.715495
18.9907,8.69728,-0.71456
19.0245,8.57197,-0.713805
19.0576,8.44658,-0.71305
19.088,8.3203,-0.712223
19.09,8.18215,-0.710318
19.0689,8.03499,-0.70755
18.972,7.85742,-0.701871
18.9245,7.70206,-0.698169
18.8758,7.54758,-0.694466
18.9013,7.42358,-0.693675
18.8617,7.27474,-0.690404
18.8555,7.13976,-0.688463
18.7359,6.96336,-0.682208
18.7342,6.83217,-0.680519
18.7296,6.7006,-0.678758
18.744,6.57629,-0.677751
18.7056,6.43418,-0.674768
18.6026,6.27139,-0.669376
18.5848,6.13864,-0.667255
18.5508,6.00142,-0.664559
18.5368,5.87149,-0.662654
18.5008,5.73545,-0.659958
18.4381,5.59224,-0.656291
18.3974,5.45683,-0.653488
18.3566,5.32242,-0.65072
18.2832,5.17972,-0.646766
18.2375,5.04612,-0.64389
18.2006,4.91589,-0.641374
18.185,4.79215,-0.639684
18.1337,4.65984,-0.636701
18.0786,4.5276,-0.633609
18.0362,4.39954,-0.631021
18.0055,4.27517,-0.628901
17.9544,4.14685,-0.626061
17.9161,4.02237,-0.623724
17.8585,3.89448,-0.620705
17.841,3.77614,-0.619195
17.8031,3.65414,-0.616966
17.7458,3.52905,-0.614055
17.7259,3.41216,-0.612545
17.7278,3.29986,-0.611862
17.7114,3.18448,-0.610532
17.6863,3.06806,-0.608915
17.6377,2.94828,-0.60647
17.6052,2.83191,-0.604637
17.5738,2.71635,-0.602876
17.5506,2.60261,-0.601438
17.5108,2.487,-0.599425
17.4515,2.36943,-0.596729
17.435,2.25832,-0.595614
17.4128,2.1469,-0.59432
17.3989,2.03688,-0.59335
17.3723,1.92579,-0.591948
17.2993,1.81032,-0.588893
17.2206,1.69533,-0.585657
17.1908,1.58596,-0.58422
17.1604,1.47703,-0.582782
17.1054,1.36661,-0.580481
17.0437,1.25649,-0.577965
16.9763,1.14684,-0.575269
16.9371,1.03983,-0.573615
16.8614,0.931372,-0.570668
16.8378,0.826474,-0.569625
16.7837,0.720616,-0.567505
16.7309,0.615527,-0.565456
16.6824,0.511266,-0.563587
16.6253,0.407427,-0.56143
16.5895,0.304713,-0.560064
16.5531,0.202452,-0.558698
16.502,0.100565,-0.556829
16.4734,-0.000689246,-0.555786
16.4311,-0.101508,-0.554277
16.3662,-0.201536,-0.551976
16.3027,-0.300808,-0.549747
16.2476,-0.399531,-0.547842
16.2099,-0.498141,-0.546584
16.1176,-0.594314,-0.543385
16.0787,-0.691695,-0.542127
16.0472,-0.789013,-0.541156
16.0122,-0.885806,-0.540078
15.9735,-0.982013,-0.538892
15.9412,-1.07825,-0.537957
15.9004,-1.17354,-0.536735
15.8342,-1.26638,-0.534614
15.7793,-1.35948,-0.532925
15.7279,-1.45232,-0.531379
15.6739,-1.54439,-0.529761
15.6383,-1.63783,-0.528827
15.6001,-1.73067,-0.52782
15.5386,-1.82042,-0.525987
15.4716,-1.90888,-0.523974
15.419,-1.99851,-0.5225
15.3866,-2.09039,-0.521781
15.3547,-2.18209,-0.521098
15.2718,-2.26599,-0.518582
15.2092,-2.35217,-0.516821
15.1748,-2.44227,-0.516102
15.1477,-2.53336,-0.515671
15.06,-2.61378,-0.513046
14.9925,-2.69693,-0.511177
14.9344,-2.78119,-0.509668
14.8818,-2.86597,-0.508373
14.8325,-2.95098,-0.507223
14.7808,-3.0351,-0.506001
14.6847,-3.10938,-0.503161
14.6409,-3.1941,-0.502263
14.6006,-3.27928,-0.501508
14.5481,-3.36138,-0.500322
14.4922,-3.44227,-0.499027
14.4261,-3.52023,-0.497374
14.3655,-3.59896,-0.495936
14.3054,-3.67733,-0.494534
14.213,-3.7467,-0.491946
14.155,-3.82445,-0.490652
14.1149,-3.9067,-0.490041
14.0743,-3.9886,-0.48943
14.0217,-4.06681,-0.488387
13.9505,-4.13912,-0.486662
13.9076,-4.21942,-0.486015
13.8729,-4.30201,-0.485692
13.8243,-4.38011,-0.484865
13.7696,-4.45593,-0.483822
13.7259,-4.535,-0.483211
13.6732,-4.61084,-0.482277
13.586,-4.67449,-0.480048
13.4345,-4.71474,-0.475375
13.347,-4.7762,-0.473146
13.278,-4.84362,-0.471637
13.2227,-4.9156,-0.470666
13.1755,-4.99027,-0.470019
13.1577,-5.07606,-0.470522
13.1477,-5.1651,-0.471349
13.1223,-5.24827,-0.471601
13.0852,-5.32681,-0.471421
13.0384,-5.40126,-0.470882
12.9912,-5.47534,-0.470343
12.9518,-5.55258,-0.470127
12.9093,-5.62836,-0.469803
12.8599,-5.70098,-0.469228
12.7919,-5.765,-0.467934
12.739,-5.83547,-0.467251
12.6903,-5.90762,-0.466748
12.6339,-5.97597,-0.465957
12.597,-6.05338,-0.465957
12.5749,-6.13801,-0.466568
12.5191,-6.20618,-0.465849
12.4906,-6.28782,-0.466245
12.4206,-6.34842,-0.464987
12.3832,-6.42543,-0.465059
12.3409,-6.4999,-0.464951
12.2964,-6.57314,-0.464771
12.2391,-6.63941,-0.464088
12.178,-6.7033,-0.463261
12.1079,-6.76182,-0.462075
11.9809,-6.7877,-0.458552
11.9001,-6.83868,-0.456935
11.8285,-6.89446,-0.455713
11.7946,-6.97199,-0.456072
11.665,-6.99234,-0.452441
11.6475,-7.07935,-0.45352
11.6005,-7.14859,-0.453376
11.4784,-7.17092,-0.450069
11.4283,-7.23747,-0.449817
11.361,-7.29288,-0.448847
11.2699,-7.33248,-0.44687
11.2055,-7.38883,-0.446043
11.1359,-7.44135,-0.445001
11.0304,-7.46919,-0.442412
10.9836,-7.53617,-0.442377
10.9092,-7.58402,-0.441154
10.8429,-7.63701,-0.440292
10.7649,-7.68133,-0.438926
10.6965,-7.73202,-0.437991
10.6239,-7.7792,-0.436877
10.5535,-7.82757,-0.43587
10.4885,-7.87958,-0.435115
10.4113,-7.922,-0.433821
10.3435,-7.97109,-0.432959
10.2786,-8.02211,-0.43224
10.1955,-8.05838,-0.430694
10.1326,-8.11017,-0.430083
10.0772,-8.16778,-0.429831
10.0045,-8.21108,-0.428789
9.93779,-8.25889,-0.428034
9.87087,-8.3062,-0.427279
9.80679,-8.35559,-0.426668
9.72355,-8.38819,-0.425158
9.64857,-8.42732,-0.424044
9.5832,-8.47444,-0.423397
9.51688,-8.52042,-0.422714
9.45553,-8.5706,-0.422283
9.39835,-8.6244,-0.422067
9.33208,-8.66966,-0.42142
9.26269,-8.7117,-0.420629
9.20183,-8.76148,-0.42027
9.13998,-8.81014,-0.419874
9.07717,-8.85769,-0.419443
9.01411,-8.90479,-0.419012
8.94659,-8.94721,-0.418365
8.88028,-8.99056,-0.417789
8.81169,-9.03129,-0.417106
8.74918,-9.07799,-0.416747
8.69124,-9.12933,-0.416639
8.62274,-9.16938,-0.415992
8.56223,-9.21772,-0.415776
8.49606,-9.25978,-0.415273
8.43103,-9.30285,-0.414842
8.36779,-9.3477,-0.414518
8.2977,-9.38465,-0.413835
8.2393,-9.43463,-0.413799
8.17669,-9.47971,-0.413548
8.10929,-9.51905,-0.413045
8.05524,-9.57398,-0.413296
7.99889,-9.6263,-0.41344
7.92636,-9.65898,-0.412685
7.86129,-9.70045,-0.412362
7.79974,-9.74616,-0.412254
7.74537,-9.80089,-0.412577
7.67464,-9.83484,-0.411966
7.61842,-9.88728,-0.412218
7.55095,-9.92509,-0.411822
7.48211,-9.96085,-0.411355
7.42918,-10.0178,-0.411858
7.35636,-10.0479,-0.411175
7.28696,-10.0823,-0.410708
7.23192,-10.1366,-0.411139
7.18282,-10.1996,-0.411966
7.11782,-10.2402,-0.411822
7.06164,-10.2935,-0.412254
6.99106,-10.3259,-0.411786
6.9248,-10.3645,-0.411607
6.86327,-10.4101,-0.411751
6.79763,-10.4495,-0.411643
6.73717,-10.4969,-0.411894
6.66835,-10.5313,-0.411607
6.60202,-10.5695,-0.411499
6.54124,-10.6166,-0.411786
6.47649,-10.6574,-0.411822
6.41714,-10.7072,-0.412254
6.35793,-10.7575,-0.412721
6.29281,-10.7981,-0.412793
6.22943,-10.8417,-0.413009
6.16623,-10.8858,-0.41326
6.10566,-10.9348,-0.413728
6.03507,-10.9659,-0.413476
5.96768,-11.0027,-0.413476
5.90665,-11.0515,-0.413979
5.84105,-11.0919,-0.414159
5.77703,-11.1355,-0.414482
5.7145,-11.1823,-0.41495
5.65791,-11.2413,-0.41592
5.59415,-11.2866,-0.416352
5.52699,-11.3252,-0.416531
5.45826,-11.3607,-0.416603
5.39443,-11.4066,-0.417106
5.33151,-11.4549,-0.417718
5.26653,-11.4992,-0.418185
5.20244,-11.5459,-0.41876
4.60186,-10.3825,-0.371743
4.53807,-10.4106,-0.371743
5.004,-11.6746,-0.420126
4.93343,-11.7078,-0.420234
4.86686,-11.7508,-0.420737
4.80031,-11.7943,-0.421276
4.73565,-11.843,-0.422031
4.67531,-11.9035,-0.423253
4.6047,-11.9385,-0.423505
4.53561,-11.9777,-0.423936
4.4676,-12.0203,-0.424511
4.41156,-12.0963,-0.426381
4.33961,-12.1298,-0.426632
4.27305,-12.1788,-0.427495
4.20051,-12.2114,-0.427747
4.1437,-12.2909,-0.429795
4.07448,-12.3351,-0.430514
4.01317,-12.4045,-0.432204
3.95841,-12.4966,-0.434756
3.89615,-12.5674,-0.436517
0,0,0
0,0,0
0,0,0
0,0,0
0,0,0
0,0,0
0,0,0
0,0,0
0,0,0
0,0,0
0,0,0
0,0,0
0,0,0
0,0,0
0,0,0
0,0,0
0,0,0
0,0,0
0,0,0
0,0,0
0,0,0
0,0,0
0,0,0
0,0,0
0,0,0
0,0,0
0,0,0
0,0,0
0,0,0
0,0,0
0,0,0
0,0,0
0,0,0
0,0,0
0,0,0
0,0,0
0,0,0
0,0,0
0,0,0
0,0,0
0,0,0
0,0,0
0,0,0
0,0,0
0,0,0
0,0,0
0,0,0
0,0,0
0,0,0
0,0,0
0,0,0
0,0,0
0,0,0
0,0,0
0,0,0
0,0,0
0,0,0
0,0,0
0,0,0
0,0,0
0,0,0
0,0,0
0,0,0
0,0,0
0,0,0
0,0,0
0,0,0
0,0,0
0,0,0
0,0,0
0,0,0
0,0,0
0,0,0
0,0,0
0,0,0
0,0,0
0,0,0
0,0,0
0,0,0
0,0,0
0,0,0
0,0,0
0,0,0
0,0,0
0,0,0
0,0,0
0,0,0
0,0,0
0,0,0
0,0,0
0,0,0
0,0,0
0,0,0
0,0,0
0,0,0
0,0,0
0,0,0
0,0,0
0,0,0
0,0,0
0,0,0
0,0,0
0,0,0
0,0,0
0,0,0
0,0,0
0,0,0
0,0,0
0,0,0
0,0,0
0,0,0
0,0,0
0,0,0
0,0,0
0,0,0
0,0,0
0,0,0
0,0,0
0,0,0
0,0,0
0,0,0
0,0,0
0,0,0
0,0,0
0,0,0
0,0,0
0,0,0
0,0,0
0,0,0
0,0,0
0,0,0
0,0,0
0,0,0
0,0,0
0,0,0
0,0,0
0,0,0
0,0,0
0,0,0
0,0,0
0,0,0
0,0,0
0,0,0
0,0,0
0,0,0
0,0,0
0,0,0
0,0,0
0,0,0
0,0,0
0,0,0
0,0,0
0,0,0
0,0,0
0,0,0
0,0,0
0,0,0
0,0,0
0,0,0
0,0,0
0,0,0
0,0,0
0,0,0
0,0,0
0,0,0
0,0,0
0,0,0
0,0,0
0,0,0
0,0,0
0,0,0
0,0,0
0,0,0
0,0,0
0,0,0
0,0,0
0,0,0
0,0,0
0,0,0
0,0,0
0,0,0
0,0,0
0,0,0
0,0,0
0,0,0
0,0,0
0,0,0
0,0,0
0,0,0
0,0,0
0,0,0
0,0,0
0,0,0
0,0,0
0,0,0
0,0,0
0,0,0
0,0,0
0,0,0
0,0,0
0,0,0
0,0,0
0,0,0
0,0,0
0,0,0
0,0,0
0,0,0
0,0,0
0,0,0
0,0,0
0,0,0
0,0,0
0,0,0
0,0,0
0,0,0
0,0,0
0,0,0
0,0,0
0,0,0
0,0,0
0,0,0
0,0,0
0,0,0
0,0,0
0,0,0
0,0,0
0,0,0
0,0,0
0,0,0
0,0,0
0,0,0
0,0,0
0,0,0
0,0,0
0,0,0
0,0,0
0,0,0
0,0,0
0,0,0
0,0,0
0,0,0
0,0,0
0,0,0
0,0,0
0,0,0
0,0,0
0,0,0
0,0,0
0,0,0
0,0,0
0,0,0
0,0,0
0,0,0
0,0,0
0,0,0
0,0,0
0,0,0
0,0,0
0,0,0
0,0,0
0,0,0
0,0,0
0,0,0
0,0,0
0,0,0
0,0,0
0,0,0
0,0,0
0,0,0
0,0,0
0,0,0
0,0,0
0,0,0
0,0,0
0,0,0
0,0,0
0,0,0
0,0,0
0,0,0
0,0,0
0,0,0
0,0,0
0,0,0
0,0,0
0,0,0
0,0,0
0,0,0
0,0,0
0,0,0
0,0,0
0,0,0
0,0,0
0,0,0
0,0,0
0,0,0
0,0,0
0,0,0
0,0,0
0,0,0
0,0,0
0,0,0
0,0,0
0,0,0
0,0,0
0,0,0
0,0,0
0,0,0
0,0,0
0,0,0
0,0,0
0,0,0
0,0,0
0,0,0
0,0,0
0,0,0
0,0,0
0,0,0
0,0,0
0,0,0
0,0,0
0,0,0
0,0,0
0,0,0
0,0,0
0,0,0
0,0,0
0,0,0
0,0,0
0,0,0
0,0,0
0,0,0
0,0,0
0,0,0
0,0,0
0,0,0
0,0,0
0,0,0
0,0,0
0,0,0
0,0,0
0,0,0
0,0,0
0,0,0
0,0,0
0,0,0
0,0,0
0,0,0
0,0,0
0,0,0
0,0,0
0,0,0
0,0,0
0,0,0
0,0,0
0,0,0
0,0,0
0,0,0
0,0,0
0,0,0
0,0,0
0,0,0
0,0,0
0,0,0
0,0,0
0,0,0
0,0,0
0,0,0
0,0,0
0,0,0
0,0,0
0,0,0
0,0,0
0,0,0
0,0,0
0,0,0
0,0,0
0,0,0
0,0,0
0,0,0
0,0,0
0,0,0
0,0,0
0,0,0
0,0,0
0,0,0
0,0,0
0,0,0
0,0,0
0,0,0
0,0,0
0,0,0
0,0,0
0,0,0
0,0,0
0,0,0
0,0,0
0,0,0
0,0,0
0,0,0
0,0,0
0,0,0
0,0,0
0,0,0
0,0,0
0,0,0
0,0,0
0,0,0
0,0,0
0,0,0
0,0,0
0,0,0
0,0,0
0,0,0
0,0,0
0,0,0
0,0,0
0,0,0
0,0,0
0,0,0
0,0,0
0,0,0
0,0,0
0,0,0
0,0,0
0,0,0
0,0,0
0,0,0
0,0,0
0,0,0
0,0,0
0,0,0
0,0,0
0,0,0
0,0,0
0,0,0
0,0,0
0,0,0
0,0,0
0,0,0
0,0,0
0,0,0
0,0,0
0,0,0
0,0,0
0,0,0
0,0,0
0,0,0
0,0,0
0,0,0
0,0,0
0,0,0
0,0,0
0,0,0
0,0,0
0,0,0
0,0,0
0,0,0
0,0,0
0,0,0
0,0,0
0,0,0
0,0,0
0,0,0
0,0,0
0,0,0
0,0,0
0,0,0
0,0,0
0,0,0
0,0,0
0,0,0
0,0,0
0,0,0
0,0,0
0,0,0
0,0,0
0,0,0
0,0,0
0,0,0
0,0,0
0,0,0
0,0,0
0,0,0
0,0,0
0,0,0
0,0,0
0,0,0
0,0,0
0,0,0
0,0,0
0,0,0
0,0,0
0,0,0
0,0,0
0,0,0
0,0,0
0,0,0
0,0,0
0,0,0
0,0,0
0,0,0
0,0,0
0,0,0
0,0,0
0,0,0
0,0,0
0,0,0
0,0,0
0,0,0
0,0,0
0,0,0
0,0,0
0,0,0
0,0,0
0,0,0
0,0,0
0,0,0
0,0,0
0,0,0
0,0,0
0,0,0
0,0,0
0,0,0
0,0,0
0,0,0
0,0,0
0,0,0
0,0,0
0,0,0
0,0,0
0,0,0
0,0,0
0,0,0
0,0,0
0,0,0
0,0,0
0,0,0
0,0,0
0,0,0
0,0,0
0,0,0
0,0,0
0,0,0
0,0,0
0,0,0
0,0,0
0,0,0
0,0,0
0,0,0
0,0,0
0,0,0
0,0,0
0,0,0
0,0,0
0,0,0
0,0,0
0,0,0
0,0,0
0,0,0
0,0,0
0,0,0
0,0,0
0,0,0
0,0,0
0,0,0
0,0,0
0,0,0
0,0,0
0,0,0
0,0,0
0,0,0
0,0,0
0,0,0
0,0,0
0,0,0
0,0,0
0,0,0
0,0,0
0,0,0
0,0,0
0,0,0
0,0,0
0,0,0
0,0,0
0,0,0
0,0,0
0,0,0
0,0,0
0,0,0
0,0,0
0,0,0
0,0,0
0,0,0
0,0,0
0,0,0
0,0,0
0,0,0
0,0,0
0,0,0
0,0,0
0,0,0
0,0,0
0,0,0
0,0,0
0,0,0
0,0,0
0,0,0
0,0,0
0,0,0
0,0,0
0,0,0
0,0,0
0,0,0
0,0,0
0,0,0
3.85057,15.7553,-0.747787
3.95689,15.7701,-0.74972
4.06005,15.7707,-0.750976
4.15496,15.7387,-0.750638
4.00786,14.8124,-0.705501
4.09227,14.7644,-0.704341
4.16452,14.6746,-0.701103
0,0,0
4.31386,14.52,-0.695932
0,0,0
4.31108,13.8841,-0.666453
0,0,0
0,0,0
0,0,0
0,0,0
4.94082,14.3431,-0.697043
5.05224,14.3794,-0.700475
5.16024,14.4036,-0.703326
5.25504,14.3895,-0.704244
5.72882,15.3933,-0.757742
5.38626,14.2053,-0.698107
6.05652,15.6824,-0.776444
6.07661,15.4516,-0.766392
6.12528,15.2991,-0.7604
5.90058,14.4796,-0.719564
6.26857,15.1166,-0.754842
6.51143,15.4341,-0.773545
6.60326,15.3874,-0.773206
6.5833,15.0848,-0.759385
6.46794,14.5757,-0.734593
6.63733,14.7133,-0.744017
6.74164,14.7032,-0.74566
6.78997,14.5719,-0.740876
7.02968,14.8477,-0.757887
7.31068,15.1995,-0.779102
7.39548,15.1373,-0.778184
7.36038,14.8339,-0.764266
7.47418,14.834,-0.766731
7.57597,14.8092,-0.767891
7.44116,14.3281,-0.74421
7.69612,14.5993,-0.76156
7.65458,14.307,-0.748125
7.91902,14.5854,-0.766054
8.04643,14.6057,-0.769872
8.16124,14.6014,-0.772385
8.23196,14.518,-0.770548
8.3418,14.5036,-0.772578
8.44321,14.4737,-0.773786
8.69052,14.6899,-0.788864
8.78769,14.6482,-0.789541
9.02792,14.8415,-0.803556
9.22681,14.961,-0.813511
9.44339,15.104,-0.824916
9.54391,15.0584,-0.825641
9.62371,14.9802,-0.82453
9.67621,14.8606,-0.82105
9.71715,14.7251,-0.816652
9.77401,14.6154,-0.813753
9.79683,14.4567,-0.808002
9.84069,14.3313,-0.804184
9.9119,14.2469,-0.802782
9.96576,14.1384,-0.79998
9.98209,13.9787,-0.794132
10.0179,13.8484,-0.790024
10.0496,13.7141,-0.785675
10.1133,13.6249,-0.784032
10.1721,13.5299,-0.78205
10.2422,13.4505,-0.781035
10.3075,13.3653,-0.779682
10.3764,13.2853,-0.778667
10.454,13.2166,-0.778377
10.5349,13.1522,-0.778377
10.6173,13.0897,-0.778522
10.7183,13.0498,-0.780117
10.8601,13.0582,-0.784805
10.9471,12.9998,-0.785336
11.179,13.111,-0.796693
11.5424,13.3703,-0.817667
11.8898,13.6031,-0.837191
12.2246,13.8141,-0.855555
12.687,14.1607,-0.882957
12.9629,14.2912,-0.896585
13.3476,14.5351,-0.917849
13.4215,14.4368,-0.916785
13.5372,14.3833,-0.918718
13.5791,14.2515,-0.915481
13.5831,14.0817,-0.909681
13.628,13.9559,-0.90683
13.7008,13.8592,-0.90596
13.7742,13.7636,-0.905187
13.8478,13.6683,-0.904462
13.9042,13.5566,-0.902626
13.9332,13.419,-0.899001
13.974,13.294,-0.896246
14.0095,13.165,-0.893202
14.0336,13.0264,-0.889481
14.0382,12.8712,-0.884551
14.0865,12.7573,-0.88257
14.1325,12.642,-0.880492
14.1717,12.5213,-0.878027
13.6951,11.9514,-0.842507
14.2335,12.2682,-0.872228
14.2819,12.158,-0.870537
14.3256,12.0444,-0.868604
14.3232,11.8931,-0.863819
14.3696,11.7835,-0.862176
14.4137,11.6725,-0.860436
14.4617,11.5651,-0.858986
14.5057,11.4551,-0.857343
14.5356,11.3345,-0.854879
14.5581,11.2092,-0.852027
14.5861,11.0888,-0.849563
14.6235,10.9763,-0.847726
14.6673,10.8691,-0.846325
14.6773,10.7376,-0.842942
14.6927,10.6111,-0.839946
14.7136,10.4895,-0.837336
14.7311,10.3662,-0.834581
14.7567,10.2494,-0.832358
14.7963,10.1429,-0.831005
14.8103,10.0194,-0.828202
14.8108,9.88787,-0.824674
14.8237,9.76548,-0.82192
14.859,9.65855,-0.820518
14.8768,9.54077,-0.81815
14.8675,9.40658,-0.814284
14.8623,9.27604,-0.810708
14.8755,9.15796,-0.808243
14.8768,9.03333,-0.80515
14.8685,8.9039,-0.801574
14.8808,8.78761,-0.799206
14.924,8.69011,-0.798626
14.9329,8.57301,-0.796162
14.92,8.44432,-0.792537
14.928,8.32828,-0.790121
14.9333,8.21149,-0.787608
14.9614,8.10781,-0.7864
14.988,8.00362,-0.785143
14.974,7.87848,-0.781712
14.9565,7.75244,-0.778136
14.9664,7.64144,-0.776106
14.9907,7.53825,-0.774898
14.9928,7.4244,-0.77253
14.9735,7.30074,-0.76905
14.9901,7.19533,-0.767552
15.0077,7.09084,-0.766151
14.9966,6.97335,-0.763251
14.9265,6.82966,-0.757259
14.939,6.72482,-0.755712
14.9507,6.62009,-0.754166
14.9499,6.51028,-0.751991
14.973,6.41135,-0.751121
14.9955,6.31238,-0.750251
15.0035,6.20764,-0.748656
15.02,6.10681,-0.747545
15.0414,6.00824,-0.746723
15.0622,5.90963,-0.745902
15.0842,5.81171,-0.745177
15.1112,5.71587,-0.744742
15.1291,5.61678,-0.743872
15.1323,5.51256,-0.742277
15.1132,5.40078,-0.739571
15.0706,5.28151,-0.735705
15.047,5.16979,-0.732854
15.033,5.06206,-0.730534
15.0344,4.96002,-0.729036
15.0094,4.84986,-0.726233
14.9856,4.7408,-0.723527
14.9858,4.63989,-0.722077
14.9967,4.54264,-0.721207
15.0004,4.44345,-0.719999
14.9995,4.34326,-0.718597
14.9913,4.24135,-0.716857
14.9872,4.14104,-0.715359
14.9632,4.03573,-0.712895
14.9538,3.93495,-0.711203
14.9477,3.83542,-0.709705
14.9496,3.7383,-0.708642
14.9519,3.64153,-0.707627
14.9438,3.54258,-0.706129
14.9332,3.44341,-0.704534
14.9024,3.34013,-0.701973
14.8953,3.24268,-0.70062
14.8787,3.14358,-0.698832
14.8557,3.0436,-0.696754
14.8486,2.94734,-0.695497
14.833,2.84976,-0.693854
14.8169,2.75249,-0.692211
14.7932,2.65429,-0.690229
14.7698,2.55665,-0.688296
14.7448,2.45924,-0.686315
14.7202,2.36238,-0.684382
14.687,2.26471,-0.682062
14.668,2.16972,-0.680467
14.6494,2.07519,-0.678921
14.6292,1.98084,-0.677326
14.5985,1.88554,-0.675248
14.5781,1.79202,-0.673702
14.5441,1.69733,-0.671527
14.5265,1.60498,-0.670174
14.5251,1.51468,-0.669642
14.5153,1.42367,-0.668724
14.482,1.33074,-0.666694
14.45,1.23844,-0.664761
14.4016,1.14531,-0.662055
14.3665,1.05385,-0.660025
14.3388,0.9634,-0.658382
14.3096,0.873269,-0.656691
14.2718,0.783094,-0.654613
14.2474,0.694097,-0.653211
14.2304,0.60577,-0.652196
14.2249,0.518114,-0.651761
14.2388,0.431155,-0.652293
14.2352,0.343635,-0.652003
14.2041,0.255687,-0.650408
14.1734,0.168146,-0.648862
14.1432,0.0809965,-0.647363
14.1115,-0.00577557,-0.645817
14.0622,-0.0920455,-0.643449
13.9885,-0.177409,-0.639921
13.9492,-0.262527,-0.638085
13.9104,-0.347193,-0.636297
13.876,-0.431548,-0.63475
13.8142,-0.514493,-0.631899
13.7739,-0.597647,-0.630111
13.751,-0.681214,-0.629193
13.7167,-0.763912,-0.627743
13.6968,-0.847138,-0.627018
13.6006,-0.925003,-0.62262
13.5489,-1.00504,-0.620397
13.5185,-1.08624,-0.619237
13.5057,-1.16865,-0.618947
13.4903,-1.25076,-0.618561
13.4476,-1.33007,-0.616869
13.4034,-1.40881,-0.61513
13.3548,-1.48661,-0.613196
13.3067,-1.56398,-0.611312
13.2592,-1.64094,-0.609475
13.2043,-1.71647,-0.607301
13.1549,-1.79221,-0.605416
13.116,-1.86895,-0.604063
13.0816,-1.94601,-0.602951
13.0555,-2.0241,-0.602275
13.0123,-2.09924,-0.600776
12.9726,-2.17459,-0.599472
12.9295,-2.24901,-0.598022
12.8859,-2.32299,-0.596572
12.8479,-2.39762,-0.595412
12.8035,-2.47073,-0.593962
12.7568,-2.543,-0.592416
12.7223,-2.6174,-0.591498
12.6933,-2.69272,-0.590869
12.6561,-2.76608,-0.589855
12.6272,-2.84105,-0.589275
12.5881,-2.91353,-0.588212
12.4942,-2.97268,-0.584442
12.4185,-3.0353,-0.581591
12.3579,-3.101,-0.579513
12.2748,-3.16033,-0.576323
12.2021,-3.22157,-0.573665
12.1368,-3.28412,-0.571394
12.0846,-3.34973,-0.569799
12.0543,-3.42109,-0.569316
12.0186,-3.49081,-0.568591
11.9606,-3.55368,-0.566754
11.9051,-3.61685,-0.565063
11.8779,-3.68835,-0.564821
11.8532,-3.76056,-0.564725
11.7966,-3.82244,-0.563033
11.7587,-3.89005,-0.562308
11.7242,-3.95861,-0.561777
11.6922,-4.02787,-0.56139
11.6522,-4.09424,-0.560617
11.5864,-4.15118,-0.558539
11.5466,-4.21706,-0.557814
11.513,-4.28504,-0.557427
11.4734,-4.35064,-0.556751
11.4354,-4.41665,-0.556171
11.4025,-4.48453,-0.555881
11.3664,-4.55107,-0.555446
11.3327,-4.61847,-0.555156
11.3051,-4.6883,-0.555204
11.2825,-4.7603,-0.555543
11.2605,-4.83259,-0.555929
11.2242,-4.89879,-0.555591
11.1921,-4.96676,-0.555494
11.1732,-5.04068,-0.556123
11.1466,-5.11122,-0.556364
11.1114,-5.17783,-0.556171
11.0795,-5.24591,-0.556171
11.0489,-5.31466,-0.556267
11.0169,-5.3828,-0.556316
10.9828,-5.44985,-0.556267
10.9474,-5.51624,-0.556171
10.908,-5.58058,-0.555881
10.8709,-5.64602,-0.555736
10.8352,-5.71215,-0.555688
10.7937,-5.77523,-0.555349
10.7353,-5.82896,-0.554093
10.6477,-5.86629,-0.551242
10.567,-5.90666,-0.548777
10.4967,-5.95218,-0.546892
10.4392,-6.00452,-0.545732
10.3832,-6.05739,-0.544669
10.3226,-6.10726,-0.543364
10.2541,-6.15198,-0.541624
10.1854,-6.1961,-0.539885
10.1294,-6.24747,-0.53887
10.0502,-6.28409,-0.53655
9.98529,-6.32907,-0.535052
9.93366,-6.38212,-0.534327
9.88846,-6.43914,-0.533989
9.84459,-6.49694,-0.533747
9.79126,-6.54834,-0.532974
9.73436,-6.59709,-0.532007
9.68217,-6.64878,-0.531331
9.62971,-6.70008,-0.530654
9.59168,-6.76134,-0.530848
9.55083,-6.82064,-0.530896
9.50232,-6.87444,-0.530509
9.45029,-6.92553,-0.529929
9.40361,-6.98041,-0.529688
9.35981,-7.03737,-0.529639
9.31645,-7.09467,-0.529639
9.27274,-7.1517,-0.529639
9.22711,-7.20724,-0.529543
9.1741,-7.2569,-0.529011
9.11069,-7.29807,-0.527851
9.06806,-7.35572,-0.527996
9.02893,-7.4163,-0.528383
8.99554,-7.48178,-0.529156
8.93877,-7.52782,-0.52848
8.86505,-7.5592,-0.52674
8.8185,-7.61345,-0.52674
8.79869,-7.69108,-0.52848
8.73039,-7.72639,-0.527126
8.68059,-7.77782,-0.526981
8.63492,-7.83295,-0.527126
8.59037,-7.88916,-0.527368
8.5557,-7.95464,-0.528286
8.50892,-8.00904,-0.528431
8.46468,-8.06592,-0.52877
8.41287,-8.11563,-0.528625
8.34719,-8.15174,-0.527561
8.28565,-8.19157,-0.526788
8.23029,-8.23731,-0.52645
8.18169,-8.28979,-0.526595
8.12998,-8.33912,-0.526547
8.07173,-8.38166,-0.526063
8.0167,-8.42741,-0.525822
7.97511,-8.48736,-0.526547
7.92084,-8.53393,-0.526402
7.86563,-8.57943,-0.526208
7.81552,-8.63049,-0.526402
7.76708,-8.6835,-0.52674
7.71167,-8.72875,-0.526595
7.66387,-8.78267,-0.52703
7.62288,-8.84466,-0.527996
7.56912,-8.89203,-0.528045
7.50413,-8.92607,-0.527271
7.45049,-8.97349,-0.527368
7.39973,-9.02444,-0.527706
7.34484,-9.07045,-0.527755
7.28593,-9.11145,-0.527513
5.80973,-7.35784,-0.416651
5.7571,-7.3839,-0.416071
7.09992,-9.22185,-0.52616
7.0432,-9.26524,-0.52616
6.99342,-9.31787,-0.52674
6.93611,-9.36061,-0.52674
6.8927,-9.42234,-0.5279
6.83008,-9.45797,-0.527513
6.77539,-9.50458,-0.527803
6.72385,-9.55578,-0.528383
6.6742,-9.60998,-0.529156
6.60947,-9.64252,-0.528673
6.55409,-9.68868,-0.529011
6.50118,-9.73868,-0.529591
6.4457,-9.78506,-0.529978
6.3888,-9.82945,-0.530268
6.33538,-9.8794,-0.530896
6.2677,-9.90711,-0.530268
6.20256,-9.9386,-0.529881
6.13989,-9.97392,-0.529736
6.08531,-10.0225,-0.530364
6.02422,-10.0605,-0.530413
5.95831,-10.0904,-0.530026
5.90835,-10.1475,-0.531186
5.85791,-10.2043,-0.532346
5.80011,-10.2488,-0.532829
5.73955,-10.2885,-0.533071
5.68594,-10.3411,-0.534037
5.62999,-10.3898,-0.53481
5.56896,-10.4295,-0.5351
5.50393,-10.4617,-0.535004
5.43871,-10.4935,-0.534907
5.3765,-10.5311,-0.535149
5.31851,-10.5773,-0.535874
5.25661,-10.616,-0.536212
5.19269,-10.6507,-0.536357
5.13675,-10.7022,-0.53742
5.07056,-10.7326,-0.537372
5.00335,-10.7608,-0.537227
4.93182,-10.7795,-0.536599
4.86559,-10.8095,-0.536599
4.59289,-10.3734,-0.511952
4.52796,-10.3987,-0.511807
4.70079,-10.979,-0.5409
4.63566,-11.0131,-0.54119
4.568,-11.0414,-0.54119
4.49941,-11.0673,-0.541093
4.43772,-11.1105,-0.541914
4.37786,-11.1589,-0.543026
4.31433,-11.1986,-0.543703
4.24519,-11.2239,-0.543654
4.18667,-11.2779,-0.545104
4.12183,-11.3155,-0.545732
4.0577,-11.3557,-0.546506
3.99258,-11.3936,-0.547182
0,0,0
0,0,0
0,0,0
0,0,0
0,0,0
0,0,0
0,0,0
0,0,0
0,0,0
0,0,0
0,0,0
0,0,0
0,0,0
0,0,0
0,0,0
0,0,0
0,0,0
0,0,0
0,0,0
0,0,0
0,0,0
0,0,0
0,0,0
0,0,0
0,0,0
0,0,0
0,0,0
0,0,0
0,0,0
0,0,0
0,0,0
0,0,0
0,0,0
0,0,0
0,0,0
0,0,0
0,0,0
0,0,0
0,0,0
0,0,0
0,0,0
0,0,0
0,0,0
0,0,0
0,0,0
0,0,0
0,0,0
0,0,0
0,0,0
0,0,0
0,0,0
0,0,0
0,0,0
0,0,0
0,0,0
0,0,0
0,0,0
0,0,0
0,0,0
0,0,0
0,0,0
0,0,0
0,0,0
0,0,0
0,0,0
0,0,0
0,0,0
0,0,0
0,0,0
0,0,0
0,0,0
0,0,0
0,0,0
0,0,0
0,0,0
0,0,0
0,0,0
0,0,0
0,0,0
0,0,0
0,0,0
0,0,0
0,0,0
0,0,0
0,0,0
0,0,0
0,0,0
0,0,0
0,0,0
0,0,0
0,0,0
0,0,0
0,0,0
0,0,0
0,0,0
0,0,0
0,0,0
0,0,0
0,0,0
0,0,0
0,0,0
0,0,0
0,0,0
0,0,0
0,0,0
0,0,0
0,0,0
0,0,0
0,0,0
0,0,0
0,0,0
0,0,0
0,0,0
0,0,0
0,0,0
0,0,0
0,0,0
0,0,0
0,0,0
0,0,0
0,0,0
0,0,0
0,0,0
0,0,0
0,0,0
0,0,0
0,0,0
0,0,0
0,0,0
0,0,0
0,0,0
0,0,0
0,0,0
0,0,0
0,0,0
0,0,0
0,0,0
0,0,0
0,0,0
0,0,0
0,0,0
0,0,0
0,0,0
0,0,0
0,0,0
0,0,0
0,0,0
0,0,0
0,0,0
0,0,0
0,0,0
0,0,0
0,0,0
0,0,0
0,0,0
0,0,0
0,0,0
0,0,0
0,0,0
0,0,0
0,0,0
0,0,0
0,0,0
0,0,0
0,0,0
0,0,0
0,0,0
0,0,0
0,0,0
0,0,0
0,0,0
0,0,0
0,0,0
0,0,0
0,0,0
0,0,0
0,0,0
0,0,0
0,0,0
0,0,0
0,0,0
0,0,0
0,0,0
0,0,0
0,0,0
0,0,0
0,0,0
0,0,0
0,0,0
0,0,0
0,0,0
0,0,0
0,0,0
0,0,0
0,0,0
0,0,0
0,0,0
0,0,0
0,0,0
0,0,0
0,0,0
0,0,0
0,0,0
0,0,0
0,0,0
0,0,0
0,0,0
0,0,0
0,0,0
0,0,0
0,0,0
0,0,0
0,0,0
0,0,0
0,0,0
0,0,0
0,0,0
0,0,0
0,0,0
0,0,0
0,0,0
0,0,0
0,0,0
0,0,0
0,0,0
0,0,0
0,0,0
0,0,0
0,0,0
0,0,0
0,0,0
0,0,0
0,0,0
0,0,0
0,0,0
0,0,0
0,0,0
0,0,0
0,0,0
0,0,0
0,0,0
0,0,0
0,0,0
0,0,0
0,0,0
0,0,0
0,0,0
0,0,0
0,0,0
0,0,0
0,0,0
0,0,0
0,0,0
0,0,0
0,0,0
0,0,0
0,0,0
0,0,0
0,0,0
0,0,0
0,0,0
0,0,0
0,0,0
0,0,0
0,0,0
0,0,0
0,0,0
0,0,0
0,0,0
0,0,0
0,0,0
0,0,0
0,0,0
0,0,0
0,0,0
0,0,0
0,0,0
0,0,0
0,0,0
0,0,0
0,0,0
0,0,0
0,0,0
0,0,0
0,0,0
0,0,0
0,0,0
0,0,0
0,0,0
0,0,0
0,0,0
0,0,0
0,0,0
0,0,0
0,0,0
0,0,0
0,0,0
0,0,0
0,0,0
0,0,0
0,0,0
0,0,0
0,0,0
0,0,0
0,0,0
0,0,0
0,0,0
0,0,0
0,0,0
0,0,0
0,0,0
0,0,0
0,0,0
0,0,0
0,0,0
0,0,0
0,0,0
0,0,0
0,0,0
0,0,0
0,0,0
0,0,0
0,0,0
0,0,0
0,0,0
0,0,0
0,0,0
0,0,0
0,0,0
0,0,0
0,0,0
0,0,0
0,0,0
0,0,0
0,0,0
0,0,0
0,0,0
0,0,0
0,0,0
0,0,0
0,0,0
0,0,0
0,0,0
0,0,0
0,0,0
0,0,0
0,0,0
0,0,0
0,0,0
0,0,0
0,0,0
0,0,0
0,0,0
0,0,0
0,0,0
0,0,0
0,0,0
0,0,0
0,0,0
0,0,0
0,0,0
0,0,0
0,0,0
0,0,0
0,0,0
0,0,0
0,0,0
0,0,0
0,0,0
0,0,0
0,0,0
0,0,0
0,0,0
0,0,0
0,0,0
0,0,0
0,0,0
0,0,0
0,0,0
0,0,0
0,0,0
0,0,0
0,0,0
0,0,0
0,0,0
0,0,0
0,0,0
0,0,0
0,0,0
0,0,0
0,0,0
0,0,0
0,0,0
0,0,0
0,0,0
0,0,0
0,0,0
0,0,0
0,0,0
0,0,0
0,0,0
0,0,0
0,0,0
0,0,0
0,0,0
0,0,0
0,0,0
0,0,0
0,0,0
0,0,0
0,0,0
0,0,0
0,0,0
0,0,0
0,0,0
0,0,0
0,0,0
0,0,0
0,0,0
0,0,0
0,0,0
0,0,0
0,0,0
0,0,0
0,0,0
0,0,0
0,0,0
0,0,0
0,0,0
0,0,0
0,0,0
0,0,0
0,0,0
0,0,0
0,0,0
0,0,0
0,0,0
0,0,0
0,0,0
0,0,0
0,0,0
0,0,0
0,0,0
0,0,0
0,0,0
0,0,0
0,0,0
0,0,0
0,0,0
0,0,0
0,0,0
0,0,0
0,0,0
0,0,0
0,0,0
0,0,0
0,0,0
0,0,0
0,0,0
0,0,0
0,0,0
0,0,0
0,0,0
0,0,0
0,0,0
0,0,0
0,0,0
0,0,0
0,0,0
0,0,0
0,0,0
0,0,0
0,0,0
0,0,0
0,0,0
0,0,0
0,0,0
0,0,0
0,0,0
0,0,0
0,0,0
0,0,0
0,0,0
0,0,0
0,0,0
0,0,0
0,0,0
0,0,0
0,0,0
0,0,0
0,0,0
0,0,0
0,0,0
0,0,0
0,0,0
0,0,0
0,0,0
0,0,0
0,0,0
0,0,0
0,0,0
0,0,0
0,0,0
0,0,0
0,0,0
0,0,0
0,0,0
0,0,0
0,0,0
0,0,0
0,0,0
0,0,0
0,0,0
0,0,0
0,0,0
0,0,0
0,0,0
0,0,0
0,0,0
0,0,0
0,0,0
0,0,0
0,0,0
0,0,0
0,0,0
0,0,0
0,0,0
0,0,0
0,0,0
0,0,0
0,0,0
0,0,0
0,0,0
0,0,0
0,0,0
0,0,0
0,0,0
0,0,0
0,0,0
0,0,0
0,0,0
0,0,0
0,0,0
0,0,0
0,0,0
0,0,0
0,0,0
0,0,0
0,0,0
0,0,0
0,0,0
0,0,0
0,0,0
0,0,0
0,0,0
0,0,0
0,0,0
0,0,0
0,0,0
0,0,0
0,0,0
0,0,0
0,0,0
0,0,0
0,0,0
0,0,0
0,0,0
0,0,0
0,0,0
0,0,0
0,0,0
0,0,0
0,0,0
0,0,0
0,0,0
0,0,0
0,0,0
0,0,0
0,0,0
0,0,0
2.21159,11.8647,-0.690475
2.3074,11.9705,-0.697816
0,0,0
2.44227,11.8836,-0.694266
0,0,0
0,0,0
0,0,0
2.80087,12.1128,-0.712379
0,0,0
0,0,0
0,0,0
0,0,0
3.20956,12.167,-0.721466
3.56425,13.1829,-0.786157
0,0,0
3.73937,13.1862,-0.789166
3.81882,13.1582,-0.788865
3.91483,13.1862,-0.792114
4.00639,13.1973,-0.794341
3.74767,12.078,-0.725257
3.81205,12.0243,-0.723332
3.90421,12.0577,-0.726942
3.97656,12.0288,-0.726641
4.07199,12.0684,-0.730734
4.15311,12.064,-0.732057
4.25385,12.1146,-0.736932
4.37286,12.2132,-0.744935
4.49734,12.3221,-0.753661
4.68284,12.5899,-0.772677
4.76637,12.5778,-0.77376
4.87976,12.6423,-0.779838
4.98134,12.6735,-0.78381
5.08942,12.7187,-0.788745
5.1877,12.7371,-0.791994
5.28639,12.7548,-0.795244
5.34439,12.6743,-0.792114
5.41025,12.6138,-0.790309
5.54661,12.7158,-0.799215
5.64882,12.7362,-0.802826
5.75517,12.7641,-0.806978
5.85542,12.7767,-0.810168
6.0121,12.9088,-0.821361
6.14627,12.9881,-0.829124
6.22369,12.9456,-0.828823
6.32053,12.943,-0.83123
6.44861,13.0024,-0.837849
6.52468,12.9554,-0.837368
6.59496,12.8974,-0.836164
6.64316,12.7973,-0.832133
6.70201,12.7192,-0.829605
6.75451,12.6303,-0.826356
6.81236,12.5527,-0.823888
6.85362,12.4459,-0.819435
6.91087,12.3697,-0.817088
6.97286,12.3027,-0.815403
7.03876,12.2433,-0.81426
7.10017,12.1766,-0.812635
7.1524,12.095,-0.809987
7.19003,11.9901,-0.805715
7.24894,11.9218,-0.80403
7.30833,11.8551,-0.802465
7.34549,11.7533,-0.798433
7.39076,11.6658,-0.795424
7.45789,11.6135,-0.794943
7.51702,11.5492,-0.793619
7.56466,11.4678,-0.791092
7.62046,11.3996,-0.789527
7.67347,11.3278,-0.787722
7.73718,11.2723,-0.78712
7.80278,11.2197,-0.786759
7.87205,11.1724,-0.786819
7.9451,11.1304,-0.7873
8.00271,11.0669,-0.786217
8.06516,11.0103,-0.785676
8.21822,11.0761,-0.794341
8.47194,11.2728,-0.812996
8.69149,11.4184,-0.82798
8.84794,11.4771,-0.836525
9.18357,11.7625,-0.862522
9.37011,11.8508,-0.873655
9.60861,12.0003,-0.889662
9.86312,12.1644,-0.906993
10.1137,12.3181,-0.923723
10.1865,12.2528,-0.923482
10.2416,12.1664,-0.921616
10.2895,12.0721,-0.919149
10.3516,11.9952,-0.918066
10.4231,11.9292,-0.917885
10.4868,11.8545,-0.917043
10.534,11.7617,-0.914756
10.5812,11.6695,-0.91253
10.6195,11.5683,-0.909581
10.6577,11.4679,-0.906692
10.7087,11.3819,-0.905007
10.7659,11.303,-0.903924
10.8205,11.2216,-0.902661
10.8711,11.1364,-0.901096
10.9174,11.0475,-0.89923
10.9667,10.962,-0.897666
11.0032,10.8643,-0.895078
11.0382,10.7659,-0.89243
11.0825,10.6772,-0.890625
11.1203,10.5829,-0.888338
11.1719,10.5021,-0.887255
11.2164,10.415,-0.88563
11.2551,10.3231,-0.883584
11.3145,10.2505,-0.883283
11.3586,10.1642,-0.881779
11.3968,10.0732,-0.879853
11.4148,9.96498,-0.876363
11.4546,9.8765,-0.874678
11.5036,9.79632,-0.873775
11.5436,9.70885,-0.872211
11.5653,9.60659,-0.869262
11.5901,9.50759,-0.866614
11.6226,9.41556,-0.864628
11.649,9.31913,-0.862221
11.6848,9.23077,-0.860596
11.7239,9.14539,-0.859273
11.7632,9.06049,-0.858009
11.8043,8.97727,-0.856926
11.84,8.89029,-0.855481
11.8662,8.79666,-0.853375
11.8902,8.70188,-0.851149
11.9085,8.60362,-0.848561
11.9351,8.51184,-0.846635
11.9634,8.42179,-0.84489
11.9846,8.32715,-0.842664
12.005,8.23257,-0.840437
12.0387,8.14757,-0.839234
12.0752,8.06467,-0.838271
12.0995,7.97395,-0.836465
12.1005,7.86855,-0.833035
12.1031,7.76505,-0.829786
12.1168,7.66928,-0.827379
12.1416,7.58105,-0.825814
12.1471,7.48128,-0.822925
12.151,7.38121,-0.819977
12.1618,7.286,-0.81757
12.1891,7.20108,-0.816366
12.2184,7.11762,-0.815343
12.2471,7.03406,-0.81432
12.2709,6.94796,-0.812996
12.2924,6.86086,-0.811552
12.3019,6.76751,-0.809325
12.3029,6.67001,-0.806557
12.3224,6.58311,-0.805113
12.3414,6.49622,-0.803669
12.3509,6.40475,-0.801623
12.3686,6.31795,-0.800178
12.3902,6.23341,-0.799035
12.4148,6.15063,-0.798132
12.4065,6.05202,-0.795063
12.4129,5.96109,-0.793017
12.4438,5.88225,-0.792656
12.4543,5.794,-0.790971
12.4569,5.70251,-0.788805
12.4744,5.61818,-0.787661
12.4804,5.529,-0.785796
12.4838,5.43917,-0.78381
12.5005,5.35539,-0.782727
12.5156,5.27123,-0.781583
12.5219,5.18364,-0.779898
12.522,5.09392,-0.777852
12.5299,5.00773,-0.776348
12.539,4.92237,-0.774964
12.5531,4.83924,-0.773941
12.5611,4.75399,-0.772557
12.5685,4.66884,-0.771173
12.5744,4.58343,-0.769728
12.6004,4.50551,-0.769608
12.6222,4.42613,-0.769247
12.6331,4.34308,-0.768224
12.6424,4.25975,-0.767141
12.6646,4.18085,-0.7669
12.6805,4.09999,-0.766298
12.7025,4.0212,-0.766118
12.7356,3.94584,-0.766659
12.7175,3.85489,-0.764012
12.7256,3.77224,-0.763049
12.6843,3.67548,-0.759017
12.6682,3.5867,-0.75661
12.6572,3.49986,-0.754564
12.6361,3.41069,-0.751916
12.6259,3.32496,-0.74999
12.6044,3.23675,-0.747403
12.6163,3.15741,-0.746921
12.6287,3.07828,-0.7465
12.623,2.99498,-0.744996
12.6139,2.91118,-0.743311
12.6004,2.82674,-0.741385
12.5873,2.74278,-0.739519
12.5648,2.65724,-0.737112
12.5515,2.57408,-0.735307
12.5553,2.49468,-0.734585
12.5567,2.41496,-0.733742
12.5487,2.33367,-0.732358
12.5422,2.25292,-0.731095
12.5233,2.1703,-0.729109
12.5206,2.09078,-0.728146
12.5224,2.01218,-0.727484
12.5167,1.93256,-0.726401
12.4958,1.8509,-0.724415
12.4614,1.76775,-0.721647
12.4463,1.68776,-0.720082
12.4297,1.60791,-0.718457
12.4175,1.52893,-0.717133
12.4049,1.45016,-0.715809
12.3967,1.37215,-0.714786
12.38,1.29346,-0.713282
12.3609,1.21484,-0.711657
12.3413,1.1365,-0.710032
12.3182,1.0582,-0.708227
12.2956,0.980293,-0.706482
12.2705,0.902561,-0.704616
12.2499,0.825509,-0.703052
12.2329,0.748988,-0.701728
12.2203,0.672982,-0.700705
12.2003,0.596817,-0.699261
12.1758,0.520754,-0.697576
12.1548,0.445159,-0.696131
12.1284,0.369689,-0.694386
12.1124,0.294827,-0.693303
12.0701,0.219703,-0.690655
12.0443,0.145314,-0.68903
12.019,0.0712558,-0.687466
11.9992,-0.00248792,-0.686262
11.98,-0.0759929,-0.685119
11.9604,-0.149262,-0.683976
11.9363,-0.222219,-0.682591
11.9157,-0.294984,-0.681448
11.8848,-0.367197,-0.679703
11.8623,-0.439374,-0.678499
11.8415,-0.511376,-0.677416
11.8132,-0.582794,-0.675912
11.7904,-0.654216,-0.674768
11.7643,-0.725197,-0.673445
11.7417,-0.796151,-0.672361
11.7316,-0.867814,-0.67206
11.7092,-0.938425,-0.671037
11.6922,-1.00931,-0.670375
11.6689,-1.07947,-0.669352
11.6591,-1.15075,-0.669172
11.6697,-1.22415,-0.670255
11.6719,-1.29683,-0.670857
11.6498,-1.36679,-0.670014
11.5976,-1.43286,-0.667367
11.5322,-1.49667,-0.663936
11.5149,-1.56633,-0.663455
11.4715,-1.63217,-0.661409
11.4207,-1.69651,-0.658942
11.3786,-1.76167,-0.657016
11.3468,-1.82812,-0.655752
11.3088,-1.89326,-0.654128
11.2803,-1.9597,-0.653105
11.217,-2.01968,-0.649975
11.1818,-2.08426,-0.648591
11.16,-2.15113,-0.64805
11.1387,-2.21801,-0.647568
11.1102,-2.2833,-0.646666
11.0648,-2.3448,-0.64474
11.0355,-2.40946,-0.643837
11.0098,-2.47472,-0.643175
10.9585,-2.5339,-0.640949
10.9447,-2.60156,-0.641069
10.9314,-2.66937,-0.64125
10.9071,-2.73445,-0.640768
10.8823,-2.79934,-0.640287
10.8611,-2.86504,-0.640046
10.8298,-2.92798,-0.639204
10.7972,-2.99038,-0.638301
10.7729,-3.05494,-0.63794
10.7377,-3.11625,-0.636917
10.7002,-3.17668,-0.635773
10.6633,-3.23706,-0.63469
10.6261,-3.2971,-0.633607
10.5875,-3.3565,-0.632464
10.5478,-3.41526,-0.63126
10.5095,-3.47427,-0.630177
10.4871,-3.53837,-0.630117
10.4605,-3.60103,-0.629816
10.4071,-3.65423,-0.62783
10.3572,-3.70826,-0.626085
10.3052,-3.76113,-0.624219
10.2716,-3.82046,-0.623557
10.2499,-3.88412,-0.623678
10.2184,-3.94407,-0.623196
10.181,-4.00158,-0.622354
10.1396,-4.0573,-0.621271
10.1191,-4.12132,-0.621572
10.0918,-4.18257,-0.621451
10.0586,-4.24131,-0.62097
10.0241,-4.2994,-0.620428
9.98381,-4.35484,-0.619525
9.9496,-4.41278,-0.619044
9.92962,-4.47703,-0.619525
9.91285,-4.54286,-0.620248
9.88117,-4.60192,-0.620007
9.84011,-4.65648,-0.619164
9.79516,-4.70899,-0.618081
9.75442,-4.76331,-0.617299
9.70892,-4.81509,-0.616216
9.6462,-4.85795,-0.613989
9.60555,-4.9116,-0.613267
9.56371,-4.96446,-0.612485
9.50393,-5.0077,-0.610499
9.43166,-5.04379,-0.607671
9.35579,-5.07728,-0.604602
9.29211,-5.11678,-0.602375
9.22829,-5.15568,-0.600148
9.19041,-5.20876,-0.599727
9.15135,-5.26108,-0.599246
9.09648,-5.30406,-0.597681
9.04228,-5.34707,-0.596177
9.00245,-5.39834,-0.595695
8.96916,-5.45348,-0.595695
8.92533,-5.50212,-0.594973
8.8804,-5.54991,-0.594191
8.83606,-5.59788,-0.593469
8.77971,-5.63797,-0.591904
8.73742,-5.68683,-0.591362
8.7007,-5.73924,-0.591242
8.65204,-5.78364,-0.590279
8.60978,-5.83214,-0.589798
8.57301,-5.8843,-0.589738
8.53183,-5.93337,-0.589377
8.48791,-5.98043,-0.588835
8.45837,-6.03762,-0.589377
8.42683,-6.0935,-0.589798
8.36915,-6.13034,-0.588293
8.32176,-6.17444,-0.587571
8.2877,-6.22839,-0.587872
8.26839,-6.29363,-0.589316
8.23041,-6.34486,-0.589377
8.22437,-6.42104,-0.591904
8.13784,-6.43424,-0.588293
8.10522,-6.48966,-0.588835
8.06137,-6.53613,-0.588534
8.00568,-6.5728,-0.587331
7.97288,-6.62818,-0.587932
7.93206,-6.67698,-0.587932
7.88182,-6.71775,-0.58721
7.8329,-6.75947,-0.586608
7.78526,-6.80215,-0.586127
7.74861,-6.85442,-0.586548
7.70566,-6.90117,-0.586488
7.6543,-6.94027,-0.585766
7.60348,-6.97968,-0.585104
7.5532,-7.01941,-0.584502
7.51435,-7.06973,-0.584863
7.47444,-7.11914,-0.585164
7.41769,-7.1524,-0.584081
7.37223,-7.19638,-0.583961
7.33007,-7.24359,-0.584141
7.27913,-7.28207,-0.5836
7.2287,-7.32092,-0.583118
7.17877,-7.36013,-0.582697
7.1314,-7.40189,-0.582516
7.08584,-7.4455,-0.582516
7.04003,-7.48884,-0.582516
6.99394,-7.5319,-0.582516
6.94557,-7.57246,-0.582336
6.89496,-7.6105,-0.581975
6.85013,-7.65489,-0.582155
6.81096,-7.70576,-0.582877
6.76355,-7.7474,-0.582877
6.70807,-7.77969,-0.582155
6.65632,-7.81614,-0.581794
6.60502,-7.85302,-0.581493
6.55416,-7.89032,-0.581253
6.51386,-7.94042,-0.582035
6.47004,-7.98645,-0.582516
6.41405,-8.01742,-0.581854
5.79611,-7.33679,-0.526551
5.75528,-7.37773,-0.526973
6.27209,-8.14283,-0.582516
6.22201,-8.18116,-0.582516
6.1645,-8.2096,-0.581794
6.1259,-8.26331,-0.582998
6.07037,-8.2943,-0.582516
6.01761,-8.32896,-0.582336
5.96929,-8.36979,-0.582637
5.91609,-8.40381,-0.582456
5.86727,-8.44405,-0.582757
5.81647,-8.48154,-0.582877
5.766,-8.51955,-0.583058
5.71528,-8.55726,-0.583238
5.66266,-8.59217,-0.583238
5.60984,-8.62675,-0.583238
5.55842,-8.66353,-0.583419
5.50676,-8.7,-0.5836
5.45168,-8.73109,-0.583419
5.39644,-8.76182,-0.583238
5.33636,-8.78453,-0.582516
5.29056,-8.83081,-0.583479
5.24034,-8.86998,-0.583961
5.18883,-8.90715,-0.584322
5.13408,-8.93882,-0.584322
5.07864,-8.96928,-0.584261
5.02205,-8.99766,-0.584081
4.97252,-9.0388,-0.584803
4.91887,-9.07265,-0.585044
4.86593,-9.10795,-0.585405
4.81414,-9.14558,-0.585947
4.75793,-9.17495,-0.585947
4.70155,-9.20397,-0.585947
4.65037,-9.24334,-0.586669
4.59622,-9.27707,-0.58703
4.53527,-9.29702,-0.586488
4.47685,-9.32198,-0.586308
4.42255,-9.35559,-0.586729
4.37096,-9.39522,-0.587571
4.32569,-9.44909,-0.589377
4.26722,-9.47454,-0.589316
4.2082,-9.49872,-0.589196
4.15223,-9.52986,-0.589557
4.09839,-9.56617,-0.590279
4.03768,-9.58653,-0.589978
3.98107,-9.61666,-0.590339
3.92838,-9.65663,-0.591362
3.87573,-9.69723,-0.592446
3.81907,-9.72826,-0.592927
3.7629,-9.76083,-0.593529
3.70258,-9.7828,-0.593469
3.64666,-9.81656,-0.594191
3.59251,-9.85563,-0.595274
3.53499,-9.88595,-0.595816
3.47724,-9.91593,-0.596357
3.41828,-9.94275,-0.596718
3.35497,-9.95691,-0.596297
3.2935,-9.97636,-0.596237
3.24021,-10.0211,-0.597801
0,0,0
0,0,0
0,0,0
0,0,0
0,0,0
0,0,0
0,0,0
0,0,0
0,0,0
0,0,0
0,0,0
0,0,0
0,0,0
0,0,0
0,0,0
0,0,0
0,0,0
0,0,0
0,0,0
0,0,0
0,0,0
0,0,0
0,0,0
0,0,0
0,0,0
0,0,0
0,0,0
0,0,0
0,0,0
0,0,0
0,0,0
0,0,0
0,0,0
0,0,0
0,0,0
0,0,0
0,0,0
0,0,0
0,0,0
0,0,0
0,0,0
0,0,0
0,0,0
0,0,0
0,0,0
0,0,0
0,0,0
0,0,0
0,0,0
0,0,0
0,0,0
0,0,0
0,0,0
0,0,0
0,0,0
0,0,0
0,0,0
0,0,0
0,0,0
0,0,0
0,0,0
0,0,0
0,0,0
0,0,0
0,0,0
0,0,0
0,0,0
0,0,0
0,0,0
0,0,0
0,0,0
0,0,0
0,0,0
0,0,0
0,0,0
0,0,0
0,0,0
0,0,0
0,0,0
0,0,0
0,0,0
0,0,0
0,0,0
0,0,0
0,0,0
0,0,0
0,0,0
0,0,0
0,0,0
0,0,0
0,0,0
0,0,0
0,0,0
0,0,0
0,0,0
0,0,0
0,0,0
0,0,0
0,0,0
0,0,0
0,0,0
0,0,0
0,0,0
0,0,0
0,0,0
0,0,0
0,0,0
0,0,0
0,0,0
0,0,0
0,0,0
0,0,0
0,0,0
0,0,0
0,0,0
0,0,0
0,0,0
0,0,0
0,0,0
0,0,0
0,0,0
0,0,0
0,0,0
0,0,0
0,0,0
0,0,0
0,0,0
0,0,0
0,0,0
0,0,0
0,0,0
0,0,0
0,0,0
0,0,0
0,0,0
0,0,0
0,0,0
0,0,0
0,0,0
0,0,0
0,0,0
0,0,0
0,0,0
0,0,0
0,0,0
0,0,0
0,0,0
0,0,0
0,0,0
0,0,0
0,0,0
0,0,0
0,0,0
0,0,0
0,0,0
0,0,0
0,0,0
0,0,0
0,0,0
0,0,0
0,0,0
0,0,0
0,0,0
0,0,0
0,0,0
0,0,0
0,0,0
0,0,0
0,0,0
0,0,0
0,0,0
0,0,0
0,0,0
0,0,0
0,0,0
0,0,0
0,0,0
0,0,0
0,0,0
0,0,0
0,0,0
0,0,0
0,0,0
0,0,0
0,0,0
0,0,0
0,0,0
0,0,0
0,0,0
0,0,0
0,0,0
0,0,0
0,0,0
0,0,0
0,0,0
0,0,0
0,0,0
0,0,0
0,0,0
0,0,0
0,0,0
0,0,0
0,0,0
0,0,0
0,0,0
0,0,0
0,0,0
0,0,0
0,0,0
0,0,0
0,0,0
0,0,0
0,0,0
0,0,0
0,0,0
0,0,0
0,0,0
0,0,0
0,0,0
0,0,0
0,0,0
0,0,0
0,0,0
0,0,0
0,0,0
0,0,0
0,0,0
0,0,0
0,0,0
0,0,0
0,0,0
0,0,0
0,0,0
0,0,0
0,0,0
0,0,0
0,0,0
0,0,0
0,0,0
0,0,0
0,0,0
0,0,0
0,0,0
0,0,0
0,0,0
0,0,0
0,0,0
0,0,0
0,0,0
0,0,0
0,0,0
0,0,0
0,0,0
0,0,0
0,0,0
0,0,0
0,0,0
0,0,0
0,0,0
0,0,0
0,0,0
0,0,0
0,0,0
0,0,0
0,0,0
0,0,0
0,0,0
0,0,0
0,0,0
0,0,0
0,0,0
0,0,0
0,0,0
0,0,0
0,0,0
0,0,0
0,0,0
0,0,0
0,0,0
0,0,0
0,0,0
0,0,0
0,0,0
0,0,0
0,0,0
0,0,0
0,0,0
0,0,0
0,0,0
0,0,0
0,0,0
0,0,0
0,0,0
0,0,0
0,0,0
0,0,0
0,0,0
0,0,0
0,0,0
0,0,0
0,0,0
0,0,0
0,0,0
0,0,0
0,0,0
0,0,0
0,0,0
0,0,0
0,0,0
0,0,0
0,0,0
0,0,0
0,0,0
0,0,0
0,0,0
0,0,0
0,0,0
0,0,0
0,0,0
0,0,0
0,0,0
0,0,0
0,0,0
0,0,0
0,0,0
0,0,0
0,0,0
0,0,0
0,0,0
0,0,0
0,0,0
0,0,0
0,0,0
0,0,0
0,0,0
0,0,0
0,0,0
0,0,0
0,0,0
0,0,0
0,0,0
0,0,0
0,0,0
0,0,0
0,0,0
0,0,0
0,0,0
0,0,0
0,0,0
0,0,0
0,0,0
0,0,0
0,0,0
0,0,0
0,0,0
0,0,0
0,0,0
0,0,0
0,0,0
0,0,0
0,0,0
0,0,0
0,0,0
0,0,0
0,0,0
0,0,0
0,0,0
0,0,0
0,0,0
0,0,0
0,0,0
0,0,0
0,0,0
0,0,0
0,0,0
0,0,0
0,0,0
0,0,0
0,0,0
0,0,0
0,0,0
0,0,0
0,0,0
0,0,0
0,0,0
0,0,0
0,0,0
0,0,0
0,0,0
0,0,0
0,0,0
0,0,0
0,0,0
0,0,0
0,0,0
0,0,0
0,0,0
0,0,0
0,0,0
0,0,0
0,0,0
0,0,0
0,0,0
0,0,0
0,0,0
0,0,0
0,0,0
0,0,0
0,0,0
0,0,0
0,0,0
0,0,0
0,0,0
0,0,0
0,0,0
0,0,0
0,0,0
0,0,0
0,0,0
0,0,0
0,0,0
0,0,0
0,0,0
0,0,0
0,0,0
0,0,0
0,0,0
0,0,0
0,0,0
0,0,0
0,0,0
0,0,0
0,0,0
0,0,0
0,0,0
0,0,0
0,0,0
0,0,0
0,0,0
0,0,0
0,0,0
0,0,0
0,0,0
0,0,0
0,0,0
0,0,0
0,0,0
0,0,0
0,0,0
0,0,0
0,0,0
0,0,0
0,0,0
0,0,0
0,0,0
0,0,0
0,0,0
0,0,0
0,0,0
0,0,0
0,0,0
0,0,0
0,0,0
0,0,0
0,0,0
0,0,0
0,0,0
0,0,0
0,0,0
0,0,0
0,0,0
0,0,0
0,0,0
0,0,0
0,0,0
0,0,0
0,0,0
0,0,0
0,0,0
0,0,0
0,0,0
0,0,0
0,0,0
0,0,0
0,0,0
0,0,0
0,0,0
0,0,0
0,0,0
0,0,0
0,0,0
0,0,0
0,0,0
0,0,0
0,0,0
0,0,0
0,0,0
0,0,0
0,0,0
0,0,0
0,0,0
0,0,0
0,0,0
0,0,0
0,0,0
0,0,0
0,0,0
0,0,0
0,0,0
0,0,0
0,0,0
0,0,0
0,0,0
0,0,0
0,0,0
0,0,0
0,0,0
0,0,0
0,0,0
0,0,0
0,0,0
0,0,0
0,0,0
0,0,0
0,0,0
0,0,0
0,0,0
0,0,0
0,0,0
0,0,0
0,0,0
0,0,0
0,0,0
0,0,0
0,0,0
0,0,0
0,0,0
0,0,0
0,0,0
0,0,0
0,0,0
0,0,0
0,0,0
0,0,0
0,0,0
0,0,0
0,0,0
0,0,0
0,0,0
0,0,0
0,0,0
0,0,0
0,0,0
0,0,0
0,0,0
0,0,0
0,0,0
0,0,0
0,0,0
0,0,0
0,0,0
0,0,0
0,0,0
0,0,0
0,0,0
0,0,0
0,0,0
0,0,0
0,0,0
0,0,0
0,0,0
0,0,0
0,0,0
0,0,0
0,0,0
0,0,0
0,0,0
0,0,0
0,0,0
0,0,0
0,0,0
0,0,0
0,0,0
0,0,0
0,0,0
0,0,0
0,0,0
0,0,0
0,0,0
0,0,0
0,0,0
0,0,0
0,0,0
0,0,0
0,0,0
0,0,0
0,0,0
0,0,0
0,0,0
0,0,0
0,0,0
0,0,0
0,0,0
0,0,0
0,0,0
0,0,0
0,0,0
0,0,0
0,0,0
0,0,0
0,0,0
2.26659,11.0164,-0.782689
2.3087,10.8823,-0.773745
2.36372,10.8143,-0.769745
2.44032,10.8453,-0.773163
2.49243,10.768,-0.768509
2.57737,10.832,-0.774472
2.65563,10.8645,-0.778108
2.74699,10.9466,-0.785525
2.81684,10.9402,-0.786325
2.93685,11.1233,-0.80145
3.01573,11.1445,-0.804431
3.09124,11.1518,-0.806394
3.18465,11.2209,-0.813084
3.26874,11.2538,-0.817084
0,0,0
3.37877,11.1212,-0.810103
3.4703,11.1755,-0.815847
3.60454,11.3613,-0.831699
3.68556,11.374,-0.83439
3.77594,11.4137,-0.839189
3.85707,11.4234,-0.841734
3.95047,11.4674,-0.84697
4.03795,11.4919,-0.850751
4.14134,11.5589,-0.857877
4.22895,11.5792,-0.86144
4.32079,11.6091,-0.865803
4.42128,11.6598,-0.871839
4.53046,11.7301,-0.879474
4.6268,11.7643,-0.884346
4.6648,11.6505,-0.877656
4.68126,11.4868,-0.867039
4.71689,11.374,-0.860422
4.77109,11.3081,-0.857514
4.82466,11.242,-0.854605
4.87679,11.1738,-0.851551
4.9214,11.0898,-0.847261
4.95778,10.9894,-0.841662
5.02179,10.9515,-0.84108
5.07963,10.9006,-0.83948
5.13191,10.8386,-0.837008
5.18535,10.78,-0.834826
5.24308,10.7309,-0.833445
5.29863,10.678,-0.831772
5.34071,10.599,-0.827991
5.39111,10.5376,-0.825664
5.44142,10.4769,-0.82341
5.48933,10.4124,-0.820865
5.54747,10.368,-0.819992
5.59385,10.3022,-0.817374
5.64156,10.2397,-0.815048
5.68871,10.177,-0.812721
5.73876,10.1202,-0.810903
5.7913,10.0684,-0.809521
5.84694,10.0224,-0.808649
5.89664,9.96655,-0.806976
5.94281,9.90537,-0.804867
5.99622,9.85679,-0.803849
6.04664,9.80369,-0.802468
6.09981,9.75541,-0.801522
6.15688,9.71358,-0.801159
6.2665,9.75366,-0.807921
6.39588,9.82201,-0.817229
6.56423,9.94658,-0.831554
6.69499,10.0106,-0.840716
6.87545,10.1452,-0.856205
7.02281,10.227,-0.867185
7.22212,10.3802,-0.884637
7.39311,10.4881,-0.898235
7.59352,10.6333,-0.915323
7.76325,10.7312,-0.928339
7.8655,10.7332,-0.932847
7.93299,10.6871,-0.933066
8.00441,10.6462,-0.933793
8.0726,10.6009,-0.934156
8.11557,10.5227,-0.931539
8.16648,10.4554,-0.929939
8.22305,10.3957,-0.929066
8.27671,10.3326,-0.927903
8.3299,10.2693,-0.926739
8.38706,10.211,-0.926085
8.43553,10.1425,-0.924485
8.47512,10.0638,-0.92194
8.51989,9.99192,-0.920049
8.57387,9.93115,-0.91925
8.61824,9.85958,-0.917432
8.66667,9.79307,-0.916123
8.7093,9.72039,-0.914232
8.76074,9.65791,-0.91336
8.80229,9.58487,-0.911469
8.84804,9.5168,-0.910087
8.90353,9.45942,-0.909796
8.9559,9.39884,-0.909215
9.00233,9.33222,-0.908051
9.04409,9.26111,-0.906452
9.08742,9.19197,-0.90507
9.12602,9.11841,-0.903252
9.17328,9.05383,-0.902379
9.2208,8.98972,-0.90158
9.25639,8.91429,-0.899616
9.28707,8.83464,-0.897217
9.32802,8.76519,-0.895908
9.36774,8.6949,-0.894526
9.40548,8.6231,-0.892999
9.44491,8.55317,-0.89169
9.4816,8.4811,-0.890163
9.51777,8.40889,-0.888636
9.55265,8.3359,-0.887036
9.58323,8.25955,-0.885073
9.60866,8.17926,-0.882673
9.62814,8.09447,-0.879765
9.65767,8.01867,-0.877874
9.67662,7.9346,-0.875038
9.70497,7.85875,-0.873148
9.74366,7.79158,-0.872275
9.78659,7.72794,-0.871839
9.81967,7.65671,-0.87053
9.85066,7.58414,-0.869075
9.88192,7.51208,-0.867694
9.91108,7.43873,-0.866167
9.93731,7.36353,-0.864422
9.96057,7.28652,-0.862458
9.97679,7.20482,-0.859913
9.99889,7.12784,-0.85795
10.0351,7.06118,-0.857296
10.0676,6.99208,-0.85635
10.0955,6.92002,-0.855041
10.1171,6.84398,-0.853223
10.1357,6.76626,-0.851187
10.1645,6.69571,-0.850097
10.1661,6.60767,-0.846679
10.1796,6.52794,-0.844352
10.1959,6.45042,-0.842316
10.2243,6.38087,-0.841371
10.2428,6.30547,-0.839626
10.2609,6.23007,-0.83788
10.2903,6.16187,-0.837153
10.3082,6.08695,-0.835481
10.3092,6.0025,-0.832427
10.3415,5.93665,-0.832063
10.3664,5.8667,-0.831118
10.3613,5.78014,-0.8277
10.3861,5.71069,-0.826828
10.4174,5.64495,-0.826537
10.4378,5.57341,-0.825373
10.463,5.50461,-0.824646
10.4877,5.43572,-0.823919
10.512,5.36673,-0.823192
10.5322,5.29586,-0.822174
10.5386,5.2183,-0.820065
10.565,5.15091,-0.819629
10.5875,5.08167,-0.818901
10.5959,5.00596,-0.817084
10.5884,4.92318,-0.81403
10.5967,4.84816,-0.812284
10.6071,4.77445,-0.810757
10.6298,4.70645,-0.810248
10.6402,4.63317,-0.808794
10.6455,4.55798,-0.806976
10.6825,4.49645,-0.807703
10.6988,4.42624,-0.806831
10.7184,4.3575,-0.806249
10.7338,4.28722,-0.805376
10.7376,4.21253,-0.803631
10.7372,4.13652,-0.801595
10.7419,4.0628,-0.799995
10.746,3.98917,-0.798396
10.7591,3.91906,-0.797523
10.7679,3.8476,-0.79636
10.7687,3.77354,-0.794614
10.7926,3.70772,-0.794687
10.8076,3.63888,-0.794105
10.7975,3.56187,-0.791633
10.8248,3.49739,-0.792069
10.8518,3.43271,-0.792506
10.8698,3.36518,-0.792287
10.8778,3.29466,-0.791342
10.8787,3.22219,-0.789888
10.9088,3.15843,-0.790688
10.9261,3.09089,-0.790542
10.9448,3.02379,-0.790542
10.9603,2.9558,-0.790324
10.9618,2.88417,-0.789088
10.9619,2.8124,-0.787779
10.9935,2.74871,-0.78887
10.9656,2.67035,-0.785525
10.9701,2.60025,-0.784652
11.0004,2.53625,-0.785743
11.009,2.46718,-0.785234
10.9742,2.38876,-0.781525
10.9731,2.31808,-0.780362
10.9666,2.2465,-0.778835
10.9596,2.17509,-0.777308
10.9355,2.10065,-0.774545
10.9207,2.02841,-0.772509
10.9094,1.95713,-0.770763
10.9025,1.88692,-0.769382
10.8982,1.81736,-0.768218
10.8796,1.74572,-0.766037
10.8684,1.67558,-0.764437
10.8607,1.60623,-0.763128
10.8556,1.53746,-0.762038
10.847,1.46842,-0.760729
10.8261,1.398,-0.758547
10.8068,1.32813,-0.756511
10.8038,1.26053,-0.755711
10.7975,1.19268,-0.754693
10.7828,1.12413,-0.753093
10.7835,1.05736,-0.752657
10.7898,0.991172,-0.752657
10.7798,0.923584,-0.751494
10.7634,0.855682,-0.749894
10.7505,0.788308,-0.748585
10.7412,0.721392,-0.747567
10.7016,0.652795,-0.744368
10.6955,0.586572,-0.74364
10.681,0.520059,-0.742332
10.67,0.453917,-0.741314
10.6646,0.388148,-0.740732
10.6439,0.322008,-0.739059
10.6018,0.255629,-0.73586
10.6101,0.1907,-0.736369
10.6011,0.125474,-0.735642
10.5867,0.0603379,-0.734551
10.5779,-0.00461922,-0.733896
10.5647,-0.0694402,-0.732951
10.5452,-0.134024,-0.73157
10.5282,-0.198427,-0.730406
10.5158,-0.26275,-0.729606
10.494,-0.32665,-0.728152
10.4819,-0.390664,-0.727425
10.4653,-0.454368,-0.726407
10.4484,-0.517884,-0.725389
10.4301,-0.581154,-0.724298
10.4054,-0.643849,-0.722771
10.3844,-0.706535,-0.721535
10.3739,-0.769796,-0.721098
10.368,-0.833355,-0.721026
10.3537,-0.896183,-0.720371
10.3242,-0.957487,-0.718626
10.2983,-1.01886,-0.717172
10.2789,-1.08067,-0.716226
10.2572,-1.14207,-0.715136
10.2292,-1.20254,-0.713609
10.192,-1.26161,-0.711427
10.1524,-1.32001,-0.7091
10.1283,-1.38013,-0.707937
10.1176,-1.44197,-0.707791
10.1017,-1.50299,-0.707282
10.0874,-1.56418,-0.706919
10.0618,-1.62351,-0.705755
10.0379,-1.68291,-0.704737
10.0156,-1.74242,-0.703865
9.98703,-1.80066,-0.702556
9.96697,-1.86026,-0.701901
9.94656,-1.91968,-0.701247
9.91894,-1.97755,-0.700084
9.89294,-2.03557,-0.699066
9.85588,-2.09106,-0.697248
9.82922,-2.14851,-0.69623
9.81293,-2.20813,-0.696011
9.78462,-2.26492,-0.694921
9.7521,-2.32053,-0.693539
9.72024,-2.37607,-0.69223
9.68033,-2.42936,-0.69034
9.66621,-2.48896,-0.690412
9.63725,-2.54466,-0.689394
9.59835,-2.59749,-0.687649
9.56974,-2.65288,-0.686704
9.53505,-2.70637,-0.685322
9.5039,-2.76066,-0.684231
9.48391,-2.81807,-0.684013
9.45785,-2.8736,-0.683359
9.42194,-2.92596,-0.681977
9.38385,-2.97738,-0.68045
9.35117,-3.0303,-0.679359
9.31252,-3.08104,-0.677832
9.26981,-3.13015,-0.676015
9.24477,-3.18502,-0.675578
9.21188,-3.23706,-0.67456
9.18997,-3.29285,-0.674415
9.17334,-3.35054,-0.674706
9.14232,-3.40294,-0.673906
9.12314,-3.45968,-0.674051
9.10639,-3.51739,-0.674415
9.07814,-3.57064,-0.673906
9.03661,-3.61849,-0.672379
8.97453,-3.65769,-0.669252
8.92151,-3.70008,-0.666852
8.87015,-3.74274,-0.664598
8.82502,-3.78766,-0.662853
8.7879,-3.83575,-0.661762
8.74779,-3.88232,-0.660453
8.69835,-3.92444,-0.658417
8.65325,-3.96818,-0.656745
8.61337,-4.01404,-0.655509
8.57146,-4.05871,-0.654127
8.53291,-4.10474,-0.653036
8.49053,-4.14871,-0.651655
8.43901,-4.18787,-0.649546
8.40335,-4.23464,-0.648746
8.37899,-4.28703,-0.648891
8.35253,-4.33836,-0.648891
8.31781,-4.38534,-0.648237
8.28107,-4.43112,-0.647437
8.24058,-4.47471,-0.646346
8.20947,-4.52327,-0.646056
8.18766,-4.57696,-0.646565
8.15074,-4.62219,-0.645837
8.11704,-4.66914,-0.645401
8.08566,-4.71735,-0.645183
8.04368,-4.75925,-0.644092
8.00492,-4.80288,-0.643292
7.97019,-4.84879,-0.642856
7.95726,-4.90808,-0.64431
6.22375,-3.89205,-0.49786
7.85852,-4.98133,-0.641038
7.82194,-5.02568,-0.640529
7.80265,-5.0812,-0.641547
7.78298,-5.13667,-0.642565
7.75464,-5.18655,-0.642856
7.71936,-5.23179,-0.642565
7.69534,-5.2847,-0.643292
7.67587,-5.34094,-0.644456
7.64621,-5.39023,-0.644747
7.60082,-5.42835,-0.643656
7.56252,-5.47138,-0.64322
7.53283,-5.52063,-0.643583
7.486,-5.55723,-0.64242
7.42625,-5.58389,-0.640093
7.40454,-5.63901,-0.641256
7.36269,-5.67886,-0.640602
7.32614,-5.7227,-0.640456
7.28306,-5.76136,-0.639729
7.23823,-5.79846,-0.638857
7.20252,-5.84276,-0.638857
7.16114,-5.88242,-0.638348
7.10574,-5.9103,-0.63653
7.06476,-5.94994,-0.636093
7.02509,-5.99058,-0.635803
6.9882,-6.03358,-0.635803
6.94954,-6.07503,-0.635657
6.90018,-6.10698,-0.634494
6.85664,-6.14388,-0.633912
6.81807,-6.18517,-0.633839
6.7822,-6.22891,-0.634057
6.74823,-6.27448,-0.634494
6.70888,-6.31509,-0.634421
6.66278,-6.34925,-0.633694
6.61437,-6.38102,-0.632749
6.57509,-6.42148,-0.632749
6.53344,-6.4596,-0.63253
6.48522,-6.4911,-0.631658
6.44176,-6.52722,-0.631294
6.40368,-6.56877,-0.631512
6.36741,-6.61225,-0.631949
6.32671,-6.65119,-0.631949
6.27964,-6.68335,-0.631294
6.23444,-6.71737,-0.630858
6.19715,-6.7599,-0.631294
6.16292,-6.80593,-0.632094
6.12171,-6.84436,-0.632167
6.07233,-6.87357,-0.631367
6.03004,-6.9107,-0.631367
5.98232,-6.94153,-0.630785
5.93832,-6.97659,-0.63064
5.90053,-7.019,-0.631221
5.85799,-7.05584,-0.631294
5.80447,-7.07931,-0.630131
5.7559,-7.10859,-0.629549
5.70594,-7.13599,-0.628822
5.6602,-7.16852,-0.628604
5.61181,-7.19761,-0.628095
5.58701,-7.25719,-0.630422
5.53453,-7.28102,-0.629476
5.48616,-7.31005,-0.62904
5.43883,-7.34037,-0.628749
5.39722,-7.37844,-0.629185
5.34542,-7.40252,-0.628386
5.297,-7.43112,-0.628022
5.25303,-7.46593,-0.62824
5.20826,-7.49966,-0.628386
5.16778,-7.5397,-0.629113
5.12254,-7.57292,-0.629258
5.07321,-7.60006,-0.628895
5.02319,-7.62605,-0.628458
4.97467,-7.65422,-0.62824
4.93084,-7.68964,-0.628676
4.88837,-7.72733,-0.629331
4.84244,-7.75972,-0.629549
4.79422,-7.78844,-0.629476
4.74375,-7.81344,-0.629113
4.69316,-7.83813,-0.628749
4.64954,-7.8745,-0.629404
4.60013,-7.90116,-0.629258
4.55355,-7.9327,-0.629549
4.51069,-7.9709,-0.630422
4.46607,-8.00627,-0.631076
4.4183,-8.03614,-0.631294
4.36891,-8.0631,-0.631294
4.32029,-8.09152,-0.63144
4.27102,-8.11876,-0.631512
4.21929,-8.14127,-0.631221
4.17243,-8.17322,-0.63173
4.12221,-8.19867,-0.63173
4.06961,-8.21934,-0.631367
4.02566,-8.2576,-0.632458
3.97793,-8.28844,-0.632967
3.927,-8.31269,-0.632967
3.87718,-8.33935,-0.633185
3.82843,-8.36842,-0.633621
3.77824,-8.39448,-0.633839
3.72545,-8.41477,-0.633621
3.67255,-8.43473,-0.633403
3.6223,-8.46077,-0.633694
3.57225,-8.48743,-0.634057
3.52049,-8.51011,-0.63413
3.46558,-8.52509,-0.633621
3.41764,-8.55731,-0.634494
3.36289,-8.57254,-0.634057
3.33497,-8.65723,-0.639075
3.27332,-8.65514,-0.63733
3.21529,-8.66198,-0.636312
3.16413,-8.68716,-0.636748
3.1205,-8.73365,-0.638857
3.07147,-8.76581,-0.639875
3.00725,-8.75431,-0.637548
0,0,0
0,0,0
0,0,0
0,0,0
0,0,0
0,0,0
0,0,0
0,0,0
0,0,0
0,0,0
0,0,0
0,0,0
0,0,0
0,0,0
0,0,0
0,0,0
0,0,0
0,0,0
0,0,0
0,0,0
0,0,0
0,0,0
0,0,0
0,0,0
0,0,0
0,0,0
0,0,0
0,0,0
0,0,0
0,0,0
0,0,0
0,0,0
0,0,0
0,0,0
0,0,0
0,0,0
0,0,0
0,0,0
0,0,0
0,0,0
0,0,0
0,0,0
0,0,0
0,0,0
0,0,0
0,0,0
0,0,0
0,0,0
0,0,0
0,0,0
0,0,0
0,0,0
0,0,0
0,0,0
0,0,0
0,0,0
0,0,0
0,0,0
0,0,0
0,0,0
0,0,0
0,0,0
0,0,0
0,0,0
0,0,0
0,0,0
0,0,0
0,0,0
0,0,0
0,0,0
0,0,0
0,0,0
0,0,0
0,0,0
0,0,0
0,0,0
0,0,0
0,0,0
0,0,0
0,0,0
0,0,0
0,0,0
0,0,0
0,0,0
0,0,0
0,0,0
0,0,0
0,0,0
0,0,0
0,0,0
0,0,0
0,0,0
0,0,0
0,0,0
0,0,0
0,0,0
0,0,0
0,0,0
0,0,0
0,0,0
0,0,0
0,0,0
0,0,0
0,0,0
0,0,0
0,0,0
0,0,0
0,0,0
0,0,0
0,0,0
0,0,0
0,0,0
0,0,0
0,0,0
0,0,0
0,0,0
0,0,0
0,0,0
0,0,0
0,0,0
0,0,0
0,0,0
0,0,0
0,0,0
0,0,0
0,0,0
0,0,0
0,0,0
0,0,0
0,0,0
0,0,0
0,0,0
0,0,0
0,0,0
0,0,0
0,0,0
0,0,0
0,0,0
0,0,0
0,0,0
0,0,0
0,0,0
0,0,0
0,0,0
0,0,0
0,0,0
0,0,0
0,0,0
0,0,0
0,0,0
0,0,0
0,0,0
0,0,0
0,0,0
0,0,0
0,0,0
0,0,0
0,0,0
0,0,0
0,0,0
0,0,0
0,0,0
0,0,0
0,0,0
0,0,0
0,0,0
0,0,0
0,0,0
0,0,0
0,0,0
0,0,0
0,0,0
0,0,0
0,0,0
0,0,0
0,0,0
0,0,0
0,0,0
0,0,0
0,0,0
0,0,0
0,0,0
0,0,0
0,0,0
0,0,0
0,0,0
0,0,0
0,0,0
0,0,0
0,0,0
0,0,0
0,0,0
0,0,0
0,0,0
0,0,0
0,0,0
0,0,0
0,0,0
0,0,0
0,0,0
0,0,0
0,0,0
0,0,0
0,0,0
0,0,0
0,0,0
0,0,0
0,0,0
0,0,0
0,0,0
0,0,0
0,0,0
0,0,0
0,0,0
0,0,0
0,0,0
0,0,0
0,0,0
0,0,0
0,0,0
0,0,0
0,0,0
0,0,0
0,0,0
0,0,0
0,0,0
0,0,0
0,0,0
0,0,0
0,0,0
0,0,0
0,0,0
0,0,0
0,0,0
0,0,0
0,0,0
0,0,0
0,0,0
0,0,0
0,0,0
0,0,0
0,0,0
0,0,0
0,0,0
0,0,0
0,0,0
0,0,0
0,0,0
0,0,0
0,0,0
0,0,0
0,0,0
0,0,0
0,0,0
0,0,0
0,0,0
0,0,0
0,0,0
0,0,0
0,0,0
0,0,0
0,0,0
0,0,0
0,0,0
0,0,0
0,0,0
0,0,0
0,0,0
0,0,0
0,0,0
0,0,0
0,0,0
0,0,0
0,0,0
0,0,0
0,0,0
0,0,0
0,0,0
0,0,0
0,0,0
0,0,0
0,0,0
0,0,0
0,0,0
0,0,0
0,0,0
0,0,0
0,0,0
0,0,0
0,0,0
0,0,0
0,0,0
0,0,0
0,0,0
0,0,0
0,0,0
0,0,0
0,0,0
0,0,0
0,0,0
0,0,0
0,0,0
0,0,0
0,0,0
0,0,0
0,0,0
0,0,0
0,0,0
0,0,0
0,0,0
0,0,0
0,0,0
0,0,0
0,0,0
0,0,0
0,0,0
0,0,0
0,0,0
0,0,0
0,0,0
0,0,0
0,0,0
0,0,0
0,0,0
0,0,0
0,0,0
0,0,0
0,0,0
0,0,0
0,0,0
0,0,0
0,0,0
0,0,0
0,0,0
0,0,0
0,0,0
0,0,0
0,0,0
0,0,0
0,0,0
0,0,0
0,0,0
0,0,0
0,0,0
0,0,0
0,0,0
0,0,0
0,0,0
0,0,0
0,0,0
0,0,0
0,0,0
0,0,0
0,0,0
0,0,0
0,0,0
0,0,0
0,0,0
0,0,0
0,0,0
0,0,0
0,0,0
0,0,0
0,0,0
0,0,0
0,0,0
0,0,0
0,0,0
0,0,0
0,0,0
0,0,0
0,0,0
0,0,0
0,0,0
0,0,0
0,0,0
0,0,0
0,0,0
0,0,0
0,0,0
0,0,0
0,0,0
0,0,0
0,0,0
0,0,0
0,0,0
0,0,0
0,0,0
0,0,0
0,0,0
0,0,0
0,0,0
0,0,0
0,0,0
0,0,0
0,0,0
0,0,0
0,0,0
0,0,0
0,0,0
0,0,0
0,0,0
0,0,0
0,0,0
0,0,0
0,0,0
0,0,0
0,0,0
0,0,0
0,0,0
0,0,0
0,0,0
0,0,0
0,0,0
0,0,0
0,0,0
0,0,0
0,0,0
0,0,0
0,0,0
0,0,0
0,0,0
0,0,0
0,0,0
0,0,0
0,0,0
0,0,0
0,0,0
0,0,0
0,0,0
0,0,0
0,0,0
0,0,0
0,0,0
0,0,0
0,0,0
0,0,0
0,0,0
0,0,0
0,0,0
0,0,0
0,0,0
0,0,0
0,0,0
0,0,0
0,0,0
0,0,0
0,0,0
0,0,0
0,0,0
0,0,0
0,0,0
0,0,0
0,0,0
0,0,0
0,0,0
0,0,0
0,0,0
0,0,0
0,0,0
0,0,0
0,0,0
0,0,0
0,0,0
0,0,0
0,0,0
0,0,0
0,0,0
0,0,0
0,0,0
0,0,0
0,0,0
0,0,0
0,0,0
0,0,0
0,0,0
0,0,0
0,0,0
0,0,0
0,0,0
0,0,0
0,0,0
0,0,0
0,0,0
0,0,0
0,0,0
0,0,0
0,0,0
0,0,0
0,0,0
0,0,0
0,0,0
0,0,0
0,0,0
0,0,0
0,0,0
0,0,0
0,0,0
0,0,0
0,0,0
0,0,0
0,0,0
0,0,0
0,0,0
0,0,0
0,0,0
0,0,0
0,0,0
0,0,0
0,0,0
0,0,0
0,0,0
0,0,0
0,0,0
0,0,0
0,0,0
0,0,0
0,0,0
0,0,0
0,0,0
0,0,0
0,0,0
0,0,0
0,0,0
0,0,0
0,0,0
0,0,0
0,0,0
0,0,0
0,0,0
0,0,0
0,0,0
0,0,0
0,0,0
0,0,0
0,0,0
0,0,0
0,0,0
0,0,0
0,0,0
0,0,0
0,0,0
0,0,0
0,0,0
0,0,0
0,0,0
0,0,0
0,0,0
0,0,0
0,0,0
0,0,0
0,0,0
0,0,0
0,0,0
0,0,0
0,0,0
0,0,0
0,0,0
0,0,0
0,0,0
0,0,0
0,0,0
0,0,0
0,0,0
0,0,0
0,0,0
0,0,0
0,0,0
0,0,0
0,0,0
0,0,0
0,0,0
0,0,0
0,0,0
0,0,0
0,0,0
0,0,0
0,0,0
0,0,0
0,0,0
0,0,0
0,0,0
0,0,0
2.19498,10.349,-0.85828
2.25439,10.3168,-0.856677
2.31175,10.2765,-0.854399
0,0,0
0,0,0
0,0,0
0,0,0
2.61024,10.14,-0.849083
0,0,0
0,0,0
0,0,0
0,0,0
0,0,0
0,0,0
0,0,0
0,0,0
0,0,0
0,0,0
0,0,0
0,0,0
3.29763,9.57381,-0.81989
3.34904,9.53271,-0.818034
3.39739,9.48384,-0.815503
3.45312,9.45626,-0.814912
3.50413,9.41622,-0.813224
3.5569,9.3815,-0.812043
3.60972,9.34741,-0.810946
3.65862,9.30376,-0.809006
3.70009,9.24229,-0.805462
3.75297,9.21018,-0.804618
3.80635,9.17962,-0.803943
3.86067,9.1515,-0.803521
3.91243,9.11757,-0.802593
3.96471,9.08517,-0.801834
4.01634,9.05156,-0.80099
4.0673,9.01676,-0.800062
4.12005,8.9862,-0.799556
4.18016,8.97159,-0.800568
4.24238,8.96108,-0.802003
4.29124,8.92231,-0.800822
4.34284,8.88954,-0.800231
4.39731,8.86273,-0.800231
4.44757,8.82757,-0.799472
4.50211,8.801,-0.799556
4.56567,8.79178,-0.801328
4.63811,8.79886,-0.804703
4.67133,8.73158,-0.80099
4.74099,8.73252,-0.803859
4.82092,8.75127,-0.8085
4.92315,8.8085,-0.816937
5.04149,8.89168,-0.82799
5.15408,8.96163,-0.837861
5.28027,9.05206,-0.849843
5.40319,9.13355,-0.861064
5.52475,9.20959,-0.871864
5.66763,9.31769,-0.885954
5.78799,9.38535,-0.896164
5.93211,9.48822,-0.910001
6.05689,9.55685,-0.920548
6.20052,9.65196,-0.933879
6.27376,9.63544,-0.936072
6.32673,9.58762,-0.935144
6.38433,9.54696,-0.934975
6.43887,9.50183,-0.934385
6.48859,9.44983,-0.933119
6.53166,9.38857,-0.930925
6.58225,9.33854,-0.929913
6.63827,9.29636,-0.929744
6.6876,9.24495,-0.928647
6.73713,9.1941,-0.927635
6.78748,9.14459,-0.926791
6.83088,9.08604,-0.925019
6.87866,9.03365,-0.923922
6.92118,8.97471,-0.922151
6.96078,8.91244,-0.920041
7.00668,8.85862,-0.91886
7.05094,8.80302,-0.91751
7.09352,8.74566,-0.915991
7.13883,8.69196,-0.914895
7.16973,8.62118,-0.911941
7.21864,8.57245,-0.911435
7.26593,8.52193,-0.91076
7.30766,8.46512,-0.90941
7.35225,8.41187,-0.908482
7.39316,8.35466,-0.907132
7.43232,8.29578,-0.905613
7.46567,8.23083,-0.90342
7.51402,8.18267,-0.903167
7.55391,8.12546,-0.901901
7.58655,8.06082,-0.899792
7.62624,8.00402,-0.89861
7.66414,7.9456,-0.89726
7.703,7.88844,-0.896079
7.74075,7.8304,-0.894814
7.77737,7.77149,-0.893464
7.81711,7.71592,-0.892536
7.85147,7.65529,-0.891017
7.88537,7.59453,-0.889498
7.92316,7.53776,-0.888486
7.95474,7.47536,-0.886798
7.98366,7.41081,-0.884858
8.02164,7.35495,-0.884014
8.0511,7.29155,-0.882242
8.08232,7.23005,-0.880723
8.11384,7.16911,-0.879289
8.14792,7.11067,-0.878192
8.17403,7.04558,-0.876251
8.20269,6.98302,-0.874648
8.2309,6.92038,-0.873045
8.2594,6.85829,-0.871527
8.28977,6.798,-0.870261
8.32436,6.74136,-0.869502
8.35856,6.68456,-0.868742
8.3916,6.62697,-0.867898
8.42189,6.56739,-0.866802
8.43913,6.49796,-0.864355
8.46774,6.43762,-0.863174
8.50469,6.38374,-0.86292
8.53169,6.32254,-0.861655
8.55504,6.2589,-0.860052
8.58278,6.1987,-0.858955
8.60443,6.13435,-0.857267
8.62887,6.07227,-0.855917
8.64714,6.00613,-0.853977
8.6715,5.94451,-0.852711
8.70286,5.88784,-0.852205
8.74048,5.83544,-0.852374
8.76947,5.77731,-0.851699
8.79723,5.71851,-0.850939
8.80364,5.64613,-0.848071
8.81875,5.57976,-0.84613
8.8655,5.53345,-0.847396
8.84328,5.44448,-0.841827
8.87567,5.3896,-0.841743
8.89233,5.32531,-0.84014
8.90424,5.25848,-0.838115
8.92601,5.19773,-0.837102
8.94563,5.13592,-0.835921
8.9605,5.07161,-0.834318
8.9871,5.01411,-0.833896
9.01159,4.95551,-0.833305
9.02956,4.89347,-0.832124
9.04535,4.83047,-0.830774
9.07218,4.77348,-0.830521
9.1066,4.72048,-0.831027
9.13806,4.66587,-0.83128
9.14426,4.59852,-0.829171
9.16605,4.53923,-0.82858
9.17761,4.47505,-0.827062
9.18513,4.40916,-0.825205
9.20571,4.34974,-0.824615
9.22228,4.28855,-0.823687
9.24118,4.22857,-0.823012
9.25877,4.16811,-0.822252
9.2705,4.10517,-0.820987
9.27907,4.04105,-0.819468
9.29453,3.98011,-0.818624
9.31419,3.92107,-0.818202
9.31598,3.85471,-0.816177
9.31361,3.78696,-0.813815
9.32926,3.72679,-0.81314
9.35196,3.66948,-0.81314
9.36686,3.60916,-0.812465
9.38323,3.5495,-0.811959
9.4039,3.49151,-0.811874
9.40549,3.42658,-0.810103
9.40475,3.3611,-0.808162
9.4205,3.30168,-0.80774
9.42173,3.23734,-0.806053
9.43859,3.17851,-0.8058
9.45034,3.11804,-0.805125
9.44654,3.05264,-0.8031
9.45939,2.99282,-0.802593
9.46806,2.93178,-0.80175
9.46584,2.86756,-0.799978
9.4632,2.80348,-0.798206
9.46874,2.74204,-0.797193
9.48251,2.68307,-0.79694
9.49879,2.62484,-0.79694
9.51183,2.56573,-0.796687
9.51872,2.50503,-0.795928
9.52523,2.44435,-0.795169
9.53715,2.38514,-0.794915
9.54967,2.3261,-0.794747
9.56182,2.267,-0.794578
9.58332,2.21008,-0.795253
9.5967,2.15124,-0.795253
9.60972,2.09231,-0.795253
9.61165,2.03104,-0.794325
9.6171,1.97063,-0.793734
9.62217,1.91022,-0.793144
9.63664,1.85171,-0.793397
9.66056,1.79491,-0.794493
9.6655,1.73455,-0.793987
9.64357,1.6696,-0.791203
9.63102,1.60663,-0.789262
9.62791,1.54545,-0.788166
9.61948,1.48361,-0.786647
9.62249,1.42368,-0.786141
9.61822,1.3628,-0.785044
9.61554,1.30229,-0.784116
9.56801,1.23611,-0.779391
9.55563,1.17495,-0.777703
9.56761,1.11687,-0.778125
9.55943,1.05651,-0.776859
9.54294,0.995454,-0.774919
9.53399,0.935422,-0.773653
9.52764,0.875811,-0.772641
9.5239,0.816568,-0.771881
9.52079,0.757484,-0.771206
9.51234,0.698103,-0.77011
9.51048,0.639323,-0.769603
9.51124,0.580774,-0.76935
9.50865,0.522075,-0.768844
9.5067,0.463479,-0.768422
9.50737,0.405054,-0.768253
9.51765,0.347,-0.768928
9.51561,0.288474,-0.768591
9.50724,0.229841,-0.767747
9.49552,0.171268,-0.76665
9.46551,0.112635,-0.764035
9.45805,0.0545084,-0.76336
9.45023,-0.00352282,-0.762685
9.44904,-0.0615018,-0.7626
9.43752,-0.11934,-0.761672
9.42565,-0.177039,-0.760744
9.41642,-0.234671,-0.760069
9.40186,-0.292042,-0.758972
9.38595,-0.349206,-0.757791
9.3667,-0.406056,-0.756357
9.34214,-0.462437,-0.7545
9.33216,-0.519363,-0.75391
9.32184,-0.576183,-0.753319
9.31614,-0.633235,-0.753151
9.29618,-0.689206,-0.751801
9.2878,-0.745914,-0.751463
9.27015,-0.801773,-0.750366
9.24124,-0.85643,-0.748341
9.21499,-0.911058,-0.746569
9.19436,-0.96602,-0.745304
9.17142,-1.02054,-0.743869
9.14915,-1.07494,-0.742519
9.14338,-1.13118,-0.742604
9.12638,-1.18598,-0.74176
9.10116,-1.23953,-0.740241
9.09141,-1.29507,-0.740073
9.08231,-1.35068,-0.739988
9.06597,-1.40516,-0.739313
9.04537,-1.45886,-0.738301
9.02151,-1.51186,-0.737035
8.9944,-1.56412,-0.735516
8.97286,-1.61715,-0.734504
8.95395,-1.67053,-0.733745
8.92495,-1.72186,-0.732141
8.89174,-1.77211,-0.730201
8.86606,-1.82362,-0.728935
8.85178,-1.87737,-0.728682
8.82841,-1.92909,-0.72767
8.79016,-1.97732,-0.725392
8.75747,-2.0265,-0.72362
8.73324,-2.07743,-0.722607
8.7,-2.12601,-0.720835
8.65973,-2.17256,-0.718473
8.62791,-2.22093,-0.71687
8.5987,-2.26976,-0.71552
8.5798,-2.32118,-0.715098
8.56732,-2.37431,-0.715267
8.55738,-2.42819,-0.715689
8.53562,-2.47871,-0.715098
8.4916,-2.52252,-0.712567
8.45689,-2.56879,-0.710879
8.42955,-2.61708,-0.709867
8.39149,-2.66183,-0.707926
8.3314,-2.69914,-0.704045
8.2967,-2.74426,-0.702442
8.27121,-2.79225,-0.701683
8.24827,-2.841,-0.701176
8.19496,-2.879,-0.69797
8.16776,-2.92587,-0.697127
8.14872,-2.97559,-0.697042
8.11817,-3.02102,-0.695945
8.08923,-3.06689,-0.695017
8.06468,-3.11431,-0.694511
8.03986,-3.16155,-0.694005
8.01476,-3.2086,-0.693498
7.98661,-3.25433,-0.692739
7.95637,-3.29907,-0.691811
7.92955,-3.34512,-0.69122
7.91071,-3.3945,-0.691389
7.87421,-3.4362,-0.689955
7.85388,-3.48485,-0.690039
7.81964,-3.52724,-0.688858
7.78788,-3.57059,-0.68793
7.7586,-3.61494,-0.687255
7.72637,-3.65778,-0.686327
7.70468,-3.70556,-0.686411
7.65673,-3.74051,-0.684049
7.62292,-3.78211,-0.683036
7.60402,-3.83105,-0.683458
7.58392,-3.87945,-0.683795
7.56174,-3.92683,-0.683964
7.52781,-3.96805,-0.683036
7.49717,-4.01087,-0.682446
7.46366,-4.05204,-0.681602
7.43255,-4.0944,-0.681011
7.40468,-4.13846,-0.680758
7.37048,-4.17891,-0.679914
7.34901,-4.22654,-0.680336
7.32208,-4.27105,-0.680252
7.31718,-4.32858,-0.682361
7.29475,-4.37596,-0.682783
7.26606,-4.4196,-0.682614
6.26264,-3.86205,-0.5855
6.21855,-3.88772,-0.583475
6.20468,-3.93221,-0.584488
7.20487,-4.62836,-0.687592
7.12707,-4.6404,-0.682614
7.10013,-4.68515,-0.682783
7.05965,-4.72087,-0.681602
7.03468,-4.76689,-0.682024
6.99708,-4.80433,-0.68118
6.97156,-4.85001,-0.681602
6.93434,-4.88753,-0.680842
6.90665,-4.93173,-0.681096
6.86738,-4.96759,-0.680167
6.8207,-4.99785,-0.67848
6.7899,-5.03961,-0.67848
6.76602,-5.08656,-0.679239
6.73548,-5.12859,-0.679324
6.70072,-5.16739,-0.678986
6.67439,-5.2127,-0.679577
6.64697,-5.25726,-0.680083
6.60758,-5.29234,-0.679324
6.56493,-5.32462,-0.678227
6.53367,-5.36607,-0.678396
6.50139,-5.4067,-0.67848
6.46428,-5.44328,-0.678058
6.41863,-5.47249,-0.676708
6.37814,-5.50591,-0.675949
6.34349,-5.54429,-0.675864
6.29517,-5.57056,-0.674261
6.24232,-5.59246,-0.672152
6.2042,-5.62731,-0.67173
6.17175,-5.66729,-0.671983
6.12884,-5.69759,-0.671055
6.07997,-5.72212,-0.669452
6.04114,-5.75588,-0.66903
6.00284,-5.79007,-0.668693
5.96506,-5.8247,-0.66844
5.91787,-5.84999,-0.66709
5.88398,-5.8883,-0.667343
5.83724,-5.91366,-0.666077
5.79598,-5.94437,-0.665486
5.7587,-5.9791,-0.665402
5.72191,-6.01433,-0.665402
5.67875,-6.04279,-0.664643
5.63276,-6.06802,-0.663546
5.59744,-6.10467,-0.663799
5.55854,-6.13743,-0.66363
5.5221,-6.1729,-0.663799
5.48544,-6.20816,-0.663968
5.43414,-6.22669,-0.66228
5.40429,-6.26973,-0.663377
5.36378,-6.30049,-0.663124
5.32053,-6.32795,-0.662533
5.28925,-6.36967,-0.663546
5.2488,-6.40047,-0.663377
5.20566,-6.42791,-0.662871
5.16799,-6.46206,-0.663124
5.12269,-6.48661,-0.662365
5.07789,-6.51163,-0.66169
5.04088,-6.54662,-0.662111
4.99579,-6.57108,-0.661436
4.95837,-6.60559,-0.661858
4.92308,-6.6431,-0.662618
4.87752,-6.66675,-0.661943
4.82369,-6.67878,-0.660087
4.78377,-6.70987,-0.660255
4.75341,-6.75458,-0.661858
4.70846,-6.77871,-0.661352
4.66509,-6.80501,-0.661099
4.6132,-6.81865,-0.65958
4.57127,-6.84683,-0.65958
4.52972,-6.87558,-0.659665
4.49831,-6.91995,-0.661352
4.46007,-6.95413,-0.662027
4.42158,-6.9881,-0.662702
4.37809,-7.01426,-0.662618
4.3334,-7.03844,-0.662365
4.29013,-7.0649,-0.662365
4.24517,-7.08853,-0.662111
4.19855,-7.10929,-0.661605
4.15485,-7.13492,-0.661605
4.11397,-7.16546,-0.662111
4.0714,-7.19317,-0.662365
4.02719,-7.21802,-0.662365
3.98426,-7.24521,-0.662618
3.94163,-7.27303,-0.662955
3.89505,-7.29356,-0.662618
3.84791,-7.31292,-0.662196
3.80342,-7.33727,-0.66228
3.76512,-7.37378,-0.663546
3.72026,-7.39764,-0.66363
2.80417,-5.6621,-0.497499
2.76413,-5.66845,-0.496486
3.58734,-7.47295,-0.66439
3.54142,-7.49482,-0.66439
3.49453,-7.5146,-0.664221
3.44794,-7.53499,-0.664136
3.40573,-7.56509,-0.66498
3.35844,-7.58403,-0.664811
3.30667,-7.59261,-0.663715
3.26394,-7.62192,-0.664558
3.2175,-7.64272,-0.664643
3.16978,-7.66048,-0.664474
3.12459,-7.6844,-0.664896
3.08219,-7.71546,-0.665993
3.03879,-7.74443,-0.666921
2.9948,-7.77223,-0.667764
2.94882,-7.79511,-0.668186
2.90336,-7.8196,-0.668777
2.85498,-7.83633,-0.668693
2.80618,-7.85183,-0.668524
2.75959,-7.8736,-0.668946
2.71544,-7.90263,-0.670043
2.66722,-7.92009,-0.670127
2.62169,-7.94577,-0.670971
2.58055,-7.98541,-0.67308
2.50385,-7.91369,-0.665318
0,0,0
0,0,0
0,0,0
0,0,0
0,0,0
0,0,0
0,0,0
0,0,0
0,0,0
0,0,0
0,0,0
0,0,0
0,0,0
0,0,0
0,0,0
0,0,0
0,0,0
0,0,0
0,0,0
0,0,0
0,0,0
0,0,0
0,0,0
0,0,0
0,0,0
0,0,0
0,0,0
0,0,0
0,0,0
0,0,0
0,0,0
0,0,0
0,0,0
0,0,0
0,0,0
0,0,0
0,0,0
0,0,0
0,0,0
0,0,0
0,0,0
0,0,0
0,0,0
0,0,0
0,0,0
0,0,0
0,0,0
0,0,0
0,0,0
0,0,0
0,0,0
0,0,0
0,0,0
0,0,0
0,0,0
0,0,0
0,0,0
0,0,0
0,0,0
0,0,0
0,0,0
0,0,0
0,0,0
0,0,0
0,0,0
0,0,0
0,0,0
0,0,0
0,0,0
0,0,0
0,0,0
0,0,0
0,0,0
0,0,0
0,0,0
0,0,0
0,0,0
0,0,0
0,0,0
0,0,0
0,0,0
0,0,0
0,0,0
0,0,0
0,0,0
0,0,0
0,0,0
0,0,0
0,0,0
0,0,0
0,0,0
0,0,0
0,0,0
0,0,0
0,0,0
0,0,0
0,0,0
0,0,0
0,0,0
0,0,0
0,0,0
0,0,0
0,0,0
0,0,0
0,0,0
0,0,0
0,0,0
0,0,0
0,0,0
0,0,0
0,0,0
0,0,0
0,0,0
0,0,0
0,0,0
0,0,0
0,0,0
0,0,0
0,0,0
0,0,0
0,0,0
0,0,0
0,0,0
0,0,0
0,0,0
0,0,0
0,0,0
0,0,0
0,0,0
0,0,0
0,0,0
0,0,0
0,0,0
0,0,0
0,0,0
0,0,0
0,0,0
0,0,0
0,0,0
0,0,0
0,0,0
0,0,0
0,0,0
0,0,0
0,0,0
0,0,0
0,0,0
0,0,0
0,0,0
0,0,0
0,0,0
0,0,0
0,0,0
0,0,0
0,0,0
0,0,0
0,0,0
0,0,0
0,0,0
0,0,0
0,0,0
0,0,0
0,0,0
0,0,0
0,0,0
0,0,0
0,0,0
0,0,0
0,0,0
0,0,0
0,0,0
0,0,0
0,0,0
0,0,0
0,0,0
0,0,0
0,0,0
0,0,0
0,0,0
0,0,0
0,0,0
0,0,0
0,0,0
0,0,0
0,0,0
0,0,0
0,0,0
0,0,0
0,0,0
0,0,0
0,0,0
0,0,0
0,0,0
0,0,0
0,0,0
0,0,0
0,0,0
0,0,0
0,0,0
0,0,0
0,0,0
0,0,0
0,0,0
0,0,0
0,0,0
0,0,0
0,0,0
0,0,0
0,0,0
0,0,0
0,0,0
0,0,0
0,0,0
0,0,0
0,0,0
0,0,0
0,0,0
0,0,0
0,0,0
0,0,0
0,0,0
0,0,0
0,0,0
0,0,0
0,0,0
0,0,0
0,0,0
0,0,0
0,0,0
0,0,0
0,0,0
0,0,0
0,0,0
0,0,0
0,0,0
0,0,0
0,0,0
0,0,0
0,0,0
0,0,0
0,0,0
0,0,0
0,0,0
0,0,0
0,0,0
0,0,0
0,0,0
0,0,0
0,0,0
0,0,0
0,0,0
0,0,0
0,0,0
0,0,0
0,0,0
0,0,0
0,0,0
0,0,0
0,0,0
0,0,0
0,0,0
0,0,0
0,0,0
0,0,0
0,0,0
0,0,0
0,0,0
0,0,0
0,0,0
0,0,0
0,0,0
0,0,0
0,0,0
0,0,0
0,0,0
0,0,0
0,0,0
0,0,0
0,0,0
0,0,0
0,0,0
0,0,0
0,0,0
0,0,0
0,0,0
0,0,0
0,0,0
0,0,0
0,0,0
0,0,0
0,0,0
0,0,0
0,0,0
0,0,0
0,0,0
0,0,0
0,0,0
0,0,0
0,0,0
0,0,0
0,0,0
0,0,0
0,0,0
0,0,0
0,0,0
0,0,0
0,0,0
0,0,0
0,0,0
0,0,0
0,0,0
0,0,0
0,0,0
0,0,0
0,0,0
0,0,0
0,0,0
0,0,0
0,0,0
0,0,0
0,0,0
0,0,0
0,0,0
0,0,0
0,0,0
0,0,0
0,0,0
0,0,0
0,0,0
0,0,0
0,0,0
0,0,0
0,0,0
0,0,0
0,0,0
0,0,0
0,0,0
0,0,0
0,0,0
0,0,0
0,0,0
0,0,0
0,0,0
0,0,0
0,0,0
0,0,0
0,0,0
0,0,0
0,0,0
0,0,0
0,0,0
0,0,0
0,0,0
0,0,0
0,0,0
0,0,0
0,0,0
0,0,0
0,0,0
0,0,0
0,0,0
0,0,0
0,0,0
0,0,0
0,0,0
0,0,0
0,0,0
0,0,0
0,0,0
0,0,0
0,0,0
0,0,0
0,0,0
0,0,0
0,0,0
0,0,0
0,0,0
0,0,0
0,0,0
0,0,0
0,0,0
0,0,0
0,0,0
0,0,0
0,0,0
0,0,0
0,0,0
0,0,0
0,0,0
0,0,0
0,0,0
0,0,0
0,0,0
0,0,0
0,0,0
0,0,0
0,0,0
0,0,0
0,0,0
0,0,0
0,0,0
0,0,0
0,0,0
0,0,0
0,0,0
0,0,0
0,0,0
0,0,0
0,0,0
0,0,0
0,0,0
0,0,0
0,0,0
0,0,0
0,0,0
0,0,0
0,0,0
0,0,0
0,0,0
0,0,0
0,0,0
0,0,0
0,0,0
0,0,0
0,0,0
0,0,0
0,0,0
0,0,0
0,0,0
0,0,0
0,0,0
0,0,0
0,0,0
0,0,0
0,0,0
0,0,0
0,0,0
0,0,0
0,0,0
0,0,0
0,0,0
0,0,0
0,0,0
0,0,0
0,0,0
0,0,0
0,0,0
0,0,0
0,0,0
0,0,0
0,0,0
0,0,0
0,0,0
0,0,0
0,0,0
0,0,0
0,0,0
0,0,0
0,0,0
0,0,0
0,0,0
0,0,0
0,0,0
0,0,0
0,0,0
0,0,0
0,0,0
0,0,0
0,0,0
0,0,0
0,0,0
0,0,0
0,0,0
0,0,0
0,0,0
0,0,0
0,0,0
0,0,0
0,0,0
0,0,0
0,0,0
0,0,0
0,0,0
0,0,0
0,0,0
0,0,0
0,0,0
0,0,0
0,0,0
0,0,0
0,0,0
0,0,0
0,0,0
0,0,0
0,0,0
0,0,0
0,0,0
0,0,0
0,0,0
0,0,0
0,0,0
0,0,0
0,0,0
0,0,0
0,0,0
0,0,0
0,0,0
0,0,0
0,0,0
0,0,0
0,0,0
0,0,0
0,0,0
0,0,0
0,0,0
0,0,0
0,0,0
0,0,0
0,0,0
0,0,0
0,0,0
0,0,0
0,0,0
0,0,0
0,0,0
0,0,0
0,0,0
0,0,0
0,0,0
0,0,0
0,0,0
0,0,0
0,0,0
0,0,0
0,0,0
0,0,0
0,0,0
0,0,0
0,0,0
0,0,0
0,0,0
0,0,0
0,0,0
0,0,0
0,0,0
0,0,0
0,0,0
0,0,0
0,0,0
0,0,0
0,0,0
0,0,0
0,0,0
0,0,0
0,0,0
0,0,0
0,0,0
0,0,0
0,0,0
0,0,0
0,0,0
0,0,0
0,0,0
0,0,0
0,0,0
0,0,0
0,0,0
0,0,0
0,0,0
0,0,0
0,0,0
0,0,0
0,0,0
0,0,0
0,0,0
0,0,0
0,0,0
0,0,0
0,0,0
0,0,0
0,0,0
0,0,0
0,0,0
0,0,0
0,0,0
0,0,0
0,0,0
0,0,0
0,0,0
0,0,0
0,0,0
0,0,0
0,0,0
0,0,0
0,0,0
0,0,0
0,0,0
0,0,0
0,0,0
0,0,0
0,0,0
0,0,0
0,0,0
0,0,0
0,0,0
0,0,0
0,0,0
0,0,0
0,0,0
0,0,0
0,0,0
0,0,0
0,0,0
0,0,0
2.06638,8.91936,-0.855157
2.12084,8.90555,-0.85506
2.16977,8.86916,-0.852731
2.22051,8.8412,-0.851275
2.27894,8.8438,-0.852925
0,0,0
0,0,0
0,0,0
0,0,0
0,0,0
0,0,0
0,0,0
2.62482,8.44663,-0.824874
2.68262,8.44934,-0.826815
2.70771,8.35035,-0.818371
2.77828,8.39216,-0.824389
2.81731,8.33818,-0.820603
2.84928,8.26522,-0.814877
2.89565,8.23538,-0.813615
2.94378,8.2109,-0.812935
2.98113,8.15715,-0.809247
3.02904,8.13311,-0.808665
3.07536,8.10507,-0.807694
3.12611,8.08883,-0.807985
3.17605,8.07042,-0.808082
3.22587,8.05171,-0.808179
3.27672,8.03545,-0.808568
3.32901,8.02255,-0.809344
3.38089,8.00839,-0.810023
3.43232,7.99298,-0.810606
3.49085,7.99366,-0.812935
3.54589,7.98574,-0.814391
3.59974,7.97471,-0.815556
3.63532,7.92353,-0.81245
3.73475,8.01023,-0.824194
3.81365,8.05013,-0.830989
3.89102,8.08487,-0.837298
3.99387,8.16994,-0.849139
4.08109,8.22017,-0.857293
4.17669,8.28474,-0.867096
4.27097,8.34401,-0.876414
4.3698,8.4095,-0.886508
4.47842,8.49082,-0.898447
4.57035,8.53777,-0.906697
4.692,8.63726,-0.920868
4.79487,8.69896,-0.930962
4.90643,8.77363,-0.94261
4.98816,8.7927,-0.948142
5.04797,8.77228,-0.949307
5.11073,8.75662,-0.951054
5.15524,8.70968,-0.949307
5.19937,8.66252,-0.94756
5.24311,8.61515,-0.945813
5.28961,8.57265,-0.944648
5.33577,8.52991,-0.943483
5.37629,8.47851,-0.941348
5.41906,8.43113,-0.939698
5.46255,8.38521,-0.938242
5.50677,8.34074,-0.93698
5.55397,8.301,-0.936301
5.5981,8.25688,-0.935136
5.64696,8.21991,-0.934845
5.68706,8.1704,-0.933098
5.72447,8.11746,-0.930962
5.75971,8.06194,-0.928536
5.79973,8.01354,-0.926983
5.84291,7.96978,-0.926012
5.88814,7.92898,-0.92543
5.93309,7.88793,-0.924848
5.97957,7.849,-0.924556
6.02397,7.80743,-0.923974
6.06073,7.75621,-0.922227
6.09895,7.70717,-0.920771
6.14612,7.6696,-0.920771
6.18993,7.62788,-0.920286
6.22777,7.57899,-0.918927
6.27543,7.54216,-0.919121
6.31967,7.50123,-0.91883
6.35783,7.45322,-0.917665
6.38002,7.38695,-0.914171
6.40361,7.32294,-0.910968
6.44842,7.28351,-0.910968
6.48702,7.23714,-0.910094
6.51792,7.18245,-0.908153
6.56053,7.14086,-0.907959
6.60218,7.09828,-0.907668
6.63333,7.0446,-0.905921
6.66407,6.99079,-0.904173
6.70062,6.94333,-0.9033
6.73476,6.89354,-0.902135
6.76573,6.84076,-0.900582
6.7949,6.78646,-0.898835
6.81162,6.72017,-0.895438
6.85629,6.68172,-0.895923
6.89859,6.6409,-0.896117
6.93561,6.59502,-0.895632
6.96506,6.54212,-0.894176
6.97589,6.47218,-0.890294
6.99713,6.41244,-0.887867
7.02823,6.36204,-0.886799
7.05304,6.30619,-0.884955
7.07817,6.25093,-0.883208
7.11039,6.20215,-0.882432
7.14304,6.15385,-0.881752
7.17763,6.10733,-0.881364
7.20811,6.05741,-0.88049
7.22906,5.99972,-0.878452
7.26497,5.95462,-0.878355
7.29596,5.90554,-0.877676
7.32273,5.85321,-0.876511
7.3546,5.80508,-0.876025
7.37987,5.75189,-0.874764
7.40635,5.69982,-0.873696
7.43802,5.65186,-0.873308
7.47176,5.60552,-0.873211
7.46843,5.53172,-0.868649
7.49902,5.48344,-0.868261
7.5188,5.42742,-0.86661
7.53494,5.36905,-0.864572
7.56123,5.31814,-0.863796
7.588,5.26767,-0.863116
7.61607,5.2182,-0.862631
7.64465,5.16914,-0.862243
7.67871,5.12379,-0.862534
7.71,5.07658,-0.862534
7.72932,5.02158,-0.861175
7.73904,4.96063,-0.858748
7.75924,4.90667,-0.857584
7.78751,4.85791,-0.85739
7.80955,4.80534,-0.856516
7.81336,4.74184,-0.853604
7.83975,4.69227,-0.853313
7.86496,4.64206,-0.852925
7.89158,4.59271,-0.852731
7.90839,4.53776,-0.851469
7.92482,4.48278,-0.850207
7.94349,4.42922,-0.849236
7.97051,4.3804,-0.849236
7.98849,4.32667,-0.848266
8.00523,4.27241,-0.847198
8.01984,4.21719,-0.845936
8.03585,4.16286,-0.844869
8.05237,4.10895,-0.843898
8.07299,4.05723,-0.843413
8.08881,4.00321,-0.842442
8.10875,3.95132,-0.841957
8.12477,3.89761,-0.841083
8.13143,3.83961,-0.839239
8.14762,3.78629,-0.838463
8.16979,3.73581,-0.838365
8.1853,3.68234,-0.837589
8.18772,3.62319,-0.835454
8.19976,3.56851,-0.834386
8.22424,3.51931,-0.834677
8.24752,3.46955,-0.834871
8.26405,3.41697,-0.834386
8.27472,3.36208,-0.833318
8.26746,3.30017,-0.830406
8.28107,3.24684,-0.829727
8.29155,3.19239,-0.828756
8.30447,3.13899,-0.828077
8.31051,3.08312,-0.826718
8.32646,3.03105,-0.826427
8.32897,2.97421,-0.824777
8.33767,2.91976,-0.823806
8.34884,2.86628,-0.823127
8.34363,2.80738,-0.820797
8.34936,2.75239,-0.819633
8.36135,2.69958,-0.819147
8.37112,2.64612,-0.818468
8.35677,2.58529,-0.815362
8.34771,2.52647,-0.812838
8.36115,2.47464,-0.812644
8.38,2.42439,-0.813032
8.39567,2.3732,-0.813129
8.3976,2.3182,-0.811868
8.39629,2.26248,-0.810315
8.39462,2.20687,-0.808762
8.40029,2.15334,-0.807985
8.40658,2.10007,-0.807306
8.41351,2.04703,-0.806723
8.4172,1.9933,-0.80585
8.42054,1.93961,-0.804976
8.42937,1.88725,-0.804685
8.44079,1.83549,-0.804685
8.45189,1.78367,-0.804685
8.46463,1.73217,-0.804879
8.47705,1.68059,-0.805073
8.48329,1.62779,-0.804685
8.50486,1.57789,-0.80585
8.5232,1.52726,-0.806723
8.52359,1.47341,-0.80585
8.53934,1.42222,-0.806529
8.56756,1.37295,-0.80847
8.57681,1.32051,-0.808568
8.60247,1.27048,-0.810315
8.63671,1.22144,-0.812935
8.65884,1.17042,-0.814391
8.65302,1.11561,-0.813129
8.61426,1.05692,-0.808665
8.62751,1.00485,-0.809344
8.6345,0.952,-0.809441
8.62632,0.897558,-0.808082
8.62968,0.844417,-0.807888
8.63173,0.791178,-0.807597
8.62353,0.737096,-0.806335
8.61499,0.683144,-0.805073
8.60215,0.629035,-0.803423
8.60088,0.575908,-0.802938
8.59531,0.522578,-0.802064
8.58345,0.469012,-0.800608
8.58119,0.416095,-0.800123
8.58756,0.363602,-0.800511
8.59858,0.311229,-0.801385
8.59138,0.258193,-0.800511
8.57091,0.204946,-0.798376
8.57599,0.152423,-0.798764
8.56482,0.0996582,-0.7976
8.54636,0.046997,-0.795755
8.53554,-0.00543783,-0.794688
8.53136,-0.0577844,-0.794299
8.51393,-0.109915,-0.792649
8.50314,-0.161965,-0.791679
8.49701,-0.214011,-0.791193
8.49654,-0.266175,-0.791291
8.4838,-0.317896,-0.790223
8.45982,-0.368994,-0.788087
8.45143,-0.420599,-0.787505
8.45167,-0.472615,-0.787796
8.43967,-0.523911,-0.786923
8.41842,-0.574468,-0.785176
8.40283,-0.625228,-0.784011
8.38892,-0.675977,-0.78304
8.37271,-0.726407,-0.781876
8.37107,-0.778043,-0.782167
8.35821,-0.828608,-0.78139
8.35,-0.879565,-0.781099
8.33851,-0.930122,-0.780517
8.31782,-0.979524,-0.779061
8.30277,-1.02944,-0.778187
8.28248,-1.07857,-0.776828
8.26485,-1.12789,-0.775761
8.25285,-1.17788,-0.775275
8.20117,-1.2219,-0.770908
8.1886,-1.27144,-0.770422
8.17671,-1.32102,-0.770034
8.15079,-1.36821,-0.768287
8.12557,-1.41529,-0.766637
8.09812,-1.46177,-0.764793
8.07432,-1.50869,-0.763337
8.05319,-1.55594,-0.762172
8.04837,-1.6063,-0.762657
8.03251,-1.65445,-0.762075
8.01442,-1.70205,-0.761298
7.98924,-1.748,-0.759843
7.95798,-1.7924,-0.757804
7.93131,-1.83761,-0.756251
7.89665,-1.88071,-0.753922
7.85983,-1.92298,-0.751398
7.80251,-1.95978,-0.746836
7.75275,-1.99794,-0.743051
7.76633,-2.05233,-0.745672
7.74302,-2.09708,-0.744604
7.71754,-2.1411,-0.743342
7.70042,-2.18732,-0.742954
7.66488,-2.22815,-0.740721
7.64057,-2.27202,-0.739654
7.60744,-2.31307,-0.737712
7.57884,-2.35527,-0.736256
7.5614,-2.40083,-0.735965
7.54748,-2.44749,-0.736062
7.53043,-2.49312,-0.735868
7.51121,-2.53801,-0.73548
7.48515,-2.58048,-0.734412
7.46636,-2.62537,-0.734121
7.44355,-2.66879,-0.733442
7.4261,-2.71407,-0.733345
7.38972,-2.75229,-0.731306
7.36897,-2.79617,-0.730918
7.34518,-2.83882,-0.730239
7.32206,-2.88165,-0.729656
7.30424,-2.92652,-0.729656
7.27785,-2.9679,-0.728783
7.24755,-3.00755,-0.727521
7.22988,-3.05235,-0.727618
7.20827,-3.09547,-0.727327
7.17455,-3.13327,-0.725774
7.14063,-3.17078,-0.724221
7.10562,-3.20757,-0.722571
7.07857,-3.24779,-0.721794
7.04858,-3.28654,-0.720727
7.01749,-3.32461,-0.719562
7.00234,-3.3702,-0.720144
6.97706,-3.41092,-0.719659
6.94441,-3.44791,-0.718397
6.91068,-3.48418,-0.717038
6.88828,-3.52607,-0.716941
6.86034,-3.56506,-0.716262
6.83041,-3.60291,-0.715388
6.80817,-3.64475,-0.715388
6.78656,-3.68693,-0.715485
6.75509,-3.7237,-0.714515
6.73298,-3.76556,-0.714612
6.71062,-3.80729,-0.714709
6.68109,-3.84492,-0.714029
6.65909,-3.88685,-0.714224
6.6454,-3.93372,-0.715388
6.60919,-3.96725,-0.714029
6.57111,-3.99945,-0.712476
6.23219,-3.84583,-0.676466
6.1975,-3.87714,-0.675205
6.17696,-3.91723,-0.675593
6.48689,-4.16973,-0.714321
6.46786,-4.2138,-0.715097
6.45019,-4.25889,-0.716068
6.42642,-4.30005,-0.716359
6.45428,-4.37626,-0.722765
6.51263,-4.47438,-0.732859
6.50466,-4.5279,-0.735189
6.49059,-4.57747,-0.736839
6.36924,-4.55069,-0.725677
6.30088,-4.56051,-0.720824
6.26716,-4.59497,-0.720144
6.22526,-4.62325,-0.718494
6.19519,-4.66016,-0.7183
6.1934,-4.71859,-0.7216
6.15645,-4.75043,-0.72063
6.11542,-4.77892,-0.719174
6.0813,-4.81265,-0.718591
6.04932,-4.84801,-0.7183
6.0125,-4.87939,-0.717427
5.97784,-4.9124,-0.716844
5.95217,-4.95281,-0.717427
5.92852,-4.99501,-0.7183
5.90003,-5.03323,-0.718591
5.91951,-5.11291,-0.725094
5.92175,-5.17862,-0.729462
5.89359,-5.21815,-0.729948
5.82217,-5.21901,-0.724803
5.70748,-5.17974,-0.713932
5.65654,-5.19716,-0.711409
5.60996,-5.21821,-0.709467
5.56624,-5.24162,-0.707914
5.52245,-5.26469,-0.706361
5.48574,-5.29433,-0.705779
5.4496,-5.32441,-0.705294
5.40692,-5.34795,-0.703935
5.36907,-5.3761,-0.703255
5.33109,-5.40398,-0.702576
5.29575,-5.43445,-0.702285
5.26023,-5.4647,-0.701994
5.22043,-5.49038,-0.70112
5.18187,-5.51723,-0.700441
5.14725,-5.54819,-0.700344
5.10571,-5.5716,-0.699276
5.06809,-5.59913,-0.698791
5.03032,-5.62642,-0.698305
4.98647,-5.64673,-0.696947
4.94846,-5.67347,-0.696461
4.91356,-5.70373,-0.696461
4.8804,-5.73604,-0.696752
4.84896,-5.77045,-0.697335
4.81346,-5.8001,-0.697335
4.77526,-5.82644,-0.696947
4.74129,-5.85796,-0.697238
4.70029,-5.88072,-0.696461
4.66412,-5.90945,-0.696461
4.63511,-5.94738,-0.697626
4.58761,-5.96151,-0.695879
4.55516,-5.99509,-0.696558
4.51171,-6.01417,-0.695491
4.46939,-6.03454,-0.694617
4.43698,-6.06828,-0.695394
4.40374,-6.10104,-0.696073
4.35814,-6.1166,-0.694714
4.3274,-6.15299,-0.695879
4.27991,-6.16553,-0.694229
4.24706,-6.19907,-0.695102
4.21006,-6.22666,-0.695296
4.17122,-6.25154,-0.695199
4.1295,-6.27203,-0.694617
4.08552,-6.28891,-0.693646
4.05706,-6.32978,-0.695491
4.02293,-6.36212,-0.696364
3.98171,-6.38331,-0.695976
3.93673,-6.3983,-0.694908
3.89843,-6.42403,-0.695102
3.85996,-6.44954,-0.695296
3.82133,-6.47482,-0.695491
3.78153,-6.49814,-0.695491
3.73663,-6.51259,-0.69452
3.70297,-6.54666,-0.695782
3.66564,-6.57447,-0.696364
3.62571,-6.59771,-0.696461
3.58516,-6.61983,-0.696461
3.54541,-6.64346,-0.696655
3.50643,-6.66862,-0.697044
3.4627,-6.6847,-0.696461
3.41981,-6.70228,-0.696073
3.38265,-6.73114,-0.696947
2.79107,-5.64039,-0.576007
2.75772,-5.66009,-0.576299
3.26636,-6.80931,-0.698791
3.22579,-6.83192,-0.699082
3.18633,-6.857,-0.699664
3.14419,-6.87643,-0.699664
3.09949,-6.89014,-0.699082
3.05594,-6.9063,-0.698791
3.01232,-6.92218,-0.6985
2.96861,-6.93779,-0.698208
2.92946,-6.96413,-0.699082
2.88554,-6.97922,-0.698791
2.84041,-6.99126,-0.698208
2.80004,-7.01503,-0.698888
2.76131,-7.04319,-0.700052
2.72054,-7.06651,-0.700732
2.67608,-7.08027,-0.700441
2.63362,-7.09936,-0.700732
2.59342,-7.12474,-0.701703
2.55132,-7.1452,-0.702188
2.52981,-7.22459,-0.708788
2.47121,-7.19856,-0.704517
2.4181,-7.18718,-0.7018
2.38269,-7.22835,-0.704517
0,0,0
0,0,0
0,0,0
0,0,0
0,0,0
0,0,0
0,0,0
0,0,0
0,0,0
0,0,0
0,0,0
0,0,0
0,0,0
0,0,0
0,0,0
0,0,0
0,0,0
0,0,0
0,0,0
0,0,0
0,0,0
0,0,0
0,0,0
0,0,0
0,0,0
0,0,0
0,0,0
0,0,0
0,0,0
0,0,0
0,0,0
0,0,0
0,0,0
0,0,0
0,0,0
0,0,0
0,0,0
0,0,0
0,0,0
0,0,0
0,0,0
0,0,0
0,0,0
0,0,0
0,0,0
0,0,0
0,0,0
0,0,0
0,0,0
0,0,0
0,0,0
0,0,0
0,0,0
0,0,0
0,0,0
0,0,0
0,0,0
0,0,0
0,0,0
0,0,0
0,0,0
0,0,0
0,0,0
0,0,0
0,0,0
0,0,0
0,0,0
0,0,0
0,0,0
0,0,0
0,0,0
0,0,0
0,0,0
0,0,0
0,0,0
0,0,0
0,0,0
0,0,0
0,0,0
0,0,0
0,0,0
0,0,0
0,0,0
0,0,0
0,0,0
0,0,0
0,0,0
0,0,0
0,0,0
0,0,0
0,0,0
0,0,0
0,0,0
0,0,0
0,0,0
0,0,0
0,0,0
0,0,0
0,0,0
0,0,0
0,0,0
0,0,0
0,0,0
0,0,0
0,0,0
0,0,0
0,0,0
0,0,0
0,0,0
0,0,0
0,0,0
0,0,0
0,0,0
0,0,0
0,0,0
0,0,0
0,0,0
0,0,0
0,0,0
0,0,0
0,0,0
0,0,0
0,0,0
0,0,0
0,0,0
0,0,0
0,0,0
0,0,0
0,0,0
0,0,0
0,0,0
0,0,0
0,0,0
0,0,0
0,0,0
0,0,0
0,0,0
0,0,0
0,0,0
0,0,0
0,0,0
0,0,0
0,0,0
0,0,0
0,0,0
0,0,0
0,0,0
0,0,0
0,0,0
0,0,0
0,0,0
0,0,0
0,0,0
0,0,0
0,0,0
0,0,0
0,0,0
0,0,0
0,0,0
0,0,0
0,0,0
0,0,0
0,0,0
0,0,0
0,0,0
0,0,0
0,0,0
0,0,0
0,0,0
0,0,0
0,0,0
0,0,0
0,0,0
0,0,0
0,0,0
0,0,0
0,0,0
0,0,0
0,0,0
0,0,0
0,0,0
0,0,0
0,0,0
0,0,0
0,0,0
0,0,0
0,0,0
0,0,0
0,0,0
0,0,0
0,0,0
0,0,0
0,0,0
0,0,0
0,0,0
0,0,0
0,0,0
0,0,0
0,0,0
0,0,0
0,0,0
0,0,0
0,0,0
0,0,0
0,0,0
0,0,0
0,0,0
0,0,0
0,0,0
0,0,0
0,0,0
0,0,0
0,0,0
0,0,0
0,0,0
0,0,0
0,0,0
0,0,0
0,0,0
0,0,0
0,0,0
0,0,0
0,0,0
0,0,0
0,0,0
0,0,0
0,0,0
0,0,0
0,0,0
0,0,0
0,0,0
0,0,0
0,0,0
0,0,0
0,0,0
0,0,0
0,0,0
0,0,0
0,0,0
0,0,0
0,0,0
0,0,0
0,0,0
0,0,0
0,0,0
0,0,0
0,0,0
0,0,0
0,0,0
0,0,0
0,0,0
0,0,0
0,0,0
0,0,0
0,0,0
0,0,0
0,0,0
0,0,0
0,0,0
0,0,0
0,0,0
0,0,0
0,0,0
0,0,0
0,0,0
0,0,0
0,0,0
0,0,0
0,0,0
0,0,0
0,0,0
0,0,0
0,0,0
0,0,0
0,0,0
0,0,0
0,0,0
0,0,0
0,0,0
0,0,0
0,0,0
0,0,0
0,0,0
0,0,0
0,0,0
0,0,0
0,0,0
0,0,0
0,0,0
0,0,0
0,0,0
0,0,0
0,0,0
0,0,0
0,0,0
0,0,0
0,0,0
0,0,0
0,0,0
0,0,0
0,0,0
0,0,0
0,0,0
0,0,0
0,0,0
0,0,0
0,0,0
0,0,0
0,0,0
0,0,0
0,0,0
0,0,0
0,0,0
0,0,0
0,0,0
0,0,0
0,0,0
0,0,0
0,0,0
0,0,0
0,0,0
0,0,0
0,0,0
0,0,0
0,0,0
0,0,0
0,0,0
0,0,0
0,0,0
0,0,0
0,0,0
0,0,0
0,0,0
0,0,0
0,0,0
0,0,0
0,0,0
0,0,0
0,0,0
0,0,0
0,0,0
0,0,0
0,0,0
0,0,0
0,0,0
0,0,0
0,0,0
0,0,0
0,0,0
0,0,0
0,0,0
0,0,0
0,0,0
0,0,0
0,0,0
0,0,0
0,0,0
0,0,0
0,0,0
0,0,0
0,0,0
0,0,0
0,0,0
0,0,0
0,0,0
0,0,0
0,0,0
0,0,0
0,0,0
0,0,0
0,0,0
0,0,0
0,0,0
0,0,0
0,0,0
0,0,0
0,0,0
0,0,0
0,0,0
0,0,0
0,0,0
0,0,0
0,0,0
0,0,0
0,0,0
0,0,0
0,0,0
0,0,0
0,0,0
0,0,0
0,0,0
0,0,0
0,0,0
0,0,0
0,0,0
0,0,0
0,0,0
0,0,0
0,0,0
0,0,0
0,0,0
0,0,0
0,0,0
0,0,0
0,0,0
0,0,0
0,0,0
0,0,0
0,0,0
0,0,0
0,0,0
0,0,0
0,0,0
0,0,0
0,0,0
0,0,0
0,0,0
0,0,0
0,0,0
0,0,0
0,0,0
0,0,0
0,0,0
0,0,0
0,0,0
0,0,0
0,0,0
0,0,0
0,0,0
0,0,0
0,0,0
0,0,0
0,0,0
0,0,0
0,0,0
0,0,0
0,0,0
0,0,0
0,0,0
0,0,0
0,0,0
0,0,0
0,0,0
0,0,0
0,0,0
0,0,0
0,0,0
0,0,0
0,0,0
0,0,0
0,0,0
0,0,0
0,0,0
0,0,0
0,0,0
0,0,0
0,0,0
0,0,0
0,0,0
0,0,0
0,0,0
0,0,0
0,0,0
0,0,0
0,0,0
0,0,0
0,0,0
0,0,0
0,0,0
0,0,0
0,0,0
0,0,0
0,0,0
0,0,0
0,0,0
0,0,0
0,0,0
0,0,0
0,0,0
0,0,0
0,0,0
0,0,0
0,0,0
0,0,0
0,0,0
0,0,0
0,0,0
0,0,0
0,0,0
0,0,0
0,0,0
0,0,0
0,0,0
0,0,0
0,0,0
0,0,0
0,0,0
0,0,0
0,0,0
0,0,0
0,0,0
0,0,0
0,0,0
0,0,0
0,0,0
0,0,0
0,0,0
0,0,0
0,0,0
0,0,0
0,0,0
0,0,0
0,0,0
0,0,0
0,0,0
0,0,0
0,0,0
0,0,0
0,0,0
0,0,0
0,0,0
0,0,0
0,0,0
0,0,0
0,0,0
0,0,0
0,0,0
0,0,0
0,0,0
0,0,0
0,0,0
0,0,0
0,0,0
0,0,0
0,0,0
0,0,0
0,0,0
0,0,0
0,0,0
0,0,0
0,0,0
0,0,0
0,0,0
0,0,0
0,0,0
0,0,0
0,0,0
0,0,0
0,0,0
0,0,0
0,0,0
0,0,0
0,0,0
0,0,0
0,0,0
0,0,0
0,0,0
0,0,0
0,0,0
0,0,0
0,0,0
0,0,0
0,0,0
0,0,0
0,0,0
0,0,0
0,0,0
0,0,0
0,0,0
0,0,0
0,0,0
0,0,0
0,0,0
0,0,0
0,0,0
0,0,0
0,0,0
0,0,0
0,0,0
0,0,0
0,0,0
0,0,0
0,0,0
0,0,0
0,0,0
0,0,0
0,0,0
0,0,0
0,0,0
0,0,0
0,0,0
0,0,0
0,0,0
0,0,0
0,0,0
0,0,0
0,0,0
0,0,0
0,0,0
0,0,0
2.54238,7.53116,-0.831214
2.57494,7.47594,-0.826649
2.62472,7.47126,-0.827953
2.696,7.52614,-0.836214
2.72678,7.46743,-0.831323
2.78225,7.47665,-0.834366
2.80341,7.39437,-0.826758
2.85911,7.40392,-0.82991
2.92231,7.43157,-0.835236
2.98375,7.45318,-0.83991
3.06844,7.53047,-0.851214
3.13972,7.57211,-0.858388
3.20776,7.60399,-0.864474
3.29003,7.66729,-0.874366
3.36923,7.72076,-0.88317
3.44637,7.76718,-0.891213
3.53485,7.8365,-0.902082
3.61394,7.88243,-0.910234
3.69709,7.9349,-0.919256
3.78824,8.00191,-0.930125
3.82607,7.95522,-0.927299
3.87568,7.93338,-0.927517
3.92915,7.91925,-0.928712
3.97543,7.89055,-0.928169
4.02422,7.86689,-0.928277
4.07517,7.84735,-0.92893
4.1186,7.8134,-0.927843
4.16319,7.78185,-0.927082
4.21323,7.76052,-0.927625
4.2622,7.73714,-0.927951
4.30523,7.70303,-0.926973
4.35095,7.67388,-0.926647
4.39795,7.64703,-0.926647
4.43878,7.6096,-0.925343
4.48083,7.57452,-0.924364
4.52773,7.54774,-0.924473
4.57293,7.51812,-0.924256
4.61845,7.48907,-0.924147
4.6601,7.45385,-0.923277
4.70362,7.42175,-0.922843
4.74584,7.38774,-0.922191
4.79271,7.36098,-0.922517
4.83177,7.3223,-0.921321
4.87052,7.28343,-0.920125
4.9101,7.246,-0.919147
4.94603,7.20344,-0.917517
4.98389,7.16398,-0.916321
5.02833,7.13408,-0.91643
5.07316,7.10471,-0.916647
5.10617,7.05895,-0.914691
5.14763,7.02508,-0.914365
5.19123,6.99416,-0.914473
5.22807,6.95423,-0.913386
5.25438,6.90067,-0.910452
5.29056,6.86043,-0.909365
5.32888,6.82314,-0.908713
5.36324,6.78095,-0.907408
5.40102,6.74326,-0.906756
5.43854,6.70536,-0.906104
5.46885,6.65881,-0.904256
5.50262,6.61672,-0.903061
5.54887,6.58968,-0.904039
5.58533,6.55097,-0.903387
5.61893,6.50905,-0.9023
5.64829,6.46247,-0.900561
5.67994,6.41876,-0.899256
5.71523,6.37935,-0.898604
5.74959,6.339,-0.897843
5.78367,6.29848,-0.897082
5.81477,6.25487,-0.895887
5.85099,6.2169,-0.895561
5.88491,6.17656,-0.894909
5.92615,6.14391,-0.895452
5.96443,6.10815,-0.895561
5.99411,6.06366,-0.894365
6.00519,6.00077,-0.890343
6.03765,5.95962,-0.889691
6.07481,5.92315,-0.8898
6.11104,5.88577,-0.8898
6.14632,5.84747,-0.889691
6.17557,5.80352,-0.888713
6.19795,5.75335,-0.886757
6.23533,5.71723,-0.887083
6.26587,5.67486,-0.88643
6.29242,5.62901,-0.885235
6.31269,5.57779,-0.88317
6.33032,5.52457,-0.880778
6.35205,5.47524,-0.879039
6.38022,5.43166,-0.878278
6.40278,5.38345,-0.876757
6.43187,5.34089,-0.876213
6.45914,5.29691,-0.875452
6.48456,5.25154,-0.874474
6.50968,5.20607,-0.873496
6.53214,5.15864,-0.872192
6.55348,5.11051,-0.870779
6.57132,5.0599,-0.868931
6.59354,5.01286,-0.867735
6.60907,4.96097,-0.86567
6.6274,4.91145,-0.86404
6.64939,4.86482,-0.862953
6.66944,4.81695,-0.861648
6.69887,4.77593,-0.861648
6.71261,4.72387,-0.859583
6.72922,4.67409,-0.857953
6.74465,4.62372,-0.856214
6.76137,4.57445,-0.854692
6.78104,4.52736,-0.853605
6.80122,4.48074,-0.852627
6.81442,4.42972,-0.850779
6.82892,4.37977,-0.849149
6.84978,4.33407,-0.848388
6.86191,4.28301,-0.84654
6.86774,4.22832,-0.843931
6.89016,4.18403,-0.843497
6.914,4.14066,-0.843279
6.91616,4.08451,-0.840344
6.92477,4.03249,-0.838279
6.94076,3.98498,-0.837192
6.97114,3.94574,-0.837953
6.98046,3.89466,-0.836105
6.99378,3.84601,-0.834801
7.00413,3.79592,-0.833171
7.01238,3.74491,-0.831323
7.03259,3.70042,-0.830997
7.04016,3.64942,-0.829149
7.05268,3.60119,-0.827953
7.07465,3.55784,-0.827953
7.09367,3.51304,-0.827627
7.11241,3.46815,-0.827301
7.12818,3.42186,-0.826649
7.14005,3.37381,-0.825562
7.15431,3.327,-0.824801
7.15922,3.27601,-0.822954
7.17284,3.22916,-0.822193
7.19434,3.1859,-0.82241
7.21649,3.14288,-0.822736
7.23015,3.0962,-0.822084
7.2426,3.04908,-0.821323
7.26026,3.0042,-0.821214
7.26842,2.95548,-0.820019
7.28457,2.91008,-0.819801
7.30507,2.86642,-0.820127
7.31603,2.81904,-0.819367
7.32296,2.77023,-0.818171
7.32957,2.72144,-0.816975
7.33959,2.67403,-0.816215
7.35586,2.62895,-0.816215
7.36341,2.58081,-0.815236
7.365,2.53073,-0.813606
7.38039,2.48549,-0.813606
7.40211,2.44234,-0.814367
7.40561,2.39321,-0.813062
7.40309,2.34233,-0.811106
7.39833,2.29098,-0.808932
7.41416,2.24612,-0.80915
7.43256,2.20199,-0.809693
7.43734,2.15386,-0.808715
7.4332,2.10331,-0.806758
7.44022,2.05607,-0.806106
7.46421,2.01349,-0.80741
7.48507,1.96993,-0.808389
7.49895,1.92446,-0.808606
7.51833,1.88034,-0.809476
7.52876,1.83394,-0.809367
7.53987,1.78771,-0.809367
7.55942,1.74342,-0.810345
7.5787,1.69896,-0.811323
7.59481,1.65369,-0.811975
7.61162,1.6085,-0.812736
7.62817,1.56316,-0.813497
7.64834,1.51846,-0.814693
7.66044,1.47206,-0.815019
7.67813,1.42666,-0.815997
7.68771,1.3797,-0.816106
7.69701,1.33267,-0.816215
7.69916,1.28444,-0.815562
7.70101,1.23623,-0.81491
7.71238,1.18956,-0.815345
7.72445,1.14294,-0.815888
7.73722,1.09636,-0.816541
7.74873,1.04953,-0.817084
7.75897,1.00248,-0.817519
7.75905,0.95412,-0.816867
7.75884,0.905802,-0.816215
7.76524,0.858287,-0.816323
7.77135,0.810728,-0.816432
7.78112,0.763513,-0.816975
7.78863,0.716028,-0.817302
7.81368,0.670007,-0.819584
7.82953,0.622996,-0.820888
7.84411,0.575743,-0.822084
7.81973,0.525736,-0.819041
7.81487,0.477261,-0.818171
7.81169,0.428974,-0.817519
7.81418,0.381034,-0.817519
7.81041,0.332826,-0.816867
7.80038,0.284462,-0.815562
7.79701,0.236444,-0.815019
7.79931,0.188622,-0.815128
7.78144,0.140423,-0.813062
7.78215,0.0926744,-0.813062
7.77363,0.044871,-0.812084
7.76779,-0.00282542,-0.811432
7.75968,-0.0504356,-0.810562
7.75425,-0.097984,-0.810019
7.74257,-0.145356,-0.808823
7.72663,-0.192488,-0.807193
7.72729,-0.239956,-0.80741
7.7207,-0.28718,-0.806867
7.69794,-0.333643,-0.804584
7.68383,-0.38028,-0.80328
7.66647,-0.426591,-0.80165
7.65974,-0.473378,-0.801215
7.6557,-0.520301,-0.801106
7.63848,-0.566236,-0.799584
7.63784,-0.613333,-0.799911
7.63789,-0.660529,-0.800345
7.6228,-0.706373,-0.79915
7.60547,-0.75186,-0.797737
7.5839,-0.796746,-0.795889
7.57393,-0.842715,-0.795345
7.55578,-0.887663,-0.793932
7.52356,-0.930711,-0.790998
7.49306,-0.973654,-0.78828
7.46922,-1.0172,-0.786324
7.45103,-1.06132,-0.78502
7.41586,-1.10278,-0.781867
7.39422,-1.14598,-0.780237
7.3841,-1.19085,-0.779911
7.35901,-1.23318,-0.777954
7.34151,-1.27661,-0.776868
7.32082,-1.31934,-0.775455
7.30868,-1.3635,-0.77502
7.28261,-1.40493,-0.773063
7.26312,-1.44745,-0.771868
7.2434,-1.48979,-0.770672
7.2205,-1.53132,-0.76915
7.20515,-1.57432,-0.768498
7.20505,-1.62068,-0.769585
7.18528,-1.66262,-0.768498
7.16141,-1.70345,-0.766976
7.15372,-1.74807,-0.767303
7.12647,-1.78782,-0.765455
7.10285,-1.82829,-0.764042
7.07708,-1.86803,-0.762411
7.05685,-1.90908,-0.761433
7.03734,-1.95022,-0.760564
7.02715,-1.99391,-0.760781
7.01574,-2.03727,-0.76089
7.00215,-2.07999,-0.760781
6.97309,-2.11801,-0.758933
6.96281,-2.16164,-0.759259
6.96552,-2.20943,-0.761107
6.92914,-2.24478,-0.758498
6.91052,-2.28569,-0.757955
6.89542,-2.32773,-0.757846
6.86879,-2.36579,-0.756433
6.8307,-2.39965,-0.753716
6.80648,-2.43816,-0.752629
6.78299,-2.47681,-0.751651
6.75369,-2.51318,-0.75002
6.72513,-2.54964,-0.748499
6.714,-2.59265,-0.749042
6.68409,-2.62834,-0.747412
6.66968,-2.67004,-0.747629
6.65317,-2.71092,-0.747629
6.63458,-2.75093,-0.747412
6.60658,-2.78695,-0.746107
6.57565,-2.82155,-0.744477
6.55913,-2.86224,-0.744586
6.53508,-2.89961,-0.743825
6.50629,-2.93475,-0.74252
6.48093,-2.9713,-0.741651
6.46078,-3.01017,-0.741434
6.42781,-3.04295,-0.739694
6.41171,-3.08363,-0.740021
6.38463,-3.11898,-0.739042
6.36893,-3.15987,-0.739477
6.35031,-3.19934,-0.739586
6.32171,-3.23371,-0.738499
6.28852,-3.26557,-0.736868
6.27012,-3.30502,-0.737086
6.26199,-3.35,-0.738607
6.22734,-3.38077,-0.736868
6.20561,-3.41843,-0.73676
6.1958,-3.46275,-0.738173
6.17357,-3.50021,-0.738064
6.13905,-3.53059,-0.736434
6.1147,-3.56669,-0.736108
6.09526,-3.60566,-0.736434
6.0628,-3.63686,-0.735129
6.04207,-3.67502,-0.735347
6.03548,-3.72194,-0.737412
5.99483,-3.74784,-0.735129
5.97676,-3.78774,-0.735781
5.95089,-3.82273,-0.735455
5.91066,-3.84833,-0.733281
5.87532,-3.87686,-0.73176
5.85473,-3.91504,-0.732195
5.82072,-3.9442,-0.73089
5.78658,-3.97309,-0.729586
5.76454,-4.01022,-0.729912
5.72764,-4.03693,-0.728282
5.69791,-4.06853,-0.727629
5.68894,-4.11507,-0.729803
5.6716,-4.15577,-0.73089
5.65079,-4.19405,-0.731542
5.63448,-4.23581,-0.732847
5.59336,-4.25886,-0.730782
5.56319,-4.29007,-0.730238
5.53441,-4.32229,-0.729912
5.50544,-4.35431,-0.729586
5.46466,-4.37682,-0.727629
5.43538,-4.40839,-0.727303
5.41745,-4.44923,-0.728608
5.3824,-4.47603,-0.727521
5.34191,-4.49809,-0.725673
5.31421,-4.53078,-0.725673
5.27502,-4.55356,-0.724043
5.23351,-4.57407,-0.722086
5.20758,-4.60807,-0.722412
5.18143,-4.64192,-0.722738
5.15653,-4.67697,-0.723282
5.13213,-4.71256,-0.723934
5.10603,-4.74666,-0.724369
5.07464,-4.77586,-0.724043
5.0402,-4.80211,-0.723282
5.0042,-4.82673,-0.722303
4.96738,-4.8504,-0.721217
4.94318,-4.88638,-0.722086
4.91099,-4.91451,-0.72176
4.88005,-4.94384,-0.721651
4.85032,-4.9744,-0.72176
4.8197,-5.00407,-0.72176
4.78754,-5.03211,-0.721543
4.75249,-5.05705,-0.72089
4.72204,-5.08684,-0.720999
4.68134,-5.10546,-0.719477
4.64792,-5.13188,-0.719151
4.61369,-5.15734,-0.718717
4.58065,-5.18406,-0.718499
4.5494,-5.21282,-0.718608
4.51733,-5.24063,-0.718608
4.48058,-5.26295,-0.717847
4.4482,-5.29035,-0.717847
4.41757,-5.31983,-0.718173
4.37223,-5.33147,-0.715999
4.34632,-5.36669,-0.717195
4.31517,-5.39559,-0.717521
4.28568,-5.42664,-0.718173
4.25964,-5.46225,-0.719477
4.21998,-5.4804,-0.718391
4.18627,-5.50619,-0.718391
4.14763,-5.52542,-0.717521
4.11069,-5.54677,-0.716977
4.08421,-5.58232,-0.718391
4.04406,-5.59921,-0.717304
3.99924,-5.60935,-0.715347
3.96761,-5.63785,-0.715891
3.93918,-5.67107,-0.717086
3.90206,-5.69185,-0.716651
3.86873,-5.71816,-0.716977
3.83026,-5.73683,-0.716325
3.79608,-5.76188,-0.716543
3.76607,-5.7934,-0.71763
3.73475,-5.82309,-0.718499
3.69629,-5.8417,-0.717956
3.65301,-5.85246,-0.716434
3.61547,-5.87223,-0.716108
3.57988,-5.89515,-0.716217
3.54824,-5.92468,-0.717195
3.51334,-5.94891,-0.717521
3.47677,-5.97036,-0.717521
3.44254,-5.99589,-0.718064
3.41157,-6.02728,-0.719369
3.36919,-6.03855,-0.718173
3.3407,-6.07479,-0.72013
3.29815,-6.08556,-0.718934
3.25887,-6.10217,-0.718499
3.23155,-6.14141,-0.72089
3.19473,-6.16289,-0.721108
3.15097,-6.17086,-0.719695
3.10546,-6.17498,-0.717847
2.78608,-5.62556,-0.648501
2.75238,-5.64434,-0.648718
2.73318,-5.69339,-0.652631
2.97337,-6.29248,-0.723064
2.93218,-6.30519,-0.722412
2.88765,-6.31041,-0.72089
2.84969,-6.32982,-0.721108
2.81925,-6.36628,-0.72339
2.78014,-6.38346,-0.72339
2.73309,-6.38212,-0.721217
2.69696,-6.4061,-0.722086
2.65647,-6.41977,-0.72176
2.61777,-6.43779,-0.721977
2.58154,-6.46204,-0.722956
2.54329,-6.48146,-0.72339
2.51027,-6.51457,-0.725456
2.47412,-6.54008,-0.726651
2.43325,-6.55327,-0.726434
2.38142,-6.53632,-0.722738
2.35332,-6.58451,-0.726651
2.31813,-6.61384,-0.72839
2.26685,-6.59691,-0.724803
2.23743,-6.64367,-0.728608
2.18728,-6.62895,-0.725347
2.12242,-6.56752,-0.71676
2.06139,-6.51502,-0.70926
2.03667,-6.57693,-0.714912
0,0,0
0,0,0
0,0,0
0,0,0
0,0,0
0,0,0
1.78274,-6.77367,-0.727956
0,0,0
0,0,0
0,0,0
0,0,0
0,0,0
0,0,0
0,0,0
0,0,0
0,0,0
0,0,0
0,0,0
0,0,0
0,0,0
0,0,0
0,0,0
0,0,0
0,0,0
0,0,0
0,0,0
0,0,0
0,0,0
0,0,0
0,0,0
0,0,0
0,0,0
0,0,0
0,0,0
0,0,0
0,0,0
0,0,0
0,0,0
0,0,0
0,0,0
0,0,0
0,0,0
0,0,0
0,0,0
0,0,0
0,0,0
0,0,0
0,0,0
0,0,0
0,0,0
0,0,0
0,0,0
0,0,0
0,0,0
0,0,0
0,0,0
0,0,0
0,0,0
0,0,0
0,0,0
0,0,0
0,0,0
0,0,0
0,0,0
0,0,0
0,0,0
0,0,0
0,0,0
0,0,0
0,0,0
0,0,0
0,0,0
0,0,0
0,0,0
0,0,0
0,0,0
0,0,0
0,0,0
0,0,0
0,0,0
0,0,0
0,0,0
0,0,0
0,0,0
0,0,0
0,0,0
0,0,0
0,0,0
0,0,0
0,0,0
0,0,0
0,0,0
0,0,0
0,0,0
0,0,0
0,0,0
0,0,0
0,0,0
0,0,0
0,0,0
0,0,0
0,0,0
0,0,0
0,0,0
0,0,0
0,0,0
0,0,0
0,0,0
0,0,0
0,0,0
0,0,0
0,0,0
0,0,0
0,0,0
0,0,0
0,0,0
0,0,0
0,0,0
0,0,0
0,0,0
0,0,0
0,0,0
0,0,0
0,0,0
0,0,0
0,0,0
0,0,0
0,0,0
0,0,0
0,0,0
0,0,0
0,0,0
0,0,0
0,0,0
0,0,0
0,0,0
0,0,0
0,0,0
0,0,0
0,0,0
0,0,0
0,0,0
0,0,0
0,0,0
0,0,0
0,0,0
0,0,0
0,0,0
0,0,0
0,0,0
0,0,0
0,0,0
0,0,0
0,0,0
0,0,0
0,0,0
0,0,0
0,0,0
0,0,0
0,0,0
0,0,0
0,0,0
0,0,0
0,0,0
0,0,0
0,0,0
0,0,0
0,0,0
0,0,0
0,0,0
0,0,0
0,0,0
0,0,0
0,0,0
0,0,0
0,0,0
0,0,0
0,0,0
0,0,0
0,0,0
0,0,0
0,0,0
0,0,0
0,0,0
0,0,0
0,0,0
0,0,0
0,0,0
0,0,0
0,0,0
0,0,0
0,0,0
0,0,0
0,0,0
0,0,0
0,0,0
0,0,0
0,0,0
0,0,0
0,0,0
0,0,0
0,0,0
0,0,0
0,0,0
0,0,0
0,0,0
0,0,0
0,0,0
0,0,0
0,0,0
0,0,0
0,0,0
0,0,0
0,0,0
0,0,0
0,0,0
0,0,0
0,0,0
0,0,0
0,0,0
0,0,0
0,0,0
0,0,0
0,0,0
0,0,0
0,0,0
0,0,0
0,0,0
0,0,0
0,0,0
0,0,0
0,0,0
0,0,0
0,0,0
0,0,0
0,0,0
0,0,0
0,0,0
0,0,0
0,0,0
0,0,0
0,0,0
0,0,0
0,0,0
0,0,0
0,0,0
0,0,0
0,0,0
0,0,0
0,0,0
0,0,0
0,0,0
0,0,0
0,0,0
0,0,0
0,0,0
0,0,0
0,0,0
0,0,0
0,0,0
0,0,0
0,0,0
0,0,0
0,0,0
0,0,0
0,0,0
0,0,0
0,0,0
0,0,0
0,0,0
0,0,0
0,0,0
0,0,0
0,0,0
0,0,0
0,0,0
0,0,0
0,0,0
0,0,0
0,0,0
0,0,0
0,0,0
0,0,0
0,0,0
0,0,0
0,0,0
0,0,0
0,0,0
0,0,0
0,0,0
0,0,0
0,0,0
0,0,0
0,0,0
0,0,0
0,0,0
0,0,0
0,0,0
0,0,0
0,0,0
0,0,0
0,0,0
0,0,0
0,0,0
0,0,0
0,0,0
0,0,0
0,0,0
0,0,0
0,0,0
0,0,0
0,0,0
0,0,0
0,0,0
0,0,0
0,0,0
0,0,0
0,0,0
0,0,0
0,0,0
0,0,0
0,0,0
0,0,0
0,0,0
0,0,0
0,0,0
0,0,0
0,0,0
0,0,0
0,0,0
0,0,0
0,0,0
0,0,0
0,0,0
0,0,0
0,0,0
0,0,0
0,0,0
0,0,0
0,0,0
0,0,0
0,0,0
0,0,0
0,0,0
0,0,0
0,0,0
0,0,0
0,0,0
0,0,0
0,0,0
0,0,0
0,0,0
0,0,0
0,0,0
0,0,0
0,0,0
0,0,0
0,0,0
0,0,0
0,0,0
0,0,0
0,0,0
0,0,0
0,0,0
0,0,0
0,0,0
0,0,0
0,0,0
0,0,0
0,0,0
0,0,0
0,0,0
0,0,0
0,0,0
0,0,0
0,0,0
0,0,0
0,0,0
0,0,0
0,0,0
0,0,0
0,0,0
0,0,0
0,0,0
0,0,0
0,0,0
0,0,0
0,0,0
0,0,0
0,0,0
0,0,0
0,0,0
0,0,0
0,0,0
0,0,0
0,0,0
0,0,0
0,0,0
0,0,0
0,0,0
0,0,0
0,0,0
0,0,0
0,0,0
0,0,0
0,0,0
0,0,0
0,0,0
0,0,0
0,0,0
0,0,0
0,0,0
0,0,0
0,0,0
0,0,0
0,0,0
0,0,0
0,0,0
0,0,0
0,0,0
0,0,0
0,0,0
0,0,0
0,0,0
0,0,0
0,0,0
0,0,0
0,0,0
0,0,0
0,0,0
0,0,0
0,0,0
0,0,0
0,0,0
0,0,0
0,0,0
0,0,0
0,0,0
0,0,0
0,0,0
0,0,0
0,0,0
0,0,0
0,0,0
0,0,0
0,0,0
0,0,0
0,0,0
0,0,0
0,0,0
0,0,0
0,0,0
0,0,0
0,0,0
0,0,0
0,0,0
0,0,0
0,0,0
0,0,0
0,0,0
0,0,0
0,0,0
0,0,0
0,0,0
0,0,0
0,0,0
0,0,0
0,0,0
0,0,0
0,0,0
0,0,0
0,0,0
0,0,0
0,0,0
0,0,0
0,0,0
0,0,0
0,0,0
0,0,0
0,0,0
0,0,0
0,0,0
0,0,0
0,0,0
0,0,0
0,0,0
0,0,0
0,0,0
0,0,0
0,0,0
0,0,0
0,0,0
0,0,0
0,0,0
0,0,0
0,0,0
0,0,0
0,0,0
0,0,0
0,0,0
0,0,0
0,0,0
0,0,0
0,0,0
0,0,0
0,0,0
0,0,0
0,0,0
0,0,0
0,0,0
0,0,0
0,0,0
0,0,0
0,0,0
0,0,0
0,0,0
0,0,0
0,0,0
0,0,0
0,0,0
0,0,0
0,0,0
0,0,0
0,0,0
0,0,0
0,0,0
0,0,0
0,0,0
0,0,0
0,0,0
0,0,0
0,0,0
0,0,0
0,0,0
0,0,0
0,0,0
0,0,0
0,0,0
0,0,0
0,0,0
0,0,0
0,0,0
0,0,0
0,0,0
0,0,0
0,0,0
0,0,0
0,0,0
0,0,0
0,0,0
0,0,0
0,0,0
0,0,0
0,0,0
0,0,0
0,0,0
0,0,0
0,0,0
0,0,0
0,0,0
0,0,0
0,0,0
0,0,0
0,0,0
0,0,0
0,0,0
0,0,0
0,0,0
0,0,0
0,0,0
0,0,0
0,0,0
0,0,0
0,0,0
0,0,0
0,0,0
0,0,0
0,0,0
0,0,0
0,0,0
0,0,0
0,0,0
0,0,0
0,0,0
0,0,0
0,0,0
0,0,0
0,0,0
0,0,0
0,0,0
0,0,0
0,0,0
0,0,0
0,0,0
0,0,0
0,0,0
0,0,0
0,0,0
0,0,0
0,0,0
0,0,0
0,0,0
0,0,0
0,0,0
0,0,0
0,0,0
0,0,0
0,0,0
0,0,0
0,0,0
0,0,0
0,0,0
0,0,0
0,0,0
0,0,0
0,0,0
0,0,0
0,0,0
0,0,0
0,0,0
0,0,0
0,0,0
0,0,0
0,0,0
2.10205,6.91307,-0.842689
2.1674,6.97398,-0.852128
2.21225,6.96718,-0.852975
2.27822,7.02524,-0.862171
2.33968,7.06673,-0.86931
2.39284,7.08139,-0.873061
2.44951,7.10505,-0.878022
2.5161,7.15545,-0.886492
2.57703,7.18753,-0.892664
2.64323,7.23219,-0.900529
2.70833,7.27165,-0.907789
2.77543,7.31429,-0.915533
2.84244,7.35454,-0.923035
2.90713,7.38684,-0.92957
2.9775,7.43152,-0.937798
3.02491,7.41771,-0.938403
3.07417,7.40818,-0.939613
3.1188,7.38735,-0.939371
3.15741,7.35257,-0.937314
3.20326,7.33487,-0.937556
3.24982,7.31871,-0.93804
3.29507,7.29954,-0.938161
3.33856,7.27647,-0.937798
3.38063,7.25045,-0.937072
3.42208,7.22329,-0.936225
3.46246,7.19411,-0.935136
3.50523,7.17005,-0.934773
3.55269,7.15552,-0.935741
3.58804,7.11675,-0.933442
3.62757,7.08665,-0.932353
3.67099,7.06425,-0.932353
3.71287,7.03896,-0.93199
3.75365,7.01167,-0.931385
3.79755,6.99025,-0.931627
3.83845,6.96334,-0.931143
3.87723,6.93273,-0.930175
3.91333,6.89758,-0.928602
3.95063,6.86484,-0.927391
3.98918,6.83446,-0.926544
4.03104,6.80986,-0.926544
4.06764,6.77648,-0.925334
4.10347,6.74207,-0.924003
4.14319,6.71423,-0.92364
4.18379,6.68784,-0.923519
4.22156,6.65701,-0.922793
4.2532,6.61679,-0.920736
4.28289,6.57393,-0.918316
4.31767,6.53924,-0.917106
4.35606,6.51015,-0.916743
4.38868,6.47262,-0.91517
4.42213,6.43657,-0.913839
4.45701,6.40279,-0.912871
4.49278,6.37046,-0.912145
4.53525,6.34762,-0.912871
4.56596,6.30841,-0.911177
4.60165,6.27627,-0.910572
4.65309,6.26545,-0.913234
4.70278,6.25186,-0.915533
4.73985,6.22131,-0.915291
4.76642,6.17717,-0.912992
4.79629,6.13764,-0.911419
4.82585,6.09798,-0.909846
4.85945,6.0636,-0.90912
4.89344,6.02982,-0.908515
4.92404,5.99201,-0.907305
4.95945,5.96016,-0.907063
4.99337,5.92658,-0.906579
5.02899,5.89507,-0.906458
5.06442,5.86335,-0.906337
5.08789,5.81797,-0.904038
5.11691,5.7792,-0.902828
5.15294,5.74844,-0.902949
5.17811,5.70568,-0.901134
5.20496,5.66503,-0.899682
5.22678,5.61918,-0.897383
5.25436,5.57977,-0.896173
5.28986,5.54886,-0.896415
5.32174,5.51416,-0.896052
5.35201,5.47785,-0.895447
5.38412,5.4435,-0.895205
5.39987,5.39282,-0.89218
5.42084,5.34773,-0.890123
5.44289,5.30398,-0.888307
5.47891,5.27392,-0.888912
5.50973,5.23884,-0.888671
5.53815,5.20153,-0.888065
5.56996,5.16745,-0.888065
5.59644,5.12848,-0.887218
5.61751,5.08472,-0.885524
5.63676,5.03957,-0.883588
5.66162,4.99963,-0.88262
5.68771,4.96088,-0.881894
5.71353,4.922,-0.881168
5.73379,4.87849,-0.879595
5.74994,4.83172,-0.877417
5.76802,4.78683,-0.875602
5.78808,4.7438,-0.87415
5.8055,4.69883,-0.872335
5.81872,4.65072,-0.869915
5.83624,4.60632,-0.868221
5.85813,4.56554,-0.867253
5.87974,4.52466,-0.866285
5.9066,4.4879,-0.866164
5.93006,4.44859,-0.865559
5.94607,4.40385,-0.863865
5.95375,4.35322,-0.860961
5.96989,4.30905,-0.859388
5.98409,4.2637,-0.857573
5.99634,4.21719,-0.855516
6.01558,4.17579,-0.854548
6.037,4.13599,-0.853943
6.04582,4.08775,-0.851523
6.04024,4.03019,-0.847045
6.05988,3.98977,-0.846319
6.08924,3.95576,-0.847045
6.11256,3.91779,-0.846924
6.13313,3.87808,-0.84644
6.14839,3.83512,-0.84523
6.16419,3.79264,-0.844141
6.17971,3.75011,-0.843052
6.18983,3.70448,-0.841237
6.20304,3.66087,-0.839906
6.21852,3.61875,-0.838938
6.23114,3.57509,-0.837607
6.23655,3.5275,-0.835308
6.26241,3.49158,-0.835913
6.2898,3.45644,-0.83676
6.30391,3.414,-0.835792
6.31423,3.36965,-0.83434
6.326,3.32622,-0.83313
6.34717,3.2878,-0.833251
6.35927,3.24473,-0.832162
6.3631,3.19762,-0.829984
6.3826,3.15852,-0.829984
6.37687,3.10712,-0.826596
6.37613,3.05848,-0.823934
6.40016,3.02184,-0.82466
6.42398,2.98503,-0.825386
6.43676,2.94308,-0.82466
6.45198,2.9023,-0.824297
6.47602,2.86547,-0.825144
6.48438,2.82172,-0.823934
6.4815,2.77329,-0.821272
6.49931,2.73385,-0.821393
6.52422,2.69733,-0.822482
6.55812,2.66435,-0.824781
6.56789,2.62149,-0.823934
6.5783,2.57896,-0.823208
6.59123,2.53748,-0.822845
6.59553,2.49278,-0.821393
6.61349,2.4533,-0.821756
6.61536,2.40791,-0.820062
6.63469,2.36895,-0.820667
6.66315,2.33312,-0.822482
6.66701,2.28864,-0.821151
6.66964,2.24389,-0.819699
6.68705,2.20417,-0.820183
6.70423,2.16432,-0.820667
6.71549,2.12254,-0.820425
6.73029,2.08188,-0.820667
6.74388,2.04083,-0.820788
6.75247,1.99829,-0.820304
6.75984,1.95544,-0.819699
6.77553,1.915,-0.820183
6.79385,1.87524,-0.82103
6.80523,1.83352,-0.82103
6.81539,1.79148,-0.820909
6.83106,1.75086,-0.821514
6.84071,1.70867,-0.821393
6.85975,1.66878,-0.822482
6.88628,1.63055,-0.824539
6.89325,1.5876,-0.824176
6.89027,1.54245,-0.822603
6.92386,1.50542,-0.825628
6.95142,1.4668,-0.827927
6.96418,1.42492,-0.828411
6.94845,1.37733,-0.825386
6.94994,1.33336,-0.824539
6.99313,1.29721,-0.828895
7.00389,1.25481,-0.829258
6.987,1.20758,-0.826233
6.98743,1.16354,-0.825386
7.00031,1.12159,-0.826112
7.01393,1.07967,-0.826959
7.03712,1.03908,-0.829016
7.03747,0.995049,-0.82829
7.03655,0.950917,-0.827443
7.03339,0.90658,-0.826354
7.05951,0.865949,-0.828895
7.07258,0.823536,-0.829863
7.0854,0.780995,-0.830831
7.1019,0.738739,-0.832283
7.10334,0.694859,-0.83192
7.10648,0.65117,-0.831799
7.11825,0.60823,-0.832767
7.12284,0.56462,-0.832888
7.11627,0.52018,-0.831678
7.12626,0.47697,-0.832525
7.13797,0.433779,-0.833614
7.13951,0.389919,-0.833493
7.15069,0.346538,-0.834582
7.15566,0.302782,-0.834945
7.17325,0.259447,-0.836881
7.18066,0.215607,-0.837607
7.1878,0.171687,-0.838333
7.19865,0.127758,-0.839543
7.18341,0.0833982,-0.837607
7.15997,0.0391858,-0.834703
7.16603,-0.00475064,-0.835429
7.15991,-0.0486809,-0.834703
7.1565,-0.0925744,-0.83434
7.14587,-0.136296,-0.83313
7.11314,-0.179345,-0.829258
7.11092,-0.222956,-0.829137
7.11834,-0.266917,-0.830226
7.09773,-0.30977,-0.827927
7.05802,-0.351445,-0.823329
7.03194,-0.393418,-0.820425
7.02048,-0.436006,-0.819336
7.01272,-0.478737,-0.818731
6.98391,-0.519846,-0.815585
6.96971,-0.561813,-0.814254
6.95822,-0.603883,-0.813286
6.93264,-0.644548,-0.810623
6.92164,-0.686389,-0.809776
6.91433,-0.728535,-0.809413
6.90677,-0.770617,-0.80905
6.89896,-0.812634,-0.808687
6.89187,-0.854706,-0.808445
6.88945,-0.897362,-0.808808
6.88086,-0.939216,-0.808445
6.8848,-0.982819,-0.809655
6.85606,-1.02168,-0.806872
6.8526,-1.06419,-0.807235
6.80184,-1.0991,-0.80179
6.77441,-1.13736,-0.799249
6.76437,-1.1784,-0.798886
6.77265,-1.2227,-0.800822
6.75233,-1.26187,-0.799249
6.7162,-1.29782,-0.79574
6.6935,-1.33609,-0.793925
6.64726,-1.36933,-0.789206
6.66884,-1.41648,-0.792957
6.64062,-1.45313,-0.790537
6.6035,-1.48753,-0.787028
6.58264,-1.52533,-0.785576
6.58958,-1.5696,-0.787633
6.56439,-1.60623,-0.785697
6.5573,-1.64721,-0.78606
6.54323,-1.68642,-0.785576
6.51836,-1.72273,-0.783761
6.53258,-1.76944,-0.786907
6.5149,-1.80763,-0.78606
6.48363,-1.84188,-0.783519
6.46649,-1.87997,-0.782793
6.4358,-1.91395,-0.780373
6.40589,-1.94792,-0.778074
6.38434,-1.98425,-0.776864
6.36448,-2.02098,-0.775896
6.35762,-2.06183,-0.776622
6.32412,-2.09394,-0.77396
6.29704,-2.12794,-0.772144
6.2773,-2.16428,-0.771297
6.25266,-2.1988,-0.769845
6.23719,-2.23646,-0.769603
6.24479,-2.28252,-0.772386
6.22416,-2.31837,-0.771539
6.18661,-2.34772,-0.768514
6.1582,-2.38027,-0.766699
6.12685,-2.41147,-0.764521
6.13405,-2.45787,-0.767425
6.12162,-2.49659,-0.767788
6.09334,-2.52878,-0.766094
6.064,-2.56033,-0.764279
6.05912,-2.60219,-0.765731
6.0303,-2.63376,-0.764037
6.00223,-2.66547,-0.762464
5.98395,-2.70144,-0.762222
5.97719,-2.74265,-0.763553
5.96025,-2.77928,-0.763553
5.95116,-2.81962,-0.764642
5.92838,-2.8535,-0.763916
5.91343,-2.89113,-0.764279
5.8938,-2.92648,-0.764037
5.87662,-2.96303,-0.764158
5.86717,-3.00356,-0.765368
5.83806,-3.03401,-0.763916
5.80967,-3.06468,-0.762585
5.77413,-3.09137,-0.760286
5.7472,-3.12248,-0.759197
5.73576,-3.162,-0.760286
5.73964,-3.21021,-0.763553
5.71034,-3.23998,-0.762222
5.68433,-3.27149,-0.761375
5.647,-3.2963,-0.758955
5.61813,-3.32584,-0.757745
5.59846,-3.36076,-0.757866
5.57689,-3.39453,-0.757745
5.5661,-3.43494,-0.759197
5.53986,-3.46587,-0.758471
5.50256,-3.4897,-0.756172
5.48105,-3.5234,-0.756172
5.46848,-3.56292,-0.757503
5.43988,-3.59203,-0.756535
5.41279,-3.62203,-0.755809
5.38471,-3.65128,-0.754962
5.34666,-3.67357,-0.752663
5.32157,-3.70461,-0.7523
5.29388,-3.73376,-0.751574
5.27248,-3.76732,-0.751816
5.24042,-3.7932,-0.750485
5.22746,-3.83291,-0.752058
5.20543,-3.8661,-0.7523
5.18161,-3.89797,-0.7523
5.15444,-3.92728,-0.751816
5.12474,-3.95459,-0.750969
5.09412,-3.98107,-0.750001
5.06882,-4.01164,-0.74988
5.04566,-4.04391,-0.750122
5.02307,-4.07667,-0.750485
4.98722,-4.09859,-0.748791
4.96045,-4.12784,-0.748549
4.93275,-4.15628,-0.748186
4.90111,-4.18132,-0.747218
4.87461,-4.21066,-0.747097
4.85392,-4.24507,-0.747944
4.83075,-4.2774,-0.748428
4.80072,-4.30365,-0.747823
4.7654,-4.32502,-0.746371
4.73731,-4.35284,-0.746129
4.71415,-4.3852,-0.746734
4.70088,-4.42697,-0.749033
4.66501,-4.44752,-0.747581
4.63835,-4.47675,-0.747702
4.6115,-4.50582,-0.747823
4.58165,-4.53193,-0.74746
4.56147,-4.56769,-0.748791
4.5222,-4.58428,-0.746855
4.48706,-4.60484,-0.745645
4.46354,-4.63729,-0.746492
4.4309,-4.66027,-0.745766
4.40086,-4.68593,-0.745524
4.37405,-4.71502,-0.745887
4.34303,-4.73958,-0.745524
4.31053,-4.76246,-0.744919
4.28387,-4.79178,-0.745403
4.24191,-4.80384,-0.743104
4.213,-4.83052,-0.743225
4.19106,-4.86531,-0.744677
4.16113,-4.89093,-0.744677
4.12146,-4.90497,-0.742862
4.08558,-4.92329,-0.741773
4.06159,-4.95595,-0.742983
4.0361,-4.98695,-0.743951
4.0048,-5.01084,-0.74383
3.97644,-5.03844,-0.744314
3.94789,-5.06587,-0.744798
3.9125,-5.0845,-0.743951
3.87762,-5.10366,-0.743225
3.84206,-5.1218,-0.742378
3.80938,-5.14369,-0.742136
3.76368,-5.14773,-0.739232
2.70176,-3.74383,-0.524693
3.71233,-5.21051,-0.741773
3.69799,-5.25836,-0.745524
3.6634,-5.27769,-0.74504
3.61523,-5.27714,-0.741652
3.59001,-5.30991,-0.743225
3.54248,-5.30955,-0.739958
3.51148,-5.33367,-0.740321
3.48301,-5.36177,-0.741289
3.4554,-5.3914,-0.742499
3.41907,-5.40747,-0.741773
3.39109,-5.43677,-0.742983
3.3561,-5.45494,-0.74262
3.33184,-5.4907,-0.744798
3.29605,-5.50763,-0.744314
3.26118,-5.52604,-0.744072
3.22571,-5.54338,-0.743709
3.1951,-5.56909,-0.744556
3.17162,-5.6076,-0.747218
3.12748,-5.60961,-0.744798
3.08918,-5.62174,-0.74383
3.06125,-5.65281,-0.745524
3.02837,-5.67499,-0.746008
2.99303,-5.69258,-0.745887
2.96444,-5.72318,-0.747581
2.8539,-5.59361,-0.727373
2.81775,-5.60747,-0.726889
2.77007,-5.59797,-0.723259
2.73524,-5.61397,-0.723138
2.71448,-5.65928,-0.72701
2.68055,-5.67763,-0.727252
2.71094,-5.83439,-0.746129
2.68748,-5.87799,-0.749759
2.65014,-5.89166,-0.749396
2.61515,-5.91053,-0.749759
2.58081,-5.93102,-0.750364
2.54008,-5.9367,-0.749033
2.5036,-5.95218,-0.749033
2.46665,-5.96651,-0.748912
2.43037,-5.98245,-0.749033
2.39582,-6.00278,-0.749759
2.36148,-6.02384,-0.750606
2.32912,-6.05026,-0.752179
2.28879,-6.05608,-0.75109
2.25677,-6.08397,-0.752905
2.22483,-6.11262,-0.754841
2.19463,-6.14672,-0.757503
2.15359,-6.15071,-0.756293
2.12258,-6.18352,-0.758834
2.08587,-6.20019,-0.759318
2.0512,-6.22324,-0.760649
2.01298,-6.23571,-0.760649
1.97737,-6.25646,-0.761738
1.92809,-6.23339,-0.757261
1.89009,-6.24606,-0.757382
1.84356,-6.22993,-0.753873
1.80833,-6.25162,-0.755204
1.77264,-6.27215,-0.756414
1.73518,-6.28673,-0.756898
1.69606,-6.29534,-0.756656
1.67154,-6.35939,-0.763432
1.62607,-6.34453,-0.760286
1.58374,-6.34091,-0.758592
0,0,0
0,0,0
0,0,0
0,0,0
0,0,0
0,0,0
0,0,0
0,0,0
0,0,0
0,0,0
0,0,0
0,0,0
0,0,0
0,0,0
0,0,0
0,0,0
0,0,0
0,0,0
0,0,0
0,0,0
0,0,0
0,0,0
0,0,0
0,0,0
0,0,0
0,0,0
0,0,0
0,0,0
0,0,0
0,0,0
0,0,0
0,0,0
0,0,0
0,0,0
0,0,0
0,0,0
0,0,0
0,0,0
0,0,0
0,0,0
0,0,0
0,0,0
0,0,0
0,0,0
0,0,0
0,0,0
0,0,0
0,0,0
0,0,0
0,0,0
0,0,0
0,0,0
0,0,0
0,0,0
0,0,0
0,0,0
0,0,0
0,0,0
0,0,0
0,0,0
0,0,0
0,0,0
0,0,0
0,0,0
0,0,0
0,0,0
0,0,0
0,0,0
0,0,0
0,0,0
0,0,0
0,0,0
0,0,0
0,0,0
0,0,0
0,0,0
0,0,0
0,0,0
0,0,0
0,0,0
0,0,0
0,0,0
0,0,0
0,0,0
0,0,0
0,0,0
0,0,0
0,0,0
0,0,0
0,0,0
0,0,0
0,0,0
0,0,0
0,0,0
0,0,0
0,0,0
0,0,0
0,0,0
0,0,0
0,0,0
0,0,0
0,0,0
0,0,0
0,0,0
0,0,0
0,0,0
0,0,0
0,0,0
0,0,0
0,0,0
0,0,0
0,0,0
0,0,0
0,0,0
0,0,0
0,0,0
0,0,0
0,0,0
0,0,0
0,0,0
0,0,0
0,0,0
0,0,0
0,0,0
0,0,0
0,0,0
0,0,0
0,0,0
0,0,0
0,0,0
0,0,0
0,0,0
0,0,0
0,0,0
0,0,0
0,0,0
0,0,0
0,0,0
0,0,0
0,0,0
0,0,0
0,0,0
0,0,0
0,0,0
0,0,0
0,0,0
0,0,0
0,0,0
0,0,0
0,0,0
0,0,0
0,0,0
0,0,0
0,0,0
0,0,0
0,0,0
0,0,0
0,0,0
0,0,0
0,0,0
0,0,0
0,0,0
0,0,0
0,0,0
0,0,0
0,0,0
0,0,0
0,0,0
0,0,0
0,0,0
0,0,0
0,0,0
0,0,0
0,0,0
0,0,0
0,0,0
0,0,0
0,0,0
0,0,0
0,0,0
0,0,0
0,0,0
0,0,0
0,0,0
0,0,0
0,0,0
0,0,0
0,0,0
0,0,0
0,0,0
0,0,0
0,0,0
0,0,0
0,0,0
0,0,0
0,0,0
0,0,0
0,0,0
0,0,0
0,0,0
0,0,0
0,0,0
0,0,0
0,0,0
0,0,0
0,0,0
0,0,0
0,0,0
0,0,0
0,0,0
0,0,0
0,0,0
0,0,0
0,0,0
0,0,0
0,0,0
0,0,0
0,0,0
0,0,0
0,0,0
0,0,0
0,0,0
0,0,0
0,0,0
0,0,0
0,0,0
0,0,0
0,0,0
0,0,0
0,0,0
0,0,0
0,0,0
0,0,0
0,0,0
0,0,0
0,0,0
0,0,0
0,0,0
0,0,0
0,0,0
0,0,0
0,0,0
0,0,0
0,0,0
0,0,0
0,0,0
0,0,0
0,0,0
0,0,0
0,0,0
0,0,0
0,0,0
0,0,0
0,0,0
0,0,0
0,0,0
0,0,0
0,0,0
0,0,0
0,0,0
0,0,0
0,0,0
0,0,0
0,0,0
0,0,0
0,0,0
0,0,0
0,0,0
0,0,0
0,0,0
0,0,0
0,0,0
0,0,0
0,0,0
0,0,0
0,0,0
0,0,0
0,0,0
0,0,0
0,0,0
0,0,0
0,0,0
0,0,0
0,0,0
0,0,0
0,0,0
0,0,0
0,0,0
0,0,0
0,0,0
0,0,0
0,0,0
0,0,0
0,0,0
0,0,0
0,0,0
0,0,0
0,0,0
0,0,0
0,0,0
0,0,0
0,0,0
0,0,0
0,0,0
0,0,0
0,0,0
0,0,0
0,0,0
0,0,0
0,0,0
0,0,0
0,0,0
0,0,0
0,0,0
0,0,0
0,0,0
0,0,0
0,0,0
0,0,0
0,0,0
0,0,0
0,0,0
0,0,0
0,0,0
0,0,0
0,0,0
0,0,0
0,0,0
0,0,0
0,0,0
0,0,0
0,0,0
0,0,0
0,0,0
0,0,0
0,0,0
0,0,0
0,0,0
0,0,0
0,0,0
0,0,0
0,0,0
0,0,0
0,0,0
0,0,0
0,0,0
0,0,0
0,0,0
0,0,0
0,0,0
0,0,0
0,0,0
0,0,0
0,0,0
0,0,0
0,0,0
0,0,0
0,0,0
0,0,0
0,0,0
0,0,0
0,0,0
0,0,0
0,0,0
0,0,0
0,0,0
0,0,0
0,0,0
0,0,0
0,0,0
0,0,0
0,0,0
0,0,0
0,0,0
0,0,0
0,0,0
0,0,0
0,0,0
0,0,0
0,0,0
0,0,0
0,0,0
0,0,0
0,0,0
0,0,0
0,0,0
0,0,0
0,0,0
0,0,0
0,0,0
0,0,0
0,0,0
0,0,0
0,0,0
0,0,0
0,0,0
0,0,0
0,0,0
0,0,0
0,0,0
0,0,0
0,0,0
0,0,0
0,0,0
0,0,0
0,0,0
0,0,0
0,0,0
0,0,0
0,0,0
0,0,0
0,0,0
0,0,0
0,0,0
0,0,0
0,0,0
0,0,0
0,0,0
0,0,0
0,0,0
0,0,0
0,0,0
0,0,0
0,0,0
0,0,0
0,0,0
0,0,0
0,0,0
0,0,0
0,0,0
0,0,0
0,0,0
0,0,0
0,0,0
0,0,0
0,0,0
0,0,0
0,0,0
0,0,0
0,0,0
0,0,0
0,0,0
0,0,0
0,0,0
0,0,0
0,0,0
0,0,0
0,0,0
0,0,0
0,0,0
0,0,0
0,0,0
0,0,0
0,0,0
0,0,0
0,0,0
0,0,0
0,0,0
0,0,0
0,0,0
0,0,0
0,0,0
0,0,0
0,0,0
0,0,0
0,0,0
0,0,0
0,0,0
0,0,0
0,0,0
0,0,0
0,0,0
0,0,0
0,0,0
0,0,0
0,0,0
0,0,0
0,0,0
0,0,0
0,0,0
0,0,0
0,0,0
0,0,0
0,0,0
0,0,0
0,0,0
0,0,0
0,0,0
0,0,0
0,0,0
0,0,0
0,0,0
0,0,0
0,0,0
0,0,0
0,0,0
0,0,0
0,0,0
0,0,0
0,0,0
0,0,0
0,0,0
0,0,0
0,0,0
0,0,0
0,0,0
0,0,0
0,0,0
0,0,0
0,0,0
0,0,0
0,0,0
0,0,0
0,0,0
0,0,0
0,0,0
0,0,0
0,0,0
0,0,0
0,0,0
0,0,0
0,0,0
0,0,0
0,0,0
0,0,0
0,0,0
0,0,0
0,0,0
0,0,0
0,0,0
0,0,0
0,0,0
0,0,0
0,0,0
0,0,0
0,0,0
0,0,0
0,0,0
0,0,0
0,0,0
0,0,0
0,0,0
0,0,0
0,0,0
0,0,0
0,0,0
0,0,0
0,0,0
0,0,0
0,0,0
0,0,0
0,0,0
0,0,0
0,0,0
0,0,0
0,0,0
0,0,0
0,0,0
0,0,0
0,0,0
0,0,0
0,0,0
0,0,0
0,0,0
0,0,0
0,0,0
0,0,0
0,0,0
0,0,0
0,0,0
0,0,0
0,0,0
0,0,0
0,0,0
0,0,0
0,0,0
0,0,0
0,0,0
0,0,0
0,0,0
0,0,0
0,0,0
0,0,0
0,0,0
0,0,0
0,0,0
0,0,0
0,0,0
0,0,0
2.35925,6.85369,-0.932708
2.42589,6.90922,-0.942666
2.46957,6.89794,-0.943197
2.51049,6.87893,-0.942666
2.56164,6.88755,-0.946118
2.59893,6.85873,-0.944259
2.63597,6.82971,-0.9424
2.68254,6.8254,-0.944126
2.73616,6.83825,-0.948375
2.77096,6.8039,-0.945852
2.80203,6.76113,-0.942135
2.85116,6.76207,-0.94479
2.90549,6.77451,-0.949172
2.94701,6.75656,-0.949172
2.98399,6.72838,-0.947711
3.01462,6.68645,-0.944259
3.05188,6.65972,-0.943064
3.08976,6.63458,-0.942135
3.13422,6.62356,-0.94333
3.17051,6.59527,-0.942002
3.21005,6.57391,-0.941736
3.24812,6.54965,-0.941072
3.28112,6.51543,-0.938948
3.31968,6.49253,-0.93855
3.3558,6.465,-0.937488
3.38154,6.41798,-0.933504
3.41572,6.3875,-0.932044
3.45721,6.37078,-0.932708
3.49002,6.33816,-0.930982
3.52208,6.30451,-0.929123
3.56411,6.28882,-0.930052
3.59078,6.24621,-0.926866
3.62155,6.21121,-0.924874
3.65555,6.18205,-0.923812
3.6873,6.1493,-0.922218
3.72342,6.12402,-0.92182
3.7604,6.10022,-0.921687
3.78883,6.06274,-0.91943
3.82066,6.03101,-0.918102
3.85063,5.99661,-0.916376
3.87978,5.96124,-0.914517
3.91519,5.93567,-0.914252
3.94824,5.90659,-0.913455
3.98107,5.87733,-0.912659
4.01201,5.84544,-0.911464
4.05289,5.82803,-0.912659
4.08858,5.80305,-0.912659
4.11777,5.76898,-0.911198
4.15367,5.74441,-0.911331
4.1865,5.71562,-0.9108
4.2144,5.68027,-0.909206
4.26109,5.67015,-0.911862
4.2952,5.64311,-0.911729
4.32308,5.60802,-0.910269
4.3507,5.57279,-0.908808
4.38359,5.54444,-0.908543
4.41381,5.51279,-0.907746
4.44131,5.47791,-0.906418
4.47295,5.44825,-0.90602
4.49932,5.41232,-0.904559
4.53181,5.38386,-0.904427
4.56669,5.35821,-0.904825
4.59236,5.32184,-0.903364
4.61645,5.28385,-0.901638
4.65206,5.25914,-0.902302
4.69086,5.23788,-0.90363
4.72358,5.20973,-0.903763
4.75478,5.17992,-0.90363
4.78108,5.14484,-0.902568
4.80644,5.10891,-0.901373
4.82403,5.06497,-0.898717
4.8502,5.03028,-0.897788
4.8699,4.98908,-0.895663
4.88788,4.94641,-0.893273
4.91463,4.91283,-0.892609
4.95174,4.88954,-0.893937
4.993,4.87014,-0.896062
4.98852,4.8064,-0.889688
5.02007,4.77775,-0.890087
5.04569,4.74347,-0.889423
5.06743,4.70567,-0.888095
5.07795,4.65774,-0.884776
5.11304,4.63249,-0.885971
5.13399,4.59442,-0.884643
5.15391,4.55561,-0.883182
5.17505,4.51803,-0.881987
5.18616,4.47196,-0.879066
5.21425,4.44069,-0.879199
5.23685,4.40479,-0.878403
5.25387,4.36434,-0.876676
5.25832,4.31379,-0.872826
5.2924,4.28768,-0.874154
5.32325,4.25884,-0.87495
5.31895,4.20214,-0.869772
5.31025,4.1426,-0.86393
5.32379,4.10087,-0.861938
5.35516,4.07293,-0.863001
5.38322,4.04237,-0.863532
5.40314,4.00572,-0.862735
5.39963,3.95201,-0.858088
5.42217,3.91764,-0.857822
5.44691,3.88487,-0.857955
5.46659,3.84853,-0.857291
5.49255,3.81661,-0.85769
5.47989,3.75817,-0.851847
5.49464,3.71892,-0.85052
5.52642,3.69119,-0.85198
5.54566,3.65503,-0.851449
5.56383,3.61823,-0.850785
5.58092,3.58082,-0.849989
5.59525,3.54173,-0.848794
5.61435,3.50576,-0.848395
5.61466,3.45825,-0.845076
5.62815,3.4191,-0.843881
5.65242,3.38654,-0.844412
5.67821,3.35482,-0.845209
5.67129,3.30395,-0.84096
5.67168,3.25774,-0.837906
5.68812,3.22093,-0.837375
5.71123,3.18789,-0.837906
5.75327,3.16521,-0.841358
5.75428,3.11993,-0.83857
5.75496,3.07476,-0.835782
5.77372,3.03939,-0.835782
5.78346,2.99934,-0.834454
5.79204,2.95884,-0.832993
5.8278,2.93215,-0.835649
5.84213,2.89458,-0.835118
5.84641,2.85216,-0.833126
5.85308,2.81108,-0.831533
5.89083,2.78486,-0.834587
5.88804,2.73946,-0.831666
5.91285,2.707,-0.832861
5.92754,2.66985,-0.832595
5.942,2.63263,-0.832329
5.9544,2.59454,-0.831798
5.96292,2.55483,-0.830736
5.97757,2.51781,-0.830603
5.98741,2.47881,-0.829807
6.00802,2.44426,-0.830603
6.02751,2.40919,-0.831267
6.02188,2.3642,-0.828346
6.0261,2.32328,-0.826886
6.02912,2.28205,-0.825292
6.04393,2.24536,-0.825425
6.06598,2.21129,-0.82662
6.07383,2.17202,-0.825823
6.09266,2.13668,-0.82662
6.1169,2.10312,-0.828213
6.13814,2.0684,-0.829408
6.12907,2.02355,-0.826355
6.12911,1.98194,-0.824628
6.14116,1.9443,-0.824628
6.15013,1.9057,-0.82423
6.15602,1.8662,-0.823434
6.15975,1.82614,-0.822371
6.17846,1.79052,-0.823434
6.19791,1.75501,-0.824628
6.20283,1.71536,-0.823832
6.2075,1.67572,-0.823035
6.21958,1.6381,-0.823301
6.22567,1.59892,-0.82277
6.24594,1.56334,-0.82423
6.25734,1.52545,-0.824496
6.28202,1.49069,-0.82662
6.28332,1.45033,-0.825558
6.28146,1.40937,-0.824097
6.28515,1.36974,-0.823434
6.29247,1.33095,-0.823301
6.31508,1.2953,-0.825292
6.34527,1.26097,-0.828346
6.33439,1.21845,-0.825823
6.32713,1.17685,-0.823832
6.31765,1.13502,-0.821575
6.35574,1.10165,-0.825823
6.37705,1.06508,-0.827815
6.38738,1.02656,-0.828346
6.38964,0.986746,-0.827815
6.37891,0.945053,-0.825558
6.3944,0.907287,-0.826886
6.41752,0.870431,-0.829276
6.41488,0.83002,-0.828213
6.42477,0.791249,-0.828877
6.41572,0.750202,-0.827018
6.44385,0.713438,-0.830205
6.45106,0.674195,-0.830603
6.46198,0.635277,-0.831533
6.49142,0.597978,-0.834985
6.50484,0.558984,-0.836313
6.48938,0.517564,-0.83379
6.47464,0.476428,-0.8314
6.49128,0.437624,-0.833259
6.5077,0.398634,-0.835118
6.51893,0.359186,-0.836313
6.51111,0.318696,-0.834985
6.50007,0.278189,-0.833259
6.49373,0.23801,-0.832197
6.48813,0.197949,-0.831267
6.49022,0.158159,-0.8314
6.48512,0.118225,-0.830603
6.47085,0.0782519,-0.828612
6.47716,0.0385811,-0.829408
6.47232,-0.00116155,-0.828745
6.47219,-0.0408749,-0.828745
6.47281,-0.0805992,-0.828877
6.48805,-0.12061,-0.831002
6.46935,-0.159975,-0.828612
6.46528,-0.199576,-0.828213
6.46096,-0.239132,-0.827815
6.4861,-0.279927,-0.8314
6.49911,-0.320452,-0.833392
6.47525,-0.359115,-0.830471
6.49667,-0.400304,-0.833657
6.44267,-0.436671,-0.826753
6.4369,-0.475975,-0.826355
6.44473,-0.516334,-0.827815
6.43255,-0.555101,-0.82662
6.41521,-0.593281,-0.824761
6.41046,-0.632535,-0.824628
6.41336,-0.672581,-0.825558
6.39532,-0.710387,-0.823699
6.38198,-0.748575,-0.822504
6.38612,-0.788814,-0.823699
6.37133,-0.826708,-0.822371
6.34748,-0.863247,-0.819849
6.34305,-0.902318,-0.819981
6.31876,-0.938454,-0.817459
6.30211,-0.975539,-0.815998
6.28818,-1.01293,-0.814936
6.24177,-1.04478,-0.809492
6.21961,-1.08035,-0.807368
6.22067,-1.11989,-0.80843
6.20491,-1.15641,-0.807235
6.19186,-1.19333,-0.806438
6.17568,-1.22956,-0.805243
6.16025,-1.26583,-0.804181
6.17951,-1.30936,-0.807899
6.17814,-1.34873,-0.808828
6.14751,-1.38162,-0.805774
6.14761,-1.42132,-0.806969
6.13491,-1.4581,-0.806438
6.13644,-1.4983,-0.807899
4.42164,-1.10829,-0.572355
4.40035,-1.13169,-0.570364
6.0992,-1.60872,-0.806704
6.09208,-1.64689,-0.807102
6.05989,-1.67816,-0.804048
6.02088,-1.7072,-0.800065
5.98173,-1.73582,-0.796082
5.97192,-1.77277,-0.796215
5.95144,-1.8065,-0.794887
5.92889,-1.83946,-0.793293
5.90143,-1.87071,-0.791036
5.86815,-1.89986,-0.787982
5.84415,-1.93179,-0.786256
5.82092,-1.96381,-0.784663
5.81532,-2.00175,-0.785593
5.80293,-2.03739,-0.785593
5.78752,-2.07196,-0.785194
5.76259,-2.10301,-0.783468
5.73471,-2.1328,-0.781344
5.73913,-2.17462,-0.783866
5.74972,-2.21908,-0.787319
5.72677,-2.25069,-0.785991
5.69353,-2.27805,-0.783203
5.68312,-2.31444,-0.783734
5.68437,-2.35572,-0.785991
5.66798,-2.38978,-0.785725
5.65868,-2.42686,-0.786522
5.6346,-2.45757,-0.785194
5.60945,-2.48768,-0.783734
5.58414,-2.51757,-0.782273
5.57219,-2.55344,-0.782804
5.53935,-2.57963,-0.780281
5.51714,-2.6106,-0.779352
5.50281,-2.64526,-0.779618
5.49983,-2.6855,-0.781609
5.47171,-2.71347,-0.779883
5.45141,-2.74521,-0.779352
5.42388,-2.77319,-0.777759
5.42435,-2.81556,-0.780414
5.38768,-2.83862,-0.777493
5.3824,-2.87817,-0.779352
5.34722,-2.90169,-0.776697
5.33713,-2.93874,-0.777892
5.30082,-2.96128,-0.775103
5.28255,-2.99375,-0.775103
5.26666,-3.02759,-0.775502
5.2497,-3.06085,-0.775767
5.21887,-3.08594,-0.773908
5.18794,-3.11077,-0.772049
5.16622,-3.141,-0.771651
5.14431,-3.17108,-0.771253
5.13485,-3.20889,-0.772846
5.11087,-3.23768,-0.772182
5.0759,-3.25934,-0.769792
5.08156,-3.30718,-0.773908
5.05041,-3.33121,-0.772182
5.03565,-3.36599,-0.773112
5.00505,-3.39015,-0.771518
4.97435,-3.41407,-0.769925
4.94517,-3.43887,-0.768597
4.92479,-3.46972,-0.76873
4.9034,-3.49987,-0.76873
4.88505,-3.53221,-0.769261
4.85289,-3.55451,-0.767535
4.83576,-3.58776,-0.768332
4.80494,-3.61081,-0.766871
4.77245,-3.63242,-0.765145
4.74379,-3.6568,-0.764083
4.71892,-3.684,-0.763685
4.704,-3.71904,-0.765012
4.68651,-3.75217,-0.765942
4.65185,-3.77149,-0.76395
4.60181,-3.77795,-0.759303
4.62655,-3.84603,-0.767668
4.56647,-3.84371,-0.761295
4.5511,-3.87873,-0.762755
4.53997,-3.91759,-0.765012
4.52555,-3.95385,-0.766738
4.49527,-3.97629,-0.765676
4.45749,-3.9919,-0.763286
4.42337,-4.01052,-0.76156
4.4235,-4.06037,-0.766075
4.38253,-4.07259,-0.763153
4.34664,-4.08922,-0.761162
4.33438,-4.12812,-0.763552
4.31325,-4.15876,-0.764348
4.28056,-4.17823,-0.763021
4.26471,-4.21417,-0.76488
4.21005,-4.21151,-0.759436
4.19596,-4.24926,-0.761693
4.18019,-4.28557,-0.763685
4.149,-4.30614,-0.762755
4.12045,-4.32936,-0.762357
4.0911,-4.35167,-0.761826
4.07511,-4.38831,-0.76395
4.04342,-4.40812,-0.763021
4.00498,-4.42036,-0.760764
3.98439,-4.45224,-0.762091
3.95831,-4.47809,-0.762357
3.93728,-4.50976,-0.763685
3.88947,-4.51056,-0.759569
3.87071,-4.54491,-0.761427
3.85743,-4.58602,-0.764481
3.83365,-4.61494,-0.765411
3.77257,-4.59853,-0.758506
3.76425,-4.64623,-0.762755
3.72514,-4.65608,-0.760498
3.69896,-4.68196,-0.761029
3.66712,-4.70066,-0.760365
3.64304,-4.72936,-0.761427
3.61816,-4.75715,-0.762357
3.577,-4.76341,-0.759701
3.55065,-4.78925,-0.760365
3.53525,-4.83014,-0.763552
2.69992,-3.73659,-0.57926
2.68212,-3.76035,-0.580455
3.4389,-4.88467,-0.761959
3.41395,-4.913,-0.763153
3.38206,-4.9314,-0.762755
3.35174,-4.95206,-0.762755
3.31138,-4.9577,-0.760365
3.28471,-4.98372,-0.761295
3.25461,-5.00461,-0.761427
3.22759,-5.03032,-0.762357
3.17228,-5.01151,-0.756249
3.16719,-5.07207,-0.762755
3.13861,-5.09563,-0.763419
3.10214,-5.10632,-0.762091
3.06413,-5.11421,-0.760365
3.03017,-5.12865,-0.759701
2.99814,-5.14629,-0.759569
2.96947,-5.16974,-0.760365
2.94307,-5.19735,-0.761826
2.91643,-5.22483,-0.763286
2.88528,-5.24437,-0.763552
2.8521,-5.26023,-0.763286
2.81089,-5.26102,-0.760764
2.78502,-5.29045,-0.762622
2.75525,-5.31272,-0.763419
2.72395,-5.33217,-0.763817
2.69519,-5.35675,-0.765012
2.66799,-5.38473,-0.766738
2.63273,-5.39655,-0.766075
2.59527,-5.40367,-0.764747
2.5591,-5.41322,-0.763817
2.53086,-5.4396,-0.765411
2.50321,-5.46765,-0.76727
2.46961,-5.4829,-0.76727
2.43914,-5.5052,-0.768332
2.40927,-5.52915,-0.769659
2.36515,-5.52014,-0.766207
2.3347,-5.54277,-0.767402
2.29875,-5.55241,-0.766738
2.26874,-5.57651,-0.768199
2.23706,-5.59677,-0.769128
2.20449,-5.61501,-0.769792
2.17819,-5.6497,-0.772846
2.13822,-5.64905,-0.770854
2.10732,-5.67229,-0.772315
2.06263,-5.6581,-0.768465
2.04256,-5.71172,-0.774307
2.01829,-5.75501,-0.778688
1.96071,-5.70261,-0.769527
1.9472,-5.7784,-0.778555
1.90705,-5.77612,-0.776564
1.8673,-5.77451,-0.774705
1.81419,-5.73011,-0.766871
1.7787,-5.74019,-0.766738
1.7492,-5.76996,-0.769394
1.71658,-5.79009,-0.770722
1.67716,-5.78719,-0.768863
1.65592,-5.84791,-0.7759
1.61367,-5.83504,-0.772713
1.57603,-5.83813,-0.771784
1.56441,-5.9397,-0.78453
1.51388,-5.89447,-0.776962
1.48033,-5.91423,-0.778423
1.44355,-5.92127,-0.778157
1.40032,-5.90109,-0.774174
1.36609,-5.91826,-0.775369
1.33192,-5.9362,-0.776697
1.28703,-5.90552,-0.771386
1.25262,-5.92204,-0.772581
0,0,0
0,0,0
0,0,0
0,0,0
0,0,0
0,0,0
0,0,0
0,0,0
0,0,0
0,0,0
0,0,0
0,0,0
0,0,0
0,0,0
0,0,0
0,0,0
0,0,0
0,0,0
0,0,0
0,0,0
0,0,0
0,0,0
0,0,0
0,0,0
0,0,0
0,0,0
0,0,0
0,0,0
0,0,0
0,0,0
0,0,0
0,0,0
0,0,0
0,0,0
0,0,0
0,0,0
0,0,0
0,0,0
0,0,0
0,0,0
0,0,0
0,0,0
0,0,0
0,0,0
0,0,0
0,0,0
0,0,0
0,0,0
0,0,0
0,0,0
0,0,0
0,0,0
0,0,0
0,0,0
0,0,0
0,0,0
0,0,0
0,0,0
0,0,0
0,0,0
0,0,0
0,0,0
0,0,0
0,0,0
0,0,0
0,0,0
0,0,0
0,0,0
0,0,0
0,0,0
0,0,0
0,0,0
0,0,0
0,0,0
0,0,0
0,0,0
0,0,0
0,0,0
0,0,0
0,0,0
0,0,0
0,0,0
0,0,0
0,0,0
0,0,0
0,0,0
0,0,0
0,0,0
0,0,0
0,0,0
0,0,0
0,0,0
0,0,0
0,0,0
0,0,0
0,0,0
0,0,0
0,0,0
0,0,0
0,0,0
0,0,0
0,0,0
0,0,0
0,0,0
0,0,0
0,0,0
0,0,0
0,0,0
0,0,0
0,0,0
0,0,0
0,0,0
0,0,0
0,0,0
0,0,0
0,0,0
0,0,0
0,0,0
0,0,0
0,0,0
0,0,0
0,0,0
0,0,0
0,0,0
0,0,0
0,0,0
0,0,0
0,0,0
0,0,0
0,0,0
0,0,0
0,0,0
0,0,0
0,0,0
0,0,0
0,0,0
0,0,0
0,0,0
0,0,0
0,0,0
0,0,0
0,0,0
0,0,0
0,0,0
0,0,0
0,0,0
0,0,0
0,0,0
0,0,0
0,0,0
0,0,0
0,0,0
0,0,0
0,0,0
0,0,0
0,0,0
0,0,0
0,0,0
0,0,0
0,0,0
0,0,0
0,0,0
0,0,0
0,0,0
0,0,0
0,0,0
0,0,0
0,0,0
0,0,0
0,0,0
0,0,0
0,0,0
0,0,0
0,0,0
0,0,0
0,0,0
0,0,0
0,0,0
0,0,0
0,0,0
0,0,0
0,0,0
0,0,0
0,0,0
0,0,0
0,0,0
0,0,0
0,0,0
0,0,0
0,0,0
0,0,0
0,0,0
0,0,0
0,0,0
0,0,0
0,0,0
0,0,0
0,0,0
0,0,0
0,0,0
0,0,0
0,0,0
0,0,0
0,0,0
0,0,0
0,0,0
0,0,0
0,0,0
0,0,0
0,0,0
0,0,0
0,0,0
0,0,0
0,0,0
0,0,0
0,0,0
0,0,0
0,0,0
0,0,0
0,0,0
0,0,0
0,0,0
0,0,0
0,0,0
0,0,0
0,0,0
0,0,0
0,0,0
0,0,0
0,0,0
0,0,0
0,0,0
0,0,0
0,0,0
0,0,0
0,0,0
0,0,0
0,0,0
0,0,0
0,0,0
0,0,0
0,0,0
0,0,0
0,0,0
0,0,0
0,0,0
0,0,0
0,0,0
0,0,0
0,0,0
0,0,0
0,0,0
0,0,0
0,0,0
0,0,0
0,0,0
0,0,0
0,0,0
0,0,0
0,0,0
0,0,0
0,0,0
0,0,0
0,0,0
0,0,0
0,0,0
0,0,0
0,0,0
0,0,0
0,0,0
0,0,0
0,0,0
0,0,0
0,0,0
0,0,0
0,0,0
0,0,0
0,0,0
0,0,0
0,0,0
0,0,0
0,0,0
0,0,0
0,0,0
0,0,0
0,0,0
0,0,0
0,0,0
0,0,0
0,0,0
0,0,0
0,0,0
0,0,0
0,0,0
0,0,0
0,0,0
0,0,0
0,0,0
0,0,0
0,0,0
0,0,0
0,0,0
0,0,0
0,0,0
0,0,0
0,0,0
0,0,0
0,0,0
0,0,0
0,0,0
0,0,0
0,0,0
0,0,0
0,0,0
0,0,0
0,0,0
0,0,0
0,0,0
0,0,0
0,0,0
0,0,0
0,0,0
0,0,0
0,0,0
0,0,0
0,0,0
0,0,0
0,0,0
0,0,0
0,0,0
0,0,0
0,0,0
0,0,0
0,0,0
0,0,0
0,0,0
0,0,0
0,0,0
0,0,0
0,0,0
0,0,0
0,0,0
0,0,0
0,0,0
0,0,0
0,0,0
0,0,0
0,0,0
0,0,0
0,0,0
0,0,0
0,0,0
0,0,0
0,0,0
0,0,0
0,0,0
0,0,0
0,0,0
0,0,0
0,0,0
0,0,0
0,0,0
0,0,0
0,0,0
0,0,0
0,0,0
0,0,0
0,0,0
0,0,0
0,0,0
0,0,0
0,0,0
0,0,0
0,0,0
0,0,0
0,0,0
0,0,0
0,0,0
0,0,0
0,0,0
0,0,0
0,0,0
0,0,0
0,0,0
0,0,0
0,0,0
0,0,0
0,0,0
0,0,0
0,0,0
0,0,0
0,0,0
0,0,0
0,0,0
0,0,0
0,0,0
0,0,0
0,0,0
0,0,0
0,0,0
0,0,0
0,0,0
0,0,0
0,0,0
0,0,0
0,0,0
0,0,0
0,0,0
0,0,0
0,0,0
0,0,0
0,0,0
0,0,0
0,0,0
0,0,0
0,0,0
0,0,0
0,0,0
0,0,0
0,0,0
0,0,0
0,0,0
0,0,0
0,0,0
0,0,0
0,0,0
0,0,0
0,0,0
0,0,0
0,0,0
0,0,0
0,0,0
0,0,0
0,0,0
0,0,0
0,0,0
0,0,0
0,0,0
0,0,0
0,0,0
0,0,0
0,0,0
0,0,0
0,0,0
0,0,0
0,0,0
0,0,0
0,0,0
0,0,0
0,0,0
0,0,0
0,0,0
0,0,0
0,0,0
0,0,0
0,0,0
0,0,0
0,0,0
0,0,0
0,0,0
0,0,0
0,0,0
0,0,0
0,0,0
0,0,0
0,0,0
0,0,0
0,0,0
0,0,0
0,0,0
0,0,0
0,0,0
0,0,0
0,0,0
0,0,0
0,0,0
0,0,0
0,0,0
0,0,0
0,0,0
0,0,0
0,0,0
0,0,0
0,0,0
0,0,0
0,0,0
0,0,0
0,0,0
0,0,0
0,0,0
0,0,0
0,0,0
0,0,0
0,0,0
0,0,0
0,0,0
0,0,0
0,0,0
0,0,0
0,0,0
0,0,0
0,0,0
0,0,0
0,0,0
0,0,0
0,0,0
0,0,0
0,0,0
0,0,0
0,0,0
0,0,0
0,0,0
0,0,0
0,0,0
0,0,0
0,0,0
0,0,0
0,0,0
0,0,0
0,0,0
0,0,0
0,0,0
0,0,0
0,0,0
0,0,0
0,0,0
0,0,0
0,0,0
0,0,0
0,0,0
0,0,0
0,0,0
0,0,0
0,0,0
0,0,0
0,0,0
0,0,0
0,0,0
0,0,0
0,0,0
0,0,0
0,0,0
0,0,0
0,0,0
0,0,0
0,0,0
0,0,0
0,0,0
0,0,0
0,0,0
0,0,0
0,0,0
0,0,0
0,0,0
0,0,0
0,0,0
0,0,0
0,0,0
0,0,0
0,0,0
0,0,0
0,0,0
0,0,0
0,0,0
0,0,0
0,0,0
0,0,0
0,0,0
0,0,0
0,0,0
0,0,0
0,0,0
0,0,0
0,0,0
0,0,0
0,0,0
0,0,0
0,0,0
0,0,0
0,0,0
0,0,0
0,0,0
0,0,0
0,0,0
0,0,0
0,0,0
0,0,0
0,0,0
0,0,0
0,0,0
0,0,0
0,0,0
0,0,0
0,0,0
0,0,0
0,0,0
0,0,0
0,0,0
0,0,0
0,0,0
0,0,0
0,0,0
0,0,0
0,0,0
0,0,0
0,0,0
0,0,0
0,0,0
0,0,0
2.01641,6.63125,-0.977582
2.03358,6.54316,-0.965978
2.07519,6.53528,-0.966703
2.11525,6.52242,-0.966703
2.15212,6.49993,-0.965253
2.19608,6.49878,-0.967138
2.23527,6.48332,-0.966848
2.26746,6.44801,-0.963512
2.30498,6.42839,-0.962642
2.34845,6.42527,-0.964382
2.3792,6.38756,-0.960756
2.41625,6.36729,-0.959886
2.45385,6.34866,-0.959306
2.48841,6.32243,-0.957565
2.52495,6.30153,-0.956695
2.5546,6.26393,-0.953214
2.6036,6.27373,-0.957275
2.63551,6.24214,-0.954809
2.6722,6.22221,-0.954229
2.71072,6.20661,-0.954374
2.75879,6.21246,-0.958
2.7757,6.14852,-0.950458
2.81502,6.13497,-0.951038
2.83631,6.08261,-0.945381
2.86934,6.05615,-0.943931
2.90087,6.02684,-0.942045
2.92867,5.99026,-0.938999
2.97021,5.98193,-0.940595
2.99618,5.94238,-0.937113
3.03303,5.92477,-0.937258
3.06431,5.89639,-0.935663
3.10089,5.87835,-0.935808
3.1215,5.83042,-0.931021
3.14872,5.79551,-0.928411
3.18422,5.77608,-0.928411
3.21574,5.74953,-0.92725
3.23777,5.70645,-0.923334
3.26237,5.66846,-0.920288
3.28811,5.63296,-0.917677
3.33319,5.63056,-0.920723
3.37073,5.61509,-0.921593
3.40358,5.59177,-0.921158
3.44042,5.57499,-0.921883
3.46355,5.53616,-0.918837
3.50063,5.51981,-0.919708
3.52213,5.47908,-0.916372
3.56001,5.464,-0.917532
3.61036,5.46765,-0.922029
3.63174,5.42731,-0.918837
3.65942,5.39673,-0.917387
3.69303,5.37499,-0.917532
3.72255,5.34736,-0.916662
3.74617,5.31148,-0.914341
3.77984,5.29,-0.914631
3.82092,5.27873,-0.916807
3.85383,5.25599,-0.916952
3.88187,5.22668,-0.915937
3.90138,5.18616,-0.912891
3.94572,5.17865,-0.915937
3.98286,5.16139,-0.917242
3.99618,5.11347,-0.912891
4.01705,5.07566,-0.910425
4.04502,5.04705,-0.9097
4.07467,5.0206,-0.909409
4.10602,4.99627,-0.909554
4.14293,4.97859,-0.911005
4.17149,4.9508,-0.91057
4.18317,4.90328,-0.906363
4.21512,4.87977,-0.906799
4.2567,4.86722,-0.909409
4.27468,4.82768,-0.906799
4.30422,4.80136,-0.906799
4.32828,4.76899,-0.905638
4.35345,4.73797,-0.904768
4.38311,4.7119,-0.904913
4.40855,4.68131,-0.904188
4.43105,4.64773,-0.902882
4.45605,4.61689,-0.902157
4.4919,4.59725,-0.903753
4.52002,4.5696,-0.903753
4.55007,4.54388,-0.904188
4.57998,4.51796,-0.904623
4.62604,4.50773,-0.908394
4.64007,4.46622,-0.905638
4.63512,4.40698,-0.899111
4.64766,4.36491,-0.89621
4.67217,4.33429,-0.895775
4.68847,4.29618,-0.893744
4.72354,4.2753,-0.895485
4.74305,4.2403,-0.89418
4.7675,4.20981,-0.893889
4.79025,4.17787,-0.893309
4.81805,4.15034,-0.893744
4.82459,4.10466,-0.890118
4.84968,4.07498,-0.890118
4.85099,4.02556,-0.885622
4.8779,3.9976,-0.886057
4.89003,3.95763,-0.883736
4.88872,3.90716,-0.87895
4.90406,3.87035,-0.877354
4.89963,3.81829,-0.872132
4.91042,3.77849,-0.869812
4.96738,3.77404,-0.876049
5.00469,3.75418,-0.878659
5.00775,3.70867,-0.875033
5.01924,3.6697,-0.873003
5.03765,3.63594,-0.872277
5.04455,3.59405,-0.869521
5.04466,3.54765,-0.865605
5.07446,3.52228,-0.867056
5.08211,3.48157,-0.86459
5.10009,3.4481,-0.86401
5.12774,3.42114,-0.86517
5.13706,3.38199,-0.863139
5.16851,3.35741,-0.865025
5.12987,3.28772,-0.854727
5.18005,3.27522,-0.859948
5.18326,3.2329,-0.857047
5.1971,3.19741,-0.856032
5.19379,3.1516,-0.852116
5.20114,3.11255,-0.850085
5.23463,3.08913,-0.852551
5.25348,3.05695,-0.852551
5.26442,3.02023,-0.851246
5.27596,2.98397,-0.850085
5.308,2.95925,-0.852406
5.31738,2.92186,-0.850955
5.30563,2.87316,-0.846024
5.32927,2.84381,-0.847039
5.34049,2.80783,-0.846024
5.33039,2.7609,-0.841527
5.36485,2.73714,-0.844428
5.37801,2.70239,-0.843848
5.40868,2.67636,-0.846169
5.45968,2.66003,-0.851826
5.47769,2.62734,-0.852116
5.45703,2.57635,-0.846169
5.46107,2.5374,-0.844283
5.44684,2.49026,-0.839497
5.4548,2.45354,-0.838336
5.4589,2.41522,-0.836596
5.48087,2.38484,-0.837756
5.47448,2.34221,-0.83442
5.51246,2.31855,-0.838191
5.52292,2.28317,-0.837611
5.52583,2.24477,-0.835871
5.55328,2.21633,-0.838046
5.55664,2.17824,-0.836451
5.58006,2.14801,-0.838046
5.59684,2.11513,-0.838627
5.60136,2.07765,-0.837321
5.59076,2.03478,-0.833695
5.60035,1.99944,-0.83326
5.61438,1.96569,-0.83355
5.61698,1.92799,-0.832099
5.65496,1.90233,-0.836161
5.6637,1.86667,-0.835726
5.67882,1.8331,-0.836306
5.69468,1.79971,-0.837031
5.69143,1.76035,-0.834855
5.72012,1.73084,-0.837611
5.69553,1.68531,-0.832244
5.73523,1.65886,-0.836741
5.71007,1.61368,-0.831374
5.72749,1.58072,-0.832535
5.66926,1.52726,-0.822236
5.70819,1.50025,-0.826733
5.71345,1.46421,-0.826153
5.74632,1.43512,-0.829779
5.74541,1.3975,-0.828328
5.76832,1.36564,-0.830504
5.78237,1.33156,-0.831374
5.81071,1.30059,-0.83442
5.84468,1.27059,-0.838336
5.79912,1.22346,-0.830359
5.82494,1.19163,-0.833115
5.80788,1.15105,-0.829489
5.81289,1.11502,-0.829198
5.79336,1.07446,-0.825282
5.78815,1.03679,-0.823542
5.82268,1.00615,-0.827748
5.84729,0.973494,-0.830504
5.83849,0.935247,-0.828328
5.87053,0.903474,-0.832244
5.86226,0.86541,-0.830214
5.86452,0.829008,-0.829779
5.87832,0.794202,-0.831084
5.87327,0.756852,-0.829634
5.86209,0.71887,-0.827313
5.84084,0.679908,-0.823542
5.86063,0.645793,-0.825862
5.90779,0.614332,-0.832244
5.94493,0.581352,-0.837176
5.97104,0.546944,-0.840512
5.94767,0.508017,-0.836596
5.96054,0.472297,-0.838046
5.9426,0.434197,-0.835
5.9491,0.39799,-0.835581
5.96131,0.362081,-0.837031
5.95848,0.325226,-0.836306
5.95443,0.288371,-0.835436
5.96795,0.252334,-0.837176
5.97433,0.21589,-0.837901
5.97851,0.179318,-0.838336
5.97653,0.14256,-0.837901
5.96839,0.105726,-0.836596
5.95408,0.0689283,-0.83442
5.93659,0.032293,-0.831809
5.94756,-0.00413923,-0.833405
5.96028,-0.040718,-0.83529
5.92727,-0.0768718,-0.830504
5.91086,-0.11294,-0.828183
5.89324,-0.148785,-0.825717
5.88925,-0.18485,-0.825282
5.90481,-0.22161,-0.827748
5.89247,-0.257364,-0.826153
5.89078,-0.293515,-0.826153
5.90467,-0.330536,-0.828473
5.91043,-0.36725,-0.829634
5.8824,-0.401761,-0.825862
5.90252,-0.439532,-0.829198
5.91352,-0.476852,-0.831229
5.90654,-0.512786,-0.830649
5.92102,-0.550664,-0.83326
5.93427,-0.588641,-0.835726
5.9453,-0.626595,-0.837901
5.95904,-0.665035,-0.840512
5.9352,-0.699275,-0.837611
5.93963,-0.736774,-0.838917
5.93304,-0.772949,-0.838627
5.93211,-0.809874,-0.839207
5.88099,-0.839693,-0.832389
5.89334,-0.878385,-0.835
5.8546,-0.909372,-0.830069
5.83426,-0.942913,-0.827893
5.83421,-0.979675,-0.828763
5.80177,-1.01087,-0.824847
5.79254,-1.04593,-0.824412
5.75975,-1.07655,-0.820496
5.75304,-1.11187,-0.820496
5.74805,-1.14753,-0.820786
5.72927,-1.18039,-0.819045
5.71611,-1.21429,-0.818175
5.71339,-1.2504,-0.8189
5.66893,-1.27717,-0.813388
5.72557,-1.32689,-0.823106
5.65283,-1.34664,-0.813388
5.64061,-1.38036,-0.812808
4.4104,-1.10829,-0.628163
4.39394,-1.13286,-0.626713
5.66495,-1.49734,-0.820496
5.58785,-1.51372,-0.810197
5.59657,-1.553,-0.812953
5.55458,-1.57813,-0.808022
5.54574,-1.61245,-0.808167
5.52626,-1.64363,-0.806716
5.5208,-1.67895,-0.807441
5.49905,-1.70927,-0.805701
5.50167,-1.74717,-0.807732
5.51343,-1.78822,-0.811213
5.45633,-1.80678,-0.804105
5.44326,-1.83959,-0.803815
5.41971,-1.86877,-0.80193
5.43335,-1.91085,-0.805846
5.42432,-1.94515,-0.806281
5.39741,-1.97296,-0.80396
5.38057,-2.00432,-0.803235
5.40425,-2.05098,-0.808892
5.41002,-2.09123,-0.811793
5.38972,-2.12149,-0.810632
5.35915,-2.14753,-0.807877
5.31105,-2.16618,-0.802365
5.31137,-2.20442,-0.80454
5.28407,-2.23119,-0.802365
5.2721,-2.26435,-0.802655
5.24632,-2.29151,-0.800769
5.22402,-2.32005,-0.799464
5.20518,-2.35003,-0.798739
5.18616,-2.37986,-0.798013
5.17505,-2.41331,-0.798594
5.16014,-2.44501,-0.798594
5.1397,-2.47406,-0.797723
5.10753,-2.49729,-0.794967
5.09477,-2.5299,-0.795403
5.0818,-2.56245,-0.795838
5.05629,-2.58863,-0.794242
5.06226,-2.63101,-0.797868
5.04165,-2.65971,-0.797143
4.99121,-2.67239,-0.791486
4.99124,-2.71194,-0.794242
4.97191,-2.74108,-0.793807
4.94809,-2.76767,-0.792647
4.93704,-2.8014,-0.793662
4.91289,-2.82769,-0.792502
4.8869,-2.8528,-0.791051
4.87356,-2.88525,-0.791776
4.8634,-2.91968,-0.793082
4.83864,-2.94535,-0.791921
4.80616,-2.96615,-0.789456
4.79626,-3.00083,-0.790906
4.7719,-3.0265,-0.789891
4.73576,-3.04449,-0.786845
4.71119,-3.06971,-0.785829
4.68401,-3.09311,-0.784379
4.6707,-3.12564,-0.785394
4.65143,-3.15424,-0.785394
4.64178,-3.18944,-0.787135
4.62049,-3.21674,-0.786845
4.57075,-3.22393,-0.781478
4.54203,-3.24559,-0.779882
4.53004,-3.2792,-0.781333
4.50345,-3.30225,-0.780173
4.48787,-3.33336,-0.781043
4.47129,-3.36381,-0.781768
4.45292,-3.39298,-0.782203
4.43516,-3.42266,-0.782783
4.41017,-3.44676,-0.782058
4.38816,-3.47314,-0.781913
4.35828,-3.4932,-0.780318
4.35213,-3.53234,-0.783219
4.3212,-3.55144,-0.781478
4.30845,-3.58548,-0.783219
4.28183,-3.60803,-0.782348
4.25735,-3.6323,-0.781913
4.22375,-3.64866,-0.779737
4.19086,-3.66539,-0.777707
4.19422,-3.71399,-0.782783
4.16251,-3.73173,-0.781043
4.14027,-3.75786,-0.781188
4.1164,-3.78253,-0.781043
4.09746,-3.81176,-0.781913
4.05455,-3.81852,-0.777997
4.03391,-3.84605,-0.778577
4.02447,-3.88447,-0.781478
3.99844,-3.90702,-0.781043
3.95961,-3.91687,-0.777997
3.95579,-3.96139,-0.782203
3.92793,-3.98207,-0.781478
3.89582,-3.9983,-0.779882
3.87053,-4.02142,-0.779737
3.85124,-4.05083,-0.780898
3.8236,-4.0715,-0.780318
3.7972,-4.09343,-0.780028
3.77536,-4.1203,-0.780753
3.75332,-4.14705,-0.781478
3.73242,-4.17517,-0.782493
3.70739,-4.19873,-0.782638
3.67961,-4.21916,-0.782203
3.66398,-4.25366,-0.784524
3.62242,-4.25797,-0.781043
3.59496,-4.27861,-0.780753
3.57369,-4.30667,-0.781913
3.55096,-4.33311,-0.782783
3.52244,-4.35251,-0.782348
3.49876,-4.37791,-0.783074
3.46876,-4.39541,-0.782348
3.44903,-4.42597,-0.784089
3.43267,-4.46117,-0.7867
3.39146,-4.46403,-0.783364
3.36341,-4.48396,-0.783219
3.327,-4.49259,-0.781043
2.66795,-3.64962,-0.624247
2.67331,-3.70443,-0.631209
0,0,0
3.21347,-4.56965,-0.780463
3.18593,-4.59009,-0.780608
3.14149,-4.58589,-0.776401
3.12216,-4.61819,-0.778722
3.08882,-4.62985,-0.777417
3.04675,-4.62806,-0.773791
3.03339,-4.6699,-0.777852
3.00681,-4.69175,-0.778432
2.97638,-4.70761,-0.777997
2.96682,-4.75684,-0.783364
2.92617,-4.75642,-0.780173
2.90823,-4.79289,-0.783364
2.87266,-4.80045,-0.781623
2.83561,-4.80521,-0.779447
2.80358,-4.81824,-0.778722
2.7784,-4.84308,-0.780028
2.7384,-4.84195,-0.776982
2.73081,-4.89841,-0.783654
2.69212,-4.89947,-0.781043
2.68793,-4.96374,-0.78902
2.64577,-4.95832,-0.785394
2.60286,-4.95082,-0.781478
2.5697,-4.96143,-0.780608
2.54866,-4.99561,-0.783654
2.50774,-4.99082,-0.780318
2.48585,-5.02385,-0.783219
2.45844,-5.04612,-0.784379
2.43813,-5.08341,-0.788005
2.38281,-5.04728,-0.779737
2.3518,-5.0618,-0.779737
2.33427,-5.10583,-0.784524
2.29478,-5.10201,-0.781623
2.26543,-5.12052,-0.782348
2.23753,-5.14249,-0.783654
2.20398,-5.15157,-0.782928
2.17963,-5.18233,-0.785684
2.14968,-5.20018,-0.78641
2.12779,-5.23802,-0.790326
2.0846,-5.22341,-0.785974
2.05432,-5.24071,-0.7867
2.01785,-5.24213,-0.784959
1.99475,-5.27848,-0.78873
1.95785,-5.27856,-0.786845
1.93829,-5.3258,-0.792357
1.9089,-5.34691,-0.793807
1.88162,-5.3744,-0.796273
1.85375,-5.40081,-0.798594
1.82721,-5.43178,-0.80164
1.7957,-5.44853,-0.80251
1.75585,-5.43967,-0.799464
1.7293,-5.47204,-0.8028
1.69482,-5.47971,-0.802365
1.65113,-5.45686,-0.797288
1.62042,-5.47638,-0.798739
1.58294,-5.47291,-0.796708
1.54959,-5.48347,-0.796853
1.51381,-5.48525,-0.795693
1.47781,-5.48584,-0.794387
1.44437,-5.49576,-0.794532
1.4121,-5.51027,-0.795403
1.3773,-5.51499,-0.794822
1.34367,-5.5243,-0.794967
1.31203,-5.54207,-0.796418
1.28022,-5.55965,-0.797868
1.24371,-5.55678,-0.796273
0,0,0
0,0,0
0,0,0
0,0,0
0,0,0
0,0,0
0,0,0
0,0,0
0,0,0
0,0,0
0,0,0
0,0,0
0,0,0
0,0,0
0,0,0
0,0,0
0,0,0
0,0,0
0,0,0
0,0,0
0,0,0
0,0,0
0,0,0
0,0,0
0,0,0
0,0,0
0,0,0
0,0,0
0,0,0
0,0,0
0,0,0
0,0,0
0,0,0
0,0,0
0,0,0
0,0,0
0,0,0
0,0,0
0,0,0
0,0,0
0,0,0
0,0,0
0,0,0
0,0,0
0,0,0
0,0,0
0,0,0
0,0,0
0,0,0
0,0,0
0,0,0
0,0,0
0,0,0
0,0,0
0,0,0
0,0,0
0,0,0
0,0,0
0,0,0
0,0,0
0,0,0
0,0,0
0,0,0
0,0,0
0,0,0
0,0,0
0,0,0
0,0,0
0,0,0
0,0,0
0,0,0
0,0,0
0,0,0
0,0,0
0,0,0
0,0,0
0,0,0
0,0,0
0,0,0
0,0,0
0,0,0
0,0,0
0,0,0
0,0,0
0,0,0
0,0,0
0,0,0
0,0,0
0,0,0
0,0,0
0,0,0
0,0,0
0,0,0
0,0,0
0,0,0
0,0,0
0,0,0
0,0,0
0,0,0
0,0,0
0,0,0
0,0,0
0,0,0
0,0,0
0,0,0
0,0,0
0,0,0
0,0,0
0,0,0
0,0,0
0,0,0
0,0,0
0,0,0
0,0,0
0,0,0
0,0,0
0,0,0
0,0,0
0,0,0
0,0,0
0,0,0
0,0,0
0,0,0
0,0,0
0,0,0
0,0,0
0,0,0
0,0,0
0,0,0
0,0,0
0,0,0
0,0,0
0,0,0
0,0,0
0,0,0
0,0,0
0,0,0
0,0,0
0,0,0
0,0,0
0,0,0
0,0,0
0,0,0
0,0,0
0,0,0
0,0,0
0,0,0
0,0,0
0,0,0
0,0,0
0,0,0
0,0,0
0,0,0
0,0,0
0,0,0
0,0,0
0,0,0
0,0,0
0,0,0
0,0,0
0,0,0
0,0,0
0,0,0
0,0,0
0,0,0
0,0,0
0,0,0
0,0,0
0,0,0
0,0,0
0,0,0
0,0,0
0,0,0
0,0,0
0,0,0
0,0,0
0,0,0
0,0,0
0,0,0
0,0,0
0,0,0
0,0,0
0,0,0
0,0,0
0,0,0
0,0,0
0,0,0
0,0,0
0,0,0
0,0,0
0,0,0
0,0,0
0,0,0
0,0,0
0,0,0
0,0,0
0,0,0
0,0,0
0,0,0
0,0,0
0,0,0
0,0,0
0,0,0
0,0,0
0,0,0
0,0,0
0,0,0
0,0,0
0,0,0
0,0,0
0,0,0
0,0,0
0,0,0
0,0,0
0,0,0
0,0,0
0,0,0
0,0,0
0,0,0
0,0,0
0,0,0
0,0,0
0,0,0
0,0,0
0,0,0
0,0,0
0,0,0
0,0,0
0,0,0
0,0,0
0,0,0
0,0,0
0,0,0
0,0,0
0,0,0
0,0,0
0,0,0
0,0,0
0,0,0
0,0,0
0,0,0
0,0,0
0,0,0
0,0,0
0,0,0
0,0,0
0,0,0
0,0,0
0,0,0
0,0,0
0,0,0
0,0,0
0,0,0
0,0,0
0,0,0
0,0,0
0,0,0
0,0,0
0,0,0
0,0,0
0,0,0
0,0,0
0,0,0
0,0,0
0,0,0
0,0,0
0,0,0
0,0,0
0,0,0
0,0,0
0,0,0
0,0,0
0,0,0
0,0,0
0,0,0
0,0,0
0,0,0
0,0,0
0,0,0
0,0,0
0,0,0
0,0,0
0,0,0
0,0,0
0,0,0
0,0,0
0,0,0
0,0,0
0,0,0
0,0,0
0,0,0
0,0,0
0,0,0
0,0,0
0,0,0
0,0,0
0,0,0
0,0,0
0,0,0
0,0,0
0,0,0
0,0,0
0,0,0
0,0,0
0,0,0
0,0,0
0,0,0
0,0,0
0,0,0
0,0,0
0,0,0
0,0,0
0,0,0
0,0,0
0,0,0
0,0,0
0,0,0
0,0,0
0,0,0
0,0,0
0,0,0
0,0,0
0,0,0
0,0,0
0,0,0
0,0,0
0,0,0
0,0,0
0,0,0
0,0,0
0,0,0
0,0,0
0,0,0
0,0,0
0,0,0
0,0,0
0,0,0
0,0,0
0,0,0
0,0,0
0,0,0
0,0,0
0,0,0
0,0,0
0,0,0
0,0,0
0,0,0
0,0,0
0,0,0
0,0,0
0,0,0
0,0,0
0,0,0
0,0,0
0,0,0
0,0,0
0,0,0
0,0,0
0,0,0
0,0,0
0,0,0
0,0,0
0,0,0
0,0,0
0,0,0
0,0,0
0,0,0
0,0,0
0,0,0
0,0,0
0,0,0
0,0,0
0,0,0
0,0,0
0,0,0
0,0,0
0,0,0
0,0,0
0,0,0
0,0,0
0,0,0
0,0,0
0,0,0
0,0,0
0,0,0
0,0,0
0,0,0
0,0,0
0,0,0
0,0,0
0,0,0
0,0,0
0,0,0
0,0,0
0,0,0
0,0,0
0,0,0
0,0,0
0,0,0
0,0,0
0,0,0
0,0,0
0,0,0
0,0,0
0,0,0
0,0,0
0,0,0
0,0,0
0,0,0
0,0,0
0,0,0
0,0,0
0,0,0
0,0,0
0,0,0
0,0,0
0,0,0
0,0,0
0,0,0
0,0,0
0,0,0
0,0,0
0,0,0
0,0,0
0,0,0
0,0,0
0,0,0
0,0,0
0,0,0
0,0,0
0,0,0
0,0,0
0,0,0
0,0,0
0,0,0
0,0,0
0,0,0
0,0,0
0,0,0
0,0,0
0,0,0
0,0,0
0,0,0
0,0,0
0,0,0
0,0,0
0,0,0
0,0,0
0,0,0
0,0,0
0,0,0
0,0,0
0,0,0
0,0,0
0,0,0
0,0,0
0,0,0
0,0,0
0,0,0
0,0,0
0,0,0
0,0,0
0,0,0
0,0,0
0,0,0
0,0,0
0,0,0
0,0,0
0,0,0
0,0,0
0,0,0
0,0,0
0,0,0
0,0,0
0,0,0
0,0,0
0,0,0
0,0,0
0,0,0
0,0,0
0,0,0
0,0,0
0,0,0
0,0,0
0,0,0
0,0,0
0,0,0
0,0,0
0,0,0
0,0,0
0,0,0
0,0,0
0,0,0
0,0,0
0,0,0
0,0,0
0,0,0
0,0,0
0,0,0
0,0,0
0,0,0
0,0,0
0,0,0
0,0,0
0,0,0
0,0,0
0,0,0
0,0,0
0,0,0
0,0,0
0,0,0
0,0,0
0,0,0
0,0,0
0,0,0
0,0,0
0,0,0
0,0,0
0,0,0
0,0,0
0,0,0
0,0,0
0,0,0
0,0,0
0,0,0
0,0,0
0,0,0
0,0,0
0,0,0
0,0,0
0,0,0
0,0,0
0,0,0
0,0,0
0,0,0
0,0,0
0,0,0
0,0,0
0,0,0
0,0,0
0,0,0
0,0,0
0,0,0
0,0,0
0,0,0
0,0,0
0,0,0
0,0,0
0,0,0
0,0,0
0,0,0
0,0,0
0,0,0
0,0,0
0,0,0
0,0,0
0,0,0
0,0,0
0,0,0
0,0,0
0,0,0
0,0,0
0,0,0
0,0,0
0,0,0
0,0,0
0,0,0
0,0,0
0,0,0
0,0,0
0,0,0
0,0,0
0,0,0
0,0,0
0,0,0
0,0,0
0,0,0
0,0,0
0,0,0
0,0,0
0,0,0
0,0,0
0,0,0
0,0,0
0,0,0
2.0175,5.86107,-0.945288
2.05702,5.85883,-0.947013
2.10492,5.87957,-0.952657
2.14129,5.86747,-0.952814
2.17278,5.84219,-0.950776
2.22154,5.86292,-0.956576
2.26031,5.85654,-0.957831
2.28103,5.80396,-0.951246
2.32871,5.82011,-0.95642
2.37369,5.82858,-0.960339
2.38937,5.76555,-0.95203
2.41933,5.73804,-0.949835
2.4467,5.70494,-0.946699
2.47376,5.67171,-0.943564
2.51653,5.67448,-0.946699
2.54724,5.64993,-0.945132
2.58062,5.6315,-0.944661
2.60846,5.60124,-0.942153
2.63728,5.57352,-0.940115
2.66886,5.55189,-0.939174
2.69681,5.52299,-0.936979
2.72319,5.4913,-0.934314
2.74795,5.45684,-0.931178
2.78992,5.45659,-0.934157
2.81561,5.42446,-0.931492
2.82674,5.36515,-0.923966
2.86008,5.34857,-0.924123
2.88577,5.3179,-0.921771
2.92597,5.31394,-0.92428
2.96479,5.30709,-0.926318
2.99681,5.28794,-0.926161
3.03117,5.27288,-0.926788
3.04754,5.22688,-0.921771
3.069,5.19023,-0.918479
3.10739,5.18231,-0.920517
3.13708,5.15977,-0.91989
3.16661,5.13706,-0.919263
3.20644,5.13093,-0.921771
3.23258,5.10282,-0.920204
3.26383,5.08289,-0.920204
3.29819,5.06773,-0.921144
3.32215,5.03668,-0.919106
3.36287,5.03098,-0.921928
3.37374,4.98082,-0.916284
3.39362,4.94455,-0.913305
3.42671,4.92769,-0.914089
3.44266,4.88639,-0.91017
3.47086,4.86276,-0.909699
3.50642,4.84938,-0.911267
3.52793,4.81662,-0.909072
3.56507,4.80519,-0.91111
3.59568,4.7848,-0.911424
3.61898,4.75479,-0.909856
3.64025,4.72233,-0.907818
3.67645,4.70925,-0.909699
3.70773,4.6897,-0.910327
3.71606,4.64142,-0.905153
3.74696,4.6216,-0.90578
3.78402,4.60921,-0.907975
3.81792,4.59274,-0.909386
3.82567,4.54505,-0.904369
3.86886,4.53953,-0.908132
3.89471,4.51346,-0.907661
3.91583,4.48204,-0.906094
3.94653,4.46163,-0.906877
3.95999,4.42188,-0.903585
4.0043,4.41652,-0.907661
3.99526,4.35258,-0.899195
4.0387,4.34607,-0.903115
4.05514,4.31041,-0.900763
4.06107,4.264,-0.89606
4.11047,4.26317,-0.90139
4.13724,4.23858,-0.901547
4.17497,4.22505,-0.904212
4.18755,4.18609,-0.901233
4.21877,4.16587,-0.902488
4.24143,4.13715,-0.90186
4.24966,4.0946,-0.898098
4.27757,4.07117,-0.898725
4.3111,4.05296,-0.900606
4.31924,4.01098,-0.897
4.33504,3.97639,-0.895119
4.35863,3.94905,-0.894962
4.37836,3.91828,-0.894022
4.40602,3.89461,-0.894805
4.39858,3.84023,-0.888221
4.4273,3.81768,-0.889318
4.44763,3.78788,-0.888691
4.45945,3.75098,-0.886339
4.48238,3.72355,-0.886339
4.47995,3.67531,-0.881166
4.50395,3.64899,-0.881479
4.55171,3.64165,-0.886653
4.55924,3.60202,-0.883674
4.57658,3.57033,-0.882733
4.58119,3.52892,-0.879284
4.59411,3.49417,-0.87756
4.61625,3.46651,-0.877716
4.64458,3.44341,-0.879128
4.65366,3.4061,-0.876776
4.67768,3.3798,-0.877403
4.68064,3.33841,-0.873954
4.70346,3.31134,-0.874424
4.70016,3.26607,-0.869878
4.72745,3.2422,-0.871289
4.72271,3.19652,-0.866585
4.7718,3.18723,-0.872229
4.78302,3.15246,-0.870661
4.8147,3.13113,-0.873013
4.78976,3.07326,-0.864704
4.80352,3.04064,-0.863763
4.82711,3.01425,-0.864704
4.83206,2.97629,-0.862195
4.87049,2.95889,-0.865958
4.87839,2.92286,-0.864077
4.87582,2.88082,-0.860314
4.92669,2.87023,-0.866428
4.94678,2.84142,-0.866899
4.94178,2.79837,-0.862822
4.9554,2.76607,-0.862195
4.95325,2.72514,-0.858746
4.97682,2.69846,-0.86
4.97847,2.65996,-0.857335
5.00868,2.63672,-0.859844
5.00285,2.59457,-0.855924
5.02659,2.56787,-0.857335
5.01843,2.52499,-0.853102
5.04799,2.50117,-0.855611
5.07656,2.47664,-0.857962
5.05248,2.42664,-0.851064
5.09853,2.41036,-0.856551
5.08009,2.36362,-0.85075
5.11246,2.34062,-0.853886
5.12132,2.30678,-0.852945
5.09836,2.25891,-0.846517
5.11121,2.22719,-0.846361
5.12478,2.19579,-0.846361
5.13634,2.16353,-0.846047
5.14313,2.12933,-0.84495
5.15061,2.0955,-0.844009
5.18446,2.07229,-0.847615
5.19341,2.039,-0.846988
5.19568,2.00318,-0.845263
5.20418,1.96987,-0.844636
5.19302,1.9293,-0.840717
5.21126,1.89977,-0.841814
5.22375,1.86809,-0.841971
5.21834,1.83012,-0.839149
5.21079,1.79164,-0.836013
5.23853,1.76531,-0.838835
5.2699,1.73995,-0.842284
5.28705,1.70971,-0.843382
5.25884,1.66501,-0.836954
5.2416,1.62424,-0.832407
5.29211,1.60436,-0.839149
5.25734,1.55867,-0.83178
5.27155,1.52776,-0.832564
5.31314,1.50453,-0.837895
5.27943,1.46006,-0.83084
5.27971,1.42532,-0.829428
5.32465,1.40245,-0.835386
5.3255,1.36779,-0.834132
5.3108,1.32934,-0.830369
5.34572,1.30327,-0.834759
5.38149,1.27706,-0.839306
5.36228,1.2378,-0.834916
5.31002,1.19147,-0.825195
5.36066,1.16833,-0.832251
5.38125,1.13827,-0.834445
5.38814,1.10523,-0.834445
5.38997,1.07119,-0.833662
5.40808,1.04033,-0.835543
5.40563,1.0055,-0.834132
5.43016,0.975635,-0.837111
5.41366,0.938419,-0.833505
5.37256,0.897377,-0.825979
5.42477,0.871915,-0.833505
5.40659,0.834996,-0.829742
5.42725,0.804121,-0.832251
5.41643,0.768586,-0.829742
5.44258,0.738256,-0.833191
5.46464,0.707127,-0.836013
5.44143,0.670205,-0.831623
5.43857,0.636002,-0.830526
5.4355,0.601859,-0.829428
5.48526,0.573318,-0.836797
5.4641,0.537236,-0.832878
5.46828,0.50379,-0.833034
5.47717,0.470735,-0.833975
5.46125,0.435628,-0.830996
5.4717,0.402689,-0.832251
5.44253,0.366984,-0.827234
5.46834,0.33503,-0.830996
5.49396,0.302773,-0.834759
5.47204,0.2679,-0.830996
5.47654,0.234446,-0.831467
5.49466,0.201452,-0.834132
5.4948,0.167703,-0.833975
5.5056,0.134225,-0.835543
5.45892,0.0995792,-0.828017
5.46437,0.0661414,-0.828801
5.47751,0.0326871,-0.83084
5.48057,-0.000923552,-0.83131
5.50614,-0.0347154,-0.835386
5.47225,-0.0680797,-0.830056
5.52702,-0.102687,-0.838835
5.52826,-0.136647,-0.839149
5.53917,-0.170932,-0.84103
5.52716,-0.204514,-0.839306
5.50508,-0.237528,-0.836013
5.50056,-0.271156,-0.835543
5.48203,-0.303971,-0.832878
5.47907,-0.337542,-0.832721
5.48182,-0.371488,-0.833505
5.43315,-0.401691,-0.826136
5.48768,-0.439599,-0.835229
5.46422,-0.471478,-0.831937
5.47892,-0.506635,-0.834759
5.48751,-0.541408,-0.83664
5.44577,-0.571049,-0.830526
5.51284,-0.612308,-0.841814
5.46974,-0.641518,-0.835543
5.45492,-0.673735,-0.833818
5.47321,-0.710117,-0.837424
5.45701,-0.742089,-0.835543
5.50124,-0.782517,-0.843382
5.45726,-0.810451,-0.837111
5.45121,-0.843769,-0.836954
5.3962,-0.869188,-0.828958
5.45603,-0.91321,-0.839462
5.39972,-0.937878,-0.83131
5.4483,-0.980796,-0.840089
5.39946,-1.00624,-0.833191
5.41452,-1.04347,-0.83664
5.40995,-1.07706,-0.836954
5.39744,-1.10904,-0.836013
5.30068,-1.12309,-0.821433
5.29658,-1.15623,-0.821903
5.32889,-1.19758,-0.828331
5.30797,-1.22714,-0.826136
5.33205,-1.26723,-0.83131
5.32514,-1.30016,-0.831467
4.39357,-1.10125,-0.680331
4.37908,-1.12622,-0.679077
4.38641,-1.15684,-0.681429
5.29162,-1.43045,-0.831467
5.25895,-1.4563,-0.827547
5.25562,-1.49016,-0.828488
5.22172,-1.51522,-0.824412
5.22747,-1.55173,-0.82692
5.22919,-1.58722,-0.828801
5.22973,-1.62249,-0.830526
5.20555,-1.65008,-0.828174
5.14647,-1.66616,-0.820022
5.1671,-1.70794,-0.825195
5.13219,-1.7314,-0.821119
5.14295,-1.77026,-0.824725
5.08539,-1.78542,-0.816886
5.05947,-1.81126,-0.814378
5.11598,-1.86699,-0.825823
5.08499,-1.89112,-0.82253
5.07237,-1.92193,-0.822373
5.05403,-1.95053,-0.821276
5.06587,-1.9909,-0.825352
5.03613,-2.01497,-0.822373
5.01636,-2.04285,-0.821119
5.00555,-2.07435,-0.821433
4.97908,-2.09927,-0.819081
4.93888,-2.1181,-0.814378
4.93212,-2.15113,-0.815475
4.95224,-2.19617,-0.821276
4.91256,-2.21474,-0.816729
4.87912,-2.23579,-0.81328
4.8671,-2.26652,-0.813594
4.85221,-2.29592,-0.813437
4.82646,-2.32008,-0.811399
4.83077,-2.35876,-0.814691
4.79851,-2.37958,-0.811556
4.79441,-2.41431,-0.813437
4.76455,-2.43603,-0.810772
4.76442,-2.47296,-0.813437
4.75178,-2.50353,-0.813907
4.70497,-2.51587,-0.808263
4.70854,-2.55505,-0.811712
4.67807,-2.5758,-0.809047
4.64752,-2.59626,-0.806382
4.65298,-2.63691,-0.810301
4.63072,-2.66196,-0.809204
4.59894,-2.68137,-0.806382
4.60026,-2.7201,-0.809674
4.56569,-2.7376,-0.806382
4.53531,-2.75736,-0.803873
4.55193,-2.80587,-0.810145
4.49778,-2.81071,-0.803246
4.49713,-2.84883,-0.806382
4.47957,-2.87637,-0.806382
4.43204,-2.8844,-0.800738
4.40271,-2.90393,-0.798543
4.3725,-2.92266,-0.796191
4.35366,-2.94888,-0.796035
4.37213,-3.00069,-0.80309
4.32445,-3.00716,-0.797446
4.2938,-3.0251,-0.795094
4.28079,-3.05541,-0.796191
4.25556,-3.07699,-0.794937
4.23421,-3.10129,-0.794467
4.2143,-3.12662,-0.79431
4.21636,-3.16844,-0.798543
4.19291,-3.19126,-0.797759
4.17481,-3.21814,-0.798073
4.14798,-3.23822,-0.796662
4.11641,-3.25442,-0.79431
4.10099,-3.28332,-0.795251
4.03551,-3.27173,-0.786001
4.06497,-3.33716,-0.796191
4.02847,-3.34878,-0.792899
4.02976,-3.39188,-0.797446
3.9976,-3.40694,-0.795094
3.98035,-3.43463,-0.795878
3.94284,-3.44469,-0.792429
3.91202,-3.46031,-0.79039
3.92308,-3.51324,-0.797289
3.89048,-3.52729,-0.794937
3.87676,-3.55845,-0.796662
3.85052,-3.57813,-0.795721
3.82058,-3.59425,-0.793996
3.8056,-3.62443,-0.795564
3.75841,-3.62372,-0.790077
3.77002,-3.67983,-0.797602
3.74105,-3.69665,-0.796191
3.70783,-3.70905,-0.79384
3.70235,-3.7493,-0.797759
3.68824,-3.78114,-0.799797
3.65674,-3.79517,-0.797916
3.60752,-3.79034,-0.791958
3.60178,-3.83112,-0.796035
3.56678,-3.84084,-0.793369
3.5625,-3.88376,-0.797916
3.53728,-3.90409,-0.797602
3.5126,-3.92498,-0.797446
3.49107,-3.94942,-0.798073
3.45767,-3.96035,-0.795878
3.43395,-3.98224,-0.796035
3.40241,-3.99496,-0.79431
3.38737,-4.0271,-0.796662
3.35502,-4.03869,-0.79478
3.33707,-4.0676,-0.796505
3.30086,-4.07419,-0.793683
3.29677,-4.12059,-0.799013
3.26469,-4.13221,-0.797289
3.23077,-4.14127,-0.795094
3.18783,-4.13832,-0.790547
3.17852,-4.17903,-0.79478
3.1457,-4.18898,-0.792899
3.12817,-4.21931,-0.795094
0,0,0
2.71641,-3.75942,-0.697577
2.68928,-3.77039,-0.69648
2.89406,-4.11067,-0.759348
2.99276,-4.30679,-0.79384
2.96293,-4.32018,-0.792899
2.94965,-4.35791,-0.796662
2.91024,-4.35704,-0.793056
2.87638,-4.36409,-0.791018
2.85655,-4.39242,-0.793056
2.82101,-4.39657,-0.790547
2.7924,-4.41129,-0.790077
2.78045,-4.45264,-0.794623
2.74686,-4.45952,-0.792742
2.7056,-4.4535,-0.788509
2.70969,-4.52255,-0.798229
2.67687,-4.53059,-0.796662
2.65498,-4.55717,-0.798543
2.61713,-4.55624,-0.795407
2.60908,-4.60745,-0.801835
2.57546,-4.61389,-0.800111
2.53521,-4.60797,-0.796191
2.50547,-4.62083,-0.795721
2.48545,-4.6518,-0.798543
2.45824,-4.66959,-0.799013
2.42818,-4.68195,-0.798543
2.39132,-4.68093,-0.795721
2.38163,-4.73345,-0.802462
2.3486,-4.74001,-0.801051
2.31384,-4.74279,-0.799013
2.29239,-4.77293,-0.801835
2.258,-4.77619,-0.799954
2.2224,-4.77652,-0.797602
2.19634,-4.79725,-0.798857
2.17011,-4.81784,-0.800111
2.13971,-4.82926,-0.799797
2.1128,-4.84864,-0.800895
2.08689,-4.87059,-0.802462
2.05927,-4.88876,-0.803403
2.02697,-4.89583,-0.802462
1.99875,-4.91275,-0.803246
1.95867,-4.90016,-0.799013
1.9329,-4.92312,-0.800895
1.90585,-4.94318,-0.802306
1.87199,-4.94554,-0.800738
1.86121,-5.00971,-0.809674
1.80947,-4.9635,-0.799954
1.78064,-4.97916,-0.800738
1.7664,-5.0366,-0.808577
1.74156,-5.06508,-0.811556
1.71486,-5.08878,-0.813751
1.69413,-5.13109,-0.819081
1.64621,-5.09064,-0.810615
1.60868,-5.08088,-0.807323
1.58098,-5.10197,-0.809204
1.54678,-5.10213,-0.807636
1.52162,-5.13235,-0.811085
1.48653,-5.12926,-0.809047
1.46095,-5.15919,-0.812496
1.42821,-5.16425,-0.811869
1.39187,-5.15575,-0.809047
1.36498,-5.18234,-0.812026
1.32726,-5.16766,-0.808263
1.29553,-5.17571,-0.808263
1.26796,-5.20083,-0.811085
1.23716,-5.21332,-0.811869
1.20493,-5.21985,-0.811712
1.1772,-5.24642,-0.814848
1.14982,-5.27574,-0.818454
1.11661,-5.27883,-0.817827
1.09353,-5.33105,-0.825195
0,0,0
0,0,0
0,0,0
0,0,0
0,0,0
0,0,0
0,0,0
0,0,0
0,0,0
0,0,0
0,0,0
0,0,0
0,0,0
0,0,0
0,0,0
0,0,0
0,0,0
0,0,0
0,0,0
0,0,0
0,0,0
0,0,0
0,0,0
0,0,0
0,0,0
0,0,0
0,0,0
0,0,0
0,0,0
0,0,0
0,0,0
0,0,0
0,0,0
0,0,0
0,0,0
0,0,0
0,0,0
0,0,0
0,0,0
0,0,0
0,0,0
0,0,0
0,0,0
0,0,0
0,0,0
0,0,0
0,0,0
0,0,0
0,0,0
0,0,0
0,0,0
0,0,0
0,0,0
0,0,0
0,0,0
0,0,0
0,0,0
0,0,0
0,0,0
0,0,0
0,0,0
0,0,0
0,0,0
0,0,0
0,0,0
0,0,0
0,0,0
0,0,0
0,0,0
0,0,0
0,0,0
0,0,0
0,0,0
0,0,0
0,0,0
0,0,0
0,0,0
0,0,0
0,0,0
0,0,0
0,0,0
0,0,0
0,0,0
0,0,0
0,0,0
0,0,0
0,0,0
0,0,0
0,0,0
0,0,0
0,0,0
0,0,0
0,0,0
0,0,0
0,0,0
0,0,0
0,0,0
0,0,0
0,0,0
0,0,0
0,0,0
0,0,0
0,0,0
0,0,0
0,0,0
0,0,0
0,0,0
0,0,0
0,0,0
0,0,0
0,0,0
0,0,0
0,0,0
0,0,0
0,0,0
0,0,0
0,0,0
0,0,0
0,0,0
0,0,0
0,0,0
0,0,0
0,0,0
0,0,0
0,0,0
0,0,0
0,0,0
0,0,0
0,0,0
0,0,0
0,0,0
0,0,0
0,0,0
0,0,0
0,0,0
0,0,0
0,0,0
0,0,0
0,0,0
0,0,0
0,0,0
0,0,0
0,0,0
0,0,0
0,0,0
0,0,0
0,0,0
0,0,0
0,0,0
0,0,0
0,0,0
0,0,0
0,0,0
0,0,0
0,0,0
0,0,0
0,0,0
0,0,0
0,0,0
0,0,0
0,0,0
0,0,0
0,0,0
0,0,0
0,0,0
0,0,0
0,0,0
0,0,0
0,0,0
0,0,0
0,0,0
0,0,0
0,0,0
0,0,0
0,0,0
0,0,0
0,0,0
0,0,0
0,0,0
0,0,0
0,0,0
0,0,0
0,0,0
0,0,0
0,0,0
0,0,0
0,0,0
0,0,0
0,0,0
0,0,0
0,0,0
0,0,0
0,0,0
0,0,0
0,0,0
0,0,0
0,0,0
0,0,0
0,0,0
0,0,0
0,0,0
0,0,0
0,0,0
0,0,0
0,0,0
0,0,0
0,0,0
0,0,0
0,0,0
0,0,0
0,0,0
0,0,0
0,0,0
0,0,0
0,0,0
0,0,0
0,0,0
0,0,0
0,0,0
0,0,0
0,0,0
0,0,0
0,0,0
0,0,0
0,0,0
0,0,0
0,0,0
0,0,0
0,0,0
0,0,0
0,0,0
0,0,0
0,0,0
0,0,0
0,0,0
0,0,0
0,0,0
0,0,0
0,0,0
0,0,0
0,0,0
0,0,0
0,0,0
0,0,0
0,0,0
0,0,0
0,0,0
0,0,0
0,0,0
0,0,0
0,0,0
0,0,0
0,0,0
0,0,0
0,0,0
0,0,0
0,0,0
0,0,0
0,0,0
0,0,0
0,0,0
0,0,0
0,0,0
0,0,0
0,0,0
0,0,0
0,0,0
0,0,0
0,0,0
0,0,0
0,0,0
0,0,0
0,0,0
0,0,0
0,0,0
0,0,0
0,0,0
0,0,0
0,0,0
0,0,0
0,0,0
0,0,0
0,0,0
0,0,0
0,0,0
0,0,0
0,0,0
0,0,0
0,0,0
0,0,0
0,0,0
0,0,0
0,0,0
0,0,0
0,0,0
0,0,0
0,0,0
0,0,0
0,0,0
0,0,0
0,0,0
0,0,0
0,0,0
0,0,0
0,0,0
0,0,0
0,0,0
0,0,0
0,0,0
0,0,0
0,0,0
0,0,0
0,0,0
0,0,0
0,0,0
0,0,0
0,0,0
0,0,0
0,0,0
0,0,0
0,0,0
0,0,0
0,0,0
0,0,0
0,0,0
0,0,0
0,0,0
0,0,0
0,0,0
0,0,0
0,0,0
0,0,0
0,0,0
0,0,0
0,0,0
0,0,0
0,0,0
0,0,0
0,0,0
0,0,0
0,0,0
0,0,0
0,0,0
0,0,0
0,0,0
0,0,0
0,0,0
0,0,0
0,0,0
0,0,0
0,0,0
0,0,0
0,0,0
0,0,0
0,0,0
0,0,0
0,0,0
0,0,0
0,0,0
0,0,0
0,0,0
0,0,0
0,0,0
0,0,0
0,0,0
0,0,0
0,0,0
0,0,0
0,0,0
0,0,0
0,0,0
0,0,0
0,0,0
0,0,0
0,0,0
0,0,0
0,0,0
0,0,0
0,0,0
0,0,0
0,0,0
0,0,0
0,0,0
0,0,0
0,0,0
0,0,0
0,0,0
0,0,0
0,0,0
0,0,0
0,0,0
0,0,0
0,0,0
0,0,0
0,0,0
0,0,0
0,0,0
0,0,0
0,0,0
0,0,0
0,0,0
0,0,0
0,0,0
0,0,0
0,0,0
0,0,0
0,0,0
0,0,0
0,0,0
0,0,0
0,0,0
0,0,0
0,0,0
0,0,0
0,0,0
0,0,0
0,0,0
0,0,0
0,0,0
0,0,0
0,0,0
0,0,0
0,0,0
0,0,0
0,0,0
0,0,0
0,0,0
0,0,0
0,0,0
0,0,0
0,0,0
0,0,0
0,0,0
0,0,0
0,0,0
0,0,0
0,0,0
0,0,0
0,0,0
0,0,0
0,0,0
0,0,0
0,0,0
0,0,0
0,0,0
0,0,0
0,0,0
0,0,0
0,0,0
0,0,0
0,0,0
0,0,0
0,0,0
0,0,0
0,0,0
0,0,0
0,0,0
0,0,0
0,0,0
0,0,0
0,0,0
0,0,0
0,0,0
0,0,0
0,0,0
0,0,0
0,0,0
0,0,0
0,0,0
0,0,0
0,0,0
0,0,0
0,0,0
0,0,0
0,0,0
0,0,0
0,0,0
0,0,0
0,0,0
0,0,0
0,0,0
0,0,0
0,0,0
0,0,0
0,0,0
0,0,0
0,0,0
0,0,0
0,0,0
0,0,0
0,0,0
0,0,0
0,0,0
0,0,0
0,0,0
0,0,0
0,0,0
0,0,0
0,0,0
0,0,0
0,0,0
0,0,0
0,0,0
0,0,0
0,0,0
0,0,0
0,0,0
0,0,0
0,0,0
0,0,0
0,0,0
0,0,0
0,0,0
0,0,0
0,0,0
0,0,0
0,0,0
0,0,0
0,0,0
0,0,0
0,0,0
0,0,0
0,0,0
0,0,0
0,0,0
0,0,0
0,0,0
0,0,0
0,0,0
0,0,0
0,0,0
0,0,0
0,0,0
0,0,0
0,0,0
0,0,0
0,0,0
0,0,0
0,0,0
0,0,0
0,0,0
0,0,0
0,0,0
0,0,0
0,0,0
0,0,0
0,0,0
0,0,0
0,0,0
0,0,0
0,0,0
0,0,0
0,0,0
0,0,0
0,0,0
0,0,0
0,0,0
0,0,0
0,0,0
0,0,0
0,0,0
0,0,0
0,0,0
0,0,0
0,0,0
0,0,0
0,0,0
0,0,0
0,0,0
0,0,0
0,0,0
0,0,0
0,0,0
0,0,0
0,0,0
0,0,0
0,0,0
0,0,0
0,0,0
0,0,0
0,0,0
0,0,0
0,0,0
0,0,0
0,0,0
0,0,0
0,0,0
0,0,0
0,0,0
0,0,0
0,0,0
0,0,0
0,0,0
0,0,0
0,0,0
0,0,0
0,0,0
0,0,0
0,0,0
0,0,0
0,0,0
0,0,0
0,0,0
0,0,0
0,0,0
0,0,0
0,0,0
0,0,0
1.68365,5.53281,-0.949684
1.73278,5.57132,-0.958445
1.77141,5.57467,-0.960973
1.81288,5.5862,-0.965017
1.84433,5.56655,-0.9635
1.87151,5.53459,-0.959793
1.89676,5.49784,-0.955244
1.92457,5.46936,-0.952211
1.95177,5.43982,-0.94901
1.97192,5.39163,-0.942439
2.01116,5.39606,-0.945472
2.05367,5.4085,-0.950021
2.06656,5.34339,-0.940417
2.08956,5.30585,-0.935868
2.14078,5.33959,-0.944461
2.18169,5.34643,-0.948168
2.2069,5.31474,-0.944798
2.23678,5.29474,-0.943618
2.26728,5.27639,-0.942776
2.28462,5.22805,-0.936373
2.30826,5.19501,-0.932835
2.35104,5.20501,-0.937384
2.38746,5.20034,-0.939238
2.4164,5.17934,-0.938058
2.46544,5.20094,-0.944966
2.49816,5.18749,-0.945303
2.52778,5.16763,-0.944461
2.54848,5.12996,-0.940249
2.57769,5.10982,-0.939406
2.59911,5.07461,-0.935699
2.61475,5.02882,-0.929971
2.62302,4.96997,-0.921715
2.67673,4.99723,-0.930139
2.68805,4.9452,-0.923231
2.71929,4.93034,-0.923568
2.7466,4.9084,-0.922557
2.76256,4.86659,-0.917671
2.81351,4.88628,-0.924916
2.81562,4.82126,-0.915481
2.84715,4.80728,-0.916155
2.8908,4.81339,-0.920872
2.90696,4.77367,-0.916492
2.92739,4.74148,-0.913627
2.96898,4.74348,-0.917671
2.99644,4.72268,-0.917166
3.02697,4.70669,-0.917671
3.04987,4.67895,-0.915818
3.05734,4.62806,-0.909247
3.09774,4.62724,-0.912953
3.14654,4.63833,-0.919187
3.1582,4.59456,-0.914133
3.17225,4.55488,-0.909921
3.22457,4.56996,-0.917166
3.2365,4.52763,-0.912448
3.27058,4.51647,-0.914301
3.26151,4.44624,-0.903686
3.30577,4.44909,-0.908573
3.31879,4.40982,-0.904529
3.33384,4.37369,-0.901159
3.36724,4.36174,-0.903013
3.39818,4.34643,-0.904192
3.43029,4.33246,-0.905708
3.45743,4.3121,-0.905877
3.49873,4.30917,-0.909921
3.52761,4.29067,-0.910595
3.52928,4.23939,-0.904023
3.55459,4.2169,-0.903855
3.59191,4.20851,-0.906888
3.62411,4.19385,-0.908573
3.65367,4.17599,-0.909584
3.674,4.14758,-0.908236
3.69214,4.11689,-0.906382
3.71269,4.08905,-0.905203
3.72571,4.05313,-0.90217
3.75252,4.03235,-0.902676
3.77922,4.01141,-0.903181
3.80785,3.99242,-0.904192
3.82611,3.9626,-0.902676
3.86688,3.95597,-0.906719
3.88277,3.92376,-0.904697
3.89143,3.88454,-0.900991
3.92852,3.87374,-0.904192
3.93104,3.82892,-0.899137
3.96582,3.81567,-0.901833
3.97201,3.77496,-0.897789
3.99223,3.74782,-0.897115
4.00864,3.71722,-0.895599
4.01757,3.6799,-0.892398
4.03276,3.64857,-0.890713
4.07051,3.63755,-0.894251
4.11418,3.63142,-0.899137
4.12227,3.5938,-0.895936
4.14573,3.56973,-0.896273
4.15855,3.53656,-0.894251
4.16131,3.49512,-0.890039
4.1713,3.46008,-0.887511
4.17872,3.42317,-0.884479
4.19046,3.39003,-0.882457
4.22658,3.37656,-0.885827
4.23406,3.34018,-0.882962
4.26303,3.3208,-0.884816
4.29504,3.3036,-0.887343
4.29797,3.26407,-0.883636
4.32816,3.24532,-0.885827
4.34404,3.21577,-0.884984
4.34936,3.17858,-0.881951
4.36079,3.14607,-0.880266
4.40891,3.13984,-0.886332
4.40633,3.09742,-0.881783
4.40743,3.05796,-0.878076
4.43099,3.0342,-0.879087
4.44136,3.00144,-0.877402
4.44084,2.96154,-0.873527
4.45234,2.9299,-0.872179
4.46775,2.90092,-0.871673
4.478,2.86866,-0.870157
4.45386,2.81479,-0.861733
4.51286,2.8135,-0.870157
4.54683,2.79608,-0.873527
4.54452,2.75637,-0.869652
4.56981,2.7335,-0.871336
4.5814,2.7024,-0.870326
4.59704,2.67374,-0.870157
4.61593,2.64695,-0.870663
4.62093,2.61227,-0.868472
4.62912,2.57955,-0.866956
4.61376,2.53401,-0.86089
4.64483,2.5141,-0.863923
4.68191,2.49716,-0.868135
4.66224,2.45003,-0.861396
4.68769,2.42682,-0.863418
4.68932,2.39129,-0.86089
4.71536,2.36823,-0.863081
4.73687,2.34275,-0.864428
4.75115,2.31364,-0.864428
4.74571,2.27506,-0.860722
4.76047,2.24632,-0.86089
4.76433,2.2125,-0.859037
4.77423,2.18159,-0.858363
4.79382,2.15508,-0.859542
4.79613,2.12084,-0.85752
4.82623,2.09884,-0.860722
4.86167,2.07889,-0.864934
4.84163,2.03526,-0.858868
4.83398,1.99723,-0.855161
4.8151,1.95491,-0.849433
4.80686,1.91729,-0.845726
4.83047,1.89244,-0.847916
4.84475,1.86383,-0.848422
4.84872,1.83128,-0.847074
4.87372,1.80663,-0.849601
4.89027,1.77872,-0.850612
4.88253,1.74205,-0.847242
4.91546,1.71988,-0.851286
4.90913,1.68392,-0.848253
4.91097,1.65094,-0.846737
4.89666,1.61275,-0.842356
4.89896,1.58026,-0.841008
4.90199,1.54809,-0.839829
4.93494,1.52526,-0.844041
4.93382,1.49181,-0.842188
4.95423,1.46487,-0.84421
4.95176,1.43115,-0.842188
4.97183,1.40396,-0.84421
4.9699,1.37054,-0.842356
4.9706,1.33797,-0.841008
4.973,1.30594,-0.839997
4.98474,1.27638,-0.840671
4.98482,1.24386,-0.839324
4.97321,1.20859,-0.835954
4.9882,1.17987,-0.837302
5.00303,1.15101,-0.83865
4.98114,1.11383,-0.833595
4.98596,1.08283,-0.833258
5.01566,1.0571,-0.837302
4.99887,1.02156,-0.833258
5.00118,0.990106,-0.832584
4.98683,0.9555,-0.829046
5.03621,0.932973,-0.836628
5.03311,0.90049,-0.835111
5.04048,0.869926,-0.835448
5.06809,0.842706,-0.839324
5.08387,0.813308,-0.841177
5.0683,0.778949,-0.837639
5.07494,0.748124,-0.837976
5.05601,0.713659,-0.833932
5.04564,0.680643,-0.831405
5.04972,0.64967,-0.831405
5.02328,0.614954,-0.826181
5.04948,0.586742,-0.830057
5.05789,0.556287,-0.830899
5.0916,0.528403,-0.836122
5.06531,0.494273,-0.831068
5.08199,0.464443,-0.833426
5.08573,0.433336,-0.833595
5.08633,0.401966,-0.833258
5.10246,0.371755,-0.835617
5.09973,0.340111,-0.834774
5.1027,0.308873,-0.834943
5.10844,0.277773,-0.835617
5.11399,0.246614,-0.836291
5.15381,0.216855,-0.842862
5.16785,0.185691,-0.845052
5.15805,0.153652,-0.843199
5.12342,0.121153,-0.837133
5.11717,0.0895921,-0.835954
5.10678,0.0580663,-0.8341
5.10409,0.0267145,-0.833595
5.1426,-0.00463012,-0.840166
5.13163,-0.0361106,-0.838313
5.13624,-0.0676608,-0.839155
5.14361,-0.0993253,-0.840503
5.1498,-0.131058,-0.841682
5.1292,-0.162036,-0.838313
5.15273,-0.194429,-0.842525
5.09728,-0.223677,-0.833258
5.09483,-0.2549,-0.833089
5.09218,-0.286102,-0.832921
5.10214,-0.318075,-0.834943
5.10206,-0.349509,-0.83528
5.08999,-0.380077,-0.833595
5.11802,-0.413756,-0.838818
5.10458,-0.444215,-0.836965
5.13218,-0.478356,-0.842188
5.1115,-0.508087,-0.839155
5.11906,-0.540577,-0.841008
5.11663,-0.572086,-0.841177
5.14924,-0.607737,-0.847411
5.11509,-0.63556,-0.842188
5.14433,-0.671263,-0.847916
5.07761,-0.694283,-0.837133
5.12107,-0.732251,-0.845389
5.07748,-0.757848,-0.83865
5.10683,-0.794283,-0.844547
5.06975,-0.820414,-0.838987
5.05976,-0.85069,-0.838144
5.07483,-0.885273,-0.841682
5.07319,-0.917095,-0.842356
5.06843,-0.948387,-0.842525
5.04897,-0.976851,-0.840166
5.03998,-1.00723,-0.83966
5.00281,-1.03177,-0.834269
5.03206,-1.07003,-0.840503
5.02636,-1.1011,-0.840671
5.01086,-1.12997,-0.839155
4.99807,-1.15936,-0.838144
4.98799,-1.18932,-0.837639
4.46357,-1.09339,-0.746654
4.39463,-1.10515,-0.735703
4.38013,-1.13012,-0.734355
4.38837,-1.16101,-0.73705
5.01195,-1.35877,-0.848759
4.96932,-1.38001,-0.842693
4.98636,-1.41775,-0.847242
4.98988,-1.4519,-0.849433
4.9856,-1.48389,-0.850275
4.95094,-1.50671,-0.845726
4.96607,-1.54467,-0.850107
4.9208,-1.56377,-0.843704
4.95237,-1.60732,-0.851118
4.94054,-1.63705,-0.850781
4.9276,-1.66639,-0.850275
4.88933,-1.68696,-0.845221
4.8575,-1.7094,-0.841345
4.84599,-1.73884,-0.841177
4.84449,-1.77193,-0.842862
4.81135,-1.79336,-0.838818
4.79749,-1.8218,-0.838313
4.78806,-1.85192,-0.83865
4.79312,-1.88776,-0.841682
4.76681,-1.91127,-0.838987
4.75408,-1.94011,-0.838818
4.72297,-1.96131,-0.83528
4.70085,-1.98603,-0.833426
4.70579,-2.02223,-0.836628
4.69148,-2.05028,-0.836291
4.68152,-2.08022,-0.836796
4.66867,-2.10891,-0.836796
4.63862,-2.12971,-0.833595
4.62546,-2.15813,-0.833595
4.63262,-2.19618,-0.83747
4.60751,-2.219,-0.83528
4.58495,-2.2429,-0.833595
4.54727,-2.25916,-0.829046
4.5474,-2.29412,-0.831741
4.54465,-2.32782,-0.833932
4.52678,-2.35384,-0.833258
4.51574,-2.38341,-0.833932
4.50451,-2.41293,-0.834606
4.4567,-2.42265,-0.828203
4.46333,-2.46184,-0.832415
4.45933,-2.49544,-0.834606
4.43879,-2.51983,-0.833595
4.41556,-2.5426,-0.832078
4.40753,-2.57412,-0.833595
4.3696,-2.58806,-0.829214
4.36463,-2.62141,-0.831405
4.31562,-2.62816,-0.824833
4.31703,-2.66546,-0.828372
4.2797,-2.67883,-0.824159
4.27567,-2.71296,-0.826687
4.26724,-2.74447,-0.828372
4.23297,-2.7593,-0.824833
4.18717,-2.76621,-0.818936
4.16521,-2.78856,-0.817925
4.15046,-2.81573,-0.818431
4.12255,-2.83388,-0.81624
4.09618,-2.85293,-0.814387
4.0786,-2.87801,-0.814387
4.05284,-2.89725,-0.812702
4.04617,-2.93016,-0.815061
3.99473,-2.93045,-0.807984
3.98142,-2.95843,-0.808995
3.97895,-2.99466,-0.812365
3.94011,-3.00348,-0.807984
3.93878,-3.04085,-0.811691
3.92004,-3.06496,-0.811691
3.89807,-3.08651,-0.811017
3.88214,-3.11284,-0.811691
3.83235,-3.11175,-0.804952
3.8208,-3.14147,-0.806637
3.81054,-3.17242,-0.808658
3.78573,-3.19129,-0.807479
3.76608,-3.21446,-0.807479
3.75076,-3.24137,-0.80849
3.72931,-3.26303,-0.808153
3.69077,-3.26952,-0.803941
3.67505,-3.29605,-0.804952
3.65037,-3.31456,-0.803941
3.63577,-3.34223,-0.805289
3.62963,-3.3779,-0.808658
3.61386,-3.40484,-0.809838
3.59861,-3.43239,-0.811186
3.58954,-3.46605,-0.81405
3.55763,-3.47767,-0.811523
3.54743,-3.51053,-0.814219
3.50005,-3.50642,-0.807984
3.49716,-3.54678,-0.812534
3.48153,-3.57452,-0.81405
3.46295,-3.59937,-0.814893
3.44351,-3.62341,-0.815566
3.42324,-3.64662,-0.816072
3.40013,-3.66684,-0.815903
3.37157,-3.68109,-0.814387
3.35025,-3.70317,-0.814724
3.32483,-3.72072,-0.81405
3.27976,-3.71593,-0.808321
3.28281,-3.7657,-0.815061
3.26222,-3.78876,-0.815735
3.24274,-3.81321,-0.816746
3.22816,-3.8436,-0.819105
3.20074,-3.85878,-0.818094
3.16263,-3.86081,-0.814219
3.14198,-3.88398,-0.815061
3.10824,-3.89086,-0.812365
3.08309,-3.90831,-0.812028
3.05844,-3.92638,-0.81186
3.04331,-3.95679,-0.814387
2.98976,-3.93693,-0.806131
2.95963,-3.94732,-0.804446
2.82858,-3.82123,-0.773781
2.70676,-3.70404,-0.745306
2.6736,-3.7062,-0.742274
2.67083,-3.75063,-0.748171
2.6988,-3.83951,-0.763335
2.80728,-4.04629,-0.80293
2.79688,-4.08458,-0.807311
2.769,-4.09758,-0.806468
2.75256,-4.12761,-0.809164
2.73152,-4.15101,-0.810512
2.70117,-4.16025,-0.808995
2.66282,-4.15683,-0.804952
2.64675,-4.18809,-0.807984
2.62309,-4.2076,-0.808658
2.59619,-4.22193,-0.808321
2.57075,-4.23863,-0.80849
2.55127,-4.26532,-0.81068
2.52705,-4.28429,-0.811354
2.4908,-4.28267,-0.807984
2.47037,-4.30813,-0.810006
2.45408,-4.34123,-0.813545
2.43555,-4.37084,-0.816409
2.40441,-4.37793,-0.814893
2.38455,-4.4056,-0.81742
2.34912,-4.4045,-0.814387
2.31838,-4.41185,-0.813039
2.2967,-4.43649,-0.815061
2.26496,-4.44172,-0.813376
2.24209,-4.46434,-0.815061
2.21378,-4.47625,-0.814724
2.18411,-4.48532,-0.813882
2.16081,-4.50752,-0.815566
2.14195,-4.53941,-0.819105
2.1016,-4.52565,-0.81405
2.06969,-4.5295,-0.812365
2.0459,-4.5511,-0.81405
2.01595,-4.55906,-0.813208
1.98754,-4.57044,-0.813039
1.96838,-4.6034,-0.816914
1.93283,-4.59812,-0.813713
1.91626,-4.63813,-0.818936
1.87478,-4.61784,-0.813039
1.85116,-4.64116,-0.81523
1.81797,-4.6405,-0.813039
1.79406,-4.66353,-0.81523
1.76332,-4.66892,-0.814219
1.73704,-4.68612,-0.815398
1.70961,-4.70039,-0.816072
1.68504,-4.72286,-0.818262
1.66059,-4.74614,-0.820621
1.63272,-4.75997,-0.821295
1.61071,-4.79138,-0.82517
1.56986,-4.76654,-0.818936
1.55603,-4.82392,-0.827529
1.52937,-4.84277,-0.829214
1.50225,-4.86054,-0.830731
1.47725,-4.88571,-0.833595
1.44333,-4.88145,-0.831236
1.4191,-4.9101,-0.834774
1.38091,-4.89025,-0.82972
1.35323,-4.90719,-0.831236
1.31746,-4.89446,-0.827529
1.29341,-4.92533,-0.831573
1.25827,-4.91408,-0.828203
1.22643,-4.91501,-0.827024
1.19555,-4.91957,-0.826518
1.16579,-4.92873,-0.826855
1.13774,-4.9454,-0.82854
1.10845,-4.9571,-0.829383
1.07718,-4.95995,-0.828709
0,0,0
0,0,0
0,0,0
0,0,0
0,0,0
0,0,0
0,0,0
0,0,0
0,0,0
0,0,0
0,0,0
0,0,0
0,0,0
0,0,0
0,0,0
0,0,0
0,0,0
0,0,0
0,0,0
0,0,0
0,0,0
0,0,0
0,0,0
0,0,0
0,0,0
0,0,0
0,0,0
0,0,0
0,0,0
0,0,0
0,0,0
0,0,0
0,0,0
0,0,0
0,0,0
0,0,0
0,0,0
0,0,0
0,0,0
0,0,0
0,0,0
0,0,0
0,0,0
0,0,0
0,0,0
0,0,0
0,0,0
0,0,0
0,0,0
0,0,0
0,0,0
0,0,0
0,0,0
0,0,0
0,0,0
0,0,0
0,0,0
0,0,0
0,0,0
0,0,0
0,0,0
0,0,0
0,0,0
0,0,0
0,0,0
0,0,0
0,0,0
0,0,0
0,0,0
0,0,0
0,0,0
0,0,0
0,0,0
0,0,0
0,0,0
0,0,0
0,0,0
0,0,0
0,0,0
0,0,0
0,0,0
0,0,0
0,0,0
0,0,0
0,0,0
0,0,0
0,0,0
0,0,0
0,0,0
0,0,0
0,0,0
0,0,0
0,0,0
0,0,0
0,0,0
0,0,0
0,0,0
0,0,0
0,0,0
0,0,0
0,0,0
0,0,0
0,0,0
0,0,0
0,0,0
0,0,0
0,0,0
0,0,0
0,0,0
0,0,0
0,0,0
0,0,0
0,0,0
0,0,0
0,0,0
0,0,0
0,0,0
0,0,0
0,0,0
0,0,0
0,0,0
0,0,0
0,0,0
0,0,0
0,0,0
0,0,0
0,0,0
0,0,0
0,0,0
0,0,0
0,0,0
0,0,0
0,0,0
0,0,0
0,0,0
0,0,0
0,0,0
0,0,0
0,0,0
0,0,0
0,0,0
0,0,0
0,0,0
0,0,0
0,0,0
0,0,0
0,0,0
0,0,0
0,0,0
0,0,0
0,0,0
0,0,0
0,0,0
0,0,0
0,0,0
0,0,0
0,0,0
0,0,0
0,0,0
0,0,0
0,0,0
0,0,0
0,0,0
0,0,0
0,0,0
0,0,0
0,0,0
0,0,0
0,0,0
0,0,0
0,0,0
0,0,0
0,0,0
0,0,0
0,0,0
0,0,0
0,0,0
0,0,0
0,0,0
0,0,0
0,0,0
0,0,0
0,0,0
0,0,0
0,0,0
0,0,0
0,0,0
0,0,0
0,0,0
0,0,0
0,0,0
0,0,0
0,0,0
0,0,0
0,0,0
0,0,0
0,0,0
0,0,0
0,0,0
0,0,0
0,0,0
0,0,0
0,0,0
0,0,0
0,0,0
0,0,0
0,0,0
0,0,0
0,0,0
0,0,0
0,0,0
0,0,0
0,0,0
0,0,0
0,0,0
0,0,0
0,0,0
0,0,0
0,0,0
0,0,0
0,0,0
0,0,0
0,0,0
0,0,0
0,0,0
0,0,0
0,0,0
0,0,0
0,0,0
0,0,0
0,0,0
0,0,0
0,0,0
0,0,0
0,0,0
0,0,0
0,0,0
0,0,0
0,0,0
0,0,0
0,0,0
0,0,0
0,0,0
0,0,0
0,0,0
0,0,0
0,0,0
0,0,0
0,0,0
0,0,0
0,0,0
0,0,0
0,0,0
0,0,0
0,0,0
0,0,0
0,0,0
0,0,0
0,0,0
0,0,0
0,0,0
0,0,0
0,0,0
0,0,0
0,0,0
0,0,0
0,0,0
0,0,0
0,0,0
0,0,0
0,0,0
0,0,0
0,0,0
0,0,0
0,0,0
0,0,0
0,0,0
0,0,0
0,0,0
0,0,0
0,0,0
0,0,0
0,0,0
0,0,0
0,0,0
0,0,0
0,0,0
0,0,0
0,0,0
0,0,0
0,0,0
0,0,0
0,0,0
0,0,0
0,0,0
0,0,0
0,0,0
0,0,0
0,0,0
0,0,0
0,0,0
0,0,0
0,0,0
0,0,0
0,0,0
0,0,0
0,0,0
0,0,0
0,0,0
0,0,0
0,0,0
0,0,0
0,0,0
0,0,0
0,0,0
0,0,0
0,0,0
0,0,0
0,0,0
0,0,0
0,0,0
0,0,0
0,0,0
0,0,0
0,0,0
0,0,0
0,0,0
0,0,0
0,0,0
0,0,0
0,0,0
0,0,0
0,0,0
0,0,0
0,0,0
0,0,0
0,0,0
0,0,0
0,0,0
0,0,0
0,0,0
0,0,0
0,0,0
0,0,0
0,0,0
0,0,0
0,0,0
0,0,0
0,0,0
0,0,0
0,0,0
0,0,0
0,0,0
0,0,0
0,0,0
0,0,0
0,0,0
0,0,0
0,0,0
0,0,0
0,0,0
0,0,0
0,0,0
0,0,0
0,0,0
0,0,0
0,0,0
0,0,0
0,0,0
0,0,0
0,0,0
0,0,0
0,0,0
0,0,0
0,0,0
0,0,0
0,0,0
0,0,0
0,0,0
0,0,0
0,0,0
0,0,0
0,0,0
0,0,0
0,0,0
0,0,0
0,0,0
0,0,0
0,0,0
0,0,0
0,0,0
0,0,0
0,0,0
0,0,0
0,0,0
0,0,0
0,0,0
0,0,0
0,0,0
0,0,0
0,0,0
0,0,0
0,0,0
0,0,0
0,0,0
0,0,0
0,0,0
0,0,0
0,0,0
0,0,0
0,0,0
0,0,0
0,0,0
0,0,0
0,0,0
0,0,0
0,0,0
0,0,0
0,0,0
0,0,0
0,0,0
0,0,0
0,0,0
0,0,0
0,0,0
0,0,0
0,0,0
0,0,0
0,0,0
0,0,0
0,0,0
0,0,0
0,0,0
0,0,0
0,0,0
0,0,0
0,0,0
0,0,0
0,0,0
0,0,0
0,0,0
0,0,0
0,0,0
0,0,0
0,0,0
0,0,0
0,0,0
0,0,0
0,0,0
0,0,0
0,0,0
0,0,0
0,0,0
0,0,0
0,0,0
0,0,0
0,0,0
0,0,0
0,0,0
0,0,0
0,0,0
0,0,0
0,0,0
0,0,0
0,0,0
0,0,0
0,0,0
0,0,0
0,0,0
0,0,0
0,0,0
0,0,0
0,0,0
0,0,0
0,0,0
0,0,0
0,0,0
0,0,0
0,0,0
0,0,0
0,0,0
0,0,0
0,0,0
0,0,0
0,0,0
0,0,0
0,0,0
0,0,0
0,0,0
0,0,0
0,0,0
0,0,0
0,0,0
0,0,0
0,0,0
0,0,0
0,0,0
0,0,0
0,0,0
0,0,0
0,0,0
0,0,0
0,0,0
0,0,0
0,0,0
0,0,0
0,0,0
0,0,0
0,0,0
0,0,0
0,0,0
0,0,0
0,0,0
0,0,0
0,0,0
0,0,0
0,0,0
0,0,0
0,0,0
0,0,0
0,0,0
0,0,0
0,0,0
0,0,0
0,0,0
0,0,0
0,0,0
0,0,0
0,0,0
0,0,0
0,0,0
0,0,0
0,0,0
0,0,0
0,0,0
0,0,0
0,0,0
0,0,0
0,0,0
0,0,0
0,0,0
0,0,0
0,0,0
0,0,0
0,0,0
0,0,0
0,0,0
0,0,0
0,0,0
0,0,0
0,0,0
0,0,0
0,0,0
0,0,0
0,0,0
0,0,0
0,0,0
0,0,0
0,0,0
0,0,0
0,0,0
0,0,0
0,0,0
0,0,0
0,0,0
0,0,0
0,0,0
0,0,0
0,0,0
0,0,0
0,0,0
0,0,0
0,0,0
0,0,0
0,0,0
0,0,0
0,0,0
0,0,0
0,0,0
0,0,0
0,0,0
0,0,0
1.65405,4.99826,-0.924357
1.69476,5.01784,-0.930117
1.73546,5.03617,-0.935697
1.76698,5.02729,-0.936057
1.80045,5.02376,-0.937497
1.84238,5.0431,-0.943437
1.86608,5.01235,-0.939657
1.90238,5.01552,-0.942537
1.93099,4.99824,-0.941457
1.95622,4.97257,-0.938757
1.98779,4.96321,-0.939297
2.01598,4.94546,-0.938217
2.03913,4.91573,-0.934797
2.07193,4.90947,-0.936057
2.09852,4.88853,-0.934437
2.12336,4.86384,-0.932097
2.15636,4.85792,-0.933537
2.18774,4.84818,-0.934257
2.22483,4.85076,-0.937497
2.24957,4.82632,-0.935337
2.2484,4.74753,-0.922197
2.28943,4.75846,-0.927237
2.34839,4.8053,-0.939657
2.35902,4.75292,-0.931917
2.38858,4.73923,-0.932097
2.42344,4.73587,-0.934437
2.42343,4.66505,-0.922917
2.44008,4.62747,-0.918237
2.4805,4.63495,-0.922917
2.52344,4.64644,-0.928497
2.51677,4.56712,-0.915177
2.58459,4.62285,-0.930117
2.61825,4.61632,-0.932097
2.62935,4.57033,-0.925797
2.6509,4.54306,-0.923457
2.6672,4.50724,-0.919317
2.6857,4.47561,-0.916077
2.71106,4.45569,-0.915357
2.75333,4.46324,-0.920577
2.78171,4.44793,-0.920937
2.7863,4.39506,-0.913197
2.81587,4.38202,-0.914097
2.81049,4.3152,-0.903296
2.87594,4.35698,-0.916257
2.89715,4.33108,-0.914457
2.91318,4.29775,-0.911037
2.94395,4.28628,-0.912477
2.97188,4.27056,-0.913017
2.98613,4.23536,-0.909237
3.0172,4.22416,-0.910857
3.00327,4.15059,-0.898436
3.02054,4.12097,-0.895916
3.07627,4.14343,-0.905276
3.10518,4.12919,-0.906357
3.10185,4.0725,-0.897716
3.14,4.07053,-0.901676
3.17218,4.06048,-0.903836
3.19887,4.04326,-0.904376
3.21623,4.01434,-0.902216
3.21229,3.9594,-0.893936
3.25214,3.95861,-0.898436
3.25309,3.9106,-0.891776
3.27005,3.8823,-0.889796
3.34871,3.92652,-0.905276
3.35602,3.88654,-0.900596
3.35456,3.837,-0.893576
3.36434,3.80088,-0.889796
3.42109,3.81752,-0.898976
3.45039,3.80301,-0.900596
3.45969,3.76656,-0.896816
3.47269,3.73445,-0.894116
3.49554,3.71307,-0.894116
3.53386,3.70793,-0.898256
3.54289,3.67202,-0.894656
3.57566,3.66077,-0.897356
3.58353,3.62407,-0.893576
3.62032,3.61661,-0.897356
3.64874,3.60055,-0.898976
3.66442,3.57192,-0.897356
3.65084,3.51525,-0.888356
3.65167,3.47313,-0.883136
3.7231,3.4978,-0.895736
3.74665,3.4769,-0.896276
3.76864,3.45451,-0.896456
3.79487,3.43594,-0.897716
3.80562,3.40341,-0.895196
3.808,3.36371,-0.890696
3.81745,3.33059,-0.887996
3.84154,3.31031,-0.888896
3.80259,3.23632,-0.874676
3.86304,3.2471,-0.884396
3.8564,3.20135,-0.878096
3.87749,3.17887,-0.878456
3.91298,3.16802,-0.882236
3.9431,3.15254,-0.884756
3.96778,3.13256,-0.886016
3.97994,3.10271,-0.884396
4.00358,3.08183,-0.885476
3.99735,3.03816,-0.879716
4.00097,3.00236,-0.876296
3.9964,2.96078,-0.871076
4.01608,2.93736,-0.871436
3.99414,2.88387,-0.862436
4.05983,2.89356,-0.873236
4.10084,2.88501,-0.878456
4.11766,2.85923,-0.878276
4.14648,2.8417,-0.880796
4.16058,2.814,-0.880076
4.18186,2.79115,-0.880976
4.15044,2.73352,-0.870356
4.19105,2.72354,-0.875576
4.1787,2.67919,-0.869276
4.22167,2.67033,-0.875036
4.23213,2.64073,-0.873776
4.23652,2.60749,-0.871256
4.26674,2.59013,-0.874316
4.27158,2.55733,-0.871976
4.28634,2.53057,-0.871796
4.29499,2.50027,-0.870356
4.31281,2.47533,-0.870896
4.3185,2.4435,-0.868916
4.33083,2.41551,-0.868376
4.33264,2.38179,-0.865676
4.35496,2.35938,-0.867296
4.36675,2.33122,-0.866756
4.40187,2.31537,-0.871076
4.40289,2.28153,-0.868376
4.44046,2.26654,-0.873236
4.40507,2.21452,-0.863155
4.44678,2.20141,-0.868916
4.416,2.15254,-0.859915
4.47258,2.14625,-0.868736
4.42785,2.09146,-0.857035
4.45933,2.07296,-0.860815
4.4335,2.02797,-0.853075
4.47905,2.01566,-0.859735
4.50482,1.99411,-0.862436
4.44572,1.93542,-0.848215
4.48012,1.91778,-0.852715
4.50994,1.89788,-0.856315
4.47332,1.85025,-0.846775
4.50373,1.83055,-0.850555
4.52492,1.80689,-0.852535
4.57256,1.79346,-0.859735
4.57062,1.76042,-0.857215
4.56386,1.72573,-0.853795
4.56606,1.69462,-0.852175
4.58931,1.67128,-0.854695
4.59207,1.64044,-0.853255
4.61319,1.61613,-0.855415
4.54487,1.56096,-0.840295
4.63827,1.56128,-0.856495
4.59545,1.51555,-0.846415
4.59717,1.4849,-0.844975
4.6212,1.46141,-0.847855
4.60659,1.42576,-0.843355
4.57571,1.3855,-0.835795
4.65109,1.37722,-0.848575
4.63111,1.34045,-0.843175
4.64208,1.31281,-0.843715
4.66048,1.28719,-0.845695
4.66544,1.2578,-0.845155
4.64739,1.22239,-0.840295
4.64622,1.19166,-0.838675
4.68399,1.17076,-0.844435
4.68917,1.14153,-0.844075
4.68173,1.10933,-0.841375
4.71049,1.08567,-0.845515
4.68827,1.05029,-0.840115
4.67636,1.01753,-0.836695
4.67193,0.986587,-0.834715
4.67115,0.956521,-0.833455
4.67983,0.928415,-0.833995
4.70959,0.904318,-0.838495
4.72182,0.87666,-0.839755
4.7213,0.84663,-0.838675
4.73997,0.819991,-0.841195
4.77403,0.795741,-0.846595
4.75745,0.763008,-0.842635
4.76399,0.734102,-0.842995
4.71002,0.696231,-0.832195
4.73757,0.670625,-0.836515
4.74355,0.641807,-0.836875
4.73472,0.611053,-0.834535
4.75302,0.583787,-0.837235
4.76238,0.555295,-0.838315
4.75885,0.525309,-0.837055
4.76394,0.496303,-0.837415
4.78941,0.469267,-0.841555
4.78143,0.438882,-0.839575
4.75071,0.406686,-0.833455
4.74723,0.377062,-0.832375
4.75043,0.347998,-0.832555
4.74365,0.318251,-0.830935
4.78773,0.291708,-0.838675
4.76193,0.260821,-0.833635
4.75263,0.231073,-0.831655
4.79229,0.203532,-0.838675
4.76199,0.172983,-0.832915
4.78853,0.14453,-0.837595
4.75687,0.114368,-0.831655
4.78305,0.0856342,-0.836335
4.76775,0.0561004,-0.833455
4.76112,0.0268068,-0.832195
4.79071,-0.00242475,-0.837595
4.74634,-0.0315222,-0.829495
4.79523,-0.0612771,-0.838495
4.75248,-0.0898955,-0.830755
4.79117,-0.120043,-0.837955
4.76576,-0.14867,-0.833455
4.80506,-0.179418,-0.840835
4.78323,-0.207999,-0.837055
4.79169,-0.237833,-0.838855
4.78425,-0.2669,-0.837775
4.79921,-0.297286,-0.840835
4.79632,-0.326661,-0.840655
4.79815,-0.356376,-0.841375
4.79587,-0.38581,-0.841375
4.79439,-0.415315,-0.841555
4.77902,-0.443542,-0.839215
4.7997,-0.475185,-0.843535
4.79278,-0.504215,-0.842815
4.80329,-0.535139,-0.845335
4.74813,-0.558507,-0.835795
4.76707,-0.590413,-0.839935
4.77019,-0.620541,-0.841195
4.69514,-0.640093,-0.828055
4.76903,-0.680004,-0.842455
4.76282,-0.708964,-0.842095
4.76421,-0.73908,-0.843175
4.77027,-0.770024,-0.845155
4.76449,-0.799116,-0.844975
4.76531,-0.829348,-0.846055
4.7611,-0.858746,-0.846235
4.76251,-0.889208,-0.847495
4.75406,-0.917854,-0.846955
4.73291,-0.943927,-0.844075
4.70872,-0.969181,-0.840655
4.62186,-0.980894,-0.825535
4.6196,-1.01008,-0.826255
4.61907,-1.0397,-0.827335
4.69023,-1.086,-0.841915
4.64903,-1.10656,-0.835435
4.4071,-1.07757,-0.791154
4.38132,-1.0998,-0.787554
4.36687,-1.1247,-0.786114
4.36749,-1.15348,-0.787554
4.49231,-1.21599,-0.812574
4.64211,-1.28718,-0.842455
4.67387,-1.32692,-0.850015
4.69492,-1.36409,-0.855595
4.64309,-1.37997,-0.847315
4.6496,-1.41302,-0.850195
4.60044,-1.42897,-0.842455
4.58972,-1.45657,-0.842095
4.56759,-1.48046,-0.839575
4.55469,-1.50722,-0.838855
4.55281,-1.53766,-0.840295
4.60745,-1.58768,-0.852715
4.56515,-1.60451,-0.846415
4.5654,-1.63614,-0.848395
4.52571,-1.65332,-0.842635
4.61688,-1.71882,-0.862436
4.57958,-1.73699,-0.857215
4.5358,-1.7523,-0.850735
4.52588,-1.78045,-0.850915
4.54135,-1.8188,-0.856135
4.50733,-1.83735,-0.851635
4.47235,-1.85517,-0.846955
4.4482,-1.87722,-0.844435
4.461,-1.91495,-0.849295
4.42843,-1.93324,-0.845155
4.43087,-1.96676,-0.848035
4.40437,-1.98743,-0.845155
4.38584,-2.01155,-0.843895
4.37431,-2.03884,-0.844075
4.37949,-2.07406,-0.847675
4.40125,-2.11753,-0.854695
4.40055,-2.15055,-0.857215
4.38727,-2.17751,-0.857215
4.38612,-2.21058,-0.859735
4.30768,-2.20429,-0.846415
4.33335,-2.25109,-0.854515
4.30641,-2.27075,-0.851815
4.29846,-2.30038,-0.853075
4.29032,-2.33,-0.854335
4.27853,-2.35771,-0.854875
4.26827,-2.38632,-0.855775
4.239,-2.40421,-0.852715
4.19689,-2.41448,-0.846955
4.18794,-2.44365,-0.848215
4.13054,-2.44425,-0.839215
4.12306,-2.47411,-0.840835
4.10444,-2.49731,-0.840115
4.11667,-2.5395,-0.846055
4.04346,-2.52871,-0.833635
4.00461,-2.53873,-0.828595
3.98896,-2.56325,-0.828595
3.99129,-2.59949,-0.832555
3.95392,-2.60984,-0.827875
3.97299,-2.65757,-0.835615
3.94358,-2.67307,-0.832735
3.89548,-2.67549,-0.825715
3.86284,-2.68811,-0.822115
3.86557,-2.72536,-0.826435
3.84877,-2.74903,-0.826435
3.85096,-2.78644,-0.830755
3.82189,-2.80129,-0.828055
3.78568,-2.81061,-0.823735
3.76521,-2.83142,-0.823015
3.76499,-2.86759,-0.826975
3.71617,-2.8666,-0.819775
3.70393,-2.89359,-0.821035
3.69074,-2.91992,-0.822115
3.68273,-2.95051,-0.824455
3.63171,-2.9464,-0.816714
3.62193,-2.9755,-0.818694
3.62402,-3.01465,-0.823555
3.57461,-3.01085,-0.816174
3.56505,-3.04038,-0.818334
3.55079,-3.06606,-0.819414
3.5408,-3.09556,-0.821575
3.48565,-3.08528,-0.812754
3.46079,-3.10135,-0.811314
3.46573,-3.14434,-0.817254
3.44348,-3.16289,-0.816534
3.40888,-3.16989,-0.812754
3.39295,-3.19412,-0.813654
3.40461,-3.24474,-0.821575
3.36128,-3.24303,-0.815634
3.3568,-3.27871,-0.819595
3.29605,-3.25913,-0.809154
3.28294,-3.28625,-0.810954
3.28897,-3.33294,-0.817794
3.27944,-3.36433,-0.820675
3.26488,-3.39077,-0.822295
3.23927,-3.40575,-0.821035
3.17925,-3.38398,-0.810594
3.18385,-3.43082,-0.817434
3.17802,-3.46697,-0.821575
3.12632,-3.45286,-0.813294
3.1018,-3.46831,-0.812394
3.05832,-3.46221,-0.806274
3.06094,-3.50834,-0.812934
3.03551,-3.52258,-0.811854
3.00874,-3.53515,-0.810414
2.99395,-3.56183,-0.812394
2.97392,-3.5824,-0.812934
2.94877,-3.59678,-0.812034
2.92602,-3.61404,-0.811854
2.90625,-3.635,-0.812574
2.88084,-3.6489,-0.811674
2.84812,-3.65332,-0.808614
2.85565,-3.7097,-0.817614
2.8245,-3.71619,-0.815094
2.76091,-3.67916,-0.802674
2.72306,-3.67548,-0.797994
2.69349,-3.68259,-0.795834
2.66681,-3.69347,-0.794574
2.65266,-3.72178,-0.797274
2.63827,-3.75005,-0.799974
2.62026,-3.77344,-0.801594
2.61929,-3.8219,-0.808794
2.60075,-3.84524,-0.810414
2.59294,-3.88485,-0.815634
2.57447,-3.9089,-0.817434
2.55151,-3.92628,-0.817794
2.52843,-3.94351,-0.818154
2.50418,-3.95895,-0.818154
2.4762,-3.9684,-0.816894
2.45593,-3.99022,-0.818334
2.43497,-4.0111,-0.819595
2.39718,-4.00403,-0.814914
2.36256,-4.00172,-0.811314
2.34588,-4.02974,-0.814194
2.32209,-4.04576,-0.814554
2.2856,-4.03939,-0.810234
2.28233,-4.092,-0.818334
2.25292,-4.09817,-0.816714
2.23335,-4.12229,-0.818874
2.21635,-4.15154,-0.822115
2.18809,-4.15984,-0.821035
2.15664,-4.16183,-0.818694
2.12659,-4.16622,-0.816894
2.10982,-4.19677,-0.820495
2.07312,-4.1876,-0.815994
2.05041,-4.20643,-0.817254
2.04583,-4.26327,-0.826255
2.00787,-4.25084,-0.821215
1.99253,-4.28627,-0.825895
1.96006,-4.285,-0.823195
1.92404,-4.27542,-0.818874
1.91609,-4.32852,-0.827155
1.89145,-4.34471,-0.828055
1.85702,-4.33814,-0.824455
1.81625,-4.31591,-0.817794
1.80515,-4.36424,-0.825175
1.77167,-4.35883,-0.821935
1.74307,-4.36505,-0.821035
1.72271,-4.39215,-0.824275
1.69785,-4.40814,-0.825355
1.68016,-4.44332,-0.830215
1.64089,-4.42127,-0.823915
1.62618,-4.46546,-0.830575
1.59545,-4.46609,-0.828775
1.57061,-4.48322,-0.830215
1.54308,-4.49277,-0.830215
1.51956,-4.51427,-0.832555
1.49183,-4.52351,-0.832555
1.46102,-4.52322,-0.830755
1.4196,-4.48896,-0.822475
1.4057,-4.54175,-0.830935
1.37381,-4.53711,-0.828415
1.34846,-4.55394,-0.830035
1.32706,-4.58481,-0.834355
1.29141,-4.56636,-0.829315
1.27619,-4.62066,-0.838135
1.24653,-4.62365,-0.837235
1.21464,-4.6179,-0.834715
1.18213,-4.60906,-0.831655
1.15192,-4.6086,-0.830215
1.12246,-4.6108,-0.829315
1.0946,-4.61951,-0.829675
1.06888,-4.63764,-0.831835
1.04771,-4.67675,-0.837955
1.02297,-4.70136,-0.841375
0.999183,-4.73161,-0.845875
0,0,0
0,0,0
0,0,0
0,0,0
0,0,0
0,0,0
0,0,0
0,0,0
0,0,0
0,0,0
0,0,0
0,0,0
0,0,0
0,0,0
0,0,0
0,0,0
0,0,0
0,0,0
0,0,0
0,0,0
0,0,0
0,0,0
0,0,0
0,0,0
0,0,0
0,0,0
0,0,0
0,0,0
0,0,0
0,0,0
0,0,0
0,0,0
0,0,0
0,0,0
0,0,0
0,0,0
0,0,0
0,0,0
0,0,0
0,0,0
0,0,0
0,0,0
0,0,0
0,0,0
0,0,0
0,0,0
0,0,0
0,0,0
0,0,0
0,0,0
0,0,0
0,0,0
0,0,0
0,0,0
0,0,0
0,0,0
0,0,0
0,0,0
0,0,0
0,0,0
0,0,0
0,0,0
0,0,0
0,0,0
0,0,0
0,0,0
0,0,0
0,0,0
0,0,0
0,0,0
0,0,0
0,0,0
0,0,0
0,0,0
0,0,0
0,0,0
0,0,0
0,0,0
0,0,0
0,0,0
0,0,0
0,0,0
0,0,0
0,0,0
0,0,0
0,0,0
0,0,0
0,0,0
0,0,0
0,0,0
0,0,0
0,0,0
0,0,0
0,0,0
0,0,0
0,0,0
0,0,0
0,0,0
0,0,0
0,0,0
0,0,0
0,0,0
0,0,0
0,0,0
0,0,0
0,0,0
0,0,0
0,0,0
0,0,0
0,0,0
0,0,0
0,0,0
0,0,0
0,0,0
0,0,0
0,0,0
0,0,0
0,0,0
0,0,0
0,0,0
0,0,0
0,0,0
0,0,0
0,0,0
0,0,0
0,0,0
0,0,0
0,0,0
0,0,0
0,0,0
0,0,0
0,0,0
0,0,0
0,0,0
0,0,0
0,0,0
0,0,0
0,0,0
0,0,0
0,0,0
0,0,0
0,0,0
0,0,0
0,0,0
0,0,0
0,0,0
0,0,0
0,0,0
0,0,0
0,0,0
0,0,0
0,0,0
0,0,0
0,0,0
0,0,0
0,0,0
0,0,0
0,0,0
0,0,0
0,0,0
0,0,0
0,0,0
0,0,0
0,0,0
0,0,0
0,0,0
0,0,0
0,0,0
0,0,0
0,0,0
0,0,0
0,0,0
0,0,0
0,0,0
0,0,0
0,0,0
0,0,0
0,0,0
0,0,0
0,0,0
0,0,0
0,0,0
0,0,0
0,0,0
0,0,0
0,0,0
0,0,0
0,0,0
0,0,0
0,0,0
0,0,0
0,0,0
0,0,0
0,0,0
0,0,0
0,0,0
0,0,0
0,0,0
0,0,0
0,0,0
0,0,0
0,0,0
0,0,0
0,0,0
0,0,0
0,0,0
0,0,0
0,0,0
0,0,0
0,0,0
0,0,0
0,0,0
0,0,0
0,0,0
0,0,0
0,0,0
0,0,0
0,0,0
0,0,0
0,0,0
0,0,0
0,0,0
0,0,0
0,0,0
0,0,0
0,0,0
0,0,0
0,0,0
0,0,0
0,0,0
0,0,0
0,0,0
0,0,0
0,0,0
0,0,0
0,0,0
0,0,0
0,0,0
0,0,0
0,0,0
0,0,0
0,0,0
0,0,0
0,0,0
0,0,0
0,0,0
0,0,0
0,0,0
0,0,0
0,0,0
0,0,0
0,0,0
0,0,0
0,0,0
0,0,0
0,0,0
0,0,0
0,0,0
0,0,0
0,0,0
0,0,0
0,0,0
0,0,0
0,0,0
0,0,0
0,0,0
0,0,0
0,0,0
0,0,0
0,0,0
0,0,0
0,0,0
0,0,0
0,0,0
0,0,0
0,0,0
0,0,0
0,0,0
0,0,0
0,0,0
0,0,0
0,0,0
0,0,0
0,0,0
0,0,0
0,0,0
0,0,0
0,0,0
0,0,0
0,0,0
0,0,0
0,0,0
0,0,0
0,0,0
0,0,0
0,0,0
0,0,0
0,0,0
0,0,0
0,0,0
0,0,0
0,0,0
0,0,0
0,0,0
0,0,0
0,0,0
0,0,0
0,0,0
0,0,0
0,0,0
0,0,0
0,0,0
0,0,0
0,0,0
0,0,0
0,0,0
0,0,0
0,0,0
0,0,0
0,0,0
0,0,0
0,0,0
0,0,0
0,0,0
0,0,0
0,0,0
0,0,0
0,0,0
0,0,0
0,0,0
0,0,0
0,0,0
0,0,0
0,0,0
0,0,0
0,0,0
0,0,0
0,0,0
0,0,0
0,0,0
0,0,0
0,0,0
0,0,0
0,0,0
0,0,0
0,0,0
0,0,0
0,0,0
0,0,0
0,0,0
0,0,0
0,0,0
0,0,0
0,0,0
0,0,0
0,0,0
0,0,0
0,0,0
0,0,0
0,0,0
0,0,0
0,0,0
0,0,0
0,0,0
0,0,0
0,0,0
0,0,0
0,0,0
0,0,0
0,0,0
0,0,0
0,0,0
0,0,0
0,0,0
0,0,0
0,0,0
0,0,0
0,0,0
0,0,0
0,0,0
0,0,0
0,0,0
0,0,0
0,0,0
0,0,0
0,0,0
0,0,0
0,0,0
0,0,0
0,0,0
0,0,0
0,0,0
0,0,0
0,0,0
0,0,0
0,0,0
0,0,0
0,0,0
0,0,0
0,0,0
0,0,0
0,0,0
0,0,0
0,0,0
0,0,0
0,0,0
0,0,0
0,0,0
0,0,0
0,0,0
0,0,0
0,0,0
0,0,0
0,0,0
0,0,0
0,0,0
0,0,0
0,0,0
0,0,0
0,0,0
0,0,0
0,0,0
0,0,0
0,0,0
0,0,0
0,0,0
0,0,0
0,0,0
0,0,0
0,0,0
0,0,0
0,0,0
0,0,0
0,0,0
0,0,0
0,0,0
0,0,0
0,0,0
0,0,0
0,0,0
0,0,0
0,0,0
0,0,0
0,0,0
0,0,0
0,0,0
0,0,0
0,0,0
0,0,0
0,0,0
0,0,0
0,0,0
0,0,0
0,0,0
0,0,0
0,0,0
0,0,0
0,0,0
0,0,0
0,0,0
0,0,0
0,0,0
0,0,0
0,0,0
0,0,0
0,0,0
0,0,0
0,0,0
0,0,0
0,0,0
0,0,0
0,0,0
0,0,0
0,0,0
0,0,0
0,0,0
0,0,0
0,0,0
0,0,0
0,0,0
0,0,0
0,0,0
0,0,0
0,0,0
0,0,0
0,0,0
0,0,0
0,0,0
0,0,0
0,0,0
0,0,0
0,0,0
0,0,0
0,0,0
0,0,0
0,0,0
0,0,0
0,0,0
0,0,0
0,0,0
0,0,0
0,0,0
0,0,0
0,0,0
0,0,0
0,0,0
0,0,0
0,0,0
0,0,0
0,0,0
0,0,0
0,0,0
0,0,0
0,0,0
0,0,0
0,0,0
0,0,0
0,0,0
0,0,0
0,0,0
0,0,0
0,0,0
0,0,0
0,0,0
0,0,0
0,0,0
0,0,0
0,0,0
0,0,0
0,0,0
0,0,0
0,0,0
0,0,0
0,0,0
0,0,0
0,0,0
0,0,0
0,0,0
0,0,0
0,0,0
0,0,0
0,0,0
0,0,0
0,0,0
0,0,0
0,0,0
0,0,0
0,0,0
0,0,0
0,0,0
0,0,0
0,0,0
0,0,0
0,0,0
0,0,0
0,0,0
0,0,0
0,0,0
0,0,0
0,0,0
0,0,0
0,0,0
0,0,0
0,0,0
0,0,0
0,0,0
0,0,0
0,0,0
0,0,0
0,0,0
0,0,0
0,0,0
0,0,0
0,0,0
0,0,0
0,0,0
0,0,0
0,0,0
0,0,0
0,0,0
0,0,0
0,0,0
0,0,0
0,0,0
0,0,0
0,0,0
0,0,0
0,0,0
0,0,0
0,0,0
0,0,0
0,0,0
0,0,0
0,0,0
0,0,0
0,0,0
0,0,0
0,0,0
0,0,0
0,0,0
0,0,0
0,0,0
0,0,0
0,0,0
0,0,0
0,0,0
0,0,0
0,0,0
0,0,0
1.47022,4.83093,-0.947788
1.50508,4.83868,-0.951241
1.52939,4.81252,-0.947788
1.56252,4.81425,-0.95009
1.59296,4.80737,-0.950666
1.61771,4.78356,-0.947788
1.64831,4.77725,-0.948556
1.67532,4.76057,-0.947213
1.70383,4.74835,-0.946829
1.72755,4.72306,-0.94376
1.74964,4.69397,-0.939923
1.77841,4.68315,-0.939923
1.8057,4.66849,-0.939156
1.82748,4.63997,-0.935511
1.85993,4.63869,-0.937621
1.88651,4.62265,-0.936662
1.91897,4.62095,-0.938772
1.945,4.60367,-0.937621
1.97205,4.58894,-0.937046
2.00724,4.59294,-0.940499
2.03498,4.57964,-0.940307
2.06385,4.56886,-0.94069
2.09758,4.5686,-0.943376
2.11562,4.5343,-0.938772
2.14088,4.51591,-0.937621
2.1711,4.50799,-0.938772
2.20044,4.49811,-0.939539
2.22364,4.47574,-0.937621
2.25592,4.47165,-0.939731
2.26408,4.42016,-0.931482
2.29207,4.40792,-0.931866
2.30808,4.37294,-0.927262
2.34599,4.37946,-0.931866
2.37188,4.36326,-0.931482
2.38534,4.32456,-0.926111
2.41566,4.31669,-0.927646
2.43871,4.29582,-0.926303
2.46307,4.27737,-0.925535
2.49372,4.2698,-0.927262
2.51237,4.24175,-0.924384
2.53785,4.22542,-0.924192
2.56117,4.20557,-0.923233
2.58693,4.18978,-0.923233
2.61728,4.18132,-0.92496
2.6371,4.15606,-0.92285
2.65937,4.13485,-0.921699
2.68469,4.11845,-0.921699
2.70829,4.09945,-0.921123
2.72902,4.07623,-0.919588
2.75013,4.05372,-0.918246
2.76661,4.02463,-0.915368
2.78733,4.00194,-0.914025
2.80108,3.96953,-0.91038
2.83509,3.96584,-0.913641
2.84383,3.9269,-0.908462
2.88354,3.93075,-0.913641
2.88888,3.88777,-0.907503
2.91799,3.87703,-0.909229
2.93816,3.85437,-0.908078
2.94916,3.81995,-0.90405
2.97738,3.80797,-0.905584
3.01104,3.80271,-0.908846
3.03063,3.77957,-0.907695
3.05501,3.76243,-0.908078
3.06682,3.72996,-0.904625
3.09467,3.71711,-0.90616
3.12184,3.70331,-0.907503
3.1426,3.68184,-0.906927
3.16513,3.66249,-0.906927
3.19336,3.64965,-0.908654
3.20593,3.61896,-0.905776
3.20908,3.57803,-0.900213
3.25406,3.58371,-0.906927
3.27333,3.56079,-0.90616
3.29913,3.54495,-0.907311
3.32082,3.52464,-0.907311
3.33629,3.4978,-0.905584
3.36518,3.48503,-0.907695
3.37553,3.45309,-0.904625
3.39734,3.43301,-0.904817
3.42529,3.41903,-0.906735
3.43293,3.38485,-0.90309
3.47121,3.38085,-0.907886
3.44239,3.31184,-0.894458
3.46264,3.29066,-0.894458
3.50709,3.2922,-0.90098
3.53946,3.28196,-0.904241
3.51539,3.21974,-0.892539
3.5751,3.23433,-0.90309
3.55903,3.18028,-0.89369
3.58804,3.16683,-0.896184
3.60075,3.13895,-0.894458
3.61176,3.10975,-0.892348
3.62255,3.08053,-0.890237
3.63763,3.05509,-0.889278
3.66235,3.03773,-0.890813
3.66877,3.00524,-0.887743
3.68943,2.98453,-0.888319
3.70767,2.96183,-0.888319
3.70267,2.92079,-0.882564
3.73677,2.91068,-0.886592
3.76079,2.89249,-0.888127
3.76518,2.85926,-0.884866
3.77794,2.83257,-0.883715
3.78342,2.80058,-0.880837
3.79657,2.77441,-0.879878
3.84297,2.77232,-0.886976
3.85351,2.74413,-0.885441
3.86225,2.71479,-0.883523
3.86996,2.68488,-0.881413
3.87827,2.65554,-0.879494
3.90018,2.63554,-0.880837
3.90648,2.60502,-0.878535
3.91748,2.57777,-0.877384
3.92087,2.54566,-0.874507
3.94138,2.52473,-0.875658
3.95182,2.49735,-0.874507
3.96623,2.47254,-0.874315
3.97464,2.44404,-0.87278
3.99376,2.42216,-0.873739
3.99928,2.39206,-0.871629
4.00628,2.36299,-0.869903
4.02834,2.3428,-0.871629
4.04264,2.31804,-0.871629
4.05507,2.29223,-0.871246
4.06821,2.26682,-0.871054
4.08978,2.24607,-0.87278
4.08277,2.20972,-0.868176
4.09712,2.18509,-0.868368
4.10958,2.15945,-0.868176
4.11491,2.13013,-0.86645
4.11741,2.09949,-0.864148
4.15126,2.08476,-0.868752
4.16398,2.05925,-0.868752
4.16595,2.02851,-0.86645
4.18274,2.00503,-0.867409
4.1994,1.98142,-0.868368
4.20258,1.95148,-0.86645
4.20109,1.91954,-0.863572
4.21547,1.89493,-0.864148
4.23779,1.87379,-0.86645
4.24381,1.84541,-0.865299
4.23971,1.81277,-0.862037
4.24171,1.78292,-0.860119
4.27978,1.7681,-0.865874
4.28509,1.73959,-0.864723
4.29568,1.71327,-0.864723
4.30794,1.6876,-0.865107
4.2999,1.65408,-0.86127
4.33108,1.63564,-0.865682
4.32263,1.60221,-0.861845
4.33884,1.57801,-0.863188
4.32533,1.54311,-0.858392
4.31804,1.5107,-0.854939
4.36436,1.49692,-0.862613
4.33068,1.45572,-0.853788
4.36003,1.43588,-0.858009
4.3753,1.41121,-0.859352
4.36048,1.37694,-0.854556
4.41667,1.36495,-0.864339
4.40899,1.33299,-0.861078
4.38979,1.29784,-0.855515
4.41087,1.2747,-0.858201
4.41483,1.24654,-0.857433
4.39212,1.21107,-0.851294
4.42032,1.18972,-0.855515
4.39906,1.15509,-0.84976
4.40321,1.12734,-0.849184
4.41576,1.10173,-0.850335
4.4129,1.07229,-0.848417
4.42322,1.0461,-0.849184
4.42382,1.01762,-0.848033
4.42806,0.990029,-0.84765
4.4283,0.961589,-0.846499
4.43604,0.934804,-0.846882
4.44842,0.908945,-0.848225
4.45199,0.881251,-0.847841
4.46599,0.855582,-0.849568
4.45764,0.825657,-0.846882
4.46842,0.799328,-0.848033
4.46454,0.770391,-0.846307
4.47208,0.743467,-0.846882
4.47462,0.715702,-0.846499
4.48475,0.689129,-0.84765
4.47724,0.659877,-0.845348
4.48315,0.632668,-0.845731
4.48987,0.605542,-0.846307
4.46722,0.574594,-0.841127
4.49209,0.549802,-0.845348
4.48563,0.521093,-0.843429
4.48289,0.492915,-0.842278
4.48095,0.464892,-0.841319
4.48958,0.437962,-0.84247
4.49023,0.410227,-0.842086
4.49461,0.382835,-0.84247
4.53993,0.358661,-0.850911
4.50289,0.327936,-0.843237
4.49698,0.299776,-0.841703
4.50853,0.272773,-0.843621
4.53854,0.246656,-0.849184
4.52527,0.218091,-0.846307
4.4922,0.188868,-0.839592
4.52564,0.162472,-0.845923
4.52557,0.13467,-0.845731
4.53122,0.107016,-0.84669
4.5259,0.0791069,-0.845539
4.52728,0.0513464,-0.845731
4.54223,0.0236469,-0.848609
4.5364,-0.00422014,-0.847458
4.52942,-0.0320081,-0.846115
4.52129,-0.0596979,-0.84458
4.52771,-0.08757,-0.845923
4.52218,-0.115226,-0.844964
4.51354,-0.142725,-0.843429
4.50768,-0.170233,-0.84247
4.5242,-0.198659,-0.845923
4.51309,-0.225927,-0.844005
4.50084,-0.253012,-0.841895
4.51585,-0.281658,-0.845156
4.53264,-0.310631,-0.848801
4.52967,-0.338364,-0.848609
4.53143,-0.366467,-0.849376
4.55451,-0.396471,-0.854364
4.52561,-0.421956,-0.849184
4.5327,-0.450686,-0.851103
4.52302,-0.477769,-0.84976
4.52878,-0.506492,-0.851486
4.53728,-0.535649,-0.853788
4.53391,-0.563479,-0.853788
4.54789,-0.59357,-0.857241
4.51888,-0.618013,-0.852254
4.53443,-0.648502,-0.85609
4.50901,-0.673131,-0.85187
4.50383,-0.700634,-0.851678
4.50526,-0.729195,-0.852829
4.50844,-0.758125,-0.854364
4.4979,-0.784764,-0.853213
4.48431,-0.810778,-0.851486
4.486,-0.83954,-0.852829
4.47691,-0.866305,-0.852062
4.48018,-0.895488,-0.853788
4.45249,-0.918406,-0.849376
4.44005,-0.944281,-0.848033
4.42458,-0.969409,-0.846115
4.40802,-0.994167,-0.844005
4.37794,-1.01566,-0.839209
4.37639,-1.04364,-0.840168
4.36038,-1.06814,-0.83825
4.34517,-1.09272,-0.836523
4.33934,-1.11961,-0.836715
4.34093,-1.14847,-0.838441
4.34422,-1.1779,-0.840552
4.32367,-1.20086,-0.837866
4.36625,-1.24159,-0.848033
4.38683,-1.27657,-0.853788
4.37609,-1.30263,-0.853213
4.35956,-1.32688,-0.851486
4.3654,-1.35798,-0.854364
4.33827,-1.3788,-0.850527
4.31946,-1.40206,-0.848417
4.3173,-1.4307,-0.84976
4.31402,-1.45904,-0.850911
4.31334,-1.48837,-0.852637
4.30968,-1.51676,-0.853788
4.30768,-1.54582,-0.855323
4.29443,-1.57088,-0.854556
4.2985,-1.60234,-0.857433
4.27758,-1.6245,-0.855131
4.28676,-1.65815,-0.85916
4.26554,-1.68011,-0.856858
4.24877,-1.70369,-0.855515
4.24642,-1.73307,-0.857241
4.23208,-1.75759,-0.856474
4.22845,-1.78658,-0.858009
4.22552,-1.81597,-0.859735
4.24758,-1.8564,-0.866833
4.22265,-1.87645,-0.863956
4.20569,-1.8999,-0.862805
4.20288,-1.92977,-0.864723
4.21319,-1.96589,-0.869519
4.22323,-2.00221,-0.874315
4.20379,-2.02468,-0.87278
4.2098,-2.05949,-0.876809
4.18829,-2.08091,-0.87489
4.14477,-2.09111,-0.868176
4.1572,-2.12947,-0.873739
4.1606,-2.16354,-0.877384
4.12207,-2.17575,-0.871821
4.10519,-2.19914,-0.871054
4.09161,-2.22429,-0.871054
4.06929,-2.24462,-0.869135
4.01519,-2.24703,-0.860119
4.01157,-2.27743,-0.862421
3.91161,-2.25256,-0.843045
3.91127,-2.28444,-0.846115
3.96306,-2.34739,-0.861078
3.96457,-2.38126,-0.864723
3.95239,-2.40707,-0.865299
3.91834,-2.41942,-0.860886
3.90259,-2.4429,-0.860694
3.87924,-2.46154,-0.858776
3.86571,-2.48636,-0.85916
3.84956,-2.5095,-0.858968
3.83082,-2.53091,-0.858201
3.80787,-2.54945,-0.856474
3.7881,-2.57002,-0.855515
3.75284,-2.57987,-0.850911
3.74903,-2.61126,-0.853788
3.71449,-2.62121,-0.849376
3.69035,-2.63824,-0.847458
3.66375,-2.65336,-0.844964
3.64186,-2.67172,-0.843621
3.62619,-2.6946,-0.843813
3.60645,-2.71444,-0.843045
3.58661,-2.73414,-0.842278
3.57054,-2.7567,-0.84247
3.5435,-2.7707,-0.839976
3.53105,-2.79604,-0.841127
3.51,-2.81459,-0.840168
3.47209,-2.81937,-0.834988
3.48506,-2.86555,-0.842662
3.47042,-2.88939,-0.843429
3.45938,-2.91632,-0.845156
3.4362,-2.93303,-0.843813
3.41739,-2.95342,-0.843621
3.38813,-2.96464,-0.840743
3.36106,-2.97757,-0.838441
3.33395,-2.99027,-0.836139
3.32208,-3.01661,-0.837866
3.284,-3.01901,-0.832686
3.26541,-3.0391,-0.832686
3.24027,-3.05303,-0.83096
3.22077,-3.07217,-0.830768
3.21457,-3.10415,-0.834221
3.19406,-3.12244,-0.833837
3.17484,-3.14198,-0.833837
3.15342,-3.15932,-0.833262
3.13053,-3.17511,-0.832303
3.11647,-3.19989,-0.833837
3.09882,-3.22107,-0.834413
3.07899,-3.24002,-0.834413
3.06443,-3.26458,-0.835948
3.03299,-3.27109,-0.832686
3.01486,-3.29181,-0.833262
3.00184,-3.31825,-0.835372
2.99124,-3.34758,-0.83825
2.97519,-3.37102,-0.839592
2.95187,-3.38625,-0.838825
2.91823,-3.38943,-0.834988
2.90119,-3.41176,-0.836139
2.86884,-3.41597,-0.832686
2.84594,-3.43124,-0.832111
2.85718,-3.48811,-0.842086
2.79436,-3.45446,-0.829233
2.79823,-3.50298,-0.837099
2.75601,-3.49389,-0.830576
2.74116,-3.51925,-0.832686
2.7237,-3.54145,-0.834029
2.68411,-3.53465,-0.828274
2.66767,-3.55812,-0.830001
2.64345,-3.57126,-0.829233
2.596,-3.55256,-0.820792
2.57531,-3.57001,-0.821176
2.55563,-3.58894,-0.821943
2.53751,-3.61017,-0.823286
2.51923,-3.63132,-0.824629
2.51521,-3.67343,-0.83096
2.49262,-3.68879,-0.83096
2.4743,-3.71055,-0.832494
2.4558,-3.73222,-0.834029
2.43018,-3.7431,-0.83307
2.41246,-3.76621,-0.834988
2.38459,-3.77347,-0.833262
2.36658,-3.79636,-0.83518
2.33502,-3.79743,-0.832111
2.31167,-3.81169,-0.832111
2.29026,-3.82917,-0.832878
2.26921,-3.84738,-0.833837
2.24556,-3.86123,-0.833837
2.22036,-3.87238,-0.833262
2.20187,-3.89533,-0.835372
2.18988,-3.9302,-0.840168
2.15816,-3.9298,-0.837099
2.14943,-3.97144,-0.843429
2.11855,-3.97244,-0.840743
2.09779,-3.99231,-0.842278
2.08364,-4.02515,-0.84669
2.05266,-4.02562,-0.844005
2.02043,-4.02323,-0.840743
2.00658,-4.05754,-0.845539
1.97821,-4.06272,-0.844005
1.94476,-4.05708,-0.840168
1.92821,-4.08669,-0.844005
1.89234,-4.0753,-0.839017
1.87791,-4.11004,-0.844005
1.8599,-4.1376,-0.847458
1.82852,-4.13547,-0.84458
1.80821,-4.15831,-0.847074
1.78073,-4.16482,-0.846115
1.75324,-4.17114,-0.845156
1.71748,-4.15733,-0.839976
1.6949,-4.17507,-0.841511
1.66961,-4.1863,-0.841703
1.63995,-4.18642,-0.839592
1.61529,-4.19915,-0.840168
1.58742,-4.20347,-0.839017
1.5674,-4.22878,-0.842278
1.54813,-4.25676,-0.846115
1.52298,-4.26895,-0.84669
1.49643,-4.27729,-0.846499
1.48864,-4.34023,-0.857625
1.4457,-4.30091,-0.84765
0,0,0
1.40699,-4.36222,-0.856666
1.37931,-4.36797,-0.85609
1.35074,-4.37072,-0.854939
1.31139,-4.3376,-0.846499
1.29672,-4.38603,-0.854748
1.26433,-4.37505,-0.850911
1.23693,-4.38083,-0.850527
1.21081,-4.39118,-0.851103
1.18129,-4.38905,-0.849184
1.15484,-4.39811,-0.849568
0,0,0
1.09935,-4.40624,-0.848417
1.07253,-4.41386,-0.848609
1.04542,-4.42035,-0.848609
1.0185,-4.42764,-0.848801
0,0,0
0,0,0
0,0,0
0,0,0
0,0,0
0,0,0
0,0,0
0,0,0
0,0,0
0,0,0
0,0,0
0,0,0
0,0,0
0,0,0
0,0,0
0,0,0
0,0,0
0,0,0
0,0,0
0,0,0
0,0,0
0,0,0
0,0,0
0,0,0
0,0,0
0,0,0
0,0,0
0,0,0
0,0,0
0,0,0
0,0,0
0,0,0
0,0,0
0,0,0
0,0,0
0,0,0
0,0,0
0,0,0
0,0,0
0,0,0
0,0,0
0,0,0
0,0,0
0,0,0
0,0,0
0,0,0
0,0,0
0,0,0
0,0,0
0,0,0
0,0,0
0,0,0
0,0,0
0,0,0
0,0,0
0,0,0
0,0,0
0,0,0
0,0,0
0,0,0
0,0,0
0,0,0
0,0,0
0,0,0
0,0,0
0,0,0
0,0,0
0,0,0
0,0,0
0,0,0
0,0,0
0,0,0
0,0,0
0,0,0
0,0,0
0,0,0
0,0,0
0,0,0
0,0,0
0,0,0
0,0,0
0,0,0
0,0,0
0,0,0
0,0,0
0,0,0
0,0,0
0,0,0
0,0,0
0,0,0
0,0,0
0,0,0
0,0,0
0,0,0
0,0,0
0,0,0
0,0,0
0,0,0
0,0,0
0,0,0
0,0,0
0,0,0
0,0,0
0,0,0
0,0,0
0,0,0
0,0,0
0,0,0
0,0,0
0,0,0
0,0,0
0,0,0
0,0,0
0,0,0
0,0,0
0,0,0
0,0,0
0,0,0
0,0,0
0,0,0
0,0,0
0,0,0
0,0,0
0,0,0
0,0,0
0,0,0
0,0,0
0,0,0
0,0,0
0,0,0
0,0,0
0,0,0
0,0,0
0,0,0
0,0,0
0,0,0
0,0,0
0,0,0
0,0,0
0,0,0
0,0,0
0,0,0
0,0,0
0,0,0
0,0,0
0,0,0
0,0,0
0,0,0
0,0,0
0,0,0
0,0,0
0,0,0
0,0,0
0,0,0
0,0,0
0,0,0
0,0,0
0,0,0
0,0,0
0,0,0
0,0,0
0,0,0
0,0,0
0,0,0
0,0,0
0,0,0
0,0,0
0,0,0
0,0,0
0,0,0
0,0,0
0,0,0
0,0,0
0,0,0
0,0,0
0,0,0
0,0,0
0,0,0
0,0,0
0,0,0
0,0,0
0,0,0
0,0,0
0,0,0
0,0,0
0,0,0
0,0,0
0,0,0
0,0,0
0,0,0
0,0,0
0,0,0
0,0,0
0,0,0
0,0,0
0,0,0
0,0,0
0,0,0
0,0,0
0,0,0
0,0,0
0,0,0
0,0,0
0,0,0
0,0,0
0,0,0
0,0,0
0,0,0
0,0,0
0,0,0
0,0,0
0,0,0
0,0,0
0,0,0
0,0,0
0,0,0
0,0,0
0,0,0
0,0,0
0,0,0
0,0,0
0,0,0
0,0,0
0,0,0
0,0,0
0,0,0
0,0,0
0,0,0
0,0,0
0,0,0
0,0,0
0,0,0
0,0,0
0,0,0
0,0,0
0,0,0
0,0,0
0,0,0
0,0,0
0,0,0
0,0,0
0,0,0
0,0,0
0,0,0
0,0,0
0,0,0
0,0,0
0,0,0
0,0,0
0,0,0
0,0,0
0,0,0
0,0,0
0,0,0
0,0,0
0,0,0
0,0,0
0,0,0
0,0,0
0,0,0
0,0,0
0,0,0
0,0,0
0,0,0
0,0,0
0,0,0
0,0,0
0,0,0
0,0,0
0,0,0
0,0,0
0,0,0
0,0,0
0,0,0
0,0,0
0,0,0
0,0,0
0,0,0
0,0,0
0,0,0
0,0,0
0,0,0
0,0,0
0,0,0
0,0,0
0,0,0
0,0,0
0,0,0
0,0,0
0,0,0
0,0,0
0,0,0
0,0,0
0,0,0
0,0,0
0,0,0
0,0,0
0,0,0
0,0,0
0,0,0
0,0,0
0,0,0
0,0,0
0,0,0
0,0,0
0,0,0
0,0,0
0,0,0
0,0,0
0,0,0
0,0,0
0,0,0
0,0,0
0,0,0
0,0,0
0,0,0
0,0,0
0,0,0
0,0,0
0,0,0
0,0,0
0,0,0
0,0,0
0,0,0
0,0,0
0,0,0
0,0,0
0,0,0
0,0,0
0,0,0
0,0,0
0,0,0
0,0,0
0,0,0
0,0,0
0,0,0
0,0,0
0,0,0
0,0,0
0,0,0
0,0,0
0,0,0
0,0,0
0,0,0
0,0,0
0,0,0
0,0,0
0,0,0
0,0,0
0,0,0
0,0,0
0,0,0
0,0,0
0,0,0
0,0,0
0,0,0
0,0,0
0,0,0
0,0,0
0,0,0
0,0,0
0,0,0
0,0,0
0,0,0
0,0,0
0,0,0
0,0,0
0,0,0
0,0,0
0,0,0
0,0,0
0,0,0
0,0,0
0,0,0
0,0,0
0,0,0
0,0,0
0,0,0
0,0,0
0,0,0
0,0,0
0,0,0
0,0,0
0,0,0
0,0,0
0,0,0
0,0,0
0,0,0
0,0,0
0,0,0
0,0,0
0,0,0
0,0,0
0,0,0
0,0,0
0,0,0
0,0,0
0,0,0
0,0,0
0,0,0
0,0,0
0,0,0
0,0,0
0,0,0
0,0,0
0,0,0
0,0,0
0,0,0
0,0,0
0,0,0
0,0,0
0,0,0
0,0,0
0,0,0
0,0,0
0,0,0
0,0,0
0,0,0
0,0,0
0,0,0
0,0,0
0,0,0
0,0,0
0,0,0
0,0,0
0,0,0
0,0,0
0,0,0
0,0,0
0,0,0
0,0,0
0,0,0
0,0,0
0,0,0
0,0,0
0,0,0
0,0,0
0,0,0
0,0,0
0,0,0
0,0,0
0,0,0
0,0,0
0,0,0
0,0,0
0,0,0
0,0,0
0,0,0
0,0,0
0,0,0
0,0,0
0,0,0
0,0,0
0,0,0
0,0,0
0,0,0
0,0,0
0,0,0
0,0,0
0,0,0
0,0,0
0,0,0
0,0,0
0,0,0
0,0,0
0,0,0
0,0,0
0,0,0
0,0,0
0,0,0
0,0,0
0,0,0
0,0,0
0,0,0
0,0,0
0,0,0
0,0,0
0,0,0
0,0,0
0,0,0
0,0,0
0,0,0
0,0,0
0,0,0
0,0,0
0,0,0
0,0,0
0,0,0
0,0,0
0,0,0
0,0,0
0,0,0
0,0,0
0,0,0
0,0,0
0,0,0
0,0,0
0,0,0
0,0,0
0,0,0
0,0,0
0,0,0
0,0,0
0,0,0
0,0,0
0,0,0
0,0,0
0,0,0
0,0,0
0,0,0
0,0,0
0,0,0
0,0,0
0,0,0
0,0,0
0,0,0
0,0,0
0,0,0
0,0,0
0,0,0
0,0,0
0,0,0
0,0,0
0,0,0
0,0,0
0,0,0
0,0,0
0,0,0
0,0,0
0,0,0
0,0,0
0,0,0
0,0,0
0,0,0
0,0,0
0,0,0
0,0,0
0,0,0
0,0,0
0,0,0
0,0,0
0,0,0
0,0,0
0,0,0
0,0,0
0,0,0
0,0,0
0,0,0
0,0,0
0,0,0
0,0,0
0,0,0
0,0,0
0,0,0
0,0,0
0,0,0
0,0,0
0,0,0
0,0,0
0,0,0
0,0,0
0,0,0
0,0,0
0,0,0
0,0,0
0,0,0
0,0,0
0,0,0
0,0,0
0,0,0
0,0,0
0,0,0
0,0,0
0,0,0
0,0,0
0,0,0
0,0,0
0,0,0
0,0,0
0,0,0
0,0,0
0,0,0
0,0,0
0,0,0
0,0,0
0,0,0
1.53193,4.44067,-0.934202
0,0,0
1.58498,4.41785,-0.933391
1.61307,4.4108,-0.934
1.64592,4.41642,-0.93745
1.67125,4.40166,-0.936435
1.69964,4.39498,-0.937247
1.73195,4.39813,-0.940291
1.75563,4.37924,-0.938465
1.77617,4.35297,-0.935014
1.80435,4.34561,-0.935826
1.82679,4.32454,-0.933594
1.84827,4.30155,-0.930955
1.87698,4.29551,-0.932173
1.9029,4.28302,-0.93197
1.91987,4.25074,-0.927302
1.94551,4.23799,-0.927099
1.96734,4.2171,-0.925069
2.00324,4.22618,-0.92994
2.02191,4.19881,-0.92649
2.03817,4.16698,-0.922025
2.05717,4.14124,-0.918981
2.07724,4.11805,-0.916545
2.10337,4.10697,-0.916951
2.13756,4.11136,-0.92101
2.16366,4.0999,-0.921416
2.19803,4.10381,-0.925475
2.21802,4.08078,-0.923243
2.24538,4.07138,-0.924258
2.26219,4.043,-0.920807
2.28406,4.02394,-0.91959
2.30284,3.99966,-0.917154
2.32981,3.98969,-0.918169
2.36323,3.99048,-0.921822
2.36195,3.93309,-0.911471
2.40285,3.94613,-0.918169
2.42393,3.92631,-0.916951
2.45161,3.91717,-0.918372
2.47036,3.89379,-0.916342
2.48785,3.86867,-0.913907
2.52116,3.8681,-0.91756
2.54485,3.85256,-0.91756
2.55319,3.81409,-0.911877
2.58534,3.81132,-0.915124
2.59148,3.77037,-0.908833
2.60057,3.73431,-0.903759
2.62626,3.72228,-0.904774
2.64962,3.70689,-0.904977
2.68208,3.70405,-0.908427
2.7007,3.68199,-0.907006
2.72207,3.66378,-0.9066
2.75275,3.65796,-0.909442
2.76149,3.62309,-0.904774
2.78905,3.61306,-0.9066
2.80755,3.59125,-0.905382
2.83865,3.58547,-0.908427
2.8606,3.56798,-0.908427
2.86947,3.5344,-0.904165
2.88178,3.50538,-0.90112
2.90449,3.48914,-0.901526
2.91511,3.45852,-0.898076
2.92038,3.42195,-0.893002
2.95349,3.41805,-0.896858
2.95248,3.3748,-0.889958
3.00495,3.39254,-0.899903
3.02963,3.37841,-0.90112
3.02924,3.33656,-0.894626
3.05165,3.32007,-0.895235
3.05462,3.28265,-0.889958
3.08813,3.2781,-0.894017
3.11157,3.26263,-0.895032
3.15465,3.26743,-0.901932
3.13631,3.2088,-0.890566
3.13321,3.16652,-0.883869
3.17684,3.17145,-0.890972
3.19205,3.14777,-0.889755
3.18746,3.1049,-0.882854
3.22268,3.1009,-0.887522
3.22319,3.06353,-0.882245
3.25192,3.05308,-0.885087
3.27634,3.03839,-0.88671
3.28986,3.0136,-0.88529
3.28796,2.97496,-0.879607
3.3339,2.97953,-0.887319
3.34404,2.95189,-0.885087
3.35914,2.92874,-0.884275
3.3533,2.88763,-0.87778
3.38811,2.88159,-0.882448
3.40798,2.86263,-0.883057
3.42322,2.83979,-0.882448
3.44285,2.8206,-0.883057
3.45629,2.79634,-0.882042
3.47415,2.77569,-0.882245
3.47881,2.74462,-0.878998
3.45078,2.68832,-0.867226
3.51766,2.7059,-0.880419
3.52718,2.67894,-0.878592
3.50673,2.62964,-0.869053
3.55979,2.63545,-0.878592
3.5751,2.61298,-0.878389
3.54978,2.56121,-0.867835
3.59254,2.55869,-0.874736
3.61138,2.53885,-0.875548
3.62287,2.51385,-0.874533
3.63822,2.49157,-0.874533
3.6502,2.46701,-0.873721
3.66608,2.44511,-0.873924
3.68347,2.42418,-0.874533
3.69827,2.40154,-0.874533
3.70799,2.37563,-0.873315
3.71919,2.35074,-0.872503
3.72939,2.32529,-0.871488
3.74108,2.30082,-0.87088
3.7409,2.26919,-0.867429
3.75139,2.24418,-0.866617
3.77015,2.22411,-0.867835
3.7651,2.1901,-0.86337
3.80735,2.18352,-0.870271
3.81812,2.15867,-0.869662
3.83044,2.13473,-0.869459
3.82887,2.10317,-0.866009
3.84687,2.08243,-0.867226
3.85699,2.05741,-0.866617
3.87734,2.0378,-0.868444
3.89151,2.01487,-0.86885
3.89071,1.98429,-0.865806
3.91944,1.96873,-0.869662
3.92794,1.9429,-0.86885
3.9257,1.91191,-0.865603
3.93029,1.8844,-0.863979
3.94621,1.86233,-0.864994
3.96023,1.83932,-0.865603
3.95986,1.8097,-0.862964
3.97357,1.78657,-0.863573
3.9755,1.7582,-0.861543
3.97454,1.7287,-0.858905
3.97697,1.70081,-0.857078
3.99636,1.68017,-0.859108
4.00388,1.6545,-0.858499
4.01577,1.63063,-0.858905
4.02206,1.60451,-0.858093
4.01542,1.57338,-0.85444
4.0122,1.54379,-0.851599
4.04725,1.52882,-0.857281
4.07124,1.50941,-0.860529
4.08595,1.48641,-0.861746
4.0664,1.45111,-0.855455
4.09371,1.4326,-0.859514
4.07742,1.39887,-0.854034
4.09614,1.37726,-0.856267
4.1073,1.35302,-0.856875
4.08104,1.31667,-0.849366
4.11706,1.30045,-0.855455
4.0866,1.26331,-0.847133
4.12802,1.24841,-0.85444
4.13466,1.22278,-0.854237
4.11763,1.19032,-0.84896
4.13051,1.16663,-0.850178
4.15364,1.14569,-0.853628
4.11237,1.1072,-0.843277
4.16549,1.09414,-0.853222
4.1579,1.06491,-0.850178
4.1482,1.03535,-0.846728
4.15828,1.0108,-0.847539
4.1625,0.984819,-0.847133
4.17419,0.960577,-0.848351
4.19147,0.93751,-0.850787
4.19715,0.911774,-0.850787
4.20649,0.886811,-0.851599
4.19555,0.857651,-0.848148
4.19497,0.830751,-0.846931
4.18652,0.802416,-0.844089
4.21929,0.781885,-0.849975
4.2028,0.752188,-0.84551
4.20637,0.726219,-0.845307
4.20109,0.69879,-0.843277
4.2082,0.673463,-0.843886
4.1958,0.645102,-0.840436
4.20355,0.619916,-0.841248
4.21213,0.594796,-0.842262
4.21667,0.56907,-0.842465
4.22202,0.543436,-0.842871
4.23305,0.518472,-0.844495
4.23615,0.492489,-0.844495
4.24007,0.466594,-0.844698
4.24577,0.440872,-0.845307
4.24353,0.414336,-0.844292
4.24891,0.388558,-0.844901
4.23073,0.360735,-0.840639
4.24848,0.336002,-0.843886
4.23972,0.309146,-0.841654
4.21907,0.281628,-0.836986
4.19628,0.254256,-0.831912
4.25643,0.231691,-0.844089
4.26168,0.205759,-0.844901
4.24819,0.178989,-0.841857
4.26975,0.153657,-0.846119
4.27062,0.127455,-0.846119
4.2674,0.101156,-0.845307
4.2513,0.0746791,-0.841857
4.27322,0.0488363,-0.846322
4.27931,0.022646,-0.847539
4.27252,-0.00360539,-0.846119
4.27241,-0.029821,-0.846119
4.26628,-0.0559579,-0.844901
4.27564,-0.0823236,-0.846931
4.28778,-0.108881,-0.849569
4.29388,-0.135405,-0.85099
4.29884,-0.161971,-0.852207
4.28994,-0.188002,-0.850584
4.29751,-0.214761,-0.85241
4.28633,-0.240577,-0.850381
4.28087,-0.266629,-0.849569
4.28111,-0.293025,-0.849975
4.27142,-0.318704,-0.848351
4.25279,-0.343565,-0.844901
4.27304,-0.371606,-0.849569
4.24435,-0.395364,-0.844089
4.24574,-0.421787,-0.844901
4.25087,-0.448653,-0.846525
4.25387,-0.47538,-0.847742
4.2431,-0.500554,-0.846119
4.23509,-0.525976,-0.845104
4.24343,-0.553473,-0.847539
4.25548,-0.581623,-0.850787
4.25377,-0.608,-0.851193
4.25577,-0.634957,-0.85241
4.25179,-0.661058,-0.85241
4.23316,-0.684787,-0.849366
4.24819,-0.713996,-0.853425
4.23504,-0.738534,-0.851599
4.24392,-0.766945,-0.85444
4.23529,-0.79225,-0.853628
4.22265,-0.816734,-0.852004
4.21372,-0.841861,-0.851193
4.21519,-0.869085,-0.852613
4.20786,-0.894525,-0.852207
4.19656,-0.91907,-0.85099
4.18224,-0.942863,-0.849163
4.19259,-0.972269,-0.852613
4.17988,-0.996386,-0.851193
4.17369,-1.02201,-0.851193
4.18538,-1.05214,-0.855049
4.14566,-1.06924,-0.847945
4.15038,-1.09766,-0.850381
4.13979,-1.12208,-0.849569
4.12811,-1.14615,-0.848554
4.12571,-1.1728,-0.849569
4.11843,-1.19809,-0.849569
4.10162,-1.22055,-0.847539
4.10061,-1.24769,-0.84896
4.05641,-1.26148,-0.841045
4.043,-1.28457,-0.839827
4.07416,-1.32205,-0.848351
4.07805,-1.35103,-0.85099
4.06319,-1.37383,-0.849569
4.05283,-1.39809,-0.849163
4.05157,-1.42554,-0.850787
4.02984,-1.44574,-0.847945
4.00342,-1.46405,-0.844089
4.00538,-1.49269,-0.846525
4.01079,-1.5228,-0.849772
4.01324,-1.55197,-0.85241
3.99362,-1.57262,-0.850178
4.00207,-1.60438,-0.854237
4.00666,-1.63483,-0.857484
3.98841,-1.656,-0.855658
3.99171,-1.68616,-0.858702
3.97769,-1.70908,-0.85789
3.9743,-1.73659,-0.859514
3.97342,-1.76532,-0.861746
3.94734,-1.78281,-0.858296
3.95412,-1.81517,-0.862355
3.96066,-1.84768,-0.866414
3.96163,-1.87782,-0.869256
3.98091,-1.91696,-0.876359
3.94357,-1.92887,-0.870474
3.915,-1.94476,-0.866617
3.88463,-1.95948,-0.862355
3.9013,-1.99801,-0.869053
3.89418,-2.02462,-0.870271
3.77863,-1.99408,-0.846119
3.85954,-2.06717,-0.868038
3.80635,-2.06883,-0.858499
3.78501,-2.08742,-0.85647
3.78666,-2.11873,-0.85992
3.75826,-2.13322,-0.856267
3.75274,-2.16064,-0.858093
3.7411,-2.18462,-0.858499
3.71667,-2.20104,-0.855861
3.70646,-2.22582,-0.856672
3.69356,-2.24903,-0.856875
3.73218,-2.30406,-0.869662
3.71549,-2.32536,-0.869053
3.69371,-2.34339,-0.867226
3.67185,-2.36125,-0.8654
3.65975,-2.38534,-0.866009
3.61563,-2.38832,-0.858702
3.61312,-2.41863,-0.861746
3.59335,-2.43745,-0.860529
3.5759,-2.45779,-0.85992
3.53585,-2.46234,-0.853628
3.50547,-2.47326,-0.849772
3.49182,-2.49586,-0.850178
3.49468,-2.53045,-0.854846
3.48067,-2.553,-0.855252
3.48459,-2.58891,-0.860326
3.45299,-2.59847,-0.856267
3.43464,-2.61783,-0.855658
3.39836,-2.62329,-0.850381
3.37912,-2.64168,-0.849569
3.36208,-2.66176,-0.849366
3.33652,-2.67499,-0.846931
3.317,-2.69294,-0.846119
3.27999,-2.69645,-0.840639
3.26414,-2.71715,-0.840842
3.25639,-2.7447,-0.843277
3.21193,-2.74111,-0.835768
3.21061,-2.77421,-0.84003
3.19942,-2.79902,-0.841654
3.18292,-2.81925,-0.841857
3.16702,-2.84003,-0.842262
3.13503,-2.84625,-0.838203
3.10165,-2.85085,-0.833738
3.09342,-2.8785,-0.836377
3.06928,-2.89138,-0.83455
3.08054,-2.93787,-0.842871
3.06386,-2.95808,-0.843277
3.05685,-2.98777,-0.846525
3.02315,-2.99132,-0.842059
2.99298,-2.99803,-0.838609
2.9814,-3.02331,-0.840639
2.96553,-3.04436,-0.841451
2.94612,-3.06179,-0.841248
2.932,-3.08478,-0.842668
2.91033,-3.09985,-0.841857
2.88726,-3.11334,-0.840639
2.8443,-3.10501,-0.833332
2.84884,-3.14854,-0.840639
2.80206,-3.1353,-0.832115
2.78666,-3.15683,-0.833332
2.78075,-3.18937,-0.837594
2.7458,-3.18857,-0.832723
2.74521,-3.22773,-0.838812
2.72346,-3.24227,-0.838203
2.70539,-3.26118,-0.838812
2.68409,-3.2762,-0.838406
2.66086,-3.2888,-0.837391
2.61924,-3.27829,-0.830288
2.61545,-3.31506,-0.835768
2.58784,-3.32177,-0.833332
2.56562,-3.33526,-0.832723
2.56583,-3.37824,-0.839827
2.53037,-3.37433,-0.834753
2.52535,-3.41104,-0.840233
2.49397,-3.41224,-0.83658
2.48387,-3.44257,-0.840436
2.44623,-3.43461,-0.83455
2.44313,-3.47519,-0.841045
2.4145,-3.47966,-0.838406
2.39421,-3.49603,-0.838812
2.37326,-3.51146,-0.839015
2.35059,-3.52433,-0.838609
2.33322,-3.54523,-0.840233
2.31569,-3.56605,-0.841857
2.28901,-3.57277,-0.84003
2.266,-3.58509,-0.839624
2.24914,-3.60724,-0.841654
2.22697,-3.62097,-0.841654
2.20115,-3.62871,-0.840233
2.17382,-3.63374,-0.838203
2.15447,-3.65207,-0.839421
2.133,-3.66691,-0.839827
2.10997,-3.67908,-0.839624
2.08688,-3.69111,-0.839421
2.06657,-3.70812,-0.840436
2.03813,-3.71043,-0.838
2.01532,-3.72287,-0.838
2.00119,-3.75158,-0.841857
1.99226,-3.79066,-0.848148
1.96536,-3.79585,-0.846525
1.92735,-3.77906,-0.839827
1.90457,-3.79169,-0.84003
1.88865,-3.81822,-0.84348
1.86518,-3.82974,-0.84348
1.84376,-3.84553,-0.844495
1.81303,-3.84171,-0.841045
1.78365,-3.84033,-0.838203
1.77511,-3.88416,-0.845713
1.75044,-3.89319,-0.845307
1.72692,-3.90475,-0.84551
1.69863,-3.9054,-0.843277
1.67848,-3.92475,-0.845307
1.65323,-3.93227,-0.844698
1.6216,-3.92424,-0.840639
1.6008,-3.94228,-0.842465
1.58674,-3.97749,-0.848148
1.56266,-3.98807,-0.848351
1.53711,-3.99484,-0.847742
1.51914,-4.0216,-0.851599
1.49307,-4.02717,-0.850787
1.47536,-4.05558,-0.855049
1.4465,-4.05349,-0.852613
1.4216,-4.06229,-0.852613
1.39474,-4.06538,-0.851396
1.36541,-4.06087,-0.848554
1.34261,-4.07568,-0.849975
1.31427,-4.07359,-0.847742
1.27745,-4.04423,-0.839624
1.26389,-4.08847,-0.847539
1.23085,-4.06991,-0.841857
1.21501,-4.10837,-0.848554
1.19413,-4.1308,-0.851801
1.17169,-4.14841,-0.854034
1.14777,-4.16119,-0.855252
1.12222,-4.16815,-0.855252
0,0,0
1.07657,-4.20343,-0.85992
1.04886,-4.20235,-0.858296
1.02768,-4.22774,-0.862355
1.00488,-4.24731,-0.865197
0.980332,-4.26007,-0.866617
0.959943,-4.29181,-0.872097
0,0,0
0,0,0
0,0,0
0,0,0
0,0,0
0,0,0
0,0,0
0,0,0
0,0,0
0,0,0
0,0,0
0,0,0
0,0,0
0,0,0
0,0,0
0,0,0
0,0,0
0,0,0
0,0,0
0,0,0
0,0,0
0,0,0
0,0,0
0,0,0
0,0,0
0,0,0
0,0,0
0,0,0
0,0,0
0,0,0
0,0,0
0,0,0
0,0,0
0,0,0
0,0,0
0,0,0
0,0,0
0,0,0
0,0,0
0,0,0
0,0,0
0,0,0
0,0,0
0,0,0
0,0,0
0,0,0
0,0,0
0,0,0
0,0,0
0,0,0
0,0,0
0,0,0
0,0,0
0,0,0
0,0,0
0,0,0
0,0,0
0,0,0
0,0,0
0,0,0
0,0,0
0,0,0
0,0,0
0,0,0
0,0,0
0,0,0
0,0,0
0,0,0
0,0,0
0,0,0
0,0,0
0,0,0
0,0,0
0,0,0
0,0,0
0,0,0
0,0,0
0,0,0
0,0,0
0,0,0
0,0,0
0,0,0
0,0,0
0,0,0
0,0,0
0,0,0
0,0,0
0,0,0
0,0,0
0,0,0
0,0,0
0,0,0
0,0,0
0,0,0
0,0,0
0,0,0
0,0,0
0,0,0
0,0,0
0,0,0
0,0,0
0,0,0
0,0,0
0,0,0
0,0,0
0,0,0
0,0,0
0,0,0
0,0,0
0,0,0
0,0,0
0,0,0
0,0,0
0,0,0
0,0,0
0,0,0
0,0,0
0,0,0
0,0,0
0,0,0
0,0,0
0,0,0
0,0,0
0,0,0
0,0,0
0,0,0
0,0,0
0,0,0
0,0,0
0,0,0
0,0,0
0,0,0
0,0,0
0,0,0
0,0,0
0,0,0
0,0,0
0,0,0
0,0,0
0,0,0
0,0,0
0,0,0
0,0,0
0,0,0
0,0,0
0,0,0
0,0,0
0,0,0
0,0,0
0,0,0
0,0,0
0,0,0
0,0,0
0,0,0
0,0,0
0,0,0
0,0,0
0,0,0
0,0,0
0,0,0
0,0,0
0,0,0
0,0,0
0,0,0
0,0,0
0,0,0
0,0,0
0,0,0
0,0,0
0,0,0
0,0,0
0,0,0
0,0,0
0,0,0
0,0,0
0,0,0
0,0,0
0,0,0
0,0,0
0,0,0
0,0,0
0,0,0
0,0,0
0,0,0
0,0,0
0,0,0
0,0,0
0,0,0
0,0,0
0,0,0
0,0,0
0,0,0
0,0,0
0,0,0
0,0,0
0,0,0
0,0,0
0,0,0
0,0,0
0,0,0
0,0,0
0,0,0
0,0,0
0,0,0
0,0,0
0,0,0
0,0,0
0,0,0
0,0,0
0,0,0
0,0,0
0,0,0
0,0,0
0,0,0
0,0,0
0,0,0
0,0,0
0,0,0
0,0,0
0,0,0
0,0,0
0,0,0
0,0,0
0,0,0
0,0,0
0,0,0
0,0,0
0,0,0
0,0,0
0,0,0
0,0,0
0,0,0
0,0,0
0,0,0
0,0,0
0,0,0
0,0,0
0,0,0
0,0,0
0,0,0
0,0,0
0,0,0
0,0,0
0,0,0
0,0,0
0,0,0
0,0,0
0,0,0
0,0,0
0,0,0
0,0,0
0,0,0
0,0,0
0,0,0
0,0,0
0,0,0
0,0,0
0,0,0
0,0,0
0,0,0
0,0,0
0,0,0
0,0,0
0,0,0
0,0,0
0,0,0
0,0,0
0,0,0
0,0,0
0,0,0
0,0,0
0,0,0
0,0,0
0,0,0
0,0,0
0,0,0
0,0,0
0,0,0
0,0,0
0,0,0
0,0,0
0,0,0
0,0,0
0,0,0
0,0,0
0,0,0
0,0,0
0,0,0
0,0,0
0,0,0
0,0,0
0,0,0
0,0,0
0,0,0
0,0,0
0,0,0
0,0,0
0,0,0
0,0,0
0,0,0
0,0,0
0,0,0
0,0,0
0,0,0
0,0,0
0,0,0
0,0,0
0,0,0
0,0,0
0,0,0
0,0,0
0,0,0
0,0,0
0,0,0
0,0,0
0,0,0
0,0,0
0,0,0
0,0,0
0,0,0
0,0,0
0,0,0
0,0,0
0,0,0
0,0,0
0,0,0
0,0,0
0,0,0
0,0,0
0,0,0
0,0,0
0,0,0
0,0,0
0,0,0
0,0,0
0,0,0
0,0,0
0,0,0
0,0,0
0,0,0
0,0,0
0,0,0
0,0,0
0,0,0
0,0,0
0,0,0
0,0,0
0,0,0
0,0,0
0,0,0
0,0,0
0,0,0
0,0,0
0,0,0
0,0,0
0,0,0
0,0,0
0,0,0
0,0,0
0,0,0
0,0,0
0,0,0
0,0,0
0,0,0
0,0,0
0,0,0
0,0,0
0,0,0
0,0,0
0,0,0
0,0,0
0,0,0
0,0,0
0,0,0
0,0,0
0,0,0
0,0,0
0,0,0
0,0,0
0,0,0
0,0,0
0,0,0
0,0,0
0,0,0
0,0,0
0,0,0
0,0,0
0,0,0
0,0,0
0,0,0
0,0,0
0,0,0
0,0,0
0,0,0
0,0,0
0,0,0
0,0,0
0,0,0
0,0,0
0,0,0
0,0,0
0,0,0
0,0,0
0,0,0
0,0,0
0,0,0
0,0,0
0,0,0
0,0,0
0,0,0
0,0,0
0,0,0
0,0,0
0,0,0
0,0,0
0,0,0
0,0,0
0,0,0
0,0,0
0,0,0
0,0,0
0,0,0
0,0,0
0,0,0
0,0,0
0,0,0
0,0,0
0,0,0
0,0,0
0,0,0
0,0,0
0,0,0
0,0,0
0,0,0
0,0,0
0,0,0
0,0,0
0,0,0
0,0,0
0,0,0
0,0,0
0,0,0
0,0,0
0,0,0
0,0,0
0,0,0
0,0,0
0,0,0
0,0,0
0,0,0
0,0,0
0,0,0
0,0,0
0,0,0
0,0,0
0,0,0
0,0,0
0,0,0
0,0,0
0,0,0
0,0,0
0,0,0
0,0,0
0,0,0
0,0,0
0,0,0
0,0,0
0,0,0
0,0,0
0,0,0
0,0,0
0,0,0
0,0,0
0,0,0
0,0,0
0,0,0
0,0,0
0,0,0
0,0,0
0,0,0
0,0,0
0,0,0
0,0,0
0,0,0
0,0,0
0,0,0
0,0,0
0,0,0
0,0,0
0,0,0
0,0,0
0,0,0
0,0,0
0,0,0
0,0,0
0,0,0
0,0,0
0,0,0
0,0,0
0,0,0
0,0,0
0,0,0
0,0,0
0,0,0
0,0,0
0,0,0
0,0,0
0,0,0
0,0,0
0,0,0
0,0,0
0,0,0
0,0,0
0,0,0
0,0,0
0,0,0
0,0,0
0,0,0
0,0,0
0,0,0
0,0,0
0,0,0
0,0,0
0,0,0
0,0,0
0,0,0
0,0,0
0,0,0
0,0,0
0,0,0
0,0,0
0,0,0
0,0,0
0,0,0
0,0,0
0,0,0
0,0,0
0,0,0
0,0,0
0,0,0
0,0,0
0,0,0
0,0,0
0,0,0
0,0,0
0,0,0
0,0,0
0,0,0
0,0,0
0,0,0
0,0,0
0,0,0
0,0,0
0,0,0
0,0,0
0,0,0
0,0,0
0,0,0
0,0,0
0,0,0
0,0,0
0,0,0
0,0,0
0,0,0
0,0,0
0,0,0
0,0,0
0,0,0
0,0,0
0,0,0
0,0,0
0,0,0
0,0,0
0,0,0
0,0,0
0,0,0
0,0,0
0,0,0
0,0,0
0,0,0
0,0,0
0,0,0
0,0,0
0,0,0
0,0,0
0,0,0
0,0,0
0,0,0
0,0,0
0,0,0
0,0,0
0,0,0
0,0,0
0,0,0
0,0,0
0,0,0
0,0,0
0,0,0
0,0,0
0,0,0
0,0,0
0,0,0
0,0,0
0,0,0
0,0,0
0,0,0
0,0,0
0,0,0
0,0,0
0,0,0
0,0,0
0,0,0
1.34188,4.31624,-0.955793
1.37129,4.31724,-0.957944
1.39655,4.30502,-0.957084
1.4214,4.29174,-0.956008
1.44771,4.28294,-0.956008
1.47205,4.26843,-0.954718
1.49789,4.2584,-0.954503
1.52004,4.2381,-0.951922
1.5363,4.20209,-0.945685
1.56444,4.19899,-0.94719
1.58775,4.18292,-0.945685
1.6074,4.15761,-0.942028
1.63145,4.14403,-0.941168
1.65031,4.11763,-0.937297
1.67297,4.10109,-0.935791
1.69623,4.08624,-0.934716
1.71785,4.06766,-0.93278
1.74085,4.05255,-0.931705
1.7653,4.0409,-0.93149
1.78887,4.02731,-0.930844
1.81596,4.0216,-0.932135
1.83571,3.99973,-0.929554
1.86228,3.99282,-0.930629
1.88215,3.97161,-0.928264
1.90564,3.95823,-0.927833
1.92517,3.93681,-0.925468
1.95103,3.92842,-0.926328
1.97993,3.92597,-0.928694
2.00087,3.90766,-0.927188
2.02436,3.89444,-0.926973
2.04457,3.87504,-0.925252
2.06785,3.86156,-0.925037
2.0915,3.8488,-0.925037
2.11272,3.83161,-0.923962
2.13047,3.80835,-0.921381
2.15958,3.8054,-0.923962
2.18435,3.79462,-0.924607
2.21252,3.78958,-0.926758
2.23274,3.77089,-0.925468
2.25584,3.75712,-0.925468
2.27631,3.73903,-0.924392
2.29562,3.71918,-0.922887
2.31063,3.6926,-0.919661
2.33481,3.68083,-0.920306
2.3563,3.66479,-0.919876
2.38407,3.65845,-0.922026
2.40271,3.63804,-0.920521
2.42173,3.61836,-0.91923
2.44717,3.60828,-0.920521
2.46263,3.58354,-0.91794
2.48123,3.56355,-0.916649
2.50586,3.55225,-0.917725
2.51966,3.52568,-0.914714
2.54067,3.50937,-0.914499
2.55927,3.48977,-0.913423
2.56783,3.45675,-0.908692
2.58899,3.44093,-0.908692
2.5929,3.40245,-0.902454
2.62565,3.40194,-0.906756
2.65009,3.39038,-0.908046
2.67084,3.37406,-0.908046
2.68905,3.35456,-0.907186
2.71143,3.34027,-0.907831
2.72753,3.31829,-0.906326
2.74722,3.30074,-0.906111
2.76805,3.28457,-0.906326
2.79575,3.27644,-0.908907
2.80687,3.24888,-0.905896
2.82418,3.22865,-0.905035
2.83423,3.20029,-0.901809
2.84925,3.17775,-0.900304
2.85491,3.14502,-0.895787
2.87152,3.12456,-0.894927
2.89063,3.10689,-0.894927
2.91098,3.09051,-0.895357
2.93461,3.07754,-0.896862
2.95004,3.05596,-0.895787
2.95304,3.02174,-0.89084
2.99076,3.02301,-0.896862
3.0051,3.00046,-0.895572
3.01998,2.97853,-0.894497
3.04449,2.96608,-0.896432
3.06404,2.9487,-0.896862
3.07854,2.92648,-0.895787
3.08932,2.90085,-0.893636
3.08845,2.86456,-0.888044
3.11173,2.85084,-0.889765
3.12482,2.82776,-0.888474
3.13774,2.80462,-0.887184
3.15782,2.78791,-0.888044
3.17781,2.77105,-0.888905
3.19031,2.74767,-0.887614
3.2086,2.72931,-0.888044
3.22155,2.70643,-0.886969
3.23434,2.68349,-0.885894
3.25074,2.66359,-0.885894
3.27158,2.64728,-0.887184
3.29386,2.63204,-0.888905
3.30995,2.61178,-0.888905
3.34055,2.60283,-0.892991
3.36497,2.58884,-0.895357
3.35358,2.54746,-0.887829
3.37149,2.52859,-0.888474
3.38694,2.50786,-0.888474
3.38571,2.47492,-0.883958
3.40558,2.45753,-0.885248
3.4206,2.43659,-0.885248
3.4275,2.40993,-0.883098
3.44864,2.39331,-0.884818
3.45279,2.36493,-0.882022
3.44539,2.32893,-0.876215
3.47424,2.3175,-0.880086
3.48268,2.29238,-0.878581
3.49259,2.26831,-0.877506
3.51219,2.25052,-0.879011
3.52429,2.22789,-0.878581
3.5354,2.20467,-0.877936
3.56134,2.19061,-0.881162
3.57388,2.16821,-0.880947
3.58628,2.14574,-0.880732
3.59938,2.1237,-0.880732
3.60137,2.09518,-0.877936
3.615,2.07353,-0.878151
3.62086,2.04747,-0.87643
3.62483,2.02045,-0.874279
3.63715,1.99817,-0.874279
3.64248,1.9721,-0.872559
3.65882,1.95201,-0.873634
3.66554,1.92679,-0.872344
3.68249,1.90696,-0.873634
3.69326,1.88389,-0.873419
3.70387,1.86075,-0.873204
3.7091,1.83496,-0.871698
3.71238,1.80831,-0.869763
3.72253,1.78508,-0.869548
3.71928,1.75553,-0.866107
3.73441,1.73473,-0.867182
3.75032,1.71422,-0.868472
3.76076,1.69118,-0.868472
3.77285,1.66886,-0.868903
3.78571,1.64685,-0.869548
3.78856,1.62052,-0.867827
3.79843,1.59724,-0.867827
3.81177,1.5754,-0.868687
3.81775,1.55051,-0.867827
3.81721,1.52307,-0.865461
3.82285,1.49819,-0.864601
3.83379,1.47541,-0.865031
3.83912,1.45048,-0.864171
3.84612,1.42621,-0.863741
3.86122,1.40493,-0.865246
3.86977,1.38121,-0.865246
3.87264,1.3555,-0.863956
3.88273,1.33235,-0.864386
3.90379,1.31286,-0.867397
3.90157,1.28552,-0.865031
3.91031,1.26185,-0.865246
3.91798,1.23784,-0.865246
3.92084,1.21233,-0.864171
3.92353,1.18683,-0.863095
3.92699,1.16163,-0.862235
3.9303,1.13642,-0.861375
3.93532,1.11176,-0.860945
3.93924,1.08681,-0.860299
3.94395,1.06211,-0.859869
3.94567,1.03665,-0.858794
3.95574,1.01339,-0.859654
3.95999,0.988623,-0.859224
3.96503,0.964076,-0.859009
3.97562,0.940854,-0.860084
3.98037,0.916223,-0.859869
3.98687,0.891996,-0.860084
3.99036,0.867101,-0.859654
3.98605,0.840583,-0.857503
3.98539,0.814934,-0.856213
3.98457,0.789324,-0.854923
3.98454,0.76394,-0.853847
3.98915,0.739477,-0.853847
3.99458,0.715158,-0.854062
4.0037,0.691467,-0.855138
4.01365,0.667851,-0.856428
4.02153,0.64383,-0.857288
4.02637,0.619291,-0.857503
4.03492,0.595288,-0.858579
4.04817,0.571887,-0.86073
4.03031,0.544157,-0.855998
4.04616,0.521042,-0.858794
4.04638,0.495848,-0.858149
4.05225,0.47135,-0.858794
4.05992,0.447013,-0.859869
4.0587,0.421689,-0.859009
4.05733,0.396396,-0.858149
4.04704,0.370333,-0.855353
4.01323,0.342411,-0.847395
4.04933,0.320487,-0.854923
4.04343,0.295064,-0.853202
4.04906,0.27051,-0.854062
4.05942,0.246194,-0.855998
4.055,0.220961,-0.854707
4.05726,0.196123,-0.854923
4.06034,0.171308,-0.855353
4.06326,0.146462,-0.855783
4.0758,0.121881,-0.858364
4.09697,0.0973629,-0.86288
1.52164,0.0260944,-0.295509
1.51689,0.0166998,-0.294434
1.51599,0.00738652,-0.294219
1.5707,-0.001943,-0.306263
4.09706,-0.0283503,-0.862665
4.08704,-0.0533641,-0.860515
4.06711,-0.0780714,-0.856213
4.0646,-0.102976,-0.855783
4.05803,-0.127732,-0.854492
4.05034,-0.152374,-0.852987
4.06201,-0.177775,-0.855783
4.07645,-0.20347,-0.859224
4.0917,-0.229404,-0.86288
0,0,0
4.09638,-0.280129,-0.864601
4.09166,-0.305041,-0.863956
4.10431,-0.331316,-0.867182
4.09442,-0.355819,-0.865461
4.0941,-0.381116,-0.865891
4.11307,-0.408346,-0.870623
4.10077,-0.432554,-0.868472
4.07475,-0.455113,-0.863311
4.06315,-0.47908,-0.861375
4.05625,-0.503521,-0.860515
4.05793,-0.529031,-0.86159
4.05074,-0.553392,-0.86073
4.04823,-0.578374,-0.860945
4.05523,-0.604784,-0.863311
4.0196,-0.624715,-0.856213
4.03883,-0.653102,-0.861375
0,0,0
3.99203,-0.695918,-0.852772
4.00114,-0.722826,-0.855783
3.99566,-0.747184,-0.855568
3.99292,-0.772057,-0.855998
3.99386,-0.797689,-0.857288
3.99176,-0.82277,-0.857934
3.99045,-0.848059,-0.858794
3.98613,-0.872736,-0.859009
3.98832,-0.898894,-0.86073
3.98273,-0.923349,-0.86073
3.97414,-0.947091,-0.860084
3.96825,-0.971458,-0.860084
3.95559,-0.994124,-0.858579
3.94658,-1.01765,-0.857934
3.93648,-1.04084,-0.857073
3.92814,-1.06447,-0.856643
3.92529,-1.08959,-0.857503
3.91572,-1.11286,-0.856858
3.91444,-1.1385,-0.858149
3.90551,-1.16194,-0.857719
3.89363,-1.18446,-0.856643
3.8835,-1.20746,-0.855998
3.87601,-1.23127,-0.855998
3.8656,-1.25412,-0.855353
3.85969,-1.27843,-0.855783
3.84529,-1.2999,-0.854277
3.84001,-1.32443,-0.854923
3.83458,-1.34894,-0.855568
3.80416,-1.36453,-0.850406
3.80673,-1.39187,-0.852987
3.7972,-1.41486,-0.852772
3.80306,-1.44367,-0.856213
3.79959,-1.46909,-0.857503
3.79596,-1.49453,-0.858794
3.78944,-1.51888,-0.859439
3.78276,-1.54321,-0.860084
3.77593,-1.56751,-0.86073
3.76174,-1.58875,-0.859654
3.75282,-1.61219,-0.859869
3.74196,-1.63479,-0.859654
3.73543,-1.65931,-0.860515
3.72251,-1.68099,-0.859869
3.71745,-1.70624,-0.86116
3.71842,-1.73439,-0.863956
3.70417,-1.7555,-0.863095
3.70037,-1.78158,-0.864816
3.68586,-1.80254,-0.863956
3.67298,-1.82425,-0.863526
3.65998,-1.84587,-0.863095
3.65032,-1.86919,-0.863526
3.63012,-1.88705,-0.861375
3.62624,-1.91338,-0.863311
3.62391,-1.94067,-0.865676
3.60163,-1.95727,-0.863095
3.59041,-1.97981,-0.863311
3.59439,-2.01085,-0.867397
3.60152,-2.04395,-0.872344
3.57452,-2.05773,-0.868687
3.56605,-2.08209,-0.869763
3.53471,-2.09299,-0.865031
3.52683,-2.11765,-0.866322
3.50793,-2.1357,-0.864816
3.49476,-2.15718,-0.864816
3.48643,-2.18169,-0.866107
3.46472,-2.19782,-0.863956
3.45857,-2.22379,-0.865891
3.42767,-2.23377,-0.861375
3.42124,-2.2596,-0.863311
3.41056,-2.28273,-0.864171
3.39083,-2.29977,-0.862665
3.37826,-2.32164,-0.863095
3.33029,-2.3189,-0.854062
3.31759,-2.34041,-0.854492
3.28012,-2.34427,-0.848255
3.26488,-2.36378,-0.84804
3.24638,-2.38088,-0.846965
3.23955,-2.40657,-0.849115
3.22941,-2.42993,-0.850406
3.21055,-2.44674,-0.849331
3.19471,-2.4658,-0.849115
3.17721,-2.48355,-0.84847
3.15731,-2.49936,-0.84718
3.16326,-2.53578,-0.853202
3.15143,-2.55822,-0.854277
3.11002,-2.55643,-0.846965
3.10929,-2.58796,-0.851266
3.10157,-2.61391,-0.853632
3.08696,-2.63416,-0.854062
3.06482,-2.64794,-0.852342
3.05955,-2.67634,-0.855568
3.03795,-2.69053,-0.854062
3.02575,-2.71303,-0.855353
3.00687,-2.72958,-0.854707
2.98719,-2.74533,-0.853847
2.96743,-2.76095,-0.852987
2.94616,-2.77509,-0.851696
2.92979,-2.79379,-0.851911
2.91892,-2.81782,-0.853847
2.90646,-2.84045,-0.855353
2.88342,-2.85274,-0.853632
2.87139,-2.8759,-0.855353
2.85574,-2.89555,-0.855998
2.82906,-2.90393,-0.853202
2.82474,-2.9353,-0.857503
2.80937,-2.95541,-0.858364
2.78048,-2.96121,-0.854923
2.75163,-2.96676,-0.851481
2.73931,-2.99006,-0.853417
2.71436,-2.99958,-0.851266
2.69916,-3.01981,-0.852342
2.68123,-3.03705,-0.852557
2.66447,-3.05565,-0.853202
2.64822,-3.0749,-0.854062
2.6312,-3.09333,-0.854707
2.60211,-3.09745,-0.851266
2.58181,-3.11186,-0.850836
2.56515,-3.13066,-0.851696
2.54282,-3.14255,-0.850621
2.52471,-3.15962,-0.851051
2.5089,-3.17965,-0.852342
2.48454,-3.18882,-0.850621
2.46612,-3.20555,-0.851051
2.44286,-3.21596,-0.849761
2.4266,-3.23557,-0.851051
2.41077,-3.25589,-0.852557
2.38094,-3.25723,-0.8489
2.36206,-3.27336,-0.849331
2.33909,-3.28381,-0.848255
2.32059,-3.3005,-0.8489
2.30419,-3.32029,-0.850406
2.28432,-3.33517,-0.850621
2.26546,-3.35155,-0.851266
2.24702,-3.36864,-0.852127
2.22953,-3.38726,-0.853417
2.2103,-3.40333,-0.854062
2.19149,-3.42012,-0.854923
2.17046,-3.4335,-0.854923
2.15039,-3.44841,-0.855353
2.13021,-3.4632,-0.855783
2.0927,-3.44949,-0.8489
2.08103,-3.47819,-0.852987
2.04972,-3.47407,-0.848685
2.02885,-3.48743,-0.8489
2.00742,-3.49981,-0.8489
1.98446,-3.50951,-0.848255
1.97621,-3.54551,-0.854277
1.94736,-3.54473,-0.851051
1.93348,-3.57121,-0.854707
1.9051,-3.57094,-0.851696
1.89133,-3.59812,-0.855568
1.86473,-3.60099,-0.853417
1.84615,-3.61932,-0.855138
1.82566,-3.63407,-0.855998
1.80679,-3.65221,-0.857719
1.78221,-3.65883,-0.856643
1.76226,-3.67498,-0.857934
1.73759,-3.68131,-0.856858
1.71127,-3.68393,-0.854923
1.68498,-3.68637,-0.852987
1.66834,-3.71,-0.856213
1.64435,-3.71749,-0.855568
1.62385,-3.73288,-0.856858
1.60169,-3.74457,-0.857288
1.58398,-3.76693,-0.860299
1.56271,-3.78109,-0.861375
1.53396,-3.77704,-0.858149
0,0,0
1.485,-3.78921,-0.856643
1.45891,-3.79096,-0.854923
1.43597,-3.80075,-0.855138
1.41432,-3.81407,-0.856213
1.3949,-3.83369,-0.858794
0,0,0
1.34517,-3.84315,-0.857073
1.32029,-3.84763,-0.856213
1.28669,-3.82604,-0.849331
1.26074,-3.82645,-0.84761
1.24955,-3.87221,-0.856428
1.22105,-3.86491,-0.852987
1.19876,-3.87699,-0.854062
0,0,0
0,0,0
0,0,0
0,0,0
0,0,0
1.05474,-3.9166,-0.853632
1.03367,-3.93433,-0.856213
1.01169,-3.94912,-0.858149
0,0,0
0,0,0
0,0,0
0,0,0
0,0,0
0,0,0
0,0,0
0,0,0
0,0,0
0,0,0
0,0,0
0,0,0
0,0,0
0,0,0
0,0,0
0,0,0
0,0,0
0,0,0
0,0,0
0,0,0
0,0,0
0,0,0
0,0,0
0,0,0
0,0,0
0,0,0
0,0,0
0,0,0
0,0,0
0,0,0
0,0,0
0,0,0
0,0,0
0,0,0
0,0,0
0,0,0
0,0,0
0,0,0
0,0,0
0,0,0
0,0,0
0,0,0
0,0,0
0,0,0
0,0,0
0,0,0
0,0,0
0,0,0
0,0,0
0,0,0
0,0,0
0,0,0
0,0,0
0,0,0
0,0,0
0,0,0
0,0,0
0,0,0
0,0,0
0,0,0
0,0,0
0,0,0
0,0,0
0,0,0
0,0,0
0,0,0
0,0,0
0,0,0
0,0,0
0,0,0
0,0,0
0,0,0
0,0,0
0,0,0
0,0,0
0,0,0
0,0,0
0,0,0
0,0,0
0,0,0
0,0,0
0,0,0
0,0,0
0,0,0
0,0,0
0,0,0
0,0,0
0,0,0
0,0,0
0,0,0
0,0,0
0,0,0
0,0,0
0,0,0
0,0,0
0,0,0
0,0,0
0,0,0
0,0,0
0,0,0
0,0,0
0,0,0
0,0,0
0,0,0
0,0,0
0,0,0
0,0,0
0,0,0
0,0,0
0,0,0
0,0,0
0,0,0
0,0,0
0,0,0
0,0,0
0,0,0
0,0,0
0,0,0
0,0,0
0,0,0
0,0,0
0,0,0
0,0,0
0,0,0
0,0,0
0,0,0
0,0,0
0,0,0
0,0,0
0,0,0
0,0,0
0,0,0
0,0,0
0,0,0
0,0,0
0,0,0
0,0,0
0,0,0
0,0,0
0,0,0
0,0,0
0,0,0
0,0,0
0,0,0
0,0,0
0,0,0
0,0,0
0,0,0
0,0,0
0,0,0
0,0,0
0,0,0
0,0,0
0,0,0
0,0,0
0,0,0
0,0,0
0,0,0
0,0,0
0,0,0
0,0,0
0,0,0
0,0,0
0,0,0
0,0,0
0,0,0
0,0,0
0,0,0
0,0,0
0,0,0
0,0,0
0,0,0
0,0,0
0,0,0
0,0,0
0,0,0
0,0,0
0,0,0
0,0,0
0,0,0
0,0,0
0,0,0
0,0,0
0,0,0
0,0,0
0,0,0
0,0,0
0,0,0
0,0,0
0,0,0
0,0,0
0,0,0
0,0,0
0,0,0
0,0,0
0,0,0
0,0,0
0,0,0
0,0,0
0,0,0
0,0,0
0,0,0
0,0,0
0,0,0
0,0,0
0,0,0
0,0,0
0,0,0
0,0,0
0,0,0
0,0,0
0,0,0
0,0,0
0,0,0
0,0,0
0,0,0
0,0,0
0,0,0
0,0,0
0,0,0
0,0,0
0,0,0
0,0,0
0,0,0
0,0,0
0,0,0
0,0,0
0,0,0
0,0,0
0,0,0
0,0,0
0,0,0
0,0,0
0,0,0
0,0,0
0,0,0
0,0,0
0,0,0
0,0,0
0,0,0
0,0,0
0,0,0
0,0,0
0,0,0
0,0,0
0,0,0
0,0,0
0,0,0
0,0,0
0,0,0
0,0,0
0,0,0
0,0,0
0,0,0
0,0,0
0,0,0
0,0,0
0,0,0
0,0,0
0,0,0
0,0,0
0,0,0
0,0,0
0,0,0
0,0,0
0,0,0
0,0,0
0,0,0
0,0,0
0,0,0
0,0,0
0,0,0
0,0,0
0,0,0
0,0,0
0,0,0
0,0,0
0,0,0
0,0,0
0,0,0
0,0,0
0,0,0
0,0,0
0,0,0
0,0,0
0,0,0
0,0,0
0,0,0
0,0,0
0,0,0
0,0,0
0,0,0
0,0,0
0,0,0
0,0,0
0,0,0
0,0,0
0,0,0
0,0,0
0,0,0
0,0,0
0,0,0
0,0,0
0,0,0
0,0,0
0,0,0
0,0,0
0,0,0
0,0,0
0,0,0
0,0,0
0,0,0
0,0,0
0,0,0
0,0,0
0,0,0
0,0,0
0,0,0
0,0,0
0,0,0
0,0,0
0,0,0
0,0,0
0,0,0
0,0,0
0,0,0
0,0,0
0,0,0
0,0,0
0,0,0
0,0,0
0,0,0
0,0,0
0,0,0
0,0,0
0,0,0
0,0,0
0,0,0
0,0,0
0,0,0
0,0,0
0,0,0
0,0,0
0,0,0
0,0,0
0,0,0
0,0,0
0,0,0
0,0,0
0,0,0
0,0,0
0,0,0
0,0,0
0,0,0
0,0,0
0,0,0
0,0,0
0,0,0
0,0,0
0,0,0
0,0,0
0,0,0
0,0,0
0,0,0
0,0,0
0,0,0
0,0,0
0,0,0
0,0,0
0,0,0
0,0,0
0,0,0
0,0,0
0,0,0
0,0,0
0,0,0
0,0,0
0,0,0
0,0,0
0,0,0
0,0,0
0,0,0
0,0,0
0,0,0
0,0,0
0,0,0
0,0,0
0,0,0
0,0,0
0,0,0
0,0,0
0,0,0
0,0,0
0,0,0
0,0,0
0,0,0
0,0,0
0,0,0
0,0,0
0,0,0
0,0,0
0,0,0
0,0,0
0,0,0
0,0,0
0,0,0
0,0,0
0,0,0
0,0,0
0,0,0
0,0,0
0,0,0
0,0,0
0,0,0
0,0,0
0,0,0
0,0,0
0,0,0
0,0,0
0,0,0
0,0,0
0,0,0
0,0,0
0,0,0
0,0,0
0,0,0
0,0,0
0,0,0
0,0,0
0,0,0
0,0,0
0,0,0
0,0,0
0,0,0
0,0,0
0,0,0
0,0,0
0,0,0
0,0,0
0,0,0
0,0,0
0,0,0
0,0,0
0,0,0
0,0,0
0,0,0
0,0,0
0,0,0
0,0,0
0,0,0
0,0,0
0,0,0
0,0,0
0,0,0
0,0,0
0,0,0
0,0,0
0,0,0
0,0,0
0,0,0
0,0,0
0,0,0
0,0,0
0,0,0
0,0,0
0,0,0
0,0,0
0,0,0
0,0,0
0,0,0
0,0,0
0,0,0
0,0,0
0,0,0
0,0,0
0,0,0
0,0,0
0,0,0
0,0,0
0,0,0
0,0,0
0,0,0
0,0,0
0,0,0
0,0,0
0,0,0
0,0,0
0,0,0
0,0,0
0,0,0
0,0,0
0,0,0
0,0,0
0,0,0
0,0,0
0,0,0
0,0,0
0,0,0
0,0,0
0,0,0
0,0,0
0,0,0
0,0,0
0,0,0
0,0,0
0,0,0
0,0,0
0,0,0
0,0,0
0,0,0
0,0,0
0,0,0
0,0,0
0,0,0
0,0,0
0,0,0
0,0,0
0,0,0
0,0,0
0,0,0
0,0,0
0,0,0
0,0,0
0,0,0
0,0,0
0,0,0
0,0,0
0,0,0
0,0,0
0,0,0
0,0,0
0,0,0
0,0,0
0,0,0
0,0,0
0,0,0
0,0,0
0,0,0
0,0,0
0,0,0
0,0,0
0,0,0
0,0,0
0,0,0
0,0,0
0,0,0
0,0,0
0,0,0
0,0,0
0,0,0
0,0,0
0,0,0
0,0,0
0,0,0
0,0,0
0,0,0
0,0,0
0,0,0
0,0,0
0,0,0
0,0,0
0,0,0
0,0,0
0,0,0
0,0,0
0,0,0
0,0,0
0,0,0
0,0,0
0,0,0
0,0,0
0,0,0
0,0,0
0,0,0
0,0,0
0,0,0
0,0,0
0,0,0
0,0,0
0,0,0
0,0,0
0,0,0
0,0,0
0,0,0
0,0,0
0,0,0
0,0,0
0,0,0
0,0,0
0,0,0
0,0,0
1.38938,3.95104,-0.931699
1.4113,3.93602,-0.930117
1.44044,3.94101,-0.933507
1.45915,3.91749,-0.929891
1.48316,3.90846,-0.929891
1.50922,3.90474,-0.931247
1.53743,3.90628,-0.933959
1.56246,3.89949,-0.934637
1.59077,3.90065,-0.937348
1.61692,3.89622,-0.938704
1.63625,3.87545,-0.935992
1.65654,3.85729,-0.933959
1.67861,3.84348,-0.933055
1.69821,3.8242,-0.930795
1.72204,3.8146,-0.931021
1.7442,3.8013,-0.930343
1.76543,3.78612,-0.929213
1.78905,3.77609,-0.929439
1.80922,3.7589,-0.927857
1.82755,3.7381,-0.925372
1.85132,3.72856,-0.925824
1.87284,3.71452,-0.925146
1.89294,3.69776,-0.92379
1.91963,3.69386,-0.925824
1.93908,3.67598,-0.924242
1.96068,3.66229,-0.92379
1.98032,3.64506,-0.922434
2.00124,3.63028,-0.921756
2.02157,3.61453,-0.920852
2.0466,3.60714,-0.922208
2.06869,3.59451,-0.922208
2.09169,3.58344,-0.92266
2.12109,3.58311,-0.92605
2.13451,3.55583,-0.922208
2.16135,3.55098,-0.924468
2.17645,3.52688,-0.92153
2.19236,3.50438,-0.919044
2.21539,3.49332,-0.919722
2.23573,3.47803,-0.91927
2.2549,3.46098,-0.918367
2.27502,3.44545,-0.917915
2.29232,3.42576,-0.916333
2.31494,3.41405,-0.917011
2.33198,3.39416,-0.915429
2.34998,3.37579,-0.914299
2.36897,3.35892,-0.913621
2.38444,3.33719,-0.911587
2.39973,3.31539,-0.909554
2.42175,3.30296,-0.910232
2.43675,3.281,-0.908198
2.45097,3.25821,-0.905938
2.4786,3.25318,-0.908876
2.4997,3.23945,-0.909328
2.51713,3.22098,-0.908424
2.54048,3.21006,-0.90978
2.5522,3.18453,-0.906842
2.56924,3.16579,-0.905938
2.5849,3.14545,-0.904582
2.60665,3.13252,-0.905486
2.62143,3.11125,-0.903904
2.65185,3.10845,-0.907972
2.65877,3.07811,-0.903678
2.66927,3.05221,-0.900741
2.68859,3.0365,-0.900967
2.70978,3.02285,-0.901871
2.71649,2.99318,-0.897803
2.72953,2.97072,-0.895995
2.74373,2.94964,-0.89464
2.74174,2.91147,-0.88786
2.75619,2.89107,-0.886731
2.78741,2.88812,-0.89125
2.80099,2.86678,-0.889894
2.79934,2.83015,-0.883567
2.82286,2.81912,-0.885601
2.84773,2.80927,-0.888086
2.88027,2.8067,-0.893058
2.89393,2.78559,-0.891928
2.90955,2.76644,-0.891476
2.92576,2.74787,-0.89125
2.944,2.73119,-0.891702
2.95352,2.7065,-0.889442
2.97079,2.68898,-0.889668
2.98287,2.6668,-0.888312
2.99845,2.6478,-0.888086
2.99702,2.61399,-0.882663
3.03293,2.61272,-0.888764
3.05262,2.59721,-0.889894
3.06253,2.57342,-0.888086
3.08576,2.5608,-0.890346
3.09539,2.53688,-0.888538
3.11089,2.51784,-0.888538
3.124,2.49688,-0.88786
3.13314,2.47284,-0.886053
3.14672,2.45237,-0.885601
3.16248,2.43361,-0.885827
3.16029,2.40119,-0.880855
3.17886,2.38468,-0.881985
3.18873,2.36165,-0.880629
3.21103,2.34779,-0.882889
3.23169,2.3326,-0.884697
3.24357,2.31104,-0.884019
3.25529,2.28941,-0.883341
3.26688,2.26773,-0.882663
3.27671,2.24489,-0.881533
3.28074,2.21819,-0.878822
3.29105,2.19586,-0.877918
3.30528,2.17616,-0.878144
3.31121,2.15106,-0.87611
3.33583,2.13806,-0.879274
3.35136,2.11911,-0.879951
3.36182,2.09696,-0.879274
3.37462,2.0763,-0.879274
3.3898,2.05707,-0.879951
3.39567,2.03223,-0.878144
3.40723,2.01086,-0.877918
3.41951,1.98992,-0.877918
3.42405,1.96453,-0.875884
3.44282,1.94732,-0.877692
3.44535,1.92094,-0.875206
3.44938,1.89555,-0.873172
3.45838,1.87295,-0.872494
3.46723,1.85032,-0.871817
3.47507,1.8272,-0.870913
3.49054,1.80808,-0.872042
3.49202,1.78176,-0.869557
3.51682,1.7673,-0.873172
3.52585,1.74482,-0.87272
3.53036,1.72017,-0.871139
3.54436,1.70016,-0.872042
3.55649,1.67921,-0.872494
3.56407,1.65613,-0.871817
3.57328,1.63382,-0.87159
3.58946,1.61466,-0.873172
3.59841,1.59221,-0.872946
3.59828,1.56583,-0.870461
3.60245,1.54142,-0.869105
3.61004,1.51854,-0.868653
3.61299,1.49375,-0.867071
3.61938,1.47045,-0.866393
3.622,1.44569,-0.864811
3.6299,1.42308,-0.864585
3.63492,1.39939,-0.863682
3.63889,1.37533,-0.862552
3.65182,1.35467,-0.863682
3.66281,1.33324,-0.864359
3.66726,1.30943,-0.863456
3.6743,1.28658,-0.86323
3.69226,1.26749,-0.865715
3.69812,1.24419,-0.865263
3.71586,1.22483,-0.867749
3.7298,1.2041,-0.869331
3.73897,1.18178,-0.869783
3.74895,1.15968,-0.870461
3.75786,1.13722,-0.870913
3.76196,1.11331,-0.870235
3.76124,1.08804,-0.868427
3.75097,1.06018,-0.864359
3.75177,1.03559,-0.863004
3.75241,1.01103,-0.861648
3.75571,0.987239,-0.86097
3.7617,0.964176,-0.86097
3.76849,0.941313,-0.861196
3.7723,0.917712,-0.860744
3.78166,0.895445,-0.861648
3.78803,0.872443,-0.861874
3.80282,0.851311,-0.864133
3.81082,0.828582,-0.864811
3.81393,0.804782,-0.864359
3.8188,0.781365,-0.864359
3.81492,0.756214,-0.862326
3.81853,0.732609,-0.8621
3.81433,0.707567,-0.860066
3.81381,0.683291,-0.858936
3.82081,0.660374,-0.859614
3.81998,0.636118,-0.858484
3.8267,0.613129,-0.859162
3.82943,0.589489,-0.858936
3.83876,0.566835,-0.860292
3.85374,0.544905,-0.863004
3.86473,0.522292,-0.864811
3.8669,0.498444,-0.864585
3.87762,0.475656,-0.866393
3.87756,0.451516,-0.865715
3.88026,0.427716,-0.865715
3.87699,0.403295,-0.864359
3.87358,0.37893,-0.863004
3.8671,0.354356,-0.86097
3.86629,0.330372,-0.860292
3.87893,0.307489,-0.862778
3.87588,0.283328,-0.861648
3.88727,0.26019,-0.863908
3.89074,0.236451,-0.864359
3.89406,0.21268,-0.864811
3.89626,0.188829,-0.865037
3.88664,0.164467,-0.862552
3.88758,0.140616,-0.862552
3.88934,0.116789,-0.862778
3.89388,0.0930144,-0.863682
3.88561,0.0689656,-0.861648
1.49852,0.0176461,-0.307792
1.50055,0.00846149,-0.308244
1.54051,-0.000776341,-0.317509
1.48885,-0.0098725,-0.305532
3.87226,-0.0500795,-0.858484
3.86214,-0.0736515,-0.856224
3.86162,-0.0973478,-0.856224
3.86582,-0.121194,-0.857354
3.86111,-0.144765,-0.85645
3.87669,-0.169177,-0.860292
3.88239,-0.193301,-0.861874
3.88794,-0.217501,-0.863456
3.89236,-0.241715,-0.864811
3.88498,-0.265195,-0.863456
3.87259,-0.288232,-0.86097
3.87657,-0.312458,-0.862326
3.86488,-0.335395,-0.860066
3.8579,-0.358652,-0.858936
3.85853,-0.382606,-0.859614
3.84836,-0.405457,-0.857806
3.84484,-0.428954,-0.85758
3.83729,-0.451967,-0.85645
3.83348,-0.475384,-0.856224
3.8247,-0.498141,-0.854869
3.81578,-0.520809,-0.853513
3.81347,-0.54435,-0.853739
3.80524,-0.56702,-0.852609
3.81613,-0.592602,-0.855999
3.81723,-0.616783,-0.857128
3.81242,-0.640033,-0.856902
3.80842,-0.663413,-0.856902
3.80619,-0.687115,-0.857354
3.79999,-0.710098,-0.856902
3.78982,-0.732292,-0.855547
3.76806,-0.752098,-0.851479
3.7796,-0.778547,-0.855321
3.76522,-0.799699,-0.853061
3.75739,-0.822161,-0.852383
3.75512,-0.845843,-0.853061
3.74986,-0.868868,-0.853061
3.7492,-0.89299,-0.854191
3.74081,-0.915283,-0.853513
3.74363,-0.940355,-0.855547
3.73024,-0.961363,-0.853739
3.72144,-0.983486,-0.853061
3.72568,-1.0091,-0.855547
3.70816,-1.02882,-0.852835
3.70927,-1.05368,-0.854643
3.70086,-1.07588,-0.854191
3.69793,-1.09968,-0.855095
3.6734,-1.11696,-0.850801
3.66927,-1.14035,-0.851479
3.66499,-1.16372,-0.852157
3.65222,-1.18439,-0.850801
3.64766,-1.20769,-0.851479
3.6448,-1.23161,-0.852609
3.63257,-1.25236,-0.851479
3.62849,-1.27592,-0.852383
3.56374,-1.27777,-0.838373
3.61622,-1.32169,-0.853287
3.61443,-1.34624,-0.854869
3.60337,-1.36735,-0.854191
3.59764,-1.39049,-0.854869
3.58088,-1.40933,-0.852835
3.57216,-1.43127,-0.852835
3.56332,-1.45316,-0.852835
3.55163,-1.47388,-0.852157
3.54611,-1.49716,-0.853061
3.54044,-1.52043,-0.853965
3.52926,-1.54134,-0.853513
3.52686,-1.56613,-0.855321
3.5154,-1.58694,-0.854869
3.5056,-1.60848,-0.854869
3.50626,-1.6349,-0.85758
3.49352,-1.65514,-0.856902
3.48769,-1.67865,-0.858032
3.48432,-1.70344,-0.85984
3.47642,-1.72609,-0.860518
3.46403,-1.74651,-0.860066
3.44804,-1.76507,-0.85871
3.43801,-1.78664,-0.858936
3.4244,-1.80634,-0.858258
3.41325,-1.82732,-0.858258
3.39855,-1.84637,-0.857354
3.38545,-1.86625,-0.856902
3.38074,-1.89079,-0.85871
3.35721,-1.90476,-0.855547
3.33955,-1.92193,-0.853965
3.33443,-1.94631,-0.855773
3.31655,-1.96326,-0.854191
3.29693,-1.97906,-0.852157
3.29055,-2.0028,-0.853739
3.28068,-2.02449,-0.854417
3.27481,-2.04871,-0.856224
3.26546,-2.07085,-0.857128
3.25925,-2.09507,-0.858936
3.23246,-2.10598,-0.855095
3.2211,-2.12685,-0.855547
3.20799,-2.14658,-0.855547
3.18589,-2.1602,-0.853061
3.17659,-2.18247,-0.854191
3.15834,-2.19858,-0.852835
3.13365,-2.21006,-0.849671
3.11845,-2.22811,-0.849219
3.10393,-2.24663,-0.848993
3.0838,-2.26103,-0.847186
3.08238,-2.2892,-0.850801
3.07295,-2.31158,-0.852157
3.0618,-2.33276,-0.853061
3.04203,-2.34733,-0.851479
3.02988,-2.36776,-0.852157
3.01071,-2.38267,-0.850801
2.99831,-2.40293,-0.851479
2.97897,-2.4176,-0.850123
2.96333,-2.43521,-0.849897
2.95208,-2.45647,-0.851027
2.92279,-2.46261,-0.846734
2.90837,-2.48113,-0.84696
2.88793,-2.49447,-0.845378
2.8799,-2.51855,-0.847638
2.87096,-2.54199,-0.849671
2.85168,-2.55631,-0.848541
2.83883,-2.57637,-0.849445
2.82512,-2.59572,-0.850123
2.80628,-2.61035,-0.849219
2.79092,-2.62819,-0.849445
2.77404,-2.64459,-0.849219
2.75496,-2.65886,-0.848315
2.75113,-2.68797,-0.852383
2.73943,-2.70959,-0.853965
2.72413,-2.72773,-0.854417
2.70119,-2.73815,-0.852383
2.68706,-2.75747,-0.853287
2.66198,-2.76548,-0.850575
2.64362,-2.78035,-0.850123
2.60917,-2.77805,-0.844248
2.61129,-2.81472,-0.850801
2.59199,-2.82854,-0.850123
2.57459,-2.84439,-0.850123
2.56033,-2.86376,-0.851253
2.54916,-2.88672,-0.853513
2.53332,-2.90451,-0.854191
2.51736,-2.92222,-0.854869
2.49938,-2.93761,-0.854869
2.47755,-2.94841,-0.853513
2.46377,-2.96881,-0.855095
2.4313,-2.96654,-0.849897
2.42409,-2.99503,-0.853965
2.4081,-3.01289,-0.854869
2.38896,-3.02685,-0.854643
2.37573,-3.04836,-0.856676
2.35342,-3.05825,-0.855321
2.3352,-3.07341,-0.855547
2.30928,-3.07833,-0.852835
2.28745,-3.08853,-0.851705
2.26788,-3.10172,-0.851479
2.24767,-3.114,-0.851027
2.23417,-3.13566,-0.853287
2.21377,-3.14772,-0.852835
2.19386,-3.16044,-0.852609
2.17828,-3.17947,-0.854191
2.15382,-3.18551,-0.852157
2.13423,-3.19867,-0.852157
2.11296,-3.20926,-0.851479
2.09163,-3.21971,-0.850801
2.07342,-3.23495,-0.851479
2.05873,-3.25584,-0.853739
2.04645,-3.28081,-0.857128
2.02628,-3.29331,-0.857128
2.0025,-3.29985,-0.855547
1.98121,-3.3104,-0.855095
1.95443,-3.31159,-0.852157
1.93309,-3.32184,-0.851705
1.91509,-3.33786,-0.852835
1.88019,-3.32411,-0.846056
1.87162,-3.35686,-0.851705
1.85192,-3.36998,-0.852157
1.83214,-3.383,-0.852609
1.81318,-3.39761,-0.853513
1.79366,-3.41126,-0.854191
1.77449,-3.42566,-0.855095
1.75078,-3.43128,-0.853739
1.73057,-3.4437,-0.854191
1.70854,-3.45251,-0.853739
1.68391,-3.45592,-0.851931
1.66394,-3.46882,-0.852609
1.63389,-3.46047,-0.847864
1.61796,-3.48191,-0.850801
1.60021,-3.49975,-0.852835
1.5815,-3.51572,-0.854417
1.56345,-3.53337,-0.85645
1.54485,-3.55005,-0.858258
1.51652,-3.54423,-0.854417
1.50343,-3.57412,-0.859614
1.47254,-3.56168,-0.854191
1.44919,-3.56703,-0.853287
1.43306,-3.59034,-0.856902
1.41349,-3.60541,-0.858484
1.39449,-3.6222,-0.860518
1.37051,-3.62613,-0.859388
1.34858,-3.63538,-0.859614
1.32558,-3.64176,-0.859162
1.30124,-3.64432,-0.857806
1.27854,-3.65132,-0.85758
1.25769,-3.6637,-0.85871
1.23767,-3.67873,-0.860518
1.21843,-3.69644,-0.863004
1.19961,-3.71589,-0.865941
1.17415,-3.71482,-0.863908
1.15105,-3.72103,-0.863682
1.12565,-3.71963,-0.861648
1.10281,-3.72647,-0.861648
1.08182,-3.73971,-0.86323
1.05991,-3.75003,-0.864133
1.03844,-3.7621,-0.865489
1.01964,-3.78439,-0.869331
0.998627,-3.79905,-0.871365
0,0,0
0,0,0
0,0,0
0,0,0
0,0,0
0,0,0
0,0,0
0,0,0
0,0,0
0,0,0
0,0,0
0,0,0
0,0,0
0,0,0
0,0,0
0,0,0
0,0,0
0,0,0
0,0,0
0,0,0
0,0,0
0,0,0
0,0,0
0,0,0
0,0,0
0,0,0
0,0,0
0,0,0
0,0,0
0,0,0
0,0,0
0,0,0
0,0,0
0,0,0
0,0,0
0,0,0
0,0,0
0,0,0
0,0,0
0,0,0
0,0,0
0,0,0
0,0,0
0,0,0
0,0,0
0,0,0
0,0,0
0,0,0
0,0,0
0,0,0
0,0,0
0,0,0
0,0,0
0,0,0
0,0,0
0,0,0
0,0,0
0,0,0
0,0,0
0,0,0
0,0,0
0,0,0
0,0,0
0,0,0
0,0,0
0,0,0
0,0,0
0,0,0
0,0,0
0,0,0
0,0,0
0,0,0
0,0,0
0,0,0
0,0,0
0,0,0
0,0,0
0,0,0
0,0,0
0,0,0
0,0,0
0,0,0
0,0,0
0,0,0
0,0,0
0,0,0
0,0,0
0,0,0
0,0,0
0,0,0
0,0,0
0,0,0
0,0,0
0,0,0
0,0,0
0,0,0
0,0,0
0,0,0
0,0,0
0,0,0
0,0,0
0,0,0
0,0,0
0,0,0
0,0,0
0,0,0
0,0,0
0,0,0
0,0,0
0,0,0
0,0,0
0,0,0
0,0,0
0,0,0
0,0,0
0,0,0
0,0,0
0,0,0
0,0,0
0,0,0
0,0,0
0,0,0
0,0,0
0,0,0
0,0,0
0,0,0
0,0,0
0,0,0
0,0,0
0,0,0
0,0,0
0,0,0
0,0,0
0,0,0
0,0,0
0,0,0
0,0,0
0,0,0
0,0,0
0,0,0
0,0,0
0,0,0
0,0,0
0,0,0
0,0,0
0,0,0
0,0,0
0,0,0
0,0,0
0,0,0
0,0,0
0,0,0
0,0,0
0,0,0
0,0,0
0,0,0
0,0,0
0,0,0
0,0,0
0,0,0
0,0,0
0,0,0
0,0,0
0,0,0
0,0,0
0,0,0
0,0,0
0,0,0
0,0,0
0,0,0
0,0,0
0,0,0
0,0,0
0,0,0
0,0,0
0,0,0
0,0,0
0,0,0
0,0,0
0,0,0
0,0,0
0,0,0
0,0,0
0,0,0
0,0,0
0,0,0
0,0,0
0,0,0
0,0,0
0,0,0
0,0,0
0,0,0
0,0,0
0,0,0
0,0,0
0,0,0
0,0,0
0,0,0
0,0,0
0,0,0
0,0,0
0,0,0
0,0,0
0,0,0
0,0,0
0,0,0
0,0,0
0,0,0
0,0,0
0,0,0
0,0,0
0,0,0
0,0,0
0,0,0
0,0,0
0,0,0
0,0,0
0,0,0
0,0,0
0,0,0
0,0,0
0,0,0
0,0,0
0,0,0
0,0,0
0,0,0
0,0,0
0,0,0
0,0,0
0,0,0
0,0,0
0,0,0
0,0,0
0,0,0
0,0,0
0,0,0
0,0,0
0,0,0
0,0,0
0,0,0
0,0,0
0,0,0
0,0,0
0,0,0
0,0,0
0,0,0
0,0,0
0,0,0
0,0,0
0,0,0
0,0,0
0,0,0
0,0,0
0,0,0
0,0,0
0,0,0
0,0,0
0,0,0
0,0,0
0,0,0
0,0,0
0,0,0
0,0,0
0,0,0
0,0,0
0,0,0
0,0,0
0,0,0
0,0,0
0,0,0
0,0,0
0,0,0
0,0,0
0,0,0
0,0,0
0,0,0
0,0,0
0,0,0
0,0,0
0,0,0
0,0,0
0,0,0
0,0,0
0,0,0
0,0,0
0,0,0
0,0,0
0,0,0
0,0,0
0,0,0
0,0,0
0,0,0
0,0,0
0,0,0
0,0,0
0,0,0
0,0,0
0,0,0
0,0,0
0,0,0
0,0,0
0,0,0
0,0,0
0,0,0
0,0,0
0,0,0
0,0,0
0,0,0
0,0,0
0,0,0
0,0,0
0,0,0
0,0,0
0,0,0
0,0,0
0,0,0
0,0,0
0,0,0
0,0,0
0,0,0
0,0,0
0,0,0
0,0,0
0,0,0
0,0,0
0,0,0
0,0,0
0,0,0
0,0,0
0,0,0
0,0,0
0,0,0
0,0,0
0,0,0
0,0,0
0,0,0
0,0,0
0,0,0
0,0,0
0,0,0
0,0,0
0,0,0
0,0,0
0,0,0
0,0,0
0,0,0
0,0,0
0,0,0
0,0,0
0,0,0
0,0,0
0,0,0
0,0,0
0,0,0
0,0,0
0,0,0
0,0,0
0,0,0
0,0,0
0,0,0
0,0,0
0,0,0
0,0,0
0,0,0
0,0,0
0,0,0
0,0,0
0,0,0
0,0,0
0,0,0
0,0,0
0,0,0
0,0,0
0,0,0
0,0,0
0,0,0
0,0,0
0,0,0
0,0,0
0,0,0
0,0,0
0,0,0
0,0,0
0,0,0
0,0,0
0,0,0
0,0,0
0,0,0
0,0,0
0,0,0
0,0,0
0,0,0
0,0,0
0,0,0
0,0,0
0,0,0
0,0,0
0,0,0
0,0,0
0,0,0
0,0,0
0,0,0
0,0,0
0,0,0
0,0,0
0,0,0
0,0,0
0,0,0
0,0,0
0,0,0
0,0,0
0,0,0
0,0,0
0,0,0
0,0,0
0,0,0
0,0,0
0,0,0
0,0,0
0,0,0
0,0,0
0,0,0
0,0,0
0,0,0
0,0,0
0,0,0
0,0,0
0,0,0
0,0,0
0,0,0
0,0,0
0,0,0
0,0,0
0,0,0
0,0,0
0,0,0
0,0,0
0,0,0
0,0,0
0,0,0
0,0,0
0,0,0
0,0,0
0,0,0
0,0,0
0,0,0
0,0,0
0,0,0
0,0,0
0,0,0
0,0,0
0,0,0
0,0,0
0,0,0
0,0,0
0,0,0
0,0,0
0,0,0
0,0,0
0,0,0
0,0,0
0,0,0
0,0,0
0,0,0
0,0,0
0,0,0
0,0,0
0,0,0
0,0,0
0,0,0
0,0,0
0,0,0
0,0,0
0,0,0
0,0,0
0,0,0
0,0,0
0,0,0
0,0,0
0,0,0
0,0,0
0,0,0
0,0,0
0,0,0
0,0,0
0,0,0
0,0,0
0,0,0
0,0,0
0,0,0
0,0,0
0,0,0
0,0,0
0,0,0
0,0,0
0,0,0
0,0,0
0,0,0
0,0,0
0,0,0
0,0,0
0,0,0
0,0,0
0,0,0
0,0,0
0,0,0
0,0,0
0,0,0
0,0,0
0,0,0
0,0,0
0,0,0
0,0,0
0,0,0
0,0,0
0,0,0
0,0,0
0,0,0
0,0,0
0,0,0
0,0,0
0,0,0
0,0,0
0,0,0
0,0,0
0,0,0
0,0,0
0,0,0
0,0,0
0,0,0
0,0,0
0,0,0
0,0,0
0,0,0
0,0,0
0,0,0
0,0,0
0,0,0
0,0,0
0,0,0
0,0,0
0,0,0
0,0,0
0,0,0
0,0,0
0,0,0
0,0,0
0,0,0
0,0,0
0,0,0
0,0,0
0,0,0
0,0,0
0,0,0
0,0,0
0,0,0
0,0,0
0,0,0
0,0,0
0,0,0
0,0,0
0,0,0
0,0,0
0,0,0
0,0,0
0,0,0
0,0,0
0,0,0
0,0,0
0,0,0
0,0,0
0,0,0
0,0,0
0,0,0
0,0,0
0,0,0
0,0,0
0,0,0
0,0,0
0,0,0
0,0,0
0,0,0
0,0,0
0,0,0
0,0,0
0,0,0
0,0,0
0,0,0
0,0,0
0,0,0
0,0,0
0,0,0
0,0,0
0,0,0
0,0,0
0,0,0
0,0,0
0,0,0
0,0,0
0,0,0
0,0,0
0,0,0
0,0,0
0,0,0
0,0,0
0,0,0
0,0,0
0,0,0
0,0,0
0,0,0
0,0,0
0,0,0
0,0,0
0,0,0
0,0,0
0,0,0
0,0,0
0,0,0
1.2335,3.96733,-0.977368
1.25165,3.94024,-0.972373
1.27191,3.92048,-0.969281
1.28862,3.89047,-0.963573
1.3106,3.87697,-0.962145
1.32772,3.84957,-0.95715
1.34971,3.83677,-0.955961
1.38404,3.85859,-0.96381
1.39502,3.81535,-0.954772
0,0,0
1.44001,3.79341,-0.953583
0,0,0
1.48006,3.75918,-0.949301
1.49984,3.74191,-0.94716
1.51838,3.72185,-0.944306
1.54342,3.71784,-0.945733
1.56356,3.70204,-0.944068
1.58548,3.69059,-0.943593
1.60343,3.67011,-0.940738
1.62001,3.64689,-0.937171
1.64355,3.63953,-0.937884
1.66464,3.62673,-0.937171
1.68686,3.61645,-0.937171
1.70611,3.59989,-0.935506
1.7248,3.58235,-0.933603
1.74589,3.56995,-0.933127
1.76258,3.54873,-0.930273
1.78476,3.53872,-0.930511
1.80423,3.52338,-0.929321
1.82447,3.50965,-0.928608
1.8437,3.4941,-0.927418
1.86282,3.47844,-0.926229
1.88552,3.4695,-0.926943
1.90349,3.45191,-0.925278
1.92605,3.44271,-0.925991
1.94666,3.42998,-0.925753
1.96961,3.42134,-0.926705
1.99203,3.41171,-0.927418
2.00551,3.38688,-0.923851
2.02675,3.37535,-0.924088
2.04692,3.36202,-0.923851
2.06649,3.34774,-0.923375
2.08082,3.32512,-0.920521
2.10222,3.31393,-0.920996
2.12094,3.29851,-0.920283
2.14008,3.28381,-0.919807
2.15912,3.269,-0.919331
2.17697,3.25246,-0.91838
2.1958,3.23743,-0.917904
2.21837,3.2279,-0.919093
2.22926,3.20147,-0.915288
2.24718,3.18535,-0.914574
2.2633,3.16676,-0.913147
2.2787,3.1473,-0.911482
2.30026,3.1364,-0.912434
2.31599,3.11754,-0.911006
2.33741,3.10638,-0.911958
2.35407,3.08889,-0.911006
2.37417,3.07592,-0.911482
2.39061,3.05824,-0.910531
2.40692,3.04046,-0.909579
2.42674,3.02715,-0.910055
2.43303,2.99712,-0.905298
2.45446,2.98589,-0.906487
2.46901,2.96629,-0.90506
2.48215,2.94514,-0.903157
2.49766,2.9269,-0.902206
2.51049,2.90564,-0.900303
2.52572,2.88726,-0.899352
2.54145,2.86952,-0.898638
2.56031,2.85532,-0.899114
2.57909,2.841,-0.899589
2.5991,2.82798,-0.900541
2.61971,2.81553,-0.90173
2.63627,2.7987,-0.901492
2.65004,2.77896,-0.900303
2.663,2.75845,-0.898876
2.67987,2.74206,-0.898876
2.69255,2.72142,-0.897449
2.7092,2.70485,-0.897449
2.71814,2.68067,-0.894832
2.73801,2.66733,-0.896022
2.74663,2.64307,-0.893405
2.76843,2.63152,-0.895308
2.7824,2.61249,-0.894594
2.80265,2.59933,-0.896022
2.81639,2.58012,-0.895308
2.83001,2.56083,-0.894594
2.85219,2.54925,-0.896735
2.86341,2.52784,-0.895308
2.87155,2.50384,-0.892929
2.88759,2.4868,-0.893167
2.90058,2.46715,-0.892454
2.91269,2.44681,-0.891502
2.92167,2.42392,-0.889599
2.93648,2.40595,-0.889599
2.94968,2.38667,-0.889124
2.96048,2.36549,-0.887934
2.9757,2.34788,-0.888172
2.99081,2.33018,-0.88841
3.01044,2.31593,-0.890075
3.01841,2.29271,-0.888172
3.02077,2.2654,-0.884604
3.03539,2.2474,-0.884842
3.04364,2.22472,-0.883177
3.05408,2.20373,-0.882226
3.07308,2.1889,-0.883891
3.06977,2.15826,-0.878896
3.11407,2.16099,-0.888172
3.13529,2.14733,-0.890551
3.14197,2.1237,-0.888648
3.15171,2.10223,-0.887697
3.15319,2.07537,-0.884367
3.15691,2.05016,-0.88175
3.16697,2.02918,-0.881037
3.17198,2.00504,-0.878896
3.18999,1.98913,-0.880561
3.20379,1.97054,-0.881037
3.21084,1.94782,-0.87961
3.22939,1.93208,-0.881512
3.23701,1.90976,-0.880323
3.24866,1.88986,-0.880323
3.24251,1.85974,-0.875328
3.25893,1.84267,-0.876755
3.27017,1.82264,-0.876755
3.2813,1.80254,-0.876755
3.29315,1.78284,-0.876993
3.30231,1.76168,-0.876517
3.30704,1.73822,-0.874852
3.3142,1.71611,-0.873901
3.33504,1.70104,-0.876755
3.34021,1.67793,-0.875328
3.35219,1.65826,-0.875804
3.36317,1.63809,-0.876042
3.37403,1.61784,-0.87628
3.39005,1.60001,-0.877945
3.40332,1.58082,-0.878896
3.41119,1.5591,-0.87842
3.42424,1.53973,-0.879372
3.42829,1.51634,-0.877945
3.43664,1.49488,-0.877707
3.452,1.47645,-0.879372
3.45114,1.45109,-0.876755
3.46268,1.431,-0.877469
3.47229,1.41009,-0.877707
3.47186,1.38516,-0.875328
3.48029,1.36383,-0.875328
3.46956,1.33512,-0.870333
3.47769,1.31381,-0.870333
3.48113,1.29075,-0.869144
3.49902,1.27302,-0.87176
3.50768,1.25186,-0.871998
3.52172,1.23256,-0.873663
3.52003,1.20777,-0.871285
3.52737,1.18615,-0.871285
3.53919,1.16601,-0.872474
3.52502,1.1374,-0.867003
3.54583,1.12014,-0.870571
3.55171,1.09808,-0.870333
3.55466,1.07514,-0.869382
3.55653,1.05193,-0.868192
3.57318,1.03306,-0.870809
3.57011,1.00847,-0.86843
3.57342,0.98577,-0.867717
3.59065,0.966859,-0.870571
3.5937,0.944068,-0.869857
3.59849,0.921759,-0.86962
3.6003,0.898719,-0.868668
3.60953,0.87753,-0.86962
3.60728,0.853574,-0.867717
3.61624,0.832297,-0.868668
3.62696,0.811367,-0.870095
3.63092,0.78889,-0.869857
3.6452,0.768603,-0.872236
3.64604,0.745443,-0.871285
3.64388,0.721734,-0.86962
3.64919,0.699545,-0.869857
3.65055,0.676609,-0.869144
3.6575,0.654711,-0.869857
3.66432,0.632754,-0.870571
3.66717,0.610098,-0.870333
3.67085,0.587586,-0.870333
3.68879,0.56727,-0.873901
3.67874,0.542636,-0.870571
3.68393,0.520326,-0.871047
3.6909,0.498233,-0.871998
3.69196,0.475328,-0.871522
3.69674,0.452903,-0.871998
0,0,0
3.69622,0.406864,-0.870571
3.69285,0.383573,-0.869144
3.68644,0.360055,-0.867003
0,0,0
3.71574,0.316943,-0.873187
3.706,0.293215,-0.870333
3.68835,0.269051,-0.865576
3.69381,0.246674,-0.866527
3.70495,0.224596,-0.868906
3.70723,0.201911,-0.869144
3.71034,0.179255,-0.86962
3.71428,0.156609,-0.870333
3.70838,0.133569,-0.868668
3.70427,0.110665,-0.867479
3.70973,0.0880511,-0.868668
3.70729,0.0652348,-0.867955
1.50487,0.0165582,-0.328499
1.503,0.00731331,-0.328023
1.50204,-0.00190855,-0.327785
3.71555,-0.0258179,-0.869857
3.7124,-0.0485784,-0.869144
3.71786,-0.0714666,-0.870571
3.70182,-0.0938884,-0.866765
3.71088,-0.116903,-0.869144
3.70524,-0.13949,-0.867955
3.70432,-0.162222,-0.867955
3.70519,-0.185044,-0.86843
3.69817,-0.207451,-0.867003
3.69973,-0.230319,-0.867717
3.69534,-0.252817,-0.867003
3.69082,-0.275271,-0.86629
3.6968,-0.298535,-0.868192
3.68716,-0.320542,-0.86629
3.68802,-0.34343,-0.867003
3.68778,-0.366244,-0.867479
3.6787,-0.388153,-0.865814
3.67239,-0.410288,-0.864863
3.6727,-0.433154,-0.865576
3.66419,-0.454965,-0.864149
3.65555,-0.476688,-0.862722
3.66603,-0.500945,-0.866052
3.65712,-0.522608,-0.864625
3.65864,-0.545752,-0.865814
3.6629,-0.569382,-0.867717
3.65934,-0.591847,-0.867717
3.65564,-0.614289,-0.867717
3.65659,-0.637541,-0.868906
3.64496,-0.658586,-0.867003
3.63608,-0.680047,-0.865814
3.61944,-0.699951,-0.862722
3.60555,-0.720247,-0.860343
3.59726,-0.741573,-0.859392
3.58979,-0.763027,-0.858678
3.58314,-0.784624,-0.858203
3.58584,-0.808301,-0.860105
3.57703,-0.829412,-0.859154
3.56998,-0.850895,-0.858678
3.56658,-0.873245,-0.859154
3.55833,-0.894403,-0.85844
3.55277,-0.91622,-0.85844
3.54709,-0.938002,-0.85844
3.53658,-0.95848,-0.857251
3.53156,-0.980422,-0.857489
3.51333,-0.998624,-0.854397
3.50528,-1.01962,-0.853921
3.49057,-1.03862,-0.85178
3.48135,-1.05917,-0.851067
3.48035,-1.08224,-0.852494
3.47735,-1.10475,-0.853445
3.47882,-1.12876,-0.855586
3.47275,-1.15039,-0.855824
3.46654,-1.17199,-0.856062
3.46021,-1.19355,-0.8563
3.45007,-1.2138,-0.855586
3.44438,-1.2356,-0.856062
3.434,-1.25571,-0.855348
3.42805,-1.27743,-0.855824
3.4256,-1.30051,-0.857251
3.41846,-1.32185,-0.857489
3.4139,-1.34423,-0.85844
3.40288,-1.36407,-0.857727
3.39355,-1.38455,-0.857489
3.37512,-1.40126,-0.854873
3.36646,-1.42194,-0.854873
3.36392,-1.44525,-0.856538
3.35143,-1.46431,-0.855586
3.35392,-1.48997,-0.858678
3.35091,-1.51332,-0.860343
3.33892,-1.53263,-0.85963
3.33561,-1.55596,-0.861295
3.31634,-1.57183,-0.858678
3.30051,-1.5892,-0.857013
3.29419,-1.61113,-0.857965
3.28772,-1.63304,-0.858916
3.27677,-1.65274,-0.858678
3.26138,-1.67016,-0.857251
3.2528,-1.69104,-0.857727
3.23548,-1.70734,-0.855824
3.22152,-1.72533,-0.854873
3.21088,-1.74506,-0.854873
3.20266,-1.76614,-0.855586
3.19346,-1.7867,-0.856062
3.1875,-1.80914,-0.857489
3.18139,-1.83157,-0.858916
3.17345,-1.85301,-0.859868
3.16286,-1.87295,-0.860105
3.14798,-1.89032,-0.859154
3.13134,-1.90657,-0.857727
3.11875,-1.92524,-0.857489
3.10771,-1.94485,-0.857727
3.09325,-1.96232,-0.857013
3.08524,-1.98389,-0.858203
3.07626,-2.00491,-0.859154
3.06391,-2.02374,-0.859154
3.0587,-2.04737,-0.861295
3.04125,-2.06282,-0.859868
3.02854,-2.08145,-0.859868
3.00375,-2.09167,-0.8563
2.99642,-2.11398,-0.857965
2.98023,-2.13007,-0.857013
2.97812,-2.15628,-0.860343
2.96248,-2.17279,-0.85963
2.94753,-2.18977,-0.859154
2.93249,-2.20665,-0.858678
2.91503,-2.22166,-0.857489
2.90134,-2.2395,-0.857489
2.88908,-2.25846,-0.857965
2.87364,-2.27494,-0.857489
2.85811,-2.29131,-0.857013
2.84174,-2.30697,-0.8563
2.82528,-2.32251,-0.855586
2.80873,-2.33794,-0.854873
2.79062,-2.352,-0.853683
2.77909,-2.3716,-0.854635
2.76522,-2.38925,-0.854873
2.74978,-2.40553,-0.854635
2.73933,-2.42622,-0.856062
2.72222,-2.44104,-0.855348
2.7036,-2.45443,-0.854159
2.69063,-2.47294,-0.854873
2.67754,-2.49139,-0.855586
2.6615,-2.50711,-0.855348
2.64888,-2.52607,-0.8563
2.63333,-2.54228,-0.8563
2.62046,-2.5611,-0.857251
2.60331,-2.57577,-0.856775
2.58197,-2.58619,-0.854873
2.564,-2.59991,-0.854159
2.54597,-2.61351,-0.853445
2.53191,-2.63118,-0.854159
2.51705,-2.64808,-0.854635
2.50142,-2.66418,-0.854873
2.48701,-2.68161,-0.855586
2.47182,-2.69825,-0.856062
2.45066,-2.70833,-0.854397
2.43529,-2.72476,-0.854873
2.42238,-2.74402,-0.8563
2.39975,-2.75225,-0.854159
2.38979,-2.77502,-0.856775
2.3809,-2.79924,-0.859868
2.36493,-2.81529,-0.860343
2.3563,-2.84021,-0.863673
2.34376,-2.86062,-0.865576
2.31577,-2.86211,-0.861533
2.3018,-2.88082,-0.86296
2.27806,-2.88727,-0.860581
2.25792,-2.89813,-0.85963
2.23535,-2.90577,-0.857727
2.21395,-2.91479,-0.8563
2.19311,-2.92444,-0.85511
2.17166,-2.93315,-0.853683
2.15477,-2.94799,-0.854159
2.1355,-2.95958,-0.853683
2.12125,-2.97817,-0.855348
2.10293,-2.99113,-0.855348
2.08066,-2.99839,-0.853683
2.06717,-3.01831,-0.855824
2.04317,-3.02289,-0.853445
2.01811,-3.02568,-0.850591
2.00699,-3.04936,-0.853921
1.98665,-3.05917,-0.853208
1.96522,-3.06722,-0.852018
1.94636,-3.07922,-0.852018
1.36594,-2.19125,-0.59228
1.35807,-2.20869,-0.594897
1.33996,-2.20951,-0.592756
1.89116,-3.16106,-0.862008
1.86877,-3.16758,-0.860581
1.84539,-3.17228,-0.858678
1.82299,-3.17848,-0.857251
1.80249,-3.18792,-0.856775
1.78006,-3.19383,-0.855348
1.7623,-3.2081,-0.8563
1.74906,-3.23081,-0.85963
1.72555,-3.23462,-0.857727
1.70928,-3.25203,-0.85963
1.6893,-3.26245,-0.85963
1.66527,-3.26497,-0.857489
1.64434,-3.27339,-0.857013
1.62551,-3.28603,-0.857727
1.60574,-3.29682,-0.857965
1.58002,-3.29522,-0.854873
1.5689,-3.32418,-0.860105
1.54929,-3.3355,-0.860581
1.52678,-3.34053,-0.859392
1.50545,-3.34806,-0.858916
1.48174,-3.35013,-0.857013
1.45999,-3.35649,-0.8563
1.4451,-3.37878,-0.859868
1.42472,-3.38848,-0.860105
1.40798,-3.40703,-0.862722
1.38486,-3.4102,-0.861295
1.36967,-3.43307,-0.8651
1.35071,-3.44684,-0.866527
1.32185,-3.43512,-0.861295
1.30453,-3.45316,-0.863911
0,0,0
0,0,0
1.23552,-3.46195,-0.860105
1.21393,-3.46855,-0.859868
1.19673,-3.48787,-0.86296
1.17314,-3.48871,-0.861295
0,0,0
1.13531,-3.51855,-0.865338
0,0,0
0,0,0
0,0,0
0,0,0
0,0,0
0,0,0
0,0,0
0,0,0
0,0,0
0,0,0
0,0,0
0,0,0
0,0,0
0,0,0
0,0,0
0,0,0
0,0,0
0,0,0
0,0,0
0,0,0
0,0,0
0,0,0
0,0,0
0,0,0
0,0,0
0,0,0
0,0,0
0,0,0
0,0,0
0,0,0
0,0,0
0,0,0
0,0,0
0,0,0
0,0,0
0,0,0
0,0,0
0,0,0
0,0,0
0,0,0
0,0,0
0,0,0
0,0,0
0,0,0
0,0,0
0,0,0
0,0,0
0,0,0
0,0,0
0,0,0
0,0,0
0,0,0
0,0,0
0,0,0
0,0,0
0,0,0
0,0,0
0,0,0
0,0,0
0,0,0
0,0,0
0,0,0
0,0,0
0,0,0
0,0,0
0,0,0
0,0,0
0,0,0
0,0,0
0,0,0
0,0,0
0,0,0
0,0,0
0,0,0
0,0,0
0,0,0
0,0,0
0,0,0
0,0,0
0,0,0
0,0,0
0,0,0
0,0,0
0,0,0
0,0,0
0,0,0
0,0,0
0,0,0
0,0,0
0,0,0
0,0,0
0,0,0
0,0,0
0,0,0
0,0,0
0,0,0
0,0,0
0,0,0
0,0,0
0,0,0
0,0,0
0,0,0
0,0,0
0,0,0
0,0,0
0,0,0
0,0,0
0,0,0
0,0,0
0,0,0
0,0,0
0,0,0
0,0,0
0,0,0
0,0,0
0,0,0
0,0,0
0,0,0
0,0,0
0,0,0
0,0,0
0,0,0
0,0,0
0,0,0
0,0,0
0,0,0
0,0,0
0,0,0
0,0,0
0,0,0
0,0,0
0,0,0
0,0,0
0,0,0
0,0,0
0,0,0
0,0,0
0,0,0
0,0,0
0,0,0
0,0,0
0,0,0
0,0,0
0,0,0
0,0,0
0,0,0
0,0,0
0,0,0
0,0,0
0,0,0
0,0,0
0,0,0
0,0,0
0,0,0
0,0,0
0,0,0
0,0,0
0,0,0
0,0,0
0,0,0
0,0,0
0,0,0
0,0,0
0,0,0
0,0,0
0,0,0
0,0,0
0,0,0
0,0,0
0,0,0
0,0,0
0,0,0
0,0,0
0,0,0
0,0,0
0,0,0
0,0,0
0,0,0
0,0,0
0,0,0
0,0,0
0,0,0
0,0,0
0,0,0
0,0,0
0,0,0
0,0,0
0,0,0
0,0,0
0,0,0
0,0,0
0,0,0
0,0,0
0,0,0
0,0,0
0,0,0
0,0,0
0,0,0
0,0,0
0,0,0
0,0,0
0,0,0
0,0,0
0,0,0
0,0,0
0,0,0
0,0,0
0,0,0
0,0,0
0,0,0
0,0,0
0,0,0
0,0,0
0,0,0
0,0,0
0,0,0
0,0,0
0,0,0
0,0,0
0,0,0
0,0,0
0,0,0
0,0,0
0,0,0
0,0,0
0,0,0
0,0,0
0,0,0
0,0,0
0,0,0
0,0,0
0,0,0
0,0,0
0,0,0
0,0,0
0,0,0
0,0,0
0,0,0
0,0,0
0,0,0
0,0,0
0,0,0
0,0,0
0,0,0
0,0,0
0,0,0
0,0,0
0,0,0
0,0,0
0,0,0
0,0,0
0,0,0
0,0,0
0,0,0
0,0,0
0,0,0
0,0,0
0,0,0
0,0,0
0,0,0
0,0,0
0,0,0
0,0,0
0,0,0
0,0,0
0,0,0
0,0,0
0,0,0
0,0,0
0,0,0
0,0,0
0,0,0
0,0,0
0,0,0
0,0,0
0,0,0
0,0,0
0,0,0
0,0,0
0,0,0
0,0,0
0,0,0
0,0,0
0,0,0
0,0,0
0,0,0
0,0,0
0,0,0
0,0,0
0,0,0
0,0,0
0,0,0
0,0,0
0,0,0
0,0,0
0,0,0
0,0,0
0,0,0
0,0,0
0,0,0
0,0,0
0,0,0
0,0,0
0,0,0
0,0,0
0,0,0
0,0,0
0,0,0
0,0,0
0,0,0
0,0,0
0,0,0
0,0,0
0,0,0
0,0,0
0,0,0
0,0,0
0,0,0
0,0,0
0,0,0
0,0,0
0,0,0
0,0,0
0,0,0
0,0,0
0,0,0
0,0,0
0,0,0
0,0,0
0,0,0
0,0,0
0,0,0
0,0,0
0,0,0
0,0,0
0,0,0
0,0,0
0,0,0
0,0,0
0,0,0
0,0,0
0,0,0
0,0,0
0,0,0
0,0,0
0,0,0
0,0,0
0,0,0
0,0,0
0,0,0
0,0,0
0,0,0
0,0,0
0,0,0
0,0,0
0,0,0
0,0,0
0,0,0
0,0,0
0,0,0
0,0,0
0,0,0
0,0,0
0,0,0
0,0,0
0,0,0
0,0,0
0,0,0
0,0,0
0,0,0
0,0,0
0,0,0
0,0,0
0,0,0
0,0,0
0,0,0
0,0,0
0,0,0
0,0,0
0,0,0
0,0,0
0,0,0
0,0,0
0,0,0
0,0,0
0,0,0
0,0,0
0,0,0
0,0,0
0,0,0
0,0,0
0,0,0
0,0,0
0,0,0
0,0,0
0,0,0
0,0,0
0,0,0
0,0,0
0,0,0
0,0,0
0,0,0
0,0,0
0,0,0
0,0,0
0,0,0
0,0,0
0,0,0
0,0,0
0,0,0
0,0,0
0,0,0
0,0,0
0,0,0
0,0,0
0,0,0
0,0,0
0,0,0
0,0,0
0,0,0
0,0,0
0,0,0
0,0,0
0,0,0
0,0,0
0,0,0
0,0,0
0,0,0
0,0,0
0,0,0
0,0,0
0,0,0
0,0,0
0,0,0
0,0,0
0,0,0
0,0,0
0,0,0
0,0,0
0,0,0
0,0,0
0,0,0
0,0,0
0,0,0
0,0,0
0,0,0
0,0,0
0,0,0
0,0,0
0,0,0
0,0,0
0,0,0
0,0,0
0,0,0
0,0,0
0,0,0
0,0,0
0,0,0
0,0,0
0,0,0
0,0,0
0,0,0
0,0,0
0,0,0
0,0,0
0,0,0
0,0,0
0,0,0
0,0,0
0,0,0
0,0,0
0,0,0
0,0,0
0,0,0
0,0,0
0,0,0
0,0,0
0,0,0
0,0,0
0,0,0
0,0,0
0,0,0
0,0,0
0,0,0
0,0,0
0,0,0
0,0,0
0,0,0
0,0,0
0,0,0
0,0,0
0,0,0
0,0,0
0,0,0
0,0,0
0,0,0
0,0,0
0,0,0
0,0,0
0,0,0
0,0,0
0,0,0
0,0,0
0,0,0
0,0,0
0,0,0
0,0,0
0,0,0
0,0,0
0,0,0
0,0,0
0,0,0
0,0,0
0,0,0
0,0,0
0,0,0
0,0,0
0,0,0
0,0,0
0,0,0
0,0,0
0,0,0
0,0,0
0,0,0
0,0,0
0,0,0
0,0,0
0,0,0
0,0,0
0,0,0
0,0,0
0,0,0
0,0,0
0,0,0
0,0,0
0,0,0
0,0,0
0,0,0
0,0,0
0,0,0
0,0,0
0,0,0
0,0,0
0,0,0
0,0,0
0,0,0
0,0,0
0,0,0
0,0,0
0,0,0
0,0,0
0,0,0
0,0,0
0,0,0
0,0,0
0,0,0
0,0,0
0,0,0
0,0,0
0,0,0
0,0,0
0,0,0
0,0,0
0,0,0
0,0,0
0,0,0
0,0,0
0,0,0
0,0,0
0,0,0
0,0,0
0,0,0
0,0,0
0,0,0
0,0,0
0,0,0
0,0,0
0,0,0
0,0,0
0,0,0
0,0,0
0,0,0
0,0,0
0,0,0
0,0,0
0,0,0
0,0,0
0,0,0
0,0,0
0,0,0
0,0,0
0,0,0
0,0,0
0,0,0
0,0,0
0,0,0
0,0,0
0,0,0
0,0,0
0,0,0
0,0,0
0,0,0
1.27906,3.56927,-0.933261
1.3016,3.56317,-0.933759
1.31634,3.53606,-0.928536
1.33835,3.52882,-0.928785
1.35474,3.50699,-0.925055
1.37517,3.49591,-0.924309
1.39768,3.4901,-0.925055
1.42236,3.48953,-0.927293
1.45042,3.49684,-0.931769
1.47976,3.50662,-0.936992
1.5024,3.50014,-0.937738
1.52617,3.49618,-0.93923
1.54524,3.48144,-0.937738
1.56298,3.46395,-0.9355
1.57976,3.44461,-0.932764
1.6021,3.43748,-0.93351
1.61901,3.41884,-0.931023
1.6387,3.40622,-0.930277
1.65872,3.39436,-0.92978
1.67995,3.38499,-0.930028
1.69981,3.37288,-0.929531
1.72312,3.36756,-0.931023
1.73974,3.34919,-0.928785
1.75935,3.33674,-0.928288
1.78482,3.33528,-0.931023
1.80248,3.31915,-0.929531
1.8186,3.3004,-0.927293
1.83456,3.28157,-0.925055
1.85323,3.26772,-0.924309
1.87614,3.26133,-0.925801
1.89172,3.24223,-0.923562
1.91356,3.23389,-0.924557
1.93137,3.21877,-0.923562
1.95209,3.20851,-0.92406
1.97225,3.1973,-0.924309
1.99543,3.19088,-0.926049
2.00926,3.16958,-0.923314
2.03077,3.16045,-0.924309
2.04589,3.14144,-0.922319
2.05712,3.1167,-0.918589
2.07082,3.09597,-0.916102
2.08598,3.07759,-0.914361
2.10427,3.06394,-0.914112
2.11805,3.04381,-0.911874
2.13948,3.03472,-0.913117
2.162,3.02705,-0.914858
2.1811,3.01451,-0.915107
2.19841,2.99951,-0.91461
2.21562,2.98441,-0.914112
2.23214,2.96844,-0.913366
2.24621,2.94929,-0.911625
2.26308,2.93392,-0.911128
2.27567,2.91311,-0.90889
2.2893,2.89377,-0.907149
2.3058,2.87816,-0.906652
2.3228,2.86321,-0.906403
2.33541,2.84291,-0.904413
2.35033,2.82555,-0.903419
2.36326,2.80589,-0.901678
2.37477,2.78471,-0.89944
2.39498,2.77375,-0.900683
2.41195,2.759,-0.900683
2.42884,2.74415,-0.900683
2.44757,2.73136,-0.901429
2.46428,2.71629,-0.901429
2.48156,2.70183,-0.901678
2.50007,2.68868,-0.902424
2.51452,2.67117,-0.901678
2.53421,2.6592,-0.902921
2.54981,2.6429,-0.902673
2.56259,2.62375,-0.901429
2.57319,2.60246,-0.89944
2.58089,2.57841,-0.896455
2.59114,2.55708,-0.894466
2.60193,2.5364,-0.892725
2.61675,2.51972,-0.892476
2.63988,2.51096,-0.895212
2.65735,2.4967,-0.895958
2.67972,2.48694,-0.898445
2.69636,2.47176,-0.898942
2.70573,2.44997,-0.896953
2.71638,2.42945,-0.89546
2.7247,2.40696,-0.893222
2.74015,2.39083,-0.893471
2.75183,2.37145,-0.892476
2.76633,2.35452,-0.892476
2.77999,2.33688,-0.892228
2.79278,2.31854,-0.89173
2.80696,2.30136,-0.89173
2.81726,2.28104,-0.890487
2.82969,2.26251,-0.889989
2.83972,2.2421,-0.888746
2.85801,2.22821,-0.890238
2.87316,2.21181,-0.890735
2.88051,2.18945,-0.888746
2.89699,2.17406,-0.889741
2.89782,2.14702,-0.885762
2.90859,2.12748,-0.885016
2.92238,2.11016,-0.885264
2.91949,2.08095,-0.88029
2.92904,2.06077,-0.879296
2.95038,2.04883,-0.882031
2.9557,2.02576,-0.879793
2.96968,2.00867,-0.88029
2.98679,1.99364,-0.881783
2.99492,1.97261,-0.880539
3.0094,1.95578,-0.881285
3.02135,1.93728,-0.881285
3.02826,1.9156,-0.879793
3.04818,1.90211,-0.88228
3.05979,1.88337,-0.88228
3.06301,1.85953,-0.879793
3.07519,1.8412,-0.880042
3.07893,1.81787,-0.877804
3.08667,1.79699,-0.876809
3.09596,1.77705,-0.876311
3.09838,1.75326,-0.873824
3.10908,1.73421,-0.873824
3.1273,1.7193,-0.876063
3.13523,1.6987,-0.875317
3.15243,1.68307,-0.877306
3.1627,1.6637,-0.877306
3.17457,1.64515,-0.877804
3.18719,1.62696,-0.87855
3.19365,1.60564,-0.877555
3.20605,1.5873,-0.878301
3.22095,1.57015,-0.879793
3.22267,1.54658,-0.877555
3.24523,1.53298,-0.881285
3.24667,1.50937,-0.879047
3.2594,1.49103,-0.880042
3.25877,1.46663,-0.877306
3.27036,1.44778,-0.878052
3.27741,1.42692,-0.877555
3.28877,1.40792,-0.878301
3.2911,1.38509,-0.87656
3.30133,1.36561,-0.877057
3.30606,1.34387,-0.876063
3.31244,1.32284,-0.875565
3.31689,1.30107,-0.874571
3.31667,1.27756,-0.872332
3.32083,1.25582,-0.871338
3.32938,1.23576,-0.871586
3.33599,1.21497,-0.871338
3.34703,1.19578,-0.872332
3.3543,1.17522,-0.872332
3.3642,1.15556,-0.873078
3.37031,1.13459,-0.87283
3.37261,1.11237,-0.871586
3.38306,1.09285,-0.872581
3.386,1.0709,-0.871586
3.39251,1.05011,-0.871586
3.39796,1.02899,-0.871338
3.40514,1.0084,-0.871586
3.40568,0.985869,-0.870094
3.4154,0.966007,-0.871089
3.41192,0.942455,-0.868602
3.42138,0.92251,-0.869597
3.43916,0.904702,-0.87283
3.44558,0.883823,-0.873078
3.46785,0.866891,-0.877555
3.48534,0.848573,-0.880788
3.49143,0.827395,-0.881037
3.49832,0.806391,-0.881534
3.49659,0.783429,-0.879793
3.48429,0.758254,-0.875317
3.49552,0.738261,-0.877057
3.49903,0.716605,-0.876809
3.49861,0.69418,-0.875565
3.499,0.671969,-0.874571
3.51163,0.652078,-0.876809
3.52319,0.631886,-0.878798
3.51937,0.608936,-0.876809
3.52781,0.588126,-0.878052
3.51892,0.564475,-0.874819
3.51562,0.541841,-0.873078
3.51504,0.519693,-0.872084
3.51721,0.49798,-0.871835
3.51444,0.475611,-0.870343
3.51153,0.453294,-0.868851
3.5104,0.431267,-0.867856
3.52067,0.410616,-0.869845
3.52409,0.389112,-0.870094
3.53026,0.367883,-0.871089
3.53631,0.346592,-0.872084
3.53934,0.324976,-0.872332
3.55574,0.304491,-0.876063
3.57202,0.283816,-0.879793
3.5766,0.262106,-0.880539
3.5849,0.240608,-0.88228
3.59308,0.219019,-0.884021
3.59145,0.19681,-0.883275
3.58969,0.174628,-0.882529
3.58586,0.152394,-0.881285
3.57704,0.130038,-0.878798
3.57971,0.108145,-0.879296
3.57934,0.0861555,-0.879047
1.39696,0.0252919,-0.3185
1.50653,0.0179985,-0.346602
1.50758,0.00875966,-0.346851
1.49017,-0.000480578,-0.342374
1.39232,-0.00896622,-0.317257
3.60042,-0.04591,-0.884269
3.60879,-0.0681665,-0.886508
3.59668,-0.0900162,-0.883523
3.59219,-0.111962,-0.882529
3.59531,-0.134146,-0.883523
3.57893,-0.15553,-0.879544
3.58081,-0.177631,-0.88029
1.38343,-0.0768949,-0.315516
0,0,0
3.55181,-0.241799,-0.873824
0,0,0
3.54279,-0.2849,-0.872332
3.5429,-0.3068,-0.87283
3.54674,-0.329071,-0.874322
3.53791,-0.350158,-0.872581
3.53376,-0.371657,-0.872084
3.52949,-0.393118,-0.871586
3.51258,-0.413069,-0.867856
3.50326,-0.43378,-0.866115
3.49765,-0.454893,-0.865369
3.49575,-0.476476,-0.865618
3.49084,-0.497643,-0.86512
3.49539,-0.520194,-0.86711
3.495,-0.542078,-0.867856
3.47918,-0.561505,-0.864623
3.47853,-0.583323,-0.865369
3.47489,-0.604656,-0.865369
3.46539,-0.624934,-0.863877
3.45768,-0.645474,-0.862882
3.45271,-0.666494,-0.862633
3.4457,-0.687098,-0.861887
3.43383,-0.706665,-0.859898
3.42659,-0.727118,-0.859152
3.41355,-0.746267,-0.856914
3.40702,-0.766772,-0.856416
3.39753,-0.78657,-0.855173
3.37945,-0.804261,-0.851691
3.38009,-0.826363,-0.853183
3.37684,-0.847559,-0.853681
3.36595,-0.866813,-0.852188
3.36431,-0.888439,-0.853183
3.35786,-0.908812,-0.852935
3.35222,-0.929399,-0.852935
3.35018,-0.951008,-0.853929
3.348,-0.972628,-0.854924
3.33547,-0.991221,-0.853183
3.33396,-1.01308,-0.854427
3.33323,-1.03524,-0.855919
3.33513,-1.05831,-0.858157
3.33041,-1.07935,-0.858654
3.32833,-1.10129,-0.859898
3.32242,-1.122,-0.860147
3.31365,-1.14173,-0.859649
3.29744,-1.15883,-0.857162
3.28662,-1.17773,-0.856167
3.2666,-1.19322,-0.852686
3.2574,-1.21257,-0.852188
3.2499,-1.23253,-0.852188
3.23956,-1.2514,-0.851442
3.23813,-1.27374,-0.853183
3.23475,-1.29539,-0.854427
3.22495,-1.31448,-0.853929
3.2204,-1.33573,-0.854924
3.21393,-1.35621,-0.855421
3.19309,-1.37056,-0.85194
3.19349,-1.394,-0.854427
3.17249,-1.40807,-0.850945
3.1682,-1.4295,-0.852188
3.17257,-1.45497,-0.855919
3.15832,-1.47195,-0.854427
3.15273,-1.49296,-0.855421
3.14526,-1.51312,-0.855919
3.12895,-1.52899,-0.853929
3.11864,-1.54773,-0.853681
3.11168,-1.56814,-0.854427
3.10459,-1.58853,-0.855173
3.0922,-1.60621,-0.854427
3.084,-1.62606,-0.854924
3.07055,-1.64312,-0.853929
3.06297,-1.66332,-0.854675
3.05525,-1.68348,-0.855421
3.04571,-1.70267,-0.85567
3.03773,-1.72276,-0.856416
3.03214,-1.74426,-0.857908
3.02723,-1.76625,-0.859649
3.01967,-1.78677,-0.860644
3.01364,-1.80825,-0.862136
3.00248,-1.82671,-0.862136
2.98792,-1.84307,-0.861141
2.97409,-1.85982,-0.860395
2.95363,-1.87233,-0.85766
2.92986,-1.88257,-0.853929
2.92312,-1.90368,-0.855421
2.90088,-1.91464,-0.852188
2.89069,-1.93348,-0.852686
2.87717,-1.9501,-0.852188
2.86834,-1.96991,-0.853183
2.85143,-1.98415,-0.851691
2.84633,-2.00663,-0.853929
2.83475,-2.02462,-0.854178
2.82855,-2.04652,-0.856167
2.82297,-2.06899,-0.858406
2.80789,-2.08454,-0.85766
2.7935,-2.10057,-0.857162
2.77362,-2.11239,-0.854924
2.75217,-2.12286,-0.852188
2.74138,-2.14149,-0.852935
2.73883,-2.16669,-0.856416
2.72472,-2.18285,-0.856167
2.71278,-2.20074,-0.856665
2.70147,-2.21919,-0.857411
2.68557,-2.23387,-0.856665
2.67181,-2.2503,-0.856665
2.65796,-2.26666,-0.856665
2.64473,-2.28356,-0.856914
2.63286,-2.30165,-0.85766
2.61578,-2.3152,-0.856665
2.60153,-2.3312,-0.856665
2.58359,-2.34387,-0.855421
2.55775,-2.34919,-0.851442
2.54258,-2.36418,-0.851194
2.52873,-2.3804,-0.851442
2.51057,-2.39253,-0.850199
2.5049,-2.41663,-0.853432
2.48656,-2.42857,-0.852188
2.47575,-2.44787,-0.853681
2.46684,-2.46919,-0.855919
2.44756,-2.48014,-0.854427
2.4323,-2.49511,-0.854427
2.42097,-2.51417,-0.855919
2.40149,-2.52477,-0.854427
2.38596,-2.53946,-0.854427
2.37231,-2.55618,-0.855173
2.35265,-2.5664,-0.853681
2.33686,-2.58079,-0.853681
2.32292,-2.59725,-0.854427
2.31143,-2.61653,-0.856167
2.30424,-2.64088,-0.859649
2.28863,-2.65571,-0.859898
2.27982,-2.67855,-0.862882
2.26147,-2.69027,-0.862136
2.24059,-2.69887,-0.860395
2.22215,-2.71032,-0.859649
2.20243,-2.72014,-0.858406
2.18388,-2.73134,-0.85766
2.16108,-2.73708,-0.855173
2.14365,-2.74953,-0.854924
2.12438,-2.75956,-0.853929
2.10154,-2.76483,-0.851442
2.08338,-2.77612,-0.850945
2.06457,-2.78652,-0.850199
2.04858,-2.8007,-0.850696
2.03136,-2.81322,-0.850696
2.01743,-2.83036,-0.852188
2.00114,-2.84427,-0.852686
1.9831,-2.8557,-0.852437
1.96828,-2.87181,-0.853681
1.95225,-2.88624,-0.854427
1.9345,-2.89816,-0.854427
1.91828,-2.91241,-0.855173
1.89879,-2.92168,-0.854427
1.88135,-2.9341,-0.854675
1.86279,-2.94476,-0.854427
1.37918,-2.20997,-0.628616
1.34884,-2.19116,-0.620409
1.33537,-2.1994,-0.620409
1.34424,-2.24495,-0.631601
1.78045,-3.01553,-0.858903
1.76386,-3.02975,-0.859898
1.74186,-3.03464,-0.858157
1.72226,-3.04358,-0.85766
1.70166,-3.05071,-0.856665
1.68011,-3.056,-0.855173
1.66041,-3.06455,-0.854675
1.64157,-3.07468,-0.854675
1.62087,-3.08126,-0.853681
1.60505,-3.09717,-0.855421
1.58426,-3.10351,-0.854427
1.56649,-3.11577,-0.855173
1.54648,-3.12358,-0.854675
1.52602,-3.1304,-0.853929
1.51013,-3.14669,-0.855919
1.49079,-3.1559,-0.855919
1.47263,-3.16762,-0.856665
1.45437,-3.17924,-0.857411
1.43603,-3.19076,-0.858157
1.41486,-3.19596,-0.857162
1.39561,-3.20547,-0.857411
1.37477,-3.2113,-0.856665
1.35504,-3.21968,-0.856665
1.33711,-3.23241,-0.857908
1.31798,-3.24235,-0.858406
1.29447,-3.24138,-0.855919
1.27561,-3.25196,-0.856665
1.25877,-3.26786,-0.858903
1.23869,-3.27553,-0.858903
1.21857,-3.28307,-0.858903
1.18913,-3.265,-0.85194
1.18047,-3.30416,-0.860644
1.1589,-3.30768,-0.859649
1.14204,-3.32481,-0.862385
1.12378,-3.33818,-0.864126
1.1051,-3.35053,-0.865618
0,0,0
0,0,0
1.05726,-3.41564,-0.877804
0,0,0
1.0117,-3.41629,-0.874571
0.990984,-3.42336,-0.874819
0.96548,-3.41353,-0.870592
0.945548,-3.42313,-0.871586
0.92377,-3.42606,-0.87084
0.896573,-3.40824,-0.864623
0,0,0
0,0,0
0,0,0
0,0,0
0,0,0
0,0,0
0,0,0
0,0,0
0,0,0
0,0,0
0,0,0
0,0,0
0,0,0
0,0,0
0,0,0
0,0,0
0,0,0
0,0,0
0,0,0
0,0,0
0,0,0
0,0,0
0,0,0
0,0,0
0,0,0
0,0,0
0,0,0
0,0,0
0,0,0
0,0,0
0,0,0
0,0,0
0,0,0
0,0,0
0,0,0
0,0,0
0,0,0
0,0,0
0,0,0
0,0,0
0,0,0
0,0,0
0,0,0
0,0,0
0,0,0
0,0,0
0,0,0
0,0,0
0,0,0
0,0,0
0,0,0
0,0,0
0,0,0
0,0,0
0,0,0
0,0,0
0,0,0
0,0,0
0,0,0
0,0,0
0,0,0
0,0,0
0,0,0
0,0,0
0,0,0
0,0,0
0,0,0
0,0,0
0,0,0
0,0,0
0,0,0
0,0,0
0,0,0
0,0,0
0,0,0
0,0,0
0,0,0
0,0,0
0,0,0
0,0,0
0,0,0
0,0,0
0,0,0
0,0,0
0,0,0
0,0,0
0,0,0
0,0,0
0,0,0
0,0,0
0,0,0
0,0,0
0,0,0
0,0,0
0,0,0
0,0,0
0,0,0
0,0,0
0,0,0
0,0,0
0,0,0
0,0,0
0,0,0
0,0,0
0,0,0
0,0,0
0,0,0
0,0,0
0,0,0
0,0,0
0,0,0
0,0,0
0,0,0
0,0,0
0,0,0
0,0,0
0,0,0
0,0,0
0,0,0
0,0,0
0,0,0
0,0,0
0,0,0
0,0,0
0,0,0
0,0,0
0,0,0
0,0,0
0,0,0
0,0,0
0,0,0
0,0,0
0,0,0
0,0,0
0,0,0
0,0,0
0,0,0
0,0,0
0,0,0
0,0,0
0,0,0
0,0,0
0,0,0
0,0,0
0,0,0
0,0,0
0,0,0
0,0,0
0,0,0
0,0,0
0,0,0
0,0,0
0,0,0
0,0,0
0,0,0
0,0,0
0,0,0
0,0,0
0,0,0
0,0,0
0,0,0
0,0,0
0,0,0
0,0,0
0,0,0
0,0,0
0,0,0
0,0,0
0,0,0
0,0,0
0,0,0
0,0,0
0,0,0
0,0,0
0,0,0
0,0,0
0,0,0
0,0,0
0,0,0
0,0,0
0,0,0
0,0,0
0,0,0
0,0,0
0,0,0
0,0,0
0,0,0
0,0,0
0,0,0
0,0,0
0,0,0
0,0,0
0,0,0
0,0,0
0,0,0
0,0,0
0,0,0
0,0,0
0,0,0
0,0,0
0,0,0
0,0,0
0,0,0
0,0,0
0,0,0
0,0,0
0,0,0
0,0,0
0,0,0
0,0,0
0,0,0
0,0,0
0,0,0
0,0,0
0,0,0
0,0,0
0,0,0
0,0,0
0,0,0
0,0,0
0,0,0
0,0,0
0,0,0
0,0,0
0,0,0
0,0,0
0,0,0
0,0,0
0,0,0
0,0,0
0,0,0
0,0,0
0,0,0
0,0,0
0,0,0
0,0,0
0,0,0
0,0,0
0,0,0
0,0,0
0,0,0
0,0,0
0,0,0
0,0,0
0,0,0
0,0,0
0,0,0
0,0,0
0,0,0
0,0,0
0,0,0
0,0,0
0,0,0
0,0,0
0,0,0
0,0,0
0,0,0
0,0,0
0,0,0
0,0,0
0,0,0
0,0,0
0,0,0
0,0,0
0,0,0
0,0,0
0,0,0
0,0,0
0,0,0
0,0,0
0,0,0
0,0,0
0,0,0
0,0,0
0,0,0
0,0,0
0,0,0
0,0,0
0,0,0
0,0,0
0,0,0
0,0,0
0,0,0
0,0,0
0,0,0
0,0,0
0,0,0
0,0,0
0,0,0
0,0,0
0,0,0
0,0,0
0,0,0
0,0,0
0,0,0
0,0,0
0,0,0
0,0,0
0,0,0
0,0,0
0,0,0
0,0,0
0,0,0
0,0,0
0,0,0
0,0,0
0,0,0
0,0,0
0,0,0
0,0,0
0,0,0
0,0,0
0,0,0
0,0,0
0,0,0
0,0,0
0,0,0
0,0,0
0,0,0
0,0,0
0,0,0
0,0,0
0,0,0
0,0,0
0,0,0
0,0,0
0,0,0
0,0,0
0,0,0
0,0,0
0,0,0
0,0,0
0,0,0
0,0,0
0,0,0
0,0,0
0,0,0
0,0,0
0,0,0
0,0,0
0,0,0
0,0,0
0,0,0
0,0,0
0,0,0
0,0,0
0,0,0
0,0,0
0,0,0
0,0,0
0,0,0
0,0,0
0,0,0
0,0,0
0,0,0
0,0,0
0,0,0
0,0,0
0,0,0
0,0,0
0,0,0
0,0,0
0,0,0
0,0,0
0,0,0
0,0,0
0,0,0
0,0,0
0,0,0
0,0,0
0,0,0
0,0,0
0,0,0
0,0,0
0,0,0
0,0,0
0,0,0
0,0,0
0,0,0
0,0,0
0,0,0
0,0,0
0,0,0
0,0,0
0,0,0
0,0,0
0,0,0
0,0,0
0,0,0
0,0,0
0,0,0
0,0,0
0,0,0
0,0,0
0,0,0
0,0,0
0,0,0
0,0,0
0,0,0
0,0,0
0,0,0
0,0,0
0,0,0
0,0,0
0,0,0
0,0,0
0,0,0
0,0,0
0,0,0
0,0,0
0,0,0
0,0,0
0,0,0
0,0,0
0,0,0
0,0,0
0,0,0
0,0,0
0,0,0
0,0,0
0,0,0
0,0,0
0,0,0
0,0,0
0,0,0
0,0,0
0,0,0
0,0,0
0,0,0
0,0,0
0,0,0
0,0,0
0,0,0
0,0,0
0,0,0
0,0,0
0,0,0
0,0,0
0,0,0
0,0,0
0,0,0
0,0,0
0,0,0
0,0,0
0,0,0
0,0,0
0,0,0
0,0,0
0,0,0
0,0,0
0,0,0
0,0,0
0,0,0
0,0,0
0,0,0
0,0,0
0,0,0
0,0,0
0,0,0
0,0,0
0,0,0
0,0,0
0,0,0
0,0,0
0,0,0
0,0,0
0,0,0
0,0,0
0,0,0
0,0,0
0,0,0
0,0,0
0,0,0
0,0,0
0,0,0
0,0,0
0,0,0
0,0,0
0,0,0
0,0,0
0,0,0
0,0,0
0,0,0
0,0,0
0,0,0
0,0,0
0,0,0
0,0,0
0,0,0
0,0,0
0,0,0
0,0,0
0,0,0
0,0,0
0,0,0
0,0,0
0,0,0
0,0,0
0,0,0
0,0,0
0,0,0
0,0,0
0,0,0
0,0,0
0,0,0
0,0,0
0,0,0
0,0,0
0,0,0
0,0,0
0,0,0
0,0,0
0,0,0
0,0,0
0,0,0
0,0,0
0,0,0
0,0,0
0,0,0
0,0,0
0,0,0
0,0,0
0,0,0
0,0,0
0,0,0
0,0,0
0,0,0
0,0,0
0,0,0
0,0,0
0,0,0
0,0,0
0,0,0
0,0,0
0,0,0
0,0,0
0,0,0
0,0,0
0,0,0
0,0,0
0,0,0
0,0,0
0,0,0
0,0,0
0,0,0
0,0,0
0,0,0
0,0,0
0,0,0
0,0,0
0,0,0
0,0,0
0,0,0
0,0,0
0,0,0
0,0,0
0,0,0
0,0,0
0,0,0
0,0,0
0,0,0
0,0,0
0,0,0
0,0,0
0,0,0
0,0,0
0,0,0
0,0,0
0,0,0
0,0,0
0,0,0
0,0,0
0,0,0
0,0,0
0,0,0
0,0,0
0,0,0
0,0,0
0,0,0
0,0,0
0,0,0
0,0,0
0,0,0
0,0,0
0,0,0
0,0,0
0,0,0
0,0,0
0,0,0
0,0,0
0,0,0
0,0,0
0,0,0
0,0,0
0,0,0
0,0,0
0,0,0
0,0,0
0,0,0
0,0,0
0,0,0
0,0,0
0,0,0
0,0,0
0,0,0
0,0,0
0,0,0
0,0,0
0,0,0
0,0,0
0,0,0
0,0,0
0,0,0
0,0,0
0,0,0
0,0,0
0,0,0
0,0,0
1.10724,3.55648,-0.962526
1.12086,3.52385,-0.955246
1.14484,3.52426,-0.957326
0,0,0
1.17594,3.47427,-0.947186
1.19724,3.46699,-0.947186
1.21432,3.44773,-0.943806
1.2335,3.43477,-0.942246
1.25289,3.4226,-0.940947
1.27151,3.40851,-0.939126
1.28966,3.39342,-0.937047
1.31045,3.38545,-0.937047
1.32872,3.37105,-0.935227
1.35082,3.36642,-0.936267
1.37145,3.35807,-0.936267
1.39277,3.35138,-0.936787
1.41444,3.34543,-0.937567
1.43494,3.33669,-0.937567
1.45693,3.33137,-0.938607
1.47734,3.32236,-0.938607
1.49611,3.30972,-0.937567
1.51438,3.29609,-0.936267
1.53253,3.28236,-0.934967
1.55223,3.27202,-0.934707
1.56893,3.25547,-0.932627
1.58845,3.24492,-0.932367
1.60833,3.23511,-0.932367
1.6238,3.21656,-0.929767
1.64394,3.20739,-0.930027
1.65958,3.18954,-0.927687
1.67732,3.17588,-0.926647
1.70088,3.17319,-0.928987
1.71893,3.16014,-0.928207
1.73736,3.14785,-0.927687
1.76183,3.1464,-0.930547
1.77729,3.12881,-0.928467
1.7926,3.11115,-0.926387
1.81165,3.10009,-0.926387
1.82277,3.07562,-0.922227
1.8421,3.06521,-0.922487
1.85736,3.04808,-0.920667
0,0,0
1.89719,3.02915,-0.921967
1.91781,3.02071,-0.923007
1.94362,3.02026,-0.926647
1.96053,3.00585,-0.925867
1.98,2.99537,-0.926387
1.99834,2.98317,-0.926387
2.01499,2.96845,-0.925607
2.03097,2.95285,-0.924567
2.04243,2.93082,-0.921447
2.05871,2.91587,-0.920667
2.07151,2.89611,-0.918327
2.09037,2.88491,-0.918847
2.10689,2.87047,-0.918327
2.12561,2.85904,-0.918847
2.13557,2.83591,-0.915467
2.15352,2.82353,-0.915727
2.15959,2.79574,-0.910787
2.17551,2.78091,-0.910267
2.19014,2.76448,-0.909227
2.20948,2.754,-0.910267
2.22329,2.73665,-0.908967
2.24188,2.72519,-0.909747
2.26226,2.71584,-0.911307
2.27764,2.70043,-0.910787
2.29354,2.68567,-0.910527
2.30808,2.66935,-0.909747
2.31997,2.65005,-0.907927
2.33554,2.63505,-0.907667
2.35167,2.62067,-0.907667
2.369,2.60762,-0.908187
2.38365,2.59161,-0.907667
2.39885,2.57623,-0.907407
2.41594,2.56287,-0.907927
2.42828,2.5445,-0.906627
2.4405,2.52608,-0.905327
2.45325,2.50829,-0.904287
2.46656,2.49114,-0.903507
2.4777,2.47186,-0.901947
2.49076,2.45458,-0.901167
2.50231,2.43588,-0.899867
2.51443,2.4178,-0.898827
2.52921,2.40233,-0.898827
2.54461,2.38742,-0.899087
2.5585,2.37111,-0.898827
2.56589,2.34884,-0.896227
2.57882,2.33176,-0.895707
2.58516,2.30881,-0.892847
2.59421,2.28844,-0.891027
2.60238,2.2674,-0.888947
2.61405,2.2495,-0.888167
2.62339,2.22966,-0.886607
2.6104,2.19117,-0.877247
2.65947,2.2047,-0.889727
2.67369,2.18895,-0.889987
2.69233,2.17676,-0.891807
2.7079,2.162,-0.892587
2.72414,2.14774,-0.893627
2.73879,2.13217,-0.894147
2.75489,2.11768,-0.895187
2.76091,2.09548,-0.892847
2.76985,2.07561,-0.891547
2.77865,2.0557,-0.890247
2.78108,2.0312,-0.886867
2.79506,2.01523,-0.887387
2.79793,1.99132,-0.884267
2.80931,1.97356,-0.884007
2.83168,1.96344,-0.887387
2.83252,1.93839,-0.883747
2.84596,1.92206,-0.884267
2.86975,1.91259,-0.888167
2.87175,1.88858,-0.885047
2.88976,1.87513,-0.887127
2.91178,1.86413,-0.890507
2.92235,1.84572,-0.890247
2.93854,1.83082,-0.891807
2.9563,1.8168,-0.893887
2.95748,1.79262,-0.890767
2.96262,1.77096,-0.888947
2.97011,1.75079,-0.887907
2.97495,1.72914,-0.886087
2.98299,1.70941,-0.885307
2.99763,1.69345,-0.886607
3.00796,1.67502,-0.886607
3.01818,1.65654,-0.886607
3.02829,1.63798,-0.886607
3.03573,1.61801,-0.885827
3.04816,1.6007,-0.886607
3.06136,1.58374,-0.887647
3.0693,1.56405,-0.887127
3.0797,1.54562,-0.887387
3.08913,1.5267,-0.887387
3.09844,1.50771,-0.887387
3.09979,1.48492,-0.885047
3.10535,1.46422,-0.884007
3.10815,1.44229,-0.882187
3.11079,1.42038,-0.880367
3.12473,1.40364,-0.881927
3.1324,1.38405,-0.881667
3.14792,1.36789,-0.883747
3.16336,1.35159,-0.885827
3.16714,1.33028,-0.884527
3.18238,1.31377,-0.886607
3.19038,1.29422,-0.886607
3.18929,1.27104,-0.884007
3.20063,1.25286,-0.885047
3.20195,1.23077,-0.883227
3.20131,1.20803,-0.880887
3.20866,1.18836,-0.880887
3.21226,1.16733,-0.879847
3.19936,1.14046,-0.874127
3.23182,1.12974,-0.881407
3.24325,1.11145,-0.882707
3.24177,1.08876,-0.880367
3.24014,1.06613,-0.878027
3.26316,1.05157,-0.882707
3.23456,1.02047,-0.872827
0,0,0
3.2644,0.986013,-0.877767
3.26299,0.963774,-0.875687
3.25863,0.940785,-0.872827
3.26063,0.919723,-0.871787
3.26807,0.900212,-0.872307
3.27353,0.880143,-0.872307
3.28728,0.862248,-0.874647
3.29999,0.843978,-0.876727
3.30792,0.824415,-0.877507
3.3176,0.805243,-0.878807
3.32248,0.784871,-0.878807
3.33006,0.76512,-0.879587
3.33846,0.745515,-0.880627
3.33448,0.723172,-0.878287
3.33791,0.702499,-0.878027
3.32986,0.679491,-0.874647
3.32923,0.658109,-0.873347
3.33226,0.637487,-0.873087
3.32851,0.615621,-0.871007
3.33508,0.595697,-0.871787
3.33867,0.575222,-0.871787
3.33737,0.553933,-0.870487
3.34071,0.533445,-0.870487
3.33819,0.512056,-0.868927
3.3384,0.491141,-0.868147
3.34327,0.470918,-0.868667
3.35184,0.45117,-0.870227
3.36316,0.431704,-0.872567
3.37533,0.412234,-0.875167
3.38835,0.392742,-0.878027
1.48834,0.162616,-0.362709
1.48643,0.153181,-0.361929
1.46812,0.142181,-0.356729
1.46992,0.133258,-0.356989
1.4659,0.123826,-0.355689
1.46856,0.114981,-0.356209
1.47694,0.10653,-0.358289
1.46312,0.0965012,-0.354389
1.46657,0.087697,-0.355169
1.46708,0.0786966,-0.355169
1.46657,0.0696467,-0.354909
1.47566,0.0610124,-0.357249
1.47504,0.0519221,-0.356989
1.47147,0.0427553,-0.355949
1.46784,0.0336342,-0.354909
1.4825,0.0248813,-0.358809
1.48359,0.0157954,-0.359069
1.48077,0.00667667,-0.358289
1.49043,-0.00241748,-0.360889
1.46432,-0.0113804,-0.353869
1.47098,-0.0204538,-0.355689
1.4689,-0.029442,-0.355169
1.46772,-0.0384299,-0.354909
1.46843,-0.0474654,-0.355169
1.46328,-0.0562928,-0.353869
1.46291,-0.0652703,-0.353869
1.46634,-0.0744381,-0.354909
1.46586,-0.083434,-0.354909
1.47399,-0.092967,-0.357249
1.46279,-0.101284,-0.354389
1.46503,-0.110473,-0.355169
1.46144,-0.119227,-0.354389
1.4501,-0.127272,-0.351529
1.44256,-0.13554,-0.349709
1.36675,-0.136943,-0.329429
3.34693,-0.354428,-0.865807
3.34758,-0.375279,-0.866587
3.34713,-0.396039,-0.867107
3.33409,-0.41526,-0.864247
3.33148,-0.43571,-0.864247
3.32875,-0.456143,-0.864247
3.33067,-0.477242,-0.865547
3.33054,-0.498097,-0.866327
3.32933,-0.518821,-0.866847
3.32418,-0.538931,-0.866327
3.32366,-0.559798,-0.867107
3.32017,-0.580181,-0.867107
3.31844,-0.600885,-0.867627
3.30805,-0.619993,-0.865807
3.30324,-0.640096,-0.865547
3.30398,-0.661298,-0.866847
3.28946,-0.679413,-0.863987
3.28617,-0.699785,-0.864247
3.2837,-0.720349,-0.864767
3.27922,-0.740483,-0.864767
3.27179,-0.759936,-0.863987
3.26049,-0.77843,-0.862167
3.25378,-0.797962,-0.861647
3.24601,-0.817205,-0.860867
3.23626,-0.835901,-0.859567
3.22734,-0.854755,-0.858527
3.21365,-0.872268,-0.856187
3.21289,-0.893262,-0.857487
3.20734,-0.912959,-0.857487
3.19983,-0.932082,-0.856967
3.20423,-0.954728,-0.859827
3.19831,-0.974371,-0.859827
3.18766,-0.992543,-0.858527
3.19348,-1.01588,-0.861907
3.18351,-1.03427,-0.860867
3.16702,-1.05044,-0.858007
3.16783,-1.07233,-0.860087
3.15663,-1.09017,-0.858787
3.14441,-1.1076,-0.857227
3.1421,-1.1285,-0.858527
3.12877,-1.14544,-0.856707
3.12078,-1.16428,-0.856447
3.11899,-1.18546,-0.858007
3.11166,-1.20458,-0.858007
3.10241,-1.22294,-0.857487
3.09754,-1.24303,-0.858267
3.08539,-1.26019,-0.856967
3.06868,-1.27539,-0.854367
3.06969,-1.29795,-0.856967
3.05457,-1.31372,-0.854887
3.04645,-1.33243,-0.854887
3.0444,-1.35385,-0.856707
3.03163,-1.37051,-0.855407
3.02843,-1.39151,-0.856967
3.02334,-1.4117,-0.858007
3.00851,-1.42732,-0.856187
2.99795,-1.44492,-0.855667
2.98556,-1.46159,-0.854627
2.97567,-1.47945,-0.854367
2.96395,-1.49638,-0.853587
2.95815,-1.5163,-0.854627
2.94879,-1.53442,-0.854627
2.93676,-1.55113,-0.853847
2.92974,-1.57049,-0.854627
2.92005,-1.58844,-0.854627
2.91363,-1.60819,-0.855667
2.90287,-1.62557,-0.855407
2.89368,-1.64382,-0.855667
2.88354,-1.66155,-0.855667
2.87495,-1.68018,-0.856187
2.86376,-1.6973,-0.855927
2.85329,-1.71484,-0.855927
2.84354,-1.73282,-0.856187
2.83121,-1.74922,-0.855667
2.82288,-1.76809,-0.856447
2.81279,-1.7859,-0.856707
2.80016,-1.80208,-0.856187
2.78986,-1.81975,-0.856447
2.78025,-1.8379,-0.856967
2.76651,-1.85332,-0.856187
2.75429,-1.86971,-0.855927
2.73879,-1.88384,-0.854627
2.72718,-1.90061,-0.854627
2.71941,-1.92009,-0.855927
2.70601,-1.93562,-0.855407
2.69095,-1.94992,-0.854367
2.69139,-1.97554,-0.858527
2.66992,-1.9851,-0.855407
2.63223,-1.98229,-0.846827
2.65688,-2.0265,-0.859307
2.63522,-2.03568,-0.856187
2.6242,-2.053,-0.856707
2.61685,-2.07326,-0.858527
2.59806,-2.08444,-0.856447
2.58447,-2.09974,-0.856187
2.5693,-2.11372,-0.855407
2.55554,-2.12882,-0.855147
2.54317,-2.14509,-0.855407
2.52849,-2.1594,-0.854887
2.51154,-2.17172,-0.853587
2.49453,-2.18391,-0.852287
2.47964,-2.19789,-0.851767
2.46467,-2.21177,-0.851247
2.45391,-2.22945,-0.852287
2.43805,-2.24251,-0.851507
2.42424,-2.25742,-0.851507
2.41667,-2.27822,-0.853847
2.40265,-2.293,-0.853847
2.39548,-2.31441,-0.856447
2.38676,-2.33446,-0.858527
2.3772,-2.35382,-0.860347
2.36475,-2.37041,-0.861127
2.34542,-2.38006,-0.859307
2.3274,-2.39095,-0.858007
2.30465,-2.39683,-0.854887
2.29656,-2.41793,-0.857487
2.27903,-2.42916,-0.856447
2.26934,-2.44876,-0.858527
2.25623,-2.46478,-0.859307
2.243,-2.48072,-0.860087
2.22259,-2.48868,-0.858007
2.19897,-2.49286,-0.854627
2.18935,-2.51285,-0.856967
2.17452,-2.52697,-0.857227
2.15709,-2.53806,-0.856447
2.139,-2.54829,-0.855407
2.13195,-2.57177,-0.859047
2.12164,-2.59153,-0.861387
2.1057,-2.6045,-0.861387
2.08847,-2.61586,-0.860867
2.07238,-2.62862,-0.860867
2.05087,-2.63444,-0.858527
2.03055,-2.64161,-0.856707
2.01489,-2.65479,-0.856967
1.99276,-2.65938,-0.854367
1.97584,-2.67078,-0.854107
1.96283,-2.68753,-0.855667
1.94291,-2.69483,-0.854107
1.92914,-2.71063,-0.855407
1.9158,-2.72715,-0.856967
1.89518,-2.7333,-0.855147
1.88329,-2.75205,-0.857487
1.8669,-2.76436,-0.857747
1.84884,-2.77415,-0.857227
1.82966,-2.78222,-0.856187
1.81255,-2.79339,-0.856187
1.79381,-2.80202,-0.855407
1.49439,-2.36649,-0.713187
1.36131,-2.18552,-0.652868
1.34838,-2.19466,-0.653128
1.33539,-2.20371,-0.653388
1.34713,-2.25413,-0.666648
1.69143,-2.86948,-0.856447
1.67524,-2.8823,-0.857227
1.66665,-2.90844,-0.862167
1.64735,-2.91609,-0.861387
1.63037,-2.92783,-0.861907
1.60819,-2.93017,-0.859567
1.58834,-2.93658,-0.858527
1.5662,-2.9386,-0.856187
1.54724,-2.94645,-0.855667
1.53091,-2.95932,-0.856707
1.51711,-2.97726,-0.859307
1.50141,-2.99169,-0.860867
1.4856,-3.00604,-0.862427
1.46839,-3.0177,-0.863207
1.44943,-3.02578,-0.862947
1.42878,-3.03025,-0.861647
1.40894,-3.03633,-0.860867
1.39108,-3.04668,-0.861387
1.37276,-3.05604,-0.861647
1.35867,-3.075,-0.864767
1.33823,-3.07974,-0.863727
1.32007,-3.08967,-0.864247
1.30521,-3.1075,-0.867107
1.28095,-3.10296,-0.863467
1.26516,-3.11881,-0.865807
1.24063,-3.11306,-0.861907
1.22996,-3.14219,-0.868147
1.21204,-3.15328,-0.869187
0,0,0
0,0,0
1.14422,-3.14874,-0.861647
1.12293,-3.15025,-0.860087
0,0,0
1.08168,-3.15649,-0.858007
0,0,0
0,0,0
0,0,0
0,0,0
0,0,0
0,0,0
0,0,0
0,0,0
0,0,0
0,0,0
0,0,0
0,0,0
0,0,0
0,0,0
0,0,0
0,0,0
0,0,0
0,0,0
0,0,0
0,0,0
0,0,0
0,0,0
0,0,0
0,0,0
0,0,0
0,0,0
0,0,0
0,0,0
0,0,0
0,0,0
0,0,0
0,0,0
0,0,0
0,0,0
0,0,0
0,0,0
0,0,0
0,0,0
0,0,0
0,0,0
0,0,0
0,0,0
0,0,0
0,0,0
0,0,0
0,0,0
0,0,0
0,0,0
0,0,0
0,0,0
0,0,0
0,0,0
0,0,0
0,0,0
0,0,0
0,0,0
0,0,0
0,0,0
0,0,0
0,0,0
0,0,0
0,0,0
0,0,0
0,0,0
0,0,0
0,0,0
0,0,0
0,0,0
0,0,0
0,0,0
0,0,0
0,0,0
0,0,0
0,0,0
0,0,0
0,0,0
0,0,0
0,0,0
0,0,0
0,0,0
0,0,0
0,0,0
0,0,0
0,0,0
0,0,0
0,0,0
0,0,0
0,0,0
0,0,0
0,0,0
0,0,0
0,0,0
0,0,0
0,0,0
0,0,0
0,0,0
0,0,0
0,0,0
0,0,0
0,0,0
0,0,0
0,0,0
0,0,0
0,0,0
0,0,0
0,0,0
0,0,0
0,0,0
0,0,0
0,0,0
0,0,0
0,0,0
0,0,0
0,0,0
0,0,0
0,0,0
0,0,0
0,0,0
0,0,0
0,0,0
0,0,0
0,0,0
0,0,0
0,0,0
0,0,0
0,0,0
0,0,0
0,0,0
0,0,0
0,0,0
0,0,0
0,0,0
0,0,0
0,0,0
0,0,0
0,0,0
0,0,0
0,0,0
0,0,0
0,0,0
0,0,0
0,0,0
0,0,0
0,0,0
0,0,0
0,0,0
0,0,0
0,0,0
0,0,0
0,0,0
0,0,0
0,0,0
0,0,0
0,0,0
0,0,0
0,0,0
0,0,0
0,0,0
0,0,0
0,0,0
0,0,0
0,0,0
0,0,0
0,0,0
0,0,0
0,0,0
0,0,0
0,0,0
0,0,0
0,0,0
0,0,0
0,0,0
0,0,0
0,0,0
0,0,0
0,0,0
0,0,0
0,0,0
0,0,0
0,0,0
0,0,0
0,0,0
0,0,0
0,0,0
0,0,0
0,0,0
0,0,0
0,0,0
0,0,0
0,0,0
0,0,0
0,0,0
0,0,0
0,0,0
0,0,0
0,0,0
0,0,0
0,0,0
0,0,0
0,0,0
0,0,0
0,0,0
0,0,0
0,0,0
0,0,0
0,0,0
0,0,0
0,0,0
0,0,0
0,0,0
0,0,0
0,0,0
0,0,0
0,0,0
0,0,0
0,0,0
0,0,0
0,0,0
0,0,0
0,0,0
0,0,0
0,0,0
0,0,0
0,0,0
0,0,0
0,0,0
0,0,0
0,0,0
0,0,0
0,0,0
0,0,0
0,0,0
0,0,0
0,0,0
0,0,0
0,0,0
0,0,0
0,0,0
0,0,0
0,0,0
0,0,0
0,0,0
0,0,0
0,0,0
0,0,0
0,0,0
0,0,0
0,0,0
0,0,0
0,0,0
0,0,0
0,0,0
0,0,0
0,0,0
0,0,0
0,0,0
0,0,0
0,0,0
0,0,0
0,0,0
0,0,0
0,0,0
0,0,0
0,0,0
0,0,0
0,0,0
0,0,0
0,0,0
0,0,0
0,0,0
0,0,0
0,0,0
0,0,0
0,0,0
0,0,0
0,0,0
0,0,0
0,0,0
0,0,0
0,0,0
0,0,0
0,0,0
0,0,0
0,0,0
0,0,0
0,0,0
0,0,0
0,0,0
0,0,0
0,0,0
0,0,0
0,0,0
0,0,0
0,0,0
0,0,0
0,0,0
0,0,0
0,0,0
0,0,0
0,0,0
0,0,0
0,0,0
0,0,0
0,0,0
0,0,0
0,0,0
0,0,0
0,0,0
0,0,0
0,0,0
0,0,0
0,0,0
0,0,0
0,0,0
0,0,0
0,0,0
0,0,0
0,0,0
0,0,0
0,0,0
0,0,0
0,0,0
0,0,0
0,0,0
0,0,0
0,0,0
0,0,0
0,0,0
0,0,0
0,0,0
0,0,0
0,0,0
0,0,0
0,0,0
0,0,0
0,0,0
0,0,0
0,0,0
0,0,0
0,0,0
0,0,0
0,0,0
0,0,0
0,0,0
0,0,0
0,0,0
0,0,0
0,0,0
0,0,0
0,0,0
0,0,0
0,0,0
0,0,0
0,0,0
0,0,0
0,0,0
0,0,0
0,0,0
0,0,0
0,0,0
0,0,0
0,0,0
0,0,0
0,0,0
0,0,0
0,0,0
0,0,0
0,0,0
0,0,0
0,0,0
0,0,0
0,0,0
0,0,0
0,0,0
0,0,0
0,0,0
0,0,0
0,0,0
0,0,0
0,0,0
0,0,0
0,0,0
0,0,0
0,0,0
0,0,0
0,0,0
0,0,0
0,0,0
0,0,0
0,0,0
0,0,0
0,0,0
0,0,0
0,0,0
0,0,0
0,0,0
0,0,0
0,0,0
0,0,0
0,0,0
0,0,0
0,0,0
0,0,0
0,0,0
0,0,0
0,0,0
0,0,0
0,0,0
0,0,0
0,0,0
0,0,0
0,0,0
0,0,0
0,0,0
0,0,0
0,0,0
0,0,0
0,0,0
0,0,0
0,0,0
0,0,0
0,0,0
0,0,0
0,0,0
0,0,0
0,0,0
0,0,0
0,0,0
0,0,0
0,0,0
0,0,0
0,0,0
0,0,0
0,0,0
0,0,0
0,0,0
0,0,0
0,0,0
0,0,0
0,0,0
0,0,0
0,0,0
0,0,0
0,0,0
0,0,0
0,0,0
0,0,0
0,0,0
0,0,0
0,0,0
0,0,0
0,0,0
0,0,0
0,0,0
0,0,0
0,0,0
0,0,0
0,0,0
0,0,0
0,0,0
0,0,0
0,0,0
0,0,0
0,0,0
0,0,0
0,0,0
0,0,0
0,0,0
0,0,0
0,0,0
0,0,0
0,0,0
0,0,0
0,0,0
0,0,0
0,0,0
0,0,0
0,0,0
0,0,0
0,0,0
0,0,0
0,0,0
0,0,0
0,0,0
0,0,0
0,0,0
0,0,0
0,0,0
0,0,0
0,0,0
0,0,0
0,0,0
0,0,0
0,0,0
0,0,0
0,0,0
0,0,0
0,0,0
0,0,0
0,0,0
0,0,0
0,0,0
0,0,0
0,0,0
0,0,0
0,0,0
0,0,0
0,0,0
0,0,0
0,0,0
0,0,0
0,0,0
0,0,0
0,0,0
0,0,0
0,0,0
0,0,0
0,0,0
0,0,0
0,0,0
0,0,0
0,0,0
0,0,0
0,0,0
0,0,0
0,0,0
0,0,0
0,0,0
0,0,0
0,0,0
0,0,0
0,0,0
0,0,0
0,0,0
0,0,0
0,0,0
0,0,0
0,0,0
0,0,0
0,0,0
0,0,0
0,0,0
0,0,0
0,0,0
0,0,0
0,0,0
0,0,0
0,0,0
0,0,0
0,0,0
0,0,0
0,0,0
0,0,0
0,0,0
0,0,0
0,0,0
0,0,0
0,0,0
0,0,0
0,0,0
0,0,0
0,0,0
0,0,0
0,0,0
0,0,0
0,0,0
0,0,0
0,0,0
0,0,0
0,0,0
0,0,0
0,0,0
0,0,0
0,0,0
0,0,0
0,0,0
0,0,0
0,0,0
0,0,0
0,0,0
0,0,0
0,0,0
0,0,0
0,0,0
0,0,0
0,0,0
0,0,0
0,0,0
0,0,0
0,0,0
0,0,0
0,0,0
0,0,0
0,0,0
0,0,0
0,0,0
0,0,0
0,0,0
0,0,0
0,0,0
0,0,0
0,0,0
0,0,0
0,0,0
0,0,0
0,0,0
1.17917,3.2264,-0.926239
1.20164,3.22633,-0.928406
1.22107,3.21799,-0.928135
1.24426,3.21942,-0.930845
1.2647,3.21351,-0.931387
1.28224,3.20033,-0.929761
1.30476,3.19953,-0.931929
1.32105,3.18347,-0.92949
1.34131,3.17707,-0.930032
1.36306,3.17409,-0.931658
1.38366,3.16831,-0.93247
1.40308,3.15976,-0.93247
1.42521,3.15724,-0.934367
1.44295,3.14493,-0.933283
1.46141,3.13428,-0.932741
1.48102,3.12612,-0.933012
1.49558,3.10743,-0.930032
1.51716,3.10339,-0.931658
1.53489,3.09143,-0.930845
1.55166,3.07766,-0.92949
1.57139,3.06979,-0.930032
1.5902,3.06009,-0.930032
1.60535,3.04347,-0.927864
1.62718,3.0395,-0.929761
1.64258,3.02354,-0.927864
1.65971,3.01087,-0.927052
1.67674,2.99811,-0.926239
1.6913,2.98107,-0.924071
1.7062,2.9648,-0.922175
1.72291,2.95178,-0.921362
1.73804,2.93618,-0.919736
1.75603,2.92546,-0.919736
1.77394,2.91463,-0.919736
1.79028,2.90124,-0.918924
1.81111,2.89509,-0.920549
1.83193,2.8888,-0.922175
1.85118,2.87994,-0.922988
1.8704,2.87094,-0.9238
1.88851,2.86021,-0.924071
1.90281,2.84377,-0.922446
1.91374,2.82248,-0.919195
1.92721,2.80514,-0.917298
1.94163,2.78931,-0.915943
1.95594,2.77341,-0.914589
1.97515,2.76449,-0.915672
2.00676,2.77259,-0.922717
2.00779,2.73849,-0.91513
2.03087,2.73462,-0.918111
2.04067,2.71288,-0.91486
2.05377,2.69571,-0.913234
2.07086,2.68382,-0.913505
2.0867,2.6703,-0.913234
2.10842,2.66424,-0.915672
2.1151,2.63924,-0.911337
2.13186,2.62696,-0.911608
2.14305,2.60788,-0.909441
2.16393,2.6006,-0.911608
2.17613,2.58286,-0.909983
2.19756,2.57604,-0.912421
2.22088,2.57125,-0.915672
2.22457,2.54381,-0.910525
2.25354,2.54525,-0.916214
2.26269,2.5242,-0.913505
2.27813,2.51027,-0.913505
2.28893,2.49129,-0.911608
2.30745,2.48072,-0.912963
2.31801,2.46161,-0.911066
2.3344,2.44873,-0.911608
2.34671,2.43159,-0.910525
0,0,0
2.35877,2.38482,-0.90348
2.37131,2.36826,-0.902667
2.36593,2.33406,-0.89481
2.39399,2.33294,-0.900229
2.40063,2.31086,-0.897249
2.42523,2.30604,-0.901313
2.43653,2.28848,-0.900229
2.44982,2.27283,-0.899958
2.46017,2.2545,-0.898603
2.46539,2.23161,-0.895352
2.47689,2.21452,-0.894539
2.48177,2.19164,-0.891288
2.50242,2.18269,-0.893997
2.51942,2.17044,-0.895352
2.53415,2.15619,-0.895894
2.54881,2.14183,-0.896436
2.56783,2.13107,-0.898603
2.58235,2.1165,-0.899145
2.59454,2.10001,-0.898874
2.60662,2.08345,-0.898603
2.62465,2.07159,-0.9005
2.62895,2.04894,-0.89752
2.64453,2.03511,-0.898603
2.65237,2.01536,-0.896978
2.65775,1.99384,-0.894539
2.66607,1.97464,-0.893185
2.67192,1.95369,-0.891017
2.68464,1.93783,-0.891288
2.70824,1.9297,-0.895352
2.72239,1.9147,-0.896165
2.73646,1.89961,-0.896978
2.75283,1.88605,-0.898603
2.7468,1.85726,-0.892643
2.75975,1.84144,-0.893185
2.77743,1.8287,-0.895352
2.77891,1.80534,-0.892101
2.79804,1.79345,-0.89481
2.82364,1.7855,-0.899687
2.82229,1.7605,-0.895623
2.83877,1.74668,-0.89752
2.84285,1.72524,-0.895352
2.85091,1.70628,-0.894539
2.86215,1.68924,-0.89481
2.86914,1.66971,-0.893727
2.87348,1.64872,-0.89183
2.87349,1.62537,-0.888579
2.88677,1.60959,-0.889662
2.88985,1.58814,-0.887495
2.87922,1.55938,-0.880992
2.91846,1.55754,-0.890475
2.93648,1.54408,-0.893185
2.93992,1.52293,-0.891288
2.96464,1.51274,-0.896165
2.97043,1.49279,-0.895081
2.96314,1.46643,-0.889933
2.99198,1.45791,-0.896165
2.97831,1.42871,-0.889121
2.98528,1.40958,-0.888579
3.00085,1.39448,-0.890746
2.99359,1.36884,-0.885869
3.00896,1.35361,-0.888037
3.02249,1.33745,-0.889662
3.02799,1.31773,-0.88885
3.03514,1.29875,-0.888579
3.03861,1.27824,-0.887224
3.0544,1.26288,-0.889662
3.06209,1.24411,-0.889662
3.05626,1.21995,-0.885598
3.06189,1.20047,-0.885057
3.071,1.18235,-0.885598
3.0773,1.16314,-0.885327
3.08528,1.14458,-0.885598
3.09224,1.12562,-0.885598
3.10544,1.10889,-0.887495
3.09583,1.08409,-0.882618
3.10697,1.06664,-0.883973
2.1655,0.728733,-0.60247
2.1489,0.708504,-0.596238
2.16329,0.698557,-0.599219
2.3199,0.733411,-0.644194
3.13271,0.969126,-0.882347
3.13492,0.948771,-0.881263
3.13791,0.928698,-0.880451
3.13985,0.908357,-0.879367
3.14259,0.888289,-0.878554
3.14983,0.869502,-0.879096
3.15511,0.850159,-0.879096
3.15933,0.830539,-0.878825
3.1653,0.811377,-0.879096
3.16835,0.791473,-0.878554
3.17596,0.7727,-0.879367
3.18064,0.753198,-0.879367
3.18145,0.732804,-0.878283
3.17837,0.711588,-0.876116
3.1855,0.692685,-0.876928
3.18686,0.672531,-0.876116
3.18904,0.652578,-0.875574
3.19393,0.633185,-0.875845
3.19965,0.613938,-0.876387
3.20998,0.595522,-0.878283
3.21547,0.576154,-0.878825
3.22179,0.556905,-0.879638
3.2242,0.536968,-0.879367
3.22078,0.51611,-0.87747
3.22769,0.496923,-0.878554
3.22972,0.476968,-0.878283
3.22401,0.45593,-0.875845
1.46769,0.198598,-0.376238
1.46601,0.18922,-0.375425
1.44517,0.177528,-0.369194
1.44336,0.168323,-0.368381
1.43767,0.158726,-0.366484
1.43192,0.149205,-0.364588
1.42897,0.140042,-0.363504
1.42981,0.131271,-0.363504
1.43058,0.122496,-0.363504
1.42267,0.113032,-0.361065
1.42046,0.10409,-0.360253
1.42779,0.0958215,-0.362149
1.42451,0.0868257,-0.361065
1.43847,0.078817,-0.364859
1.43797,0.0699427,-0.364588
1.44318,0.0613212,-0.365942
1.44641,0.0525689,-0.366755
1.44286,0.0435777,-0.365671
1.44695,0.0348152,-0.366755
1.44136,0.0258343,-0.365129
1.44053,0.0169787,-0.364859
1.4435,0.008155,-0.365671
1.43871,-0.000698606,-0.364317
1.4406,-0.00953961,-0.364859
1.43955,-0.0183662,-0.364588
1.43749,-0.0271619,-0.364046
1.43537,-0.0359329,-0.363504
1.43608,-0.0447698,-0.363775
1.4329,-0.0534721,-0.362962
1.43158,-0.0622211,-0.362691
1.41194,-0.0700446,-0.357272
1.4086,-0.0785452,-0.356459
1.40713,-0.087127,-0.356189
1.39889,-0.0952341,-0.354021
1.40596,-0.104388,-0.356189
1.39953,-0.112548,-0.354563
1.40937,-0.12205,-0.357543
1.40763,-0.130606,-0.357272
1.41351,-0.139907,-0.359169
1.41263,-0.148577,-0.359169
1.42986,-0.159272,-0.364317
1.39349,-0.163872,-0.354292
1.12594,-0.139341,-0.278701
0,0,0
3.22428,-0.440014,-0.875303
3.22342,-0.460061,-0.875845
3.23292,-0.481677,-0.879367
3.22705,-0.501061,-0.878554
3.24292,-0.523925,-0.883973
3.21971,-0.540465,-0.878283
3.22486,-0.561698,-0.880722
3.21567,-0.580448,-0.879096
3.19975,-0.597868,-0.875574
3.19319,-0.616942,-0.874761
3.1799,-0.634639,-0.872052
3.17218,-0.653361,-0.870968
3.16434,-0.672012,-0.869884
3.16486,-0.692445,-0.871239
3.15492,-0.710582,-0.869613
3.13549,-0.726448,-0.865278
3.13379,-0.746343,-0.866091
3.12073,-0.763498,-0.863653
3.11786,-0.783101,-0.864194
3.11859,-0.803659,-0.86582
3.10708,-0.821057,-0.863923
3.10292,-0.840358,-0.864194
3.10141,-0.860411,-0.865278
3.09052,-0.877846,-0.863653
3.07768,-0.894642,-0.861485
3.07398,-0.914058,-0.862027
3.06278,-0.931222,-0.860401
3.05885,-0.950569,-0.860943
3.05938,-0.97136,-0.86284
3.04787,-0.988331,-0.861214
3.04175,-1.00701,-0.861214
3.03916,-1.02689,-0.862298
3.02916,-1.04427,-0.861214
3.0227,-1.06283,-0.861214
3.02065,-1.08298,-0.862569
3.00943,-1.09985,-0.861214
3.01074,-1.12131,-0.863653
2.9966,-1.13703,-0.861485
2.99316,-1.15679,-0.862569
2.98332,-1.17407,-0.861756
2.98142,-1.19451,-0.863382
2.97582,-1.2135,-0.863923
2.95943,-1.22805,-0.861214
2.9474,-1.24431,-0.859859
2.93706,-1.26124,-0.859047
2.91956,-1.27499,-0.856066
2.9108,-1.29249,-0.855795
2.90545,-1.31152,-0.856608
2.89822,-1.32972,-0.856879
2.90048,-1.35236,-0.86013
2.89821,-1.37302,-0.862027
2.888,-1.38994,-0.861485
2.88288,-1.40933,-0.862569
2.87245,-1.42613,-0.862027
2.86107,-1.44243,-0.861214
2.85045,-1.45908,-0.860672
2.83888,-1.47521,-0.859859
2.82807,-1.49171,-0.859318
2.82141,-1.51039,-0.86013
2.80871,-1.52584,-0.859047
2.80014,-1.54351,-0.859318
2.79229,-1.5616,-0.859859
2.78433,-1.57966,-0.860401
2.77125,-1.59479,-0.859318
2.75975,-1.61079,-0.858776
2.75064,-1.62819,-0.859047
2.72987,-1.63859,-0.855524
2.71566,-1.65281,-0.85417
2.70055,-1.66641,-0.852544
2.69191,-1.68397,-0.853086
2.68721,-1.70406,-0.854983
2.68642,-1.72676,-0.858234
2.679,-1.74532,-0.859318
2.66985,-1.76278,-0.859859
2.66298,-1.78181,-0.861214
2.65041,-1.79703,-0.860672
2.63616,-1.81108,-0.859589
2.62104,-1.82447,-0.858234
2.60508,-1.83719,-0.856608
2.59376,-1.85314,-0.856608
2.58468,-1.87072,-0.857421
2.57626,-1.88882,-0.858505
2.56307,-1.90344,-0.857963
2.55442,-1.92145,-0.859047
2.53799,-1.93358,-0.857421
2.52913,-1.95147,-0.858505
2.51635,-1.96636,-0.858234
2.49971,-1.97818,-0.856608
2.48452,-1.99107,-0.855524
2.47225,-2.00628,-0.855524
2.46064,-2.02202,-0.855795
2.45041,-2.03893,-0.856608
2.443,-2.05827,-0.858505
2.43911,-2.08072,-0.861756
2.42703,-2.09627,-0.862027
2.41122,-2.10859,-0.860943
2.39824,-2.12335,-0.860943
2.37943,-2.13288,-0.858776
2.36274,-2.14421,-0.857421
2.35308,-2.16192,-0.858776
2.33413,-2.17107,-0.856608
2.31866,-2.18337,-0.855795
2.30731,-2.19955,-0.856608
2.28754,-2.20765,-0.85417
2.27051,-2.21828,-0.852815
2.25959,-2.23488,-0.853899
2.25808,-2.26096,-0.858776
2.24822,-2.27889,-0.860401
2.23151,-2.28988,-0.859318
2.22809,-2.31463,-0.863653
2.20987,-2.32407,-0.862027
2.19162,-2.33338,-0.860401
2.18249,-2.35243,-0.862569
2.16152,-2.35868,-0.859859
2.15152,-2.37689,-0.861756
2.13562,-2.38861,-0.861214
2.11773,-2.39806,-0.859859
2.10298,-2.41101,-0.859859
2.08689,-2.42241,-0.859318
2.06949,-2.43224,-0.858234
2.05143,-2.4412,-0.856879
2.03765,-2.45523,-0.857421
2.02437,-2.46992,-0.858234
2.00676,-2.4793,-0.85715
1.9885,-2.48781,-0.855795
1.9726,-2.49921,-0.855524
1.95605,-2.50974,-0.854983
1.94179,-2.52322,-0.855524
1.92685,-2.53586,-0.855795
1.91299,-2.54994,-0.856608
1.90246,-2.56859,-0.859047
1.89121,-2.58644,-0.861214
1.87643,-2.59955,-0.861756
1.85933,-2.60945,-0.861214
1.84328,-2.62081,-0.861214
1.82552,-2.6297,-0.860401
1.81098,-2.64323,-0.861214
1.78826,-2.64472,-0.857963
1.77093,-2.65405,-0.857421
1.75249,-2.66165,-0.856337
1.73403,-2.66912,-0.855254
1.71139,-2.66998,-0.852002
0,0,0
0,0,0
1.36943,-2.22549,-0.694859
0,0,0
1.34251,-2.24295,-0.69513
1.56597,-2.65324,-0.826534
1.59759,-2.74517,-0.853357
1.58646,-2.76494,-0.856608
1.57183,-2.77881,-0.857963
1.55475,-2.7884,-0.857963
1.53669,-2.7962,-0.857421
1.51721,-2.80134,-0.856066
1.5009,-2.8123,-0.856608
1.4863,-2.82657,-0.858234
1.46495,-2.82794,-0.855795
1.4515,-2.84459,-0.858234
1.43489,-2.85517,-0.858776
1.41649,-2.86219,-0.858234
1.4048,-2.88294,-0.862027
1.3875,-2.89238,-0.862298
1.37301,-2.9078,-0.864465
1.35717,-2.92054,-0.86582
1.33923,-2.92881,-0.86582
1.32281,-2.94048,-0.866904
1.30163,-2.9415,-0.864736
1.28279,-2.94767,-0.864194
1.26127,-2.94752,-0.861756
1.24316,-2.9552,-0.861756
1.2239,-2.9601,-0.860943
1.20463,-2.96488,-0.86013
1.18499,-2.96864,-0.859047
1.16815,-2.97944,-0.86013
1.14812,-2.98206,-0.858776
1.13048,-2.99085,-0.859318
1.11445,-3.00405,-0.861214
1.09699,-3.01354,-0.862027
0,0,0
1.06851,-3.05131,-0.869342
0,0,0
1.03896,-3.08791,-0.876387
1.01819,-3.08875,-0.874761
1.00365,-3.10868,-0.878825
0,0,0
0,0,0
0,0,0
0,0,0
0,0,0
0,0,0
0,0,0
0,0,0
0,0,0
0,0,0
0,0,0
0,0,0
0,0,0
0,0,0
0,0,0
0,0,0
0,0,0
0,0,0
0,0,0
0,0,0
0,0,0
0,0,0
0,0,0
0,0,0
0,0,0
0,0,0
0,0,0
0,0,0
0,0,0
0,0,0
0,0,0
0,0,0
0,0,0
0,0,0
0,0,0
0,0,0
0,0,0
0,0,0
0,0,0
0,0,0
0,0,0
0,0,0
0,0,0
0,0,0
0,0,0
0,0,0
0,0,0
0,0,0
0,0,0
0,0,0
0,0,0
0,0,0
0,0,0
0,0,0
0,0,0
0,0,0
0,0,0
0,0,0
0,0,0
0,0,0
0,0,0
0,0,0
0,0,0
0,0,0
0,0,0
0,0,0
0,0,0
0,0,0
0,0,0
0,0,0
0,0,0
0,0,0
0,0,0
0,0,0
0,0,0
0,0,0
0,0,0
0,0,0
0,0,0
0,0,0
0,0,0
0,0,0
0,0,0
0,0,0
0,0,0
0,0,0
0,0,0
0,0,0
0,0,0
0,0,0
0,0,0
0,0,0
0,0,0
0,0,0
0,0,0
0,0,0
0,0,0
0,0,0
0,0,0
0,0,0
0,0,0
0,0,0
0,0,0
0,0,0
0,0,0
0,0,0
0,0,0
0,0,0
0,0,0
0,0,0
0,0,0
0,0,0
0,0,0
0,0,0
0,0,0
0,0,0
0,0,0
0,0,0
0,0,0
0,0,0
0,0,0
0,0,0
0,0,0
0,0,0
0,0,0
0,0,0
0,0,0
0,0,0
0,0,0
0,0,0
0,0,0
0,0,0
0,0,0
0,0,0
0,0,0
0,0,0
0,0,0
0,0,0
0,0,0
0,0,0
0,0,0
0,0,0
0,0,0
0,0,0
0,0,0
0,0,0
0,0,0
0,0,0
0,0,0
0,0,0
0,0,0
0,0,0
0,0,0
0,0,0
0,0,0
0,0,0
0,0,0
0,0,0
0,0,0
0,0,0
0,0,0
0,0,0
0,0,0
0,0,0
0,0,0
0,0,0
0,0,0
0,0,0
0,0,0
0,0,0
0,0,0
0,0,0
0,0,0
0,0,0
0,0,0
0,0,0
0,0,0
0,0,0
0,0,0
0,0,0
0,0,0
0,0,0
0,0,0
0,0,0
0,0,0
0,0,0
0,0,0
0,0,0
0,0,0
0,0,0
0,0,0
0,0,0
0,0,0
0,0,0
0,0,0
0,0,0
0,0,0
0,0,0
0,0,0
0,0,0
0,0,0
0,0,0
0,0,0
0,0,0
0,0,0
0,0,0
0,0,0
0,0,0
0,0,0
0,0,0
0,0,0
0,0,0
0,0,0
0,0,0
0,0,0
0,0,0
0,0,0
0,0,0
0,0,0
0,0,0
0,0,0
0,0,0
0,0,0
0,0,0
0,0,0
0,0,0
0,0,0
0,0,0
0,0,0
0,0,0
0,0,0
0,0,0
0,0,0
0,0,0
0,0,0
0,0,0
0,0,0
0,0,0
0,0,0
0,0,0
0,0,0
0,0,0
0,0,0
0,0,0
0,0,0
0,0,0
0,0,0
0,0,0
0,0,0
0,0,0
0,0,0
0,0,0
0,0,0
0,0,0
0,0,0
0,0,0
0,0,0
0,0,0
0,0,0
0,0,0
0,0,0
0,0,0
0,0,0
0,0,0
0,0,0
0,0,0
0,0,0
0,0,0
0,0,0
0,0,0
0,0,0
0,0,0
0,0,0
0,0,0
0,0,0
0,0,0
0,0,0
0,0,0
0,0,0
0,0,0
0,0,0
0,0,0
0,0,0
0,0,0
0,0,0
0,0,0
0,0,0
0,0,0
0,0,0
0,0,0
0,0,0
0,0,0
0,0,0
0,0,0
0,0,0
0,0,0
0,0,0
0,0,0
0,0,0
0,0,0
0,0,0
0,0,0
0,0,0
0,0,0
0,0,0
0,0,0
0,0,0
0,0,0
0,0,0
0,0,0
0,0,0
0,0,0
0,0,0
0,0,0
0,0,0
0,0,0
0,0,0
0,0,0
0,0,0
0,0,0
0,0,0
0,0,0
0,0,0
0,0,0
0,0,0
0,0,0
0,0,0
0,0,0
0,0,0
0,0,0
0,0,0
0,0,0
0,0,0
0,0,0
0,0,0
0,0,0
0,0,0
0,0,0
0,0,0
0,0,0
0,0,0
0,0,0
0,0,0
0,0,0
0,0,0
0,0,0
0,0,0
0,0,0
0,0,0
0,0,0
0,0,0
0,0,0
0,0,0
0,0,0
0,0,0
0,0,0
0,0,0
0,0,0
0,0,0
0,0,0
0,0,0
0,0,0
0,0,0
0,0,0
0,0,0
0,0,0
0,0,0
0,0,0
0,0,0
0,0,0
0,0,0
0,0,0
0,0,0
0,0,0
0,0,0
0,0,0
0,0,0
0,0,0
0,0,0
0,0,0
0,0,0
0,0,0
0,0,0
0,0,0
0,0,0
0,0,0
0,0,0
0,0,0
0,0,0
0,0,0
0,0,0
0,0,0
0,0,0
0,0,0
0,0,0
0,0,0
0,0,0
0,0,0
0,0,0
0,0,0
0,0,0
0,0,0
0,0,0
0,0,0
0,0,0
0,0,0
0,0,0
0,0,0
0,0,0
0,0,0
0,0,0
0,0,0
0,0,0
0,0,0
0,0,0
0,0,0
0,0,0
0,0,0
0,0,0
0,0,0
0,0,0
0,0,0
0,0,0
0,0,0
0,0,0
0,0,0
0,0,0
0,0,0
0,0,0
0,0,0
0,0,0
0,0,0
0,0,0
0,0,0
0,0,0
0,0,0
0,0,0
0,0,0
0,0,0
0,0,0
0,0,0
0,0,0
0,0,0
0,0,0
0,0,0
0,0,0
0,0,0
0,0,0
0,0,0
0,0,0
0,0,0
0,0,0
0,0,0
0,0,0
0,0,0
0,0,0
0,0,0
0,0,0
0,0,0
0,0,0
0,0,0
0,0,0
0,0,0
0,0,0
0,0,0
0,0,0
0,0,0
0,0,0
0,0,0
0,0,0
0,0,0
0,0,0
0,0,0
0,0,0
0,0,0
0,0,0
0,0,0
0,0,0
0,0,0
0,0,0
0,0,0
0,0,0
0,0,0
0,0,0
0,0,0
0,0,0
0,0,0
0,0,0
0,0,0
0,0,0
0,0,0
0,0,0
0,0,0
0,0,0
0,0,0
0,0,0
0,0,0
0,0,0
0,0,0
0,0,0
0,0,0
0,0,0
0,0,0
0,0,0
0,0,0
0,0,0
0,0,0
0,0,0
0,0,0
0,0,0
0,0,0
0,0,0
0,0,0
0,0,0
0,0,0
0,0,0
0,0,0
0,0,0
0,0,0
0,0,0
0,0,0
0,0,0
0,0,0
0,0,0
0,0,0
0,0,0
0,0,0
0,0,0
0,0,0
0,0,0
0,0,0
0,0,0
0,0,0
0,0,0
0,0,0
0,0,0
0,0,0
0,0,0
0,0,0
0,0,0
0,0,0
0,0,0
0,0,0
0,0,0
0,0,0
0,0,0
0,0,0
0,0,0
0,0,0
0,0,0
0,0,0
0,0,0
0,0,0
0,0,0
0,0,0
0,0,0
0,0,0
0,0,0
0,0,0
0,0,0
0,0,0
0,0,0
0,0,0
0,0,0
0,0,0
0,0,0
0,0,0
0,0,0
0,0,0
0,0,0
0,0,0
0,0,0
0,0,0
0,0,0
0,0,0
0,0,0
0,0,0
0,0,0
0,0,0
0,0,0
0,0,0
0,0,0
0,0,0
0,0,0
0,0,0
0,0,0
0,0,0
0,0,0
0,0,0
0,0,0
0,0,0
0,0,0
0,0,0
0,0,0
0,0,0
0,0,0
0,0,0
0,0,0
0,0,0
0,0,0
0,0,0
0,0,0
0,0,0
0,0,0
0,0,0
0,0,0
0,0,0
0,0,0
0,0,0
0,0,0
0,0,0
0,0,0
0,0,0
0,0,0
0,0,0
0,0,0
0,0,0
0,0,0
0,0,0
0,0,0
0,0,0
0,0,0
0,0,0
0,0,0
0,0,0
0,0,0
0,0,0
0,0,0
1.02192,3.21055,-0.948902
1.04605,3.21791,-0.95313
1.06638,3.21325,-0.953694
1.08361,3.19938,-0.951439
1.10197,3.18904,-0.950312
1.12056,3.1795,-0.949466
1.13389,3.15541,-0.944111
1.14796,3.13398,-0.939602
1.16281,3.11519,-0.935938
1.17543,3.09095,-0.930583
1.19402,3.08279,-0.930301
1.21186,3.07272,-0.929456
1.22712,3.05633,-0.926637
1.24839,3.05496,-0.92861
1.26564,3.0437,-0.927483
1.28429,3.03587,-0.927483
1.30403,3.03058,-0.928328
1.32183,3.02076,-0.927765
1.34034,3.0126,-0.927765
1.36117,3.00956,-0.929456
1.38082,3.00377,-0.930301
1.3976,2.99176,-0.929174
1.41634,2.984,-0.929456
1.43587,2.97784,-0.930301
1.45496,2.9707,-0.930865
1.47273,2.96086,-0.930583
1.48914,2.94834,-0.929456
1.50633,2.93744,-0.928892
1.52079,2.92133,-0.926637
1.53779,2.91025,-0.926073
1.54882,2.88807,-0.921846
1.56926,2.88357,-0.923537
1.58785,2.87557,-0.924101
1.60453,2.8641,-0.923537
1.61923,2.84919,-0.921846
1.6362,2.83837,-0.921564
1.656,2.83242,-0.922973
1.67727,2.82881,-0.925228
1.69212,2.81435,-0.923819
1.70686,2.79982,-0.92241
1.71998,2.78276,-0.920155
1.73498,2.7689,-0.919028
1.7468,2.75011,-0.916209
1.76156,2.73611,-0.915082
1.77989,2.72766,-0.915927
1.79659,2.71669,-0.915927
1.81269,2.70481,-0.915645
1.82548,2.68808,-0.913673
1.83868,2.67209,-0.911982
1.85175,2.65603,-0.91029
1.8658,2.64148,-0.909163
1.887,2.63701,-0.9117
1.89414,2.61295,-0.90719
1.91922,2.61366,-0.9117
1.93522,2.60183,-0.9117
1.94884,2.58684,-0.910572
1.97223,2.58475,-0.914236
1.97926,2.56121,-0.910009
2.00026,2.55582,-0.912545
2.01412,2.54124,-0.9117
2.02727,2.52584,-0.910572
2.04394,2.51485,-0.911136
2.0636,2.50745,-0.913109
2.07649,2.49179,-0.911982
2.09669,2.48487,-0.914236
2.11563,2.47633,-0.915927
2.13204,2.46476,-0.916491
2.14207,2.44585,-0.914236
2.15131,2.4262,-0.9117
2.16295,2.40938,-0.91029
2.17318,2.39109,-0.908318
2.18651,2.3763,-0.907754
2.2004,2.36214,-0.907472
2.22077,2.35488,-0.910009
2.23717,2.34329,-0.910854
2.2495,2.32745,-0.910009
2.25636,2.30606,-0.906908
2.26912,2.2908,-0.906345
2.28178,2.27548,-0.905781
2.28955,2.25538,-0.903244
2.30128,2.23928,-0.902399
2.31221,2.22245,-0.901272
2.32719,2.20955,-0.901835
2.33931,2.19391,-0.901272
2.35765,2.18408,-0.903244
2.36747,2.16634,-0.901835
2.37574,2.14726,-0.899862
2.39316,2.13648,-0.901554
2.40335,2.11922,-0.900426
2.40907,2.09813,-0.897608
2.41536,2.07767,-0.895071
2.41929,2.05536,-0.891689
2.42524,2.03492,-0.889153
2.43842,2.02061,-0.889434
2.44855,2.00379,-0.888589
2.46303,1.99054,-0.889434
2.47895,1.97838,-0.890844
2.49556,1.9667,-0.892535
2.51288,1.95548,-0.894508
2.52483,1.94002,-0.894508
2.53592,1.92391,-0.894226
2.54922,1.90947,-0.894789
2.56783,1.89892,-0.897326
2.56393,1.87181,-0.891689
2.58471,1.86278,-0.895071
2.6,1.84967,-0.89648
2.60502,1.82927,-0.894226
2.61068,1.80942,-0.892253
2.61777,1.79066,-0.890844
2.61917,1.76812,-0.887462
2.62837,1.75095,-0.886898
2.62464,1.7253,-0.881825
2.6392,1.71177,-0.883234
2.64561,1.69296,-0.881825
2.65838,1.67823,-0.88267
2.67514,1.66595,-0.884925
2.69022,1.65252,-0.886616
2.70687,1.63996,-0.888871
2.721,1.62578,-0.89028
2.74002,1.61441,-0.89338
2.76065,1.60384,-0.897044
2.7513,1.5759,-0.890562
2.7701,1.56418,-0.893662
2.76456,1.53875,-0.888589
2.77732,1.5236,-0.889716
2.78492,1.50562,-0.889153
2.79411,1.4885,-0.889153
2.80999,1.4749,-0.891407
2.81983,1.45807,-0.891689
2.83642,1.44466,-0.894226
2.8418,1.42551,-0.893098
2.8462,1.40592,-0.891689
2.85477,1.38843,-0.891689
2.85977,1.36923,-0.890562
2.86812,1.35166,-0.890562
2.86766,1.32999,-0.887743
2.87402,1.31157,-0.88718
2.88201,1.29391,-0.88718
2.89165,1.27698,-0.887743
2.89679,1.25807,-0.886898
2.90622,1.24102,-0.887462
2.91732,1.22465,-0.888589
2.92212,1.20563,-0.887743
2.9268,1.1866,-0.886898
2.9358,1.16933,-0.887462
2.93756,1.14919,-0.88577
2.94725,1.13218,-0.886616
2.95863,1.11577,-0.888025
2.99061,1.10693,-0.895917
2.98923,1.08561,-0.89338
3.00125,1.06918,-0.895071
2.99598,1.04663,-0.891407
3.00144,1.02791,-0.891125
2.13823,0.717305,-0.621687
2.12892,0.699671,-0.61746
2.13773,0.688067,-0.618869
2.18126,0.687357,-0.630988
3.01048,0.928845,-0.884643
3.01612,0.910356,-0.884643
3.01981,0.891288,-0.884079
3.02338,0.87221,-0.883516
3.02498,0.8526,-0.882388
3.02738,0.833258,-0.881543
3.03429,0.815165,-0.882107
3.04109,0.797019,-0.88267
3.04964,0.779296,-0.883798
3.05622,0.761033,-0.884361
3.06457,0.743172,-0.885489
3.07187,0.725016,-0.886334
3.06597,0.703789,-0.883234
3.05994,0.682662,-0.880134
3.065,0.664077,-0.880416
1.11431,0.233536,-0.293626
1.13829,0.231302,-0.300391
1.10956,0.218355,-0.291372
1.09015,0.207573,-0.285171
1.03197,0.189877,-0.267415
0,0,0
0,0,0
1.06652,0.176039,-0.276716
0,0,0
1.15585,0.176336,-0.302645
1.15216,0.168541,-0.301236
0,0,0
1.21215,0.162207,-0.318428
1.22835,0.156723,-0.322938
1.29214,0.15687,-0.341539
1.29213,0.148828,-0.341257
1.31495,0.143307,-0.34774
1.37116,0.140974,-0.364086
1.36149,0.131534,-0.360986
1.36514,0.123439,-0.361832
1.35058,0.113759,-0.357322
1.36655,0.106677,-0.361832
1.35474,0.0973856,-0.358168
1.32851,0.0872868,-0.350276
1.33668,0.0795964,-0.352531
1.34098,0.0716011,-0.353658
1.34427,0.06351,-0.354504
1.32642,0.0544964,-0.349149
1.26919,0.0442968,-0.332238
1.27424,0.0366505,-0.333648
1.26868,0.0286959,-0.331957
0,0,0
1.28141,0.0132653,-0.33562
1.31505,0.00557407,-0.345485
1.33905,-0.00251963,-0.352531
1.37259,-0.0109763,-0.362395
1.34083,-0.0189771,-0.353095
1.37618,-0.0278938,-0.363523
1.3616,-0.0359694,-0.359295
1.28751,-0.0419815,-0.337593
1.33517,-0.0516956,-0.351685
1.30895,-0.0587482,-0.344076
1.32198,-0.0674515,-0.348021
1.31962,-0.0754539,-0.347458
1.31626,-0.08337,-0.346612
1.33008,-0.0924303,-0.35084
1.31514,-0.0995163,-0.346612
1.30016,-0.106422,-0.342385
1.27081,-0.111899,-0.333929
1.2166,-0.114701,-0.318146
1.15668,-0.116273,-0.300672
1.16071,-0.123872,-0.302082
1.1237,-0.126936,-0.291372
0,0,0
1.1173,-0.140124,-0.289963
1.06885,-0.140764,-0.275871
0,0,0
1.08508,-0.156452,-0.281226
0,0,0
0,0,0
1.12843,-0.183915,-0.295036
1.13106,-0.191472,-0.296163
1.1327,-0.198903,-0.297009
1.13713,-0.206874,-0.2987
1.1481,-0.216143,-0.302363
3.04576,-0.590842,-0.870551
3.02702,-0.606509,-0.866042
3.02325,-0.625071,-0.866042
3.02968,-0.645806,-0.869142
3.03222,-0.665822,-0.871115
3.01965,-0.682514,-0.868578
3.01167,-0.700162,-0.867451
2.99892,-0.716624,-0.864914
2.99633,-0.735468,-0.865478
2.99641,-0.75501,-0.866887
2.99079,-0.773141,-0.866605
2.98506,-0.791233,-0.866324
2.98478,-0.810789,-0.867733
2.97975,-0.829089,-0.867733
2.9783,-0.848406,-0.86886
2.97304,-0.866665,-0.86886
2.95939,-0.882426,-0.866324
2.953,-0.900289,-0.866042
2.94925,-0.918961,-0.866605
2.93807,-0.935296,-0.864914
2.92863,-0.952121,-0.863787
2.91727,-0.968261,-0.862096
2.91218,-0.986451,-0.862378
2.90607,-1.0043,-0.862378
2.89804,-1.02148,-0.861814
2.89804,-1.04151,-0.863787
2.89881,-1.06191,-0.866042
2.89853,-1.08202,-0.868015
2.89184,-1.09979,-0.868015
2.8913,-1.11993,-0.869987
2.88348,-1.1373,-0.869706
2.87021,-1.15247,-0.867733
2.86575,-1.17115,-0.868578
2.84611,-1.18356,-0.864633
2.82553,-1.1954,-0.860405
2.8155,-1.21157,-0.859559
2.79483,-1.22306,-0.855332
2.7899,-1.24136,-0.856177
2.78311,-1.25885,-0.856459
2.77794,-1.2771,-0.857305
2.77788,-1.29777,-0.859841
2.7768,-1.31808,-0.862096
2.76866,-1.3351,-0.862096
2.76214,-1.3529,-0.86266
2.75465,-1.37025,-0.862942
2.74362,-1.38583,-0.862096
2.7325,-1.40133,-0.861251
2.72555,-1.41895,-0.861814
2.71255,-1.43341,-0.860405
2.7054,-1.45093,-0.860969
2.69476,-1.46659,-0.860405
2.67983,-1.47985,-0.858432
2.67405,-1.49814,-0.859559
2.6623,-1.5131,-0.858714
2.64715,-1.52606,-0.856741
2.63359,-1.53985,-0.855332
2.61997,-1.55354,-0.853923
2.61121,-1.57008,-0.854205
2.6048,-1.58807,-0.855332
2.59501,-1.60402,-0.855332
2.58756,-1.62144,-0.856177
2.58323,-1.64088,-0.85815
2.57715,-1.6593,-0.859559
2.56692,-1.67508,-0.859559
2.55739,-1.69133,-0.859841
2.54378,-1.70485,-0.858714
2.52771,-1.71666,-0.856741
2.51476,-1.7305,-0.855896
2.50016,-1.74316,-0.854486
2.49098,-1.75957,-0.85505
2.47467,-1.77092,-0.853077
2.46998,-1.79057,-0.855332
2.46281,-1.80853,-0.856741
2.45321,-1.82475,-0.857305
2.43277,-1.83285,-0.853923
2.43063,-1.85472,-0.857305
2.42756,-1.87605,-0.860405
2.40996,-1.88618,-0.85815
2.40435,-1.9057,-0.860405
0,0,0
2.37483,-1.93022,-0.85815
2.36442,-1.94598,-0.858714
2.35023,-1.95861,-0.857868
2.3367,-1.97175,-0.857305
2.32747,-1.98855,-0.858432
2.31958,-2.00655,-0.860123
2.30795,-2.02138,-0.860405
2.29766,-2.03741,-0.861251
2.28154,-2.04827,-0.859841
2.26467,-2.05836,-0.85815
2.24988,-2.07027,-0.857305
2.22871,-2.07619,-0.853923
2.21383,-2.08785,-0.853077
2.20098,-2.1014,-0.853077
2.18873,-2.11553,-0.853359
2.17502,-2.12825,-0.853077
2.16533,-2.14493,-0.854486
2.15281,-2.15885,-0.854768
2.14356,-2.17612,-0.856459
2.1295,-2.18855,-0.856177
2.11603,-2.20157,-0.856177
2.11108,-2.22356,-0.859841
2.09871,-2.23787,-0.860405
2.08559,-2.25141,-0.860687
2.06979,-2.26204,-0.859841
2.05523,-2.27398,-0.859559
2.04188,-2.28727,-0.859841
2.02526,-2.29687,-0.858714
2.00924,-2.30709,-0.857868
1.99254,-2.31646,-0.856741
1.97891,-2.32938,-0.857023
1.96273,-2.33927,-0.856177
1.94589,-2.34832,-0.85505
1.93327,-2.36244,-0.855896
1.91512,-2.36978,-0.854205
1.89934,-2.37999,-0.853641
1.89302,-2.40214,-0.857587
1.8812,-2.4175,-0.858996
1.87335,-2.43812,-0.862378
1.86357,-2.45645,-0.864914
1.84789,-2.46707,-0.864633
1.83272,-2.47836,-0.864633
1.81578,-2.48724,-0.863787
1.7988,-2.496,-0.862942
1.78234,-2.50542,-0.862378
1.76307,-2.51082,-0.860405
1.74599,-2.51922,-0.859559
1.71695,-2.5101,-0.852513
1.71602,-2.54205,-0.860123
1.69453,-2.54375,-0.857023
1.68258,-2.55971,-0.858996
1.66789,-2.5716,-0.859559
1.61689,-2.52684,-0.840394
0,0,0
1.43199,-2.29977,-0.754997
1.37615,-2.24067,-0.731605
1.35143,-2.23102,-0.725404
0,0,0
0,0,0
1.53536,-2.64287,-0.857023
1.5339,-2.67805,-0.86576
1.51461,-2.6824,-0.864069
1.50513,-2.70421,-0.868296
1.48574,-2.70835,-0.866605
1.47092,-2.72079,-0.867733
1.456,-2.73315,-0.86886
1.43876,-2.74119,-0.868578
1.42147,-2.74911,-0.868296
1.40719,-2.76291,-0.869987
1.3859,-2.76292,-0.867169
1.36977,-2.77309,-0.867733
1.35063,-2.77713,-0.866324
1.3315,-2.78104,-0.864914
1.31482,-2.79002,-0.865196
1.29808,-2.79891,-0.865478
1.27649,-2.79722,-0.862378
1.26245,-2.812,-0.864633
1.24711,-2.82408,-0.866042
1.2267,-2.82464,-0.863787
1.21425,-2.84358,-0.867451
1.19529,-2.84744,-0.866324
1.17597,-2.85029,-0.864914
1.16098,-2.86367,-0.866887
1.14161,-2.86629,-0.865478
1.12225,-2.86877,-0.864069
1.10704,-2.88187,-0.866042
0,0,0
1.07459,-2.90334,-0.868578
0,0,0
1.03888,-2.91631,-0.868578
0,0,0
0,0,0
0,0,0
0,0,0
0,0,0
0,0,0
0,0,0
0,0,0
0,0,0
0,0,0
0,0,0
0,0,0
0,0,0
0,0,0
0,0,0
0,0,0
0,0,0
0,0,0
0,0,0
0,0,0
0,0,0
0,0,0
0,0,0
0,0,0
0,0,0
0,0,0
0,0,0
0,0,0
0,0,0
0,0,0
0,0,0
0,0,0
0,0,0
0,0,0
0,0,0
0,0,0
0,0,0
0,0,0
0,0,0
0,0,0
0,0,0
0,0,0
0,0,0
0,0,0
0,0,0
0,0,0
0,0,0
0,0,0
0,0,0
0,0,0
0,0,0
0,0,0
0,0,0
0,0,0
0,0,0
0,0,0
0,0,0
0,0,0
0,0,0
0,0,0
0,0,0
0,0,0
0,0,0
0,0,0
0,0,0
0,0,0
0,0,0
0,0,0
0,0,0
0,0,0
0,0,0
0,0,0
0,0,0
0,0,0
0,0,0
0,0,0
0,0,0
0,0,0
0,0,0
0,0,0
0,0,0
0,0,0
0,0,0
0,0,0
0,0,0
0,0,0
0,0,0
0,0,0
0,0,0
0,0,0
0,0,0
0,0,0
0,0,0
0,0,0
0,0,0
0,0,0
0,0,0
0,0,0
0,0,0
0,0,0
0,0,0
0,0,0
0,0,0
0,0,0
0,0,0
0,0,0
0,0,0
0,0,0
0,0,0
0,0,0
0,0,0
0,0,0
0,0,0
0,0,0
0,0,0
0,0,0
0,0,0
0,0,0
0,0,0
0,0,0
0,0,0
0,0,0
0,0,0
0,0,0
0,0,0
0,0,0
0,0,0
0,0,0
0,0,0
0,0,0
0,0,0
0,0,0
0,0,0
0,0,0
0,0,0
0,0,0
0,0,0
0,0,0
0,0,0
0,0,0
0,0,0
0,0,0
0,0,0
0,0,0
0,0,0
0,0,0
0,0,0
0,0,0
0,0,0
0,0,0
0,0,0
0,0,0
0,0,0
0,0,0
0,0,0
0,0,0
0,0,0
0,0,0
0,0,0
0,0,0
0,0,0
0,0,0
0,0,0
0,0,0
0,0,0
0,0,0
0,0,0
0,0,0
0,0,0
0,0,0
0,0,0
0,0,0
0,0,0
0,0,0
0,0,0
0,0,0
0,0,0
0,0,0
0,0,0
0,0,0
0,0,0
0,0,0
0,0,0
0,0,0
0,0,0
0,0,0
0,0,0
0,0,0
0,0,0
0,0,0
0,0,0
0,0,0
0,0,0
0,0,0
0,0,0
0,0,0
0,0,0
0,0,0
0,0,0
0,0,0
0,0,0
0,0,0
0,0,0
0,0,0
0,0,0
0,0,0
0,0,0
0,0,0
0,0,0
0,0,0
0,0,0
0,0,0
0,0,0
0,0,0
0,0,0
0,0,0
0,0,0
0,0,0
0,0,0
0,0,0
0,0,0
0,0,0
0,0,0
0,0,0
0,0,0
0,0,0
0,0,0
0,0,0
0,0,0
0,0,0
0,0,0
0,0,0
0,0,0
0,0,0
0,0,0
0,0,0
0,0,0
0,0,0
0,0,0
0,0,0
0,0,0
0,0,0
0,0,0
0,0,0
0,0,0
0,0,0
0,0,0
0,0,0
0,0,0
0,0,0
0,0,0
0,0,0
0,0,0
0,0,0
0,0,0
0,0,0
0,0,0
0,0,0
0,0,0
0,0,0
0,0,0
0,0,0
0,0,0
0,0,0
0,0,0
0,0,0
0,0,0
0,0,0
0,0,0
0,0,0
0,0,0
0,0,0
0,0,0
0,0,0
0,0,0
0,0,0
0,0,0
0,0,0
0,0,0
0,0,0
0,0,0
0,0,0
0,0,0
0,0,0
0,0,0
0,0,0
0,0,0
0,0,0
0,0,0
0,0,0
0,0,0
0,0,0
0,0,0
0,0,0
0,0,0
0,0,0
0,0,0
0,0,0
0,0,0
0,0,0
0,0,0
0,0,0
0,0,0
0,0,0
0,0,0
0,0,0
0,0,0
0,0,0
0,0,0
0,0,0
0,0,0
0,0,0
0,0,0
0,0,0
0,0,0
0,0,0
0,0,0
0,0,0
0,0,0
0,0,0
0,0,0
0,0,0
0,0,0
0,0,0
0,0,0
0,0,0
0,0,0
0,0,0
0,0,0
0,0,0
0,0,0
0,0,0
0,0,0
0,0,0
0,0,0
0,0,0
0,0,0
0,0,0
0,0,0
0,0,0
0,0,0
0,0,0
0,0,0
0,0,0
0,0,0
0,0,0
0,0,0
0,0,0
0,0,0
0,0,0
0,0,0
0,0,0
0,0,0
0,0,0
0,0,0
0,0,0
0,0,0
0,0,0
0,0,0
0,0,0
0,0,0
0,0,0
0,0,0
0,0,0
0,0,0
0,0,0
0,0,0
0,0,0
0,0,0
0,0,0
0,0,0
0,0,0
0,0,0
0,0,0
0,0,0
0,0,0
0,0,0
0,0,0
0,0,0
0,0,0
0,0,0
0,0,0
0,0,0
0,0,0
0,0,0
0,0,0
0,0,0
0,0,0
0,0,0
0,0,0
0,0,0
0,0,0
0,0,0
0,0,0
0,0,0
0,0,0
0,0,0
0,0,0
0,0,0
0,0,0
0,0,0
0,0,0
0,0,0
0,0,0
0,0,0
0,0,0
0,0,0
0,0,0
0,0,0
0,0,0
0,0,0
0,0,0
0,0,0
0,0,0
0,0,0
0,0,0
0,0,0
0,0,0
0,0,0
0,0,0
0,0,0
0,0,0
0,0,0
0,0,0
0,0,0
0,0,0
0,0,0
0,0,0
0,0,0
0,0,0
0,0,0
0,0,0
0,0,0
0,0,0
0,0,0
0,0,0
0,0,0
0,0,0
0,0,0
0,0,0
0,0,0
0,0,0
0,0,0
0,0,0
0,0,0
0,0,0
0,0,0
0,0,0
0,0,0
0,0,0
0,0,0
0,0,0
0,0,0
0,0,0
0,0,0
0,0,0
0,0,0
0,0,0
0,0,0
0,0,0
0,0,0
0,0,0
0,0,0
0,0,0
0,0,0
0,0,0
0,0,0
0,0,0
0,0,0
0,0,0
0,0,0
0,0,0
0,0,0
0,0,0
0,0,0
0,0,0
0,0,0
0,0,0
0,0,0
0,0,0
0,0,0
0,0,0
0,0,0
0,0,0
0,0,0
0,0,0
0,0,0
0,0,0
0,0,0
0,0,0
0,0,0
0,0,0
0,0,0
0,0,0
0,0,0
0,0,0
0,0,0
0,0,0
0,0,0
0,0,0
0,0,0
0,0,0
0,0,0
0,0,0
0,0,0
0,0,0
0,0,0
0,0,0
0,0,0
0,0,0
0,0,0
0,0,0
0,0,0
0,0,0
0,0,0
0,0,0
0,0,0
0,0,0
0,0,0
0,0,0
0,0,0
0,0,0
0,0,0
0,0,0
0,0,0
0,0,0
0,0,0
0,0,0
0,0,0
0,0,0
0,0,0
0,0,0
0,0,0
0,0,0
0,0,0
0,0,0
0,0,0
0,0,0
0,0,0
0,0,0
0,0,0
0,0,0
0,0,0
0,0,0
0,0,0
0,0,0
0,0,0
0,0,0
0,0,0
0,0,0
0,0,0
0,0,0
0,0,0
0,0,0
0,0,0
0,0,0
0,0,0
0,0,0
0,0,0
0,0,0
0,0,0
0,0,0
0,0,0
0,0,0
0,0,0
0,0,0
0,0,0
0,0,0
0,0,0
0,0,0
0,0,0
0,0,0
0,0,0
0,0,0
0,0,0
0,0,0
0,0,0
0,0,0
0,0,0
0,0,0
0,0,0
0,0,0
0,0,0
0,0,0
0,0,0
0,0,0
0,0,0
0,0,0
0,0,0
0,0,0
0,0,0
0,0,0
0,0,0
0,0,0
0,0,0
0,0,0
0,0,0
0,0,0
0,0,0
0,0,0
0,0,0
0,0,0
0,0,0
0,0,0
0,0,0
0,0,0
0,0,0
1.06639,2.97275,-0.925159
1.08461,2.96616,-0.925159
1.10479,2.96482,-0.926914
1.12534,2.96424,-0.928962
1.14661,2.96531,-0.931594
1.16584,2.96089,-0.932472
1.18042,2.9448,-0.929547
1.19449,2.92777,-0.926329
1.21207,2.9195,-0.926036
1.22884,2.90936,-0.925159
1.24441,2.8965,-0.923403
1.26216,2.88881,-0.923403
1.28219,2.88625,-0.925159
1.30342,2.88617,-0.927791
1.32509,2.88681,-0.930717
1.3444,2.88209,-0.931887
1.36165,2.87293,-0.931594
1.37966,2.86538,-0.931887
1.3947,2.8517,-0.930132
1.40621,2.8311,-0.926036
1.41968,2.81474,-0.923403
1.43562,2.80342,-0.922526
1.44882,2.78692,-0.919893
1.46768,2.78136,-0.921063
1.48156,2.76641,-0.919015
1.49713,2.75474,-0.918138
1.51216,2.74216,-0.916968
1.53036,2.73533,-0.917845
1.549,2.72921,-0.919015
1.56381,2.71634,-0.917845
1.58189,2.70917,-0.918723
1.59995,2.70189,-0.9196
1.61551,2.69038,-0.919015
1.631,2.67878,-0.91843
1.64338,2.66221,-0.91609
1.6607,2.6537,-0.916675
1.67951,2.6475,-0.918138
1.69831,2.64116,-0.9196
1.71292,2.62829,-0.918723
1.72796,2.61614,-0.918138
1.74611,2.60866,-0.919308
1.75994,2.59473,-0.918138
1.77203,2.57837,-0.91609
1.78345,2.56117,-0.91375
1.79913,2.55018,-0.91375
1.81419,2.53832,-0.913457
1.82917,2.52636,-0.913165
1.8418,2.51123,-0.911702
1.86003,2.50372,-0.913165
1.87363,2.48997,-0.912287
1.89119,2.48147,-0.913457
1.90872,2.47285,-0.914627
1.91856,2.45431,-0.911994
1.93239,2.44099,-0.911409
1.95212,2.43506,-0.91375
1.96281,2.41784,-0.911702
1.98125,2.41018,-0.913457
1.99294,2.3943,-0.911994
2.0039,2.37764,-0.910239
2.01845,2.3653,-0.910239
2.0323,2.35215,-0.909947
2.04102,2.33316,-0.907314
2.05594,2.32131,-0.907606
2.06823,2.30651,-0.906729
2.0772,2.28812,-0.904388
2.09443,2.27885,-0.905851
2.10251,2.25965,-0.903218
2.10847,2.23836,-0.899708
2.1281,2.23161,-0.902341
2.1391,2.21575,-0.90117
2.15132,2.20122,-0.900585
2.16949,2.19274,-0.902633
2.17884,2.17533,-0.900878
2.19556,2.16528,-0.902341
2.20469,2.14776,-0.900585
2.21576,2.1322,-0.899708
2.23296,2.12252,-0.901463
2.24246,2.10551,-0.9
2.25463,2.09106,-0.899708
2.27024,2.07977,-0.900878
2.28012,2.06323,-0.899708
2.2963,2.05239,-0.90117
2.30957,2.03889,-0.901463
2.31843,2.02154,-0.9
2.32427,2.00166,-0.897367
2.33797,1.9886,-0.897952
2.34793,1.97237,-0.897075
2.35778,1.9561,-0.896197
2.37417,1.94523,-0.897952
2.38384,1.92882,-0.897075
2.39861,1.91655,-0.898245
2.41859,1.90831,-0.901463
2.43176,1.89461,-0.902048
2.44182,1.87848,-0.901463
2.45406,1.86404,-0.901756
2.46469,1.84838,-0.901463
2.46753,1.82696,-0.898245
2.47329,1.80784,-0.896197
2.48434,1.79263,-0.896197
2.48828,1.77236,-0.893564
2.50224,1.75926,-0.894735
2.5122,1.74332,-0.894442
2.5189,1.72518,-0.892979
2.5334,1.71237,-0.894442
2.54545,1.69785,-0.895027
2.55902,1.6843,-0.896197
2.57011,1.66909,-0.89649
2.57949,1.65277,-0.896197
2.59525,1.64049,-0.898245
2.60526,1.62453,-0.898245
2.616,1.60902,-0.898538
2.625,1.59244,-0.898245
2.6298,1.57336,-0.89649
2.63776,1.55622,-0.895905
2.64808,1.54049,-0.896197
2.65251,1.52136,-0.894442
2.66179,1.50505,-0.894442
2.67265,1.48962,-0.895027
2.68006,1.47228,-0.894442
2.68148,1.45171,-0.891809
2.68274,1.43118,-0.889176
2.68131,1.40935,-0.885666
2.68991,1.39287,-0.885666
2.69585,1.37504,-0.884788
2.7068,1.35976,-0.885666
2.72281,1.34694,-0.888299
2.7336,1.33146,-0.889176
2.74172,1.31466,-0.889176
2.74887,1.29741,-0.888884
2.75417,1.27931,-0.888006
2.75501,1.25921,-0.885666
2.75745,1.23993,-0.883911
2.76851,1.22453,-0.885081
2.77509,1.20714,-0.884788
2.78772,1.19234,-0.886544
2.79851,1.1767,-0.887714
2.80568,1.1595,-0.887714
2.8154,1.14335,-0.888591
2.81881,1.12463,-0.887421
2.82032,1.10522,-0.885666
2.8199,1.08515,-0.883326
2.82472,1.06715,-0.88274
2.83032,1.04947,-0.882448
2.82862,1.02914,-0.879815
2.83037,1.01016,-0.878352
2.82388,0.988351,-0.874257
2.37401,0.814649,-0.726817
2.12426,0.714454,-0.644614
2.12315,0.699611,-0.642859
2.13651,0.689506,-0.645784
2.1407,0.676384,-0.645784
2.85835,0.883742,-0.874257
2.86829,0.867571,-0.87572
2.85889,0.845617,-0.871039
2.87413,0.830979,-0.874257
2.87826,0.813069,-0.873964
2.88042,0.79463,-0.873087
2.89448,0.779426,-0.876012
2.89643,0.760923,-0.875135
2.89642,0.741951,-0.873672
2.91298,0.727174,-0.877475
2.91459,0.708609,-0.876597
2.93099,0.693573,-0.8804
2.92773,0.673861,-0.87806
2.93834,0.657345,-0.880108
1.09299,0.237742,-0.301174
1.12531,0.237538,-0.310828
1.12581,0.230437,-0.310535
1.13001,0.224082,-0.311413
1.12855,0.216605,-0.310535
1.09883,0.203929,-0.300881
1.10006,0.197183,-0.300881
1.09182,0.188803,-0.297956
1.10428,0.183982,-0.301466
1.1035,0.176901,-0.300881
1.11685,0.172015,-0.304684
1.13965,0.168365,-0.311413
1.12361,0.158964,-0.306147
1.11793,0.151172,-0.304099
1.12548,0.145164,-0.306147
1.12445,0.138023,-0.305562
1.16137,0.135314,-0.316678
1.14507,0.126304,-0.311413
1.12966,0.117598,-0.306439
1.13036,0.110664,-0.306439
1.13673,0.104248,-0.308195
1.13735,0.0972717,-0.308195
1.13411,0.08999,-0.307025
1.13559,0.083099,-0.307317
1.14181,0.0765112,-0.309072
1.14225,0.0695038,-0.309072
1.1417,0.0624419,-0.30878
1.14015,0.0553433,-0.308195
1.13952,0.0483062,-0.307902
1.14744,0.0415878,-0.310242
1.14194,0.0343758,-0.308487
1.14021,0.0273232,-0.307902
1.14323,0.0203766,-0.30878
1.14142,0.0133398,-0.308195
1.14052,0.006331,-0.307902
1.14054,-0.000667236,-0.307902
1.14434,-0.00769251,-0.309072
1.14332,-0.0147013,-0.30878
1.1432,-0.0217162,-0.30878
1.14209,-0.028706,-0.308487
1.13998,-0.0356528,-0.307902
1.13688,-0.0425386,-0.307025
1.13946,-0.0496394,-0.307902
1.13436,-0.056391,-0.306439
1.13017,-0.0631355,-0.305269
1.12976,-0.070069,-0.305269
1.13027,-0.0770651,-0.305562
1.13168,-0.0841414,-0.306147
1.13114,-0.0910836,-0.306147
1.12866,-0.0978566,-0.305562
1.11947,-0.103981,-0.302929
1.12261,-0.111226,-0.304099
1.12857,-0.118816,-0.306147
1.11261,-0.124038,-0.301466
1.10898,-0.130526,-0.300589
1.12239,-0.139097,-0.304977
1.11393,-0.144991,-0.302636
1.1225,-0.153119,-0.305562
1.11586,-0.159192,-0.303807
1.12242,-0.167165,-0.306147
1.11193,-0.172579,-0.303222
1.12029,-0.180926,-0.306147
1.1135,-0.186845,-0.304392
1.11233,-0.193674,-0.304392
1.12618,-0.203218,-0.309072
1.13525,-0.212059,-0.31229
1.12642,-0.217567,-0.30995
1.15694,-0.230848,-0.319896
0,0,0
2.919,-0.620406,-0.871917
2.90953,-0.637077,-0.870161
2.8981,-0.653234,-0.867821
2.89777,-0.671869,-0.868991
2.89731,-0.690524,-0.870161
2.89952,-0.709881,-0.872209
2.89511,-0.727659,-0.872209
2.89152,-0.745648,-0.872502
2.88966,-0.76411,-0.873379
2.87938,-0.780325,-0.871624
2.8773,-0.798745,-0.872502
2.86315,-0.813769,-0.869576
2.85259,-0.829719,-0.867821
2.84653,-0.846934,-0.867528
2.83213,-0.861599,-0.864603
2.82497,-0.878392,-0.864018
2.81497,-0.894261,-0.862555
2.80124,-0.90886,-0.859923
2.79198,-0.924827,-0.858752
2.78444,-0.941329,-0.858167
2.77952,-0.958708,-0.85846
2.77899,-0.977649,-0.860215
2.76484,-0.991776,-0.857582
2.77038,-1.01299,-0.861385
2.76949,-1.03198,-0.86314
2.76579,-1.04997,-0.864018
2.77356,-1.07244,-0.868699
2.7696,-1.09049,-0.869576
2.75842,-1.10568,-0.868114
2.75601,-1.12439,-0.869576
2.74199,-1.13835,-0.867236
2.72703,-1.1518,-0.864603
2.71727,-1.16738,-0.863725
2.70393,-1.18135,-0.861678
2.70012,-1.19947,-0.862848
2.70055,-1.21956,-0.865481
2.69476,-1.23691,-0.866066
2.69232,-1.25584,-0.867821
2.68888,-1.27439,-0.869284
2.67067,-1.28588,-0.865773
2.66359,-1.30267,-0.866066
2.65041,-1.31643,-0.864311
2.6346,-1.32879,-0.861678
2.62554,-1.3445,-0.861385
2.6147,-1.35926,-0.860508
2.608,-1.37617,-0.861093
2.59108,-1.38763,-0.858167
2.5884,-1.4067,-0.860215
2.58055,-1.42302,-0.860508
2.57261,-1.43929,-0.8608
2.56622,-1.45647,-0.861678
2.5589,-1.47314,-0.862263
2.55146,-1.48978,-0.862848
2.54145,-1.50492,-0.862555
2.53217,-1.52048,-0.862555
2.52361,-1.53649,-0.862848
2.5125,-1.55094,-0.862263
2.4997,-1.5643,-0.861093
2.49086,-1.58012,-0.861385
2.48112,-1.59537,-0.861385
2.47288,-1.61161,-0.86197
2.46933,-1.63097,-0.864311
2.45848,-1.64556,-0.864018
2.44913,-1.66115,-0.864311
2.43574,-1.67398,-0.86314
2.42699,-1.68999,-0.863725
2.41814,-1.70595,-0.864311
2.40374,-1.71797,-0.862848
2.3916,-1.73157,-0.862263
2.38479,-1.74904,-0.863725
2.37171,-1.76193,-0.862848
2.36162,-1.77702,-0.86314
2.34915,-1.79032,-0.862555
2.33812,-1.8047,-0.862555
2.33378,-1.82431,-0.865188
2.32404,-1.83979,-0.865773
2.3142,-1.85521,-0.866358
2.30277,-1.86937,-0.866358
2.28978,-1.88225,-0.865773
2.28407,-1.90116,-0.868114
2.2614,-1.9059,-0.863725
2.24457,-1.91539,-0.861678
2.22988,-1.92663,-0.860508
2.22161,-1.94342,-0.86197
2.19963,-1.94814,-0.857875
2.18336,-1.95777,-0.85612
2.16989,-1.96984,-0.855534
2.15706,-1.98247,-0.855242
2.14835,-1.99893,-0.856705
2.1444,-2.01994,-0.860215
2.13681,-2.03768,-0.862263
2.12908,-2.0554,-0.864311
2.11711,-2.0691,-0.864603
2.09962,-2.07734,-0.862555
2.08548,-2.08883,-0.86197
2.06927,-2.09818,-0.860508
2.05169,-2.10604,-0.85846
2.04138,-2.12135,-0.85963
2.03096,-2.13661,-0.8608
2.02043,-2.15182,-0.86197
2.00784,-2.16488,-0.862263
1.99258,-2.17504,-0.861385
1.98368,-2.19219,-0.863433
1.96765,-2.20147,-0.862263
1.9522,-2.21135,-0.861385
1.94174,-2.22689,-0.862848
1.92617,-2.23659,-0.86197
1.91613,-2.25273,-0.863725
1.89858,-2.26006,-0.86197
1.88406,-2.27093,-0.861678
1.87131,-2.28392,-0.862263
1.85726,-2.29536,-0.862263
1.84493,-2.30896,-0.86314
1.83309,-2.32324,-0.864311
1.81763,-2.33293,-0.863725
1.8062,-2.34783,-0.865188
1.79233,-2.35963,-0.865481
1.77553,-2.36752,-0.864311
1.75926,-2.37607,-0.863433
1.7486,-2.39222,-0.865481
1.72829,-2.39515,-0.862555
1.71634,-2.40961,-0.864018
1.69877,-2.41618,-0.862555
1.68119,-2.42263,-0.861093
1.66899,-2.43684,-0.862555
1.65454,-2.44783,-0.862848
1.63684,-2.45396,-0.861385
1.61755,-2.45757,-0.859045
1.58838,-2.44579,-0.851146
1.57128,-2.45227,-0.849976
0,0,0
1.37717,-2.20844,-0.755194
1.32452,-2.15331,-0.732376
0,0,0
0,0,0
0,0,0
1.4429,-2.48028,-0.836812
1.45572,-2.53803,-0.854072
1.44341,-2.55274,-0.85612
1.4347,-2.57408,-0.860508
1.42763,-2.59876,-0.866066
1.41029,-2.60495,-0.865188
1.39743,-2.61946,-0.867236
1.38266,-2.63052,-0.868114
1.36386,-2.63386,-0.866358
1.35158,-2.64985,-0.868991
1.33229,-2.65211,-0.866943
1.31006,-2.64823,-0.862848
1.29379,-2.65622,-0.862848
1.27788,-2.66497,-0.86314
1.26109,-2.6719,-0.862848
1.24226,-2.67438,-0.861093
1.22622,-2.68282,-0.861385
1.20778,-2.68594,-0.859923
1.19166,-2.69417,-0.860215
1.17625,-2.70406,-0.861093
1.15663,-2.70419,-0.858752
1.14446,-2.72182,-0.862263
1.1281,-2.72967,-0.862555
1.11097,-2.73566,-0.862263
1.09806,-2.75219,-0.865481
1.0822,-2.76155,-0.866358
1.06284,-2.76189,-0.864311
1.04722,-2.77194,-0.865481
1.03119,-2.781,-0.866358
1.01476,-2.78908,-0.866943
0,0,0
0,0,0
0.965421,-2.81361,-0.868991
0,0,0
0,0,0
0,0,0
0,0,0
0,0,0
0,0,0
0,0,0
0,0,0
0,0,0
0,0,0
0,0,0
0,0,0
0,0,0
0,0,0
0,0,0
0,0,0
0,0,0
0,0,0
0,0,0
0,0,0
0,0,0
0,0,0
0,0,0
0,0,0
0,0,0
0,0,0
0,0,0
0,0,0
0,0,0
0,0,0
0,0,0
0,0,0
0,0,0
0,0,0
0,0,0
0,0,0
0,0,0
0,0,0
0,0,0
0,0,0
0,0,0
0,0,0
0,0,0
0,0,0
0,0,0
0,0,0
0,0,0
0,0,0
0,0,0
0,0,0
0,0,0
0,0,0
0,0,0
0,0,0
0,0,0
0,0,0
0,0,0
0,0,0
0,0,0
0,0,0
0,0,0
0,0,0
0,0,0
0,0,0
0,0,0
0,0,0
0,0,0
0,0,0
0,0,0
0,0,0
0,0,0
0,0,0
0,0,0
0,0,0
0,0,0
0,0,0
0,0,0
0,0,0
0,0,0
0,0,0
0,0,0
0,0,0
0,0,0
0,0,0
0,0,0
0,0,0
0,0,0
0,0,0
0,0,0
0,0,0
0,0,0
0,0,0
0,0,0
0,0,0
0,0,0
0,0,0
0,0,0
0,0,0
0,0,0
0,0,0
0,0,0
0,0,0
0,0,0
0,0,0
0,0,0
0,0,0
0,0,0
0,0,0
0,0,0
0,0,0
0,0,0
0,0,0
0,0,0
0,0,0
0,0,0
0,0,0
0,0,0
0,0,0
0,0,0
0,0,0
0,0,0
0,0,0
0,0,0
0,0,0
0,0,0
0,0,0
0,0,0
0,0,0
0,0,0
0,0,0
0,0,0
0,0,0
0,0,0
0,0,0
0,0,0
0,0,0
0,0,0
0,0,0
0,0,0
0,0,0
0,0,0
0,0,0
0,0,0
0,0,0
0,0,0
0,0,0
0,0,0
0,0,0
0,0,0
0,0,0
0,0,0
0,0,0
0,0,0
0,0,0
0,0,0
0,0,0
0,0,0
0,0,0
0,0,0
0,0,0
0,0,0
0,0,0
0,0,0
0,0,0
0,0,0
0,0,0
0,0,0
0,0,0
0,0,0
0,0,0
0,0,0
0,0,0
0,0,0
0,0,0
0,0,0
0,0,0
0,0,0
0,0,0
0,0,0
0,0,0
0,0,0
0,0,0
0,0,0
0,0,0
0,0,0
0,0,0
0,0,0
0,0,0
0,0,0
0,0,0
0,0,0
0,0,0
0,0,0
0,0,0
0,0,0
0,0,0
0,0,0
0,0,0
0,0,0
0,0,0
0,0,0
0,0,0
0,0,0
0,0,0
0,0,0
0,0,0
0,0,0
0,0,0
0,0,0
0,0,0
0,0,0
0,0,0
0,0,0
0,0,0
0,0,0
0,0,0
0,0,0
0,0,0
0,0,0
0,0,0
0,0,0
0,0,0
0,0,0
0,0,0
0,0,0
0,0,0
0,0,0
0,0,0
0,0,0
0,0,0
0,0,0
0,0,0
0,0,0
0,0,0
0,0,0
0,0,0
0,0,0
0,0,0
0,0,0
0,0,0
0,0,0
0,0,0
0,0,0
0,0,0
0,0,0
0,0,0
0,0,0
0,0,0
0,0,0
0,0,0
0,0,0
0,0,0
0,0,0
0,0,0
0,0,0
0,0,0
0,0,0
0,0,0
0,0,0
0,0,0
0,0,0
0,0,0
0,0,0
0,0,0
0,0,0
0,0,0
0,0,0
0,0,0
0,0,0
0,0,0
0,0,0
0,0,0
0,0,0
0,0,0
0,0,0
0,0,0
0,0,0
0,0,0
0,0,0
0,0,0
0,0,0
0,0,0
0,0,0
0,0,0
0,0,0
0,0,0
0,0,0
0,0,0
0,0,0
0,0,0
0,0,0
0,0,0
0,0,0
0,0,0
0,0,0
0,0,0
0,0,0
0,0,0
0,0,0
0,0,0
0,0,0
0,0,0
0,0,0
0,0,0
0,0,0
0,0,0
0,0,0
0,0,0
0,0,0
0,0,0
0,0,0
0,0,0
0,0,0
0,0,0
0,0,0
0,0,0
0,0,0
0,0,0
0,0,0
0,0,0
0,0,0
0,0,0
0,0,0
0,0,0
0,0,0
0,0,0
0,0,0
0,0,0
0,0,0
0,0,0
0,0,0
0,0,0
0,0,0
0,0,0
0,0,0
0,0,0
0,0,0
0,0,0
0,0,0
0,0,0
0,0,0
0,0,0
0,0,0
0,0,0
0,0,0
0,0,0
0,0,0
0,0,0
0,0,0
0,0,0
0,0,0
0,0,0
0,0,0
0,0,0
0,0,0
0,0,0
0,0,0
0,0,0
0,0,0
0,0,0
0,0,0
0,0,0
0,0,0
0,0,0
0,0,0
0,0,0
0,0,0
0,0,0
0,0,0
0,0,0
0,0,0
0,0,0
0,0,0
0,0,0
0,0,0
0,0,0
0,0,0
0,0,0
0,0,0
0,0,0
0,0,0
0,0,0
0,0,0
0,0,0
0,0,0
0,0,0
0,0,0
0,0,0
0,0,0
0,0,0
0,0,0
0,0,0
0,0,0
0,0,0
0,0,0
0,0,0
0,0,0
0,0,0
0,0,0
0,0,0
0,0,0
0,0,0
0,0,0
0,0,0
0,0,0
0,0,0
0,0,0
0,0,0
0,0,0
0,0,0
0,0,0
0,0,0
0,0,0
0,0,0
0,0,0
0,0,0
0,0,0
0,0,0
0,0,0
0,0,0
0,0,0
0,0,0
0,0,0
0,0,0
0,0,0
0,0,0
0,0,0
0,0,0
0,0,0
0,0,0
0,0,0
0,0,0
0,0,0
0,0,0
0,0,0
0,0,0
0,0,0
0,0,0
0,0,0
0,0,0
0,0,0
0,0,0
0,0,0
0,0,0
0,0,0
0,0,0
0,0,0
0,0,0
0,0,0
0,0,0
0,0,0
0,0,0
0,0,0
0,0,0
0,0,0
0,0,0
0,0,0
0,0,0
0,0,0
0,0,0
0,0,0
0,0,0
0,0,0
0,0,0
0,0,0
0,0,0
0,0,0
0,0,0
0,0,0
0,0,0
0,0,0
0,0,0
0,0,0
0,0,0
0,0,0
0,0,0
0,0,0
0,0,0
0,0,0
0,0,0
0,0,0
0,0,0
0,0,0
0,0,0
0,0,0
0,0,0
0,0,0
0,0,0
0,0,0
0,0,0
0,0,0
0,0,0
0,0,0
0,0,0
0,0,0
0,0,0
0,0,0
0,0,0
0,0,0
0,0,0
0,0,0
0,0,0
0,0,0
0,0,0
0,0,0
0,0,0
0,0,0
0,0,0
0,0,0
0,0,0
0,0,0
0,0,0
0,0,0
0,0,0
0,0,0
0,0,0
0,0,0
0,0,0
0,0,0
0,0,0
0,0,0
0,0,0
0,0,0
0,0,0
0,0,0
0,0,0
0,0,0
0,0,0
0,0,0
0,0,0
0,0,0
0,0,0
0,0,0
0,0,0
0,0,0
0,0,0
0,0,0
0,0,0
0,0,0
0,0,0
0,0,0
0,0,0
0,0,0
0,0,0
0,0,0
0,0,0
0,0,0
0,0,0
0,0,0
0,0,0
0,0,0
0,0,0
0,0,0
0,0,0
0,0,0
0,0,0
0,0,0
0,0,0
0,0,0
0,0,0
0,0,0
0,0,0
0,0,0
0,0,0
0,0,0
0,0,0
0,0,0
0,0,0
0,0,0
0,0,0
0,0,0
0,0,0
0,0,0
0,0,0
0,0,0
0,0,0
0,0,0
0,0,0
0,0,0
0,0,0
0,0,0
0,0,0
0,0,0
0,0,0
0,0,0
0,0,0
0,0,0
0,0,0
0,0,0
0,0,0
0,0,0
0,0,0
0,0,0
0,0,0
0,0,0
0,0,0
0,0,0
0,0,0
0,0,0
0,0,0
0,0,0
0,0,0
0,0,0
0,0,0
0,0,0
0,0,0
0,0,0
0,0,0
0,0,0
0,0,0
0,0,0
0,0,0
0,0,0
0,0,0
0,0,0
0,0,0
0,0,0
0,0,0
0,0,0
0,0,0
0,0,0
0,0,0
0,0,0
0,0,0
0,0,0
0,0,0
0,0,0
0,0,0
0,0,0
0,0,0
0,0,0
0.932956,2.93071,-0.937993
0.968871,2.98022,-0.956499
0.974247,2.93532,-0.943454
0.994072,2.93471,-0.945274
1.00646,2.91234,-0.939813
1.02463,2.90701,-0.940117
1.04438,2.90604,-0.941937
1.05794,2.88795,-0.937993
1.07131,2.8698,-0.934049
1.08923,2.86406,-0.934353
1.10679,2.85732,-0.934353
1.12081,2.84161,-0.931319
1.13432,2.82495,-0.927982
1.14947,2.81265,-0.926162
1.1689,2.81082,-0.927982
1.18761,2.80711,-0.929196
1.20218,2.79364,-0.927072
1.22044,2.78883,-0.927982
1.23675,2.77955,-0.927375
1.25496,2.77451,-0.928285
1.27395,2.77109,-0.929802
1.29013,2.76149,-0.929196
1.30868,2.75697,-0.930409
1.32722,2.75232,-0.931623
1.34493,2.74584,-0.932229
1.36217,2.73839,-0.932533
1.37766,2.72742,-0.931623
1.38916,2.70874,-0.927982
1.40575,2.70017,-0.927982
1.41517,2.67801,-0.923128
1.43338,2.67263,-0.924342
1.44429,2.65374,-0.920701
1.45686,2.63816,-0.918274
1.4707,2.62501,-0.916757
1.48489,2.61262,-0.915544
1.50042,2.60264,-0.915241
1.51492,2.59091,-0.914331
1.52933,2.57911,-0.91342
1.54758,2.57376,-0.914937
1.56136,2.56096,-0.913724
1.57955,2.55539,-0.915241
1.59823,2.55049,-0.917061
1.60772,2.53098,-0.91342
1.63147,2.53389,-0.918274
1.65115,2.53022,-0.920701
1.66455,2.51686,-0.919488
1.68314,2.51135,-0.921308
1.69584,2.49704,-0.919791
1.70303,2.4748,-0.915241
1.71819,2.46431,-0.915241
1.72998,2.44905,-0.91342
1.74276,2.43529,-0.912207
1.75655,2.423,-0.9116
1.77138,2.41218,-0.9116
1.78785,2.40356,-0.91251
1.80429,2.39483,-0.91342
1.82241,2.38826,-0.915241
1.83238,2.371,-0.912814
1.84924,2.36271,-0.914027
1.86488,2.35282,-0.914634
1.87571,2.33687,-0.912814
1.88701,2.32162,-0.911297
1.90182,2.31073,-0.9116
1.90987,2.2917,-0.908567
1.92451,2.28066,-0.90887
1.93599,2.26591,-0.907656
1.94986,2.25399,-0.907656
1.9624,2.24055,-0.90705
1.978,2.23061,-0.90796
1.98847,2.21488,-0.906443
2.00074,2.20123,-0.905836
2.01099,2.1854,-0.904319
2.02436,2.17302,-0.904319
2.03177,2.15432,-0.901589
2.04298,2.13974,-0.900679
2.05805,2.12923,-0.901589
2.06775,2.11315,-0.900072
2.08336,2.10313,-0.901286
2.10094,2.09502,-0.903409
2.11172,2.08008,-0.902499
2.12581,2.06842,-0.903106
2.14052,2.05732,-0.904016
2.1538,2.0448,-0.904319
2.16422,2.02959,-0.903409
2.17663,2.01627,-0.903409
2.18404,1.99837,-0.901286
2.19273,1.98174,-0.899769
2.20698,1.97015,-0.900679
2.21689,1.95468,-0.899769
2.22596,1.93854,-0.898555
2.23782,1.92484,-0.898555
2.24886,1.91046,-0.898252
2.26127,1.89724,-0.898555
2.28314,1.89184,-0.902803
2.28438,1.86934,-0.898555
2.29877,1.85769,-0.899769
2.30566,1.83998,-0.897949
2.3199,1.82816,-0.899162
2.33633,1.81799,-0.901286
2.34367,1.80071,-0.899769
2.3615,1.79149,-0.902499
2.37016,1.77525,-0.901589
2.37795,1.7584,-0.900376
2.39177,1.74603,-0.901589
2.39317,1.72463,-0.897949
2.40215,1.70881,-0.897342
2.41025,1.69239,-0.896432
2.41276,1.67214,-0.893398
2.4159,1.65246,-0.890668
2.43073,1.64081,-0.892488
2.44313,1.62745,-0.893398
2.46342,1.61924,-0.897342
2.4773,1.60668,-0.898859
2.47989,1.58683,-0.896128
2.48395,1.56802,-0.894005
2.50403,1.5593,-0.897949
2.47946,1.52295,-0.885207
2.49528,1.51166,-0.887634
2.50205,1.49485,-0.886724
2.512,1.47995,-0.887027
2.53339,1.4717,-0.891578
2.54402,1.45707,-0.892185
2.55789,1.44425,-0.894005
2.56671,1.42853,-0.894005
2.57208,1.41092,-0.892791
2.57315,1.39103,-0.890061
2.57323,1.37073,-0.887027
2.57821,1.35314,-0.885814
2.59324,1.3408,-0.888241
2.59972,1.324,-0.887634
2.6112,1.30973,-0.888848
2.61919,1.29368,-0.888848
2.63222,1.28009,-0.890668
2.64174,1.26474,-0.891275
2.64687,1.24729,-0.890364
2.65793,1.23263,-0.891578
2.66197,1.21471,-0.890364
2.6659,1.19679,-0.889151
2.67755,1.18234,-0.890668
2.68301,1.16513,-0.890061
2.69799,1.15201,-0.892791
2.6971,1.13212,-0.890061
2.704,1.11555,-0.890061
2.71962,1.10252,-0.893095
2.72722,1.08616,-0.893398
2.73206,1.06871,-0.892791
2.73145,1.04919,-0.890364
2.73338,1.03073,-0.888848
2.73518,1.01228,-0.887331
2.73508,0.993202,-0.885207
2.73573,0.974481,-0.883387
2.72907,0.953272,-0.87914
2.14087,0.732841,-0.67922
2.12455,0.71271,-0.672243
2.12798,0.699363,-0.67194
2.13314,0.686585,-0.672243
2.13458,0.672623,-0.671333
2.35717,0.727015,-0.744141
2.74286,0.827768,-0.870949
2.76068,0.814704,-0.875196
2.76562,0.797749,-0.875196
2.77964,0.783353,-0.87823
2.78439,0.766283,-0.87823
2.78996,0.749431,-0.878533
2.79451,0.732298,-0.878533
2.79802,0.714901,-0.87823
2.80236,0.69772,-0.87823
2.80936,0.681186,-0.87914
2.81256,0.663716,-0.878836
2.83051,0.649649,-0.883387
1.12244,0.249668,-0.324887
1.11091,0.239947,-0.32064
1.12448,0.235679,-0.324583
1.11564,0.226677,-0.321246
1.10392,0.217239,-0.316999
1.10523,0.210461,-0.316999
1.09807,0.202114,-0.314269
1.1143,0.198056,-0.319123
1.12958,0.193644,-0.323673
1.13075,0.18671,-0.323673
1.13469,0.180219,-0.324583
1.11694,0.170361,-0.318516
1.13682,0.166281,-0.324583
1.13688,0.15917,-0.32428
1.118,0.149518,-0.317909
1.10472,0.140833,-0.313359
1.14623,0.139026,-0.326403
1.1234,0.129244,-0.318819
1.15543,0.125782,-0.32883
1.15902,0.118985,-0.329741
1.12844,0.108821,-0.319729
1.12244,0.101289,-0.317606
1.15627,0.097227,-0.328224
1.15115,0.0896807,-0.326403
1.15072,0.0825466,-0.3261
1.13409,0.0743451,-0.32064
1.12882,0.0670403,-0.318819
1.12731,0.0600095,-0.318213
1.12575,0.0529997,-0.317606
1.12701,0.0461312,-0.317909
1.12632,0.039181,-0.317606
1.1313,0.0324106,-0.319123
1.1391,0.0256477,-0.32155
1.12971,0.0184922,-0.318516
1.13456,0.0116137,-0.320033
1.1308,0.00463245,-0.318819
1.12319,-0.00229829,-0.316392
1.13649,-0.00928552,-0.32064
1.13355,-0.0162207,-0.319729
1.13534,-0.0232128,-0.320336
1.13708,-0.0302274,-0.320943
1.13306,-0.037083,-0.319729
1.13853,-0.0442509,-0.32155
1.13348,-0.0510265,-0.320033
1.13409,-0.0580282,-0.320336
1.1556,-0.0662178,-0.327314
1.16658,-0.0740201,-0.330954
1.16706,-0.0812419,-0.331257
1.15893,-0.0878327,-0.32883
1.16122,-0.0951729,-0.329741
1.16916,-0.103041,-0.332471
1.14384,-0.10791,-0.324583
1.13557,-0.114172,-0.322156
1.13579,-0.121238,-0.32246
1.12177,-0.12672,-0.318213
1.13233,-0.134943,-0.321853
1.11162,-0.139418,-0.315482
1.13437,-0.149322,-0.323066
1.13721,-0.156796,-0.32428
1.13528,-0.163636,-0.323977
1.13897,-0.171303,-0.325493
0,0,0
1.14618,-0.18679,-0.328527
1.13938,-0.192871,-0.326707
1.13817,-0.199858,-0.326707
1.13599,-0.206668,-0.326403
1.1347,-0.213635,-0.326403
1.12869,-0.219688,-0.324887
1.12825,-0.226796,-0.32519
0,0,0
2.83283,-0.603922,-0.88096
2.81511,-0.618232,-0.87641
2.80568,-0.634235,-0.874589
2.8036,-0.65187,-0.875196
2.80232,-0.669723,-0.876106
2.79816,-0.686905,-0.876106
2.7902,-0.703132,-0.874893
2.78306,-0.719524,-0.873983
2.7832,-0.737806,-0.875499
2.77954,-0.755119,-0.875803
2.76751,-0.770119,-0.873376
2.75723,-0.785522,-0.871556
2.74779,-0.801093,-0.870039
2.7346,-0.815491,-0.867308
2.72317,-0.830312,-0.865185
2.71711,-0.846722,-0.864882
2.70823,-0.862223,-0.863668
2.70561,-0.879707,-0.864578
2.70378,-0.897491,-0.865792
2.69371,-0.912538,-0.864275
2.69076,-0.929981,-0.865185
2.6895,-0.948056,-0.866702
2.67556,-0.961643,-0.863971
2.6714,-0.978697,-0.864578
2.66802,-0.996069,-0.865488
2.67076,-1.0158,-0.868522
2.66892,-1.03389,-0.870039
2.66874,-1.05269,-0.872162
2.66134,-1.06869,-0.871859
2.65738,-1.08608,-0.872769
2.65331,-1.10347,-0.873679
2.64385,-1.11861,-0.872769
2.63081,-1.13218,-0.870646
2.62469,-1.14868,-0.870949
2.61324,-1.16283,-0.869432
2.60258,-1.17727,-0.868219
2.59011,-1.19083,-0.866398
2.58707,-1.20872,-0.867915
2.57272,-1.2213,-0.865488
2.56775,-1.23831,-0.866398
2.56182,-1.25488,-0.867005
2.55407,-1.27057,-0.867005
2.55218,-1.28923,-0.869129
2.54507,-1.3053,-0.869432
2.53617,-1.32045,-0.869129
2.52802,-1.33599,-0.869129
2.51473,-1.34877,-0.867308
2.5039,-1.36281,-0.866398
2.48965,-1.37493,-0.864275
2.48449,-1.39204,-0.865488
2.48005,-1.40961,-0.867005
2.47218,-1.42528,-0.867308
2.46421,-1.4409,-0.867612
2.45942,-1.45842,-0.869129
2.44634,-1.47103,-0.867612
2.44134,-1.48849,-0.869129
2.4281,-1.50094,-0.867612
2.41562,-1.51379,-0.866398
2.40226,-1.52603,-0.864882
2.39125,-1.53971,-0.864275
2.37936,-1.55279,-0.863365
2.37297,-1.56946,-0.864578
2.36092,-1.5824,-0.863668
2.35038,-1.59632,-0.863365
2.34133,-1.61125,-0.863668
2.33609,-1.62886,-0.865488
2.32371,-1.64151,-0.864578
2.3136,-1.65574,-0.864578
2.30108,-1.66823,-0.863668
2.28235,-1.67611,-0.860331
2.27584,-1.69293,-0.861848
2.26313,-1.70514,-0.860938
2.24884,-1.71611,-0.859421
2.23977,-1.73104,-0.860028
2.22686,-1.74299,-0.859118
2.2094,-1.7513,-0.856387
2.2053,-1.77018,-0.859118
2.19662,-1.78548,-0.860028
2.19371,-1.80559,-0.863365
2.18772,-1.82328,-0.865488
2.16993,-1.83114,-0.862758
2.16735,-1.85185,-0.866398
2.15163,-1.86137,-0.864578
2.13156,-1.86701,-0.860938
2.11935,-1.87942,-0.860634
2.09005,-1.87648,-0.85305
2.09331,-1.90272,-0.859421
2.08299,-1.91682,-0.860028
2.07538,-1.93346,-0.861848
2.0718,-1.954,-0.865488
2.06666,-1.97326,-0.868522
2.05589,-1.98722,-0.869129
2.03957,-1.9958,-0.867308
2.02322,-2.00426,-0.865488
2.0129,-2.01866,-0.866398
1.9978,-2.02826,-0.865185
1.98997,-2.04526,-0.867308
1.97739,-2.05743,-0.867308
1.96538,-2.07021,-0.867612
1.96112,-2.09127,-0.871556
1.9489,-2.10396,-0.871859
1.93209,-2.11166,-0.870039
1.91718,-2.12136,-0.869129
1.89524,-2.12313,-0.864882
1.88344,-2.13615,-0.865488
1.86779,-2.14479,-0.864275
1.8577,-2.15982,-0.865792
1.84935,-2.17699,-0.868219
1.83596,-2.1883,-0.868219
1.83162,-2.21052,-0.872769
1.81259,-2.21508,-0.870039
1.79537,-2.22172,-0.868219
1.78527,-2.23716,-0.870039
1.76974,-2.24583,-0.869129
1.75417,-2.25439,-0.868219
1.74205,-2.26738,-0.869129
1.7235,-2.27195,-0.866702
1.70552,-2.27715,-0.864578
1.69322,-2.28987,-0.865488
1.67914,-2.30021,-0.865488
1.66388,-2.30893,-0.864882
1.65023,-2.31987,-0.865185
1.63816,-2.33307,-0.866398
1.62272,-2.34151,-0.865792
1.60886,-2.35221,-0.866095
1.59013,-2.35572,-0.863668
1.56613,-2.35116,-0.858207
1.53597,-2.33685,-0.849106
1.50448,-2.31985,-0.839095
1.45167,-2.26886,-0.816343
1.38479,-2.19394,-0.784792
1.35215,-2.17167,-0.773264
1.33381,-2.17181,-0.770231
1.32343,-2.18484,-0.772051
1.30413,-2.18311,-0.768411
1.33572,-2.2674,-0.796624
1.36249,-2.34557,-0.82241
1.37414,-2.39936,-0.839095
1.37346,-2.43263,-0.848196
1.36871,-2.45932,-0.85487
1.36643,-2.49106,-0.863365
1.35293,-2.50275,-0.864578
1.34248,-2.52026,-0.867915
1.33098,-2.53604,-0.870646
1.31671,-2.54669,-0.871556
1.3002,-2.55303,-0.870949
1.28536,-2.56266,-0.871556
1.26497,-2.5611,-0.868219
1.24798,-2.56625,-0.867308
1.23097,-2.57128,-0.866398
1.21233,-2.57275,-0.864275
1.19371,-2.57409,-0.862151
1.18106,-2.5883,-0.864578
1.16047,-2.58507,-0.860938
1.14805,-2.59998,-0.863668
1.13246,-2.60785,-0.863971
1.11643,-2.61475,-0.863971
1.10332,-2.62858,-0.866398
1.08717,-2.6353,-0.866398
1.06955,-2.63839,-0.865185
1.05616,-2.65199,-0.867612
1.03779,-2.65309,-0.865792
1.02012,-2.65585,-0.864578
0.999766,-2.65137,-0.860938
0,0,0
0,0,0
0.959436,-2.69355,-0.869129
0,0,0
0,0,0
0,0,0
0,0,0
0,0,0
0,0,0
0,0,0
0,0,0
0,0,0
0,0,0
0,0,0
0,0,0
0,0,0
0,0,0
0,0,0
0,0,0
0,0,0
0,0,0
0,0,0
0,0,0
0,0,0
0,0,0
0,0,0
0,0,0
0,0,0
0,0,0
0,0,0
0,0,0
0,0,0
0,0,0
0,0,0
0,0,0
0,0,0
0,0,0
0,0,0
0,0,0
0,0,0
0,0,0
0,0,0
0,0,0
0,0,0
0,0,0
0,0,0
0,0,0
0,0,0
0,0,0
0,0,0
0,0,0
0,0,0
0,0,0
0,0,0
0,0,0
0,0,0
0,0,0
0,0,0
0,0,0
0,0,0
0,0,0
0,0,0
0,0,0
0,0,0
0,0,0
0,0,0
0,0,0
0,0,0
0,0,0
0,0,0
0,0,0
0,0,0
0,0,0
0,0,0
0,0,0
0,0,0
0,0,0
0,0,0
0,0,0
0,0,0
0,0,0
0,0,0
0,0,0
0,0,0
0,0,0
0,0,0
0,0,0
0,0,0
0,0,0
0,0,0
0,0,0
0,0,0
0,0,0
0,0,0
0,0,0
0,0,0
0,0,0
0,0,0
0,0,0
0,0,0
0,0,0
0,0,0
0,0,0
0,0,0
0,0,0
0,0,0
0,0,0
0,0,0
0,0,0
0,0,0
0,0,0
0,0,0
0,0,0
0,0,0
0,0,0
0,0,0
0,0,0
0,0,0
0,0,0
0,0,0
0,0,0
0,0,0
0,0,0
0,0,0
0,0,0
0,0,0
0,0,0
0,0,0
0,0,0
0,0,0
0,0,0
0,0,0
0,0,0
0,0,0
0,0,0
0,0,0
0,0,0
0,0,0
0,0,0
0,0,0
0,0,0
0,0,0
0,0,0
0,0,0
0,0,0
0,0,0
0,0,0
0,0,0
0,0,0
0,0,0
0,0,0
0,0,0
0,0,0
0,0,0
0,0,0
0,0,0
0,0,0
0,0,0
0,0,0
0,0,0
0,0,0
0,0,0
0,0,0
0,0,0
0,0,0
0,0,0
0,0,0
0,0,0
0,0,0
0,0,0
0,0,0
0,0,0
0,0,0
0,0,0
0,0,0
0,0,0
0,0,0
0,0,0
0,0,0
0,0,0
0,0,0
0,0,0
0,0,0
0,0,0
0,0,0
0,0,0
0,0,0
0,0,0
0,0,0
0,0,0
0,0,0
0,0,0
0,0,0
0,0,0
0,0,0
0,0,0
0,0,0
0,0,0
0,0,0
0,0,0
0,0,0
0,0,0
0,0,0
0,0,0
0,0,0
0,0,0
0,0,0
0,0,0
0,0,0
0,0,0
0,0,0
0,0,0
0,0,0
0,0,0
0,0,0
0,0,0
0,0,0
0,0,0
0,0,0
0,0,0
0,0,0
0,0,0
0,0,0
0,0,0
0,0,0
0,0,0
0,0,0
0,0,0
0,0,0
0,0,0
0,0,0
0,0,0
0,0,0
0,0,0
0,0,0
0,0,0
0,0,0
0,0,0
0,0,0
0,0,0
0,0,0
0,0,0
0,0,0
0,0,0
0,0,0
0,0,0
0,0,0
0,0,0
0,0,0
0,0,0
0,0,0
0,0,0
0,0,0
0,0,0
0,0,0
0,0,0
0,0,0
0,0,0
0,0,0
0,0,0
0,0,0
0,0,0
0,0,0
0,0,0
0,0,0
0,0,0
0,0,0
0,0,0
0,0,0
0,0,0
0,0,0
0,0,0
0,0,0
0,0,0
0,0,0
0,0,0
0,0,0
0,0,0
0,0,0
0,0,0
0,0,0
0,0,0
0,0,0
0,0,0
0,0,0
0,0,0
0,0,0
0,0,0
0,0,0
0,0,0
0,0,0
0,0,0
0,0,0
0,0,0
0,0,0
0,0,0
0,0,0
0,0,0
0,0,0
0,0,0
0,0,0
0,0,0
0,0,0
0,0,0
0,0,0
0,0,0
0,0,0
0,0,0
0,0,0
0,0,0
0,0,0
0,0,0
0,0,0
0,0,0
0,0,0
0,0,0
0,0,0
0,0,0
0,0,0
0,0,0
0,0,0
0,0,0
0,0,0
0,0,0
0,0,0
0,0,0
0,0,0
0,0,0
0,0,0
0,0,0
0,0,0
0,0,0
0,0,0
0,0,0
0,0,0
0,0,0
0,0,0
0,0,0
0,0,0
0,0,0
0,0,0
0,0,0
0,0,0
0,0,0
0,0,0
0,0,0
0,0,0
0,0,0
0,0,0
0,0,0
0,0,0
0,0,0
0,0,0
0,0,0
0,0,0
0,0,0
0,0,0
0,0,0
0,0,0
0,0,0
0,0,0
0,0,0
0,0,0
0,0,0
0,0,0
0,0,0
0,0,0
0,0,0
0,0,0
0,0,0
0,0,0
0,0,0
0,0,0
0,0,0
0,0,0
0,0,0
0,0,0
0,0,0
0,0,0
0,0,0
0,0,0
0,0,0
0,0,0
0,0,0
0,0,0
0,0,0
0,0,0
0,0,0
0,0,0
0,0,0
0,0,0
0,0,0
0,0,0
0,0,0
0,0,0
0,0,0
0,0,0
0,0,0
0,0,0
0,0,0
0,0,0
0,0,0
0,0,0
0,0,0
0,0,0
0,0,0
0,0,0
0,0,0
0,0,0
0,0,0
0,0,0
0,0,0
0,0,0
0,0,0
0,0,0
0,0,0
0,0,0
0,0,0
0,0,0
0,0,0
0,0,0
0,0,0
0,0,0
0,0,0
0,0,0
0,0,0
0,0,0
0,0,0
0,0,0
0,0,0
0,0,0
0,0,0
0,0,0
0,0,0
0,0,0
0,0,0
0,0,0
0,0,0
0,0,0
0,0,0
0,0,0
0,0,0
0,0,0
0,0,0
0,0,0
0,0,0
0,0,0
0,0,0
0,0,0
0,0,0
0,0,0
0,0,0
0,0,0
0,0,0
0,0,0
0,0,0
0,0,0
0,0,0
0,0,0
0,0,0
0,0,0
0,0,0
0,0,0
0,0,0
0,0,0
0,0,0
0,0,0
0,0,0
0,0,0
0,0,0
0,0,0
0,0,0
0,0,0
0,0,0
0,0,0
0,0,0
0,0,0
0,0,0
0,0,0
0,0,0
0,0,0
0,0,0
0,0,0
0,0,0
0,0,0
0,0,0
0,0,0
0,0,0
0,0,0
0,0,0
0,0,0
0,0,0
0,0,0
0,0,0
0,0,0
0,0,0
0,0,0
0,0,0
0,0,0
0,0,0
0,0,0
0,0,0
0,0,0
0,0,0
0,0,0
0,0,0
0,0,0
0,0,0
0,0,0
0,0,0
0,0,0
0,0,0
0,0,0
0,0,0
0,0,0
0,0,0
0,0,0
0,0,0
0,0,0
0,0,0
0,0,0
0,0,0
0,0,0
0,0,0
0,0,0
0,0,0
0,0,0
0,0,0
0,0,0
0,0,0
0,0,0
0,0,0
0,0,0
0,0,0
0,0,0
0,0,0
0,0,0
0,0,0
0,0,0
0,0,0
0,0,0
0,0,0
0,0,0
0,0,0
0,0,0
0,0,0
0,0,0
0,0,0
0,0,0
0,0,0
0,0,0
0,0,0
0,0,0
0,0,0
0,0,0
0,0,0
0,0,0
0,0,0
0,0,0
0,0,0
0,0,0
0,0,0
0,0,0
0,0,0
0,0,0
0,0,0
0,0,0
0,0,0
0,0,0
0,0,0
0,0,0
0,0,0
0,0,0
0,0,0
0,0,0
0,0,0
0,0,0
0,0,0
0,0,0
0,0,0
0,0,0
0,0,0
0,0,0
0,0,0
0,0,0
0,0,0
0,0,0
0,0,0
0,0,0
0,0,0
0,0,0
0,0,0
0,0,0
0,0,0
0,0,0
0,0,0
0,0,0
0,0,0
0,0,0
0,0,0
0,0,0
0,0,0
0,0,0
0,0,0
0,0,0
0,0,0
0,0,0
0,0,0
0,0,0
0,0,0
0.988307,2.75217,-0.925132
0,0,0
1.02599,2.75051,-0.928898
1.04217,2.74239,-0.92827
1.06172,2.74303,-0.930781
1.07784,2.73469,-0.930153
1.09035,2.71745,-0.926388
1.10916,2.71599,-0.92827
1.1258,2.70913,-0.92827
1.14462,2.70742,-0.930153
1.15896,2.69511,-0.92827
1.16482,2.66359,-0.919483
1.18732,2.67027,-0.924505
1.20368,2.66294,-0.924505
1.21643,2.64774,-0.92168
1.23305,2.64109,-0.921994
1.25046,2.63604,-0.922935
1.26455,2.62404,-0.921366
1.28229,2.61965,-0.922622
1.3013,2.61768,-0.924818
1.3152,2.60541,-0.923249
1.33116,2.59729,-0.923249
1.34707,2.58907,-0.923249
1.36338,2.5816,-0.923563
1.38054,2.57569,-0.924505
1.40086,2.57552,-0.927643
1.41571,2.56521,-0.927015
1.4305,2.55482,-0.926388
1.44521,2.54434,-0.92576
1.46174,2.53707,-0.926388
1.47585,2.52559,-0.925446
1.48599,2.50751,-0.921994
1.49939,2.49509,-0.920739
1.50775,2.47449,-0.916345
1.52091,2.46196,-0.91509
1.5375,2.455,-0.916031
1.54694,2.4367,-0.912579
1.56494,2.43195,-0.914462
1.58139,2.42469,-0.915404
1.59362,2.41098,-0.913834
1.61261,2.40747,-0.916345
1.62789,2.39831,-0.916659
1.64042,2.38515,-0.915404
1.65991,2.38205,-0.918228
1.67121,2.36717,-0.916345
1.6846,2.35532,-0.915717
1.69902,2.34494,-0.915717
1.70719,2.32605,-0.912265
1.7254,2.32087,-0.914462
1.73961,2.31024,-0.914462
1.75548,2.30179,-0.915404
1.76957,2.29097,-0.915404
1.77657,2.2711,-0.911638
1.79224,2.26239,-0.912579
1.80431,2.24912,-0.911638
1.81149,2.22991,-0.908186
1.82815,2.22241,-0.909755
1.84175,2.21115,-0.909755
1.85896,2.20417,-0.911638
1.8743,2.19488,-0.912579
1.88587,2.18119,-0.911638
1.89546,2.16529,-0.909755
1.9106,2.15575,-0.910696
1.91999,2.13975,-0.908813
1.93244,2.12722,-0.908499
1.94353,2.11323,-0.907558
1.95711,2.10196,-0.907872
1.96997,2.08991,-0.907872
1.98472,2.07984,-0.908813
1.99745,2.06763,-0.908813
2.00744,2.05262,-0.907558
2.01599,2.03621,-0.905675
2.02912,2.02448,-0.905989
2.03136,2.00199,-0.901281
2.04564,1.99148,-0.902223
2.05645,1.97757,-0.901595
2.06648,1.96295,-0.900654
2.08126,1.95284,-0.901909
2.09738,1.9439,-0.903792
2.10717,1.92907,-0.902851
2.11967,1.91674,-0.903164
2.13281,1.90497,-0.903792
2.14232,1.88996,-0.902851
2.15244,1.87553,-0.902223
2.16031,1.85919,-0.900654
2.16806,1.84283,-0.899085
2.17787,1.82827,-0.898457
2.18905,1.81487,-0.898457
2.19794,1.7996,-0.897515
2.20894,1.78608,-0.897515
2.21986,1.77249,-0.897515
2.23591,1.76295,-0.899712
2.24819,1.75037,-0.90034
2.2634,1.74001,-0.902223
2.27177,1.72437,-0.901281
2.2823,1.7104,-0.901281
2.29123,1.69523,-0.900654
2.30389,1.68282,-0.901595
2.31032,1.66588,-0.900026
2.32205,1.65277,-0.900654
2.33214,1.63849,-0.900654
2.33669,1.62037,-0.898457
2.33875,1.60064,-0.895319
2.34617,1.58466,-0.894377
2.35111,1.56708,-0.892494
2.36147,1.55314,-0.892808
2.37335,1.54017,-0.89375
2.37556,1.52098,-0.890925
2.38886,1.50891,-0.892494
2.40694,1.49974,-0.895946
2.4169,1.48544,-0.89626
2.42435,1.4696,-0.895633
2.42924,1.45226,-0.894063
2.44056,1.43877,-0.895005
2.45099,1.42473,-0.895633
2.45721,1.40824,-0.894691
2.47077,1.39594,-0.896574
2.47845,1.38029,-0.89626
2.48688,1.36506,-0.89626
2.49855,1.35158,-0.897515
2.50428,1.33489,-0.896574
2.51242,1.3195,-0.896574
2.52047,1.30405,-0.896574
2.5242,1.28641,-0.895005
2.5261,1.26792,-0.892808
2.52958,1.25029,-0.891239
2.53635,1.23433,-0.890925
2.53874,1.21628,-0.889042
2.5513,1.20311,-0.890925
2.56036,1.18823,-0.891553
2.57019,1.17368,-0.892494
2.57648,1.1575,-0.89218
2.5818,1.1409,-0.891553
2.58962,1.12542,-0.891867
2.5956,1.10914,-0.891553
2.59711,1.09098,-0.88967
2.60375,1.07503,-0.88967
2.60942,1.05867,-0.889356
2.61675,1.04299,-0.88967
2.62575,1.02796,-0.890611
2.6329,1.01217,-0.890925
2.63906,0.995992,-0.890925
2.64245,0.978792,-0.889984
2.64127,0.959966,-0.887473
2.63816,0.940554,-0.884335
2.61699,0.914952,-0.87492
2.11236,0.724092,-0.696666
2.12217,0.712931,-0.698549
2.1265,0.699896,-0.698549
2.12804,0.685961,-0.697608
2.13493,0.673748,-0.698549
2.17894,0.672957,-0.712358
2.67205,0.807228,-0.881196
2.67786,0.791086,-0.88151
2.68266,0.774641,-0.88151
2.69833,0.761258,-0.885276
2.70204,0.744434,-0.884962
2.70197,0.726609,-0.883393
2.71189,0.711461,-0.885276
2.70884,0.692927,-0.882766
2.71028,0.675604,-0.881824
2.71253,0.658513,-0.881196
2.70912,0.640112,-0.878686
2.71393,0.623689,-0.879
1.13957,0.254777,-0.344553
1.13091,0.245567,-0.341101
1.13146,0.238428,-0.340787
1.13383,0.231671,-0.341101
1.12871,0.223421,-0.338904
1.13473,0.217383,-0.340473
1.13977,0.211107,-0.341728
1.15881,0.20728,-0.347691
1.16193,0.200488,-0.348319
1.1622,0.193199,-0.348005
1.17555,0.188009,-0.352085
1.1917,0.183095,-0.357106
1.17495,0.173155,-0.351143
1.16941,0.165016,-0.348946
1.16005,0.156445,-0.345494
1.1478,0.147633,-0.341101
1.14775,0.140473,-0.340787
1.15802,0.13452,-0.343925
1.12013,0.123171,-0.331058
1.16525,0.120885,-0.345808
1.17542,0.114651,-0.348946
1.17421,0.107265,-0.348319
1.15687,0.0985334,-0.342356
1.11296,0.0879345,-0.327606
1.10307,0.0803489,-0.324154
1.11585,0.0743957,-0.328234
1.09639,0.0663505,-0.321643
1.11099,0.0603898,-0.326351
1.12936,0.0544337,-0.332313
1.12873,0.0474635,-0.332
1.12805,0.0405031,-0.331686
1.12923,0.0336087,-0.332
1.12182,0.0265026,-0.329489
1.11911,0.01957,-0.328548
1.10971,0.0125986,-0.325409
1.10407,0.00576166,-0.323526
1.10979,-0.00102026,-0.325409
1.12115,-0.00791433,-0.329175
1.12393,-0.0148321,-0.330117
1.12002,-0.0216533,-0.328861
1.12366,-0.0286233,-0.330117
1.12726,-0.0356388,-0.331372
1.11848,-0.0422294,-0.328548
1.10872,-0.0486716,-0.325409
1.10555,-0.0553302,-0.324468
1.11847,-0.0628635,-0.328861
1.11427,-0.0694873,-0.327606
1.0854,-0.0743654,-0.318191
1.12185,-0.0837955,-0.330431
1.11753,-0.09037,-0.329175
1.09615,-0.0954063,-0.322271
1.09932,-0.102484,-0.323526
1.12985,-0.112339,-0.333883
1.13197,-0.11957,-0.334824
1.11895,-0.125137,-0.330744
1.16154,-0.137136,-0.34518
1.17763,-0.146375,-0.350829
1.20872,-0.157787,-0.361499
1.21149,-0.165717,-0.362755
1.23677,-0.176921,-0.371542
1.20373,-0.179728,-0.360872
1.15007,-0.178919,-0.343297
2.72725,-0.442006,-0.871782
1.15903,-0.194912,-0.347063
1.14939,-0.200548,-0.344239
1.13693,-0.205566,-0.340473
1.12631,-0.210788,-0.337335
1.12313,-0.217333,-0.336707
1.12923,-0.225712,-0.339218
1.09807,-0.226488,-0.329175
0,0,0
2.70518,-0.593288,-0.873978
2.7052,-0.610712,-0.875234
2.69862,-0.626655,-0.874292
2.69103,-0.642319,-0.873037
2.68796,-0.659045,-0.873351
2.68203,-0.675062,-0.872723
2.67324,-0.690318,-0.871154
2.66345,-0.705249,-0.869271
2.65174,-0.719588,-0.86676
2.6491,-0.736354,-0.867388
2.64636,-0.753115,-0.868016
2.64169,-0.769338,-0.868016
2.64056,-0.786618,-0.869271
2.63568,-0.802805,-0.869271
2.63252,-0.819527,-0.869899
2.62835,-0.835952,-0.870213
2.62497,-0.852651,-0.87084
2.62059,-0.86904,-0.871154
2.60982,-0.883277,-0.869271
2.61781,-0.903924,-0.873978
2.61759,-0.921863,-0.875861
2.61456,-0.93887,-0.876803
2.60429,-0.953262,-0.875234
2.59751,-0.968892,-0.87492
2.59063,-0.984474,-0.874606
2.58188,-0.999323,-0.873665
2.57217,-1.01375,-0.872409
2.56237,-1.0281,-0.871154
2.55426,-1.04309,-0.870526
2.54255,-1.05655,-0.868643
2.53864,-1.07324,-0.869585
2.52241,-1.08467,-0.866133
2.51658,-1.10051,-0.866447
2.51238,-1.11709,-0.867388
2.47953,-1.12075,-0.857973
2.49072,-1.14427,-0.864564
2.48365,-1.15953,-0.864564
2.47649,-1.17475,-0.864564
2.48121,-1.19569,-0.868957
2.46957,-1.20881,-0.867388
2.46975,-1.22774,-0.870213
2.47065,-1.24715,-0.873351
2.46211,-1.26185,-0.873037
2.4619,-1.28088,-0.875861
2.45903,-1.29863,-0.877744
2.44599,-1.311,-0.875861
2.4354,-1.32462,-0.87492
2.43138,-1.34183,-0.876489
2.41399,-1.35162,-0.873037
2.40565,-1.36641,-0.873037
2.39064,-1.37735,-0.870526
2.36247,-1.38049,-0.862994
2.36866,-1.40368,-0.868643
2.35919,-1.4177,-0.86833
2.34801,-1.43066,-0.867388
2.33515,-1.44255,-0.865819
2.32787,-1.45786,-0.866447
2.31006,-1.46651,-0.862994
2.30102,-1.48066,-0.862994
2.28791,-1.49216,-0.861425
2.28188,-1.50826,-0.862681
2.27732,-1.52541,-0.864564
2.26792,-1.53935,-0.864564
2.25843,-1.55324,-0.864564
2.25976,-1.57467,-0.868957
2.24385,-1.58412,-0.866447
2.2364,-1.59952,-0.867388
2.22424,-1.61154,-0.866447
2.21048,-1.62235,-0.864877
2.20277,-1.63758,-0.865819
2.20027,-1.65678,-0.868957
2.18704,-1.66794,-0.867702
2.17902,-1.68307,-0.868643
2.16566,-1.69407,-0.867388
2.15299,-1.70556,-0.866447
2.14249,-1.71874,-0.866447
2.13485,-1.73424,-0.867702
2.1183,-1.74248,-0.865191
2.1083,-1.75606,-0.865505
2.10111,-1.77202,-0.867074
2.09309,-1.78735,-0.86833
2.07993,-1.79829,-0.867388
2.06743,-1.80977,-0.86676
2.04989,-1.81675,-0.863936
2.038,-1.82866,-0.863622
2.02814,-1.84241,-0.86425
2.00911,-1.84775,-0.860798
1.99913,-1.86134,-0.861425
1.99181,-1.87748,-0.863308
1.98712,-1.89622,-0.866447
1.97887,-1.91167,-0.868016
1.97389,-1.93042,-0.871154
1.95593,-1.93648,-0.86833
1.94871,-1.95315,-0.870526
1.93469,-1.96304,-0.869585
1.91665,-1.96875,-0.86676
1.90979,-1.98595,-0.869271
1.893,-1.99281,-0.867074
1.87748,-2.00093,-0.865505
1.8755,-2.02356,-0.870526
1.8592,-2.03082,-0.868643
1.84225,-2.03726,-0.866447
1.82845,-2.04711,-0.865819
1.81899,-2.06185,-0.867388
1.80194,-2.06796,-0.865191
1.78798,-2.07754,-0.864564
1.77704,-2.09064,-0.865505
1.76723,-2.10514,-0.867074
1.75671,-2.11887,-0.86833
1.74187,-2.12741,-0.867388
1.72222,-2.12993,-0.863936
1.71208,-2.14417,-0.865505
1.70006,-2.15613,-0.866133
1.68622,-2.16577,-0.865819
1.67348,-2.17683,-0.866133
1.65894,-2.18554,-0.865505
1.64721,-2.19796,-0.866447
1.63482,-2.20955,-0.867074
1.61787,-2.21494,-0.865191
1.60092,-2.2202,-0.863308
1.58561,-2.22766,-0.862367
1.57246,-2.23813,-0.862681
1.55545,-2.24305,-0.860798
1.54273,-2.25412,-0.861425
1.52409,-2.25646,-0.858601
1.50337,-2.2555,-0.854521
1.47959,-2.24961,-0.848558
1.46421,-2.25625,-0.847617
1.40376,-2.19242,-0.819059
1.37,-2.16888,-0.806506
1.34914,-2.16516,-0.801798
1.33533,-2.17259,-0.801484
1.32099,-2.17912,-0.800857
1.31783,-2.2043,-0.807447
1.30813,-2.21888,-0.809958
1.35555,-2.33195,-0.850128
1.33178,-2.32375,-0.843851
1.33431,-2.36164,-0.855149
1.32349,-2.37642,-0.857659
1.31482,-2.39531,-0.861739
1.3019,-2.40668,-0.862994
1.29068,-2.42132,-0.865505
1.27624,-2.43004,-0.865819
1.26349,-2.44204,-0.867388
1.24719,-2.44721,-0.866447
1.2347,-2.45991,-0.86833
1.22085,-2.46999,-0.869271
1.20442,-2.47487,-0.86833
1.18963,-2.48307,-0.868643
1.1768,-2.49548,-0.870526
1.16026,-2.50007,-0.869585
1.14806,-2.51405,-0.872096
1.13144,-2.51845,-0.871154
1.1152,-2.52361,-0.870526
1.10045,-2.53214,-0.871154
1.0834,-2.53536,-0.869899
1.06893,-2.54458,-0.87084
1.05366,-2.55197,-0.871154
1.03655,-2.55487,-0.869899
1.02085,-2.56118,-0.869899
1.00235,-2.56032,-0.867388
0.98458,-2.56111,-0.865505
0.970523,-2.57154,-0.867074
0.952418,-2.57122,-0.864877
0.938244,-2.58147,-0.866447
0.930355,-2.60954,-0.874292
0.912133,-2.60893,-0.872096
0.900724,-2.62795,-0.876803
0.890928,-2.65233,-0.883393
0,0,0
0,0,0
0,0,0
0,0,0
0,0,0
0,0,0
0,0,0
0,0,0
0,0,0
0,0,0
0,0,0
0,0,0
0,0,0
0,0,0
0,0,0
0,0,0
0,0,0
0,0,0
0,0,0
0,0,0
0,0,0
0,0,0
0,0,0
0,0,0
0,0,0
0,0,0
0,0,0
0,0,0
0,0,0
0,0,0
0,0,0
0,0,0
0,0,0
0,0,0
0,0,0
0,0,0
0,0,0
0,0,0
0,0,0
0,0,0
0,0,0
0,0,0
0,0,0
0,0,0
0,0,0
0,0,0
0,0,0
0,0,0
0,0,0
0,0,0
0,0,0
0,0,0
0,0,0
0,0,0
0,0,0
0,0,0
0,0,0
0,0,0
0,0,0
0,0,0
0,0,0
0,0,0
0,0,0
0,0,0
0,0,0
0,0,0
0,0,0
0,0,0
0,0,0
0,0,0
0,0,0
0,0,0
0,0,0
0,0,0
0,0,0
0,0,0
0,0,0
0,0,0
0,0,0
0,0,0
0,0,0
0,0,0
0,0,0
0,0,0
0,0,0
0,0,0
0,0,0
0,0,0
0,0,0
0,0,0
0,0,0
0,0,0
0,0,0
0,0,0
0,0,0
0,0,0
0,0,0
0,0,0
0,0,0
0,0,0
0,0,0
0,0,0
0,0,0
0,0,0
0,0,0
0,0,0
0,0,0
0,0,0
0,0,0
0,0,0
0,0,0
0,0,0
0,0,0
0,0,0
0,0,0
0,0,0
0,0,0
0,0,0
0,0,0
0,0,0
0,0,0
0,0,0
0,0,0
0,0,0
0,0,0
0,0,0
0,0,0
0,0,0
0,0,0
0,0,0
0,0,0
0,0,0
0,0,0
0,0,0
0,0,0
0,0,0
0,0,0
0,0,0
0,0,0
0,0,0
0,0,0
0,0,0
0,0,0
0,0,0
0,0,0
0,0,0
0,0,0
0,0,0
0,0,0
0,0,0
0,0,0
0,0,0
0,0,0
0,0,0
0,0,0
0,0,0
0,0,0
0,0,0
0,0,0
0,0,0
0,0,0
0,0,0
0,0,0
0,0,0
0,0,0
0,0,0
0,0,0
0,0,0
0,0,0
0,0,0
0,0,0
0,0,0
0,0,0
0,0,0
0,0,0
0,0,0
0,0,0
0,0,0
0,0,0
0,0,0
0,0,0
0,0,0
0,0,0
0,0,0
0,0,0
0,0,0
0,0,0
0,0,0
0,0,0
0,0,0
0,0,0
0,0,0
0,0,0
0,0,0
0,0,0
0,0,0
0,0,0
0,0,0
0,0,0
0,0,0
0,0,0
0,0,0
0,0,0
0,0,0
0,0,0
0,0,0
0,0,0
0,0,0
0,0,0
0,0,0
0,0,0
0,0,0
0,0,0
0,0,0
0,0,0
0,0,0
0,0,0
0,0,0
0,0,0
0,0,0
0,0,0
0,0,0
0,0,0
0,0,0
0,0,0
0,0,0
0,0,0
0,0,0
0,0,0
0,0,0
0,0,0
0,0,0
0,0,0
0,0,0
0,0,0
0,0,0
0,0,0
0,0,0
0,0,0
0,0,0
0,0,0
0,0,0
0,0,0
0,0,0
0,0,0
0,0,0
0,0,0
0,0,0
0,0,0
0,0,0
0,0,0
0,0,0
0,0,0
0,0,0
0,0,0
0,0,0
0,0,0
0,0,0
0,0,0
0,0,0
0,0,0
0,0,0
0,0,0
0,0,0
0,0,0
0,0,0
0,0,0
0,0,0
0,0,0
0,0,0
0,0,0
0,0,0
0,0,0
0,0,0
0,0,0
0,0,0
0,0,0
0,0,0
0,0,0
0,0,0
0,0,0
0,0,0
0,0,0
0,0,0
0,0,0
0,0,0
0,0,0
0,0,0
0,0,0
0,0,0
0,0,0
0,0,0
0,0,0
0,0,0
0,0,0
0,0,0
0,0,0
0,0,0
0,0,0
0,0,0
0,0,0
0,0,0
0,0,0
0,0,0
0,0,0
0,0,0
0,0,0
0,0,0
0,0,0
0,0,0
0,0,0
0,0,0
0,0,0
0,0,0
0,0,0
0,0,0
0,0,0
0,0,0
0,0,0
0,0,0
0,0,0
0,0,0
0,0,0
0,0,0
0,0,0
0,0,0
0,0,0
0,0,0
0,0,0
0,0,0
0,0,0
0,0,0
0,0,0
0,0,0
0,0,0
0,0,0
0,0,0
0,0,0
0,0,0
0,0,0
0,0,0
0,0,0
0,0,0
0,0,0
0,0,0
0,0,0
0,0,0
0,0,0
0,0,0
0,0,0
0,0,0
0,0,0
0,0,0
0,0,0
0,0,0
0,0,0
0,0,0
0,0,0
0,0,0
0,0,0
0,0,0
0,0,0
0,0,0
0,0,0
0,0,0
0,0,0
0,0,0
0,0,0
0,0,0
0,0,0
0,0,0
0,0,0
0,0,0
0,0,0
0,0,0
0,0,0
0,0,0
0,0,0
0,0,0
0,0,0
0,0,0
0,0,0
0,0,0
0,0,0
0,0,0
0,0,0
0,0,0
0,0,0
0,0,0
0,0,0
0,0,0
0,0,0
0,0,0
0,0,0
0,0,0
0,0,0
0,0,0
0,0,0
0,0,0
0,0,0
0,0,0
0,0,0
0,0,0
0,0,0
0,0,0
0,0,0
0,0,0
0,0,0
0,0,0
0,0,0
0,0,0
0,0,0
0,0,0
0,0,0
0,0,0
0,0,0
0,0,0
0,0,0
0,0,0
0,0,0
0,0,0
0,0,0
0,0,0
0,0,0
0,0,0
0,0,0
0,0,0
0,0,0
0,0,0
0,0,0
0,0,0
0,0,0
0,0,0
0,0,0
0,0,0
0,0,0
0,0,0
0,0,0
0,0,0
0,0,0
0,0,0
0,0,0
0,0,0
0,0,0
0,0,0
0,0,0
0,0,0
0,0,0
0,0,0
0,0,0
0,0,0
0,0,0
0,0,0
0,0,0
0,0,0
0,0,0
0,0,0
0,0,0
0,0,0
0,0,0
0,0,0
0,0,0
0,0,0
0,0,0
0,0,0
0,0,0
0,0,0
0,0,0
0,0,0
0,0,0
0,0,0
0,0,0
0,0,0
0,0,0
0,0,0
0,0,0
0,0,0
0,0,0
0,0,0
0,0,0
0,0,0
0,0,0
0,0,0
0,0,0
0,0,0
0,0,0
0,0,0
0,0,0
0,0,0
0,0,0
0,0,0
0,0,0
0,0,0
0,0,0
0,0,0
0,0,0
0,0,0
0,0,0
0,0,0
0,0,0
0,0,0
0,0,0
0,0,0
0,0,0
0,0,0
0,0,0
0,0,0
0,0,0
0,0,0
0,0,0
0,0,0
0,0,0
0,0,0
0,0,0
0,0,0
0,0,0
0,0,0
0,0,0
0,0,0
0,0,0
0,0,0
0,0,0
0,0,0
0,0,0
0,0,0
0,0,0
0,0,0
0,0,0
0,0,0
0,0,0
0,0,0
0,0,0
0,0,0
0,0,0
0,0,0
0,0,0
0,0,0
0,0,0
0,0,0
0,0,0
0,0,0
0,0,0
0,0,0
0,0,0
0,0,0
0,0,0
0,0,0
0,0,0
0,0,0
0,0,0
0,0,0
0,0,0
0,0,0
0,0,0
0,0,0
0,0,0
0,0,0
0,0,0
0,0,0
0,0,0
0,0,0
0,0,0
0,0,0
0,0,0
0,0,0
0,0,0
0,0,0
0,0,0
0,0,0
0,0,0
0,0,0
0,0,0
0,0,0
0,0,0
0,0,0
0,0,0
0,0,0
0,0,0
0,0,0
0,0,0
0,0,0
0,0,0
0,0,0
0,0,0
0,0,0
0,0,0
0,0,0
0,0,0
0,0,0
0,0,0
0,0,0
0,0,0
0,0,0
0,0,0
0,0,0
0,0,0
0,0,0
0,0,0
0,0,0
0,0,0
0,0,0
0,0,0
0,0,0
0,0,0
0,0,0
0,0,0
0,0,0
0,0,0
0,0,0
0,0,0
0,0,0
0,0,0
0,0,0
0,0,0
0,0,0
0,0,0
0,0,0
0,0,0
0,0,0
0,0,0
0,0,0
0,0,0
0,0,0
0,0,0
0,0,0
0,0,0
0,0,0
0,0,0
0,0,0
0,0,0
0,0,0
0.890562,2.73904,-0.946205
0.905864,2.72903,-0.944583
0,0,0
0.937433,2.71235,-0.942636
0.954058,2.70654,-0.942636
0.968091,2.69352,-0.940041
0.986875,2.69374,-0.942312
1.00239,2.68498,-0.941339
1.01515,2.66905,-0.93777
1.02537,2.64689,-0.931931
1.0402,2.63703,-0.930633
1.05531,2.62797,-0.92966
1.06819,2.61356,-0.92674
1.08385,2.60608,-0.926416
1.09908,2.59764,-0.925767
1.11687,2.59519,-0.927389
1.13353,2.59002,-0.928038
1.14825,2.58043,-0.927064
1.16172,2.56816,-0.925118
1.17746,2.56098,-0.925118
1.19195,2.55114,-0.924145
1.20555,2.53951,-0.922523
1.21906,2.5278,-0.920901
1.23579,2.52282,-0.921874
1.25251,2.51773,-0.922847
1.26581,2.50578,-0.921225
1.28116,2.49796,-0.921225
1.29821,2.49341,-0.922523
1.31348,2.4854,-0.922523
1.33005,2.47979,-0.923496
1.34343,2.46826,-0.922198
1.36038,2.46329,-0.923496
1.37963,2.46232,-0.926416
1.39144,2.44805,-0.924145
1.40785,2.44193,-0.925118
1.41995,2.42834,-0.923171
1.43434,2.41877,-0.922847
1.44769,2.40749,-0.921874
1.45702,2.38968,-0.918305
1.46867,2.37586,-0.916359
1.48624,2.37162,-0.918305
1.50228,2.36485,-0.919278
1.51369,2.35081,-0.917332
1.53119,2.34623,-0.919278
1.54712,2.33916,-0.920252
1.56302,2.33198,-0.921225
1.57518,2.31922,-0.919927
1.59313,2.31497,-0.922198
1.60893,2.30748,-0.923171
1.62033,2.2937,-0.921549
1.63217,2.28063,-0.920252
1.64058,2.26291,-0.917008
1.6466,2.24213,-0.912466
1.66541,2.23882,-0.915385
1.67399,2.22175,-0.912466
1.68817,2.21219,-0.91279
1.70518,2.20628,-0.914737
1.7181,2.19503,-0.914412
1.72978,2.18223,-0.913439
1.74846,2.17821,-0.916359
1.75821,2.16304,-0.914412
1.77386,2.15513,-0.91571
1.78947,2.14711,-0.917008
1.80383,2.13754,-0.917656
1.82121,2.13147,-0.919927
1.83487,2.12097,-0.920252
1.84474,2.10611,-0.91863
1.85888,2.09617,-0.919278
1.86981,2.08261,-0.918305
1.88128,2.0697,-0.917656
1.88947,2.05324,-0.915385
1.90332,2.04299,-0.916034
1.91582,2.03128,-0.916034
1.92694,2.01811,-0.915385
1.93994,2.00693,-0.91571
1.94759,1.99026,-0.913439
1.95777,1.97625,-0.912466
1.96651,1.96086,-0.910844
1.97581,1.9461,-0.909546
1.98365,1.92998,-0.9076
1.98523,1.90794,-0.902733
1.99621,1.89507,-0.902409
2.00642,1.88149,-0.90176
2.0103,1.86207,-0.898192
2.03215,1.85928,-0.903058
2.03651,1.84044,-0.899814
2.05552,1.83484,-0.903382
2.07383,1.82845,-0.906626
2.08572,1.81631,-0.906951
2.09611,1.80286,-0.906626
2.10714,1.78997,-0.906626
2.11156,1.77153,-0.903707
2.12021,1.75673,-0.902733
2.13021,1.74309,-0.902409
2.13498,1.72522,-0.899814
2.15144,1.71681,-0.902409
2.15971,1.70182,-0.901436
2.15892,1.67982,-0.89657
2.17518,1.67116,-0.899165
2.17485,1.64977,-0.894623
2.1819,1.63412,-0.893325
2.18732,1.61733,-0.891379
2.1911,1.59941,-0.888784
2.21084,1.59313,-0.893001
2.22597,1.58338,-0.895272
2.24184,1.57404,-0.897867
2.25145,1.56026,-0.897867
2.25942,1.54534,-0.897218
2.272,1.53357,-0.898516
2.27428,1.51488,-0.895596
2.28274,1.50037,-0.895272
2.29349,1.48737,-0.895921
2.30496,1.4748,-0.896894
2.30198,1.45305,-0.892028
2.32289,1.4464,-0.896894
2.33333,1.43311,-0.897543
2.34046,1.41779,-0.896894
2.34506,1.40097,-0.895272
2.34954,1.38415,-0.89365
2.36126,1.37161,-0.894948
2.36553,1.35475,-0.893325
2.38285,1.34533,-0.896894
2.39024,1.33022,-0.89657
2.39338,1.3128,-0.894623
2.40638,1.30079,-0.89657
2.40931,1.28333,-0.894623
2.42216,1.27116,-0.89657
2.41984,1.25106,-0.892677
2.42831,1.23662,-0.893001
2.44515,1.22636,-0.89657
2.44839,1.20924,-0.894948
2.46001,1.19626,-0.89657
2.46304,1.1791,-0.894948
2.47023,1.16397,-0.894948
2.47475,1.14759,-0.893974
2.48261,1.13278,-0.894299
2.48865,1.11714,-0.893974
2.50151,1.10452,-0.896245
2.50477,1.08765,-0.894948
2.50879,1.07114,-0.893974
2.5127,1.05463,-0.893001
2.51126,1.03594,-0.890081
2.5088,1.01695,-0.886837
2.51323,1.00084,-0.886188
2.51757,0.984711,-0.88554
2.51473,0.96585,-0.882295
2.52592,0.952406,-0.884242
2.52107,0.932946,-0.880349
2.5063,0.910025,-0.872887
2.53055,0.901302,-0.8797
2.31549,0.808624,-0.79957
2.10477,0.720463,-0.721387
2.10198,0.705124,-0.718791
2.10087,0.690439,-0.716845
2.10957,0.678987,-0.718467
2.10919,0.664606,-0.716845
2.13492,0.658353,-0.724631
2.61066,0.787816,-0.89365
2.60456,0.768565,-0.889757
2.60196,0.750469,-0.887162
2.60742,0.734747,-0.887486
2.61462,0.719488,-0.888459
2.61259,0.701711,-0.886188
2.62234,0.687108,-0.888135
2.62101,0.669598,-0.886188
2.62415,0.653274,-0.885864
2.62903,0.637384,-0.886188
2.63013,0.620587,-0.885215
2.6302,0.60359,-0.883917
1.12359,0.249925,-0.353178
1.12233,0.242424,-0.352205
1.11824,0.234363,-0.350258
1.12244,0.228065,-0.351232
1.1266,0.221725,-0.352205
1.1363,0.216409,-0.355125
1.15156,0.212015,-0.359991
0,0,0
1.19136,0.204299,-0.372967
1.20845,0.19962,-0.378482
1.21432,0.192948,-0.380104
1.19679,0.182622,-0.373616
1.18385,0.173208,-0.36875
1.1418,0.159864,-0.353827
1.05839,0.141485,-0.32463
1.00389,0.127873,-0.30549
0.962401,0.116544,-0.290891
0.971554,0.111618,-0.293811
0.958117,0.104105,-0.288945
0.96156,0.098517,-0.289918
0.967795,0.0931656,-0.291864
0.957987,0.0862799,-0.288296
0.968866,0.0812822,-0.291864
0.974061,0.0757079,-0.293486
0.965073,0.0690436,-0.290242
0.975861,0.0638118,-0.293811
0.973401,0.0576517,-0.292837
0.972792,0.0516267,-0.292513
0.973091,0.0456568,-0.292513
0.968627,0.0394869,-0.290891
0.974523,0.0337459,-0.292837
0.969039,0.0275974,-0.290891
0.961625,0.021473,-0.288296
0.959847,0.0155393,-0.287647
0.98357,0.00991549,-0.295757
0.967532,0.00379804,-0.290242
0.977942,-0.00214936,-0.293811
0.977911,-0.00814986,-0.293811
0.976897,-0.0141375,-0.293486
0.983412,-0.02026,-0.295757
0.982323,-0.0262695,-0.295433
0.985925,-0.0324164,-0.29673
0.978146,-0.038179,-0.294135
0.967498,-0.0437227,-0.290567
0.963433,-0.0494688,-0.289269
0.960278,-0.0552198,-0.288296
0.953312,-0.0606981,-0.286025
0.951035,-0.0664169,-0.285376
0.951552,-0.0723216,-0.2857
0.943548,-0.0775481,-0.283105
0.943997,-0.0834183,-0.283429
0.946293,-0.0894727,-0.284403
0.957021,-0.0964015,-0.288296
0.966759,-0.103366,-0.291864
1.00465,-0.11361,-0.305165
1.06969,-0.127542,-0.327874
1.13647,-0.142509,-0.351232
1.18998,-0.156585,-0.370048
1.20118,-0.165551,-0.374265
1.20857,-0.174124,-0.377185
1.19812,-0.180139,-0.373941
1.17456,-0.183996,-0.366155
1.17154,-0.190897,-0.365506
1.1405,-0.193059,-0.355125
1.14581,-0.201192,-0.357396
0,0,0
0,0,0
1.12892,-0.219732,-0.352854
1.13126,-0.227396,-0.354151
1.12613,-0.233569,-0.352854
0,0,0
2.5766,-0.565953,-0.863155
2.60907,-0.589872,-0.875807
2.58789,-0.601806,-0.869643
2.60623,-0.622942,-0.877429
2.60879,-0.640498,-0.8797
2.60114,-0.65557,-0.878402
2.60532,-0.673646,-0.881322
2.5993,-0.689135,-0.880673
2.58772,-0.70309,-0.878078
2.58701,-0.719968,-0.879376
2.5789,-0.734792,-0.878078
2.56708,-0.748487,-0.875483
2.56425,-0.764764,-0.876132
2.55498,-0.779106,-0.87451
2.54835,-0.794207,-0.873861
2.54433,-0.810115,-0.874185
2.53751,-0.825127,-0.873536
2.5315,-0.840384,-0.873212
2.52899,-0.85681,-0.874185
2.52458,-0.87262,-0.87451
2.51739,-0.887466,-0.873861
2.5119,-0.902896,-0.873861
2.49832,-0.915366,-0.870941
2.49442,-0.93134,-0.87159
2.49662,-0.949651,-0.87451
2.49604,-0.967,-0.876456
2.4839,-0.97987,-0.874185
2.48135,-0.996501,-0.875483
2.46906,-1.0092,-0.873212
2.46195,-1.02397,-0.872887
2.45475,-1.03869,-0.872563
2.43703,-1.04888,-0.868346
2.43315,-1.06495,-0.869319
2.42225,-1.07794,-0.867697
2.39318,-1.08265,-0.859262
2.41571,-1.11074,-0.870292
2.384,-1.11394,-0.860884
1.19253,-0.566789,-0.411248
1.19329,-0.576148,-0.41287
1.20077,-0.588864,-0.417088
0,0,0
0,0,0
1.18215,-0.606984,-0.414168
1.17757,-0.61379,-0.413843
0,0,0
1.16328,-0.62462,-0.411248
1.15444,-0.629035,-0.409302
0,0,0
1.15076,-0.645465,-0.410924
2.32631,-1.32231,-0.876132
2.31242,-1.33326,-0.873861
2.29684,-1.34313,-0.870941
2.2853,-1.35526,-0.869643
2.27289,-1.36683,-0.868021
2.26204,-1.37927,-0.867048
2.25353,-1.39312,-0.867048
2.25055,-1.41044,-0.869319
2.23866,-1.42219,-0.868021
2.23148,-1.43693,-0.86867
2.22104,-1.44956,-0.868021
2.20974,-1.46159,-0.867048
2.20309,-1.4767,-0.868021
2.19164,-1.4886,-0.867048
2.17778,-1.49881,-0.865102
2.17553,-1.51701,-0.868021
2.16077,-1.52651,-0.86575
2.1529,-1.54084,-0.866399
2.14647,-1.55624,-0.867697
2.15061,-1.57945,-0.873536
2.13253,-1.58641,-0.869968
2.1356,-1.60914,-0.875483
2.11741,-1.6159,-0.871914
2.10521,-1.62713,-0.870941
2.09444,-1.63943,-0.870617
2.08509,-1.65284,-0.870941
2.07564,-1.6662,-0.871265
2.06465,-1.6783,-0.870941
2.05066,-1.68794,-0.869319
2.04099,-1.70109,-0.869643
2.03702,-1.71907,-0.872563
2.02428,-1.7297,-0.87159
2.00862,-1.73775,-0.869319
1.99436,-1.74693,-0.867697
1.98785,-1.7629,-0.869643
1.98474,-1.78201,-0.873212
1.97447,-1.79479,-0.873536
1.96829,-1.81136,-0.875807
1.95022,-1.81695,-0.872563
1.93559,-1.82564,-0.870941
1.91956,-1.83291,-0.86867
1.90556,-1.84203,-0.867372
1.88813,-1.84773,-0.864453
1.87608,-1.85862,-0.864128
1.86197,-1.86742,-0.862831
1.84982,-1.87813,-0.862506
1.84222,-1.89352,-0.864453
1.83843,-1.91296,-0.868346
1.83057,-1.92832,-0.870292
1.82129,-1.94228,-0.87159
1.80934,-1.95342,-0.87159
1.79732,-1.96448,-0.87159
1.7846,-1.97477,-0.871265
1.77119,-1.98427,-0.870617
1.74583,-1.98021,-0.863804
1.72868,-1.98518,-0.861209
1.71276,-1.99145,-0.859262
1.70051,-2.00192,-0.859262
1.69732,-2.02318,-0.864128
1.68306,-2.03137,-0.863155
0,0,0
1.6473,-2.03864,-0.857316
1.64539,-2.06201,-0.863155
1.63798,-2.07875,-0.866075
1.62112,-2.08354,-0.863804
1.60946,-2.09495,-0.864453
1.59772,-2.10629,-0.865102
1.58647,-2.11832,-0.866075
1.57682,-2.13258,-0.868021
1.55366,-2.12847,-0.862182
1.53946,-2.13643,-0.861533
1.53071,-2.152,-0.864128
1.51367,-2.15593,-0.861857
1.49502,-2.1574,-0.858613
1.48283,-2.1681,-0.859262
1.47426,-2.18421,-0.862182
1.45611,-2.18613,-0.859262
1.43019,-2.17606,-0.851476
1.40806,-2.17131,-0.845961
1.38807,-2.16955,-0.841744
1.36413,-2.16123,-0.834931
1.34784,-2.16474,-0.832985
1.33255,-2.16975,-0.831687
1.32117,-2.18112,-0.832985
1.31505,-2.20136,-0.837851
1.31016,-2.22406,-0.84369
1.3022,-2.24187,-0.847583
1.29265,-2.2572,-0.850503
1.28157,-2.27003,-0.852449
1.28189,-2.30347,-0.862506
1.30324,-2.37597,-0.88781
1.26793,-2.34565,-0.872887
1.25173,-2.35005,-0.87159
1.23993,-2.36271,-0.873536
1.22106,-2.36187,-0.870292
1.21213,-2.38027,-0.87451
1.19495,-2.38259,-0.872563
1.18241,-2.39412,-0.874185
1.16687,-2.39963,-0.873536
1.17379,-2.45195,-0.89073
1.14016,-2.41976,-0.875807
1.12409,-2.42413,-0.874834
1.11077,-2.43443,-0.876132
1.09465,-2.43861,-0.875158
1.07661,-2.43836,-0.872563
1.06426,-2.45099,-0.874834
1.04846,-2.45573,-0.874185
1.03044,-2.45514,-0.87159
1.01644,-2.46404,-0.872563
1.00095,-2.46936,-0.872239
0.981573,-2.46491,-0.868346
0.968154,-2.47529,-0.869968
0.95838,-2.49531,-0.875158
0.943386,-2.50203,-0.875483
0.921442,-2.49003,-0.868994
0,0,0
0.89177,-2.50382,-0.869968
0,0,0
0,0,0
0,0,0
0,0,0
0,0,0
0,0,0
0,0,0
0,0,0
0,0,0
0,0,0
0,0,0
0,0,0
0,0,0
0,0,0
0,0,0
0,0,0
0,0,0
0,0,0
0,0,0
0,0,0
0,0,0
0,0,0
0,0,0
0,0,0
0,0,0
0,0,0
0,0,0
0,0,0
0,0,0
0,0,0
0,0,0
0,0,0
0,0,0
0,0,0
0,0,0
0,0,0
0,0,0
0,0,0
0,0,0
0,0,0
0,0,0
0,0,0
0,0,0
0,0,0
0,0,0
0,0,0
0,0,0
0,0,0
0,0,0
0,0,0
0,0,0
0,0,0
0,0,0
0,0,0
0,0,0
0,0,0
0,0,0
0,0,0
0,0,0
0,0,0
0,0,0
0,0,0
0,0,0
0,0,0
0,0,0
0,0,0
0,0,0
0,0,0
0,0,0
0,0,0
0,0,0
0,0,0
0,0,0
0,0,0
0,0,0
0,0,0
0,0,0
0,0,0
0,0,0
0,0,0
0,0,0
0,0,0
0,0,0
0,0,0
0,0,0
0,0,0
0,0,0
0,0,0
0,0,0
0,0,0
0,0,0
0,0,0
0,0,0
0,0,0
0,0,0
0,0,0
0,0,0
0,0,0
0,0,0
0,0,0
0,0,0
0,0,0
0,0,0
0,0,0
0,0,0
0,0,0
0,0,0
0,0,0
0,0,0
0,0,0
0,0,0
0,0,0
0,0,0
0,0,0
0,0,0
0,0,0
0,0,0
0,0,0
0,0,0
0,0,0
0,0,0
0,0,0
0,0,0
0,0,0
0,0,0
0,0,0
0,0,0
0,0,0
0,0,0
0,0,0
0,0,0
0,0,0
0,0,0
0,0,0
0,0,0
0,0,0
0,0,0
0,0,0
0,0,0
0,0,0
0,0,0
0,0,0
0,0,0
0,0,0
0,0,0
0,0,0
0,0,0
0,0,0
0,0,0
0,0,0
0,0,0
0,0,0
0,0,0
0,0,0
0,0,0
0,0,0
0,0,0
0,0,0
0,0,0
0,0,0
0,0,0
0,0,0
0,0,0
0,0,0
0,0,0
0,0,0
0,0,0
0,0,0
0,0,0
0,0,0
0,0,0
0,0,0
0,0,0
0,0,0
0,0,0
0,0,0
0,0,0
0,0,0
0,0,0
0,0,0
0,0,0
0,0,0
0,0,0
0,0,0
0,0,0
0,0,0
0,0,0
0,0,0
0,0,0
0,0,0
0,0,0
0,0,0
0,0,0
0,0,0
0,0,0
0,0,0
0,0,0
0,0,0
0,0,0
0,0,0
0,0,0
0,0,0
0,0,0
0,0,0
0,0,0
0,0,0
0,0,0
0,0,0
0,0,0
0,0,0
0,0,0
0,0,0
0,0,0
0,0,0
0,0,0
0,0,0
0,0,0
0,0,0
0,0,0
0,0,0
0,0,0
0,0,0
0,0,0
0,0,0
0,0,0
0,0,0
0,0,0
0,0,0
0,0,0
0,0,0
0,0,0
0,0,0
0,0,0
0,0,0
0,0,0
0,0,0
0,0,0
0,0,0
0,0,0
0,0,0
0,0,0
0,0,0
0,0,0
0,0,0
0,0,0
0,0,0
0,0,0
0,0,0
0,0,0
0,0,0
0,0,0
0,0,0
0,0,0
0,0,0
0,0,0
0,0,0
0,0,0
0,0,0
0,0,0
0,0,0
0,0,0
0,0,0
0,0,0
0,0,0
0,0,0
0,0,0
0,0,0
0,0,0
0,0,0
0,0,0
0,0,0
0,0,0
0,0,0
0,0,0
0,0,0
0,0,0
0,0,0
0,0,0
0,0,0
0,0,0
0,0,0
0,0,0
0,0,0
0,0,0
0,0,0
0,0,0
0,0,0
0,0,0
0,0,0
0,0,0
0,0,0
0,0,0
0,0,0
0,0,0
0,0,0
0,0,0
0,0,0
0,0,0
0,0,0
0,0,0
0,0,0
0,0,0
0,0,0
0,0,0
0,0,0
0,0,0
0,0,0
0,0,0
0,0,0
0,0,0
0,0,0
0,0,0
0,0,0
0,0,0
0,0,0
0,0,0
0,0,0
0,0,0
0,0,0
0,0,0
0,0,0
0,0,0
0,0,0
0,0,0
0,0,0
0,0,0
0,0,0
0,0,0
0,0,0
0,0,0
0,0,0
0,0,0
0,0,0
0,0,0
0,0,0
0,0,0
0,0,0
0,0,0
0,0,0
0,0,0
0,0,0
0,0,0
0,0,0
0,0,0
0,0,0
0,0,0
0,0,0
0,0,0
0,0,0
0,0,0
0,0,0
0,0,0
0,0,0
0,0,0
0,0,0
0,0,0
0,0,0
0,0,0
0,0,0
0,0,0
0,0,0
0,0,0
0,0,0
0,0,0
0,0,0
0,0,0
0,0,0
0,0,0
0,0,0
0,0,0
0,0,0
0,0,0
0,0,0
0,0,0
0,0,0
0,0,0
0,0,0
0,0,0
0,0,0
0,0,0
0,0,0
0,0,0
0,0,0
0,0,0
0,0,0
0,0,0
0,0,0
0,0,0
0,0,0
0,0,0
0,0,0
0,0,0
0,0,0
0,0,0
0,0,0
0,0,0
0,0,0
0,0,0
0,0,0
0,0,0
0,0,0
0,0,0
0,0,0
0,0,0
0,0,0
0,0,0
0,0,0
0,0,0
0,0,0
0,0,0
0,0,0
0,0,0
0,0,0
0,0,0
0,0,0
0,0,0
0,0,0
0,0,0
0,0,0
0,0,0
0,0,0
0,0,0
0,0,0
0,0,0
0,0,0
0,0,0
0,0,0
0,0,0
0,0,0
0,0,0
0,0,0
0,0,0
0,0,0
0,0,0
0,0,0
0,0,0
0,0,0
0,0,0
0,0,0
0,0,0
0,0,0
0,0,0
0,0,0
0,0,0
0,0,0
0,0,0
0,0,0
0,0,0
0,0,0
0,0,0
0,0,0
0,0,0
0,0,0
0,0,0
0,0,0
0,0,0
0,0,0
0,0,0
0,0,0
0,0,0
0,0,0
0,0,0
0,0,0
0,0,0
0,0,0
0,0,0
0,0,0
0,0,0
0,0,0
0,0,0
0,0,0
0,0,0
0,0,0
0,0,0
0,0,0
0,0,0
0,0,0
0,0,0
0,0,0
0,0,0
0,0,0
0,0,0
0,0,0
0,0,0
0,0,0
0,0,0
0,0,0
0,0,0
0,0,0
0,0,0
0,0,0
0,0,0
0,0,0
0,0,0
0,0,0
0,0,0
0,0,0
0,0,0
0,0,0
0,0,0
0,0,0
0,0,0
0,0,0
0,0,0
0,0,0
0,0,0
0,0,0
0,0,0
0,0,0
0,0,0
0,0,0
0,0,0
0,0,0
0,0,0
0,0,0
0,0,0
0,0,0
0,0,0
0,0,0
0,0,0
0,0,0
0,0,0
0,0,0
0,0,0
0,0,0
0,0,0
0,0,0
0,0,0
0,0,0
0,0,0
0,0,0
0,0,0
0,0,0
0,0,0
0,0,0
0,0,0
0,0,0
0,0,0
0,0,0
0,0,0
0,0,0
0,0,0
0,0,0
0,0,0
0,0,0
0,0,0
0,0,0
0,0,0
0,0,0
0,0,0
0,0,0
0,0,0
0,0,0
0,0,0
0,0,0
0,0,0
0,0,0
0,0,0
0,0,0
0,0,0
0,0,0
0,0,0
0,0,0
0,0,0
0,0,0
0,0,0
0,0,0
0,0,0
0,0,0
0,0,0
0,0,0
0,0,0
0,0,0
0,0,0
0,0,0
0,0,0
0,0,0
0,0,0
0,0,0
0,0,0
0,0,0
0,0,0
0,0,0
0,0,0
0,0,0
0,0,0
0,0,0
0,0,0
0,0,0
0,0,0
0,0,0
0,0,0
0,0,0
0,0,0
0,0,0
0,0,0
0,0,0
0,0,0
0,0,0
0,0,0
0,0,0
0,0,0
0,0,0
0,0,0
0,0,0
0,0,0
0,0,0
0,0,0
0.936478,2.55846,-0.925137
0.95084,2.54913,-0.923799
0.969478,2.55118,-0.926809
0.987495,2.55134,-0.92915
1.00175,2.54172,-0.927813
1.01873,2.53903,-0.92915
1.03607,2.53709,-0.930823
1.04511,2.51502,-0.924802
1.06309,2.51464,-0.927144
1.07813,2.5072,-0.926809
1.09047,2.49363,-0.924133
1.1092,2.49464,-0.927144
1.1206,2.4792,-0.923799
1.13736,2.4757,-0.925137
1.15333,2.47039,-0.925806
1.16847,2.46326,-0.925806
1.18274,2.45435,-0.925137
1.19861,2.44874,-0.925806
1.20899,2.43206,-0.922127
1.22389,2.42459,-0.922127
1.23617,2.41201,-0.92012
1.25051,2.40354,-0.919785
1.26083,2.38749,-0.916441
1.27857,2.38552,-0.918782
1.29274,2.3768,-0.918448
1.31003,2.37378,-0.920454
1.32687,2.3698,-0.922127
1.34232,2.36326,-0.922796
1.35774,2.35661,-0.923465
1.37122,2.34661,-0.922796
1.38559,2.33815,-0.922796
1.39943,2.3288,-0.922461
1.41565,2.32338,-0.923799
1.43038,2.31546,-0.924133
1.44456,2.30663,-0.924133
1.45919,2.29852,-0.924468
1.47377,2.29032,-0.924802
1.48729,2.28044,-0.924468
1.49865,2.26734,-0.922796
1.51096,2.25576,-0.921792
1.52107,2.24099,-0.919451
1.53693,2.23472,-0.920789
1.54738,2.22061,-0.918782
1.56097,2.21107,-0.918782
1.5778,2.20605,-0.920789
1.58854,2.19251,-0.919116
1.60141,2.18196,-0.918782
1.61701,2.17512,-0.92012
1.62693,2.16064,-0.918113
1.63958,2.14987,-0.917779
1.65217,2.13902,-0.917444
1.66062,2.12291,-0.914768
1.66776,2.10529,-0.911424
1.67828,2.09208,-0.910086
1.6899,2.08028,-0.909417
1.70263,2.06987,-0.909417
1.71711,2.06156,-0.91042
1.72912,2.05026,-0.910086
1.74412,2.04248,-0.911424
1.75723,2.03245,-0.911758
1.77526,2.02801,-0.914768
1.77954,2.00791,-0.91042
1.79875,2.00467,-0.9141
1.81038,1.9929,-0.913765
1.82066,1.97967,-0.912762
1.83214,1.96777,-0.912427
1.8403,1.95238,-0.91042
1.85224,1.94105,-0.91042
1.86346,1.92897,-0.910086
1.86867,1.91077,-0.906741
1.88633,1.90529,-0.909751
1.89798,1.89368,-0.909751
1.91158,1.88398,-0.910755
1.92378,1.87288,-0.911089
1.93048,1.85647,-0.908748
1.93979,1.84264,-0.907745
1.94899,1.82877,-0.906741
1.95188,1.80909,-0.902728
1.95738,1.79199,-0.900052
1.96764,1.77931,-0.899718
1.98274,1.77097,-0.901724
1.98933,1.75503,-0.899718
2.00219,1.74465,-0.900721
2.01286,1.73233,-0.900721
2.02417,1.72056,-0.901055
2.03613,1.70932,-0.901724
2.04296,1.69378,-0.900052
2.05185,1.68002,-0.899383
2.06725,1.67155,-0.901724
2.07747,1.65883,-0.901724
2.08761,1.64605,-0.901724
2.09618,1.63206,-0.901055
2.10317,1.61687,-0.899718
2.11755,1.60735,-0.901724
2.1236,1.5915,-0.900052
2.13106,1.57676,-0.899049
2.13917,1.56254,-0.89838
2.14795,1.54884,-0.898045
2.15818,1.53617,-0.89838
2.1614,1.51857,-0.895704
2.16448,1.50098,-0.893028
2.17832,1.49087,-0.895035
2.18977,1.47905,-0.896038
2.19409,1.46246,-0.894032
2.20145,1.44793,-0.893363
2.2095,1.43388,-0.893028
2.2254,1.42487,-0.896038
2.23171,1.40968,-0.895035
2.23792,1.39446,-0.894032
2.24644,1.38071,-0.894032
2.25487,1.3669,-0.894032
2.26564,1.35449,-0.895035
2.27391,1.34056,-0.895035
2.2829,1.32705,-0.89537
0,0,0
1.14037,0.64454,-0.423105
1.15253,0.642115,-0.42645
1.16471,0.639565,-0.429794
1.1769,0.636889,-0.433139
1.17331,0.625667,-0.430129
1.19214,0.626341,-0.436149
1.19261,0.617283,-0.434811
1.18462,0.603964,-0.430129
1.18662,0.595839,-0.42946
1.18603,0.586459,-0.427788
1.18283,0.575873,-0.425112
1.19144,0.571047,-0.427119
1.18981,0.561314,-0.425112
1.19323,0.554003,-0.425112
1.20603,0.550976,-0.428791
1.22487,0.550515,-0.434811
0,0,0
2.44424,1.06226,-0.904066
2.44205,1.04355,-0.900721
2.43624,1.02343,-0.896038
2.43463,1.00523,-0.893028
2.43115,0.986377,-0.889349
2.43103,0.968999,-0.887008
2.42639,0.949943,-0.882994
2.4269,0.933009,-0.880988
2.43258,0.9181,-0.880988
2.42137,0.89694,-0.874633
2.42506,0.881422,-0.873964
2.43841,0.869373,-0.876974
2.17414,0.760194,-0.775631
2.11011,0.723322,-0.749877
2.11094,0.709161,-0.748539
2.11256,0.695312,-0.747536
2.11769,0.682625,-0.747871
2.12273,0.669902,-0.748205
2.12861,0.65742,-0.748874
2.36175,0.713538,-0.833828
2.47274,0.730523,-0.873295
2.49257,0.719779,-0.878981
2.48877,0.70217,-0.875971
2.52393,0.695392,-0.887342
2.52542,0.679159,-0.886339
2.53409,0.664845,-0.888011
2.54178,0.650217,-0.889349
0,0,0
1.13826,0.276575,-0.373939
1.1436,0.270452,-0.375277
1.1434,0.263008,-0.374608
1.1404,0.254961,-0.372935
1.13457,0.246362,-0.37026
1.14252,0.240754,-0.372601
1.1292,0.230725,-0.367249
1.11487,0.220687,-0.361564
1.11528,0.213665,-0.361229
1.1175,0.206989,-0.361564
1.12246,0.200791,-0.362901
1.12274,0.19374,-0.362567
1.11647,0.185614,-0.359891
1.11387,0.178165,-0.358553
1.08047,0.166044,-0.346178
1.06189,0.156533,-0.339154
1.03483,0.146073,-0.329121
0.93017,0.125525,-0.291326
0.897272,0.115499,-0.279285
0.909189,0.111361,-0.283299
0.907047,0.105455,-0.282295
0.911424,0.100298,-0.283633
0.915772,0.0950916,-0.284971
0.919152,0.0897443,-0.285975
0.920624,0.0841882,-0.286309
0.923001,0.0786971,-0.286978
0.91689,0.072515,-0.284637
0.917318,0.0668877,-0.284637
0.911129,0.0608214,-0.282295
0.915247,0.055456,-0.283633
0.91557,0.0498391,-0.283633
0.913976,0.0441303,-0.282964
0.906697,0.0382074,-0.280289
0.918216,0.0330449,-0.284302
0.91275,0.0272441,-0.282295
0.913842,0.021665,-0.28263
0.913015,0.0160412,-0.282295
0.913097,0.0104387,-0.282295
0.910316,0.00482217,-0.281292
0.915041,-0.000769585,-0.282964
0.915961,-0.00639115,-0.283299
0.913078,-0.0119729,-0.282295
0.912987,-0.0175752,-0.282295
0.914746,-0.0232256,-0.282964
0.912703,-0.0287777,-0.282295
0.910626,-0.0343056,-0.281626
0.913222,-0.0400175,-0.28263
0.91296,-0.0456201,-0.28263
0.916426,-0.051434,-0.283968
0.916093,-0.0570561,-0.283968
0.914786,-0.0626113,-0.283633
0.920023,-0.0686464,-0.28564
0.918645,-0.0742139,-0.285306
0.918172,-0.0798492,-0.285306
0.92048,-0.085745,-0.286309
0.919937,-0.0913914,-0.286309
0.92217,-0.0973323,-0.287312
0.935603,-0.104565,-0.292329
0.964892,-0.11385,-0.303032
0.974462,-0.121051,-0.306711
1.01108,-0.13192,-0.32009
1.12603,-0.153997,-0.361564
1.14931,-0.164381,-0.37026
1.15481,-0.172406,-0.372601
1.15187,-0.179198,-0.371932
1.15447,-0.186866,-0.37327
1.15144,-0.193633,-0.372601
1.1363,-0.19826,-0.367584
1.12672,-0.203716,-0.364574
1.11341,-0.208368,-0.360226
0,0,0
1.1274,-0.225346,-0.366246
2.48544,-0.513177,-0.858913
2.48132,-0.528221,-0.858578
2.47896,-0.543638,-0.858913
1.17117,-0.26416,-0.384307
0,0,0
0,0,0
0,0,0
2.54336,-0.640139,-0.889015
2.53209,-0.653846,-0.886339
2.53896,-0.672267,-0.890353
2.53388,-0.687586,-0.890018
2.52416,-0.701606,-0.888011
2.50622,-0.713209,-0.882994
2.50179,-0.728573,-0.882994
2.49727,-0.74391,-0.882994
2.48816,-0.757846,-0.881322
2.48256,-0.772818,-0.880988
2.47148,-0.786036,-0.878646
2.46034,-0.799147,-0.876305
2.45986,-0.815712,-0.877977
2.4557,-0.831093,-0.878312
2.45234,-0.84676,-0.878981
2.4471,-0.861792,-0.878981
2.4391,-0.875835,-0.877977
2.42306,-0.886895,-0.873964
2.41493,-0.900758,-0.87296
2.40671,-0.914554,-0.871957
2.39578,-0.927262,-0.86995
2.38654,-0.940562,-0.868612
2.38422,-0.956592,-0.86995
2.38791,-0.975124,-0.873629
1.29586,-0.538276,-0.456217
0,0,0
1.22769,-0.527696,-0.43247
1.2227,-0.534464,-0.431801
1.19615,-0.531615,-0.422771
1.17827,-0.532343,-0.417085
1.17241,-0.538382,-0.416081
1.15799,-0.540382,-0.411733
1.14528,-0.543032,-0.408054
1.14957,-0.553733,-0.411064
1.14107,-0.558289,-0.409058
1.15366,-0.573253,-0.415412
1.1518,-0.581171,-0.416081
1.14821,-0.588227,-0.416081
1.15378,-0.600047,-0.41976
1.14841,-0.606235,-0.419092
1.1455,-0.613716,-0.419426
1.13923,-0.619381,-0.418423
1.12468,-0.620439,-0.414075
1.11839,-0.625946,-0.413071
1.10551,-0.627676,-0.409392
1.09347,-0.629741,-0.406047
0,0,0
2.2206,-1.31591,-0.874298
2.20925,-1.32757,-0.87296
2.19946,-1.34012,-0.872291
2.1928,-1.35458,-0.87296
2.18205,-1.36651,-0.871957
2.16885,-1.37684,-0.86995
2.16195,-1.39114,-0.870619
2.15021,-1.40232,-0.869281
2.1455,-1.41809,-0.870954
2.13832,-1.43227,-0.871623
2.12326,-1.44113,-0.868947
2.11437,-1.45413,-0.868947
2.10464,-1.46654,-0.868612
2.08944,-1.47508,-0.865937
2.08725,-1.49281,-0.868947
2.07652,-1.50448,-0.868278
2.06877,-1.51831,-0.868947
2.06774,-1.53716,-0.872626
2.06052,-1.55152,-0.873629
2.05171,-1.5647,-0.873964
2.04357,-1.57842,-0.874633
2.03013,-1.58802,-0.87296
2.01813,-1.59869,-0.871957
2.01123,-1.6134,-0.873295
1.99324,-1.61918,-0.869616
1.98473,-1.63257,-0.870285
1.97829,-1.64774,-0.871957
1.97751,-1.66774,-0.876305
1.96437,-1.6774,-0.874967
1.94977,-1.68572,-0.87296
1.93868,-1.69703,-0.872626
1.93457,-1.71452,-0.875636
1.91841,-1.72132,-0.87296
1.90781,-1.73306,-0.87296
1.88743,-1.7358,-0.868278
1.87812,-1.74864,-0.868947
1.86736,-1.76013,-0.868947
1.85039,-1.7657,-0.865937
1.83206,-1.76981,-0.862257
1.82791,-1.78761,-0.865602
1.81757,-1.79946,-0.865937
1.81182,-1.81591,-0.868612
1.8066,-1.83304,-0.871623
1.79597,-1.84476,-0.871957
1.78985,-1.86118,-0.874633
1.78358,-1.8776,-0.877308
1.76558,-1.88163,-0.873964
1.75336,-1.89174,-0.873629
1.7379,-1.89829,-0.871623
1.7237,-1.90612,-0.870285
1.71071,-1.91526,-0.869616
1.69394,-1.92006,-0.86694
1.67408,-1.92118,-0.862592
1.66718,-1.93714,-0.865268
1.65465,-1.94661,-0.864933
1.64328,-1.95745,-0.865268
1.63244,-1.96895,-0.865937
1.61317,-1.97017,-0.861923
1.60579,-1.9859,-0.864599
1.59592,-1.99866,-0.865937
1.58071,-2.00471,-0.864264
1.56954,-2.01586,-0.864933
1.55772,-2.0262,-0.865268
1.54412,-2.03422,-0.864599
1.535,-2.04818,-0.866606
1.52128,-2.05605,-0.865937
1.50585,-2.06154,-0.864264
1.49648,-2.07533,-0.866271
1.48645,-2.08831,-0.867943
1.47145,-2.0943,-0.866606
1.46394,-2.11104,-0.86995
1.45042,-2.1192,-0.869616
1.43476,-2.12416,-0.867943
1.41699,-2.12586,-0.864933
1.4003,-2.12901,-0.862592
1.3831,-2.13123,-0.859916
1.36391,-2.13015,-0.855903
1.34829,-2.1345,-0.85423
1.33467,-2.14193,-0.853896
1.32002,-2.14767,-0.852892
1.30682,-2.15573,-0.852892
1.29454,-2.16533,-0.853561
1.28218,-2.17485,-0.85423
1.27166,-2.18757,-0.856237
1.26336,-2.20432,-0.859916
1.24842,-2.20957,-0.858913
1.23943,-2.22543,-0.862257
1.23345,-2.24703,-0.867943
1.21426,-2.24461,-0.86393
1.20579,-2.262,-0.867943
1.19583,-2.27687,-0.870954
1.18357,-2.28751,-0.872291
1.17635,-2.30816,-0.877643
1.16005,-2.31113,-0.875971
1.1471,-2.32074,-0.876974
1.13614,-2.33451,-0.87965
1.1218,-2.34144,-0.87965
1.10861,-2.35084,-0.880653
1.09575,-2.36101,-0.881991
1.08086,-2.36683,-0.881656
1.06786,-2.37686,-0.882994
1.05439,-2.38595,-0.883998
1.03636,-2.3846,-0.880988
1.01911,-2.38485,-0.878646
1.00118,-2.38324,-0.875636
0.984737,-2.38498,-0.873964
0.970085,-2.39097,-0.873964
0.95121,-2.38638,-0.86995
0.934146,-2.38602,-0.867609
0.920164,-2.39347,-0.868278
0.90546,-2.39907,-0.868278
0.895304,-2.41696,-0.87296
0.881744,-2.42595,-0.874298
0.870005,-2.44019,-0.877643
0.857193,-2.45171,-0.879984
0.843966,-2.46227,-0.881991
0,0,0
0,0,0
0,0,0
0,0,0
0,0,0
0,0,0
0,0,0
0,0,0
0,0,0
0,0,0
0,0,0
0,0,0
0,0,0
0,0,0
0,0,0
0,0,0
0,0,0
0,0,0
0,0,0
0,0,0
0,0,0
0,0,0
0,0,0
0,0,0
0,0,0
0,0,0
0,0,0
0,0,0
0,0,0
0,0,0
0,0,0
0,0,0
0,0,0
0,0,0
0,0,0
0,0,0
0,0,0
0,0,0
0,0,0
0,0,0
0,0,0
0,0,0
0,0,0
0,0,0
0,0,0
0,0,0
0,0,0
0,0,0
0,0,0
0,0,0
0,0,0
0,0,0
0,0,0
0,0,0
0,0,0
0,0,0
0,0,0
0,0,0
0,0,0
0,0,0
0,0,0
0,0,0
0,0,0
0,0,0
0,0,0
0,0,0
0,0,0
0,0,0
0,0,0
0,0,0
0,0,0
0,0,0
0,0,0
0,0,0
0,0,0
0,0,0
0,0,0
0,0,0
0,0,0
0,0,0
0,0,0
0,0,0
0,0,0
0,0,0
0,0,0
0,0,0
0,0,0
0,0,0
0,0,0
0,0,0
0,0,0
0,0,0
0,0,0
0,0,0
0,0,0
0,0,0
0,0,0
0,0,0
0,0,0
0,0,0
0,0,0
0,0,0
0,0,0
0,0,0
0,0,0
0,0,0
0,0,0
0,0,0
0,0,0
0,0,0
0,0,0
0,0,0
0,0,0
0,0,0
0,0,0
0,0,0
0,0,0
0,0,0
0,0,0
0,0,0
0,0,0
0,0,0
0,0,0
0,0,0
0,0,0
0,0,0
0,0,0
0,0,0
0,0,0
0,0,0
0,0,0
0,0,0
0,0,0
0,0,0
0,0,0
0,0,0
0,0,0
0,0,0
0,0,0
0,0,0
0,0,0
0,0,0
0,0,0
0,0,0
0,0,0
0,0,0
0,0,0
0,0,0
0,0,0
0,0,0
0,0,0
0,0,0
0,0,0
0,0,0
0,0,0
0,0,0
0,0,0
0,0,0
0,0,0
0,0,0
0,0,0
0,0,0
0,0,0
0,0,0
0,0,0
0,0,0
0,0,0
0,0,0
0,0,0
0,0,0
0,0,0
0,0,0
0,0,0
0,0,0
0,0,0
0,0,0
0,0,0
0,0,0
0,0,0
0,0,0
0,0,0
0,0,0
0,0,0
0,0,0
0,0,0
0,0,0
0,0,0
0,0,0
0,0,0
0,0,0
0,0,0
0,0,0
0,0,0
0,0,0
0,0,0
0,0,0
0,0,0
0,0,0
0,0,0
0,0,0
0,0,0
0,0,0
0,0,0
0,0,0
0,0,0
0,0,0
0,0,0
0,0,0
0,0,0
0,0,0
0,0,0
0,0,0
0,0,0
0,0,0
0,0,0
0,0,0
0,0,0
0,0,0
0,0,0
0,0,0
0,0,0
0,0,0
0,0,0
0,0,0
0,0,0
0,0,0
0,0,0
0,0,0
0,0,0
0,0,0
0,0,0
0,0,0
0,0,0
0,0,0
0,0,0
0,0,0
0,0,0
0,0,0
0,0,0
0,0,0
0,0,0
0,0,0
0,0,0
0,0,0
0,0,0
0,0,0
0,0,0
0,0,0
0,0,0
0,0,0
0,0,0
0,0,0
0,0,0
0,0,0
0,0,0
0,0,0
0,0,0
0,0,0
0,0,0
0,0,0
0,0,0
0,0,0
0,0,0
0,0,0
0,0,0
0,0,0
0,0,0
0,0,0
0,0,0
0,0,0
0,0,0
0,0,0
0,0,0
0,0,0
0,0,0
0,0,0
0,0,0
0,0,0
0,0,0
0,0,0
0,0,0
0,0,0
0,0,0
0,0,0
0,0,0
0,0,0
0,0,0
0,0,0
0,0,0
0,0,0
0,0,0
0,0,0
0,0,0
0,0,0
0,0,0
0,0,0
0,0,0
0,0,0
0,0,0
0,0,0
0,0,0
0,0,0
0,0,0
0,0,0
0,0,0
0,0,0
0,0,0
0,0,0
0,0,0
0,0,0
0,0,0
0,0,0
0,0,0
0,0,0
0,0,0
0,0,0
0,0,0
0,0,0
0,0,0
0,0,0
0,0,0
0,0,0
0,0,0
0,0,0
0,0,0
0,0,0
0,0,0
0,0,0
0,0,0
0,0,0
0,0,0
0,0,0
0,0,0
0,0,0
0,0,0
0,0,0
0,0,0
0,0,0
0,0,0
0,0,0
0,0,0
0,0,0
0,0,0
0,0,0
0,0,0
0,0,0
0,0,0
0,0,0
0,0,0
0,0,0
0,0,0
0,0,0
0,0,0
0,0,0
0,0,0
0,0,0
0,0,0
0,0,0
0,0,0
0,0,0
0,0,0
0,0,0
0,0,0
0,0,0
0,0,0
0,0,0
0,0,0
0,0,0
0,0,0
0,0,0
0,0,0
0,0,0
0,0,0
0,0,0
0,0,0
0,0,0
0,0,0
0,0,0
0,0,0
0,0,0
0,0,0
0,0,0
0,0,0
0,0,0
0,0,0
0,0,0
0,0,0
0,0,0
0,0,0
0,0,0
0,0,0
0,0,0
0,0,0
0,0,0
0,0,0
0,0,0
0,0,0
0,0,0
0,0,0
0,0,0
0,0,0
0,0,0
0,0,0
0,0,0
0,0,0
0,0,0
0,0,0
0,0,0
0,0,0
0,0,0
0,0,0
0,0,0
0,0,0
0,0,0
0,0,0
0,0,0
0,0,0
0,0,0
0,0,0
0,0,0
0,0,0
0,0,0
0,0,0
0,0,0
0,0,0
0,0,0
0,0,0
0,0,0
0,0,0
0,0,0
0,0,0
0,0,0
0,0,0
0,0,0
0,0,0
0,0,0
0,0,0
0,0,0
0,0,0
0,0,0
0,0,0
0,0,0
0,0,0
0,0,0
0,0,0
0,0,0
0,0,0
0,0,0
0,0,0
0,0,0
0,0,0
0,0,0
0,0,0
0,0,0
0,0,0
0,0,0
0,0,0
0,0,0
0,0,0
0,0,0
0,0,0
0,0,0
0,0,0
0,0,0
0,0,0
0,0,0
0,0,0
0,0,0
0,0,0
0,0,0
0,0,0
0,0,0
0,0,0
0,0,0
0,0,0
0,0,0
0,0,0
0,0,0
0,0,0
0,0,0
0,0,0
0,0,0
0,0,0
0,0,0
0,0,0
0,0,0
0,0,0
0,0,0
0,0,0
0,0,0
0,0,0
0,0,0
0,0,0
0,0,0
0,0,0
0,0,0
0,0,0
0,0,0
0,0,0
0,0,0
0,0,0
0,0,0
0,0,0
0,0,0
0,0,0
0,0,0
0,0,0
0,0,0
0,0,0
0,0,0
0,0,0
0,0,0
0,0,0
0,0,0
0,0,0
0,0,0
0,0,0
0,0,0
0,0,0
0,0,0
0,0,0
0,0,0
0,0,0
0,0,0
0,0,0
0,0,0
0,0,0
0,0,0
0,0,0
0,0,0
0,0,0
0,0,0
0,0,0
0,0,0
0,0,0
0,0,0
0,0,0
0,0,0
0,0,0
0,0,0
0,0,0
0,0,0
0,0,0
0,0,0
0,0,0
0,0,0
0,0,0
0,0,0
0,0,0
0,0,0
0,0,0
0,0,0
0,0,0
0,0,0
0,0,0
0,0,0
0,0,0
0,0,0
0,0,0
0,0,0
0,0,0
0,0,0
0,0,0
0,0,0
0,0,0
0,0,0
0,0,0
0,0,0
0,0,0
0,0,0
0,0,0
0,0,0
0,0,0
0,0,0
0,0,0
0,0,0
0,0,0
0,0,0
0,0,0
0,0,0
0,0,0
0,0,0
0,0,0
0,0,0
0,0,0
0,0,0
0,0,0
0,0,0
0,0,0
0,0,0
0,0,0
0,0,0
0,0,0
0,0,0
0,0,0
0,0,0
0,0,0
0,0,0
0,0,0
0,0,0
0,0,0
0,0,0
0,0,0
0,0,0
0,0,0
0,0,0
0,0,0
0,0,0
0,0,0
0,0,0
0,0,0
0,0,0
0,0,0
0,0,0
0,0,0
0,0,0
0,0,0
0,0,0
0,0,0
0,0,0
0,0,0
0,0,0
0,0,0
0,0,0
0,0,0
0,0,0
0,0,0
0,0,0
0,0,0
0,0,0
0,0,0
0.784759,2.46606,-0.908657
0.802194,2.46834,-0.911416
0,0,0
0.83994,2.48054,-0.920036
0.861879,2.49486,-0.927622
0.876548,2.48776,-0.926932
0.888943,2.47438,-0.923829
0.907011,2.47681,-0.926932
0.922191,2.4712,-0.926932
0.938336,2.46813,-0.927967
0.958203,2.47458,-0.932794
0.971305,2.46341,-0.930725
0.989545,2.46525,-0.933828
1.00997,2.47217,-0.939
1.01972,2.45292,-0.933828
1.03183,2.4397,-0.93107
1.0453,2.42987,-0.929691
1.05418,2.40965,-0.924174
1.07085,2.40743,-0.925898
1.08096,2.39054,-0.92176
1.09561,2.38387,-0.92176
1.11101,2.3788,-0.92245
1.12438,2.36939,-0.921415
1.14093,2.36668,-0.923139
1.15791,2.36469,-0.925208
1.16905,2.35082,-0.92245
1.18388,2.34444,-0.922794
1.19696,2.33462,-0.92176
1.21169,2.32807,-0.922105
1.22377,2.31644,-0.920381
1.23663,2.3064,-0.919346
1.24851,2.29465,-0.917622
1.26121,2.28448,-0.916588
1.27291,2.2726,-0.914864
1.28869,2.26801,-0.916243
1.30024,2.256,-0.914519
1.31311,2.24636,-0.91383
1.32352,2.2326,-0.911416
1.34202,2.23249,-0.914864
1.36009,2.23143,-0.917967
1.37376,2.22304,-0.917967
1.38289,2.20741,-0.914864
1.39591,2.19809,-0.914519
1.40937,2.18948,-0.914519
1.42277,2.18079,-0.914519
1.43302,2.16732,-0.91245
1.44734,2.16005,-0.91314
1.46373,2.15579,-0.915209
1.47533,2.14444,-0.914174
1.48578,2.1315,-0.91245
1.50208,2.12695,-0.914519
1.51674,2.11998,-0.915554
1.53302,2.11519,-0.917622
1.54431,2.10348,-0.916588
1.55718,2.09396,-0.916588
1.56549,2.07837,-0.91383
1.57707,2.06723,-0.91314
1.58801,2.05529,-0.912106
1.59365,2.03663,-0.907968
1.60145,2.02092,-0.905209
1.6103,2.00667,-0.90314
1.62377,1.99821,-0.90383
1.63779,1.99038,-0.904865
1.64697,1.97669,-0.90314
1.65906,1.96654,-0.90314
1.67475,1.96061,-0.905209
1.68675,1.9503,-0.905209
1.70116,1.94274,-0.906589
1.7118,1.93086,-0.905899
1.72801,1.92521,-0.908313
1.74547,1.92082,-0.911416
1.76294,1.9163,-0.914519
1.7721,1.9027,-0.91314
1.78632,1.89452,-0.914519
1.80115,1.88692,-0.916243
1.799,1.86165,-0.909002
1.80908,1.84924,-0.908313
1.81907,1.83677,-0.907623
1.82167,1.81695,-0.90314
1.84014,1.81299,-0.906933
1.84383,1.79446,-0.90314
1.85345,1.78181,-0.902451
1.87047,1.77622,-0.905554
1.88476,1.76792,-0.907278
1.89351,1.75441,-0.906244
1.90285,1.74149,-0.905554
1.91281,1.72915,-0.905209
1.91988,1.71426,-0.903485
1.92895,1.7012,-0.902796
1.93794,1.6881,-0.902106
1.94613,1.67434,-0.901072
1.95851,1.66419,-0.902106
1.96653,1.65033,-0.901072
1.97445,1.63644,-0.900037
1.98228,1.62251,-0.899003
1.99365,1.61149,-0.899692
1.99984,1.5963,-0.897968
2.00738,1.58226,-0.896934
2.0178,1.57049,-0.897279
2.03111,1.56094,-0.899003
2.0429,1.55015,-0.900037
2.05687,1.54096,-0.902106
2.06327,1.52608,-0.900727
2.07184,1.51284,-0.900382
2.08413,1.50229,-0.901761
2.0956,1.49111,-0.902796
2.10318,1.47714,-0.902106
2.10757,1.461,-0.900037
2.1196,1.45016,-0.901416
2.13001,1.43818,-0.902106
2.13723,1.42404,-0.901416
2.14201,1.40832,-0.899692
2.14431,1.39106,-0.896934
2.15281,1.37788,-0.896934
2.16043,1.36414,-0.896589
2.16876,1.35086,-0.896589
2.1786,1.33851,-0.897279
2.18678,1.32512,-0.897279
0,0,0
1.12436,0.661948,-0.437307
1.12597,0.653621,-0.436272
1.121,0.641563,-0.432479
1.12001,0.6319,-0.43041
1.12469,0.625473,-0.430755
0,0,0
1.1298,0.610284,-0.429721
1.13187,0.602457,-0.429031
1.14136,0.598557,-0.431445
0,0,0
1.14946,0.584932,-0.43179
1.16225,0.582503,-0.435583
1.17422,0.579522,-0.439031
1.16931,0.568196,-0.435583
1.19055,0.569533,-0.442823
1.18978,0.560214,-0.441099
1.19745,0.55488,-0.442823
1.21705,0.554935,-0.449375
1.21615,0.545533,-0.447651
1.21261,0.535023,-0.444892
1.21931,0.52907,-0.446272
1.22167,0.521209,-0.445927
1.22658,0.514431,-0.446616
1.22104,0.50331,-0.443168
1.23367,0.499693,-0.446961
2.33264,0.929304,-0.880383
2.37676,0.930041,-0.895555
2.37628,0.913081,-0.893141
2.36779,0.893176,-0.887624
2.37323,0.878631,-0.887624
2.37152,0.861485,-0.884866
2.36261,0.84187,-0.879349
2.15864,0.754186,-0.797974
2.09664,0.718081,-0.772114
2.101,0.705203,-0.772114
2.1044,0.692005,-0.771769
2.11218,0.680232,-0.773148
2.11631,0.667259,-0.773148
2.2522,0.695013,-0.823835
2.31123,0.697756,-0.844868
2.41088,0.711778,-0.881418
2.39446,0.690977,-0.873487
2.42395,0.683415,-0.883142
2.45343,0.675518,-0.892796
2.46569,0.662647,-0.8959
0,0,0
1.12602,0.287199,-0.384896
0,0,0
0,0,0
0,0,0
2.41889,0.555445,-0.869694
2.42683,0.541617,-0.871418
2.43745,0.52831,-0.874177
2.44707,0.5147,-0.87659
1.14703,0.233294,-0.387999
1.12634,0.221876,-0.379724
1.12768,0.21496,-0.379724
1.12621,0.207524,-0.378689
1.11638,0.198625,-0.374552
1.12497,0.193049,-0.37731
1.0891,0.179982,-0.363518
1.02715,0.16321,-0.340071
0.998447,0.15234,-0.329037
0.998435,0.146074,-0.328692
0.928674,0.129971,-0.302487
0.887593,0.118621,-0.286971
0.891097,0.113532,-0.288005
0.88246,0.106921,-0.284557
0.882167,0.101396,-0.284212
0.888371,0.0965971,-0.286281
0.888013,0.0910474,-0.285936
0.890423,0.0857793,-0.286626
0.896542,0.080827,-0.288695
0.889538,0.0746865,-0.285936
0.889044,0.069153,-0.285592
0.890388,0.0637649,-0.285936
0.885143,0.0579253,-0.283868
0.881734,0.052266,-0.282488
0.881101,0.0468038,-0.282144
0.881371,0.0413966,-0.282144
0.879733,0.0359088,-0.281454
0.878999,0.0304765,-0.281109
0.876354,0.0249985,-0.280075
0.875553,0.0195985,-0.27973
0.877534,0.0142588,-0.280419
0.874789,0.00884197,-0.279385
0.877643,0.00348909,-0.280419
0.877647,-0.00189609,-0.280419
0.880435,-0.00730088,-0.281454
0.881312,-0.0127153,-0.281799
0.878402,-0.0180685,-0.280764
0.88109,-0.0235294,-0.281799
0.884682,-0.0290536,-0.283178
0.881673,-0.0343753,-0.282144
0.887072,-0.0400311,-0.284212
0.885872,-0.0454265,-0.283868
0.885577,-0.0508612,-0.283868
0.888996,-0.0565275,-0.285247
0.886759,-0.061853,-0.284557
0.892915,-0.0677819,-0.286971
0.892483,-0.0732594,-0.286971
0.88547,-0.0781649,-0.284557
0.884039,-0.0835095,-0.284212
0.882576,-0.0888395,-0.283868
0.879214,-0.0939576,-0.282833
0.887017,-0.100289,-0.285936
0.896639,-0.106939,-0.289729
0.908076,-0.113943,-0.294212
0.958553,-0.12619,-0.313176
1.04239,-0.143637,-0.344554
1.00525,-0.144851,-0.331106
1.08233,-0.162652,-0.36007
1.11563,-0.174626,-0.372828
1.12195,-0.182667,-0.375586
1.13377,-0.191726,-0.380413
1.13719,-0.199485,-0.382137
1.14334,-0.207795,-0.384896
2.45684,-0.460761,-0.876246
2.43554,-0.472262,-0.869349
2.44272,-0.48922,-0.873142
2.43416,-0.503062,-0.871073
2.42552,-0.516817,-0.869005
0,0,0
2.42906,-0.548814,-0.872797
2.42565,-0.563708,-0.872797
0,0,0
0,0,0
1.15403,-0.291298,-0.39524
0,0,0
0,0,0
0,0,0
2.42544,-0.674624,-0.882797
2.42035,-0.689237,-0.882452
2.39895,-0.699093,-0.875901
2.39102,-0.712729,-0.874522
2.39019,-0.728479,-0.875901
2.3803,-0.741459,-0.873832
0,0,0
2.3737,-0.771482,-0.874866
2.37159,-0.786918,-0.875901
2.37472,-0.804161,-0.879004
2.36531,-0.817186,-0.87728
2.36025,-0.831684,-0.87728
2.35068,-0.844566,-0.875556
2.34986,-0.860585,-0.87728
2.34542,-0.875316,-0.877625
2.33211,-0.886692,-0.874522
2.32575,-0.900646,-0.874177
2.31494,-0.912836,-0.872108
2.29971,-0.923181,-0.868315
1.25715,-0.514205,-0.456961
0,0,0
0,0,0
1.16468,-0.501683,-0.423859
1.15212,-0.504686,-0.420066
1.13185,-0.504123,-0.41317
1.12189,-0.507968,-0.410412
1.12046,-0.515625,-0.411101
1.11387,-0.520903,-0.409722
1.10471,-0.524913,-0.407308
1.12262,-0.541863,-0.415929
1.10831,-0.54338,-0.411446
1.11252,-0.553928,-0.414549
1.11497,-0.563703,-0.416963
1.10564,-0.567539,-0.414549
1.10047,-0.573446,-0.41386
1.11602,-0.590264,-0.42179
0,0,0
1.11364,-0.606605,-0.423859
1.1173,-0.617506,-0.426962
1.11758,-0.626642,-0.428686
1.11698,-0.635341,-0.430066
1.1212,-0.646867,-0.433514
1.11883,-0.654681,-0.434203
0,0,0
2.12626,-1.27823,-0.869349
2.13281,-1.30004,-0.875556
2.12639,-1.31409,-0.876246
2.11749,-1.32662,-0.875901
2.11011,-1.34009,-0.876246
2.105,-1.35504,-0.877625
2.09822,-1.36896,-0.878314
2.08978,-1.38181,-0.878314
2.08282,-1.39565,-0.879004
2.07034,-1.40577,-0.87728
2.06399,-1.42004,-0.878314
2.05293,-1.43107,-0.87728
2.04258,-1.44255,-0.87659
2.02758,-1.45069,-0.873832
2.01636,-1.46145,-0.872797
2.00281,-1.47047,-0.870729
1.99676,-1.48497,-0.872108
1.98912,-1.49832,-0.872797
1.98511,-1.51448,-0.875211
1.97355,-1.52491,-0.874177
1.96859,-1.54046,-0.876246
1.95837,-1.55193,-0.875901
1.94588,-1.56157,-0.874522
1.9348,-1.57229,-0.873832
1.92367,-1.58294,-0.873142
1.91392,-1.59472,-0.873142
1.90625,-1.60825,-0.874177
1.89135,-1.61565,-0.871763
1.88282,-1.62845,-0.872453
1.86926,-1.63688,-0.870729
1.85989,-1.64894,-0.871073
1.84694,-1.65782,-0.869694
1.83673,-1.66912,-0.869694
1.82507,-1.67909,-0.869005
1.81611,-1.69153,-0.869694
1.81048,-1.70715,-0.872108
1.79793,-1.71628,-0.871073
1.78534,-1.72533,-0.870039
1.78009,-1.7415,-0.872797
1.76604,-1.74909,-0.871073
1.76058,-1.7652,-0.873832
1.75499,-1.78132,-0.87659
1.74075,-1.78869,-0.874866
1.733,-1.80272,-0.87659
1.72449,-1.81604,-0.87797
1.7101,-1.82317,-0.876246
1.70782,-1.84326,-0.881073
1.6857,-1.84194,-0.875211
1.67499,-1.85295,-0.875556
1.65796,-1.85689,-0.872453
1.64405,-1.86421,-0.871073
1.63011,-1.87143,-0.869694
1.61676,-1.87927,-0.86866
1.60399,-1.88772,-0.86797
1.59237,-1.89753,-0.86797
0,0,0
1.56956,-1.91765,-0.868315
1.56131,-1.93163,-0.870384
1.54708,-1.93824,-0.869005
1.53342,-1.94548,-0.86797
1.52318,-1.95708,-0.869005
1.51057,-1.96564,-0.86866
1.49962,-1.97637,-0.869349
1.48803,-1.98628,-0.869694
1.48084,-2.00217,-0.872797
1.47406,-2.01879,-0.876246
1.46275,-2.02932,-0.876935
1.44591,-2.03214,-0.874177
1.43935,-2.04942,-0.87797
1.42568,-2.05667,-0.87728
1.40826,-2.05841,-0.874177
1.39193,-2.06157,-0.871763
1.37665,-2.06617,-0.870039
1.36291,-2.07301,-0.869349
1.35732,-2.09235,-0.874177
1.34699,-2.10459,-0.875901
1.33355,-2.11203,-0.875556
1.32056,-2.12017,-0.875556
1.30704,-2.12743,-0.875211
1.29396,-2.13541,-0.875211
1.28228,-2.14573,-0.876246
1.26909,-2.15355,-0.876246
1.25632,-2.16211,-0.87659
1.23976,-2.16408,-0.874177
1.22092,-2.16184,-0.870039
1.20763,-2.16929,-0.870039
1.19701,-2.1816,-0.872108
1.1836,-2.1889,-0.872108
1.17236,-2.20026,-0.873832
1.15883,-2.20742,-0.873832
1.14915,-2.22199,-0.876935
1.1372,-2.23234,-0.878314
1.12348,-2.23928,-0.878314
1.11056,-2.24781,-0.879004
1.10003,-2.26133,-0.881763
1.08573,-2.26719,-0.881418
1.07019,-2.27042,-0.880038
1.05664,-2.27779,-0.880383
1.04888,-2.29789,-0.8859
1.03553,-2.306,-0.88659
1.01567,-2.29943,-0.881418
0.996676,-2.29443,-0.876935
0.983317,-2.30223,-0.877625
0.969536,-2.30908,-0.87797
0.955708,-2.31586,-0.878314
0.940421,-2.31907,-0.87728
0.92513,-2.32218,-0.876246
0.90881,-2.32257,-0.874177
0.896227,-2.33248,-0.875901
0.889196,-2.35726,-0.883487
0.874062,-2.36091,-0.882797
0.861164,-2.37064,-0.884521
0,0,0
0,0,0
0,0,0
0,0,0
0,0,0
0,0,0
0,0,0
0,0,0
0,0,0
0,0,0
0,0,0
0,0,0
0,0,0
0,0,0
0,0,0
0,0,0
0,0,0
0,0,0
0,0,0
0,0,0
0,0,0
0,0,0
0,0,0
0,0,0
0,0,0
0,0,0
0,0,0
0,0,0
0,0,0
0,0,0
0,0,0
0,0,0
0,0,0
0,0,0
0,0,0
0,0,0
0,0,0
0,0,0
0,0,0
0,0,0
0,0,0
0,0,0
0,0,0
0,0,0
0,0,0
0,0,0
0,0,0
0,0,0
0,0,0
0,0,0
0,0,0
0,0,0
0,0,0
0,0,0
0,0,0
0,0,0
0,0,0
0,0,0
0,0,0
0,0,0
0,0,0
0,0,0
0,0,0
0,0,0
0,0,0
0,0,0
0,0,0
0,0,0
0,0,0
0,0,0
0,0,0
0,0,0
0,0,0
0,0,0
0,0,0
0,0,0
0,0,0
0,0,0
0,0,0
0,0,0
0,0,0
0,0,0
0,0,0
0,0,0
0,0,0
0,0,0
0,0,0
0,0,0
0,0,0
0,0,0
0,0,0
0,0,0
0,0,0
0,0,0
0,0,0
0,0,0
0,0,0
0,0,0
0,0,0
0,0,0
0,0,0
0,0,0
0,0,0
0,0,0
0,0,0
0,0,0
0,0,0
0,0,0
0,0,0
0,0,0
0,0,0
0,0,0
0,0,0
0,0,0
0,0,0
0,0,0
0,0,0
0,0,0
0,0,0
0,0,0
0,0,0
0,0,0
0,0,0
0,0,0
0,0,0
0,0,0
0,0,0
0,0,0
0,0,0
0,0,0
0,0,0
0,0,0
0,0,0
0,0,0
0,0,0
0,0,0
0,0,0
0,0,0
0,0,0
0,0,0
0,0,0
0,0,0
0,0,0
0,0,0
0,0,0
0,0,0
0,0,0
0,0,0
0,0,0
0,0,0
0,0,0
0,0,0
0,0,0
0,0,0
0,0,0
0,0,0
0,0,0
0,0,0
0,0,0
0,0,0
0,0,0
0,0,0
0,0,0
0,0,0
0,0,0
0,0,0
0,0,0
0,0,0
0,0,0
0,0,0
0,0,0
0,0,0
0,0,0
0,0,0
0,0,0
0,0,0
0,0,0
0,0,0
0,0,0
0,0,0
0,0,0
0,0,0
0,0,0
0,0,0
0,0,0
0,0,0
0,0,0
0,0,0
0,0,0
0,0,0
0,0,0
0,0,0
0,0,0
0,0,0
0,0,0
0,0,0
0,0,0
0,0,0
0,0,0
0,0,0
0,0,0
0,0,0
0,0,0
0,0,0
0,0,0
0,0,0
0,0,0
0,0,0
0,0,0
0,0,0
0,0,0
0,0,0
0,0,0
0,0,0
0,0,0
0,0,0
0,0,0
0,0,0
0,0,0
0,0,0
0,0,0
0,0,0
0,0,0
0,0,0
0,0,0
0,0,0
0,0,0
0,0,0
0,0,0
0,0,0
0,0,0
0,0,0
0,0,0
0,0,0
0,0,0
0,0,0
0,0,0
0,0,0
0,0,0
0,0,0
0,0,0
0,0,0
0,0,0
0,0,0
0,0,0
0,0,0
0,0,0
0,0,0
0,0,0
0,0,0
0,0,0
0,0,0
0,0,0
0,0,0
0,0,0
0,0,0
0,0,0
0,0,0
0,0,0
0,0,0
0,0,0
0,0,0
0,0,0
0,0,0
0,0,0
0,0,0
0,0,0
0,0,0
0,0,0
0,0,0
0,0,0
0,0,0
0,0,0
0,0,0
0,0,0
0,0,0
0,0,0
0,0,0
0,0,0
0,0,0
0,0,0
0,0,0
0,0,0
0,0,0
0,0,0
0,0,0
0,0,0
0,0,0
0,0,0
0,0,0
0,0,0
0,0,0
0,0,0
0,0,0
0,0,0
0,0,0
0,0,0
0,0,0
0,0,0
0,0,0
0,0,0
0,0,0
0,0,0
0,0,0
0,0,0
0,0,0
0,0,0
0,0,0
0,0,0
0,0,0
0,0,0
0,0,0
0,0,0
0,0,0
0,0,0
0,0,0
0,0,0
0,0,0
0,0,0
0,0,0
0,0,0
0,0,0
0,0,0
0,0,0
0,0,0
0,0,0
0,0,0
0,0,0
0,0,0
0,0,0
0,0,0
0,0,0
0,0,0
0,0,0
0,0,0
0,0,0
0,0,0
0,0,0
0,0,0
0,0,0
0,0,0
0,0,0
0,0,0
0,0,0
0,0,0
0,0,0
0,0,0
0,0,0
0,0,0
0,0,0
0,0,0
0,0,0
0,0,0
0,0,0
0,0,0
0,0,0
0,0,0
0,0,0
0,0,0
0,0,0
0,0,0
0,0,0
0,0,0
0,0,0
0,0,0
0,0,0
0,0,0
0,0,0
0,0,0
0,0,0
0,0,0
0,0,0
0,0,0
0,0,0
0,0,0
0,0,0
0,0,0
0,0,0
0,0,0
0,0,0
0,0,0
0,0,0
0,0,0
0,0,0
0,0,0
0,0,0
0,0,0
0,0,0
0,0,0
0,0,0
0,0,0
0,0,0
0,0,0
0,0,0
0,0,0
0,0,0
0,0,0
0,0,0
0,0,0
0,0,0
0,0,0
0,0,0
0,0,0
0,0,0
0,0,0
0,0,0
0,0,0
0,0,0
0,0,0
0,0,0
0,0,0
0,0,0
0,0,0
0,0,0
0,0,0
0,0,0
0,0,0
0,0,0
0,0,0
0,0,0
0,0,0
0,0,0
0,0,0
0,0,0
0,0,0
0,0,0
0,0,0
0,0,0
0,0,0
0,0,0
0,0,0
0,0,0
0,0,0
0,0,0
0,0,0
0,0,0
0,0,0
0,0,0
0,0,0
0,0,0
0,0,0
0,0,0
0,0,0
0,0,0
0,0,0
0,0,0
0,0,0
0,0,0
0,0,0
0,0,0
0,0,0
0,0,0
0,0,0
0,0,0
0,0,0
0,0,0
0,0,0
0,0,0
0,0,0
0,0,0
0,0,0
0,0,0
0,0,0
0,0,0
0,0,0
0,0,0
0,0,0
0,0,0
0,0,0
0,0,0
0,0,0
0,0,0
0,0,0
0,0,0
0,0,0
0,0,0
0,0,0
0,0,0
0,0,0
0,0,0
0,0,0
0,0,0
0,0,0
0,0,0
0,0,0
0,0,0
0,0,0
0,0,0
0,0,0
0,0,0
0,0,0
0,0,0
0,0,0
0,0,0
0,0,0
0,0,0
0,0,0
0,0,0
0,0,0
0,0,0
0,0,0
0,0,0
0,0,0
0,0,0
0,0,0
0,0,0
0,0,0
0,0,0
0,0,0
0,0,0
0,0,0
0,0,0
0,0,0
0,0,0
0,0,0
0,0,0
0,0,0
0,0,0
0,0,0
0,0,0
0,0,0
0,0,0
0,0,0
0,0,0
0,0,0
0,0,0
0,0,0
0,0,0
0,0,0
0,0,0
0,0,0
0,0,0
0,0,0
0,0,0
0,0,0
0,0,0
0,0,0
0,0,0
0,0,0
0,0,0
0,0,0
0,0,0
0,0,0
0,0,0
0,0,0
0,0,0
0,0,0
0,0,0
0,0,0
0,0,0
0,0,0
0,0,0
0,0,0
0,0,0
0,0,0
0,0,0
0,0,0
0,0,0
0,0,0
0,0,0
0,0,0
0,0,0
0,0,0
0,0,0
0,0,0
0,0,0
0,0,0
0,0,0
0,0,0
0,0,0
0,0,0
0,0,0
0,0,0
0,0,0
0,0,0
0,0,0
0,0,0
0,0,0
0,0,0
0,0,0
0,0,0
0,0,0
0,0,0
0,0,0
0,0,0
0,0,0
0,0,0
0,0,0
0,0,0
0,0,0
0,0,0
0,0,0
0,0,0
0,0,0
0,0,0
0,0,0
0,0,0
0,0,0
0,0,0
0,0,0
0,0,0
0,0,0
0,0,0
0,0,0
0,0,0
0,0,0
0,0,0
0,0,0
0.861255,2.39983,-0.925344
0,0,0
0.890313,2.3882,-0.92499
0.904618,2.38182,-0.924635
0.918204,2.37361,-0.92357
0.934465,2.37228,-0.925344
0.950395,2.36997,-0.926763
0.966687,2.36843,-0.928537
0.982277,2.36504,-0.929602
0.99313,2.35036,-0.926054
1.00975,2.34937,-0.928183
1.0219,2.33799,-0.926054
1.03394,2.32655,-0.923925
1.04474,2.3125,-0.920732
1.06242,2.31369,-0.923925
1.07778,2.30967,-0.92499
1.09153,2.30217,-0.924635
1.10604,2.29627,-0.92499
1.12011,2.28944,-0.92499
1.13539,2.28503,-0.926054
1.14728,2.27385,-0.92428
1.16036,2.26511,-0.92357
1.17725,2.26375,-0.926054
1.19112,2.25648,-0.926054
1.20495,2.24913,-0.926054
1.21872,2.2417,-0.926054
1.22839,2.22681,-0.922861
1.23929,2.21433,-0.920732
1.25239,2.20588,-0.920377
1.25937,2.18681,-0.91541
1.27135,2.17662,-0.914346
1.27753,2.15671,-0.909024
1.29507,2.15604,-0.912217
1.30974,2.15045,-0.913282
1.32192,2.14078,-0.912572
1.3395,2.13976,-0.915765
1.3506,2.12835,-0.914346
1.36313,2.11923,-0.913991
1.3756,2.11005,-0.913637
1.38646,2.09845,-0.912217
1.39878,2.08912,-0.911863
1.4142,2.08437,-0.913637
1.42802,2.07719,-0.914346
1.44074,2.06839,-0.914346
1.4561,2.06333,-0.91612
1.47091,2.0574,-0.917539
1.47967,2.04304,-0.915056
1.49384,2.03618,-0.91612
1.50128,2.02022,-0.912927
1.50746,2.00276,-0.909024
1.52596,2.00165,-0.912927
1.53536,1.98855,-0.911153
1.54465,1.97541,-0.909379
1.55848,1.96809,-0.910443
1.56702,1.95412,-0.908315
1.5778,1.94301,-0.907605
1.59029,1.93402,-0.90796
1.59734,1.91848,-0.905122
1.60968,1.90935,-0.905477
1.62197,1.90015,-0.905831
1.63727,1.89441,-0.90796
1.6464,1.88151,-0.906541
1.66225,1.87627,-0.909024
1.67498,1.86743,-0.909734
1.6839,1.85435,-0.908315
1.69461,1.84329,-0.90796
1.70589,1.83286,-0.90796
1.71518,1.82032,-0.906896
1.72632,1.80976,-0.906896
1.73479,1.79644,-0.905477
1.74643,1.78643,-0.905831
1.75999,1.77834,-0.90725
1.77219,1.76883,-0.90796
1.78368,1.75858,-0.908315
1.7864,1.73977,-0.904057
1.79502,1.72684,-0.902993
1.80694,1.71708,-0.903703
1.81607,1.70468,-0.902993
1.82376,1.69096,-0.901574
1.83479,1.68037,-0.901929
1.8416,1.66594,-0.900155
1.85388,1.65648,-0.901219
1.86471,1.64569,-0.901574
1.87054,1.63054,-0.899445
1.88051,1.61903,-0.899445
1.89326,1.60988,-0.900864
1.90453,1.59944,-0.901574
1.91719,1.59011,-0.902993
1.92763,1.57891,-0.903348
1.93656,1.56646,-0.902993
1.9454,1.55396,-0.902638
1.9571,1.54374,-0.903703
1.9599,1.52653,-0.90051
1.96701,1.51276,-0.899445
1.97253,1.49784,-0.897671
1.98467,1.48795,-0.899091
1.99076,1.47352,-0.897671
2.00127,1.46238,-0.898381
2.01021,1.45007,-0.898381
2.0145,1.43446,-0.896252
2.02632,1.42422,-0.897671
2.04117,1.41602,-0.90051
2.04287,1.39872,-0.897317
2.05839,1.39087,-0.90051
2.06533,1.37718,-0.8998
2.07218,1.36345,-0.899091
2.07659,1.34816,-0.897317
2.08246,1.33389,-0.896252
2.10009,1.32707,-0.90051
2.1066,1.31317,-0.8998
0,0,0
0,0,0
0,0,0
1.10971,0.654716,-0.446745
0,0,0
1.10306,0.632681,-0.440359
0,0,0
1.114,0.620917,-0.441778
1.1014,0.605071,-0.434683
1.11414,0.603195,-0.438585
0,0,0
1.11483,0.586,-0.435747
1.12339,0.581726,-0.437876
1.12028,0.571426,-0.435037
1.13964,0.572511,-0.441778
0,0,0
1.1533,0.561755,-0.444617
1.16179,0.557092,-0.446745
1.15419,0.544769,-0.442133
1.15327,0.535708,-0.440359
0,0,0
0,0,0
1.11419,0.492848,-0.420137
1.11719,0.486002,-0.420137
0,0,0
0,0,0
0,0,0
0,0,0
0,0,0
0,0,0
0,0,0
0,0,0
2.23822,0.829571,-0.863612
2.2626,0.822848,-0.871418
2.19011,0.781318,-0.840197
2.12603,0.743795,-0.812524
2.12878,0.73013,-0.811814
2.10309,0.706931,-0.799752
2.10295,0.692552,-0.797978
2.10627,0.679349,-0.797623
2.10861,0.66585,-0.796914
2.11176,0.652623,-0.796559
2.17301,0.656959,-0.819265
0,0,0
0,0,0
1.16164,0.328181,-0.415879
1.15912,0.319806,-0.414105
0,0,0
0,0,0
0,0,0
2.35322,0.587087,-0.878158
2.35678,0.572637,-0.878158
2.35843,0.557735,-0.877449
2.36909,0.544929,-0.880287
2.37695,0.531401,-0.882061
2.38291,0.517401,-0.883125
2.38421,0.502385,-0.882416
2.38359,0.486998,-0.880997
2.38286,0.471638,-0.879578
1.1093,0.212718,-0.386433
1.09955,0.203867,-0.382175
1.09065,0.195307,-0.378273
1.11855,0.193217,-0.388561
1.03117,0.171647,-0.354502
0.974966,0.156171,-0.332506
0.96112,0.147917,-0.326829
0.913911,0.134937,-0.308381
0.88417,0.125021,-0.296673
0.861756,0.116473,-0.287804
0.857817,0.110588,-0.28603
0.851056,0.104415,-0.283191
0.85168,0.099191,-0.283191
0.85692,0.0944735,-0.284965
0.855623,0.0890211,-0.284256
0.858945,0.0840412,-0.28532
0.856651,0.0785146,-0.284256
0.85898,0.0734151,-0.284965
0.861278,0.0682901,-0.285675
0.861681,0.0630041,-0.285675
0.857387,0.0574056,-0.283901
0.85959,0.0522563,-0.284611
0.859894,0.046981,-0.284611
0.8611,0.0417487,-0.284965
0.864143,0.0365816,-0.28603
0.862482,0.0312119,-0.28532
0.860788,0.025864,-0.284611
0.863735,0.0206475,-0.285675
0.857302,0.0152342,-0.283191
0.857379,0.00997356,-0.283191
0.858359,0.00471729,-0.283546
0.857437,-0.000548545,-0.283191
0.858352,-0.00581644,-0.283546
0.856431,-0.0110581,-0.282837
0.860086,-0.0163858,-0.284256
0.859034,-0.0216389,-0.283901
0.85982,-0.0269391,-0.284256
0.860573,-0.0322498,-0.284611
0.854754,-0.0372825,-0.282482
0.862913,-0.0429487,-0.285675
0.860767,-0.0481374,-0.284965
0.860455,-0.053418,-0.284965
0.862909,-0.0588889,-0.28603
0.861599,-0.0641127,-0.285675
0.857462,-0.0690961,-0.284256
0.863542,-0.0749248,-0.286739
0.854688,-0.0794393,-0.283546
0.854185,-0.0846821,-0.283546
0.852719,-0.0898233,-0.283191
0.85401,-0.0952619,-0.283901
0.863623,-0.101708,-0.287804
0.878755,-0.108968,-0.293835
0.891049,-0.116055,-0.298802
0.982024,-0.134079,-0.333925
1.0182,-0.145403,-0.348116
1.00435,-0.149713,-0.343149
1.06623,-0.165657,-0.367274
1.0818,-0.174888,-0.37366
1.09731,-0.184316,-0.380046
1.11734,-0.194746,-0.388206
1.0876,-0.196436,-0.377208
2.37752,-0.444984,-0.875675
2.37566,-0.459742,-0.87603
2.37555,-0.47486,-0.877094
2.37259,-0.489427,-0.877094
2.36771,-0.503587,-0.876385
2.36001,-0.517104,-0.874611
2.35953,-0.532193,-0.875675
2.34256,-0.543489,-0.870353
2.34645,-0.559588,-0.873192
2.34116,-0.57353,-0.872482
2.33306,-0.586744,-0.870708
2.31946,-0.598477,-0.866805
2.28773,-0.605279,-0.855807
0,0,0
0,0,0
0,0,0
0,0,0
2.32633,-0.692519,-0.878868
2.33634,-0.711138,-0.884544
2.32569,-0.723515,-0.882061
2.31675,-0.736355,-0.880287
2.3113,-0.750268,-0.879932
2.29955,-0.762081,-0.877094
2.2966,-0.776776,-0.877804
2.29003,-0.790243,-0.877094
2.2772,-0.801485,-0.873901
2.27928,-0.81797,-0.876739
2.28124,-0.834511,-0.879578
2.28834,-0.853066,-0.884544
2.28044,-0.866095,-0.88348
2.28032,-0.882096,-0.885609
2.28095,-0.898471,-0.888092
0,0,0
1.24492,-0.507914,-0.468032
1.22969,-0.51052,-0.463065
1.17745,-0.497305,-0.442843
1.15634,-0.496765,-0.435392
1.13699,-0.496734,-0.428651
1.11513,-0.495345,-0.420846
1.11377,-0.502948,-0.421556
1.10812,-0.508601,-0.420491
1.09989,-0.513018,-0.418363
1.10095,-0.521761,-0.420137
1.10025,-0.529724,-0.421201
1.0869,-0.531533,-0.416944
1.08446,-0.538608,-0.417298
1.06778,-0.538511,-0.411622
1.00538,-0.514778,-0.386433
1.06192,-0.552005,-0.411977
1.06347,-0.56113,-0.414105
1.07402,-0.575153,-0.420137
0,0,0
1.09062,-0.60139,-0.430425
1.09752,-0.614008,-0.435037
0,0,0
1.09233,-0.62883,-0.436102
1.09249,-0.637879,-0.437876
1.08775,-0.644094,-0.437521
0,0,0
0,0,0
2.07317,-1.28016,-0.882416
2.05815,-1.28839,-0.879223
2.0431,-1.29649,-0.87603
2.02724,-1.30394,-0.872482
2.02234,-1.3184,-0.873901
2.01421,-1.33078,-0.873901
2.00445,-1.34207,-0.873192
2.00005,-1.35697,-0.874965
1.98783,-1.36657,-0.873192
1.98478,-1.38248,-0.875675
1.9755,-1.3941,-0.87532
1.96766,-1.40673,-0.875675
1.9643,-1.42262,-0.878158
1.95854,-1.43686,-0.879578
1.94969,-1.44885,-0.879578
1.94301,-1.46247,-0.880642
1.93251,-1.47323,-0.879932
1.91085,-1.47535,-0.873901
1.9025,-1.48762,-0.874256
1.89334,-1.49927,-0.874256
1.87535,-1.50384,-0.869999
1.87335,-1.52121,-0.873546
1.86037,-1.52971,-0.871772
1.85094,-1.54109,-0.871772
1.85003,-1.55965,-0.87603
1.84043,-1.57097,-0.87603
1.83782,-1.58835,-0.879578
1.82945,-1.60083,-0.880287
1.8112,-1.60458,-0.87603
1.8048,-1.61879,-0.877804
1.79414,-1.6292,-0.877449
1.78136,-1.63765,-0.87603
1.77059,-1.64791,-0.875675
1.76317,-1.66131,-0.877094
1.74753,-1.66694,-0.874256
1.73996,-1.68022,-0.875675
1.73028,-1.69152,-0.87603
1.72319,-1.7054,-0.877804
1.71732,-1.72057,-0.880287
1.70279,-1.72708,-0.878158
1.68629,-1.73147,-0.874965
1.67823,-1.74448,-0.876385
1.66427,-1.75135,-0.874611
1.65286,-1.76085,-0.874256
1.64393,-1.77302,-0.87532
1.63239,-1.78238,-0.874965
1.62142,-1.79236,-0.874965
1.61226,-1.80437,-0.87603
1.59621,-1.80862,-0.873192
1.58693,-1.82049,-0.874256
1.57451,-1.82878,-0.873546
1.55841,-1.83271,-0.870708
1.54533,-1.84009,-0.869644
1.53043,-1.84522,-0.867515
1.52382,-1.86036,-0.870353
1.51296,-1.8704,-0.870708
1.50204,-1.88038,-0.871063
1.49106,-1.89029,-0.871418
1.4823,-1.9031,-0.873192
1.47287,-1.91512,-0.874611
1.46166,-1.92487,-0.874965
1.44926,-1.93305,-0.874611
1.43682,-1.94115,-0.874256
1.42433,-1.94918,-0.873901
1.4107,-1.95561,-0.872837
1.39705,-1.96194,-0.871772
1.39305,-1.98195,-0.877094
1.37393,-1.98047,-0.872482
1.3607,-1.98732,-0.871772
1.34848,-1.99564,-0.871772
1.33362,-1.99998,-0.869999
1.32749,-2.0175,-0.874256
1.31254,-2.02169,-0.872482
1.2991,-2.02813,-0.871772
1.28963,-2.0408,-0.873901
1.27906,-2.05185,-0.87532
1.27036,-2.06603,-0.878158
1.25863,-2.07539,-0.878868
1.24347,-2.07906,-0.877094
1.22879,-2.08343,-0.875675
1.21927,-2.09659,-0.878158
1.2036,-2.09916,-0.87603
1.19345,-2.11139,-0.878158
1.17911,-2.11623,-0.877094
1.167,-2.12506,-0.877804
1.15305,-2.13054,-0.877094
1.14304,-2.14335,-0.879578
1.12943,-2.14949,-0.879223
1.11493,-2.15389,-0.878158
1.10127,-2.15986,-0.877804
1.08464,-2.15989,-0.874965
1.07095,-2.16567,-0.874611
1.06174,-2.1806,-0.878158
1.04349,-2.17696,-0.873901
1.02891,-2.18078,-0.872837
1.01512,-2.18621,-0.872482
0.999356,-2.18729,-0.870353
0.990898,-2.20447,-0.874965
0.979242,-2.21478,-0.876739
0.966752,-2.22332,-0.877804
0.957868,-2.24039,-0.882416
0.941931,-2.24105,-0.880287
0.926378,-2.24247,-0.878513
0.914007,-2.25158,-0.879932
0.895674,-2.24585,-0.87532
0.88324,-2.25479,-0.876739
0.869053,-2.25929,-0.876385
0.853523,-2.26021,-0.874611
0.847758,-2.28732,-0.88348
0.833069,-2.29072,-0.882771
0.821823,-2.30372,-0.885964
0.812918,-2.32372,-0.891995
0.794401,-2.31628,-0.887028
0,0,0
0,0,0
0.74991,-2.32517,-0.884899
0,0,0
0,0,0
0,0,0
0,0,0
0,0,0
0,0,0
0,0,0
0,0,0
0,0,0
0,0,0
0,0,0
0,0,0
0,0,0
0,0,0
0,0,0
0,0,0
0,0,0
0,0,0
0,0,0
0,0,0
0,0,0
0,0,0
0,0,0
0,0,0
0,0,0
0,0,0
0,0,0
0,0,0
0,0,0
0,0,0
0,0,0
0,0,0
0,0,0
0,0,0
0,0,0
0,0,0
0,0,0
0,0,0
0,0,0
0,0,0
0,0,0
0,0,0
0,0,0
0,0,0
0,0,0
0,0,0
0,0,0
0,0,0
0,0,0
0,0,0
0,0,0
0,0,0
0,0,0
0,0,0
0,0,0
0,0,0
0,0,0
0,0,0
0,0,0
0,0,0
0,0,0
0,0,0
0,0,0
0,0,0
0,0,0
0,0,0
0,0,0
0,0,0
0,0,0
0,0,0
0,0,0
0,0,0
0,0,0
0,0,0
0,0,0
0,0,0
0,0,0
0,0,0
0,0,0
0,0,0
0,0,0
0,0,0
0,0,0
0,0,0
0,0,0
0,0,0
0,0,0
0,0,0
0,0,0
0,0,0
0,0,0
0,0,0
0,0,0
0,0,0
0,0,0
0,0,0
0,0,0
0,0,0
0,0,0
0,0,0
0,0,0
0,0,0
0,0,0
0,0,0
0,0,0
0,0,0
0,0,0
0,0,0
0,0,0
0,0,0
0,0,0
0,0,0
0,0,0
0,0,0
0,0,0
0,0,0
0,0,0
0,0,0
0,0,0
0,0,0
0,0,0
0,0,0
0,0,0
0,0,0
0,0,0
0,0,0
0,0,0
0,0,0
0,0,0
0,0,0
0,0,0
0,0,0
0,0,0
0,0,0
0,0,0
0,0,0
0,0,0
0,0,0
0,0,0
0,0,0
0,0,0
0,0,0
0,0,0
0,0,0
0,0,0
0,0,0
0,0,0
0,0,0
0,0,0
0,0,0
0,0,0
0,0,0
0,0,0
0,0,0
0,0,0
0,0,0
0,0,0
0,0,0
0,0,0
0,0,0
0,0,0
0,0,0
0,0,0
0,0,0
0,0,0
0,0,0
0,0,0
0,0,0
0,0,0
0,0,0
0,0,0
0,0,0
0,0,0
0,0,0
0,0,0
0,0,0
0,0,0
0,0,0
0,0,0
0,0,0
0,0,0
0,0,0
0,0,0
0,0,0
0,0,0
0,0,0
0,0,0
0,0,0
0,0,0
0,0,0
0,0,0
0,0,0
0,0,0
0,0,0
0,0,0
0,0,0
0,0,0
0,0,0
0,0,0
0,0,0
0,0,0
0,0,0
0,0,0
0,0,0
0,0,0
0,0,0
0,0,0
0,0,0
0,0,0
0,0,0
0,0,0
0,0,0
0,0,0
0,0,0
0,0,0
0,0,0
0,0,0
0,0,0
0,0,0
0,0,0
0,0,0
0,0,0
0,0,0
0,0,0
0,0,0
0,0,0
0,0,0
0,0,0
0,0,0
0,0,0
0,0,0
0,0,0
0,0,0
0,0,0
0,0,0
0,0,0
0,0,0
0,0,0
0,0,0
0,0,0
0,0,0
0,0,0
0,0,0
0,0,0
0,0,0
0,0,0
0,0,0
0,0,0
0,0,0
0,0,0
0,0,0
0,0,0
0,0,0
0,0,0
0,0,0
0,0,0
0,0,0
0,0,0
0,0,0
0,0,0
0,0,0
0,0,0
0,0,0
0,0,0
0,0,0
0,0,0
0,0,0
0,0,0
0,0,0
0,0,0
0,0,0
0,0,0
0,0,0
0,0,0
0,0,0
0,0,0
0,0,0
0,0,0
0,0,0
0,0,0
0,0,0
0,0,0
0,0,0
0,0,0
0,0,0
0,0,0
0,0,0
0,0,0
0,0,0
0,0,0
0,0,0
0,0,0
0,0,0
0,0,0
0,0,0
0,0,0
0,0,0
0,0,0
0,0,0
0,0,0
0,0,0
0,0,0
0,0,0
0,0,0
0,0,0
0,0,0
0,0,0
0,0,0
0,0,0
0,0,0
0,0,0
0,0,0
0,0,0
0,0,0
0,0,0
0,0,0
0,0,0
0,0,0
0,0,0
0,0,0
0,0,0
0,0,0
0,0,0
0,0,0
0,0,0
0,0,0
0,0,0
0,0,0
0,0,0
0,0,0
0,0,0
0,0,0
0,0,0
0,0,0
0,0,0
0,0,0
0,0,0
0,0,0
0,0,0
0,0,0
0,0,0
0,0,0
0,0,0
0,0,0
0,0,0
0,0,0
0,0,0
0,0,0
0,0,0
0,0,0
0,0,0
0,0,0
0,0,0
0,0,0
0,0,0
0,0,0
0,0,0
0,0,0
0,0,0
0,0,0
0,0,0
0,0,0
0,0,0
0,0,0
0,0,0
0,0,0
0,0,0
0,0,0
0,0,0
0,0,0
0,0,0
0,0,0
0,0,0
0,0,0
0,0,0
0,0,0
0,0,0
0,0,0
0,0,0
0,0,0
0,0,0
0,0,0
0,0,0
0,0,0
0,0,0
0,0,0
0,0,0
0,0,0
0,0,0
0,0,0
0,0,0
0,0,0
0,0,0
0,0,0
0,0,0
0,0,0
0,0,0
0,0,0
0,0,0
0,0,0
0,0,0
0,0,0
0,0,0
0,0,0
0,0,0
0,0,0
0,0,0
0,0,0
0,0,0
0,0,0
0,0,0
0,0,0
0,0,0
0,0,0
0,0,0
0,0,0
0,0,0
0,0,0
0,0,0
0,0,0
0,0,0
0,0,0
0,0,0
0,0,0
0,0,0
0,0,0
0,0,0
0,0,0
0,0,0
0,0,0
0,0,0
0,0,0
0,0,0
0,0,0
0,0,0
0,0,0
0,0,0
0,0,0
0,0,0
0,0,0
0,0,0
0,0,0
0,0,0
0,0,0
0,0,0
0,0,0
0,0,0
0,0,0
0,0,0
0,0,0
0,0,0
0,0,0
0,0,0
0,0,0
0,0,0
0,0,0
0,0,0
0,0,0
0,0,0
0,0,0
0,0,0
0,0,0
0,0,0
0,0,0
0,0,0
0,0,0
0,0,0
0,0,0
0,0,0
0,0,0
0,0,0
0,0,0
0,0,0
0,0,0
0,0,0
0,0,0
0,0,0
0,0,0
0,0,0
0,0,0
0,0,0
0,0,0
0,0,0
0,0,0
0,0,0
0,0,0
0,0,0
0,0,0
0,0,0
0,0,0
0,0,0
0,0,0
0,0,0
0,0,0
0,0,0
0,0,0
0,0,0
0,0,0
0,0,0
0,0,0
0,0,0
0,0,0
0,0,0
0,0,0
0,0,0
0,0,0
0,0,0
0,0,0
0,0,0
0,0,0
0,0,0
0,0,0
0,0,0
0,0,0
0,0,0
0,0,0
0,0,0
0,0,0
0,0,0
0,0,0
0,0,0
0,0,0
0,0,0
0,0,0
0,0,0
0,0,0
0,0,0
0,0,0
0,0,0
0,0,0
0,0,0
0,0,0
0,0,0
0,0,0
0,0,0
0,0,0
0,0,0
0,0,0
0,0,0
0,0,0
0,0,0
0,0,0
0,0,0
0,0,0
0,0,0
0,0,0
0,0,0
0,0,0
0,0,0
0,0,0
0,0,0
0,0,0
0,0,0
0,0,0
0,0,0
0,0,0
0,0,0
0,0,0
0,0,0
0,0,0
0,0,0
0,0,0
0,0,0
0,0,0
0,0,0
0,0,0
0,0,0
0,0,0
0,0,0
0,0,0
0,0,0
0,0,0
0,0,0
0,0,0
0,0,0
0,0,0
0,0,0
0,0,0
0,0,0
0,0,0
0,0,0
0,0,0
0,0,0
0,0,0
0,0,0
0,0,0
0,0,0
0,0,0
0,0,0
0,0,0
0,0,0
0,0,0
0,0,0
0,0,0
0,0,0
0,0,0
0,0,0
0,0,0
0,0,0
0,0,0
0,0,0
0,0,0
0,0,0
0,0,0
0,0,0
0,0,0
0,0,0
0,0,0
0,0,0
0,0,0
0,0,0
0,0,0
0,0,0
0,0,0
0,0,0
0,0,0
0,0,0
0,0,0
0,0,0
0,0,0
0,0,0
0,0,0
0,0,0
0,0,0
0,0,0
0,0,0
0,0,0
0,0,0
0,0,0
0.77901,2.39548,-0.943806
0.802191,2.41629,-0.954378
0.807452,2.3831,-0.942712
0.824794,2.38602,-0.945993
0.838491,2.37828,-0.944899
0.844259,2.34855,-0.934692
0.864413,2.35906,-0.941254
0.880173,2.35721,-0.942712
0.892636,2.34654,-0.940525
0.910042,2.34883,-0.943806
0.923413,2.3406,-0.942712
0.937757,2.33489,-0.942712
0.958049,2.34375,-0.94891
0.964196,2.31805,-0.940525
0.976226,2.30695,-0.938338
0.989259,2.29835,-0.937244
0.999613,2.2837,-0.933598
1.01209,2.27412,-0.93214
1.02795,2.27211,-0.933963
1.04653,2.27591,-0.938338
1.0652,2.27958,-0.942712
1.07558,2.26542,-0.939431
1.0939,2.26801,-0.943441
1.1033,2.25205,-0.939431
1.11834,2.24774,-0.940525
1.12708,2.23086,-0.93615
1.13395,2.21065,-0.930317
1.1462,2.20117,-0.929224
1.16447,2.20315,-0.933234
1.17401,2.18858,-0.929953
1.18964,2.18542,-0.931776
1.20707,2.18542,-0.935057
1.21364,2.16579,-0.929588
1.22828,2.16073,-0.930682
1.24152,2.15315,-0.930682
1.24719,2.13263,-0.924849
1.26025,2.12493,-0.924849
1.26608,2.10519,-0.919381
1.28091,2.10056,-0.920839
1.28937,2.08553,-0.917558
1.30609,2.0839,-0.920475
1.32035,2.0782,-0.921568
1.33056,2.06614,-0.919745
1.34779,2.06496,-0.923026
1.36197,2.05898,-0.92412
1.36837,2.0413,-0.919745
1.39028,2.04674,-0.926307
1.39437,2.02589,-0.920475
1.40092,2.00889,-0.916464
1.41698,2.00559,-0.919016
1.4298,1.99761,-0.919381
1.44093,1.98729,-0.918652
1.45145,1.97616,-0.917558
1.45188,1.95152,-0.909903
1.46663,1.9463,-0.911725
1.48193,1.9417,-0.913913
1.4904,1.92815,-0.911725
1.5045,1.92191,-0.913184
1.51453,1.91045,-0.91209
1.52506,1.89967,-0.911361
1.54314,1.89822,-0.915371
1.55417,1.888,-0.915006
1.5544,1.86483,-0.90808
1.56342,1.85241,-0.906622
1.56326,1.82933,-0.899695
1.57263,1.81759,-0.898601
1.58805,1.81281,-0.901153
1.60161,1.80582,-0.902611
1.61017,1.79319,-0.901153
1.62991,1.79292,-0.906257
1.65097,1.79386,-0.91209
1.66131,1.78301,-0.911725
1.67988,1.78092,-0.9161
1.68499,1.76451,-0.912819
1.68996,1.74811,-0.909538
1.70391,1.74104,-0.911361
1.71129,1.72724,-0.909538
1.71461,1.70947,-0.905528
1.72506,1.69892,-0.905528
1.73145,1.68441,-0.903341
1.74981,1.6815,-0.907715
1.76347,1.67393,-0.909538
1.7737,1.66308,-0.909538
1.78251,1.6509,-0.908809
1.79261,1.63993,-0.908809
1.79711,1.62391,-0.905892
1.8001,1.60665,-0.902247
1.80783,1.59372,-0.901153
1.81406,1.57954,-0.899331
1.8209,1.56595,-0.897872
1.83047,1.55475,-0.897872
1.83712,1.54109,-0.896414
1.84798,1.53098,-0.897143
1.8631,1.52433,-0.90006
1.87169,1.51228,-0.899695
1.87657,1.49728,-0.897508
1.89304,1.49151,-0.901153
1.89627,1.47529,-0.898237
1.91489,1.471,-0.902976
1.91794,1.45472,-0.90006
1.92683,1.44293,-0.90006
1.94014,1.4344,-0.902247
1.95191,1.42467,-0.903705
1.95231,1.40667,-0.899695
1.95939,1.39358,-0.898966
1.96943,1.38261,-0.899695
1.98017,1.37209,-0.900789
1.98317,1.35623,-0.898237
1.99531,1.34664,-0.90006
1.99579,1.32921,-0.896414
2.00936,1.32052,-0.898966
2.02367,1.31222,-0.901882
2.0207,1.29275,-0.896779
0,0,0
1.09284,0.67977,-0.461504
1.07875,0.661835,-0.453119
1.07722,0.651824,-0.450567
1.07161,0.639467,-0.446193
1.07631,0.633353,-0.446557
1.09386,0.634694,-0.452755
1.08562,0.621023,-0.447286
1.08941,0.61435,-0.447286
1.10943,0.616718,-0.454577
0,0,0
0,0,0
1.10416,0.58743,-0.447286
1.0962,0.574581,-0.442183
1.10549,0.57084,-0.444734
0,0,0
1.10742,0.554724,-0.442547
0,0,0
1.13173,0.549652,-0.450203
0,0,0
0,0,0
0,0,0
0,0,0
0,0,0
0,0,0
0,0,0
0,0,0
1.15519,0.484183,-0.448015
1.19515,0.492371,-0.463691
1.22317,0.495184,-0.474263
1.24435,0.494911,-0.481919
0,0,0
0,0,0
0,0,0
0,0,0
2.10695,0.764827,-0.835169
2.09582,0.746255,-0.828607
2.09684,0.732151,-0.827149
2.09777,0.718063,-0.825691
2.09772,0.703695,-0.823868
2.10023,0.690228,-0.823139
2.10531,0.677614,-0.823504
2.097,0.660759,-0.8184
2.05386,0.633312,-0.799079
0,0,0
0,0,0
0,0,0
0,0,0
2.29226,0.630635,-0.888394
2.29339,0.615832,-0.8873
2.29352,0.600803,-0.885842
2.28002,0.582332,-0.878916
2.29259,0.570584,-0.882561
2.28881,0.554748,-0.879645
2.30576,0.543907,-0.885113
2.31359,0.530793,-0.886936
2.32044,0.517399,-0.888394
2.32448,0.503349,-0.888759
2.32479,0.488501,-0.887665
0,0,0
1.08189,0.21288,-0.389323
1.06123,0.202035,-0.380573
1.02491,0.188569,-0.365627
1.00038,0.177688,-0.355419
0.95098,0.162843,-0.335369
0.914299,0.150747,-0.320422
0.917965,0.145575,-0.321516
0.881105,0.134145,-0.306569
0.87362,0.127515,-0.303288
0.857789,0.119812,-0.296726
0.850203,0.113427,-0.293445
0.846265,0.107614,-0.291623
0.845985,0.102307,-0.291258
0.849371,0.0974359,-0.292352
0.847176,0.0919173,-0.291258
0.849577,0.0869094,-0.291987
0.848241,0.0815143,-0.291258
0.835742,0.0751231,-0.286154
0.838043,0.0701516,-0.286884
0.828246,0.0642024,-0.282874
0.821195,0.0585788,-0.279957
0.825255,0.0537863,-0.281415
0.832076,0.0491147,-0.283967
0.84166,0.0445127,-0.287613
0.848428,0.0396607,-0.290165
0.843073,0.0342199,-0.287977
0.843267,0.0290462,-0.287977
0.840638,0.0237887,-0.286884
0.835182,0.0184988,-0.284696
0.824107,0.0131796,-0.280322
0.821379,0.00809133,-0.279228
0.815826,0.00302274,-0.277041
0.82421,-0.00199173,-0.280322
0.830701,-0.00709563,-0.282874
0.830642,-0.0121926,-0.282874
0.840792,-0.0174881,-0.286884
0.846254,-0.0227896,-0.289071
0.836791,-0.0276865,-0.285425
0.842189,-0.0330318,-0.287613
0.836389,-0.0379532,-0.285425
0.82684,-0.042618,-0.28178
0.827492,-0.0477429,-0.282144
0.816961,-0.0521808,-0.278134
0.824057,-0.0577027,-0.281051
0.830188,-0.0632441,-0.283603
0.835353,-0.0687877,-0.28579
0.829349,-0.073427,-0.283603
0.84279,-0.0798124,-0.289071
0.825606,-0.0833222,-0.282509
0.812115,-0.0870158,-0.277405
0.829148,-0.0939653,-0.284332
0.846126,-0.101127,-0.291258
0.860275,-0.108156,-0.297091
0.919612,-0.121272,-0.320787
0.967748,-0.133604,-0.340108
0.989955,-0.142838,-0.349222
1.02129,-0.153724,-0.361981
1.04333,-0.163569,-0.371095
1.06989,-0.174433,-0.382032
1.07063,-0.181304,-0.382761
1.075,-0.18883,-0.384948
1.09582,-0.199401,-0.393697
2.32562,-0.43663,-0.884019
2.32198,-0.450715,-0.883655
2.31643,-0.464406,-0.882561
2.31445,-0.478799,-0.882926
2.3142,-0.493572,-0.884019
2.30294,-0.505968,-0.880738
2.29525,-0.519065,-0.878916
2.29838,-0.534612,-0.881468
2.29596,-0.548921,-0.881832
2.29526,-0.563663,-0.882926
2.28634,-0.576373,-0.880738
2.27555,-0.588529,-0.877822
2.26649,-0.601051,-0.875635
2.24928,-0.61129,-0.870166
2.23562,-0.622338,-0.866156
0,0,0
0,0,0
0,0,0
0,0,0
0,0,0
2.26622,-0.721695,-0.888759
2.2582,-0.734436,-0.8873
2.25012,-0.747107,-0.885842
2.24549,-0.760899,-0.885842
2.23022,-0.771017,-0.881468
2.22193,-0.78345,-0.880009
2.21621,-0.796754,-0.879645
2.20341,-0.807458,-0.876364
2.20539,-0.823565,-0.87928
2.19072,-0.833444,-0.87527
2.15951,-0.83679,-0.864334
0,0,0
0,0,0
1.21353,-0.496647,-0.470982
0,0,0
1.17389,-0.497363,-0.456765
0,0,0
0,0,0
1.15177,-0.513213,-0.451296
1.15284,-0.522188,-0.453119
1.14454,-0.52692,-0.450932
1.11935,-0.523693,-0.441454
0,0,0
1.10529,-0.533753,-0.438173
1.0769,-0.528246,-0.427236
0,0,0
0,0,0
1.06036,-0.544582,-0.42432
1.05948,-0.552367,-0.425413
1.05607,-0.558857,-0.425413
1.06329,-0.571044,-0.430152
1.06304,-0.579337,-0.431611
1.07169,-0.592596,-0.437079
0,0,0
0,0,0
1.08885,-0.628489,-0.449838
1.08899,-0.637507,-0.451661
1.08265,-0.642753,-0.450567
1.09864,-0.661372,-0.459681
0,0,0
1.97937,-1.2238,-0.868708
2.0105,-1.26014,-0.886571
2.00902,-1.27644,-0.889488
1.99331,-1.28371,-0.885842
1.99632,-1.30303,-0.890946
1.99062,-1.3168,-0.892039
1.97863,-1.3264,-0.890217
1.97508,-1.34165,-0.892404
0,0,0
1.94242,-1.35461,-0.884748
1.94016,-1.3708,-0.887665
1.92186,-1.37563,-0.882926
1.91188,-1.38631,-0.882197
1.90259,-1.39746,-0.881832
1.89248,-1.408,-0.881103
1.89273,-1.4263,-0.885478
1.88765,-1.44071,-0.8873
1.87877,-1.45227,-0.8873
1.87423,-1.46721,-0.889488
1.86665,-1.47984,-0.890217
1.85754,-1.49127,-0.890217
1.84618,-1.50088,-0.889123
1.82615,-1.5033,-0.883655
1.80902,-1.50792,-0.879645
1.79617,-1.516,-0.877822
1.76134,-1.50522,-0.864698
1.75348,-1.51722,-0.865427
1.76166,-1.54328,-0.874541
1.75146,-1.55344,-0.874176
1.74605,-1.56789,-0.876364
1.73847,-1.58045,-0.877457
1.72668,-1.5892,-0.876364
1.71894,-1.60167,-0.877457
1.71518,-1.61793,-0.880738
1.69512,-1.61879,-0.87527
1.68314,-1.62722,-0.874176
1.67845,-1.64272,-0.877093
1.67297,-1.65757,-0.879645
1.66869,-1.67374,-0.882926
1.66231,-1.68793,-0.885113
1.64413,-1.69009,-0.880738
1.63179,-1.69813,-0.879645
1.62006,-1.70676,-0.878916
1.60828,-1.71531,-0.878187
1.60026,-1.72788,-0.879645
1.58396,-1.73149,-0.876364
1.57144,-1.7391,-0.87527
1.56632,-1.75496,-0.878551
1.55491,-1.76384,-0.878187
1.54283,-1.77194,-0.877457
1.54043,-1.79126,-0.882561
1.51976,-1.78932,-0.876728
1.51355,-1.80432,-0.879645
1.50066,-1.81142,-0.878551
1.48244,-1.81195,-0.874176
1.47481,-1.82536,-0.876364
1.46707,-1.83874,-0.878551
1.44538,-1.83454,-0.871989
1.44096,-1.85219,-0.876364
1.42446,-1.85436,-0.873083
1.41418,-1.86455,-0.873812
1.40886,-1.88138,-0.877822
1.38898,-1.87877,-0.872354
1.37358,-1.88199,-0.869802
1.36691,-1.89718,-0.873083
1.35578,-1.90629,-0.873447
1.34566,-1.91686,-0.874541
1.33494,-1.92661,-0.87527
1.32309,-1.93476,-0.87527
1.31067,-1.94207,-0.874906
1.2946,-1.94388,-0.871989
1.28521,-1.95568,-0.873812
1.27217,-1.96196,-0.873083
1.25709,-1.96503,-0.870896
1.24899,-1.979,-0.873812
1.24175,-1.99453,-0.877457
1.23388,-2.00925,-0.880738
1.22877,-2.02873,-0.886207
1.21534,-2.03463,-0.885478
1.2104,-2.05489,-0.89131
1.20011,-2.0663,-0.893133
1.18648,-2.07201,-0.892404
1.1765,-2.08411,-0.894591
1.16142,-2.08723,-0.892769
1.14725,-2.09186,-0.891675
1.13661,-2.10296,-0.893498
1.11974,-2.1025,-0.890217
1.10812,-2.1118,-0.89131
1.09771,-2.12352,-0.893498
1.08,-2.12109,-0.889488
1.06571,-2.12518,-0.888394
1.0605,-2.14754,-0.89532
1.04648,-2.15233,-0.894591
1.03084,-2.15368,-0.892404
1.01403,-2.15238,-0.889123
0.997671,-2.15181,-0.886207
0.982901,-2.1545,-0.884748
0.97119,-2.16389,-0.886207
0.953753,-2.16044,-0.882197
0.939736,-2.16454,-0.881468
0.935221,-2.19082,-0.890217
0.923204,-2.19995,-0.891675
0,0,0
0.90139,-2.22405,-0.897143
0.886003,-2.22522,-0.89532
0.865201,-2.2124,-0.887665
0,0,0
0,0,0
0,0,0
0.791555,-2.18046,-0.865792
0.776597,-2.18089,-0.863969
0,0,0
0,0,0
0,0,0
0,0,0
0,0,0
0,0,0
0,0,0
0,0,0
0,0,0
0,0,0
0,0,0
0,0,0
0,0,0
0,0,0
0,0,0
0,0,0
0,0,0
0,0,0
0,0,0
0,0,0
0,0,0
0,0,0
0,0,0
0,0,0
0,0,0
0,0,0
0,0,0
0,0,0
0,0,0
0,0,0
0,0,0
0,0,0
0,0,0
0,0,0
0,0,0
0,0,0
0,0,0
0,0,0
0,0,0
0,0,0
0,0,0
0,0,0
0,0,0
0,0,0
0,0,0
0,0,0
0,0,0
0,0,0
0,0,0
0,0,0
0,0,0
0,0,0
0,0,0
0,0,0
0,0,0
0,0,0
0,0,0
0,0,0
0,0,0
0,0,0
0,0,0
0,0,0
0,0,0
0,0,0
0,0,0
0,0,0
0,0,0
0,0,0
0,0,0
0,0,0
0,0,0
0,0,0
0,0,0
0,0,0
0,0,0
0,0,0
0,0,0
0,0,0
0,0,0
0,0,0
0,0,0
0,0,0
0,0,0
0,0,0
0,0,0
0,0,0
0,0,0
0,0,0
0,0,0
0,0,0
0,0,0
0,0,0
0,0,0
0,0,0
0,0,0
0,0,0
0,0,0
0,0,0
0,0,0
0,0,0
0,0,0
0,0,0
0,0,0
0,0,0
0,0,0
0,0,0
0,0,0
0,0,0
0,0,0
0,0,0
0,0,0
0,0,0
0,0,0
0,0,0
0,0,0
0,0,0
0,0,0
0,0,0
0,0,0
0,0,0
0,0,0
0,0,0
0,0,0
0,0,0
0,0,0
0,0,0
0,0,0
0,0,0
0,0,0
0,0,0
0,0,0
0,0,0
0,0,0
0,0,0
0,0,0
0,0,0
0,0,0
0,0,0
0,0,0
0,0,0
0,0,0
0,0,0
0,0,0
0,0,0
0,0,0
0,0,0
0,0,0
0,0,0
0,0,0
0,0,0
0,0,0
0,0,0
0,0,0
0,0,0
0,0,0
0,0,0
0,0,0
0,0,0
0,0,0
0,0,0
0,0,0
0,0,0
0,0,0
0,0,0
0,0,0
0,0,0
0,0,0
0,0,0
0,0,0
0,0,0
0,0,0
0,0,0
0,0,0
0,0,0
0,0,0
0,0,0
0,0,0
0,0,0
0,0,0
0,0,0
0,0,0
0,0,0
0,0,0
0,0,0
0,0,0
0,0,0
0,0,0
0,0,0
0,0,0
0,0,0
0,0,0
0,0,0
0,0,0
0,0,0
0,0,0
0,0,0
0,0,0
0,0,0
0,0,0
0,0,0
0,0,0
0,0,0
0,0,0
0,0,0
0,0,0
0,0,0
0,0,0
0,0,0
0,0,0
0,0,0
0,0,0
0,0,0
0,0,0
0,0,0
0,0,0
0,0,0
0,0,0
0,0,0
0,0,0
0,0,0
0,0,0
0,0,0
0,0,0
0,0,0
0,0,0
0,0,0
0,0,0
0,0,0
0,0,0
0,0,0
0,0,0
0,0,0
0,0,0
0,0,0
0,0,0
0,0,0
0,0,0
0,0,0
0,0,0
0,0,0
0,0,0
0,0,0
0,0,0
0,0,0
0,0,0
0,0,0
0,0,0
0,0,0
0,0,0
0,0,0
0,0,0
0,0,0
0,0,0
0,0,0
0,0,0
0,0,0
0,0,0
0,0,0
0,0,0
0,0,0
0,0,0
0,0,0
0,0,0
0,0,0
0,0,0
0,0,0
0,0,0
0,0,0
0,0,0
0,0,0
0,0,0
0,0,0
0,0,0
0,0,0
0,0,0
0,0,0
0,0,0
0,0,0
0,0,0
0,0,0
0,0,0
0,0,0
0,0,0
0,0,0
0,0,0
0,0,0
0,0,0
0,0,0
0,0,0
0,0,0
0,0,0
0,0,0
0,0,0
0,0,0
0,0,0
0,0,0
0,0,0
0,0,0
0,0,0
