x,y,z
0,0,0
0,0,0
0,0,0
0,0,0
0,0,0
0,0,0
0,0,0
0,0,0
0,0,0
0,0,0
0,0,0
0,0,0
0,0,0
0,0,0
0,0,0
0,0,0
0,0,0
0,0,0
0,0,0
0,0,0
0,0,0
0,0,0
0,0,0
0,0,0
0,0,0
0,0,0
0,0,0
0,0,0
0,0,0
0,0,0
0,0,0
0,0,0
0,0,0
0,0,0
0,0,0
0,0,0
0,0,0
0,0,0
0,0,0
0,0,0
0,0,0
0,0,0
0,0,0
0,0,0
0,0,0
0,0,0
0,0,0
0,0,0
0,0,0
0,0,0
0,0,0
0,0,0
0,0,0
0,0,0
0,0,0
0,0,0
0,0,0
0,0,0
0,0,0
0,0,0
0,0,0
0,0,0
0,0,0
0,0,0
0,0,0
0,0,0
0,0,0
0,0,0
0,0,0
0,0,0
0,0,0
0,0,0
0,0,0
0,0,0
0,0,0
0,0,0
0,0,0
0,0,0
0,0,0
0,0,0
0,0,0
0,0,0
0,0,0
0,0,0
0,0,0
0,0,0
0,0,0
0,0,0
0,0,0
0,0,0
0,0,0
0,0,0
0,0,0
0,0,0
0,0,0
0,0,0
0,0,0
0,0,0
0,0,0
0,0,0
0,0,0
0,0,0
0,0,0
0,0,0
0,0,0
0,0,0
0,0,0
0,0,0
0,0,0
0,0,0
0,0,0
0,0,0
0,0,0
0,0,0
0,0,0
0,0,0
0,0,0
0,0,0
0,0,0
0,0,0
0,0,0
0,0,0
0,0,0
0,0,0
0,0,0
0,0,0
0,0,0
0,0,0
0,0,0
0,0,0
0,0,0
0,0,0
0,0,0
0,0,0
0,0,0
0,0,0
0,0,0
0,0,0
0,0,0
0,0,0
0,0,0
0,0,0
0,0,0
0,0,0
0,0,0
0,0,0
0,0,0
0,0,0
0,0,0
0,0,0
0,0,0
0,0,0
0,0,0
0,0,0
0,0,0
0,0,0
0,0,0
0,0,0
0,0,0
0,0,0
0,0,0
0,0,0
0,0,0
0,0,0
0,0,0
0,0,0
0,0,0
0,0,0
0,0,0
0,0,0
0,0,0
0,0,0
0,0,0
0,0,0
0,0,0
0,0,0
0,0,0
0,0,0
0,0,0
0,0,0
0,0,0
0,0,0
0,0,0
0,0,0
0,0,0
0,0,0
0,0,0
0,0,0
0,0,0
0,0,0
0,0,0
0,0,0
0,0,0
0,0,0
0,0,0
0,0,0
0,0,0
0,0,0
0,0,0
0,0,0
0,0,0
0,0,0
0,0,0
0,0,0
0,0,0
0,0,0
0,0,0
0,0,0
0,0,0
0,0,0
0,0,0
0,0,0
0,0,0
0,0,0
0,0,0
0,0,0
0,0,0
0,0,0
0,0,0
0,0,0
0,0,0
0,0,0
0,0,0
0,0,0
0,0,0
0,0,0
0,0,0
0,0,0
0,0,0
0,0,0
0,0,0
0,0,0
0,0,0
0,0,0
0,0,0
0,0,0
0,0,0
0,0,0
0,0,0
0,0,0
0,0,0
0,0,0
0,0,0
0,0,0
0,0,0
0,0,0
0,0,0
0,0,0
0,0,0
0,0,0
0,0,0
0,0,0
0,0,0
0,0,0
0,0,0
0,0,0
0,0,0
0,0,0
0,0,0
0,0,0
0,0,0
0,0,0
0,0,0
0,0,0
0,0,0
0,0,0
0,0,0
0,0,0
0,0,0
0,0,0
0,0,0
0,0,0
0,0,0
0,0,0
0,0,0
0,0,0
0,0,0
0,0,0
0,0,0
0,0,0
0,0,0
0,0,0
0,0,0
0,0,0
0,0,0
0,0,0
0,0,0
0,0,0
0,0,0
0,0,0
0,0,0
0,0,0
0,0,0
0,0,0
0,0,0
0,0,0
0,0,0
0,0,0
0,0,0
0,0,0
0,0,0
0,0,0
0,0,0
0,0,0
0,0,0
0,0,0
0,0,0
0,0,0
0,0,0
0,0,0
0,0,0
0,0,0
0,0,0
0,0,0
0,0,0
0,0,0
0,0,0
0,0,0
0,0,0
0,0,0
0,0,0
0,0,0
0,0,0
0,0,0
0,0,0
0,0,0
0,0,0
0,0,0
0,0,0
0,0,0
0,0,0
0,0,0
0,0,0
0,0,0
0,0,0
0,0,0
0,0,0
0,0,0
0,0,0
0,0,0
0,0,0
0,0,0
0,0,0
0,0,0
0,0,0
0,0,0
0,0,0
0,0,0
0,0,0
0,0,0
0,0,0
0,0,0
0,0,0
0,0,0
0,0,0
0,0,0
0,0,0
0,0,0
0,0,0
0,0,0
0,0,0
0,0,0
0,0,0
0,0,0
0,0,0
0,0,0
0,0,0
0,0,0
0,0,0
0,0,0
0,0,0
0,0,0
0,0,0
0,0,0
0,0,0
0,0,0
0,0,0
0,0,0
0,0,0
0,0,0
0,0,0
0,0,0
0,0,0
0,0,0
0,0,0
0,0,0
0,0,0
0,0,0
0,0,0
0,0,0
0,0,0
0,0,0
0,0,0
0,0,0
0,0,0
0,0,0
0,0,0
0,0,0
0,0,0
0,0,0
0,0,0
0,0,0
0,0,0
0,0,0
0,0,0
0,0,0
0,0,0
0,0,0
0,0,0
0,0,0
0,0,0
0,0,0
0,0,0
0,0,0
0,0,0
0,0,0
0,0,0
0,0,0
0,0,0
0,0,0
0,0,0
0,0,0
0,0,0
0,0,0
0,0,0
0,0,0
0,0,0
0,0,0
0,0,0
0,0,0
0,0,0
0,0,0
0,0,0
0,0,0
0,0,0
0,0,0
0,0,0
0,0,0
0,0,0
0,0,0
0,0,0
0,0,0
0,0,0
0,0,0
0,0,0
0,0,0
0,0,0
0,0,0
0,0,0
0,0,0
0,0,0
0,0,0
0,0,0
0,0,0
0,0,0
0,0,0
0,0,0
0,0,0
0,0,0
0,0,0
0,0,0
0,0,0
0,0,0
0,0,0
0,0,0
0,0,0
0,0,0
0,0,0
0,0,0
0,0,0
0,0,0
0,0,0
0,0,0
0,0,0
0,0,0
0,0,0
0,0,0
0,0,0
0,0,0
0,0,0
0,0,0
0,0,0
0,0,0
0,0,0
0,0,0
0,0,0
0,0,0
0,0,0
0,0,0
0,0,0
0,0,0
0,0,0
0,0,0
0,0,0
0,0,0
0,0,0
0,0,0
0,0,0
0,0,0
0,0,0
0,0,0
0,0,0
0,0,0
0,0,0
0,0,0
0,0,0
0,0,0
0,0,0
0,0,0
0,0,0
0,0,0
0,0,0
0,0,0
0,0,0
0,0,0
0,0,0
0,0,0
0,0,0
0,0,0
0,0,0
0,0,0
0,0,0
0,0,0
0,0,0
0,0,0
0,0,0
0,0,0
0,0,0
0,0,0
0,0,0
0,0,0
0,0,0
0,0,0
0,0,0
0,0,0
0,0,0
0,0,0
0,0,0
0,0,0
0,0,0
0,0,0
0,0,0
0,0,0
0,0,0
0,0,0
0,0,0
0,0,0
0,0,0
0,0,0
0,0,0
0,0,0
0,0,0
0,0,0
0,0,0
0,0,0
0,0,0
0,0,0
0,0,0
0,0,0
0,0,0
0,0,0
0,0,0
0,0,0
0,0,0
0,0,0
0,0,0
0,0,0
0,0,0
0,0,0
0,0,0
0,0,0
0,0,0
0,0,0
0,0,0
0,0,0
0,0,0
0,0,0
0,0,0
0,0,0
0,0,0
0,0,0
0,0,0
0,0,0
0,0,0
0,0,0
0,0,0
0,0,0
0,0,0
0,0,0
0,0,0
0,0,0
0,0,0
0,0,0
0,0,0
0,0,0
0,0,0
0,0,0
0,0,0
0,0,0
0,0,0
0,0,0
0,0,0
0,0,0
0,0,0
0,0,0
0,0,0
0,0,0
0,0,0
0,0,0
0,0,0
0,0,0
0,0,0
0,0,0
0,0,0
0,0,0
0,0,0
0,0,0
0,0,0
0,0,0
0,0,0
0,0,0
0,0,0
0,0,0
0,0,0
0,0,0
0,0,0
0,0,0
0,0,0
0,0,0
0,0,0
0,0,0
0,0,0
0,0,0
0,0,0
0,0,0
0,0,0
0,0,0
0,0,0
0,0,0
0,0,0
0,0,0
0,0,0
0,0,0
0,0,0
0,0,0
0,0,0
0,0,0
0,0,0
0,0,0
0,0,0
0,0,0
0,0,0
0,0,0
0,0,0
0,0,0
0,0,0
0,0,0
0,0,0
0,0,0
0,0,0
0,0,0
0,0,0
0,0,0
0,0,0
0,0,0
0,0,0
0,0,0
0,0,0
0,0,0
0,0,0
0,0,0
0,0,0
0,0,0
0,0,0
0,0,0
0,0,0
0,0,0
0,0,0
0,0,0
0,0,0
0,0,0
0,0,0
0,0,0
0,0,0
0,0,0
0,0,0
0,0,0
0,0,0
0,0,0
0,0,0
0,0,0
0,0,0
0,0,0
0,0,0
0,0,0
0,0,0
0,0,0
0,0,0
0,0,0
0,0,0
0,0,0
0,0,0
0,0,0
0,0,0
0,0,0
0,0,0
0,0,0
0,0,0
0,0,0
0,0,0
0,0,0
0,0,0
0,0,0
0,0,0
0,0,0
0,0,0
0,0,0
0,0,0
0,0,0
0,0,0
0,0,0
0,0,0
0,0,0
0,0,0
0,0,0
0,0,0
0,0,0
0,0,0
0,0,0
0,0,0
0,0,0
0,0,0
0,0,0
0,0,0
0,0,0
0,0,0
0,0,0
0,0,0
0,0,0
0,0,0
0,0,0
0,0,0
0,0,0
0,0,0
0,0,0
0,0,0
0,0,0
0,0,0
0,0,0
0,0,0
0,0,0
0,0,0
0,0,0
0,0,0
0,0,0
0,0,0
0,0,0
0,0,0
0,0,0
0,0,0
0,0,0
0,0,0
0,0,0
0,0,0
0,0,0
0,0,0
0,0,0
0,0,0
0,0,0
0,0,0
0,0,0
0,0,0
0,0,0
0,0,0
0,0,0
0,0,0
0,0,0
0,0,0
0,0,0
0,0,0
0,0,0
0,0,0
0,0,0
0,0,0
0,0,0
0,0,0
0,0,0
0,0,0
0,0,0
0,0,0
0,0,0
0,0,0
0,0,0
0,0,0
0,0,0
0,0,0
0,0,0
0,0,0
0,0,0
0,0,0
0,0,0
0,0,0
0,0,0
0,0,0
0,0,0
0,0,0
0,0,0
0,0,0
0,0,0
0,0,0
0,0,0
0,0,0
0,0,0
0,0,0
0,0,0
0,0,0
0,0,0
0,0,0
0,0,0
0,0,0
0,0,0
0,0,0
0,0,0
0,0,0
0,0,0
0,0,0
0,0,0
0,0,0
0,0,0
0,0,0
0,0,0
0,0,0
0,0,0
0,0,0
0,0,0
0,0,0
0,0,0
0,0,0
0,0,0
0,0,0
0,0,0
0,0,0
0,0,0
0,0,0
0,0,0
0,0,0
0,0,0
0,0,0
0,0,0
0,0,0
0,0,0
0,0,0
0,0,0
0,0,0
0,0,0
0,0,0
0,0,0
0,0,0
0,0,0
0,0,0
0,0,0
0,0,0
0,0,0
0,0,0
0,0,0
0,0,0
0,0,0
0,0,0
0,0,0
0,0,0
0,0,0
0,0,0
0,0,0
0,0,0
0,0,0
0,0,0
0,0,0
0,0,0
0,0,0
0,0,0
0,0,0
0,0,0
0,0,0
0,0,0
0,0,0
0,0,0
0,0,0
0,0,0
0,0,0
0,0,0
0,0,0
0,0,0
0,0,0
0,0,0
0,0,0
0,0,0
0,0,0
0,0,0
0,0,0
0,0,0
0,0,0
0,0,0
0,0,0
0,0,0
0,0,0
0,0,0
0,0,0
0,0,0
0,0,0
0,0,0
0,0,0
0,0,0
0,0,0
0,0,0
0,0,0
0,0,0
0,0,0
0,0,0
0,0,0
0,0,0
0,0,0
0,0,0
0,0,0
0,0,0
0,0,0
0,0,0
0,0,0
0,0,0
0,0,0
0,0,0
0,0,0
0,0,0
0,0,0
0,0,0
0,0,0
0,0,0
0,0,0
0,0,0
0,0,0
0,0,0
0,0,0
0,0,0
0,0,0
0,0,0
0,0,0
0,0,0
0,0,0
0,0,0
0,0,0
0,0,0
0,0,0
0,0,0
0,0,0
0,0,0
0,0,0
0,0,0
0,0,0
0,0,0
0,0,0
0,0,0
0,0,0
0,0,0
0,0,0
0,0,0
0,0,0
0,0,0
0,0,0
0,0,0
0,0,0
0,0,0
0,0,0
0,0,0
0,0,0
0,0,0
0,0,0
0,0,0
0,0,0
0,0,0
0,0,0
0,0,0
0,0,0
0,0,0
0,0,0
0,0,0
0,0,0
0,0,0
0,0,0
0,0,0
0,0,0
0,0,0
0,0,0
0,0,0
0,0,0
0,0,0
0,0,0
0,0,0
0,0,0
0,0,0
0,0,0
0,0,0
0,0,0
0,0,0
0,0,0
0,0,0
0,0,0
0,0,0
0,0,0
0,0,0
0,0,0
0,0,0
0,0,0
0,0,0
0,0,0
0,0,0
0,0,0
0,0,0
0,0,0
0,0,0
0,0,0
0,0,0
0,0,0
0,0,0
0,0,0
0,0,0
0,0,0
0,0,0
0,0,0
0,0,0
0,0,0
0,0,0
0,0,0
0,0,0
0,0,0
0,0,0
0,0,0
0,0,0
0,0,0
0,0,0
0,0,0
0,0,0
0,0,0
0,0,0
0,0,0
0,0,0
0,0,0
0,0,0
0,0,0
0,0,0
0,0,0
0,0,0
0,0,0
0,0,0
0,0,0
0,0,0
0,0,0
0,0,0
0,0,0
0,0,0
0,0,0
0,0,0
0,0,0
0,0,0
0,0,0
0,0,0
0,0,0
0,0,0
0,0,0
0,0,0
0,0,0
0,0,0
0,0,0
0,0,0
0,0,0
0,0,0
0,0,0
0,0,0
0,0,0
0,0,0
0,0,0
0,0,0
0,0,0
0,0,0
0,0,0
0,0,0
0,0,0
0,0,0
0,0,0
0,0,0
0,0,0
0,0,0
0,0,0
0,0,0
0,0,0
0,0,0
0,0,0
0,0,0
0,0,0
0,0,0
0,0,0
0,0,0
0,0,0
0,0,0
0,0,0
0,0,0
0,0,0
0,0,0
0,0,0
0,0,0
0,0,0
0,0,0
0,0,0
0,0,0
0,0,0
0,0,0
0,0,0
0,0,0
0,0,0
0,0,0
0,0,0
0,0,0
0,0,0
0,0,0
0,0,0
0,0,0
0,0,0
0,0,0
0,0,0
0,0,0
0,0,0
0,0,0
0,0,0
0,0,0
0,0,0
0,0,0
0,0,0
0,0,0
0,0,0
0,0,0
0,0,0
0,0,0
0,0,0
0,0,0
0,0,0
0,0,0
0,0,0
0,0,0
0,0,0
0,0,0
0,0,0
0,0,0
0,0,0
0,0,0
0,0,0
0,0,0
0,0,0
0,0,0
0,0,0
0,0,0
0,0,0
0,0,0
0,0,0
0,0,0
0,0,0
0,0,0
0,0,0
0,0,0
0,0,0
0,0,0
0,0,0
0,0,0
0,0,0
0,0,0
0,0,0
0,0,0
0,0,0
0,0,0
0,0,0
0,0,0
0,0,0
0,0,0
0,0,0
0,0,0
0,0,0
0,0,0
0,0,0
0,0,0
0,0,0
0,0,0
0,0,0
0,0,0
0,0,0
0,0,0
0,0,0
0,0,0
0,0,0
0,0,0
0,0,0
0,0,0
0,0,0
0,0,0
0,0,0
0,0,0
0,0,0
0,0,0
0,0,0
0,0,0
0,0,0
0,0,0
0,0,0
0,0,0
0,0,0
0,0,0
0,0,0
0,0,0
0,0,0
0,0,0
0,0,0
0,0,0
0,0,0
0,0,0
0,0,0
0,0,0
0,0,0
0,0,0
0,0,0
0,0,0
0,0,0
0,0,0
0,0,0
0,0,0
0,0,0
0,0,0
0,0,0
0,0,0
0,0,0
0,0,0
0,0,0
0,0,0
0,0,0
0,0,0
0,0,0
0,0,0
0,0,0
0,0,0
0,0,0
0,0,0
0,0,0
0,0,0
0,0,0
0,0,0
0,0,0
0,0,0
0,0,0
0,0,0
0,0,0
0,0,0
0,0,0
0,0,0
0,0,0
0,0,0
0,0,0
0,0,0
0,0,0
0,0,0
0,0,0
0,0,0
0,0,0
0,0,0
0,0,0
0,0,0
0,0,0
0,0,0
0,0,0
0,0,0
0,0,0
0,0,0
0,0,0
0,0,0
0,0,0
0,0,0
0,0,0
0,0,0
0,0,0
0,0,0
0,0,0
0,0,0
0,0,0
0,0,0
0,0,0
0,0,0
0,0,0
0,0,0
0,0,0
0,0,0
0,0,0
0,0,0
0,0,0
0,0,0
0,0,0
0,0,0
0,0,0
0,0,0
0,0,0
0,0,0
0,0,0
0,0,0
0,0,0
0,0,0
0,0,0
0,0,0
0,0,0
0,0,0
0,0,0
0,0,0
0,0,0
0,0,0
0,0,0
0,0,0
0,0,0
0,0,0
0,0,0
0,0,0
0,0,0
0,0,0
0,0,0
0,0,0
0,0,0
0,0,0
0,0,0
0,0,0
0,0,0
0,0,0
0,0,0
0,0,0
0,0,0
0,0,0
0,0,0
0,0,0
0,0,0
0,0,0
0,0,0
0,0,0
0,0,0
0,0,0
0,0,0
0,0,0
0,0,0
0,0,0
0,0,0
0,0,0
0,0,0
0,0,0
0,0,0
0,0,0
0,0,0
0,0,0
0,0,0
0,0,0
0,0,0
0,0,0
0,0,0
0,0,0
0,0,0
0,0,0
0,0,0
0,0,0
0,0,0
0,0,0
0,0,0
0,0,0
0,0,0
0,0,0
0,0,0
0,0,0
0,0,0
0,0,0
0,0,0
0,0,0
0,0,0
0,0,0
0,0,0
0,0,0
0,0,0
0,0,0
0,0,0
0,0,0
0,0,0
0,0,0
0,0,0
0,0,0
0,0,0
0,0,0
0,0,0
0,0,0
0,0,0
0,0,0
0,0,0
0,0,0
0,0,0
0,0,0
0,0,0
0,0,0
0,0,0
0,0,0
0,0,0
0,0,0
0,0,0
0,0,0
0,0,0
0,0,0
0,0,0
0,0,0
0,0,0
0,0,0
0,0,0
0,0,0
0,0,0
0,0,0
0,0,0
0,0,0
0,0,0
0,0,0
0,0,0
0,0,0
0,0,0
0,0,0
0,0,0
0,0,0
0,0,0
0,0,0
0,0,0
0,0,0
0,0,0
0,0,0
0,0,0
0,0,0
0,0,0
0,0,0
0,0,0
0,0,0
0,0,0
0,0,0
0,0,0
0,0,0
0,0,0
0,0,0
0,0,0
0,0,0
0,0,0
0,0,0
0,0,0
0,0,0
0,0,0
0,0,0
0,0,0
0,0,0
0,0,0
0,0,0
0,0,0
0,0,0
0,0,0
0,0,0
0,0,0
0,0,0
0,0,0
0,0,0
0,0,0
0,0,0
0,0,0
0,0,0
0,0,0
0,0,0
0,0,0
0,0,0
0,0,0
0,0,0
0,0,0
0,0,0
0,0,0
0,0,0
0,0,0
0,0,0
0,0,0
0,0,0
0,0,0
0,0,0
0,0,0
0,0,0
0,0,0
0,0,0
0,0,0
0,0,0
0,0,0
0,0,0
0,0,0
0,0,0
0,0,0
0,0,0
0,0,0
0,0,0
0,0,0
0,0,0
0,0,0
0,0,0
0,0,0
0,0,0
0,0,0
0,0,0
0,0,0
0,0,0
0,0,0
0,0,0
0,0,0
0,0,0
0,0,0
0,0,0
0,0,0
0,0,0
0,0,0
0,0,0
0,0,0
0,0,0
0,0,0
0,0,0
0,0,0
0,0,0
0,0,0
0,0,0
0,0,0
0,0,0
0,0,0
0,0,0
0,0,0
0,0,0
0,0,0
0,0,0
0,0,0
0,0,0
0,0,0
0,0,0
0,0,0
0,0,0
0,0,0
0,0,0
0,0,0
0,0,0
0,0,0
0,0,0
0,0,0
0,0,0
0,0,0
0,0,0
0,0,0
0,0,0
0,0,0
0,0,0
0,0,0
0,0,0
0,0,0
0,0,0
0,0,0
0,0,0
0,0,0
0,0,0
0,0,0
0,0,0
0,0,0
0,0,0
0,0,0
0,0,0
0,0,0
0,0,0
0,0,0
0,0,0
0,0,0
0,0,0
0,0,0
0,0,0
0,0,0
0,0,0
0,0,0
0,0,0
0,0,0
0,0,0
0,0,0
0,0,0
0,0,0
0,0,0
0,0,0
0,0,0
0,0,0
0,0,0
0,0,0
0,0,0
0,0,0
0,0,0
0,0,0
0,0,0
0,0,0
0,0,0
0,0,0
0,0,0
0,0,0
0,0,0
0,0,0
0,0,0
0,0,0
0,0,0
0,0,0
0,0,0
0,0,0
0,0,0
0,0,0
0,0,0
0,0,0
0,0,0
0,0,0
0,0,0
0,0,0
0,0,0
0,0,0
0,0,0
0,0,0
0,0,0
0,0,0
0,0,0
0,0,0
0,0,0
0,0,0
0,0,0
0,0,0
0,0,0
0,0,0
0,0,0
0,0,0
0,0,0
0,0,0
0,0,0
0,0,0
0,0,0
0,0,0
0,0,0
0,0,0
0,0,0
0,0,0
0,0,0
0,0,0
0,0,0
0,0,0
0,0,0
0,0,0
0,0,0
0,0,0
0,0,0
0,0,0
0,0,0
0,0,0
0,0,0
0,0,0
0,0,0
0,0,0
0,0,0
0,0,0
0,0,0
0,0,0
0,0,0
0,0,0
0,0,0
0,0,0
0,0,0
0,0,0
0,0,0
0,0,0
0,0,0
0,0,0
0,0,0
0,0,0
0,0,0
0,0,0
0,0,0
0,0,0
0,0,0
0,0,0
0,0,0
0,0,0
0,0,0
0,0,0
0,0,0
0,0,0
0,0,0
0,0,0
0,0,0
0,0,0
0,0,0
0,0,0
0,0,0
0,0,0
0,0,0
0,0,0
0,0,0
0,0,0
0,0,0
0,0,0
0,0,0
0,0,0
0,0,0
0,0,0
0,0,0
0,0,0
0,0,0
0,0,0
0,0,0
0,0,0
0,0,0
0,0,0
0,0,0
0,0,0
0,0,0
0,0,0
0,0,0
0,0,0
0,0,0
0,0,0
0,0,0
0,0,0
0,0,0
0,0,0
0,0,0
0,0,0
0,0,0
0,0,0
0,0,0
0,0,0
0,0,0
0,0,0
0,0,0
0,0,0
0,0,0
0,0,0
0,0,0
0,0,0
0,0,0
0,0,0
0,0,0
0,0,0
0,0,0
0,0,0
0,0,0
0,0,0
0,0,0
0,0,0
0,0,0
0,0,0
0,0,0
0,0,0
0,0,0
0,0,0
0,0,0
0,0,0
0,0,0
0,0,0
0,0,0
0,0,0
0,0,0
0,0,0
0,0,0
0,0,0
0,0,0
0,0,0
0,0,0
0,0,0
0,0,0
0,0,0
0,0,0
0,0,0
0,0,0
0,0,0
0,0,0
0,0,0
0,0,0
0,0,0
0,0,0
0,0,0
0,0,0
0,0,0
0,0,0
0,0,0
0,0,0
0,0,0
0,0,0
0,0,0
0,0,0
0,0,0
0,0,0
0,0,0
0,0,0
0,0,0
0,0,0
0,0,0
0,0,0
0,0,0
0,0,0
0,0,0
0,0,0
0,0,0
0,0,0
0,0,0
0,0,0
0,0,0
0,0,0
0,0,0
0,0,0
0,0,0
0,0,0
0,0,0
0,0,0
0,0,0
0,0,0
0,0,0
0,0,0
0,0,0
0,0,0
0,0,0
0,0,0
0,0,0
0,0,0
0,0,0
0,0,0
0,0,0
0,0,0
0,0,0
0,0,0
0,0,0
0,0,0
0,0,0
0,0,0
0,0,0
0,0,0
0,0,0
0,0,0
0,0,0
0,0,0
0,0,0
0,0,0
0,0,0
0,0,0
0,0,0
0,0,0
0,0,0
0,0,0
0,0,0
0,0,0
0,0,0
0,0,0
0,0,0
0,0,0
0,0,0
0,0,0
0,0,0
0,0,0
0,0,0
0,0,0
0,0,0
0,0,0
0,0,0
0,0,0
0,0,0
0,0,0
0,0,0
0,0,0
0,0,0
0,0,0
0,0,0
0,0,0
0,0,0
0,0,0
0,0,0
0,0,0
0,0,0
0,0,0
0,0,0
0,0,0
0,0,0
0,0,0
0,0,0
0,0,0
0,0,0
0,0,0
0,0,0
0,0,0
0,0,0
0,0,0
0,0,0
0,0,0
0,0,0
0,0,0
0,0,0
0,0,0
0,0,0
0,0,0
0,0,0
0,0,0
0,0,0
0,0,0
0,0,0
0,0,0
0,0,0
0,0,0
0,0,0
0,0,0
0,0,0
0,0,0
0,0,0
0,0,0
0,0,0
0,0,0
0,0,0
0,0,0
0,0,0
0,0,0
0,0,0
0,0,0
0,0,0
0,0,0
0,0,0
0,0,0
0,0,0
0,0,0
0,0,0
0,0,0
0,0,0
0,0,0
0,0,0
0,0,0
0,0,0
0,0,0
0,0,0
0,0,0
0,0,0
0,0,0
0,0,0
0,0,0
0,0,0
0,0,0
0,0,0
0,0,0
0,0,0
0,0,0
0,0,0
0,0,0
0,0,0
0,0,0
0,0,0
0,0,0
0,0,0
0,0,0
0,0,0
0,0,0
0,0,0
0,0,0
0,0,0
0,0,0
0,0,0
0,0,0
0,0,0
0,0,0
0,0,0
0,0,0
0,0,0
0,0,0
0,0,0
0,0,0
0,0,0
0,0,0
0,0,0
0,0,0
0,0,0
0,0,0
0,0,0
0,0,0
0,0,0
0,0,0
0,0,0
0,0,0
0,0,0
0,0,0
0,0,0
0,0,0
0,0,0
0,0,0
0,0,0
0,0,0
0,0,0
0,0,0
0,0,0
0,0,0
0,0,0
0,0,0
0,0,0
0,0,0
0,0,0
0,0,0
0,0,0
0,0,0
0,0,0
0,0,0
0,0,0
0,0,0
0,0,0
0,0,0
0,0,0
0,0,0
0,0,0
0,0,0
0,0,0
0,0,0
0,0,0
0,0,0
0,0,0
0,0,0
0,0,0
0,0,0
0,0,0
0,0,0
0,0,0
0,0,0
0,0,0
0,0,0
0,0,0
0,0,0
0,0,0
0,0,0
0,0,0
0,0,0
0,0,0
0,0,0
0,0,0
0,0,0
0,0,0
0,0,0
0,0,0
0,0,0
0,0,0
0,0,0
0,0,0
0,0,0
0,0,0
0,0,0
0,0,0
0,0,0
0,0,0
0,0,0
0,0,0
0,0,0
0,0,0
0,0,0
0,0,0
0,0,0
0,0,0
0,0,0
0,0,0
0,0,0
0,0,0
0,0,0
0,0,0
0,0,0
0,0,0
0,0,0
0,0,0
0,0,0
0,0,0
0,0,0
0,0,0
0,0,0
0,0,0
0,0,0
0,0,0
0,0,0
0,0,0
0,0,0
0,0,0
0,0,0
0,0,0
0,0,0
0,0,0
0,0,0
0,0,0
0,0,0
0,0,0
0,0,0
0,0,0
0,0,0
0,0,0
0,0,0
0,0,0
0,0,0
0,0,0
0,0,0
0,0,0
0,0,0
0,0,0
0,0,0
0,0,0
0,0,0
0,0,0
0,0,0
0,0,0
0,0,0
0,0,0
0,0,0
0,0,0
0,0,0
0,0,0
0,0,0
0,0,0
0,0,0
0,0,0
0,0,0
0,0,0
0,0,0
0,0,0
0,0,0
0,0,0
0,0,0
0,0,0
0,0,0
0,0,0
0,0,0
0,0,0
0,0,0
0,0,0
0,0,0
0,0,0
0,0,0
0,0,0
0,0,0
0,0,0
0,0,0
0,0,0
0,0,0
0,0,0
0,0,0
0,0,0
0,0,0
0,0,0
0,0,0
0,0,0
0,0,0
0,0,0
0,0,0
0,0,0
0,0,0
0,0,0
0,0,0
0,0,0
0,0,0
0,0,0
0,0,0
0,0,0
0,0,0
0,0,0
0,0,0
0,0,0
0,0,0
0,0,0
0,0,0
0,0,0
0,0,0
0,0,0
0,0,0
0,0,0
0,0,0
0,0,0
0,0,0
0,0,0
0,0,0
0,0,0
0,0,0
0,0,0
0,0,0
0,0,0
0,0,0
0,0,0
0,0,0
0,0,0
0,0,0
0,0,0
0,0,0
0,0,0
0,0,0
0,0,0
0,0,0
0,0,0
0,0,0
0,0,0
0,0,0
0,0,0
0,0,0
0,0,0
0,0,0
0,0,0
0,0,0
0,0,0
0,0,0
0,0,0
0,0,0
0,0,0
0,0,0
0,0,0
0,0,0
0,0,0
0,0,0
0,0,0
0,0,0
0,0,0
0,0,0
0,0,0
0,0,0
0,0,0
0,0,0
0,0,0
0,0,0
0,0,0
0,0,0
0,0,0
0,0,0
0,0,0
0,0,0
0,0,0
0,0,0
0,0,0
0,0,0
0,0,0
0,0,0
0,0,0
0,0,0
0,0,0
0,0,0
0,0,0
0,0,0
0,0,0
0,0,0
0,0,0
0,0,0
0,0,0
0,0,0
0,0,0
0,0,0
0,0,0
0,0,0
0,0,0
0,0,0
0,0,0
0,0,0
0,0,0
0,0,0
0,0,0
0,0,0
0,0,0
0,0,0
0,0,0
0,0,0
0,0,0
0,0,0
0,0,0
0,0,0
0,0,0
0,0,0
0,0,0
0,0,0
0,0,0
0,0,0
0,0,0
0,0,0
0,0,0
0,0,0
0,0,0
0,0,0
0,0,0
0,0,0
0,0,0
0,0,0
0,0,0
0,0,0
0,0,0
0,0,0
0,0,0
0,0,0
0,0,0
0,0,0
0,0,0
0,0,0
0,0,0
0,0,0
0,0,0
0,0,0
0,0,0
0,0,0
0,0,0
0,0,0
0,0,0
0,0,0
0,0,0
0,0,0
0,0,0
0,0,0
0,0,0
0,0,0
0,0,0
0,0,0
0,0,0
0,0,0
0,0,0
0,0,0
0,0,0
0,0,0
0,0,0
0,0,0
0,0,0
0,0,0
0,0,0
0,0,0
0,0,0
0,0,0
0,0,0
0,0,0
0,0,0
0,0,0
0,0,0
0,0,0
0,0,0
0,0,0
0,0,0
0,0,0
0,0,0
0,0,0
0,0,0
0,0,0
0,0,0
0,0,0
0,0,0
0,0,0
0,0,0
0,0,0
0,0,0
0,0,0
0,0,0
0,0,0
0,0,0
0,0,0
0,0,0
0,0,0
0,0,0
0,0,0
0,0,0
0,0,0
0,0,0
0,0,0
0,0,0
0,0,0
0,0,0
0,0,0
0,0,0
0,0,0
0,0,0
0,0,0
0,0,0
0,0,0
0,0,0
0,0,0
0,0,0
0,0,0
0,0,0
0,0,0
0,0,0
0,0,0
0,0,0
0,0,0
0,0,0
0,0,0
0,0,0
0,0,0
0,0,0
0,0,0
0,0,0
0,0,0
0,0,0
0,0,0
0,0,0
0,0,0
0,0,0
0,0,0
0,0,0
0,0,0
0,0,0
0,0,0
0,0,0
0,0,0
0,0,0
0,0,0
0,0,0
0,0,0
0,0,0
0,0,0
0,0,0
0,0,0
0,0,0
0,0,0
0,0,0
0,0,0
0,0,0
0,0,0
0,0,0
0,0,0
0,0,0
0,0,0
0,0,0
0,0,0
0,0,0
0,0,0
0,0,0
0,0,0
0,0,0
0,0,0
0,0,0
0,0,0
0,0,0
0,0,0
0,0,0
0,0,0
0,0,0
0,0,0
0,0,0
0,0,0
0,0,0
0,0,0
0,0,0
0,0,0
0,0,0
0,0,0
0,0,0
0,0,0
0,0,0
0,0,0
0,0,0
0,0,0
0,0,0
0,0,0
0,0,0
0,0,0
0,0,0
0,0,0
0,0,0
0,0,0
0,0,0
0,0,0
0,0,0
0,0,0
0,0,0
0,0,0
0,0,0
0,0,0
0,0,0
0,0,0
0,0,0
0,0,0
0,0,0
0,0,0
0,0,0
0,0,0
0,0,0
0,0,0
0,0,0
0,0,0
0,0,0
0,0,0
0,0,0
0,0,0
0,0,0
0,0,0
0,0,0
0,0,0
0,0,0
0,0,0
0,0,0
0,0,0
0,0,0
0,0,0
0,0,0
0,0,0
0,0,0
0,0,0
0,0,0
0,0,0
0,0,0
0,0,0
0,0,0
0,0,0
0,0,0
0,0,0
0,0,0
0,0,0
0,0,0
0,0,0
0,0,0
0,0,0
0,0,0
0,0,0
0,0,0
0,0,0
0,0,0
0,0,0
0,0,0
0,0,0
0,0,0
0,0,0
0,0,0
0,0,0
0,0,0
0,0,0
0,0,0
0,0,0
0,0,0
0,0,0
0,0,0
0,0,0
0,0,0
0,0,0
0,0,0
0,0,0
0,0,0
0,0,0
0,0,0
0,0,0
0,0,0
0,0,0
0,0,0
0,0,0
0,0,0
0,0,0
0,0,0
0,0,0
0,0,0
0,0,0
0,0,0
0,0,0
0,0,0
0,0,0
0,0,0
0,0,0
0,0,0
0,0,0
0,0,0
0,0,0
0,0,0
0,0,0
0,0,0
0,0,0
0,0,0
0,0,0
0,0,0
0,0,0
0,0,0
0,0,0
0,0,0
0,0,0
0,0,0
0,0,0
0,0,0
0,0,0
0,0,0
0,0,0
0,0,0
0,0,0
0,0,0
0,0,0
0,0,0
0,0,0
0,0,0
0,0,0
0,0,0
0,0,0
0,0,0
0,0,0
0,0,0
0,0,0
0,0,0
0,0,0
0,0,0
0,0,0
0,0,0
0,0,0
0,0,0
0,0,0
0,0,0
0,0,0
0,0,0
0,0,0
0,0,0
0,0,0
0,0,0
0,0,0
0,0,0
0,0,0
0,0,0
0,0,0
0,0,0
0,0,0
0,0,0
0,0,0
0,0,0
0,0,0
0,0,0
0,0,0
0,0,0
0,0,0
0,0,0
0,0,0
0,0,0
0,0,0
0,0,0
0,0,0
0,0,0
0,0,0
0,0,0
0,0,0
0,0,0
0,0,0
0,0,0
0,0,0
0,0,0
0,0,0
0,0,0
0,0,0
0,0,0
0,0,0
0,0,0
0,0,0
0,0,0
0,0,0
0,0,0
0,0,0
0,0,0
0,0,0
0,0,0
0,0,0
0,0,0
0,0,0
0,0,0
0,0,0
0,0,0
0,0,0
0,0,0
0,0,0
0,0,0
0,0,0
0,0,0
0,0,0
0,0,0
0,0,0
0,0,0
0,0,0
0,0,0
0,0,0
0,0,0
0,0,0
0,0,0
0,0,0
0,0,0
0,0,0
0,0,0
0,0,0
0,0,0
0,0,0
0,0,0
0,0,0
0,0,0
0,0,0
0,0,0
0,0,0
0,0,0
0,0,0
0,0,0
0,0,0
0,0,0
0,0,0
0,0,0
0,0,0
0,0,0
0,0,0
0,0,0
0,0,0
0,0,0
0,0,0
0,0,0
0,0,0
0,0,0
0,0,0
0,0,0
0,0,0
0,0,0
0,0,0
0,0,0
0,0,0
0,0,0
0,0,0
0,0,0
0,0,0
0,0,0
0,0,0
0,0,0
0,0,0
0,0,0
0,0,0
0,0,0
0,0,0
0,0,0
0,0,0
0,0,0
0,0,0
0,0,0
0,0,0
0,0,0
0,0,0
0,0,0
0,0,0
0,0,0
0,0,0
0,0,0
0,0,0
0,0,0
0,0,0
0,0,0
0,0,0
0,0,0
0,0,0
0,0,0
0,0,0
0,0,0
0,0,0
0,0,0
0,0,0
0,0,0
0,0,0
0,0,0
0,0,0
0,0,0
0,0,0
0,0,0
0,0,0
0,0,0
0,0,0
0,0,0
0,0,0
0,0,0
0,0,0
0,0,0
0,0,0
0,0,0
0,0,0
0,0,0
0,0,0
0,0,0
0,0,0
0,0,0
0,0,0
0,0,0
0,0,0
0,0,0
0,0,0
0,0,0
0,0,0
0,0,0
0,0,0
0,0,0
0,0,0
0,0,0
0,0,0
0,0,0
0,0,0
0,0,0
0,0,0
0,0,0
0,0,0
0,0,0
0,0,0
0,0,0
0,0,0
0,0,0
0,0,0
0,0,0
0,0,0
0,0,0
0,0,0
0,0,0
0,0,0
0,0,0
0,0,0
0,0,0
0,0,0
0,0,0
0,0,0
0,0,0
0,0,0
0,0,0
0,0,0
0,0,0
0,0,0
0,0,0
0,0,0
0,0,0
0,0,0
0,0,0
0,0,0
0,0,0
0,0,0
0,0,0
0,0,0
0,0,0
0,0,0
0,0,0
0,0,0
0,0,0
0,0,0
0,0,0
0,0,0
0,0,0
0,0,0
0,0,0
0,0,0
0,0,0
0,0,0
0,0,0
0,0,0
0,0,0
0,0,0
0,0,0
0,0,0
0,0,0
0,0,0
0,0,0
0,0,0
0,0,0
0,0,0
0,0,0
0,0,0
0,0,0
0,0,0
0,0,0
0,0,0
0,0,0
0,0,0
0,0,0
0,0,0
0,0,0
0,0,0
0,0,0
0,0,0
0,0,0
0,0,0
0,0,0
0,0,0
0,0,0
0,0,0
0,0,0
0,0,0
0,0,0
0,0,0
0,0,0
0,0,0
0,0,0
0,0,0
0,0,0
0,0,0
0,0,0
0,0,0
0,0,0
0,0,0
0,0,0
0,0,0
0,0,0
0,0,0
0,0,0
0,0,0
0,0,0
0,0,0
0,0,0
0,0,0
0,0,0
0,0,0
0,0,0
0,0,0
0,0,0
0,0,0
0,0,0
0,0,0
0,0,0
0,0,0
0,0,0
0,0,0
0,0,0
0,0,0
0,0,0
0,0,0
0,0,0
0,0,0
0,0,0
0,0,0
0,0,0
0,0,0
0,0,0
0,0,0
0,0,0
0,0,0
0,0,0
0,0,0
0,0,0
0,0,0
0,0,0
0,0,0
0,0,0
0,0,0
0,0,0
0,0,0
0,0,0
0,0,0
0,0,0
0,0,0
0,0,0
0,0,0
0,0,0
0,0,0
0,0,0
0,0,0
0,0,0
0,0,0
0,0,0
0,0,0
0,0,0
0,0,0
0,0,0
0,0,0
0,0,0
0,0,0
0,0,0
0,0,0
0,0,0
0,0,0
0,0,0
0,0,0
0,0,0
0,0,0
0,0,0
0,0,0
0,0,0
0,0,0
0,0,0
0,0,0
0,0,0
0,0,0
0,0,0
0,0,0
0,0,0
0,0,0
0,0,0
0,0,0
0,0,0
0,0,0
0,0,0
0,0,0
0,0,0
0,0,0
0,0,0
0,0,0
0,0,0
0,0,0
0,0,0
0,0,0
0,0,0
0,0,0
0,0,0
0,0,0
0,0,0
0,0,0
0,0,0
0,0,0
0,0,0
0,0,0
0,0,0
0,0,0
0,0,0
0,0,0
0,0,0
0,0,0
0,0,0
0,0,0
0,0,0
0,0,0
0,0,0
0,0,0
0,0,0
0,0,0
0,0,0
0,0,0
0,0,0
0,0,0
0,0,0
0,0,0
0,0,0
0,0,0
0,0,0
0,0,0
0,0,0
0,0,0
0,0,0
0,0,0
0,0,0
0,0,0
0,0,0
0,0,0
0,0,0
0,0,0
0,0,0
0,0,0
0,0,0
0,0,0
0,0,0
0,0,0
0,0,0
0,0,0
0,0,0
0,0,0
0,0,0
0,0,0
0,0,0
0,0,0
0,0,0
0,0,0
0,0,0
0,0,0
0,0,0
0,0,0
0,0,0
0,0,0
0,0,0
0,0,0
0,0,0
0,0,0
0,0,0
0,0,0
0,0,0
0,0,0
0,0,0
0,0,0
0,0,0
0,0,0
0,0,0
0,0,0
0,0,0
0,0,0
0,0,0
0,0,0
0,0,0
0,0,0
0,0,0
0,0,0
0,0,0
0,0,0
0,0,0
0,0,0
0,0,0
0,0,0
0,0,0
0,0,0
0,0,0
0,0,0
0,0,0
0,0,0
0,0,0
0,0,0
0,0,0
0,0,0
0,0,0
0,0,0
0,0,0
0,0,0
0,0,0
0,0,0
0,0,0
0,0,0
0,0,0
0,0,0
0,0,0
0,0,0
0,0,0
0,0,0
0,0,0
0,0,0
0,0,0
0,0,0
0,0,0
0,0,0
0,0,0
0,0,0
0,0,0
0,0,0
0,0,0
0,0,0
0,0,0
0,0,0
0,0,0
0,0,0
0,0,0
0,0,0
0,0,0
0,0,0
0,0,0
0,0,0
0,0,0
0,0,0
0,0,0
0,0,0
0,0,0
0,0,0
0,0,0
0,0,0
0,0,0
0,0,0
0,0,0
0,0,0
0,0,0
0,0,0
0,0,0
0,0,0
0,0,0
0,0,0
0,0,0
0,0,0
0,0,0
0,0,0
0,0,0
0,0,0
0,0,0
0,0,0
0,0,0
0,0,0
0,0,0
0,0,0
0,0,0
0,0,0
0,0,0
0,0,0
0,0,0
0,0,0
0,0,0
0,0,0
0,0,0
0,0,0
0,0,0
0,0,0
0,0,0
0,0,0
0,0,0
0,0,0
0,0,0
0,0,0
0,0,0
0,0,0
0,0,0
0,0,0
0,0,0
0,0,0
0,0,0
0,0,0
0,0,0
0,0,0
0,0,0
0,0,0
0,0,0
0,0,0
0,0,0
0,0,0
0,0,0
0,0,0
0,0,0
0,0,0
0,0,0
0,0,0
0,0,0
0,0,0
0,0,0
0,0,0
0,0,0
0,0,0
0,0,0
0,0,0
0,0,0
0,0,0
0,0,0
0,0,0
0,0,0
0,0,0
0,0,0
0,0,0
0,0,0
0,0,0
0,0,0
0,0,0
0,0,0
0,0,0
0,0,0
0,0,0
0,0,0
0,0,0
0,0,0
0,0,0
0,0,0
0,0,0
0,0,0
0,0,0
0,0,0
0,0,0
0,0,0
0,0,0
0,0,0
0,0,0
0,0,0
0,0,0
0,0,0
0,0,0
0,0,0
0,0,0
0,0,0
0,0,0
0,0,0
0,0,0
0,0,0
0,0,0
0,0,0
0,0,0
0,0,0
0,0,0
0,0,0
0,0,0
0,0,0
0,0,0
0,0,0
0,0,0
0,0,0
0,0,0
0,0,0
0,0,0
0,0,0
0,0,0
0,0,0
0,0,0
0,0,0
0,0,0
0,0,0
0,0,0
0,0,0
0,0,0
0,0,0
0,0,0
0,0,0
0,0,0
0,0,0
0,0,0
0,0,0
0,0,0
0,0,0
0,0,0
0,0,0
0,0,0
0,0,0
0,0,0
0,0,0
0,0,0
0,0,0
0,0,0
0,0,0
0,0,0
0,0,0
0,0,0
0,0,0
0,0,0
0,0,0
0,0,0
0,0,0
0,0,0
0,0,0
0,0,0
0,0,0
0,0,0
0,0,0
0,0,0
0,0,0
0,0,0
0,0,0
0,0,0
0,0,0
0,0,0
0,0,0
0,0,0
0,0,0
0,0,0
0,0,0
0,0,0
0,0,0
0,0,0
0,0,0
0,0,0
0,0,0
0,0,0
0,0,0
0,0,0
0,0,0
0,0,0
0,0,0
0,0,0
0,0,0
0,0,0
0,0,0
0,0,0
0,0,0
0,0,0
0,0,0
0,0,0
0,0,0
0,0,0
0,0,0
0,0,0
0,0,0
0,0,0
0,0,0
0,0,0
0,0,0
0,0,0
0,0,0
0,0,0
0,0,0
0,0,0
0,0,0
0,0,0
0,0,0
0,0,0
0,0,0
0,0,0
0,0,0
0,0,0
0,0,0
0,0,0
0,0,0
0,0,0
0,0,0
0,0,0
0,0,0
0,0,0
0,0,0
0,0,0
0,0,0
0,0,0
0,0,0
0,0,0
0,0,0
0,0,0
0,0,0
0,0,0
0,0,0
0,0,0
0,0,0
0,0,0
0,0,0
0,0,0
0,0,0
0,0,0
0,0,0
0,0,0
0,0,0
0,0,0
0,0,0
0,0,0
0,0,0
0,0,0
0,0,0
0,0,0
0,0,0
0,0,0
0,0,0
0,0,0
0,0,0
0,0,0
0,0,0
0,0,0
0,0,0
0,0,0
0,0,0
0,0,0
0,0,0
0,0,0
0,0,0
0,0,0
0,0,0
0,0,0
0,0,0
0,0,0
0,0,0
0,0,0
0,0,0
0,0,0
0,0,0
0,0,0
0,0,0
0,0,0
0,0,0
0,0,0
0,0,0
0,0,0
0,0,0
0,0,0
0,0,0
0,0,0
0,0,0
0,0,0
0,0,0
0,0,0
0,0,0
0,0,0
0,0,0
0,0,0
0,0,0
0,0,0
0,0,0
0,0,0
0,0,0
0,0,0
0,0,0
0,0,0
0,0,0
0,0,0
0,0,0
0,0,0
0,0,0
0,0,0
0,0,0
0,0,0
0,0,0
0,0,0
0,0,0
0,0,0
0,0,0
0,0,0
0,0,0
0,0,0
0,0,0
0,0,0
0,0,0
0,0,0
0,0,0
0,0,0
0,0,0
0,0,0
0,0,0
0,0,0
0,0,0
0,0,0
0,0,0
0,0,0
0,0,0
0,0,0
0,0,0
0,0,0
0,0,0
0,0,0
0,0,0
0,0,0
0,0,0
0,0,0
0,0,0
0,0,0
0,0,0
0,0,0
0,0,0
0,0,0
0,0,0
0,0,0
0,0,0
0,0,0
0,0,0
0,0,0
0,0,0
0,0,0
0,0,0
0,0,0
0,0,0
0,0,0
0,0,0
0,0,0
0,0,0
0,0,0
0,0,0
0,0,0
0,0,0
0,0,0
0,0,0
0,0,0
0,0,0
0,0,0
0,0,0
0,0,0
0,0,0
0,0,0
0,0,0
0,0,0
0,0,0
0,0,0
0,0,0
0,0,0
0,0,0
0,0,0
0,0,0
0,0,0
0,0,0
0,0,0
0,0,0
0,0,0
0,0,0
0,0,0
0,0,0
0,0,0
0,0,0
0,0,0
0,0,0
0,0,0
0,0,0
0,0,0
0,0,0
0,0,0
0,0,0
0,0,0
0,0,0
0,0,0
0,0,0
0,0,0
0,0,0
0,0,0
0,0,0
0,0,0
0,0,0
0,0,0
0,0,0
0,0,0
0,0,0
0,0,0
0,0,0
0,0,0
0,0,0
0,0,0
0,0,0
0,0,0
0,0,0
0,0,0
0,0,0
0,0,0
0,0,0
0,0,0
0,0,0
0,0,0
0,0,0
0,0,0
0,0,0
0,0,0
0,0,0
0,0,0
0,0,0
0,0,0
0,0,0
0,0,0
0,0,0
0,0,0
0,0,0
0,0,0
0,0,0
0,0,0
0,0,0
0,0,0
0,0,0
0,0,0
0,0,0
0,0,0
0,0,0
0,0,0
0,0,0
0,0,0
0,0,0
0,0,0
0,0,0
0,0,0
0,0,0
0,0,0
0,0,0
0,0,0
0,0,0
0,0,0
0,0,0
0,0,0
0,0,0
0,0,0
0,0,0
0,0,0
0,0,0
0,0,0
0,0,0
0,0,0
0,0,0
0,0,0
0,0,0
0,0,0
0,0,0
0,0,0
0,0,0
0,0,0
0,0,0
0,0,0
0,0,0
0,0,0
0,0,0
0,0,0
0,0,0
0,0,0
0,0,0
0,0,0
0,0,0
0,0,0
0,0,0
0,0,0
0,0,0
0,0,0
0,0,0
0,0,0
0,0,0
0,0,0
0,0,0
0,0,0
0,0,0
0,0,0
0,0,0
0,0,0
0,0,0
0,0,0
0,0,0
0,0,0
0,0,0
0,0,0
0,0,0
0,0,0
0,0,0
0,0,0
0,0,0
0,0,0
0,0,0
0,0,0
0,0,0
0,0,0
0,0,0
0,0,0
0,0,0
0,0,0
0,0,0
0,0,0
0,0,0
0,0,0
0,0,0
0,0,0
0,0,0
0,0,0
0,0,0
0,0,0
0,0,0
0,0,0
0,0,0
0,0,0
0,0,0
0,0,0
0,0,0
0,0,0
0,0,0
0,0,0
0,0,0
0,0,0
0,0,0
0,0,0
0,0,0
0,0,0
0,0,0
0,0,0
0,0,0
0,0,0
0,0,0
0,0,0
0,0,0
0,0,0
0,0,0
0,0,0
0,0,0
0,0,0
0,0,0
0,0,0
0,0,0
0,0,0
0,0,0
0,0,0
0,0,0
0,0,0
0,0,0
0,0,0
0,0,0
0,0,0
0,0,0
0,0,0
0,0,0
0,0,0
0,0,0
0,0,0
0,0,0
0,0,0
0,0,0
0,0,0
0,0,0
0,0,0
0,0,0
0,0,0
0,0,0
0,0,0
0,0,0
0,0,0
0,0,0
0,0,0
0,0,0
0,0,0
0,0,0
0,0,0
0,0,0
0,0,0
0,0,0
0,0,0
0,0,0
0,0,0
0,0,0
0,0,0
0,0,0
0,0,0
0,0,0
0,0,0
0,0,0
0,0,0
0,0,0
0,0,0
0,0,0
0,0,0
0,0,0
0,0,0
0,0,0
0,0,0
0,0,0
0,0,0
0,0,0
0,0,0
0,0,0
0,0,0
0,0,0
0,0,0
0,0,0
0,0,0
0,0,0
0,0,0
0,0,0
0,0,0
0,0,0
0,0,0
0,0,0
0,0,0
0,0,0
0,0,0
0,0,0
0,0,0
0,0,0
0,0,0
0,0,0
0,0,0
0,0,0
0,0,0
0,0,0
0,0,0
0,0,0
0,0,0
0,0,0
0,0,0
0,0,0
0,0,0
0,0,0
0,0,0
0,0,0
0,0,0
0,0,0
0,0,0
0,0,0
0,0,0
0,0,0
0,0,0
0,0,0
0,0,0
0,0,0
0,0,0
0,0,0
0,0,0
0,0,0
0,0,0
0,0,0
0,0,0
0,0,0
0,0,0
0,0,0
0,0,0
0,0,0
0,0,0
0,0,0
0,0,0
0,0,0
0,0,0
0,0,0
0,0,0
0,0,0
0,0,0
0,0,0
0,0,0
0,0,0
0,0,0
0,0,0
0,0,0
0,0,0
0,0,0
0,0,0
0,0,0
0,0,0
0,0,0
0,0,0
0,0,0
0,0,0
0,0,0
0,0,0
0,0,0
0,0,0
0,0,0
0,0,0
0,0,0
0,0,0
0,0,0
0,0,0
0,0,0
0,0,0
0,0,0
0,0,0
0,0,0
0,0,0
0,0,0
0,0,0
0,0,0
0,0,0
0,0,0
0,0,0
0,0,0
0,0,0
0,0,0
0,0,0
0,0,0
0,0,0
0,0,0
0,0,0
0,0,0
0,0,0
0,0,0
0,0,0
0,0,0
0,0,0
0,0,0
0,0,0
0,0,0
0,0,0
0,0,0
0,0,0
0,0,0
0,0,0
0,0,0
0,0,0
0,0,0
0,0,0
0,0,0
0,0,0
0,0,0
0,0,0
0,0,0
0,0,0
0,0,0
0,0,0
0,0,0
0,0,0
0,0,0
0,0,0
0,0,0
0,0,0
0,0,0
0,0,0
0,0,0
0,0,0
0,0,0
0,0,0
0,0,0
0,0,0
0,0,0
0,0,0
0,0,0
0,0,0
0,0,0
0,0,0
0,0,0
0,0,0
0,0,0
0,0,0
0,0,0
0,0,0
0,0,0
0,0,0
0,0,0
0,0,0
0,0,0
0,0,0
0,0,0
0,0,0
0,0,0
0,0,0
0,0,0
0,0,0
0,0,0
0,0,0
0,0,0
0,0,0
0,0,0
0,0,0
0,0,0
0,0,0
0,0,0
0,0,0
0,0,0
0,0,0
0,0,0
0,0,0
0,0,0
0,0,0
0,0,0
0,0,0
0,0,0
0,0,0
0,0,0
0,0,0
0,0,0
0,0,0
0,0,0
0,0,0
0,0,0
0,0,0
0,0,0
0,0,0
0,0,0
0,0,0
0,0,0
0,0,0
0,0,0
0,0,0
0,0,0
0,0,0
0,0,0
0,0,0
0,0,0
0,0,0
0,0,0
0,0,0
0,0,0
0,0,0
0,0,0
0,0,0
0,0,0
0,0,0
0,0,0
0,0,0
0,0,0
0,0,0
0,0,0
0,0,0
0,0,0
0,0,0
0,0,0
0,0,0
0,0,0
0,0,0
0,0,0
0,0,0
0,0,0
0,0,0
0,0,0
0,0,0
0,0,0
0,0,0
0,0,0
0,0,0
0,0,0
0,0,0
0,0,0
0,0,0
0,0,0
0,0,0
0,0,0
0,0,0
0,0,0
0,0,0
0,0,0
0,0,0
0,0,0
0,0,0
0,0,0
0,0,0
0,0,0
0,0,0
0,0,0
0,0,0
0,0,0
0,0,0
0,0,0
0,0,0
0,0,0
0,0,0
0,0,0
0,0,0
0,0,0
0,0,0
0,0,0
0,0,0
0,0,0
0,0,0
0,0,0
0,0,0
0,0,0
0,0,0
0,0,0
0,0,0
0,0,0
0,0,0
0,0,0
0,0,0
0,0,0
0,0,0
0,0,0
0,0,0
0,0,0
0,0,0
0,0,0
0,0,0
0,0,0
0,0,0
0,0,0
0,0,0
0,0,0
0,0,0
0,0,0
0,0,0
0,0,0
0,0,0
0,0,0
0,0,0
0,0,0
0,0,0
0,0,0
0,0,0
0,0,0
0,0,0
0,0,0
0,0,0
0,0,0
0,0,0
0,0,0
0,0,0
0,0,0
0,0,0
0,0,0
0,0,0
0,0,0
0,0,0
0,0,0
0,0,0
0,0,0
0,0,0
0,0,0
0,0,0
0,0,0
0,0,0
0,0,0
0,0,0
0,0,0
0,0,0
0,0,0
0,0,0
0,0,0
0,0,0
0,0,0
0,0,0
0,0,0
0,0,0
0,0,0
0,0,0
0,0,0
0,0,0
0,0,0
0,0,0
0,0,0
0,0,0
0,0,0
0,0,0
0,0,0
0,0,0
0,0,0
0,0,0
0,0,0
0,0,0
0,0,0
0,0,0
0,0,0
0,0,0
0,0,0
0,0,0
0,0,0
0,0,0
0,0,0
0,0,0
0,0,0
0,0,0
0,0,0
0,0,0
0,0,0
0,0,0
0,0,0
0,0,0
0,0,0
0,0,0
0,0,0
0,0,0
0,0,0
0,0,0
0,0,0
0,0,0
0,0,0
0,0,0
0,0,0
0,0,0
0,0,0
0,0,0
0,0,0
0,0,0
0,0,0
0,0,0
0,0,0
0,0,0
0,0,0
0,0,0
0,0,0
0,0,0
0,0,0
0,0,0
0,0,0
0,0,0
0,0,0
0,0,0
0,0,0
0,0,0
0,0,0
0,0,0
0,0,0
0,0,0
0,0,0
0,0,0
0,0,0
0,0,0
0,0,0
0,0,0
0,0,0
0,0,0
0,0,0
0,0,0
0,0,0
0,0,0
0,0,0
0,0,0
0,0,0
0,0,0
0,0,0
0,0,0
0,0,0
0,0,0
0,0,0
0,0,0
0,0,0
0,0,0
0,0,0
0,0,0
0,0,0
0,0,0
0,0,0
0,0,0
0,0,0
0,0,0
0,0,0
0,0,0
0,0,0
0,0,0
0,0,0
0,0,0
0,0,0
0,0,0
0,0,0
0,0,0
0,0,0
0,0,0
0,0,0
0,0,0
0,0,0
0,0,0
0,0,0
0,0,0
0,0,0
0,0,0
0,0,0
0,0,0
0,0,0
0,0,0
0,0,0
0,0,0
0,0,0
0,0,0
0,0,0
0,0,0
0,0,0
0,0,0
0,0,0
0,0,0
0,0,0
0,0,0
0,0,0
0,0,0
0,0,0
0,0,0
0,0,0
0,0,0
0,0,0
0,0,0
0,0,0
0,0,0
0,0,0
0,0,0
0,0,0
0,0,0
0,0,0
0,0,0
0,0,0
0,0,0
0,0,0
0,0,0
0,0,0
0,0,0
0,0,0
0,0,0
0,0,0
0,0,0
0,0,0
0,0,0
0,0,0
0,0,0
0,0,0
0,0,0
0,0,0
0,0,0
0,0,0
0,0,0
0,0,0
0,0,0
0,0,0
0,0,0
0,0,0
0,0,0
0,0,0
0,0,0
0,0,0
0,0,0
0,0,0
0,0,0
0,0,0
0,0,0
0,0,0
0,0,0
0,0,0
0,0,0
0,0,0
0,0,0
0,0,0
0,0,0
0,0,0
0,0,0
0,0,0
0,0,0
0,0,0
0,0,0
0,0,0
0,0,0
0,0,0
0,0,0
0,0,0
0,0,0
0,0,0
0,0,0
0,0,0
0,0,0
0,0,0
0,0,0
0,0,0
0,0,0
0,0,0
0,0,0
0,0,0
0,0,0
0,0,0
0,0,0
0,0,0
0,0,0
0,0,0
0,0,0
0,0,0
0,0,0
0,0,0
0,0,0
0,0,0
0,0,0
0,0,0
0,0,0
0,0,0
0,0,0
0,0,0
0,0,0
0,0,0
0,0,0
0,0,0
0,0,0
0,0,0
0,0,0
0,0,0
0,0,0
0,0,0
0,0,0
0,0,0
0,0,0
0,0,0
0,0,0
0,0,0
0,0,0
0,0,0
0,0,0
0,0,0
0,0,0
0,0,0
0,0,0
0,0,0
0,0,0
0,0,0
0,0,0
0,0,0
0,0,0
0,0,0
0,0,0
0,0,0
0,0,0
0,0,0
0,0,0
0,0,0
0,0,0
0,0,0
0,0,0
0,0,0
0,0,0
0,0,0
0,0,0
0,0,0
0,0,0
0,0,0
0,0,0
0,0,0
0,0,0
0,0,0
0,0,0
0,0,0
0,0,0
0,0,0
0,0,0
0,0,0
0,0,0
0,0,0
0,0,0
0,0,0
0,0,0
0,0,0
0,0,0
0,0,0
0,0,0
0,0,0
0,0,0
0,0,0
0,0,0
0,0,0
0,0,0
0,0,0
0,0,0
0,0,0
0,0,0
0,0,0
0,0,0
0,0,0
0,0,0
0,0,0
0,0,0
0,0,0
0,0,0
0,0,0
0,0,0
0,0,0
0,0,0
0,0,0
0,0,0
0,0,0
0,0,0
0,0,0
0,0,0
0,0,0
0,0,0
0,0,0
0,0,0
0,0,0
0,0,0
0,0,0
0,0,0
0,0,0
0,0,0
0,0,0
0,0,0
0,0,0
0,0,0
0,0,0
0,0,0
0,0,0
0,0,0
0,0,0
0,0,0
0,0,0
0,0,0
0,0,0
0,0,0
0,0,0
0,0,0
0,0,0
0,0,0
0,0,0
0,0,0
0,0,0
0,0,0
0,0,0
0,0,0
0,0,0
0,0,0
0,0,0
0,0,0
0,0,0
0,0,0
0,0,0
0,0,0
0,0,0
0,0,0
0,0,0
0,0,0
0,0,0
0,0,0
0,0,0
0,0,0
0,0,0
0,0,0
0,0,0
0,0,0
0,0,0
0,0,0
0,0,0
0,0,0
0,0,0
0,0,0
0,0,0
0,0,0
0,0,0
0,0,0
0,0,0
0,0,0
0,0,0
0,0,0
0,0,0
0,0,0
0,0,0
0,0,0
0,0,0
0,0,0
0,0,0
0,0,0
0,0,0
0,0,0
0,0,0
0,0,0
0,0,0
0,0,0
0,0,0
0,0,0
0,0,0
0,0,0
0,0,0
0,0,0
0,0,0
0,0,0
0,0,0
0,0,0
0,0,0
0,0,0
0,0,0
0,0,0
0,0,0
0,0,0
0,0,0
0,0,0
0,0,0
0,0,0
0,0,0
0,0,0
0,0,0
0,0,0
0,0,0
0,0,0
0,0,0
0,0,0
0,0,0
0,0,0
0,0,0
0,0,0
0,0,0
0,0,0
0,0,0
0,0,0
0,0,0
0,0,0
0,0,0
0,0,0
0,0,0
0,0,0
0,0,0
0,0,0
0,0,0
0,0,0
0,0,0
0,0,0
0,0,0
0,0,0
0,0,0
0,0,0
0,0,0
0,0,0
0,0,0
0,0,0
0,0,0
0,0,0
0,0,0
0,0,0
0,0,0
0,0,0
0,0,0
0,0,0
0,0,0
0,0,0
0,0,0
0,0,0
0,0,0
0,0,0
0,0,0
0,0,0
0,0,0
0,0,0
0,0,0
0,0,0
0,0,0
0,0,0
0,0,0
0,0,0
0,0,0
0,0,0
0,0,0
0,0,0
0,0,0
0,0,0
0,0,0
0,0,0
0,0,0
0,0,0
0,0,0
0,0,0
0,0,0
0,0,0
0,0,0
0,0,0
0,0,0
0,0,0
0,0,0
0,0,0
0,0,0
0,0,0
0,0,0
0,0,0
0,0,0
0,0,0
0,0,0
0,0,0
0,0,0
0,0,0
0,0,0
0,0,0
0,0,0
0,0,0
0,0,0
0,0,0
0,0,0
0,0,0
0,0,0
0,0,0
0,0,0
0,0,0
0,0,0
0,0,0
0,0,0
0,0,0
0,0,0
0,0,0
0,0,0
0,0,0
0,0,0
0,0,0
0,0,0
0,0,0
0,0,0
0,0,0
0,0,0
0,0,0
0,0,0
0,0,0
0,0,0
0,0,0
0,0,0
0,0,0
0,0,0
0,0,0
0,0,0
0,0,0
0,0,0
0,0,0
0,0,0
0,0,0
0,0,0
0,0,0
0,0,0
0,0,0
0,0,0
0,0,0
0,0,0
0,0,0
0,0,0
0,0,0
0,0,0
0,0,0
0,0,0
0,0,0
0,0,0
0,0,0
0,0,0
0,0,0
0,0,0
0,0,0
0,0,0
0,0,0
0,0,0
0,0,0
0,0,0
0,0,0
0,0,0
0,0,0
0,0,0
0,0,0
0,0,0
0,0,0
0,0,0
0,0,0
0,0,0
0,0,0
0,0,0
0,0,0
0,0,0
0,0,0
0,0,0
0,0,0
0,0,0
0,0,0
0,0,0
0,0,0
0,0,0
0,0,0
0,0,0
0,0,0
0,0,0
0,0,0
0,0,0
0,0,0
0,0,0
0,0,0
0,0,0
0,0,0
0,0,0
0,0,0
0,0,0
0,0,0
0,0,0
0,0,0
0,0,0
0,0,0
0,0,0
0,0,0
0,0,0
0,0,0
0,0,0
0,0,0
0,0,0
0,0,0
0,0,0
0,0,0
0,0,0
0,0,0
0,0,0
0,0,0
0,0,0
0,0,0
0,0,0
0,0,0
0,0,0
0,0,0
0,0,0
0,0,0
0,0,0
0,0,0
0,0,0
0,0,0
0,0,0
0,0,0
0,0,0
0,0,0
0,0,0
0,0,0
0,0,0
0,0,0
0,0,0
0,0,0
0,0,0
0,0,0
0,0,0
0,0,0
0,0,0
0,0,0
0,0,0
0,0,0
0,0,0
0,0,0
0,0,0
0,0,0
0,0,0
0,0,0
0,0,0
0,0,0
0,0,0
0,0,0
0,0,0
0,0,0
0,0,0
0,0,0
0,0,0
0,0,0
0,0,0
0,0,0
0,0,0
0,0,0
0,0,0
0,0,0
0,0,0
0,0,0
0,0,0
0,0,0
0,0,0
0,0,0
0,0,0
0,0,0
0,0,0
0,0,0
0,0,0
0,0,0
0,0,0
0,0,0
0,0,0
0,0,0
0,0,0
0,0,0
0,0,0
0,0,0
0,0,0
0,0,0
0,0,0
0,0,0
0,0,0
0,0,0
0,0,0
0,0,0
0,0,0
0,0,0
0,0,0
0,0,0
0,0,0
0,0,0
0,0,0
0,0,0
0,0,0
0,0,0
0,0,0
0,0,0
0,0,0
0,0,0
0,0,0
0,0,0
0,0,0
0,0,0
0,0,0
0,0,0
0,0,0
0,0,0
0,0,0
0,0,0
0,0,0
0,0,0
0,0,0
0,0,0
0,0,0
0,0,0
0,0,0
0,0,0
0,0,0
0,0,0
0,0,0
0,0,0
0,0,0
0,0,0
0,0,0
0,0,0
0,0,0
0,0,0
0,0,0
0,0,0
0,0,0
0,0,0
0,0,0
0,0,0
0,0,0
0,0,0
0,0,0
0,0,0
0,0,0
0,0,0
0,0,0
0,0,0
0,0,0
0,0,0
0,0,0
0,0,0
0,0,0
0,0,0
0,0,0
0,0,0
0,0,0
0,0,0
0,0,0
0,0,0
0,0,0
0,0,0
0,0,0
0,0,0
0,0,0
0,0,0
0,0,0
0,0,0
0,0,0
0,0,0
0,0,0
0,0,0
0,0,0
0,0,0
0,0,0
0,0,0
0,0,0
0,0,0
0,0,0
0,0,0
0,0,0
0,0,0
0,0,0
0,0,0
0,0,0
0,0,0
0,0,0
0,0,0
0,0,0
0,0,0
0,0,0
0,0,0
0,0,0
0,0,0
0,0,0
0,0,0
0,0,0
0,0,0
0,0,0
0,0,0
0,0,0
0,0,0
0,0,0
0,0,0
0,0,0
0,0,0
0,0,0
0,0,0
0,0,0
0,0,0
0,0,0
0,0,0
0,0,0
0,0,0
0,0,0
0,0,0
0,0,0
0,0,0
0,0,0
0,0,0
0,0,0
0,0,0
0,0,0
0,0,0
0,0,0
0,0,0
0,0,0
0,0,0
0,0,0
0,0,0
0,0,0
0,0,0
0,0,0
0,0,0
0,0,0
0,0,0
0,0,0
0,0,0
0,0,0
0,0,0
0,0,0
0,0,0
0,0,0
0,0,0
0,0,0
0,0,0
0,0,0
0,0,0
0,0,0
0,0,0
0,0,0
0,0,0
0,0,0
0,0,0
0,0,0
0,0,0
0,0,0
0,0,0
0,0,0
0,0,0
0,0,0
0,0,0
0,0,0
0,0,0
0,0,0
0,0,0
0,0,0
0,0,0
0,0,0
0,0,0
0,0,0
0,0,0
0,0,0
0,0,0
0,0,0
0,0,0
0,0,0
0,0,0
0,0,0
0,0,0
0,0,0
0,0,0
0,0,0
0,0,0
0,0,0
0,0,0
0,0,0
0,0,0
0,0,0
0,0,0
0,0,0
0,0,0
0,0,0
0,0,0
0,0,0
0,0,0
0,0,0
0,0,0
0,0,0
0,0,0
0,0,0
0,0,0
0,0,0
0,0,0
0,0,0
0,0,0
0,0,0
0,0,0
0,0,0
0,0,0
0,0,0
0,0,0
0,0,0
0,0,0
0,0,0
0,0,0
0,0,0
0,0,0
0,0,0
0,0,0
0,0,0
0,0,0
0,0,0
0,0,0
0,0,0
0,0,0
0,0,0
0,0,0
0,0,0
0,0,0
0,0,0
0,0,0
0,0,0
0,0,0
0,0,0
0,0,0
0,0,0
0,0,0
0,0,0
0,0,0
0,0,0
0,0,0
0,0,0
0,0,0
0,0,0
0,0,0
0,0,0
0,0,0
0,0,0
0,0,0
0,0,0
0,0,0
0,0,0
0,0,0
0,0,0
0,0,0
0,0,0
0,0,0
0,0,0
0,0,0
0,0,0
0,0,0
0,0,0
0,0,0
0,0,0
0,0,0
0,0,0
0,0,0
0,0,0
0,0,0
0,0,0
0,0,0
0,0,0
0,0,0
0,0,0
0,0,0
0,0,0
0,0,0
0,0,0
0,0,0
0,0,0
0,0,0
0,0,0
0,0,0
0,0,0
0,0,0
0,0,0
0,0,0
0,0,0
0,0,0
0,0,0
0,0,0
0,0,0
0,0,0
0,0,0
0,0,0
0,0,0
0,0,0
0,0,0
0,0,0
0,0,0
0,0,0
0,0,0
0,0,0
0,0,0
0,0,0
0,0,0
0,0,0
0,0,0
0,0,0
0,0,0
0,0,0
0,0,0
0,0,0
0,0,0
0,0,0
0,0,0
0,0,0
0,0,0
0,0,0
0,0,0
0,0,0
0,0,0
0,0,0
0,0,0
0,0,0
0,0,0
0,0,0
0,0,0
0,0,0
0,0,0
0,0,0
0,0,0
0,0,0
0,0,0
0,0,0
0,0,0
0,0,0
0,0,0
0,0,0
0,0,0
0,0,0
0,0,0
0,0,0
0,0,0
0,0,0
0,0,0
0,0,0
0,0,0
0,0,0
0,0,0
0,0,0
0,0,0
0,0,0
0,0,0
0,0,0
0,0,0
0,0,0
0,0,0
0,0,0
0,0,0
0,0,0
0,0,0
0,0,0
0,0,0
0,0,0
0,0,0
0,0,0
0,0,0
0,0,0
0,0,0
0,0,0
0,0,0
0,0,0
0,0,0
0,0,0
0,0,0
0,0,0
0,0,0
0,0,0
0,0,0
0,0,0
0,0,0
0,0,0
0,0,0
0,0,0
0,0,0
0,0,0
0,0,0
0,0,0
0,0,0
0,0,0
0,0,0
0,0,0
0,0,0
0,0,0
0,0,0
0,0,0
0,0,0
0,0,0
0,0,0
0,0,0
0,0,0
0,0,0
0,0,0
0,0,0
0,0,0
0,0,0
0,0,0
0,0,0
0,0,0
0,0,0
0,0,0
0,0,0
0,0,0
0,0,0
0,0,0
0,0,0
0,0,0
0,0,0
0,0,0
0,0,0
0,0,0
0,0,0
0,0,0
0,0,0
0,0,0
0,0,0
0,0,0
0,0,0
0,0,0
0,0,0
0,0,0
0,0,0
0,0,0
0,0,0
0,0,0
0,0,0
0,0,0
0,0,0
0,0,0
0,0,0
0,0,0
0,0,0
0,0,0
0,0,0
0,0,0
0,0,0
0,0,0
0,0,0
0,0,0
0,0,0
0,0,0
0,0,0
0,0,0
0,0,0
0,0,0
0,0,0
0,0,0
0,0,0
0,0,0
0,0,0
0,0,0
0,0,0
0,0,0
0,0,0
0,0,0
0,0,0
0,0,0
0,0,0
0,0,0
0,0,0
0,0,0
0,0,0
0,0,0
0,0,0
0,0,0
0,0,0
0,0,0
0,0,0
0,0,0
0,0,0
0,0,0
0,0,0
0,0,0
0,0,0
0,0,0
0,0,0
0,0,0
0,0,0
0,0,0
0,0,0
0,0,0
0,0,0
0,0,0
0,0,0
0,0,0
0,0,0
0,0,0
0,0,0
0,0,0
0,0,0
0,0,0
0,0,0
0,0,0
0,0,0
0,0,0
0,0,0
0,0,0
0,0,0
0,0,0
0,0,0
0,0,0
0,0,0
0,0,0
0,0,0
0,0,0
0,0,0
0,0,0
0,0,0
0,0,0
0,0,0
0,0,0
0,0,0
0,0,0
0,0,0
0,0,0
0,0,0
0,0,0
0,0,0
0,0,0
0,0,0
0,0,0
0,0,0
0,0,0
0,0,0
0,0,0
0,0,0
0,0,0
0,0,0
0,0,0
0,0,0
0,0,0
0,0,0
0,0,0
0,0,0
0,0,0
0,0,0
0,0,0
0,0,0
0,0,0
0,0,0
0,0,0
0,0,0
0,0,0
0,0,0
0,0,0
0,0,0
0,0,0
0,0,0
0,0,0
0,0,0
0,0,0
0,0,0
0,0,0
0,0,0
0,0,0
0,0,0
0,0,0
0,0,0
0,0,0
0,0,0
0,0,0
0,0,0
0,0,0
0,0,0
0,0,0
0,0,0
0,0,0
0,0,0
0,0,0
0,0,0
0,0,0
0,0,0
0,0,0
0,0,0
0,0,0
0,0,0
0,0,0
0,0,0
0,0,0
0,0,0
0,0,0
0,0,0
0,0,0
0,0,0
0,0,0
0,0,0
0,0,0
0,0,0
0,0,0
0,0,0
0,0,0
0,0,0
0,0,0
0,0,0
0,0,0
0,0,0
0,0,0
0,0,0
0,0,0
0,0,0
0,0,0
0,0,0
0,0,0
0,0,0
0,0,0
0,0,0
0,0,0
0,0,0
0,0,0
0,0,0
0,0,0
0,0,0
0,0,0
0,0,0
0,0,0
0,0,0
0,0,0
0,0,0
0,0,0
0,0,0
0,0,0
0,0,0
0,0,0
0,0,0
0,0,0
0,0,0
0,0,0
0,0,0
0,0,0
0,0,0
0,0,0
0,0,0
0,0,0
0,0,0
0,0,0
0,0,0
0,0,0
0,0,0
0,0,0
0,0,0
0,0,0
0,0,0
0,0,0
0,0,0
0,0,0
0,0,0
0,0,0
0,0,0
0,0,0
0,0,0
0,0,0
0,0,0
0,0,0
0,0,0
0,0,0
0,0,0
0,0,0
0,0,0
0,0,0
0,0,0
0,0,0
0,0,0
0,0,0
0,0,0
0,0,0
0,0,0
0,0,0
0,0,0
0,0,0
0,0,0
0,0,0
0,0,0
0,0,0
0,0,0
0,0,0
0,0,0
0,0,0
0,0,0
0,0,0
0,0,0
0,0,0
0,0,0
0,0,0
0,0,0
0,0,0
0,0,0
0,0,0
0,0,0
0,0,0
0,0,0
0,0,0
0,0,0
0,0,0
0,0,0
0,0,0
0,0,0
0,0,0
0,0,0
0,0,0
0,0,0
0,0,0
0,0,0
0,0,0
0,0,0
0,0,0
0,0,0
0,0,0
0,0,0
0,0,0
0,0,0
0,0,0
0,0,0
0,0,0
0,0,0
0,0,0
0,0,0
0,0,0
0,0,0
0,0,0
0,0,0
0,0,0
0,0,0
0,0,0
0,0,0
0,0,0
0,0,0
0,0,0
0,0,0
0,0,0
0,0,0
0,0,0
0,0,0
0,0,0
0,0,0
0,0,0
0,0,0
0,0,0
0,0,0
0,0,0
0,0,0
0,0,0
0,0,0
0,0,0
0,0,0
0,0,0
0,0,0
0,0,0
0,0,0
0,0,0
0,0,0
0,0,0
0,0,0
0,0,0
0,0,0
0,0,0
0,0,0
0,0,0
0,0,0
0,0,0
0,0,0
0,0,0
0,0,0
0,0,0
0,0,0
0,0,0
0,0,0
0,0,0
0,0,0
0,0,0
0,0,0
0,0,0
0,0,0
0,0,0
0,0,0
0,0,0
0,0,0
0,0,0
0,0,0
0,0,0
0,0,0
0,0,0
0,0,0
0,0,0
0,0,0
0,0,0
0,0,0
0,0,0
0,0,0
0,0,0
0,0,0
0,0,0
0,0,0
0,0,0
0,0,0
0,0,0
0,0,0
0,0,0
0,0,0
0,0,0
0,0,0
0,0,0
0,0,0
0,0,0
0,0,0
0,0,0
0,0,0
0,0,0
0,0,0
0,0,0
0,0,0
0,0,0
0,0,0
0,0,0
0,0,0
0,0,0
0,0,0
0,0,0
0,0,0
0,0,0
0,0,0
0,0,0
0,0,0
0,0,0
0,0,0
0,0,0
0,0,0
0,0,0
0,0,0
0,0,0
0,0,0
0,0,0
0,0,0
0,0,0
0,0,0
0,0,0
0,0,0
0,0,0
0,0,0
0,0,0
0,0,0
0,0,0
0,0,0
0,0,0
0,0,0
0,0,0
0,0,0
0,0,0
0,0,0
0,0,0
0,0,0
0,0,0
0,0,0
0,0,0
0,0,0
0,0,0
0,0,0
0,0,0
0,0,0
0,0,0
0,0,0
0,0,0
0,0,0
0,0,0
0,0,0
0,0,0
0,0,0
0,0,0
0,0,0
0,0,0
0,0,0
0,0,0
0,0,0
0,0,0
0,0,0
0,0,0
0,0,0
0,0,0
0,0,0
0,0,0
0,0,0
0,0,0
0,0,0
0,0,0
0,0,0
0,0,0
0,0,0
0,0,0
0,0,0
0,0,0
0,0,0
0,0,0
0,0,0
0,0,0
0,0,0
0,0,0
0,0,0
0,0,0
0,0,0
0,0,0
0,0,0
0,0,0
0,0,0
0,0,0
0,0,0
0,0,0
0,0,0
0,0,0
0,0,0
0,0,0
0,0,0
0,0,0
0,0,0
0,0,0
0,0,0
0,0,0
0,0,0
0,0,0
0,0,0
0,0,0
0,0,0
0,0,0
0,0,0
0,0,0
0,0,0
0,0,0
0,0,0
0,0,0
0,0,0
0,0,0
0,0,0
0,0,0
0,0,0
0,0,0
0,0,0
0,0,0
0,0,0
0,0,0
0,0,0
0,0,0
0,0,0
0,0,0
0,0,0
0,0,0
0,0,0
0,0,0
0,0,0
0,0,0
0,0,0
0,0,0
0,0,0
0,0,0
0,0,0
0,0,0
0,0,0
0,0,0
0,0,0
0,0,0
0,0,0
0,0,0
0,0,0
0,0,0
0,0,0
0,0,0
0,0,0
0,0,0
0,0,0
0,0,0
0,0,0
0,0,0
0,0,0
0,0,0
0,0,0
0,0,0
0,0,0
0,0,0
0,0,0
0,0,0
0,0,0
0,0,0
0,0,0
0,0,0
0,0,0
0,0,0
0,0,0
0,0,0
0,0,0
0,0,0
0,0,0
0,0,0
0,0,0
0,0,0
0,0,0
0,0,0
0,0,0
0,0,0
0,0,0
0,0,0
0,0,0
0,0,0
0,0,0
0,0,0
0,0,0
0,0,0
0,0,0
0,0,0
0,0,0
0,0,0
0,0,0
0,0,0
0,0,0
0,0,0
0,0,0
0,0,0
0,0,0
0,0,0
0,0,0
0,0,0
0,0,0
0,0,0
0,0,0
0,0,0
0,0,0
0,0,0
0,0,0
0,0,0
0,0,0
0,0,0
0,0,0
0,0,0
0,0,0
0,0,0
0,0,0
0,0,0
0,0,0
0,0,0
0,0,0
0,0,0
0,0,0
0,0,0
0,0,0
0,0,0
0,0,0
0,0,0
0,0,0
0,0,0
0,0,0
0,0,0
0,0,0
0,0,0
0,0,0
0,0,0
0,0,0
0,0,0
0,0,0
0,0,0
0,0,0
0,0,0
0,0,0
0,0,0
0,0,0
0,0,0
0,0,0
0,0,0
0,0,0
0,0,0
0,0,0
0,0,0
0,0,0
0,0,0
0,0,0
0,0,0
0,0,0
0,0,0
0,0,0
0,0,0
0,0,0
0,0,0
0,0,0
0,0,0
0,0,0
0,0,0
0,0,0
0,0,0
0,0,0
0,0,0
0,0,0
0,0,0
0,0,0
0,0,0
0,0,0
0,0,0
0,0,0
0,0,0
0,0,0
0,0,0
0,0,0
0,0,0
0,0,0
0,0,0
0,0,0
0,0,0
0,0,0
0,0,0
0,0,0
0,0,0
0,0,0
0,0,0
0,0,0
0,0,0
0,0,0
0,0,0
0,0,0
0,0,0
0,0,0
0,0,0
0,0,0
0,0,0
0,0,0
0,0,0
0,0,0
0,0,0
0,0,0
0,0,0
0,0,0
0,0,0
0,0,0
0,0,0
0,0,0
0,0,0
0,0,0
0,0,0
0,0,0
0,0,0
0,0,0
0,0,0
0,0,0
0,0,0
0,0,0
0,0,0
0,0,0
0,0,0
0,0,0
0,0,0
0,0,0
0,0,0
0,0,0
0,0,0
0,0,0
0,0,0
0,0,0
0,0,0
0,0,0
0,0,0
0,0,0
0,0,0
0,0,0
0,0,0
0,0,0
0,0,0
0,0,0
0,0,0
0,0,0
0,0,0
0,0,0
0,0,0
0,0,0
0,0,0
0,0,0
0,0,0
0,0,0
0,0,0
0,0,0
0,0,0
0,0,0
0,0,0
0,0,0
0,0,0
0,0,0
0,0,0
0,0,0
0,0,0
0,0,0
0,0,0
0,0,0
0,0,0
0,0,0
0,0,0
0,0,0
0,0,0
0,0,0
0,0,0
0,0,0
0,0,0
0,0,0
0,0,0
0,0,0
0,0,0
0,0,0
0,0,0
0,0,0
0,0,0
0,0,0
0,0,0
0,0,0
0,0,0
0,0,0
0,0,0
0,0,0
0,0,0
0,0,0
0,0,0
0,0,0
0,0,0
0,0,0
0,0,0
0,0,0
0,0,0
0,0,0
0,0,0
0,0,0
0,0,0
0,0,0
0,0,0
0,0,0
0,0,0
0,0,0
0,0,0
0,0,0
0,0,0
0,0,0
0,0,0
0,0,0
0,0,0
0,0,0
0,0,0
0,0,0
0,0,0
0,0,0
0,0,0
0,0,0
0,0,0
0,0,0
0,0,0
0,0,0
0,0,0
0,0,0
0,0,0
0,0,0
0,0,0
0,0,0
0,0,0
0,0,0
0,0,0
0,0,0
0,0,0
0,0,0
0,0,0
0,0,0
0,0,0
0,0,0
0,0,0
0,0,0
0,0,0
0,0,0
0,0,0
0,0,0
0,0,0
0,0,0
0,0,0
0,0,0
0,0,0
0,0,0
0,0,0
0,0,0
0,0,0
0,0,0
0,0,0
0,0,0
0,0,0
0,0,0
0,0,0
0,0,0
0,0,0
0,0,0
0,0,0
0,0,0
0,0,0
0,0,0
0,0,0
0,0,0
0,0,0
0,0,0
0,0,0
0,0,0
0,0,0
0,0,0
0,0,0
0,0,0
0,0,0
0,0,0
0,0,0
0,0,0
0,0,0
0,0,0
0,0,0
0,0,0
0,0,0
0,0,0
0,0,0
0,0,0
0,0,0
0,0,0
0,0,0
0,0,0
0,0,0
0,0,0
0,0,0
0,0,0
0,0,0
0,0,0
0,0,0
0,0,0
0,0,0
0,0,0
0,0,0
0,0,0
0,0,0
0,0,0
0,0,0
0,0,0
0,0,0
0,0,0
0,0,0
0,0,0
0,0,0
0,0,0
0,0,0
0,0,0
0,0,0
0,0,0
0,0,0
0,0,0
0,0,0
0,0,0
0,0,0
0,0,0
0,0,0
0,0,0
0,0,0
0,0,0
0,0,0
0,0,0
0,0,0
0,0,0
0,0,0
0,0,0
0,0,0
0,0,0
0,0,0
0,0,0
0,0,0
0,0,0
0,0,0
0,0,0
0,0,0
0,0,0
0,0,0
0,0,0
0,0,0
0,0,0
0,0,0
0,0,0
0,0,0
0,0,0
0,0,0
0,0,0
0,0,0
0,0,0
0,0,0
0,0,0
0,0,0
0,0,0
0,0,0
0,0,0
0,0,0
0,0,0
0,0,0
0,0,0
0,0,0
0,0,0
0,0,0
0,0,0
0,0,0
0,0,0
0,0,0
0,0,0
0,0,0
0,0,0
0,0,0
0,0,0
0,0,0
0,0,0
0,0,0
0,0,0
0,0,0
0,0,0
0,0,0
0,0,0
0,0,0
0,0,0
0,0,0
0,0,0
0,0,0
0,0,0
0,0,0
0,0,0
0,0,0
0,0,0
0,0,0
0,0,0
0,0,0
0,0,0
0,0,0
0,0,0
0,0,0
0,0,0
0,0,0
0,0,0
0,0,0
0,0,0
0,0,0
0,0,0
0,0,0
0,0,0
0,0,0
0,0,0
0,0,0
0,0,0
0,0,0
0,0,0
0,0,0
0,0,0
0,0,0
0,0,0
0,0,0
0,0,0
0,0,0
0,0,0
0,0,0
0,0,0
0,0,0
0,0,0
0,0,0
0,0,0
0,0,0
0,0,0
0,0,0
0,0,0
0,0,0
0,0,0
0,0,0
0,0,0
0,0,0
0,0,0
0,0,0
0,0,0
0,0,0
0,0,0
0,0,0
0,0,0
0,0,0
0,0,0
0,0,0
0,0,0
0,0,0
0,0,0
0,0,0
0,0,0
0,0,0
0,0,0
0,0,0
0,0,0
0,0,0
0,0,0
0,0,0
0,0,0
0,0,0
0,0,0
0,0,0
0,0,0
0,0,0
0,0,0
0,0,0
0,0,0
0,0,0
0,0,0
0,0,0
0,0,0
0,0,0
0,0,0
0,0,0
0,0,0
0,0,0
0,0,0
0,0,0
0,0,0
0,0,0
0,0,0
0,0,0
0,0,0
0,0,0
0,0,0
0,0,0
0,0,0
0,0,0
0,0,0
0,0,0
0,0,0
0,0,0
0,0,0
0,0,0
0,0,0
0,0,0
0,0,0
0,0,0
0,0,0
0,0,0
0,0,0
0,0,0
0,0,0
0,0,0
0,0,0
0,0,0
0,0,0
0,0,0
0,0,0
0,0,0
0,0,0
0,0,0
0,0,0
0,0,0
0,0,0
0,0,0
0,0,0
0,0,0
0,0,0
0,0,0
0,0,0
0,0,0
0,0,0
0,0,0
0,0,0
0,0,0
0,0,0
0,0,0
0,0,0
0,0,0
0,0,0
0,0,0
0,0,0
0,0,0
0,0,0
0,0,0
0,0,0
0,0,0
0,0,0
0,0,0
0,0,0
0,0,0
0,0,0
0,0,0
0,0,0
0,0,0
0,0,0
0,0,0
0,0,0
0,0,0
0,0,0
0,0,0
0,0,0
0,0,0
0,0,0
0,0,0
0,0,0
0,0,0
0,0,0
0,0,0
0,0,0
0,0,0
0,0,0
0,0,0
0,0,0
0,0,0
0,0,0
0,0,0
0,0,0
0,0,0
0,0,0
0,0,0
0,0,0
0,0,0
0,0,0
0,0,0
0,0,0
0,0,0
0,0,0
0,0,0
0,0,0
0,0,0
0,0,0
0,0,0
0,0,0
0,0,0
0,0,0
0,0,0
0,0,0
0,0,0
0,0,0
0,0,0
0,0,0
0,0,0
0,0,0
0,0,0
0,0,0
0,0,0
0,0,0
0,0,0
0,0,0
0,0,0
0,0,0
0,0,0
0,0,0
0,0,0
0,0,0
0,0,0
0,0,0
0,0,0
0,0,0
0,0,0
0,0,0
0,0,0
0,0,0
0,0,0
0,0,0
0,0,0
0,0,0
0,0,0
0,0,0
0,0,0
0,0,0
0,0,0
0,0,0
0,0,0
0,0,0
0,0,0
0,0,0
0,0,0
0,0,0
0,0,0
0,0,0
0,0,0
0,0,0
0,0,0
0,0,0
0,0,0
0,0,0
0,0,0
0,0,0
0,0,0
0,0,0
0,0,0
0,0,0
0,0,0
0,0,0
0,0,0
0,0,0
0,0,0
0,0,0
0,0,0
0,0,0
0,0,0
0,0,0
0,0,0
0,0,0
0,0,0
0,0,0
0,0,0
0,0,0
0,0,0
0,0,0
0,0,0
0,0,0
0,0,0
0,0,0
0,0,0
0,0,0
0,0,0
0,0,0
0,0,0
0,0,0
0,0,0
0,0,0
0,0,0
0,0,0
0,0,0
0,0,0
0,0,0
0,0,0
0,0,0
0,0,0
0,0,0
0,0,0
0,0,0
0,0,0
0,0,0
0,0,0
0,0,0
0,0,0
0,0,0
0,0,0
0,0,0
0,0,0
0,0,0
0,0,0
0,0,0
0,0,0
0,0,0
0,0,0
0,0,0
0,0,0
0,0,0
0,0,0
0,0,0
0,0,0
0,0,0
0,0,0
0,0,0
0,0,0
0,0,0
0,0,0
0,0,0
0,0,0
0,0,0
0,0,0
0,0,0
0,0,0
0,0,0
0,0,0
0,0,0
0,0,0
0,0,0
0,0,0
0,0,0
0,0,0
0,0,0
0,0,0
0,0,0
0,0,0
0,0,0
0,0,0
0,0,0
0,0,0
0,0,0
0,0,0
0,0,0
0,0,0
0,0,0
0,0,0
0,0,0
0,0,0
0,0,0
0,0,0
0,0,0
0,0,0
0,0,0
0,0,0
0,0,0
0,0,0
0,0,0
0,0,0
0,0,0
0,0,0
0,0,0
0,0,0
0,0,0
0,0,0
0,0,0
0,0,0
0,0,0
0,0,0
0,0,0
0,0,0
0,0,0
0,0,0
0,0,0
0,0,0
0,0,0
0,0,0
0,0,0
0,0,0
0,0,0
0,0,0
0,0,0
0,0,0
0,0,0
0,0,0
0,0,0
0,0,0
0,0,0
0,0,0
0,0,0
0,0,0
0,0,0
0,0,0
0,0,0
0,0,0
0,0,0
0,0,0
0,0,0
0,0,0
0,0,0
0,0,0
0,0,0
0,0,0
0,0,0
0,0,0
0,0,0
0,0,0
0,0,0
0,0,0
0,0,0
0,0,0
0,0,0
0,0,0
0,0,0
0,0,0
0,0,0
0,0,0
0,0,0
0,0,0
0,0,0
0,0,0
0,0,0
0,0,0
0,0,0
0,0,0
0,0,0
0,0,0
0,0,0
0,0,0
0,0,0
0,0,0
0,0,0
0,0,0
0,0,0
0,0,0
0,0,0
0,0,0
0,0,0
0,0,0
0,0,0
0,0,0
0,0,0
0,0,0
0,0,0
0,0,0
0,0,0
0,0,0
0,0,0
0,0,0
0,0,0
0,0,0
0,0,0
0,0,0
0,0,0
0,0,0
0,0,0
0,0,0
0,0,0
0,0,0
0,0,0
0,0,0
0,0,0
0,0,0
0,0,0
0,0,0
0,0,0
0,0,0
0,0,0
0,0,0
0,0,0
0,0,0
0,0,0
0,0,0
0,0,0
0,0,0
0,0,0
0,0,0
0,0,0
0,0,0
0,0,0
0,0,0
0,0,0
0,0,0
0,0,0
0,0,0
0,0,0
0,0,0
0,0,0
0,0,0
0,0,0
0,0,0
0,0,0
0,0,0
0,0,0
0,0,0
0,0,0
0,0,0
0,0,0
0,0,0
0,0,0
0,0,0
0,0,0
0,0,0
0,0,0
0,0,0
0,0,0
0,0,0
0,0,0
0,0,0
0,0,0
0,0,0
0,0,0
0,0,0
0,0,0
0,0,0
0,0,0
0,0,0
0,0,0
0,0,0
0,0,0
0,0,0
0,0,0
0,0,0
0,0,0
0,0,0
0,0,0
0,0,0
0,0,0
0,0,0
0,0,0
0,0,0
0,0,0
0,0,0
0,0,0
0,0,0
0,0,0
0,0,0
0,0,0
0,0,0
0,0,0
0,0,0
0,0,0
0,0,0
0,0,0
0,0,0
0,0,0
0,0,0
0,0,0
0,0,0
0,0,0
0,0,0
0,0,0
0,0,0
0,0,0
0,0,0
0,0,0
0,0,0
0,0,0
0,0,0
0,0,0
0,0,0
0,0,0
0,0,0
0,0,0
0,0,0
0,0,0
0,0,0
0,0,0
0,0,0
0,0,0
0,0,0
0,0,0
0,0,0
0,0,0
0,0,0
0,0,0
0,0,0
0,0,0
0,0,0
0,0,0
0,0,0
0,0,0
0,0,0
0,0,0
0,0,0
0,0,0
0,0,0
0,0,0
0,0,0
0,0,0
0,0,0
0,0,0
0,0,0
0,0,0
0,0,0
0,0,0
0,0,0
0,0,0
0,0,0
0,0,0
0,0,0
0,0,0
0,0,0
0,0,0
0,0,0
0,0,0
0,0,0
0,0,0
0,0,0
0,0,0
0,0,0
0,0,0
0,0,0
0,0,0
0,0,0
0,0,0
0,0,0
0,0,0
0,0,0
0,0,0
0,0,0
0,0,0
0,0,0
0,0,0
0,0,0
0,0,0
0,0,0
0,0,0
0,0,0
0,0,0
0,0,0
0,0,0
0,0,0
0,0,0
0,0,0
0,0,0
0,0,0
0,0,0
0,0,0
0,0,0
0,0,0
0,0,0
0,0,0
0,0,0
0,0,0
0,0,0
0,0,0
0,0,0
0,0,0
0,0,0
0,0,0
0,0,0
0,0,0
0,0,0
0,0,0
0,0,0
0,0,0
0,0,0
0,0,0
0,0,0
0,0,0
0,0,0
0,0,0
0,0,0
0,0,0
0,0,0
0,0,0
0,0,0
0,0,0
0,0,0
0,0,0
0,0,0
0,0,0
0,0,0
0,0,0
0,0,0
0,0,0
0,0,0
0,0,0
0,0,0
0,0,0
0,0,0
0,0,0
0,0,0
0,0,0
0,0,0
0,0,0
0,0,0
0,0,0
0,0,0
0,0,0
0,0,0
0,0,0
0,0,0
0,0,0
0,0,0
0,0,0
0,0,0
0,0,0
0,0,0
0,0,0
0,0,0
0,0,0
0,0,0
0,0,0
0,0,0
0,0,0
0,0,0
0,0,0
0,0,0
0,0,0
0,0,0
0,0,0
0,0,0
0,0,0
0,0,0
0,0,0
0,0,0
0,0,0
0,0,0
0,0,0
0,0,0
0,0,0
0,0,0
0,0,0
0,0,0
0,0,0
0,0,0
0,0,0
0,0,0
0,0,0
0,0,0
0,0,0
0,0,0
0,0,0
0,0,0
0,0,0
0,0,0
0,0,0
0,0,0
0,0,0
0,0,0
0,0,0
0,0,0
0,0,0
0,0,0
0,0,0
0,0,0
0,0,0
0,0,0
0,0,0
0,0,0
0,0,0
0,0,0
0,0,0
0,0,0
0,0,0
0,0,0
0,0,0
0,0,0
0,0,0
0,0,0
0,0,0
0,0,0
0,0,0
0,0,0
0,0,0
0,0,0
0,0,0
0,0,0
0,0,0
0,0,0
0,0,0
0,0,0
0,0,0
0,0,0
0,0,0
0,0,0
0,0,0
0,0,0
0,0,0
0,0,0
0,0,0
0,0,0
0,0,0
0,0,0
0,0,0
0,0,0
0,0,0
0,0,0
0,0,0
0,0,0
0,0,0
0,0,0
0,0,0
0,0,0
0,0,0
0,0,0
0,0,0
0,0,0
0,0,0
0,0,0
0,0,0
0,0,0
0,0,0
0,0,0
0,0,0
0,0,0
0,0,0
0,0,0
0,0,0
0,0,0
0,0,0
0,0,0
0,0,0
0,0,0
0,0,0
0,0,0
0,0,0
0,0,0
0,0,0
0,0,0
0,0,0
0,0,0
0,0,0
0,0,0
0,0,0
0,0,0
0,0,0
0,0,0
0,0,0
0,0,0
0,0,0
0,0,0
0,0,0
0,0,0
0,0,0
0,0,0
0,0,0
0,0,0
0,0,0
0,0,0
0,0,0
0,0,0
0,0,0
0,0,0
0,0,0
0,0,0
0,0,0
0,0,0
0,0,0
0,0,0
0,0,0
0,0,0
0,0,0
0,0,0
0,0,0
0,0,0
0,0,0
0,0,0
0,0,0
0,0,0
0,0,0
0,0,0
0,0,0
0,0,0
0,0,0
0,0,0
0,0,0
0,0,0
0,0,0
0,0,0
0,0,0
0,0,0
0,0,0
0,0,0
0,0,0
0,0,0
0,0,0
0,0,0
0,0,0
0,0,0
0,0,0
0,0,0
0,0,0
0,0,0
0,0,0
0,0,0
0,0,0
0,0,0
0,0,0
0,0,0
0,0,0
0,0,0
0,0,0
0,0,0
0,0,0
0,0,0
0,0,0
0,0,0
0,0,0
0,0,0
0,0,0
0,0,0
0,0,0
0,0,0
0,0,0
0,0,0
0,0,0
0,0,0
0,0,0
0,0,0
0,0,0
0,0,0
0,0,0
0,0,0
0,0,0
0,0,0
0,0,0
0,0,0
0,0,0
0,0,0
0,0,0
0,0,0
0,0,0
0,0,0
0,0,0
0,0,0
0,0,0
0,0,0
0,0,0
0,0,0
0,0,0
0,0,0
0,0,0
0,0,0
0,0,0
0,0,0
0,0,0
0,0,0
0,0,0
0,0,0
0,0,0
0,0,0
0,0,0
0,0,0
0,0,0
0,0,0
0,0,0
0,0,0
0,0,0
0,0,0
0,0,0
0,0,0
0,0,0
0,0,0
0,0,0
0,0,0
0,0,0
0,0,0
0,0,0
0,0,0
0,0,0
0,0,0
0,0,0
0,0,0
0,0,0
0,0,0
0,0,0
0,0,0
0,0,0
0,0,0
0,0,0
0,0,0
0,0,0
0,0,0
0,0,0
0,0,0
0,0,0
0,0,0
0,0,0
0,0,0
0,0,0
0,0,0
0,0,0
0,0,0
0,0,0
0,0,0
0,0,0
0,0,0
0,0,0
0,0,0
0,0,0
0,0,0
0,0,0
0,0,0
0,0,0
0,0,0
0,0,0
0,0,0
0,0,0
0,0,0
0,0,0
0,0,0
0,0,0
0,0,0
0,0,0
0,0,0
0,0,0
0,0,0
0,0,0
0,0,0
0,0,0
0,0,0
0,0,0
0,0,0
0,0,0
0,0,0
0,0,0
0,0,0
0,0,0
0,0,0
0,0,0
0,0,0
0,0,0
0,0,0
0,0,0
0,0,0
0,0,0
0,0,0
0,0,0
0,0,0
0,0,0
0,0,0
0,0,0
0,0,0
0,0,0
0,0,0
0,0,0
0,0,0
0,0,0
0,0,0
0,0,0
0,0,0
0,0,0
0,0,0
0,0,0
0,0,0
0,0,0
0,0,0
0,0,0
0,0,0
0,0,0
0,0,0
0,0,0
0,0,0
0,0,0
0,0,0
0,0,0
0,0,0
0,0,0
0,0,0
0,0,0
0,0,0
0,0,0
0,0,0
0,0,0
0,0,0
0,0,0
0,0,0
0,0,0
0,0,0
0,0,0
0,0,0
0,0,0
0,0,0
0,0,0
0,0,0
0,0,0
0,0,0
0,0,0
0,0,0
0,0,0
0,0,0
0,0,0
0,0,0
0,0,0
0,0,0
0,0,0
0,0,0
0,0,0
0,0,0
0,0,0
0,0,0
0,0,0
0,0,0
0,0,0
0,0,0
0,0,0
0,0,0
0,0,0
0,0,0
0,0,0
0,0,0
0,0,0
0,0,0
0,0,0
0,0,0
0,0,0
0,0,0
0,0,0
0,0,0
0,0,0
0,0,0
0,0,0
0,0,0
0,0,0
0,0,0
0,0,0
0,0,0
0,0,0
0,0,0
0,0,0
0,0,0
0,0,0
0,0,0
0,0,0
0,0,0
0,0,0
0,0,0
0,0,0
0,0,0
0,0,0
0,0,0
0,0,0
0,0,0
0,0,0
0,0,0
0,0,0
0,0,0
0,0,0
0,0,0
0,0,0
0,0,0
0,0,0
0,0,0
0,0,0
0,0,0
0,0,0
0,0,0
0,0,0
0,0,0
0,0,0
0,0,0
0,0,0
0,0,0
0,0,0
0,0,0
0,0,0
0,0,0
0,0,0
0,0,0
0,0,0
0,0,0
0,0,0
0,0,0
0,0,0
0,0,0
0,0,0
0,0,0
0,0,0
0,0,0
0,0,0
0,0,0
0,0,0
0,0,0
0,0,0
0,0,0
0,0,0
0,0,0
0,0,0
0,0,0
0,0,0
0,0,0
0,0,0
0,0,0
0,0,0
0,0,0
0,0,0
0,0,0
0,0,0
0,0,0
0,0,0
0,0,0
0,0,0
0,0,0
0,0,0
0,0,0
0,0,0
0,0,0
0,0,0
0,0,0
0,0,0
0,0,0
0,0,0
0,0,0
0,0,0
0,0,0
0,0,0
0,0,0
0,0,0
0,0,0
0,0,0
0,0,0
0,0,0
0,0,0
0,0,0
0,0,0
0,0,0
0,0,0
0,0,0
0,0,0
0,0,0
0,0,0
0,0,0
0,0,0
0,0,0
0,0,0
0,0,0
0,0,0
0,0,0
0,0,0
0,0,0
0,0,0
0,0,0
0,0,0
0,0,0
0,0,0
0,0,0
0,0,0
0,0,0
0,0,0
0,0,0
0,0,0
0,0,0
0,0,0
0,0,0
0,0,0
0,0,0
0,0,0
0,0,0
0,0,0
0,0,0
0,0,0
0,0,0
0,0,0
0,0,0
0,0,0
0,0,0
0,0,0
0,0,0
0,0,0
0,0,0
0,0,0
0,0,0
0,0,0
0,0,0
0,0,0
0,0,0
0,0,0
0,0,0
0,0,0
0,0,0
0,0,0
0,0,0
0,0,0
0,0,0
0,0,0
0,0,0
0,0,0
0,0,0
0,0,0
0,0,0
0,0,0
0,0,0
0,0,0
0,0,0
0,0,0
0,0,0
0,0,0
0,0,0
0,0,0
0,0,0
0,0,0
0,0,0
0,0,0
0,0,0
0,0,0
0,0,0
0,0,0
0,0,0
0,0,0
0,0,0
0,0,0
0,0,0
0,0,0
0,0,0
0,0,0
0,0,0
0,0,0
0,0,0
0,0,0
0,0,0
0,0,0
0,0,0
0,0,0
0,0,0
0,0,0
0,0,0
0,0,0
0,0,0
0,0,0
0,0,0
0,0,0
0,0,0
0,0,0
0,0,0
0,0,0
0,0,0
0,0,0
0,0,0
0,0,0
0,0,0
0,0,0
0,0,0
0,0,0
0,0,0
0,0,0
0,0,0
0,0,0
0,0,0
0,0,0
0,0,0
0,0,0
0,0,0
0,0,0
0,0,0
0,0,0
0,0,0
0,0,0
0,0,0
0,0,0
0,0,0
0,0,0
0,0,0
0,0,0
0,0,0
0,0,0
0,0,0
0,0,0
0,0,0
0,0,0
0,0,0
0,0,0
0,0,0
0,0,0
0,0,0
0,0,0
0,0,0
0,0,0
0,0,0
0,0,0
0,0,0
0,0,0
0,0,0
0,0,0
0,0,0
0,0,0
0,0,0
0,0,0
0,0,0
0,0,0
0,0,0
0,0,0
0,0,0
0,0,0
0,0,0
0,0,0
0,0,0
0,0,0
0,0,0
0,0,0
0,0,0
0,0,0
0,0,0
0,0,0
0,0,0
0,0,0
0,0,0
0,0,0
0,0,0
0,0,0
0,0,0
0,0,0
0,0,0
0,0,0
0,0,0
0,0,0
0,0,0
0,0,0
0,0,0
0,0,0
0,0,0
0,0,0
0,0,0
0,0,0
0,0,0
0,0,0
0,0,0
0,0,0
0,0,0
0,0,0
0,0,0
0,0,0
0,0,0
0,0,0
0,0,0
0,0,0
0,0,0
0,0,0
0,0,0
0,0,0
0,0,0
0,0,0
0,0,0
0,0,0
0,0,0
0,0,0
0,0,0
0,0,0
0,0,0
0,0,0
0,0,0
0,0,0
0,0,0
0,0,0
0,0,0
0,0,0
0,0,0
0,0,0
0,0,0
0,0,0
0,0,0
0,0,0
0,0,0
0,0,0
0,0,0
0,0,0
0,0,0
0,0,0
0,0,0
0,0,0
0,0,0
0,0,0
0,0,0
0,0,0
0,0,0
0,0,0
0,0,0
0,0,0
0,0,0
0,0,0
0,0,0
0,0,0
0,0,0
0,0,0
0,0,0
0,0,0
0,0,0
0,0,0
0,0,0
0,0,0
0,0,0
0,0,0
0,0,0
0,0,0
0,0,0
0,0,0
0,0,0
0,0,0
0,0,0
0,0,0
0,0,0
0,0,0
0,0,0
0,0,0
0,0,0
0,0,0
0,0,0
0,0,0
0,0,0
0,0,0
0,0,0
0,0,0
0,0,0
0,0,0
0,0,0
0,0,0
0,0,0
0,0,0
0,0,0
0,0,0
0,0,0
0,0,0
0,0,0
0,0,0
0,0,0
0,0,0
0,0,0
0,0,0
0,0,0
0,0,0
0,0,0
0,0,0
0,0,0
0,0,0
0,0,0
0,0,0
0,0,0
0,0,0
0,0,0
0,0,0
0,0,0
0,0,0
0,0,0
0,0,0
0,0,0
0,0,0
0,0,0
0,0,0
0,0,0
0,0,0
0,0,0
0,0,0
0,0,0
0,0,0
0,0,0
0,0,0
0,0,0
0,0,0
0,0,0
0,0,0
0,0,0
0,0,0
0,0,0
0,0,0
0,0,0
0,0,0
0,0,0
0,0,0
0,0,0
0,0,0
0,0,0
0,0,0
0,0,0
0,0,0
0,0,0
0,0,0
0,0,0
0,0,0
0,0,0
0,0,0
0,0,0
0,0,0
0,0,0
0,0,0
0,0,0
0,0,0
0,0,0
0,0,0
0,0,0
0,0,0
0,0,0
0,0,0
0,0,0
0,0,0
0,0,0
0,0,0
0,0,0
0,0,0
0,0,0
0,0,0
0,0,0
0,0,0
0,0,0
0,0,0
0,0,0
0,0,0
0,0,0
0,0,0
0,0,0
0,0,0
0,0,0
0,0,0
0,0,0
0,0,0
0,0,0
0,0,0
0,0,0
0,0,0
0,0,0
0,0,0
0,0,0
0,0,0
0,0,0
0,0,0
0,0,0
0,0,0
0,0,0
0,0,0
0,0,0
0,0,0
0,0,0
0,0,0
0,0,0
0,0,0
0,0,0
0,0,0
0,0,0
0,0,0
0,0,0
0,0,0
0,0,0
0,0,0
0,0,0
0,0,0
0,0,0
0,0,0
0,0,0
0,0,0
0,0,0
0,0,0
0,0,0
0,0,0
0,0,0
0,0,0
0,0,0
0,0,0
0,0,0
0,0,0
0,0,0
0,0,0
0,0,0
0,0,0
0,0,0
0,0,0
0,0,0
0,0,0
0,0,0
0,0,0
0,0,0
0,0,0
0,0,0
0,0,0
0,0,0
0,0,0
0,0,0
0,0,0
0,0,0
0,0,0
0,0,0
0,0,0
0,0,0
0,0,0
0,0,0
0,0,0
0,0,0
0,0,0
0,0,0
0,0,0
0,0,0
0,0,0
0,0,0
0,0,0
0,0,0
0,0,0
0,0,0
0,0,0
0,0,0
0,0,0
0,0,0
0,0,0
0,0,0
0,0,0
0,0,0
0,0,0
0,0,0
0,0,0
0,0,0
0,0,0
0,0,0
0,0,0
0,0,0
0,0,0
0,0,0
0,0,0
0,0,0
0,0,0
0,0,0
0,0,0
0,0,0
0,0,0
0,0,0
0,0,0
0,0,0
0,0,0
0,0,0
0,0,0
0,0,0
0,0,0
0,0,0
0,0,0
0,0,0
0,0,0
0,0,0
0,0,0
0,0,0
0,0,0
0,0,0
0,0,0
0,0,0
0,0,0
0,0,0
0,0,0
0,0,0
0,0,0
0,0,0
0,0,0
0,0,0
0,0,0
0,0,0
0,0,0
0,0,0
0,0,0
0,0,0
0,0,0
0,0,0
0,0,0
0,0,0
0,0,0
0,0,0
0,0,0
0,0,0
0,0,0
0,0,0
0,0,0
0,0,0
0,0,0
0,0,0
0,0,0
0,0,0
0,0,0
0,0,0
0,0,0
0,0,0
0,0,0
0,0,0
0,0,0
0,0,0
0,0,0
0,0,0
0,0,0
0,0,0
0,0,0
0,0,0
0,0,0
0,0,0
0,0,0
0,0,0
0,0,0
0,0,0
0,0,0
0,0,0
0,0,0
0,0,0
0,0,0
0,0,0
0,0,0
0,0,0
0,0,0
0,0,0
0,0,0
0,0,0
0,0,0
0,0,0
0,0,0
0,0,0
0,0,0
0,0,0
0,0,0
0,0,0
0,0,0
0,0,0
0,0,0
0,0,0
0,0,0
0,0,0
0,0,0
0,0,0
0,0,0
0,0,0
0,0,0
0,0,0
0,0,0
0,0,0
0,0,0
0,0,0
0,0,0
0,0,0
0,0,0
0,0,0
0,0,0
0,0,0
0,0,0
0,0,0
0,0,0
0,0,0
0,0,0
0,0,0
0,0,0
0,0,0
0,0,0
0,0,0
0,0,0
0,0,0
0,0,0
0,0,0
0,0,0
0,0,0
0,0,0
0,0,0
0,0,0
0,0,0
0,0,0
0,0,0
0,0,0
0,0,0
0,0,0
0,0,0
0,0,0
0,0,0
0,0,0
0,0,0
0,0,0
0,0,0
0,0,0
0,0,0
0,0,0
0,0,0
0,0,0
0,0,0
0,0,0
0,0,0
0,0,0
0,0,0
0,0,0
0,0,0
0,0,0
0,0,0
0,0,0
0,0,0
0,0,0
0,0,0
0,0,0
0,0,0
0,0,0
0,0,0
0,0,0
0,0,0
0,0,0
0,0,0
0,0,0
0,0,0
0,0,0
0,0,0
0,0,0
0,0,0
0,0,0
0,0,0
0,0,0
0,0,0
0,0,0
0,0,0
0,0,0
0,0,0
0,0,0
0,0,0
0,0,0
0,0,0
0,0,0
0,0,0
0,0,0
0,0,0
0,0,0
0,0,0
0,0,0
0,0,0
0,0,0
0,0,0
0,0,0
0,0,0
0,0,0
0,0,0
0,0,0
0,0,0
0,0,0
0,0,0
0,0,0
0,0,0
0,0,0
0,0,0
0,0,0
0,0,0
0,0,0
0,0,0
0,0,0
0,0,0
0,0,0
0,0,0
0,0,0
0,0,0
0,0,0
0,0,0
0,0,0
0,0,0
0,0,0
0,0,0
0,0,0
0,0,0
0,0,0
0,0,0
0,0,0
0,0,0
0,0,0
0,0,0
0,0,0
0,0,0
0,0,0
0,0,0
0,0,0
0,0,0
0,0,0
0,0,0
0,0,0
0,0,0
0,0,0
0,0,0
0,0,0
0,0,0
0,0,0
0,0,0
0,0,0
0,0,0
0,0,0
0,0,0
0,0,0
0,0,0
0,0,0
0,0,0
0,0,0
0,0,0
0,0,0
0,0,0
0,0,0
0,0,0
0,0,0
0,0,0
0,0,0
0,0,0
0,0,0
0,0,0
0,0,0
0,0,0
0,0,0
0,0,0
0,0,0
0,0,0
0,0,0
0,0,0
0,0,0
0,0,0
0,0,0
0,0,0
0,0,0
0,0,0
0,0,0
0,0,0
0,0,0
0,0,0
0,0,0
0,0,0
0,0,0
0,0,0
0,0,0
0,0,0
0,0,0
0,0,0
0,0,0
0,0,0
0,0,0
0,0,0
0,0,0
0,0,0
0,0,0
0,0,0
0,0,0
0,0,0
0,0,0
0,0,0
0,0,0
0,0,0
0,0,0
0,0,0
0,0,0
0,0,0
0,0,0
0,0,0
0,0,0
0,0,0
0,0,0
0,0,0
0,0,0
0,0,0
0,0,0
0,0,0
0,0,0
0,0,0
0,0,0
0,0,0
0,0,0
0,0,0
0,0,0
0,0,0
0,0,0
0,0,0
0,0,0
0,0,0
0,0,0
0,0,0
0,0,0
0,0,0
0,0,0
0,0,0
0,0,0
0,0,0
0,0,0
0,0,0
0,0,0
0,0,0
0,0,0
0,0,0
0,0,0
0,0,0
0,0,0
0,0,0
0,0,0
0,0,0
0,0,0
0,0,0
0,0,0
0,0,0
0,0,0
0,0,0
0,0,0
0,0,0
0,0,0
0,0,0
0,0,0
0,0,0
0,0,0
0,0,0
0,0,0
0,0,0
0,0,0
0,0,0
0,0,0
0,0,0
0,0,0
0,0,0
0,0,0
0,0,0
0,0,0
0,0,0
0,0,0
0,0,0
0,0,0
0,0,0
0,0,0
0,0,0
0,0,0
0,0,0
0,0,0
0,0,0
0,0,0
0,0,0
0,0,0
0,0,0
0,0,0
0,0,0
0,0,0
0,0,0
0,0,0
0,0,0
0,0,0
0,0,0
0,0,0
0,0,0
0,0,0
0,0,0
0,0,0
0,0,0
0,0,0
0,0,0
0,0,0
0,0,0
0,0,0
0,0,0
0,0,0
0,0,0
0,0,0
0,0,0
0,0,0
0,0,0
0,0,0
0,0,0
0,0,0
0,0,0
0,0,0
0,0,0
0,0,0
0,0,0
0,0,0
0,0,0
0,0,0
0,0,0
0,0,0
0,0,0
0,0,0
0,0,0
0,0,0
0,0,0
0,0,0
0,0,0
0,0,0
0,0,0
0,0,0
0,0,0
0,0,0
0,0,0
0,0,0
0,0,0
0,0,0
0,0,0
0,0,0
0,0,0
0,0,0
0,0,0
0,0,0
0,0,0
0,0,0
0,0,0
0,0,0
0,0,0
0,0,0
0,0,0
0,0,0
0,0,0
0,0,0
0,0,0
0,0,0
0,0,0
0,0,0
0,0,0
0,0,0
0,0,0
0,0,0
0,0,0
0,0,0
0,0,0
0,0,0
0,0,0
0,0,0
0,0,0
0,0,0
0,0,0
0,0,0
0,0,0
0,0,0
0,0,0
0,0,0
0,0,0
0,0,0
0,0,0
0,0,0
0,0,0
0,0,0
0,0,0
0,0,0
0,0,0
0,0,0
0,0,0
0,0,0
0,0,0
0,0,0
0,0,0
0,0,0
0,0,0
0,0,0
0,0,0
0,0,0
0,0,0
0,0,0
0,0,0
0,0,0
0,0,0
0,0,0
0,0,0
0,0,0
0,0,0
0,0,0
0,0,0
0,0,0
0,0,0
0,0,0
0,0,0
0,0,0
0,0,0
0,0,0
0,0,0
0,0,0
0,0,0
0,0,0
0,0,0
0,0,0
0,0,0
0,0,0
0,0,0
0,0,0
0,0,0
0,0,0
0,0,0
0,0,0
0,0,0
0,0,0
0,0,0
0,0,0
0,0,0
0,0,0
0,0,0
0,0,0
0,0,0
0,0,0
0,0,0
0,0,0
0,0,0
0,0,0
0,0,0
0,0,0
0,0,0
0,0,0
0,0,0
0,0,0
0,0,0
0,0,0
0,0,0
0,0,0
0,0,0
0,0,0
0,0,0
0,0,0
0,0,0
0,0,0
0,0,0
0,0,0
0,0,0
0,0,0
0,0,0
0,0,0
0,0,0
0,0,0
0,0,0
0,0,0
0,0,0
0,0,0
0,0,0
0,0,0
0,0,0
0,0,0
0,0,0
0,0,0
0,0,0
0,0,0
0,0,0
0,0,0
0,0,0
0,0,0
0,0,0
0,0,0
0,0,0
0,0,0
0,0,0
0,0,0
0,0,0
0,0,0
0,0,0
0,0,0
0,0,0
0,0,0
0,0,0
0,0,0
0,0,0
0,0,0
0,0,0
0,0,0
0,0,0
0,0,0
0,0,0
0,0,0
0,0,0
0,0,0
0,0,0
0,0,0
0,0,0
0,0,0
0,0,0
0,0,0
0,0,0
0,0,0
0,0,0
0,0,0
0,0,0
0,0,0
0,0,0
0,0,0
0,0,0
0,0,0
0,0,0
0,0,0
0,0,0
0,0,0
0,0,0
0,0,0
0,0,0
0,0,0
0,0,0
0,0,0
0,0,0
0,0,0
0,0,0
0,0,0
0,0,0
0,0,0
0,0,0
0,0,0
0,0,0
0,0,0
0,0,0
0,0,0
0,0,0
0,0,0
0,0,0
0,0,0
0,0,0
0,0,0
0,0,0
0,0,0
0,0,0
0,0,0
0,0,0
0,0,0
0,0,0
0,0,0
0,0,0
0,0,0
0,0,0
0,0,0
0,0,0
0,0,0
0,0,0
0,0,0
0,0,0
0,0,0
0,0,0
0,0,0
0,0,0
0,0,0
0,0,0
0,0,0
0,0,0
0,0,0
0,0,0
0,0,0
0,0,0
0,0,0
0,0,0
0,0,0
0,0,0
0,0,0
0,0,0
0,0,0
0,0,0
0,0,0
0,0,0
0,0,0
0,0,0
0,0,0
0,0,0
0,0,0
0,0,0
0,0,0
0,0,0
0,0,0
0,0,0
0,0,0
0,0,0
0,0,0
0,0,0
0,0,0
0,0,0
0,0,0
0,0,0
0,0,0
0,0,0
0,0,0
0,0,0
0,0,0
0,0,0
0,0,0
0,0,0
0,0,0
0,0,0
0,0,0
0,0,0
0,0,0
0,0,0
0,0,0
0,0,0
0,0,0
0,0,0
0,0,0
0,0,0
0,0,0
0,0,0
0,0,0
0,0,0
0,0,0
0,0,0
0,0,0
0,0,0
0,0,0
0,0,0
0,0,0
0,0,0
0,0,0
0,0,0
0,0,0
0,0,0
0,0,0
0,0,0
0,0,0
0,0,0
0,0,0
0,0,0
0,0,0
0,0,0
0,0,0
0,0,0
0,0,0
0,0,0
0,0,0
0,0,0
0,0,0
0,0,0
0,0,0
0,0,0
0,0,0
0,0,0
0,0,0
0,0,0
0,0,0
0,0,0
0,0,0
0,0,0
0,0,0
0,0,0
0,0,0
0,0,0
0,0,0
0,0,0
0,0,0
0,0,0
0,0,0
0,0,0
0,0,0
0,0,0
0,0,0
0,0,0
0,0,0
0,0,0
0,0,0
0,0,0
0,0,0
0,0,0
0,0,0
0,0,0
0,0,0
0,0,0
0,0,0
0,0,0
0,0,0
0,0,0
0,0,0
0,0,0
0,0,0
0,0,0
0,0,0
0,0,0
0,0,0
0,0,0
0,0,0
0,0,0
0,0,0
0,0,0
0,0,0
0,0,0
0,0,0
0,0,0
0,0,0
0,0,0
0,0,0
0,0,0
0,0,0
0,0,0
0,0,0
0,0,0
0,0,0
0,0,0
0,0,0
0,0,0
0,0,0
0,0,0
0,0,0
0,0,0
0,0,0
0,0,0
0,0,0
0,0,0
0,0,0
0,0,0
0,0,0
0,0,0
0,0,0
0,0,0
0,0,0
0,0,0
0,0,0
0,0,0
0,0,0
0,0,0
0,0,0
0,0,0
0,0,0
0,0,0
0,0,0
0,0,0
0,0,0
0,0,0
0,0,0
0,0,0
0,0,0
0,0,0
0,0,0
0,0,0
0,0,0
0,0,0
0,0,0
0,0,0
0,0,0
0,0,0
0,0,0
0,0,0
0,0,0
0,0,0
0,0,0
0,0,0
0,0,0
0,0,0
0,0,0
0,0,0
0,0,0
0,0,0
0,0,0
0,0,0
0,0,0
0,0,0
0,0,0
0,0,0
0,0,0
0,0,0
0,0,0
0,0,0
0,0,0
0,0,0
0,0,0
0,0,0
0,0,0
0,0,0
0,0,0
0,0,0
0,0,0
0,0,0
0,0,0
0,0,0
0,0,0
0,0,0
0,0,0
0,0,0
0,0,0
0,0,0
0,0,0
0,0,0
0,0,0
0,0,0
0,0,0
0,0,0
0,0,0
0,0,0
0,0,0
0,0,0
0,0,0
0,0,0
0,0,0
0,0,0
0,0,0
0,0,0
0,0,0
0,0,0
0,0,0
0,0,0
0,0,0
0,0,0
0,0,0
0,0,0
0,0,0
0,0,0
0,0,0
0,0,0
0,0,0
0,0,0
0,0,0
0,0,0
0,0,0
0,0,0
0,0,0
0,0,0
0,0,0
0,0,0
0,0,0
0,0,0
0,0,0
0,0,0
0,0,0
0,0,0
0,0,0
0,0,0
0,0,0
0,0,0
0,0,0
0,0,0
0,0,0
0,0,0
0,0,0
0,0,0
0,0,0
0,0,0
0,0,0
0,0,0
0,0,0
0,0,0
0,0,0
0,0,0
0,0,0
0,0,0
0,0,0
0,0,0
0,0,0
0,0,0
0,0,0
0,0,0
0,0,0
0,0,0
0,0,0
0,0,0
0,0,0
0,0,0
0,0,0
0,0,0
0,0,0
0,0,0
0,0,0
0,0,0
0,0,0
0,0,0
0,0,0
0,0,0
0,0,0
0,0,0
0,0,0
0,0,0
0,0,0
0,0,0
0,0,0
0,0,0
0,0,0
0,0,0
0,0,0
0,0,0
0,0,0
0,0,0
0,0,0
0,0,0
0,0,0
0,0,0
0,0,0
0,0,0
0,0,0
0,0,0
0,0,0
0,0,0
0,0,0
0,0,0
0,0,0
0,0,0
0,0,0
0,0,0
0,0,0
0,0,0
0,0,0
0,0,0
0,0,0
0,0,0
0,0,0
0,0,0
0,0,0
0,0,0
0,0,0
0,0,0
0,0,0
0,0,0
0,0,0
0,0,0
0,0,0
0,0,0
0,0,0
0,0,0
0,0,0
0,0,0
0,0,0
0,0,0
0,0,0
0,0,0
0,0,0
0,0,0
0,0,0
0,0,0
0,0,0
0,0,0
0,0,0
0,0,0
0,0,0
0,0,0
0,0,0
0,0,0
0,0,0
0,0,0
0,0,0
0,0,0
0,0,0
0,0,0
0,0,0
0,0,0
0,0,0
0,0,0
0,0,0
0,0,0
0,0,0
0,0,0
0,0,0
0,0,0
0,0,0
0,0,0
0,0,0
0,0,0
0,0,0
0,0,0
0,0,0
0,0,0
0,0,0
0,0,0
0,0,0
0,0,0
0,0,0
0,0,0
0,0,0
0,0,0
0,0,0
0,0,0
0,0,0
0,0,0
0,0,0
0,0,0
0,0,0
0,0,0
0,0,0
0,0,0
0,0,0
0,0,0
0,0,0
0,0,0
0,0,0
0,0,0
0,0,0
0,0,0
0,0,0
0,0,0
0,0,0
0,0,0
0,0,0
0,0,0
0,0,0
0,0,0
0,0,0
0,0,0
0,0,0
0,0,0
0,0,0
0,0,0
0,0,0
0,0,0
0,0,0
0,0,0
0,0,0
0,0,0
0,0,0
0,0,0
0,0,0
0,0,0
0,0,0
0,0,0
0,0,0
0,0,0
0,0,0
0,0,0
0,0,0
0,0,0
0,0,0
0,0,0
0,0,0
0,0,0
0,0,0
0,0,0
0,0,0
0,0,0
0,0,0
0,0,0
0,0,0
0,0,0
0,0,0
0,0,0
0,0,0
0,0,0
0,0,0
0,0,0
0,0,0
0,0,0
0,0,0
0,0,0
0,0,0
0,0,0
0,0,0
0,0,0
0,0,0
0,0,0
0,0,0
0,0,0
0,0,0
0,0,0
0,0,0
0,0,0
0,0,0
0,0,0
0,0,0
0,0,0
0,0,0
0,0,0
0,0,0
0,0,0
0,0,0
0,0,0
0,0,0
0,0,0
0,0,0
0,0,0
0,0,0
0,0,0
0,0,0
0,0,0
0,0,0
0,0,0
0,0,0
0,0,0
0,0,0
0,0,0
0,0,0
0,0,0
0,0,0
0,0,0
0,0,0
0,0,0
0,0,0
0,0,0
0,0,0
0,0,0
0,0,0
0,0,0
0,0,0
0,0,0
0,0,0
0,0,0
0,0,0
0,0,0
0,0,0
0,0,0
0,0,0
0,0,0
0,0,0
0,0,0
0,0,0
0,0,0
0,0,0
0,0,0
0,0,0
0,0,0
0,0,0
0,0,0
0,0,0
0,0,0
0,0,0
0,0,0
0,0,0
0,0,0
0,0,0
0,0,0
0,0,0
0,0,0
0,0,0
0,0,0
0,0,0
0,0,0
0,0,0
0,0,0
0,0,0
0,0,0
0,0,0
0,0,0
0,0,0
0,0,0
0,0,0
0,0,0
0,0,0
0,0,0
0,0,0
0,0,0
0,0,0
0,0,0
0,0,0
0,0,0
0,0,0
0,0,0
0,0,0
0,0,0
0,0,0
0,0,0
0,0,0
0,0,0
0,0,0
0,0,0
0,0,0
0,0,0
0,0,0
0,0,0
0,0,0
0,0,0
0,0,0
0,0,0
0,0,0
0,0,0
0,0,0
0,0,0
0,0,0
0,0,0
0,0,0
0,0,0
0,0,0
0,0,0
0,0,0
0,0,0
0,0,0
0,0,0
0,0,0
0,0,0
0,0,0
0,0,0
0,0,0
0,0,0
0,0,0
0,0,0
0,0,0
0,0,0
0,0,0
0,0,0
0,0,0
0,0,0
0,0,0
0,0,0
0,0,0
0,0,0
0,0,0
0,0,0
0,0,0
0,0,0
0,0,0
0,0,0
0,0,0
0,0,0
0,0,0
0,0,0
0,0,0
0,0,0
0,0,0
0,0,0
0,0,0
0,0,0
0,0,0
0,0,0
0,0,0
0,0,0
0,0,0
0,0,0
0,0,0
0,0,0
0,0,0
0,0,0
0,0,0
0,0,0
0,0,0
0,0,0
0,0,0
0,0,0
0,0,0
0,0,0
0,0,0
0,0,0
0,0,0
0,0,0
0,0,0
0,0,0
0,0,0
0,0,0
0,0,0
0,0,0
0,0,0
0,0,0
0,0,0
0,0,0
0,0,0
0,0,0
0,0,0
0,0,0
0,0,0
0,0,0
0,0,0
0,0,0
0,0,0
0,0,0
0,0,0
0,0,0
0,0,0
0,0,0
0,0,0
0,0,0
0,0,0
0,0,0
0,0,0
0,0,0
0,0,0
0,0,0
0,0,0
0,0,0
0,0,0
0,0,0
0,0,0
0,0,0
0,0,0
0,0,0
0,0,0
0,0,0
0,0,0
0,0,0
0,0,0
0,0,0
0,0,0
0,0,0
0,0,0
0,0,0
0,0,0
0,0,0
0,0,0
0,0,0
0,0,0
0,0,0
0,0,0
0,0,0
0,0,0
0,0,0
0,0,0
0,0,0
0,0,0
0,0,0
0,0,0
0,0,0
0,0,0
0,0,0
0,0,0
0,0,0
0,0,0
0,0,0
0,0,0
0,0,0
0,0,0
0,0,0
0,0,0
0,0,0
0,0,0
0,0,0
0,0,0
0,0,0
0,0,0
0,0,0
0,0,0
0,0,0
0,0,0
0,0,0
0,0,0
0,0,0
0,0,0
0,0,0
0,0,0
0,0,0
0,0,0
0,0,0
0,0,0
0,0,0
0,0,0
0,0,0
0,0,0
0,0,0
0,0,0
0,0,0
0,0,0
0,0,0
0,0,0
0,0,0
0,0,0
0,0,0
0,0,0
0,0,0
0,0,0
0,0,0
0,0,0
0,0,0
0,0,0
0,0,0
0,0,0
0,0,0
0,0,0
0,0,0
0,0,0
0,0,0
0,0,0
0,0,0
0,0,0
0,0,0
0,0,0
0,0,0
0,0,0
0,0,0
0,0,0
0,0,0
0,0,0
0,0,0
0,0,0
0,0,0
0,0,0
0,0,0
0,0,0
0,0,0
0,0,0
0,0,0
0,0,0
0,0,0
0,0,0
0,0,0
0,0,0
0,0,0
0,0,0
0,0,0
0,0,0
0,0,0
0,0,0
0,0,0
0,0,0
0,0,0
0,0,0
0,0,0
0,0,0
0,0,0
0,0,0
0,0,0
0,0,0
0,0,0
0,0,0
0,0,0
0,0,0
0,0,0
0,0,0
0,0,0
0,0,0
0,0,0
0,0,0
0,0,0
0,0,0
0,0,0
0,0,0
0,0,0
0,0,0
0,0,0
0,0,0
0,0,0
0,0,0
0,0,0
0,0,0
0,0,0
0,0,0
0,0,0
0,0,0
0,0,0
0,0,0
0,0,0
0,0,0
0,0,0
0,0,0
0,0,0
0,0,0
0,0,0
0,0,0
0,0,0
0,0,0
0,0,0
0,0,0
0,0,0
0,0,0
0,0,0
0,0,0
0,0,0
0,0,0
0,0,0
0,0,0
0,0,0
0,0,0
0,0,0
0,0,0
0,0,0
0,0,0
0,0,0
0,0,0
0,0,0
0,0,0
0,0,0
0,0,0
0,0,0
0,0,0
0,0,0
0,0,0
0,0,0
0,0,0
0,0,0
0,0,0
0,0,0
0,0,0
0,0,0
0,0,0
0,0,0
0,0,0
0,0,0
0,0,0
0,0,0
0,0,0
0,0,0
0,0,0
0,0,0
0,0,0
0,0,0
0,0,0
0,0,0
0,0,0
0,0,0
0,0,0
0,0,0
0,0,0
0,0,0
0,0,0
0,0,0
0,0,0
0,0,0
0,0,0
0,0,0
0,0,0
0,0,0
0,0,0
0,0,0
0,0,0
0,0,0
0,0,0
0,0,0
0,0,0
0,0,0
0,0,0
0,0,0
0,0,0
0,0,0
0,0,0
0,0,0
0,0,0
0,0,0
0,0,0
0,0,0
0,0,0
0,0,0
0,0,0
0,0,0
0,0,0
0,0,0
0,0,0
0,0,0
0,0,0
0,0,0
0,0,0
0,0,0
0,0,0
0,0,0
0,0,0
0,0,0
0,0,0
0,0,0
0,0,0
0,0,0
0,0,0
0,0,0
0,0,0
0,0,0
0,0,0
0,0,0
0,0,0
0,0,0
0,0,0
0,0,0
0,0,0
0,0,0
0,0,0
0,0,0
0,0,0
0,0,0
0,0,0
0,0,0
0,0,0
0,0,0
0,0,0
0,0,0
0,0,0
0,0,0
0,0,0
0,0,0
0,0,0
0,0,0
0,0,0
0,0,0
0,0,0
0,0,0
0,0,0
0,0,0
0,0,0
0,0,0
0,0,0
0,0,0
0,0,0
0,0,0
0,0,0
0,0,0
0,0,0
0,0,0
0,0,0
0,0,0
0,0,0
0,0,0
0,0,0
0,0,0
0,0,0
0,0,0
0,0,0
0,0,0
0,0,0
0,0,0
0,0,0
0,0,0
0,0,0
0,0,0
0,0,0
0,0,0
0,0,0
0,0,0
0,0,0
0,0,0
0,0,0
0,0,0
0,0,0
0,0,0
0,0,0
0,0,0
0,0,0
0,0,0
0,0,0
0,0,0
0,0,0
0,0,0
0,0,0
0,0,0
0,0,0
0,0,0
0,0,0
0,0,0
0,0,0
0,0,0
0,0,0
0,0,0
0,0,0
0,0,0
0,0,0
0,0,0
0,0,0
0,0,0
0,0,0
0,0,0
0,0,0
0,0,0
0,0,0
0,0,0
0,0,0
0,0,0
0,0,0
0,0,0
0,0,0
0,0,0
0,0,0
0,0,0
0,0,0
0,0,0
0,0,0
0,0,0
0,0,0
0,0,0
0,0,0
0,0,0
0,0,0
0,0,0
0,0,0
0,0,0
0,0,0
0,0,0
0,0,0
0,0,0
0,0,0
0,0,0
0,0,0
0,0,0
0,0,0
0,0,0
0,0,0
0,0,0
0,0,0
0,0,0
0,0,0
0,0,0
0,0,0
0,0,0
0,0,0
0,0,0
0,0,0
0,0,0
0,0,0
0,0,0
0,0,0
0,0,0
0,0,0
0,0,0
0,0,0
0,0,0
0,0,0
0,0,0
0,0,0
0,0,0
0,0,0
0,0,0
0,0,0
0,0,0
0,0,0
0,0,0
0,0,0
0,0,0
0,0,0
0,0,0
0,0,0
0,0,0
0,0,0
0,0,0
0,0,0
0,0,0
0,0,0
0,0,0
0,0,0
0,0,0
0,0,0
0,0,0
0,0,0
0,0,0
0,0,0
0,0,0
0,0,0
0,0,0
0,0,0
0,0,0
0,0,0
0,0,0
0,0,0
0,0,0
0,0,0
0,0,0
0,0,0
0,0,0
0,0,0
0,0,0
0,0,0
0,0,0
0,0,0
0,0,0
0,0,0
0,0,0
0,0,0
0,0,0
0,0,0
0,0,0
0,0,0
0,0,0
0,0,0
0,0,0
0,0,0
0,0,0
0,0,0
0,0,0
0,0,0
0,0,0
0,0,0
0,0,0
0,0,0
0,0,0
0,0,0
0,0,0
0,0,0
0,0,0
0,0,0
0,0,0
0,0,0
0,0,0
0,0,0
0,0,0
0,0,0
0,0,0
0,0,0
0,0,0
0,0,0
0,0,0
0,0,0
0,0,0
0,0,0
0,0,0
0,0,0
0,0,0
0,0,0
0,0,0
0,0,0
0,0,0
0,0,0
0,0,0
0,0,0
0,0,0
0,0,0
0,0,0
0,0,0
0,0,0
0,0,0
0,0,0
0,0,0
0,0,0
0,0,0
0,0,0
0,0,0
0,0,0
0,0,0
0,0,0
0,0,0
0,0,0
0,0,0
0,0,0
0,0,0
0,0,0
0,0,0
0,0,0
0,0,0
0,0,0
0,0,0
0,0,0
0,0,0
0,0,0
0,0,0
0,0,0
0,0,0
0,0,0
0,0,0
0,0,0
0,0,0
0,0,0
0,0,0
0,0,0
0,0,0
0,0,0
0,0,0
0,0,0
0,0,0
0,0,0
0,0,0
0,0,0
0,0,0
0,0,0
0,0,0
0,0,0
0,0,0
0,0,0
0,0,0
0,0,0
0,0,0
0,0,0
0,0,0
0,0,0
0,0,0
0,0,0
0,0,0
0,0,0
0,0,0
0,0,0
0,0,0
0,0,0
0,0,0
0,0,0
0,0,0
0,0,0
0,0,0
0,0,0
0,0,0
0,0,0
0,0,0
0,0,0
0,0,0
0,0,0
0,0,0
0,0,0
0,0,0
0,0,0
0,0,0
0,0,0
0,0,0
0,0,0
0,0,0
0,0,0
0,0,0
0,0,0
0,0,0
0,0,0
0,0,0
0,0,0
0,0,0
0,0,0
0,0,0
0,0,0
0,0,0
0,0,0
0,0,0
0,0,0
0,0,0
0,0,0
0,0,0
0,0,0
0,0,0
0,0,0
0,0,0
0,0,0
0,0,0
0,0,0
0,0,0
0,0,0
0,0,0
0,0,0
0,0,0
0,0,0
0,0,0
0,0,0
0,0,0
0,0,0
0,0,0
0,0,0
0,0,0
0,0,0
0,0,0
0,0,0
0,0,0
0,0,0
0,0,0
0,0,0
0,0,0
0,0,0
0,0,0
0,0,0
0,0,0
0,0,0
0,0,0
0,0,0
0,0,0
0,0,0
0,0,0
0,0,0
0,0,0
0,0,0
0,0,0
0,0,0
0,0,0
0,0,0
0,0,0
0,0,0
0,0,0
0,0,0
0,0,0
0,0,0
0,0,0
0,0,0
0,0,0
0,0,0
0,0,0
0,0,0
0,0,0
0,0,0
0,0,0
0,0,0
0,0,0
0,0,0
0,0,0
0,0,0
0,0,0
0,0,0
0,0,0
0,0,0
0,0,0
0,0,0
0,0,0
0,0,0
0,0,0
0,0,0
0,0,0
0,0,0
0,0,0
0,0,0
0,0,0
0,0,0
0,0,0
0,0,0
0,0,0
0,0,0
0,0,0
0,0,0
0,0,0
0,0,0
0,0,0
0,0,0
0,0,0
0,0,0
0,0,0
0,0,0
0,0,0
0,0,0
0,0,0
0,0,0
0,0,0
0,0,0
0,0,0
0,0,0
0,0,0
0,0,0
0,0,0
0,0,0
0,0,0
0,0,0
0,0,0
0,0,0
0,0,0
0,0,0
0,0,0
0,0,0
0,0,0
0,0,0
0,0,0
0,0,0
0,0,0
0,0,0
0,0,0
0,0,0
0,0,0
0,0,0
0,0,0
0,0,0
0,0,0
0,0,0
0,0,0
0,0,0
0,0,0
0,0,0
0,0,0
0,0,0
0,0,0
0,0,0
0,0,0
0,0,0
0,0,0
0,0,0
0,0,0
0,0,0
0,0,0
0,0,0
0,0,0
0,0,0
0,0,0
0,0,0
0,0,0
0,0,0
0,0,0
0,0,0
0,0,0
0,0,0
0,0,0
0,0,0
0,0,0
0,0,0
0,0,0
0,0,0
0,0,0
0,0,0
0,0,0
0,0,0
0,0,0
0,0,0
0,0,0
0,0,0
0,0,0
0,0,0
0,0,0
0,0,0
0,0,0
0,0,0
0,0,0
0,0,0
0,0,0
0,0,0
0,0,0
0,0,0
0,0,0
0,0,0
0,0,0
0,0,0
0,0,0
0,0,0
0,0,0
0,0,0
0,0,0
0,0,0
0,0,0
0,0,0
0,0,0
0,0,0
0,0,0
0,0,0
0,0,0
0,0,0
0,0,0
0,0,0
0,0,0
0,0,0
0,0,0
0,0,0
0,0,0
0,0,0
0,0,0
0,0,0
0,0,0
0,0,0
0,0,0
0,0,0
0,0,0
0,0,0
0,0,0
0,0,0
0,0,0
0,0,0
0,0,0
0,0,0
0,0,0
0,0,0
0,0,0
0,0,0
0,0,0
0,0,0
0,0,0
0,0,0
0,0,0
0,0,0
0,0,0
0,0,0
0,0,0
0,0,0
0,0,0
0,0,0
0,0,0
0,0,0
0,0,0
0,0,0
0,0,0
0,0,0
0,0,0
0,0,0
0,0,0
0,0,0
0,0,0
0,0,0
0,0,0
0,0,0
0,0,0
0,0,0
0,0,0
0,0,0
0,0,0
0,0,0
0,0,0
0,0,0
0,0,0
0,0,0
0,0,0
0,0,0
0,0,0
0,0,0
0,0,0
0,0,0
0,0,0
0,0,0
0,0,0
0,0,0
0,0,0
0,0,0
0,0,0
0,0,0
0,0,0
0,0,0
0,0,0
0,0,0
0,0,0
0,0,0
0,0,0
0,0,0
0,0,0
0,0,0
0,0,0
0,0,0
0,0,0
0,0,0
0,0,0
0,0,0
0,0,0
0,0,0
0,0,0
0,0,0
0,0,0
0,0,0
0,0,0
0,0,0
0,0,0
0,0,0
0,0,0
0,0,0
0,0,0
0,0,0
0,0,0
0,0,0
0,0,0
0,0,0
0,0,0
0,0,0
0,0,0
0,0,0
0,0,0
0,0,0
0,0,0
0,0,0
0,0,0
0,0,0
0,0,0
0,0,0
0,0,0
0,0,0
0,0,0
0,0,0
0,0,0
0,0,0
0,0,0
0,0,0
0,0,0
0,0,0
0,0,0
0,0,0
0,0,0
0,0,0
0,0,0
0,0,0
0,0,0
0,0,0
0,0,0
0,0,0
0,0,0
0,0,0
0,0,0
0,0,0
0,0,0
0,0,0
0,0,0
0,0,0
0,0,0
0,0,0
0,0,0
0,0,0
0,0,0
0,0,0
0,0,0
0,0,0
0,0,0
0,0,0
0,0,0
0,0,0
0,0,0
0,0,0
0,0,0
0,0,0
0,0,0
0,0,0
0,0,0
0,0,0
0,0,0
0,0,0
0,0,0
0,0,0
0,0,0
0,0,0
0,0,0
0,0,0
0,0,0
0,0,0
0,0,0
0,0,0
0,0,0
0,0,0
0,0,0
0,0,0
0,0,0
0,0,0
0,0,0
0,0,0
0,0,0
0,0,0
0,0,0
0,0,0
0,0,0
0,0,0
0,0,0
0,0,0
0,0,0
0,0,0
0,0,0
0,0,0
0,0,0
0,0,0
0,0,0
0,0,0
0,0,0
0,0,0
0,0,0
0,0,0
0,0,0
0,0,0
0,0,0
0,0,0
0,0,0
0,0,0
0,0,0
0,0,0
0,0,0
0,0,0
0,0,0
0,0,0
0,0,0
0,0,0
0,0,0
0,0,0
0,0,0
0,0,0
0,0,0
0,0,0
0,0,0
0,0,0
0,0,0
0,0,0
0,0,0
0,0,0
0,0,0
0,0,0
0,0,0
0,0,0
0,0,0
0,0,0
0,0,0
0,0,0
0,0,0
0,0,0
0,0,0
0,0,0
0,0,0
0,0,0
0,0,0
0,0,0
0,0,0
0,0,0
0,0,0
0,0,0
0,0,0
0,0,0
0,0,0
0,0,0
0,0,0
0,0,0
0,0,0
0,0,0
0,0,0
0,0,0
0,0,0
0,0,0
0,0,0
0,0,0
0,0,0
0,0,0
0,0,0
0,0,0
0,0,0
0,0,0
0,0,0
0,0,0
0,0,0
0,0,0
0,0,0
0,0,0
0,0,0
0,0,0
0,0,0
0,0,0
0,0,0
0,0,0
0,0,0
0,0,0
0,0,0
0,0,0
0,0,0
0,0,0
0,0,0
0,0,0
0,0,0
0,0,0
0,0,0
0,0,0
0,0,0
0,0,0
0,0,0
0,0,0
0,0,0
0,0,0
0,0,0
0,0,0
0,0,0
0,0,0
0,0,0
0,0,0
0,0,0
0,0,0
0,0,0
0,0,0
0,0,0
0,0,0
0,0,0
0,0,0
0,0,0
0,0,0
0,0,0
0,0,0
0,0,0
0,0,0
0,0,0
0,0,0
0,0,0
0,0,0
0,0,0
0,0,0
0,0,0
0,0,0
0,0,0
0,0,0
0,0,0
0,0,0
0,0,0
0,0,0
0,0,0
0,0,0
0,0,0
0,0,0
0,0,0
0,0,0
0,0,0
0,0,0
0,0,0
0,0,0
0,0,0
0,0,0
0,0,0
0,0,0
0,0,0
0,0,0
0,0,0
0,0,0
0,0,0
0,0,0
0,0,0
0,0,0
0,0,0
0,0,0
0,0,0
0,0,0
0,0,0
0,0,0
0,0,0
0,0,0
0,0,0
0,0,0
0,0,0
0,0,0
0,0,0
0,0,0
0,0,0
0,0,0
0,0,0
0,0,0
0,0,0
0,0,0
0,0,0
0,0,0
0,0,0
0,0,0
0,0,0
0,0,0
0,0,0
0,0,0
0,0,0
0,0,0
0,0,0
0,0,0
0,0,0
0,0,0
0,0,0
0,0,0
0,0,0
0,0,0
0,0,0
0,0,0
0,0,0
0,0,0
0,0,0
0,0,0
0,0,0
0,0,0
0,0,0
0,0,0
0,0,0
0,0,0
0,0,0
0,0,0
0,0,0
0,0,0
0,0,0
0,0,0
0,0,0
0,0,0
0,0,0
0,0,0
0,0,0
0,0,0
0,0,0
0,0,0
0,0,0
0,0,0
0,0,0
0,0,0
0,0,0
0,0,0
0,0,0
0,0,0
0,0,0
0,0,0
0,0,0
0,0,0
0,0,0
0,0,0
0,0,0
0,0,0
0,0,0
0,0,0
0,0,0
0,0,0
0,0,0
0,0,0
0,0,0
0,0,0
0,0,0
0,0,0
0,0,0
0,0,0
0,0,0
0,0,0
0,0,0
0,0,0
0,0,0
0,0,0
0,0,0
0,0,0
0,0,0
0,0,0
0,0,0
0,0,0
0,0,0
0,0,0
0,0,0
0,0,0
0,0,0
0,0,0
0,0,0
0,0,0
0,0,0
0,0,0
0,0,0
0,0,0
0,0,0
0,0,0
0,0,0
0,0,0
0,0,0
0,0,0
0,0,0
0,0,0
0,0,0
0,0,0
0,0,0
0,0,0
0,0,0
0,0,0
0,0,0
0,0,0
0,0,0
0,0,0
0,0,0
0,0,0
0,0,0
0,0,0
0,0,0
0,0,0
0,0,0
0,0,0
0,0,0
0,0,0
0,0,0
0,0,0
0,0,0
0,0,0
0,0,0
0,0,0
0,0,0
0,0,0
0,0,0
0,0,0
0,0,0
0,0,0
0,0,0
0,0,0
0,0,0
0,0,0
0,0,0
0,0,0
0,0,0
0,0,0
0,0,0
0,0,0
0,0,0
0,0,0
0,0,0
0,0,0
0,0,0
0,0,0
0,0,0
0,0,0
0,0,0
0,0,0
0,0,0
0,0,0
0,0,0
0,0,0
0,0,0
0,0,0
0,0,0
0,0,0
0,0,0
0,0,0
0,0,0
0,0,0
0,0,0
0,0,0
0,0,0
0,0,0
0,0,0
0,0,0
0,0,0
0,0,0
0,0,0
0,0,0
0,0,0
0,0,0
0,0,0
0,0,0
0,0,0
0,0,0
0,0,0
0,0,0
0,0,0
0,0,0
0,0,0
0,0,0
0,0,0
0,0,0
0,0,0
0,0,0
0,0,0
0,0,0
0,0,0
0,0,0
0,0,0
0,0,0
0,0,0
0,0,0
0,0,0
0,0,0
0,0,0
0,0,0
0,0,0
0,0,0
0,0,0
0,0,0
0,0,0
0,0,0
0,0,0
0,0,0
0,0,0
0,0,0
0,0,0
0,0,0
0,0,0
0,0,0
0,0,0
0,0,0
0,0,0
0,0,0
0,0,0
0,0,0
0,0,0
0,0,0
0,0,0
0,0,0
0,0,0
0,0,0
0,0,0
0,0,0
0,0,0
0,0,0
0,0,0
0,0,0
0,0,0
0,0,0
0,0,0
0,0,0
0,0,0
0,0,0
0,0,0
0,0,0
0,0,0
0,0,0
0,0,0
0,0,0
0,0,0
0,0,0
0,0,0
0,0,0
0,0,0
0,0,0
0,0,0
0,0,0
0,0,0
0,0,0
0,0,0
0,0,0
0,0,0
0,0,0
0,0,0
0,0,0
0,0,0
0,0,0
0,0,0
0,0,0
0,0,0
0,0,0
0,0,0
0,0,0
0,0,0
0,0,0
0,0,0
0,0,0
0,0,0
0,0,0
0,0,0
0,0,0
0,0,0
0,0,0
0,0,0
0,0,0
0,0,0
0,0,0
0,0,0
0,0,0
0,0,0
0,0,0
0,0,0
0,0,0
0,0,0
0,0,0
0,0,0
0,0,0
0,0,0
0,0,0
0,0,0
0,0,0
0,0,0
0,0,0
0,0,0
0,0,0
0,0,0
0,0,0
0,0,0
0,0,0
0,0,0
0,0,0
0,0,0
0,0,0
0,0,0
0,0,0
0,0,0
0,0,0
0,0,0
0,0,0
0,0,0
0,0,0
0,0,0
0,0,0
0,0,0
0,0,0
0,0,0
0,0,0
0,0,0
0,0,0
0,0,0
0,0,0
0,0,0
0,0,0
0,0,0
0,0,0
0,0,0
0,0,0
0,0,0
0,0,0
0,0,0
0,0,0
0,0,0
0,0,0
0,0,0
0,0,0
0,0,0
0,0,0
0,0,0
0,0,0
0,0,0
0,0,0
0,0,0
0,0,0
0,0,0
0,0,0
0,0,0
0,0,0
0,0,0
0,0,0
0,0,0
0,0,0
0,0,0
0,0,0
0,0,0
0,0,0
0,0,0
0,0,0
0,0,0
0,0,0
0,0,0
0,0,0
0,0,0
0,0,0
0,0,0
0,0,0
0,0,0
0,0,0
0,0,0
0,0,0
0,0,0
0,0,0
0,0,0
0,0,0
0,0,0
0,0,0
0,0,0
0,0,0
0,0,0
0,0,0
0,0,0
0,0,0
0,0,0
0,0,0
0,0,0
0,0,0
0,0,0
0,0,0
0,0,0
0,0,0
0,0,0
0,0,0
0,0,0
0,0,0
0,0,0
0,0,0
0,0,0
0,0,0
0,0,0
0,0,0
0,0,0
0,0,0
0,0,0
0,0,0
0,0,0
0,0,0
0,0,0
0,0,0
0,0,0
0,0,0
0,0,0
0,0,0
0,0,0
0,0,0
0,0,0
0,0,0
0,0,0
0,0,0
0,0,0
0,0,0
0,0,0
0,0,0
0,0,0
0,0,0
0,0,0
0,0,0
0,0,0
0,0,0
0,0,0
0,0,0
0,0,0
0,0,0
0,0,0
0,0,0
0,0,0
0,0,0
0,0,0
0,0,0
0,0,0
0,0,0
0,0,0
0,0,0
0,0,0
0,0,0
0,0,0
0,0,0
0,0,0
0,0,0
0,0,0
0,0,0
0,0,0
0,0,0
0,0,0
0,0,0
0,0,0
0,0,0
0,0,0
0,0,0
0,0,0
0,0,0
0,0,0
0,0,0
0,0,0
0,0,0
0,0,0
0,0,0
0,0,0
0,0,0
0,0,0
0,0,0
0,0,0
0,0,0
0,0,0
0,0,0
0,0,0
0,0,0
0,0,0
0,0,0
0,0,0
0,0,0
0,0,0
0,0,0
0,0,0
0,0,0
0,0,0
0,0,0
0,0,0
0,0,0
0,0,0
0,0,0
0,0,0
0,0,0
0,0,0
0,0,0
0,0,0
0,0,0
0,0,0
0,0,0
0,0,0
0,0,0
0,0,0
0,0,0
0,0,0
0,0,0
0,0,0
0,0,0
0,0,0
0,0,0
0,0,0
0,0,0
0,0,0
0,0,0
0,0,0
0,0,0
0,0,0
0,0,0
0,0,0
0,0,0
0,0,0
0,0,0
0,0,0
0,0,0
0,0,0
0,0,0
0,0,0
0,0,0
0,0,0
0,0,0
0,0,0
0,0,0
0,0,0
0,0,0
0,0,0
0,0,0
0,0,0
0,0,0
0,0,0
0,0,0
0,0,0
0,0,0
0,0,0
0,0,0
0,0,0
0,0,0
0,0,0
0,0,0
0,0,0
0,0,0
0,0,0
0,0,0
0,0,0
0,0,0
0,0,0
0,0,0
0,0,0
0,0,0
0,0,0
0,0,0
0,0,0
0,0,0
0,0,0
0,0,0
0,0,0
0,0,0
0,0,0
0,0,0
0,0,0
0,0,0
0,0,0
0,0,0
0,0,0
0,0,0
0,0,0
0,0,0
0,0,0
0,0,0
0,0,0
0,0,0
0,0,0
0,0,0
0,0,0
0,0,0
0,0,0
0,0,0
0,0,0
0,0,0
0,0,0
0,0,0
0,0,0
0,0,0
0,0,0
0,0,0
0,0,0
0,0,0
0,0,0
0,0,0
0,0,0
0,0,0
0,0,0
0,0,0
0,0,0
0,0,0
0,0,0
0,0,0
0,0,0
0,0,0
0,0,0
0,0,0
0,0,0
0,0,0
0,0,0
0,0,0
0,0,0
0,0,0
0,0,0
0,0,0
0,0,0
0,0,0
0,0,0
0,0,0
0,0,0
0,0,0
0,0,0
0,0,0
0,0,0
0,0,0
0,0,0
0,0,0
0,0,0
0,0,0
0,0,0
0,0,0
0,0,0
0,0,0
0,0,0
0,0,0
0,0,0
0,0,0
0,0,0
0,0,0
0,0,0
0,0,0
0,0,0
0,0,0
0,0,0
0,0,0
0,0,0
0,0,0
0,0,0
0,0,0
0,0,0
0,0,0
0,0,0
0,0,0
0,0,0
0,0,0
0,0,0
0,0,0
0,0,0
0,0,0
0,0,0
0,0,0
0,0,0
0,0,0
0,0,0
0,0,0
0,0,0
0,0,0
0,0,0
0,0,0
0,0,0
0,0,0
0,0,0
0,0,0
0,0,0
0,0,0
0,0,0
0,0,0
0,0,0
0,0,0
0,0,0
0,0,0
0,0,0
0,0,0
0,0,0
0,0,0
0,0,0
0,0,0
0,0,0
0,0,0
0,0,0
0,0,0
0,0,0
0,0,0
0,0,0
0,0,0
0,0,0
0,0,0
0,0,0
0,0,0
0,0,0
0,0,0
0,0,0
0,0,0
0,0,0
0,0,0
0,0,0
0,0,0
0,0,0
0,0,0
0,0,0
0,0,0
0,0,0
0,0,0
0,0,0
0,0,0
0,0,0
0,0,0
0,0,0
0,0,0
0,0,0
0,0,0
0,0,0
0,0,0
0,0,0
0,0,0
0,0,0
0,0,0
0,0,0
0,0,0
0,0,0
0,0,0
0,0,0
0,0,0
0,0,0
0,0,0
0,0,0
0,0,0
0,0,0
0,0,0
0,0,0
0,0,0
0,0,0
0,0,0
0,0,0
0,0,0
0,0,0
0,0,0
0,0,0
0,0,0
0,0,0
0,0,0
0,0,0
0,0,0
0,0,0
0,0,0
0,0,0
0,0,0
0,0,0
0,0,0
0,0,0
0,0,0
0,0,0
0,0,0
0,0,0
0,0,0
0,0,0
0,0,0
0,0,0
0,0,0
0,0,0
0,0,0
0,0,0
0,0,0
0,0,0
0,0,0
0,0,0
0,0,0
0,0,0
0,0,0
0,0,0
0,0,0
0,0,0
0,0,0
0,0,0
0,0,0
0,0,0
0,0,0
0,0,0
0,0,0
0,0,0
0,0,0
0,0,0
0,0,0
0,0,0
0,0,0
0,0,0
0,0,0
0,0,0
0,0,0
0,0,0
0,0,0
0,0,0
0,0,0
0,0,0
0,0,0
0,0,0
0,0,0
0,0,0
0,0,0
0,0,0
0,0,0
0,0,0
0,0,0
0,0,0
0,0,0
0,0,0
0,0,0
0,0,0
0,0,0
0,0,0
0,0,0
0,0,0
0,0,0
0,0,0
0,0,0
0,0,0
0,0,0
0,0,0
0,0,0
0,0,0
0,0,0
0,0,0
0,0,0
0,0,0
0,0,0
0,0,0
0,0,0
0,0,0
0,0,0
0,0,0
0,0,0
0,0,0
0,0,0
0,0,0
0,0,0
0,0,0
0,0,0
0,0,0
0,0,0
0,0,0
0,0,0
0,0,0
0,0,0
0,0,0
0,0,0
0,0,0
0,0,0
0,0,0
0,0,0
0,0,0
0,0,0
0,0,0
0,0,0
0,0,0
0,0,0
0,0,0
0,0,0
0,0,0
0,0,0
0,0,0
0,0,0
0,0,0
0,0,0
0,0,0
0,0,0
0,0,0
0,0,0
0,0,0
0,0,0
0,0,0
0,0,0
0,0,0
0,0,0
0,0,0
0,0,0
0,0,0
0,0,0
0,0,0
0,0,0
0,0,0
0,0,0
0,0,0
0,0,0
0,0,0
0,0,0
0,0,0
0,0,0
0,0,0
0,0,0
0,0,0
0,0,0
0,0,0
0,0,0
0,0,0
0,0,0
0,0,0
0,0,0
0,0,0
0,0,0
0,0,0
0,0,0
0,0,0
0,0,0
0,0,0
0,0,0
0,0,0
0,0,0
0,0,0
0,0,0
0,0,0
0,0,0
0,0,0
0,0,0
0,0,0
0,0,0
0,0,0
0,0,0
0,0,0
0,0,0
0,0,0
0,0,0
0,0,0
0,0,0
0,0,0
0,0,0
0,0,0
0,0,0
0,0,0
0,0,0
0,0,0
0,0,0
0,0,0
0,0,0
0,0,0
0,0,0
0,0,0
0,0,0
0,0,0
0,0,0
0,0,0
0,0,0
0,0,0
0,0,0
0,0,0
0,0,0
0,0,0
0,0,0
0,0,0
0,0,0
0,0,0
0,0,0
0,0,0
0,0,0
0,0,0
0,0,0
0,0,0
0,0,0
0,0,0
0,0,0
0,0,0
0,0,0
0,0,0
0,0,0
0,0,0
0,0,0
0,0,0
0,0,0
0,0,0
0,0,0
0,0,0
0,0,0
0,0,0
0,0,0
0,0,0
0,0,0
0,0,0
0,0,0
0,0,0
0,0,0
0,0,0
0,0,0
0,0,0
0,0,0
0,0,0
0,0,0
0,0,0
0,0,0
0,0,0
0,0,0
0,0,0
0,0,0
0,0,0
0,0,0
0,0,0
0,0,0
0,0,0
0,0,0
0,0,0
0,0,0
0,0,0
0,0,0
0,0,0
0,0,0
0,0,0
0,0,0
0,0,0
0,0,0
0,0,0
0,0,0
0,0,0
0,0,0
0,0,0
0,0,0
0,0,0
0,0,0
0,0,0
0,0,0
0,0,0
0,0,0
0,0,0
0,0,0
0,0,0
0,0,0
0,0,0
0,0,0
0,0,0
0,0,0
0,0,0
0,0,0
0,0,0
0,0,0
0,0,0
0,0,0
0,0,0
0,0,0
0,0,0
0,0,0
0,0,0
0,0,0
0,0,0
0,0,0
0,0,0
0,0,0
0,0,0
0,0,0
0,0,0
0,0,0
0,0,0
0,0,0
0,0,0
0,0,0
0,0,0
0,0,0
0,0,0
0,0,0
0,0,0
0,0,0
0,0,0
0,0,0
0,0,0
0,0,0
0,0,0
0,0,0
0,0,0
0,0,0
0,0,0
0,0,0
0,0,0
0,0,0
0,0,0
0,0,0
0,0,0
0,0,0
0,0,0
0,0,0
0,0,0
0,0,0
0,0,0
0,0,0
0,0,0
0,0,0
0,0,0
0,0,0
0,0,0
0,0,0
0,0,0
0,0,0
0,0,0
0,0,0
0,0,0
0,0,0
0,0,0
0,0,0
0,0,0
0,0,0
0,0,0
0,0,0
0,0,0
0,0,0
0,0,0
0,0,0
0,0,0
0,0,0
0,0,0
0,0,0
0,0,0
0,0,0
0,0,0
0,0,0
0,0,0
0,0,0
0,0,0
0,0,0
0,0,0
0,0,0
0,0,0
0,0,0
0,0,0
0,0,0
0,0,0
0,0,0
0,0,0
0,0,0
0,0,0
0,0,0
0,0,0
0,0,0
0,0,0
0,0,0
0,0,0
0,0,0
0,0,0
0,0,0
0,0,0
0,0,0
0,0,0
0,0,0
0,0,0
0,0,0
0,0,0
0,0,0
0,0,0
0,0,0
0,0,0
0,0,0
0,0,0
0,0,0
0,0,0
0,0,0
0,0,0
0,0,0
0,0,0
0,0,0
0,0,0
0,0,0
0,0,0
0,0,0
0,0,0
0,0,0
0,0,0
0,0,0
0,0,0
0,0,0
0,0,0
0,0,0
0,0,0
0,0,0
0,0,0
0,0,0
0,0,0
0,0,0
0,0,0
0,0,0
0,0,0
0,0,0
0,0,0
0,0,0
0,0,0
0,0,0
0,0,0
0,0,0
0,0,0
0,0,0
0,0,0
0,0,0
0,0,0
0,0,0
0,0,0
0,0,0
0,0,0
0,0,0
0,0,0
0,0,0
0,0,0
0,0,0
0,0,0
0,0,0
0,0,0
0,0,0
0,0,0
0,0,0
0,0,0
0,0,0
0,0,0
0,0,0
0,0,0
0,0,0
0,0,0
0,0,0
0,0,0
0,0,0
0,0,0
0,0,0
0,0,0
0,0,0
0,0,0
0,0,0
0,0,0
0,0,0
0,0,0
0,0,0
0,0,0
0,0,0
0,0,0
0,0,0
0,0,0
0,0,0
0,0,0
0,0,0
0,0,0
0,0,0
0,0,0
0,0,0
0,0,0
0,0,0
0,0,0
0,0,0
0,0,0
0,0,0
0,0,0
0,0,0
0,0,0
0,0,0
0,0,0
0,0,0
0,0,0
0,0,0
0,0,0
0,0,0
0,0,0
0,0,0
0,0,0
0,0,0
0,0,0
0,0,0
0,0,0
0,0,0
0,0,0
0,0,0
0,0,0
0,0,0
0,0,0
0,0,0
0,0,0
0,0,0
0,0,0
0,0,0
0,0,0
0,0,0
0,0,0
0,0,0
0,0,0
0,0,0
0,0,0
0,0,0
0,0,0
0,0,0
0,0,0
0,0,0
0,0,0
0,0,0
0,0,0
0,0,0
0,0,0
0,0,0
0,0,0
0,0,0
0,0,0
0,0,0
0,0,0
0,0,0
0,0,0
0,0,0
0,0,0
0,0,0
0,0,0
0,0,0
0,0,0
0,0,0
0,0,0
0,0,0
0,0,0
0,0,0
0,0,0
0,0,0
0,0,0
0,0,0
0,0,0
0,0,0
0,0,0
0,0,0
0,0,0
0,0,0
0,0,0
0,0,0
0,0,0
0,0,0
0,0,0
0,0,0
0,0,0
0,0,0
0,0,0
0,0,0
0,0,0
0,0,0
0,0,0
0,0,0
0,0,0
0,0,0
0,0,0
0,0,0
0,0,0
0,0,0
0,0,0
0,0,0
0,0,0
0,0,0
0,0,0
0,0,0
0,0,0
0,0,0
0,0,0
0,0,0
0,0,0
0,0,0
0,0,0
0,0,0
0,0,0
0,0,0
0,0,0
0,0,0
0,0,0
0,0,0
0,0,0
0,0,0
0,0,0
0,0,0
0,0,0
0,0,0
0,0,0
0,0,0
0,0,0
0,0,0
0,0,0
0,0,0
0,0,0
0,0,0
0,0,0
0,0,0
0,0,0
0,0,0
0,0,0
0,0,0
0,0,0
0,0,0
0,0,0
0,0,0
0,0,0
0,0,0
0,0,0
0,0,0
0,0,0
0,0,0
0,0,0
0,0,0
0,0,0
0,0,0
0,0,0
0,0,0
0,0,0
0,0,0
0,0,0
0,0,0
0,0,0
0,0,0
0,0,0
0,0,0
0,0,0
0,0,0
0,0,0
0,0,0
0,0,0
0,0,0
0,0,0
0,0,0
0,0,0
0,0,0
0,0,0
0,0,0
0,0,0
0,0,0
0,0,0
0,0,0
0,0,0
0,0,0
0,0,0
0,0,0
0,0,0
0,0,0
0,0,0
0,0,0
0,0,0
0,0,0
0,0,0
0,0,0
0,0,0
0,0,0
0,0,0
0,0,0
0,0,0
0,0,0
0,0,0
0,0,0
0,0,0
0,0,0
0,0,0
0,0,0
0,0,0
0,0,0
0,0,0
0,0,0
0,0,0
0,0,0
0,0,0
0,0,0
0,0,0
0,0,0
0,0,0
0,0,0
0,0,0
0,0,0
0,0,0
0,0,0
0,0,0
0,0,0
0,0,0
0,0,0
0,0,0
0,0,0
0,0,0
0,0,0
0,0,0
0,0,0
0,0,0
0,0,0
0,0,0
0,0,0
0,0,0
0,0,0
0,0,0
0,0,0
0,0,0
0,0,0
0,0,0
0,0,0
0,0,0
0,0,0
0,0,0
0,0,0
0,0,0
0,0,0
0,0,0
0,0,0
0,0,0
0,0,0
0,0,0
0,0,0
0,0,0
0,0,0
0,0,0
0,0,0
0,0,0
0,0,0
0,0,0
0,0,0
0,0,0
0,0,0
0,0,0
0,0,0
0,0,0
0,0,0
0,0,0
0,0,0
0,0,0
0,0,0
0,0,0
0,0,0
0,0,0
0,0,0
0,0,0
0,0,0
0,0,0
0,0,0
0,0,0
0,0,0
0,0,0
0,0,0
0,0,0
0,0,0
0,0,0
0,0,0
0,0,0
0,0,0
0,0,0
0,0,0
0,0,0
0,0,0
0,0,0
0,0,0
0,0,0
0,0,0
0,0,0
0,0,0
0,0,0
0,0,0
0,0,0
0,0,0
0,0,0
0,0,0
0,0,0
0,0,0
0,0,0
0,0,0
0,0,0
0,0,0
0,0,0
0,0,0
0,0,0
0,0,0
0,0,0
0,0,0
0,0,0
0,0,0
0,0,0
0,0,0
0,0,0
0,0,0
0,0,0
0,0,0
0,0,0
0,0,0
0,0,0
0,0,0
0,0,0
0,0,0
0,0,0
0,0,0
0,0,0
0,0,0
0,0,0
0,0,0
0,0,0
0,0,0
0,0,0
0,0,0
0,0,0
0,0,0
0,0,0
0,0,0
0,0,0
0,0,0
0,0,0
0,0,0
0,0,0
0,0,0
0,0,0
0,0,0
0,0,0
0,0,0
0,0,0
0,0,0
0,0,0
0,0,0
0,0,0
0,0,0
0,0,0
0,0,0
0,0,0
0,0,0
0,0,0
0,0,0
0,0,0
0,0,0
0,0,0
0,0,0
0,0,0
0,0,0
0,0,0
0,0,0
0,0,0
0,0,0
0,0,0
0,0,0
0,0,0
0,0,0
0,0,0
0,0,0
0,0,0
0,0,0
0,0,0
0,0,0
0,0,0
0,0,0
0,0,0
0,0,0
0,0,0
0,0,0
0,0,0
0,0,0
0,0,0
0,0,0
0,0,0
0,0,0
0,0,0
0,0,0
0,0,0
0,0,0
0,0,0
0,0,0
0,0,0
0,0,0
0,0,0
0,0,0
0,0,0
0,0,0
0,0,0
0,0,0
0,0,0
0,0,0
0,0,0
0,0,0
0,0,0
0,0,0
0,0,0
0,0,0
0,0,0
0,0,0
0,0,0
0,0,0
0,0,0
0,0,0
0,0,0
0,0,0
0,0,0
0,0,0
0,0,0
0,0,0
0,0,0
0,0,0
0,0,0
0,0,0
0,0,0
0,0,0
0,0,0
0,0,0
0,0,0
0,0,0
0,0,0
0,0,0
0,0,0
0,0,0
0,0,0
0,0,0
0,0,0
0,0,0
0,0,0
0,0,0
0,0,0
0,0,0
0,0,0
0,0,0
0,0,0
0,0,0
0,0,0
0,0,0
0,0,0
0,0,0
0,0,0
0,0,0
0,0,0
0,0,0
0,0,0
0,0,0
0,0,0
0,0,0
0,0,0
0,0,0
0,0,0
0,0,0
0,0,0
0,0,0
0,0,0
0,0,0
0,0,0
0,0,0
0,0,0
0,0,0
0,0,0
0,0,0
0,0,0
0,0,0
0,0,0
0,0,0
0,0,0
0,0,0
0,0,0
0,0,0
0,0,0
0,0,0
0,0,0
0,0,0
0,0,0
0,0,0
0,0,0
0,0,0
0,0,0
0,0,0
0,0,0
0,0,0
0,0,0
0,0,0
0,0,0
0,0,0
0,0,0
0,0,0
0,0,0
0,0,0
0,0,0
0,0,0
0,0,0
0,0,0
0,0,0
0,0,0
0,0,0
0,0,0
0,0,0
0,0,0
0,0,0
0,0,0
0,0,0
0,0,0
0,0,0
0,0,0
0,0,0
0,0,0
0,0,0
0,0,0
0,0,0
0,0,0
0,0,0
0,0,0
0,0,0
0,0,0
0,0,0
0,0,0
0,0,0
0,0,0
0,0,0
0,0,0
0,0,0
0,0,0
0,0,0
0,0,0
0,0,0
0,0,0
0,0,0
0,0,0
0,0,0
0,0,0
0,0,0
0,0,0
0,0,0
0,0,0
0,0,0
0,0,0
0,0,0
0,0,0
0,0,0
0,0,0
0,0,0
0,0,0
0,0,0
0,0,0
0,0,0
0,0,0
0,0,0
0,0,0
0,0,0
0,0,0
0,0,0
0,0,0
0,0,0
0,0,0
0,0,0
0,0,0
0,0,0
0,0,0
0,0,0
0,0,0
0,0,0
0,0,0
0,0,0
0,0,0
0,0,0
0,0,0
0,0,0
0,0,0
0,0,0
0,0,0
0,0,0
0,0,0
0,0,0
0,0,0
0,0,0
0,0,0
0,0,0
0,0,0
0,0,0
0,0,0
0,0,0
0,0,0
0,0,0
0,0,0
0,0,0
0,0,0
0,0,0
0,0,0
0,0,0
0,0,0
0,0,0
0,0,0
0,0,0
0,0,0
0,0,0
0,0,0
0,0,0
0,0,0
0,0,0
0,0,0
0,0,0
0,0,0
0,0,0
0,0,0
0,0,0
0,0,0
0,0,0
0,0,0
0,0,0
0,0,0
0,0,0
0,0,0
0,0,0
0,0,0
0,0,0
0,0,0
0,0,0
0,0,0
0,0,0
0,0,0
0,0,0
0,0,0
0,0,0
0,0,0
0,0,0
0,0,0
0,0,0
0,0,0
0,0,0
0,0,0
0,0,0
0,0,0
0,0,0
0,0,0
0,0,0
0,0,0
0,0,0
0,0,0
0,0,0
0,0,0
0,0,0
0,0,0
0,0,0
0,0,0
0,0,0
0,0,0
0,0,0
0,0,0
0,0,0
0,0,0
0,0,0
0,0,0
0,0,0
0,0,0
0,0,0
0,0,0
0,0,0
0,0,0
0,0,0
0,0,0
0,0,0
0,0,0
0,0,0
0,0,0
0,0,0
0,0,0
0,0,0
0,0,0
0,0,0
0,0,0
0,0,0
0,0,0
0,0,0
0,0,0
0,0,0
0,0,0
0,0,0
0,0,0
0,0,0
0,0,0
0,0,0
0,0,0
0,0,0
0,0,0
0,0,0
0,0,0
0,0,0
0,0,0
0,0,0
0,0,0
0,0,0
0,0,0
0,0,0
0,0,0
0,0,0
0,0,0
0,0,0
0,0,0
0,0,0
0,0,0
0,0,0
0,0,0
0,0,0
0,0,0
0,0,0
0,0,0
0,0,0
0,0,0
0,0,0
0,0,0
0,0,0
0,0,0
0,0,0
0,0,0
0,0,0
0,0,0
0,0,0
0,0,0
0,0,0
0,0,0
0,0,0
0,0,0
0,0,0
0,0,0
0,0,0
0,0,0
0,0,0
0,0,0
0,0,0
0,0,0
0,0,0
0,0,0
0,0,0
0,0,0
0,0,0
0,0,0
0,0,0
0,0,0
0,0,0
0,0,0
0,0,0
0,0,0
0,0,0
0,0,0
0,0,0
0,0,0
0,0,0
0,0,0
0,0,0
0,0,0
0,0,0
0,0,0
0,0,0
0,0,0
0,0,0
0,0,0
0,0,0
0,0,0
0,0,0
0,0,0
0,0,0
0,0,0
0,0,0
0,0,0
0,0,0
0,0,0
0,0,0
0,0,0
0,0,0
0,0,0
0,0,0
0,0,0
0,0,0
0,0,0
0,0,0
0,0,0
0,0,0
0,0,0
0,0,0
0,0,0
0,0,0
0,0,0
0,0,0
0,0,0
0,0,0
0,0,0
0,0,0
0,0,0
0,0,0
0,0,0
0,0,0
0,0,0
0,0,0
0,0,0
0,0,0
0,0,0
0,0,0
0,0,0
0,0,0
0,0,0
0,0,0
0,0,0
0,0,0
0,0,0
0,0,0
0,0,0
0,0,0
0,0,0
0,0,0
0,0,0
0,0,0
0,0,0
0,0,0
0,0,0
0,0,0
0,0,0
0,0,0
0,0,0
0,0,0
0,0,0
0,0,0
0,0,0
0,0,0
0,0,0
0,0,0
0,0,0
0,0,0
0,0,0
0,0,0
0,0,0
0,0,0
0,0,0
0,0,0
0,0,0
0,0,0
0,0,0
0,0,0
0,0,0
0,0,0
0,0,0
0,0,0
0,0,0
0,0,0
0,0,0
0,0,0
0,0,0
0,0,0
0,0,0
0,0,0
0,0,0
0,0,0
0,0,0
0,0,0
0,0,0
0,0,0
0,0,0
0,0,0
0,0,0
0,0,0
0,0,0
0,0,0
0,0,0
0,0,0
0,0,0
0,0,0
0,0,0
0,0,0
0,0,0
0,0,0
0,0,0
0,0,0
0,0,0
0,0,0
0,0,0
0,0,0
0,0,0
0,0,0
0,0,0
0,0,0
0,0,0
0,0,0
0,0,0
0,0,0
0,0,0
0,0,0
0,0,0
0,0,0
0,0,0
0,0,0
0,0,0
0,0,0
0,0,0
0,0,0
0,0,0
0,0,0
0,0,0
0,0,0
0,0,0
0,0,0
0,0,0
0,0,0
0,0,0
0,0,0
0,0,0
0,0,0
0,0,0
0,0,0
0,0,0
0,0,0
0,0,0
0,0,0
0,0,0
0,0,0
0,0,0
0,0,0
0,0,0
0,0,0
0,0,0
0,0,0
0,0,0
0,0,0
0,0,0
0,0,0
0,0,0
0,0,0
0,0,0
0,0,0
0,0,0
0,0,0
0,0,0
0,0,0
0,0,0
0,0,0
0,0,0
0,0,0
0,0,0
0,0,0
0,0,0
0,0,0
0,0,0
0,0,0
0,0,0
0,0,0
0,0,0
0,0,0
0,0,0
0,0,0
0,0,0
0,0,0
0,0,0
0,0,0
0,0,0
0,0,0
0,0,0
0,0,0
0,0,0
0,0,0
0,0,0
0,0,0
0,0,0
0,0,0
0,0,0
0,0,0
0,0,0
0,0,0
0,0,0
0,0,0
0,0,0
0,0,0
0,0,0
0,0,0
0,0,0
0,0,0
0,0,0
0,0,0
0,0,0
0,0,0
0,0,0
0,0,0
0,0,0
0,0,0
0,0,0
0,0,0
0,0,0
0,0,0
0,0,0
0,0,0
0,0,0
0,0,0
0,0,0
0,0,0
0,0,0
0,0,0
0,0,0
0,0,0
0,0,0
0,0,0
0,0,0
0,0,0
0,0,0
0,0,0
0,0,0
0,0,0
0,0,0
0,0,0
0,0,0
0,0,0
0,0,0
0,0,0
0,0,0
0,0,0
0,0,0
0,0,0
0,0,0
0,0,0
0,0,0
0,0,0
0,0,0
0,0,0
0,0,0
0,0,0
0,0,0
0,0,0
0,0,0
0,0,0
0,0,0
0,0,0
0,0,0
0,0,0
0,0,0
0,0,0
0,0,0
0,0,0
0,0,0
0,0,0
0,0,0
0,0,0
0,0,0
0,0,0
0,0,0
0,0,0
0,0,0
0,0,0
0,0,0
0,0,0
0,0,0
0,0,0
0,0,0
0,0,0
0,0,0
0,0,0
0,0,0
0,0,0
0,0,0
0,0,0
0,0,0
0,0,0
0,0,0
0,0,0
0,0,0
0,0,0
0,0,0
0,0,0
0,0,0
0,0,0
0,0,0
0,0,0
0,0,0
0,0,0
0,0,0
0,0,0
0,0,0
0,0,0
0,0,0
0,0,0
0,0,0
0,0,0
0,0,0
0,0,0
0,0,0
0,0,0
0,0,0
0,0,0
0,0,0
0,0,0
0,0,0
0,0,0
0,0,0
0,0,0
0,0,0
0,0,0
0,0,0
0,0,0
0,0,0
0,0,0
0,0,0
0,0,0
0,0,0
0,0,0
0,0,0
0,0,0
0,0,0
0,0,0
0,0,0
0,0,0
0,0,0
0,0,0
0,0,0
0,0,0
0,0,0
0,0,0
0,0,0
0,0,0
0,0,0
0,0,0
0,0,0
0,0,0
0,0,0
0,0,0
0,0,0
0,0,0
0,0,0
0,0,0
0,0,0
0,0,0
0,0,0
0,0,0
0,0,0
0,0,0
0,0,0
0,0,0
0,0,0
0,0,0
0,0,0
0,0,0
0,0,0
0,0,0
0,0,0
0,0,0
0,0,0
0,0,0
0,0,0
0,0,0
0,0,0
0,0,0
0,0,0
0,0,0
0,0,0
0,0,0
0,0,0
0,0,0
0,0,0
0,0,0
0,0,0
0,0,0
0,0,0
0,0,0
0,0,0
0,0,0
0,0,0
0,0,0
0,0,0
0,0,0
0,0,0
0,0,0
0,0,0
0,0,0
0,0,0
0,0,0
0,0,0
0,0,0
0,0,0
0,0,0
0,0,0
0,0,0
0,0,0
0,0,0
0,0,0
0,0,0
0,0,0
0,0,0
0,0,0
0,0,0
0,0,0
0,0,0
0,0,0
0,0,0
0,0,0
0,0,0
0,0,0
0,0,0
0,0,0
0,0,0
0,0,0
0,0,0
0,0,0
0,0,0
0,0,0
0,0,0
0,0,0
0,0,0
0,0,0
0,0,0
0,0,0
0,0,0
0,0,0
0,0,0
0,0,0
0,0,0
0,0,0
0,0,0
0,0,0
0,0,0
0,0,0
0,0,0
0,0,0
0,0,0
0,0,0
0,0,0
0,0,0
0,0,0
0,0,0
0,0,0
0,0,0
0,0,0
0,0,0
0,0,0
0,0,0
0,0,0
0,0,0
0,0,0
0,0,0
0,0,0
0,0,0
0,0,0
0,0,0
0,0,0
0,0,0
0,0,0
0,0,0
0,0,0
0,0,0
0,0,0
0,0,0
0,0,0
0,0,0
0,0,0
0,0,0
0,0,0
0,0,0
0,0,0
0,0,0
0,0,0
0,0,0
0,0,0
0,0,0
0,0,0
0,0,0
0,0,0
0,0,0
0,0,0
0,0,0
0,0,0
0,0,0
0,0,0
0,0,0
0,0,0
0,0,0
0,0,0
0,0,0
0,0,0
0,0,0
0,0,0
0,0,0
0,0,0
0,0,0
0,0,0
0,0,0
0,0,0
0,0,0
0,0,0
0,0,0
0,0,0
0,0,0
0,0,0
0,0,0
0,0,0
0,0,0
0,0,0
0,0,0
0,0,0
0,0,0
0,0,0
0,0,0
0,0,0
0,0,0
0,0,0
0,0,0
0,0,0
0,0,0
0,0,0
0,0,0
0,0,0
0,0,0
0,0,0
0,0,0
0,0,0
0,0,0
0,0,0
0,0,0
0,0,0
0,0,0
0,0,0
0,0,0
0,0,0
0,0,0
0,0,0
0,0,0
0,0,0
0,0,0
0,0,0
0,0,0
0,0,0
0,0,0
0,0,0
0,0,0
0,0,0
0,0,0
0,0,0
0,0,0
0,0,0
0,0,0
0,0,0
0,0,0
0,0,0
0,0,0
0,0,0
0,0,0
0,0,0
0,0,0
0,0,0
0,0,0
0,0,0
0,0,0
0,0,0
0,0,0
0,0,0
0,0,0
0,0,0
0,0,0
0,0,0
0,0,0
0,0,0
0,0,0
0,0,0
0,0,0
0,0,0
0,0,0
0,0,0
0,0,0
0,0,0
0,0,0
0,0,0
0,0,0
0,0,0
0,0,0
0,0,0
0,0,0
0,0,0
0,0,0
0,0,0
0,0,0
0,0,0
0,0,0
0,0,0
0,0,0
0,0,0
0,0,0
0,0,0
0,0,0
0,0,0
0,0,0
0,0,0
0,0,0
0,0,0
0,0,0
0,0,0
0,0,0
0,0,0
0,0,0
0,0,0
0,0,0
0,0,0
0,0,0
0,0,0
0,0,0
0,0,0
0,0,0
0,0,0
0,0,0
0,0,0
0,0,0
0,0,0
0,0,0
0,0,0
0,0,0
0,0,0
0,0,0
0,0,0
0,0,0
0,0,0
0,0,0
0,0,0
0,0,0
0,0,0
0,0,0
0,0,0
0,0,0
0,0,0
0,0,0
0,0,0
0,0,0
0,0,0
0,0,0
0,0,0
0,0,0
0,0,0
0,0,0
0,0,0
0,0,0
0,0,0
0,0,0
0,0,0
0,0,0
0,0,0
0,0,0
0,0,0
0,0,0
0,0,0
0,0,0
0,0,0
0,0,0
0,0,0
0,0,0
0,0,0
0,0,0
0,0,0
0,0,0
0,0,0
0,0,0
0,0,0
0,0,0
0,0,0
0,0,0
0,0,0
0,0,0
0,0,0
0,0,0
0,0,0
0,0,0
0,0,0
0,0,0
0,0,0
0,0,0
0,0,0
0,0,0
0,0,0
0,0,0
0,0,0
0,0,0
0,0,0
0,0,0
0,0,0
0,0,0
0,0,0
0,0,0
0,0,0
0,0,0
0,0,0
0,0,0
0,0,0
0,0,0
0,0,0
0,0,0
0,0,0
0,0,0
0,0,0
0,0,0
0,0,0
0,0,0
0,0,0
0,0,0
0,0,0
0,0,0
0,0,0
0,0,0
0,0,0
0,0,0
0,0,0
0,0,0
0,0,0
0,0,0
0,0,0
0,0,0
0,0,0
0,0,0
0,0,0
0,0,0
0,0,0
0,0,0
0,0,0
0,0,0
0,0,0
0,0,0
0,0,0
0,0,0
0,0,0
0,0,0
0,0,0
0,0,0
0,0,0
0,0,0
0,0,0
0,0,0
0,0,0
0,0,0
0,0,0
0,0,0
0,0,0
0,0,0
0,0,0
0,0,0
0,0,0
0,0,0
0,0,0
0,0,0
0,0,0
0,0,0
0,0,0
0,0,0
0,0,0
0,0,0
0,0,0
0,0,0
0,0,0
0,0,0
0,0,0
0,0,0
0,0,0
0,0,0
0,0,0
0,0,0
0,0,0
0,0,0
0,0,0
0,0,0
0,0,0
0,0,0
0,0,0
0,0,0
0,0,0
0,0,0
0,0,0
0,0,0
0,0,0
0,0,0
0,0,0
0,0,0
0,0,0
0,0,0
0,0,0
0,0,0
0,0,0
0,0,0
0,0,0
0,0,0
0,0,0
0,0,0
0,0,0
0,0,0
0,0,0
0,0,0
0,0,0
0,0,0
0,0,0
0,0,0
0,0,0
0,0,0
0,0,0
0,0,0
0,0,0
0,0,0
0,0,0
0,0,0
0,0,0
0,0,0
0,0,0
0,0,0
0,0,0
0,0,0
0,0,0
0,0,0
0,0,0
0,0,0
0,0,0
0,0,0
0,0,0
0,0,0
0,0,0
0,0,0
0,0,0
0,0,0
0,0,0
0,0,0
0,0,0
0,0,0
0,0,0
0,0,0
0,0,0
0,0,0
0,0,0
0,0,0
0,0,0
0,0,0
0,0,0
0,0,0
0,0,0
0,0,0
0,0,0
0,0,0
0,0,0
0,0,0
0,0,0
0,0,0
0,0,0
0,0,0
0,0,0
0,0,0
0,0,0
0,0,0
0,0,0
0,0,0
0,0,0
0,0,0
0,0,0
0,0,0
0,0,0
0,0,0
0,0,0
0,0,0
0,0,0
0,0,0
0,0,0
0,0,0
0,0,0
0,0,0
0,0,0
0,0,0
0,0,0
0,0,0
0,0,0
0,0,0
0,0,0
0,0,0
0,0,0
0,0,0
0,0,0
0,0,0
0,0,0
0,0,0
0,0,0
0,0,0
0,0,0
0,0,0
0,0,0
0,0,0
0,0,0
0,0,0
0,0,0
0,0,0
0,0,0
0,0,0
0,0,0
0,0,0
0,0,0
0,0,0
0,0,0
0,0,0
0,0,0
0,0,0
0,0,0
0,0,0
0,0,0
0,0,0
0,0,0
0,0,0
0,0,0
0,0,0
0,0,0
0,0,0
0,0,0
0,0,0
0,0,0
0,0,0
0,0,0
0,0,0
0,0,0
0,0,0
0,0,0
0,0,0
0,0,0
0,0,0
0,0,0
0,0,0
0,0,0
0,0,0
0,0,0
0,0,0
0,0,0
0,0,0
0,0,0
0,0,0
0,0,0
0,0,0
0,0,0
0,0,0
0,0,0
0,0,0
0,0,0
0,0,0
0,0,0
0,0,0
0,0,0
0,0,0
0,0,0
0,0,0
0,0,0
0,0,0
0,0,0
0,0,0
0,0,0
0,0,0
0,0,0
0,0,0
0,0,0
0,0,0
0,0,0
0,0,0
0,0,0
0,0,0
0,0,0
0,0,0
0,0,0
0,0,0
0,0,0
0,0,0
0,0,0
0,0,0
0,0,0
0,0,0
0,0,0
0,0,0
0,0,0
0,0,0
0,0,0
0,0,0
0,0,0
0,0,0
0,0,0
0,0,0
0,0,0
0,0,0
0,0,0
0,0,0
0,0,0
0,0,0
0,0,0
0,0,0
0,0,0
0,0,0
0,0,0
0,0,0
0,0,0
0,0,0
0,0,0
0,0,0
0,0,0
0,0,0
0,0,0
0,0,0
0,0,0
0,0,0
0,0,0
0,0,0
0,0,0
0,0,0
0,0,0
0,0,0
0,0,0
0,0,0
0,0,0
0,0,0
0,0,0
0,0,0
0,0,0
0,0,0
0,0,0
0,0,0
0,0,0
0,0,0
0,0,0
0,0,0
0,0,0
0,0,0
0,0,0
0,0,0
0,0,0
0,0,0
0,0,0
0,0,0
0,0,0
0,0,0
0,0,0
0,0,0
0,0,0
0,0,0
0,0,0
0,0,0
0,0,0
0,0,0
0,0,0
0,0,0
0,0,0
0,0,0
0,0,0
0,0,0
0,0,0
0,0,0
0,0,0
0,0,0
0,0,0
0,0,0
0,0,0
0,0,0
0,0,0
0,0,0
0,0,0
0,0,0
0,0,0
0,0,0
0,0,0
0,0,0
0,0,0
0,0,0
0,0,0
0,0,0
0,0,0
0,0,0
0,0,0
0,0,0
0,0,0
0,0,0
0,0,0
0,0,0
0,0,0
0,0,0
0,0,0
0,0,0
0,0,0
0,0,0
0,0,0
0,0,0
0,0,0
0,0,0
0,0,0
0,0,0
0,0,0
0,0,0
0,0,0
0,0,0
0,0,0
0,0,0
0,0,0
0,0,0
0,0,0
0,0,0
0,0,0
0,0,0
0,0,0
0,0,0
0,0,0
0,0,0
0,0,0
0,0,0
0,0,0
0,0,0
0,0,0
0,0,0
0,0,0
0,0,0
0,0,0
0,0,0
0,0,0
0,0,0
0,0,0
0,0,0
0,0,0
0,0,0
0,0,0
0,0,0
0,0,0
0,0,0
0,0,0
0,0,0
0,0,0
0,0,0
0,0,0
0,0,0
0,0,0
0,0,0
0,0,0
0,0,0
0,0,0
0,0,0
0,0,0
0,0,0
0,0,0
0,0,0
0,0,0
0,0,0
0,0,0
0,0,0
0,0,0
0,0,0
0,0,0
0,0,0
0,0,0
0,0,0
0,0,0
0,0,0
0,0,0
0,0,0
0,0,0
0,0,0
0,0,0
0,0,0
0,0,0
0,0,0
0,0,0
0,0,0
0,0,0
0,0,0
0,0,0
0,0,0
0,0,0
0,0,0
0,0,0
0,0,0
0,0,0
0,0,0
0,0,0
0,0,0
0,0,0
0,0,0
0,0,0
0,0,0
0,0,0
0,0,0
0,0,0
0,0,0
0,0,0
0,0,0
0,0,0
0,0,0
0,0,0
0,0,0
0,0,0
0,0,0
0,0,0
0,0,0
0,0,0
0,0,0
0,0,0
0,0,0
0,0,0
0,0,0
0,0,0
0,0,0
0,0,0
0,0,0
0,0,0
0,0,0
0,0,0
0,0,0
0,0,0
0,0,0
0,0,0
0,0,0
0,0,0
0,0,0
0,0,0
0,0,0
0,0,0
0,0,0
0,0,0
0,0,0
0,0,0
0,0,0
0,0,0
0,0,0
0,0,0
0,0,0
0,0,0
0,0,0
0,0,0
0,0,0
0,0,0
0,0,0
0,0,0
0,0,0
0,0,0
0,0,0
0,0,0
0,0,0
0,0,0
0,0,0
0,0,0
0,0,0
0,0,0
0,0,0
0,0,0
0,0,0
0,0,0
0,0,0
0,0,0
0,0,0
0,0,0
0,0,0
0,0,0
0,0,0
0,0,0
0,0,0
0,0,0
0,0,0
0,0,0
0,0,0
0,0,0
0,0,0
0,0,0
0,0,0
0,0,0
0,0,0
0,0,0
0,0,0
0,0,0
0,0,0
0,0,0
0,0,0
0,0,0
0,0,0
0,0,0
0,0,0
0,0,0
0,0,0
0,0,0
0,0,0
0,0,0
0,0,0
0,0,0
0,0,0
0,0,0
0,0,0
0,0,0
0,0,0
0,0,0
0,0,0
0,0,0
0,0,0
0,0,0
0,0,0
0,0,0
0,0,0
0,0,0
0,0,0
0,0,0
0,0,0
0,0,0
0,0,0
0,0,0
0,0,0
0,0,0
0,0,0
0,0,0
0,0,0
0,0,0
0,0,0
0,0,0
0,0,0
0,0,0
0,0,0
0,0,0
0,0,0
0,0,0
0,0,0
0,0,0
0,0,0
0,0,0
0,0,0
0,0,0
0,0,0
0,0,0
0,0,0
0,0,0
0,0,0
0,0,0
0,0,0
0,0,0
0,0,0
0,0,0
0,0,0
0,0,0
0,0,0
0,0,0
0,0,0
0,0,0
0,0,0
0,0,0
0,0,0
0,0,0
0,0,0
0,0,0
0,0,0
0,0,0
0,0,0
0,0,0
0,0,0
0,0,0
0,0,0
0,0,0
0,0,0
0,0,0
0,0,0
0,0,0
0,0,0
0,0,0
0,0,0
0,0,0
0,0,0
0,0,0
0,0,0
0,0,0
0,0,0
0,0,0
0,0,0
0,0,0
0,0,0
0,0,0
0,0,0
0,0,0
0,0,0
0,0,0
0,0,0
0,0,0
0,0,0
0,0,0
0,0,0
0,0,0
0,0,0
0,0,0
0,0,0
0,0,0
0,0,0
0,0,0
0,0,0
0,0,0
0,0,0
0,0,0
0,0,0
0,0,0
0,0,0
0,0,0
0,0,0
0,0,0
0,0,0
0,0,0
0,0,0
0,0,0
0,0,0
0,0,0
0,0,0
0,0,0
0,0,0
0,0,0
0,0,0
0,0,0
0,0,0
0,0,0
0,0,0
0,0,0
0,0,0
0,0,0
0,0,0
0,0,0
0,0,0
0,0,0
0,0,0
0,0,0
0,0,0
0,0,0
0,0,0
0,0,0
0,0,0
0,0,0
0,0,0
0,0,0
0,0,0
0,0,0
0,0,0
0,0,0
0,0,0
0,0,0
0,0,0
0,0,0
0,0,0
0,0,0
0,0,0
0,0,0
0,0,0
0,0,0
0,0,0
0,0,0
0,0,0
0,0,0
0,0,0
0,0,0
0,0,0
0,0,0
0,0,0
0,0,0
0,0,0
0,0,0
0,0,0
0,0,0
0,0,0
0,0,0
0,0,0
0,0,0
0,0,0
0,0,0
0,0,0
0,0,0
0,0,0
0,0,0
0,0,0
0,0,0
0,0,0
0,0,0
0,0,0
0,0,0
0,0,0
0,0,0
0,0,0
0,0,0
0,0,0
0,0,0
0,0,0
0,0,0
0,0,0
0,0,0
0,0,0
0,0,0
0,0,0
0,0,0
0,0,0
0,0,0
0,0,0
0,0,0
0,0,0
0,0,0
0,0,0
0,0,0
0,0,0
0,0,0
0,0,0
0,0,0
0,0,0
0,0,0
0,0,0
0,0,0
0,0,0
0,0,0
0,0,0
0,0,0
0,0,0
0,0,0
0,0,0
0,0,0
0,0,0
0,0,0
0,0,0
0,0,0
0,0,0
0,0,0
0,0,0
0,0,0
0,0,0
0,0,0
0,0,0
0,0,0
0,0,0
0,0,0
0,0,0
0,0,0
0,0,0
0,0,0
0,0,0
0,0,0
0,0,0
0,0,0
0,0,0
0,0,0
0,0,0
0,0,0
0,0,0
0,0,0
0,0,0
0,0,0
0,0,0
0,0,0
0,0,0
0,0,0
0,0,0
0,0,0
0,0,0
0,0,0
0,0,0
0,0,0
0,0,0
0,0,0
0,0,0
0,0,0
0,0,0
0,0,0
0,0,0
0,0,0
0,0,0
0,0,0
0,0,0
0,0,0
0,0,0
0,0,0
0,0,0
0,0,0
0,0,0
0,0,0
0,0,0
0,0,0
0,0,0
0,0,0
0,0,0
0,0,0
0,0,0
0,0,0
0,0,0
0,0,0
0,0,0
0,0,0
0,0,0
0,0,0
0,0,0
0,0,0
0,0,0
0,0,0
0,0,0
0,0,0
0,0,0
0,0,0
0,0,0
0,0,0
0,0,0
0,0,0
0,0,0
0,0,0
0,0,0
0,0,0
0,0,0
0,0,0
0,0,0
0,0,0
0,0,0
0,0,0
0,0,0
0,0,0
0,0,0
0,0,0
0,0,0
0,0,0
0,0,0
0,0,0
0,0,0
0,0,0
0,0,0
0,0,0
0,0,0
0,0,0
0,0,0
0,0,0
0,0,0
0,0,0
0,0,0
0,0,0
0,0,0
0,0,0
0,0,0
0,0,0
0,0,0
0,0,0
0,0,0
0,0,0
0,0,0
0,0,0
0,0,0
0,0,0
0,0,0
0,0,0
0,0,0
0,0,0
0,0,0
0,0,0
0,0,0
0,0,0
0,0,0
0,0,0
0,0,0
0,0,0
0,0,0
0,0,0
0,0,0
0,0,0
0,0,0
0,0,0
0,0,0
0,0,0
0,0,0
0,0,0
0,0,0
0,0,0
0,0,0
0,0,0
0,0,0
0,0,0
0,0,0
0,0,0
0,0,0
0,0,0
0,0,0
0,0,0
0,0,0
0,0,0
0,0,0
0,0,0
0,0,0
0,0,0
0,0,0
0,0,0
0,0,0
0,0,0
0,0,0
0,0,0
0,0,0
0,0,0
0,0,0
0,0,0
0,0,0
0,0,0
0,0,0
0,0,0
0,0,0
0,0,0
0,0,0
0,0,0
0,0,0
0,0,0
0,0,0
0,0,0
0,0,0
0,0,0
0,0,0
0,0,0
0,0,0
0,0,0
0,0,0
0,0,0
0,0,0
0,0,0
0,0,0
0,0,0
0,0,0
0,0,0
0,0,0
0,0,0
0,0,0
0,0,0
0,0,0
0,0,0
0,0,0
0,0,0
0,0,0
0,0,0
0,0,0
0,0,0
0,0,0
0,0,0
0,0,0
0,0,0
0,0,0
0,0,0
0,0,0
0,0,0
0,0,0
0,0,0
0,0,0
0,0,0
0,0,0
0,0,0
0,0,0
0,0,0
0,0,0
0,0,0
0,0,0
0,0,0
0,0,0
0,0,0
0,0,0
0,0,0
0,0,0
0,0,0
0,0,0
0,0,0
0,0,0
0,0,0
0,0,0
0,0,0
0,0,0
0,0,0
0,0,0
0,0,0
0,0,0
0,0,0
0,0,0
0,0,0
0,0,0
0,0,0
0,0,0
0,0,0
0,0,0
0,0,0
0,0,0
0,0,0
0,0,0
0,0,0
0,0,0
0,0,0
0,0,0
0,0,0
0,0,0
0,0,0
0,0,0
0,0,0
0,0,0
0,0,0
0,0,0
0,0,0
0,0,0
0,0,0
0,0,0
0,0,0
0,0,0
0,0,0
0,0,0
0,0,0
0,0,0
0,0,0
0,0,0
0,0,0
0,0,0
0,0,0
0,0,0
0,0,0
0,0,0
0,0,0
0,0,0
0,0,0
0,0,0
0,0,0
0,0,0
0,0,0
0,0,0
0,0,0
0,0,0
0,0,0
0,0,0
0,0,0
0,0,0
0,0,0
0,0,0
0,0,0
0,0,0
0,0,0
0,0,0
0,0,0
0,0,0
0,0,0
0,0,0
0,0,0
0,0,0
0,0,0
0,0,0
0,0,0
0,0,0
0,0,0
0,0,0
0,0,0
0,0,0
0,0,0
0,0,0
0,0,0
0,0,0
0,0,0
0,0,0
0,0,0
0,0,0
0,0,0
0,0,0
0,0,0
0,0,0
0,0,0
0,0,0
0,0,0
0,0,0
0,0,0
0,0,0
0,0,0
0,0,0
0,0,0
0,0,0
0,0,0
0,0,0
0,0,0
0,0,0
0,0,0
0,0,0
0,0,0
0,0,0
0,0,0
0,0,0
0,0,0
0,0,0
0,0,0
0,0,0
0,0,0
0,0,0
0,0,0
0,0,0
0,0,0
0,0,0
0,0,0
0,0,0
0,0,0
0,0,0
0,0,0
0,0,0
0,0,0
0,0,0
0,0,0
0,0,0
0,0,0
0,0,0
0,0,0
0,0,0
0,0,0
0,0,0
0,0,0
0,0,0
0,0,0
0,0,0
0,0,0
0,0,0
0,0,0
0,0,0
0,0,0
0,0,0
0,0,0
0,0,0
0,0,0
0,0,0
0,0,0
0,0,0
0,0,0
0,0,0
0,0,0
0,0,0
0,0,0
0,0,0
0,0,0
0,0,0
0,0,0
0,0,0
0,0,0
0,0,0
0,0,0
0,0,0
0,0,0
0,0,0
0,0,0
0,0,0
0,0,0
0,0,0
0,0,0
0,0,0
0,0,0
0,0,0
0,0,0
0,0,0
0,0,0
0,0,0
0,0,0
0,0,0
0,0,0
0,0,0
0,0,0
0,0,0
0,0,0
0,0,0
0,0,0
0,0,0
0,0,0
0,0,0
0,0,0
0,0,0
0,0,0
0,0,0
0,0,0
0,0,0
0,0,0
0,0,0
0,0,0
0,0,0
0,0,0
0,0,0
0,0,0
0,0,0
0,0,0
0,0,0
0,0,0
0,0,0
0,0,0
0,0,0
0,0,0
0,0,0
0,0,0
0,0,0
0,0,0
0,0,0
0,0,0
0,0,0
0,0,0
0,0,0
0,0,0
0,0,0
0,0,0
0,0,0
0,0,0
0,0,0
0,0,0
0,0,0
0,0,0
0,0,0
0,0,0
0,0,0
0,0,0
0,0,0
0,0,0
0,0,0
0,0,0
0,0,0
0,0,0
0,0,0
0,0,0
0,0,0
0,0,0
0,0,0
0,0,0
0,0,0
0,0,0
0,0,0
0,0,0
0,0,0
0,0,0
0,0,0
0,0,0
0,0,0
0,0,0
0,0,0
0,0,0
0,0,0
0,0,0
0,0,0
0,0,0
0,0,0
0,0,0
0,0,0
0,0,0
0,0,0
0,0,0
0,0,0
0,0,0
0,0,0
0,0,0
0,0,0
0,0,0
0,0,0
0,0,0
0,0,0
0,0,0
0,0,0
0,0,0
0,0,0
0,0,0
0,0,0
0,0,0
0,0,0
0,0,0
0,0,0
0,0,0
0,0,0
0,0,0
0,0,0
0,0,0
0,0,0
0,0,0
0,0,0
0,0,0
0,0,0
0,0,0
0,0,0
0,0,0
0,0,0
0,0,0
0,0,0
0,0,0
0,0,0
0,0,0
0,0,0
0,0,0
0,0,0
0,0,0
0,0,0
0,0,0
0,0,0
0,0,0
0,0,0
0,0,0
0,0,0
0,0,0
0,0,0
0,0,0
0,0,0
0,0,0
0,0,0
0,0,0
0,0,0
0,0,0
0,0,0
0,0,0
0,0,0
0,0,0
0,0,0
0,0,0
0,0,0
0,0,0
0,0,0
0,0,0
0,0,0
0,0,0
0,0,0
0,0,0
0,0,0
0,0,0
0,0,0
0,0,0
0,0,0
0,0,0
0,0,0
0,0,0
0,0,0
0,0,0
0,0,0
0,0,0
0,0,0
0,0,0
0,0,0
0,0,0
0,0,0
0,0,0
0,0,0
0,0,0
0,0,0
0,0,0
0,0,0
0,0,0
0,0,0
0,0,0
0,0,0
0,0,0
0,0,0
0,0,0
0,0,0
0,0,0
0,0,0
0,0,0
0,0,0
0,0,0
0,0,0
0,0,0
0,0,0
0,0,0
0,0,0
0,0,0
0,0,0
0,0,0
0,0,0
0,0,0
0,0,0
0,0,0
0,0,0
0,0,0
0,0,0
0,0,0
0,0,0
0,0,0
0,0,0
0,0,0
0,0,0
0,0,0
0,0,0
0,0,0
0,0,0
0,0,0
0,0,0
0,0,0
0,0,0
0,0,0
0,0,0
0,0,0
0,0,0
0,0,0
0,0,0
0,0,0
0,0,0
0,0,0
0,0,0
0,0,0
0,0,0
0,0,0
0,0,0
0,0,0
0,0,0
0,0,0
0,0,0
0,0,0
0,0,0
0,0,0
0,0,0
0,0,0
0,0,0
0,0,0
0,0,0
0,0,0
0,0,0
0,0,0
0,0,0
0,0,0
0,0,0
0,0,0
0,0,0
0,0,0
0,0,0
0,0,0
0,0,0
0,0,0
0,0,0
0,0,0
0,0,0
0,0,0
0,0,0
0,0,0
0,0,0
0,0,0
0,0,0
0,0,0
0,0,0
0,0,0
0,0,0
0,0,0
0,0,0
0,0,0
0,0,0
0,0,0
0,0,0
0,0,0
0,0,0
0,0,0
0,0,0
0,0,0
0,0,0
0,0,0
0,0,0
0,0,0
0,0,0
0,0,0
0,0,0
0,0,0
0,0,0
0,0,0
0,0,0
0,0,0
0,0,0
0,0,0
0,0,0
0,0,0
0,0,0
0,0,0
0,0,0
0,0,0
0,0,0
0,0,0
0,0,0
0,0,0
0,0,0
0,0,0
0,0,0
0,0,0
0,0,0
0,0,0
0,0,0
0,0,0
0,0,0
0,0,0
0,0,0
0,0,0
0,0,0
0,0,0
0,0,0
0,0,0
0,0,0
0,0,0
0,0,0
0,0,0
0,0,0
0,0,0
0,0,0
0,0,0
0,0,0
0,0,0
0,0,0
0,0,0
0,0,0
0,0,0
0,0,0
0,0,0
0,0,0
0,0,0
0,0,0
0,0,0
0,0,0
0,0,0
0,0,0
0,0,0
0,0,0
0,0,0
0,0,0
0,0,0
0,0,0
0,0,0
0,0,0
0,0,0
0,0,0
0,0,0
0,0,0
0,0,0
0,0,0
0,0,0
0,0,0
0,0,0
0,0,0
0,0,0
0,0,0
0,0,0
0,0,0
0,0,0
0,0,0
0,0,0
0,0,0
0,0,0
0,0,0
0,0,0
0,0,0
0,0,0
0,0,0
0,0,0
0,0,0
0,0,0
0,0,0
0,0,0
0,0,0
0,0,0
0,0,0
0,0,0
0,0,0
0,0,0
0,0,0
0,0,0
0,0,0
0,0,0
0,0,0
0,0,0
0,0,0
0,0,0
0,0,0
0,0,0
0,0,0
0,0,0
0,0,0
0,0,0
0,0,0
0,0,0
0,0,0
0,0,0
0,0,0
0,0,0
0,0,0
0,0,0
0,0,0
0,0,0
0,0,0
0,0,0
0,0,0
0,0,0
0,0,0
0,0,0
0,0,0
0,0,0
0,0,0
0,0,0
0,0,0
0,0,0
0,0,0
0,0,0
0,0,0
0,0,0
0,0,0
0,0,0
0,0,0
0,0,0
0,0,0
0,0,0
0,0,0
0,0,0
0,0,0
0,0,0
0,0,0
0,0,0
0,0,0
0,0,0
0,0,0
0,0,0
0,0,0
0,0,0
0,0,0
0,0,0
0,0,0
0,0,0
0,0,0
0,0,0
0,0,0
0,0,0
0,0,0
0,0,0
0,0,0
0,0,0
0,0,0
0,0,0
0,0,0
0,0,0
0,0,0
0,0,0
0,0,0
0,0,0
0,0,0
0,0,0
0,0,0
0,0,0
0,0,0
0,0,0
0,0,0
0,0,0
0,0,0
0,0,0
0,0,0
0,0,0
0,0,0
0,0,0
0,0,0
0,0,0
0,0,0
0,0,0
0,0,0
0,0,0
0,0,0
0,0,0
0,0,0
0,0,0
0,0,0
0,0,0
0,0,0
0,0,0
0,0,0
0,0,0
0,0,0
0,0,0
0,0,0
0,0,0
0,0,0
0,0,0
0,0,0
0,0,0
0,0,0
0,0,0
0,0,0
0,0,0
0,0,0
0,0,0
0,0,0
0,0,0
0,0,0
0,0,0
0,0,0
0,0,0
0,0,0
0,0,0
0,0,0
0,0,0
0,0,0
0,0,0
0,0,0
0,0,0
0,0,0
0,0,0
0,0,0
0,0,0
0,0,0
0,0,0
0,0,0
0,0,0
0,0,0
0,0,0
0,0,0
0,0,0
0,0,0
0,0,0
0,0,0
0,0,0
0,0,0
0,0,0
0,0,0
0,0,0
0,0,0
0,0,0
0,0,0
0,0,0
0,0,0
0,0,0
0,0,0
0,0,0
0,0,0
0,0,0
0,0,0
0,0,0
0,0,0
0,0,0
0,0,0
0,0,0
0,0,0
0,0,0
0,0,0
0,0,0
0,0,0
0,0,0
0,0,0
0,0,0
0,0,0
0,0,0
0,0,0
0,0,0
0,0,0
0,0,0
0,0,0
0,0,0
0,0,0
0,0,0
0,0,0
0,0,0
0,0,0
0,0,0
0,0,0
0,0,0
0,0,0
0,0,0
0,0,0
0,0,0
0,0,0
0,0,0
0,0,0
0,0,0
0,0,0
0,0,0
0,0,0
0,0,0
0,0,0
0,0,0
0,0,0
0,0,0
0,0,0
0,0,0
0,0,0
0,0,0
0,0,0
0,0,0
0,0,0
0,0,0
0,0,0
0,0,0
0,0,0
0,0,0
0,0,0
0,0,0
0,0,0
0,0,0
0,0,0
0,0,0
0,0,0
0,0,0
0,0,0
0,0,0
0,0,0
0,0,0
0,0,0
0,0,0
0,0,0
0,0,0
0,0,0
0,0,0
0,0,0
0,0,0
0,0,0
0,0,0
0,0,0
0,0,0
0,0,0
0,0,0
0,0,0
0,0,0
0,0,0
0,0,0
0,0,0
0,0,0
0,0,0
0,0,0
0,0,0
0,0,0
0,0,0
0,0,0
0,0,0
0,0,0
0,0,0
0,0,0
0,0,0
0,0,0
0,0,0
0,0,0
0,0,0
0,0,0
0,0,0
0,0,0
0,0,0
0,0,0
0,0,0
0,0,0
0,0,0
0,0,0
0,0,0
0,0,0
0,0,0
0,0,0
0,0,0
0,0,0
0,0,0
0,0,0
0,0,0
0,0,0
0,0,0
0,0,0
0,0,0
0,0,0
0,0,0
0,0,0
0,0,0
0,0,0
0,0,0
0,0,0
0,0,0
0,0,0
0,0,0
0,0,0
0,0,0
0,0,0
0,0,0
0,0,0
0,0,0
0,0,0
0,0,0
0,0,0
0,0,0
0,0,0
0,0,0
0,0,0
0,0,0
0,0,0
0,0,0
0,0,0
0,0,0
0,0,0
0,0,0
0,0,0
0,0,0
0,0,0
0,0,0
0,0,0
0,0,0
0,0,0
0,0,0
0,0,0
0,0,0
0,0,0
0,0,0
0,0,0
0,0,0
0,0,0
0,0,0
0,0,0
0,0,0
0,0,0
0,0,0
0,0,0
0,0,0
0,0,0
0,0,0
0,0,0
0,0,0
0,0,0
0,0,0
0,0,0
0,0,0
0,0,0
0,0,0
0,0,0
0,0,0
0,0,0
0,0,0
0,0,0
0,0,0
0,0,0
0,0,0
0,0,0
0,0,0
0,0,0
0,0,0
0,0,0
0,0,0
0,0,0
0,0,0
0,0,0
0,0,0
0,0,0
0,0,0
0,0,0
0,0,0
0,0,0
0,0,0
0,0,0
0,0,0
0,0,0
0,0,0
0,0,0
0,0,0
0,0,0
0,0,0
0,0,0
0,0,0
0,0,0
0,0,0
0,0,0
0,0,0
0,0,0
0,0,0
0,0,0
0,0,0
0,0,0
0,0,0
0,0,0
0,0,0
0,0,0
0,0,0
0,0,0
0,0,0
0,0,0
0,0,0
0,0,0
0,0,0
0,0,0
0,0,0
0,0,0
0,0,0
0,0,0
0,0,0
0,0,0
0,0,0
0,0,0
0,0,0
0,0,0
0,0,0
0,0,0
0,0,0
0,0,0
0,0,0
0,0,0
0,0,0
0,0,0
0,0,0
0,0,0
0,0,0
0,0,0
0,0,0
0,0,0
0,0,0
0,0,0
0,0,0
0,0,0
0,0,0
0,0,0
0,0,0
0,0,0
0,0,0
0,0,0
0,0,0
0,0,0
0,0,0
0,0,0
0,0,0
0,0,0
0,0,0
0,0,0
0,0,0
0,0,0
0,0,0
0,0,0
0,0,0
0,0,0
0,0,0
0,0,0
0,0,0
0,0,0
0,0,0
0,0,0
0,0,0
0,0,0
0,0,0
0,0,0
0,0,0
0,0,0
0,0,0
0,0,0
0,0,0
0,0,0
0,0,0
0,0,0
0,0,0
0,0,0
0,0,0
0,0,0
0,0,0
0,0,0
0,0,0
0,0,0
0,0,0
0,0,0
0,0,0
0,0,0
0,0,0
0,0,0
0,0,0
0,0,0
0,0,0
0,0,0
0,0,0
0,0,0
0,0,0
0,0,0
0,0,0
0,0,0
0,0,0
0,0,0
0,0,0
0,0,0
0,0,0
0,0,0
0,0,0
0,0,0
0,0,0
0,0,0
0,0,0
0,0,0
0,0,0
0,0,0
0,0,0
0,0,0
0,0,0
0,0,0
0,0,0
0,0,0
0,0,0
0,0,0
0,0,0
0,0,0
0,0,0
0,0,0
0,0,0
0,0,0
0,0,0
0,0,0
0,0,0
0,0,0
0,0,0
0,0,0
0,0,0
0,0,0
0,0,0
0,0,0
0,0,0
0,0,0
0,0,0
0,0,0
0,0,0
0,0,0
0,0,0
0,0,0
0,0,0
0,0,0
0,0,0
0,0,0
0,0,0
0,0,0
0,0,0
0,0,0
0,0,0
0,0,0
0,0,0
0,0,0
0,0,0
0,0,0
0,0,0
0,0,0
0,0,0
0,0,0
0,0,0
0,0,0
0,0,0
0,0,0
0,0,0
0,0,0
0,0,0
0,0,0
0,0,0
0,0,0
0,0,0
0,0,0
0,0,0
0,0,0
0,0,0
0,0,0
0,0,0
0,0,0
0,0,0
0,0,0
0,0,0
0,0,0
0,0,0
0,0,0
0,0,0
0,0,0
0,0,0
0,0,0
0,0,0
0,0,0
0,0,0
0,0,0
0,0,0
0,0,0
0,0,0
0,0,0
0,0,0
0,0,0
0,0,0
0,0,0
0,0,0
0,0,0
0,0,0
0,0,0
0,0,0
0,0,0
0,0,0
0,0,0
0,0,0
0,0,0
0,0,0
0,0,0
0,0,0
0,0,0
0,0,0
0,0,0
0,0,0
0,0,0
0,0,0
0,0,0
0,0,0
0,0,0
0,0,0
0,0,0
0,0,0
0,0,0
0,0,0
0,0,0
0,0,0
0,0,0
0,0,0
0,0,0
0,0,0
0,0,0
0,0,0
0,0,0
0,0,0
0,0,0
0,0,0
0,0,0
0,0,0
0,0,0
0,0,0
0,0,0
0,0,0
0,0,0
0,0,0
0,0,0
0,0,0
0,0,0
0,0,0
0,0,0
0,0,0
0,0,0
0,0,0
0,0,0
0,0,0
0,0,0
0,0,0
0,0,0
0,0,0
0,0,0
0,0,0
0,0,0
0,0,0
0,0,0
0,0,0
0,0,0
0,0,0
0,0,0
0,0,0
0,0,0
0,0,0
0,0,0
0,0,0
0,0,0
0,0,0
0,0,0
0,0,0
0,0,0
0,0,0
0,0,0
0,0,0
0,0,0
0,0,0
0,0,0
0,0,0
0,0,0
0,0,0
0,0,0
0,0,0
0,0,0
0,0,0
0,0,0
0,0,0
0,0,0
0,0,0
0,0,0
0,0,0
0,0,0
0,0,0
0,0,0
0,0,0
0,0,0
0,0,0
0,0,0
0,0,0
0,0,0
0,0,0
0,0,0
0,0,0
0,0,0
0,0,0
0,0,0
0,0,0
0,0,0
0,0,0
0,0,0
0,0,0
0,0,0
0,0,0
0,0,0
0,0,0
0,0,0
0,0,0
0,0,0
0,0,0
0,0,0
0,0,0
0,0,0
0,0,0
0,0,0
0,0,0
0,0,0
0,0,0
0,0,0
0,0,0
0,0,0
0,0,0
0,0,0
0,0,0
0,0,0
0,0,0
0,0,0
0,0,0
0,0,0
0,0,0
0,0,0
0,0,0
0,0,0
0,0,0
0,0,0
0,0,0
0,0,0
0,0,0
0,0,0
0,0,0
0,0,0
0,0,0
0,0,0
0,0,0
0,0,0
0,0,0
0,0,0
0,0,0
0,0,0
0,0,0
0,0,0
0,0,0
0,0,0
0,0,0
0,0,0
0,0,0
0,0,0
0,0,0
0,0,0
0,0,0
0,0,0
0,0,0
0,0,0
0,0,0
0,0,0
0,0,0
0,0,0
0,0,0
0,0,0
0,0,0
0,0,0
0,0,0
0,0,0
0,0,0
0,0,0
0,0,0
0,0,0
0,0,0
0,0,0
0,0,0
0,0,0
0,0,0
0,0,0
0,0,0
0,0,0
0,0,0
0,0,0
0,0,0
0,0,0
0,0,0
0,0,0
0,0,0
0,0,0
0,0,0
0,0,0
0,0,0
0,0,0
0,0,0
0,0,0
0,0,0
0,0,0
0,0,0
0,0,0
0,0,0
0,0,0
0,0,0
0,0,0
0,0,0
0,0,0
0,0,0
0,0,0
0,0,0
0,0,0
0,0,0
0,0,0
0,0,0
0,0,0
0,0,0
0,0,0
0,0,0
0,0,0
0,0,0
0,0,0
0,0,0
0,0,0
0,0,0
0,0,0
0,0,0
0,0,0
0,0,0
0,0,0
0,0,0
0,0,0
0,0,0
0,0,0
0,0,0
0,0,0
0,0,0
0,0,0
0,0,0
0,0,0
0,0,0
0,0,0
0,0,0
0,0,0
0,0,0
0,0,0
0,0,0
0,0,0
0,0,0
0,0,0
0,0,0
0,0,0
0,0,0
0,0,0
0,0,0
0,0,0
0,0,0
0,0,0
0,0,0
0,0,0
0,0,0
0,0,0
0,0,0
0,0,0
0,0,0
0,0,0
0,0,0
0,0,0
0,0,0
0,0,0
0,0,0
0,0,0
0,0,0
0,0,0
0,0,0
0,0,0
0,0,0
0,0,0
0,0,0
0,0,0
0,0,0
0,0,0
0,0,0
0,0,0
0,0,0
0,0,0
0,0,0
0,0,0
0,0,0
0,0,0
0,0,0
0,0,0
0,0,0
0,0,0
0,0,0
0,0,0
0,0,0
0,0,0
0,0,0
0,0,0
0,0,0
0,0,0
0,0,0
0,0,0
0,0,0
0,0,0
0,0,0
0,0,0
0,0,0
0,0,0
0,0,0
0,0,0
0,0,0
0,0,0
0,0,0
0,0,0
0,0,0
0,0,0
0,0,0
0,0,0
0,0,0
0,0,0
0,0,0
0,0,0
0,0,0
0,0,0
0,0,0
0,0,0
0,0,0
0,0,0
0,0,0
0,0,0
0,0,0
0,0,0
0,0,0
0,0,0
0,0,0
0,0,0
0,0,0
0,0,0
0,0,0
0,0,0
0,0,0
0,0,0
0,0,0
0,0,0
0,0,0
0,0,0
0,0,0
0,0,0
0,0,0
0,0,0
0,0,0
0,0,0
0,0,0
0,0,0
0,0,0
0,0,0
0,0,0
0,0,0
0,0,0
0,0,0
0,0,0
0,0,0
0,0,0
0,0,0
0,0,0
0,0,0
0,0,0
0,0,0
0,0,0
0,0,0
0,0,0
0,0,0
0,0,0
0,0,0
0,0,0
0,0,0
0,0,0
0,0,0
0,0,0
0,0,0
0,0,0
0,0,0
0,0,0
0,0,0
0,0,0
0,0,0
0,0,0
0,0,0
0,0,0
0,0,0
0,0,0
0,0,0
0,0,0
0,0,0
0,0,0
0,0,0
0,0,0
0,0,0
0,0,0
0,0,0
0,0,0
0,0,0
0,0,0
0,0,0
0,0,0
0,0,0
0,0,0
0,0,0
0,0,0
0,0,0
0,0,0
0,0,0
0,0,0
0,0,0
0,0,0
0,0,0
0,0,0
0,0,0
0,0,0
0,0,0
0,0,0
0,0,0
0,0,0
0,0,0
0,0,0
0,0,0
0,0,0
0,0,0
0,0,0
0,0,0
0,0,0
0,0,0
0,0,0
0,0,0
0,0,0
0,0,0
0,0,0
0,0,0
0,0,0
0,0,0
0,0,0
0,0,0
0,0,0
0,0,0
0,0,0
0,0,0
0,0,0
0,0,0
0,0,0
0,0,0
0,0,0
0,0,0
0,0,0
0,0,0
0,0,0
0,0,0
0,0,0
0,0,0
0,0,0
0,0,0
0,0,0
0,0,0
0,0,0
0,0,0
0,0,0
0,0,0
0,0,0
0,0,0
0,0,0
0,0,0
0,0,0
0,0,0
0,0,0
0,0,0
0,0,0
0,0,0
0,0,0
0,0,0
0,0,0
0,0,0
0,0,0
0,0,0
0,0,0
0,0,0
0,0,0
0,0,0
0,0,0
0,0,0
0,0,0
0,0,0
0,0,0
0,0,0
0,0,0
0,0,0
0,0,0
0,0,0
0,0,0
0,0,0
0,0,0
0,0,0
0,0,0
0,0,0
0,0,0
0,0,0
0,0,0
0,0,0
0,0,0
0,0,0
0,0,0
0,0,0
0,0,0
0,0,0
0,0,0
0,0,0
0,0,0
0,0,0
0,0,0
0,0,0
0,0,0
0,0,0
0,0,0
0,0,0
0,0,0
0,0,0
0,0,0
0,0,0
0,0,0
0,0,0
0,0,0
0,0,0
0,0,0
0,0,0
0,0,0
0,0,0
0,0,0
0,0,0
0,0,0
0,0,0
0,0,0
0,0,0
0,0,0
0,0,0
0,0,0
0,0,0
0,0,0
0,0,0
0,0,0
0,0,0
0,0,0
0,0,0
0,0,0
0,0,0
0,0,0
0,0,0
0,0,0
0,0,0
0,0,0
0,0,0
0,0,0
0,0,0
0,0,0
0,0,0
0,0,0
0,0,0
0,0,0
0,0,0
0,0,0
0,0,0
0,0,0
0,0,0
0,0,0
0,0,0
0,0,0
0,0,0
0,0,0
0,0,0
0,0,0
0,0,0
0,0,0
0,0,0
0,0,0
0,0,0
0,0,0
0,0,0
0,0,0
0,0,0
0,0,0
0,0,0
0,0,0
0,0,0
0,0,0
0,0,0
0,0,0
0,0,0
0,0,0
0,0,0
0,0,0
0,0,0
0,0,0
0,0,0
0,0,0
0,0,0
0,0,0
0,0,0
0,0,0
0,0,0
0,0,0
0,0,0
0,0,0
0,0,0
0,0,0
0,0,0
0,0,0
0,0,0
0,0,0
0,0,0
0,0,0
0,0,0
0,0,0
0,0,0
0,0,0
0,0,0
0,0,0
0,0,0
0,0,0
0,0,0
0,0,0
0,0,0
0,0,0
0,0,0
0,0,0
0,0,0
0,0,0
0,0,0
0,0,0
0,0,0
0,0,0
0,0,0
0,0,0
0,0,0
0,0,0
0,0,0
0,0,0
0,0,0
0,0,0
0,0,0
0,0,0
0,0,0
0,0,0
0,0,0
0,0,0
0,0,0
0,0,0
0,0,0
0,0,0
0,0,0
0,0,0
0,0,0
0,0,0
0,0,0
0,0,0
0,0,0
0,0,0
0,0,0
0,0,0
0,0,0
0,0,0
0,0,0
0,0,0
0,0,0
0,0,0
0,0,0
0,0,0
0,0,0
0,0,0
0,0,0
0,0,0
0,0,0
0,0,0
0,0,0
0,0,0
0,0,0
0,0,0
0,0,0
0,0,0
0,0,0
0,0,0
0,0,0
0,0,0
0,0,0
0,0,0
0,0,0
0,0,0
0,0,0
0,0,0
0,0,0
0,0,0
0,0,0
0,0,0
0,0,0
0,0,0
0,0,0
0,0,0
0,0,0
0,0,0
0,0,0
0,0,0
0,0,0
0,0,0
0,0,0
0,0,0
0,0,0
0,0,0
0,0,0
0,0,0
0,0,0
0,0,0
0,0,0
0,0,0
0,0,0
0,0,0
0,0,0
0,0,0
0,0,0
0,0,0
0,0,0
0,0,0
0,0,0
0,0,0
0,0,0
0,0,0
0,0,0
0,0,0
0,0,0
0,0,0
0,0,0
0,0,0
0,0,0
0,0,0
0,0,0
0,0,0
0,0,0
0,0,0
0,0,0
0,0,0
0,0,0
0,0,0
0,0,0
0,0,0
0,0,0
0,0,0
0,0,0
0,0,0
0,0,0
0,0,0
0,0,0
0,0,0
0,0,0
0,0,0
0,0,0
0,0,0
0,0,0
0,0,0
0,0,0
0,0,0
0,0,0
0,0,0
0,0,0
0,0,0
0,0,0
0,0,0
0,0,0
0,0,0
0,0,0
0,0,0
0,0,0
0,0,0
0,0,0
0,0,0
0,0,0
0,0,0
0,0,0
0,0,0
0,0,0
0,0,0
0,0,0
0,0,0
0,0,0
0,0,0
0,0,0
0,0,0
0,0,0
0,0,0
0,0,0
0,0,0
0,0,0
0,0,0
0,0,0
0,0,0
0,0,0
0,0,0
0,0,0
0,0,0
0,0,0
0,0,0
0,0,0
0,0,0
0,0,0
0,0,0
0,0,0
0,0,0
0,0,0
0,0,0
0,0,0
0,0,0
0,0,0
0,0,0
0,0,0
0,0,0
0,0,0
0,0,0
0,0,0
0,0,0
0,0,0
0,0,0
0,0,0
0,0,0
0,0,0
0,0,0
0,0,0
0,0,0
0,0,0
0,0,0
0,0,0
0,0,0
0,0,0
0,0,0
0,0,0
0,0,0
0,0,0
0,0,0
0,0,0
0,0,0
0,0,0
0,0,0
0,0,0
0,0,0
0,0,0
0,0,0
0,0,0
0,0,0
0,0,0
0,0,0
0,0,0
0,0,0
0,0,0
0,0,0
0,0,0
0,0,0
0,0,0
0,0,0
0,0,0
0,0,0
0,0,0
0,0,0
0,0,0
0,0,0
0,0,0
0,0,0
0,0,0
0,0,0
0,0,0
0,0,0
0,0,0
0,0,0
0,0,0
0,0,0
0,0,0
0,0,0
0,0,0
0,0,0
0,0,0
0,0,0
0,0,0
0,0,0
0,0,0
0,0,0
0,0,0
0,0,0
0,0,0
0,0,0
0,0,0
0,0,0
0,0,0
0,0,0
0,0,0
0,0,0
0,0,0
0,0,0
0,0,0
0,0,0
0,0,0
0,0,0
0,0,0
0,0,0
0,0,0
0,0,0
0,0,0
0,0,0
0,0,0
0,0,0
0,0,0
0,0,0
0,0,0
0,0,0
0,0,0
0,0,0
0,0,0
0,0,0
0,0,0
0,0,0
0,0,0
0,0,0
0,0,0
0,0,0
0,0,0
0,0,0
0,0,0
0,0,0
0,0,0
0,0,0
0,0,0
0,0,0
0,0,0
0,0,0
0,0,0
0,0,0
0,0,0
0,0,0
0,0,0
0,0,0
0,0,0
0,0,0
0,0,0
0,0,0
0,0,0
0,0,0
0,0,0
0,0,0
0,0,0
0,0,0
0,0,0
0,0,0
0,0,0
0,0,0
0,0,0
0,0,0
0,0,0
0,0,0
0,0,0
0,0,0
0,0,0
0,0,0
0,0,0
0,0,0
0,0,0
0,0,0
0,0,0
0,0,0
0,0,0
0,0,0
0,0,0
0,0,0
0,0,0
0,0,0
0,0,0
0,0,0
0,0,0
0,0,0
0,0,0
0,0,0
0,0,0
0,0,0
0,0,0
0,0,0
0,0,0
0,0,0
0,0,0
0,0,0
0,0,0
0,0,0
0,0,0
0,0,0
0,0,0
0,0,0
0,0,0
0,0,0
0,0,0
0,0,0
0,0,0
0,0,0
0,0,0
0,0,0
0,0,0
0,0,0
0,0,0
0,0,0
0,0,0
0,0,0
0,0,0
0,0,0
0,0,0
0,0,0
0,0,0
0,0,0
0,0,0
0,0,0
0,0,0
0,0,0
0,0,0
0,0,0
0,0,0
0,0,0
0,0,0
0,0,0
0,0,0
0,0,0
0,0,0
0,0,0
0,0,0
0,0,0
0,0,0
0,0,0
0,0,0
0,0,0
0,0,0
0,0,0
0,0,0
0,0,0
0,0,0
0,0,0
0,0,0
0,0,0
0,0,0
0,0,0
0,0,0
0,0,0
0,0,0
0,0,0
0,0,0
0,0,0
0,0,0
0,0,0
0,0,0
0,0,0
0,0,0
0,0,0
0,0,0
0,0,0
0,0,0
0,0,0
1.43749,5.33239,1.05385
0,0,0
0,0,0
0,0,0
0,0,0
0,0,0
0,0,0
0,0,0
0,0,0
0,0,0
0,0,0
0,0,0
0,0,0
0,0,0
0,0,0
0,0,0
0,0,0
0,0,0
0,0,0
0,0,0
0,0,0
0,0,0
0,0,0
0,0,0
0,0,0
0,0,0
0,0,0
0,0,0
0,0,0
0,0,0
0,0,0
0,0,0
0,0,0
0,0,0
0,0,0
0,0,0
0,0,0
0,0,0
0,0,0
0,0,0
0,0,0
0,0,0
0,0,0
0,0,0
0,0,0
0,0,0
0,0,0
0,0,0
0,0,0
0,0,0
0,0,0
0,0,0
0,0,0
0,0,0
0,0,0
0,0,0
0,0,0
0,0,0
0,0,0
0,0,0
0,0,0
0,0,0
0,0,0
0,0,0
0,0,0
0,0,0
0,0,0
0,0,0
0,0,0
0,0,0
0,0,0
0,0,0
0,0,0
0,0,0
0,0,0
0,0,0
0,0,0
0,0,0
0,0,0
0,0,0
0,0,0
0,0,0
0,0,0
0,0,0
0,0,0
0,0,0
0,0,0
0,0,0
0,0,0
0,0,0
0,0,0
0,0,0
0,0,0
0,0,0
0,0,0
0,0,0
0,0,0
0,0,0
0,0,0
0,0,0
0,0,0
0,0,0
0,0,0
0,0,0
0,0,0
0,0,0
0,0,0
0,0,0
0,0,0
0,0,0
0,0,0
0,0,0
0,0,0
0,0,0
0,0,0
0,0,0
0,0,0
0,0,0
0,0,0
0,0,0
0,0,0
0,0,0
0,0,0
0,0,0
0,0,0
0,0,0
0,0,0
0,0,0
0,0,0
0,0,0
0,0,0
0,0,0
0,0,0
0,0,0
0,0,0
0,0,0
0,0,0
0,0,0
0,0,0
0,0,0
0,0,0
0,0,0
0,0,0
0,0,0
0,0,0
0,0,0
0,0,0
0,0,0
0,0,0
0,0,0
0,0,0
0,0,0
0,0,0
0,0,0
0,0,0
0,0,0
0,0,0
0,0,0
0,0,0
0,0,0
0,0,0
0,0,0
0,0,0
0,0,0
0,0,0
0,0,0
0,0,0
0,0,0
0,0,0
0,0,0
0,0,0
0,0,0
0,0,0
0,0,0
0,0,0
0,0,0
0,0,0
0,0,0
0,0,0
0,0,0
0,0,0
0,0,0
0,0,0
0,0,0
0,0,0
0,0,0
0,0,0
0,0,0
0,0,0
0,0,0
0,0,0
0,0,0
0,0,0
0,0,0
0,0,0
0,0,0
0,0,0
0,0,0
0,0,0
0,0,0
0,0,0
0,0,0
0,0,0
0,0,0
0,0,0
0,0,0
0,0,0
0,0,0
0,0,0
0,0,0
0,0,0
0,0,0
0,0,0
0,0,0
0,0,0
0,0,0
0,0,0
0,0,0
0,0,0
0,0,0
0,0,0
0,0,0
0,0,0
0,0,0
0,0,0
0,0,0
0,0,0
0,0,0
0,0,0
0,0,0
0,0,0
0,0,0
0,0,0
0,0,0
0,0,0
0,0,0
0,0,0
0,0,0
0,0,0
0,0,0
0,0,0
0,0,0
0,0,0
0,0,0
0,0,0
0,0,0
0,0,0
0,0,0
0,0,0
0,0,0
0,0,0
0,0,0
0,0,0
0,0,0
0,0,0
0,0,0
0,0,0
0,0,0
0,0,0
0,0,0
0,0,0
0,0,0
0,0,0
0,0,0
0,0,0
0,0,0
0,0,0
0,0,0
0,0,0
0,0,0
0,0,0
0,0,0
0,0,0
0,0,0
0,0,0
0,0,0
0,0,0
0,0,0
0,0,0
0,0,0
0,0,0
0,0,0
0,0,0
0,0,0
0,0,0
0,0,0
0,0,0
0,0,0
0,0,0
0,0,0
0,0,0
0,0,0
0,0,0
0,0,0
0,0,0
0,0,0
0,0,0
0,0,0
0,0,0
0,0,0
0,0,0
0,0,0
0,0,0
0,0,0
0,0,0
0,0,0
0,0,0
0,0,0
0,0,0
0,0,0
0,0,0
0,0,0
0,0,0
0,0,0
0,0,0
0,0,0
0,0,0
0,0,0
0,0,0
0,0,0
0,0,0
0,0,0
0,0,0
0,0,0
0,0,0
0,0,0
0,0,0
0,0,0
0,0,0
0,0,0
0,0,0
0,0,0
0,0,0
0,0,0
0,0,0
0,0,0
0,0,0
0,0,0
0,0,0
0,0,0
0,0,0
0,0,0
0,0,0
0,0,0
0,0,0
0,0,0
0,0,0
0,0,0
0,0,0
0,0,0
0,0,0
0,0,0
0,0,0
0,0,0
0,0,0
0,0,0
0,0,0
0,0,0
0,0,0
0,0,0
0,0,0
0,0,0
0,0,0
0,0,0
0,0,0
0,0,0
0,0,0
0,0,0
0,0,0
0,0,0
0,0,0
0,0,0
0,0,0
0,0,0
0,0,0
0,0,0
0,0,0
0,0,0
0,0,0
0,0,0
0,0,0
0,0,0
0,0,0
0,0,0
0,0,0
0,0,0
0,0,0
0,0,0
0,0,0
0,0,0
0,0,0
0,0,0
0,0,0
0,0,0
0,0,0
0,0,0
0,0,0
0,0,0
0,0,0
0,0,0
0,0,0
0,0,0
0,0,0
0,0,0
0,0,0
5.93768,-14.3153,2.89723
0,0,0
0,0,0
0,0,0
0,0,0
0,0,0
0,0,0
0,0,0
0,0,0
0,0,0
0,0,0
0,0,0
0,0,0
0,0,0
0,0,0
0,0,0
0,0,0
0,0,0
0,0,0
0,0,0
0,0,0
0,0,0
0,0,0
0,0,0
0,0,0
0,0,0
0,0,0
0,0,0
0,0,0
0,0,0
0,0,0
0,0,0
0,0,0
0,0,0
0,0,0
0,0,0
0,0,0
0,0,0
0,0,0
0,0,0
0,0,0
0,0,0
0,0,0
0,0,0
0,0,0
0,0,0
0,0,0
0,0,0
0,0,0
0,0,0
0,0,0
0,0,0
0,0,0
0,0,0
0,0,0
0,0,0
0,0,0
0,0,0
0,0,0
0,0,0
0,0,0
0,0,0
0,0,0
0,0,0
0,0,0
0,0,0
0,0,0
0,0,0
0,0,0
0,0,0
0,0,0
0,0,0
0,0,0
0,0,0
0,0,0
0,0,0
0,0,0
0,0,0
0,0,0
0,0,0
0,0,0
0,0,0
0,0,0
0,0,0
0,0,0
0,0,0
0,0,0
0,0,0
0,0,0
0,0,0
0,0,0
0,0,0
0,0,0
0,0,0
0,0,0
0,0,0
0,0,0
0,0,0
0,0,0
0,0,0
0,0,0
0,0,0
0,0,0
0,0,0
0,0,0
0,0,0
0,0,0
0,0,0
0,0,0
0,0,0
0,0,0
0,0,0
0,0,0
0,0,0
0,0,0
0,0,0
0,0,0
0,0,0
0,0,0
0,0,0
0,0,0
0,0,0
0,0,0
0,0,0
0,0,0
0,0,0
0,0,0
0,0,0
0,0,0
0,0,0
0,0,0
0,0,0
0,0,0
0,0,0
0,0,0
0,0,0
0,0,0
0,0,0
0,0,0
0,0,0
0,0,0
0,0,0
0,0,0
0,0,0
0,0,0
0,0,0
0,0,0
0,0,0
0,0,0
0,0,0
0,0,0
0,0,0
0,0,0
0,0,0
0,0,0
0,0,0
0,0,0
0,0,0
0,0,0
0,0,0
0,0,0
0,0,0
0,0,0
0,0,0
0,0,0
0,0,0
0,0,0
0,0,0
0,0,0
0,0,0
0,0,0
0,0,0
0,0,0
0,0,0
0,0,0
0,0,0
0,0,0
0,0,0
0,0,0
0,0,0
0,0,0
0,0,0
0,0,0
0,0,0
0,0,0
0,0,0
0,0,0
0,0,0
0,0,0
0,0,0
0,0,0
0,0,0
0,0,0
0,0,0
0,0,0
0,0,0
0,0,0
0,0,0
0,0,0
0,0,0
0,0,0
0,0,0
0,0,0
0,0,0
0,0,0
0,0,0
0,0,0
0,0,0
0,0,0
0,0,0
0,0,0
0,0,0
0,0,0
0,0,0
0,0,0
0,0,0
0,0,0
0,0,0
0,0,0
0,0,0
0,0,0
0,0,0
0,0,0
0,0,0
0,0,0
0,0,0
0,0,0
0,0,0
0,0,0
0,0,0
0,0,0
0,0,0
0,0,0
0,0,0
0,0,0
0,0,0
0,0,0
0,0,0
0,0,0
0,0,0
0,0,0
0,0,0
0,0,0
0,0,0
0,0,0
0,0,0
0,0,0
0,0,0
0,0,0
0,0,0
0,0,0
0,0,0
0,0,0
0,0,0
0,0,0
0,0,0
0,0,0
0,0,0
0,0,0
0,0,0
0,0,0
0,0,0
0,0,0
0,0,0
0,0,0
0,0,0
0,0,0
0,0,0
0,0,0
0,0,0
0,0,0
0,0,0
0,0,0
0,0,0
0,0,0
0,0,0
0,0,0
0,0,0
0,0,0
0,0,0
0,0,0
0,0,0
0,0,0
0,0,0
0,0,0
0,0,0
0,0,0
0,0,0
0,0,0
0,0,0
0,0,0
0,0,0
0,0,0
0,0,0
0,0,0
0,0,0
0,0,0
0,0,0
0,0,0
0,0,0
0,0,0
0,0,0
0,0,0
0,0,0
0,0,0
0,0,0
0,0,0
0,0,0
0,0,0
0,0,0
0,0,0
0,0,0
0,0,0
0,0,0
0,0,0
0,0,0
0,0,0
0,0,0
0,0,0
0,0,0
0,0,0
0,0,0
0,0,0
0,0,0
0,0,0
0,0,0
0,0,0
0,0,0
0,0,0
0,0,0
0,0,0
0,0,0
0,0,0
0,0,0
0,0,0
0,0,0
0,0,0
0,0,0
0,0,0
0,0,0
0,0,0
0,0,0
0,0,0
0,0,0
0,0,0
0,0,0
0,0,0
0,0,0
0,0,0
0,0,0
0,0,0
0,0,0
0,0,0
0,0,0
0,0,0
0,0,0
0,0,0
0,0,0
0,0,0
0,0,0
0,0,0
0,0,0
0,0,0
0,0,0
0,0,0
0,0,0
0,0,0
0,0,0
0,0,0
0,0,0
0,0,0
0,0,0
0,0,0
0,0,0
0,0,0
0,0,0
0,0,0
0,0,0
0,0,0
0,0,0
0,0,0
0,0,0
0,0,0
0,0,0
0,0,0
0,0,0
0,0,0
0,0,0
0,0,0
0,0,0
0,0,0
0,0,0
0,0,0
0,0,0
0,0,0
0,0,0
0,0,0
0,0,0
0,0,0
0,0,0
0,0,0
0,0,0
0,0,0
0,0,0
0,0,0
0,0,0
0,0,0
0,0,0
0,0,0
0,0,0
0,0,0
0,0,0
0,0,0
0,0,0
0,0,0
0,0,0
0,0,0
0,0,0
0,0,0
0,0,0
0,0,0
0,0,0
0,0,0
0,0,0
0,0,0
0,0,0
0,0,0
0,0,0
0,0,0
0,0,0
0,0,0
0,0,0
0,0,0
0,0,0
0,0,0
0,0,0
0,0,0
0,0,0
0,0,0
0,0,0
0,0,0
0,0,0
0,0,0
0,0,0
0,0,0
0,0,0
0,0,0
0,0,0
0,0,0
0,0,0
0,0,0
0,0,0
0,0,0
0,0,0
0,0,0
0,0,0
0,0,0
0,0,0
0,0,0
0,0,0
0,0,0
0,0,0
0,0,0
0,0,0
0,0,0
0,0,0
0,0,0
0,0,0
0,0,0
0,0,0
0,0,0
0,0,0
0,0,0
0,0,0
0,0,0
0,0,0
0,0,0
0,0,0
0,0,0
0,0,0
0,0,0
0,0,0
0,0,0
0,0,0
0,0,0
0,0,0
0,0,0
0,0,0
0,0,0
0,0,0
0,0,0
0,0,0
0,0,0
0,0,0
0,0,0
0,0,0
0,0,0
0,0,0
0,0,0
0,0,0
0,0,0
0,0,0
0,0,0
0,0,0
0,0,0
0,0,0
0,0,0
0,0,0
0,0,0
0,0,0
0,0,0
0,0,0
0,0,0
0,0,0
0,0,0
0,0,0
0,0,0
0,0,0
0,0,0
0,0,0
0,0,0
0,0,0
0,0,0
0,0,0
0,0,0
0,0,0
0,0,0
0,0,0
0,0,0
0,0,0
0,0,0
0,0,0
0,0,0
0,0,0
0,0,0
0,0,0
0,0,0
0,0,0
0,0,0
0,0,0
0,0,0
0,0,0
0,0,0
0,0,0
0,0,0
0,0,0
0,0,0
0,0,0
0,0,0
0,0,0
0,0,0
0,0,0
0,0,0
0,0,0
0,0,0
0,0,0
0,0,0
0,0,0
0,0,0
0,0,0
0,0,0
0,0,0
0,0,0
0,0,0
0,0,0
0,0,0
0,0,0
0,0,0
0,0,0
0,0,0
0,0,0
0,0,0
0,0,0
0,0,0
0,0,0
0,0,0
0,0,0
0,0,0
0,0,0
0,0,0
0,0,0
0,0,0
0,0,0
0,0,0
0,0,0
0,0,0
0,0,0
0,0,0
0,0,0
0,0,0
0,0,0
0,0,0
0,0,0
0,0,0
0,0,0
0,0,0
0,0,0
0,0,0
0,0,0
0,0,0
0,0,0
0,0,0
0,0,0
0,0,0
0,0,0
0,0,0
0,0,0
0,0,0
0,0,0
0,0,0
0,0,0
0,0,0
0,0,0
0,0,0
0,0,0
0,0,0
0,0,0
0,0,0
0,0,0
0,0,0
0,0,0
0,0,0
0,0,0
0,0,0
0,0,0
0,0,0
0,0,0
0,0,0
0,0,0
0,0,0
0,0,0
0,0,0
0,0,0
1.36177,5.29797,0.978323
1.39174,5.27999,0.97662
1.42334,5.2685,0.97611
1.45591,5.26061,0.97628
1.49004,5.25822,0.977472
0,0,0
0,0,0
0,0,0
0,0,0
0,0,0
0,0,0
0,0,0
0,0,0
0,0,0
0,0,0
0,0,0
0,0,0
0,0,0
0,0,0
0,0,0
0,0,0
0,0,0
0,0,0
0,0,0
0,0,0
0,0,0
0,0,0
0,0,0
0,0,0
0,0,0
0,0,0
0,0,0
0,0,0
0,0,0
0,0,0
0,0,0
0,0,0
0,0,0
0,0,0
0,0,0
0,0,0
0,0,0
0,0,0
0,0,0
0,0,0
0,0,0
0,0,0
0,0,0
0,0,0
0,0,0
0,0,0
0,0,0
0,0,0
0,0,0
0,0,0
0,0,0
0,0,0
0,0,0
0,0,0
0,0,0
0,0,0
0,0,0
0,0,0
0,0,0
0,0,0
0,0,0
0,0,0
0,0,0
0,0,0
0,0,0
0,0,0
0,0,0
0,0,0
0,0,0
0,0,0
0,0,0
0,0,0
0,0,0
0,0,0
0,0,0
0,0,0
0,0,0
0,0,0
0,0,0
0,0,0
0,0,0
0,0,0
0,0,0
0,0,0
0,0,0
0,0,0
0,0,0
0,0,0
0,0,0
0,0,0
0,0,0
0,0,0
0,0,0
0,0,0
0,0,0
0,0,0
0,0,0
0,0,0
0,0,0
0,0,0
0,0,0
0,0,0
0,0,0
0,0,0
0,0,0
0,0,0
0,0,0
0,0,0
0,0,0
0,0,0
0,0,0
0,0,0
0,0,0
0,0,0
0,0,0
0,0,0
0,0,0
0,0,0
0,0,0
0,0,0
0,0,0
0,0,0
0,0,0
0,0,0
0,0,0
0,0,0
0,0,0
0,0,0
0,0,0
0,0,0
0,0,0
0,0,0
0,0,0
0,0,0
0,0,0
0,0,0
0,0,0
0,0,0
0,0,0
0,0,0
0,0,0
0,0,0
0,0,0
0,0,0
0,0,0
0,0,0
0,0,0
0,0,0
0,0,0
0,0,0
0,0,0
0,0,0
0,0,0
0,0,0
0,0,0
0,0,0
0,0,0
0,0,0
0,0,0
0,0,0
0,0,0
0,0,0
0,0,0
0,0,0
0,0,0
0,0,0
0,0,0
0,0,0
0,0,0
0,0,0
0,0,0
0,0,0
0,0,0
0,0,0
0,0,0
0,0,0
0,0,0
0,0,0
0,0,0
0,0,0
0,0,0
0,0,0
0,0,0
0,0,0
0,0,0
0,0,0
0,0,0
0,0,0
0,0,0
0,0,0
0,0,0
0,0,0
0,0,0
0,0,0
0,0,0
0,0,0
0,0,0
0,0,0
0,0,0
0,0,0
0,0,0
0,0,0
0,0,0
0,0,0
0,0,0
0,0,0
0,0,0
0,0,0
0,0,0
0,0,0
0,0,0
0,0,0
0,0,0
0,0,0
0,0,0
0,0,0
0,0,0
0,0,0
0,0,0
0,0,0
0,0,0
0,0,0
0,0,0
0,0,0
0,0,0
0,0,0
0,0,0
0,0,0
0,0,0
0,0,0
0,0,0
0,0,0
0,0,0
0,0,0
0,0,0
0,0,0
0,0,0
0,0,0
0,0,0
0,0,0
0,0,0
0,0,0
0,0,0
0,0,0
0,0,0
0,0,0
0,0,0
0,0,0
0,0,0
0,0,0
0,0,0
0,0,0
0,0,0
0,0,0
0,0,0
0,0,0
0,0,0
0,0,0
0,0,0
0,0,0
0,0,0
0,0,0
0,0,0
0,0,0
0,0,0
0,0,0
0,0,0
0,0,0
0,0,0
0,0,0
0,0,0
0,0,0
0,0,0
0,0,0
0,0,0
0,0,0
0,0,0
0,0,0
0,0,0
0,0,0
0,0,0
0,0,0
0,0,0
0,0,0
0,0,0
0,0,0
0,0,0
0,0,0
0,0,0
0,0,0
0,0,0
0,0,0
0,0,0
0,0,0
0,0,0
0,0,0
0,0,0
0,0,0
0,0,0
0,0,0
0,0,0
0,0,0
0,0,0
0,0,0
0,0,0
0,0,0
0,0,0
0,0,0
0,0,0
0,0,0
0,0,0
0,0,0
0,0,0
0,0,0
0,0,0
0,0,0
0,0,0
0,0,0
0,0,0
0,0,0
0,0,0
0,0,0
0,0,0
0,0,0
0,0,0
0,0,0
0,0,0
0,0,0
0,0,0
0,0,0
0,0,0
0,0,0
0,0,0
0,0,0
0,0,0
0,0,0
0,0,0
0,0,0
0,0,0
0,0,0
0,0,0
0,0,0
0,0,0
0,0,0
0,0,0
0,0,0
0,0,0
0,0,0
0,0,0
0,0,0
0,0,0
0,0,0
0,0,0
0,0,0
0,0,0
0,0,0
0,0,0
0,0,0
0,0,0
0,0,0
0,0,0
0,0,0
0,0,0
0,0,0
0,0,0
0,0,0
0,0,0
0,0,0
0,0,0
0,0,0
0,0,0
0,0,0
0,0,0
0,0,0
0,0,0
0,0,0
0,0,0
0,0,0
0,0,0
0,0,0
0,0,0
0,0,0
0,0,0
0,0,0
0,0,0
0,0,0
0,0,0
0,0,0
0,0,0
0,0,0
0,0,0
0,0,0
0,0,0
0,0,0
0,0,0
0,0,0
0,0,0
0,0,0
0,0,0
0,0,0
0,0,0
6.0198,-14.2797,2.7102
5.93358,-14.32,2.71089
0,0,0
0,0,0
0,0,0
0,0,0
0,0,0
0,0,0
0,0,0
0,0,0
0,0,0
0,0,0
0,0,0
0,0,0
0,0,0
0,0,0
0,0,0
0,0,0
0,0,0
0,0,0
0,0,0
0,0,0
0,0,0
0,0,0
0,0,0
0,0,0
0,0,0
0,0,0
0,0,0
0,0,0
0,0,0
0,0,0
0,0,0
0,0,0
0,0,0
0,0,0
0,0,0
0,0,0
0,0,0
0,0,0
0,0,0
0,0,0
0,0,0
0,0,0
0,0,0
0,0,0
0,0,0
0,0,0
0,0,0
0,0,0
0,0,0
0,0,0
0,0,0
0,0,0
0,0,0
0,0,0
0,0,0
0,0,0
0,0,0
0,0,0
0,0,0
0,0,0
0,0,0
0,0,0
0,0,0
0,0,0
0,0,0
0,0,0
0,0,0
0,0,0
0,0,0
0,0,0
0,0,0
0,0,0
0,0,0
0,0,0
0,0,0
0,0,0
0,0,0
0,0,0
0,0,0
0,0,0
0,0,0
0,0,0
0,0,0
0,0,0
0,0,0
0,0,0
0,0,0
0,0,0
0,0,0
0,0,0
0,0,0
0,0,0
0,0,0
0,0,0
0,0,0
0,0,0
0,0,0
0,0,0
0,0,0
0,0,0
0,0,0
0,0,0
0,0,0
0,0,0
0,0,0
0,0,0
0,0,0
0,0,0
0,0,0
0,0,0
0,0,0
0,0,0
0,0,0
0,0,0
0,0,0
0,0,0
0,0,0
0,0,0
0,0,0
0,0,0
0,0,0
0,0,0
0,0,0
0,0,0
0,0,0
0,0,0
0,0,0
0,0,0
0,0,0
0,0,0
0,0,0
0,0,0
0,0,0
0,0,0
0,0,0
0,0,0
0,0,0
0,0,0
0,0,0
0,0,0
0,0,0
0,0,0
0,0,0
0,0,0
0,0,0
0,0,0
0,0,0
0,0,0
0,0,0
0,0,0
0,0,0
0,0,0
0,0,0
0,0,0
0,0,0
0,0,0
0,0,0
0,0,0
0,0,0
0,0,0
0,0,0
0,0,0
0,0,0
0,0,0
0,0,0
0,0,0
0,0,0
0,0,0
0,0,0
0,0,0
0,0,0
0,0,0
0,0,0
0,0,0
0,0,0
0,0,0
0,0,0
0,0,0
0,0,0
0,0,0
0,0,0
0,0,0
0,0,0
0,0,0
0,0,0
0,0,0
0,0,0
0,0,0
0,0,0
0,0,0
0,0,0
0,0,0
0,0,0
0,0,0
0,0,0
0,0,0
0,0,0
0,0,0
0,0,0
0,0,0
0,0,0
0,0,0
0,0,0
0,0,0
0,0,0
0,0,0
0,0,0
0,0,0
0,0,0
0,0,0
0,0,0
0,0,0
0,0,0
0,0,0
0,0,0
0,0,0
0,0,0
0,0,0
0,0,0
0,0,0
0,0,0
0,0,0
0,0,0
0,0,0
0,0,0
0,0,0
0,0,0
0,0,0
0,0,0
0,0,0
0,0,0
0,0,0
0,0,0
0,0,0
0,0,0
0,0,0
0,0,0
0,0,0
0,0,0
0,0,0
0,0,0
0,0,0
0,0,0
0,0,0
0,0,0
0,0,0
0,0,0
0,0,0
0,0,0
0,0,0
0,0,0
0,0,0
0,0,0
0,0,0
0,0,0
0,0,0
0,0,0
0,0,0
0,0,0
0,0,0
0,0,0
0,0,0
0,0,0
0,0,0
0,0,0
0,0,0
0,0,0
0,0,0
0,0,0
0,0,0
0,0,0
0,0,0
0,0,0
0,0,0
0,0,0
0,0,0
0,0,0
0,0,0
0,0,0
0,0,0
0,0,0
0,0,0
0,0,0
0,0,0
0,0,0
0,0,0
0,0,0
0,0,0
0,0,0
0,0,0
0,0,0
0,0,0
0,0,0
0,0,0
0,0,0
0,0,0
0,0,0
0,0,0
0,0,0
0,0,0
0,0,0
0,0,0
0,0,0
0,0,0
0,0,0
0,0,0
0,0,0
0,0,0
0,0,0
0,0,0
0,0,0
0,0,0
0,0,0
0,0,0
0,0,0
0,0,0
0,0,0
0,0,0
0,0,0
0,0,0
0,0,0
0,0,0
0,0,0
0,0,0
0,0,0
0,0,0
0,0,0
0,0,0
0,0,0
0,0,0
0,0,0
0,0,0
0,0,0
0,0,0
0,0,0
0,0,0
0,0,0
0,0,0
0,0,0
0,0,0
0,0,0
0,0,0
0,0,0
0,0,0
0,0,0
0,0,0
0,0,0
0,0,0
0,0,0
0,0,0
0,0,0
0,0,0
0,0,0
0,0,0
0,0,0
0,0,0
0,0,0
0,0,0
0,0,0
0,0,0
0,0,0
0,0,0
0,0,0
0,0,0
0,0,0
0,0,0
0,0,0
0,0,0
0,0,0
0,0,0
0,0,0
0,0,0
0,0,0
0,0,0
0,0,0
0,0,0
0,0,0
0,0,0
0,0,0
0,0,0
0,0,0
0,0,0
0,0,0
0,0,0
0,0,0
0,0,0
0,0,0
0,0,0
0,0,0
0,0,0
0,0,0
0,0,0
0,0,0
0,0,0
0,0,0
0,0,0
0,0,0
0,0,0
0,0,0
0,0,0
0,0,0
0,0,0
0,0,0
0,0,0
0,0,0
0,0,0
0,0,0
0,0,0
0,0,0
0,0,0
0,0,0
0,0,0
0,0,0
0,0,0
0,0,0
0,0,0
0,0,0
0,0,0
0,0,0
0,0,0
0,0,0
0,0,0
0,0,0
0,0,0
0,0,0
0,0,0
0,0,0
0,0,0
0,0,0
0,0,0
0,0,0
0,0,0
0,0,0
0,0,0
0,0,0
0,0,0
0,0,0
0,0,0
0,0,0
0,0,0
0,0,0
0,0,0
0,0,0
0,0,0
0,0,0
0,0,0
0,0,0
0,0,0
0,0,0
0,0,0
0,0,0
0,0,0
0,0,0
0,0,0
0,0,0
0,0,0
0,0,0
0,0,0
0,0,0
0,0,0
0,0,0
0,0,0
0,0,0
0,0,0
0,0,0
0,0,0
0,0,0
0,0,0
0,0,0
0,0,0
0,0,0
0,0,0
0,0,0
0,0,0
0,0,0
0,0,0
0,0,0
0,0,0
0,0,0
0,0,0
0,0,0
0,0,0
0,0,0
0,0,0
0,0,0
0,0,0
0,0,0
0,0,0
0,0,0
0,0,0
0,0,0
0,0,0
0,0,0
0,0,0
0,0,0
0,0,0
0,0,0
0,0,0
0,0,0
0,0,0
0,0,0
0,0,0
0,0,0
0,0,0
0,0,0
0,0,0
0,0,0
0,0,0
0,0,0
0,0,0
0,0,0
0,0,0
0,0,0
0,0,0
0,0,0
0,0,0
0,0,0
0,0,0
0,0,0
0,0,0
0,0,0
0,0,0
0,0,0
0,0,0
0,0,0
0,0,0
0,0,0
0,0,0
0,0,0
0,0,0
0,0,0
0,0,0
0,0,0
0,0,0
0,0,0
0,0,0
0,0,0
0,0,0
0,0,0
0,0,0
0,0,0
0,0,0
0,0,0
0,0,0
0,0,0
0,0,0
0,0,0
0,0,0
0,0,0
0,0,0
0,0,0
0,0,0
0,0,0
0,0,0
0,0,0
0,0,0
0,0,0
0,0,0
0,0,0
0,0,0
0,0,0
0,0,0
0,0,0
0,0,0
0,0,0
0,0,0
0,0,0
0,0,0
0,0,0
0,0,0
0,0,0
0,0,0
0,0,0
0,0,0
0,0,0
0,0,0
0,0,0
0,0,0
0,0,0
0,0,0
0,0,0
0,0,0
0,0,0
0,0,0
0,0,0
0,0,0
0,0,0
0,0,0
0,0,0
0,0,0
0,0,0
0,0,0
0,0,0
0,0,0
0,0,0
0,0,0
0,0,0
0,0,0
0,0,0
0,0,0
1.3805,5.37909,0.923161
1.39463,5.2989,0.911299
1.42763,5.29215,0.911616
1.45955,5.28139,0.911299
1.4887,5.26093,0.909401
1.52892,5.2792,0.913988
0,0,0
0,0,0
0,0,0
0,0,0
0,0,0
0,0,0
0,0,0
0,0,0
0,0,0
0,0,0
0,0,0
0,0,0
0,0,0
0,0,0
0,0,0
0,0,0
0,0,0
0,0,0
0,0,0
0,0,0
0,0,0
0,0,0
0,0,0
0,0,0
0,0,0
0,0,0
0,0,0
0,0,0
0,0,0
0,0,0
0,0,0
0,0,0
0,0,0
0,0,0
0,0,0
0,0,0
0,0,0
0,0,0
0,0,0
0,0,0
0,0,0
0,0,0
0,0,0
0,0,0
0,0,0
0,0,0
0,0,0
0,0,0
0,0,0
0,0,0
0,0,0
0,0,0
0,0,0
0,0,0
0,0,0
0,0,0
0,0,0
0,0,0
0,0,0
0,0,0
0,0,0
0,0,0
0,0,0
0,0,0
0,0,0
0,0,0
0,0,0
0,0,0
0,0,0
0,0,0
0,0,0
0,0,0
0,0,0
0,0,0
0,0,0
0,0,0
0,0,0
0,0,0
0,0,0
0,0,0
0,0,0
0,0,0
0,0,0
0,0,0
0,0,0
0,0,0
0,0,0
0,0,0
0,0,0
0,0,0
0,0,0
0,0,0
0,0,0
0,0,0
0,0,0
0,0,0
0,0,0
0,0,0
0,0,0
0,0,0
0,0,0
0,0,0
0,0,0
0,0,0
0,0,0
0,0,0
0,0,0
0,0,0
0,0,0
0,0,0
0,0,0
0,0,0
0,0,0
0,0,0
0,0,0
0,0,0
0,0,0
0,0,0
0,0,0
0,0,0
0,0,0
0,0,0
0,0,0
0,0,0
0,0,0
0,0,0
0,0,0
0,0,0
0,0,0
0,0,0
0,0,0
0,0,0
0,0,0
0,0,0
0,0,0
0,0,0
0,0,0
0,0,0
0,0,0
0,0,0
0,0,0
0,0,0
0,0,0
0,0,0
0,0,0
0,0,0
0,0,0
0,0,0
0,0,0
0,0,0
0,0,0
0,0,0
0,0,0
0,0,0
0,0,0
0,0,0
0,0,0
0,0,0
0,0,0
0,0,0
0,0,0
0,0,0
0,0,0
0,0,0
0,0,0
0,0,0
0,0,0
0,0,0
0,0,0
0,0,0
0,0,0
0,0,0
0,0,0
0,0,0
0,0,0
0,0,0
0,0,0
0,0,0
0,0,0
0,0,0
0,0,0
0,0,0
0,0,0
0,0,0
0,0,0
0,0,0
0,0,0
0,0,0
0,0,0
0,0,0
0,0,0
0,0,0
0,0,0
0,0,0
0,0,0
0,0,0
0,0,0
0,0,0
0,0,0
0,0,0
0,0,0
0,0,0
0,0,0
0,0,0
0,0,0
0,0,0
0,0,0
0,0,0
0,0,0
0,0,0
0,0,0
0,0,0
0,0,0
0,0,0
0,0,0
0,0,0
0,0,0
0,0,0
0,0,0
0,0,0
0,0,0
0,0,0
0,0,0
0,0,0
0,0,0
0,0,0
0,0,0
0,0,0
0,0,0
0,0,0
0,0,0
0,0,0
0,0,0
0,0,0
0,0,0
0,0,0
0,0,0
0,0,0
0,0,0
0,0,0
0,0,0
0,0,0
0,0,0
0,0,0
0,0,0
0,0,0
0,0,0
0,0,0
0,0,0
0,0,0
0,0,0
0,0,0
0,0,0
0,0,0
0,0,0
0,0,0
0,0,0
0,0,0
0,0,0
0,0,0
0,0,0
0,0,0
0,0,0
0,0,0
0,0,0
0,0,0
0,0,0
0,0,0
0,0,0
0,0,0
0,0,0
0,0,0
0,0,0
0,0,0
0,0,0
0,0,0
0,0,0
0,0,0
0,0,0
0,0,0
0,0,0
0,0,0
0,0,0
0,0,0
0,0,0
0,0,0
0,0,0
0,0,0
0,0,0
0,0,0
0,0,0
0,0,0
0,0,0
0,0,0
0,0,0
0,0,0
0,0,0
0,0,0
0,0,0
0,0,0
0,0,0
0,0,0
0,0,0
0,0,0
0,0,0
0,0,0
0,0,0
0,0,0
0,0,0
0,0,0
0,0,0
0,0,0
0,0,0
0,0,0
0,0,0
0,0,0
0,0,0
0,0,0
0,0,0
0,0,0
0,0,0
0,0,0
0,0,0
0,0,0
0,0,0
0,0,0
0,0,0
0,0,0
0,0,0
0,0,0
0,0,0
0,0,0
0,0,0
0,0,0
0,0,0
0,0,0
0,0,0
0,0,0
0,0,0
0,0,0
0,0,0
0,0,0
0,0,0
0,0,0
0,0,0
0,0,0
0,0,0
0,0,0
0,0,0
0,0,0
0,0,0
0,0,0
0,0,0
0,0,0
0,0,0
0,0,0
0,0,0
0,0,0
0,0,0
0,0,0
0,0,0
0,0,0
0,0,0
0,0,0
0,0,0
0,0,0
0,0,0
0,0,0
0,0,0
0,0,0
0,0,0
0,0,0
0,0,0
0,0,0
0,0,0
0,0,0
0,0,0
0,0,0
0,0,0
0,0,0
0,0,0
0,0,0
0,0,0
0,0,0
0,0,0
0,0,0
0,0,0
0,0,0
0,0,0
0,0,0
0,0,0
0,0,0
0,0,0
0,0,0
0,0,0
0,0,0
0,0,0
0,0,0
6.23118,-14.2814,2.52941
0,0,0
6.04932,-14.3422,2.52688
5.93587,-14.318,2.51629
5.88478,-14.4446,2.53194
5.79164,-14.4695,2.53005
5.68829,-14.468,2.52372
5.56563,-14.4151,2.5087
5.48652,-14.4739,2.51297
0,0,0
0,0,0
5.24548,-14.6459,2.52546
0,0,0
0,0,0
0,0,0
0,0,0
0,0,0
0,0,0
0,0,0
0,0,0
0,0,0
0,0,0
0,0,0
0,0,0
0,0,0
0,0,0
0,0,0
0,0,0
0,0,0
0,0,0
0,0,0
0,0,0
0,0,0
0,0,0
0,0,0
0,0,0
0,0,0
0,0,0
0,0,0
0,0,0
0,0,0
0,0,0
0,0,0
0,0,0
0,0,0
0,0,0
0,0,0
0,0,0
0,0,0
0,0,0
0,0,0
0,0,0
0,0,0
0,0,0
0,0,0
0,0,0
0,0,0
0,0,0
0,0,0
0,0,0
0,0,0
0,0,0
0,0,0
0,0,0
0,0,0
0,0,0
0,0,0
0,0,0
0,0,0
0,0,0
0,0,0
0,0,0
0,0,0
0,0,0
0,0,0
0,0,0
0,0,0
0,0,0
0,0,0
0,0,0
0,0,0
0,0,0
0,0,0
0,0,0
0,0,0
0,0,0
0,0,0
0,0,0
0,0,0
0,0,0
0,0,0
0,0,0
0,0,0
0,0,0
0,0,0
0,0,0
0,0,0
0,0,0
0,0,0
0,0,0
0,0,0
0,0,0
0,0,0
0,0,0
0,0,0
0,0,0
0,0,0
0,0,0
0,0,0
0,0,0
0,0,0
0,0,0
0,0,0
0,0,0
0,0,0
0,0,0
0,0,0
0,0,0
0,0,0
0,0,0
0,0,0
0,0,0
0,0,0
0,0,0
0,0,0
0,0,0
0,0,0
0,0,0
0,0,0
0,0,0
0,0,0
0,0,0
0,0,0
0,0,0
0,0,0
0,0,0
0,0,0
0,0,0
0,0,0
0,0,0
0,0,0
0,0,0
0,0,0
0,0,0
0,0,0
0,0,0
0,0,0
0,0,0
0,0,0
0,0,0
0,0,0
0,0,0
0,0,0
0,0,0
0,0,0
0,0,0
0,0,0
0,0,0
0,0,0
0,0,0
0,0,0
0,0,0
0,0,0
0,0,0
0,0,0
0,0,0
0,0,0
0,0,0
0,0,0
0,0,0
0,0,0
0,0,0
0,0,0
0,0,0
0,0,0
0,0,0
0,0,0
0,0,0
0,0,0
0,0,0
0,0,0
0,0,0
0,0,0
0,0,0
0,0,0
0,0,0
0,0,0
0,0,0
0,0,0
0,0,0
0,0,0
0,0,0
0,0,0
0,0,0
0,0,0
0,0,0
0,0,0
0,0,0
0,0,0
0,0,0
0,0,0
0,0,0
0,0,0
0,0,0
0,0,0
0,0,0
0,0,0
0,0,0
0,0,0
0,0,0
0,0,0
0,0,0
0,0,0
0,0,0
0,0,0
0,0,0
0,0,0
0,0,0
0,0,0
0,0,0
0,0,0
0,0,0
0,0,0
0,0,0
0,0,0
0,0,0
0,0,0
0,0,0
0,0,0
0,0,0
0,0,0
0,0,0
0,0,0
0,0,0
0,0,0
0,0,0
0,0,0
0,0,0
0,0,0
0,0,0
0,0,0
0,0,0
0,0,0
0,0,0
0,0,0
0,0,0
0,0,0
0,0,0
0,0,0
0,0,0
0,0,0
0,0,0
0,0,0
0,0,0
0,0,0
0,0,0
0,0,0
0,0,0
0,0,0
0,0,0
0,0,0
0,0,0
0,0,0
0,0,0
0,0,0
0,0,0
0,0,0
0,0,0
0,0,0
0,0,0
0,0,0
0,0,0
0,0,0
0,0,0
0,0,0
0,0,0
0,0,0
0,0,0
0,0,0
0,0,0
0,0,0
0,0,0
0,0,0
0,0,0
0,0,0
0,0,0
0,0,0
0,0,0
0,0,0
0,0,0
0,0,0
0,0,0
0,0,0
0,0,0
0,0,0
0,0,0
0,0,0
0,0,0
0,0,0
0,0,0
0,0,0
0,0,0
0,0,0
0,0,0
0,0,0
0,0,0
0,0,0
0,0,0
0,0,0
0,0,0
0,0,0
0,0,0
0,0,0
0,0,0
0,0,0
0,0,0
0,0,0
0,0,0
0,0,0
0,0,0
0,0,0
0,0,0
0,0,0
0,0,0
0,0,0
0,0,0
0,0,0
0,0,0
0,0,0
0,0,0
0,0,0
0,0,0
0,0,0
0,0,0
0,0,0
0,0,0
0,0,0
0,0,0
0,0,0
0,0,0
0,0,0
0,0,0
0,0,0
0,0,0
0,0,0
0,0,0
0,0,0
0,0,0
0,0,0
0,0,0
0,0,0
0,0,0
0,0,0
0,0,0
0,0,0
0,0,0
0,0,0
0,0,0
0,0,0
0,0,0
0,0,0
0,0,0
0,0,0
0,0,0
0,0,0
0,0,0
0,0,0
0,0,0
0,0,0
0,0,0
0,0,0
0,0,0
0,0,0
0,0,0
0,0,0
0,0,0
0,0,0
0,0,0
0,0,0
0,0,0
0,0,0
0,0,0
0,0,0
0,0,0
0,0,0
0,0,0
0,0,0
0,0,0
0,0,0
0,0,0
0,0,0
0,0,0
0,0,0
0,0,0
0,0,0
0,0,0
0,0,0
0,0,0
0,0,0
0,0,0
0,0,0
0,0,0
0,0,0
0,0,0
0,0,0
0,0,0
0,0,0
0,0,0
0,0,0
0,0,0
0,0,0
0,0,0
0,0,0
0,0,0
0,0,0
0,0,0
0,0,0
0,0,0
0,0,0
0,0,0
0,0,0
0,0,0
0,0,0
0,0,0
0,0,0
0,0,0
0,0,0
0,0,0
0,0,0
0,0,0
0,0,0
0,0,0
0,0,0
0,0,0
0,0,0
0,0,0
0,0,0
0,0,0
0,0,0
0,0,0
0,0,0
0,0,0
0,0,0
0,0,0
0,0,0
0,0,0
0,0,0
0,0,0
0,0,0
0,0,0
0,0,0
0,0,0
0,0,0
0,0,0
0,0,0
0,0,0
0,0,0
0,0,0
0,0,0
0,0,0
0,0,0
0,0,0
0,0,0
0,0,0
0,0,0
0,0,0
0,0,0
0,0,0
0,0,0
0,0,0
0,0,0
0,0,0
0,0,0
0,0,0
0,0,0
0,0,0
0,0,0
0,0,0
0,0,0
0,0,0
0,0,0
0,0,0
0,0,0
0,0,0
0,0,0
0,0,0
0,0,0
0,0,0
0,0,0
0,0,0
0,0,0
0,0,0
0,0,0
0,0,0
0,0,0
0,0,0
0,0,0
0,0,0
0,0,0
0,0,0
0,0,0
0,0,0
0,0,0
0,0,0
0,0,0
0,0,0
0,0,0
0,0,0
0,0,0
0,0,0
0,0,0
0,0,0
0,0,0
0,0,0
0,0,0
0,0,0
0,0,0
0,0,0
0,0,0
0,0,0
0,0,0
0,0,0
0,0,0
0,0,0
0,0,0
0,0,0
0,0,0
0,0,0
0,0,0
0,0,0
0,0,0
0,0,0
0,0,0
0,0,0
0,0,0
0,0,0
0,0,0
0,0,0
0,0,0
0,0,0
0,0,0
0,0,0
0,0,0
0,0,0
0,0,0
0,0,0
0,0,0
0,0,0
0,0,0
0,0,0
0,0,0
0,0,0
0,0,0
0,0,0
0,0,0
0,0,0
0,0,0
0,0,0
0,0,0
0,0,0
0,0,0
0,0,0
0,0,0
0,0,0
0,0,0
0,0,0
0,0,0
0,0,0
0,0,0
0,0,0
0,0,0
0,0,0
0,0,0
0,0,0
0,0,0
0,0,0
0,0,0
0,0,0
0,0,0
0,0,0
0,0,0
0,0,0
0,0,0
0,0,0
0,0,0
0,0,0
0,0,0
0,0,0
0,0,0
0,0,0
0,0,0
0,0,0
0,0,0
0,0,0
0,0,0
0,0,0
0,0,0
0,0,0
0,0,0
0,0,0
0,0,0
0,0,0
0,0,0
0,0,0
0,0,0
0,0,0
0,0,0
0,0,0
0,0,0
0,0,0
0,0,0
0,0,0
0,0,0
0,0,0
0,0,0
0,0,0
0,0,0
0,0,0
0,0,0
0,0,0
0,0,0
0,0,0
0,0,0
0,0,0
0,0,0
0,0,0
0,0,0
0,0,0
0,0,0
0,0,0
0,0,0
0,0,0
0,0,0
0,0,0
0,0,0
0,0,0
0,0,0
1.39203,5.2811,0.843247
1.43318,5.30493,0.848231
1.46175,5.28173,0.846032
1.49197,5.26505,0.844859
1.51131,5.21114,0.837969
0,0,0
0,0,0
0,0,0
0,0,0
0,0,0
0,0,0
0,0,0
0,0,0
0,0,0
0,0,0
0,0,0
0,0,0
0,0,0
0,0,0
0,0,0
0,0,0
0,0,0
0,0,0
0,0,0
0,0,0
0,0,0
0,0,0
0,0,0
0,0,0
0,0,0
0,0,0
0,0,0
0,0,0
0,0,0
0,0,0
0,0,0
0,0,0
0,0,0
0,0,0
0,0,0
0,0,0
0,0,0
0,0,0
0,0,0
0,0,0
0,0,0
0,0,0
0,0,0
0,0,0
0,0,0
0,0,0
0,0,0
0,0,0
0,0,0
0,0,0
0,0,0
0,0,0
0,0,0
0,0,0
0,0,0
0,0,0
0,0,0
0,0,0
0,0,0
0,0,0
0,0,0
0,0,0
0,0,0
0,0,0
0,0,0
0,0,0
0,0,0
0,0,0
0,0,0
0,0,0
0,0,0
0,0,0
0,0,0
0,0,0
0,0,0
0,0,0
0,0,0
0,0,0
0,0,0
0,0,0
0,0,0
0,0,0
0,0,0
0,0,0
0,0,0
0,0,0
0,0,0
0,0,0
0,0,0
0,0,0
0,0,0
0,0,0
0,0,0
0,0,0
0,0,0
0,0,0
0,0,0
0,0,0
0,0,0
0,0,0
0,0,0
0,0,0
0,0,0
0,0,0
0,0,0
0,0,0
0,0,0
0,0,0
0,0,0
0,0,0
0,0,0
0,0,0
0,0,0
0,0,0
0,0,0
0,0,0
0,0,0
0,0,0
0,0,0
0,0,0
0,0,0
0,0,0
0,0,0
0,0,0
0,0,0
0,0,0
0,0,0
0,0,0
0,0,0
0,0,0
0,0,0
0,0,0
0,0,0
0,0,0
0,0,0
0,0,0
0,0,0
0,0,0
0,0,0
0,0,0
0,0,0
0,0,0
0,0,0
0,0,0
0,0,0
0,0,0
0,0,0
0,0,0
0,0,0
0,0,0
0,0,0
0,0,0
0,0,0
0,0,0
0,0,0
0,0,0
0,0,0
0,0,0
0,0,0
0,0,0
0,0,0
0,0,0
0,0,0
0,0,0
0,0,0
0,0,0
0,0,0
0,0,0
0,0,0
0,0,0
0,0,0
0,0,0
0,0,0
0,0,0
0,0,0
0,0,0
0,0,0
0,0,0
0,0,0
0,0,0
0,0,0
0,0,0
0,0,0
0,0,0
0,0,0
0,0,0
0,0,0
0,0,0
0,0,0
0,0,0
0,0,0
0,0,0
0,0,0
0,0,0
0,0,0
0,0,0
0,0,0
0,0,0
0,0,0
0,0,0
0,0,0
0,0,0
0,0,0
0,0,0
0,0,0
0,0,0
0,0,0
0,0,0
0,0,0
0,0,0
0,0,0
0,0,0
0,0,0
0,0,0
0,0,0
0,0,0
0,0,0
0,0,0
0,0,0
0,0,0
0,0,0
0,0,0
0,0,0
0,0,0
0,0,0
0,0,0
0,0,0
0,0,0
0,0,0
0,0,0
0,0,0
0,0,0
0,0,0
0,0,0
0,0,0
0,0,0
0,0,0
0,0,0
0,0,0
0,0,0
0,0,0
0,0,0
0,0,0
0,0,0
0,0,0
0,0,0
0,0,0
0,0,0
0,0,0
0,0,0
0,0,0
0,0,0
0,0,0
0,0,0
0,0,0
0,0,0
0,0,0
0,0,0
0,0,0
0,0,0
0,0,0
0,0,0
0,0,0
0,0,0
0,0,0
0,0,0
0,0,0
0,0,0
0,0,0
0,0,0
0,0,0
0,0,0
0,0,0
0,0,0
0,0,0
0,0,0
0,0,0
0,0,0
0,0,0
0,0,0
0,0,0
0,0,0
0,0,0
0,0,0
0,0,0
0,0,0
0,0,0
0,0,0
0,0,0
0,0,0
0,0,0
0,0,0
0,0,0
0,0,0
0,0,0
0,0,0
0,0,0
0,0,0
0,0,0
0,0,0
0,0,0
0,0,0
0,0,0
0,0,0
0,0,0
0,0,0
0,0,0
0,0,0
0,0,0
0,0,0
0,0,0
0,0,0
0,0,0
0,0,0
0,0,0
0,0,0
0,0,0
0,0,0
0,0,0
0,0,0
0,0,0
0,0,0
0,0,0
0,0,0
0,0,0
0,0,0
0,0,0
0,0,0
0,0,0
0,0,0
0,0,0
0,0,0
0,0,0
0,0,0
0,0,0
0,0,0
0,0,0
0,0,0
0,0,0
0,0,0
0,0,0
0,0,0
0,0,0
0,0,0
0,0,0
0,0,0
0,0,0
0,0,0
0,0,0
0,0,0
0,0,0
0,0,0
0,0,0
0,0,0
0,0,0
0,0,0
0,0,0
0,0,0
0,0,0
0,0,0
0,0,0
0,0,0
0,0,0
0,0,0
0,0,0
0,0,0
0,0,0
0,0,0
0,0,0
0,0,0
0,0,0
0,0,0
0,0,0
0,0,0
0,0,0
0,0,0
0,0,0
0,0,0
0,0,0
0,0,0
0,0,0
0,0,0
0,0,0
0,0,0
0,0,0
0,0,0
0,0,0
0,0,0
0,0,0
0,0,0
0,0,0
0,0,0
0,0,0
0,0,0
0,0,0
0,0,0
0,0,0
0,0,0
6.22945,-14.2847,2.34341
6.14363,-14.3272,2.34415
6.05868,-14.3719,2.34532
5.94273,-14.3421,2.33462
5.86544,-14.4049,2.33887
5.76077,-14.4002,2.33242
5.66145,-14.4076,2.32802
5.56867,-14.431,2.32626
5.51682,-14.5621,2.34166
0,0,0
0,0,0
0,0,0
0,0,0
0,0,0
0,0,0
0,0,0
0,0,0
0,0,0
0,0,0
0,0,0
0,0,0
0,0,0
0,0,0
0,0,0
0,0,0
0,0,0
0,0,0
0,0,0
0,0,0
0,0,0
0,0,0
0,0,0
0,0,0
0,0,0
0,0,0
0,0,0
0,0,0
0,0,0
0,0,0
0,0,0
0,0,0
0,0,0
0,0,0
0,0,0
0,0,0
0,0,0
0,0,0
0,0,0
0,0,0
0,0,0
0,0,0
0,0,0
0,0,0
0,0,0
0,0,0
0,0,0
0,0,0
0,0,0
0,0,0
0,0,0
0,0,0
0,0,0
0,0,0
0,0,0
0,0,0
0,0,0
0,0,0
0,0,0
0,0,0
0,0,0
0,0,0
0,0,0
0,0,0
0,0,0
0,0,0
0,0,0
0,0,0
0,0,0
0,0,0
0,0,0
0,0,0
0,0,0
0,0,0
0,0,0
0,0,0
0,0,0
0,0,0
0,0,0
0,0,0
0,0,0
0,0,0
0,0,0
0,0,0
0,0,0
0,0,0
0,0,0
0,0,0
0,0,0
0,0,0
0,0,0
0,0,0
0,0,0
0,0,0
0,0,0
0,0,0
0,0,0
0,0,0
0,0,0
0,0,0
0,0,0
0,0,0
0,0,0
0,0,0
0,0,0
0,0,0
0,0,0
0,0,0
0,0,0
0,0,0
0,0,0
0,0,0
0,0,0
0,0,0
0,0,0
0,0,0
0,0,0
0,0,0
0,0,0
0,0,0
0,0,0
0,0,0
0,0,0
0,0,0
0,0,0
0,0,0
0,0,0
0,0,0
0,0,0
0,0,0
0,0,0
0,0,0
0,0,0
0,0,0
0,0,0
0,0,0
0,0,0
0,0,0
0,0,0
0,0,0
0,0,0
0,0,0
0,0,0
0,0,0
0,0,0
0,0,0
0,0,0
0,0,0
0,0,0
0,0,0
0,0,0
0,0,0
0,0,0
0,0,0
0,0,0
0,0,0
0,0,0
0,0,0
0,0,0
0,0,0
0,0,0
0,0,0
0,0,0
0,0,0
0,0,0
0,0,0
0,0,0
0,0,0
0,0,0
0,0,0
0,0,0
0,0,0
0,0,0
0,0,0
0,0,0
0,0,0
0,0,0
0,0,0
0,0,0
0,0,0
0,0,0
0,0,0
0,0,0
0,0,0
0,0,0
0,0,0
0,0,0
0,0,0
0,0,0
0,0,0
0,0,0
0,0,0
0,0,0
0,0,0
0,0,0
0,0,0
0,0,0
0,0,0
0,0,0
0,0,0
0,0,0
0,0,0
0,0,0
0,0,0
0,0,0
0,0,0
0,0,0
0,0,0
0,0,0
0,0,0
0,0,0
0,0,0
0,0,0
0,0,0
0,0,0
0,0,0
0,0,0
0,0,0
0,0,0
0,0,0
0,0,0
0,0,0
0,0,0
0,0,0
0,0,0
0,0,0
0,0,0
0,0,0
0,0,0
0,0,0
0,0,0
0,0,0
0,0,0
0,0,0
0,0,0
0,0,0
0,0,0
0,0,0
0,0,0
0,0,0
0,0,0
0,0,0
0,0,0
0,0,0
0,0,0
0,0,0
0,0,0
0,0,0
0,0,0
0,0,0
0,0,0
0,0,0
0,0,0
0,0,0
0,0,0
0,0,0
0,0,0
0,0,0
0,0,0
0,0,0
0,0,0
0,0,0
0,0,0
0,0,0
0,0,0
0,0,0
0,0,0
0,0,0
0,0,0
0,0,0
0,0,0
0,0,0
0,0,0
0,0,0
0,0,0
0,0,0
0,0,0
0,0,0
0,0,0
0,0,0
0,0,0
0,0,0
0,0,0
0,0,0
0,0,0
0,0,0
0,0,0
0,0,0
0,0,0
0,0,0
0,0,0
0,0,0
0,0,0
0,0,0
0,0,0
0,0,0
0,0,0
0,0,0
0,0,0
0,0,0
0,0,0
0,0,0
0,0,0
0,0,0
0,0,0
0,0,0
0,0,0
0,0,0
0,0,0
0,0,0
0,0,0
0,0,0
0,0,0
0,0,0
0,0,0
0,0,0
0,0,0
0,0,0
0,0,0
0,0,0
0,0,0
0,0,0
0,0,0
0,0,0
0,0,0
0,0,0
0,0,0
0,0,0
0,0,0
0,0,0
0,0,0
0,0,0
0,0,0
0,0,0
0,0,0
0,0,0
0,0,0
0,0,0
0,0,0
0,0,0
0,0,0
0,0,0
0,0,0
0,0,0
0,0,0
0,0,0
0,0,0
0,0,0
0,0,0
0,0,0
0,0,0
0,0,0
0,0,0
0,0,0
0,0,0
0,0,0
0,0,0
0,0,0
0,0,0
0,0,0
0,0,0
0,0,0
0,0,0
0,0,0
0,0,0
0,0,0
0,0,0
0,0,0
0,0,0
0,0,0
0,0,0
0,0,0
0,0,0
0,0,0
0,0,0
0,0,0
0,0,0
0,0,0
0,0,0
0,0,0
0,0,0
0,0,0
0,0,0
0,0,0
0,0,0
0,0,0
0,0,0
0,0,0
0,0,0
0,0,0
0,0,0
0,0,0
0,0,0
0,0,0
0,0,0
0,0,0
0,0,0
0,0,0
0,0,0
0,0,0
0,0,0
0,0,0
0,0,0
0,0,0
0,0,0
0,0,0
0,0,0
0,0,0
0,0,0
0,0,0
0,0,0
0,0,0
0,0,0
0,0,0
0,0,0
0,0,0
0,0,0
0,0,0
0,0,0
0,0,0
0,0,0
0,0,0
0,0,0
0,0,0
0,0,0
0,0,0
0,0,0
0,0,0
0,0,0
0,0,0
0,0,0
0,0,0
0,0,0
0,0,0
0,0,0
0,0,0
0,0,0
0,0,0
0,0,0
0,0,0
0,0,0
0,0,0
0,0,0
0,0,0
0,0,0
0,0,0
0,0,0
0,0,0
0,0,0
0,0,0
0,0,0
0,0,0
0,0,0
0,0,0
0,0,0
0,0,0
0,0,0
0,0,0
0,0,0
0,0,0
0,0,0
0,0,0
0,0,0
0,0,0
0,0,0
0,0,0
0,0,0
0,0,0
0,0,0
0,0,0
0,0,0
0,0,0
0,0,0
0,0,0
0,0,0
0,0,0
0,0,0
0,0,0
0,0,0
0,0,0
0,0,0
0,0,0
0,0,0
0,0,0
0,0,0
0,0,0
0,0,0
0,0,0
0,0,0
0,0,0
0,0,0
0,0,0
0,0,0
0,0,0
0,0,0
0,0,0
0,0,0
0,0,0
0,0,0
0,0,0
0,0,0
0,0,0
0,0,0
0,0,0
0,0,0
0,0,0
0,0,0
0,0,0
0,0,0
0,0,0
0,0,0
0,0,0
0,0,0
0,0,0
0,0,0
0,0,0
0,0,0
0,0,0
0,0,0
0,0,0
0,0,0
0,0,0
0,0,0
0,0,0
0,0,0
0,0,0
0,0,0
0,0,0
0,0,0
0,0,0
0,0,0
0,0,0
0,0,0
0,0,0
0,0,0
0,0,0
0,0,0
0,0,0
0,0,0
0,0,0
0,0,0
0,0,0
0,0,0
0,0,0
0,0,0
0,0,0
0,0,0
0,0,0
0,0,0
0,0,0
0,0,0
0,0,0
0,0,0
0,0,0
0,0,0
0,0,0
0,0,0
0,0,0
0,0,0
0,0,0
0,0,0
0,0,0
0,0,0
0,0,0
0,0,0
0,0,0
0,0,0
0,0,0
0,0,0
0,0,0
0,0,0
0,0,0
0,0,0
0,0,0
0,0,0
0,0,0
0,0,0
0,0,0
0,0,0
0,0,0
0,0,0
0,0,0
0,0,0
0,0,0
0,0,0
0,0,0
0,0,0
0,0,0
0,0,0
0,0,0
0,0,0
0,0,0
0,0,0
0,0,0
0,0,0
1.37285,5.34927,0.78269
1.40186,5.32637,0.780675
1.43632,5.32437,0.781615
1.47028,5.32023,0.782286
0,0,0
0,0,0
0,0,0
0,0,0
0,0,0
0,0,0
0,0,0
0,0,0
0,0,0
0,0,0
0,0,0
0,0,0
0,0,0
0,0,0
0,0,0
0,0,0
0,0,0
0,0,0
0,0,0
0,0,0
0,0,0
0,0,0
0,0,0
0,0,0
0,0,0
0,0,0
0,0,0
0,0,0
0,0,0
0,0,0
0,0,0
0,0,0
0,0,0
0,0,0
0,0,0
0,0,0
0,0,0
0,0,0
0,0,0
0,0,0
0,0,0
0,0,0
0,0,0
0,0,0
0,0,0
0,0,0
0,0,0
0,0,0
0,0,0
0,0,0
0,0,0
0,0,0
0,0,0
0,0,0
0,0,0
0,0,0
0,0,0
0,0,0
0,0,0
0,0,0
0,0,0
0,0,0
0,0,0
0,0,0
0,0,0
0,0,0
0,0,0
0,0,0
0,0,0
0,0,0
0,0,0
0,0,0
0,0,0
0,0,0
0,0,0
0,0,0
0,0,0
0,0,0
0,0,0
0,0,0
0,0,0
0,0,0
0,0,0
0,0,0
0,0,0
0,0,0
0,0,0
0,0,0
0,0,0
0,0,0
0,0,0
0,0,0
0,0,0
0,0,0
0,0,0
0,0,0
0,0,0
0,0,0
0,0,0
0,0,0
0,0,0
0,0,0
0,0,0
0,0,0
0,0,0
0,0,0
0,0,0
0,0,0
0,0,0
0,0,0
0,0,0
0,0,0
0,0,0
0,0,0
0,0,0
0,0,0
0,0,0
0,0,0
0,0,0
0,0,0
0,0,0
0,0,0
0,0,0
0,0,0
0,0,0
0,0,0
0,0,0
0,0,0
0,0,0
0,0,0
0,0,0
0,0,0
0,0,0
0,0,0
0,0,0
0,0,0
0,0,0
0,0,0
0,0,0
0,0,0
0,0,0
0,0,0
0,0,0
0,0,0
0,0,0
0,0,0
0,0,0
0,0,0
0,0,0
0,0,0
0,0,0
0,0,0
0,0,0
0,0,0
0,0,0
0,0,0
0,0,0
0,0,0
0,0,0
0,0,0
0,0,0
0,0,0
0,0,0
0,0,0
0,0,0
0,0,0
0,0,0
0,0,0
0,0,0
0,0,0
0,0,0
0,0,0
0,0,0
0,0,0
0,0,0
0,0,0
0,0,0
0,0,0
0,0,0
0,0,0
0,0,0
0,0,0
0,0,0
0,0,0
0,0,0
0,0,0
0,0,0
0,0,0
0,0,0
0,0,0
0,0,0
0,0,0
0,0,0
0,0,0
0,0,0
0,0,0
0,0,0
0,0,0
0,0,0
0,0,0
0,0,0
0,0,0
0,0,0
0,0,0
0,0,0
0,0,0
0,0,0
0,0,0
0,0,0
0,0,0
0,0,0
0,0,0
0,0,0
0,0,0
0,0,0
0,0,0
0,0,0
0,0,0
0,0,0
0,0,0
0,0,0
0,0,0
0,0,0
0,0,0
0,0,0
0,0,0
0,0,0
0,0,0
0,0,0
0,0,0
0,0,0
0,0,0
0,0,0
0,0,0
0,0,0
0,0,0
0,0,0
0,0,0
0,0,0
0,0,0
0,0,0
0,0,0
0,0,0
0,0,0
0,0,0
0,0,0
0,0,0
0,0,0
0,0,0
0,0,0
0,0,0
0,0,0
0,0,0
0,0,0
0,0,0
0,0,0
0,0,0
0,0,0
0,0,0
0,0,0
0,0,0
0,0,0
0,0,0
0,0,0
0,0,0
0,0,0
0,0,0
0,0,0
0,0,0
0,0,0
0,0,0
0,0,0
0,0,0
0,0,0
0,0,0
0,0,0
0,0,0
0,0,0
0,0,0
0,0,0
0,0,0
0,0,0
0,0,0
0,0,0
0,0,0
0,0,0
0,0,0
0,0,0
0,0,0
0,0,0
0,0,0
0,0,0
0,0,0
0,0,0
0,0,0
0,0,0
0,0,0
0,0,0
0,0,0
0,0,0
0,0,0
0,0,0
0,0,0
0,0,0
0,0,0
0,0,0
0,0,0
0,0,0
0,0,0
0,0,0
0,0,0
0,0,0
0,0,0
0,0,0
0,0,0
0,0,0
0,0,0
0,0,0
0,0,0
0,0,0
0,0,0
0,0,0
0,0,0
0,0,0
0,0,0
0,0,0
0,0,0
0,0,0
0,0,0
0,0,0
0,0,0
0,0,0
0,0,0
0,0,0
0,0,0
0,0,0
0,0,0
0,0,0
0,0,0
0,0,0
0,0,0
0,0,0
0,0,0
0,0,0
0,0,0
0,0,0
0,0,0
0,0,0
0,0,0
0,0,0
0,0,0
0,0,0
0,0,0
0,0,0
0,0,0
0,0,0
0,0,0
0,0,0
0,0,0
0,0,0
0,0,0
0,0,0
0,0,0
0,0,0
0,0,0
0,0,0
0,0,0
0,0,0
0,0,0
0,0,0
0,0,0
0,0,0
0,0,0
0,0,0
0,0,0
0,0,0
0,0,0
0,0,0
0,0,0
0,0,0
0,0,0
0,0,0
0,0,0
0,0,0
0,0,0
0,0,0
0,0,0
0,0,0
0,0,0
0,0,0
0,0,0
0,0,0
0,0,0
0,0,0
0,0,0
0,0,0
0,0,0
0,0,0
0,0,0
0,0,0
0,0,0
6.13407,-14.2975,2.14307
6.04584,-14.334,2.14294
5.94677,-14.3443,2.13904
5.8908,-14.4594,2.15059
5.76846,-14.4116,2.13837
5.66977,-14.4209,2.13461
5.56655,-14.4175,2.1291
5.50326,-14.5181,2.13877
5.45105,-14.651,2.15315
0,0,0
0,0,0
0,0,0
0,0,0
0,0,0
0,0,0
0,0,0
0,0,0
0,0,0
0,0,0
0,0,0
0,0,0
0,0,0
0,0,0
0,0,0
0,0,0
0,0,0
0,0,0
0,0,0
0,0,0
0,0,0
0,0,0
0,0,0
0,0,0
0,0,0
0,0,0
0,0,0
0,0,0
0,0,0
0,0,0
0,0,0
0,0,0
0,0,0
0,0,0
0,0,0
0,0,0
0,0,0
0,0,0
0,0,0
0,0,0
0,0,0
0,0,0
0,0,0
0,0,0
0,0,0
0,0,0
0,0,0
0,0,0
0,0,0
0,0,0
0,0,0
0,0,0
0,0,0
0,0,0
0,0,0
0,0,0
0,0,0
0,0,0
0,0,0
0,0,0
0,0,0
0,0,0
0,0,0
0,0,0
0,0,0
0,0,0
0,0,0
0,0,0
0,0,0
0,0,0
0,0,0
0,0,0
0,0,0
0,0,0
0,0,0
0,0,0
0,0,0
0,0,0
0,0,0
0,0,0
0,0,0
0,0,0
0,0,0
0,0,0
0,0,0
0,0,0
0,0,0
0,0,0
0,0,0
0,0,0
0,0,0
0,0,0
0,0,0
0,0,0
0,0,0
0,0,0
0,0,0
0,0,0
0,0,0
0,0,0
0,0,0
0,0,0
0,0,0
0,0,0
0,0,0
0,0,0
0,0,0
0,0,0
0,0,0
0,0,0
0,0,0
0,0,0
0,0,0
0,0,0
0,0,0
0,0,0
0,0,0
0,0,0
0,0,0
0,0,0
0,0,0
0,0,0
0,0,0
0,0,0
0,0,0
0,0,0
0,0,0
0,0,0
0,0,0
0,0,0
0,0,0
0,0,0
0,0,0
0,0,0
0,0,0
0,0,0
0,0,0
0,0,0
0,0,0
0,0,0
0,0,0
0,0,0
0,0,0
0,0,0
0,0,0
0,0,0
0,0,0
0,0,0
0,0,0
0,0,0
0,0,0
0,0,0
0,0,0
0,0,0
0,0,0
0,0,0
0,0,0
0,0,0
0,0,0
0,0,0
0,0,0
0,0,0
0,0,0
0,0,0
0,0,0
0,0,0
0,0,0
0,0,0
0,0,0
0,0,0
0,0,0
0,0,0
0,0,0
0,0,0
0,0,0
0,0,0
0,0,0
0,0,0
0,0,0
0,0,0
0,0,0
0,0,0
0,0,0
0,0,0
0,0,0
0,0,0
0,0,0
0,0,0
0,0,0
0,0,0
0,0,0
0,0,0
0,0,0
0,0,0
0,0,0
0,0,0
0,0,0
0,0,0
0,0,0
0,0,0
0,0,0
0,0,0
0,0,0
0,0,0
0,0,0
0,0,0
0,0,0
0,0,0
0,0,0
0,0,0
0,0,0
0,0,0
0,0,0
0,0,0
0,0,0
0,0,0
0,0,0
0,0,0
0,0,0
0,0,0
0,0,0
0,0,0
0,0,0
0,0,0
0,0,0
0,0,0
0,0,0
0,0,0
0,0,0
0,0,0
0,0,0
0,0,0
0,0,0
0,0,0
0,0,0
0,0,0
0,0,0
0,0,0
0,0,0
0,0,0
0,0,0
0,0,0
0,0,0
0,0,0
0,0,0
0,0,0
0,0,0
0,0,0
0,0,0
0,0,0
0,0,0
0,0,0
0,0,0
0,0,0
0,0,0
0,0,0
0,0,0
0,0,0
0,0,0
0,0,0
0,0,0
0,0,0
0,0,0
0,0,0
0,0,0
0,0,0
0,0,0
0,0,0
0,0,0
0,0,0
0,0,0
0,0,0
0,0,0
0,0,0
0,0,0
0,0,0
0,0,0
0,0,0
0,0,0
0,0,0
0,0,0
0,0,0
0,0,0
0,0,0
0,0,0
0,0,0
0,0,0
0,0,0
0,0,0
0,0,0
0,0,0
0,0,0
0,0,0
0,0,0
0,0,0
0,0,0
0,0,0
0,0,0
0,0,0
0,0,0
0,0,0
0,0,0
0,0,0
0,0,0
0,0,0
0,0,0
0,0,0
0,0,0
0,0,0
0,0,0
0,0,0
0,0,0
0,0,0
0,0,0
0,0,0
0,0,0
0,0,0
0,0,0
0,0,0
0,0,0
0,0,0
0,0,0
0,0,0
0,0,0
0,0,0
0,0,0
0,0,0
0,0,0
0,0,0
0,0,0
0,0,0
0,0,0
0,0,0
0,0,0
0,0,0
0,0,0
0,0,0
0,0,0
0,0,0
0,0,0
0,0,0
0,0,0
0,0,0
0,0,0
0,0,0
0,0,0
0,0,0
0,0,0
0,0,0
0,0,0
0,0,0
0,0,0
0,0,0
0,0,0
0,0,0
0,0,0
0,0,0
0,0,0
0,0,0
0,0,0
0,0,0
0,0,0
0,0,0
0,0,0
0,0,0
0,0,0
0,0,0
0,0,0
0,0,0
0,0,0
0,0,0
0,0,0
0,0,0
0,0,0
0,0,0
0,0,0
0,0,0
0,0,0
0,0,0
0,0,0
0,0,0
0,0,0
0,0,0
0,0,0
0,0,0
0,0,0
0,0,0
0,0,0
0,0,0
0,0,0
0,0,0
0,0,0
0,0,0
0,0,0
0,0,0
0,0,0
0,0,0
0,0,0
0,0,0
0,0,0
0,0,0
0,0,0
0,0,0
0,0,0
0,0,0
0,0,0
0,0,0
0,0,0
0,0,0
0,0,0
0,0,0
0,0,0
0,0,0
0,0,0
0,0,0
0,0,0
0,0,0
0,0,0
0,0,0
0,0,0
0,0,0
0,0,0
0,0,0
0,0,0
0,0,0
0,0,0
0,0,0
0,0,0
0,0,0
0,0,0
0,0,0
0,0,0
0,0,0
0,0,0
0,0,0
0,0,0
0,0,0
0,0,0
0,0,0
0,0,0
0,0,0
0,0,0
0,0,0
0,0,0
0,0,0
0,0,0
0,0,0
0,0,0
0,0,0
0,0,0
0,0,0
0,0,0
0,0,0
0,0,0
0,0,0
0,0,0
0,0,0
0,0,0
0,0,0
0,0,0
0,0,0
0,0,0
0,0,0
0,0,0
0,0,0
0,0,0
0,0,0
0,0,0
0,0,0
0,0,0
0,0,0
0,0,0
0,0,0
0,0,0
0,0,0
0,0,0
0,0,0
0,0,0
0,0,0
0,0,0
0,0,0
0,0,0
0,0,0
0,0,0
0,0,0
0,0,0
0,0,0
0,0,0
0,0,0
0,0,0
0,0,0
0,0,0
0,0,0
0,0,0
0,0,0
0,0,0
0,0,0
0,0,0
0,0,0
0,0,0
0,0,0
0,0,0
0,0,0
0,0,0
0,0,0
0,0,0
0,0,0
0,0,0
0,0,0
0,0,0
0,0,0
0,0,0
0,0,0
0,0,0
0,0,0
0,0,0
0,0,0
0,0,0
0,0,0
0,0,0
0,0,0
0,0,0
0,0,0
0,0,0
0,0,0
0,0,0
0,0,0
0,0,0
0,0,0
0,0,0
0,0,0
0,0,0
0,0,0
0,0,0
0,0,0
0,0,0
0,0,0
0,0,0
0,0,0
0,0,0
0,0,0
0,0,0
0,0,0
0,0,0
0,0,0
0,0,0
0,0,0
0,0,0
0,0,0
0,0,0
0,0,0
0,0,0
0,0,0
0,0,0
0,0,0
0,0,0
0,0,0
0,0,0
0,0,0
0,0,0
0,0,0
0,0,0
0,0,0
0,0,0
0,0,0
0,0,0
0,0,0
0,0,0
0,0,0
0,0,0
0,0,0
0,0,0
0,0,0
0,0,0
0,0,0
0,0,0
0,0,0
0,0,0
0,0,0
0,0,0
0,0,0
0,0,0
0,0,0
0,0,0
0,0,0
0,0,0
0,0,0
0,0,0
0,0,0
0,0,0
0,0,0
0,0,0
0,0,0
0,0,0
0,0,0
0,0,0
0,0,0
0,0,0
0,0,0
0,0,0
0,0,0
0,0,0
0,0,0
0,0,0
0,0,0
0,0,0
0,0,0
0,0,0
0,0,0
0,0,0
0,0,0
0,0,0
0,0,0
0,0,0
0,0,0
0,0,0
0,0,0
0,0,0
0,0,0
0,0,0
0,0,0
0,0,0
1.21984,5.27995,0.70249
1.25267,5.2743,0.702734
1.28806,5.27905,0.704325
1.32043,5.27104,0.704325
1.35793,5.28303,0.706896
1.39437,5.28995,0.708854
1.43145,5.29855,0.711057
1.46844,5.30593,0.713137
1.5134,5.34074,0.718767
1.55139,5.34947,0.721093
1.59547,5.37791,0.725988
1.62844,5.36802,0.725988
0,0,0
0,0,0
0,0,0
0,0,0
0,0,0
0,0,0
0,0,0
0,0,0
0,0,0
0,0,0
0,0,0
0,0,0
0,0,0
0,0,0
0,0,0
29.9183,72.2663,9.67936
0,0,0
0,0,0
0,0,0
0,0,0
0,0,0
32.0606,70.0296,9.532
0,0,0
0,0,0
0,0,0
0,0,0
0,0,0
0,0,0
0,0,0
0,0,0
0,0,0
0,0,0
0,0,0
0,0,0
0,0,0
0,0,0
0,0,0
0,0,0
0,0,0
0,0,0
0,0,0
0,0,0
0,0,0
0,0,0
0,0,0
0,0,0
0,0,0
0,0,0
0,0,0
0,0,0
6.73806,9.69512,1.49019
0,0,0
0,0,0
0,0,0
0,0,0
0,0,0
0,0,0
0,0,0
0,0,0
0,0,0
0,0,0
0,0,0
0,0,0
0,0,0
0,0,0
0,0,0
0,0,0
0,0,0
0,0,0
0,0,0
0,0,0
0,0,0
0,0,0
0,0,0
0,0,0
0,0,0
0,0,0
0,0,0
0,0,0
0,0,0
0,0,0
0,0,0
0,0,0
0,0,0
0,0,0
0,0,0
0,0,0
0,0,0
0,0,0
0,0,0
0,0,0
0,0,0
0,0,0
0,0,0
0,0,0
0,0,0
0,0,0
0,0,0
0,0,0
0,0,0
0,0,0
0,0,0
0,0,0
0,0,0
0,0,0
0,0,0
0,0,0
0,0,0
0,0,0
0,0,0
0,0,0
0,0,0
0,0,0
0,0,0
0,0,0
0,0,0
0,0,0
0,0,0
0,0,0
0,0,0
0,0,0
0,0,0
0,0,0
0,0,0
0,0,0
0,0,0
0,0,0
0,0,0
0,0,0
0,0,0
0,0,0
0,0,0
0,0,0
0,0,0
0,0,0
0,0,0
0,0,0
0,0,0
0,0,0
0,0,0
0,0,0
0,0,0
0,0,0
0,0,0
0,0,0
0,0,0
0,0,0
0,0,0
0,0,0
0,0,0
0,0,0
0,0,0
0,0,0
0,0,0
0,0,0
0,0,0
0,0,0
0,0,0
0,0,0
0,0,0
0,0,0
0,0,0
0,0,0
0,0,0
0,0,0
0,0,0
0,0,0
0,0,0
0,0,0
0,0,0
0,0,0
0,0,0
0,0,0
0,0,0
0,0,0
0,0,0
0,0,0
0,0,0
0,0,0
0,0,0
0,0,0
0,0,0
0,0,0
0,0,0
0,0,0
0,0,0
0,0,0
0,0,0
0,0,0
0,0,0
0,0,0
0,0,0
0,0,0
0,0,0
0,0,0
0,0,0
0,0,0
0,0,0
0,0,0
0,0,0
0,0,0
0,0,0
0,0,0
0,0,0
0,0,0
0,0,0
0,0,0
0,0,0
0,0,0
0,0,0
0,0,0
0,0,0
0,0,0
0,0,0
0,0,0
0,0,0
0,0,0
0,0,0
0,0,0
0,0,0
0,0,0
0,0,0
0,0,0
0,0,0
0,0,0
0,0,0
0,0,0
0,0,0
0,0,0
0,0,0
0,0,0
0,0,0
0,0,0
0,0,0
0,0,0
0,0,0
0,0,0
0,0,0
0,0,0
0,0,0
0,0,0
0,0,0
0,0,0
0,0,0
0,0,0
0,0,0
0,0,0
0,0,0
0,0,0
0,0,0
0,0,0
0,0,0
0,0,0
0,0,0
0,0,0
0,0,0
0,0,0
0,0,0
0,0,0
0,0,0
0,0,0
0,0,0
0,0,0
0,0,0
0,0,0
0,0,0
0,0,0
0,0,0
0,0,0
0,0,0
0,0,0
0,0,0
0,0,0
0,0,0
0,0,0
0,0,0
0,0,0
0,0,0
0,0,0
0,0,0
0,0,0
0,0,0
0,0,0
0,0,0
0,0,0
0,0,0
0,0,0
0,0,0
0,0,0
0,0,0
0,0,0
0,0,0
0,0,0
0,0,0
0,0,0
0,0,0
0,0,0
0,0,0
0,0,0
0,0,0
0,0,0
0,0,0
0,0,0
0,0,0
0,0,0
0,0,0
0,0,0
0,0,0
0,0,0
0,0,0
0,0,0
0,0,0
0,0,0
0,0,0
0,0,0
0,0,0
0,0,0
0,0,0
0,0,0
0,0,0
0,0,0
0,0,0
0,0,0
0,0,0
0,0,0
0,0,0
0,0,0
0,0,0
0,0,0
0,0,0
0,0,0
0,0,0
0,0,0
0,0,0
0,0,0
0,0,0
0,0,0
0,0,0
0,0,0
0,0,0
0,0,0
0,0,0
0,0,0
0,0,0
0,0,0
0,0,0
0,0,0
0,0,0
0,0,0
0,0,0
0,0,0
0,0,0
0,0,0
0,0,0
0,0,0
0,0,0
31.4212,-40.7613,6.38085
31.1711,-40.9541,6.38097
0,0,0
0,0,0
0,0,0
0,0,0
0,0,0
0,0,0
0,0,0
0,0,0
0,0,0
0,0,0
0,0,0
0,0,0
0,0,0
0,0,0
0,0,0
0,0,0
0,0,0
0,0,0
0,0,0
0,0,0
23.168,-40.3024,5.76683
0,0,0
0,0,0
0,0,0
0,0,0
0,0,0
0,0,0
0,0,0
0,0,0
0,0,0
0,0,0
0,0,0
0,0,0
0,0,0
0,0,0
0,0,0
0,0,0
0,0,0
0,0,0
0,0,0
16.6081,-39.3912,5.30591
5.97842,-14.4282,1.96016
0,0,0
0,0,0
0,0,0
0,0,0
0,0,0
0,0,0
0,0,0
0,0,0
0,0,0
0,0,0
0,0,0
0,0,0
0,0,0
0,0,0
0,0,0
0,0,0
0,0,0
0,0,0
0,0,0
0,0,0
0,0,0
0,0,0
0,0,0
0,0,0
0,0,0
0,0,0
0,0,0
0,0,0
0,0,0
0,0,0
0,0,0
0,0,0
0,0,0
0,0,0
0,0,0
0,0,0
0,0,0
0,0,0
0,0,0
0,0,0
0,0,0
0,0,0
0,0,0
0,0,0
0,0,0
0,0,0
0,0,0
0,0,0
0,0,0
0,0,0
0,0,0
0,0,0
0,0,0
0,0,0
0,0,0
0,0,0
0,0,0
0,0,0
0,0,0
0,0,0
0,0,0
0,0,0
0,0,0
0,0,0
0,0,0
0,0,0
0,0,0
0,0,0
0,0,0
0,0,0
0,0,0
0,0,0
0,0,0
0,0,0
0,0,0
0,0,0
0,0,0
0,0,0
0,0,0
0,0,0
0,0,0
0,0,0
0,0,0
0,0,0
0,0,0
0,0,0
0,0,0
0,0,0
0,0,0
0,0,0
0,0,0
0,0,0
0,0,0
0,0,0
0,0,0
0,0,0
0,0,0
0,0,0
0,0,0
0,0,0
0,0,0
0,0,0
0,0,0
0,0,0
0,0,0
0,0,0
0,0,0
0,0,0
0,0,0
0,0,0
0,0,0
0,0,0
0,0,0
0,0,0
0,0,0
0,0,0
0,0,0
0,0,0
0,0,0
0,0,0
0,0,0
0,0,0
0,0,0
0,0,0
0,0,0
0,0,0
0,0,0
0,0,0
0,0,0
0,0,0
0,0,0
0,0,0
0,0,0
0,0,0
0,0,0
0,0,0
0,0,0
0,0,0
0,0,0
0,0,0
0,0,0
0,0,0
0,0,0
0,0,0
0,0,0
0,0,0
0,0,0
0,0,0
0,0,0
0,0,0
0,0,0
0,0,0
0,0,0
0,0,0
0,0,0
0,0,0
0,0,0
0,0,0
0,0,0
0,0,0
0,0,0
0,0,0
0,0,0
0,0,0
0,0,0
0,0,0
0,0,0
0,0,0
0,0,0
0,0,0
0,0,0
0,0,0
0,0,0
0,0,0
0,0,0
0,0,0
0,0,0
0,0,0
0,0,0
0,0,0
0,0,0
0,0,0
0,0,0
0,0,0
0,0,0
0,0,0
0,0,0
0,0,0
0,0,0
0,0,0
0,0,0
0,0,0
0,0,0
0,0,0
0,0,0
0,0,0
0,0,0
0,0,0
0,0,0
0,0,0
0,0,0
0,0,0
0,0,0
0,0,0
0,0,0
0,0,0
0,0,0
0,0,0
0,0,0
0,0,0
0,0,0
0,0,0
0,0,0
0,0,0
0,0,0
0,0,0
0,0,0
0,0,0
0,0,0
0,0,0
0,0,0
0,0,0
0,0,0
0,0,0
0,0,0
0,0,0
0,0,0
0,0,0
0,0,0
0,0,0
0,0,0
0,0,0
0,0,0
0,0,0
0,0,0
0,0,0
0,0,0
0,0,0
0,0,0
0,0,0
0,0,0
0,0,0
0,0,0
0,0,0
0,0,0
0,0,0
0,0,0
0,0,0
0,0,0
0,0,0
0,0,0
0,0,0
0,0,0
0,0,0
0,0,0
0,0,0
0,0,0
0,0,0
0,0,0
0,0,0
0,0,0
0,0,0
0,0,0
0,0,0
0,0,0
0,0,0
0,0,0
0,0,0
0,0,0
0,0,0
0,0,0
0,0,0
0,0,0
0,0,0
0,0,0
0,0,0
0,0,0
0,0,0
0,0,0
0,0,0
0,0,0
0,0,0
0,0,0
0,0,0
0,0,0
0,0,0
0,0,0
0,0,0
0,0,0
0,0,0
0,0,0
0,0,0
0,0,0
0,0,0
0,0,0
0,0,0
0,0,0
0,0,0
0,0,0
0,0,0
0,0,0
0,0,0
0,0,0
0,0,0
0,0,0
0,0,0
0,0,0
0,0,0
0,0,0
0,0,0
0,0,0
0,0,0
0,0,0
0,0,0
0,0,0
0,0,0
0,0,0
0,0,0
0,0,0
0,0,0
0,0,0
0,0,0
0,0,0
0,0,0
0,0,0
0,0,0
0,0,0
0,0,0
0,0,0
0,0,0
0,0,0
0,0,0
0,0,0
0,0,0
0,0,0
0,0,0
0,0,0
0,0,0
0,0,0
0,0,0
0,0,0
0,0,0
0,0,0
0,0,0
0,0,0
0,0,0
0,0,0
0,0,0
0,0,0
0,0,0
0,0,0
0,0,0
0,0,0
0,0,0
0,0,0
0,0,0
0,0,0
0,0,0
0,0,0
0,0,0
0,0,0
0,0,0
0,0,0
0,0,0
0,0,0
0,0,0
0,0,0
0,0,0
0,0,0
0,0,0
0,0,0
0,0,0
0,0,0
0,0,0
0,0,0
0,0,0
0,0,0
0,0,0
0,0,0
0,0,0
0,0,0
0,0,0
0,0,0
0,0,0
0,0,0
0,0,0
0,0,0
0,0,0
0,0,0
0,0,0
0,0,0
0,0,0
0,0,0
0,0,0
0,0,0
0,0,0
0,0,0
0,0,0
0,0,0
0,0,0
0,0,0
0,0,0
0,0,0
0,0,0
0,0,0
0,0,0
0,0,0
0,0,0
0,0,0
0,0,0
0,0,0
0,0,0
0,0,0
0,0,0
0,0,0
0,0,0
0,0,0
0,0,0
0,0,0
0,0,0
0,0,0
0,0,0
0,0,0
0,0,0
0,0,0
0,0,0
0,0,0
0,0,0
0,0,0
0,0,0
0,0,0
0,0,0
0,0,0
0,0,0
0,0,0
0,0,0
0,0,0
0,0,0
0,0,0
0,0,0
0,0,0
0,0,0
0,0,0
0,0,0
0,0,0
0,0,0
0,0,0
0,0,0
0,0,0
0,0,0
0,0,0
0,0,0
0,0,0
0,0,0
0,0,0
0,0,0
0,0,0
0,0,0
0,0,0
0,0,0
0,0,0
0,0,0
0,0,0
0,0,0
0,0,0
0,0,0
0,0,0
0,0,0
0,0,0
0,0,0
0,0,0
0,0,0
0,0,0
0,0,0
0,0,0
0,0,0
0,0,0
0,0,0
0,0,0
0,0,0
0,0,0
0,0,0
0,0,0
0,0,0
0,0,0
0,0,0
0,0,0
0,0,0
0,0,0
0,0,0
0,0,0
0,0,0
0,0,0
0,0,0
0,0,0
0,0,0
0,0,0
0,0,0
0,0,0
0,0,0
0,0,0
0,0,0
0,0,0
0,0,0
0,0,0
0,0,0
0,0,0
0,0,0
0,0,0
0,0,0
0,0,0
0,0,0
0,0,0
0,0,0
0,0,0
0,0,0
0,0,0
0,0,0
0,0,0
0,0,0
0,0,0
0,0,0
0,0,0
0,0,0
0,0,0
0,0,0
0,0,0
0,0,0
0,0,0
0,0,0
0,0,0
0,0,0
0,0,0
0,0,0
0,0,0
0,0,0
0,0,0
0,0,0
0,0,0
0,0,0
0,0,0
0,0,0
0,0,0
0,0,0
0,0,0
0,0,0
0,0,0
0,0,0
0,0,0
0,0,0
0,0,0
0,0,0
0,0,0
0,0,0
0,0,0
0,0,0
0,0,0
0,0,0
0,0,0
0,0,0
0,0,0
0,0,0
0,0,0
0,0,0
0,0,0
0,0,0
0,0,0
0,0,0
0,0,0
0,0,0
0,0,0
0,0,0
0,0,0
0,0,0
0,0,0
0,0,0
0,0,0
0,0,0
0,0,0
0,0,0
0,0,0
0,0,0
0,0,0
0,0,0
0,0,0
0,0,0
0,0,0
0,0,0
0,0,0
0,0,0
0,0,0
0,0,0
0,0,0
0,0,0
0,0,0
0,0,0
1.21557,5.26626,0.635884
1.24809,5.25967,0.635994
1.27916,5.24708,0.635441
1.31302,5.24589,0.636216
1.34543,5.23869,0.636326
1.37932,5.23707,0.6371
1.41402,5.2381,0.638206
1.45223,5.25136,0.64075
1.49336,5.2739,0.6444
1.53233,5.28755,0.647054
1.57323,5.30663,0.650373
1.61297,5.32066,0.653138
0,0,0
0,0,0
0,0,0
0,0,0
0,0,0
0,0,0
0,0,0
0,0,0
0,0,0
0,0,0
0,0,0
0,0,0
0,0,0
0,0,0
0,0,0
0,0,0
0,0,0
0,0,0
0,0,0
0,0,0
0,0,0
0,0,0
0,0,0
0,0,0
0,0,0
0,0,0
0,0,0
0,0,0
0,0,0
0,0,0
0,0,0
0,0,0
0,0,0
0,0,0
0,0,0
0,0,0
0,0,0
0,0,0
0,0,0
0,0,0
0,0,0
0,0,0
0,0,0
0,0,0
0,0,0
0,0,0
0,0,0
0,0,0
0,0,0
0,0,0
6.78219,9.75954,1.35701
6.8614,9.74537,1.36077
6.94993,9.74354,1.3663
7.04975,9.7563,1.37393
7.16583,9.78985,1.38455
7.26721,9.80158,1.39229
7.40122,9.85534,1.406
7.66734,10.0803,1.44383
7.68295,9.9732,1.43542
7.73727,9.91725,1.43421
7.81461,9.89065,1.43719
7.89689,9.86967,1.44106
8.00297,9.8774,1.44914
8.11638,9.89265,1.45843
8.2379,9.91605,1.46905
8.32866,9.90106,1.47424
0,0,0
0,0,0
0,0,0
0,0,0
0,0,0
0,0,0
0,0,0
0,0,0
0,0,0
0,0,0
0,0,0
0,0,0
0,0,0
0,0,0
0,0,0
0,0,0
0,0,0
0,0,0
0,0,0
0,0,0
0,0,0
0,0,0
0,0,0
0,0,0
0,0,0
0,0,0
0,0,0
0,0,0
0,0,0
0,0,0
0,0,0
0,0,0
0,0,0
0,0,0
0,0,0
0,0,0
0,0,0
0,0,0
0,0,0
0,0,0
0,0,0
0,0,0
0,0,0
0,0,0
0,0,0
0,0,0
0,0,0
0,0,0
0,0,0
0,0,0
0,0,0
0,0,0
0,0,0
0,0,0
0,0,0
0,0,0
23.5106,13.5137,3.0522
0,0,0
0,0,0
0,0,0
0,0,0
0,0,0
0,0,0
0,0,0
0,0,0
0,0,0
0,0,0
0,0,0
0,0,0
0,0,0
0,0,0
0,0,0
0,0,0
0,0,0
0,0,0
0,0,0
0,0,0
0,0,0
0,0,0
0,0,0
0,0,0
0,0,0
0,0,0
0,0,0
0,0,0
0,0,0
0,0,0
0,0,0
0,0,0
0,0,0
0,0,0
0,0,0
0,0,0
0,0,0
0,0,0
0,0,0
0,0,0
0,0,0
0,0,0
0,0,0
0,0,0
0,0,0
0,0,0
0,0,0
0,0,0
0,0,0
0,0,0
0,0,0
0,0,0
0,0,0
0,0,0
0,0,0
0,0,0
0,0,0
0,0,0
0,0,0
0,0,0
0,0,0
0,0,0
0,0,0
0,0,0
0,0,0
0,0,0
0,0,0
0,0,0
0,0,0
0,0,0
0,0,0
0,0,0
0,0,0
0,0,0
0,0,0
0,0,0
0,0,0
0,0,0
0,0,0
0,0,0
0,0,0
0,0,0
0,0,0
0,0,0
0,0,0
0,0,0
0,0,0
0,0,0
0,0,0
0,0,0
0,0,0
0,0,0
0,0,0
0,0,0
0,0,0
0,0,0
0,0,0
0,0,0
0,0,0
0,0,0
0,0,0
0,0,0
0,0,0
0,0,0
0,0,0
0,0,0
0,0,0
0,0,0
0,0,0
0,0,0
0,0,0
0,0,0
0,0,0
0,0,0
0,0,0
0,0,0
0,0,0
0,0,0
0,0,0
0,0,0
0,0,0
0,0,0
0,0,0
0,0,0
0,0,0
0,0,0
0,0,0
0,0,0
0,0,0
0,0,0
0,0,0
0,0,0
0,0,0
0,0,0
0,0,0
0,0,0
0,0,0
0,0,0
0,0,0
0,0,0
0,0,0
0,0,0
0,0,0
0,0,0
0,0,0
0,0,0
0,0,0
0,0,0
0,0,0
0,0,0
0,0,0
0,0,0
0,0,0
0,0,0
0,0,0
0,0,0
0,0,0
0,0,0
0,0,0
0,0,0
0,0,0
0,0,0
0,0,0
0,0,0
0,0,0
0,0,0
0,0,0
0,0,0
0,0,0
0,0,0
0,0,0
0,0,0
0,0,0
0,0,0
0,0,0
0,0,0
0,0,0
60.7801,-39.0033,8.07119
0,0,0
60.5293,-39.8994,8.10216
0,0,0
0,0,0
0,0,0
0,0,0
0,0,0
0,0,0
0,0,0
0,0,0
52.1609,-38.6759,7.2607
0,0,0
0,0,0
0,0,0
50.1868,-39.1569,7.11825
50.153,-39.628,7.14767
0,0,0
0,0,0
0,0,0
0,0,0
0,0,0
0,0,0
0,0,0
0,0,0
0,0,0
0,0,0
0,0,0
0,0,0
0,0,0
0,0,0
0,0,0
0,0,0
0,0,0
0,0,0
0,0,0
0,0,0
0,0,0
0,0,0
0,0,0
0,0,0
0,0,0
0,0,0
0,0,0
0,0,0
0,0,0
0,0,0
0,0,0
33.4122,-39.2088,5.76714
0,0,0
32.9705,-39.6663,5.77444
32.9856,-40.1836,5.81989
32.7679,-40.4215,5.82509
0,0,0
31.4404,-39.7719,5.67633
31.4092,-40.2375,5.71493
31.2746,-40.5759,5.73551
0,0,0
0,0,0
0,0,0
0,0,0
0,0,0
0,0,0
0,0,0
0,0,0
0,0,0
0,0,0
0,0,0
0,0,0
0,0,0
0,0,0
0,0,0
0,0,0
0,0,0
0,0,0
0,0,0
0,0,0
0,0,0
23.2105,-40.3813,5.21767
0,0,0
22.7587,-40.7447,5.22807
0,0,0
0,0,0
0,0,0
0,0,0
0,0,0
0,0,0
0,0,0
0,0,0
0,0,0
0,0,0
0,0,0
0,0,0
0,0,0
0,0,0
0,0,0
0,0,0
0,0,0
0,0,0
5.99948,-14.4786,1.77851
0,0,0
0,0,0
0,0,0
0,0,0
0,0,0
14.8048,-39.8144,4.76155
0,0,0
0,0,0
0,0,0
0,0,0
0,0,0
0,0,0
0,0,0
0,0,0
0,0,0
0,0,0
0,0,0
0,0,0
0,0,0
0,0,0
0,0,0
0,0,0
0,0,0
0,0,0
0,0,0
0,0,0
0,0,0
0,0,0
0,0,0
0,0,0
0,0,0
0,0,0
0,0,0
0,0,0
0,0,0
0,0,0
0,0,0
0,0,0
0,0,0
0,0,0
0,0,0
0,0,0
0,0,0
0,0,0
0,0,0
0,0,0
0,0,0
0,0,0
0,0,0
0,0,0
0,0,0
0,0,0
0,0,0
0,0,0
0,0,0
0,0,0
0,0,0
0,0,0
0,0,0
0,0,0
0,0,0
0,0,0
0,0,0
0,0,0
0,0,0
0,0,0
0,0,0
0,0,0
0,0,0
0,0,0
0,0,0
0,0,0
0,0,0
0,0,0
0,0,0
0,0,0
0,0,0
0,0,0
0,0,0
0,0,0
0,0,0
0,0,0
0,0,0
0,0,0
0,0,0
0,0,0
0,0,0
0,0,0
0,0,0
0,0,0
0,0,0
0,0,0
0,0,0
0,0,0
0,0,0
0,0,0
0,0,0
0,0,0
0,0,0
0,0,0
0,0,0
0,0,0
0,0,0
0,0,0
0,0,0
0,0,0
0,0,0
0,0,0
0,0,0
0,0,0
0,0,0
0,0,0
0,0,0
0,0,0
0,0,0
0,0,0
0,0,0
0,0,0
0,0,0
0,0,0
0,0,0
0,0,0
0,0,0
0,0,0
0,0,0
0,0,0
0,0,0
0,0,0
0,0,0
0,0,0
0,0,0
0,0,0
0,0,0
0,0,0
0,0,0
0,0,0
0,0,0
0,0,0
0,0,0
0,0,0
0,0,0
0,0,0
0,0,0
0,0,0
0,0,0
0,0,0
0,0,0
0,0,0
0,0,0
0,0,0
0,0,0
0,0,0
0,0,0
0,0,0
0,0,0
0,0,0
0,0,0
0,0,0
0,0,0
0,0,0
0,0,0
0,0,0
0,0,0
0,0,0
0,0,0
0,0,0
0,0,0
0,0,0
0,0,0
0,0,0
0,0,0
0,0,0
0,0,0
0,0,0
0,0,0
0,0,0
0,0,0
0,0,0
0,0,0
0,0,0
0,0,0
0,0,0
0,0,0
0,0,0
0,0,0
0,0,0
0,0,0
0,0,0
0,0,0
0,0,0
0,0,0
0,0,0
0,0,0
0,0,0
0,0,0
0,0,0
0,0,0
0,0,0
0,0,0
0,0,0
0,0,0
0,0,0
0,0,0
0,0,0
0,0,0
0,0,0
0,0,0
0,0,0
0,0,0
0,0,0
0,0,0
0,0,0
0,0,0
0,0,0
0,0,0
0,0,0
0,0,0
0,0,0
0,0,0
0,0,0
0,0,0
0,0,0
0,0,0
0,0,0
0,0,0
0,0,0
0,0,0
0,0,0
0,0,0
0,0,0
0,0,0
0,0,0
0,0,0
0,0,0
0,0,0
0,0,0
0,0,0
0,0,0
0,0,0
0,0,0
0,0,0
0,0,0
0,0,0
0,0,0
0,0,0
0,0,0
0,0,0
0,0,0
0,0,0
0,0,0
0,0,0
0,0,0
0,0,0
0,0,0
0,0,0
0,0,0
0,0,0
0,0,0
0,0,0
0,0,0
0,0,0
0,0,0
0,0,0
0,0,0
0,0,0
0,0,0
0,0,0
0,0,0
0,0,0
0,0,0
0,0,0
0,0,0
0,0,0
0,0,0
0,0,0
0,0,0
0,0,0
0,0,0
0,0,0
0,0,0
0,0,0
0,0,0
0,0,0
0,0,0
0,0,0
0,0,0
0,0,0
0,0,0
0,0,0
0,0,0
0,0,0
0,0,0
0,0,0
0,0,0
0,0,0
0,0,0
0,0,0
0,0,0
0,0,0
0,0,0
0,0,0
0,0,0
0,0,0
0,0,0
0,0,0
0,0,0
0,0,0
0,0,0
0,0,0
0,0,0
0,0,0
0,0,0
0,0,0
0,0,0
0,0,0
0,0,0
0,0,0
0,0,0
0,0,0
0,0,0
0,0,0
0,0,0
0,0,0
0,0,0
0,0,0
0,0,0
0,0,0
0,0,0
0,0,0
0,0,0
0,0,0
0,0,0
0,0,0
0,0,0
0,0,0
0,0,0
0,0,0
0,0,0
0,0,0
0,0,0
0,0,0
0,0,0
0,0,0
0,0,0
0,0,0
0,0,0
0,0,0
0,0,0
0,0,0
0,0,0
0,0,0
0,0,0
0,0,0
0,0,0
0,0,0
0,0,0
0,0,0
0,0,0
0,0,0
0,0,0
0,0,0
0,0,0
0,0,0
0,0,0
0,0,0
0,0,0
0,0,0
0,0,0
0,0,0
0,0,0
0,0,0
0,0,0
0,0,0
0,0,0
0,0,0
0,0,0
0,0,0
0,0,0
0,0,0
0,0,0
0,0,0
0,0,0
0,0,0
0,0,0
0,0,0
0,0,0
0,0,0
0,0,0
0,0,0
0,0,0
0,0,0
0,0,0
0,0,0
0,0,0
0,0,0
0,0,0
0,0,0
0,0,0
0,0,0
0,0,0
0,0,0
0,0,0
0,0,0
0,0,0
0,0,0
0,0,0
0,0,0
0,0,0
0,0,0
0,0,0
0,0,0
0,0,0
0,0,0
0,0,0
0,0,0
0,0,0
0,0,0
0,0,0
0,0,0
0,0,0
0,0,0
0,0,0
0,0,0
0,0,0
0,0,0
0,0,0
0,0,0
0,0,0
0,0,0
0,0,0
0,0,0
0,0,0
0,0,0
0,0,0
0,0,0
0,0,0
0,0,0
0,0,0
0,0,0
0,0,0
0,0,0
0,0,0
0,0,0
0,0,0
0,0,0
0,0,0
0,0,0
0,0,0
0,0,0
0,0,0
0,0,0
0,0,0
0,0,0
0,0,0
0,0,0
0,0,0
0,0,0
0,0,0
0,0,0
0,0,0
0,0,0
0,0,0
0,0,0
0,0,0
0,0,0
0,0,0
0,0,0
0,0,0
0,0,0
0,0,0
0,0,0
0,0,0
0,0,0
0,0,0
0,0,0
0,0,0
0,0,0
0,0,0
0,0,0
0,0,0
0,0,0
0,0,0
0,0,0
0,0,0
0,0,0
0,0,0
0,0,0
0,0,0
0,0,0
0,0,0
0,0,0
0,0,0
0,0,0
0,0,0
0,0,0
0,0,0
0,0,0
0,0,0
0,0,0
0,0,0
0,0,0
0,0,0
0,0,0
0,0,0
0,0,0
0,0,0
0,0,0
0,0,0
0,0,0
0,0,0
0,0,0
0,0,0
0,0,0
0,0,0
0,0,0
0,0,0
0,0,0
0,0,0
0,0,0
0,0,0
0,0,0
0,0,0
0,0,0
0,0,0
0,0,0
0,0,0
0,0,0
0,0,0
0,0,0
0,0,0
0,0,0
0,0,0
0,0,0
0,0,0
0,0,0
0,0,0
0,0,0
0,0,0
0,0,0
0,0,0
0,0,0
0,0,0
0,0,0
0,0,0
0,0,0
0,0,0
0,0,0
0,0,0
0,0,0
0,0,0
0,0,0
0,0,0
0,0,0
0,0,0
0,0,0
0,0,0
0,0,0
0,0,0
0,0,0
0,0,0
0,0,0
0,0,0
0,0,0
0,0,0
0,0,0
0,0,0
0,0,0
0,0,0
0,0,0
0,0,0
0,0,0
0,0,0
0,0,0
0,0,0
0,0,0
0,0,0
0,0,0
0,0,0
0,0,0
0,0,0
0,0,0
0,0,0
0,0,0
0,0,0
0,0,0
0,0,0
0,0,0
0,0,0
0,0,0
0,0,0
0,0,0
0,0,0
0,0,0
0,0,0
0,0,0
0,0,0
0,0,0
0,0,0
0,0,0
0,0,0
0,0,0
0,0,0
0,0,0
0,0,0
0,0,0
0,0,0
0,0,0
0,0,0
0,0,0
0,0,0
0,0,0
0,0,0
0,0,0
0,0,0
0,0,0
0,0,0
0,0,0
0,0,0
0,0,0
0,0,0
0,0,0
0,0,0
0,0,0
0,0,0
0,0,0
0,0,0
0,0,0
1.17423,5.23282,0.564245
1.20609,5.22454,0.564147
1.24134,5.2306,0.565523
1.27459,5.22772,0.566014
1.30785,5.22463,0.566505
1.34136,5.22229,0.567095
1.37541,5.22166,0.567881
1.41001,5.22273,0.568864
1.44601,5.22837,0.570338
1.48402,5.24046,0.5725
1.52805,5.27236,0.576726
1.56744,5.28674,0.579183
1.60908,5.3075,0.582328
1.65251,5.3327,0.585964
0,0,0
0,0,0
0,0,0
0,0,0
0,0,0
0,0,0
0,0,0
0,0,0
0,0,0
0,0,0
0,0,0
0,0,0
0,0,0
0,0,0
0,0,0
0,0,0
0,0,0
0,0,0
30.7883,69.5239,7.54363
0,0,0
31.7571,69.3988,7.57164
0,0,0
32.4822,68.7411,7.54294
32.9697,68.6787,7.55808
33.3622,68.417,7.55169
0,0,0
0,0,0
0,0,0
0,0,0
0,0,0
0,0,0
0,0,0
0,0,0
0,0,0
0,0,0
6.69171,11.653,1.36167
6.7726,11.628,1.36354
6.88279,11.6522,1.3711
6.97409,11.6431,1.37494
7.07329,11.646,1.38024
7.17227,11.6473,1.38545
7.26468,11.6368,1.38938
7.34286,11.603,1.39066
0,0,0
7.58232,11.6622,1.40835
0,0,0
7.63977,11.4408,1.39322
7.65462,11.3121,1.38349
7.64342,11.1476,1.36943
6.77211,9.74775,1.20678
6.86329,9.75078,1.21219
6.95477,9.75305,1.21759
7.05352,9.76424,1.22418
7.15267,9.77459,1.23076
7.26169,9.79688,1.23892
7.35631,9.7983,1.24462
7.44219,9.78705,1.24885
7.61139,9.88313,1.26654
7.6927,9.86292,1.26988
7.76725,9.8335,1.27214
7.86474,9.83228,1.27804
7.96813,9.8372,1.28482
8.06431,9.83199,1.29042
8.16391,9.82979,1.29651
8.26634,9.82978,1.303
8.35939,9.81752,1.30801
8.33176,9.66428,1.29474
8.40268,9.62648,1.29651
8.5545,9.67989,1.31037
8.65354,9.67172,1.31627
8.77018,9.68187,1.32472
8.91618,9.7225,1.3374
9.01967,9.71502,1.34378
9.15817,9.74361,1.35518
9.3193,9.79394,1.36973
9.5235,9.88638,1.39027
9.62844,9.87336,1.39656
9.76435,9.89059,1.40717
9.87831,9.88399,1.41464
10.0442,9.92743,1.42929
10.1697,9.92888,1.43823
10.2534,9.8884,1.44137
0,0,0
0,0,0
0,0,0
0,0,0
0,0,0
0,0,0
0,0,0
0,0,0
0,0,0
0,0,0
0,0,0
0,0,0
0,0,0
0,0,0
0,0,0
0,0,0
0,0,0
0,0,0
0,0,0
0,0,0
0,0,0
0,0,0
0,0,0
0,0,0
0,0,0
0,0,0
0,0,0
0,0,0
0,0,0
0,0,0
0,0,0
0,0,0
0,0,0
0,0,0
0,0,0
0,0,0
0,0,0
0,0,0
0,0,0
0,0,0
0,0,0
0,0,0
0,0,0
0,0,0
0,0,0
0,0,0
0,0,0
0,0,0
0,0,0
0,0,0
0,0,0
0,0,0
0,0,0
0,0,0
0,0,0
0,0,0
0,0,0
0,0,0
0,0,0
0,0,0
0,0,0
0,0,0
0,0,0
0,0,0
0,0,0
0,0,0
0,0,0
0,0,0
0,0,0
0,0,0
0,0,0
0,0,0
0,0,0
0,0,0
0,0,0
0,0,0
0,0,0
0,0,0
0,0,0
0,0,0
0,0,0
0,0,0
0,0,0
0,0,0
0,0,0
0,0,0
0,0,0
0,0,0
0,0,0
0,0,0
0,0,0
0,0,0
0,0,0
0,0,0
0,0,0
0,0,0
0,0,0
0,0,0
0,0,0
0,0,0
0,0,0
0,0,0
0,0,0
0,0,0
0,0,0
0,0,0
0,0,0
0,0,0
0,0,0
0,0,0
0,0,0
0,0,0
0,0,0
0,0,0
0,0,0
0,0,0
0,0,0
0,0,0
0,0,0
0,0,0
0,0,0
0,0,0
0,0,0
0,0,0
0,0,0
0,0,0
0,0,0
0,0,0
0,0,0
0,0,0
0,0,0
0,0,0
0,0,0
0,0,0
0,0,0
0,0,0
0,0,0
0,0,0
0,0,0
0,0,0
0,0,0
0,0,0
0,0,0
0,0,0
0,0,0
0,0,0
0,0,0
0,0,0
0,0,0
0,0,0
0,0,0
0,0,0
0,0,0
0,0,0
0,0,0
0,0,0
0,0,0
0,0,0
0,0,0
0,0,0
0,0,0
0,0,0
0,0,0
0,0,0
0,0,0
0,0,0
0,0,0
0,0,0
0,0,0
0,0,0
0,0,0
0,0,0
0,0,0
0,0,0
0,0,0
0,0,0
0,0,0
0,0,0
0,0,0
0,0,0
0,0,0
0,0,0
0,0,0
0,0,0
0,0,0
0,0,0
0,0,0
0,0,0
0,0,0
0,0,0
0,0,0
0,0,0
0,0,0
0,0,0
0,0,0
0,0,0
0,0,0
0,0,0
0,0,0
0,0,0
0,0,0
0,0,0
0,0,0
0,0,0
0,0,0
0,0,0
0,0,0
0,0,0
0,0,0
0,0,0
0,0,0
0,0,0
0,0,0
0,0,0
0,0,0
0,0,0
0,0,0
0,0,0
0,0,0
0,0,0
0,0,0
0,0,0
0,0,0
0,0,0
0,0,0
0,0,0
0,0,0
0,0,0
0,0,0
0,0,0
0,0,0
50.2053,-38.6591,6.29226
49.9946,-38.9878,6.2957
49.7396,-39.2821,6.29383
0,0,0
0,0,0
0,0,0
0,0,0
0,0,0
0,0,0
0,0,0
0,0,0
0,0,0
0,0,0
0,0,0
43.7165,-40.0854,5.89207
43.4048,-40.2926,5.88333
43.0096,-40.4199,5.86338
0,0,0
42.1569,-40.6043,5.81493
41.7467,-40.7059,5.79281
0,0,0
0,0,0
0,0,0
0,0,0
0,0,0
0,0,0
0,0,0
0,0,0
0,0,0
0,0,0
0,0,0
0,0,0
33.2956,-38.0966,5.03126
33.8968,-39.2682,5.15755
32.8701,-38.5546,5.03804
32.547,-38.6535,5.02487
32.6898,-39.3101,5.08364
32.1492,-39.1461,5.03716
31.8181,-39.2314,5.02301
31.8337,-39.7467,5.06359
31.6004,-39.9553,5.06536
31.3179,-40.1014,5.05947
31.183,-40.4378,5.07755
30.9609,-40.6632,5.08187
0,0,0
0,0,0
0,0,0
0,0,0
0,0,0
0,0,0
0,0,0
0,0,0
0,0,0
0,0,0
0,0,0
0,0,0
0,0,0
24.0417,-37.9371,4.47009
0,0,0
0,0,0
0,0,0
0,0,0
0,0,0
0,0,0
0,0,0
0,0,0
0,0,0
0,0,0
0,0,0
0,0,0
0,0,0
0,0,0
0,0,0
0,0,0
0,0,0
0,0,0
0,0,0
0,0,0
0,0,0
0,0,0
0,0,0
0,0,0
0,0,0
0,0,0
0,0,0
0,0,0
0,0,0
0,0,0
0,0,0
0,0,0
0,0,0
0,0,0
0,0,0
0,0,0
0,0,0
0,0,0
0,0,0
0,0,0
0,0,0
0,0,0
0,0,0
0,0,0
0,0,0
0,0,0
0,0,0
0,0,0
0,0,0
0,0,0
0,0,0
0,0,0
0,0,0
0,0,0
0,0,0
0,0,0
0,0,0
0,0,0
0,0,0
0,0,0
0,0,0
0,0,0
0,0,0
0,0,0
0,0,0
0,0,0
0,0,0
0,0,0
0,0,0
0,0,0
0,0,0
0,0,0
0,0,0
0,0,0
0,0,0
0,0,0
0,0,0
0,0,0
0,0,0
0,0,0
0,0,0
0,0,0
0,0,0
0,0,0
0,0,0
0,0,0
0,0,0
0,0,0
0,0,0
0,0,0
0,0,0
0,0,0
0,0,0
0,0,0
0,0,0
0,0,0
0,0,0
0,0,0
0,0,0
0,0,0
0,0,0
0,0,0
0,0,0
0,0,0
0,0,0
0,0,0
0,0,0
0,0,0
0,0,0
0,0,0
0,0,0
0,0,0
0,0,0
0,0,0
0,0,0
0,0,0
0,0,0
0,0,0
0,0,0
0,0,0
0,0,0
0,0,0
0,0,0
0,0,0
0,0,0
0,0,0
0,0,0
0,0,0
0,0,0
0,0,0
0,0,0
0,0,0
0,0,0
0,0,0
0,0,0
0,0,0
0,0,0
0,0,0
0,0,0
0,0,0
0,0,0
0,0,0
0,0,0
0,0,0
0,0,0
0,0,0
0,0,0
0,0,0
0,0,0
0,0,0
0,0,0
0,0,0
0,0,0
0,0,0
0,0,0
0,0,0
0,0,0
0,0,0
0,0,0
0,0,0
0,0,0
0,0,0
0,0,0
0,0,0
0,0,0
0,0,0
0,0,0
0,0,0
0,0,0
0,0,0
0,0,0
0,0,0
0,0,0
0,0,0
0,0,0
0,0,0
0,0,0
0,0,0
0,0,0
0,0,0
0,0,0
0,0,0
0,0,0
0,0,0
0,0,0
0,0,0
0,0,0
0,0,0
0,0,0
0,0,0
0,0,0
0,0,0
0,0,0
0,0,0
0,0,0
0,0,0
0,0,0
0,0,0
0,0,0
0,0,0
0,0,0
0,0,0
0,0,0
0,0,0
0,0,0
0,0,0
0,0,0
0,0,0
0,0,0
0,0,0
0,0,0
0,0,0
0,0,0
0,0,0
0,0,0
0,0,0
0,0,0
0,0,0
0,0,0
0,0,0
0,0,0
0,0,0
0,0,0
0,0,0
0,0,0
0,0,0
0,0,0
0,0,0
0,0,0
0,0,0
0,0,0
0,0,0
0,0,0
0,0,0
0,0,0
0,0,0
0,0,0
0,0,0
0,0,0
0,0,0
0,0,0
0,0,0
0,0,0
0,0,0
0,0,0
0,0,0
0,0,0
0,0,0
0,0,0
0,0,0
0,0,0
0,0,0
0,0,0
0,0,0
0,0,0
0,0,0
0,0,0
0,0,0
0,0,0
0,0,0
0,0,0
0,0,0
0,0,0
0,0,0
0,0,0
0,0,0
0,0,0
0,0,0
0,0,0
0,0,0
0,0,0
0,0,0
0,0,0
0,0,0
0,0,0
0,0,0
0,0,0
0,0,0
0,0,0
0,0,0
0,0,0
0,0,0
0,0,0
0,0,0
0,0,0
0,0,0
0,0,0
0,0,0
0,0,0
0,0,0
0,0,0
0,0,0
0,0,0
0,0,0
0,0,0
0,0,0
0,0,0
0,0,0
0,0,0
0,0,0
0,0,0
0,0,0
0,0,0
0,0,0
0,0,0
0,0,0
0,0,0
0,0,0
0,0,0
0,0,0
0,0,0
0,0,0
0,0,0
0,0,0
0,0,0
0,0,0
0,0,0
0,0,0
0,0,0
0,0,0
0,0,0
0,0,0
0,0,0
0,0,0
0,0,0
0,0,0
0,0,0
0,0,0
0,0,0
0,0,0
0,0,0
0,0,0
0,0,0
0,0,0
0,0,0
0,0,0
0,0,0
0,0,0
0,0,0
0,0,0
0,0,0
0,0,0
0,0,0
0,0,0
0,0,0
0,0,0
0,0,0
0,0,0
0,0,0
0,0,0
0,0,0
0,0,0
0,0,0
0,0,0
0,0,0
0,0,0
0,0,0
0,0,0
0,0,0
0,0,0
0,0,0
0,0,0
0,0,0
0,0,0
0,0,0
0,0,0
0,0,0
0,0,0
0,0,0
0,0,0
0,0,0
0,0,0
0,0,0
0,0,0
0,0,0
0,0,0
0,0,0
0,0,0
0,0,0
0,0,0
0,0,0
0,0,0
0,0,0
0,0,0
0,0,0
0,0,0
0,0,0
0,0,0
0,0,0
0,0,0
0,0,0
0,0,0
0,0,0
0,0,0
0,0,0
0,0,0
0,0,0
0,0,0
0,0,0
0,0,0
0,0,0
0,0,0
0,0,0
0,0,0
0,0,0
0,0,0
0,0,0
0,0,0
0,0,0
0,0,0
0,0,0
0,0,0
0,0,0
0,0,0
0,0,0
0,0,0
0,0,0
0,0,0
0,0,0
0,0,0
0,0,0
0,0,0
0,0,0
0,0,0
0,0,0
0,0,0
0,0,0
0,0,0
0,0,0
0,0,0
0,0,0
0,0,0
0,0,0
0,0,0
0,0,0
0,0,0
0,0,0
0,0,0
0,0,0
0,0,0
0,0,0
0,0,0
0,0,0
0,0,0
0,0,0
0,0,0
0,0,0
0,0,0
0,0,0
0,0,0
0,0,0
0,0,0
0,0,0
0,0,0
0,0,0
0,0,0
0,0,0
0,0,0
0,0,0
0,0,0
0,0,0
0,0,0
0,0,0
0,0,0
0,0,0
0,0,0
0,0,0
0,0,0
0,0,0
0,0,0
0,0,0
0,0,0
0,0,0
0,0,0
0,0,0
0,0,0
0,0,0
0,0,0
0,0,0
0,0,0
0,0,0
0,0,0
0,0,0
0,0,0
0,0,0
0,0,0
0,0,0
0,0,0
0,0,0
0,0,0
0,0,0
0,0,0
0,0,0
0,0,0
0,0,0
0,0,0
0,0,0
0,0,0
0,0,0
0,0,0
0,0,0
0,0,0
0,0,0
0,0,0
0,0,0
0,0,0
0,0,0
0,0,0
0,0,0
0,0,0
0,0,0
0,0,0
0,0,0
0,0,0
0,0,0
0,0,0
0,0,0
0,0,0
0,0,0
0,0,0
0,0,0
0,0,0
0,0,0
0,0,0
0,0,0
0,0,0
0,0,0
0,0,0
0,0,0
0,0,0
0,0,0
0,0,0
0,0,0
0,0,0
0,0,0
0,0,0
0,0,0
0,0,0
0,0,0
0,0,0
0,0,0
0,0,0
0,0,0
0,0,0
0,0,0
0,0,0
0,0,0
0,0,0
0,0,0
0,0,0
0,0,0
0,0,0
0,0,0
0,0,0
0,0,0
0,0,0
0,0,0
0,0,0
0,0,0
0,0,0
0,0,0
0,0,0
0,0,0
0,0,0
0,0,0
0,0,0
0,0,0
0,0,0
0,0,0
0,0,0
0,0,0
0,0,0
0,0,0
0,0,0
0,0,0
0,0,0
0,0,0
0,0,0
0,0,0
0,0,0
0,0,0
0,0,0
0,0,0
0,0,0
0,0,0
0,0,0
0,0,0
0,0,0
0,0,0
0,0,0
0,0,0
0,0,0
0,0,0
0,0,0
0,0,0
0,0,0
0,0,0
0,0,0
0,0,0
0,0,0
0,0,0
0,0,0
0,0,0
0,0,0
0,0,0
0,0,0
0,0,0
0,0,0
0,0,0
0,0,0
0,0,0
0,0,0
0,0,0
0,0,0
0,0,0
0,0,0
0,0,0
0,0,0
0,0,0
0,0,0
0,0,0
0,0,0
0,0,0
1.18153,5.26176,0.502823
1.21335,5.25247,0.50265
1.24647,5.2488,0.502996
1.27889,5.24202,0.503082
1.31152,5.23601,0.503255
1.34461,5.23172,0.503601
1.37745,5.22626,0.50386
1.41287,5.23022,0.504984
0,0,0
0,0,0
0,0,0
1.58048,5.32768,0.517089
1.61343,5.31884,0.517175
1.66521,5.37069,0.522795
1.69844,5.36132,0.522882
0,0,0
0,0,0
0,0,0
0,0,0
0,0,0
0,0,0
0,0,0
0,0,0
0,0,0
0,0,0
0,0,0
0,0,0
0,0,0
0,0,0
0,0,0
0,0,0
0,0,0
0,0,0
0,0,0
0,0,0
0,0,0
0,0,0
0,0,0
0,0,0
0,0,0
34.0462,67.6279,6.60571
0,0,0
36.4795,70.3001,6.90832
36.8879,70.0326,6.90417
0,0,0
37.7303,69.5484,6.90157
0,0,0
0,0,0
0,0,0
6.68545,11.6335,1.19926
6.80889,11.6817,1.20825
6.89717,11.668,1.21111
6.99373,11.6674,1.21534
7.08951,11.6642,1.21941
7.1829,11.6561,1.22304
7.2717,11.6397,1.22589
7.36324,11.6269,1.22918
7.44575,11.5991,1.23099
7.51841,11.5557,1.23125
7.63963,11.5858,1.2392
7.69895,11.5214,1.23739
7.80693,11.5292,1.24318
7.91811,11.5402,1.24941
6.76664,9.73354,1.0636
6.84975,9.72523,1.06715
6.94807,9.73735,1.07294
7.04738,9.74943,1.07882
7.14297,9.75504,1.0841
7.26976,9.80145,1.09387
7.35908,9.79568,1.0981
7.4649,9.8106,1.10467
7.56023,9.81038,1.10969
7.67729,9.83684,1.11773
7.75542,9.81222,1.12024
7.85595,9.815,1.12586
7.95429,9.81382,1.13113
8.0605,9.82105,1.13744
8.15372,9.81125,1.14194
8.25354,9.80829,1.1473
8.34587,9.79538,1.15162
8.31471,9.63838,1.13952
8.40319,9.62094,1.14341
8.49704,9.60876,1.14799
8.63957,9.64996,1.15888
8.74077,9.64327,1.16433
8.89745,9.69588,1.17687
9.00899,9.69731,1.18352
9.13112,9.70861,1.19148
9.25235,9.71733,1.19926
9.3678,9.71848,1.20626
9.53093,9.76705,1.21915
9.62429,9.74241,1.2233
9.8424,9.84166,1.24275
0,0,0
0,0,0
10.2572,9.88559,1.27111
10.4836,9.98045,1.29099
10.6375,10.0033,1.30206
10.7557,9.99072,1.30881
10.9283,10.0269,1.32195
11.0303,9.99646,1.3267
11.1085,9.94387,1.32869
11.1864,9.89071,1.33068
0,0,0
0,0,0
0,0,0
0,0,0
0,0,0
0,0,0
0,0,0
0,0,0
0,0,0
0,0,0
0,0,0
0,0,0
0,0,0
0,0,0
0,0,0
0,0,0
0,0,0
0,0,0
0,0,0
0,0,0
0,0,0
0,0,0
0,0,0
0,0,0
0,0,0
0,0,0
0,0,0
0,0,0
0,0,0
0,0,0
0,0,0
0,0,0
23.655,13.5912,2.40244
0,0,0
0,0,0
0,0,0
0,0,0
0,0,0
24.1472,12.7155,2.40322
24.3353,12.6244,2.41403
24.3129,12.4241,2.40434
24.33,12.2451,2.39864
24.3948,12.0907,2.39769
24.2788,11.8482,2.37936
0,0,0
0,0,0
0,0,0
0,0,0
0,0,0
0,0,0
0,0,0
0,0,0
0,0,0
0,0,0
0,0,0
0,0,0
0,0,0
0,0,0
0,0,0
0,0,0
0,0,0
0,0,0
0,0,0
0,0,0
0,0,0
0,0,0
0,0,0
0,0,0
0,0,0
0,0,0
0,0,0
0,0,0
0,0,0
0,0,0
0,0,0
0,0,0
0,0,0
0,0,0
0,0,0
0,0,0
0,0,0
0,0,0
0,0,0
0,0,0
0,0,0
0,0,0
0,0,0
0,0,0
0,0,0
0,0,0
0,0,0
0,0,0
0,0,0
0,0,0
0,0,0
0,0,0
0,0,0
0,0,0
0,0,0
0,0,0
0,0,0
0,0,0
0,0,0
0,0,0
0,0,0
0,0,0
0,0,0
0,0,0
0,0,0
0,0,0
0,0,0
0,0,0
0,0,0
0,0,0
0,0,0
0,0,0
0,0,0
0,0,0
0,0,0
0,0,0
0,0,0
0,0,0
0,0,0
0,0,0
0,0,0
0,0,0
0,0,0
0,0,0
0,0,0
0,0,0
0,0,0
0,0,0
0,0,0
0,0,0
0,0,0
0,0,0
0,0,0
0,0,0
0,0,0
0,0,0
0,0,0
0,0,0
0,0,0
0,0,0
0,0,0
0,0,0
0,0,0
0,0,0
0,0,0
0,0,0
0,0,0
0,0,0
0,0,0
0,0,0
0,0,0
0,0,0
0,0,0
0,0,0
0,0,0
0,0,0
0,0,0
0,0,0
0,0,0
0,0,0
0,0,0
0,0,0
0,0,0
0,0,0
0,0,0
0,0,0
0,0,0
0,0,0
0,0,0
0,0,0
0,0,0
0,0,0
0,0,0
0,0,0
0,0,0
0,0,0
0,0,0
0,0,0
0,0,0
0,0,0
0,0,0
0,0,0
0,0,0
0,0,0
0,0,0
0,0,0
0,0,0
0,0,0
0,0,0
0,0,0
0,0,0
0,0,0
0,0,0
0,0,0
0,0,0
0,0,0
0,0,0
0,0,0
0,0,0
69.2061,-40.3401,6.98674
68.959,-40.765,6.98691
0,0,0
0,0,0
0,0,0
0,0,0
0,0,0
0,0,0
0,0,0
59.58,-39.2885,6.22848
0,0,0
58.3262,-39.4972,6.14807
0,0,0
0,0,0
0,0,0
52.5044,-37.4666,5.6326
52.1427,-37.6935,5.61859
0,0,0
0,0,0
51.0769,-38.374,5.57916
49.7591,-37.8638,5.46123
50.2147,-38.6993,5.53671
49.6991,-38.7903,5.50619
49.6336,-39.2316,5.52538
49.3204,-39.4782,5.51743
50.0346,-40.5561,5.62438
0,0,0
49.8557,-41.4351,5.66078
0,0,0
0,0,0
0,0,0
0,0,0
0,0,0
0,0,0
43.8609,-39.7579,5.17237
43.6455,-40.0532,5.17583
43.4441,-40.3623,5.18119
0,0,0
42.9874,-40.9322,5.1862
0,0,0
41.6762,-40.6704,5.0885
41.345,-40.8456,5.07864
0,0,0
40.7763,-41.2846,5.07069
0,0,0
0,0,0
0,0,0
0,0,0
0,0,0
0,0,0
0,0,0
33.827,-37.7901,4.43642
33.483,-37.8708,4.42181
33.7106,-38.6031,4.48259
33.7061,-39.0793,4.51354
33.0225,-38.7651,4.45423
32.7359,-38.9098,4.44774
32.4341,-39.0349,4.43927
32.1409,-39.1684,4.43201
31.8605,-39.3162,4.42656
31.5626,-39.4409,4.41878
31.396,-39.73,4.42941
31.2393,-40.0342,4.44178
31.218,-40.5171,4.47377
31.0309,-40.7896,4.48267
30.9159,-41.16,4.5023
0,0,0
0,0,0
0,0,0
0,0,0
0,0,0
0,0,0
0,0,0
0,0,0
0,0,0
0,0,0
24.8894,-38.2626,3.99616
0,0,0
0,0,0
0,0,0
0,0,0
24.0263,-39.5385,4.05003
0,0,0
0,0,0
0,0,0
0,0,0
0,0,0
0,0,0
0,0,0
0,0,0
0,0,0
0,0,0
0,0,0
0,0,0
0,0,0
0,0,0
0,0,0
0,0,0
0,0,0
0,0,0
0,0,0
0,0,0
0,0,0
17.091,-39.2103,3.7469
0,0,0
16.6511,-39.5181,3.75641
0,0,0
0,0,0
0,0,0
0,0,0
0,0,0
15.089,-39.8499,3.7328
0,0,0
0,0,0
0,0,0
0,0,0
0,0,0
0,0,0
0,0,0
0,0,0
0,0,0
0,0,0
0,0,0
0,0,0
0,0,0
0,0,0
0,0,0
0,0,0
0,0,0
0,0,0
0,0,0
0,0,0
0,0,0
0,0,0
0,0,0
0,0,0
0,0,0
0,0,0
0,0,0
0,0,0
0,0,0
0,0,0
0,0,0
0,0,0
0,0,0
0,0,0
0,0,0
0,0,0
0,0,0
0,0,0
0,0,0
0,0,0
0,0,0
0,0,0
0,0,0
0,0,0
0,0,0
0,0,0
0,0,0
0,0,0
0,0,0
0,0,0
0,0,0
0,0,0
0,0,0
0,0,0
0,0,0
0,0,0
0,0,0
0,0,0
0,0,0
0,0,0
0,0,0
0,0,0
0,0,0
0,0,0
0,0,0
0,0,0
0,0,0
0,0,0
0,0,0
0,0,0
0,0,0
0,0,0
0,0,0
0,0,0
0,0,0
0,0,0
0,0,0
0,0,0
0,0,0
0,0,0
0,0,0
0,0,0
0,0,0
0,0,0
0,0,0
0,0,0
0,0,0
0,0,0
0,0,0
0,0,0
0,0,0
0,0,0
0,0,0
0,0,0
0,0,0
0,0,0
0,0,0
0,0,0
0,0,0
0,0,0
0,0,0
0,0,0
0,0,0
0,0,0
0,0,0
0,0,0
0,0,0
0,0,0
0,0,0
0,0,0
0,0,0
0,0,0
0,0,0
0,0,0
0,0,0
0,0,0
0,0,0
0,0,0
0,0,0
0,0,0
0,0,0
0,0,0
0,0,0
0,0,0
0,0,0
0,0,0
0,0,0
0,0,0
0,0,0
0,0,0
0,0,0
0,0,0
0,0,0
0,0,0
0,0,0
0,0,0
0,0,0
0,0,0
0,0,0
0,0,0
0,0,0
0,0,0
0,0,0
0,0,0
0,0,0
0,0,0
0,0,0
0,0,0
0,0,0
0,0,0
0,0,0
0,0,0
0,0,0
0,0,0
0,0,0
0,0,0
0,0,0
0,0,0
0,0,0
0,0,0
0,0,0
0,0,0
0,0,0
0,0,0
0,0,0
0,0,0
0,0,0
0,0,0
0,0,0
0,0,0
0,0,0
0,0,0
0,0,0
0,0,0
0,0,0
0,0,0
0,0,0
0,0,0
0,0,0
0,0,0
0,0,0
0,0,0
0,0,0
0,0,0
0,0,0
0,0,0
0,0,0
0,0,0
0,0,0
0,0,0
0,0,0
0,0,0
0,0,0
0,0,0
0,0,0
0,0,0
0,0,0
0,0,0
0,0,0
0,0,0
0,0,0
0,0,0
0,0,0
0,0,0
0,0,0
0,0,0
0,0,0
0,0,0
0,0,0
0,0,0
0,0,0
0,0,0
0,0,0
0,0,0
0,0,0
0,0,0
0,0,0
0,0,0
0,0,0
0,0,0
0,0,0
0,0,0
0,0,0
0,0,0
0,0,0
0,0,0
0,0,0
0,0,0
0,0,0
0,0,0
0,0,0
0,0,0
0,0,0
0,0,0
0,0,0
0,0,0
0,0,0
0,0,0
0,0,0
0,0,0
0,0,0
0,0,0
0,0,0
0,0,0
0,0,0
0,0,0
0,0,0
0,0,0
0,0,0
0,0,0
0,0,0
0,0,0
0,0,0
0,0,0
0,0,0
0,0,0
0,0,0
0,0,0
0,0,0
0,0,0
0,0,0
0,0,0
0,0,0
0,0,0
0,0,0
0,0,0
0,0,0
0,0,0
0,0,0
0,0,0
0,0,0
0,0,0
0,0,0
0,0,0
0,0,0
0,0,0
0,0,0
0,0,0
0,0,0
0,0,0
0,0,0
0,0,0
0,0,0
0,0,0
0,0,0
0,0,0
0,0,0
0,0,0
0,0,0
0,0,0
0,0,0
0,0,0
0,0,0
0,0,0
0,0,0
0,0,0
0,0,0
0,0,0
0,0,0
0,0,0
0,0,0
0,0,0
0,0,0
0,0,0
0,0,0
0,0,0
0,0,0
0,0,0
0,0,0
0,0,0
0,0,0
0,0,0
0,0,0
0,0,0
0,0,0
0,0,0
0,0,0
0,0,0
0,0,0
0,0,0
0,0,0
0,0,0
0,0,0
0,0,0
0,0,0
0,0,0
0,0,0
0,0,0
0,0,0
0,0,0
0,0,0
0,0,0
0,0,0
0,0,0
0,0,0
0,0,0
0,0,0
0,0,0
0,0,0
0,0,0
0,0,0
0,0,0
0,0,0
0,0,0
0,0,0
0,0,0
0,0,0
0,0,0
0,0,0
0,0,0
0,0,0
0,0,0
0,0,0
0,0,0
0,0,0
0,0,0
0,0,0
0,0,0
0,0,0
0,0,0
0,0,0
0,0,0
0,0,0
0,0,0
0,0,0
0,0,0
0,0,0
0,0,0
0,0,0
0,0,0
0,0,0
0,0,0
0,0,0
0,0,0
0,0,0
0,0,0
0,0,0
0,0,0
0,0,0
0,0,0
0,0,0
0,0,0
0,0,0
0,0,0
0,0,0
0,0,0
0,0,0
0,0,0
0,0,0
0,0,0
0,0,0
0,0,0
0,0,0
0,0,0
0,0,0
0,0,0
0,0,0
0,0,0
0,0,0
0,0,0
0,0,0
0,0,0
0,0,0
0,0,0
0,0,0
0,0,0
0,0,0
0,0,0
0,0,0
0,0,0
0,0,0
0,0,0
0,0,0
0,0,0
0,0,0
0,0,0
0,0,0
0,0,0
0,0,0
0,0,0
0,0,0
0,0,0
0,0,0
0,0,0
0,0,0
0,0,0
0,0,0
0,0,0
0,0,0
0,0,0
0,0,0
0,0,0
0,0,0
0,0,0
0,0,0
0,0,0
0,0,0
0,0,0
0,0,0
0,0,0
0,0,0
0,0,0
0,0,0
0,0,0
0,0,0
0,0,0
0,0,0
0,0,0
0,0,0
0,0,0
0,0,0
0,0,0
0,0,0
0,0,0
0,0,0
0,0,0
0,0,0
0,0,0
0,0,0
0,0,0
0,0,0
0,0,0
0,0,0
0,0,0
0,0,0
0,0,0
0,0,0
0,0,0
0,0,0
0,0,0
0,0,0
0,0,0
0,0,0
0,0,0
0,0,0
0,0,0
0,0,0
0,0,0
0,0,0
0,0,0
0,0,0
0,0,0
0,0,0
0,0,0
0,0,0
0,0,0
0,0,0
0,0,0
0,0,0
0,0,0
0,0,0
0,0,0
0,0,0
0,0,0
0,0,0
0,0,0
0,0,0
0,0,0
0,0,0
0,0,0
0,0,0
0,0,0
0,0,0
0,0,0
0,0,0
0,0,0
0,0,0
0,0,0
0,0,0
0,0,0
0,0,0
0,0,0
0,0,0
0,0,0
0,0,0
0,0,0
0,0,0
0,0,0
0,0,0
0,0,0
0,0,0
0,0,0
0,0,0
0,0,0
0,0,0
0,0,0
0,0,0
0,0,0
0,0,0
0,0,0
0,0,0
0,0,0
0,0,0
0,0,0
0,0,0
0,0,0
0,0,0
0,0,0
0,0,0
0,0,0
0,0,0
0,0,0
0,0,0
0,0,0
0,0,0
0,0,0
0,0,0
0,0,0
0,0,0
0,0,0
0,0,0
0,0,0
0,0,0
0,0,0
0,0,0
0,0,0
0,0,0
0,0,0
0,0,0
0,0,0
0,0,0
0,0,0
0,0,0
0,0,0
0,0,0
0,0,0
0,0,0
0,0,0
0,0,0
0,0,0
0,0,0
0,0,0
0,0,0
0,0,0
0,0,0
0,0,0
0,0,0
0,0,0
0,0,0
0,0,0
0,0,0
0,0,0
0,0,0
0,0,0
0,0,0
0,0,0
0,0,0
0,0,0
0,0,0
0,0,0
0,0,0
0,0,0
0,0,0
0,0,0
0,0,0
0,0,0
0,0,0
0,0,0
0,0,0
0,0,0
0,0,0
0,0,0
0,0,0
0,0,0
0,0,0
0,0,0
0,0,0
0,0,0
0,0,0
0,0,0
0,0,0
0,0,0
0,0,0
0.561306,3.35402,0.287128
0.581705,3.34953,0.287054
0.601717,3.34296,0.286832
0.62313,3.3441,0.287202
0.638175,3.31182,0.285058
0,0,0
0,0,0
0,0,0
0,0,0
0,0,0
1.21403,5.25478,0.434849
1.24533,5.24335,0.434553
1.27771,5.23658,0.434627
1.31054,5.23155,0.434849
1.34064,5.21568,0.434257
1.3721,5.20543,0.43411
0,0,0
0,0,0
0,0,0
0,0,0
1.174,3.95616,0.340952
1.60327,5.28501,0.44446
0,0,0
0,0,0
0,0,0
0,0,0
0,0,0
0,0,0
0,0,0
0,0,0
0,0,0
0,0,0
0,0,0
0,0,0
0,0,0
0,0,0
0,0,0
28.9085,69.827,5.63791
0,0,0
0,0,0
0,0,0
30.0463,67.8164,5.53411
0,0,0
0,0,0
0,0,0
0,0,0
32.8308,68.3587,5.65713
0,0,0
0,0,0
33.9302,67.4382,5.63185
0,0,0
0,0,0
36.5979,69.5228,5.85979
37.3053,69.8238,5.90408
0,0,0
0,0,0
0,0,0
0,0,0
6.689,11.6436,1.03054
6.81805,11.7014,1.03904
6.90646,11.6877,1.04148
7.00315,11.687,1.0451
7.09596,11.6787,1.04814
7.18841,11.669,1.05109
7.28205,11.6602,1.0542
7.36413,11.6321,1.05568
7.4386,11.5917,1.05612
7.56721,11.6345,1.06396
7.63791,11.587,1.06388
7.73101,11.5731,1.06684
7.83765,11.5783,1.07157
7.99823,11.6608,1.08333
6.76079,9.72784,0.913279
6.84389,9.71961,0.91631
6.94162,9.73102,0.92119
7.03624,9.73675,0.925626
7.12707,9.73604,0.929544
7.22943,9.74981,0.934867
7.352,9.789,0.942631
7.46445,9.81276,0.949063
7.55677,9.80865,0.952981
7.66772,9.82736,0.959118
7.74457,9.80126,0.961114
7.83073,9.78626,0.964219
7.93206,9.78917,0.969099
8.03562,9.79352,0.974201
8.14335,9.80156,0.979746
8.24635,9.80254,0.984699
8.33415,9.78441,0.987878
8.30676,9.63188,0.977971
8.38079,9.59801,0.979672
8.47849,9.59049,0.984034
8.607,9.61632,0.991797
8.7395,9.64462,0.99993
8.84907,9.64593,1.00547
8.98206,9.67111,1.01353
9.11432,9.69356,1.02144
9.22175,9.68802,1.02662
9.36059,9.71385,1.03512
9.48478,9.72262,1.042
9.60732,9.72811,1.04865
9.72041,9.72258,1.05427
0,0,0
10.9851,10.7213,1.17301
11.0176,10.6219,1.16961
11.0241,10.4983,1.16362
11.0527,10.397,1.16
11.0491,10.2666,1.1532
11.0766,10.1662,1.14965
11.0339,10.0029,1.13915
11.1136,9.95166,1.141
11.2148,9.91896,1.14499
11.3679,9.93067,1.15408
11.4875,9.91155,1.15985
0,0,0
0,0,0
0,0,0
0,0,0
0,0,0
0,0,0
0,0,0
11.6282,9.07696,1.12865
11.6466,8.97683,1.12517
0,0,0
0,0,0
0,0,0
0,0,0
0,0,0
0,0,0
0,0,0
0,0,0
0,0,0
0,0,0
0,0,0
0,0,0
0,0,0
0,0,0
0,0,0
0,0,0
0,0,0
0,0,0
0,0,0
0,0,0
0,0,0
0,0,0
0,0,0
0,0,0
0,0,0
0,0,0
0,0,0
0,0,0
0,0,0
24.2044,12.3749,2.05039
24.3886,12.2809,2.05941
24.2928,12.0464,2.04529
0,0,0
0,0,0
0,0,0
0,0,0
0,0,0
0,0,0
0,0,0
0,0,0
0,0,0
0,0,0
0,0,0
0,0,0
0,0,0
0,0,0
0,0,0
0,0,0
0,0,0
0,0,0
0,0,0
0,0,0
0,0,0
0,0,0
0,0,0
0,0,0
0,0,0
0,0,0
0,0,0
0,0,0
0,0,0
0,0,0
0,0,0
0,0,0
0,0,0
0,0,0
0,0,0
0,0,0
0,0,0
0,0,0
0,0,0
0,0,0
0,0,0
0,0,0
0,0,0
0,0,0
0,0,0
0,0,0
0,0,0
0,0,0
0,0,0
0,0,0
0,0,0
0,0,0
0,0,0
0,0,0
0,0,0
0,0,0
0,0,0
0,0,0
0,0,0
0,0,0
0,0,0
0,0,0
0,0,0
0,0,0
0,0,0
0,0,0
0,0,0
0,0,0
0,0,0
0,0,0
0,0,0
0,0,0
0,0,0
0,0,0
0,0,0
0,0,0
0,0,0
0,0,0
0,0,0
0,0,0
0,0,0
0,0,0
0,0,0
0,0,0
0,0,0
0,0,0
0,0,0
0,0,0
0,0,0
0,0,0
0,0,0
0,0,0
0,0,0
0,0,0
0,0,0
0,0,0
0,0,0
0,0,0
0,0,0
0,0,0
0,0,0
0,0,0
0,0,0
0,0,0
0,0,0
0,0,0
0,0,0
0,0,0
0,0,0
0,0,0
0,0,0
0,0,0
0,0,0
0,0,0
0,0,0
0,0,0
0,0,0
0,0,0
0,0,0
0,0,0
0,0,0
0,0,0
0,0,0
0,0,0
0,0,0
0,0,0
0,0,0
0,0,0
0,0,0
0,0,0
0,0,0
0,0,0
0,0,0
0,0,0
0,0,0
0,0,0
0,0,0
0,0,0
0,0,0
0,0,0
0,0,0
0,0,0
0,0,0
0,0,0
0,0,0
0,0,0
0,0,0
0,0,0
0,0,0
0,0,0
0,0,0
0,0,0
0,0,0
0,0,0
0,0,0
0,0,0
0,0,0
0,0,0
0,0,0
0,0,0
0,0,0
0,0,0
0,0,0
61.1892,-37.1725,5.34291
0,0,0
0,0,0
0,0,0
0,0,0
0,0,0
0,0,0
0,0,0
58.1031,-39.3258,5.23652
57.7801,-39.6263,5.22928
0,0,0
58.4833,-41.1728,5.33752
53.4335,-38.1104,4.90078
52.2287,-37.7367,4.81206
51.98,-38.0447,4.81058
51.4628,-38.1532,4.78449
50.8793,-38.2066,4.75218
0,0,0
49.6584,-38.2518,4.68216
49.3048,-38.4638,4.67107
49.5875,-39.176,4.72016
49.6724,-39.7406,4.75114
0,0,0
50.8218,-41.6931,4.90847
0,0,0
0,0,0
0,0,0
0,0,0
0,0,0
0,0,0
42.9674,-38.4522,4.30983
42.5983,-38.5952,4.29659
42.5195,-39.0015,4.31256
42.2859,-39.2677,4.31323
41.981,-39.467,4.3068
41.9453,-39.9212,4.32801
41.7585,-40.2346,4.33408
41.5358,-40.5144,4.33667
41.2751,-40.7573,4.33548
41.0369,-41.0225,4.33681
0,0,0
0,0,0
0,0,0
0,0,0
0,0,0
0,0,0
0,0,0
0,0,0
34.486,-38.5084,3.8674
33.7509,-38.1561,3.81166
32.938,-37.7008,3.74652
32.7302,-37.9301,3.74926
32.3772,-37.9898,3.73558
32.1011,-38.1374,3.7307
31.7109,-38.1466,3.71266
31.5705,-38.4553,3.72367
32.202,-39.7188,3.82585
32.2519,-40.2831,3.86075
31.9453,-40.4059,3.85373
31.7048,-40.6114,3.85469
31.4258,-40.7672,3.85114
31.474,-41.3521,3.88774
31.1909,-41.5062,3.88419
0,0,0
0,0,0
0,0,0
0,0,0
0,0,0
0,0,0
0,0,0
25.0988,-37.055,3.35304
0,0,0
0,0,0
0,0,0
0,0,0
0,0,0
0,0,0
0,0,0
0,0,0
0,0,0
0,0,0
25.7353,-44.1392,3.82297
25.3815,-44.1527,3.8107
25.0388,-44.1818,3.79997
24.6802,-44.1788,3.78674
24.3543,-44.2307,3.77839
24.0168,-44.2583,3.76818
23.6907,-44.3037,3.75968
23.3324,-44.285,3.746
22.9789,-44.2707,3.73292
22.641,-44.2821,3.7222
22.2074,-44.0996,3.69558
21.9399,-44.2421,3.69617
21.6081,-44.2532,3.68604
21.3051,-44.3202,3.68072
20.9529,-44.2815,3.66689
20.6253,-44.2899,3.65713
20.29,-44.2778,3.6459
19.9741,-44.3042,3.63798
19.6561,-44.3229,3.62963
19.3192,-44.2946,3.61765
19.0097,-44.3253,3.61063
18.7025,-44.3584,3.60397
18.4086,-44.4207,3.59983
0,0,0
0,0,0
0,0,0
0,0,0
0,0,0
0,0,0
0,0,0
0,0,0
0,0,0
0,0,0
0,0,0
0,0,0
0,0,0
0,0,0
0,0,0
0,0,0
0,0,0
0,0,0
0,0,0
0,0,0
0,0,0
0,0,0
0,0,0
0,0,0
0,0,0
0,0,0
0,0,0
0,0,0
0,0,0
0,0,0
0,0,0
0,0,0
0,0,0
0,0,0
0,0,0
0,0,0
0,0,0
0,0,0
0,0,0
0,0,0
0,0,0
0,0,0
0,0,0
0,0,0
0,0,0
0,0,0
0,0,0
0,0,0
0,0,0
0,0,0
0,0,0
0,0,0
0,0,0
0,0,0
0,0,0
0,0,0
0,0,0
0,0,0
0,0,0
0,0,0
0,0,0
0,0,0
0,0,0
0,0,0
0,0,0
0,0,0
0,0,0
0,0,0
0,0,0
0,0,0
0,0,0
0,0,0
0,0,0
0,0,0
0,0,0
0,0,0
0,0,0
0,0,0
0,0,0
0,0,0
0,0,0
0,0,0
0,0,0
0,0,0
0,0,0
0,0,0
0,0,0
0,0,0
0,0,0
0,0,0
0,0,0
0,0,0
0,0,0
0,0,0
0,0,0
0,0,0
0,0,0
0,0,0
0,0,0
0,0,0
0,0,0
0,0,0
0,0,0
0,0,0
0,0,0
0,0,0
0,0,0
0,0,0
0,0,0
0,0,0
0,0,0
0,0,0
0,0,0
0,0,0
0,0,0
0,0,0
0,0,0
0,0,0
0,0,0
0,0,0
0,0,0
0,0,0
0,0,0
0,0,0
0,0,0
0,0,0
0,0,0
0,0,0
0,0,0
0,0,0
0,0,0
0,0,0
0,0,0
0,0,0
0,0,0
0,0,0
0,0,0
0,0,0
0,0,0
0,0,0
0,0,0
0,0,0
0,0,0
0,0,0
0,0,0
0,0,0
0,0,0
0,0,0
0,0,0
0,0,0
0,0,0
0,0,0
0,0,0
0,0,0
0,0,0
0,0,0
0,0,0
0,0,0
0,0,0
0,0,0
0,0,0
0,0,0
0,0,0
0,0,0
0,0,0
0,0,0
0,0,0
0,0,0
0,0,0
0,0,0
0,0,0
0,0,0
0,0,0
0,0,0
0,0,0
0,0,0
0,0,0
0,0,0
0,0,0
0,0,0
0,0,0
0,0,0
0,0,0
0,0,0
0,0,0
0,0,0
0,0,0
0,0,0
0,0,0
0,0,0
0,0,0
0,0,0
0,0,0
0,0,0
0,0,0
0,0,0
0,0,0
0,0,0
0,0,0
0,0,0
0,0,0
0,0,0
0,0,0
0,0,0
0,0,0
0,0,0
0,0,0
0,0,0
0,0,0
0,0,0
0,0,0
0,0,0
0,0,0
0,0,0
0,0,0
0,0,0
0,0,0
0,0,0
0,0,0
0,0,0
0,0,0
0,0,0
0,0,0
0,0,0
0,0,0
0,0,0
0,0,0
0,0,0
0,0,0
0,0,0
0,0,0
0,0,0
0,0,0
0,0,0
0,0,0
0,0,0
0,0,0
0,0,0
0,0,0
0,0,0
0,0,0
0,0,0
0,0,0
0,0,0
0,0,0
0,0,0
0,0,0
0,0,0
0,0,0
0,0,0
0,0,0
0,0,0
0,0,0
0,0,0
0,0,0
0,0,0
0,0,0
0,0,0
0,0,0
0,0,0
0,0,0
0,0,0
0,0,0
0,0,0
0,0,0
0,0,0
0,0,0
0,0,0
0,0,0
0,0,0
0,0,0
0,0,0
0,0,0
0,0,0
0,0,0
0,0,0
0,0,0
0,0,0
0,0,0
0,0,0
0,0,0
0,0,0
0,0,0
0,0,0
0,0,0
0,0,0
0,0,0
0,0,0
0,0,0
0,0,0
0,0,0
0,0,0
0,0,0
0,0,0
0,0,0
0,0,0
0,0,0
0,0,0
0,0,0
0,0,0
0,0,0
0,0,0
0,0,0
0,0,0
0,0,0
0,0,0
0,0,0
0,0,0
0,0,0
0,0,0
0,0,0
0,0,0
0,0,0
0,0,0
0,0,0
0,0,0
0,0,0
0,0,0
0,0,0
0,0,0
0,0,0
0,0,0
0,0,0
0,0,0
0,0,0
0,0,0
0,0,0
0,0,0
0,0,0
0,0,0
0,0,0
0,0,0
0,0,0
0,0,0
0,0,0
0,0,0
0,0,0
0,0,0
0,0,0
0,0,0
0,0,0
0,0,0
0,0,0
0,0,0
0,0,0
0,0,0
0,0,0
0,0,0
0,0,0
0,0,0
0,0,0
0,0,0
0,0,0
0,0,0
0,0,0
0,0,0
0,0,0
0,0,0
0,0,0
0,0,0
0,0,0
0,0,0
0,0,0
0,0,0
0,0,0
0,0,0
0,0,0
0,0,0
0,0,0
0,0,0
0,0,0
0,0,0
0,0,0
0,0,0
0,0,0
0,0,0
0,0,0
0,0,0
0,0,0
0,0,0
0,0,0
0,0,0
0,0,0
0,0,0
0,0,0
0,0,0
0,0,0
0,0,0
0,0,0
0,0,0
0,0,0
0,0,0
0,0,0
0,0,0
0,0,0
0,0,0
0,0,0
0,0,0
0,0,0
0,0,0
0,0,0
0,0,0
0,0,0
0,0,0
0,0,0
0,0,0
0,0,0
0,0,0
0,0,0
0,0,0
0,0,0
0,0,0
0,0,0
0,0,0
0,0,0
0,0,0
0,0,0
0,0,0
0,0,0
0,0,0
0,0,0
0,0,0
0,0,0
0,0,0
0,0,0
0,0,0
0,0,0
0,0,0
0,0,0
0,0,0
0,0,0
0,0,0
0,0,0
0,0,0
0,0,0
0,0,0
0,0,0
0,0,0
0,0,0
0,0,0
0,0,0
0,0,0
0,0,0
0,0,0
0,0,0
0,0,0
0,0,0
0,0,0
0,0,0
0,0,0
0,0,0
0,0,0
0,0,0
0,0,0
0,0,0
0,0,0
0,0,0
0,0,0
0,0,0
0,0,0
0,0,0
0,0,0
0,0,0
0,0,0
0,0,0
0,0,0
0,0,0
0,0,0
0,0,0
0,0,0
0,0,0
0,0,0
0,0,0
0,0,0
0,0,0
0,0,0
0,0,0
0,0,0
0,0,0
0,0,0
0,0,0
0,0,0
0,0,0
0,0,0
0,0,0
0,0,0
0,0,0
0,0,0
0,0,0
0,0,0
0,0,0
0,0,0
0,0,0
0,0,0
0,0,0
0,0,0
0,0,0
0,0,0
0,0,0
0,0,0
0,0,0
0,0,0
0,0,0
0,0,0
0,0,0
0,0,0
0,0,0
0,0,0
0,0,0
0,0,0
0,0,0
0,0,0
0,0,0
0,0,0
0,0,0
0,0,0
0,0,0
0,0,0
0,0,0
0,0,0
0,0,0
0,0,0
0,0,0
0,0,0
0,0,0
0,0,0
0,0,0
0,0,0
0,0,0
0,0,0
0,0,0
0,0,0
0,0,0
0,0,0
0,0,0
0,0,0
0,0,0
0,0,0
0,0,0
0,0,0
0,0,0
0,0,0
0,0,0
0,0,0
0,0,0
0,0,0
0,0,0
0,0,0
0,0,0
0,0,0
0,0,0
0,0,0
0,0,0
0,0,0
0,0,0
0,0,0
0,0,0
0,0,0
0,0,0
0,0,0
0,0,0
0,0,0
0,0,0
0,0,0
0,0,0
0,0,0
0,0,0
0,0,0
0,0,0
0,0,0
0,0,0
0,0,0
0,0,0
0,0,0
0,0,0
0,0,0
0,0,0
0,0,0
0,0,0
0,0,0
0,0,0
0,0,0
0,0,0
0,0,0
0,0,0
0,0,0
0,0,0
0,0,0
0,0,0
0.625903,3.36262,0.248588
0.64709,3.36166,0.248775
0.665952,3.34881,0.248214
0,0,0
0,0,0
0,0,0
0,0,0
1.20318,5.20847,0.368703
1.23788,5.21264,0.36945
1.27221,5.21464,0.370073
1.30855,5.22417,0.371194
1.33934,5.21121,0.370882
1.36874,5.19324,0.37026
1.09102,4.03914,0.296223
1.11366,4.02467,0.295725
1.13643,4.01104,0.295289
1.15879,3.99632,0.294791
1.18045,3.97957,0.294168
0,0,0
1.60555,5.17829,0.373435
0,0,0
0,0,0
0,0,0
0,0,0
0,0,0
0,0,0
0,0,0
0,0,0
0,0,0
0,0,0
0,0,0
0,0,0
0,0,0
0,0,0
0,0,0
0,0,0
0,0,0
0,0,0
0,0,0
0,0,0
31.0639,67.8093,4.68854
0,0,0
31.586,66.7725,4.64365
0,0,0
0,0,0
0,0,0
0,0,0
0,0,0
0,0,0
0,0,0
37.1591,69.5097,4.95262
0,0,0
37.9559,68.9514,4.94571
38.3953,68.7477,4.94789
6.63477,11.711,0.874941
6.68412,11.6311,0.872139
6.80814,11.6804,0.878677
6.90914,11.6883,0.882289
2.28735,3.81641,0.312786
2.3071,3.79633,0.31235
2.33715,3.79315,0.31316
2.3699,3.79397,0.314281
7.36588,11.631,0.89412
7.43603,11.5839,0.893995
7.56249,11.6234,0.900347
7.64246,11.5901,0.901343
7.70456,11.5298,0.900347
7.85407,11.5988,0.909126
8.01713,11.6845,0.919276
6.75665,9.71918,0.773694
6.8403,9.71181,0.776309
6.93223,9.71515,0.779796
7.02972,9.72501,0.783843
7.13643,9.74611,0.788825
7.23831,9.75905,0.793246
7.34302,9.7743,0.797916
7.45241,9.79419,0.803022
7.5605,9.81073,0.807941
7.66477,9.8208,0.812424
7.73417,9.78533,0.813358
7.82587,9.77743,0.816534
7.92846,9.78195,0.820768
8.03139,9.78558,0.825002
8.12955,9.78217,0.828738
8.23184,9.7825,0.832848
8.33054,9.77739,0.836584
8.32062,9.64523,0.829922
8.38293,9.59775,0.830233
8.47406,9.58277,0.833284
8.6046,9.6109,0.840009
8.72106,9.62152,0.845364
8.83459,9.62739,0.850408
8.96007,9.64465,0.85651
9.07105,9.64475,0.861242
9.23605,9.70022,0.870832
9.33141,9.68073,0.87407
9.47916,9.71401,0.881978
9.58699,9.70465,0.886274
9.69576,9.69504,0.890633
0,0,0
10.9063,10.641,0.98584
10.9477,10.551,0.983786
10.9761,10.4492,0.980672
11.0182,10.3612,0.978804
0,0,0
11.0231,10.1139,0.96853
11.0665,10.0293,0.966973
11.0795,9.91793,0.962926
11.5574,10.2186,0.997671
11.6048,10.1344,0.996426
11.6411,10.0408,0.994309
11.685,9.95434,0.992877
11.8383,9.96021,1.00041
0,0,0
0,0,0
0,0,0
33.3694,26.7039,2.70163
33.7104,26.6392,2.71577
33.9959,26.5276,2.72548
11.6542,8.97975,0.953088
11.6931,8.89599,0.951842
0,0,0
0,0,0
0,0,0
0,0,0
0,0,0
0,0,0
0,0,0
0,0,0
0,0,0
0,0,0
0,0,0
0,0,0
0,0,0
0,0,0
0,0,0
0,0,0
0,0,0
0,0,0
0,0,0
0,0,0
0,0,0
0,0,0
0,0,0
0,0,0
0,0,0
0,0,0
24.0443,12.6613,1.73057
0,0,0
0,0,0
0,0,0
0,0,0
0,0,0
0,0,0
0,0,0
0,0,0
0,0,0
0,0,0
0,0,0
0,0,0
0,0,0
0,0,0
0,0,0
0,0,0
0,0,0
0,0,0
0,0,0
0,0,0
0,0,0
0,0,0
0,0,0
0,0,0
0,0,0
0,0,0
0,0,0
0,0,0
0,0,0
0,0,0
0,0,0
0,0,0
0,0,0
0,0,0
0,0,0
0,0,0
0,0,0
0,0,0
0,0,0
0,0,0
0,0,0
0,0,0
0,0,0
0,0,0
0,0,0
0,0,0
0,0,0
0,0,0
0,0,0
0,0,0
0,0,0
0,0,0
0,0,0
0,0,0
0,0,0
0,0,0
0,0,0
0,0,0
0,0,0
0,0,0
0,0,0
0,0,0
0,0,0
0,0,0
0,0,0
0,0,0
0,0,0
0,0,0
0,0,0
0,0,0
0,0,0
0,0,0
0,0,0
0,0,0
0,0,0
0,0,0
0,0,0
0,0,0
0,0,0
0,0,0
0,0,0
0,0,0
0,0,0
0,0,0
0,0,0
0,0,0
0,0,0
0,0,0
0,0,0
0,0,0
0,0,0
0,0,0
0,0,0
0,0,0
0,0,0
0,0,0
0,0,0
0,0,0
0,0,0
0,0,0
0,0,0
0,0,0
0,0,0
0,0,0
0,0,0
0,0,0
0,0,0
0,0,0
0,0,0
0,0,0
0,0,0
0,0,0
0,0,0
0,0,0
0,0,0
0,0,0
0,0,0
0,0,0
0,0,0
0,0,0
0,0,0
0,0,0
0,0,0
0,0,0
0,0,0
0,0,0
0,0,0
0,0,0
0,0,0
0,0,0
0,0,0
0,0,0
0,0,0
0,0,0
0,0,0
0,0,0
0,0,0
0,0,0
0,0,0
0,0,0
0,0,0
0,0,0
0,0,0
0,0,0
0,0,0
0,0,0
0,0,0
0,0,0
0,0,0
0,0,0
0,0,0
76.9252,-36.968,5.35991
77.8109,-37.9831,5.43725
0,0,0
77.3496,-38.9404,5.438
77.1217,-39.4207,5.43887
0,0,0
0,0,0
0,0,0
0,0,0
0,0,0
0,0,0
0,0,0
0,0,0
0,0,0
0,0,0
62.7284,-37.6031,4.59807
0,0,0
0,0,0
0,0,0
0,0,0
58.7705,-37.7281,4.39233
58.9068,-38.3281,4.41979
58.3047,-38.4476,4.39246
59.0378,-39.4529,4.46525
58.7838,-39.8071,4.46444
0,0,0
58.2745,-40.5141,4.46319
0,0,0
51.9715,-37.0862,4.01854
51.6799,-37.3588,4.01368
51.6816,-37.8451,4.03161
51.1478,-37.9385,4.00826
50.5574,-37.9836,3.98043
50.4147,-38.3626,3.98759
50.0352,-38.561,3.97632
50.0038,-39.0281,3.99264
49.8957,-39.4388,4.00316
0,0,0
49.4514,-40.0833,4.00665
49.2832,-40.4506,4.013
48.7992,-40.557,3.99394
0,0,0
0,0,0
0,0,0
0,0,0
43.2893,-38.2827,3.64057
0,0,0
42.3763,-38.4122,3.60352
41.8405,-38.3968,3.57818
41.5266,-38.5808,3.57158
41.2608,-38.8082,3.56915
41.2474,-39.2754,3.58858
41.8176,-40.3105,3.65894
41.5566,-40.5537,3.65782
41.312,-40.8129,3.65826
41.1024,-41.1072,3.66193
0,0,0
43.1012,-44.1775,3.88585
42.6132,-44.2169,3.86642
41.8725,-43.9852,3.82401
41.5088,-44.1424,3.81554
41.1727,-44.3268,3.80963
40.7994,-44.4691,3.80035
34.1655,-37.7002,3.20943
34.0953,-38.0898,3.22456
33.3129,-37.6784,3.17294
33.1368,-37.946,3.17823
32.6668,-37.8743,3.15563
32.635,-38.3103,3.17499
32.258,-38.3418,3.1613
0,0,0
32.4492,-39.5441,3.22661
0,0,0
32.3724,-40.4529,3.26765
0,0,0
31.9123,-40.8967,3.27157
31.4493,-40.8174,3.24997
31.5669,-41.4941,3.28795
33.2304,-44.2415,3.48727
32.8138,-44.2497,3.47214
32.3643,-44.2079,3.45339
31.9164,-44.1621,3.43465
31.6078,-44.3051,3.43067
31.1721,-44.2665,3.41298
30.7689,-44.2684,3.39866
30.3578,-44.2539,3.38334
30.0051,-44.3203,3.37438
29.6179,-44.3318,3.36149
29.1926,-44.2811,3.34418
0,0,0
28.4146,-44.274,3.31734
28.0661,-44.3269,3.30843
27.7227,-44.3848,3.30009
24.4344,-39.6596,2.94143
26.8831,-44.2398,3.26491
26.4619,-44.1548,3.24679
26.1285,-44.2115,3.23919
25.8512,-44.3615,3.23851
25.4771,-44.3427,3.22581
25.053,-44.2307,3.20663
24.7276,-44.2878,3.19978
24.3775,-44.297,3.18969
24.0353,-44.3168,3.18054
23.6721,-44.2935,3.16852
23.3408,-44.3258,3.16061
22.9609,-44.2609,3.14604
22.6212,-44.2685,3.13676
22.2186,-44.147,3.11864
21.9419,-44.2718,3.11789
21.6099,-44.2827,3.10936
21.2989,-44.3335,3.10376
20.9501,-44.3019,3.09261
20.6227,-44.3111,3.08446
20.3014,-44.3297,3.07711
19.9679,-44.3178,3.06783
19.6265,-44.2835,3.05718
19.3165,-44.3162,3.05127
19.0022,-44.3357,3.04461
18.6914,-44.3604,3.03844
18.3795,-44.3793,3.03203
18.0301,-44.3026,3.01932
17.7157,-44.3068,3.01223
0,0,0
17.0737,-44.2694,2.99541
16.7777,-44.3099,2.99118
0,0,0
0,0,0
15.8883,-44.4129,2.97804
0,0,0
0,0,0
0,0,0
0,0,0
0,0,0
0,0,0
0,0,0
0,0,0
0,0,0
0,0,0
0,0,0
0,0,0
0,0,0
0,0,0
0,0,0
0,0,0
0,0,0
0,0,0
0,0,0
0,0,0
0,0,0
0,0,0
0,0,0
0,0,0
0,0,0
0,0,0
0,0,0
0,0,0
0,0,0
0,0,0
0,0,0
0,0,0
0,0,0
0,0,0
0,0,0
0,0,0
0,0,0
0,0,0
0,0,0
0,0,0
0,0,0
0,0,0
0,0,0
0,0,0
0,0,0
0,0,0
0,0,0
0,0,0
0,0,0
0,0,0
0,0,0
0,0,0
0,0,0
0,0,0
0,0,0
0,0,0
0,0,0
0,0,0
0,0,0
0,0,0
0,0,0
0,0,0
0,0,0
0,0,0
0,0,0
0,0,0
0,0,0
0,0,0
0,0,0
0,0,0
0,0,0
0,0,0
0,0,0
0,0,0
0,0,0
0,0,0
0,0,0
0,0,0
0,0,0
0,0,0
0,0,0
0,0,0
0,0,0
0,0,0
0,0,0
0,0,0
0,0,0
0,0,0
0,0,0
0,0,0
0,0,0
0,0,0
0,0,0
0,0,0
0,0,0
0,0,0
0,0,0
0,0,0
0,0,0
0,0,0
0,0,0
0,0,0
0,0,0
0,0,0
0,0,0
0,0,0
0,0,0
0,0,0
0,0,0
0,0,0
0,0,0
0,0,0
0,0,0
0,0,0
0,0,0
0,0,0
0,0,0
0,0,0
0,0,0
0,0,0
0,0,0
0,0,0
0,0,0
0,0,0
0,0,0
0,0,0
0,0,0
0,0,0
0,0,0
0,0,0
0,0,0
0,0,0
0,0,0
0,0,0
0,0,0
0,0,0
0,0,0
0,0,0
0,0,0
0,0,0
0,0,0
0,0,0
0,0,0
0,0,0
0,0,0
0,0,0
0,0,0
0,0,0
0,0,0
0,0,0
0,0,0
0,0,0
0,0,0
0,0,0
0,0,0
0,0,0
0,0,0
0,0,0
0,0,0
0,0,0
0,0,0
0,0,0
0,0,0
0,0,0
0,0,0
0,0,0
0,0,0
0,0,0
0,0,0
0,0,0
0,0,0
0,0,0
0,0,0
0,0,0
0,0,0
0,0,0
0,0,0
0,0,0
0,0,0
0,0,0
0,0,0
0,0,0
0,0,0
0,0,0
0,0,0
0,0,0
0,0,0
0,0,0
0,0,0
0,0,0
0,0,0
0,0,0
0,0,0
0,0,0
0,0,0
0,0,0
0,0,0
0,0,0
0,0,0
0,0,0
0,0,0
0,0,0
0,0,0
0,0,0
0,0,0
0,0,0
0,0,0
0,0,0
0,0,0
0,0,0
0,0,0
0,0,0
0,0,0
0,0,0
0,0,0
0,0,0
0,0,0
0,0,0
0,0,0
0,0,0
0,0,0
0,0,0
0,0,0
0,0,0
0,0,0
0,0,0
0,0,0
0,0,0
0,0,0
0,0,0
0,0,0
0,0,0
0,0,0
0,0,0
0,0,0
0,0,0
0,0,0
0,0,0
0,0,0
0,0,0
0,0,0
0,0,0
0,0,0
0,0,0
0,0,0
0,0,0
0,0,0
0,0,0
0,0,0
0,0,0
0,0,0
0,0,0
0,0,0
0,0,0
0,0,0
0,0,0
0,0,0
0,0,0
0,0,0
0,0,0
0,0,0
0,0,0
0,0,0
0,0,0
0,0,0
0,0,0
0,0,0
0,0,0
0,0,0
0,0,0
0,0,0
0,0,0
0,0,0
0,0,0
0,0,0
0,0,0
0,0,0
0,0,0
0,0,0
0,0,0
0,0,0
0,0,0
0,0,0
0,0,0
0,0,0
0,0,0
0,0,0
0,0,0
0,0,0
0,0,0
0,0,0
0,0,0
0,0,0
0,0,0
0,0,0
0,0,0
0,0,0
0,0,0
0,0,0
0,0,0
0,0,0
0,0,0
0,0,0
0,0,0
0,0,0
0,0,0
0,0,0
0,0,0
0,0,0
0,0,0
0,0,0
0,0,0
0,0,0
0,0,0
0,0,0
0,0,0
0,0,0
0,0,0
0,0,0
0,0,0
0,0,0
0,0,0
0,0,0
0,0,0
0,0,0
0,0,0
0,0,0
0,0,0
0,0,0
0,0,0
0,0,0
0,0,0
0,0,0
0,0,0
0,0,0
0,0,0
0,0,0
0,0,0
0,0,0
0,0,0
0,0,0
0,0,0
0,0,0
0,0,0
0,0,0
0,0,0
0,0,0
0,0,0
0,0,0
0,0,0
0,0,0
0,0,0
0,0,0
0,0,0
0,0,0
0,0,0
0,0,0
0,0,0
0,0,0
0,0,0
0,0,0
0,0,0
0,0,0
0,0,0
0,0,0
0,0,0
0,0,0
0,0,0
0,0,0
0,0,0
0,0,0
0,0,0
0,0,0
0,0,0
0,0,0
0,0,0
0,0,0
0,0,0
0,0,0
0,0,0
0,0,0
0,0,0
0,0,0
0,0,0
0,0,0
0,0,0
0,0,0
0,0,0
0,0,0
0,0,0
0,0,0
0,0,0
0,0,0
0,0,0
0,0,0
0,0,0
0,0,0
0,0,0
0,0,0
0,0,0
0,0,0
0,0,0
0,0,0
0,0,0
0,0,0
0,0,0
0,0,0
0,0,0
0,0,0
0,0,0
0,0,0
0,0,0
0,0,0
0,0,0
0,0,0
0,0,0
0,0,0
0,0,0
0,0,0
0,0,0
0,0,0
0,0,0
0,0,0
0,0,0
0,0,0
0,0,0
0,0,0
0,0,0
0,0,0
0,0,0
0,0,0
0,0,0
0,0,0
0,0,0
0,0,0
0,0,0
0,0,0
0,0,0
0,0,0
0,0,0
0,0,0
0,0,0
0,0,0
0,0,0
0,0,0
0,0,0
0,0,0
0,0,0
0,0,0
0,0,0
0,0,0
0,0,0
0,0,0
0,0,0
0,0,0
0,0,0
0,0,0
0,0,0
0,0,0
0,0,0
0,0,0
0,0,0
0,0,0
0,0,0
0,0,0
0,0,0
0,0,0
0,0,0
0,0,0
0,0,0
0,0,0
0,0,0
0,0,0
0,0,0
0,0,0
0,0,0
0,0,0
0,0,0
0,0,0
0,0,0
0,0,0
0,0,0
0,0,0
0,0,0
0,0,0
0,0,0
0,0,0
0,0,0
0,0,0
0,0,0
0,0,0
0,0,0
0,0,0
0,0,0
0,0,0
0,0,0
0,0,0
0,0,0
0,0,0
0,0,0
0,0,0
0,0,0
0,0,0
0,0,0
0,0,0
0,0,0
0,0,0
0,0,0
0,0,0
0,0,0
0,0,0
0,0,0
0,0,0
0,0,0
0,0,0
0,0,0
0,0,0
0,0,0
0,0,0
0,0,0
0,0,0
0,0,0
0,0,0
0,0,0
0,0,0
0,0,0
0,0,0
0,0,0
0,0,0
0,0,0
0,0,0
0,0,0
0,0,0
0,0,0
0,0,0
0,0,0
0,0,0
0,0,0
0,0,0
0,0,0
0,0,0
0,0,0
0,0,0
0,0,0
0,0,0
0,0,0
0,0,0
0,0,0
0,0,0
0,0,0
0,0,0
0,0,0
0,0,0
0,0,0
0,0,0
0,0,0
0,0,0
0,0,0
0,0,0
0,0,0
0,0,0
0,0,0
0,0,0
0,0,0
0,0,0
0,0,0
0,0,0
0,0,0
0,0,0
0,0,0
0,0,0
0,0,0
0,0,0
0,0,0
0,0,0
0,0,0
0,0,0
0,0,0
0,0,0
0,0,0
0,0,0
0,0,0
0,0,0
0,0,0
0,0,0
0,0,0
0,0,0
0,0,0
0,0,0
0,0,0
0,0,0
0,0,0
0,0,0
0,0,0
0,0,0
0,0,0
0,0,0
0,0,0
0,0,0
0,0,0
0,0,0
0,0,0
0,0,0
0,0,0
0,0,0
0,0,0
0,0,0
0,0,0
0,0,0
0.537091,3.33485,0.202965
0.558366,3.33642,0.203213
0.580533,3.34277,0.203708
0.602269,3.34603,0.204055
0.622788,3.34227,0.204055
0.645925,3.35211,0.204749
0,0,0
0,0,0
0,0,0
0,0,0
0,0,0
1.19654,5.17902,0.299086
1.23221,5.1881,0.299929
1.26639,5.19014,0.300424
1.30233,5.19874,0.301266
1.33471,5.19259,0.301365
1.07784,4.08808,0.24513
0,0,0
1.11568,4.03026,0.24285
1.13848,4.01661,0.242504
1.16644,4.02106,0.243098
1.18343,3.98797,0.24176
1.21396,4.00071,0.242801
1.61686,5.21434,0.306221
1.64912,5.20527,0.306271
0,0,0
0,0,0
0,0,0
0,0,0
0,0,0
0,0,0
0,0,0
24.2491,65.2725,3.48967
0,0,0
0,0,0
0,0,0
0,0,0
0,0,0
0,0,0
0,0,0
0,0,0
29.9645,68.768,3.75663
0,0,0
0,0,0
0,0,0
31.3789,67.4442,3.72556
31.6082,66.8612,3.70421
32.0036,66.6363,3.70257
32.2367,66.0796,3.68275
0,0,0
0,0,0
0,0,0
35.5035,68.4596,3.86107
35.9247,68.244,3.86127
36.4572,68.2363,3.87331
0,0,0
0,0,0
0,0,0
6.5979,11.6499,0.699575
6.6812,11.63,0.700764
6.79315,11.6587,0.704778
2.25921,3.82168,0.255634
2.27646,3.79747,0.255039
2.29401,3.77404,0.254494
2.32027,3.76499,0.254791
2.34703,3.75662,0.255138
2.37431,3.7489,0.255534
7.4315,11.5807,0.718007
7.56394,11.6295,0.723605
7.64175,11.5928,0.7242
7.7133,11.5466,0.72425
7.84334,11.5867,0.729502
8.02218,11.6957,0.738965
6.75448,9.71876,0.622529
6.84216,9.71715,0.624957
6.93123,9.71645,0.627484
7.03049,9.72879,0.630853
7.1225,9.7298,0.633578
7.22251,9.74047,0.636948
7.33912,9.77184,0.641655
7.45335,9.79818,0.646114
7.55904,9.8116,0.64983
7.65105,9.80599,0.652406
7.72222,9.77296,0.653298
7.81136,9.76205,0.655627
7.92833,9.78456,0.660136
8.02939,9.78592,0.663356
8.12885,9.7841,0.666428
8.22152,9.77302,0.668955
8.30594,9.75129,0.670838
8.32257,9.65022,0.667568
8.3744,9.59069,0.667023
8.47807,9.59002,0.670392
8.5927,9.60033,0.674554
8.71515,9.61774,0.679261
8.80978,9.6031,0.681887
8.9331,9.61839,0.686594
9.08157,9.65873,0.693084
9.20814,9.67372,0.69794
9.32553,9.67746,0.702102
9.45099,9.68798,0.706809
9.56499,9.68524,0.710674
9.69556,9.69771,0.715678
0,0,0
0,0,0
10.925,10.5325,0.788215
10.9598,10.4371,0.786183
0,0,0
0,0,0
11.0536,10.1451,0.779693
10.9803,9.9543,0.770626
11.0679,9.91073,0.772409
11.1644,9.87439,0.774788
0,0,0
0,0,0
11.8475,10.0961,0.807588
11.8986,10.0142,0.806894
11.9705,9.94996,0.807588
0,0,0
4.56714,3.70147,0.327031
4.56949,3.65715,0.325743
33.7566,26.6881,2.17013
33.9866,26.5327,2.17434
11.6476,8.97759,0.764928
11.7136,8.91442,0.765621
0,0,0
0,0,0
0,0,0
0,0,0
0,0,0
0,0,0
0,0,0
0,0,0
0,0,0
0,0,0
0,0,0
0,0,0
0,0,0
0,0,0
0,0,0
0,0,0
0,0,0
0,0,0
0,0,0
0,0,0
0,0,0
0,0,0
0,0,0
0,0,0
0,0,0
0,0,0
0,0,0
0,0,0
24.3611,12.455,1.39269
0,0,0
24.3537,12.0766,1.38392
0,0,0
0,0,0
0,0,0
0,0,0
0,0,0
0,0,0
0,0,0
0,0,0
0,0,0
0,0,0
0,0,0
0,0,0
0,0,0
0,0,0
0,0,0
0,0,0
0,0,0
0,0,0
0,0,0
0,0,0
0,0,0
0,0,0
0,0,0
0,0,0
0,0,0
0,0,0
0,0,0
0,0,0
0,0,0
0,0,0
0,0,0
0,0,0
0,0,0
0,0,0
0,0,0
0,0,0
0,0,0
0,0,0
0,0,0
0,0,0
0,0,0
0,0,0
0,0,0
0,0,0
0,0,0
0,0,0
0,0,0
0,0,0
0,0,0
0,0,0
0,0,0
0,0,0
0,0,0
0,0,0
0,0,0
0,0,0
0,0,0
0,0,0
0,0,0
0,0,0
0,0,0
0,0,0
0,0,0
0,0,0
0,0,0
0,0,0
0,0,0
0,0,0
0,0,0
0,0,0
0,0,0
0,0,0
0,0,0
0,0,0
0,0,0
0,0,0
0,0,0
0,0,0
0,0,0
0,0,0
0,0,0
0,0,0
0,0,0
0,0,0
0,0,0
0,0,0
0,0,0
0,0,0
0,0,0
0,0,0
0,0,0
0,0,0
0,0,0
0,0,0
0,0,0
0,0,0
0,0,0
0,0,0
0,0,0
0,0,0
0,0,0
0,0,0
0,0,0
0,0,0
0,0,0
0,0,0
0,0,0
0,0,0
0,0,0
0,0,0
0,0,0
0,0,0
0,0,0
0,0,0
0,0,0
0,0,0
0,0,0
0,0,0
0,0,0
0,0,0
0,0,0
0,0,0
0,0,0
0,0,0
0,0,0
0,0,0
0,0,0
0,0,0
0,0,0
0,0,0
0,0,0
0,0,0
0,0,0
0,0,0
0,0,0
0,0,0
0,0,0
0,0,0
0,0,0
0,0,0
0,0,0
0,0,0
0,0,0
0,0,0
85.8108,-39.2851,4.7172
0,0,0
0,0,0
78.3873,-37.6471,4.34926
0,0,0
77.7897,-38.5419,4.34208
76.4516,-38.465,4.28098
76.3787,-39.0174,4.29015
76.7904,-39.8238,4.32662
76.5994,-40.323,4.32969
0,0,0
0,0,0
0,0,0
68.7101,-38.3525,3.93901
0,0,0
0,0,0
0,0,0
0,0,0
0,0,0
0,0,0
0,0,0
0,0,0
0,0,0
0,0,0
58.6448,-38.1376,3.50572
0,0,0
58.1408,-38.8334,3.50384
58.6856,-39.7201,3.55081
58.4507,-40.0862,3.5514
0,0,0
59.5469,-41.9216,3.64802
0,0,0
52.1563,-37.6844,3.22747
0,0,0
0,0,0
50.8476,-38.1828,3.18986
50.4748,-38.3895,3.18129
50.175,-38.6497,3.17732
51.4403,-40.1296,3.27191
50.6006,-39.9764,3.23445
49.9854,-39.991,3.21102
50.5555,-40.9584,3.26314
53.8522,-44.1792,3.49086
53.3666,-44.3314,3.47708
0,0,0
51.846,-44.1547,3.41371
51.391,-44.3141,3.40172
50.7269,-44.2871,3.37596
0,0,0
0,0,0
43.4562,-39.3725,2.9444
42.7987,-39.2576,2.91646
42.0315,-39.0315,2.88088
41.7687,-39.2675,2.87935
41.5342,-39.5299,2.87984
41.3405,-39.8318,2.88326
41.5343,-40.5129,2.91368
41.2558,-40.7382,2.91165
41.6839,-41.6692,2.95927
0,0,0
43.1675,-44.2245,3.10117
40.9972,-42.52,2.96551
41.9169,-44.011,3.05048
41.6241,-44.2441,3.0489
41.1751,-44.3085,3.03602
34.9433,-38.0685,2.59886
40.2492,-44.3924,3.00802
34.2403,-38.234,2.58152
0,0,0
38.7261,-44.3254,2.9553
0,0,0
33.0196,-38.7436,2.56071
33.0044,-39.2106,2.5779
32.9477,-39.6343,2.59222
32.9029,-40.0781,2.60778
35.7084,-44.0435,2.84818
32.3749,-40.4368,2.60511
35.0011,-44.2708,2.83505
34.5714,-44.2831,2.82237
34.1692,-44.326,2.81182
33.6764,-44.2455,2.79378
33.3448,-44.3722,2.78888
32.8964,-44.3394,2.77426
0,0,0
31.9875,-44.2388,2.74359
31.5785,-44.2423,2.7319
31.1978,-44.281,2.72253
30.812,-44.3084,2.71267
30.3649,-44.2422,2.69736
30.0038,-44.2962,2.68948
29.6182,-44.31,2.67938
29.2105,-44.2858,2.66719
28.8363,-44.3077,2.65792
28.45,-44.3065,2.64747
28.1076,-44.3697,2.64098
27.729,-44.3719,2.63107
24.3278,-39.4663,2.33532
24.329,-40.016,2.35861
26.5043,-44.2024,2.59217
26.1838,-44.2816,2.58742
25.8331,-44.3069,2.57969
25.4841,-44.3312,2.57206
25.1235,-44.3312,2.56319
24.7375,-44.2814,2.55164
24.3868,-44.2897,2.54357
24.046,-44.3121,2.53643
23.6728,-44.2703,2.52583
23.3728,-44.3617,2.52286
23.0123,-44.335,2.51339
22.6639,-44.3269,2.50512
22.2208,-44.1261,2.48629
21.9332,-44.2285,2.48446
21.6211,-44.2797,2.4799
21.2983,-44.3062,2.4741
20.9799,-44.3386,2.46875
20.6573,-44.3587,2.46286
20.3273,-44.3593,2.45602
19.9788,-44.3148,2.44685
19.6583,-44.3279,2.44096
19.3245,-44.3067,2.43333
19.0105,-44.3271,2.42807
18.7009,-44.3546,2.42332
18.3795,-44.3504,2.41698
18.0787,-44.393,2.41326
0,0,0
17.3978,-44.2685,2.39498
15.4201,-39.955,2.15997
16.7637,-44.2423,2.38244
16.477,-44.3041,2.38031
16.1726,-44.3162,2.37565
0,0,0
0,0,0
0,0,0
0,0,0
0,0,0
0,0,0
0,0,0
0,0,0
0,0,0
0,0,0
0,0,0
0,0,0
0,0,0
0,0,0
0,0,0
0,0,0
0,0,0
0,0,0
0,0,0
0,0,0
0,0,0
0,0,0
0,0,0
0,0,0
0,0,0
0,0,0
0,0,0
0,0,0
0,0,0
0,0,0
0,0,0
0,0,0
0,0,0
0,0,0
0,0,0
0,0,0
0,0,0
0,0,0
0,0,0
0,0,0
0,0,0
0,0,0
0,0,0
0,0,0
0,0,0
0,0,0
0,0,0
0,0,0
0,0,0
0,0,0
0,0,0
0,0,0
0,0,0
0,0,0
0,0,0
0,0,0
0,0,0
0,0,0
0,0,0
0,0,0
0,0,0
0,0,0
0,0,0
0,0,0
0,0,0
0,0,0
0,0,0
0,0,0
0,0,0
0,0,0
0,0,0
0,0,0
0,0,0
0,0,0
0,0,0
0,0,0
0,0,0
0,0,0
0,0,0
0,0,0
0,0,0
0,0,0
0,0,0
0,0,0
0,0,0
0,0,0
0,0,0
0,0,0
0,0,0
0,0,0
0,0,0
0,0,0
0,0,0
0,0,0
0,0,0
0,0,0
0,0,0
0,0,0
0,0,0
0,0,0
0,0,0
0,0,0
0,0,0
0,0,0
0,0,0
0,0,0
0,0,0
0,0,0
0,0,0
0,0,0
0,0,0
0,0,0
0,0,0
0,0,0
0,0,0
0,0,0
0,0,0
0,0,0
0,0,0
0,0,0
0,0,0
0,0,0
0,0,0
0,0,0
0,0,0
0,0,0
0,0,0
0,0,0
0,0,0
0,0,0
0,0,0
0,0,0
0,0,0
0,0,0
0,0,0
0,0,0
0,0,0
0,0,0
0,0,0
0,0,0
0,0,0
0,0,0
0,0,0
0,0,0
0,0,0
0,0,0
0,0,0
0,0,0
0,0,0
0,0,0
0,0,0
0,0,0
0,0,0
0,0,0
0,0,0
0,0,0
0,0,0
0,0,0
0,0,0
0,0,0
0,0,0
0,0,0
0,0,0
0,0,0
0,0,0
0,0,0
0,0,0
0,0,0
0,0,0
0,0,0
0,0,0
0,0,0
0,0,0
0,0,0
0,0,0
0,0,0
0,0,0
0,0,0
0,0,0
0,0,0
0,0,0
0,0,0
0,0,0
0,0,0
0,0,0
0,0,0
0,0,0
0,0,0
0,0,0
0,0,0
0,0,0
0,0,0
0,0,0
0,0,0
0,0,0
0,0,0
0,0,0
0,0,0
0,0,0
0,0,0
0,0,0
0,0,0
0,0,0
0,0,0
0,0,0
0,0,0
0,0,0
0,0,0
0,0,0
0,0,0
0,0,0
0,0,0
0,0,0
0,0,0
0,0,0
0,0,0
0,0,0
0,0,0
0,0,0
0,0,0
0,0,0
0,0,0
0,0,0
0,0,0
0,0,0
0,0,0
0,0,0
0,0,0
0,0,0
0,0,0
0,0,0
0,0,0
0,0,0
0,0,0
0,0,0
0,0,0
0,0,0
0,0,0
0,0,0
0,0,0
0,0,0
0,0,0
0,0,0
0,0,0
0,0,0
0,0,0
0,0,0
0,0,0
0,0,0
0,0,0
0,0,0
0,0,0
0,0,0
0,0,0
0,0,0
0,0,0
0,0,0
0,0,0
0,0,0
0,0,0
0,0,0
0,0,0
0,0,0
0,0,0
0,0,0
0,0,0
0,0,0
0,0,0
0,0,0
0,0,0
0,0,0
0,0,0
0,0,0
0,0,0
0,0,0
0,0,0
0,0,0
0,0,0
0,0,0
0,0,0
0,0,0
0,0,0
0,0,0
0,0,0
0,0,0
0,0,0
0,0,0
0,0,0
0,0,0
0,0,0
0,0,0
0,0,0
0,0,0
0,0,0
0,0,0
0,0,0
0,0,0
0,0,0
0,0,0
0,0,0
0,0,0
0,0,0
0,0,0
0,0,0
0,0,0
0,0,0
0,0,0
0,0,0
0,0,0
0,0,0
0,0,0
0,0,0
0,0,0
0,0,0
0,0,0
0,0,0
0,0,0
0,0,0
0,0,0
0,0,0
0,0,0
0,0,0
0,0,0
0,0,0
0,0,0
0,0,0
0,0,0
0,0,0
0,0,0
0,0,0
0,0,0
0,0,0
0,0,0
0,0,0
0,0,0
0,0,0
0,0,0
0,0,0
0,0,0
0,0,0
0,0,0
0,0,0
0,0,0
0,0,0
0,0,0
0,0,0
0,0,0
0,0,0
0,0,0
0,0,0
0,0,0
0,0,0
0,0,0
0,0,0
0,0,0
0,0,0
0,0,0
0,0,0
0,0,0
0,0,0
0,0,0
0,0,0
0,0,0
0,0,0
0,0,0
0,0,0
0,0,0
0,0,0
0,0,0
0,0,0
0,0,0
0,0,0
0,0,0
0,0,0
0,0,0
0,0,0
0,0,0
0,0,0
0,0,0
0,0,0
0,0,0
0,0,0
0,0,0
0,0,0
0,0,0
0,0,0
0,0,0
0,0,0
0,0,0
0,0,0
0,0,0
0,0,0
0,0,0
0,0,0
0,0,0
0,0,0
0,0,0
0,0,0
0,0,0
0,0,0
0,0,0
0,0,0
0,0,0
0,0,0
0,0,0
0,0,0
0,0,0
0,0,0
0,0,0
0,0,0
0,0,0
0,0,0
0,0,0
0,0,0
0,0,0
0,0,0
0,0,0
0,0,0
0,0,0
0,0,0
0,0,0
0,0,0
0,0,0
0,0,0
0,0,0
0,0,0
0,0,0
0,0,0
0,0,0
0,0,0
0,0,0
0,0,0
0,0,0
0,0,0
0,0,0
0,0,0
0,0,0
0,0,0
0,0,0
0,0,0
0,0,0
0,0,0
0,0,0
0,0,0
0,0,0
0,0,0
0,0,0
0,0,0
0,0,0
0,0,0
0,0,0
0,0,0
0,0,0
0,0,0
0,0,0
0,0,0
0,0,0
0,0,0
0,0,0
0,0,0
0,0,0
0,0,0
0,0,0
0,0,0
0,0,0
0,0,0
0,0,0
0,0,0
0,0,0
0,0,0
0,0,0
0,0,0
0,0,0
0,0,0
0,0,0
0,0,0
0,0,0
0,0,0
0,0,0
0,0,0
0,0,0
0,0,0
0,0,0
0,0,0
0,0,0
0,0,0
0,0,0
0,0,0
0,0,0
0,0,0
0,0,0
0,0,0
0,0,0
0,0,0
0,0,0
0,0,0
0,0,0
0,0,0
0,0,0
0,0,0
0,0,0
0,0,0
0,0,0
0,0,0
0,0,0
0,0,0
0,0,0
0,0,0
0,0,0
0,0,0
0,0,0
0,0,0
0,0,0
0,0,0
0,0,0
0,0,0
0,0,0
0,0,0
0,0,0
0,0,0
0,0,0
0,0,0
0,0,0
0,0,0
0,0,0
0,0,0
0,0,0
0,0,0
0,0,0
0,0,0
0,0,0
0,0,0
0,0,0
0,0,0
0,0,0
0,0,0
0,0,0
0,0,0
0,0,0
0,0,0
0,0,0
0,0,0
0,0,0
0,0,0
0,0,0
0,0,0
0,0,0
0,0,0
0,0,0
0,0,0
0,0,0
0,0,0
0,0,0
0,0,0
0,0,0
0,0,0
0,0,0
0,0,0
0,0,0
0,0,0
0,0,0
0,0,0
0,0,0
0,0,0
0,0,0
0,0,0
0,0,0
0,0,0
0,0,0
0,0,0
0,0,0
0,0,0
0,0,0
0,0,0
0,0,0
0,0,0
0,0,0
0,0,0
0,0,0
0.565583,3.38362,0.164975
0.586334,3.38009,0.164975
0.608479,3.3843,0.165276
0.630514,3.38738,0.16554
0,0,0
0,0,0
0,0,0
0,0,0
0,0,0
0,0,0
0,0,0
1.23017,5.18016,0.236398
1.26287,5.17639,0.236548
1.29753,5.18018,0.237001
1.05012,4.08623,0.194712
1.07415,4.07584,0.194561
1.09419,4.05085,0.193845
1.11662,4.03539,0.193506
1.13946,4.02173,0.193242
1.15994,4.00027,0.192677
1.18645,3.99978,0.192941
1.55682,5.13227,0.237867
1.59686,5.1503,0.238961
1.63145,5.14993,0.239337
0,0,0
0,0,0
0,0,0
0,0,0
0,0,0
0,0,0
0,0,0
0,0,0
0,0,0
0,0,0
0,0,0
0,0,0
0,0,0
0,0,0
0,0,0
0,0,0
0,0,0
0,0,0
0,0,0
0,0,0
31.1892,66.9942,2.82281
0,0,0
0,0,0
0,0,0
0,0,0
0,0,0
0,0,0
0,0,0
0,0,0
36.6867,68.626,2.97059
0,0,0
37.4957,68.1154,2.96822
37.9129,67.8841,2.96822
6.60155,11.6524,0.540708
6.65251,11.5761,0.539163
2.26423,3.88517,0.20519
2.24226,3.79378,0.201798
2.25471,3.76195,0.201006
2.27723,3.74719,0.200969
2.30018,3.73315,0.200969
2.33152,3.73253,0.201572
2.36828,3.7401,0.202552
2.48457,3.87098,0.209072
7.56145,11.6218,0.558536
7.64362,11.5919,0.559289
7.71849,11.5506,0.559553
7.87102,11.6238,0.565056
6.66895,9.71973,0.480178
6.74957,9.70899,0.481572
6.83836,9.70906,0.483494
6.92915,9.71084,0.48553
7.029,9.72402,0.48813
7.12809,9.73472,0.490656
7.21745,9.73093,0.49254
7.35206,9.78633,0.497251
7.43496,9.77125,0.498684
7.54785,9.79431,0.501963
7.65392,9.8069,0.504789
7.72448,9.77307,0.50543
7.80553,9.75202,0.506712
7.92311,9.77536,0.510179
8.00387,9.75205,0.511423
8.1121,9.76116,0.514287
8.22588,9.77543,0.517453
8.30775,9.75063,0.518735
8.32695,9.65256,0.516398
8.37813,9.59226,0.515946
8.47191,9.58034,0.517943
8.57187,9.57434,0.52028
8.70696,9.60597,0.524577
8.8083,9.59874,0.526951
8.94117,9.62431,0.531059
9.07126,9.64497,0.534979
9.1854,9.64703,0.537994
9.30059,9.64876,0.541047
9.44547,9.67948,0.545683
9.56719,9.68461,0.549038
9.69074,9.69002,0.552467
0,0,0
0,0,0
10.9482,10.5515,0.609078
10.9954,10.4676,0.608174
0,0,0
0,0,0
0,0,0
11.0809,10.0423,0.599618
11.082,9.92014,0.596565
11.1284,9.83938,0.595849
0,0,0
0,0,0
0,0,0
0,0,0
12.066,10.026,0.627283
4.53667,3.72315,0.256939
4.52294,3.66568,0.255167
4.56407,3.65284,0.256072
4.59424,3.63096,0.256449
4.61879,3.60455,0.256562
11.6376,8.96702,0.589705
11.632,8.84946,0.586841
0,0,0
0,0,0
0,0,0
0,0,0
0,0,0
0,0,0
0,0,0
0,0,0
0,0,0
0,0,0
0,0,0
0,0,0
0,0,0
0,0,0
0,0,0
0,0,0
0,0,0
0,0,0
0,0,0
0,0,0
0,0,0
0,0,0
0,0,0
0,0,0
0,0,0
0,0,0
0,0,0
0,0,0
0,0,0
0,0,0
0,0,0
0,0,0
0,0,0
0,0,0
0,0,0
0,0,0
0,0,0
0,0,0
0,0,0
0,0,0
0,0,0
0,0,0
0,0,0
0,0,0
0,0,0
0,0,0
0,0,0
0,0,0
0,0,0
0,0,0
0,0,0
0,0,0
0,0,0
0,0,0
0,0,0
0,0,0
0,0,0
0,0,0
0,0,0
0,0,0
0,0,0
0,0,0
0,0,0
0,0,0
0,0,0
0,0,0
0,0,0
0,0,0
0,0,0
0,0,0
0,0,0
0,0,0
0,0,0
0,0,0
0,0,0
0,0,0
0,0,0
0,0,0
0,0,0
0,0,0
0,0,0
0,0,0
0,0,0
0,0,0
0,0,0
0,0,0
0,0,0
0,0,0
0,0,0
0,0,0
0,0,0
0,0,0
0,0,0
0,0,0
0,0,0
0,0,0
0,0,0
0,0,0
0,0,0
0,0,0
0,0,0
0,0,0
0,0,0
0,0,0
0,0,0
0,0,0
0,0,0
0,0,0
0,0,0
0,0,0
0,0,0
0,0,0
0,0,0
0,0,0
0,0,0
0,0,0
0,0,0
0,0,0
0,0,0
0,0,0
0,0,0
0,0,0
0,0,0
0,0,0
0,0,0
0,0,0
0,0,0
0,0,0
0,0,0
0,0,0
0,0,0
0,0,0
0,0,0
0,0,0
0,0,0
0,0,0
0,0,0
0,0,0
0,0,0
0,0,0
0,0,0
0,0,0
0,0,0
0,0,0
0,0,0
0,0,0
0,0,0
0,0,0
0,0,0
0,0,0
0,0,0
0,0,0
0,0,0
0,0,0
0,0,0
0,0,0
0,0,0
0,0,0
0,0,0
0,0,0
0,0,0
0,0,0
0,0,0
0,0,0
0,0,0
0,0,0
0,0,0
0,0,0
0,0,0
0,0,0
0,0,0
0,0,0
0,0,0
0,0,0
0,0,0
0,0,0
0,0,0
0,0,0
85.4792,-41.0788,3.61257
0,0,0
0,0,0
0,0,0
76.3314,-39.0167,3.26887
76.0595,-39.4682,3.26756
75.8283,-39.9407,3.26808
0,0,0
0,0,0
0,0,0
0,0,0
0,0,0
0,0,0
68.5129,-39.9361,3.02664
0,0,0
0,0,0
0,0,0
0,0,0
0,0,0
0,0,0
0,0,0
0,0,0
0,0,0
0,0,0
0,0,0
0,0,0
0,0,0
0,0,0
0,0,0
0,0,0
0,0,0
59.7609,-44.3273,2.84196
59.006,-44.3312,2.81923
0,0,0
51.0997,-39.3814,2.46886
50.7736,-39.629,2.46487
0,0,0
0,0,0
0,0,0
0,0,0
0,0,0
0,0,0
0,0,0
51.5168,-44.4441,2.6018
0,0,0
0,0,0
49.6098,-44.4176,2.54711
43.3473,-39.2924,2.24223
43.0944,-39.5475,2.24167
42.7667,-39.7329,2.23733
41.9886,-39.4928,2.2097
42.0856,-40.0735,2.22742
41.8929,-40.383,2.23025
41.6164,-40.6121,2.22878
0,0,0
0,0,0
41.1799,-41.6933,2.24585
43.1843,-44.2627,2.36797
42.7011,-44.3081,2.35651
41.9468,-44.0633,2.33016
41.612,-44.2522,2.32666
41.2098,-44.3668,2.31946
40.7273,-44.3906,2.30777
40.1133,-44.2635,2.28863
39.6584,-44.3048,2.2783
39.2071,-44.3451,2.26812
38.6831,-44.2973,2.25373
38.3081,-44.4151,2.24781
34.0497,-39.9709,2.01602
33.5258,-39.8488,1.99973
33.2271,-39.9892,1.99657
32.9792,-40.19,1.99645
32.7282,-40.3869,1.99623
0,0,0
34.9574,-44.2369,2.16214
34.5421,-44.267,2.15336
34.1137,-44.2754,2.14371
33.7355,-44.3447,2.13711
33.356,-44.4087,2.1304
32.9144,-44.3853,2.11974
32.2436,-44.043,2.09434
31.9318,-44.1833,2.0917
31.6154,-44.3158,2.08879
31.2496,-44.3766,2.08269
30.8131,-44.332,2.07187
30.398,-44.3126,2.06237
30.0466,-44.3816,2.05706
29.611,-44.3216,2.04602
29.2395,-44.3523,2.03923
28.8856,-44.4061,2.03362
28.454,-44.3352,2.02254
28.0793,-44.3477,2.01534
27.6912,-44.3344,2.00712
24.507,-39.7774,1.79775
24.3128,-40.0098,1.80141
26.5392,-44.2837,1.98281
26.2019,-44.3356,1.97799
25.8493,-44.3583,1.97199
25.51,-44.4,1.96694
25.0987,-44.3113,1.95635
24.7401,-44.3101,1.94968
24.4013,-44.3402,1.94448
24.0311,-44.309,1.93675
23.6758,-44.3005,1.93012
23.3789,-44.3981,1.92812
23.0209,-44.3766,1.92115
22.6227,-44.2714,1.91075
22.2109,-44.1318,1.89902
21.9188,-44.2252,1.89725
21.6256,-44.3148,1.89541
21.3135,-44.3638,1.89194
20.9806,-44.3664,1.88662
20.6431,-44.3548,1.88082
20.3119,-44.3525,1.87551
19.9769,-44.3378,1.86978
19.6417,-44.3179,1.86394
19.3219,-44.3286,1.85945
18.9933,-44.315,1.85406
18.6857,-44.3469,1.85063
18.3731,-44.3638,1.84667
18.0791,-44.4229,1.84452
17.7583,-44.4133,1.83966
0,0,0
0,0,0
0,0,0
16.4705,-44.3178,1.81882
16.1691,-44.3382,1.81562
15.8685,-44.3575,1.81245
0,0,0
0,0,0
0,0,0
0,0,0
0,0,0
0,0,0
0,0,0
0,0,0
0,0,0
0,0,0
0,0,0
0,0,0
0,0,0
0,0,0
0,0,0
0,0,0
0,0,0
0,0,0
0,0,0
0,0,0
0,0,0
0,0,0
0,0,0
0,0,0
0,0,0
0,0,0
0,0,0
0,0,0
0,0,0
0,0,0
0,0,0
0,0,0
0,0,0
0,0,0
0,0,0
0,0,0
0,0,0
0,0,0
0,0,0
0,0,0
0,0,0
0,0,0
0,0,0
0,0,0
0,0,0
0,0,0
0,0,0
0,0,0
0,0,0
0,0,0
0,0,0
0,0,0
0,0,0
0,0,0
0,0,0
0,0,0
0,0,0
0,0,0
0,0,0
0,0,0
0,0,0
0,0,0
0,0,0
0,0,0
0,0,0
0,0,0
0,0,0
0,0,0
0,0,0
0,0,0
0,0,0
0,0,0
0,0,0
0,0,0
0,0,0
0,0,0
0,0,0
0,0,0
0,0,0
0,0,0
0,0,0
0,0,0
0,0,0
0,0,0
0,0,0
0,0,0
0,0,0
0,0,0
0,0,0
0,0,0
0,0,0
0,0,0
0,0,0
0,0,0
0,0,0
0,0,0
0,0,0
0,0,0
0,0,0
0,0,0
0,0,0
0,0,0
0,0,0
0,0,0
0,0,0
0,0,0
0,0,0
0,0,0
0,0,0
0,0,0
0,0,0
0,0,0
0,0,0
0,0,0
0,0,0
0,0,0
0,0,0
0,0,0
0,0,0
0,0,0
0,0,0
0,0,0
0,0,0
0,0,0
0,0,0
0,0,0
0,0,0
0,0,0
0,0,0
0,0,0
0,0,0
0,0,0
0,0,0
0,0,0
0,0,0
0,0,0
0,0,0
0,0,0
0,0,0
0,0,0
0,0,0
0,0,0
0,0,0
0,0,0
0,0,0
0,0,0
0,0,0
0,0,0
0,0,0
0,0,0
0,0,0
0,0,0
0,0,0
0,0,0
0,0,0
0,0,0
0,0,0
0,0,0
0,0,0
0,0,0
0,0,0
0,0,0
0,0,0
0,0,0
0,0,0
0,0,0
0,0,0
0,0,0
0,0,0
0,0,0
0,0,0
0,0,0
0,0,0
0,0,0
0,0,0
0,0,0
0,0,0
0,0,0
0,0,0
0,0,0
0,0,0
0,0,0
0,0,0
0,0,0
0,0,0
0,0,0
0,0,0
0,0,0
0,0,0
0,0,0
0,0,0
0,0,0
0,0,0
0,0,0
0,0,0
0,0,0
0,0,0
0,0,0
0,0,0
0,0,0
0,0,0
0,0,0
0,0,0
0,0,0
0,0,0
0,0,0
0,0,0
0,0,0
0,0,0
0,0,0
0,0,0
0,0,0
0,0,0
0,0,0
0,0,0
0,0,0
0,0,0
0,0,0
0,0,0
0,0,0
0,0,0
0,0,0
0,0,0
0,0,0
0,0,0
0,0,0
0,0,0
0,0,0
0,0,0
0,0,0
0,0,0
0,0,0
0,0,0
0,0,0
0,0,0
0,0,0
0,0,0
0,0,0
0,0,0
0,0,0
0,0,0
0,0,0
0,0,0
0,0,0
0,0,0
0,0,0
0,0,0
0,0,0
0,0,0
0,0,0
0,0,0
0,0,0
0,0,0
0,0,0
0,0,0
0,0,0
0,0,0
0,0,0
0,0,0
0,0,0
0,0,0
0,0,0
0,0,0
0,0,0
0,0,0
0,0,0
0,0,0
0,0,0
0,0,0
0,0,0
0,0,0
0,0,0
0,0,0
0,0,0
0,0,0
0,0,0
0,0,0
0,0,0
0,0,0
0,0,0
0,0,0
0,0,0
0,0,0
0,0,0
0,0,0
0,0,0
0,0,0
0,0,0
0,0,0
0,0,0
0,0,0
0,0,0
0,0,0
0,0,0
0,0,0
0,0,0
0,0,0
0,0,0
0,0,0
0,0,0
0,0,0
0,0,0
0,0,0
0,0,0
0,0,0
0,0,0
0,0,0
0,0,0
0,0,0
0,0,0
0,0,0
0,0,0
0,0,0
0,0,0
0,0,0
0,0,0
0,0,0
0,0,0
0,0,0
0,0,0
0,0,0
0,0,0
0,0,0
0,0,0
0,0,0
0,0,0
0,0,0
0,0,0
0,0,0
0,0,0
0,0,0
0,0,0
0,0,0
0,0,0
0,0,0
0,0,0
0,0,0
0,0,0
0,0,0
0,0,0
0,0,0
0,0,0
0,0,0
0,0,0
0,0,0
0,0,0
0,0,0
0,0,0
0,0,0
0,0,0
0,0,0
0,0,0
0,0,0
0,0,0
0,0,0
0,0,0
0,0,0
0,0,0
0,0,0
0,0,0
0,0,0
0,0,0
0,0,0
0,0,0
0,0,0
0,0,0
0,0,0
0,0,0
0,0,0
0,0,0
0,0,0
0,0,0
0,0,0
0,0,0
0,0,0
0,0,0
0,0,0
0,0,0
0,0,0
0,0,0
0,0,0
0,0,0
0,0,0
0,0,0
0,0,0
0,0,0
0,0,0
0,0,0
0,0,0
0,0,0
0,0,0
0,0,0
0,0,0
0,0,0
0,0,0
0,0,0
0,0,0
0,0,0
0,0,0
0,0,0
0,0,0
0,0,0
0,0,0
0,0,0
0,0,0
0,0,0
0,0,0
0,0,0
0,0,0
0,0,0
0,0,0
0,0,0
0,0,0
0,0,0
0,0,0
0,0,0
0,0,0
0,0,0
0,0,0
0,0,0
0,0,0
0,0,0
0,0,0
0,0,0
0,0,0
0,0,0
0,0,0
0,0,0
0,0,0
0,0,0
0,0,0
0,0,0
0,0,0
0,0,0
0,0,0
0,0,0
0,0,0
0,0,0
0,0,0
0,0,0
0,0,0
0,0,0
0,0,0
0,0,0
0,0,0
0,0,0
0,0,0
0,0,0
0,0,0
0,0,0
0,0,0
0,0,0
0,0,0
0,0,0
0,0,0
0,0,0
0,0,0
0,0,0
0,0,0
0,0,0
0,0,0
0,0,0
0,0,0
0,0,0
0,0,0
0,0,0
0,0,0
0,0,0
0,0,0
0,0,0
0,0,0
0,0,0
0,0,0
0,0,0
0,0,0
0,0,0
0,0,0
0,0,0
0,0,0
0,0,0
0,0,0
0,0,0
0,0,0
0,0,0
0,0,0
0,0,0
0,0,0
0,0,0
0,0,0
0,0,0
0,0,0
0,0,0
0,0,0
0,0,0
0,0,0
0,0,0
0,0,0
0,0,0
0,0,0
0,0,0
0,0,0
0,0,0
0,0,0
0,0,0
0,0,0
0,0,0
0,0,0
0,0,0
0,0,0
0,0,0
0,0,0
0,0,0
0,0,0
0,0,0
0,0,0
0,0,0
0,0,0
0,0,0
0,0,0
0,0,0
0,0,0
0,0,0
0,0,0
0,0,0
0,0,0
0,0,0
0,0,0
0,0,0
0,0,0
0,0,0
0,0,0
0,0,0
0,0,0
0,0,0
0,0,0
0,0,0
0,0,0
0,0,0
0,0,0
0,0,0
0,0,0
0,0,0
0,0,0
0,0,0
0,0,0
0,0,0
0,0,0
0,0,0
0,0,0
0,0,0
0,0,0
0,0,0
0,0,0
0,0,0
0,0,0
0,0,0
0,0,0
0,0,0
0,0,0
0,0,0
0,0,0
0,0,0
0,0,0
0,0,0
0,0,0
0,0,0
0,0,0
0,0,0
0,0,0
0,0,0
0,0,0
0,0,0
0,0,0
0,0,0
0,0,0
0,0,0
0,0,0
0,0,0
0,0,0
0,0,0
0,0,0
0,0,0
0,0,0
0,0,0
0,0,0
0,0,0
0,0,0
0,0,0
0,0,0
0,0,0
0,0,0
0,0,0
0,0,0
0,0,0
0,0,0
0,0,0
0,0,0
0,0,0
0,0,0
0,0,0
0,0,0
0,0,0
0,0,0
0,0,0
0,0,0
0,0,0
0,0,0
0.506402,3.4024,0.122255
0.525434,3.38737,0.121954
0.545891,3.38211,0.121904
0.566798,3.37968,0.121929
0.587867,3.37811,0.121979
0.609292,3.37837,0.12208
0,0,0
0,0,0
0,0,0
0,0,0
0,0,0
0,0,0
0.923218,4.10305,0.141505
0.950854,4.10802,0.141782
0.976504,4.10406,0.141832
1.00499,4.11158,0.142184
1.02995,4.10437,0.142158
1.05661,4.10378,0.142309
1.08126,4.09529,0.142259
1.10767,4.0934,0.142385
1.13464,4.09327,0.142561
1.16709,4.1122,0.143239
1.20011,4.13184,0.143943
1.23255,4.14836,0.144571
1.27191,4.18664,0.145777
1.58993,5.12114,0.170581
1.647,5.19229,0.172717
0,0,0
0,0,0
0,0,0
0,0,0
0,0,0
0,0,0
0,0,0
0,0,0
0,0,0
0,0,0
0,0,0
0,0,0
0,0,0
0,0,0
29.5333,70.0476,1.94675
29.9441,69.8219,1.94557
0,0,0
29.8427,67.2933,1.88629
30.3174,67.2475,1.89011
0,0,0
0,0,0
4.62978,9.78226,0.307841
4.6529,9.67708,0.305705
4.65561,9.53247,0.302463
4.67271,9.42043,0.300126
4.73851,9.40765,0.300579
4.79979,9.38552,0.30078
4.86281,9.36654,0.301081
0,0,0
36.2211,67.7375,1.96673
0,0,0
0,0,0
0,0,0
6.60059,11.6452,0.372275
6.65399,11.5733,0.37137
2.2693,3.89001,0.148994
2.27278,3.84159,0.147989
2.28808,3.81385,0.147587
2.31559,3.80657,0.147788
2.34415,3.8008,0.148039
2.37431,3.79737,0.148366
7.35663,11.6113,0.381322
7.41963,11.5533,0.380945
7.55309,11.6039,0.383835
7.60488,11.5282,0.382955
7.69659,11.5129,0.38391
7.8579,11.5995,0.387981
8.01661,11.6788,0.391876
6.7315,9.67848,0.332142
6.81321,9.66887,0.333122
6.91481,9.68628,0.334957
7.00398,9.68499,0.336238
7.10108,9.69344,0.337847
7.20391,9.7083,0.339681
7.30238,9.71586,0.341314
7.4339,9.76554,0.344305
7.59561,9.85196,0.348502
7.65714,9.80675,0.348552
7.73019,9.77605,0.34908
7.82377,9.77057,0.350437
7.91631,9.76277,0.351743
8.00588,9.75032,0.352925
8.07514,9.71255,0.353302
8.23372,9.7806,0.357172
8.3033,9.74131,0.357549
8.26038,9.57135,0.353603
8.34395,9.54909,0.354558
8.45272,9.55462,0.356468
8.56988,9.56811,0.358679
8.66871,9.55979,0.360187
8.79683,9.58227,0.362776
8.8997,9.57572,0.364409
9.02747,9.59447,0.366947
9.16476,9.62142,0.369812
9.26942,9.61251,0.371471
9.39456,9.62341,0.373858
9.53916,9.65234,0.376924
9.67809,9.6735,0.379764
0,0,0
0,0,0
10.9588,10.5578,0.418313
0,0,0
0,0,0
11.0202,10.2325,0.413815
10.9907,10.0802,0.410674
11.0671,10.026,0.411176
11.0681,9.90391,0.409141
11.1301,9.83713,0.409191
11.9185,10.4044,0.433492
11.9624,10.3141,0.432838
12.0346,10.2483,0.43314
12.0537,10.1376,0.431707
4.56909,3.79422,0.185081
4.52196,3.70842,0.182794
4.54463,3.6806,0.182794
4.55542,3.64328,0.182417
4.59259,3.62703,0.182894
11.591,9.04142,0.405321
11.64,8.96524,0.40512
11.6287,8.84342,0.403034
0,0,0
0,0,0
0,0,0
0,0,0
0,0,0
0,0,0
0,0,0
0,0,0
0,0,0
75.8527,50.665,2.3288
76.1162,50.1684,2.32742
76.4117,49.6933,2.32709
76.6941,49.21,2.32647
76.9305,48.6978,2.32456
0,0,0
0,0,0
0,0,0
0,0,0
0,0,0
0,0,0
0,0,0
0,0,0
0,0,0
0,0,0
0,0,0
0,0,0
0,0,0
0,0,0
0,0,0
0,0,0
0,0,0
0,0,0
0,0,0
0,0,0
0,0,0
0,0,0
0,0,0
0,0,0
0,0,0
0,0,0
0,0,0
0,0,0
0,0,0
0,0,0
0,0,0
0,0,0
0,0,0
0,0,0
0,0,0
0,0,0
0,0,0
0,0,0
0,0,0
0,0,0
0,0,0
0,0,0
0,0,0
0,0,0
0,0,0
0,0,0
0,0,0
0,0,0
0,0,0
102.888,27.1002,2.7104
102.961,26.4448,2.70802
0,0,0
0,0,0
0,0,0
0,0,0
0,0,0
0,0,0
0,0,0
0,0,0
0,0,0
0,0,0
0,0,0
0,0,0
0,0,0
0,0,0
0,0,0
0,0,0
0,0,0
0,0,0
0,0,0
0,0,0
0,0,0
0,0,0
0,0,0
0,0,0
0,0,0
0,0,0
57.0566,4.90347,1.47536
57.1543,4.55877,1.47709
57.1902,4.20866,1.47732
57.6029,3.88383,1.4871
0,0,0
0,0,0
37.4812,1.83444,0.979116
37.2081,1.59227,0.971979
37.1772,1.36247,0.970974
37.6346,1.14806,0.982283
37.5749,0.91551,0.980624
0,0,0
0,0,0
0,0,0
0,0,0
37.5454,-0.237273,0.979619
0,0,0
37.6945,-0.70087,0.983514
37.2568,-0.921457,0.972633
37.2125,-1.14887,0.971678
36.952,-1.36783,0.96532
37.2405,-1.60738,0.972809
36.9234,-1.82075,0.965094
36.8856,-2.04583,0.96444
36.8873,-2.27304,0.964817
36.8866,-2.50028,0.965169
0,0,0
0,0,0
0,0,0
0,0,0
0,0,0
0,0,0
0,0,0
0,0,0
43.9192,-5.4249,1.14822
0,0,0
0,0,0
0,0,0
0,0,0
0,0,0
42.4521,-6.83843,1.1167
42.368,-7.09185,1.11565
42.2665,-7.34176,1.11419
0,0,0
0,0,0
0,0,0
0,0,0
0,0,0
0,0,0
0,0,0
0,0,0
42.2332,-9.76435,1.12545
0,0,0
0,0,0
43.6405,-10.9397,1.16676
43.5629,-11.2047,1.16651
0,0,0
0,0,0
0,0,0
0,0,0
0,0,0
0,0,0
0,0,0
0,0,0
0,0,0
0,0,0
0,0,0
0,0,0
43.0911,-14.8329,1.18139
0,0,0
0,0,0
0,0,0
0,0,0
0,0,0
0,0,0
0,0,0
0,0,0
0,0,0
0,0,0
0,0,0
0,0,0
0,0,0
0,0,0
0,0,0
0,0,0
0,0,0
0,0,0
0,0,0
0,0,0
0,0,0
0,0,0
0,0,0
0,0,0
0,0,0
0,0,0
0,0,0
0,0,0
0,0,0
0,0,0
0,0,0
69.0789,-40.2758,2.04589
0,0,0
0,0,0
0,0,0
71.809,-44.2639,2.15631
0,0,0
0,0,0
0,0,0
0,0,0
0,0,0
0,0,0
0,0,0
0,0,0
0,0,0
62.7779,-44.229,1.96623
0,0,0
0,0,0
60.4967,-44.3102,1.92084
59.823,-44.3834,1.9083
59.1052,-44.4157,1.89433
0,0,0
0,0,0
51.21,-39.9788,1.66894
0,0,0
55.4713,-44.4116,1.82208
0,0,0
53.9524,-44.2929,1.79054
53.3844,-44.3777,1.78089
0,0,0
51.8688,-44.2053,1.74895
51.536,-44.4705,1.74694
0,0,0
49.9965,-44.224,1.71372
49.5693,-44.3912,1.70849
49.1908,-44.5992,1.70492
0,0,0
42.6656,-39.648,1.49991
42.2533,-39.7508,1.49411
42.1172,-40.1127,1.49788
45.8579,-44.2151,1.63712
45.4083,-44.3225,1.63089
44.8582,-44.3262,1.62109
44.2772,-44.2924,1.61013
43.7265,-44.2816,1.60018
43.1943,-44.2828,1.59083
42.8316,-44.4534,1.58757
42.0962,-44.2302,1.57073
41.6693,-44.3231,1.56505
41.2176,-44.3853,1.55844
40.5992,-44.2609,1.5456
40.1604,-44.3255,1.53937
39.6503,-44.3059,1.53042
39.1195,-44.2562,1.52062
38.6283,-44.2446,1.51225
38.2562,-44.365,1.50841
37.7726,-44.3516,1.50024
37.1883,-44.2122,1.48808
33.2738,-40.055,1.34478
36.355,-44.3144,1.47667
35.8603,-44.2624,1.4678
35.4644,-44.3271,1.46282
35.0089,-44.3124,1.45541
34.6269,-44.3861,1.45093
34.1361,-44.315,1.44196
33.7298,-44.3478,1.43641
33.2914,-44.3333,1.42947
32.93,-44.4171,1.42573
32.2034,-43.9988,1.40643
31.9047,-44.1566,1.40522
31.578,-44.2742,1.40283
31.2373,-44.3699,1.39984
30.8315,-44.3695,1.39399
30.4507,-44.4003,1.38919
30.0012,-44.3256,1.38127
29.6003,-44.3168,1.37547
29.192,-44.2914,1.36926
28.851,-44.3641,1.36609
28.4238,-44.2997,1.35891
28.0927,-44.3803,1.35614
27.7441,-44.4306,1.35255
24.6036,-39.945,1.21511
24.3617,-40.1012,1.21529
26.5316,-44.2829,1.33348
26.1841,-44.3175,1.32976
25.8317,-44.3399,1.32576
25.4944,-44.3849,1.32249
25.1048,-44.3344,1.31654
24.789,-44.4099,1.3143
24.3994,-44.3492,1.30822
24.0296,-44.3188,1.30309
23.6922,-44.3437,1.29963
23.3545,-44.3644,1.29611
23.0174,-44.3826,1.29259
22.6623,-44.3619,1.28804
22.2167,-44.1563,1.27837
21.9191,-44.2389,1.27688
21.6087,-44.2935,1.27467
21.2763,-44.3,1.27118
20.9661,-44.3493,1.26894
20.6522,-44.3883,1.26648
20.3316,-44.4097,1.26359
19.9623,-44.3194,1.25768
19.6397,-44.3277,1.25457
19.3055,-44.3053,1.25067
19.0041,-44.3549,1.24881
18.6851,-44.3602,1.2458
18.3639,-44.3567,1.24261
18.0428,-44.3491,1.23936
0,0,0
0,0,0
0,0,0
0,0,0
0,0,0
0,0,0
0,0,0
0,0,0
0,0,0
0,0,0
0,0,0
0,0,0
0,0,0
0,0,0
0,0,0
0,0,0
0,0,0
0,0,0
0,0,0
0,0,0
0,0,0
0,0,0
0,0,0
0,0,0
0,0,0
0,0,0
0,0,0
0,0,0
0,0,0
0,0,0
0,0,0
0,0,0
0,0,0
0,0,0
0,0,0
0,0,0
0,0,0
0,0,0
0,0,0
0,0,0
0,0,0
0,0,0
0,0,0
0,0,0
0,0,0
0,0,0
0,0,0
0,0,0
0,0,0
0,0,0
0,0,0
0,0,0
0,0,0
0,0,0
0,0,0
0,0,0
0,0,0
0,0,0
0,0,0
0,0,0
0,0,0
0,0,0
0,0,0
0,0,0
0,0,0
0,0,0
0,0,0
0,0,0
0,0,0
0,0,0
0,0,0
0,0,0
0,0,0
0,0,0
0,0,0
0,0,0
0,0,0
0,0,0
0,0,0
0,0,0
0,0,0
0,0,0
0,0,0
0,0,0
0,0,0
0,0,0
0,0,0
0,0,0
0,0,0
0,0,0
0,0,0
0,0,0
0,0,0
0,0,0
0,0,0
0,0,0
0,0,0
0,0,0
0,0,0
0,0,0
0,0,0
0,0,0
0,0,0
0,0,0
0,0,0
0,0,0
0,0,0
0,0,0
0,0,0
0,0,0
0,0,0
0,0,0
0,0,0
0,0,0
0,0,0
0,0,0
0,0,0
0,0,0
0,0,0
0,0,0
0,0,0
0,0,0
0,0,0
0,0,0
0,0,0
0,0,0
0,0,0
0,0,0
0,0,0
0,0,0
0,0,0
0,0,0
0,0,0
0,0,0
0,0,0
0,0,0
0,0,0
0,0,0
0,0,0
0,0,0
0,0,0
0,0,0
0,0,0
0,0,0
0,0,0
0,0,0
0,0,0
0,0,0
0,0,0
0,0,0
0,0,0
0,0,0
0,0,0
0,0,0
0,0,0
0,0,0
0,0,0
0,0,0
0,0,0
0,0,0
0,0,0
0,0,0
0,0,0
0,0,0
0,0,0
0,0,0
0,0,0
0,0,0
0,0,0
0,0,0
0,0,0
0,0,0
0,0,0
0,0,0
0,0,0
0,0,0
0,0,0
0,0,0
0,0,0
0,0,0
0,0,0
0,0,0
0,0,0
0,0,0
0,0,0
0,0,0
0,0,0
0,0,0
0,0,0
0,0,0
0,0,0
0,0,0
0,0,0
0,0,0
0,0,0
0,0,0
0,0,0
0,0,0
0,0,0
0,0,0
0,0,0
0,0,0
0,0,0
0,0,0
0,0,0
0,0,0
0,0,0
0,0,0
0,0,0
0,0,0
0,0,0
0,0,0
0,0,0
0,0,0
0,0,0
0,0,0
0,0,0
0,0,0
0,0,0
0,0,0
0,0,0
0,0,0
0,0,0
0,0,0
0,0,0
0,0,0
0,0,0
0,0,0
0,0,0
0,0,0
0,0,0
0,0,0
0,0,0
0,0,0
0,0,0
0,0,0
0,0,0
0,0,0
0,0,0
0,0,0
0,0,0
0,0,0
0,0,0
0,0,0
0,0,0
0,0,0
0,0,0
0,0,0
0,0,0
0,0,0
0,0,0
0,0,0
0,0,0
0,0,0
0,0,0
0,0,0
0,0,0
0,0,0
0,0,0
0,0,0
0,0,0
0,0,0
0,0,0
0,0,0
0,0,0
0,0,0
0,0,0
0,0,0
0,0,0
0,0,0
0,0,0
0,0,0
0,0,0
0,0,0
0,0,0
0,0,0
0,0,0
0,0,0
0,0,0
0,0,0
0,0,0
0,0,0
0,0,0
0,0,0
0,0,0
0,0,0
0,0,0
0,0,0
0,0,0
0,0,0
0,0,0
0,0,0
0,0,0
0,0,0
0,0,0
0,0,0
0,0,0
0,0,0
0,0,0
0,0,0
0,0,0
0,0,0
0,0,0
0,0,0
0,0,0
0,0,0
0,0,0
0,0,0
0,0,0
0,0,0
0,0,0
0,0,0
0,0,0
0,0,0
0,0,0
0,0,0
0,0,0
0,0,0
0,0,0
0,0,0
0,0,0
0,0,0
0,0,0
0,0,0
0,0,0
0,0,0
0,0,0
0,0,0
0,0,0
0,0,0
0,0,0
0,0,0
0,0,0
0,0,0
0,0,0
0,0,0
0,0,0
0,0,0
0,0,0
0,0,0
0,0,0
0,0,0
0,0,0
0,0,0
0,0,0
0,0,0
0,0,0
0,0,0
0,0,0
0,0,0
0,0,0
0,0,0
0,0,0
0,0,0
0,0,0
0,0,0
0,0,0
0,0,0
0,0,0
0,0,0
0,0,0
0,0,0
0,0,0
0,0,0
0,0,0
0,0,0
0,0,0
0,0,0
0,0,0
0,0,0
0,0,0
0,0,0
0,0,0
0,0,0
0,0,0
0,0,0
0,0,0
0,0,0
0,0,0
0,0,0
0,0,0
0,0,0
0,0,0
0,0,0
0,0,0
0,0,0
0,0,0
0,0,0
0,0,0
0,0,0
0,0,0
0,0,0
0,0,0
0,0,0
0,0,0
0,0,0
0,0,0
0,0,0
0,0,0
0,0,0
0,0,0
0,0,0
0,0,0
0,0,0
0,0,0
0,0,0
0,0,0
0,0,0
0,0,0
0,0,0
0,0,0
0,0,0
0,0,0
0,0,0
0,0,0
0,0,0
0,0,0
0,0,0
0,0,0
0,0,0
0,0,0
0,0,0
0,0,0
0,0,0
0,0,0
0,0,0
0,0,0
0,0,0
0,0,0
0,0,0
0,0,0
0,0,0
0,0,0
0,0,0
0,0,0
0,0,0
0,0,0
0,0,0
0,0,0
0,0,0
0,0,0
0,0,0
0,0,0
0,0,0
0,0,0
0,0,0
0,0,0
0,0,0
0,0,0
0,0,0
0,0,0
0,0,0
0,0,0
0,0,0
0,0,0
0,0,0
0,0,0
0,0,0
0,0,0
0,0,0
0,0,0
0,0,0
0,0,0
0,0,0
0,0,0
0,0,0
0,0,0
0,0,0
0,0,0
0,0,0
0,0,0
0,0,0
0,0,0
0,0,0
0,0,0
0,0,0
0,0,0
0,0,0
0,0,0
0,0,0
0,0,0
0,0,0
0,0,0
0,0,0
0,0,0
0,0,0
0,0,0
0,0,0
0,0,0
0,0,0
0,0,0
0,0,0
0,0,0
0,0,0
0,0,0
0,0,0
0,0,0
0,0,0
0,0,0
0,0,0
0,0,0
0,0,0
0,0,0
0,0,0
0,0,0
0,0,0
0,0,0
0,0,0
0,0,0
0,0,0
0,0,0
0,0,0
0,0,0
0,0,0
0,0,0
0,0,0
0,0,0
0,0,0
0,0,0
0,0,0
0,0,0
0,0,0
0,0,0
0,0,0
0,0,0
0,0,0
0,0,0
0,0,0
0,0,0
0,0,0
0,0,0
0,0,0
0,0,0
0,0,0
0,0,0
0,0,0
0,0,0
0,0,0
0,0,0
0,0,0
0,0,0
0,0,0
0,0,0
0,0,0
0,0,0
0,0,0
0,0,0
0,0,0
0,0,0
0,0,0
0,0,0
0,0,0
0,0,0
0,0,0
0,0,0
0,0,0
0,0,0
0,0,0
0,0,0
0,0,0
0,0,0
0,0,0
0,0,0
0,0,0
0,0,0
0,0,0
0,0,0
0,0,0
0,0,0
0,0,0
0,0,0
0,0,0
0,0,0
0,0,0
0,0,0
0,0,0
0,0,0
0,0,0
0,0,0
0,0,0
0,0,0
0,0,0
0,0,0
0,0,0
0,0,0
0,0,0
0,0,0
0,0,0
0,0,0
0,0,0
0,0,0
0,0,0
0,0,0
0,0,0
0.918448,4.09389,0.0901675
0.9431,4.08623,0.0901417
0.966539,4.07355,0.0900513
0.992937,4.07337,0.0901288
1.02228,4.08466,0.0903613
1.05454,4.1064,0.0907358
1.08507,4.12016,0.091007
1.11398,4.12694,0.0911878
1.14434,4.13833,0.0914332
1.17326,4.14374,0.0916011
1.20423,4.15567,0.0918594
1.23596,4.16929,0.0921435
1.26906,4.18651,0.0924793
1.29769,4.1882,0.0926085
1.33181,4.20685,0.0929701
0,0,0
0,0,0
0,0,0
0,0,0
0,0,0
0,0,0
0,0,0
0,0,0
0,0,0
0,0,0
0,0,0
0,0,0
0,0,0
0,0,0
0,0,0
0,0,0
0,0,0
0,0,0
0,0,0
32.0827,70.0656,1.03132
4.64608,9.98508,0.178223
0,0,0
33.9714,70.7214,1.04934
4.83216,9.90416,0.178313
4.67218,9.42904,0.171894
0,0,0
0,0,0
4.84494,9.34144,0.171894
0,0,0
0,0,0
0,0,0
0,0,0
2.23689,4.0076,0.0952561
2.23631,3.94943,0.0945974
2.25403,3.92436,0.0944295
2.28008,3.91391,0.0944812
2.27811,3.85594,0.0938225
2.30069,3.84018,0.0937967
2.31798,3.81573,0.0936417
2.36076,3.83294,0.0941195
2.41601,3.86927,0.0948944
2.47661,3.91266,0.0957856
7.41867,11.5613,0.213403
7.5429,11.5977,0.214669
7.61832,11.5579,0.214772
7.68632,11.5068,0.214708
7.82124,11.5546,0.216193
7.94063,11.5774,0.217304
6.72243,9.67355,0.188128
6.80411,9.66401,0.188632
6.89754,9.6701,0.189394
6.9913,9.67542,0.190156
7.09188,9.68882,0.19106
7.19229,9.70054,0.191951
7.30932,9.73298,0.193191
7.4022,9.73172,0.193901
7.63203,9.90712,0.197505
7.66623,9.8262,0.196949
7.7115,9.76015,0.196639
7.8131,9.76496,0.197505
7.90749,9.75956,0.198215
7.99513,9.74487,0.198783
8.10717,9.7587,0.199842
8.20359,9.75239,0.200579
8.30153,9.74678,0.201341
8.32852,9.65779,0.200695
8.36198,9.57714,0.200191
8.45237,9.56161,0.200811
8.55623,9.56023,0.201689
8.67851,9.57794,0.202916
8.78917,9.58124,0.203911
8.90767,9.59161,0.205047
9.03074,9.60525,0.206261
9.14673,9.60977,0.207333
9.25895,9.60891,0.208328
9.40711,9.64353,0.209981
9.52372,9.64397,0.21104
9.64068,9.64333,0.212099
10.2317,10.1097,0.221759
10.2764,10.0299,0.221449
10.9007,10.5094,0.231549
10.8085,10.2934,0.228759
10.948,10.2988,0.230115
0,0,0
11.0212,10.1157,0.229198
11.0505,10.0183,0.22863
11.0611,9.90495,0.227752
11.1411,9.85412,0.228088
11.8784,10.377,0.239698
11.9153,10.281,0.239246
11.928,10.1649,0.238394
11.9687,10.0735,0.238032
12.0287,9.9986,0.238006
4.5945,3.77195,0.112756
4.57173,3.70654,0.111994
4.59049,3.67529,0.111929
4.68277,3.70224,0.113079
11.6007,9.05579,0.22606
11.6402,8.97223,0.225802
11.6425,8.86067,0.224949
0,0,0
0,0,0
0,0,0
0,0,0
0,0,0
0,0,0
0,0,0
0,0,0
0,0,0
0,0,0
0,0,0
76.2614,49.6258,1.21117
0,0,0
0,0,0
0,0,0
0,0,0
0,0,0
0,0,0
0,0,0
0,0,0
0,0,0
0,0,0
0,0,0
0,0,0
0,0,0
0,0,0
0,0,0
0,0,0
0,0,0
0,0,0
0,0,0
0,0,0
0,0,0
0,0,0
0,0,0
0,0,0
0,0,0
41.2262,18.2801,0.618459
0,0,0
0,0,0
0,0,0
0,0,0
0,0,0
0,0,0
0,0,0
39.843,15.3745,0.587579
39.7309,15.0518,0.584738
39.799,14.7991,0.584415
39.7472,14.5028,0.582464
39.891,14.2786,0.583226
39.9769,14.0332,0.583214
39.8581,13.7173,0.580424
38.4483,12.9689,0.56007
40.4715,13.3753,0.58652
40.7888,13.2031,0.589723
39.9778,12.6701,0.577647
40.0156,12.4124,0.577118
40.0451,12.1527,0.576498
40.3307,11.9696,0.579352
47.1132,13.6685,0.66959
40.3784,11.4466,0.57806
0,0,0
0,0,0
46.1475,12.1689,0.6524
46.1168,11.8586,0.651005
46.211,11.581,0.651302
0,0,0
46.1307,10.961,0.648396
0,0,0
0,0,0
44.1148,9.62781,0.619182
0,0,0
0,0,0
0,0,0
0,0,0
0,0,0
0,0,0
0,0,0
39.8329,6.66501,0.557616
38.8631,6.25787,0.544404
38.8573,6.01256,0.543835
39.7935,5.90764,0.555588
39.8538,5.66688,0.555911
40.191,5.46344,0.559863
40.1375,5.20555,0.558739
40.2927,4.97448,0.560354
37.7572,4.42645,0.526994
37.8413,4.20109,0.527743
37.8853,3.9708,0.527989
37.9279,3.74013,0.528234
37.9571,3.50799,0.528324
38.0078,3.2776,0.528712
37.9982,3.04201,0.528337
37.8945,2.79981,0.526762
37.3763,2.53104,0.519839
37.2115,2.2906,0.517515
37.1939,2.06051,0.517114
37.1349,1.82877,0.516197
37.1194,1.59976,0.515861
37.0976,1.37082,0.515461
37.1713,1.1452,0.516313
37.1306,0.915944,0.515706
37.1825,0.688968,0.516313
37.183,0.46077,0.516275
37.2352,0.232923,0.51692
37.2289,0.00444722,0.51683
37.1802,-0.223696,0.51621
37.1532,-0.451521,0.515887
36.9897,-0.676553,0.513821
36.9079,-0.901624,0.512826
36.9397,-1.12923,0.513317
36.9021,-1.35477,0.51293
36.8751,-1.5804,0.512697
36.8717,-1.80697,0.512788
36.8589,-2.03312,0.512775
36.8866,-2.26175,0.513304
36.901,-2.49,0.513679
36.9279,-2.71953,0.514234
36.9424,-2.94861,0.514647
36.9117,-3.1742,0.514492
36.9134,-3.40265,0.514777
36.9864,-3.63838,0.516003
36.9643,-3.86536,0.516016
37.0642,-4.10586,0.517631
37.1793,-4.3497,0.519465
0,0,0
0,0,0
0,0,0
37.1633,-5.27529,0.520795
38.696,-5.73531,0.54124
0,0,0
0,0,0
37.3915,-6.24737,0.525625
37.1032,-6.43346,0.522358
37.0217,-6.65357,0.521815
37.6457,-7.00444,0.530559
36.9412,-7.10814,0.521867
37.502,-7.45497,0.529836
40.6086,-8.33189,0.571409
40.3542,-8.53806,0.568736
37.6789,-8.21385,0.534072
37.6736,-8.45518,0.534679
37.3765,-8.62972,0.531437
37.7062,-8.94988,0.536526
36.9948,-9.02117,0.527808
39.3278,-9.84614,0.559618
39.2347,-10.0791,0.559191
37.3514,-9.83994,0.534872
37.2372,-10.0546,0.534162
37.171,-10.2818,0.53411
37.442,-10.6045,0.538605
37.3599,-10.8293,0.538385
38.0414,-11.2804,0.548472
37.7629,-11.4503,0.545657
37.7636,-11.704,0.546625
37.7044,-11.9398,0.546806
37.7579,-12.2121,0.548537
39.755,-13.1281,0.57673
0,0,0
39.7138,-13.6572,0.578409
39.6378,-13.9036,0.578525
37.7647,-13.5074,0.554013
37.606,-13.7114,0.552979
37.6421,-13.9869,0.554645
0,0,0
37.6878,-14.5326,0.557693
37.4499,-14.7055,0.55564
37.7619,-15.0961,0.561245
37.7112,-15.3449,0.561839
37.6015,-15.5698,0.561632
37.591,-15.8364,0.562834
37.3764,-16.0167,0.561193
39.1822,-17.0759,0.588031
37.1075,-16.4434,0.560212
37.0169,-16.6757,0.560367
38.8467,-17.7875,0.587824
38.7858,-18.0483,0.588522
38.6852,-18.2911,0.588677
37.076,-17.8094,0.567238
36.8699,-17.9897,0.565856
37.9997,-18.8305,0.583743
0,0,0
36.9082,-18.8573,0.571306
0,0,0
37.1262,-19.5468,0.577905
37.4703,-20.0226,0.584712
37.0611,-20.0972,0.580514
37.178,-20.4568,0.584066
37.2124,-20.7742,0.586442
37.0921,-21.0066,0.586559
37.6275,-21.6158,0.596464
37.6108,-21.9143,0.598208
37.0357,-21.8847,0.591608
37.0826,-22.2205,0.594346
36.943,-22.446,0.594308
37.6789,-23.2109,0.607571
37.233,-23.2526,0.602961
36.9688,-23.4041,0.601114
0,0,0
37.0426,-24.0926,0.606719
36.879,-24.3096,0.606486
37.4068,-24.9881,0.617012
0,0,0
0,0,0
54.1039,-37.6005,0.886976
0,0,0
0,0,0
51.2711,-37.0497,0.85301
0,0,0
51.0206,-37.8304,0.856355
0,0,0
49.4806,-37.6382,0.838958
49.1893,-37.8953,0.837989
49.0836,-38.2961,0.840082
0,0,0
48.5615,-38.8568,0.839281
48.2585,-39.1024,0.838222
47.8754,-39.2811,0.835845
47.3389,-39.3294,0.830899
47.0883,-39.612,0.830757
46.4843,-39.5935,0.824648
0,0,0
44.0976,-38.5043,0.792115
0,0,0
42.7799,-38.289,0.777521
42.2218,-38.2587,0.771903
42.0533,-38.5785,0.773078
41.7191,-38.746,0.771373
40.9196,-38.4739,0.761429
40.619,-38.6636,0.760292
40.2421,-38.7782,0.7578
0,0,0
0,0,0
0,0,0
0,0,0
38.0782,-39.0154,0.740132
0,0,0
0,0,0
36.4452,-38.7439,0.723006
35.8379,-38.5698,0.716006
35.7067,-38.9046,0.718034
35.1953,-38.8229,0.712803
34.865,-38.9361,0.711034
34.2532,-38.7284,0.703776
34.0735,-39.0048,0.704925
33.6081,-38.952,0.70047
32.875,-38.5783,0.690641
32.666,-38.8129,0.691209
32.346,-38.915,0.689569
31.8694,-38.8237,0.684739
31.5147,-38.8756,0.682363
30.6713,-38.3134,0.669874
30.4393,-38.5055,0.669951
30.181,-38.664,0.669499
29.9584,-38.8683,0.669822
0,0,0
29.3428,-39.0515,0.66689
29.1855,-39.3424,0.668685
28.8023,-39.328,0.665599
28.5546,-39.4959,0.66547
28.3367,-39.7053,0.666025
28.1317,-39.934,0.666903
27.929,-40.1675,0.667872
27.7352,-40.4156,0.669086
27.4491,-40.5295,0.668221
27.0204,-40.4287,0.664049
26.7388,-40.5436,0.663274
26.3319,-40.4647,0.659542
25.8941,-40.331,0.655021
25.0549,-39.5557,0.64075
24.7709,-39.6434,0.639756
24.4076,-39.6006,0.636811
24.0073,-39.4916,0.632911
23.7049,-39.5386,0.631413
23.4221,-39.6162,0.630405
23.0789,-39.5881,0.627848
22.8869,-39.8183,0.629178
22.6396,-39.9536,0.629114
22.5321,-40.3388,0.632769
22.327,-40.5543,0.633918
0,0,0
0,0,0
21.1336,-40.1171,0.621636
20.449,-39.402,0.609354
20.5491,-40.1962,0.619066
20.1919,-40.1027,0.615902
19.9179,-40.1703,0.615101
19.5777,-40.1004,0.61235
19.3022,-40.1594,0.611485
18.9981,-40.1559,0.609754
18.675,-40.1077,0.607416
18.4002,-40.1597,0.606538
18.0737,-40.095,0.604033
17.8047,-40.154,0.603309
17.526,-40.1891,0.602276
17.268,-40.2702,0.601915
16.8855,-40.0547,0.59742
16.7255,-40.3654,0.600326
16.3742,-40.2135,0.596787
0,0,0
0,0,0
15.4397,-40.0118,0.589916
15.1946,-40.1077,0.589942
0,0,0
0,0,0
0,0,0
0,0,0
0,0,0
0,0,0
0,0,0
0,0,0
0,0,0
0,0,0
0,0,0
0,0,0
0,0,0
0,0,0
0,0,0
0,0,0
0,0,0
0,0,0
0,0,0
0,0,0
0,0,0
0,0,0
0,0,0
0,0,0
0,0,0
0,0,0
0,0,0
0,0,0
0,0,0
0,0,0
0,0,0
0,0,0
0,0,0
0,0,0
0,0,0
0,0,0
0,0,0
0,0,0
0,0,0
0,0,0
0,0,0
0,0,0
0,0,0
0,0,0
0,0,0
0,0,0
0,0,0
0,0,0
0,0,0
0,0,0
0,0,0
0,0,0
0,0,0
0,0,0
0,0,0
0,0,0
0,0,0
0,0,0
0,0,0
0,0,0
0,0,0
0,0,0
0,0,0
0,0,0
0,0,0
0,0,0
0,0,0
0,0,0
0,0,0
0,0,0
0,0,0
0,0,0
0,0,0
0,0,0
0,0,0
0,0,0
0,0,0
0,0,0
0,0,0
0,0,0
0,0,0
0,0,0
0,0,0
0,0,0
0,0,0
0,0,0
0,0,0
0,0,0
0,0,0
0,0,0
0,0,0
0,0,0
0,0,0
0,0,0
0,0,0
0,0,0
0,0,0
0,0,0
0,0,0
0,0,0
0,0,0
0,0,0
0,0,0
0,0,0
0,0,0
0,0,0
0,0,0
0,0,0
0,0,0
0,0,0
0,0,0
0,0,0
0,0,0
0,0,0
0,0,0
0,0,0
0,0,0
0,0,0
0,0,0
0,0,0
0,0,0
0,0,0
0,0,0
0,0,0
0,0,0
0,0,0
0,0,0
0,0,0
0,0,0
0,0,0
0,0,0
0,0,0
0,0,0
0,0,0
0,0,0
0,0,0
0,0,0
0,0,0
0,0,0
0,0,0
0,0,0
0,0,0
0,0,0
0,0,0
0,0,0
0,0,0
0,0,0
0,0,0
0,0,0
0,0,0
0,0,0
0,0,0
0,0,0
0,0,0
0,0,0
0,0,0
0,0,0
0,0,0
0,0,0
0,0,0
0,0,0
0,0,0
0,0,0
0,0,0
0,0,0
0,0,0
0,0,0
0,0,0
0,0,0
0,0,0
0,0,0
0,0,0
0,0,0
0,0,0
0,0,0
0,0,0
0,0,0
0,0,0
0,0,0
0,0,0
0,0,0
0,0,0
0,0,0
0,0,0
0,0,0
0,0,0
0,0,0
0,0,0
0,0,0
0,0,0
0,0,0
0,0,0
0,0,0
0,0,0
0,0,0
0,0,0
0,0,0
0,0,0
0,0,0
0,0,0
0,0,0
0,0,0
0,0,0
0,0,0
0,0,0
0,0,0
0,0,0
0,0,0
0,0,0
0,0,0
0,0,0
0,0,0
0,0,0
0,0,0
0,0,0
0,0,0
0,0,0
0,0,0
0,0,0
0,0,0
0,0,0
0,0,0
0,0,0
0,0,0
0,0,0
0,0,0
0,0,0
0,0,0
0,0,0
0,0,0
0,0,0
0,0,0
0,0,0
0,0,0
0,0,0
0,0,0
0,0,0
0,0,0
0,0,0
0,0,0
0,0,0
0,0,0
0,0,0
0,0,0
0,0,0
0,0,0
0,0,0
0,0,0
0,0,0
0,0,0
0,0,0
0,0,0
0,0,0
0,0,0
0,0,0
0,0,0
0,0,0
0,0,0
0,0,0
0,0,0
0,0,0
0,0,0
0,0,0
0,0,0
0,0,0
0,0,0
0,0,0
0,0,0
0,0,0
0,0,0
0,0,0
0,0,0
0,0,0
0,0,0
0,0,0
0,0,0
0,0,0
0,0,0
0,0,0
0,0,0
0,0,0
0,0,0
0,0,0
0,0,0
0,0,0
0,0,0
0,0,0
0,0,0
0,0,0
0,0,0
0,0,0
0,0,0
0,0,0
0,0,0
0,0,0
0,0,0
0,0,0
0,0,0
0,0,0
0,0,0
0,0,0
0,0,0
0,0,0
0,0,0
0,0,0
0,0,0
0,0,0
0,0,0
0,0,0
0,0,0
0,0,0
0,0,0
0,0,0
0,0,0
0,0,0
0,0,0
0,0,0
0,0,0
0,0,0
0,0,0
0,0,0
0,0,0
0,0,0
0,0,0
0,0,0
0,0,0
0,0,0
0,0,0
0,0,0
0,0,0
0,0,0
0,0,0
0,0,0
0,0,0
0,0,0
0,0,0
0,0,0
0,0,0
0,0,0
0,0,0
0,0,0
0,0,0
0,0,0
0,0,0
0,0,0
0,0,0
0,0,0
0,0,0
0,0,0
0,0,0
0,0,0
0,0,0
0,0,0
0,0,0
0,0,0
0,0,0
0,0,0
0,0,0
0,0,0
0,0,0
0,0,0
0,0,0
0,0,0
0,0,0
0,0,0
0,0,0
0,0,0
0,0,0
0,0,0
0,0,0
0,0,0
0,0,0
0,0,0
0,0,0
0,0,0
0,0,0
0,0,0
0,0,0
0,0,0
0,0,0
0,0,0
0,0,0
0,0,0
0,0,0
0,0,0
0,0,0
0,0,0
0,0,0
0,0,0
0,0,0
0,0,0
0,0,0
0,0,0
0,0,0
0,0,0
0,0,0
0,0,0
0,0,0
0,0,0
0,0,0
0,0,0
0,0,0
0,0,0
0,0,0
0,0,0
0,0,0
0,0,0
0,0,0
0,0,0
0,0,0
0,0,0
0,0,0
0,0,0
0,0,0
0,0,0
0,0,0
0,0,0
0,0,0
0,0,0
0,0,0
0,0,0
0,0,0
0,0,0
0,0,0
0,0,0
0,0,0
0,0,0
0,0,0
0,0,0
0,0,0
0,0,0
0,0,0
0,0,0
0,0,0
0,0,0
0,0,0
0,0,0
0,0,0
0,0,0
0,0,0
0,0,0
0,0,0
0,0,0
0,0,0
0,0,0
0,0,0
0,0,0
0,0,0
0,0,0
0,0,0
0,0,0
0,0,0
0,0,0
0,0,0
0,0,0
0,0,0
0,0,0
0,0,0
0,0,0
0,0,0
0,0,0
0,0,0
0,0,0
0,0,0
0,0,0
0,0,0
0,0,0
0,0,0
0,0,0
0,0,0
0,0,0
0,0,0
0,0,0
0,0,0
0,0,0
0,0,0
0,0,0
0,0,0
0,0,0
0,0,0
0,0,0
0,0,0
0,0,0
0,0,0
0,0,0
0,0,0
0,0,0
0,0,0
0,0,0
0,0,0
0,0,0
0,0,0
0,0,0
0,0,0
0,0,0
0,0,0
0,0,0
0,0,0
0,0,0
0,0,0
0,0,0
0,0,0
0,0,0
0,0,0
0,0,0
0,0,0
0,0,0
0,0,0
0,0,0
0,0,0
0,0,0
0,0,0
0,0,0
0,0,0
0,0,0
0,0,0
0,0,0
0,0,0
0,0,0
0,0,0
0,0,0
0,0,0
0,0,0
0,0,0
0,0,0
0,0,0
0,0,0
0,0,0
0,0,0
0,0,0
0,0,0
0,0,0
0,0,0
0,0,0
0,0,0
0,0,0
0,0,0
0,0,0
0,0,0
0,0,0
0,0,0
0,0,0
0,0,0
0,0,0
0,0,0
0,0,0
0,0,0
0,0,0
0,0,0
0,0,0
0,0,0
0,0,0
0,0,0
0,0,0
0,0,0
0,0,0
0,0,0
0,0,0
0,0,0
0,0,0
0,0,0
0,0,0
0,0,0
0,0,0
0,0,0
0,0,0
0,0,0
0,0,0
0,0,0
0,0,0
0,0,0
0,0,0
0,0,0
0,0,0
0,0,0
0,0,0
0,0,0
0,0,0
0,0,0
0,0,0
0,0,0
0,0,0
0,0,0
0,0,0
0,0,0
0,0,0
0,0,0
0,0,0
0,0,0
0,0,0
0,0,0
0,0,0
0,0,0
0,0,0
0,0,0
0,0,0
0,0,0
0,0,0
0,0,0
0,0,0
0,0,0
0,0,0
0,0,0
0,0,0
0,0,0
0,0,0
0,0,0
0,0,0
0,0,0
0,0,0
0.512299,3.438,0.0385957
0.533078,3.43281,0.0385943
0.553813,3.4275,0.0385929
0,0,0
0,0,0
0,0,0
0,0,0
0,0,0
0,0,0
0,0,0
0,0,0
0.90329,4.12931,0.03912
0.922906,4.09833,0.0391018
0.946683,4.08674,0.0390976
0.970352,4.07502,0.0390934
0.995338,4.06899,0.0390934
1.02394,4.07735,0.0391039
1.05541,4.09617,0.0391221
1.08691,4.11379,0.0391395
1.11605,4.12153,0.03915
1.14452,4.12616,0.0391584
1.175,4.13734,0.0391716
1.20092,4.13198,0.039173
1.23622,4.15808,0.0391975
1.27246,4.18582,0.0392233
1.30553,4.20181,0.0392407
1.33401,4.2023,0.039247
0,0,0
0,0,0
0,0,0
0,0,0
0,0,0
0,0,0
0,0,0
0,0,0
0,0,0
0,0,0
0,0,0
0,0,0
0,0,0
29.8153,71.911,0.0905164
0,0,0
0,0,0
0,0,0
0,0,0
0,0,0
0,0,0
4.63109,9.93787,0.0438233
0,0,0
34.6856,72.1239,0.0920411
4.79875,9.82129,0.0438002
4.70871,9.48888,0.0435643
4.76819,9.46248,0.0435664
0,0,0
4.87197,9.38018,0.0435482
0,0,0
2.09528,3.91446,0.0392687
2.10161,3.86901,0.0392428
2.12579,3.85692,0.0392435
2.15771,3.85864,0.0392554
2.18875,3.85838,0.0392659
2.2378,3.88909,0.0393015
2.2591,3.87097,0.039298
2.29554,3.87855,0.0393154
2.31107,3.85067,0.0393043
2.36011,3.87828,0.0393385
2.39016,3.87394,0.0393469
2.42555,3.87786,0.0393622
2.46589,3.88909,0.0393839
2.50376,3.89576,0.039402
2.53744,3.89541,0.0394146
7.61205,11.5346,0.0458171
7.72992,11.5584,0.0458765
7.8237,11.5447,0.0459051
6.67069,9.71409,0.0443957
6.70619,9.63849,0.0443664
6.78997,9.63231,0.0443964
6.88381,9.6393,0.0444383
6.97448,9.64063,0.044476
7.07428,9.65332,0.0445242
7.18523,9.67959,0.0445849
7.28414,9.68808,0.044631
7.41917,9.74265,0.0447183
7.59728,9.85058,0.0448537
7.65019,9.79432,0.0448453
7.71758,9.75661,0.0448537
7.81981,9.76214,0.0449012
7.90035,9.73961,0.0449242
7.98916,9.7265,0.0449563
8.11774,9.76034,0.0450317
8.20775,9.7463,0.0450646
8.30697,9.74217,0.0451071
8.35679,9.67966,0.0450967
8.36601,9.57098,0.0450436
8.45043,9.54867,0.0450708
8.56023,9.554,0.0451246
8.66908,9.55684,0.045177
8.78302,9.56387,0.0452342
8.90145,9.57425,0.0452956
9.03747,9.60175,0.0453745
9.14795,9.60042,0.0454269
9.26152,9.60097,0.045482
9.39291,9.61837,0.0455546
9.53049,9.64021,0.0456328
9.6418,9.63386,0.0456845
10.2402,10.107,0.0462137
10.2999,10.0419,0.0462116
10.4189,10.034,0.0462674
10.7679,10.2436,0.0465446
10.6549,10.0122,0.0463764
10.9133,10.1297,0.0465641
10.9907,10.0767,0.0465788
11.0509,10.0078,0.0465774
11.0703,9.90243,0.0465383
11.1496,9.85088,0.0465558
11.4765,10.0151,0.0468029
4.44376,3.82915,0.0402642
4.46184,3.79728,0.0402593
4.48583,3.77047,0.04026
4.51042,3.74415,0.0402614
4.55727,3.73607,0.0402831
4.58788,3.71433,0.04029
4.63402,3.70484,0.040311
4.67314,3.68936,0.0403256
4.69254,3.65815,0.0403229
4.72599,3.63783,0.0403326
4.76732,3.62329,0.0403494
4.80146,3.60298,0.0403599
0,0,0
0,0,0
0,0,0
64.8025,46.2031,0.0917312
0,0,0
0,0,0
0,0,0
0,0,0
0,0,0
0,0,0
0,0,0
0,0,0
68.7411,43.4969,0.0929599
0,0,0
0,0,0
0,0,0
0,0,0
0,0,0
38.2291,22.2625,0.0670536
39.1394,22.4722,0.067677
0,0,0
0,0,0
0,0,0
0,0,0
0,0,0
38.01,20.0007,0.0661544
38.1524,19.7777,0.0661705
37.3985,19.0966,0.0654849
37.489,18.8537,0.0654647
0,0,0
37.5081,18.2901,0.065302
37.5448,18.0237,0.0652441
37.9422,17.9289,0.0654661
37.2101,17.3044,0.0648182
37.3128,17.0745,0.0648161
37.3458,16.8132,0.0647616
37.4766,16.5963,0.0647833
37.3283,16.2574,0.0645934
37.3787,16.0072,0.0645564
37.3794,15.7368,0.0644831
37.5621,15.5431,0.0645487
37.5678,15.2762,0.0644817
37.5021,14.9819,0.0643623
37.2824,14.6295,0.0641291
37.8184,14.5727,0.0644635
37.6312,14.236,0.0642576
37.2529,13.8322,0.0639113
37.2816,13.5831,0.0638701
37.3473,13.3481,0.0638576
37.403,13.1097,0.0638387
37.3636,12.839,0.0637508
37.5137,12.6338,0.0638038
37.4072,12.3429,0.0636691
37.3823,12.0808,0.0635958
37.348,11.8171,0.0635169
37.2785,11.544,0.0634136
38.0147,11.5168,0.0638995
38.0089,11.2609,0.0638443
38.035,11.0153,0.0638136
37.7131,10.6717,0.0635315
37.59,10.3881,0.0633954
37.3672,10.0802,0.0631888
0,0,0
37.243,9.55795,0.0630121
37.2641,9.32002,0.0629856
37.6976,9.18304,0.0632565
37.5625,8.90634,0.0631196
37.9565,8.75413,0.0633633
39.6361,8.88578,0.0645271
37.17,8.09362,0.0627266
37.1876,7.85878,0.0627043
37.1293,7.60877,0.0626289
37.2626,7.39814,0.062691
37.3152,7.17087,0.0626966
37.4067,6.95073,0.0627308
37.4466,6.72072,0.0627294
37.4546,6.4852,0.0627063
37.4661,6.25065,0.0626868
37.3399,5.99433,0.0625709
37.3799,5.76571,0.0625737
37.4947,5.5481,0.0626303
37.3508,5.29282,0.0625053
37.3142,5.05427,0.0624571
37.3792,4.82971,0.0624815
37.2811,4.58463,0.0623922
37.3056,4.35545,0.0623901
37.2789,4.12064,0.0623531
37.1046,3.87106,0.0622135
37.4929,3.67917,0.0624697
37.456,3.44365,0.0624285
37.5063,3.21632,0.0624494
37.4914,2.98343,0.0624257
37.3794,2.74381,0.0623349
37.2488,2.50454,0.0622323
37.1148,2.26685,0.0621283
37.126,2.03896,0.0621269
37.1108,1.80981,0.062108
37.0553,1.57925,0.062062
37.0593,1.35167,0.0620585
37.0549,1.12389,0.0620501
37.0751,0.896845,0.0620599
37.0689,0.66914,0.0620522
37.0823,0.441797,0.0620592
37.1033,0.214366,0.0620724
37.0659,-0.0132874,0.0620459
37.0542,-0.240648,0.0620382
37.031,-0.467739,0.0620236
36.9364,-0.693244,0.06196
36.9695,-0.920813,0.0619866
36.9651,-1.1477,0.061988
36.9664,-1.37483,0.0619943
36.9692,-1.60214,0.0620026
36.9587,-1.82895,0.0620026
36.9498,-2.05586,0.0620047
36.9355,-2.28247,0.062004
36.9318,-2.50981,0.0620117
36.9117,-2.73608,0.0620089
36.9002,-2.96299,0.0620131
36.8773,-3.189,0.0620103
36.8849,-3.4178,0.0620299
36.8692,-3.64465,0.062034
37.0063,-3.88762,0.0621464
36.9996,-4.11661,0.062159
36.9141,-4.33656,0.0621171
36.8898,-4.56334,0.0621192
36.8274,-4.78523,0.0620955
36.828,-5.01529,0.0621171
36.8035,-5.24215,0.062122
36.8329,-5.47714,0.062166
36.8224,-5.70672,0.0621827
36.838,-5.94082,0.062219
36.8511,-6.17517,0.0622547
36.8569,-6.40888,0.0622861
36.8326,-6.63774,0.0622972
36.8138,-6.86784,0.0623133
36.8142,-7.10193,0.062344
36.8121,-7.33608,0.062374
35.6066,-7.32333,0.0615474
36.7614,-7.79619,0.0624041
36.2722,-7.92535,0.0620892
36.7468,-8.26559,0.0624641
36.7617,-8.50624,0.0625116
36.1941,-8.60925,0.0621423
35.6345,-8.70751,0.0617785
35.6076,-8.93281,0.0617981
35.5879,-9.16035,0.0618239
35.9603,-9.49184,0.0621339
35.6273,-9.63815,0.0619356
35.7255,-9.90037,0.0620501
35.7151,-10.1339,0.0620871
35.5677,-10.3283,0.0620257
35.8238,-10.6414,0.0622588
35.2852,-10.7175,0.061914
35.2713,-10.9501,0.0619524
35.2235,-11.1726,0.061967
35.3474,-11.4511,0.0621087
35.3562,-11.6942,0.0621674
35.3709,-11.9403,0.0622316
35.3216,-12.1656,0.0622498
35.2104,-12.3695,0.0622232
35.1395,-12.5873,0.0622274
35.0757,-12.8078,0.0622379
35.0827,-13.0549,0.0623021
35.0917,-13.304,0.0623691
35.0887,-13.5496,0.0624285
35.043,-13.7797,0.0624571
34.9746,-14.0011,0.0624697
34.9371,-14.2355,0.0625067
34.9248,-14.481,0.0625639
34.8786,-14.7133,0.0625967
34.8593,-14.9578,0.0626512
34.7981,-15.185,0.0626749
34.7893,-15.4359,0.0627399
34.7659,-15.6816,0.062795
34.7499,-15.9317,0.0628571
34.7268,-16.1796,0.0629151
34.7651,-16.4579,0.0630219
34.7347,-16.7051,0.0630771
34.7519,-16.9768,0.0631706
34.6856,-17.2088,0.0632006
34.6678,-17.4658,0.0632697
32.5986,-16.675,0.0617318
32.4567,-16.8544,0.061701
31.7051,-16.712,0.06119
31.2977,-16.7435,0.0609492
31.0731,-16.8694,0.0608528
30.5223,-16.8136,0.0604968
30.223,-16.8913,0.0603404
29.8926,-16.9482,0.0601589
29.3286,-16.8671,0.0597889
29.1451,-17.0004,0.0597246
28.6357,-16.9396,0.0593965
28.1968,-16.9144,0.0591242
27.8336,-16.9297,0.0589127
27.633,-17.0408,0.0588338
27.2057,-17.0086,0.0585685
26.8398,-17.0098,0.0583528
26.4346,-16.9812,0.0581036
26.1933,-17.0542,0.0579898
25.9771,-17.1413,0.0578969
25.2439,-16.8808,0.0573698
25.0976,-17.0067,0.0573342
24.6828,-16.9476,0.0570717
24.6383,-17.1404,0.0571227
24.2964,-17.1248,0.0569209
24.1632,-17.2538,0.0568972
23.9159,-17.2997,0.0567757
23.7496,-17.4024,0.0567241
23.6351,-17.5424,0.0567178
23.0666,-17.341,0.0563156
22.9542,-17.478,0.0563108
22.4728,-17.3303,0.0559812
22.6986,-17.7276,0.0562759
22.3039,-17.6407,0.0560217
22.0735,-17.6797,0.0559128
21.7603,-17.6492,0.0557292
21.6145,-17.7519,0.0556957
20.8839,-17.3676,0.0551316
20.8213,-17.5328,0.0551721
20.9158,-17.8328,0.0553578
19.94,-17.2133,0.0545591
19.9055,-17.3978,0.0546255
19.9789,-17.6793,0.0547937
19.7017,-17.6508,0.0546359
19.5797,-17.7592,0.0546234
19.4446,-17.8554,0.0545989
18.8688,-17.5413,0.0541549
19.4599,-18.3147,0.0548251
19.4949,-18.5744,0.0549676
18.5722,-17.9141,0.0541836
18.5214,-18.0857,0.0542415
17.93,-17.7245,0.0537703
18.3242,-18.3378,0.0542673
17.7371,-17.9695,0.0537961
18.502,-18.9758,0.0546715
17.7678,-18.448,0.0540502
17.6915,-18.5958,0.0540879
18.1585,-19.3227,0.0546806
18.0117,-19.4037,0.054652
17.4158,-18.9942,0.0541598
17.642,-19.4795,0.0545166
17.4414,-19.4972,0.0544321
17.242,-19.5139,0.0543483
17.0358,-19.5206,0.0542569
17.5027,-20.3057,0.0548845
17.3882,-20.4249,0.0548957
17.2014,-20.4585,0.0548293
16.8263,-20.2636,0.0545571
17.4062,-21.2255,0.0553327
16.5909,-20.4865,0.0545731
16.4037,-20.5113,0.0545047
16.2484,-20.5747,0.0544719
16.5794,-21.2607,0.0549913
16.4864,-21.4112,0.0550346
15.3857,-20.2375,0.0539169
15.2156,-20.2707,0.0538638
15.0612,-20.3235,0.0538289
15.6365,-21.3727,0.0546569
15.5203,-21.4893,0.054675
15.448,-21.668,0.0547469
15.2474,-21.6667,0.0546653
14.7707,-21.2654,0.054245
15.2546,-22.2522,0.0550039
14.2206,-21.0194,0.0538862
14.2263,-21.3083,0.0540558
13.3905,-20.3255,0.0531615
13.9708,-21.4922,0.0540649
0,0,0
11.3206,-17.8924,0.0509505
13.2938,-21.2987,0.053697
13.1356,-21.3356,0.0536607
15.0813,-24.8355,0.0564539
12.0851,-20.18,0.0525904
14.0502,-23.7909,0.0554583
12.2774,-21.0838,0.053202
13.4425,-23.4135,0.0550171
13.8286,-24.4319,0.0557683
11.914,-21.3542,0.0532404
13.8024,-25.0992,0.0561663
13.6563,-25.1983,0.0561781
13.2338,-24.7806,0.0557816
13.4261,-25.5162,0.0562982
13.0774,-25.2279,0.0560071
10.2568,-20.0879,0.0519153
10.1495,-20.1826,0.0519405
11.2127,-22.6416,0.053808
12.0041,-24.6182,0.0552901
10.5523,-21.9824,0.0531922
12.5659,-26.5936,0.0567031
11.8922,-25.5731,0.0558584
11.4767,-25.0809,0.0554248
11.3431,-25.1964,0.0554597
11.2065,-25.3067,0.0554912
11.0678,-25.4135,0.0555205
10.9439,-25.5563,0.0555777
10.7947,-25.6414,0.0555917
10.6761,-25.8014,0.0556629
0,0,0
0,0,0
0,0,0
10.2522,-26.6071,0.0560755
10.0888,-26.6695,0.0560755
0,0,0
0,0,0
0,0,0
0,0,0
0,0,0
0,0,0
0,0,0
0,0,0
0,0,0
0,0,0
0,0,0
0,0,0
0,0,0
0,0,0
0,0,0
0,0,0
0,0,0
0,0,0
0,0,0
0,0,0
0,0,0
0,0,0
0,0,0
0,0,0
0,0,0
0,0,0
0,0,0
0,0,0
0,0,0
0,0,0
0,0,0
0,0,0
0,0,0
0,0,0
0,0,0
0,0,0
0,0,0
0,0,0
0,0,0
0,0,0
0,0,0
0,0,0
0,0,0
0,0,0
0,0,0
0,0,0
0,0,0
0,0,0
0,0,0
0,0,0
0,0,0
0,0,0
0,0,0
0,0,0
0,0,0
0,0,0
0,0,0
0,0,0
0,0,0
0,0,0
0,0,0
0,0,0
0,0,0
0,0,0
0,0,0
0,0,0
0,0,0
0,0,0
0,0,0
0,0,0
0,0,0
0,0,0
0,0,0
0,0,0
0,0,0
0,0,0
0,0,0
0,0,0
0,0,0
0,0,0
0,0,0
0,0,0
0,0,0
0,0,0
0,0,0
0,0,0
0,0,0
0,0,0
0,0,0
0,0,0
0,0,0
0,0,0
0,0,0
0,0,0
0,0,0
0,0,0
0,0,0
0,0,0
0,0,0
0,0,0
0,0,0
0,0,0
0,0,0
0,0,0
0,0,0
0,0,0
0,0,0
0,0,0
0,0,0
0,0,0
0,0,0
0,0,0
0,0,0
0,0,0
0,0,0
0,0,0
0,0,0
0,0,0
0,0,0
0,0,0
0,0,0
0,0,0
0,0,0
0,0,0
0,0,0
0,0,0
0,0,0
0,0,0
0,0,0
0,0,0
0,0,0
0,0,0
0,0,0
0,0,0
0,0,0
0,0,0
0,0,0
0,0,0
0,0,0
0,0,0
0,0,0
0,0,0
0,0,0
0,0,0
0,0,0
0,0,0
0,0,0
0,0,0
0,0,0
0,0,0
0,0,0
0,0,0
0,0,0
0,0,0
0,0,0
0,0,0
0,0,0
0,0,0
0,0,0
0,0,0
0,0,0
0,0,0
0,0,0
0,0,0
0,0,0
0,0,0
0,0,0
0,0,0
0,0,0
0,0,0
0,0,0
0,0,0
0,0,0
0,0,0
0,0,0
0,0,0
0,0,0
0,0,0
0,0,0
0,0,0
0,0,0
0,0,0
0,0,0
0,0,0
0,0,0
0,0,0
0,0,0
0,0,0
0,0,0
0,0,0
0,0,0
0,0,0
0,0,0
0,0,0
0,0,0
0,0,0
0,0,0
0,0,0
0,0,0
0,0,0
0,0,0
0,0,0
0,0,0
0,0,0
0,0,0
0,0,0
0,0,0
0,0,0
0,0,0
0,0,0
0,0,0
0,0,0
0,0,0
0,0,0
0,0,0
0,0,0
0,0,0
0,0,0
0,0,0
0,0,0
0,0,0
0,0,0
0,0,0
0,0,0
0,0,0
0,0,0
0,0,0
0,0,0
0,0,0
0,0,0
0,0,0
0,0,0
0,0,0
0,0,0
0,0,0
0,0,0
0,0,0
0,0,0
0,0,0
0,0,0
0,0,0
0,0,0
0,0,0
0,0,0
0,0,0
0,0,0
0,0,0
0,0,0
0,0,0
0,0,0
0,0,0
0,0,0
0,0,0
0,0,0
0,0,0
0,0,0
0,0,0
0,0,0
0,0,0
0,0,0
0,0,0
0,0,0
0,0,0
0,0,0
0,0,0
0,0,0
0,0,0
0,0,0
0,0,0
0,0,0
0,0,0
0,0,0
0,0,0
0,0,0
0,0,0
0,0,0
0,0,0
0,0,0
0,0,0
0,0,0
0,0,0
0,0,0
0,0,0
0,0,0
0,0,0
0,0,0
0,0,0
0,0,0
0,0,0
0,0,0
0,0,0
0,0,0
0,0,0
0,0,0
0,0,0
0,0,0
0,0,0
0,0,0
0,0,0
0,0,0
0,0,0
0,0,0
0,0,0
0,0,0
0,0,0
0,0,0
0,0,0
0,0,0
0,0,0
0,0,0
0,0,0
0,0,0
0,0,0
0,0,0
0,0,0
0,0,0
0,0,0
0,0,0
0,0,0
0,0,0
0,0,0
0,0,0
0,0,0
0,0,0
0,0,0
0,0,0
0,0,0
0,0,0
0,0,0
0,0,0
0,0,0
0,0,0
0,0,0
0,0,0
0,0,0
0,0,0
0,0,0
0,0,0
0,0,0
0,0,0
0,0,0
0,0,0
0,0,0
0,0,0
0,0,0
0,0,0
0,0,0
0,0,0
0,0,0
0,0,0
0,0,0
0,0,0
0,0,0
0,0,0
0,0,0
0,0,0
0,0,0
0,0,0
0,0,0
0,0,0
0,0,0
0,0,0
0,0,0
0,0,0
0,0,0
0,0,0
0,0,0
0,0,0
0,0,0
0,0,0
0,0,0
0,0,0
0,0,0
0,0,0
0,0,0
0,0,0
0,0,0
0,0,0
0,0,0
0,0,0
0,0,0
0,0,0
0,0,0
0,0,0
0,0,0
0,0,0
0,0,0
0,0,0
0,0,0
0,0,0
0,0,0
0,0,0
0,0,0
0,0,0
0,0,0
0,0,0
0,0,0
0,0,0
0,0,0
0,0,0
0,0,0
0,0,0
0,0,0
0,0,0
0,0,0
0,0,0
0,0,0
0,0,0
0,0,0
0,0,0
0,0,0
0,0,0
0,0,0
0,0,0
0,0,0
0,0,0
0,0,0
0,0,0
0,0,0
0,0,0
0,0,0
0,0,0
0,0,0
0,0,0
0,0,0
0,0,0
0,0,0
0,0,0
0,0,0
0,0,0
0,0,0
0,0,0
0,0,0
0,0,0
0,0,0
0,0,0
0,0,0
0,0,0
0,0,0
0,0,0
0,0,0
0,0,0
0,0,0
0,0,0
0,0,0
0,0,0
0,0,0
0,0,0
0,0,0
0,0,0
0,0,0
0,0,0
0,0,0
0,0,0
0,0,0
0,0,0
0,0,0
0,0,0
0,0,0
0,0,0
0,0,0
0,0,0
0,0,0
0,0,0
0,0,0
0,0,0
0,0,0
0,0,0
0,0,0
0,0,0
0,0,0
0,0,0
0,0,0
0,0,0
0,0,0
0,0,0
0,0,0
0,0,0
0,0,0
0,0,0
0,0,0
0,0,0
0,0,0
0,0,0
0,0,0
0,0,0
0,0,0
0,0,0
0,0,0
0,0,0
0,0,0
0,0,0
0,0,0
0,0,0
0,0,0
0,0,0
0,0,0
0,0,0
0,0,0
0,0,0
0,0,0
0,0,0
0,0,0
0,0,0
0,0,0
0,0,0
0,0,0
0,0,0
0,0,0
0,0,0
0,0,0
0,0,0
0,0,0
0,0,0
0,0,0
0,0,0
0,0,0
0,0,0
0,0,0
0,0,0
0,0,0
0,0,0
0,0,0
0,0,0
0,0,0
0,0,0
0,0,0
0,0,0
0,0,0
0,0,0
0,0,0
0,0,0
0,0,0
0,0,0
0,0,0
0,0,0
0,0,0
0,0,0
0,0,0
0,0,0
0,0,0
0,0,0
0,0,0
0,0,0
0,0,0
0,0,0
0,0,0
0,0,0
0,0,0
0,0,0
0,0,0
0,0,0
0,0,0
0,0,0
0,0,0
0,0,0
0,0,0
0,0,0
0,0,0
0,0,0
0,0,0
0,0,0
0,0,0
0,0,0
0,0,0
0,0,0
0,0,0
0,0,0
0,0,0
0,0,0
0,0,0
0,0,0
0,0,0
0,0,0
0,0,0
0,0,0
0,0,0
0,0,0
0,0,0
0,0,0
0,0,0
0,0,0
0,0,0
0,0,0
0,0,0
0,0,0
0,0,0
0,0,0
0.847946,4.00597,-0.0108079
0.891907,4.08959,-0.0118561
0.914792,4.07428,-0.0117409
0.9409,4.07346,-0.0117985
0.967726,4.0754,-0.0118907
0.993662,4.07327,-0.0119368
1.0252,4.09328,-0.0122478
1.05702,4.11306,-0.0125588
1.08427,4.11424,-0.0126509
1.11863,4.14129,-0.0130541
1.14748,4.14688,-0.0132038
1.18027,4.16573,-0.0135149
1.20915,4.16994,-0.0136531
1.24126,4.18449,-0.013918
1.27388,4.19976,-0.0141945
1.3014,4.19759,-0.0142636
1.32351,4.17809,-0.0141254
0,0,0
0,0,0
0,0,0
0,0,0
0,0,0
0,0,0
0,0,0
0,0,0
0,0,0
0,0,0
0,0,0
0,0,0
0,0,0
16.6938,40.296,-0.466093
0,0,0
17.8104,41.542,-0.484316
17.9007,41.0552,-0.479582
0,0,0
0,0,0
17.6789,38.5915,-0.452628
4.61161,9.90648,-0.0895167
0,0,0
0,0,0
0,0,0
4.13337,8.3381,-0.0708445
4.09362,8.13217,-0.0685177
4.1571,8.13361,-0.0688633
4.20232,8.09908,-0.0687481
2.06498,3.9212,-0.0146898
2.07156,3.87583,-0.0142636
2.09196,3.85689,-0.0141829
2.11029,3.83435,-0.0140562
2.13719,3.82744,-0.0141369
2.17049,3.83166,-0.0143673
2.20741,3.84167,-0.0146783
2.23749,3.83929,-0.014828
2.27118,3.8427,-0.0150584
2.30089,3.83898,-0.0151966
2.33998,3.85043,-0.0155422
2.37353,3.85217,-0.015761
2.4109,3.85958,-0.0160605
2.44577,3.86246,-0.0163024
2.4732,3.85327,-0.0163831
2.5028,3.84724,-0.0165098
2.54397,3.85852,-0.0168784
7.69068,11.509,-0.123094
7.80432,11.5253,-0.123981
6.66928,9.72022,-0.0994345
6.68599,9.61754,-0.0985705
6.80246,9.65808,-0.0997224
6.8796,9.64139,-0.10008
6.98608,9.66464,-0.101013
7.08069,9.67,-0.101704
7.17087,9.66813,-0.102303
7.28592,9.6983,-0.103374
7.40705,9.73457,-0.104549
7.60459,9.86794,-0.107152
7.64408,9.79429,-0.10676
6.43475,8.14141,-0.0831813
7.81181,9.75986,-0.107647
7.88729,9.73116,-0.107935
8.02044,9.77224,-0.109272
8.10901,9.75745,-0.10979
8.20929,9.75571,-0.110516
8.2904,9.73027,-0.110896
8.31533,9.63909,-0.110285
8.3559,9.5668,-0.109963
8.45418,9.5603,-0.110654
8.56338,9.56486,-0.111529
8.67563,9.5714,-0.112451
8.78423,9.57251,-0.113303
8.91426,9.59535,-0.114513
9.04285,9.61476,-0.115688
9.14856,9.60834,-0.116471
9.28576,9.63337,-0.117773
9.40127,9.63418,-0.118706
9.51713,9.63393,-0.119639
9.65384,9.65313,-0.120906
10.0209,9.89797,-0.125893
10.3041,10.0535,-0.129476
10.3785,10.0025,-0.129683
10.5215,10.0166,-0.130985
10.6185,9.98539,-0.131549
10.8444,10.0732,-0.134141
10.9959,10.0889,-0.135546
11.088,10.0488,-0.136019
11.0645,9.90452,-0.134705
11.1438,9.853,-0.134993
4.40509,3.84726,-0.0310121
4.42104,3.81363,-0.0308969
4.41696,3.76308,-0.0304822
4.46062,3.75329,-0.0307932
4.48587,3.72777,-0.0308278
4.51176,3.70271,-0.0308739
4.54993,3.68755,-0.0311042
4.39368,3.51649,-0.0284664
4.40262,3.47954,-0.0282821
4.64384,3.62409,-0.0314959
4.67866,3.60529,-0.0316802
4.70785,3.58196,-0.0317839
4.75853,3.57463,-0.0321985
4.80286,3.56204,-0.0325211
4.79235,3.50888,-0.0320603
0,0,0
0,0,0
0,0,0
4.72594,3.2852,-0.0299408
4.65283,3.19223,-0.0286392
4.68641,3.17315,-0.028835
4.72408,3.15655,-0.0290884
36.2662,23.9088,-0.464031
36.3242,23.6286,-0.462822
36.5914,23.4841,-0.464504
36.6782,23.2233,-0.463732
36.7225,22.9369,-0.462407
36.831,22.6917,-0.461981
36.9653,22.4627,-0.461923
35.3724,21.1987,-0.43869
37.208,21.9896,-0.46152
35.3413,20.5949,-0.434842
35.3578,20.3149,-0.433391
35.3948,20.0483,-0.432239
35.4464,19.7912,-0.431306
35.4691,19.5194,-0.430016
35.4273,19.2141,-0.427908
35.5622,19.0058,-0.428138
35.3216,18.5995,-0.423496
35.3596,18.3433,-0.422517
35.3032,18.04,-0.42034
35.3194,17.7758,-0.419131
35.2881,17.4895,-0.417334
35.348,17.2499,-0.416735
35.4072,17.0106,-0.416147
35.463,16.7703,-0.415537
35.4093,16.4798,-0.413555
35.2925,16.1628,-0.410802
35.2788,15.8954,-0.409386
35.3035,15.6466,-0.408476
35.3117,15.3917,-0.407381
35.2906,15.1255,-0.405941
35.2648,14.859,-0.404467
35.2463,14.5972,-0.403108
35.2602,14.3501,-0.402175
35.2222,14.0834,-0.40062
35.1935,13.8221,-0.399203
35.189,13.5717,-0.398109
35.1875,13.3236,-0.397072
35.1617,13.0678,-0.395759
35.1407,12.8151,-0.394526
35.1622,12.5791,-0.393835
35.1368,12.3273,-0.392591
35.1721,12.0978,-0.392107
18.1406,6.11564,-0.184168
35.1451,11.6082,-0.390011
35.111,11.3585,-0.388744
35.1038,11.1187,-0.387822
35.0892,10.8776,-0.386831
35.0816,10.6398,-0.385945
35.0599,10.3987,-0.384908
35.0174,10.1528,-0.383641
35.0454,9.9282,-0.383238
35.0344,9.69325,-0.382385
35.0092,9.45541,-0.381383
35.0288,9.23049,-0.380934
35.0296,9.0012,-0.380277
35.0531,8.77832,-0.379909
34.8441,8.49909,-0.376799
0,0,0
34.33,7.92866,-0.369519
20.7959,4.66885,-0.209164
0,0,0
33.7012,7.13269,-0.360465
33.6277,6.90184,-0.359094
33.5469,6.671,-0.357654
33.5803,6.46371,-0.357573
33.3264,6.20302,-0.354141
33.291,5.98533,-0.353288
33.198,5.75856,-0.351779
33.2061,5.5503,-0.351468
33.125,5.32803,-0.350132
33.1413,5.12223,-0.349948
33.2017,4.92319,-0.350293
33.0274,4.69041,-0.347921
32.9723,4.47637,-0.346953
33.0121,4.27564,-0.347103
33.0009,4.06848,-0.346677
32.9846,3.86115,-0.346204
32.9599,3.6534,-0.345651
32.9221,3.44485,-0.34496
32.9127,3.23984,-0.344615
32.9051,3.03535,-0.344304
32.8862,2.83022,-0.343877
32.8601,2.62495,-0.343382
32.8397,2.42063,-0.342967
32.845,2.21848,-0.342864
32.85,2.01641,-0.342772
32.8528,1.81432,-0.342668
32.8213,1.61064,-0.342184
32.8266,1.40905,-0.342138
32.8316,1.2075,-0.342104
32.8354,1.00593,-0.342069
32.835,0.804292,-0.342
32.8233,0.602512,-0.341816
32.8264,0.401101,-0.341816
32.8202,0.199626,-0.341723
32.8158,-0.00175886,-0.341666
32.8122,-0.203094,-0.341631
32.8223,-0.40457,-0.341769
32.8212,-0.605994,-0.341793
32.8169,-0.807369,-0.341793
32.8133,-1.00878,-0.341816
32.8095,-1.21021,-0.34185
32.7955,-1.41124,-0.341781
32.7942,-1.61284,-0.341873
32.7947,-1.81464,-0.342
32.7949,-2.01656,-0.342138
32.7879,-2.21815,-0.342207
32.7946,-2.42084,-0.342449
32.7821,-2.62226,-0.342484
32.7684,-2.82361,-0.342518
32.7634,-3.02582,-0.342668
32.7581,-3.22817,-0.342829
32.7536,-3.43078,-0.343014
32.7429,-3.6329,-0.34314
32.7249,-3.83432,-0.343198
32.6998,-4.03492,-0.343186
32.6804,-4.23626,-0.343255
32.7469,-4.44935,-0.344338
32.6457,-4.63979,-0.343486
32.7077,-4.85352,-0.344546
32.6526,-5.05029,-0.344258
32.6091,-5.24864,-0.344119
32.6601,-5.46265,-0.345098
32.6329,-5.66415,-0.345179
32.6575,-5.87507,-0.345882
32.5894,-6.06949,-0.345513
0,0,0
31.9721,-6.36143,-0.339166
31.5005,-6.46878,-0.334086
31.4358,-6.65676,-0.333798
31.8017,-6.93841,-0.338602
31.7722,-7.13648,-0.338763
31.1404,-7.19554,-0.331817
31.0645,-7.37908,-0.331449
31.0079,-7.56694,-0.331322
30.9018,-7.74224,-0.330619
30.8353,-7.92697,-0.3304
30.8508,-8.1331,-0.331172
30.5484,-8.25417,-0.328166
0,0,0
29.9446,-8.48663,-0.322176
30.1406,-8.74236,-0.325159
29.8247,-8.84948,-0.322015
21.783,-6.60894,-0.225866
0,0,0
29.0486,-9.20425,-0.314665
28.8641,-9.34106,-0.313122
28.7635,-9.50387,-0.312604
29.0534,-9.79777,-0.316843
28.7384,-9.88834,-0.313744
28.4988,-10.0019,-0.311567
28.7815,-10.2999,-0.315783
28.6877,-10.4653,-0.315414
27.9209,-10.3802,-0.306787
27.8679,-10.5555,-0.306925
27.6879,-10.6821,-0.305508
27.5278,-10.8148,-0.304345
28.2241,-11.2888,-0.313813
27.3995,-11.1545,-0.304425
27.2077,-11.2715,-0.302893
27.0118,-11.385,-0.301315
27.321,-11.7132,-0.306072
0,0,0
0,0,0
27.1655,-12.2433,-0.30689
20.5536,-9.41542,-0.224069
26.4557,-12.3162,-0.299806
26.3697,-12.4736,-0.299679
26.3693,-12.672,-0.300658
26.2757,-12.8261,-0.300463
25.9349,-12.8574,-0.297099
25.902,-13.0397,-0.297698
25.5401,-13.0545,-0.294058
25.4791,-13.2211,-0.294312
25.3895,-13.373,-0.294208
25.3017,-13.5257,-0.294139
25.2472,-13.6965,-0.294519
25.175,-13.8579,-0.29468
24.99,-13.9565,-0.293367
24.7838,-14.0415,-0.291777
24.4796,-14.0683,-0.288886
23.9798,-13.9775,-0.28338
23.6595,-13.986,-0.280247
23.4017,-14.0281,-0.277943
23.087,-14.0327,-0.274868
22.8413,-14.076,-0.272714
22.501,-14.0575,-0.269269
22.2014,-14.0605,-0.266367
21.8168,-14.0052,-0.262289
21.6341,-14.0761,-0.260964
21.3937,-14.1073,-0.258845
17.7734,-11.877,-0.209889
20.7926,-14.08,-0.252913
20.4923,-14.0608,-0.249929
20.2463,-14.0755,-0.247694
20.0116,-14.0953,-0.24561
19.7074,-14.0627,-0.242534
19.4555,-14.0639,-0.240184
19.2454,-14.0926,-0.238422
18.9537,-14.0585,-0.235484
18.7792,-14.1085,-0.234217
18.5085,-14.0835,-0.231556
18.314,-14.1138,-0.22999
18.1514,-14.1669,-0.228884
18.0084,-14.234,-0.228066
17.8622,-14.2973,-0.227202
17.7345,-14.3745,-0.226615
17.622,-14.4634,-0.226258
17.5175,-14.5585,-0.226027
17.4072,-14.6483,-0.225716
17.2812,-14.7244,-0.225175
14.2863,-12.3245,-0.180988
16.984,-14.8347,-0.223413
16.7728,-14.8326,-0.22157
16.5638,-14.8299,-0.21975
16.5755,-15.0246,-0.221351
16.2981,-14.9563,-0.218459
16.1481,-15.0023,-0.217549
16.0208,-15.0682,-0.216997
15.8766,-15.1172,-0.216179
15.736,-15.1686,-0.215418
15.6126,-15.2355,-0.214935
15.4968,-15.3092,-0.214578
15.3785,-15.38,-0.214186
15.2937,-15.484,-0.214347
15.1537,-15.5318,-0.21361
15.0123,-15.5769,-0.21285
14.8358,-15.584,-0.211502
14.6104,-15.5371,-0.209325
14.4951,-15.6052,-0.208991
14.4058,-15.7012,-0.209106
14.2938,-15.7723,-0.208841
14.2174,-15.8828,-0.209198
14.1594,-16.0146,-0.209889
14.0451,-16.0831,-0.209613
13.952,-16.1758,-0.209717
13.8623,-16.2726,-0.209889
13.7602,-16.355,-0.209855
13.6634,-16.4438,-0.209924
13.568,-16.5342,-0.210028
13.4663,-16.6172,-0.210028
13.3216,-16.6464,-0.209244
13.151,-16.6415,-0.207977
12.9988,-16.6581,-0.207044
12.8262,-16.6464,-0.20572
12.6675,-16.6508,-0.204648
12.5182,-16.6658,-0.20375
12.3711,-16.6821,-0.202886
12.2183,-16.6891,-0.201907
12.0682,-16.6981,-0.200974
11.9225,-16.7116,-0.200121
11.7887,-16.7403,-0.199499
11.6532,-16.7655,-0.198843
11.5032,-16.7683,-0.197887
11.3664,-16.7889,-0.197196
11.2304,-16.8092,-0.196516
11.115,-16.8594,-0.196262
10.9966,-16.9047,-0.195951
10.8403,-16.8902,-0.194834
10.7145,-16.9218,-0.194362
10.5617,-16.9092,-0.193302
10.4211,-16.9141,-0.192496
10.2449,-16.8589,-0.190895
10.1855,-16.9952,-0.191885
10.0327,-16.9756,-0.190791
9.92179,-17.0256,-0.190641
9.80717,-17.0689,-0.190411
9.69437,-17.1148,-0.190227
9.5648,-17.1303,-0.189651
9.42625,-17.1282,-0.188856
9.27092,-17.0934,-0.187646
9.13711,-17.0962,-0.186944
9.019,-17.1272,-0.186621
8.899,-17.1538,-0.186253
8.75536,-17.1333,-0.185285
8.62444,-17.1358,-0.184628
8.5218,-17.1937,-0.184697
8.41176,-17.2367,-0.184582
8.29371,-17.2628,-0.18426
8.14104,-17.2148,-0.183004
8.01627,-17.2236,-0.182486
7.90295,-17.2561,-0.182279
7.77802,-17.2624,-0.181749
7.68573,-17.3408,-0.18214
7.58278,-17.3959,-0.182244
7.45187,-17.3861,-0.181541
7.30623,-17.3393,-0.180389
7.20391,-17.394,-0.180516
7.09365,-17.4295,-0.180412
6.91826,-17.3019,-0.178293
6.80795,-17.3338,-0.178166
6.69679,-17.3631,-0.178017
6.57808,-17.372,-0.177625
6.46789,-17.4027,-0.17751
6.34659,-17.4026,-0.177026
6.24643,-17.4601,-0.177256
6.13388,-17.483,-0.177072
5.99235,-17.421,-0.175862
5.90962,-17.5294,-0.176738
5.79254,-17.5369,-0.176392
0,0,0
0,0,0
0,0,0
0,0,0
0,0,0
0,0,0
0,0,0
0,0,0
0,0,0
0,0,0
0,0,0
0,0,0
0,0,0
0,0,0
0,0,0
0,0,0
0,0,0
0,0,0
0,0,0
0,0,0
0,0,0
0,0,0
0,0,0
0,0,0
0,0,0
0,0,0
0,0,0
0,0,0
0,0,0
0,0,0
0,0,0
0,0,0
0,0,0
0,0,0
0,0,0
0,0,0
0,0,0
0,0,0
0,0,0
0,0,0
0,0,0
0,0,0
0,0,0
0,0,0
0,0,0
0,0,0
0,0,0
0,0,0
0,0,0
0,0,0
0,0,0
0,0,0
0,0,0
0,0,0
0,0,0
0,0,0
0,0,0
0,0,0
0,0,0
0,0,0
0,0,0
0,0,0
0,0,0
0,0,0
0,0,0
0,0,0
0,0,0
0,0,0
0,0,0
0,0,0
0,0,0
0,0,0
0,0,0
0,0,0
0,0,0
0,0,0
0,0,0
0,0,0
0,0,0
0,0,0
0,0,0
0,0,0
0,0,0
0,0,0
0,0,0
0,0,0
0,0,0
0,0,0
0,0,0
0,0,0
0,0,0
0,0,0
0,0,0
0,0,0
0,0,0
0,0,0
0,0,0
0,0,0
0,0,0
0,0,0
0,0,0
0,0,0
0,0,0
0,0,0
0,0,0
0,0,0
0,0,0
0,0,0
0,0,0
0,0,0
0,0,0
0,0,0
0,0,0
0,0,0
0,0,0
0,0,0
0,0,0
0,0,0
0,0,0
0,0,0
0,0,0
0,0,0
0,0,0
0,0,0
0,0,0
0,0,0
0,0,0
0,0,0
0,0,0
0,0,0
0,0,0
0,0,0
0,0,0
0,0,0
0,0,0
0,0,0
0,0,0
0,0,0
0,0,0
0,0,0
0,0,0
0,0,0
0,0,0
0,0,0
0,0,0
0,0,0
0,0,0
0,0,0
0,0,0
0,0,0
0,0,0
0,0,0
0,0,0
0,0,0
0,0,0
0,0,0
0,0,0
0,0,0
0,0,0
0,0,0
0,0,0
0,0,0
0,0,0
0,0,0
0,0,0
0,0,0
0,0,0
0,0,0
0,0,0
0,0,0
0,0,0
0,0,0
0,0,0
0,0,0
0,0,0
0,0,0
0,0,0
0,0,0
0,0,0
0,0,0
0,0,0
0,0,0
0,0,0
0,0,0
0,0,0
0,0,0
0,0,0
0,0,0
0,0,0
0,0,0
0,0,0
0,0,0
0,0,0
0,0,0
0,0,0
0,0,0
0,0,0
0,0,0
0,0,0
0,0,0
0,0,0
0,0,0
0,0,0
0,0,0
0,0,0
0,0,0
0,0,0
0,0,0
0,0,0
0,0,0
0,0,0
0,0,0
0,0,0
0,0,0
0,0,0
0,0,0
0,0,0
0,0,0
0,0,0
0,0,0
0,0,0
0,0,0
0,0,0
0,0,0
0,0,0
0,0,0
0,0,0
0,0,0
0,0,0
0,0,0
0,0,0
0,0,0
0,0,0
0,0,0
0,0,0
0,0,0
0,0,0
0,0,0
0,0,0
0,0,0
0,0,0
0,0,0
0,0,0
0,0,0
0,0,0
0,0,0
0,0,0
0,0,0
0,0,0
0,0,0
0,0,0
0,0,0
0,0,0
0,0,0
0,0,0
0,0,0
0,0,0
0,0,0
0,0,0
0,0,0
0,0,0
0,0,0
0,0,0
0,0,0
0,0,0
0,0,0
0,0,0
0,0,0
0,0,0
0,0,0
0,0,0
0,0,0
0,0,0
0,0,0
0,0,0
0,0,0
0,0,0
0,0,0
0,0,0
0,0,0
0,0,0
0,0,0
0,0,0
0,0,0
0,0,0
0,0,0
0,0,0
0,0,0
0,0,0
0,0,0
0,0,0
0,0,0
0,0,0
0,0,0
0,0,0
0,0,0
0,0,0
0,0,0
0,0,0
0,0,0
0,0,0
0,0,0
0,0,0
0,0,0
0,0,0
0,0,0
0,0,0
0,0,0
0,0,0
0,0,0
0,0,0
0,0,0
0,0,0
0,0,0
0,0,0
0,0,0
0,0,0
0,0,0
0,0,0
0,0,0
0,0,0
0,0,0
0,0,0
0,0,0
0,0,0
0,0,0
0,0,0
0,0,0
0,0,0
0,0,0
0,0,0
0,0,0
0,0,0
0,0,0
0,0,0
0,0,0
0,0,0
0,0,0
0,0,0
0,0,0
0,0,0
0,0,0
0,0,0
0,0,0
0,0,0
0,0,0
0,0,0
0,0,0
0,0,0
0,0,0
0,0,0
0,0,0
0,0,0
0,0,0
0,0,0
0,0,0
0,0,0
0,0,0
0,0,0
0,0,0
0,0,0
0,0,0
0,0,0
0,0,0
0,0,0
0,0,0
0,0,0
0,0,0
0,0,0
0,0,0
0,0,0
0,0,0
0,0,0
0,0,0
0,0,0
0,0,0
0,0,0
0,0,0
0,0,0
0,0,0
0,0,0
0,0,0
0,0,0
0,0,0
0,0,0
0,0,0
0,0,0
0,0,0
0,0,0
0,0,0
0,0,0
0,0,0
0,0,0
0,0,0
0,0,0
0,0,0
0,0,0
0,0,0
0,0,0
0,0,0
0,0,0
0,0,0
0,0,0
0,0,0
0,0,0
0,0,0
0,0,0
0,0,0
0,0,0
0,0,0
0,0,0
0,0,0
0,0,0
0,0,0
0,0,0
0,0,0
0,0,0
0,0,0
0,0,0
0,0,0
0,0,0
0,0,0
0,0,0
0,0,0
0,0,0
0,0,0
0,0,0
0,0,0
0,0,0
0,0,0
0,0,0
0,0,0
0,0,0
0,0,0
0,0,0
0,0,0
0,0,0
0,0,0
0,0,0
0,0,0
0,0,0
0,0,0
0,0,0
0,0,0
0,0,0
0,0,0
0,0,0
0,0,0
0,0,0
0,0,0
0,0,0
0,0,0
0,0,0
0,0,0
0,0,0
0,0,0
0,0,0
0,0,0
0,0,0
0,0,0
0,0,0
0,0,0
0,0,0
0,0,0
0,0,0
0,0,0
0,0,0
0,0,0
0,0,0
0,0,0
0,0,0
0,0,0
0,0,0
0,0,0
0,0,0
0,0,0
0,0,0
0,0,0
0,0,0
0,0,0
0,0,0
0,0,0
0,0,0
0,0,0
0,0,0
0,0,0
0,0,0
0,0,0
0,0,0
0,0,0
0,0,0
0,0,0
0,0,0
0,0,0
0,0,0
0,0,0
0,0,0
0,0,0
0,0,0
0,0,0
0,0,0
0,0,0
0,0,0
0,0,0
0,0,0
0,0,0
0,0,0
0,0,0
0,0,0
0,0,0
0,0,0
0,0,0
0,0,0
0,0,0
0,0,0
0,0,0
0,0,0
0,0,0
0,0,0
0,0,0
0,0,0
0,0,0
0,0,0
0,0,0
0,0,0
0,0,0
0,0,0
0,0,0
0,0,0
0,0,0
0,0,0
0,0,0
0,0,0
0,0,0
0,0,0
0,0,0
0,0,0
0,0,0
0,0,0
0,0,0
0,0,0
0,0,0
0,0,0
0,0,0
0,0,0
0,0,0
0,0,0
0,0,0
0,0,0
0,0,0
0,0,0
0,0,0
0,0,0
0,0,0
0,0,0
0,0,0
0,0,0
0,0,0
0,0,0
0,0,0
0,0,0
0,0,0
0,0,0
0,0,0
0,0,0
0,0,0
0,0,0
0,0,0
0,0,0
0,0,0
0,0,0
0,0,0
0,0,0
0,0,0
0,0,0
0,0,0
0,0,0
0,0,0
0,0,0
0,0,0
0,0,0
0,0,0
0,0,0
0,0,0
0,0,0
0,0,0
0,0,0
0,0,0
0,0,0
0,0,0
0,0,0
0,0,0
0,0,0
0,0,0
0,0,0
0,0,0
0,0,0
0,0,0
0,0,0
0,0,0
0,0,0
0,0,0
0,0,0
0,0,0
0,0,0
0,0,0
0,0,0
0,0,0
0,0,0
0,0,0
0,0,0
0,0,0
0,0,0
0.88277,4.16114,-0.0651738
0.902529,4.12927,-0.0645282
0.92215,4.0983,-0.0639066
0.944577,4.08087,-0.0636197
0.969368,4.07403,-0.0635958
0.995059,4.07092,-0.0636675
1.02366,4.07928,-0.0640261
1.05639,4.10294,-0.0647673
1.09073,4.13118,-0.065628
1.1111,4.10607,-0.0651738
1.14481,4.13001,-0.0659388
1.17613,4.14406,-0.0664648
1.20655,4.15405,-0.0668952
1.21694,4.09578,-0.065628
1.26324,4.15806,-0.0673734
1.2914,4.15883,-0.0675885
1.29273,4.07459,-0.0656758
0,0,0
0,0,0
0,0,0
13.2879,38.6023,-0.939803
0,0,0
0,0,0
14.0668,38.5446,-0.944728
14.3793,38.6628,-0.949964
14.6368,38.6281,-0.951351
14.87,38.5282,-0.951112
15.1346,38.5088,-0.952977
15.4,38.4885,-0.954866
15.6679,38.472,-0.956898
15.9503,38.4878,-0.959815
16.2293,38.4915,-0.962469
16.5006,38.4739,-0.96462
16.8067,38.5332,-0.968828
17.0457,38.4357,-0.968996
17.3165,38.4088,-0.971052
17.5627,38.3255,-0.971673
4.60483,9.886,-0.224262
18.0608,38.1685,-0.973299
18.2695,38.0047,-0.971912
4.05702,8.30651,-0.184526
4.0555,8.17577,-0.181705
4.08896,8.11769,-0.18082
4.12822,8.07198,-0.18027
4.17169,8.03496,-0.17996
2.05318,3.89464,-0.0687362
2.06667,3.86258,-0.0682102
2.08651,3.8428,-0.0680189
2.10716,3.82467,-0.0678754
2.13156,3.81341,-0.0679233
2.16133,3.81157,-0.0682341
2.19564,3.8173,-0.0687601
2.21952,3.80462,-0.068784
2.24231,3.79007,-0.0687601
2.28352,3.80625,-0.0695969
2.3193,3.81267,-0.0701707
2.35209,3.81368,-0.070601
2.38498,3.81444,-0.0710314
2.41904,3.81662,-0.0715096
2.45754,3.82526,-0.072179
2.49296,3.82855,-0.072705
2.53071,3.83488,-0.0733266
2.5592,3.82676,-0.0735418
7.78357,11.4898,-0.295343
7.81829,11.3899,-0.293837
6.72086,9.66318,-0.244944
6.79787,9.64709,-0.245685
6.87901,9.63612,-0.246593
6.98369,9.65692,-0.248458
7.06585,9.64534,-0.249391
7.16064,9.64998,-0.250825
7.26176,9.66181,-0.252499
7.442,9.77617,-0.25728
7.51466,9.74695,-0.257783
7.60201,9.73612,-0.258858
6.43214,8.13415,-0.211447
6.56128,8.19364,-0.214484
7.88696,9.72656,-0.262923
6.7457,8.21527,-0.217664
8.08624,9.72591,-0.265935
8.17538,9.71129,-0.267035
8.56098,10.0437,-0.279061
8.63486,10.0053,-0.279516
8.37183,9.581,-0.267729
8.47086,9.57513,-0.269187
8.56213,9.55946,-0.270359
8.66494,9.55563,-0.271936
8.76938,9.55236,-0.273562
8.89248,9.56795,-0.275834
9.02363,9.59039,-0.278368
9.14918,9.60506,-0.280687
9.27872,9.62215,-0.283126
9.37389,9.60224,-0.284369
9.4769,9.58934,-0.285875
9.57374,9.56918,-0.287166
10.0797,9.95209,-0.302205
10.1485,9.89774,-0.302468
10.2587,9.88314,-0.304118
10.4002,9.89721,-0.306795
10.6006,9.96468,-0.311386
10.8527,10.077,-0.317626
11.0212,10.1082,-0.321093
11.0163,9.97999,-0.318941
11.0274,9.86754,-0.317339
4.3623,3.85458,-0.102663
4.3919,3.833,-0.102854
4.40625,3.79815,-0.102567
4.40664,3.7516,-0.10185
4.47777,3.76503,-0.103356
4.41774,3.66849,-0.100774
4.40229,3.61024,-0.0996023
4.38553,3.5517,-0.0984069
4.39943,3.51848,-0.0981678
4.42329,3.49327,-0.0982395
4.46356,3.48083,-0.0988133
4.50938,3.47228,-0.0995545
4.70327,3.57588,-0.104743
4.7531,3.56797,-0.10558
4.78213,3.54409,-0.105795
4.80218,3.5135,-0.105747
0,0,0
30.6233,21.8412,-0.863008
4.65186,3.27373,-0.0994828
4.59059,3.18865,-0.0971158
4.60512,3.15703,-0.0969724
4.6451,3.14272,-0.0975701
30.761,20.5457,-0.848113
30.8531,20.3345,-0.847157
31.0427,20.1873,-0.849022
31.1373,19.9781,-0.848209
0,0,0
30.5364,19.0676,-0.824419
30.6563,18.882,-0.824515
30.575,18.5742,-0.819016
30.7853,18.4443,-0.821718
30.8962,18.254,-0.82167
30.6327,17.8457,-0.811294
30.6853,17.625,-0.80974
30.7502,17.4123,-0.808568
30.6906,17.1307,-0.804025
30.5928,16.8307,-0.798502
30.5822,16.5812,-0.795418
30.3985,16.2411,-0.787696
30.4445,16.0263,-0.786261
30.4536,15.7932,-0.78387
30.5223,15.5919,-0.783129
30.4861,15.3383,-0.779615
0,0,0
30.3207,14.7916,-0.770266
29.9378,14.3781,-0.757714
30.3933,14.368,-0.767445
30.3939,14.1408,-0.76515
30.1892,13.8208,-0.757499
27.6419,12.45,-0.688474
30.0476,13.3124,-0.749418
30.1672,13.1446,-0.750422
29.7759,12.7572,-0.738157
29.7633,12.5363,-0.735814
29.7473,12.3152,-0.733423
29.777,12.1139,-0.732251
29.7653,11.8969,-0.730052
17.3916,6.82724,-0.410272
24.2443,9.34656,-0.584854
18.0556,6.83344,-0.425144
18.1656,6.74794,-0.426889
24.2385,8.83537,-0.580431
18.3223,6.55145,-0.428802
18.4112,6.4561,-0.430045
19.7041,6.77406,-0.461748
19.9357,6.7172,-0.466554
17.8321,5.88668,-0.412544
19.1605,6.1952,-0.445036
19.7748,6.26009,-0.4595
19.8176,6.14012,-0.45962
19.2694,5.84089,-0.444988
21.3503,6.32898,-0.496009
18.5676,5.38024,-0.425765
18.5888,5.26294,-0.425478
19.6835,5.44272,-0.45185
19.5544,5.27806,-0.447833
19.3727,5.1017,-0.442549
19.4095,4.98423,-0.442693
19.1817,4.80047,-0.436333
19.2303,4.68742,-0.436811
20.3734,4.83388,-0.464211
20.4163,4.71193,-0.464545
20.1171,4.51302,-0.456512
20.1121,4.38247,-0.455723
21.3984,4.52548,-0.486517
19.5631,4.01199,-0.441043
20.1355,4.00081,-0.454408
19.9584,3.83847,-0.449507
20.6175,3.83423,-0.464976
20.681,3.7149,-0.465956
20.5172,3.55566,-0.461437
21.1805,3.53694,-0.477002
21.6677,3.4818,-0.488287
21.6926,3.34939,-0.488382
22.2349,3.2936,-0.501006
21.7974,3.09221,-0.48996
22.1994,3.01041,-0.499213
22.7925,2.94856,-0.51308
23.5225,2.89641,-0.530246
23.8338,2.7864,-0.537323
23.8554,2.64066,-0.537443
23.8503,2.49205,-0.536941
23.8382,2.34302,-0.536295
23.8333,2.19496,-0.535841
23.8313,2.0474,-0.535482
23.8325,1.90026,-0.535219
23.8437,1.75399,-0.535219
23.846,1.60712,-0.535028
23.8325,1.45937,-0.534478
23.8071,1.31123,-0.533665
23.7987,1.16435,-0.533283
23.7874,1.01753,-0.532852
23.8052,0.871995,-0.533139
23.8171,0.726127,-0.533307
23.8341,0.580291,-0.533618
23.8352,0.434001,-0.53357
23.8074,0.287379,-0.532852
23.7997,0.14124,-0.532637
23.8042,-0.00479564,-0.532733
23.8027,-0.150849,-0.532709
23.7963,-0.296834,-0.532589
23.788,-0.442729,-0.532446
23.7899,-0.588805,-0.532566
19.9487,-0.616422,-0.440756
23.8228,-0.88225,-0.53357
23.802,-1.02776,-0.533211
23.7922,-1.17364,-0.533139
23.7756,-1.31911,-0.532924
23.772,-1.46527,-0.533044
23.7706,-1.61165,-0.533235
23.7991,-1.76035,-0.534167
23.8198,-1.9089,-0.534933
23.962,-2.06833,-0.538638
24.7163,-2.28628,-0.557072
24.6491,-2.43269,-0.555805
24.5631,-2.57649,-0.554107
24.4485,-2.71624,-0.55174
24.3122,-2.85222,-0.548871
24.2883,-3.00061,-0.548728
24.2665,-3.1492,-0.548656
24.2398,-3.2971,-0.548489
21.2706,-3.02641,-0.477265
21.2467,-3.15614,-0.477145
24.0534,-3.7239,-0.545548
24.0015,-3.86681,-0.544855
23.9487,-4.00923,-0.544161
23.8508,-4.14344,-0.542392
23.8525,-4.29466,-0.543061
23.6065,-4.4001,-0.53773
23.7077,-4.56964,-0.540862
23.4164,-4.66272,-0.534454
17.9378,-3.68665,-0.401402
23.3203,-4.94185,-0.533546
23.187,-5.06246,-0.531035
23.1164,-5.19587,-0.530079
23.0228,-5.32343,-0.528573
22.9624,-5.45812,-0.527903
22.8945,-5.59061,-0.527067
22.8142,-5.71956,-0.525943
22.7274,-5.84624,-0.524676
22.6408,-5.97233,-0.523432
22.569,-6.10174,-0.522572
22.4964,-6.23051,-0.521711
22.4318,-6.36106,-0.521065
22.3031,-6.47267,-0.518842
21.7483,-6.45664,-0.506003
21.7102,-6.59054,-0.506051
21.8479,-6.77902,-0.510522
21.7363,-6.8909,-0.508776
21.7107,-7.02968,-0.509207
21.5856,-7.13578,-0.507151
21.5082,-7.25691,-0.506314
21.4482,-7.38354,-0.505931
21.3449,-7.4948,-0.504473
18.6076,-6.66233,-0.436118
21.0973,-7.69997,-0.500552
21.0056,-7.8129,-0.499428
20.9012,-7.92039,-0.497994
20.6153,-7.95706,-0.491921
20.6415,-8.11302,-0.493857
20.4688,-8.19051,-0.490701
20.3107,-8.27221,-0.487928
20.2891,-8.40893,-0.488693
20.1745,-8.50685,-0.487067
20.0475,-8.59856,-0.485131
19.9641,-8.70822,-0.484342
19.8637,-8.80989,-0.483122
19.7355,-8.89832,-0.481186
19.6105,-8.98718,-0.479345
19.4825,-9.07358,-0.477432
19.3795,-9.17072,-0.476189
19.2895,-9.27343,-0.475304
19.1819,-9.36705,-0.473965
19.0399,-9.44282,-0.471718
18.9146,-9.52575,-0.469925
18.7784,-9.60204,-0.467845
18.6446,-9.67839,-0.465836
18.5221,-9.75953,-0.464139
18.3939,-9.8367,-0.462298
18.3157,-9.93984,-0.46182
18.2184,-10.0323,-0.460839
18.105,-10.1151,-0.459429
15.963,-9.0475,-0.402263
17.8885,-10.2842,-0.456918
17.8139,-10.3872,-0.456608
17.7455,-10.4938,-0.456488
17.6859,-10.6056,-0.456631
17.5778,-10.6879,-0.455436
17.5391,-10.8123,-0.456201
17.4351,-10.8965,-0.455149
17.3612,-10.9989,-0.454958
17.285,-11.0999,-0.454719
17.1931,-11.1904,-0.454049
17.1032,-11.282,-0.453452
17.0063,-11.3684,-0.452663
16.9056,-11.4518,-0.451778
16.8094,-11.5377,-0.451037
16.735,-11.6384,-0.450941
16.6666,-11.7431,-0.451037
16.5739,-11.8307,-0.450439
12.8181,-9.26931,-0.34175
16.4371,-12.0403,-0.450726
16.3091,-12.101,-0.449124
16.1978,-12.1732,-0.448024
16.0973,-12.253,-0.447259
15.9815,-12.3204,-0.44604
15.8512,-12.3758,-0.44439
15.7436,-12.448,-0.443434
15.6201,-12.5069,-0.441999
15.5345,-12.5956,-0.441736
15.4415,-12.678,-0.441258
15.3465,-12.7584,-0.440732
15.2565,-12.8427,-0.440374
15.1743,-12.9334,-0.440278
14.2447,-12.2929,-0.413428
15.0122,-13.1167,-0.440206
14.8655,-13.1503,-0.438102
14.7809,-13.2379,-0.437983
14.6831,-13.3136,-0.437457
14.5952,-13.398,-0.437265
14.5171,-13.4914,-0.437409
14.445,-13.5905,-0.437767
14.3686,-13.6858,-0.438007
14.2577,-13.748,-0.437122
14.1258,-13.7892,-0.435544
13.9656,-13.8011,-0.43301
13.8502,-13.8561,-0.431982
13.7523,-13.928,-0.431551
13.6282,-13.9728,-0.430236
13.4201,-13.9295,-0.426028
13.2648,-13.9384,-0.423613
13.1085,-13.9445,-0.421151
12.9628,-13.9602,-0.419047
12.8539,-14.0144,-0.418234
12.7059,-14.0249,-0.416034
12.5697,-14.0467,-0.414241
12.3885,-14.0165,-0.410822
12.2398,-14.0207,-0.408551
12.0896,-14.0213,-0.406208
11.9275,-14.0062,-0.403411
11.7879,-14.0156,-0.401426
11.6678,-14.0469,-0.400159
11.5009,-14.0201,-0.397123
11.3549,-14.0166,-0.394851
11.2362,-14.0454,-0.393608
9.46466,-11.9812,-0.3286
10.9418,-14.027,-0.388898
10.7976,-14.0186,-0.386627
10.6787,-14.0416,-0.385336
10.5437,-14.0421,-0.383399
10.4056,-14.0367,-0.381319
10.2732,-14.0374,-0.379454
10.1312,-14.0231,-0.377183
9.99623,-14.0167,-0.375174
9.86572,-14.0148,-0.373333
9.74817,-14.0299,-0.372018
9.63136,-14.045,-0.370727
9.49849,-14.0351,-0.368743
9.37888,-14.0432,-0.367308
9.24357,-14.0262,-0.365181
9.13444,-14.0475,-0.364176
9.01082,-14.0452,-0.362527
8.88704,-14.0411,-0.360853
8.77372,-14.0521,-0.359634
8.66216,-14.0648,-0.358486
8.54559,-14.0682,-0.357099
8.43445,-14.0792,-0.355952
8.32959,-14.0997,-0.355091
8.23588,-14.1384,-0.354756
8.13403,-14.1627,-0.354039
8.03565,-14.1923,-0.353489
7.95231,-14.2483,-0.35368
7.85702,-14.2828,-0.353298
7.75971,-14.3132,-0.35282
7.65431,-14.3279,-0.351935
7.54436,-14.333,-0.350811
7.4397,-14.3471,-0.349951
7.34607,-14.3818,-0.349664
7.25005,-14.4114,-0.349257
7.15216,-14.4368,-0.348755
7.06783,-14.4894,-0.348994
6.98312,-14.5415,-0.349233
6.90103,-14.5995,-0.34964
6.81975,-14.6597,-0.350118
6.73467,-14.7122,-0.350405
6.64755,-14.7605,-0.350596
6.55727,-14.8019,-0.35062
6.46592,-14.841,-0.350596
6.37474,-14.8804,-0.350596
6.28448,-14.922,-0.350668
6.20006,-14.9778,-0.351122
6.13065,-15.0711,-0.352557
5.949,-14.8856,-0.346819
5.98434,-15.2448,-0.355115
5.88709,-15.2719,-0.354876
5.80991,-15.3517,-0.356
5.71281,-15.3795,-0.355808
5.6204,-15.4199,-0.355952
0,0,0
0,0,0
0,0,0
0,0,0
0,0,0
0,0,0
0,0,0
0,0,0
0,0,0
0,0,0
0,0,0
0,0,0
0,0,0
0,0,0
0,0,0
0,0,0
0,0,0
0,0,0
0,0,0
0,0,0
0,0,0
0,0,0
0,0,0
0,0,0
0,0,0
0,0,0
0,0,0
0,0,0
0,0,0
0,0,0
0,0,0
0,0,0
0,0,0
0,0,0
0,0,0
0,0,0
0,0,0
0,0,0
0,0,0
0,0,0
0,0,0
0,0,0
0,0,0
0,0,0
0,0,0
0,0,0
0,0,0
0,0,0
0,0,0
0,0,0
0,0,0
0,0,0
0,0,0
0,0,0
0,0,0
0,0,0
0,0,0
0,0,0
0,0,0
0,0,0
0,0,0
0,0,0
0,0,0
0,0,0
0,0,0
0,0,0
0,0,0
0,0,0
0,0,0
0,0,0
0,0,0
0,0,0
0,0,0
0,0,0
0,0,0
0,0,0
0,0,0
0,0,0
0,0,0
0,0,0
0,0,0
0,0,0
0,0,0
0,0,0
0,0,0
0,0,0
0,0,0
0,0,0
0,0,0
0,0,0
0,0,0
0,0,0
0,0,0
0,0,0
0,0,0
0,0,0
0,0,0
0,0,0
0,0,0
0,0,0
0,0,0
0,0,0
0,0,0
0,0,0
0,0,0
0,0,0
0,0,0
0,0,0
0,0,0
0,0,0
0,0,0
0,0,0
0,0,0
0,0,0
0,0,0
0,0,0
0,0,0
0,0,0
0,0,0
0,0,0
0,0,0
0,0,0
0,0,0
0,0,0
0,0,0
0,0,0
0,0,0
0,0,0
0,0,0
0,0,0
0,0,0
0,0,0
0,0,0
0,0,0
0,0,0
0,0,0
0,0,0
0,0,0
0,0,0
0,0,0
0,0,0
0,0,0
0,0,0
0,0,0
0,0,0
0,0,0
0,0,0
0,0,0
0,0,0
0,0,0
0,0,0
0,0,0
0,0,0
0,0,0
0,0,0
0,0,0
0,0,0
0,0,0
0,0,0
0,0,0
0,0,0
0,0,0
0,0,0
0,0,0
0,0,0
0,0,0
0,0,0
0,0,0
0,0,0
0,0,0
0,0,0
0,0,0
0,0,0
0,0,0
0,0,0
0,0,0
0,0,0
0,0,0
0,0,0
0,0,0
0,0,0
0,0,0
0,0,0
0,0,0
0,0,0
0,0,0
0,0,0
0,0,0
0,0,0
0,0,0
0,0,0
0,0,0
0,0,0
0,0,0
0,0,0
0,0,0
0,0,0
0,0,0
0,0,0
0,0,0
0,0,0
0,0,0
0,0,0
0,0,0
0,0,0
0,0,0
0,0,0
0,0,0
0,0,0
0,0,0
0,0,0
0,0,0
0,0,0
0,0,0
0,0,0
0,0,0
0,0,0
0,0,0
0,0,0
0,0,0
0,0,0
0,0,0
0,0,0
0,0,0
0,0,0
0,0,0
0,0,0
0,0,0
0,0,0
0,0,0
0,0,0
0,0,0
0,0,0
0,0,0
0,0,0
0,0,0
0,0,0
0,0,0
0,0,0
0,0,0
0,0,0
0,0,0
0,0,0
0,0,0
0,0,0
0,0,0
0,0,0
0,0,0
0,0,0
0,0,0
0,0,0
0,0,0
0,0,0
0,0,0
0,0,0
0,0,0
0,0,0
0,0,0
0,0,0
0,0,0
0,0,0
0,0,0
0,0,0
0,0,0
0,0,0
0,0,0
0,0,0
0,0,0
0,0,0
0,0,0
0,0,0
0,0,0
0,0,0
0,0,0
0,0,0
0,0,0
0,0,0
0,0,0
0,0,0
0,0,0
0,0,0
0,0,0
0,0,0
0,0,0
0,0,0
0,0,0
0,0,0
0,0,0
0,0,0
0,0,0
0,0,0
0,0,0
0,0,0
0,0,0
0,0,0
0,0,0
0,0,0
0,0,0
0,0,0
0,0,0
0,0,0
0,0,0
0,0,0
0,0,0
0,0,0
0,0,0
0,0,0
0,0,0
0,0,0
0,0,0
0,0,0
0,0,0
0,0,0
0,0,0
0,0,0
0,0,0
0,0,0
0,0,0
0,0,0
0,0,0
0,0,0
0,0,0
0,0,0
0,0,0
0,0,0
0,0,0
0,0,0
0,0,0
0,0,0
0,0,0
0,0,0
0,0,0
0,0,0
0,0,0
0,0,0
0,0,0
0,0,0
0,0,0
0,0,0
0,0,0
0,0,0
0,0,0
0,0,0
0,0,0
0,0,0
0,0,0
0,0,0
0,0,0
0,0,0
0,0,0
0,0,0
0,0,0
0,0,0
0,0,0
0,0,0
0,0,0
0,0,0
0,0,0
0,0,0
0,0,0
0,0,0
0,0,0
0,0,0
0,0,0
0,0,0
0,0,0
0,0,0
0,0,0
0,0,0
0,0,0
0,0,0
0,0,0
0,0,0
0,0,0
0,0,0
0,0,0
0,0,0
0,0,0
0,0,0
0,0,0
0,0,0
0,0,0
0,0,0
0,0,0
0,0,0
0,0,0
0,0,0
0,0,0
0,0,0
0,0,0
0,0,0
0,0,0
0,0,0
0,0,0
0,0,0
0,0,0
0,0,0
0,0,0
0,0,0
0,0,0
0,0,0
0,0,0
0,0,0
0,0,0
0,0,0
0,0,0
0,0,0
0,0,0
0,0,0
0,0,0
0,0,0
0,0,0
0,0,0
0,0,0
0,0,0
0,0,0
0,0,0
0,0,0
0,0,0
0,0,0
0,0,0
0,0,0
0,0,0
0,0,0
0,0,0
0,0,0
0,0,0
0,0,0
0,0,0
0,0,0
0,0,0
0,0,0
0,0,0
0,0,0
0,0,0
0,0,0
0,0,0
0,0,0
0,0,0
0,0,0
0,0,0
0,0,0
0,0,0
0,0,0
0,0,0
0,0,0
0,0,0
0,0,0
0,0,0
0,0,0
0,0,0
0,0,0
0,0,0
0,0,0
0,0,0
0,0,0
0,0,0
0,0,0
0,0,0
0,0,0
0,0,0
0,0,0
0,0,0
0,0,0
0,0,0
0,0,0
0,0,0
0,0,0
0,0,0
0,0,0
0,0,0
0,0,0
0,0,0
0,0,0
0,0,0
0,0,0
0,0,0
0,0,0
0,0,0
0,0,0
0,0,0
0,0,0
0,0,0
0,0,0
0,0,0
0,0,0
0,0,0
0,0,0
0,0,0
0,0,0
0,0,0
0,0,0
0,0,0
0,0,0
0,0,0
0,0,0
0,0,0
0,0,0
0,0,0
0,0,0
0,0,0
0,0,0
0,0,0
0,0,0
0,0,0
0,0,0
0,0,0
0,0,0
0,0,0
0,0,0
0,0,0
0,0,0
0,0,0
0,0,0
0,0,0
0,0,0
0,0,0
0,0,0
0,0,0
0,0,0
0,0,0
0,0,0
0,0,0
0,0,0
0,0,0
0,0,0
0,0,0
0,0,0
0,0,0
0,0,0
0,0,0
0,0,0
0,0,0
0,0,0
0,0,0
0,0,0
0,0,0
0,0,0
0,0,0
0,0,0
0,0,0
0,0,0
0,0,0
0,0,0
0,0,0
0,0,0
0,0,0
0,0,0
0,0,0
0,0,0
0,0,0
0,0,0
0,0,0
0,0,0
0,0,0
0,0,0
0,0,0
0,0,0
0,0,0
0,0,0
0,0,0
0,0,0
0,0,0
0,0,0
0,0,0
0,0,0
0,0,0
0,0,0
0,0,0
0,0,0
0,0,0
0,0,0
0,0,0
0,0,0
0,0,0
0,0,0
0,0,0
0,0,0
0,0,0
0,0,0
0,0,0
0,0,0
0,0,0
0,0,0
0,0,0
0.871927,4.24763,-0.119222
0.889485,4.20212,-0.117748
0.911204,4.17803,-0.117065
0.923025,4.11093,-0.1148
0.941481,4.07598,-0.113722
0.963702,4.05846,-0.113291
0.991429,4.06412,-0.113722
1.02218,4.08123,-0.114585
1.05541,4.10682,-0.115771
1.08492,4.11669,-0.116382
1.12059,4.14855,-0.11782
1.14362,4.13292,-0.117496
1.17604,4.15083,-0.118431
1.19926,4.13586,-0.118143
1.56718,5.28289,-0.161458
1.21482,4.00511,-0.113794
1.22368,3.947,-0.111889
1.24093,3.9175,-0.111062
1.25695,3.88509,-0.110127
1.27324,3.85453,-0.109265
1.2975,3.84854,-0.109337
0,0,0
0,0,0
0,0,0
0,0,0
0,0,0
0,0,0
0,0,0
0,0,0
0,0,0
0,0,0
0,0,0
13.5812,32.2222,-1.221
13.7503,32.0721,-1.21842
13.9508,31.9963,-1.21877
11.9682,26.9959,-1.02542
12.1479,26.9538,-1.02668
12.3272,26.9097,-1.0279
4.60261,9.88715,-0.355531
12.4651,26.3517,-1.0118
12.0257,25.0245,-0.961905
4.1201,8.44109,-0.301109
4.15494,8.38163,-0.299743
4.06159,8.06855,-0.288168
4.11239,8.04615,-0.288276
4.1603,8.0181,-0.288168
2.09779,3.98348,-0.125189
2.06801,3.86918,-0.121055
2.08075,3.83622,-0.120228
2.09895,3.81375,-0.119833
2.12182,3.79993,-0.119797
2.14904,3.79379,-0.120084
2.19219,3.81519,-0.121522
2.20952,3.79131,-0.121091
2.23173,3.77596,-0.121019
2.25845,3.76819,-0.121271
2.29606,3.77818,-0.122277
2.31344,3.75466,-0.121882
2.3449,3.75395,-0.122457
2.39249,3.77833,-0.12411
2.44586,3.81068,-0.126123
2.4741,3.80314,-0.126447
2.55351,3.87298,-0.130113
2.56889,3.84478,-0.129574
2.59692,3.83556,-0.129862
7.58932,11.061,-0.445755
6.8042,9.78756,-0.392016
6.84571,9.71948,-0.390866
6.90232,9.67323,-0.390686
7.01774,9.70844,-0.394137
7.13268,9.74099,-0.397516
7.22983,9.74761,-0.39978
7.31951,9.74302,-0.401578
7.44089,9.77904,-0.405244
7.54772,9.79415,-0.408012
7.6212,9.76498,-0.408803
6.43227,8.13826,-0.336372
6.56826,8.2063,-0.341332
6.63045,8.1806,-0.342015
6.74392,8.21701,-0.34561
8.09218,9.7372,-0.418652
8.17944,9.72024,-0.420198
8.25448,9.68812,-0.421061
8.27917,9.59719,-0.419155
8.36815,9.58083,-0.420809
8.50424,9.61689,-0.425015
8.59775,9.60325,-0.426884
8.70819,9.60732,-0.429652
8.80482,9.59494,-0.431665
8.91794,9.59931,-0.43454
9.02939,9.60046,-0.437308
9.17496,9.63607,-0.441837
9.28663,9.63427,-0.444569
9.4042,9.63719,-0.447589
9.52987,9.64684,-0.451004
9.65178,9.65107,-0.454203
10.0635,9.93998,-0.472032
10.1786,9.93109,-0.474764
10.3164,9.94265,-0.47861
10.4467,9.94531,-0.482061
10.549,9.92004,-0.48411
10.7268,9.96395,-0.489861
10.8349,9.94118,-0.492162
10.9549,9.9282,-0.495037
4.32003,3.86744,-0.171811
4.32571,3.82498,-0.170948
4.34232,3.79245,-0.170625
4.34584,3.74876,-0.16969
4.3543,3.70971,-0.169007
4.37163,3.67842,-0.168755
4.44946,3.69751,-0.171343
4.48056,3.67711,-0.171739
4.50847,3.65396,-0.17199
4.54173,3.63497,-0.172494
4.55846,3.60269,-0.172242
4.57891,3.57343,-0.17217
4.55246,3.50806,-0.169977
4.58583,3.48913,-0.170517
4.62633,3.47533,-0.171379
4.66844,3.46236,-0.172314
4.74281,3.47261,-0.174686
4.72434,3.41476,-0.172925
4.54589,3.24351,-0.164118
4.50442,3.17241,-0.161422
4.5279,3.14756,-0.161602
4.60152,3.15703,-0.163974
4.63239,3.13658,-0.164478
22.0088,14.7042,-0.915319
22.0277,14.5221,-0.912263
22.0527,14.3453,-0.909531
21.9856,14.1104,-0.902917
22.0794,13.98,-0.903241
22.1418,13.83,-0.90227
21.9651,13.533,-0.891235
21.8205,13.2599,-0.881673
21.7223,13.0184,-0.87416
21.7975,12.8823,-0.873981
21.8614,12.7398,-0.87337
21.9314,12.6009,-0.873046
21.3787,12.1095,-0.847021
21.4265,11.9635,-0.845943
21.3909,11.772,-0.841485
21.3626,11.5863,-0.837388
13.5943,7.26558,-0.517684
13.8004,7.26724,-0.524262
13.9006,7.21142,-0.526526
13.5513,6.925,-0.510638
12.2313,6.15614,-0.455784
11.6877,5.79297,-0.432455
10.0435,4.90157,-0.365236
13.6388,6.5527,-0.507511
12.4871,5.90538,-0.460098
12.7732,5.94503,-0.470019
12.6313,5.78499,-0.462974
12.7176,5.73037,-0.464987
12.6611,5.61173,-0.461392
12.5753,5.48163,-0.456683
13.8065,5.91772,-0.503557
13.0496,5.4988,-0.472607
13.9224,5.7662,-0.505282
13.9261,5.66786,-0.50406
13.2154,5.28438,-0.475195
13.2476,5.20319,-0.475195
13.9003,5.3613,-0.499135
13.2544,5.019,-0.473039
14.1936,5.27527,-0.507906
12.639,4.60946,-0.447157
13.2655,4.7459,-0.470019
13.1671,4.61976,-0.465166
12.3711,4.25545,-0.433821
13.3913,4.51465,-0.471565
12.4566,4.11459,-0.435115
14.6153,4.72831,-0.515778
14.0038,4.43577,-0.491623
14.0279,4.34888,-0.491515
14.8853,4.51476,-0.522752
14.9463,4.43329,-0.52401
15.2045,4.40856,-0.532673
14.3159,4.05587,-0.498452
14.929,4.13077,-0.520415
15.0863,4.07479,-0.52534
15.1893,4.00277,-0.528252
15.2136,3.9095,-0.528252
15.373,3.85006,-0.533284
15.405,3.75779,-0.533608
15.4307,3.66389,-0.533715
15.4461,3.56757,-0.533464
15.5262,3.48586,-0.535621
16.3939,3.57512,-0.566786
16.3774,3.46639,-0.565384
16.2965,3.34494,-0.561646
16.8264,3.34623,-0.580337
16.882,3.24972,-0.581631
16.9782,3.16034,-0.584435
17.0209,3.06035,-0.585298
17.1299,2.97156,-0.588605
17.2927,2.89062,-0.593889
17.8025,2.86364,-0.611826
18.5259,2.86349,-0.637528
19.1481,2.83946,-0.659527
19.8073,2.81311,-0.682856
20.045,2.7215,-0.690871
20.0732,2.59999,-0.691303
20.0918,2.47714,-0.691411
20.0987,2.35289,-0.691123
20.1107,2.2293,-0.691051
20.1022,2.10357,-0.69026
20.0948,1.97823,-0.689541
20.0737,1.85186,-0.688355
16.0901,1.38492,-0.54414
16.0803,1.28474,-0.543493
19.9589,1.47133,-0.683107
19.8519,1.34103,-0.678937
19.8019,1.21565,-0.676853
19.787,1.09291,-0.676062
19.7844,0.971036,-0.675738
19.75,0.847909,-0.6743
19.7339,0.725938,-0.673545
19.708,0.603922,-0.672467
19.6894,0.482446,-0.671676
19.656,0.360966,-0.670382
19.5919,0.239547,-0.66801
19.557,0.119111,-0.666716
19.5214,-0.000888739,-0.665422
19.488,-0.120465,-0.664235
19.4629,-0.239743,-0.663373
19.4391,-0.358755,-0.662582
19.4196,-0.477606,-0.661971
19.4083,-0.596508,-0.661683
19.3933,-0.715178,-0.661288
19.3755,-0.833601,-0.660821
19.3511,-0.951539,-0.660138
19.289,-1.06716,-0.658125
19.2372,-1.18274,-0.656507
19.1688,-1.29664,-0.654314
19.1116,-1.41063,-0.652553
19.0458,-1.52332,-0.650504
18.9873,-1.63595,-0.648743
18.9272,-1.74783,-0.646945
18.8723,-1.85962,-0.645364
18.8367,-1.97288,-0.644501
18.7239,-2.0773,-0.640871
18.691,-2.18982,-0.640152
18.6405,-2.29993,-0.638822
18.5844,-2.40887,-0.637312
18.5346,-2.51815,-0.636054
18.4901,-2.62775,-0.635011
18.443,-2.7366,-0.633897
18.4012,-2.8459,-0.632998
18.3676,-2.95621,-0.632423
18.3383,-3.06704,-0.632028
18.3102,-3.17797,-0.631704
18.2806,-3.28849,-0.631345
18.2512,-3.39895,-0.631021
18.1878,-3.50274,-0.629476
18.0386,-3.58892,-0.624803
17.8968,-3.67501,-0.620417
17.9355,-3.7978,-0.622682
17.9636,-3.91907,-0.624587
17.9519,-4.03206,-0.625054
17.9151,-4.13944,-0.624623
17.8631,-4.24305,-0.623652
17.8018,-4.34404,-0.622358
17.7457,-4.44591,-0.62128
17.7036,-4.55098,-0.620741
17.657,-4.65468,-0.620058
17.5943,-4.75381,-0.6188
17.559,-4.86007,-0.618584
17.5385,-4.97045,-0.618943
17.5038,-5.07685,-0.6188
17.4609,-5.18075,-0.618368
17.4192,-5.28489,-0.618009
17.3816,-5.39019,-0.617829
17.3435,-5.49523,-0.617649
17.2933,-5.59631,-0.617038
17.2301,-5.69291,-0.61596
17.1599,-5.78671,-0.61463
17.0824,-5.87759,-0.613048
16.9914,-5.9631,-0.610963
16.9149,-6.0531,-0.609454
16.8334,-6.14067,-0.607764
16.7579,-6.22992,-0.606326
16.6866,-6.32023,-0.605068
16.5963,-6.40272,-0.603091
16.5074,-6.48506,-0.601186
16.3791,-6.55097,-0.597771
16.3099,-6.63966,-0.596657
16.2338,-6.72508,-0.595291
16.1591,-6.81059,-0.593997
16.0839,-6.89543,-0.592703
15.9973,-6.97482,-0.590977
15.9213,-7.05826,-0.589683
15.8458,-7.14145,-0.588425
15.7627,-7.22065,-0.58688
15.699,-7.30837,-0.586125
15.6087,-7.3832,-0.584327
15.5217,-7.45892,-0.582674
15.4586,-7.54569,-0.581991
15.3681,-7.61865,-0.58023
15.2755,-7.68988,-0.578396
15.188,-7.763,-0.576779
15.1055,-7.83809,-0.575377
15.0315,-7.91712,-0.574334
14.9465,-7.98989,-0.572861
14.8673,-8.06525,-0.571638
14.7895,-8.1409,-0.570488
14.7079,-8.21395,-0.569194
14.6294,-8.28827,-0.568044
14.5566,-8.36543,-0.567145
14.4748,-8.43698,-0.565887
14.3703,-8.49461,-0.563694
14.2699,-8.55385,-0.561681
14.1966,-8.62879,-0.560819
14.1256,-8.70473,-0.560064
14.0515,-8.77853,-0.559201
13.9729,-8.84908,-0.558159
13.8772,-8.90819,-0.556397
13.7845,-8.96865,-0.55478
13.6934,-9.0294,-0.553234
13.6228,-9.10326,-0.552587
13.5476,-9.17379,-0.55176
13.4441,-9.22451,-0.549711
13.315,-9.25663,-0.546548
13.2702,-9.34679,-0.547087
12.9296,-9.22602,-0.534578
12.7771,-9.2361,-0.530336
12.8839,-9.43418,-0.537634
12.898,-9.56664,-0.540869
12.8503,-9.65401,-0.541372
12.786,-9.72904,-0.541156
12.7213,-9.80365,-0.540941
12.6586,-9.87968,-0.540833
12.5867,-9.94849,-0.54033
12.5036,-10.008,-0.539323
12.4303,-10.0751,-0.538784
12.3497,-10.136,-0.537921
12.2765,-10.2026,-0.537418
12.2053,-10.2707,-0.537022
12.1306,-10.3357,-0.536483
12.0443,-10.3903,-0.535405
9.26697,-8.094,-0.405819
9.22537,-8.15799,-0.406215
11.8048,-10.5689,-0.533176
11.7324,-10.6345,-0.532817
11.6647,-10.7042,-0.532709
11.6083,-10.7844,-0.533176
11.5434,-10.8568,-0.533248
11.4649,-10.9164,-0.532673
11.3862,-10.9755,-0.532098
11.3151,-11.0416,-0.531918
11.2443,-11.108,-0.531774
11.1745,-11.1754,-0.531702
11.1043,-11.2424,-0.531631
11.0323,-11.3074,-0.531487
10.9586,-11.3706,-0.531271
10.8797,-11.4282,-0.530804
10.7956,-11.4802,-0.530085
10.7053,-11.525,-0.529042
10.6188,-11.5735,-0.528216
10.5469,-11.6377,-0.52818
10.4847,-11.7126,-0.528683
10.4126,-11.7767,-0.528683
10.3322,-11.8314,-0.528252
10.251,-11.8847,-0.527784
10.1681,-11.936,-0.527245
10.0921,-11.9951,-0.527101
10.0158,-12.0537,-0.526958
9.93847,-12.1111,-0.526778
9.86523,-12.1734,-0.52685
9.55182,-11.9356,-0.513118
9.43194,-11.9352,-0.510422
9.40587,-12.0535,-0.51319
9.53362,-12.373,-0.525088
9.45268,-12.4249,-0.524801
9.36606,-12.4691,-0.52419
9.28045,-12.5143,-0.523651
9.19994,-12.5662,-0.523435
9.12267,-12.6224,-0.523435
9.0433,-12.6757,-0.523327
8.95845,-12.7211,-0.522896
8.87681,-12.7709,-0.52268
8.8045,-12.8342,-0.523075
8.71942,-12.8789,-0.52268
8.62802,-12.9139,-0.521889
8.54422,-12.9599,-0.521602
8.46726,-13.0163,-0.521781
8.39047,-13.073,-0.521997
8.29941,-13.1074,-0.521278
8.22889,-13.1742,-0.521961
8.14423,-13.2184,-0.521709
8.05674,-13.2579,-0.521278
7.96291,-13.2865,-0.520415
7.85073,-13.2835,-0.518259
7.79624,-13.3781,-0.5202
7.70854,-13.4161,-0.519804
7.62853,-13.4675,-0.519984
7.53309,-13.4914,-0.519049
7.44197,-13.5225,-0.518438
7.35124,-13.5538,-0.517863
7.26275,-13.589,-0.517468
7.17179,-13.6191,-0.516893
7.0752,-13.638,-0.515886
6.9832,-13.6652,-0.515239
6.89203,-13.6935,-0.514664
4.85216,-9.78942,-0.35625
6.7318,-13.7941,-0.515347
6.65526,-13.8523,-0.51603
6.56287,-13.8775,-0.515419
6.47465,-13.9111,-0.515167
6.38043,-13.9315,-0.514412
6.29155,-13.9631,-0.514125
6.20049,-13.9896,-0.513658
6.10495,-14.0054,-0.512795
6.00315,-14.0058,-0.511357
5.89925,-14,-0.509703
5.801,-14.0064,-0.508553
5.70516,-14.0177,-0.507619
5.60457,-14.0162,-0.506217
5.5064,-14.0197,-0.505031
5.40985,-14.0262,-0.503988
5.31625,-14.0395,-0.503233
5.21643,-14.0353,-0.501831
5.12029,-14.0398,-0.500789
5.03,-14.0597,-0.500358
4.94165,-14.0846,-0.500142
4.87042,-14.1591,-0.501831
4.78792,-14.202,-0.502335
0,0,0
0,0,0
0,0,0
0,0,0
0,0,0
0,0,0
0,0,0
0,0,0
0,0,0
0,0,0
0,0,0
0,0,0
0,0,0
0,0,0
0,0,0
0,0,0
0,0,0
0,0,0
0,0,0
0,0,0
0,0,0
0,0,0
0,0,0
0,0,0
0,0,0
0,0,0
0,0,0
0,0,0
0,0,0
0,0,0
0,0,0
0,0,0
0,0,0
0,0,0
0,0,0
0,0,0
0,0,0
0,0,0
0,0,0
0,0,0
0,0,0
0,0,0
0,0,0
0,0,0
0,0,0
0,0,0
0,0,0
0,0,0
0,0,0
0,0,0
0,0,0
0,0,0
0,0,0
0,0,0
0,0,0
0,0,0
0,0,0
0,0,0
0,0,0
0,0,0
0,0,0
0,0,0
0,0,0
0,0,0
0,0,0
0,0,0
0,0,0
0,0,0
0,0,0
0,0,0
0,0,0
0,0,0
0,0,0
0,0,0
0,0,0
0,0,0
0,0,0
0,0,0
0,0,0
0,0,0
0,0,0
0,0,0
0,0,0
0,0,0
0,0,0
0,0,0
0,0,0
0,0,0
0,0,0
0,0,0
0,0,0
0,0,0
0,0,0
0,0,0
0,0,0
0,0,0
0,0,0
0,0,0
0,0,0
0,0,0
0,0,0
0,0,0
0,0,0
0,0,0
0,0,0
0,0,0
0,0,0
0,0,0
0,0,0
0,0,0
0,0,0
0,0,0
0,0,0
0,0,0
0,0,0
0,0,0
0,0,0
0,0,0
0,0,0
0,0,0
0,0,0
0,0,0
0,0,0
0,0,0
0,0,0
0,0,0
0,0,0
0,0,0
0,0,0
0,0,0
0,0,0
0,0,0
0,0,0
0,0,0
0,0,0
0,0,0
0,0,0
0,0,0
0,0,0
0,0,0
0,0,0
0,0,0
0,0,0
0,0,0
0,0,0
0,0,0
0,0,0
0,0,0
0,0,0
0,0,0
0,0,0
0,0,0
0,0,0
0,0,0
0,0,0
0,0,0
0,0,0
0,0,0
0,0,0
0,0,0
0,0,0
0,0,0
0,0,0
0,0,0
0,0,0
0,0,0
0,0,0
0,0,0
0,0,0
0,0,0
0,0,0
0,0,0
0,0,0
0,0,0
0,0,0
0,0,0
0,0,0
0,0,0
0,0,0
0,0,0
0,0,0
0,0,0
0,0,0
0,0,0
0,0,0
0,0,0
0,0,0
0,0,0
0,0,0
0,0,0
0,0,0
0,0,0
0,0,0
0,0,0
0,0,0
0,0,0
0,0,0
0,0,0
0,0,0
0,0,0
0,0,0
0,0,0
0,0,0
0,0,0
0,0,0
0,0,0
0,0,0
0,0,0
0,0,0
0,0,0
0,0,0
0,0,0
0,0,0
0,0,0
0,0,0
0,0,0
0,0,0
0,0,0
0,0,0
0,0,0
0,0,0
0,0,0
0,0,0
0,0,0
0,0,0
0,0,0
0,0,0
0,0,0
0,0,0
0,0,0
0,0,0
0,0,0
0,0,0
0,0,0
0,0,0
0,0,0
0,0,0
0,0,0
0,0,0
0,0,0
0,0,0
0,0,0
0,0,0
0,0,0
0,0,0
0,0,0
0,0,0
0,0,0
0,0,0
0,0,0
0,0,0
0,0,0
0,0,0
0,0,0
0,0,0
0,0,0
0,0,0
0,0,0
0,0,0
0,0,0
0,0,0
0,0,0
0,0,0
0,0,0
0,0,0
0,0,0
0,0,0
0,0,0
0,0,0
0,0,0
0,0,0
0,0,0
0,0,0
0,0,0
0,0,0
0,0,0
0,0,0
0,0,0
0,0,0
0,0,0
0,0,0
0,0,0
0,0,0
0,0,0
0,0,0
0,0,0
0,0,0
0,0,0
0,0,0
0,0,0
0,0,0
0,0,0
0,0,0
0,0,0
0,0,0
0,0,0
0,0,0
0,0,0
0,0,0
0,0,0
0,0,0
0,0,0
0,0,0
0,0,0
0,0,0
0,0,0
0,0,0
0,0,0
0,0,0
0,0,0
0,0,0
0,0,0
0,0,0
0,0,0
0,0,0
0,0,0
0,0,0
0,0,0
0,0,0
0,0,0
0,0,0
0,0,0
0,0,0
0,0,0
0,0,0
0,0,0
0,0,0
0,0,0
0,0,0
0,0,0
0,0,0
0,0,0
0,0,0
0,0,0
0,0,0
0,0,0
0,0,0
0,0,0
0,0,0
0,0,0
0,0,0
0,0,0
0,0,0
0,0,0
0,0,0
0,0,0
0,0,0
0,0,0
0,0,0
0,0,0
0,0,0
0,0,0
0,0,0
0,0,0
0,0,0
0,0,0
0,0,0
0,0,0
0,0,0
0,0,0
0,0,0
0,0,0
0,0,0
0,0,0
0,0,0
0,0,0
0,0,0
0,0,0
0,0,0
0,0,0
0,0,0
0,0,0
0,0,0
0,0,0
0,0,0
0,0,0
0,0,0
0,0,0
0,0,0
0,0,0
0,0,0
0,0,0
0,0,0
0,0,0
0,0,0
0,0,0
0,0,0
0,0,0
0,0,0
0,0,0
0,0,0
0,0,0
0,0,0
0,0,0
0,0,0
0,0,0
0,0,0
0,0,0
0,0,0
0,0,0
0,0,0
0,0,0
0,0,0
0,0,0
0,0,0
0,0,0
0,0,0
0,0,0
0,0,0
0,0,0
0,0,0
0,0,0
0,0,0
0,0,0
0,0,0
0,0,0
0,0,0
0,0,0
0,0,0
0,0,0
0,0,0
0,0,0
0,0,0
0,0,0
0,0,0
0,0,0
0,0,0
0,0,0
0,0,0
0,0,0
0,0,0
0,0,0
0,0,0
0,0,0
0,0,0
0,0,0
0,0,0
0,0,0
0,0,0
0,0,0
0,0,0
0,0,0
0,0,0
0,0,0
0,0,0
0,0,0
0,0,0
0,0,0
0,0,0
0,0,0
0,0,0
0,0,0
0,0,0
0,0,0
0,0,0
0,0,0
0,0,0
0,0,0
0,0,0
0,0,0
0,0,0
0,0,0
0,0,0
0,0,0
0,0,0
0,0,0
0,0,0
0,0,0
0,0,0
0,0,0
0,0,0
0,0,0
0,0,0
0,0,0
0,0,0
0,0,0
0,0,0
0,0,0
0,0,0
0,0,0
0,0,0
0,0,0
0,0,0
0,0,0
0,0,0
0,0,0
0,0,0
0,0,0
0,0,0
0,0,0
0,0,0
0,0,0
0,0,0
0,0,0
0,0,0
0,0,0
0,0,0
0,0,0
0,0,0
0,0,0
0,0,0
0,0,0
0,0,0
0,0,0
0,0,0
0,0,0
0,0,0
0,0,0
0,0,0
0,0,0
0,0,0
0,0,0
0,0,0
0,0,0
0,0,0
0,0,0
0,0,0
0,0,0
0,0,0
0,0,0
0,0,0
0,0,0
0,0,0
0,0,0
0,0,0
0,0,0
0,0,0
0,0,0
0,0,0
0,0,0
0,0,0
0,0,0
0,0,0
0,0,0
0,0,0
0,0,0
0,0,0
0,0,0
0,0,0
0,0,0
0,0,0
0,0,0
0,0,0
0,0,0
0,0,0
0,0,0
0,0,0
0,0,0
0,0,0
0,0,0
0,0,0
0,0,0
0,0,0
0,0,0
0,0,0
0,0,0
0,0,0
0,0,0
0,0,0
0,0,0
0,0,0
0,0,0
0,0,0
0,0,0
0,0,0
0,0,0
0,0,0
0,0,0
0,0,0
0,0,0
0,0,0
0,0,0
0,0,0
0,0,0
0,0,0
0,0,0
0,0,0
0,0,0
0,0,0
0,0,0
0,0,0
0,0,0
0,0,0
0,0,0
0,0,0
0,0,0
0,0,0
0,0,0
0,0,0
0,0,0
0,0,0
0,0,0
0,0,0
0,0,0
0,0,0
0,0,0
0,0,0
0,0,0
0,0,0
0,0,0
0,0,0
0,0,0
0,0,0
0,0,0
0,0,0
0,0,0
0,0,0
0,0,0
0,0,0
0,0,0
0,0,0
0,0,0
0.85408,4.2805,-0.174244
0.876506,4.25659,-0.173326
0.894941,4.21497,-0.171538
0.914392,4.18013,-0.170088
0.925339,4.10915,-0.16685
0.941755,4.06544,-0.164965
0.959056,4.02752,-0.163371
0.979246,4.00312,-0.162452
1.00185,3.98929,-0.162066
1.02705,3.98597,-0.162211
1.05276,3.98442,-0.162452
1.07302,3.96246,-0.161679
1.09758,3.95676,-0.161728
1.12211,3.95091,-0.161776
1.1377,3.91422,-0.160278
1.16027,3.90238,-0.160036
1.18216,3.88849,-0.159698
1.20096,3.86495,-0.158876
1.22617,3.86227,-0.159118
1.25507,3.87083,-0.159939
1.28131,3.87064,-0.160326
1.31654,3.89677,-0.162066
1.36969,3.97362,-0.166415
0,0,0
0,0,0
8.65262,23.6951,-1.18355
8.79158,23.6247,-1.18268
8.93177,23.5582,-1.18205
9.06967,23.4861,-1.18118
9.19936,23.3938,-1.1793
9.32936,23.3035,-1.17756
9.45748,23.2098,-1.17567
9.58632,23.119,-1.17398
9.71286,23.0239,-1.1721
9.83504,22.9198,-1.16978
9.95512,22.8123,-1.16731
10.0589,22.6695,-1.16301
10.1974,22.6065,-1.16296
10.3084,22.4835,-1.15977
4.58267,9.83393,-0.487982
10.5532,22.2913,-1.15634
10.6846,22.2153,-1.15576
4.08514,8.3604,-0.413269
4.13281,8.32802,-0.412882
4.09396,8.1241,-0.403217
4.11234,8.03747,-0.399882
4.16849,8.02538,-0.400607
4.21905,8.0023,-0.400752
2.0806,3.887,-0.176371
2.08963,3.84695,-0.174872
2.09489,3.80081,-0.173036
2.11183,3.77655,-0.172408
2.12659,3.74875,-0.171586
2.18192,3.79191,-0.174727
2.20666,3.78104,-0.174872
2.22473,3.75884,-0.174389
2.2421,3.73569,-0.173858
2.25252,3.70138,-0.172698
2.26156,3.66539,-0.171441
2.27607,3.63874,-0.170716
2.32669,3.66942,-0.173278
2.37129,3.68953,-0.175259
2.40587,3.69333,-0.176322
2.478,3.75353,-0.180672
2.53985,3.79637,-0.184055
2.54404,3.7526,-0.182411
2.56024,3.72704,-0.181832
2.55054,3.66453,-0.179077
2.5327,3.59166,-0.175694
7.60593,10.6507,-0.596282
7.75367,10.7179,-0.603096
7.51409,10.2536,-0.578111
2.6558,3.57654,-0.178594
7.82961,10.4137,-0.593431
7.54968,9.91407,-0.565981
7.60671,9.86281,-0.565691
7.69106,9.84666,-0.567576
6.43161,8.13056,-0.46464
6.55131,8.17826,-0.470053
7.97041,9.82599,-0.575212
6.74119,8.20686,-0.476915
8.14403,9.79196,-0.579271
8.21554,9.75555,-0.580141
8.28302,9.71408,-0.580721
8.4221,9.75532,-0.586617
8.51597,9.74257,-0.58913
8.61266,9.73202,-0.591836
8.71087,9.72214,-0.594639
8.79049,9.69071,-0.596089
9.07271,9.87938,-0.612037
9.18008,9.874,-0.615371
9.28088,9.8604,-0.618222
15.6584,16.4341,-1.06133
9.55027,9.90034,-0.628613
9.67852,9.91088,-0.6333
9.75319,9.86551,-0.634267
15.8436,15.8316,-1.04674
15.9191,15.7131,-1.04529
12.0191,11.7184,-0.775236
12.0995,11.6528,-0.775816
12.2091,11.6148,-0.778377
12.3172,11.5746,-0.780842
12.4005,11.5103,-0.781664
15.8941,14.573,-1.00638
15.9151,14.4136,-1.00194
4.32054,3.86379,-0.243497
4.33443,3.8286,-0.242868
15.7781,13.7694,-0.976276
15.7897,13.6097,-0.971636
4.37983,3.72745,-0.241322
15.8875,13.3577,-0.967335
4.52437,3.75574,-0.247556
4.50022,3.68927,-0.244608
4.50725,3.64902,-0.243641
4.51083,3.60632,-0.242482
4.36984,3.44981,-0.23243
4.37596,3.41126,-0.231511
4.53609,3.4916,-0.240017
4.43975,3.37423,-0.232865
4.45798,3.34513,-0.23272
4.49527,3.3302,-0.233735
4.32941,3.16631,-0.222571
4.32932,3.12565,-0.221411
4.39722,3.13382,-0.224311
4.46456,3.14069,-0.227162
4.50261,3.12635,-0.228274
4.76967,3.26867,-0.24282
10.5829,7.15917,-0.581252
10.1183,6.75465,-0.551676
9.21956,6.07311,-0.497212
10.2004,6.62998,-0.551676
11.8938,7.62746,-0.646687
10.7461,6.79859,-0.578305
11.0418,6.8912,-0.592803
10.309,6.34623,-0.548777
9.88676,6.00288,-0.52268
9.95426,5.96058,-0.52442
8.25339,4.87332,-0.4268
8.25897,4.80851,-0.425447
8.2528,4.73735,-0.423465
8.25825,4.67334,-0.422161
8.25188,4.60311,-0.420228
8.27472,4.54951,-0.419938
8.2129,4.4501,-0.415008
8.21451,4.38598,-0.413607
8.1785,4.30247,-0.410176
8.32535,4.31472,-0.416748
8.34989,4.26265,-0.416651
8.61949,4.33386,-0.429845
8.64234,4.27911,-0.429651
8.70973,4.24614,-0.431874
10.3303,4.95821,-0.517461
10.4797,4.95107,-0.52384
10.3469,4.81085,-0.515141
10.8776,4.97671,-0.541818
10.5418,4.74503,-0.52239
10.5807,4.6847,-0.522922
11.1322,4.84744,-0.550517
11.1764,4.78534,-0.55129
11.2092,4.71822,-0.551483
10.4092,4.30638,-0.508086
10.9813,4.46442,-0.536599
11.0864,4.42809,-0.540658
10.5397,4.13485,-0.51084
11.399,4.39155,-0.554093
11.3118,4.27841,-0.548197
11.5691,4.2948,-0.560134
11.3315,4.12765,-0.546554
11.7601,4.20227,-0.567286
11.7517,4.11813,-0.565546
11.2516,3.86546,-0.538677
11.3877,3.83429,-0.544427
11.9859,3.95402,-0.573713
12.0308,3.88716,-0.574777
12.4201,3.92898,-0.593334
12.0003,3.7153,-0.570862
12.2399,3.70734,-0.581832
12.6139,3.73631,-0.599568
12.6087,3.65078,-0.598167
12.2695,3.47108,-0.579996
12.2694,3.38988,-0.578933
12.3353,3.32676,-0.581204
13.0249,3.42721,-0.614695
12.7564,3.27297,-0.600245
13.0601,3.26566,-0.614405
13.0071,3.16773,-0.61078
12.9564,3.07126,-0.607301
13.1959,3.04267,-0.618271
13.342,2.99027,-0.624602
13.4967,2.93811,-0.631367
13.6083,2.87507,-0.636007
13.9564,2.8593,-0.652341
14.396,2.85746,-0.67317
14.8399,2.85108,-0.694192
15.3687,2.85506,-0.71937
15.6278,2.80411,-0.731259
15.6664,2.71192,-0.732322
15.6709,2.61377,-0.731742
15.6965,2.51915,-0.732225
15.7018,2.42127,-0.731742
15.7134,2.32444,-0.731597
15.7195,2.22686,-0.73121
15.7091,2.12714,-0.730051
15.6951,2.02726,-0.728746
15.6924,1.92909,-0.728021
15.7039,1.83276,-0.728021
11.0805,1.22397,-0.502431
15.7133,1.63867,-0.727441
15.723,1.54223,-0.727441
15.7292,1.44545,-0.727296
15.7348,1.34865,-0.727151
15.7378,1.25168,-0.726909
15.7422,1.15487,-0.726764
15.756,1.05873,-0.727103
15.7751,0.962825,-0.727731
15.7897,0.866506,-0.728166
15.7818,0.768973,-0.727538
15.7602,0.671016,-0.726281
15.7461,0.573645,-0.725411
15.7733,0.477745,-0.726571
15.7689,0.380784,-0.726233
15.769,0.283984,-0.726136
15.7534,0.18702,-0.725315
15.7403,0.0902737,-0.724638
15.7296,-0.00630509,-0.724106
15.7282,-0.102813,-0.724058
15.7273,-0.199318,-0.724058
15.7238,-0.295778,-0.723961
15.7177,-0.392152,-0.723768
15.71,-0.488432,-0.723527
15.6837,-0.583965,-0.722415
15.6669,-0.679626,-0.721787
15.6584,-0.775546,-0.721593
15.6544,-0.871665,-0.721642
15.6458,-0.967517,-0.721497
15.6335,-1.06309,-0.721207
15.6237,-1.15878,-0.721062
15.6143,-1.25446,-0.720965
15.5994,-1.34964,-0.720627
15.5739,-1.44377,-0.719805
15.5379,-1.53665,-0.718501
15.4626,-1.62507,-0.715311
15.3064,-1.70369,-0.708207
15.2977,-1.79781,-0.708304
15.4212,-1.90831,-0.714876
15.4141,-2.00354,-0.715118
15.2927,-2.08326,-0.709802
15.2312,-2.17015,-0.707434
15.1859,-2.25887,-0.705887
11.0045,-1.70629,-0.501852
10.9938,-1.77378,-0.501852
15.059,-2.52415,-0.701828
15.0088,-2.61051,-0.700136
14.966,-2.69777,-0.698832
14.9305,-2.78607,-0.697913
14.8906,-2.87328,-0.696802
14.8511,-2.9603,-0.695739
14.8101,-3.04674,-0.694627
14.7755,-3.13424,-0.693854
14.7629,-3.22634,-0.694192
14.7506,-3.31861,-0.694579
14.727,-3.40838,-0.694434
14.6864,-3.49406,-0.693467
14.6288,-3.57534,-0.691679
14.5717,-3.65628,-0.689939
14.5219,-3.73865,-0.688586
14.489,-3.82514,-0.688103
14.4518,-3.91032,-0.687426
14.4006,-3.99145,-0.686073
14.3518,-4.07292,-0.684865
14.3093,-4.15589,-0.683995
14.2643,-4.23792,-0.683029
14.2151,-4.3184,-0.681869
14.1693,-4.39962,-0.680902
14.1144,-4.47772,-0.679501
14.0553,-4.55409,-0.677906
14.0214,-4.63836,-0.677616
13.9917,-4.72399,-0.677568
13.9748,-4.81398,-0.678196
13.9544,-4.90294,-0.678679
13.9288,-4.99016,-0.678921
13.9138,-5.08135,-0.679742
13.9189,-5.18022,-0.681627
13.9261,-5.28039,-0.683657
13.9325,-5.38085,-0.685687
13.9244,-5.47611,-0.686991
13.9007,-5.56553,-0.687523
13.8691,-5.65185,-0.687668
13.8295,-5.73493,-0.687426
13.7609,-5.8057,-0.685687
13.6553,-5.86009,-0.682014
13.5522,-5.91461,-0.678486
13.46,-5.97295,-0.675538
13.3685,-6.03078,-0.672638
13.2667,-6.08314,-0.669207
13.1649,-6.13448,-0.665776
13.0891,-6.1972,-0.663746
13.0013,-6.25359,-0.661088
12.9465,-6.32535,-0.660218
12.8806,-6.39135,-0.658769
12.8126,-6.45589,-0.657222
12.7301,-6.51255,-0.654902
12.6757,-6.58317,-0.654129
12.6183,-6.65198,-0.653211
12.5535,-6.71656,-0.651906
12.4936,-6.78345,-0.650891
12.443,-6.85516,-0.650408
12.3885,-6.92456,-0.649732
12.3249,-6.98862,-0.648572
12.2679,-7.05615,-0.647798
12.189,-7.11066,-0.645817
12.1323,-7.17768,-0.645092
12.07,-7.2412,-0.644077
11.9904,-7.29385,-0.642096
11.9275,-7.35627,-0.641081
11.8551,-7.41237,-0.639535
11.7908,-7.47321,-0.638471
11.738,-7.5411,-0.638085
11.6882,-7.6108,-0.637891
11.6321,-7.67633,-0.63736
11.5623,-7.73256,-0.636055
11.4865,-7.78432,-0.634412
11.418,-7.84051,-0.633204
11.3557,-7.90073,-0.632382
11.276,-7.94839,-0.630546
11.2002,-7.99828,-0.628951
11.1371,-8.0569,-0.628129
11.0738,-8.11505,-0.627308
11.0142,-8.1757,-0.626728
10.9566,-8.23773,-0.626293
10.8892,-8.29209,-0.625278
10.8128,-8.33923,-0.623732
10.7299,-8.38083,-0.621799
10.6603,-8.43226,-0.620687
10.599,-8.49002,-0.620107
10.5351,-8.54546,-0.619382
10.4577,-8.58965,-0.617836
10.3864,-8.63833,-0.616676
10.3294,-8.69868,-0.616434
10.275,-8.76125,-0.616386
10.2181,-8.82152,-0.616193
9.25822,-8.09268,-0.558007
9.20016,-8.14206,-0.557476
9.99964,-8.95946,-0.612665
9.94004,-9.01662,-0.612375
9.88085,-9.07406,-0.612133
9.81182,-9.12228,-0.611263
9.72438,-9.15288,-0.609185
9.66081,-9.20548,-0.608702
9.60774,-9.26805,-0.608944
9.54711,-9.32334,-0.608702
9.47978,-9.37192,-0.608025
9.42139,-9.4292,-0.607977
9.33389,-9.45698,-0.605947
9.26244,-9.50048,-0.605029
9.18872,-9.54131,-0.603966
9.12174,-9.58883,-0.603386
9.06411,-9.64607,-0.603483
9.00339,-9.70004,-0.603386
8.93762,-9.74848,-0.602951
8.87831,-9.80388,-0.603
8.80933,-9.84849,-0.602371
8.72956,-9.88065,-0.60097
8.65497,-9.91823,-0.599955
8.59395,-9.97115,-0.599955
8.53326,-10.0245,-0.600003
8.47223,-10.0774,-0.600052
8.40003,-10.1169,-0.599278
8.33272,-10.1621,-0.598892
8.26581,-10.2076,-0.598553
8.19616,-10.2495,-0.598022
8.12569,-10.2902,-0.597442
8.05257,-10.3273,-0.596669
7.97564,-10.3591,-0.595605
7.89924,-10.3911,-0.594591
7.83473,-10.4386,-0.594542
7.76696,-10.4816,-0.594252
7.69543,-10.5194,-0.593672
7.62723,-10.5616,-0.593382
7.56924,-10.618,-0.593962
7.50107,-10.6601,-0.593721
7.42811,-10.6953,-0.593093
7.34935,-10.7217,-0.591981
7.28119,-10.7633,-0.591788
7.21889,-10.8136,-0.592126
7.14581,-10.8477,-0.591546
7.07694,-10.888,-0.591353
7.00029,-10.916,-0.590483
6.92357,-10.9436,-0.589613
6.8584,-10.9893,-0.589806
6.78875,-11.0277,-0.589613
6.72148,-11.07,-0.589661
6.66113,-11.1239,-0.590386
6.60036,-11.1775,-0.591111
6.53517,-11.2238,-0.591449
6.45474,-11.2438,-0.590338
6.37136,-11.258,-0.588936
6.30119,-11.2951,-0.58884
6.2361,-11.3414,-0.589275
6.16687,-11.3804,-0.589323
6.09316,-11.4109,-0.588936
6.0221,-11.4463,-0.58884
5.94715,-11.4742,-0.588356
5.88391,-11.5247,-0.58913
5.81488,-11.5642,-0.589323
4.84034,-9.77549,-0.490833
5.66246,-11.614,-0.588212
5.58547,-11.6368,-0.587583
5.51311,-11.6691,-0.587487
5.44435,-11.709,-0.587825
5.37448,-11.7468,-0.588067
5.30108,-11.7768,-0.587922
5.2275,-11.8063,-0.587777
5.15735,-11.8437,-0.588067
5.08341,-11.8724,-0.587922
5.00698,-11.895,-0.587487
4.93351,-11.9246,-0.587438
4.86063,-11.9556,-0.587487
4.78607,-11.9824,-0.587342
4.71464,-12.0171,-0.587632
4.62789,-12.0123,-0.585892
4.58025,-12.1096,-0.589468
4.50864,-12.1449,-0.589855
4.43472,-12.1743,-0.589951
4.36599,-12.2182,-0.590821
4.29887,-12.2673,-0.591981
4.23163,-12.3171,-0.593189
0,0,0
0,0,0
0,0,0
0,0,0
0,0,0
0,0,0
0,0,0
0,0,0
0,0,0
0,0,0
0,0,0
0,0,0
0,0,0
0,0,0
0,0,0
0,0,0
0,0,0
0,0,0
0,0,0
0,0,0
0,0,0
0,0,0
0,0,0
0,0,0
0,0,0
0,0,0
0,0,0
0,0,0
0,0,0
0,0,0
0,0,0
0,0,0
0,0,0
0,0,0
0,0,0
0,0,0
0,0,0
0,0,0
0,0,0
0,0,0
0,0,0
0,0,0
0,0,0
0,0,0
0,0,0
0,0,0
0,0,0
0,0,0
0,0,0
0,0,0
0,0,0
0,0,0
0,0,0
0,0,0
0,0,0
0,0,0
0,0,0
0,0,0
0,0,0
0,0,0
0,0,0
0,0,0
0,0,0
0,0,0
0,0,0
0,0,0
0,0,0
0,0,0
0,0,0
0,0,0
0,0,0
0,0,0
0,0,0
0,0,0
0,0,0
0,0,0
0,0,0
0,0,0
0,0,0
0,0,0
0,0,0
0,0,0
0,0,0
0,0,0
0,0,0
0,0,0
0,0,0
0,0,0
0,0,0
0,0,0
0,0,0
0,0,0
0,0,0
0,0,0
0,0,0
0,0,0
0,0,0
0,0,0
0,0,0
0,0,0
0,0,0
0,0,0
0,0,0
0,0,0
0,0,0
0,0,0
0,0,0
0,0,0
0,0,0
0,0,0
0,0,0
0,0,0
0,0,0
0,0,0
0,0,0
0,0,0
0,0,0
0,0,0
0,0,0
0,0,0
0,0,0
0,0,0
0,0,0
0,0,0
0,0,0
0,0,0
0,0,0
0,0,0
0,0,0
0,0,0
0,0,0
0,0,0
0,0,0
0,0,0
0,0,0
0,0,0
0,0,0
0,0,0
0,0,0
0,0,0
0,0,0
0,0,0
0,0,0
0,0,0
0,0,0
0,0,0
0,0,0
0,0,0
0,0,0
0,0,0
0,0,0
0,0,0
0,0,0
0,0,0
0,0,0
0,0,0
0,0,0
0,0,0
0,0,0
0,0,0
0,0,0
0,0,0
0,0,0
0,0,0
0,0,0
0,0,0
0,0,0
0,0,0
0,0,0
0,0,0
0,0,0
0,0,0
0,0,0
0,0,0
0,0,0
0,0,0
0,0,0
0,0,0
0,0,0
0,0,0
0,0,0
0,0,0
0,0,0
0,0,0
0,0,0
0,0,0
0,0,0
0,0,0
0,0,0
0,0,0
0,0,0
0,0,0
0,0,0
0,0,0
0,0,0
0,0,0
0,0,0
0,0,0
0,0,0
0,0,0
0,0,0
0,0,0
0,0,0
0,0,0
0,0,0
0,0,0
0,0,0
0,0,0
0,0,0
0,0,0
0,0,0
0,0,0
0,0,0
0,0,0
0,0,0
0,0,0
0,0,0
0,0,0
0,0,0
0,0,0
0,0,0
0,0,0
0,0,0
0,0,0
0,0,0
0,0,0
0,0,0
0,0,0
0,0,0
0,0,0
0,0,0
0,0,0
0,0,0
0,0,0
0,0,0
0,0,0
0,0,0
0,0,0
0,0,0
0,0,0
0,0,0
0,0,0
0,0,0
0,0,0
0,0,0
0,0,0
0,0,0
0,0,0
0,0,0
0,0,0
0,0,0
0,0,0
0,0,0
0,0,0
0,0,0
0,0,0
0,0,0
0,0,0
0,0,0
0,0,0
0,0,0
0,0,0
0,0,0
0,0,0
0,0,0
0,0,0
0,0,0
0,0,0
0,0,0
0,0,0
0,0,0
0,0,0
0,0,0
0,0,0
0,0,0
0,0,0
0,0,0
0,0,0
0,0,0
0,0,0
0,0,0
0,0,0
0,0,0
0,0,0
0,0,0
0,0,0
0,0,0
0,0,0
0,0,0
0,0,0
0,0,0
0,0,0
0,0,0
0,0,0
0,0,0
0,0,0
0,0,0
0,0,0
0,0,0
0,0,0
0,0,0
0,0,0
0,0,0
0,0,0
0,0,0
0,0,0
0,0,0
0,0,0
0,0,0
0,0,0
0,0,0
0,0,0
0,0,0
0,0,0
0,0,0
0,0,0
0,0,0
0,0,0
0,0,0
0,0,0
0,0,0
0,0,0
0,0,0
0,0,0
0,0,0
0,0,0
0,0,0
0,0,0
0,0,0
0,0,0
0,0,0
0,0,0
0,0,0
0,0,0
0,0,0
0,0,0
0,0,0
0,0,0
0,0,0
0,0,0
0,0,0
0,0,0
0,0,0
0,0,0
0,0,0
0,0,0
0,0,0
0,0,0
0,0,0
0,0,0
0,0,0
0,0,0
0,0,0
0,0,0
0,0,0
0,0,0
0,0,0
0,0,0
0,0,0
0,0,0
0,0,0
0,0,0
0,0,0
0,0,0
0,0,0
0,0,0
0,0,0
0,0,0
0,0,0
0,0,0
0,0,0
0,0,0
0,0,0
0,0,0
0,0,0
0,0,0
0,0,0
0,0,0
0,0,0
0,0,0
0,0,0
0,0,0
0,0,0
0,0,0
0,0,0
0,0,0
0,0,0
0,0,0
0,0,0
0,0,0
0,0,0
0,0,0
0,0,0
0,0,0
0,0,0
0,0,0
0,0,0
0,0,0
0,0,0
0,0,0
0,0,0
0,0,0
0,0,0
0,0,0
0,0,0
0,0,0
0,0,0
0,0,0
0,0,0
0,0,0
0,0,0
0,0,0
0,0,0
0,0,0
0,0,0
0,0,0
0,0,0
0,0,0
0,0,0
0,0,0
0,0,0
0,0,0
0,0,0
0,0,0
0,0,0
0,0,0
0,0,0
0,0,0
0,0,0
0,0,0
0,0,0
0,0,0
0,0,0
0,0,0
0,0,0
0,0,0
0,0,0
0,0,0
0,0,0
0,0,0
0,0,0
0,0,0
0,0,0
0,0,0
0,0,0
0,0,0
0,0,0
0,0,0
0,0,0
0,0,0
0,0,0
0,0,0
0,0,0
0,0,0
0,0,0
0,0,0
0,0,0
0,0,0
0,0,0
0,0,0
0,0,0
0,0,0
0,0,0
0,0,0
0,0,0
0,0,0
0,0,0
0,0,0
0,0,0
0,0,0
0,0,0
0,0,0
0,0,0
0,0,0
0,0,0
0,0,0
0,0,0
0,0,0
0,0,0
0,0,0
0,0,0
0,0,0
0,0,0
0,0,0
0,0,0
0,0,0
0,0,0
0,0,0
0,0,0
0,0,0
0,0,0
0,0,0
0,0,0
0,0,0
0,0,0
0,0,0
0,0,0
0,0,0
0,0,0
0,0,0
0,0,0
0,0,0
0,0,0
0,0,0
0,0,0
0,0,0
0,0,0
0,0,0
0,0,0
0,0,0
0,0,0
0,0,0
0,0,0
0,0,0
0,0,0
0,0,0
0,0,0
0,0,0
0,0,0
0,0,0
0,0,0
0,0,0
0,0,0
0,0,0
0,0,0
0,0,0
0,0,0
0,0,0
0,0,0
0,0,0
0,0,0
0,0,0
0,0,0
0,0,0
0,0,0
0,0,0
0,0,0
0,0,0
0,0,0
0,0,0
0,0,0
0,0,0
0,0,0
0,0,0
0,0,0
0,0,0
0,0,0
0,0,0
0,0,0
0,0,0
0,0,0
0,0,0
0,0,0
0,0,0
0,0,0
0,0,0
0,0,0
0,0,0
0,0,0
0,0,0
0,0,0
0,0,0
0,0,0
0,0,0
0,0,0
0,0,0
0,0,0
0,0,0
0,0,0
0,0,0
0,0,0
0,0,0
0,0,0
0,0,0
0,0,0
0,0,0
0,0,0
0,0,0
0,0,0
0,0,0
0,0,0
0.843263,4.23606,-0.223257
0.866626,4.2181,-0.222474
0.88918,4.19708,-0.221512
0.90725,4.15644,-0.219345
0.919819,4.09333,-0.215795
0,0,0
0.946432,3.98268,-0.209657
0.962326,3.94189,-0.20749
0.986495,3.93591,-0.20749
1.01635,3.95202,-0.208874
1.05789,4.01134,-0.212966
1.11453,4.12329,-0.220368
1.15953,4.18756,-0.224821
1.1852,4.18037,-0.224821
1.21417,4.18452,-0.225544
1.23244,4.15211,-0.223979
1.24426,4.09958,-0.221151
1.26821,4.08806,-0.22091
1.29779,4.09447,-0.221813
1.32258,4.08548,-0.221752
1.35421,4.09719,-0.223016
1.3806,4.09259,-0.223257
1.40763,4.0897,-0.223618
1.42543,4.06027,-0.222294
1.45738,4.07118,-0.223558
6.98287,19.1315,-1.19067
7.09978,19.0874,-1.19061
7.20403,19.0099,-1.18844
7.30723,18.9308,-1.18622
7.42106,18.8801,-1.18586
7.52713,18.8101,-1.18429
7.63487,18.7451,-1.18309
7.75127,18.7016,-1.18333
7.8554,18.6288,-1.1817
7.95185,18.539,-1.179
8.0455,18.4441,-1.17599
8.15205,18.3798,-1.17502
8.25892,18.3167,-1.17418
8.35743,18.2357,-1.1722
3.95541,8.49312,-0.527695
8.54984,18.0668,-1.16786
8.65578,18.0041,-1.1672
4.09223,8.38031,-0.525107
4.13382,8.33537,-0.523783
4.07578,8.09321,-0.50916
4.13718,8.09116,-0.510725
4.17341,8.03993,-0.508979
4.22592,8.02035,-0.509401
2.07287,3.87665,-0.22789
2.05995,3.79631,-0.223257
2.04276,3.71015,-0.218202
2.04552,3.66182,-0.215735
2.05565,3.62749,-0.21423
2.0709,3.60269,-0.213388
2.09196,3.58819,-0.213267
2.12562,3.59505,-0.214651
2.14713,3.58108,-0.214591
2.1618,3.5559,-0.213749
2.18096,3.53832,-0.213448
2.18358,3.4944,-0.211281
2.19911,3.47166,-0.21062
2.21228,3.4455,-0.209717
2.23556,3.43521,-0.209958
2.25934,3.42559,-0.210258
2.39682,3.58593,-0.222896
2.41374,3.56372,-0.222354
2.43386,3.54637,-0.222174
2.45159,3.52564,-0.221752
2.47145,3.50808,-0.221572
2.49525,3.4961,-0.221813
2.51665,3.48072,-0.221813
2.54268,3.47166,-0.222294
8.56856,11.5482,-0.829786
8.63446,11.4891,-0.829304
8.70177,11.4319,-0.829003
8.61939,11.1807,-0.813959
10.8619,13.9119,-1.02693
6.43609,8.14019,-0.588474
6.55829,8.19093,-0.595455
6.60591,8.14743,-0.595214
6.74066,8.21012,-0.603278
8.50626,10.2318,-0.765035
8.28281,9.8396,-0.738256
8.33526,9.77947,-0.737534
8.40489,9.73948,-0.738436
8.51375,9.7441,-0.74295
8.60645,9.72906,-0.745958
8.69196,9.70506,-0.748305
8.8137,9.72032,-0.753902
11.1785,12.1772,-0.959408
11.2428,12.0974,-0.958505
11.3093,12.0202,-0.957843
11.3436,11.9094,-0.954413
11.379,11.8007,-0.951164
11.3933,11.6714,-0.946169
11.4198,11.5558,-0.942317
6.66151,6.65886,-0.530704
11.4791,11.3342,-0.935397
6.94709,6.77594,-0.547914
11.5612,11.1384,-0.930703
11.6135,11.0522,-0.929379
11.6636,10.9643,-0.927935
11.7263,10.8884,-0.927574
6.8736,6.30462,-0.525167
6.86333,6.21809,-0.521196
6.85524,6.13459,-0.517465
11.951,10.563,-0.924445
7.97751,6.96442,-0.601292
8.0836,6.97009,-0.606347
8.05629,6.86082,-0.60081
8.54514,7.18711,-0.636014
8.5814,7.12817,-0.635412
4.53541,3.7208,-0.316532
4.50309,3.64829,-0.312259
4.4833,3.58692,-0.30901
4.46606,3.52841,-0.306001
4.4097,3.44016,-0.300043
4.40938,3.39659,-0.298418
4.41186,3.35558,-0.297034
4.38607,3.29368,-0.293544
4.28912,3.17992,-0.284758
4.29325,3.14234,-0.283615
4.2995,3.10659,-0.282652
4.29572,3.06392,-0.280967
4.28669,3.01797,-0.278921
4.28791,2.97965,-0.277657
8.31936,5.70526,-0.571022
8.21533,5.56012,-0.560913
8.31902,5.55618,-0.565968
8.62551,5.68464,-0.585646
8.59411,5.58862,-0.580892
8.4098,5.39564,-0.565245
8.66205,5.48273,-0.580892
8.56767,5.34966,-0.571805
8.70063,5.35875,-0.578906
8.29569,5.03942,-0.548035
8.21171,4.91969,-0.539971
8.20221,4.84586,-0.537203
8.19556,4.77433,-0.534675
8.18229,4.6996,-0.531727
8.17622,4.62963,-0.529319
8.16787,4.55895,-0.526792
8.15021,4.48373,-0.523663
8.14422,4.41556,-0.521376
8.12978,4.34339,-0.518548
8.14656,4.28832,-0.517886
8.2507,4.27868,-0.523181
8.30169,4.24069,-0.524866
8.52462,4.28881,-0.538166
8.57403,4.24794,-0.53973
8.74438,4.26571,-0.549419
9.30038,4.46648,-0.584863
9.35378,4.4217,-0.586608
9.1418,4.25307,-0.570722
9.21856,4.22016,-0.574091
9.60379,4.32542,-0.597862
9.6265,4.2648,-0.597621
9.70922,4.23037,-0.601352
9.51478,4.07638,-0.586909
9.56537,4.02877,-0.588594
9.71904,4.02345,-0.597019
9.8471,4.00586,-0.603759
9.97809,3.98796,-0.610679
10.1269,3.97554,-0.618743
10.1529,3.91404,-0.618864
10.0619,3.80822,-0.611462
10.043,3.73077,-0.608754
10.0657,3.66907,-0.608754
10.2112,3.65126,-0.616637
10.4368,3.65988,-0.629635
10.4431,3.59026,-0.628612
9.93326,3.34701,-0.594793
10.1963,3.36609,-0.610198
10.2471,3.31329,-0.612124
10.2777,3.25367,-0.612786
10.6226,3.29127,-0.633306
10.6656,3.23298,-0.63475
10.6306,3.1513,-0.63132
10.692,3.09824,-0.633968
10.7915,3.05542,-0.639023
10.8196,2.9918,-0.639625
10.9977,2.96853,-0.649614
11.1017,2.92362,-0.65497
11.1378,2.86016,-0.656113
11.4262,2.85961,-0.672963
11.7161,2.85587,-0.689873
12.0044,2.84821,-0.706662
12.3095,2.84093,-0.724475
12.652,2.83832,-0.744574
12.7794,2.78464,-0.751374
12.8656,2.72084,-0.755647
12.8596,2.63724,-0.754263
12.8667,2.55653,-0.753721
12.8782,2.47678,-0.753481
12.8784,2.39498,-0.752578
12.8831,2.31415,-0.751976
12.896,2.23488,-0.751916
12.9125,2.15621,-0.752096
12.9166,2.07551,-0.751555
12.9024,1.99211,-0.74993
12.9115,1.91246,-0.74975
12.9269,1.83376,-0.74999
12.9122,1.75093,-0.748426
12.9098,1.67,-0.747643
12.9198,1.59076,-0.747643
12.9194,1.51029,-0.747042
11.0732,1.2257,-0.63451
11.0646,1.15607,-0.633547
12.9421,1.27194,-0.746861
12.9496,1.1925,-0.746861
12.9617,1.11345,-0.747162
12.9613,1.03334,-0.746741
12.9604,0.953283,-0.746319
12.9839,0.874949,-0.747403
12.999,0.795875,-0.748004
13.0116,0.716538,-0.748486
12.9829,0.635078,-0.7465
12.9796,0.555106,-0.746079
12.9728,0.475089,-0.745477
12.9684,0.395269,-0.745056
12.9587,0.315397,-0.744334
12.9544,0.23577,-0.743973
12.9645,0.156387,-0.744514
12.9772,0.0769056,-0.745236
12.9635,-0.00271932,-0.744394
12.9333,-0.0820708,-0.742588
12.9435,-0.161564,-0.74325
12.9393,-0.240925,-0.74307
12.9196,-0.319869,-0.741987
12.8974,-0.398519,-0.740783
12.8828,-0.477205,-0.740061
12.8786,-0.5562,-0.740001
12.878,-0.635359,-0.740181
12.8748,-0.71442,-0.740242
12.8782,-0.793896,-0.740723
12.884,-0.873644,-0.741385
12.8824,-0.952976,-0.741626
12.8803,-1.03232,-0.741866
12.8797,-1.11185,-0.742227
12.8805,-1.19159,-0.742709
12.8819,-1.27149,-0.74325
12.8788,-1.35103,-0.743551
12.8733,-1.43035,-0.743732
12.8623,-1.50908,-0.743611
12.8508,-1.58773,-0.743491
12.8408,-1.66655,-0.743491
12.8373,-1.74625,-0.743912
12.8362,-1.82639,-0.744514
12.8178,-1.9041,-0.744093
10.9919,-1.70179,-0.633426
10.9862,-1.76999,-0.633727
12.6822,-2.12322,-0.738075
12.666,-2.20049,-0.737895
12.6257,-2.27338,-0.73627
12.5919,-2.34715,-0.735066
12.5469,-2.41851,-0.733201
12.5151,-2.49214,-0.732178
12.4908,-2.56707,-0.731636
12.4612,-2.64077,-0.730794
12.4252,-2.71292,-0.72959
12.4015,-2.78758,-0.729169
12.3832,-2.86339,-0.729109
12.3557,-2.93701,-0.728507
12.3316,-3.01135,-0.728146
12.3216,-3.08914,-0.728687
12.3092,-3.16643,-0.729109
12.2953,-3.24343,-0.72947
12.227,-3.30578,-0.726461
12.2084,-3.38128,-0.726581
12.1827,-3.45476,-0.72628
12.1603,-3.52917,-0.72622
12.1336,-3.6023,-0.725919
12.0903,-3.6703,-0.724595
12.058,-3.74145,-0.723994
12.03,-3.81386,-0.723693
11.9988,-3.88515,-0.723211
11.9653,-3.95556,-0.72261
11.9304,-4.02539,-0.721948
11.8818,-4.0904,-0.720443
11.8302,-4.15397,-0.718758
11.7838,-4.21907,-0.717434
11.753,-4.28959,-0.717133
11.7227,-4.36023,-0.716893
11.6873,-4.42889,-0.716351
11.6459,-4.49513,-0.715448
11.607,-4.56212,-0.714726
11.5732,-4.63103,-0.714365
11.5335,-4.69743,-0.713643
11.4906,-4.76238,-0.71274
11.4584,-4.83163,-0.71256
11.4267,-4.90106,-0.71244
11.3827,-4.9651,-0.711537
11.3511,-5.03444,-0.711477
11.3255,-5.10646,-0.711838
11.2821,-5.17045,-0.711055
11.243,-5.2362,-0.710574
11.2106,-5.30509,-0.710574
11.1923,-5.3807,-0.711537
11.1608,-5.45015,-0.711657
11.1129,-5.51143,-0.710694
11.0637,-5.57188,-0.709671
11.0293,-5.63966,-0.709671
10.9865,-5.70309,-0.70913
10.9354,-5.76202,-0.708047
10.8884,-5.82289,-0.707264
10.8314,-5.87816,-0.70582
10.7803,-5.93633,-0.704797
10.7236,-5.99116,-0.703413
10.6597,-6.04159,-0.701547
10.6051,-6.09693,-0.700344
10.5486,-6.15083,-0.69902
10.4909,-6.20375,-0.697636
10.4321,-6.25568,-0.696192
10.3815,-6.31231,-0.695349
10.3256,-6.36542,-0.694146
10.2517,-6.40696,-0.691678
10.197,-6.46013,-0.690595
10.1471,-6.5161,-0.689873
10.0935,-6.56953,-0.68891
10.0413,-6.62364,-0.688068
9.98724,-6.67625,-0.687105
9.93947,-6.73293,-0.686623
9.8881,-6.78701,-0.685901
9.83643,-6.84072,-0.685179
9.78448,-6.89404,-0.684457
9.72737,-6.94351,-0.683374
9.67812,-6.99839,-0.682892
9.63016,-7.0541,-0.682531
9.57708,-7.10592,-0.681809
9.50696,-7.14476,-0.679823
9.43515,-7.1818,-0.677717
9.37825,-7.2298,-0.676754
9.32664,-7.28168,-0.676213
9.28256,-7.33939,-0.676273
9.23424,-7.39371,-0.676032
9.16776,-7.43326,-0.674407
9.11272,-7.48177,-0.673685
9.0582,-7.53053,-0.673023
9.0019,-7.57761,-0.672241
8.94004,-7.61975,-0.671037
8.88556,-7.66794,-0.670436
8.83308,-7.71772,-0.670014
8.78332,-7.76979,-0.669834
8.73027,-7.81887,-0.669413
8.66956,-7.86089,-0.66839
8.60793,-7.90179,-0.667306
8.5527,-7.94834,-0.666765
8.49359,-7.9911,-0.665922
8.4285,-8.02792,-0.664598
8.37333,-8.07394,-0.664117
8.32435,-8.12586,-0.664177
8.27291,-8.17538,-0.664057
8.20919,-8.21258,-0.662913
8.14742,-8.25143,-0.661951
8.08758,-8.29197,-0.661168
8.02685,-8.33138,-0.660326
7.96113,-8.36529,-0.659062
7.89871,-8.40234,-0.658099
7.84905,-8.45284,-0.65828
7.80041,-8.50452,-0.658581
7.74406,-8.54779,-0.65822
7.68414,-8.58696,-0.657558
7.6247,-8.62647,-0.656956
7.56178,-8.66181,-0.656053
7.50783,-8.70729,-0.655993
7.44585,-8.74331,-0.655211
7.38692,-8.78272,-0.654729
5.58155,-6.71933,-0.489482
7.27099,-8.86345,-0.654007
7.2083,-8.89781,-0.653225
7.15232,-8.94032,-0.653105
7.10043,-8.98795,-0.653405
7.04514,-9.03135,-0.653405
6.98411,-9.06729,-0.652864
6.9217,-9.10123,-0.652202
6.85794,-9.13316,-0.65142
6.79404,-9.16464,-0.650637
6.72707,-9.19165,-0.649554
6.66411,-9.22386,-0.648892
6.61203,-9.27108,-0.649374
6.55961,-9.318,-0.649855
6.50061,-9.35562,-0.649674
6.4363,-9.38545,-0.648952
6.36405,-9.40327,-0.647388
6.29625,-9.4272,-0.646304
6.22566,-9.44649,-0.64492
6.16268,-9.47698,-0.644379
6.10819,-9.52049,-0.6448
6.04859,-9.55611,-0.64468
5.98508,-9.58542,-0.644138
5.9183,-9.60921,-0.643235
5.85768,-9.64279,-0.643055
5.79224,-9.66827,-0.642333
5.72976,-9.69847,-0.641972
5.66763,-9.72914,-0.641671
5.60982,-9.76719,-0.641912
5.54929,-9.80056,-0.641851
5.48905,-9.83442,-0.641851
5.42861,-9.86792,-0.641851
5.3613,-9.88876,-0.641009
5.29723,-9.91531,-0.640588
5.24419,-9.96264,-0.641611
5.18572,-9.99994,-0.641972
5.12608,-10.0351,-0.642212
4.90471,-9.74895,-0.620789
4.82885,-9.74666,-0.618623
4.77946,-9.79763,-0.620067
4.86919,-10.139,-0.640949
4.80688,-10.1687,-0.640949
4.7444,-10.198,-0.640949
4.67509,-10.2124,-0.639986
4.61644,-10.25,-0.640588
4.55103,-10.2727,-0.640227
4.48791,-10.3004,-0.640227
4.42463,-10.3277,-0.640227
4.36118,-10.3547,-0.640227
4.2987,-10.384,-0.640407
4.23604,-10.413,-0.640588
4.17095,-10.436,-0.640407
4.10793,-10.4642,-0.640588
4.0458,-10.4948,-0.640949
3.97921,-10.5138,-0.640588
3.91463,-10.538,-0.640588
3.8516,-10.5665,-0.640889
3.78602,-10.5881,-0.640768
3.72462,-10.6215,-0.64143
3.66327,-10.6554,-0.642152
3.58953,-10.6531,-0.640588
3.53036,-10.6939,-0.641791
3.43673,-10.6289,-0.636315
0,0,0
0,0,0
0,0,0
0,0,0
0,0,0
0,0,0
0,0,0
0,0,0
0,0,0
0,0,0
0,0,0
0,0,0
0,0,0
0,0,0
0,0,0
0,0,0
0,0,0
0,0,0
0,0,0
0,0,0
0,0,0
0,0,0
0,0,0
0,0,0
0,0,0
0,0,0
0,0,0
0,0,0
0,0,0
0,0,0
0,0,0
0,0,0
0,0,0
0,0,0
0,0,0
0,0,0
0,0,0
0,0,0
0,0,0
0,0,0
0,0,0
0,0,0
0,0,0
0,0,0
0,0,0
0,0,0
0,0,0
0,0,0
0,0,0
0,0,0
0,0,0
0,0,0
0,0,0
0,0,0
0,0,0
0,0,0
0,0,0
0,0,0
0,0,0
0,0,0
0,0,0
0,0,0
0,0,0
0,0,0
0,0,0
0,0,0
0,0,0
0,0,0
0,0,0
0,0,0
0,0,0
0,0,0
0,0,0
0,0,0
0,0,0
0,0,0
0,0,0
0,0,0
0,0,0
0,0,0
0,0,0
0,0,0
0,0,0
0,0,0
0,0,0
0,0,0
0,0,0
0,0,0
0,0,0
0,0,0
0,0,0
0,0,0
0,0,0
0,0,0
0,0,0
0,0,0
0,0,0
0,0,0
0,0,0
0,0,0
0,0,0
0,0,0
0,0,0
0,0,0
0,0,0
0,0,0
0,0,0
0,0,0
0,0,0
0,0,0
0,0,0
0,0,0
0,0,0
0,0,0
0,0,0
0,0,0
0,0,0
0,0,0
0,0,0
0,0,0
0,0,0
0,0,0
0,0,0
0,0,0
0,0,0
0,0,0
0,0,0
0,0,0
0,0,0
0,0,0
0,0,0
0,0,0
0,0,0
0,0,0
0,0,0
0,0,0
0,0,0
0,0,0
0,0,0
0,0,0
0,0,0
0,0,0
0,0,0
0,0,0
0,0,0
0,0,0
0,0,0
0,0,0
0,0,0
0,0,0
0,0,0
0,0,0
0,0,0
0,0,0
0,0,0
0,0,0
0,0,0
0,0,0
0,0,0
0,0,0
0,0,0
0,0,0
0,0,0
0,0,0
0,0,0
0,0,0
0,0,0
0,0,0
0,0,0
0,0,0
0,0,0
0,0,0
0,0,0
0,0,0
0,0,0
0,0,0
0,0,0
0,0,0
0,0,0
0,0,0
0,0,0
0,0,0
0,0,0
0,0,0
0,0,0
0,0,0
0,0,0
0,0,0
0,0,0
0,0,0
0,0,0
0,0,0
0,0,0
0,0,0
0,0,0
0,0,0
0,0,0
0,0,0
0,0,0
0,0,0
0,0,0
0,0,0
0,0,0
0,0,0
0,0,0
0,0,0
0,0,0
0,0,0
0,0,0
0,0,0
0,0,0
0,0,0
0,0,0
0,0,0
0,0,0
0,0,0
0,0,0
0,0,0
0,0,0
0,0,0
0,0,0
0,0,0
0,0,0
0,0,0
0,0,0
0,0,0
0,0,0
0,0,0
0,0,0
0,0,0
0,0,0
0,0,0
0,0,0
0,0,0
0,0,0
0,0,0
0,0,0
0,0,0
0,0,0
0,0,0
0,0,0
0,0,0
0,0,0
0,0,0
0,0,0
0,0,0
0,0,0
0,0,0
0,0,0
0,0,0
0,0,0
0,0,0
0,0,0
0,0,0
0,0,0
0,0,0
0,0,0
0,0,0
0,0,0
0,0,0
0,0,0
0,0,0
0,0,0
0,0,0
0,0,0
0,0,0
0,0,0
0,0,0
0,0,0
0,0,0
0,0,0
0,0,0
0,0,0
0,0,0
0,0,0
0,0,0
0,0,0
0,0,0
0,0,0
0,0,0
0,0,0
0,0,0
0,0,0
0,0,0
0,0,0
0,0,0
0,0,0
0,0,0
0,0,0
0,0,0
0,0,0
0,0,0
0,0,0
0,0,0
0,0,0
0,0,0
0,0,0
0,0,0
0,0,0
0,0,0
0,0,0
0,0,0
0,0,0
0,0,0
0,0,0
0,0,0
0,0,0
0,0,0
0,0,0
0,0,0
0,0,0
0,0,0
0,0,0
0,0,0
0,0,0
0,0,0
0,0,0
0,0,0
0,0,0
0,0,0
0,0,0
0,0,0
0,0,0
0,0,0
0,0,0
0,0,0
0,0,0
0,0,0
0,0,0
0,0,0
0,0,0
0,0,0
0,0,0
0,0,0
0,0,0
0,0,0
0,0,0
0,0,0
0,0,0
0,0,0
0,0,0
0,0,0
0,0,0
0,0,0
0,0,0
0,0,0
0,0,0
0,0,0
0,0,0
0,0,0
0,0,0
0,0,0
0,0,0
0,0,0
0,0,0
0,0,0
0,0,0
0,0,0
0,0,0
0,0,0
0,0,0
0,0,0
0,0,0
0,0,0
0,0,0
0,0,0
0,0,0
0,0,0
0,0,0
0,0,0
0,0,0
0,0,0
0,0,0
0,0,0
0,0,0
0,0,0
0,0,0
0,0,0
0,0,0
0,0,0
0,0,0
0,0,0
0,0,0
0,0,0
0,0,0
0,0,0
0,0,0
0,0,0
0,0,0
0,0,0
0,0,0
0,0,0
0,0,0
0,0,0
0,0,0
0,0,0
0,0,0
0,0,0
0,0,0
0,0,0
0,0,0
0,0,0
0,0,0
0,0,0
0,0,0
0,0,0
0,0,0
0,0,0
0,0,0
0,0,0
0,0,0
0,0,0
0,0,0
0,0,0
0,0,0
0,0,0
0,0,0
0,0,0
0,0,0
0,0,0
0,0,0
0,0,0
0,0,0
0,0,0
0,0,0
0,0,0
0,0,0
0,0,0
0,0,0
0,0,0
0,0,0
0,0,0
0,0,0
0,0,0
0,0,0
0,0,0
0,0,0
0,0,0
0,0,0
0,0,0
0,0,0
0,0,0
0,0,0
0,0,0
0,0,0
0,0,0
0,0,0
0,0,0
0,0,0
0,0,0
0,0,0
0,0,0
0,0,0
0,0,0
0,0,0
0,0,0
0,0,0
0,0,0
0,0,0
0,0,0
0,0,0
0,0,0
0,0,0
0,0,0
0,0,0
0,0,0
0,0,0
0,0,0
0,0,0
0,0,0
0,0,0
0,0,0
0,0,0
0,0,0
0,0,0
0,0,0
0,0,0
0,0,0
0,0,0
0,0,0
0,0,0
0,0,0
0,0,0
0,0,0
0,0,0
0,0,0
0,0,0
0,0,0
0,0,0
0,0,0
0,0,0
0,0,0
0,0,0
0,0,0
0,0,0
0,0,0
0,0,0
0,0,0
0,0,0
0,0,0
0,0,0
0,0,0
0,0,0
0,0,0
0,0,0
0,0,0
0,0,0
0,0,0
0,0,0
0,0,0
0,0,0
0,0,0
0,0,0
0,0,0
0,0,0
0,0,0
0,0,0
0,0,0
0,0,0
0,0,0
0,0,0
0,0,0
0,0,0
0,0,0
0,0,0
0,0,0
0,0,0
0,0,0
0,0,0
0,0,0
0,0,0
0,0,0
0,0,0
0,0,0
0,0,0
0,0,0
0,0,0
0,0,0
0,0,0
0,0,0
0,0,0
0,0,0
0,0,0
0,0,0
0,0,0
0,0,0
0,0,0
0,0,0
0,0,0
0,0,0
0,0,0
0,0,0
0,0,0
0,0,0
0,0,0
0,0,0
0,0,0
0,0,0
0,0,0
0,0,0
0,0,0
0,0,0
0,0,0
0,0,0
0,0,0
0,0,0
0,0,0
0,0,0
0,0,0
0,0,0
0,0,0
0,0,0
0,0,0
0,0,0
0,0,0
0,0,0
0,0,0
0,0,0
0,0,0
0,0,0
0,0,0
0,0,0
0,0,0
0,0,0
0,0,0
0,0,0
0,0,0
0,0,0
0,0,0
0,0,0
0,0,0
0,0,0
0,0,0
0,0,0
0,0,0
0,0,0
0,0,0
0,0,0
0,0,0
0,0,0
0,0,0
0,0,0
0,0,0
0,0,0
0,0,0
0,0,0
0,0,0
0,0,0
0,0,0
0.805424,4.16965,-0.272295
0,0,0
0.853719,4.14578,-0.271277
0.87852,4.13753,-0.271059
0.897293,4.10186,-0.268805
0,0,0
0,0,0
0.941489,3.95366,-0.258988
0.959103,3.92068,-0.256952
0.991634,3.94858,-0.259497
0,0,0
0,0,0
1.13785,4.20212,-0.280076
1.17186,4.22485,-0.28233
1.20212,4.23293,-0.283494
1.22585,4.21781,-0.282912
1.24858,4.1997,-0.282112
1.27056,4.17955,-0.281167
1.295,4.16787,-0.280876
1.31813,4.15224,-0.280294
1.33682,4.1232,-0.278694
1.35427,4.09124,-0.276876
1.37648,4.07435,-0.276222
1.4008,4.06394,-0.276077
1.42736,4.05998,-0.27644
1.45595,4.06147,-0.27724
5.59446,15.3191,-1.15172
5.66435,15.22,-1.14671
5.72511,15.0992,-1.14002
5.80543,15.0321,-1.13754
5.8742,14.9368,-1.13289
5.94313,14.844,-1.12845
6.00926,14.7463,-1.12365
6.08359,14.6705,-1.1206
6.1607,14.6025,-1.1182
6.23288,14.5241,-1.115
6.30433,14.4454,-1.1118
6.37222,14.36,-1.10809
6.43807,14.2715,-1.10417
6.50515,14.1873,-1.1006
3.92981,8.43256,-0.640965
3.95758,8.35781,-0.636893
4.00965,8.33517,-0.637039
4.09267,8.37583,-0.642347
4.08903,8.23977,-0.63333
4.08252,8.1014,-0.624095
4.1258,8.06377,-0.623077
4.17796,8.04361,-0.623514
2.08111,3.946,-0.287929
4.27964,7.99789,-0.624023
2.12176,3.90614,-0.286766
2.13414,3.87208,-0.285021
2.06542,3.69349,-0.271205
2.08804,3.68075,-0.271205
2.11357,3.67306,-0.271641
2.11094,3.61694,-0.268005
2.12345,3.58761,-0.266623
2.13568,3.55827,-0.265242
2.14918,3.53146,-0.264078
2.16034,3.50123,-0.262624
2.1712,3.47099,-0.26117
2.18392,3.44413,-0.260006
2.19477,3.41472,-0.258625
2.22493,3.4154,-0.259861
2.25189,3.41084,-0.260661
2.31324,3.45748,-0.265969
2.36574,3.48946,-0.270041
2.39558,3.48721,-0.271132
2.41921,3.47572,-0.271423
2.44394,3.4657,-0.271859
2.46284,3.44739,-0.271568
2.47225,3.41605,-0.270114
2.48432,3.38875,-0.269023
2.49734,3.36303,-0.268078
2.51853,3.34844,-0.268151
8.55896,11.2397,-0.992693
8.48769,11.0053,-0.975968
8.54155,10.9357,-0.974368
6.4419,8.14357,-0.719717
6.5491,8.17551,-0.726407
8.72003,10.7503,-0.971896
6.73882,8.20397,-0.736732
5.83378,7.01372,-0.627804
5.85358,6.95032,-0.625186
6.39564,7.5002,-0.681323
5.70252,6.60466,-0.598863
6.5292,7.46922,-0.685977
5.84659,6.60589,-0.605844
6.37015,7.10921,-0.658635
5.88835,6.4908,-0.601626
6.42925,7.00039,-0.655654
6.39671,6.87972,-0.647583
6.77714,7.19987,-0.683577
6.88723,7.22747,-0.690558
6.75213,6.99915,-0.671724
6.88831,7.05321,-0.681468
6.62366,6.69942,-0.649546
6.01703,6.01146,-0.582793
6.03748,5.95831,-0.58112
6.81012,6.63903,-0.65609
6.82415,6.57152,-0.6534
6.57532,6.25453,-0.624313
6.59613,6.19767,-0.622568
6.63331,6.1564,-0.622496
5.99909,5.4995,-0.556033
6.08151,5.50677,-0.560832
6.39838,5.72271,-0.588537
6.67552,5.89732,-0.612097
6.57257,5.73492,-0.598645
6.67789,5.75505,-0.605407
6.57714,5.59823,-0.592391
5.06482,4.25733,-0.445069
5.07243,4.21088,-0.443323
5.05345,4.14299,-0.439106
4.47037,3.61915,-0.382024
4.47146,3.57483,-0.38006
4.43931,3.50467,-0.375043
4.42219,3.44732,-0.37148
4.48119,3.44932,-0.37497
4.48322,3.40728,-0.373225
4.51839,3.39048,-0.374534
4.55434,3.37398,-0.375916
4.57978,3.3495,-0.376352
4.47089,3.2279,-0.364717
4.45244,3.17319,-0.3613
4.45797,3.13606,-0.360064
4.42634,3.07337,-0.355555
7.33652,5.02848,-0.611152
7.49692,5.07112,-0.622568
7.41178,4.94749,-0.612388
7.48697,4.93155,-0.616315
7.52377,4.88987,-0.616896
7.51586,4.81938,-0.613624
7.59164,4.8025,-0.617624
7.6362,4.76534,-0.618932
7.70351,4.74193,-0.622205
7.70944,4.68059,-0.620241
7.86037,4.70648,-0.63064
7.85046,4.63534,-0.627368
7.85031,4.57052,-0.624968
7.92664,4.55007,-0.62904
7.99,4.52149,-0.632021
8.05069,4.49085,-0.634785
8.09819,4.45242,-0.636457
7.86143,4.2596,-0.61457
7.80032,4.16477,-0.607371
8.02167,4.21993,-0.623514
8.04918,4.17155,-0.623659
8.15102,4.16109,-0.629913
8.13095,4.08815,-0.626204
8.17018,4.04526,-0.627368
8.39207,4.09123,-0.643365
8.36217,4.01333,-0.638929
8.39565,3.96621,-0.639657
8.24529,3.83344,-0.625622
8.53075,3.90272,-0.646637
8.55181,3.84908,-0.646419
8.1339,3.60106,-0.611225
8.7127,3.79363,-0.655509
8.69364,3.72203,-0.652164
8.72367,3.67172,-0.652745
8.7488,3.61926,-0.652964
8.81057,3.58167,-0.65609
8.74902,3.49424,-0.649546
8.93092,3.50352,-0.662126
8.94666,3.4465,-0.66169
8.99003,3.40001,-0.663435
9.02007,3.34826,-0.664162
9.03763,3.29183,-0.663944
9.07175,3.24135,-0.665034
9.09053,3.18529,-0.664962
9.1099,3.12945,-0.664962
9.13744,3.07636,-0.665616
9.19876,3.0343,-0.668888
9.24662,2.98731,-0.671143
9.30757,2.94406,-0.674415
9.36738,2.89988,-0.677614
9.48713,2.87329,-0.685395
9.6528,2.85894,-0.696666
9.8426,2.8496,-0.709755
10.0585,2.84537,-0.724807
10.2844,2.84126,-0.740586
10.5443,2.84357,-0.758911
10.7718,2.83416,-0.774763
10.8557,2.78512,-0.77978
10.9335,2.73371,-0.784361
10.9588,2.66869,-0.785016
10.973,2.60094,-0.78487
11.0043,2.53715,-0.786034
11.0304,2.47198,-0.786834
11.0619,2.40786,-0.78807
11.0619,2.33685,-0.786979
11.0682,2.26733,-0.786397
11.0819,2.19937,-0.786397
11.0863,2.12964,-0.785743
11.0972,2.06121,-0.785598
11.0959,1.99061,-0.78458
11.0745,1.9167,-0.782107
11.0831,1.84822,-0.781889
11.0893,1.77939,-0.781525
11.0922,1.7101,-0.780944
11.0748,1.63792,-0.778908
11.0955,1.57147,-0.779708
11.1,1.50269,-0.779344
11.0813,1.43098,-0.777308
11.0632,1.35967,-0.775345
11.0356,1.2876,-0.772727
11.0077,1.21591,-0.770109
11.0238,1.14928,-0.770763
11.1131,1.08971,-0.776799
11.1086,1.02049,-0.775999
11.1037,0.951374,-0.775199
11.1203,0.884096,-0.775999
11.1225,0.815627,-0.775781
11.1144,0.746495,-0.774836
11.1118,0.677858,-0.774327
11.0988,0.608735,-0.77309
11.0974,0.540379,-0.772727
11.1064,0.472532,-0.773163
11.1091,0.404375,-0.773163
11.1044,0.335991,-0.772654
11.1013,0.267729,-0.772291
11.0908,0.199391,-0.771418
11.0798,0.131192,-0.770545
11.0794,0.0631998,-0.770473
11.0946,-0.00478829,-0.771563
11.0624,-0.0726568,-0.769236
11.0617,-0.140533,-0.769236
11.0557,-0.208311,-0.768873
11.0572,-0.276217,-0.769091
11.0543,-0.344027,-0.769018
11.0619,-0.412219,-0.769745
11.0542,-0.47987,-0.769382
11.0461,-0.547442,-0.769018
11.0395,-0.615043,-0.7688
11.0316,-0.682523,-0.768509
11.0252,-0.750063,-0.768364
11.0164,-0.817404,-0.768073
11.0241,-0.886021,-0.769018
11.0334,-0.954935,-0.770109
11.0273,-1.02262,-0.770109
11.0208,-1.09026,-0.770109
11.0199,-1.15849,-0.770545
11.0175,-1.22663,-0.770909
11.0137,-1.29468,-0.7712
11.0056,-1.36223,-0.7712
11.0029,-1.43051,-0.771636
11.0019,-1.49907,-0.772218
10.9826,-1.56514,-0.771491
10.953,-1.62957,-0.770036
10.932,-1.69506,-0.769236
10.9243,-1.76258,-0.769455
10.9074,-1.82859,-0.769018
10.9294,-1.90129,-0.771491
10.9136,-1.96761,-0.7712
10.8905,-2.03253,-0.7704
10.8563,-2.09516,-0.7688
10.8491,-2.1629,-0.769236
10.8298,-2.22822,-0.7688
10.7828,-2.2876,-0.766328
10.7558,-2.35095,-0.765383
10.7519,-2.41931,-0.766182
10.7301,-2.48366,-0.765673
10.704,-2.54691,-0.764874
10.6794,-2.61041,-0.764219
10.6429,-2.6708,-0.762692
10.6079,-2.73133,-0.76131
10.59,-2.79611,-0.761238
10.5621,-2.85817,-0.760438
10.529,-2.91866,-0.759274
10.4926,-2.97804,-0.757893
10.4655,-3.03986,-0.757238
10.4476,-3.10431,-0.757311
10.4265,-3.16777,-0.757166
10.4116,-3.23317,-0.757529
10.3954,-3.2982,-0.75782
10.3759,-3.36223,-0.757893
10.3428,-3.42176,-0.756947
10.3083,-3.48069,-0.755929
10.2755,-3.53998,-0.755057
10.2423,-3.599,-0.754184
10.2115,-3.65875,-0.75353
10.1842,-3.71962,-0.753166
10.1565,-3.7803,-0.752803
10.135,-3.84326,-0.752948
10.1094,-3.90465,-0.752803
10.0861,-3.96698,-0.752875
10.0551,-4.02619,-0.752366
10.0201,-4.08368,-0.751566
9.98562,-4.14126,-0.750839
9.94808,-4.19742,-0.749894
9.90289,-4.25012,-0.748367
9.87662,-4.3108,-0.748367
9.84816,-4.37051,-0.748222
9.81752,-4.42922,-0.747931
9.78563,-4.4873,-0.747567
9.7543,-4.54557,-0.747276
9.7109,-4.59808,-0.74604
9.67621,-4.65455,-0.745531
9.64657,-4.7134,-0.745458
9.61747,-4.7725,-0.745458
9.58444,-4.82963,-0.745167
9.54308,-4.88244,-0.744222
9.50055,-4.93447,-0.743204
9.48421,-5.00011,-0.744368
9.46215,-5.06292,-0.745095
9.41513,-5.11232,-0.743786
9.38183,-5.16903,-0.74364
9.35255,-5.22796,-0.743859
9.31943,-5.28475,-0.743786
9.27559,-5.33537,-0.742841
9.24785,-5.3952,-0.743277
9.23345,-5.46301,-0.744877
9.21259,-5.52726,-0.745967
9.18021,-5.58472,-0.746113
9.09313,-5.60849,-0.741604
9.05347,-5.66101,-0.741168
9.01688,-5.71538,-0.741023
8.9615,-5.75767,-0.739277
8.91681,-5.80656,-0.738478
8.87602,-5.85787,-0.738041
8.82913,-5.90501,-0.737096
8.78448,-5.95348,-0.736369
8.73463,-5.99824,-0.735205
8.68538,-6.04318,-0.734115
8.63591,-6.08774,-0.733024
8.57972,-6.12728,-0.731351
8.53388,-6.17396,-0.730624
8.48216,-6.21619,-0.729388
8.42784,-6.25623,-0.727934
8.38531,-6.30483,-0.72757
8.33615,-6.34831,-0.726625
8.2773,-6.38411,-0.724807
8.23404,-6.43171,-0.724443
8.18112,-6.4716,-0.723207
8.12958,-6.51232,-0.722116
8.08327,-6.55705,-0.721535
8.03749,-6.6021,-0.721026
7.99759,-6.65193,-0.721098
7.94671,-6.69252,-0.720153
7.89184,-6.72951,-0.718844
7.84662,-6.77455,-0.718481
7.80641,-6.82388,-0.718626
7.76663,-6.87363,-0.718844
7.71539,-6.91317,-0.717972
7.65732,-6.94631,-0.716445
7.61455,-6.99317,-0.716445
7.5788,-7.04655,-0.717172
7.52598,-7.08403,-0.716226
7.47443,-7.12251,-0.715427
7.43202,-7.16962,-0.715572
7.38575,-7.213,-0.715354
7.33071,-7.24767,-0.714263
7.27764,-7.28404,-0.713391
7.2251,-7.32076,-0.712591
7.16821,-7.35281,-0.711354
7.11812,-7.39163,-0.710846
7.06575,-7.42794,-0.710118
7.01868,-7.4697,-0.709973
6.97746,-7.51774,-0.710482
6.92986,-7.55894,-0.710337
6.86594,-7.5821,-0.708446
6.81662,-7.62111,-0.708155
6.76709,-7.65981,-0.707864
6.718,-7.69893,-0.707646
6.655,-7.72188,-0.705901
6.60103,-7.75497,-0.705174
6.55782,-7.80067,-0.705683
5.57636,-6.7167,-0.599154
6.45907,-7.87747,-0.705392
6.40057,-7.90456,-0.704228
6.34821,-7.93901,-0.703792
6.29628,-7.9739,-0.703428
6.2454,-8.01002,-0.70321
6.19613,-8.04819,-0.70321
6.14422,-8.08288,-0.702919
6.09151,-8.11644,-0.702556
6.03447,-8.14405,-0.701683
5.97555,-8.16885,-0.700593
5.92006,-8.19809,-0.699938
5.86617,-8.22939,-0.699502
5.81212,-8.26033,-0.699066
5.75905,-8.29256,-0.698775
5.70863,-8.32856,-0.698847
5.65406,-8.35848,-0.698411
5.59768,-8.38555,-0.697757
5.54448,-8.41724,-0.697538
5.48947,-8.44608,-0.697102
5.43269,-8.47205,-0.696448
5.38061,-8.50523,-0.696448
5.32938,-8.53977,-0.696593
5.27583,-8.57062,-0.696448
5.21693,-8.5926,-0.695575
5.16103,-8.61931,-0.695139
5.11718,-8.66628,-0.696448
5.05638,-8.68458,-0.695357
4.99753,-8.70593,-0.694557
4.94058,-8.73036,-0.694048
4.89227,-8.77009,-0.694848
4.84173,-8.80606,-0.695357
4.77952,-8.82069,-0.694121
4.72484,-8.84897,-0.694048
4.67092,-8.87868,-0.694121
4.61314,-8.90098,-0.693612
4.56388,-8.93977,-0.694484
4.50625,-8.96226,-0.694048
4.45383,-8.9951,-0.694484
4.39943,-9.02406,-0.69463
4.34052,-9.04369,-0.694048
4.27984,-9.05933,-0.693175
4.22038,-9.07728,-0.692521
4.16461,-9.10301,-0.692521
4.11113,-9.13385,-0.692957
4.05582,-9.16072,-0.693103
3.99834,-9.18269,-0.692885
3.93995,-9.20247,-0.692521
3.88419,-9.22831,-0.692667
3.82902,-9.25566,-0.692957
3.7684,-9.26974,-0.69223
3.70775,-9.28342,-0.691503
3.65436,-9.31528,-0.69223
3.60179,-9.34963,-0.693175
3.55177,-9.39114,-0.694703
3.49651,-9.4193,-0.695212
3.43592,-9.43308,-0.69463
3.37831,-9.45493,-0.694703
3.3331,-9.51219,-0.697538
3.29995,-9.60603,-0.70321
0,0,0
0,0,0
0,0,0
0,0,0
0,0,0
0,0,0
0,0,0
0,0,0
0,0,0
0,0,0
0,0,0
0,0,0
0,0,0
0,0,0
0,0,0
0,0,0
0,0,0
0,0,0
0,0,0
0,0,0
0,0,0
0,0,0
0,0,0
0,0,0
0,0,0
0,0,0
0,0,0
0,0,0
0,0,0
0,0,0
0,0,0
0,0,0
0,0,0
0,0,0
0,0,0
0,0,0
0,0,0
0,0,0
0,0,0
0,0,0
0,0,0
0,0,0
0,0,0
0,0,0
0,0,0
0,0,0
0,0,0
0,0,0
0,0,0
0,0,0
0,0,0
0,0,0
0,0,0
0,0,0
0,0,0
0,0,0
0,0,0
0,0,0
0,0,0
0,0,0
0,0,0
0,0,0
0,0,0
0,0,0
0,0,0
0,0,0
0,0,0
0,0,0
0,0,0
0,0,0
0,0,0
0,0,0
0,0,0
0,0,0
0,0,0
0,0,0
0,0,0
0,0,0
0,0,0
0,0,0
0,0,0
0,0,0
0,0,0
0,0,0
0,0,0
0,0,0
0,0,0
0,0,0
0,0,0
0,0,0
0,0,0
0,0,0
0,0,0
0,0,0
0,0,0
0,0,0
0,0,0
0,0,0
0,0,0
0,0,0
0,0,0
0,0,0
0,0,0
0,0,0
0,0,0
0,0,0
0,0,0
0,0,0
0,0,0
0,0,0
0,0,0
0,0,0
0,0,0
0,0,0
0,0,0
0,0,0
0,0,0
0,0,0
0,0,0
0,0,0
0,0,0
0,0,0
0,0,0
0,0,0
0,0,0
0,0,0
0,0,0
0,0,0
0,0,0
0,0,0
0,0,0
0,0,0
0,0,0
0,0,0
0,0,0
0,0,0
0,0,0
0,0,0
0,0,0
0,0,0
0,0,0
0,0,0
0,0,0
0,0,0
0,0,0
0,0,0
0,0,0
0,0,0
0,0,0
0,0,0
0,0,0
0,0,0
0,0,0
0,0,0
0,0,0
0,0,0
0,0,0
0,0,0
0,0,0
0,0,0
0,0,0
0,0,0
0,0,0
0,0,0
0,0,0
0,0,0
0,0,0
0,0,0
0,0,0
0,0,0
0,0,0
0,0,0
0,0,0
0,0,0
0,0,0
0,0,0
0,0,0
0,0,0
0,0,0
0,0,0
0,0,0
0,0,0
0,0,0
0,0,0
0,0,0
0,0,0
0,0,0
0,0,0
0,0,0
0,0,0
0,0,0
0,0,0
0,0,0
0,0,0
0,0,0
0,0,0
0,0,0
0,0,0
0,0,0
0,0,0
0,0,0
0,0,0
0,0,0
0,0,0
0,0,0
0,0,0
0,0,0
0,0,0
0,0,0
0,0,0
0,0,0
0,0,0
0,0,0
0,0,0
0,0,0
0,0,0
0,0,0
0,0,0
0,0,0
0,0,0
0,0,0
0,0,0
0,0,0
0,0,0
0,0,0
0,0,0
0,0,0
0,0,0
0,0,0
0,0,0
0,0,0
0,0,0
0,0,0
0,0,0
0,0,0
0,0,0
0,0,0
0,0,0
0,0,0
0,0,0
0,0,0
0,0,0
0,0,0
0,0,0
0,0,0
0,0,0
0,0,0
0,0,0
0,0,0
0,0,0
0,0,0
0,0,0
0,0,0
0,0,0
0,0,0
0,0,0
0,0,0
0,0,0
0,0,0
0,0,0
0,0,0
0,0,0
0,0,0
0,0,0
0,0,0
0,0,0
0,0,0
0,0,0
0,0,0
0,0,0
0,0,0
0,0,0
0,0,0
0,0,0
0,0,0
0,0,0
0,0,0
0,0,0
0,0,0
0,0,0
0,0,0
0,0,0
0,0,0
0,0,0
0,0,0
0,0,0
0,0,0
0,0,0
0,0,0
0,0,0
0,0,0
0,0,0
0,0,0
0,0,0
0,0,0
0,0,0
0,0,0
0,0,0
0,0,0
0,0,0
0,0,0
0,0,0
0,0,0
0,0,0
0,0,0
0,0,0
0,0,0
0,0,0
0,0,0
0,0,0
0,0,0
0,0,0
0,0,0
0,0,0
0,0,0
0,0,0
0,0,0
0,0,0
0,0,0
0,0,0
0,0,0
0,0,0
0,0,0
0,0,0
0,0,0
0,0,0
0,0,0
0,0,0
0,0,0
0,0,0
0,0,0
0,0,0
0,0,0
0,0,0
0,0,0
0,0,0
0,0,0
0,0,0
0,0,0
0,0,0
0,0,0
0,0,0
0,0,0
0,0,0
0,0,0
0,0,0
0,0,0
0,0,0
0,0,0
0,0,0
0,0,0
0,0,0
0,0,0
0,0,0
0,0,0
0,0,0
0,0,0
0,0,0
0,0,0
0,0,0
0,0,0
0,0,0
0,0,0
0,0,0
0,0,0
0,0,0
0,0,0
0,0,0
0,0,0
0,0,0
0,0,0
0,0,0
0,0,0
0,0,0
0,0,0
0,0,0
0,0,0
0,0,0
0,0,0
0,0,0
0,0,0
0,0,0
0,0,0
0,0,0
0,0,0
0,0,0
0,0,0
0,0,0
0,0,0
0,0,0
0,0,0
0,0,0
0,0,0
0,0,0
0,0,0
0,0,0
0,0,0
0,0,0
0,0,0
0,0,0
0,0,0
0,0,0
0,0,0
0,0,0
0,0,0
0,0,0
0,0,0
0,0,0
0,0,0
0,0,0
0,0,0
0,0,0
0,0,0
0,0,0
0,0,0
0,0,0
0,0,0
0,0,0
0,0,0
0,0,0
0,0,0
0,0,0
0,0,0
0,0,0
0,0,0
0,0,0
0,0,0
0,0,0
0,0,0
0,0,0
0,0,0
0,0,0
0,0,0
0,0,0
0,0,0
0,0,0
0,0,0
0,0,0
0,0,0
0,0,0
0,0,0
0,0,0
0,0,0
0,0,0
0,0,0
0,0,0
0,0,0
0,0,0
0,0,0
0,0,0
0,0,0
0,0,0
0,0,0
0,0,0
0,0,0
0,0,0
0,0,0
0,0,0
0,0,0
0,0,0
0,0,0
0,0,0
0,0,0
0,0,0
0,0,0
0,0,0
0,0,0
0,0,0
0,0,0
0,0,0
0,0,0
0,0,0
0,0,0
0,0,0
0,0,0
0,0,0
0,0,0
0,0,0
0,0,0
0,0,0
0,0,0
0,0,0
0,0,0
0,0,0
0,0,0
0,0,0
0,0,0
0,0,0
0,0,0
0,0,0
0,0,0
0,0,0
0,0,0
0,0,0
0,0,0
0,0,0
0,0,0
0,0,0
0,0,0
0,0,0
0,0,0
0,0,0
0,0,0
0,0,0
0,0,0
0,0,0
0,0,0
0,0,0
0,0,0
0,0,0
0,0,0
0,0,0
0,0,0
0,0,0
0,0,0
0,0,0
0,0,0
0,0,0
0,0,0
0,0,0
0,0,0
0,0,0
0,0,0
0,0,0
0,0,0
0,0,0
0,0,0
0,0,0
0,0,0
0,0,0
0,0,0
0,0,0
0,0,0
0,0,0
0,0,0
0,0,0
0,0,0
0,0,0
0,0,0
0,0,0
0,0,0
0,0,0
0,0,0
0,0,0
0,0,0
0,0,0
0,0,0
0,0,0
0,0,0
0,0,0
0,0,0
0,0,0
0,0,0
0,0,0
0,0,0
0,0,0
0,0,0
0,0,0
0,0,0
0,0,0
0,0,0
0,0,0
0,0,0
0,0,0
0,0,0
0,0,0
0,0,0
0,0,0
0,0,0
0,0,0
0,0,0
0,0,0
0,0,0
0,0,0
0,0,0
0,0,0
0,0,0
0,0,0
0,0,0
0,0,0
0,0,0
0,0,0
0,0,0
0,0,0
0.875534,4.00785,-0.309852
0.898578,3.9956,-0.309262
0,0,0
0,0,0
0.949023,3.88449,-0.301077
0.977448,3.89696,-0.30268
1.00855,3.91887,-0.305127
0,0,0
1.11668,4.12839,-0.324617
1.1561,4.17235,-0.329089
1.18712,4.18435,-0.330777
1.21833,4.19613,-0.332464
1.24462,4.19048,-0.332633
1.26915,4.17895,-0.332295
1.29063,4.15776,-0.331114
0,0,0
0,0,0
0,0,0
1.36997,4.05875,-0.325208
1.39582,4.0531,-0.325461
1.42,4.04257,-0.325292
1.45889,4.07318,-0.328836
1.45856,3.99489,-0.322592
4.51241,12.1253,-1.05799
4.58249,12.0862,-1.05698
4.6501,12.0412,-1.05546
4.71842,11.9985,-1.0542
4.78529,11.9527,-1.05268
4.85478,11.9138,-1.05183
4.91176,11.8452,-1.04829
4.96304,11.7643,-1.04365
5.01941,11.697,-1.04027
5.08551,11.6532,-1.03909
5.15571,11.6191,-1.03884
5.22199,11.5763,-1.03783
3.89287,8.49075,-0.753404
5.34597,11.4734,-1.03428
3.96096,8.36669,-0.746316
3.99278,8.30182,-0.742519
4.05152,8.29328,-0.744038
4.11252,8.28879,-0.745979
3.44948,6.84676,-0.611656
4.10319,8.02125,-0.725392
4.16335,8.01715,-0.727417
2.09631,3.97733,-0.34318
2.12397,3.97054,-0.34377
2.14686,3.95481,-0.343517
2.11964,3.84818,-0.334489
2.10675,3.76987,-0.328161
2.12542,3.74907,-0.327402
2.09721,3.64699,-0.318711
2.11252,3.622,-0.31753
2.12304,3.58925,-0.31559
2.13579,3.56077,-0.314071
2.14155,3.52121,-0.311455
2.1469,3.48171,-0.30884
2.15765,3.45158,-0.307152
2.16332,3.41387,-0.304705
2.17076,3.37957,-0.302596
2.17678,3.34364,-0.300318
2.18738,3.31525,-0.298799
2.20768,3.30177,-0.298799
2.23628,3.30053,-0.300065
2.27905,3.3196,-0.30344
2.37393,3.41271,-0.314493
2.41721,3.42984,-0.317783
2.43647,3.41251,-0.31753
2.45269,3.39104,-0.316855
2.46462,3.36387,-0.31559
2.4769,3.33748,-0.314408
2.48715,3.30868,-0.312974
2.50197,3.28622,-0.312215
2.52392,3.27318,-0.312468
4.89007,6.26133,-0.635196
4.74851,6.00379,-0.610644
4.98086,6.21874,-0.637137
5.12438,6.31807,-0.651312
5.04162,6.13867,-0.635112
5.21618,6.27233,-0.653252
4.93685,5.86293,-0.611487
5.08652,5.96597,-0.626337
5.14062,5.95501,-0.628615
5.15542,5.8986,-0.625831
5.22717,5.90715,-0.630387
5.33247,5.95215,-0.639162
4.85407,5.35177,-0.574279
5.364,5.84149,-0.634015
5.319,5.72163,-0.623975
5.26933,5.59891,-0.613512
5.29327,5.55565,-0.612247
5.32103,5.51662,-0.611487
5.59148,5.72625,-0.640174
5.56276,5.62735,-0.632496
5.45269,5.44873,-0.6152
5.38886,5.31927,-0.603641
4.39686,4.28724,-0.48248
4.43887,4.27539,-0.484337
4.48307,4.26524,-0.486446
4.54546,4.27177,-0.490665
4.55991,4.23295,-0.489315
4.58579,4.20489,-0.489315
4.61077,4.17601,-0.48923
4.63928,4.1503,-0.489568
5.86392,5.1813,-0.625072
5.80025,5.06202,-0.614356
5.66666,4.88452,-0.595963
5.66314,4.82124,-0.59225
5.09313,4.2824,-0.525933
5.11854,4.25043,-0.525848
4.98426,4.08753,-0.508299
4.811,3.89634,-0.486699
5.05583,4.04348,-0.510661
5.09932,4.0272,-0.512686
6.1046,4.7605,-0.617984
6.29397,4.84636,-0.635112
6.31248,4.7992,-0.633931
6.32428,4.74722,-0.632075
6.41093,4.75104,-0.638149
4.66345,3.41202,-0.451768
4.45165,3.21533,-0.427469
4.47616,3.19142,-0.427975
4.49321,3.16217,-0.427722
6.57329,4.56579,-0.640174
6.64145,4.55298,-0.644309
6.65441,4.50209,-0.64279
6.67611,4.4573,-0.642199
6.58434,4.33787,-0.630134
6.62754,4.30825,-0.631821
6.62785,4.25083,-0.629206
6.69086,4.23352,-0.632918
6.79617,4.24198,-0.640849
6.70327,4.12707,-0.629037
6.80001,4.1293,-0.636124
6.8389,4.09569,-0.637474
6.6657,3.93661,-0.617984
7.03245,4.09519,-0.651565
7.12226,4.08917,-0.657893
7.15675,4.05079,-0.658821
7.15972,3.99466,-0.656712
7.12036,3.91561,-0.650552
7.02598,3.80775,-0.639162
7.19336,3.84155,-0.652999
7.19122,3.78388,-0.650552
7.24438,3.75527,-0.653421
7.15991,3.65593,-0.643212
7.3923,3.71757,-0.663124
7.40693,3.66816,-0.662365
7.35406,3.58596,-0.655277
7.46307,3.5826,-0.663461
7.52545,3.55589,-0.667258
7.53809,3.50545,-0.666415
7.53046,3.44586,-0.663715
7.58327,3.41391,-0.666668
7.67969,3.4008,-0.673671
7.69859,3.35282,-0.673502
7.70528,3.29963,-0.672236
7.7263,3.25268,-0.672321
7.75808,3.21016,-0.673418
7.74901,3.15086,-0.670802
7.79226,3.11287,-0.672996
8.0023,3.13997,-0.690377
8.03536,3.09618,-0.691642
8.04862,3.0447,-0.691136
8.05968,2.99248,-0.690461
8.08725,2.94638,-0.691305
8.11737,2.90107,-0.692402
8.18768,2.86966,-0.697127
8.32764,2.86145,-0.708095
8.47536,2.85418,-0.719739
8.64223,2.85145,-0.73307
8.82264,2.85106,-0.747582
8.98533,2.84285,-0.760491
9.14633,2.83217,-0.773231
9.33519,2.82799,-0.788419
9.39632,2.78367,-0.7923
9.48118,2.74564,-0.79829
9.48826,2.6847,-0.797447
9.49975,2.62511,-0.797025
9.51472,2.56651,-0.79694
9.53029,2.50808,-0.79694
9.5455,2.44955,-0.79694
9.56035,2.39094,-0.79694
9.57193,2.33152,-0.796687
9.57733,2.27068,-0.795928
9.58526,2.21053,-0.795422
9.59864,2.15167,-0.795422
9.60582,2.09146,-0.794915
9.61262,2.03125,-0.794409
9.62588,1.97243,-0.794493
9.63585,1.91294,-0.794325
9.64349,1.85303,-0.793987
9.63999,1.79109,-0.792722
9.64491,1.73085,-0.792215
9.64455,1.66977,-0.791287
9.64773,1.60941,-0.790697
9.65546,1.54987,-0.790528
9.67266,1.49181,-0.791203
9.68262,1.43258,-0.791287
9.69518,1.3737,-0.791625
9.70046,1.31378,-0.791372
9.69846,1.25296,-0.790528
9.70497,1.19331,-0.790444
9.7131,1.13385,-0.790528
9.7278,1.07511,-0.791203
9.73223,1.01519,-0.791034
9.73629,0.955263,-0.790865
9.73899,0.89523,-0.790612
9.73537,0.83469,-0.789853
9.73435,0.774466,-0.789347
9.73991,0.714795,-0.789431
9.74014,0.654752,-0.789094
9.74198,0.594854,-0.788925
9.74744,0.535176,-0.789094
9.75352,0.475502,-0.789347
9.7473,0.415265,-0.788587
9.73771,0.355014,-0.787575
9.73971,0.295258,-0.787575
9.74034,0.235467,-0.78749
9.73064,0.175499,-0.786562
9.7136,0.115577,-0.785044
9.70516,0.0559222,-0.784284
9.70831,-0.0036298,-0.784537
9.7101,-0.0632119,-0.784706
9.70255,-0.122702,-0.784116
9.6787,-0.181802,-0.782175
9.66446,-0.240863,-0.781078
9.66379,-0.300189,-0.781163
9.66874,-0.359739,-0.781753
9.6544,-0.41854,-0.780741
9.63971,-0.477179,-0.779728
9.64555,-0.536817,-0.780488
9.64506,-0.596175,-0.780741
9.62532,-0.654263,-0.779391
9.61913,-0.713163,-0.779222
9.6265,-0.77313,-0.780234
9.62455,-0.83244,-0.780488
9.61827,-0.891387,-0.780403
9.6146,-0.950583,-0.780572
9.5957,-1.00821,-0.779475
9.58934,-1.06706,-0.779475
9.60042,-1.12798,-0.780994
9.59629,-1.18723,-0.781247
9.5819,-1.24519,-0.780656
9.57112,-1.30356,-0.780403
9.55209,-1.36071,-0.779475
9.55243,-1.42062,-0.780234
9.54157,-1.4789,-0.780066
9.5392,-1.53853,-0.780656
9.52663,-1.59654,-0.780403
9.52058,-1.65564,-0.780741
9.51319,-1.71456,-0.780994
9.49661,-1.7718,-0.780488
9.48849,-1.83061,-0.780741
9.47806,-1.88899,-0.780825
9.45263,-1.9443,-0.779644
9.4181,-1.9975,-0.777703
9.42903,-2.06036,-0.779728
9.38899,-2.11205,-0.777366
9.371,-2.1685,-0.776944
9.35461,-2.22527,-0.776691
9.33497,-2.2812,-0.776184
9.30727,-2.33504,-0.775003
9.28794,-2.39087,-0.774581
9.2808,-2.44985,-0.775256
9.25213,-2.5031,-0.774075
9.22412,-2.55636,-0.772978
9.20442,-2.61183,-0.772641
9.18822,-2.66825,-0.772641
9.17168,-2.72458,-0.772641
9.15193,-2.77994,-0.772388
9.12613,-2.83338,-0.771628
9.10288,-2.88752,-0.771122
9.08499,-2.94332,-0.771122
9.05824,-2.99619,-0.770363
9.02836,-3.04789,-0.76935
9.01514,-3.10518,-0.769856
9.00532,-3.16374,-0.7707
8.98292,-3.21792,-0.770447
8.96114,-3.2723,-0.770278
8.92315,-3.32062,-0.768675
8.89701,-3.37319,-0.768169
8.87057,-3.42556,-0.767663
8.84753,-3.47919,-0.767494
8.84174,-3.53971,-0.768928
8.82355,-3.5954,-0.769266
8.79212,-3.64566,-0.768422
8.75948,-3.69528,-0.767494
8.73665,-3.74895,-0.767494
8.69978,-3.79651,-0.766228
8.67268,-3.8482,-0.765891
8.65526,-3.90421,-0.766482
8.63295,-3.95808,-0.76665
8.59044,-4.00256,-0.764963
8.55581,-4.0505,-0.764035
8.53349,-4.10422,-0.764288
8.50636,-4.15563,-0.764119
8.47088,-4.20287,-0.763191
8.44404,-4.25432,-0.763107
8.41334,-4.30378,-0.762685
8.38324,-4.35349,-0.762347
8.3502,-4.40159,-0.761757
8.3204,-4.45133,-0.761503
8.2903,-4.50088,-0.76125
8.25555,-4.54781,-0.760575
8.22401,-4.59644,-0.760238
8.20172,-4.65025,-0.760828
8.16698,-4.69701,-0.760238
8.12252,-4.738,-0.758719
8.08558,-4.78318,-0.75796
8.0612,-4.83578,-0.758466
8.03904,-4.88981,-0.759225
8.00634,-4.93748,-0.758972
7.96575,-4.98017,-0.75796
7.92831,-5.02469,-0.757285
7.8965,-5.0727,-0.7572
7.87274,-5.12595,-0.75796
7.84197,-5.17471,-0.758044
7.80427,-5.21885,-0.757454
7.7754,-5.26888,-0.757791
7.7421,-5.31592,-0.757707
7.70689,-5.36162,-0.757454
7.67466,-5.40938,-0.757538
7.64538,-5.45927,-0.75796
7.61577,-5.509,-0.758382
7.57138,-5.54796,-0.757285
7.53639,-5.59372,-0.7572
7.49715,-5.63627,-0.756694
7.46005,-5.68035,-0.756441
7.42269,-5.72419,-0.756188
7.38036,-5.76411,-0.755429
7.33782,-5.80372,-0.754669
7.2974,-5.8449,-0.754163
7.25676,-5.8858,-0.753657
7.21434,-5.92516,-0.752982
7.17019,-5.96294,-0.752138
7.12966,-6.00361,-0.751716
7.0851,-6.04078,-0.750872
7.03961,-6.07698,-0.749944
6.99244,-6.11153,-0.748847
6.94361,-6.14442,-0.747582
6.89391,-6.17627,-0.746232
6.86621,-6.22782,-0.747413
6.81833,-6.26108,-0.746316
6.77248,-6.29601,-0.745472
6.72139,-6.32584,-0.744038
6.67812,-6.36283,-0.743532
6.64254,-6.40715,-0.743954
6.59098,-6.43595,-0.742519
6.54499,-6.46997,-0.74176
6.50376,-6.50859,-0.741591
6.4546,-6.53916,-0.740494
6.4067,-6.57079,-0.739566
6.36765,-6.61142,-0.739735
6.33177,-6.65542,-0.740326
6.28399,-6.68688,-0.739482
6.23878,-6.72093,-0.738976
6.20011,-6.76202,-0.739313
6.15382,-6.79477,-0.738723
6.11201,-6.8324,-0.738723
6.0713,-6.87127,-0.738891
6.0133,-6.89037,-0.736866
5.96245,-6.91733,-0.73577
5.92118,-6.9553,-0.735938
5.64179,-6.71006,-0.704804
5.55531,-6.69012,-0.698814
5.51479,-6.72485,-0.698898
5.73241,-7.07838,-0.733745
5.69135,-7.11654,-0.734082
5.64326,-7.14585,-0.733491
5.60421,-7.18663,-0.734166
5.55757,-7.21772,-0.733829
5.50956,-7.24693,-0.733323
5.45782,-7.27103,-0.73231
5.41607,-7.30839,-0.732732
5.37289,-7.34389,-0.732985
5.32364,-7.37107,-0.732395
5.27368,-7.3971,-0.73172
5.22246,-7.42118,-0.730876
5.17399,-7.44899,-0.730454
5.12424,-7.47484,-0.729863
5.07884,-7.50697,-0.729948
5.03434,-7.54048,-0.730201
4.98798,-7.57122,-0.730201
4.9398,-7.59918,-0.729948
4.88662,-7.61928,-0.728935
4.83339,-7.63902,-0.727923
4.78642,-7.66853,-0.727923
4.74189,-7.702,-0.728345
4.69403,-7.7301,-0.72826
4.64036,-7.7485,-0.727248
4.59425,-7.7794,-0.727501
4.54693,-7.8083,-0.727585
4.49795,-7.83432,-0.727417
4.44488,-7.8531,-0.726573
4.39564,-7.87849,-0.726404
4.3477,-7.90619,-0.726488
4.29721,-7.92921,-0.726151
4.25223,-7.96246,-0.726826
4.20097,-7.98399,-0.726404
4.15328,-8.01227,-0.726657
4.0986,-8.02696,-0.725645
4.05375,-8.06085,-0.726488
4.00598,-8.08915,-0.726826
3.95147,-8.10372,-0.725898
3.89649,-8.11704,-0.724885
3.84662,-8.14079,-0.724885
3.79785,-8.16695,-0.725138
3.74767,-8.1901,-0.725138
3.69857,-8.21567,-0.725392
3.6493,-8.24094,-0.725645
3.59708,-8.25952,-0.725307
3.54437,-8.27686,-0.724885
3.4912,-8.29294,-0.724379
3.4391,-8.31145,-0.724126
3.38804,-8.33239,-0.724126
3.33574,-8.35025,-0.723873
3.28408,-8.36963,-0.723788
3.23302,-8.39055,-0.723873
3.18042,-8.40744,-0.72362
3.13189,-8.4352,-0.724379
3.08417,-8.46549,-0.725392
3.03418,-8.48989,-0.725898
2.98104,-8.50552,-0.725645
2.93462,-8.54062,-0.727163
2.86595,-8.5103,-0.72286
2.82117,-8.55044,-0.724885
2.76773,-8.56474,-0.724632
2.76742,-8.74687,-0.739313
0,0,0
0,0,0
0,0,0
0,0,0
0,0,0
0,0,0
0,0,0
0,0,0
0,0,0
0,0,0
0,0,0
0,0,0
0,0,0
0,0,0
0,0,0
0,0,0
0,0,0
0,0,0
0,0,0
0,0,0
0,0,0
0,0,0
0,0,0
0,0,0
0,0,0
0,0,0
0,0,0
0,0,0
0,0,0
0,0,0
0,0,0
0,0,0
0,0,0
0,0,0
0,0,0
0,0,0
0,0,0
0,0,0
0,0,0
0,0,0
0,0,0
0,0,0
0,0,0
0,0,0
0,0,0
0,0,0
0,0,0
0,0,0
0,0,0
0,0,0
0,0,0
0,0,0
0,0,0
0,0,0
0,0,0
0,0,0
0,0,0
0,0,0
0,0,0
0,0,0
0,0,0
0,0,0
0,0,0
0,0,0
0,0,0
0,0,0
0,0,0
0,0,0
0,0,0
0,0,0
0,0,0
0,0,0
0,0,0
0,0,0
0,0,0
0,0,0
0,0,0
0,0,0
0,0,0
0,0,0
0,0,0
0,0,0
0,0,0
0,0,0
0,0,0
0,0,0
0,0,0
0,0,0
0,0,0
0,0,0
0,0,0
0,0,0
0,0,0
0,0,0
0,0,0
0,0,0
0,0,0
0,0,0
0,0,0
0,0,0
0,0,0
0,0,0
0,0,0
0,0,0
0,0,0
0,0,0
0,0,0
0,0,0
0,0,0
0,0,0
0,0,0
0,0,0
0,0,0
0,0,0
0,0,0
0,0,0
0,0,0
0,0,0
0,0,0
0,0,0
0,0,0
0,0,0
0,0,0
0,0,0
0,0,0
0,0,0
0,0,0
0,0,0
0,0,0
0,0,0
0,0,0
0,0,0
0,0,0
0,0,0
0,0,0
0,0,0
0,0,0
0,0,0
0,0,0
0,0,0
0,0,0
0,0,0
0,0,0
0,0,0
0,0,0
0,0,0
0,0,0
0,0,0
0,0,0
0,0,0
0,0,0
0,0,0
0,0,0
0,0,0
0,0,0
0,0,0
0,0,0
0,0,0
0,0,0
0,0,0
0,0,0
0,0,0
0,0,0
0,0,0
0,0,0
0,0,0
0,0,0
0,0,0
0,0,0
0,0,0
0,0,0
0,0,0
0,0,0
0,0,0
0,0,0
0,0,0
0,0,0
0,0,0
0,0,0
0,0,0
0,0,0
0,0,0
0,0,0
0,0,0
0,0,0
0,0,0
0,0,0
0,0,0
0,0,0
0,0,0
0,0,0
0,0,0
0,0,0
0,0,0
0,0,0
0,0,0
0,0,0
0,0,0
0,0,0
0,0,0
0,0,0
0,0,0
0,0,0
0,0,0
0,0,0
0,0,0
0,0,0
0,0,0
0,0,0
0,0,0
0,0,0
0,0,0
0,0,0
0,0,0
0,0,0
0,0,0
0,0,0
0,0,0
0,0,0
0,0,0
0,0,0
0,0,0
0,0,0
0,0,0
0,0,0
0,0,0
0,0,0
0,0,0
0,0,0
0,0,0
0,0,0
0,0,0
0,0,0
0,0,0
0,0,0
0,0,0
0,0,0
0,0,0
0,0,0
0,0,0
0,0,0
0,0,0
0,0,0
0,0,0
0,0,0
0,0,0
0,0,0
0,0,0
0,0,0
0,0,0
0,0,0
0,0,0
0,0,0
0,0,0
0,0,0
0,0,0
0,0,0
0,0,0
0,0,0
0,0,0
0,0,0
0,0,0
0,0,0
0,0,0
0,0,0
0,0,0
0,0,0
0,0,0
0,0,0
0,0,0
0,0,0
0,0,0
0,0,0
0,0,0
0,0,0
0,0,0
0,0,0
0,0,0
0,0,0
0,0,0
0,0,0
0,0,0
0,0,0
0,0,0
0,0,0
0,0,0
0,0,0
0,0,0
0,0,0
0,0,0
0,0,0
0,0,0
0,0,0
0,0,0
0,0,0
0,0,0
0,0,0
0,0,0
0,0,0
0,0,0
0,0,0
0,0,0
0,0,0
0,0,0
0,0,0
0,0,0
0,0,0
0,0,0
0,0,0
0,0,0
0,0,0
0,0,0
0,0,0
0,0,0
0,0,0
0,0,0
0,0,0
0,0,0
0,0,0
0,0,0
0,0,0
0,0,0
0,0,0
0,0,0
0,0,0
0,0,0
0,0,0
0,0,0
0,0,0
0,0,0
0,0,0
0,0,0
0,0,0
0,0,0
0,0,0
0,0,0
0,0,0
0,0,0
0,0,0
0,0,0
0,0,0
0,0,0
0,0,0
0,0,0
0,0,0
0,0,0
0,0,0
0,0,0
0,0,0
0,0,0
0,0,0
0,0,0
0,0,0
0,0,0
0,0,0
0,0,0
0,0,0
0,0,0
0,0,0
0,0,0
0,0,0
0,0,0
0,0,0
0,0,0
0,0,0
0,0,0
0,0,0
0,0,0
0,0,0
0,0,0
0,0,0
0,0,0
0,0,0
0,0,0
0,0,0
0,0,0
0,0,0
0,0,0
0,0,0
0,0,0
0,0,0
0,0,0
0,0,0
0,0,0
0,0,0
0,0,0
0,0,0
0,0,0
0,0,0
0,0,0
0,0,0
0,0,0
0,0,0
0,0,0
0,0,0
0,0,0
0,0,0
0,0,0
0,0,0
0,0,0
0,0,0
0,0,0
0,0,0
0,0,0
0,0,0
0,0,0
0,0,0
0,0,0
0,0,0
0,0,0
0,0,0
0,0,0
0,0,0
0,0,0
0,0,0
0,0,0
0,0,0
0,0,0
0,0,0
0,0,0
0,0,0
0,0,0
0,0,0
0,0,0
0,0,0
0,0,0
0,0,0
0,0,0
0,0,0
0,0,0
0,0,0
0,0,0
0,0,0
0,0,0
0,0,0
0,0,0
0,0,0
0,0,0
0,0,0
0,0,0
0,0,0
0,0,0
0,0,0
0,0,0
0,0,0
0,0,0
0,0,0
0,0,0
0,0,0
0,0,0
0,0,0
0,0,0
0,0,0
0,0,0
0,0,0
0,0,0
0,0,0
0,0,0
0,0,0
0,0,0
0,0,0
0,0,0
0,0,0
0,0,0
0,0,0
0,0,0
0,0,0
0,0,0
0,0,0
0,0,0
0,0,0
0,0,0
0,0,0
0,0,0
0,0,0
0,0,0
0,0,0
0,0,0
0,0,0
0,0,0
0,0,0
0,0,0
0,0,0
0,0,0
0,0,0
0,0,0
0,0,0
0,0,0
0,0,0
0,0,0
0,0,0
0,0,0
0,0,0
0,0,0
0,0,0
0,0,0
0,0,0
0,0,0
0,0,0
0,0,0
0,0,0
0,0,0
0,0,0
0,0,0
0,0,0
0,0,0
0,0,0
0,0,0
0,0,0
0,0,0
0,0,0
0,0,0
0,0,0
0,0,0
0,0,0
0,0,0
0,0,0
0,0,0
0,0,0
0,0,0
0,0,0
0,0,0
0,0,0
0,0,0
0,0,0
0,0,0
0,0,0
0,0,0
0,0,0
0,0,0
0,0,0
0,0,0
0,0,0
0,0,0
0,0,0
0,0,0
0,0,0
0,0,0
0,0,0
0,0,0
0,0,0
0,0,0
0,0,0
0,0,0
0,0,0
0,0,0
0,0,0
0,0,0
0,0,0
0,0,0
0,0,0
0,0,0
0,0,0
0,0,0
0,0,0
0,0,0
0,0,0
0,0,0
0,0,0
0,0,0
0,0,0
0,0,0
0,0,0
0,0,0
0,0,0
0,0,0
0,0,0
0,0,0
0,0,0
0,0,0
0,0,0
0,0,0
0,0,0
0,0,0
0,0,0
0,0,0
0,0,0
0,0,0
0,0,0
0,0,0
0,0,0
0,0,0
0,0,0
0,0,0
0,0,0
0,0,0
0,0,0
0,0,0
0,0,0
0,0,0
0,0,0
0,0,0
0,0,0
0,0,0
0,0,0
0,0,0
0,0,0
0,0,0
0,0,0
0,0,0
0,0,0
0,0,0
0,0,0
0,0,0
0,0,0
0,0,0
0,0,0
0,0,0
0,0,0
0,0,0
0,0,0
0,0,0
0,0,0
0,0,0
0,0,0
0,0,0
0,0,0
0,0,0
0,0,0
0,0,0
0,0,0
0,0,0
0,0,0
0,0,0
1.27281,4.27855,-0.397608
1.29499,4.25733,-0.396249
1.31813,4.23979,-0.395278
2.18618,6.88501,-0.66676
2.21089,6.8175,-0.661228
2.25799,6.81987,-0.662878
1.38038,4.08359,-0.38266
1.40347,4.06939,-0.382078
1.42709,4.05695,-0.38169
1.45129,4.04624,-0.381496
1.48018,4.04848,-0.38266
2.46859,6.62767,-0.652007
3.92281,10.3394,-1.04074
2.70109,6.98867,-0.692967
4.04502,10.2794,-1.03957
2.47842,6.18536,-0.612114
2.47312,6.06404,-0.600952
2.51715,6.0653,-0.6027
3.01636,7.1446,-0.718591
3.0413,7.08206,-0.713932
3.01302,6.89908,-0.696461
2.63092,5.92438,-0.594449
3.13962,6.95503,-0.706459
3.95523,8.62103,-0.887285
2.82571,6.05988,-0.614347
2.78915,5.88681,-0.597555
3.2442,6.74045,-0.691802
3.29118,6.73205,-0.693064
3.10145,6.24635,-0.642398
3.12718,6.20232,-0.63968
3.13163,6.11745,-0.632497
3.19801,6.15376,-0.638612
3.19207,6.05127,-0.629489
3.15964,5.90169,-0.615123
3.19009,5.8717,-0.613959
3.62282,6.57203,-0.694132
3.63783,6.50451,-0.689084
2.10498,3.70912,-0.378196
2.1143,3.67284,-0.375575
2.13378,3.65464,-0.374993
2.16478,3.65604,-0.376643
2.17898,3.62904,-0.37509
2.15672,3.54248,-0.366742
2.15229,3.48682,-0.361889
2.15623,3.4457,-0.358686
2.16401,3.41139,-0.35626
2.18059,3.39135,-0.355483
2.18452,3.35205,-0.352474
2.16996,3.28543,-0.346262
2.18233,3.26047,-0.344903
2.20174,3.24619,-0.344806
2.25373,3.27939,-0.350339
2.33294,3.35046,-0.360433
2.38901,3.38651,-0.366451
2.4161,3.3807,-0.367519
2.44322,3.37468,-0.368586
2.458,3.3516,-0.367616
2.46606,3.31967,-0.365578
2.47621,3.29095,-0.363928
2.49093,3.26857,-0.363054
2.50911,3.25086,-0.362763
2.52963,3.23619,-0.36286
4.50142,5.6879,-0.669672
4.38377,5.46987,-0.645892
4.39468,5.41505,-0.642398
4.46131,5.42874,-0.647542
4.50344,5.41198,-0.648901
4.48078,5.31801,-0.640456
4.5185,5.29648,-0.641233
4.62897,5.35905,-0.65288
4.64014,5.30582,-0.649677
4.64293,5.24371,-0.64531
4.58667,5.11654,-0.6324
4.6862,5.16349,-0.642301
4.72991,5.14783,-0.644048
4.73091,5.08592,-0.63968
4.69994,4.99085,-0.630847
4.59452,4.81926,-0.611629
4.73941,4.91059,-0.627838
4.81744,4.93055,-0.634536
4.849,4.90231,-0.63473
4.89659,4.89005,-0.637156
4.94351,4.87669,-0.639486
5.08452,4.95464,-0.654628
4.48534,4.31724,-0.569407
4.63579,4.40761,-0.586102
4.65187,4.36886,-0.584646
4.64211,4.30639,-0.579793
4.62589,4.23881,-0.574163
4.61492,4.17695,-0.56931
4.64047,4.14855,-0.56931
5.40132,4.76969,-0.665013
5.44849,4.75216,-0.667343
5.45945,4.70305,-0.665013
5.06376,4.30822,-0.610659
5.07562,4.2649,-0.608814
5.10782,4.23877,-0.609591
4.63268,3.79656,-0.546404
4.92662,3.98726,-0.580375
5.05283,4.03837,-0.59309
4.44165,3.50527,-0.514082
5.16558,4.02563,-0.600952
3.84393,2.95753,-0.435268
5.28274,4.01373,-0.6093
5.33513,4.00215,-0.612697
5.79063,4.28869,-0.665013
5.83612,4.26718,-0.667343
4.48558,3.23732,-0.501755
4.49563,3.20281,-0.500591
4.50543,3.16829,-0.499426
5.91374,4.10507,-0.664334
5.79597,3.9708,-0.647445
5.93894,4.01546,-0.661422
6.04376,4.03254,-0.670837
6.09915,4.01563,-0.674428
6.08445,3.95265,-0.669866
6.13372,3.93135,-0.672778
6.241,3.94632,-0.682387
6.16377,3.84472,-0.67074
6.16775,3.79483,-0.668507
6.19347,3.75847,-0.668799
6.23179,3.72959,-0.670546
6.21856,3.67003,-0.666469
6.2272,3.6238,-0.664916
6.25018,3.58602,-0.665013
6.51028,3.68239,-0.691705
6.52753,3.63946,-0.691123
6.55672,3.60318,-0.691899
6.60583,3.57757,-0.694908
6.62942,3.53791,-0.695102
6.61136,3.47632,-0.690735
6.64759,3.44347,-0.692385
6.67834,3.40759,-0.693452
6.76315,3.39874,-0.700441
6.86861,3.39913,-0.709662
6.86429,3.34471,-0.706944
6.93224,3.32535,-0.712088
6.93902,3.27637,-0.710632
6.94455,3.22702,-0.709079
6.9778,3.19056,-0.710535
7.03808,3.16607,-0.714903
7.0501,3.1196,-0.714126
7.0618,3.0731,-0.71335
7.08144,3.03011,-0.713447
7.09715,2.98544,-0.713156
7.12545,2.94602,-0.714224
7.13694,2.89962,-0.713544
7.19527,2.87202,-0.717815
7.28317,2.85543,-0.725191
7.42594,2.85898,-0.738295
7.54481,2.85174,-0.748875
7.67881,2.84868,-0.761007
7.79434,2.83727,-0.771199
7.93532,2.83359,-0.784011
8.12914,2.84671,-0.802258
8.21047,2.81876,-0.808859
8.28515,2.7877,-0.81478
8.33801,2.74865,-0.818468
8.33578,2.69132,-0.816527
8.38725,2.65123,-0.820118
8.40716,2.60089,-0.820506
8.42296,2.54926,-0.820506
8.44799,2.50035,-0.821477
8.48038,2.45345,-0.823224
8.49623,2.40164,-0.823321
8.50793,2.34867,-0.82303
8.51353,2.29409,-0.822156
8.51879,2.23953,-0.821283
8.52947,2.18647,-0.820991
8.5379,2.13289,-0.820506
8.53729,2.07717,-0.819147
8.54019,2.02245,-0.818177
8.5408,1.96733,-0.817012
8.54688,1.91358,-0.81643
8.55749,1.86089,-0.816332
8.56875,1.80835,-0.816332
8.55628,1.75094,-0.814003
5.96906,1.18303,-0.555722
8.5654,1.64356,-0.812838
8.56358,1.58879,-0.811674
8.57316,1.53622,-0.811674
8.57851,1.48291,-0.811285
8.58352,1.42959,-0.810897
8.58819,1.37626,-0.810509
8.59648,1.32354,-0.810509
8.60148,1.27033,-0.810218
8.60025,1.21627,-0.809344
8.6036,1.16295,-0.808956
8.62144,1.11154,-0.810023
8.63204,1.0591,-0.810412
8.6364,1.00588,-0.810218
8.63846,0.952437,-0.809829
8.64612,0.899621,-0.810023
8.65246,0.846649,-0.810121
8.66245,0.793998,-0.810606
8.65923,0.740152,-0.809829
8.65666,0.686454,-0.80915
8.65575,0.632962,-0.808665
8.65848,0.579772,-0.808568
8.65392,0.52615,-0.807791
8.65599,0.472986,-0.807694
8.65476,0.419672,-0.807306
8.65419,0.366432,-0.807015
8.6513,0.313144,-0.806529
8.64012,0.259664,-0.805267
8.63857,0.206573,-0.804976
8.64266,0.153617,-0.805267
8.63647,0.100502,-0.804588
8.62697,0.0474512,-0.803617
8.62014,-0.00548028,-0.802938
8.62293,-0.0583922,-0.803229
8.61942,-0.111262,-0.802938
8.60564,-0.163903,-0.801676
8.59452,-0.216454,-0.800706
8.5801,-0.268782,-0.799444
8.57829,-0.321423,-0.799444
8.5861,-0.374485,-0.800414
8.58463,-0.42721,-0.800511
8.57589,-0.479544,-0.799929
8.55391,-0.530987,-0.798085
8.54553,-0.583124,-0.7976
8.5269,-0.634442,-0.796144
8.51689,-0.686271,-0.795561
8.52045,-0.739204,-0.796338
8.53558,-0.79331,-0.798279
8.52857,-0.845472,-0.798085
8.53312,-0.898828,-0.799055
8.52843,-0.95128,-0.799153
8.51156,-1.00231,-0.798085
8.51019,-1.05513,-0.79857
8.50356,-1.10733,-0.79857
8.49364,-1.15908,-0.798279
8.49228,-1.21202,-0.798861
8.49355,-1.26542,-0.799735
8.49054,-1.31828,-0.80022
8.48917,-1.37146,-0.8009
8.47863,-1.42319,-0.800706
8.46189,-1.47382,-0.799929
8.46249,-1.52748,-0.8009
8.45883,-1.58048,-0.801482
8.4392,-1.63046,-0.800511
8.42708,-1.68182,-0.800317
8.41758,-1.7337,-0.800414
8.40483,-1.7849,-0.80022
8.40539,-1.83899,-0.801385
8.38036,-1.88747,-0.800026
6.1152,-1.4171,-0.574454
8.35656,-1.99017,-0.800026
8.32099,-2.03573,-0.797697
8.30834,-2.08675,-0.797697
8.29538,-2.13769,-0.797697
8.2773,-2.18728,-0.797211
8.26756,-2.23907,-0.7976
8.24216,-2.28656,-0.796435
8.22414,-2.33601,-0.796047
8.20297,-2.38448,-0.795367
8.17959,-2.43222,-0.794494
8.1588,-2.48062,-0.793911
8.13012,-2.52651,-0.792552
8.0936,-2.56972,-0.790417
8.07484,-2.61841,-0.790126
8.06996,-2.67166,-0.791291
8.05624,-2.72208,-0.791582
8.03092,-2.76855,-0.790708
8.00815,-2.81579,-0.790126
7.99165,-2.86521,-0.790223
7.97018,-2.91283,-0.789835
7.9475,-2.95994,-0.789349
7.92267,-3.00618,-0.78867
7.90408,-3.05473,-0.78867
7.89074,-3.10536,-0.789252
7.87431,-3.15483,-0.789543
7.85481,-3.20309,-0.789543
7.835,-3.25122,-0.789543
7.81674,-3.30001,-0.789738
7.79635,-3.34791,-0.789738
7.76197,-3.38971,-0.788282
7.74194,-3.43768,-0.788379
7.72433,-3.48675,-0.788767
7.69374,-3.52994,-0.787796
7.67104,-3.57666,-0.787699
7.65614,-3.62707,-0.788476
7.62657,-3.67052,-0.787699
7.59585,-3.71332,-0.786826
7.5649,-3.75587,-0.785952
7.54882,-3.8058,-0.786729
7.5271,-3.85296,-0.786923
7.49979,-3.89723,-0.786534
7.47485,-3.94271,-0.786437
7.44087,-3.98334,-0.78537
7.41016,-4.02559,-0.78469
7.37922,-4.06762,-0.784011
7.35412,-4.11283,-0.784011
7.33568,-4.1618,-0.784787
7.31259,-4.20822,-0.785079
7.27631,-4.24699,-0.783914
7.25012,-4.29156,-0.783914
7.22109,-4.33443,-0.783623
7.20031,-4.38228,-0.784302
7.17159,-4.42533,-0.784108
7.12743,-4.45869,-0.782167
7.09321,-4.49808,-0.78139
7.0638,-4.54044,-0.781196
7.03497,-4.58316,-0.781099
7.0117,-4.62953,-0.781681
6.9782,-4.66914,-0.781099
6.94201,-4.70685,-0.780226
6.91628,-4.75161,-0.780614
6.88127,-4.78997,-0.779934
6.84362,-4.82637,-0.778964
6.82278,-4.87464,-0.780031
6.8,-4.92166,-0.780905
6.76887,-4.9627,-0.780808
6.7367,-5.00295,-0.780614
6.7003,-5.04001,-0.779934
6.66767,-5.07982,-0.77974
6.63559,-5.12003,-0.779643
6.60326,-5.16004,-0.779546
6.56757,-5.19737,-0.779061
6.54488,-5.24504,-0.780226
6.5203,-5.29137,-0.781196
6.47541,-5.32116,-0.779643
6.43575,-5.35507,-0.77877
6.41038,-5.40087,-0.77974
6.37864,-5.44139,-0.779934
6.34287,-5.47848,-0.779643
6.31138,-5.51926,-0.779934
6.29752,-5.57569,-0.782555
6.26393,-5.61489,-0.782652
6.21536,-5.64051,-0.780808
6.17403,-5.67248,-0.779934
6.14421,-5.71501,-0.780614
6.10613,-5.74987,-0.780226
6.06425,-5.78105,-0.779352
6.02867,-5.81815,-0.779352
5.99072,-5.85294,-0.779061
5.94266,-5.8777,-0.777411
5.91141,-5.91898,-0.77809
5.87358,-5.95372,-0.777896
5.8286,-5.9811,-0.776731
5.78558,-6.01029,-0.775858
5.74859,-6.04568,-0.775858
5.71411,-6.08374,-0.776246
5.67532,-6.11723,-0.776052
5.63432,-6.14827,-0.775567
5.58313,-6.16797,-0.773625
5.5465,-6.20359,-0.773819
5.50438,-6.23303,-0.773237
5.45687,-6.25619,-0.771878
5.41383,-6.28428,-0.771199
5.38162,-6.32496,-0.772169
5.34015,-6.35481,-0.771781
5.28834,-6.37214,-0.76984
5.24094,-6.39447,-0.768578
5.20912,-6.43579,-0.769743
5.17264,-6.47151,-0.770228
5.1131,-6.47813,-0.767122
5.06102,-6.49369,-0.765181
5.01744,-6.51989,-0.764599
4.98396,-6.55927,-0.765666
4.95139,-6.60007,-0.766928
4.9025,-6.61913,-0.765569
4.85357,-6.63784,-0.76421
4.80983,-6.66347,-0.763725
4.76655,-6.68961,-0.763337
4.72885,-6.72362,-0.763919
4.68921,-6.75496,-0.76421
4.64092,-6.77375,-0.763046
4.59425,-6.79468,-0.762172
4.55413,-6.82522,-0.762463
4.51381,-6.85553,-0.762754
4.47003,-6.8806,-0.762463
4.4245,-6.90287,-0.761881
4.37941,-6.92568,-0.761396
4.3363,-6.95158,-0.761298
4.29565,-6.98144,-0.761687
4.24912,-7.00171,-0.761007
4.20352,-7.02339,-0.760522
4.16035,-7.04905,-0.760522
4.11952,-7.07874,-0.761007
4.07948,-7.10993,-0.761687
4.03381,-7.13136,-0.761298
3.98901,-7.15424,-0.761104
3.94456,-7.17771,-0.761007
3.90186,-7.2044,-0.761298
3.85899,-7.23084,-0.76159
3.81455,-7.25438,-0.76159
3.76997,-7.27765,-0.76159
3.72524,-7.30065,-0.76159
3.67814,-7.31892,-0.761104
3.63581,-7.3467,-0.761687
3.58761,-7.36261,-0.761007
3.54108,-7.38179,-0.760716
3.49742,-7.40698,-0.761104
3.45148,-7.4274,-0.761007
3.40626,-7.44934,-0.761104
3.35885,-7.46647,-0.760716
3.31298,-7.48694,-0.760716
3.26817,-7.50987,-0.761007
3.22085,-7.52703,-0.760716
3.17152,-7.53932,-0.75994
3.12253,-7.5522,-0.75926
3.07763,-7.5749,-0.759648
3.03405,-7.60104,-0.760425
2.99135,-7.6297,-0.761493
2.94448,-7.64791,-0.761493
2.89398,-7.65653,-0.760522
2.84868,-7.67881,-0.761007
2.81581,-7.73542,-0.765084
2.76896,-7.75443,-0.765278
2.73285,-7.80414,-0.768675
2.69041,-7.83677,-0.770325
0,0,0
0,0,0
0,0,0
0,0,0
0,0,0
0,0,0
0,0,0
0,0,0
0,0,0
0,0,0
0,0,0
0,0,0
0,0,0
0,0,0
0,0,0
0,0,0
0,0,0
0,0,0
0,0,0
0,0,0
0,0,0
0,0,0
0,0,0
0,0,0
0,0,0
0,0,0
0,0,0
0,0,0
0,0,0
0,0,0
0,0,0
0,0,0
0,0,0
0,0,0
0,0,0
0,0,0
0,0,0
0,0,0
0,0,0
0,0,0
0,0,0
0,0,0
0,0,0
0,0,0
0,0,0
0,0,0
0,0,0
0,0,0
0,0,0
0,0,0
0,0,0
0,0,0
0,0,0
0,0,0
0,0,0
0,0,0
0,0,0
0,0,0
0,0,0
0,0,0
0,0,0
0,0,0
0,0,0
0,0,0
0,0,0
0,0,0
0,0,0
0,0,0
0,0,0
0,0,0
0,0,0
0,0,0
0,0,0
0,0,0
0,0,0
0,0,0
0,0,0
0,0,0
0,0,0
0,0,0
0,0,0
0,0,0
0,0,0
0,0,0
0,0,0
0,0,0
0,0,0
0,0,0
0,0,0
0,0,0
0,0,0
0,0,0
0,0,0
0,0,0
0,0,0
0,0,0
0,0,0
0,0,0
0,0,0
0,0,0
0,0,0
0,0,0
0,0,0
0,0,0
0,0,0
0,0,0
0,0,0
0,0,0
0,0,0
0,0,0
0,0,0
0,0,0
0,0,0
0,0,0
0,0,0
0,0,0
0,0,0
0,0,0
0,0,0
0,0,0
0,0,0
0,0,0
0,0,0
0,0,0
0,0,0
0,0,0
0,0,0
0,0,0
0,0,0
0,0,0
0,0,0
0,0,0
0,0,0
0,0,0
0,0,0
0,0,0
0,0,0
0,0,0
0,0,0
0,0,0
0,0,0
0,0,0
0,0,0
0,0,0
0,0,0
0,0,0
0,0,0
0,0,0
0,0,0
0,0,0
0,0,0
0,0,0
0,0,0
0,0,0
0,0,0
0,0,0
0,0,0
0,0,0
0,0,0
0,0,0
0,0,0
0,0,0
0,0,0
0,0,0
0,0,0
0,0,0
0,0,0
0,0,0
0,0,0
0,0,0
0,0,0
0,0,0
0,0,0
0,0,0
0,0,0
0,0,0
0,0,0
0,0,0
0,0,0
0,0,0
0,0,0
0,0,0
0,0,0
0,0,0
0,0,0
0,0,0
0,0,0
0,0,0
0,0,0
0,0,0
0,0,0
0,0,0
0,0,0
0,0,0
0,0,0
0,0,0
0,0,0
0,0,0
0,0,0
0,0,0
0,0,0
0,0,0
0,0,0
0,0,0
0,0,0
0,0,0
0,0,0
0,0,0
0,0,0
0,0,0
0,0,0
0,0,0
0,0,0
0,0,0
0,0,0
0,0,0
0,0,0
0,0,0
0,0,0
0,0,0
0,0,0
0,0,0
0,0,0
0,0,0
0,0,0
0,0,0
0,0,0
0,0,0
0,0,0
0,0,0
0,0,0
0,0,0
0,0,0
0,0,0
0,0,0
0,0,0
0,0,0
0,0,0
0,0,0
0,0,0
0,0,0
0,0,0
0,0,0
0,0,0
0,0,0
0,0,0
0,0,0
0,0,0
0,0,0
0,0,0
0,0,0
0,0,0
0,0,0
0,0,0
0,0,0
0,0,0
0,0,0
0,0,0
0,0,0
0,0,0
0,0,0
0,0,0
0,0,0
0,0,0
0,0,0
0,0,0
0,0,0
0,0,0
0,0,0
0,0,0
0,0,0
0,0,0
0,0,0
0,0,0
0,0,0
0,0,0
0,0,0
0,0,0
0,0,0
0,0,0
0,0,0
0,0,0
0,0,0
0,0,0
0,0,0
0,0,0
0,0,0
0,0,0
0,0,0
0,0,0
0,0,0
0,0,0
0,0,0
0,0,0
0,0,0
0,0,0
0,0,0
0,0,0
0,0,0
0,0,0
0,0,0
0,0,0
0,0,0
0,0,0
0,0,0
0,0,0
0,0,0
0,0,0
0,0,0
0,0,0
0,0,0
0,0,0
0,0,0
0,0,0
0,0,0
0,0,0
0,0,0
0,0,0
0,0,0
0,0,0
0,0,0
0,0,0
0,0,0
0,0,0
0,0,0
0,0,0
0,0,0
0,0,0
0,0,0
0,0,0
0,0,0
0,0,0
0,0,0
0,0,0
0,0,0
0,0,0
0,0,0
0,0,0
0,0,0
0,0,0
0,0,0
0,0,0
0,0,0
0,0,0
0,0,0
0,0,0
0,0,0
0,0,0
0,0,0
0,0,0
0,0,0
0,0,0
0,0,0
0,0,0
0,0,0
0,0,0
0,0,0
0,0,0
0,0,0
0,0,0
0,0,0
0,0,0
0,0,0
0,0,0
0,0,0
0,0,0
0,0,0
0,0,0
0,0,0
0,0,0
0,0,0
0,0,0
0,0,0
0,0,0
0,0,0
0,0,0
0,0,0
0,0,0
0,0,0
0,0,0
0,0,0
0,0,0
0,0,0
0,0,0
0,0,0
0,0,0
0,0,0
0,0,0
0,0,0
0,0,0
0,0,0
0,0,0
0,0,0
0,0,0
0,0,0
0,0,0
0,0,0
0,0,0
0,0,0
0,0,0
0,0,0
0,0,0
0,0,0
0,0,0
0,0,0
0,0,0
0,0,0
0,0,0
0,0,0
0,0,0
0,0,0
0,0,0
0,0,0
0,0,0
0,0,0
0,0,0
0,0,0
0,0,0
0,0,0
0,0,0
0,0,0
0,0,0
0,0,0
0,0,0
0,0,0
0,0,0
0,0,0
0,0,0
0,0,0
0,0,0
0,0,0
0,0,0
0,0,0
0,0,0
0,0,0
0,0,0
0,0,0
0,0,0
0,0,0
0,0,0
0,0,0
0,0,0
0,0,0
0,0,0
0,0,0
0,0,0
0,0,0
0,0,0
0,0,0
0,0,0
0,0,0
0,0,0
0,0,0
0,0,0
0,0,0
0,0,0
0,0,0
0,0,0
0,0,0
0,0,0
0,0,0
0,0,0
0,0,0
0,0,0
0,0,0
0,0,0
0,0,0
0,0,0
0,0,0
0,0,0
0,0,0
0,0,0
0,0,0
0,0,0
0,0,0
0,0,0
0,0,0
0,0,0
0,0,0
0,0,0
0,0,0
0,0,0
0,0,0
0,0,0
0,0,0
0,0,0
0,0,0
0,0,0
0,0,0
0,0,0
0,0,0
0,0,0
0,0,0
0,0,0
0,0,0
0,0,0
0,0,0
0,0,0
0,0,0
0,0,0
0,0,0
0,0,0
0,0,0
0,0,0
0,0,0
0,0,0
0,0,0
0,0,0
0,0,0
0,0,0
0,0,0
0,0,0
0,0,0
0,0,0
0,0,0
0,0,0
0,0,0
0,0,0
0,0,0
0,0,0
0,0,0
0,0,0
0,0,0
0,0,0
0,0,0
0,0,0
0,0,0
0,0,0
0,0,0
0,0,0
0,0,0
0,0,0
0,0,0
0,0,0
0,0,0
0,0,0
0,0,0
0,0,0
0,0,0
0,0,0
0,0,0
0,0,0
0,0,0
0,0,0
0,0,0
0,0,0
0,0,0
0,0,0
0,0,0
0,0,0
0,0,0
0,0,0
0,0,0
0,0,0
0,0,0
0,0,0
0,0,0
0,0,0
0,0,0
0,0,0
0,0,0
0,0,0
0,0,0
0,0,0
0,0,0
0,0,0
0,0,0
0,0,0
0,0,0
0,0,0
0,0,0
0,0,0
0,0,0
0,0,0
0,0,0
0,0,0
0,0,0
0,0,0
0,0,0
0,0,0
0,0,0
0,0,0
0,0,0
0,0,0
0,0,0
0,0,0
0,0,0
0,0,0
0,0,0
0,0,0
0,0,0
0,0,0
0,0,0
0,0,0
0,0,0
0,0,0
0,0,0
0,0,0
0,0,0
0,0,0
0,0,0
2.07744,6.28102,-0.685456
1.36832,4.05389,-0.429918
1.39706,4.05669,-0.431223
1.42225,4.04898,-0.431331
1.44707,4.04018,-0.431331
1.47149,4.03029,-0.431223
1.48961,4.00349,-0.429157
2.31879,6.11631,-0.677304
2.35735,6.10475,-0.67763
2.41004,6.12903,-0.682196
2.43245,6.07629,-0.677739
2.41942,5.93789,-0.663174
2.4421,5.88988,-0.659261
2.4523,5.81342,-0.651979
2.47734,5.77359,-0.649044
2.52584,5.78835,-0.652631
2.58551,5.82726,-0.659153
2.63429,5.84028,-0.662631
2.54164,5.54389,-0.628936
2.54453,5.46151,-0.620893
2.70859,5.72162,-0.654261
2.59413,5.39404,-0.616545
2.72755,5.58345,-0.641544
2.8488,5.74204,-0.662957
2.88264,5.72179,-0.662631
2.92312,5.71461,-0.663935
2.96867,5.71686,-0.666435
2.91515,5.53058,-0.645675
3.04282,5.68788,-0.667413
2.99703,5.52059,-0.648935
3.05867,5.5526,-0.65524
3.13585,5.61096,-0.664913
3.13001,5.5207,-0.656
3.18414,5.53672,-0.660457
3.2441,5.56173,-0.666109
2.21977,3.75275,-0.438831
0,0,0
2.25015,3.69975,-0.43557
2.2869,3.70872,-0.438505
2.24163,3.58588,-0.424484
2.2157,3.4965,-0.414701
2.16618,3.37244,-0.400354
2.16242,3.32159,-0.395462
2.15593,3.26761,-0.390137
2.1671,3.2411,-0.388397
2.17747,3.21375,-0.38655
2.22022,3.23393,-0.391006
2.26727,3.25941,-0.396223
3.63143,5.15238,-0.651327
2.42784,3.40042,-0.41894
2.45856,3.39915,-0.420788
2.47702,3.38079,-0.420353
2.47935,3.34079,-0.416984
2.4789,3.2977,-0.41318
2.48824,3.26819,-0.411223
2.50521,3.24893,-0.41068
2.52449,3.23271,-0.410571
2.54489,3.21794,-0.41068
2.55838,3.19451,-0.409593
3.99007,4.91967,-0.654696
4.01388,4.88741,-0.653609
4.06985,4.89403,-0.658066
4.12478,4.89862,-0.662305
4.16185,4.88154,-0.6635
4.17678,4.8386,-0.661
4.22798,4.83758,-0.664587
4.29514,4.85398,-0.670783
4.3328,4.83642,-0.672087
4.36039,4.80753,-0.671761
4.39183,4.78288,-0.672087
4.32768,4.65538,-0.657087
4.25737,4.52377,-0.641327
4.45649,4.67748,-0.6685
4.42299,4.58566,-0.658718
4.37187,4.47736,-0.646327
4.56629,4.61941,-0.672305
4.58892,4.58568,-0.671435
4.58372,4.52462,-0.666326
4.52527,4.41244,-0.653174
4.40906,4.24668,-0.631436
4.68496,4.45729,-0.669152
4.64774,4.36788,-0.659479
4.63365,4.30141,-0.653392
4.60134,4.21915,-0.644696
4.5903,4.15747,-0.639262
4.62017,4.13321,-0.639914
4.93151,4.35752,-0.681652
4.95816,4.32718,-0.681652
4.97784,4.29084,-0.680674
4.98439,4.24346,-0.677848
4.96696,4.17633,-0.671652
4.80206,3.98766,-0.644588
4.80952,3.94425,-0.642196
4.99278,4.04354,-0.664587
5.16811,4.13327,-0.685674
4.99755,3.94685,-0.658392
3.82932,2.98638,-0.493069
3.82473,2.94524,-0.489917
3.83877,2.91871,-0.489374
5.26146,3.94952,-0.681435
5.02602,3.72481,-0.646109
5.1948,3.80072,-0.665892
4.53301,3.27408,-0.573502
4.52549,3.22659,-0.569807
5.47607,3.85377,-0.694261
5.51349,3.82974,-0.696108
5.52704,3.78909,-0.694804
5.52796,3.74007,-0.691869
5.53344,3.69448,-0.689587
5.54023,3.65007,-0.687522
5.53919,3.60084,-0.684478
5.56369,3.5684,-0.684804
5.55692,3.51612,-0.681109
5.62477,3.5109,-0.687087
5.67075,3.49144,-0.690239
5.70737,3.46586,-0.692195
5.76008,3.44967,-0.696217
5.81538,3.43448,-0.700565
5.85868,3.41174,-0.703391
5.89071,3.38216,-0.704804
5.91308,3.34694,-0.705021
5.94045,3.31446,-0.705891
5.94674,3.27029,-0.704152
6.00952,3.25695,-0.709478
5.95661,3.18115,-0.700456
5.79303,3.04826,-0.677848
5.91753,3.06756,-0.690891
5.93359,3.02983,-0.690565
6.09416,3.06482,-0.707956
6.12622,3.03399,-0.709586
6.14472,2.99634,-0.709586
6.21945,2.98568,-0.716434
6.25203,2.95426,-0.718173
6.26463,2.91332,-0.717521
6.30408,2.88476,-0.72013
6.37334,2.86928,-0.726325
6.46172,2.86151,-0.734803
6.58488,2.86785,-0.747412
6.68368,2.86221,-0.757085
6.7735,2.85162,-0.765672
6.89651,2.8537,-0.778172
6.98203,2.83904,-0.786215
7.0944,2.83412,-0.797411
7.13942,2.80143,-0.800671
7.18987,2.77044,-0.804584
7.25973,2.74632,-0.81078
7.3948,2.74566,-0.824584
7.40497,2.69785,-0.823823
7.41015,2.64835,-0.822519
7.44972,2.61105,-0.825236
7.47876,2.56981,-0.826758
7.51417,2.53054,-0.82904
7.51445,2.4794,-0.827301
7.52669,2.43233,-0.826975
7.54337,2.3867,-0.827193
7.57306,2.34507,-0.828932
7.58541,2.29799,-0.828714
7.58125,2.24604,-0.826649
7.60158,2.20141,-0.82741
7.60824,2.15283,-0.826649
7.60502,2.10161,-0.824801
7.62065,2.05568,-0.825127
7.6312,2.00838,-0.82491
7.64434,1.96176,-0.825019
7.65913,1.91554,-0.825345
7.66688,1.86757,-0.82491
7.67045,1.81866,-0.82404
7.66694,1.76821,-0.82241
7.66891,1.71918,-0.821432
7.68223,1.67272,-0.821758
7.69527,1.62617,-0.822084
5.96483,1.2224,-0.627849
5.9693,1.1852,-0.627523
5.98036,1.1493,-0.627958
7.71429,1.43338,-0.820019
7.71413,1.38444,-0.819041
7.7215,1.33691,-0.818932
7.72564,1.28885,-0.818497
7.7334,1.24143,-0.818497
7.74677,1.19486,-0.819149
7.75592,1.1476,-0.819367
7.76085,1.09971,-0.819149
7.76154,1.05126,-0.818497
7.76488,1.00324,-0.818171
7.76793,0.955212,-0.817845
7.76772,0.906839,-0.817193
7.77018,0.858833,-0.816867
7.7753,0.81114,-0.816867
7.77716,0.763125,-0.816541
7.77774,0.715027,-0.816106
7.78297,0.667375,-0.816215
7.77503,0.618662,-0.81491
7.75389,0.569126,-0.812193
7.74732,0.520871,-0.811106
7.75831,0.473809,-0.811975
7.77298,0.42685,-0.81328
7.77148,0.378954,-0.812845
7.76572,0.330924,-0.811975
7.76164,0.283051,-0.811323
7.75628,0.235211,-0.810562
7.74763,0.187375,-0.809476
7.73075,0.139511,-0.807519
7.72848,0.0920379,-0.807193
7.72691,0.0446037,-0.806976
7.73101,-0.00281018,-0.80741
7.73085,-0.0502467,-0.80741
7.7294,-0.0976688,-0.807302
7.73661,-0.145243,-0.808171
7.71868,-0.19229,-0.806323
7.69748,-0.239029,-0.80415
7.68693,-0.285922,-0.803171
7.69297,-0.333428,-0.804041
7.7017,-0.381166,-0.805237
7.69128,-0.427973,-0.804367
7.68454,-0.474912,-0.803932
7.67256,-0.521448,-0.802954
7.67714,-0.569104,-0.803824
7.67351,-0.6162,-0.803824
7.66661,-0.663015,-0.803497
7.65646,-0.709493,-0.802845
7.65196,-0.756459,-0.802845
7.65014,-0.803708,-0.803171
7.6421,-0.850303,-0.802845
7.63477,-0.896946,-0.802628
7.63306,-0.944264,-0.803063
7.63501,-0.992107,-0.803932
7.61992,-1.03773,-0.802954
7.60455,-1.0832,-0.801976
7.58695,-1.12823,-0.80078
7.58184,-1.17507,-0.800997
7.58234,-1.22283,-0.801867
7.58842,-1.27164,-0.803389
7.58243,-1.31851,-0.803606
7.55366,-1.36131,-0.801324
7.54516,-1.40763,-0.801324
7.54322,-1.45522,-0.802084
7.53512,-1.50167,-0.802193
7.52576,-1.54788,-0.802193
7.52779,-1.5965,-0.803497
7.52757,-1.64479,-0.804584
7.50473,-1.68811,-0.803171
6.08122,-1.40709,-0.644588
7.41478,-1.76374,-0.795454
7.48976,-1.83021,-0.805128
7.48514,-1.87782,-0.805889
7.46385,-1.92124,-0.804802
7.43847,-1.96344,-0.80328
7.41956,-2.00723,-0.802519
7.40423,-2.05192,-0.802193
7.3829,-2.09487,-0.801215
7.36609,-2.13902,-0.80078
7.34806,-2.18277,-0.800237
7.33167,-2.22695,-0.799911
7.31787,-2.27189,-0.799911
7.30569,-2.31735,-0.800128
7.29322,-2.36275,-0.800345
7.26915,-2.40433,-0.799258
7.25143,-2.44793,-0.798932
7.23722,-2.4927,-0.799041
7.20959,-2.53278,-0.797628
7.18549,-2.57395,-0.79665
7.1733,-2.61936,-0.797085
7.16082,-2.66471,-0.797519
7.14898,-2.71036,-0.798063
7.12758,-2.75238,-0.797519
7.10593,-2.79425,-0.796976
7.08312,-2.83558,-0.796324
7.06559,-2.87899,-0.796324
7.0533,-2.92457,-0.796976
7.03797,-2.96895,-0.797302
7.01962,-3.01208,-0.797302
7.001,-3.0551,-0.797302
6.9794,-3.09679,-0.796976
6.95302,-3.13628,-0.796106
6.92912,-3.17681,-0.795563
6.91941,-3.22389,-0.796758
6.9031,-3.26799,-0.797193
6.88202,-3.30985,-0.797085
6.85711,-3.34983,-0.796541
6.83554,-3.3914,-0.796432
6.80484,-3.42836,-0.795237
6.77571,-3.46598,-0.794258
6.74637,-3.50336,-0.79328
6.73179,-3.5484,-0.79415
6.71427,-3.59198,-0.794693
6.6921,-3.63311,-0.794693
6.66968,-3.67411,-0.794693
6.64701,-3.71496,-0.794693
6.62409,-3.75568,-0.794693
6.60265,-3.79724,-0.794911
6.58094,-3.83869,-0.795128
6.54871,-3.87393,-0.794041
6.52396,-3.91353,-0.793932
6.50662,-3.95762,-0.794802
6.47376,-3.99225,-0.793715
6.44408,-4.02874,-0.793063
6.42512,-4.07193,-0.793824
6.39583,-4.10859,-0.79328
6.36383,-4.14341,-0.792411
6.33414,-4.17965,-0.791867
6.30259,-4.21456,-0.791106
6.27908,-4.25483,-0.791432
6.26269,-4.30003,-0.792737
6.23701,-4.33894,-0.792845
6.2062,-4.37427,-0.792302
6.1841,-4.41573,-0.792954
6.14239,-4.44311,-0.790998
6.09898,-4.46896,-0.788824
6.07144,-4.5063,-0.788824
6.05321,-4.55064,-0.790128
6.02755,-4.5895,-0.790454
5.99612,-4.62397,-0.790019
5.96686,-4.66006,-0.789911
5.92957,-4.6898,-0.788715
5.89758,-4.72361,-0.78828
5.87003,-4.76096,-0.788498
5.84378,-4.79941,-0.788933
5.81346,-4.83454,-0.788824
5.79205,-4.87717,-0.790019
5.77563,-4.92422,-0.791976
5.74079,-4.95567,-0.791324
5.70504,-4.98622,-0.790563
5.66912,-5.01652,-0.789802
5.6375,-5.05055,-0.789693
5.60787,-5.08638,-0.789911
5.56777,-5.11263,-0.788606
5.53921,-5.1494,-0.789041
5.50751,-5.18329,-0.789041
5.48136,-5.22248,-0.789911
5.44993,-5.2567,-0.790019
5.42255,-5.2949,-0.79078
5.3942,-5.33227,-0.791432
5.35857,-5.36245,-0.790998
5.32277,-5.3924,-0.790563
5.28681,-5.42211,-0.790128
5.25895,-5.46018,-0.790998
5.23289,-5.50027,-0.792193
5.19496,-5.52793,-0.791541
5.16973,-5.56917,-0.792954
5.12807,-5.59272,-0.791759
5.08499,-5.61451,-0.790346
5.06436,-5.66116,-0.792628
5.02163,-5.68319,-0.791324
4.98535,-5.7124,-0.791106
4.95086,-5.74363,-0.791215
4.91166,-5.76936,-0.790563
4.87681,-5.80015,-0.790672
4.83414,-5.82155,-0.789476
4.7977,-5.85033,-0.789367
4.7542,-5.87039,-0.788063
4.71685,-5.8979,-0.787846
4.67934,-5.92517,-0.787628
4.63862,-5.94828,-0.786867
4.6087,-5.9853,-0.788063
4.56407,-6.00317,-0.78665
4.51701,-6.01755,-0.784802
4.48888,-6.05713,-0.786433
4.44458,-6.07493,-0.785128
4.39209,-6.08114,-0.782302
4.36277,-6.11931,-0.783824
4.32457,-6.14515,-0.783715
4.28792,-6.1732,-0.783933
4.24996,-6.19939,-0.783933
4.20794,-6.21959,-0.783172
4.1697,-6.24529,-0.783172
4.13513,-6.27657,-0.783933
4.09437,-6.29849,-0.783498
4.04653,-6.30927,-0.78165
4.01518,-6.34574,-0.783172
3.98459,-6.38375,-0.784911
3.937,-6.39454,-0.783172
3.89511,-6.41432,-0.782628
3.84394,-6.41849,-0.780128
3.80448,-6.44195,-0.780128
3.76688,-6.46861,-0.780563
3.72712,-6.4916,-0.780563
3.68135,-6.50397,-0.779259
3.64718,-6.53685,-0.780563
3.60557,-6.55649,-0.780237
3.56195,-6.57238,-0.779476
3.52343,-6.59762,-0.779911
3.48288,-6.61911,-0.779911
3.43946,-6.63506,-0.779259
3.39868,-6.65604,-0.779259
3.36046,-6.6821,-0.779911
2.53949,-5.12758,-0.587741
2.4997,-5.12609,-0.585676
3.23173,-6.73207,-0.778607
3.18909,-6.74907,-0.778281
3.15013,-6.77392,-0.778933
3.11099,-6.79855,-0.779585
3.06432,-6.80663,-0.778281
3.02048,-6.82076,-0.777737
2.97858,-6.83916,-0.777737
2.93851,-6.86188,-0.778281
2.89751,-6.88253,-0.778607
2.84838,-6.88365,-0.77665
2.80946,-6.90928,-0.777628
2.77328,-6.94208,-0.779476
2.72991,-6.95712,-0.779259
2.68681,-6.97281,-0.77915
2.64468,-6.99102,-0.779368
2.60243,-7.00898,-0.779585
2.55733,-7.01922,-0.778933
2.51221,-7.02916,-0.778281
2.47232,-7.05382,-0.779368
2.43028,-7.07262,-0.779802
2.38335,-7.07704,-0.778607
2.35109,-7.12551,-0.78252
2.29449,-7.10007,-0.777954
2.24488,-7.09506,-0.775781
0,0,0
0,0,0
0,0,0
0,0,0
0,0,0
1.96606,-7.11444,-0.76915
1.91823,-7.11101,-0.767411
0,0,0
1.8333,-7.14364,-0.768498
0,0,0
0,0,0
0,0,0
0,0,0
0,0,0
0,0,0
0,0,0
0,0,0
0,0,0
0,0,0
0,0,0
0,0,0
0,0,0
0,0,0
0,0,0
0,0,0
0,0,0
0,0,0
0,0,0
0,0,0
0,0,0
0,0,0
0,0,0
0,0,0
0,0,0
0,0,0
0,0,0
0,0,0
0,0,0
0,0,0
0,0,0
0,0,0
0,0,0
0,0,0
0,0,0
0,0,0
0,0,0
0,0,0
0,0,0
0,0,0
0,0,0
0,0,0
0,0,0
0,0,0
0,0,0
0,0,0
0,0,0
0,0,0
0,0,0
0,0,0
0,0,0
0,0,0
0,0,0
0,0,0
0,0,0
0,0,0
0,0,0
0,0,0
0,0,0
0,0,0
0,0,0
0,0,0
0,0,0
0,0,0
0,0,0
0,0,0
0,0,0
0,0,0
0,0,0
0,0,0
0,0,0
0,0,0
0,0,0
0,0,0
0,0,0
0,0,0
0,0,0
0,0,0
0,0,0
0,0,0
0,0,0
0,0,0
0,0,0
0,0,0
0,0,0
0,0,0
0,0,0
0,0,0
0,0,0
0,0,0
0,0,0
0,0,0
0,0,0
0,0,0
0,0,0
0,0,0
0,0,0
0,0,0
0,0,0
0,0,0
0,0,0
0,0,0
0,0,0
0,0,0
0,0,0
0,0,0
0,0,0
0,0,0
0,0,0
0,0,0
0,0,0
0,0,0
0,0,0
0,0,0
0,0,0
0,0,0
0,0,0
0,0,0
0,0,0
0,0,0
0,0,0
0,0,0
0,0,0
0,0,0
0,0,0
0,0,0
0,0,0
0,0,0
0,0,0
0,0,0
0,0,0
0,0,0
0,0,0
0,0,0
0,0,0
0,0,0
0,0,0
0,0,0
0,0,0
0,0,0
0,0,0
0,0,0
0,0,0
0,0,0
0,0,0
0,0,0
0,0,0
0,0,0
0,0,0
0,0,0
0,0,0
0,0,0
0,0,0
0,0,0
0,0,0
0,0,0
0,0,0
0,0,0
0,0,0
0,0,0
0,0,0
0,0,0
0,0,0
0,0,0
0,0,0
0,0,0
0,0,0
0,0,0
0,0,0
0,0,0
0,0,0
0,0,0
0,0,0
0,0,0
0,0,0
0,0,0
0,0,0
0,0,0
0,0,0
0,0,0
0,0,0
0,0,0
0,0,0
0,0,0
0,0,0
0,0,0
0,0,0
0,0,0
0,0,0
0,0,0
0,0,0
0,0,0
0,0,0
0,0,0
0,0,0
0,0,0
0,0,0
0,0,0
0,0,0
0,0,0
0,0,0
0,0,0
0,0,0
0,0,0
0,0,0
0,0,0
0,0,0
0,0,0
0,0,0
0,0,0
0,0,0
0,0,0
0,0,0
0,0,0
0,0,0
0,0,0
0,0,0
0,0,0
0,0,0
0,0,0
0,0,0
0,0,0
0,0,0
0,0,0
0,0,0
0,0,0
0,0,0
0,0,0
0,0,0
0,0,0
0,0,0
0,0,0
0,0,0
0,0,0
0,0,0
0,0,0
0,0,0
0,0,0
0,0,0
0,0,0
0,0,0
0,0,0
0,0,0
0,0,0
0,0,0
0,0,0
0,0,0
0,0,0
0,0,0
0,0,0
0,0,0
0,0,0
0,0,0
0,0,0
0,0,0
0,0,0
0,0,0
0,0,0
0,0,0
0,0,0
0,0,0
0,0,0
0,0,0
0,0,0
0,0,0
0,0,0
0,0,0
0,0,0
0,0,0
0,0,0
0,0,0
0,0,0
0,0,0
0,0,0
0,0,0
0,0,0
0,0,0
0,0,0
0,0,0
0,0,0
0,0,0
0,0,0
0,0,0
0,0,0
0,0,0
0,0,0
0,0,0
0,0,0
0,0,0
0,0,0
0,0,0
0,0,0
0,0,0
0,0,0
0,0,0
0,0,0
0,0,0
0,0,0
0,0,0
0,0,0
0,0,0
0,0,0
0,0,0
0,0,0
0,0,0
0,0,0
0,0,0
0,0,0
0,0,0
0,0,0
0,0,0
0,0,0
0,0,0
0,0,0
0,0,0
0,0,0
0,0,0
0,0,0
0,0,0
0,0,0
0,0,0
0,0,0
0,0,0
0,0,0
0,0,0
0,0,0
0,0,0
0,0,0
0,0,0
0,0,0
0,0,0
0,0,0
0,0,0
0,0,0
0,0,0
0,0,0
0,0,0
0,0,0
0,0,0
0,0,0
0,0,0
0,0,0
0,0,0
0,0,0
0,0,0
0,0,0
0,0,0
0,0,0
0,0,0
0,0,0
0,0,0
0,0,0
0,0,0
0,0,0
0,0,0
0,0,0
0,0,0
0,0,0
0,0,0
0,0,0
0,0,0
0,0,0
0,0,0
0,0,0
0,0,0
0,0,0
0,0,0
0,0,0
0,0,0
0,0,0
0,0,0
0,0,0
0,0,0
0,0,0
0,0,0
0,0,0
0,0,0
0,0,0
0,0,0
0,0,0
0,0,0
0,0,0
0,0,0
0,0,0
0,0,0
0,0,0
0,0,0
0,0,0
0,0,0
0,0,0
0,0,0
0,0,0
0,0,0
0,0,0
0,0,0
0,0,0
0,0,0
0,0,0
0,0,0
0,0,0
0,0,0
0,0,0
0,0,0
0,0,0
0,0,0
0,0,0
0,0,0
0,0,0
0,0,0
0,0,0
0,0,0
0,0,0
0,0,0
0,0,0
0,0,0
0,0,0
0,0,0
0,0,0
0,0,0
0,0,0
0,0,0
0,0,0
0,0,0
0,0,0
0,0,0
0,0,0
0,0,0
0,0,0
0,0,0
0,0,0
0,0,0
0,0,0
0,0,0
0,0,0
0,0,0
0,0,0
0,0,0
0,0,0
0,0,0
0,0,0
0,0,0
0,0,0
0,0,0
0,0,0
0,0,0
0,0,0
0,0,0
0,0,0
0,0,0
0,0,0
0,0,0
0,0,0
0,0,0
0,0,0
0,0,0
0,0,0
0,0,0
0,0,0
0,0,0
0,0,0
0,0,0
0,0,0
0,0,0
0,0,0
0,0,0
0,0,0
0,0,0
0,0,0
0,0,0
0,0,0
0,0,0
0,0,0
0,0,0
0,0,0
0,0,0
0,0,0
0,0,0
0,0,0
0,0,0
0,0,0
0,0,0
0,0,0
0,0,0
0,0,0
0,0,0
0,0,0
0,0,0
0,0,0
0,0,0
0,0,0
0,0,0
0,0,0
0,0,0
0,0,0
0,0,0
0,0,0
0,0,0
0,0,0
0,0,0
0,0,0
0,0,0
0,0,0
0,0,0
0,0,0
0,0,0
0,0,0
0,0,0
0,0,0
0,0,0
0,0,0
0,0,0
0,0,0
0,0,0
0,0,0
0,0,0
0,0,0
0,0,0
0,0,0
0,0,0
0,0,0
0,0,0
0,0,0
0,0,0
0,0,0
0,0,0
0,0,0
0,0,0
0,0,0
0,0,0
0,0,0
0,0,0
0,0,0
0,0,0
0,0,0
0,0,0
0,0,0
0,0,0
0,0,0
0,0,0
0,0,0
0,0,0
0,0,0
0,0,0
0,0,0
0,0,0
0,0,0
0,0,0
0,0,0
0,0,0
0,0,0
0,0,0
0,0,0
0,0,0
0,0,0
0,0,0
0,0,0
0,0,0
0,0,0
0,0,0
0,0,0
0,0,0
0,0,0
0,0,0
0,0,0
0,0,0
0,0,0
0,0,0
0,0,0
0,0,0
0,0,0
0,0,0
0,0,0
0,0,0
0,0,0
0,0,0
0,0,0
0,0,0
0,0,0
0,0,0
0,0,0
0,0,0
0,0,0
0,0,0
0,0,0
0,0,0
0,0,0
0,0,0
0,0,0
0,0,0
0,0,0
0,0,0
0,0,0
0,0,0
0,0,0
0,0,0
0,0,0
0,0,0
0,0,0
0,0,0
0,0,0
0,0,0
0,0,0
0,0,0
0,0,0
0,0,0
0,0,0
0,0,0
0,0,0
0,0,0
0,0,0
0,0,0
0,0,0
0,0,0
0,0,0
0,0,0
0,0,0
1.7075,5.61474,-0.677278
1.74044,5.59942,-0.676673
1.78828,5.63121,-0.682118
1.83749,5.66546,-0.687926
1.87378,5.65879,-0.688531
1.90021,5.62273,-0.685385
1.39752,4.05212,-0.484399
1.41676,4.02755,-0.482342
1.44446,4.02719,-0.483431
1.47119,4.02385,-0.484157
1.49966,4.02498,-0.485488
2.11855,5.58239,-0.689741
2.13058,5.51188,-0.682239
2.14547,5.45067,-0.675947
2.15267,5.37198,-0.667356
2.19121,5.37245,-0.669171
2.22604,5.36349,-0.669776
2.26045,5.35339,-0.67026
2.29443,5.34216,-0.670623
2.32478,5.32252,-0.669897
2.38115,5.36168,-0.677036
2.41115,5.34064,-0.676189
2.44056,5.31853,-0.675221
2.47693,5.31155,-0.67631
2.51414,5.30612,-0.677641
2.51481,5.2244,-0.668687
2.53766,5.19014,-0.666146
2.21642,4.46314,-0.569343
2.6369,5.22952,-0.675826
2.68974,5.2539,-0.681392
2.69585,5.18708,-0.674495
2.78642,5.28196,-0.689862
2.76866,5.17111,-0.676915
2.77287,5.10343,-0.669897
2.71837,4.9307,-0.648237
2.82656,5.05343,-0.667719
2.86291,5.04549,-0.66905
2.19735,3.8172,-0.498798
2.93411,5.02626,-0.671349
2.98309,5.03892,-0.675705
3.00323,5.00265,-0.673164
3.02923,4.97649,-0.672075
3.03834,4.92317,-0.667114
3.05007,4.87498,-0.662879
3.00976,4.74551,-0.646906
3.12737,4.86474,-0.666872
2.14086,3.28502,-0.43987
2.14184,3.24282,-0.435635
2.15452,3.21889,-0.434062
2.17089,3.20068,-0.433336
2.1888,3.18485,-0.432973
2.2083,3.17136,-0.432973
3.38828,4.80386,-0.678488
3.40731,4.76844,-0.67631
3.4429,4.75629,-0.677641
3.51662,4.79592,-0.686837
3.55841,4.79099,-0.689378
2.47507,3.28944,-0.463707
2.48138,3.25603,-0.460924
2.49828,3.23681,-0.460319
2.51137,3.21282,-0.458988
2.53411,3.20124,-0.459593
2.55061,3.18176,-0.458988
3.7796,4.6569,-0.693008
3.78164,4.60141,-0.687926
3.82059,4.59109,-0.689983
3.80841,4.51973,-0.68236
3.85088,4.51365,-0.685143
3.85645,4.46439,-0.681029
3.87266,4.42794,-0.678972
3.9037,4.40856,-0.679698
3.92671,4.38008,-0.678972
3.9295,4.32944,-0.674616
3.92913,4.27601,-0.669776
4.04452,4.34777,-0.685748
4.12011,4.37491,-0.69446
4.13318,4.33518,-0.69204
4.14178,4.29116,-0.688894
4.08341,4.17903,-0.674132
4.05454,4.09884,-0.664694
4.09155,4.08581,-0.666751
4.24655,4.18892,-0.689015
4.30487,4.19466,-0.694581
4.32624,4.16404,-0.693855
4.33085,4.11757,-0.690346
4.42042,4.15142,-0.701116
4.45308,4.13097,-0.702326
4.4681,4.09417,-0.700632
4.43133,4.01072,-0.690467
4.427,3.95764,-0.685748
4.4512,3.93041,-0.685748
4.47074,3.8991,-0.685022
4.57805,3.94353,-0.698454
4.59838,3.91214,-0.697848
4.41638,3.71076,-0.665057
4.45052,3.6931,-0.666872
4.69111,3.84446,-0.701237
4.70149,3.80499,-0.69918
4.72243,3.77421,-0.698817
4.71667,3.7224,-0.694339
3.84383,2.99519,-0.555912
3.81966,2.93885,-0.549378
3.84078,2.91776,-0.549862
4.96063,3.72111,-0.717814
4.96742,3.67879,-0.715394
4.55884,3.33296,-0.650294
4.55748,3.28924,-0.647027
4.55575,3.24566,-0.64376
4.57964,3.2205,-0.644365
4.63193,3.21498,-0.649205
5.02658,3.44351,-0.704625
5.01062,3.38758,-0.69918
5.00654,3.34024,-0.695549
5.04186,3.31929,-0.697728
5.09459,3.30938,-0.702447
5.14238,3.29574,-0.70644
5.16167,3.2636,-0.706319
5.18665,3.23502,-0.707045
5.2419,3.22498,-0.712127
5.32863,3.23345,-0.721686
5.38244,3.22109,-0.726526
5.3927,3.18245,-0.725195
5.39668,3.14032,-0.723017
5.4124,3.10517,-0.722533
5.42185,3.06652,-0.721202
5.44317,3.03465,-0.721565
5.46429,3.00262,-0.721928
5.50094,2.97897,-0.724469
5.53225,2.95217,-0.726284
5.5608,2.92372,-0.727736
5.57688,2.88863,-0.727494
5.62809,2.8715,-0.732092
5.70325,2.8659,-0.739958
5.77945,2.85992,-0.747944
5.83972,2.84528,-0.753752
5.94566,2.85191,-0.765731
6.0537,2.85819,-0.777953
6.12513,2.8461,-0.785213
6.2138,2.84109,-0.794772
6.31892,2.84242,-0.806509
6.38616,2.82569,-0.813165
6.50987,2.83282,-0.827322
6.54903,2.80219,-0.830226
6.59904,2.77582,-0.834582
6.66823,2.7569,-0.841479
6.66755,2.70883,-0.83918
6.66376,2.65977,-0.836518
6.67718,2.61775,-0.836155
6.73203,2.59171,-0.841237
6.7283,2.54298,-0.838696
6.75495,2.5058,-0.840148
6.77206,2.46498,-0.84039
6.78519,2.42271,-0.840148
6.79993,2.38103,-0.840148
6.81159,2.3383,-0.839785
6.82769,2.29709,-0.840027
6.83789,2.25391,-0.839543
6.85064,2.21161,-0.839422
6.85746,2.16744,-0.838575
6.86494,2.12356,-0.837849
6.88449,2.08341,-0.838696
6.90762,2.04423,-0.840027
6.90668,1.99794,-0.838333
6.90257,1.95093,-0.836276
6.91154,1.90775,-0.835913
6.92024,1.86453,-0.83555
6.94019,1.82431,-0.836639
6.94452,1.77996,-0.835792
6.94665,1.73515,-0.834703
6.94655,1.68991,-0.833372
6.94713,1.64497,-0.832162
6.9629,1.60365,-0.832888
6.97261,1.56089,-0.832888
6.97623,1.51681,-0.832162
6.99124,1.47521,-0.832888
5.946,1.21642,-0.701721
5.95335,1.17991,-0.701721
5.96048,1.14336,-0.701721
7.00484,1.29939,-0.830347
7.0078,1.25551,-0.829742
7.00559,1.21079,-0.828532
7.01386,1.16795,-0.828653
7.02384,1.12536,-0.829016
7.04631,1.08466,-0.830952
7.0597,1.04242,-0.831799
7.03452,0.994631,-0.827927
7.03655,0.950917,-0.827443
7.05407,0.909249,-0.828895
7.06444,0.866554,-0.8295
7.05681,0.821696,-0.827927
7.04988,0.777074,-0.826475
7.05747,0.734111,-0.826838
7.06777,0.691374,-0.827564
7.05112,0.646088,-0.825023
7.07177,0.604251,-0.82708
7.05852,0.559511,-0.825023
7.05192,0.515465,-0.823813
7.0599,0.472518,-0.824418
7.08348,0.430458,-0.826959
7.08598,0.386987,-0.826959
7.06344,0.342295,-0.823934
7.06045,0.298738,-0.823329
7.07207,0.255771,-0.824539
7.07648,0.212462,-0.824902
7.05483,0.168489,-0.822119
7.05176,0.125127,-0.821635
7.05636,0.0819027,-0.822119
7.05673,0.0386042,-0.822119
7.03698,-0.00468588,-0.819699
7.0269,-0.047798,-0.818489
7.02051,-0.0908373,-0.817763
7.02677,-0.134044,-0.81861
7.03376,-0.177356,-0.819578
7.03849,-0.220697,-0.820304
7.03303,-0.263732,-0.81982
7.01145,-0.306018,-0.8174
7.00349,-0.348739,-0.816674
7.01014,-0.392202,-0.817763
7.00463,-0.435024,-0.8174
6.98598,-0.476916,-0.815464
6.98688,-0.520067,-0.815948
6.97762,-0.56245,-0.815222
6.96811,-0.604739,-0.814496
6.95537,-0.646658,-0.813407
6.9493,-0.689128,-0.813165
6.94691,-0.731962,-0.813407
6.94722,-0.775124,-0.814012
6.94431,-0.817968,-0.814254
6.94113,-0.860806,-0.814496
6.94064,-0.90402,-0.815101
6.94283,-0.947663,-0.816069
6.94376,-0.991226,-0.816916
6.93853,-1.03396,-0.817037
6.93206,-1.07651,-0.817037
6.92826,-1.1195,-0.8174
6.9056,-1.15937,-0.815464
6.89053,-1.20035,-0.814496
6.88792,-1.24349,-0.815101
6.86259,-1.28245,-0.812923
6.86727,-1.32698,-0.814496
6.85121,-1.36754,-0.813528
6.8388,-1.40875,-0.813044
6.83197,-1.4511,-0.813286
6.84912,-1.49872,-0.816553
6.09895,-1.37396,-0.723985
6.0817,-1.40935,-0.722896
6.08839,-1.45031,-0.724832
6.79388,-1.66235,-0.814496
6.78356,-1.704,-0.814496
6.79412,-1.75104,-0.817158
6.78037,-1.79193,-0.816795
6.75104,-1.82858,-0.814496
6.73682,-1.86917,-0.814133
6.72905,-1.91155,-0.814617
6.72387,-1.95475,-0.815464
6.70984,-1.9954,-0.815222
6.67183,-2.02874,-0.811954
6.66684,-2.072,-0.812923
6.64643,-2.11046,-0.811954
6.63241,-2.1509,-0.811834
6.61909,-2.19155,-0.811834
6.60081,-2.23054,-0.811228
6.58231,-2.26938,-0.810623
6.57388,-2.3117,-0.811349
6.56425,-2.35367,-0.811954
6.54875,-2.39356,-0.811834
6.51905,-2.42816,-0.809897
6.5031,-2.46776,-0.809776
6.48414,-2.50618,-0.809292
6.47141,-2.54701,-0.809655
6.45013,-2.58446,-0.808929
6.42955,-2.62211,-0.808324
6.40601,-2.65847,-0.807356
6.38866,-2.69734,-0.807235
6.37473,-2.73767,-0.807598
6.366,-2.7803,-0.808687
6.35154,-2.82052,-0.80905
6.32235,-2.85413,-0.807477
6.31103,-2.89577,-0.808324
6.29315,-2.93444,-0.808324
6.26516,-2.96832,-0.806993
6.25219,-3.00929,-0.807719
6.23004,-3.04585,-0.807235
6.21657,-3.08667,-0.807961
6.19574,-3.12386,-0.807719
6.17027,-3.15866,-0.806872
6.14637,-3.19417,-0.806267
6.13192,-3.2346,-0.806993
6.11371,-3.2731,-0.807235
6.09089,-3.30913,-0.806872
6.06961,-3.34596,-0.806751
6.04983,-3.38363,-0.806872
6.02377,-3.41775,-0.806146
6.00011,-3.45316,-0.805783
5.98652,-3.49441,-0.806872
5.96924,-3.53361,-0.807477
5.94574,-3.56914,-0.807235
5.91864,-3.60246,-0.806509
5.89051,-3.63506,-0.805662
5.86221,-3.66745,-0.804815
5.83875,-3.70282,-0.804694
5.82428,-3.74395,-0.805904
5.79703,-3.7769,-0.805299
5.77624,-3.81404,-0.805662
5.7552,-3.85107,-0.806025
5.73311,-3.88742,-0.806267
5.70914,-3.92253,-0.806267
5.69393,-3.96372,-0.807598
5.66464,-3.99515,-0.806872
5.62467,-4.01887,-0.804573
5.59347,-4.04866,-0.803605
5.57893,-4.09053,-0.805178
5.56249,-4.13119,-0.806509
5.54418,-4.17061,-0.807598
5.51533,-4.20215,-0.807114
5.49101,-4.23712,-0.807356
5.45396,-4.26218,-0.805662
5.43082,-4.29803,-0.806146
5.40667,-4.33313,-0.806509
5.37458,-4.36185,-0.805662
5.34772,-4.39474,-0.805662
5.31454,-4.4224,-0.804694
5.28503,-4.453,-0.804331
5.25761,-4.48535,-0.804331
5.22548,-4.51363,-0.803605
5.19694,-4.54496,-0.803484
5.17862,-4.58531,-0.805057
5.14817,-4.61501,-0.804694
5.11755,-4.64451,-0.804331
5.09115,-4.67784,-0.804694
5.06453,-4.71102,-0.805057
5.03336,-4.73996,-0.804694
4.99124,-4.75843,-0.802516
4.9691,-4.79586,-0.803726
4.94242,-4.82903,-0.80421
4.90916,-4.85578,-0.803605
4.88349,-4.89002,-0.804331
4.85897,-4.92555,-0.805299
4.83351,-4.96025,-0.806146
4.79816,-4.98481,-0.805299
4.76406,-5.01056,-0.804694
4.73323,-5.03969,-0.804694
4.71032,-5.07737,-0.806146
4.68511,-5.11276,-0.807235
4.65765,-5.14583,-0.807961
4.62797,-5.17653,-0.808324
4.59547,-5.20409,-0.808203
4.56214,-5.23069,-0.807961
4.52607,-5.25407,-0.807235
4.49375,-5.28175,-0.807235
4.46317,-5.3115,-0.807598
4.4267,-5.3342,-0.806872
4.37752,-5.34131,-0.803726
4.34966,-5.37424,-0.804694
4.32218,-5.4078,-0.805783
4.29938,-5.44747,-0.80784
4.27747,-5.48862,-0.810139
4.2431,-5.51397,-0.810018
4.21039,-5.54149,-0.81026
4.17393,-5.56404,-0.809776
4.13971,-5.58955,-0.809776
4.10357,-5.61244,-0.809413
4.06383,-5.63027,-0.808324
4.02921,-5.6551,-0.808324
3.99957,-5.68702,-0.809413
3.9646,-5.71145,-0.809413
3.92499,-5.72912,-0.808445
3.89088,-5.75474,-0.808687
3.85219,-5.77355,-0.807961
3.80577,-5.7805,-0.805541
3.75454,-5.77961,-0.802032
3.71794,-5.80086,-0.80179
3.68705,-5.83112,-0.802879
3.65751,-5.86374,-0.804331
3.6199,-5.88353,-0.803968
3.59197,-5.91921,-0.805904
3.55457,-5.93944,-0.805662
3.51604,-5.95772,-0.805178
3.48191,-5.98347,-0.805783
3.44167,-5.99869,-0.804936
3.40822,-6.02574,-0.805783
3.3736,-6.05088,-0.806388
3.33115,-6.0619,-0.805057
3.28964,-6.07437,-0.803968
3.2495,-6.08918,-0.803242
3.21161,-6.10813,-0.803121
3.17453,-6.1286,-0.803242
3.13822,-6.15062,-0.803605
3.09998,-6.16887,-0.803484
2.52476,-5.10246,-0.65586
2.48645,-5.10358,-0.653924
2.99793,-6.24994,-0.806872
2.93917,-6.22514,-0.801064
2.89841,-6.23765,-0.800338
2.86173,-6.25893,-0.800822
2.82327,-6.27637,-0.800822
2.77667,-6.27542,-0.798402
2.7397,-6.29598,-0.798886
2.70453,-6.32089,-0.799975
2.67147,-6.35109,-0.80179
2.63132,-6.36461,-0.801427
2.58474,-6.36224,-0.799007
2.55375,-6.39826,-0.801669
2.52242,-6.43414,-0.804331
2.48182,-6.44672,-0.803968
2.44116,-6.45904,-0.803605
2.39734,-6.46273,-0.802153
2.3607,-6.48571,-0.803242
2.33822,-6.54869,-0.809534
2.28487,-6.52544,-0.804694
2.25317,-6.56374,-0.80784
2.21539,-6.58497,-0.808808
2.18209,-6.62012,-0.811592
2.14296,-6.63811,-0.812196
2.08991,-6.61233,-0.807235
2.05136,-6.63167,-0.808082
1.9925,-6.58428,-0.800459
1.95517,-6.60685,-0.80179
1.91155,-6.60823,-0.800459
1.86719,-6.60646,-0.798765
1.82847,-6.62449,-0.799612
1.78184,-6.61354,-0.796829
1.74931,-6.65507,-0.800701
1.69217,-6.60222,-0.792715
0,0,0
0,0,0
0,0,0
0,0,0
0,0,0
0,0,0
0,0,0
0,0,0
0,0,0
0,0,0
0,0,0
0,0,0
0,0,0
0,0,0
0,0,0
0,0,0
0,0,0
0,0,0
0,0,0
0,0,0
0,0,0
0,0,0
0,0,0
0,0,0
0,0,0
0,0,0
0,0,0
0,0,0
0,0,0
0,0,0
0,0,0
0,0,0
0,0,0
0,0,0
0,0,0
0,0,0
0,0,0
0,0,0
0,0,0
0,0,0
0,0,0
0,0,0
0,0,0
0,0,0
0,0,0
0,0,0
0,0,0
0,0,0
0,0,0
0,0,0
0,0,0
0,0,0
0,0,0
0,0,0
0,0,0
0,0,0
0,0,0
0,0,0
0,0,0
0,0,0
0,0,0
0,0,0
0,0,0
0,0,0
0,0,0
0,0,0
0,0,0
0,0,0
0,0,0
0,0,0
0,0,0
0,0,0
0,0,0
0,0,0
0,0,0
0,0,0
0,0,0
0,0,0
0,0,0
0,0,0
0,0,0
0,0,0
0,0,0
0,0,0
0,0,0
0,0,0
0,0,0
0,0,0
0,0,0
0,0,0
0,0,0
0,0,0
0,0,0
0,0,0
0,0,0
0,0,0
0,0,0
0,0,0
0,0,0
0,0,0
0,0,0
0,0,0
0,0,0
0,0,0
0,0,0
0,0,0
0,0,0
0,0,0
0,0,0
0,0,0
0,0,0
0,0,0
0,0,0
0,0,0
0,0,0
0,0,0
0,0,0
0,0,0
0,0,0
0,0,0
0,0,0
0,0,0
0,0,0
0,0,0
0,0,0
0,0,0
0,0,0
0,0,0
0,0,0
0,0,0
0,0,0
0,0,0
0,0,0
0,0,0
0,0,0
0,0,0
0,0,0
0,0,0
0,0,0
0,0,0
0,0,0
0,0,0
0,0,0
0,0,0
0,0,0
0,0,0
0,0,0
0,0,0
0,0,0
0,0,0
0,0,0
0,0,0
0,0,0
0,0,0
0,0,0
0,0,0
0,0,0
0,0,0
0,0,0
0,0,0
0,0,0
0,0,0
0,0,0
0,0,0
0,0,0
0,0,0
0,0,0
0,0,0
0,0,0
0,0,0
0,0,0
0,0,0
0,0,0
0,0,0
0,0,0
0,0,0
0,0,0
0,0,0
0,0,0
0,0,0
0,0,0
0,0,0
0,0,0
0,0,0
0,0,0
0,0,0
0,0,0
0,0,0
0,0,0
0,0,0
0,0,0
0,0,0
0,0,0
0,0,0
0,0,0
0,0,0
0,0,0
0,0,0
0,0,0
0,0,0
0,0,0
0,0,0
0,0,0
0,0,0
0,0,0
0,0,0
0,0,0
0,0,0
0,0,0
0,0,0
0,0,0
0,0,0
0,0,0
0,0,0
0,0,0
0,0,0
0,0,0
0,0,0
0,0,0
0,0,0
0,0,0
0,0,0
0,0,0
0,0,0
0,0,0
0,0,0
0,0,0
0,0,0
0,0,0
0,0,0
0,0,0
0,0,0
0,0,0
0,0,0
0,0,0
0,0,0
0,0,0
0,0,0
0,0,0
0,0,0
0,0,0
0,0,0
0,0,0
0,0,0
0,0,0
0,0,0
0,0,0
0,0,0
0,0,0
0,0,0
0,0,0
0,0,0
0,0,0
0,0,0
0,0,0
0,0,0
0,0,0
0,0,0
0,0,0
0,0,0
0,0,0
0,0,0
0,0,0
0,0,0
0,0,0
0,0,0
0,0,0
0,0,0
0,0,0
0,0,0
0,0,0
0,0,0
0,0,0
0,0,0
0,0,0
0,0,0
0,0,0
0,0,0
0,0,0
0,0,0
0,0,0
0,0,0
0,0,0
0,0,0
0,0,0
0,0,0
0,0,0
0,0,0
0,0,0
0,0,0
0,0,0
0,0,0
0,0,0
0,0,0
0,0,0
0,0,0
0,0,0
0,0,0
0,0,0
0,0,0
0,0,0
0,0,0
0,0,0
0,0,0
0,0,0
0,0,0
0,0,0
0,0,0
0,0,0
0,0,0
0,0,0
0,0,0
0,0,0
0,0,0
0,0,0
0,0,0
0,0,0
0,0,0
0,0,0
0,0,0
0,0,0
0,0,0
0,0,0
0,0,0
0,0,0
0,0,0
0,0,0
0,0,0
0,0,0
0,0,0
0,0,0
0,0,0
0,0,0
0,0,0
0,0,0
0,0,0
0,0,0
0,0,0
0,0,0
0,0,0
0,0,0
0,0,0
0,0,0
0,0,0
0,0,0
0,0,0
0,0,0
0,0,0
0,0,0
0,0,0
0,0,0
0,0,0
0,0,0
0,0,0
0,0,0
0,0,0
0,0,0
0,0,0
0,0,0
0,0,0
0,0,0
0,0,0
0,0,0
0,0,0
0,0,0
0,0,0
0,0,0
0,0,0
0,0,0
0,0,0
0,0,0
0,0,0
0,0,0
0,0,0
0,0,0
0,0,0
0,0,0
0,0,0
0,0,0
0,0,0
0,0,0
0,0,0
0,0,0
0,0,0
0,0,0
0,0,0
0,0,0
0,0,0
0,0,0
0,0,0
0,0,0
0,0,0
0,0,0
0,0,0
0,0,0
0,0,0
0,0,0
0,0,0
0,0,0
0,0,0
0,0,0
0,0,0
0,0,0
0,0,0
0,0,0
0,0,0
0,0,0
0,0,0
0,0,0
0,0,0
0,0,0
0,0,0
0,0,0
0,0,0
0,0,0
0,0,0
0,0,0
0,0,0
0,0,0
0,0,0
0,0,0
0,0,0
0,0,0
0,0,0
0,0,0
0,0,0
0,0,0
0,0,0
0,0,0
0,0,0
0,0,0
0,0,0
0,0,0
0,0,0
0,0,0
0,0,0
0,0,0
0,0,0
0,0,0
0,0,0
0,0,0
0,0,0
0,0,0
0,0,0
0,0,0
0,0,0
0,0,0
0,0,0
0,0,0
0,0,0
0,0,0
0,0,0
0,0,0
0,0,0
0,0,0
0,0,0
0,0,0
0,0,0
0,0,0
0,0,0
0,0,0
0,0,0
0,0,0
0,0,0
0,0,0
0,0,0
0,0,0
0,0,0
0,0,0
0,0,0
0,0,0
0,0,0
0,0,0
0,0,0
0,0,0
0,0,0
0,0,0
0,0,0
0,0,0
0,0,0
0,0,0
0,0,0
0,0,0
0,0,0
0,0,0
0,0,0
0,0,0
0,0,0
0,0,0
0,0,0
0,0,0
0,0,0
0,0,0
0,0,0
0,0,0
0,0,0
0,0,0
0,0,0
0,0,0
0,0,0
0,0,0
0,0,0
0,0,0
0,0,0
0,0,0
0,0,0
0,0,0
0,0,0
0,0,0
0,0,0
0,0,0
0,0,0
0,0,0
0,0,0
0,0,0
0,0,0
0,0,0
0,0,0
0,0,0
0,0,0
0,0,0
0,0,0
0,0,0
0,0,0
0,0,0
0,0,0
0,0,0
0,0,0
0,0,0
0,0,0
0,0,0
0,0,0
0,0,0
0,0,0
0,0,0
0,0,0
0,0,0
0,0,0
0,0,0
0,0,0
0,0,0
0,0,0
0,0,0
0,0,0
0,0,0
0,0,0
0,0,0
0,0,0
0,0,0
0,0,0
0,0,0
0,0,0
0,0,0
0,0,0
0,0,0
0,0,0
0,0,0
0,0,0
0,0,0
0,0,0
0,0,0
0,0,0
0,0,0
0,0,0
0,0,0
0,0,0
0,0,0
0,0,0
0,0,0
0,0,0
0,0,0
0,0,0
0,0,0
0,0,0
0,0,0
0,0,0
0,0,0
0,0,0
0,0,0
0,0,0
0,0,0
0,0,0
0,0,0
0,0,0
0,0,0
0,0,0
0,0,0
0,0,0
1.68724,5.10449,-0.681895
1.71314,5.07807,-0.679638
1.74524,5.07028,-0.680036
1.42394,4.05605,-0.537568
1.44646,4.0407,-0.536639
1.46409,4.0122,-0.53385
1.49283,4.01429,-0.535444
1.89046,4.98933,-0.676451
1.93353,5.01,-0.681098
1.9675,5.00635,-0.682293
1.99118,4.9767,-0.679771
2.02393,4.96989,-0.680567
2.04869,4.94365,-0.678576
2.0917,4.96112,-0.682957
2.08928,4.87168,-0.671804
2.12309,4.86785,-0.673132
2.15614,4.86198,-0.674194
2.19204,4.86221,-0.676186
2.22514,4.85588,-0.677248
2.25991,4.85292,-0.678841
2.29092,4.84165,-0.679239
2.30941,4.80427,-0.675787
2.3345,4.78111,-0.67446
2.37216,4.78356,-0.676982
2.41261,4.79105,-0.680302
2.47762,4.84587,-0.690791
2.5073,4.83057,-0.690791
2.48561,4.71777,-0.676053
2.5304,4.73214,-0.680567
2.56884,4.73395,-0.683223
2.61171,4.74328,-0.687073
2.62481,4.69861,-0.682692
2.69073,4.74795,-0.692783
2.63583,4.58528,-0.670211
2.66142,4.56473,-0.669547
2.67979,4.53211,-0.667024
2.72132,4.53853,-0.670609
2.80524,4.61406,-0.685082
2.83922,4.60604,-0.686542
2.86743,4.58853,-0.686542
2.895,4.57001,-0.686409
2.92192,4.5505,-0.686144
2.9287,4.50008,-0.680966
2.12448,3.22116,-0.478616
2.14035,3.2023,-0.477686
2.15551,3.18254,-0.476624
2.17107,3.16354,-0.475695
2.18705,3.14527,-0.474898
2.20345,3.12774,-0.474234
3.20215,4.48634,-0.700085
3.22148,4.45537,-0.698226
3.1896,4.35476,-0.684816
3.1572,4.25551,-0.671538
3.22374,4.28994,-0.680567
3.28122,4.31109,-0.687472
2.49003,3.23041,-0.508092
2.5031,3.20648,-0.506631
2.51965,3.18717,-0.505968
2.53606,3.16778,-0.505304
2.55608,3.15293,-0.505436
2.57663,3.13872,-0.505702
3.49056,4.19899,-0.693181
3.54306,4.20934,-0.698757
3.60354,4.22826,-0.705927
3.31535,3.84215,-0.641531
3.61603,4.13894,-0.697961
3.60261,4.07287,-0.690127
3.62621,4.04921,-0.689861
3.64699,4.02248,-0.689065
3.67764,4.0066,-0.69026
3.69946,3.98105,-0.689729
3.72789,3.96261,-0.690525
3.78836,3.9777,-0.697562
3.79963,3.94082,-0.69504
3.81543,3.90892,-0.693446
3.86303,3.90941,-0.697961
3.92199,3.92067,-0.7046
3.96502,3.91533,-0.708184
3.99536,3.89715,-0.709379
4.01491,3.86844,-0.708583
3.99908,3.80615,-0.70128
4.03753,3.7958,-0.704068
4.08616,3.79456,-0.708716
4.1006,3.76137,-0.707122
4.09422,3.70953,-0.701811
3.97657,3.55876,-0.676584
4.1476,3.66622,-0.703272
4.16106,3.63288,-0.701679
4.19979,3.62152,-0.7046
4.2325,3.60468,-0.706458
4.24543,3.57099,-0.704865
4.33283,3.59933,-0.716284
4.22839,3.46896,-0.694376
4.08941,3.31319,-0.666759
4.10037,3.2806,-0.665165
4.10176,3.24063,-0.661979
3.86914,3.01851,-0.619092
4.42861,3.41141,-0.710574
3.84672,2.9258,-0.609134
4.55416,3.41989,-0.724649
4.56073,3.38126,-0.722259
4.59018,3.35965,-0.723719
4.58179,3.31052,-0.718939
4.49953,3.20926,-0.702077
4.56615,3.21468,-0.709778
4.59799,3.19509,-0.711769
4.61261,3.16345,-0.710973
4.63111,3.13453,-0.71084
4.65355,3.10826,-0.711371
4.75861,3.13637,-0.72518
4.76613,3.09955,-0.723321
4.78422,3.06971,-0.723188
4.80716,3.04295,-0.723852
4.83078,3.01654,-0.724649
4.85848,2.99256,-0.726109
4.892,2.97196,-0.728499
4.9212,2.94851,-0.730225
4.94688,2.92279,-0.73142
4.95102,2.8844,-0.729296
4.99097,2.8668,-0.732748
5.07143,2.87177,-0.742441
5.14261,2.87055,-0.750673
5.19487,2.85805,-0.755984
5.27417,2.85966,-0.765411
5.35456,2.86087,-0.77497
5.4071,2.84642,-0.780281
5.50365,2.85425,-0.792231
5.58108,2.85109,-0.80126
5.64629,2.84084,-0.80843
5.75242,2.85014,-0.821707
5.809,2.83391,-0.82755
5.92188,2.84412,-0.841757
5.9446,2.81027,-0.842553
5.97251,2.77876,-0.844146
5.99486,2.74454,-0.844943
6.00978,2.70689,-0.844678
6.02718,2.67036,-0.84481
6.0489,2.63571,-0.845607
6.06223,2.59737,-0.845209
6.07897,2.56051,-0.845341
6.08266,2.51823,-0.843615
6.08606,2.47601,-0.841889
6.10114,2.43862,-0.841889
6.11875,2.40222,-0.842288
6.12968,2.36321,-0.841757
6.14499,2.3259,-0.841889
6.15264,2.28574,-0.84096
6.16934,2.24896,-0.841358
6.19236,2.2144,-0.842686
6.20115,2.17472,-0.842022
6.2097,2.13502,-0.841358
6.22831,2.09878,-0.842155
6.23543,2.05866,-0.841358
6.24323,2.01884,-0.840694
6.24038,1.97571,-0.83857
6.25428,1.93796,-0.838835
6.27174,1.90128,-0.839632
6.28234,1.86248,-0.839499
6.29555,1.82445,-0.839765
6.29805,1.78335,-0.83857
6.29358,1.74045,-0.836446
6.30223,1.70128,-0.83618
6.32214,1.66511,-0.837508
6.32359,1.62406,-0.836313
6.33536,1.58571,-0.836578
6.34786,1.54752,-0.836977
6.36206,1.50968,-0.83764
6.38086,1.47284,-0.838968
6.36947,1.42911,-0.83618
6.35972,1.38599,-0.833657
6.34483,1.34202,-0.830471
5.94223,1.21885,-0.774307
5.94085,1.18063,-0.773112
5.94896,1.14434,-0.773244
6.32713,1.17685,-0.823832
6.42788,1.15482,-0.836578
6.41922,1.11265,-0.834454
6.41518,1.07145,-0.832993
6.41576,1.03112,-0.832197
6.42882,0.992794,-0.833126
6.42989,0.952603,-0.832462
6.43463,0.912993,-0.832329
6.44797,0.874559,-0.833392
6.45322,0.834978,-0.833392
6.44543,0.793792,-0.831666
6.44722,0.753884,-0.831267
6.44188,0.71322,-0.829939
6.45402,0.674504,-0.831002
6.47579,0.636634,-0.833392
6.46181,0.595252,-0.831002
6.45053,0.55432,-0.82901
6.45974,0.515202,-0.829807
6.47266,0.476283,-0.831134
6.46063,0.43556,-0.829143
6.45724,0.395546,-0.828346
6.46648,0.356299,-0.829276
6.4725,0.316809,-0.829807
6.46541,0.276707,-0.828612
6.45114,0.236451,-0.826487
6.44058,0.196501,-0.824894
6.45653,0.15734,-0.826886
6.47124,0.117973,-0.828745
6.46887,0.0782281,-0.828346
6.44644,0.0383999,-0.825292
6.42177,-0.00114942,-0.821973
6.44642,-0.0407106,-0.825292
6.45299,-0.0803512,-0.826222
6.4494,-0.119889,-0.825823
6.44953,-0.159484,-0.825956
6.44645,-0.198993,-0.825691
6.44016,-0.238361,-0.825027
6.44353,-0.278086,-0.825691
6.43675,-0.317373,-0.825027
6.41984,-0.356038,-0.823035
6.41456,-0.39524,-0.822637
6.41202,-0.434592,-0.822637
6.40527,-0.473634,-0.822106
6.39731,-0.512531,-0.821442
6.39207,-0.551604,-0.821176
6.37573,-0.589628,-0.81945
6.36509,-0.628055,-0.818521
6.3621,-0.667203,-0.818654
6.35493,-0.705899,-0.818255
6.35934,-0.745918,-0.81945
6.3576,-0.785289,-0.819849
6.36151,-0.825432,-0.821044
6.35043,-0.863648,-0.820247
6.34207,-0.902179,-0.819849
6.31484,-0.937871,-0.816927
6.32758,-0.979483,-0.81945
6.29503,-1.01403,-0.815865
6.30042,-1.0546,-0.817459
6.30555,-1.09528,-0.819052
6.26652,-1.12815,-0.81467
6.27702,-1.16985,-0.81706
6.28529,-1.21134,-0.819185
6.26316,-1.24698,-0.817193
6.2583,-1.28599,-0.817591
6.2503,-1.32436,-0.817591
6.0755,-1.32632,-0.794754
6.05951,-1.36183,-0.793692
6.03656,-1.39564,-0.7917
6.02499,-1.43197,-0.791302
6.02957,-1.4722,-0.793161
6.19443,-1.5528,-0.817193
6.20686,-1.59646,-0.820247
6.19503,-1.63401,-0.819981
6.17437,-1.66914,-0.818521
6.1621,-1.70647,-0.818255
6.15532,-1.74533,-0.818786
6.15211,-1.78527,-0.819849
6.12964,-1.8196,-0.818255
6.12121,-1.85804,-0.818654
6.10685,-1.89469,-0.818255
6.09228,-1.93122,-0.817857
6.07371,-1.96643,-0.816927
6.07094,-2.00677,-0.818255
6.05852,-2.04398,-0.818255
6.05148,-2.08306,-0.819052
6.03391,-2.11851,-0.818388
6.01707,-2.15415,-0.817857
6.00932,-2.19307,-0.818654
5.98832,-2.22714,-0.817591
5.96991,-2.26208,-0.816927
5.92355,-2.28618,-0.81228
5.90388,-2.32031,-0.811484
5.90057,-2.36091,-0.813077
5.88047,-2.39483,-0.81228
5.88123,-2.43731,-0.814538
5.85246,-2.46758,-0.812546
5.81717,-2.49485,-0.809625
5.79903,-2.5293,-0.809227
5.79609,-2.57046,-0.811085
5.79737,-2.61372,-0.813608
5.77762,-2.64759,-0.813077
5.75228,-2.67881,-0.811749
5.73663,-2.71448,-0.811882
5.71004,-2.7449,-0.810422
5.69309,-2.77989,-0.810422
5.68303,-2.81829,-0.811484
5.66298,-2.85177,-0.811085
5.64361,-2.88556,-0.81082
5.62228,-2.91831,-0.810289
5.60339,-2.95229,-0.810156
5.61226,-3.0011,-0.814272
5.57022,-3.02272,-0.810687
5.55244,-3.05732,-0.81082
5.53531,-3.0923,-0.811085
5.51192,-3.12376,-0.810422
5.50296,-3.16345,-0.812015
5.49029,-3.20115,-0.813077
5.46884,-3.23377,-0.812811
5.44295,-3.26369,-0.811882
5.41943,-3.29497,-0.811351
5.39489,-3.32556,-0.810687
5.36934,-3.35545,-0.80989
5.35116,-3.38992,-0.810289
5.32859,-3.42162,-0.810023
5.31415,-3.45858,-0.811085
5.30523,-3.49931,-0.813077
5.28778,-3.53455,-0.813741
5.25697,-3.56081,-0.81228
5.23829,-3.59524,-0.812811
5.21776,-3.62845,-0.813077
5.19297,-3.65868,-0.812679
5.16639,-3.6876,-0.812015
5.15571,-3.72794,-0.814006
5.13434,-3.76068,-0.814272
5.10002,-3.78384,-0.812413
5.06245,-3.80435,-0.810023
5.05951,-3.85095,-0.813475
5.03971,-3.88494,-0.814139
5.02125,-3.92006,-0.815069
4.97922,-3.93666,-0.812015
4.94491,-3.95908,-0.810289
4.92515,-3.9931,-0.811085
4.88906,-4.01381,-0.809094
4.86739,-4.04627,-0.809625
4.85309,-4.08499,-0.811484
4.82567,-4.11276,-0.811085
4.79434,-4.13712,-0.810023
4.76215,-4.16059,-0.808828
4.74544,-4.19761,-0.810422
4.71738,-4.22466,-0.810023
4.6943,-4.25619,-0.810554
4.66956,-4.28626,-0.81082
4.65116,-4.32225,-0.81228
4.62455,-4.35071,-0.81228
4.59202,-4.37353,-0.811218
4.56011,-4.39681,-0.810289
4.53446,-4.42609,-0.810554
4.51004,-4.45662,-0.811085
4.48471,-4.48631,-0.811484
4.45431,-4.51092,-0.810953
4.42448,-4.53604,-0.810554
4.39381,-4.56025,-0.810023
4.36848,-4.58999,-0.810554
4.35585,-4.63332,-0.813608
4.33071,-4.66359,-0.814272
4.30335,-4.69154,-0.814538
4.27382,-4.71712,-0.814405
4.25008,-4.74916,-0.815467
4.20773,-4.7603,-0.812811
4.17388,-4.7808,-0.811882
4.14447,-4.80632,-0.811882
4.12261,-4.84072,-0.813475
4.09921,-4.87351,-0.814803
4.0629,-4.89094,-0.813475
4.03344,-4.91655,-0.813608
3.99134,-4.92657,-0.811085
3.97094,-4.96335,-0.81321
3.94103,-4.9884,-0.813343
3.91096,-5.01327,-0.813475
3.86379,-5.01597,-0.80989
3.83534,-5.04274,-0.810422
3.81325,-5.07807,-0.812413
3.77612,-5.09341,-0.811085
3.75182,-5.12608,-0.812679
3.72959,-5.16186,-0.814803
3.70417,-5.19352,-0.816264
3.65911,-5.19751,-0.81321
3.63847,-5.23615,-0.815865
3.60795,-5.26082,-0.816264
3.56449,-5.26645,-0.813608
3.52936,-5.2841,-0.812944
3.49796,-5.30731,-0.81321
3.46803,-5.33283,-0.813874
3.43578,-5.35484,-0.814006
3.40869,-5.38503,-0.815467
3.38241,-5.41678,-0.817193
3.3517,-5.44165,-0.817857
3.31774,-5.46126,-0.817724
3.28213,-5.47812,-0.817193
3.25148,-5.50327,-0.81799
3.20667,-5.50428,-0.815069
3.18024,-5.53674,-0.81706
3.14914,-5.56133,-0.817857
3.11641,-5.58314,-0.818255
3.08257,-5.60303,-0.818388
3.05191,-5.62881,-0.81945
3.01825,-5.64918,-0.819716
2.98214,-5.66496,-0.819317
2.94505,-5.67875,-0.818654
2.9124,-5.70113,-0.819317
2.57404,-5.11592,-0.728897
2.52676,-5.09964,-0.724118
2.49021,-5.10436,-0.722524
2.46313,-5.12848,-0.723852
2.73615,-5.78778,-0.819317
2.69557,-5.79368,-0.817724
2.66038,-5.81101,-0.817857
2.62671,-5.83174,-0.818521
2.59088,-5.84775,-0.818521
2.55693,-5.86808,-0.819185
2.52048,-5.88275,-0.819052
2.47626,-5.87892,-0.816264
2.43749,-5.88759,-0.815334
2.40729,-5.91713,-0.817459
2.37903,-5.95204,-0.82038
2.33885,-5.95729,-0.819052
2.30118,-5.96876,-0.818654
2.26346,-5.97999,-0.818255
2.22465,-5.98819,-0.817459
2.17904,-5.97751,-0.814006
2.14399,-5.99544,-0.81467
2.10192,-5.99351,-0.812546
2.07735,-6.04192,-0.817591
2.04245,-6.06112,-0.818521
1.97882,-5.99354,-0.807235
1.95542,-6.04706,-0.813077
1.9114,-6.03722,-0.810023
1.86992,-6.03463,-0.808032
1.84292,-6.07919,-0.812679
1.80502,-6.08848,-0.812413
1.77976,-6.14133,-0.818255
1.73233,-6.1178,-0.813475
1.70559,-6.16748,-0.818919
1.66952,-6.18453,-0.819849
1.62725,-6.17836,-0.817591
1.58709,-6.17959,-0.816396
1.5489,-6.18825,-0.816264
1.51043,-6.19571,-0.815998
1.46804,-6.18654,-0.813475
1.42849,-6.18867,-0.812546
1.39982,-6.23891,-0.818255
0,0,0
0,0,0
0,0,0
0,0,0
0,0,0
0,0,0
0,0,0
0,0,0
0,0,0
0,0,0
0,0,0
0,0,0
0,0,0
0,0,0
0,0,0
0,0,0
0,0,0
0,0,0
0,0,0
0,0,0
0,0,0
0,0,0
0,0,0
0,0,0
0,0,0
0,0,0
0,0,0
0,0,0
0,0,0
0,0,0
0,0,0
0,0,0
0,0,0
0,0,0
0,0,0
0,0,0
0,0,0
0,0,0
0,0,0
0,0,0
0,0,0
0,0,0
0,0,0
0,0,0
0,0,0
0,0,0
0,0,0
0,0,0
0,0,0
0,0,0
0,0,0
0,0,0
0,0,0
0,0,0
0,0,0
0,0,0
0,0,0
0,0,0
0,0,0
0,0,0
0,0,0
0,0,0
0,0,0
0,0,0
0,0,0
0,0,0
0,0,0
0,0,0
0,0,0
0,0,0
0,0,0
0,0,0
0,0,0
0,0,0
0,0,0
0,0,0
0,0,0
0,0,0
0,0,0
0,0,0
0,0,0
0,0,0
0,0,0
0,0,0
0,0,0
0,0,0
0,0,0
0,0,0
0,0,0
0,0,0
0,0,0
0,0,0
0,0,0
0,0,0
0,0,0
0,0,0
0,0,0
0,0,0
0,0,0
0,0,0
0,0,0
0,0,0
0,0,0
0,0,0
0,0,0
0,0,0
0,0,0
0,0,0
0,0,0
0,0,0
0,0,0
0,0,0
0,0,0
0,0,0
0,0,0
0,0,0
0,0,0
0,0,0
0,0,0
0,0,0
0,0,0
0,0,0
0,0,0
0,0,0
0,0,0
0,0,0
0,0,0
0,0,0
0,0,0
0,0,0
0,0,0
0,0,0
0,0,0
0,0,0
0,0,0
0,0,0
0,0,0
0,0,0
0,0,0
0,0,0
0,0,0
0,0,0
0,0,0
0,0,0
0,0,0
0,0,0
0,0,0
0,0,0
0,0,0
0,0,0
0,0,0
0,0,0
0,0,0
0,0,0
0,0,0
0,0,0
0,0,0
0,0,0
0,0,0
0,0,0
0,0,0
0,0,0
0,0,0
0,0,0
0,0,0
0,0,0
0,0,0
0,0,0
0,0,0
0,0,0
0,0,0
0,0,0
0,0,0
0,0,0
0,0,0
0,0,0
0,0,0
0,0,0
0,0,0
0,0,0
0,0,0
0,0,0
0,0,0
0,0,0
0,0,0
0,0,0
0,0,0
0,0,0
0,0,0
0,0,0
0,0,0
0,0,0
0,0,0
0,0,0
0,0,0
0,0,0
0,0,0
0,0,0
0,0,0
0,0,0
0,0,0
0,0,0
0,0,0
0,0,0
0,0,0
0,0,0
0,0,0
0,0,0
0,0,0
0,0,0
0,0,0
0,0,0
0,0,0
0,0,0
0,0,0
0,0,0
0,0,0
0,0,0
0,0,0
0,0,0
0,0,0
0,0,0
0,0,0
0,0,0
0,0,0
0,0,0
0,0,0
0,0,0
0,0,0
0,0,0
0,0,0
0,0,0
0,0,0
0,0,0
0,0,0
0,0,0
0,0,0
0,0,0
0,0,0
0,0,0
0,0,0
0,0,0
0,0,0
0,0,0
0,0,0
0,0,0
0,0,0
0,0,0
0,0,0
0,0,0
0,0,0
0,0,0
0,0,0
0,0,0
0,0,0
0,0,0
0,0,0
0,0,0
0,0,0
0,0,0
0,0,0
0,0,0
0,0,0
0,0,0
0,0,0
0,0,0
0,0,0
0,0,0
0,0,0
0,0,0
0,0,0
0,0,0
0,0,0
0,0,0
0,0,0
0,0,0
0,0,0
0,0,0
0,0,0
0,0,0
0,0,0
0,0,0
0,0,0
0,0,0
0,0,0
0,0,0
0,0,0
0,0,0
0,0,0
0,0,0
0,0,0
0,0,0
0,0,0
0,0,0
0,0,0
0,0,0
0,0,0
0,0,0
0,0,0
0,0,0
0,0,0
0,0,0
0,0,0
0,0,0
0,0,0
0,0,0
0,0,0
0,0,0
0,0,0
0,0,0
0,0,0
0,0,0
0,0,0
0,0,0
0,0,0
0,0,0
0,0,0
0,0,0
0,0,0
0,0,0
0,0,0
0,0,0
0,0,0
0,0,0
0,0,0
0,0,0
0,0,0
0,0,0
0,0,0
0,0,0
0,0,0
0,0,0
0,0,0
0,0,0
0,0,0
0,0,0
0,0,0
0,0,0
0,0,0
0,0,0
0,0,0
0,0,0
0,0,0
0,0,0
0,0,0
0,0,0
0,0,0
0,0,0
0,0,0
0,0,0
0,0,0
0,0,0
0,0,0
0,0,0
0,0,0
0,0,0
0,0,0
0,0,0
0,0,0
0,0,0
0,0,0
0,0,0
0,0,0
0,0,0
0,0,0
0,0,0
0,0,0
0,0,0
0,0,0
0,0,0
0,0,0
0,0,0
0,0,0
0,0,0
0,0,0
0,0,0
0,0,0
0,0,0
0,0,0
0,0,0
0,0,0
0,0,0
0,0,0
0,0,0
0,0,0
0,0,0
0,0,0
0,0,0
0,0,0
0,0,0
0,0,0
0,0,0
0,0,0
0,0,0
0,0,0
0,0,0
0,0,0
0,0,0
0,0,0
0,0,0
0,0,0
0,0,0
0,0,0
0,0,0
0,0,0
0,0,0
0,0,0
0,0,0
0,0,0
0,0,0
0,0,0
0,0,0
0,0,0
0,0,0
0,0,0
0,0,0
0,0,0
0,0,0
0,0,0
0,0,0
0,0,0
0,0,0
0,0,0
0,0,0
0,0,0
0,0,0
0,0,0
0,0,0
0,0,0
0,0,0
0,0,0
0,0,0
0,0,0
0,0,0
0,0,0
0,0,0
0,0,0
0,0,0
0,0,0
0,0,0
0,0,0
0,0,0
0,0,0
0,0,0
0,0,0
0,0,0
0,0,0
0,0,0
0,0,0
0,0,0
0,0,0
0,0,0
0,0,0
0,0,0
0,0,0
0,0,0
0,0,0
0,0,0
0,0,0
0,0,0
0,0,0
0,0,0
0,0,0
0,0,0
0,0,0
0,0,0
0,0,0
0,0,0
0,0,0
0,0,0
0,0,0
0,0,0
0,0,0
0,0,0
0,0,0
0,0,0
0,0,0
0,0,0
0,0,0
0,0,0
0,0,0
0,0,0
0,0,0
0,0,0
0,0,0
0,0,0
0,0,0
0,0,0
0,0,0
0,0,0
0,0,0
0,0,0
0,0,0
0,0,0
0,0,0
0,0,0
0,0,0
0,0,0
0,0,0
0,0,0
0,0,0
0,0,0
0,0,0
0,0,0
0,0,0
0,0,0
0,0,0
0,0,0
0,0,0
0,0,0
0,0,0
0,0,0
0,0,0
0,0,0
0,0,0
0,0,0
0,0,0
0,0,0
0,0,0
0,0,0
0,0,0
0,0,0
0,0,0
0,0,0
0,0,0
0,0,0
0,0,0
0,0,0
0,0,0
0,0,0
0,0,0
0,0,0
0,0,0
0,0,0
0,0,0
0,0,0
0,0,0
0,0,0
0,0,0
0,0,0
0,0,0
0,0,0
0,0,0
0,0,0
0,0,0
0,0,0
0,0,0
0,0,0
0,0,0
0,0,0
0,0,0
0,0,0
0,0,0
0,0,0
0,0,0
0,0,0
0,0,0
0,0,0
0,0,0
0,0,0
0,0,0
0,0,0
0,0,0
0,0,0
0,0,0
0,0,0
0,0,0
0,0,0
0,0,0
0,0,0
0,0,0
0,0,0
0,0,0
0,0,0
0,0,0
0,0,0
0,0,0
0,0,0
0,0,0
0,0,0
0,0,0
0,0,0
0,0,0
0,0,0
0,0,0
0,0,0
0,0,0
0,0,0
0,0,0
0,0,0
0,0,0
0,0,0
0,0,0
0,0,0
0,0,0
0,0,0
0,0,0
0,0,0
0,0,0
0,0,0
0,0,0
0,0,0
0,0,0
0,0,0
0,0,0
0,0,0
0,0,0
0,0,0
0,0,0
0,0,0
1.44886,4.87089,-0.706489
1.479,4.86286,-0.706634
1.51204,4.86409,-0.708229
1.53438,4.83114,-0.704603
1.56491,4.82446,-0.705038
1.58578,4.78846,-0.700977
1.62621,4.81145,-0.706054
1.64925,4.78268,-0.703153
1.6743,4.76033,-0.701267
1.45314,4.0514,-0.592482
1.46982,4.02011,-0.589001
1.4948,4.01194,-0.589146
1.73308,4.56609,-0.677479
1.7985,4.65228,-0.692709
1.83969,4.67338,-0.697786
1.87348,4.67486,-0.699817
1.89503,4.64587,-0.697061
1.90986,4.60126,-0.691839
1.92459,4.55755,-0.686762
1.95603,4.55383,-0.688068
1.99304,4.5626,-0.691404
2.01779,4.54305,-0.690243
2.05702,4.55584,-0.694305
2.10473,4.5863,-0.701267
2.13952,4.58765,-0.703588
2.10919,4.45103,-0.683571
2.11888,4.40145,-0.677624
2.1932,4.48526,-0.693434
2.21496,4.4602,-0.691549
2.25787,4.47745,-0.696626
2.28259,4.45822,-0.695755
2.30352,4.43184,-0.693725
2.0307,3.84874,-0.599444
2.33206,4.35526,-0.685747
2.36676,4.35565,-0.688213
2.11696,3.83931,-0.604231
2.46204,4.40141,-0.700832
2.35379,4.14783,-0.660654
2.51044,4.36144,-0.699236
2.55311,4.3733,-0.703878
2.5799,4.35755,-0.703878
2.53022,4.21438,-0.682121
2.59461,4.26217,-0.692999
2.63733,4.27311,-0.697641
2.65511,4.24343,-0.69532
2.72983,4.30394,-0.708664
2.73693,4.25714,-0.703443
2.7738,4.25685,-0.706344
2.77643,4.20424,-0.700107
2.12775,3.17886,-0.522279
2.14388,3.16083,-0.521409
2.15763,3.13946,-0.519958
2.17233,3.11967,-0.518798
2.18345,3.09496,-0.516767
2.91032,4.07263,-0.69532
2.95092,4.07634,-0.699236
2.98523,4.07092,-0.701557
3.03669,4.08828,-0.708084
3.0754,4.08776,-0.71142
3.08004,4.04205,-0.706489
2.48717,3.22241,-0.558251
2.49837,3.19617,-0.55622
2.51118,3.17225,-0.554624
2.52441,3.14906,-0.553174
2.5362,3.12429,-0.551434
2.55344,3.10638,-0.550998
3.21722,3.86575,-0.698801
3.26638,3.87621,-0.704603
3.34275,3.91783,-0.716497
3.4191,3.9579,-0.728246
3.42769,3.91897,-0.724765
3.4202,3.8623,-0.717802
3.44449,3.84198,-0.717947
3.46069,3.81271,-0.716352
3.48,3.78703,-0.715482
3.49711,3.75909,-0.714176
3.55063,3.76998,-0.720703
3.57301,3.74741,-0.720558
3.62135,3.75176,-0.725925
3.66712,3.75283,-0.730712
3.67408,3.71407,-0.727375
3.7003,3.69495,-0.728101
3.71656,3.66593,-0.726795
3.67309,3.57882,-0.713306
3.68073,3.54249,-0.710405
3.69379,3.51166,-0.708664
3.72609,3.49909,-0.71084
3.78665,3.51251,-0.718673
3.81324,3.49389,-0.719688
3.84267,3.47773,-0.721283
3.88164,3.46991,-0.724765
3.9162,3.45782,-0.727375
3.93287,3.42982,-0.726505
3.92686,3.38238,-0.721283
3.95884,3.36784,-0.723459
3.99761,3.35876,-0.72694
4.01358,3.33038,-0.72607
3.78679,3.10307,-0.67922
3.81038,3.08351,-0.68009
3.83232,3.06254,-0.68067
3.91782,3.0917,-0.693144
3.93438,3.06578,-0.692709
3.88569,2.98967,-0.680235
3.88584,2.95201,-0.676899
4.00597,3.00472,-0.69561
4.25647,3.15207,-0.737964
4.28611,3.13348,-0.73985
4.31729,3.11581,-0.742025
4.30168,3.06457,-0.735788
4.30503,3.0273,-0.733032
4.31784,2.99688,-0.732017
4.3541,2.98264,-0.735208
4.39936,2.97416,-0.739995
4.42411,2.9515,-0.741155
4.43966,2.92267,-0.74072
4.45917,2.89645,-0.74101
4.50601,2.88772,-0.746087
4.55793,2.88171,-0.752033
4.60742,2.87359,-0.757545
4.66963,2.87275,-0.765233
4.70662,2.85585,-0.768569
4.77669,2.85843,-0.777562
4.84781,2.86076,-0.7867
4.90888,2.85635,-0.794097
4.98038,2.8572,-0.803235
5.03657,2.84852,-0.809762
5.09197,2.83876,-0.816144
5.16305,2.83702,-0.825137
5.22473,2.82932,-0.832535
5.27079,2.81259,-0.837321
5.3869,2.83224,-0.853711
5.41824,2.80642,-0.856032
5.44417,2.77762,-0.857483
5.46553,2.74639,-0.858208
5.48582,2.71455,-0.858788
5.50149,2.68041,-0.858643
5.4991,2.63761,-0.855597
5.52591,2.60889,-0.857338
5.53912,2.57369,-0.856902
5.54941,2.53718,-0.856032
5.55676,2.49943,-0.854727
5.54846,2.45487,-0.850955
5.56614,2.42197,-0.851391
5.61274,2.40139,-0.856467
5.59545,2.35348,-0.851391
5.61435,2.32099,-0.852116
5.61657,2.28166,-0.85023
5.62955,2.24678,-0.850085
5.64783,2.21401,-0.85081
5.66501,2.18073,-0.851391
5.66995,2.14278,-0.850085
5.66351,2.10072,-0.847039
5.68001,2.06729,-0.847619
5.70284,2.03606,-0.849215
5.71896,2.00233,-0.849795
5.73208,1.96753,-0.84994
5.73935,1.93074,-0.849215
5.74545,1.89363,-0.848345
5.75414,1.85743,-0.84791
5.77486,1.82507,-0.84936
5.78879,1.79048,-0.849795
5.7883,1.75148,-0.848055
5.78566,1.712,-0.846024
5.79415,1.67592,-0.845734
5.78814,1.63576,-0.843268
5.80856,1.60311,-0.844864
5.82402,1.56898,-0.845734
5.80483,1.52567,-0.841382
5.82558,1.49297,-0.843123
5.82887,1.45576,-0.842253
5.82616,1.41716,-0.840512
5.83667,1.38184,-0.840802
5.84601,1.34622,-0.840947
5.8445,1.30816,-0.839497
5.84758,1.27123,-0.838772
5.84656,1.23348,-0.837466
5.88019,1.20294,-0.841382
5.88746,1.16684,-0.841382
5.89257,1.13032,-0.841092
5.9062,1.09541,-0.842108
5.93131,1.06247,-0.844864
5.9231,1.02352,-0.842688
5.91853,0.985369,-0.841092
5.92935,0.949819,-0.841818
5.92724,0.912214,-0.840657
5.93567,0.876262,-0.841092
5.94191,0.839963,-0.841237
5.96362,0.805744,-0.843703
5.95766,0.767744,-0.842108
5.95931,0.730812,-0.841672
5.96565,0.694462,-0.841963
5.96586,0.65741,-0.841382
5.96978,0.620791,-0.841382
5.9725,0.584053,-0.841237
5.97104,0.546944,-0.840512
5.96344,0.509367,-0.838917
5.95067,0.471513,-0.836596
5.97714,0.436727,-0.840077
5.9649,0.39905,-0.837901
5.95538,0.36172,-0.836161
5.96342,0.325497,-0.837031
5.9653,0.2889,-0.837031
5.95411,0.251746,-0.835145
5.94467,0.214813,-0.83355
5.95181,0.178512,-0.83442
5.95279,0.141989,-0.83442
5.95355,0.105461,-0.83442
5.95112,0.0688933,-0.833985
5.95341,0.0323878,-0.834275
5.94855,-0.00413973,-0.83355
5.94148,-0.0405933,-0.832535
5.94805,-0.0771372,-0.83355
5.94746,-0.113632,-0.83355
5.93775,-0.1499,-0.832244
5.92782,-0.186053,-0.830939
5.88603,-0.220908,-0.824992
5.90136,-0.257751,-0.827458
5.91845,-0.294888,-0.830214
5.94221,-0.33263,-0.833985
5.91932,-0.3678,-0.830939
5.90609,-0.403374,-0.829343
5.867,-0.436894,-0.823977
5.9293,-0.478121,-0.83355
5.90851,-0.512957,-0.830939
5.91412,-0.550024,-0.832244
5.91359,-0.586594,-0.83268
5.88626,-0.620384,-0.829198
5.88529,-0.656818,-0.829634
5.85462,-0.689797,-0.825717
5.87188,-0.728383,-0.828908
5.86828,-0.764526,-0.829053
5.86642,-0.800919,-0.829489
5.87413,-0.838716,-0.831374
5.86104,-0.873577,-0.830214
5.86242,-0.910585,-0.831229
5.84598,-0.944805,-0.829634
5.81665,-0.97673,-0.826153
5.82322,-1.01461,-0.828038
5.81299,-1.04962,-0.827458
5.77337,-1.07909,-0.822526
5.81813,-1.12443,-0.830214
5.74611,-1.14715,-0.820496
5.74187,-1.18298,-0.820931
5.7345,-1.21819,-0.820931
5.74625,-1.25758,-0.823832
5.74325,-1.2939,-0.824557
5.73906,-1.33001,-0.825137
5.70095,-1.3581,-0.820641
5.69155,-1.39282,-0.820496
5.6829,-1.42771,-0.820496
5.67595,-1.46305,-0.820786
5.65347,-1.49431,-0.818755
5.64897,-1.53027,-0.81948
5.62899,-1.56199,-0.817885
5.62786,-1.59893,-0.81919
5.63315,-1.63785,-0.821511
5.6505,-1.68056,-0.825717
5.63913,-1.71491,-0.825572
5.60772,-1.74302,-0.822381
5.59409,-1.7765,-0.821946
5.63861,-1.82879,-0.830504
5.62165,-1.86149,-0.829634
5.57731,-1.88487,-0.824557
5.54787,-1.91293,-0.821801
5.5435,-1.94956,-0.822961
5.5631,-1.99488,-0.827893
5.55075,-2.02898,-0.827893
5.52985,-2.0599,-0.826588
5.50323,-2.08852,-0.824412
5.49401,-2.12368,-0.824992
5.48179,-2.15771,-0.825137
5.47212,-2.19278,-0.825717
5.46498,-2.22893,-0.826733
5.40002,-2.24119,-0.81861
5.3889,-2.27543,-0.819045
5.38939,-2.3147,-0.821366
5.35513,-2.33902,-0.818175
5.34611,-2.37424,-0.819045
5.33144,-2.407,-0.819045
5.31477,-2.43884,-0.818755
5.29971,-2.47141,-0.818755
5.2907,-2.50684,-0.81977
5.2556,-2.52982,-0.816579
5.26043,-2.57201,-0.819915
5.24632,-2.60512,-0.820206
5.2055,-2.62479,-0.816144
5.1981,-2.66119,-0.817595
5.1966,-2.70079,-0.82006
5.19043,-2.73816,-0.821801
5.16132,-2.76343,-0.81977
5.16688,-2.80732,-0.823542
5.15475,-2.84184,-0.824412
5.11304,-2.85989,-0.820351
5.08937,-2.88779,-0.819335
5.07841,-2.92291,-0.820496
5.08089,-2.96599,-0.823977
5.05494,-2.99257,-0.822671
5.03393,-3.02201,-0.822236
5.02037,-3.05592,-0.823106
4.9931,-3.08147,-0.821656
4.96571,-3.10681,-0.820206
4.93235,-3.12821,-0.81774
4.89641,-3.14772,-0.814839
4.88364,-3.18202,-0.815999
4.88136,-3.22338,-0.819045
4.86478,-3.25547,-0.819625
4.86683,-3.30024,-0.823542
4.84404,-3.32836,-0.823106
4.78536,-3.33146,-0.816289
4.77453,-3.3676,-0.81803
4.78196,-3.41696,-0.823106
4.7625,-3.4474,-0.823397
4.71812,-3.45959,-0.81919
4.69363,-3.48612,-0.81861
4.66108,-3.50653,-0.816579
4.65836,-3.54945,-0.82006
4.63415,-3.57615,-0.819625
4.62225,-3.61244,-0.821511
4.59845,-3.63951,-0.821221
4.56908,-3.66209,-0.819915
4.53961,-3.68444,-0.81861
4.53526,-3.7273,-0.822091
4.51763,-3.75949,-0.823106
4.49448,-3.78714,-0.823106
4.45987,-3.80501,-0.820931
4.43868,-3.83424,-0.821366
4.41656,-3.86271,-0.821656
4.40093,-3.89695,-0.823252
4.36514,-3.91332,-0.820931
4.3242,-3.92474,-0.817595
4.32626,-3.97529,-0.822816
4.2931,-3.99367,-0.821076
4.28076,-4.03147,-0.823542
4.24162,-4.04401,-0.820641
4.21957,-4.07271,-0.821221
4.19521,-4.09921,-0.821366
4.16576,-4.1207,-0.820496
4.15298,-4.15879,-0.823106
4.13781,-4.19475,-0.825282
4.11338,-4.22148,-0.825572
4.08602,-4.24521,-0.825282
4.04831,-4.25802,-0.822816
3.98958,-4.24817,-0.815854
3.97219,-4.28199,-0.81774
3.96055,-4.32233,-0.820931
3.93661,-4.34948,-0.821511
3.91513,-4.37946,-0.822671
3.90783,-4.42564,-0.827023
3.86824,-4.43537,-0.824267
3.82998,-4.44628,-0.821801
3.80839,-4.47648,-0.823106
3.77895,-4.49749,-0.822671
3.72979,-4.49471,-0.81774
3.72096,-4.54047,-0.822091
3.70112,-4.57321,-0.823977
3.67114,-4.59351,-0.823542
3.64473,-4.61828,-0.823977
3.61632,-4.64056,-0.823977
3.58898,-4.66423,-0.824267
3.5573,-4.68223,-0.823542
3.51604,-4.68735,-0.820496
3.48898,-4.71122,-0.820931
3.46526,-4.73972,-0.822236
3.4309,-4.75368,-0.820931
3.39765,-4.769,-0.819915
3.36206,-4.78086,-0.81832
3.34169,-4.8144,-0.820641
3.32383,-4.85195,-0.823687
3.28679,-4.8616,-0.821801
3.2602,-4.88661,-0.822671
3.25519,-4.94454,-0.829343
3.19352,-4.9163,-0.820931
3.18892,-4.97578,-0.827893
3.1266,-4.94508,-0.81919
3.11453,-4.99355,-0.824267
3.06879,-4.98813,-0.82006
3.0525,-5.03055,-0.824122
3.01802,-5.04324,-0.823106
2.99054,-5.06763,-0.824122
2.9559,-5.0799,-0.823106
2.94044,-5.1254,-0.827748
2.90065,-5.12871,-0.825282
2.88937,-5.1827,-0.831374
2.84322,-5.17432,-0.827023
2.80387,-5.17775,-0.824702
2.77811,-5.2062,-0.826588
2.7392,-5.21002,-0.824412
2.69899,-5.21091,-0.821801
2.60894,-5.11369,-0.80309
2.55707,-5.08894,-0.796418
2.50692,-5.06641,-0.790181
2.47665,-5.08347,-0.790471
2.45997,-5.1289,-0.795403
2.47113,-5.23426,-0.810052
2.48276,-5.34353,-0.825282
2.46351,-5.38836,-0.830069
2.42756,-5.39706,-0.829053
2.3952,-5.41366,-0.829343
2.36272,-5.43007,-0.829634
2.32196,-5.42718,-0.826878
2.29975,-5.46777,-0.831084
2.2688,-5.48818,-0.832099
2.24105,-5.51666,-0.83442
2.20605,-5.52755,-0.833985
2.16668,-5.52717,-0.831809
2.13628,-5.54959,-0.83326
2.09449,-5.54224,-0.830069
2.06595,-5.56983,-0.832389
2.04968,-5.63167,-0.840077
2.01276,-5.63762,-0.839062
1.97256,-5.63399,-0.836596
1.95724,-5.70213,-0.845299
1.91938,-5.70559,-0.843993
1.88681,-5.72478,-0.845154
1.8483,-5.72589,-0.843558
1.81492,-5.74279,-0.844428
1.7779,-5.74814,-0.843558
1.74518,-5.76747,-0.844864
1.70161,-5.75056,-0.840657
1.65061,-5.70671,-0.832389
1.62014,-5.73292,-0.834855
1.58098,-5.72845,-0.83268
1.54426,-5.73231,-0.831809
1.51585,-5.76751,-0.835726
1.47601,-5.75945,-0.833115
1.44184,-5.7732,-0.83384
1.40522,-5.77713,-0.833115
1.37522,-5.80875,-0.836596
0,0,0
1.30686,-5.83871,-0.838627
0,0,0
0,0,0
0,0,0
0,0,0
0,0,0
0,0,0
0,0,0
0,0,0
0,0,0
0,0,0
0,0,0
0,0,0
0,0,0
0,0,0
0,0,0
0,0,0
0,0,0
0,0,0
0,0,0
0,0,0
0,0,0
0,0,0
0,0,0
0,0,0
0,0,0
0,0,0
0,0,0
0,0,0
0,0,0
0,0,0
0,0,0
0,0,0
0,0,0
0,0,0
0,0,0
0,0,0
0,0,0
0,0,0
0,0,0
0,0,0
0,0,0
0,0,0
0,0,0
0,0,0
0,0,0
0,0,0
0,0,0
0,0,0
0,0,0
0,0,0
0,0,0
0,0,0
0,0,0
0,0,0
0,0,0
0,0,0
0,0,0
0,0,0
0,0,0
0,0,0
0,0,0
0,0,0
0,0,0
0,0,0
0,0,0
0,0,0
0,0,0
0,0,0
0,0,0
0,0,0
0,0,0
0,0,0
0,0,0
0,0,0
0,0,0
0,0,0
0,0,0
0,0,0
0,0,0
0,0,0
0,0,0
0,0,0
0,0,0
0,0,0
0,0,0
0,0,0
0,0,0
0,0,0
0,0,0
0,0,0
0,0,0
0,0,0
0,0,0
0,0,0
0,0,0
0,0,0
0,0,0
0,0,0
0,0,0
0,0,0
0,0,0
0,0,0
0,0,0
0,0,0
0,0,0
0,0,0
0,0,0
0,0,0
0,0,0
0,0,0
0,0,0
0,0,0
0,0,0
0,0,0
0,0,0
0,0,0
0,0,0
0,0,0
0,0,0
0,0,0
0,0,0
0,0,0
0,0,0
0,0,0
0,0,0
0,0,0
0,0,0
0,0,0
0,0,0
0,0,0
0,0,0
0,0,0
0,0,0
0,0,0
0,0,0
0,0,0
0,0,0
0,0,0
0,0,0
0,0,0
0,0,0
0,0,0
0,0,0
0,0,0
0,0,0
0,0,0
0,0,0
0,0,0
0,0,0
0,0,0
0,0,0
0,0,0
0,0,0
0,0,0
0,0,0
0,0,0
0,0,0
0,0,0
0,0,0
0,0,0
0,0,0
0,0,0
0,0,0
0,0,0
0,0,0
0,0,0
0,0,0
0,0,0
0,0,0
0,0,0
0,0,0
0,0,0
0,0,0
0,0,0
0,0,0
0,0,0
0,0,0
0,0,0
0,0,0
0,0,0
0,0,0
0,0,0
0,0,0
0,0,0
0,0,0
0,0,0
0,0,0
0,0,0
0,0,0
0,0,0
0,0,0
0,0,0
0,0,0
0,0,0
0,0,0
0,0,0
0,0,0
0,0,0
0,0,0
0,0,0
0,0,0
0,0,0
0,0,0
0,0,0
0,0,0
0,0,0
0,0,0
0,0,0
0,0,0
0,0,0
0,0,0
0,0,0
0,0,0
0,0,0
0,0,0
0,0,0
0,0,0
0,0,0
0,0,0
0,0,0
0,0,0
0,0,0
0,0,0
0,0,0
0,0,0
0,0,0
0,0,0
0,0,0
0,0,0
0,0,0
0,0,0
0,0,0
0,0,0
0,0,0
0,0,0
0,0,0
0,0,0
0,0,0
0,0,0
0,0,0
0,0,0
0,0,0
0,0,0
0,0,0
0,0,0
0,0,0
0,0,0
0,0,0
0,0,0
0,0,0
0,0,0
0,0,0
0,0,0
0,0,0
0,0,0
0,0,0
0,0,0
0,0,0
0,0,0
0,0,0
0,0,0
0,0,0
0,0,0
0,0,0
0,0,0
0,0,0
0,0,0
0,0,0
0,0,0
0,0,0
0,0,0
0,0,0
0,0,0
0,0,0
0,0,0
0,0,0
0,0,0
0,0,0
0,0,0
0,0,0
0,0,0
0,0,0
0,0,0
0,0,0
0,0,0
0,0,0
0,0,0
0,0,0
0,0,0
0,0,0
0,0,0
0,0,0
0,0,0
0,0,0
0,0,0
0,0,0
0,0,0
0,0,0
0,0,0
0,0,0
0,0,0
0,0,0
0,0,0
0,0,0
0,0,0
0,0,0
0,0,0
0,0,0
0,0,0
0,0,0
0,0,0
0,0,0
0,0,0
0,0,0
0,0,0
0,0,0
0,0,0
0,0,0
0,0,0
0,0,0
0,0,0
0,0,0
0,0,0
0,0,0
0,0,0
0,0,0
0,0,0
0,0,0
0,0,0
0,0,0
0,0,0
0,0,0
0,0,0
0,0,0
0,0,0
0,0,0
0,0,0
0,0,0
0,0,0
0,0,0
0,0,0
0,0,0
0,0,0
0,0,0
0,0,0
0,0,0
0,0,0
0,0,0
0,0,0
0,0,0
0,0,0
0,0,0
0,0,0
0,0,0
0,0,0
0,0,0
0,0,0
0,0,0
0,0,0
0,0,0
0,0,0
0,0,0
0,0,0
0,0,0
0,0,0
0,0,0
0,0,0
0,0,0
0,0,0
0,0,0
0,0,0
0,0,0
0,0,0
0,0,0
0,0,0
0,0,0
0,0,0
0,0,0
0,0,0
0,0,0
0,0,0
0,0,0
0,0,0
0,0,0
0,0,0
0,0,0
0,0,0
0,0,0
0,0,0
0,0,0
0,0,0
0,0,0
0,0,0
0,0,0
0,0,0
0,0,0
0,0,0
0,0,0
0,0,0
0,0,0
0,0,0
0,0,0
0,0,0
0,0,0
0,0,0
0,0,0
0,0,0
0,0,0
0,0,0
0,0,0
0,0,0
0,0,0
0,0,0
0,0,0
0,0,0
0,0,0
0,0,0
0,0,0
0,0,0
0,0,0
0,0,0
0,0,0
0,0,0
0,0,0
0,0,0
0,0,0
0,0,0
0,0,0
0,0,0
0,0,0
0,0,0
0,0,0
0,0,0
0,0,0
0,0,0
0,0,0
0,0,0
0,0,0
0,0,0
0,0,0
0,0,0
0,0,0
0,0,0
0,0,0
0,0,0
0,0,0
0,0,0
0,0,0
0,0,0
0,0,0
0,0,0
0,0,0
0,0,0
0,0,0
0,0,0
0,0,0
0,0,0
0,0,0
0,0,0
0,0,0
0,0,0
0,0,0
0,0,0
0,0,0
0,0,0
0,0,0
0,0,0
0,0,0
0,0,0
0,0,0
0,0,0
0,0,0
0,0,0
0,0,0
0,0,0
0,0,0
0,0,0
0,0,0
0,0,0
0,0,0
0,0,0
0,0,0
0,0,0
0,0,0
0,0,0
0,0,0
0,0,0
0,0,0
0,0,0
0,0,0
0,0,0
0,0,0
0,0,0
0,0,0
0,0,0
0,0,0
0,0,0
0,0,0
0,0,0
0,0,0
0,0,0
0,0,0
0,0,0
0,0,0
0,0,0
0,0,0
0,0,0
0,0,0
0,0,0
0,0,0
0,0,0
0,0,0
0,0,0
0,0,0
0,0,0
0,0,0
0,0,0
0,0,0
0,0,0
0,0,0
0,0,0
0,0,0
0,0,0
0,0,0
0,0,0
0,0,0
0,0,0
0,0,0
0,0,0
0,0,0
0,0,0
0,0,0
0,0,0
0,0,0
0,0,0
0,0,0
0,0,0
0,0,0
0,0,0
0,0,0
0,0,0
0,0,0
0,0,0
0,0,0
0,0,0
0,0,0
0,0,0
0,0,0
0,0,0
0,0,0
0,0,0
0,0,0
0,0,0
0,0,0
0,0,0
0,0,0
0,0,0
0,0,0
0,0,0
0,0,0
0,0,0
0,0,0
0,0,0
0,0,0
0,0,0
0,0,0
0,0,0
0,0,0
0,0,0
0,0,0
0,0,0
0,0,0
0,0,0
0,0,0
0,0,0
0,0,0
0,0,0
0,0,0
0,0,0
0,0,0
0,0,0
0,0,0
0,0,0
1.45713,4.40849,-0.698361
1.49362,4.42754,-0.703064
1.5124,4.39401,-0.698988
1.5269,4.34924,-0.693031
1.55256,4.337,-0.69256
1.51277,4.14555,-0.661831
1.49858,4.02973,-0.643802
1.51382,3.99553,-0.639569
1.54471,4.00275,-0.642391
1.67619,4.26527,-0.688798
1.73866,4.34568,-0.704319
1.75151,4.30109,-0.698518
1.78354,4.30395,-0.70087
1.79264,4.25197,-0.693814
1.82688,4.25995,-0.697107
1.88576,4.3238,-0.710119
1.90945,4.30583,-0.709022
1.92893,4.27872,-0.706357
1.96585,4.29015,-0.710433
1.99464,4.28338,-0.711374
2.02088,4.27106,-0.711374
2.04705,4.25858,-0.711374
2.06924,4.23795,-0.709963
2.09389,4.22252,-0.709492
2.1433,4.25634,-0.717802
2.18737,4.27829,-0.724073
2.03383,3.91854,-0.662145
2.03159,3.85619,-0.653209
2.06267,3.85758,-0.655717
2.06793,3.811,-0.649603
2.09318,3.8017,-0.65023
2.12706,3.80775,-0.653679
2.33691,4.12371,-0.713725
2.24353,3.90295,-0.675942
2.41122,4.13567,-0.721251
2.43052,4.1106,-0.719369
2.44045,4.0702,-0.714666
2.47308,4.06781,-0.717018
2.484,4.02986,-0.712785
2.51862,4.03045,-0.715764
2.53802,4.00658,-0.714196
2.59511,4.04162,-0.723759
2.62687,4.03638,-0.725797
2.64778,4.01442,-0.7247
2.65699,3.97511,-0.72031
2.13682,3.15496,-0.566196
2.15391,3.13853,-0.565569
2.16918,3.11958,-0.564472
2.18373,3.09975,-0.563217
2.19983,3.08227,-0.562433
2.21813,3.06792,-0.562277
2.76628,3.77688,-0.704475
2.78528,3.75429,-0.703378
2.83674,3.77502,-0.710903
2.83772,3.72847,-0.705103
2.89974,3.76183,-0.715293
2.90393,3.71983,-0.710433
2.49789,3.15965,-0.600688
2.51415,3.14041,-0.599904
2.52964,3.12032,-0.598963
2.54372,3.09863,-0.597709
2.56016,3.07993,-0.597082
2.57901,3.06416,-0.597082
3.06161,3.59246,-0.71059
3.11199,3.60651,-0.717488
3.13796,3.59181,-0.718429
3.17695,3.59172,-0.722505
3.16796,3.53758,-0.715136
3.23273,3.56563,-0.725327
3.19844,3.48462,-0.712158
3.20363,3.44756,-0.708395
3.21322,3.41561,-0.70573
3.36013,3.52813,-0.734734
3.36595,3.4911,-0.731128
3.388,3.47108,-0.731285
3.4134,3.45445,-0.732225
3.43523,3.43413,-0.732382
3.47099,3.42756,-0.735675
3.5259,3.4393,-0.7432
3.54338,3.41417,-0.742416
3.5614,3.38965,-0.741789
3.57278,3.35894,-0.739751
3.5868,3.3309,-0.73834
3.58316,3.2868,-0.733166
3.57544,3.23956,-0.727208
3.60997,3.23073,-0.730344
3.66525,3.23991,-0.737869
3.69622,3.2271,-0.740221
3.70249,3.19276,-0.737399
3.71148,3.16101,-0.735204
3.78598,3.18459,-0.746649
3.74847,3.11397,-0.734891
3.76369,3.08778,-0.734107
3.74957,3.03789,-0.727365
3.79282,3.03457,-0.732382
3.82531,3.02226,-0.735204
3.8944,3.03822,-0.745395
3.93019,3.02752,-0.748844
3.92982,2.989,-0.745081
3.96388,2.97669,-0.748217
3.95193,2.92997,-0.742259
3.97142,2.90683,-0.742573
3.99879,2.88935,-0.744454
4.03494,2.87794,-0.74806
4.09129,2.88042,-0.755585
4.14214,2.87837,-0.762013
4.20289,2.8825,-0.770323
4.24422,2.87271,-0.774869
4.29298,2.86746,-0.780827
4.33935,2.86008,-0.786314
4.38828,2.85386,-0.792272
4.44894,2.85461,-0.800424
4.49892,2.84786,-0.806539
4.56573,2.85106,-0.815789
4.61678,2.84371,-0.82206
4.67888,2.8425,-0.830369
4.73182,2.83506,-0.836954
4.79334,2.83209,-0.845106
4.87549,2.8404,-0.857022
4.89796,2.81339,-0.857962
4.91427,2.78279,-0.857806
4.95368,2.7651,-0.861882
4.91517,2.70419,-0.851848
4.92906,2.67257,-0.851378
4.99851,2.67066,-0.860941
5.01218,2.63856,-0.860471
5.01425,2.60048,-0.857962
5.04858,2.5791,-0.861255
5.06607,2.54896,-0.861568
5.07985,2.51695,-0.861255
5.08455,2.48054,-0.859373
5.07652,2.43818,-0.855297
5.07978,2.4015,-0.853259
5.13472,2.38903,-0.860314
5.1385,2.35255,-0.858433
5.15734,2.323,-0.859217
5.1724,2.29171,-0.859373
5.18999,2.26151,-0.86
5.19196,2.22457,-0.857962
5.20916,2.1942,-0.858589
5.21522,2.15917,-0.857335
5.22105,2.12416,-0.856081
5.23124,2.09098,-0.855611
5.24213,2.05812,-0.855297
5.26111,2.0284,-0.856395
5.26884,1.99434,-0.855611
5.28931,1.96506,-0.857022
5.2957,1.93054,-0.856081
5.31489,1.90067,-0.857335
5.31247,1.86312,-0.854984
5.30605,1.82439,-0.852005
5.32838,1.79558,-0.853886
5.3121,1.75388,-0.849339
5.3237,1.72156,-0.849496
5.34829,1.69333,-0.851848
5.36424,1.66223,-0.852789
5.35165,1.62241,-0.849026
5.37192,1.59263,-0.85075
5.35977,1.55332,-0.847145
5.38821,1.52578,-0.85028
5.38414,1.48901,-0.848085
5.35885,1.44668,-0.842441
5.41061,1.42509,-0.849496
5.39916,1.3867,-0.846204
5.38553,1.34804,-0.842598
5.3937,1.31497,-0.842598
5.46317,1.29644,-0.852632
5.44696,1.25734,-0.848712
5.42374,1.21698,-0.843695
5.42628,1.18262,-0.842911
5.45952,1.15482,-0.847145
5.45199,1.11832,-0.844793
5.46263,1.08562,-0.84542
5.49731,1.05749,-0.849967
5.48136,1.01959,-0.846361
5.45835,0.980697,-0.841657
5.49541,0.952583,-0.846674
5.48459,0.916081,-0.844009
5.50766,0.885231,-0.846831
5.52763,0.85368,-0.849183
5.53179,0.819602,-0.849026
5.50151,0.780652,-0.843382
5.51109,0.747544,-0.844166
5.49794,0.711434,-0.841344
5.52083,0.679979,-0.844323
5.52391,0.645976,-0.844166
5.54348,0.613808,-0.846674
5.55303,0.580398,-0.847615
5.53978,0.544672,-0.84495
5.49581,0.506325,-0.837424
5.5303,0.475298,-0.842441
5.54198,0.442061,-0.843852
5.5633,0.409424,-0.846831
5.56177,0.375015,-0.846204
5.56199,0.340761,-0.84589
5.54031,0.305324,-0.842128
5.52136,0.270311,-0.838835
5.52095,0.236343,-0.838522
5.5292,0.202716,-0.839619
5.51652,0.168365,-0.837424
5.54509,0.135185,-0.841814
5.55569,0.101338,-0.843382
5.54535,0.0671158,-0.841657
5.53084,0.0330016,-0.839306
5.52304,-0.000933743,-0.838051
5.50318,-0.0346965,-0.834916
5.50088,-0.068438,-0.834602
5.49147,-0.102024,-0.833191
5.51543,-0.136329,-0.837111
5.51844,-0.17029,-0.837738
5.50643,-0.203745,-0.836013
5.5179,-0.238083,-0.838051
5.52423,-0.272325,-0.839306
5.49583,-0.304738,-0.835073
5.50273,-0.339001,-0.836484
5.4769,-0.371154,-0.832721
5.43315,-0.401691,-0.826136
5.4296,-0.434942,-0.825979
5.50456,-0.474962,-0.838365
5.49564,-0.508182,-0.837424
5.46883,-0.539564,-0.833662
5.45658,-0.572183,-0.832251
5.46671,-0.60718,-0.834445
5.45111,-0.639331,-0.832564
5.46473,-0.674946,-0.835386
5.40661,-0.701472,-0.826763
5.46582,-0.743288,-0.836954
5.35066,-0.761087,-0.819238
5.39767,-0.801597,-0.827547
5.29798,-0.82004,-0.81234
5.37963,-0.866517,-0.826293
5.44337,-0.91109,-0.837424
5.37053,-0.932806,-0.826606
5.39678,-0.971518,-0.83178
5.37907,-1.00244,-0.829899
5.4184,-1.04422,-0.837267
5.39445,-1.07397,-0.834445
5.40034,-1.10963,-0.836484
5.37894,-1.13968,-0.834132
5.36895,-1.17203,-0.833662
5.36166,-1.20495,-0.833662
5.31471,-1.2287,-0.827234
5.31764,-1.2638,-0.828958
5.33281,-1.30203,-0.832721
5.27586,-1.32248,-0.824725
5.31356,-1.36664,-0.832251
5.26497,-1.38863,-0.825666
5.26493,-1.42323,-0.827077
5.2599,-1.45656,-0.827704
5.29933,-1.50255,-0.8357
5.26345,-1.52733,-0.83131
5.24262,-1.55623,-0.829428
5.22635,-1.58636,-0.828331
5.20049,-1.61342,-0.825666
5.17637,-1.64082,-0.823314
5.17654,-1.6759,-0.825039
5.17929,-1.71197,-0.827234
5.21079,-1.75793,-0.834289
5.17283,-1.78054,-0.829742
5.16274,-1.81258,-0.829899
5.17941,-1.85421,-0.834602
5.13639,-1.87444,-0.829272
5.12757,-1.90696,-0.829742
5.10562,-1.93453,-0.828017
5.09089,-1.96476,-0.827547
5.0916,-2.00101,-0.829742
5.0774,-2.03148,-0.829428
5.06301,-2.06186,-0.829115
5.03749,-2.08759,-0.82692
5.03459,-2.12268,-0.828645
5.02238,-2.15392,-0.828801
4.98825,-2.17561,-0.825195
4.95404,-2.19697,-0.82159
4.98819,-2.24884,-0.829899
4.95364,-2.26994,-0.826293
4.91545,-2.28904,-0.82206
4.9147,-2.32549,-0.824412
4.89411,-2.35261,-0.823314
4.89023,-2.38779,-0.825195
4.90557,-2.43268,-0.830526
4.86144,-2.44807,-0.825352
4.82083,-2.46481,-0.820806
4.80737,-2.49526,-0.821119
4.80071,-2.52931,-0.822687
4.78248,-2.55732,-0.822217
4.79274,-2.60075,-0.82692
4.77064,-2.62678,-0.825823
4.75098,-2.65407,-0.825195
4.72516,-2.67782,-0.823471
4.74117,-2.72547,-0.829428
4.69791,-2.73908,-0.824568
4.66912,-2.76082,-0.822373
4.63176,-2.77722,-0.818611
4.62729,-2.81329,-0.820962
4.61246,-2.84318,-0.821433
4.61587,-2.88452,-0.825352
4.56471,-2.89164,-0.819081
4.54938,-2.9212,-0.819551
4.54709,-2.95929,-0.82253
4.53462,-2.99095,-0.823628
4.52111,-3.02201,-0.824568
4.52783,-3.06686,-0.829428
4.49183,-3.08285,-0.826136
4.45742,-3.09964,-0.823157
4.43509,-3.12465,-0.82253
4.41744,-3.15296,-0.822844
4.40841,-3.18753,-0.824882
4.39276,-3.21743,-0.825666
4.36897,-3.24138,-0.824882
4.35768,-3.27466,-0.826606
4.33829,-3.30193,-0.826763
4.32655,-3.33512,-0.828488
4.29667,-3.35431,-0.826606
4.2791,-3.38306,-0.827234
4.25133,-3.4037,-0.825823
4.2365,-3.4347,-0.827077
4.21076,-3.45687,-0.826136
4.17352,-3.46938,-0.822844
4.16349,-3.50446,-0.825195
4.15093,-3.53763,-0.827077
4.10223,-3.53981,-0.821433
4.09605,-3.57856,-0.824725
4.06218,-3.59315,-0.822217
4.06065,-3.63646,-0.826606
4.0507,-3.67259,-0.829272
4.02227,-3.69203,-0.828017
3.9858,-3.70386,-0.825039
3.95868,-3.72419,-0.824098
3.94076,-3.75318,-0.825195
3.93259,-3.79168,-0.828488
3.89511,-3.80194,-0.825352
3.86328,-3.81744,-0.823471
3.85724,-3.85854,-0.82739
3.84459,-3.89338,-0.829899
3.82408,-3.92043,-0.830683
3.79858,-3.9424,-0.830369
3.76615,-3.95705,-0.828488
3.73571,-3.9736,-0.827077
3.71126,-3.99645,-0.827077
3.68934,-4.02206,-0.827704
3.65398,-4.03291,-0.825195
3.62324,-4.04863,-0.823784
3.59441,-4.06634,-0.822844
3.59147,-4.11362,-0.828174
3.58293,-4.15503,-0.832251
3.51319,-4.12505,-0.821433
3.52976,-4.19641,-0.83178
3.50521,-4.21951,-0.832094
3.47049,-4.23025,-0.829899
3.45006,-4.25837,-0.83131
3.42325,-4.27869,-0.831153
3.39203,-4.29342,-0.829899
3.37474,-4.32583,-0.832251
3.35054,-4.34958,-0.832878
3.31243,-4.35512,-0.829899
3.25659,-4.33667,-0.822217
3.24109,-4.37164,-0.825195
3.20779,-4.38268,-0.823471
3.21901,-4.45512,-0.833818
3.17498,-4.45147,-0.829272
3.14647,-4.46925,-0.828958
3.13646,-4.51361,-0.833818
3.08022,-4.49123,-0.825823
3.05537,-4.51414,-0.826606
3.03585,-4.54512,-0.828958
3.0041,-4.55789,-0.827861
2.99007,-4.59776,-0.831937
2.94047,-4.58277,-0.825666
2.91599,-4.60657,-0.826763
2.89447,-4.63527,-0.828801
2.87944,-4.67481,-0.832878
2.82866,-4.65609,-0.826136
2.80765,-4.68607,-0.828488
2.77784,-4.7015,-0.828174
2.76037,-4.73809,-0.83178
2.7278,-4.74894,-0.830683
2.70202,-4.77161,-0.83178
2.67606,-4.79413,-0.832878
2.64183,-4.80181,-0.83131
2.61232,-4.81793,-0.83131
2.57294,-4.81557,-0.828017
2.55162,-4.847,-0.83084
2.52592,-4.87046,-0.832251
2.50003,-4.89378,-0.833662
2.46685,-4.90285,-0.832564
2.4319,-4.90816,-0.83084
2.39265,-4.90435,-0.827547
2.37106,-4.93674,-0.830683
2.35001,-4.97084,-0.834132
2.31863,-4.98338,-0.833818
2.29006,-5.002,-0.834602
2.25973,-5.01686,-0.834759
2.22331,-5.01799,-0.832564
2.19484,-5.03697,-0.833505
2.16584,-5.05488,-0.834289
2.11677,-5.02529,-0.82692
2.09647,-5.06374,-0.83131
2.05903,-5.06096,-0.828645
2.03271,-5.08542,-0.830683
2.00002,-5.09412,-0.830056
1.97192,-5.11459,-0.831467
1.94994,-5.15153,-0.8357
1.9183,-5.1634,-0.8357
1.89808,-5.20662,-0.84103
1.85745,-5.19399,-0.836954
1.8396,-5.24536,-0.843695
1.81444,-5.2771,-0.847145
1.77225,-5.25912,-0.842284
1.73035,-5.24082,-0.837424
1.71396,-5.30021,-0.845577
1.68141,-5.31062,-0.845577
1.62132,-5.23216,-0.83084
1.59262,-5.25335,-0.832721
1.55923,-5.25924,-0.832094
1.52968,-5.27819,-0.833662
1.49942,-5.29508,-0.834916
1.46874,-5.31085,-0.836013
1.43278,-5.30736,-0.833975
1.40371,-5.32942,-0.83617
1.36681,-5.32168,-0.833505
1.3406,-5.35583,-0.837738
1.30631,-5.3582,-0.836797
1.27523,-5.3738,-0.838051
1.25867,-5.45274,-0.849653
1.22692,-5.46807,-0.850907
1.19292,-5.47356,-0.850594
0,0,0
0,0,0
0,0,0
0,0,0
0,0,0
0,0,0
0,0,0
0,0,0
0,0,0
0,0,0
0,0,0
0,0,0
0,0,0
0,0,0
0,0,0
0,0,0
0,0,0
0,0,0
0,0,0
0,0,0
0,0,0
0,0,0
0,0,0
0,0,0
0,0,0
0,0,0
0,0,0
0,0,0
0,0,0
0,0,0
0,0,0
0,0,0
0,0,0
0,0,0
0,0,0
0,0,0
0,0,0
0,0,0
0,0,0
0,0,0
0,0,0
0,0,0
0,0,0
0,0,0
0,0,0
0,0,0
0,0,0
0,0,0
0,0,0
0,0,0
0,0,0
0,0,0
0,0,0
0,0,0
0,0,0
0,0,0
0,0,0
0,0,0
0,0,0
0,0,0
0,0,0
0,0,0
0,0,0
0,0,0
0,0,0
0,0,0
0,0,0
0,0,0
0,0,0
0,0,0
0,0,0
0,0,0
0,0,0
0,0,0
0,0,0
0,0,0
0,0,0
0,0,0
0,0,0
0,0,0
0,0,0
0,0,0
0,0,0
0,0,0
0,0,0
0,0,0
0,0,0
0,0,0
0,0,0
0,0,0
0,0,0
0,0,0
0,0,0
0,0,0
0,0,0
0,0,0
0,0,0
0,0,0
0,0,0
0,0,0
0,0,0
0,0,0
0,0,0
0,0,0
0,0,0
0,0,0
0,0,0
0,0,0
0,0,0
0,0,0
0,0,0
0,0,0
0,0,0
0,0,0
0,0,0
0,0,0
0,0,0
0,0,0
0,0,0
0,0,0
0,0,0
0,0,0
0,0,0
0,0,0
0,0,0
0,0,0
0,0,0
0,0,0
0,0,0
0,0,0
0,0,0
0,0,0
0,0,0
0,0,0
0,0,0
0,0,0
0,0,0
0,0,0
0,0,0
0,0,0
0,0,0
0,0,0
0,0,0
0,0,0
0,0,0
0,0,0
0,0,0
0,0,0
0,0,0
0,0,0
0,0,0
0,0,0
0,0,0
0,0,0
0,0,0
0,0,0
0,0,0
0,0,0
0,0,0
0,0,0
0,0,0
0,0,0
0,0,0
0,0,0
0,0,0
0,0,0
0,0,0
0,0,0
0,0,0
0,0,0
0,0,0
0,0,0
0,0,0
0,0,0
0,0,0
0,0,0
0,0,0
0,0,0
0,0,0
0,0,0
0,0,0
0,0,0
0,0,0
0,0,0
0,0,0
0,0,0
0,0,0
0,0,0
0,0,0
0,0,0
0,0,0
0,0,0
0,0,0
0,0,0
0,0,0
0,0,0
0,0,0
0,0,0
0,0,0
0,0,0
0,0,0
0,0,0
0,0,0
0,0,0
0,0,0
0,0,0
0,0,0
0,0,0
0,0,0
0,0,0
0,0,0
0,0,0
0,0,0
0,0,0
0,0,0
0,0,0
0,0,0
0,0,0
0,0,0
0,0,0
0,0,0
0,0,0
0,0,0
0,0,0
0,0,0
0,0,0
0,0,0
0,0,0
0,0,0
0,0,0
0,0,0
0,0,0
0,0,0
0,0,0
0,0,0
0,0,0
0,0,0
0,0,0
0,0,0
0,0,0
0,0,0
0,0,0
0,0,0
0,0,0
0,0,0
0,0,0
0,0,0
0,0,0
0,0,0
0,0,0
0,0,0
0,0,0
0,0,0
0,0,0
0,0,0
0,0,0
0,0,0
0,0,0
0,0,0
0,0,0
0,0,0
0,0,0
0,0,0
0,0,0
0,0,0
0,0,0
0,0,0
0,0,0
0,0,0
0,0,0
0,0,0
0,0,0
0,0,0
0,0,0
0,0,0
0,0,0
0,0,0
0,0,0
0,0,0
0,0,0
0,0,0
0,0,0
0,0,0
0,0,0
0,0,0
0,0,0
0,0,0
0,0,0
0,0,0
0,0,0
0,0,0
0,0,0
0,0,0
0,0,0
0,0,0
0,0,0
0,0,0
0,0,0
0,0,0
0,0,0
0,0,0
0,0,0
0,0,0
0,0,0
0,0,0
0,0,0
0,0,0
0,0,0
0,0,0
0,0,0
0,0,0
0,0,0
0,0,0
0,0,0
0,0,0
0,0,0
0,0,0
0,0,0
0,0,0
0,0,0
0,0,0
0,0,0
0,0,0
0,0,0
0,0,0
0,0,0
0,0,0
0,0,0
0,0,0
0,0,0
0,0,0
0,0,0
0,0,0
0,0,0
0,0,0
0,0,0
0,0,0
0,0,0
0,0,0
0,0,0
0,0,0
0,0,0
0,0,0
0,0,0
0,0,0
0,0,0
0,0,0
0,0,0
0,0,0
0,0,0
0,0,0
0,0,0
0,0,0
0,0,0
0,0,0
0,0,0
0,0,0
0,0,0
0,0,0
0,0,0
0,0,0
0,0,0
0,0,0
0,0,0
0,0,0
0,0,0
0,0,0
0,0,0
0,0,0
0,0,0
0,0,0
0,0,0
0,0,0
0,0,0
0,0,0
0,0,0
0,0,0
0,0,0
0,0,0
0,0,0
0,0,0
0,0,0
0,0,0
0,0,0
0,0,0
0,0,0
0,0,0
0,0,0
0,0,0
0,0,0
0,0,0
0,0,0
0,0,0
0,0,0
0,0,0
0,0,0
0,0,0
0,0,0
0,0,0
0,0,0
0,0,0
0,0,0
0,0,0
0,0,0
0,0,0
0,0,0
0,0,0
0,0,0
0,0,0
0,0,0
0,0,0
0,0,0
0,0,0
0,0,0
0,0,0
0,0,0
0,0,0
0,0,0
0,0,0
0,0,0
0,0,0
0,0,0
0,0,0
0,0,0
0,0,0
0,0,0
0,0,0
0,0,0
0,0,0
0,0,0
0,0,0
0,0,0
0,0,0
0,0,0
0,0,0
0,0,0
0,0,0
0,0,0
0,0,0
0,0,0
0,0,0
0,0,0
0,0,0
0,0,0
0,0,0
0,0,0
0,0,0
0,0,0
0,0,0
0,0,0
0,0,0
0,0,0
0,0,0
0,0,0
0,0,0
0,0,0
0,0,0
0,0,0
0,0,0
0,0,0
0,0,0
0,0,0
0,0,0
0,0,0
0,0,0
0,0,0
0,0,0
0,0,0
0,0,0
0,0,0
0,0,0
0,0,0
0,0,0
0,0,0
0,0,0
0,0,0
0,0,0
0,0,0
0,0,0
0,0,0
0,0,0
0,0,0
0,0,0
0,0,0
0,0,0
0,0,0
0,0,0
0,0,0
0,0,0
0,0,0
0,0,0
0,0,0
0,0,0
0,0,0
0,0,0
0,0,0
0,0,0
0,0,0
0,0,0
0,0,0
0,0,0
0,0,0
0,0,0
0,0,0
0,0,0
0,0,0
0,0,0
0,0,0
0,0,0
0,0,0
0,0,0
0,0,0
0,0,0
0,0,0
0,0,0
0,0,0
0,0,0
0,0,0
0,0,0
0,0,0
0,0,0
0,0,0
0,0,0
0,0,0
0,0,0
0,0,0
0,0,0
0,0,0
0,0,0
0,0,0
0,0,0
0,0,0
0,0,0
0,0,0
0,0,0
0,0,0
0,0,0
0,0,0
0,0,0
0,0,0
0,0,0
0,0,0
0,0,0
0,0,0
0,0,0
0,0,0
0,0,0
0,0,0
0,0,0
0,0,0
0,0,0
0,0,0
0,0,0
0,0,0
0,0,0
0,0,0
0,0,0
0,0,0
0,0,0
0,0,0
0,0,0
0,0,0
0,0,0
0,0,0
0,0,0
0,0,0
0,0,0
0,0,0
0,0,0
0,0,0
0,0,0
0,0,0
0,0,0
0,0,0
0,0,0
0,0,0
0,0,0
0,0,0
0,0,0
0,0,0
0,0,0
0,0,0
0,0,0
0,0,0
0,0,0
0,0,0
0,0,0
0,0,0
0,0,0
0,0,0
0,0,0
0,0,0
0,0,0
0,0,0
0,0,0
0,0,0
0,0,0
0,0,0
0,0,0
0,0,0
0,0,0
0,0,0
0,0,0
0,0,0
0,0,0
0,0,0
0,0,0
0,0,0
0,0,0
0,0,0
0.774008,2.5414,-0.415236
1.34983,4.33917,-0.737893
1.34331,4.22653,-0.719191
1.37044,4.22196,-0.719865
1.39972,4.22376,-0.721718
1.42057,4.20015,-0.719022
1.44021,4.17365,-0.715821
1.4599,4.148,-0.712788
1.45838,4.0638,-0.69914
1.46738,4.01127,-0.691221
1.46788,3.93753,-0.679427
1.5102,3.97637,-0.688189
1.52426,3.94037,-0.683302
1.5513,3.93828,-0.68465
1.56957,3.91404,-0.681954
1.60696,3.9372,-0.68802
1.70703,4.11026,-0.721886
1.72647,4.08608,-0.719359
1.74839,4.06817,-0.718011
1.76819,4.04562,-0.715821
1.78978,4.02749,-0.714473
1.80554,3.99667,-0.710766
1.84359,4.01508,-0.716326
1.86403,3.99475,-0.714641
1.89146,3.98948,-0.715821
1.93215,4.01155,-0.722223
1.95456,3.99519,-0.721381
1.99044,4.00607,-0.725762
2.0101,3.9841,-0.723908
2.02687,3.95678,-0.721044
2.03975,3.9224,-0.716832
2.01411,3.81565,-0.698635
2.04586,3.81887,-0.701668
2.07066,3.80884,-0.702173
2.10589,3.81764,-0.706385
2.13745,3.81927,-0.70925
2.16036,3.80523,-0.709081
2.21071,3.83889,-0.718348
2.2228,3.80567,-0.714473
2.30084,3.88442,-0.732838
2.3018,3.8322,-0.725256
2.27197,3.73044,-0.707733
2.35176,3.8087,-0.726267
2.3892,3.81676,-0.730816
2.4131,3.80286,-0.730985
2.43106,3.77969,-0.7293
2.46604,3.78287,-0.733007
2.46694,3.73394,-0.726099
2.4898,3.71873,-0.726099
2.49155,3.67239,-0.719696
2.14173,3.11514,-0.607314
2.15291,3.09062,-0.604955
2.16672,3.0701,-0.603438
2.18151,3.05113,-0.602259
2.19615,3.0321,-0.60108
2.64019,3.59886,-0.724077
2.69337,3.62453,-0.733007
2.728,3.62448,-0.736545
2.75318,3.61159,-0.737387
2.78553,3.6079,-0.740252
2.80458,3.58685,-0.739409
2.78371,3.51547,-0.727615
2.50132,3.11913,-0.64455
2.51731,3.0999,-0.643707
2.53127,3.0783,-0.642359
2.54696,3.05892,-0.641517
2.56124,3.03796,-0.640338
2.59134,3.03569,-0.64337
2.99653,3.4673,-0.744464
3.0119,3.44217,-0.742948
3.03624,3.42731,-0.74379
3.06971,3.42256,-0.746991
3.09065,3.40366,-0.746991
3.12548,3.39988,-0.75053
3.13487,3.36837,-0.747665
2.76015,2.92928,-0.649099
2.78896,2.9237,-0.651795
2.81985,2.92001,-0.654996
2.89214,2.95835,-0.668307
2.89429,2.92443,-0.664432
3.16745,3.16154,-0.726099
3.3117,3.26527,-0.75609
3.35709,3.26965,-0.762155
3.36288,3.23532,-0.758786
3.37624,3.20851,-0.757269
3.39299,3.18503,-0.756595
3.42114,3.1722,-0.758617
3.45362,3.16313,-0.76165
3.48028,3.1485,-0.763335
3.49291,3.12117,-0.761818
3.47801,3.06967,-0.754068
3.5213,3.06965,-0.759628
3.52886,3.03834,-0.757101
3.55194,3.02046,-0.758112
3.59531,3.01953,-0.763672
3.53792,2.93447,-0.746823
3.58635,2.9377,-0.753562
3.60048,2.91254,-0.75272
3.61135,2.88485,-0.751204
3.65375,2.88218,-0.756595
3.71102,2.89061,-0.765188
3.75759,2.89002,-0.771422
3.79644,2.88301,-0.775971
3.82667,2.86913,-0.778667
3.87351,2.8673,-0.784901
3.91172,2.85861,-0.789282
3.96436,2.85993,-0.796696
4.02117,2.86358,-0.804952
4.07253,2.86267,-0.812028
4.11917,2.85786,-0.818094
4.16102,2.84925,-0.823149
4.2168,2.84961,-0.831068
4.26783,2.84611,-0.837976
4.31238,2.83776,-0.843536
4.34293,2.81984,-0.846232
4.41908,2.8309,-0.858194
4.46969,2.8248,-0.864934
4.50952,2.81141,-0.869483
4.47128,2.7496,-0.858363
4.49312,2.72518,-0.859374
4.51568,2.7011,-0.860553
4.55424,2.68637,-0.864934
4.58,2.66383,-0.866787
4.60139,2.63862,-0.867798
4.62007,2.61179,-0.868304
4.63343,2.58195,-0.867798
4.65955,2.55917,-0.86982
4.68903,2.53804,-0.872516
4.70365,2.50876,-0.872347
4.71372,2.4771,-0.871336
4.72358,2.44541,-0.870326
4.75166,2.4231,-0.872853
4.76028,2.3908,-0.871673
4.77397,2.36111,-0.871505
4.75913,2.31752,-0.865945
4.80436,2.3032,-0.871842
4.7979,2.264,-0.867967
4.79472,2.22662,-0.864765
4.80919,2.19757,-0.864934
4.81899,2.1664,-0.86426
4.80515,2.12483,-0.859205
4.84883,2.10868,-0.864934
4.85714,2.07695,-0.864091
4.8807,2.05169,-0.866113
4.89228,2.02133,-0.865945
4.90916,1.99313,-0.866787
4.9213,1.96297,-0.866787
4.92866,1.93093,-0.865945
4.93214,1.89747,-0.864428
4.93631,1.86438,-0.863081
4.94951,1.83475,-0.863418
4.92177,1.79018,-0.856341
4.94937,1.76591,-0.859374
4.96383,1.73682,-0.860048
4.97346,1.706,-0.859879
4.99225,1.67828,-0.861396
4.99964,1.6467,-0.86089
5.03498,1.62416,-0.865439
5.02699,1.58759,-0.862238
5.0517,1.56138,-0.864934
5.0527,1.52778,-0.863418
5.04402,1.49144,-0.860216
5.02278,1.4517,-0.854825
5.0572,1.42809,-0.859374
5.07157,1.3986,-0.860385
5.07815,1.36695,-0.860048
5.04354,1.32449,-0.852466
5.05348,1.294,-0.852803
5.04603,1.25915,-0.850107
5.05941,1.22956,-0.851118
5.05918,1.19668,-0.84977
5.07988,1.16871,-0.852129
5.1033,1.14118,-0.854993
5.0948,1.10649,-0.852297
5.1121,1.07745,-0.854151
5.09351,1.04093,-0.84977
5.094,1.0085,-0.848759
5.13107,0.983171,-0.854151
5.12344,0.949152,-0.851792
5.14469,0.920479,-0.854488
5.13761,0.886712,-0.852297
5.15268,0.856791,-0.853982
5.14616,0.823287,-0.85196
5.15014,0.791545,-0.851792
5.14807,0.758922,-0.850612
5.14385,0.726078,-0.849096
5.15407,0.695294,-0.850107
5.15922,0.663782,-0.850275
5.16026,0.631753,-0.84977
5.16697,0.600421,-0.850275
5.15586,0.567086,-0.847748
5.14552,0.534012,-0.845389
5.15655,0.503197,-0.846737
5.17132,0.472627,-0.848759
5.17608,0.441055,-0.849096
5.16985,0.408586,-0.847579
5.16734,0.376497,-0.846737
5.17251,0.344982,-0.847242
5.1519,0.311862,-0.843367
5.15568,0.280352,-0.843704
5.13269,0.24752,-0.839492
5.16169,0.217188,-0.84421
5.17573,0.185975,-0.8464
5.17579,0.154185,-0.846232
5.20521,0.123106,-0.851118
5.17828,0.0906757,-0.8464
5.17085,0.0588093,-0.845052
5.14746,0.0269513,-0.841008
5.15541,-0.00463878,-0.842356
5.13853,-0.0361576,-0.839492
5.16975,-0.0680947,-0.844884
5.14164,-0.0992877,-0.840166
5.14291,-0.130884,-0.840503
5.14595,-0.162562,-0.841177
5.13894,-0.193912,-0.840166
5.11501,-0.224451,-0.836291
5.1283,-0.256568,-0.838818
5.14926,-0.289296,-0.842693
5.12083,-0.319236,-0.838144
5.16893,-0.354075,-0.846737
5.12537,-0.382711,-0.83966
5.13668,-0.415261,-0.842019
5.12913,-0.446345,-0.841177
5.09685,-0.475071,-0.836122
5.13994,-0.510908,-0.844041
5.12887,-0.54161,-0.842693
5.13132,-0.573726,-0.843704
5.12086,-0.604393,-0.842525
5.09944,-0.633619,-0.839492
5.07591,-0.66235,-0.836122
5.08738,-0.695616,-0.838818
5.09277,-0.728211,-0.840503
5.06286,-0.755669,-0.836122
5.0854,-0.790955,-0.84084
5.0678,-0.8201,-0.83865
5.08892,-0.855586,-0.843199
5.04861,-0.880705,-0.837133
5.04797,-0.912542,-0.837976
5.04905,-0.944766,-0.839155
5.02381,-0.971988,-0.835785
5.02838,-1.00492,-0.837639
5.01343,-1.03396,-0.836122
5.01567,-1.06655,-0.837639
4.98881,-1.09288,-0.8341
4.99259,-1.12585,-0.835954
4.99135,-1.1578,-0.836965
4.98319,-1.18818,-0.836796
4.9241,-1.20608,-0.827698
4.97301,-1.25044,-0.837639
4.93948,-1.27429,-0.833089
4.943,-1.30759,-0.835111
4.92252,-1.33455,-0.832921
4.92278,-1.3671,-0.834437
4.91146,-1.39647,-0.833932
4.90374,-1.42685,-0.8341
4.90718,-1.46057,-0.836291
4.86606,-1.4809,-0.830562
4.87947,-1.51775,-0.834606
4.86349,-1.54558,-0.833426
4.84642,-1.57296,-0.832078
4.86662,-1.61258,-0.83747
4.84449,-1.63831,-0.83528
4.81571,-1.66157,-0.83191
4.80914,-1.6924,-0.832584
4.79774,-1.72154,-0.832415
4.81023,-1.75941,-0.836628
4.79103,-1.78579,-0.835111
4.77261,-1.81236,-0.833763
4.77795,-1.84801,-0.836796
4.74359,-1.86826,-0.832584
4.70276,-1.8856,-0.827192
4.69293,-1.91517,-0.827529
4.67198,-1.94015,-0.825844
4.66998,-1.973,-0.827698
4.66594,-2.00511,-0.829214
4.65174,-2.03292,-0.828877
4.65539,-2.06862,-0.83191
4.68933,-2.11824,-0.840671
4.6646,-2.14163,-0.838481
4.62189,-2.15646,-0.832921
4.58452,-2.17339,-0.828372
4.55333,-2.19293,-0.825002
4.56104,-2.23121,-0.829046
4.53756,-2.25434,-0.827192
4.51924,-2.27992,-0.82635
4.50867,-2.3094,-0.827024
4.49704,-2.33838,-0.827529
4.50179,-2.37605,-0.831236
4.48104,-2.40037,-0.830057
4.50694,-2.44994,-0.837976
4.45902,-2.45946,-0.831573
4.43438,-2.48148,-0.82972
4.42079,-2.50962,-0.830057
4.41726,-2.54358,-0.832415
4.43563,-2.59051,-0.839155
4.44509,-2.63275,-0.84421
4.42125,-2.6554,-0.842693
4.37709,-2.66557,-0.837133
4.36065,-2.69238,-0.837133
4.33151,-2.71124,-0.834606
4.31896,-2.74041,-0.835448
4.27304,-2.7482,-0.829551
4.25114,-2.77114,-0.82854
4.23159,-2.79554,-0.828035
4.21108,-2.81926,-0.827361
4.20268,-2.85113,-0.829214
4.15911,-2.859,-0.823822
4.14149,-2.88447,-0.823822
4.13096,-2.91494,-0.825339
4.13224,-2.95399,-0.829383
4.09328,-2.96426,-0.825002
4.09489,-3.00389,-0.829214
4.09695,-3.04424,-0.833595
4.07189,-3.06458,-0.832247
4.0342,-3.07517,-0.828203
4.00823,-3.09445,-0.826687
3.99072,-3.1202,-0.827024
3.96763,-3.14156,-0.826181
3.96597,-3.18003,-0.830057
3.94639,-3.2043,-0.830057
3.96016,-3.25599,-0.83747
3.93253,-3.27393,-0.835785
3.90558,-3.29228,-0.834269
3.86806,-3.30147,-0.830394
3.84848,-3.32578,-0.830562
3.83245,-3.35323,-0.831573
3.79852,-3.36492,-0.82854
3.79248,-3.40132,-0.83191
3.77884,-3.43115,-0.833595
3.73376,-3.43227,-0.828035
3.72995,-3.47122,-0.832078
3.71791,-3.50283,-0.834269
3.69635,-3.52558,-0.834269
3.66613,-3.53998,-0.832247
3.64505,-3.56309,-0.832415
3.61611,-3.57846,-0.830731
3.59409,-3.60058,-0.830731
3.57331,-3.62397,-0.831068
3.54275,-3.63736,-0.829046
3.53951,-3.67891,-0.833763
3.53045,-3.71484,-0.837133
3.51299,-3.74219,-0.838481
3.50471,-3.77957,-0.842188
3.48745,-3.80754,-0.843704
3.4283,-3.78941,-0.834606
3.42666,-3.83462,-0.840166
3.41025,-3.8637,-0.842019
3.39231,-3.89124,-0.843536
3.35421,-3.89555,-0.839829
3.34302,-3.93107,-0.843199
3.31186,-3.94321,-0.841345
3.27376,-3.94677,-0.837639
3.2526,-3.97059,-0.838481
3.23376,-3.99737,-0.839997
3.20363,-4.01021,-0.838481
3.17225,-4.02128,-0.836628
3.14206,-4.03367,-0.835111
3.12266,-4.05991,-0.836628
3.08934,-4.068,-0.834269
3.07675,-4.10344,-0.837807
3.05738,-4.13016,-0.839492
3.00987,-4.11861,-0.833089
3.00242,-4.16178,-0.838313
2.95738,-4.15282,-0.832584
2.94376,-4.18782,-0.836122
2.9225,-4.21229,-0.83747
2.87766,-4.20249,-0.831741
2.8463,-4.2119,-0.830057
2.83244,-4.24733,-0.833763
2.80903,-4.26874,-0.834606
2.79567,-4.30574,-0.83865
2.76441,-4.31534,-0.837133
2.73683,-4.33056,-0.836796
2.70029,-4.33138,-0.833595
2.68813,-4.37137,-0.838313
2.65921,-4.38441,-0.837639
2.63631,-4.40741,-0.838987
2.58918,-4.38955,-0.832247
2.5617,-4.4045,-0.832078
2.54689,-4.44151,-0.836291
2.52298,-4.46306,-0.83747
2.49171,-4.47157,-0.836122
2.47562,-4.50751,-0.840166
2.44932,-4.52521,-0.840671
2.41594,-4.52972,-0.83865
2.40049,-4.56802,-0.843199
2.37514,-4.58791,-0.84421
2.34022,-4.58923,-0.841682
2.30936,-4.59822,-0.840671
2.2693,-4.58845,-0.836122
2.23463,-4.58899,-0.833595
2.20515,-4.59995,-0.833089
2.19961,-4.66153,-0.842188
2.17636,-4.68656,-0.844378
2.14265,-4.68907,-0.842356
2.10615,-4.68505,-0.839155
2.07737,-4.69788,-0.839155
2.05165,-4.71777,-0.840503
2.01413,-4.71033,-0.836796
1.99857,-4.7544,-0.842693
1.97388,-4.77751,-0.844715
1.9449,-4.79044,-0.844884
1.91437,-4.79954,-0.844378
1.87661,-4.79009,-0.840503
1.85391,-4.81899,-0.843704
1.81908,-4.81644,-0.841177
1.78469,-4.81458,-0.838818
1.75478,-4.82451,-0.83865
1.73111,-4.8519,-0.841682
1.70815,-4.88196,-0.845221
1.68104,-4.90074,-0.846737
1.66226,-4.9446,-0.852803
1.63374,-4.96032,-0.853814
1.60902,-4.98808,-0.857015
1.56324,-4.94992,-0.848422
1.53546,-4.9679,-0.849938
1.51294,-5.00364,-0.854656
1.47745,-4.99676,-0.851792
1.43362,-4.96028,-0.843704
1.40316,-4.96898,-0.843704
1.3729,-4.97845,-0.843873
1.33977,-4.97726,-0.842188
1.30244,-4.95965,-0.837639
1.2825,-5.00861,-0.844884
1.25843,-5.04316,-0.849601
1.22584,-5.04408,-0.848422
0,0,0
1.16783,-5.07603,-0.851455
0,0,0
0,0,0
0,0,0
0,0,0
0,0,0
0,0,0
0,0,0
0,0,0
0,0,0
0,0,0
0,0,0
0,0,0
0,0,0
0,0,0
0,0,0
0,0,0
0,0,0
0,0,0
0,0,0
0,0,0
0,0,0
0,0,0
0,0,0
0,0,0
0,0,0
0,0,0
0,0,0
0,0,0
0,0,0
0,0,0
0,0,0
0,0,0
0,0,0
0,0,0
0,0,0
0,0,0
0,0,0
0,0,0
0,0,0
0,0,0
0,0,0
0,0,0
0,0,0
0,0,0
0,0,0
0,0,0
0,0,0
0,0,0
0,0,0
0,0,0
0,0,0
0,0,0
0,0,0
0,0,0
0,0,0
0,0,0
0,0,0
0,0,0
0,0,0
0,0,0
0,0,0
0,0,0
0,0,0
0,0,0
0,0,0
0,0,0
0,0,0
0,0,0
0,0,0
0,0,0
0,0,0
0,0,0
0,0,0
0,0,0
0,0,0
0,0,0
0,0,0
0,0,0
0,0,0
0,0,0
0,0,0
0,0,0
0,0,0
0,0,0
0,0,0
0,0,0
0,0,0
0,0,0
0,0,0
0,0,0
0,0,0
0,0,0
0,0,0
0,0,0
0,0,0
0,0,0
0,0,0
0,0,0
0,0,0
0,0,0
0,0,0
0,0,0
0,0,0
0,0,0
0,0,0
0,0,0
0,0,0
0,0,0
0,0,0
0,0,0
0,0,0
0,0,0
0,0,0
0,0,0
0,0,0
0,0,0
0,0,0
0,0,0
0,0,0
0,0,0
0,0,0
0,0,0
0,0,0
0,0,0
0,0,0
0,0,0
0,0,0
0,0,0
0,0,0
0,0,0
0,0,0
0,0,0
0,0,0
0,0,0
0,0,0
0,0,0
0,0,0
0,0,0
0,0,0
0,0,0
0,0,0
0,0,0
0,0,0
0,0,0
0,0,0
0,0,0
0,0,0
0,0,0
0,0,0
0,0,0
0,0,0
0,0,0
0,0,0
0,0,0
0,0,0
0,0,0
0,0,0
0,0,0
0,0,0
0,0,0
0,0,0
0,0,0
0,0,0
0,0,0
0,0,0
0,0,0
0,0,0
0,0,0
0,0,0
0,0,0
0,0,0
0,0,0
0,0,0
0,0,0
0,0,0
0,0,0
0,0,0
0,0,0
0,0,0
0,0,0
0,0,0
0,0,0
0,0,0
0,0,0
0,0,0
0,0,0
0,0,0
0,0,0
0,0,0
0,0,0
0,0,0
0,0,0
0,0,0
0,0,0
0,0,0
0,0,0
0,0,0
0,0,0
0,0,0
0,0,0
0,0,0
0,0,0
0,0,0
0,0,0
0,0,0
0,0,0
0,0,0
0,0,0
0,0,0
0,0,0
0,0,0
0,0,0
0,0,0
0,0,0
0,0,0
0,0,0
0,0,0
0,0,0
0,0,0
0,0,0
0,0,0
0,0,0
0,0,0
0,0,0
0,0,0
0,0,0
0,0,0
0,0,0
0,0,0
0,0,0
0,0,0
0,0,0
0,0,0
0,0,0
0,0,0
0,0,0
0,0,0
0,0,0
0,0,0
0,0,0
0,0,0
0,0,0
0,0,0
0,0,0
0,0,0
0,0,0
0,0,0
0,0,0
0,0,0
0,0,0
0,0,0
0,0,0
0,0,0
0,0,0
0,0,0
0,0,0
0,0,0
0,0,0
0,0,0
0,0,0
0,0,0
0,0,0
0,0,0
0,0,0
0,0,0
0,0,0
0,0,0
0,0,0
0,0,0
0,0,0
0,0,0
0,0,0
0,0,0
0,0,0
0,0,0
0,0,0
0,0,0
0,0,0
0,0,0
0,0,0
0,0,0
0,0,0
0,0,0
0,0,0
0,0,0
0,0,0
0,0,0
0,0,0
0,0,0
0,0,0
0,0,0
0,0,0
0,0,0
0,0,0
0,0,0
0,0,0
0,0,0
0,0,0
0,0,0
0,0,0
0,0,0
0,0,0
0,0,0
0,0,0
0,0,0
0,0,0
0,0,0
0,0,0
0,0,0
0,0,0
0,0,0
0,0,0
0,0,0
0,0,0
0,0,0
0,0,0
0,0,0
0,0,0
0,0,0
0,0,0
0,0,0
0,0,0
0,0,0
0,0,0
0,0,0
0,0,0
0,0,0
0,0,0
0,0,0
0,0,0
0,0,0
0,0,0
0,0,0
0,0,0
0,0,0
0,0,0
0,0,0
0,0,0
0,0,0
0,0,0
0,0,0
0,0,0
0,0,0
0,0,0
0,0,0
0,0,0
0,0,0
0,0,0
0,0,0
0,0,0
0,0,0
0,0,0
0,0,0
0,0,0
0,0,0
0,0,0
0,0,0
0,0,0
0,0,0
0,0,0
0,0,0
0,0,0
0,0,0
0,0,0
0,0,0
0,0,0
0,0,0
0,0,0
0,0,0
0,0,0
0,0,0
0,0,0
0,0,0
0,0,0
0,0,0
0,0,0
0,0,0
0,0,0
0,0,0
0,0,0
0,0,0
0,0,0
0,0,0
0,0,0
0,0,0
0,0,0
0,0,0
0,0,0
0,0,0
0,0,0
0,0,0
0,0,0
0,0,0
0,0,0
0,0,0
0,0,0
0,0,0
0,0,0
0,0,0
0,0,0
0,0,0
0,0,0
0,0,0
0,0,0
0,0,0
0,0,0
0,0,0
0,0,0
0,0,0
0,0,0
0,0,0
0,0,0
0,0,0
0,0,0
0,0,0
0,0,0
0,0,0
0,0,0
0,0,0
0,0,0
0,0,0
0,0,0
0,0,0
0,0,0
0,0,0
0,0,0
0,0,0
0,0,0
0,0,0
0,0,0
0,0,0
0,0,0
0,0,0
0,0,0
0,0,0
0,0,0
0,0,0
0,0,0
0,0,0
0,0,0
0,0,0
0,0,0
0,0,0
0,0,0
0,0,0
0,0,0
0,0,0
0,0,0
0,0,0
0,0,0
0,0,0
0,0,0
0,0,0
0,0,0
0,0,0
0,0,0
0,0,0
0,0,0
0,0,0
0,0,0
0,0,0
0,0,0
0,0,0
0,0,0
0,0,0
0,0,0
0,0,0
0,0,0
0,0,0
0,0,0
0,0,0
0,0,0
0,0,0
0,0,0
0,0,0
0,0,0
0,0,0
0,0,0
0,0,0
0,0,0
0,0,0
0,0,0
0,0,0
0,0,0
0,0,0
0,0,0
0,0,0
0,0,0
0,0,0
0,0,0
0,0,0
0,0,0
0,0,0
0,0,0
0,0,0
0,0,0
0,0,0
0,0,0
0,0,0
0,0,0
0,0,0
0,0,0
0,0,0
0,0,0
0,0,0
0,0,0
0,0,0
0,0,0
0,0,0
0,0,0
0,0,0
0,0,0
0,0,0
0,0,0
0,0,0
0,0,0
0,0,0
0,0,0
0,0,0
0,0,0
0,0,0
0,0,0
0,0,0
0,0,0
0,0,0
0,0,0
0,0,0
0,0,0
0,0,0
0,0,0
0,0,0
0,0,0
0,0,0
0,0,0
0,0,0
0,0,0
0,0,0
0,0,0
0,0,0
0,0,0
0,0,0
0,0,0
0,0,0
0,0,0
0,0,0
0,0,0
0,0,0
0,0,0
0,0,0
0,0,0
0,0,0
0,0,0
0,0,0
0,0,0
0,0,0
0,0,0
0,0,0
0,0,0
0,0,0
0,0,0
0,0,0
0,0,0
0,0,0
0,0,0
0,0,0
0,0,0
0,0,0
0,0,0
0,0,0
0,0,0
0,0,0
0,0,0
0,0,0
0,0,0
0,0,0
0,0,0
0,0,0
0,0,0
0,0,0
0,0,0
0,0,0
0,0,0
0,0,0
0,0,0
0,0,0
1.28831,3.81472,-0.697732
1.31939,3.82907,-0.702052
1.35591,3.85802,-0.709252
1.38719,3.87092,-0.713392
1.40788,3.85402,-0.711772
1.4363,3.85822,-0.714292
1.45855,3.84565,-0.713572
1.47893,3.82837,-0.711952
1.48367,3.77163,-0.702592
1.51336,3.77889,-0.705832
1.51275,3.71124,-0.694312
1.5257,3.67826,-0.689632
1.57884,3.74133,-0.704032
1.64407,3.8301,-0.723652
1.6821,3.85329,-0.730312
1.69374,3.81593,-0.724912
1.71995,3.81174,-0.726172
1.7347,3.78234,-0.722392
1.76203,3.78054,-0.724192
1.79446,3.78921,-0.728152
1.81725,3.77724,-0.727972
1.85335,3.79253,-0.733373
1.85865,3.74497,-0.725992
1.85104,3.67288,-0.713572
1.87444,3.66321,-0.713932
1.90641,3.66997,-0.717712
1.94266,3.6843,-0.723112
1.97776,3.69573,-0.727972
2.00087,3.68439,-0.728152
2.01869,3.66343,-0.726352
2.02673,3.62522,-0.720952
2.01884,3.55967,-0.709792
2.06419,3.58814,-0.718432
2.09609,3.5924,-0.722032
2.1221,3.58624,-0.723472
2.14153,3.56893,-0.722572
2.16441,3.55741,-0.722932
2.19136,3.55243,-0.724732
2.21469,3.54142,-0.725272
2.27061,3.58176,-0.736973
2.3101,3.59507,-0.742913
2.33533,3.58577,-0.743993
2.34374,3.55085,-0.739493
2.36767,3.53968,-0.740213
2.35457,3.47379,-0.728872
2.16197,3.14793,-0.659751
2.1509,3.09101,-0.650031
2.15622,3.05846,-0.645711
2.1698,3.03797,-0.64409
2.17052,2.99989,-0.63851
2.2139,3.02063,-0.646251
2.3919,3.2218,-0.695212
2.42167,3.22043,-0.698272
2.46583,3.23759,-0.705652
2.6617,3.45059,-0.758393
2.67253,3.42102,-0.755333
2.68309,3.39144,-0.752273
2.69955,3.36954,-0.751013
2.56088,3.15661,-0.704752
2.52774,3.07699,-0.689632
2.53085,3.04252,-0.685131
2.53743,3.01264,-0.681711
2.54437,2.98354,-0.678471
2.54977,2.95299,-0.674871
2.55878,2.92692,-0.672351
2.57148,2.90527,-0.670911
2.90505,3.24177,-0.757493
2.90704,3.20422,-0.752633
2.8754,3.13054,-0.738773
2.88451,3.10204,-0.736073
2.75851,2.9303,-0.697372
2.78254,2.91973,-0.698992
2.80929,2.9118,-0.701332
2.86078,2.92899,-0.710152
2.86418,2.89669,-0.706372
2.91809,2.91521,-0.715732
3.09627,3.05546,-0.756953
3.153,3.07348,-0.766673
3.17321,3.05544,-0.767033
3.20758,3.05082,-0.770993
3.15311,2.96239,-0.752633
3.16041,2.93295,-0.749933
3.17182,2.90752,-0.748313
3.20054,2.89791,-0.751013
3.22926,2.88805,-0.753713
3.26904,2.88772,-0.759113
3.30597,2.88442,-0.763793
3.34671,2.88398,-0.769373
3.38307,2.87933,-0.773873
3.41875,2.8737,-0.778194
3.45221,2.86587,-0.781974
3.48951,2.86084,-0.786654
3.52917,2.85733,-0.791874
3.56892,2.85343,-0.797094
3.61261,2.8522,-0.803214
3.66263,2.85538,-0.810774
3.70814,2.85445,-0.817254
3.74987,2.85009,-0.822835
3.79718,2.84946,-0.829675
3.83594,2.84192,-0.834535
3.88109,2.83865,-0.840835
3.92555,2.83436,-0.846955
3.9661,2.82677,-0.852175
4.00992,2.82106,-0.858115
4.0813,2.83399,-0.870176
4.10997,2.81668,-0.872696
4.0848,2.76275,-0.863335
4.10986,2.7431,-0.865136
4.13072,2.72053,-0.866036
4.14074,2.69085,-0.864596
4.15055,2.66114,-0.863155
4.16596,2.6351,-0.862975
4.21544,2.63032,-0.870176
4.22396,2.59976,-0.868556
4.23647,2.57175,-0.867836
4.25723,2.54874,-0.868916
4.23721,2.50157,-0.861355
4.25248,2.47552,-0.861355
4.28807,2.46114,-0.865676
4.30651,2.43672,-0.866396
4.29819,2.39731,-0.861535
4.31712,2.37326,-0.862436
4.30739,2.33361,-0.857395
4.31989,2.30621,-0.857035
4.3653,2.29614,-0.863515
4.34699,2.25257,-0.856855
4.34321,2.21691,-0.853255
4.37431,2.19906,-0.856855
4.37361,2.16519,-0.853975
4.45136,2.16977,-0.867116
4.3901,2.10668,-0.851995
4.4145,2.08516,-0.854335
4.50125,2.09245,-0.869276
4.48001,2.04924,-0.862436
4.47636,2.01445,-0.859195
4.47154,1.97938,-0.855775
4.50705,1.96211,-0.860455
4.52082,1.9352,-0.860815
4.52445,1.90399,-0.859195
4.49787,1.8604,-0.851635
4.5174,1.8361,-0.853255
4.58887,1.83242,-0.865136
4.55333,1.78592,-0.855955
4.55043,1.75264,-0.853255
4.6163,1.74556,-0.864056
4.56422,1.69393,-0.851815
4.56528,1.66253,-0.850015
4.62542,1.65235,-0.859735
4.64383,1.62686,-0.861355
4.58488,1.5747,-0.848035
4.63734,1.56097,-0.856315
4.60572,1.51893,-0.848395
4.60372,1.48702,-0.846235
4.62777,1.46349,-0.849115
4.63854,1.43565,-0.849475
4.64444,1.4063,-0.848935
4.64732,1.3761,-0.847855
4.66418,1.35002,-0.849475
4.64966,1.31496,-0.845155
4.64057,1.28169,-0.841915
4.67114,1.25933,-0.846235
4.71018,1.2389,-0.852175
4.70054,1.20558,-0.848935
4.68971,1.17219,-0.845515
4.73123,1.15176,-0.851995
4.76309,1.1286,-0.856675
4.73062,1.0903,-0.849295
4.72571,1.05868,-0.847135
4.76576,1.03698,-0.853435
4.75278,1.00365,-0.849835
4.76174,0.975063,-0.850375
4.7686,0.946018,-0.850555
4.77335,0.916555,-0.850375
4.79726,0.89066,-0.853795
4.761,0.853745,-0.846055
4.82721,0.835075,-0.857395
4.82642,0.80447,-0.856315
4.8099,0.771415,-0.852355
4.80482,0.74039,-0.850555
4.86182,0.718658,-0.860275
4.81354,0.681372,-0.850555
4.80496,0.65011,-0.848215
4.78349,0.617344,-0.843535
4.74716,0.583068,-0.836155
4.83077,0.563264,-0.850915
4.79698,0.529515,-0.844075
4.86471,0.506793,-0.855955
4.85892,0.476071,-0.854335
4.82355,0.442745,-0.847315
4.8546,0.415571,-0.852535
4.80508,0.381652,-0.842995
4.83578,0.354243,-0.848215
4.82805,0.323907,-0.846415
4.8486,0.295412,-0.849835
4.86506,0.266461,-0.852535
4.8332,0.234984,-0.846415
4.87681,0.207115,-0.854155
4.89077,0.17765,-0.856495
4.85342,0.146484,-0.849475
4.78834,0.115122,-0.837415
4.86567,0.0871064,-0.851455
4.83169,0.0568474,-0.845155
4.83293,0.0272051,-0.845335
4.79267,-0.00242591,-0.837955
4.81027,-0.0319522,-0.841195
4.83458,-0.0617832,-0.845695
4.85279,-0.0918014,-0.849115
4.83345,-0.121106,-0.845695
4.82869,-0.150638,-0.844975
4.8031,-0.179344,-0.840475
4.77144,-0.207485,-0.834895
4.78776,-0.237637,-0.838135
4.7705,-0.266132,-0.835255
4.84634,-0.300209,-0.849475
4.77669,-0.325322,-0.837055
4.81973,-0.357981,-0.845335
4.7694,-0.383678,-0.836515
4.77283,-0.413445,-0.837595
4.78196,-0.443815,-0.839755
4.79383,-0.474603,-0.842455
4.8055,-0.505553,-0.845155
4.77396,-0.531869,-0.839935
4.76376,-0.560347,-0.838675
4.77976,-0.591986,-0.842275
4.76238,-0.619525,-0.839755
4.65908,-0.635173,-0.821395
4.73008,-0.674447,-0.835255
4.73266,-0.704472,-0.836515
4.70589,-0.730027,-0.832375
4.6751,-0.754654,-0.827515
4.70822,-0.789674,-0.834535
4.67421,-0.813486,-0.829135
4.69914,-0.847567,-0.834715
4.71513,-0.880358,-0.838675
4.68163,-0.903863,-0.833455
4.69625,-0.936614,-0.837235
4.69523,-0.966403,-0.838135
4.6921,-0.995807,-0.838675
4.68014,-1.02332,-0.837595
4.68912,-1.05547,-0.840475
4.67777,-1.08311,-0.839575
4.66816,-1.11111,-0.839035
4.6517,-1.1374,-0.837235
4.6351,-1.16352,-0.835435
4.6374,-1.1944,-0.837235
4.62808,-1.22233,-0.836875
4.61764,-1.24993,-0.836335
4.61557,-1.27982,-0.837415
4.6152,-1.31026,-0.838855
4.62597,-1.34405,-0.842455
4.60538,-1.36876,-0.840115
4.59124,-1.39528,-0.839035
4.56663,-1.41846,-0.835975
4.55784,-1.44645,-0.835975
4.56291,-1.47894,-0.838675
4.51546,-1.49424,-0.831295
4.52671,-1.52884,-0.835255
4.52097,-1.55787,-0.835975
4.53081,-1.59244,-0.839755
4.47929,-1.60527,-0.831655
4.48691,-1.63914,-0.835075
4.47123,-1.66458,-0.833995
4.46094,-1.69198,-0.833995
4.47708,-1.7296,-0.839215
4.44807,-1.74984,-0.835615
4.40986,-1.76613,-0.830215
4.44539,-1.81209,-0.839395
4.38331,-1.81822,-0.829315
4.36573,-1.84241,-0.828055
4.36248,-1.87265,-0.829675
4.42392,-1.93127,-0.844255
4.35176,-1.93163,-0.832195
4.31382,-1.94656,-0.826975
4.32415,-1.98325,-0.831475
4.31101,-2.00933,-0.831295
4.31993,-2.04585,-0.835615
4.30375,-2.07061,-0.834895
4.27064,-2.08705,-0.830755
4.27537,-2.12196,-0.834355
4.26491,-2.14948,-0.834895
4.25251,-2.17606,-0.835075
4.2513,-2.20846,-0.837595
4.2455,-2.23863,-0.839215
4.22128,-2.25907,-0.837055
4.20475,-2.28352,-0.836515
4.17256,-2.2993,-0.832735
4.1352,-2.3119,-0.827875
4.13805,-2.34694,-0.831475
4.12271,-2.37179,-0.831295
4.13527,-2.41291,-0.837055
4.09245,-2.42171,-0.831115
4.04547,-2.42754,-0.824275
4.02041,-2.44618,-0.822115
3.99528,-2.4646,-0.819955
4.00093,-2.50211,-0.824455
3.99547,-2.53293,-0.826615
3.95007,-2.53825,-0.820135
3.93854,-2.56513,-0.821035
3.97198,-2.62176,-0.831835
3.95255,-2.6439,-0.831115
3.90938,-2.64989,-0.825175
3.93034,-2.69944,-0.833455
3.91855,-2.72688,-0.834535
3.89129,-2.7435,-0.832195
3.9016,-2.78677,-0.838315
3.8414,-2.77952,-0.828595
3.8441,-2.81757,-0.833095
3.84886,-2.85753,-0.838135
3.81395,-2.86808,-0.834175
3.79941,-2.89381,-0.834895
3.79327,-2.92608,-0.837595
3.75587,-2.93416,-0.833095
3.75785,-2.97302,-0.837775
3.74107,-2.99726,-0.838135
3.71497,-3.01396,-0.836335
3.69565,-3.03607,-0.836155
3.67468,-3.0568,-0.835615
3.58138,-3.01655,-0.817794
3.57328,-3.0474,-0.820315
3.59248,-3.10206,-0.829495
3.52451,-3.08131,-0.817614
3.57845,-3.16743,-0.835435
3.53697,-3.16963,-0.830035
3.516,-3.18995,-0.829675
3.46811,-3.18551,-0.822655
3.46794,-3.22482,-0.827515
3.45669,-3.25413,-0.829675
3.45374,-3.29157,-0.833995
3.38818,-3.26898,-0.822475
3.40253,-3.32339,-0.831295
3.38208,-3.34421,-0.831295
3.37609,-3.37951,-0.835075
3.3394,-3.38406,-0.830935
3.33643,-3.4228,-0.835615
3.3099,-3.43754,-0.834175
3.27655,-3.44495,-0.830935
3.25333,-3.46284,-0.830395
3.2454,-3.49716,-0.833995
3.21591,-3.5083,-0.831835
3.19498,-3.5287,-0.832015
3.16671,-3.54091,-0.830215
3.17162,-3.5905,-0.837595
3.12302,-3.5795,-0.830215
3.12347,-3.62468,-0.836515
3.05591,-3.59058,-0.823735
3.08065,-3.66499,-0.837055
3.05245,-3.67701,-0.835435
3.04792,-3.71774,-0.840655
2.98977,-3.69279,-0.830395
2.9732,-3.71875,-0.832195
2.95642,-3.74464,-0.833995
2.91827,-3.74331,-0.829495
2.94504,-3.82585,-0.844435
2.87985,-3.78903,-0.831835
2.87367,-3.82944,-0.837055
2.86768,-3.87072,-0.842455
2.82704,-3.86521,-0.837235
2.7929,-3.86813,-0.833995
2.74172,-3.84674,-0.825355
2.72825,-3.87798,-0.828595
2.73133,-3.93343,-0.837235
2.69825,-3.93713,-0.834355
2.69222,-3.9805,-0.840295
2.6743,-4.00676,-0.842455
2.63235,-3.99681,-0.836695
2.60939,-4.01536,-0.837235
2.60328,-4.06028,-0.843535
2.55834,-4.04458,-0.836695
2.53139,-4.05687,-0.835975
2.51573,-4.0874,-0.839215
2.49673,-4.11285,-0.841375
2.4573,-4.10446,-0.836335
2.43257,-4.12031,-0.836515
2.40675,-4.13431,-0.836335
2.38378,-4.15326,-0.837235
2.3631,-4.17637,-0.839035
2.34461,-4.20368,-0.841735
2.33062,-4.23954,-0.846235
2.30971,-4.26328,-0.848215
2.28305,-4.2765,-0.848035
2.25585,-4.28869,-0.847675
2.21094,-4.26664,-0.840295
2.20484,-4.31955,-0.848395
2.16416,-4.30487,-0.842635
2.14643,-4.3357,-0.846235
2.12367,-4.35675,-0.847855
2.07604,-4.32624,-0.839035
2.05534,-4.35135,-0.841555
2.03814,-4.3844,-0.845695
2.00874,-4.39145,-0.844615
1.96561,-4.36781,-0.837415
1.95948,-4.42657,-0.846775
1.92207,-4.41506,-0.842095
1.89572,-4.42858,-0.842455
1.85898,-4.41746,-0.837955
1.83221,-4.42969,-0.838135
1.8124,-4.45907,-0.841735
1.78756,-4.47651,-0.842995
1.76832,-4.50845,-0.847135
1.73461,-4.50361,-0.844075
1.70382,-4.50589,-0.842455
1.68572,-4.54208,-0.847495
1.65041,-4.53201,-0.843535
1.62985,-4.56243,-0.847495
1.6054,-4.58255,-0.849475
1.57438,-4.58394,-0.847855
1.54748,-4.59725,-0.848575
1.52047,-4.61039,-0.849295
1.49186,-4.6187,-0.849115
1.46171,-4.62214,-0.848035
1.41936,-4.58592,-0.839395
1.39091,-4.5936,-0.839215
1.36326,-4.60393,-0.839575
1.33553,-4.6141,-0.839935
1.30773,-4.6241,-0.840295
1.28247,-4.64341,-0.842455
1.25268,-4.64645,-0.841555
1.2269,-4.66451,-0.843535
1.19679,-4.66623,-0.842455
0,0,0
1.14711,-4.71211,-0.848395
1.12362,-4.74203,-0.852715
1.09516,-4.75171,-0.853255
0,0,0
0,0,0
0,0,0
0,0,0
0,0,0
0,0,0
0,0,0
0,0,0
0,0,0
0,0,0
0,0,0
0,0,0
0,0,0
0,0,0
0,0,0
0,0,0
0,0,0
0,0,0
0,0,0
0,0,0
0,0,0
0,0,0
0,0,0
0,0,0
0,0,0
0,0,0
0,0,0
0,0,0
0,0,0
0,0,0
0,0,0
0,0,0
0,0,0
0,0,0
0,0,0
0,0,0
0,0,0
0,0,0
0,0,0
0,0,0
0,0,0
0,0,0
0,0,0
0,0,0
0,0,0
0,0,0
0,0,0
0,0,0
0,0,0
0,0,0
0,0,0
0,0,0
0,0,0
0,0,0
0,0,0
0,0,0
0,0,0
0,0,0
0,0,0
0,0,0
0,0,0
0,0,0
0,0,0
0,0,0
0,0,0
0,0,0
0,0,0
0,0,0
0,0,0
0,0,0
0,0,0
0,0,0
0,0,0
0,0,0
0,0,0
0,0,0
0,0,0
0,0,0
0,0,0
0,0,0
0,0,0
0,0,0
0,0,0
0,0,0
0,0,0
0,0,0
0,0,0
0,0,0
0,0,0
0,0,0
0,0,0
0,0,0
0,0,0
0,0,0
0,0,0
0,0,0
0,0,0
0,0,0
0,0,0
0,0,0
0,0,0
0,0,0
0,0,0
0,0,0
0,0,0
0,0,0
0,0,0
0,0,0
0,0,0
0,0,0
0,0,0
0,0,0
0,0,0
0,0,0
0,0,0
0,0,0
0,0,0
0,0,0
0,0,0
0,0,0
0,0,0
0,0,0
0,0,0
0,0,0
0,0,0
0,0,0
0,0,0
0,0,0
0,0,0
0,0,0
0,0,0
0,0,0
0,0,0
0,0,0
0,0,0
0,0,0
0,0,0
0,0,0
0,0,0
0,0,0
0,0,0
0,0,0
0,0,0
0,0,0
0,0,0
0,0,0
0,0,0
0,0,0
0,0,0
0,0,0
0,0,0
0,0,0
0,0,0
0,0,0
0,0,0
0,0,0
0,0,0
0,0,0
0,0,0
0,0,0
0,0,0
0,0,0
0,0,0
0,0,0
0,0,0
0,0,0
0,0,0
0,0,0
0,0,0
0,0,0
0,0,0
0,0,0
0,0,0
0,0,0
0,0,0
0,0,0
0,0,0
0,0,0
0,0,0
0,0,0
0,0,0
0,0,0
0,0,0
0,0,0
0,0,0
0,0,0
0,0,0
0,0,0
0,0,0
0,0,0
0,0,0
0,0,0
0,0,0
0,0,0
0,0,0
0,0,0
0,0,0
0,0,0
0,0,0
0,0,0
0,0,0
0,0,0
0,0,0
0,0,0
0,0,0
0,0,0
0,0,0
0,0,0
0,0,0
0,0,0
0,0,0
0,0,0
0,0,0
0,0,0
0,0,0
0,0,0
0,0,0
0,0,0
0,0,0
0,0,0
0,0,0
0,0,0
0,0,0
0,0,0
0,0,0
0,0,0
0,0,0
0,0,0
0,0,0
0,0,0
0,0,0
0,0,0
0,0,0
0,0,0
0,0,0
0,0,0
0,0,0
0,0,0
0,0,0
0,0,0
0,0,0
0,0,0
0,0,0
0,0,0
0,0,0
0,0,0
0,0,0
0,0,0
0,0,0
0,0,0
0,0,0
0,0,0
0,0,0
0,0,0
0,0,0
0,0,0
0,0,0
0,0,0
0,0,0
0,0,0
0,0,0
0,0,0
0,0,0
0,0,0
0,0,0
0,0,0
0,0,0
0,0,0
0,0,0
0,0,0
0,0,0
0,0,0
0,0,0
0,0,0
0,0,0
0,0,0
0,0,0
0,0,0
0,0,0
0,0,0
0,0,0
0,0,0
0,0,0
0,0,0
0,0,0
0,0,0
0,0,0
0,0,0
0,0,0
0,0,0
0,0,0
0,0,0
0,0,0
0,0,0
0,0,0
0,0,0
0,0,0
0,0,0
0,0,0
0,0,0
0,0,0
0,0,0
0,0,0
0,0,0
0,0,0
0,0,0
0,0,0
0,0,0
0,0,0
0,0,0
0,0,0
0,0,0
0,0,0
0,0,0
0,0,0
0,0,0
0,0,0
0,0,0
0,0,0
0,0,0
0,0,0
0,0,0
0,0,0
0,0,0
0,0,0
0,0,0
0,0,0
0,0,0
0,0,0
0,0,0
0,0,0
0,0,0
0,0,0
0,0,0
0,0,0
0,0,0
0,0,0
0,0,0
0,0,0
0,0,0
0,0,0
0,0,0
0,0,0
0,0,0
0,0,0
0,0,0
0,0,0
0,0,0
0,0,0
0,0,0
0,0,0
0,0,0
0,0,0
0,0,0
0,0,0
0,0,0
0,0,0
0,0,0
0,0,0
0,0,0
0,0,0
0,0,0
0,0,0
0,0,0
0,0,0
0,0,0
0,0,0
0,0,0
0,0,0
0,0,0
0,0,0
0,0,0
0,0,0
0,0,0
0,0,0
0,0,0
0,0,0
0,0,0
0,0,0
0,0,0
0,0,0
0,0,0
0,0,0
0,0,0
0,0,0
0,0,0
0,0,0
0,0,0
0,0,0
0,0,0
0,0,0
0,0,0
0,0,0
0,0,0
0,0,0
0,0,0
0,0,0
0,0,0
0,0,0
0,0,0
0,0,0
0,0,0
0,0,0
0,0,0
0,0,0
0,0,0
0,0,0
0,0,0
0,0,0
0,0,0
0,0,0
0,0,0
0,0,0
0,0,0
0,0,0
0,0,0
0,0,0
0,0,0
0,0,0
0,0,0
0,0,0
0,0,0
0,0,0
0,0,0
0,0,0
0,0,0
0,0,0
0,0,0
0,0,0
0,0,0
0,0,0
0,0,0
0,0,0
0,0,0
0,0,0
0,0,0
0,0,0
0,0,0
0,0,0
0,0,0
0,0,0
0,0,0
0,0,0
0,0,0
0,0,0
0,0,0
0,0,0
0,0,0
0,0,0
0,0,0
0,0,0
0,0,0
0,0,0
0,0,0
0,0,0
0,0,0
0,0,0
0,0,0
0,0,0
0,0,0
0,0,0
0,0,0
0,0,0
0,0,0
0,0,0
0,0,0
0,0,0
0,0,0
0,0,0
0,0,0
0,0,0
0,0,0
0,0,0
0,0,0
0,0,0
0,0,0
0,0,0
0,0,0
0,0,0
0,0,0
0,0,0
0,0,0
0,0,0
0,0,0
0,0,0
0,0,0
0,0,0
0,0,0
0,0,0
0,0,0
0,0,0
0,0,0
0,0,0
0,0,0
0,0,0
0,0,0
0,0,0
0,0,0
0,0,0
0,0,0
0,0,0
0,0,0
0,0,0
0,0,0
0,0,0
0,0,0
0,0,0
0,0,0
0,0,0
0,0,0
0,0,0
0,0,0
0,0,0
0,0,0
0,0,0
0,0,0
0,0,0
0,0,0
0,0,0
0,0,0
0,0,0
0,0,0
0,0,0
0,0,0
0,0,0
0,0,0
0,0,0
0,0,0
0,0,0
0,0,0
0,0,0
0,0,0
0,0,0
0,0,0
0,0,0
0,0,0
0,0,0
0,0,0
0,0,0
0,0,0
0,0,0
0,0,0
0,0,0
0,0,0
0,0,0
0,0,0
0,0,0
0,0,0
0,0,0
0,0,0
0,0,0
0,0,0
0,0,0
0,0,0
0,0,0
0,0,0
0,0,0
0,0,0
0,0,0
0,0,0
0,0,0
0,0,0
0,0,0
0,0,0
0,0,0
0,0,0
0,0,0
0,0,0
0,0,0
0,0,0
0,0,0
0,0,0
0,0,0
0,0,0
0,0,0
0,0,0
0,0,0
0,0,0
0,0,0
0,0,0
0,0,0
0,0,0
0,0,0
0,0,0
0,0,0
0,0,0
0,0,0
0,0,0
0,0,0
0,0,0
0,0,0
0,0,0
0,0,0
0,0,0
0,0,0
0,0,0
0,0,0
0,0,0
0,0,0
0,0,0
0,0,0
0,0,0
0,0,0
0,0,0
0,0,0
0,0,0
0,0,0
0,0,0
0,0,0
0,0,0
0,0,0
0,0,0
1.16328,3.82153,-0.741564
1.18525,3.80963,-0.740605
1.20622,3.79481,-0.73907
1.22888,3.78547,-0.738686
1.25578,3.78904,-0.740988
1.2765,3.77382,-0.739454
1.29835,3.76221,-0.738686
1.31653,3.74028,-0.735809
1.34144,3.73768,-0.73696
1.36435,3.72937,-0.73696
1.38001,3.70162,-0.732931
1.40618,3.70226,-0.73485
1.42285,3.678,-0.731588
1.44396,3.66554,-0.730821
1.46168,3.64477,-0.728327
1.47994,3.62574,-0.726217
1.50441,3.62203,-0.727368
1.53272,3.6272,-0.730437
1.55998,3.62945,-0.732931
1.58065,3.61621,-0.732164
1.60719,3.61631,-0.734274
1.61602,3.57686,-0.727943
1.62648,3.5419,-0.722572
1.65564,3.54786,-0.726025
1.67402,3.53054,-0.72449
1.70119,3.5317,-0.726984
1.72412,3.52384,-0.72756
1.74527,3.51232,-0.727368
1.7637,3.49541,-0.726025
1.81999,3.55266,-0.740988
1.85217,3.56146,-0.745401
1.86849,3.53961,-0.743098
1.88878,3.52548,-0.742523
1.90241,3.49917,-0.739262
1.91532,3.47196,-0.735809
1.94234,3.47042,-0.738111
1.95681,3.44648,-0.735425
1.98233,3.44207,-0.737152
2.01182,3.44425,-0.740413
2.03792,3.44029,-0.742331
2.06606,3.4395,-0.745017
2.09784,3.44436,-0.749045
2.12203,3.43643,-0.750196
2.14099,3.42002,-0.749429
2.16194,3.40682,-0.749429
2.19395,3.41083,-0.753458
2.21805,3.40223,-0.754609
2.23185,3.37791,-0.752115
2.24872,3.35845,-0.750772
2.25881,3.32915,-0.747127
2.24585,3.2667,-0.735617
2.21988,3.18681,-0.719886
2.14266,3.03598,-0.687082
2.15269,3.0108,-0.684205
2.16019,2.98243,-0.68056
2.17903,2.96991,-0.680752
2.24754,3.02424,-0.697249
2.31561,3.07627,-0.713364
2.38916,3.13383,-0.731013
2.42334,3.13853,-0.735809
2.4492,3.13211,-0.737919
2.49943,3.15627,-0.747703
2.53532,3.16155,-0.752882
2.55096,3.14136,-0.751731
2.53342,3.08092,-0.740413
2.5278,3.03589,-0.732931
2.52614,2.99631,-0.726792
2.52792,2.96134,-0.721805
2.53706,2.93538,-0.719119
2.54533,2.90867,-0.716241
2.5807,2.91284,-0.721421
2.60835,2.90791,-0.724298
2.63801,2.90493,-0.727752
2.64915,2.88146,-0.725833
2.72694,2.92983,-0.743098
2.73948,2.90733,-0.741564
2.76066,2.89401,-0.742523
2.80699,2.90668,-0.75058
2.82477,2.8894,-0.75058
2.85901,2.88876,-0.755184
2.89543,2.88989,-0.760364
2.92988,2.88861,-0.764968
2.9616,2.88428,-0.768805
2.99268,2.87898,-0.77245
3.0238,2.87341,-0.776094
3.06427,2.8763,-0.782233
3.09913,2.87347,-0.786837
3.13551,2.87164,-0.791825
3.17054,2.86815,-0.796429
3.2049,2.86369,-0.800841
3.24228,2.86151,-0.806021
3.27901,2.85833,-0.811009
3.31433,2.85353,-0.815613
3.34373,2.84332,-0.818682
3.37915,2.8379,-0.823286
3.41991,2.83654,-0.829233
3.47293,2.84474,-0.83825
3.52083,2.84808,-0.845923
3.56048,2.84419,-0.851486
3.60405,2.84296,-0.858009
3.63614,2.83226,-0.861654
3.67523,2.82665,-0.867025
3.69954,2.80939,-0.868752
3.73319,2.799,-0.87278
3.74951,2.77546,-0.872588
3.76488,2.75124,-0.872205
3.76259,2.71431,-0.867601
3.78397,2.69458,-0.868752
3.81087,2.67866,-0.871246
3.86029,2.67817,-0.879111
3.87422,2.65277,-0.878535
3.87254,2.61685,-0.874315
3.89669,2.59849,-0.876233
3.91174,2.57399,-0.876041
3.92334,2.54727,-0.875082
3.92237,2.51255,-0.871246
3.94684,2.49421,-0.873356
3.94958,2.46215,-0.870478
3.97297,2.44301,-0.872397
4.00047,2.42623,-0.875274
4.00855,2.3976,-0.873739
4.03417,2.37945,-0.876233
4.02579,2.34132,-0.871054
4.02987,2.31072,-0.868752
4.04397,2.28595,-0.868752
4.0502,2.25679,-0.867025
4.06656,2.23331,-0.867601
4.07673,2.20645,-0.866833
4.08586,2.17908,-0.865874
4.10958,2.15945,-0.868176
4.12624,2.136,-0.868943
4.14364,2.11287,-0.869903
4.15302,2.08564,-0.869135
4.16926,2.06186,-0.869903
4.18977,2.04011,-0.871629
4.18716,2.00715,-0.868368
4.19496,1.97933,-0.867409
4.22127,1.96017,-0.870478
4.21626,1.92647,-0.866833
4.23695,1.90459,-0.868752
4.23779,1.87379,-0.86645
4.24561,1.84619,-0.865682
4.2758,1.82821,-0.869711
4.27247,1.79585,-0.866641
4.28522,1.77035,-0.867025
4.29782,1.74477,-0.867409
4.32485,1.72491,-0.870862
4.30246,1.68545,-0.863956
4.32188,1.66254,-0.865874
4.36597,1.64883,-0.872972
4.35392,1.61382,-0.868368
4.33515,1.57667,-0.862421
4.36507,1.5573,-0.866641
4.36899,1.52854,-0.86549
4.37365,1.50011,-0.864531
4.37812,1.47168,-0.863572
4.37681,1.44141,-0.861462
4.38837,1.41543,-0.862037
4.39043,1.38641,-0.860694
4.40541,1.36147,-0.862037
4.42684,1.33839,-0.864723
4.4152,1.30536,-0.860694
4.41747,1.27661,-0.859543
4.42805,1.25028,-0.860119
4.43848,1.22387,-0.860694
4.4478,1.19712,-0.861078
4.45127,1.16881,-0.860311
4.47452,1.14562,-0.863572
4.46242,1.11338,-0.859735
4.4768,1.08784,-0.86127
4.47957,1.05944,-0.860503
4.48503,1.03172,-0.860311
4.50181,1.00654,-0.862421
4.50598,0.978478,-0.862037
4.5023,0.948785,-0.860119
4.51476,0.922519,-0.861462
4.51841,0.894417,-0.861078
4.51321,0.864642,-0.858968
4.53001,0.839081,-0.86127
4.52638,0.809712,-0.859543
4.52353,0.780587,-0.858009
4.53404,0.753783,-0.85916
4.53761,0.725793,-0.858968
4.53519,0.696892,-0.857625
4.54909,0.670485,-0.859543
4.53077,0.6394,-0.855131
4.53072,0.611062,-0.854364
4.53925,0.583878,-0.855323
4.53787,0.555417,-0.854364
4.53827,0.527222,-0.853788
4.54435,0.499689,-0.854364
4.55514,0.472608,-0.855899
4.55893,0.444745,-0.85609
4.56255,0.416853,-0.856282
4.57284,0.389518,-0.857817
4.55167,0.359591,-0.853213
4.55085,0.331441,-0.852637
4.57728,0.30515,-0.857433
4.55458,0.27557,-0.852637
4.55912,0.247779,-0.853213
4.54977,0.219278,-0.851103
4.58339,0.192726,-0.857433
4.54624,0.163216,-0.849952
4.55794,0.135642,-0.852062
4.57046,0.107953,-0.854364
4.54455,0.0794376,-0.849184
4.55378,0.0516537,-0.850911
4.55009,0.0236898,-0.850143
4.55113,-0.0042301,-0.850335
4.55494,-0.0321819,-0.851103
4.55368,-0.0601172,-0.850911
4.54537,-0.0879071,-0.849376
4.54376,-0.115771,-0.849184
4.54591,-0.143741,-0.84976
4.53612,-0.1713,-0.848033
4.52518,-0.198702,-0.846115
4.52975,-0.226757,-0.847266
4.56453,-0.256576,-0.854364
4.52173,-0.282023,-0.846307
4.50915,-0.309027,-0.844196
4.5424,-0.339312,-0.851103
4.49327,-0.363391,-0.841895
4.52811,-0.39418,-0.849184
4.50411,-0.419957,-0.844964
4.5034,-0.44778,-0.845348
4.51326,-0.476741,-0.847841
4.51123,-0.504533,-0.848033
4.52754,-0.534501,-0.85187
4.48327,-0.557198,-0.843813
4.4749,-0.584062,-0.842854
4.47998,-0.612703,-0.84458
4.46059,-0.637961,-0.841511
4.46145,-0.666042,-0.84247
4.46794,-0.695061,-0.84458
4.48103,-0.725281,-0.848033
4.47553,-0.7526,-0.847841
4.45923,-0.778026,-0.845539
4.45534,-0.805547,-0.845731
4.45224,-0.83323,-0.846115
4.44801,-0.860719,-0.846307
4.42532,-0.884537,-0.842854
4.42077,-0.911871,-0.843045
4.42469,-0.941019,-0.844964
4.415,-0.967311,-0.844196
4.41664,-0.996108,-0.845731
4.41044,-1.02319,-0.845731
4.40408,-1.05023,-0.845731
4.39755,-1.07724,-0.845731
4.39372,-1.10492,-0.846307
4.38971,-1.13259,-0.846882
4.36939,-1.15599,-0.844196
4.34706,-1.17867,-0.841127
4.36244,-1.21162,-0.845731
4.32943,-1.23113,-0.840552
4.33876,-1.2626,-0.844005
4.32717,-1.28808,-0.843237
4.31074,-1.31204,-0.841511
4.30729,-1.33992,-0.84247
4.2887,-1.36305,-0.84036
4.28399,-1.39055,-0.841127
4.25488,-1.41003,-0.836907
4.29449,-1.45245,-0.846882
4.25024,-1.46661,-0.839592
4.23931,-1.49201,-0.839209
4.24763,-1.52429,-0.842854
4.24649,-1.55336,-0.84458
4.21849,-1.57253,-0.840743
4.20784,-1.59804,-0.840552
4.21077,-1.62878,-0.843237
4.19431,-1.65207,-0.841895
4.19685,-1.68289,-0.84458
4.17917,-1.70564,-0.843045
4.18222,-1.7369,-0.845923
4.17601,-1.76443,-0.846882
4.15789,-1.78693,-0.845348
4.14235,-1.81044,-0.844388
4.13385,-1.83702,-0.844964
4.12072,-1.86154,-0.84458
4.0994,-1.88229,-0.84247
4.08511,-1.90616,-0.841895
4.05737,-1.92363,-0.838441
4.05257,-1.95189,-0.839976
4.00613,-1.95991,-0.832494
4.02391,-1.99929,-0.839017
4.02472,-2.03057,-0.841895
4.01917,-2.05881,-0.843429
4.04042,-2.10108,-0.850911
4.03787,-2.13133,-0.853213
4.01607,-2.15143,-0.851294
3.99589,-2.17229,-0.84976
3.96444,-2.18681,-0.845731
3.93381,-2.20152,-0.841895
3.93645,-2.23481,-0.845539
3.92777,-2.26186,-0.84669
3.91212,-2.28493,-0.846307
3.89803,-2.30889,-0.846307
3.85854,-2.31761,-0.840552
3.8694,-2.35655,-0.846307
3.82146,-2.35963,-0.838633
3.81024,-2.38512,-0.839401
3.80133,-2.41213,-0.840743
3.78398,-2.43382,-0.840168
3.76651,-2.45539,-0.839592
3.7612,-2.48494,-0.841895
3.73936,-2.50361,-0.84036
3.7158,-2.52099,-0.838441
3.69379,-2.5393,-0.836907
3.68217,-2.56472,-0.837866
3.67037,-2.59009,-0.838825
3.64563,-2.60629,-0.836715
3.64626,-2.6407,-0.840743
3.62287,-2.6578,-0.839017
3.59467,-2.6712,-0.836139
3.59861,-2.70854,-0.841127
3.58426,-2.73236,-0.841703
3.56199,-2.7501,-0.84036
3.56206,-2.7852,-0.84458
3.55491,-2.81492,-0.847074
3.54063,-2.83914,-0.847841
3.52696,-2.8639,-0.848801
3.51008,-2.88611,-0.848992
3.47948,-2.89692,-0.845731
3.45863,-2.91569,-0.844964
3.43769,-2.93431,-0.844196
3.41962,-2.95535,-0.844196
3.39034,-2.96658,-0.841319
3.39118,-3.00424,-0.846307
3.35953,-3.0132,-0.842854
3.34752,-3.0397,-0.84458
3.31941,-3.05155,-0.842086
3.29128,-3.06317,-0.839592
3.27028,-3.08129,-0.839017
3.25984,-3.10942,-0.841319
3.2294,-3.11846,-0.83825
3.22214,-3.14988,-0.841511
3.20833,-3.17511,-0.843045
3.19087,-3.19682,-0.843621
3.17809,-3.22332,-0.845539
3.15619,-3.24065,-0.844964
3.13693,-3.26067,-0.845156
3.10401,-3.26634,-0.841511
3.0772,-3.27817,-0.839592
3.06103,-3.30131,-0.840743
3.04602,-3.32581,-0.842278
3.03741,-3.35754,-0.845731
3.02395,-3.38416,-0.847841
2.99988,-3.39897,-0.846882
2.98283,-3.42176,-0.848033
2.95666,-3.43404,-0.846499
2.93108,-3.44689,-0.845156
2.89788,-3.45053,-0.841511
2.8942,-3.4894,-0.846882
2.8547,-3.48507,-0.841319
2.84931,-3.52236,-0.846307
2.81049,-3.51831,-0.840935
2.80587,-3.55706,-0.846307
2.77374,-3.56105,-0.843045
2.74764,-3.57256,-0.841703
2.73458,-3.60107,-0.84458
2.70536,-3.60836,-0.842278
2.70245,-3.65092,-0.848609
2.65451,-3.63257,-0.840168
2.63332,-3.65039,-0.840552
2.63251,-3.69685,-0.847841
2.58832,-3.68243,-0.840552
2.56792,-3.70146,-0.841319
2.5496,-3.72363,-0.842854
2.53165,-3.74652,-0.84458
2.51406,-3.77015,-0.846499
2.49034,-3.78468,-0.846307
2.46707,-3.79989,-0.846307
2.44265,-3.8133,-0.845923
2.42497,-3.83734,-0.848033
2.39982,-3.84965,-0.847458
2.37873,-3.86848,-0.848417
2.35393,-3.88133,-0.848033
2.32604,-3.88896,-0.846499
2.30762,-3.91246,-0.848609
2.27765,-3.91637,-0.846307
2.25943,-3.94048,-0.848609
2.24198,-3.96623,-0.851294
2.20326,-3.9542,-0.845539
2.20353,-4.01237,-0.855515
2.16392,-3.9982,-0.849376
2.15737,-4.04517,-0.856858
2.1325,-4.05833,-0.856858
2.09357,-4.04432,-0.850911
2.0705,-4.06059,-0.851678
2.04378,-4.06971,-0.850911
2.01616,-4.0769,-0.84976
1.9924,-4.09184,-0.850335
1.9698,-4.10929,-0.851486
1.94329,-4.11864,-0.850911
1.90806,-4.10913,-0.846307
1.88199,-4.11897,-0.845923
1.86312,-4.14476,-0.848992
1.84203,-4.16599,-0.851103
1.81212,-4.16731,-0.848992
1.78497,-4.17474,-0.848225
1.75856,-4.18381,-0.847841
1.74223,-4.21719,-0.852637
1.70857,-4.20871,-0.848609
1.68926,-4.23552,-0.852062
1.65464,-4.22388,-0.847458
1.63046,-4.23853,-0.848417
1.59921,-4.23468,-0.845539
1.57491,-4.24902,-0.846499
1.55048,-4.26321,-0.847458
1.52859,-4.28466,-0.849952
1.50551,-4.30322,-0.85187
1.48035,-4.31609,-0.852637
1.4504,-4.31486,-0.850527
1.42543,-4.32834,-0.851486
1.40066,-4.34261,-0.852637
1.37398,-4.35112,-0.852637
1.34813,-4.36228,-0.853213
1.32134,-4.37047,-0.853213
1.29394,-4.37662,-0.852829
1.26842,-4.38919,-0.853788
1.24387,-4.40539,-0.855515
1.21603,-4.4101,-0.854939
1.18972,-4.42032,-0.855515
1.16307,-4.42944,-0.855899
1.13879,-4.4479,-0.858201
0,0,0
0,0,0
0,0,0
0,0,0
0,0,0
0,0,0
0,0,0
0,0,0
0,0,0
0,0,0
0,0,0
0,0,0
0,0,0
0,0,0
0,0,0
0,0,0
0,0,0
0,0,0
0,0,0
0,0,0
0,0,0
0,0,0
0,0,0
0,0,0
0,0,0
0,0,0
0,0,0
0,0,0
0,0,0
0,0,0
0,0,0
0,0,0
0,0,0
0,0,0
0,0,0
0,0,0
0,0,0
0,0,0
0,0,0
0,0,0
0,0,0
0,0,0
0,0,0
0,0,0
0,0,0
0,0,0
0,0,0
0,0,0
0,0,0
0,0,0
0,0,0
0,0,0
0,0,0
0,0,0
0,0,0
0,0,0
0,0,0
0,0,0
0,0,0
0,0,0
0,0,0
0,0,0
0,0,0
0,0,0
0,0,0
0,0,0
0,0,0
0,0,0
0,0,0
0,0,0
0,0,0
0,0,0
0,0,0
0,0,0
0,0,0
0,0,0
0,0,0
0,0,0
0,0,0
0,0,0
0,0,0
0,0,0
0,0,0
0,0,0
0,0,0
0,0,0
0,0,0
0,0,0
0,0,0
0,0,0
0,0,0
0,0,0
0,0,0
0,0,0
0,0,0
0,0,0
0,0,0
0,0,0
0,0,0
0,0,0
0,0,0
0,0,0
0,0,0
0,0,0
0,0,0
0,0,0
0,0,0
0,0,0
0,0,0
0,0,0
0,0,0
0,0,0
0,0,0
0,0,0
0,0,0
0,0,0
0,0,0
0,0,0
0,0,0
0,0,0
0,0,0
0,0,0
0,0,0
0,0,0
0,0,0
0,0,0
0,0,0
0,0,0
0,0,0
0,0,0
0,0,0
0,0,0
0,0,0
0,0,0
0,0,0
0,0,0
0,0,0
0,0,0
0,0,0
0,0,0
0,0,0
0,0,0
0,0,0
0,0,0
0,0,0
0,0,0
0,0,0
0,0,0
0,0,0
0,0,0
0,0,0
0,0,0
0,0,0
0,0,0
0,0,0
0,0,0
0,0,0
0,0,0
0,0,0
0,0,0
0,0,0
0,0,0
0,0,0
0,0,0
0,0,0
0,0,0
0,0,0
0,0,0
0,0,0
0,0,0
0,0,0
0,0,0
0,0,0
0,0,0
0,0,0
0,0,0
0,0,0
0,0,0
0,0,0
0,0,0
0,0,0
0,0,0
0,0,0
0,0,0
0,0,0
0,0,0
0,0,0
0,0,0
0,0,0
0,0,0
0,0,0
0,0,0
0,0,0
0,0,0
0,0,0
0,0,0
0,0,0
0,0,0
0,0,0
0,0,0
0,0,0
0,0,0
0,0,0
0,0,0
0,0,0
0,0,0
0,0,0
0,0,0
0,0,0
0,0,0
0,0,0
0,0,0
0,0,0
0,0,0
0,0,0
0,0,0
0,0,0
0,0,0
0,0,0
0,0,0
0,0,0
0,0,0
0,0,0
0,0,0
0,0,0
0,0,0
0,0,0
0,0,0
0,0,0
0,0,0
0,0,0
0,0,0
0,0,0
0,0,0
0,0,0
0,0,0
0,0,0
0,0,0
0,0,0
0,0,0
0,0,0
0,0,0
0,0,0
0,0,0
0,0,0
0,0,0
0,0,0
0,0,0
0,0,0
0,0,0
0,0,0
0,0,0
0,0,0
0,0,0
0,0,0
0,0,0
0,0,0
0,0,0
0,0,0
0,0,0
0,0,0
0,0,0
0,0,0
0,0,0
0,0,0
0,0,0
0,0,0
0,0,0
0,0,0
0,0,0
0,0,0
0,0,0
0,0,0
0,0,0
0,0,0
0,0,0
0,0,0
0,0,0
0,0,0
0,0,0
0,0,0
0,0,0
0,0,0
0,0,0
0,0,0
0,0,0
0,0,0
0,0,0
0,0,0
0,0,0
0,0,0
0,0,0
0,0,0
0,0,0
0,0,0
0,0,0
0,0,0
0,0,0
0,0,0
0,0,0
0,0,0
0,0,0
0,0,0
0,0,0
0,0,0
0,0,0
0,0,0
0,0,0
0,0,0
0,0,0
0,0,0
0,0,0
0,0,0
0,0,0
0,0,0
0,0,0
0,0,0
0,0,0
0,0,0
0,0,0
0,0,0
0,0,0
0,0,0
0,0,0
0,0,0
0,0,0
0,0,0
0,0,0
0,0,0
0,0,0
0,0,0
0,0,0
0,0,0
0,0,0
0,0,0
0,0,0
0,0,0
0,0,0
0,0,0
0,0,0
0,0,0
0,0,0
0,0,0
0,0,0
0,0,0
0,0,0
0,0,0
0,0,0
0,0,0
0,0,0
0,0,0
0,0,0
0,0,0
0,0,0
0,0,0
0,0,0
0,0,0
0,0,0
0,0,0
0,0,0
0,0,0
0,0,0
0,0,0
0,0,0
0,0,0
0,0,0
0,0,0
0,0,0
0,0,0
0,0,0
0,0,0
0,0,0
0,0,0
0,0,0
0,0,0
0,0,0
0,0,0
0,0,0
0,0,0
0,0,0
0,0,0
0,0,0
0,0,0
0,0,0
0,0,0
0,0,0
0,0,0
0,0,0
0,0,0
0,0,0
0,0,0
0,0,0
0,0,0
0,0,0
0,0,0
0,0,0
0,0,0
0,0,0
0,0,0
0,0,0
0,0,0
0,0,0
0,0,0
0,0,0
0,0,0
0,0,0
0,0,0
0,0,0
0,0,0
0,0,0
0,0,0
0,0,0
0,0,0
0,0,0
0,0,0
0,0,0
0,0,0
0,0,0
0,0,0
0,0,0
0,0,0
0,0,0
0,0,0
0,0,0
0,0,0
0,0,0
0,0,0
0,0,0
0,0,0
0,0,0
0,0,0
0,0,0
0,0,0
0,0,0
0,0,0
0,0,0
0,0,0
0,0,0
0,0,0
0,0,0
0,0,0
0,0,0
0,0,0
0,0,0
0,0,0
0,0,0
0,0,0
0,0,0
0,0,0
0,0,0
0,0,0
0,0,0
0,0,0
0,0,0
0,0,0
0,0,0
0,0,0
0,0,0
0,0,0
0,0,0
0,0,0
0,0,0
0,0,0
0,0,0
0,0,0
0,0,0
0,0,0
0,0,0
0,0,0
0,0,0
0,0,0
0,0,0
0,0,0
0,0,0
0,0,0
0,0,0
0,0,0
0,0,0
0,0,0
0,0,0
0,0,0
0,0,0
0,0,0
0,0,0
0,0,0
0,0,0
0,0,0
0,0,0
0,0,0
0,0,0
0,0,0
0,0,0
0,0,0
0,0,0
0,0,0
0,0,0
0,0,0
0,0,0
0,0,0
0,0,0
0,0,0
0,0,0
0,0,0
0,0,0
0,0,0
0,0,0
0,0,0
0,0,0
0,0,0
0,0,0
0,0,0
0,0,0
0,0,0
0,0,0
0,0,0
0,0,0
0,0,0
0,0,0
0,0,0
0,0,0
0,0,0
0,0,0
0,0,0
0,0,0
0,0,0
0,0,0
0,0,0
0,0,0
0,0,0
0,0,0
0,0,0
0,0,0
0,0,0
0,0,0
0,0,0
0,0,0
0,0,0
0,0,0
0,0,0
0,0,0
0,0,0
0,0,0
0,0,0
0,0,0
0,0,0
0,0,0
0,0,0
0,0,0
0,0,0
0,0,0
0,0,0
0,0,0
0,0,0
0,0,0
0,0,0
0,0,0
0,0,0
0,0,0
0,0,0
0,0,0
0,0,0
0,0,0
0,0,0
0,0,0
0,0,0
0,0,0
0,0,0
0,0,0
0,0,0
0,0,0
0,0,0
0,0,0
0,0,0
0,0,0
0,0,0
0,0,0
0,0,0
0,0,0
0,0,0
0,0,0
0,0,0
0,0,0
0,0,0
0,0,0
0,0,0
0,0,0
0,0,0
1.14096,3.51628,-0.726779
1.17145,3.53617,-0.732665
1.20379,3.56045,-0.739566
1.22881,3.56225,-0.741595
1.25584,3.56942,-0.744843
1.28268,3.57548,-0.747887
1.29888,3.5519,-0.744437
1.32886,3.56589,-0.749308
1.33889,3.52654,-0.742407
1.34991,3.49087,-0.736318
1.36161,3.45792,-0.730838
1.39191,3.47222,-0.735912
1.41208,3.46089,-0.735303
1.43292,3.45126,-0.735101
1.46016,3.45683,-0.738348
1.48521,3.45681,-0.740377
1.50522,3.44494,-0.739769
1.51838,3.41774,-0.735709
1.53932,3.40836,-0.735709
1.5602,3.39885,-0.735709
1.58061,3.38832,-0.735506
1.60893,3.39449,-0.73916
1.62887,3.38279,-0.738754
1.65175,3.37713,-0.739769
1.66765,3.35728,-0.737536
1.68557,3.34174,-0.736318
1.70247,3.32436,-0.734695
1.71968,3.30777,-0.733274
1.73994,3.29716,-0.733274
1.75043,3.2683,-0.729012
1.76905,3.25491,-0.728403
1.81689,3.29458,-0.740377
1.82942,3.2697,-0.73713
1.87265,3.29929,-0.746872
1.90801,3.31404,-0.753164
1.94263,3.32679,-0.75905
1.94754,3.28869,-0.752758
1.95507,3.2557,-0.747684
2.00863,3.29883,-0.761079
2.03038,3.28895,-0.761688
2.04428,3.26647,-0.759253
2.06691,3.258,-0.760267
2.08051,3.23537,-0.757832
2.10406,3.22828,-0.759253
2.12545,3.21776,-0.759861
2.14188,3.19978,-0.758644
2.15488,3.17685,-0.756208
2.15714,3.13856,-0.749916
2.15061,3.0883,-0.74058
2.14411,3.03905,-0.731447
2.14507,3.00114,-0.725156
2.1508,2.97047,-0.72069
2.16146,2.94696,-0.718052
2.17366,2.92578,-0.716022
2.19393,2.91552,-0.716834
2.21593,2.90745,-0.718255
2.29537,2.97363,-0.73916
2.38353,3.04897,-0.762703
2.40098,3.03275,-0.762297
2.43792,3.04088,-0.768386
2.4516,3.01978,-0.766762
2.46946,3.00393,-0.766559
2.48784,2.98872,-0.766559
2.47458,2.93597,-0.756411
2.497,2.92594,-0.757832
2.51938,2.91575,-0.759253
2.53981,2.90318,-0.760064
2.56472,2.89561,-0.762297
2.59028,2.88856,-0.764732
2.61783,2.88349,-0.767777
2.64541,2.87818,-0.770821
2.6757,2.87552,-0.774677
2.70068,2.86688,-0.77691
2.73376,2.86656,-0.781578
2.76286,2.8617,-0.785028
2.79064,2.8552,-0.788073
2.8205,2.85055,-0.791726
2.85942,2.85463,-0.798018
2.89083,2.85078,-0.802077
2.9209,2.84529,-0.80573
2.95171,2.84021,-0.809586
3.00599,2.85712,-0.82014
3.02989,2.84466,-0.821967
3.05949,2.83733,-0.825417
3.1245,2.86215,-0.838812
3.15508,2.85475,-0.842465
3.18787,2.84904,-0.846728
3.22438,2.84627,-0.852004
3.25802,2.84059,-0.85647
3.27836,2.8231,-0.857281
3.31426,2.81879,-0.862355
3.36599,2.82737,-0.871691
3.40287,2.82291,-0.876968
3.3974,2.78337,-0.87088
3.45096,2.79203,-0.880622
3.40223,2.71824,-0.863167
3.425,2.70217,-0.864791
3.467,2.70096,-0.871488
3.48351,2.67963,-0.871488
3.50769,2.66413,-0.873518
3.53024,2.64726,-0.875142
3.5535,2.63079,-0.876968
3.58143,2.6176,-0.880013
3.59981,2.5973,-0.880622
3.61009,2.57118,-0.879201
3.625,2.54842,-0.878998
3.63815,2.52446,-0.878389
3.64226,2.49434,-0.875548
3.65182,2.46811,-0.874127
3.67015,2.44783,-0.874939
3.67611,2.41934,-0.872706
3.6991,2.40207,-0.874736
3.70469,2.37352,-0.872503
3.72333,2.35336,-0.873518
3.73354,2.32788,-0.872503
3.73274,2.29569,-0.86885
3.76099,2.28138,-0.8723
3.77576,2.25876,-0.872503
3.77943,2.22958,-0.870068
3.7888,2.20389,-0.869053
3.815,2.1879,-0.872097
3.82324,2.16156,-0.87088
3.82958,2.13425,-0.869256
3.85205,2.1159,-0.871488
3.85893,2.08896,-0.870068
3.85526,2.05649,-0.866212
3.87214,2.03507,-0.867226
3.89412,2.01623,-0.869459
3.89769,1.98785,-0.867429
3.92032,1.96917,-0.869865
3.92355,1.94073,-0.867835
3.93714,1.91748,-0.868241
3.93118,1.88482,-0.864182
3.95329,1.86568,-0.866617
3.96911,1.84345,-0.867632
3.98391,1.82069,-0.868444
3.98696,1.79259,-0.866617
4.00058,1.76928,-0.867226
3.97544,1.72909,-0.859108
4.01388,1.71659,-0.8654
4.02434,1.69193,-0.8654
4.04551,1.67169,-0.867835
4.0575,1.64758,-0.868241
4.07026,1.62374,-0.86885
4.07012,1.5948,-0.866617
4.06795,1.56523,-0.863979
4.06648,1.53609,-0.861543
4.07216,1.50975,-0.860732
4.09147,1.48841,-0.862964
4.09776,1.46229,-0.862355
4.1122,1.43906,-0.863573
4.11539,1.4119,-0.862355
4.12398,1.38662,-0.862355
4.12683,1.35945,-0.861138
4.12671,1.3314,-0.859311
4.07971,1.28866,-0.847336
4.14928,1.28268,-0.860732
4.16176,1.25862,-0.861746
4.13654,1.22334,-0.854643
4.16843,1.205,-0.85992
4.16161,1.17541,-0.856875
4.18007,1.15298,-0.859311
4.17572,1.12425,-0.856875
4.17307,1.09612,-0.854846
4.19489,1.07438,-0.858093
4.1976,1.04768,-0.857281
4.21061,1.02352,-0.858702
4.20062,0.993833,-0.855252
4.21427,0.969796,-0.856875
4.22779,0.945628,-0.858499
4.23925,0.920916,-0.859717
4.24482,0.894887,-0.859717
4.25982,0.870785,-0.861746
4.25932,0.84349,-0.860529
4.25384,0.815313,-0.858296
4.25395,0.788305,-0.857281
4.25003,0.760636,-0.855455
4.25365,0.734378,-0.855252
4.23103,0.703768,-0.849569
4.25751,0.68135,-0.854237
4.26742,0.656106,-0.855455
4.23455,0.624484,-0.847742
4.26836,0.602731,-0.854034
4.2681,0.576006,-0.853222
4.27835,0.550681,-0.854643
4.28165,0.524419,-0.854643
4.29743,0.499607,-0.857281
4.30723,0.473978,-0.858702
4.30713,0.447237,-0.858093
4.30785,0.42061,-0.857687
4.31522,0.394616,-0.858702
4.31464,0.367881,-0.858093
4.30607,0.340552,-0.855861
4.29441,0.313128,-0.853019
4.30114,0.287098,-0.854034
4.28913,0.259873,-0.851193
4.3014,0.234135,-0.853425
4.31254,0.208209,-0.855455
4.31178,0.181662,-0.855049
4.3177,0.155378,-0.856064
4.30194,0.128387,-0.852613
4.27817,0.10141,-0.847539
4.2748,0.0750896,-0.846728
4.28888,0.0490139,-0.849569
4.27246,0.0226104,-0.846119
4.2735,-0.00360631,-0.846322
4.26948,-0.0298002,-0.84551
4.26823,-0.0559837,-0.845307
4.27173,-0.0822478,-0.846119
4.25842,-0.108133,-0.84348
4.26355,-0.134446,-0.844698
4.26264,-0.160604,-0.844698
4.25864,-0.186627,-0.844089
4.25448,-0.212607,-0.84348
4.25701,-0.238928,-0.844292
4.23396,-0.263703,-0.839827
4.24496,-0.290547,-0.842465
4.25677,-0.31761,-0.845307
4.23522,-0.342144,-0.841248
4.2467,-0.369313,-0.844089
4.24045,-0.395,-0.843277
4.22918,-0.420139,-0.841451
4.23431,-0.446904,-0.843074
4.23149,-0.472877,-0.843074
4.23045,-0.499062,-0.84348
4.23023,-0.525372,-0.844089
4.23275,-0.552079,-0.845307
4.22346,-0.577244,-0.844089
4.23826,-0.605782,-0.847945
4.21606,-0.629029,-0.844089
4.21793,-0.65579,-0.845307
4.21576,-0.681971,-0.845713
4.20473,-0.706689,-0.844292
4.20803,-0.733822,-0.845916
4.19863,-0.758757,-0.844901
4.19294,-0.784325,-0.844698
4.18516,-0.809479,-0.844089
4.18012,-0.835144,-0.844089
4.17875,-0.861568,-0.844901
4.15902,-0.884136,-0.841857
4.16021,-0.911106,-0.843277
4.15168,-0.935969,-0.842668
4.15635,-0.96386,-0.844901
4.15035,-0.989345,-0.844901
4.1423,-1.01433,-0.844495
4.14075,-1.04092,-0.84551
4.13049,-1.06533,-0.844698
4.12672,-1.0914,-0.845307
4.11144,-1.1144,-0.84348
4.10924,-1.14091,-0.844495
4.10028,-1.16557,-0.844089
4.09211,-1.19043,-0.843886
4.08567,-1.2158,-0.844089
4.07345,-1.23942,-0.843074
4.06015,-1.26265,-0.841857
4.01874,-1.27686,-0.83455
4.01921,-1.30421,-0.836377
4.03344,-1.33624,-0.841248
4.0196,-1.35908,-0.84003
3.98989,-1.37637,-0.835362
4.01555,-1.41286,-0.842871
3.99574,-1.4335,-0.840436
3.96296,-1.44925,-0.835159
3.9806,-1.48345,-0.841045
3.96136,-1.50403,-0.838812
3.93288,-1.52089,-0.83455
3.96082,-1.5597,-0.842871
3.94663,-1.58215,-0.841857
3.93594,-1.60597,-0.841654
3.93054,-1.63197,-0.842668
3.92135,-1.65644,-0.842871
3.91291,-1.68124,-0.843277
3.92496,-1.71502,-0.848351
3.89557,-1.73072,-0.844089
3.88309,-1.75378,-0.843683
3.86514,-1.77431,-0.842059
3.83022,-1.78681,-0.83658
3.8475,-1.8237,-0.843074
3.83976,-1.84898,-0.843886
3.82571,-1.87121,-0.843277
3.81065,-1.89291,-0.842465
3.75962,-1.8964,-0.833332
3.72874,-1.90962,-0.828867
3.71521,-1.93156,-0.828461
3.72148,-1.96391,-0.832723
3.71022,-1.98717,-0.832926
3.71,-2.01645,-0.835768
3.71985,-2.05147,-0.841045
3.6995,-2.06996,-0.839218
3.69014,-2.09455,-0.84003
3.66873,-2.11227,-0.838
3.66923,-2.14264,-0.841248
3.66107,-2.16811,-0.842465
3.64098,-2.1865,-0.840842
3.59739,-2.19046,-0.833535
3.61304,-2.2305,-0.840639
3.57522,-2.23756,-0.834753
3.52091,-2.23375,-0.824808
3.51702,-2.26166,-0.827244
3.52112,-2.29497,-0.831709
3.48002,-2.29872,-0.825011
3.50409,-2.34563,-0.83455
3.50827,-2.37973,-0.839218
3.46051,-2.37847,-0.830897
3.44505,-2.3991,-0.830694
3.45427,-2.43713,-0.836783
3.44881,-2.46511,-0.839218
3.39793,-2.46038,-0.830085
3.37882,-2.47829,-0.82907
3.37848,-2.51007,-0.832926
3.37162,-2.53723,-0.835159
3.33964,-2.5454,-0.830897
3.32861,-2.56944,-0.832115
3.32744,-2.60127,-0.835971
3.31065,-2.62103,-0.835768
3.27922,-2.62905,-0.831709
3.26227,-2.6485,-0.831506
3.23386,-2.65852,-0.828258
3.23855,-2.69585,-0.833941
3.20623,-2.70242,-0.829679
3.21044,-2.73984,-0.835362
3.15208,-2.72363,-0.823996
3.1412,-2.74808,-0.82562
3.11915,-2.76276,-0.824199
3.1036,-2.78315,-0.824605
3.09589,-2.8107,-0.827244
3.08723,-2.8376,-0.829679
3.06546,-2.85248,-0.828461
3.06715,-2.88937,-0.833941
3.05149,-2.91016,-0.83455
3.02934,-2.92475,-0.833332
3.00924,-2.94123,-0.832723
2.98975,-2.95826,-0.832317
2.94733,-2.95229,-0.825214
2.97384,-3.01564,-0.838406
2.96007,-3.03874,-0.839827
2.90199,-3.01592,-0.828055
2.9266,-3.0791,-0.841045
2.9177,-3.10771,-0.844089
2.8806,-3.10616,-0.838609
2.86678,-3.12956,-0.840233
2.85344,-3.15362,-0.842059
2.84708,-3.18568,-0.846119
2.80221,-3.17445,-0.838203
2.78654,-3.19602,-0.839421
2.76177,-3.20712,-0.837797
2.7395,-3.22102,-0.836986
2.73669,-3.25801,-0.842465
2.71977,-3.27851,-0.84348
2.69154,-3.28529,-0.840842
2.67441,-3.30555,-0.841857
2.65346,-3.32113,-0.841654
2.63,-3.33351,-0.840639
2.61191,-3.35267,-0.841451
2.58532,-3.36088,-0.839421
2.57057,-3.38447,-0.841451
2.51392,-3.35239,-0.82907
2.52593,-3.41183,-0.840436
2.50552,-3.42805,-0.840639
2.48788,-3.44813,-0.841857
2.46554,-3.46173,-0.841451
2.4465,-3.48,-0.842262
2.4279,-3.49897,-0.843277
2.39366,-3.49522,-0.838609
2.38094,-3.52282,-0.841857
2.35276,-3.52759,-0.839421
2.3343,-3.54686,-0.840639
2.32156,-3.57508,-0.844089
2.30591,-3.59915,-0.846525
2.2796,-3.60661,-0.844901
2.25588,-3.61804,-0.844292
2.22184,-3.61263,-0.839624
2.20471,-3.63457,-0.841654
2.16176,-3.61357,-0.833332
2.16193,-3.66472,-0.842465
2.14186,-3.68215,-0.84348
2.12118,-3.69862,-0.844292
2.10663,-3.72606,-0.847742
2.07658,-3.72608,-0.844698
2.0485,-3.72931,-0.842465
2.0335,-3.75645,-0.845916
2.01364,-3.77491,-0.847336
1.99271,-3.79153,-0.848351
1.95005,-3.76629,-0.839624
1.9487,-3.82093,-0.849569
1.9138,-3.81006,-0.844292
1.89168,-3.82437,-0.844901
1.87847,-3.85703,-0.849772
1.85011,-3.85877,-0.847539
1.82557,-3.86828,-0.847133
1.80138,-3.87852,-0.846931
1.77877,-3.89217,-0.847539
1.75526,-3.90391,-0.847742
1.73206,-3.91639,-0.848148
1.71659,-3.9467,-0.852613
1.68464,-3.93915,-0.848554
1.66196,-3.95303,-0.849366
1.63356,-3.9532,-0.847133
1.61332,-3.97312,-0.849366
1.57586,-3.95021,-0.842059
1.55837,-3.97712,-0.845916
1.53816,-3.99758,-0.848351
1.51084,-3.99961,-0.846728
1.48763,-4.01248,-0.847539
1.46365,-4.02337,-0.847945
1.44946,-4.06179,-0.85444
1.41934,-4.05582,-0.851193
1.39951,-4.07927,-0.85444
1.37726,-4.09614,-0.856267
1.3521,-4.10451,-0.856267
1.32719,-4.11366,-0.85647
1.30428,-4.1292,-0.858093
1.27083,-4.11093,-0.85241
1.25266,-4.14208,-0.857484
1.21945,-4.12339,-0.851801
1.19331,-4.12798,-0.851193
1.17062,-4.14465,-0.853222
1.14517,-4.15175,-0.853222
1.1156,-4.14357,-0.849975
1.0909,-4.15318,-0.850584
0,0,0
0,0,0
0,0,0
0,0,0
0,0,0
0,0,0
0,0,0
0,0,0
0,0,0
0,0,0
0,0,0
0.797043,-4.30113,-0.867226
0,0,0
0,0,0
0,0,0
0,0,0
0,0,0
0,0,0
0,0,0
0,0,0
0,0,0
0,0,0
0,0,0
0,0,0
0,0,0
0,0,0
0,0,0
0,0,0
0,0,0
0,0,0
0,0,0
0,0,0
0,0,0
0,0,0
0,0,0
0,0,0
0,0,0
0,0,0
0,0,0
0,0,0
0,0,0
0,0,0
0,0,0
0,0,0
0,0,0
0,0,0
0,0,0
0,0,0
0,0,0
0,0,0
0,0,0
0,0,0
0,0,0
0,0,0
0,0,0
0,0,0
0,0,0
0,0,0
0,0,0
0,0,0
0,0,0
0,0,0
0,0,0
0,0,0
0,0,0
0,0,0
0,0,0
0,0,0
0,0,0
0,0,0
0,0,0
0,0,0
0,0,0
0,0,0
0,0,0
0,0,0
0,0,0
0,0,0
0,0,0
0,0,0
0,0,0
0,0,0
0,0,0
0,0,0
0,0,0
0,0,0
0,0,0
0,0,0
0,0,0
0,0,0
0,0,0
0,0,0
0,0,0
0,0,0
0,0,0
0,0,0
0,0,0
0,0,0
0,0,0
0,0,0
0,0,0
0,0,0
0,0,0
0,0,0
0,0,0
0,0,0
0,0,0
0,0,0
0,0,0
0,0,0
0,0,0
0,0,0
0,0,0
0,0,0
0,0,0
0,0,0
0,0,0
0,0,0
0,0,0
0,0,0
0,0,0
0,0,0
0,0,0
0,0,0
0,0,0
0,0,0
0,0,0
0,0,0
0,0,0
0,0,0
0,0,0
0,0,0
0,0,0
0,0,0
0,0,0
0,0,0
0,0,0
0,0,0
0,0,0
0,0,0
0,0,0
0,0,0
0,0,0
0,0,0
0,0,0
0,0,0
0,0,0
0,0,0
0,0,0
0,0,0
0,0,0
0,0,0
0,0,0
0,0,0
0,0,0
0,0,0
0,0,0
0,0,0
0,0,0
0,0,0
0,0,0
0,0,0
0,0,0
0,0,0
0,0,0
0,0,0
0,0,0
0,0,0
0,0,0
0,0,0
0,0,0
0,0,0
0,0,0
0,0,0
0,0,0
0,0,0
0,0,0
0,0,0
0,0,0
0,0,0
0,0,0
0,0,0
0,0,0
0,0,0
0,0,0
0,0,0
0,0,0
0,0,0
0,0,0
0,0,0
0,0,0
0,0,0
0,0,0
0,0,0
0,0,0
0,0,0
0,0,0
0,0,0
0,0,0
0,0,0
0,0,0
0,0,0
0,0,0
0,0,0
0,0,0
0,0,0
0,0,0
0,0,0
0,0,0
0,0,0
0,0,0
0,0,0
0,0,0
0,0,0
0,0,0
0,0,0
0,0,0
0,0,0
0,0,0
0,0,0
0,0,0
0,0,0
0,0,0
0,0,0
0,0,0
0,0,0
0,0,0
0,0,0
0,0,0
0,0,0
0,0,0
0,0,0
0,0,0
0,0,0
0,0,0
0,0,0
0,0,0
0,0,0
0,0,0
0,0,0
0,0,0
0,0,0
0,0,0
0,0,0
0,0,0
0,0,0
0,0,0
0,0,0
0,0,0
0,0,0
0,0,0
0,0,0
0,0,0
0,0,0
0,0,0
0,0,0
0,0,0
0,0,0
0,0,0
0,0,0
0,0,0
0,0,0
0,0,0
0,0,0
0,0,0
0,0,0
0,0,0
0,0,0
0,0,0
0,0,0
0,0,0
0,0,0
0,0,0
0,0,0
0,0,0
0,0,0
0,0,0
0,0,0
0,0,0
0,0,0
0,0,0
0,0,0
0,0,0
0,0,0
0,0,0
0,0,0
0,0,0
0,0,0
0,0,0
0,0,0
0,0,0
0,0,0
0,0,0
0,0,0
0,0,0
0,0,0
0,0,0
0,0,0
0,0,0
0,0,0
0,0,0
0,0,0
0,0,0
0,0,0
0,0,0
0,0,0
0,0,0
0,0,0
0,0,0
0,0,0
0,0,0
0,0,0
0,0,0
0,0,0
0,0,0
0,0,0
0,0,0
0,0,0
0,0,0
0,0,0
0,0,0
0,0,0
0,0,0
0,0,0
0,0,0
0,0,0
0,0,0
0,0,0
0,0,0
0,0,0
0,0,0
0,0,0
0,0,0
0,0,0
0,0,0
0,0,0
0,0,0
0,0,0
0,0,0
0,0,0
0,0,0
0,0,0
0,0,0
0,0,0
0,0,0
0,0,0
0,0,0
0,0,0
0,0,0
0,0,0
0,0,0
0,0,0
0,0,0
0,0,0
0,0,0
0,0,0
0,0,0
0,0,0
0,0,0
0,0,0
0,0,0
0,0,0
0,0,0
0,0,0
0,0,0
0,0,0
0,0,0
0,0,0
0,0,0
0,0,0
0,0,0
0,0,0
0,0,0
0,0,0
0,0,0
0,0,0
0,0,0
0,0,0
0,0,0
0,0,0
0,0,0
0,0,0
0,0,0
0,0,0
0,0,0
0,0,0
0,0,0
0,0,0
0,0,0
0,0,0
0,0,0
0,0,0
0,0,0
0,0,0
0,0,0
0,0,0
0,0,0
0,0,0
0,0,0
0,0,0
0,0,0
0,0,0
0,0,0
0,0,0
0,0,0
0,0,0
0,0,0
0,0,0
0,0,0
0,0,0
0,0,0
0,0,0
0,0,0
0,0,0
0,0,0
0,0,0
0,0,0
0,0,0
0,0,0
0,0,0
0,0,0
0,0,0
0,0,0
0,0,0
0,0,0
0,0,0
0,0,0
0,0,0
0,0,0
0,0,0
0,0,0
0,0,0
0,0,0
0,0,0
0,0,0
0,0,0
0,0,0
0,0,0
0,0,0
0,0,0
0,0,0
0,0,0
0,0,0
0,0,0
0,0,0
0,0,0
0,0,0
0,0,0
0,0,0
0,0,0
0,0,0
0,0,0
0,0,0
0,0,0
0,0,0
0,0,0
0,0,0
0,0,0
0,0,0
0,0,0
0,0,0
0,0,0
0,0,0
0,0,0
0,0,0
0,0,0
0,0,0
0,0,0
0,0,0
0,0,0
0,0,0
0,0,0
0,0,0
0,0,0
0,0,0
0,0,0
0,0,0
0,0,0
0,0,0
0,0,0
0,0,0
0,0,0
0,0,0
0,0,0
0,0,0
0,0,0
0,0,0
0,0,0
0,0,0
0,0,0
0,0,0
0,0,0
0,0,0
0,0,0
0,0,0
0,0,0
0,0,0
0,0,0
0,0,0
0,0,0
0,0,0
0,0,0
0,0,0
0,0,0
0,0,0
0,0,0
0,0,0
0,0,0
0,0,0
0,0,0
0,0,0
0,0,0
0,0,0
0,0,0
0,0,0
0,0,0
0,0,0
0,0,0
0,0,0
0,0,0
0,0,0
0,0,0
0,0,0
0,0,0
0,0,0
0,0,0
0,0,0
0,0,0
0,0,0
0,0,0
0,0,0
0,0,0
0,0,0
0,0,0
0,0,0
0,0,0
0,0,0
0,0,0
0,0,0
0,0,0
0,0,0
0,0,0
0,0,0
0,0,0
0,0,0
0,0,0
0,0,0
0,0,0
0,0,0
0,0,0
0,0,0
0,0,0
0,0,0
0,0,0
0,0,0
0,0,0
0,0,0
0,0,0
0,0,0
0,0,0
0,0,0
0,0,0
0,0,0
0,0,0
0,0,0
0,0,0
0,0,0
0,0,0
0,0,0
0,0,0
0,0,0
0,0,0
0,0,0
0,0,0
0,0,0
0,0,0
0,0,0
0,0,0
0,0,0
0,0,0
0,0,0
0,0,0
0,0,0
0,0,0
0,0,0
0,0,0
0,0,0
0,0,0
0,0,0
0,0,0
0,0,0
0,0,0
0,0,0
0,0,0
0,0,0
0,0,0
0,0,0
0,0,0
0,0,0
0,0,0
0,0,0
0,0,0
0,0,0
0,0,0
0,0,0
0,0,0
0,0,0
0,0,0
0,0,0
0,0,0
0,0,0
0,0,0
0,0,0
0,0,0
0,0,0
0,0,0
0,0,0
1.04021,3.41896,-0.747384
1.0687,3.43676,-0.752976
1.09302,3.44038,-0.755342
1.11682,3.44197,-0.757278
1.14344,3.45174,-0.761149
1.16335,3.44096,-0.760289
1.18476,3.43468,-0.760504
1.20872,3.43563,-0.76244
1.22286,3.40885,-0.757923
1.24241,3.39761,-0.757063
1.26222,3.38718,-0.756418
1.28263,3.37846,-0.756203
1.28715,3.32862,-0.746309
1.30862,3.32338,-0.746954
1.34424,3.35337,-0.755987
1.36442,3.34415,-0.755772
1.38416,3.33391,-0.755342
1.40801,3.33346,-0.757278
1.42844,3.32475,-0.757278
1.44881,3.31593,-0.757278
1.46794,3.3043,-0.756633
1.47855,3.27386,-0.751471
1.49739,3.26207,-0.750826
1.51119,3.23954,-0.747599
1.5302,3.22844,-0.747169
1.55464,3.22867,-0.749535
1.57699,3.22434,-0.750826
1.60196,3.2251,-0.753407
1.61864,3.2091,-0.751901
1.63741,3.19737,-0.751471
1.65474,3.18293,-0.750395
1.6665,3.15803,-0.746739
1.68308,3.14258,-0.745449
1.70746,3.14163,-0.747815
1.71869,3.11656,-0.744158
1.74112,3.11192,-0.745664
1.76162,3.10373,-0.746309
1.78356,3.09794,-0.747599
1.81582,3.10971,-0.753407
1.8473,3.11952,-0.758783
1.88098,3.13241,-0.765021
1.90016,3.12081,-0.765021
1.93158,3.12904,-0.770182
1.958,3.12872,-0.773194
1.98082,3.12242,-0.774699
2.00205,3.1135,-0.775559
2.02485,3.10688,-0.777065
2.03634,3.08299,-0.774054
2.04653,3.05745,-0.770613
2.06471,3.04403,-0.770398
2.08721,3.03694,-0.771903
2.10135,3.01766,-0.770182
2.12995,3.01907,-0.774054
2.1246,2.97257,-0.765021
2.11932,2.92704,-0.756203
2.12685,2.8998,-0.752331
2.14519,2.88748,-0.752546
2.15289,2.861,-0.74889
2.16744,2.84385,-0.747815
2.20036,2.8506,-0.753407
2.24126,2.86706,-0.761795
2.28244,2.88312,-0.770182
2.31474,2.88736,-0.775344
2.34656,2.89054,-0.780291
2.38161,2.89722,-0.786313
2.3981,2.88105,-0.785883
2.42391,2.87599,-0.788679
2.44721,2.86775,-0.790615
2.47242,2.86155,-0.793196
2.49958,2.85736,-0.796422
2.52677,2.85293,-0.799648
2.55726,2.85192,-0.803949
2.58981,2.85281,-0.808896
2.62312,2.85413,-0.814058
2.65854,2.85729,-0.819865
2.69075,2.85657,-0.824597
2.71698,2.8492,-0.827393
2.74526,2.84372,-0.830834
2.77221,2.8366,-0.833845
2.80124,2.83134,-0.837501
2.83445,2.82997,-0.842448
2.87122,2.83174,-0.84847
2.89624,2.82156,-0.850836
2.94375,2.83287,-0.860084
2.95895,2.81273,-0.859439
2.98896,2.80656,-0.863311
3.01329,2.79481,-0.865461
3.05054,2.79475,-0.871483
3.07197,2.77991,-0.872774
3.07077,2.74473,-0.867397
3.09048,2.72842,-0.868257
3.12041,2.72097,-0.872129
3.14371,2.70751,-0.874064
3.16919,2.69576,-0.876645
3.19015,2.68003,-0.877936
3.21706,2.66914,-0.880947
3.24848,2.66174,-0.885248
3.2693,2.64544,-0.886539
3.28929,2.62838,-0.887614
3.30919,2.61117,-0.88869
3.30204,2.57281,-0.882237
3.34407,2.57275,-0.88955
3.34891,2.54391,-0.886539
3.36446,2.52331,-0.886539
3.36654,2.49274,-0.882882
3.35103,2.44955,-0.874494
3.37708,2.43695,-0.877506
3.41026,2.42922,-0.882452
3.47782,2.44533,-0.896647
3.44703,2.3922,-0.884388
3.43587,2.35334,-0.877506
3.44701,2.33002,-0.876645
3.4718,2.31587,-0.879441
3.48758,2.2956,-0.879871
3.49013,2.26671,-0.87686
3.47849,2.22891,-0.870193
3.53832,2.23676,-0.882237
3.59589,2.24241,-0.893636
3.5996,2.21416,-0.891055
3.60059,2.18443,-0.887829
3.60807,2.15878,-0.886324
3.60695,2.12817,-0.882667
3.61909,2.1055,-0.882452
3.62009,2.07645,-0.879441
3.62851,2.05179,-0.878366
3.63591,2.02664,-0.877075
3.64229,2.001,-0.87557
3.65278,1.97768,-0.87514
3.66657,1.95615,-0.87557
3.67072,1.92952,-0.873634
3.67296,1.90202,-0.871268
3.68282,1.87856,-0.870838
3.69689,1.85724,-0.871483
3.70472,1.83279,-0.870623
3.71589,1.81002,-0.870623
3.72957,1.78846,-0.871268
3.73959,1.76512,-0.871053
3.7539,1.74379,-0.871914
3.76097,1.7191,-0.871053
3.77234,1.69639,-0.871268
3.7925,1.67756,-0.873634
3.80093,1.65348,-0.873204
3.80203,1.62628,-0.871053
3.80924,1.60179,-0.870408
3.81358,1.57614,-0.869118
3.82137,1.55198,-0.868687
3.82175,1.52488,-0.866537
3.84194,1.50568,-0.869118
3.84838,1.48103,-0.868472
3.85374,1.456,-0.867612
3.8571,1.43029,-0.866322
3.86122,1.40493,-0.865246
3.87988,1.38482,-0.867612
3.89199,1.36228,-0.868472
3.91136,1.34218,-0.871053
3.92415,1.31971,-0.872129
3.93681,1.29714,-0.873204
3.93634,1.27026,-0.871268
3.94592,1.24667,-0.871698
3.9423,1.21897,-0.869118
3.94129,1.19221,-0.867182
3.94479,1.1669,-0.866322
3.95093,1.1424,-0.866107
3.95881,1.1184,-0.866322
3.96089,1.09279,-0.865246
3.97318,1.06999,-0.866537
3.97684,1.04485,-0.865891
3.98317,1.02042,-0.865891
3.99883,0.998333,-0.868042
4.00204,0.973085,-0.867397
4.00603,0.94806,-0.866967
4.01272,0.923681,-0.867182
4.02022,0.899469,-0.867612
4.02853,0.875407,-0.868257
4.02713,0.84926,-0.866752
4.03897,0.825905,-0.868257
4.03151,0.798636,-0.865461
4.04784,0.776094,-0.868042
4.05156,0.751064,-0.867827
4.05321,0.725673,-0.867182
4.06048,0.701289,-0.867827
4.06663,0.676682,-0.868257
4.06492,0.650789,-0.866967
4.06111,0.624645,-0.865246
4.08129,0.602143,-0.868903
4.05397,0.572709,-0.86202
4.06321,0.548609,-0.863311
4.05585,0.522292,-0.860945
4.0551,0.49692,-0.860084
4.06195,0.472481,-0.860945
4.06089,0.44712,-0.860084
4.06065,0.421891,-0.859439
4.07774,0.398396,-0.862665
4.06163,0.371672,-0.858579
4.0901,0.348992,-0.864386
4.0873,0.323503,-0.863311
4.08142,0.297846,-0.86159
4.08707,0.273059,-0.86245
4.09451,0.248333,-0.863741
4.08036,0.22235,-0.860299
4.08067,0.197262,-0.860084
4.07888,0.172095,-0.859439
4.07888,0.147029,-0.859224
4.08361,0.122117,-0.860084
4.08721,0.0971281,-0.86073
4.10042,0.0722749,-0.863526
1.52177,0.0167573,-0.295509
1.52185,0.00741953,-0.295509
1.45057,-0.00188272,-0.279809
4.10291,-0.0283892,-0.863956
4.08509,-0.0533392,-0.860084
4.07785,-0.0782745,-0.858579
4.05288,-0.102683,-0.853202
4.05706,-0.127701,-0.854277
4.05034,-0.152374,-0.852987
4.0425,-0.176926,-0.851481
4.04036,-0.201679,-0.851266
4.0293,-0.225922,-0.849115
4.03271,-0.250943,-0.850191
4.03694,-0.276081,-0.851481
4.03614,-0.300918,-0.851696
4.03714,-0.325913,-0.852342
4.0409,-0.351184,-0.853632
4.03867,-0.375972,-0.853632
4.04504,-0.401611,-0.855568
4.04055,-0.426219,-0.855138
4.0398,-0.45122,-0.855568
4.03308,-0.475543,-0.854707
4.03202,-0.500521,-0.855138
4.02694,-0.524999,-0.854707
4.02461,-0.54983,-0.854923
4.01246,-0.573274,-0.852987
4.00404,-0.597164,-0.851911
3.99451,-0.620823,-0.850621
3.99062,-0.645321,-0.850621
3.99044,-0.670441,-0.851481
3.99395,-0.696253,-0.853202
4.00017,-0.722653,-0.855568
4.01006,-0.749872,-0.858794
3.99868,-0.773168,-0.857288
3.98332,-0.795588,-0.854923
3.97263,-0.818833,-0.853632
3.96179,-0.841976,-0.852342
3.94797,-0.864392,-0.850406
3.93401,-0.88667,-0.84847
3.92945,-0.911012,-0.848685
3.91999,-0.934201,-0.847825
3.90659,-0.956381,-0.846104
3.92244,-0.985802,-0.851051
3.89929,-1.00547,-0.84718
3.89871,-1.03087,-0.84847
3.9008,-1.05707,-0.850406
3.89706,-1.08177,-0.851051
3.89129,-1.10592,-0.851266
3.88631,-1.13033,-0.851696
3.88679,-1.15638,-0.853417
3.86654,-1.17623,-0.850406
3.85085,-1.19732,-0.84847
3.85367,-1.22418,-0.850836
3.83587,-1.24449,-0.84847
3.83373,-1.26984,-0.849761
3.83141,-1.29522,-0.851051
3.81508,-1.31584,-0.849115
3.81615,-1.34246,-0.851266
3.79681,-1.3619,-0.848685
3.78747,-1.38483,-0.84847
3.78713,-1.41111,-0.850406
3.77293,-1.43225,-0.849115
3.76771,-1.45678,-0.849976
3.75507,-1.47844,-0.849115
3.75046,-1.50327,-0.850191
3.74116,-1.52625,-0.850191
3.7191,-1.54394,-0.84718
3.71495,-1.56901,-0.84847
3.71064,-1.59408,-0.849761
3.69452,-1.61409,-0.848255
3.69883,-1.64306,-0.851696
3.68512,-1.66412,-0.850836
3.67484,-1.6867,-0.850836
3.66796,-1.71087,-0.851696
3.65916,-1.73418,-0.852127
3.64317,-1.75406,-0.850836
3.62883,-1.77466,-0.849976
3.6135,-1.79473,-0.8489
3.59108,-1.81115,-0.846104
3.58338,-1.83493,-0.846965
3.54085,-1.84068,-0.839222
3.55886,-1.87785,-0.846535
3.55416,-1.90334,-0.848255
3.53813,-1.92278,-0.84718
3.5331,-1.94823,-0.8489
3.52023,-1.96939,-0.848685
3.50468,-1.98903,-0.847825
3.51273,-2.02218,-0.852987
3.50785,-2.04813,-0.854923
3.50698,-2.07658,-0.857934
3.47491,-2.0865,-0.852987
3.48707,-2.12301,-0.859439
3.46068,-2.13616,-0.855998
3.43592,-2.15011,-0.852987
3.41276,-2.16487,-0.850406
3.39448,-2.18261,-0.849115
3.37366,-2.1986,-0.84718
3.35603,-2.21657,-0.846104
3.34075,-2.23603,-0.845674
3.33101,-2.25923,-0.84675
3.31789,-2.28018,-0.846965
3.29742,-2.29603,-0.845244
3.28407,-2.31678,-0.845459
3.27615,-2.34143,-0.84718
3.25064,-2.35347,-0.844169
3.24244,-2.37799,-0.845889
3.22387,-2.39493,-0.844814
3.20599,-2.41232,-0.843954
3.18802,-2.42958,-0.843093
3.16068,-2.43955,-0.839652
3.15951,-2.46972,-0.843524
3.15425,-2.49694,-0.846319
3.12972,-2.50892,-0.843739
3.10744,-2.52254,-0.841803
3.09493,-2.54403,-0.842663
3.08226,-2.56547,-0.843524
3.05974,-2.57868,-0.841588
3.04906,-2.60184,-0.843093
3.04043,-2.62688,-0.845244
3.02352,-2.64484,-0.845029
3.01455,-2.66982,-0.84718
2.9872,-2.67849,-0.843954
2.96709,-2.69349,-0.842878
2.94547,-2.70702,-0.841373
2.93095,-2.72704,-0.842018
2.90777,-2.73894,-0.840082
2.88808,-2.75404,-0.839222
2.86972,-2.77035,-0.838792
2.86245,-2.79746,-0.841803
2.84315,-2.81291,-0.841158
2.83204,-2.83652,-0.843093
2.79675,-2.83577,-0.837501
2.79361,-2.86757,-0.842018
2.77664,-2.88536,-0.842233
2.76091,-2.90446,-0.842878
2.7524,-2.93131,-0.845889
2.73701,-2.95101,-0.84675
2.72216,-2.97135,-0.847825
2.69797,-2.98148,-0.845889
2.68614,-3.00526,-0.84804
2.66248,-3.01583,-0.846319
2.64328,-3.03137,-0.846104
2.6259,-3.04901,-0.846535
2.60145,-3.05837,-0.844599
2.59583,-3.08998,-0.849115
2.56934,-3.09683,-0.846535
2.55772,-3.1216,-0.849115
2.52684,-3.12281,-0.845029
2.51739,-3.15046,-0.84847
2.49559,-3.16278,-0.84761
2.46232,-3.16032,-0.842663
2.45063,-3.18543,-0.845459
2.4204,-3.18641,-0.841588
2.40725,-3.2098,-0.843954
2.38635,-3.22294,-0.843524
2.36422,-3.23437,-0.842663
2.34262,-3.24644,-0.842018
2.33286,-3.27506,-0.845889
2.31328,-3.29012,-0.846104
2.29639,-3.30906,-0.847395
2.27549,-3.32228,-0.84718
2.2578,-3.34023,-0.848255
2.24106,-3.3597,-0.849761
2.22362,-3.37829,-0.851051
2.20126,-3.38941,-0.850406
2.17936,-3.40121,-0.849976
2.16889,-3.43102,-0.854277
2.13849,-3.42935,-0.850406
2.12407,-3.45322,-0.853202
2.09473,-3.45283,-0.849761
2.07852,-3.474,-0.851911
2.05667,-3.48585,-0.851696
2.03278,-3.49418,-0.850621
2.01568,-3.51421,-0.852557
1.99697,-3.53161,-0.853847
1.97669,-3.54636,-0.854492
1.9563,-3.56099,-0.855138
1.94046,-3.58409,-0.857934
1.91613,-3.59162,-0.856858
1.89133,-3.59812,-0.855568
1.86787,-3.60706,-0.854923
1.82572,-3.57931,-0.845244
1.80943,-3.60179,-0.84804
1.79206,-3.62245,-0.850406
1.75568,-3.60441,-0.843308
1.74367,-3.63624,-0.84847
1.72258,-3.64952,-0.849115
1.70962,-3.68039,-0.854062
1.68741,-3.6917,-0.854277
1.66473,-3.70199,-0.854277
1.64238,-3.71302,-0.854492
1.6184,-3.72034,-0.853847
1.59554,-3.7302,-0.853847
1.5711,-3.73632,-0.852987
1.54852,-3.7468,-0.853202
1.53065,-3.76889,-0.856213
1.50786,-3.77912,-0.856428
1.48536,-3.79012,-0.856858
1.48138,-3.84929,-0.868687
1.44219,-3.8172,-0.859009
1.41432,-3.81407,-0.856213
1.3959,-3.83644,-0.859439
1.3684,-3.8339,-0.856858
0,0,0
1.32124,-3.8504,-0.856858
1.29853,-3.86121,-0.857503
1.27665,-3.87467,-0.858794
0,0,0
1.23254,-3.90122,-0.861375
1.20713,-3.90405,-0.860299
1.18344,-3.91232,-0.860515
0,0,0
1.1348,-3.92467,-0.860084
0,0,0
0,0,0
0,0,0
0,0,0
0,0,0
0,0,0
0,0,0
0,0,0
0,0,0
0,0,0
0,0,0
0,0,0
0,0,0
0,0,0
0,0,0
0,0,0
0,0,0
0,0,0
0,0,0
0,0,0
0,0,0
0,0,0
0,0,0
0,0,0
0,0,0
0,0,0
0,0,0
0,0,0
0,0,0
0,0,0
0,0,0
0,0,0
0,0,0
0,0,0
0,0,0
0,0,0
0,0,0
0,0,0
0,0,0
0,0,0
0,0,0
0,0,0
0,0,0
0,0,0
0,0,0
0,0,0
0,0,0
0,0,0
0,0,0
0,0,0
0,0,0
0,0,0
0,0,0
0,0,0
0,0,0
0,0,0
0,0,0
0,0,0
0,0,0
0,0,0
0,0,0
0,0,0
0,0,0
0,0,0
0,0,0
0,0,0
0,0,0
0,0,0
0,0,0
0,0,0
0,0,0
0,0,0
0,0,0
0,0,0
0,0,0
0,0,0
0,0,0
0,0,0
0,0,0
0,0,0
0,0,0
0,0,0
0,0,0
0,0,0
0,0,0
0,0,0
0,0,0
0,0,0
0,0,0
0,0,0
0,0,0
0,0,0
0,0,0
0,0,0
0,0,0
0,0,0
0,0,0
0,0,0
0,0,0
0,0,0
0,0,0
0,0,0
0,0,0
0,0,0
0,0,0
0,0,0
0,0,0
0,0,0
0,0,0
0,0,0
0,0,0
0,0,0
0,0,0
0,0,0
0,0,0
0,0,0
0,0,0
0,0,0
0,0,0
0,0,0
0,0,0
0,0,0
0,0,0
0,0,0
0,0,0
0,0,0
0,0,0
0,0,0
0,0,0
0,0,0
0,0,0
0,0,0
0,0,0
0,0,0
0,0,0
0,0,0
0,0,0
0,0,0
0,0,0
0,0,0
0,0,0
0,0,0
0,0,0
0,0,0
0,0,0
0,0,0
0,0,0
0,0,0
0,0,0
0,0,0
0,0,0
0,0,0
0,0,0
0,0,0
0,0,0
0,0,0
0,0,0
0,0,0
0,0,0
0,0,0
0,0,0
0,0,0
0,0,0
0,0,0
0,0,0
0,0,0
0,0,0
0,0,0
0,0,0
0,0,0
0,0,0
0,0,0
0,0,0
0,0,0
0,0,0
0,0,0
0,0,0
0,0,0
0,0,0
0,0,0
0,0,0
0,0,0
0,0,0
0,0,0
0,0,0
0,0,0
0,0,0
0,0,0
0,0,0
0,0,0
0,0,0
0,0,0
0,0,0
0,0,0
0,0,0
0,0,0
0,0,0
0,0,0
0,0,0
0,0,0
0,0,0
0,0,0
0,0,0
0,0,0
0,0,0
0,0,0
0,0,0
0,0,0
0,0,0
0,0,0
0,0,0
0,0,0
0,0,0
0,0,0
0,0,0
0,0,0
0,0,0
0,0,0
0,0,0
0,0,0
0,0,0
0,0,0
0,0,0
0,0,0
0,0,0
0,0,0
0,0,0
0,0,0
0,0,0
0,0,0
0,0,0
0,0,0
0,0,0
0,0,0
0,0,0
0,0,0
0,0,0
0,0,0
0,0,0
0,0,0
0,0,0
0,0,0
0,0,0
0,0,0
0,0,0
0,0,0
0,0,0
0,0,0
0,0,0
0,0,0
0,0,0
0,0,0
0,0,0
0,0,0
0,0,0
0,0,0
0,0,0
0,0,0
0,0,0
0,0,0
0,0,0
0,0,0
0,0,0
0,0,0
0,0,0
0,0,0
0,0,0
0,0,0
0,0,0
0,0,0
0,0,0
0,0,0
0,0,0
0,0,0
0,0,0
0,0,0
0,0,0
0,0,0
0,0,0
0,0,0
0,0,0
0,0,0
0,0,0
0,0,0
0,0,0
0,0,0
0,0,0
0,0,0
0,0,0
0,0,0
0,0,0
0,0,0
0,0,0
0,0,0
0,0,0
0,0,0
0,0,0
0,0,0
0,0,0
0,0,0
0,0,0
0,0,0
0,0,0
0,0,0
0,0,0
0,0,0
0,0,0
0,0,0
0,0,0
0,0,0
0,0,0
0,0,0
0,0,0
0,0,0
0,0,0
0,0,0
0,0,0
0,0,0
0,0,0
0,0,0
0,0,0
0,0,0
0,0,0
0,0,0
0,0,0
0,0,0
0,0,0
0,0,0
0,0,0
0,0,0
0,0,0
0,0,0
0,0,0
0,0,0
0,0,0
0,0,0
0,0,0
0,0,0
0,0,0
0,0,0
0,0,0
0,0,0
0,0,0
0,0,0
0,0,0
0,0,0
0,0,0
0,0,0
0,0,0
0,0,0
0,0,0
0,0,0
0,0,0
0,0,0
0,0,0
0,0,0
0,0,0
0,0,0
0,0,0
0,0,0
0,0,0
0,0,0
0,0,0
0,0,0
0,0,0
0,0,0
0,0,0
0,0,0
0,0,0
0,0,0
0,0,0
0,0,0
0,0,0
0,0,0
0,0,0
0,0,0
0,0,0
0,0,0
0,0,0
0,0,0
0,0,0
0,0,0
0,0,0
0,0,0
0,0,0
0,0,0
0,0,0
0,0,0
0,0,0
0,0,0
0,0,0
0,0,0
0,0,0
0,0,0
0,0,0
0,0,0
0,0,0
0,0,0
0,0,0
0,0,0
0,0,0
0,0,0
0,0,0
0,0,0
0,0,0
0,0,0
0,0,0
0,0,0
0,0,0
0,0,0
0,0,0
0,0,0
0,0,0
0,0,0
0,0,0
0,0,0
0,0,0
0,0,0
0,0,0
0,0,0
0,0,0
0,0,0
0,0,0
0,0,0
0,0,0
0,0,0
0,0,0
0,0,0
0,0,0
0,0,0
0,0,0
0,0,0
0,0,0
0,0,0
0,0,0
0,0,0
0,0,0
0,0,0
0,0,0
0,0,0
0,0,0
0,0,0
0,0,0
0,0,0
0,0,0
0,0,0
0,0,0
0,0,0
0,0,0
0,0,0
0,0,0
0,0,0
0,0,0
0,0,0
0,0,0
0,0,0
0,0,0
0,0,0
0,0,0
0,0,0
0,0,0
0,0,0
0,0,0
0,0,0
0,0,0
0,0,0
0,0,0
0,0,0
0,0,0
0,0,0
0,0,0
0,0,0
0,0,0
0,0,0
0,0,0
0,0,0
0,0,0
0,0,0
0,0,0
0,0,0
0,0,0
0,0,0
0,0,0
0,0,0
0,0,0
0,0,0
0,0,0
0,0,0
0,0,0
0,0,0
0,0,0
0,0,0
0,0,0
0,0,0
0,0,0
0,0,0
0,0,0
0,0,0
0,0,0
0,0,0
0,0,0
0,0,0
0,0,0
0,0,0
0,0,0
0,0,0
0,0,0
0,0,0
0,0,0
0,0,0
0,0,0
0,0,0
0,0,0
0,0,0
0,0,0
0,0,0
0,0,0
0,0,0
0,0,0
0,0,0
0,0,0
0,0,0
0,0,0
0,0,0
0,0,0
0,0,0
0,0,0
0,0,0
0,0,0
0,0,0
0,0,0
0,0,0
0,0,0
0,0,0
0,0,0
0,0,0
0,0,0
0,0,0
0,0,0
0,0,0
0,0,0
0,0,0
0,0,0
0,0,0
0,0,0
0,0,0
0,0,0
0,0,0
0,0,0
0,0,0
0,0,0
0,0,0
0,0,0
0,0,0
0,0,0
0,0,0
0,0,0
0,0,0
0,0,0
0,0,0
0,0,0
0,0,0
0,0,0
0,0,0
0,0,0
0,0,0
0,0,0
0,0,0
0,0,0
0,0,0
0,0,0
0,0,0
0,0,0
0,0,0
0,0,0
0,0,0
0,0,0
0,0,0
0,0,0
0,0,0
0,0,0
0,0,0
0,0,0
0,0,0
0,0,0
0,0,0
0,0,0
0,0,0
0,0,0
0,0,0
0,0,0
0,0,0
0,0,0
0,0,0
0,0,0
1.12405,3.26052,-0.760187
1.14533,3.25724,-0.761091
1.16957,3.26207,-0.764028
1.19124,3.2594,-0.765158
1.20951,3.24747,-0.764028
1.21663,3.20629,-0.755667
1.23101,3.18514,-0.752278
1.25196,3.18115,-0.753182
1.27435,3.18064,-0.754989
1.29973,3.18719,-0.758605
1.32449,3.19175,-0.761768
1.34519,3.18626,-0.762446
1.36663,3.18242,-0.763576
1.38536,3.17219,-0.763124
1.41191,3.17965,-0.767192
1.42739,3.16205,-0.764932
1.44757,3.15501,-0.765384
1.46732,3.14695,-0.76561
1.48952,3.14405,-0.767192
1.50878,3.13485,-0.767192
1.52799,3.12553,-0.767192
1.54497,3.11173,-0.766062
1.5693,3.11263,-0.768774
1.57727,3.08127,-0.763124
1.58671,3.05338,-0.758379
1.61451,3.06082,-0.762898
1.6328,3.05,-0.762672
1.65241,3.04163,-0.763124
1.66916,3.02802,-0.76222
1.69152,3.02453,-0.764028
1.71629,3.0251,-0.766966
1.73725,3.01874,-0.768096
1.76704,3.02737,-0.773293
1.79303,3.02904,-0.776683
1.79603,2.99209,-0.769677
1.80879,2.97187,-0.767192
1.83006,2.96568,-0.768548
1.83737,2.93706,-0.763802
1.85431,2.92408,-0.76335
1.87591,2.91839,-0.764932
1.8975,2.91253,-0.766514
1.9207,2.90897,-0.768774
1.94068,2.90036,-0.769677
1.96938,2.90453,-0.774197
1.98992,2.8964,-0.775327
2.0032,2.87774,-0.773519
2.02644,2.87336,-0.775779
2.05366,2.87434,-0.77962
2.07469,2.86642,-0.780976
2.10088,2.86542,-0.784366
2.12597,2.86264,-0.787303
2.15345,2.86277,-0.791145
2.17983,2.86113,-0.794534
2.2033,2.85541,-0.796794
2.22618,2.84875,-0.798828
2.25087,2.8442,-0.801539
2.27498,2.8387,-0.804025
2.30402,2.83905,-0.808319
2.33439,2.84067,-0.813064
2.3686,2.8465,-0.819165
2.39983,2.8483,-0.824137
2.43244,2.85131,-0.82956
2.46326,2.85181,-0.834305
2.49098,2.84838,-0.837921
2.51745,2.84325,-0.841084
2.542,2.83573,-0.84357
2.56786,2.82945,-0.846508
2.59506,2.8244,-0.849897
2.62694,2.82411,-0.854869
2.66493,2.82993,-0.861874
2.6977,2.82974,-0.867071
2.72516,2.82364,-0.870461
2.7329,2.79711,-0.867297
2.75481,2.78514,-0.868879
2.77461,2.77094,-0.869783
2.78531,2.7477,-0.867749
2.80282,2.73124,-0.867975
2.82093,2.71534,-0.868427
2.84107,2.70134,-0.869557
2.87747,2.70253,-0.875884
2.88472,2.67621,-0.872946
2.89965,2.65714,-0.872494
2.95634,2.6759,-0.885149
2.97271,2.65771,-0.885149
2.98166,2.63298,-0.882889
3.01097,2.62616,-0.886957
3.02408,2.60509,-0.886053
3.03852,2.58522,-0.885601
3.05582,2.56778,-0.886053
3.06852,2.5465,-0.885149
3.09237,2.53441,-0.887634
3.09953,2.50865,-0.885149
3.11182,2.48715,-0.884245
3.1232,2.46499,-0.883115
3.13443,2.44279,-0.881985
3.14781,2.42232,-0.881533
3.16417,2.40414,-0.881985
3.1773,2.38351,-0.881533
3.18795,2.36107,-0.880403
3.20631,2.34434,-0.881533
3.21748,2.32234,-0.880629
3.2269,2.29917,-0.879274
3.25051,2.28605,-0.881985
3.27088,2.2705,-0.883793
3.2727,2.24213,-0.880403
3.2872,2.22256,-0.880629
3.29348,2.19748,-0.878596
3.30446,2.17562,-0.877918
3.30549,2.14735,-0.874528
3.30631,2.11914,-0.871139
3.31266,2.09465,-0.869331
3.3147,2.06758,-0.866393
3.32235,2.04414,-0.865037
3.32983,2.02069,-0.863682
3.34468,2.00172,-0.864359
3.3569,1.98116,-0.864359
3.44056,2.00216,-0.883567
3.44264,1.9752,-0.880855
3.42756,1.93869,-0.873624
3.43854,1.91715,-0.873398
3.44597,1.89367,-0.872268
3.45067,1.86878,-0.870461
3.44918,1.84069,-0.867071
3.46041,1.8195,-0.867071
3.46632,1.79554,-0.865715
3.49896,1.7853,-0.871365
3.55076,1.78436,-0.881985
3.55379,1.75865,-0.879951
3.56188,1.73553,-0.879274
3.58828,1.72122,-0.883341
3.59789,1.69876,-0.883115
3.59323,1.66967,-0.879274
3.61049,1.65083,-0.881081
3.60723,1.62265,-0.877692
3.60999,1.59734,-0.875884
3.6099,1.57088,-0.873398
3.60514,1.54257,-0.869783
3.60735,1.5174,-0.867975
3.61119,1.49301,-0.866619
3.61938,1.47045,-0.866393
3.62924,1.44858,-0.866619
3.64532,1.42913,-0.868427
3.65493,1.40708,-0.868653
3.66349,1.38463,-0.868653
3.67466,1.36314,-0.869331
3.68112,1.3399,-0.868879
3.68469,1.31565,-0.867749
3.6835,1.2898,-0.865489
3.70885,1.27318,-0.869783
3.70274,1.24574,-0.866393
3.72974,1.2294,-0.871139
3.71775,1.20021,-0.866393
3.72411,1.17708,-0.866167
3.73127,1.15421,-0.866167
3.73268,1.1296,-0.864811
3.74328,1.10778,-0.865715
3.74814,1.08425,-0.865263
3.75378,1.06097,-0.865037
3.76304,1.03869,-0.865715
3.75711,1.01229,-0.862778
3.76137,0.988725,-0.862326
3.77303,0.967077,-0.863682
3.77605,0.943201,-0.863004
3.78839,0.921625,-0.864585
3.79872,0.899484,-0.865715
3.80701,0.876814,-0.866393
3.81422,0.853864,-0.866845
3.81749,0.83003,-0.866393
3.81965,0.805988,-0.865715
3.81975,0.78156,-0.864585
3.83021,0.759243,-0.865941
3.83479,0.735727,-0.865941
3.83924,0.712184,-0.865941
3.84066,0.688098,-0.865263
3.84673,0.664851,-0.865715
3.84497,0.640276,-0.864359
3.83728,0.614823,-0.861648
3.84098,0.591267,-0.861648
3.83394,0.566124,-0.859162
3.83444,0.542179,-0.858484
3.84639,0.519815,-0.860518
3.8524,0.496577,-0.861196
3.85441,0.472812,-0.86097
3.86885,0.450503,-0.863682
3.87735,0.427396,-0.865037
3.88087,0.403697,-0.865263
3.88134,0.379688,-0.864811
3.87583,0.355155,-0.863004
3.87503,0.331118,-0.862326
3.87213,0.306951,-0.861196
3.86714,0.28269,-0.859614
3.87172,0.259151,-0.860292
3.88198,0.23592,-0.862326
3.88822,0.212362,-0.863456
3.88751,0.188406,-0.863004
3.88664,0.164467,-0.862552
3.88563,0.140546,-0.8621
3.88253,0.116585,-0.861196
3.88219,0.0927365,-0.86097
3.88269,0.068914,-0.86097
1.51605,0.0178479,-0.31186
1.51613,0.00854523,-0.31186
1.49862,-0.000744356,-0.307792
1.40313,-0.00928106,-0.285647
3.86642,-0.0500033,-0.857128
3.86506,-0.0737076,-0.856902
3.86843,-0.0975204,-0.857806
3.86582,-0.121194,-0.857354
3.86013,-0.144728,-0.856224
3.85333,-0.168156,-0.854869
3.84639,-0.191505,-0.853513
3.84417,-0.215048,-0.853287
3.84375,-0.238692,-0.853513
3.83444,-0.26174,-0.851705
3.8415,-0.285915,-0.853739
3.83871,-0.309402,-0.853513
3.82897,-0.332275,-0.851705
3.82395,-0.355493,-0.851027
3.81976,-0.378757,-0.850575
3.81833,-0.402289,-0.850801
3.82838,-0.427116,-0.853739
3.81891,-0.4498,-0.852157
3.82865,-0.474784,-0.855095
3.816,-0.497008,-0.852835
3.80709,-0.519622,-0.851479
3.8048,-0.54311,-0.851705
3.80043,-0.566302,-0.851479
3.78822,-0.588264,-0.849445
3.79223,-0.612741,-0.851253
3.78936,-0.636159,-0.851479
3.77963,-0.658395,-0.850123
3.77168,-0.680881,-0.849219
3.76169,-0.702937,-0.847864
3.76304,-0.727114,-0.849219
3.74609,-0.74771,-0.846282
3.75956,-0.774418,-0.850575
3.74426,-0.795244,-0.84809
3.73645,-0.817578,-0.847412
3.73136,-0.840489,-0.847412
3.73278,-0.864909,-0.848993
3.7274,-0.887796,-0.848993
3.72283,-0.910882,-0.849219
3.72095,-0.934658,-0.850123
3.71609,-0.957714,-0.850349
3.70355,-0.978755,-0.848767
3.69748,-1.00146,-0.848767
3.69408,-1.02491,-0.849445
3.68491,-1.04676,-0.848767
3.68964,-1.07261,-0.851479
3.69046,-1.09746,-0.853287
3.67806,-1.11838,-0.851931
3.66834,-1.14006,-0.851253
3.66685,-1.16431,-0.852609
3.65315,-1.18469,-0.851027
3.64766,-1.20769,-0.851479
3.63649,-1.2288,-0.850575
3.63625,-1.25363,-0.852383
3.63033,-1.27657,-0.852835
3.61784,-1.29718,-0.851705
3.61347,-1.32069,-0.852609
3.59891,-1.34045,-0.851027
3.58698,-1.36113,-0.850123
3.58128,-1.38417,-0.850801
3.56366,-1.40255,-0.848541
3.54233,-1.41931,-0.845378
3.54979,-1.44764,-0.849445
3.54174,-1.46977,-0.849671
3.53534,-1.49261,-0.850349
3.52522,-1.51389,-0.850123
3.52926,-1.54134,-0.853513
3.51439,-1.5606,-0.852157
3.52162,-1.58975,-0.85645
3.5118,-1.61133,-0.85645
3.52038,-1.64149,-0.861196
3.51465,-1.66515,-0.862326
3.4675,-1.66893,-0.852835
3.45282,-1.68804,-0.851705
3.43367,-1.70486,-0.849445
3.4275,-1.72809,-0.850575
3.41509,-1.7482,-0.850123
3.39393,-1.76373,-0.847412
3.402,-1.79452,-0.852383
3.36945,-1.80387,-0.846734
3.35832,-1.82451,-0.846734
3.35815,-1.85119,-0.849671
3.34333,-1.86986,-0.848767
3.30468,-1.87496,-0.841536
3.2813,-1.88839,-0.838373
3.26208,-1.90407,-0.836339
3.24866,-1.92306,-0.835887
3.23847,-1.94396,-0.836339
3.23313,-1.96785,-0.838147
3.24504,-2.00248,-0.8447
3.23765,-2.02546,-0.846056
3.21035,-2.03589,-0.841988
3.18551,-2.04765,-0.838599
3.17696,-2.06982,-0.839729
3.20728,-2.11773,-0.851705
3.20233,-2.14278,-0.853965
3.17702,-2.15419,-0.850575
3.15652,-2.16868,-0.848541
3.13516,-2.18244,-0.846282
3.11375,-2.19602,-0.844022
3.10259,-2.21678,-0.8447
3.08183,-2.23064,-0.842666
3.06259,-2.24547,-0.841084
3.05266,-2.26713,-0.842214
3.03947,-2.2864,-0.84244
3.03004,-2.30855,-0.843796
3.02353,-2.33305,-0.846056
3.00685,-2.34976,-0.845378
2.99467,-2.36998,-0.846056
2.96411,-2.37551,-0.84131
2.95628,-2.39918,-0.843344
2.9385,-2.4148,-0.84244
2.92063,-2.43029,-0.841536
2.90864,-2.45068,-0.84244
2.89503,-2.46974,-0.842892
2.88277,-2.49001,-0.843796
2.87257,-2.51214,-0.845378
2.86075,-2.53295,-0.846508
2.85676,-2.56086,-0.850123
2.83162,-2.56983,-0.847186
2.81149,-2.5832,-0.84583
2.78917,-2.59443,-0.843796
2.77603,-2.61417,-0.8447
2.74725,-2.61905,-0.840632
2.72903,-2.63383,-0.839955
2.69818,-2.63622,-0.835209
2.69996,-2.67054,-0.841084
2.67182,-2.67534,-0.837243
2.67656,-2.71319,-0.844248
2.66666,-2.73653,-0.846508
2.64442,-2.74723,-0.8447
2.62885,-2.76482,-0.845152
2.60851,-2.77734,-0.844022
2.59009,-2.79187,-0.84357
2.57225,-2.80699,-0.843344
2.55498,-2.82272,-0.843344
2.53307,-2.83326,-0.841762
2.51693,-2.85021,-0.842214
2.50579,-2.87294,-0.844474
2.48685,-2.88679,-0.844022
2.47161,-2.90496,-0.844926
2.45249,-2.91858,-0.844474
2.43142,-2.92982,-0.843344
2.41896,-2.95147,-0.845378
2.40203,-2.96777,-0.84583
2.38681,-2.98626,-0.84696
2.37025,-3.00314,-0.847638
2.35478,-3.02147,-0.848767
2.335,-3.03432,-0.848315
2.31104,-3.04161,-0.846282
2.2935,-3.05729,-0.846734
2.2689,-3.06347,-0.844474
2.24374,-3.06869,-0.841988
2.22715,-3.08556,-0.842892
2.20591,-3.09599,-0.841988
2.19024,-3.11425,-0.843344
2.18164,-3.14284,-0.847638
2.15846,-3.15054,-0.846056
2.14454,-3.17179,-0.848315
2.12612,-3.18651,-0.848767
2.10867,-3.20275,-0.849671
2.09004,-3.21726,-0.850123
2.06869,-3.22757,-0.849445
2.05301,-3.24679,-0.851253
2.03047,-3.25519,-0.850123
2.0125,-3.27091,-0.851027
1.99744,-3.29152,-0.853287
1.97271,-3.29619,-0.851253
1.95195,-3.3074,-0.851027
1.93211,-3.32015,-0.851253
1.91509,-3.33786,-0.852835
1.89362,-3.34785,-0.852383
1.87209,-3.35771,-0.851931
1.8463,-3.35974,-0.849445
1.82518,-3.37015,-0.849219
1.8008,-3.37441,-0.847412
1.78278,-3.39057,-0.848767
1.76194,-3.40144,-0.848767
1.74591,-3.42173,-0.851253
1.72575,-3.43412,-0.851705
1.70422,-3.44377,-0.851479
1.68391,-3.45592,-0.851931
1.66057,-3.46179,-0.850801
1.6447,-3.48337,-0.853739
1.62781,-3.50311,-0.856224
1.60142,-3.5024,-0.853513
1.5811,-3.51483,-0.854191
1.55754,-3.52001,-0.853061
1.53435,-3.52593,-0.852157
1.51307,-3.53617,-0.852383
1.48946,-3.5409,-0.851253
1.47031,-3.55627,-0.852835
1.45176,-3.57335,-0.854869
1.42908,-3.58038,-0.854417
1.40958,-3.59543,-0.855999
1.38644,-3.60129,-0.855321
1.36569,-3.61337,-0.856224
1.3435,-3.62168,-0.856224
1.31958,-3.62528,-0.855095
1.29404,-3.62414,-0.852835
1.2721,-3.63293,-0.853061
1.24947,-3.63974,-0.852835
1.22587,-3.64365,-0.851931
1.20258,-3.64832,-0.851253
1.18675,-3.67603,-0.856224
1.16388,-3.68231,-0.855999
1.14558,-3.70335,-0.859388
1.12396,-3.71403,-0.860292
0,0,0
1.08398,-3.7472,-0.865037
0,0,0
0,0,0
0,0,0
0,0,0
0,0,0
0,0,0
0,0,0
0,0,0
0,0,0
0,0,0
0,0,0
0,0,0
0,0,0
0.767384,-3.8713,-0.875658
0,0,0
0,0,0
0,0,0
0,0,0
0,0,0
0,0,0
0,0,0
0,0,0
0,0,0
0,0,0
0,0,0
0,0,0
0,0,0
0,0,0
0,0,0
0,0,0
0,0,0
0,0,0
0,0,0
0,0,0
0,0,0
0,0,0
0,0,0
0,0,0
0,0,0
0,0,0
0,0,0
0,0,0
0,0,0
0,0,0
0,0,0
0,0,0
0,0,0
0,0,0
0,0,0
0,0,0
0,0,0
0,0,0
0,0,0
0,0,0
0,0,0
0,0,0
0,0,0
0,0,0
0,0,0
0,0,0
0,0,0
0,0,0
0,0,0
0,0,0
0,0,0
0,0,0
0,0,0
0,0,0
0,0,0
0,0,0
0,0,0
0,0,0
0,0,0
0,0,0
0,0,0
0,0,0
0,0,0
0,0,0
0,0,0
0,0,0
0,0,0
0,0,0
0,0,0
0,0,0
0,0,0
0,0,0
0,0,0
0,0,0
0,0,0
0,0,0
0,0,0
0,0,0
0,0,0
0,0,0
0,0,0
0,0,0
0,0,0
0,0,0
0,0,0
0,0,0
0,0,0
0,0,0
0,0,0
0,0,0
0,0,0
0,0,0
0,0,0
0,0,0
0,0,0
0,0,0
0,0,0
0,0,0
0,0,0
0,0,0
0,0,0
0,0,0
0,0,0
0,0,0
0,0,0
0,0,0
0,0,0
0,0,0
0,0,0
0,0,0
0,0,0
0,0,0
0,0,0
0,0,0
0,0,0
0,0,0
0,0,0
0,0,0
0,0,0
0,0,0
0,0,0
0,0,0
0,0,0
0,0,0
0,0,0
0,0,0
0,0,0
0,0,0
0,0,0
0,0,0
0,0,0
0,0,0
0,0,0
0,0,0
0,0,0
0,0,0
0,0,0
0,0,0
0,0,0
0,0,0
0,0,0
0,0,0
0,0,0
0,0,0
0,0,0
0,0,0
0,0,0
0,0,0
0,0,0
0,0,0
0,0,0
0,0,0
0,0,0
0,0,0
0,0,0
0,0,0
0,0,0
0,0,0
0,0,0
0,0,0
0,0,0
0,0,0
0,0,0
0,0,0
0,0,0
0,0,0
0,0,0
0,0,0
0,0,0
0,0,0
0,0,0
0,0,0
0,0,0
0,0,0
0,0,0
0,0,0
0,0,0
0,0,0
0,0,0
0,0,0
0,0,0
0,0,0
0,0,0
0,0,0
0,0,0
0,0,0
0,0,0
0,0,0
0,0,0
0,0,0
0,0,0
0,0,0
0,0,0
0,0,0
0,0,0
0,0,0
0,0,0
0,0,0
0,0,0
0,0,0
0,0,0
0,0,0
0,0,0
0,0,0
0,0,0
0,0,0
0,0,0
0,0,0
0,0,0
0,0,0
0,0,0
0,0,0
0,0,0
0,0,0
0,0,0
0,0,0
0,0,0
0,0,0
0,0,0
0,0,0
0,0,0
0,0,0
0,0,0
0,0,0
0,0,0
0,0,0
0,0,0
0,0,0
0,0,0
0,0,0
0,0,0
0,0,0
0,0,0
0,0,0
0,0,0
0,0,0
0,0,0
0,0,0
0,0,0
0,0,0
0,0,0
0,0,0
0,0,0
0,0,0
0,0,0
0,0,0
0,0,0
0,0,0
0,0,0
0,0,0
0,0,0
0,0,0
0,0,0
0,0,0
0,0,0
0,0,0
0,0,0
0,0,0
0,0,0
0,0,0
0,0,0
0,0,0
0,0,0
0,0,0
0,0,0
0,0,0
0,0,0
0,0,0
0,0,0
0,0,0
0,0,0
0,0,0
0,0,0
0,0,0
0,0,0
0,0,0
0,0,0
0,0,0
0,0,0
0,0,0
0,0,0
0,0,0
0,0,0
0,0,0
0,0,0
0,0,0
0,0,0
0,0,0
0,0,0
0,0,0
0,0,0
0,0,0
0,0,0
0,0,0
0,0,0
0,0,0
0,0,0
0,0,0
0,0,0
0,0,0
0,0,0
0,0,0
0,0,0
0,0,0
0,0,0
0,0,0
0,0,0
0,0,0
0,0,0
0,0,0
0,0,0
0,0,0
0,0,0
0,0,0
0,0,0
0,0,0
0,0,0
0,0,0
0,0,0
0,0,0
0,0,0
0,0,0
0,0,0
0,0,0
0,0,0
0,0,0
0,0,0
0,0,0
0,0,0
0,0,0
0,0,0
0,0,0
0,0,0
0,0,0
0,0,0
0,0,0
0,0,0
0,0,0
0,0,0
0,0,0
0,0,0
0,0,0
0,0,0
0,0,0
0,0,0
0,0,0
0,0,0
0,0,0
0,0,0
0,0,0
0,0,0
0,0,0
0,0,0
0,0,0
0,0,0
0,0,0
0,0,0
0,0,0
0,0,0
0,0,0
0,0,0
0,0,0
0,0,0
0,0,0
0,0,0
0,0,0
0,0,0
0,0,0
0,0,0
0,0,0
0,0,0
0,0,0
0,0,0
0,0,0
0,0,0
0,0,0
0,0,0
0,0,0
0,0,0
0,0,0
0,0,0
0,0,0
0,0,0
0,0,0
0,0,0
0,0,0
0,0,0
0,0,0
0,0,0
0,0,0
0,0,0
0,0,0
0,0,0
0,0,0
0,0,0
0,0,0
0,0,0
0,0,0
0,0,0
0,0,0
0,0,0
0,0,0
0,0,0
0,0,0
0,0,0
0,0,0
0,0,0
0,0,0
0,0,0
0,0,0
0,0,0
0,0,0
0,0,0
0,0,0
0,0,0
0,0,0
0,0,0
0,0,0
0,0,0
0,0,0
0,0,0
0,0,0
0,0,0
0,0,0
0,0,0
0,0,0
0,0,0
0,0,0
0,0,0
0,0,0
0,0,0
0,0,0
0,0,0
0,0,0
0,0,0
0,0,0
0,0,0
0,0,0
0,0,0
0,0,0
0,0,0
0,0,0
0,0,0
0,0,0
0,0,0
0,0,0
0,0,0
0,0,0
0,0,0
0,0,0
0,0,0
0,0,0
0,0,0
0,0,0
0,0,0
0,0,0
0,0,0
0,0,0
0,0,0
0,0,0
0,0,0
0,0,0
0,0,0
0,0,0
0,0,0
0,0,0
0,0,0
0,0,0
0,0,0
0,0,0
0,0,0
0,0,0
0,0,0
0,0,0
0,0,0
0,0,0
0,0,0
0,0,0
0,0,0
0,0,0
0,0,0
0,0,0
0,0,0
0,0,0
0,0,0
0,0,0
0,0,0
0,0,0
0,0,0
0,0,0
0,0,0
0,0,0
0,0,0
0,0,0
0,0,0
0,0,0
0,0,0
0,0,0
0,0,0
0,0,0
0,0,0
0,0,0
0,0,0
0,0,0
0,0,0
0,0,0
0,0,0
0,0,0
0,0,0
0,0,0
0,0,0
0,0,0
0,0,0
0,0,0
0,0,0
0,0,0
0,0,0
0,0,0
0,0,0
0,0,0
0,0,0
0,0,0
0,0,0
0,0,0
0,0,0
0,0,0
0,0,0
0,0,0
0,0,0
0,0,0
0,0,0
0,0,0
0,0,0
0,0,0
0,0,0
0,0,0
0,0,0
0,0,0
0,0,0
0,0,0
0,0,0
0,0,0
0,0,0
0,0,0
0,0,0
0,0,0
0,0,0
0,0,0
0,0,0
0,0,0
0,0,0
0,0,0
0,0,0
0,0,0
0,0,0
0,0,0
0,0,0
0,0,0
0,0,0
0,0,0
0,0,0
0,0,0
0,0,0
0,0,0
0,0,0
0,0,0
0,0,0
0,0,0
0,0,0
0,0,0
0,0,0
0,0,0
0,0,0
0,0,0
0,0,0
0,0,0
0,0,0
0,0,0
0,0,0
0,0,0
0,0,0
0,0,0
0,0,0
0,0,0
0,0,0
0,0,0
0,0,0
0,0,0
0,0,0
0,0,0
0,0,0
0,0,0
0,0,0
0,0,0
0,0,0
0,0,0
0,0,0
0,0,0
0,0,0
0,0,0
0,0,0
0,0,0
0,0,0
0,0,0
0,0,0
0,0,0
0,0,0
0.965971,3.17467,-0.772575
0.982551,3.1594,-0.770196
1.00897,3.17553,-0.775905
1.03353,3.18499,-0.779948
1.05091,3.17214,-0.778283
1.07222,3.17115,-0.77971
1.08945,3.15808,-0.778045
1.1146,3.16783,-0.782327
1.13369,3.16002,-0.782089
1.15039,3.1457,-0.780186
1.16594,3.12857,-0.77757
1.18167,3.11228,-0.775191
1.1962,3.09319,-0.772099
1.21551,3.0867,-0.772337
1.23262,3.07467,-0.771147
1.2522,3.06885,-0.771623
1.27063,3.06021,-0.771385
1.29203,3.05862,-0.77305
1.31652,3.06402,-0.776618
1.33218,3.04877,-0.774715
1.34968,3.03787,-0.774002
1.3679,3.02865,-0.773764
1.39577,3.0405,-0.779235
1.4185,3.04069,-0.781613
1.44337,3.04509,-0.785181
1.4595,3.03093,-0.783754
1.47935,3.02453,-0.784467
1.49529,3.01018,-0.78304
1.51111,2.99574,-0.781613
1.51575,2.95961,-0.77424
1.52492,2.93302,-0.769482
1.54244,2.92274,-0.769245
1.5663,2.92436,-0.772337
1.5805,2.90786,-0.770434
1.59785,2.89726,-0.770196
1.61702,2.88995,-0.77091
1.63664,2.88335,-0.771861
1.6635,2.88925,-0.77638
1.67875,2.87479,-0.775191
1.70378,2.87698,-0.778759
1.73189,2.88396,-0.783754
1.75258,2.87826,-0.785181
1.7748,2.87489,-0.787322
1.79756,2.87218,-0.7897
1.81775,2.8652,-0.790889
1.8395,2.86053,-0.792792
1.86496,2.86139,-0.79636
1.88837,2.85881,-0.798977
1.91344,2.85848,-0.802306
1.93694,2.85553,-0.804923
1.95992,2.85159,-0.807301
1.98293,2.84749,-0.80968
2.00876,2.84717,-0.813248
2.03184,2.8427,-0.815626
2.05664,2.84041,-0.818719
2.08666,2.84497,-0.823951
2.11045,2.84069,-0.826568
2.1401,2.84399,-0.831563
2.16928,2.84626,-0.83632
2.19797,2.84751,-0.840839
2.22976,2.85234,-0.846548
2.25806,2.85231,-0.850829
2.28281,2.8475,-0.853683
2.31125,2.84702,-0.857965
2.33485,2.84029,-0.860343
2.36155,2.83711,-0.863911
2.38517,2.82999,-0.86629
2.40879,2.8227,-0.868668
2.42987,2.81227,-0.870095
2.45539,2.80682,-0.873187
2.48158,2.80188,-0.876517
2.49808,2.78588,-0.87628
2.51839,2.7741,-0.877469
2.5485,2.7729,-0.882226
2.57275,2.76503,-0.884842
2.59832,2.75839,-0.887934
2.61989,2.74732,-0.889599
2.63872,2.73329,-0.890313
2.65883,2.72052,-0.891502
2.67821,2.70691,-0.892454
2.69133,2.687,-0.891264
2.70915,2.6718,-0.89174
2.72341,2.65309,-0.891027
2.73683,2.63364,-0.890075
2.75365,2.61746,-0.890313
2.77036,2.60118,-0.890551
2.7877,2.58546,-0.891027
2.79921,2.56436,-0.889599
2.82569,2.55692,-0.893167
2.84495,2.54277,-0.894357
2.85686,2.52205,-0.893167
2.87594,2.50767,-0.894357
2.8898,2.48871,-0.893881
2.89836,2.46526,-0.89174
2.91863,2.45181,-0.893405
2.93512,2.43509,-0.893881
2.95,2.41704,-0.893881
2.95874,2.394,-0.891978
2.96731,2.37095,-0.890075
2.97265,2.34547,-0.887221
2.97626,2.31883,-0.883891
2.98581,2.29697,-0.882464
2.99753,2.27684,-0.88175
3.01145,2.25841,-0.88175
3.02291,2.23815,-0.881037
3.02953,2.2144,-0.878896
3.06196,2.20942,-0.884604
3.08099,2.19453,-0.886269
3.09758,2.17782,-0.887221
3.11487,2.16155,-0.88841
3.09523,2.11988,-0.878658
3.13875,2.12153,-0.887697
3.15009,2.10115,-0.887221
3.15643,2.07751,-0.885318
3.16424,2.05492,-0.883891
3.16943,2.03075,-0.88175
3.18018,2.01023,-0.881275
3.19246,1.99068,-0.881275
3.20958,1.97411,-0.882702
3.21333,1.94933,-0.880323
3.22356,1.92858,-0.879847
3.2345,1.90827,-0.87961
3.24195,1.88595,-0.87842
3.2543,1.8665,-0.878658
3.26992,1.84889,-0.879847
3.28799,1.83258,-0.88175
3.29662,1.81097,-0.881037
3.30767,1.7907,-0.881037
3.3006,1.76077,-0.876042
3.29415,1.73144,-0.871285
3.29522,1.70628,-0.868668
3.30044,1.68338,-0.867241
3.30984,1.66266,-0.867003
3.32346,1.64404,-0.867955
3.33872,1.62617,-0.869382
3.35565,1.60902,-0.871285
3.37248,1.59172,-0.873187
3.38483,1.57222,-0.873901
3.42091,1.56354,-0.881037
3.44904,1.5509,-0.886032
3.43895,1.52105,-0.880799
3.43041,1.49217,-0.876042
3.43146,1.46765,-0.873901
3.44219,1.44732,-0.874377
3.44652,1.42432,-0.873187
3.4507,1.40132,-0.871998
3.45111,1.37688,-0.869857
3.44955,1.35177,-0.867241
3.47047,1.33547,-0.870571
3.49131,1.31896,-0.873901
3.4957,1.29616,-0.87295
3.52823,1.28366,-0.879372
3.54244,1.26427,-0.881037
3.54372,1.24027,-0.879372
3.55861,1.22102,-0.881275
3.56879,1.2001,-0.881988
3.57886,1.17909,-0.882702
3.58048,1.15531,-0.881275
3.57454,1.12922,-0.877945
3.56562,1.10239,-0.873901
3.55652,1.0757,-0.869857
3.56305,1.05386,-0.869857
3.56385,1.03036,-0.86843
3.5617,1.00609,-0.86629
3.5678,0.984219,-0.86629
3.57377,0.962308,-0.86629
3.58431,0.941597,-0.867479
3.5966,0.921276,-0.869144
3.60502,0.899897,-0.869857
3.61613,0.879138,-0.871285
3.62146,0.856934,-0.871285
3.63233,0.836006,-0.872712
3.64213,0.814764,-0.873901
3.64421,0.791781,-0.873187
3.649,0.769406,-0.873187
3.65651,0.747586,-0.873901
3.66103,0.725136,-0.873901
3.67018,0.703575,-0.87509
3.66965,0.680155,-0.873901
3.66706,0.656426,-0.872236
3.67485,0.634575,-0.873187
3.66717,0.610098,-0.870333
3.66318,0.586355,-0.86843
3.66863,0.564163,-0.868906
3.66145,0.54008,-0.86629
3.66854,0.518148,-0.867241
3.66203,0.494326,-0.864863
3.67366,0.472966,-0.867003
3.68324,0.451245,-0.868668
3.68401,0.428411,-0.868192
3.6914,0.406331,-0.869382
3.69285,0.383573,-0.869144
3.69127,0.360528,-0.868192
3.69051,0.337606,-0.867479
3.68381,0.314209,-0.865338
3.68663,0.291677,-0.865576
3.68835,0.269051,-0.865576
3.68315,0.245959,-0.863911
3.68556,0.223414,-0.864149
3.68977,0.200955,-0.864863
3.68705,0.178123,-0.863911
3.68614,0.155413,-0.863435
3.68702,0.132793,-0.863435
3.67903,0.109903,-0.861295
3.67381,0.0871872,-0.859868
3.67622,0.0646783,-0.860343
1.51749,0.0167069,-0.331591
1.51174,0.00736256,-0.330163
1.49718,-0.00190611,-0.326596
3.69224,-0.0256632,-0.864149
3.6891,-0.0482806,-0.863435
3.68582,-0.0708605,-0.862722
3.68725,-0.0935236,-0.863198
3.67884,-0.115904,-0.861295
3.67515,-0.138366,-0.860581
3.67617,-0.160998,-0.861057
3.67124,-0.183359,-0.860105
3.67586,-0.206207,-0.861533
3.67647,-0.228878,-0.862008
3.67596,-0.251498,-0.862246
3.67532,-0.27412,-0.862484
3.67163,-0.29651,-0.862008
3.66974,-0.319034,-0.862008
3.66191,-0.341006,-0.860581
3.65975,-0.363469,-0.860581
3.66325,-0.386527,-0.862008
3.66467,-0.409428,-0.86296
3.65823,-0.431452,-0.862008
3.65166,-0.453413,-0.861057
3.63339,-0.473806,-0.857251
3.63234,-0.496353,-0.857727
3.635,-0.519454,-0.859154
3.63174,-0.541748,-0.859154
3.63027,-0.56432,-0.85963
3.6277,-0.586739,-0.859868
3.62116,-0.608505,-0.859154
3.61161,-0.629714,-0.857727
3.60481,-0.651345,-0.857013
3.59311,-0.672025,-0.85511
3.5851,-0.693323,-0.854159
3.58555,-0.716258,-0.855348
3.58204,-0.73844,-0.855586
3.58124,-0.761212,-0.856538
3.57935,-0.783794,-0.857251
3.57447,-0.805742,-0.857251
3.57324,-0.828536,-0.858203
3.57187,-0.851345,-0.859154
3.56375,-0.872553,-0.85844
3.56116,-0.895113,-0.859154
3.55654,-0.917189,-0.859392
3.54333,-0.93701,-0.857489
3.53001,-0.956704,-0.855586
3.51752,-0.976529,-0.853921
3.50399,-0.995971,-0.852018
3.51367,-1.02206,-0.856062
3.50733,-1.0436,-0.856062
3.50644,-1.0668,-0.857489
3.49148,-1.0857,-0.855348
3.50419,-1.11327,-0.860343
3.50192,-1.13625,-0.861533
3.50871,-1.16229,-0.8651
3.47851,-1.17603,-0.859154
3.47949,-1.2002,-0.861295
3.47848,-1.22378,-0.86296
3.45627,-1.23986,-0.859154
3.44586,-1.26004,-0.85844
3.43078,-1.27845,-0.856538
3.42741,-1.3012,-0.857727
3.41755,-1.3215,-0.857251
3.39221,-1.33569,-0.852732
3.38395,-1.35648,-0.852732
3.37826,-1.37832,-0.853445
3.36705,-1.39791,-0.852732
3.37809,-1.42685,-0.857965
3.35321,-1.44065,-0.853683
3.3452,-1.46159,-0.853921
3.33439,-1.4813,-0.853445
3.32789,-1.50293,-0.854159
3.31861,-1.52332,-0.854159
3.31448,-1.54612,-0.855586
3.29791,-1.5631,-0.853683
3.28651,-1.58246,-0.853208
3.2907,-1.60942,-0.857013
3.28511,-1.63174,-0.858203
3.2707,-1.64968,-0.857013
3.25533,-1.66707,-0.855586
3.25107,-1.69014,-0.857251
3.23978,-1.70961,-0.857013
3.22152,-1.72533,-0.854873
3.21941,-1.7497,-0.857251
3.1865,-1.75723,-0.851067
3.18413,-1.78149,-0.853445
3.17737,-1.80339,-0.854635
3.16203,-1.82043,-0.853445
3.14996,-1.83931,-0.853208
3.14196,-1.86058,-0.854159
3.13049,-1.87982,-0.854159
3.12055,-1.90001,-0.854635
3.10801,-1.91861,-0.854397
3.09288,-1.93558,-0.853445
3.07603,-1.9514,-0.852018
3.05909,-1.96709,-0.850591
3.05185,-1.989,-0.852018
3.02986,-2.00127,-0.849164
3.01349,-2.01712,-0.847975
2.9914,-2.02904,-0.84512
2.9781,-2.0468,-0.844883
2.95831,-2.06005,-0.842742
2.95831,-2.08711,-0.846548
2.96126,-2.11652,-0.851305
2.94192,-2.13009,-0.849402
2.92331,-2.14408,-0.847737
2.90932,-2.1614,-0.847499
2.89833,-2.18096,-0.848213
2.8849,-2.19871,-0.848213
2.87827,-2.2217,-0.850353
2.86382,-2.23873,-0.850115
2.85079,-2.25686,-0.850353
2.83386,-2.27188,-0.849402
2.81458,-2.28494,-0.847737
2.79676,-2.29908,-0.846548
2.77961,-2.31372,-0.845596
2.76165,-2.3276,-0.844407
2.74731,-2.3445,-0.844407
2.73655,-2.36449,-0.845596
2.72272,-2.38187,-0.845834
2.72115,-2.41012,-0.850115
2.70559,-2.42613,-0.849878
2.69425,-2.44595,-0.851067
2.67418,-2.45783,-0.849402
2.65834,-2.47353,-0.849164
2.64311,-2.4898,-0.849164
2.62216,-2.50061,-0.847261
2.60467,-2.51463,-0.846548
2.59266,-2.53395,-0.847737
2.57845,-2.55118,-0.848213
2.56137,-2.56558,-0.847737
2.54627,-2.58194,-0.847975
2.53173,-2.59891,-0.84845
2.51776,-2.61649,-0.849164
2.503,-2.6333,-0.84964
2.48546,-2.64719,-0.849164
2.4738,-2.66737,-0.850829
2.45607,-2.68107,-0.850353
2.44023,-2.69681,-0.850591
2.42752,-2.71608,-0.852018
2.40823,-2.72801,-0.851067
2.39081,-2.742,-0.850829
2.37648,-2.75956,-0.85178
2.35572,-2.76966,-0.850353
2.33868,-2.78406,-0.850353
2.31846,-2.79462,-0.849164
2.30126,-2.80879,-0.849164
2.27971,-2.81757,-0.847499
2.26541,-2.8353,-0.848688
2.24917,-2.85067,-0.849164
2.22985,-2.86212,-0.84845
2.22113,-2.8873,-0.852018
2.2069,-2.90551,-0.853445
2.18553,-2.91434,-0.852018
2.17455,-2.93706,-0.854873
2.14731,-2.9378,-0.851067
2.1355,-2.95958,-0.853683
2.11674,-2.97184,-0.853445
2.09678,-2.98239,-0.852732
2.08786,-3.00876,-0.856775
2.06497,-3.01511,-0.854873
2.05078,-3.03416,-0.856775
2.03429,-3.04991,-0.857727
2.01607,-3.06315,-0.857965
1.99353,-3.06976,-0.8563
1.97099,-3.07621,-0.854635
1.95363,-3.09071,-0.855348
1.93206,-3.09852,-0.854159
1.91097,-3.10701,-0.853208
1.89036,-3.11618,-0.852494
1.8737,-3.13189,-0.853683
1.85692,-3.14751,-0.854873
1.83708,-3.158,-0.854635
1.82105,-3.17511,-0.8563
1.79867,-3.18116,-0.854873
1.77959,-3.19298,-0.85511
1.7595,-3.20299,-0.854873
1.74073,-3.21543,-0.855348
1.72143,-3.22691,-0.855586
1.7016,-3.23741,-0.855586
1.68706,-3.25814,-0.85844
1.66483,-3.26411,-0.857251
1.64739,-3.27947,-0.858678
1.62594,-3.2869,-0.857965
1.60319,-3.29158,-0.856538
1.58423,-3.30398,-0.857251
1.56309,-3.31188,-0.856775
1.54274,-3.32141,-0.856775
1.52153,-3.32905,-0.8563
1.50107,-3.33832,-0.8563
1.48134,-3.34924,-0.856775
1.46154,-3.36005,-0.857251
1.44395,-3.3761,-0.859154
1.42359,-3.38579,-0.859392
1.40019,-3.38818,-0.857727
1.37864,-3.39491,-0.857251
1.35851,-3.40511,-0.857727
1.34468,-3.43146,-0.862484
1.32674,-3.44781,-0.864625
1.309,-3.46497,-0.867003
1.28805,-3.47385,-0.867241
1.26638,-3.48077,-0.867003
1.23617,-3.46378,-0.860581
1.20976,-3.45663,-0.856775
1.1879,-3.46215,-0.8563
1.1626,-3.45741,-0.853208
1.14684,-3.48108,-0.857489
0,0,0
1.11751,-3.53749,-0.86843
1.10325,-3.56841,-0.874615
1.08978,-3.603,-0.88175
1.07261,-3.62638,-0.886032
0,0,0
0,0,0
0,0,0
0,0,0
0,0,0
0,0,0
0,0,0
0,0,0
0,0,0
0,0,0
0,0,0
0,0,0
0,0,0
0,0,0
0,0,0
0,0,0
0,0,0
0,0,0
0,0,0
0,0,0
0,0,0
0,0,0
0,0,0
0,0,0
0,0,0
0,0,0
0,0,0
0,0,0
0,0,0
0,0,0
0,0,0
0,0,0
0,0,0
0,0,0
0,0,0
0,0,0
0,0,0
0,0,0
0,0,0
0,0,0
0,0,0
0,0,0
0,0,0
0,0,0
0,0,0
0,0,0
0,0,0
0,0,0
0,0,0
0,0,0
0,0,0
0,0,0
0,0,0
0,0,0
0,0,0
0,0,0
0,0,0
0,0,0
0,0,0
0,0,0
0,0,0
0,0,0
0,0,0
0,0,0
0,0,0
0,0,0
0,0,0
0,0,0
0,0,0
0,0,0
0,0,0
0,0,0
0,0,0
0,0,0
0,0,0
0,0,0
0,0,0
0,0,0
0,0,0
0,0,0
0,0,0
0,0,0
0,0,0
0,0,0
0,0,0
0,0,0
0,0,0
0,0,0
0,0,0
0,0,0
0,0,0
0,0,0
0,0,0
0,0,0
0,0,0
0,0,0
0,0,0
0,0,0
0,0,0
0,0,0
0,0,0
0,0,0
0,0,0
0,0,0
0,0,0
0,0,0
0,0,0
0,0,0
0,0,0
0,0,0
0,0,0
0,0,0
0,0,0
0,0,0
0,0,0
0,0,0
0,0,0
0,0,0
0,0,0
0,0,0
0,0,0
0,0,0
0,0,0
0,0,0
0,0,0
0,0,0
0,0,0
0,0,0
0,0,0
0,0,0
0,0,0
0,0,0
0,0,0
0,0,0
0,0,0
0,0,0
0,0,0
0,0,0
0,0,0
0,0,0
0,0,0
0,0,0
0,0,0
0,0,0
0,0,0
0,0,0
0,0,0
0,0,0
0,0,0
0,0,0
0,0,0
0,0,0
0,0,0
0,0,0
0,0,0
0,0,0
0,0,0
0,0,0
0,0,0
0,0,0
0,0,0
0,0,0
0,0,0
0,0,0
0,0,0
0,0,0
0,0,0
0,0,0
0,0,0
0,0,0
0,0,0
0,0,0
0,0,0
0,0,0
0,0,0
0,0,0
0,0,0
0,0,0
0,0,0
0,0,0
0,0,0
0,0,0
0,0,0
0,0,0
0,0,0
0,0,0
0,0,0
0,0,0
0,0,0
0,0,0
0,0,0
0,0,0
0,0,0
0,0,0
0,0,0
0,0,0
0,0,0
0,0,0
0,0,0
0,0,0
0,0,0
0,0,0
0,0,0
0,0,0
0,0,0
0,0,0
0,0,0
0,0,0
0,0,0
0,0,0
0,0,0
0,0,0
0,0,0
0,0,0
0,0,0
0,0,0
0,0,0
0,0,0
0,0,0
0,0,0
0,0,0
0,0,0
0,0,0
0,0,0
0,0,0
0,0,0
0,0,0
0,0,0
0,0,0
0,0,0
0,0,0
0,0,0
0,0,0
0,0,0
0,0,0
0,0,0
0,0,0
0,0,0
0,0,0
0,0,0
0,0,0
0,0,0
0,0,0
0,0,0
0,0,0
0,0,0
0,0,0
0,0,0
0,0,0
0,0,0
0,0,0
0,0,0
0,0,0
0,0,0
0,0,0
0,0,0
0,0,0
0,0,0
0,0,0
0,0,0
0,0,0
0,0,0
0,0,0
0,0,0
0,0,0
0,0,0
0,0,0
0,0,0
0,0,0
0,0,0
0,0,0
0,0,0
0,0,0
0,0,0
0,0,0
0,0,0
0,0,0
0,0,0
0,0,0
0,0,0
0,0,0
0,0,0
0,0,0
0,0,0
0,0,0
0,0,0
0,0,0
0,0,0
0,0,0
0,0,0
0,0,0
0,0,0
0,0,0
0,0,0
0,0,0
0,0,0
0,0,0
0,0,0
0,0,0
0,0,0
0,0,0
0,0,0
0,0,0
0,0,0
0,0,0
0,0,0
0,0,0
0,0,0
0,0,0
0,0,0
0,0,0
0,0,0
0,0,0
0,0,0
0,0,0
0,0,0
0,0,0
0,0,0
0,0,0
0,0,0
0,0,0
0,0,0
0,0,0
0,0,0
0,0,0
0,0,0
0,0,0
0,0,0
0,0,0
0,0,0
0,0,0
0,0,0
0,0,0
0,0,0
0,0,0
0,0,0
0,0,0
0,0,0
0,0,0
0,0,0
0,0,0
0,0,0
0,0,0
0,0,0
0,0,0
0,0,0
0,0,0
0,0,0
0,0,0
0,0,0
0,0,0
0,0,0
0,0,0
0,0,0
0,0,0
0,0,0
0,0,0
0,0,0
0,0,0
0,0,0
0,0,0
0,0,0
0,0,0
0,0,0
0,0,0
0,0,0
0,0,0
0,0,0
0,0,0
0,0,0
0,0,0
0,0,0
0,0,0
0,0,0
0,0,0
0,0,0
0,0,0
0,0,0
0,0,0
0,0,0
0,0,0
0,0,0
0,0,0
0,0,0
0,0,0
0,0,0
0,0,0
0,0,0
0,0,0
0,0,0
0,0,0
0,0,0
0,0,0
0,0,0
0,0,0
0,0,0
0,0,0
0,0,0
0,0,0
0,0,0
0,0,0
0,0,0
0,0,0
0,0,0
0,0,0
0,0,0
0,0,0
0,0,0
0,0,0
0,0,0
0,0,0
0,0,0
0,0,0
0,0,0
0,0,0
0,0,0
0,0,0
0,0,0
0,0,0
0,0,0
0,0,0
0,0,0
0,0,0
0,0,0
0,0,0
0,0,0
0,0,0
0,0,0
0,0,0
0,0,0
0,0,0
0,0,0
0,0,0
0,0,0
0,0,0
0,0,0
0,0,0
0,0,0
0,0,0
0,0,0
0,0,0
0,0,0
0,0,0
0,0,0
0,0,0
0,0,0
0,0,0
0,0,0
0,0,0
0,0,0
0,0,0
0,0,0
0,0,0
0,0,0
0,0,0
0,0,0
0,0,0
0,0,0
0,0,0
0,0,0
0,0,0
0,0,0
0,0,0
0,0,0
0,0,0
0,0,0
0,0,0
0,0,0
0,0,0
0,0,0
0,0,0
0,0,0
0,0,0
0,0,0
0,0,0
0,0,0
0,0,0
0,0,0
0,0,0
0,0,0
0,0,0
0,0,0
0,0,0
0,0,0
0,0,0
0,0,0
0,0,0
0,0,0
0,0,0
0,0,0
0,0,0
0,0,0
0,0,0
0,0,0
0,0,0
0,0,0
0,0,0
0,0,0
0,0,0
0,0,0
0,0,0
0,0,0
0,0,0
0,0,0
0,0,0
0,0,0
0,0,0
0,0,0
0,0,0
0,0,0
0,0,0
0,0,0
0,0,0
0,0,0
0,0,0
0,0,0
0,0,0
0,0,0
0,0,0
0,0,0
0,0,0
0,0,0
0,0,0
0,0,0
0,0,0
0,0,0
0,0,0
0,0,0
0,0,0
0,0,0
0,0,0
0,0,0
0,0,0
0,0,0
0,0,0
0,0,0
0,0,0
0,0,0
0,0,0
0,0,0
0,0,0
0,0,0
0,0,0
0,0,0
0,0,0
0,0,0
0,0,0
0,0,0
0,0,0
0,0,0
0,0,0
0,0,0
0,0,0
0,0,0
0,0,0
0,0,0
0,0,0
0,0,0
0,0,0
0,0,0
0,0,0
0,0,0
0,0,0
0,0,0
0,0,0
0,0,0
0,0,0
0,0,0
0,0,0
0,0,0
0,0,0
0,0,0
0,0,0
0,0,0
0,0,0
0,0,0
0,0,0
0,0,0
0,0,0
0,0,0
0,0,0
0,0,0
0,0,0
0,0,0
0,0,0
0,0,0
0,0,0
0,0,0
0,0,0
0,0,0
0,0,0
0,0,0
0,0,0
0.994514,3.06875,-0.788027
1.00845,3.04787,-0.784047
1.02621,3.03888,-0.783301
1.04294,3.02703,-0.781809
1.05892,3.01326,-0.77982
1.07903,3.01127,-0.781063
1.09383,2.99458,-0.778328
1.11725,3.00143,-0.782058
1.13324,2.98818,-0.780317
1.15225,2.98297,-0.780814
1.17231,2.98036,-0.782058
1.18661,2.96322,-0.779322
1.20331,2.95229,-0.778328
1.22103,2.94396,-0.778079
1.23945,2.9373,-0.778328
1.25706,2.92875,-0.778079
1.27579,2.92276,-0.778576
1.29527,2.91842,-0.779571
1.31674,2.91836,-0.781809
1.33583,2.91287,-0.782555
1.35654,2.91076,-0.784296
1.37769,2.90938,-0.786286
1.39762,2.90524,-0.787529
1.41712,2.90009,-0.788524
1.43489,2.89134,-0.788524
1.4513,2.87989,-0.787778
1.46982,2.87265,-0.788275
1.4901,2.86874,-0.789767
1.51129,2.86639,-0.791757
1.53342,2.86561,-0.794244
1.55606,2.86551,-0.796979
1.57875,2.86524,-0.799715
1.60103,2.86395,-0.802202
1.62192,2.85997,-0.803943
1.64234,2.855,-0.805435
1.66324,2.85072,-0.807176
1.68662,2.85047,-0.81016
1.71255,2.85418,-0.814388
1.73859,2.85769,-0.818615
1.76423,2.86015,-0.822594
1.78689,2.85749,-0.825081
1.81009,2.85547,-0.827817
1.83229,2.85164,-0.830055
1.85346,2.84602,-0.831796
1.87675,2.84349,-0.834531
1.90224,2.844,-0.838262
1.92944,2.8467,-0.842738
1.9551,2.84678,-0.846469
1.98083,2.84666,-0.850199
2.00998,2.85107,-0.855421
2.03138,2.84421,-0.857162
2.05958,2.8466,-0.861887
2.08388,2.84328,-0.864872
2.10591,2.83666,-0.866861
2.13084,2.83375,-0.870094
2.15465,2.8291,-0.87283
2.17788,2.82349,-0.875317
2.20411,2.82152,-0.879047
2.2358,2.82617,-0.885016
2.25734,2.81769,-0.886756
2.26727,2.79476,-0.883772
2.27453,2.76883,-0.879793
2.28652,2.74886,-0.877804
2.30834,2.74071,-0.879793
2.34774,2.75302,-0.888746
2.37409,2.74956,-0.892476
2.37689,2.7189,-0.887005
2.39096,2.70136,-0.88601
2.42042,2.70107,-0.890984
2.42523,2.67325,-0.886508
2.45666,2.67473,-0.892228
2.4783,2.66528,-0.894217
2.50058,2.65637,-0.896455
2.52686,2.65149,-0.900186
2.54442,2.63733,-0.900683
2.56056,2.62167,-0.900683
2.57387,2.60315,-0.899688
2.585,2.58252,-0.897947
2.6008,2.56661,-0.897947
2.6165,2.5506,-0.897947
2.63349,2.53584,-0.898445
2.64479,2.51563,-0.896953
2.6623,2.50134,-0.897699
2.67049,2.47837,-0.895212
2.68422,2.46063,-0.894714
2.70071,2.44542,-0.895212
2.71783,2.43074,-0.895958
2.72906,2.41081,-0.894714
2.74161,2.39211,-0.893968
2.7533,2.37271,-0.892974
2.76043,2.3495,-0.890487
2.77628,2.33376,-0.890984
2.78607,2.31297,-0.889492
2.79572,2.29215,-0.888
2.81425,2.27861,-0.889492
2.82515,2.25888,-0.888497
2.83288,2.2367,-0.886508
2.84807,2.22046,-0.887005
2.85781,2.19999,-0.885762
2.86817,2.18007,-0.884767
2.88227,2.16301,-0.885016
2.88848,2.1401,-0.882777
2.90077,2.12176,-0.882529
2.91452,2.10449,-0.882777
2.92738,2.08657,-0.882777
2.93934,2.06801,-0.882529
2.95197,2.04994,-0.882529
2.96689,2.03343,-0.883275
2.98011,2.01573,-0.883523
2.99323,1.99794,-0.883772
3.0022,1.97741,-0.882777
3.01428,1.95895,-0.882777
3.02135,1.93728,-0.881285
3.03318,1.9187,-0.881285
3.03996,1.89698,-0.879793
3.05732,1.88185,-0.881534
3.0746,1.86657,-0.883275
3.09265,1.85165,-0.885264
3.11062,1.83658,-0.887254
3.12267,1.81794,-0.887502
3.13125,1.7973,-0.886756
3.13716,1.77519,-0.885264
3.13953,1.75119,-0.882777
3.14258,1.7277,-0.880539
3.14716,1.70515,-0.878798
3.15329,1.68353,-0.877555
3.1567,1.66054,-0.875565
3.17113,1.64337,-0.876809
3.18461,1.62564,-0.877804
3.19106,1.60433,-0.876809
3.20779,1.58816,-0.878798
3.21486,1.56717,-0.878052
3.22441,1.54742,-0.878052
3.22947,1.52554,-0.876809
3.23086,1.50202,-0.874571
3.23562,1.48015,-0.873327
3.2305,1.45391,-0.869348
3.23936,1.43406,-0.869348
3.24633,1.41339,-0.868851
3.25939,1.39535,-0.870094
3.27235,1.3772,-0.871338
3.28074,1.35709,-0.871338
3.29439,1.33913,-0.87283
3.30525,1.31996,-0.873576
3.30877,1.29789,-0.872332
3.31667,1.27756,-0.872332
3.30996,1.25171,-0.868353
3.31031,1.22868,-0.866364
3.30504,1.20371,-0.862882
3.31419,1.18406,-0.86338
3.32414,1.16466,-0.864126
3.32664,1.14267,-0.862882
3.32808,1.12038,-0.86139
3.34041,1.10176,-0.862882
3.35448,1.08362,-0.864872
3.38785,1.07149,-0.872084
3.38418,1.04753,-0.869348
3.42207,1.03629,-0.877804
3.40236,1.00757,-0.87084
3.40382,0.98533,-0.869597
3.41167,0.964953,-0.870094
3.41566,0.943486,-0.869597
3.39987,0.916713,-0.863877
3.40262,0.895096,-0.863131
3.40899,0.874441,-0.86338
3.42087,0.855151,-0.86512
3.43076,0.83529,-0.866364
3.44995,0.817572,-0.870094
3.45207,0.795736,-0.869348
3.45689,0.77454,-0.869348
3.45022,0.750844,-0.866364
3.45666,0.730059,-0.866861
3.47246,0.711167,-0.869845
3.47961,0.690412,-0.870592
3.50471,0.673065,-0.876063
3.53639,0.656673,-0.883275
3.50126,0.627955,-0.873078
3.52796,0.610421,-0.879047
3.52877,0.588285,-0.878301
3.50458,0.562176,-0.871089
3.52423,0.543168,-0.875317
3.51984,0.520401,-0.873327
3.52584,0.499201,-0.874073
3.53076,0.477817,-0.874571
3.52786,0.4554,-0.873078
3.52193,0.432683,-0.87084
3.51971,0.410504,-0.869597
3.5212,0.388794,-0.869348
3.52737,0.367582,-0.870343
3.53342,0.346309,-0.871338
3.53548,0.324622,-0.871338
3.54126,0.303253,-0.872332
3.55464,0.282437,-0.875317
3.55728,0.260692,-0.875565
3.56171,0.239054,-0.876311
3.55441,0.216666,-0.874073
3.5489,0.194482,-0.872332
3.54422,0.172421,-0.87084
3.54811,0.150794,-0.871586
3.55188,0.129126,-0.872332
3.55067,0.107271,-0.871835
3.55223,0.0855059,-0.872084
1.4909,0.026966,-0.342623
1.50266,0.0179533,-0.345607
1.49499,0.00868982,-0.343618
1.50761,-0.000490848,-0.346851
1.4698,-0.00948731,-0.337152
3.54425,-0.0451875,-0.869845
3.54584,-0.0669705,-0.870343
3.53665,-0.0885071,-0.868105
3.53217,-0.110085,-0.86711
3.53239,-0.131792,-0.867359
0,0,0
3.53341,-0.175274,-0.868105
3.54001,-0.197384,-0.870094
3.49619,-0.216463,-0.859152
1.35436,-0.091955,-0.308304
3.51259,-0.260787,-0.864126
3.51382,-0.282568,-0.864872
3.50913,-0.303872,-0.864126
3.5072,-0.325398,-0.864126
3.51863,-0.348248,-0.867607
3.52124,-0.370339,-0.868851
3.51698,-0.391723,-0.868353
3.53567,-0.415787,-0.873824
3.52152,-0.436044,-0.87084
3.51301,-0.456893,-0.869348
3.50439,-0.477654,-0.867856
3.48988,-0.497506,-0.864872
3.51167,-0.52262,-0.871338
3.45193,-0.535392,-0.856665
3.4524,-0.557181,-0.85766
3.45561,-0.579476,-0.8594
3.44149,-0.59884,-0.856665
3.43584,-0.619602,-0.856167
3.43103,-0.640494,-0.855919
3.42133,-0.660432,-0.854427
3.41911,-0.681792,-0.854924
3.42435,-0.704712,-0.857411
3.4228,-0.726313,-0.858157
3.40409,-0.744197,-0.854427
3.42119,-0.769964,-0.860147
3.40413,-0.7881,-0.856914
3.39358,-0.807626,-0.855421
3.39327,-0.829585,-0.856665
3.37402,-0.846851,-0.852935
3.37814,-0.869954,-0.855421
3.36712,-0.889181,-0.853929
3.35973,-0.909319,-0.853432
3.36622,-0.933282,-0.856665
3.36882,-0.9563,-0.858903
3.37126,-0.979386,-0.861141
3.35404,-0.996741,-0.858157
3.35064,-1.01815,-0.858903
3.33693,-1.03639,-0.856914
3.33236,-1.05743,-0.857411
3.31567,-1.07457,-0.854675
3.28787,-1.0879,-0.848956
3.29031,-1.11115,-0.851442
3.27152,-1.12721,-0.848209
3.26089,-1.14598,-0.847215
3.28115,-1.17577,-0.854675
3.26751,-1.19356,-0.852935
3.26647,-1.21595,-0.854675
3.26801,-1.2394,-0.857162
3.23956,-1.2514,-0.851442
3.23813,-1.27374,-0.853183
3.23925,-1.29719,-0.85567
3.22764,-1.31558,-0.854675
3.21772,-1.33461,-0.854178
3.21125,-1.35508,-0.854675
3.21,-1.37782,-0.856665
3.19172,-1.39323,-0.853929
3.19108,-1.41632,-0.856167
3.18233,-1.43588,-0.856167
3.1937,-1.46466,-0.861887
3.16359,-1.47441,-0.855919
3.15273,-1.49296,-0.855421
3.14962,-1.51522,-0.857162
3.14287,-1.53579,-0.857908
3.13513,-1.55591,-0.858406
3.12379,-1.57425,-0.857908
3.11062,-1.59162,-0.856914
3.10252,-1.61157,-0.857411
3.09343,-1.63103,-0.85766
3.0808,-1.64861,-0.856914
3.07063,-1.66748,-0.856914
3.05525,-1.68348,-0.855421
3.0381,-1.69842,-0.853432
3.02004,-1.71272,-0.851194
3.00108,-1.72639,-0.848707
2.98541,-1.74184,-0.847215
2.993,-1.77098,-0.852686
2.9937,-1.79629,-0.856167
2.98842,-1.81815,-0.857908
2.96484,-1.82883,-0.854178
2.95767,-1.84955,-0.855421
2.9479,-1.8687,-0.855919
2.9372,-1.88728,-0.856167
2.91988,-1.90156,-0.854427
2.90573,-1.91784,-0.853681
2.89391,-1.93564,-0.853681
2.86995,-1.9452,-0.84995
2.85397,-1.96004,-0.848707
2.84427,-1.97917,-0.849453
2.83524,-1.99882,-0.850448
2.82608,-2.01843,-0.851442
2.81207,-2.0346,-0.850945
2.80266,-2.0541,-0.85194
2.79778,-2.07703,-0.854427
2.78266,-2.09242,-0.853681
2.77362,-2.11239,-0.854924
2.76674,-2.1341,-0.856914
2.74291,-2.14268,-0.853432
2.7411,-2.16849,-0.857162
2.71943,-2.17861,-0.854427
2.7015,-2.19159,-0.852935
2.67977,-2.20136,-0.850199
2.66994,-2.22086,-0.851442
2.657,-2.23782,-0.851691
2.64248,-2.25346,-0.851442
2.63007,-2.27089,-0.85194
2.61098,-2.28253,-0.850199
2.60201,-2.303,-0.85194
2.5871,-2.31827,-0.851691
2.56853,-2.3302,-0.850199
2.55275,-2.3446,-0.849702
2.53974,-2.36154,-0.850199
2.52379,-2.37575,-0.849702
2.50636,-2.38852,-0.848707
2.49166,-2.40386,-0.848707
2.48379,-2.42587,-0.851194
2.46748,-2.4397,-0.850696
2.45863,-2.46096,-0.852935
2.44892,-2.48152,-0.854924
2.435,-2.49788,-0.855421
2.42097,-2.51417,-0.855919
2.40083,-2.52407,-0.854178
2.38264,-2.53593,-0.853183
2.3644,-2.54766,-0.852188
2.34611,-2.55926,-0.851194
2.32581,-2.56858,-0.849453
2.31194,-2.58497,-0.850199
2.30181,-2.60564,-0.852437
2.28641,-2.62045,-0.852686
2.26903,-2.63296,-0.852188
2.25471,-2.64905,-0.852935
2.23842,-2.66283,-0.852935
2.22018,-2.67428,-0.852188
2.20004,-2.68336,-0.850696
2.18049,-2.69304,-0.849453
2.16393,-2.70637,-0.849453
2.14188,-2.71275,-0.847215
2.12757,-2.7289,-0.848209
2.11374,-2.74574,-0.849453
2.09803,-2.7602,-0.84995
2.08628,-2.78,-0.852188
2.07207,-2.79664,-0.853432
2.05373,-2.80773,-0.852935
2.03873,-2.82342,-0.853929
2.01462,-2.82642,-0.850945
1.99111,-2.83001,-0.848209
1.97426,-2.84297,-0.848458
1.9524,-2.84864,-0.846469
1.93814,-2.86538,-0.847961
1.91891,-2.8748,-0.847215
1.90177,-2.88733,-0.847463
1.88507,-2.90057,-0.847961
1.87142,-2.9186,-0.84995
1.85089,-2.92594,-0.848707
1.84161,-2.95121,-0.852935
1.82195,-2.95998,-0.852188
1.80074,-2.96613,-0.850696
1.78598,-2.98294,-0.852437
1.76814,-2.99468,-0.852686
1.75022,-3.00631,-0.852935
1.73174,-3.01699,-0.852935
1.70843,-3.01913,-0.850448
1.6894,-3.02871,-0.850199
1.66658,-3.03138,-0.847961
1.65533,-3.05518,-0.85194
1.63564,-3.06357,-0.851442
1.61772,-3.07526,-0.85194
1.60193,-3.09115,-0.853681
1.58206,-3.09919,-0.853183
1.56258,-3.10798,-0.852935
1.54476,-3.12011,-0.853681
1.52856,-3.13563,-0.855421
1.51139,-3.14931,-0.856665
1.49079,-3.1559,-0.855919
1.47018,-3.16235,-0.855173
1.45397,-3.17836,-0.857162
1.43404,-3.18634,-0.856914
1.41878,-3.20482,-0.859649
1.39908,-3.21347,-0.859649
1.38277,-3.23,-0.861887
1.36293,-3.23843,-0.861887
1.33822,-3.23509,-0.858654
1.31761,-3.24145,-0.858157
1.29123,-3.23328,-0.853681
1.27597,-3.25287,-0.856914
1.25459,-3.25702,-0.855919
1.23595,-3.26828,-0.856914
1.21453,-3.27217,-0.855919
1.19178,-3.27228,-0.853929
1.17722,-3.29504,-0.858157
1.15698,-3.3022,-0.858157
1.14141,-3.32298,-0.861887
1.12532,-3.34277,-0.865369
1.10873,-3.36157,-0.868602
1.08719,-3.36554,-0.867856
0,0,0
0,0,0
0,0,0
0,0,0
0,0,0
0,0,0
0,0,0
0,0,0
0,0,0
0,0,0
0,0,0
0,0,0
0,0,0
0,0,0
0,0,0
0,0,0
0,0,0
0,0,0
0,0,0
0,0,0
0,0,0
0,0,0
0,0,0
0,0,0
0,0,0
0,0,0
0,0,0
0,0,0
0,0,0
0,0,0
0,0,0
0,0,0
0,0,0
0,0,0
0,0,0
0,0,0
0,0,0
0,0,0
0,0,0
0,0,0
0,0,0
0,0,0
0,0,0
0,0,0
0,0,0
0,0,0
0,0,0
0,0,0
0,0,0
0,0,0
0,0,0
0,0,0
0,0,0
0,0,0
0,0,0
0,0,0
0,0,0
0,0,0
0,0,0
0,0,0
0,0,0
0,0,0
0,0,0
0,0,0
0,0,0
0,0,0
0,0,0
0,0,0
0,0,0
0,0,0
0,0,0
0,0,0
0,0,0
0,0,0
0,0,0
0,0,0
0,0,0
0,0,0
0,0,0
0,0,0
0,0,0
0,0,0
0,0,0
0,0,0
0,0,0
0,0,0
0,0,0
0,0,0
0,0,0
0,0,0
0,0,0
0,0,0
0,0,0
0,0,0
0,0,0
0,0,0
0,0,0
0,0,0
0,0,0
0,0,0
0,0,0
0,0,0
0,0,0
0,0,0
0,0,0
0,0,0
0,0,0
0,0,0
0,0,0
0,0,0
0,0,0
0,0,0
0,0,0
0,0,0
0,0,0
0,0,0
0,0,0
0,0,0
0,0,0
0,0,0
0,0,0
0,0,0
0,0,0
0,0,0
0,0,0
0,0,0
0,0,0
0,0,0
0,0,0
0,0,0
0,0,0
0,0,0
0,0,0
0,0,0
0,0,0
0,0,0
0,0,0
0,0,0
0,0,0
0,0,0
0,0,0
0,0,0
0,0,0
0,0,0
0,0,0
0,0,0
0,0,0
0,0,0
0,0,0
0,0,0
0,0,0
0,0,0
0,0,0
0,0,0
0,0,0
0,0,0
0,0,0
0,0,0
0,0,0
0,0,0
0,0,0
0,0,0
0,0,0
0,0,0
0,0,0
0,0,0
0,0,0
0,0,0
0,0,0
0,0,0
0,0,0
0,0,0
0,0,0
0,0,0
0,0,0
0,0,0
0,0,0
0,0,0
0,0,0
0,0,0
0,0,0
0,0,0
0,0,0
0,0,0
0,0,0
0,0,0
0,0,0
0,0,0
0,0,0
0,0,0
0,0,0
0,0,0
0,0,0
0,0,0
0,0,0
0,0,0
0,0,0
0,0,0
0,0,0
0,0,0
0,0,0
0,0,0
0,0,0
0,0,0
0,0,0
0,0,0
0,0,0
0,0,0
0,0,0
0,0,0
0,0,0
0,0,0
0,0,0
0,0,0
0,0,0
0,0,0
0,0,0
0,0,0
0,0,0
0,0,0
0,0,0
0,0,0
0,0,0
0,0,0
0,0,0
0,0,0
0,0,0
0,0,0
0,0,0
0,0,0
0,0,0
0,0,0
0,0,0
0,0,0
0,0,0
0,0,0
0,0,0
0,0,0
0,0,0
0,0,0
0,0,0
0,0,0
0,0,0
0,0,0
0,0,0
0,0,0
0,0,0
0,0,0
0,0,0
0,0,0
0,0,0
0,0,0
0,0,0
0,0,0
0,0,0
0,0,0
0,0,0
0,0,0
0,0,0
0,0,0
0,0,0
0,0,0
0,0,0
0,0,0
0,0,0
0,0,0
0,0,0
0,0,0
0,0,0
0,0,0
0,0,0
0,0,0
0,0,0
0,0,0
0,0,0
0,0,0
0,0,0
0,0,0
0,0,0
0,0,0
0,0,0
0,0,0
0,0,0
0,0,0
0,0,0
0,0,0
0,0,0
0,0,0
0,0,0
0,0,0
0,0,0
0,0,0
0,0,0
0,0,0
0,0,0
0,0,0
0,0,0
0,0,0
0,0,0
0,0,0
0,0,0
0,0,0
0,0,0
0,0,0
0,0,0
0,0,0
0,0,0
0,0,0
0,0,0
0,0,0
0,0,0
0,0,0
0,0,0
0,0,0
0,0,0
0,0,0
0,0,0
0,0,0
0,0,0
0,0,0
0,0,0
0,0,0
0,0,0
0,0,0
0,0,0
0,0,0
0,0,0
0,0,0
0,0,0
0,0,0
0,0,0
0,0,0
0,0,0
0,0,0
0,0,0
0,0,0
0,0,0
0,0,0
0,0,0
0,0,0
0,0,0
0,0,0
0,0,0
0,0,0
0,0,0
0,0,0
0,0,0
0,0,0
0,0,0
0,0,0
0,0,0
0,0,0
0,0,0
0,0,0
0,0,0
0,0,0
0,0,0
0,0,0
0,0,0
0,0,0
0,0,0
0,0,0
0,0,0
0,0,0
0,0,0
0,0,0
0,0,0
0,0,0
0,0,0
0,0,0
0,0,0
0,0,0
0,0,0
0,0,0
0,0,0
0,0,0
0,0,0
0,0,0
0,0,0
0,0,0
0,0,0
0,0,0
0,0,0
0,0,0
0,0,0
0,0,0
0,0,0
0,0,0
0,0,0
0,0,0
0,0,0
0,0,0
0,0,0
0,0,0
0,0,0
0,0,0
0,0,0
0,0,0
0,0,0
0,0,0
0,0,0
0,0,0
0,0,0
0,0,0
0,0,0
0,0,0
0,0,0
0,0,0
0,0,0
0,0,0
0,0,0
0,0,0
0,0,0
0,0,0
0,0,0
0,0,0
0,0,0
0,0,0
0,0,0
0,0,0
0,0,0
0,0,0
0,0,0
0,0,0
0,0,0
0,0,0
0,0,0
0,0,0
0,0,0
0,0,0
0,0,0
0,0,0
0,0,0
0,0,0
0,0,0
0,0,0
0,0,0
0,0,0
0,0,0
0,0,0
0,0,0
0,0,0
0,0,0
0,0,0
0,0,0
0,0,0
0,0,0
0,0,0
0,0,0
0,0,0
0,0,0
0,0,0
0,0,0
0,0,0
0,0,0
0,0,0
0,0,0
0,0,0
0,0,0
0,0,0
0,0,0
0,0,0
0,0,0
0,0,0
0,0,0
0,0,0
0,0,0
0,0,0
0,0,0
0,0,0
0,0,0
0,0,0
0,0,0
0,0,0
0,0,0
0,0,0
0,0,0
0,0,0
0,0,0
0,0,0
0,0,0
0,0,0
0,0,0
0,0,0
0,0,0
0,0,0
0,0,0
0,0,0
0,0,0
0,0,0
0,0,0
0,0,0
0,0,0
0,0,0
0,0,0
0,0,0
0,0,0
0,0,0
0,0,0
0,0,0
0,0,0
0,0,0
0,0,0
0,0,0
0,0,0
0,0,0
0,0,0
0,0,0
0,0,0
0,0,0
0,0,0
0,0,0
0,0,0
0,0,0
0,0,0
0,0,0
0,0,0
0,0,0
0,0,0
0,0,0
0,0,0
0,0,0
0,0,0
0,0,0
0,0,0
0,0,0
0,0,0
0,0,0
0,0,0
0,0,0
0,0,0
0,0,0
0,0,0
0,0,0
0,0,0
0,0,0
0,0,0
0,0,0
0,0,0
0,0,0
0,0,0
0,0,0
0,0,0
0,0,0
0,0,0
0,0,0
0,0,0
0,0,0
0,0,0
0,0,0
0,0,0
0,0,0
0,0,0
0,0,0
0,0,0
0,0,0
0,0,0
0,0,0
0,0,0
0,0,0
0,0,0
0,0,0
0,0,0
0,0,0
0,0,0
0,0,0
0,0,0
0,0,0
0,0,0
0,0,0
0,0,0
0,0,0
0,0,0
0,0,0
0,0,0
0,0,0
0,0,0
0,0,0
0,0,0
0,0,0
0,0,0
0,0,0
0,0,0
0,0,0
0,0,0
0,0,0
0,0,0
0,0,0
0,0,0
0,0,0
0,0,0
0,0,0
0,0,0
0,0,0
0,0,0
0,0,0
0,0,0
0,0,0
0,0,0
0,0,0
0,0,0
0,0,0
0,0,0
0,0,0
0,0,0
0,0,0
0,0,0
0,0,0
0,0,0
0,0,0
0,0,0
0,0,0
0,0,0
0,0,0
0,0,0
0,0,0
0,0,0
0,0,0
0,0,0
0,0,0
0,0,0
0,0,0
0,0,0
0,0,0
0,0,0
0,0,0
0,0,0
0.930032,2.98665,-0.801847
0.947755,2.97905,-0.801327
0.963036,2.964,-0.798727
0.977864,2.94795,-0.795867
0.993769,2.93549,-0.794047
1.00704,2.91564,-0.790147
1.01946,2.89393,-0.785727
1.03687,2.88671,-0.785467
1.05191,2.87304,-0.783387
1.07357,2.87738,-0.786507
1.08915,2.86533,-0.784947
1.11158,2.8712,-0.788587
1.1313,2.86971,-0.790147
1.1514,2.86899,-0.791967
1.16862,2.86098,-0.791707
1.18801,2.85821,-0.793007
1.20815,2.8571,-0.794827
1.22604,2.85052,-0.795087
1.24544,2.84737,-0.796387
1.26407,2.84232,-0.797167
1.28784,2.84859,-0.801327
1.31094,2.85292,-0.804967
1.33291,2.85445,-0.807827
1.35577,2.85756,-0.811207
1.37873,2.86049,-0.814587
1.40007,2.85979,-0.816927
1.41974,2.85547,-0.818227
1.44028,2.85274,-0.820047
1.46216,2.85244,-0.822647
1.48542,2.85455,-0.826027
1.50832,2.85563,-0.829147
1.53128,2.85654,-0.832267
1.5557,2.85981,-0.836167
1.57695,2.85698,-0.838247
1.6001,2.85736,-0.841367
1.62333,2.85757,-0.844487
1.64324,2.85174,-0.845787
1.66558,2.84994,-0.848387
1.68894,2.84964,-0.851507
1.71235,2.84915,-0.854627
1.73583,2.84849,-0.857747
1.75733,2.84436,-0.859827
1.7809,2.84334,-0.862947
1.80659,2.84541,-0.867107
1.82767,2.83995,-0.868927
1.84875,2.83435,-0.870747
1.87143,2.83101,-0.873347
1.89575,2.8299,-0.876727
1.92067,2.82941,-0.880367
1.94291,2.82473,-0.882707
1.96738,2.82306,-0.886087
1.98912,2.81724,-0.888167
2.02602,2.83248,-0.897267
2.03544,2.80905,-0.893627
2.05549,2.8004,-0.894927
2.05997,2.77068,-0.889207
2.06473,2.74179,-0.883747
2.09264,2.74366,-0.888687
2.11121,2.73306,-0.889467
2.1315,2.72462,-0.891027
2.14578,2.70846,-0.889987
2.16357,2.69675,-0.890507
2.17277,2.67443,-0.887387
2.19957,2.67372,-0.891807
2.2184,2.66315,-0.892847
2.23844,2.65391,-0.894407
2.25969,2.64601,-0.896487
2.27715,2.63355,-0.897007
2.29454,2.62098,-0.897527
2.30993,2.60613,-0.897267
2.32201,2.5876,-0.895707
2.34044,2.57616,-0.896747
2.35621,2.56175,-0.896747
2.37122,2.54654,-0.896487
2.39011,2.53545,-0.897787
2.40429,2.51934,-0.897267
2.41769,2.50246,-0.896487
2.43503,2.48965,-0.897267
2.4489,2.47329,-0.896747
2.46745,2.46163,-0.898047
2.47838,2.44237,-0.896487
2.49539,2.42914,-0.897267
2.50399,2.40776,-0.894927
2.51452,2.38836,-0.893367
2.52279,2.36694,-0.891027
2.53585,2.3501,-0.890507
2.54381,2.32862,-0.888167
2.56808,2.32204,-0.891807
2.58444,2.30817,-0.892587
2.59638,2.29035,-0.891807
2.61329,2.27692,-0.892847
2.62429,2.25832,-0.891807
2.63148,2.23654,-0.889467
2.64219,2.21787,-0.888427
2.65724,2.20285,-0.888947
2.66846,2.18467,-0.888167
2.70134,2.18404,-0.894927
2.71167,2.16502,-0.893887
2.72339,2.14714,-0.893367
2.73727,2.13099,-0.893627
2.74111,2.10708,-0.890507
2.7586,2.09373,-0.892067
2.77062,2.07618,-0.891807
2.77633,2.05397,-0.889467
2.79122,2.03861,-0.890247
2.80211,2.02031,-0.889727
2.81288,2.00196,-0.889207
2.82274,1.983,-0.888427
2.83088,1.96289,-0.887127
2.84447,1.94657,-0.887647
2.85956,1.93125,-0.888687
2.86975,1.91259,-0.888167
2.87982,1.89389,-0.887647
2.89057,1.87566,-0.887387
2.90365,1.85893,-0.887907
2.91337,1.84004,-0.887387
2.92133,1.82009,-0.886347
2.92915,1.80011,-0.885307
2.9418,1.7831,-0.885827
2.94605,1.76105,-0.883747
2.9568,1.74294,-0.883747
2.97161,1.72719,-0.885047
2.97964,1.70749,-0.884267
2.99427,1.69155,-0.885567
3.01049,1.67643,-0.887387
3.0148,1.65468,-0.885567
0,0,0
3.02636,1.61301,-0.882967
3.03876,1.59576,-0.883747
3.05879,1.58241,-0.886867
3.06242,1.56054,-0.885047
3.07539,1.54345,-0.886087
3.09086,1.52755,-0.887907
3.09323,1.50518,-0.885827
3.09979,1.48492,-0.885047
3.10361,1.46339,-0.883487
3.09764,1.43741,-0.879067
3.10816,1.41918,-0.879587
3.10976,1.39691,-0.877507
3.11209,1.37507,-0.875687
3.12136,1.35634,-0.875947
3.1234,1.3345,-0.874127
3.12619,1.31306,-0.872567
3.13865,1.2957,-0.873867
3.14207,1.2746,-0.872567
3.1579,1.25852,-0.874907
3.17186,1.24158,-0.876727
3.17672,1.22106,-0.875947
3.18324,1.2012,-0.875687
3.18965,1.18131,-0.875427
3.2041,1.16436,-0.877507
3.21846,1.14727,-0.879587
3.22999,1.1291,-0.880887
3.24508,1.11208,-0.883227
3.25276,1.09245,-0.883487
3.2594,1.07248,-0.883487
3.26224,1.05127,-0.882447
3.26495,1.03007,-0.881407
3.26475,1.00802,-0.879587
3.27087,0.98797,-0.879587
3.27687,0.967881,-0.879587
3.27997,0.946952,-0.878807
3.28293,0.926022,-0.878027
3.28855,0.90586,-0.878027
3.28752,0.883908,-0.876207
3.28261,0.861021,-0.873347
3.28502,0.840145,-0.872567
3.29012,0.819972,-0.872567
3.29321,0.799313,-0.872047
3.31027,0.781981,-0.875427
3.30747,0.759923,-0.873347
3.3149,0.740246,-0.874127
3.33071,0.722352,-0.877247
3.32752,0.700308,-0.875167
3.32797,0.679104,-0.874127
3.30081,0.652482,-0.865547
3.31329,0.633852,-0.867887
3.31996,0.614038,-0.868667
3.32937,0.594676,-0.870227
3.33581,0.574729,-0.871007
3.32404,0.551715,-0.866847
3.33117,0.531919,-0.867887
3.33056,0.510882,-0.866847
3.32599,0.48931,-0.864767
3.33753,0.470108,-0.867107
3.34609,0.450395,-0.868667
3.34592,0.429486,-0.867887
3.36287,0.410708,-0.871787
3.373,0.390958,-0.873867
1.53729,0.168002,-0.375969
1.50468,0.155076,-0.366869
1.46524,0.1419,-0.355949
1.47281,0.133522,-0.357769
1.47553,0.124646,-0.358289
1.46375,0.114601,-0.354909
1.47117,0.106109,-0.356729
1.46601,0.0966941,-0.355169
1.46465,0.0875802,-0.354649
1.46998,0.0788541,-0.355949
1.46947,0.0697864,-0.355689
1.46505,0.0605654,-0.354389
1.46539,0.0515749,-0.354389
1.46471,0.0425537,-0.354129
1.46977,0.03368,-0.355429
1.46995,0.024661,-0.355429
1.47394,0.0156852,-0.356469
1.47497,0.00664605,-0.356729
1.48078,-0.00240927,-0.358289
1.47494,-0.0114546,-0.356729
1.47678,-0.0205298,-0.357249
1.47179,-0.0294978,-0.355949
1.47834,-0.0386996,-0.357769
1.47132,-0.0475568,-0.355949
1.48065,-0.0569473,-0.358549
1.47642,-0.0658623,-0.357509
1.47695,-0.0749683,-0.357769
1.46971,-0.0836505,-0.355949
1.45857,-0.0920065,-0.353089
1.45701,-0.100888,-0.352829
1.45348,-0.109611,-0.352049
1.44989,-0.118294,-0.351269
1.44048,-0.126435,-0.348929
1.44545,-0.135809,-0.350489
1.40135,-0.14038,-0.338789
3.34693,-0.354428,-0.865807
3.3399,-0.374421,-0.864507
3.36535,-0.398188,-0.872047
3.32643,-0.414308,-0.862167
3.31425,-0.433461,-0.859567
3.32588,-0.455751,-0.863467
3.29912,-0.472733,-0.856967
3.3038,-0.494108,-0.859047
3.29593,-0.513628,-0.857747
3.29844,-0.534767,-0.859307
3.29795,-0.555476,-0.860087
3.28878,-0.574706,-0.858527
3.28234,-0.59436,-0.857747
3.28432,-0.615554,-0.859307
3.25773,-0.631294,-0.853067
3.26705,-0.653919,-0.856707
3.26676,-0.674733,-0.857747
3.26162,-0.694564,-0.857487
3.27238,-0.71787,-0.861647
3.27263,-0.738997,-0.862947
3.26239,-0.757755,-0.861387
3.24828,-0.775519,-0.858787
3.24534,-0.795895,-0.859307
3.23946,-0.815557,-0.859047
3.23533,-0.83566,-0.859307
3.22174,-0.853274,-0.856967
3.23322,-0.877573,-0.861647
3.22219,-0.895845,-0.860087
3.21663,-0.915599,-0.860087
3.21744,-0.937207,-0.861907
3.20793,-0.95583,-0.860867
3.19554,-0.973528,-0.859047
3.19043,-0.993403,-0.859307
3.17691,-1.01062,-0.857227
3.17065,-1.0301,-0.857227
3.15969,-1.04801,-0.855927
3.15411,-1.06769,-0.856187
3.15845,-1.0908,-0.859307
3.15899,-1.11273,-0.861387
3.15846,-1.13437,-0.863207
3.15326,-1.15439,-0.863727
3.14973,-1.17507,-0.864767
3.14788,-1.19643,-0.866327
3.13958,-1.21537,-0.866067
3.12218,-1.23072,-0.863207
3.11726,-1.25093,-0.863987
3.10327,-1.26748,-0.862167
3.09186,-1.28502,-0.861127
3.08214,-1.30322,-0.860607
3.06965,-1.3202,-0.859307
3.05707,-1.33707,-0.858007
3.05322,-1.35777,-0.859307
3.04131,-1.37489,-0.858267
3.03019,-1.39231,-0.857487
3.01808,-1.40925,-0.856447
3.00676,-1.4265,-0.855667
2.99621,-1.44408,-0.855147
2.9925,-1.46498,-0.856707
2.98692,-1.48504,-0.857747
2.97947,-1.50421,-0.858267
2.96933,-1.52202,-0.858007
2.95993,-1.54021,-0.858007
2.94957,-1.55789,-0.857747
2.9374,-1.57459,-0.856967
2.92938,-1.59351,-0.857487
2.92293,-1.61332,-0.858527
2.91972,-1.635,-0.860607
2.90543,-1.6505,-0.859307
2.89023,-1.6654,-0.857747
2.87912,-1.68262,-0.857487
2.87041,-1.70124,-0.858007
2.84998,-1.71285,-0.854887
2.85344,-1.73884,-0.859307
2.85011,-1.76088,-0.861647
2.8368,-1.7768,-0.860867
2.82666,-1.79469,-0.861127
2.81234,-1.80991,-0.860087
2.79633,-1.82397,-0.858527
2.78911,-1.84376,-0.859827
2.76892,-1.85493,-0.856967
2.75269,-1.86863,-0.855407
2.74118,-1.88548,-0.855407
2.71608,-1.89289,-0.850987
2.70994,-1.91341,-0.852807
2.69265,-1.92608,-0.850987
2.67765,-1.9403,-0.849947
2.67115,-1.96069,-0.851767
2.66062,-1.97819,-0.852287
2.6438,-1.991,-0.850727
2.63153,-2.00718,-0.850727
2.62146,-2.02506,-0.851507
2.60442,-2.03754,-0.849947
2.5896,-2.05168,-0.849167
2.59956,-2.08565,-0.856967
2.60471,-2.11617,-0.863207
2.56408,-2.10942,-0.853587
2.56444,-2.13624,-0.858267
2.54317,-2.14509,-0.855407
2.53436,-2.16441,-0.856967
2.51446,-2.17424,-0.854627
2.50325,-2.19154,-0.855407
2.48687,-2.20429,-0.854367
2.46898,-2.21564,-0.852807
2.45391,-2.22945,-0.852287
2.43734,-2.24185,-0.851247
2.42707,-2.26006,-0.852547
2.41246,-2.27424,-0.852287
2.39846,-2.289,-0.852287
2.38992,-2.30904,-0.854367
2.37847,-2.32636,-0.855407
2.36964,-2.34635,-0.857487
2.35384,-2.35947,-0.856967
2.33728,-2.37181,-0.856187
2.32134,-2.38472,-0.855667
2.2993,-2.39127,-0.852807
2.29323,-2.41443,-0.856187
2.26978,-2.4193,-0.852807
2.25489,-2.43319,-0.852807
2.24905,-2.45694,-0.856447
2.23329,-2.46998,-0.856187
2.21616,-2.48148,-0.855407
2.19833,-2.49213,-0.854367
2.1811,-2.50339,-0.853587
2.1657,-2.51673,-0.853587
2.15397,-2.53438,-0.855147
2.14086,-2.55051,-0.856187
2.119,-2.55617,-0.853587
2.11124,-2.57883,-0.856967
2.09659,-2.59324,-0.857487
2.07762,-2.60228,-0.856187
2.05803,-2.61043,-0.854627
2.04078,-2.62149,-0.854107
2.02231,-2.6309,-0.853067
1.9997,-2.6348,-0.850207
1.99276,-2.65938,-0.854367
1.97698,-2.67233,-0.854627
1.96283,-2.68753,-0.855667
1.95478,-2.71127,-0.859567
1.92802,-2.70906,-0.854887
1.90859,-2.71689,-0.853587
1.89243,-2.72934,-0.853847
1.86746,-2.72895,-0.849947
1.84744,-2.73555,-0.848387
1.8333,-2.75086,-0.849687
1.81798,-2.76447,-0.850467
1.79993,-2.77396,-0.849947
1.78548,-2.78901,-0.851247
1.77246,-2.80645,-0.853327
1.75827,-2.82219,-0.854887
1.74193,-2.83457,-0.855407
1.72501,-2.84603,-0.855667
1.70553,-2.85324,-0.854627
1.68897,-2.86532,-0.855147
1.67039,-2.87396,-0.854627
1.6532,-2.88499,-0.854887
1.63642,-2.89676,-0.855407
1.61579,-2.90169,-0.853847
1.5975,-2.9107,-0.853587
1.58236,-2.92554,-0.855147
1.5612,-2.92923,-0.853327
1.54365,-2.93961,-0.853587
1.52913,-2.95589,-0.855667
1.5136,-2.97038,-0.857227
1.49881,-2.98651,-0.859307
1.48388,-3.00257,-0.861387
1.46712,-3.01509,-0.862427
1.4486,-3.02404,-0.862427
1.42631,-3.02501,-0.860087
1.40894,-3.03633,-0.860867
1.38707,-3.0379,-0.858787
1.36682,-3.04283,-0.857747
1.34812,-3.05116,-0.857747
1.33169,-3.06468,-0.859307
1.31058,-3.06747,-0.857747
1.29173,-3.07545,-0.857747
1.27542,-3.08957,-0.859567
1.25716,-3.09913,-0.860087
1.23884,-3.10858,-0.860607
1.21693,-3.10893,-0.858527
1.19956,-3.12084,-0.859827
1.17971,-3.12634,-0.859307
1.16151,-3.13623,-0.860087
1.13729,-3.12969,-0.856187
1.11515,-3.12842,-0.853847
0,0,0
1.07009,-3.12269,-0.848387
0,0,0
0,0,0
0,0,0
0,0,0
0,0,0
0,0,0
0,0,0
0,0,0
0,0,0
0,0,0
0,0,0
0,0,0
0,0,0
0,0,0
0,0,0
0,0,0
0,0,0
0,0,0
0,0,0
0,0,0
0,0,0
0,0,0
0,0,0
0,0,0
0,0,0
0,0,0
0,0,0
0,0,0
0,0,0
0,0,0
0,0,0
0,0,0
0,0,0
0,0,0
0,0,0
0,0,0
0,0,0
0,0,0
0,0,0
0,0,0
0,0,0
0,0,0
0,0,0
0,0,0
0,0,0
0,0,0
0,0,0
0,0,0
0,0,0
0,0,0
0,0,0
0,0,0
0,0,0
0,0,0
0,0,0
0,0,0
0,0,0
0,0,0
0,0,0
0,0,0
0,0,0
0,0,0
0,0,0
0,0,0
0,0,0
0,0,0
0,0,0
0,0,0
0,0,0
0,0,0
0,0,0
0,0,0
0,0,0
0,0,0
0,0,0
0,0,0
0,0,0
0,0,0
0,0,0
0,0,0
0,0,0
0,0,0
0,0,0
0,0,0
0,0,0
0,0,0
0,0,0
0,0,0
0,0,0
0,0,0
0,0,0
0,0,0
0,0,0
0,0,0
0,0,0
0,0,0
0,0,0
0,0,0
0,0,0
0,0,0
0,0,0
0,0,0
0,0,0
0,0,0
0,0,0
0,0,0
0,0,0
0,0,0
0,0,0
0,0,0
0,0,0
0,0,0
0,0,0
0,0,0
0,0,0
0,0,0
0,0,0
0,0,0
0,0,0
0,0,0
0,0,0
0,0,0
0,0,0
0,0,0
0,0,0
0,0,0
0,0,0
0,0,0
0,0,0
0,0,0
0,0,0
0,0,0
0,0,0
0,0,0
0,0,0
0,0,0
0,0,0
0,0,0
0,0,0
0,0,0
0,0,0
0,0,0
0,0,0
0,0,0
0,0,0
0,0,0
0,0,0
0,0,0
0,0,0
0,0,0
0,0,0
0,0,0
0,0,0
0,0,0
0,0,0
0,0,0
0,0,0
0,0,0
0,0,0
0,0,0
0,0,0
0,0,0
0,0,0
0,0,0
0,0,0
0,0,0
0,0,0
0,0,0
0,0,0
0,0,0
0,0,0
0,0,0
0,0,0
0,0,0
0,0,0
0,0,0
0,0,0
0,0,0
0,0,0
0,0,0
0,0,0
0,0,0
0,0,0
0,0,0
0,0,0
0,0,0
0,0,0
0,0,0
0,0,0
0,0,0
0,0,0
0,0,0
0,0,0
0,0,0
0,0,0
0,0,0
0,0,0
0,0,0
0,0,0
0,0,0
0,0,0
0,0,0
0,0,0
0,0,0
0,0,0
0,0,0
0,0,0
0,0,0
0,0,0
0,0,0
0,0,0
0,0,0
0,0,0
0,0,0
0,0,0
0,0,0
0,0,0
0,0,0
0,0,0
0,0,0
0,0,0
0,0,0
0,0,0
0,0,0
0,0,0
0,0,0
0,0,0
0,0,0
0,0,0
0,0,0
0,0,0
0,0,0
0,0,0
0,0,0
0,0,0
0,0,0
0,0,0
0,0,0
0,0,0
0,0,0
0,0,0
0,0,0
0,0,0
0,0,0
0,0,0
0,0,0
0,0,0
0,0,0
0,0,0
0,0,0
0,0,0
0,0,0
0,0,0
0,0,0
0,0,0
0,0,0
0,0,0
0,0,0
0,0,0
0,0,0
0,0,0
0,0,0
0,0,0
0,0,0
0,0,0
0,0,0
0,0,0
0,0,0
0,0,0
0,0,0
0,0,0
0,0,0
0,0,0
0,0,0
0,0,0
0,0,0
0,0,0
0,0,0
0,0,0
0,0,0
0,0,0
0,0,0
0,0,0
0,0,0
0,0,0
0,0,0
0,0,0
0,0,0
0,0,0
0,0,0
0,0,0
0,0,0
0,0,0
0,0,0
0,0,0
0,0,0
0,0,0
0,0,0
0,0,0
0,0,0
0,0,0
0,0,0
0,0,0
0,0,0
0,0,0
0,0,0
0,0,0
0,0,0
0,0,0
0,0,0
0,0,0
0,0,0
0,0,0
0,0,0
0,0,0
0,0,0
0,0,0
0,0,0
0,0,0
0,0,0
0,0,0
0,0,0
0,0,0
0,0,0
0,0,0
0,0,0
0,0,0
0,0,0
0,0,0
0,0,0
0,0,0
0,0,0
0,0,0
0,0,0
0,0,0
0,0,0
0,0,0
0,0,0
0,0,0
0,0,0
0,0,0
0,0,0
0,0,0
0,0,0
0,0,0
0,0,0
0,0,0
0,0,0
0,0,0
0,0,0
0,0,0
0,0,0
0,0,0
0,0,0
0,0,0
0,0,0
0,0,0
0,0,0
0,0,0
0,0,0
0,0,0
0,0,0
0,0,0
0,0,0
0,0,0
0,0,0
0,0,0
0,0,0
0,0,0
0,0,0
0,0,0
0,0,0
0,0,0
0,0,0
0,0,0
0,0,0
0,0,0
0,0,0
0,0,0
0,0,0
0,0,0
0,0,0
0,0,0
0,0,0
0,0,0
0,0,0
0,0,0
0,0,0
0,0,0
0,0,0
0,0,0
0,0,0
0,0,0
0,0,0
0,0,0
0,0,0
0,0,0
0,0,0
0,0,0
0,0,0
0,0,0
0,0,0
0,0,0
0,0,0
0,0,0
0,0,0
0,0,0
0,0,0
0,0,0
0,0,0
0,0,0
0,0,0
0,0,0
0,0,0
0,0,0
0,0,0
0,0,0
0,0,0
0,0,0
0,0,0
0,0,0
0,0,0
0,0,0
0,0,0
0,0,0
0,0,0
0,0,0
0,0,0
0,0,0
0,0,0
0,0,0
0,0,0
0,0,0
0,0,0
0,0,0
0,0,0
0,0,0
0,0,0
0,0,0
0,0,0
0,0,0
0,0,0
0,0,0
0,0,0
0,0,0
0,0,0
0,0,0
0,0,0
0,0,0
0,0,0
0,0,0
0,0,0
0,0,0
0,0,0
0,0,0
0,0,0
0,0,0
0,0,0
0,0,0
0,0,0
0,0,0
0,0,0
0,0,0
0,0,0
0,0,0
0,0,0
0,0,0
0,0,0
0,0,0
0,0,0
0,0,0
0,0,0
0,0,0
0,0,0
0,0,0
0,0,0
0,0,0
0,0,0
0,0,0
0,0,0
0,0,0
0,0,0
0,0,0
0,0,0
0,0,0
0,0,0
0,0,0
0,0,0
0,0,0
0,0,0
0,0,0
0,0,0
0,0,0
0,0,0
0,0,0
0,0,0
0,0,0
0,0,0
0,0,0
0,0,0
0,0,0
0,0,0
0,0,0
0,0,0
0,0,0
0,0,0
0,0,0
0,0,0
0,0,0
0,0,0
0,0,0
0,0,0
0,0,0
0,0,0
0,0,0
0,0,0
0,0,0
0,0,0
0,0,0
0,0,0
0,0,0
0,0,0
0,0,0
0,0,0
0,0,0
0,0,0
0,0,0
0,0,0
0,0,0
0,0,0
0,0,0
0,0,0
0,0,0
0,0,0
0,0,0
0,0,0
0,0,0
0,0,0
0,0,0
0,0,0
0,0,0
0,0,0
0,0,0
0,0,0
0,0,0
0,0,0
0,0,0
0,0,0
0,0,0
0,0,0
0,0,0
0,0,0
0,0,0
0,0,0
0,0,0
0,0,0
0,0,0
0,0,0
0,0,0
0,0,0
0,0,0
0,0,0
0,0,0
0,0,0
0,0,0
0,0,0
0,0,0
0,0,0
0,0,0
0,0,0
0,0,0
0,0,0
0,0,0
0,0,0
0,0,0
0,0,0
0,0,0
0,0,0
0,0,0
0,0,0
0,0,0
0,0,0
0,0,0
0,0,0
0,0,0
0,0,0
0,0,0
0,0,0
0,0,0
0,0,0
0,0,0
0,0,0
0,0,0
0,0,0
0,0,0
0,0,0
0,0,0
0,0,0
0,0,0
0,0,0
0,0,0
0,0,0
0.974181,2.88322,-0.815968
0.987147,2.86354,-0.811904
1.0047,2.85743,-0.811904
1.02579,2.86118,-0.814884
1.04332,2.85483,-0.814884
1.0625,2.85289,-0.816239
1.08238,2.85261,-0.818135
1.10021,2.84682,-0.818406
1.12118,2.84897,-0.821116
1.14007,2.84561,-0.822199
1.15897,2.84213,-0.823283
1.18303,2.85096,-0.82816
1.2005,2.84365,-0.82816
1.22438,2.85127,-0.832766
1.24609,2.8534,-0.835746
1.26475,2.84834,-0.836559
1.28418,2.84492,-0.837914
1.30443,2.84311,-0.83981
1.3251,2.84203,-0.841978
1.34829,2.84602,-0.845771
1.37199,2.85071,-0.849835
1.39453,2.85261,-0.853086
1.41886,2.85779,-0.857421
1.43853,2.85333,-0.858776
1.45952,2.85131,-0.860943
1.47876,2.84571,-0.862027
1.49889,2.8417,-0.863653
1.51994,2.83923,-0.86582
1.54193,2.83831,-0.868529
1.56349,2.83638,-0.870968
1.58651,2.83682,-0.874219
1.60959,2.83708,-0.87747
1.63225,2.83632,-0.880451
1.65156,2.82958,-0.881534
1.67281,2.82602,-0.883702
1.69557,2.82478,-0.886682
1.71788,2.82254,-0.889392
1.73719,2.81523,-0.890475
1.758,2.81023,-0.892372
1.77831,2.80426,-0.893997
1.79548,2.7933,-0.893997
1.81679,2.78868,-0.896165
1.83599,2.78069,-0.897249
1.85891,2.77818,-0.900229
1.87376,2.76353,-0.899145
1.89231,2.75436,-0.899958
1.90918,2.7427,-0.899958
1.92653,2.73172,-0.900229
1.94101,2.71672,-0.899145
1.95595,2.70241,-0.898332
1.97022,2.68726,-0.897249
1.98495,2.6728,-0.896436
2.00073,2.6598,-0.896165
2.0176,2.64824,-0.896436
2.03499,2.63733,-0.896978
2.05172,2.62556,-0.897249
2.07437,2.62122,-0.900229
2.0856,2.60243,-0.898062
2.09728,2.58436,-0.896165
2.11126,2.56921,-0.895352
2.1313,2.56139,-0.897249
2.15752,2.56077,-0.901855
2.17069,2.54456,-0.900771
2.18878,2.5341,-0.901855
2.20239,2.51845,-0.901042
2.21333,2.49985,-0.899145
2.22285,2.47977,-0.896707
2.23349,2.46109,-0.89481
2.24594,2.44451,-0.893727
2.26221,2.43209,-0.894268
2.28105,2.42237,-0.895894
2.29986,2.41251,-0.89752
2.31662,2.40043,-0.898332
2.334,2.38892,-0.899416
2.34929,2.37524,-0.899687
2.36178,2.35874,-0.898874
2.36935,2.33744,-0.896165
2.3802,2.3195,-0.89481
2.38399,2.29484,-0.890746
2.39942,2.2815,-0.891288
2.40706,2.2608,-0.88885
2.42088,2.24599,-0.88885
2.43888,2.235,-0.890475
2.45255,2.21999,-0.890475
2.47043,2.20875,-0.892101
2.4796,2.18972,-0.890475
2.50097,2.18143,-0.893456
2.51869,2.16981,-0.895081
2.52682,2.14995,-0.893185
2.53923,2.13379,-0.892914
2.5545,2.12001,-0.893727
2.56894,2.10552,-0.894268
2.5893,2.09577,-0.896978
2.60211,2.07984,-0.896978
2.61936,2.06741,-0.898603
2.63199,2.0513,-0.898603
2.6369,2.02924,-0.895894
2.6447,2.00953,-0.894268
2.65621,1.99269,-0.893997
2.66065,1.97063,-0.891288
2.66648,1.94972,-0.889121
2.67839,1.93332,-0.889121
2.69256,1.91853,-0.889933
2.69483,1.89532,-0.886682
2.70245,1.87601,-0.885327
2.71153,1.85776,-0.884515
2.72447,1.84217,-0.885057
2.74053,1.82862,-0.886682
2.75089,1.81124,-0.886411
2.76196,1.79433,-0.886411
2.77048,1.77579,-0.885598
2.78214,1.75927,-0.885869
2.78798,1.73911,-0.884244
2.79532,1.71995,-0.88316
2.80829,1.70427,-0.883973
2.8253,1.69096,-0.88614
2.83645,1.67408,-0.886411
2.84834,1.65761,-0.886953
2.85929,1.64058,-0.887224
2.86679,1.62158,-0.886411
2.87752,1.60443,-0.886682
2.87888,1.58211,-0.883973
2.87837,1.55892,-0.880722
2.88024,1.53715,-0.878283
2.89047,1.51989,-0.878554
2.89718,1.5008,-0.877741
2.90805,1.48387,-0.878283
2.92484,1.46989,-0.880722
2.94674,1.45832,-0.884786
2.96343,1.444,-0.887224
2.96702,1.4233,-0.885598
2.97831,1.4063,-0.886411
2.97641,1.38313,-0.88316
2.98309,1.36404,-0.882618
2.99052,1.34532,-0.882347
2.9908,1.32344,-0.879909
2.99798,1.30468,-0.879638
3.00504,1.28588,-0.879367
3.00844,1.26555,-0.878012
3.01971,1.24854,-0.879096
3.02374,1.22854,-0.878012
3.02944,1.20925,-0.87747
3.03859,1.19134,-0.878012
3.04854,1.17371,-0.878825
3.05388,1.1543,-0.878283
3.06001,1.1352,-0.878012
3.07053,1.11772,-0.879096
3.08187,1.10048,-0.880451
3.09492,1.08378,-0.882347
3.11062,1.06789,-0.885057
3.11529,1.04817,-0.884515
3.11709,1.02753,-0.88316
3.11875,1.0069,-0.881805
3.12396,0.98746,-0.881534
3.12444,0.966567,-0.879909
3.12478,0.945705,-0.878283
3.13145,0.926787,-0.878554
3.13893,0.90809,-0.879096
3.1361,0.886457,-0.876657
3.14705,0.868734,-0.878283
3.15046,0.848907,-0.877741
3.14351,0.82638,-0.874219
3.15318,0.808271,-0.875574
3.15621,0.788442,-0.875032
3.1479,0.765877,-0.871239
3.13474,0.742335,-0.866091
3.15987,0.727837,-0.872052
3.16146,0.707804,-0.871239
3.16574,0.688393,-0.871239
3.16803,0.668558,-0.870697
3.17584,0.649878,-0.871781
3.18543,0.631502,-0.873406
3.18925,0.611944,-0.873406
3.20146,0.593943,-0.875845
3.21263,0.575645,-0.878012
3.20946,0.554775,-0.876116
3.2147,0.535388,-0.876657
3.21507,0.515197,-0.875845
3.22103,0.495899,-0.876657
3.23258,0.47739,-0.879096
3.23545,0.457546,-0.879096
1.44384,0.195377,-0.369464
1.45169,0.187375,-0.371361
1.44995,0.178113,-0.370548
1.4405,0.167989,-0.367568
1.43576,0.158515,-0.365942
1.42521,0.148509,-0.362691
1.42035,0.139199,-0.361065
1.41063,0.129516,-0.358085
1.4162,0.121268,-0.35944
1.41883,0.112728,-0.359982
1.42238,0.10423,-0.360794
1.42779,0.0958215,-0.362149
1.44181,0.087875,-0.365942
1.43655,0.0787122,-0.364317
1.43701,0.0698962,-0.364317
1.43741,0.0610776,-0.364317
1.44064,0.0523607,-0.365129
1.4419,0.0435489,-0.3654
1.4431,0.0347237,-0.365671
1.44425,0.0258853,-0.365942
1.44631,0.0170452,-0.366484
1.44735,0.00817569,-0.366755
1.43774,-0.000697871,-0.364046
1.44638,-0.00957946,-0.366484
1.43955,-0.0183662,-0.364588
1.43941,-0.0271988,-0.364588
1.44114,-0.0360791,-0.365129
1.44186,-0.0449514,-0.3654
1.44059,-0.0537614,-0.365129
1.4335,-0.0623052,-0.363233
1.4206,-0.0704763,-0.359711
1.41917,-0.0791377,-0.35944
1.4129,-0.0874856,-0.357814
1.40753,-0.095825,-0.356459
1.40404,-0.104245,-0.355647
1.40241,-0.112781,-0.355376
1.39786,-0.12105,-0.354292
1.39326,-0.129268,-0.353208
1.39052,-0.137625,-0.352666
1.39061,-0.146255,-0.352937
1.36098,-0.15158,-0.344809
1.34187,-0.157787,-0.339661
1.29597,-0.160445,-0.326927
0,0,0
3.21283,-0.43845,-0.872052
3.20913,-0.458019,-0.871781
3.20531,-0.47756,-0.87151
3.20041,-0.496923,-0.870968
3.19731,-0.516551,-0.870968
3.19692,-0.536638,-0.871781
3.18978,-0.555582,-0.870697
3.18062,-0.574117,-0.869071
3.17326,-0.592915,-0.867988
3.16767,-0.612009,-0.867446
3.1563,-0.629926,-0.865278
3.15238,-0.649281,-0.865278
3.15304,-0.669611,-0.866633
3.14982,-0.689151,-0.866904
3.14741,-0.708889,-0.867446
3.13831,-0.7271,-0.866091
3.13098,-0.745674,-0.865278
3.13008,-0.765786,-0.866362
3.12159,-0.784039,-0.865278
3.12511,-0.805341,-0.867717
3.11453,-0.823025,-0.866091
3.10292,-0.840358,-0.864194
3.10698,-0.861956,-0.866904
3.08496,-0.876267,-0.862027
3.07028,-0.892491,-0.859318
3.0629,-0.910765,-0.858776
3.05265,-0.92814,-0.857421
3.05426,-0.94914,-0.859589
3.05388,-0.969611,-0.861214
3.05153,-0.989519,-0.862298
3.0518,-1.01034,-0.864194
3.04828,-1.02997,-0.865007
3.04008,-1.04803,-0.864465
3.0345,-1.06698,-0.864736
3.02428,-1.08428,-0.863653
3.02118,-1.10414,-0.864736
3.01976,-1.12468,-0.866362
3.0137,-1.14352,-0.866633
3.00932,-1.16304,-0.867446
3.00303,-1.18183,-0.867717
2.99483,-1.19988,-0.867446
2.98384,-1.21678,-0.866362
2.9701,-1.23248,-0.864465
2.96425,-1.25143,-0.865007
2.94944,-1.26655,-0.86284
2.93544,-1.28193,-0.860943
2.9328,-1.30226,-0.862569
2.91773,-1.31706,-0.860401
2.91222,-1.33615,-0.861214
2.90571,-1.3548,-0.861756
2.9043,-1.37591,-0.863923
2.89581,-1.3937,-0.863923
2.89066,-1.41313,-0.865007
2.87935,-1.42956,-0.864194
2.86708,-1.44547,-0.863111
2.85302,-1.4604,-0.861485
2.8423,-1.47699,-0.860943
2.83233,-1.49395,-0.860672
2.82056,-1.50994,-0.859859
2.81294,-1.52814,-0.860401
2.80182,-1.54444,-0.859859
2.78977,-1.56019,-0.859047
2.77931,-1.5768,-0.858776
2.76291,-1.58999,-0.856608
2.75476,-1.60788,-0.85715
2.74236,-1.62328,-0.856337
2.7406,-1.64503,-0.859047
2.74361,-1.66983,-0.863382
2.73659,-1.68865,-0.864465
2.72618,-1.70541,-0.864465
2.7181,-1.72365,-0.865278
2.70585,-1.73926,-0.864736
2.68949,-1.75215,-0.86284
2.67146,-1.76384,-0.860401
2.66858,-1.78556,-0.863111
2.65917,-1.80298,-0.863653
2.64488,-1.81708,-0.862569
2.63368,-1.83327,-0.862569
2.62789,-1.85328,-0.864465
2.61021,-1.8649,-0.862298
2.59326,-1.87693,-0.860401
2.5747,-1.88768,-0.857963
2.55071,-1.89426,-0.853628
2.53135,-1.90409,-0.850919
2.51196,-1.91375,-0.848209
2.49179,-1.92265,-0.845229
2.48525,-1.94206,-0.847125
2.49669,-1.97579,-0.855524
2.47475,-1.98325,-0.852002
2.45805,-1.99475,-0.850377
2.46064,-2.02202,-0.855795
2.44153,-2.03154,-0.853357
2.43122,-2.04834,-0.85417
2.41861,-2.06322,-0.85417
2.39789,-2.0711,-0.851189
2.38586,-2.08641,-0.85146
2.37374,-2.10165,-0.851731
2.3694,-2.12389,-0.854983
2.35703,-2.13903,-0.855254
2.34032,-2.1502,-0.853899
2.32849,-2.16583,-0.854441
2.31656,-2.18139,-0.854983
2.30244,-2.1949,-0.854712
2.29031,-2.21033,-0.855254
2.27326,-2.22097,-0.853899
2.26233,-2.23759,-0.854983
2.24652,-2.24938,-0.85417
2.22591,-2.25627,-0.85146
2.22479,-2.28299,-0.856608
2.19472,-2.27995,-0.850106
2.18003,-2.29268,-0.849835
2.16658,-2.30671,-0.850106
2.15042,-2.31784,-0.849293
2.14136,-2.33667,-0.85146
2.12569,-2.34834,-0.850919
2.11958,-2.37067,-0.854441
2.10818,-2.38724,-0.855795
2.09476,-2.40158,-0.856337
2.07872,-2.41293,-0.855795
2.0645,-2.42637,-0.856066
2.04153,-2.42941,-0.852544
2.02535,-2.44041,-0.852002
2.01583,-2.45949,-0.854441
2.00191,-2.47331,-0.854983
1.99151,-2.49157,-0.85715
1.98095,-2.50978,-0.859318
1.96729,-2.52417,-0.86013
1.95411,-2.53925,-0.861214
1.93675,-2.54889,-0.860401
1.91992,-2.55918,-0.859859
1.90532,-2.57246,-0.860401
1.88666,-2.58022,-0.859047
1.86854,-2.58863,-0.857963
1.84983,-2.59612,-0.856608
1.83276,-2.60585,-0.856066
1.81289,-2.61151,-0.85417
1.79956,-2.62655,-0.855524
1.78341,-2.63755,-0.855524
1.76879,-2.65084,-0.856337
1.76043,-2.67371,-0.860401
1.74399,-2.68446,-0.860401
1.72645,-2.69349,-0.859859
1.71092,-2.70566,-0.860401
1.69428,-2.7161,-0.860401
1.67456,-2.72153,-0.858776
1.65434,-2.72599,-0.856879
1.63165,-2.72618,-0.853628
1.61685,-2.73946,-0.854712
1.59904,-2.74766,-0.85417
1.58119,-2.75575,-0.853628
1.5652,-2.76708,-0.85417
1.54725,-2.77495,-0.853628
1.53252,-2.78861,-0.854983
1.51767,-2.80219,-0.856337
1.5009,-2.8123,-0.856608
1.48451,-2.82316,-0.85715
1.4676,-2.83307,-0.857421
1.45369,-2.84888,-0.859589
1.43359,-2.85259,-0.857963
1.41734,-2.86392,-0.858776
1.39932,-2.8717,-0.858505
1.37918,-2.87502,-0.856879
1.36397,-2.88865,-0.858505
1.34704,-2.89871,-0.859047
1.32642,-2.90079,-0.85715
1.31097,-2.91415,-0.858776
1.29345,-2.92301,-0.859047
1.27703,-2.93443,-0.86013
1.25938,-2.94309,-0.860401
1.24241,-2.95343,-0.861214
1.22243,-2.95655,-0.859859
1.20354,-2.96221,-0.859318
1.18499,-2.96864,-0.859047
1.16078,-2.96062,-0.854441
1.14743,-2.98027,-0.858234
1.13048,-2.99085,-0.859318
1.11077,-2.99412,-0.858234
1.09501,-3.00812,-0.860401
1.07848,-3.02022,-0.862027
1.05802,-3.02133,-0.860401
1.03821,-3.02412,-0.859318
1.01748,-3.02405,-0.857421
0,0,0
0,0,0
0,0,0
0,0,0
0,0,0
0,0,0
0,0,0
0,0,0
0,0,0
0,0,0
0,0,0
0,0,0
0,0,0
0,0,0
0,0,0
0,0,0
0,0,0
0,0,0
0,0,0
0,0,0
0,0,0
0,0,0
0,0,0
0,0,0
0,0,0
0,0,0
0,0,0
0,0,0
0,0,0
0,0,0
0,0,0
0,0,0
0,0,0
0,0,0
0,0,0
0,0,0
0,0,0
0,0,0
0,0,0
0,0,0
0,0,0
0,0,0
0,0,0
0,0,0
0,0,0
0,0,0
0,0,0
0,0,0
0,0,0
0,0,0
0,0,0
0,0,0
0,0,0
0,0,0
0,0,0
0,0,0
0,0,0
0,0,0
0,0,0
0,0,0
0,0,0
0,0,0
0,0,0
0,0,0
0,0,0
0,0,0
0,0,0
0,0,0
0,0,0
0,0,0
0,0,0
0,0,0
0,0,0
0,0,0
0,0,0
0,0,0
0,0,0
0,0,0
0,0,0
0,0,0
0,0,0
0,0,0
0,0,0
0,0,0
0,0,0
0,0,0
0,0,0
0,0,0
0,0,0
0,0,0
0,0,0
0,0,0
0,0,0
0,0,0
0,0,0
0,0,0
0,0,0
0,0,0
0,0,0
0,0,0
0,0,0
0,0,0
0,0,0
0,0,0
0,0,0
0,0,0
0,0,0
0,0,0
0,0,0
0,0,0
0,0,0
0,0,0
0,0,0
0,0,0
0,0,0
0,0,0
0,0,0
0,0,0
0,0,0
0,0,0
0,0,0
0,0,0
0,0,0
0,0,0
0,0,0
0,0,0
0,0,0
0,0,0
0,0,0
0,0,0
0,0,0
0,0,0
0,0,0
0,0,0
0,0,0
0,0,0
0,0,0
0,0,0
0,0,0
0,0,0
0,0,0
0,0,0
0,0,0
0,0,0
0,0,0
0,0,0
0,0,0
0,0,0
0,0,0
0,0,0
0,0,0
0,0,0
0,0,0
0,0,0
0,0,0
0,0,0
0,0,0
0,0,0
0,0,0
0,0,0
0,0,0
0,0,0
0,0,0
0,0,0
0,0,0
0,0,0
0,0,0
0,0,0
0,0,0
0,0,0
0,0,0
0,0,0
0,0,0
0,0,0
0,0,0
0,0,0
0,0,0
0,0,0
0,0,0
0,0,0
0,0,0
0,0,0
0,0,0
0,0,0
0,0,0
0,0,0
0,0,0
0,0,0
0,0,0
0,0,0
0,0,0
0,0,0
0,0,0
0,0,0
0,0,0
0,0,0
0,0,0
0,0,0
0,0,0
0,0,0
0,0,0
0,0,0
0,0,0
0,0,0
0,0,0
0,0,0
0,0,0
0,0,0
0,0,0
0,0,0
0,0,0
0,0,0
0,0,0
0,0,0
0,0,0
0,0,0
0,0,0
0,0,0
0,0,0
0,0,0
0,0,0
0,0,0
0,0,0
0,0,0
0,0,0
0,0,0
0,0,0
0,0,0
0,0,0
0,0,0
0,0,0
0,0,0
0,0,0
0,0,0
0,0,0
0,0,0
0,0,0
0,0,0
0,0,0
0,0,0
0,0,0
0,0,0
0,0,0
0,0,0
0,0,0
0,0,0
0,0,0
0,0,0
0,0,0
0,0,0
0,0,0
0,0,0
0,0,0
0,0,0
0,0,0
0,0,0
0,0,0
0,0,0
0,0,0
0,0,0
0,0,0
0,0,0
0,0,0
0,0,0
0,0,0
0,0,0
0,0,0
0,0,0
0,0,0
0,0,0
0,0,0
0,0,0
0,0,0
0,0,0
0,0,0
0,0,0
0,0,0
0,0,0
0,0,0
0,0,0
0,0,0
0,0,0
0,0,0
0,0,0
0,0,0
0,0,0
0,0,0
0,0,0
0,0,0
0,0,0
0,0,0
0,0,0
0,0,0
0,0,0
0,0,0
0,0,0
0,0,0
0,0,0
0,0,0
0,0,0
0,0,0
0,0,0
0,0,0
0,0,0
0,0,0
0,0,0
0,0,0
0,0,0
0,0,0
0,0,0
0,0,0
0,0,0
0,0,0
0,0,0
0,0,0
0,0,0
0,0,0
0,0,0
0,0,0
0,0,0
0,0,0
0,0,0
0,0,0
0,0,0
0,0,0
0,0,0
0,0,0
0,0,0
0,0,0
0,0,0
0,0,0
0,0,0
0,0,0
0,0,0
0,0,0
0,0,0
0,0,0
0,0,0
0,0,0
0,0,0
0,0,0
0,0,0
0,0,0
0,0,0
0,0,0
0,0,0
0,0,0
0,0,0
0,0,0
0,0,0
0,0,0
0,0,0
0,0,0
0,0,0
0,0,0
0,0,0
0,0,0
0,0,0
0,0,0
0,0,0
0,0,0
0,0,0
0,0,0
0,0,0
0,0,0
0,0,0
0,0,0
0,0,0
0,0,0
0,0,0
0,0,0
0,0,0
0,0,0
0,0,0
0,0,0
0,0,0
0,0,0
0,0,0
0,0,0
0,0,0
0,0,0
0,0,0
0,0,0
0,0,0
0,0,0
0,0,0
0,0,0
0,0,0
0,0,0
0,0,0
0,0,0
0,0,0
0,0,0
0,0,0
0,0,0
0,0,0
0,0,0
0,0,0
0,0,0
0,0,0
0,0,0
0,0,0
0,0,0
0,0,0
0,0,0
0,0,0
0,0,0
0,0,0
0,0,0
0,0,0
0,0,0
0,0,0
0,0,0
0,0,0
0,0,0
0,0,0
0,0,0
0,0,0
0,0,0
0,0,0
0,0,0
0,0,0
0,0,0
0,0,0
0,0,0
0,0,0
0,0,0
0,0,0
0,0,0
0,0,0
0,0,0
0,0,0
0,0,0
0,0,0
0,0,0
0,0,0
0,0,0
0,0,0
0,0,0
0,0,0
0,0,0
0,0,0
0,0,0
0,0,0
0,0,0
0,0,0
0,0,0
0,0,0
0,0,0
0,0,0
0,0,0
0,0,0
0,0,0
0,0,0
0,0,0
0,0,0
0,0,0
0,0,0
0,0,0
0,0,0
0,0,0
0,0,0
0,0,0
0,0,0
0,0,0
0,0,0
0,0,0
0,0,0
0,0,0
0,0,0
0,0,0
0,0,0
0,0,0
0,0,0
0,0,0
0,0,0
0,0,0
0,0,0
0,0,0
0,0,0
0,0,0
0,0,0
0,0,0
0,0,0
0,0,0
0,0,0
0,0,0
0,0,0
0,0,0
0,0,0
0,0,0
0,0,0
0,0,0
0,0,0
0,0,0
0,0,0
0,0,0
0,0,0
0,0,0
0,0,0
0,0,0
0,0,0
0,0,0
0,0,0
0,0,0
0,0,0
0,0,0
0,0,0
0,0,0
0,0,0
0,0,0
0,0,0
0,0,0
0,0,0
0,0,0
0,0,0
0,0,0
0,0,0
0,0,0
0,0,0
0,0,0
0,0,0
0,0,0
0,0,0
0,0,0
0,0,0
0,0,0
0,0,0
0,0,0
0,0,0
0,0,0
0,0,0
0,0,0
0,0,0
0,0,0
0,0,0
0,0,0
0,0,0
0,0,0
0,0,0
0,0,0
0,0,0
0,0,0
0,0,0
0,0,0
0,0,0
0,0,0
0,0,0
0,0,0
0,0,0
0,0,0
0,0,0
0,0,0
0,0,0
0,0,0
0,0,0
0,0,0
0,0,0
0,0,0
0,0,0
0,0,0
0,0,0
0,0,0
0,0,0
0,0,0
0,0,0
0,0,0
0,0,0
0,0,0
0,0,0
0,0,0
0,0,0
0,0,0
0,0,0
0,0,0
0,0,0
0,0,0
0,0,0
0,0,0
0,0,0
0,0,0
0,0,0
0,0,0
0,0,0
0,0,0
0,0,0
0,0,0
0,0,0
0,0,0
0,0,0
0,0,0
0,0,0
0,0,0
0,0,0
0,0,0
0,0,0
0,0,0
0,0,0
0,0,0
0,0,0
0,0,0
0,0,0
0,0,0
0,0,0
0,0,0
0,0,0
0,0,0
0,0,0
0,0,0
0,0,0
0,0,0
0,0,0
0,0,0
0,0,0
0,0,0
0,0,0
0,0,0
0,0,0
0,0,0
0,0,0
0,0,0
0,0,0
0,0,0
0,0,0
0,0,0
0,0,0
0,0,0
0,0,0
0.877094,2.87682,-0.842649
0.893019,2.86588,-0.840958
0.913493,2.86949,-0.843776
0.931083,2.86384,-0.843776
0.949544,2.8608,-0.844622
0.970154,2.86401,-0.84744
0.988022,2.85891,-0.847722
1.00969,2.86456,-0.851386
1.02984,2.86553,-0.853641
1.04839,2.86186,-0.854486
1.06627,2.85628,-0.854768
1.08445,2.85147,-0.855332
1.10228,2.84566,-0.855614
1.12183,2.8442,-0.857305
1.14104,2.84172,-0.858714
1.16281,2.84532,-0.862096
1.18429,2.84788,-0.865196
1.20436,2.84674,-0.867169
1.22522,2.84723,-0.869706
1.24574,2.8467,-0.87196
1.26435,2.84163,-0.872806
1.28453,2.83994,-0.874779
1.30473,2.83811,-0.876752
1.32659,2.83961,-0.879852
1.35097,2.84615,-0.884643
1.36966,2.8404,-0.885489
1.39128,2.84057,-0.888307
1.41082,2.83627,-0.889716
1.42863,2.82842,-0.889998
1.44858,2.82472,-0.891689
1.46854,2.82089,-0.89338
1.48806,2.81607,-0.894789
1.51075,2.81703,-0.898171
1.52938,2.81024,-0.899017
1.54845,2.80416,-0.900144
1.56703,2.79712,-0.90099
1.58606,2.79079,-0.902117
1.60316,2.781,-0.902117
1.61825,2.7678,-0.90099
1.63667,2.7603,-0.901835
1.64271,2.73211,-0.895635
1.66344,2.72853,-0.89789
1.68468,2.72562,-0.900426
1.70596,2.72255,-0.902963
1.72315,2.71284,-0.903244
1.74235,2.70625,-0.904654
1.75945,2.69631,-0.904936
1.77914,2.69027,-0.906627
1.79721,2.6817,-0.907472
1.81202,2.66824,-0.906627
1.82835,2.65707,-0.906627
1.85066,2.65446,-0.909727
1.85861,2.63129,-0.905499
1.87528,2.62062,-0.905781
1.89189,2.60984,-0.906063
1.90105,2.5889,-0.902681
1.91805,2.57873,-0.903244
1.9321,2.56461,-0.902399
1.94606,2.55042,-0.901554
1.9646,2.54223,-0.902963
1.98253,2.53315,-0.90409
1.99505,2.51718,-0.902681
2.01106,2.50564,-0.902963
2.02216,2.48803,-0.90099
2.03313,2.47039,-0.899017
2.05009,2.46008,-0.899862
2.07009,2.45333,-0.902117
2.08012,2.43474,-0.899862
2.10067,2.42846,-0.902399
2.11364,2.41336,-0.901554
2.13349,2.40609,-0.903808
2.14694,2.39153,-0.903244
2.15834,2.37476,-0.901835
2.17223,2.36076,-0.901554
2.18667,2.34739,-0.901554
2.19379,2.32625,-0.898453
2.21134,2.31622,-0.899862
2.22884,2.30605,-0.901272
2.23423,2.28342,-0.897608
2.25292,2.27444,-0.899581
2.26887,2.2626,-0.900426
2.27998,2.24595,-0.899299
2.28272,2.2212,-0.894789
2.2887,2.19984,-0.891689
2.30215,2.18576,-0.891689
2.31342,2.16962,-0.890844
2.33021,2.15864,-0.892253
2.34624,2.1469,-0.89338
2.35581,2.12924,-0.891971
2.36883,2.11475,-0.891971
2.38608,2.10398,-0.893662
2.39822,2.08867,-0.89338
2.41245,2.07517,-0.893944
2.4266,2.06157,-0.894508
2.43994,2.04726,-0.894789
2.45688,2.03592,-0.89648
2.47007,2.02142,-0.896762
2.48317,2.00683,-0.897044
2.49619,1.99215,-0.897326
2.5046,1.97383,-0.895917
2.51667,1.95842,-0.895917
2.52103,1.9371,-0.893098
2.52828,1.91811,-0.891407
2.5377,1.90083,-0.890562
2.54469,1.8818,-0.888871
2.55696,1.86672,-0.889153
2.56837,1.85099,-0.889153
2.58437,1.83854,-0.890844
2.59874,1.82485,-0.891971
2.61146,1.80997,-0.892535
2.6249,1.79554,-0.89338
2.6295,1.7751,-0.891125
2.64753,1.76372,-0.893662
2.6551,1.74533,-0.892535
2.65932,1.72483,-0.89028
2.66662,1.70641,-0.889153
2.67623,1.6895,-0.888871
2.68654,1.67305,-0.888871
2.69758,1.65704,-0.889153
2.70277,1.63747,-0.887462
2.71277,1.62086,-0.887462
2.72183,1.60369,-0.88718
2.72582,1.58359,-0.885207
2.72799,1.56254,-0.88267
2.73084,1.54199,-0.880416
2.73774,1.5238,-0.87957
2.74788,1.50744,-0.879852
2.7537,1.48872,-0.878725
2.76194,1.47135,-0.878443
2.77771,1.45794,-0.880697
2.79853,1.44705,-0.884643
2.80394,1.4281,-0.883516
2.81436,1.41173,-0.884079
2.82297,1.39444,-0.884079
2.8332,1.37793,-0.884643
2.8416,1.36052,-0.884643
2.84209,1.33938,-0.882107
2.84416,1.31908,-0.880134
2.85569,1.3032,-0.881261
2.86626,1.28683,-0.882107
2.87059,1.26767,-0.880979
2.88008,1.2508,-0.881543
2.88329,1.23122,-0.880134
2.8899,1.21313,-0.879852
2.89463,1.19428,-0.879006
2.89212,1.17253,-0.875906
2.89926,1.15476,-0.875906
2.90987,1.13835,-0.877033
2.91232,1.11875,-0.875624
2.929,1.10459,-0.878725
2.93933,1.08793,-0.879852
2.94504,1.06954,-0.87957
2.96149,1.055,-0.88267
2.97334,1.03871,-0.884361
2.98238,1.02138,-0.885207
2.99223,1.00428,-0.886334
2.98649,0.982001,-0.88267
2.98881,0.96248,-0.881543
2.99008,0.942679,-0.880134
2.98756,0.921765,-0.877597
2.98581,0.901196,-0.875342
2.99128,0.882858,-0.875342
2.99204,0.863156,-0.873933
3.00282,0.846345,-0.875624
3.01073,0.828669,-0.87647
3.01298,0.809432,-0.875624
3.02345,0.792391,-0.877315
3.03105,0.774538,-0.878161
3.03574,0.755925,-0.878161
3.04872,0.739322,-0.880697
3.04666,0.719057,-0.878725
3.05008,0.700134,-0.878443
3.06181,0.68308,-0.880697
3.05844,0.662652,-0.878443
1.15656,0.242435,-0.306309
1.1129,0.226119,-0.292781
1.11898,0.220217,-0.29419
1.11936,0.213166,-0.293908
1.13386,0.208739,-0.297854
1.12378,0.199752,-0.294472
0,0,0
1.1413,0.188462,-0.298981
0,0,0
1.15111,0.175608,-0.301236
1.15786,0.16938,-0.302927
1.08952,0.152492,-0.282353
1.1028,0.14747,-0.286017
1.18838,0.151586,-0.3111
1.235,0.149882,-0.324629
1.2826,0.147722,-0.338439
1.30351,0.14205,-0.344358
1.31294,0.134939,-0.346894
1.33285,0.128742,-0.352531
1.35368,0.122393,-0.358449
1.32954,0.11197,-0.351122
1.32351,0.103281,-0.349149
1.31838,0.0947407,-0.347458
1.32468,0.0870319,-0.349149
1.34626,0.0801749,-0.355349
1.32086,0.0705096,-0.34774
1.35385,0.0639709,-0.357322
1.3082,0.0537324,-0.343794
1.30084,0.0454297,-0.341539
1.24547,0.0357971,-0.325192
1.28499,0.0290795,-0.336748
1.32639,0.0219115,-0.348867
1.28141,0.0132653,-0.33562
1.34287,0.00571626,-0.353658
1.37263,-0.00255406,-0.362395
1.35532,-0.0108526,-0.357322
1.37057,-0.0193726,-0.361832
1.37618,-0.0278938,-0.363523
1.37119,-0.0362147,-0.362113
1.35848,-0.0442321,-0.358449
1.30641,-0.0506067,-0.34323
1.29553,-0.0581577,-0.34013
1.30952,-0.0668267,-0.344358
1.31292,-0.0750763,-0.345485
1.30477,-0.0826522,-0.34323
1.3186,-0.091642,-0.347458
1.30079,-0.0984429,-0.342385
1.31164,-0.107352,-0.345767
1.26985,-0.111816,-0.333648
1.1631,-0.109708,-0.302363
1.18628,-0.119219,-0.309409
1.17407,-0.125285,-0.306027
1.17423,-0.132593,-0.306309
1.13624,-0.135405,-0.295318
1.12777,-0.141427,-0.293063
0,0,0
0,0,0
1.10503,-0.159307,-0.287144
0,0,0
1.11626,-0.174921,-0.29109
1.13316,-0.184682,-0.296445
1.11782,-0.189243,-0.292217
1.11947,-0.196593,-0.293063
1.13429,-0.206362,-0.297854
1.12735,-0.212259,-0.296163
3.07496,-0.596496,-0.879288
3.05619,-0.612342,-0.874779
3.04674,-0.629919,-0.873088
3.03718,-0.647404,-0.871397
3.02847,-0.665,-0.869987
3.01872,-0.682303,-0.868296
3.01447,-0.700812,-0.868296
3.00732,-0.718628,-0.867451
2.99726,-0.735696,-0.86576
2.98897,-0.753137,-0.864633
2.98708,-0.772182,-0.865478
2.97486,-0.788532,-0.863223
2.96348,-0.805013,-0.861251
2.96588,-0.825236,-0.863505
2.958,-0.842631,-0.86266
2.95093,-0.860229,-0.862096
2.95111,-0.879962,-0.863787
2.9374,-0.895538,-0.861251
2.9291,-0.912689,-0.860405
2.92893,-0.932389,-0.862096
2.90946,-0.945898,-0.857868
2.90634,-0.964639,-0.858714
2.90854,-0.985221,-0.861251
2.897,-1.00117,-0.859559
2.89442,-1.0202,-0.860687
2.89172,-1.03924,-0.861814
2.8889,-1.05828,-0.862942
2.88594,-1.07733,-0.864069
2.88197,-1.09604,-0.864914
2.87429,-1.11335,-0.864633
2.87009,-1.13203,-0.865478
2.86487,-1.15033,-0.866042
2.86486,-1.17079,-0.868296
2.86206,-1.19018,-0.869706
2.86177,-1.21071,-0.87196
2.84988,-1.22635,-0.870551
2.8379,-1.24189,-0.869142
2.82672,-1.25772,-0.868015
2.80846,-1.2703,-0.864633
2.79451,-1.28471,-0.86266
2.77701,-1.29737,-0.859559
2.76206,-1.3111,-0.857305
2.75915,-1.33052,-0.858996
2.76042,-1.35206,-0.862096
2.75293,-1.3694,-0.862378
2.75133,-1.38972,-0.864633
2.74531,-1.40789,-0.865478
2.73151,-1.42205,-0.863787
2.7151,-1.43476,-0.861251
2.70624,-1.45139,-0.861251
2.69054,-1.4643,-0.858996
2.67311,-1.47615,-0.856177
2.65981,-1.49018,-0.854768
2.65229,-1.50742,-0.855332
2.64798,-1.52654,-0.857023
2.64188,-1.54469,-0.85815
2.63152,-1.56038,-0.857868
2.6219,-1.5765,-0.857868
2.62201,-1.59855,-0.861251
2.61542,-1.61662,-0.862378
2.61358,-1.63773,-0.865196
2.60429,-1.65425,-0.865478
2.59651,-1.67176,-0.866324
2.59023,-1.69028,-0.867733
2.5774,-1.70455,-0.866887
2.5653,-1.71927,-0.866324
2.55391,-1.73444,-0.866042
2.53927,-1.74736,-0.864633
2.53637,-1.76839,-0.867451
2.52704,-1.78502,-0.868015
2.50589,-1.79324,-0.864351
2.48863,-1.80408,-0.862096
2.46823,-1.81251,-0.858714
2.45552,-1.82647,-0.85815
2.4435,-1.84093,-0.857868
2.42987,-1.85414,-0.857023
2.41617,-1.86726,-0.856177
2.4024,-1.88027,-0.855332
2.38856,-1.89319,-0.854486
2.37615,-1.90721,-0.854205
2.35621,-1.9151,-0.851104
2.33997,-1.92587,-0.849413
2.32368,-1.9365,-0.847722
2.32129,-1.95877,-0.851386
2.32164,-1.98356,-0.856177
2.2891,-1.9802,-0.848286
2.29062,-2.00622,-0.853641
2.2754,-2.01769,-0.852513
2.26012,-2.02905,-0.851386
2.24904,-2.04417,-0.85195
2.23717,-2.05858,-0.852232
2.2259,-2.07358,-0.852795
2.21732,-2.09114,-0.854486
2.22319,-2.12259,-0.862096
2.20392,-2.13019,-0.859559
2.18394,-2.13697,-0.856741
2.17352,-2.15303,-0.857868
2.14942,-2.15546,-0.853359
2.13481,-2.16724,-0.852795
2.1208,-2.17961,-0.852513
2.11005,-2.19535,-0.853641
2.08927,-2.2006,-0.850541
2.08361,-2.22178,-0.853923
2.06732,-2.2317,-0.852795
2.05359,-2.24435,-0.852795
2.04557,-2.26331,-0.855332
2.03229,-2.27653,-0.855614
2.02146,-2.29256,-0.857023
2.01428,-2.31287,-0.860123
2.00193,-2.32737,-0.860969
1.98948,-2.3418,-0.861814
1.97384,-2.3525,-0.861251
1.96365,-2.36973,-0.863223
1.93996,-2.3706,-0.858996
1.92719,-2.3847,-0.859841
1.91371,-2.39798,-0.860405
1.89778,-2.40817,-0.859841
1.88945,-2.4281,-0.862942
1.87276,-2.43736,-0.862096
1.85777,-2.44881,-0.862096
1.83868,-2.45479,-0.860123
1.82473,-2.46757,-0.860687
1.80389,-2.47097,-0.857868
1.79094,-2.4851,-0.858996
1.7751,-2.49526,-0.858714
1.75976,-2.50611,-0.858714
1.74763,-2.52159,-0.860405
1.73483,-2.53622,-0.861814
1.71763,-2.54444,-0.860969
1.7073,-2.56291,-0.863787
1.69049,-2.57173,-0.863223
1.67468,-2.58206,-0.863223
1.65829,-2.59148,-0.862942
1.63928,-2.59674,-0.861251
1.6223,-2.60512,-0.860687
1.60277,-2.6093,-0.858714
1.58325,-2.61334,-0.856741
1.56718,-2.62301,-0.856741
1.55106,-2.63258,-0.856741
1.53825,-2.64785,-0.858714
1.52198,-2.65724,-0.858714
1.50706,-2.66903,-0.859559
1.49626,-2.68829,-0.862942
1.47881,-2.69574,-0.862378
1.46361,-2.70729,-0.863223
1.44878,-2.71961,-0.864351
1.42805,-2.7208,-0.861814
1.41044,-2.72781,-0.861251
1.3915,-2.73214,-0.859841
1.3717,-2.73462,-0.857868
1.35702,-2.74729,-0.859278
1.33804,-2.75125,-0.857868
1.32071,-2.75854,-0.857587
1.30663,-2.77267,-0.859559
1.28676,-2.77454,-0.857587
1.2737,-2.79111,-0.860405
1.25694,-2.79975,-0.860687
1.24013,-2.80829,-0.860969
1.2267,-2.82464,-0.863787
1.21123,-2.83653,-0.865196
1.19269,-2.84125,-0.864351
1.17523,-2.84852,-0.864351
1.15268,-2.84323,-0.860405
1.13166,-2.84133,-0.857587
1.11665,-2.85448,-0.859559
1.1005,-2.86486,-0.860687
1.07951,-2.86258,-0.857868
0,0,0
1.03905,-2.86118,-0.853359
0,0,0
0.997528,-2.85561,-0.847722
0,0,0
0.951103,-2.83398,-0.837294
0,0,0
0,0,0
0,0,0
0,0,0
0,0,0
0,0,0
0,0,0
0,0,0
0,0,0
0,0,0
0,0,0
0,0,0
0,0,0
0,0,0
0,0,0
0,0,0
0,0,0
0,0,0
0,0,0
0,0,0
0,0,0
0,0,0
0,0,0
0,0,0
0,0,0
0,0,0
0,0,0
0,0,0
0,0,0
0,0,0
0,0,0
0,0,0
0,0,0
0,0,0
0,0,0
0,0,0
0,0,0
0,0,0
0,0,0
0,0,0
0,0,0
0,0,0
0,0,0
0,0,0
0,0,0
0,0,0
0,0,0
0,0,0
0,0,0
0,0,0
0,0,0
0,0,0
0,0,0
0,0,0
0,0,0
0,0,0
0,0,0
0,0,0
0,0,0
0,0,0
0,0,0
0,0,0
0,0,0
0,0,0
0,0,0
0,0,0
0,0,0
0,0,0
0,0,0
0,0,0
0,0,0
0,0,0
0,0,0
0,0,0
0,0,0
0,0,0
0,0,0
0,0,0
0,0,0
0,0,0
0,0,0
0,0,0
0,0,0
0,0,0
0,0,0
0,0,0
0,0,0
0,0,0
0,0,0
0,0,0
0,0,0
0,0,0
0,0,0
0,0,0
0,0,0
0,0,0
0,0,0
0,0,0
0,0,0
0,0,0
0,0,0
0,0,0
0,0,0
0,0,0
0,0,0
0,0,0
0,0,0
0,0,0
0,0,0
0,0,0
0,0,0
0,0,0
0,0,0
0,0,0
0,0,0
0,0,0
0,0,0
0,0,0
0,0,0
0,0,0
0,0,0
0,0,0
0,0,0
0,0,0
0,0,0
0,0,0
0,0,0
0,0,0
0,0,0
0,0,0
0,0,0
0,0,0
0,0,0
0,0,0
0,0,0
0,0,0
0,0,0
0,0,0
0,0,0
0,0,0
0,0,0
0,0,0
0,0,0
0,0,0
0,0,0
0,0,0
0,0,0
0,0,0
0,0,0
0,0,0
0,0,0
0,0,0
0,0,0
0,0,0
0,0,0
0,0,0
0,0,0
0,0,0
0,0,0
0,0,0
0,0,0
0,0,0
0,0,0
0,0,0
0,0,0
0,0,0
0,0,0
0,0,0
0,0,0
0,0,0
0,0,0
0,0,0
0,0,0
0,0,0
0,0,0
0,0,0
0,0,0
0,0,0
0,0,0
0,0,0
0,0,0
0,0,0
0,0,0
0,0,0
0,0,0
0,0,0
0,0,0
0,0,0
0,0,0
0,0,0
0,0,0
0,0,0
0,0,0
0,0,0
0,0,0
0,0,0
0,0,0
0,0,0
0,0,0
0,0,0
0,0,0
0,0,0
0,0,0
0,0,0
0,0,0
0,0,0
0,0,0
0,0,0
0,0,0
0,0,0
0,0,0
0,0,0
0,0,0
0,0,0
0,0,0
0,0,0
0,0,0
0,0,0
0,0,0
0,0,0
0,0,0
0,0,0
0,0,0
0,0,0
0,0,0
0,0,0
0,0,0
0,0,0
0,0,0
0,0,0
0,0,0
0,0,0
0,0,0
0,0,0
0,0,0
0,0,0
0,0,0
0,0,0
0,0,0
0,0,0
0,0,0
0,0,0
0,0,0
0,0,0
0,0,0
0,0,0
0,0,0
0,0,0
0,0,0
0,0,0
0,0,0
0,0,0
0,0,0
0,0,0
0,0,0
0,0,0
0,0,0
0,0,0
0,0,0
0,0,0
0,0,0
0,0,0
0,0,0
0,0,0
0,0,0
0,0,0
0,0,0
0,0,0
0,0,0
0,0,0
0,0,0
0,0,0
0,0,0
0,0,0
0,0,0
0,0,0
0,0,0
0,0,0
0,0,0
0,0,0
0,0,0
0,0,0
0,0,0
0,0,0
0,0,0
0,0,0
0,0,0
0,0,0
0,0,0
0,0,0
0,0,0
0,0,0
0,0,0
0,0,0
0,0,0
0,0,0
0,0,0
0,0,0
0,0,0
0,0,0
0,0,0
0,0,0
0,0,0
0,0,0
0,0,0
0,0,0
0,0,0
0,0,0
0,0,0
0,0,0
0,0,0
0,0,0
0,0,0
0,0,0
0,0,0
0,0,0
0,0,0
0,0,0
0,0,0
0,0,0
0,0,0
0,0,0
0,0,0
0,0,0
0,0,0
0,0,0
0,0,0
0,0,0
0,0,0
0,0,0
0,0,0
0,0,0
0,0,0
0,0,0
0,0,0
0,0,0
0,0,0
0,0,0
0,0,0
0,0,0
0,0,0
0,0,0
0,0,0
0,0,0
0,0,0
0,0,0
0,0,0
0,0,0
0,0,0
0,0,0
0,0,0
0,0,0
0,0,0
0,0,0
0,0,0
0,0,0
0,0,0
0,0,0
0,0,0
0,0,0
0,0,0
0,0,0
0,0,0
0,0,0
0,0,0
0,0,0
0,0,0
0,0,0
0,0,0
0,0,0
0,0,0
0,0,0
0,0,0
0,0,0
0,0,0
0,0,0
0,0,0
0,0,0
0,0,0
0,0,0
0,0,0
0,0,0
0,0,0
0,0,0
0,0,0
0,0,0
0,0,0
0,0,0
0,0,0
0,0,0
0,0,0
0,0,0
0,0,0
0,0,0
0,0,0
0,0,0
0,0,0
0,0,0
0,0,0
0,0,0
0,0,0
0,0,0
0,0,0
0,0,0
0,0,0
0,0,0
0,0,0
0,0,0
0,0,0
0,0,0
0,0,0
0,0,0
0,0,0
0,0,0
0,0,0
0,0,0
0,0,0
0,0,0
0,0,0
0,0,0
0,0,0
0,0,0
0,0,0
0,0,0
0,0,0
0,0,0
0,0,0
0,0,0
0,0,0
0,0,0
0,0,0
0,0,0
0,0,0
0,0,0
0,0,0
0,0,0
0,0,0
0,0,0
0,0,0
0,0,0
0,0,0
0,0,0
0,0,0
0,0,0
0,0,0
0,0,0
0,0,0
0,0,0
0,0,0
0,0,0
0,0,0
0,0,0
0,0,0
0,0,0
0,0,0
0,0,0
0,0,0
0,0,0
0,0,0
0,0,0
0,0,0
0,0,0
0,0,0
0,0,0
0,0,0
0,0,0
0,0,0
0,0,0
0,0,0
0,0,0
0,0,0
0,0,0
0,0,0
0,0,0
0,0,0
0,0,0
0,0,0
0,0,0
0,0,0
0,0,0
0,0,0
0,0,0
0,0,0
0,0,0
0,0,0
0,0,0
0,0,0
0,0,0
0,0,0
0,0,0
0,0,0
0,0,0
0,0,0
0,0,0
0,0,0
0,0,0
0,0,0
0,0,0
0,0,0
0,0,0
0,0,0
0,0,0
0,0,0
0,0,0
0,0,0
0,0,0
0,0,0
0,0,0
0,0,0
0,0,0
0,0,0
0,0,0
0,0,0
0,0,0
0,0,0
0,0,0
0,0,0
0,0,0
0,0,0
0,0,0
0,0,0
0,0,0
0,0,0
0,0,0
0,0,0
0,0,0
0,0,0
0,0,0
0,0,0
0,0,0
0,0,0
0,0,0
0,0,0
0,0,0
0,0,0
0,0,0
0,0,0
0,0,0
0,0,0
0,0,0
0,0,0
0,0,0
0,0,0
0,0,0
0,0,0
0,0,0
0,0,0
0,0,0
0,0,0
0,0,0
0,0,0
0,0,0
0,0,0
0,0,0
0,0,0
0,0,0
0,0,0
0,0,0
0,0,0
0,0,0
0,0,0
0,0,0
0,0,0
0,0,0
0,0,0
0,0,0
0,0,0
0,0,0
0,0,0
0,0,0
0,0,0
0,0,0
0,0,0
0,0,0
0,0,0
0,0,0
0,0,0
0,0,0
0,0,0
0,0,0
0,0,0
0,0,0
0,0,0
0,0,0
0,0,0
0,0,0
0,0,0
0,0,0
0,0,0
0,0,0
0,0,0
0,0,0
0,0,0
0,0,0
0,0,0
0,0,0
0,0,0
0,0,0
0,0,0
0,0,0
0,0,0
0,0,0
0,0,0
0.990983,2.81688,-0.872502
1.01535,2.83055,-0.878938
1.04059,2.84582,-0.885958
1.0587,2.84117,-0.886544
1.07679,2.83641,-0.887129
1.09452,2.83064,-0.887421
1.11117,2.82209,-0.886836
1.1306,2.82055,-0.888591
1.1533,2.82684,-0.892979
1.17429,2.82854,-0.895905
1.19311,2.8248,-0.897075
1.21042,2.81743,-0.897075
1.22999,2.81521,-0.89883
1.24724,2.80761,-0.89883
1.26326,2.79728,-0.897952
1.2816,2.79209,-0.89883
1.29911,2.78504,-0.899123
1.31331,2.77097,-0.897075
1.33236,2.76716,-0.898538
1.33965,2.73918,-0.891809
1.36877,2.75574,-0.900293
1.38737,2.75071,-0.901463
1.40466,2.74299,-0.901756
1.42676,2.7445,-0.905266
1.44848,2.745,-0.908484
1.46711,2.73943,-0.909654
1.4848,2.73206,-0.910239
1.50708,2.73295,-0.91375
1.52382,2.72365,-0.91375
1.54145,2.71591,-0.914335
1.55427,2.69977,-0.911994
1.56984,2.68853,-0.911409
1.58289,2.67309,-0.909362
1.59533,2.65677,-0.907021
1.61309,2.64938,-0.907899
1.6268,2.63536,-0.906436
1.64041,2.62128,-0.904973
1.65492,2.60874,-0.904096
1.66935,2.59613,-0.903218
1.68211,2.58103,-0.901463
1.69475,2.56587,-0.899708
1.70887,2.55304,-0.89883
1.72558,2.54409,-0.899415
1.74386,2.53739,-0.900878
1.76158,2.52978,-0.902048
1.78424,2.52909,-0.905851
1.80306,2.52276,-0.907606
1.82356,2.51862,-0.910239
1.8435,2.51355,-0.912579
1.85604,2.49835,-0.911117
1.87076,2.48615,-0.910824
1.88308,2.47082,-0.909362
1.89294,2.45241,-0.906729
1.90619,2.43849,-0.905851
1.91993,2.42525,-0.905266
1.93059,2.4082,-0.903218
1.94352,2.39408,-0.902341
1.95817,2.38211,-0.902341
1.96663,2.3627,-0.899415
1.98294,2.35279,-0.900293
1.99237,2.33475,-0.897952
2.00604,2.32176,-0.89766
2.02276,2.31229,-0.89883
2.03691,2.29983,-0.89883
2.05609,2.29299,-0.90117
2.0727,2.28316,-0.902341
2.08537,2.26899,-0.901756
2.09665,2.25335,-0.900585
2.10585,2.23557,-0.898538
2.11754,2.22053,-0.89766
2.13046,2.20681,-0.897367
2.1433,2.19301,-0.897075
2.15873,2.18186,-0.897952
2.17275,2.16925,-0.898245
2.18943,2.15923,-0.899708
2.20264,2.14576,-0.899708
2.19991,2.11696,-0.892979
2.22464,2.11462,-0.897952
2.23618,2.09962,-0.897367
2.24832,2.08521,-0.897075
2.26248,2.07266,-0.89766
2.27161,2.05553,-0.896197
2.28204,2.03965,-0.89532
2.29308,2.02434,-0.894735
2.30474,2.0096,-0.894442
2.31558,1.99418,-0.893857
2.32704,1.97931,-0.893564
2.3428,1.96807,-0.895027
2.35336,1.95244,-0.894442
2.36308,1.93614,-0.893564
2.37491,1.92161,-0.893564
2.38143,1.90282,-0.891517
2.39156,1.88699,-0.890932
2.39706,1.86758,-0.888591
2.41075,1.85458,-0.889469
2.42436,1.84149,-0.890347
2.43332,1.82486,-0.889469
2.44908,1.81331,-0.891224
2.46403,1.80107,-0.892687
2.46572,1.7792,-0.889176
2.48361,1.76903,-0.891809
2.48502,1.74716,-0.888299
2.48941,1.72752,-0.885958
2.50865,1.71815,-0.889176
2.51676,1.70112,-0.888299
2.52556,1.68459,-0.887714
2.54464,1.67484,-0.890932
2.55246,1.65763,-0.890054
2.56581,1.644,-0.891224
2.57827,1.62976,-0.892102
2.58822,1.61391,-0.892102
2.59808,1.598,-0.892102
2.60293,1.57905,-0.890347
2.6101,1.56158,-0.889469
2.61799,1.54456,-0.888884
2.62328,1.52607,-0.887421
2.63011,1.50851,-0.886544
2.63349,1.48905,-0.884496
2.64007,1.47147,-0.883618
2.65575,1.45893,-0.885958
2.66129,1.44078,-0.884788
2.67008,1.42443,-0.884788
2.68808,1.41291,-0.888006
2.6967,1.39639,-0.888006
2.69585,1.37504,-0.884788
2.71962,1.36619,-0.890054
2.72709,1.34906,-0.889761
2.72758,1.32853,-0.887129
2.73137,1.3097,-0.885666
2.72898,1.28802,-0.882155
2.73423,1.27005,-0.881278
2.74284,1.25364,-0.88157
2.75135,1.23718,-0.881863
2.76064,1.22105,-0.882448
2.77159,1.20561,-0.883618
2.78069,1.18934,-0.884203
2.79058,1.17336,-0.885081
2.79596,1.15549,-0.884496
2.80477,1.13903,-0.885081
2.8117,1.1218,-0.885081
2.82121,1.10557,-0.885958
2.82704,1.0879,-0.885666
2.83188,1.06985,-0.885081
2.8348,1.05113,-0.883911
2.8412,1.03372,-0.883911
2.84208,1.01433,-0.882155
2.84555,0.99593,-0.881278
2.8507,0.978141,-0.880985
2.86118,0.962154,-0.882448
2.85795,0.941589,-0.879523
2.86549,0.924622,-0.880108
2.86655,0.905583,-0.878645
2.86931,0.88713,-0.877767
2.87195,0.868677,-0.87689
2.87907,0.851581,-0.877475
2.87964,0.832572,-0.876012
2.88562,0.815147,-0.876305
2.89333,0.798189,-0.877182
2.8991,0.780669,-0.877475
2.90476,0.763109,-0.877767
2.9029,0.743611,-0.87572
2.92133,0.729257,-0.880108
2.92482,0.711093,-0.879815
2.9375,0.695114,-0.882448
2.94357,0.677505,-0.883033
2.95421,0.660892,-0.885081
1.16494,0.253366,-0.323699
1.13186,0.238918,-0.312875
1.12299,0.229863,-0.309657
1.12345,0.222782,-0.309365
1.12855,0.216605,-0.310535
1.12515,0.208805,-0.309072
1.10665,0.198361,-0.302929
1.11444,0.192706,-0.304977
1.11937,0.186491,-0.306147
1.11672,0.179015,-0.304977
1.10929,0.170853,-0.302344
1.12167,0.165716,-0.305854
1.11509,0.157762,-0.303514
1.11509,0.150789,-0.303222
1.10841,0.142968,-0.300881
1.11496,0.136861,-0.302636
1.14048,0.132886,-0.310242
1.12511,0.124109,-0.305269
1.12205,0.116809,-0.304099
1.12369,0.110014,-0.304392
1.12149,0.102857,-0.303514
1.12686,0.096379,-0.304977
1.13125,0.0897641,-0.306147
1.1499,0.0841408,-0.311705
1.13608,0.0761296,-0.307317
1.14703,0.0697925,-0.310535
1.14361,0.0625456,-0.309365
1.14971,0.0558035,-0.31112
1.14716,0.0486275,-0.310242
1.14266,0.0414163,-0.30878
1.14289,0.0344042,-0.30878
1.13926,0.0273007,-0.30761
1.14036,0.0203265,-0.307902
1.14333,0.0133615,-0.30878
1.14244,0.00634094,-0.308487
1.13863,-0.000665442,-0.307317
1.13191,-0.00760457,-0.305269
1.13567,-0.0146002,-0.306439
1.1346,-0.0215498,-0.306147
1.13445,-0.0285111,-0.306147
1.13712,-0.0355621,-0.307025
1.13688,-0.0425386,-0.307025
1.14137,-0.0497234,-0.308487
1.13818,-0.0565823,-0.30761
1.13495,-0.0634039,-0.306732
1.13263,-0.0702476,-0.306147
1.13217,-0.0771959,-0.306147
1.13454,-0.0843551,-0.307025
1.13305,-0.0912378,-0.306732
1.13247,-0.0981883,-0.306732
1.11851,-0.103892,-0.302636
1.12547,-0.11151,-0.304977
1.10574,-0.116405,-0.299126
1.11071,-0.123825,-0.300881
1.12133,-0.131983,-0.304392
1.1148,-0.138154,-0.302636
1.10824,-0.144249,-0.300881
1.11113,-0.151564,-0.302051
1.1045,-0.157567,-0.300296
1.11013,-0.165329,-0.302344
1.10153,-0.170962,-0.300004
1.13162,-0.18276,-0.309657
1.13142,-0.189858,-0.30995
1.13211,-0.197126,-0.310535
1.12524,-0.203048,-0.30878
1.13243,-0.211531,-0.311413
1.10201,-0.212844,-0.302344
0,0,0
0,0,0
2.88252,-0.612648,-0.860508
2.89365,-0.633598,-0.865188
2.89251,-0.651972,-0.866066
2.88379,-0.668627,-0.864603
2.88615,-0.687862,-0.866651
2.88559,-0.706468,-0.867821
2.87563,-0.722761,-0.866066
2.87763,-0.742065,-0.868114
2.86747,-0.75824,-0.866358
2.85538,-0.773818,-0.864018
2.85519,-0.792603,-0.865481
2.85487,-0.811415,-0.866943
2.84708,-0.828116,-0.866066
2.8447,-0.846388,-0.866943
2.8422,-0.864662,-0.867821
2.83136,-0.880381,-0.866066
2.82408,-0.897158,-0.865481
2.81852,-0.914469,-0.865481
2.80378,-0.928738,-0.862555
2.79893,-0.946231,-0.862848
2.80121,-0.966194,-0.865481
2.79072,-0.981776,-0.864018
2.78644,-0.999527,-0.864603
2.78295,-1.01759,-0.865481
2.77576,-1.03431,-0.865188
2.77294,-1.05268,-0.866358
2.76643,-1.06968,-0.866358
2.76426,-1.08839,-0.867821
2.75842,-1.10568,-0.868114
2.7507,-1.12223,-0.867821
2.74199,-1.13835,-0.867236
2.74024,-1.15738,-0.868991
2.72342,-1.17002,-0.865773
2.71532,-1.18633,-0.865481
2.71323,-1.2053,-0.867236
2.69881,-1.21877,-0.864896
2.69041,-1.23491,-0.864603
2.68105,-1.25059,-0.864018
2.66987,-1.26538,-0.862848
2.66206,-1.28173,-0.862848
2.66187,-1.30183,-0.865481
2.64955,-1.31601,-0.864018
2.6457,-1.33439,-0.865481
2.6332,-1.34842,-0.864018
2.61894,-1.36147,-0.86197
2.61054,-1.37751,-0.86197
2.60541,-1.39531,-0.86314
2.59596,-1.41081,-0.862848
2.59144,-1.42902,-0.864311
2.58763,-1.4477,-0.866066
2.58369,-1.46638,-0.867821
2.57298,-1.48125,-0.867236
2.55807,-1.49364,-0.865188
2.54721,-1.50833,-0.864603
2.53053,-1.5195,-0.86197
2.52606,-1.53798,-0.863725
2.51901,-1.55496,-0.864603
2.51186,-1.57191,-0.865481
2.50216,-1.58729,-0.865481
2.48916,-1.60055,-0.864311
2.4817,-1.61736,-0.865188
2.46375,-1.62728,-0.862263
2.45689,-1.6445,-0.863433
2.45071,-1.66222,-0.864896
2.44204,-1.67831,-0.865481
2.43484,-1.69545,-0.866651
2.42517,-1.71091,-0.866943
2.41229,-1.72409,-0.866066
2.40477,-1.7411,-0.867236
2.37939,-1.74508,-0.861678
2.37555,-1.76478,-0.864311
2.36391,-1.77875,-0.864018
2.35903,-1.79786,-0.866358
2.33888,-1.80528,-0.862848
2.33227,-1.82314,-0.864603
2.32629,-1.84157,-0.866651
2.31644,-1.857,-0.867236
2.30055,-1.86757,-0.865481
2.2824,-1.87618,-0.862848
2.2657,-1.88587,-0.8608
2.25408,-1.89973,-0.8608
2.24311,-1.91415,-0.861093
2.22698,-1.92412,-0.859337
2.2065,-1.9302,-0.855827
2.18889,-1.93863,-0.853487
2.17909,-1.95394,-0.854364
2.16918,-1.9692,-0.855242
2.15424,-1.97988,-0.854072
2.13785,-1.98915,-0.852316
2.13257,-2.00879,-0.855242
2.12712,-2.02844,-0.858167
2.11051,-2.03747,-0.856412
2.10549,-2.05773,-0.85963
2.10234,-2.08003,-0.863725
2.08616,-2.08951,-0.862263
2.07598,-2.10499,-0.863433
2.05836,-2.11289,-0.861385
2.03475,-2.11446,-0.856705
2.02042,-2.12552,-0.85612
2.00996,-2.14066,-0.85729
1.98963,-2.14524,-0.854072
1.97708,-2.15811,-0.854364
1.96765,-2.17446,-0.85612
1.95236,-2.18435,-0.855242
1.94145,-2.19916,-0.856412
1.92792,-2.21103,-0.856412
1.91182,-2.21992,-0.855242
1.9025,-2.23671,-0.85729
1.88935,-2.24907,-0.857582
1.87552,-2.26062,-0.857582
1.86222,-2.27283,-0.857875
1.85064,-2.28718,-0.859045
1.83896,-2.30149,-0.860215
1.8248,-2.31273,-0.860215
1.80823,-2.32086,-0.859045
1.79512,-2.33343,-0.85963
1.77845,-2.34135,-0.85846
1.76176,-2.34916,-0.85729
1.74674,-2.35916,-0.856997
1.73224,-2.36983,-0.856997
1.71766,-2.38042,-0.856997
1.70191,-2.38935,-0.856412
1.68612,-2.39819,-0.855827
1.67192,-2.40927,-0.85612
1.65873,-2.42185,-0.856997
1.64491,-2.43357,-0.857582
1.63047,-2.44441,-0.857875
1.61702,-2.45677,-0.858752
1.60296,-2.46825,-0.859337
1.58623,-2.47562,-0.85846
1.57357,-2.48935,-0.859923
1.55422,-2.49246,-0.857582
1.5394,-2.50277,-0.857875
1.52401,-2.51217,-0.857875
1.50709,-2.51901,-0.856997
1.49015,-2.52574,-0.85612
1.47703,-2.53897,-0.857582
1.46523,-2.55462,-0.859923
1.44859,-2.5619,-0.859337
1.43517,-2.57491,-0.8608
1.4198,-2.58451,-0.861093
1.40437,-2.59401,-0.861385
1.39023,-2.60596,-0.862555
1.37199,-2.6102,-0.861093
1.35726,-2.62112,-0.86197
1.33681,-2.62088,-0.859045
1.325,-2.63758,-0.86197
1.3054,-2.6388,-0.85963
1.28625,-2.64074,-0.857582
1.27126,-2.65117,-0.85846
1.25701,-2.66325,-0.859923
1.24145,-2.67265,-0.860508
1.22821,-2.68717,-0.862848
1.21013,-2.69117,-0.861678
1.19398,-2.69942,-0.86197
1.17778,-2.70757,-0.862263
1.16264,-2.71826,-0.863433
1.14187,-2.71565,-0.860215
1.12482,-2.72172,-0.859923
1.11062,-2.73477,-0.86197
1.09169,-2.73621,-0.860215
1.07383,-2.74018,-0.859337
1.06318,-2.76278,-0.864603
1.04621,-2.76926,-0.864603
1.03252,-2.78459,-0.867528
1.01868,-2.79986,-0.870454
1.00437,-2.81416,-0.873087
0.993719,-2.83923,-0.87923
0,0,0
0,0,0
0,0,0
0,0,0
0,0,0
0,0,0
0,0,0
0,0,0
0,0,0
0,0,0
0,0,0
0,0,0
0,0,0
0,0,0
0,0,0
0,0,0
0,0,0
0,0,0
0,0,0
0,0,0
0,0,0
0,0,0
0,0,0
0,0,0
0,0,0
0,0,0
0,0,0
0,0,0
0,0,0
0,0,0
0,0,0
0,0,0
0,0,0
0,0,0
0,0,0
0,0,0
0,0,0
0,0,0
0,0,0
0,0,0
0,0,0
0,0,0
0,0,0
0,0,0
0,0,0
0,0,0
0,0,0
0,0,0
0,0,0
0,0,0
0,0,0
0,0,0
0,0,0
0,0,0
0,0,0
0,0,0
0,0,0
0,0,0
0,0,0
0,0,0
0,0,0
0,0,0
0,0,0
0,0,0
0,0,0
0,0,0
0,0,0
0,0,0
0,0,0
0,0,0
0,0,0
0,0,0
0,0,0
0,0,0
0,0,0
0,0,0
0,0,0
0,0,0
0,0,0
0,0,0
0,0,0
0,0,0
0,0,0
0,0,0
0,0,0
0,0,0
0,0,0
0,0,0
0,0,0
0,0,0
0,0,0
0,0,0
0,0,0
0,0,0
0,0,0
0,0,0
0,0,0
0,0,0
0,0,0
0,0,0
0,0,0
0,0,0
0,0,0
0,0,0
0,0,0
0,0,0
0,0,0
0,0,0
0,0,0
0,0,0
0,0,0
0,0,0
0,0,0
0,0,0
0,0,0
0,0,0
0,0,0
0,0,0
0,0,0
0,0,0
0,0,0
0,0,0
0,0,0
0,0,0
0,0,0
0,0,0
0,0,0
0,0,0
0,0,0
0,0,0
0,0,0
0,0,0
0,0,0
0,0,0
0,0,0
0,0,0
0,0,0
0,0,0
0,0,0
0,0,0
0,0,0
0,0,0
0,0,0
0,0,0
0,0,0
0,0,0
0,0,0
0,0,0
0,0,0
0,0,0
0,0,0
0,0,0
0,0,0
0,0,0
0,0,0
0,0,0
0,0,0
0,0,0
0,0,0
0,0,0
0,0,0
0,0,0
0,0,0
0,0,0
0,0,0
0,0,0
0,0,0
0,0,0
0,0,0
0,0,0
0,0,0
0,0,0
0,0,0
0,0,0
0,0,0
0,0,0
0,0,0
0,0,0
0,0,0
0,0,0
0,0,0
0,0,0
0,0,0
0,0,0
0,0,0
0,0,0
0,0,0
0,0,0
0,0,0
0,0,0
0,0,0
0,0,0
0,0,0
0,0,0
0,0,0
0,0,0
0,0,0
0,0,0
0,0,0
0,0,0
0,0,0
0,0,0
0,0,0
0,0,0
0,0,0
0,0,0
0,0,0
0,0,0
0,0,0
0,0,0
0,0,0
0,0,0
0,0,0
0,0,0
0,0,0
0,0,0
0,0,0
0,0,0
0,0,0
0,0,0
0,0,0
0,0,0
0,0,0
0,0,0
0,0,0
0,0,0
0,0,0
0,0,0
0,0,0
0,0,0
0,0,0
0,0,0
0,0,0
0,0,0
0,0,0
0,0,0
0,0,0
0,0,0
0,0,0
0,0,0
0,0,0
0,0,0
0,0,0
0,0,0
0,0,0
0,0,0
0,0,0
0,0,0
0,0,0
0,0,0
0,0,0
0,0,0
0,0,0
0,0,0
0,0,0
0,0,0
0,0,0
0,0,0
0,0,0
0,0,0
0,0,0
0,0,0
0,0,0
0,0,0
0,0,0
0,0,0
0,0,0
0,0,0
0,0,0
0,0,0
0,0,0
0,0,0
0,0,0
0,0,0
0,0,0
0,0,0
0,0,0
0,0,0
0,0,0
0,0,0
0,0,0
0,0,0
0,0,0
0,0,0
0,0,0
0,0,0
0,0,0
0,0,0
0,0,0
0,0,0
0,0,0
0,0,0
0,0,0
0,0,0
0,0,0
0,0,0
0,0,0
0,0,0
0,0,0
0,0,0
0,0,0
0,0,0
0,0,0
0,0,0
0,0,0
0,0,0
0,0,0
0,0,0
0,0,0
0,0,0
0,0,0
0,0,0
0,0,0
0,0,0
0,0,0
0,0,0
0,0,0
0,0,0
0,0,0
0,0,0
0,0,0
0,0,0
0,0,0
0,0,0
0,0,0
0,0,0
0,0,0
0,0,0
0,0,0
0,0,0
0,0,0
0,0,0
0,0,0
0,0,0
0,0,0
0,0,0
0,0,0
0,0,0
0,0,0
0,0,0
0,0,0
0,0,0
0,0,0
0,0,0
0,0,0
0,0,0
0,0,0
0,0,0
0,0,0
0,0,0
0,0,0
0,0,0
0,0,0
0,0,0
0,0,0
0,0,0
0,0,0
0,0,0
0,0,0
0,0,0
0,0,0
0,0,0
0,0,0
0,0,0
0,0,0
0,0,0
0,0,0
0,0,0
0,0,0
0,0,0
0,0,0
0,0,0
0,0,0
0,0,0
0,0,0
0,0,0
0,0,0
0,0,0
0,0,0
0,0,0
0,0,0
0,0,0
0,0,0
0,0,0
0,0,0
0,0,0
0,0,0
0,0,0
0,0,0
0,0,0
0,0,0
0,0,0
0,0,0
0,0,0
0,0,0
0,0,0
0,0,0
0,0,0
0,0,0
0,0,0
0,0,0
0,0,0
0,0,0
0,0,0
0,0,0
0,0,0
0,0,0
0,0,0
0,0,0
0,0,0
0,0,0
0,0,0
0,0,0
0,0,0
0,0,0
0,0,0
0,0,0
0,0,0
0,0,0
0,0,0
0,0,0
0,0,0
0,0,0
0,0,0
0,0,0
0,0,0
0,0,0
0,0,0
0,0,0
0,0,0
0,0,0
0,0,0
0,0,0
0,0,0
0,0,0
0,0,0
0,0,0
0,0,0
0,0,0
0,0,0
0,0,0
0,0,0
0,0,0
0,0,0
0,0,0
0,0,0
0,0,0
0,0,0
0,0,0
0,0,0
0,0,0
0,0,0
0,0,0
0,0,0
0,0,0
0,0,0
0,0,0
0,0,0
0,0,0
0,0,0
0,0,0
0,0,0
0,0,0
0,0,0
0,0,0
0,0,0
0,0,0
0,0,0
0,0,0
0,0,0
0,0,0
0,0,0
0,0,0
0,0,0
0,0,0
0,0,0
0,0,0
0,0,0
0,0,0
0,0,0
0,0,0
0,0,0
0,0,0
0,0,0
0,0,0
0,0,0
0,0,0
0,0,0
0,0,0
0,0,0
0,0,0
0,0,0
0,0,0
0,0,0
0,0,0
0,0,0
0,0,0
0,0,0
0,0,0
0,0,0
0,0,0
0,0,0
0,0,0
0,0,0
0,0,0
0,0,0
0,0,0
0,0,0
0,0,0
0,0,0
0,0,0
0,0,0
0,0,0
0,0,0
0,0,0
0,0,0
0,0,0
0,0,0
0,0,0
0,0,0
0,0,0
0,0,0
0,0,0
0,0,0
0,0,0
0,0,0
0,0,0
0,0,0
0,0,0
0,0,0
0,0,0
0,0,0
0,0,0
0,0,0
0,0,0
0,0,0
0,0,0
0,0,0
0,0,0
0,0,0
0,0,0
0,0,0
0,0,0
0,0,0
0,0,0
0,0,0
0,0,0
0,0,0
0,0,0
0,0,0
0,0,0
0,0,0
0,0,0
0,0,0
0,0,0
0,0,0
0,0,0
0,0,0
0,0,0
0,0,0
0,0,0
0,0,0
0,0,0
0,0,0
0,0,0
0,0,0
0,0,0
0,0,0
0,0,0
0,0,0
0,0,0
0,0,0
0,0,0
0,0,0
0,0,0
0,0,0
0,0,0
0,0,0
0,0,0
0,0,0
0,0,0
0,0,0
0,0,0
0,0,0
0,0,0
0,0,0
0,0,0
0,0,0
0,0,0
0,0,0
0,0,0
0,0,0
0,0,0
0,0,0
0,0,0
0,0,0
0,0,0
0,0,0
0,0,0
0,0,0
0,0,0
0,0,0
0,0,0
0,0,0
0,0,0
0,0,0
0,0,0
0,0,0
0,0,0
0,0,0
0,0,0
0,0,0
0,0,0
0,0,0
0,0,0
0,0,0
0,0,0
0,0,0
0,0,0
0,0,0
0,0,0
0,0,0
0,0,0
0,0,0
0,0,0
0,0,0
0,0,0
0,0,0
0,0,0
0,0,0
0.87222,2.86081,-0.910993
0.886077,2.84358,-0.90705
0.902065,2.83355,-0.905533
0.916785,2.8198,-0.902803
0.935569,2.81865,-0.904319
0.952847,2.81285,-0.904319
0.971642,2.81146,-0.905836
0.992672,2.81623,-0.909477
1.01444,2.82264,-0.913724
1.03371,2.82173,-0.915544
1.048,2.8073,-0.912814
1.06656,2.80438,-0.914027
1.07412,2.7729,-0.905533
1.09286,2.77069,-0.90705
1.10842,2.76039,-0.905836
1.12606,2.7553,-0.906443
1.14258,2.74746,-0.90614
1.1609,2.74391,-0.907353
1.17696,2.73499,-0.906746
1.19525,2.73121,-0.90796
1.21547,2.73166,-0.91069
1.22946,2.71807,-0.908567
1.24691,2.71221,-0.909173
1.26272,2.70278,-0.908567
1.28132,2.69928,-0.910083
1.29745,2.69051,-0.90978
1.31393,2.6825,-0.90978
1.32909,2.67183,-0.90887
1.34718,2.66702,-0.910083
1.36178,2.65532,-0.90887
1.37805,2.64691,-0.90887
1.38804,2.62661,-0.904623
1.41043,2.6298,-0.90887
1.42517,2.61859,-0.90796
1.43845,2.60479,-0.90614
1.45534,2.59757,-0.906746
1.46937,2.58528,-0.905533
1.48377,2.57374,-0.904623
1.50098,2.56705,-0.905533
1.51476,2.55452,-0.904319
1.53482,2.55253,-0.90705
1.55492,2.55038,-0.90978
1.57004,2.53998,-0.909477
1.58559,2.5303,-0.909477
1.59904,2.51731,-0.908263
1.61291,2.50504,-0.907353
1.62929,2.4967,-0.90796
1.64563,2.48824,-0.908567
1.65928,2.47572,-0.907656
1.67658,2.46865,-0.90887
1.69116,2.45753,-0.908567
1.70838,2.45024,-0.90978
1.72338,2.43971,-0.90978
1.73167,2.41979,-0.90614
1.74984,2.41374,-0.90796
1.76631,2.40527,-0.90887
1.77933,2.39209,-0.90796
1.7934,2.38037,-0.907656
1.80335,2.36325,-0.905229
1.82131,2.35667,-0.90705
1.83397,2.3432,-0.90614
1.84595,2.32891,-0.904926
1.86021,2.31754,-0.904926
1.87319,2.30461,-0.904319
1.89274,2.29969,-0.90705
1.90743,2.28877,-0.907353
1.92144,2.27702,-0.907353
1.93475,2.26446,-0.90705
1.95048,2.25471,-0.90796
1.95926,2.23697,-0.905533
1.97168,2.22348,-0.904926
1.98402,2.20992,-0.904319
1.9969,2.197,-0.904016
2.01228,2.18681,-0.904926
2.02825,2.17721,-0.90614
2.04092,2.16403,-0.905836
2.0535,2.15078,-0.905533
2.06666,2.13813,-0.905533
2.07308,2.1186,-0.902499
2.078,2.09771,-0.898859
2.09015,2.08425,-0.898555
2.09747,2.06604,-0.896128
2.11011,2.05313,-0.896128
2.12404,2.04146,-0.896735
2.1386,2.03036,-0.897645
2.15449,2.02046,-0.899162
2.16615,2.00655,-0.898859
2.18615,2.0003,-0.902196
2.18637,1.97599,-0.897039
2.19774,1.9619,-0.896735
2.21046,1.94901,-0.897039
2.22022,1.93353,-0.896128
2.23637,1.9236,-0.897949
2.2445,1.90676,-0.896432
2.25178,1.88927,-0.894612
2.2604,1.87299,-0.893398
2.2689,1.85667,-0.892185
2.27654,1.83971,-0.890668
2.28183,1.82095,-0.888241
2.30119,1.81341,-0.891578
2.31002,1.7975,-0.890668
2.32781,1.78852,-0.893398
2.3395,1.77478,-0.893701
2.35187,1.76153,-0.894308
2.36416,1.7482,-0.894915
2.37715,1.73535,-0.895825
2.38621,1.71962,-0.895218
2.39439,1.70328,-0.894308
2.397,1.68308,-0.891275
2.41041,1.67051,-0.892488
2.42062,1.65569,-0.892488
2.43073,1.64081,-0.892488
2.44551,1.62903,-0.894308
2.44989,1.61033,-0.892185
2.45892,1.59475,-0.891881
2.46545,1.57758,-0.890668
2.47428,1.56191,-0.890364
2.47816,1.54317,-0.888241
2.48758,1.52794,-0.888241
2.48957,1.5082,-0.885511
2.50205,1.49485,-0.886724
2.51528,1.48189,-0.888241
2.5268,1.46787,-0.889151
2.52832,1.44807,-0.886421
2.54047,1.4344,-0.887634
2.5459,1.41693,-0.886421
2.55287,1.40037,-0.885814
2.55555,1.3815,-0.88369
2.56146,1.36445,-0.88278
2.56472,1.34605,-0.88096
2.57039,1.32897,-0.88005
2.57765,1.31275,-0.879747
2.59076,1.29947,-0.881567
2.60467,1.2865,-0.88369
2.60994,1.26925,-0.88278
2.62284,1.25568,-0.8846
2.62274,1.2359,-0.88187
2.63373,1.22139,-0.883084
2.64117,1.20521,-0.883084
2.64591,1.18781,-0.882174
2.65663,1.17309,-0.883387
2.66902,1.15905,-0.885207
2.67784,1.1434,-0.885814
2.6971,1.13212,-0.890061
2.71104,1.11846,-0.892488
2.71697,1.10144,-0.892185
2.72457,1.0851,-0.892488
2.72585,1.06628,-0.890668
2.72256,1.04577,-0.887331
2.72981,1.02938,-0.887634
2.72089,1.00699,-0.882477
2.72343,0.988969,-0.881263
2.72855,0.97192,-0.88096
2.73626,0.955789,-0.881567
2.74568,0.940217,-0.88278
2.75682,0.925174,-0.8846
2.75973,0.907347,-0.88369
2.77159,0.892443,-0.885814
2.77338,0.874273,-0.8846
2.77778,0.856958,-0.884297
2.77934,0.838795,-0.883084
2.77895,0.820105,-0.881263
2.78302,0.802774,-0.88096
2.78972,0.7862,-0.881567
2.79541,0.769321,-0.88187
2.80468,0.753392,-0.883387
2.81294,0.737136,-0.8846
2.82387,0.721516,-0.886724
2.83102,0.704868,-0.887634
2.83159,0.686584,-0.886421
2.83482,0.668977,-0.886117
2.83701,0.651144,-0.885511
2.8019,0.624995,-0.872769
1.1016,0.237926,-0.317606
1.10211,0.230965,-0.317302
1.13898,0.231444,-0.32883
1.13103,0.222602,-0.325797
1.12489,0.214224,-0.32337
1.12056,0.206277,-0.32155
1.11805,0.198727,-0.320336
1.12301,0.192511,-0.32155
1.11477,0.184055,-0.318516
1.11964,0.177813,-0.319729
1.10376,0.168336,-0.314269
1.08214,0.158228,-0.306988
1.09536,0.153315,-0.310932
1.11706,0.149391,-0.317606
1.10944,0.141441,-0.314876
1.13205,0.137291,-0.321853
1.1376,0.130892,-0.32337
1.15259,0.12547,-0.32792
1.14955,0.118002,-0.326707
1.15309,0.111224,-0.327617
1.15755,0.104493,-0.32883
1.14678,0.0964192,-0.32519
1.1445,0.089156,-0.32428
1.14787,0.0823392,-0.32519
1.13409,0.0743451,-0.32064
1.13453,0.067385,-0.32064
1.12921,0.0601127,-0.318819
1.12671,0.0530455,-0.317909
1.12035,0.0458516,-0.315786
1.12156,0.0390105,-0.316089
1.13225,0.0324388,-0.319426
1.121,0.025222,-0.315786
1.12494,0.0184094,-0.316999
1.12027,0.011453,-0.315482
1.12413,0.00459836,-0.316696
1.12414,-0.00229927,-0.316696
1.12696,-0.00921729,-0.317606
1.13355,-0.0162207,-0.319729
1.12772,-0.0230647,-0.317909
1.13041,-0.0300569,-0.318819
1.13021,-0.0369924,-0.318819
1.12996,-0.0439265,-0.318819
1.13252,-0.0509846,-0.319729
1.13314,-0.0579804,-0.320033
1.15179,-0.0660036,-0.3261
1.15517,-0.0733072,-0.327314
1.16325,-0.080981,-0.330044
1.15988,-0.0879038,-0.329134
1.15742,-0.0948653,-0.328527
1.16346,-0.102544,-0.330651
1.1315,-0.106759,-0.32064
1.13178,-0.113794,-0.320943
1.11684,-0.119234,-0.316392
1.10094,-0.124388,-0.311538
1.11908,-0.133377,-0.317606
1.105,-0.138595,-0.313359
0,0,0
1.11172,-0.153307,-0.316089
1.10792,-0.159721,-0.315179
1.11917,-0.168346,-0.319123
1.12848,-0.176822,-0.32246
1.12173,-0.182829,-0.32064
1.12998,-0.19129,-0.323673
1.12409,-0.1974,-0.322156
1.11442,-0.202767,-0.319426
1.10754,-0.208549,-0.317606
1.09969,-0.214073,-0.315482
0,0,0
0,0,0
2.78809,-0.594403,-0.866398
2.79277,-0.613336,-0.869129
2.78802,-0.63025,-0.868825
2.7841,-0.647346,-0.868825
2.76432,-0.660657,-0.863668
2.77317,-0.680782,-0.867915
2.77541,-0.699412,-0.870039
2.77199,-0.716667,-0.870342
2.76478,-0.73293,-0.869432
2.75563,-0.748634,-0.867915
2.74915,-0.765018,-0.867308
2.7389,-0.780307,-0.865488
2.73132,-0.796299,-0.864578
2.72182,-0.811684,-0.863061
2.71587,-0.828092,-0.862758
2.70892,-0.844174,-0.862151
2.70551,-0.861357,-0.862758
2.70289,-0.878824,-0.863668
2.69564,-0.894793,-0.863061
2.691,-0.911622,-0.863365
2.68355,-0.927494,-0.862758
2.68051,-0.944892,-0.863668
2.68273,-0.964219,-0.866398
2.68034,-0.981971,-0.867612
2.67605,-0.999065,-0.868219
2.67789,-1.01851,-0.870949
2.67248,-1.03527,-0.871252
2.67317,-1.05444,-0.873679
2.65869,-1.06763,-0.870949
2.64856,-1.08248,-0.869735
2.63131,-1.09433,-0.866095
2.61752,-1.10748,-0.863668
2.6133,-1.12465,-0.864578
2.59326,-1.13494,-0.860028
2.59408,-1.15432,-0.862758
2.58434,-1.16903,-0.861848
2.57626,-1.18447,-0.861544
2.56721,-1.19945,-0.860938
2.57789,-1.22375,-0.867308
2.57033,-1.23955,-0.867308
2.5661,-1.25697,-0.868522
2.56431,-1.27566,-0.870646
2.55558,-1.29094,-0.870342
2.55016,-1.3079,-0.871252
2.5387,-1.32177,-0.870039
2.51875,-1.33109,-0.865792
2.51473,-1.34877,-0.867308
2.50641,-1.36418,-0.867308
2.49549,-1.37815,-0.866398
2.48948,-1.39483,-0.867308
2.47342,-1.40585,-0.864578
2.47053,-1.42432,-0.866702
2.46832,-1.4433,-0.869129
2.45942,-1.45842,-0.869129
2.45533,-1.47643,-0.870949
2.45029,-1.49394,-0.872466
0,0,0
2.43177,-1.5239,-0.872466
2.42077,-1.53777,-0.871859
2.40568,-1.54899,-0.869735
2.39772,-1.56476,-0.870342
2.38013,-1.57419,-0.867308
2.37359,-1.59088,-0.868522
2.35826,-1.60167,-0.866398
2.34604,-1.61449,-0.865488
2.33921,-1.63104,-0.866702
2.33072,-1.64646,-0.867308
2.31902,-1.65962,-0.866702
2.31728,-1.67997,-0.870039
2.30155,-1.69021,-0.867915
2.28961,-1.70316,-0.867308
2.27455,-1.71374,-0.865488
2.26778,-1.73055,-0.867005
2.2443,-1.73453,-0.861848
2.23361,-1.74827,-0.861848
2.23629,-1.77259,-0.867308
2.22537,-1.78628,-0.867308
2.21067,-1.7969,-0.865792
2.20255,-1.81285,-0.867005
2.19431,-1.82877,-0.868219
2.18305,-1.8422,-0.868219
2.16953,-1.8537,-0.867308
2.15595,-1.86511,-0.866398
2.14088,-1.87517,-0.864882
2.12648,-1.88574,-0.863668
2.11062,-1.89493,-0.861848
2.09683,-1.90593,-0.860938
2.0858,-1.9194,-0.861241
2.07119,-1.92957,-0.860028
2.0607,-1.94355,-0.860634
2.0446,-1.95221,-0.858814
2.03533,-1.96736,-0.860028
2.02594,-1.98248,-0.861241
2.0029,-1.98415,-0.856387
1.99608,-2.0018,-0.858814
1.99045,-2.02079,-0.861848
1.97402,-2.02887,-0.860028
1.96352,-2.04301,-0.860938
1.94766,-2.05156,-0.859421
1.93243,-2.06069,-0.858207
1.9178,-2.07042,-0.857297
1.9115,-2.08917,-0.860331
1.9012,-2.10369,-0.861544
1.88254,-2.10892,-0.858814
1.8702,-2.12115,-0.859118
1.8584,-2.13402,-0.859724
1.84465,-2.14466,-0.859421
1.83825,-2.16392,-0.862758
1.82126,-2.17078,-0.860938
1.80608,-2.17972,-0.860028
1.7969,-2.19592,-0.862151
1.78638,-2.21061,-0.863668
1.76743,-2.21482,-0.860938
1.75027,-2.22114,-0.859118
1.74012,-2.23635,-0.860938
1.72695,-2.24774,-0.861241
1.71197,-2.25677,-0.860634
1.70209,-2.27257,-0.862758
1.68301,-2.27608,-0.860028
1.67576,-2.2956,-0.863668
1.6583,-2.3012,-0.861848
1.64139,-2.30745,-0.860331
1.62665,-2.3167,-0.860028
1.61349,-2.3282,-0.860634
1.59648,-2.33413,-0.859118
1.58053,-2.34151,-0.858207
1.56402,-2.34799,-0.856994
1.55011,-2.35834,-0.857297
1.53872,-2.3726,-0.859118
1.52413,-2.382,-0.859118
1.50847,-2.38969,-0.858511
1.49731,-2.40457,-0.860634
1.48302,-2.41452,-0.860938
1.46966,-2.42602,-0.861848
1.45768,-2.4399,-0.863668
1.43881,-2.44223,-0.861241
1.43051,-2.46254,-0.865488
1.41727,-2.47458,-0.866702
1.40393,-2.48655,-0.867915
1.38957,-2.49678,-0.868522
1.37193,-2.50109,-0.867005
1.35747,-2.51113,-0.867612
1.34114,-2.51773,-0.867005
1.32123,-2.51748,-0.863971
1.30532,-2.52469,-0.863668
1.28462,-2.52247,-0.860028
1.2704,-2.53286,-0.860938
1.25525,-2.54146,-0.861241
1.23797,-2.54569,-0.860028
1.22521,-2.55925,-0.862151
1.21273,-2.57361,-0.864578
1.19892,-2.58533,-0.866095
1.187,-2.6013,-0.869129
1.17062,-2.60767,-0.868825
1.15422,-2.61393,-0.868522
1.13626,-2.61659,-0.867005
1.11831,-2.61913,-0.865488
1.1,-2.62068,-0.863668
1.08608,-2.63266,-0.865488
1.07062,-2.64104,-0.866095
1.05687,-2.65376,-0.868219
0,0,0
1.02628,-2.67186,-0.870039
1.00818,-2.67365,-0.868522
0,0,0
0.97562,-2.68672,-0.868825
0,0,0
0,0,0
0,0,0
0,0,0
0,0,0
0,0,0
0,0,0
0,0,0
0,0,0
0,0,0
0,0,0
0,0,0
0,0,0
0,0,0
0,0,0
0,0,0
0,0,0
0,0,0
0,0,0
0,0,0
0,0,0
0,0,0
0,0,0
0,0,0
0,0,0
0,0,0
0,0,0
0,0,0
0,0,0
0,0,0
0,0,0
0,0,0
0,0,0
0,0,0
0,0,0
0,0,0
0,0,0
0,0,0
0,0,0
0,0,0
0,0,0
0,0,0
0,0,0
0,0,0
0,0,0
0,0,0
0,0,0
0,0,0
0,0,0
0,0,0
0,0,0
0,0,0
0,0,0
0,0,0
0,0,0
0,0,0
0,0,0
0,0,0
0,0,0
0,0,0
0,0,0
0,0,0
0,0,0
0,0,0
0,0,0
0,0,0
0,0,0
0,0,0
0,0,0
0,0,0
0,0,0
0,0,0
0,0,0
0,0,0
0,0,0
0,0,0
0,0,0
0,0,0
0,0,0
0,0,0
0,0,0
0,0,0
0,0,0
0,0,0
0,0,0
0,0,0
0,0,0
0,0,0
0,0,0
0,0,0
0,0,0
0,0,0
0,0,0
0,0,0
0,0,0
0,0,0
0,0,0
0,0,0
0,0,0
0,0,0
0,0,0
0,0,0
0,0,0
0,0,0
0,0,0
0,0,0
0,0,0
0,0,0
0,0,0
0,0,0
0,0,0
0,0,0
0,0,0
0,0,0
0,0,0
0,0,0
0,0,0
0,0,0
0,0,0
0,0,0
0,0,0
0,0,0
0,0,0
0,0,0
0,0,0
0,0,0
0,0,0
0,0,0
0,0,0
0,0,0
0,0,0
0,0,0
0,0,0
0,0,0
0,0,0
0,0,0
0,0,0
0,0,0
0,0,0
0,0,0
0,0,0
0,0,0
0,0,0
0,0,0
0,0,0
0,0,0
0,0,0
0,0,0
0,0,0
0,0,0
0,0,0
0,0,0
0,0,0
0,0,0
0,0,0
0,0,0
0,0,0
0,0,0
0,0,0
0,0,0
0,0,0
0,0,0
0,0,0
0,0,0
0,0,0
0,0,0
0,0,0
0,0,0
0,0,0
0,0,0
0,0,0
0,0,0
0,0,0
0,0,0
0,0,0
0,0,0
0,0,0
0,0,0
0,0,0
0,0,0
0,0,0
0,0,0
0,0,0
0,0,0
0,0,0
0,0,0
0,0,0
0,0,0
0,0,0
0,0,0
0,0,0
0,0,0
0,0,0
0,0,0
0,0,0
0,0,0
0,0,0
0,0,0
0,0,0
0,0,0
0,0,0
0,0,0
0,0,0
0,0,0
0,0,0
0,0,0
0,0,0
0,0,0
0,0,0
0,0,0
0,0,0
0,0,0
0,0,0
0,0,0
0,0,0
0,0,0
0,0,0
0,0,0
0,0,0
0,0,0
0,0,0
0,0,0
0,0,0
0,0,0
0,0,0
0,0,0
0,0,0
0,0,0
0,0,0
0,0,0
0,0,0
0,0,0
0,0,0
0,0,0
0,0,0
0,0,0
0,0,0
0,0,0
0,0,0
0,0,0
0,0,0
0,0,0
0,0,0
0,0,0
0,0,0
0,0,0
0,0,0
0,0,0
0,0,0
0,0,0
0,0,0
0,0,0
0,0,0
0,0,0
0,0,0
0,0,0
0,0,0
0,0,0
0,0,0
0,0,0
0,0,0
0,0,0
0,0,0
0,0,0
0,0,0
0,0,0
0,0,0
0,0,0
0,0,0
0,0,0
0,0,0
0,0,0
0,0,0
0,0,0
0,0,0
0,0,0
0,0,0
0,0,0
0,0,0
0,0,0
0,0,0
0,0,0
0,0,0
0,0,0
0,0,0
0,0,0
0,0,0
0,0,0
0,0,0
0,0,0
0,0,0
0,0,0
0,0,0
0,0,0
0,0,0
0,0,0
0,0,0
0,0,0
0,0,0
0,0,0
0,0,0
0,0,0
0,0,0
0,0,0
0,0,0
0,0,0
0,0,0
0,0,0
0,0,0
0,0,0
0,0,0
0,0,0
0,0,0
0,0,0
0,0,0
0,0,0
0,0,0
0,0,0
0,0,0
0,0,0
0,0,0
0,0,0
0,0,0
0,0,0
0,0,0
0,0,0
0,0,0
0,0,0
0,0,0
0,0,0
0,0,0
0,0,0
0,0,0
0,0,0
0,0,0
0,0,0
0,0,0
0,0,0
0,0,0
0,0,0
0,0,0
0,0,0
0,0,0
0,0,0
0,0,0
0,0,0
0,0,0
0,0,0
0,0,0
0,0,0
0,0,0
0,0,0
0,0,0
0,0,0
0,0,0
0,0,0
0,0,0
0,0,0
0,0,0
0,0,0
0,0,0
0,0,0
0,0,0
0,0,0
0,0,0
0,0,0
0,0,0
0,0,0
0,0,0
0,0,0
0,0,0
0,0,0
0,0,0
0,0,0
0,0,0
0,0,0
0,0,0
0,0,0
0,0,0
0,0,0
0,0,0
0,0,0
0,0,0
0,0,0
0,0,0
0,0,0
0,0,0
0,0,0
0,0,0
0,0,0
0,0,0
0,0,0
0,0,0
0,0,0
0,0,0
0,0,0
0,0,0
0,0,0
0,0,0
0,0,0
0,0,0
0,0,0
0,0,0
0,0,0
0,0,0
0,0,0
0,0,0
0,0,0
0,0,0
0,0,0
0,0,0
0,0,0
0,0,0
0,0,0
0,0,0
0,0,0
0,0,0
0,0,0
0,0,0
0,0,0
0,0,0
0,0,0
0,0,0
0,0,0
0,0,0
0,0,0
0,0,0
0,0,0
0,0,0
0,0,0
0,0,0
0,0,0
0,0,0
0,0,0
0,0,0
0,0,0
0,0,0
0,0,0
0,0,0
0,0,0
0,0,0
0,0,0
0,0,0
0,0,0
0,0,0
0,0,0
0,0,0
0,0,0
0,0,0
0,0,0
0,0,0
0,0,0
0,0,0
0,0,0
0,0,0
0,0,0
0,0,0
0,0,0
0,0,0
0,0,0
0,0,0
0,0,0
0,0,0
0,0,0
0,0,0
0,0,0
0,0,0
0,0,0
0,0,0
0,0,0
0,0,0
0,0,0
0,0,0
0,0,0
0,0,0
0,0,0
0,0,0
0,0,0
0,0,0
0,0,0
0,0,0
0,0,0
0,0,0
0,0,0
0,0,0
0,0,0
0,0,0
0,0,0
0,0,0
0,0,0
0,0,0
0,0,0
0,0,0
0,0,0
0,0,0
0,0,0
0,0,0
0,0,0
0,0,0
0,0,0
0,0,0
0,0,0
0,0,0
0,0,0
0,0,0
0,0,0
0,0,0
0,0,0
0,0,0
0,0,0
0,0,0
0,0,0
0,0,0
0,0,0
0,0,0
0,0,0
0,0,0
0,0,0
0,0,0
0,0,0
0,0,0
0,0,0
0,0,0
0,0,0
0,0,0
0,0,0
0,0,0
0,0,0
0,0,0
0,0,0
0,0,0
0,0,0
0,0,0
0,0,0
0,0,0
0,0,0
0,0,0
0,0,0
0,0,0
0,0,0
0,0,0
0,0,0
0,0,0
0,0,0
0,0,0
0,0,0
0,0,0
0,0,0
0,0,0
0,0,0
0,0,0
0,0,0
0,0,0
0,0,0
0,0,0
0,0,0
0,0,0
0,0,0
0,0,0
0,0,0
0,0,0
0,0,0
0,0,0
0,0,0
0,0,0
0,0,0
0,0,0
0,0,0
0,0,0
0,0,0
0,0,0
0,0,0
0,0,0
0,0,0
0,0,0
0,0,0
0,0,0
0,0,0
0,0,0
0,0,0
0,0,0
0,0,0
0,0,0
0,0,0
0,0,0
0,0,0
0,0,0
0,0,0
0,0,0
0,0,0
0,0,0
0,0,0
0,0,0
0,0,0
0,0,0
0,0,0
0,0,0
0,0,0
0,0,0
0,0,0
0,0,0
0,0,0
0,0,0
0,0,0
0,0,0
0.918905,2.71504,-0.905989
0.942368,2.72909,-0.912893
0,0,0
0.982207,2.73519,-0.919169
1.00256,2.73892,-0.922622
1.01769,2.72827,-0.921052
1.03171,2.71488,-0.918542
1.04801,2.70761,-0.918228
1.06112,2.69229,-0.91509
1.07727,2.68485,-0.914776
1.09121,2.67204,-0.912579
1.10867,2.66792,-0.913521
1.1265,2.66457,-0.914776
1.14208,2.65586,-0.914148
1.15759,2.64706,-0.913521
1.17343,2.63904,-0.913207
1.18412,2.61968,-0.908813
1.20017,2.61237,-0.908813
1.21457,2.60151,-0.907558
1.22888,2.59058,-0.906303
1.24311,2.57957,-0.905047
1.26058,2.5753,-0.906303
1.27763,2.57007,-0.907244
1.29723,2.56981,-0.910069
0,0,0
1.32823,2.55286,-0.909755
1.34564,2.54802,-0.91101
1.3608,2.53888,-0.910696
1.37227,2.52297,-0.907872
1.3868,2.51284,-0.907244
1.4022,2.50429,-0.907244
1.41707,2.49481,-0.90693
1.43377,2.48854,-0.907872
1.4471,2.47641,-0.906616
1.45984,2.4634,-0.905047
1.47053,2.44708,-0.902223
1.487,2.44044,-0.903164
1.50194,2.43127,-0.903164
1.51381,2.41718,-0.901281
1.53167,2.41265,-0.903164
1.54953,2.408,-0.905047
1.56738,2.40322,-0.90693
1.58367,2.39593,-0.907872
1.59834,2.38617,-0.907872
1.61029,2.37239,-0.906303
1.6275,2.36638,-0.907872
1.64362,2.35868,-0.908813
1.66026,2.35166,-0.910069
1.67244,2.33833,-0.908813
1.68732,2.3288,-0.909127
1.70607,2.32452,-0.911638
1.7152,2.30715,-0.908813
1.72304,2.28824,-0.905361
1.73475,2.27461,-0.904106
1.74228,2.25566,-0.900654
1.75726,2.24642,-0.901281
1.77278,2.23783,-0.902223
1.78707,2.22765,-0.902537
1.8049,2.2218,-0.904733
1.81971,2.21215,-0.905361
1.83446,2.2024,-0.905989
1.84243,2.18457,-0.903164
1.85395,2.17106,-0.902223
1.87158,2.16467,-0.90442
1.88358,2.15172,-0.903792
1.89549,2.1387,-0.903164
1.90921,2.12773,-0.903478
1.92734,2.1216,-0.905989
1.93646,2.10554,-0.904106
1.95128,2.09571,-0.905047
1.9615,2.08093,-0.903792
1.9762,2.07092,-0.904733
1.98359,2.05329,-0.902223
1.99814,2.04312,-0.903164
2.00463,2.02474,-0.90034
2.01634,2.01174,-0.900026
2.0273,1.99799,-0.899398
2.03544,1.98154,-0.897515
2.04756,1.96902,-0.897515
2.0596,1.95642,-0.897515
2.06602,1.93855,-0.895005
2.08276,1.93035,-0.897202
2.09106,1.91433,-0.895633
2.09924,1.89828,-0.894063
2.11723,1.89105,-0.896888
2.13235,1.88117,-0.898457
2.14528,1.86929,-0.899085
2.15671,1.8561,-0.899085
2.16155,1.83729,-0.89626
2.17133,1.82278,-0.895633
2.18247,1.80942,-0.895633
2.19133,1.79419,-0.894691
2.2023,1.78071,-0.894691
2.20947,1.7642,-0.893122
2.22622,1.75531,-0.895633
2.23995,1.74395,-0.896888
2.2506,1.73018,-0.896888
2.2642,1.71863,-0.898143
2.27395,1.70414,-0.897829
2.27978,1.68676,-0.895946
2.29162,1.67386,-0.896574
2.29723,1.65644,-0.894691
2.29884,1.63626,-0.891239
2.29873,1.61503,-0.887159
2.3086,1.60089,-0.887159
2.32308,1.58991,-0.889042
2.33358,1.57616,-0.889356
2.35348,1.56866,-0.893436
2.35909,1.55158,-0.891867
2.37255,1.53966,-0.893436
2.38195,1.52507,-0.893436
2.38966,1.50941,-0.892808
2.39485,1.49221,-0.891239
2.40396,1.47749,-0.891239
2.4146,1.46369,-0.891867
2.43087,1.45324,-0.894691
2.43974,1.43829,-0.894691
2.45181,1.4252,-0.895946
2.45886,1.40919,-0.895319
2.46663,1.39361,-0.895005
2.47182,1.3766,-0.89375
2.47522,1.35867,-0.891867
2.47767,1.34029,-0.88967
2.47747,1.3206,-0.886532
2.48216,1.30361,-0.885276
2.48758,1.28704,-0.884335
2.49205,1.27003,-0.883079
2.49725,1.25344,-0.882138
2.50915,1.2402,-0.883707
2.51244,1.2227,-0.882138
2.52075,1.20767,-0.882452
2.52811,1.19218,-0.882452
2.52591,1.17225,-0.879
2.53651,1.15831,-0.880255
2.55396,1.14739,-0.884021
2.56703,1.13438,-0.886218
2.58091,1.12164,-0.888728
2.59298,1.10802,-0.890611
2.60761,1.09539,-0.893436
2.61253,1.07865,-0.892808
2.61998,1.06296,-0.893122
2.62028,1.0444,-0.890925
2.61337,1.02311,-0.886218
2.61694,1.00604,-0.885276
2.62573,0.990965,-0.886218
2.62464,0.972198,-0.883707
2.62788,0.955103,-0.882766
2.64085,0.94151,-0.885276
2.64926,0.926228,-0.886218
2.65489,0.909955,-0.886218
2.66673,0.895763,-0.888415
2.66316,0.876417,-0.885276
2.67842,0.863262,-0.888728
2.67552,0.844241,-0.885904
2.67974,0.827529,-0.88559
2.67841,0.809149,-0.883393
2.67786,0.791086,-0.88151
2.68084,0.774114,-0.880883
2.69285,0.759712,-0.883393
2.69746,0.743174,-0.883393
2.70655,0.727841,-0.884962
2.71097,0.71122,-0.884962
2.72172,0.696219,-0.887159
2.7287,0.680194,-0.888101
2.73559,0.66411,-0.889042
2.73407,0.646003,-0.887159
2.73614,0.62879,-0.886532
2.73624,0.611162,-0.885276
1.13647,0.246774,-0.342984
1.12775,0.237646,-0.339532
1.11709,0.228256,-0.335452
1.11102,0.219925,-0.332941
1.11514,0.213638,-0.333883
1.13604,0.210416,-0.340473
1.1345,0.202941,-0.339532
1.13479,0.195815,-0.339218
1.15845,0.192578,-0.34675
1.15024,0.18397,-0.343611
1.14853,0.176477,-0.34267
1.15335,0.169979,-0.343925
1.12992,0.159458,-0.335766
1.13559,0.153154,-0.337335
1.15063,0.147996,-0.342042
1.14398,0.140013,-0.339532
1.16368,0.135175,-0.345808
1.14938,0.126378,-0.340787
1.15108,0.11942,-0.341101
1.17353,0.114468,-0.348319
1.17894,0.107695,-0.349888
1.15498,0.0983729,-0.341728
1.10728,0.0874879,-0.325723
1.14379,0.0833,-0.337649
1.13859,0.0759033,-0.335766
1.12292,0.0679466,-0.330431
1.12522,0.0611576,-0.331058
1.12462,0.0542068,-0.330744
1.13157,0.0475821,-0.332941
1.129,0.0405368,-0.332
1.13777,0.0338598,-0.334824
1.09524,0.0258844,-0.320702
1.08398,0.0189686,-0.316936
1.11826,0.0126925,-0.328234
1.12306,0.00585373,-0.329803
1.11833,-0.00103126,-0.328234
1.13824,-0.0080412,-0.334824
1.13153,-0.0149351,-0.332627
1.12951,-0.0218403,-0.332
1.13221,-0.028844,-0.332941
1.12916,-0.0356995,-0.332
1.11943,-0.0422656,-0.328861
1.10872,-0.0486716,-0.325409
1.11599,-0.0558561,-0.32792
1.12226,-0.063078,-0.330117
1.12469,-0.0701412,-0.331058
1.13561,-0.0778239,-0.334824
1.13321,-0.0846483,-0.334196
1.11848,-0.0904468,-0.329489
1.08101,-0.0940834,-0.31725
1.09838,-0.102396,-0.323213
1.1478,-0.11413,-0.339845
1.14047,-0.12047,-0.337649
1.16424,-0.130219,-0.345808
1.17191,-0.138365,-0.348632
1.19271,-0.148254,-0.35585
1.22473,-0.159882,-0.366834
1.23313,-0.168684,-0.369973
1.23019,-0.175977,-0.369345
1.20467,-0.179869,-0.361186
0,0,0
2.7563,-0.446719,-0.88151
1.16183,-0.195385,-0.348005
1.14097,-0.199076,-0.341414
1.12852,-0.204042,-0.337649
1.13004,-0.211488,-0.33859
1.12034,-0.216791,-0.335766
1.13295,-0.226458,-0.340473
1.12596,-0.232252,-0.33859
0,0,0
2.68478,-0.58881,-0.867074
2.68204,-0.605482,-0.867388
2.67735,-0.621712,-0.867074
2.67256,-0.637908,-0.86676
2.66122,-0.652484,-0.86425
2.65993,-0.669497,-0.865191
2.65669,-0.686043,-0.865505
2.65243,-0.702331,-0.865505
2.64258,-0.7171,-0.863622
2.63813,-0.733301,-0.863622
2.62992,-0.748434,-0.862367
2.62711,-0.765088,-0.862994
2.62418,-0.781736,-0.863622
2.62206,-0.798653,-0.864564
2.61983,-0.815574,-0.865505
2.61839,-0.832785,-0.86676
2.61775,-0.850303,-0.86833
2.61789,-0.868143,-0.870213
2.61162,-0.883886,-0.869899
2.60525,-0.899583,-0.869585
2.60863,-0.918707,-0.872723
2.60027,-0.933733,-0.871782
2.5927,-0.949018,-0.871154
2.59128,-0.966568,-0.872723
2.58441,-0.982112,-0.872409
2.57568,-0.996923,-0.871468
2.55803,-1.00818,-0.867388
2.5518,-1.02386,-0.867388
2.54283,-1.03842,-0.866447
2.53641,-1.054,-0.866447
2.5229,-1.06659,-0.863936
2.51718,-1.08242,-0.86425
2.51223,-1.09861,-0.864877
2.51065,-1.11632,-0.86676
2.50462,-1.13209,-0.867074
2.50108,-1.14902,-0.86833
2.49828,-1.16636,-0.869899
2.49965,-1.18574,-0.873037
2.49233,-1.20105,-0.873037
2.49259,-1.22008,-0.875861
2.47655,-1.23112,-0.872723
2.47912,-1.25143,-0.876489
2.46548,-1.26359,-0.874292
2.45853,-1.27913,-0.874606
2.4414,-1.28931,-0.871154
2.43177,-1.30337,-0.870526
2.42039,-1.31645,-0.869271
2.41476,-1.33266,-0.870213
2.40157,-1.34466,-0.86833
2.38832,-1.35656,-0.866447
2.37913,-1.37071,-0.866133
2.37477,-1.38768,-0.867702
2.36294,-1.40029,-0.866447
2.36244,-1.41965,-0.869585
2.3472,-1.43017,-0.867074
2.34404,-1.44804,-0.869271
2.34154,-1.46643,-0.871782
2.3309,-1.47975,-0.871154
2.31459,-1.4894,-0.86833
2.31495,-1.5098,-0.872096
2.30327,-1.5224,-0.871154
2.29783,-1.53915,-0.872723
2.28677,-1.55215,-0.872096
2.28111,-1.56885,-0.873665
2.26989,-1.58173,-0.873037
2.26324,-1.59782,-0.874292
2.24644,-1.6067,-0.871468
2.23116,-1.61655,-0.869271
2.22579,-1.63358,-0.871154
2.21344,-1.64551,-0.870213
2.19875,-1.65563,-0.86833
2.19082,-1.67082,-0.869271
2.17076,-1.67669,-0.865191
2.16192,-1.69114,-0.865819
2.15299,-1.70556,-0.866447
2.13434,-1.7122,-0.862994
2.12011,-1.72227,-0.861425
2.10877,-1.73464,-0.861112
2.10246,-1.7512,-0.862994
2.09749,-1.76896,-0.865505
2.08804,-1.78303,-0.866133
2.0749,-1.79395,-0.865191
2.06814,-1.8104,-0.867074
2.05344,-1.8199,-0.865505
2.0486,-1.83818,-0.86833
2.02744,-1.84177,-0.863936
2.0161,-1.85418,-0.863936
2.00121,-1.86328,-0.862367
1.99112,-1.87682,-0.862994
1.97476,-1.88442,-0.860798
1.96111,-1.89452,-0.859856
1.95285,-1.90984,-0.861425
1.93974,-1.92045,-0.860798
1.92591,-1.9303,-0.859856
1.91869,-1.94681,-0.862053
1.90075,-1.95242,-0.859229
1.8894,-1.96473,-0.859542
1.88319,-1.98249,-0.862367
1.86904,-1.99193,-0.861425
1.85936,-2.00614,-0.862681
1.84894,-2.01962,-0.863622
1.84034,-2.03515,-0.865505
1.82781,-2.0464,-0.865505
1.81522,-2.05758,-0.865505
1.80443,-2.07083,-0.866447
1.78612,-2.07538,-0.863622
1.76966,-2.08196,-0.861739
1.76113,-2.09787,-0.863936
1.74883,-2.10937,-0.86425
1.73946,-2.12447,-0.866133
1.72699,-2.13584,-0.866447
1.70852,-2.13972,-0.863622
1.68831,-2.14121,-0.859856
1.67514,-2.15153,-0.859856
1.65959,-2.15876,-0.858601
1.64402,-2.16587,-0.857346
1.63354,-2.17972,-0.858915
1.61336,-2.18054,-0.855149
1.60891,-2.20267,-0.86017
1.59537,-2.2125,-0.86017
1.58616,-2.22844,-0.862681
1.57301,-2.2389,-0.862994
1.55978,-2.24929,-0.863308
1.54541,-2.25804,-0.862994
1.52993,-2.26512,-0.862053
1.51022,-2.26577,-0.858601
1.49629,-2.275,-0.858601
1.47971,-2.28015,-0.857032
1.46825,-2.29319,-0.858601
1.45264,-2.29974,-0.857659
1.438,-2.30781,-0.857346
1.42381,-2.31659,-0.857346
1.40957,-2.32528,-0.857346
1.39868,-2.33959,-0.859542
1.38623,-2.3514,-0.860798
1.37654,-2.36807,-0.863936
1.36576,-2.38306,-0.866447
1.35345,-2.39553,-0.868016
1.34335,-2.41209,-0.871154
1.32761,-2.41862,-0.870526
1.3159,-2.43257,-0.872723
1.30318,-2.44479,-0.874292
1.28375,-2.44433,-0.871154
1.2696,-2.45385,-0.871782
1.25365,-2.4599,-0.871154
1.2347,-2.45991,-0.86833
1.21833,-2.46488,-0.867388
1.19985,-2.46548,-0.864877
1.18388,-2.47108,-0.86425
1.16829,-2.47744,-0.863936
1.15227,-2.48284,-0.863308
1.13859,-2.49332,-0.864564
1.12288,-2.49939,-0.86425
1.10906,-2.50971,-0.865505
1.09478,-2.51908,-0.866447
1.07781,-2.52226,-0.865191
1.06378,-2.53233,-0.866447
1.04931,-2.54144,-0.867388
1.03405,-2.54871,-0.867702
1.01839,-2.55501,-0.867702
1.00131,-2.55767,-0.866447
0.985942,-2.56465,-0.86676
0.971528,-2.57421,-0.868016
0.949451,-2.5632,-0.862053
0.931112,-2.56184,-0.859542
0.91665,-2.57108,-0.860798
0.903676,-2.58473,-0.863622
0,0,0
0.87884,-2.61632,-0.87084
0,0,0
0,0,0
0,0,0
0,0,0
0,0,0
0,0,0
0,0,0
0,0,0
0,0,0
0,0,0
0,0,0
0,0,0
0,0,0
0,0,0
0,0,0
0,0,0
0,0,0
0,0,0
0,0,0
0,0,0
0,0,0
0,0,0
0,0,0
0,0,0
0,0,0
0,0,0
0,0,0
0,0,0
0,0,0
0,0,0
0,0,0
0,0,0
0,0,0
0,0,0
0,0,0
0,0,0
0,0,0
0,0,0
0,0,0
0,0,0
0,0,0
0,0,0
0,0,0
0,0,0
0,0,0
0,0,0
0,0,0
0,0,0
0,0,0
0,0,0
0,0,0
0,0,0
0,0,0
0,0,0
0,0,0
0,0,0
0,0,0
0,0,0
0,0,0
0,0,0
0,0,0
0,0,0
0,0,0
0,0,0
0,0,0
0,0,0
0,0,0
0,0,0
0,0,0
0,0,0
0,0,0
0,0,0
0,0,0
0,0,0
0,0,0
0,0,0
0,0,0
0,0,0
0,0,0
0,0,0
0,0,0
0,0,0
0,0,0
0,0,0
0,0,0
0,0,0
0,0,0
0,0,0
0,0,0
0,0,0
0,0,0
0,0,0
0,0,0
0,0,0
0,0,0
0,0,0
0,0,0
0,0,0
0,0,0
0,0,0
0,0,0
0,0,0
0,0,0
0,0,0
0,0,0
0,0,0
0,0,0
0,0,0
0,0,0
0,0,0
0,0,0
0,0,0
0,0,0
0,0,0
0,0,0
0,0,0
0,0,0
0,0,0
0,0,0
0,0,0
0,0,0
0,0,0
0,0,0
0,0,0
0,0,0
0,0,0
0,0,0
0,0,0
0,0,0
0,0,0
0,0,0
0,0,0
0,0,0
0,0,0
0,0,0
0,0,0
0,0,0
0,0,0
0,0,0
0,0,0
0,0,0
0,0,0
0,0,0
0,0,0
0,0,0
0,0,0
0,0,0
0,0,0
0,0,0
0,0,0
0,0,0
0,0,0
0,0,0
0,0,0
0,0,0
0,0,0
0,0,0
0,0,0
0,0,0
0,0,0
0,0,0
0,0,0
0,0,0
0,0,0
0,0,0
0,0,0
0,0,0
0,0,0
0,0,0
0,0,0
0,0,0
0,0,0
0,0,0
0,0,0
0,0,0
0,0,0
0,0,0
0,0,0
0,0,0
0,0,0
0,0,0
0,0,0
0,0,0
0,0,0
0,0,0
0,0,0
0,0,0
0,0,0
0,0,0
0,0,0
0,0,0
0,0,0
0,0,0
0,0,0
0,0,0
0,0,0
0,0,0
0,0,0
0,0,0
0,0,0
0,0,0
0,0,0
0,0,0
0,0,0
0,0,0
0,0,0
0,0,0
0,0,0
0,0,0
0,0,0
0,0,0
0,0,0
0,0,0
0,0,0
0,0,0
0,0,0
0,0,0
0,0,0
0,0,0
0,0,0
0,0,0
0,0,0
0,0,0
0,0,0
0,0,0
0,0,0
0,0,0
0,0,0
0,0,0
0,0,0
0,0,0
0,0,0
0,0,0
0,0,0
0,0,0
0,0,0
0,0,0
0,0,0
0,0,0
0,0,0
0,0,0
0,0,0
0,0,0
0,0,0
0,0,0
0,0,0
0,0,0
0,0,0
0,0,0
0,0,0
0,0,0
0,0,0
0,0,0
0,0,0
0,0,0
0,0,0
0,0,0
0,0,0
0,0,0
0,0,0
0,0,0
0,0,0
0,0,0
0,0,0
0,0,0
0,0,0
0,0,0
0,0,0
0,0,0
0,0,0
0,0,0
0,0,0
0,0,0
0,0,0
0,0,0
0,0,0
0,0,0
0,0,0
0,0,0
0,0,0
0,0,0
0,0,0
0,0,0
0,0,0
0,0,0
0,0,0
0,0,0
0,0,0
0,0,0
0,0,0
0,0,0
0,0,0
0,0,0
0,0,0
0,0,0
0,0,0
0,0,0
0,0,0
0,0,0
0,0,0
0,0,0
0,0,0
0,0,0
0,0,0
0,0,0
0,0,0
0,0,0
0,0,0
0,0,0
0,0,0
0,0,0
0,0,0
0,0,0
0,0,0
0,0,0
0,0,0
0,0,0
0,0,0
0,0,0
0,0,0
0,0,0
0,0,0
0,0,0
0,0,0
0,0,0
0,0,0
0,0,0
0,0,0
0,0,0
0,0,0
0,0,0
0,0,0
0,0,0
0,0,0
0,0,0
0,0,0
0,0,0
0,0,0
0,0,0
0,0,0
0,0,0
0,0,0
0,0,0
0,0,0
0,0,0
0,0,0
0,0,0
0,0,0
0,0,0
0,0,0
0,0,0
0,0,0
0,0,0
0,0,0
0,0,0
0,0,0
0,0,0
0,0,0
0,0,0
0,0,0
0,0,0
0,0,0
0,0,0
0,0,0
0,0,0
0,0,0
0,0,0
0,0,0
0,0,0
0,0,0
0,0,0
0,0,0
0,0,0
0,0,0
0,0,0
0,0,0
0,0,0
0,0,0
0,0,0
0,0,0
0,0,0
0,0,0
0,0,0
0,0,0
0,0,0
0,0,0
0,0,0
0,0,0
0,0,0
0,0,0
0,0,0
0,0,0
0,0,0
0,0,0
0,0,0
0,0,0
0,0,0
0,0,0
0,0,0
0,0,0
0,0,0
0,0,0
0,0,0
0,0,0
0,0,0
0,0,0
0,0,0
0,0,0
0,0,0
0,0,0
0,0,0
0,0,0
0,0,0
0,0,0
0,0,0
0,0,0
0,0,0
0,0,0
0,0,0
0,0,0
0,0,0
0,0,0
0,0,0
0,0,0
0,0,0
0,0,0
0,0,0
0,0,0
0,0,0
0,0,0
0,0,0
0,0,0
0,0,0
0,0,0
0,0,0
0,0,0
0,0,0
0,0,0
0,0,0
0,0,0
0,0,0
0,0,0
0,0,0
0,0,0
0,0,0
0,0,0
0,0,0
0,0,0
0,0,0
0,0,0
0,0,0
0,0,0
0,0,0
0,0,0
0,0,0
0,0,0
0,0,0
0,0,0
0,0,0
0,0,0
0,0,0
0,0,0
0,0,0
0,0,0
0,0,0
0,0,0
0,0,0
0,0,0
0,0,0
0,0,0
0,0,0
0,0,0
0,0,0
0,0,0
0,0,0
0,0,0
0,0,0
0,0,0
0,0,0
0,0,0
0,0,0
0,0,0
0,0,0
0,0,0
0,0,0
0,0,0
0,0,0
0,0,0
0,0,0
0,0,0
0,0,0
0,0,0
0,0,0
0,0,0
0,0,0
0,0,0
0,0,0
0,0,0
0,0,0
0,0,0
0,0,0
0,0,0
0,0,0
0,0,0
0,0,0
0,0,0
0,0,0
0,0,0
0,0,0
0,0,0
0,0,0
0,0,0
0,0,0
0,0,0
0,0,0
0,0,0
0,0,0
0,0,0
0,0,0
0,0,0
0,0,0
0,0,0
0,0,0
0,0,0
0,0,0
0,0,0
0,0,0
0,0,0
0,0,0
0,0,0
0,0,0
0,0,0
0,0,0
0,0,0
0,0,0
0,0,0
0,0,0
0,0,0
0,0,0
0,0,0
0,0,0
0,0,0
0,0,0
0,0,0
0,0,0
0,0,0
0,0,0
0,0,0
0,0,0
0,0,0
0,0,0
0,0,0
0,0,0
0,0,0
0,0,0
0,0,0
0,0,0
0,0,0
0,0,0
0,0,0
0,0,0
0,0,0
0,0,0
0,0,0
0,0,0
0,0,0
0,0,0
0,0,0
0,0,0
0,0,0
0,0,0
0,0,0
0,0,0
0,0,0
0,0,0
0,0,0
0,0,0
0,0,0
0,0,0
0,0,0
0,0,0
0,0,0
0,0,0
0,0,0
0,0,0
0,0,0
0,0,0
0,0,0
0,0,0
0,0,0
0,0,0
0,0,0
0,0,0
0,0,0
0,0,0
0,0,0
0,0,0
0,0,0
0,0,0
0,0,0
0,0,0
0,0,0
0,0,0
0,0,0
0,0,0
0,0,0
0,0,0
0,0,0
0,0,0
0,0,0
0,0,0
0,0,0
0,0,0
0,0,0
0,0,0
0,0,0
0,0,0
0,0,0
0,0,0
0,0,0
0,0,0
0,0,0
0,0,0
0,0,0
0,0,0
0,0,0
0,0,0
0,0,0
0.825668,2.70791,-0.929335
0,0,0
0.85511,2.68586,-0.925118
0.867485,2.66797,-0.920576
0.885922,2.66888,-0.922847
0.903494,2.66698,-0.924145
0.917989,2.65602,-0.922198
0.93584,2.65479,-0.92382
0.949555,2.64188,-0.921225
0.966398,2.63778,-0.921874
0.980912,2.62737,-0.920252
0.994999,2.616,-0.918305
1.00694,2.59926,-0.914412
1.02009,2.58599,-0.911817
1.03735,2.58319,-0.913115
1.05354,2.57765,-0.913439
1.07078,2.57463,-0.914737
1.08619,2.56714,-0.914412
1.10193,2.56043,-0.914412
1.11875,2.55622,-0.915385
1.1348,2.55017,-0.91571
1.14809,2.53799,-0.913763
1.1589,2.52058,-0.909871
1.17515,2.51514,-0.910519
1.19056,2.50788,-0.910519
1.20182,2.49201,-0.907275
1.21584,2.48204,-0.906302
1.2302,2.47284,-0.905653
1.24706,2.46862,-0.906951
1.26434,2.46513,-0.908573
1.27682,2.45229,-0.906626
1.29626,2.45278,-0.909871
1.31352,2.44894,-0.911493
1.32491,2.43419,-0.908897
1.34621,2.43761,-0.913439
1.35976,2.42683,-0.912466
1.37416,2.41762,-0.912141
1.38566,2.4034,-0.909871
1.40372,2.40057,-0.912141
1.4136,2.38377,-0.908897
1.42869,2.37587,-0.909222
1.43832,2.35898,-0.905978
1.45525,2.35413,-0.9076
1.47067,2.34676,-0.908248
1.48403,2.3361,-0.9076
1.49936,2.32854,-0.908248
1.51569,2.32246,-0.909546
1.52678,2.30838,-0.9076
1.53934,2.29662,-0.906626
1.54862,2.28008,-0.903707
1.5674,2.27755,-0.906626
1.58027,2.26634,-0.905978
1.5936,2.25583,-0.905653
1.60466,2.24216,-0.904031
1.62116,2.2361,-0.905653
1.63485,2.22611,-0.905653
1.64509,2.21148,-0.903707
1.64896,2.1885,-0.898192
1.66523,2.1821,-0.899814
1.68032,2.17409,-0.900787
1.69363,2.16374,-0.900787
1.71098,2.1585,-0.903058
1.72538,2.14943,-0.903707
1.74211,2.14321,-0.905653
1.75823,2.13614,-0.907275
1.7701,2.12385,-0.906626
1.78127,2.11078,-0.905653
1.79111,2.09622,-0.904031
1.80147,2.08232,-0.902733
1.81795,2.0755,-0.90468
1.825,2.05794,-0.90176
1.8376,2.0467,-0.90176
1.84503,2.02978,-0.899165
1.85809,2.01912,-0.899489
1.87238,2.00976,-0.900463
1.88662,2.0003,-0.901436
1.89494,1.98458,-0.899489
1.90906,1.97496,-0.900463
1.92378,1.96591,-0.90176
1.93515,1.9534,-0.901436
1.94509,1.93948,-0.900463
1.95493,1.92552,-0.899489
1.96603,1.91283,-0.899165
1.96069,1.88433,-0.891055
1.98524,1.88465,-0.897218
1.99539,1.87114,-0.89657
2.00336,1.85564,-0.894948
0,0,0
2.02598,1.83092,-0.894948
2.04212,1.82286,-0.897218
2.05326,1.8103,-0.897218
2.06148,1.79518,-0.895921
2.07317,1.78311,-0.896245
2.0848,1.77097,-0.89657
2.09852,1.76058,-0.897867
2.10856,1.74707,-0.897543
2.11411,1.7299,-0.895272
2.13131,1.72225,-0.898192
2.14405,1.71091,-0.899165
2.15302,1.69655,-0.898516
2.15966,1.6804,-0.896894
2.16318,1.66193,-0.893974
2.17334,1.64863,-0.893974
2.17358,1.62788,-0.889757
2.182,1.61339,-0.889108
2.18422,1.59439,-0.885864
2.19166,1.5793,-0.884891
2.2121,1.5735,-0.889432
2.21397,1.55446,-0.886188
2.2157,1.53546,-0.882944
2.23679,1.52985,-0.88781
2.24378,1.51451,-0.886837
2.25146,1.49966,-0.886188
2.26773,1.4905,-0.889108
2.27921,1.4781,-0.890081
2.29063,1.46562,-0.891055
2.30677,1.45608,-0.893974
2.30844,1.4374,-0.891055
2.31238,1.42023,-0.889108
2.32429,1.40798,-0.890406
2.32476,1.38884,-0.887162
2.34791,1.38319,-0.893001
2.3539,1.36733,-0.892028
2.36553,1.35475,-0.893325
2.38615,1.34719,-0.898192
2.40428,1.33805,-0.902085
2.41162,1.32281,-0.90176
2.41886,1.30754,-0.901436
2.42517,1.29178,-0.900787
2.43556,1.2782,-0.90176
2.44,1.26149,-0.900463
2.44348,1.24435,-0.89884
2.43585,1.22169,-0.893001
2.43737,1.20379,-0.89073
2.4311,1.18219,-0.88554
2.44001,1.16806,-0.886188
2.44884,1.15388,-0.886837
2.44472,1.13365,-0.88262
2.45594,1.1206,-0.884242
2.47053,1.109,-0.887162
2.47988,1.09496,-0.888135
2.49436,1.08312,-0.891055
2.50444,1.06928,-0.892352
2.51096,1.05389,-0.892352
2.52262,1.04063,-0.894299
2.53597,1.02798,-0.896894
2.54487,1.01345,-0.897867
2.54223,0.99437,-0.894623
2.54387,0.977054,-0.893001
2.54185,0.95842,-0.890081
2.54768,0.942806,-0.890081
2.55431,0.927479,-0.890406
2.55995,0.911788,-0.890406
2.56014,0.89419,-0.888459
2.56379,0.877851,-0.88781
2.56823,0.861802,-0.887486
2.58066,0.848394,-0.890081
2.58222,0.831382,-0.888784
2.58186,0.813814,-0.886837
2.59222,0.799632,-0.888784
2.59708,0.783711,-0.888784
2.59912,0.766957,-0.88781
2.59923,0.749682,-0.886188
2.60742,0.734747,-0.887486
2.60459,0.716723,-0.884891
2.60802,0.700482,-0.884566
2.61044,0.683986,-0.883917
2.61367,0.667722,-0.883593
2.63057,0.654876,-0.888135
2.64281,0.640733,-0.891055
2.63841,0.622546,-0.888135
2.64495,0.606981,-0.889108
1.11805,0.248687,-0.351232
1.12602,0.243227,-0.353503
1.11916,0.234558,-0.350583
1.10946,0.225416,-0.34669
1.10897,0.218237,-0.346041
1.12794,0.214808,-0.352205
1.15156,0.212015,-0.359991
1.13794,0.202282,-0.3548
1.16619,0.199958,-0.364208
1.18326,0.195434,-0.369723
1.18537,0.18832,-0.370048
1.17715,0.179607,-0.366804
1.17168,0.171416,-0.364533
1.1418,0.159864,-0.353827
1.09026,0.14578,-0.33566
1.00482,0.127994,-0.305814
0.991507,0.120104,-0.300948
0.970614,0.111509,-0.293486
0.963758,0.104725,-0.290891
0.966265,0.0990046,-0.29154
0.964971,0.0928903,-0.290891
0.973059,0.0876554,-0.293486
0.977348,0.082004,-0.294784
0.989149,0.0768984,-0.298677
0.970734,0.0694553,-0.292189
0.979636,0.0640631,-0.295108
0.979066,0.0579939,-0.294784
0.985071,0.0522929,-0.29673
0.97687,0.0458386,-0.293811
0.968627,0.0394869,-0.290891
0.968851,0.0335428,-0.290891
0.964311,0.0274572,-0.289269
0.961625,0.021473,-0.288296
0.959847,0.0155393,-0.287647
0.962761,0.00968145,-0.28862
0.972262,0.00382222,-0.291864
0.975105,-0.00214645,-0.292837
0.977911,-0.00814986,-0.293811
0.976897,-0.0141375,-0.293486
0.986249,-0.0203151,-0.29673
0.983269,-0.0262937,-0.295757
0.982143,-0.0322965,-0.295433
0.965858,-0.0377138,-0.289918
0.952378,-0.0430573,-0.285376
0.953041,-0.0489476,-0.2857
0.952722,-0.0547944,-0.2857
0.946704,-0.0602853,-0.283754
0.951035,-0.0664169,-0.285376
0.950609,-0.0722511,-0.285376
0.952976,-0.0783115,-0.286349
0.951536,-0.0840753,-0.286025
0.961362,-0.0908792,-0.289593
0.968316,-0.0975257,-0.292189
0.972403,-0.103963,-0.293811
1.02439,-0.11582,-0.311978
1.10632,-0.13187,-0.340526
1.14774,-0.14391,-0.355125
1.18247,-0.155605,-0.367452
1.20118,-0.165551,-0.374265
1.20107,-0.173052,-0.374589
1.20467,-0.181118,-0.376212
1.18951,-0.186323,-0.371345
1.16127,-0.189233,-0.361937
1.20206,-0.203418,-0.376536
1.12811,-0.198101,-0.351232
0,0,0
1.12559,-0.21193,-0.351232
1.12149,-0.218293,-0.350258
1.12847,-0.22684,-0.353178
1.14096,-0.236627,-0.358044
1.14226,-0.244214,-0.359018
0,0,0
0,0,0
2.57683,-0.59924,-0.86575
2.58231,-0.617235,-0.868994
2.58307,-0.634194,-0.870617
2.56629,-0.646801,-0.866075
2.5586,-0.661589,-0.864777
2.55815,-0.678244,-0.866075
2.54755,-0.692195,-0.863804
2.54691,-0.708826,-0.865102
2.54888,-0.726252,-0.867372
2.54528,-0.742142,-0.867697
2.55428,-0.761795,-0.872563
2.54956,-0.777453,-0.872563
2.54293,-0.79252,-0.871914
2.53532,-0.807249,-0.870941
2.52492,-0.821037,-0.868994
2.52881,-0.839491,-0.872239
2.51823,-0.853173,-0.870292
2.50312,-0.865213,-0.866724
2.50668,-0.883697,-0.869968
2.4932,-0.896185,-0.867048
2.48677,-0.911141,-0.866724
2.48202,-0.926713,-0.867048
2.47363,-0.940917,-0.866075
2.4634,-0.95437,-0.864453
2.46454,-0.972241,-0.867048
2.45326,-0.985232,-0.865102
2.4603,-1.00563,-0.869968
2.45583,-1.02143,-0.870617
2.45039,-1.03685,-0.870941
2.44572,-1.05261,-0.87159
2.44528,-1.07025,-0.873861
1.21645,-0.541962,-0.415141
1.21741,-0.551364,-0.416763
1.21228,-0.558034,-0.416114
1.20541,-0.563861,-0.414817
1.20022,-0.570436,-0.414168
1.21715,-0.587643,-0.421954
1.20077,-0.588864,-0.417088
1.19714,-0.596221,-0.417088
1.19515,-0.604407,-0.417736
1.19647,-0.614317,-0.419683
1.19016,-0.620337,-0.41871
1.18967,-0.629395,-0.420007
0,0,0
1.17937,-0.642591,-0.419034
1.17375,-0.648902,-0.418385
0,0,0
2.33947,-1.32978,-0.881322
2.32062,-1.33798,-0.877105
2.31808,-1.35553,-0.879376
2.31216,-1.37118,-0.880349
2.30208,-1.38436,-0.8797
2.29516,-1.39945,-0.880349
2.27929,-1.40903,-0.877429
2.2698,-1.42249,-0.877105
2.26342,-1.43791,-0.878078
2.24103,-1.44307,-0.872563
2.22104,-1.44956,-0.868021
2.21053,-1.46212,-0.867372
2.19365,-1.47039,-0.864128
2.18537,-1.48435,-0.864453
2.18402,-1.50309,-0.867697
2.17165,-1.5143,-0.866399
2.17314,-1.53524,-0.870941
2.16368,-1.54854,-0.870941
2.14954,-1.55846,-0.868994
2.14375,-1.57442,-0.870617
2.13025,-1.58472,-0.868994
2.12275,-1.59947,-0.869968
2.10989,-1.61017,-0.86867
2.09249,-1.6173,-0.865426
2.08476,-1.63186,-0.866399
2.07396,-1.64403,-0.866075
2.06162,-1.65495,-0.865102
2.05143,-1.66757,-0.865102
2.03678,-1.67652,-0.863155
2.03154,-1.69322,-0.865426
2.02256,-1.70688,-0.866075
2.01636,-1.72294,-0.868021
2.01005,-1.73899,-0.869968
2.0029,-1.75441,-0.87159
1.99422,-1.76855,-0.872563
1.97558,-1.7738,-0.868994
1.96256,-1.78398,-0.868021
1.95297,-1.79727,-0.86867
1.93637,-1.80406,-0.866075
1.92664,-1.81721,-0.866724
1.91477,-1.82834,-0.866399
1.89671,-1.83349,-0.863155
1.88948,-1.84906,-0.865102
1.87407,-1.85662,-0.863155
1.8573,-1.86273,-0.86056
1.85314,-1.8815,-0.864128
1.83694,-1.88809,-0.861857
1.83056,-1.90478,-0.864453
1.82536,-1.92284,-0.867697
1.8077,-1.92779,-0.864777
1.79262,-1.93538,-0.863155
1.78646,-1.95262,-0.866075
1.77127,-1.96004,-0.864453
1.76425,-1.97651,-0.867048
1.74271,-1.97666,-0.862182
1.73614,-1.99374,-0.865102
1.72387,-2.00435,-0.865102
1.71399,-2.01777,-0.866399
1.69854,-2.02463,-0.864777
1.68125,-2.02919,-0.862182
1.66877,-2.03947,-0.862182
1.65503,-2.0482,-0.861533
1.64539,-2.06201,-0.863155
1.62743,-2.06538,-0.860235
1.62519,-2.08876,-0.866075
1.61061,-2.09645,-0.865102
1.59772,-2.10629,-0.865102
1.58647,-2.11832,-0.866075
1.565,-2.11661,-0.861209
1.55421,-2.12923,-0.862506
1.54057,-2.13796,-0.862182
1.52742,-2.14737,-0.862182
1.51258,-2.15438,-0.861209
1.49664,-2.15974,-0.859587
1.48229,-2.16732,-0.858938
1.47585,-2.18656,-0.863155
1.45978,-2.19164,-0.861533
1.44527,-2.19898,-0.860884
1.43278,-2.20939,-0.861533
1.41868,-2.21734,-0.861209
1.40707,-2.2292,-0.862506
1.39087,-2.23378,-0.860884
1.37416,-2.23744,-0.858938
1.36237,-2.24906,-0.860235
1.35097,-2.26144,-0.861857
1.33755,-2.2705,-0.862182
1.32835,-2.28684,-0.865426
1.31241,-2.29167,-0.864128
1.30065,-2.3038,-0.86575
1.29109,-2.32,-0.868994
1.2782,-2.33036,-0.869968
1.26343,-2.33733,-0.869643
1.24639,-2.34003,-0.867697
1.23245,-2.34847,-0.868021
1.21932,-2.35851,-0.868994
1.20354,-2.36342,-0.868021
1.18816,-2.36907,-0.867372
1.17151,-2.37207,-0.86575
1.15734,-2.38007,-0.866075
1.14558,-2.3931,-0.868346
1.12603,-2.38981,-0.864453
1.10975,-2.39325,-0.863155
1.09701,-2.40431,-0.864777
1.08147,-2.40927,-0.864128
1.06743,-2.41759,-0.864777
1.05295,-2.42496,-0.865102
1.03768,-2.43051,-0.864777
1.02385,-2.43945,-0.86575
1.00814,-2.44394,-0.865102
0.993121,-2.45008,-0.865102
0.974216,-2.44646,-0.861533
0.955737,-2.44358,-0.858289
0,0,0
0.929687,-2.46575,-0.862182
0.914212,-2.47052,-0.861857
0.900329,-2.47964,-0.863155
0,0,0
0.874516,-2.50389,-0.868021
0.863124,-2.52084,-0.872239
0,0,0
0,0,0
0,0,0
0,0,0
0,0,0
0,0,0
0,0,0
0,0,0
0,0,0
0,0,0
0,0,0
0,0,0
0,0,0
0,0,0
0,0,0
0,0,0
0,0,0
0,0,0
0,0,0
0,0,0
0,0,0
0,0,0
0,0,0
0,0,0
0,0,0
0,0,0
0,0,0
0,0,0
0,0,0
0,0,0
0,0,0
0,0,0
0,0,0
0,0,0
0,0,0
0,0,0
0,0,0
0,0,0
0,0,0
0,0,0
0,0,0
0,0,0
0,0,0
0,0,0
0,0,0
0,0,0
0,0,0
0,0,0
0,0,0
0,0,0
0,0,0
0,0,0
0,0,0
0,0,0
0,0,0
0,0,0
0,0,0
0,0,0
0,0,0
0,0,0
0,0,0
0,0,0
0,0,0
0,0,0
0,0,0
0,0,0
0,0,0
0,0,0
0,0,0
0,0,0
0,0,0
0,0,0
0,0,0
0,0,0
0,0,0
0,0,0
0,0,0
0,0,0
0,0,0
0,0,0
0,0,0
0,0,0
0,0,0
0,0,0
0,0,0
0,0,0
0,0,0
0,0,0
0,0,0
0,0,0
0,0,0
0,0,0
0,0,0
0,0,0
0,0,0
0,0,0
0,0,0
0,0,0
0,0,0
0,0,0
0,0,0
0,0,0
0,0,0
0,0,0
0,0,0
0,0,0
0,0,0
0,0,0
0,0,0
0,0,0
0,0,0
0,0,0
0,0,0
0,0,0
0,0,0
0,0,0
0,0,0
0,0,0
0,0,0
0,0,0
0,0,0
0,0,0
0,0,0
0,0,0
0,0,0
0,0,0
0,0,0
0,0,0
0,0,0
0,0,0
0,0,0
0,0,0
0,0,0
0,0,0
0,0,0
0,0,0
0,0,0
0,0,0
0,0,0
0,0,0
0,0,0
0,0,0
0,0,0
0,0,0
0,0,0
0,0,0
0,0,0
0,0,0
0,0,0
0,0,0
0,0,0
0,0,0
0,0,0
0,0,0
0,0,0
0,0,0
0,0,0
0,0,0
0,0,0
0,0,0
0,0,0
0,0,0
0,0,0
0,0,0
0,0,0
0,0,0
0,0,0
0,0,0
0,0,0
0,0,0
0,0,0
0,0,0
0,0,0
0,0,0
0,0,0
0,0,0
0,0,0
0,0,0
0,0,0
0,0,0
0,0,0
0,0,0
0,0,0
0,0,0
0,0,0
0,0,0
0,0,0
0,0,0
0,0,0
0,0,0
0,0,0
0,0,0
0,0,0
0,0,0
0,0,0
0,0,0
0,0,0
0,0,0
0,0,0
0,0,0
0,0,0
0,0,0
0,0,0
0,0,0
0,0,0
0,0,0
0,0,0
0,0,0
0,0,0
0,0,0
0,0,0
0,0,0
0,0,0
0,0,0
0,0,0
0,0,0
0,0,0
0,0,0
0,0,0
0,0,0
0,0,0
0,0,0
0,0,0
0,0,0
0,0,0
0,0,0
0,0,0
0,0,0
0,0,0
0,0,0
0,0,0
0,0,0
0,0,0
0,0,0
0,0,0
0,0,0
0,0,0
0,0,0
0,0,0
0,0,0
0,0,0
0,0,0
0,0,0
0,0,0
0,0,0
0,0,0
0,0,0
0,0,0
0,0,0
0,0,0
0,0,0
0,0,0
0,0,0
0,0,0
0,0,0
0,0,0
0,0,0
0,0,0
0,0,0
0,0,0
0,0,0
0,0,0
0,0,0
0,0,0
0,0,0
0,0,0
0,0,0
0,0,0
0,0,0
0,0,0
0,0,0
0,0,0
0,0,0
0,0,0
0,0,0
0,0,0
0,0,0
0,0,0
0,0,0
0,0,0
0,0,0
0,0,0
0,0,0
0,0,0
0,0,0
0,0,0
0,0,0
0,0,0
0,0,0
0,0,0
0,0,0
0,0,0
0,0,0
0,0,0
0,0,0
0,0,0
0,0,0
0,0,0
0,0,0
0,0,0
0,0,0
0,0,0
0,0,0
0,0,0
0,0,0
0,0,0
0,0,0
0,0,0
0,0,0
0,0,0
0,0,0
0,0,0
0,0,0
0,0,0
0,0,0
0,0,0
0,0,0
0,0,0
0,0,0
0,0,0
0,0,0
0,0,0
0,0,0
0,0,0
0,0,0
0,0,0
0,0,0
0,0,0
0,0,0
0,0,0
0,0,0
0,0,0
0,0,0
0,0,0
0,0,0
0,0,0
0,0,0
0,0,0
0,0,0
0,0,0
0,0,0
0,0,0
0,0,0
0,0,0
0,0,0
0,0,0
0,0,0
0,0,0
0,0,0
0,0,0
0,0,0
0,0,0
0,0,0
0,0,0
0,0,0
0,0,0
0,0,0
0,0,0
0,0,0
0,0,0
0,0,0
0,0,0
0,0,0
0,0,0
0,0,0
0,0,0
0,0,0
0,0,0
0,0,0
0,0,0
0,0,0
0,0,0
0,0,0
0,0,0
0,0,0
0,0,0
0,0,0
0,0,0
0,0,0
0,0,0
0,0,0
0,0,0
0,0,0
0,0,0
0,0,0
0,0,0
0,0,0
0,0,0
0,0,0
0,0,0
0,0,0
0,0,0
0,0,0
0,0,0
0,0,0
0,0,0
0,0,0
0,0,0
0,0,0
0,0,0
0,0,0
0,0,0
0,0,0
0,0,0
0,0,0
0,0,0
0,0,0
0,0,0
0,0,0
0,0,0
0,0,0
0,0,0
0,0,0
0,0,0
0,0,0
0,0,0
0,0,0
0,0,0
0,0,0
0,0,0
0,0,0
0,0,0
0,0,0
0,0,0
0,0,0
0,0,0
0,0,0
0,0,0
0,0,0
0,0,0
0,0,0
0,0,0
0,0,0
0,0,0
0,0,0
0,0,0
0,0,0
0,0,0
0,0,0
0,0,0
0,0,0
0,0,0
0,0,0
0,0,0
0,0,0
0,0,0
0,0,0
0,0,0
0,0,0
0,0,0
0,0,0
0,0,0
0,0,0
0,0,0
0,0,0
0,0,0
0,0,0
0,0,0
0,0,0
0,0,0
0,0,0
0,0,0
0,0,0
0,0,0
0,0,0
0,0,0
0,0,0
0,0,0
0,0,0
0,0,0
0,0,0
0,0,0
0,0,0
0,0,0
0,0,0
0,0,0
0,0,0
0,0,0
0,0,0
0,0,0
0,0,0
0,0,0
0,0,0
0,0,0
0,0,0
0,0,0
0,0,0
0,0,0
0,0,0
0,0,0
0,0,0
0,0,0
0,0,0
0,0,0
0,0,0
0,0,0
0,0,0
0,0,0
0,0,0
0,0,0
0,0,0
0,0,0
0,0,0
0,0,0
0,0,0
0,0,0
0,0,0
0,0,0
0,0,0
0,0,0
0,0,0
0,0,0
0,0,0
0,0,0
0,0,0
0,0,0
0,0,0
0,0,0
0,0,0
0,0,0
0,0,0
0,0,0
0,0,0
0,0,0
0,0,0
0,0,0
0,0,0
0,0,0
0,0,0
0,0,0
0,0,0
0,0,0
0,0,0
0,0,0
0,0,0
0,0,0
0,0,0
0,0,0
0,0,0
0,0,0
0,0,0
0,0,0
0,0,0
0,0,0
0,0,0
0,0,0
0,0,0
0,0,0
0,0,0
0,0,0
0,0,0
0,0,0
0,0,0
0,0,0
0,0,0
0,0,0
0,0,0
0,0,0
0,0,0
0,0,0
0,0,0
0,0,0
0,0,0
0,0,0
0,0,0
0,0,0
0,0,0
0,0,0
0,0,0
0,0,0
0,0,0
0,0,0
0,0,0
0,0,0
0,0,0
0,0,0
0,0,0
0,0,0
0,0,0
0,0,0
0,0,0
0,0,0
0,0,0
0,0,0
0,0,0
0,0,0
0,0,0
0,0,0
0,0,0
0,0,0
0,0,0
0,0,0
0,0,0
0,0,0
0,0,0
0,0,0
0,0,0
0,0,0
0,0,0
0,0,0
0,0,0
0,0,0
0,0,0
0,0,0
0,0,0
0,0,0
0.922543,2.52041,-0.910755
0.93799,2.5147,-0.910755
0.952063,2.50537,-0.909417
0.967758,2.50036,-0.909751
0.97997,2.48649,-0.906741
0.998368,2.4883,-0.909751
1.01611,2.48823,-0.912093
1.03606,2.49326,-0.916441
1.05318,2.4912,-0.918113
1.07329,2.49595,-0.922461
1.08782,2.48759,-0.921792
1.10345,2.48173,-0.922127
1.11866,2.47491,-0.922127
1.12753,2.4543,-0.916775
1.14256,2.44733,-0.916775
1.15796,2.44113,-0.91711
1.17333,2.43482,-0.917444
1.1899,2.43096,-0.918782
1.20522,2.42446,-0.919116
1.22007,2.41702,-0.919116
1.23574,2.41117,-0.919785
1.24659,2.39602,-0.916775
1.25951,2.38499,-0.915437
1.27056,2.37057,-0.912762
1.28193,2.35694,-0.91042
1.30001,2.35563,-0.913096
1.31352,2.34596,-0.912427
1.33115,2.34359,-0.914768
1.34456,2.33375,-0.9141
1.35838,2.32464,-0.913765
1.37166,2.31464,-0.913096
1.38292,2.30133,-0.911089
1.39456,2.28878,-0.909417
1.41106,2.28419,-0.911089
1.42304,2.27229,-0.909751
1.43595,2.26193,-0.909083
1.45133,2.25545,-0.910086
1.46308,2.24335,-0.908748
1.47526,2.23197,-0.907745
1.48998,2.22444,-0.908414
1.50148,2.21214,-0.907076
1.51556,2.20366,-0.90741
1.52959,2.19509,-0.907745
1.5414,2.18336,-0.906741
1.55477,2.17386,-0.906741
1.56642,2.16199,-0.905738
1.57966,2.15234,-0.905738
1.5889,2.13731,-0.903397
1.59858,2.123,-0.90139
1.61558,2.1184,-0.903731
1.62624,2.10546,-0.902393
1.63971,2.09619,-0.902728
1.65488,2.08904,-0.904066
1.66236,2.07223,-0.901055
1.68158,2.07004,-0.904735
1.69185,2.05677,-0.903397
1.69479,2.03477,-0.898045
1.71575,2.03441,-0.902728
1.72881,2.02456,-0.903062
1.74244,2.01534,-0.903731
1.76036,2.011,-0.906741
1.77391,2.00157,-0.90741
1.78931,1.99415,-0.909083
1.80215,1.98383,-0.909417
1.81046,1.96858,-0.90741
1.82122,1.95605,-0.906741
1.82801,1.93935,-0.904066
1.83988,1.9281,-0.904066
1.85036,1.91542,-0.903397
1.85549,1.89729,-0.900052
1.86445,1.88319,-0.898714
1.87263,1.86839,-0.897042
1.87936,1.85224,-0.894701
1.89136,1.84133,-0.895035
1.9067,1.83361,-0.897042
1.9145,1.81863,-0.89537
1.92906,1.81007,-0.897042
1.94428,1.80204,-0.899049
1.95877,1.79326,-0.900721
1.97394,1.785,-0.902728
1.98485,1.77285,-0.902728
1.98438,1.75067,-0.897376
1.99651,1.7397,-0.898045
2.00715,1.72741,-0.898045
2.01771,1.71507,-0.898045
2.02314,1.69841,-0.895704
2.03062,1.68356,-0.894366
2.03727,1.66808,-0.892694
2.05113,1.65851,-0.894366
2.06495,1.64884,-0.896038
2.07059,1.63264,-0.894032
2.08131,1.62048,-0.894366
2.09644,1.6117,-0.896707
2.10629,1.5988,-0.896707
2.11682,1.58642,-0.897042
2.11742,1.56667,-0.893028
2.11938,1.54809,-0.889684
2.13113,1.53671,-0.890687
2.14283,1.52525,-0.89169
2.14983,1.51044,-0.890687
2.15983,1.49776,-0.891021
2.17132,1.48608,-0.892025
2.18508,1.47589,-0.894032
2.19566,1.4635,-0.894701
2.19673,1.44482,-0.891356
2.20239,1.42927,-0.890018
2.21429,1.41776,-0.891356
2.21737,1.40062,-0.889015
2.22112,1.384,-0.887008
2.22636,1.36837,-0.88567
2.23794,1.35664,-0.887008
2.25188,1.34627,-0.889349
2.27147,1.33912,-0.894032
0,0,0
0,0,0
1.15514,0.652882,-0.429125
1.17065,0.6522,-0.433808
1.17793,0.646818,-0.435146
1.18519,0.641371,-0.436484
1.19327,0.636303,-0.438156
1.19214,0.626341,-0.436149
1.19178,0.61685,-0.434477
1.19302,0.608242,-0.433474
1.17314,0.589077,-0.424109
1.17589,0.58145,-0.423774
1.16503,0.567215,-0.418088
1.16679,0.559242,-0.417419
1.16508,0.549661,-0.415412
1.16245,0.539726,-0.413071
1.16574,0.532583,-0.413071
1.175,0.528123,-0.415412
0,0,0
2.41312,1.04875,-0.892025
2.42038,1.03429,-0.892359
2.42842,1.02015,-0.893028
2.44247,1.00847,-0.896038
2.45298,0.995231,-0.897711
2.45817,0.979812,-0.897376
2.45799,0.962307,-0.895035
2.46385,0.947206,-0.895035
2.45374,0.926083,-0.889015
2.45319,0.90872,-0.886673
2.46049,0.894293,-0.887342
2.46238,0.877914,-0.886005
2.46149,0.860612,-0.883663
2.46495,0.844882,-0.882994
2.47008,0.829741,-0.882994
2.47781,0.815453,-0.883998
2.48098,0.799656,-0.883329
2.48494,0.784135,-0.882994
2.49511,0.77054,-0.885001
2.49979,0.755216,-0.885001
2.49895,0.738262,-0.882994
2.50072,0.722131,-0.881991
2.50691,0.707285,-0.88266
2.51848,0.693891,-0.885336
2.52724,0.679648,-0.887008
2.52954,0.66365,-0.886339
2.53813,0.649284,-0.888011
2.55029,0.635748,-0.891021
1.10895,0.269465,-0.363236
1.11517,0.263739,-0.364908
1.13054,0.260055,-0.369925
1.11648,0.249623,-0.364239
1.11523,0.242169,-0.363236
1.10839,0.233576,-0.360226
1.09873,0.22451,-0.356212
1.1121,0.220139,-0.36056
1.11251,0.213134,-0.360226
1.11287,0.206133,-0.359891
1.11689,0.199797,-0.360895
1.11531,0.192461,-0.359891
1.10903,0.18438,-0.357216
1.10177,0.176235,-0.354205
1.07488,0.165187,-0.344171
1.0563,0.15571,-0.337148
1.0311,0.145548,-0.327783
0.980606,0.132309,-0.309387
0.935596,0.120415,-0.292998
0.922285,0.112959,-0.287981
0.912664,0.106106,-0.284302
0.910487,0.100196,-0.283299
0.911085,0.0946071,-0.283299
0.914462,0.0892885,-0.284302
0.914054,0.0835903,-0.283968
0.916428,0.0781395,-0.284637
0.91783,0.0725888,-0.284971
0.919198,0.0670239,-0.285306
0.919592,0.0613825,-0.285306
0.918069,0.0556257,-0.284637
0.918394,0.0499915,-0.284637
0.9168,0.0442654,-0.283968
0.91423,0.0385214,-0.282964
0.913507,0.0328776,-0.28263
0.915576,0.0273272,-0.283299
0.917611,0.0217526,-0.283968
0.919611,0.0161541,-0.284637
0.914981,0.0104594,-0.282964
0.920683,0.00487243,-0.284971
0.919753,-0.000775651,-0.284637
0.918788,-0.00641214,-0.284302
0.921559,-0.0120879,-0.285306
0.921467,-0.0177423,-0.285306
0.915688,-0.0232499,-0.283299
0.91647,-0.0288982,-0.283633
0.909684,-0.0342697,-0.281292
0.908515,-0.0398091,-0.280958
0.911077,-0.0455252,-0.281961
0.906076,-0.0508485,-0.280289
0.909509,-0.0566431,-0.281626
0.911965,-0.062417,-0.28263
0.913445,-0.0681526,-0.283299
0.913009,-0.0737561,-0.283299
0.915356,-0.079603,-0.284302
0.912035,-0.0849546,-0.283299
0.916186,-0.091017,-0.284971
0.914673,-0.0965376,-0.284637
0.928111,-0.103724,-0.289654
0.964892,-0.11385,-0.303032
1.00532,-0.124897,-0.317749
1.06154,-0.138524,-0.338151
1.11949,-0.153101,-0.359222
1.15211,-0.164782,-0.371263
1.15388,-0.172267,-0.372266
1.16583,-0.181376,-0.376949
1.15912,-0.187621,-0.374942
1.15887,-0.194886,-0.375277
1.15209,-0.201019,-0.37327
1.1397,-0.206069,-0.369256
1.13564,-0.212537,-0.368253
1.12784,-0.218245,-0.365912
2.51349,-0.502913,-0.867943
2.50482,-0.517182,-0.865937
2.49239,-0.530578,-0.862592
1.16172,-0.254545,-0.380294
1.16198,-0.262084,-0.380963
1.16585,-0.270488,-0.382969
1.17059,-0.279169,-0.385311
0,0,0
0,0,0
2.52935,-0.653139,-0.885336
2.51892,-0.666957,-0.882994
2.50659,-0.680178,-0.879984
2.50328,-0.695798,-0.880319
2.49443,-0.709854,-0.878646
2.47827,-0.721719,-0.874298
2.4756,-0.73745,-0.874967
2.46291,-0.750153,-0.871957
2.45557,-0.764411,-0.870954
2.44454,-0.777463,-0.868612
2.43793,-0.791865,-0.867943
2.42587,-0.804435,-0.865268
2.42714,-0.821421,-0.867609
2.42027,-0.835682,-0.86694
2.42132,-0.852709,-0.869281
2.41782,-0.868188,-0.86995
2.41776,-0.884951,-0.871957
2.41228,-0.899769,-0.871957
2.41464,-0.917568,-0.874967
2.40106,-0.929304,-0.871957
1.27311,-0.501542,-0.443842
1.2254,-0.49144,-0.426784
0,0,0
1.21232,-0.503547,-0.424109
1.19445,-0.504735,-0.418423
0,0,0
1.17349,-0.512934,-0.412737
1.17032,-0.520124,-0.412737
1.16797,-0.527684,-0.413071
1.157,-0.531298,-0.410061
1.15628,-0.539584,-0.411064
1.15891,-0.549497,-0.413406
1.1674,-0.562327,-0.418088
0,0,0
1.168,-0.580387,-0.421098
0,0,0
1.16079,-0.594676,-0.421098
1.15294,-0.599612,-0.419426
1.14174,-0.602713,-0.416416
1.13387,-0.607481,-0.414744
1.12598,-0.612175,-0.413071
1.12056,-0.618161,-0.412402
1.10441,-0.618117,-0.407385
1.10387,-0.626745,-0.408723
1.10001,-0.633506,-0.408723
0,0,0
2.22141,-1.31639,-0.874633
2.20845,-1.32708,-0.872626
2.20107,-1.3411,-0.87296
2.19119,-1.35359,-0.872291
2.18285,-1.36701,-0.872291
2.18556,-1.38745,-0.876974
2.17779,-1.40134,-0.877308
2.16047,-1.40902,-0.873629
2.15021,-1.42121,-0.87296
2.13832,-1.43227,-0.871623
2.12559,-1.44272,-0.86995
2.12058,-1.45841,-0.871623
2.1085,-1.46924,-0.870285
2.10176,-1.48378,-0.871288
2.09798,-1.50048,-0.873629
2.08873,-1.51333,-0.873629
2.08017,-1.52667,-0.873964
2.07076,-1.53941,-0.873964
2.0545,-1.54698,-0.870954
2.04272,-1.55784,-0.86995
2.02641,-1.56516,-0.86694
2.01603,-1.57699,-0.866606
2.00484,-1.58816,-0.865937
1.99359,-1.59925,-0.865268
1.98593,-1.61323,-0.866271
1.97745,-1.62659,-0.86694
1.96816,-1.63929,-0.867274
1.96238,-1.65498,-0.869281
1.95864,-1.6725,-0.872291
1.94905,-1.68511,-0.872626
1.93513,-1.69393,-0.870954
1.92682,-1.70765,-0.871957
1.9149,-1.71818,-0.871288
1.90362,-1.72926,-0.870954
1.8909,-1.73899,-0.86995
1.87812,-1.74864,-0.868947
1.86941,-1.76207,-0.86995
1.86061,-1.77546,-0.870954
1.85307,-1.79011,-0.872626
1.84475,-1.80409,-0.873964
1.83364,-1.81537,-0.873964
1.82447,-1.82859,-0.874967
1.80858,-1.83505,-0.872626
1.79729,-1.84612,-0.872626
1.78723,-1.85847,-0.873295
1.77125,-1.86461,-0.870954
1.75527,-1.87064,-0.868612
1.73991,-1.87722,-0.866606
1.72709,-1.88647,-0.865937
1.71801,-1.89983,-0.867274
1.70381,-1.90753,-0.865937
1.69207,-1.91794,-0.865937
1.68027,-1.92829,-0.865937
1.67025,-1.94071,-0.86694
1.66197,-1.95523,-0.868947
1.64328,-1.95745,-0.865268
1.63545,-1.97257,-0.867609
1.63287,-1.99424,-0.87296
1.61053,-1.99176,-0.867274
1.59769,-2.00087,-0.86694
1.58538,-2.01064,-0.86694
1.56838,-2.01438,-0.864264
1.55714,-2.02546,-0.864933
1.54526,-2.03572,-0.865268
1.53104,-2.0429,-0.864264
1.5224,-2.05756,-0.866606
1.50808,-2.06458,-0.865602
1.49318,-2.07074,-0.864264
1.48645,-2.08831,-0.867943
1.47524,-2.0997,-0.868947
1.45427,-2.0971,-0.86393
1.44138,-2.10598,-0.86393
1.42368,-2.10776,-0.86092
1.41281,-2.11959,-0.862257
1.39978,-2.12822,-0.862257
1.38516,-2.1344,-0.861254
1.37457,-2.14682,-0.862926
1.3649,-2.16079,-0.865268
1.35311,-2.17153,-0.866271
1.34124,-2.1822,-0.867274
1.32734,-2.18958,-0.86694
1.31629,-2.20173,-0.868612
0.898442,-1.52371,-0.58599
0.895231,-1.53978,-0.590338
0.885766,-1.54525,-0.590338
0.876268,-1.55065,-0.590338
1.24905,-2.24272,-0.869281
1.23617,-2.25199,-0.86995
1.21382,-2.24378,-0.863595
1.20534,-2.26117,-0.867609
1.19188,-2.26936,-0.867943
1.17924,-2.27914,-0.868947
1.16566,-2.28717,-0.869281
1.15118,-2.29344,-0.868947
1.13709,-2.30046,-0.868947
1.12254,-2.30655,-0.868612
1.1108,-2.31849,-0.870619
1.09495,-2.32185,-0.869281
1.08148,-2.33024,-0.86995
1.06559,-2.3334,-0.868612
1.04932,-2.3356,-0.86694
1.03535,-2.34285,-0.867274
1.02058,-2.3483,-0.86694
1.00801,-2.35885,-0.868612
0.992785,-2.36325,-0.867943
0.978266,-2.3693,-0.867943
0.964418,-2.377,-0.868612
0.949117,-2.38112,-0.867943
0.934146,-2.38602,-0.867609
0.919149,-2.39083,-0.867274
0.903464,-2.39378,-0.866271
0.891377,-2.40635,-0.868947
0.877882,-2.41532,-0.870285
0.866526,-2.43042,-0.873964
0.850664,-2.43303,-0.87296
0.838468,-2.44622,-0.875971
0.818343,-2.43613,-0.870285
0,0,0
0,0,0
0,0,0
0,0,0
0,0,0
0,0,0
0,0,0
0,0,0
0,0,0
0,0,0
0,0,0
0,0,0
0,0,0
0,0,0
0,0,0
0,0,0
0,0,0
0,0,0
0,0,0
0,0,0
0,0,0
0,0,0
0,0,0
0,0,0
0,0,0
0,0,0
0,0,0
0,0,0
0,0,0
0,0,0
0,0,0
0,0,0
0,0,0
0,0,0
0,0,0
0,0,0
0,0,0
0,0,0
0,0,0
0,0,0
0,0,0
0,0,0
0,0,0
0,0,0
0,0,0
0,0,0
0,0,0
0,0,0
0,0,0
0,0,0
0,0,0
0,0,0
0,0,0
0,0,0
0,0,0
0,0,0
0,0,0
0,0,0
0,0,0
0,0,0
0,0,0
0,0,0
0,0,0
0,0,0
0,0,0
0,0,0
0,0,0
0,0,0
0,0,0
0,0,0
0,0,0
0,0,0
0,0,0
0,0,0
0,0,0
0,0,0
0,0,0
0,0,0
0,0,0
0,0,0
0,0,0
0,0,0
0,0,0
0,0,0
0,0,0
0,0,0
0,0,0
0,0,0
0,0,0
0,0,0
0,0,0
0,0,0
0,0,0
0,0,0
0,0,0
0,0,0
0,0,0
0,0,0
0,0,0
0,0,0
0,0,0
0,0,0
0,0,0
0,0,0
0,0,0
0,0,0
0,0,0
0,0,0
0,0,0
0,0,0
0,0,0
0,0,0
0,0,0
0,0,0
0,0,0
0,0,0
0,0,0
0,0,0
0,0,0
0,0,0
0,0,0
0,0,0
0,0,0
0,0,0
0,0,0
0,0,0
0,0,0
0,0,0
0,0,0
0,0,0
0,0,0
0,0,0
0,0,0
0,0,0
0,0,0
0,0,0
0,0,0
0,0,0
0,0,0
0,0,0
0,0,0
0,0,0
0,0,0
0,0,0
0,0,0
0,0,0
0,0,0
0,0,0
0,0,0
0,0,0
0,0,0
0,0,0
0,0,0
0,0,0
0,0,0
0,0,0
0,0,0
0,0,0
0,0,0
0,0,0
0,0,0
0,0,0
0,0,0
0,0,0
0,0,0
0,0,0
0,0,0
0,0,0
0,0,0
0,0,0
0,0,0
0,0,0
0,0,0
0,0,0
0,0,0
0,0,0
0,0,0
0,0,0
0,0,0
0,0,0
0,0,0
0,0,0
0,0,0
0,0,0
0,0,0
0,0,0
0,0,0
0,0,0
0,0,0
0,0,0
0,0,0
0,0,0
0,0,0
0,0,0
0,0,0
0,0,0
0,0,0
0,0,0
0,0,0
0,0,0
0,0,0
0,0,0
0,0,0
0,0,0
0,0,0
0,0,0
0,0,0
0,0,0
0,0,0
0,0,0
0,0,0
0,0,0
0,0,0
0,0,0
0,0,0
0,0,0
0,0,0
0,0,0
0,0,0
0,0,0
0,0,0
0,0,0
0,0,0
0,0,0
0,0,0
0,0,0
0,0,0
0,0,0
0,0,0
0,0,0
0,0,0
0,0,0
0,0,0
0,0,0
0,0,0
0,0,0
0,0,0
0,0,0
0,0,0
0,0,0
0,0,0
0,0,0
0,0,0
0,0,0
0,0,0
0,0,0
0,0,0
0,0,0
0,0,0
0,0,0
0,0,0
0,0,0
0,0,0
0,0,0
0,0,0
0,0,0
0,0,0
0,0,0
0,0,0
0,0,0
0,0,0
0,0,0
0,0,0
0,0,0
0,0,0
0,0,0
0,0,0
0,0,0
0,0,0
0,0,0
0,0,0
0,0,0
0,0,0
0,0,0
0,0,0
0,0,0
0,0,0
0,0,0
0,0,0
0,0,0
0,0,0
0,0,0
0,0,0
0,0,0
0,0,0
0,0,0
0,0,0
0,0,0
0,0,0
0,0,0
0,0,0
0,0,0
0,0,0
0,0,0
0,0,0
0,0,0
0,0,0
0,0,0
0,0,0
0,0,0
0,0,0
0,0,0
0,0,0
0,0,0
0,0,0
0,0,0
0,0,0
0,0,0
0,0,0
0,0,0
0,0,0
0,0,0
0,0,0
0,0,0
0,0,0
0,0,0
0,0,0
0,0,0
0,0,0
0,0,0
0,0,0
0,0,0
0,0,0
0,0,0
0,0,0
0,0,0
0,0,0
0,0,0
0,0,0
0,0,0
0,0,0
0,0,0
0,0,0
0,0,0
0,0,0
0,0,0
0,0,0
0,0,0
0,0,0
0,0,0
0,0,0
0,0,0
0,0,0
0,0,0
0,0,0
0,0,0
0,0,0
0,0,0
0,0,0
0,0,0
0,0,0
0,0,0
0,0,0
0,0,0
0,0,0
0,0,0
0,0,0
0,0,0
0,0,0
0,0,0
0,0,0
0,0,0
0,0,0
0,0,0
0,0,0
0,0,0
0,0,0
0,0,0
0,0,0
0,0,0
0,0,0
0,0,0
0,0,0
0,0,0
0,0,0
0,0,0
0,0,0
0,0,0
0,0,0
0,0,0
0,0,0
0,0,0
0,0,0
0,0,0
0,0,0
0,0,0
0,0,0
0,0,0
0,0,0
0,0,0
0,0,0
0,0,0
0,0,0
0,0,0
0,0,0
0,0,0
0,0,0
0,0,0
0,0,0
0,0,0
0,0,0
0,0,0
0,0,0
0,0,0
0,0,0
0,0,0
0,0,0
0,0,0
0,0,0
0,0,0
0,0,0
0,0,0
0,0,0
0,0,0
0,0,0
0,0,0
0,0,0
0,0,0
0,0,0
0,0,0
0,0,0
0,0,0
0,0,0
0,0,0
0,0,0
0,0,0
0,0,0
0,0,0
0,0,0
0,0,0
0,0,0
0,0,0
0,0,0
0,0,0
0,0,0
0,0,0
0,0,0
0,0,0
0,0,0
0,0,0
0,0,0
0,0,0
0,0,0
0,0,0
0,0,0
0,0,0
0,0,0
0,0,0
0,0,0
0,0,0
0,0,0
0,0,0
0,0,0
0,0,0
0,0,0
0,0,0
0,0,0
0,0,0
0,0,0
0,0,0
0,0,0
0,0,0
0,0,0
0,0,0
0,0,0
0,0,0
0,0,0
0,0,0
0,0,0
0,0,0
0,0,0
0,0,0
0,0,0
0,0,0
0,0,0
0,0,0
0,0,0
0,0,0
0,0,0
0,0,0
0,0,0
0,0,0
0,0,0
0,0,0
0,0,0
0,0,0
0,0,0
0,0,0
0,0,0
0,0,0
0,0,0
0,0,0
0,0,0
0,0,0
0,0,0
0,0,0
0,0,0
0,0,0
0,0,0
0,0,0
0,0,0
0,0,0
0,0,0
0,0,0
0,0,0
0,0,0
0,0,0
0,0,0
0,0,0
0,0,0
0,0,0
0,0,0
0,0,0
0,0,0
0,0,0
0,0,0
0,0,0
0,0,0
0,0,0
0,0,0
0,0,0
0,0,0
0,0,0
0,0,0
0,0,0
0,0,0
0,0,0
0,0,0
0,0,0
0,0,0
0,0,0
0,0,0
0,0,0
0,0,0
0,0,0
0,0,0
0,0,0
0,0,0
0,0,0
0,0,0
0,0,0
0,0,0
0,0,0
0,0,0
0,0,0
0,0,0
0,0,0
0,0,0
0,0,0
0,0,0
0,0,0
0,0,0
0,0,0
0,0,0
0,0,0
0,0,0
0,0,0
0,0,0
0,0,0
0,0,0
0,0,0
0,0,0
0,0,0
0,0,0
0,0,0
0,0,0
0,0,0
0,0,0
0,0,0
0,0,0
0,0,0
0,0,0
0,0,0
0,0,0
0,0,0
0,0,0
0,0,0
0,0,0
0,0,0
0,0,0
0,0,0
0,0,0
0,0,0
0,0,0
0,0,0
0,0,0
0,0,0
0,0,0
0,0,0
0,0,0
0,0,0
0,0,0
0,0,0
0,0,0
0,0,0
0,0,0
0,0,0
0,0,0
0,0,0
0,0,0
0,0,0
0,0,0
0,0,0
0,0,0
0,0,0
0,0,0
0,0,0
0,0,0
0,0,0
0,0,0
0,0,0
0,0,0
0,0,0
0,0,0
0,0,0
0,0,0
0,0,0
0,0,0
0,0,0
0,0,0
0,0,0
0,0,0
0,0,0
0,0,0
0,0,0
0,0,0
0,0,0
0,0,0
0,0,0
0,0,0
0.798971,2.51079,-0.925898
0.813203,2.50227,-0.924519
0.827066,2.49278,-0.922794
0.840241,2.48143,-0.920381
0.853002,2.46913,-0.917622
0.870005,2.46916,-0.919691
0.887041,2.46908,-0.92176
0.899918,2.45742,-0.919346
0.915307,2.45273,-0.919691
0.926341,2.43654,-0.915554
0.945675,2.44219,-0.920036
0.952044,2.4145,-0.911416
0.963349,2.3999,-0.907968
0.973801,2.38352,-0.90383
0.987687,2.37576,-0.90314
1.00663,2.38004,-0.907278
1.02047,2.37209,-0.906589
1.03802,2.37266,-0.909347
1.05637,2.37483,-0.912795
1.07478,2.37686,-0.916243
1.09091,2.37363,-0.917622
1.10466,2.36519,-0.916933
1.12116,2.36261,-0.918657
1.13686,2.35822,-0.919691
1.15007,2.34867,-0.918657
1.16446,2.34157,-0.918657
1.17458,2.326,-0.915209
1.18669,2.31457,-0.913485
1.2013,2.30808,-0.91383
1.21106,2.29236,-0.910381
1.22377,2.28241,-0.909347
1.2382,2.27568,-0.909692
1.25713,2.27708,-0.913485
1.27245,2.27178,-0.914519
1.28961,2.26965,-0.916933
1.30117,2.25762,-0.915209
1.31405,2.24798,-0.914519
1.32495,2.23503,-0.91245
1.33284,2.2172,-0.908313
1.34447,2.20577,-0.906933
1.35403,2.19109,-0.904175
1.36347,2.17637,-0.901416
1.3768,2.16797,-0.901416
1.39363,2.16501,-0.90383
1.40637,2.15563,-0.903485
1.42319,2.15244,-0.905899
1.43794,2.14601,-0.906933
1.44687,2.13093,-0.904175
1.46683,2.13207,-0.908657
1.48203,2.12611,-0.910037
1.49667,2.11928,-0.911071
1.51019,2.11082,-0.911416
1.51981,2.09695,-0.909347
1.53598,2.09212,-0.911416
1.54935,2.08341,-0.911761
1.55476,2.06412,-0.907278
1.57081,2.05902,-0.909347
1.58284,2.0486,-0.909002
1.59307,2.03589,-0.907623
1.60961,2.03123,-0.910037
1.615,2.01253,-0.905899
1.62081,1.99456,-0.902106
1.63361,1.9853,-0.902451
1.64336,1.97236,-0.901072
1.65543,1.96224,-0.901072
1.66927,1.95418,-0.902106
1.68307,1.94604,-0.90314
1.69745,1.9385,-0.90452
1.71056,1.92945,-0.905209
1.72299,1.91962,-0.905554
1.73032,1.90414,-0.90314
1.74578,1.89764,-0.905209
1.7574,1.88689,-0.905209
1.76894,1.87607,-0.905209
1.78301,1.8679,-0.906589
1.79183,1.85422,-0.905209
1.79989,1.83984,-0.903485
1.81709,1.83476,-0.906589
1.81569,1.81098,-0.900037
1.82343,1.79651,-0.898313
1.83374,1.78463,-0.897968
1.84872,1.77725,-0.900037
1.86095,1.76717,-0.900727
1.87792,1.7615,-0.90383
1.88525,1.74675,-0.902106
1.90147,1.74022,-0.904865
1.91072,1.72726,-0.904175
1.92758,1.72114,-0.907278
1.92966,1.70182,-0.90314
1.93865,1.68872,-0.902451
1.9504,1.67801,-0.90314
1.96137,1.66662,-0.903485
1.96797,1.65154,-0.901761
1.98023,1.64123,-0.902796
1.97792,1.61894,-0.896934
1.98563,1.605,-0.8959
1.99544,1.59279,-0.8959
2.00444,1.57993,-0.895555
2.00595,1.56126,-0.891762
2.00731,1.54262,-0.887969
2.02271,1.53482,-0.890727
2.04261,1.53026,-0.895555
2.05271,1.51826,-0.8959
2.06047,1.50453,-0.89521
2.07119,1.49295,-0.8959
2.07802,1.47858,-0.894865
2.08859,1.46689,-0.895555
2.10295,1.45779,-0.897968
2.11108,1.44433,-0.897624
2.12379,1.43398,-0.899348
2.13176,1.4204,-0.899003
2.14044,1.40729,-0.899003
2.14903,1.39413,-0.899003
2.15676,1.38041,-0.898658
2.15646,1.36163,-0.894865
2.15999,1.3454,-0.892796
2.16581,1.33064,-0.891762
2.16912,1.31441,-0.889693
0,0,0
1.10981,0.653363,-0.4311
1.1211,0.650789,-0.434203
1.12507,0.643898,-0.434203
1.13063,0.637906,-0.434893
1.13699,0.632327,-0.435927
0,0,0
1.16282,0.628158,-0.443513
1.1592,0.617035,-0.44041
0,0,0
1.17085,0.604922,-0.442134
0,0,0
0,0,0
1.17085,0.577857,-0.437651
0,0,0
1.17278,0.561011,-0.435583
0,0,0
1.16936,0.541832,-0.431445
1.15814,0.528014,-0.425583
0,0,0
1.16282,0.513003,-0.424894
0,0,0
0,0,0
0,0,0
0,0,0
0,0,0
2.36054,0.940434,-0.891417
2.37501,0.929356,-0.894865
2.37804,0.913755,-0.893831
2.37394,0.895498,-0.890038
2.38115,0.881567,-0.890727
2.37858,0.864052,-0.887624
2.38118,0.848495,-0.88659
2.38014,0.831698,-0.884176
2.37543,0.813727,-0.880383
2.37771,0.798239,-0.879349
2.38256,0.783635,-0.879349
2.38375,0.767848,-0.87797
2.39737,0.756034,-0.881418
2.41004,0.743805,-0.884521
2.41905,0.730362,-0.886245
2.43068,0.717635,-0.889003
2.44406,0.705314,-0.892451
2.45466,0.69209,-0.894865
2.45615,0.676267,-0.893831
0,0,0
1.08883,0.284803,-0.371448
1.09601,0.279514,-0.373517
0,0,0
0,0,0
2.43553,0.575031,-0.87728
2.44084,0.560497,-0.87797
2.44332,0.545305,-0.877625
2.44754,0.530502,-0.87797
2.45442,0.516249,-0.879349
2.45754,0.501179,-0.879349
1.12542,0.221693,-0.379379
1.12307,0.214077,-0.378
1.11421,0.2053,-0.374207
1.10621,0.196806,-0.370759
1.09445,0.187779,-0.365932
1.06965,0.176748,-0.356277
1.0392,0.165138,-0.344554
0.990097,0.151056,-0.325934
0.966861,0.141418,-0.316969
0.941686,0.131808,-0.307314
0.908058,0.121383,-0.294557
0.904131,0.115209,-0.292833
0.894572,0.108404,-0.28904
0.892423,0.102588,-0.288005
0.890237,0.0968024,-0.286971
0.882411,0.0904657,-0.283868
0.882015,0.0849584,-0.283523
0.886259,0.0798868,-0.284902
0.883927,0.0742081,-0.283868
0.881558,0.068561,-0.282833
0.884771,0.0633554,-0.283868
0.886079,0.0579878,-0.284212
0.884545,0.0524363,-0.283523
0.885787,0.0470589,-0.283868
0.880434,0.0413513,-0.281799
0.886298,0.0361854,-0.283868
0.888379,0.030814,-0.284557
0.887613,0.0253344,-0.284212
0.891506,0.0199766,-0.285592
0.897243,0.0146049,-0.28766
0.892622,0.00904566,-0.285936
0.892661,0.00356846,-0.285936
0.891728,-0.00190807,-0.285592
0.892638,-0.00738613,-0.285936
0.890698,-0.0128385,-0.285247
0.886849,-0.0182312,-0.283868
0.883905,-0.0236009,-0.282833
0.881867,-0.0289648,-0.282144
0.877921,-0.0342339,-0.280764
0.878632,-0.0396612,-0.281109
0.87931,-0.0450985,-0.281454
0.877142,-0.0503878,-0.280764
0.879627,-0.0559439,-0.281799
0.875521,-0.0610838,-0.280419
0.880746,-0.0668738,-0.282488
0.878448,-0.0721255,-0.281799
0.877989,-0.0775142,-0.281799
0.874693,-0.0826388,-0.280764
0.868565,-0.0874474,-0.278695
0.874547,-0.0934649,-0.281109
0.884218,-0.0999761,-0.284902
0.895707,-0.106829,-0.289384
0.952788,-0.119497,-0.310762
0.970653,-0.127769,-0.317659
1.02937,-0.141858,-0.339726
1.03592,-0.149234,-0.342485
1.09347,-0.164314,-0.364208
1.11192,-0.174049,-0.371448
1.11639,-0.181768,-0.373517
1.13469,-0.191882,-0.380758
1.13257,-0.198679,-0.380413
1.06944,-0.19444,-0.357311
0,0,0
2.45397,-0.475827,-0.876246
2.45837,-0.492347,-0.879004
2.45254,-0.506853,-0.87797
2.44112,-0.520136,-0.874866
2.43147,-0.533698,-0.872453
2.41991,-0.54675,-0.869349
2.41285,-0.560739,-0.86797
2.41758,-0.577493,-0.871073
0,0,0
1.19955,-0.302741,-0.41248
0,0,0
0,0,0
0,0,0
0,0,0
2.405,-0.684874,-0.87659
2.39805,-0.698831,-0.875556
2.40091,-0.715674,-0.878314
2.3839,-0.726566,-0.873487
2.3794,-0.74118,-0.873487
2.36765,-0.753492,-0.870729
2.35673,-0.765977,-0.868315
2.34664,-0.778652,-0.866246
2.33471,-0.790631,-0.863488
2.32626,-0.803717,-0.862108
2.32837,-0.820468,-0.864867
2.31446,-0.83157,-0.861419
2.32165,-0.850269,-0.866246
2.31639,-0.864498,-0.866246
2.28647,-0.869366,-0.856592
0,0,0
1.28258,-0.506305,-0.464546
0,0,0
1.22934,-0.502856,-0.445927
0,0,0
0,0,0
1.17934,-0.507983,-0.429721
0,0,0
1.14643,-0.510602,-0.419032
1.14584,-0.518786,-0.420066
0,0,0
1.14619,-0.535983,-0.422825
0,0,0
1.15983,-0.559783,-0.4311
1.16227,-0.569776,-0.433514
1.168,-0.58149,-0.437307
1.15771,-0.585264,-0.434548
0,0,0
1.14794,-0.598128,-0.433514
1.15338,-0.609979,-0.437307
1.12562,-0.604192,-0.427307
1.11612,-0.60795,-0.424894
1.1099,-0.613427,-0.423859
1.10612,-0.620225,-0.423859
1.10392,-0.627927,-0.424549
0,0,0
1.09532,-0.640953,-0.424204
1.08329,-0.642879,-0.420756
2.13673,-1.28452,-0.873832
2.11357,-1.28833,-0.867281
2.10483,-1.30078,-0.866936
2.08964,-1.30919,-0.863833
2.08157,-1.32199,-0.863833
2.075,-1.33575,-0.864522
2.06362,-1.3464,-0.863143
2.05532,-1.35904,-0.863143
2.05396,-1.37633,-0.866246
2.04315,-1.38732,-0.865212
2.04156,-1.40462,-0.868315
2.03444,-1.41819,-0.869005
2.02724,-1.43173,-0.869694
2.01765,-1.4436,-0.869349
2.01408,-1.4598,-0.871763
2.00811,-1.47435,-0.873142
2.00129,-1.48833,-0.874177
1.99662,-1.50397,-0.876246
1.98436,-1.51391,-0.874866
1.97355,-1.52491,-0.874177
1.97525,-1.54566,-0.879349
1.96058,-1.55368,-0.876935
1.94954,-1.5645,-0.876246
1.95229,-1.58649,-0.882107
1.93455,-1.59189,-0.878314
1.92186,-1.60132,-0.876935
1.92348,-1.62277,-0.882452
1.9042,-1.62662,-0.87797
1.89135,-1.63581,-0.87659
1.88339,-1.64924,-0.877625
1.87324,-1.66077,-0.877625
1.85812,-1.66784,-0.875211
1.84021,-1.67227,-0.871418
1.82715,-1.68099,-0.870039
1.81405,-1.68961,-0.86866
1.79818,-1.69556,-0.865901
1.79182,-1.71045,-0.86797
1.78399,-1.72402,-0.869349
1.78009,-1.7415,-0.872797
1.78005,-1.76295,-0.878314
1.76456,-1.76919,-0.875901
1.76158,-1.788,-0.880038
1.75516,-1.80349,-0.882452
1.74536,-1.81557,-0.883142
1.73095,-1.82285,-0.881418
1.71331,-1.82659,-0.87797
1.69314,-1.82743,-0.873142
1.67872,-1.83433,-0.871418
1.66492,-1.84181,-0.870039
1.6442,-1.84149,-0.864867
1.63101,-1.84943,-0.863833
1.61963,-1.85941,-0.863833
1.60941,-1.87073,-0.864522
1.59669,-1.87914,-0.863833
1.58875,-1.89322,-0.865901
1.5771,-1.90293,-0.865901
1.56897,-1.91693,-0.86797
1.55777,-1.92725,-0.868315
1.54533,-1.93604,-0.86797
1.53342,-1.94548,-0.86797
1.52607,-1.96078,-0.870729
1.50943,-1.96415,-0.86797
1.49564,-1.97113,-0.866936
1.48352,-1.98027,-0.866936
1.46743,-1.98406,-0.864522
1.458,-1.99681,-0.866246
1.43913,-1.99659,-0.862108
1.43121,-2.0115,-0.864867
1.41992,-2.02178,-0.865557
1.40374,-2.02505,-0.863143
1.39076,-2.03285,-0.862798
1.37826,-2.04135,-0.862798
1.36467,-2.04821,-0.862108
1.35053,-2.05419,-0.861074
1.34301,-2.07031,-0.864522
1.33129,-2.08009,-0.865212
1.32452,-2.09774,-0.869349
1.30467,-2.09468,-0.864522
0,0,0
1.28471,-2.12016,-0.86866
0.926645,-1.55124,-0.621778
0.890878,-1.51243,-0.602814
0.886301,-1.52598,-0.606262
0.876454,-1.53058,-0.605917
0.902156,-1.59803,-0.632122
1.18615,-2.13075,-0.853833
1.183,-2.15609,-0.861419
1.17154,-2.16661,-0.862798
1.16264,-2.18204,-0.866246
1.15403,-2.19828,-0.870039
1.14095,-2.20615,-0.870384
1.12825,-2.21478,-0.871073
1.11548,-2.22334,-0.871763
1.10348,-2.23351,-0.873142
1.08852,-2.2377,-0.872108
1.07355,-2.2418,-0.871073
1.05978,-2.24835,-0.871073
1.04399,-2.25055,-0.869349
1.02782,-2.25179,-0.867281
1.01359,-2.2572,-0.866936
0.997448,-2.25823,-0.864867
0.983573,-2.2643,-0.864867
0.97409,-2.28065,-0.869005
0.953893,-2.27188,-0.863143
0.941011,-2.28029,-0.864177
0.926648,-2.28515,-0.863833
0.912262,-2.28992,-0.863488
0.896481,-2.29111,-0.861764
0.879373,-2.28868,-0.85866
0.861996,-2.28525,-0.855212
0.852853,-2.3037,-0.860384
0,0,0
0,0,0
0,0,0
0,0,0
0,0,0
0,0,0
0,0,0
0,0,0
0,0,0
0,0,0
0,0,0
0,0,0
0,0,0
0,0,0
0,0,0
0,0,0
0,0,0
0,0,0
0,0,0
0,0,0
0,0,0
0,0,0
0,0,0
0,0,0
0,0,0
0,0,0
0,0,0
0,0,0
0,0,0
0,0,0
0,0,0
0,0,0
0,0,0
0,0,0
0,0,0
0,0,0
0,0,0
0,0,0
0,0,0
0,0,0
0,0,0
0,0,0
0,0,0
0,0,0
0,0,0
0,0,0
0,0,0
0,0,0
0,0,0
0,0,0
0,0,0
0,0,0
0,0,0
0,0,0
0,0,0
0,0,0
0,0,0
0,0,0
0,0,0
0,0,0
0,0,0
0,0,0
0,0,0
0,0,0
0,0,0
0,0,0
0,0,0
0,0,0
0,0,0
0,0,0
0,0,0
0,0,0
0,0,0
0,0,0
0,0,0
0,0,0
0,0,0
0,0,0
0,0,0
0,0,0
0,0,0
0,0,0
0,0,0
0,0,0
0,0,0
0,0,0
0,0,0
0,0,0
0,0,0
0,0,0
0,0,0
0,0,0
0,0,0
0,0,0
0,0,0
0,0,0
0,0,0
0,0,0
0,0,0
0,0,0
0,0,0
0,0,0
0,0,0
0,0,0
0,0,0
0,0,0
0,0,0
0,0,0
0,0,0
0,0,0
0,0,0
0,0,0
0,0,0
0,0,0
0,0,0
0,0,0
0,0,0
0,0,0
0,0,0
0,0,0
0,0,0
0,0,0
0,0,0
0,0,0
0,0,0
0,0,0
0,0,0
0,0,0
0,0,0
0,0,0
0,0,0
0,0,0
0,0,0
0,0,0
0,0,0
0,0,0
0,0,0
0,0,0
0,0,0
0,0,0
0,0,0
0,0,0
0,0,0
0,0,0
0,0,0
0,0,0
0,0,0
0,0,0
0,0,0
0,0,0
0,0,0
0,0,0
0,0,0
0,0,0
0,0,0
0,0,0
0,0,0
0,0,0
0,0,0
0,0,0
0,0,0
0,0,0
0,0,0
0,0,0
0,0,0
0,0,0
0,0,0
0,0,0
0,0,0
0,0,0
0,0,0
0,0,0
0,0,0
0,0,0
0,0,0
0,0,0
0,0,0
0,0,0
0,0,0
0,0,0
0,0,0
0,0,0
0,0,0
0,0,0
0,0,0
0,0,0
0,0,0
0,0,0
0,0,0
0,0,0
0,0,0
0,0,0
0,0,0
0,0,0
0,0,0
0,0,0
0,0,0
0,0,0
0,0,0
0,0,0
0,0,0
0,0,0
0,0,0
0,0,0
0,0,0
0,0,0
0,0,0
0,0,0
0,0,0
0,0,0
0,0,0
0,0,0
0,0,0
0,0,0
0,0,0
0,0,0
0,0,0
0,0,0
0,0,0
0,0,0
0,0,0
0,0,0
0,0,0
0,0,0
0,0,0
0,0,0
0,0,0
0,0,0
0,0,0
0,0,0
0,0,0
0,0,0
0,0,0
0,0,0
0,0,0
0,0,0
0,0,0
0,0,0
0,0,0
0,0,0
0,0,0
0,0,0
0,0,0
0,0,0
0,0,0
0,0,0
0,0,0
0,0,0
0,0,0
0,0,0
0,0,0
0,0,0
0,0,0
0,0,0
0,0,0
0,0,0
0,0,0
0,0,0
0,0,0
0,0,0
0,0,0
0,0,0
0,0,0
0,0,0
0,0,0
0,0,0
0,0,0
0,0,0
0,0,0
0,0,0
0,0,0
0,0,0
0,0,0
0,0,0
0,0,0
0,0,0
0,0,0
0,0,0
0,0,0
0,0,0
0,0,0
0,0,0
0,0,0
0,0,0
0,0,0
0,0,0
0,0,0
0,0,0
0,0,0
0,0,0
0,0,0
0,0,0
0,0,0
0,0,0
0,0,0
0,0,0
0,0,0
0,0,0
0,0,0
0,0,0
0,0,0
0,0,0
0,0,0
0,0,0
0,0,0
0,0,0
0,0,0
0,0,0
0,0,0
0,0,0
0,0,0
0,0,0
0,0,0
0,0,0
0,0,0
0,0,0
0,0,0
0,0,0
0,0,0
0,0,0
0,0,0
0,0,0
0,0,0
0,0,0
0,0,0
0,0,0
0,0,0
0,0,0
0,0,0
0,0,0
0,0,0
0,0,0
0,0,0
0,0,0
0,0,0
0,0,0
0,0,0
0,0,0
0,0,0
0,0,0
0,0,0
0,0,0
0,0,0
0,0,0
0,0,0
0,0,0
0,0,0
0,0,0
0,0,0
0,0,0
0,0,0
0,0,0
0,0,0
0,0,0
0,0,0
0,0,0
0,0,0
0,0,0
0,0,0
0,0,0
0,0,0
0,0,0
0,0,0
0,0,0
0,0,0
0,0,0
0,0,0
0,0,0
0,0,0
0,0,0
0,0,0
0,0,0
0,0,0
0,0,0
0,0,0
0,0,0
0,0,0
0,0,0
0,0,0
0,0,0
0,0,0
0,0,0
0,0,0
0,0,0
0,0,0
0,0,0
0,0,0
0,0,0
0,0,0
0,0,0
0,0,0
0,0,0
0,0,0
0,0,0
0,0,0
0,0,0
0,0,0
0,0,0
0,0,0
0,0,0
0,0,0
0,0,0
0,0,0
0,0,0
0,0,0
0,0,0
0,0,0
0,0,0
0,0,0
0,0,0
0,0,0
0,0,0
0,0,0
0,0,0
0,0,0
0,0,0
0,0,0
0,0,0
0,0,0
0,0,0
0,0,0
0,0,0
0,0,0
0,0,0
0,0,0
0,0,0
0,0,0
0,0,0
0,0,0
0,0,0
0,0,0
0,0,0
0,0,0
0,0,0
0,0,0
0,0,0
0,0,0
0,0,0
0,0,0
0,0,0
0,0,0
0,0,0
0,0,0
0,0,0
0,0,0
0,0,0
0,0,0
0,0,0
0,0,0
0,0,0
0,0,0
0,0,0
0,0,0
0,0,0
0,0,0
0,0,0
0,0,0
0,0,0
0,0,0
0,0,0
0,0,0
0,0,0
0,0,0
0,0,0
0,0,0
0,0,0
0,0,0
0,0,0
0,0,0
0,0,0
0,0,0
0,0,0
0,0,0
0,0,0
0,0,0
0,0,0
0,0,0
0,0,0
0,0,0
0,0,0
0,0,0
0,0,0
0,0,0
0,0,0
0,0,0
0,0,0
0,0,0
0,0,0
0,0,0
0,0,0
0,0,0
0,0,0
0,0,0
0,0,0
0,0,0
0,0,0
0,0,0
0,0,0
0,0,0
0,0,0
0,0,0
0,0,0
0,0,0
0,0,0
0,0,0
0,0,0
0,0,0
0,0,0
0,0,0
0,0,0
0,0,0
0,0,0
0,0,0
0,0,0
0,0,0
0,0,0
0,0,0
0,0,0
0,0,0
0,0,0
0,0,0
0,0,0
0,0,0
0,0,0
0,0,0
0,0,0
0,0,0
0,0,0
0,0,0
0,0,0
0,0,0
0,0,0
0,0,0
0,0,0
0,0,0
0,0,0
0,0,0
0,0,0
0,0,0
0,0,0
0,0,0
0,0,0
0,0,0
0,0,0
0,0,0
0,0,0
0,0,0
0,0,0
0,0,0
0,0,0
0,0,0
0,0,0
0,0,0
0,0,0
0,0,0
0,0,0
0,0,0
0,0,0
0,0,0
0,0,0
0,0,0
0,0,0
0,0,0
0,0,0
0,0,0
0,0,0
0,0,0
0,0,0
0,0,0
0,0,0
0,0,0
0,0,0
0,0,0
0,0,0
0,0,0
0,0,0
0,0,0
0,0,0
0,0,0
0,0,0
0,0,0
0,0,0
0,0,0
0,0,0
0,0,0
0,0,0
0,0,0
0,0,0
0,0,0
0,0,0
0,0,0
0,0,0
0,0,0
0,0,0
0,0,0
0,0,0
0,0,0
0,0,0
0,0,0
0,0,0
0,0,0
0,0,0
0,0,0
0,0,0
0,0,0
0.797982,2.40782,-0.920377
0,0,0
0,0,0
0.848067,2.40948,-0.927118
0,0,0
0.878535,2.40152,-0.928183
0.877571,2.35404,-0.911153
0.891667,2.34774,-0.910798
0.906055,2.34222,-0.910798
0.919724,2.33488,-0.910089
0.934033,2.32919,-0.910089
0.946894,2.31995,-0.90867
0.959676,2.31065,-0.90725
0.987669,2.33744,-0.920732
1.00236,2.33219,-0.921087
1.0174,2.32771,-0.921797
1.03053,2.31886,-0.920732
1.04628,2.31591,-0.922151
1.05734,2.30264,-0.919313
0,0,0
1.08472,2.28781,-0.918603
1.0959,2.27521,-0.91612
1.10696,2.26257,-0.913637
1.11666,2.24736,-0.910089
1.12959,2.2388,-0.909379
1.14458,2.23432,-0.910443
1.15827,2.22725,-0.910443
1.17191,2.22011,-0.910443
1.18684,2.21535,-0.911508
1.20309,2.21295,-0.913637
1.21619,2.20471,-0.913282
1.23015,2.19802,-0.913637
1.24362,2.19043,-0.913637
1.25563,2.18033,-0.912572
1.26852,2.17177,-0.912217
1.28039,2.16154,-0.911153
1.29363,2.15364,-0.911153
1.30536,2.14327,-0.910089
1.32242,2.14158,-0.912927
1.33454,2.13184,-0.912217
1.34509,2.11967,-0.910443
1.35756,2.11059,-0.910089
1.37049,2.10222,-0.910089
1.38182,2.09143,-0.909024
1.39618,2.08524,-0.910089
1.4037,2.0689,-0.906541
1.41743,2.06179,-0.90725
1.43112,2.05458,-0.90796
1.44802,2.05188,-0.910798
1.46221,2.04523,-0.911863
1.47309,2.03395,-0.910798
1.48554,2.02487,-0.910798
1.49682,2.01422,-0.910089
1.50746,2.00276,-0.909024
1.51859,1.99198,-0.908315
1.52678,1.97745,-0.905831
1.53428,1.96215,-0.902993
1.54397,1.94977,-0.901574
1.55415,1.93807,-0.90051
1.56601,1.9285,-0.90051
1.57722,1.91813,-0.900155
1.58836,1.9077,-0.8998
1.59883,1.89649,-0.899091
1.61287,1.88949,-0.90051
1.62626,1.88168,-0.901574
1.63716,1.87096,-0.901219
1.64861,1.86088,-0.901219
1.66062,1.85142,-0.901574
1.67007,1.83912,-0.90051
1.68259,1.83022,-0.901219
1.69506,1.82123,-0.901929
1.70171,1.80603,-0.899445
1.71534,1.79826,-0.900864
1.72375,1.78501,-0.899445
1.73271,1.7724,-0.898381
1.74552,1.76372,-0.899445
1.7583,1.75496,-0.90051
1.76703,1.74217,-0.899445
1.77568,1.72934,-0.898381
1.78491,1.71711,-0.897671
1.79067,1.70162,-0.895188
1.80448,1.6938,-0.896962
1.81141,1.67952,-0.895188
1.81962,1.66648,-0.894124
1.83397,1.65905,-0.896252
1.83993,1.64402,-0.894124
1.84998,1.6327,-0.894124
1.86279,1.62378,-0.895543
1.87201,1.61171,-0.895188
1.88471,1.60261,-0.896607
1.89522,1.59162,-0.896962
1.90423,1.57937,-0.896607
1.90738,1.56232,-0.893414
1.91257,1.54706,-0.891285
1.91983,1.53355,-0.890221
1.927,1.52,-0.889157
1.93555,1.50757,-0.888802
1.94773,1.49795,-0.890221
1.95763,1.48653,-0.890576
1.9742,1.4801,-0.894124
1.98775,1.4713,-0.896252
1.99976,1.46128,-0.897671
2.00717,1.44789,-0.896962
2.01221,1.43283,-0.895188
2.0202,1.41992,-0.894833
2.0258,1.40537,-0.893414
2.0313,1.3908,-0.891995
2.0367,1.37622,-0.890576
2.04355,1.36266,-0.889866
2.05265,1.35061,-0.890221
2.06012,1.33748,-0.889866
2.06435,1.32229,-0.888092
2.07637,1.31209,-0.889866
2.08201,1.29785,-0.888802
2.0509,1.26106,-0.871418
1.09919,0.666831,-0.445681
1.08882,0.651438,-0.439295
1.10165,0.649968,-0.443197
1.10804,0.644606,-0.444262
1.10143,0.631751,-0.43965
1.11017,0.62774,-0.441778
1.1091,0.618187,-0.43965
1.11042,0.61002,-0.438585
1.10674,0.599192,-0.435392
0,0,0
1.1049,0.580783,-0.43149
0,0,0
1.12527,0.573973,-0.437166
0,0,0
1.13056,0.559293,-0.436457
1.13985,0.555209,-0.43894
1.14155,0.547397,-0.438231
1.13389,0.535198,-0.433618
1.14564,0.532166,-0.437166
0,0,0
1.12906,0.507722,-0.427587
1.15353,0.510233,-0.436457
0,0,0
0,0,0
0,0,0
0,0,0
0,0,0
0,0,0
0,0,0
2.28984,0.880796,-0.888802
2.2882,0.864088,-0.885964
2.29521,0.850681,-0.886673
2.29863,0.835943,-0.885964
2.30107,0.820881,-0.884899
2.31313,0.809215,-0.887738
2.3154,0.794098,-0.886673
2.31757,0.778983,-0.885609
2.32763,0.766501,-0.887738
2.33585,0.753352,-0.889157
2.34221,0.739568,-0.889866
2.35028,0.726286,-0.891285
2.35469,0.711852,-0.891285
2.35722,0.69686,-0.890576
0,0,0
1.08695,0.307109,-0.386433
0,0,0
0,0,0
0,0,0
2.35682,0.603369,-0.880997
2.36683,0.590479,-0.88348
2.37495,0.577048,-0.885254
2.37935,0.56268,-0.885609
2.3855,0.548698,-0.886673
2.39703,0.535886,-0.889866
2.39662,0.520375,-0.888447
2.39702,0.505082,-0.887383
2.39824,0.48999,-0.886673
2.39753,0.47454,-0.885254
1.1093,0.212718,-0.386433
1.07289,0.198933,-0.371887
1.08697,0.194649,-0.376853
1.09367,0.188929,-0.378982
1.02379,0.170421,-0.351664
0.982352,0.157351,-0.335344
0.953727,0.146782,-0.323991
0.935185,0.138068,-0.316541
0.874912,0.123716,-0.293125
0.886773,0.119843,-0.297383
0.876364,0.11297,-0.293125
0.854768,0.104869,-0.284611
0.85168,0.099191,-0.283191
0.84205,0.0928412,-0.279289
0.849113,0.0883469,-0.281772
0.848709,0.0830446,-0.281417
0.846409,0.0775807,-0.280353
0.852459,0.0728609,-0.282482
0.853822,0.0677024,-0.282837
0.854221,0.0624622,-0.282837
0.862052,0.0577157,-0.285675
0.857723,0.0521437,-0.283901
0.857093,0.0468293,-0.283546
0.857365,0.0415694,-0.283546
0.854801,0.0361906,-0.282482
0.855942,0.0309783,-0.282837
0.857985,0.0257811,-0.283546
0.858127,0.0205161,-0.283546
0.865715,0.0153797,-0.286384
0.858314,0.009984,-0.283546
0.864903,0.00475017,-0.28603
0.863981,-0.000555827,-0.285675
0.863027,-0.00585033,-0.28532
0.853626,-0.0110205,-0.281772
0.854477,-0.0162763,-0.282127
0.855296,-0.021543,-0.282482
0.857951,-0.0268797,-0.283546
0.85777,-0.0321435,-0.283546
0.856622,-0.0373649,-0.283191
0.857311,-0.0426672,-0.283546
0.857033,-0.0479268,-0.283546
0.856723,-0.0531845,-0.283546
0.853582,-0.058248,-0.282482
0.841088,-0.0625768,-0.27787
0.84162,-0.067812,-0.278224
0.845845,-0.073381,-0.279998
0.853757,-0.0793523,-0.283191
0.854185,-0.0846821,-0.283546
0.859227,-0.090512,-0.285675
0.872593,-0.0973437,-0.290997
0.880336,-0.103684,-0.29419
0.899166,-0.111509,-0.30164
0.920715,-0.119932,-0.310155
0.974613,-0.133064,-0.331087
1.01265,-0.144608,-0.345988
1.03394,-0.154136,-0.354502
1.06623,-0.165657,-0.367274
1.07903,-0.174439,-0.372596
1.09731,-0.184316,-0.380046
1.1026,-0.192172,-0.38253
1.07564,-0.194271,-0.372596
2.38487,-0.446362,-0.878513
2.37933,-0.460453,-0.877449
2.37463,-0.474677,-0.876739
2.36801,-0.488482,-0.87532
2.3668,-0.503392,-0.87603
2.35818,-0.516704,-0.873901
2.35406,-0.530957,-0.873546
2.35986,-0.547506,-0.877094
2.34827,-0.560022,-0.873901
2.33934,-0.573085,-0.871772
2.33125,-0.586287,-0.869999
2.32127,-0.598944,-0.867515
0,0,0
0,0,0
0,0,0
0,0,0
0,0,0
0,0,0
2.29699,-0.699153,-0.868934
2.30783,-0.717958,-0.874965
2.3025,-0.731821,-0.874611
2.29085,-0.743625,-0.871772
2.2889,-0.75855,-0.872837
2.28243,-0.771981,-0.872127
2.27059,-0.78353,-0.869289
2.27455,-0.800553,-0.872837
2.26344,-0.812283,-0.870353
2.24349,-0.820693,-0.864322
0,0,0
0,0,0
1.27237,-0.491999,-0.475482
1.24062,-0.488485,-0.463775
1.18554,-0.4752,-0.442488
0,0,0
0,0,0
1.13095,-0.477647,-0.423685
1.12714,-0.484208,-0.42333
0,0,0
1.10317,-0.490027,-0.415879
0,0,0
1.10217,-0.505869,-0.418008
1.1126,-0.518951,-0.423685
1.09672,-0.519757,-0.418363
1.10446,-0.531753,-0.422975
1.1079,-0.541808,-0.425813
1.1012,-0.546931,-0.424394
1.10033,-0.554942,-0.425458
1.0994,-0.562962,-0.426523
1.08846,-0.565814,-0.42333
1.09489,-0.577721,-0.427587
1.08803,-0.582661,-0.426168
1.08033,-0.587093,-0.424394
1.0767,-0.593711,-0.424394
0,0,0
1.0669,-0.605494,-0.42333
1.06883,-0.615296,-0.425813
1.06181,-0.619955,-0.424394
1.05396,-0.624076,-0.42262
1.06214,-0.637754,-0.427942
0,0,0
2.03817,-1.25854,-0.866805
2.02883,-1.27003,-0.866096
2.02652,-1.28596,-0.868579
2.02253,-1.3009,-0.870353
2.0192,-1.31635,-0.872482
2.01655,-1.33233,-0.874965
2.01844,-1.35144,-0.879578
2.00933,-1.36327,-0.879223
2.00478,-1.37822,-0.880997
1.99705,-1.39103,-0.881351
1.98848,-1.40326,-0.881351
1.98059,-1.41598,-0.881706
1.96581,-1.42372,-0.878868
1.95779,-1.43631,-0.879223
1.94519,-1.4455,-0.877449
1.92657,-1.4501,-0.872837
1.91987,-1.4636,-0.873901
1.91085,-1.47535,-0.873901
1.89293,-1.48013,-0.869644
1.89041,-1.49694,-0.872837
1.87316,-1.50208,-0.868934
1.86754,-1.51649,-0.870708
1.85892,-1.52852,-0.871063
1.84663,-1.5375,-0.869644
1.8386,-1.55001,-0.870353
1.83189,-1.56369,-0.871772
1.82014,-1.57307,-0.870708
1.81397,-1.58728,-0.872482
1.8042,-1.59838,-0.872482
1.79366,-1.6088,-0.872127
1.78376,-1.61977,-0.872127
1.77172,-1.62879,-0.871063
1.75622,-1.63453,-0.868225
1.75092,-1.64977,-0.870708
1.74144,-1.66113,-0.871063
1.73525,-1.67568,-0.873192
1.73162,-1.69283,-0.876739
1.72054,-1.70277,-0.876385
1.71732,-1.72057,-0.880287
1.70936,-1.73374,-0.881706
1.69934,-1.74487,-0.882061
1.68925,-1.75593,-0.882416
1.67715,-1.76491,-0.881706
1.66757,-1.77653,-0.882416
1.65473,-1.78467,-0.881351
1.63996,-1.79065,-0.879223
1.62581,-1.79722,-0.877449
1.61537,-1.80786,-0.877804
1.60301,-1.81633,-0.877094
1.58815,-1.8219,-0.874965
1.57694,-1.83161,-0.874965
1.56144,-1.83627,-0.872482
1.54954,-1.8451,-0.872127
1.53819,-1.85457,-0.872127
1.52441,-1.86108,-0.870708
1.5112,-1.86822,-0.869644
1.50321,-1.88184,-0.871772
1.48932,-1.88809,-0.870353
1.4846,-1.90605,-0.874611
1.47174,-1.91364,-0.873901
1.46166,-1.92487,-0.874965
1.44814,-1.93155,-0.873901
1.43126,-1.93364,-0.870708
1.41937,-1.94238,-0.870708
1.40414,-1.94651,-0.868579
1.38783,-1.94899,-0.865741
1.37692,-1.959,-0.866451
1.36594,-1.96895,-0.86716
1.35595,-1.98038,-0.868579
1.34796,-1.99486,-0.871418
1.33414,-2.00076,-0.870353
1.32235,-2.00969,-0.870708
1.31203,-2.0209,-0.872127
1.29759,-2.02577,-0.870708
1.28363,-2.03132,-0.869644
1.27016,-2.03757,-0.868934
1.2542,-2.03975,-0.866451
1.24021,-2.04501,-0.865386
0.910512,-1.52215,-0.630876
0.891659,-1.5116,-0.623781
0.880487,-1.51381,-0.622362
0.871647,-1.51999,-0.622716
0.872423,-1.54322,-0.630522
0.979398,-1.75765,-0.721345
1.14631,-2.08736,-0.861484
1.13081,-2.08942,-0.859355
1.12413,-2.10787,-0.864322
1.11769,-2.12714,-0.869644
1.1072,-2.13894,-0.871772
1.09575,-2.14903,-0.873192
1.08212,-2.15488,-0.872837
1.06888,-2.16147,-0.872837
1.05437,-2.16547,-0.871772
1.03864,-2.16684,-0.869644
1.02293,-2.1681,-0.867515
1.00764,-2.17009,-0.865741
0.996249,-2.18049,-0.867515
0.982085,-2.18485,-0.866805
0.971306,-2.19683,-0.869289
0.957063,-2.20103,-0.868579
0.943907,-2.20772,-0.868934
0.932153,-2.21778,-0.870708
0.916387,-2.21827,-0.868579
0.902759,-2.22385,-0.868579
0.889442,-2.23022,-0.868934
0.876423,-2.23738,-0.869644
0.861336,-2.23922,-0.868225
0.849231,-2.24884,-0.869999
0.833468,-2.24875,-0.86787
0.824126,-2.26612,-0.872837
0.809264,-2.26849,-0.871772
0.795946,-2.27518,-0.872482
0.787731,-2.29682,-0.879223
0.771539,-2.29541,-0.876739
0,0,0
0,0,0
0,0,0
0,0,0
0,0,0
0,0,0
0,0,0
0,0,0
0,0,0
0,0,0
0,0,0
0,0,0
0,0,0
0,0,0
0,0,0
0,0,0
0,0,0
0,0,0
0,0,0
0,0,0
0,0,0
0,0,0
0,0,0
0,0,0
0,0,0
0,0,0
0,0,0
0,0,0
0,0,0
0,0,0
0,0,0
0,0,0
0,0,0
0,0,0
0,0,0
0,0,0
0,0,0
0,0,0
0,0,0
0,0,0
0,0,0
0,0,0
0,0,0
0,0,0
0,0,0
0,0,0
0,0,0
0,0,0
0,0,0
0,0,0
0,0,0
0,0,0
0,0,0
0,0,0
0,0,0
0,0,0
0,0,0
0,0,0
0,0,0
0,0,0
0,0,0
0,0,0
0,0,0
0,0,0
0,0,0
0,0,0
0,0,0
0,0,0
0,0,0
0,0,0
0,0,0
0,0,0
0,0,0
0,0,0
0,0,0
0,0,0
0,0,0
0,0,0
0,0,0
0,0,0
0,0,0
0,0,0
0,0,0
0,0,0
0,0,0
0,0,0
0,0,0
0,0,0
0,0,0
0,0,0
0,0,0
0,0,0
0,0,0
0,0,0
0,0,0
0,0,0
0,0,0
0,0,0
0,0,0
0,0,0
0,0,0
0,0,0
0,0,0
0,0,0
0,0,0
0,0,0
0,0,0
0,0,0
0,0,0
0,0,0
0,0,0
0,0,0
0,0,0
0,0,0
0,0,0
0,0,0
0,0,0
0,0,0
0,0,0
0,0,0
0,0,0
0,0,0
0,0,0
0,0,0
0,0,0
0,0,0
0,0,0
0,0,0
0,0,0
0,0,0
0,0,0
0,0,0
0,0,0
0,0,0
0,0,0
0,0,0
0,0,0
0,0,0
0,0,0
0,0,0
0,0,0
0,0,0
0,0,0
0,0,0
0,0,0
0,0,0
0,0,0
0,0,0
0,0,0
0,0,0
0,0,0
0,0,0
0,0,0
0,0,0
0,0,0
0,0,0
0,0,0
0,0,0
0,0,0
0,0,0
0,0,0
0,0,0
0,0,0
0,0,0
0,0,0
0,0,0
0,0,0
0,0,0
0,0,0
0,0,0
0,0,0
0,0,0
0,0,0
0,0,0
0,0,0
0,0,0
0,0,0
0,0,0
0,0,0
0,0,0
0,0,0
0,0,0
0,0,0
0,0,0
0,0,0
0,0,0
0,0,0
0,0,0
0,0,0
0,0,0
0,0,0
0,0,0
0,0,0
0,0,0
0,0,0
0,0,0
0,0,0
0,0,0
0,0,0
0,0,0
0,0,0
0,0,0
0,0,0
0,0,0
0,0,0
0,0,0
0,0,0
0,0,0
0,0,0
0,0,0
0,0,0
0,0,0
0,0,0
0,0,0
0,0,0
0,0,0
0,0,0
0,0,0
0,0,0
0,0,0
0,0,0
0,0,0
0,0,0
0,0,0
0,0,0
0,0,0
0,0,0
0,0,0
0,0,0
0,0,0
0,0,0
0,0,0
0,0,0
0,0,0
0,0,0
0,0,0
0,0,0
0,0,0
0,0,0
0,0,0
0,0,0
0,0,0
0,0,0
0,0,0
0,0,0
0,0,0
0,0,0
0,0,0
0,0,0
0,0,0
0,0,0
0,0,0
0,0,0
0,0,0
0,0,0
0,0,0
0,0,0
0,0,0
0,0,0
0,0,0
0,0,0
0,0,0
0,0,0
0,0,0
0,0,0
0,0,0
0,0,0
0,0,0
0,0,0
0,0,0
0,0,0
0,0,0
0,0,0
0,0,0
0,0,0
0,0,0
0,0,0
0,0,0
0,0,0
0,0,0
0,0,0
0,0,0
0,0,0
0,0,0
0,0,0
0,0,0
0,0,0
0,0,0
0,0,0
0,0,0
0,0,0
0,0,0
0,0,0
0,0,0
0,0,0
0,0,0
0,0,0
0,0,0
0,0,0
0,0,0
0,0,0
0,0,0
0,0,0
0,0,0
0,0,0
0,0,0
0,0,0
0,0,0
0,0,0
0,0,0
0,0,0
0,0,0
0,0,0
0,0,0
0,0,0
0,0,0
0,0,0
0,0,0
0,0,0
0,0,0
0,0,0
0,0,0
0,0,0
0,0,0
0,0,0
0,0,0
0,0,0
0,0,0
0,0,0
0,0,0
0,0,0
0,0,0
0,0,0
0,0,0
0,0,0
0,0,0
0,0,0
0,0,0
0,0,0
0,0,0
0,0,0
0,0,0
0,0,0
0,0,0
0,0,0
0,0,0
0,0,0
0,0,0
0,0,0
0,0,0
0,0,0
0,0,0
0,0,0
0,0,0
0,0,0
0,0,0
0,0,0
0,0,0
0,0,0
0,0,0
0,0,0
0,0,0
0,0,0
0,0,0
0,0,0
0,0,0
0,0,0
0,0,0
0,0,0
0,0,0
0,0,0
0,0,0
0,0,0
0,0,0
0,0,0
0,0,0
0,0,0
0,0,0
0,0,0
0,0,0
0,0,0
0,0,0
0,0,0
0,0,0
0,0,0
0,0,0
0,0,0
0,0,0
0,0,0
0,0,0
0,0,0
0,0,0
0,0,0
0,0,0
0,0,0
0,0,0
0,0,0
0,0,0
0,0,0
0,0,0
0,0,0
0,0,0
0,0,0
0,0,0
0,0,0
0,0,0
0,0,0
0,0,0
0,0,0
0,0,0
0,0,0
0,0,0
0,0,0
0,0,0
0,0,0
0,0,0
0,0,0
0,0,0
0,0,0
0,0,0
0,0,0
0,0,0
0,0,0
0,0,0
0,0,0
0,0,0
0,0,0
0,0,0
0,0,0
0,0,0
0,0,0
0,0,0
0,0,0
0,0,0
0,0,0
0,0,0
0,0,0
0,0,0
0,0,0
0,0,0
0,0,0
0,0,0
0,0,0
0,0,0
0,0,0
0,0,0
0,0,0
0,0,0
0,0,0
0,0,0
0,0,0
0,0,0
0,0,0
0,0,0
0,0,0
0,0,0
0,0,0
0,0,0
0,0,0
0,0,0
0,0,0
0,0,0
0,0,0
0,0,0
0,0,0
0,0,0
0,0,0
0,0,0
0,0,0
0,0,0
0,0,0
0,0,0
0,0,0
0,0,0
0,0,0
0,0,0
0,0,0
0,0,0
0,0,0
0,0,0
0,0,0
0,0,0
0,0,0
0,0,0
0,0,0
0,0,0
0,0,0
0,0,0
0,0,0
0,0,0
0,0,0
0,0,0
0,0,0
0,0,0
0,0,0
0,0,0
0,0,0
0,0,0
0,0,0
0,0,0
0,0,0
0,0,0
0,0,0
0,0,0
0,0,0
0,0,0
0,0,0
0,0,0
0,0,0
0,0,0
0,0,0
0,0,0
0,0,0
0,0,0
0,0,0
0,0,0
0,0,0
0,0,0
0,0,0
0,0,0
0,0,0
0,0,0
0,0,0
0,0,0
0,0,0
0,0,0
0,0,0
0,0,0
0,0,0
0,0,0
0,0,0
0,0,0
0,0,0
0,0,0
0,0,0
0,0,0
0,0,0
0,0,0
0,0,0
0,0,0
0,0,0
0,0,0
0,0,0
0,0,0
0,0,0
0,0,0
0,0,0
0,0,0
0,0,0
0,0,0
0,0,0
0,0,0
0,0,0
0,0,0
0,0,0
0,0,0
0,0,0
0,0,0
0,0,0
0,0,0
0,0,0
0,0,0
0,0,0
0,0,0
0,0,0
0,0,0
0,0,0
0,0,0
0,0,0
0,0,0
0,0,0
0,0,0
0,0,0
0,0,0
0,0,0
0,0,0
0,0,0
0,0,0
0,0,0
0,0,0
0,0,0
0,0,0
0,0,0
0,0,0
0,0,0
0,0,0
0,0,0
0,0,0
0,0,0
0,0,0
0,0,0
0,0,0
0,0,0
0,0,0
0,0,0
0,0,0
0,0,0
0,0,0
0,0,0
0,0,0
0,0,0
0,0,0
0,0,0
0,0,0
0,0,0
0,0,0
0,0,0
0,0,0
0,0,0
0,0,0
0,0,0
0,0,0
0,0,0
0,0,0
0,0,0
0,0,0
0,0,0
0,0,0
0,0,0
0,0,0
0,0,0
0,0,0
0,0,0
0,0,0
0,0,0
0,0,0
0,0,0
0,0,0
0,0,0
0,0,0
0.737494,2.31591,-0.909173
0.752553,2.314,-0.910267
0.771719,2.32436,-0.916464
0.786265,2.32047,-0.916829
0.804134,2.32616,-0.921204
0.826122,2.34314,-0.930317
0.838596,2.33277,-0.92813
0.856414,2.3372,-0.93214
0.872691,2.33714,-0.934327
0.887345,2.33261,-0.934692
0.887865,2.29151,-0.919745
0.900202,2.28169,-0.917923
0.913838,2.27526,-0.917558
0.926726,2.26702,-0.916464
0.939547,2.25872,-0.915371
0.957739,2.2632,-0.919745
0.96793,2.24873,-0.9161
0.988796,2.25896,-0.923026
1.00529,2.2588,-0.925578
1.01683,2.2475,-0.923391
1.03215,2.2446,-0.924849
1.04551,2.23739,-0.924485
1.05762,2.22756,-0.923026
1.07087,2.22019,-0.922662
1.07997,2.20438,-0.918652
1.08809,2.18687,-0.913913
1.10316,2.18348,-0.915371
1.11696,2.1775,-0.915735
1.12859,2.1673,-0.914277
1.13969,2.15622,-0.912454
1.15422,2.15164,-0.913548
1.17051,2.15025,-0.9161
1.18998,2.15444,-0.921204
1.20363,2.14791,-0.921568
1.21403,2.13563,-0.919381
1.22758,2.12894,-0.919745
1.24296,2.12539,-0.921568
1.25361,2.11372,-0.919745
1.26128,2.09721,-0.915735
1.26637,2.0767,-0.909903
1.27665,2.06493,-0.90808
1.29127,2.06022,-0.909538
1.2984,2.04361,-0.905528
1.30789,2.0309,-0.903341
1.31982,2.02206,-0.902976
1.33785,2.02247,-0.906986
1.35334,2.01887,-0.909173
1.36936,2.01592,-0.911725
1.37907,2.00364,-0.909903
1.39453,1.99973,-0.91209
1.40731,1.99189,-0.912454
1.42113,1.98549,-0.913548
1.42564,1.96618,-0.908444
1.43988,1.9604,-0.909903
1.45244,1.95227,-0.910267
1.46887,1.94927,-0.913184
1.48306,1.94319,-0.914642
1.4904,1.92815,-0.911725
1.50278,1.91971,-0.91209
1.50759,1.90169,-0.907715
1.51224,1.88369,-0.903341
1.52201,1.8722,-0.902247
1.52992,1.85851,-0.90006
1.53593,1.84265,-0.896779
1.54961,1.83604,-0.898237
1.5675,1.83429,-0.902247
1.58298,1.82957,-0.904799
1.5905,1.81561,-0.902611
1.60593,1.8107,-0.905163
1.61577,1.79943,-0.904434
1.62991,1.79292,-0.906257
1.63899,1.78083,-0.905163
1.64862,1.76938,-0.904434
1.6505,1.74974,-0.899331
1.65735,1.73554,-0.897143
1.66732,1.72467,-0.896779
1.66941,1.70575,-0.892039
1.68771,1.70342,-0.896414
1.70933,1.70421,-0.902611
1.70915,1.68323,-0.896779
1.72345,1.67661,-0.898966
1.73706,1.66923,-0.900789
1.73646,1.64828,-0.894956
1.74383,1.63504,-0.893498
1.75929,1.62938,-0.896414
1.75758,1.60786,-0.890217
1.77363,1.60267,-0.893498
1.78204,1.59052,-0.892769
1.78897,1.57709,-0.89131
1.80283,1.56975,-0.893498
1.81313,1.55927,-0.893862
1.82125,1.54691,-0.893133
1.83712,1.54109,-0.896414
1.85084,1.53336,-0.898601
1.85806,1.5202,-0.897508
1.86663,1.50819,-0.897143
1.88167,1.50135,-0.90006
1.88719,1.4869,-0.898237
1.89554,1.47472,-0.897872
1.90086,1.46022,-0.89605
1.90682,1.44628,-0.894591
1.91417,1.43343,-0.893862
1.92442,1.42277,-0.894591
1.93237,1.41038,-0.894227
1.93645,1.39523,-0.892039
1.94801,1.38548,-0.893498
1.9519,1.37029,-0.89131
1.95798,1.3567,-0.890217
1.97318,1.34939,-0.893498
1.98143,1.33726,-0.893498
1.99037,1.32559,-0.893862
2.0008,1.31489,-0.894956
2.01039,1.3036,-0.895685
2.02384,1.29476,-0.898237
2.03332,1.28331,-0.898966
0,0,0
0,0,0
1.10429,0.668239,-0.462962
0,0,0
0,0,0
0,0,0
1.05734,0.604814,-0.434527
1.06509,0.600606,-0.43635
1.06794,0.593606,-0.435985
1.05687,0.578975,-0.429423
1.06286,0.573809,-0.430517
0,0,0
0,0,0
1.06993,0.552436,-0.429059
0,0,0
1.05749,0.529655,-0.420674
1.06406,0.524807,-0.422132
1.07982,0.524382,-0.427601
0,0,0
0,0,0
0,0,0
0,0,0
0,0,0
0,0,0
0,0,0
0,0,0
0,0,0
0,0,0
0,0,0
0,0,0
0,0,0
0,0,0
2.22111,0.837329,-0.886936
2.21922,0.821096,-0.884019
2.22684,0.808418,-0.885113
2.23439,0.795678,-0.886207
2.2489,0.785335,-0.890217
2.25896,0.773333,-0.892404
2.26367,0.759458,-0.892404
2.27094,0.746427,-0.893498
2.28434,0.735337,-0.897143
2.29058,0.721867,-0.897872
0,0,0
0,0,0
0,0,0
0,0,0
0,0,0
2.28598,0.628902,-0.885842
2.29069,0.615106,-0.886207
2.30343,0.603403,-0.889852
2.30619,0.589027,-0.889488
2.31156,0.575316,-0.890217
2.31595,0.561342,-0.890581
2.32207,0.547764,-0.891675
2.32085,0.532462,-0.889852
2.32499,0.518414,-0.890217
2.32266,0.502954,-0.888029
2.32388,0.488309,-0.8873
2.32501,0.473668,-0.886571
1.06819,0.210169,-0.383854
1.08043,0.205712,-0.388229
1.05878,0.194841,-0.379115
1.03521,0.183916,-0.369272
0.987685,0.169173,-0.349951
0.923485,0.152273,-0.324068
0.929919,0.147486,-0.326255
0.87006,0.132449,-0.302195
0.842298,0.122902,-0.290894
0.830127,0.115911,-0.28579
0.824363,0.109944,-0.283238
0.827793,0.10524,-0.284332
0.826574,0.0999327,-0.283603
0.829947,0.0951812,-0.284696
0.822185,0.0891718,-0.281415
0.828274,0.0847013,-0.283603
0.827851,0.0795272,-0.283238
0.821832,0.0738536,-0.280686
0.829693,0.0694411,-0.283603
0.82639,0.0640559,-0.282144
0.821195,0.0585788,-0.279957
0.831759,0.0542193,-0.283967
0.833006,0.0491708,-0.284332
0.836081,0.04421,-0.285425
0.840057,0.039258,-0.286884
0.844004,0.0342589,-0.288342
0.840476,0.0289463,-0.286884
0.848084,0.0240095,-0.2898
0.841699,0.0186521,-0.287248
0.831556,0.0133091,-0.283238
0.827897,0.00816464,-0.28178
0.821414,0.00305129,-0.279228
0.813967,-0.00198123,-0.276312
0.823251,-0.00704228,-0.279957
0.818537,-0.0120316,-0.278134
0.818448,-0.0170538,-0.278134
0.821121,-0.0221468,-0.279228
0.824692,-0.0273028,-0.280686
0.818926,-0.0321511,-0.278499
0.829877,-0.0376666,-0.282874
0.83056,-0.0428046,-0.283238
0.834,-0.0481094,-0.284696
0.83369,-0.0532258,-0.284696
0.833347,-0.0583402,-0.284696
0.830188,-0.0632441,-0.283603
0.824215,-0.0678859,-0.281415
0.823783,-0.072942,-0.281415
0.819612,-0.0776491,-0.279957
0.820973,-0.0828611,-0.280686
0.821375,-0.0879948,-0.281051
0.829148,-0.0939653,-0.284332
0.846126,-0.101127,-0.291258
0.868592,-0.10919,-0.300372
0.930692,-0.122719,-0.325162
0.98989,-0.136634,-0.348857
0.99272,-0.143233,-0.350316
1.013,-0.152486,-0.3587
1.04333,-0.163569,-0.371095
1.07816,-0.175773,-0.385313
1.07614,-0.182231,-0.384948
1.09977,-0.193154,-0.394791
1.10681,-0.20139,-0.398072
1.08817,-0.204922,-0.391145
2.31192,-0.448768,-0.879645
2.29817,-0.460754,-0.87527
2.28983,-0.473718,-0.873083
0,0,0
2.28384,-0.501782,-0.873083
2.2889,-0.51763,-0.876364
2.28205,-0.530823,-0.874906
2.2561,-0.539413,-0.865792
2.26632,-0.556571,-0.87126
2.25564,-0.568648,-0.868344
2.24399,-0.580384,-0.865063
2.25479,-0.597953,-0.870896
2.24838,-0.611046,-0.869802
2.24728,-0.625578,-0.870896
2.26131,-0.644451,-0.878187
0,0,0
0,0,0
0,0,0
0,0,0
0,0,0
2.19178,-0.712868,-0.859959
2.20946,-0.733629,-0.869073
2.20315,-0.746575,-0.868344
2.19853,-0.760079,-0.868344
2.20524,-0.777575,-0.873083
2.19517,-0.789203,-0.870896
0,0,0
0,0,0
1.24537,-0.474321,-0.479367
0,0,0
1.1944,-0.471818,-0.46041
0,0,0
0,0,0
0,0,0
0,0,0
0,0,0
1.13271,-0.496438,-0.441818
0,0,0
1.10617,-0.501099,-0.433069
1.08954,-0.501658,-0.427236
1.08644,-0.508334,-0.427236
1.08666,-0.516587,-0.428694
1.08012,-0.521628,-0.427236
1.06937,-0.524562,-0.423955
1.06446,-0.530285,-0.423226
1.05038,-0.531353,-0.418487
0,0,0
0,0,0
1.03795,-0.549292,-0.417393
1.03538,-0.556091,-0.417758
1.0524,-0.573554,-0.426871
1.06436,-0.588547,-0.433798
1.0786,-0.605073,-0.441818
1.08458,-0.617198,-0.446193
0,0,0
0,0,0
1.09387,-0.649397,-0.455671
0,0,0
1.08741,-0.663741,-0.4564
0,0,0
1.97656,-1.23889,-0.870896
1.97678,-1.25598,-0.874541
1.9753,-1.27212,-0.877457
1.9581,-1.27811,-0.873083
0,0,0
1.94536,-1.30412,-0.874541
1.93116,-1.31185,-0.871625
1.93075,-1.32895,-0.87527
1.93172,-1.34716,-0.879645
1.92951,-1.36328,-0.882561
1.92792,-1.37997,-0.885842
1.933,-1.4016,-0.892404
1.91985,-1.41013,-0.890217
1.90294,-1.41578,-0.886207
1.89869,-1.43079,-0.888394
1.8721,-1.42886,-0.879645
1.85961,-1.43747,-0.877822
1.84929,-1.44771,-0.877093
1.82723,-1.44862,-0.870531
1.82557,-1.46563,-0.874176
1.82088,-1.48033,-0.876364
1.80817,-1.48852,-0.874541
1.799,-1.49958,-0.874541
1.78692,-1.50819,-0.873083
1.77338,-1.5155,-0.870896
1.76264,-1.52513,-0.870166
1.75395,-1.53653,-0.870531
1.7417,-1.5448,-0.869073
1.7315,-1.55483,-0.868708
1.72744,-1.57044,-0.871625
1.71777,-1.58101,-0.871625
1.71485,-1.59786,-0.87527
1.7084,-1.61155,-0.877093
1.69444,-1.61814,-0.874906
1.69922,-1.64274,-0.882926
1.69177,-1.65574,-0.884384
1.6829,-1.6674,-0.885113
1.67922,-1.68429,-0.888759
1.66558,-1.69124,-0.886936
1.65062,-1.69676,-0.884384
1.6376,-1.70417,-0.882926
1.61813,-1.70474,-0.877822
1.60637,-1.71327,-0.877093
1.60026,-1.72788,-0.879645
1.59025,-1.73835,-0.880009
1.58143,-1.75015,-0.881103
1.57749,-1.76746,-0.885113
1.5623,-1.77222,-0.882561
1.55323,-1.78388,-0.883655
1.53011,-1.77926,-0.876364
1.51614,-1.78507,-0.874541
1.49918,-1.7872,-0.870896
1.49353,-1.80282,-0.874176
1.47949,-1.80835,-0.872354
1.46778,-1.81667,-0.871989
1.45486,-1.82346,-0.870896
1.44538,-1.83454,-0.871989
1.43753,-1.84779,-0.874176
1.42389,-1.85362,-0.872718
1.41756,-1.869,-0.875999
1.40997,-1.88287,-0.878551
1.40172,-1.89598,-0.880738
1.3939,-1.90981,-0.88329
1.38597,-1.92361,-0.885842
1.36766,-1.92298,-0.881468
1.35477,-1.92981,-0.880738
1.33759,-1.93043,-0.877093
1.32414,-1.9363,-0.875999
1.31432,-1.94748,-0.877457
1.29925,-1.95085,-0.87527
1.28418,-1.95412,-0.873083
1.2813,-1.97602,-0.879645
1.26764,-1.9815,-0.878551
1.25397,-1.98688,-0.877457
1.2319,-1.97873,-0.870166
1.19925,-1.95293,-0.854855
0.950194,-1.5693,-0.67586
0.959185,-1.60627,-0.690078
0.883092,-1.49983,-0.639041
0.869192,-1.49717,-0.635395
0.85999,-1.50247,-0.635395
0.856252,-1.51745,-0.63977
1.11928,-2.01157,-0.858865
1.11588,-2.03473,-0.866156
1.11179,-2.0571,-0.873083
1.10353,-2.0721,-0.876728
1.09426,-2.08542,-0.879645
1.08401,-2.09706,-0.881832
1.07197,-2.10533,-0.882561
1.05945,-2.1127,-0.882926
1.04564,-2.11749,-0.882197
1.02774,-2.11382,-0.877822
1.01555,-2.12177,-0.878551
0.997746,-2.11785,-0.874176
0.974537,-2.10197,-0.864698
0.965491,-2.11638,-0.868344
0.948288,-2.11293,-0.864334
0.930788,-2.10848,-0.859959
0.926743,-2.13465,-0.868708
0.911797,-2.13602,-0.866885
0.898674,-2.14157,-0.866885
0.89227,-2.1634,-0.873812
0.88108,-2.17401,-0.875999
0.866,-2.17505,-0.874176
0.857731,-2.19333,-0.879645
0.84526,-2.20116,-0.880738
0,0,0
0.823361,-2.22533,-0.886571
0.807464,-2.22422,-0.884019
0,0,0
0.779186,-2.23132,-0.882926
0.764574,-2.23342,-0.881832
0,0,0
0,0,0
0,0,0
0,0,0
0,0,0
0,0,0
0,0,0
0,0,0
0,0,0
0,0,0
0,0,0
0,0,0
0,0,0
0,0,0
0,0,0
0,0,0
0,0,0
0,0,0
0,0,0
0,0,0
0,0,0
0,0,0
0,0,0
0,0,0
0,0,0
0,0,0
0,0,0
0,0,0
0,0,0
0,0,0
0,0,0
0,0,0
0,0,0
0,0,0
0,0,0
0,0,0
0,0,0
0,0,0
0,0,0
0,0,0
0,0,0
0,0,0
0,0,0
0,0,0
0,0,0
0,0,0
0,0,0
0,0,0
0,0,0
0,0,0
0,0,0
0,0,0
0,0,0
0,0,0
0,0,0
0,0,0
0,0,0
0,0,0
0,0,0
0,0,0
0,0,0
0,0,0
0,0,0
0,0,0
0,0,0
0,0,0
0,0,0
0,0,0
0,0,0
0,0,0
0,0,0
0,0,0
0,0,0
0,0,0
0,0,0
0,0,0
0,0,0
0,0,0
0,0,0
0,0,0
0,0,0
0,0,0
0,0,0
0,0,0
0,0,0
0,0,0
0,0,0
0,0,0
0,0,0
0,0,0
0,0,0
0,0,0
0,0,0
0,0,0
0,0,0
0,0,0
0,0,0
0,0,0
0,0,0
0,0,0
0,0,0
0,0,0
0,0,0
0,0,0
0,0,0
0,0,0
0,0,0
0,0,0
0,0,0
0,0,0
0,0,0
0,0,0
0,0,0
0,0,0
0,0,0
0,0,0
0,0,0
0,0,0
0,0,0
0,0,0
0,0,0
0,0,0
0,0,0
0,0,0
0,0,0
0,0,0
0,0,0
0,0,0
0,0,0
0,0,0
0,0,0
0,0,0
0,0,0
0,0,0
0,0,0
0,0,0
0,0,0
0,0,0
0,0,0
0,0,0
0,0,0
0,0,0
0,0,0
0,0,0
0,0,0
0,0,0
0,0,0
0,0,0
0,0,0
0,0,0
0,0,0
0,0,0
0,0,0
0,0,0
0,0,0
0,0,0
0,0,0
0,0,0
0,0,0
0,0,0
0,0,0
0,0,0
0,0,0
0,0,0
0,0,0
0,0,0
0,0,0
0,0,0
0,0,0
0,0,0
0,0,0
0,0,0
0,0,0
0,0,0
0,0,0
0,0,0
0,0,0
0,0,0
0,0,0
0,0,0
0,0,0
0,0,0
0,0,0
0,0,0
0,0,0
0,0,0
0,0,0
0,0,0
0,0,0
0,0,0
0,0,0
0,0,0
0,0,0
0,0,0
0,0,0
0,0,0
0,0,0
0,0,0
0,0,0
0,0,0
0,0,0
0,0,0
0,0,0
0,0,0
0,0,0
0,0,0
0,0,0
0,0,0
0,0,0
0,0,0
0,0,0
0,0,0
0,0,0
0,0,0
0,0,0
0,0,0
0,0,0
0,0,0
0,0,0
0,0,0
0,0,0
0,0,0
0,0,0
0,0,0
0,0,0
0,0,0
0,0,0
0,0,0
0,0,0
0,0,0
0,0,0
0,0,0
0,0,0
0,0,0
0,0,0
0,0,0
0,0,0
0,0,0
0,0,0
0,0,0
0,0,0
0,0,0
0,0,0
0,0,0
0,0,0
0,0,0
0,0,0
0,0,0
0,0,0
0,0,0
0,0,0
0,0,0
0,0,0
0,0,0
0,0,0
0,0,0
0,0,0
0,0,0
0,0,0
0,0,0
0,0,0
0,0,0
0,0,0
0,0,0
0,0,0
0,0,0
0,0,0
0,0,0
0,0,0
0,0,0
0,0,0
0,0,0
0,0,0
0,0,0
0,0,0
0,0,0
0,0,0
0,0,0
0,0,0
0,0,0
0,0,0
0,0,0
0,0,0
0,0,0
0,0,0
0,0,0
0,0,0
0,0,0
0,0,0
0,0,0
0,0,0
0,0,0
0,0,0
0,0,0
0,0,0
0,0,0
0,0,0
