x,y,z
0,0,0
0,0,0
0,0,0
0,0,0
0,0,0
0,0,0
0,0,0
0,0,0
0,0,0
0,0,0
0,0,0
0,0,0
0,0,0
0,0,0
0,0,0
0,0,0
0,0,0
0,0,0
0,0,0
0,0,0
0,0,0
0,0,0
0,0,0
0,0,0
0,0,0
0,0,0
0,0,0
0,0,0
0,0,0
0,0,0
0,0,0
0,0,0
0,0,0
0,0,0
0,0,0
0,0,0
0,0,0
0,0,0
0,0,0
0,0,0
0,0,0
0,0,0
0,0,0
0,0,0
0,0,0
0,0,0
0,0,0
0,0,0
0,0,0
0,0,0
0,0,0
0,0,0
0,0,0
0,0,0
0,0,0
0,0,0
0,0,0
0,0,0
0,0,0
0,0,0
0,0,0
0,0,0
0,0,0
0,0,0
0,0,0
0,0,0
0,0,0
0,0,0
0,0,0
0,0,0
0,0,0
0,0,0
0,0,0
0,0,0
0,0,0
0,0,0
0,0,0
0,0,0
0,0,0
0,0,0
0,0,0
0,0,0
0,0,0
0,0,0
0,0,0
0,0,0
0,0,0
0,0,0
0,0,0
0,0,0
0,0,0
0,0,0
0,0,0
0,0,0
0,0,0
0,0,0
0,0,0
0,0,0
0,0,0
0,0,0
0,0,0
0,0,0
0,0,0
0,0,0
0,0,0
0,0,0
0,0,0
0,0,0
0,0,0
0,0,0
0,0,0
0,0,0
0,0,0
0,0,0
0,0,0
0,0,0
0,0,0
0,0,0
0,0,0
0,0,0
0,0,0
0,0,0
0,0,0
0,0,0
0,0,0
0,0,0
0,0,0
0,0,0
0,0,0
0,0,0
0,0,0
0,0,0
0,0,0
0,0,0
0,0,0
0,0,0
0,0,0
0,0,0
0,0,0
0,0,0
0,0,0
0,0,0
0,0,0
0,0,0
0,0,0
0,0,0
0,0,0
0,0,0
0,0,0
0,0,0
0,0,0
0,0,0
0,0,0
0,0,0
0,0,0
0,0,0
0,0,0
0,0,0
0,0,0
0,0,0
0,0,0
0,0,0
0,0,0
0,0,0
0,0,0
0,0,0
0,0,0
0,0,0
0,0,0
0,0,0
0,0,0
0,0,0
0,0,0
0,0,0
0,0,0
0,0,0
0,0,0
0,0,0
0,0,0
0,0,0
0,0,0
0,0,0
0,0,0
0,0,0
0,0,0
0,0,0
0,0,0
0,0,0
0,0,0
0,0,0
0,0,0
0,0,0
0,0,0
0,0,0
0,0,0
0,0,0
0,0,0
0,0,0
0,0,0
0,0,0
0,0,0
0,0,0
0,0,0
0,0,0
0,0,0
0,0,0
0,0,0
0,0,0
0,0,0
0,0,0
0,0,0
0,0,0
0,0,0
0,0,0
0,0,0
0,0,0
0,0,0
0,0,0
0,0,0
0,0,0
0,0,0
0,0,0
0,0,0
0,0,0
0,0,0
0,0,0
0,0,0
0,0,0
0,0,0
0,0,0
0,0,0
0,0,0
0,0,0
0,0,0
0,0,0
0,0,0
0,0,0
0,0,0
0,0,0
0,0,0
0,0,0
0,0,0
0,0,0
0,0,0
0,0,0
0,0,0
0,0,0
0,0,0
0,0,0
0,0,0
0,0,0
0,0,0
0,0,0
0,0,0
0,0,0
0,0,0
0,0,0
0,0,0
0,0,0
0,0,0
0,0,0
0,0,0
0,0,0
0,0,0
0,0,0
0,0,0
0,0,0
0,0,0
0,0,0
0,0,0
0,0,0
0,0,0
0,0,0
0,0,0
0,0,0
0,0,0
0,0,0
0,0,0
0,0,0
0,0,0
0,0,0
0,0,0
0,0,0
0,0,0
0,0,0
0,0,0
0,0,0
0,0,0
0,0,0
0,0,0
0,0,0
0,0,0
0,0,0
0,0,0
0,0,0
0,0,0
0,0,0
0,0,0
0,0,0
0,0,0
0,0,0
0,0,0
0,0,0
0,0,0
0,0,0
0,0,0
0,0,0
0,0,0
0,0,0
0,0,0
0,0,0
0,0,0
0,0,0
0,0,0
0,0,0
0,0,0
0,0,0
0,0,0
0,0,0
0,0,0
0,0,0
0,0,0
0,0,0
0,0,0
0,0,0
0,0,0
0,0,0
0,0,0
0,0,0
0,0,0
0,0,0
0,0,0
0,0,0
0,0,0
0,0,0
0,0,0
0,0,0
0,0,0
0,0,0
0,0,0
0,0,0
0,0,0
0,0,0
0,0,0
0,0,0
0,0,0
0,0,0
0,0,0
0,0,0
0,0,0
0,0,0
0,0,0
0,0,0
0,0,0
0,0,0
0,0,0
0,0,0
0,0,0
0,0,0
0,0,0
0,0,0
0,0,0
0,0,0
0,0,0
0,0,0
0,0,0
0,0,0
0,0,0
0,0,0
0,0,0
0,0,0
0,0,0
0,0,0
0,0,0
0,0,0
0,0,0
0,0,0
0,0,0
0,0,0
0,0,0
0,0,0
0,0,0
0,0,0
0,0,0
0,0,0
0,0,0
0,0,0
0,0,0
0,0,0
0,0,0
0,0,0
0,0,0
0,0,0
0,0,0
0,0,0
0,0,0
0,0,0
0,0,0
0,0,0
0,0,0
0,0,0
0,0,0
0,0,0
0,0,0
0,0,0
0,0,0
0,0,0
0,0,0
0,0,0
0,0,0
0,0,0
0,0,0
0,0,0
0,0,0
0,0,0
0,0,0
0,0,0
0,0,0
0,0,0
0,0,0
0,0,0
0,0,0
0,0,0
0,0,0
0,0,0
0,0,0
0,0,0
0,0,0
0,0,0
0,0,0
0,0,0
0,0,0
0,0,0
0,0,0
0,0,0
0,0,0
0,0,0
0,0,0
0,0,0
0,0,0
0,0,0
0,0,0
0,0,0
0,0,0
0,0,0
0,0,0
0,0,0
0,0,0
0,0,0
0,0,0
0,0,0
0,0,0
0,0,0
0,0,0
0,0,0
0,0,0
0,0,0
0,0,0
0,0,0
0,0,0
0,0,0
0,0,0
0,0,0
0,0,0
0,0,0
0,0,0
0,0,0
0,0,0
0,0,0
0,0,0
0,0,0
0,0,0
0,0,0
0,0,0
0,0,0
0,0,0
0,0,0
0,0,0
0,0,0
0,0,0
0,0,0
0,0,0
0,0,0
0,0,0
0,0,0
0,0,0
0,0,0
0,0,0
0,0,0
0,0,0
0,0,0
0,0,0
0,0,0
0,0,0
0,0,0
0,0,0
0,0,0
0,0,0
0,0,0
0,0,0
0,0,0
0,0,0
0,0,0
0,0,0
0,0,0
0,0,0
0,0,0
0,0,0
0,0,0
0,0,0
0,0,0
0,0,0
0,0,0
0,0,0
0,0,0
0,0,0
0,0,0
0,0,0
0,0,0
0,0,0
0,0,0
0,0,0
0,0,0
0,0,0
0,0,0
0,0,0
0,0,0
0,0,0
0,0,0
0,0,0
0,0,0
0,0,0
0,0,0
0,0,0
0,0,0
0,0,0
0,0,0
0,0,0
0,0,0
0,0,0
0,0,0
0,0,0
0,0,0
0,0,0
0,0,0
0,0,0
0,0,0
0,0,0
0,0,0
0,0,0
0,0,0
0,0,0
0,0,0
0,0,0
0,0,0
0,0,0
0,0,0
0,0,0
0,0,0
0,0,0
0,0,0
0,0,0
0,0,0
0,0,0
0,0,0
0,0,0
0,0,0
0,0,0
0,0,0
0,0,0
0,0,0
0,0,0
0,0,0
0,0,0
0,0,0
0,0,0
0,0,0
0,0,0
0,0,0
0,0,0
0,0,0
0,0,0
0,0,0
0,0,0
0,0,0
0,0,0
0,0,0
0,0,0
0,0,0
0,0,0
0,0,0
0,0,0
0,0,0
0,0,0
0,0,0
0,0,0
0,0,0
0,0,0
0,0,0
0,0,0
0,0,0
0,0,0
0,0,0
0,0,0
0,0,0
0,0,0
0,0,0
0,0,0
0,0,0
0,0,0
0,0,0
0,0,0
0,0,0
0,0,0
0,0,0
0,0,0
0,0,0
0,0,0
0,0,0
0,0,0
0,0,0
0,0,0
0,0,0
0,0,0
0,0,0
0,0,0
0,0,0
0,0,0
0,0,0
0,0,0
0,0,0
0,0,0
0,0,0
0,0,0
0,0,0
0,0,0
0,0,0
0,0,0
0,0,0
0,0,0
0,0,0
0,0,0
0,0,0
0,0,0
0,0,0
0,0,0
0,0,0
0,0,0
0,0,0
0,0,0
0,0,0
0,0,0
0,0,0
0,0,0
0,0,0
0,0,0
0,0,0
0,0,0
0,0,0
0,0,0
0,0,0
0,0,0
0,0,0
0,0,0
0,0,0
0,0,0
0,0,0
0,0,0
0,0,0
0,0,0
0,0,0
0,0,0
0,0,0
0,0,0
0,0,0
0,0,0
0,0,0
0,0,0
0,0,0
0,0,0
0,0,0
0,0,0
0,0,0
0,0,0
0,0,0
0,0,0
0,0,0
8.06364,-15.7389,6.78668
7.88528,-15.6263,6.71744
7.78011,-15.656,6.70958
7.68472,-15.7051,6.7103
7.59145,-15.7587,6.71315
0,0,0
0,0,0
0,0,0
0,0,0
0,0,0
0,0,0
0,0,0
0,0,0
0,0,0
0,0,0
0,0,0
0,0,0
0,0,0
0,0,0
0,0,0
0,0,0
0,0,0
0,0,0
0,0,0
0,0,0
0,0,0
0,0,0
0,0,0
0,0,0
0,0,0
0,0,0
0,0,0
0,0,0
0,0,0
0,0,0
0,0,0
0,0,0
0,0,0
0,0,0
0,0,0
0,0,0
0,0,0
0,0,0
0,0,0
0,0,0
0,0,0
0,0,0
0,0,0
0,0,0
0,0,0
0,0,0
0,0,0
0,0,0
0,0,0
0,0,0
0,0,0
0,0,0
0,0,0
0,0,0
0,0,0
0,0,0
0,0,0
0,0,0
0,0,0
0,0,0
0,0,0
0,0,0
0,0,0
0,0,0
0,0,0
0,0,0
0,0,0
0,0,0
0,0,0
0,0,0
0,0,0
0,0,0
0,0,0
0,0,0
0,0,0
0,0,0
0,0,0
0,0,0
0,0,0
0,0,0
0,0,0
0,0,0
0,0,0
0,0,0
0,0,0
0,0,0
0,0,0
0,0,0
0,0,0
0,0,0
0,0,0
0,0,0
0,0,0
0,0,0
0,0,0
0,0,0
0,0,0
0,0,0
0,0,0
0,0,0
0,0,0
0,0,0
0,0,0
0,0,0
0,0,0
0,0,0
0,0,0
0,0,0
0,0,0
0,0,0
0,0,0
0,0,0
0,0,0
0,0,0
0,0,0
0,0,0
0,0,0
0,0,0
0,0,0
0,0,0
0,0,0
0,0,0
0,0,0
0,0,0
0,0,0
0,0,0
0,0,0
0,0,0
0,0,0
0,0,0
0,0,0
0,0,0
0,0,0
0,0,0
0,0,0
0,0,0
0,0,0
0,0,0
0,0,0
0,0,0
0,0,0
0,0,0
0,0,0
0,0,0
0,0,0
0,0,0
0,0,0
0,0,0
0,0,0
0,0,0
0,0,0
0,0,0
0,0,0
0,0,0
0,0,0
0,0,0
0,0,0
0,0,0
0,0,0
0,0,0
0,0,0
0,0,0
0,0,0
0,0,0
0,0,0
0,0,0
0,0,0
0,0,0
0,0,0
0,0,0
0,0,0
0,0,0
0,0,0
0,0,0
0,0,0
0,0,0
0,0,0
0,0,0
0,0,0
0,0,0
0,0,0
0,0,0
0,0,0
0,0,0
0,0,0
0,0,0
0,0,0
0,0,0
0,0,0
0,0,0
0,0,0
0,0,0
0,0,0
0,0,0
0,0,0
0,0,0
0,0,0
0,0,0
0,0,0
0,0,0
0,0,0
0,0,0
0,0,0
0,0,0
0,0,0
0,0,0
0,0,0
0,0,0
0,0,0
0,0,0
0,0,0
0,0,0
0,0,0
0,0,0
0,0,0
0,0,0
0,0,0
0,0,0
0,0,0
0,0,0
0,0,0
0,0,0
0,0,0
0,0,0
0,0,0
0,0,0
0,0,0
0,0,0
0,0,0
0,0,0
0,0,0
0,0,0
0,0,0
0,0,0
0,0,0
0,0,0
0,0,0
0,0,0
0,0,0
0,0,0
0,0,0
0,0,0
0,0,0
0,0,0
0,0,0
0,0,0
0,0,0
0,0,0
0,0,0
0,0,0
0,0,0
0,0,0
0,0,0
0,0,0
0,0,0
0,0,0
0,0,0
0,0,0
0,0,0
0,0,0
0,0,0
0,0,0
0,0,0
0,0,0
0,0,0
0,0,0
0,0,0
0,0,0
0,0,0
0,0,0
0,0,0
0,0,0
0,0,0
0,0,0
0,0,0
0,0,0
0,0,0
0,0,0
0,0,0
0,0,0
0,0,0
0,0,0
0,0,0
0,0,0
0,0,0
0,0,0
0,0,0
0,0,0
0,0,0
0,0,0
0,0,0
0,0,0
0,0,0
0,0,0
0,0,0
0,0,0
0,0,0
0,0,0
0,0,0
0,0,0
0,0,0
0,0,0
0,0,0
0,0,0
0,0,0
0,0,0
0,0,0
0,0,0
0,0,0
0,0,0
0,0,0
0,0,0
0,0,0
0,0,0
0,0,0
0,0,0
0,0,0
0,0,0
0,0,0
0,0,0
0,0,0
0,0,0
0,0,0
0,0,0
0,0,0
0,0,0
0,0,0
0,0,0
0,0,0
0,0,0
0,0,0
0,0,0
0,0,0
0,0,0
0,0,0
0,0,0
0,0,0
0,0,0
0,0,0
0,0,0
0,0,0
0,0,0
0,0,0
0,0,0
0,0,0
0,0,0
0,0,0
0,0,0
0,0,0
0,0,0
0,0,0
0,0,0
0,0,0
0,0,0
0,0,0
0,0,0
0,0,0
0,0,0
0,0,0
0,0,0
0,0,0
0,0,0
0,0,0
0,0,0
0,0,0
0,0,0
0,0,0
0,0,0
0,0,0
0,0,0
0,0,0
0,0,0
0,0,0
0,0,0
0,0,0
0,0,0
0,0,0
0,0,0
0,0,0
0,0,0
0,0,0
0,0,0
0,0,0
0,0,0
0,0,0
0,0,0
0,0,0
0,0,0
0,0,0
0,0,0
0,0,0
0,0,0
0,0,0
0,0,0
0,0,0
0,0,0
0,0,0
0,0,0
0,0,0
0,0,0
0,0,0
0,0,0
0,0,0
0,0,0
0,0,0
0,0,0
0,0,0
0,0,0
0,0,0
0,0,0
0,0,0
0,0,0
0,0,0
0,0,0
0,0,0
0,0,0
0,0,0
0,0,0
0,0,0
0,0,0
0,0,0
0,0,0
0,0,0
0,0,0
0,0,0
0,0,0
0,0,0
0,0,0
0,0,0
0,0,0
0,0,0
0,0,0
0,0,0
0,0,0
0,0,0
0,0,0
0,0,0
0,0,0
0,0,0
0,0,0
0,0,0
0,0,0
0,0,0
0,0,0
0,0,0
0,0,0
0,0,0
0,0,0
0,0,0
0,0,0
0,0,0
0,0,0
0,0,0
0,0,0
0,0,0
0,0,0
0,0,0
0,0,0
0,0,0
0,0,0
0,0,0
0,0,0
0,0,0
0,0,0
0,0,0
0,0,0
0,0,0
0,0,0
0,0,0
0,0,0
0,0,0
0,0,0
0,0,0
0,0,0
0,0,0
0,0,0
0,0,0
0,0,0
0,0,0
0,0,0
0,0,0
0,0,0
0,0,0
0,0,0
0,0,0
0,0,0
0,0,0
0,0,0
0,0,0
0,0,0
0,0,0
0,0,0
0,0,0
0,0,0
0,0,0
0,0,0
0,0,0
0,0,0
0,0,0
0,0,0
0,0,0
0,0,0
0,0,0
0,0,0
0,0,0
0,0,0
0,0,0
0,0,0
0,0,0
0,0,0
0,0,0
0,0,0
0,0,0
0,0,0
0,0,0
0,0,0
0,0,0
0,0,0
0,0,0
0,0,0
0,0,0
0,0,0
0,0,0
0,0,0
0,0,0
0,0,0
0,0,0
0,0,0
0,0,0
0,0,0
0,0,0
0,0,0
0,0,0
0,0,0
0,0,0
0,0,0
0,0,0
0,0,0
0,0,0
0,0,0
0,0,0
0,0,0
0,0,0
0,0,0
0,0,0
0,0,0
0,0,0
0,0,0
0,0,0
0,0,0
0,0,0
0,0,0
0,0,0
0,0,0
0,0,0
0,0,0
0,0,0
0,0,0
0,0,0
0,0,0
0,0,0
0,0,0
0,0,0
0,0,0
0,0,0
0,0,0
0,0,0
0,0,0
0,0,0
0,0,0
0,0,0
0,0,0
0,0,0
0,0,0
0,0,0
0,0,0
0,0,0
0,0,0
0,0,0
0,0,0
0,0,0
0,0,0
0,0,0
0,0,0
0,0,0
0,0,0
0,0,0
0,0,0
0,0,0
0,0,0
0,0,0
0,0,0
0,0,0
0,0,0
0,0,0
0,0,0
0,0,0
0,0,0
0,0,0
0,0,0
0,0,0
0,0,0
0,0,0
0,0,0
0,0,0
0,0,0
0,0,0
0,0,0
0,0,0
0,0,0
0,0,0
0,0,0
0,0,0
0,0,0
0,0,0
0,0,0
0,0,0
0,0,0
0,0,0
0,0,0
0,0,0
0,0,0
0,0,0
0,0,0
0,0,0
0,0,0
0,0,0
0,0,0
0,0,0
0,0,0
0,0,0
0,0,0
0,0,0
0,0,0
0,0,0
0,0,0
0,0,0
0,0,0
0,0,0
0,0,0
0,0,0
0,0,0
0,0,0
0,0,0
0,0,0
0,0,0
0,0,0
0,0,0
0,0,0
0,0,0
0,0,0
0,0,0
0,0,0
0,0,0
0,0,0
0,0,0
0,0,0
0,0,0
0,0,0
0,0,0
0,0,0
0,0,0
0,0,0
0,0,0
0,0,0
0,0,0
0,0,0
0,0,0
0,0,0
0,0,0
0,0,0
0,0,0
0,0,0
0,0,0
0,0,0
0,0,0
0,0,0
0,0,0
0,0,0
0,0,0
0,0,0
0,0,0
0,0,0
0,0,0
0,0,0
0,0,0
0,0,0
0,0,0
0,0,0
0,0,0
0,0,0
0,0,0
0,0,0
0,0,0
0,0,0
0,0,0
0,0,0
0,0,0
0,0,0
0,0,0
0,0,0
0,0,0
0,0,0
0,0,0
0,0,0
0,0,0
0,0,0
0,0,0
0,0,0
0,0,0
0,0,0
0,0,0
0,0,0
0,0,0
0,0,0
0,0,0
0,0,0
0,0,0
0,0,0
0,0,0
0,0,0
0,0,0
0,0,0
0,0,0
0,0,0
0,0,0
0,0,0
0,0,0
0,0,0
0,0,0
0,0,0
0,0,0
0,0,0
0,0,0
0,0,0
0,0,0
0,0,0
0,0,0
0,0,0
0,0,0
0,0,0
0,0,0
0,0,0
0,0,0
0,0,0
0,0,0
0,0,0
0,0,0
0,0,0
0,0,0
0,0,0
0,0,0
0,0,0
0,0,0
0,0,0
0,0,0
0,0,0
0,0,0
0,0,0
0,0,0
0,0,0
0,0,0
0,0,0
0,0,0
0,0,0
0,0,0
0,0,0
0,0,0
0,0,0
0,0,0
0,0,0
0,0,0
0,0,0
0,0,0
0,0,0
0,0,0
0,0,0
0,0,0
0,0,0
0,0,0
0,0,0
0,0,0
0,0,0
0,0,0
0,0,0
0,0,0
0,0,0
0,0,0
0,0,0
0,0,0
0,0,0
0,0,0
0,0,0
0,0,0
0,0,0
0,0,0
0,0,0
0,0,0
0,0,0
0,0,0
0,0,0
0,0,0
0,0,0
0,0,0
0,0,0
0,0,0
0,0,0
0,0,0
0,0,0
0,0,0
0,0,0
0,0,0
0,0,0
0,0,0
0,0,0
0,0,0
0,0,0
0,0,0
0,0,0
0,0,0
0,0,0
0,0,0
0,0,0
0,0,0
0,0,0
0,0,0
0,0,0
0,0,0
0,0,0
0,0,0
0,0,0
0,0,0
0,0,0
0,0,0
0,0,0
0,0,0
0,0,0
0,0,0
0,0,0
0,0,0
0,0,0
0,0,0
0,0,0
0,0,0
0,0,0
0,0,0
0,0,0
0,0,0
0,0,0
0,0,0
0,0,0
0,0,0
0,0,0
0,0,0
0,0,0
0,0,0
0,0,0
0,0,0
0,0,0
0,0,0
0,0,0
0,0,0
0,0,0
0,0,0
0,0,0
0,0,0
0,0,0
0,0,0
0,0,0
0,0,0
0,0,0
0,0,0
0,0,0
0,0,0
0,0,0
0,0,0
0,0,0
0,0,0
0,0,0
0,0,0
0,0,0
0,0,0
0,0,0
0,0,0
0,0,0
0,0,0
0,0,0
0,0,0
0,0,0
0,0,0
0,0,0
0,0,0
0,0,0
0,0,0
0,0,0
0,0,0
0,0,0
0,0,0
0,0,0
0,0,0
0,0,0
0,0,0
0,0,0
0,0,0
0,0,0
0,0,0
0,0,0
0,0,0
0,0,0
0,0,0
0,0,0
0,0,0
0,0,0
0,0,0
0,0,0
0,0,0
0,0,0
0,0,0
0,0,0
0,0,0
0,0,0
0,0,0
0,0,0
0,0,0
0,0,0
0,0,0
0,0,0
0,0,0
0,0,0
0,0,0
0,0,0
0,0,0
0,0,0
0,0,0
0,0,0
0,0,0
0,0,0
0,0,0
0,0,0
0,0,0
0,0,0
0,0,0
0,0,0
0,0,0
0,0,0
0,0,0
0,0,0
0,0,0
0,0,0
0,0,0
0,0,0
0,0,0
0,0,0
0,0,0
0,0,0
0,0,0
0,0,0
0,0,0
0,0,0
0,0,0
0,0,0
0,0,0
0,0,0
0,0,0
0,0,0
0,0,0
0,0,0
0,0,0
0,0,0
0,0,0
0,0,0
0,0,0
0,0,0
0,0,0
0,0,0
0,0,0
0,0,0
0,0,0
0,0,0
0,0,0
0,0,0
0,0,0
0,0,0
0,0,0
0,0,0
0,0,0
0,0,0
0,0,0
0,0,0
0,0,0
0,0,0
0,0,0
0,0,0
0,0,0
0,0,0
0,0,0
0,0,0
0,0,0
0,0,0
0,0,0
0,0,0
0,0,0
0,0,0
0,0,0
0,0,0
0,0,0
0,0,0
0,0,0
0,0,0
0,0,0
0,0,0
0,0,0
0,0,0
0,0,0
0,0,0
0,0,0
0,0,0
0,0,0
0,0,0
0,0,0
0,0,0
0,0,0
0,0,0
0,0,0
0,0,0
0,0,0
0,0,0
0,0,0
0,0,0
0,0,0
0,0,0
0,0,0
0,0,0
0,0,0
0,0,0
8.04659,-15.7057,6.54767
7.87864,-15.6132,6.48912
7.77601,-15.6478,6.48358
7.6815,-15.6986,6.48497
7.57567,-15.726,6.477
0,0,0
0,0,0
0,0,0
0,0,0
0,0,0
0,0,0
0,0,0
0,0,0
0,0,0
0,0,0
0,0,0
0,0,0
0,0,0
0,0,0
0,0,0
0,0,0
0,0,0
0,0,0
0,0,0
0,0,0
0,0,0
0,0,0
0,0,0
0,0,0
0,0,0
0,0,0
0,0,0
0,0,0
0,0,0
0,0,0
0,0,0
0,0,0
0,0,0
0,0,0
0,0,0
0,0,0
0,0,0
0,0,0
0,0,0
0,0,0
0,0,0
0,0,0
0,0,0
0,0,0
0,0,0
0,0,0
0,0,0
0,0,0
0,0,0
0,0,0
0,0,0
0,0,0
0,0,0
0,0,0
0,0,0
0,0,0
0,0,0
0,0,0
0,0,0
0,0,0
0,0,0
0,0,0
0,0,0
0,0,0
0,0,0
0,0,0
0,0,0
0,0,0
0,0,0
0,0,0
0,0,0
0,0,0
0,0,0
0,0,0
0,0,0
0,0,0
0,0,0
0,0,0
0,0,0
0,0,0
0,0,0
0,0,0
0,0,0
0,0,0
0,0,0
0,0,0
0,0,0
0,0,0
0,0,0
0,0,0
0,0,0
0,0,0
0,0,0
0,0,0
0,0,0
0,0,0
0,0,0
0,0,0
0,0,0
0,0,0
0,0,0
0,0,0
0,0,0
0,0,0
0,0,0
0,0,0
0,0,0
0,0,0
0,0,0
0,0,0
0,0,0
0,0,0
0,0,0
0,0,0
0,0,0
0,0,0
0,0,0
0,0,0
0,0,0
0,0,0
0,0,0
0,0,0
0,0,0
0,0,0
0,0,0
0,0,0
0,0,0
0,0,0
0,0,0
0,0,0
0,0,0
0,0,0
0,0,0
0,0,0
0,0,0
0,0,0
0,0,0
0,0,0
0,0,0
0,0,0
0,0,0
0,0,0
0,0,0
0,0,0
0,0,0
0,0,0
0,0,0
0,0,0
0,0,0
0,0,0
0,0,0
0,0,0
0,0,0
0,0,0
0,0,0
0,0,0
0,0,0
0,0,0
0,0,0
0,0,0
0,0,0
0,0,0
0,0,0
0,0,0
0,0,0
0,0,0
0,0,0
0,0,0
0,0,0
0,0,0
0,0,0
0,0,0
0,0,0
0,0,0
0,0,0
0,0,0
0,0,0
0,0,0
0,0,0
0,0,0
0,0,0
0,0,0
0,0,0
0,0,0
0,0,0
0,0,0
0,0,0
0,0,0
0,0,0
0,0,0
0,0,0
0,0,0
0,0,0
0,0,0
0,0,0
0,0,0
0,0,0
0,0,0
0,0,0
0,0,0
0,0,0
0,0,0
0,0,0
0,0,0
0,0,0
0,0,0
0,0,0
0,0,0
0,0,0
0,0,0
0,0,0
0,0,0
0,0,0
0,0,0
0,0,0
0,0,0
0,0,0
0,0,0
0,0,0
0,0,0
0,0,0
0,0,0
0,0,0
0,0,0
0,0,0
0,0,0
0,0,0
0,0,0
0,0,0
0,0,0
0,0,0
0,0,0
0,0,0
0,0,0
0,0,0
0,0,0
0,0,0
0,0,0
0,0,0
0,0,0
0,0,0
0,0,0
0,0,0
0,0,0
0,0,0
0,0,0
0,0,0
0,0,0
0,0,0
0,0,0
0,0,0
0,0,0
0,0,0
0,0,0
0,0,0
0,0,0
0,0,0
0,0,0
0,0,0
0,0,0
0,0,0
0,0,0
0,0,0
0,0,0
0,0,0
0,0,0
0,0,0
0,0,0
0,0,0
0,0,0
0,0,0
0,0,0
0,0,0
0,0,0
0,0,0
0,0,0
0,0,0
0,0,0
0,0,0
0,0,0
0,0,0
0,0,0
0,0,0
0,0,0
0,0,0
0,0,0
0,0,0
0,0,0
0,0,0
0,0,0
0,0,0
0,0,0
0,0,0
0,0,0
0,0,0
0,0,0
0,0,0
0,0,0
0,0,0
0,0,0
0,0,0
0,0,0
0,0,0
0,0,0
0,0,0
0,0,0
0,0,0
0,0,0
0,0,0
0,0,0
0,0,0
0,0,0
0,0,0
0,0,0
0,0,0
0,0,0
0,0,0
0,0,0
0,0,0
0,0,0
0,0,0
0,0,0
0,0,0
0,0,0
0,0,0
0,0,0
0,0,0
0,0,0
0,0,0
0,0,0
0,0,0
0,0,0
0,0,0
0,0,0
0,0,0
0,0,0
0,0,0
0,0,0
0,0,0
0,0,0
0,0,0
0,0,0
0,0,0
0,0,0
0,0,0
0,0,0
0,0,0
0,0,0
0,0,0
0,0,0
0,0,0
0,0,0
0,0,0
0,0,0
0,0,0
0,0,0
0,0,0
0,0,0
0,0,0
0,0,0
0,0,0
0,0,0
0,0,0
0,0,0
0,0,0
0,0,0
0,0,0
0,0,0
0,0,0
0,0,0
0,0,0
0,0,0
0,0,0
0,0,0
0,0,0
0,0,0
0,0,0
0,0,0
0,0,0
0,0,0
0,0,0
0,0,0
0,0,0
0,0,0
0,0,0
0,0,0
0,0,0
0,0,0
0,0,0
0,0,0
0,0,0
0,0,0
0,0,0
0,0,0
0,0,0
0,0,0
0,0,0
0,0,0
0,0,0
0,0,0
0,0,0
0,0,0
0,0,0
0,0,0
0,0,0
0,0,0
0,0,0
0,0,0
0,0,0
0,0,0
0,0,0
0,0,0
0,0,0
0,0,0
0,0,0
0,0,0
0,0,0
0,0,0
0,0,0
0,0,0
0,0,0
0,0,0
0,0,0
0,0,0
0,0,0
0,0,0
0,0,0
0,0,0
0,0,0
0,0,0
0,0,0
0,0,0
0,0,0
0,0,0
0,0,0
0,0,0
0,0,0
0,0,0
0,0,0
0,0,0
0,0,0
0,0,0
0,0,0
0,0,0
0,0,0
0,0,0
0,0,0
0,0,0
0,0,0
0,0,0
0,0,0
0,0,0
0,0,0
0,0,0
0,0,0
0,0,0
0,0,0
0,0,0
0,0,0
0,0,0
0,0,0
0,0,0
0,0,0
0,0,0
0,0,0
0,0,0
0,0,0
0,0,0
0,0,0
0,0,0
0,0,0
0,0,0
0,0,0
0,0,0
0,0,0
0,0,0
0,0,0
0,0,0
0,0,0
0,0,0
0,0,0
0,0,0
0,0,0
0,0,0
0,0,0
0,0,0
0,0,0
0,0,0
0,0,0
0,0,0
0,0,0
0,0,0
0,0,0
0,0,0
0,0,0
0,0,0
0,0,0
0,0,0
0,0,0
0,0,0
0,0,0
0,0,0
0,0,0
0,0,0
0,0,0
0,0,0
0,0,0
0,0,0
0,0,0
0,0,0
0,0,0
0,0,0
0,0,0
0,0,0
0,0,0
0,0,0
0,0,0
0,0,0
0,0,0
0,0,0
0,0,0
0,0,0
0,0,0
0,0,0
0,0,0
0,0,0
0,0,0
0,0,0
0,0,0
0,0,0
0,0,0
0,0,0
0,0,0
0,0,0
0,0,0
0,0,0
0,0,0
0,0,0
0,0,0
0,0,0
0,0,0
0,0,0
0,0,0
0,0,0
0,0,0
0,0,0
0,0,0
0,0,0
0,0,0
0,0,0
0,0,0
0,0,0
0,0,0
0,0,0
0,0,0
0,0,0
0,0,0
0,0,0
0,0,0
0,0,0
0,0,0
0,0,0
0,0,0
0,0,0
0,0,0
0,0,0
0,0,0
0,0,0
0,0,0
0,0,0
0,0,0
0,0,0
0,0,0
0,0,0
0,0,0
0,0,0
0,0,0
0,0,0
0,0,0
0,0,0
0,0,0
0,0,0
0,0,0
0,0,0
0,0,0
0,0,0
0,0,0
0,0,0
0,0,0
0,0,0
0,0,0
0,0,0
0,0,0
0,0,0
0,0,0
0,0,0
0,0,0
0,0,0
0,0,0
0,0,0
0,0,0
0,0,0
0,0,0
0,0,0
0,0,0
0,0,0
0,0,0
0,0,0
0,0,0
0,0,0
0,0,0
0,0,0
0,0,0
0,0,0
0,0,0
0,0,0
0,0,0
0,0,0
0,0,0
0,0,0
0,0,0
0,0,0
0,0,0
0,0,0
0,0,0
0,0,0
0,0,0
0,0,0
0,0,0
0,0,0
0,0,0
0,0,0
0,0,0
0,0,0
0,0,0
0,0,0
0,0,0
0,0,0
0,0,0
0,0,0
0,0,0
0,0,0
0,0,0
0,0,0
0,0,0
0,0,0
0,0,0
0,0,0
0,0,0
0,0,0
0,0,0
0,0,0
0,0,0
0,0,0
0,0,0
0,0,0
0,0,0
0,0,0
0,0,0
0,0,0
0,0,0
0,0,0
0,0,0
0,0,0
0,0,0
0,0,0
0,0,0
0,0,0
0,0,0
0,0,0
0,0,0
0,0,0
0,0,0
0,0,0
0,0,0
0,0,0
0,0,0
0,0,0
0,0,0
0,0,0
0,0,0
0,0,0
0,0,0
0,0,0
0,0,0
0,0,0
0,0,0
0,0,0
0,0,0
0,0,0
0,0,0
0,0,0
0,0,0
0,0,0
0,0,0
0,0,0
0,0,0
0,0,0
0,0,0
0,0,0
0,0,0
0,0,0
0,0,0
0,0,0
0,0,0
0,0,0
0,0,0
0,0,0
0,0,0
0,0,0
0,0,0
0,0,0
0,0,0
0,0,0
0,0,0
0,0,0
0,0,0
0,0,0
0,0,0
0,0,0
0,0,0
0,0,0
0,0,0
0,0,0
0,0,0
0,0,0
0,0,0
0,0,0
0,0,0
0,0,0
0,0,0
0,0,0
0,0,0
0,0,0
0,0,0
0,0,0
0,0,0
0,0,0
0,0,0
0,0,0
0,0,0
0,0,0
0,0,0
0,0,0
0,0,0
0,0,0
0,0,0
0,0,0
0,0,0
0,0,0
0,0,0
0,0,0
0,0,0
0,0,0
0,0,0
0,0,0
0,0,0
0,0,0
0,0,0
0,0,0
0,0,0
0,0,0
0,0,0
0,0,0
0,0,0
0,0,0
0,0,0
0,0,0
0,0,0
0,0,0
0,0,0
0,0,0
0,0,0
0,0,0
0,0,0
0,0,0
0,0,0
0,0,0
0,0,0
0,0,0
0,0,0
0,0,0
0,0,0
0,0,0
0,0,0
0,0,0
0,0,0
0,0,0
0,0,0
0,0,0
0,0,0
0,0,0
0,0,0
0,0,0
0,0,0
0,0,0
0,0,0
0,0,0
0,0,0
0,0,0
0,0,0
0,0,0
0,0,0
0,0,0
0,0,0
0,0,0
0,0,0
0,0,0
0,0,0
0,0,0
0,0,0
0,0,0
0,0,0
0,0,0
0,0,0
0,0,0
0,0,0
0,0,0
0,0,0
0,0,0
0,0,0
0,0,0
0,0,0
0,0,0
0,0,0
0,0,0
0,0,0
0,0,0
0,0,0
0,0,0
0,0,0
0,0,0
0,0,0
0,0,0
0,0,0
0,0,0
0,0,0
0,0,0
0,0,0
0,0,0
0,0,0
0,0,0
0,0,0
0,0,0
0,0,0
0,0,0
0,0,0
0,0,0
0,0,0
0,0,0
0,0,0
0,0,0
0,0,0
0,0,0
0,0,0
0,0,0
0,0,0
0,0,0
0,0,0
0,0,0
0,0,0
0,0,0
0,0,0
0,0,0
0,0,0
0,0,0
0,0,0
0,0,0
0,0,0
0,0,0
0,0,0
0,0,0
0,0,0
0,0,0
0,0,0
0,0,0
0,0,0
0,0,0
0,0,0
0,0,0
0,0,0
0,0,0
0,0,0
0,0,0
0,0,0
0,0,0
0,0,0
0,0,0
0,0,0
0,0,0
0,0,0
0,0,0
0,0,0
0,0,0
0,0,0
0,0,0
0,0,0
0,0,0
0,0,0
0,0,0
0,0,0
0,0,0
0,0,0
0,0,0
0,0,0
0,0,0
0,0,0
0,0,0
0,0,0
0,0,0
0,0,0
0,0,0
0,0,0
0,0,0
0,0,0
0,0,0
0,0,0
0,0,0
0,0,0
0,0,0
0,0,0
0,0,0
0,0,0
0,0,0
0,0,0
0,0,0
0,0,0
0,0,0
0,0,0
0,0,0
0,0,0
0,0,0
0,0,0
0,0,0
0,0,0
0,0,0
0,0,0
0,0,0
0,0,0
0,0,0
0,0,0
0,0,0
0,0,0
0,0,0
0,0,0
0,0,0
0,0,0
0,0,0
0,0,0
0,0,0
0,0,0
0,0,0
0,0,0
0,0,0
0,0,0
0,0,0
0,0,0
0,0,0
0,0,0
0,0,0
0,0,0
0,0,0
0,0,0
0,0,0
0,0,0
0,0,0
0,0,0
0,0,0
0,0,0
0,0,0
0,0,0
0,0,0
0,0,0
0,0,0
0,0,0
0,0,0
0,0,0
0,0,0
0,0,0
0,0,0
0,0,0
0,0,0
0,0,0
0,0,0
0,0,0
0,0,0
0,0,0
0,0,0
0,0,0
0,0,0
0,0,0
0,0,0
0,0,0
0,0,0
0,0,0
0,0,0
0,0,0
0,0,0
0,0,0
0,0,0
0,0,0
0,0,0
0,0,0
8.03352,-15.6936,6.33614
7.87137,-15.6123,6.28394
7.77417,-15.6578,6.28293
7.67836,-15.706,6.28327
7.58838,-15.7664,6.28865
0,0,0
0,0,0
0,0,0
0,0,0
0,0,0
0,0,0
0,0,0
0,0,0
0,0,0
0,0,0
0,0,0
0,0,0
0,0,0
0,0,0
0,0,0
0,0,0
0,0,0
0,0,0
0,0,0
0,0,0
0,0,0
0,0,0
0,0,0
0,0,0
0,0,0
0,0,0
0,0,0
0,0,0
0,0,0
0,0,0
0,0,0
0,0,0
0,0,0
0,0,0
0,0,0
0,0,0
0,0,0
0,0,0
0,0,0
0,0,0
0,0,0
0,0,0
0,0,0
0,0,0
0,0,0
0,0,0
0,0,0
0,0,0
0,0,0
0,0,0
0,0,0
0,0,0
0,0,0
0,0,0
0,0,0
0,0,0
0,0,0
0,0,0
0,0,0
0,0,0
0,0,0
0,0,0
0,0,0
0,0,0
0,0,0
0,0,0
0,0,0
0,0,0
0,0,0
0,0,0
0,0,0
0,0,0
0,0,0
0,0,0
0,0,0
0,0,0
0,0,0
0,0,0
0,0,0
0,0,0
0,0,0
0,0,0
0,0,0
0,0,0
0,0,0
0,0,0
0,0,0
0,0,0
0,0,0
0,0,0
0,0,0
0,0,0
0,0,0
0,0,0
0,0,0
0,0,0
0,0,0
0,0,0
0,0,0
0,0,0
0,0,0
0,0,0
0,0,0
0,0,0
0,0,0
0,0,0
0,0,0
0,0,0
0,0,0
0,0,0
0,0,0
0,0,0
0,0,0
0,0,0
0,0,0
0,0,0
0,0,0
0,0,0
0,0,0
0,0,0
0,0,0
0,0,0
0,0,0
0,0,0
0,0,0
0,0,0
0,0,0
0,0,0
0,0,0
0,0,0
0,0,0
0,0,0
0,0,0
0,0,0
0,0,0
0,0,0
0,0,0
0,0,0
0,0,0
0,0,0
0,0,0
0,0,0
0,0,0
0,0,0
0,0,0
0,0,0
0,0,0
0,0,0
0,0,0
0,0,0
0,0,0
0,0,0
0,0,0
0,0,0
0,0,0
0,0,0
0,0,0
0,0,0
0,0,0
0,0,0
0,0,0
0,0,0
0,0,0
0,0,0
0,0,0
0,0,0
0,0,0
0,0,0
0,0,0
0,0,0
0,0,0
0,0,0
0,0,0
0,0,0
0,0,0
0,0,0
0,0,0
0,0,0
0,0,0
0,0,0
0,0,0
0,0,0
0,0,0
0,0,0
0,0,0
0,0,0
0,0,0
0,0,0
0,0,0
0,0,0
0,0,0
0,0,0
0,0,0
0,0,0
0,0,0
0,0,0
0,0,0
0,0,0
0,0,0
0,0,0
0,0,0
0,0,0
0,0,0
0,0,0
0,0,0
0,0,0
0,0,0
0,0,0
0,0,0
0,0,0
0,0,0
0,0,0
0,0,0
0,0,0
0,0,0
0,0,0
0,0,0
0,0,0
0,0,0
0,0,0
0,0,0
0,0,0
0,0,0
0,0,0
0,0,0
0,0,0
0,0,0
0,0,0
0,0,0
0,0,0
0,0,0
0,0,0
0,0,0
0,0,0
0,0,0
0,0,0
0,0,0
0,0,0
0,0,0
0,0,0
0,0,0
0,0,0
0,0,0
0,0,0
0,0,0
0,0,0
0,0,0
0,0,0
0,0,0
0,0,0
0,0,0
0,0,0
0,0,0
0,0,0
0,0,0
0,0,0
0,0,0
0,0,0
0,0,0
0,0,0
0,0,0
0,0,0
0,0,0
0,0,0
0,0,0
0,0,0
0,0,0
0,0,0
0,0,0
0,0,0
0,0,0
0,0,0
0,0,0
0,0,0
0,0,0
0,0,0
0,0,0
0,0,0
0,0,0
0,0,0
0,0,0
0,0,0
0,0,0
0,0,0
0,0,0
0,0,0
0,0,0
0,0,0
0,0,0
0,0,0
0,0,0
0,0,0
0,0,0
0,0,0
0,0,0
0,0,0
0,0,0
0,0,0
0,0,0
0,0,0
0,0,0
0,0,0
0,0,0
0,0,0
0,0,0
0,0,0
0,0,0
0,0,0
0,0,0
0,0,0
0,0,0
0,0,0
0,0,0
0,0,0
0,0,0
0,0,0
0,0,0
0,0,0
0,0,0
0,0,0
0,0,0
0,0,0
0,0,0
0,0,0
0,0,0
0,0,0
0,0,0
0,0,0
0,0,0
0,0,0
0,0,0
0,0,0
0,0,0
0,0,0
0,0,0
0,0,0
0,0,0
0,0,0
0,0,0
0,0,0
0,0,0
0,0,0
0,0,0
0,0,0
0,0,0
0,0,0
0,0,0
0,0,0
0,0,0
0,0,0
0,0,0
0,0,0
0,0,0
0,0,0
0,0,0
0,0,0
0,0,0
0,0,0
0,0,0
0,0,0
0,0,0
0,0,0
0,0,0
0,0,0
0,0,0
0,0,0
0,0,0
0,0,0
0,0,0
0,0,0
0,0,0
0,0,0
0,0,0
0,0,0
0,0,0
0,0,0
0,0,0
0,0,0
0,0,0
0,0,0
0,0,0
0,0,0
0,0,0
0,0,0
0,0,0
0,0,0
0,0,0
0,0,0
0,0,0
0,0,0
0,0,0
0,0,0
0,0,0
0,0,0
0,0,0
0,0,0
0,0,0
0,0,0
0,0,0
0,0,0
0,0,0
0,0,0
0,0,0
0,0,0
0,0,0
0,0,0
0,0,0
0,0,0
0,0,0
0,0,0
0,0,0
0,0,0
0,0,0
0,0,0
0,0,0
0,0,0
0,0,0
0,0,0
0,0,0
0,0,0
0,0,0
0,0,0
0,0,0
0,0,0
0,0,0
0,0,0
0,0,0
0,0,0
0,0,0
0,0,0
0,0,0
0,0,0
0,0,0
0,0,0
0,0,0
0,0,0
0,0,0
0,0,0
0,0,0
0,0,0
0,0,0
0,0,0
0,0,0
0,0,0
0,0,0
0,0,0
0,0,0
0,0,0
0,0,0
0,0,0
0,0,0
0,0,0
0,0,0
0,0,0
0,0,0
0,0,0
0,0,0
0,0,0
0,0,0
0,0,0
0,0,0
0,0,0
0,0,0
0,0,0
0,0,0
0,0,0
0,0,0
0,0,0
0,0,0
0,0,0
0,0,0
0,0,0
0,0,0
0,0,0
0,0,0
0,0,0
0,0,0
0,0,0
0,0,0
0,0,0
0,0,0
0,0,0
0,0,0
0,0,0
0,0,0
0,0,0
0,0,0
0,0,0
0,0,0
0,0,0
0,0,0
0,0,0
0,0,0
0,0,0
0,0,0
0,0,0
0,0,0
0,0,0
0,0,0
0,0,0
0,0,0
0,0,0
0,0,0
0,0,0
0,0,0
0,0,0
0,0,0
0,0,0
0,0,0
0,0,0
0,0,0
0,0,0
0,0,0
0,0,0
0,0,0
0,0,0
0,0,0
0,0,0
0,0,0
0,0,0
0,0,0
0,0,0
0,0,0
0,0,0
0,0,0
0,0,0
0,0,0
0,0,0
0,0,0
0,0,0
0,0,0
0,0,0
0,0,0
0,0,0
0,0,0
0,0,0
0,0,0
0,0,0
0,0,0
0,0,0
0,0,0
0,0,0
0,0,0
0,0,0
0,0,0
0,0,0
0,0,0
0,0,0
0,0,0
0,0,0
0,0,0
0,0,0
0,0,0
0,0,0
0,0,0
0,0,0
0,0,0
0,0,0
0,0,0
0,0,0
0,0,0
0,0,0
0,0,0
0,0,0
0,0,0
0,0,0
0,0,0
0,0,0
0,0,0
0,0,0
0,0,0
0,0,0
0,0,0
0,0,0
0,0,0
0,0,0
0,0,0
0,0,0
0,0,0
0,0,0
0,0,0
0,0,0
0,0,0
0,0,0
0,0,0
0,0,0
0,0,0
0,0,0
0,0,0
0,0,0
0,0,0
0,0,0
0,0,0
0,0,0
0,0,0
0,0,0
0,0,0
0,0,0
0,0,0
0,0,0
0,0,0
0,0,0
0,0,0
0,0,0
0,0,0
0,0,0
0,0,0
0,0,0
0,0,0
0,0,0
0,0,0
0,0,0
0,0,0
0,0,0
0,0,0
0,0,0
0,0,0
0,0,0
0,0,0
0,0,0
0,0,0
0,0,0
0,0,0
0,0,0
0,0,0
0,0,0
0,0,0
0,0,0
0,0,0
0,0,0
0,0,0
0,0,0
0,0,0
0,0,0
0,0,0
0,0,0
0,0,0
0,0,0
0,0,0
0,0,0
0,0,0
0,0,0
0,0,0
0,0,0
0,0,0
0,0,0
0,0,0
0,0,0
0,0,0
0,0,0
0,0,0
0,0,0
0,0,0
0,0,0
0,0,0
0,0,0
0,0,0
0,0,0
0,0,0
0,0,0
0,0,0
0,0,0
0,0,0
0,0,0
0,0,0
0,0,0
0,0,0
0,0,0
0,0,0
0,0,0
0,0,0
0,0,0
0,0,0
0,0,0
0,0,0
0,0,0
0,0,0
0,0,0
0,0,0
0,0,0
0,0,0
0,0,0
0,0,0
0,0,0
0,0,0
0,0,0
0,0,0
0,0,0
0,0,0
0,0,0
0,0,0
0,0,0
0,0,0
0,0,0
0,0,0
0,0,0
0,0,0
0,0,0
0,0,0
0,0,0
0,0,0
0,0,0
0,0,0
0,0,0
0,0,0
0,0,0
0,0,0
0,0,0
0,0,0
0,0,0
0,0,0
0,0,0
0,0,0
0,0,0
0,0,0
0,0,0
0,0,0
0,0,0
0,0,0
0,0,0
0,0,0
0,0,0
0,0,0
0,0,0
0,0,0
0,0,0
0,0,0
0,0,0
0,0,0
0,0,0
0,0,0
0,0,0
0,0,0
0,0,0
0,0,0
0,0,0
0,0,0
0,0,0
0,0,0
0,0,0
0,0,0
0,0,0
0,0,0
0,0,0
0,0,0
0,0,0
0,0,0
0,0,0
0,0,0
0,0,0
0,0,0
0,0,0
0,0,0
0,0,0
0,0,0
0,0,0
0,0,0
0,0,0
0,0,0
0,0,0
0,0,0
0,0,0
0,0,0
0,0,0
0,0,0
0,0,0
0,0,0
0,0,0
0,0,0
0,0,0
0,0,0
0,0,0
0,0,0
0,0,0
0,0,0
0,0,0
0,0,0
0,0,0
0,0,0
0,0,0
0,0,0
0,0,0
0,0,0
0,0,0
0,0,0
0,0,0
0,0,0
0,0,0
0,0,0
0,0,0
0,0,0
0,0,0
0,0,0
0,0,0
0,0,0
0,0,0
0,0,0
0,0,0
0,0,0
0,0,0
0,0,0
0,0,0
0,0,0
0,0,0
0,0,0
0,0,0
0,0,0
0,0,0
0,0,0
0,0,0
0,0,0
0,0,0
0,0,0
0,0,0
0,0,0
0,0,0
0,0,0
0,0,0
0,0,0
0,0,0
0,0,0
0,0,0
0,0,0
0,0,0
0,0,0
0,0,0
0,0,0
0,0,0
0,0,0
0,0,0
0,0,0
0,0,0
0,0,0
0,0,0
0,0,0
0,0,0
0,0,0
0,0,0
0,0,0
0,0,0
0,0,0
0,0,0
0,0,0
0,0,0
0,0,0
0,0,0
0,0,0
0,0,0
0,0,0
0,0,0
0,0,0
0,0,0
0,0,0
0,0,0
0,0,0
0,0,0
0,0,0
0,0,0
0,0,0
0,0,0
0,0,0
0,0,0
0,0,0
0,0,0
0,0,0
0,0,0
0,0,0
0,0,0
0,0,0
0,0,0
0,0,0
0,0,0
0,0,0
0,0,0
0,0,0
0,0,0
0,0,0
0,0,0
0,0,0
0,0,0
0,0,0
0,0,0
0,0,0
0,0,0
0,0,0
0,0,0
0,0,0
0,0,0
0,0,0
0,0,0
0,0,0
0,0,0
0,0,0
0,0,0
0,0,0
0,0,0
0,0,0
0,0,0
0,0,0
0,0,0
0,0,0
0,0,0
0,0,0
0,0,0
0,0,0
0,0,0
0,0,0
0,0,0
0,0,0
0,0,0
0,0,0
0,0,0
0,0,0
0,0,0
0,0,0
0,0,0
0,0,0
0,0,0
0,0,0
0,0,0
0,0,0
0,0,0
0,0,0
0,0,0
0,0,0
0,0,0
0,0,0
0,0,0
0,0,0
0,0,0
0,0,0
0,0,0
0,0,0
0,0,0
0,0,0
0,0,0
0,0,0
0,0,0
0,0,0
0,0,0
0,0,0
0,0,0
0,0,0
0,0,0
0,0,0
0,0,0
0,0,0
0,0,0
0,0,0
0,0,0
0,0,0
0,0,0
0,0,0
0,0,0
0,0,0
0,0,0
0,0,0
0,0,0
0,0,0
0,0,0
0,0,0
0,0,0
0,0,0
0,0,0
0,0,0
0,0,0
0,0,0
0,0,0
0,0,0
0,0,0
0,0,0
0,0,0
0,0,0
0,0,0
0,0,0
0,0,0
0,0,0
0,0,0
0,0,0
0,0,0
0,0,0
0,0,0
0,0,0
0,0,0
0,0,0
0,0,0
0,0,0
0,0,0
0,0,0
0,0,0
0,0,0
0,0,0
0,0,0
0,0,0
0,0,0
0,0,0
0,0,0
0,0,0
0,0,0
0,0,0
0,0,0
0,0,0
0,0,0
0,0,0
0,0,0
0,0,0
0,0,0
0,0,0
0,0,0
0,0,0
0,0,0
0,0,0
0,0,0
0,0,0
0,0,0
0,0,0
0,0,0
0,0,0
0,0,0
0,0,0
0,0,0
0,0,0
0,0,0
0,0,0
0,0,0
0,0,0
0,0,0
0,0,0
0,0,0
0,0,0
0,0,0
0,0,0
0,0,0
0,0,0
0,0,0
8.04377,-15.7069,6.11392
7.87741,-15.6175,6.06047
7.78186,-15.6664,6.0608
7.68725,-15.7173,6.0621
7.59353,-15.7701,6.06438
0,0,0
0,0,0
0,0,0
0,0,0
0,0,0
0,0,0
0,0,0
0,0,0
0,0,0
0,0,0
0,0,0
0,0,0
0,0,0
0,0,0
0,0,0
0,0,0
0,0,0
0,0,0
0,0,0
0,0,0
0,0,0
0,0,0
0,0,0
0,0,0
0,0,0
0,0,0
0,0,0
0,0,0
0,0,0
0,0,0
0,0,0
0,0,0
0,0,0
0,0,0
0,0,0
0,0,0
0,0,0
0,0,0
0,0,0
0,0,0
0,0,0
0,0,0
0,0,0
0,0,0
0,0,0
0,0,0
0,0,0
0,0,0
0,0,0
0,0,0
0,0,0
0,0,0
0,0,0
0,0,0
0,0,0
0,0,0
0,0,0
0,0,0
0,0,0
0,0,0
0,0,0
0,0,0
0,0,0
0,0,0
0,0,0
0,0,0
0,0,0
0,0,0
0,0,0
0,0,0
0,0,0
0,0,0
0,0,0
0,0,0
0,0,0
0,0,0
0,0,0
0,0,0
0,0,0
0,0,0
0,0,0
0,0,0
0,0,0
0,0,0
0,0,0
0,0,0
0,0,0
0,0,0
0,0,0
0,0,0
0,0,0
0,0,0
0,0,0
0,0,0
0,0,0
0,0,0
0,0,0
0,0,0
0,0,0
0,0,0
0,0,0
0,0,0
0,0,0
0,0,0
0,0,0
0,0,0
0,0,0
0,0,0
0,0,0
0,0,0
0,0,0
0,0,0
0,0,0
0,0,0
0,0,0
0,0,0
0,0,0
0,0,0
0,0,0
0,0,0
0,0,0
0,0,0
0,0,0
0,0,0
0,0,0
0,0,0
0,0,0
0,0,0
0,0,0
0,0,0
0,0,0
0,0,0
0,0,0
0,0,0
0,0,0
0,0,0
0,0,0
0,0,0
0,0,0
0,0,0
0,0,0
0,0,0
0,0,0
0,0,0
0,0,0
0,0,0
0,0,0
0,0,0
0,0,0
0,0,0
0,0,0
0,0,0
0,0,0
0,0,0
0,0,0
0,0,0
0,0,0
0,0,0
0,0,0
0,0,0
0,0,0
0,0,0
0,0,0
0,0,0
0,0,0
0,0,0
0,0,0
0,0,0
0,0,0
0,0,0
0,0,0
0,0,0
0,0,0
0,0,0
0,0,0
0,0,0
0,0,0
0,0,0
0,0,0
0,0,0
0,0,0
0,0,0
0,0,0
0,0,0
0,0,0
0,0,0
0,0,0
0,0,0
0,0,0
0,0,0
0,0,0
0,0,0
0,0,0
0,0,0
0,0,0
0,0,0
0,0,0
0,0,0
0,0,0
0,0,0
0,0,0
0,0,0
0,0,0
0,0,0
0,0,0
0,0,0
0,0,0
0,0,0
0,0,0
0,0,0
0,0,0
0,0,0
0,0,0
0,0,0
0,0,0
0,0,0
0,0,0
0,0,0
0,0,0
0,0,0
0,0,0
0,0,0
0,0,0
0,0,0
0,0,0
0,0,0
0,0,0
0,0,0
0,0,0
0,0,0
0,0,0
0,0,0
0,0,0
0,0,0
0,0,0
0,0,0
0,0,0
0,0,0
0,0,0
0,0,0
0,0,0
0,0,0
0,0,0
0,0,0
0,0,0
0,0,0
0,0,0
0,0,0
0,0,0
0,0,0
0,0,0
0,0,0
0,0,0
0,0,0
0,0,0
0,0,0
0,0,0
0,0,0
0,0,0
0,0,0
0,0,0
0,0,0
0,0,0
0,0,0
0,0,0
0,0,0
0,0,0
0,0,0
0,0,0
0,0,0
0,0,0
0,0,0
0,0,0
0,0,0
0,0,0
0,0,0
0,0,0
0,0,0
0,0,0
0,0,0
0,0,0
0,0,0
0,0,0
0,0,0
0,0,0
0,0,0
0,0,0
0,0,0
0,0,0
0,0,0
0,0,0
0,0,0
0,0,0
0,0,0
0,0,0
0,0,0
0,0,0
0,0,0
0,0,0
0,0,0
0,0,0
0,0,0
0,0,0
0,0,0
0,0,0
0,0,0
0,0,0
0,0,0
0,0,0
0,0,0
0,0,0
0,0,0
0,0,0
0,0,0
0,0,0
0,0,0
0,0,0
0,0,0
0,0,0
0,0,0
0,0,0
0,0,0
0,0,0
0,0,0
0,0,0
0,0,0
0,0,0
0,0,0
0,0,0
0,0,0
0,0,0
0,0,0
0,0,0
0,0,0
0,0,0
0,0,0
0,0,0
0,0,0
0,0,0
0,0,0
0,0,0
0,0,0
0,0,0
0,0,0
0,0,0
0,0,0
0,0,0
0,0,0
0,0,0
0,0,0
0,0,0
0,0,0
0,0,0
0,0,0
0,0,0
0,0,0
0,0,0
0,0,0
0,0,0
0,0,0
0,0,0
0,0,0
0,0,0
0,0,0
0,0,0
0,0,0
0,0,0
0,0,0
0,0,0
0,0,0
0,0,0
0,0,0
0,0,0
0,0,0
0,0,0
0,0,0
0,0,0
0,0,0
0,0,0
0,0,0
0,0,0
0,0,0
0,0,0
0,0,0
0,0,0
0,0,0
0,0,0
0,0,0
0,0,0
0,0,0
0,0,0
0,0,0
0,0,0
0,0,0
0,0,0
0,0,0
0,0,0
0,0,0
0,0,0
0,0,0
0,0,0
0,0,0
0,0,0
0,0,0
0,0,0
0,0,0
0,0,0
0,0,0
0,0,0
0,0,0
0,0,0
0,0,0
0,0,0
0,0,0
0,0,0
0,0,0
0,0,0
0,0,0
0,0,0
0,0,0
0,0,0
0,0,0
0,0,0
0,0,0
0,0,0
0,0,0
0,0,0
0,0,0
0,0,0
0,0,0
0,0,0
0,0,0
0,0,0
0,0,0
0,0,0
0,0,0
0,0,0
0,0,0
0,0,0
0,0,0
0,0,0
0,0,0
0,0,0
0,0,0
0,0,0
0,0,0
0,0,0
0,0,0
0,0,0
0,0,0
0,0,0
0,0,0
0,0,0
0,0,0
0,0,0
0,0,0
0,0,0
0,0,0
0,0,0
0,0,0
0,0,0
0,0,0
0,0,0
0,0,0
0,0,0
0,0,0
0,0,0
0,0,0
0,0,0
0,0,0
0,0,0
0,0,0
0,0,0
0,0,0
0,0,0
0,0,0
0,0,0
0,0,0
0,0,0
0,0,0
0,0,0
0,0,0
0,0,0
0,0,0
0,0,0
0,0,0
0,0,0
0,0,0
0,0,0
0,0,0
0,0,0
0,0,0
0,0,0
0,0,0
0,0,0
0,0,0
0,0,0
0,0,0
0,0,0
0,0,0
0,0,0
0,0,0
0,0,0
0,0,0
0,0,0
0,0,0
0,0,0
0,0,0
0,0,0
0,0,0
0,0,0
0,0,0
0,0,0
0,0,0
0,0,0
0,0,0
0,0,0
0,0,0
0,0,0
0,0,0
0,0,0
0,0,0
0,0,0
0,0,0
0,0,0
0,0,0
0,0,0
0,0,0
0,0,0
0,0,0
0,0,0
0,0,0
0,0,0
0,0,0
0,0,0
0,0,0
0,0,0
0,0,0
0,0,0
0,0,0
0,0,0
0,0,0
0,0,0
0,0,0
0,0,0
0,0,0
0,0,0
0,0,0
0,0,0
0,0,0
0,0,0
0,0,0
0,0,0
0,0,0
0,0,0
0,0,0
0,0,0
0,0,0
0,0,0
0,0,0
0,0,0
0,0,0
0,0,0
0,0,0
0,0,0
0,0,0
0,0,0
0,0,0
0,0,0
0,0,0
0,0,0
0,0,0
0,0,0
0,0,0
0,0,0
0,0,0
0,0,0
0,0,0
0,0,0
0,0,0
0,0,0
0,0,0
0,0,0
0,0,0
0,0,0
0,0,0
0,0,0
0,0,0
0,0,0
0,0,0
0,0,0
0,0,0
0,0,0
0,0,0
0,0,0
0,0,0
0,0,0
0,0,0
0,0,0
0,0,0
0,0,0
0,0,0
0,0,0
0,0,0
0,0,0
0,0,0
0,0,0
0,0,0
0,0,0
0,0,0
0,0,0
0,0,0
0,0,0
0,0,0
0,0,0
0,0,0
0,0,0
0,0,0
0,0,0
0,0,0
0,0,0
0,0,0
0,0,0
0,0,0
0,0,0
0,0,0
0,0,0
0,0,0
0,0,0
0,0,0
0,0,0
0,0,0
0,0,0
0,0,0
0,0,0
0,0,0
0,0,0
0,0,0
0,0,0
0,0,0
0,0,0
0,0,0
0,0,0
0,0,0
0,0,0
0,0,0
0,0,0
0,0,0
0,0,0
0,0,0
0,0,0
0,0,0
0,0,0
0,0,0
0,0,0
0,0,0
0,0,0
0,0,0
0,0,0
0,0,0
0,0,0
0,0,0
0,0,0
0,0,0
0,0,0
0,0,0
0,0,0
0,0,0
0,0,0
0,0,0
0,0,0
0,0,0
0,0,0
0,0,0
0,0,0
0,0,0
0,0,0
0,0,0
0,0,0
0,0,0
0,0,0
0,0,0
0,0,0
0,0,0
0,0,0
0,0,0
0,0,0
0,0,0
0,0,0
0,0,0
0,0,0
0,0,0
0,0,0
0,0,0
0,0,0
0,0,0
0,0,0
0,0,0
0,0,0
0,0,0
0,0,0
0,0,0
0,0,0
0,0,0
0,0,0
0,0,0
0,0,0
0,0,0
0,0,0
0,0,0
0,0,0
0,0,0
0,0,0
0,0,0
0,0,0
0,0,0
0,0,0
0,0,0
0,0,0
0,0,0
0,0,0
0,0,0
0,0,0
0,0,0
0,0,0
0,0,0
0,0,0
0,0,0
0,0,0
0,0,0
0,0,0
0,0,0
0,0,0
0,0,0
0,0,0
0,0,0
0,0,0
0,0,0
0,0,0
0,0,0
0,0,0
0,0,0
0,0,0
0,0,0
0,0,0
0,0,0
0,0,0
0,0,0
0,0,0
0,0,0
0,0,0
0,0,0
0,0,0
0,0,0
0,0,0
0,0,0
0,0,0
0,0,0
0,0,0
0,0,0
0,0,0
0,0,0
0,0,0
0,0,0
0,0,0
0,0,0
0,0,0
0,0,0
0,0,0
0,0,0
0,0,0
0,0,0
0,0,0
0,0,0
0,0,0
0,0,0
0,0,0
0,0,0
0,0,0
0,0,0
0,0,0
0,0,0
0,0,0
0,0,0
0,0,0
0,0,0
0,0,0
0,0,0
0,0,0
0,0,0
0,0,0
0,0,0
0,0,0
0,0,0
0,0,0
0,0,0
0,0,0
0,0,0
0,0,0
0,0,0
0,0,0
0,0,0
0,0,0
0,0,0
0,0,0
0,0,0
0,0,0
0,0,0
0,0,0
0,0,0
0,0,0
0,0,0
0,0,0
0,0,0
0,0,0
0,0,0
0,0,0
0,0,0
0,0,0
0,0,0
0,0,0
0,0,0
0,0,0
0,0,0
0,0,0
0,0,0
0,0,0
0,0,0
0,0,0
0,0,0
0,0,0
0,0,0
0,0,0
0,0,0
0,0,0
0,0,0
0,0,0
0,0,0
0,0,0
0,0,0
0,0,0
0,0,0
0,0,0
0,0,0
0,0,0
0,0,0
0,0,0
0,0,0
0,0,0
0,0,0
0,0,0
0,0,0
0,0,0
0,0,0
0,0,0
0,0,0
0,0,0
0,0,0
0,0,0
0,0,0
0,0,0
0,0,0
0,0,0
0,0,0
0,0,0
0,0,0
0,0,0
0,0,0
0,0,0
0,0,0
0,0,0
0,0,0
0,0,0
0,0,0
0,0,0
0,0,0
0,0,0
0,0,0
0,0,0
0,0,0
0,0,0
0,0,0
0,0,0
0,0,0
0,0,0
0,0,0
0,0,0
0,0,0
0,0,0
0,0,0
0,0,0
0,0,0
0,0,0
0,0,0
0,0,0
0,0,0
0,0,0
0,0,0
0,0,0
0,0,0
0,0,0
0,0,0
0,0,0
0,0,0
0,0,0
0,0,0
0,0,0
0,0,0
0,0,0
0,0,0
0,0,0
0,0,0
0,0,0
0,0,0
0,0,0
0,0,0
0,0,0
0,0,0
0,0,0
0,0,0
0,0,0
0,0,0
0,0,0
0,0,0
0,0,0
0,0,0
0,0,0
0,0,0
0,0,0
0,0,0
0,0,0
0,0,0
0,0,0
0,0,0
0,0,0
0,0,0
0,0,0
0,0,0
0,0,0
0,0,0
0,0,0
0,0,0
0,0,0
0,0,0
0,0,0
0,0,0
0,0,0
0,0,0
0,0,0
0,0,0
0,0,0
0,0,0
0,0,0
0,0,0
0,0,0
0,0,0
0,0,0
0,0,0
0,0,0
0,0,0
0,0,0
0,0,0
0,0,0
0,0,0
0,0,0
0,0,0
0,0,0
0,0,0
0,0,0
0,0,0
0,0,0
0,0,0
0,0,0
0,0,0
0,0,0
0,0,0
0,0,0
0,0,0
0,0,0
0,0,0
0,0,0
0,0,0
0,0,0
0,0,0
0,0,0
0,0,0
0,0,0
0,0,0
0,0,0
0,0,0
0,0,0
0,0,0
0,0,0
0,0,0
0,0,0
0,0,0
0,0,0
0,0,0
0,0,0
0,0,0
0,0,0
0,0,0
0,0,0
0,0,0
7.90974,-15.6816,5.87692
7.79184,-15.6865,5.86081
7.6846,-15.7118,5.8526
7.59587,-15.7749,5.8586
0,0,0
0,0,0
0,0,0
0,0,0
0,0,0
0,0,0
0,0,0
0,0,0
0,0,0
0,0,0
0,0,0
0,0,0
0,0,0
0,0,0
0,0,0
0,0,0
0,0,0
0,0,0
0,0,0
0,0,0
0,0,0
0,0,0
0,0,0
0,0,0
0,0,0
0,0,0
0,0,0
0,0,0
0,0,0
0,0,0
0,0,0
0,0,0
0,0,0
0,0,0
0,0,0
0,0,0
0,0,0
0,0,0
0,0,0
0,0,0
0,0,0
0,0,0
0,0,0
0,0,0
0,0,0
0,0,0
0,0,0
0,0,0
0,0,0
0,0,0
0,0,0
0,0,0
0,0,0
0,0,0
0,0,0
0,0,0
0,0,0
0,0,0
0,0,0
0,0,0
0,0,0
0,0,0
0,0,0
0,0,0
0,0,0
0,0,0
0,0,0
0,0,0
0,0,0
0,0,0
0,0,0
0,0,0
0,0,0
0,0,0
0,0,0
0,0,0
0,0,0
0,0,0
0,0,0
0,0,0
0,0,0
0,0,0
0,0,0
0,0,0
0,0,0
0,0,0
0,0,0
0,0,0
0,0,0
0,0,0
0,0,0
0,0,0
0,0,0
0,0,0
0,0,0
0,0,0
0,0,0
0,0,0
0,0,0
0,0,0
0,0,0
0,0,0
0,0,0
0,0,0
0,0,0
0,0,0
0,0,0
0,0,0
0,0,0
0,0,0
0,0,0
0,0,0
0,0,0
0,0,0
0,0,0
0,0,0
0,0,0
0,0,0
0,0,0
0,0,0
0,0,0
0,0,0
0,0,0
0,0,0
0,0,0
0,0,0
0,0,0
0,0,0
0,0,0
0,0,0
0,0,0
0,0,0
0,0,0
0,0,0
0,0,0
0,0,0
0,0,0
0,0,0
0,0,0
0,0,0
0,0,0
0,0,0
0,0,0
0,0,0
0,0,0
0,0,0
0,0,0
0,0,0
0,0,0
0,0,0
0,0,0
0,0,0
0,0,0
0,0,0
0,0,0
0,0,0
0,0,0
0,0,0
0,0,0
0,0,0
0,0,0
0,0,0
0,0,0
0,0,0
0,0,0
0,0,0
0,0,0
0,0,0
0,0,0
0,0,0
0,0,0
0,0,0
0,0,0
0,0,0
0,0,0
0,0,0
0,0,0
0,0,0
0,0,0
0,0,0
0,0,0
0,0,0
0,0,0
0,0,0
0,0,0
0,0,0
0,0,0
0,0,0
0,0,0
0,0,0
0,0,0
0,0,0
0,0,0
0,0,0
0,0,0
0,0,0
0,0,0
0,0,0
0,0,0
0,0,0
0,0,0
0,0,0
0,0,0
0,0,0
0,0,0
0,0,0
0,0,0
0,0,0
0,0,0
0,0,0
0,0,0
0,0,0
0,0,0
0,0,0
0,0,0
0,0,0
0,0,0
0,0,0
0,0,0
0,0,0
0,0,0
0,0,0
0,0,0
0,0,0
0,0,0
0,0,0
0,0,0
0,0,0
0,0,0
0,0,0
0,0,0
0,0,0
0,0,0
0,0,0
0,0,0
0,0,0
0,0,0
0,0,0
0,0,0
0,0,0
0,0,0
0,0,0
0,0,0
0,0,0
0,0,0
0,0,0
0,0,0
0,0,0
0,0,0
0,0,0
0,0,0
0,0,0
0,0,0
0,0,0
0,0,0
0,0,0
0,0,0
0,0,0
0,0,0
0,0,0
0,0,0
0,0,0
0,0,0
0,0,0
0,0,0
0,0,0
0,0,0
0,0,0
0,0,0
0,0,0
0,0,0
0,0,0
0,0,0
0,0,0
0,0,0
0,0,0
0,0,0
0,0,0
0,0,0
0,0,0
0,0,0
0,0,0
0,0,0
0,0,0
0,0,0
0,0,0
0,0,0
0,0,0
0,0,0
0,0,0
0,0,0
0,0,0
0,0,0
0,0,0
0,0,0
0,0,0
0,0,0
0,0,0
0,0,0
0,0,0
0,0,0
0,0,0
0,0,0
0,0,0
0,0,0
0,0,0
0,0,0
0,0,0
0,0,0
0,0,0
0,0,0
0,0,0
0,0,0
0,0,0
0,0,0
0,0,0
0,0,0
0,0,0
0,0,0
0,0,0
0,0,0
0,0,0
0,0,0
0,0,0
0,0,0
0,0,0
0,0,0
0,0,0
0,0,0
0,0,0
0,0,0
0,0,0
0,0,0
0,0,0
0,0,0
0,0,0
0,0,0
0,0,0
0,0,0
0,0,0
0,0,0
0,0,0
0,0,0
0,0,0
0,0,0
0,0,0
0,0,0
0,0,0
0,0,0
0,0,0
0,0,0
0,0,0
0,0,0
0,0,0
0,0,0
0,0,0
0,0,0
0,0,0
0,0,0
0,0,0
0,0,0
0,0,0
0,0,0
0,0,0
0,0,0
0,0,0
0,0,0
0,0,0
0,0,0
0,0,0
0,0,0
0,0,0
0,0,0
0,0,0
0,0,0
0,0,0
0,0,0
0,0,0
0,0,0
0,0,0
0,0,0
0,0,0
0,0,0
0,0,0
0,0,0
0,0,0
0,0,0
0,0,0
0,0,0
0,0,0
0,0,0
0,0,0
0,0,0
0,0,0
0,0,0
0,0,0
0,0,0
0,0,0
0,0,0
0,0,0
0,0,0
0,0,0
0,0,0
0,0,0
0,0,0
0,0,0
0,0,0
0,0,0
0,0,0
0,0,0
0,0,0
0,0,0
0,0,0
0,0,0
0,0,0
0,0,0
0,0,0
0,0,0
0,0,0
0,0,0
0,0,0
0,0,0
0,0,0
0,0,0
0,0,0
0,0,0
0,0,0
0,0,0
0,0,0
0,0,0
0,0,0
0,0,0
0,0,0
0,0,0
0,0,0
0,0,0
0,0,0
0,0,0
0,0,0
0,0,0
0,0,0
0,0,0
0,0,0
0,0,0
0,0,0
0,0,0
0,0,0
0,0,0
0,0,0
0,0,0
0,0,0
0,0,0
0,0,0
0,0,0
0,0,0
0,0,0
0,0,0
0,0,0
0,0,0
0,0,0
0,0,0
0,0,0
0,0,0
0,0,0
0,0,0
0,0,0
0,0,0
0,0,0
0,0,0
0,0,0
0,0,0
0,0,0
0,0,0
0,0,0
0,0,0
0,0,0
0,0,0
0,0,0
0,0,0
0,0,0
0,0,0
0,0,0
0,0,0
0,0,0
0,0,0
0,0,0
0,0,0
0,0,0
0,0,0
0,0,0
0,0,0
0,0,0
0,0,0
0,0,0
0,0,0
0,0,0
0,0,0
0,0,0
0,0,0
0,0,0
0,0,0
0,0,0
0,0,0
0,0,0
0,0,0
0,0,0
0,0,0
0,0,0
0,0,0
0,0,0
0,0,0
0,0,0
0,0,0
0,0,0
0,0,0
0,0,0
0,0,0
0,0,0
0,0,0
0,0,0
0,0,0
0,0,0
0,0,0
0,0,0
0,0,0
0,0,0
0,0,0
0,0,0
0,0,0
0,0,0
0,0,0
0,0,0
0,0,0
0,0,0
0,0,0
0,0,0
0,0,0
0,0,0
0,0,0
0,0,0
0,0,0
0,0,0
0,0,0
0,0,0
0,0,0
0,0,0
0,0,0
0,0,0
0,0,0
0,0,0
0,0,0
0,0,0
0,0,0
0,0,0
0,0,0
0,0,0
0,0,0
0,0,0
0,0,0
0,0,0
0,0,0
0,0,0
0,0,0
0,0,0
0,0,0
0,0,0
0,0,0
0,0,0
0,0,0
0,0,0
0,0,0
0,0,0
0,0,0
0,0,0
0,0,0
0,0,0
0,0,0
0,0,0
0,0,0
0,0,0
0,0,0
0,0,0
0,0,0
0,0,0
0,0,0
0,0,0
0,0,0
0,0,0
0,0,0
0,0,0
0,0,0
0,0,0
0,0,0
0,0,0
0,0,0
0,0,0
0,0,0
0,0,0
0,0,0
0,0,0
0,0,0
0,0,0
0,0,0
0,0,0
0,0,0
0,0,0
0,0,0
0,0,0
0,0,0
0,0,0
0,0,0
0,0,0
0,0,0
0,0,0
0,0,0
0,0,0
0,0,0
0,0,0
0,0,0
0,0,0
0,0,0
0,0,0
0,0,0
0,0,0
0,0,0
0,0,0
0,0,0
0,0,0
0,0,0
0,0,0
0,0,0
0,0,0
0,0,0
0,0,0
0,0,0
0,0,0
0,0,0
0,0,0
0,0,0
0,0,0
0,0,0
0,0,0
0,0,0
0,0,0
0,0,0
0,0,0
0,0,0
0,0,0
0,0,0
0,0,0
0,0,0
0,0,0
0,0,0
0,0,0
0,0,0
0,0,0
0,0,0
0,0,0
0,0,0
0,0,0
0,0,0
0,0,0
0,0,0
0,0,0
0,0,0
0,0,0
0,0,0
0,0,0
0,0,0
0,0,0
0,0,0
0,0,0
0,0,0
0,0,0
0,0,0
0,0,0
0,0,0
0,0,0
0,0,0
0,0,0
0,0,0
0,0,0
0,0,0
0,0,0
0,0,0
0,0,0
0,0,0
0,0,0
0,0,0
0,0,0
0,0,0
0,0,0
0,0,0
0,0,0
0,0,0
0,0,0
0,0,0
0,0,0
0,0,0
0,0,0
0,0,0
0,0,0
0,0,0
0,0,0
0,0,0
0,0,0
0,0,0
0,0,0
0,0,0
0,0,0
0,0,0
0,0,0
0,0,0
0,0,0
0,0,0
0,0,0
0,0,0
0,0,0
0,0,0
0,0,0
0,0,0
0,0,0
0,0,0
0,0,0
0,0,0
0,0,0
0,0,0
0,0,0
0,0,0
0,0,0
0,0,0
0,0,0
0,0,0
0,0,0
0,0,0
0,0,0
0,0,0
0,0,0
0,0,0
0,0,0
0,0,0
0,0,0
0,0,0
0,0,0
0,0,0
0,0,0
0,0,0
0,0,0
0,0,0
0,0,0
0,0,0
0,0,0
0,0,0
0,0,0
0,0,0
0,0,0
0,0,0
0,0,0
0,0,0
0,0,0
0,0,0
0,0,0
0,0,0
0,0,0
0,0,0
0,0,0
0,0,0
0,0,0
0,0,0
0,0,0
0,0,0
0,0,0
0,0,0
0,0,0
0,0,0
0,0,0
0,0,0
0,0,0
0,0,0
0,0,0
0,0,0
0,0,0
0,0,0
0,0,0
0,0,0
0,0,0
0,0,0
0,0,0
0,0,0
0,0,0
0,0,0
0,0,0
0,0,0
0,0,0
0,0,0
0,0,0
0,0,0
0,0,0
0,0,0
0,0,0
0,0,0
0,0,0
0,0,0
0,0,0
0,0,0
0,0,0
0,0,0
0,0,0
0,0,0
0,0,0
0,0,0
0,0,0
0,0,0
0,0,0
0,0,0
0,0,0
0,0,0
0,0,0
0,0,0
0,0,0
0,0,0
0,0,0
0,0,0
0,0,0
0,0,0
0,0,0
0,0,0
0,0,0
0,0,0
0,0,0
0,0,0
0,0,0
0,0,0
0,0,0
0,0,0
0,0,0
0,0,0
0,0,0
0,0,0
0,0,0
0,0,0
0,0,0
0,0,0
0,0,0
0,0,0
0,0,0
0,0,0
0,0,0
0,0,0
0,0,0
0,0,0
0,0,0
0,0,0
0,0,0
0,0,0
0,0,0
0,0,0
0,0,0
0,0,0
0,0,0
0,0,0
0,0,0
0,0,0
0,0,0
0,0,0
0,0,0
0,0,0
0,0,0
0,0,0
0,0,0
0,0,0
0,0,0
0,0,0
0,0,0
0,0,0
0,0,0
0,0,0
0,0,0
0,0,0
0,0,0
0,0,0
0,0,0
0,0,0
0,0,0
0,0,0
0,0,0
0,0,0
0,0,0
0,0,0
0,0,0
0,0,0
0,0,0
0,0,0
0,0,0
0,0,0
0,0,0
0,0,0
0,0,0
0,0,0
0,0,0
0,0,0
0,0,0
0,0,0
0,0,0
0,0,0
0,0,0
0,0,0
0,0,0
0,0,0
0,0,0
0,0,0
0,0,0
0,0,0
0,0,0
0,0,0
0,0,0
0,0,0
0,0,0
0,0,0
0,0,0
0,0,0
0,0,0
0,0,0
0,0,0
0,0,0
0,0,0
0,0,0
0,0,0
0,0,0
0,0,0
0,0,0
0,0,0
0,0,0
0,0,0
0,0,0
0,0,0
0,0,0
0,0,0
0,0,0
0,0,0
0,0,0
0,0,0
0,0,0
0,0,0
0,0,0
0,0,0
0,0,0
0,0,0
0,0,0
0,0,0
0,0,0
0,0,0
0,0,0
0,0,0
0,0,0
0,0,0
0,0,0
0,0,0
0,0,0
0,0,0
0,0,0
0,0,0
0,0,0
0,0,0
0,0,0
0,0,0
0,0,0
0,0,0
0,0,0
0,0,0
0,0,0
0,0,0
0,0,0
0,0,0
0,0,0
0,0,0
0,0,0
0,0,0
0,0,0
0,0,0
0,0,0
0,0,0
0,0,0
0,0,0
0,0,0
0,0,0
0,0,0
0,0,0
0,0,0
0,0,0
0,0,0
0,0,0
0,0,0
0,0,0
0,0,0
0,0,0
0,0,0
0,0,0
0,0,0
0,0,0
0,0,0
0,0,0
0,0,0
0,0,0
0,0,0
0,0,0
0,0,0
0,0,0
0,0,0
0,0,0
0,0,0
0,0,0
0,0,0
0,0,0
0,0,0
0,0,0
0,0,0
0,0,0
0,0,0
0,0,0
0,0,0
0,0,0
0,0,0
0,0,0
0,0,0
0,0,0
0,0,0
0,0,0
0,0,0
0,0,0
0,0,0
0,0,0
0,0,0
0,0,0
0,0,0
8.04271,-15.7116,5.68449
7.88484,-15.639,5.64087
7.77899,-15.6675,5.63385
7.67936,-15.7081,5.63141
7.59192,-15.7738,5.63812
7.48969,-15.8089,5.63416
0,0,0
0,0,0
0,0,0
0,0,0
0,0,0
0,0,0
0,0,0
0,0,0
0,0,0
0,0,0
0,0,0
0,0,0
0,0,0
0,0,0
0,0,0
0,0,0
0,0,0
0,0,0
0,0,0
0,0,0
0,0,0
0,0,0
0,0,0
0,0,0
0,0,0
0,0,0
0,0,0
0,0,0
0,0,0
0,0,0
0,0,0
0,0,0
0,0,0
0,0,0
0,0,0
0,0,0
0,0,0
0,0,0
0,0,0
0,0,0
0,0,0
0,0,0
0,0,0
0,0,0
0,0,0
0,0,0
0,0,0
0,0,0
0,0,0
0,0,0
0,0,0
0,0,0
0,0,0
0,0,0
0,0,0
0,0,0
0,0,0
0,0,0
0,0,0
0,0,0
0,0,0
0,0,0
0,0,0
0,0,0
0,0,0
0,0,0
0,0,0
0,0,0
0,0,0
0,0,0
0,0,0
0,0,0
0,0,0
0,0,0
0,0,0
0,0,0
0,0,0
0,0,0
0,0,0
0,0,0
0,0,0
0,0,0
0,0,0
0,0,0
0,0,0
0,0,0
0,0,0
0,0,0
0,0,0
0,0,0
0,0,0
0,0,0
0,0,0
0,0,0
0,0,0
0,0,0
0,0,0
0,0,0
0,0,0
0,0,0
0,0,0
0,0,0
0,0,0
0,0,0
0,0,0
0,0,0
0,0,0
0,0,0
0,0,0
0,0,0
0,0,0
0,0,0
0,0,0
0,0,0
0,0,0
0,0,0
0,0,0
0,0,0
0,0,0
0,0,0
0,0,0
0,0,0
0,0,0
0,0,0
0,0,0
0,0,0
0,0,0
0,0,0
0,0,0
0,0,0
0,0,0
0,0,0
0,0,0
0,0,0
0,0,0
0,0,0
0,0,0
0,0,0
0,0,0
0,0,0
0,0,0
0,0,0
0,0,0
0,0,0
0,0,0
0,0,0
0,0,0
0,0,0
0,0,0
0,0,0
0,0,0
0,0,0
0,0,0
0,0,0
0,0,0
0,0,0
0,0,0
0,0,0
0,0,0
0,0,0
0,0,0
0,0,0
0,0,0
0,0,0
0,0,0
0,0,0
0,0,0
0,0,0
0,0,0
0,0,0
0,0,0
0,0,0
0,0,0
0,0,0
0,0,0
0,0,0
0,0,0
0,0,0
0,0,0
0,0,0
0,0,0
0,0,0
0,0,0
0,0,0
0,0,0
0,0,0
0,0,0
0,0,0
0,0,0
0,0,0
0,0,0
0,0,0
0,0,0
0,0,0
0,0,0
0,0,0
0,0,0
0,0,0
0,0,0
0,0,0
0,0,0
0,0,0
0,0,0
0,0,0
0,0,0
0,0,0
0,0,0
0,0,0
0,0,0
0,0,0
0,0,0
0,0,0
0,0,0
0,0,0
0,0,0
0,0,0
0,0,0
0,0,0
0,0,0
0,0,0
0,0,0
0,0,0
0,0,0
0,0,0
0,0,0
0,0,0
0,0,0
0,0,0
0,0,0
0,0,0
0,0,0
0,0,0
0,0,0
0,0,0
0,0,0
0,0,0
0,0,0
0,0,0
0,0,0
0,0,0
0,0,0
0,0,0
0,0,0
0,0,0
0,0,0
0,0,0
0,0,0
0,0,0
0,0,0
0,0,0
0,0,0
0,0,0
0,0,0
0,0,0
0,0,0
0,0,0
0,0,0
0,0,0
0,0,0
0,0,0
0,0,0
0,0,0
0,0,0
0,0,0
0,0,0
0,0,0
0,0,0
0,0,0
0,0,0
0,0,0
0,0,0
0,0,0
0,0,0
0,0,0
0,0,0
0,0,0
0,0,0
0,0,0
0,0,0
0,0,0
0,0,0
0,0,0
0,0,0
0,0,0
0,0,0
0,0,0
0,0,0
0,0,0
0,0,0
0,0,0
0,0,0
0,0,0
0,0,0
0,0,0
0,0,0
0,0,0
0,0,0
0,0,0
0,0,0
0,0,0
0,0,0
0,0,0
0,0,0
0,0,0
0,0,0
0,0,0
0,0,0
0,0,0
0,0,0
0,0,0
0,0,0
0,0,0
0,0,0
0,0,0
0,0,0
0,0,0
0,0,0
0,0,0
0,0,0
0,0,0
0,0,0
0,0,0
0,0,0
0,0,0
0,0,0
0,0,0
0,0,0
0,0,0
0,0,0
0,0,0
0,0,0
0,0,0
0,0,0
0,0,0
0,0,0
0,0,0
0,0,0
0,0,0
0,0,0
0,0,0
0,0,0
0,0,0
0,0,0
0,0,0
0,0,0
0,0,0
0,0,0
0,0,0
0,0,0
0,0,0
0,0,0
0,0,0
0,0,0
0,0,0
0,0,0
0,0,0
0,0,0
0,0,0
0,0,0
0,0,0
0,0,0
0,0,0
0,0,0
0,0,0
0,0,0
0,0,0
0,0,0
0,0,0
0,0,0
0,0,0
0,0,0
0,0,0
0,0,0
0,0,0
0,0,0
0,0,0
0,0,0
0,0,0
0,0,0
0,0,0
0,0,0
0,0,0
0,0,0
0,0,0
0,0,0
0,0,0
0,0,0
0,0,0
0,0,0
0,0,0
0,0,0
0,0,0
0,0,0
0,0,0
0,0,0
0,0,0
0,0,0
0,0,0
0,0,0
0,0,0
0,0,0
0,0,0
0,0,0
0,0,0
0,0,0
0,0,0
0,0,0
0,0,0
0,0,0
0,0,0
0,0,0
0,0,0
0,0,0
0,0,0
0,0,0
0,0,0
0,0,0
0,0,0
0,0,0
0,0,0
0,0,0
0,0,0
0,0,0
0,0,0
0,0,0
0,0,0
0,0,0
0,0,0
0,0,0
0,0,0
0,0,0
0,0,0
0,0,0
0,0,0
0,0,0
0,0,0
0,0,0
0,0,0
0,0,0
0,0,0
0,0,0
0,0,0
0,0,0
0,0,0
0,0,0
0,0,0
0,0,0
0,0,0
0,0,0
0,0,0
0,0,0
0,0,0
0,0,0
0,0,0
0,0,0
0,0,0
0,0,0
0,0,0
0,0,0
0,0,0
0,0,0
0,0,0
0,0,0
0,0,0
0,0,0
0,0,0
0,0,0
0,0,0
0,0,0
0,0,0
0,0,0
0,0,0
0,0,0
0,0,0
0,0,0
0,0,0
0,0,0
0,0,0
0,0,0
0,0,0
0,0,0
0,0,0
0,0,0
0,0,0
0,0,0
0,0,0
0,0,0
0,0,0
0,0,0
0,0,0
0,0,0
0,0,0
0,0,0
0,0,0
0,0,0
0,0,0
0,0,0
0,0,0
0,0,0
0,0,0
0,0,0
0,0,0
0,0,0
0,0,0
0,0,0
0,0,0
0,0,0
0,0,0
0,0,0
0,0,0
0,0,0
0,0,0
0,0,0
0,0,0
0,0,0
0,0,0
0,0,0
0,0,0
0,0,0
0,0,0
0,0,0
0,0,0
0,0,0
0,0,0
0,0,0
0,0,0
0,0,0
0,0,0
0,0,0
0,0,0
0,0,0
0,0,0
0,0,0
0,0,0
0,0,0
0,0,0
0,0,0
0,0,0
0,0,0
0,0,0
0,0,0
0,0,0
0,0,0
0,0,0
0,0,0
0,0,0
0,0,0
0,0,0
0,0,0
0,0,0
0,0,0
0,0,0
0,0,0
0,0,0
0,0,0
0,0,0
0,0,0
0,0,0
0,0,0
0,0,0
0,0,0
0,0,0
0,0,0
0,0,0
0,0,0
0,0,0
0,0,0
0,0,0
0,0,0
0,0,0
0,0,0
0,0,0
0,0,0
0,0,0
0,0,0
0,0,0
0,0,0
0,0,0
0,0,0
0,0,0
0,0,0
0,0,0
0,0,0
0,0,0
0,0,0
0,0,0
0,0,0
0,0,0
0,0,0
0,0,0
0,0,0
0,0,0
0,0,0
0,0,0
0,0,0
0,0,0
0,0,0
0,0,0
0,0,0
0,0,0
0,0,0
0,0,0
0,0,0
0,0,0
0,0,0
0,0,0
0,0,0
0,0,0
0,0,0
0,0,0
0,0,0
0,0,0
0,0,0
0,0,0
0,0,0
0,0,0
0,0,0
0,0,0
0,0,0
0,0,0
0,0,0
0,0,0
0,0,0
0,0,0
0,0,0
0,0,0
0,0,0
0,0,0
0,0,0
0,0,0
0,0,0
0,0,0
0,0,0
0,0,0
0,0,0
0,0,0
0,0,0
0,0,0
0,0,0
0,0,0
0,0,0
0,0,0
0,0,0
0,0,0
0,0,0
0,0,0
0,0,0
0,0,0
0,0,0
0,0,0
0,0,0
0,0,0
0,0,0
0,0,0
0,0,0
0,0,0
0,0,0
0,0,0
0,0,0
0,0,0
0,0,0
0,0,0
0,0,0
0,0,0
0,0,0
0,0,0
0,0,0
0,0,0
0,0,0
0,0,0
0,0,0
0,0,0
0,0,0
0,0,0
0,0,0
0,0,0
0,0,0
0,0,0
0,0,0
0,0,0
0,0,0
0,0,0
0,0,0
0,0,0
0,0,0
0,0,0
0,0,0
0,0,0
0,0,0
0,0,0
0,0,0
0,0,0
0,0,0
0,0,0
0,0,0
0,0,0
0,0,0
0,0,0
0,0,0
0,0,0
0,0,0
0,0,0
0,0,0
0,0,0
0,0,0
0,0,0
0,0,0
0,0,0
0,0,0
0,0,0
0,0,0
0,0,0
0,0,0
0,0,0
0,0,0
0,0,0
0,0,0
0,0,0
0,0,0
0,0,0
0,0,0
0,0,0
0,0,0
0,0,0
0,0,0
0,0,0
0,0,0
0,0,0
0,0,0
0,0,0
0,0,0
0,0,0
0,0,0
0,0,0
0,0,0
0,0,0
0,0,0
0,0,0
0,0,0
0,0,0
0,0,0
0,0,0
0,0,0
0,0,0
0,0,0
0,0,0
0,0,0
0,0,0
0,0,0
0,0,0
0,0,0
0,0,0
0,0,0
0,0,0
0,0,0
0,0,0
0,0,0
0,0,0
0,0,0
0,0,0
0,0,0
0,0,0
0,0,0
0,0,0
0,0,0
0,0,0
0,0,0
0,0,0
0,0,0
0,0,0
0,0,0
0,0,0
0,0,0
0,0,0
0,0,0
0,0,0
0,0,0
0,0,0
0,0,0
0,0,0
0,0,0
0,0,0
0,0,0
0,0,0
0,0,0
0,0,0
0,0,0
0,0,0
0,0,0
0,0,0
0,0,0
0,0,0
0,0,0
0,0,0
0,0,0
0,0,0
0,0,0
0,0,0
0,0,0
0,0,0
0,0,0
0,0,0
0,0,0
0,0,0
0,0,0
0,0,0
0,0,0
0,0,0
0,0,0
0,0,0
0,0,0
0,0,0
0,0,0
0,0,0
0,0,0
0,0,0
0,0,0
0,0,0
0,0,0
0,0,0
0,0,0
0,0,0
0,0,0
0,0,0
0,0,0
0,0,0
0,0,0
0,0,0
0,0,0
0,0,0
0,0,0
0,0,0
0,0,0
0,0,0
0,0,0
0,0,0
0,0,0
0,0,0
0,0,0
0,0,0
0,0,0
0,0,0
0,0,0
0,0,0
0,0,0
0,0,0
0,0,0
0,0,0
0,0,0
0,0,0
0,0,0
0,0,0
0,0,0
0,0,0
0,0,0
0,0,0
0,0,0
0,0,0
0,0,0
0,0,0
0,0,0
0,0,0
0,0,0
0,0,0
0,0,0
0,0,0
0,0,0
0,0,0
0,0,0
0,0,0
0,0,0
0,0,0
0,0,0
0,0,0
0,0,0
0,0,0
0,0,0
0,0,0
0,0,0
0,0,0
0,0,0
0,0,0
0,0,0
0,0,0
0,0,0
0,0,0
0,0,0
0,0,0
0,0,0
0,0,0
0,0,0
0,0,0
0,0,0
0,0,0
0,0,0
0,0,0
0,0,0
0,0,0
0,0,0
0,0,0
0,0,0
0,0,0
0,0,0
0,0,0
0,0,0
0,0,0
0,0,0
0,0,0
0,0,0
0,0,0
0,0,0
0,0,0
0,0,0
0,0,0
0,0,0
0,0,0
0,0,0
0,0,0
0,0,0
0,0,0
0,0,0
0,0,0
0,0,0
0,0,0
0,0,0
0,0,0
0,0,0
0,0,0
0,0,0
0,0,0
0,0,0
0,0,0
0,0,0
0,0,0
0,0,0
0,0,0
0,0,0
0,0,0
0,0,0
0,0,0
0,0,0
0,0,0
0,0,0
0,0,0
0,0,0
0,0,0
0,0,0
0,0,0
0,0,0
0,0,0
0,0,0
0,0,0
0,0,0
0,0,0
0,0,0
0,0,0
0,0,0
0,0,0
0,0,0
0,0,0
0,0,0
0,0,0
0,0,0
0,0,0
0,0,0
0,0,0
0,0,0
0,0,0
0,0,0
0,0,0
0,0,0
0,0,0
0,0,0
0,0,0
0,0,0
0,0,0
0,0,0
0,0,0
0,0,0
0,0,0
0,0,0
0,0,0
0,0,0
0,0,0
0,0,0
0,0,0
0,0,0
0,0,0
0,0,0
0,0,0
0,0,0
0,0,0
0,0,0
0,0,0
0,0,0
0,0,0
0,0,0
0,0,0
0,0,0
0,0,0
0,0,0
0,0,0
0,0,0
7.88776,-15.638,5.42622
7.78528,-15.6733,5.42181
7.69484,-15.7328,5.42593
7.59899,-15.7814,5.42652
7.53394,-15.8951,5.44948
0,0,0
0,0,0
0,0,0
0,0,0
0,0,0
0,0,0
0,0,0
0,0,0
0,0,0
0,0,0
0,0,0
0,0,0
0,0,0
0,0,0
0,0,0
0,0,0
0,0,0
0,0,0
0,0,0
0,0,0
0,0,0
0,0,0
0,0,0
0,0,0
0,0,0
0,0,0
0,0,0
0,0,0
0,0,0
0,0,0
0,0,0
0,0,0
0,0,0
0,0,0
0,0,0
0,0,0
0,0,0
0,0,0
0,0,0
0,0,0
0,0,0
0,0,0
0,0,0
0,0,0
0,0,0
0,0,0
0,0,0
0,0,0
0,0,0
0,0,0
0,0,0
0,0,0
0,0,0
0,0,0
0,0,0
0,0,0
0,0,0
0,0,0
0,0,0
0,0,0
0,0,0
0,0,0
0,0,0
0,0,0
0,0,0
0,0,0
0,0,0
0,0,0
0,0,0
0,0,0
0,0,0
0,0,0
0,0,0
0,0,0
0,0,0
0,0,0
0,0,0
0,0,0
0,0,0
0,0,0
0,0,0
0,0,0
0,0,0
0,0,0
0,0,0
0,0,0
0,0,0
0,0,0
0,0,0
0,0,0
0,0,0
0,0,0
0,0,0
0,0,0
0,0,0
0,0,0
0,0,0
0,0,0
0,0,0
0,0,0
0,0,0
0,0,0
0,0,0
0,0,0
0,0,0
0,0,0
0,0,0
0,0,0
0,0,0
0,0,0
0,0,0
0,0,0
0,0,0
0,0,0
0,0,0
0,0,0
0,0,0
0,0,0
0,0,0
0,0,0
0,0,0
0,0,0
0,0,0
0,0,0
0,0,0
0,0,0
0,0,0
0,0,0
0,0,0
0,0,0
0,0,0
0,0,0
0,0,0
0,0,0
0,0,0
0,0,0
0,0,0
0,0,0
0,0,0
0,0,0
0,0,0
0,0,0
0,0,0
0,0,0
0,0,0
0,0,0
0,0,0
0,0,0
0,0,0
0,0,0
0,0,0
0,0,0
0,0,0
0,0,0
0,0,0
0,0,0
0,0,0
0,0,0
0,0,0
0,0,0
0,0,0
0,0,0
0,0,0
0,0,0
0,0,0
0,0,0
0,0,0
0,0,0
0,0,0
0,0,0
0,0,0
0,0,0
0,0,0
0,0,0
0,0,0
0,0,0
0,0,0
0,0,0
0,0,0
0,0,0
0,0,0
0,0,0
0,0,0
0,0,0
0,0,0
0,0,0
0,0,0
0,0,0
0,0,0
0,0,0
0,0,0
0,0,0
0,0,0
0,0,0
0,0,0
0,0,0
0,0,0
0,0,0
0,0,0
0,0,0
0,0,0
0,0,0
0,0,0
0,0,0
0,0,0
0,0,0
0,0,0
0,0,0
0,0,0
0,0,0
0,0,0
0,0,0
0,0,0
0,0,0
0,0,0
0,0,0
0,0,0
0,0,0
0,0,0
0,0,0
0,0,0
0,0,0
0,0,0
0,0,0
0,0,0
0,0,0
0,0,0
0,0,0
0,0,0
0,0,0
0,0,0
0,0,0
0,0,0
0,0,0
0,0,0
0,0,0
0,0,0
0,0,0
0,0,0
0,0,0
0,0,0
0,0,0
0,0,0
0,0,0
0,0,0
0,0,0
0,0,0
0,0,0
0,0,0
0,0,0
0,0,0
0,0,0
0,0,0
0,0,0
0,0,0
0,0,0
0,0,0
0,0,0
0,0,0
0,0,0
0,0,0
0,0,0
0,0,0
0,0,0
0,0,0
0,0,0
0,0,0
0,0,0
0,0,0
0,0,0
0,0,0
0,0,0
0,0,0
0,0,0
0,0,0
0,0,0
0,0,0
0,0,0
0,0,0
0,0,0
0,0,0
0,0,0
0,0,0
0,0,0
0,0,0
0,0,0
0,0,0
0,0,0
0,0,0
0,0,0
0,0,0
0,0,0
0,0,0
0,0,0
0,0,0
0,0,0
0,0,0
0,0,0
0,0,0
0,0,0
0,0,0
0,0,0
0,0,0
0,0,0
0,0,0
0,0,0
0,0,0
0,0,0
0,0,0
0,0,0
0,0,0
0,0,0
0,0,0
0,0,0
0,0,0
0,0,0
0,0,0
0,0,0
0,0,0
0,0,0
0,0,0
0,0,0
0,0,0
0,0,0
0,0,0
0,0,0
0,0,0
0,0,0
0,0,0
0,0,0
0,0,0
0,0,0
0,0,0
0,0,0
0,0,0
0,0,0
0,0,0
0,0,0
0,0,0
0,0,0
0,0,0
0,0,0
0,0,0
0,0,0
0,0,0
0,0,0
0,0,0
0,0,0
0,0,0
0,0,0
0,0,0
0,0,0
0,0,0
0,0,0
0,0,0
0,0,0
0,0,0
0,0,0
0,0,0
0,0,0
0,0,0
0,0,0
0,0,0
0,0,0
0,0,0
0,0,0
0,0,0
0,0,0
0,0,0
0,0,0
0,0,0
0,0,0
0,0,0
0,0,0
0,0,0
0,0,0
0,0,0
0,0,0
0,0,0
0,0,0
0,0,0
0,0,0
0,0,0
0,0,0
0,0,0
0,0,0
0,0,0
0,0,0
0,0,0
0,0,0
0,0,0
0,0,0
0,0,0
0,0,0
0,0,0
0,0,0
0,0,0
0,0,0
0,0,0
0,0,0
0,0,0
0,0,0
0,0,0
0,0,0
0,0,0
0,0,0
0,0,0
0,0,0
0,0,0
0,0,0
0,0,0
0,0,0
0,0,0
0,0,0
0,0,0
0,0,0
0,0,0
0,0,0
0,0,0
0,0,0
0,0,0
0,0,0
0,0,0
0,0,0
0,0,0
0,0,0
0,0,0
0,0,0
0,0,0
0,0,0
0,0,0
0,0,0
0,0,0
0,0,0
0,0,0
0,0,0
0,0,0
0,0,0
0,0,0
0,0,0
0,0,0
0,0,0
0,0,0
0,0,0
0,0,0
0,0,0
0,0,0
0,0,0
0,0,0
0,0,0
0,0,0
0,0,0
0,0,0
0,0,0
0,0,0
0,0,0
0,0,0
0,0,0
0,0,0
0,0,0
0,0,0
0,0,0
0,0,0
0,0,0
0,0,0
0,0,0
0,0,0
0,0,0
0,0,0
0,0,0
0,0,0
0,0,0
0,0,0
0,0,0
0,0,0
0,0,0
0,0,0
0,0,0
0,0,0
0,0,0
0,0,0
0,0,0
0,0,0
0,0,0
0,0,0
0,0,0
0,0,0
0,0,0
0,0,0
0,0,0
0,0,0
0,0,0
0,0,0
0,0,0
0,0,0
0,0,0
0,0,0
0,0,0
0,0,0
0,0,0
0,0,0
0,0,0
0,0,0
0,0,0
0,0,0
0,0,0
0,0,0
0,0,0
0,0,0
0,0,0
0,0,0
0,0,0
0,0,0
0,0,0
0,0,0
0,0,0
0,0,0
0,0,0
0,0,0
0,0,0
0,0,0
0,0,0
0,0,0
0,0,0
0,0,0
0,0,0
0,0,0
0,0,0
0,0,0
0,0,0
0,0,0
0,0,0
0,0,0
0,0,0
0,0,0
0,0,0
0,0,0
0,0,0
0,0,0
0,0,0
0,0,0
0,0,0
0,0,0
0,0,0
0,0,0
0,0,0
0,0,0
0,0,0
0,0,0
0,0,0
0,0,0
0,0,0
0,0,0
0,0,0
0,0,0
0,0,0
0,0,0
0,0,0
0,0,0
0,0,0
0,0,0
0,0,0
0,0,0
0,0,0
0,0,0
0,0,0
0,0,0
0,0,0
0,0,0
0,0,0
0,0,0
0,0,0
0,0,0
0,0,0
0,0,0
0,0,0
0,0,0
0,0,0
0,0,0
0,0,0
0,0,0
0,0,0
0,0,0
0,0,0
0,0,0
0,0,0
0,0,0
0,0,0
0,0,0
0,0,0
0,0,0
0,0,0
0,0,0
0,0,0
0,0,0
0,0,0
0,0,0
0,0,0
0,0,0
0,0,0
0,0,0
0,0,0
0,0,0
0,0,0
0,0,0
0,0,0
0,0,0
0,0,0
0,0,0
0,0,0
0,0,0
0,0,0
0,0,0
0,0,0
0,0,0
0,0,0
0,0,0
0,0,0
0,0,0
0,0,0
0,0,0
0,0,0
0,0,0
0,0,0
0,0,0
0,0,0
0,0,0
0,0,0
0,0,0
0,0,0
0,0,0
0,0,0
0,0,0
0,0,0
0,0,0
0,0,0
0,0,0
0,0,0
0,0,0
0,0,0
0,0,0
0,0,0
0,0,0
0,0,0
0,0,0
0,0,0
0,0,0
0,0,0
0,0,0
0,0,0
0,0,0
0,0,0
0,0,0
0,0,0
0,0,0
0,0,0
0,0,0
0,0,0
0,0,0
0,0,0
0,0,0
0,0,0
0,0,0
0,0,0
0,0,0
0,0,0
0,0,0
0,0,0
0,0,0
0,0,0
0,0,0
0,0,0
0,0,0
0,0,0
0,0,0
0,0,0
0,0,0
0,0,0
0,0,0
0,0,0
0,0,0
0,0,0
0,0,0
0,0,0
0,0,0
0,0,0
0,0,0
0,0,0
0,0,0
0,0,0
0,0,0
0,0,0
0,0,0
0,0,0
0,0,0
0,0,0
0,0,0
0,0,0
0,0,0
0,0,0
0,0,0
0,0,0
0,0,0
0,0,0
0,0,0
0,0,0
0,0,0
0,0,0
0,0,0
0,0,0
0,0,0
0,0,0
0,0,0
0,0,0
0,0,0
0,0,0
0,0,0
0,0,0
0,0,0
0,0,0
0,0,0
0,0,0
0,0,0
0,0,0
0,0,0
0,0,0
0,0,0
0,0,0
0,0,0
0,0,0
0,0,0
0,0,0
0,0,0
0,0,0
0,0,0
0,0,0
0,0,0
0,0,0
0,0,0
0,0,0
0,0,0
0,0,0
0,0,0
0,0,0
0,0,0
0,0,0
0,0,0
0,0,0
0,0,0
0,0,0
0,0,0
0,0,0
0,0,0
0,0,0
0,0,0
0,0,0
0,0,0
0,0,0
0,0,0
0,0,0
0,0,0
0,0,0
0,0,0
0,0,0
0,0,0
0,0,0
0,0,0
0,0,0
0,0,0
0,0,0
0,0,0
0,0,0
0,0,0
0,0,0
0,0,0
0,0,0
0,0,0
0,0,0
0,0,0
0,0,0
0,0,0
0,0,0
0,0,0
0,0,0
0,0,0
0,0,0
0,0,0
0,0,0
0,0,0
0,0,0
0,0,0
0,0,0
0,0,0
0,0,0
0,0,0
0,0,0
0,0,0
0,0,0
0,0,0
0,0,0
0,0,0
0,0,0
0,0,0
0,0,0
0,0,0
0,0,0
0,0,0
0,0,0
0,0,0
0,0,0
0,0,0
0,0,0
0,0,0
0,0,0
0,0,0
0,0,0
0,0,0
0,0,0
0,0,0
0,0,0
0,0,0
0,0,0
0,0,0
0,0,0
0,0,0
0,0,0
0,0,0
0,0,0
0,0,0
0,0,0
0,0,0
0,0,0
0,0,0
0,0,0
0,0,0
0,0,0
0,0,0
0,0,0
0,0,0
0,0,0
0,0,0
0,0,0
0,0,0
0,0,0
0,0,0
0,0,0
0,0,0
0,0,0
0,0,0
0,0,0
0,0,0
0,0,0
0,0,0
0,0,0
0,0,0
0,0,0
0,0,0
0,0,0
0,0,0
0,0,0
0,0,0
0,0,0
0,0,0
0,0,0
0,0,0
0,0,0
0,0,0
0,0,0
0,0,0
0,0,0
0,0,0
0,0,0
0,0,0
0,0,0
0,0,0
0,0,0
0,0,0
0,0,0
0,0,0
0,0,0
0,0,0
0,0,0
0,0,0
0,0,0
0,0,0
0,0,0
0,0,0
0,0,0
0,0,0
0,0,0
0,0,0
0,0,0
0,0,0
0,0,0
0,0,0
0,0,0
0,0,0
0,0,0
0,0,0
0,0,0
0,0,0
0,0,0
0,0,0
0,0,0
0,0,0
0,0,0
0,0,0
0,0,0
0,0,0
0,0,0
0,0,0
0,0,0
0,0,0
0,0,0
0,0,0
0,0,0
0,0,0
0,0,0
0,0,0
0,0,0
0,0,0
0,0,0
0,0,0
0,0,0
0,0,0
0,0,0
0,0,0
0,0,0
0,0,0
0,0,0
0,0,0
0,0,0
0,0,0
0,0,0
0,0,0
0,0,0
0,0,0
0,0,0
0,0,0
0,0,0
0,0,0
0,0,0
0,0,0
0,0,0
0,0,0
0,0,0
0,0,0
0,0,0
0,0,0
0,0,0
0,0,0
0,0,0
0,0,0
0,0,0
0,0,0
0,0,0
0,0,0
0,0,0
0,0,0
0,0,0
0,0,0
0,0,0
0,0,0
0,0,0
0,0,0
0,0,0
0,0,0
0,0,0
0,0,0
0,0,0
0,0,0
0,0,0
0,0,0
0,0,0
0,0,0
0,0,0
0,0,0
0,0,0
0,0,0
0,0,0
0,0,0
0,0,0
0,0,0
0,0,0
0,0,0
0,0,0
0,0,0
0,0,0
0,0,0
0,0,0
0,0,0
0,0,0
0,0,0
0,0,0
0,0,0
0,0,0
0,0,0
0,0,0
0,0,0
0,0,0
0,0,0
0,0,0
0,0,0
0,0,0
0,0,0
0,0,0
0,0,0
0,0,0
0,0,0
0,0,0
0,0,0
0,0,0
0,0,0
0,0,0
0,0,0
0,0,0
0,0,0
0,0,0
0,0,0
0,0,0
0,0,0
0,0,0
0,0,0
0,0,0
0,0,0
0,0,0
0,0,0
0,0,0
0,0,0
0,0,0
0,0,0
0,0,0
0,0,0
0,0,0
8.06978,-15.7645,5.26734
7.88913,-15.6476,5.21234
7.7853,-15.6802,5.20723
7.68894,-15.7277,5.20723
7.59312,-15.7763,5.2078
7.52533,-15.8841,5.22793
0,0,0
0,0,0
0,0,0
0,0,0
0,0,0
0,0,0
0,0,0
0,0,0
0,0,0
0,0,0
0,0,0
0,0,0
0,0,0
0,0,0
0,0,0
0,0,0
0,0,0
0,0,0
0,0,0
0,0,0
0,0,0
0,0,0
0,0,0
0,0,0
0,0,0
0,0,0
0,0,0
0,0,0
0,0,0
0,0,0
0,0,0
0,0,0
0,0,0
0,0,0
0,0,0
0,0,0
0,0,0
0,0,0
0,0,0
0,0,0
0,0,0
0,0,0
0,0,0
0,0,0
0,0,0
0,0,0
0,0,0
0,0,0
0,0,0
0,0,0
0,0,0
0,0,0
0,0,0
0,0,0
0,0,0
0,0,0
0,0,0
0,0,0
0,0,0
0,0,0
0,0,0
0,0,0
0,0,0
0,0,0
0,0,0
0,0,0
0,0,0
0,0,0
0,0,0
0,0,0
0,0,0
0,0,0
0,0,0
0,0,0
0,0,0
0,0,0
0,0,0
0,0,0
0,0,0
0,0,0
0,0,0
0,0,0
0,0,0
0,0,0
0,0,0
0,0,0
0,0,0
0,0,0
0,0,0
0,0,0
0,0,0
0,0,0
0,0,0
0,0,0
0,0,0
0,0,0
0,0,0
0,0,0
0,0,0
0,0,0
0,0,0
0,0,0
0,0,0
0,0,0
0,0,0
0,0,0
0,0,0
0,0,0
0,0,0
0,0,0
0,0,0
0,0,0
0,0,0
0,0,0
0,0,0
0,0,0
0,0,0
0,0,0
0,0,0
0,0,0
0,0,0
0,0,0
0,0,0
0,0,0
0,0,0
0,0,0
0,0,0
0,0,0
0,0,0
0,0,0
0,0,0
0,0,0
0,0,0
0,0,0
0,0,0
0,0,0
0,0,0
0,0,0
0,0,0
0,0,0
0,0,0
0,0,0
0,0,0
0,0,0
0,0,0
0,0,0
0,0,0
0,0,0
0,0,0
0,0,0
0,0,0
0,0,0
0,0,0
0,0,0
0,0,0
0,0,0
0,0,0
0,0,0
0,0,0
0,0,0
0,0,0
0,0,0
0,0,0
0,0,0
0,0,0
0,0,0
0,0,0
0,0,0
0,0,0
0,0,0
0,0,0
0,0,0
0,0,0
0,0,0
0,0,0
0,0,0
0,0,0
0,0,0
0,0,0
0,0,0
0,0,0
0,0,0
0,0,0
0,0,0
0,0,0
0,0,0
0,0,0
0,0,0
0,0,0
0,0,0
0,0,0
0,0,0
0,0,0
0,0,0
0,0,0
0,0,0
0,0,0
0,0,0
0,0,0
0,0,0
0,0,0
0,0,0
0,0,0
0,0,0
0,0,0
0,0,0
0,0,0
0,0,0
0,0,0
0,0,0
0,0,0
0,0,0
0,0,0
0,0,0
0,0,0
0,0,0
0,0,0
0,0,0
0,0,0
0,0,0
0,0,0
0,0,0
0,0,0
0,0,0
0,0,0
0,0,0
0,0,0
0,0,0
0,0,0
0,0,0
0,0,0
0,0,0
0,0,0
0,0,0
0,0,0
0,0,0
0,0,0
0,0,0
0,0,0
0,0,0
0,0,0
0,0,0
0,0,0
0,0,0
0,0,0
0,0,0
0,0,0
0,0,0
0,0,0
0,0,0
0,0,0
0,0,0
0,0,0
0,0,0
0,0,0
0,0,0
0,0,0
0,0,0
0,0,0
0,0,0
0,0,0
0,0,0
0,0,0
0,0,0
0,0,0
0,0,0
0,0,0
0,0,0
0,0,0
0,0,0
0,0,0
0,0,0
0,0,0
0,0,0
0,0,0
0,0,0
0,0,0
0,0,0
0,0,0
0,0,0
0,0,0
0,0,0
0,0,0
0,0,0
0,0,0
0,0,0
0,0,0
0,0,0
0,0,0
0,0,0
0,0,0
0,0,0
0,0,0
0,0,0
0,0,0
0,0,0
0,0,0
0,0,0
0,0,0
0,0,0
0,0,0
0,0,0
0,0,0
0,0,0
0,0,0
0,0,0
0,0,0
0,0,0
0,0,0
0,0,0
0,0,0
0,0,0
0,0,0
0,0,0
0,0,0
0,0,0
0,0,0
0,0,0
0,0,0
0,0,0
0,0,0
0,0,0
0,0,0
0,0,0
0,0,0
0,0,0
0,0,0
0,0,0
0,0,0
0,0,0
0,0,0
0,0,0
0,0,0
0,0,0
0,0,0
0,0,0
0,0,0
0,0,0
0,0,0
0,0,0
0,0,0
0,0,0
0,0,0
0,0,0
0,0,0
0,0,0
0,0,0
0,0,0
0,0,0
0,0,0
0,0,0
0,0,0
0,0,0
0,0,0
0,0,0
0,0,0
0,0,0
0,0,0
0,0,0
0,0,0
0,0,0
0,0,0
0,0,0
0,0,0
0,0,0
0,0,0
0,0,0
0,0,0
0,0,0
0,0,0
0,0,0
0,0,0
0,0,0
0,0,0
0,0,0
0,0,0
0,0,0
0,0,0
0,0,0
0,0,0
0,0,0
0,0,0
0,0,0
0,0,0
0,0,0
0,0,0
0,0,0
0,0,0
0,0,0
0,0,0
0,0,0
0,0,0
0,0,0
0,0,0
0,0,0
0,0,0
0,0,0
0,0,0
0,0,0
0,0,0
0,0,0
0,0,0
0,0,0
0,0,0
0,0,0
0,0,0
0,0,0
0,0,0
0,0,0
0,0,0
0,0,0
0,0,0
0,0,0
0,0,0
0,0,0
0,0,0
0,0,0
0,0,0
0,0,0
0,0,0
0,0,0
0,0,0
0,0,0
0,0,0
0,0,0
0,0,0
0,0,0
0,0,0
0,0,0
0,0,0
0,0,0
0,0,0
0,0,0
0,0,0
0,0,0
0,0,0
0,0,0
0,0,0
0,0,0
0,0,0
0,0,0
0,0,0
0,0,0
0,0,0
0,0,0
0,0,0
0,0,0
0,0,0
0,0,0
0,0,0
0,0,0
0,0,0
0,0,0
0,0,0
0,0,0
0,0,0
0,0,0
0,0,0
0,0,0
0,0,0
0,0,0
0,0,0
0,0,0
0,0,0
0,0,0
0,0,0
0,0,0
0,0,0
0,0,0
0,0,0
0,0,0
0,0,0
0,0,0
0,0,0
0,0,0
0,0,0
0,0,0
0,0,0
0,0,0
0,0,0
0,0,0
0,0,0
0,0,0
0,0,0
0,0,0
0,0,0
0,0,0
0,0,0
0,0,0
0,0,0
0,0,0
0,0,0
0,0,0
0,0,0
0,0,0
0,0,0
0,0,0
0,0,0
0,0,0
0,0,0
0,0,0
0,0,0
0,0,0
0,0,0
0,0,0
0,0,0
0,0,0
0,0,0
0,0,0
0,0,0
0,0,0
0,0,0
0,0,0
0,0,0
0,0,0
0,0,0
0,0,0
0,0,0
0,0,0
0,0,0
0,0,0
0,0,0
0,0,0
0,0,0
0,0,0
0,0,0
0,0,0
0,0,0
0,0,0
0,0,0
0,0,0
0,0,0
0,0,0
0,0,0
0,0,0
0,0,0
0,0,0
0,0,0
0,0,0
0,0,0
0,0,0
0,0,0
0,0,0
0,0,0
0,0,0
0,0,0
0,0,0
0,0,0
0,0,0
0,0,0
0,0,0
0,0,0
0,0,0
0,0,0
0,0,0
0,0,0
0,0,0
0,0,0
0,0,0
0,0,0
0,0,0
0,0,0
0,0,0
0,0,0
0,0,0
0,0,0
0,0,0
0,0,0
0,0,0
0,0,0
0,0,0
0,0,0
0,0,0
0,0,0
0,0,0
0,0,0
0,0,0
0,0,0
0,0,0
0,0,0
0,0,0
0,0,0
0,0,0
0,0,0
0,0,0
0,0,0
0,0,0
0,0,0
0,0,0
0,0,0
0,0,0
0,0,0
0,0,0
0,0,0
0,0,0
0,0,0
0,0,0
0,0,0
0,0,0
0,0,0
0,0,0
0,0,0
0,0,0
0,0,0
0,0,0
0,0,0
0,0,0
0,0,0
0,0,0
0,0,0
0,0,0
0,0,0
0,0,0
0,0,0
0,0,0
0,0,0
0,0,0
0,0,0
0,0,0
0,0,0
0,0,0
0,0,0
0,0,0
0,0,0
0,0,0
0,0,0
0,0,0
0,0,0
0,0,0
0,0,0
0,0,0
0,0,0
0,0,0
0,0,0
0,0,0
0,0,0
0,0,0
0,0,0
0,0,0
0,0,0
0,0,0
0,0,0
0,0,0
0,0,0
0,0,0
0,0,0
0,0,0
0,0,0
0,0,0
0,0,0
0,0,0
0,0,0
0,0,0
0,0,0
0,0,0
0,0,0
0,0,0
0,0,0
0,0,0
0,0,0
0,0,0
0,0,0
0,0,0
0,0,0
0,0,0
0,0,0
0,0,0
0,0,0
0,0,0
0,0,0
0,0,0
0,0,0
0,0,0
0,0,0
0,0,0
0,0,0
0,0,0
0,0,0
0,0,0
0,0,0
0,0,0
0,0,0
0,0,0
0,0,0
0,0,0
0,0,0
0,0,0
0,0,0
0,0,0
0,0,0
0,0,0
0,0,0
0,0,0
0,0,0
0,0,0
0,0,0
0,0,0
0,0,0
0,0,0
0,0,0
0,0,0
0,0,0
0,0,0
0,0,0
0,0,0
0,0,0
0,0,0
0,0,0
0,0,0
0,0,0
0,0,0
0,0,0
0,0,0
0,0,0
0,0,0
0,0,0
0,0,0
0,0,0
0,0,0
0,0,0
0,0,0
0,0,0
0,0,0
0,0,0
0,0,0
0,0,0
0,0,0
0,0,0
0,0,0
0,0,0
0,0,0
0,0,0
0,0,0
0,0,0
0,0,0
0,0,0
0,0,0
0,0,0
0,0,0
0,0,0
0,0,0
0,0,0
0,0,0
0,0,0
0,0,0
0,0,0
0,0,0
0,0,0
0,0,0
0,0,0
0,0,0
0,0,0
0,0,0
0,0,0
0,0,0
0,0,0
0,0,0
0,0,0
0,0,0
0,0,0
0,0,0
0,0,0
0,0,0
0,0,0
0,0,0
0,0,0
0,0,0
0,0,0
0,0,0
0,0,0
0,0,0
0,0,0
0,0,0
0,0,0
0,0,0
0,0,0
0,0,0
0,0,0
0,0,0
0,0,0
0,0,0
0,0,0
0,0,0
0,0,0
0,0,0
0,0,0
0,0,0
0,0,0
0,0,0
0,0,0
0,0,0
0,0,0
0,0,0
0,0,0
0,0,0
0,0,0
0,0,0
0,0,0
0,0,0
0,0,0
0,0,0
0,0,0
0,0,0
0,0,0
0,0,0
0,0,0
0,0,0
0,0,0
0,0,0
0,0,0
0,0,0
0,0,0
0,0,0
0,0,0
0,0,0
0,0,0
0,0,0
0,0,0
0,0,0
0,0,0
0,0,0
0,0,0
0,0,0
0,0,0
0,0,0
0,0,0
0,0,0
0,0,0
0,0,0
0,0,0
0,0,0
0,0,0
0,0,0
0,0,0
0,0,0
0,0,0
0,0,0
0,0,0
0,0,0
0,0,0
0,0,0
0,0,0
0,0,0
0,0,0
0,0,0
0,0,0
0,0,0
0,0,0
0,0,0
0,0,0
0,0,0
0,0,0
0,0,0
0,0,0
0,0,0
0,0,0
0,0,0
0,0,0
0,0,0
0,0,0
0,0,0
0,0,0
0,0,0
0,0,0
0,0,0
0,0,0
0,0,0
0,0,0
0,0,0
0,0,0
0,0,0
0,0,0
0,0,0
0,0,0
0,0,0
0,0,0
0,0,0
0,0,0
0,0,0
0,0,0
0,0,0
0,0,0
0,0,0
0,0,0
0,0,0
0,0,0
0,0,0
0,0,0
0,0,0
0,0,0
0,0,0
0,0,0
0,0,0
0,0,0
0,0,0
0,0,0
0,0,0
0,0,0
0,0,0
0,0,0
0,0,0
0,0,0
0,0,0
0,0,0
0,0,0
0,0,0
0,0,0
0,0,0
0,0,0
0,0,0
0,0,0
0,0,0
0,0,0
0,0,0
0,0,0
0,0,0
0,0,0
0,0,0
0,0,0
0,0,0
0,0,0
0,0,0
0,0,0
0,0,0
0,0,0
0,0,0
0,0,0
0,0,0
0,0,0
0,0,0
0,0,0
0,0,0
0,0,0
0,0,0
0,0,0
0,0,0
0,0,0
0,0,0
0,0,0
0,0,0
0,0,0
0,0,0
0,0,0
0,0,0
0,0,0
0,0,0
0,0,0
0,0,0
0,0,0
0,0,0
0,0,0
0,0,0
0,0,0
0,0,0
0,0,0
0,0,0
0,0,0
0,0,0
0,0,0
0,0,0
0,0,0
0,0,0
0,0,0
0,0,0
0,0,0
0,0,0
0,0,0
0,0,0
0,0,0
0,0,0
0,0,0
0,0,0
0,0,0
0,0,0
0,0,0
0,0,0
0,0,0
0,0,0
0,0,0
0,0,0
0,0,0
0,0,0
0,0,0
0,0,0
0,0,0
0,0,0
0,0,0
0,0,0
0,0,0
0,0,0
0,0,0
0,0,0
0,0,0
0,0,0
0,0,0
0,0,0
0,0,0
0,0,0
0,0,0
0,0,0
0,0,0
0,0,0
8.06571,-15.7497,5.0422
7.89006,-15.6426,4.99261
7.79222,-15.6872,4.99152
7.69666,-15.7365,4.99206
7.60414,-15.7921,4.99479
7.51904,-15.8637,5.00269
0,0,0
0,0,0
0,0,0
0,0,0
0,0,0
0,0,0
0,0,0
0,0,0
0,0,0
0,0,0
0,0,0
0,0,0
0,0,0
0,0,0
0,0,0
0,0,0
0,0,0
0,0,0
0,0,0
0,0,0
0,0,0
0,0,0
0,0,0
0,0,0
0,0,0
0,0,0
0,0,0
0,0,0
0,0,0
0,0,0
0,0,0
0,0,0
0,0,0
0,0,0
0,0,0
0,0,0
0,0,0
0,0,0
0,0,0
0,0,0
0,0,0
0,0,0
0,0,0
0,0,0
0,0,0
0,0,0
0,0,0
0,0,0
0,0,0
0,0,0
0,0,0
0,0,0
0,0,0
0,0,0
0,0,0
0,0,0
0,0,0
0,0,0
0,0,0
0,0,0
0,0,0
0,0,0
0,0,0
0,0,0
0,0,0
0,0,0
0,0,0
0,0,0
0,0,0
0,0,0
0,0,0
0,0,0
0,0,0
0,0,0
0,0,0
0,0,0
0,0,0
0,0,0
0,0,0
0,0,0
0,0,0
0,0,0
0,0,0
0,0,0
0,0,0
0,0,0
0,0,0
0,0,0
0,0,0
0,0,0
0,0,0
0,0,0
0,0,0
0,0,0
0,0,0
0,0,0
0,0,0
0,0,0
0,0,0
0,0,0
0,0,0
0,0,0
0,0,0
0,0,0
0,0,0
0,0,0
0,0,0
0,0,0
0,0,0
0,0,0
0,0,0
0,0,0
0,0,0
0,0,0
0,0,0
0,0,0
0,0,0
0,0,0
0,0,0
0,0,0
0,0,0
0,0,0
0,0,0
0,0,0
0,0,0
0,0,0
0,0,0
0,0,0
0,0,0
0,0,0
0,0,0
0,0,0
0,0,0
0,0,0
0,0,0
0,0,0
0,0,0
0,0,0
0,0,0
0,0,0
0,0,0
0,0,0
0,0,0
0,0,0
0,0,0
0,0,0
0,0,0
0,0,0
0,0,0
0,0,0
0,0,0
0,0,0
0,0,0
0,0,0
0,0,0
0,0,0
0,0,0
0,0,0
0,0,0
0,0,0
0,0,0
0,0,0
0,0,0
0,0,0
0,0,0
0,0,0
0,0,0
0,0,0
0,0,0
0,0,0
0,0,0
0,0,0
0,0,0
0,0,0
0,0,0
0,0,0
0,0,0
0,0,0
0,0,0
0,0,0
0,0,0
0,0,0
0,0,0
0,0,0
0,0,0
0,0,0
0,0,0
0,0,0
0,0,0
0,0,0
0,0,0
0,0,0
0,0,0
0,0,0
0,0,0
0,0,0
0,0,0
0,0,0
0,0,0
0,0,0
0,0,0
0,0,0
0,0,0
0,0,0
0,0,0
0,0,0
0,0,0
0,0,0
0,0,0
0,0,0
0,0,0
0,0,0
0,0,0
0,0,0
0,0,0
0,0,0
0,0,0
0,0,0
0,0,0
0,0,0
0,0,0
0,0,0
0,0,0
0,0,0
0,0,0
0,0,0
0,0,0
0,0,0
0,0,0
0,0,0
0,0,0
0,0,0
0,0,0
0,0,0
0,0,0
0,0,0
0,0,0
0,0,0
0,0,0
0,0,0
0,0,0
0,0,0
0,0,0
0,0,0
0,0,0
0,0,0
0,0,0
0,0,0
0,0,0
0,0,0
0,0,0
0,0,0
0,0,0
0,0,0
0,0,0
0,0,0
0,0,0
0,0,0
0,0,0
0,0,0
0,0,0
0,0,0
0,0,0
0,0,0
0,0,0
0,0,0
0,0,0
0,0,0
0,0,0
0,0,0
0,0,0
0,0,0
0,0,0
0,0,0
0,0,0
0,0,0
0,0,0
0,0,0
0,0,0
0,0,0
0,0,0
0,0,0
0,0,0
0,0,0
0,0,0
0,0,0
0,0,0
0,0,0
0,0,0
0,0,0
0,0,0
0,0,0
0,0,0
0,0,0
0,0,0
0,0,0
0,0,0
0,0,0
0,0,0
0,0,0
0,0,0
0,0,0
0,0,0
0,0,0
0,0,0
0,0,0
0,0,0
0,0,0
0,0,0
0,0,0
0,0,0
0,0,0
0,0,0
0,0,0
0,0,0
0,0,0
0,0,0
0,0,0
0,0,0
0,0,0
0,0,0
0,0,0
0,0,0
0,0,0
0,0,0
0,0,0
0,0,0
0,0,0
0,0,0
0,0,0
0,0,0
0,0,0
0,0,0
0,0,0
0,0,0
0,0,0
0,0,0
0,0,0
0,0,0
0,0,0
0,0,0
0,0,0
0,0,0
0,0,0
0,0,0
0,0,0
0,0,0
0,0,0
0,0,0
0,0,0
0,0,0
0,0,0
0,0,0
0,0,0
0,0,0
0,0,0
0,0,0
0,0,0
0,0,0
0,0,0
0,0,0
0,0,0
0,0,0
0,0,0
0,0,0
0,0,0
0,0,0
0,0,0
0,0,0
0,0,0
0,0,0
0,0,0
0,0,0
0,0,0
0,0,0
0,0,0
0,0,0
0,0,0
0,0,0
0,0,0
0,0,0
0,0,0
0,0,0
0,0,0
0,0,0
0,0,0
0,0,0
0,0,0
0,0,0
0,0,0
0,0,0
0,0,0
0,0,0
0,0,0
0,0,0
0,0,0
0,0,0
0,0,0
0,0,0
0,0,0
0,0,0
0,0,0
0,0,0
0,0,0
0,0,0
0,0,0
0,0,0
0,0,0
0,0,0
0,0,0
0,0,0
0,0,0
0,0,0
0,0,0
0,0,0
0,0,0
0,0,0
0,0,0
0,0,0
0,0,0
0,0,0
0,0,0
0,0,0
0,0,0
0,0,0
0,0,0
0,0,0
0,0,0
0,0,0
0,0,0
0,0,0
0,0,0
0,0,0
0,0,0
0,0,0
0,0,0
0,0,0
0,0,0
0,0,0
0,0,0
0,0,0
0,0,0
0,0,0
0,0,0
0,0,0
0,0,0
0,0,0
0,0,0
0,0,0
0,0,0
0,0,0
0,0,0
0,0,0
0,0,0
0,0,0
0,0,0
0,0,0
0,0,0
0,0,0
0,0,0
0,0,0
0,0,0
0,0,0
0,0,0
0,0,0
0,0,0
0,0,0
0,0,0
0,0,0
0,0,0
0,0,0
0,0,0
0,0,0
0,0,0
0,0,0
0,0,0
0,0,0
0,0,0
0,0,0
0,0,0
0,0,0
0,0,0
0,0,0
0,0,0
0,0,0
0,0,0
0,0,0
0,0,0
0,0,0
0,0,0
0,0,0
0,0,0
0,0,0
0,0,0
0,0,0
0,0,0
0,0,0
0,0,0
0,0,0
0,0,0
0,0,0
0,0,0
0,0,0
0,0,0
0,0,0
0,0,0
0,0,0
0,0,0
0,0,0
0,0,0
0,0,0
0,0,0
0,0,0
0,0,0
0,0,0
0,0,0
0,0,0
0,0,0
0,0,0
0,0,0
0,0,0
0,0,0
0,0,0
0,0,0
0,0,0
0,0,0
0,0,0
0,0,0
0,0,0
0,0,0
0,0,0
0,0,0
0,0,0
0,0,0
0,0,0
0,0,0
0,0,0
0,0,0
0,0,0
0,0,0
0,0,0
0,0,0
0,0,0
0,0,0
0,0,0
0,0,0
0,0,0
0,0,0
0,0,0
0,0,0
0,0,0
0,0,0
0,0,0
0,0,0
0,0,0
0,0,0
0,0,0
0,0,0
0,0,0
0,0,0
0,0,0
0,0,0
0,0,0
0,0,0
0,0,0
0,0,0
0,0,0
0,0,0
0,0,0
0,0,0
0,0,0
0,0,0
0,0,0
0,0,0
0,0,0
0,0,0
0,0,0
0,0,0
0,0,0
0,0,0
0,0,0
0,0,0
0,0,0
0,0,0
0,0,0
0,0,0
0,0,0
0,0,0
0,0,0
0,0,0
0,0,0
0,0,0
0,0,0
0,0,0
0,0,0
0,0,0
0,0,0
0,0,0
0,0,0
0,0,0
0,0,0
0,0,0
0,0,0
0,0,0
0,0,0
0,0,0
0,0,0
0,0,0
0,0,0
0,0,0
0,0,0
0,0,0
0,0,0
0,0,0
0,0,0
0,0,0
0,0,0
0,0,0
0,0,0
0,0,0
0,0,0
0,0,0
0,0,0
0,0,0
0,0,0
0,0,0
0,0,0
0,0,0
0,0,0
0,0,0
0,0,0
0,0,0
0,0,0
0,0,0
0,0,0
0,0,0
0,0,0
0,0,0
0,0,0
0,0,0
0,0,0
0,0,0
0,0,0
0,0,0
0,0,0
0,0,0
0,0,0
0,0,0
0,0,0
0,0,0
0,0,0
0,0,0
0,0,0
0,0,0
0,0,0
0,0,0
0,0,0
0,0,0
0,0,0
0,0,0
0,0,0
0,0,0
0,0,0
0,0,0
0,0,0
0,0,0
0,0,0
0,0,0
0,0,0
0,0,0
0,0,0
0,0,0
0,0,0
0,0,0
0,0,0
0,0,0
0,0,0
0,0,0
0,0,0
0,0,0
0,0,0
0,0,0
0,0,0
0,0,0
0,0,0
0,0,0
0,0,0
0,0,0
0,0,0
0,0,0
0,0,0
0,0,0
0,0,0
0,0,0
0,0,0
0,0,0
0,0,0
0,0,0
0,0,0
0,0,0
0,0,0
0,0,0
0,0,0
0,0,0
0,0,0
0,0,0
0,0,0
0,0,0
0,0,0
0,0,0
0,0,0
0,0,0
0,0,0
0,0,0
0,0,0
0,0,0
0,0,0
0,0,0
0,0,0
0,0,0
0,0,0
0,0,0
0,0,0
0,0,0
0,0,0
0,0,0
0,0,0
0,0,0
0,0,0
0,0,0
0,0,0
0,0,0
0,0,0
0,0,0
0,0,0
0,0,0
0,0,0
0,0,0
0,0,0
0,0,0
0,0,0
0,0,0
0,0,0
0,0,0
0,0,0
0,0,0
0,0,0
0,0,0
0,0,0
0,0,0
0,0,0
0,0,0
0,0,0
0,0,0
0,0,0
0,0,0
0,0,0
0,0,0
0,0,0
0,0,0
0,0,0
0,0,0
0,0,0
0,0,0
0,0,0
0,0,0
0,0,0
0,0,0
0,0,0
0,0,0
0,0,0
0,0,0
0,0,0
0,0,0
0,0,0
0,0,0
0,0,0
0,0,0
0,0,0
0,0,0
0,0,0
0,0,0
0,0,0
0,0,0
0,0,0
0,0,0
0,0,0
0,0,0
0,0,0
0,0,0
0,0,0
0,0,0
0,0,0
0,0,0
0,0,0
0,0,0
0,0,0
0,0,0
0,0,0
0,0,0
0,0,0
0,0,0
0,0,0
0,0,0
0,0,0
0,0,0
0,0,0
0,0,0
0,0,0
0,0,0
0,0,0
0,0,0
0,0,0
0,0,0
0,0,0
0,0,0
0,0,0
0,0,0
0,0,0
0,0,0
0,0,0
0,0,0
0,0,0
0,0,0
0,0,0
0,0,0
0,0,0
0,0,0
0,0,0
0,0,0
0,0,0
0,0,0
0,0,0
0,0,0
0,0,0
0,0,0
0,0,0
0,0,0
0,0,0
0,0,0
0,0,0
0,0,0
0,0,0
0,0,0
0,0,0
0,0,0
0,0,0
0,0,0
0,0,0
0,0,0
0,0,0
0,0,0
0,0,0
0,0,0
0,0,0
0,0,0
0,0,0
0,0,0
0,0,0
0,0,0
0,0,0
0,0,0
0,0,0
0,0,0
0,0,0
0,0,0
0,0,0
0,0,0
0,0,0
0,0,0
0,0,0
0,0,0
0,0,0
0,0,0
0,0,0
0,0,0
0,0,0
0,0,0
0,0,0
0,0,0
0,0,0
0,0,0
0,0,0
0,0,0
0,0,0
0,0,0
0,0,0
0,0,0
0,0,0
0,0,0
0,0,0
0,0,0
0,0,0
0,0,0
0,0,0
0,0,0
0,0,0
0,0,0
0,0,0
0,0,0
0,0,0
0,0,0
0,0,0
0,0,0
0,0,0
0,0,0
0,0,0
0,0,0
0,0,0
0,0,0
0,0,0
0,0,0
0,0,0
0,0,0
0,0,0
0,0,0
0,0,0
0,0,0
0,0,0
0,0,0
0,0,0
0,0,0
0,0,0
0,0,0
0,0,0
0,0,0
0,0,0
0,0,0
0,0,0
0,0,0
0,0,0
0,0,0
0,0,0
0,0,0
0,0,0
0,0,0
0,0,0
0,0,0
0,0,0
0,0,0
0,0,0
0,0,0
0,0,0
0,0,0
0,0,0
0,0,0
0,0,0
0,0,0
0,0,0
0,0,0
0,0,0
0,0,0
0,0,0
0,0,0
0,0,0
0,0,0
0,0,0
0,0,0
0,0,0
0,0,0
0,0,0
0,0,0
0,0,0
0,0,0
0,0,0
0,0,0
0,0,0
0,0,0
0,0,0
0,0,0
0,0,0
0,0,0
0,0,0
0,0,0
0,0,0
0,0,0
0,0,0
0,0,0
0,0,0
0,0,0
0,0,0
0,0,0
0,0,0
0,0,0
0,0,0
0,0,0
0,0,0
0,0,0
0,0,0
0,0,0
0,0,0
0,0,0
0,0,0
0,0,0
0,0,0
0,0,0
0,0,0
0,0,0
0,0,0
0,0,0
0,0,0
0,0,0
0,0,0
0,0,0
0,0,0
0,0,0
0,0,0
0,0,0
0,0,0
0,0,0
0,0,0
0,0,0
0,0,0
0,0,0
0,0,0
0,0,0
0,0,0
0,0,0
0,0,0
0,0,0
0,0,0
0,0,0
0,0,0
0,0,0
0,0,0
0,0,0
0,0,0
0,0,0
0,0,0
0,0,0
0,0,0
0,0,0
0,0,0
0,0,0
8.05701,-15.7395,4.8194
7.89379,-15.6568,4.77942
7.78856,-15.6868,4.77393
7.69216,-15.7343,4.77393
7.5984,-15.7873,4.77576
7.55182,-15.94,4.80764
0,0,0
0,0,0
0,0,0
0,0,0
0,0,0
0,0,0
0,0,0
0,0,0
0,0,0
0,0,0
0,0,0
0,0,0
0,0,0
0,0,0
0,0,0
0,0,0
0,0,0
0,0,0
0,0,0
0,0,0
0,0,0
0,0,0
0,0,0
0,0,0
0,0,0
0,0,0
0,0,0
0,0,0
0,0,0
0,0,0
0,0,0
0,0,0
0,0,0
0,0,0
0,0,0
0,0,0
0,0,0
0,0,0
0,0,0
0,0,0
0,0,0
0,0,0
0,0,0
0,0,0
0,0,0
0,0,0
0,0,0
0,0,0
0,0,0
0,0,0
0,0,0
0,0,0
0,0,0
0,0,0
0,0,0
0,0,0
0,0,0
0,0,0
0,0,0
0,0,0
0,0,0
0,0,0
0,0,0
0,0,0
0,0,0
0,0,0
0,0,0
0,0,0
0,0,0
0,0,0
0,0,0
0,0,0
0,0,0
0,0,0
0,0,0
0,0,0
0,0,0
0,0,0
0,0,0
0,0,0
0,0,0
0,0,0
0,0,0
0,0,0
0,0,0
0,0,0
0,0,0
0,0,0
0,0,0
0,0,0
0,0,0
0,0,0
0,0,0
0,0,0
0,0,0
0,0,0
0,0,0
0,0,0
0,0,0
0,0,0
0,0,0
0,0,0
0,0,0
0,0,0
0,0,0
0,0,0
0,0,0
0,0,0
0,0,0
0,0,0
0,0,0
0,0,0
0,0,0
0,0,0
0,0,0
0,0,0
0,0,0
0,0,0
0,0,0
0,0,0
0,0,0
0,0,0
0,0,0
0,0,0
0,0,0
0,0,0
0,0,0
0,0,0
0,0,0
0,0,0
0,0,0
0,0,0
0,0,0
0,0,0
0,0,0
0,0,0
0,0,0
0,0,0
0,0,0
0,0,0
0,0,0
0,0,0
0,0,0
0,0,0
0,0,0
0,0,0
0,0,0
0,0,0
0,0,0
0,0,0
0,0,0
0,0,0
0,0,0
0,0,0
0,0,0
0,0,0
0,0,0
0,0,0
0,0,0
0,0,0
0,0,0
0,0,0
0,0,0
0,0,0
0,0,0
0,0,0
0,0,0
0,0,0
0,0,0
0,0,0
0,0,0
0,0,0
0,0,0
0,0,0
0,0,0
0,0,0
0,0,0
0,0,0
0,0,0
0,0,0
0,0,0
0,0,0
0,0,0
0,0,0
0,0,0
0,0,0
0,0,0
0,0,0
0,0,0
0,0,0
0,0,0
0,0,0
0,0,0
0,0,0
0,0,0
0,0,0
0,0,0
0,0,0
0,0,0
0,0,0
0,0,0
0,0,0
0,0,0
0,0,0
0,0,0
0,0,0
0,0,0
0,0,0
0,0,0
0,0,0
0,0,0
0,0,0
0,0,0
0,0,0
0,0,0
0,0,0
0,0,0
0,0,0
0,0,0
0,0,0
0,0,0
0,0,0
0,0,0
0,0,0
0,0,0
0,0,0
0,0,0
0,0,0
0,0,0
0,0,0
0,0,0
0,0,0
0,0,0
0,0,0
0,0,0
0,0,0
0,0,0
0,0,0
0,0,0
0,0,0
0,0,0
0,0,0
0,0,0
0,0,0
0,0,0
0,0,0
0,0,0
0,0,0
0,0,0
0,0,0
0,0,0
0,0,0
0,0,0
0,0,0
0,0,0
0,0,0
0,0,0
0,0,0
0,0,0
0,0,0
0,0,0
0,0,0
0,0,0
0,0,0
0,0,0
0,0,0
0,0,0
0,0,0
0,0,0
0,0,0
0,0,0
0,0,0
0,0,0
0,0,0
0,0,0
0,0,0
0,0,0
0,0,0
0,0,0
0,0,0
0,0,0
0,0,0
0,0,0
0,0,0
0,0,0
0,0,0
0,0,0
0,0,0
0,0,0
0,0,0
0,0,0
0,0,0
0,0,0
0,0,0
0,0,0
0,0,0
0,0,0
0,0,0
0,0,0
0,0,0
0,0,0
0,0,0
0,0,0
0,0,0
0,0,0
0,0,0
0,0,0
0,0,0
0,0,0
0,0,0
0,0,0
0,0,0
0,0,0
0,0,0
0,0,0
0,0,0
0,0,0
0,0,0
0,0,0
0,0,0
0,0,0
0,0,0
0,0,0
0,0,0
0,0,0
0,0,0
0,0,0
0,0,0
0,0,0
0,0,0
0,0,0
0,0,0
0,0,0
0,0,0
0,0,0
0,0,0
0,0,0
0,0,0
0,0,0
0,0,0
0,0,0
0,0,0
0,0,0
0,0,0
0,0,0
0,0,0
0,0,0
0,0,0
0,0,0
0,0,0
0,0,0
0,0,0
0,0,0
0,0,0
0,0,0
0,0,0
0,0,0
0,0,0
0,0,0
0,0,0
0,0,0
0,0,0
0,0,0
0,0,0
0,0,0
0,0,0
0,0,0
0,0,0
0,0,0
0,0,0
0,0,0
0,0,0
0,0,0
0,0,0
0,0,0
0,0,0
0,0,0
0,0,0
0,0,0
0,0,0
0,0,0
0,0,0
0,0,0
0,0,0
0,0,0
0,0,0
0,0,0
0,0,0
0,0,0
0,0,0
0,0,0
0,0,0
0,0,0
0,0,0
0,0,0
0,0,0
0,0,0
0,0,0
0,0,0
0,0,0
0,0,0
0,0,0
0,0,0
0,0,0
0,0,0
0,0,0
0,0,0
0,0,0
0,0,0
0,0,0
0,0,0
0,0,0
0,0,0
0,0,0
0,0,0
0,0,0
0,0,0
0,0,0
0,0,0
0,0,0
0,0,0
0,0,0
0,0,0
0,0,0
0,0,0
0,0,0
0,0,0
0,0,0
0,0,0
0,0,0
0,0,0
0,0,0
0,0,0
0,0,0
0,0,0
0,0,0
0,0,0
0,0,0
0,0,0
0,0,0
0,0,0
0,0,0
0,0,0
0,0,0
0,0,0
0,0,0
0,0,0
0,0,0
0,0,0
0,0,0
0,0,0
0,0,0
0,0,0
0,0,0
0,0,0
0,0,0
0,0,0
0,0,0
0,0,0
0,0,0
0,0,0
0,0,0
0,0,0
0,0,0
0,0,0
0,0,0
0,0,0
0,0,0
0,0,0
0,0,0
0,0,0
0,0,0
0,0,0
0,0,0
0,0,0
0,0,0
0,0,0
0,0,0
0,0,0
0,0,0
0,0,0
0,0,0
0,0,0
0,0,0
0,0,0
0,0,0
0,0,0
0,0,0
0,0,0
0,0,0
0,0,0
0,0,0
0,0,0
0,0,0
0,0,0
0,0,0
0,0,0
0,0,0
0,0,0
0,0,0
0,0,0
0,0,0
0,0,0
0,0,0
0,0,0
0,0,0
0,0,0
0,0,0
0,0,0
0,0,0
0,0,0
0,0,0
0,0,0
0,0,0
0,0,0
0,0,0
0,0,0
0,0,0
0,0,0
0,0,0
0,0,0
0,0,0
0,0,0
0,0,0
0,0,0
0,0,0
0,0,0
0,0,0
0,0,0
0,0,0
0,0,0
0,0,0
0,0,0
0,0,0
0,0,0
0,0,0
0,0,0
0,0,0
0,0,0
0,0,0
0,0,0
0,0,0
0,0,0
0,0,0
0,0,0
0,0,0
0,0,0
0,0,0
0,0,0
0,0,0
0,0,0
0,0,0
0,0,0
0,0,0
0,0,0
0,0,0
0,0,0
0,0,0
0,0,0
0,0,0
0,0,0
0,0,0
0,0,0
0,0,0
0,0,0
0,0,0
0,0,0
0,0,0
0,0,0
0,0,0
0,0,0
0,0,0
0,0,0
0,0,0
0,0,0
0,0,0
0,0,0
0,0,0
0,0,0
0,0,0
0,0,0
0,0,0
0,0,0
0,0,0
0,0,0
0,0,0
0,0,0
0,0,0
0,0,0
0,0,0
0,0,0
0,0,0
0,0,0
0,0,0
0,0,0
0,0,0
0,0,0
0,0,0
0,0,0
0,0,0
0,0,0
0,0,0
0,0,0
0,0,0
0,0,0
0,0,0
0,0,0
0,0,0
0,0,0
0,0,0
0,0,0
0,0,0
0,0,0
0,0,0
0,0,0
0,0,0
0,0,0
0,0,0
0,0,0
0,0,0
0,0,0
0,0,0
0,0,0
0,0,0
0,0,0
0,0,0
0,0,0
0,0,0
0,0,0
0,0,0
0,0,0
0,0,0
0,0,0
0,0,0
0,0,0
0,0,0
0,0,0
0,0,0
0,0,0
0,0,0
0,0,0
0,0,0
0,0,0
0,0,0
0,0,0
0,0,0
0,0,0
0,0,0
0,0,0
0,0,0
0,0,0
0,0,0
0,0,0
0,0,0
0,0,0
0,0,0
0,0,0
0,0,0
0,0,0
0,0,0
0,0,0
0,0,0
0,0,0
0,0,0
0,0,0
0,0,0
0,0,0
0,0,0
0,0,0
0,0,0
0,0,0
0,0,0
0,0,0
0,0,0
0,0,0
0,0,0
0,0,0
0,0,0
0,0,0
0,0,0
0,0,0
0,0,0
0,0,0
0,0,0
0,0,0
0,0,0
0,0,0
0,0,0
0,0,0
0,0,0
0,0,0
0,0,0
0,0,0
0,0,0
0,0,0
0,0,0
0,0,0
0,0,0
0,0,0
0,0,0
0,0,0
0,0,0
0,0,0
0,0,0
0,0,0
0,0,0
0,0,0
0,0,0
0,0,0
0,0,0
0,0,0
0,0,0
0,0,0
0,0,0
0,0,0
0,0,0
0,0,0
0,0,0
0,0,0
0,0,0
0,0,0
0,0,0
0,0,0
0,0,0
0,0,0
0,0,0
0,0,0
0,0,0
0,0,0
0,0,0
0,0,0
0,0,0
0,0,0
0,0,0
0,0,0
0,0,0
0,0,0
0,0,0
0,0,0
0,0,0
0,0,0
0,0,0
0,0,0
0,0,0
0,0,0
0,0,0
0,0,0
0,0,0
0,0,0
0,0,0
0,0,0
0,0,0
0,0,0
0,0,0
0,0,0
0,0,0
0,0,0
0,0,0
0,0,0
0,0,0
0,0,0
0,0,0
0,0,0
0,0,0
0,0,0
0,0,0
0,0,0
0,0,0
0,0,0
0,0,0
0,0,0
0,0,0
0,0,0
0,0,0
0,0,0
0,0,0
0,0,0
0,0,0
0,0,0
0,0,0
0,0,0
0,0,0
0,0,0
0,0,0
0,0,0
0,0,0
0,0,0
0,0,0
0,0,0
0,0,0
0,0,0
0,0,0
0,0,0
0,0,0
0,0,0
0,0,0
0,0,0
0,0,0
0,0,0
0,0,0
0,0,0
0,0,0
0,0,0
0,0,0
0,0,0
0,0,0
0,0,0
0,0,0
0,0,0
0,0,0
0,0,0
0,0,0
0,0,0
0,0,0
0,0,0
0,0,0
0,0,0
0,0,0
0,0,0
0,0,0
0,0,0
0,0,0
0,0,0
0,0,0
0,0,0
0,0,0
0,0,0
0,0,0
0,0,0
0,0,0
0,0,0
0,0,0
0,0,0
0,0,0
0,0,0
0,0,0
0,0,0
0,0,0
0,0,0
0,0,0
0,0,0
0,0,0
0,0,0
0,0,0
0,0,0
0,0,0
0,0,0
0,0,0
0,0,0
0,0,0
0,0,0
0,0,0
0,0,0
0,0,0
0,0,0
0,0,0
0,0,0
0,0,0
0,0,0
0,0,0
0,0,0
0,0,0
0,0,0
0,0,0
0,0,0
0,0,0
0,0,0
0,0,0
0,0,0
0,0,0
0,0,0
0,0,0
0,0,0
0,0,0
0,0,0
0,0,0
0,0,0
0,0,0
0,0,0
0,0,0
0,0,0
0,0,0
0,0,0
0,0,0
0,0,0
0,0,0
0,0,0
0,0,0
0,0,0
0,0,0
0,0,0
0,0,0
0,0,0
0,0,0
0,0,0
0,0,0
0,0,0
0,0,0
0,0,0
0,0,0
0,0,0
0,0,0
0,0,0
0,0,0
0,0,0
0,0,0
0,0,0
0,0,0
0,0,0
0,0,0
0,0,0
0,0,0
0,0,0
0,0,0
0,0,0
0,0,0
0,0,0
0,0,0
0,0,0
0,0,0
0,0,0
0,0,0
0,0,0
0,0,0
0,0,0
0,0,0
0,0,0
0,0,0
0,0,0
0,0,0
0,0,0
0,0,0
0,0,0
0,0,0
0,0,0
0,0,0
0,0,0
0,0,0
0,0,0
0,0,0
0,0,0
0,0,0
0,0,0
0,0,0
0,0,0
0,0,0
0,0,0
0,0,0
0,0,0
0,0,0
0,0,0
0,0,0
0,0,0
0,0,0
0,0,0
0,0,0
0,0,0
0,0,0
0,0,0
0,0,0
0,0,0
0,0,0
0,0,0
0,0,0
0,0,0
0,0,0
0,0,0
0,0,0
0,0,0
0,0,0
0,0,0
0,0,0
0,0,0
0,0,0
0,0,0
0,0,0
0,0,0
0,0,0
0,0,0
0,0,0
0,0,0
0,0,0
0,0,0
0,0,0
0,0,0
0,0,0
0,0,0
0,0,0
0,0,0
0,0,0
0,0,0
0,0,0
0,0,0
0,0,0
0,0,0
0,0,0
0,0,0
0,0,0
0,0,0
0,0,0
0,0,0
0,0,0
8.0712,-15.7605,4.61142
7.89369,-15.6498,4.5651
7.79321,-15.6892,4.5626
7.69424,-15.7315,4.5611
7.61269,-15.8099,4.57011
7.55493,-15.9394,4.5939
0,0,0
0,0,0
0,0,0
0,0,0
0,0,0
0,0,0
0,0,0
0,0,0
0,0,0
0,0,0
0,0,0
0,0,0
0,0,0
0,0,0
0,0,0
0,0,0
0,0,0
0,0,0
0,0,0
0,0,0
0,0,0
0,0,0
0,0,0
0,0,0
0,0,0
0,0,0
0,0,0
0,0,0
0,0,0
0,0,0
0,0,0
0,0,0
0,0,0
0,0,0
0,0,0
0,0,0
0,0,0
0,0,0
0,0,0
0,0,0
0,0,0
0,0,0
0,0,0
0,0,0
0,0,0
0,0,0
0,0,0
0,0,0
0,0,0
0,0,0
0,0,0
0,0,0
0,0,0
0,0,0
0,0,0
0,0,0
0,0,0
0,0,0
0,0,0
0,0,0
0,0,0
0,0,0
0,0,0
0,0,0
0,0,0
0,0,0
0,0,0
0,0,0
0,0,0
0,0,0
0,0,0
0,0,0
0,0,0
0,0,0
0,0,0
0,0,0
0,0,0
0,0,0
0,0,0
0,0,0
0,0,0
0,0,0
0,0,0
0,0,0
0,0,0
0,0,0
0,0,0
0,0,0
0,0,0
0,0,0
0,0,0
0,0,0
0,0,0
0,0,0
0,0,0
0,0,0
0,0,0
0,0,0
0,0,0
0,0,0
0,0,0
0,0,0
0,0,0
0,0,0
0,0,0
0,0,0
0,0,0
0,0,0
0,0,0
0,0,0
0,0,0
0,0,0
0,0,0
0,0,0
0,0,0
0,0,0
0,0,0
0,0,0
0,0,0
0,0,0
0,0,0
0,0,0
0,0,0
0,0,0
0,0,0
0,0,0
0,0,0
0,0,0
0,0,0
0,0,0
0,0,0
0,0,0
0,0,0
0,0,0
0,0,0
0,0,0
0,0,0
0,0,0
0,0,0
0,0,0
0,0,0
0,0,0
0,0,0
0,0,0
0,0,0
0,0,0
0,0,0
0,0,0
0,0,0
0,0,0
0,0,0
0,0,0
0,0,0
0,0,0
0,0,0
0,0,0
0,0,0
0,0,0
0,0,0
0,0,0
0,0,0
0,0,0
0,0,0
0,0,0
0,0,0
0,0,0
0,0,0
0,0,0
0,0,0
0,0,0
0,0,0
0,0,0
0,0,0
0,0,0
0,0,0
0,0,0
0,0,0
0,0,0
0,0,0
0,0,0
0,0,0
0,0,0
0,0,0
0,0,0
0,0,0
0,0,0
0,0,0
0,0,0
0,0,0
0,0,0
0,0,0
0,0,0
0,0,0
0,0,0
0,0,0
0,0,0
0,0,0
0,0,0
0,0,0
0,0,0
0,0,0
0,0,0
0,0,0
0,0,0
0,0,0
0,0,0
0,0,0
0,0,0
0,0,0
0,0,0
0,0,0
0,0,0
0,0,0
0,0,0
0,0,0
0,0,0
0,0,0
0,0,0
0,0,0
0,0,0
0,0,0
0,0,0
0,0,0
0,0,0
0,0,0
0,0,0
0,0,0
0,0,0
0,0,0
0,0,0
0,0,0
0,0,0
0,0,0
0,0,0
0,0,0
0,0,0
0,0,0
0,0,0
0,0,0
0,0,0
0,0,0
0,0,0
0,0,0
0,0,0
0,0,0
0,0,0
0,0,0
0,0,0
0,0,0
0,0,0
0,0,0
0,0,0
0,0,0
0,0,0
0,0,0
0,0,0
0,0,0
0,0,0
0,0,0
0,0,0
0,0,0
0,0,0
0,0,0
0,0,0
0,0,0
0,0,0
0,0,0
0,0,0
0,0,0
0,0,0
0,0,0
0,0,0
0,0,0
0,0,0
0,0,0
0,0,0
0,0,0
0,0,0
0,0,0
0,0,0
0,0,0
0,0,0
0,0,0
0,0,0
0,0,0
0,0,0
0,0,0
0,0,0
0,0,0
0,0,0
0,0,0
0,0,0
0,0,0
0,0,0
0,0,0
0,0,0
0,0,0
0,0,0
0,0,0
0,0,0
0,0,0
0,0,0
0,0,0
0,0,0
0,0,0
0,0,0
0,0,0
0,0,0
0,0,0
0,0,0
0,0,0
0,0,0
0,0,0
0,0,0
0,0,0
0,0,0
0,0,0
0,0,0
0,0,0
0,0,0
0,0,0
0,0,0
0,0,0
0,0,0
0,0,0
0,0,0
0,0,0
0,0,0
0,0,0
0,0,0
0,0,0
0,0,0
0,0,0
0,0,0
0,0,0
0,0,0
0,0,0
0,0,0
0,0,0
0,0,0
0,0,0
0,0,0
0,0,0
0,0,0
0,0,0
0,0,0
0,0,0
0,0,0
0,0,0
0,0,0
0,0,0
0,0,0
0,0,0
0,0,0
0,0,0
0,0,0
0,0,0
0,0,0
0,0,0
0,0,0
0,0,0
0,0,0
0,0,0
0,0,0
0,0,0
0,0,0
0,0,0
0,0,0
0,0,0
0,0,0
0,0,0
0,0,0
0,0,0
0,0,0
0,0,0
0,0,0
0,0,0
0,0,0
0,0,0
0,0,0
0,0,0
0,0,0
0,0,0
0,0,0
0,0,0
0,0,0
0,0,0
0,0,0
0,0,0
0,0,0
0,0,0
0,0,0
0,0,0
0,0,0
0,0,0
0,0,0
0,0,0
0,0,0
0,0,0
0,0,0
0,0,0
0,0,0
0,0,0
0,0,0
0,0,0
0,0,0
0,0,0
0,0,0
0,0,0
0,0,0
0,0,0
0,0,0
0,0,0
0,0,0
0,0,0
0,0,0
0,0,0
0,0,0
0,0,0
0,0,0
0,0,0
0,0,0
0,0,0
0,0,0
0,0,0
0,0,0
0,0,0
0,0,0
0,0,0
0,0,0
0,0,0
0,0,0
0,0,0
0,0,0
0,0,0
0,0,0
0,0,0
0,0,0
0,0,0
0,0,0
0,0,0
0,0,0
0,0,0
0,0,0
0,0,0
0,0,0
0,0,0
0,0,0
0,0,0
0,0,0
0,0,0
0,0,0
0,0,0
0,0,0
0,0,0
0,0,0
0,0,0
0,0,0
0,0,0
0,0,0
0,0,0
0,0,0
0,0,0
0,0,0
0,0,0
0,0,0
0,0,0
0,0,0
0,0,0
0,0,0
0,0,0
0,0,0
0,0,0
0,0,0
0,0,0
0,0,0
0,0,0
0,0,0
0,0,0
0,0,0
0,0,0
0,0,0
0,0,0
0,0,0
0,0,0
0,0,0
0,0,0
0,0,0
0,0,0
0,0,0
0,0,0
0,0,0
0,0,0
0,0,0
0,0,0
0,0,0
0,0,0
0,0,0
0,0,0
0,0,0
0,0,0
0,0,0
0,0,0
0,0,0
0,0,0
0,0,0
0,0,0
0,0,0
0,0,0
0,0,0
0,0,0
0,0,0
0,0,0
0,0,0
0,0,0
0,0,0
0,0,0
0,0,0
0,0,0
0,0,0
0,0,0
0,0,0
0,0,0
0,0,0
0,0,0
0,0,0
0,0,0
0,0,0
0,0,0
0,0,0
0,0,0
0,0,0
0,0,0
0,0,0
0,0,0
0,0,0
0,0,0
0,0,0
0,0,0
0,0,0
0,0,0
0,0,0
0,0,0
0,0,0
0,0,0
0,0,0
0,0,0
0,0,0
0,0,0
0,0,0
0,0,0
0,0,0
0,0,0
0,0,0
0,0,0
0,0,0
0,0,0
0,0,0
0,0,0
0,0,0
0,0,0
0,0,0
0,0,0
0,0,0
0,0,0
0,0,0
0,0,0
0,0,0
0,0,0
0,0,0
0,0,0
0,0,0
0,0,0
0,0,0
0,0,0
0,0,0
0,0,0
0,0,0
0,0,0
0,0,0
0,0,0
0,0,0
0,0,0
0,0,0
0,0,0
0,0,0
0,0,0
0,0,0
0,0,0
0,0,0
0,0,0
0,0,0
0,0,0
0,0,0
0,0,0
0,0,0
0,0,0
0,0,0
0,0,0
0,0,0
0,0,0
0,0,0
0,0,0
0,0,0
0,0,0
0,0,0
0,0,0
0,0,0
0,0,0
0,0,0
0,0,0
0,0,0
0,0,0
0,0,0
0,0,0
0,0,0
0,0,0
0,0,0
0,0,0
0,0,0
0,0,0
0,0,0
0,0,0
0,0,0
0,0,0
0,0,0
0,0,0
0,0,0
0,0,0
0,0,0
0,0,0
0,0,0
0,0,0
0,0,0
0,0,0
0,0,0
0,0,0
0,0,0
0,0,0
0,0,0
0,0,0
0,0,0
0,0,0
0,0,0
0,0,0
0,0,0
0,0,0
0,0,0
0,0,0
0,0,0
0,0,0
0,0,0
0,0,0
0,0,0
0,0,0
0,0,0
0,0,0
0,0,0
0,0,0
0,0,0
0,0,0
0,0,0
0,0,0
0,0,0
0,0,0
0,0,0
0,0,0
0,0,0
0,0,0
0,0,0
0,0,0
0,0,0
0,0,0
0,0,0
0,0,0
0,0,0
0,0,0
0,0,0
0,0,0
0,0,0
0,0,0
0,0,0
0,0,0
0,0,0
0,0,0
0,0,0
0,0,0
0,0,0
0,0,0
0,0,0
0,0,0
0,0,0
0,0,0
0,0,0
0,0,0
0,0,0
0,0,0
0,0,0
0,0,0
0,0,0
0,0,0
0,0,0
0,0,0
0,0,0
0,0,0
0,0,0
0,0,0
0,0,0
0,0,0
0,0,0
0,0,0
0,0,0
0,0,0
0,0,0
0,0,0
0,0,0
0,0,0
0,0,0
0,0,0
0,0,0
0,0,0
0,0,0
0,0,0
0,0,0
0,0,0
0,0,0
0,0,0
0,0,0
0,0,0
0,0,0
0,0,0
0,0,0
0,0,0
0,0,0
0,0,0
0,0,0
0,0,0
0,0,0
0,0,0
0,0,0
0,0,0
0,0,0
0,0,0
0,0,0
0,0,0
0,0,0
0,0,0
0,0,0
0,0,0
0,0,0
0,0,0
0,0,0
0,0,0
0,0,0
0,0,0
0,0,0
0,0,0
0,0,0
0,0,0
0,0,0
0,0,0
0,0,0
0,0,0
0,0,0
0,0,0
0,0,0
0,0,0
0,0,0
0,0,0
0,0,0
0,0,0
0,0,0
0,0,0
0,0,0
0,0,0
0,0,0
0,0,0
0,0,0
0,0,0
0,0,0
0,0,0
0,0,0
0,0,0
0,0,0
0,0,0
0,0,0
0,0,0
0,0,0
0,0,0
0,0,0
0,0,0
0,0,0
0,0,0
0,0,0
0,0,0
0,0,0
0,0,0
0,0,0
0,0,0
0,0,0
0,0,0
0,0,0
0,0,0
0,0,0
0,0,0
0,0,0
0,0,0
0,0,0
0,0,0
0,0,0
0,0,0
0,0,0
0,0,0
0,0,0
0,0,0
0,0,0
0,0,0
0,0,0
0,0,0
0,0,0
0,0,0
0,0,0
0,0,0
0,0,0
0,0,0
0,0,0
0,0,0
0,0,0
0,0,0
0,0,0
0,0,0
0,0,0
0,0,0
0,0,0
0,0,0
0,0,0
0,0,0
0,0,0
0,0,0
0,0,0
0,0,0
0,0,0
0,0,0
0,0,0
0,0,0
0,0,0
0,0,0
0,0,0
0,0,0
0,0,0
0,0,0
0,0,0
0,0,0
0,0,0
0,0,0
0,0,0
0,0,0
0,0,0
0,0,0
0,0,0
0,0,0
0,0,0
0,0,0
0,0,0
0,0,0
0,0,0
0,0,0
0,0,0
0,0,0
0,0,0
0,0,0
0,0,0
0,0,0
0,0,0
0,0,0
0,0,0
0,0,0
0,0,0
0,0,0
0,0,0
0,0,0
0,0,0
0,0,0
0,0,0
0,0,0
0,0,0
0,0,0
0,0,0
0,0,0
0,0,0
0,0,0
0,0,0
0,0,0
0,0,0
0,0,0
0,0,0
0,0,0
0,0,0
0,0,0
0,0,0
0,0,0
0,0,0
0,0,0
0,0,0
0,0,0
0,0,0
0,0,0
0,0,0
0,0,0
0,0,0
0,0,0
0,0,0
0,0,0
0,0,0
0,0,0
0,0,0
0,0,0
0,0,0
0,0,0
0,0,0
0,0,0
0,0,0
0,0,0
0,0,0
0,0,0
0,0,0
0,0,0
0,0,0
0,0,0
0,0,0
0,0,0
0,0,0
0,0,0
0,0,0
0,0,0
0,0,0
0,0,0
0,0,0
0,0,0
0,0,0
0,0,0
0,0,0
0,0,0
0,0,0
0,0,0
0,0,0
0,0,0
0,0,0
0,0,0
0,0,0
0,0,0
0,0,0
0,0,0
0,0,0
0,0,0
0,0,0
0,0,0
0,0,0
0,0,0
0,0,0
0,0,0
0,0,0
0,0,0
0,0,0
0,0,0
0,0,0
0,0,0
0,0,0
0,0,0
0,0,0
0,0,0
0,0,0
0,0,0
0,0,0
0,0,0
0,0,0
0,0,0
0,0,0
0,0,0
0,0,0
0,0,0
0,0,0
0,0,0
0,0,0
0,0,0
0,0,0
0,0,0
0,0,0
0,0,0
0,0,0
0,0,0
0,0,0
0,0,0
0,0,0
0,0,0
0,0,0
0,0,0
0,0,0
0,0,0
0,0,0
0,0,0
0,0,0
0,0,0
0,0,0
0,0,0
0,0,0
0,0,0
0,0,0
0,0,0
0,0,0
0,0,0
0,0,0
0,0,0
0,0,0
0,0,0
0,0,0
0,0,0
0,0,0
0,0,0
0,0,0
0,0,0
0,0,0
0,0,0
0,0,0
0,0,0
0,0,0
0,0,0
0,0,0
0,0,0
0,0,0
0,0,0
0,0,0
0,0,0
0,0,0
8.03119,-15.6891,4.37125
7.90067,-15.6705,4.35261
7.79444,-15.6986,4.34711
7.7001,-15.7505,4.3483
7.605,-15.801,4.34926
7.5474,-15.9307,4.37197
0,0,0
0,0,0
0,0,0
0,0,0
0,0,0
0,0,0
0,0,0
0,0,0
0,0,0
0,0,0
0,0,0
0,0,0
0,0,0
0,0,0
0,0,0
0,0,0
0,0,0
0,0,0
0,0,0
0,0,0
0,0,0
0,0,0
0,0,0
0,0,0
0,0,0
0,0,0
0,0,0
0,0,0
0,0,0
0,0,0
0,0,0
0,0,0
0,0,0
0,0,0
0,0,0
0,0,0
0,0,0
0,0,0
0,0,0
0,0,0
0,0,0
0,0,0
0,0,0
0,0,0
0,0,0
0,0,0
0,0,0
0,0,0
0,0,0
0,0,0
0,0,0
0,0,0
0,0,0
0,0,0
0,0,0
0,0,0
0,0,0
0,0,0
0,0,0
0,0,0
0,0,0
0,0,0
0,0,0
0,0,0
0,0,0
0,0,0
0,0,0
0,0,0
0,0,0
0,0,0
0,0,0
0,0,0
0,0,0
0,0,0
0,0,0
0,0,0
0,0,0
0,0,0
0,0,0
0,0,0
0,0,0
0,0,0
0,0,0
0,0,0
0,0,0
0,0,0
0,0,0
0,0,0
0,0,0
0,0,0
0,0,0
0,0,0
0,0,0
0,0,0
0,0,0
0,0,0
0,0,0
0,0,0
0,0,0
0,0,0
0,0,0
0,0,0
0,0,0
0,0,0
0,0,0
0,0,0
0,0,0
0,0,0
0,0,0
0,0,0
0,0,0
0,0,0
0,0,0
0,0,0
0,0,0
0,0,0
0,0,0
0,0,0
0,0,0
0,0,0
0,0,0
0,0,0
0,0,0
0,0,0
0,0,0
0,0,0
0,0,0
0,0,0
0,0,0
0,0,0
0,0,0
0,0,0
0,0,0
0,0,0
0,0,0
0,0,0
0,0,0
0,0,0
0,0,0
0,0,0
0,0,0
0,0,0
0,0,0
0,0,0
0,0,0
0,0,0
0,0,0
0,0,0
0,0,0
0,0,0
0,0,0
0,0,0
0,0,0
0,0,0
0,0,0
0,0,0
0,0,0
0,0,0
0,0,0
0,0,0
0,0,0
0,0,0
0,0,0
0,0,0
0,0,0
0,0,0
0,0,0
0,0,0
0,0,0
0,0,0
0,0,0
0,0,0
0,0,0
0,0,0
0,0,0
0,0,0
0,0,0
0,0,0
0,0,0
0,0,0
0,0,0
0,0,0
0,0,0
0,0,0
0,0,0
0,0,0
0,0,0
0,0,0
0,0,0
0,0,0
0,0,0
0,0,0
0,0,0
0,0,0
0,0,0
0,0,0
0,0,0
0,0,0
0,0,0
0,0,0
0,0,0
0,0,0
0,0,0
0,0,0
0,0,0
0,0,0
0,0,0
0,0,0
0,0,0
0,0,0
0,0,0
0,0,0
0,0,0
0,0,0
0,0,0
0,0,0
0,0,0
0,0,0
0,0,0
0,0,0
0,0,0
0,0,0
0,0,0
0,0,0
0,0,0
0,0,0
0,0,0
0,0,0
0,0,0
0,0,0
0,0,0
0,0,0
0,0,0
0,0,0
0,0,0
0,0,0
0,0,0
0,0,0
0,0,0
0,0,0
0,0,0
0,0,0
0,0,0
0,0,0
0,0,0
0,0,0
0,0,0
0,0,0
0,0,0
0,0,0
0,0,0
0,0,0
0,0,0
0,0,0
0,0,0
0,0,0
0,0,0
0,0,0
0,0,0
0,0,0
0,0,0
0,0,0
0,0,0
0,0,0
0,0,0
0,0,0
0,0,0
0,0,0
0,0,0
0,0,0
0,0,0
0,0,0
0,0,0
0,0,0
0,0,0
0,0,0
0,0,0
0,0,0
0,0,0
0,0,0
0,0,0
0,0,0
0,0,0
0,0,0
0,0,0
0,0,0
0,0,0
0,0,0
0,0,0
0,0,0
0,0,0
0,0,0
0,0,0
0,0,0
0,0,0
0,0,0
0,0,0
0,0,0
0,0,0
0,0,0
0,0,0
0,0,0
0,0,0
0,0,0
0,0,0
0,0,0
0,0,0
0,0,0
0,0,0
0,0,0
0,0,0
0,0,0
0,0,0
0,0,0
0,0,0
0,0,0
0,0,0
0,0,0
0,0,0
0,0,0
0,0,0
0,0,0
0,0,0
0,0,0
0,0,0
0,0,0
0,0,0
0,0,0
0,0,0
0,0,0
0,0,0
0,0,0
0,0,0
0,0,0
0,0,0
0,0,0
0,0,0
0,0,0
0,0,0
0,0,0
0,0,0
0,0,0
0,0,0
0,0,0
0,0,0
0,0,0
0,0,0
0,0,0
0,0,0
0,0,0
0,0,0
0,0,0
0,0,0
0,0,0
0,0,0
0,0,0
0,0,0
0,0,0
0,0,0
0,0,0
0,0,0
0,0,0
0,0,0
0,0,0
0,0,0
0,0,0
0,0,0
0,0,0
0,0,0
0,0,0
0,0,0
0,0,0
0,0,0
0,0,0
0,0,0
0,0,0
0,0,0
0,0,0
0,0,0
0,0,0
0,0,0
0,0,0
0,0,0
0,0,0
0,0,0
0,0,0
0,0,0
0,0,0
0,0,0
0,0,0
0,0,0
0,0,0
0,0,0
0,0,0
0,0,0
0,0,0
0,0,0
0,0,0
0,0,0
0,0,0
0,0,0
0,0,0
0,0,0
0,0,0
0,0,0
0,0,0
0,0,0
0,0,0
0,0,0
0,0,0
0,0,0
0,0,0
0,0,0
0,0,0
0,0,0
0,0,0
0,0,0
0,0,0
0,0,0
0,0,0
0,0,0
0,0,0
0,0,0
0,0,0
0,0,0
0,0,0
0,0,0
0,0,0
0,0,0
0,0,0
0,0,0
0,0,0
0,0,0
0,0,0
0,0,0
0,0,0
0,0,0
0,0,0
0,0,0
0,0,0
0,0,0
0,0,0
0,0,0
0,0,0
0,0,0
0,0,0
0,0,0
0,0,0
0,0,0
0,0,0
0,0,0
0,0,0
0,0,0
0,0,0
0,0,0
0,0,0
0,0,0
0,0,0
0,0,0
0,0,0
0,0,0
0,0,0
0,0,0
0,0,0
0,0,0
0,0,0
0,0,0
0,0,0
0,0,0
0,0,0
0,0,0
0,0,0
0,0,0
0,0,0
0,0,0
0,0,0
0,0,0
0,0,0
0,0,0
0,0,0
0,0,0
0,0,0
0,0,0
0,0,0
0,0,0
0,0,0
0,0,0
0,0,0
0,0,0
0,0,0
0,0,0
0,0,0
0,0,0
0,0,0
0,0,0
0,0,0
0,0,0
0,0,0
0,0,0
0,0,0
0,0,0
0,0,0
0,0,0
0,0,0
0,0,0
0,0,0
0,0,0
0,0,0
0,0,0
0,0,0
0,0,0
0,0,0
0,0,0
0,0,0
0,0,0
0,0,0
0,0,0
0,0,0
0,0,0
0,0,0
0,0,0
0,0,0
0,0,0
0,0,0
0,0,0
0,0,0
0,0,0
0,0,0
0,0,0
0,0,0
0,0,0
0,0,0
0,0,0
0,0,0
0,0,0
0,0,0
0,0,0
0,0,0
0,0,0
0,0,0
0,0,0
0,0,0
0,0,0
0,0,0
0,0,0
0,0,0
0,0,0
0,0,0
0,0,0
0,0,0
0,0,0
0,0,0
0,0,0
0,0,0
0,0,0
0,0,0
0,0,0
0,0,0
0,0,0
0,0,0
0,0,0
0,0,0
0,0,0
0,0,0
0,0,0
0,0,0
0,0,0
0,0,0
0,0,0
0,0,0
0,0,0
0,0,0
0,0,0
0,0,0
0,0,0
0,0,0
0,0,0
0,0,0
0,0,0
0,0,0
0,0,0
0,0,0
0,0,0
0,0,0
0,0,0
0,0,0
0,0,0
0,0,0
0,0,0
0,0,0
0,0,0
0,0,0
0,0,0
0,0,0
0,0,0
0,0,0
0,0,0
0,0,0
0,0,0
0,0,0
0,0,0
0,0,0
0,0,0
0,0,0
0,0,0
0,0,0
0,0,0
0,0,0
0,0,0
0,0,0
0,0,0
0,0,0
0,0,0
0,0,0
0,0,0
0,0,0
0,0,0
0,0,0
0,0,0
0,0,0
0,0,0
0,0,0
0,0,0
0,0,0
0,0,0
0,0,0
0,0,0
0,0,0
0,0,0
0,0,0
0,0,0
0,0,0
0,0,0
0,0,0
0,0,0
0,0,0
0,0,0
0,0,0
0,0,0
0,0,0
0,0,0
0,0,0
0,0,0
0,0,0
0,0,0
0,0,0
0,0,0
0,0,0
0,0,0
0,0,0
0,0,0
0,0,0
0,0,0
0,0,0
0,0,0
0,0,0
0,0,0
0,0,0
0,0,0
0,0,0
0,0,0
0,0,0
0,0,0
0,0,0
0,0,0
0,0,0
0,0,0
0,0,0
0,0,0
0,0,0
0,0,0
0,0,0
0,0,0
0,0,0
0,0,0
0,0,0
0,0,0
0,0,0
0,0,0
0,0,0
0,0,0
0,0,0
0,0,0
0,0,0
0,0,0
0,0,0
0,0,0
0,0,0
0,0,0
0,0,0
0,0,0
0,0,0
0,0,0
0,0,0
0,0,0
0,0,0
0,0,0
0,0,0
0,0,0
0,0,0
0,0,0
0,0,0
0,0,0
0,0,0
0,0,0
0,0,0
0,0,0
0,0,0
0,0,0
0,0,0
0,0,0
0,0,0
0,0,0
0,0,0
0,0,0
0,0,0
0,0,0
0,0,0
0,0,0
0,0,0
0,0,0
0,0,0
0,0,0
0,0,0
0,0,0
0,0,0
0,0,0
0,0,0
0,0,0
0,0,0
0,0,0
0,0,0
0,0,0
0,0,0
0,0,0
0,0,0
0,0,0
0,0,0
0,0,0
0,0,0
0,0,0
0,0,0
0,0,0
0,0,0
0,0,0
0,0,0
0,0,0
0,0,0
0,0,0
0,0,0
0,0,0
0,0,0
0,0,0
0,0,0
0,0,0
0,0,0
0,0,0
0,0,0
0,0,0
0,0,0
0,0,0
0,0,0
0,0,0
0,0,0
0,0,0
0,0,0
0,0,0
0,0,0
0,0,0
0,0,0
0,0,0
0,0,0
0,0,0
0,0,0
0,0,0
0,0,0
0,0,0
0,0,0
0,0,0
0,0,0
0,0,0
0,0,0
0,0,0
0,0,0
0,0,0
0,0,0
0,0,0
0,0,0
0,0,0
0,0,0
0,0,0
0,0,0
0,0,0
0,0,0
0,0,0
0,0,0
0,0,0
0,0,0
0,0,0
0,0,0
0,0,0
0,0,0
0,0,0
0,0,0
0,0,0
0,0,0
0,0,0
0,0,0
0,0,0
0,0,0
0,0,0
0,0,0
0,0,0
0,0,0
0,0,0
0,0,0
0,0,0
0,0,0
0,0,0
0,0,0
0,0,0
0,0,0
0,0,0
0,0,0
0,0,0
0,0,0
0,0,0
0,0,0
0,0,0
0,0,0
0,0,0
0,0,0
0,0,0
0,0,0
0,0,0
0,0,0
0,0,0
0,0,0
0,0,0
0,0,0
0,0,0
0,0,0
0,0,0
0,0,0
0,0,0
0,0,0
0,0,0
0,0,0
0,0,0
0,0,0
0,0,0
0,0,0
0,0,0
0,0,0
0,0,0
0,0,0
0,0,0
0,0,0
0,0,0
0,0,0
0,0,0
0,0,0
0,0,0
0,0,0
0,0,0
0,0,0
0,0,0
0,0,0
0,0,0
0,0,0
0,0,0
0,0,0
0,0,0
0,0,0
0,0,0
0,0,0
0,0,0
0,0,0
0,0,0
0,0,0
0,0,0
0,0,0
0,0,0
0,0,0
0,0,0
0,0,0
0,0,0
0,0,0
0,0,0
0,0,0
0,0,0
0,0,0
0,0,0
0,0,0
0,0,0
0,0,0
0,0,0
0,0,0
0,0,0
0,0,0
0,0,0
0,0,0
0,0,0
0,0,0
0,0,0
0,0,0
0,0,0
0,0,0
0,0,0
0,0,0
0,0,0
0,0,0
0,0,0
0,0,0
0,0,0
0,0,0
0,0,0
0,0,0
0,0,0
0,0,0
0,0,0
0,0,0
0,0,0
0,0,0
0,0,0
0,0,0
0,0,0
0,0,0
0,0,0
0,0,0
0,0,0
0,0,0
0,0,0
0,0,0
0,0,0
0,0,0
0,0,0
0,0,0
0,0,0
0,0,0
0,0,0
0,0,0
0,0,0
0,0,0
0,0,0
0,0,0
0,0,0
0,0,0
0,0,0
0,0,0
0,0,0
0,0,0
0,0,0
0,0,0
0,0,0
0,0,0
0,0,0
0,0,0
0,0,0
0,0,0
0,0,0
0,0,0
0,0,0
0,0,0
0,0,0
0,0,0
0,0,0
0,0,0
0,0,0
0,0,0
0,0,0
0,0,0
0,0,0
0,0,0
0,0,0
0,0,0
0,0,0
0,0,0
0,0,0
0,0,0
0,0,0
0,0,0
0,0,0
0,0,0
0,0,0
0,0,0
0,0,0
0,0,0
0,0,0
0,0,0
0,0,0
0,0,0
0,0,0
0,0,0
0,0,0
0,0,0
0,0,0
0,0,0
0,0,0
0,0,0
0,0,0
0,0,0
8.14306,-15.9076,4.21415
7.90153,-15.6721,4.13941
7.80132,-15.7124,4.13736
7.6992,-15.7486,4.1344
7.60538,-15.8017,4.136
7.54872,-15.9335,4.1581
0,0,0
0,0,0
0,0,0
0,0,0
0,0,0
0,0,0
0,0,0
0,0,0
0,0,0
0,0,0
0,0,0
0,0,0
0,0,0
0,0,0
0,0,0
0,0,0
0,0,0
0,0,0
0,0,0
0,0,0
0,0,0
0,0,0
0,0,0
0,0,0
0,0,0
0,0,0
0,0,0
0,0,0
0,0,0
0,0,0
0,0,0
0,0,0
0,0,0
0,0,0
0,0,0
0,0,0
0,0,0
0,0,0
0,0,0
0,0,0
0,0,0
0,0,0
0,0,0
0,0,0
0,0,0
0,0,0
0,0,0
0,0,0
0,0,0
0,0,0
0,0,0
0,0,0
0,0,0
0,0,0
0,0,0
0,0,0
0,0,0
0,0,0
0,0,0
0,0,0
0,0,0
0,0,0
0,0,0
0,0,0
0,0,0
0,0,0
0,0,0
0,0,0
0,0,0
0,0,0
0,0,0
0,0,0
0,0,0
0,0,0
0,0,0
0,0,0
0,0,0
0,0,0
0,0,0
0,0,0
0,0,0
0,0,0
0,0,0
0,0,0
0,0,0
0,0,0
0,0,0
0,0,0
0,0,0
0,0,0
0,0,0
0,0,0
0,0,0
0,0,0
0,0,0
0,0,0
0,0,0
0,0,0
0,0,0
0,0,0
0,0,0
0,0,0
0,0,0
0,0,0
0,0,0
0,0,0
0,0,0
0,0,0
0,0,0
0,0,0
0,0,0
0,0,0
0,0,0
0,0,0
0,0,0
0,0,0
0,0,0
0,0,0
0,0,0
0,0,0
0,0,0
0,0,0
0,0,0
0,0,0
0,0,0
0,0,0
0,0,0
0,0,0
0,0,0
0,0,0
0,0,0
0,0,0
0,0,0
0,0,0
0,0,0
0,0,0
0,0,0
0,0,0
0,0,0
0,0,0
0,0,0
0,0,0
0,0,0
0,0,0
0,0,0
0,0,0
0,0,0
0,0,0
0,0,0
0,0,0
0,0,0
0,0,0
0,0,0
0,0,0
0,0,0
0,0,0
0,0,0
0,0,0
0,0,0
0,0,0
0,0,0
0,0,0
0,0,0
0,0,0
0,0,0
0,0,0
0,0,0
0,0,0
0,0,0
0,0,0
0,0,0
0,0,0
0,0,0
0,0,0
0,0,0
0,0,0
0,0,0
0,0,0
0,0,0
0,0,0
0,0,0
0,0,0
0,0,0
0,0,0
0,0,0
0,0,0
0,0,0
0,0,0
0,0,0
0,0,0
0,0,0
0,0,0
0,0,0
0,0,0
0,0,0
0,0,0
0,0,0
0,0,0
0,0,0
0,0,0
0,0,0
0,0,0
0,0,0
0,0,0
0,0,0
0,0,0
0,0,0
0,0,0
0,0,0
0,0,0
0,0,0
0,0,0
0,0,0
0,0,0
0,0,0
0,0,0
0,0,0
0,0,0
0,0,0
0,0,0
0,0,0
0,0,0
0,0,0
0,0,0
0,0,0
0,0,0
0,0,0
0,0,0
0,0,0
0,0,0
0,0,0
0,0,0
0,0,0
0,0,0
0,0,0
0,0,0
0,0,0
0,0,0
0,0,0
0,0,0
0,0,0
0,0,0
0,0,0
0,0,0
0,0,0
0,0,0
0,0,0
0,0,0
0,0,0
0,0,0
0,0,0
0,0,0
0,0,0
0,0,0
0,0,0
0,0,0
0,0,0
0,0,0
0,0,0
0,0,0
0,0,0
0,0,0
0,0,0
0,0,0
0,0,0
0,0,0
0,0,0
0,0,0
0,0,0
0,0,0
0,0,0
0,0,0
0,0,0
0,0,0
0,0,0
0,0,0
0,0,0
0,0,0
0,0,0
0,0,0
0,0,0
0,0,0
0,0,0
0,0,0
0,0,0
0,0,0
0,0,0
0,0,0
0,0,0
0,0,0
0,0,0
0,0,0
0,0,0
0,0,0
0,0,0
0,0,0
0,0,0
0,0,0
0,0,0
0,0,0
0,0,0
0,0,0
0,0,0
0,0,0
0,0,0
0,0,0
0,0,0
0,0,0
0,0,0
0,0,0
0,0,0
0,0,0
0,0,0
0,0,0
0,0,0
0,0,0
0,0,0
0,0,0
0,0,0
0,0,0
0,0,0
0,0,0
0,0,0
0,0,0
0,0,0
0,0,0
0,0,0
0,0,0
0,0,0
0,0,0
0,0,0
0,0,0
0,0,0
0,0,0
0,0,0
0,0,0
0,0,0
0,0,0
0,0,0
0,0,0
0,0,0
0,0,0
0,0,0
0,0,0
0,0,0
0,0,0
0,0,0
0,0,0
0,0,0
0,0,0
0,0,0
0,0,0
0,0,0
0,0,0
0,0,0
0,0,0
0,0,0
0,0,0
0,0,0
0,0,0
0,0,0
0,0,0
0,0,0
0,0,0
0,0,0
0,0,0
0,0,0
0,0,0
0,0,0
0,0,0
0,0,0
0,0,0
0,0,0
0,0,0
0,0,0
0,0,0
0,0,0
0,0,0
0,0,0
0,0,0
0,0,0
0,0,0
0,0,0
0,0,0
0,0,0
0,0,0
0,0,0
0,0,0
0,0,0
0,0,0
0,0,0
0,0,0
0,0,0
0,0,0
0,0,0
0,0,0
0,0,0
0,0,0
0,0,0
0,0,0
0,0,0
0,0,0
0,0,0
0,0,0
0,0,0
0,0,0
0,0,0
0,0,0
0,0,0
0,0,0
0,0,0
0,0,0
0,0,0
0,0,0
0,0,0
0,0,0
0,0,0
0,0,0
0,0,0
0,0,0
0,0,0
0,0,0
0,0,0
0,0,0
0,0,0
0,0,0
0,0,0
0,0,0
0,0,0
0,0,0
0,0,0
0,0,0
0,0,0
0,0,0
0,0,0
0,0,0
0,0,0
0,0,0
0,0,0
0,0,0
0,0,0
0,0,0
0,0,0
0,0,0
0,0,0
0,0,0
0,0,0
0,0,0
0,0,0
0,0,0
0,0,0
0,0,0
0,0,0
0,0,0
0,0,0
0,0,0
0,0,0
0,0,0
0,0,0
0,0,0
0,0,0
0,0,0
0,0,0
0,0,0
0,0,0
0,0,0
0,0,0
0,0,0
0,0,0
0,0,0
0,0,0
0,0,0
0,0,0
0,0,0
0,0,0
0,0,0
0,0,0
0,0,0
0,0,0
0,0,0
0,0,0
0,0,0
0,0,0
0,0,0
0,0,0
0,0,0
0,0,0
0,0,0
0,0,0
0,0,0
0,0,0
0,0,0
0,0,0
0,0,0
0,0,0
0,0,0
0,0,0
0,0,0
0,0,0
0,0,0
0,0,0
0,0,0
0,0,0
0,0,0
0,0,0
0,0,0
0,0,0
0,0,0
0,0,0
0,0,0
0,0,0
0,0,0
0,0,0
0,0,0
0,0,0
0,0,0
0,0,0
0,0,0
0,0,0
0,0,0
0,0,0
0,0,0
0,0,0
0,0,0
0,0,0
0,0,0
0,0,0
0,0,0
0,0,0
0,0,0
0,0,0
0,0,0
0,0,0
0,0,0
0,0,0
0,0,0
0,0,0
0,0,0
0,0,0
0,0,0
0,0,0
0,0,0
0,0,0
0,0,0
0,0,0
0,0,0
0,0,0
0,0,0
0,0,0
0,0,0
0,0,0
0,0,0
0,0,0
0,0,0
0,0,0
0,0,0
0,0,0
0,0,0
0,0,0
0,0,0
0,0,0
0,0,0
0,0,0
0,0,0
0,0,0
0,0,0
0,0,0
0,0,0
0,0,0
0,0,0
0,0,0
0,0,0
0,0,0
0,0,0
0,0,0
0,0,0
0,0,0
0,0,0
0,0,0
0,0,0
0,0,0
0,0,0
0,0,0
0,0,0
0,0,0
0,0,0
0,0,0
0,0,0
0,0,0
0,0,0
0,0,0
0,0,0
0,0,0
0,0,0
0,0,0
0,0,0
0,0,0
0,0,0
0,0,0
0,0,0
0,0,0
0,0,0
0,0,0
0,0,0
0,0,0
0,0,0
0,0,0
0,0,0
0,0,0
0,0,0
0,0,0
0,0,0
0,0,0
0,0,0
0,0,0
0,0,0
0,0,0
0,0,0
0,0,0
0,0,0
0,0,0
0,0,0
0,0,0
0,0,0
0,0,0
0,0,0
0,0,0
0,0,0
0,0,0
0,0,0
0,0,0
0,0,0
0,0,0
0,0,0
0,0,0
0,0,0
0,0,0
0,0,0
0,0,0
0,0,0
0,0,0
0,0,0
0,0,0
0,0,0
0,0,0
0,0,0
0,0,0
0,0,0
0,0,0
0,0,0
0,0,0
0,0,0
0,0,0
0,0,0
0,0,0
0,0,0
0,0,0
0,0,0
0,0,0
0,0,0
0,0,0
0,0,0
0,0,0
0,0,0
0,0,0
0,0,0
0,0,0
0,0,0
0,0,0
0,0,0
0,0,0
0,0,0
0,0,0
0,0,0
0,0,0
0,0,0
0,0,0
0,0,0
0,0,0
0,0,0
0,0,0
0,0,0
0,0,0
0,0,0
0,0,0
0,0,0
0,0,0
0,0,0
0,0,0
0,0,0
0,0,0
0,0,0
0,0,0
0,0,0
0,0,0
0,0,0
0,0,0
0,0,0
0,0,0
0,0,0
0,0,0
0,0,0
0,0,0
0,0,0
0,0,0
0,0,0
0,0,0
0,0,0
0,0,0
0,0,0
0,0,0
0,0,0
0,0,0
0,0,0
0,0,0
0,0,0
0,0,0
0,0,0
0,0,0
0,0,0
0,0,0
0,0,0
0,0,0
0,0,0
0,0,0
0,0,0
0,0,0
0,0,0
0,0,0
0,0,0
0,0,0
0,0,0
0,0,0
0,0,0
0,0,0
0,0,0
0,0,0
0,0,0
0,0,0
0,0,0
0,0,0
0,0,0
0,0,0
0,0,0
0,0,0
0,0,0
0,0,0
0,0,0
0,0,0
0,0,0
0,0,0
0,0,0
0,0,0
0,0,0
0,0,0
0,0,0
0,0,0
0,0,0
0,0,0
0,0,0
0,0,0
0,0,0
0,0,0
0,0,0
0,0,0
0,0,0
0,0,0
0,0,0
0,0,0
0,0,0
0,0,0
0,0,0
0,0,0
0,0,0
0,0,0
0,0,0
0,0,0
0,0,0
0,0,0
0,0,0
0,0,0
0,0,0
0,0,0
0,0,0
0,0,0
0,0,0
0,0,0
0,0,0
0,0,0
0,0,0
0,0,0
0,0,0
0,0,0
0,0,0
0,0,0
0,0,0
0,0,0
0,0,0
0,0,0
0,0,0
0,0,0
0,0,0
0,0,0
0,0,0
0,0,0
0,0,0
0,0,0
0,0,0
0,0,0
0,0,0
0,0,0
0,0,0
0,0,0
0,0,0
0,0,0
0,0,0
0,0,0
0,0,0
0,0,0
0,0,0
0,0,0
0,0,0
0,0,0
0,0,0
0,0,0
0,0,0
0,0,0
0,0,0
0,0,0
0,0,0
0,0,0
0,0,0
0,0,0
0,0,0
0,0,0
0,0,0
0,0,0
0,0,0
0,0,0
0,0,0
0,0,0
0,0,0
0,0,0
0,0,0
0,0,0
0,0,0
0,0,0
0,0,0
0,0,0
0,0,0
0,0,0
0,0,0
0,0,0
0,0,0
0,0,0
0,0,0
0,0,0
0,0,0
0,0,0
0,0,0
0,0,0
0,0,0
0,0,0
0,0,0
0,0,0
0,0,0
0,0,0
0,0,0
0,0,0
0,0,0
0,0,0
0,0,0
0,0,0
0,0,0
0,0,0
0,0,0
0,0,0
0,0,0
0,0,0
0,0,0
0,0,0
0,0,0
0,0,0
0,0,0
0,0,0
0,0,0
0,0,0
0,0,0
0,0,0
0,0,0
0,0,0
0,0,0
0,0,0
0,0,0
0,0,0
0,0,0
0,0,0
0,0,0
0,0,0
0,0,0
0,0,0
0,0,0
0,0,0
0,0,0
0,0,0
0,0,0
0,0,0
0,0,0
0,0,0
0,0,0
0,0,0
0,0,0
0,0,0
0,0,0
0,0,0
0,0,0
0,0,0
0,0,0
0,0,0
0,0,0
0,0,0
0,0,0
0,0,0
0,0,0
0,0,0
0,0,0
0,0,0
0,0,0
0,0,0
0,0,0
0,0,0
0,0,0
0,0,0
0,0,0
0,0,0
0,0,0
0,0,0
0,0,0
0,0,0
0,0,0
0,0,0
0,0,0
0,0,0
0,0,0
0,0,0
0,0,0
0,0,0
0,0,0
0,0,0
0,0,0
0,0,0
0,0,0
0,0,0
0,0,0
0,0,0
0,0,0
0,0,0
0,0,0
0,0,0
0,0,0
0,0,0
0,0,0
0,0,0
0,0,0
0,0,0
0,0,0
0,0,0
0,0,0
0,0,0
0,0,0
0,0,0
0,0,0
0,0,0
0,0,0
0,0,0
0,0,0
0,0,0
0,0,0
0,0,0
0,0,0
0,0,0
0,0,0
0,0,0
0,0,0
0,0,0
0,0,0
0,0,0
0,0,0
0,0,0
0,0,0
0,0,0
0,0,0
0,0,0
0,0,0
0,0,0
0,0,0
0,0,0
0,0,0
0,0,0
0,0,0
0,0,0
0,0,0
0,0,0
0,0,0
0,0,0
0,0,0
0,0,0
0,0,0
0,0,0
0,0,0
0,0,0
0,0,0
0,0,0
0,0,0
0,0,0
0,0,0
0,0,0
0,0,0
0,0,0
0,0,0
0,0,0
0,0,0
0,0,0
0,0,0
0,0,0
0,0,0
0,0,0
0,0,0
0,0,0
0,0,0
0,0,0
0,0,0
0,0,0
0,0,0
8.14118,-15.9039,3.9936
7.90453,-15.6781,3.92521
7.80384,-15.7176,3.92304
7.69825,-15.7467,3.9185
7.61419,-15.8201,3.92499
7.54833,-15.9327,3.94123
0,0,0
0,0,0
0,0,0
0,0,0
0,0,0
0,0,0
0,0,0
0,0,0
0,0,0
0,0,0
0,0,0
0,0,0
0,0,0
0,0,0
0,0,0
0,0,0
0,0,0
0,0,0
0,0,0
0,0,0
0,0,0
0,0,0
0,0,0
0,0,0
0,0,0
0,0,0
0,0,0
0,0,0
0,0,0
0,0,0
0,0,0
0,0,0
0,0,0
0,0,0
0,0,0
0,0,0
0,0,0
0,0,0
0,0,0
0,0,0
0,0,0
0,0,0
0,0,0
0,0,0
0,0,0
0,0,0
0,0,0
0,0,0
0,0,0
0,0,0
0,0,0
0,0,0
0,0,0
0,0,0
0,0,0
0,0,0
0,0,0
0,0,0
0,0,0
0,0,0
0,0,0
0,0,0
0,0,0
0,0,0
0,0,0
0,0,0
0,0,0
0,0,0
0,0,0
0,0,0
0,0,0
0,0,0
0,0,0
0,0,0
0,0,0
0,0,0
0,0,0
0,0,0
0,0,0
0,0,0
0,0,0
0,0,0
0,0,0
0,0,0
0,0,0
0,0,0
0,0,0
0,0,0
0,0,0
0,0,0
0,0,0
0,0,0
0,0,0
0,0,0
0,0,0
0,0,0
0,0,0
0,0,0
0,0,0
0,0,0
0,0,0
0,0,0
0,0,0
0,0,0
0,0,0
0,0,0
0,0,0
0,0,0
0,0,0
0,0,0
0,0,0
0,0,0
0,0,0
0,0,0
0,0,0
0,0,0
0,0,0
0,0,0
0,0,0
0,0,0
0,0,0
0,0,0
0,0,0
0,0,0
0,0,0
0,0,0
0,0,0
0,0,0
0,0,0
0,0,0
0,0,0
0,0,0
0,0,0
0,0,0
0,0,0
0,0,0
0,0,0
0,0,0
0,0,0
0,0,0
0,0,0
0,0,0
0,0,0
0,0,0
0,0,0
0,0,0
0,0,0
0,0,0
0,0,0
0,0,0
0,0,0
0,0,0
0,0,0
0,0,0
0,0,0
0,0,0
0,0,0
0,0,0
0,0,0
0,0,0
0,0,0
0,0,0
0,0,0
0,0,0
0,0,0
0,0,0
0,0,0
0,0,0
0,0,0
0,0,0
0,0,0
0,0,0
0,0,0
0,0,0
0,0,0
0,0,0
0,0,0
0,0,0
0,0,0
0,0,0
0,0,0
0,0,0
0,0,0
0,0,0
0,0,0
0,0,0
0,0,0
0,0,0
0,0,0
0,0,0
0,0,0
0,0,0
0,0,0
0,0,0
0,0,0
0,0,0
0,0,0
0,0,0
0,0,0
0,0,0
0,0,0
0,0,0
0,0,0
0,0,0
0,0,0
0,0,0
0,0,0
0,0,0
0,0,0
0,0,0
0,0,0
0,0,0
0,0,0
0,0,0
0,0,0
0,0,0
0,0,0
0,0,0
0,0,0
0,0,0
0,0,0
0,0,0
0,0,0
0,0,0
0,0,0
0,0,0
0,0,0
0,0,0
0,0,0
0,0,0
0,0,0
0,0,0
0,0,0
0,0,0
0,0,0
0,0,0
0,0,0
0,0,0
0,0,0
0,0,0
0,0,0
0,0,0
0,0,0
0,0,0
0,0,0
0,0,0
0,0,0
0,0,0
0,0,0
0,0,0
0,0,0
0,0,0
0,0,0
0,0,0
0,0,0
0,0,0
0,0,0
0,0,0
0,0,0
0,0,0
0,0,0
0,0,0
0,0,0
0,0,0
0,0,0
0,0,0
0,0,0
0,0,0
0,0,0
0,0,0
0,0,0
0,0,0
0,0,0
0,0,0
0,0,0
0,0,0
0,0,0
0,0,0
0,0,0
0,0,0
0,0,0
0,0,0
0,0,0
0,0,0
0,0,0
0,0,0
0,0,0
0,0,0
0,0,0
0,0,0
0,0,0
0,0,0
0,0,0
0,0,0
0,0,0
0,0,0
0,0,0
0,0,0
0,0,0
0,0,0
0,0,0
0,0,0
0,0,0
0,0,0
0,0,0
0,0,0
0,0,0
0,0,0
0,0,0
0,0,0
0,0,0
0,0,0
0,0,0
0,0,0
0,0,0
0,0,0
0,0,0
0,0,0
0,0,0
0,0,0
0,0,0
0,0,0
0,0,0
0,0,0
0,0,0
0,0,0
0,0,0
0,0,0
0,0,0
0,0,0
0,0,0
0,0,0
0,0,0
0,0,0
0,0,0
0,0,0
0,0,0
0,0,0
0,0,0
0,0,0
0,0,0
0,0,0
0,0,0
0,0,0
0,0,0
0,0,0
0,0,0
0,0,0
0,0,0
0,0,0
0,0,0
0,0,0
0,0,0
0,0,0
0,0,0
0,0,0
0,0,0
0,0,0
0,0,0
0,0,0
0,0,0
0,0,0
0,0,0
0,0,0
0,0,0
0,0,0
0,0,0
0,0,0
0,0,0
0,0,0
0,0,0
0,0,0
0,0,0
0,0,0
0,0,0
0,0,0
0,0,0
0,0,0
0,0,0
0,0,0
0,0,0
0,0,0
0,0,0
0,0,0
0,0,0
0,0,0
0,0,0
0,0,0
0,0,0
0,0,0
0,0,0
0,0,0
0,0,0
0,0,0
0,0,0
0,0,0
0,0,0
0,0,0
0,0,0
0,0,0
0,0,0
0,0,0
0,0,0
0,0,0
0,0,0
0,0,0
0,0,0
0,0,0
0,0,0
0,0,0
0,0,0
0,0,0
0,0,0
0,0,0
0,0,0
0,0,0
0,0,0
0,0,0
0,0,0
0,0,0
0,0,0
0,0,0
0,0,0
0,0,0
0,0,0
0,0,0
0,0,0
0,0,0
0,0,0
0,0,0
0,0,0
0,0,0
0,0,0
0,0,0
0,0,0
0,0,0
0,0,0
0,0,0
0,0,0
0,0,0
0,0,0
0,0,0
0,0,0
0,0,0
0,0,0
0,0,0
0,0,0
0,0,0
0,0,0
0,0,0
0,0,0
0,0,0
0,0,0
0,0,0
0,0,0
0,0,0
0,0,0
0,0,0
0,0,0
0,0,0
0,0,0
0,0,0
0,0,0
0,0,0
0,0,0
0,0,0
0,0,0
0,0,0
0,0,0
0,0,0
0,0,0
0,0,0
0,0,0
0,0,0
0,0,0
0,0,0
0,0,0
0,0,0
0,0,0
0,0,0
0,0,0
0,0,0
0,0,0
0,0,0
0,0,0
0,0,0
0,0,0
0,0,0
0,0,0
0,0,0
0,0,0
0,0,0
0,0,0
0,0,0
0,0,0
0,0,0
0,0,0
0,0,0
0,0,0
0,0,0
0,0,0
0,0,0
0,0,0
0,0,0
0,0,0
0,0,0
0,0,0
0,0,0
0,0,0
0,0,0
0,0,0
0,0,0
0,0,0
0,0,0
0,0,0
0,0,0
0,0,0
0,0,0
0,0,0
0,0,0
0,0,0
0,0,0
0,0,0
0,0,0
0,0,0
0,0,0
0,0,0
0,0,0
0,0,0
0,0,0
0,0,0
0,0,0
0,0,0
0,0,0
0,0,0
0,0,0
0,0,0
0,0,0
0,0,0
0,0,0
0,0,0
0,0,0
0,0,0
0,0,0
0,0,0
0,0,0
0,0,0
0,0,0
0,0,0
0,0,0
0,0,0
0,0,0
0,0,0
0,0,0
0,0,0
0,0,0
0,0,0
0,0,0
0,0,0
0,0,0
0,0,0
0,0,0
0,0,0
0,0,0
0,0,0
0,0,0
0,0,0
0,0,0
0,0,0
0,0,0
0,0,0
0,0,0
0,0,0
0,0,0
0,0,0
0,0,0
0,0,0
0,0,0
0,0,0
0,0,0
0,0,0
0,0,0
0,0,0
0,0,0
0,0,0
0,0,0
0,0,0
0,0,0
0,0,0
0,0,0
0,0,0
0,0,0
0,0,0
0,0,0
0,0,0
0,0,0
0,0,0
0,0,0
0,0,0
0,0,0
0,0,0
0,0,0
0,0,0
0,0,0
0,0,0
0,0,0
0,0,0
0,0,0
0,0,0
0,0,0
0,0,0
0,0,0
0,0,0
0,0,0
0,0,0
0,0,0
0,0,0
0,0,0
0,0,0
0,0,0
0,0,0
0,0,0
0,0,0
0,0,0
0,0,0
0,0,0
0,0,0
0,0,0
0,0,0
0,0,0
0,0,0
0,0,0
0,0,0
0,0,0
0,0,0
0,0,0
0,0,0
0,0,0
0,0,0
0,0,0
0,0,0
0,0,0
0,0,0
0,0,0
0,0,0
0,0,0
0,0,0
0,0,0
0,0,0
0,0,0
0,0,0
0,0,0
0,0,0
0,0,0
0,0,0
0,0,0
0,0,0
0,0,0
0,0,0
0,0,0
0,0,0
0,0,0
0,0,0
0,0,0
0,0,0
0,0,0
0,0,0
0,0,0
0,0,0
0,0,0
0,0,0
0,0,0
0,0,0
0,0,0
0,0,0
0,0,0
0,0,0
0,0,0
0,0,0
0,0,0
0,0,0
0,0,0
0,0,0
0,0,0
0,0,0
0,0,0
0,0,0
0,0,0
0,0,0
0,0,0
0,0,0
0,0,0
0,0,0
0,0,0
0,0,0
0,0,0
0,0,0
0,0,0
0,0,0
0,0,0
0,0,0
0,0,0
0,0,0
0,0,0
0,0,0
0,0,0
0,0,0
0,0,0
0,0,0
0,0,0
0,0,0
0,0,0
0,0,0
0,0,0
0,0,0
0,0,0
0,0,0
0,0,0
0,0,0
0,0,0
0,0,0
0,0,0
0,0,0
0,0,0
0,0,0
0,0,0
0,0,0
0,0,0
0,0,0
0,0,0
0,0,0
0,0,0
0,0,0
0,0,0
0,0,0
0,0,0
0,0,0
0,0,0
0,0,0
0,0,0
0,0,0
0,0,0
0,0,0
0,0,0
0,0,0
0,0,0
0,0,0
0,0,0
0,0,0
0,0,0
0,0,0
0,0,0
0,0,0
0,0,0
0,0,0
0,0,0
0,0,0
0,0,0
0,0,0
0,0,0
0,0,0
0,0,0
0,0,0
0,0,0
0,0,0
0,0,0
0,0,0
0,0,0
0,0,0
0,0,0
0,0,0
0,0,0
0,0,0
0,0,0
0,0,0
0,0,0
0,0,0
0,0,0
0,0,0
0,0,0
0,0,0
0,0,0
0,0,0
0,0,0
0,0,0
0,0,0
0,0,0
0,0,0
0,0,0
0,0,0
0,0,0
0,0,0
0,0,0
0,0,0
0,0,0
0,0,0
0,0,0
0,0,0
0,0,0
0,0,0
0,0,0
0,0,0
0,0,0
0,0,0
0,0,0
0,0,0
0,0,0
0,0,0
0,0,0
0,0,0
0,0,0
0,0,0
0,0,0
0,0,0
0,0,0
0,0,0
0,0,0
0,0,0
0,0,0
0,0,0
0,0,0
0,0,0
0,0,0
0,0,0
0,0,0
0,0,0
0,0,0
0,0,0
0,0,0
0,0,0
0,0,0
0,0,0
0,0,0
0,0,0
0,0,0
0,0,0
0,0,0
0,0,0
0,0,0
0,0,0
0,0,0
0,0,0
0,0,0
0,0,0
0,0,0
0,0,0
0,0,0
0,0,0
0,0,0
0,0,0
0,0,0
0,0,0
0,0,0
0,0,0
0,0,0
0,0,0
0,0,0
0,0,0
0,0,0
0,0,0
0,0,0
0,0,0
0,0,0
0,0,0
0,0,0
0,0,0
0,0,0
0,0,0
0,0,0
0,0,0
0,0,0
0,0,0
0,0,0
0,0,0
0,0,0
0,0,0
0,0,0
0,0,0
0,0,0
0,0,0
0,0,0
0,0,0
0,0,0
0,0,0
0,0,0
0,0,0
0,0,0
0,0,0
0,0,0
0,0,0
0,0,0
0,0,0
0,0,0
0,0,0
0,0,0
0,0,0
0,0,0
0,0,0
0,0,0
0,0,0
0,0,0
0,0,0
0,0,0
0,0,0
0,0,0
0,0,0
0,0,0
0,0,0
0,0,0
0,0,0
0,0,0
0,0,0
0,0,0
0,0,0
0,0,0
0,0,0
0,0,0
0,0,0
0,0,0
0,0,0
0,0,0
0,0,0
0,0,0
0,0,0
0,0,0
0,0,0
0,0,0
0,0,0
0,0,0
0,0,0
0,0,0
0,0,0
0,0,0
0,0,0
0,0,0
0,0,0
0,0,0
0,0,0
0,0,0
0,0,0
0,0,0
0,0,0
0,0,0
0,0,0
0,0,0
0,0,0
0,0,0
0,0,0
0,0,0
0,0,0
0,0,0
0,0,0
0,0,0
0,0,0
0,0,0
0,0,0
0,0,0
0,0,0
0,0,0
0,0,0
0,0,0
0,0,0
0,0,0
0,0,0
0,0,0
0,0,0
0,0,0
0,0,0
0,0,0
0,0,0
0,0,0
0,0,0
0,0,0
0,0,0
0,0,0
0,0,0
0,0,0
0,0,0
0,0,0
0,0,0
0,0,0
0,0,0
0,0,0
0,0,0
0,0,0
0,0,0
0,0,0
0,0,0
0,0,0
0,0,0
0,0,0
0,0,0
0,0,0
0,0,0
0,0,0
0,0,0
0,0,0
0,0,0
0,0,0
0,0,0
0,0,0
0,0,0
0,0,0
7.92132,-15.7182,3.71961
7.79906,-15.7148,3.70751
7.69905,-15.7553,3.70587
7.60393,-15.8058,3.70669
7.56335,-15.9715,3.73437
0,0,0
0,0,0
0,0,0
0,0,0
0,0,0
0,0,0
0,0,0
0,0,0
0,0,0
0,0,0
0,0,0
0,0,0
0,0,0
0,0,0
0,0,0
0,0,0
0,0,0
0,0,0
0,0,0
0,0,0
0,0,0
0,0,0
0,0,0
0,0,0
0,0,0
0,0,0
0,0,0
0,0,0
0,0,0
0,0,0
0,0,0
0,0,0
0,0,0
0,0,0
0,0,0
0,0,0
0,0,0
0,0,0
0,0,0
0,0,0
0,0,0
0,0,0
0,0,0
0,0,0
0,0,0
0,0,0
0,0,0
0,0,0
0,0,0
0,0,0
0,0,0
0,0,0
0,0,0
0,0,0
0,0,0
0,0,0
0,0,0
0,0,0
0,0,0
0,0,0
0,0,0
0,0,0
0,0,0
0,0,0
0,0,0
0,0,0
0,0,0
0,0,0
0,0,0
0,0,0
0,0,0
0,0,0
0,0,0
0,0,0
0,0,0
0,0,0
0,0,0
0,0,0
0,0,0
0,0,0
0,0,0
0,0,0
0,0,0
0,0,0
0,0,0
0,0,0
0,0,0
0,0,0
0,0,0
0,0,0
0,0,0
0,0,0
0,0,0
0,0,0
0,0,0
0,0,0
0,0,0
0,0,0
0,0,0
0,0,0
0,0,0
0,0,0
0,0,0
0,0,0
0,0,0
0,0,0
0,0,0
0,0,0
0,0,0
0,0,0
0,0,0
0,0,0
0,0,0
0,0,0
0,0,0
0,0,0
0,0,0
0,0,0
0,0,0
0,0,0
0,0,0
0,0,0
0,0,0
0,0,0
0,0,0
0,0,0
0,0,0
0,0,0
0,0,0
0,0,0
0,0,0
0,0,0
0,0,0
0,0,0
0,0,0
0,0,0
0,0,0
0,0,0
0,0,0
0,0,0
0,0,0
0,0,0
0,0,0
0,0,0
0,0,0
0,0,0
0,0,0
0,0,0
0,0,0
0,0,0
0,0,0
0,0,0
0,0,0
0,0,0
0,0,0
0,0,0
0,0,0
0,0,0
0,0,0
0,0,0
0,0,0
0,0,0
0,0,0
0,0,0
0,0,0
0,0,0
0,0,0
0,0,0
0,0,0
0,0,0
0,0,0
0,0,0
0,0,0
0,0,0
0,0,0
0,0,0
0,0,0
0,0,0
0,0,0
0,0,0
0,0,0
0,0,0
0,0,0
0,0,0
0,0,0
0,0,0
0,0,0
0,0,0
0,0,0
0,0,0
0,0,0
0,0,0
0,0,0
0,0,0
0,0,0
0,0,0
0,0,0
0,0,0
0,0,0
0,0,0
0,0,0
0,0,0
0,0,0
0,0,0
0,0,0
0,0,0
0,0,0
0,0,0
0,0,0
0,0,0
0,0,0
0,0,0
0,0,0
0,0,0
0,0,0
0,0,0
0,0,0
0,0,0
0,0,0
0,0,0
0,0,0
0,0,0
0,0,0
0,0,0
0,0,0
0,0,0
0,0,0
0,0,0
0,0,0
0,0,0
0,0,0
0,0,0
0,0,0
0,0,0
0,0,0
0,0,0
0,0,0
0,0,0
0,0,0
0,0,0
0,0,0
0,0,0
0,0,0
0,0,0
0,0,0
0,0,0
0,0,0
0,0,0
0,0,0
0,0,0
0,0,0
0,0,0
0,0,0
0,0,0
0,0,0
0,0,0
0,0,0
0,0,0
0,0,0
0,0,0
0,0,0
0,0,0
0,0,0
0,0,0
0,0,0
0,0,0
0,0,0
0,0,0
0,0,0
0,0,0
0,0,0
0,0,0
0,0,0
0,0,0
0,0,0
0,0,0
0,0,0
0,0,0
0,0,0
0,0,0
0,0,0
0,0,0
0,0,0
0,0,0
0,0,0
0,0,0
0,0,0
0,0,0
0,0,0
0,0,0
0,0,0
0,0,0
0,0,0
0,0,0
0,0,0
0,0,0
0,0,0
0,0,0
0,0,0
0,0,0
0,0,0
0,0,0
0,0,0
0,0,0
0,0,0
0,0,0
0,0,0
0,0,0
0,0,0
0,0,0
0,0,0
0,0,0
0,0,0
0,0,0
0,0,0
0,0,0
0,0,0
0,0,0
0,0,0
0,0,0
0,0,0
0,0,0
0,0,0
0,0,0
0,0,0
0,0,0
0,0,0
0,0,0
0,0,0
0,0,0
0,0,0
0,0,0
0,0,0
0,0,0
0,0,0
0,0,0
0,0,0
0,0,0
0,0,0
0,0,0
0,0,0
0,0,0
0,0,0
0,0,0
0,0,0
0,0,0
0,0,0
0,0,0
0,0,0
0,0,0
0,0,0
0,0,0
0,0,0
0,0,0
0,0,0
0,0,0
0,0,0
0,0,0
0,0,0
0,0,0
0,0,0
0,0,0
0,0,0
0,0,0
0,0,0
0,0,0
0,0,0
0,0,0
0,0,0
0,0,0
0,0,0
0,0,0
0,0,0
0,0,0
0,0,0
0,0,0
0,0,0
0,0,0
0,0,0
0,0,0
0,0,0
0,0,0
0,0,0
0,0,0
0,0,0
0,0,0
0,0,0
0,0,0
0,0,0
0,0,0
0,0,0
0,0,0
0,0,0
0,0,0
0,0,0
0,0,0
0,0,0
0,0,0
0,0,0
0,0,0
0,0,0
0,0,0
0,0,0
0,0,0
0,0,0
0,0,0
0,0,0
0,0,0
0,0,0
0,0,0
0,0,0
0,0,0
0,0,0
0,0,0
0,0,0
0,0,0
0,0,0
0,0,0
0,0,0
0,0,0
0,0,0
0,0,0
0,0,0
0,0,0
0,0,0
0,0,0
0,0,0
0,0,0
0,0,0
0,0,0
0,0,0
0,0,0
0,0,0
0,0,0
0,0,0
0,0,0
0,0,0
0,0,0
0,0,0
0,0,0
0,0,0
0,0,0
0,0,0
0,0,0
0,0,0
0,0,0
0,0,0
0,0,0
0,0,0
0,0,0
0,0,0
0,0,0
0,0,0
0,0,0
0,0,0
0,0,0
0,0,0
0,0,0
0,0,0
0,0,0
0,0,0
0,0,0
0,0,0
0,0,0
0,0,0
0,0,0
0,0,0
0,0,0
0,0,0
0,0,0
0,0,0
0,0,0
0,0,0
0,0,0
0,0,0
0,0,0
0,0,0
0,0,0
0,0,0
0,0,0
0,0,0
0,0,0
0,0,0
0,0,0
0,0,0
0,0,0
0,0,0
0,0,0
0,0,0
0,0,0
0,0,0
0,0,0
0,0,0
0,0,0
0,0,0
0,0,0
0,0,0
0,0,0
0,0,0
0,0,0
0,0,0
0,0,0
0,0,0
0,0,0
0,0,0
0,0,0
0,0,0
0,0,0
0,0,0
0,0,0
0,0,0
0,0,0
0,0,0
0,0,0
0,0,0
0,0,0
0,0,0
0,0,0
0,0,0
0,0,0
0,0,0
0,0,0
0,0,0
0,0,0
0,0,0
0,0,0
0,0,0
0,0,0
0,0,0
0,0,0
0,0,0
0,0,0
0,0,0
0,0,0
0,0,0
0,0,0
0,0,0
0,0,0
0,0,0
0,0,0
0,0,0
0,0,0
0,0,0
0,0,0
0,0,0
0,0,0
0,0,0
0,0,0
0,0,0
0,0,0
0,0,0
0,0,0
0,0,0
0,0,0
0,0,0
0,0,0
0,0,0
0,0,0
0,0,0
0,0,0
0,0,0
0,0,0
0,0,0
0,0,0
0,0,0
0,0,0
0,0,0
0,0,0
0,0,0
0,0,0
0,0,0
0,0,0
0,0,0
0,0,0
0,0,0
0,0,0
0,0,0
0,0,0
0,0,0
0,0,0
0,0,0
0,0,0
0,0,0
0,0,0
0,0,0
0,0,0
0,0,0
0,0,0
0,0,0
0,0,0
0,0,0
0,0,0
0,0,0
0,0,0
0,0,0
0,0,0
0,0,0
0,0,0
0,0,0
0,0,0
0,0,0
0,0,0
0,0,0
0,0,0
0,0,0
0,0,0
0,0,0
0,0,0
0,0,0
0,0,0
0,0,0
0,0,0
0,0,0
0,0,0
0,0,0
0,0,0
0,0,0
0,0,0
0,0,0
0,0,0
0,0,0
0,0,0
0,0,0
0,0,0
0,0,0
0,0,0
0,0,0
0,0,0
0,0,0
0,0,0
0,0,0
0,0,0
0,0,0
0,0,0
0,0,0
0,0,0
0,0,0
0,0,0
0,0,0
0,0,0
0,0,0
0,0,0
0,0,0
0,0,0
0,0,0
0,0,0
0,0,0
0,0,0
0,0,0
0,0,0
0,0,0
0,0,0
0,0,0
0,0,0
0,0,0
0,0,0
0,0,0
0,0,0
0,0,0
0,0,0
0,0,0
0,0,0
0,0,0
0,0,0
0,0,0
0,0,0
0,0,0
0,0,0
0,0,0
0,0,0
0,0,0
0,0,0
0,0,0
0,0,0
0,0,0
0,0,0
0,0,0
0,0,0
0,0,0
0,0,0
0,0,0
0,0,0
0,0,0
0,0,0
0,0,0
0,0,0
0,0,0
0,0,0
0,0,0
0,0,0
0,0,0
0,0,0
0,0,0
0,0,0
0,0,0
0,0,0
0,0,0
0,0,0
0,0,0
0,0,0
0,0,0
0,0,0
0,0,0
0,0,0
0,0,0
0,0,0
0,0,0
0,0,0
0,0,0
0,0,0
0,0,0
0,0,0
0,0,0
0,0,0
0,0,0
0,0,0
0,0,0
0,0,0
0,0,0
0,0,0
0,0,0
0,0,0
0,0,0
0,0,0
0,0,0
0,0,0
0,0,0
0,0,0
0,0,0
0,0,0
0,0,0
0,0,0
0,0,0
0,0,0
0,0,0
0,0,0
0,0,0
0,0,0
0,0,0
0,0,0
0,0,0
0,0,0
0,0,0
0,0,0
0,0,0
0,0,0
0,0,0
0,0,0
0,0,0
0,0,0
0,0,0
0,0,0
0,0,0
0,0,0
0,0,0
0,0,0
0,0,0
0,0,0
0,0,0
0,0,0
0,0,0
0,0,0
0,0,0
0,0,0
0,0,0
0,0,0
0,0,0
0,0,0
0,0,0
0,0,0
0,0,0
0,0,0
0,0,0
0,0,0
0,0,0
0,0,0
0,0,0
0,0,0
0,0,0
0,0,0
0,0,0
0,0,0
0,0,0
0,0,0
0,0,0
0,0,0
0,0,0
0,0,0
0,0,0
0,0,0
0,0,0
0,0,0
0,0,0
0,0,0
0,0,0
0,0,0
0,0,0
0,0,0
0,0,0
0,0,0
0,0,0
0,0,0
0,0,0
0,0,0
0,0,0
0,0,0
0,0,0
0,0,0
0,0,0
0,0,0
0,0,0
0,0,0
0,0,0
0,0,0
0,0,0
0,0,0
0,0,0
0,0,0
0,0,0
0,0,0
0,0,0
0,0,0
0,0,0
0,0,0
0,0,0
0,0,0
0,0,0
0,0,0
0,0,0
0,0,0
0,0,0
0,0,0
0,0,0
0,0,0
0,0,0
0,0,0
0,0,0
0,0,0
0,0,0
0,0,0
0,0,0
0,0,0
0,0,0
0,0,0
0,0,0
0,0,0
0,0,0
0,0,0
0,0,0
0,0,0
0,0,0
0,0,0
0,0,0
0,0,0
0,0,0
0,0,0
0,0,0
0,0,0
0,0,0
0,0,0
0,0,0
0,0,0
0,0,0
0,0,0
0,0,0
0,0,0
0,0,0
0,0,0
0,0,0
0,0,0
0,0,0
0,0,0
0,0,0
0,0,0
0,0,0
0,0,0
0,0,0
0,0,0
0,0,0
0,0,0
0,0,0
0,0,0
0,0,0
0,0,0
0,0,0
0,0,0
0,0,0
0,0,0
0,0,0
0,0,0
0,0,0
0,0,0
0,0,0
0,0,0
0,0,0
0,0,0
0,0,0
0,0,0
0,0,0
0,0,0
0,0,0
0,0,0
0,0,0
0,0,0
0,0,0
0,0,0
0,0,0
0,0,0
0,0,0
0,0,0
0,0,0
0,0,0
0,0,0
0,0,0
0,0,0
0,0,0
0,0,0
0,0,0
0,0,0
0,0,0
0,0,0
0,0,0
0,0,0
0,0,0
0,0,0
0,0,0
0,0,0
0,0,0
0,0,0
0,0,0
0,0,0
0,0,0
0,0,0
0,0,0
0,0,0
0,0,0
0,0,0
0,0,0
0,0,0
0,0,0
0,0,0
0,0,0
0,0,0
0,0,0
0,0,0
0,0,0
0,0,0
0,0,0
0,0,0
0,0,0
0,0,0
0,0,0
0,0,0
0,0,0
0,0,0
0,0,0
0,0,0
0,0,0
0,0,0
0,0,0
0,0,0
0,0,0
0,0,0
0,0,0
0,0,0
0,0,0
0,0,0
0,0,0
0,0,0
0,0,0
0,0,0
0,0,0
0,0,0
0,0,0
0,0,0
0,0,0
0,0,0
0,0,0
0,0,0
0,0,0
0,0,0
0,0,0
0,0,0
0,0,0
0,0,0
0,0,0
0,0,0
0,0,0
0,0,0
0,0,0
0,0,0
0,0,0
0,0,0
0,0,0
0,0,0
0,0,0
0,0,0
0,0,0
0,0,0
0,0,0
0,0,0
0,0,0
0,0,0
0,0,0
0,0,0
0,0,0
0,0,0
0,0,0
0,0,0
0,0,0
0,0,0
0,0,0
0,0,0
0,0,0
0,0,0
0,0,0
0,0,0
0,0,0
0,0,0
0,0,0
0,0,0
0,0,0
0,0,0
0,0,0
0,0,0
0,0,0
0,0,0
0,0,0
0,0,0
0,0,0
0,0,0
0,0,0
0,0,0
0,0,0
0,0,0
7.91153,-15.6988,3.49482
7.80502,-15.7268,3.49037
7.69545,-15.748,3.48458
7.60634,-15.8108,3.48805
7.55412,-15.9521,3.50873
0,0,0
0,0,0
0,0,0
0,0,0
0,0,0
0,0,0
0,0,0
0,0,0
0,0,0
0,0,0
0,0,0
0,0,0
0,0,0
0,0,0
0,0,0
0,0,0
0,0,0
0,0,0
0,0,0
0,0,0
0,0,0
0,0,0
0,0,0
0,0,0
0,0,0
0,0,0
0,0,0
0,0,0
0,0,0
0,0,0
0,0,0
0,0,0
0,0,0
0,0,0
0,0,0
0,0,0
0,0,0
0,0,0
0,0,0
0,0,0
0,0,0
0,0,0
0,0,0
0,0,0
0,0,0
0,0,0
0,0,0
0,0,0
0,0,0
0,0,0
0,0,0
0,0,0
0,0,0
0,0,0
0,0,0
0,0,0
0,0,0
0,0,0
0,0,0
0,0,0
0,0,0
0,0,0
0,0,0
0,0,0
0,0,0
0,0,0
0,0,0
0,0,0
0,0,0
0,0,0
0,0,0
0,0,0
0,0,0
0,0,0
0,0,0
0,0,0
0,0,0
0,0,0
0,0,0
0,0,0
0,0,0
0,0,0
0,0,0
0,0,0
0,0,0
0,0,0
0,0,0
0,0,0
0,0,0
0,0,0
0,0,0
0,0,0
0,0,0
0,0,0
0,0,0
0,0,0
0,0,0
0,0,0
0,0,0
0,0,0
0,0,0
0,0,0
0,0,0
0,0,0
0,0,0
0,0,0
0,0,0
0,0,0
0,0,0
0,0,0
0,0,0
0,0,0
0,0,0
0,0,0
0,0,0
0,0,0
0,0,0
0,0,0
0,0,0
0,0,0
0,0,0
0,0,0
0,0,0
0,0,0
0,0,0
0,0,0
0,0,0
0,0,0
0,0,0
0,0,0
0,0,0
0,0,0
0,0,0
0,0,0
0,0,0
0,0,0
0,0,0
0,0,0
0,0,0
0,0,0
0,0,0
0,0,0
0,0,0
0,0,0
0,0,0
0,0,0
0,0,0
0,0,0
0,0,0
0,0,0
0,0,0
0,0,0
0,0,0
0,0,0
0,0,0
0,0,0
0,0,0
0,0,0
0,0,0
0,0,0
0,0,0
0,0,0
0,0,0
0,0,0
0,0,0
0,0,0
0,0,0
0,0,0
0,0,0
0,0,0
0,0,0
0,0,0
0,0,0
0,0,0
0,0,0
0,0,0
0,0,0
0,0,0
0,0,0
0,0,0
0,0,0
0,0,0
0,0,0
0,0,0
0,0,0
0,0,0
0,0,0
0,0,0
0,0,0
0,0,0
0,0,0
0,0,0
0,0,0
0,0,0
0,0,0
0,0,0
0,0,0
0,0,0
0,0,0
0,0,0
0,0,0
0,0,0
0,0,0
0,0,0
0,0,0
0,0,0
0,0,0
0,0,0
0,0,0
0,0,0
0,0,0
0,0,0
0,0,0
0,0,0
0,0,0
0,0,0
0,0,0
0,0,0
0,0,0
0,0,0
0,0,0
0,0,0
0,0,0
0,0,0
0,0,0
0,0,0
0,0,0
0,0,0
0,0,0
0,0,0
0,0,0
0,0,0
0,0,0
0,0,0
0,0,0
0,0,0
0,0,0
0,0,0
0,0,0
0,0,0
0,0,0
0,0,0
0,0,0
0,0,0
0,0,0
0,0,0
0,0,0
0,0,0
0,0,0
0,0,0
0,0,0
0,0,0
0,0,0
0,0,0
0,0,0
0,0,0
0,0,0
0,0,0
0,0,0
0,0,0
0,0,0
0,0,0
0,0,0
0,0,0
0,0,0
0,0,0
0,0,0
0,0,0
0,0,0
0,0,0
0,0,0
0,0,0
0,0,0
0,0,0
0,0,0
0,0,0
0,0,0
0,0,0
0,0,0
0,0,0
0,0,0
0,0,0
0,0,0
0,0,0
0,0,0
0,0,0
0,0,0
0,0,0
0,0,0
0,0,0
0,0,0
0,0,0
0,0,0
0,0,0
0,0,0
0,0,0
0,0,0
0,0,0
0,0,0
0,0,0
0,0,0
0,0,0
0,0,0
0,0,0
0,0,0
0,0,0
0,0,0
0,0,0
0,0,0
0,0,0
0,0,0
0,0,0
0,0,0
0,0,0
0,0,0
0,0,0
0,0,0
0,0,0
0,0,0
0,0,0
0,0,0
0,0,0
0,0,0
0,0,0
0,0,0
0,0,0
0,0,0
0,0,0
0,0,0
0,0,0
0,0,0
0,0,0
0,0,0
0,0,0
0,0,0
0,0,0
0,0,0
0,0,0
0,0,0
0,0,0
0,0,0
0,0,0
0,0,0
0,0,0
0,0,0
0,0,0
0,0,0
0,0,0
0,0,0
0,0,0
0,0,0
0,0,0
0,0,0
0,0,0
0,0,0
0,0,0
0,0,0
0,0,0
0,0,0
0,0,0
0,0,0
0,0,0
0,0,0
0,0,0
0,0,0
0,0,0
0,0,0
0,0,0
0,0,0
0,0,0
0,0,0
0,0,0
0,0,0
0,0,0
0,0,0
0,0,0
0,0,0
0,0,0
0,0,0
0,0,0
0,0,0
0,0,0
0,0,0
0,0,0
0,0,0
0,0,0
0,0,0
0,0,0
0,0,0
0,0,0
0,0,0
0,0,0
0,0,0
0,0,0
0,0,0
0,0,0
0,0,0
0,0,0
0,0,0
0,0,0
0,0,0
0,0,0
0,0,0
0,0,0
0,0,0
0,0,0
0,0,0
0,0,0
0,0,0
0,0,0
0,0,0
0,0,0
0,0,0
0,0,0
0,0,0
0,0,0
0,0,0
0,0,0
0,0,0
0,0,0
0,0,0
0,0,0
0,0,0
0,0,0
0,0,0
0,0,0
0,0,0
0,0,0
0,0,0
0,0,0
0,0,0
0,0,0
0,0,0
0,0,0
0,0,0
0,0,0
0,0,0
0,0,0
0,0,0
0,0,0
0,0,0
0,0,0
0,0,0
0,0,0
0,0,0
0,0,0
0,0,0
0,0,0
0,0,0
0,0,0
0,0,0
0,0,0
0,0,0
0,0,0
0,0,0
0,0,0
0,0,0
0,0,0
0,0,0
0,0,0
0,0,0
0,0,0
0,0,0
0,0,0
0,0,0
0,0,0
0,0,0
0,0,0
0,0,0
0,0,0
0,0,0
0,0,0
0,0,0
0,0,0
0,0,0
0,0,0
0,0,0
0,0,0
0,0,0
0,0,0
0,0,0
0,0,0
0,0,0
0,0,0
0,0,0
0,0,0
0,0,0
0,0,0
0,0,0
0,0,0
0,0,0
0,0,0
0,0,0
0,0,0
0,0,0
0,0,0
0,0,0
0,0,0
0,0,0
0,0,0
0,0,0
0,0,0
0,0,0
0,0,0
0,0,0
0,0,0
0,0,0
0,0,0
0,0,0
0,0,0
0,0,0
0,0,0
0,0,0
0,0,0
0,0,0
0,0,0
0,0,0
0,0,0
0,0,0
0,0,0
0,0,0
0,0,0
0,0,0
0,0,0
0,0,0
0,0,0
0,0,0
0,0,0
0,0,0
0,0,0
0,0,0
0,0,0
0,0,0
0,0,0
0,0,0
0,0,0
0,0,0
0,0,0
0,0,0
0,0,0
0,0,0
0,0,0
0,0,0
0,0,0
0,0,0
0,0,0
0,0,0
0,0,0
0,0,0
0,0,0
0,0,0
0,0,0
0,0,0
0,0,0
0,0,0
0,0,0
0,0,0
0,0,0
0,0,0
0,0,0
0,0,0
0,0,0
0,0,0
0,0,0
0,0,0
0,0,0
0,0,0
0,0,0
0,0,0
0,0,0
0,0,0
0,0,0
0,0,0
0,0,0
0,0,0
0,0,0
0,0,0
0,0,0
0,0,0
0,0,0
0,0,0
0,0,0
0,0,0
0,0,0
0,0,0
0,0,0
0,0,0
0,0,0
0,0,0
0,0,0
0,0,0
0,0,0
0,0,0
0,0,0
0,0,0
0,0,0
0,0,0
0,0,0
0,0,0
0,0,0
0,0,0
0,0,0
0,0,0
0,0,0
0,0,0
0,0,0
0,0,0
0,0,0
0,0,0
0,0,0
0,0,0
0,0,0
0,0,0
0,0,0
0,0,0
0,0,0
0,0,0
0,0,0
0,0,0
0,0,0
0,0,0
0,0,0
0,0,0
0,0,0
0,0,0
0,0,0
0,0,0
0,0,0
0,0,0
0,0,0
0,0,0
0,0,0
0,0,0
0,0,0
0,0,0
0,0,0
0,0,0
0,0,0
0,0,0
0,0,0
0,0,0
0,0,0
0,0,0
0,0,0
0,0,0
0,0,0
0,0,0
0,0,0
0,0,0
0,0,0
0,0,0
0,0,0
0,0,0
0,0,0
0,0,0
0,0,0
0,0,0
0,0,0
0,0,0
0,0,0
0,0,0
0,0,0
0,0,0
0,0,0
0,0,0
0,0,0
0,0,0
0,0,0
0,0,0
0,0,0
0,0,0
0,0,0
20.1624,26.8663,6.2407
20.3209,26.7343,6.23889
20.4924,26.6192,6.24125
0,0,0
0,0,0
0,0,0
0,0,0
0,0,0
0,0,0
0,0,0
0,0,0
0,0,0
0,0,0
0,0,0
0,0,0
0,0,0
0,0,0
0,0,0
0,0,0
0,0,0
0,0,0
0,0,0
0,0,0
0,0,0
0,0,0
0,0,0
0,0,0
0,0,0
0,0,0
0,0,0
0,0,0
0,0,0
0,0,0
0,0,0
0,0,0
0,0,0
0,0,0
0,0,0
0,0,0
0,0,0
0,0,0
0,0,0
0,0,0
0,0,0
0,0,0
0,0,0
0,0,0
0,0,0
0,0,0
0,0,0
0,0,0
0,0,0
0,0,0
0,0,0
0,0,0
0,0,0
0,0,0
0,0,0
0,0,0
0,0,0
0,0,0
0,0,0
0,0,0
0,0,0
0,0,0
0,0,0
0,0,0
0,0,0
0,0,0
0,0,0
0,0,0
0,0,0
0,0,0
0,0,0
0,0,0
0,0,0
0,0,0
0,0,0
0,0,0
0,0,0
0,0,0
0,0,0
0,0,0
0,0,0
0,0,0
0,0,0
0,0,0
0,0,0
0,0,0
0,0,0
0,0,0
0,0,0
0,0,0
0,0,0
0,0,0
0,0,0
0,0,0
0,0,0
0,0,0
0,0,0
0,0,0
0,0,0
0,0,0
0,0,0
0,0,0
0,0,0
0,0,0
0,0,0
0,0,0
0,0,0
0,0,0
0,0,0
0,0,0
0,0,0
0,0,0
0,0,0
0,0,0
0,0,0
0,0,0
0,0,0
0,0,0
0,0,0
0,0,0
0,0,0
0,0,0
0,0,0
0,0,0
0,0,0
0,0,0
0,0,0
0,0,0
0,0,0
0,0,0
0,0,0
0,0,0
0,0,0
0,0,0
0,0,0
0,0,0
0,0,0
0,0,0
0,0,0
0,0,0
0,0,0
0,0,0
0,0,0
0,0,0
0,0,0
0,0,0
0,0,0
0,0,0
0,0,0
0,0,0
0,0,0
0,0,0
0,0,0
0,0,0
0,0,0
0,0,0
0,0,0
0,0,0
0,0,0
0,0,0
0,0,0
0,0,0
0,0,0
0,0,0
0,0,0
0,0,0
0,0,0
0,0,0
0,0,0
0,0,0
0,0,0
0,0,0
0,0,0
0,0,0
0,0,0
0,0,0
0,0,0
0,0,0
0,0,0
0,0,0
0,0,0
0,0,0
0,0,0
0,0,0
0,0,0
0,0,0
0,0,0
0,0,0
0,0,0
0,0,0
0,0,0
0,0,0
0,0,0
0,0,0
0,0,0
0,0,0
0,0,0
0,0,0
0,0,0
0,0,0
0,0,0
0,0,0
0,0,0
0,0,0
0,0,0
0,0,0
0,0,0
0,0,0
0,0,0
0,0,0
0,0,0
0,0,0
0,0,0
0,0,0
0,0,0
0,0,0
0,0,0
0,0,0
0,0,0
0,0,0
0,0,0
0,0,0
0,0,0
0,0,0
0,0,0
0,0,0
0,0,0
0,0,0
0,0,0
0,0,0
0,0,0
0,0,0
0,0,0
0,0,0
0,0,0
0,0,0
0,0,0
0,0,0
0,0,0
0,0,0
0,0,0
0,0,0
0,0,0
0,0,0
0,0,0
0,0,0
0,0,0
0,0,0
0,0,0
0,0,0
0,0,0
0,0,0
0,0,0
0,0,0
0,0,0
0,0,0
0,0,0
0,0,0
0,0,0
0,0,0
0,0,0
0,0,0
0,0,0
0,0,0
0,0,0
0,0,0
0,0,0
0,0,0
0,0,0
0,0,0
0,0,0
0,0,0
0,0,0
0,0,0
0,0,0
0,0,0
0,0,0
0,0,0
0,0,0
0,0,0
0,0,0
0,0,0
0,0,0
0,0,0
0,0,0
0,0,0
0,0,0
0,0,0
0,0,0
0,0,0
0,0,0
0,0,0
0,0,0
0,0,0
0,0,0
0,0,0
0,0,0
0,0,0
0,0,0
0,0,0
0,0,0
0,0,0
0,0,0
0,0,0
0,0,0
0,0,0
0,0,0
0,0,0
0,0,0
0,0,0
0,0,0
0,0,0
0,0,0
0,0,0
0,0,0
0,0,0
0,0,0
0,0,0
0,0,0
0,0,0
0,0,0
0,0,0
0,0,0
0,0,0
0,0,0
0,0,0
0,0,0
8.07623,-15.7838,3.30973
7.90931,-15.6944,3.28102
7.80631,-15.7294,3.27829
7.69972,-15.7567,3.27411
7.61568,-15.8302,3.27957
7.54071,-15.9237,3.2892
0,0,0
0,0,0
0,0,0
0,0,0
0,0,0
0,0,0
0,0,0
0,0,0
0,0,0
0,0,0
0,0,0
0,0,0
0,0,0
0,0,0
0,0,0
0,0,0
0,0,0
0,0,0
0,0,0
0,0,0
0,0,0
0,0,0
0,0,0
0,0,0
0,0,0
0,0,0
0,0,0
0,0,0
0,0,0
0,0,0
0,0,0
0,0,0
0,0,0
0,0,0
0,0,0
0,0,0
0,0,0
0,0,0
0,0,0
0,0,0
0,0,0
0,0,0
0,0,0
0,0,0
0,0,0
0,0,0
0,0,0
0,0,0
0,0,0
0,0,0
0,0,0
0,0,0
0,0,0
0,0,0
0,0,0
0,0,0
0,0,0
0,0,0
0,0,0
0,0,0
0,0,0
0,0,0
0,0,0
0,0,0
0,0,0
0,0,0
0,0,0
0,0,0
0,0,0
0,0,0
0,0,0
0,0,0
0,0,0
0,0,0
0,0,0
0,0,0
0,0,0
0,0,0
0,0,0
0,0,0
0,0,0
0,0,0
0,0,0
0,0,0
0,0,0
0,0,0
0,0,0
0,0,0
0,0,0
0,0,0
0,0,0
0,0,0
0,0,0
0,0,0
0,0,0
0,0,0
0,0,0
0,0,0
0,0,0
0,0,0
0,0,0
0,0,0
0,0,0
0,0,0
0,0,0
0,0,0
0,0,0
0,0,0
0,0,0
0,0,0
0,0,0
0,0,0
0,0,0
0,0,0
0,0,0
0,0,0
0,0,0
0,0,0
0,0,0
0,0,0
0,0,0
0,0,0
0,0,0
0,0,0
0,0,0
0,0,0
0,0,0
0,0,0
0,0,0
0,0,0
0,0,0
0,0,0
0,0,0
0,0,0
0,0,0
0,0,0
0,0,0
0,0,0
0,0,0
0,0,0
0,0,0
0,0,0
0,0,0
0,0,0
0,0,0
0,0,0
0,0,0
0,0,0
0,0,0
0,0,0
0,0,0
0,0,0
0,0,0
0,0,0
0,0,0
0,0,0
0,0,0
0,0,0
0,0,0
0,0,0
0,0,0
0,0,0
0,0,0
0,0,0
0,0,0
0,0,0
0,0,0
0,0,0
0,0,0
0,0,0
0,0,0
0,0,0
0,0,0
0,0,0
0,0,0
0,0,0
0,0,0
0,0,0
0,0,0
0,0,0
0,0,0
0,0,0
0,0,0
0,0,0
0,0,0
0,0,0
0,0,0
0,0,0
0,0,0
0,0,0
0,0,0
0,0,0
0,0,0
0,0,0
0,0,0
0,0,0
0,0,0
0,0,0
0,0,0
0,0,0
0,0,0
0,0,0
0,0,0
0,0,0
0,0,0
0,0,0
0,0,0
0,0,0
0,0,0
0,0,0
0,0,0
0,0,0
0,0,0
0,0,0
0,0,0
0,0,0
0,0,0
0,0,0
0,0,0
0,0,0
0,0,0
0,0,0
0,0,0
0,0,0
0,0,0
0,0,0
0,0,0
0,0,0
0,0,0
0,0,0
0,0,0
0,0,0
0,0,0
0,0,0
0,0,0
0,0,0
0,0,0
0,0,0
0,0,0
0,0,0
0,0,0
0,0,0
0,0,0
0,0,0
0,0,0
0,0,0
0,0,0
0,0,0
0,0,0
0,0,0
0,0,0
0,0,0
0,0,0
0,0,0
0,0,0
0,0,0
0,0,0
0,0,0
0,0,0
0,0,0
0,0,0
0,0,0
0,0,0
0,0,0
0,0,0
0,0,0
0,0,0
0,0,0
0,0,0
0,0,0
0,0,0
0,0,0
0,0,0
0,0,0
0,0,0
0,0,0
0,0,0
0,0,0
0,0,0
0,0,0
0,0,0
0,0,0
0,0,0
0,0,0
0,0,0
0,0,0
0,0,0
0,0,0
0,0,0
0,0,0
0,0,0
0,0,0
0,0,0
0,0,0
0,0,0
0,0,0
0,0,0
0,0,0
0,0,0
0,0,0
0,0,0
0,0,0
0,0,0
0,0,0
0,0,0
0,0,0
0,0,0
0,0,0
0,0,0
0,0,0
0,0,0
0,0,0
0,0,0
0,0,0
0,0,0
0,0,0
0,0,0
0,0,0
0,0,0
0,0,0
0,0,0
0,0,0
0,0,0
0,0,0
0,0,0
0,0,0
0,0,0
0,0,0
0,0,0
0,0,0
0,0,0
0,0,0
0,0,0
0,0,0
0,0,0
0,0,0
0,0,0
0,0,0
0,0,0
0,0,0
0,0,0
0,0,0
0,0,0
0,0,0
0,0,0
0,0,0
0,0,0
0,0,0
0,0,0
0,0,0
0,0,0
0,0,0
0,0,0
0,0,0
0,0,0
0,0,0
0,0,0
0,0,0
0,0,0
0,0,0
0,0,0
0,0,0
0,0,0
0,0,0
0,0,0
0,0,0
0,0,0
0,0,0
0,0,0
0,0,0
0,0,0
0,0,0
0,0,0
0,0,0
0,0,0
0,0,0
0,0,0
0,0,0
0,0,0
0,0,0
0,0,0
0,0,0
0,0,0
0,0,0
0,0,0
0,0,0
0,0,0
0,0,0
0,0,0
0,0,0
0,0,0
0,0,0
0,0,0
0,0,0
0,0,0
0,0,0
0,0,0
0,0,0
0,0,0
0,0,0
0,0,0
0,0,0
0,0,0
0,0,0
0,0,0
0,0,0
0,0,0
0,0,0
0,0,0
0,0,0
0,0,0
0,0,0
0,0,0
0,0,0
0,0,0
0,0,0
0,0,0
0,0,0
0,0,0
0,0,0
0,0,0
0,0,0
0,0,0
0,0,0
0,0,0
0,0,0
0,0,0
0,0,0
0,0,0
0,0,0
0,0,0
0,0,0
0,0,0
0,0,0
0,0,0
0,0,0
0,0,0
0,0,0
0,0,0
0,0,0
0,0,0
0,0,0
0,0,0
0,0,0
0,0,0
0,0,0
0,0,0
0,0,0
0,0,0
0,0,0
0,0,0
0,0,0
0,0,0
0,0,0
0,0,0
0,0,0
0,0,0
0,0,0
0,0,0
0,0,0
0,0,0
0,0,0
0,0,0
0,0,0
0,0,0
0,0,0
0,0,0
0,0,0
0,0,0
0,0,0
0,0,0
0,0,0
0,0,0
0,0,0
0,0,0
0,0,0
0,0,0
0,0,0
0,0,0
0,0,0
0,0,0
0,0,0
0,0,0
0,0,0
0,0,0
0,0,0
0,0,0
0,0,0
0,0,0
0,0,0
0,0,0
0,0,0
0,0,0
0,0,0
0,0,0
0,0,0
0,0,0
0,0,0
0,0,0
0,0,0
0,0,0
0,0,0
0,0,0
0,0,0
0,0,0
0,0,0
0,0,0
0,0,0
0,0,0
0,0,0
0,0,0
0,0,0
0,0,0
0,0,0
0,0,0
0,0,0
0,0,0
0,0,0
0,0,0
0,0,0
0,0,0
0,0,0
0,0,0
0,0,0
0,0,0
0,0,0
0,0,0
0,0,0
0,0,0
0,0,0
0,0,0
0,0,0
0,0,0
0,0,0
0,0,0
0,0,0
0,0,0
0,0,0
0,0,0
0,0,0
0,0,0
0,0,0
0,0,0
0,0,0
0,0,0
0,0,0
0,0,0
0,0,0
0,0,0
0,0,0
0,0,0
0,0,0
0,0,0
0,0,0
0,0,0
0,0,0
0,0,0
0,0,0
0,0,0
0,0,0
0,0,0
0,0,0
0,0,0
0,0,0
0,0,0
0,0,0
0,0,0
0,0,0
0,0,0
0,0,0
0,0,0
0,0,0
0,0,0
0,0,0
0,0,0
0,0,0
0,0,0
0,0,0
0,0,0
0,0,0
0,0,0
0,0,0
0,0,0
0,0,0
0,0,0
0,0,0
0,0,0
0,0,0
0,0,0
0,0,0
0,0,0
0,0,0
0,0,0
0,0,0
0,0,0
0,0,0
0,0,0
0,0,0
0,0,0
0,0,0
0,0,0
0,0,0
0,0,0
0,0,0
0,0,0
0,0,0
0,0,0
0,0,0
0,0,0
0,0,0
0,0,0
0,0,0
0,0,0
0,0,0
0,0,0
0,0,0
0,0,0
0,0,0
0,0,0
0,0,0
0,0,0
0,0,0
0,0,0
0,0,0
0,0,0
0,0,0
0,0,0
0,0,0
0,0,0
0,0,0
0,0,0
0,0,0
0,0,0
0,0,0
0,0,0
0,0,0
0,0,0
0,0,0
0,0,0
0,0,0
0,0,0
0,0,0
0,0,0
0,0,0
0,0,0
0,0,0
0,0,0
0,0,0
0,0,0
0,0,0
0,0,0
0,0,0
0,0,0
0,0,0
0,0,0
0,0,0
0,0,0
0,0,0
0,0,0
0,0,0
0,0,0
0,0,0
0,0,0
0,0,0
0,0,0
0,0,0
0,0,0
0,0,0
0,0,0
0,0,0
0,0,0
0,0,0
0,0,0
0,0,0
0,0,0
0,0,0
0,0,0
0,0,0
0,0,0
0,0,0
0,0,0
0,0,0
0,0,0
0,0,0
0,0,0
0,0,0
0,0,0
0,0,0
0,0,0
0,0,0
0,0,0
0,0,0
0,0,0
0,0,0
0,0,0
0,0,0
0,0,0
0,0,0
0,0,0
0,0,0
0,0,0
0,0,0
0,0,0
0,0,0
0,0,0
20.2631,26.6412,5.815
20.345,26.4109,5.79202
20.4909,26.2654,5.78759
0,0,0
0,0,0
0,0,0
0,0,0
0,0,0
0,0,0
0,0,0
0,0,0
0,0,0
0,0,0
0,0,0
0,0,0
0,0,0
0,0,0
0,0,0
0,0,0
0,0,0
0,0,0
0,0,0
0,0,0
0,0,0
0,0,0
0,0,0
0,0,0
0,0,0
0,0,0
0,0,0
0,0,0
0,0,0
0,0,0
0,0,0
0,0,0
0,0,0
0,0,0
0,0,0
0,0,0
0,0,0
0,0,0
0,0,0
0,0,0
0,0,0
0,0,0
0,0,0
0,0,0
0,0,0
0,0,0
0,0,0
0,0,0
0,0,0
0,0,0
0,0,0
0,0,0
0,0,0
0,0,0
0,0,0
0,0,0
0,0,0
0,0,0
0,0,0
0,0,0
0,0,0
0,0,0
0,0,0
0,0,0
0,0,0
0,0,0
0,0,0
0,0,0
0,0,0
0,0,0
0,0,0
0,0,0
0,0,0
0,0,0
0,0,0
0,0,0
0,0,0
0,0,0
0,0,0
0,0,0
0,0,0
0,0,0
0,0,0
0,0,0
0,0,0
0,0,0
0,0,0
0,0,0
0,0,0
0,0,0
0,0,0
0,0,0
0,0,0
0,0,0
0,0,0
0,0,0
0,0,0
0,0,0
0,0,0
0,0,0
0,0,0
0,0,0
0,0,0
0,0,0
0,0,0
0,0,0
0,0,0
0,0,0
0,0,0
0,0,0
0,0,0
0,0,0
0,0,0
0,0,0
0,0,0
0,0,0
0,0,0
0,0,0
0,0,0
0,0,0
0,0,0
0,0,0
0,0,0
0,0,0
0,0,0
0,0,0
0,0,0
0,0,0
0,0,0
0,0,0
0,0,0
0,0,0
0,0,0
0,0,0
0,0,0
0,0,0
0,0,0
0,0,0
0,0,0
0,0,0
0,0,0
0,0,0
0,0,0
0,0,0
0,0,0
0,0,0
0,0,0
0,0,0
0,0,0
0,0,0
0,0,0
0,0,0
0,0,0
0,0,0
0,0,0
0,0,0
0,0,0
0,0,0
0,0,0
0,0,0
0,0,0
0,0,0
0,0,0
0,0,0
0,0,0
0,0,0
0,0,0
0,0,0
0,0,0
0,0,0
0,0,0
0,0,0
0,0,0
0,0,0
0,0,0
0,0,0
0,0,0
0,0,0
0,0,0
0,0,0
0,0,0
0,0,0
0,0,0
0,0,0
0,0,0
0,0,0
0,0,0
0,0,0
0,0,0
0,0,0
0,0,0
0,0,0
0,0,0
0,0,0
0,0,0
0,0,0
0,0,0
0,0,0
0,0,0
0,0,0
0,0,0
0,0,0
0,0,0
0,0,0
0,0,0
0,0,0
0,0,0
0,0,0
0,0,0
0,0,0
0,0,0
0,0,0
0,0,0
0,0,0
0,0,0
0,0,0
0,0,0
0,0,0
0,0,0
0,0,0
0,0,0
0,0,0
0,0,0
0,0,0
0,0,0
0,0,0
0,0,0
0,0,0
0,0,0
0,0,0
0,0,0
0,0,0
0,0,0
0,0,0
0,0,0
0,0,0
0,0,0
0,0,0
0,0,0
0,0,0
0,0,0
0,0,0
0,0,0
0,0,0
0,0,0
0,0,0
0,0,0
0,0,0
0,0,0
0,0,0
0,0,0
0,0,0
0,0,0
0,0,0
0,0,0
0,0,0
0,0,0
0,0,0
0,0,0
0,0,0
0,0,0
0,0,0
0,0,0
0,0,0
0,0,0
0,0,0
0,0,0
0,0,0
0,0,0
0,0,0
0,0,0
0,0,0
0,0,0
0,0,0
0,0,0
0,0,0
0,0,0
0,0,0
0,0,0
0,0,0
0,0,0
0,0,0
0,0,0
0,0,0
0,0,0
0,0,0
0,0,0
0,0,0
0,0,0
0,0,0
0,0,0
0,0,0
0,0,0
0,0,0
0,0,0
0,0,0
0,0,0
0,0,0
0,0,0
0,0,0
0,0,0
0,0,0
0,0,0
0,0,0
0,0,0
0,0,0
0,0,0
0,0,0
0,0,0
0,0,0
0,0,0
0,0,0
0,0,0
0,0,0
0,0,0
0,0,0
0,0,0
0,0,0
0,0,0
0,0,0
0,0,0
0,0,0
0,0,0
0,0,0
0,0,0
0,0,0
0,0,0
7.91324,-15.7158,3.07275
7.80046,-15.7314,3.06645
7.69557,-15.7622,3.06322
7.60725,-15.8268,3.06662
7.54709,-15.9516,3.0816
0,0,0
0,0,0
0,0,0
0,0,0
0,0,0
0,0,0
0,0,0
0,0,0
0,0,0
0,0,0
0,0,0
0,0,0
0,0,0
0,0,0
0,0,0
0,0,0
0,0,0
0,0,0
0,0,0
0,0,0
0,0,0
0,0,0
0,0,0
0,0,0
0,0,0
0,0,0
0,0,0
0,0,0
0,0,0
0,0,0
0,0,0
0,0,0
0,0,0
0,0,0
0,0,0
0,0,0
0,0,0
0,0,0
0,0,0
0,0,0
0,0,0
0,0,0
0,0,0
0,0,0
0,0,0
0,0,0
0,0,0
0,0,0
0,0,0
0,0,0
0,0,0
0,0,0
0,0,0
0,0,0
0,0,0
0,0,0
0,0,0
0,0,0
0,0,0
0,0,0
0,0,0
0,0,0
0,0,0
0,0,0
0,0,0
0,0,0
0,0,0
0,0,0
0,0,0
0,0,0
0,0,0
0,0,0
0,0,0
0,0,0
0,0,0
0,0,0
0,0,0
0,0,0
0,0,0
0,0,0
0,0,0
0,0,0
0,0,0
0,0,0
0,0,0
0,0,0
0,0,0
0,0,0
0,0,0
0,0,0
0,0,0
0,0,0
0,0,0
0,0,0
0,0,0
0,0,0
0,0,0
0,0,0
0,0,0
0,0,0
0,0,0
0,0,0
0,0,0
0,0,0
0,0,0
0,0,0
0,0,0
0,0,0
0,0,0
0,0,0
0,0,0
0,0,0
0,0,0
0,0,0
0,0,0
0,0,0
0,0,0
0,0,0
0,0,0
0,0,0
0,0,0
0,0,0
0,0,0
0,0,0
0,0,0
0,0,0
0,0,0
0,0,0
0,0,0
0,0,0
0,0,0
0,0,0
0,0,0
0,0,0
0,0,0
0,0,0
0,0,0
0,0,0
0,0,0
0,0,0
0,0,0
0,0,0
0,0,0
0,0,0
0,0,0
0,0,0
0,0,0
0,0,0
0,0,0
0,0,0
0,0,0
0,0,0
0,0,0
0,0,0
0,0,0
0,0,0
0,0,0
0,0,0
0,0,0
0,0,0
0,0,0
0,0,0
0,0,0
0,0,0
0,0,0
0,0,0
0,0,0
0,0,0
0,0,0
0,0,0
0,0,0
0,0,0
0,0,0
0,0,0
0,0,0
0,0,0
0,0,0
0,0,0
0,0,0
0,0,0
0,0,0
0,0,0
0,0,0
0,0,0
0,0,0
0,0,0
0,0,0
0,0,0
0,0,0
0,0,0
0,0,0
0,0,0
0,0,0
0,0,0
0,0,0
0,0,0
0,0,0
0,0,0
0,0,0
0,0,0
0,0,0
0,0,0
0,0,0
0,0,0
0,0,0
0,0,0
0,0,0
0,0,0
0,0,0
0,0,0
0,0,0
0,0,0
0,0,0
0,0,0
0,0,0
0,0,0
0,0,0
0,0,0
0,0,0
0,0,0
0,0,0
0,0,0
0,0,0
0,0,0
0,0,0
0,0,0
0,0,0
0,0,0
0,0,0
0,0,0
0,0,0
0,0,0
0,0,0
0,0,0
0,0,0
0,0,0
0,0,0
0,0,0
0,0,0
0,0,0
0,0,0
0,0,0
0,0,0
0,0,0
0,0,0
0,0,0
0,0,0
0,0,0
0,0,0
0,0,0
0,0,0
0,0,0
0,0,0
0,0,0
0,0,0
0,0,0
0,0,0
0,0,0
0,0,0
0,0,0
0,0,0
0,0,0
0,0,0
0,0,0
0,0,0
0,0,0
0,0,0
0,0,0
0,0,0
0,0,0
0,0,0
0,0,0
0,0,0
0,0,0
0,0,0
0,0,0
0,0,0
0,0,0
0,0,0
0,0,0
0,0,0
0,0,0
0,0,0
0,0,0
0,0,0
0,0,0
0,0,0
0,0,0
0,0,0
0,0,0
0,0,0
0,0,0
0,0,0
0,0,0
0,0,0
0,0,0
0,0,0
0,0,0
0,0,0
0,0,0
0,0,0
0,0,0
0,0,0
0,0,0
0,0,0
0,0,0
0,0,0
0,0,0
0,0,0
0,0,0
0,0,0
0,0,0
0,0,0
0,0,0
0,0,0
0,0,0
0,0,0
0,0,0
0,0,0
0,0,0
0,0,0
0,0,0
0,0,0
0,0,0
0,0,0
0,0,0
0,0,0
0,0,0
0,0,0
0,0,0
0,0,0
0,0,0
0,0,0
0,0,0
0,0,0
0,0,0
0,0,0
0,0,0
0,0,0
0,0,0
0,0,0
0,0,0
0,0,0
0,0,0
0,0,0
0,0,0
0,0,0
0,0,0
0,0,0
0,0,0
0,0,0
0,0,0
0,0,0
0,0,0
0,0,0
0,0,0
0,0,0
0,0,0
0,0,0
0,0,0
0,0,0
0,0,0
0,0,0
0,0,0
0,0,0
0,0,0
0,0,0
0,0,0
0,0,0
0,0,0
0,0,0
0,0,0
0,0,0
0,0,0
0,0,0
0,0,0
0,0,0
0,0,0
0,0,0
0,0,0
0,0,0
0,0,0
0,0,0
0,0,0
0,0,0
0,0,0
0,0,0
0,0,0
0,0,0
0,0,0
0,0,0
0,0,0
0,0,0
0,0,0
0,0,0
0,0,0
0,0,0
0,0,0
0,0,0
0,0,0
0,0,0
0,0,0
0,0,0
0,0,0
0,0,0
0,0,0
0,0,0
0,0,0
0,0,0
0,0,0
0,0,0
0,0,0
0,0,0
0,0,0
0,0,0
0,0,0
0,0,0
0,0,0
0,0,0
0,0,0
0,0,0
0,0,0
0,0,0
0,0,0
0,0,0
0,0,0
0,0,0
0,0,0
0,0,0
0,0,0
0,0,0
0,0,0
0,0,0
0,0,0
0,0,0
0,0,0
0,0,0
0,0,0
0,0,0
0,0,0
0,0,0
0,0,0
0,0,0
0,0,0
0,0,0
0,0,0
0,0,0
0,0,0
0,0,0
0,0,0
0,0,0
0,0,0
0,0,0
0,0,0
0,0,0
0,0,0
0,0,0
0,0,0
0,0,0
0,0,0
0,0,0
0,0,0
0,0,0
0,0,0
0,0,0
0,0,0
0,0,0
0,0,0
0,0,0
0,0,0
0,0,0
0,0,0
0,0,0
0,0,0
0,0,0
0,0,0
0,0,0
0,0,0
0,0,0
0,0,0
0,0,0
0,0,0
0,0,0
0,0,0
0,0,0
0,0,0
0,0,0
0,0,0
0,0,0
0,0,0
0,0,0
0,0,0
0,0,0
0,0,0
0,0,0
0,0,0
0,0,0
0,0,0
0,0,0
0,0,0
0,0,0
0,0,0
0,0,0
0,0,0
0,0,0
0,0,0
0,0,0
0,0,0
0,0,0
0,0,0
0,0,0
0,0,0
0,0,0
0,0,0
0,0,0
0,0,0
0,0,0
0,0,0
0,0,0
0,0,0
0,0,0
0,0,0
0,0,0
0,0,0
0,0,0
0,0,0
0,0,0
0,0,0
0,0,0
0,0,0
0,0,0
0,0,0
0,0,0
0,0,0
0,0,0
0,0,0
0,0,0
0,0,0
0,0,0
0,0,0
0,0,0
0,0,0
0,0,0
0,0,0
0,0,0
0,0,0
0,0,0
0,0,0
0,0,0
0,0,0
0,0,0
0,0,0
0,0,0
0,0,0
0,0,0
0,0,0
0,0,0
0,0,0
0,0,0
0,0,0
0,0,0
0,0,0
0,0,0
0,0,0
0,0,0
0,0,0
0,0,0
0,0,0
0,0,0
0,0,0
0,0,0
0,0,0
0,0,0
0,0,0
0,0,0
0,0,0
0,0,0
0,0,0
0,0,0
0,0,0
0,0,0
0,0,0
0,0,0
0,0,0
0,0,0
0,0,0
0,0,0
0,0,0
0,0,0
0,0,0
0,0,0
0,0,0
0,0,0
0,0,0
0,0,0
0,0,0
0,0,0
0,0,0
0,0,0
0,0,0
0,0,0
0,0,0
0,0,0
0,0,0
0,0,0
0,0,0
0,0,0
0,0,0
0,0,0
0,0,0
0,0,0
0,0,0
0,0,0
0,0,0
0,0,0
0,0,0
0,0,0
0,0,0
0,0,0
0,0,0
0,0,0
0,0,0
0,0,0
0,0,0
0,0,0
0,0,0
0,0,0
0,0,0
0,0,0
0,0,0
0,0,0
0,0,0
0,0,0
0,0,0
0,0,0
0,0,0
0,0,0
0,0,0
0,0,0
0,0,0
0,0,0
0,0,0
0,0,0
0,0,0
0,0,0
0,0,0
0,0,0
0,0,0
0,0,0
0,0,0
0,0,0
0,0,0
0,0,0
0,0,0
0,0,0
0,0,0
0,0,0
0,0,0
0,0,0
0,0,0
0,0,0
0,0,0
0,0,0
0,0,0
0,0,0
0,0,0
0,0,0
0,0,0
0,0,0
0,0,0
0,0,0
0,0,0
0,0,0
0,0,0
20.3136,26.3775,5.3663
20.5218,26.3123,5.37847
20.7655,26.2905,5.39983
0,0,0
0,0,0
0,0,0
0,0,0
0,0,0
0,0,0
0,0,0
0,0,0
0,0,0
0,0,0
0,0,0
0,0,0
0,0,0
0,0,0
0,0,0
0,0,0
0,0,0
0,0,0
0,0,0
0,0,0
0,0,0
0,0,0
0,0,0
0,0,0
0,0,0
28.6431,26.298,6.26195
28.8229,26.139,6.26606
0,0,0
0,0,0
29.2508,25.5618,6.25578
29.3099,25.2979,6.23522
29.3707,25.0375,6.21545
29.4021,24.7545,6.18998
29.4988,24.5282,6.1786
0,0,0
0,0,0
0,0,0
0,0,0
0,0,0
0,0,0
0,0,0
0,0,0
0,0,0
0,0,0
0,0,0
0,0,0
0,0,0
0,0,0
0,0,0
0,0,0
0,0,0
0,0,0
0,0,0
0,0,0
0,0,0
0,0,0
0,0,0
0,0,0
0,0,0
0,0,0
0,0,0
0,0,0
0,0,0
0,0,0
0,0,0
0,0,0
0,0,0
0,0,0
0,0,0
0,0,0
0,0,0
0,0,0
0,0,0
0,0,0
0,0,0
0,0,0
0,0,0
0,0,0
0,0,0
0,0,0
0,0,0
0,0,0
0,0,0
0,0,0
0,0,0
0,0,0
0,0,0
0,0,0
0,0,0
0,0,0
0,0,0
0,0,0
0,0,0
0,0,0
0,0,0
0,0,0
0,0,0
0,0,0
0,0,0
0,0,0
0,0,0
0,0,0
0,0,0
0,0,0
0,0,0
0,0,0
0,0,0
0,0,0
0,0,0
0,0,0
0,0,0
0,0,0
0,0,0
0,0,0
0,0,0
0,0,0
0,0,0
0,0,0
0,0,0
0,0,0
0,0,0
0,0,0
0,0,0
0,0,0
0,0,0
0,0,0
0,0,0
0,0,0
0,0,0
0,0,0
0,0,0
0,0,0
0,0,0
0,0,0
0,0,0
0,0,0
0,0,0
0,0,0
0,0,0
0,0,0
0,0,0
0,0,0
0,0,0
0,0,0
0,0,0
0,0,0
0,0,0
0,0,0
0,0,0
0,0,0
0,0,0
0,0,0
0,0,0
0,0,0
0,0,0
0,0,0
0,0,0
0,0,0
0,0,0
0,0,0
0,0,0
0,0,0
0,0,0
0,0,0
0,0,0
0,0,0
0,0,0
0,0,0
0,0,0
0,0,0
0,0,0
0,0,0
0,0,0
0,0,0
0,0,0
0,0,0
0,0,0
0,0,0
0,0,0
0,0,0
0,0,0
0,0,0
0,0,0
0,0,0
0,0,0
0,0,0
0,0,0
0,0,0
0,0,0
0,0,0
0,0,0
0,0,0
0,0,0
0,0,0
0,0,0
0,0,0
0,0,0
0,0,0
0,0,0
0,0,0
0,0,0
0,0,0
0,0,0
0,0,0
0,0,0
0,0,0
0,0,0
0,0,0
0,0,0
0,0,0
0,0,0
0,0,0
0,0,0
0,0,0
0,0,0
0,0,0
0,0,0
0,0,0
0,0,0
0,0,0
0,0,0
0,0,0
0,0,0
0,0,0
0,0,0
0,0,0
0,0,0
0,0,0
0,0,0
0,0,0
0,0,0
0,0,0
0,0,0
0,0,0
0,0,0
0,0,0
0,0,0
0,0,0
0,0,0
0,0,0
0,0,0
0,0,0
0,0,0
0,0,0
0,0,0
0,0,0
0,0,0
0,0,0
0,0,0
0,0,0
0,0,0
0,0,0
0,0,0
0,0,0
0,0,0
0,0,0
0,0,0
0,0,0
0,0,0
0,0,0
0,0,0
0,0,0
0,0,0
0,0,0
0,0,0
0,0,0
0,0,0
0,0,0
0,0,0
0,0,0
0,0,0
0,0,0
0,0,0
0,0,0
0,0,0
0,0,0
0,0,0
0,0,0
0,0,0
0,0,0
0,0,0
0,0,0
0,0,0
0,0,0
0,0,0
0,0,0
0,0,0
0,0,0
0,0,0
0,0,0
0,0,0
0,0,0
0,0,0
0,0,0
0,0,0
0,0,0
0,0,0
0,0,0
0,0,0
0,0,0
0,0,0
0,0,0
0,0,0
0,0,0
0,0,0
0,0,0
0,0,0
0,0,0
0,0,0
0,0,0
0,0,0
0,0,0
0,0,0
0,0,0
0,0,0
0,0,0
0,0,0
0,0,0
0,0,0
0,0,0
0,0,0
0,0,0
0,0,0
0,0,0
0,0,0
0,0,0
7.91123,-15.705,2.85032
7.81033,-15.7444,2.84874
7.70275,-15.7698,2.84478
7.60926,-15.8239,2.84605
7.55511,-15.9613,2.86218
0,0,0
0,0,0
0,0,0
0,0,0
0,0,0
0,0,0
0,0,0
0,0,0
0,0,0
0,0,0
0,0,0
0,0,0
0,0,0
0,0,0
0,0,0
0,0,0
0,0,0
0,0,0
0,0,0
0,0,0
0,0,0
0,0,0
0,0,0
0,0,0
0,0,0
0,0,0
0,0,0
0,0,0
0,0,0
0,0,0
0,0,0
0,0,0
0,0,0
0,0,0
0,0,0
0,0,0
0,0,0
0,0,0
0,0,0
0,0,0
0,0,0
0,0,0
0,0,0
0,0,0
0,0,0
0,0,0
0,0,0
0,0,0
0,0,0
0,0,0
0,0,0
0,0,0
0,0,0
0,0,0
0,0,0
0,0,0
0,0,0
0,0,0
0,0,0
0,0,0
0,0,0
0,0,0
0,0,0
0,0,0
0,0,0
0,0,0
0,0,0
0,0,0
0,0,0
0,0,0
0,0,0
0,0,0
0,0,0
0,0,0
0,0,0
0,0,0
0,0,0
0,0,0
0,0,0
0,0,0
0,0,0
0,0,0
0,0,0
0,0,0
0,0,0
0,0,0
0,0,0
0,0,0
0,0,0
0,0,0
0,0,0
0,0,0
0,0,0
0,0,0
0,0,0
0,0,0
0,0,0
0,0,0
0,0,0
0,0,0
0,0,0
0,0,0
0,0,0
0,0,0
0,0,0
0,0,0
0,0,0
0,0,0
0,0,0
0,0,0
0,0,0
0,0,0
0,0,0
0,0,0
0,0,0
0,0,0
0,0,0
0,0,0
0,0,0
0,0,0
0,0,0
0,0,0
0,0,0
0,0,0
0,0,0
0,0,0
0,0,0
0,0,0
0,0,0
0,0,0
0,0,0
0,0,0
0,0,0
0,0,0
0,0,0
0,0,0
0,0,0
0,0,0
0,0,0
0,0,0
0,0,0
0,0,0
0,0,0
0,0,0
0,0,0
0,0,0
0,0,0
0,0,0
0,0,0
0,0,0
0,0,0
0,0,0
0,0,0
0,0,0
0,0,0
0,0,0
0,0,0
0,0,0
0,0,0
0,0,0
0,0,0
0,0,0
0,0,0
0,0,0
0,0,0
0,0,0
0,0,0
0,0,0
0,0,0
0,0,0
0,0,0
0,0,0
0,0,0
0,0,0
0,0,0
0,0,0
0,0,0
0,0,0
0,0,0
0,0,0
0,0,0
0,0,0
0,0,0
0,0,0
0,0,0
0,0,0
0,0,0
0,0,0
0,0,0
0,0,0
0,0,0
0,0,0
0,0,0
0,0,0
0,0,0
0,0,0
0,0,0
0,0,0
0,0,0
0,0,0
0,0,0
0,0,0
0,0,0
0,0,0
0,0,0
0,0,0
0,0,0
0,0,0
0,0,0
0,0,0
0,0,0
0,0,0
0,0,0
0,0,0
0,0,0
0,0,0
0,0,0
0,0,0
0,0,0
0,0,0
0,0,0
0,0,0
0,0,0
0,0,0
0,0,0
0,0,0
0,0,0
0,0,0
0,0,0
0,0,0
0,0,0
0,0,0
0,0,0
0,0,0
0,0,0
0,0,0
0,0,0
0,0,0
0,0,0
0,0,0
0,0,0
0,0,0
0,0,0
0,0,0
0,0,0
0,0,0
0,0,0
0,0,0
0,0,0
0,0,0
0,0,0
0,0,0
0,0,0
0,0,0
0,0,0
0,0,0
0,0,0
0,0,0
0,0,0
0,0,0
0,0,0
0,0,0
0,0,0
0,0,0
0,0,0
0,0,0
0,0,0
0,0,0
0,0,0
0,0,0
0,0,0
0,0,0
0,0,0
0,0,0
0,0,0
0,0,0
0,0,0
0,0,0
0,0,0
0,0,0
0,0,0
0,0,0
0,0,0
0,0,0
0,0,0
0,0,0
0,0,0
0,0,0
0,0,0
0,0,0
0,0,0
0,0,0
0,0,0
0,0,0
0,0,0
0,0,0
0,0,0
0,0,0
0,0,0
0,0,0
0,0,0
0,0,0
0,0,0
0,0,0
0,0,0
0,0,0
0,0,0
0,0,0
0,0,0
0,0,0
0,0,0
0,0,0
0,0,0
0,0,0
0,0,0
0,0,0
0,0,0
0,0,0
0,0,0
0,0,0
0,0,0
0,0,0
0,0,0
0,0,0
0,0,0
0,0,0
0,0,0
0,0,0
0,0,0
0,0,0
0,0,0
0,0,0
0,0,0
0,0,0
0,0,0
0,0,0
0,0,0
0,0,0
0,0,0
0,0,0
0,0,0
0,0,0
0,0,0
0,0,0
0,0,0
0,0,0
0,0,0
0,0,0
0,0,0
0,0,0
0,0,0
0,0,0
0,0,0
0,0,0
0,0,0
0,0,0
0,0,0
0,0,0
0,0,0
0,0,0
0,0,0
0,0,0
0,0,0
0,0,0
0,0,0
0,0,0
0,0,0
0,0,0
0,0,0
0,0,0
0,0,0
0,0,0
0,0,0
0,0,0
0,0,0
0,0,0
0,0,0
0,0,0
0,0,0
0,0,0
0,0,0
0,0,0
0,0,0
0,0,0
0,0,0
0,0,0
0,0,0
0,0,0
0,0,0
0,0,0
0,0,0
0,0,0
0,0,0
0,0,0
0,0,0
0,0,0
0,0,0
0,0,0
0,0,0
0,0,0
0,0,0
0,0,0
0,0,0
0,0,0
0,0,0
0,0,0
0,0,0
0,0,0
0,0,0
0,0,0
0,0,0
0,0,0
0,0,0
0,0,0
0,0,0
0,0,0
0,0,0
0,0,0
0,0,0
0,0,0
0,0,0
0,0,0
0,0,0
0,0,0
0,0,0
0,0,0
0,0,0
0,0,0
0,0,0
0,0,0
0,0,0
0,0,0
0,0,0
0,0,0
0,0,0
0,0,0
0,0,0
0,0,0
0,0,0
0,0,0
0,0,0
0,0,0
0,0,0
0,0,0
0,0,0
0,0,0
0,0,0
0,0,0
0,0,0
0,0,0
0,0,0
0,0,0
0,0,0
0,0,0
0,0,0
0,0,0
0,0,0
0,0,0
0,0,0
0,0,0
0,0,0
0,0,0
0,0,0
0,0,0
0,0,0
0,0,0
0,0,0
0,0,0
0,0,0
0,0,0
0,0,0
0,0,0
0,0,0
0,0,0
0,0,0
0,0,0
0,0,0
0,0,0
0,0,0
0,0,0
0,0,0
0,0,0
0,0,0
0,0,0
0,0,0
0,0,0
0,0,0
0,0,0
0,0,0
0,0,0
0,0,0
0,0,0
0,0,0
0,0,0
0,0,0
0,0,0
0,0,0
0,0,0
0,0,0
0,0,0
0,0,0
0,0,0
0,0,0
0,0,0
0,0,0
0,0,0
0,0,0
0,0,0
0,0,0
0,0,0
0,0,0
0,0,0
0,0,0
0,0,0
0,0,0
0,0,0
0,0,0
0,0,0
0,0,0
0,0,0
0,0,0
0,0,0
0,0,0
0,0,0
0,0,0
0,0,0
0,0,0
0,0,0
0,0,0
0,0,0
0,0,0
0,0,0
0,0,0
0,0,0
0,0,0
0,0,0
0,0,0
0,0,0
0,0,0
0,0,0
0,0,0
0,0,0
0,0,0
0,0,0
0,0,0
0,0,0
0,0,0
0,0,0
0,0,0
0,0,0
0,0,0
0,0,0
0,0,0
0,0,0
0,0,0
0,0,0
0,0,0
0,0,0
0,0,0
0,0,0
0,0,0
0,0,0
0,0,0
0,0,0
0,0,0
0,0,0
0,0,0
0,0,0
0,0,0
0,0,0
0,0,0
0,0,0
0,0,0
0,0,0
0,0,0
0,0,0
0,0,0
0,0,0
0,0,0
0,0,0
0,0,0
0,0,0
0,0,0
0,0,0
0,0,0
0,0,0
0,0,0
0,0,0
0,0,0
0,0,0
0,0,0
0,0,0
0,0,0
0,0,0
0,0,0
0,0,0
0,0,0
0,0,0
0,0,0
0,0,0
0,0,0
0,0,0
0,0,0
0,0,0
0,0,0
0,0,0
0,0,0
0,0,0
0,0,0
0,0,0
0,0,0
0,0,0
0,0,0
0,0,0
0,0,0
0,0,0
0,0,0
0,0,0
0,0,0
0,0,0
0,0,0
0,0,0
0,0,0
0,0,0
0,0,0
0,0,0
0,0,0
0,0,0
0,0,0
0,0,0
0,0,0
0,0,0
0,0,0
0,0,0
0,0,0
0,0,0
0,0,0
0,0,0
0,0,0
0,0,0
0,0,0
0,0,0
0,0,0
0,0,0
0,0,0
0,0,0
0,0,0
0,0,0
0,0,0
0,0,0
0,0,0
0,0,0
0,0,0
0,0,0
0,0,0
0,0,0
0,0,0
0,0,0
0,0,0
0,0,0
0,0,0
0,0,0
12.2968,30.224,4.86964
0,0,0
12.6053,29.9249,4.84619
0,0,0
12.7535,29.2674,4.76526
13.1408,29.658,4.84135
13.1767,29.253,4.78872
14.3124,31.261,5.12927
14.2457,30.6174,5.03853
14.3847,30.4266,5.02167
14.569,30.3333,5.02094
14.7474,30.2282,5.01844
14.9168,30.1052,5.01317
0,0,0
0,0,0
0,0,0
0,0,0
0,0,0
0,0,0
0,0,0
0,0,0
0,0,0
0,0,0
0,0,0
0,0,0
0,0,0
0,0,0
0,0,0
0,0,0
0,0,0
0,0,0
0,0,0
0,0,0
0,0,0
0,0,0
0,0,0
0,0,0
0,0,0
0,0,0
0,0,0
0,0,0
0,0,0
19.9406,26.5538,4.95526
20.0643,26.3798,4.94573
20.2384,26.2726,4.94881
20.482,26.254,4.96875
20.5955,26.0681,4.95746
0,0,0
0,0,0
0,0,0
0,0,0
0,0,0
0,0,0
0,0,0
0,0,0
0,0,0
0,0,0
0,0,0
0,0,0
0,0,0
0,0,0
0,0,0
0,0,0
0,0,0
0,0,0
0,0,0
0,0,0
0,0,0
0,0,0
0,0,0
0,0,0
0,0,0
0,0,0
0,0,0
28.1047,25.1686,5.62508
28.2993,25.0317,5.63314
29.1757,25.4896,5.77549
29.3525,25.3282,5.7796
29.4186,25.0719,5.7623
29.3652,24.717,5.72227
29.3946,24.4352,5.69882
0,0,0
30.1256,24.424,5.7815
29.292,23.4516,5.59488
29.3476,23.2021,5.57831
29.4731,23.0088,5.57523
0,0,0
0,0,0
0,0,0
0,0,0
0,0,0
0,0,0
0,0,0
0,0,0
0,0,0
0,0,0
0,0,0
0,0,0
0,0,0
0,0,0
0,0,0
0,0,0
0,0,0
0,0,0
0,0,0
0,0,0
0,0,0
0,0,0
0,0,0
0,0,0
0,0,0
0,0,0
0,0,0
0,0,0
0,0,0
0,0,0
0,0,0
0,0,0
0,0,0
0,0,0
0,0,0
0,0,0
0,0,0
0,0,0
0,0,0
0,0,0
0,0,0
0,0,0
0,0,0
0,0,0
0,0,0
0,0,0
0,0,0
0,0,0
0,0,0
0,0,0
0,0,0
0,0,0
0,0,0
0,0,0
0,0,0
0,0,0
0,0,0
0,0,0
0,0,0
0,0,0
0,0,0
0,0,0
0,0,0
0,0,0
0,0,0
0,0,0
0,0,0
0,0,0
0,0,0
0,0,0
0,0,0
0,0,0
0,0,0
0,0,0
0,0,0
0,0,0
0,0,0
0,0,0
0,0,0
0,0,0
0,0,0
0,0,0
0,0,0
0,0,0
0,0,0
0,0,0
0,0,0
0,0,0
0,0,0
0,0,0
0,0,0
0,0,0
0,0,0
0,0,0
0,0,0
0,0,0
0,0,0
0,0,0
0,0,0
0,0,0
0,0,0
0,0,0
0,0,0
0,0,0
0,0,0
0,0,0
0,0,0
0,0,0
0,0,0
0,0,0
0,0,0
0,0,0
0,0,0
0,0,0
0,0,0
0,0,0
0,0,0
0,0,0
0,0,0
0,0,0
0,0,0
0,0,0
0,0,0
0,0,0
0,0,0
0,0,0
0,0,0
0,0,0
0,0,0
0,0,0
0,0,0
0,0,0
0,0,0
0,0,0
0,0,0
0,0,0
0,0,0
0,0,0
0,0,0
0,0,0
0,0,0
0,0,0
0,0,0
0,0,0
0,0,0
0,0,0
0,0,0
0,0,0
0,0,0
0,0,0
0,0,0
0,0,0
0,0,0
0,0,0
0,0,0
0,0,0
0,0,0
0,0,0
0,0,0
0,0,0
0,0,0
0,0,0
0,0,0
0,0,0
0,0,0
0,0,0
0,0,0
0,0,0
0,0,0
0,0,0
0,0,0
0,0,0
0,0,0
0,0,0
0,0,0
0,0,0
0,0,0
0,0,0
0,0,0
0,0,0
0,0,0
0,0,0
0,0,0
0,0,0
0,0,0
0,0,0
0,0,0
0,0,0
0,0,0
0,0,0
0,0,0
0,0,0
0,0,0
0,0,0
0,0,0
0,0,0
0,0,0
0,0,0
0,0,0
0,0,0
0,0,0
0,0,0
0,0,0
0,0,0
0,0,0
0,0,0
0,0,0
0,0,0
0,0,0
0,0,0
0,0,0
0,0,0
0,0,0
0,0,0
0,0,0
0,0,0
0,0,0
0,0,0
0,0,0
0,0,0
0,0,0
0,0,0
0,0,0
0,0,0
0,0,0
0,0,0
0,0,0
0,0,0
0,0,0
0,0,0
0,0,0
0,0,0
0,0,0
0,0,0
0,0,0
0,0,0
0,0,0
0,0,0
0,0,0
0,0,0
0,0,0
0,0,0
0,0,0
0,0,0
0,0,0
0,0,0
0,0,0
0,0,0
0,0,0
0,0,0
0,0,0
0,0,0
0,0,0
0,0,0
0,0,0
0,0,0
0,0,0
0,0,0
0,0,0
0,0,0
0,0,0
0,0,0
0,0,0
0,0,0
0,0,0
0,0,0
0,0,0
0,0,0
0,0,0
0,0,0
0,0,0
0,0,0
0,0,0
0,0,0
0,0,0
0,0,0
0,0,0
0,0,0
0,0,0
0,0,0
0,0,0
0,0,0
0,0,0
0,0,0
0,0,0
0,0,0
0,0,0
7.90982,-15.709,2.64043
7.80361,-15.7378,2.6372
7.70473,-15.7809,2.63647
7.61676,-15.8466,2.63955
7.53334,-15.9226,2.64439
0,0,0
0,0,0
0,0,0
0,0,0
0,0,0
0,0,0
0,0,0
0,0,0
0,0,0
0,0,0
0,0,0
0,0,0
0,0,0
0,0,0
0,0,0
0,0,0
0,0,0
0,0,0
0,0,0
0,0,0
0,0,0
0,0,0
0,0,0
0,0,0
0,0,0
0,0,0
0,0,0
0,0,0
0,0,0
0,0,0
0,0,0
0,0,0
0,0,0
0,0,0
0,0,0
0,0,0
0,0,0
0,0,0
0,0,0
0,0,0
0,0,0
0,0,0
0,0,0
0,0,0
0,0,0
0,0,0
0,0,0
0,0,0
0,0,0
0,0,0
0,0,0
0,0,0
0,0,0
0,0,0
0,0,0
0,0,0
0,0,0
0,0,0
0,0,0
0,0,0
0,0,0
0,0,0
0,0,0
0,0,0
0,0,0
0,0,0
0,0,0
0,0,0
0,0,0
0,0,0
0,0,0
0,0,0
0,0,0
0,0,0
0,0,0
0,0,0
0,0,0
0,0,0
0,0,0
0,0,0
0,0,0
0,0,0
0,0,0
0,0,0
0,0,0
0,0,0
0,0,0
0,0,0
0,0,0
0,0,0
0,0,0
0,0,0
0,0,0
0,0,0
0,0,0
0,0,0
0,0,0
0,0,0
0,0,0
0,0,0
0,0,0
0,0,0
0,0,0
0,0,0
0,0,0
0,0,0
0,0,0
0,0,0
0,0,0
0,0,0
0,0,0
0,0,0
0,0,0
0,0,0
0,0,0
0,0,0
0,0,0
0,0,0
0,0,0
0,0,0
0,0,0
0,0,0
0,0,0
0,0,0
0,0,0
0,0,0
0,0,0
0,0,0
0,0,0
0,0,0
0,0,0
0,0,0
0,0,0
0,0,0
0,0,0
0,0,0
0,0,0
0,0,0
0,0,0
0,0,0
0,0,0
0,0,0
0,0,0
0,0,0
0,0,0
0,0,0
0,0,0
0,0,0
0,0,0
0,0,0
0,0,0
0,0,0
0,0,0
0,0,0
0,0,0
0,0,0
0,0,0
0,0,0
0,0,0
0,0,0
0,0,0
0,0,0
0,0,0
0,0,0
0,0,0
0,0,0
0,0,0
0,0,0
0,0,0
0,0,0
0,0,0
0,0,0
0,0,0
0,0,0
0,0,0
0,0,0
0,0,0
0,0,0
0,0,0
0,0,0
0,0,0
0,0,0
0,0,0
0,0,0
0,0,0
0,0,0
0,0,0
0,0,0
0,0,0
0,0,0
0,0,0
0,0,0
0,0,0
0,0,0
0,0,0
0,0,0
0,0,0
0,0,0
0,0,0
0,0,0
0,0,0
0,0,0
0,0,0
0,0,0
0,0,0
0,0,0
0,0,0
0,0,0
0,0,0
0,0,0
0,0,0
0,0,0
0,0,0
0,0,0
0,0,0
0,0,0
0,0,0
0,0,0
0,0,0
0,0,0
0,0,0
0,0,0
0,0,0
0,0,0
0,0,0
0,0,0
0,0,0
0,0,0
0,0,0
0,0,0
0,0,0
0,0,0
0,0,0
0,0,0
0,0,0
0,0,0
0,0,0
0,0,0
0,0,0
0,0,0
0,0,0
0,0,0
0,0,0
0,0,0
0,0,0
0,0,0
0,0,0
0,0,0
0,0,0
0,0,0
0,0,0
0,0,0
0,0,0
0,0,0
0,0,0
0,0,0
0,0,0
0,0,0
0,0,0
0,0,0
0,0,0
0,0,0
0,0,0
0,0,0
0,0,0
0,0,0
0,0,0
0,0,0
0,0,0
0,0,0
0,0,0
0,0,0
0,0,0
0,0,0
0,0,0
0,0,0
0,0,0
0,0,0
0,0,0
0,0,0
0,0,0
0,0,0
0,0,0
0,0,0
0,0,0
0,0,0
0,0,0
0,0,0
0,0,0
0,0,0
0,0,0
0,0,0
0,0,0
0,0,0
0,0,0
0,0,0
0,0,0
0,0,0
0,0,0
0,0,0
0,0,0
0,0,0
0,0,0
0,0,0
0,0,0
0,0,0
0,0,0
0,0,0
0,0,0
0,0,0
0,0,0
0,0,0
0,0,0
0,0,0
0,0,0
0,0,0
0,0,0
0,0,0
0,0,0
0,0,0
0,0,0
0,0,0
0,0,0
0,0,0
0,0,0
0,0,0
0,0,0
0,0,0
0,0,0
0,0,0
0,0,0
0,0,0
0,0,0
0,0,0
0,0,0
0,0,0
0,0,0
0,0,0
0,0,0
0,0,0
0,0,0
0,0,0
0,0,0
0,0,0
0,0,0
0,0,0
0,0,0
0,0,0
0,0,0
0,0,0
0,0,0
0,0,0
0,0,0
0,0,0
0,0,0
0,0,0
0,0,0
0,0,0
0,0,0
0,0,0
0,0,0
0,0,0
0,0,0
0,0,0
0,0,0
0,0,0
0,0,0
0,0,0
0,0,0
0,0,0
0,0,0
0,0,0
0,0,0
0,0,0
0,0,0
0,0,0
0,0,0
0,0,0
0,0,0
0,0,0
0,0,0
0,0,0
0,0,0
0,0,0
0,0,0
0,0,0
0,0,0
0,0,0
0,0,0
0,0,0
0,0,0
0,0,0
0,0,0
0,0,0
0,0,0
0,0,0
0,0,0
0,0,0
0,0,0
0,0,0
0,0,0
0,0,0
0,0,0
0,0,0
0,0,0
0,0,0
0,0,0
0,0,0
0,0,0
0,0,0
0,0,0
0,0,0
0,0,0
0,0,0
0,0,0
0,0,0
0,0,0
0,0,0
0,0,0
0,0,0
0,0,0
0,0,0
0,0,0
0,0,0
0,0,0
0,0,0
0,0,0
0,0,0
0,0,0
0,0,0
0,0,0
0,0,0
0,0,0
0,0,0
0,0,0
0,0,0
0,0,0
0,0,0
0,0,0
0,0,0
0,0,0
0,0,0
0,0,0
0,0,0
0,0,0
0,0,0
0,0,0
0,0,0
0,0,0
0,0,0
0,0,0
0,0,0
0,0,0
0,0,0
0,0,0
0,0,0
0,0,0
0,0,0
0,0,0
0,0,0
0,0,0
0,0,0
0,0,0
0,0,0
0,0,0
0,0,0
0,0,0
0,0,0
0,0,0
0,0,0
0,0,0
0,0,0
0,0,0
0,0,0
0,0,0
0,0,0
0,0,0
0,0,0
0,0,0
0,0,0
0,0,0
0,0,0
0,0,0
0,0,0
0,0,0
0,0,0
0,0,0
0,0,0
0,0,0
0,0,0
0,0,0
0,0,0
0,0,0
0,0,0
0,0,0
0,0,0
0,0,0
0,0,0
0,0,0
0,0,0
0,0,0
0,0,0
0,0,0
0,0,0
0,0,0
0,0,0
0,0,0
0,0,0
0,0,0
0,0,0
0,0,0
0,0,0
0,0,0
0,0,0
0,0,0
0,0,0
0,0,0
0,0,0
0,0,0
0,0,0
0,0,0
0,0,0
0,0,0
0,0,0
0,0,0
0,0,0
0,0,0
0,0,0
0,0,0
0,0,0
0,0,0
0,0,0
0,0,0
0,0,0
0,0,0
0,0,0
0,0,0
0,0,0
0,0,0
0,0,0
0,0,0
0,0,0
0,0,0
0,0,0
0,0,0
0,0,0
0,0,0
0,0,0
0,0,0
0,0,0
0,0,0
0,0,0
0,0,0
0,0,0
0,0,0
0,0,0
0,0,0
0,0,0
0,0,0
0,0,0
0,0,0
0,0,0
0,0,0
0,0,0
0,0,0
0,0,0
0,0,0
0,0,0
0,0,0
0,0,0
0,0,0
0,0,0
0,0,0
0,0,0
0,0,0
0,0,0
0,0,0
0,0,0
0,0,0
0,0,0
0,0,0
0,0,0
0,0,0
0,0,0
0,0,0
0,0,0
0,0,0
0,0,0
0,0,0
0,0,0
0,0,0
0,0,0
0,0,0
0,0,0
0,0,0
0,0,0
0,0,0
0,0,0
0,0,0
0,0,0
0,0,0
0,0,0
0,0,0
0,0,0
0,0,0
0,0,0
0,0,0
0,0,0
0,0,0
0,0,0
0,0,0
0,0,0
0,0,0
0,0,0
0,0,0
0,0,0
0,0,0
0,0,0
0,0,0
0,0,0
0,0,0
0,0,0
0,0,0
0,0,0
0,0,0
0,0,0
0,0,0
0,0,0
0,0,0
0,0,0
0,0,0
12.47,30.1304,4.45452
12.6239,29.9802,4.44378
12.735,29.7328,4.41879
12.8084,29.4042,4.38185
12.9705,29.2843,4.3758
13.1288,29.1572,4.36882
14.1302,30.8737,4.63681
14.2224,30.5779,4.60565
14.4728,30.6236,4.62566
14.7029,30.6227,4.63896
14.2125,29.1416,4.42927
14.9905,30.2641,4.61236
14.5089,28.8454,4.41113
15.2783,29.9164,4.58778
0,0,0
0,0,0
0,0,0
14.9142,27.5148,4.27667
0,0,0
0,0,0
0,0,0
0,0,0
0,0,0
16.197,27.4215,4.35136
0,0,0
0,0,0
0,0,0
0,0,0
0,0,0
0,0,0
0,0,0
0,0,0
0,0,0
0,0,0
0,0,0
0,0,0
0,0,0
0,0,0
0,0,0
0,0,0
0,0,0
0,0,0
20.1746,26.5322,4.55245
20.2651,26.3145,4.53647
20.4152,26.1756,4.53405
20.6639,26.1618,4.55339
20.7089,25.8906,4.52841
20.9179,25.8254,4.53929
0,0,0
0,0,0
0,0,0
0,0,0
0,0,0
0,0,0
0,0,0
0,0,0
0,0,0
0,0,0
0,0,0
0,0,0
0,0,0
0,0,0
0,0,0
0,0,0
0,0,0
0,0,0
0,0,0
0,0,0
0,0,0
0,0,0
0,0,0
0,0,0
28.1733,25.5499,5.18986
28.3185,25.3666,5.18784
28.9434,25.608,5.27287
28.6418,25.0296,5.19039
29.1121,25.1272,5.24722
29.1602,24.8581,5.22841
29.2182,24.5996,5.21175
29.9301,24.8868,5.31076
29.0216,23.8317,5.12471
28.9887,23.5084,5.09354
29.1742,23.3635,5.10079
0,0,0
0,0,0
0,0,0
0,0,0
0,0,0
0,0,0
0,0,0
0,0,0
0,0,0
0,0,0
0,0,0
0,0,0
0,0,0
0,0,0
0,0,0
0,0,0
35.4904,22.795,5.75204
0,0,0
0,0,0
0,0,0
0,0,0
0,0,0
0,0,0
0,0,0
0,0,0
0,0,0
0,0,0
0,0,0
0,0,0
0,0,0
0,0,0
0,0,0
0,0,0
0,0,0
0,0,0
0,0,0
0,0,0
0,0,0
0,0,0
0,0,0
0,0,0
0,0,0
0,0,0
0,0,0
0,0,0
0,0,0
0,0,0
0,0,0
0,0,0
0,0,0
0,0,0
0,0,0
0,0,0
0,0,0
0,0,0
0,0,0
0,0,0
0,0,0
0,0,0
0,0,0
0,0,0
0,0,0
0,0,0
0,0,0
0,0,0
0,0,0
0,0,0
0,0,0
0,0,0
0,0,0
0,0,0
0,0,0
0,0,0
0,0,0
0,0,0
0,0,0
0,0,0
0,0,0
0,0,0
0,0,0
0,0,0
0,0,0
0,0,0
0,0,0
0,0,0
0,0,0
0,0,0
0,0,0
0,0,0
0,0,0
0,0,0
0,0,0
0,0,0
0,0,0
0,0,0
0,0,0
0,0,0
0,0,0
0,0,0
0,0,0
0,0,0
0,0,0
0,0,0
0,0,0
0,0,0
0,0,0
0,0,0
0,0,0
0,0,0
0,0,0
0,0,0
0,0,0
0,0,0
0,0,0
0,0,0
0,0,0
0,0,0
0,0,0
0,0,0
0,0,0
0,0,0
0,0,0
0,0,0
0,0,0
0,0,0
0,0,0
0,0,0
0,0,0
0,0,0
0,0,0
0,0,0
0,0,0
0,0,0
0,0,0
0,0,0
0,0,0
0,0,0
0,0,0
0,0,0
0,0,0
0,0,0
0,0,0
0,0,0
0,0,0
0,0,0
0,0,0
0,0,0
0,0,0
0,0,0
0,0,0
0,0,0
0,0,0
0,0,0
0,0,0
0,0,0
0,0,0
0,0,0
0,0,0
0,0,0
0,0,0
0,0,0
0,0,0
0,0,0
0,0,0
0,0,0
0,0,0
0,0,0
0,0,0
0,0,0
0,0,0
0,0,0
0,0,0
0,0,0
0,0,0
0,0,0
0,0,0
0,0,0
0,0,0
0,0,0
0,0,0
0,0,0
0,0,0
0,0,0
0,0,0
0,0,0
0,0,0
0,0,0
0,0,0
0,0,0
0,0,0
0,0,0
0,0,0
0,0,0
0,0,0
0,0,0
0,0,0
0,0,0
0,0,0
0,0,0
0,0,0
0,0,0
0,0,0
0,0,0
0,0,0
0,0,0
0,0,0
0,0,0
0,0,0
0,0,0
0,0,0
0,0,0
0,0,0
0,0,0
0,0,0
0,0,0
0,0,0
0,0,0
0,0,0
0,0,0
0,0,0
0,0,0
0,0,0
0,0,0
0,0,0
0,0,0
0,0,0
0,0,0
0,0,0
0,0,0
0,0,0
0,0,0
0,0,0
0,0,0
0,0,0
0,0,0
0,0,0
0,0,0
0,0,0
0,0,0
0,0,0
0,0,0
0,0,0
0,0,0
0,0,0
0,0,0
0,0,0
0,0,0
0,0,0
0,0,0
0,0,0
0,0,0
0,0,0
0,0,0
0,0,0
0,0,0
0,0,0
0,0,0
0,0,0
0,0,0
0,0,0
0,0,0
0,0,0
0,0,0
0,0,0
0,0,0
0,0,0
0,0,0
0,0,0
0,0,0
0,0,0
0,0,0
0,0,0
0,0,0
0,0,0
0,0,0
0,0,0
0,0,0
0,0,0
0,0,0
0,0,0
0,0,0
0,0,0
0,0,0
0,0,0
0,0,0
0,0,0
0,0,0
0,0,0
0,0,0
7.91669,-15.7158,2.41953
7.81263,-15.749,2.41724
7.70411,-15.7726,2.41362
7.62779,-15.8624,2.42006
7.54728,-15.9448,2.42544
0,0,0
0,0,0
0,0,0
0,0,0
0,0,0
0,0,0
0,0,0
0,0,0
0,0,0
0,0,0
0,0,0
0,0,0
0,0,0
0,0,0
0,0,0
0,0,0
0,0,0
0,0,0
0,0,0
0,0,0
0,0,0
0,0,0
0,0,0
0,0,0
0,0,0
0,0,0
0,0,0
0,0,0
0,0,0
0,0,0
0,0,0
0,0,0
0,0,0
0,0,0
0,0,0
0,0,0
0,0,0
0,0,0
0,0,0
0,0,0
0,0,0
0,0,0
0,0,0
0,0,0
0,0,0
0,0,0
0,0,0
0,0,0
0,0,0
0,0,0
0,0,0
0,0,0
0,0,0
0,0,0
0,0,0
0,0,0
0,0,0
0,0,0
0,0,0
0,0,0
0,0,0
0,0,0
0,0,0
0,0,0
0,0,0
0,0,0
0,0,0
0,0,0
0,0,0
0,0,0
0,0,0
0,0,0
0,0,0
0,0,0
0,0,0
0,0,0
0,0,0
0,0,0
0,0,0
0,0,0
0,0,0
0,0,0
0,0,0
0,0,0
0,0,0
0,0,0
0,0,0
0,0,0
0,0,0
0,0,0
0,0,0
0,0,0
0,0,0
0,0,0
0,0,0
0,0,0
0,0,0
0,0,0
0,0,0
0,0,0
0,0,0
0,0,0
0,0,0
0,0,0
0,0,0
0,0,0
0,0,0
0,0,0
0,0,0
0,0,0
0,0,0
0,0,0
0,0,0
0,0,0
0,0,0
0,0,0
0,0,0
0,0,0
0,0,0
0,0,0
0,0,0
0,0,0
0,0,0
0,0,0
0,0,0
0,0,0
0,0,0
0,0,0
0,0,0
0,0,0
0,0,0
0,0,0
0,0,0
0,0,0
0,0,0
0,0,0
0,0,0
0,0,0
0,0,0
0,0,0
0,0,0
0,0,0
0,0,0
0,0,0
0,0,0
0,0,0
0,0,0
0,0,0
0,0,0
0,0,0
0,0,0
0,0,0
0,0,0
0,0,0
0,0,0
0,0,0
0,0,0
0,0,0
0,0,0
0,0,0
0,0,0
0,0,0
0,0,0
0,0,0
0,0,0
0,0,0
0,0,0
0,0,0
0,0,0
0,0,0
0,0,0
0,0,0
0,0,0
0,0,0
0,0,0
0,0,0
0,0,0
0,0,0
0,0,0
0,0,0
0,0,0
0,0,0
0,0,0
0,0,0
0,0,0
0,0,0
0,0,0
0,0,0
0,0,0
0,0,0
0,0,0
0,0,0
0,0,0
0,0,0
0,0,0
0,0,0
0,0,0
0,0,0
0,0,0
0,0,0
0,0,0
0,0,0
0,0,0
0,0,0
0,0,0
0,0,0
0,0,0
0,0,0
0,0,0
0,0,0
0,0,0
0,0,0
0,0,0
0,0,0
0,0,0
0,0,0
0,0,0
0,0,0
0,0,0
0,0,0
0,0,0
0,0,0
0,0,0
0,0,0
0,0,0
0,0,0
0,0,0
0,0,0
0,0,0
0,0,0
0,0,0
0,0,0
0,0,0
0,0,0
0,0,0
0,0,0
0,0,0
0,0,0
0,0,0
0,0,0
0,0,0
0,0,0
0,0,0
0,0,0
0,0,0
0,0,0
0,0,0
0,0,0
0,0,0
0,0,0
0,0,0
0,0,0
0,0,0
0,0,0
0,0,0
0,0,0
0,0,0
0,0,0
0,0,0
0,0,0
0,0,0
0,0,0
0,0,0
0,0,0
0,0,0
0,0,0
0,0,0
0,0,0
0,0,0
0,0,0
0,0,0
0,0,0
0,0,0
0,0,0
0,0,0
0,0,0
0,0,0
0,0,0
0,0,0
0,0,0
0,0,0
0,0,0
0,0,0
0,0,0
0,0,0
0,0,0
0,0,0
0,0,0
0,0,0
0,0,0
0,0,0
0,0,0
0,0,0
0,0,0
0,0,0
0,0,0
0,0,0
0,0,0
0,0,0
0,0,0
0,0,0
0,0,0
0,0,0
0,0,0
0,0,0
0,0,0
0,0,0
0,0,0
0,0,0
0,0,0
0,0,0
0,0,0
0,0,0
0,0,0
0,0,0
0,0,0
0,0,0
0,0,0
0,0,0
0,0,0
0,0,0
0,0,0
0,0,0
0,0,0
0,0,0
0,0,0
0,0,0
0,0,0
0,0,0
0,0,0
0,0,0
0,0,0
0,0,0
0,0,0
0,0,0
0,0,0
0,0,0
0,0,0
0,0,0
0,0,0
0,0,0
0,0,0
0,0,0
0,0,0
0,0,0
0,0,0
0,0,0
0,0,0
0,0,0
0,0,0
0,0,0
0,0,0
0,0,0
0,0,0
0,0,0
0,0,0
0,0,0
0,0,0
0,0,0
0,0,0
0,0,0
0,0,0
0,0,0
0,0,0
0,0,0
0,0,0
0,0,0
0,0,0
0,0,0
0,0,0
0,0,0
0,0,0
0,0,0
0,0,0
0,0,0
0,0,0
0,0,0
0,0,0
0,0,0
0,0,0
0,0,0
0,0,0
0,0,0
0,0,0
0,0,0
0,0,0
0,0,0
0,0,0
0,0,0
0,0,0
0,0,0
0,0,0
0,0,0
0,0,0
0,0,0
0,0,0
0,0,0
0,0,0
0,0,0
0,0,0
0,0,0
0,0,0
0,0,0
0,0,0
0,0,0
0,0,0
0,0,0
0,0,0
0,0,0
0,0,0
0,0,0
0,0,0
0,0,0
0,0,0
0,0,0
0,0,0
0,0,0
0,0,0
0,0,0
0,0,0
0,0,0
0,0,0
0,0,0
0,0,0
0,0,0
0,0,0
0,0,0
0,0,0
0,0,0
0,0,0
0,0,0
0,0,0
0,0,0
0,0,0
0,0,0
0,0,0
0,0,0
0,0,0
0,0,0
0,0,0
0,0,0
0,0,0
0,0,0
0,0,0
0,0,0
0,0,0
0,0,0
0,0,0
0,0,0
0,0,0
0,0,0
0,0,0
0,0,0
0,0,0
0,0,0
0,0,0
0,0,0
0,0,0
0,0,0
0,0,0
0,0,0
0,0,0
0,0,0
0,0,0
0,0,0
0,0,0
0,0,0
0,0,0
0,0,0
0,0,0
0,0,0
0,0,0
0,0,0
0,0,0
0,0,0
0,0,0
0,0,0
0,0,0
0,0,0
0,0,0
0,0,0
0,0,0
0,0,0
0,0,0
0,0,0
0,0,0
0,0,0
0,0,0
0,0,0
0,0,0
0,0,0
0,0,0
0,0,0
0,0,0
0,0,0
0,0,0
0,0,0
0,0,0
0,0,0
0,0,0
0,0,0
0,0,0
0,0,0
0,0,0
0,0,0
0,0,0
0,0,0
0,0,0
0,0,0
0,0,0
0,0,0
0,0,0
0,0,0
0,0,0
0,0,0
0,0,0
0,0,0
0,0,0
0,0,0
0,0,0
0,0,0
0,0,0
0,0,0
0,0,0
0,0,0
0,0,0
0,0,0
0,0,0
0,0,0
0,0,0
0,0,0
0,0,0
0,0,0
0,0,0
0,0,0
0,0,0
0,0,0
0,0,0
0,0,0
0,0,0
0,0,0
0,0,0
0,0,0
0,0,0
0,0,0
0,0,0
0,0,0
0,0,0
0,0,0
0,0,0
0,0,0
0,0,0
0,0,0
0,0,0
0,0,0
0,0,0
0,0,0
0,0,0
0,0,0
0,0,0
0,0,0
0,0,0
0,0,0
0,0,0
0,0,0
0,0,0
0,0,0
0,0,0
0,0,0
0,0,0
0,0,0
0,0,0
0,0,0
0,0,0
0,0,0
0,0,0
0,0,0
0,0,0
0,0,0
0,0,0
0,0,0
0,0,0
0,0,0
0,0,0
0,0,0
0,0,0
0,0,0
0,0,0
0,0,0
0,0,0
0,0,0
0,0,0
0,0,0
0,0,0
0,0,0
0,0,0
0,0,0
0,0,0
0,0,0
0,0,0
0,0,0
0,0,0
0,0,0
0,0,0
0,0,0
0,0,0
0,0,0
0,0,0
0,0,0
0,0,0
0,0,0
0,0,0
0,0,0
0,0,0
0,0,0
0,0,0
0,0,0
0,0,0
0,0,0
0,0,0
0,0,0
0,0,0
0,0,0
0,0,0
0,0,0
0,0,0
0,0,0
0,0,0
0,0,0
0,0,0
0,0,0
0,0,0
0,0,0
0,0,0
0,0,0
0,0,0
0,0,0
0,0,0
0,0,0
0,0,0
0,0,0
0,0,0
0,0,0
0,0,0
0,0,0
0,0,0
0,0,0
0,0,0
0,0,0
0,0,0
0,0,0
0,0,0
0,0,0
0,0,0
0,0,0
0,0,0
0,0,0
0,0,0
0,0,0
0,0,0
11.8093,30.0781,4.01899
12.0003,30.0216,4.02119
12.2262,30.0504,4.0349
0,0,0
12.5844,29.8752,4.03184
12.6291,29.4745,3.98851
12.7895,29.35,3.98227
12.9521,29.232,3.97701
14.2292,31.5899,4.30672
13.2272,28.8904,3.95253
13.4138,28.8294,3.95535
13.6057,28.7788,3.95975
13.7898,28.7109,3.96195
13.9692,28.6329,3.96293
14.2988,28.8579,4.00577
15.1965,30.2024,4.20355
15.0537,29.4669,4.1147
15.2548,29.4136,4.1202
14.6509,27.8299,3.91263
14.8237,27.7439,3.91324
14.9242,27.5242,3.89525
15.1243,27.4895,3.90333
15.3706,27.5357,3.92303
0,0,0
15.8705,27.629,3.96342
16.0367,27.5259,3.96269
0,0,0
0,0,0
0,0,0
0,0,0
0,0,0
0,0,0
0,0,0
0,0,0
0,0,0
0,0,0
0,0,0
0,0,0
0,0,0
0,0,0
19.313,27.0773,4.13562
19.4044,26.8553,4.11996
19.5594,26.7229,4.118
19.3282,26.0698,4.03624
19.4103,25.8475,4.02033
19.6394,25.8212,4.03478
19.9847,25.9431,4.07259
20.5946,26.3983,4.16304
20.4787,25.9202,4.10784
20.7614,25.9491,4.13232
20.9546,25.8636,4.13905
20.5602,25.0608,4.03159
20.7326,24.9571,4.03527
0,0,0
0,0,0
0,0,0
0,0,0
0,0,0
0,0,0
0,0,0
0,0,0
0,0,0
0,0,0
0,0,0
0,0,0
0,0,0
0,0,0
0,0,0
0,0,0
0,0,0
0,0,0
0,0,0
0,0,0
0,0,0
28.9484,26.5715,4.87987
28.2477,25.6107,4.73619
28.4154,25.4469,4.73802
28.4565,25.1708,4.71918
28.7913,25.1537,4.74879
28.9909,25.0161,4.75626
29.7957,25.3934,4.86188
29.0444,24.4469,4.71575
29.4602,24.4897,4.75846
27.7275,22.763,4.45812
28.9359,23.4594,4.62787
29.1382,23.3285,4.63717
30.1917,23.8695,4.78037
30.3118,23.6636,4.77633
28.3907,21.8848,4.45469
0,0,0
0,0,0
0,0,0
0,0,0
0,0,0
0,0,0
0,0,0
0,0,0
0,0,0
0,0,0
0,0,0
0,0,0
35.2082,22.9139,5.21448
35.3089,22.6722,5.20873
0,0,0
0,0,0
0,0,0
0,0,0
0,0,0
0,0,0
0,0,0
0,0,0
0,0,0
0,0,0
0,0,0
0,0,0
0,0,0
0,0,0
0,0,0
0,0,0
0,0,0
0,0,0
0,0,0
0,0,0
0,0,0
0,0,0
0,0,0
0,0,0
0,0,0
0,0,0
0,0,0
0,0,0
0,0,0
0,0,0
0,0,0
0,0,0
0,0,0
0,0,0
0,0,0
0,0,0
0,0,0
0,0,0
0,0,0
0,0,0
0,0,0
0,0,0
0,0,0
0,0,0
0,0,0
0,0,0
0,0,0
0,0,0
0,0,0
0,0,0
0,0,0
0,0,0
0,0,0
0,0,0
0,0,0
0,0,0
0,0,0
0,0,0
0,0,0
0,0,0
0,0,0
0,0,0
0,0,0
0,0,0
0,0,0
0,0,0
0,0,0
0,0,0
0,0,0
0,0,0
0,0,0
0,0,0
0,0,0
0,0,0
0,0,0
0,0,0
0,0,0
0,0,0
0,0,0
0,0,0
0,0,0
0,0,0
18.7156,1.15234,2.34654
18.8888,1.04672,2.3671
0,0,0
0,0,0
0,0,0
0,0,0
0,0,0
0,0,0
0,0,0
0,0,0
0,0,0
0,0,0
0,0,0
0,0,0
0,0,0
0,0,0
0,0,0
0,0,0
0,0,0
0,0,0
0,0,0
0,0,0
0,0,0
0,0,0
0,0,0
0,0,0
0,0,0
0,0,0
0,0,0
0,0,0
0,0,0
0,0,0
0,0,0
0,0,0
0,0,0
0,0,0
0,0,0
0,0,0
0,0,0
0,0,0
0,0,0
0,0,0
0,0,0
0,0,0
0,0,0
0,0,0
0,0,0
0,0,0
0,0,0
0,0,0
0,0,0
0,0,0
0,0,0
0,0,0
0,0,0
0,0,0
0,0,0
0,0,0
0,0,0
0,0,0
0,0,0
0,0,0
0,0,0
0,0,0
0,0,0
0,0,0
0,0,0
0,0,0
0,0,0
0,0,0
0,0,0
0,0,0
0,0,0
0,0,0
0,0,0
0,0,0
0,0,0
0,0,0
0,0,0
0,0,0
0,0,0
0,0,0
0,0,0
0,0,0
0,0,0
0,0,0
0,0,0
0,0,0
0,0,0
0,0,0
0,0,0
0,0,0
0,0,0
0,0,0
0,0,0
0,0,0
0,0,0
0,0,0
0,0,0
0,0,0
0,0,0
0,0,0
0,0,0
0,0,0
0,0,0
0,0,0
0,0,0
0,0,0
0,0,0
0,0,0
0,0,0
0,0,0
0,0,0
0,0,0
0,0,0
0,0,0
0,0,0
0,0,0
0,0,0
0,0,0
0,0,0
0,0,0
0,0,0
0,0,0
0,0,0
0,0,0
0,0,0
0,0,0
0,0,0
0,0,0
0,0,0
0,0,0
0,0,0
0,0,0
0,0,0
0,0,0
0,0,0
0,0,0
0,0,0
0,0,0
0,0,0
0,0,0
0,0,0
0,0,0
0,0,0
0,0,0
0,0,0
0,0,0
0,0,0
0,0,0
0,0,0
0,0,0
0,0,0
0,0,0
0,0,0
0,0,0
0,0,0
0,0,0
0,0,0
0,0,0
0,0,0
0,0,0
0,0,0
0,0,0
0,0,0
0,0,0
0,0,0
0,0,0
0,0,0
0,0,0
0,0,0
0,0,0
0,0,0
0,0,0
0,0,0
0,0,0
0,0,0
0,0,0
0,0,0
0,0,0
0,0,0
0,0,0
0,0,0
0,0,0
0,0,0
0,0,0
0,0,0
0,0,0
0,0,0
8.05885,-15.7634,2.21742
7.91644,-15.7222,2.20494
7.80527,-15.7411,2.2009
7.70462,-15.7807,2.1998
7.61624,-15.8455,2.20224
7.53925,-15.935,2.20812
0,0,0
0,0,0
0,0,0
0,0,0
0,0,0
0,0,0
0,0,0
0,0,0
0,0,0
0,0,0
0,0,0
0,0,0
0,0,0
0,0,0
0,0,0
0,0,0
0,0,0
0,0,0
0,0,0
0,0,0
0,0,0
0,0,0
0,0,0
0,0,0
0,0,0
0,0,0
0,0,0
0,0,0
0,0,0
0,0,0
0,0,0
0,0,0
0,0,0
0,0,0
0,0,0
0,0,0
0,0,0
0,0,0
0,0,0
0,0,0
0,0,0
0,0,0
0,0,0
0,0,0
0,0,0
0,0,0
0,0,0
0,0,0
0,0,0
0,0,0
0,0,0
0,0,0
0,0,0
0,0,0
0,0,0
0,0,0
0,0,0
0,0,0
0,0,0
0,0,0
0,0,0
0,0,0
0,0,0
0,0,0
0,0,0
0,0,0
0,0,0
0,0,0
0,0,0
0,0,0
0,0,0
0,0,0
0,0,0
0,0,0
0,0,0
0,0,0
0,0,0
0,0,0
0,0,0
0,0,0
0,0,0
0,0,0
0,0,0
0,0,0
0,0,0
0,0,0
0,0,0
0,0,0
0,0,0
0,0,0
0,0,0
0,0,0
0,0,0
0,0,0
0,0,0
0,0,0
0,0,0
0,0,0
0,0,0
0,0,0
0,0,0
0,0,0
0,0,0
0,0,0
0,0,0
0,0,0
0,0,0
0,0,0
0,0,0
0,0,0
0,0,0
0,0,0
0,0,0
0,0,0
0,0,0
0,0,0
0,0,0
0,0,0
0,0,0
0,0,0
0,0,0
0,0,0
0,0,0
0,0,0
0,0,0
0,0,0
0,0,0
0,0,0
0,0,0
0,0,0
0,0,0
0,0,0
0,0,0
0,0,0
0,0,0
0,0,0
0,0,0
0,0,0
0,0,0
0,0,0
0,0,0
0,0,0
0,0,0
0,0,0
0,0,0
0,0,0
0,0,0
0,0,0
0,0,0
0,0,0
0,0,0
0,0,0
0,0,0
0,0,0
0,0,0
0,0,0
0,0,0
0,0,0
0,0,0
0,0,0
0,0,0
0,0,0
0,0,0
0,0,0
0,0,0
0,0,0
0,0,0
0,0,0
0,0,0
0,0,0
0,0,0
0,0,0
0,0,0
0,0,0
0,0,0
0,0,0
0,0,0
0,0,0
0,0,0
0,0,0
0,0,0
0,0,0
0,0,0
0,0,0
0,0,0
0,0,0
0,0,0
0,0,0
0,0,0
0,0,0
0,0,0
0,0,0
0,0,0
0,0,0
0,0,0
0,0,0
0,0,0
0,0,0
0,0,0
0,0,0
0,0,0
0,0,0
0,0,0
0,0,0
0,0,0
0,0,0
0,0,0
0,0,0
0,0,0
0,0,0
0,0,0
0,0,0
0,0,0
0,0,0
0,0,0
0,0,0
0,0,0
0,0,0
0,0,0
0,0,0
0,0,0
0,0,0
0,0,0
0,0,0
0,0,0
0,0,0
0,0,0
0,0,0
0,0,0
0,0,0
0,0,0
0,0,0
0,0,0
0,0,0
0,0,0
0,0,0
0,0,0
0,0,0
0,0,0
0,0,0
0,0,0
0,0,0
0,0,0
0,0,0
0,0,0
0,0,0
0,0,0
0,0,0
0,0,0
0,0,0
0,0,0
0,0,0
0,0,0
0,0,0
0,0,0
0,0,0
0,0,0
0,0,0
0,0,0
0,0,0
0,0,0
0,0,0
0,0,0
0,0,0
0,0,0
0,0,0
0,0,0
0,0,0
0,0,0
0,0,0
0,0,0
0,0,0
0,0,0
0,0,0
0,0,0
0,0,0
0,0,0
0,0,0
0,0,0
0,0,0
0,0,0
0,0,0
0,0,0
0,0,0
0,0,0
0,0,0
0,0,0
0,0,0
0,0,0
0,0,0
0,0,0
0,0,0
0,0,0
0,0,0
0,0,0
0,0,0
0,0,0
0,0,0
0,0,0
0,0,0
0,0,0
0,0,0
0,0,0
0,0,0
0,0,0
0,0,0
0,0,0
0,0,0
0,0,0
0,0,0
0,0,0
0,0,0
0,0,0
0,0,0
0,0,0
0,0,0
0,0,0
0,0,0
0,0,0
0,0,0
0,0,0
0,0,0
0,0,0
0,0,0
0,0,0
0,0,0
0,0,0
0,0,0
0,0,0
0,0,0
0,0,0
0,0,0
0,0,0
0,0,0
0,0,0
0,0,0
0,0,0
0,0,0
0,0,0
0,0,0
0,0,0
0,0,0
0,0,0
0,0,0
0,0,0
0,0,0
0,0,0
0,0,0
0,0,0
0,0,0
0,0,0
0,0,0
0,0,0
0,0,0
0,0,0
0,0,0
0,0,0
0,0,0
0,0,0
0,0,0
0,0,0
0,0,0
0,0,0
0,0,0
0,0,0
0,0,0
0,0,0
0,0,0
0,0,0
0,0,0
0,0,0
0,0,0
0,0,0
0,0,0
0,0,0
0,0,0
0,0,0
0,0,0
0,0,0
0,0,0
0,0,0
0,0,0
0,0,0
0,0,0
0,0,0
0,0,0
0,0,0
0,0,0
0,0,0
0,0,0
0,0,0
0,0,0
0,0,0
0,0,0
0,0,0
0,0,0
0,0,0
0,0,0
0,0,0
0,0,0
0,0,0
0,0,0
0,0,0
0,0,0
0,0,0
0,0,0
0,0,0
0,0,0
0,0,0
0,0,0
0,0,0
0,0,0
0,0,0
0,0,0
0,0,0
0,0,0
0,0,0
0,0,0
0,0,0
0,0,0
0,0,0
0,0,0
0,0,0
0,0,0
0,0,0
0,0,0
0,0,0
0,0,0
0,0,0
0,0,0
0,0,0
0,0,0
0,0,0
0,0,0
0,0,0
0,0,0
0,0,0
0,0,0
0,0,0
0,0,0
0,0,0
0,0,0
0,0,0
0,0,0
0,0,0
0,0,0
0,0,0
0,0,0
0,0,0
0,0,0
0,0,0
0,0,0
0,0,0
0,0,0
0,0,0
0,0,0
0,0,0
0,0,0
0,0,0
0,0,0
0,0,0
0,0,0
0,0,0
0,0,0
0,0,0
0,0,0
0,0,0
0,0,0
0,0,0
0,0,0
0,0,0
0,0,0
0,0,0
0,0,0
0,0,0
0,0,0
0,0,0
0,0,0
0,0,0
0,0,0
0,0,0
0,0,0
0,0,0
0,0,0
0,0,0
0,0,0
0,0,0
0,0,0
0,0,0
0,0,0
0,0,0
0,0,0
0,0,0
0,0,0
0,0,0
0,0,0
0,0,0
0,0,0
0,0,0
0,0,0
0,0,0
0,0,0
0,0,0
0,0,0
0,0,0
0,0,0
0,0,0
0,0,0
0,0,0
0,0,0
0,0,0
0,0,0
0,0,0
0,0,0
0,0,0
0,0,0
0,0,0
0,0,0
0,0,0
0,0,0
0,0,0
0,0,0
0,0,0
0,0,0
0,0,0
0,0,0
0,0,0
0,0,0
0,0,0
0,0,0
0,0,0
0,0,0
0,0,0
0,0,0
0,0,0
0,0,0
0,0,0
0,0,0
0,0,0
0,0,0
0,0,0
0,0,0
0,0,0
0,0,0
0,0,0
0,0,0
0,0,0
0,0,0
0,0,0
0,0,0
0,0,0
0,0,0
0,0,0
0,0,0
0,0,0
0,0,0
0,0,0
0,0,0
0,0,0
0,0,0
0,0,0
0,0,0
0,0,0
0,0,0
0,0,0
0,0,0
0,0,0
0,0,0
0,0,0
0,0,0
0,0,0
0,0,0
0,0,0
0,0,0
0,0,0
0,0,0
0,0,0
0,0,0
0,0,0
0,0,0
0,0,0
0,0,0
0,0,0
0,0,0
0,0,0
0,0,0
0,0,0
0,0,0
0,0,0
0,0,0
0,0,0
0,0,0
0,0,0
0,0,0
0,0,0
0,0,0
0,0,0
0,0,0
0,0,0
0,0,0
0,0,0
0,0,0
0,0,0
0,0,0
0,0,0
0,0,0
0,0,0
0,0,0
0,0,0
0,0,0
0,0,0
0,0,0
0,0,0
0,0,0
0,0,0
0,0,0
0,0,0
0,0,0
0,0,0
0,0,0
0,0,0
0,0,0
0,0,0
0,0,0
0,0,0
11.3872,30.6461,3.67267
0,0,0
0,0,0
0,0,0
12.0961,30.2577,3.66073
12.2238,30.0411,3.6437
12.4075,29.9647,3.64359
0,0,0
12.7915,29.8503,3.64845
12.959,29.7358,3.64414
13.5809,30.6479,3.76492
13.311,29.5482,3.64093
13.3584,29.1741,3.60521
13.2781,28.5347,3.53685
13.5128,28.5794,3.55245
13.7645,28.6554,3.57214
14.4722,29.661,3.70718
14.3411,28.9403,3.62876
14.589,28.992,3.64624
15.1301,29.6135,3.73516
15.3409,29.5766,3.74224
14.7423,28.001,3.55599
15.7453,29.4659,3.75231
15.1204,27.8835,3.56428
14.8317,26.9551,3.45822
0,0,0
15.7652,27.8374,3.59459
15.8362,27.5669,3.57236
15.9816,27.4289,3.56716
0,0,0
16.3435,27.275,3.57291
0,0,0
0,0,0
0,0,0
0,0,0
0,0,0
0,0,0
0,0,0
0,0,0
0,0,0
0,0,0
0,0,0
0,0,0
0,0,0
0,0,0
19.215,26.2501,3.65465
19.468,26.2563,3.6719
19.6312,26.1395,3.67234
19.861,26.1103,3.68517
20.7147,26.8886,3.8117
20.4819,26.2517,3.73981
20.6426,26.1255,3.73981
20.6529,25.8113,3.71315
20.6882,25.5328,3.69148
21.0462,25.6512,3.72687
21.4103,25.7708,3.76292
0,0,0
0,0,0
0,0,0
0,0,0
0,0,0
0,0,0
0,0,0
0,0,0
0,0,0
0,0,0
0,0,0
0,0,0
0,0,0
0,0,0
0,0,0
0,0,0
0,0,0
0,0,0
0,0,0
0,0,0
29.0744,27.0152,4.45109
0,0,0
0,0,0
0,0,0
28.3402,25.0656,4.24482
0,0,0
28.6291,24.7016,4.24238
29.0805,24.7814,4.28629
28.5469,24.0259,4.18664
27.8033,23.1102,4.05779
27.8878,22.8925,4.0496
0,0,0
29.4895,23.6075,4.23818
0,0,0
30.2227,23.5918,4.30111
28.3808,21.8752,4.02206
28.4766,21.6717,4.01676
30.0082,22.548,4.21152
29.9313,22.2041,4.18177
0,0,0
0,0,0
0,0,0
0,0,0
0,0,0
34.774,23.8637,4.72781
34.9527,23.6722,4.73224
35.0709,23.4396,4.7287
0,0,0
34.8352,22.6687,4.65957
35.3408,22.6902,4.70813
35.581,22.5373,4.72151
35.7144,22.3159,4.72096
35.8633,22.1042,4.72262
0,0,0
0,0,0
36.9169,21.8262,4.807
0,0,0
0,0,0
0,0,0
0,0,0
0,0,0
0,0,0
0,0,0
0,0,0
0,0,0
0,0,0
0,0,0
0,0,0
0,0,0
0,0,0
0,0,0
0,0,0
0,0,0
0,0,0
0,0,0
0,0,0
0,0,0
0,0,0
0,0,0
0,0,0
0,0,0
0,0,0
0,0,0
0,0,0
0,0,0
0,0,0
0,0,0
0,0,0
0,0,0
0,0,0
0,0,0
0,0,0
0,0,0
0,0,0
0,0,0
0,0,0
0,0,0
0,0,0
0,0,0
0,0,0
0,0,0
0,0,0
0,0,0
0,0,0
0,0,0
0,0,0
0,0,0
0,0,0
0,0,0
0,0,0
0,0,0
0,0,0
0,0,0
0,0,0
0,0,0
0,0,0
0,0,0
0,0,0
0,0,0
0,0,0
0,0,0
0,0,0
0,0,0
0,0,0
0,0,0
0,0,0
0,0,0
0,0,0
0,0,0
0,0,0
0,0,0
0,0,0
18.7298,1.15313,2.1227
18.8893,1.04665,2.13973
0,0,0
0,0,0
0,0,0
0,0,0
0,0,0
0,0,0
0,0,0
0,0,0
0,0,0
0,0,0
0,0,0
0,0,0
0,0,0
0,0,0
0,0,0
0,0,0
0,0,0
0,0,0
0,0,0
0,0,0
0,0,0
0,0,0
0,0,0
0,0,0
0,0,0
0,0,0
0,0,0
0,0,0
0,0,0
0,0,0
0,0,0
0,0,0
0,0,0
0,0,0
0,0,0
0,0,0
0,0,0
0,0,0
0,0,0
0,0,0
0,0,0
0,0,0
0,0,0
0,0,0
0,0,0
0,0,0
0,0,0
0,0,0
0,0,0
0,0,0
0,0,0
0,0,0
0,0,0
0,0,0
0,0,0
0,0,0
0,0,0
0,0,0
0,0,0
0,0,0
0,0,0
0,0,0
0,0,0
0,0,0
0,0,0
0,0,0
0,0,0
0,0,0
0,0,0
0,0,0
0,0,0
0,0,0
0,0,0
0,0,0
0,0,0
0,0,0
0,0,0
0,0,0
0,0,0
0,0,0
0,0,0
0,0,0
0,0,0
0,0,0
0,0,0
0,0,0
0,0,0
0,0,0
0,0,0
0,0,0
0,0,0
0,0,0
0,0,0
0,0,0
0,0,0
0,0,0
0,0,0
0,0,0
0,0,0
0,0,0
0,0,0
0,0,0
0,0,0
0,0,0
0,0,0
0,0,0
0,0,0
0,0,0
0,0,0
0,0,0
0,0,0
0,0,0
0,0,0
0,0,0
0,0,0
0,0,0
0,0,0
0,0,0
0,0,0
0,0,0
0,0,0
0,0,0
0,0,0
0,0,0
0,0,0
0,0,0
0,0,0
0,0,0
0,0,0
0,0,0
0,0,0
0,0,0
0,0,0
0,0,0
0,0,0
0,0,0
0,0,0
0,0,0
0,0,0
0,0,0
0,0,0
0,0,0
0,0,0
0,0,0
0,0,0
0,0,0
0,0,0
0,0,0
0,0,0
0,0,0
0,0,0
0,0,0
0,0,0
0,0,0
0,0,0
0,0,0
0,0,0
0,0,0
0,0,0
0,0,0
0,0,0
0,0,0
0,0,0
0,0,0
0,0,0
0,0,0
0,0,0
0,0,0
0,0,0
0,0,0
0,0,0
0,0,0
0,0,0
0,0,0
0,0,0
0,0,0
0,0,0
0,0,0
0,0,0
0,0,0
0,0,0
0,0,0
0,0,0
0,0,0
0,0,0
0,0,0
0,0,0
0,0,0
7.93866,-15.7663,1.99883
7.81175,-15.7541,1.99131
7.69968,-15.7705,1.98744
7.62989,-15.8739,1.9944
7.54425,-15.9456,1.9975
0,0,0
0,0,0
0,0,0
0,0,0
0,0,0
0,0,0
0,0,0
0,0,0
0,0,0
0,0,0
0,0,0
0,0,0
0,0,0
0,0,0
0,0,0
0,0,0
0,0,0
0,0,0
0,0,0
0,0,0
0,0,0
0,0,0
0,0,0
0,0,0
0,0,0
0,0,0
0,0,0
0,0,0
0,0,0
0,0,0
0,0,0
0,0,0
0,0,0
0,0,0
0,0,0
0,0,0
0,0,0
0,0,0
0,0,0
0,0,0
0,0,0
0,0,0
0,0,0
0,0,0
0,0,0
0,0,0
0,0,0
0,0,0
0,0,0
0,0,0
0,0,0
0,0,0
0,0,0
0,0,0
0,0,0
0,0,0
0,0,0
0,0,0
0,0,0
0,0,0
0,0,0
0,0,0
0,0,0
0,0,0
0,0,0
0,0,0
0,0,0
0,0,0
0,0,0
0,0,0
0,0,0
0,0,0
0,0,0
0,0,0
0,0,0
0,0,0
0,0,0
0,0,0
0,0,0
0,0,0
0,0,0
0,0,0
0,0,0
0,0,0
0,0,0
0,0,0
0,0,0
0,0,0
0,0,0
0,0,0
0,0,0
0,0,0
0,0,0
0,0,0
0,0,0
0,0,0
0,0,0
0,0,0
0,0,0
0,0,0
0,0,0
0,0,0
0,0,0
0,0,0
0,0,0
0,0,0
0,0,0
0,0,0
0,0,0
0,0,0
0,0,0
0,0,0
0,0,0
0,0,0
0,0,0
0,0,0
0,0,0
0,0,0
0,0,0
0,0,0
0,0,0
0,0,0
0,0,0
0,0,0
0,0,0
0,0,0
0,0,0
0,0,0
0,0,0
0,0,0
0,0,0
0,0,0
0,0,0
0,0,0
0,0,0
0,0,0
0,0,0
0,0,0
0,0,0
0,0,0
0,0,0
0,0,0
0,0,0
0,0,0
0,0,0
0,0,0
0,0,0
0,0,0
0,0,0
0,0,0
0,0,0
0,0,0
0,0,0
0,0,0
0,0,0
0,0,0
0,0,0
0,0,0
0,0,0
0,0,0
0,0,0
0,0,0
0,0,0
0,0,0
0,0,0
0,0,0
0,0,0
0,0,0
0,0,0
0,0,0
0,0,0
0,0,0
0,0,0
0,0,0
0,0,0
0,0,0
0,0,0
0,0,0
0,0,0
0,0,0
0,0,0
0,0,0
0,0,0
0,0,0
0,0,0
0,0,0
0,0,0
0,0,0
0,0,0
0,0,0
0,0,0
0,0,0
0,0,0
0,0,0
0,0,0
0,0,0
0,0,0
0,0,0
0,0,0
0,0,0
0,0,0
0,0,0
0,0,0
0,0,0
0,0,0
0,0,0
0,0,0
0,0,0
0,0,0
0,0,0
0,0,0
0,0,0
0,0,0
0,0,0
0,0,0
0,0,0
0,0,0
0,0,0
0,0,0
0,0,0
0,0,0
0,0,0
0,0,0
0,0,0
0,0,0
0,0,0
0,0,0
0,0,0
0,0,0
0,0,0
0,0,0
0,0,0
0,0,0
0,0,0
0,0,0
0,0,0
0,0,0
0,0,0
0,0,0
0,0,0
0,0,0
0,0,0
0,0,0
0,0,0
0,0,0
0,0,0
0,0,0
0,0,0
0,0,0
0,0,0
0,0,0
0,0,0
0,0,0
0,0,0
0,0,0
0,0,0
0,0,0
0,0,0
0,0,0
0,0,0
0,0,0
0,0,0
0,0,0
0,0,0
0,0,0
0,0,0
0,0,0
0,0,0
0,0,0
0,0,0
0,0,0
0,0,0
0,0,0
0,0,0
0,0,0
0,0,0
0,0,0
0,0,0
0,0,0
0,0,0
0,0,0
0,0,0
0,0,0
0,0,0
0,0,0
0,0,0
0,0,0
0,0,0
0,0,0
0,0,0
0,0,0
0,0,0
0,0,0
0,0,0
0,0,0
0,0,0
0,0,0
0,0,0
0,0,0
0,0,0
0,0,0
0,0,0
0,0,0
0,0,0
0,0,0
0,0,0
0,0,0
0,0,0
0,0,0
0,0,0
0,0,0
0,0,0
0,0,0
0,0,0
0,0,0
0,0,0
0,0,0
0,0,0
0,0,0
0,0,0
0,0,0
0,0,0
0,0,0
0,0,0
0,0,0
0,0,0
0,0,0
0,0,0
0,0,0
0,0,0
0,0,0
0,0,0
0,0,0
0,0,0
0,0,0
0,0,0
0,0,0
0,0,0
0,0,0
0,0,0
0,0,0
0,0,0
0,0,0
0,0,0
0,0,0
0,0,0
0,0,0
0,0,0
0,0,0
0,0,0
0,0,0
0,0,0
0,0,0
0,0,0
0,0,0
0,0,0
0,0,0
0,0,0
0,0,0
0,0,0
0,0,0
0,0,0
0,0,0
0,0,0
0,0,0
0,0,0
0,0,0
0,0,0
0,0,0
0,0,0
0,0,0
0,0,0
0,0,0
0,0,0
0,0,0
0,0,0
0,0,0
0,0,0
0,0,0
0,0,0
0,0,0
0,0,0
0,0,0
0,0,0
0,0,0
0,0,0
0,0,0
0,0,0
0,0,0
0,0,0
0,0,0
0,0,0
0,0,0
0,0,0
0,0,0
0,0,0
0,0,0
0,0,0
0,0,0
0,0,0
0,0,0
0,0,0
0,0,0
0,0,0
0,0,0
0,0,0
0,0,0
0,0,0
0,0,0
0,0,0
0,0,0
0,0,0
0,0,0
0,0,0
0,0,0
0,0,0
0,0,0
0,0,0
0,0,0
0,0,0
0,0,0
0,0,0
0,0,0
0,0,0
0,0,0
0,0,0
0,0,0
0,0,0
0,0,0
0,0,0
0,0,0
0,0,0
0,0,0
0,0,0
0,0,0
0,0,0
0,0,0
0,0,0
0,0,0
0,0,0
0,0,0
0,0,0
0,0,0
0,0,0
0,0,0
0,0,0
0,0,0
0,0,0
0,0,0
0,0,0
0,0,0
0,0,0
0,0,0
0,0,0
0,0,0
0,0,0
0,0,0
0,0,0
0,0,0
0,0,0
0,0,0
0,0,0
0,0,0
0,0,0
0,0,0
0,0,0
0,0,0
0,0,0
0,0,0
0,0,0
0,0,0
0,0,0
0,0,0
0,0,0
0,0,0
0,0,0
0,0,0
0,0,0
0,0,0
0,0,0
0,0,0
0,0,0
0,0,0
0,0,0
0,0,0
0,0,0
0,0,0
0,0,0
0,0,0
0,0,0
0,0,0
0,0,0
0,0,0
0,0,0
0,0,0
0,0,0
0,0,0
0,0,0
0,0,0
0,0,0
0,0,0
0,0,0
0,0,0
0,0,0
0,0,0
0,0,0
0,0,0
0,0,0
0,0,0
0,0,0
0,0,0
0,0,0
0,0,0
0,0,0
0,0,0
0,0,0
0,0,0
0,0,0
0,0,0
0,0,0
0,0,0
0,0,0
0,0,0
0,0,0
0,0,0
0,0,0
0,0,0
0,0,0
0,0,0
0,0,0
0,0,0
0,0,0
0,0,0
0,0,0
0,0,0
0,0,0
0,0,0
0,0,0
0,0,0
0,0,0
0,0,0
0,0,0
0,0,0
0,0,0
0,0,0
0,0,0
0,0,0
0,0,0
0,0,0
0,0,0
0,0,0
0,0,0
0,0,0
0,0,0
0,0,0
0,0,0
0,0,0
0,0,0
0,0,0
0,0,0
0,0,0
0,0,0
0,0,0
0,0,0
0,0,0
0,0,0
0,0,0
0,0,0
0,0,0
0,0,0
0,0,0
0,0,0
0,0,0
0,0,0
0,0,0
0,0,0
0,0,0
0,0,0
0,0,0
0,0,0
0,0,0
0,0,0
0,0,0
0,0,0
0,0,0
0,0,0
0,0,0
0,0,0
0,0,0
0,0,0
0,0,0
0,0,0
0,0,0
0,0,0
0,0,0
0,0,0
0,0,0
0,0,0
0,0,0
0,0,0
0,0,0
0,0,0
0,0,0
0,0,0
0,0,0
0,0,0
0,0,0
0,0,0
0,0,0
0,0,0
0,0,0
0,0,0
0,0,0
0,0,0
0,0,0
0,0,0
0,0,0
0,0,0
0,0,0
0,0,0
0,0,0
0,0,0
0,0,0
0,0,0
0,0,0
0,0,0
0,0,0
0,0,0
0,0,0
0,0,0
0,0,0
0,0,0
0,0,0
0,0,0
0,0,0
0,0,0
0,0,0
0,0,0
0,0,0
0,0,0
0,0,0
0,0,0
0,0,0
0,0,0
0,0,0
0,0,0
0,0,0
0,0,0
0,0,0
0,0,0
0,0,0
0,0,0
0,0,0
0,0,0
0,0,0
11.2357,31.435,3.33135
11.4165,31.3327,3.32791
0,0,0
0,0,0
0,0,0
0,0,0
12.7536,31.9224,3.42943
12.3435,30.3539,3.27062
12.4446,30.0725,3.2487
12.6127,29.957,3.24457
12.8163,29.9257,3.24958
12.9822,29.8064,3.24526
12.722,28.7262,3.13725
12.7738,28.3717,3.10738
13.2483,28.9498,3.17873
13.3195,28.6396,3.15386
13.6046,28.7895,3.17922
13.8418,28.832,3.19307
14.3229,29.3709,3.26167
13.7878,27.8386,3.10256
13.9284,27.6939,3.09598
15.3077,29.977,3.35867
15.4831,29.8666,3.3569
14.3542,27.2778,3.07868
14.4819,27.1155,3.07042
14.6286,26.9903,3.06639
14.7983,26.9079,3.06728
15.2525,27.3354,3.12595
15.0783,26.6376,3.05745
15.7092,27.3593,3.15023
15.4056,26.4532,3.05775
0,0,0
0,0,0
25.0355,41.2261,4.79785
0,0,0
0,0,0
0,0,0
0,0,0
0,0,0
0,0,0
0,0,0
0,0,0
0,0,0
0,0,0
0,0,0
19.4233,27.242,3.33872
19.3413,26.7778,3.29676
19.5217,26.6811,3.29951
19.7834,26.6935,3.31582
19.9534,26.5804,3.3169
20.0956,26.4305,3.31356
20.3667,26.4487,3.33125
20.5647,26.3695,3.33705
19.9724,25.2885,3.21696
20.9147,26.1501,3.34147
21.0929,26.0437,3.34432
0,0,0
0,0,0
0,0,0
0,0,0
0,0,0
0,0,0
0,0,0
0,0,0
0,0,0
0,0,0
0,0,0
0,0,0
0,0,0
0,0,0
0,0,0
0,0,0
0,0,0
0,0,0
0,0,0
0,0,0
0,0,0
0,0,0
0,0,0
0,0,0
28.1741,25.553,3.7909
28.3511,25.3982,3.79365
28.4692,25.1908,3.78874
28.4389,24.8546,3.76456
28.7001,24.7739,3.77881
29.4756,25.1293,3.85979
29.8872,25.1653,3.89311
0,0,0
28.8926,23.728,3.72682
28.9356,23.4675,3.71385
28.5998,22.9057,3.65321
28.7172,22.7118,3.65036
28.9337,22.5959,3.66009
30.5596,23.5653,3.84564
29.7955,22.6858,3.73291
0,0,0
0,0,0
0,0,0
34.778,25.1557,4.27344
0,0,0
0,0,0
0,0,0
0,0,0
34.9838,23.7047,4.20789
35.1476,23.5023,4.21015
35.3111,23.2994,4.21251
34.928,22.7402,4.15059
34.9337,22.4399,4.13497
35.3246,22.386,4.16465
36.0967,22.5661,4.23865
35.8321,22.0961,4.19197
0,0,0
36.4897,21.8881,4.23678
35.9904,21.2894,4.16416
36.1126,21.0636,4.16327
0,0,0
0,0,0
0,0,0
0,0,0
0,0,0
0,0,0
0,0,0
0,0,0
0,0,0
0,0,0
0,0,0
0,0,0
0,0,0
0,0,0
0,0,0
0,0,0
0,0,0
0,0,0
0,0,0
0,0,0
0,0,0
0,0,0
0,0,0
0,0,0
0,0,0
0,0,0
0,0,0
0,0,0
0,0,0
0,0,0
0,0,0
0,0,0
0,0,0
0,0,0
0,0,0
0,0,0
0,0,0
0,0,0
0,0,0
0,0,0
0,0,0
0,0,0
0,0,0
0,0,0
0,0,0
0,0,0
0,0,0
0,0,0
0,0,0
0,0,0
0,0,0
0,0,0
0,0,0
0,0,0
0,0,0
0,0,0
0,0,0
0,0,0
0,0,0
0,0,0
0,0,0
0,0,0
0,0,0
0,0,0
0,0,0
0,0,0
0,0,0
0,0,0
0,0,0
0,0,0
0,0,0
0,0,0
0,0,0
0,0,0
0,0,0
18.6943,1.1543,1.88431
18.8918,1.05019,1.90318
0,0,0
0,0,0
0,0,0
0,0,0
0,0,0
0,0,0
0,0,0
0,0,0
0,0,0
0,0,0
0,0,0
0,0,0
0,0,0
0,0,0
24.0947,-0.879681,2.4157
24.1604,-1.03056,2.42277
0,0,0
0,0,0
0,0,0
0,0,0
0,0,0
0,0,0
0,0,0
0,0,0
0,0,0
0,0,0
0,0,0
0,0,0
0,0,0
0,0,0
0,0,0
0,0,0
0,0,0
0,0,0
0,0,0
0,0,0
0,0,0
0,0,0
0,0,0
0,0,0
0,0,0
0,0,0
0,0,0
0,0,0
0,0,0
0,0,0
0,0,0
0,0,0
0,0,0
0,0,0
0,0,0
0,0,0
0,0,0
0,0,0
0,0,0
0,0,0
0,0,0
0,0,0
0,0,0
0,0,0
0,0,0
0,0,0
0,0,0
0,0,0
0,0,0
0,0,0
0,0,0
0,0,0
0,0,0
0,0,0
0,0,0
0,0,0
0,0,0
0,0,0
0,0,0
0,0,0
0,0,0
0,0,0
0,0,0
0,0,0
0,0,0
0,0,0
0,0,0
0,0,0
0,0,0
0,0,0
0,0,0
0,0,0
0,0,0
0,0,0
0,0,0
0,0,0
0,0,0
0,0,0
0,0,0
0,0,0
0,0,0
0,0,0
0,0,0
0,0,0
0,0,0
0,0,0
0,0,0
0,0,0
0,0,0
0,0,0
0,0,0
0,0,0
0,0,0
0,0,0
0,0,0
0,0,0
0,0,0
0,0,0
0,0,0
0,0,0
0,0,0
0,0,0
0,0,0
0,0,0
0,0,0
0,0,0
0,0,0
0,0,0
0,0,0
0,0,0
0,0,0
0,0,0
0,0,0
0,0,0
0,0,0
0,0,0
0,0,0
0,0,0
0,0,0
0,0,0
0,0,0
0,0,0
0,0,0
0,0,0
0,0,0
0,0,0
0,0,0
0,0,0
0,0,0
0,0,0
0,0,0
0,0,0
0,0,0
0,0,0
0,0,0
0,0,0
0,0,0
0,0,0
0,0,0
0,0,0
0,0,0
0,0,0
0,0,0
0,0,0
0,0,0
0,0,0
0,0,0
0,0,0
0,0,0
0,0,0
0,0,0
0,0,0
0,0,0
0,0,0
0,0,0
0,0,0
0,0,0
0,0,0
0,0,0
0,0,0
0,0,0
0,0,0
0,0,0
0,0,0
0,0,0
0,0,0
0,0,0
0,0,0
0,0,0
31.6906,-60.1226,6.7464
0,0,0
30.7379,-60.0915,6.70031
7.94948,-15.7809,1.77965
7.81977,-15.7634,1.77237
7.70062,-15.7655,1.76736
7.62013,-15.8465,1.77109
7.53638,-15.9218,1.77424
0,0,0
0,0,0
0,0,0
0,0,0
0,0,0
0,0,0
0,0,0
0,0,0
0,0,0
0,0,0
0,0,0
0,0,0
0,0,0
0,0,0
0,0,0
0,0,0
0,0,0
0,0,0
0,0,0
0,0,0
0,0,0
0,0,0
0,0,0
0,0,0
0,0,0
0,0,0
0,0,0
0,0,0
0,0,0
0,0,0
0,0,0
0,0,0
0,0,0
0,0,0
0,0,0
0,0,0
0,0,0
0,0,0
0,0,0
0,0,0
0,0,0
0,0,0
0,0,0
0,0,0
0,0,0
0,0,0
0,0,0
0,0,0
0,0,0
0,0,0
0,0,0
0,0,0
0,0,0
0,0,0
0,0,0
0,0,0
0,0,0
0,0,0
0,0,0
0,0,0
0,0,0
0,0,0
0,0,0
0,0,0
0,0,0
0,0,0
0,0,0
0,0,0
0,0,0
0,0,0
0,0,0
0,0,0
0,0,0
0,0,0
0,0,0
0,0,0
0,0,0
0,0,0
0,0,0
0,0,0
0,0,0
0,0,0
0,0,0
0,0,0
0,0,0
0,0,0
0,0,0
0,0,0
0,0,0
0,0,0
0,0,0
0,0,0
0,0,0
0,0,0
0,0,0
0,0,0
0,0,0
0,0,0
0,0,0
0,0,0
0,0,0
0,0,0
0,0,0
0,0,0
0,0,0
0,0,0
0,0,0
0,0,0
0,0,0
0,0,0
0,0,0
0,0,0
0,0,0
0,0,0
0,0,0
0,0,0
0,0,0
0,0,0
0,0,0
0,0,0
0,0,0
0,0,0
0,0,0
0,0,0
0,0,0
0,0,0
0,0,0
0,0,0
0,0,0
0,0,0
0,0,0
0,0,0
0,0,0
0,0,0
0,0,0
0,0,0
0,0,0
0,0,0
0,0,0
0,0,0
0,0,0
0,0,0
0,0,0
0,0,0
0,0,0
0,0,0
0,0,0
0,0,0
0,0,0
0,0,0
0,0,0
0,0,0
0,0,0
0,0,0
0,0,0
0,0,0
0,0,0
0,0,0
0,0,0
0,0,0
0,0,0
0,0,0
0,0,0
0,0,0
0,0,0
0,0,0
0,0,0
0,0,0
0,0,0
0,0,0
0,0,0
0,0,0
0,0,0
0,0,0
0,0,0
0,0,0
0,0,0
0,0,0
0,0,0
0,0,0
0,0,0
0,0,0
0,0,0
0,0,0
0,0,0
0,0,0
0,0,0
0,0,0
0,0,0
0,0,0
0,0,0
0,0,0
0,0,0
0,0,0
0,0,0
0,0,0
0,0,0
0,0,0
0,0,0
0,0,0
0,0,0
0,0,0
0,0,0
0,0,0
0,0,0
0,0,0
0,0,0
0,0,0
0,0,0
0,0,0
0,0,0
0,0,0
0,0,0
0,0,0
0,0,0
0,0,0
0,0,0
0,0,0
0,0,0
0,0,0
0,0,0
0,0,0
0,0,0
0,0,0
0,0,0
0,0,0
0,0,0
0,0,0
0,0,0
0,0,0
0,0,0
0,0,0
0,0,0
0,0,0
0,0,0
0,0,0
0,0,0
0,0,0
0,0,0
0,0,0
0,0,0
0,0,0
0,0,0
0,0,0
0,0,0
0,0,0
0,0,0
0,0,0
0,0,0
0,0,0
0,0,0
0,0,0
0,0,0
0,0,0
0,0,0
0,0,0
0,0,0
0,0,0
0,0,0
0,0,0
0,0,0
0,0,0
0,0,0
0,0,0
0,0,0
0,0,0
0,0,0
0,0,0
0,0,0
0,0,0
0,0,0
0,0,0
0,0,0
0,0,0
0,0,0
0,0,0
0,0,0
0,0,0
0,0,0
0,0,0
0,0,0
0,0,0
0,0,0
0,0,0
0,0,0
0,0,0
0,0,0
0,0,0
0,0,0
0,0,0
0,0,0
0,0,0
0,0,0
0,0,0
0,0,0
0,0,0
0,0,0
0,0,0
0,0,0
0,0,0
0,0,0
0,0,0
0,0,0
0,0,0
0,0,0
0,0,0
0,0,0
0,0,0
0,0,0
0,0,0
0,0,0
0,0,0
0,0,0
0,0,0
0,0,0
0,0,0
0,0,0
0,0,0
0,0,0
0,0,0
0,0,0
0,0,0
0,0,0
0,0,0
0,0,0
0,0,0
0,0,0
0,0,0
0,0,0
0,0,0
0,0,0
0,0,0
0,0,0
0,0,0
0,0,0
0,0,0
0,0,0
0,0,0
0,0,0
0,0,0
0,0,0
0,0,0
0,0,0
0,0,0
0,0,0
0,0,0
0,0,0
0,0,0
0,0,0
0,0,0
0,0,0
0,0,0
0,0,0
0,0,0
0,0,0
0,0,0
0,0,0
0,0,0
0,0,0
0,0,0
0,0,0
0,0,0
0,0,0
0,0,0
0,0,0
0,0,0
0,0,0
0,0,0
0,0,0
0,0,0
0,0,0
0,0,0
0,0,0
0,0,0
0,0,0
0,0,0
0,0,0
0,0,0
0,0,0
0,0,0
0,0,0
0,0,0
0,0,0
0,0,0
0,0,0
0,0,0
0,0,0
0,0,0
0,0,0
0,0,0
0,0,0
0,0,0
0,0,0
0,0,0
0,0,0
0,0,0
0,0,0
0,0,0
0,0,0
0,0,0
0,0,0
0,0,0
0,0,0
0,0,0
0,0,0
0,0,0
0,0,0
0,0,0
0,0,0
0,0,0
0,0,0
0,0,0
0,0,0
0,0,0
0,0,0
0,0,0
0,0,0
0,0,0
0,0,0
0,0,0
0,0,0
0,0,0
0,0,0
0,0,0
0,0,0
0,0,0
0,0,0
0,0,0
0,0,0
0,0,0
0,0,0
0,0,0
0,0,0
0,0,0
0,0,0
0,0,0
0,0,0
0,0,0
0,0,0
0,0,0
0,0,0
0,0,0
0,0,0
0,0,0
0,0,0
0,0,0
0,0,0
0,0,0
0,0,0
0,0,0
0,0,0
0,0,0
0,0,0
0,0,0
0,0,0
0,0,0
0,0,0
0,0,0
0,0,0
0,0,0
0,0,0
0,0,0
0,0,0
0,0,0
0,0,0
0,0,0
0,0,0
0,0,0
0,0,0
0,0,0
0,0,0
0,0,0
0,0,0
0,0,0
0,0,0
0,0,0
0,0,0
0,0,0
0,0,0
0,0,0
0,0,0
0,0,0
0,0,0
0,0,0
0,0,0
0,0,0
0,0,0
0,0,0
0,0,0
0,0,0
0,0,0
0,0,0
0,0,0
0,0,0
0,0,0
0,0,0
0,0,0
0,0,0
0,0,0
0,0,0
0,0,0
0,0,0
0,0,0
0,0,0
0,0,0
0,0,0
0,0,0
0,0,0
0,0,0
0,0,0
0,0,0
0,0,0
0,0,0
0,0,0
0,0,0
0,0,0
0,0,0
0,0,0
0,0,0
0,0,0
0,0,0
0,0,0
0,0,0
0,0,0
0,0,0
0,0,0
0,0,0
0,0,0
0,0,0
0,0,0
0,0,0
0,0,0
0,0,0
0,0,0
0,0,0
0,0,0
0,0,0
0,0,0
0,0,0
0,0,0
0,0,0
0,0,0
0,0,0
0,0,0
0,0,0
0,0,0
0,0,0
0,0,0
0,0,0
0,0,0
0,0,0
0,0,0
0,0,0
0,0,0
0,0,0
0,0,0
0,0,0
0,0,0
0,0,0
0,0,0
0,0,0
0,0,0
0,0,0
0,0,0
0,0,0
0,0,0
0,0,0
0,0,0
0,0,0
0,0,0
0,0,0
0,0,0
0,0,0
0,0,0
0,0,0
0,0,0
0,0,0
0,0,0
0,0,0
0,0,0
0,0,0
0,0,0
0,0,0
0,0,0
0,0,0
0,0,0
0,0,0
0,0,0
0,0,0
0,0,0
0,0,0
0,0,0
0,0,0
0,0,0
0,0,0
0,0,0
0,0,0
0,0,0
0,0,0
0,0,0
0,0,0
0,0,0
0,0,0
0,0,0
0,0,0
0,0,0
0,0,0
0,0,0
0,0,0
0,0,0
0,0,0
0,0,0
0,0,0
0,0,0
0,0,0
0,0,0
0,0,0
0,0,0
0,0,0
0,0,0
0,0,0
0,0,0
0,0,0
11.26,31.4643,2.93504
11.4474,31.3797,2.93365
11.6418,31.3144,2.93417
11.4777,30.3024,2.84693
0,0,0
11.7933,30.0183,2.83379
12.0287,30.074,2.84581
11.6086,28.5149,2.70669
11.7555,28.376,2.70038
11.9131,28.2648,2.69675
12.0989,28.2204,2.69952
12.2694,28.1402,2.699
12.4192,28.0134,2.69416
12.7915,28.3817,2.73652
13.9044,30.3523,2.93218
13.1195,28.181,2.73255
13.2184,27.9442,2.71759
13.3944,27.8724,2.71854
13.5569,27.7727,2.7169
14.1155,28.4727,2.79281
13.9235,27.6577,2.72208
14.0857,27.5575,2.7207
14.4046,27.7597,2.74897
14.4484,27.4311,2.72546
14.6305,27.3682,2.72805
14.6765,27.0538,2.70592
14.7318,26.7625,2.68603
14.935,26.742,2.69303
15.229,26.8796,2.71595
15.2889,26.6034,2.6977
15.4659,26.5332,2.70012
17.0647,28.8674,2.94507
24.8799,41.5042,4.23436
0,0,0
25.6785,41.6682,4.28252
25.7595,41.231,4.25399
0,0,0
26.3082,40.9814,4.26116
26.5917,40.8693,4.26635
26.8881,40.7752,4.27361
18.6016,27.8359,2.94031
18.7592,27.7023,2.93832
18.944,27.6089,2.94066
19.1642,27.5657,2.94844
19.2309,27.3026,2.93305
19.3651,27.1379,2.92812
19.7162,27.2745,2.95553
19.9385,27.2286,2.96365
18.8897,25.467,2.78658
19.0426,25.3466,2.78615
19.5797,25.7312,2.84088
20.1763,26.1803,2.90331
20.5437,26.3214,2.93253
19.6052,24.8037,2.77863
19.5192,24.3858,2.7456
19.3146,23.8291,2.69684
19.2747,23.4837,2.67142
20.8091,25.0383,2.86025
20.7404,24.6464,2.83033
20.7846,24.3936,2.81607
20.9567,24.292,2.81909
21.9469,25.1264,2.93011
22.1086,25.0002,2.93115
22.2742,24.8782,2.93279
0,0,0
0,0,0
0,0,0
0,0,0
0,0,0
0,0,0
0,0,0
0,0,0
0,0,0
0,0,0
0,0,0
26.0188,25.0754,3.17081
27.3238,26.0116,3.3088
27.4619,25.8236,3.3063
0,0,0
0,0,0
0,0,0
0,0,0
29.2062,25.8223,3.41809
28.6256,24.9978,3.33301
28.6834,24.7397,3.32212
29.3284,24.9838,3.3784
29.5871,24.8926,3.39042
30.0152,24.9398,3.42155
7.1946,5.90417,0.842525
7.19045,5.8273,0.838029
7.2424,5.79614,0.839845
7.30284,5.77136,0.842611
29.7536,23.2173,3.3101
29.8387,22.9905,3.30388
0,0,0
29.2623,21.9795,3.21093
0,0,0
0,0,0
0,0,0
0,0,0
0,0,0
0,0,0
34.8881,23.933,3.70652
34.9922,23.69,3.70211
34.5222,23.0642,3.63796
35.2179,23.2177,3.69563
35.1643,22.8741,3.6754
35.3006,22.6557,3.67505
35.2395,22.3124,3.65456
35.6064,22.2398,3.67816
35.9576,22.1537,3.70012
35.9448,21.8426,3.68508
36.0191,21.5863,3.67911
35.7993,21.1571,3.64366
35.9887,20.9721,3.64972
0,0,0
36.271,20.5446,3.65248
36.4312,20.3411,3.65594
0,0,0
0,0,0
0,0,0
0,0,0
0,0,0
0,0,0
0,0,0
0,0,0
0,0,0
0,0,0
0,0,0
0,0,0
0,0,0
0,0,0
0,0,0
0,0,0
0,0,0
0,0,0
0,0,0
0,0,0
0,0,0
0,0,0
0,0,0
0,0,0
0,0,0
0,0,0
0,0,0
0,0,0
0,0,0
0,0,0
0,0,0
0,0,0
0,0,0
0,0,0
0,0,0
0,0,0
0,0,0
0,0,0
0,0,0
0,0,0
0,0,0
0,0,0
0,0,0
0,0,0
0,0,0
0,0,0
0,0,0
0,0,0
0,0,0
0,0,0
0,0,0
0,0,0
0,0,0
0,0,0
0,0,0
0,0,0
0,0,0
0,0,0
0,0,0
0,0,0
0,0,0
0,0,0
0,0,0
0,0,0
0,0,0
0,0,0
0,0,0
0,0,0
0,0,0
0,0,0
0,0,0
0,0,0
0,0,0
0,0,0
0,0,0
0,0,0
0,0,0
0,0,0
0,0,0
0,0,0
0,0,0
0,0,0
0,0,0
0,0,0
0,0,0
0,0,0
0,0,0
0,0,0
24.0851,-0.888296,2.12646
24.1668,-1.03983,2.13407
0,0,0
0,0,0
0,0,0
0,0,0
0,0,0
0,0,0
0,0,0
0,0,0
0,0,0
0,0,0
0,0,0
0,0,0
0,0,0
0,0,0
0,0,0
0,0,0
0,0,0
0,0,0
0,0,0
0,0,0
0,0,0
0,0,0
0,0,0
0,0,0
0,0,0
0,0,0
0,0,0
0,0,0
0,0,0
0,0,0
0,0,0
0,0,0
0,0,0
0,0,0
0,0,0
0,0,0
0,0,0
0,0,0
0,0,0
0,0,0
0,0,0
0,0,0
0,0,0
0,0,0
0,0,0
0,0,0
0,0,0
0,0,0
0,0,0
0,0,0
0,0,0
0,0,0
0,0,0
0,0,0
0,0,0
0,0,0
0,0,0
0,0,0
0,0,0
0,0,0
0,0,0
0,0,0
0,0,0
0,0,0
0,0,0
0,0,0
0,0,0
0,0,0
0,0,0
0,0,0
0,0,0
0,0,0
0,0,0
0,0,0
0,0,0
0,0,0
0,0,0
0,0,0
0,0,0
0,0,0
0,0,0
0,0,0
0,0,0
0,0,0
0,0,0
0,0,0
0,0,0
0,0,0
0,0,0
0,0,0
0,0,0
0,0,0
0,0,0
0,0,0
0,0,0
0,0,0
0,0,0
0,0,0
0,0,0
0,0,0
0,0,0
0,0,0
0,0,0
0,0,0
0,0,0
0,0,0
0,0,0
0,0,0
0,0,0
0,0,0
0,0,0
0,0,0
0,0,0
0,0,0
0,0,0
0,0,0
0,0,0
0,0,0
0,0,0
0,0,0
0,0,0
0,0,0
0,0,0
0,0,0
0,0,0
0,0,0
0,0,0
0,0,0
0,0,0
0,0,0
0,0,0
0,0,0
0,0,0
0,0,0
0,0,0
0,0,0
0,0,0
0,0,0
0,0,0
0,0,0
0,0,0
0,0,0
0,0,0
0,0,0
0,0,0
0,0,0
0,0,0
0,0,0
0,0,0
0,0,0
0,0,0
0,0,0
0,0,0
0,0,0
0,0,0
0,0,0
0,0,0
0,0,0
0,0,0
0,0,0
0,0,0
0,0,0
0,0,0
0,0,0
0,0,0
0,0,0
0,0,0
0,0,0
0,0,0
31.3808,-59.5946,5.87996
0,0,0
0,0,0
7.93483,-15.7655,1.56654
7.8052,-15.7478,1.56015
7.69838,-15.7748,1.55816
7.62819,-15.8775,1.56352
7.54511,-15.9546,1.56646
28.648,-61.5549,5.92708
28.371,-61.9505,5.94818
27.917,-61.9609,5.9327
0,0,0
0,0,0
0,0,0
0,0,0
0,0,0
0,0,0
0,0,0
0,0,0
0,0,0
0,0,0
0,0,0
0,0,0
0,0,0
0,0,0
0,0,0
0,0,0
0,0,0
0,0,0
0,0,0
0,0,0
0,0,0
0,0,0
0,0,0
0,0,0
0,0,0
0,0,0
0,0,0
0,0,0
0,0,0
0,0,0
0,0,0
0,0,0
0,0,0
0,0,0
0,0,0
0,0,0
0,0,0
0,0,0
0,0,0
0,0,0
0,0,0
0,0,0
0,0,0
0,0,0
0,0,0
0,0,0
0,0,0
0,0,0
0,0,0
0,0,0
0,0,0
0,0,0
0,0,0
0,0,0
0,0,0
0,0,0
0,0,0
0,0,0
0,0,0
0,0,0
0,0,0
0,0,0
0,0,0
0,0,0
0,0,0
0,0,0
0,0,0
0,0,0
0,0,0
0,0,0
0,0,0
0,0,0
0,0,0
0,0,0
0,0,0
0,0,0
0,0,0
0,0,0
0,0,0
0,0,0
0,0,0
0,0,0
0,0,0
0,0,0
0,0,0
0,0,0
0,0,0
0,0,0
0,0,0
0,0,0
0,0,0
0,0,0
0,0,0
0,0,0
0,0,0
0,0,0
0,0,0
0,0,0
0,0,0
0,0,0
0,0,0
0,0,0
0,0,0
0,0,0
0,0,0
0,0,0
0,0,0
0,0,0
0,0,0
0,0,0
0,0,0
0,0,0
0,0,0
0,0,0
0,0,0
0,0,0
0,0,0
0,0,0
0,0,0
0,0,0
0,0,0
0,0,0
0,0,0
0,0,0
0,0,0
0,0,0
0,0,0
0,0,0
0,0,0
0,0,0
0,0,0
0,0,0
0,0,0
0,0,0
0,0,0
0,0,0
0,0,0
0,0,0
0,0,0
0,0,0
0,0,0
0,0,0
0,0,0
0,0,0
0,0,0
0,0,0
0,0,0
0,0,0
0,0,0
0,0,0
0,0,0
0,0,0
0,0,0
0,0,0
0,0,0
0,0,0
0,0,0
0,0,0
0,0,0
0,0,0
0,0,0
0,0,0
0,0,0
0,0,0
0,0,0
0,0,0
0,0,0
0,0,0
0,0,0
0,0,0
0,0,0
0,0,0
0,0,0
0,0,0
0,0,0
0,0,0
0,0,0
0,0,0
0,0,0
0,0,0
0,0,0
0,0,0
0,0,0
0,0,0
0,0,0
0,0,0
0,0,0
0,0,0
0,0,0
0,0,0
0,0,0
0,0,0
0,0,0
0,0,0
0,0,0
0,0,0
0,0,0
0,0,0
0,0,0
0,0,0
0,0,0
0,0,0
0,0,0
0,0,0
0,0,0
0,0,0
0,0,0
0,0,0
0,0,0
0,0,0
0,0,0
0,0,0
0,0,0
0,0,0
0,0,0
0,0,0
0,0,0
0,0,0
0,0,0
0,0,0
0,0,0
0,0,0
0,0,0
0,0,0
0,0,0
0,0,0
0,0,0
0,0,0
0,0,0
0,0,0
0,0,0
0,0,0
0,0,0
0,0,0
0,0,0
0,0,0
0,0,0
0,0,0
0,0,0
0,0,0
0,0,0
0,0,0
0,0,0
0,0,0
0,0,0
0,0,0
0,0,0
0,0,0
0,0,0
0,0,0
0,0,0
0,0,0
0,0,0
0,0,0
0,0,0
0,0,0
0,0,0
0,0,0
0,0,0
0,0,0
0,0,0
0,0,0
0,0,0
0,0,0
0,0,0
0,0,0
0,0,0
0,0,0
0,0,0
0,0,0
0,0,0
0,0,0
0,0,0
0,0,0
0,0,0
0,0,0
0,0,0
0,0,0
0,0,0
0,0,0
0,0,0
0,0,0
0,0,0
0,0,0
0,0,0
0,0,0
0,0,0
0,0,0
0,0,0
0,0,0
0,0,0
0,0,0
0,0,0
0,0,0
0,0,0
0,0,0
0,0,0
0,0,0
0,0,0
0,0,0
0,0,0
0,0,0
0,0,0
0,0,0
0,0,0
0,0,0
0,0,0
0,0,0
0,0,0
0,0,0
0,0,0
0,0,0
0,0,0
0,0,0
0,0,0
0,0,0
0,0,0
0,0,0
0,0,0
0,0,0
0,0,0
0,0,0
0,0,0
0,0,0
0,0,0
0,0,0
0,0,0
0,0,0
0,0,0
0,0,0
0,0,0
0,0,0
0,0,0
0,0,0
0,0,0
0,0,0
0,0,0
0,0,0
0,0,0
0,0,0
0,0,0
0,0,0
0,0,0
0,0,0
0,0,0
0,0,0
0,0,0
0,0,0
0,0,0
0,0,0
0,0,0
0,0,0
0,0,0
0,0,0
0,0,0
0,0,0
0,0,0
0,0,0
0,0,0
0,0,0
0,0,0
0,0,0
0,0,0
0,0,0
0,0,0
0,0,0
0,0,0
0,0,0
0,0,0
0,0,0
0,0,0
0,0,0
0,0,0
0,0,0
0,0,0
0,0,0
0,0,0
0,0,0
0,0,0
0,0,0
0,0,0
0,0,0
0,0,0
0,0,0
0,0,0
0,0,0
0,0,0
0,0,0
0,0,0
0,0,0
0,0,0
0,0,0
0,0,0
0,0,0
0,0,0
0,0,0
0,0,0
0,0,0
0,0,0
0,0,0
0,0,0
0,0,0
0,0,0
0,0,0
0,0,0
0,0,0
0,0,0
0,0,0
0,0,0
0,0,0
0,0,0
0,0,0
0,0,0
0,0,0
0,0,0
0,0,0
0,0,0
0,0,0
0,0,0
0,0,0
0,0,0
0,0,0
0,0,0
0,0,0
0,0,0
0,0,0
0,0,0
0,0,0
0,0,0
0,0,0
0,0,0
0,0,0
0,0,0
0,0,0
0,0,0
0,0,0
0,0,0
0,0,0
0,0,0
0,0,0
0,0,0
0,0,0
0,0,0
0,0,0
0,0,0
0,0,0
0,0,0
0,0,0
0,0,0
0,0,0
0,0,0
0,0,0
0,0,0
0,0,0
0,0,0
0,0,0
0,0,0
0,0,0
0,0,0
0,0,0
0,0,0
0,0,0
0,0,0
0,0,0
0,0,0
0,0,0
0,0,0
0,0,0
0,0,0
0,0,0
0,0,0
0,0,0
0,0,0
0,0,0
0,0,0
0,0,0
0,0,0
0,0,0
0,0,0
0,0,0
0,0,0
0,0,0
0,0,0
0,0,0
0,0,0
0,0,0
0,0,0
0,0,0
0,0,0
0,0,0
0,0,0
0,0,0
0,0,0
0,0,0
0,0,0
0,0,0
0,0,0
0,0,0
0,0,0
0,0,0
0,0,0
0,0,0
0,0,0
0,0,0
0,0,0
0,0,0
0,0,0
0,0,0
0,0,0
0,0,0
0,0,0
0,0,0
0,0,0
0,0,0
0,0,0
0,0,0
0,0,0
0,0,0
0,0,0
0,0,0
0,0,0
0,0,0
0,0,0
0,0,0
0,0,0
0,0,0
0,0,0
0,0,0
0,0,0
0,0,0
0,0,0
0,0,0
0,0,0
0,0,0
0,0,0
0,0,0
0,0,0
0,0,0
0,0,0
0,0,0
0,0,0
0,0,0
0,0,0
0,0,0
0,0,0
0,0,0
0,0,0
0,0,0
0,0,0
0,0,0
0,0,0
0,0,0
0,0,0
0,0,0
0,0,0
0,0,0
0,0,0
0,0,0
0,0,0
0,0,0
0,0,0
0,0,0
0,0,0
0,0,0
0,0,0
0,0,0
0,0,0
0,0,0
0,0,0
0,0,0
0,0,0
0,0,0
0,0,0
0,0,0
0,0,0
0,0,0
0,0,0
0,0,0
0,0,0
0,0,0
0,0,0
0,0,0
0,0,0
0,0,0
0,0,0
0,0,0
0,0,0
0,0,0
0,0,0
0,0,0
0,0,0
0,0,0
0,0,0
0,0,0
0,0,0
0,0,0
0,0,0
0,0,0
0,0,0
0,0,0
0,0,0
0,0,0
0,0,0
0,0,0
0,0,0
0,0,0
0,0,0
0,0,0
0,0,0
0,0,0
0,0,0
0,0,0
0,0,0
0,0,0
0,0,0
0,0,0
0,0,0
0,0,0
0,0,0
0,0,0
0,0,0
0,0,0
0,0,0
0,0,0
0,0,0
0,0,0
0,0,0
0,0,0
0,0,0
0,0,0
0,0,0
0,0,0
0,0,0
0,0,0
0,0,0
0,0,0
0,0,0
0,0,0
0,0,0
0,0,0
0,0,0
0,0,0
0,0,0
0,0,0
0,0,0
0,0,0
0,0,0
0,0,0
0,0,0
0,0,0
0,0,0
0,0,0
10.86,30.367,2.42598
0,0,0
11.2079,30.1669,2.42088
11.4058,30.1321,2.42361
11.6752,30.2812,2.44106
11.8487,30.1783,2.43862
12.0344,30.1069,2.43877
12.2133,30.0186,2.43766
11.8868,28.7103,2.33873
11.9459,28.3592,2.31641
12.1668,28.3954,2.32528
12.3061,28.2407,2.31885
12.3758,27.9312,2.29992
12.7697,28.3494,2.34014
0,0,0
13.168,28.3009,2.34916
13.346,28.2295,2.34997
13.8761,28.8905,2.41112
14.0159,28.7286,2.40483
14.0803,28.4169,2.3862
14.2943,28.4092,2.39278
14.1753,27.7473,2.34502
14.3678,27.7032,2.34864
14.5291,27.5986,2.34731
14.5854,27.2978,2.32957
14.5388,26.8133,2.2963
14.8126,26.9228,2.31315
14.9202,26.7287,2.30443
14.8416,26.2088,2.26798
15.3081,26.6499,2.31352
16.1465,27.7145,2.41296
16.3285,27.6355,2.41474
16.4895,27.5211,2.41356
0,0,0
25.5871,41.5413,3.65211
25.8848,41.4529,3.65817
0,0,0
26.3485,41.0649,3.65225
26.5086,40.762,3.63983
26.7434,40.5761,3.63784
18.8276,28.1874,2.54804
18.932,27.9705,2.53902
19.1749,27.9583,2.54841
19.3842,27.895,2.55337
19.5831,27.8155,2.55699
19.7465,27.6851,2.5561
19.1702,26.5311,2.46169
19.3049,26.3752,2.45821
19.4616,26.2498,2.45762
19.7038,26.2383,2.46768
19.2589,25.3208,2.39352
19.4717,25.2772,2.40054
19.6203,25.1494,2.3998
19.8942,25.1803,2.41415
19.6402,24.5477,2.36572
20.3034,25.0598,2.42613
20.6959,25.2262,2.45407
20.6833,24.8978,2.4347
20.8119,24.7422,2.43197
21.2388,24.9374,2.46346
21.0287,24.386,2.42228
21.113,24.1821,2.41496
0,0,0
21.5352,24.0631,2.42908
0,0,0
0,0,0
0,0,0
0,0,0
0,0,0
0,0,0
0,0,0
0,0,0
0,0,0
0,0,0
26.9876,26.342,2.83092
26.0719,25.1376,2.72001
26.2632,25.0129,2.72386
26.3828,24.8198,2.72046
26.5434,24.6656,2.72135
26.8764,24.6695,2.73968
27.1883,24.6502,2.7558
28.2149,25.2673,2.84297
27.1325,23.9995,2.72053
27.4842,24.0117,2.74072
28.0591,24.2121,2.78264
28.1829,24.0187,2.78027
28.274,23.7985,2.77487
28.0997,23.3587,2.74404
28.2495,23.1915,2.74471
7.21805,5.8508,0.723859
7.10901,5.69046,0.710107
29.5446,23.3579,2.82722
29.8297,23.2872,2.8406
29.863,23.0197,2.8304
29.6283,22.5504,2.79543
0,0,0
0,0,0
0,0,0
35.5177,25.6814,3.28443
35.6422,25.4398,3.28147
48.5316,34.1926,4.43633
0,0,0
0,0,0
0,0,0
35.1232,23.4771,3.1671
35.2033,23.2194,3.16148
35.2064,22.9127,3.1492
34.9443,22.4381,3.11379
34.9466,22.1379,3.10196
34.6318,21.6419,3.06263
34.6324,21.3479,3.05117
35.2323,21.4204,3.0919
36.108,21.6506,3.1563
35.0907,20.7489,3.0573
35.1846,20.5141,3.05449
35.2087,20.2397,3.04584
35.4745,20.1039,3.05797
36.0377,20.132,3.09538
36.261,19.9658,3.10388
36.3557,19.7282,3.10159
0,0,0
0,0,0
0,0,0
0,0,0
0,0,0
0,0,0
0,0,0
0,0,0
0,0,0
0,0,0
0,0,0
0,0,0
0,0,0
0,0,0
0,0,0
0,0,0
0,0,0
0,0,0
0,0,0
0,0,0
0,0,0
69.8534,26.4686,5.57307
0,0,0
0,0,0
0,0,0
0,0,0
0,0,0
0,0,0
0,0,0
0,0,0
0,0,0
0,0,0
0,0,0
0,0,0
0,0,0
0,0,0
0,0,0
0,0,0
0,0,0
0,0,0
0,0,0
0,0,0
0,0,0
0,0,0
0,0,0
0,0,0
0,0,0
0,0,0
0,0,0
0,0,0
0,0,0
0,0,0
0,0,0
0,0,0
0,0,0
0,0,0
0,0,0
0,0,0
0,0,0
0,0,0
0,0,0
0,0,0
0,0,0
0,0,0
0,0,0
0,0,0
0,0,0
0,0,0
0,0,0
0,0,0
0,0,0
0,0,0
0,0,0
0,0,0
0,0,0
0,0,0
0,0,0
0,0,0
0,0,0
0,0,0
0,0,0
0,0,0
0,0,0
0,0,0
0,0,0
0,0,0
0,0,0
0,0,0
0,0,0
0,0,0
0,0,0
0,0,0
0,0,0
0,0,0
0,0,0
0,0,0
0,0,0
0,0,0
0,0,0
0,0,0
0,0,0
0,0,0
0,0,0
0,0,0
0,0,0
0,0,0
0,0,0
0,0,0
0,0,0
0,0,0
0,0,0
0,0,0
0,0,0
0,0,0
0,0,0
0,0,0
0,0,0
0,0,0
0,0,0
0,0,0
0,0,0
0,0,0
0,0,0
0,0,0
0,0,0
0,0,0
0,0,0
0,0,0
0,0,0
0,0,0
0,0,0
0,0,0
0,0,0
0,0,0
0,0,0
0,0,0
0,0,0
0,0,0
0,0,0
0,0,0
0,0,0
0,0,0
0,0,0
0,0,0
0,0,0
0,0,0
0,0,0
0,0,0
0,0,0
0,0,0
0,0,0
0,0,0
0,0,0
0,0,0
0,0,0
0,0,0
0,0,0
0,0,0
0,0,0
0,0,0
0,0,0
0,0,0
0,0,0
0,0,0
0,0,0
0,0,0
0,0,0
0,0,0
0,0,0
0,0,0
0,0,0
0,0,0
0,0,0
0,0,0
0,0,0
0,0,0
0,0,0
0,0,0
0,0,0
0,0,0
0,0,0
0,0,0
0,0,0
0,0,0
0,0,0
0,0,0
0,0,0
0,0,0
0,0,0
0,0,0
0,0,0
0,0,0
0,0,0
0,0,0
0,0,0
0,0,0
0,0,0
0,0,0
0,0,0
0,0,0
0,0,0
0,0,0
0,0,0
0,0,0
0,0,0
0,0,0
0,0,0
0,0,0
0,0,0
46.1097,-46.6624,4.89849
45.8629,-46.9858,4.90278
45.5904,-47.2836,4.90456
0,0,0
0,0,0
0,0,0
0,0,0
0,0,0
0,0,0
0,0,0
0,0,0
0,0,0
0,0,0
0,0,0
0,0,0
0,0,0
0,0,0
0,0,0
0,0,0
0,0,0
0,0,0
0,0,0
0,0,0
0,0,0
0,0,0
0,0,0
0,0,0
0,0,0
0,0,0
0,0,0
0,0,0
0,0,0
0,0,0
0,0,0
0,0,0
0,0,0
0,0,0
0,0,0
0,0,0
0,0,0
0,0,0
0,0,0
0,0,0
0,0,0
0,0,0
0,0,0
0,0,0
0,0,0
0,0,0
0,0,0
0,0,0
7.94467,-15.7782,1.34469
7.80828,-15.7472,1.33811
7.71194,-15.7957,1.33818
7.61358,-15.84,1.33796
7.54653,-15.9504,1.34321
0,0,0
0,0,0
0,0,0
0,0,0
0,0,0
0,0,0
0,0,0
0,0,0
0,0,0
0,0,0
0,0,0
0,0,0
0,0,0
0,0,0
0,0,0
0,0,0
0,0,0
0,0,0
0,0,0
0,0,0
0,0,0
0,0,0
0,0,0
0,0,0
0,0,0
0,0,0
0,0,0
0,0,0
0,0,0
0,0,0
0,0,0
0,0,0
0,0,0
0,0,0
0,0,0
0,0,0
0,0,0
0,0,0
0,0,0
0,0,0
0,0,0
0,0,0
0,0,0
0,0,0
0,0,0
0,0,0
0,0,0
0,0,0
0,0,0
0,0,0
0,0,0
0,0,0
0,0,0
0,0,0
0,0,0
0,0,0
0,0,0
0,0,0
0,0,0
0,0,0
0,0,0
0,0,0
0,0,0
0,0,0
0,0,0
0,0,0
0,0,0
0,0,0
0,0,0
0,0,0
0,0,0
0,0,0
0,0,0
0,0,0
0,0,0
0,0,0
0,0,0
0,0,0
0,0,0
0,0,0
0,0,0
0,0,0
0,0,0
0,0,0
0,0,0
0,0,0
0,0,0
0,0,0
0,0,0
0,0,0
0,0,0
0,0,0
0,0,0
0,0,0
0,0,0
0,0,0
0,0,0
0,0,0
0,0,0
0,0,0
0,0,0
0,0,0
0,0,0
0,0,0
0,0,0
0,0,0
0,0,0
0,0,0
0,0,0
0,0,0
0,0,0
0,0,0
0,0,0
0,0,0
0,0,0
0,0,0
0,0,0
0,0,0
0,0,0
0,0,0
0,0,0
0,0,0
0,0,0
0,0,0
0,0,0
0,0,0
0,0,0
0,0,0
0,0,0
0,0,0
0,0,0
0,0,0
0,0,0
0,0,0
0,0,0
0,0,0
0,0,0
0,0,0
0,0,0
0,0,0
0,0,0
0,0,0
0,0,0
0,0,0
0,0,0
0,0,0
0,0,0
0,0,0
0,0,0
0,0,0
0,0,0
0,0,0
0,0,0
0,0,0
0,0,0
0,0,0
0,0,0
0,0,0
0,0,0
0,0,0
0,0,0
0,0,0
0,0,0
0,0,0
0,0,0
0,0,0
0,0,0
0,0,0
0,0,0
0,0,0
0,0,0
0,0,0
0,0,0
0,0,0
0,0,0
0,0,0
0,0,0
0,0,0
0,0,0
0,0,0
0,0,0
0,0,0
0,0,0
0,0,0
0,0,0
0,0,0
0,0,0
0,0,0
0,0,0
0,0,0
0,0,0
0,0,0
0,0,0
0,0,0
0,0,0
0,0,0
0,0,0
0,0,0
0,0,0
0,0,0
0,0,0
0,0,0
0,0,0
0,0,0
0,0,0
0,0,0
0,0,0
0,0,0
0,0,0
0,0,0
0,0,0
0,0,0
0,0,0
0,0,0
0,0,0
0,0,0
0,0,0
0,0,0
0,0,0
0,0,0
0,0,0
0,0,0
0,0,0
0,0,0
0,0,0
0,0,0
0,0,0
0,0,0
0,0,0
0,0,0
0,0,0
0,0,0
0,0,0
0,0,0
0,0,0
0,0,0
0,0,0
0,0,0
0,0,0
0,0,0
0,0,0
0,0,0
0,0,0
0,0,0
0,0,0
0,0,0
0,0,0
0,0,0
0,0,0
0,0,0
0,0,0
0,0,0
0,0,0
0,0,0
0,0,0
0,0,0
0,0,0
0,0,0
0,0,0
0,0,0
0,0,0
0,0,0
0,0,0
0,0,0
0,0,0
0,0,0
0,0,0
0,0,0
0,0,0
0,0,0
0,0,0
0,0,0
0,0,0
0,0,0
0,0,0
0,0,0
0,0,0
0,0,0
0,0,0
0,0,0
0,0,0
0,0,0
0,0,0
0,0,0
0,0,0
0,0,0
0,0,0
0,0,0
0,0,0
0,0,0
0,0,0
0,0,0
0,0,0
0,0,0
0,0,0
0,0,0
0,0,0
0,0,0
0,0,0
0,0,0
0,0,0
0,0,0
0,0,0
0,0,0
0,0,0
0,0,0
0,0,0
0,0,0
0,0,0
0,0,0
0,0,0
0,0,0
0,0,0
0,0,0
0,0,0
0,0,0
0,0,0
0,0,0
0,0,0
0,0,0
0,0,0
0,0,0
0,0,0
0,0,0
0,0,0
0,0,0
0,0,0
0,0,0
0,0,0
0,0,0
0,0,0
0,0,0
0,0,0
0,0,0
0,0,0
0,0,0
0,0,0
0,0,0
0,0,0
0,0,0
0,0,0
0,0,0
0,0,0
0,0,0
0,0,0
0,0,0
0,0,0
0,0,0
0,0,0
0,0,0
0,0,0
0,0,0
0,0,0
0,0,0
0,0,0
0,0,0
0,0,0
0,0,0
0,0,0
0,0,0
0,0,0
0,0,0
0,0,0
0,0,0
0,0,0
0,0,0
0,0,0
0,0,0
0,0,0
0,0,0
0,0,0
0,0,0
0,0,0
0,0,0
0,0,0
0,0,0
0,0,0
0,0,0
0,0,0
0,0,0
0,0,0
0,0,0
0,0,0
0,0,0
0,0,0
0,0,0
0,0,0
0,0,0
0,0,0
0,0,0
0,0,0
0,0,0
0,0,0
0,0,0
0,0,0
0,0,0
0,0,0
0,0,0
0,0,0
0,0,0
0,0,0
0,0,0
0,0,0
0,0,0
0,0,0
0,0,0
0,0,0
0,0,0
0,0,0
0,0,0
0,0,0
0,0,0
0,0,0
0,0,0
0,0,0
0,0,0
0,0,0
0,0,0
0,0,0
0,0,0
0,0,0
0,0,0
0,0,0
0,0,0
0,0,0
0,0,0
0,0,0
0,0,0
0,0,0
0,0,0
0,0,0
0,0,0
0,0,0
0,0,0
0,0,0
0,0,0
0,0,0
0,0,0
0,0,0
0,0,0
0,0,0
0,0,0
0,0,0
0,0,0
0,0,0
0,0,0
0,0,0
0,0,0
0,0,0
0,0,0
0,0,0
0,0,0
0,0,0
0,0,0
0,0,0
0,0,0
0,0,0
0,0,0
0,0,0
0,0,0
0,0,0
0,0,0
0,0,0
0,0,0
0,0,0
0,0,0
0,0,0
0,0,0
0,0,0
0,0,0
0,0,0
0,0,0
0,0,0
0,0,0
0,0,0
0,0,0
0,0,0
0,0,0
0,0,0
0,0,0
0,0,0
0,0,0
0,0,0
0,0,0
0,0,0
0,0,0
0,0,0
0,0,0
0,0,0
0,0,0
0,0,0
0,0,0
0,0,0
0,0,0
0,0,0
0,0,0
0,0,0
0,0,0
0,0,0
0,0,0
0,0,0
0,0,0
0,0,0
0,0,0
0,0,0
0,0,0
0,0,0
0,0,0
0,0,0
0,0,0
0,0,0
0,0,0
0,0,0
0,0,0
0,0,0
0,0,0
0,0,0
0,0,0
0,0,0
0,0,0
0,0,0
0,0,0
0,0,0
0,0,0
0,0,0
0,0,0
0,0,0
0,0,0
0,0,0
0,0,0
0,0,0
0,0,0
0,0,0
0,0,0
0,0,0
0,0,0
0,0,0
0,0,0
0,0,0
0,0,0
0,0,0
0,0,0
0,0,0
0,0,0
0,0,0
0,0,0
0,0,0
0,0,0
0,0,0
0,0,0
0,0,0
0,0,0
0,0,0
0,0,0
0,0,0
0,0,0
0,0,0
0,0,0
0,0,0
0,0,0
0,0,0
0,0,0
0,0,0
0,0,0
0,0,0
0,0,0
0,0,0
0,0,0
0,0,0
0,0,0
0,0,0
0,0,0
0,0,0
0,0,0
0,0,0
0,0,0
0,0,0
0,0,0
0,0,0
0,0,0
0,0,0
0,0,0
0,0,0
0,0,0
0,0,0
0,0,0
0,0,0
0,0,0
0,0,0
0,0,0
0,0,0
0,0,0
0,0,0
0,0,0
0,0,0
0,0,0
0,0,0
0,0,0
0,0,0
0,0,0
0,0,0
0,0,0
0,0,0
0,0,0
0,0,0
0,0,0
0,0,0
0,0,0
0,0,0
0,0,0
0,0,0
0,0,0
0,0,0
0,0,0
0,0,0
0,0,0
0,0,0
0,0,0
0,0,0
0,0,0
0,0,0
0,0,0
0,0,0
0,0,0
0,0,0
0,0,0
0,0,0
0,0,0
12.0935,30.7823,2.09857
12.1528,30.3842,2.07684
12.17,29.894,2.04888
12.6553,30.5481,2.09813
0,0,0
13.3329,31.0986,2.1462
12.3527,28.3311,1.96345
12.5255,28.2529,1.96332
12.6555,28.08,1.95678
12.9681,28.3085,1.97783
13.2885,28.5442,1.99956
13.4528,28.4396,1.99801
13.6728,28.4518,2.00461
13.8708,28.4158,2.00797
14.4824,29.2128,2.06943
14.9451,29.6868,2.10878
14.4428,28.2561,2.01501
14.2505,27.4627,1.9655
15.3801,29.2,2.09421
14.553,27.2233,1.96108
14.6155,26.9413,1.94744
15.76,28.6304,2.07416
14.9188,26.7129,1.94408
15.0652,26.5905,1.9419
15.1649,26.3876,1.93399
15.221,26.113,1.92092
15.3672,25.9959,1.91924
16.4285,27.406,2.0287
25.2543,41.5484,3.06864
25.7632,41.8056,3.0989
0,0,0
25.8497,40.816,3.0494
26.3078,40.9808,3.07344
18.3156,28.1497,2.13045
18.4857,28.0335,2.1302
18.6818,27.956,2.13294
27.6716,40.8633,3.11416
19.2448,28.0473,2.15735
19.3328,27.8082,2.1482
19.3577,27.4826,2.13244
19.5166,27.3503,2.13145
19.6987,27.2503,2.133
20.3986,27.8568,2.18929
20.4865,27.6197,2.18064
19.908,26.4985,2.10299
20.2086,26.5577,2.11725
19.7613,25.6419,2.05492
19.7623,25.3203,2.0391
20.3041,25.6879,2.07802
20.9591,26.1847,2.12771
21.0917,26.0214,2.12497
21.1446,25.7619,2.11451
21.1855,25.4912,2.10311
21.9482,26.0816,2.1619
20.9582,24.5973,2.05131
21.5286,24.9549,2.09141
22.8205,26.1265,2.19944
22.9645,25.968,2.19795
0,0,0
0,0,0
0,0,0
0,0,0
0,0,0
0,0,0
0,0,0
0,0,0
0,0,0
0,0,0
0,0,0
27.9987,27.3168,2.47566
28.1356,27.1154,2.47305
28.2878,26.9292,2.47186
28.3841,26.6908,2.46601
0,0,0
28.0837,25.7663,2.41302
27.0846,24.5453,2.31563
27.3722,24.5018,2.32715
27.0061,23.8772,2.28419
27.7979,24.275,2.33768
28.0922,24.2298,2.3497
28.507,24.2841,2.37155
7.16885,6.03176,0.619705
7.19575,5.97937,0.618895
7.23924,5.9408,0.619456
7.05767,5.7197,0.601959
7.07938,5.66569,0.6009
7.13437,5.63823,0.602519
7.36083,5.74416,0.617712
7.46788,5.75432,0.623379
30.3901,23.1196,2.41751
0,0,0
47.6112,35.3065,3.73323
0,0,0
0,0,0
0,0,0
35.5961,25.0666,2.75139
35.7361,24.8386,2.75039
0,0,0
35.7862,24.2275,2.7314
34.8652,23.2934,2.6512
35.095,23.1367,2.65773
35.3635,23.0036,2.6672
36.3246,23.3129,2.72804
35.4804,22.4649,2.65518
35.0038,21.8635,2.61004
33.7182,20.774,2.50605
34.3475,20.872,2.54273
34.5185,20.687,2.5459
35.0014,20.6855,2.57174
35.1294,20.4714,2.57187
34.9636,20.0884,2.55095
34.8474,19.7382,2.53382
36.8579,20.5793,2.66888
36.7203,20.208,2.65014
36.834,19.977,2.64945
36.771,19.6519,2.63638
0,0,0
0,0,0
0,0,0
0,0,0
60.0483,29.7609,4.21643
0,0,0
0,0,0
0,0,0
0,0,0
0,0,0
0,0,0
0,0,0
0,0,0
0,0,0
0,0,0
0,0,0
0,0,0
0,0,0
69.1098,27.1421,4.66749
69.8897,26.9546,4.70859
69.84,26.4443,4.69433
70.4182,26.1703,4.7221
70.0102,25.5309,4.68443
0,0,0
0,0,0
0,0,0
0,0,0
0,0,0
0,0,0
0,0,0
0,0,0
0,0,0
0,0,0
0,0,0
0,0,0
0,0,0
37.4941,10.1265,2.45823
37.5507,9.895,2.45792
37.457,9.62491,2.44802
0,0,0
0,0,0
0,0,0
0,0,0
0,0,0
0,0,0
0,0,0
0,0,0
0,0,0
0,0,0
0,0,0
0,0,0
0,0,0
0,0,0
0,0,0
0,0,0
0,0,0
0,0,0
0,0,0
0,0,0
0,0,0
0,0,0
0,0,0
0,0,0
0,0,0
0,0,0
0,0,0
0,0,0
0,0,0
0,0,0
0,0,0
0,0,0
0,0,0
0,0,0
0,0,0
0,0,0
0,0,0
0,0,0
0,0,0
0,0,0
0,0,0
0,0,0
0,0,0
0,0,0
0,0,0
0,0,0
0,0,0
24.1387,-1.03862,1.54258
0,0,0
0,0,0
0,0,0
0,0,0
0,0,0
0,0,0
0,0,0
0,0,0
0,0,0
0,0,0
0,0,0
0,0,0
0,0,0
0,0,0
0,0,0
0,0,0
0,0,0
0,0,0
0,0,0
0,0,0
0,0,0
0,0,0
0,0,0
0,0,0
0,0,0
0,0,0
0,0,0
0,0,0
0,0,0
0,0,0
0,0,0
0,0,0
0,0,0
0,0,0
0,0,0
0,0,0
0,0,0
0,0,0
0,0,0
0,0,0
0,0,0
0,0,0
0,0,0
0,0,0
0,0,0
0,0,0
0,0,0
0,0,0
0,0,0
0,0,0
0,0,0
0,0,0
0,0,0
0,0,0
0,0,0
0,0,0
0,0,0
0,0,0
0,0,0
0,0,0
62.2101,-27.5803,4.28075
62.0005,-27.9438,4.27807
0,0,0
0,0,0
0,0,0
0,0,0
0,0,0
0,0,0
0,0,0
0,0,0
0,0,0
0,0,0
0,0,0
0,0,0
0,0,0
0,0,0
60.1381,-34.0725,4.3475
59.9382,-34.4469,4.34825
0,0,0
0,0,0
0,0,0
0,0,0
0,0,0
0,0,0
0,0,0
0,0,0
0,0,0
0,0,0
0,0,0
0,0,0
0,0,0
0,0,0
0,0,0
0,0,0
0,0,0
0,0,0
0,0,0
0,0,0
0,0,0
0,0,0
0,0,0
0,0,0
0,0,0
0,0,0
0,0,0
0,0,0
0,0,0
0,0,0
0,0,0
0,0,0
0,0,0
0,0,0
0,0,0
0,0,0
0,0,0
0,0,0
0,0,0
0,0,0
0,0,0
0,0,0
0,0,0
45.9734,-46.5466,4.11686
45.8717,-47.0172,4.13336
54.2056,-56.2457,4.90866
0,0,0
0,0,0
0,0,0
0,0,0
0,0,0
0,0,0
0,0,0
0,0,0
0,0,0
0,0,0
0,0,0
0,0,0
0,0,0
0,0,0
0,0,0
0,0,0
0,0,0
0,0,0
0,0,0
0,0,0
0,0,0
0,0,0
0,0,0
0,0,0
0,0,0
0,0,0
0,0,0
0,0,0
0,0,0
0,0,0
0,0,0
0,0,0
0,0,0
0,0,0
0,0,0
0,0,0
0,0,0
0,0,0
0,0,0
0,0,0
0,0,0
0,0,0
0,0,0
0,0,0
0,0,0
0,0,0
0,0,0
0,0,0
7.9447,-15.7851,1.13771
7.81312,-15.7638,1.13286
7.70049,-15.7792,1.13061
7.61995,-15.8603,1.13298
7.57284,-16.0132,1.14033
7.53087,-16.1806,1.14867
0,0,0
0,0,0
0,0,0
0,0,0
0,0,0
0,0,0
0,0,0
0,0,0
0,0,0
0,0,0
0,0,0
0,0,0
0,0,0
0,0,0
0,0,0
0,0,0
0,0,0
0,0,0
0,0,0
0,0,0
0,0,0
0,0,0
0,0,0
0,0,0
0,0,0
0,0,0
0,0,0
0,0,0
0,0,0
0,0,0
0,0,0
0,0,0
0,0,0
0,0,0
0,0,0
0,0,0
0,0,0
0,0,0
0,0,0
0,0,0
0,0,0
0,0,0
0,0,0
0,0,0
0,0,0
0,0,0
0,0,0
0,0,0
0,0,0
0,0,0
0,0,0
0,0,0
0,0,0
0,0,0
0,0,0
0,0,0
0,0,0
0,0,0
0,0,0
0,0,0
0,0,0
0,0,0
0,0,0
0,0,0
0,0,0
0,0,0
0,0,0
0,0,0
0,0,0
0,0,0
0,0,0
0,0,0
0,0,0
0,0,0
0,0,0
0,0,0
0,0,0
0,0,0
0,0,0
0,0,0
0,0,0
0,0,0
0,0,0
0,0,0
0,0,0
0,0,0
0,0,0
0,0,0
0,0,0
0,0,0
0,0,0
0,0,0
0,0,0
0,0,0
0,0,0
0,0,0
0,0,0
0,0,0
0,0,0
0,0,0
0,0,0
0,0,0
0,0,0
0,0,0
0,0,0
0,0,0
0,0,0
0,0,0
0,0,0
0,0,0
0,0,0
0,0,0
0,0,0
0,0,0
0,0,0
0,0,0
0,0,0
0,0,0
0,0,0
0,0,0
0,0,0
0,0,0
0,0,0
0,0,0
0,0,0
0,0,0
0,0,0
0,0,0
0,0,0
0,0,0
0,0,0
0,0,0
0,0,0
0,0,0
0,0,0
0,0,0
0,0,0
0,0,0
0,0,0
0,0,0
0,0,0
0,0,0
0,0,0
0,0,0
0,0,0
0,0,0
0,0,0
0,0,0
0,0,0
0,0,0
0,0,0
0,0,0
0,0,0
0,0,0
0,0,0
0,0,0
0,0,0
0,0,0
0,0,0
0,0,0
0,0,0
0,0,0
0,0,0
0,0,0
0,0,0
0,0,0
0,0,0
0,0,0
0,0,0
0,0,0
0,0,0
0,0,0
0,0,0
0,0,0
0,0,0
0,0,0
0,0,0
0,0,0
0,0,0
0,0,0
0,0,0
0,0,0
0,0,0
0,0,0
0,0,0
0,0,0
0,0,0
0,0,0
0,0,0
0,0,0
0,0,0
0,0,0
0,0,0
0,0,0
0,0,0
0,0,0
0,0,0
0,0,0
0,0,0
0,0,0
0,0,0
0,0,0
0,0,0
0,0,0
0,0,0
0,0,0
0,0,0
0,0,0
0,0,0
0,0,0
0,0,0
0,0,0
0,0,0
0,0,0
0,0,0
0,0,0
0,0,0
0,0,0
0,0,0
0,0,0
0,0,0
0,0,0
0,0,0
0,0,0
0,0,0
0,0,0
0,0,0
0,0,0
0,0,0
0,0,0
0,0,0
0,0,0
0,0,0
0,0,0
0,0,0
0,0,0
0,0,0
0,0,0
0,0,0
0,0,0
0,0,0
0,0,0
0,0,0
0,0,0
0,0,0
0,0,0
0,0,0
0,0,0
0,0,0
0,0,0
0,0,0
0,0,0
0,0,0
0,0,0
0,0,0
0,0,0
0,0,0
0,0,0
0,0,0
0,0,0
0,0,0
0,0,0
0,0,0
0,0,0
0,0,0
0,0,0
0,0,0
0,0,0
0,0,0
0,0,0
0,0,0
0,0,0
0,0,0
0,0,0
0,0,0
0,0,0
0,0,0
0,0,0
0,0,0
0,0,0
0,0,0
0,0,0
0,0,0
0,0,0
0,0,0
0,0,0
0,0,0
0,0,0
0,0,0
0,0,0
0,0,0
0,0,0
0,0,0
0,0,0
0,0,0
0,0,0
0,0,0
0,0,0
0,0,0
0,0,0
0,0,0
0,0,0
0,0,0
0,0,0
0,0,0
0,0,0
0,0,0
0,0,0
0,0,0
0,0,0
0,0,0
0,0,0
0,0,0
0,0,0
0,0,0
0,0,0
0,0,0
0,0,0
0,0,0
0,0,0
0,0,0
0,0,0
0,0,0
0,0,0
0,0,0
0,0,0
0,0,0
0,0,0
0,0,0
0,0,0
0,0,0
0,0,0
0,0,0
0,0,0
0,0,0
0,0,0
0,0,0
0,0,0
0,0,0
0,0,0
0,0,0
0,0,0
0,0,0
0,0,0
0,0,0
0,0,0
0,0,0
0,0,0
0,0,0
0,0,0
0,0,0
0,0,0
0,0,0
0,0,0
0,0,0
0,0,0
0,0,0
0,0,0
0,0,0
0,0,0
0,0,0
0,0,0
0,0,0
0,0,0
0,0,0
0,0,0
0,0,0
0,0,0
0,0,0
0,0,0
0,0,0
0,0,0
0,0,0
0,0,0
0,0,0
0,0,0
0,0,0
0,0,0
0,0,0
0,0,0
0,0,0
0,0,0
0,0,0
0,0,0
0,0,0
0,0,0
0,0,0
0,0,0
0,0,0
0,0,0
0,0,0
0,0,0
0,0,0
0,0,0
0,0,0
0,0,0
0,0,0
0,0,0
0,0,0
0,0,0
0,0,0
0,0,0
0,0,0
0,0,0
0,0,0
0,0,0
0,0,0
0,0,0
0,0,0
0,0,0
0,0,0
0,0,0
0,0,0
0,0,0
0,0,0
0,0,0
0,0,0
0,0,0
0,0,0
0,0,0
0,0,0
0,0,0
0,0,0
0,0,0
0,0,0
0,0,0
0,0,0
0,0,0
0,0,0
0,0,0
0,0,0
0,0,0
0,0,0
0,0,0
0,0,0
0,0,0
0,0,0
0,0,0
0,0,0
0,0,0
0,0,0
0,0,0
0,0,0
0,0,0
0,0,0
0,0,0
0,0,0
0,0,0
0,0,0
0,0,0
0,0,0
0,0,0
0,0,0
0,0,0
0,0,0
0,0,0
0,0,0
0,0,0
0,0,0
0,0,0
0,0,0
0,0,0
0,0,0
0,0,0
0,0,0
0,0,0
0,0,0
0,0,0
0,0,0
0,0,0
0,0,0
0,0,0
0,0,0
0,0,0
0,0,0
0,0,0
0,0,0
0,0,0
0,0,0
0,0,0
0,0,0
0,0,0
0,0,0
0,0,0
0,0,0
0,0,0
0,0,0
0,0,0
0,0,0
0,0,0
0,0,0
0,0,0
0,0,0
0,0,0
0,0,0
0,0,0
0,0,0
0,0,0
0,0,0
0,0,0
0,0,0
0,0,0
0,0,0
0,0,0
0,0,0
0,0,0
0,0,0
0,0,0
0,0,0
0,0,0
0,0,0
0,0,0
0,0,0
0,0,0
0,0,0
0,0,0
0,0,0
0,0,0
0,0,0
0,0,0
0,0,0
0,0,0
0,0,0
0,0,0
0,0,0
0,0,0
0,0,0
0,0,0
0,0,0
0,0,0
0,0,0
0,0,0
0,0,0
0,0,0
0,0,0
0,0,0
0,0,0
0,0,0
0,0,0
0,0,0
0,0,0
0,0,0
0,0,0
0,0,0
0,0,0
0,0,0
0,0,0
0,0,0
0,0,0
0,0,0
0,0,0
0,0,0
0,0,0
0,0,0
0,0,0
0,0,0
0,0,0
0,0,0
0,0,0
0,0,0
0,0,0
0,0,0
0,0,0
0,0,0
0,0,0
0,0,0
0,0,0
0,0,0
0,0,0
0,0,0
0,0,0
0,0,0
0,0,0
0,0,0
0,0,0
0,0,0
0,0,0
0,0,0
0,0,0
0,0,0
0,0,0
0,0,0
0,0,0
0,0,0
0,0,0
0,0,0
0,0,0
0,0,0
0,0,0
0,0,0
0,0,0
0,0,0
0,0,0
0,0,0
0,0,0
0,0,0
0,0,0
0,0,0
0,0,0
0,0,0
0,0,0
0,0,0
0,0,0
0,0,0
0,0,0
0,0,0
0,0,0
0,0,0
0,0,0
0,0,0
0,0,0
0,0,0
0,0,0
0,0,0
0,0,0
0,0,0
0,0,0
0,0,0
0,0,0
0,0,0
0,0,0
0,0,0
0,0,0
0,0,0
0,0,0
0,0,0
0,0,0
0,0,0
0,0,0
0,0,0
0,0,0
0,0,0
0,0,0
0,0,0
0,0,0
0,0,0
0,0,0
0,0,0
9.14112,36.519,1.90292
0,0,0
9.55779,36.2872,1.89693
9.76934,36.1874,1.89485
9.97229,36.0584,1.89133
10.1936,35.9975,1.89138
10.4204,35.9554,1.89247
0,0,0
10.869,35.8516,1.89386
11.0959,35.8071,1.89505
0,0,0
11.5347,35.6692,1.8951
0,0,0
11.9713,35.524,1.89505
12.1871,35.4442,1.89475
12.4013,35.3603,1.8943
12.61,35.261,1.89311
12.8354,35.2083,1.89445
13.0414,35.1026,1.89306
13.2587,35.0275,1.89336
13.4715,34.9409,1.89311
12.0604,30.7176,1.67248
12.1408,30.3732,1.65806
12.3454,30.3434,1.66049
12.5172,30.233,1.65866
12.9936,30.8468,1.69587
12.986,30.3075,1.67109
12.9599,29.7411,1.64478
12.6231,28.4894,1.58122
13.9744,31.0241,1.72337
13.3288,29.1124,1.62378
13.511,29.0382,1.62422
0,0,0
13.3691,27.8349,1.56724
14.0673,28.834,1.62695
14.0622,28.3802,1.60663
14.1687,28.1596,1.5992
13.7737,26.9612,1.53732
13.9306,26.8602,1.53642
14.1063,26.7954,1.53761
14.6079,27.34,1.57314
14.6721,27.0593,1.56239
14.7965,26.8935,1.55813
14.9198,26.7281,1.55392
15.059,26.5926,1.55144
18.9029,32.9087,1.91809
19.108,32.7981,1.91843
19.3074,32.6777,1.91828
19.5039,32.5526,1.91794
19.8044,32.5987,1.9276
20.0261,32.5123,1.92968
20.2712,32.4626,1.93399
20.4989,32.3831,1.93667
20.7155,32.2853,1.93835
20.9296,32.1827,1.93984
19.3025,29.2858,1.77539
19.4091,29.058,1.7689
19.5333,28.859,1.76414
19.7897,28.8547,1.77113
19.2841,27.751,1.71182
19.4115,27.5717,1.70816
20.2461,28.3856,1.76504
20.3977,28.23,1.76315
19.1701,26.191,1.64553
19.2966,26.0271,1.6427
19.3791,25.806,1.63636
19.5885,25.7542,1.64057
19.8138,25.7213,1.64607
20.0806,25.7395,1.65489
20.2475,25.6275,1.65564
20.4262,25.5301,1.65737
20.5736,25.3934,1.65668
20.6777,25.2041,1.65266
20.832,25.0768,1.65266
21.5171,25.5806,1.69364
22.1704,26.0313,1.73164
26.1543,30.3304,2.02218
22.4008,25.6572,1.72505
22.4751,25.4258,1.71886
22.6827,25.3454,1.72272
27.1624,29.9792,2.04225
27.3634,29.8311,2.04354
27.6281,29.7512,2.04953
27.8656,29.64,2.05355
28.1199,29.5452,2.0588
28.3221,29.3944,2.06034
28.6101,29.3309,2.06802
28.7677,29.1327,2.06648
29.0716,29.0814,2.0753
29.4143,29.0653,2.08679
27.1335,26.4844,1.91635
27.2718,26.2945,1.91472
30.1563,28.7208,2.10131
26.9079,25.3139,1.86809
27.7863,25.8207,1.91709
26.4601,24.2874,1.81716
26.5746,24.0938,1.81488
26.7629,23.9669,1.8176
28.4871,25.1979,1.9221
27.4897,24.0165,1.84624
27.7023,23.9041,1.85055
27.8743,23.7557,1.85224
7.09465,5.97048,0.495392
7.01748,5.83234,0.488059
7.08942,5.81895,0.490387
7.21653,5.84957,0.496234
7.25307,5.8058,0.496284
7.29639,5.76738,0.496779
7.23953,5.65059,0.490982
7.38481,5.69144,0.497919
35.4771,27.0022,2.24713
35.6964,26.8248,2.2505
35.9181,26.6482,2.25406
36.2163,26.5264,2.26239
36.5645,26.4383,2.27378
33.8849,24.1854,2.10062
34.0318,23.9765,2.10057
34.1873,23.7735,2.10111
37.6429,25.8354,2.30029
35.7946,24.245,2.18009
34.5992,23.1269,2.09992
33.9259,22.3769,2.05152
34.0475,22.1585,2.05062
35.4216,22.7446,2.12366
35.5504,22.5204,2.12306
34.5944,21.6185,2.0591
34.9976,21.573,2.0749
35.7242,21.7195,2.10944
35.0208,20.9986,2.06108
35.3948,20.9287,2.07525
35.3578,20.6151,2.06579
35.326,20.3071,2.05677
35.4109,20.0678,2.05454
36.7619,20.5365,2.12435
36.8146,20.2706,2.12024
36.9549,20.0534,2.12118
38.7155,20.7023,2.21334
39.022,20.5593,2.22344
39.3965,20.4488,2.23737
45.2801,23.1513,2.55823
45.5667,22.9463,2.56631
0,0,0
0,0,0
0,0,0
0,0,0
0,0,0
0,0,0
0,0,0
0,0,0
0,0,0
0,0,0
0,0,0
0,0,0
0,0,0
0,0,0
0,0,0
0,0,0
0,0,0
0,0,0
0,0,0
0,0,0
0,0,0
0,0,0
0,0,0
0,0,0
0,0,0
0,0,0
0,0,0
0,0,0
0,0,0
0,0,0
0,0,0
0,0,0
37.5417,10.1483,1.96461
37.5859,9.91318,1.96372
37.4545,9.63311,1.95391
37.479,9.39461,1.95217
0,0,0
0,0,0
0,0,0
0,0,0
0,0,0
0,0,0
0,0,0
0,0,0
0,0,0
0,0,0
0,0,0
0,0,0
0,0,0
0,0,0
0,0,0
0,0,0
0,0,0
0,0,0
0,0,0
74.4023,9.19031,3.7544
74.3383,8.71965,3.74845
73.8454,8.20281,3.72125
74.5192,7.81508,3.75242
72.9734,7.20055,3.67304
0,0,0
73.6573,6.35639,3.70297
0,0,0
0,0,0
0,0,0
0,0,0
0,0,0
0,0,0
0,0,0
0,0,0
0,0,0
0,0,0
0,0,0
0,0,0
0,0,0
0,0,0
0,0,0
0,0,0
0,0,0
0,0,0
0,0,0
0,0,0
0,0,0
0,0,0
0,0,0
0,0,0
0,0,0
0,0,0
0,0,0
0,0,0
0,0,0
0,0,0
0,0,0
0,0,0
0,0,0
0,0,0
0,0,0
0,0,0
0,0,0
0,0,0
0,0,0
0,0,0
0,0,0
0,0,0
0,0,0
0,0,0
0,0,0
0,0,0
0,0,0
0,0,0
0,0,0
0,0,0
0,0,0
0,0,0
0,0,0
0,0,0
0,0,0
0,0,0
0,0,0
0,0,0
0,0,0
0,0,0
0,0,0
0,0,0
0,0,0
64.2251,-20.3338,3.37735
0,0,0
63.9186,-21.1032,3.37462
0,0,0
0,0,0
0,0,0
0,0,0
0,0,0
0,0,0
0,0,0
0,0,0
0,0,0
0,0,0
0,0,0
0,0,0
0,0,0
61.8576,-26.5031,3.37383
61.6591,-26.867,3.37195
61.252,-27.138,3.35886
61.1071,-27.5236,3.3601
0,0,0
60.8951,-28.3321,3.36724
0,0,0
0,0,0
0,0,0
46.9916,-23.2831,2.63701
46.9336,-23.6141,2.64177
46.7131,-23.8635,2.63761
0,0,0
0,0,0
0,0,0
0,0,0
59.7811,-32.8892,3.4202
59.5276,-33.2272,3.41733
59.2748,-33.5647,3.41461
59.0218,-33.9014,3.41198
58.9473,-34.3414,3.41971
0,0,0
0,0,0
0,0,0
0,0,0
0,0,0
0,0,0
0,0,0
0,0,0
0,0,0
0,0,0
0,0,0
0,0,0
0,0,0
0,0,0
0,0,0
0,0,0
0,0,0
0,0,0
0,0,0
0,0,0
0,0,0
0,0,0
0,0,0
0,0,0
0,0,0
0,0,0
0,0,0
0,0,0
42.4118,-36.1203,2.79898
0,0,0
0,0,0
0,0,0
0,0,0
0,0,0
0,0,0
0,0,0
0,0,0
0,0,0
0,0,0
0,0,0
0,0,0
0,0,0
0,0,0
0,0,0
0,0,0
0,0,0
0,0,0
0,0,0
0,0,0
0,0,0
0,0,0
0,0,0
0,0,0
0,0,0
0,0,0
0,0,0
0,0,0
0,0,0
0,0,0
0,0,0
0,0,0
0,0,0
0,0,0
0,0,0
0,0,0
0,0,0
0,0,0
0,0,0
0,0,0
0,0,0
0,0,0
0,0,0
0,0,0
0,0,0
0,0,0
0,0,0
0,0,0
0,0,0
0,0,0
0,0,0
0,0,0
0,0,0
0,0,0
0,0,0
0,0,0
0,0,0
0,0,0
0,0,0
0,0,0
0,0,0
0,0,0
0,0,0
0,0,0
7.94051,-15.77,0.91129
7.82452,-15.7799,0.909159
7.71002,-15.7917,0.907177
7.62466,-15.863,0.908515
7.57375,-16.0079,0.913916
7.53568,-16.1836,0.921001
0,0,0
0,0,0
0,0,0
0,0,0
0,0,0
0,0,0
0,0,0
0,0,0
0,0,0
0,0,0
0,0,0
0,0,0
0,0,0
0,0,0
0,0,0
0,0,0
0,0,0
0,0,0
0,0,0
0,0,0
0,0,0
0,0,0
0,0,0
0,0,0
0,0,0
0,0,0
0,0,0
0,0,0
0,0,0
0,0,0
0,0,0
0,0,0
0,0,0
0,0,0
0,0,0
0,0,0
0,0,0
0,0,0
0,0,0
0,0,0
0,0,0
0,0,0
0,0,0
0,0,0
0,0,0
0,0,0
0,0,0
0,0,0
0,0,0
0,0,0
0,0,0
0,0,0
0,0,0
0,0,0
0,0,0
0,0,0
0,0,0
0,0,0
0,0,0
0,0,0
0,0,0
0,0,0
0,0,0
0,0,0
0,0,0
0,0,0
0,0,0
0,0,0
0,0,0
0,0,0
0,0,0
0,0,0
0,0,0
0,0,0
0,0,0
0,0,0
0,0,0
0,0,0
0,0,0
0,0,0
0,0,0
0,0,0
0,0,0
0,0,0
0,0,0
0,0,0
0,0,0
0,0,0
0,0,0
0,0,0
0,0,0
0,0,0
0,0,0
0,0,0
0,0,0
0,0,0
0,0,0
0,0,0
0,0,0
0,0,0
0,0,0
0,0,0
0,0,0
0,0,0
0,0,0
0,0,0
0,0,0
0,0,0
0,0,0
0,0,0
0,0,0
0,0,0
0,0,0
0,0,0
0,0,0
0,0,0
0,0,0
0,0,0
0,0,0
0,0,0
0,0,0
0,0,0
0,0,0
0,0,0
0,0,0
0,0,0
0,0,0
0,0,0
0,0,0
0,0,0
0,0,0
0,0,0
0,0,0
0,0,0
0,0,0
0,0,0
0,0,0
0,0,0
0,0,0
0,0,0
0,0,0
0,0,0
0,0,0
0,0,0
0,0,0
0,0,0
0,0,0
0,0,0
0,0,0
0,0,0
0,0,0
0,0,0
0,0,0
0,0,0
0,0,0
0,0,0
0,0,0
0,0,0
0,0,0
0,0,0
0,0,0
0,0,0
0,0,0
0,0,0
0,0,0
0,0,0
0,0,0
0,0,0
0,0,0
0,0,0
0,0,0
0,0,0
0,0,0
0,0,0
0,0,0
0,0,0
0,0,0
0,0,0
0,0,0
0,0,0
0,0,0
0,0,0
0,0,0
0,0,0
0,0,0
0,0,0
0,0,0
0,0,0
0,0,0
0,0,0
0,0,0
0,0,0
0,0,0
0,0,0
0,0,0
0,0,0
0,0,0
0,0,0
0,0,0
0,0,0
0,0,0
0,0,0
0,0,0
0,0,0
0,0,0
0,0,0
0,0,0
0,0,0
0,0,0
0,0,0
0,0,0
0,0,0
0,0,0
0,0,0
0,0,0
0,0,0
0,0,0
0,0,0
0,0,0
0,0,0
0,0,0
0,0,0
0,0,0
0,0,0
0,0,0
0,0,0
0,0,0
0,0,0
0,0,0
0,0,0
0,0,0
0,0,0
0,0,0
0,0,0
0,0,0
0,0,0
0,0,0
0,0,0
0,0,0
0,0,0
0,0,0
0,0,0
0,0,0
0,0,0
0,0,0
0,0,0
0,0,0
0,0,0
0,0,0
0,0,0
0,0,0
0,0,0
0,0,0
0,0,0
0,0,0
0,0,0
0,0,0
0,0,0
0,0,0
0,0,0
0,0,0
0,0,0
0,0,0
0,0,0
0,0,0
0,0,0
0,0,0
0,0,0
0,0,0
0,0,0
0,0,0
0,0,0
0,0,0
0,0,0
0,0,0
0,0,0
0,0,0
0,0,0
0,0,0
0,0,0
0,0,0
0,0,0
0,0,0
0,0,0
0,0,0
0,0,0
0,0,0
0,0,0
0,0,0
0,0,0
0,0,0
0,0,0
0,0,0
0,0,0
0,0,0
0,0,0
0,0,0
0,0,0
0,0,0
0,0,0
0,0,0
0,0,0
0,0,0
0,0,0
0,0,0
0,0,0
0,0,0
0,0,0
0,0,0
0,0,0
0,0,0
0,0,0
0,0,0
0,0,0
0,0,0
0,0,0
0,0,0
0,0,0
0,0,0
0,0,0
0,0,0
0,0,0
0,0,0
0,0,0
0,0,0
0,0,0
0,0,0
0,0,0
0,0,0
0,0,0
0,0,0
0,0,0
0,0,0
0,0,0
0,0,0
0,0,0
0,0,0
0,0,0
0,0,0
0,0,0
0,0,0
0,0,0
0,0,0
0,0,0
0,0,0
0,0,0
0,0,0
0,0,0
0,0,0
0,0,0
0,0,0
0,0,0
0,0,0
0,0,0
0,0,0
0,0,0
0,0,0
0,0,0
0,0,0
0,0,0
0,0,0
0,0,0
0,0,0
0,0,0
0,0,0
0,0,0
0,0,0
0,0,0
0,0,0
0,0,0
0,0,0
0,0,0
0,0,0
0,0,0
0,0,0
0,0,0
0,0,0
0,0,0
0,0,0
0,0,0
0,0,0
0,0,0
0,0,0
0,0,0
0,0,0
0,0,0
0,0,0
0,0,0
0,0,0
0,0,0
0,0,0
0,0,0
0,0,0
0,0,0
0,0,0
0,0,0
0,0,0
0,0,0
0,0,0
0,0,0
0,0,0
0,0,0
0,0,0
0,0,0
0,0,0
0,0,0
0,0,0
0,0,0
0,0,0
0,0,0
0,0,0
0,0,0
0,0,0
0,0,0
0,0,0
0,0,0
0,0,0
0,0,0
0,0,0
0,0,0
0,0,0
0,0,0
0,0,0
0,0,0
0,0,0
0,0,0
0,0,0
0,0,0
0,0,0
0,0,0
0,0,0
0,0,0
0,0,0
0,0,0
0,0,0
0,0,0
0,0,0
0,0,0
0,0,0
0,0,0
0,0,0
0,0,0
0,0,0
0,0,0
0,0,0
0,0,0
0,0,0
0,0,0
0,0,0
0,0,0
0,0,0
0,0,0
0,0,0
0,0,0
0,0,0
0,0,0
0,0,0
0,0,0
0,0,0
0,0,0
0,0,0
0,0,0
0,0,0
0,0,0
0,0,0
0,0,0
0,0,0
0,0,0
0,0,0
0,0,0
0,0,0
0,0,0
0,0,0
0,0,0
0,0,0
0,0,0
0,0,0
0,0,0
0,0,0
0,0,0
0,0,0
0,0,0
0,0,0
0,0,0
0,0,0
0,0,0
0,0,0
0,0,0
0,0,0
0,0,0
0,0,0
0,0,0
0,0,0
0,0,0
0,0,0
0,0,0
0,0,0
0,0,0
0,0,0
0,0,0
0,0,0
0,0,0
0,0,0
0,0,0
0,0,0
0,0,0
0,0,0
0,0,0
0,0,0
0,0,0
0,0,0
0,0,0
0,0,0
0,0,0
0,0,0
0,0,0
0,0,0
0,0,0
0,0,0
0,0,0
0,0,0
0,0,0
0,0,0
0,0,0
0,0,0
0,0,0
0,0,0
0,0,0
0,0,0
0,0,0
0,0,0
0,0,0
0,0,0
0,0,0
0,0,0
0,0,0
0,0,0
0,0,0
0,0,0
0,0,0
0,0,0
0,0,0
0,0,0
0,0,0
0,0,0
0,0,0
0,0,0
0,0,0
0,0,0
0,0,0
0,0,0
0,0,0
0,0,0
0,0,0
0,0,0
0,0,0
0,0,0
0,0,0
0,0,0
0,0,0
0,0,0
0,0,0
0,0,0
0,0,0
0,0,0
0,0,0
0,0,0
0,0,0
0,0,0
0,0,0
0,0,0
0,0,0
0,0,0
0,0,0
0,0,0
0,0,0
0,0,0
0,0,0
0,0,0
0,0,0
0,0,0
0,0,0
0,0,0
0,0,0
0,0,0
0,0,0
0,0,0
0,0,0
0,0,0
0,0,0
0,0,0
0,0,0
0,0,0
0,0,0
0,0,0
0,0,0
0,0,0
0,0,0
0,0,0
0,0,0
0,0,0
0,0,0
8.2865,36.8919,1.46171
8.50888,36.8238,1.46106
8.72913,36.7476,1.46016
0,0,0
9.168,36.5922,1.45839
9.37842,36.481,1.45628
9.58604,36.3619,1.4539
9.80141,36.2744,1.45281
10.0003,36.1289,1.44949
10.221,36.0639,1.44938
10.4443,36.0082,1.44968
10.6625,35.9348,1.44934
10.8898,35.8917,1.45025
11.1128,35.8337,1.45062
0,0,0
0,0,0
0,0,0
0,0,0
0,0,0
12.4086,35.3561,1.44885
12.6226,35.2718,1.44855
12.8385,35.1927,1.44851
13.0538,35.1123,1.44848
11.6298,30.7039,1.27393
11.8158,30.6264,1.27371
11.9461,30.4073,1.26779
12.1599,30.4021,1.27058
14.1421,34.738,1.45021
12.5023,30.1786,1.26764
12.6348,29.977,1.26255
12.6047,29.4002,1.24208
12.7165,29.1657,1.23564
12.5081,28.2137,1.19961
12.6957,28.1693,1.20096
12.8658,28.0854,1.20074
13.6444,29.3086,1.25494
14.3855,30.4113,1.30446
13.1729,27.4115,1.18265
13.2422,27.1281,1.17417
13.431,27.092,1.17609
13.6172,27.0492,1.17779
14.4856,28.3399,1.23602
14.0567,27.0894,1.18668
14.0676,26.7082,1.17413
14.561,27.2383,1.20051
14.5582,26.8357,1.18709
14.6773,26.6636,1.18355
14.8358,26.5643,1.18317
14.9936,26.4641,1.1828
15.6227,27.1843,1.21815
15.7691,27.0534,1.21664
15.9257,26.9406,1.21597
19.5387,32.5943,1.4689
19.8095,32.5908,1.47407
20.0431,32.5239,1.47652
20.2783,32.458,1.47908
20.4985,32.3667,1.48059
20.7194,32.2756,1.48217
19.3425,29.7281,1.37328
19.4899,29.5563,1.37091
21.3982,32.0209,1.48816
19.5985,28.9417,1.35391
19.8062,28.8654,1.35595
20.0012,28.7696,1.35715
20.1503,28.6079,1.35538
19.6341,27.515,1.31049
19.0216,26.3137,1.26021
19.0765,26.0513,1.25343
19.1157,25.7717,1.24582
19.3047,25.6954,1.24778
19.4789,25.5988,1.24883
19.6503,25.4977,1.24974
20.0486,25.6871,1.26459
20.1934,25.5479,1.26383
20.2693,25.3229,1.25897
20.3129,25.0606,1.2523
20.4606,24.9286,1.25196
20.6074,24.7956,1.25162
21.3865,25.4142,1.28837
22.1195,25.9602,1.32195
22.2333,25.7718,1.31935
26.3998,30.2243,1.54918
26.6165,30.0976,1.55099
22.4033,25.0224,1.30235
22.549,24.8763,1.30194
27.3761,29.8316,1.56272
27.6206,29.7297,1.56614
27.8894,29.6521,1.57093
28.1308,29.5434,1.57421
28.3795,29.4407,1.5779
28.6015,29.3089,1.58017
28.806,29.1585,1.58152
29.0607,29.0575,1.58559
29.3572,28.9959,1.59189
29.6884,28.9652,1.59999
29.9303,28.8449,1.60338
30.182,28.7324,1.6073
27.4217,25.7859,1.4553
27.4015,25.4519,1.44614
27.8532,25.5549,1.46129
26.3138,23.8468,1.37498
26.5906,23.8022,1.38161
26.8837,23.769,1.38904
27.3482,23.8823,1.40502
27.8075,23.9842,1.42062
6.96704,5.93537,0.380789
7.01709,5.90409,0.381467
7.15003,5.94139,0.386216
7.17863,5.89106,0.385839
7.20687,5.84061,0.385462
7.24804,5.80065,0.385726
7.29996,5.76908,0.386518
7.3557,5.74016,0.387498
7.31558,5.63698,0.383917
7.35958,5.59925,0.384369
30.4092,22.8409,1.47003
30.4966,22.6152,1.46759
30.6655,22.4501,1.46902
36.5215,26.3945,1.73515
36.8747,26.3069,1.74404
37.1417,26.155,1.74894
35.3674,24.5823,1.66011
33.9849,23.3134,1.59
34.9299,23.6479,1.62656
35.8072,23.9227,1.65981
34.1588,22.5195,1.57873
34.1196,22.1945,1.57078
34.7698,22.315,1.59385
34.1377,21.6148,1.55955
34.2646,21.4018,1.55932
34.3706,21.1759,1.55823
34.6024,21.0269,1.56275
35.7088,21.4003,1.60576
36.3917,21.5072,1.62995
35.1917,20.5077,1.57184
35.3411,20.3053,1.57289
37.4249,21.1981,1.65785
0,0,0
0,0,0
43.9287,23.8248,1.92043
44.2036,23.624,1.92597
44.6068,23.4888,1.93702
44.9931,23.3407,1.94734
45.3126,23.1547,1.95484
45.7367,23.0186,1.96679
46.101,22.8485,1.97621
46.5241,22.7037,1.98812
46.9417,22.5519,1.99981
47.3168,22.3758,2.00972
47.4731,22.0944,2.01055
48.2284,22.0868,2.03629
48.6327,21.912,2.04745
49.0786,21.7516,2.06034
49.7013,21.6637,2.0805
49.9866,21.4241,2.0868
50.4321,21.2497,2.09969
50.917,21.087,2.1142
51.4434,20.9362,2.1304
51.814,20.7173,2.14028
52.0276,20.4334,2.14382
52.937,20.4165,2.17556
53.4071,20.2222,2.1895
53.6641,19.9439,2.19489
54.1657,19.7529,2.21016
54.8645,19.6272,2.23334
55.3611,19.4225,2.24841
55.8931,19.2248,2.26492
56.0801,18.9051,2.26771
56.7549,18.7456,2.28995
57.7065,18.6679,2.32315
58.1848,18.4291,2.33759
58.6433,18.1791,2.35127
59.0932,17.9219,2.36465
60.0997,17.8252,2.39996
60.5535,17.5563,2.41353
61.0764,17.3023,2.42985
61.2738,16.9528,2.43347
37.6734,10.1749,1.50742
0,0,0
0,0,0
0,0,0
0,0,0
0,0,0
0,0,0
0,0,0
0,0,0
0,0,0
0,0,0
70.333,13.9857,2.74027
0,0,0
0,0,0
0,0,0
0,0,0
0,0,0
0,0,0
0,0,0
0,0,0
0,0,0
0,0,0
0,0,0
73.4057,9.04925,2.82519
0,0,0
73.6185,8.15965,2.82926
0,0,0
0,0,0
74.7483,6.8947,2.86683
74.7365,6.43138,2.86484
74.7038,5.96704,2.86216
0,0,0
0,0,0
0,0,0
0,0,0
0,0,0
0,0,0
0,0,0
0,0,0
0,0,0
0,0,0
0,0,0
0,0,0
0,0,0
0,0,0
0,0,0
0,0,0
0,0,0
0,0,0
0,0,0
0,0,0
0,0,0
0,0,0
0,0,0
0,0,0
0,0,0
0,0,0
0,0,0
0,0,0
0,0,0
0,0,0
0,0,0
0,0,0
0,0,0
0,0,0
0,0,0
0,0,0
0,0,0
0,0,0
0,0,0
0,0,0
0,0,0
0,0,0
0,0,0
0,0,0
0,0,0
0,0,0
0,0,0
71.166,-15.5273,2.7829
0,0,0
0,0,0
94.9445,-22.554,3.71626
0,0,0
0,0,0
0,0,0
0,0,0
0,0,0
0,0,0
0,0,0
63.255,-18.3477,2.51971
62.2205,-18.4623,2.48349
62.0898,-18.8388,2.48285
61.9568,-19.2144,2.4822
61.8244,-19.5899,2.48168
61.6841,-19.9628,2.48092
61.55,-20.3374,2.48051
61.4231,-20.7144,2.48047
61.3279,-21.1023,2.48179
61.1897,-21.4755,2.48149
0,0,0
0,0,0
0,0,0
0,0,0
0,0,0
0,0,0
0,0,0
0,0,0
0,0,0
0,0,0
0,0,0
0,0,0
0,0,0
0,0,0
0,0,0
0,0,0
0,0,0
0,0,0
0,0,0
0,0,0
0,0,0
0,0,0
0,0,0
0,0,0
0,0,0
0,0,0
0,0,0
0,0,0
0,0,0
0,0,0
0,0,0
0,0,0
0,0,0
0,0,0
0,0,0
0,0,0
0,0,0
0,0,0
0,0,0
0,0,0
0,0,0
0,0,0
0,0,0
0,0,0
0,0,0
0,0,0
0,0,0
0,0,0
0,0,0
0,0,0
0,0,0
0,0,0
0,0,0
0,0,0
0,0,0
0,0,0
0,0,0
0,0,0
0,0,0
98.4434,-83.8805,4.91364
0,0,0
0,0,0
0,0,0
0,0,0
0,0,0
0,0,0
0,0,0
0,0,0
0,0,0
0,0,0
0,0,0
0,0,0
0,0,0
0,0,0
0,0,0
0,0,0
0,0,0
0,0,0
0,0,0
0,0,0
0,0,0
0,0,0
0,0,0
0,0,0
0,0,0
0,0,0
0,0,0
0,0,0
0,0,0
0,0,0
0,0,0
0,0,0
0,0,0
0,0,0
0,0,0
0,0,0
0,0,0
0,0,0
0,0,0
0,0,0
0,0,0
0,0,0
0,0,0
0,0,0
0,0,0
0,0,0
0,0,0
0,0,0
0,0,0
0,0,0
0,0,0
0,0,0
0,0,0
0,0,0
0,0,0
0,0,0
0,0,0
0,0,0
0,0,0
0,0,0
0,0,0
0,0,0
0,0,0
0,0,0
7.94684,-15.7894,0.702286
7.8254,-15.7886,0.700213
7.71611,-15.8112,0.699158
7.62371,-15.8681,0.699572
7.55183,-15.9688,0.701834
7.57851,-16.283,0.71299
0,0,0
0,0,0
0,0,0
0,0,0
0,0,0
0,0,0
0,0,0
0,0,0
0,0,0
0,0,0
0,0,0
0,0,0
0,0,0
0,0,0
0,0,0
0,0,0
0,0,0
0,0,0
0,0,0
0,0,0
0,0,0
0,0,0
0,0,0
0,0,0
0,0,0
0,0,0
0,0,0
0,0,0
0,0,0
0,0,0
0,0,0
0,0,0
0,0,0
0,0,0
0,0,0
0,0,0
0,0,0
0,0,0
0,0,0
0,0,0
0,0,0
0,0,0
0,0,0
0,0,0
0,0,0
0,0,0
0,0,0
0,0,0
0,0,0
0,0,0
0,0,0
0,0,0
0,0,0
0,0,0
0,0,0
0,0,0
0,0,0
0,0,0
0,0,0
0,0,0
0,0,0
0,0,0
0,0,0
0,0,0
0,0,0
0,0,0
0,0,0
0,0,0
0,0,0
0,0,0
0,0,0
0,0,0
0,0,0
0,0,0
0,0,0
0,0,0
0,0,0
0,0,0
0,0,0
0,0,0
0,0,0
0,0,0
0,0,0
0,0,0
0,0,0
0,0,0
0,0,0
0,0,0
0,0,0
0,0,0
0,0,0
0,0,0
0,0,0
0,0,0
0,0,0
0,0,0
0,0,0
0,0,0
0,0,0
0,0,0
0,0,0
0,0,0
0,0,0
0,0,0
0,0,0
0,0,0
0,0,0
0,0,0
0,0,0
0,0,0
0,0,0
0,0,0
0,0,0
0,0,0
0,0,0
0,0,0
0,0,0
0,0,0
0,0,0
0,0,0
0,0,0
0,0,0
0,0,0
0,0,0
0,0,0
0,0,0
0,0,0
0,0,0
0,0,0
0,0,0
0,0,0
0,0,0
0,0,0
0,0,0
0,0,0
0,0,0
0,0,0
0,0,0
0,0,0
0,0,0
0,0,0
0,0,0
0,0,0
0,0,0
0,0,0
0,0,0
0,0,0
0,0,0
0,0,0
0,0,0
0,0,0
0,0,0
0,0,0
0,0,0
0,0,0
0,0,0
0,0,0
0,0,0
0,0,0
0,0,0
0,0,0
0,0,0
0,0,0
0,0,0
0,0,0
0,0,0
0,0,0
0,0,0
0,0,0
0,0,0
0,0,0
0,0,0
0,0,0
0,0,0
0,0,0
0,0,0
0,0,0
0,0,0
0,0,0
0,0,0
0,0,0
0,0,0
0,0,0
0,0,0
0,0,0
0,0,0
0,0,0
0,0,0
0,0,0
0,0,0
0,0,0
0,0,0
0,0,0
0,0,0
0,0,0
0,0,0
0,0,0
0,0,0
0,0,0
0,0,0
0,0,0
0,0,0
0,0,0
0,0,0
0,0,0
0,0,0
0,0,0
0,0,0
0,0,0
0,0,0
0,0,0
0,0,0
0,0,0
0,0,0
0,0,0
0,0,0
0,0,0
0,0,0
0,0,0
0,0,0
0,0,0
0,0,0
0,0,0
0,0,0
0,0,0
0,0,0
0,0,0
0,0,0
0,0,0
0,0,0
0,0,0
0,0,0
0,0,0
0,0,0
0,0,0
0,0,0
0,0,0
0,0,0
0,0,0
0,0,0
0,0,0
0,0,0
0,0,0
0,0,0
0,0,0
0,0,0
0,0,0
0,0,0
0,0,0
0,0,0
0,0,0
0,0,0
0,0,0
0,0,0
0,0,0
0,0,0
0,0,0
0,0,0
0,0,0
0,0,0
0,0,0
0,0,0
0,0,0
0,0,0
0,0,0
0,0,0
0,0,0
0,0,0
0,0,0
0,0,0
0,0,0
0,0,0
0,0,0
0,0,0
0,0,0
0,0,0
0,0,0
0,0,0
0,0,0
0,0,0
0,0,0
0,0,0
0,0,0
0,0,0
0,0,0
0,0,0
0,0,0
0,0,0
0,0,0
0,0,0
0,0,0
0,0,0
0,0,0
0,0,0
0,0,0
0,0,0
0,0,0
0,0,0
0,0,0
0,0,0
0,0,0
0,0,0
0,0,0
0,0,0
0,0,0
0,0,0
0,0,0
0,0,0
0,0,0
0,0,0
0,0,0
0,0,0
0,0,0
0,0,0
0,0,0
0,0,0
0,0,0
0,0,0
0,0,0
0,0,0
0,0,0
0,0,0
0,0,0
0,0,0
0,0,0
0,0,0
0,0,0
0,0,0
0,0,0
0,0,0
0,0,0
0,0,0
0,0,0
0,0,0
0,0,0
0,0,0
0,0,0
0,0,0
0,0,0
0,0,0
0,0,0
0,0,0
0,0,0
0,0,0
0,0,0
0,0,0
0,0,0
0,0,0
0,0,0
0,0,0
0,0,0
0,0,0
0,0,0
0,0,0
0,0,0
0,0,0
0,0,0
0,0,0
0,0,0
0,0,0
0,0,0
0,0,0
0,0,0
0,0,0
0,0,0
0,0,0
0,0,0
0,0,0
0,0,0
0,0,0
0,0,0
0,0,0
0,0,0
0,0,0
0,0,0
0,0,0
0,0,0
0,0,0
0,0,0
0,0,0
0,0,0
0,0,0
0,0,0
0,0,0
0,0,0
0,0,0
0,0,0
0,0,0
0,0,0
0,0,0
0,0,0
0,0,0
0,0,0
0,0,0
0,0,0
0,0,0
0,0,0
0,0,0
0,0,0
0,0,0
0,0,0
0,0,0
0,0,0
0,0,0
0,0,0
0,0,0
0,0,0
0,0,0
0,0,0
0,0,0
0,0,0
0,0,0
0,0,0
0,0,0
0,0,0
0,0,0
0,0,0
0,0,0
0,0,0
0,0,0
0,0,0
0,0,0
0,0,0
0,0,0
0,0,0
0,0,0
0,0,0
0,0,0
0,0,0
0,0,0
0,0,0
0,0,0
0,0,0
0,0,0
0,0,0
0,0,0
0,0,0
0,0,0
0,0,0
0,0,0
0,0,0
0,0,0
0,0,0
0,0,0
0,0,0
0,0,0
0,0,0
0,0,0
0,0,0
0,0,0
0,0,0
0,0,0
0,0,0
0,0,0
0,0,0
0,0,0
0,0,0
0,0,0
0,0,0
0,0,0
0,0,0
0,0,0
0,0,0
0,0,0
0,0,0
0,0,0
0,0,0
0,0,0
0,0,0
0,0,0
0,0,0
0,0,0
0,0,0
0,0,0
0,0,0
0,0,0
0,0,0
0,0,0
0,0,0
0,0,0
0,0,0
0,0,0
0,0,0
0,0,0
0,0,0
0,0,0
0,0,0
0,0,0
0,0,0
0,0,0
0,0,0
0,0,0
0,0,0
0,0,0
0,0,0
0,0,0
0,0,0
0,0,0
0,0,0
0,0,0
0,0,0
0,0,0
0,0,0
0,0,0
0,0,0
0,0,0
0,0,0
0,0,0
0,0,0
0,0,0
0,0,0
0,0,0
0,0,0
0,0,0
0,0,0
0,0,0
0,0,0
0,0,0
0,0,0
0,0,0
0,0,0
0,0,0
0,0,0
0,0,0
0,0,0
0,0,0
0,0,0
0,0,0
0,0,0
0,0,0
0,0,0
0,0,0
0,0,0
0,0,0
0,0,0
0,0,0
0,0,0
0,0,0
0,0,0
0,0,0
0,0,0
0,0,0
0,0,0
0,0,0
0,0,0
0,0,0
0,0,0
0,0,0
0,0,0
0,0,0
0,0,0
0,0,0
0,0,0
0,0,0
0,0,0
0,0,0
0,0,0
0,0,0
0,0,0
0,0,0
0,0,0
0,0,0
0,0,0
0,0,0
0,0,0
0,0,0
0,0,0
0,0,0
0,0,0
0,0,0
0,0,0
0,0,0
0,0,0
0,0,0
0,0,0
0,0,0
0,0,0
0,0,0
0,0,0
0,0,0
0,0,0
0,0,0
0,0,0
0,0,0
0,0,0
0,0,0
0,0,0
0,0,0
0,0,0
0,0,0
0,0,0
0,0,0
0,0,0
0,0,0
0,0,0
0,0,0
0,0,0
0,0,0
0,0,0
0,0,0
0,0,0
0,0,0
0,0,0
0,0,0
0,0,0
0,0,0
0,0,0
0,0,0
0,0,0
0,0,0
0,0,0
0,0,0
0,0,0
0,0,0
0,0,0
0,0,0
0,0,0
0,0,0
0,0,0
0,0,0
0,0,0
0,0,0
0,0,0
0,0,0
0,0,0
0,0,0
0,0,0
0,0,0
0,0,0
0,0,0
0,0,0
0,0,0
0,0,0
0,0,0
8.28617,36.8683,0.9857
8.50795,36.7983,0.985223
8.7285,36.724,0.98467
8.94892,36.6503,0.984167
9.16853,36.5744,0.98364
9.37784,36.4593,0.982132
9.59678,36.3837,0.98168
9.81072,36.2904,0.9808
10.0023,36.1177,0.977885
0,0,0
10.4478,36.0028,0.978161
10.6634,35.9208,0.977709
10.894,35.8891,0.978614
11.1123,35.8159,0.978463
11.33,35.7413,0.978312
11.5448,35.6578,0.97796
0,0,0
11.9793,35.5068,0.977784
12.1943,35.4251,0.977583
12.4111,35.3486,0.977558
12.6301,35.2784,0.977734
12.847,35.2021,0.977784
13.0621,35.1207,0.977734
13.2823,35.053,0.978086
12.1409,31.4567,0.883396
12.3334,31.3807,0.883371
12.3972,30.9832,0.874676
12.667,31.1029,0.880003
14.3371,34.5949,0.977156
12.998,30.8272,0.876787
14.735,34.3567,0.975523
12.2971,28.1931,0.808986
13.2398,29.8534,0.856733
13.4051,29.7325,0.855652
13.5627,29.596,0.854169
13.7445,29.5132,0.854195
13.9086,29.393,0.853215
14.0818,29.2927,0.852812
13.2788,27.1935,0.796521
13.4703,27.1617,0.797928
16.9799,33.7179,0.984796
14.6704,28.6917,0.845851
17.3924,33.507,0.984796
15.2124,28.8722,0.856155
17.8226,33.329,0.985876
18.0401,33.2436,0.98658
18.2606,33.1629,0.987459
18.4837,33.086,0.98849
18.7002,32.9963,0.989193
18.9073,32.8896,0.989445
19.1148,32.7834,0.989746
19.3288,32.6879,0.9904
19.5048,32.5283,0.989219
19.8162,32.5926,0.994647
20.0405,32.5103,0.995828
20.2709,32.4368,0.997311
20.5016,32.3625,0.998818
20.7306,32.284,1.00025
20.955,32.1973,1.00148
21.1846,32.1173,1.00296
21.413,32.0341,1.0044
21.6293,31.9319,1.0053
21.8509,31.8365,1.00646
19.2407,27.6678,0.882943
19.3778,27.5035,0.881536
22.5354,31.5721,1.01088
18.7052,25.8686,0.838262
18.8034,25.6711,0.835699
18.982,25.5841,0.836604
23.4469,31.2006,1.01689
20.707,27.2051,0.895232
20.8412,27.0356,0.8939
24.0794,30.8433,1.01943
20.4324,25.843,0.863945
20.5706,25.6922,0.863141
20.7505,25.5935,0.864046
20.8703,25.4208,0.862588
25.443,30.606,1.03629
25.6547,30.4784,1.03724
25.8692,30.3531,1.03832
21.8856,25.3619,0.877892
22.0362,25.2219,0.877716
26.6659,30.1458,1.04752
26.8844,30.0196,1.0488
27.1204,29.9119,1.05076
27.3717,29.8193,1.0533
27.6202,29.7218,1.05574
27.8657,29.6195,1.05808
28.1207,29.5254,1.06076
28.3631,29.4164,1.063
28.5864,29.2861,1.06456
28.7726,29.1173,1.06481
29.114,29.1035,1.07061
29.4172,29.0479,1.07504
29.6908,28.9604,1.07841
29.9399,28.847,1.08092
30.2018,28.7441,1.08388
30.4796,28.6541,1.0874
30.7669,28.5706,1.09125
31.03,28.4624,1.09426
31.2848,28.3446,1.097
31.5461,28.2308,1.09997
31.8026,28.1109,1.10278
32.0844,28.0112,1.10645
32.3639,27.9072,1.11004
29.2544,24.9143,1.00173
27.8966,23.4641,0.952127
7.16279,5.94891,0.269845
7.16438,5.87632,0.268714
7.18865,5.82281,0.268337
7.2219,5.77672,0.268261
7.28231,5.75213,0.269065
7.34899,5.73193,0.270071
35.1181,27.0514,1.15013
35.3272,26.8686,1.15151
35.6265,26.7528,1.15576
35.9345,26.6409,1.16028
36.2562,26.5362,1.16523
36.5537,26.411,1.16943
36.8127,26.2559,1.17244
37.117,26.1308,1.17686
35.3244,24.546,1.11711
37.7745,25.9063,1.18722
37.9741,25.7021,1.18848
35.0354,23.4008,1.09489
35.2359,23.2233,1.09662
39.1054,25.431,1.2084
39.3137,25.2245,1.20999
34.5703,21.8827,1.06428
34.7133,21.6759,1.06456
35.8526,22.0828,1.09429
36.0267,21.8863,1.09544
36.2469,21.7167,1.09798
35.6746,21.0774,1.0774
36.9123,21.5043,1.10967
42.2395,24.262,1.2603
0,0,0
42.6903,23.829,1.2648
37.238,20.4868,1.10419
37.5124,20.339,1.10846
44.2864,23.6616,1.29799
44.5475,23.4509,1.30131
44.9071,23.2894,1.30744
45.2575,23.1198,1.31332
45.6682,22.9774,1.32091
46.0699,22.8263,1.32825
46.4274,22.6497,1.33436
47.0196,22.5826,1.34702
47.2622,22.3432,1.34994
47.4256,22.0655,1.35069
48.3336,22.1282,1.37208
48.6434,21.91,1.3769
49.1352,21.7699,1.38675
49.4842,21.5623,1.39268
49.9491,21.4011,1.4018
50.4157,21.2359,1.41098
50.7963,21.0302,1.41781
51.3467,20.8899,1.42927
51.8647,20.7307,1.43985
52.0663,20.4416,1.44189
52.3661,20.1894,1.44661
53.2509,20.1561,1.46709
53.7803,19.9801,1.478
54.2222,19.7665,1.48657
54.7218,19.5691,1.4967
55.421,19.4364,1.51215
55.8408,19.1997,1.52017
56.3099,18.9755,1.52952
56.6636,18.7083,1.53582
57.2691,18.5193,1.54882
0,0,0
58.6598,18.177,1.57955
59.2094,17.9499,1.59108
59.7717,17.7207,1.60297
60.2298,17.4551,1.61214
60.9927,17.2713,1.62931
61.4059,16.982,1.63735
62.1671,16.7826,1.65449
0,0,0
0,0,0
0,0,0
0,0,0
65.7711,15.6078,1.73505
0,0,0
0,0,0
0,0,0
0,0,0
69.3604,14.2274,1.81567
70.2318,13.9576,1.8358
70.6833,13.5971,1.8452
70.8509,13.179,1.84739
0,0,0
0,0,0
0,0,0
0,0,0
0,0,0
0,0,0
0,0,0
0,0,0
73.6713,9.53314,1.90317
73.6162,9.06711,1.90034
73.6755,8.61582,1.90046
73.7518,8.16635,1.90109
73.6762,7.70067,1.89795
0,0,0
0,0,0
0,0,0
0,0,0
0,0,0
0,0,0
0,0,0
0,0,0
0,0,0
0,0,0
0,0,0
0,0,0
0,0,0
0,0,0
0,0,0
0,0,0
0,0,0
0,0,0
0,0,0
0,0,0
0,0,0
0,0,0
0,0,0
0,0,0
0,0,0
0,0,0
0,0,0
0,0,0
0,0,0
0,0,0
0,0,0
0,0,0
0,0,0
0,0,0
91.7159,-10.1864,2.35552
91.5414,-10.7361,2.35273
0,0,0
0,0,0
0,0,0
0,0,0
0,0,0
0,0,0
0,0,0
0,0,0
0,0,0
0,0,0
0,0,0
0,0,0
0,0,0
0,0,0
0,0,0
0,0,0
0,0,0
0,0,0
0,0,0
0,0,0
0,0,0
0,0,0
0,0,0
0,0,0
0,0,0
0,0,0
0,0,0
0,0,0
0,0,0
0,0,0
0,0,0
0,0,0
0,0,0
0,0,0
0,0,0
0,0,0
0,0,0
0,0,0
0,0,0
0,0,0
0,0,0
0,0,0
0,0,0
0,0,0
0,0,0
0,0,0
0,0,0
0,0,0
0,0,0
0,0,0
0,0,0
0,0,0
0,0,0
0,0,0
0,0,0
0,0,0
0,0,0
0,0,0
0,0,0
0,0,0
0,0,0
0,0,0
0,0,0
0,0,0
0,0,0
0,0,0
0,0,0
0,0,0
0,0,0
0,0,0
0,0,0
0,0,0
0,0,0
0,0,0
0,0,0
0,0,0
0,0,0
0,0,0
0,0,0
0,0,0
0,0,0
0,0,0
0,0,0
0,0,0
0,0,0
0,0,0
0,0,0
0,0,0
0,0,0
0,0,0
0,0,0
0,0,0
0,0,0
0,0,0
0,0,0
0,0,0
0,0,0
0,0,0
0,0,0
0,0,0
0,0,0
0,0,0
0,0,0
0,0,0
0,0,0
0,0,0
0,0,0
0,0,0
0,0,0
0,0,0
0,0,0
0,0,0
0,0,0
0,0,0
0,0,0
0,0,0
0,0,0
0,0,0
0,0,0
0,0,0
0,0,0
0,0,0
0,0,0
0,0,0
0,0,0
19.7339,-24.3585,0.823837
19.5972,-24.4955,0.824365
19.498,-24.6804,0.826451
0,0,0
0,0,0
17.7435,-23.33,0.772597
0,0,0
17.4791,-23.5773,0.773577
17.3547,-23.7123,0.774457
0,0,0
0,0,0
0,0,0
17.0568,-24.5473,0.787198
16.9862,-24.7685,0.790766
16.9123,-24.9882,0.794284
16.7981,-25.1505,0.796069
16.7188,-25.3675,0.799511
16.6392,-25.5869,0.80303
16.5812,-25.8433,0.807654
16.4517,-25.991,0.809036
0,0,0
0,0,0
0,0,0
0,0,0
0,0,0
0,0,0
0,0,0
0,0,0
0,0,0
0,0,0
0,0,0
0,0,0
0,0,0
0,0,0
0,0,0
7.96472,-15.8318,0.481289
7.81506,-15.7747,0.478324
7.71373,-15.8133,0.478072
7.62002,-15.8676,0.478274
7.5755,-16.0261,0.48139
7.56095,-16.2526,0.486391
0,0,0
0,0,0
0,0,0
0,0,0
0,0,0
0,0,0
0,0,0
0,0,0
0,0,0
0,0,0
0,0,0
0,0,0
0,0,0
0,0,0
0,0,0
0,0,0
0,0,0
0,0,0
0,0,0
0,0,0
0,0,0
0,0,0
0,0,0
0,0,0
0,0,0
0,0,0
0,0,0
0,0,0
0,0,0
0,0,0
0,0,0
0,0,0
0,0,0
0,0,0
0,0,0
0,0,0
0,0,0
0,0,0
0,0,0
0,0,0
0,0,0
0,0,0
0,0,0
0,0,0
0,0,0
0,0,0
0,0,0
0,0,0
0,0,0
0,0,0
0,0,0
0,0,0
0,0,0
0,0,0
0,0,0
0,0,0
0,0,0
0,0,0
0,0,0
0,0,0
0,0,0
0,0,0
0,0,0
0,0,0
0,0,0
0,0,0
0,0,0
0,0,0
0,0,0
0,0,0
0,0,0
0,0,0
0,0,0
0,0,0
0,0,0
0,0,0
0,0,0
0,0,0
0,0,0
0,0,0
0,0,0
0,0,0
0,0,0
0,0,0
0,0,0
0,0,0
0,0,0
0,0,0
0,0,0
0,0,0
0,0,0
0,0,0
0,0,0
0,0,0
0,0,0
0,0,0
0,0,0
0,0,0
0,0,0
0,0,0
0,0,0
0,0,0
0,0,0
0,0,0
0,0,0
0,0,0
0,0,0
0,0,0
0,0,0
0,0,0
0,0,0
0,0,0
0,0,0
0,0,0
0,0,0
0,0,0
0,0,0
0,0,0
0,0,0
0,0,0
0,0,0
0,0,0
0,0,0
0,0,0
0,0,0
0,0,0
0,0,0
0,0,0
0,0,0
0,0,0
0,0,0
0,0,0
0,0,0
0,0,0
0,0,0
0,0,0
0,0,0
0,0,0
0,0,0
0,0,0
0,0,0
0,0,0
0,0,0
0,0,0
0,0,0
0,0,0
0,0,0
0,0,0
0,0,0
0,0,0
0,0,0
0,0,0
0,0,0
0,0,0
0,0,0
0,0,0
0,0,0
0,0,0
0,0,0
0,0,0
0,0,0
0,0,0
0,0,0
0,0,0
0,0,0
0,0,0
0,0,0
0,0,0
0,0,0
0,0,0
0,0,0
0,0,0
0,0,0
0,0,0
0,0,0
0,0,0
0,0,0
0,0,0
0,0,0
0,0,0
0,0,0
0,0,0
0,0,0
0,0,0
0,0,0
0,0,0
0,0,0
0,0,0
0,0,0
0,0,0
0,0,0
0,0,0
0,0,0
0,0,0
0,0,0
0,0,0
0,0,0
0,0,0
0,0,0
0,0,0
0,0,0
0,0,0
0,0,0
0,0,0
0,0,0
0,0,0
0,0,0
0,0,0
0,0,0
0,0,0
0,0,0
0,0,0
0,0,0
0,0,0
0,0,0
0,0,0
0,0,0
0,0,0
0,0,0
0,0,0
0,0,0
0,0,0
0,0,0
0,0,0
0,0,0
0,0,0
0,0,0
0,0,0
0,0,0
0,0,0
0,0,0
0,0,0
0,0,0
0,0,0
0,0,0
0,0,0
0,0,0
0,0,0
0,0,0
0,0,0
0,0,0
0,0,0
0,0,0
0,0,0
0,0,0
0,0,0
0,0,0
0,0,0
0,0,0
0,0,0
0,0,0
0,0,0
0,0,0
0,0,0
0,0,0
0,0,0
0,0,0
0,0,0
0,0,0
0,0,0
0,0,0
0,0,0
0,0,0
0,0,0
0,0,0
0,0,0
0,0,0
0,0,0
0,0,0
0,0,0
0,0,0
0,0,0
0,0,0
0,0,0
0,0,0
0,0,0
0,0,0
0,0,0
0,0,0
0,0,0
0,0,0
0,0,0
0,0,0
0,0,0
0,0,0
0,0,0
0,0,0
0,0,0
0,0,0
0,0,0
0,0,0
0,0,0
0,0,0
0,0,0
0,0,0
0,0,0
0,0,0
0,0,0
0,0,0
0,0,0
0,0,0
0,0,0
0,0,0
0,0,0
0,0,0
0,0,0
0,0,0
0,0,0
0,0,0
0,0,0
0,0,0
0,0,0
0,0,0
0,0,0
0,0,0
0,0,0
0,0,0
0,0,0
0,0,0
0,0,0
0,0,0
0,0,0
0,0,0
0,0,0
0,0,0
0,0,0
0,0,0
0,0,0
0,0,0
0,0,0
0,0,0
0,0,0
0,0,0
0,0,0
0,0,0
0,0,0
0,0,0
0,0,0
0,0,0
0,0,0
0,0,0
0,0,0
0,0,0
0,0,0
0,0,0
0,0,0
0,0,0
0,0,0
0,0,0
0,0,0
0,0,0
0,0,0
0,0,0
0,0,0
0,0,0
0,0,0
0,0,0
0,0,0
0,0,0
0,0,0
0,0,0
0,0,0
0,0,0
0,0,0
0,0,0
0,0,0
0,0,0
0,0,0
0,0,0
0,0,0
0,0,0
0,0,0
0,0,0
0,0,0
0,0,0
0,0,0
0,0,0
0,0,0
0,0,0
0,0,0
0,0,0
0,0,0
0,0,0
0,0,0
0,0,0
0,0,0
0,0,0
0,0,0
0,0,0
0,0,0
0,0,0
0,0,0
0,0,0
0,0,0
0,0,0
0,0,0
0,0,0
0,0,0
0,0,0
0,0,0
0,0,0
0,0,0
0,0,0
0,0,0
0,0,0
0,0,0
0,0,0
0,0,0
0,0,0
0,0,0
0,0,0
0,0,0
0,0,0
0,0,0
0,0,0
0,0,0
0,0,0
0,0,0
0,0,0
0,0,0
0,0,0
0,0,0
0,0,0
0,0,0
0,0,0
0,0,0
0,0,0
0,0,0
0,0,0
0,0,0
0,0,0
0,0,0
0,0,0
0,0,0
0,0,0
0,0,0
0,0,0
0,0,0
0,0,0
0,0,0
0,0,0
0,0,0
0,0,0
0,0,0
0,0,0
0,0,0
0,0,0
0,0,0
0,0,0
0,0,0
0,0,0
0,0,0
0,0,0
0,0,0
0,0,0
0,0,0
0,0,0
0,0,0
0,0,0
0,0,0
0,0,0
0,0,0
0,0,0
0,0,0
0,0,0
0,0,0
0,0,0
0,0,0
0,0,0
0,0,0
0,0,0
0,0,0
0,0,0
0,0,0
0,0,0
0,0,0
0,0,0
0,0,0
0,0,0
0,0,0
0,0,0
0,0,0
0,0,0
0,0,0
0,0,0
0,0,0
0,0,0
0,0,0
0,0,0
0,0,0
0,0,0
0,0,0
0,0,0
0,0,0
0,0,0
0,0,0
0,0,0
0,0,0
0,0,0
0,0,0
0,0,0
0,0,0
0,0,0
0,0,0
0,0,0
0,0,0
0,0,0
0,0,0
0,0,0
0,0,0
0,0,0
0,0,0
0,0,0
0,0,0
0,0,0
0,0,0
0,0,0
0,0,0
0,0,0
0,0,0
0,0,0
0,0,0
0,0,0
0,0,0
0,0,0
0,0,0
0,0,0
0,0,0
0,0,0
0,0,0
0,0,0
0,0,0
0,0,0
0,0,0
0,0,0
0,0,0
0,0,0
0,0,0
0,0,0
0,0,0
0,0,0
0,0,0
0,0,0
0,0,0
0,0,0
0,0,0
0,0,0
0,0,0
0,0,0
0,0,0
0,0,0
0,0,0
0,0,0
0,0,0
0,0,0
0,0,0
0,0,0
0,0,0
0,0,0
0,0,0
0,0,0
0,0,0
0,0,0
0,0,0
0,0,0
0,0,0
0,0,0
0,0,0
0,0,0
0,0,0
0,0,0
0,0,0
0,0,0
0,0,0
0,0,0
0,0,0
0,0,0
0,0,0
0,0,0
0,0,0
0,0,0
0,0,0
0,0,0
0,0,0
0,0,0
0,0,0
0,0,0
0,0,0
0,0,0
0,0,0
0,0,0
0,0,0
0,0,0
0,0,0
0,0,0
0,0,0
0,0,0
0,0,0
0,0,0
0,0,0
0,0,0
0,0,0
8.2754,36.8726,0.524075
0,0,0
8.7171,36.7255,0.523507
8.93636,36.647,0.523184
9.15304,36.5595,0.522758
9.36575,36.4581,0.522164
9.57959,36.3632,0.521673
9.7908,36.2603,0.521092
9.99525,36.135,0.520227
10.2018,36.02,0.519516
10.4335,35.9942,0.52002
10.655,35.9324,0.520059
10.8811,35.8855,0.520317
11.1016,35.82,0.520343
11.3179,35.7407,0.520201
0,0,0
11.7465,35.5716,0.519826
11.9646,35.4988,0.519826
0,0,0
12.4006,35.3531,0.519878
12.6187,35.2801,0.51993
12.8335,35.1982,0.519878
13.0496,35.1198,0.519891
13.2663,35.0428,0.519943
13.4814,34.9617,0.519955
13.6971,34.882,0.520007
13.9083,34.7908,0.519917
14.1121,34.6817,0.519594
14.322,34.5879,0.519503
14.5304,34.4911,0.519387
14.7398,34.3967,0.519323
14.9614,34.3304,0.519671
15.1782,34.2526,0.519878
13.4381,29.8302,0.458557
13.595,29.6908,0.457756
13.8137,29.6857,0.45888
14.3499,30.3497,0.469587
14.0959,29.3454,0.456465
14.4638,29.6438,0.462006
14.6339,29.5312,0.46167
16.966,33.7157,0.523481
17.1762,33.6181,0.523585
15.4287,29.746,0.468786
17.6085,33.4446,0.524166
15.7044,29.3895,0.466371
18.0447,33.2761,0.524902
18.2635,33.192,0.525302
18.4829,33.1081,0.525729
18.6951,33.0106,0.525974
18.9007,32.9013,0.526064
19.1118,32.8011,0.52631
19.3061,32.6721,0.526142
19.5206,32.577,0.526503
19.7856,32.5643,0.528131
20.0322,32.5189,0.529293
20.2642,32.4479,0.530094
20.495,32.3737,0.530869
20.7219,32.2919,0.531553
20.9453,32.2036,0.53216
21.1749,32.1237,0.532922
21.4022,32.0389,0.533633
21.6219,31.9417,0.534175
21.8594,31.8695,0.535131
22.0824,31.775,0.535764
22.3058,31.6798,0.536409
22.5328,31.5887,0.537145
22.7602,31.4969,0.537895
22.9979,31.4179,0.538876
23.2242,31.322,0.539612
20.9114,27.8441,0.485743
20.7937,27.3364,0.479596
21.0684,27.3477,0.481869
21.1011,27.0453,0.479041
20.2915,25.6812,0.458725
20.4812,25.5968,0.459397
20.6618,25.5002,0.459887
25.1245,30.6217,0.547581
20.9706,25.2416,0.459836
21.1258,25.1132,0.459849
21.273,24.9755,0.45972
21.9424,25.4435,0.469935
26.3742,30.2057,0.553909
26.5915,30.08,0.554542
26.8469,29.996,0.555924
27.1003,29.9077,0.557267
27.3584,29.8227,0.558701
27.6082,29.7268,0.559979
27.8551,29.626,0.561206
28.1191,29.5415,0.562756
28.3477,29.418,0.563647
28.5647,29.2815,0.564332
28.7649,29.127,0.564719
29.0555,29.0624,0.566773
29.4196,29.0677,0.570156
29.6776,28.9649,0.571603
29.9498,28.8738,0.573308
30.2082,28.7674,0.574767
30.4504,28.6439,0.575942
30.7692,28.5899,0.578474
31.0295,28.479,0.579972
31.2955,28.3713,0.581573
31.5517,28.2528,0.583007
31.8308,28.1528,0.584841
28.002,24.4618,0.516223
27.963,24.1269,0.513007
28.1867,24.0197,0.514299
28.56,24.0369,0.518122
7.14655,5.9406,0.156009
7.1535,5.87253,0.155518
7.18474,5.82475,0.15544
7.21566,5.77681,0.155363
7.24626,5.7287,0.155285
7.34433,5.73335,0.156319
7.42373,5.72236,0.157042
35.3577,26.9084,0.60987
35.6077,26.7552,0.611252
35.9029,26.6339,0.61337
36.2197,26.526,0.615837
36.5114,26.397,0.617903
36.8021,26.2648,0.619957
37.2037,26.2084,0.623767
37.4632,26.0487,0.62533
37.7806,25.9269,0.627809
37.9812,25.7232,0.628468
38.2148,25.5408,0.629656
38.7381,25.5481,0.635339
39.0575,25.4162,0.637857
39.3449,25.2609,0.639885
34.0354,21.5584,0.55635
34.2451,21.3979,0.557538
36.0518,22.2204,0.582968
36.0781,21.9322,0.581315
35.9624,21.5608,0.577557
36.0278,21.3006,0.576562
41.9084,24.4315,0.662538
42.263,24.292,0.665599
42.5835,24.1298,0.668156
42.7692,23.8896,0.668724
43.1383,23.7496,0.672018
43.7262,23.7248,0.678527
37.8068,20.2139,0.58971
44.5617,23.4749,0.686521
44.8903,23.2973,0.68922
45.304,23.1603,0.69316
45.6998,23.01,0.69684
46.1196,22.8678,0.70087
46.5439,22.7234,0.704964
46.8663,22.5258,0.707599
47.2621,22.3601,0.711292
47.4692,22.1026,0.7123
48.2248,22.0954,0.721121
48.5673,21.8927,0.724065
49.0663,21.7564,0.729231
49.527,21.598,0.733855
49.8819,21.3895,0.736993
50.3651,21.2318,0.74194
50.96,21.1153,0.748449
51.2905,20.8844,0.751265
51.7816,20.7149,0.756327
52.0864,20.467,0.758807
52.4172,20.2265,0.761661
53.3024,20.1932,0.772187
53.6952,19.9662,0.775907
54.3832,19.843,0.783694
54.7938,19.6127,0.787672
55.333,19.4235,0.793419
55.6875,19.165,0.796648
56.0542,18.9073,0.800058
56.7967,18.7704,0.808595
57.5996,18.6445,0.817945
58.2724,18.468,0.825526
58.5728,18.1685,0.82807
59.2439,17.9789,0.835639
59.7777,17.7411,0.84136
60.404,17.5244,0.848334
60.8904,17.2611,0.853436
61.345,16.984,0.858124
62.3795,16.8591,0.870587
62.9652,16.6035,0.877044
63.584,16.35,0.883954
63.9974,16.0383,0.888139
0,0,0
0,0,0
0,0,0
66.5083,14.943,0.916423
0,0,0
0,0,0
0,0,0
70.1785,13.9677,0.960192
70.5653,13.5951,0.96417
0,0,0
0,0,0
0,0,0
0,0,0
0,0,0
0,0,0
0,0,0
0,0,0
0,0,0
79.7425,10.3417,1.07457
0,0,0
0,0,0
0,0,0
0,0,0
0,0,0
0,0,0
0,0,0
0,0,0
0,0,0
0,0,0
0,0,0
18.7876,1.04101,0.279012
0,0,0
0,0,0
0,0,0
0,0,0
0,0,0
0,0,0
0,0,0
0,0,0
0,0,0
0,0,0
0,0,0
0,0,0
0,0,0
0,0,0
0,0,0
0,0,0
0,0,0
0,0,0
0,0,0
0,0,0
0,0,0
0,0,0
0,0,0
0,0,0
0,0,0
0,0,0
0,0,0
0,0,0
0,0,0
0,0,0
0,0,0
0,0,0
0,0,0
0,0,0
0,0,0
0,0,0
0,0,0
0,0,0
0,0,0
0,0,0
0,0,0
0,0,0
0,0,0
0,0,0
0,0,0
0,0,0
0,0,0
0,0,0
0,0,0
0,0,0
0,0,0
0,0,0
0,0,0
0,0,0
0,0,0
0,0,0
0,0,0
0,0,0
0,0,0
0,0,0
0,0,0
0,0,0
0,0,0
0,0,0
0,0,0
0,0,0
0,0,0
0,0,0
0,0,0
0,0,0
0,0,0
0,0,0
0,0,0
0,0,0
0,0,0
0,0,0
0,0,0
0,0,0
0,0,0
0,0,0
0,0,0
0,0,0
0,0,0
0,0,0
0,0,0
0,0,0
0,0,0
0,0,0
0,0,0
0,0,0
0,0,0
0,0,0
0,0,0
0,0,0
0,0,0
0,0,0
0,0,0
0,0,0
0,0,0
0,0,0
0,0,0
0,0,0
0,0,0
0,0,0
0,0,0
0,0,0
0,0,0
0,0,0
0,0,0
0,0,0
0,0,0
0,0,0
0,0,0
0,0,0
0,0,0
0,0,0
0,0,0
0,0,0
0,0,0
0,0,0
0,0,0
0,0,0
0,0,0
0,0,0
0,0,0
0,0,0
0,0,0
0,0,0
0,0,0
0,0,0
0,0,0
0,0,0
0,0,0
0,0,0
0,0,0
0,0,0
0,0,0
0,0,0
0,0,0
0,0,0
0,0,0
0,0,0
0,0,0
0,0,0
0,0,0
0,0,0
0,0,0
20.6504,-23.6388,0.441393
20.386,-23.6273,0.439043
20.1395,-23.6332,0.437028
19.9928,-23.7548,0.437002
19.8544,-23.8862,0.437157
19.8654,-24.2001,0.440373
19.7002,-24.3013,0.440037
0,0,0
18.2223,-23.0508,0.415498
18.0171,-23.081,0.414168
17.7928,-23.0842,0.412425
17.6151,-23.146,0.411663
17.513,-23.3072,0.412528
17.4352,-23.5026,0.413949
17.3792,-23.7301,0.415886
17.2767,-23.8963,0.416842
17.1831,-24.0767,0.41803
17.1094,-24.2871,0.419696
17.0103,-24.4639,0.420832
16.9356,-24.6783,0.422563
16.8484,-24.877,0.424048
16.7877,-25.1179,0.426192
16.7147,-25.344,0.428103
16.6107,-25.5257,0.42933
16.5083,-25.7121,0.430635
0,0,0
0,0,0
0,0,0
0,0,0
0,0,0
0,0,0
0,0,0
0,0,0
0,0,0
0,0,0
0,0,0
0,0,0
0,0,0
0,0,0
0,0,0
0,0,0
7.95997,-15.8086,0.264586
7.81929,-15.7694,0.26332
7.71844,-15.8089,0.263204
7.63515,-15.8848,0.263617
7.55593,-15.9703,0.264172
0,0,0
0,0,0
0,0,0
0,0,0
0,0,0
0,0,0
0,0,0
0,0,0
0,0,0
0,0,0
0,0,0
0,0,0
0,0,0
0,0,0
0,0,0
0,0,0
0,0,0
0,0,0
0,0,0
0,0,0
0,0,0
0,0,0
0,0,0
0,0,0
0,0,0
0,0,0
0,0,0
0,0,0
0,0,0
0,0,0
0,0,0
0,0,0
0,0,0
0,0,0
0,0,0
0,0,0
0,0,0
0,0,0
0,0,0
0,0,0
0,0,0
0,0,0
0,0,0
0,0,0
0,0,0
0,0,0
0,0,0
0,0,0
0,0,0
0,0,0
0,0,0
0,0,0
0,0,0
0,0,0
0,0,0
0,0,0
0,0,0
0,0,0
0,0,0
0,0,0
0,0,0
0,0,0
0,0,0
0,0,0
0,0,0
0,0,0
0,0,0
0,0,0
0,0,0
0,0,0
0,0,0
0,0,0
0,0,0
0,0,0
0,0,0
0,0,0
0,0,0
0,0,0
0,0,0
0,0,0
0,0,0
0,0,0
0,0,0
0,0,0
0,0,0
0,0,0
0,0,0
0,0,0
0,0,0
0,0,0
0,0,0
0,0,0
0,0,0
0,0,0
0,0,0
0,0,0
0,0,0
0,0,0
0,0,0
0,0,0
0,0,0
0,0,0
0,0,0
0,0,0
0,0,0
0,0,0
0,0,0
0,0,0
0,0,0
0,0,0
0,0,0
0,0,0
0,0,0
0,0,0
0,0,0
0,0,0
0,0,0
0,0,0
0,0,0
0,0,0
0,0,0
0,0,0
0,0,0
0,0,0
0,0,0
0,0,0
0,0,0
0,0,0
0,0,0
0,0,0
0,0,0
0,0,0
0,0,0
0,0,0
0,0,0
0,0,0
0,0,0
0,0,0
0,0,0
0,0,0
0,0,0
0,0,0
0,0,0
0,0,0
0,0,0
0,0,0
0,0,0
0,0,0
0,0,0
0,0,0
0,0,0
0,0,0
0,0,0
0,0,0
0,0,0
0,0,0
0,0,0
0,0,0
0,0,0
0,0,0
0,0,0
0,0,0
0,0,0
0,0,0
0,0,0
0,0,0
0,0,0
0,0,0
0,0,0
0,0,0
0,0,0
0,0,0
0,0,0
0,0,0
0,0,0
0,0,0
0,0,0
0,0,0
0,0,0
0,0,0
0,0,0
0,0,0
0,0,0
0,0,0
0,0,0
0,0,0
0,0,0
0,0,0
0,0,0
0,0,0
0,0,0
0,0,0
0,0,0
0,0,0
0,0,0
0,0,0
0,0,0
0,0,0
0,0,0
0,0,0
0,0,0
0,0,0
0,0,0
0,0,0
0,0,0
0,0,0
0,0,0
0,0,0
0,0,0
0,0,0
0,0,0
0,0,0
0,0,0
0,0,0
0,0,0
0,0,0
0,0,0
0,0,0
0,0,0
0,0,0
0,0,0
0,0,0
0,0,0
0,0,0
0,0,0
0,0,0
0,0,0
0,0,0
0,0,0
0,0,0
0,0,0
0,0,0
0,0,0
0,0,0
0,0,0
0,0,0
0,0,0
0,0,0
0,0,0
0,0,0
0,0,0
0,0,0
0,0,0
0,0,0
0,0,0
0,0,0
0,0,0
0,0,0
0,0,0
0,0,0
0,0,0
0,0,0
0,0,0
0,0,0
0,0,0
0,0,0
0,0,0
0,0,0
0,0,0
0,0,0
0,0,0
0,0,0
0,0,0
0,0,0
0,0,0
0,0,0
0,0,0
0,0,0
0,0,0
0,0,0
0,0,0
0,0,0
0,0,0
0,0,0
0,0,0
0,0,0
0,0,0
0,0,0
0,0,0
0,0,0
0,0,0
0,0,0
0,0,0
0,0,0
0,0,0
0,0,0
0,0,0
0,0,0
0,0,0
0,0,0
0,0,0
0,0,0
0,0,0
0,0,0
0,0,0
0,0,0
0,0,0
0,0,0
0,0,0
0,0,0
0,0,0
0,0,0
0,0,0
0,0,0
0,0,0
0,0,0
0,0,0
0,0,0
0,0,0
0,0,0
0,0,0
0,0,0
0,0,0
0,0,0
0,0,0
0,0,0
0,0,0
0,0,0
0,0,0
0,0,0
0,0,0
0,0,0
0,0,0
0,0,0
0,0,0
0,0,0
0,0,0
0,0,0
0,0,0
0,0,0
0,0,0
0,0,0
0,0,0
0,0,0
0,0,0
0,0,0
0,0,0
0,0,0
0,0,0
0,0,0
0,0,0
0,0,0
0,0,0
0,0,0
0,0,0
0,0,0
0,0,0
0,0,0
0,0,0
0,0,0
0,0,0
0,0,0
0,0,0
0,0,0
0,0,0
0,0,0
0,0,0
0,0,0
0,0,0
0,0,0
0,0,0
0,0,0
0,0,0
0,0,0
0,0,0
0,0,0
0,0,0
0,0,0
0,0,0
0,0,0
0,0,0
0,0,0
0,0,0
0,0,0
0,0,0
0,0,0
0,0,0
0,0,0
0,0,0
0,0,0
0,0,0
0,0,0
0,0,0
0,0,0
0,0,0
0,0,0
0,0,0
0,0,0
0,0,0
0,0,0
0,0,0
0,0,0
0,0,0
0,0,0
0,0,0
0,0,0
0,0,0
0,0,0
0,0,0
0,0,0
0,0,0
0,0,0
0,0,0
0,0,0
0,0,0
0,0,0
0,0,0
0,0,0
0,0,0
0,0,0
0,0,0
0,0,0
0,0,0
0,0,0
0,0,0
0,0,0
0,0,0
0,0,0
0,0,0
0,0,0
0,0,0
0,0,0
0,0,0
0,0,0
0,0,0
0,0,0
0,0,0
0,0,0
0,0,0
0,0,0
0,0,0
0,0,0
0,0,0
0,0,0
0,0,0
0,0,0
0,0,0
0,0,0
0,0,0
0,0,0
0,0,0
0,0,0
0,0,0
0,0,0
0,0,0
0,0,0
0,0,0
0,0,0
0,0,0
0,0,0
0,0,0
0,0,0
0,0,0
0,0,0
0,0,0
0,0,0
0,0,0
0,0,0
0,0,0
0,0,0
0,0,0
0,0,0
0,0,0
0,0,0
0,0,0
0,0,0
0,0,0
0,0,0
0,0,0
0,0,0
0,0,0
0,0,0
0,0,0
0,0,0
0,0,0
0,0,0
0,0,0
0,0,0
0,0,0
0,0,0
0,0,0
0,0,0
0,0,0
0,0,0
0,0,0
0,0,0
0,0,0
0,0,0
0,0,0
0,0,0
0,0,0
0,0,0
0,0,0
0,0,0
0,0,0
0,0,0
0,0,0
0,0,0
0,0,0
0,0,0
0,0,0
0,0,0
0,0,0
0,0,0
0,0,0
0,0,0
0,0,0
0,0,0
0,0,0
0,0,0
0,0,0
0,0,0
0,0,0
0,0,0
0,0,0
0,0,0
0,0,0
0,0,0
0,0,0
0,0,0
0,0,0
0,0,0
0,0,0
0,0,0
0,0,0
0,0,0
0,0,0
0,0,0
0,0,0
0,0,0
0,0,0
0,0,0
0,0,0
0,0,0
0,0,0
0,0,0
0,0,0
0,0,0
0,0,0
0,0,0
0,0,0
0,0,0
0,0,0
0,0,0
0,0,0
0,0,0
0,0,0
0,0,0
0,0,0
0,0,0
0,0,0
0,0,0
0,0,0
0,0,0
0,0,0
0,0,0
0,0,0
0,0,0
0,0,0
0,0,0
0,0,0
0,0,0
0,0,0
0,0,0
0,0,0
0,0,0
0,0,0
0,0,0
0,0,0
0,0,0
0,0,0
0,0,0
0,0,0
0,0,0
0,0,0
0,0,0
0,0,0
0,0,0
0,0,0
0,0,0
0,0,0
0,0,0
0,0,0
0,0,0
0,0,0
0,0,0
0,0,0
0,0,0
0,0,0
0,0,0
0,0,0
0,0,0
0,0,0
0,0,0
0,0,0
0,0,0
0,0,0
0,0,0
0,0,0
0,0,0
0,0,0
0,0,0
0,0,0
0,0,0
0,0,0
0,0,0
0,0,0
0,0,0
0,0,0
0,0,0
0,0,0
0,0,0
0,0,0
0,0,0
0,0,0
0,0,0
0,0,0
0,0,0
0,0,0
0,0,0
0,0,0
0,0,0
0,0,0
0,0,0
0,0,0
0,0,0
0,0,0
0,0,0
0,0,0
6.97455,37.3859,0.0627196
0,0,0
7.41991,37.2328,0.0626735
7.63635,37.1288,0.0626323
0,0,0
8.07176,36.9424,0.0625681
8.29214,36.8649,0.0625486
8.51368,36.7938,0.0625346
8.73488,36.7224,0.0625213
8.95411,36.6438,0.0625039
9.17221,36.562,0.062485
9.38317,36.4537,0.062448
9.59519,36.3519,0.0624166
9.81284,36.2731,0.0624027
10.0045,36.1013,0.0623224
10.2283,36.0479,0.0623287
10.4524,35.9951,0.0623363
10.6636,35.8986,0.0623133
10.895,35.8698,0.0623405
0,0,0
11.3301,35.7201,0.0623308
0,0,0
0,0,0
11.9755,35.4752,0.0623084
0,0,0
12.4086,35.3218,0.0623056
0,0,0
12.8387,35.1603,0.0623007
13.056,35.0855,0.0623042
13.271,35.0047,0.0623042
13.4884,34.9301,0.0623098
13.708,34.8606,0.0623203
13.9194,34.7703,0.0623161
14.1321,34.6833,0.0623154
14.3381,34.5802,0.0623035
14.5454,34.4806,0.0622951
14.7366,34.3438,0.0622595
14.9662,34.2967,0.0622931
15.195,34.2463,0.0623252
15.4098,34.1634,0.0623335
13.6197,29.7066,0.0589839
13.8237,29.6696,0.0590202
14.0285,29.6331,0.0590579
14.2478,29.6248,0.0591186
14.4706,29.6213,0.0591843
14.6121,29.4513,0.0591214
14.7286,29.2343,0.0590223
14.9997,29.3232,0.0591633
15.0844,29.0478,0.0590195
15.261,28.9521,0.0590174
15.4213,28.8261,0.0589923
18.0592,33.265,0.0625939
18.2707,33.1676,0.0626051
18.4929,33.0889,0.0626323
18.7079,32.9965,0.0626498
18.9175,32.8941,0.0626603
19.1215,32.7817,0.0626638
19.3218,32.6629,0.0626631
19.5213,32.5429,0.0626624
19.7996,32.5524,0.0627685
20.0415,32.4992,0.062825
20.2803,32.4392,0.0628774
20.5078,32.3598,0.0629151
20.7298,32.2704,0.0629458
20.9569,32.1878,0.0629835
21.1815,32.1004,0.0630184
21.4025,32.0064,0.0630491
21.631,31.9225,0.0630896
21.8593,31.837,0.0631301
22.0868,31.749,0.0631699
22.3169,31.6636,0.0632132
22.5451,31.5741,0.0632544
22.7712,31.4805,0.0632935
21.0313,28.7024,0.0610106
21.1951,28.5568,0.0609966
23.4724,31.2231,0.0634394
23.6878,31.1103,0.0634673
21.3996,27.75,0.0606336
21.4427,27.4559,0.0604898
21.5165,27.2045,0.0603837
24.6742,30.8069,0.0637242
24.9326,30.7411,0.0638017
25.1525,30.6262,0.0638366
25.3969,30.5397,0.0638988
25.6321,30.4407,0.0639511
25.8768,30.3513,0.064014
26.1305,30.2707,0.0640866
26.3644,30.1655,0.0641382
26.6166,30.0795,0.0642094
26.8494,29.97,0.0642604
27.0993,29.8781,0.0643295
27.366,29.8026,0.0644161
27.6137,29.7044,0.0644831
27.8502,29.5927,0.0645389
28.1003,29.4936,0.0646088
28.3619,29.4049,0.0646904
28.5795,29.2689,0.0647281
28.7804,29.1151,0.0647498
29.0257,29.0051,0.0648161
29.3981,29.0189,0.0650074
29.6945,28.9539,0.0651233
29.9364,28.8336,0.0651861
30.1808,28.7141,0.0652517
30.4672,28.6325,0.0653578
30.7611,28.5552,0.0654709
31.0094,28.4335,0.0655408
31.293,28.3421,0.0656441
31.5602,28.2336,0.065732
31.8497,28.1427,0.065841
32.0738,27.9921,0.0658891
32.3396,27.8764,0.0659764
32.5938,27.7487,0.0660532
7.11107,5.97795,0.0426546
7.10915,5.90226,0.0426197
7.13364,5.84902,0.0426092
7.17405,5.80892,0.0426134
7.22049,5.77353,0.0426232
7.25578,5.72912,0.0426232
7.29238,5.68572,0.0426246
7.3612,5.6671,0.0426546
35.3757,26.8958,0.0671932
35.6272,26.7436,0.0672693
35.9336,26.6305,0.0673936
36.257,26.5271,0.0675325
36.5585,26.4048,0.0676526
36.824,26.2543,0.067742
37.1357,26.1343,0.0678711
37.4892,26.0406,0.0680359
37.7604,25.887,0.0681308
37.9798,25.6963,0.0681825
38.1892,25.4977,0.0682265
38.8226,25.5776,0.0686258
39.1624,25.4583,0.0687787
39.461,25.3093,0.0688974
39.7499,25.1517,0.0690084
40.1121,25.0376,0.0691801
40.4183,24.8854,0.0693058
40.7326,24.7356,0.0694384
36.4243,21.8143,0.0658095
41.4877,24.5024,0.069807
41.9475,24.428,0.0700577
42.1981,24.2284,0.0701394
42.5261,24.071,0.0702839
42.7079,23.8291,0.0703118
43.3615,23.8461,0.0707167
43.7646,23.7192,0.0709213
44.1157,23.5605,0.0710846
44.5143,23.4235,0.0712857
44.9182,23.2852,0.0714909
45.2143,23.0878,0.0716117
45.7018,22.9843,0.0718826
46.1108,22.8366,0.072092
46.472,22.6615,0.0722645
47.0438,22.5841,0.0726003
47.2466,22.3258,0.0726505
47.3963,22.0418,0.072661
48.3891,22.1434,0.07332
48.6198,21.8892,0.0733933
49.0777,21.7342,0.0736412
49.5081,21.5624,0.0738681
49.8169,21.3342,0.0740028
50.3128,21.1822,0.07428
50.8438,21.0394,0.0745837
51.4008,20.9015,0.0749069
51.7872,20.6892,0.0751017
52.1012,20.4448,0.0752427
52.3535,20.174,0.0753383
53.578,20.2693,0.0761607
53.7811,19.9697,0.0762201
54.2371,19.7612,0.0764686
54.6587,19.5358,0.076692
55.2937,19.381,0.0770739
55.9771,19.2357,0.0774914
56.4978,19.0278,0.0777888
56.7474,18.725,0.0778872
57.4569,18.569,0.0783243
58.0588,18.3708,0.0786824
58.5153,18.121,0.0789344
59.1546,17.922,0.0793205
59.7496,17.7027,0.0796744
60.4632,17.5113,0.080115
60.9938,17.2601,0.0804228
61.4832,16.9918,0.0807014
62.0101,16.7286,0.0810079
0,0,0
0,0,0
64.273,16.076,0.0824223
64.6405,15.7471,0.0826164
65.6262,15.5613,0.0832552
0,0,0
0,0,0
0,0,0
0,0,0
0,0,0
0,0,0
0,0,0
0,0,0
0,0,0
0,0,0
0,0,0
0,0,0
0,0,0
0,0,0
0,0,0
0,0,0
0,0,0
0,0,0
0,0,0
0,0,0
0,0,0
0,0,0
0,0,0
0,0,0
0,0,0
0,0,0
0,0,0
0,0,0
0,0,0
0,0,0
0,0,0
0,0,0
0,0,0
0,0,0
0,0,0
0,0,0
0,0,0
0,0,0
0,0,0
0,0,0
0,0,0
0,0,0
0,0,0
24.0553,-0.895051,0.0529744
0,0,0
0,0,0
0,0,0
0,0,0
0,0,0
0,0,0
0,0,0
0,0,0
0,0,0
0,0,0
0,0,0
0,0,0
0,0,0
0,0,0
0,0,0
0,0,0
0,0,0
0,0,0
0,0,0
0,0,0
0,0,0
0,0,0
0,0,0
0,0,0
0,0,0
0,0,0
0,0,0
0,0,0
70.4824,-15.399,0.0865357
0,0,0
0,0,0
0,0,0
0,0,0
0,0,0
0,0,0
0,0,0
0,0,0
0,0,0
0,0,0
0,0,0
0,0,0
0,0,0
0,0,0
0,0,0
57.7579,-18.7105,0.0785546
57.6459,-19.0658,0.0785574
0,0,0
0,0,0
0,0,0
57.1022,-20.4538,0.0785141
56.9916,-20.8096,0.078526
56.8432,-21.1516,0.0785113
0,0,0
0,0,0
0,0,0
0,0,0
0,0,0
0,0,0
0,0,0
0,0,0
0,0,0
0,0,0
0,0,0
0,0,0
0,0,0
0,0,0
0,0,0
0,0,0
46.635,-23.1368,0.072513
0,0,0
46.3876,-23.7279,0.0725444
46.2607,-24.0222,0.0725598
46.154,-24.3275,0.0725926
46.04,-24.6296,0.0726212
45.9407,-24.9402,0.0726631
0,0,0
45.7115,-25.547,0.0727273
0,0,0
45.4735,-26.1514,0.0727909
0,0,0
0,0,0
0,0,0
0,0,0
0,0,0
0,0,0
0,0,0
0,0,0
0,0,0
0,0,0
0,0,0
0,0,0
33.9623,-23.3185,0.0649299
33.2907,-23.1593,0.064481
32.1557,-22.6637,0.0636335
31.7002,-22.6352,0.0633626
31.1159,-22.5075,0.0629793
30.3045,-22.2051,0.0623971
29.9275,-22.2124,0.0621883
28.4054,-21.3543,0.0609785
28.2015,-21.4731,0.0609149
27.5568,-21.2506,0.0604632
27.2769,-21.303,0.0603313
26.6233,-21.0568,0.0598663
26.0433,-20.8591,0.0594635
25.9746,-21.067,0.0595173
25.0465,-20.5704,0.0587961
24.6108,-20.4666,0.0585155
24.4212,-20.5638,0.0584575
24.1728,-20.6095,0.0583458
23.8733,-20.6084,0.0581866
23.9339,-20.9184,0.0583605
23.164,-20.4976,0.0577629
21.4975,-19.2595,0.0563191
21.933,-19.8935,0.0568413
21.9645,-20.1691,0.0569873
21.2001,-19.7084,0.0563771
21.0395,-19.8011,0.0563394
20.6801,-19.7036,0.0561104
20.1097,-19.3969,0.0556748
19.581,-19.1204,0.0552754
19.3104,-19.089,0.0551253
19.6694,-19.6839,0.0555959
19.5833,-19.8398,0.0556308
19.2832,-19.777,0.0554528
19.0769,-19.8071,0.0553676
17.6088,-18.5089,0.0540041
17.1655,-18.2661,0.0536683
18.1464,-19.5488,0.0547902
17.6537,-19.2536,0.0544056
16.8109,-18.5619,0.0536523
17.7301,-19.8199,0.0547344
16.5739,-18.7578,0.0536439
16.0469,-18.3875,0.0532069
15.907,-18.4546,0.0531782
14.7004,-17.2681,0.0520012
16.1858,-19.2507,0.0537277
14.9928,-18.0557,0.0525534
14.8538,-18.1133,0.0525227
14.7839,-18.2554,0.0525688
14.7141,-18.3989,0.0526162
14.1039,-17.8595,0.0520563
13.994,-17.9457,0.0520563
14.7177,-19.1143,0.0530107
14.6146,-19.2233,0.0530275
13.6085,-18.1298,0.0519949
14.2133,-19.1795,0.0528348
14.4615,-19.7667,0.0532676
13.7901,-19.0939,0.0526121
13.8091,-19.3694,0.0527761
12.4209,-17.6506,0.0512367
12.3141,-17.729,0.0512388
13.5215,-19.7243,0.0528641
12.5484,-18.548,0.0518029
12.4099,-18.588,0.0517722
11.6602,-17.6993,0.0509659
11.5454,-17.7613,0.0509582
11.8767,-18.5187,0.0515279
10.8656,-17.1733,0.0503564
10.76,-17.2396,0.0503564
10.6755,-17.3402,0.050385
0,0,0
0,0,0
10.5254,-17.8231,0.0506196
10.4491,-17.9444,0.0506657
10.5429,-18.3637,0.0509519
0,0,0
10.2101,-18.3004,0.050799
10.0431,-18.2637,0.0507201
0,0,0
0,0,0
0,0,0
0,0,0
0,0,0
7.95009,-15.8096,0.0485231
7.82409,-15.7998,0.0484777
7.7156,-15.8242,0.0484596
7.62788,-15.891,0.0484749
7.54946,-15.9782,0.0485063
7.45507,-16.0324,0.0485126
0,0,0
0,0,0
0,0,0
0,0,0
0,0,0
0,0,0
0,0,0
0,0,0
0,0,0
0,0,0
0,0,0
0,0,0
0,0,0
0,0,0
0,0,0
0,0,0
0,0,0
0,0,0
0,0,0
0,0,0
0,0,0
0,0,0
0,0,0
0,0,0
0,0,0
0,0,0
0,0,0
0,0,0
0,0,0
0,0,0
0,0,0
0,0,0
0,0,0
0,0,0
0,0,0
0,0,0
0,0,0
0,0,0
0,0,0
0,0,0
0,0,0
0,0,0
0,0,0
0,0,0
0,0,0
0,0,0
0,0,0
0,0,0
0,0,0
0,0,0
0,0,0
0,0,0
0,0,0
0,0,0
0,0,0
0,0,0
0,0,0
0,0,0
0,0,0
0,0,0
0,0,0
0,0,0
0,0,0
0,0,0
0,0,0
0,0,0
0,0,0
0,0,0
0,0,0
0,0,0
0,0,0
0,0,0
0,0,0
0,0,0
0,0,0
0,0,0
0,0,0
0,0,0
0,0,0
0,0,0
0,0,0
0,0,0
0,0,0
0,0,0
0,0,0
0,0,0
0,0,0
0,0,0
0,0,0
0,0,0
0,0,0
0,0,0
0,0,0
0,0,0
0,0,0
0,0,0
0,0,0
0,0,0
0,0,0
0,0,0
0,0,0
0,0,0
0,0,0
0,0,0
0,0,0
0,0,0
0,0,0
0,0,0
0,0,0
0,0,0
0,0,0
0,0,0
0,0,0
0,0,0
0,0,0
0,0,0
0,0,0
0,0,0
0,0,0
0,0,0
0,0,0
0,0,0
0,0,0
0,0,0
0,0,0
0,0,0
0,0,0
0,0,0
0,0,0
0,0,0
0,0,0
0,0,0
0,0,0
0,0,0
0,0,0
0,0,0
0,0,0
0,0,0
0,0,0
0,0,0
0,0,0
0,0,0
0,0,0
0,0,0
0,0,0
0,0,0
0,0,0
0,0,0
0,0,0
0,0,0
0,0,0
0,0,0
0,0,0
0,0,0
0,0,0
0,0,0
0,0,0
0,0,0
0,0,0
0,0,0
0,0,0
0,0,0
0,0,0
0,0,0
0,0,0
0,0,0
0,0,0
0,0,0
0,0,0
0,0,0
0,0,0
0,0,0
0,0,0
0,0,0
0,0,0
0,0,0
0,0,0
0,0,0
0,0,0
0,0,0
0,0,0
0,0,0
0,0,0
0,0,0
0,0,0
0,0,0
0,0,0
0,0,0
0,0,0
0,0,0
0,0,0
0,0,0
0,0,0
0,0,0
0,0,0
0,0,0
0,0,0
0,0,0
0,0,0
0,0,0
0,0,0
0,0,0
0,0,0
0,0,0
0,0,0
0,0,0
0,0,0
0,0,0
0,0,0
0,0,0
0,0,0
0,0,0
0,0,0
0,0,0
0,0,0
0,0,0
0,0,0
0,0,0
0,0,0
0,0,0
0,0,0
0,0,0
0,0,0
0,0,0
0,0,0
0,0,0
0,0,0
0,0,0
0,0,0
0,0,0
0,0,0
0,0,0
0,0,0
0,0,0
0,0,0
0,0,0
0,0,0
0,0,0
0,0,0
0,0,0
0,0,0
0,0,0
0,0,0
0,0,0
0,0,0
0,0,0
0,0,0
0,0,0
0,0,0
0,0,0
0,0,0
0,0,0
0,0,0
0,0,0
0,0,0
0,0,0
0,0,0
0,0,0
0,0,0
0,0,0
0,0,0
0,0,0
0,0,0
0,0,0
0,0,0
0,0,0
0,0,0
0,0,0
0,0,0
0,0,0
0,0,0
0,0,0
0,0,0
0,0,0
0,0,0
0,0,0
0,0,0
0,0,0
0,0,0
0,0,0
0,0,0
0,0,0
0,0,0
0,0,0
0,0,0
0,0,0
0,0,0
0,0,0
0,0,0
0,0,0
0,0,0
0,0,0
0,0,0
0,0,0
0,0,0
0,0,0
0,0,0
0,0,0
0,0,0
0,0,0
0,0,0
0,0,0
0,0,0
0,0,0
0,0,0
0,0,0
0,0,0
0,0,0
0,0,0
0,0,0
0,0,0
0,0,0
0,0,0
0,0,0
0,0,0
0,0,0
0,0,0
0,0,0
0,0,0
0,0,0
0,0,0
0,0,0
0,0,0
0,0,0
0,0,0
0,0,0
0,0,0
0,0,0
0,0,0
0,0,0
0,0,0
0,0,0
0,0,0
0,0,0
0,0,0
0,0,0
0,0,0
0,0,0
0,0,0
0,0,0
0,0,0
0,0,0
0,0,0
0,0,0
0,0,0
0,0,0
0,0,0
0,0,0
0,0,0
0,0,0
0,0,0
0,0,0
0,0,0
0,0,0
0,0,0
0,0,0
0,0,0
0,0,0
0,0,0
0,0,0
0,0,0
0,0,0
0,0,0
0,0,0
0,0,0
0,0,0
0,0,0
0,0,0
0,0,0
0,0,0
0,0,0
0,0,0
0,0,0
0,0,0
0,0,0
0,0,0
0,0,0
0,0,0
0,0,0
0,0,0
0,0,0
0,0,0
0,0,0
0,0,0
0,0,0
0,0,0
0,0,0
0,0,0
0,0,0
0,0,0
0,0,0
0,0,0
0,0,0
0,0,0
0,0,0
0,0,0
0,0,0
0,0,0
0,0,0
0,0,0
0,0,0
0,0,0
0,0,0
0,0,0
0,0,0
0,0,0
0,0,0
0,0,0
0,0,0
0,0,0
0,0,0
0,0,0
0,0,0
0,0,0
0,0,0
0,0,0
0,0,0
0,0,0
0,0,0
0,0,0
0,0,0
0,0,0
0,0,0
0,0,0
0,0,0
0,0,0
0,0,0
0,0,0
0,0,0
0,0,0
0,0,0
0,0,0
0,0,0
0,0,0
0,0,0
0,0,0
0,0,0
0,0,0
0,0,0
0,0,0
0,0,0
0,0,0
0,0,0
0,0,0
0,0,0
0,0,0
0,0,0
0,0,0
0,0,0
0,0,0
0,0,0
0,0,0
0,0,0
0,0,0
0,0,0
0,0,0
0,0,0
0,0,0
0,0,0
0,0,0
0,0,0
0,0,0
0,0,0
0,0,0
0,0,0
0,0,0
0,0,0
0,0,0
0,0,0
0,0,0
0,0,0
0,0,0
0,0,0
0,0,0
0,0,0
0,0,0
0,0,0
0,0,0
0,0,0
0,0,0
0,0,0
0,0,0
0,0,0
0,0,0
0,0,0
0,0,0
0,0,0
0,0,0
0,0,0
0,0,0
0,0,0
0,0,0
0,0,0
0,0,0
0,0,0
0,0,0
0,0,0
0,0,0
0,0,0
0,0,0
0,0,0
0,0,0
0,0,0
0,0,0
0,0,0
0,0,0
0,0,0
0,0,0
0,0,0
0,0,0
0,0,0
0,0,0
0,0,0
0,0,0
0,0,0
0,0,0
0,0,0
0,0,0
0,0,0
0,0,0
0,0,0
0,0,0
0,0,0
0,0,0
0,0,0
0,0,0
0,0,0
0,0,0
0,0,0
0,0,0
0,0,0
0,0,0
0,0,0
0,0,0
0,0,0
0,0,0
0,0,0
0,0,0
0,0,0
0,0,0
0,0,0
0,0,0
0,0,0
0,0,0
0,0,0
0,0,0
0,0,0
0,0,0
0,0,0
0,0,0
0,0,0
0,0,0
0,0,0
0,0,0
0,0,0
0,0,0
0,0,0
0,0,0
0,0,0
0,0,0
0,0,0
0,0,0
0,0,0
0,0,0
0,0,0
0,0,0
0,0,0
0,0,0
0,0,0
0,0,0
0,0,0
0,0,0
0,0,0
0,0,0
0,0,0
0,0,0
0,0,0
0,0,0
0,0,0
0,0,0
0,0,0
0,0,0
0,0,0
0,0,0
0,0,0
0,0,0
0,0,0
0,0,0
0,0,0
0,0,0
0,0,0
0,0,0
0,0,0
0,0,0
0,0,0
0,0,0
0,0,0
0,0,0
0,0,0
0,0,0
0,0,0
8.06283,36.9551,-0.399364
8.28263,36.8747,-0.399007
8.50198,36.794,-0.398661
8.72412,36.7265,-0.398489
8.94243,36.6441,-0.398155
9.15836,36.5537,-0.39774
9.37376,36.4629,-0.397337
9.58024,36.3399,-0.396565
9.79364,36.2457,-0.39615
9.99959,36.1261,-0.395448
10.2208,36.0631,-0.395436
10.4427,36.0026,-0.395471
10.6614,35.9311,-0.39539
10.88,35.8593,-0.395321
11.1042,35.8062,-0.395494
11.3171,35.7164,-0.39524
0,0,0
11.7586,35.5872,-0.39539
0,0,0
12.1954,35.4431,-0.395425
12.4136,35.3704,-0.395459
12.6274,35.2851,-0.395355
12.8396,35.1957,-0.395217
13.0514,35.1059,-0.395091
13.2659,35.0233,-0.395068
13.4802,34.9403,-0.395056
13.695,34.8588,-0.395079
13.909,34.775,-0.395091
14.1191,34.6816,-0.394998
14.3267,34.5823,-0.394849
14.5363,34.4883,-0.39478
14.737,34.3736,-0.394469
14.9488,34.2853,-0.394503
15.1804,34.2414,-0.395114
15.4075,34.1859,-0.395597
15.6319,34.1234,-0.396012
15.852,34.0504,-0.396312
14.148,29.9094,-0.344787
14.3235,29.8058,-0.34458
14.4548,29.6122,-0.343232
16.7464,33.7792,-0.397959
14.7879,29.3745,-0.342484
14.9637,29.2752,-0.34238
17.3934,33.5194,-0.398661
17.6043,33.4227,-0.3988
17.8232,33.3405,-0.399145
18.0446,33.2621,-0.39956
18.2653,33.1814,-0.399963
18.4846,33.0976,-0.400343
18.6972,33.0009,-0.400574
18.9058,32.8968,-0.400723
19.1128,32.7897,-0.40085
19.3127,32.6701,-0.400827
19.523,32.5681,-0.401057
19.8015,32.5776,-0.402808
20.0403,32.5194,-0.403672
20.2691,32.4433,-0.404317
20.4919,32.3563,-0.404836
20.7219,32.2796,-0.405515
20.949,32.1971,-0.406137
21.1754,32.1122,-0.406748
21.4009,32.0249,-0.407347
21.6301,31.9418,-0.408026
21.8551,31.8514,-0.408625
22.0809,31.761,-0.409247
22.3105,31.6748,-0.40995
22.5399,31.587,-0.410653
22.7626,31.4886,-0.411229
23.0056,31.4169,-0.412208
23.2414,31.3338,-0.413049
23.4579,31.2234,-0.413521
23.6702,31.1067,-0.413924
23.8887,30.9973,-0.414454
24.0778,30.8493,-0.414442
21.5718,27.2917,-0.364381
21.737,27.1565,-0.364347
21.7509,26.8347,-0.361559
25.1366,30.6256,-0.420052
25.3675,30.523,-0.420835
25.6077,30.4303,-0.421791
25.8504,30.3388,-0.422794
26.0903,30.2425,-0.42375
26.3326,30.1474,-0.424752
26.5648,30.0391,-0.425581
26.8446,29.9829,-0.42724
27.0912,29.8872,-0.428323
27.3451,29.7978,-0.429532
27.6002,29.7078,-0.430765
27.8457,29.6056,-0.431836
28.1117,29.5233,-0.433253
28.3353,29.3949,-0.433967
28.564,29.2706,-0.434773
28.7529,29.1047,-0.434934
29.054,29.0508,-0.436939
29.4074,29.0455,-0.439784
29.6645,28.942,-0.441063
29.9265,28.8413,-0.442422
30.1848,28.7351,-0.443723
30.4472,28.6308,-0.445094
30.7154,28.5299,-0.446557
30.9569,28.4024,-0.447605
31.218,28.2912,-0.448965
31.4871,28.1851,-0.45045
31.7748,28.0934,-0.452224
32.0362,27.9761,-0.453595
29.074,25.0766,-0.40593
32.5438,27.7229,-0.456118
7.08971,5.96518,-0.0703722
7.09618,5.89664,-0.069923
7.12527,5.84728,-0.0698193
7.16801,5.80912,-0.069923
7.21991,5.77815,-0.0701649
7.25288,5.73188,-0.0701303
7.29264,5.69096,-0.0701995
7.3393,5.65526,-0.0703722
35.3821,26.9172,-0.475769
35.6441,26.7729,-0.477174
35.9274,26.6424,-0.478891
36.2387,26.5302,-0.48101
36.5612,26.4233,-0.483291
36.844,26.285,-0.485007
37.1149,26.1361,-0.486562
37.4667,26.0414,-0.489258
37.766,25.9072,-0.491216
37.9872,25.7176,-0.492091
38.1567,25.4924,-0.492264
38.7783,25.5649,-0.498692
39.1724,25.4813,-0.501963
39.4173,25.2977,-0.503184
39.7145,25.1458,-0.505131
40.0759,25.0314,-0.507953
40.4551,24.9245,-0.511017
36.3218,22.0717,-0.45325
36.4583,21.8495,-0.453273
41.5656,24.5648,-0.519829
41.8875,24.4095,-0.522121
42.2376,24.2676,-0.524794
42.5467,24.0992,-0.526925
42.7191,23.8518,-0.527259
42.9522,23.6374,-0.52841
43.6572,23.6776,-0.53576
44.1315,23.5855,-0.540068
44.363,23.3604,-0.541208
0,0,0
0,0,0
0,0,0
0,0,0
0,0,0
0,0,0
0,0,0
0,0,0
43.5028,19.9228,-0.51483
0,0,0
0,0,0
0,0,0
44.5917,19.1119,-0.522513
0,0,0
0,0,0
0,0,0
0,0,0
45.0025,17.6744,-0.520601
0,0,0
0,0,0
0,0,0
0,0,0
46.2842,16.5577,-0.529908
46.3283,16.2536,-0.529217
0,0,0
0,0,0
0,0,0
0,0,0
0,0,0
48.3765,14.9965,-0.547083
0,0,0
0,0,0
0,0,0
0,0,0
0,0,0
0,0,0
0,0,0
0,0,0
51.7815,12.9674,-0.578564
52.4624,12.7963,-0.585706
0,0,0
53.427,12.339,-0.595301
34.0238,7.63836,-0.365337
0,0,0
0,0,0
0,0,0
0,0,0
0,0,0
0,0,0
0,0,0
0,0,0
0,0,0
30.6687,4.93298,-0.321473
35.8371,5.53886,-0.381372
30.8377,4.57268,-0.322763
31.0098,4.4039,-0.324445
0,0,0
0,0,0
0,0,0
29.581,3.46277,-0.306729
29.5997,3.28098,-0.306706
0,0,0
0,0,0
33.6708,3.10597,-0.353162
30.7174,2.64359,-0.318801
30.7689,2.45793,-0.319215
33.2296,2.44937,-0.347471
32.7342,2.211,-0.341585
32.7801,2.01213,-0.341965
32.2916,1.78334,-0.336194
31.6059,1.55101,-0.328166
32.2022,1.38226,-0.334939
32.262,1.18656,-0.335538
0,0,0
31.4215,0.769685,-0.325712
29.4001,0.539715,-0.302375
29.3909,0.359163,-0.302237
32.2633,0.196245,-0.335307
32.5848,-0.00174374,-0.339005
31.8193,-0.196937,-0.330193
32.5884,-0.401684,-0.339074
31.7285,-0.585805,-0.329202
32.479,-0.799053,-0.337899
32.4735,-0.998325,-0.337899
32.4698,-1.19767,-0.337934
32.8374,-1.41305,-0.342265
32.8941,-1.61775,-0.343025
33.8629,-1.87376,-0.354325
34.5425,-2.12404,-0.362308
34.5288,-2.33595,-0.362308
35.2966,-2.60557,-0.37135
35.7684,-2.86117,-0.376994
36.4893,-3.14429,-0.385541
36.8069,-3.3993,-0.389446
0,0,0
0,0,0
0,0,0
0,0,0
0,0,0
0,0,0
0,0,0
34.3376,-4.88027,-0.363172
34.312,-5.0916,-0.363229
0,0,0
0,0,0
0,0,0
37.5254,-6.51341,-0.402382
0,0,0
40.0447,-7.45806,-0.432873
0,0,0
0,0,0
0,0,0
0,0,0
0,0,0
0,0,0
0,0,0
0,0,0
0,0,0
0,0,0
0,0,0
0,0,0
0,0,0
0,0,0
0,0,0
0,0,0
0,0,0
0,0,0
0,0,0
0,0,0
0,0,0
0,0,0
0,0,0
0,0,0
0,0,0
0,0,0
0,0,0
0,0,0
0,0,0
0,0,0
0,0,0
0,0,0
0,0,0
24.2756,-10.0567,-0.266332
0,0,0
0,0,0
0,0,0
0,0,0
0,0,0
0,0,0
0,0,0
0,0,0
0,0,0
0,0,0
0,0,0
0,0,0
0,0,0
0,0,0
0,0,0
0,0,0
0,0,0
0,0,0
0,0,0
22.9968,-13.0291,-0.268118
19.5795,-11.2522,-0.223781
0,0,0
0,0,0
0,0,0
0,0,0
0,0,0
0,0,0
0,0,0
0,0,0
0,0,0
0,0,0
0,0,0
16.9136,-11.4532,-0.198946
25.1927,-17.2861,-0.315598
25.0213,-17.3953,-0.314689
24.8912,-17.5324,-0.314366
24.6619,-17.5982,-0.31265
0,0,0
0,0,0
19.8621,-14.7322,-0.248512
0,0,0
0,0,0
0,0,0
0,0,0
0,0,0
0,0,0
21.6519,-17.5499,-0.284705
21.4966,-17.6437,-0.284002
21.3787,-17.7676,-0.283864
21.2693,-17.8984,-0.283864
21.1241,-17.9988,-0.283334
21.0231,-18.1365,-0.283484
20.7201,-18.0981,-0.280558
20.5345,-18.1593,-0.279418
20.1612,-18.0508,-0.275374
19.8412,-17.9848,-0.272126
19.5205,-17.9136,-0.268843
16.6126,-15.4338,-0.224852
18.6852,-17.5742,-0.259133
18.2902,-17.4155,-0.254571
17.9944,-17.3456,-0.251553
17.5849,-17.1602,-0.246681
17.2438,-17.0352,-0.242868
13.8068,-13.8081,-0.188579
16.569,-16.7753,-0.235254
16.3136,-16.7206,-0.232743
15.956,-16.5561,-0.228515
15.6542,-16.4437,-0.225175
15.4174,-16.3952,-0.222894
15.2069,-16.3715,-0.22104
14.9737,-16.3201,-0.218782
14.7504,-16.2761,-0.216674
14.5969,-16.3067,-0.215753
14.1826,-16.0409,-0.210293
13.9379,-15.9604,-0.207735
13.73,-15.9184,-0.2058
13.4771,-15.8204,-0.203047
13.4119,-15.9411,-0.203623
13.1273,-15.7985,-0.20026
12.9083,-15.7303,-0.198048
12.6315,-15.587,-0.194754
12.5188,-15.6432,-0.194443
12.4287,-15.7275,-0.194558
12.0921,-15.496,-0.190065
11.9962,-15.5692,-0.190054
11.8599,-15.5892,-0.189282
11.6307,-15.4841,-0.186725
11.4467,-15.4355,-0.185009
11.3565,-15.5119,-0.185101
11.2593,-15.5789,-0.185066
10.9266,-15.3156,-0.180366
10.9182,-15.5041,-0.182083
10.6043,-15.2564,-0.177671
10.5716,-15.4102,-0.178915
10.02,-14.7999,-0.169527
10.4683,-15.6685,-0.180712
10.3125,-15.6422,-0.179468
9.62152,-14.7907,-0.166901
10.0113,-15.5985,-0.177153
9.9068,-15.6461,-0.176968
9.59343,-15.3589,-0.172246
9.50321,-15.4242,-0.172338
9.61401,-15.8207,-0.176899
9.51111,-15.8699,-0.176772
9.14341,-15.4709,-0.170656
9.29298,-15.9466,-0.176254
9.06744,-15.7813,-0.173305
8.9798,-15.8532,-0.173524
8.92915,-15.9918,-0.17463
8.86123,-16.1015,-0.175356
8.78515,-16.1977,-0.175909
8.65685,-16.1976,-0.175206
8.3784,-15.9106,-0.170783
8.2622,-15.9262,-0.170322
8.30355,-16.2491,-0.173847
7.91959,-15.7352,-0.166567
7.82378,-15.7853,-0.16659
7.71801,-15.8151,-0.166359
7.63728,-15.8964,-0.166797
7.54857,-15.9619,-0.167039
7.60196,-16.3334,-0.171174
7.4354,-16.2352,-0.169343
7.36727,-16.3507,-0.17023
6.38113,-14.3972,-0.145049
6.08292,-13.9548,-0.139002
6.00348,-14.0066,-0.139186
6.83449,-16.2197,-0.166394
5.7156,-13.8002,-0.135708
6.34094,-15.5799,-0.157409
5.94489,-14.8674,-0.14809
6.16353,-15.6929,-0.157858
5.73537,-14.8702,-0.147238
5.86037,-15.4765,-0.154276
5.81128,-15.6359,-0.155797
5.71591,-15.6731,-0.15582
5.21782,-14.5847,-0.142078
5.13122,-14.6249,-0.142181
4.79649,-13.9441,-0.133507
0,0,0
0,0,0
0,0,0
0,0,0
0,0,0
0,0,0
0,0,0
0,0,0
0,0,0
0,0,0
0,0,0
0,0,0
0,0,0
0,0,0
0,0,0
0,0,0
0,0,0
0,0,0
0,0,0
0,0,0
0,0,0
0,0,0
0,0,0
0,0,0
0,0,0
0,0,0
0,0,0
0,0,0
0,0,0
0,0,0
0,0,0
0,0,0
0,0,0
0,0,0
0,0,0
0,0,0
0,0,0
0,0,0
0,0,0
0,0,0
0,0,0
0,0,0
0,0,0
0,0,0
0,0,0
0,0,0
0,0,0
0,0,0
0,0,0
0,0,0
0,0,0
0,0,0
0,0,0
0,0,0
0,0,0
0,0,0
0,0,0
0,0,0
0,0,0
0,0,0
0,0,0
0,0,0
0,0,0
0,0,0
0,0,0
0,0,0
0,0,0
0,0,0
0,0,0
0,0,0
0,0,0
0,0,0
0,0,0
0,0,0
0,0,0
0,0,0
0,0,0
0,0,0
0,0,0
0,0,0
0,0,0
0,0,0
0,0,0
0,0,0
0,0,0
0,0,0
0,0,0
0,0,0
0,0,0
0,0,0
0,0,0
0,0,0
0,0,0
0,0,0
0,0,0
0,0,0
0,0,0
0,0,0
0,0,0
0,0,0
0,0,0
0,0,0
0,0,0
0,0,0
0,0,0
0,0,0
0,0,0
0,0,0
0,0,0
0,0,0
0,0,0
0,0,0
0,0,0
0,0,0
0,0,0
0,0,0
0,0,0
0,0,0
0,0,0
0,0,0
0,0,0
0,0,0
0,0,0
0,0,0
0,0,0
0,0,0
0,0,0
0,0,0
0,0,0
0,0,0
0,0,0
0,0,0
0,0,0
0,0,0
0,0,0
0,0,0
0,0,0
0,0,0
0,0,0
0,0,0
0,0,0
0,0,0
0,0,0
0,0,0
0,0,0
0,0,0
0,0,0
0,0,0
0,0,0
0,0,0
0,0,0
0,0,0
0,0,0
0,0,0
0,0,0
0,0,0
0,0,0
0,0,0
0,0,0
0,0,0
0,0,0
0,0,0
0,0,0
0,0,0
0,0,0
0,0,0
0,0,0
0,0,0
0,0,0
0,0,0
0,0,0
0,0,0
0,0,0
0,0,0
0,0,0
0,0,0
0,0,0
0,0,0
0,0,0
0,0,0
0,0,0
0,0,0
0,0,0
0,0,0
0,0,0
0,0,0
0,0,0
0,0,0
0,0,0
0,0,0
0,0,0
0,0,0
0,0,0
0,0,0
0,0,0
0,0,0
0,0,0
0,0,0
0,0,0
0,0,0
0,0,0
0,0,0
0,0,0
0,0,0
0,0,0
0,0,0
0,0,0
0,0,0
0,0,0
0,0,0
0,0,0
0,0,0
0,0,0
0,0,0
0,0,0
0,0,0
0,0,0
0,0,0
0,0,0
0,0,0
0,0,0
0,0,0
0,0,0
0,0,0
0,0,0
0,0,0
0,0,0
0,0,0
0,0,0
0,0,0
0,0,0
0,0,0
0,0,0
0,0,0
0,0,0
0,0,0
0,0,0
0,0,0
0,0,0
0,0,0
0,0,0
0,0,0
0,0,0
0,0,0
0,0,0
0,0,0
0,0,0
0,0,0
0,0,0
0,0,0
0,0,0
0,0,0
0,0,0
0,0,0
0,0,0
0,0,0
0,0,0
0,0,0
0,0,0
0,0,0
0,0,0
0,0,0
0,0,0
0,0,0
0,0,0
0,0,0
0,0,0
0,0,0
0,0,0
0,0,0
0,0,0
0,0,0
0,0,0
0,0,0
0,0,0
0,0,0
0,0,0
0,0,0
0,0,0
0,0,0
0,0,0
0,0,0
0,0,0
0,0,0
0,0,0
0,0,0
0,0,0
0,0,0
0,0,0
0,0,0
0,0,0
0,0,0
0,0,0
0,0,0
0,0,0
0,0,0
0,0,0
0,0,0
0,0,0
0,0,0
0,0,0
0,0,0
0,0,0
0,0,0
0,0,0
0,0,0
0,0,0
0,0,0
0,0,0
0,0,0
0,0,0
0,0,0
0,0,0
0,0,0
0,0,0
0,0,0
0,0,0
0,0,0
0,0,0
0,0,0
0,0,0
0,0,0
0,0,0
0,0,0
0,0,0
0,0,0
0,0,0
0,0,0
0,0,0
0,0,0
0,0,0
0,0,0
0,0,0
0,0,0
0,0,0
0,0,0
0,0,0
0,0,0
0,0,0
0,0,0
0,0,0
0,0,0
0,0,0
0,0,0
0,0,0
0,0,0
0,0,0
0,0,0
0,0,0
0,0,0
0,0,0
0,0,0
0,0,0
0,0,0
0,0,0
0,0,0
0,0,0
0,0,0
0,0,0
0,0,0
0,0,0
0,0,0
0,0,0
0,0,0
0,0,0
0,0,0
0,0,0
0,0,0
0,0,0
0,0,0
0,0,0
0,0,0
0,0,0
0,0,0
0,0,0
0,0,0
0,0,0
0,0,0
0,0,0
0,0,0
0,0,0
0,0,0
0,0,0
0,0,0
0,0,0
0,0,0
0,0,0
0,0,0
0,0,0
0,0,0
0,0,0
0,0,0
0,0,0
0,0,0
0,0,0
0,0,0
0,0,0
0,0,0
0,0,0
0,0,0
0,0,0
0,0,0
0,0,0
0,0,0
0,0,0
0,0,0
0,0,0
0,0,0
0,0,0
0,0,0
0,0,0
0,0,0
0,0,0
0,0,0
0,0,0
0,0,0
0,0,0
0,0,0
0,0,0
0,0,0
0,0,0
0,0,0
0,0,0
0,0,0
0,0,0
0,0,0
0,0,0
0,0,0
0,0,0
0,0,0
0,0,0
0,0,0
0,0,0
0,0,0
0,0,0
0,0,0
0,0,0
0,0,0
0,0,0
0,0,0
0,0,0
0,0,0
0,0,0
0,0,0
0,0,0
0,0,0
0,0,0
0,0,0
0,0,0
0,0,0
0,0,0
0,0,0
0,0,0
0,0,0
0,0,0
0,0,0
0,0,0
0,0,0
0,0,0
0,0,0
0,0,0
0,0,0
0,0,0
0,0,0
0,0,0
0,0,0
0,0,0
0,0,0
0,0,0
0,0,0
0,0,0
0,0,0
0,0,0
0,0,0
0,0,0
0,0,0
0,0,0
0,0,0
0,0,0
0,0,0
0,0,0
0,0,0
0,0,0
0,0,0
0,0,0
0,0,0
0,0,0
0,0,0
0,0,0
0,0,0
0,0,0
0,0,0
0,0,0
0,0,0
0,0,0
0,0,0
0,0,0
0,0,0
0,0,0
0,0,0
0,0,0
0,0,0
0,0,0
0,0,0
0,0,0
0,0,0
0,0,0
0,0,0
0,0,0
0,0,0
0,0,0
0,0,0
0,0,0
0,0,0
0,0,0
0,0,0
0,0,0
0,0,0
0,0,0
0,0,0
0,0,0
0,0,0
0,0,0
0,0,0
0,0,0
0,0,0
0,0,0
0,0,0
0,0,0
0,0,0
0,0,0
0,0,0
0,0,0
0,0,0
0,0,0
0,0,0
0,0,0
0,0,0
0,0,0
0,0,0
0,0,0
0,0,0
0,0,0
0,0,0
0,0,0
0,0,0
0,0,0
0,0,0
0,0,0
0,0,0
0,0,0
0,0,0
0,0,0
0,0,0
0,0,0
0,0,0
0,0,0
0,0,0
0,0,0
0,0,0
0,0,0
0,0,0
0,0,0
0,0,0
0,0,0
0,0,0
0,0,0
0,0,0
0,0,0
0,0,0
0,0,0
0,0,0
0,0,0
0,0,0
0,0,0
0,0,0
0,0,0
0,0,0
0,0,0
0,0,0
0,0,0
0,0,0
0,0,0
0,0,0
0,0,0
0,0,0
0,0,0
0,0,0
0,0,0
0,0,0
0,0,0
0,0,0
0,0,0
0,0,0
0,0,0
0,0,0
0,0,0
0,0,0
0,0,0
0,0,0
0,0,0
0,0,0
0,0,0
0,0,0
0,0,0
0,0,0
0,0,0
0,0,0
0,0,0
0,0,0
0,0,0
0,0,0
0,0,0
0,0,0
0,0,0
0,0,0
8.06451,36.9401,-0.867694
8.28729,36.8733,-0.867288
8.50483,36.7848,-0.866379
8.72344,36.7027,-0.865662
8.94066,36.6165,-0.864873
9.15738,36.5299,-0.864108
9.3709,36.4323,-0.863104
9.5856,36.3413,-0.862291
9.7964,36.2374,-0.861191
10.0034,36.1217,-0.859828
10.2183,36.0365,-0.859254
10.4406,35.978,-0.859374
10.65,35.8759,-0.858442
0,0,0
0,0,0
0,0,0
11.5374,35.6351,-0.859231
11.7596,35.575,-0.859518
11.9739,35.4908,-0.859231
12.2002,35.4422,-0.859876
12.4075,35.3384,-0.859159
12.6201,35.2503,-0.858872
12.8371,35.175,-0.858944
13.051,35.0909,-0.858824
13.2678,35.0148,-0.858944
13.4846,34.9383,-0.859087
13.6987,34.8549,-0.859087
13.9127,34.7712,-0.859111
14.1212,34.674,-0.858824
14.3307,34.5793,-0.858633
14.5325,34.4668,-0.858011
14.7232,34.3292,-0.856768
14.9452,34.2648,-0.857461
15.1924,34.2565,-0.859661
15.422,34.2064,-0.860809
15.6395,34.1284,-0.861263
15.8579,34.0517,-0.861789
16.0679,33.9565,-0.861861
14.3542,29.8594,-0.755778
14.5354,29.7672,-0.755682
16.7217,33.7186,-0.863558
16.9431,33.6448,-0.864347
17.1611,33.5634,-0.864969
17.3777,33.4787,-0.865543
17.5982,33.4007,-0.866332
17.8179,33.3203,-0.867097
18.0378,33.2393,-0.867886
18.2587,33.1595,-0.868746
18.4789,33.0774,-0.869583
18.6943,32.986,-0.870205
18.9044,32.8846,-0.870587
19.1118,32.7783,-0.870874
19.3131,32.6613,-0.870898
19.5034,32.5259,-0.870444
19.7888,32.5474,-0.874413
20.0243,32.4841,-0.876062
20.2524,32.4072,-0.877377
20.476,32.3221,-0.878501
20.7042,32.2429,-0.87984
20.9295,32.158,-0.881059
21.1594,32.0791,-0.882494
21.3853,31.9927,-0.883761
21.6165,31.913,-0.885267
21.8351,31.8136,-0.886247
22.0584,31.72,-0.887443
22.2843,31.629,-0.888758
22.4942,31.5145,-0.889427
22.696,31.388,-0.889786
22.7594,31.0723,-0.884574
22.6899,30.582,-0.87415
22.2297,29.5807,-0.848376
23.4727,30.8391,-0.890312
0,0,0
0,0,0
21.5496,27.2562,-0.794414
21.7289,27.1391,-0.794892
23.6793,29.206,-0.86265
24.1359,29.3986,-0.873122
24.2442,29.1639,-0.870444
24.3879,28.9733,-0.869153
24.575,28.8345,-0.869511
24.8076,28.7483,-0.871567
24.8948,28.4939,-0.86834
25.1811,28.4671,-0.87238
25.3492,28.3054,-0.872165
25.5607,28.1915,-0.873528
25.7772,28.082,-0.875082
25.9612,27.9365,-0.875512
26.1465,27.792,-0.876015
26.2463,27.5572,-0.873576
26.2289,27.2028,-0.867168
26.5217,27.1708,-0.871496
26.6886,27.0083,-0.87152
26.8857,26.8758,-0.872596
27.0074,26.6682,-0.871161
27.1397,26.4719,-0.870133
27.2901,26.2938,-0.86975
27.4053,26.0825,-0.868244
27.5219,25.8734,-0.866834
27.5351,25.5694,-0.8621
27.7187,25.4249,-0.862984
27.8564,25.2383,-0.86241
27.9869,25.0455,-0.861645
28.1093,24.8462,-0.860665
28.2454,24.6594,-0.860163
28.3667,24.4602,-0.859231
28.517,24.2863,-0.859254
7.08046,5.95432,-0.184694
7.08072,5.88074,-0.18357
7.11899,5.83908,-0.183642
7.16789,5.80599,-0.184048
7.24241,5.79313,-0.185243
7.24566,5.72317,-0.184263
7.28537,5.68229,-0.184407
7.35811,5.66677,-0.185554
29.7559,22.6311,-0.857509
29.9934,22.5226,-0.860474
30.1904,22.3822,-0.862243
30.3764,22.2325,-0.863702
30.2027,21.822,-0.854568
30.5485,21.7878,-0.860809
30.541,21.501,-0.856696
30.7733,21.3834,-0.859637
31.0853,21.3185,-0.864897
31.2395,21.1436,-0.86559
31.4036,20.9749,-0.866594
31.6319,20.8478,-0.869464
31.7215,20.6288,-0.868388
32.0873,20.5877,-0.875202
32.24,20.4075,-0.875967
32.5266,20.3104,-0.880533
32.6566,20.1141,-0.880701
17.9821,10.9235,-0.466625
33.0716,19.8141,-0.885458
33.3957,19.7308,-0.891101
33.688,19.6257,-0.895859
33.9309,19.4893,-0.899254
34.2429,19.3901,-0.904562
34.4294,19.2177,-0.906426
21.4844,11.8193,-0.549875
35.1591,19.063,-0.919935
35.2975,18.8587,-0.920533
35.4232,18.6473,-0.92082
35.6887,18.5083,-0.924908
35.9022,18.3404,-0.92761
36.1301,18.1782,-0.930718
17.6303,8.73452,-0.43399
36.956,18.0289,-0.946832
37.1363,17.8355,-0.948697
20.0123,9.4601,-0.492829
19.4364,9.04233,-0.476117
19.4952,8.92456,-0.476213
15.2527,6.86927,-0.363507
38.9939,17.2764,-0.983436
39.1524,17.06,-0.984823
15.5282,6.65232,-0.367452
15.7742,6.64346,-0.372784
18.3058,7.57797,-0.437265
20.6225,8.38932,-0.49589
0,0,0
20.8644,8.19079,-0.4995
26.8122,10.3367,-0.650675
26.7779,10.1352,-0.648188
21.5636,8.01043,-0.513582
26.8298,9.78011,-0.646395
26.8724,9.60924,-0.645965
26.9224,9.44119,-0.64575
20.0151,6.88101,-0.469614
20.4293,6.88354,-0.47901
18.3703,6.0644,-0.4261
0,0,0
26.7876,8.48054,-0.635421
18.5314,5.74151,-0.427415
20.5839,6.23942,-0.477838
26.1896,7.76381,-0.616724
20.7223,6.00473,-0.479416
19.4285,5.50074,-0.446351
25.696,7.10561,-0.60104
25.7179,6.94208,-0.600514
25.5657,6.73296,-0.595709
25.499,6.54836,-0.593055
25.2846,6.32817,-0.586791
25.2861,6.16391,-0.585882
25.1873,5.97632,-0.582535
25.0783,5.78816,-0.578972
25.0977,5.63067,-0.57859
24.9169,5.42973,-0.57333
24.9165,5.26971,-0.572517
24.8779,5.10226,-0.570796
24.8312,4.93412,-0.568907
24.7894,4.76788,-0.567162
24.5223,4.56065,-0.559965
24.5194,4.40461,-0.559224
24.5213,4.24981,-0.558626
24.402,4.07506,-0.555112
24.3278,3.90939,-0.552721
24.3059,3.75302,-0.551621
23.9635,3.54974,-0.542799
24.0581,3.41303,-0.544568
24.1004,3.26831,-0.545094
23.89,3.0906,-0.539547
23.9184,2.94518,-0.539786
23.9807,2.80359,-0.540862
0,0,0
23.6763,2.47386,-0.532757
23.6691,2.32639,-0.532231
23.5197,2.16607,-0.52831
23.5674,2.02471,-0.529147
23.3322,1.86035,-0.523217
23.5296,1.73087,-0.527688
23.5378,1.58633,-0.52764
23.7587,1.45484,-0.532709
24.1335,1.32923,-0.541484
24.4078,1.19418,-0.547867
24.6623,1.055,-0.553797
24.5874,0.900688,-0.55186
24.5455,0.748371,-0.550736
24.6076,0.599162,-0.552123
24.3749,0.443855,-0.54648
24.4462,0.295121,-0.54813
24.4435,0.145092,-0.548035
24.293,-0.00487029,-0.544424
24.3145,-0.154068,-0.54495
24.3221,-0.303368,-0.545165
24.2038,-0.450447,-0.542392
24.3755,-0.603271,-0.546576
24.3414,-0.751901,-0.545859
23.9297,-0.886204,-0.536128
23.9178,-1.03276,-0.535985
23.8721,-1.17758,-0.535052
23.8844,-1.32514,-0.53553
24.0863,-1.48463,-0.540575
24.5835,-1.66672,-0.552721
25.154,-1.8605,-0.566659
20.6189,-1.65254,-0.458138
26.3674,-2.27584,-0.596378
26.7879,-2.47781,-0.606826
27.2856,-2.69277,-0.619163
27.3878,-2.87265,-0.622032
27.3071,-3.03369,-0.620526
27.2969,-3.20223,-0.620741
27.2162,-3.36219,-0.619283
0,0,0
27.0541,-3.67976,-0.616414
26.9874,-3.8395,-0.615362
26.8991,-3.99547,-0.613807
22.9489,-3.55296,-0.518818
23.0609,-3.71532,-0.52207
26.6326,-4.4584,-0.609241
0,0,0
26.204,-4.71794,-0.600203
26.1844,-4.88047,-0.600442
26.1186,-5.03423,-0.599582
26.1049,-5.19791,-0.600012
18.2423,-3.74922,-0.408838
25.691,-5.4441,-0.591501
25.6815,-5.60697,-0.592098
25.5393,-5.74033,-0.589468
25.6575,-5.93251,-0.593246
25.6731,-6.10231,-0.594537
25.1525,-6.14188,-0.582654
25.2511,-6.33037,-0.586026
25.4345,-6.54246,-0.591525
25.3069,-6.67545,-0.589373
25.278,-6.834,-0.589684
25.1305,-6.95989,-0.587077
25.0143,-7.09324,-0.58526
24.4134,-7.08501,-0.571393
24.7835,-7.35756,-0.581722
24.7427,-7.51094,-0.581841
24.6827,-7.65847,-0.581507
24.6534,-7.81552,-0.581961
24.5812,-7.95895,-0.581363
24.5196,-8.10554,-0.581052
24.4665,-8.25488,-0.580981
24.3889,-8.39574,-0.580311
24.3596,-8.55318,-0.580885
0,0,0
24.1063,-8.798,-0.577155
0,0,0
21.5603,-8.1701,-0.514849
23.7472,-9.16572,-0.572206
0,0,0
23.6422,-9.46016,-0.572445
23.6226,-9.62089,-0.573449
23.637,-9.79627,-0.575362
23.6069,-9.95393,-0.576151
23.6722,-10.153,-0.579451
23.6369,-10.31,-0.580168
23.6299,-10.48,-0.58165
23.4867,-10.5894,-0.579594
23.3577,-10.7042,-0.57792
23.2227,-10.8152,-0.576103
22.1745,-10.4932,-0.550138
21.0519,-10.1206,-0.52207
21.9911,-10.7386,-0.548728
21.8361,-10.8294,-0.546361
21.7059,-10.9313,-0.544663
21.528,-11.0078,-0.541699
21.3465,-11.0807,-0.538638
21.1198,-11.1281,-0.534359
21.029,-11.2457,-0.533761
20.9087,-11.3469,-0.532374
20.7415,-11.4214,-0.52972
20.4231,-11.41,-0.52293
20.3318,-11.5233,-0.522357
19.5327,-11.2293,-0.502273
19.5273,-11.3862,-0.504042
19.5449,-11.5577,-0.506481
19.477,-11.6795,-0.506577
19.2418,-11.6996,-0.50201
19.1254,-11.7901,-0.500767
19.0231,-11.8887,-0.49993
18.8349,-11.9325,-0.496679
18.7597,-12.0467,-0.496631
18.3938,-11.9719,-0.488311
18.2115,-12.0129,-0.485202
18.0776,-12.0845,-0.483481
16.8882,-11.44,-0.451276
13.4167,-9.20933,-0.352628
17.6469,-12.2725,-0.477504
17.5124,-12.3391,-0.475782
17.3217,-12.3644,-0.472411
17.2098,-12.4447,-0.471359
16.9928,-12.4473,-0.467199
16.8888,-12.531,-0.466386
16.7477,-12.5864,-0.464474
16.6184,-12.6496,-0.462919
16.4455,-12.678,-0.46005
16.2957,-12.7227,-0.457875
16.1765,-12.7902,-0.456631
16.072,-12.8686,-0.455842
15.8886,-12.8826,-0.452639
15.7838,-12.959,-0.45185
15.6348,-12.9981,-0.449698
15.5203,-13.0648,-0.448622
15.3874,-13.115,-0.446972
15.29,-13.1948,-0.446446
15.1462,-13.2338,-0.444462
15.0924,-13.351,-0.445347
14.9983,-13.4327,-0.444964
14.8778,-13.4902,-0.443745
14.7491,-13.5393,-0.442262
14.6489,-13.6139,-0.441712
14.5294,-13.67,-0.440541
14.3961,-13.712,-0.438915
14.2836,-13.773,-0.437983
14.1366,-13.7996,-0.435903
13.8518,-13.6887,-0.429184
13.7725,-13.7783,-0.429352
13.7249,-13.9003,-0.430619
13.6142,-13.9585,-0.429758
13.4999,-14.0122,-0.428778
13.3647,-14.0434,-0.42708
13.253,-14.0982,-0.426196
13.1587,-14.1712,-0.425933
10.9685,-11.959,-0.351529
12.9416,-14.2849,-0.424426
12.839,-14.3477,-0.4239
12.7342,-14.4075,-0.423303
12.6265,-14.4635,-0.422609
12.5107,-14.5096,-0.421629
8.26705,-9.70835,-0.268398
12.2892,-14.6116,-0.420051
12.191,-14.6767,-0.41974
12.097,-14.7466,-0.419597
12.005,-14.819,-0.419549
11.8889,-14.8612,-0.418593
11.7875,-14.9213,-0.41821
11.5783,-14.8428,-0.413644
11.4071,-14.8098,-0.410511
11.1756,-14.6949,-0.404965
10.9723,-14.6129,-0.40047
10.7795,-14.541,-0.396334
10.628,-14.5222,-0.393823
10.4509,-14.4656,-0.390237
10.272,-14.4033,-0.386531
10.1005,-14.3483,-0.383088
9.90962,-14.2623,-0.378785
9.7518,-14.2206,-0.37582
9.59768,-14.1816,-0.372975
9.39887,-14.0731,-0.368169
9.26173,-14.0538,-0.36597
9.08048,-13.9645,-0.361809
8.90608,-13.882,-0.357888
8.7523,-13.8282,-0.354828
8.62969,-13.8215,-0.353131
8.47551,-13.7618,-0.349975
8.31097,-13.682,-0.346293
8.17188,-13.6409,-0.343734
8.05192,-13.6297,-0.342037
7.90272,-13.5666,-0.338929
7.79542,-13.5732,-0.337781
7.68638,-13.5755,-0.336538
7.56736,-13.5587,-0.334793
7.43391,-13.5138,-0.332306
7.29414,-13.4546,-0.329461
7.18082,-13.4418,-0.327907
7.07958,-13.4502,-0.32695
6.94721,-13.3975,-0.324368
6.79847,-13.3099,-0.320878
6.69286,-13.3041,-0.319611
6.55518,-13.232,-0.316598
6.45326,-13.2298,-0.315474
6.37716,-13.2799,-0.315761
6.25026,-13.223,-0.313227
6.14159,-13.2022,-0.311673
6.05048,-13.2178,-0.311099
5.94381,-13.1982,-0.309617
5.85704,-13.2216,-0.309282
5.76063,-13.2225,-0.308373
5.64711,-13.1822,-0.306413
5.45784,-12.9596,-0.299742
5.41722,-13.087,-0.302181
5.33908,-13.1256,-0.302324
5.24583,-13.1265,-0.301512
5.13705,-13.0868,-0.299671
5.04155,-13.0789,-0.298666
4.9336,-13.0367,-0.296802
4.78806,-12.8905,-0.292307
4.68662,-12.8586,-0.290753
4.57296,-12.7902,-0.28829
4.50233,-12.8406,-0.288864
0,0,0
0,0,0
0,0,0
0,0,0
0,0,0
0,0,0
0,0,0
0,0,0
0,0,0
0,0,0
0,0,0
0,0,0
0,0,0
0,0,0
0,0,0
0,0,0
0,0,0
0,0,0
0,0,0
0,0,0
0,0,0
0,0,0
0,0,0
0,0,0
0,0,0
0,0,0
0,0,0
0,0,0
0,0,0
0,0,0
0,0,0
0,0,0
0,0,0
0,0,0
0,0,0
0,0,0
0,0,0
0,0,0
0,0,0
0,0,0
0,0,0
0,0,0
0,0,0
0,0,0
0,0,0
0,0,0
0,0,0
0,0,0
0,0,0
0,0,0
0,0,0
0,0,0
0,0,0
0,0,0
0,0,0
0,0,0
0,0,0
0,0,0
0,0,0
0,0,0
0,0,0
0,0,0
0,0,0
0,0,0
0,0,0
0,0,0
0,0,0
0,0,0
0,0,0
0,0,0
0,0,0
0,0,0
0,0,0
0,0,0
0,0,0
0,0,0
0,0,0
0,0,0
0,0,0
0,0,0
0,0,0
0,0,0
0,0,0
0,0,0
0,0,0
0,0,0
0,0,0
0,0,0
0,0,0
0,0,0
0,0,0
0,0,0
0,0,0
0,0,0
0,0,0
0,0,0
0,0,0
0,0,0
0,0,0
0,0,0
0,0,0
0,0,0
0,0,0
0,0,0
0,0,0
0,0,0
0,0,0
0,0,0
0,0,0
0,0,0
0,0,0
0,0,0
0,0,0
0,0,0
0,0,0
0,0,0
0,0,0
0,0,0
0,0,0
0,0,0
0,0,0
0,0,0
0,0,0
0,0,0
0,0,0
0,0,0
0,0,0
0,0,0
0,0,0
0,0,0
0,0,0
0,0,0
0,0,0
0,0,0
0,0,0
0,0,0
0,0,0
0,0,0
0,0,0
0,0,0
0,0,0
0,0,0
0,0,0
0,0,0
0,0,0
0,0,0
0,0,0
0,0,0
0,0,0
0,0,0
0,0,0
0,0,0
0,0,0
0,0,0
0,0,0
0,0,0
0,0,0
0,0,0
0,0,0
0,0,0
0,0,0
0,0,0
0,0,0
0,0,0
0,0,0
0,0,0
0,0,0
0,0,0
0,0,0
0,0,0
0,0,0
0,0,0
0,0,0
0,0,0
0,0,0
0,0,0
0,0,0
0,0,0
0,0,0
0,0,0
0,0,0
0,0,0
0,0,0
0,0,0
0,0,0
0,0,0
0,0,0
0,0,0
0,0,0
0,0,0
0,0,0
0,0,0
0,0,0
0,0,0
0,0,0
0,0,0
0,0,0
0,0,0
0,0,0
0,0,0
0,0,0
0,0,0
0,0,0
0,0,0
0,0,0
0,0,0
0,0,0
0,0,0
0,0,0
0,0,0
0,0,0
0,0,0
0,0,0
0,0,0
0,0,0
0,0,0
0,0,0
0,0,0
0,0,0
0,0,0
0,0,0
0,0,0
0,0,0
0,0,0
0,0,0
0,0,0
0,0,0
0,0,0
0,0,0
0,0,0
0,0,0
0,0,0
0,0,0
0,0,0
0,0,0
0,0,0
0,0,0
0,0,0
0,0,0
0,0,0
0,0,0
0,0,0
0,0,0
0,0,0
0,0,0
0,0,0
0,0,0
0,0,0
0,0,0
0,0,0
0,0,0
0,0,0
0,0,0
0,0,0
0,0,0
0,0,0
0,0,0
0,0,0
0,0,0
0,0,0
0,0,0
0,0,0
0,0,0
0,0,0
0,0,0
0,0,0
0,0,0
0,0,0
0,0,0
0,0,0
0,0,0
0,0,0
0,0,0
0,0,0
0,0,0
0,0,0
0,0,0
0,0,0
0,0,0
0,0,0
0,0,0
0,0,0
0,0,0
0,0,0
0,0,0
0,0,0
0,0,0
0,0,0
0,0,0
0,0,0
0,0,0
0,0,0
0,0,0
0,0,0
0,0,0
0,0,0
0,0,0
0,0,0
0,0,0
0,0,0
0,0,0
0,0,0
0,0,0
0,0,0
0,0,0
0,0,0
0,0,0
0,0,0
0,0,0
0,0,0
0,0,0
0,0,0
0,0,0
0,0,0
0,0,0
0,0,0
0,0,0
0,0,0
0,0,0
0,0,0
0,0,0
0,0,0
0,0,0
0,0,0
0,0,0
0,0,0
0,0,0
0,0,0
0,0,0
0,0,0
0,0,0
0,0,0
0,0,0
0,0,0
0,0,0
0,0,0
0,0,0
0,0,0
0,0,0
0,0,0
0,0,0
0,0,0
0,0,0
0,0,0
0,0,0
0,0,0
0,0,0
0,0,0
0,0,0
0,0,0
0,0,0
0,0,0
0,0,0
0,0,0
0,0,0
0,0,0
0,0,0
0,0,0
0,0,0
0,0,0
0,0,0
0,0,0
0,0,0
0,0,0
0,0,0
0,0,0
0,0,0
0,0,0
0,0,0
0,0,0
0,0,0
0,0,0
0,0,0
0,0,0
0,0,0
0,0,0
0,0,0
0,0,0
0,0,0
0,0,0
0,0,0
0,0,0
0,0,0
0,0,0
0,0,0
0,0,0
0,0,0
0,0,0
0,0,0
0,0,0
0,0,0
0,0,0
0,0,0
0,0,0
0,0,0
0,0,0
0,0,0
0,0,0
0,0,0
0,0,0
0,0,0
0,0,0
0,0,0
0,0,0
0,0,0
0,0,0
0,0,0
0,0,0
0,0,0
0,0,0
0,0,0
0,0,0
0,0,0
0,0,0
0,0,0
0,0,0
0,0,0
0,0,0
0,0,0
0,0,0
0,0,0
0,0,0
0,0,0
0,0,0
0,0,0
0,0,0
0,0,0
0,0,0
0,0,0
0,0,0
0,0,0
0,0,0
0,0,0
0,0,0
0,0,0
0,0,0
0,0,0
0,0,0
0,0,0
0,0,0
0,0,0
0,0,0
0,0,0
0,0,0
0,0,0
0,0,0
0,0,0
0,0,0
0,0,0
0,0,0
0,0,0
0,0,0
0,0,0
0,0,0
0,0,0
0,0,0
0,0,0
0,0,0
0,0,0
0,0,0
0,0,0
0,0,0
0,0,0
0,0,0
0,0,0
0,0,0
0,0,0
0,0,0
0,0,0
0,0,0
0,0,0
0,0,0
0,0,0
0,0,0
0,0,0
0,0,0
0,0,0
0,0,0
0,0,0
0,0,0
0,0,0
0,0,0
0,0,0
0,0,0
0,0,0
0,0,0
0,0,0
0,0,0
0,0,0
0,0,0
0,0,0
0,0,0
0,0,0
0,0,0
0,0,0
0,0,0
0,0,0
0,0,0
0,0,0
0,0,0
0,0,0
0,0,0
0,0,0
0,0,0
0,0,0
0,0,0
0,0,0
0,0,0
0,0,0
0,0,0
0,0,0
0,0,0
0,0,0
0,0,0
0,0,0
0,0,0
0,0,0
0,0,0
0,0,0
0,0,0
0,0,0
0,0,0
0,0,0
0,0,0
0,0,0
0,0,0
0,0,0
0,0,0
0,0,0
0,0,0
0,0,0
0,0,0
0,0,0
0,0,0
0,0,0
0,0,0
0,0,0
0,0,0
0,0,0
0,0,0
0,0,0
0,0,0
0,0,0
0,0,0
0,0,0
0,0,0
0,0,0
0,0,0
0,0,0
0,0,0
0,0,0
0,0,0
0,0,0
0,0,0
0,0,0
0,0,0
0,0,0
0,0,0
0,0,0
0,0,0
0,0,0
0,0,0
0,0,0
0,0,0
0,0,0
0,0,0
0,0,0
0,0,0
0,0,0
0,0,0
0,0,0
0,0,0
0,0,0
0,0,0
0,0,0
0,0,0
0,0,0
0,0,0
0,0,0
0,0,0
0,0,0
0,0,0
0,0,0
0,0,0
0,0,0
0,0,0
0,0,0
0,0,0
0,0,0
0,0,0
0,0,0
0,0,0
0,0,0
0,0,0
0,0,0
0,0,0
0,0,0
0,0,0
0,0,0
0,0,0
0,0,0
0,0,0
0,0,0
0,0,0
0,0,0
0,0,0
0,0,0
0,0,0
0,0,0
0,0,0
11.5576,29.9571,-1.1182
0,0,0
11.9109,29.7796,-1.1169
12.0874,29.6911,-1.11633
12.2655,29.6072,-1.11597
12.4423,29.5203,-1.11554
12.6153,29.425,-1.11482
12.7845,29.3214,-1.11381
12.9548,29.2214,-1.11299
13.1281,29.1286,-1.11248
13.2954,29.023,-1.11151
13.4542,28.9001,-1.10989
13.6287,28.8116,-1.10968
13.8027,28.722,-1.10946
13.9782,28.6359,-1.10943
14.1545,28.5514,-1.1095
14.325,28.455,-1.10914
14.4984,28.3648,-1.10907
14.6758,28.2824,-1.10936
14.8491,28.1919,-1.10936
15.0284,28.1125,-1.10986
15.2087,28.0347,-1.11047
15.3804,27.9409,-1.11047
15.5501,27.8434,-1.11036
15.7281,27.7605,-1.1109
15.8921,27.6531,-1.11047
16.0832,27.5921,-1.11202
16.215,27.4301,-1.10939
16.3409,27.2598,-1.10644
16.4186,27.0122,-1.10026
16.508,26.7876,-1.09505
16.8383,26.9519,-1.10634
16.8574,26.6176,-1.09652
17.0798,26.6062,-1.10048
17.1321,26.3308,-1.09318
17.5134,26.5589,-1.10756
17.4944,26.1793,-1.0958
17.7287,26.1806,-1.10055
17.9184,26.1142,-1.10242
18.0983,26.0325,-1.10368
18.2646,25.9308,-1.10411
18.4216,25.8158,-1.104
18.5802,25.7031,-1.10404
18.737,25.5878,-1.104
18.8883,25.4651,-1.10368
19.0484,25.3543,-1.10393
19.2647,25.3173,-1.10756
19.4398,25.2247,-1.10874
19.6035,25.1168,-1.10928
19.7597,24.9992,-1.10943
19.9115,24.8759,-1.10936
20.0725,24.7641,-1.10986
20.2273,24.6443,-1.11004
9.62137,11.5771,-0.504707
20.6646,24.5564,-1.11766
20.857,24.4786,-1.12
21.0499,24.4001,-1.12237
11.7046,13.4006,-0.603235
21.3756,24.1713,-1.12388
21.5281,24.0449,-1.12413
21.6719,23.9087,-1.12395
21.8378,23.7966,-1.12499
22.0045,23.6849,-1.12611
12.9184,13.7352,-0.641482
13.0259,13.6803,-0.642704
22.5428,23.3859,-1.13161
12.0153,12.3128,-0.582063
12.0401,12.1877,-0.579475
13.6178,13.6165,-0.655932
13.6691,13.5011,-0.654314
10.6443,10.3854,-0.498165
13.1846,12.7068,-0.621891
13.2805,12.6429,-0.62279
13.3622,12.5653,-0.623005
12.5171,11.6268,-0.577749
12.6449,11.6018,-0.580517
12.3693,11.21,-0.563694
12.3828,11.0845,-0.561034
13.3295,11.7855,-0.603235
13.093,11.4339,-0.588497
13.4641,11.6132,-0.602804
13.6302,11.6113,-0.607297
13.5643,11.4123,-0.600863
13.6048,11.3046,-0.599497
7.14818,5.86608,-0.29586
7.17084,5.81142,-0.295249
7.3039,5.84536,-0.299743
7.30435,5.77255,-0.298125
7.35933,5.74299,-0.299024
13.4124,10.3345,-0.572286
13.4971,10.2683,-0.573256
13.4615,10.1115,-0.568835
13.5265,10.0311,-0.568978
13.2758,9.71943,-0.555067
14.0018,10.1195,-0.584651
13.6365,9.72874,-0.565779
13.4614,9.47975,-0.555463
12.903,8.96863,-0.528467
12.8944,8.84577,-0.525699
13.3729,9.05389,-0.54414
12.8607,8.59249,-0.519589
13.0717,8.61792,-0.526418
13.1947,8.58333,-0.529438
13.6718,8.77479,-0.547591
13.5616,8.58702,-0.540617
13.4776,8.41841,-0.53483
12.9938,8.00584,-0.51222
13.585,8.2555,-0.535045
14.088,8.44323,-0.554025
13.9623,8.25189,-0.54662
14.2691,8.3155,-0.557296
14.2696,8.19892,-0.555211
13.8953,7.87085,-0.537669
14.2828,7.97496,-0.551652
13.6109,7.49064,-0.522069
13.5143,7.3298,-0.516246
13.8349,7.39417,-0.527497
13.8809,7.30961,-0.527533
14.0665,7.29747,-0.533248
14.0781,7.1942,-0.531918
14.0782,7.08567,-0.530157
14.1573,7.0169,-0.531595
14.2405,6.94962,-0.533212
14.6702,7.0482,-0.548669
14.5885,6.8991,-0.543708
15.05,7.00469,-0.560351
14.9473,6.84563,-0.5546
14.9581,6.73983,-0.553378
14.9663,6.63335,-0.552084
15.0021,6.53939,-0.551904
15.1954,6.51296,-0.557907
15.3013,6.44754,-0.560495
15.2778,6.32753,-0.558051
15.2756,6.21709,-0.556469
15.3478,6.13698,-0.557799
15.4205,6.05657,-0.559165
15.4751,5.96867,-0.559848
15.5087,5.87254,-0.55974
15.5969,5.79677,-0.561753
15.7025,5.72664,-0.564449
15.935,5.70087,-0.571998
15.9772,5.60563,-0.572286
15.9045,5.47076,-0.568224
16.0656,5.41617,-0.573076
16.1005,5.31812,-0.573148
16.0729,5.19985,-0.570884
16.0245,5.07578,-0.567864
16.2911,5.05045,-0.576743
16.4289,4.98288,-0.580769
16.5502,4.90897,-0.584184
16.7095,4.8449,-0.589036
16.8168,4.76434,-0.591948
16.8689,4.66746,-0.592811
16.9146,4.56856,-0.593458
16.9771,4.47385,-0.594752
17.0778,4.3885,-0.597484
17.2362,4.31665,-0.602372
17.2944,4.21862,-0.603559
17.4211,4.13643,-0.607297
17.6185,4.06926,-0.613659
17.7143,3.97706,-0.616283
17.7364,3.86787,-0.616212
17.7334,3.75338,-0.615241
17.8707,3.668,-0.619447
18.0526,3.59005,-0.625306
18.3029,3.52323,-0.633681
18.3665,3.41872,-0.635227
18.4815,3.32293,-0.638678
18.5212,3.21289,-0.639397
18.6017,3.1094,-0.641625
18.6313,2.99695,-0.642021
18.5911,2.87356,-0.6399
18.554,2.75138,-0.637923
18.4221,2.6164,-0.632531
18.6052,2.52604,-0.638606
18.3537,2.3773,-0.628936
18.3442,2.26171,-0.628074
18.3418,2.14725,-0.627499
18.3417,2.03323,-0.627031
18.322,1.91733,-0.625881
18.2987,1.80144,-0.624623
18.2576,1.68436,-0.622754
18.184,1.5651,-0.619734
18.1574,1.45063,-0.61844
18.0932,1.33383,-0.615816
18.0462,1.21909,-0.613839
17.9765,1.10362,-0.611071
17.9321,0.990488,-0.609238
17.9558,0.881321,-0.609885
18.0966,0.776957,-0.614774
18.4186,0.67758,-0.626205
18.6262,0.570793,-0.633538
18.9611,0.464615,-0.645472
19.2253,0.353066,-0.65489
20.5292,0.250989,-0.701727
20.4974,0.124819,-0.700541
20.2469,-0.000936224,-0.691519
16.604,-0.10258,-0.560495
16.579,-0.204162,-0.559633
20.6471,-0.381073,-0.706041
20.6234,-0.507238,-0.705286
20.57,-0.632236,-0.703489
20.5378,-0.757407,-0.702482
20.4968,-0.881863,-0.701188
20.459,-1.00604,-0.700038
20.3657,-1.12675,-0.69691
20.2566,-1.24543,-0.693244
20.2626,-1.37065,-0.693747
20.2039,-1.49127,-0.69195
20.1735,-1.61354,-0.691195
20.1562,-1.73669,-0.690943
20.1492,-1.8607,-0.691087
20.1225,-1.98283,-0.690548
20.0732,-2.10241,-0.689218
20.0142,-2.22047,-0.687564
19.9744,-2.3402,-0.68663
19.9249,-2.45844,-0.685372
19.8688,-2.57538,-0.683898
19.8437,-2.69603,-0.683574
19.8229,-2.81718,-0.683431
19.8121,-2.93978,-0.683682
19.8135,-3.06435,-0.684401
19.8002,-3.18682,-0.684617
14.8885,-2.48999,-0.506217
19.61,-3.40358,-0.679153
19.5405,-3.51517,-0.677392
19.5176,-3.63482,-0.677356
19.4998,-3.75545,-0.677536
19.448,-3.86937,-0.676493
18.2482,-3.74718,-0.633322
19.2905,-4.08476,-0.672503
19.2319,-4.1958,-0.671281
19.1853,-4.30913,-0.670526
19.14,-4.42249,-0.669843
19.094,-4.53546,-0.66916
19.0523,-4.64922,-0.668657
19.0088,-4.76239,-0.668118
18.9067,-4.86027,-0.665422
18.8407,-4.96676,-0.664092
18.7617,-5.06924,-0.662294
18.7167,-5.18053,-0.661791
18.6644,-5.28955,-0.661036
18.6095,-5.39757,-0.66021
18.5665,-5.50882,-0.65985
18.5208,-5.61915,-0.659419
18.4803,-5.73091,-0.659203
18.4352,-5.84118,-0.658844
18.3658,-5.94341,-0.657585
18.3147,-6.05129,-0.657046
18.2668,-6.16004,-0.656651
18.2136,-6.2668,-0.656076
18.1625,-6.37414,-0.655608
18.0939,-6.47502,-0.654494
18.0285,-6.57668,-0.653524
17.9616,-6.67742,-0.652517
17.895,-6.77795,-0.651547
17.8316,-6.87935,-0.65072
17.7045,-6.95538,-0.647449
17.6522,-7.06017,-0.647089
17.5882,-7.16006,-0.646298
17.5264,-7.26057,-0.645615
17.4631,-7.36021,-0.644897
17.3992,-7.45935,-0.644178
17.343,-7.56158,-0.643782
17.2963,-7.66785,-0.643782
17.2526,-7.77548,-0.643926
17.1964,-7.87744,-0.643602
17.1305,-7.9748,-0.642919
17.0361,-8.05839,-0.641122
16.9061,-8.12424,-0.637923
16.7913,-8.19626,-0.635335
16.5983,-8.22856,-0.629619
16.4395,-8.27587,-0.62527
16.3164,-8.33974,-0.622358
16.2179,-8.41531,-0.620453
16.1031,-8.48159,-0.617901
15.9477,-8.52512,-0.613695
15.8178,-8.58087,-0.610532
15.7158,-8.65078,-0.608519
15.6188,-8.72268,-0.606722
15.4963,-8.77943,-0.603882
15.3832,-8.84049,-0.601438
15.2656,-8.89797,-0.598814
15.123,-8.9396,-0.595147
15.0199,-9.00345,-0.593134
14.9054,-9.05963,-0.590654
14.7917,-9.11526,-0.58821
14.683,-9.17302,-0.585981
14.5656,-9.22444,-0.583393
14.3885,-9.23644,-0.578253
14.2804,-9.2913,-0.57606
14.1806,-9.35069,-0.574227
14.0681,-9.40088,-0.571854
10.6217,-7.19238,-0.424655
13.3856,-9.18437,-0.547159
13.4365,-9.34106,-0.551868
13.4647,-9.48375,-0.555642
13.3989,-9.56097,-0.555319
13.2914,-9.60787,-0.553162
13.1677,-9.64201,-0.550287
13.0818,-9.70298,-0.5491
12.9933,-9.76146,-0.547806
12.8878,-9.8065,-0.545757
12.7894,-9.85611,-0.544032
12.6924,-9.90612,-0.542378
12.5922,-9.95283,-0.540581
12.4825,-9.99118,-0.538352
12.3651,-10.0223,-0.535764
12.2663,-10.0675,-0.534039
12.1759,-10.119,-0.532709
12.0868,-10.171,-0.531451
11.9823,-10.2093,-0.529474
11.8725,-10.2421,-0.527245
11.7846,-10.2931,-0.526059
11.7063,-10.352,-0.52534
11.6232,-10.4063,-0.524405
11.5391,-10.4593,-0.523435
11.4637,-10.5198,-0.522896
11.3872,-10.579,-0.522321
11.2951,-10.6233,-0.520991
11.1878,-10.6525,-0.518906
11.1035,-10.7029,-0.517971
11.0219,-10.7555,-0.51718
10.9272,-10.7948,-0.515742
10.841,-10.8419,-0.514736
10.7602,-10.894,-0.514017
10.6848,-10.9512,-0.513586
10.6098,-11.0086,-0.51319
10.5324,-11.0634,-0.512687
10.4458,-11.1081,-0.511716
10.3503,-11.1427,-0.510279
10.2628,-11.1854,-0.509272
10.1913,-11.2452,-0.509128
10.1281,-11.3142,-0.509452
10.0558,-11.3732,-0.509308
9.97992,-11.4279,-0.508985
8.33464,-9.66285,-0.422247
8.26612,-9.70315,-0.421744
9.75179,-11.5905,-0.508086
9.66772,-11.6348,-0.507367
9.5879,-11.6838,-0.5069
9.51289,-11.7386,-0.50672
9.43756,-11.7928,-0.50654
9.35883,-11.8427,-0.506181
9.27861,-11.8904,-0.505749
9.19632,-11.9352,-0.50521
9.11384,-11.9795,-0.504671
9.02936,-12.0208,-0.504024
8.94234,-12.0583,-0.503233
8.85283,-12.092,-0.502299
8.75974,-12.1202,-0.501148
8.67824,-12.164,-0.500717
8.59251,-12.2014,-0.500034
8.51121,-12.2449,-0.499639
8.43422,-12.2944,-0.499531
8.35582,-12.3418,-0.499351
8.27438,-12.3845,-0.498992
8.19054,-12.4234,-0.498488
8.11088,-12.4684,-0.498273
8.03315,-12.5162,-0.498201
7.95299,-12.5602,-0.497985
7.86836,-12.5969,-0.497482
7.78096,-12.6288,-0.496799
7.69917,-12.6695,-0.496511
7.61769,-12.7105,-0.49626
7.53448,-12.7484,-0.4959
7.45108,-12.7857,-0.495541
7.36751,-12.8226,-0.495181
7.27983,-12.8519,-0.494534
7.18817,-12.8736,-0.4936
7.09458,-12.8912,-0.492521
7.00821,-12.9213,-0.491982
6.93868,-12.9826,-0.492737
6.86122,-13.0293,-0.492917
6.75031,-13.0118,-0.490508
6.65307,-13.0191,-0.489142
6.55015,-13.0142,-0.487309
6.42668,-12.9664,-0.483786
6.27556,-12.8592,-0.477927
6.17663,-12.856,-0.476274
6.04637,-12.7852,-0.47196
5.94672,-12.7768,-0.470163
5.83201,-12.734,-0.467036
5.72667,-12.7094,-0.464663
5.60485,-12.6456,-0.460781
5.49361,-12.6028,-0.457761
5.39059,-12.5766,-0.455425
5.29353,-12.5625,-0.453592
5.16511,-12.471,-0.448775
5.0576,-12.4265,-0.445827
4.95343,-12.3877,-0.443131
4.86016,-12.3742,-0.441442
4.75034,-12.3161,-0.438063
4.65805,-12.3011,-0.436374
4.55881,-12.2658,-0.433929
4.4547,-12.2146,-0.43091
4.36183,-12.1919,-0.429005
4.27106,-12.1731,-0.427279
4.16638,-12.1122,-0.423972
4.07762,-12.0949,-0.422355
3.9886,-12.0751,-0.420665
3.90582,-12.0727,-0.419659
0,0,0
0,0,0
0,0,0
0,0,0
0,0,0
0,0,0
0,0,0
0,0,0
0,0,0
0,0,0
0,0,0
0,0,0
0,0,0
0,0,0
0,0,0
0,0,0
0,0,0
0,0,0
0,0,0
0,0,0
0,0,0
0,0,0
0,0,0
0,0,0
0,0,0
0,0,0
0,0,0
0,0,0
0,0,0
0,0,0
0,0,0
0,0,0
0,0,0
0,0,0
0,0,0
0,0,0
0,0,0
0,0,0
0,0,0
0,0,0
0,0,0
0,0,0
0,0,0
0,0,0
0,0,0
0,0,0
0,0,0
0,0,0
0,0,0
0,0,0
0,0,0
0,0,0
0,0,0
0,0,0
0,0,0
0,0,0
0,0,0
0,0,0
0,0,0
0,0,0
0,0,0
0,0,0
0,0,0
0,0,0
0,0,0
0,0,0
0,0,0
0,0,0
0,0,0
0,0,0
0,0,0
0,0,0
0,0,0
0,0,0
0,0,0
0,0,0
0,0,0
0,0,0
0,0,0
0,0,0
0,0,0
0,0,0
0,0,0
0,0,0
0,0,0
0,0,0
0,0,0
0,0,0
0,0,0
0,0,0
0,0,0
0,0,0
0,0,0
0,0,0
0,0,0
0,0,0
0,0,0
0,0,0
0,0,0
0,0,0
0,0,0
0,0,0
0,0,0
0,0,0
0,0,0
0,0,0
0,0,0
0,0,0
0,0,0
0,0,0
0,0,0
0,0,0
0,0,0
0,0,0
0,0,0
0,0,0
0,0,0
0,0,0
0,0,0
0,0,0
0,0,0
0,0,0
0,0,0
0,0,0
0,0,0
0,0,0
0,0,0
0,0,0
0,0,0
0,0,0
0,0,0
0,0,0
0,0,0
0,0,0
0,0,0
0,0,0
0,0,0
0,0,0
0,0,0
0,0,0
0,0,0
0,0,0
0,0,0
0,0,0
0,0,0
0,0,0
0,0,0
0,0,0
0,0,0
0,0,0
0,0,0
0,0,0
0,0,0
0,0,0
0,0,0
0,0,0
0,0,0
0,0,0
0,0,0
0,0,0
0,0,0
0,0,0
0,0,0
0,0,0
0,0,0
0,0,0
0,0,0
0,0,0
0,0,0
0,0,0
0,0,0
0,0,0
0,0,0
0,0,0
0,0,0
0,0,0
0,0,0
0,0,0
0,0,0
0,0,0
0,0,0
0,0,0
0,0,0
0,0,0
0,0,0
0,0,0
0,0,0
0,0,0
0,0,0
0,0,0
0,0,0
0,0,0
0,0,0
0,0,0
0,0,0
0,0,0
0,0,0
0,0,0
0,0,0
0,0,0
0,0,0
0,0,0
0,0,0
0,0,0
0,0,0
0,0,0
0,0,0
0,0,0
0,0,0
0,0,0
0,0,0
0,0,0
0,0,0
0,0,0
0,0,0
0,0,0
0,0,0
0,0,0
0,0,0
0,0,0
0,0,0
0,0,0
0,0,0
0,0,0
0,0,0
0,0,0
0,0,0
0,0,0
0,0,0
0,0,0
0,0,0
0,0,0
0,0,0
0,0,0
0,0,0
0,0,0
0,0,0
0,0,0
0,0,0
0,0,0
0,0,0
0,0,0
0,0,0
0,0,0
0,0,0
0,0,0
0,0,0
0,0,0
0,0,0
0,0,0
0,0,0
0,0,0
0,0,0
0,0,0
0,0,0
0,0,0
0,0,0
0,0,0
0,0,0
0,0,0
0,0,0
0,0,0
0,0,0
0,0,0
0,0,0
0,0,0
0,0,0
0,0,0
0,0,0
0,0,0
0,0,0
0,0,0
0,0,0
0,0,0
0,0,0
0,0,0
0,0,0
0,0,0
0,0,0
0,0,0
0,0,0
0,0,0
0,0,0
0,0,0
0,0,0
0,0,0
0,0,0
0,0,0
0,0,0
0,0,0
0,0,0
0,0,0
0,0,0
0,0,0
0,0,0
0,0,0
0,0,0
0,0,0
0,0,0
0,0,0
0,0,0
0,0,0
0,0,0
0,0,0
0,0,0
0,0,0
0,0,0
0,0,0
0,0,0
0,0,0
0,0,0
0,0,0
0,0,0
0,0,0
0,0,0
0,0,0
0,0,0
0,0,0
0,0,0
0,0,0
0,0,0
0,0,0
0,0,0
0,0,0
0,0,0
0,0,0
0,0,0
0,0,0
0,0,0
0,0,0
0,0,0
0,0,0
0,0,0
0,0,0
0,0,0
0,0,0
0,0,0
0,0,0
0,0,0
0,0,0
0,0,0
0,0,0
0,0,0
0,0,0
0,0,0
0,0,0
0,0,0
0,0,0
0,0,0
0,0,0
0,0,0
0,0,0
0,0,0
0,0,0
0,0,0
0,0,0
0,0,0
0,0,0
0,0,0
0,0,0
0,0,0
0,0,0
0,0,0
0,0,0
0,0,0
0,0,0
0,0,0
0,0,0
0,0,0
0,0,0
0,0,0
0,0,0
0,0,0
0,0,0
0,0,0
0,0,0
0,0,0
0,0,0
0,0,0
0,0,0
0,0,0
0,0,0
0,0,0
0,0,0
0,0,0
0,0,0
0,0,0
0,0,0
0,0,0
0,0,0
0,0,0
0,0,0
0,0,0
0,0,0
0,0,0
0,0,0
0,0,0
0,0,0
0,0,0
0,0,0
0,0,0
0,0,0
0,0,0
0,0,0
0,0,0
0,0,0
0,0,0
0,0,0
0,0,0
0,0,0
0,0,0
0,0,0
0,0,0
0,0,0
0,0,0
0,0,0
0,0,0
0,0,0
0,0,0
0,0,0
0,0,0
0,0,0
0,0,0
0,0,0
0,0,0
0,0,0
0,0,0
0,0,0
0,0,0
0,0,0
0,0,0
0,0,0
0,0,0
0,0,0
0,0,0
0,0,0
0,0,0
0,0,0
0,0,0
0,0,0
0,0,0
0,0,0
0,0,0
0,0,0
0,0,0
0,0,0
0,0,0
0,0,0
0,0,0
0,0,0
0,0,0
0,0,0
0,0,0
0,0,0
0,0,0
0,0,0
0,0,0
0,0,0
0,0,0
0,0,0
0,0,0
0,0,0
0,0,0
0,0,0
0,0,0
0,0,0
0,0,0
0,0,0
0,0,0
0,0,0
0,0,0
0,0,0
0,0,0
0,0,0
0,0,0
0,0,0
0,0,0
0,0,0
0,0,0
0,0,0
0,0,0
0,0,0
0,0,0
0,0,0
0,0,0
0,0,0
0,0,0
0,0,0
0,0,0
0,0,0
0,0,0
0,0,0
0,0,0
0,0,0
0,0,0
0,0,0
0,0,0
0,0,0
0,0,0
0,0,0
0,0,0
0,0,0
0,0,0
0,0,0
0,0,0
0,0,0
0,0,0
0,0,0
0,0,0
0,0,0
0,0,0
0,0,0
0,0,0
0,0,0
0,0,0
0,0,0
0,0,0
0,0,0
0,0,0
0,0,0
0,0,0
0,0,0
0,0,0
0,0,0
0,0,0
0,0,0
0,0,0
0,0,0
0,0,0
0,0,0
0,0,0
0,0,0
0,0,0
0,0,0
0,0,0
0,0,0
0,0,0
0,0,0
0,0,0
0,0,0
0,0,0
0,0,0
0,0,0
0,0,0
0,0,0
0,0,0
0,0,0
0,0,0
0,0,0
0,0,0
0,0,0
0,0,0
0,0,0
0,0,0
0,0,0
0,0,0
0,0,0
0,0,0
0,0,0
0,0,0
0,0,0
0,0,0
0,0,0
0,0,0
0,0,0
0,0,0
0,0,0
0,0,0
0,0,0
0,0,0
0,0,0
0,0,0
0,0,0
0,0,0
0,0,0
0,0,0
0,0,0
0,0,0
0,0,0
0,0,0
0,0,0
0,0,0
0,0,0
0,0,0
0,0,0
0,0,0
0,0,0
0,0,0
0,0,0
0,0,0
0,0,0
0,0,0
0,0,0
0,0,0
0,0,0
0,0,0
0,0,0
0,0,0
0,0,0
0,0,0
0,0,0
0,0,0
0,0,0
0,0,0
0,0,0
0,0,0
0,0,0
0,0,0
0,0,0
0,0,0
0,0,0
0,0,0
0,0,0
0,0,0
6.61879,29.4245,-1.42228
6.79223,29.3531,-1.42079
6.95326,29.2312,-1.41682
7.12751,29.1676,-1.41581
7.29225,29.0672,-1.413
7.47494,29.0393,-1.41387
7.64432,28.96,-1.41223
7.84221,28.9878,-1.416
8.03567,28.9959,-1.41885
0,0,0
0,0,0
0,0,0
0,0,0
0,0,0
0,0,0
0,0,0
9.3509,28.2708,-1.40377
9.51365,28.1817,-1.40218
9.70265,28.17,-1.4046
9.87233,28.1014,-1.40416
0,0,0
10.2137,27.9707,-1.40377
10.3639,27.8504,-1.40083
5.21312,13.7486,-0.674475
6.82429,17.6709,-0.879574
10.8963,27.7097,-1.40368
11.0546,27.6136,-1.40218
4.69535,11.5214,-0.565015
4.78279,11.533,-0.567141
7.20475,17.0777,-0.859856
11.7443,27.3698,-1.40406
0,0,0
8.04729,18.1355,-0.92302
6.17,13.6771,-0.689021
7.35601,16.0433,-0.816991
7.46359,16.0178,-0.818054
6.35703,13.4267,-0.681821
7.2029,14.9753,-0.767069
6.54981,13.406,-0.684962
6.65325,13.4085,-0.687281
7.37172,14.6306,-0.755712
7.44998,14.5629,-0.754504
7.5415,14.5213,-0.754746
9.40625,17.844,-0.939016
9.46704,17.6952,-0.934038
9.54446,17.5797,-0.930897
6.58626,11.9548,-0.623442
9.1728,16.4115,-0.872711
7.25857,12.801,-0.675055
6.14892,10.6903,-0.559747
7.52431,12.8982,-0.685542
7.49246,12.6644,-0.675006
6.69608,11.1612,-0.592803
7.53208,12.3821,-0.664278
6.42414,10.4159,-0.555156
7.73799,12.3759,-0.669256
7.7785,12.2725,-0.666066
6.54352,10.1849,-0.548777
7.91816,12.1603,-0.665148
8.02838,12.1656,-0.668289
8.38714,12.5413,-0.693032
8.23926,12.158,-0.673653
7.76872,11.3134,-0.627066
8.63538,12.4118,-0.694627
8.86616,12.5782,-0.707627
8.87294,12.4252,-0.701779
8.85184,12.2362,-0.693757
8.21777,11.214,-0.635717
8.27809,11.1521,-0.63504
8.1573,10.8496,-0.619817
8.35139,10.9671,-0.630014
8.34838,10.8246,-0.624457
8.55481,10.9527,-0.635475
8.61566,10.8922,-0.634992
8.77911,10.9599,-0.642483
8.81159,10.8632,-0.639825
8.47365,10.3165,-0.608992
9.03556,10.8641,-0.646735
9.03643,10.7305,-0.641806
9.10858,10.6824,-0.642289
9.22552,10.6861,-0.646107
8.95964,10.2502,-0.62175
9.0217,10.1943,-0.621702
9.36333,10.4505,-0.641951
9.43735,10.4039,-0.642676
9.2085,10.0273,-0.62175
9.26985,9.97057,-0.62175
8.81472,9.36505,-0.585312
8.89613,9.3361,-0.587003
9.02675,9.35755,-0.592126
9.10912,9.32771,-0.593866
9.22657,9.33274,-0.598022
9.29638,9.28866,-0.598892
9.32192,9.20057,-0.596765
9.48904,9.25128,-0.604256
9.19384,8.85404,-0.580624
10.1149,9.62228,-0.63852
9.66864,9.08531,-0.604981
10.0602,9.33773,-0.627163
10.1232,9.28123,-0.62755
9.98451,9.04192,-0.614791
9.67281,8.65216,-0.590966
9.77362,8.63498,-0.594059
10.1989,8.89995,-0.617981
10.183,8.77656,-0.613486
10.4367,8.88421,-0.626196
10.2356,8.60529,-0.610055
10.2836,8.5385,-0.609765
7.13381,5.84917,-0.409402
7.18354,5.8166,-0.410272
10.5202,8.41265,-0.614791
7.35706,5.80911,-0.416603
7.3776,5.75218,-0.415685
10.7967,8.31265,-0.62233
10.5207,7.99778,-0.602468
10.584,7.94387,-0.603338
10.7168,7.94122,-0.608412
10.941,8.00389,-0.618947
11.1171,8.02843,-0.626535
11.1084,7.9189,-0.623103
11.1257,7.82874,-0.621267
11.1637,7.75349,-0.620687
10.5067,7.20194,-0.579368
10.6516,7.20563,-0.585264
11.2995,7.54336,-0.620397
11.4457,7.53983,-0.626196
11.4993,7.47436,-0.626631
11.6248,7.45489,-0.631222
11.5707,7.3204,-0.62552
11.5764,7.22494,-0.623297
11.7958,7.26165,-0.633252
11.8222,7.17825,-0.632237
11.8814,7.11481,-0.633107
11.8578,7.00216,-0.629338
11.834,6.89056,-0.625616
11.9523,6.86159,-0.629869
12.1837,6.89538,-0.640404
12.2197,6.81709,-0.640066
12.2184,6.7184,-0.637698
12.2971,6.66377,-0.639776
12.299,6.56748,-0.63765
12.3709,6.50864,-0.63939
12.4957,6.47674,-0.644029
12.5388,6.40176,-0.644222
12.6385,6.35522,-0.647509
12.688,6.28288,-0.648088
12.7703,6.22636,-0.650456
12.8371,6.16172,-0.652003
12.8973,6.0935,-0.653211
13.0177,6.053,-0.657657
13.0065,5.95099,-0.655096
13.1484,5.91863,-0.660702
13.2119,5.84998,-0.662152
13.297,5.79034,-0.664761
13.4066,5.7405,-0.668676
13.5152,5.68913,-0.672542
13.5813,5.61908,-0.674185
13.5664,5.5157,-0.671624
13.6093,5.43606,-0.672107
13.6731,5.3645,-0.673702
13.7747,5.30708,-0.677278
13.8892,5.25356,-0.681531
13.9559,5.1811,-0.683319
14.0418,5.11521,-0.686122
14.1397,5.05282,-0.689553
14.2525,4.99471,-0.693757
14.3924,4.94482,-0.699363
14.4395,4.86216,-0.700233
14.5829,4.81103,-0.706032
14.635,4.72883,-0.707192
14.6494,4.63442,-0.706467
14.6575,4.53825,-0.705452
14.6603,4.44069,-0.704196
14.512,4.29873,-0.695352
14.5141,4.20265,-0.694144
14.5329,4.11161,-0.693806
14.4991,4.00613,-0.690858
14.4578,3.8994,-0.687571
14.4699,3.80757,-0.686991
14.464,3.71126,-0.685542
14.4341,3.60935,-0.682932
14.4667,3.52332,-0.683464
14.4288,3.42043,-0.680516
14.394,3.31903,-0.677761
14.3527,3.21688,-0.674716
14.3751,3.12939,-0.674861
14.3911,3.04051,-0.674716
14.1012,2.88898,-0.659494
14.1167,2.80201,-0.659397
14.2033,2.72873,-0.662828
13.9713,2.59535,-0.650601
13.9752,2.50746,-0.650021
13.9726,2.41859,-0.649152
14.4512,2.41024,-0.671914
14.444,2.31804,-0.67085
14.4402,2.22663,-0.66998
14.4961,2.14428,-0.672058
14.6316,2.07267,-0.678051
14.7519,1.99747,-0.683319
14.969,1.93342,-0.693322
15.1699,1.86482,-0.702553
15.311,1.78689,-0.708884
15.5213,1.71497,-0.718597
15.7163,1.63898,-0.727586
15.9159,1.56116,-0.736816
16.1092,1.48039,-0.745757
16.3737,1.40346,-0.758177
16.5732,1.31819,-0.767456
16.7762,1.23081,-0.776928
11.2295,0.754239,-0.507602
16.9157,1.03252,-0.783017
16.8349,0.923941,-0.778812
16.7445,0.815953,-0.774173
16.6893,0.710641,-0.771273
13.7847,0.502045,-0.630449
16.6648,0.504814,-0.769727
16.6576,0.402309,-0.769244
16.5809,0.298666,-0.765426
16.5485,0.196516,-0.763783
16.4774,0.0945555,-0.760303
16.4178,-0.00653031,-0.757404
16.4783,-0.107662,-0.760352
16.4704,-0.208681,-0.760013
16.4388,-0.309176,-0.758563
16.4246,-0.409739,-0.757984
16.3629,-0.508684,-0.755132
16.3665,-0.609335,-0.755471
16.3634,-0.709789,-0.755519
16.3498,-0.809736,-0.755084
16.3405,-0.909819,-0.754891
16.3267,-1.00957,-0.754504
16.2992,-1.10831,-0.753489
16.1965,-1.20122,-0.74885
16.1629,-1.29849,-0.747593
16.084,-1.39154,-0.744162
16.0692,-1.48965,-0.743872
16.0508,-1.58733,-0.743437
16.0338,-1.68506,-0.743099
16.0053,-1.78142,-0.742229
15.9574,-1.87528,-0.740441
15.9148,-1.96936,-0.738943
15.8896,-2.0653,-0.738315
15.8192,-2.15495,-0.735512
15.773,-2.24732,-0.733917
15.7254,-2.33907,-0.732274
15.7087,-2.43521,-0.732177
14.9066,-2.40467,-0.693612
14.8325,-2.48619,-0.690713
10.7301,-1.86664,-0.490011
15.5912,-2.81042,-0.729567
15.5452,-2.90072,-0.728166
15.4623,-2.98357,-0.724976
15.4104,-3.07175,-0.723333
15.4021,-3.16846,-0.723865
15.3784,-3.26208,-0.723671
15.3474,-3.35403,-0.72314
15.3265,-3.44814,-0.72314
15.2866,-3.53784,-0.722222
15.2539,-3.62902,-0.72169
15.2265,-3.72137,-0.721448
15.1995,-3.81375,-0.721255
15.1719,-3.90595,-0.721062
15.14,-3.99693,-0.720675
15.1084,-4.08792,-0.720337
15.085,-4.18108,-0.720434
15.0542,-4.2722,-0.720192
15.0162,-4.36115,-0.719612
14.9863,-4.45235,-0.719467
14.951,-4.5419,-0.71908
14.9191,-4.63237,-0.718887
14.8932,-4.72473,-0.719032
14.864,-4.81602,-0.719032
14.8303,-4.90588,-0.718839
14.7895,-4.99327,-0.718307
14.7133,-5.06831,-0.715988
14.6518,-5.1479,-0.714441
14.6143,-5.23569,-0.714151
14.595,-5.33006,-0.714828
14.5583,-5.41812,-0.714634
14.4846,-5.49212,-0.712556
14.4394,-5.57657,-0.711976
14.4059,-5.66543,-0.712025
14.3671,-5.75223,-0.711831
14.326,-5.83802,-0.711541
14.2927,-5.92696,-0.711686
14.257,-6.01494,-0.711735
14.2079,-6.09718,-0.711107
14.1638,-6.18145,-0.710768
14.1201,-6.26581,-0.710478
14.0759,-6.34987,-0.710188
14.0349,-6.43528,-0.710092
14.0006,-6.52381,-0.710382
13.9467,-6.60318,-0.709657
13.8862,-6.67911,-0.708594
13.8117,-6.74797,-0.706805
13.7369,-6.81616,-0.705017
13.5994,-6.85224,-0.699846
13.4984,-6.90553,-0.696657
13.4026,-6.96061,-0.693757
13.3181,-7.02083,-0.691486
13.1982,-7.06143,-0.687281
13.1133,-7.11988,-0.68501
13.0108,-7.16792,-0.681772
12.8889,-7.20425,-0.677471
12.8071,-7.26202,-0.675393
12.7216,-7.31706,-0.673122
12.6265,-7.36579,-0.670319
12.5423,-7.42025,-0.668144
12.4418,-7.46418,-0.665051
12.3582,-7.51755,-0.662925
12.2778,-7.57226,-0.660992
12.2057,-7.63157,-0.659542
12.1046,-7.6721,-0.656449
12.0195,-7.72194,-0.654274
11.9435,-7.77702,-0.652631
11.838,-7.8122,-0.649297
11.7633,-7.86692,-0.64775
10.6183,-7.19602,-0.583669
10.555,-7.24804,-0.582557
11.4541,-7.96918,-0.638181
11.3789,-8.02089,-0.636635
11.3042,-8.07257,-0.635137
11.2157,-8.11368,-0.632817
11.123,-8.15106,-0.630256
10.9973,-8.1632,-0.625713
10.9215,-8.21132,-0.624167
10.8343,-8.25034,-0.621944
10.7218,-8.26909,-0.618174
10.637,-8.30829,-0.616096
10.5623,-8.35481,-0.614646
10.4867,-8.40011,-0.613148
7.72752,-6.26854,-0.444488
10.2856,-8.44829,-0.607059
10.2067,-8.48889,-0.605368
10.133,-8.53335,-0.604014
10.0576,-8.57592,-0.602565
9.98896,-8.62377,-0.60155
9.90577,-8.6586,-0.599617
9.81805,-8.68878,-0.597394
9.74744,-8.73353,-0.596282
9.67813,-8.77908,-0.595267
9.59686,-8.8133,-0.593479
9.51187,-8.84346,-0.591449
9.42179,-8.86812,-0.589081
9.35201,-8.91129,-0.588067
9.29356,-8.96504,-0.587825
9.22337,-9.00724,-0.58681
9.12744,-9.02364,-0.584055
9.06484,-9.07241,-0.583572
8.99848,-9.1172,-0.582847
8.92563,-9.15508,-0.581687
8.85751,-9.19744,-0.580866
8.79884,-9.24945,-0.580721
8.73303,-9.2938,-0.580093
8.65205,-9.32159,-0.578401
8.58389,-9.36272,-0.577628
8.51891,-9.40707,-0.577096
8.4517,-9.44874,-0.57642
8.38232,-9.4877,-0.575598
8.31672,-9.53068,-0.575067
8.26983,-9.59515,-0.575936
8.20238,-9.63582,-0.575308
8.10132,-9.63628,-0.572167
8.0331,-9.67505,-0.57149
7.96979,-9.71952,-0.5712
7.91754,-9.77756,-0.57178
7.85802,-9.82673,-0.571829
7.78706,-9.86144,-0.571007
7.72394,-9.90588,-0.570814
7.65753,-9.94597,-0.570379
7.59515,-9.99117,-0.570282
7.5373,-10.0424,-0.570572
7.45948,-10.0668,-0.569267
7.39227,-10.1051,-0.568832
7.3272,-10.1462,-0.568591
7.26191,-10.1869,-0.568349
7.19754,-10.2288,-0.568204
7.1392,-10.2794,-0.568591
7.07769,-10.3255,-0.568736
7.00076,-10.3488,-0.567576
6.92937,-10.38,-0.566899
6.87049,-10.4298,-0.567334
6.808,-10.4743,-0.567479
6.73929,-10.5091,-0.567093
6.65866,-10.5249,-0.565643
6.59184,-10.5622,-0.56545
6.53423,-10.6144,-0.566126
6.46587,-10.6491,-0.565836
6.38963,-10.6706,-0.564821
6.31693,-10.6976,-0.564145
6.24312,-10.7223,-0.563372
6.17175,-10.7509,-0.56284
6.10517,-10.7877,-0.562792
6.03546,-10.8189,-0.562453
5.95741,-10.8347,-0.561293
5.88891,-10.8675,-0.5611
5.8193,-10.8982,-0.56081
5.74953,-10.9284,-0.56052
5.68604,-10.9705,-0.560907
5.61044,-10.9892,-0.560037
5.54246,-11.0225,-0.559989
5.47516,-11.0572,-0.560037
5.40678,-11.0897,-0.559989
5.33733,-11.12,-0.559844
5.27114,-11.157,-0.560085
5.19837,-11.1801,-0.559602
5.12759,-11.2073,-0.55936
5.05955,-11.2403,-0.559457
4.98684,-11.2629,-0.559022
4.91046,-11.2768,-0.558152
4.83764,-11.2985,-0.557717
4.7438,-11.27,-0.554673
4.67723,-11.3053,-0.555011
4.61681,-11.356,-0.556171
4.56112,-11.4194,-0.558007
4.48842,-11.4406,-0.557669
4.41921,-11.4708,-0.557814
4.34804,-11.4958,-0.557717
4.27533,-11.5166,-0.557427
4.20151,-11.5342,-0.556992
0,0,0
3.17415,-9.05874,-0.427477
3.1198,-9.08182,-0.42767
0,0,0
0,0,0
0,0,0
0,0,0
0,0,0
0,0,0
0,0,0
0,0,0
0,0,0
0,0,0
0,0,0
0,0,0
0,0,0
0,0,0
0,0,0
0,0,0
0,0,0
0,0,0
0,0,0
0,0,0
0,0,0
0,0,0
0,0,0
0,0,0
0,0,0
0,0,0
0,0,0
0,0,0
0,0,0
0,0,0
0,0,0
0,0,0
0,0,0
0,0,0
0,0,0
0,0,0
0,0,0
0,0,0
0,0,0
0,0,0
0,0,0
0,0,0
0,0,0
0,0,0
0,0,0
0,0,0
0,0,0
0,0,0
0,0,0
0,0,0
0,0,0
0,0,0
0,0,0
0,0,0
0,0,0
0,0,0
0,0,0
0,0,0
0,0,0
0,0,0
0,0,0
0,0,0
0,0,0
0,0,0
0,0,0
0,0,0
0,0,0
0,0,0
0,0,0
0,0,0
0,0,0
0,0,0
0,0,0
0,0,0
0,0,0
0,0,0
0,0,0
0,0,0
0,0,0
0,0,0
0,0,0
0,0,0
0,0,0
0,0,0
0,0,0
0,0,0
0,0,0
0,0,0
0,0,0
0,0,0
0,0,0
0,0,0
0,0,0
0,0,0
0,0,0
0,0,0
0,0,0
0,0,0
0,0,0
0,0,0
0,0,0
0,0,0
0,0,0
0,0,0
0,0,0
0,0,0
0,0,0
0,0,0
0,0,0
0,0,0
0,0,0
0,0,0
0,0,0
0,0,0
0,0,0
0,0,0
0,0,0
0,0,0
0,0,0
0,0,0
0,0,0
0,0,0
0,0,0
0,0,0
0,0,0
0,0,0
0,0,0
0,0,0
0,0,0
0,0,0
0,0,0
0,0,0
0,0,0
0,0,0
0,0,0
0,0,0
0,0,0
0,0,0
0,0,0
0,0,0
0,0,0
0,0,0
0,0,0
0,0,0
0,0,0
0,0,0
0,0,0
0,0,0
0,0,0
0,0,0
0,0,0
0,0,0
0,0,0
0,0,0
0,0,0
0,0,0
0,0,0
0,0,0
0,0,0
0,0,0
0,0,0
0,0,0
0,0,0
0,0,0
0,0,0
0,0,0
0,0,0
0,0,0
0,0,0
0,0,0
0,0,0
0,0,0
0,0,0
0,0,0
0,0,0
0,0,0
0,0,0
0,0,0
0,0,0
0,0,0
0,0,0
0,0,0
0,0,0
0,0,0
0,0,0
0,0,0
0,0,0
0,0,0
0,0,0
0,0,0
0,0,0
0,0,0
0,0,0
0,0,0
0,0,0
0,0,0
0,0,0
0,0,0
0,0,0
0,0,0
0,0,0
0,0,0
0,0,0
0,0,0
0,0,0
0,0,0
0,0,0
0,0,0
0,0,0
0,0,0
0,0,0
0,0,0
0,0,0
0,0,0
0,0,0
0,0,0
0,0,0
0,0,0
0,0,0
0,0,0
0,0,0
0,0,0
0,0,0
0,0,0
0,0,0
0,0,0
0,0,0
0,0,0
0,0,0
0,0,0
0,0,0
0,0,0
0,0,0
0,0,0
0,0,0
0,0,0
0,0,0
0,0,0
0,0,0
0,0,0
0,0,0
0,0,0
0,0,0
0,0,0
0,0,0
0,0,0
0,0,0
0,0,0
0,0,0
0,0,0
0,0,0
0,0,0
0,0,0
0,0,0
0,0,0
0,0,0
0,0,0
0,0,0
0,0,0
0,0,0
0,0,0
0,0,0
0,0,0
0,0,0
0,0,0
0,0,0
0,0,0
0,0,0
0,0,0
0,0,0
0,0,0
0,0,0
0,0,0
0,0,0
0,0,0
0,0,0
0,0,0
0,0,0
0,0,0
0,0,0
0,0,0
0,0,0
0,0,0
0,0,0
0,0,0
0,0,0
0,0,0
0,0,0
0,0,0
0,0,0
0,0,0
0,0,0
0,0,0
0,0,0
0,0,0
0,0,0
0,0,0
0,0,0
0,0,0
0,0,0
0,0,0
0,0,0
0,0,0
0,0,0
0,0,0
0,0,0
0,0,0
0,0,0
0,0,0
0,0,0
0,0,0
0,0,0
0,0,0
0,0,0
0,0,0
0,0,0
0,0,0
0,0,0
0,0,0
0,0,0
0,0,0
0,0,0
0,0,0
0,0,0
0,0,0
0,0,0
0,0,0
0,0,0
0,0,0
0,0,0
0,0,0
0,0,0
0,0,0
0,0,0
0,0,0
0,0,0
0,0,0
0,0,0
0,0,0
0,0,0
0,0,0
0,0,0
0,0,0
0,0,0
0,0,0
0,0,0
0,0,0
0,0,0
0,0,0
0,0,0
0,0,0
0,0,0
0,0,0
0,0,0
0,0,0
0,0,0
0,0,0
0,0,0
0,0,0
0,0,0
0,0,0
0,0,0
0,0,0
0,0,0
0,0,0
0,0,0
0,0,0
0,0,0
0,0,0
0,0,0
0,0,0
0,0,0
0,0,0
0,0,0
0,0,0
0,0,0
0,0,0
0,0,0
0,0,0
0,0,0
0,0,0
0,0,0
0,0,0
0,0,0
0,0,0
0,0,0
0,0,0
0,0,0
0,0,0
0,0,0
0,0,0
0,0,0
0,0,0
0,0,0
0,0,0
0,0,0
0,0,0
0,0,0
0,0,0
0,0,0
0,0,0
0,0,0
0,0,0
0,0,0
0,0,0
0,0,0
0,0,0
0,0,0
0,0,0
0,0,0
0,0,0
0,0,0
0,0,0
0,0,0
0,0,0
0,0,0
0,0,0
0,0,0
0,0,0
0,0,0
0,0,0
0,0,0
0,0,0
0,0,0
0,0,0
0,0,0
0,0,0
0,0,0
0,0,0
0,0,0
0,0,0
0,0,0
0,0,0
0,0,0
0,0,0
0,0,0
0,0,0
0,0,0
0,0,0
0,0,0
0,0,0
0,0,0
0,0,0
0,0,0
0,0,0
0,0,0
0,0,0
0,0,0
0,0,0
0,0,0
0,0,0
0,0,0
0,0,0
0,0,0
0,0,0
0,0,0
0,0,0
0,0,0
0,0,0
0,0,0
0,0,0
0,0,0
0,0,0
0,0,0
0,0,0
0,0,0
0,0,0
0,0,0
0,0,0
0,0,0
0,0,0
0,0,0
0,0,0
0,0,0
0,0,0
0,0,0
0,0,0
0,0,0
0,0,0
0,0,0
0,0,0
0,0,0
0,0,0
0,0,0
0,0,0
0,0,0
0,0,0
0,0,0
0,0,0
0,0,0
0,0,0
0,0,0
0,0,0
0,0,0
0,0,0
0,0,0
0,0,0
0,0,0
0,0,0
0,0,0
0,0,0
0,0,0
0,0,0
0,0,0
0,0,0
0,0,0
0,0,0
0,0,0
0,0,0
0,0,0
0,0,0
0,0,0
0,0,0
0,0,0
0,0,0
0,0,0
0,0,0
0,0,0
0,0,0
0,0,0
0,0,0
0,0,0
0,0,0
0,0,0
0,0,0
0,0,0
0,0,0
0,0,0
0,0,0
0,0,0
0,0,0
0,0,0
0,0,0
0,0,0
0,0,0
0,0,0
0,0,0
0,0,0
0,0,0
0,0,0
0,0,0
0,0,0
0,0,0
0,0,0
0,0,0
0,0,0
0,0,0
0,0,0
0,0,0
0,0,0
0,0,0
0,0,0
0,0,0
0,0,0
0,0,0
0,0,0
0,0,0
0,0,0
0,0,0
0,0,0
0,0,0
0,0,0
0,0,0
0,0,0
0,0,0
0,0,0
0,0,0
0,0,0
0,0,0
0,0,0
0,0,0
0,0,0
0,0,0
0,0,0
0,0,0
0,0,0
0,0,0
0,0,0
0,0,0
0,0,0
0,0,0
2.27903,11.4451,-0.666404
2.34942,11.4319,-0.666464
0,0,0
0,0,0
0,0,0
0,0,0
2.97926,12.5334,-0.739519
0,0,0
0,0,0
0,0,0
0,0,0
3.12157,11.5458,-0.683915
3.18942,11.5158,-0.683253
3.41445,12.0405,-0.717374
0,0,0
3.44233,11.5949,-0.692039
3.45194,11.371,-0.679282
3.56247,11.4812,-0.687586
0,0,0
3.72216,11.4955,-0.691317
0,0,0
3.90986,11.588,-0.700163
3.94807,11.4685,-0.694085
4.04383,11.5165,-0.698719
4.09692,11.4426,-0.69559
4.14584,11.3591,-0.691859
4.11279,11.0575,-0.674106
4.22761,11.1562,-0.68211
4.28232,11.0947,-0.679823
4.36164,11.097,-0.681689
4.41333,11.0292,-0.679041
4.4892,11.0223,-0.680365
4.56172,11.0065,-0.681147
4.65438,11.0381,-0.685059
4.72478,11.0158,-0.68548
4.79866,11.0012,-0.686443
4.74466,10.6978,-0.66839
4.93823,10.9524,-0.687165
4.94046,10.7803,-0.677777
4.9669,10.6648,-0.672121
5.15991,10.9039,-0.690114
5.28079,10.9844,-0.697636
5.28282,10.8182,-0.688669
5.27591,10.638,-0.67874
5.35321,10.6295,-0.680365
5.38288,10.5272,-0.675671
5.5366,10.6658,-0.687346
5.60194,10.6316,-0.687346
5.72121,10.6983,-0.694266
5.74151,10.5796,-0.688549
5.7052,10.3606,-0.675912
5.74724,10.287,-0.673264
5.93281,10.4678,-0.688248
5.86807,10.2071,-0.672662
5.93411,10.1769,-0.673083
6.0315,10.1996,-0.677236
6.20383,10.3456,-0.690114
6.25786,10.292,-0.68903
6.31722,10.2474,-0.688609
6.21122,9.93847,-0.669413
6.40297,10.1068,-0.684156
6.40499,9.97405,-0.677476
6.50146,9.98894,-0.681388
6.62529,10.0438,-0.688248
6.69068,10.0088,-0.688669
6.63328,9.79237,-0.675912
6.69776,9.75807,-0.676393
6.28331,9.03498,-0.626326
6.37198,9.04359,-0.629816
6.91103,9.68188,-0.680004
6.98259,9.65628,-0.681268
6.98508,9.53595,-0.675491
6.96614,9.3887,-0.667668
7.02362,9.34578,-0.667668
7.36983,9.68216,-0.696432
7.34255,9.5245,-0.687887
7.41744,9.50051,-0.689512
7.49046,9.47361,-0.690956
7.42553,9.27398,-0.679101
7.54454,9.305,-0.685059
7.61353,9.27319,-0.686202
7.66709,9.22246,-0.685901
7.62196,9.05459,-0.676393
7.77062,9.11704,-0.685059
7.82642,9.06919,-0.685059
7.86024,8.99619,-0.683073
7.90537,8.93658,-0.68217
7.99602,8.92806,-0.68542
7.9494,8.76717,-0.676333
8.15561,8.88441,-0.689933
7.81991,8.41451,-0.655391
8.22435,8.74149,-0.686443
8.22344,8.63377,-0.681689
8.35941,8.66937,-0.68891
8.32668,8.53006,-0.681508
8.3536,8.45325,-0.679342
8.61005,8.60647,-0.696793
8.50927,8.402,-0.683795
8.55995,8.34893,-0.683735
8.6182,8.30318,-0.684337
8.68345,8.2639,-0.68554
8.81254,8.2843,-0.692039
8.74398,8.11936,-0.68223
8.87749,8.14247,-0.689091
8.91989,8.08115,-0.688489
8.91575,7.97834,-0.684156
8.99745,7.95257,-0.686804
9.06863,7.91691,-0.688609
9.27428,7.99669,-0.701126
8.92039,7.59664,-0.669232
8.95461,7.53148,-0.668269
9.25098,7.68431,-0.687887
7.16943,5.88143,-0.521918
7.18134,5.81785,-0.520052
9.3815,7.50525,-0.687165
7.4253,5.86603,-0.533351
9.63345,7.5148,-0.699441
9.63114,7.41839,-0.69577
9.67251,7.35614,-0.695469
9.76695,7.33381,-0.699201
9.8262,7.28444,-0.700284
9.88602,7.23521,-0.701427
9.96987,7.20306,-0.704376
10.0423,7.16203,-0.706482
10.1179,7.12269,-0.708829
10.1524,7.05421,-0.708167
10.1996,6.9946,-0.708468
10.2465,6.93468,-0.708769
10.3428,6.90772,-0.71268
10.4108,6.86115,-0.714546
10.4511,6.79605,-0.714425
10.5169,6.74743,-0.716171
10.5674,6.68865,-0.716833
10.5939,6.61469,-0.715809
10.6393,6.55271,-0.716171
10.757,6.53446,-0.721647
10.8114,6.47705,-0.72267
10.863,6.4177,-0.723512
10.9203,6.36148,-0.724776
10.9669,6.29882,-0.725318
11.0245,6.24223,-0.726641
11.08,6.1842,-0.727845
11.1396,6.12813,-0.729349
11.2665,6.10818,-0.735488
11.3654,6.07186,-0.7397
11.4263,6.01456,-0.741325
11.4816,5.95399,-0.742588
11.5294,5.88933,-0.743371
11.5734,5.82251,-0.743912
11.6,5.74696,-0.743311
11.6126,5.66473,-0.741806
11.6165,5.57868,-0.73976
11.6144,5.49024,-0.737353
11.5999,5.39656,-0.734164
11.5874,5.30451,-0.731155
11.5834,5.21691,-0.728748
11.5869,5.13321,-0.726882
11.5825,5.04647,-0.724535
11.6114,4.97452,-0.724415
11.6417,4.90318,-0.724415
11.6586,4.82631,-0.723572
11.6677,4.74641,-0.722248
11.6762,4.66658,-0.720925
11.6609,4.5777,-0.718096
11.6683,4.49817,-0.716772
11.6808,4.42084,-0.715809
11.6861,4.34109,-0.714425
11.6919,4.26178,-0.713102
11.7103,4.18727,-0.71262
11.7236,4.11104,-0.711838
11.7306,4.03287,-0.710694
11.7362,3.95444,-0.709491
11.7574,3.88141,-0.70931
11.7763,3.80766,-0.709009
11.7804,3.72931,-0.707806
11.7878,3.65223,-0.706843
11.7861,3.57259,-0.705339
11.7839,3.49312,-0.703834
11.7945,3.41769,-0.703172
11.823,3.34743,-0.703654
11.8452,3.27536,-0.703774
11.8824,3.2073,-0.704857
11.9135,3.13738,-0.705579
11.9779,3.07589,-0.708408
12.075,3.02196,-0.713282
12.1893,2.97121,-0.71924
12.3414,2.92816,-0.727544
12.4564,2.87482,-0.733562
12.5994,2.82652,-0.741325
12.6946,2.76616,-0.746139
12.8685,2.72146,-0.755827
12.9837,2.6627,-0.761905
13.1212,2.6071,-0.769367
13.3066,2.55915,-0.779778
13.4339,2.49826,-0.786638
13.5472,2.43343,-0.792656
13.7665,2.3857,-0.805173
13.8665,2.31549,-0.810408
13.9889,2.24778,-0.817028
14.0063,2.16251,-0.817269
14.0203,2.07668,-0.817329
14.0328,1.99061,-0.817329
14.0368,1.9034,-0.816847
14.0275,1.81454,-0.815584
13.9977,1.72344,-0.813116
13.9565,1.63149,-0.809987
13.9404,1.54297,-0.808423
13.9318,1.45554,-0.807339
13.9156,1.36759,-0.805835
13.882,1.27834,-0.803308
13.8498,1.18972,-0.8009
13.8309,1.10265,-0.799336
11.2531,0.827759,-0.643115
11.258,0.758695,-0.643115
13.7473,0.841663,-0.793198
13.7542,0.757406,-0.793318
13.7227,0.671243,-0.791152
13.6916,0.585538,-0.789045
13.672,0.500677,-0.787661
13.6728,0.416717,-0.787541
13.6572,0.332377,-0.786458
13.65,0.248409,-0.785916
13.6383,0.164493,-0.785134
13.6171,0.080678,-0.78381
13.5714,-0.00286521,-0.781042
13.5492,-0.0859976,-0.779718
13.5294,-0.168895,-0.778575
13.4952,-0.251292,-0.776589
13.4734,-0.333598,-0.775385
13.4641,-0.416047,-0.774964
13.4494,-0.498209,-0.774242
13.4311,-0.580077,-0.773339
13.4093,-0.661592,-0.772256
13.3781,-0.742364,-0.770631
13.3554,-0.82333,-0.769548
13.3361,-0.904316,-0.768705
13.2995,-0.983844,-0.76684
13.2693,-1.06352,-0.765396
13.2566,-1.1444,-0.765035
13.2354,-1.22443,-0.764192
13.1978,-1.30268,-0.762387
13.1806,-1.38269,-0.761845
13.1739,-1.46376,-0.761966
13.1567,-1.54364,-0.761484
13.1401,-1.62348,-0.761063
13.1081,-1.70125,-0.759739
13.0934,-1.78111,-0.759498
13.0744,-1.86029,-0.759017
13.0499,-1.93857,-0.758235
13.0259,-2.01677,-0.757512
13.0044,-2.09523,-0.756971
12.9588,-2.16954,-0.754985
10.7295,-1.86401,-0.619405
13.0108,-2.34274,-0.759859
12.9687,-2.4174,-0.758174
12.9242,-2.49126,-0.756369
12.9038,-2.56954,-0.756068
12.8809,-2.64726,-0.755647
12.8527,-2.72377,-0.754925
12.8221,-2.7996,-0.754082
12.793,-2.87559,-0.75336
12.7693,-2.95268,-0.752999
12.7422,-3.0289,-0.752458
12.7176,-3.10561,-0.752096
12.6954,-3.18285,-0.751916
12.6698,-3.2592,-0.751555
12.6467,-3.33612,-0.751374
12.6202,-3.41209,-0.751013
12.5865,-3.486,-0.750231
12.5495,-3.5588,-0.749268
12.5054,-3.62934,-0.747884
12.4771,-3.70429,-0.747523
12.4551,-3.78107,-0.747583
12.4374,-3.8592,-0.747944
12.4125,-3.93514,-0.747884
12.3825,-4.00938,-0.747523
12.3425,-4.08027,-0.74656
12.2935,-4.14795,-0.745056
12.2631,-4.22168,-0.744755
12.2408,-4.29817,-0.744996
12.2142,-4.37319,-0.744996
12.1759,-4.44395,-0.744273
12.1334,-4.51301,-0.743311
12.0905,-4.58171,-0.742348
12.0529,-4.65222,-0.741746
12.012,-4.72134,-0.740964
11.968,-4.78902,-0.740001
11.9393,-4.86274,-0.740061
11.9102,-4.93629,-0.740121
11.8815,-5.01005,-0.740242
11.8524,-5.08365,-0.740362
11.8265,-5.15867,-0.740723
11.7964,-5.23195,-0.740843
11.7641,-5.30423,-0.740843
11.7232,-5.37257,-0.740302
11.6773,-5.4385,-0.739459
11.6365,-5.50663,-0.738978
11.5989,-5.5762,-0.738737
11.568,-5.64902,-0.738978
11.5367,-5.72166,-0.739219
11.4943,-5.78875,-0.738737
11.415,-5.8369,-0.735788
11.3391,-5.88614,-0.73308
11.2524,-5.92908,-0.72965
11.1701,-5.97353,-0.726521
11.1025,-6.02529,-0.724415
11.0251,-6.07115,-0.721647
10.9371,-6.11045,-0.718156
10.8516,-6.15037,-0.714847
10.7834,-6.19942,-0.71274
10.7193,-6.25039,-0.710935
10.6258,-6.28352,-0.707084
10.5545,-6.32909,-0.704797
10.4975,-6.38285,-0.703533
10.4361,-6.43352,-0.701969
10.3625,-6.47627,-0.699562
10.288,-6.51783,-0.697094
10.2134,-6.55872,-0.694627
10.142,-6.60111,-0.6924
10.0513,-6.63024,-0.68879
9.99139,-6.67903,-0.687406
9.92294,-6.72173,-0.68542
9.84284,-6.75594,-0.682591
9.78399,-6.80424,-0.681328
9.73389,-6.8584,-0.680726
9.64694,-6.8861,-0.677416
9.57054,-6.92059,-0.674889
9.50052,-6.95913,-0.672843
9.43519,-7.00064,-0.671158
9.36653,-7.03921,-0.669232
9.29695,-7.0766,-0.667246
9.21857,-7.10669,-0.664598
9.15119,-7.14469,-0.662793
9.08055,-7.17966,-0.660747
8.98802,-7.19656,-0.657016
7.71092,-6.25197,-0.561334
8.8782,-7.28921,-0.655391
8.79953,-7.31547,-0.652743
8.73692,-7.35454,-0.651359
8.65668,-7.37822,-0.648591
8.58782,-7.41098,-0.646726
8.52264,-7.44646,-0.645161
8.45586,-7.4801,-0.643476
8.40088,-7.52385,-0.642754
8.3479,-7.56922,-0.642212
8.27704,-7.59802,-0.640227
8.2149,-7.6344,-0.638963
8.15119,-7.66892,-0.637579
8.09747,-7.7126,-0.637037
8.02413,-7.7372,-0.634871
7.95722,-7.76746,-0.633246
7.90231,-7.80912,-0.632644
7.8486,-7.85181,-0.632163
7.78134,-7.88064,-0.630538
7.72726,-7.92252,-0.630057
7.6695,-7.96044,-0.629274
7.59918,-7.98494,-0.627409
7.54457,-8.0256,-0.626927
7.48228,-8.05784,-0.625784
7.41583,-8.08521,-0.624279
7.35201,-8.11502,-0.623016
7.30474,-8.16296,-0.623257
7.24791,-8.20014,-0.622655
7.20074,-8.24822,-0.622956
5.16524,-5.99025,-0.439715
7.02585,-8.25009,-0.616156
6.96931,-8.28617,-0.615614
6.91068,-8.31956,-0.614892
6.85951,-8.36181,-0.614892
6.79425,-8.38667,-0.613568
6.72769,-8.4095,-0.612124
6.67287,-8.4467,-0.611823
6.61662,-8.48198,-0.611402
6.55897,-8.5153,-0.61086
6.50479,-8.553,-0.610679
6.44859,-8.58796,-0.610318
6.38804,-8.61694,-0.609536
6.33092,-8.65034,-0.609115
6.27364,-8.68336,-0.608694
6.21676,-8.71681,-0.608333
6.15626,-8.745,-0.60761
6.09395,-8.77031,-0.606708
6.0372,-8.80342,-0.606407
5.98251,-8.83947,-0.606347
5.92649,-8.87353,-0.606166
5.86974,-8.90639,-0.605925
5.8128,-8.93889,-0.605685
5.74868,-8.96011,-0.604662
5.69093,-8.99099,-0.604361
5.63724,-9.02828,-0.604541
5.58016,-9.06015,-0.604361
5.52343,-9.09252,-0.60424
5.4742,-9.13737,-0.605023
5.42565,-9.18368,-0.605925
5.36216,-9.20472,-0.605083
5.30459,-9.23572,-0.604963
5.23799,-9.25072,-0.603759
5.17626,-9.27397,-0.603157
5.12166,-9.30993,-0.603458
5.06682,-9.34556,-0.603759
5.00468,-9.36767,-0.603157
4.9406,-9.38584,-0.602315
4.88705,-9.42395,-0.602856
4.82913,-9.45376,-0.602856
4.77148,-9.48411,-0.602917
4.71409,-9.51499,-0.603037
4.65518,-9.54284,-0.602977
4.60345,-9.58562,-0.60394
4.53986,-9.60376,-0.603278
4.47411,-9.61696,-0.602315
4.42124,-9.65784,-0.603217
4.36682,-9.69571,-0.60394
4.30725,-9.72232,-0.60394
4.24552,-9.74399,-0.603639
4.18447,-9.76711,-0.603458
4.1233,-9.78984,-0.603278
4.05972,-9.80665,-0.602736
3.99683,-9.82491,-0.602315
3.93499,-9.84554,-0.602074
3.86977,-9.85742,-0.601292
3.80957,-9.88191,-0.601352
3.75134,-9.91163,-0.601773
3.68941,-9.93166,-0.601593
3.626,-9.94754,-0.601171
3.56624,-9.97336,-0.601412
3.17569,-9.05592,-0.541415
3.11617,-9.06391,-0.540693
3.38174,-10.0364,-0.601352
3.32197,-10.0626,-0.601713
0,0,0
0,0,0
0,0,0
0,0,0
0,0,0
0,0,0
0,0,0
0,0,0
0,0,0
0,0,0
0,0,0
0,0,0
0,0,0
0,0,0
0,0,0
0,0,0
0,0,0
0,0,0
0,0,0
0,0,0
0,0,0
0,0,0
0,0,0
0,0,0
0,0,0
0,0,0
0,0,0
0,0,0
0,0,0
0,0,0
0,0,0
0,0,0
0,0,0
0,0,0
0,0,0
0,0,0
0,0,0
0,0,0
0,0,0
0,0,0
0,0,0
0,0,0
0,0,0
0,0,0
0,0,0
0,0,0
0,0,0
0,0,0
0,0,0
0,0,0
0,0,0
0,0,0
0,0,0
0,0,0
0,0,0
0,0,0
0,0,0
0,0,0
0,0,0
0,0,0
0,0,0
0,0,0
0,0,0
0,0,0
0,0,0
0,0,0
0,0,0
0,0,0
0,0,0
0,0,0
0,0,0
0,0,0
0,0,0
0,0,0
0,0,0
0,0,0
0,0,0
0,0,0
0,0,0
0,0,0
0,0,0
0,0,0
0,0,0
0,0,0
0,0,0
0,0,0
0,0,0
0,0,0
0,0,0
0,0,0
0,0,0
0,0,0
0,0,0
0,0,0
0,0,0
0,0,0
0,0,0
0,0,0
0,0,0
0,0,0
0,0,0
0,0,0
0,0,0
0,0,0
0,0,0
0,0,0
0,0,0
0,0,0
0,0,0
0,0,0
0,0,0
0,0,0
0,0,0
0,0,0
0,0,0
0,0,0
0,0,0
0,0,0
0,0,0
0,0,0
0,0,0
0,0,0
0,0,0
0,0,0
0,0,0
0,0,0
0,0,0
0,0,0
0,0,0
0,0,0
0,0,0
0,0,0
0,0,0
0,0,0
0,0,0
0,0,0
0,0,0
0,0,0
0,0,0
0,0,0
0,0,0
0,0,0
0,0,0
0,0,0
0,0,0
0,0,0
0,0,0
0,0,0
0,0,0
0,0,0
0,0,0
0,0,0
0,0,0
0,0,0
0,0,0
0,0,0
0,0,0
0,0,0
0,0,0
0,0,0
0,0,0
0,0,0
0,0,0
0,0,0
0,0,0
0,0,0
0,0,0
0,0,0
0,0,0
0,0,0
0,0,0
0,0,0
0,0,0
0,0,0
0,0,0
0,0,0
0,0,0
0,0,0
0,0,0
0,0,0
0,0,0
0,0,0
0,0,0
0,0,0
0,0,0
0,0,0
0,0,0
0,0,0
0,0,0
0,0,0
0,0,0
0,0,0
0,0,0
0,0,0
0,0,0
0,0,0
0,0,0
0,0,0
0,0,0
0,0,0
0,0,0
0,0,0
0,0,0
0,0,0
0,0,0
0,0,0
0,0,0
0,0,0
0,0,0
0,0,0
0,0,0
0,0,0
0,0,0
0,0,0
0,0,0
0,0,0
0,0,0
0,0,0
0,0,0
0,0,0
0,0,0
0,0,0
0,0,0
0,0,0
0,0,0
0,0,0
0,0,0
0,0,0
0,0,0
0,0,0
0,0,0
0,0,0
0,0,0
0,0,0
0,0,0
0,0,0
0,0,0
0,0,0
0,0,0
0,0,0
0,0,0
0,0,0
0,0,0
0,0,0
0,0,0
0,0,0
0,0,0
0,0,0
0,0,0
0,0,0
0,0,0
0,0,0
0,0,0
0,0,0
0,0,0
0,0,0
0,0,0
0,0,0
0,0,0
0,0,0
0,0,0
0,0,0
0,0,0
0,0,0
0,0,0
0,0,0
0,0,0
0,0,0
0,0,0
0,0,0
0,0,0
0,0,0
0,0,0
0,0,0
0,0,0
0,0,0
0,0,0
0,0,0
0,0,0
0,0,0
0,0,0
0,0,0
0,0,0
0,0,0
0,0,0
0,0,0
0,0,0
0,0,0
0,0,0
0,0,0
0,0,0
0,0,0
0,0,0
0,0,0
0,0,0
0,0,0
0,0,0
0,0,0
0,0,0
0,0,0
0,0,0
0,0,0
0,0,0
0,0,0
0,0,0
0,0,0
0,0,0
0,0,0
0,0,0
0,0,0
0,0,0
0,0,0
0,0,0
0,0,0
0,0,0
0,0,0
0,0,0
0,0,0
0,0,0
0,0,0
0,0,0
0,0,0
0,0,0
0,0,0
0,0,0
0,0,0
0,0,0
0,0,0
0,0,0
0,0,0
0,0,0
0,0,0
0,0,0
0,0,0
0,0,0
0,0,0
0,0,0
0,0,0
0,0,0
0,0,0
0,0,0
0,0,0
0,0,0
0,0,0
0,0,0
0,0,0
0,0,0
0,0,0
0,0,0
0,0,0
0,0,0
0,0,0
0,0,0
0,0,0
0,0,0
0,0,0
0,0,0
0,0,0
0,0,0
0,0,0
0,0,0
0,0,0
0,0,0
0,0,0
0,0,0
0,0,0
0,0,0
0,0,0
0,0,0
0,0,0
0,0,0
0,0,0
0,0,0
0,0,0
0,0,0
0,0,0
0,0,0
0,0,0
0,0,0
0,0,0
0,0,0
0,0,0
0,0,0
0,0,0
0,0,0
0,0,0
0,0,0
0,0,0
0,0,0
0,0,0
0,0,0
0,0,0
0,0,0
0,0,0
0,0,0
0,0,0
0,0,0
0,0,0
0,0,0
0,0,0
0,0,0
0,0,0
0,0,0
0,0,0
0,0,0
0,0,0
0,0,0
0,0,0
0,0,0
0,0,0
0,0,0
0,0,0
0,0,0
0,0,0
0,0,0
0,0,0
0,0,0
0,0,0
0,0,0
0,0,0
0,0,0
0,0,0
0,0,0
0,0,0
0,0,0
0,0,0
0,0,0
0,0,0
0,0,0
0,0,0
0,0,0
0,0,0
0,0,0
0,0,0
0,0,0
0,0,0
0,0,0
0,0,0
0,0,0
0,0,0
0,0,0
0,0,0
0,0,0
0,0,0
0,0,0
0,0,0
0,0,0
0,0,0
0,0,0
0,0,0
0,0,0
0,0,0
0,0,0
0,0,0
0,0,0
0,0,0
0,0,0
0,0,0
0,0,0
0,0,0
0,0,0
0,0,0
0,0,0
0,0,0
0,0,0
0,0,0
0,0,0
0,0,0
0,0,0
0,0,0
0,0,0
0,0,0
0,0,0
0,0,0
0,0,0
0,0,0
0,0,0
0,0,0
0,0,0
0,0,0
0,0,0
0,0,0
0,0,0
0,0,0
0,0,0
0,0,0
0,0,0
0,0,0
0,0,0
0,0,0
0,0,0
0,0,0
0,0,0
0,0,0
0,0,0
0,0,0
0,0,0
0,0,0
0,0,0
0,0,0
0,0,0
0,0,0
0,0,0
0,0,0
0,0,0
0,0,0
0,0,0
0,0,0
0,0,0
0,0,0
0,0,0
0,0,0
0,0,0
0,0,0
0,0,0
0,0,0
0,0,0
0,0,0
0,0,0
0,0,0
0,0,0
0,0,0
0,0,0
0,0,0
0,0,0
0,0,0
0,0,0
0,0,0
0,0,0
0,0,0
0,0,0
0,0,0
0,0,0
0,0,0
0,0,0
0,0,0
0,0,0
0,0,0
0,0,0
0,0,0
0,0,0
0,0,0
0,0,0
0,0,0
0,0,0
0,0,0
0,0,0
0,0,0
0,0,0
0,0,0
0,0,0
0,0,0
0,0,0
0,0,0
0,0,0
0,0,0
0,0,0
0,0,0
0,0,0
0,0,0
0,0,0
0,0,0
0,0,0
0,0,0
0,0,0
0,0,0
0,0,0
0,0,0
0,0,0
0,0,0
0,0,0
0,0,0
0,0,0
0,0,0
0,0,0
0,0,0
0,0,0
0,0,0
0,0,0
0,0,0
0,0,0
0,0,0
0,0,0
0,0,0
0,0,0
0,0,0
0,0,0
0,0,0
0,0,0
0,0,0
0,0,0
0,0,0
0,0,0
0,0,0
0,0,0
0,0,0
0,0,0
0,0,0
0,0,0
0,0,0
0,0,0
0,0,0
0,0,0
0,0,0
0,0,0
0,0,0
0,0,0
0,0,0
0,0,0
0,0,0
0,0,0
0,0,0
0,0,0
2.29629,10.8237,-0.769382
2.36415,10.8163,-0.769891
2.34009,10.3997,-0.739859
2.41734,10.4434,-0.744222
2.48022,10.4235,-0.743859
2.55597,10.4566,-0.747494
2.62421,10.4571,-0.748731
2.69926,10.4833,-0.75193
2.75717,10.4425,-0.750112
2.82562,10.4417,-0.751348
2.88351,10.4021,-0.749676
2.92823,10.317,-0.744586
0,0,0
3.08528,10.3836,-0.752439
3.15589,10.3874,-0.754184
3.21779,10.3621,-0.753748
3.26141,10.2794,-0.748949
3.32012,10.2459,-0.747931
3.38637,10.2358,-0.748731
3.45709,10.2384,-0.750548
3.52147,10.2217,-0.750912
3.54776,10.0964,-0.742913
3.59485,10.0331,-0.739714
3.6666,10.039,-0.741895
3.75735,10.0948,-0.748003
3.82629,10.0902,-0.749458
3.88813,10.0666,-0.749458
3.93961,10.0165,-0.747422
4.00989,10.0144,-0.749167
4.07615,10.0016,-0.750112
4.12942,9.95706,-0.748585
4.13385,9.79737,-0.737969
4.18523,9.75166,-0.736369
4.26094,9.76236,-0.739277
4.33047,9.75791,-0.741023
4.40461,9.76297,-0.743568
4.45696,9.71945,-0.742259
4.5481,9.75972,-0.747712
4.57419,9.66041,-0.741968
4.59663,9.55577,-0.735787
4.68714,9.5928,-0.741095
4.73882,9.54957,-0.739932
4.78341,9.4927,-0.737678
4.91242,9.60169,-0.749021
4.95607,9.54215,-0.746622
4.96942,9.42598,-0.739568
4.97306,9.29418,-0.731206
5.07473,9.34588,-0.738041
5.17095,9.38533,-0.743931
5.18611,9.27768,-0.737605
5.23311,9.22833,-0.736151
5.31101,9.23322,-0.739277
5.36003,9.18754,-0.738187
5.42798,9.17422,-0.739859
5.4816,9.13647,-0.739496
5.5303,9.09073,-0.738478
5.57865,9.04474,-0.73746
5.51139,8.81414,-0.720589
5.64865,8.91158,-0.731933
5.73179,8.92122,-0.735787
5.81418,8.92851,-0.739496
5.87709,8.90516,-0.740586
5.92331,8.85649,-0.739496
5.9574,8.79026,-0.736878
6.03945,8.79465,-0.740514
6.0688,8.72222,-0.737387
6.10612,8.66199,-0.735351
6.20262,8.68524,-0.740804
6.2973,8.70439,-0.745967
6.37122,8.69375,-0.748512
6.43098,8.6633,-0.749312
6.47922,8.6173,-0.748731
6.52412,8.56707,-0.747785
6.57717,8.52767,-0.747858
6.63551,8.49501,-0.748585
6.69617,8.46509,-0.749603
6.75921,8.43785,-0.750912
6.81902,8.40629,-0.751857
6.86478,8.35735,-0.751203
6.91019,8.30817,-0.750548
6.98224,8.29079,-0.752948
7.04398,8.2607,-0.754184
7.09518,8.21808,-0.754257
7.16713,8.19917,-0.756657
7.23713,8.17745,-0.758838
7.27386,8.11803,-0.757384
7.37044,8.12496,-0.762474
7.38845,8.04505,-0.759056
7.37249,7.92944,-0.752075
7.42579,7.88914,-0.752584
7.58275,7.95752,-0.764074
7.6162,7.89505,-0.762474
7.63175,7.81463,-0.759056
7.74967,7.83858,-0.766328
7.7814,7.77467,-0.764655
7.81902,7.71697,-0.763637
7.87265,7.67511,-0.764292
7.91457,7.62182,-0.763783
7.95829,7.57036,-0.763492
8.00605,7.52276,-0.763637
8.04182,7.46399,-0.762619
8.14187,7.46439,-0.768
8.17125,7.39956,-0.766401
8.21427,7.34729,-0.766182
8.26667,7.30335,-0.76691
8.3256,7.26495,-0.768291
8.38664,7.22806,-0.769891
8.44754,7.19068,-0.771491
8.50906,7.15348,-0.773163
8.56737,7.11324,-0.774545
8.64479,7.08837,-0.777744
7.17292,5.808,-0.635584
7.46078,5.96571,-0.659144
7.44324,5.87717,-0.654127
8.80671,6.86672,-0.776872
8.87554,6.83324,-0.779344
8.89904,6.76477,-0.777672
8.92204,6.69627,-0.775999
8.96055,6.63961,-0.775781
8.99629,6.58097,-0.775345
9.01629,6.51105,-0.773527
9.0374,6.44229,-0.771854
9.06452,6.3781,-0.770763
9.08956,6.31269,-0.769527
9.11414,6.24721,-0.768291
9.15808,6.19508,-0.7688
9.16689,6.11939,-0.766255
9.18844,6.0526,-0.764874
9.22457,5.99557,-0.764801
9.25951,5.93778,-0.764655
9.27722,5.86912,-0.763056
9.29191,5.79888,-0.761238
9.31288,5.73286,-0.760002
9.34618,5.67458,-0.759856
9.37141,5.61149,-0.759056
9.38591,5.54221,-0.757384
9.41543,5.48201,-0.75702
9.45149,5.42562,-0.757238
9.47852,5.36409,-0.756729
9.49994,5.29951,-0.755784
9.52179,5.23535,-0.754911
9.55373,5.17683,-0.754911
9.57212,5.11107,-0.753821
9.59006,5.04527,-0.75273
9.6049,4.97807,-0.751421
9.6326,4.91768,-0.751203
9.65636,4.85535,-0.750694
9.6806,4.79335,-0.750258
9.71073,4.7343,-0.75033
9.7351,4.67246,-0.749967
9.75457,4.60838,-0.74924
9.76367,4.53961,-0.747712
9.78046,4.47463,-0.74684
9.795,4.40881,-0.745822
9.81731,4.3466,-0.745458
9.84105,4.28509,-0.74524
9.86166,4.22227,-0.744804
9.8837,4.16013,-0.744513
9.90259,4.09674,-0.744004
9.90352,4.02613,-0.742113
9.90581,3.95641,-0.740368
9.92711,3.89446,-0.74015
9.96664,3.83957,-0.741386
10.032,3.79423,-0.744658
10.1159,3.75517,-0.749385
10.2099,3.71898,-0.754911
10.3114,3.68446,-0.76102
10.412,3.6485,-0.767055
10.5049,3.60886,-0.772509
10.5921,3.5663,-0.777526
10.7009,3.52999,-0.784216
10.803,3.49034,-0.790397
10.8974,3.44716,-0.795996
10.986,3.40117,-0.801159
11.1231,3.36898,-0.81003
11.2249,3.32475,-0.816211
11.3265,3.2794,-0.822392
11.4318,3.23401,-0.828864
11.5562,3.19277,-0.83679
11.6863,3.15168,-0.845152
11.773,3.09768,-0.850242
11.8517,3.04076,-0.85475
11.8624,2.96605,-0.854169
11.8784,2.89273,-0.854023
11.8794,2.81588,-0.852787
11.8654,2.73576,-0.85046
11.8742,2.66116,-0.849878
11.8581,2.58125,-0.847479
11.8679,2.5072,-0.847043
11.8351,2.42452,-0.843479
11.8019,2.34234,-0.839916
11.7974,2.26631,-0.838535
11.7787,2.18786,-0.836135
11.7527,2.1085,-0.833227
11.7575,2.03499,-0.832645
11.7501,1.95952,-0.83119
11.7265,1.88169,-0.828573
11.7191,1.80682,-0.827191
11.7329,1.73531,-0.827409
11.7423,1.66315,-0.827337
11.7444,1.59,-0.826755
11.7322,1.51509,-0.825155
11.7215,1.44064,-0.823701
11.7093,1.36626,-0.822174
11.6976,1.2922,-0.820719
11.6894,1.21874,-0.819556
11.6828,1.14563,-0.818538
11.6827,1.07329,-0.818029
11.698,1.00235,-0.818683
11.7069,0.930792,-0.818901
11.2081,0.821909,-0.782034
11.201,0.752319,-0.781162
11.2173,0.684307,-0.782034
11.6147,0.637081,-0.810757
11.6263,0.566192,-0.811339
11.6097,0.493993,-0.809885
11.5865,0.421803,-0.807994
11.568,0.350065,-0.806467
11.55,0.278596,-0.805013
11.5425,0.207559,-0.804358
11.5366,0.136649,-0.803849
11.5302,0.0658183,-0.80334
11.5244,-0.00492896,-0.802904
11.4992,-0.0754802,-0.801086
11.4736,-0.145723,-0.799268
11.4685,-0.216046,-0.798977
11.451,-0.286014,-0.797814
11.4381,-0.355931,-0.797014
11.4207,-0.425552,-0.795923
11.405,-0.495059,-0.794978
11.3738,-0.56365,-0.792942
11.3502,-0.63232,-0.791488
11.3491,-0.702136,-0.791706
11.3526,-0.772301,-0.792287
11.3416,-0.841502,-0.791851
11.3154,-0.909401,-0.790324
11.2947,-0.977526,-0.789233
11.2825,-1.04626,-0.788797
11.267,-1.11458,-0.788143
11.251,-1.18276,-0.787488
11.2405,-1.25144,-0.78727
11.2267,-1.31969,-0.786834
11.2095,-1.38745,-0.786179
11.1948,-1.45543,-0.785743
11.1748,-1.52261,-0.784943
11.1613,-1.59059,-0.784652
11.1582,-1.66007,-0.785161
11.1291,-1.7256,-0.78378
11.0671,-1.7856,-0.779998
10.7235,-1.79777,-0.75542
10.7123,-1.86354,-0.75542
10.7526,-1.93861,-0.759274
11.0386,-2.06014,-0.78138
11.0189,-2.12651,-0.780871
10.9929,-2.19155,-0.779926
10.9881,-2.26077,-0.78058
10.9506,-2.32318,-0.778835
10.9293,-2.38884,-0.778326
10.8998,-2.45257,-0.777235
10.8885,-2.5203,-0.777526
10.8844,-2.58984,-0.778399
10.8683,-2.65657,-0.778399
10.847,-2.722,-0.778035
10.8378,-2.79049,-0.778617
10.8234,-2.8577,-0.778835
10.7999,-2.9225,-0.778399
10.7846,-2.98951,-0.778617
10.7689,-3.05644,-0.778835
10.7385,-3.11912,-0.777962
10.7125,-3.18297,-0.777453
10.6927,-3.24864,-0.777453
10.6564,-3.30916,-0.776217
10.6368,-3.37478,-0.77629
10.6159,-3.43999,-0.77629
10.5918,-3.50412,-0.776072
10.5559,-3.56426,-0.774981
10.5301,-3.62766,-0.77469
10.502,-3.69022,-0.774254
10.4735,-3.75258,-0.773818
10.4531,-3.81779,-0.774036
10.4239,-3.87978,-0.773599
10.3821,-3.93694,-0.772218
10.3476,-3.99662,-0.771418
10.32,-4.05894,-0.7712
10.2977,-4.1233,-0.771418
10.2713,-4.18603,-0.771345
10.2371,-4.24554,-0.770691
10.198,-4.30285,-0.769673
10.1604,-4.36062,-0.7688
10.1335,-4.42288,-0.7688
10.1144,-4.48862,-0.769455
10.0975,-4.55551,-0.770327
10.0721,-4.61863,-0.770545
10.0382,-4.67782,-0.770109
10.0138,-4.74146,-0.770473
10.0016,-4.81103,-0.771854
9.98263,-4.87756,-0.772727
9.96413,-4.94448,-0.773672
9.94518,-5.01136,-0.774617
9.90448,-5.06729,-0.773818
9.87939,-5.13119,-0.774327
9.84949,-5.19264,-0.774472
9.80601,-5.24686,-0.773527
9.75873,-5.29884,-0.772291
9.65352,-5.31868,-0.766255
9.59633,-5.36419,-0.764219
9.53981,-5.40969,-0.762256
9.4658,-5.44476,-0.758838
9.39861,-5.48314,-0.756002
9.33904,-5.52547,-0.753821
9.26647,-5.55958,-0.750548
9.19043,-5.59094,-0.746985
9.13048,-5.63152,-0.744804
9.05686,-5.66312,-0.741459
8.99161,-5.69937,-0.738841
8.93801,-5.74257,-0.737241
8.87836,-5.78153,-0.735133
8.82108,-5.82161,-0.733242
8.76612,-5.86288,-0.73157
8.70687,-5.90089,-0.729533
8.64336,-5.93558,-0.727134
8.58385,-5.97255,-0.725098
8.53319,-6.01534,-0.723862
8.47095,-6.04962,-0.721607
8.4159,-6.08863,-0.720008
8.35826,-6.12541,-0.71819
8.29409,-6.15697,-0.71579
8.23463,-6.19156,-0.713827
8.18776,-6.23533,-0.713027
8.14461,-6.2818,-0.712591
8.07683,-6.30894,-0.7099
8.02466,-6.34786,-0.708664
7.75436,-6.21181,-0.687067
7.69441,-6.24168,-0.685031
7.64903,-6.28308,-0.684377
7.69392,-6.39941,-0.692303
7.73462,-6.51394,-0.699938
7.67401,-6.54381,-0.697975
7.61786,-6.57709,-0.696448
7.56159,-6.60992,-0.694921
7.5067,-6.64364,-0.693539
7.45613,-6.68092,-0.692594
7.39727,-6.71047,-0.690849
7.33832,-6.73954,-0.689103
7.26761,-6.75728,-0.686195
7.20059,-6.77782,-0.68365
7.15237,-6.81568,-0.682995
7.10037,-6.84975,-0.681977
7.04821,-6.88343,-0.680959
6.99095,-6.91183,-0.679432
6.92444,-6.93061,-0.67696
6.87617,-6.96729,-0.676378
6.81867,-6.99435,-0.674851
6.76732,-7.02744,-0.673979
6.71033,-7.05438,-0.672524
6.66487,-7.09324,-0.672306
6.609,-7.12084,-0.670997
6.5416,-7.13553,-0.668452
6.48832,-7.16519,-0.667434
6.4429,-7.20338,-0.667289
6.39263,-7.23605,-0.666634
6.29303,-7.21202,-0.660526
5.14813,-5.97384,-0.537636
6.23767,-7.32819,-0.664307
6.18039,-7.35182,-0.662926
6.13708,-7.39191,-0.663144
6.08718,-7.42403,-0.662635
6.03461,-7.45271,-0.661835
5.97755,-7.47558,-0.660526
5.91921,-7.49646,-0.659072
5.86942,-7.52792,-0.658635
5.81034,-7.5472,-0.657108
5.75788,-7.57477,-0.656381
5.70471,-7.60118,-0.655581
5.66093,-7.64005,-0.655945
5.60924,-7.6682,-0.655363
5.54923,-7.68469,-0.653763
5.4875,-7.69829,-0.651946
5.43844,-7.72937,-0.651727
5.39489,-7.76833,-0.652236
5.34092,-7.79224,-0.651437
5.28686,-7.81577,-0.650637
5.23271,-7.83894,-0.649837
5.17409,-7.85508,-0.648455
5.12145,-7.87999,-0.647873
5.07246,-7.91043,-0.647801
5.02383,-7.9414,-0.647801
4.97659,-7.97462,-0.648019
4.93018,-8.00925,-0.648382
4.86127,-8.00695,-0.645619
4.81563,-8.04262,-0.646128
4.76873,-8.07631,-0.646492
4.71607,-8.10025,-0.646056
4.66479,-8.12644,-0.645837
4.61583,-8.15664,-0.645983
4.5584,-8.17175,-0.644892
4.50241,-8.18908,-0.644019
4.44685,-8.2069,-0.64322
4.39547,-8.23228,-0.643074
4.34301,-8.25556,-0.642783
4.28998,-8.27763,-0.64242
4.23594,-8.29757,-0.641911
4.18629,-8.32608,-0.642129
4.13733,-8.35608,-0.642492
4.08205,-8.37324,-0.641838
4.03362,-8.40443,-0.642347
3.98325,-8.43172,-0.642565
3.92513,-8.44244,-0.641474
3.87699,-8.47453,-0.642129
3.82369,-8.49543,-0.641911
3.77472,-8.52602,-0.642492
3.71995,-8.54354,-0.642056
3.66392,-8.55795,-0.641402
3.60825,-8.57292,-0.64082
3.55825,-8.60135,-0.641329
3.50427,-8.62025,-0.641111
3.44576,-8.6277,-0.64002
3.39313,-8.6496,-0.640093
3.34106,-8.67305,-0.640311
3.2839,-8.68313,-0.639511
3.22952,-8.70031,-0.639293
3.18086,-8.73308,-0.640311
3.12553,-8.74774,-0.639947
0,0,0
0,0,0
0,0,0
0,0,0
0,0,0
0,0,0
0,0,0
0,0,0
0,0,0
0,0,0
0,0,0
0,0,0
0,0,0
0,0,0
0,0,0
0,0,0
0,0,0
0,0,0
0,0,0
0,0,0
0,0,0
0,0,0
0,0,0
0,0,0
0,0,0
0,0,0
0,0,0
0,0,0
0,0,0
0,0,0
0,0,0
0,0,0
0,0,0
0,0,0
0,0,0
0,0,0
0,0,0
0,0,0
0,0,0
0,0,0
0,0,0
0,0,0
0,0,0
0,0,0
0,0,0
0,0,0
0,0,0
0,0,0
0,0,0
0,0,0
0,0,0
0,0,0
0,0,0
0,0,0
0,0,0
0,0,0
0,0,0
0,0,0
0,0,0
0,0,0
0,0,0
0,0,0
0,0,0
0,0,0
0,0,0
0,0,0
0,0,0
0,0,0
0,0,0
0,0,0
0,0,0
0,0,0
0,0,0
0,0,0
0,0,0
0,0,0
0,0,0
0,0,0
0,0,0
0,0,0
0,0,0
0,0,0
0,0,0
0,0,0
0,0,0
0,0,0
0,0,0
0,0,0
0,0,0
0,0,0
0,0,0
0,0,0
0,0,0
0,0,0
0,0,0
0,0,0
0,0,0
0,0,0
0,0,0
0,0,0
0,0,0
0,0,0
0,0,0
0,0,0
0,0,0
0,0,0
0,0,0
0,0,0
0,0,0
0,0,0
0,0,0
0,0,0
0,0,0
0,0,0
0,0,0
0,0,0
0,0,0
0,0,0
0,0,0
0,0,0
0,0,0
0,0,0
0,0,0
0,0,0
0,0,0
0,0,0
0,0,0
0,0,0
0,0,0
0,0,0
0,0,0
0,0,0
0,0,0
0,0,0
0,0,0
0,0,0
0,0,0
0,0,0
0,0,0
0,0,0
0,0,0
0,0,0
0,0,0
0,0,0
0,0,0
0,0,0
0,0,0
0,0,0
0,0,0
0,0,0
0,0,0
0,0,0
0,0,0
0,0,0
0,0,0
0,0,0
0,0,0
0,0,0
0,0,0
0,0,0
0,0,0
0,0,0
0,0,0
0,0,0
0,0,0
0,0,0
0,0,0
0,0,0
0,0,0
0,0,0
0,0,0
0,0,0
0,0,0
0,0,0
0,0,0
0,0,0
0,0,0
0,0,0
0,0,0
0,0,0
0,0,0
0,0,0
0,0,0
0,0,0
0,0,0
0,0,0
0,0,0
0,0,0
0,0,0
0,0,0
0,0,0
0,0,0
0,0,0
0,0,0
0,0,0
0,0,0
0,0,0
0,0,0
0,0,0
0,0,0
0,0,0
0,0,0
0,0,0
0,0,0
0,0,0
0,0,0
0,0,0
0,0,0
0,0,0
0,0,0
0,0,0
0,0,0
0,0,0
0,0,0
0,0,0
0,0,0
0,0,0
0,0,0
0,0,0
0,0,0
0,0,0
0,0,0
0,0,0
0,0,0
0,0,0
0,0,0
0,0,0
0,0,0
0,0,0
0,0,0
0,0,0
0,0,0
0,0,0
0,0,0
0,0,0
0,0,0
0,0,0
0,0,0
0,0,0
0,0,0
0,0,0
0,0,0
0,0,0
0,0,0
0,0,0
0,0,0
0,0,0
0,0,0
0,0,0
0,0,0
0,0,0
0,0,0
0,0,0
0,0,0
0,0,0
0,0,0
0,0,0
0,0,0
0,0,0
0,0,0
0,0,0
0,0,0
0,0,0
0,0,0
0,0,0
0,0,0
0,0,0
0,0,0
0,0,0
0,0,0
0,0,0
0,0,0
0,0,0
0,0,0
0,0,0
0,0,0
0,0,0
0,0,0
0,0,0
0,0,0
0,0,0
0,0,0
0,0,0
0,0,0
0,0,0
0,0,0
0,0,0
0,0,0
0,0,0
0,0,0
0,0,0
0,0,0
0,0,0
0,0,0
0,0,0
0,0,0
0,0,0
0,0,0
0,0,0
0,0,0
0,0,0
0,0,0
0,0,0
0,0,0
0,0,0
0,0,0
0,0,0
0,0,0
0,0,0
0,0,0
0,0,0
0,0,0
0,0,0
0,0,0
0,0,0
0,0,0
0,0,0
0,0,0
0,0,0
0,0,0
0,0,0
0,0,0
0,0,0
0,0,0
0,0,0
0,0,0
0,0,0
0,0,0
0,0,0
0,0,0
0,0,0
0,0,0
0,0,0
0,0,0
0,0,0
0,0,0
0,0,0
0,0,0
0,0,0
0,0,0
0,0,0
0,0,0
0,0,0
0,0,0
0,0,0
0,0,0
0,0,0
0,0,0
0,0,0
0,0,0
0,0,0
0,0,0
0,0,0
0,0,0
0,0,0
0,0,0
0,0,0
0,0,0
0,0,0
0,0,0
0,0,0
0,0,0
0,0,0
0,0,0
0,0,0
0,0,0
0,0,0
0,0,0
0,0,0
0,0,0
0,0,0
0,0,0
0,0,0
0,0,0
0,0,0
0,0,0
0,0,0
0,0,0
0,0,0
0,0,0
0,0,0
0,0,0
0,0,0
0,0,0
0,0,0
0,0,0
0,0,0
0,0,0
0,0,0
0,0,0
0,0,0
0,0,0
0,0,0
0,0,0
0,0,0
0,0,0
0,0,0
0,0,0
0,0,0
0,0,0
0,0,0
0,0,0
0,0,0
0,0,0
0,0,0
0,0,0
0,0,0
0,0,0
0,0,0
0,0,0
0,0,0
0,0,0
0,0,0
0,0,0
0,0,0
0,0,0
0,0,0
0,0,0
0,0,0
0,0,0
0,0,0
0,0,0
0,0,0
0,0,0
0,0,0
0,0,0
0,0,0
0,0,0
0,0,0
0,0,0
0,0,0
0,0,0
0,0,0
0,0,0
0,0,0
0,0,0
0,0,0
0,0,0
0,0,0
0,0,0
0,0,0
0,0,0
0,0,0
0,0,0
0,0,0
0,0,0
0,0,0
0,0,0
0,0,0
0,0,0
0,0,0
0,0,0
0,0,0
0,0,0
0,0,0
0,0,0
0,0,0
0,0,0
0,0,0
0,0,0
0,0,0
0,0,0
0,0,0
0,0,0
0,0,0
0,0,0
0,0,0
0,0,0
0,0,0
0,0,0
0,0,0
0,0,0
0,0,0
0,0,0
0,0,0
0,0,0
0,0,0
0,0,0
0,0,0
0,0,0
0,0,0
0,0,0
0,0,0
0,0,0
0,0,0
0,0,0
0,0,0
0,0,0
0,0,0
0,0,0
0,0,0
0,0,0
0,0,0
0,0,0
0,0,0
0,0,0
0,0,0
0,0,0
0,0,0
0,0,0
0,0,0
0,0,0
0,0,0
0,0,0
0,0,0
0,0,0
0,0,0
0,0,0
0,0,0
0,0,0
0,0,0
0,0,0
0,0,0
0,0,0
0,0,0
0,0,0
0,0,0
0,0,0
0,0,0
0,0,0
0,0,0
0,0,0
0,0,0
0,0,0
0,0,0
0,0,0
0,0,0
0,0,0
0,0,0
0,0,0
0,0,0
0,0,0
0,0,0
0,0,0
0,0,0
0,0,0
0,0,0
0,0,0
0,0,0
0,0,0
0,0,0
0,0,0
0,0,0
0,0,0
0,0,0
0,0,0
0,0,0
0,0,0
0,0,0
0,0,0
0,0,0
0,0,0
0,0,0
0,0,0
0,0,0
0,0,0
0,0,0
0,0,0
0,0,0
0,0,0
0,0,0
0,0,0
0,0,0
0,0,0
0,0,0
0,0,0
0,0,0
0,0,0
0,0,0
0,0,0
0,0,0
0,0,0
0,0,0
0,0,0
0,0,0
0,0,0
0,0,0
0,0,0
0,0,0
0,0,0
0,0,0
0,0,0
0,0,0
0,0,0
0,0,0
2.10317,9.9162,-0.820818
2.16397,9.9031,-0.820818
2.23301,9.92658,-0.824024
2.27927,9.84959,-0.81854
2.33113,9.79955,-0.815418
2.37394,9.71441,-0.809259
2.45363,9.77987,-0.816262
2.50962,9.7492,-0.814912
2.57016,9.7365,-0.815165
2.61736,9.67438,-0.811115
2.68039,9.67158,-0.812296
2.75057,9.6933,-0.815671
2.80583,9.66188,-0.814406
2.87017,9.66168,-0.815924
2.92331,9.62387,-0.814153
2.98172,9.60384,-0.813984
2.99991,9.45715,-0.802593
3.10948,9.59781,-0.816768
3.15486,9.53787,-0.81314
3.21077,9.51078,-0.812465
3.25219,9.44191,-0.808078
3.30808,9.41614,-0.807571
3.38193,9.44069,-0.811621
3.41689,9.35705,-0.805968
3.46798,9.3191,-0.80445
3.54877,9.36007,-0.810103
3.61044,9.34927,-0.811115
3.66482,9.31953,-0.81044
3.73046,9.31814,-0.812381
3.78117,9.27939,-0.810946
3.83574,9.25049,-0.81044
3.86261,9.15609,-0.803943
3.91125,9.11482,-0.80234
3.95873,9.07147,-0.800568
4.01068,9.03881,-0.799809
4.06607,9.01403,-0.799809
4.12587,8.99888,-0.800737
4.18016,8.97159,-0.800568
4.23641,8.94847,-0.800822
4.29642,8.93308,-0.801834
4.36647,8.93789,-0.804787
4.42255,8.9136,-0.80504
4.4812,8.89431,-0.8058
4.53387,8.8631,-0.805462
4.59644,8.85103,-0.806981
4.66042,8.84117,-0.808753
4.71693,8.8168,-0.809174
4.73956,8.7299,-0.803606
4.79977,8.71287,-0.804787
4.85897,8.69369,-0.8058
4.91075,8.66111,-0.805546
4.95883,8.62218,-0.804703
5.01064,8.58987,-0.804534
5.06782,8.56668,-0.805293
5.13515,8.5602,-0.80774
5.18499,8.52428,-0.807318
5.22935,8.47958,-0.806053
5.27759,8.44142,-0.805462
5.32821,8.4072,-0.805293
5.37431,8.36596,-0.80445
5.42283,8.32865,-0.804028
5.47657,8.29938,-0.80445
5.5346,8.27639,-0.805546
5.5903,8.2497,-0.806306
5.64872,8.22674,-0.807487
5.71331,8.21237,-0.809596
5.77393,8.19182,-0.811115
5.83104,8.16597,-0.812128
5.88804,8.13973,-0.81314
5.94494,8.11309,-0.814153
6.00233,8.08686,-0.815249
6.05842,8.05864,-0.816177
6.115,8.03083,-0.81719
6.19216,8.02945,-0.821071
6.23947,7.98895,-0.820818
6.28713,7.94895,-0.820649
6.34389,7.92033,-0.821746
6.3999,7.89055,-0.822759
6.45009,7.85344,-0.823012
6.49242,7.80682,-0.822252
6.53442,7.75998,-0.821493
6.53601,7.6659,-0.815503
6.57576,7.61736,-0.814574
6.61517,7.56861,-0.813646
6.6496,7.51445,-0.812128
6.67962,7.45569,-0.810103
6.71319,7.40128,-0.808584
6.72882,7.32766,-0.804871
6.75737,7.26872,-0.802846
6.79365,7.21842,-0.801834
6.83094,7.16938,-0.80099
6.86788,7.12016,-0.800147
6.90239,7.06862,-0.79905
6.92672,7.007,-0.796772
6.9569,6.95169,-0.795253
6.98098,6.89067,-0.793059
7.00672,6.83171,-0.791119
7.0399,6.78029,-0.790106
7.07342,6.72942,-0.789178
7.10369,6.67565,-0.787912
7.14452,6.63194,-0.787912
7.17773,6.58124,-0.787069
7.21281,6.5324,-0.786478
7.25647,6.49134,-0.7869
7.28272,6.43482,-0.785381
7.29729,6.36839,-0.782597
7.32717,6.31569,-0.781584
7.35972,6.26544,-0.780909
7.39192,6.21504,-0.780234
7.41075,6.15365,-0.778125
7.41369,6.07963,-0.774328
7.07993,5.73366,-0.733913
7.12043,5.69447,-0.734504
7.3914,5.83716,-0.759985
7.42001,5.78618,-0.759225
7.60222,5.85361,-0.774919
7.63879,5.80746,-0.775003
7.66312,5.7521,-0.773822
7.68707,5.69667,-0.772641
7.71062,5.64116,-0.77146
7.73216,5.58441,-0.77011
7.76222,5.53397,-0.769688
7.79685,5.48681,-0.769772
7.832,5.44,-0.769941
7.85866,5.38734,-0.769266
7.89322,5.34013,-0.769435
7.92749,5.29271,-0.769603
7.95899,5.24341,-0.769519
7.97597,5.18471,-0.768
8.0068,5.13513,-0.767916
8.04405,5.08963,-0.768506
8.07682,5.04124,-0.768675
8.09063,4.98114,-0.766988
8.10656,4.92261,-0.765553
8.12635,4.86663,-0.764541
8.14834,4.81212,-0.763782
8.17771,4.76203,-0.763782
8.21456,4.71623,-0.764541
8.25028,4.66966,-0.765216
8.25615,4.60633,-0.763022
8.26592,4.5455,-0.76125
8.34272,4.52128,-0.765975
8.4081,4.49019,-0.769603
8.42138,4.43109,-0.768253
8.4776,4.39447,-0.771038
8.52571,4.35324,-0.773063
8.60122,4.32546,-0.777703
8.66689,4.29206,-0.781416
8.7468,4.265,-0.786478
8.82042,4.23411,-0.79095
8.90299,4.20672,-0.796265
8.98194,4.1768,-0.801243
9.05361,4.14275,-0.805546
9.14701,4.1178,-0.811874
9.21219,4.07935,-0.815587
9.28456,4.04343,-0.819974
9.37148,4.01306,-0.825712
9.45378,3.97983,-0.831027
9.54524,3.94956,-0.837187
9.63483,3.91756,-0.843177
9.70866,3.87833,-0.847733
9.79257,3.84234,-0.853217
9.85315,3.79651,-0.856592
9.93964,3.75995,-0.86233
9.96252,3.69889,-0.86233
10.0918,3.67657,-0.871948
10.1179,3.61592,-0.872286
10.1549,3.55905,-0.873636
10.1869,3.50023,-0.874564
10.2101,3.4383,-0.874733
10.2291,3.37496,-0.874564
10.2383,3.30845,-0.873551
10.2441,3.24106,-0.872286
10.2552,3.17549,-0.871527
10.2564,3.10702,-0.869923
10.2457,3.03526,-0.867308
10.2593,2.97095,-0.866886
10.2601,2.90306,-0.865367
10.2451,2.83103,-0.862499
10.2286,2.75903,-0.859545
10.228,2.69165,-0.858027
10.2211,2.6229,-0.856002
10.2206,2.55603,-0.854567
10.2283,2.49138,-0.853892
10.2211,2.42329,-0.851952
10.2203,2.35694,-0.850602
10.2268,2.29245,-0.849927
7.01693,1.5279,-0.570566
7.01253,1.48193,-0.569385
10.194,2.08882,-0.843599
10.1949,2.0239,-0.842586
10.2071,1.96131,-0.842586
10.2082,1.89664,-0.841658
10.2079,1.83186,-0.840646
10.2101,1.76766,-0.839886
10.203,1.70203,-0.838368
10.1877,1.63529,-0.836174
10.1729,1.56895,-0.834065
10.1765,1.50562,-0.833558
10.1806,1.44245,-0.833137
10.1645,1.37662,-0.831027
10.158,1.31231,-0.829762
10.154,1.2485,-0.828749
10.1209,1.18144,-0.82529
10.1101,1.11734,-0.823771
10.1108,1.05467,-0.823265
10.1002,0.990956,-0.821831
10.0932,0.927778,-0.820734
10.0809,0.864298,-0.819215
10.0651,0.800768,-0.817443
10.0579,0.73812,-0.816431
10.0563,0.675991,-0.815924
10.0503,0.613667,-0.815081
10.0399,0.551224,-0.813899
10.0242,0.488689,-0.812296
10.0081,0.426367,-0.810693
9.99064,0.364225,-0.809006
9.98771,0.302766,-0.808584
9.9824,0.241308,-0.807993
9.97274,0.179856,-0.807065
9.95871,0.118484,-0.8058
9.94729,0.0573076,-0.804787
9.94745,-0.00372893,-0.804787
9.94425,-0.0647457,-0.804534
9.93072,-0.125597,-0.803437
9.9198,-0.186341,-0.802593
9.90452,-0.246856,-0.801412
9.89485,-0.307376,-0.800737
9.88481,-0.367788,-0.800062
9.87739,-0.428217,-0.79964
9.87956,-0.489062,-0.800062
9.86841,-0.549229,-0.799387
9.8569,-0.609278,-0.798712
9.84204,-0.669004,-0.797784
9.82483,-0.728422,-0.796687
9.82316,-0.788932,-0.79694
9.82111,-0.849449,-0.797193
9.80083,-0.908314,-0.795928
9.7802,-0.966962,-0.794662
9.78102,-1.02768,-0.795253
9.79829,-1.09033,-0.797278
9.81121,-1.15275,-0.798965
9.78319,-1.21036,-0.797193
9.76471,-1.26895,-0.796265
9.75377,-1.32844,-0.796012
9.75826,-1.39009,-0.797109
9.72787,-1.44672,-0.795253
9.72078,-1.50668,-0.795422
9.7025,-1.56487,-0.794662
9.67699,-1.62174,-0.793312
9.65704,-1.67938,-0.792469
9.63478,-1.73648,-0.791456
6.96356,-1.2991,-0.562298
6.92024,-1.33501,-0.55926
9.59533,-1.91236,-0.79095
9.56682,-1.96779,-0.789515
9.55457,-2.02645,-0.789515
9.55071,-2.08695,-0.790275
9.52801,-2.14333,-0.789431
9.52341,-2.20377,-0.79019
9.51456,-2.26332,-0.790612
9.49662,-2.32071,-0.790275
9.47834,-2.37797,-0.789937
9.44716,-2.43186,-0.788503
9.42243,-2.48724,-0.787659
9.40218,-2.5437,-0.787237
9.38832,-2.60188,-0.787406
9.37026,-2.65889,-0.787237
9.35472,-2.71661,-0.787322
9.32737,-2.77084,-0.786394
9.29208,-2.82252,-0.784791
9.27744,-2.88036,-0.785044
9.27194,-2.94115,-0.786141
9.25277,-2.99768,-0.786056
9.20488,-3.0447,-0.783441
9.18225,-3.09985,-0.783103
9.15269,-3.15256,-0.782175
9.11719,-3.20304,-0.780741
9.08236,-3.25355,-0.779391
9.05848,-3.30785,-0.779053
9.02774,-3.35954,-0.778125
9.00323,-3.41346,-0.777788
8.98118,-3.46828,-0.777703
8.95695,-3.52223,-0.77745
8.92685,-3.57379,-0.776691
8.89645,-3.62511,-0.775931
8.86851,-3.67734,-0.775425
8.83752,-3.7282,-0.774666
8.80898,-3.78,-0.774159
8.79202,-3.83677,-0.77475
8.77833,-3.89509,-0.775678
8.76153,-3.95216,-0.776353
8.74164,-4.00792,-0.776775
8.72321,-4.06443,-0.777366
8.70891,-4.12299,-0.778378
8.67806,-4.17376,-0.777872
8.65856,-4.22999,-0.778463
8.63601,-4.28481,-0.7788
8.59977,-4.33279,-0.777872
8.58012,-4.3891,-0.778547
8.56275,-4.44672,-0.779475
8.53531,-4.49917,-0.779475
8.50227,-4.54864,-0.778969
8.47157,-4.5993,-0.778716
8.45017,-4.65504,-0.779391
8.41449,-4.70291,-0.778716
8.37941,-4.75101,-0.778125
8.34492,-4.79936,-0.777619
8.29121,-4.83641,-0.775256
8.2408,-4.87502,-0.773231
8.18253,-4.90857,-0.770447
8.11991,-4.93901,-0.767241
8.06995,-4.97671,-0.7653
8.01814,-5.01293,-0.763191
7.9544,-5.04122,-0.7599
7.90153,-5.07593,-0.757707
7.85604,-5.11508,-0.756272
7.8087,-5.15276,-0.754669
7.76451,-5.19226,-0.753404
7.71849,-5.23031,-0.751969
7.66325,-5.26177,-0.749607
7.61119,-5.29504,-0.747582
7.57123,-5.33647,-0.746822
7.53266,-5.37877,-0.746232
7.47691,-5.40854,-0.743869
7.42671,-5.44195,-0.742098
7.38117,-5.4785,-0.740832
7.32114,-5.50393,-0.738048
7.27613,-5.5403,-0.736866
7.22543,-5.57206,-0.735095
7.18639,-5.61261,-0.734588
7.144,-5.65042,-0.733745
7.0952,-5.68293,-0.732226
7.02924,-5.70125,-0.728851
6.99028,-5.74111,-0.728429
6.95262,-5.78198,-0.728176
6.89567,-5.80656,-0.725814
6.85612,-5.84553,-0.725392
6.80051,-5.87056,-0.723198
6.75236,-5.90169,-0.721848
6.69811,-5.92716,-0.719823
6.65717,-5.96416,-0.719317
6.61676,-6.00154,-0.718895
6.56293,-6.02653,-0.716954
6.50174,-6.04429,-0.71417
6.44785,-6.06837,-0.712229
6.39534,-6.09338,-0.710458
6.35138,-6.12628,-0.709698
6.30511,-6.15678,-0.708686
6.25092,-6.17924,-0.706745
6.19669,-6.20127,-0.704804
6.15572,-6.23634,-0.704467
6.11247,-6.269,-0.703876
6.06559,-6.29777,-0.702864
6.01516,-6.3226,-0.70143
5.9551,-6.33688,-0.698814
5.89713,-6.35285,-0.696451
5.85063,-6.38083,-0.695523
5.802,-6.40627,-0.694342
5.74598,-6.42318,-0.692233
5.69788,-6.44861,-0.691136
5.18912,-5.9459,-0.630725
5.13172,-5.95347,-0.628025
5.11641,-6.00989,-0.630809
5.51482,-6.55905,-0.688099
5.46875,-6.58586,-0.687339
5.42571,-6.61621,-0.687002
5.37497,-6.63699,-0.685652
5.32606,-6.65973,-0.684555
5.29004,-6.69854,-0.68523
5.24945,-6.73166,-0.685314
5.20136,-6.75505,-0.684386
5.15077,-6.77494,-0.68312
5.10551,-6.80164,-0.682614
5.06071,-6.82883,-0.682192
5.01401,-6.85332,-0.681517
4.96953,-6.88073,-0.68118
4.91276,-6.89081,-0.679071
4.86981,-6.92001,-0.678986
4.82442,-6.94567,-0.678564
4.77495,-6.96527,-0.677552
4.72654,-6.98619,-0.676708
4.68082,-7.01091,-0.676286
4.63278,-7.03201,-0.675527
4.58574,-7.05446,-0.674936
4.54344,-7.08414,-0.675105
4.4951,-7.10431,-0.674346
4.44614,-7.1233,-0.673502
4.40549,-7.15554,-0.674008
4.35995,-7.17988,-0.673755
4.30506,-7.18855,-0.671983
4.25378,-7.20282,-0.670802
4.209,-7.22792,-0.670718
4.16606,-7.2562,-0.670971
4.11704,-7.27382,-0.670211
4.06505,-7.28589,-0.668946
4.01643,-7.30372,-0.668271
3.97201,-7.3291,-0.668355
3.93354,-7.36564,-0.669536
3.88549,-7.38434,-0.66903
3.83231,-7.39301,-0.667596
3.78823,-7.41904,-0.667849
3.74309,-7.44304,-0.667933
3.69646,-7.46408,-0.667764
3.64623,-7.47766,-0.666921
3.59898,-7.4972,-0.666668
3.55419,-7.52185,-0.666921
3.50545,-7.53809,-0.666415
3.45581,-7.55221,-0.66574
3.39959,-7.55146,-0.663715
3.3544,-7.57492,-0.663968
3.30667,-7.59261,-0.663715
3.26669,-7.62833,-0.665149
3.21634,-7.63997,-0.66439
3.16483,-7.64851,-0.663377
3.11446,-7.65948,-0.662618
3.06741,-7.67844,-0.662618
3.02169,-7.70083,-0.662955
2.9751,-7.72109,-0.663124
2.92908,-7.74292,-0.663461
2.88012,-7.75701,-0.663124
2.8335,-7.77735,-0.663377
2.78841,-7.80209,-0.664052
2.73817,-7.81247,-0.663461
2.68921,-7.8263,-0.663208
2.64623,-7.85776,-0.664558
2.56737,-7.78112,-0.65629
2.5303,-7.82991,-0.659243
2.48792,-7.86334,-0.660846
0,0,0
0,0,0
0,0,0
0,0,0
0,0,0
0,0,0
0,0,0
0,0,0
0,0,0
0,0,0
0,0,0
0,0,0
0,0,0
0,0,0
0,0,0
0,0,0
0,0,0
0,0,0
0,0,0
0,0,0
0,0,0
0,0,0
0,0,0
0,0,0
0,0,0
0,0,0
0,0,0
0,0,0
0,0,0
0,0,0
0,0,0
0,0,0
0,0,0
0,0,0
0,0,0
0,0,0
0,0,0
0,0,0
0,0,0
0,0,0
0,0,0
0,0,0
0,0,0
0,0,0
0,0,0
0,0,0
0,0,0
0,0,0
0,0,0
0,0,0
0,0,0
0,0,0
0,0,0
0,0,0
0,0,0
0,0,0
0,0,0
0,0,0
0,0,0
0,0,0
0,0,0
0,0,0
0,0,0
0,0,0
0,0,0
0,0,0
0,0,0
0,0,0
0,0,0
0,0,0
0,0,0
0,0,0
0,0,0
0,0,0
0,0,0
0,0,0
0,0,0
0,0,0
0,0,0
0,0,0
0,0,0
0,0,0
0,0,0
0,0,0
0,0,0
0,0,0
0,0,0
0,0,0
0,0,0
0,0,0
0,0,0
0,0,0
0,0,0
0,0,0
0,0,0
0,0,0
0,0,0
0,0,0
0,0,0
0,0,0
0,0,0
0,0,0
0,0,0
0,0,0
0,0,0
0,0,0
0,0,0
0,0,0
0,0,0
0,0,0
0,0,0
0,0,0
0,0,0
0,0,0
0,0,0
0,0,0
0,0,0
0,0,0
0,0,0
0,0,0
0,0,0
0,0,0
0,0,0
0,0,0
0,0,0
0,0,0
0,0,0
0,0,0
0,0,0
0,0,0
0,0,0
0,0,0
0,0,0
0,0,0
0,0,0
0,0,0
0,0,0
0,0,0
0,0,0
0,0,0
0,0,0
0,0,0
0,0,0
0,0,0
0,0,0
0,0,0
0,0,0
0,0,0
0,0,0
0,0,0
0,0,0
0,0,0
0,0,0
0,0,0
0,0,0
0,0,0
0,0,0
0,0,0
0,0,0
0,0,0
0,0,0
0,0,0
0,0,0
0,0,0
0,0,0
0,0,0
0,0,0
0,0,0
0,0,0
0,0,0
0,0,0
0,0,0
0,0,0
0,0,0
0,0,0
0,0,0
0,0,0
0,0,0
0,0,0
0,0,0
0,0,0
0,0,0
0,0,0
0,0,0
0,0,0
0,0,0
0,0,0
0,0,0
0,0,0
0,0,0
0,0,0
0,0,0
0,0,0
0,0,0
0,0,0
0,0,0
0,0,0
0,0,0
0,0,0
0,0,0
0,0,0
0,0,0
0,0,0
0,0,0
0,0,0
0,0,0
0,0,0
0,0,0
0,0,0
0,0,0
0,0,0
0,0,0
0,0,0
0,0,0
0,0,0
0,0,0
0,0,0
0,0,0
0,0,0
0,0,0
0,0,0
0,0,0
0,0,0
0,0,0
0,0,0
0,0,0
0,0,0
0,0,0
0,0,0
0,0,0
0,0,0
0,0,0
0,0,0
0,0,0
0,0,0
0,0,0
0,0,0
0,0,0
0,0,0
0,0,0
0,0,0
0,0,0
0,0,0
0,0,0
0,0,0
0,0,0
0,0,0
0,0,0
0,0,0
0,0,0
0,0,0
0,0,0
0,0,0
0,0,0
0,0,0
0,0,0
0,0,0
0,0,0
0,0,0
0,0,0
0,0,0
0,0,0
0,0,0
0,0,0
0,0,0
0,0,0
0,0,0
0,0,0
0,0,0
0,0,0
0,0,0
0,0,0
0,0,0
0,0,0
0,0,0
0,0,0
0,0,0
0,0,0
0,0,0
0,0,0
0,0,0
0,0,0
0,0,0
0,0,0
0,0,0
0,0,0
0,0,0
0,0,0
0,0,0
0,0,0
0,0,0
0,0,0
0,0,0
0,0,0
0,0,0
0,0,0
0,0,0
0,0,0
0,0,0
0,0,0
0,0,0
0,0,0
0,0,0
0,0,0
0,0,0
0,0,0
0,0,0
0,0,0
0,0,0
0,0,0
0,0,0
0,0,0
0,0,0
0,0,0
0,0,0
0,0,0
0,0,0
0,0,0
0,0,0
0,0,0
0,0,0
0,0,0
0,0,0
0,0,0
0,0,0
0,0,0
0,0,0
0,0,0
0,0,0
0,0,0
0,0,0
0,0,0
0,0,0
0,0,0
0,0,0
0,0,0
0,0,0
0,0,0
0,0,0
0,0,0
0,0,0
0,0,0
0,0,0
0,0,0
0,0,0
0,0,0
0,0,0
0,0,0
0,0,0
0,0,0
0,0,0
0,0,0
0,0,0
0,0,0
0,0,0
0,0,0
0,0,0
0,0,0
0,0,0
0,0,0
0,0,0
0,0,0
0,0,0
0,0,0
0,0,0
0,0,0
0,0,0
0,0,0
0,0,0
0,0,0
0,0,0
0,0,0
0,0,0
0,0,0
0,0,0
0,0,0
0,0,0
0,0,0
0,0,0
0,0,0
0,0,0
0,0,0
0,0,0
0,0,0
0,0,0
0,0,0
0,0,0
0,0,0
0,0,0
0,0,0
0,0,0
0,0,0
0,0,0
0,0,0
0,0,0
0,0,0
0,0,0
0,0,0
0,0,0
0,0,0
0,0,0
0,0,0
0,0,0
0,0,0
0,0,0
0,0,0
0,0,0
0,0,0
0,0,0
0,0,0
0,0,0
0,0,0
0,0,0
0,0,0
0,0,0
0,0,0
0,0,0
0,0,0
0,0,0
0,0,0
0,0,0
0,0,0
0,0,0
0,0,0
0,0,0
0,0,0
0,0,0
0,0,0
0,0,0
0,0,0
0,0,0
0,0,0
0,0,0
0,0,0
0,0,0
0,0,0
0,0,0
0,0,0
0,0,0
0,0,0
0,0,0
0,0,0
0,0,0
0,0,0
0,0,0
0,0,0
0,0,0
0,0,0
0,0,0
0,0,0
0,0,0
0,0,0
0,0,0
0,0,0
0,0,0
0,0,0
0,0,0
0,0,0
0,0,0
0,0,0
0,0,0
0,0,0
0,0,0
0,0,0
0,0,0
0,0,0
0,0,0
0,0,0
0,0,0
0,0,0
0,0,0
0,0,0
0,0,0
0,0,0
0,0,0
0,0,0
0,0,0
0,0,0
0,0,0
0,0,0
0,0,0
0,0,0
0,0,0
0,0,0
0,0,0
0,0,0
0,0,0
0,0,0
0,0,0
0,0,0
0,0,0
0,0,0
0,0,0
0,0,0
0,0,0
0,0,0
0,0,0
0,0,0
0,0,0
0,0,0
0,0,0
0,0,0
0,0,0
0,0,0
0,0,0
0,0,0
0,0,0
0,0,0
0,0,0
0,0,0
0,0,0
0,0,0
0,0,0
0,0,0
0,0,0
0,0,0
0,0,0
0,0,0
0,0,0
0,0,0
0,0,0
0,0,0
0,0,0
0,0,0
0,0,0
0,0,0
0,0,0
0,0,0
0,0,0
0,0,0
0,0,0
0,0,0
0,0,0
0,0,0
0,0,0
0,0,0
0,0,0
0,0,0
0,0,0
0,0,0
0,0,0
0,0,0
0,0,0
0,0,0
0,0,0
0,0,0
0,0,0
0,0,0
0,0,0
0,0,0
0,0,0
0,0,0
0,0,0
0,0,0
0,0,0
0,0,0
0,0,0
0,0,0
0,0,0
0,0,0
0,0,0
0,0,0
0,0,0
0,0,0
0,0,0
0,0,0
0,0,0
0,0,0
0,0,0
0,0,0
0,0,0
0,0,0
0,0,0
0,0,0
0,0,0
0,0,0
0,0,0
0,0,0
0,0,0
0,0,0
0,0,0
0,0,0
0,0,0
0,0,0
0,0,0
0,0,0
0,0,0
0,0,0
0,0,0
0,0,0
0,0,0
0,0,0
0,0,0
0,0,0
0,0,0
0,0,0
0,0,0
0,0,0
0,0,0
0,0,0
0,0,0
0,0,0
0,0,0
0,0,0
0,0,0
0,0,0
0,0,0
0,0,0
0,0,0
0,0,0
0,0,0
0,0,0
0,0,0
2.07259,9.20278,-0.882237
2.12969,9.1928,-0.882529
2.18606,9.17956,-0.882529
2.24352,9.17081,-0.883014
2.2886,9.11246,-0.878549
2.34323,9.09343,-0.878064
0,0,0
0,0,0
0,0,0
0,0,0
0,0,0
0,0,0
2.71127,8.91777,-0.871269
2.76446,8.89621,-0.870784
2.81207,8.85726,-0.868552
2.87127,8.85499,-0.870105
2.91617,8.80886,-0.867193
2.96826,8.78514,-0.86661
3.01724,8.75265,-0.865155
3.06759,8.72458,-0.864184
3.11838,8.6981,-0.863407
3.16589,8.66291,-0.861757
3.21134,8.6228,-0.859622
3.2589,8.58897,-0.858166
3.30974,8.56418,-0.857681
3.36186,8.54278,-0.857584
3.41422,8.52199,-0.857584
3.46532,8.49812,-0.857293
3.51511,8.47118,-0.85671
3.56392,8.44211,-0.855934
3.61291,8.41368,-0.855254
3.66367,8.38953,-0.85506
3.71104,8.3578,-0.854089
3.75898,8.32761,-0.853313
3.80751,8.29896,-0.852731
3.85921,8.27725,-0.852925
3.9129,8.25971,-0.853604
3.96135,8.23106,-0.853119
4.01047,8.20392,-0.852828
4.05587,8.16935,-0.85176
4.10368,8.13986,-0.851275
4.14538,8.09858,-0.849528
4.19454,8.07211,-0.849431
4.2491,8.05591,-0.850498
4.29187,8.0174,-0.849139
4.33291,7.97604,-0.847489
4.37408,7.93536,-0.845936
4.41881,7.90142,-0.84516
4.46279,7.86637,-0.844286
4.50849,7.83452,-0.843801
4.55698,7.80757,-0.843898
4.59314,7.75976,-0.841666
4.63452,7.72119,-0.840501
4.6756,7.68241,-0.839336
4.71743,7.6451,-0.838365
4.76477,7.61686,-0.838463
4.80449,7.57655,-0.837201
4.84013,7.53018,-0.83526
4.87973,7.49034,-0.834095
4.92395,7.45776,-0.833804
4.97072,7.42906,-0.833998
5.01454,7.39595,-0.833707
5.04687,7.34617,-0.831474
5.089,7.31098,-0.830989
5.12803,7.27149,-0.830018
5.16214,7.22531,-0.828271
5.19938,7.18382,-0.827106
5.23983,7.14697,-0.826524
5.27824,7.10749,-0.82565
5.31756,7.0694,-0.824971
5.36024,7.03585,-0.824874
5.3948,6.99179,-0.823515
5.42902,6.94758,-0.822156
5.46599,6.90711,-0.821283
5.5064,6.87111,-0.820991
5.54532,6.83333,-0.820506
5.5783,6.78841,-0.819147
5.61157,6.74411,-0.817885
5.64003,6.69432,-0.815944
5.67648,6.65429,-0.815265
5.71655,6.61858,-0.815168
5.7564,6.58263,-0.815071
5.79008,6.53973,-0.8141
5.81416,6.48629,-0.811771
5.84783,6.44386,-0.810897
5.87783,6.3976,-0.809538
5.90613,6.34975,-0.807985
5.93202,6.29962,-0.806141
5.96095,6.25302,-0.804782
5.99575,6.21274,-0.804297
6.03793,6.18011,-0.804879
6.07154,6.1387,-0.804297
6.10627,6.09852,-0.803909
6.13224,6.04975,-0.802356
6.15428,5.99742,-0.800317
6.18451,5.95333,-0.799444
6.22525,5.91939,-0.800026
6.26363,5.88312,-0.800317
6.28867,5.83442,-0.798861
6.30894,5.7816,-0.796823
6.3325,5.7321,-0.79527
6.36087,5.68716,-0.794397
6.40012,5.65198,-0.794979
6.42718,5.60606,-0.794008
6.45769,5.56327,-0.793523
6.48337,5.51644,-0.792455
6.51709,5.47656,-0.792455
6.55747,5.44219,-0.793329
6.58458,5.3968,-0.792552
6.60132,5.34315,-0.790514
6.63787,5.30565,-0.790999
6.67733,5.27037,-0.791873
6.71111,5.23052,-0.792067
6.74229,5.18864,-0.79197
6.77559,5.14838,-0.792164
6.81342,5.11148,-0.792941
6.84625,5.07077,-0.793135
6.86679,5.02103,-0.791873
6.90393,4.98346,-0.792649
6.9514,4.95313,-0.794688
6.9955,4.92012,-0.796338
7.05253,4.89584,-0.799541
7.09804,4.86316,-0.801385
7.1838,4.85744,-0.807985
7.23334,4.82653,-0.810315
7.29191,4.80121,-0.813712
7.35044,4.77536,-0.817109
7.42653,4.76025,-0.822544
7.48672,4.73428,-0.826136
7.54433,4.70617,-0.829436
7.59595,4.67388,-0.832056
7.67298,4.65662,-0.837589
7.73898,4.63195,-0.84186
7.80668,4.60765,-0.846325
7.86319,4.57618,-0.849528
7.93515,4.55312,-0.854478
8.00451,4.52787,-0.859137
8.06605,4.49758,-0.862922
8.13448,4.47054,-0.867484
8.20639,4.44472,-0.872434
8.27916,4.41866,-0.877481
8.32374,4.37704,-0.879423
8.43439,4.36939,-0.888644
8.50093,4.33791,-0.893011
8.56118,4.30266,-0.8967
8.61863,4.2655,-0.900097
8.63749,4.20905,-0.89932
8.66495,4.15683,-0.899514
8.70379,4.10996,-0.90097
8.73967,4.06152,-0.902135
8.76896,4.00988,-0.90262
8.7943,3.95641,-0.902717
8.80658,3.89714,-0.901456
8.81755,3.83747,-0.900097
8.8327,3.77977,-0.899223
8.85297,3.72434,-0.898932
8.87106,3.66805,-0.898447
8.88326,3.60943,-0.897379
8.89507,3.55079,-0.896311
8.88889,3.48524,-0.8934
8.89803,3.42599,-0.892138
8.90492,3.36604,-0.890682
8.91981,3.30926,-0.890099
8.92873,3.25038,-0.888935
8.93163,3.18951,-0.887188
8.90595,3.11885,-0.882529
8.90891,3.05865,-0.880879
8.92751,3.00393,-0.880879
8.93444,2.94535,-0.879714
8.92961,2.88313,-0.877384
8.9329,2.82379,-0.875928
8.94435,2.76716,-0.875346
8.94973,2.70876,-0.874181
8.94901,2.64871,-0.872434
8.95075,2.5896,-0.870978
8.95498,2.53138,-0.869814
8.95499,2.47214,-0.868261
8.95269,2.41249,-0.866513
8.96733,2.35751,-0.866513
8.97102,2.29972,-0.865446
8.97531,2.24222,-0.864475
8.97342,2.18334,-0.862922
8.98568,2.12801,-0.862825
8.99372,2.07172,-0.86234
8.99558,2.0141,-0.861272
6.98298,1.51828,-0.659189
6.99216,1.47541,-0.659189
8.9619,1.834,-0.854381
8.96518,1.77743,-0.853604
8.96907,1.72107,-0.852925
8.97751,1.66565,-0.852731
8.97286,1.60789,-0.851275
8.96196,1.54924,-0.849236
8.95657,1.49177,-0.847781
8.95377,1.43489,-0.846616
8.94568,1.37735,-0.844966
8.93624,1.31982,-0.843219
8.94614,1.26524,-0.843413
8.94289,1.20885,-0.842345
8.92349,1.15052,-0.839724
8.9205,1.09453,-0.838754
8.91222,1.03805,-0.837298
8.90556,0.981923,-0.836036
8.9134,0.927467,-0.83623
8.91099,0.871981,-0.835454
8.90825,0.81656,-0.834677
8.90417,0.761121,-0.833804
8.89379,0.70529,-0.832348
8.88504,0.64976,-0.831086
8.88191,0.594763,-0.830406
8.87347,0.539528,-0.829242
8.87662,0.485071,-0.829242
8.86849,0.430064,-0.828174
8.86102,0.375218,-0.827203
8.84823,0.320298,-0.825747
8.84506,0.26585,-0.825262
8.85647,0.211812,-0.826233
8.85561,0.15743,-0.826039
8.84447,0.10295,-0.824874
8.85091,0.0487129,-0.825456
8.84507,-0.00559315,-0.824874
8.8379,-0.0598191,-0.824194
8.82344,-0.113868,-0.822836
8.79769,-0.167535,-0.820409
8.79152,-0.221389,-0.819924
8.80492,-0.275794,-0.82138
8.78815,-0.329258,-0.819924
8.76707,-0.382353,-0.81808
8.75561,-0.435696,-0.817206
8.74283,-0.488857,-0.816235
8.72378,-0.541508,-0.814682
8.70837,-0.594215,-0.813518
8.7264,-0.649259,-0.815653
8.74011,-0.704227,-0.8174
8.74554,-0.758701,-0.818371
8.74568,-0.812808,-0.818856
8.74647,-0.867044,-0.819438
8.73009,-0.919549,-0.818371
8.6956,-0.969903,-0.815556
8.67466,-1.0215,-0.8141
8.6544,-1.07299,-0.812741
8.64667,-1.12594,-0.812644
8.6465,-1.17992,-0.813324
8.64599,-1.23393,-0.814003
8.63137,-1.28594,-0.813324
8.6184,-1.33811,-0.812838
8.60413,-1.39002,-0.812256
8.58366,-1.44081,-0.811091
8.56975,-1.4926,-0.810606
8.55945,-1.54497,-0.810509
6.91398,-1.29205,-0.648221
6.92937,-1.33897,-0.650551
8.52176,-1.70071,-0.809732
8.51896,-1.75457,-0.810509
8.51388,-1.80805,-0.811091
8.49679,-1.85898,-0.810509
8.47648,-1.90911,-0.809635
8.4617,-1.96041,-0.809344
8.44951,-2.01229,-0.809344
8.43701,-2.0641,-0.809344
8.42129,-2.1151,-0.809053
8.40237,-2.16525,-0.80847
8.38411,-2.21549,-0.807985
8.37036,-2.26689,-0.807985
8.36301,-2.32007,-0.808665
8.33329,-2.36699,-0.807112
8.31001,-2.41558,-0.806238
8.2874,-2.46426,-0.805462
8.27593,-2.51622,-0.80585
8.26414,-2.56813,-0.806238
8.23969,-2.61608,-0.805364
8.22538,-2.66721,-0.805559
8.20697,-2.717,-0.805364
8.17694,-2.76285,-0.804006
8.15513,-2.81135,-0.80352
8.13491,-2.86034,-0.803229
8.11064,-2.90785,-0.80255
8.08891,-2.9562,-0.802161
8.06409,-3.00334,-0.801482
8.04272,-3.05171,-0.801191
8.0257,-3.10172,-0.801385
7.99633,-3.1469,-0.800317
7.97779,-3.19627,-0.800414
7.93775,-3.2369,-0.798279
7.92142,-3.28707,-0.798667
7.90569,-3.33755,-0.799153
7.87683,-3.38246,-0.798279
7.85593,-3.43073,-0.798279
7.84291,-3.4825,-0.799153
7.81686,-3.52851,-0.798667
7.78783,-3.57309,-0.797891
7.77658,-3.62585,-0.799055
7.75149,-3.67222,-0.798764
7.71715,-3.7141,-0.797503
7.68438,-3.75658,-0.796435
7.67099,-3.80853,-0.797503
7.65903,-3.86135,-0.798764
7.63697,-3.90917,-0.798958
7.60047,-3.94954,-0.7976
7.57786,-3.99703,-0.797794
7.56021,-4.0472,-0.79857
7.53961,-4.09589,-0.799055
7.51608,-4.14304,-0.79925
7.48617,-4.18665,-0.798764
7.46554,-4.23545,-0.799347
7.44458,-4.28416,-0.799929
7.41386,-4.32725,-0.799444
7.37004,-4.36252,-0.797503
7.32606,-4.39742,-0.795561
7.29384,-4.43918,-0.794979
7.24275,-4.46922,-0.792261
7.18987,-4.49775,-0.789349
7.14028,-4.52792,-0.786826
7.10567,-4.56734,-0.786049
7.04165,-4.5875,-0.781876
7.00257,-4.62349,-0.780614
6.95752,-4.65531,-0.778673
6.91152,-4.68618,-0.776634
6.87772,-4.72512,-0.776052
6.84124,-4.76212,-0.775178
6.80864,-4.80171,-0.77479
6.76366,-4.83241,-0.772946
6.71211,-4.85806,-0.770325
6.66773,-4.88857,-0.768578
6.62562,-4.92049,-0.767122
6.5786,-4.94849,-0.765084
6.53148,-4.9761,-0.763046
6.49137,-5.00878,-0.761881
6.45581,-5.04484,-0.761298
6.41381,-5.07572,-0.75994
6.36778,-5.10315,-0.758095
6.33249,-5.13899,-0.75761
6.29391,-5.17206,-0.756737
6.25135,-5.20167,-0.755378
6.20713,-5.22968,-0.753825
6.17493,-5.26766,-0.753825
6.12742,-5.29244,-0.751883
6.0746,-5.31225,-0.749263
6.04413,-5.35141,-0.749554
6.01563,-5.39238,-0.750136
5.97948,-5.42651,-0.749748
5.91968,-5.43886,-0.746254
5.87381,-5.46356,-0.744604
5.8293,-5.48926,-0.743148
5.7811,-5.5112,-0.741207
5.73715,-5.53689,-0.739848
5.70093,-5.5699,-0.739557
5.66948,-5.60758,-0.739945
5.62512,-5.6324,-0.738586
5.58067,-5.65689,-0.737227
5.53543,-5.68034,-0.735771
5.48805,-5.70129,-0.734024
5.44267,-5.72404,-0.732568
5.39586,-5.74499,-0.730918
5.34155,-5.75757,-0.7282
5.29536,-5.7785,-0.726647
5.26515,-5.81678,-0.727424
5.23002,-5.84972,-0.727521
5.18613,-5.87275,-0.726356
5.13756,-5.89021,-0.724512
5.09093,-5.90956,-0.722959
5.04554,-5.93008,-0.7216
5.00458,-5.95559,-0.720921
4.96222,-5.97929,-0.720047
4.92228,-6.00578,-0.719562
4.88221,-6.032,-0.719077
4.84137,-6.05718,-0.718494
4.79055,-6.06959,-0.716359
4.74771,-6.0918,-0.715485
4.70538,-6.11451,-0.714709
4.66657,-6.14168,-0.714515
4.62342,-6.16303,-0.713641
4.57604,-6.17849,-0.712088
4.53511,-6.20244,-0.711603
4.49405,-6.22611,-0.711118
4.44825,-6.24303,-0.709856
4.40815,-6.26777,-0.709565
4.37131,-6.29715,-0.709856
4.32921,-6.31893,-0.709273
4.28813,-6.34208,-0.708885
4.25189,-6.37241,-0.70937
4.20833,-6.39173,-0.708594
4.1647,-6.41075,-0.707817
4.12099,-6.42948,-0.707041
4.08039,-6.45296,-0.706847
4.04283,-6.48126,-0.707235
3.9889,-6.48306,-0.704614
3.94595,-6.50231,-0.704032
3.91109,-6.53493,-0.705003
3.8699,-6.5571,-0.704808
3.8286,-6.579,-0.704614
3.78667,-6.59978,-0.704323
3.74365,-6.61855,-0.703838
3.69521,-6.62749,-0.702285
3.64873,-6.63958,-0.70112
3.60792,-6.66184,-0.70112
3.56135,-6.67332,-0.699955
3.52033,-6.69504,-0.699955
3.47781,-6.71386,-0.699664
3.43293,-6.72799,-0.698888
3.38935,-6.74448,-0.698402
3.35232,-6.77407,-0.699373
3.31287,-6.79898,-0.699858
3.26162,-6.79944,-0.697723
3.21856,-6.81663,-0.697432
3.17248,-6.82722,-0.696461
3.12887,-6.84294,-0.696073
3.08887,-6.86655,-0.696558
3.04225,-6.87536,-0.695491
2.99643,-6.88568,-0.694617
2.9549,-6.90577,-0.694811
2.9117,-6.92194,-0.694617
2.86994,-6.94151,-0.694811
2.82654,-6.95714,-0.694617
2.78343,-6.97343,-0.69452
2.73623,-6.97926,-0.693355
2.69157,-6.99128,-0.69287
2.65038,-7.01231,-0.693355
2.60834,-7.03124,-0.693646
2.58286,-7.09575,-0.698694
2.5453,-7.12833,-0.700441
2.50743,-7.16072,-0.702188
0,0,0
0,0,0
0,0,0
0,0,0
0,0,0
0,0,0
0,0,0
0,0,0
0,0,0
0,0,0
0,0,0
0,0,0
0,0,0
0,0,0
0,0,0
0,0,0
0,0,0
0,0,0
0,0,0
0,0,0
0,0,0
0,0,0
0,0,0
0,0,0
0,0,0
0,0,0
0,0,0
0,0,0
0,0,0
0,0,0
0,0,0
0,0,0
0,0,0
0,0,0
0,0,0
0,0,0
0,0,0
0,0,0
0,0,0
0,0,0
0,0,0
0,0,0
0,0,0
0,0,0
0,0,0
0,0,0
0,0,0
0,0,0
0,0,0
0,0,0
0,0,0
0,0,0
0,0,0
0,0,0
0,0,0
0,0,0
0,0,0
0,0,0
0,0,0
0,0,0
0,0,0
0,0,0
0,0,0
0,0,0
0,0,0
0,0,0
0,0,0
0,0,0
0,0,0
0,0,0
0,0,0
0,0,0
0,0,0
0,0,0
0,0,0
0,0,0
0,0,0
0,0,0
0,0,0
0,0,0
0,0,0
0,0,0
0,0,0
0,0,0
0,0,0
0,0,0
0,0,0
0,0,0
0,0,0
0,0,0
0,0,0
0,0,0
0,0,0
0,0,0
0,0,0
0,0,0
0,0,0
0,0,0
0,0,0
0,0,0
0,0,0
0,0,0
0,0,0
0,0,0
0,0,0
0,0,0
0,0,0
0,0,0
0,0,0
0,0,0
0,0,0
0,0,0
0,0,0
0,0,0
0,0,0
0,0,0
0,0,0
0,0,0
0,0,0
0,0,0
0,0,0
0,0,0
0,0,0
0,0,0
0,0,0
0,0,0
0,0,0
0,0,0
0,0,0
0,0,0
0,0,0
0,0,0
0,0,0
0,0,0
0,0,0
0,0,0
0,0,0
0,0,0
0,0,0
0,0,0
0,0,0
0,0,0
0,0,0
0,0,0
0,0,0
0,0,0
0,0,0
0,0,0
0,0,0
0,0,0
0,0,0
0,0,0
0,0,0
0,0,0
0,0,0
0,0,0
0,0,0
0,0,0
0,0,0
0,0,0
0,0,0
0,0,0
0,0,0
0,0,0
0,0,0
0,0,0
0,0,0
0,0,0
0,0,0
0,0,0
0,0,0
0,0,0
0,0,0
0,0,0
0,0,0
0,0,0
0,0,0
0,0,0
0,0,0
0,0,0
0,0,0
0,0,0
0,0,0
0,0,0
0,0,0
0,0,0
0,0,0
0,0,0
0,0,0
0,0,0
0,0,0
0,0,0
0,0,0
0,0,0
0,0,0
0,0,0
0,0,0
0,0,0
0,0,0
0,0,0
0,0,0
0,0,0
0,0,0
0,0,0
0,0,0
0,0,0
0,0,0
0,0,0
0,0,0
0,0,0
0,0,0
0,0,0
0,0,0
0,0,0
0,0,0
0,0,0
0,0,0
0,0,0
0,0,0
0,0,0
0,0,0
0,0,0
0,0,0
0,0,0
0,0,0
0,0,0
0,0,0
0,0,0
0,0,0
0,0,0
0,0,0
0,0,0
0,0,0
0,0,0
0,0,0
0,0,0
0,0,0
0,0,0
0,0,0
0,0,0
0,0,0
0,0,0
0,0,0
0,0,0
0,0,0
0,0,0
0,0,0
0,0,0
0,0,0
0,0,0
0,0,0
0,0,0
0,0,0
0,0,0
0,0,0
0,0,0
0,0,0
0,0,0
0,0,0
0,0,0
0,0,0
0,0,0
0,0,0
0,0,0
0,0,0
0,0,0
0,0,0
0,0,0
0,0,0
0,0,0
0,0,0
0,0,0
0,0,0
0,0,0
0,0,0
0,0,0
0,0,0
0,0,0
0,0,0
0,0,0
0,0,0
0,0,0
0,0,0
0,0,0
0,0,0
0,0,0
0,0,0
0,0,0
0,0,0
0,0,0
0,0,0
0,0,0
0,0,0
0,0,0
0,0,0
0,0,0
0,0,0
0,0,0
0,0,0
0,0,0
0,0,0
0,0,0
0,0,0
0,0,0
0,0,0
0,0,0
0,0,0
0,0,0
0,0,0
0,0,0
0,0,0
0,0,0
0,0,0
0,0,0
0,0,0
0,0,0
0,0,0
0,0,0
0,0,0
0,0,0
0,0,0
0,0,0
0,0,0
0,0,0
0,0,0
0,0,0
0,0,0
0,0,0
0,0,0
0,0,0
0,0,0
0,0,0
0,0,0
0,0,0
0,0,0
0,0,0
0,0,0
0,0,0
0,0,0
0,0,0
0,0,0
0,0,0
0,0,0
0,0,0
0,0,0
0,0,0
0,0,0
0,0,0
0,0,0
0,0,0
0,0,0
0,0,0
0,0,0
0,0,0
0,0,0
0,0,0
0,0,0
0,0,0
0,0,0
0,0,0
0,0,0
0,0,0
0,0,0
0,0,0
0,0,0
0,0,0
0,0,0
0,0,0
0,0,0
0,0,0
0,0,0
0,0,0
0,0,0
0,0,0
0,0,0
0,0,0
0,0,0
0,0,0
0,0,0
0,0,0
0,0,0
0,0,0
0,0,0
0,0,0
0,0,0
0,0,0
0,0,0
0,0,0
0,0,0
0,0,0
0,0,0
0,0,0
0,0,0
0,0,0
0,0,0
0,0,0
0,0,0
0,0,0
0,0,0
0,0,0
0,0,0
0,0,0
0,0,0
0,0,0
0,0,0
0,0,0
0,0,0
0,0,0
0,0,0
0,0,0
0,0,0
0,0,0
0,0,0
0,0,0
0,0,0
0,0,0
0,0,0
0,0,0
0,0,0
0,0,0
0,0,0
0,0,0
0,0,0
0,0,0
0,0,0
0,0,0
0,0,0
0,0,0
0,0,0
0,0,0
0,0,0
0,0,0
0,0,0
0,0,0
0,0,0
0,0,0
0,0,0
0,0,0
0,0,0
0,0,0
0,0,0
0,0,0
0,0,0
0,0,0
0,0,0
0,0,0
0,0,0
0,0,0
0,0,0
0,0,0
0,0,0
0,0,0
0,0,0
0,0,0
0,0,0
0,0,0
0,0,0
0,0,0
0,0,0
0,0,0
0,0,0
0,0,0
0,0,0
0,0,0
0,0,0
0,0,0
0,0,0
0,0,0
0,0,0
0,0,0
0,0,0
0,0,0
0,0,0
0,0,0
0,0,0
0,0,0
0,0,0
0,0,0
0,0,0
0,0,0
0,0,0
0,0,0
0,0,0
0,0,0
0,0,0
0,0,0
0,0,0
0,0,0
0,0,0
0,0,0
0,0,0
0,0,0
0,0,0
0,0,0
0,0,0
0,0,0
0,0,0
0,0,0
0,0,0
0,0,0
0,0,0
0,0,0
0,0,0
0,0,0
0,0,0
0,0,0
0,0,0
0,0,0
0,0,0
0,0,0
0,0,0
0,0,0
0,0,0
0,0,0
0,0,0
0,0,0
0,0,0
0,0,0
0,0,0
0,0,0
0,0,0
0,0,0
0,0,0
0,0,0
0,0,0
0,0,0
0,0,0
0,0,0
0,0,0
0,0,0
0,0,0
0,0,0
0,0,0
0,0,0
0,0,0
0,0,0
0,0,0
0,0,0
0,0,0
0,0,0
0,0,0
0,0,0
0,0,0
0,0,0
0,0,0
0,0,0
0,0,0
0,0,0
0,0,0
0,0,0
0,0,0
0,0,0
0,0,0
0,0,0
0,0,0
0,0,0
0,0,0
0,0,0
0,0,0
0,0,0
0,0,0
0,0,0
0,0,0
0,0,0
0,0,0
0,0,0
0,0,0
0,0,0
0,0,0
0,0,0
0,0,0
0,0,0
0,0,0
0,0,0
0,0,0
0,0,0
0,0,0
0,0,0
0,0,0
0,0,0
0,0,0
0,0,0
0,0,0
0,0,0
0,0,0
0,0,0
0,0,0
0,0,0
0,0,0
0,0,0
0,0,0
0,0,0
0,0,0
0,0,0
0,0,0
0,0,0
0,0,0
0,0,0
0,0,0
0,0,0
0,0,0
0,0,0
0,0,0
2.59676,7.69221,-0.849801
2.63711,7.6564,-0.847518
2.687,7.64852,-0.848496
2.71913,7.59071,-0.843714
2.77691,7.60469,-0.847301
2.81901,7.5754,-0.845888
2.86544,7.55796,-0.845888
2.91427,7.54673,-0.846649
2.96197,7.53241,-0.847083
3.00813,7.51409,-0.847083
3.05643,7.50101,-0.847736
3.10316,7.48395,-0.847953
3.13473,7.43089,-0.843931
3.18183,7.41516,-0.844366
3.22886,7.39915,-0.844801
3.27702,7.38556,-0.845562
3.32473,7.37075,-0.846214
3.36824,7.34659,-0.845779
3.40989,7.31858,-0.84491
3.45048,7.28853,-0.843823
3.49557,7.26812,-0.843931
3.54403,7.25457,-0.84491
3.59245,7.24071,-0.845888
3.62607,7.19722,-0.843279
3.66745,7.16953,-0.842627
3.71275,7.14954,-0.842953
3.75655,7.12662,-0.842953
3.79739,7.09818,-0.842301
3.8385,7.07037,-0.841757
3.88517,7.05278,-0.842518
3.92207,7.01753,-0.841105
3.96064,6.98555,-0.840127
4.00343,6.96112,-0.840127
4.05308,6.94844,-0.841649
4.09361,6.92002,-0.841214
4.1273,6.88028,-0.839366
4.16169,6.84209,-0.837736
4.20046,6.81135,-0.837084
4.24534,6.7905,-0.837736
4.28692,6.76433,-0.837736
4.32083,6.72619,-0.836214
4.35713,6.69205,-0.835236
4.3899,6.65274,-0.833605
4.42843,6.62238,-0.833171
4.46842,6.59426,-0.833062
4.51274,6.57245,-0.833823
4.55468,6.54709,-0.834149
4.58904,6.51089,-0.833062
4.62255,6.47371,-0.831866
4.65461,6.43476,-0.830453
4.68931,6.39966,-0.829584
4.72315,6.36358,-0.828606
4.75494,6.32495,-0.827301
4.78824,6.28854,-0.826323
4.82613,6.25825,-0.826214
4.86321,6.22695,-0.825997
4.88961,6.18218,-0.823932
4.91875,6.1412,-0.82241
4.95259,6.10627,-0.821758
4.98491,6.06962,-0.820888
5.01888,6.0351,-0.820345
5.06094,6.01027,-0.821214
5.09644,5.9776,-0.820997
5.12847,5.94094,-0.820236
5.15567,5.89889,-0.818714
5.18781,5.86267,-0.818062
5.22435,5.83147,-0.818171
5.25269,5.79121,-0.816975
5.28005,5.75008,-0.815671
5.30441,5.70593,-0.813932
5.34136,5.67545,-0.814258
5.36785,5.63393,-0.812954
5.39611,5.59445,-0.811975
5.42895,5.55981,-0.811758
5.45877,5.52215,-0.811106
5.50099,5.49698,-0.81241
5.5431,5.47151,-0.813715
5.58653,5.44711,-0.815236
5.6356,5.4279,-0.817628
5.68753,5.41103,-0.820454
5.74163,5.39577,-0.823606
5.78993,5.37464,-0.825888
5.84185,5.35648,-0.828714
5.89303,5.33722,-0.831432
5.93752,5.31156,-0.833171
5.99012,5.2928,-0.836105
6.0457,5.27621,-0.839475
6.09754,5.25589,-0.842301
6.14557,5.2319,-0.844584
6.2019,5.21457,-0.848062
6.2529,5.19229,-0.850779
6.30463,5.17021,-0.853605
6.35478,5.14645,-0.856214
6.40797,5.12474,-0.859257
6.46504,5.10566,-0.862844
6.52133,5.08545,-0.866322
6.58156,5.06778,-0.870344
6.6426,5.05016,-0.874474
6.69255,5.02363,-0.877083
6.74641,4.99963,-0.880235
6.80103,4.97575,-0.883496
6.86366,4.95721,-0.887843
6.91257,4.92827,-0.890343
6.97032,4.90521,-0.894039
7.03295,4.88504,-0.898387
7.09558,4.86427,-0.902734
7.15576,4.84125,-0.906756
7.21675,4.81823,-0.910886
7.27025,4.78971,-0.914039
7.31951,4.75802,-0.916647
7.35693,4.71838,-0.917734
7.43531,4.70451,-0.924147
7.46488,4.65932,-0.924256
7.48571,4.60874,-0.923277
7.50535,4.55756,-0.922191
7.53403,4.51194,-0.922299
7.54531,4.45602,-0.920234
7.56391,4.40464,-0.919147
7.58649,4.35567,-0.918604
7.5975,4.30022,-0.916647
7.61332,4.24771,-0.915343
7.62705,4.19421,-0.913821
7.6439,4.1426,-0.912734
7.6569,4.08907,-0.911213
7.67305,4.03738,-0.910126
7.68797,3.98519,-0.90893
7.70873,3.93613,-0.908495
7.71853,3.88161,-0.906756
7.72617,3.82624,-0.9048
7.74146,3.77484,-0.903821
7.75999,3.72512,-0.903278
7.77282,3.67276,-0.902082
7.7943,3.62458,-0.901974
7.80193,3.57007,-0.900235
7.80647,3.51438,-0.898169
7.8188,3.46239,-0.897082
7.82258,3.40681,-0.895017
7.8214,3.34935,-0.892409
7.82348,3.29359,-0.890235
7.83895,3.24362,-0.889691
7.86699,3.19883,-0.89067
7.87724,3.14681,-0.889583
7.889,3.09551,-0.888713
7.88836,3.03955,-0.88643
7.89664,2.98722,-0.885235
7.91296,2.93802,-0.885017
7.92336,2.88669,-0.884148
7.9325,2.835,-0.88317
7.92442,2.7774,-0.880235
7.92909,2.72453,-0.878822
7.95225,2.67804,-0.879583
7.9742,2.63107,-0.880235
7.96654,2.57445,-0.877518
7.96513,2.52012,-0.875561
7.97095,2.46826,-0.874474
7.98309,2.41844,-0.874148
7.97585,2.36292,-0.871648
8.00261,2.31753,-0.873061
8.0119,2.26703,-0.872518
8.02566,2.21783,-0.872518
8.0324,2.16673,-0.871757
8.02151,2.11108,-0.86904
8.02565,2.0596,-0.868061
8.0227,2.00645,-0.866322
8.02038,1.95366,-0.864692
8.02544,1.90281,-0.863931
8.0205,1.84973,-0.862083
8.02394,1.79875,-0.861214
6.97608,1.519,-0.742738
6.98332,1.47576,-0.74252
7.01562,1.43767,-0.745129
8.04031,1.59626,-0.858388
8.02262,1.54164,-0.855344
8.01434,1.48912,-0.853388
8.01354,1.43816,-0.852301
8.01633,1.38794,-0.851649
8.0198,1.33791,-0.851105
8.02197,1.28773,-0.850453
8.01989,1.23697,-0.849366
8.0116,1.18541,-0.847627
8.00199,1.13386,-0.845779
8.01273,1.08528,-0.846214
8.01628,1.03571,-0.845888
7.99881,0.983591,-0.843279
7.98692,0.932418,-0.841323
7.99249,0.883394,-0.841323
7.98985,0.833512,-0.840453
7.9681,0.781851,-0.837518
7.96582,0.732309,-0.836758
7.96818,0.683248,-0.83654
7.95835,0.63324,-0.835019
7.96308,0.584469,-0.835127
7.97247,0.535997,-0.835779
7.96965,0.486706,-0.835127
7.95462,0.436815,-0.833171
7.95418,0.387854,-0.832845
7.97329,0.339759,-0.834692
7.96628,0.290504,-0.833714
7.94804,0.241016,-0.83154
7.94043,0.192028,-0.830562
7.93848,0.143249,-0.830236
7.92628,0.0943834,-0.828823
7.91578,0.0456843,-0.827627
7.91591,-0.00288682,-0.827627
7.91873,-0.0514774,-0.827953
7.9123,-0.0999892,-0.827301
7.90259,-0.148368,-0.826323
7.89557,-0.196706,-0.825671
7.88527,-0.24487,-0.824693
7.87567,-0.292953,-0.823823
7.87571,-0.341357,-0.82404
7.88538,-0.390266,-0.825345
7.88483,-0.438753,-0.825562
7.87405,-0.486634,-0.824693
7.86,-0.534197,-0.823497
7.84766,-0.581753,-0.822519
7.85187,-0.630531,-0.823388
7.85478,-0.679298,-0.824149
7.81978,-0.724636,-0.82078
7.81816,-0.772897,-0.821106
7.8192,-0.821477,-0.821758
7.81599,-0.869659,-0.821975
7.80853,-0.917369,-0.821758
7.79683,-0.964531,-0.821106
7.78781,-1.01197,-0.82078
7.77653,-1.05906,-0.820236
7.76201,-1.10564,-0.819367
7.76,-1.15398,-0.81991
7.74786,-1.20081,-0.819367
7.73249,-1.24706,-0.818497
7.72176,-1.29399,-0.818171
7.71367,-1.34134,-0.818171
6.99015,-1.25973,-0.738716
6.92659,-1.2922,-0.732521
6.92439,-1.33581,-0.733173
7.66283,-1.52713,-0.816432
7.64747,-1.57292,-0.81578
7.63379,-1.61899,-0.815345
7.61983,-1.66495,-0.81491
7.61238,-1.71233,-0.815236
7.60173,-1.759,-0.815236
7.58982,-1.80538,-0.815128
7.58343,-1.8531,-0.815671
7.56324,-1.89742,-0.814693
7.5399,-1.94082,-0.813389
7.5144,-1.98349,-0.811867
7.50688,-2.03086,-0.81241
7.49524,-2.07715,-0.812519
7.4747,-2.12093,-0.811649
7.45296,-2.16426,-0.810671
7.43668,-2.2091,-0.810345
7.42108,-2.25411,-0.810128
7.40711,-2.2996,-0.810128
7.40423,-2.34861,-0.811432
7.38684,-2.39308,-0.811106
7.37391,-2.43899,-0.811323
7.33714,-2.47687,-0.808823
7.30207,-2.51504,-0.806541
7.2865,-2.5598,-0.806541
7.28282,-2.60882,-0.807954
7.27881,-2.65789,-0.809367
7.25864,-2.70112,-0.808932
7.22706,-2.73997,-0.807193
7.19157,-2.7771,-0.805019
7.17624,-2.8219,-0.805237
7.16617,-2.86883,-0.806106
7.14844,-2.91275,-0.806106
7.12676,-2.95503,-0.805671
7.10757,-2.99832,-0.805563
7.07899,-3.03756,-0.804367
7.05749,-3.07975,-0.804041
7.03573,-3.12179,-0.803715
6.99651,-3.1559,-0.801324
6.9978,-3.2083,-0.803824
6.97708,-3.25076,-0.803715
6.96868,-3.29904,-0.805128
6.94831,-3.34174,-0.805128
6.92946,-3.38518,-0.805345
6.91301,-3.42985,-0.805889
6.8874,-3.46996,-0.805345
6.85978,-3.50899,-0.804584
6.83283,-3.54826,-0.803932
6.82148,-3.59568,-0.805237
6.80017,-3.63794,-0.805345
6.77422,-3.6777,-0.80491
6.74543,-3.71584,-0.80415
6.72511,-3.75861,-0.804476
6.71057,-3.80471,-0.805563
6.69313,-3.84928,-0.806323
6.65049,-3.87926,-0.803932
6.62571,-3.91949,-0.803824
6.60239,-3.96058,-0.803932
6.58645,-4.00618,-0.805019
6.56344,-4.04756,-0.805237
6.52331,-4.07828,-0.80328
6.48809,-4.11184,-0.801976
6.44685,-4.14136,-0.799911
6.40132,-4.16782,-0.797302
6.35488,-4.19333,-0.794585
6.31416,-4.2223,-0.792628
6.28073,-4.25594,-0.79165
6.24712,-4.28934,-0.790672
6.21824,-4.32589,-0.790346
6.17045,-4.34907,-0.78752
6.12423,-4.37298,-0.784911
6.07876,-4.39708,-0.782411
6.06049,-4.44076,-0.783607
6.02036,-4.46838,-0.781867
5.97852,-4.49448,-0.779911
5.93264,-4.51723,-0.777411
5.90009,-4.5499,-0.776759
5.87441,-4.58785,-0.777085
5.83913,-4.61826,-0.776107
5.79905,-4.64468,-0.774476
5.76504,-4.67579,-0.773715
5.73624,-4.71108,-0.773715
5.66519,-4.71123,-0.767737
5.64074,-4.74974,-0.768389
5.60846,-4.78168,-0.767955
5.56998,-4.80821,-0.76665
5.53589,-4.83837,-0.765998
5.50237,-4.86895,-0.765455
5.46425,-4.89533,-0.764259
5.43337,-4.92809,-0.76415
5.39791,-4.95663,-0.76339
5.35502,-4.97815,-0.761542
5.30555,-4.9932,-0.758716
5.26258,-5.01401,-0.756868
5.22456,-5.0393,-0.755781
5.19212,-5.06987,-0.755564
5.15879,-5.09954,-0.755238
5.12319,-5.12688,-0.754585
5.08884,-5.15539,-0.754151
5.0474,-5.17655,-0.752629
5.00933,-5.20098,-0.751651
4.97184,-5.22586,-0.750781
4.93016,-5.24612,-0.749259
4.88638,-5.26389,-0.747412
4.84996,-5.28937,-0.746759
4.81007,-5.31093,-0.745564
4.77872,-5.34182,-0.745781
4.7419,-5.36658,-0.745129
4.70104,-5.38658,-0.743825
4.65881,-5.40478,-0.742303
4.61783,-5.42418,-0.740999
4.5787,-5.44557,-0.740021
4.54203,-5.46974,-0.739477
4.50334,-5.49135,-0.738607
4.46143,-5.50884,-0.737194
4.42071,-5.52757,-0.735999
4.3787,-5.54445,-0.734586
4.33971,-5.56494,-0.733716
4.30791,-5.59461,-0.734151
4.26989,-5.61619,-0.733499
4.23117,-5.63672,-0.732738
4.18941,-5.65299,-0.731434
4.15523,-5.6794,-0.731542
4.11797,-5.70156,-0.731108
4.07772,-5.71944,-0.730129
4.02939,-5.72565,-0.727629
3.99078,-5.74537,-0.726977
3.95545,-5.76975,-0.726977
3.91663,-5.78897,-0.726325
3.87442,-5.80297,-0.725021
3.83163,-5.81584,-0.723608
3.79966,-5.84508,-0.724369
3.76963,-5.87749,-0.725564
3.72127,-5.88118,-0.723064
3.67564,-5.88873,-0.721108
3.63892,-5.91032,-0.720999
3.59949,-5.92744,-0.720347
3.5605,-5.94515,-0.719804
3.52092,-5.96175,-0.719151
3.48277,-5.98066,-0.718825
3.44551,-6.00106,-0.718717
3.40912,-6.02295,-0.718825
3.3721,-6.04376,-0.718825
3.33639,-6.06695,-0.719151
3.30099,-6.0908,-0.719586
3.25607,-6.09691,-0.717847
3.21582,-6.1115,-0.717195
3.18329,-6.14082,-0.718391
3.14465,-6.15847,-0.718173
3.10546,-6.17498,-0.717847
3.06045,-6.17967,-0.716108
3.02161,-6.19654,-0.715891
2.98224,-6.21228,-0.715564
2.94534,-6.23316,-0.715891
2.90494,-6.2466,-0.715347
2.86614,-6.26341,-0.715238
2.8248,-6.27453,-0.714478
2.78303,-6.28447,-0.713608
2.7468,-6.3069,-0.71426
2.70805,-6.32363,-0.71426
2.67112,-6.34471,-0.714804
2.62986,-6.35547,-0.714151
2.58782,-6.36412,-0.713282
2.54393,-6.36788,-0.711869
2.50808,-6.3917,-0.712847
2.47453,-6.42181,-0.714586
2.4393,-6.44803,-0.715891
2.39727,-6.45635,-0.71513
2.35795,-6.47187,-0.715238
2.31886,-6.48809,-0.715456
2.27441,-6.48906,-0.713934
2.24068,-6.52076,-0.715999
2.20951,-6.56076,-0.719043
2.15177,-6.52133,-0.712956
2.12975,-6.59022,-0.719369
2.0515,-6.48374,-0.705673
0,0,0
0,0,0
0,0,0
1.86245,-6.43092,-0.694152
0,0,0
0,0,0
1.74765,-6.47851,-0.695782
0,0,0
0,0,0
0,0,0
0,0,0
0,0,0
0,0,0
0,0,0
0,0,0
0,0,0
0,0,0
0,0,0
0,0,0
0,0,0
0,0,0
0,0,0
0,0,0
0,0,0
0,0,0
0,0,0
0,0,0
0,0,0
0,0,0
0,0,0
0,0,0
0,0,0
0,0,0
0,0,0
0,0,0
0,0,0
0,0,0
0,0,0
0,0,0
0,0,0
0,0,0
0,0,0
0,0,0
0,0,0
0,0,0
0,0,0
0,0,0
0,0,0
0,0,0
0,0,0
0,0,0
0,0,0
0,0,0
0,0,0
0,0,0
0,0,0
0,0,0
0,0,0
0,0,0
0,0,0
0,0,0
0,0,0
0,0,0
0,0,0
0,0,0
0,0,0
0,0,0
0,0,0
0,0,0
0,0,0
0,0,0
0,0,0
0,0,0
0,0,0
0,0,0
0,0,0
0,0,0
0,0,0
0,0,0
0,0,0
0,0,0
0,0,0
0,0,0
0,0,0
0,0,0
0,0,0
0,0,0
0,0,0
0,0,0
0,0,0
0,0,0
0,0,0
0,0,0
0,0,0
0,0,0
0,0,0
0,0,0
0,0,0
0,0,0
0,0,0
0,0,0
0,0,0
0,0,0
0,0,0
0,0,0
0,0,0
0,0,0
0,0,0
0,0,0
0,0,0
0,0,0
0,0,0
0,0,0
0,0,0
0,0,0
0,0,0
0,0,0
0,0,0
0,0,0
0,0,0
0,0,0
0,0,0
0,0,0
0,0,0
0,0,0
0,0,0
0,0,0
0,0,0
0,0,0
0,0,0
0,0,0
0,0,0
0,0,0
0,0,0
0,0,0
0,0,0
0,0,0
0,0,0
0,0,0
0,0,0
0,0,0
0,0,0
0,0,0
0,0,0
0,0,0
0,0,0
0,0,0
0,0,0
0,0,0
0,0,0
0,0,0
0,0,0
0,0,0
0,0,0
0,0,0
0,0,0
0,0,0
0,0,0
0,0,0
0,0,0
0,0,0
0,0,0
0,0,0
0,0,0
0,0,0
0,0,0
0,0,0
0,0,0
0,0,0
0,0,0
0,0,0
0,0,0
0,0,0
0,0,0
0,0,0
0,0,0
0,0,0
0,0,0
0,0,0
0,0,0
0,0,0
0,0,0
0,0,0
0,0,0
0,0,0
0,0,0
0,0,0
0,0,0
0,0,0
0,0,0
0,0,0
0,0,0
0,0,0
0,0,0
0,0,0
0,0,0
0,0,0
0,0,0
0,0,0
0,0,0
0,0,0
0,0,0
0,0,0
0,0,0
0,0,0
0,0,0
0,0,0
0,0,0
0,0,0
0,0,0
0,0,0
0,0,0
0,0,0
0,0,0
0,0,0
0,0,0
0,0,0
0,0,0
0,0,0
0,0,0
0,0,0
0,0,0
0,0,0
0,0,0
0,0,0
0,0,0
0,0,0
0,0,0
0,0,0
0,0,0
0,0,0
0,0,0
0,0,0
0,0,0
0,0,0
0,0,0
0,0,0
0,0,0
0,0,0
0,0,0
0,0,0
0,0,0
0,0,0
0,0,0
0,0,0
0,0,0
0,0,0
0,0,0
0,0,0
0,0,0
0,0,0
0,0,0
0,0,0
0,0,0
0,0,0
0,0,0
0,0,0
0,0,0
0,0,0
0,0,0
0,0,0
0,0,0
0,0,0
0,0,0
0,0,0
0,0,0
0,0,0
0,0,0
0,0,0
0,0,0
0,0,0
0,0,0
0,0,0
0,0,0
0,0,0
0,0,0
0,0,0
0,0,0
0,0,0
0,0,0
0,0,0
0,0,0
0,0,0
0,0,0
0,0,0
0,0,0
0,0,0
0,0,0
0,0,0
0,0,0
0,0,0
0,0,0
0,0,0
0,0,0
0,0,0
0,0,0
0,0,0
0,0,0
0,0,0
0,0,0
0,0,0
0,0,0
0,0,0
0,0,0
0,0,0
0,0,0
0,0,0
0,0,0
0,0,0
0,0,0
0,0,0
0,0,0
0,0,0
0,0,0
0,0,0
0,0,0
0,0,0
0,0,0
0,0,0
0,0,0
0,0,0
0,0,0
0,0,0
0,0,0
0,0,0
0,0,0
0,0,0
0,0,0
0,0,0
0,0,0
0,0,0
0,0,0
0,0,0
0,0,0
0,0,0
0,0,0
0,0,0
0,0,0
0,0,0
0,0,0
0,0,0
0,0,0
0,0,0
0,0,0
0,0,0
0,0,0
0,0,0
0,0,0
0,0,0
0,0,0
0,0,0
0,0,0
0,0,0
0,0,0
0,0,0
0,0,0
0,0,0
0,0,0
0,0,0
0,0,0
0,0,0
0,0,0
0,0,0
0,0,0
0,0,0
0,0,0
0,0,0
0,0,0
0,0,0
0,0,0
0,0,0
0,0,0
0,0,0
0,0,0
0,0,0
0,0,0
0,0,0
0,0,0
0,0,0
0,0,0
0,0,0
0,0,0
0,0,0
0,0,0
0,0,0
0,0,0
0,0,0
0,0,0
0,0,0
0,0,0
0,0,0
0,0,0
0,0,0
0,0,0
0,0,0
0,0,0
0,0,0
0,0,0
0,0,0
0,0,0
0,0,0
0,0,0
0,0,0
0,0,0
0,0,0
0,0,0
0,0,0
0,0,0
0,0,0
0,0,0
0,0,0
0,0,0
0,0,0
0,0,0
0,0,0
0,0,0
0,0,0
0,0,0
0,0,0
0,0,0
0,0,0
0,0,0
0,0,0
0,0,0
0,0,0
0,0,0
0,0,0
0,0,0
0,0,0
0,0,0
0,0,0
0,0,0
0,0,0
0,0,0
0,0,0
0,0,0
0,0,0
0,0,0
0,0,0
0,0,0
0,0,0
0,0,0
0,0,0
0,0,0
0,0,0
0,0,0
0,0,0
0,0,0
0,0,0
0,0,0
0,0,0
0,0,0
0,0,0
0,0,0
0,0,0
0,0,0
0,0,0
0,0,0
0,0,0
0,0,0
0,0,0
0,0,0
0,0,0
0,0,0
0,0,0
0,0,0
0,0,0
0,0,0
0,0,0
0,0,0
0,0,0
0,0,0
0,0,0
0,0,0
0,0,0
0,0,0
0,0,0
0,0,0
0,0,0
0,0,0
0,0,0
0,0,0
0,0,0
0,0,0
0,0,0
0,0,0
0,0,0
0,0,0
0,0,0
0,0,0
0,0,0
0,0,0
0,0,0
0,0,0
0,0,0
0,0,0
0,0,0
0,0,0
0,0,0
0,0,0
0,0,0
0,0,0
0,0,0
0,0,0
0,0,0
0,0,0
0,0,0
0,0,0
0,0,0
0,0,0
0,0,0
0,0,0
0,0,0
0,0,0
0,0,0
0,0,0
0,0,0
0,0,0
0,0,0
0,0,0
0,0,0
0,0,0
0,0,0
0,0,0
0,0,0
0,0,0
0,0,0
0,0,0
0,0,0
0,0,0
0,0,0
0,0,0
0,0,0
0,0,0
0,0,0
0,0,0
0,0,0
0,0,0
0,0,0
0,0,0
0,0,0
0,0,0
0,0,0
0,0,0
0,0,0
0,0,0
0,0,0
0,0,0
0,0,0
0,0,0
0,0,0
0,0,0
0,0,0
0,0,0
0,0,0
0,0,0
0,0,0
0,0,0
0,0,0
0,0,0
0,0,0
0,0,0
0,0,0
0,0,0
0,0,0
0,0,0
0,0,0
0,0,0
0,0,0
0,0,0
0,0,0
0,0,0
0,0,0
0,0,0
0,0,0
0,0,0
0,0,0
0,0,0
0,0,0
0,0,0
0,0,0
0,0,0
0,0,0
0,0,0
0,0,0
0,0,0
0,0,0
0,0,0
0,0,0
0,0,0
0,0,0
0,0,0
0,0,0
0,0,0
0,0,0
0,0,0
0,0,0
0,0,0
0,0,0
0,0,0
0,0,0
0,0,0
0,0,0
0,0,0
0,0,0
0,0,0
0,0,0
0,0,0
0,0,0
0,0,0
0,0,0
0,0,0
0,0,0
0,0,0
0,0,0
0,0,0
0,0,0
0,0,0
0,0,0
0,0,0
0,0,0
0,0,0
0,0,0
0,0,0
0,0,0
2.18604,7.18945,-0.877901
2.19184,7.05266,-0.862171
2.22967,7.02205,-0.859993
2.27546,7.01674,-0.861082
2.31941,7.00547,-0.861445
2.35759,6.977,-0.85963
2.41005,6.99056,-0.86326
2.43842,6.93443,-0.857936
2.47289,6.89691,-0.855032
2.49881,6.83686,-0.849223
2.54348,6.82884,-0.850191
2.58182,6.80382,-0.848981
2.62745,6.79804,-0.850312
2.6633,6.76701,-0.848376
2.69739,6.73211,-0.845956
2.74539,6.73198,-0.848134
2.79007,6.72326,-0.849223
2.83513,6.71515,-0.850433
2.87745,6.70037,-0.850797
2.91255,6.66894,-0.848981
2.95463,6.65367,-0.849344
2.99376,6.63179,-0.84886
3.03605,6.61691,-0.849344
3.07744,6.59995,-0.849586
3.1115,6.56749,-0.847771
3.14916,6.54291,-0.847045
3.18794,6.52079,-0.846682
3.22789,6.5011,-0.846682
3.26906,6.48383,-0.847045
3.31014,6.4663,-0.847408
3.34701,6.44059,-0.846682
3.38137,6.41027,-0.845351
3.41877,6.3859,-0.844867
3.45931,6.36742,-0.84523
3.49543,6.34086,-0.844504
3.53185,6.31496,-0.843899
3.57152,6.29489,-0.844141
3.61156,6.27544,-0.844504
3.64549,6.24545,-0.843415
3.67818,6.21356,-0.842084
3.71879,6.19514,-0.842689
3.76035,6.17814,-0.843536
3.79089,6.14312,-0.841842
3.82483,6.11385,-0.840995
3.86493,6.09446,-0.8416
3.90869,6.08065,-0.843052
3.94755,6.05905,-0.843415
3.98465,6.03471,-0.843415
4.02823,6.02005,-0.844867
4.07122,6.00426,-0.846198
4.12035,5.99717,-0.84886
4.16387,5.98155,-0.850312
4.20393,5.96076,-0.851039
4.24908,5.94697,-0.852854
4.2884,5.9248,-0.853459
4.3323,5.90879,-0.855032
4.37972,5.89724,-0.857331
4.42656,5.88453,-0.859509
4.46318,5.85805,-0.85963
4.51481,5.85099,-0.862776
4.55857,5.83335,-0.864349
4.60043,5.81305,-0.865559
4.64781,5.79943,-0.867858
4.68956,5.77851,-0.869068
4.7306,5.75653,-0.870157
4.77726,5.74114,-0.872335
4.8239,5.72538,-0.874513
4.86667,5.70474,-0.875965
4.90872,5.68303,-0.877296
4.95787,5.66925,-0.879958
5.00177,5.64913,-0.881652
5.05092,5.63459,-0.884314
5.10541,5.62555,-0.887944
5.1499,5.60508,-0.889759
5.19298,5.58283,-0.891333
5.2353,5.55954,-0.892785
5.27411,5.53234,-0.893632
5.31692,5.50916,-0.895205
5.36658,5.49276,-0.897988
5.41134,5.47102,-0.899924
5.46307,5.45596,-0.90307
5.52188,5.44744,-0.907426
5.57084,5.4287,-0.910088
5.6162,5.40612,-0.912145
5.66078,5.3825,-0.914081
5.71251,5.36534,-0.917227
5.75332,5.33761,-0.918558
5.79401,5.30959,-0.919889
5.85592,5.30059,-0.924729
5.91497,5.28838,-0.929086
5.97334,5.27499,-0.933321
6.02505,5.2552,-0.936467
6.07523,5.23369,-0.939371
6.13141,5.2169,-0.943243
6.17851,5.19195,-0.945663
6.2133,5.15648,-0.946147
6.24252,5.11637,-0.945784
6.27611,5.07985,-0.946147
6.30561,5.04,-0.945905
6.31227,4.98215,-0.942154
6.34976,4.94882,-0.943243
6.3745,4.90552,-0.942396
6.39579,4.85971,-0.941065
6.42787,4.82216,-0.941428
6.45335,4.77968,-0.940823
6.46974,4.73061,-0.938887
6.48737,4.68269,-0.937193
6.51679,4.64337,-0.937314
6.53136,4.59359,-0.935257
6.54964,4.54663,-0.933805
6.56267,4.49626,-0.931627
6.58274,4.4509,-0.930538
6.61488,4.41373,-0.931264
6.63852,4.37088,-0.93078
6.65856,4.32573,-0.929812
6.68163,4.28265,-0.929328
6.70107,4.23733,-0.92836
6.71179,4.18667,-0.926181
6.73228,4.14229,-0.925455
6.75332,4.09833,-0.92485
6.76046,4.04611,-0.922309
6.77746,4.00001,-0.92122
6.78815,3.95036,-0.919284
6.79849,3.90072,-0.917348
6.81279,3.85356,-0.916017
6.81117,3.79766,-0.912508
6.82912,3.75293,-0.911782
6.85551,3.71285,-0.912266
6.88342,3.67352,-0.912992
6.8988,3.62751,-0.912024
6.88215,3.56502,-0.9067
6.89152,3.51641,-0.905006
6.9041,3.4696,-0.903796
6.91725,3.4232,-0.902707
6.94705,3.38505,-0.903917
6.94889,3.33334,-0.901376
6.96742,3.28979,-0.901134
6.98927,3.24781,-0.901376
7.00275,3.20198,-0.900529
7.00054,3.14917,-0.897625
7.0161,3.10455,-0.897141
7.02865,3.05867,-0.896294
7.04089,3.01275,-0.895447
7.0501,2.96564,-0.894237
7.07,2.92308,-0.894479
7.08596,2.8789,-0.894237
7.07768,2.82506,-0.890849
7.0764,2.77433,-0.888428
7.09329,2.73086,-0.888428
7.10991,2.68728,-0.888428
7.12534,2.64326,-0.888307
7.14329,2.60017,-0.888549
7.14041,2.54961,-0.886129
7.13718,2.49919,-0.883709
7.15144,2.45503,-0.883588
7.17108,2.41268,-0.884193
7.16972,2.36335,-0.882136
7.17086,2.31504,-0.880442
7.17736,2.2686,-0.879474
7.17787,2.22041,-0.87778
7.18091,2.17316,-0.876449
7.17698,2.12399,-0.874271
7.17557,2.07577,-0.872456
7.18913,2.03197,-0.872577
7.20529,1.98888,-0.873061
7.21927,1.94515,-0.873303
7.22339,1.8988,-0.872335
7.22433,1.85173,-0.871004
7.21341,1.80183,-0.868221
7.20889,1.75378,-0.866285
7.20503,1.70608,-0.86447
7.20085,1.65849,-0.862655
6.96098,1.55829,-0.831436
6.93744,1.50837,-0.827322
6.95627,1.46783,-0.828532
6.98849,1.4299,-0.831436
7.04971,1.39742,-0.83797
7.21997,1.38521,-0.858057
7.23029,1.34125,-0.858299
7.23252,1.29581,-0.857573
7.22566,1.24887,-0.855758
7.21655,1.20173,-0.853701
7.21104,1.15539,-0.852128
7.20426,1.109,-0.850433
7.21584,1.0655,-0.851039
7.22814,1.02204,-0.851765
7.2264,0.976605,-0.850797
7.22242,0.930976,-0.849586
7.23292,0.887248,-0.850191
7.21555,0.840206,-0.847408
7.20774,0.794501,-0.845835
7.21347,0.750363,-0.845956
7.23868,0.70812,-0.848497
7.24882,0.664236,-0.849223
7.24386,0.618983,-0.848134
7.23367,0.573424,-0.84644
7.22715,0.528303,-0.84523
7.2362,0.484346,-0.845956
7.23606,0.439756,-0.845593
7.22177,0.394425,-0.843536
7.22307,0.350057,-0.843415
7.22805,0.305857,-0.843778
7.22682,0.261393,-0.843415
7.21936,0.216775,-0.842326
7.20964,0.172212,-0.840995
7.20262,0.127829,-0.840027
7.20724,0.0836786,-0.840511
7.20761,0.0394543,-0.840511
7.20474,-0.00477006,-0.840148
7.21947,-0.0490763,-0.841963
7.22697,-0.0934746,-0.842931
7.2203,-0.137704,-0.842205
7.21833,-0.18198,-0.842084
7.20418,-0.225865,-0.840511
7.19572,-0.269805,-0.839664
7.185,-0.313564,-0.838575
7.17402,-0.357202,-0.837486
7.17863,-0.401601,-0.838333
7.18891,-0.446438,-0.839906
7.1791,-0.490068,-0.839059
7.16903,-0.533594,-0.838212
7.15672,-0.576856,-0.837123
7.14019,-0.619645,-0.83555
7.1234,-0.662252,-0.833977
7.11624,-0.705655,-0.833614
7.11671,-0.749825,-0.834219
7.11494,-0.793808,-0.834582
7.10106,-0.836406,-0.833493
7.09481,-0.879839,-0.833372
7.09321,-0.923868,-0.833856
7.07069,-0.965094,-0.831799
7.04695,-1.00594,-0.829621
7.0269,-1.04711,-0.827927
7.03113,-1.09188,-0.829258
7.0341,-1.13659,-0.830468
7.00937,-1.17677,-0.82829
6.9404,-1.20903,-0.820667
6.91039,-1.24754,-0.817884
6.8665,-1.28318,-0.813407
6.88286,-1.32999,-0.816432
6.87165,-1.37162,-0.816069
6.96131,-1.43397,-0.82829
6.94267,-1.47459,-0.82708
6.93543,-1.51759,-0.827322
6.92211,-1.55924,-0.826838
6.90371,-1.59967,-0.825749
6.90728,-1.64522,-0.827443
6.89802,-1.68781,-0.827564
6.90198,-1.73373,-0.829379
6.88256,-1.77382,-0.82829
6.86579,-1.81449,-0.827564
6.8229,-1.84803,-0.823571
6.83152,-1.89543,-0.826112
6.82263,-1.93812,-0.826475
6.82491,-1.9841,-0.82829
6.79833,-2.0217,-0.826475
6.7782,-2.06107,-0.825507
6.75595,-2.09967,-0.824297
6.74483,-2.14169,-0.824539
6.73251,-2.18334,-0.82466
6.71333,-2.22274,-0.823934
6.68828,-2.26008,-0.822482
6.65739,-2.29525,-0.820304
6.64693,-2.33737,-0.820788
6.64274,-2.3818,-0.822119
6.61402,-2.4174,-0.820304
6.60185,-2.45898,-0.820667
6.56993,-2.4931,-0.818489
6.54895,-2.53122,-0.817763
6.53237,-2.571,-0.817642
6.51648,-2.61103,-0.817642
6.49574,-2.64909,-0.817037
6.46744,-2.68395,-0.815464
6.45634,-2.7259,-0.81619
6.44861,-2.76938,-0.8174
6.4315,-2.8089,-0.8174
6.40779,-2.84549,-0.816553
6.3875,-2.88353,-0.81619
6.37058,-2.92308,-0.816311
6.35523,-2.96337,-0.816674
6.32526,-2.99679,-0.815101
6.30318,-3.03382,-0.814617
6.28355,-3.07201,-0.814496
6.26992,-3.11315,-0.815222
6.264,-3.15826,-0.817037
6.24892,-3.1989,-0.817642
6.22477,-3.2349,-0.817037
6.19602,-3.2684,-0.815827
6.17935,-3.30823,-0.816311
6.15457,-3.34371,-0.815706
6.13916,-3.38429,-0.816432
6.11394,-3.41947,-0.815827
6.09026,-3.45545,-0.815464
6.06464,-3.49028,-0.814859
6.04225,-3.52693,-0.814738
6.01879,-3.56293,-0.814496
5.99937,-3.60132,-0.814859
5.97716,-3.63807,-0.814859
5.96739,-3.68249,-0.816674
5.95647,-3.7264,-0.818368
5.91756,-3.75278,-0.816069
5.89359,-3.78849,-0.815948
5.86524,-3.82133,-0.815222
5.82926,-3.84904,-0.813407
5.79233,-3.87591,-0.81147
5.76186,-3.90692,-0.810502
5.71569,-3.92702,-0.807235
5.66134,-3.94104,-0.802758
5.63462,-3.97399,-0.802395
5.6069,-4.00618,-0.801911
5.56693,-4.02945,-0.799612
5.53169,-4.05591,-0.798039
5.51467,-4.09569,-0.799249
5.48468,-4.12587,-0.798523
5.44504,-4.14862,-0.796345
5.40534,-4.17104,-0.794167
5.36713,-4.19435,-0.792231
5.32572,-4.21488,-0.789811
5.29279,-4.2419,-0.788722
5.25355,-4.26366,-0.786665
5.22269,-4.29203,-0.785939
5.20542,-4.33162,-0.787391
5.17191,-4.35772,-0.786302
5.13827,-4.38358,-0.785213
5.10677,-4.41113,-0.784487
5.0811,-4.44369,-0.784729
5.04111,-4.46359,-0.782672
5.00697,-4.48848,-0.781583
4.9786,-4.51845,-0.781462
4.94566,-4.54421,-0.780615
4.91333,-4.57042,-0.779889
4.88158,-4.59708,-0.779284
4.84537,-4.61941,-0.777953
4.80622,-4.63872,-0.776138
4.78122,-4.67159,-0.776743
4.74894,-4.69735,-0.776138
4.71582,-4.72218,-0.775412
4.66444,-4.72842,-0.771539
4.63395,-4.75553,-0.771297
4.61226,-4.79174,-0.772628
4.57388,-4.8106,-0.771055
4.5402,-4.83423,-0.770329
4.50437,-4.85545,-0.76924
4.46242,-4.86983,-0.767062
4.42713,-4.89123,-0.766094
4.39108,-4.91164,-0.765005
4.35954,-4.93701,-0.764763
4.3246,-4.95843,-0.763916
4.2902,-4.98036,-0.76319
4.24927,-4.99449,-0.761254
4.2096,-5.00983,-0.75956
4.18576,-5.04397,-0.760891
4.15347,-5.06802,-0.760649
4.12042,-5.0911,-0.760286
4.08043,-5.10543,-0.758592
4.04287,-5.12258,-0.757382
4.01198,-5.14807,-0.757503
3.98334,-5.17653,-0.758108
3.9443,-5.19139,-0.756656
3.89628,-5.19405,-0.753389
3.86493,-5.21866,-0.75351
3.83049,-5.23907,-0.753026
3.7913,-5.25282,-0.751574
3.75727,-5.27356,-0.751211
3.7197,-5.28921,-0.750122
3.67868,-5.2997,-0.748307
3.64441,-5.31972,-0.747944
3.60892,-5.33787,-0.747339
3.57886,-5.36404,-0.747944
3.54424,-5.38341,-0.747581
3.5014,-5.39007,-0.745403
3.46023,-5.39892,-0.743588
3.4334,-5.43012,-0.74504
3.39739,-5.44687,-0.744435
3.36391,-5.46762,-0.744435
3.34111,-5.50597,-0.746976
3.3037,-5.52041,-0.746129
3.25765,-5.52006,-0.743225
3.21523,-5.52536,-0.741168
3.18423,-5.55015,-0.741894
3.13691,-5.54626,-0.738627
3.10959,-5.57754,-0.740321
3.07149,-5.58955,-0.739353
3.03382,-5.60219,-0.738506
3.0064,-5.63383,-0.740321
2.96716,-5.64339,-0.739111
2.92197,-5.64122,-0.736328
2.89858,-5.68114,-0.739353
2.85921,-5.68995,-0.738143
2.81764,-5.69404,-0.736328
2.78656,-5.71926,-0.737417
2.75099,-5.73535,-0.737296
2.71617,-5.75302,-0.737417
2.67747,-5.76238,-0.736449
2.63917,-5.77238,-0.735601
2.60085,-5.78213,-0.734755
2.56412,-5.79525,-0.734391
2.52098,-5.79358,-0.732092
2.48695,-5.81259,-0.732576
2.45894,-5.84604,-0.734996
2.43137,-5.8812,-0.737659
2.38963,-5.88222,-0.735844
2.3487,-5.88478,-0.73427
2.3082,-5.88799,-0.732818
2.26775,-5.89093,-0.731366
2.227,-5.89266,-0.729793
2.19011,-5.90436,-0.729551
2.16165,-5.93914,-0.732334
2.13485,-5.9794,-0.735844
2.09976,-5.99707,-0.736449
2.06357,-6.01172,-0.736691
2.02538,-6.0205,-0.736207
1.98902,-6.0347,-0.736449
1.96202,-6.07796,-0.740442
1.9205,-6.07664,-0.738748
1.88436,-6.0921,-0.739232
1.84205,-6.0874,-0.737175
1.79536,-6.06718,-0.733181
1.76611,-6.10573,-0.736691
1.71564,-6.0706,-0.730882
1.67387,-6.06475,-0.728825
1.64205,-6.09503,-0.731366
1.60967,-6.12419,-0.733786
1.56861,-6.12049,-0.732092
0,0,0
0,0,0
0,0,0
0,0,0
0,0,0
0,0,0
0,0,0
0,0,0
0,0,0
0,0,0
0,0,0
0,0,0
0,0,0
0,0,0
0,0,0
0,0,0
0,0,0
0,0,0
0,0,0
0,0,0
0,0,0
0,0,0
0,0,0
0,0,0
0,0,0
0,0,0
0,0,0
0,0,0
0,0,0
0,0,0
0,0,0
0,0,0
0,0,0
0,0,0
0,0,0
0,0,0
0,0,0
0,0,0
0,0,0
0,0,0
0,0,0
0,0,0
0,0,0
0,0,0
0,0,0
0,0,0
0,0,0
0,0,0
0,0,0
0,0,0
0,0,0
0,0,0
0,0,0
0,0,0
0,0,0
0,0,0
0,0,0
0,0,0
0,0,0
0,0,0
0,0,0
0,0,0
0,0,0
0,0,0
0,0,0
0,0,0
0,0,0
0,0,0
0,0,0
0,0,0
0,0,0
0,0,0
0,0,0
0,0,0
0,0,0
0,0,0
0,0,0
0,0,0
0,0,0
0,0,0
0,0,0
0,0,0
0,0,0
0,0,0
0,0,0
0,0,0
0,0,0
0,0,0
0,0,0
0,0,0
0,0,0
0,0,0
0,0,0
0,0,0
0,0,0
0,0,0
0,0,0
0,0,0
0,0,0
0,0,0
0,0,0
0,0,0
0,0,0
0,0,0
0,0,0
0,0,0
0,0,0
0,0,0
0,0,0
0,0,0
0,0,0
0,0,0
0,0,0
0,0,0
0,0,0
0,0,0
0,0,0
0,0,0
0,0,0
0,0,0
0,0,0
0,0,0
0,0,0
0,0,0
0,0,0
0,0,0
0,0,0
0,0,0
0,0,0
0,0,0
0,0,0
0,0,0
0,0,0
0,0,0
0,0,0
0,0,0
0,0,0
0,0,0
0,0,0
0,0,0
0,0,0
0,0,0
0,0,0
0,0,0
0,0,0
0,0,0
0,0,0
0,0,0
0,0,0
0,0,0
0,0,0
0,0,0
0,0,0
0,0,0
0,0,0
0,0,0
0,0,0
0,0,0
0,0,0
0,0,0
0,0,0
0,0,0
0,0,0
0,0,0
0,0,0
0,0,0
0,0,0
0,0,0
0,0,0
0,0,0
0,0,0
0,0,0
0,0,0
0,0,0
0,0,0
0,0,0
0,0,0
0,0,0
0,0,0
0,0,0
0,0,0
0,0,0
0,0,0
0,0,0
0,0,0
0,0,0
0,0,0
0,0,0
0,0,0
0,0,0
0,0,0
0,0,0
0,0,0
0,0,0
0,0,0
0,0,0
0,0,0
0,0,0
0,0,0
0,0,0
0,0,0
0,0,0
0,0,0
0,0,0
0,0,0
0,0,0
0,0,0
0,0,0
0,0,0
0,0,0
0,0,0
0,0,0
0,0,0
0,0,0
0,0,0
0,0,0
0,0,0
0,0,0
0,0,0
0,0,0
0,0,0
0,0,0
0,0,0
0,0,0
0,0,0
0,0,0
0,0,0
0,0,0
0,0,0
0,0,0
0,0,0
0,0,0
0,0,0
0,0,0
0,0,0
0,0,0
0,0,0
0,0,0
0,0,0
0,0,0
0,0,0
0,0,0
0,0,0
0,0,0
0,0,0
0,0,0
0,0,0
0,0,0
0,0,0
0,0,0
0,0,0
0,0,0
0,0,0
0,0,0
0,0,0
0,0,0
0,0,0
0,0,0
0,0,0
0,0,0
0,0,0
0,0,0
0,0,0
0,0,0
0,0,0
0,0,0
0,0,0
0,0,0
0,0,0
0,0,0
0,0,0
0,0,0
0,0,0
0,0,0
0,0,0
0,0,0
0,0,0
0,0,0
0,0,0
0,0,0
0,0,0
0,0,0
0,0,0
0,0,0
0,0,0
0,0,0
0,0,0
0,0,0
0,0,0
0,0,0
0,0,0
0,0,0
0,0,0
0,0,0
0,0,0
0,0,0
0,0,0
0,0,0
0,0,0
0,0,0
0,0,0
0,0,0
0,0,0
0,0,0
0,0,0
0,0,0
0,0,0
0,0,0
0,0,0
0,0,0
0,0,0
0,0,0
0,0,0
0,0,0
0,0,0
0,0,0
0,0,0
0,0,0
0,0,0
0,0,0
0,0,0
0,0,0
0,0,0
0,0,0
0,0,0
0,0,0
0,0,0
0,0,0
0,0,0
0,0,0
0,0,0
0,0,0
0,0,0
0,0,0
0,0,0
0,0,0
0,0,0
0,0,0
0,0,0
0,0,0
0,0,0
0,0,0
0,0,0
0,0,0
0,0,0
0,0,0
0,0,0
0,0,0
0,0,0
0,0,0
0,0,0
0,0,0
0,0,0
0,0,0
0,0,0
0,0,0
0,0,0
0,0,0
0,0,0
0,0,0
0,0,0
0,0,0
0,0,0
0,0,0
0,0,0
0,0,0
0,0,0
0,0,0
0,0,0
0,0,0
0,0,0
0,0,0
0,0,0
0,0,0
0,0,0
0,0,0
0,0,0
0,0,0
0,0,0
0,0,0
0,0,0
0,0,0
0,0,0
0,0,0
0,0,0
0,0,0
0,0,0
0,0,0
0,0,0
0,0,0
0,0,0
0,0,0
0,0,0
0,0,0
0,0,0
0,0,0
0,0,0
0,0,0
0,0,0
0,0,0
0,0,0
0,0,0
0,0,0
0,0,0
0,0,0
0,0,0
0,0,0
0,0,0
0,0,0
0,0,0
0,0,0
0,0,0
0,0,0
0,0,0
0,0,0
0,0,0
0,0,0
0,0,0
0,0,0
0,0,0
0,0,0
0,0,0
0,0,0
0,0,0
0,0,0
0,0,0
0,0,0
0,0,0
0,0,0
0,0,0
0,0,0
0,0,0
0,0,0
0,0,0
0,0,0
0,0,0
0,0,0
0,0,0
0,0,0
0,0,0
0,0,0
0,0,0
0,0,0
0,0,0
0,0,0
0,0,0
0,0,0
0,0,0
0,0,0
0,0,0
0,0,0
0,0,0
0,0,0
0,0,0
0,0,0
0,0,0
0,0,0
0,0,0
0,0,0
0,0,0
0,0,0
0,0,0
0,0,0
0,0,0
0,0,0
0,0,0
0,0,0
0,0,0
0,0,0
0,0,0
0,0,0
0,0,0
0,0,0
0,0,0
0,0,0
0,0,0
0,0,0
0,0,0
0,0,0
0,0,0
0,0,0
0,0,0
0,0,0
0,0,0
0,0,0
0,0,0
0,0,0
0,0,0
0,0,0
0,0,0
0,0,0
0,0,0
0,0,0
0,0,0
0,0,0
0,0,0
0,0,0
0,0,0
0,0,0
0,0,0
0,0,0
0,0,0
0,0,0
0,0,0
0,0,0
0,0,0
0,0,0
0,0,0
0,0,0
0,0,0
0,0,0
0,0,0
0,0,0
0,0,0
0,0,0
0,0,0
0,0,0
0,0,0
0,0,0
0,0,0
0,0,0
0,0,0
0,0,0
0,0,0
0,0,0
0,0,0
0,0,0
0,0,0
0,0,0
0,0,0
0,0,0
0,0,0
0,0,0
0,0,0
0,0,0
0,0,0
0,0,0
0,0,0
0,0,0
0,0,0
0,0,0
0,0,0
0,0,0
0,0,0
0,0,0
0,0,0
0,0,0
0,0,0
0,0,0
0,0,0
0,0,0
0,0,0
0,0,0
0,0,0
0,0,0
0,0,0
0,0,0
0,0,0
0,0,0
0,0,0
0,0,0
0,0,0
0,0,0
0,0,0
0,0,0
0,0,0
0,0,0
0,0,0
0,0,0
0,0,0
0,0,0
0,0,0
0,0,0
0,0,0
0,0,0
0,0,0
0,0,0
0,0,0
0,0,0
0,0,0
0,0,0
0,0,0
0,0,0
0,0,0
0,0,0
0,0,0
2.1496,6.78103,-0.91465
2.18811,6.75829,-0.913322
2.22767,6.73909,-0.912526
2.26581,6.7159,-0.911198
2.30182,6.68688,-0.909074
2.33821,6.65953,-0.907215
2.37936,6.64599,-0.907348
2.42077,6.63313,-0.907613
2.4635,6.62373,-0.90841
2.50199,6.60293,-0.907613
2.53924,6.57913,-0.906418
2.57775,6.55881,-0.905754
2.62052,6.54931,-0.906684
2.66104,6.53403,-0.906816
2.70032,6.51575,-0.906551
2.73563,6.48809,-0.904958
2.78046,6.48303,-0.906684
2.82138,6.46857,-0.907082
2.86021,6.44933,-0.906816
2.90462,6.4425,-0.90841
2.94657,6.42996,-0.909206
2.98765,6.41535,-0.909738
3.03035,6.40407,-0.9108
3.06701,6.37999,-0.910003
3.10479,6.35838,-0.909605
3.14639,6.34454,-0.910401
3.18838,6.33131,-0.911331
3.22807,6.31339,-0.911596
3.27268,6.3049,-0.913322
3.31593,6.29347,-0.91465
3.35542,6.27476,-0.914916
3.3948,6.25579,-0.915181
3.43886,6.24526,-0.916775
3.47808,6.22577,-0.91704
3.5172,6.20604,-0.917306
3.55274,6.18005,-0.916642
3.59958,6.17354,-0.919032
3.64244,6.15987,-0.92036
3.68373,6.14335,-0.921289
3.72651,6.12911,-0.922617
3.76925,6.11456,-0.923944
3.80932,6.09552,-0.924608
3.84983,6.07706,-0.925405
3.89187,6.06083,-0.9266
3.93223,6.04181,-0.927397
3.9725,6.02254,-0.928193
4.01434,6.00547,-0.929388
4.06223,5.99713,-0.932044
4.10456,5.98027,-0.933372
4.14457,5.95985,-0.934168
4.18848,5.94484,-0.935894
4.2364,5.93516,-0.93855
4.27796,5.91628,-0.939745
4.3177,5.89472,-0.940541
4.3591,5.87528,-0.941736
4.40936,5.86744,-0.944923
4.45069,5.84737,-0.946118
4.48951,5.82388,-0.946782
4.53187,5.80481,-0.948242
4.58461,5.79867,-0.95196
4.6263,5.77816,-0.953288
4.66541,5.75429,-0.954084
4.7151,5.74317,-0.957138
4.76546,5.73242,-0.960325
4.8082,5.71217,-0.961918
4.84766,5.68784,-0.962848
4.89218,5.66925,-0.964839
4.93405,5.64733,-0.9663
4.96926,5.61769,-0.966433
4.99306,5.57528,-0.964308
5.02784,5.54528,-0.964441
5.06512,5.51797,-0.965105
5.09821,5.48606,-0.964972
5.12227,5.44457,-0.963113
5.14532,5.40228,-0.961122
5.1825,5.37488,-0.961918
5.20708,5.33447,-0.960325
5.23344,5.29608,-0.95913
5.26303,5.26106,-0.958599
5.28746,5.22101,-0.957138
5.31443,5.18362,-0.956209
5.34185,5.14679,-0.955412
5.3683,5.10914,-0.954483
5.39305,5.06999,-0.953288
5.41752,5.03073,-0.952093
5.44245,4.99204,-0.951031
5.46269,4.94923,-0.949172
5.48926,4.91232,-0.948508
5.51856,4.87789,-0.948375
5.5454,4.84133,-0.947844
5.56524,4.7988,-0.946118
5.58854,4.75942,-0.945056
5.61461,4.72249,-0.944525
5.64424,4.68858,-0.944657
5.66217,4.64506,-0.942799
5.67131,4.59463,-0.939479
5.6994,4.55975,-0.939479
5.72416,4.52223,-0.938948
5.73851,4.47666,-0.936691
5.74938,4.42867,-0.933903
5.77408,4.39151,-0.933504
5.79537,4.35183,-0.932575
5.81241,4.3091,-0.930982
5.82914,4.26633,-0.929388
5.84557,4.22352,-0.927795
5.8625,4.18124,-0.926334
5.88237,4.1412,-0.925405
5.91255,4.10842,-0.926202
5.93847,4.07263,-0.926334
5.94939,4.02667,-0.924077
5.96574,3.98458,-0.922749
5.98677,3.94572,-0.922218
6.00838,3.90729,-0.92182
6.01972,3.86232,-0.919828
6.0274,3.81524,-0.917306
6.04649,3.77556,-0.916642
6.0687,3.73787,-0.916509
6.08898,3.69902,-0.916111
6.10221,3.65599,-0.91465
6.11428,3.61243,-0.913057
6.14147,3.57784,-0.913854
6.16073,3.5386,-0.913455
6.17629,3.49732,-0.912526
6.19677,3.45887,-0.912393
6.21093,3.41696,-0.911331
6.22829,3.3769,-0.9108
6.23491,3.33115,-0.908675
6.23593,3.28267,-0.905754
6.25244,3.24252,-0.905223
6.28634,3.21131,-0.907348
6.30415,3.17179,-0.907082
6.30662,3.12469,-0.904559
6.30697,3.07681,-0.901771
6.32126,3.0359,-0.901107
6.32723,2.99113,-0.899248
6.33468,2.94723,-0.897655
6.35264,2.90831,-0.897655
6.37489,2.87131,-0.898319
6.38241,2.82773,-0.896858
6.37965,2.7798,-0.893937
6.39386,2.73943,-0.893539
6.40598,2.69823,-0.892875
6.41784,2.65697,-0.892211
6.42943,2.61568,-0.891547
6.44075,2.57434,-0.890883
6.44997,2.53224,-0.889954
6.46169,2.49119,-0.889423
6.475,2.45079,-0.889157
6.47969,2.40722,-0.887697
6.47944,2.36198,-0.885572
6.48635,2.31951,-0.88451
6.49484,2.2777,-0.883714
6.50589,2.23684,-0.883315
6.50634,2.19245,-0.881456
6.5159,2.15124,-0.880925
6.51766,2.10756,-0.879332
6.5163,2.06304,-0.87734
6.52978,2.02332,-0.877473
6.53354,1.98062,-0.876278
6.53987,1.93881,-0.875481
6.53831,1.89478,-0.873623
6.55077,1.8549,-0.873755
6.56489,1.81546,-0.874154
6.56155,1.77127,-0.872162
6.55409,1.72618,-0.869639
6.55976,1.6847,-0.868975
6.56708,1.6437,-0.868577
6.56838,1.60126,-0.867382
6.56458,1.55772,-0.865523
6.56532,1.51541,-0.864328
6.5832,1.47705,-0.865523
6.58633,1.43536,-0.864727
6.59016,1.3939,-0.864063
6.58888,1.35144,-0.862735
6.58539,1.30867,-0.861142
6.57967,1.26562,-0.859283
6.57464,1.22287,-0.857557
6.58299,1.18268,-0.85769
6.58036,1.14057,-0.856362
6.58626,1.10001,-0.856229
6.59582,1.06005,-0.856627
6.58849,1.01744,-0.854769
6.5799,0.974818,-0.852777
6.57692,0.933174,-0.851582
6.58449,0.893067,-0.851847
6.58788,0.852394,-0.851582
6.59594,0.812319,-0.85198
6.59391,0.771026,-0.851051
6.58669,0.729244,-0.849458
6.58611,0.688301,-0.848794
6.59909,0.648748,-0.849989
6.59406,0.607427,-0.848794
6.59174,0.566446,-0.847997
6.56644,0.523706,-0.844146
6.56064,0.482751,-0.842951
6.56941,0.442887,-0.843748
6.56903,0.402387,-0.84335
6.56841,0.36191,-0.842951
6.57447,0.321793,-0.843483
6.58325,0.281743,-0.844412
6.5591,0.240402,-0.84096
6.5664,0.200332,-0.841757
6.58534,0.160471,-0.844146
6.58323,0.120008,-0.843748
6.58483,0.0796233,-0.843881
6.57528,0.0391596,-0.842553
6.57738,-0.00118677,-0.842819
6.56734,-0.0414816,-0.841491
6.56696,-0.0817773,-0.841491
6.56633,-0.12207,-0.841491
6.56051,-0.162235,-0.840827
6.53462,-0.20172,-0.837508
6.5293,-0.241665,-0.836977
6.53661,-0.282109,-0.838172
6.54762,-0.322847,-0.839898
6.55937,-0.363786,-0.841757
6.50063,-0.400548,-0.834188
6.50497,-0.440898,-0.835118
6.514,-0.481681,-0.836711
6.5129,-0.521799,-0.836977
6.49082,-0.560132,-0.834454
6.48528,-0.599765,-0.834188
6.48641,-0.640034,-0.834852
6.51588,-0.683339,-0.839367
6.49974,-0.721993,-0.837773
6.47452,-0.759435,-0.834985
6.454,-0.797202,-0.832861
6.45783,-0.837937,-0.834056
6.45748,-0.878213,-0.834719
6.44412,-0.916702,-0.833657
6.42955,-0.954914,-0.832462
6.4314,-0.995561,-0.833524
6.41343,-1.03311,-0.831931
6.41968,-1.07457,-0.833657
6.41785,-1.11479,-0.834321
6.40991,-1.15397,-0.834188
6.39979,-1.19274,-0.83379
6.36315,-1.22635,-0.829807
6.36717,-1.2677,-0.8314
6.36218,-1.30734,-0.831798
6.34823,-1.34512,-0.831002
6.35147,-1.38659,-0.832595
6.35348,-1.42792,-0.834056
6.32818,-1.46308,-0.831798
6.30462,-1.49845,-0.829807
6.2982,-1.53781,-0.830205
6.28576,-1.5757,-0.829807
6.27885,-1.61498,-0.830205
6.28224,-1.65702,-0.832064
6.25761,-1.69165,-0.830072
6.24902,-1.73054,-0.830338
6.22875,-1.76615,-0.82901
6.21018,-1.80213,-0.827948
6.20375,-1.84161,-0.828612
6.18475,-1.87734,-0.82755
6.18069,-1.9176,-0.828612
6.16975,-1.95579,-0.828745
6.14538,-1.98964,-0.827018
6.11611,-2.02171,-0.824628
6.10453,-2.05951,-0.824761
6.09365,-2.09758,-0.825027
6.09002,-2.13821,-0.826355
6.08145,-2.17721,-0.827018
6.05215,-2.20871,-0.824761
6.03477,-2.24442,-0.82423
6.03015,-2.28492,-0.825558
6.00862,-2.31902,-0.824496
5.99243,-2.35512,-0.82423
5.97327,-2.39,-0.823566
5.94197,-2.41988,-0.821176
5.92426,-2.45515,-0.820778
5.91548,-2.49415,-0.821707
5.89824,-2.52962,-0.821442
5.88534,-2.56695,-0.82184
5.86494,-2.60101,-0.821176
5.84616,-2.63572,-0.820778
5.83078,-2.67196,-0.820911
5.81338,-2.70726,-0.820778
5.79576,-2.74246,-0.820645
5.77615,-2.77668,-0.820247
5.75187,-2.80859,-0.819185
5.72921,-2.84119,-0.818388
5.73468,-2.88788,-0.82184
5.72303,-2.92617,-0.82277
5.68298,-2.94982,-0.81945
5.67354,-2.98925,-0.820778
5.6647,-3.02915,-0.822239
5.65036,-3.06622,-0.822902
5.63665,-3.1037,-0.823699
5.61058,-3.13436,-0.822637
5.58348,-3.16432,-0.821442
5.5674,-3.2005,-0.821973
5.54509,-3.2331,-0.821575
5.526,-3.26757,-0.821707
5.4982,-3.29683,-0.820512
5.48464,-3.33462,-0.821575
5.46492,-3.36873,-0.821707
5.43994,-3.39958,-0.821044
5.41145,-3.42812,-0.819849
5.39448,-3.46393,-0.820512
5.37395,-3.49751,-0.820645
5.35322,-3.53096,-0.820778
5.34546,-3.57311,-0.823035
5.32179,-3.60473,-0.82277
5.29876,-3.63675,-0.822637
5.26495,-3.66127,-0.820778
5.21889,-3.67695,-0.816927
5.17284,-3.69221,-0.813077
5.14527,-3.72039,-0.81228
5.10875,-3.74194,-0.810023
5.0849,-3.77262,-0.80989
5.06641,-3.80732,-0.810687
5.0327,-3.83053,-0.808961
5.00125,-3.85529,-0.807633
4.95797,-3.87066,-0.804314
4.93335,-3.90039,-0.804181
4.89849,-3.92191,-0.802322
4.86972,-3.94815,-0.801526
4.84617,-3.97859,-0.801658
4.8148,-4.00254,-0.800463
4.77954,-4.02308,-0.798604
4.73138,-4.03239,-0.794488
4.70205,-4.05746,-0.793692
4.67408,-4.08363,-0.793161
4.64745,-4.11092,-0.792895
4.60737,-4.12613,-0.79024
4.5849,-4.15699,-0.790771
4.55785,-4.1837,-0.790505
4.52919,-4.20889,-0.789974
4.49028,-4.22438,-0.787584
4.465,-4.25253,-0.787717
4.44239,-4.28329,-0.788381
4.41106,-4.30562,-0.787451
4.38597,-4.334,-0.787717
4.35719,-4.35873,-0.787319
4.3227,-4.37762,-0.785858
4.2923,-4.40051,-0.785194
4.25972,-4.42106,-0.784132
4.23114,-4.44568,-0.783866
4.21397,-4.48239,-0.785858
4.18099,-4.50235,-0.784796
4.12649,-4.4987,-0.779485
4.09016,-4.51439,-0.777759
4.06965,-4.54752,-0.779219
4.03051,-4.55978,-0.776962
3.98551,-4.56501,-0.77351
3.95548,-4.58713,-0.773112
3.92533,-4.60905,-0.772713
3.88741,-4.62167,-0.770722
3.86911,-4.65764,-0.772846
3.85429,-4.69815,-0.775767
3.81728,-4.7117,-0.774041
3.78396,-4.72961,-0.773112
3.7518,-4.74885,-0.772448
3.71954,-4.76788,-0.771784
3.67691,-4.77333,-0.768863
3.62896,-4.77135,-0.764747
3.61151,-4.80938,-0.767402
3.57721,-4.82508,-0.76634
3.55983,-4.86373,-0.769128
3.52528,-4.87906,-0.768066
3.48607,-4.88768,-0.765942
3.44802,-4.89763,-0.764083
3.42074,-4.92277,-0.764747
3.38374,-4.93386,-0.763153
3.35896,-4.96273,-0.764481
3.32624,-4.97995,-0.76395
3.28635,-4.9862,-0.761693
3.25731,-5.00876,-0.762091
3.22277,-5.02282,-0.761162
3.18606,-5.03328,-0.759701
3.14515,-5.03676,-0.757179
3.11158,-5.05175,-0.756515
3.07744,-5.06566,-0.755718
3.04681,-5.0853,-0.755851
3.02664,-5.12267,-0.758772
2.98467,-5.12316,-0.755984
2.95022,-5.13622,-0.755187
2.91377,-5.1456,-0.753859
2.88214,-5.16338,-0.753859
2.85136,-5.18271,-0.754125
2.80864,-5.18007,-0.751071
2.78147,-5.20594,-0.752399
2.74532,-5.21502,-0.751204
2.71282,-5.23089,-0.751071
2.68247,-5.25096,-0.751602
2.65243,-5.27175,-0.752266
2.61519,-5.27816,-0.750805
2.58928,-5.30747,-0.752797
2.55023,-5.30985,-0.750805
2.5176,-5.3254,-0.750805
2.48153,-5.33356,-0.749743
2.44587,-5.34238,-0.748814
2.41304,-5.35728,-0.748814
2.38093,-5.3738,-0.749079
2.34593,-5.38377,-0.748415
2.30934,-5.38986,-0.74722
2.27853,-5.40941,-0.748017
2.24302,-5.41779,-0.74722
2.19966,-5.40666,-0.743636
2.17306,-5.43663,-0.746025
2.14328,-5.45908,-0.747353
2.10369,-5.45641,-0.745096
2.08315,-5.50351,-0.750009
2.04451,-5.50318,-0.74815
2.00731,-5.50631,-0.746822
1.97949,-5.53533,-0.749212
1.95106,-5.56327,-0.751469
1.91882,-5.58076,-0.752266
1.86746,-5.54171,-0.745096
1.85175,-5.60859,-0.75293
1.79992,-5.56609,-0.745362
1.75168,-5.53262,-0.739121
1.70948,-5.51675,-0.735403
1.68279,-5.55085,-0.738723
1.65067,-5.56773,-0.739652
1.6162,-5.5768,-0.739519
1.58573,-5.59996,-0.741378
1.55424,-5.62009,-0.742839
1.5218,-5.63718,-0.743901
1.48617,-5.64258,-0.74337
1.45127,-5.65063,-0.743237
1.40623,-5.61808,-0.737528
1.37455,-5.63816,-0.739121
0,0,0
1.26558,-5.4827,-0.715487
1.23257,-5.49326,-0.715885
1.20179,-5.51428,-0.717744
1.17819,-5.57004,-0.724383
0,0,0
0,0,0
0,0,0
0,0,0
0,0,0
0,0,0
0,0,0
0,0,0
0,0,0
0,0,0
0,0,0
0,0,0
0,0,0
0,0,0
0,0,0
0,0,0
0,0,0
0,0,0
0,0,0
0,0,0
0,0,0
0,0,0
0,0,0
0,0,0
0,0,0
0,0,0
0,0,0
0,0,0
0,0,0
0,0,0
0,0,0
0,0,0
0,0,0
0,0,0
0,0,0
0,0,0
0,0,0
0,0,0
0,0,0
0,0,0
0,0,0
0,0,0
0,0,0
0,0,0
0,0,0
0,0,0
0,0,0
0,0,0
0,0,0
0,0,0
0,0,0
0,0,0
0,0,0
0,0,0
0,0,0
0,0,0
0,0,0
0,0,0
0,0,0
0,0,0
0,0,0
0,0,0
0,0,0
0,0,0
0,0,0
0,0,0
0,0,0
0,0,0
0,0,0
0,0,0
0,0,0
0,0,0
0,0,0
0,0,0
0,0,0
0,0,0
0,0,0
0,0,0
0,0,0
0,0,0
0,0,0
0,0,0
0,0,0
0,0,0
0,0,0
0,0,0
0,0,0
0,0,0
0,0,0
0,0,0
0,0,0
0,0,0
0,0,0
0,0,0
0,0,0
0,0,0
0,0,0
0,0,0
0,0,0
0,0,0
0,0,0
0,0,0
0,0,0
0,0,0
0,0,0
0,0,0
0,0,0
0,0,0
0,0,0
0,0,0
0,0,0
0,0,0
0,0,0
0,0,0
0,0,0
0,0,0
0,0,0
0,0,0
0,0,0
0,0,0
0,0,0
0,0,0
0,0,0
0,0,0
0,0,0
0,0,0
0,0,0
0,0,0
0,0,0
0,0,0
0,0,0
0,0,0
0,0,0
0,0,0
0,0,0
0,0,0
0,0,0
0,0,0
0,0,0
0,0,0
0,0,0
0,0,0
0,0,0
0,0,0
0,0,0
0,0,0
0,0,0
0,0,0
0,0,0
0,0,0
0,0,0
0,0,0
0,0,0
0,0,0
0,0,0
0,0,0
0,0,0
0,0,0
0,0,0
0,0,0
0,0,0
0,0,0
0,0,0
0,0,0
0,0,0
0,0,0
0,0,0
0,0,0
0,0,0
0,0,0
0,0,0
0,0,0
0,0,0
0,0,0
0,0,0
0,0,0
0,0,0
0,0,0
0,0,0
0,0,0
0,0,0
0,0,0
0,0,0
0,0,0
0,0,0
0,0,0
0,0,0
0,0,0
0,0,0
0,0,0
0,0,0
0,0,0
0,0,0
0,0,0
0,0,0
0,0,0
0,0,0
0,0,0
0,0,0
0,0,0
0,0,0
0,0,0
0,0,0
0,0,0
0,0,0
0,0,0
0,0,0
0,0,0
0,0,0
0,0,0
0,0,0
0,0,0
0,0,0
0,0,0
0,0,0
0,0,0
0,0,0
0,0,0
0,0,0
0,0,0
0,0,0
0,0,0
0,0,0
0,0,0
0,0,0
0,0,0
0,0,0
0,0,0
0,0,0
0,0,0
0,0,0
0,0,0
0,0,0
0,0,0
0,0,0
0,0,0
0,0,0
0,0,0
0,0,0
0,0,0
0,0,0
0,0,0
0,0,0
0,0,0
0,0,0
0,0,0
0,0,0
0,0,0
0,0,0
0,0,0
0,0,0
0,0,0
0,0,0
0,0,0
0,0,0
0,0,0
0,0,0
0,0,0
0,0,0
0,0,0
0,0,0
0,0,0
0,0,0
0,0,0
0,0,0
0,0,0
0,0,0
0,0,0
0,0,0
0,0,0
0,0,0
0,0,0
0,0,0
0,0,0
0,0,0
0,0,0
0,0,0
0,0,0
0,0,0
0,0,0
0,0,0
0,0,0
0,0,0
0,0,0
0,0,0
0,0,0
0,0,0
0,0,0
0,0,0
0,0,0
0,0,0
0,0,0
0,0,0
0,0,0
0,0,0
0,0,0
0,0,0
0,0,0
0,0,0
0,0,0
0,0,0
0,0,0
0,0,0
0,0,0
0,0,0
0,0,0
0,0,0
0,0,0
0,0,0
0,0,0
0,0,0
0,0,0
0,0,0
0,0,0
0,0,0
0,0,0
0,0,0
0,0,0
0,0,0
0,0,0
0,0,0
0,0,0
0,0,0
0,0,0
0,0,0
0,0,0
0,0,0
0,0,0
0,0,0
0,0,0
0,0,0
0,0,0
0,0,0
0,0,0
0,0,0
0,0,0
0,0,0
0,0,0
0,0,0
0,0,0
0,0,0
0,0,0
0,0,0
0,0,0
0,0,0
0,0,0
0,0,0
0,0,0
0,0,0
0,0,0
0,0,0
0,0,0
0,0,0
0,0,0
0,0,0
0,0,0
0,0,0
0,0,0
0,0,0
0,0,0
0,0,0
0,0,0
0,0,0
0,0,0
0,0,0
0,0,0
0,0,0
0,0,0
0,0,0
0,0,0
0,0,0
0,0,0
0,0,0
0,0,0
0,0,0
0,0,0
0,0,0
0,0,0
0,0,0
0,0,0
0,0,0
0,0,0
0,0,0
0,0,0
0,0,0
0,0,0
0,0,0
0,0,0
0,0,0
0,0,0
0,0,0
0,0,0
0,0,0
0,0,0
0,0,0
0,0,0
0,0,0
0,0,0
0,0,0
0,0,0
0,0,0
0,0,0
0,0,0
0,0,0
0,0,0
0,0,0
0,0,0
0,0,0
0,0,0
0,0,0
0,0,0
0,0,0
0,0,0
0,0,0
0,0,0
0,0,0
0,0,0
0,0,0
0,0,0
0,0,0
0,0,0
0,0,0
0,0,0
0,0,0
0,0,0
0,0,0
0,0,0
0,0,0
0,0,0
0,0,0
0,0,0
0,0,0
0,0,0
0,0,0
0,0,0
0,0,0
0,0,0
0,0,0
0,0,0
0,0,0
0,0,0
0,0,0
0,0,0
0,0,0
0,0,0
0,0,0
0,0,0
0,0,0
0,0,0
0,0,0
0,0,0
0,0,0
0,0,0
0,0,0
0,0,0
0,0,0
0,0,0
0,0,0
0,0,0
0,0,0
0,0,0
0,0,0
0,0,0
0,0,0
0,0,0
0,0,0
0,0,0
0,0,0
0,0,0
0,0,0
0,0,0
0,0,0
0,0,0
0,0,0
0,0,0
0,0,0
0,0,0
0,0,0
0,0,0
0,0,0
0,0,0
0,0,0
0,0,0
0,0,0
0,0,0
0,0,0
0,0,0
0,0,0
0,0,0
0,0,0
0,0,0
0,0,0
0,0,0
0,0,0
0,0,0
0,0,0
0,0,0
0,0,0
0,0,0
0,0,0
0,0,0
0,0,0
0,0,0
0,0,0
0,0,0
0,0,0
0,0,0
0,0,0
0,0,0
0,0,0
0,0,0
0,0,0
0,0,0
0,0,0
0,0,0
0,0,0
0,0,0
0,0,0
0,0,0
0,0,0
0,0,0
0,0,0
0,0,0
0,0,0
0,0,0
0,0,0
0,0,0
0,0,0
0,0,0
0,0,0
0,0,0
0,0,0
0,0,0
0,0,0
0,0,0
0,0,0
0,0,0
0,0,0
0,0,0
0,0,0
0,0,0
0,0,0
0,0,0
0,0,0
0,0,0
0,0,0
0,0,0
0,0,0
0,0,0
0,0,0
0,0,0
0,0,0
0,0,0
0,0,0
0,0,0
0,0,0
0,0,0
0,0,0
0,0,0
0,0,0
0,0,0
0,0,0
0,0,0
0,0,0
0,0,0
0,0,0
0,0,0
0,0,0
0,0,0
0,0,0
0,0,0
0,0,0
0,0,0
0,0,0
0,0,0
0,0,0
0,0,0
0,0,0
0,0,0
0,0,0
0,0,0
0,0,0
0,0,0
0,0,0
0,0,0
0,0,0
0,0,0
0,0,0
0,0,0
0,0,0
0,0,0
0,0,0
0,0,0
0,0,0
0,0,0
0,0,0
0,0,0
0,0,0
0,0,0
0,0,0
0,0,0
0,0,0
0,0,0
0,0,0
0,0,0
0,0,0
0,0,0
0,0,0
0,0,0
2.06043,6.77609,-0.999774
2.09228,6.73214,-0.994987
2.13145,6.71257,-0.993972
2.16985,6.6909,-0.992666
2.209,6.67182,-0.991796
2.2423,6.63565,-0.988315
2.28426,6.6255,-0.988895
2.32651,6.61603,-0.98962
2.36807,6.60442,-0.990056
2.41024,6.59442,-0.990781
2.44893,6.57487,-0.990056
2.48502,6.54862,-0.988315
2.52516,6.53324,-0.988315
2.56954,6.52868,-0.990056
2.60918,6.51187,-0.989911
2.64648,6.48932,-0.988895
2.68738,6.4757,-0.98933
2.72707,6.45909,-0.98933
2.76938,6.4486,-0.990346
2.80098,6.41335,-0.987445
2.84028,6.39605,-0.987445
2.87947,6.3785,-0.987445
2.92721,6.3796,-0.990491
2.97425,6.37855,-0.993247
3.00782,6.34856,-0.991361
3.05444,6.34603,-0.993972
3.09202,6.32451,-0.993537
3.13341,6.31073,-0.994407
3.16806,6.28343,-0.993102
3.19844,6.24802,-0.990491
3.22988,6.21511,-0.988315
3.27488,6.2083,-0.990491
3.32224,6.20554,-0.993392
3.36073,6.18591,-0.993537
3.39194,6.15304,-0.991506
3.4248,6.12347,-0.990056
3.45499,6.08943,-0.98788
3.48933,6.06297,-0.98701
3.52646,6.04145,-0.98701
3.56346,6.0197,-0.98701
3.60084,5.99857,-0.987155
3.63501,5.97213,-0.986429
3.66691,5.94214,-0.985124
3.70435,5.9212,-0.985414
3.73585,5.89084,-0.984109
3.76657,5.85949,-0.982658
3.79489,5.82466,-0.980628
3.83002,5.80044,-0.980482
3.87214,5.7867,-0.982223
3.90257,5.75546,-0.980918
3.93726,5.73059,-0.980773
3.97913,5.71607,-0.982513
3.99816,5.6689,-0.978452
4.02482,5.63299,-0.976421
4.05177,5.59777,-0.974536
4.09072,5.57919,-0.975696
4.12487,5.55398,-0.975696
4.14995,5.5167,-0.97352
4.17593,5.4809,-0.971635
4.19317,5.43402,-0.967718
4.23313,5.41677,-0.969314
4.2669,5.39147,-0.969459
4.30052,5.36596,-0.969604
4.33087,5.3364,-0.969024
4.35662,5.30131,-0.967428
4.39223,5.27829,-0.968153
4.41434,5.23913,-0.965833
4.43356,5.19689,-0.962932
4.44855,5.15011,-0.959161
4.49244,5.13687,-0.961916
4.52388,5.10921,-0.961916
4.54194,5.06662,-0.959015
4.56363,5.0284,-0.956985
4.60109,5.00759,-0.958435
4.63443,4.98216,-0.959015
4.6622,4.95075,-0.958435
4.68634,4.9156,-0.95713
4.7226,4.89316,-0.958435
4.72488,4.83578,-0.952633
4.75099,4.80318,-0.951908
4.77057,4.76415,-0.949878
4.79478,4.72992,-0.948862
4.82513,4.7018,-0.949152
4.85318,4.67141,-0.949007
4.87745,4.63746,-0.948137
4.89283,4.59525,-0.945526
4.9086,4.5537,-0.94306
4.93937,4.52617,-0.943641
4.96412,4.49312,-0.94306
4.99233,4.46323,-0.943205
5.0085,4.42269,-0.94103
5.03703,4.39318,-0.94132
5.06164,4.36025,-0.940885
5.08529,4.32655,-0.940304
5.09735,4.28317,-0.937549
5.10983,4.24043,-0.934938
5.14723,4.21841,-0.937113
5.18225,4.19422,-0.938854
5.2187,4.17099,-0.940885
5.23643,4.13276,-0.939434
5.23906,4.08291,-0.935228
5.26245,4.04948,-0.934938
5.25332,3.99137,-0.928701
5.25714,3.94362,-0.924929
5.29952,3.92484,-0.928266
5.32191,3.89108,-0.927975
5.34167,3.85545,-0.92725
5.35959,3.81858,-0.926235
5.39991,3.79758,-0.929281
5.3906,3.7418,-0.923479
5.41999,3.71313,-0.924639
5.43284,3.67315,-0.922899
5.43305,3.62492,-0.918983
5.44115,3.58226,-0.916517
5.46385,3.54935,-0.916662
5.48553,3.51576,-0.916662
5.50867,3.48309,-0.916952
5.53833,3.45446,-0.918402
5.56785,3.4256,-0.919853
5.582,3.38726,-0.918692
5.57466,3.33618,-0.913906
5.58906,3.29839,-0.912891
5.60407,3.26105,-0.91202
5.6111,3.21921,-0.909845
5.64625,3.19349,-0.912455
5.645,3.14722,-0.908974
5.70148,3.13302,-0.915211
5.67623,3.07394,-0.907814
5.68801,3.03532,-0.906654
5.70915,3.00175,-0.907089
5.72922,2.96757,-0.907379
5.74291,2.93011,-0.906654
5.75813,2.89349,-0.906218
5.77666,2.85854,-0.906363
5.79321,2.82261,-0.906218
5.8006,2.7823,-0.904623
5.82651,2.75088,-0.906073
5.83162,2.70966,-0.904188
5.84813,2.67382,-0.904188
5.84368,2.62855,-0.900852
5.85427,2.59024,-0.899981
5.85554,2.54795,-0.897661
5.84013,2.49874,-0.892729
5.83894,2.45595,-0.890118
5.87676,2.42953,-0.893744
5.88972,2.39268,-0.893454
5.8951,2.35283,-0.892004
5.88916,2.30866,-0.888813
5.90876,2.27462,-0.889683
5.88281,2.22327,-0.883446
5.90562,2.19058,-0.884897
5.90779,2.15023,-0.883156
5.92926,2.11694,-0.884461
5.93933,2.07954,-0.884026
5.92297,2.03309,-0.87953
5.9344,1.9964,-0.879385
5.95311,1.96211,-0.8804
5.95657,1.92281,-0.879095
5.96071,1.88384,-0.877934
5.98633,1.85162,-0.88011
5.98811,1.81199,-0.878659
5.98583,1.77128,-0.876629
5.98994,1.73259,-0.875614
5.99284,1.69365,-0.874453
5.99167,1.65368,-0.872713
5.9912,1.61406,-0.871117
5.99908,1.57676,-0.870827
6.00193,1.5382,-0.869812
5.99878,1.49823,-0.867926
6.00016,1.45952,-0.866766
5.99938,1.42039,-0.865315
6.00123,1.382,-0.8643
6.02891,1.34948,-0.867201
6.02548,1.30993,-0.86546
6.04018,1.27437,-0.866476
6.01299,1.23014,-0.861254
6.02042,1.19322,-0.861254
6.01888,1.15458,-0.859948
6.02877,1.11817,-0.860384
6.02773,1.07976,-0.859223
6.02449,1.04106,-0.857773
6.01613,1.00164,-0.855597
6.02216,0.964704,-0.855597
6.03188,0.928338,-0.856177
6.04627,0.892611,-0.857483
6.05849,0.856466,-0.858498
6.05481,0.818082,-0.857193
6.05775,0.780662,-0.856902
6.07421,0.744925,-0.858643
6.06687,0.706265,-0.856902
6.05339,0.667072,-0.854292
6.06131,0.630326,-0.854872
6.06703,0.593316,-0.855162
6.07154,0.556169,-0.855307
6.08075,0.51941,-0.856177
6.09763,0.483187,-0.858208
6.10345,0.44598,-0.858643
6.08237,0.406932,-0.855162
6.06204,0.368219,-0.851826
6.05826,0.330692,-0.850955
6.0829,0.294618,-0.854292
6.08855,0.257457,-0.854872
6.0831,0.219842,-0.853856
6.08334,0.182482,-0.853711
6.08336,0.145129,-0.853566
6.08018,0.107728,-0.852986
6.04906,0.0700462,-0.848345
6.04344,0.0328951,-0.847474
6.03759,-0.00418441,-0.846604
6.05328,-0.0413354,-0.848925
6.05391,-0.0784895,-0.84907
6.04935,-0.115559,-0.84849
6.04457,-0.152576,-0.84791
6.02572,-0.189107,-0.845299
6.0116,-0.225597,-0.843413
6.00417,-0.262221,-0.842543
6.04197,-0.301019,-0.848345
6.041,-0.338141,-0.84849
6.03783,-0.37514,-0.848345
6.02653,-0.411576,-0.847039
6.01106,-0.447593,-0.845154
5.98552,-0.482643,-0.841818
5.98146,-0.519275,-0.841672
5.99392,-0.55743,-0.843993
5.99236,-0.594392,-0.844283
5.98958,-0.631253,-0.844428
5.98855,-0.668321,-0.844864
5.98728,-0.7054,-0.845299
5.97695,-0.741395,-0.844428
5.97228,-0.778055,-0.844428
5.99093,-0.817893,-0.84791
5.99559,-0.856034,-0.84936
6.00686,-0.895282,-0.851826
5.96899,-0.927118,-0.847039
5.95049,-0.961675,-0.845154
5.96107,-1.00095,-0.847619
5.95384,-1.03734,-0.847474
5.92205,-1.06929,-0.843703
5.91148,-1.10488,-0.843123
5.92499,-1.14507,-0.846169
5.87613,-1.17308,-0.839932
5.88627,-1.2127,-0.842543
5.87097,-1.24715,-0.841382
5.84194,-1.2785,-0.838191
5.86391,-1.32106,-0.842688
5.87883,-1.36237,-0.846169
5.79625,-1.38078,-0.835
5.81361,-1.42266,-0.838917
5.847,-1.46891,-0.845299
5.76985,-1.48723,-0.835
5.78931,-1.53019,-0.839352
5.79032,-1.56853,-0.840947
5.80061,-1.60958,-0.843993
5.76493,-1.63784,-0.840077
5.73862,-1.66849,-0.837611
5.75293,-1.711,-0.841382
5.74516,-1.74713,-0.841818
5.71921,-1.77765,-0.839497
5.69688,-1.80912,-0.837756
5.65556,-1.83428,-0.833115
5.63386,-1.86553,-0.831519
5.627,-1.90165,-0.832244
5.64235,-1.94548,-0.836451
5.60324,-1.97055,-0.832244
5.59104,-2.0049,-0.832244
5.59815,-2.0463,-0.83529
5.58085,-2.07888,-0.834565
5.56152,-2.11063,-0.83355
5.53923,-2.14115,-0.832099
5.52138,-2.17329,-0.831374
5.52264,-2.21301,-0.833695
5.50804,-2.24648,-0.83355
5.50329,-2.28403,-0.835
5.46183,-2.30621,-0.830649
5.40302,-2.32055,-0.823542
5.41317,-2.36435,-0.827458
5.41755,-2.40595,-0.830504
5.4108,-2.44281,-0.831809
5.39301,-2.47473,-0.831374
5.37773,-2.50777,-0.831374
5.34793,-2.53395,-0.829053
5.30999,-2.55599,-0.825427
5.31999,-2.60112,-0.829634
5.31988,-2.64163,-0.832244
5.30269,-2.67378,-0.832099
5.27649,-2.70131,-0.830504
5.27123,-2.73956,-0.832389
5.27008,-2.78016,-0.835
5.25728,-2.81478,-0.835726
5.23209,-2.84273,-0.83442
5.20155,-2.86762,-0.832244
5.19076,-2.90335,-0.833405
5.17285,-2.93514,-0.833405
5.14617,-2.96189,-0.831954
5.12961,-2.99441,-0.832244
5.11284,-3.02684,-0.832535
5.09332,-3.05764,-0.832389
5.07024,-3.08626,-0.831664
5.02089,-3.09862,-0.826443
5.00682,-3.13251,-0.827313
5.00756,-3.17589,-0.830794
4.98215,-3.20281,-0.829779
4.96157,-3.23278,-0.829634
4.93917,-3.26153,-0.829198
4.92729,-3.29727,-0.830649
4.88813,-3.31468,-0.827313
4.86035,-3.33957,-0.826007
4.83977,-3.36933,-0.826007
4.82143,-3.40067,-0.826443
4.80772,-3.43536,-0.827748
4.78014,-3.46016,-0.826588
4.74924,-3.48241,-0.824847
4.72302,-3.50794,-0.823977
4.70061,-3.53626,-0.823832
4.66466,-3.55425,-0.821221
4.64276,-3.5828,-0.821221
4.60198,-3.5966,-0.81774
4.57362,-3.61986,-0.816579
4.55595,-3.65157,-0.81745
4.52347,-3.67135,-0.815564
4.48557,-3.68648,-0.812663
4.46363,-3.71456,-0.812808
4.43091,-3.73359,-0.810923
4.39437,-3.74915,-0.808312
4.35631,-3.76311,-0.805411
4.33388,-3.79042,-0.805556
4.31498,-3.82088,-0.806426
4.31283,-3.86643,-0.810632
4.25165,-3.85892,-0.803235
4.23226,-3.88895,-0.804105
4.20397,-3.9108,-0.803235
4.17774,-3.93449,-0.8028
4.14922,-3.95595,-0.80193
4.13199,-3.98821,-0.80338
4.11664,-4.02247,-0.805266
4.08344,-4.03931,-0.803525
4.04669,-4.05239,-0.801059
4.01967,-4.07503,-0.800624
3.99597,-4.10103,-0.800914
3.9673,-4.12191,-0.800189
3.94398,-4.14833,-0.800624
3.90625,-4.15947,-0.798013
3.87931,-4.18191,-0.797723
3.8509,-4.20272,-0.797143
3.82637,-4.22773,-0.797433
3.81091,-4.26293,-0.799754
3.76307,-4.26176,-0.794967
3.72514,-4.27135,-0.792357
3.70274,-4.29863,-0.793227
3.6609,-4.30318,-0.789746
3.62679,-4.31648,-0.788005
3.57432,-4.30744,-0.782058
3.55849,-4.34229,-0.784524
3.54423,-4.37943,-0.787425
3.52594,-4.41191,-0.789456
3.50923,-4.44666,-0.791921
3.4545,-4.433,-0.785394
3.42905,-4.45646,-0.785829
3.39026,-4.46245,-0.783074
3.36638,-4.48792,-0.783944
3.33112,-4.49815,-0.782058
3.32157,-4.54327,-0.786555
3.28147,-4.54672,-0.783509
3.23398,-4.53937,-0.778577
3.19867,-4.54861,-0.776691
3.17578,-4.57546,-0.777997
3.15883,-4.61119,-0.780898
3.12715,-4.62556,-0.780028
3.11024,-4.66195,-0.783074
3.06471,-4.65533,-0.778577
3.0501,-4.69562,-0.782348
3.01002,-4.69675,-0.779302
2.96581,-4.69088,-0.775096
2.92125,-4.68381,-0.770745
2.89713,-4.70923,-0.77205
2.8692,-4.72861,-0.77234
2.84522,-4.75461,-0.773791
2.81901,-4.77709,-0.774661
2.79263,-4.79943,-0.775531
2.75279,-4.79846,-0.772485
2.71891,-4.80751,-0.77118
2.7043,-4.85089,-0.775676
2.65971,-4.84051,-0.77118
2.62854,-4.85413,-0.770745
2.60849,-4.88849,-0.773791
2.58213,-4.91141,-0.774951
2.54649,-4.91662,-0.77321
2.51582,-4.93127,-0.773065
2.47441,-4.92452,-0.769439
2.44283,-4.93695,-0.769004
2.40642,-4.93939,-0.766973
2.37863,-4.95942,-0.767844
2.34478,-4.96676,-0.766683
2.31301,-4.97836,-0.766248
2.27665,-4.97987,-0.764217
2.24321,-4.98743,-0.763202
2.21177,-4.99929,-0.762912
2.18618,-5.02456,-0.764798
2.15025,-5.02605,-0.762912
2.12858,-5.06104,-0.766393
2.09522,-5.06852,-0.765523
2.06743,-5.08953,-0.766828
2.03727,-5.10487,-0.767263
1.99615,-5.09241,-0.763347
1.97731,-5.13688,-0.768424
1.93456,-5.1193,-0.763782
1.90827,-5.14498,-0.765958
1.8875,-5.18635,-0.770599
1.85498,-5.19597,-0.770309
1.80834,-5.16523,-0.763782
1.77629,-5.17529,-0.763637
1.74956,-5.2011,-0.765958
1.71947,-5.21737,-0.766828
1.69655,-5.25607,-0.77118
1.66426,-5.26638,-0.77118
1.6249,-5.25381,-0.767699
1.58804,-5.24853,-0.765378
1.54878,-5.23446,-0.761752
1.50728,-5.21155,-0.75682
1.47555,-5.22165,-0.756965
1.43979,-5.21726,-0.754934
1.40956,-5.23268,-0.75595
1.37969,-5.24984,-0.757255
1.34868,-5.263,-0.75798
1.31876,-5.28078,-0.759431
1.27533,-5.24358,-0.752614
1.24587,-5.26286,-0.754354
0,0,0
0,0,0
0,0,0
0,0,0
0,0,0
0,0,0
0,0,0
0,0,0
0,0,0
0,0,0
0,0,0
0,0,0
0,0,0
0,0,0
0,0,0
0,0,0
0,0,0
0,0,0
0,0,0
0,0,0
0,0,0
0,0,0
0,0,0
0,0,0
0,0,0
0,0,0
0,0,0
0,0,0
0,0,0
0,0,0
0,0,0
0,0,0
0,0,0
0,0,0
0,0,0
0,0,0
0,0,0
0,0,0
0,0,0
0,0,0
0,0,0
0,0,0
0,0,0
0,0,0
0,0,0
0,0,0
0,0,0
0,0,0
0,0,0
0,0,0
0,0,0
0,0,0
0,0,0
0,0,0
0,0,0
0,0,0
0,0,0
0,0,0
0,0,0
0,0,0
0,0,0
0,0,0
0,0,0
0,0,0
0,0,0
0,0,0
0,0,0
0,0,0
0,0,0
0,0,0
0,0,0
0,0,0
0,0,0
0,0,0
0,0,0
0,0,0
0,0,0
0,0,0
0,0,0
0,0,0
0,0,0
0,0,0
0,0,0
0,0,0
0,0,0
0,0,0
0,0,0
0,0,0
0,0,0
0,0,0
0,0,0
0,0,0
0,0,0
0,0,0
0,0,0
0,0,0
0,0,0
0,0,0
0,0,0
0,0,0
0,0,0
0,0,0
0,0,0
0,0,0
0,0,0
0,0,0
0,0,0
0,0,0
0,0,0
0,0,0
0,0,0
0,0,0
0,0,0
0,0,0
0,0,0
0,0,0
0,0,0
0,0,0
0,0,0
0,0,0
0,0,0
0,0,0
0,0,0
0,0,0
0,0,0
0,0,0
0,0,0
0,0,0
0,0,0
0,0,0
0,0,0
0,0,0
0,0,0
0,0,0
0,0,0
0,0,0
0,0,0
0,0,0
0,0,0
0,0,0
0,0,0
0,0,0
0,0,0
0,0,0
0,0,0
0,0,0
0,0,0
0,0,0
0,0,0
0,0,0
0,0,0
0,0,0
0,0,0
0,0,0
0,0,0
0,0,0
0,0,0
0,0,0
0,0,0
0,0,0
0,0,0
0,0,0
0,0,0
0,0,0
0,0,0
0,0,0
0,0,0
0,0,0
0,0,0
0,0,0
0,0,0
0,0,0
0,0,0
0,0,0
0,0,0
0,0,0
0,0,0
0,0,0
0,0,0
0,0,0
0,0,0
0,0,0
0,0,0
0,0,0
0,0,0
0,0,0
0,0,0
0,0,0
0,0,0
0,0,0
0,0,0
0,0,0
0,0,0
0,0,0
0,0,0
0,0,0
0,0,0
0,0,0
0,0,0
0,0,0
0,0,0
0,0,0
0,0,0
0,0,0
0,0,0
0,0,0
0,0,0
0,0,0
0,0,0
0,0,0
0,0,0
0,0,0
0,0,0
0,0,0
0,0,0
0,0,0
0,0,0
0,0,0
0,0,0
0,0,0
0,0,0
0,0,0
0,0,0
0,0,0
0,0,0
0,0,0
0,0,0
0,0,0
0,0,0
0,0,0
0,0,0
0,0,0
0,0,0
0,0,0
0,0,0
0,0,0
0,0,0
0,0,0
0,0,0
0,0,0
0,0,0
0,0,0
0,0,0
0,0,0
0,0,0
0,0,0
0,0,0
0,0,0
0,0,0
0,0,0
0,0,0
0,0,0
0,0,0
0,0,0
0,0,0
0,0,0
0,0,0
0,0,0
0,0,0
0,0,0
0,0,0
0,0,0
0,0,0
0,0,0
0,0,0
0,0,0
0,0,0
0,0,0
0,0,0
0,0,0
0,0,0
0,0,0
0,0,0
0,0,0
0,0,0
0,0,0
0,0,0
0,0,0
0,0,0
0,0,0
0,0,0
0,0,0
0,0,0
0,0,0
0,0,0
0,0,0
0,0,0
0,0,0
0,0,0
0,0,0
0,0,0
0,0,0
0,0,0
0,0,0
0,0,0
0,0,0
0,0,0
0,0,0
0,0,0
0,0,0
0,0,0
0,0,0
0,0,0
0,0,0
0,0,0
0,0,0
0,0,0
0,0,0
0,0,0
0,0,0
0,0,0
0,0,0
0,0,0
0,0,0
0,0,0
0,0,0
0,0,0
0,0,0
0,0,0
0,0,0
0,0,0
0,0,0
0,0,0
0,0,0
0,0,0
0,0,0
0,0,0
0,0,0
0,0,0
0,0,0
0,0,0
0,0,0
0,0,0
0,0,0
0,0,0
0,0,0
0,0,0
0,0,0
0,0,0
0,0,0
0,0,0
0,0,0
0,0,0
0,0,0
0,0,0
0,0,0
0,0,0
0,0,0
0,0,0
0,0,0
0,0,0
0,0,0
0,0,0
0,0,0
0,0,0
0,0,0
0,0,0
0,0,0
0,0,0
0,0,0
0,0,0
0,0,0
0,0,0
0,0,0
0,0,0
0,0,0
0,0,0
0,0,0
0,0,0
0,0,0
0,0,0
0,0,0
0,0,0
0,0,0
0,0,0
0,0,0
0,0,0
0,0,0
0,0,0
0,0,0
0,0,0
0,0,0
0,0,0
0,0,0
0,0,0
0,0,0
0,0,0
0,0,0
0,0,0
0,0,0
0,0,0
0,0,0
0,0,0
0,0,0
0,0,0
0,0,0
0,0,0
0,0,0
0,0,0
0,0,0
0,0,0
0,0,0
0,0,0
0,0,0
0,0,0
0,0,0
0,0,0
0,0,0
0,0,0
0,0,0
0,0,0
0,0,0
0,0,0
0,0,0
0,0,0
0,0,0
0,0,0
0,0,0
0,0,0
0,0,0
0,0,0
0,0,0
0,0,0
0,0,0
0,0,0
0,0,0
0,0,0
0,0,0
0,0,0
0,0,0
0,0,0
0,0,0
0,0,0
0,0,0
0,0,0
0,0,0
0,0,0
0,0,0
0,0,0
0,0,0
0,0,0
0,0,0
0,0,0
0,0,0
0,0,0
0,0,0
0,0,0
0,0,0
0,0,0
0,0,0
0,0,0
0,0,0
0,0,0
0,0,0
0,0,0
0,0,0
0,0,0
0,0,0
0,0,0
0,0,0
0,0,0
0,0,0
0,0,0
0,0,0
0,0,0
0,0,0
0,0,0
0,0,0
0,0,0
0,0,0
0,0,0
0,0,0
0,0,0
0,0,0
0,0,0
0,0,0
0,0,0
0,0,0
0,0,0
0,0,0
0,0,0
0,0,0
0,0,0
0,0,0
0,0,0
0,0,0
0,0,0
0,0,0
0,0,0
0,0,0
0,0,0
0,0,0
0,0,0
0,0,0
0,0,0
0,0,0
0,0,0
0,0,0
0,0,0
0,0,0
0,0,0
0,0,0
0,0,0
0,0,0
0,0,0
0,0,0
0,0,0
0,0,0
0,0,0
0,0,0
0,0,0
0,0,0
0,0,0
0,0,0
0,0,0
0,0,0
0,0,0
0,0,0
0,0,0
0,0,0
0,0,0
0,0,0
0,0,0
0,0,0
0,0,0
0,0,0
0,0,0
0,0,0
0,0,0
0,0,0
0,0,0
0,0,0
0,0,0
0,0,0
0,0,0
0,0,0
0,0,0
0,0,0
0,0,0
0,0,0
0,0,0
0,0,0
0,0,0
0,0,0
0,0,0
0,0,0
0,0,0
0,0,0
0,0,0
0,0,0
0,0,0
0,0,0
0,0,0
0,0,0
0,0,0
0,0,0
0,0,0
0,0,0
0,0,0
0,0,0
0,0,0
0,0,0
0,0,0
0,0,0
0,0,0
0,0,0
0,0,0
0,0,0
0,0,0
0,0,0
0,0,0
0,0,0
0,0,0
0,0,0
0,0,0
0,0,0
0,0,0
0,0,0
0,0,0
0,0,0
0,0,0
0,0,0
0,0,0
0,0,0
0,0,0
0,0,0
2.08981,6.19431,-0.999064
2.11074,6.13188,-0.990754
2.15585,6.14024,-0.99436
2.18416,6.10087,-0.98997
2.21478,6.06879,-0.986835
2.25645,6.06712,-0.988873
2.30134,6.07348,-0.992322
2.35101,6.09149,-0.997809
2.37859,6.05214,-0.993576
2.43292,6.08052,-1.00094
2.44969,6.01517,-0.992322
2.46198,5.94073,-0.982131
2.51603,5.96737,-0.989343
2.5526,5.95182,-0.989343
2.57644,5.90708,-0.984326
2.62665,5.92276,-0.989814
2.65766,5.89482,-0.987776
2.69831,5.88828,-0.9895
2.73189,5.86624,-0.988559
2.76614,5.8458,-0.987932
2.80281,5.8305,-0.988246
2.83117,5.7981,-0.985581
2.86099,5.76912,-0.983542
2.89633,5.75145,-0.983542
2.93516,5.74061,-0.984797
2.96715,5.71636,-0.983699
2.99756,5.6893,-0.982131
3.03381,5.67342,-0.982602
3.06574,5.64949,-0.981661
3.09892,5.62797,-0.981191
3.12809,5.59937,-0.979466
3.16336,5.58179,-0.97978
3.20149,5.56912,-0.981034
3.23312,5.54511,-0.98025
3.26557,5.52262,-0.97978
3.29482,5.49485,-0.978369
3.32181,5.46356,-0.976331
3.35216,5.43803,-0.97539
3.38284,5.41317,-0.974606
3.41705,5.39398,-0.97492
3.44421,5.36378,-0.973195
3.48191,5.34999,-0.974606
3.50869,5.31946,-0.972881
3.54236,5.29947,-0.973195
3.5737,5.276,-0.972881
3.6088,5.25804,-0.973665
3.6348,5.22688,-0.971941
3.65599,5.18914,-0.968962
3.68374,5.16098,-0.967865
3.71245,5.13428,-0.967081
3.74913,5.11858,-0.968492
3.784,5.10024,-0.969432
3.80454,5.06271,-0.96661
3.82417,5.02434,-0.963632
3.85433,5,-0.963475
3.88128,4.97158,-0.962534
3.92336,4.96239,-0.965513
3.94138,4.92281,-0.962377
3.96654,4.8924,-0.961123
3.99084,4.86109,-0.959712
4.00418,4.81677,-0.955636
4.03366,4.79211,-0.955636
4.0758,4.7823,-0.958771
4.09797,4.74898,-0.957047
4.11598,4.7111,-0.954382
4.14874,4.6902,-0.955322
4.17217,4.65877,-0.954068
4.19271,4.6243,-0.952187
4.22301,4.60067,-0.952657
4.25116,4.57467,-0.952657
4.27848,4.54778,-0.9525
4.30698,4.52216,-0.952657
4.32505,4.48569,-0.950462
4.35594,4.4626,-0.951246
4.36727,4.41964,-0.94764
4.3999,4.39834,-0.948894
4.42048,4.36502,-0.947483
4.44859,4.33919,-0.947797
4.46944,4.30633,-0.946543
4.4872,4.27065,-0.944661
4.50036,4.23087,-0.941839
4.5219,4.19914,-0.940899
4.54175,4.16597,-0.939644
4.55332,4.12543,-0.936665
4.5918,4.10927,-0.939488
4.61249,4.07709,-0.938547
4.63221,4.04417,-0.937449
4.64572,4.00599,-0.935098
4.67472,3.98126,-0.936038
4.69528,3.94932,-0.935254
4.7217,3.92233,-0.935725
4.74645,3.89391,-0.935882
4.76488,3.86036,-0.934784
4.77459,3.81995,-0.931962
4.79407,3.78752,-0.931178
4.81955,3.75985,-0.931649
4.82766,3.71876,-0.92867
4.86454,3.69983,-0.931492
4.88241,3.66635,-0.930551
4.90006,3.6328,-0.92961
4.88001,3.57175,-0.921301
4.90184,3.54174,-0.921301
4.94197,3.52478,-0.924907
4.94978,3.48473,-0.922242
4.96458,3.44978,-0.920988
4.97995,3.41535,-0.91989
4.97873,3.36978,-0.915657
5.00342,3.34191,-0.916441
5.01476,3.30517,-0.914716
5.02501,3.26788,-0.912835
5.05161,3.24125,-0.914089
5.08476,3.21864,-0.916598
5.11028,3.19104,-0.917695
5.12303,3.15548,-0.916441
5.11275,3.10604,-0.910954
5.13341,3.07563,-0.911267
5.15219,3.04407,-0.911267
5.16991,3.01191,-0.91111
5.20371,2.98898,-0.913933
5.20563,2.94775,-0.910954
5.20723,2.90661,-0.907975
5.20247,2.86223,-0.903899
5.22514,2.83308,-0.904839
5.25027,2.80515,-0.90625
5.2464,2.76184,-0.902488
5.27377,2.73505,-0.904369
5.29573,2.70534,-0.90531
5.31223,2.67279,-0.90531
5.33384,2.64278,-0.90625
5.31267,2.59182,-0.899666
5.34717,2.56815,-0.902958
5.37087,2.53909,-0.904369
5.38814,2.50692,-0.904683
5.41779,2.48039,-0.907191
5.40679,2.43534,-0.902644
5.44782,2.41372,-0.907191
5.45619,2.37748,-0.906094
5.4389,2.33035,-0.900606
5.4267,2.28581,-0.89606
5.43423,2.24983,-0.894962
5.43513,2.21123,-0.892767
5.45134,2.17894,-0.893238
5.49127,2.15592,-0.897784
5.49057,2.11685,-0.895433
5.49792,2.08103,-0.894492
5.52169,2.05138,-0.896373
5.53232,2.01679,-0.89606
5.54552,1.98313,-0.896216
5.52217,1.93665,-0.890259
5.5078,1.89374,-0.885869
5.50808,1.85613,-0.883988
5.52499,1.82415,-0.884928
5.5342,1.78961,-0.884615
5.55638,1.7592,-0.886496
5.58122,1.72945,-0.888848
5.58416,1.69288,-0.887594
5.56888,1.65101,-0.883361
5.57606,1.61598,-0.88289
5.58492,1.58147,-0.882733
5.55835,1.53717,-0.876776
5.58007,1.50638,-0.878814
5.55291,1.46256,-0.872856
5.58091,1.43337,-0.875992
5.61931,1.40653,-0.880852
5.61152,1.36805,-0.878187
5.61788,1.33314,-0.877873
5.6173,1.29664,-0.876462
5.61648,1.26021,-0.875051
5.61542,1.22383,-0.87364
5.60253,1.18506,-0.870348
5.59712,1.14808,-0.86831
5.575,1.10794,-0.863606
5.59139,1.07558,-0.865174
5.59788,1.04125,-0.865174
5.61875,1.0095,-0.867526
5.60926,0.972311,-0.865017
5.64338,0.942591,-0.869564
5.65588,0.909043,-0.870661
5.64671,0.872062,-0.86831
5.57086,0.825389,-0.855297
5.61592,0.796878,-0.861725
5.6021,0.759883,-0.858746
5.63409,0.729042,-0.863136
5.5963,0.689269,-0.856395
5.60533,0.655491,-0.857178
5.61612,0.621846,-0.858276
5.61001,0.586348,-0.856708
5.61645,0.552205,-0.857178
5.61973,0.517732,-0.857178
5.63166,0.484001,-0.858589
5.64732,0.450457,-0.860628
5.63619,0.414783,-0.858433
5.65636,0.381387,-0.861255
5.63888,0.345466,-0.858119
5.64583,0.311132,-0.858903
5.64467,0.276339,-0.858433
5.64231,0.24153,-0.857806
5.6427,0.206869,-0.857649
5.64189,0.172182,-0.857335
5.60236,0.136577,-0.850907
5.61198,0.10236,-0.852318
5.59769,0.0677456,-0.849967
5.59207,0.0333626,-0.849026
5.63958,-0.000961711,-0.856551
5.62169,-0.0354521,-0.853729
5.61544,-0.0698714,-0.852789
5.60207,-0.104086,-0.85075
5.58059,-0.137944,-0.847458
5.58655,-0.172397,-0.848556
5.58933,-0.206819,-0.849183
5.5998,-0.241622,-0.851064
5.5844,-0.275295,-0.848869
5.57373,-0.309063,-0.847458
5.57173,-0.343257,-0.847458
5.57938,-0.378106,-0.849026
5.58877,-0.413208,-0.850907
5.59597,-0.448282,-0.852475
5.57934,-0.48142,-0.85028
5.58907,-0.516828,-0.852318
5.62019,-0.554509,-0.857806
5.56364,-0.583417,-0.849339
5.56683,-0.618308,-0.850437
5.5031,-0.645432,-0.840873
5.55294,-0.685848,-0.849496
5.56038,-0.721433,-0.851378
5.5216,-0.750877,-0.84589
5.556,-0.790309,-0.852161
5.55202,-0.82453,-0.852318
5.55271,-0.859488,-0.853259
5.55026,-0.894014,-0.853729
5.50376,-0.921203,-0.847145
5.50092,-0.955463,-0.847615
5.48815,-0.987973,-0.846517
5.47131,-1.01964,-0.844793
5.46883,-1.05394,-0.84542
5.46807,-1.08863,-0.846361
5.47193,-1.12435,-0.848085
5.44174,-1.15299,-0.844323
5.40947,-1.18088,-0.840246
5.45705,-1.2264,-0.849183
5.45327,-1.26075,-0.84981
5.44159,-1.29327,-0.849183
5.40765,-1.32031,-0.84495
5.37549,-1.34746,-0.84103
5.36617,-1.38017,-0.840873
5.37861,-1.41861,-0.844323
5.35455,-1.44746,-0.841814
5.36841,-1.48662,-0.845577
5.36869,-1.52223,-0.847145
5.31372,-1.54192,-0.839619
5.33919,-1.5849,-0.84542
5.27928,-1.60243,-0.837111
5.27783,-1.63742,-0.838522
5.19331,-1.64619,-0.826136
5.26956,-1.70602,-0.84056
5.25805,-1.73801,-0.840403
5.26788,-1.77719,-0.843852
5.21578,-1.79533,-0.836954
5.18137,-1.81912,-0.833034
5.20452,-1.8632,-0.838835
5.18464,-1.89205,-0.837424
5.20533,-1.93588,-0.842911
5.18596,-1.96498,-0.841657
5.15815,-1.99072,-0.838992
5.14492,-2.02197,-0.838835
5.13333,-2.05387,-0.838992
5.11057,-2.08123,-0.837267
5.07033,-2.1012,-0.832564
5.05734,-2.13227,-0.832564
5.05052,-2.16599,-0.833662
5.03713,-2.19694,-0.833662
5.04071,-2.23541,-0.83664
5.0305,-2.26792,-0.837267
5.01021,-2.29587,-0.83617
5.00319,-2.3299,-0.837424
4.9888,-2.36056,-0.837424
4.97155,-2.38984,-0.836954
4.92751,-2.406,-0.83178
4.93477,-2.44716,-0.8357
4.92936,-2.48228,-0.837424
4.9114,-2.51113,-0.836954
4.89064,-2.53849,-0.836013
4.88721,-2.57489,-0.838208
4.85041,-2.59365,-0.834445
4.8535,-2.63373,-0.837895
4.83379,-2.66156,-0.837267
4.81737,-2.69116,-0.837267
4.80678,-2.72408,-0.838365
4.78398,-2.75008,-0.837267
4.74398,-2.76595,-0.833034
4.73117,-2.79752,-0.833818
4.71815,-2.82904,-0.834602
4.69396,-2.85383,-0.833348
4.6814,-2.88568,-0.834289
4.65356,-2.90807,-0.832407
4.6398,-2.93922,-0.833191
4.64411,-2.98204,-0.837424
4.60586,-2.99755,-0.833662
4.56347,-3.00998,-0.829115
4.55149,-3.04232,-0.830369
4.52456,-3.06465,-0.828801
4.5472,-3.12086,-0.836797
4.50201,-3.13065,-0.83178
4.49645,-3.16789,-0.834445
4.46888,-3.18968,-0.832878
4.45563,-3.22167,-0.834132
4.42144,-3.23845,-0.83131
4.41973,-3.27905,-0.834916
4.39637,-3.30373,-0.834289
4.37365,-3.32885,-0.833818
4.32655,-3.33512,-0.828488
4.30056,-3.35735,-0.82739
4.28065,-3.38429,-0.827547
4.26289,-3.41296,-0.828174
4.22729,-3.42723,-0.825195
4.19473,-3.44371,-0.822844
4.17732,-3.47254,-0.823628
4.14989,-3.49302,-0.822373
4.11711,-3.5088,-0.820022
4.0798,-3.52045,-0.816729
4.06928,-3.55516,-0.819081
4.04517,-3.5781,-0.818611
4.01798,-3.59824,-0.817513
4.00095,-3.62747,-0.818611
3.9808,-3.65396,-0.819081
3.95831,-3.67831,-0.819081
3.92559,-3.69306,-0.816886
3.89142,-3.70618,-0.814378
3.85083,-3.71284,-0.810458
3.83504,-3.7433,-0.812026
3.8387,-3.79314,-0.817984
3.81186,-3.81313,-0.8172
3.7752,-3.8231,-0.814221
3.73857,-3.83276,-0.811242
3.7006,-3.84069,-0.80795
3.68037,-3.8669,-0.808734
3.65657,-3.88941,-0.808734
3.64204,-3.9219,-0.810929
3.61457,-3.94054,-0.810145
3.58635,-3.95825,-0.809204
3.55607,-3.97356,-0.807793
3.53881,-4.00344,-0.809518
3.49534,-4.0035,-0.804971
3.43653,-3.98523,-0.796662
3.4133,-4.00775,-0.796975
3.41216,-4.05658,-0.802776
3.38531,-4.07516,-0.802306
3.36087,-4.09662,-0.802462
3.32946,-4.10949,-0.800895
3.31343,-4.14141,-0.803246
3.26286,-4.12989,-0.796818
3.27086,-4.19266,-0.805441
3.22398,-4.18527,-0.799954
3.1821,-4.18375,-0.795721
3.17772,-4.23162,-0.801365
3.14758,-4.24549,-0.800268
3.05906,-4.17944,-0.783492
3.07789,-4.25978,-0.795564
3.04883,-4.27456,-0.79478
2.99696,-4.25685,-0.787725
2.99445,-4.30922,-0.79431
2.92718,-4.26805,-0.782865
2.92806,-4.32601,-0.790547
2.88336,-4.31679,-0.785374
2.85519,-4.33193,-0.784903
2.84632,-4.37669,-0.790077
2.83915,-4.42483,-0.795878
2.79874,-4.42131,-0.791958
2.76057,-4.4208,-0.788666
2.72822,-4.42925,-0.787098
2.68919,-4.42649,-0.783492
2.65589,-4.43274,-0.781611
2.64422,-4.47531,-0.786471
2.60527,-4.47183,-0.782865
2.59451,-4.51685,-0.788196
2.55896,-4.51893,-0.785687
2.5437,-4.55697,-0.789763
2.50427,-4.55172,-0.786001
2.45087,-4.52012,-0.777535
2.41518,-4.52026,-0.774869
2.42558,-4.60753,-0.787882
2.37317,-4.57586,-0.779573
2.34954,-4.59913,-0.781141
2.3155,-4.60199,-0.779102
2.27977,-4.60107,-0.776437
2.26751,-4.64781,-0.782238
2.22741,-4.6376,-0.778005
2.19469,-4.64225,-0.776437
2.18491,-4.69593,-0.783492
2.1503,-4.69667,-0.781297
2.11252,-4.68997,-0.777848
2.0945,-4.72722,-0.782081
2.06783,-4.74542,-0.783022
2.03906,-4.75892,-0.783179
1.99717,-4.74131,-0.778005
1.94991,-4.70967,-0.77048
1.92023,-4.71972,-0.770166
1.89527,-4.7415,-0.771891
1.87408,-4.77327,-0.77534
1.8444,-4.78375,-0.775183
1.80977,-4.78112,-0.772831
1.79037,-4.81899,-0.777378
1.75367,-4.8104,-0.774085
1.7291,-4.83502,-0.776437
1.70365,-4.85765,-0.778475
1.669,-4.854,-0.776124
1.64391,-4.87819,-0.778475
1.60993,-4.87599,-0.776437
1.57177,-4.86041,-0.772204
1.53477,-4.84736,-0.768441
1.49915,-4.83782,-0.765306
1.47946,-4.88001,-0.770793
1.44444,-4.87195,-0.767971
1.41699,-4.88926,-0.769382
1.38697,-4.89786,-0.769382
1.35584,-4.90247,-0.768755
1.32419,-4.90498,-0.767814
1.29155,-4.90346,-0.766246
1.26561,-4.92755,-0.768912
1.24039,-4.95535,-0.772204
1.21066,-4.96574,-0.772674
1.17698,-4.95963,-0.77048
1.14675,-4.96772,-0.770636
1.1156,-4.97177,-0.770166
1.08675,-4.98624,-0.77142
1.05961,-5.00924,-0.774085
1.03361,-5.03887,-0.777848
0,0,0
0,0,0
0,0,0
0,0,0
0,0,0
0,0,0
0,0,0
0,0,0
0,0,0
0,0,0
0,0,0
0,0,0
0,0,0
0,0,0
0,0,0
0,0,0
0,0,0
0,0,0
0,0,0
0,0,0
0,0,0
0,0,0
0,0,0
0,0,0
0,0,0
0,0,0
0,0,0
0,0,0
0,0,0
0,0,0
0,0,0
0,0,0
0,0,0
0,0,0
0,0,0
0,0,0
0,0,0
0,0,0
0,0,0
0,0,0
0,0,0
0,0,0
0,0,0
0,0,0
0,0,0
0,0,0
0,0,0
0,0,0
0,0,0
0,0,0
0,0,0
0,0,0
0,0,0
0,0,0
0,0,0
0,0,0
0,0,0
0,0,0
0,0,0
0,0,0
0,0,0
0,0,0
0,0,0
0,0,0
0,0,0
0,0,0
0,0,0
0,0,0
0,0,0
0,0,0
0,0,0
0,0,0
0,0,0
0,0,0
0,0,0
0,0,0
0,0,0
0,0,0
0,0,0
0,0,0
0,0,0
0,0,0
0,0,0
0,0,0
0,0,0
0,0,0
0,0,0
0,0,0
0,0,0
0,0,0
0,0,0
0,0,0
0,0,0
0,0,0
0,0,0
0,0,0
0,0,0
0,0,0
0,0,0
0,0,0
0,0,0
0,0,0
0,0,0
0,0,0
0,0,0
0,0,0
0,0,0
0,0,0
0,0,0
0,0,0
0,0,0
0,0,0
0,0,0
0,0,0
0,0,0
0,0,0
0,0,0
0,0,0
0,0,0
0,0,0
0,0,0
0,0,0
0,0,0
0,0,0
0,0,0
0,0,0
0,0,0
0,0,0
0,0,0
0,0,0
0,0,0
0,0,0
0,0,0
0,0,0
0,0,0
0,0,0
0,0,0
0,0,0
0,0,0
0,0,0
0,0,0
0,0,0
0,0,0
0,0,0
0,0,0
0,0,0
0,0,0
0,0,0
0,0,0
0,0,0
0,0,0
0,0,0
0,0,0
0,0,0
0,0,0
0,0,0
0,0,0
0,0,0
0,0,0
0,0,0
0,0,0
0,0,0
0,0,0
0,0,0
0,0,0
0,0,0
0,0,0
0,0,0
0,0,0
0,0,0
0,0,0
0,0,0
0,0,0
0,0,0
0,0,0
0,0,0
0,0,0
0,0,0
0,0,0
0,0,0
0,0,0
0,0,0
0,0,0
0,0,0
0,0,0
0,0,0
0,0,0
0,0,0
0,0,0
0,0,0
0,0,0
0,0,0
0,0,0
0,0,0
0,0,0
0,0,0
0,0,0
0,0,0
0,0,0
0,0,0
0,0,0
0,0,0
0,0,0
0,0,0
0,0,0
0,0,0
0,0,0
0,0,0
0,0,0
0,0,0
0,0,0
0,0,0
0,0,0
0,0,0
0,0,0
0,0,0
0,0,0
0,0,0
0,0,0
0,0,0
0,0,0
0,0,0
0,0,0
0,0,0
0,0,0
0,0,0
0,0,0
0,0,0
0,0,0
0,0,0
0,0,0
0,0,0
0,0,0
0,0,0
0,0,0
0,0,0
0,0,0
0,0,0
0,0,0
0,0,0
0,0,0
0,0,0
0,0,0
0,0,0
0,0,0
0,0,0
0,0,0
0,0,0
0,0,0
0,0,0
0,0,0
0,0,0
0,0,0
0,0,0
0,0,0
0,0,0
0,0,0
0,0,0
0,0,0
0,0,0
0,0,0
0,0,0
0,0,0
0,0,0
0,0,0
0,0,0
0,0,0
0,0,0
0,0,0
0,0,0
0,0,0
0,0,0
0,0,0
0,0,0
0,0,0
0,0,0
0,0,0
0,0,0
0,0,0
0,0,0
0,0,0
0,0,0
0,0,0
0,0,0
0,0,0
0,0,0
0,0,0
0,0,0
0,0,0
0,0,0
0,0,0
0,0,0
0,0,0
0,0,0
0,0,0
0,0,0
0,0,0
0,0,0
0,0,0
0,0,0
0,0,0
0,0,0
0,0,0
0,0,0
0,0,0
0,0,0
0,0,0
0,0,0
0,0,0
0,0,0
0,0,0
0,0,0
0,0,0
0,0,0
0,0,0
0,0,0
0,0,0
0,0,0
0,0,0
0,0,0
0,0,0
0,0,0
0,0,0
0,0,0
0,0,0
0,0,0
0,0,0
0,0,0
0,0,0
0,0,0
0,0,0
0,0,0
0,0,0
0,0,0
0,0,0
0,0,0
0,0,0
0,0,0
0,0,0
0,0,0
0,0,0
0,0,0
0,0,0
0,0,0
0,0,0
0,0,0
0,0,0
0,0,0
0,0,0
0,0,0
0,0,0
0,0,0
0,0,0
0,0,0
0,0,0
0,0,0
0,0,0
0,0,0
0,0,0
0,0,0
0,0,0
0,0,0
0,0,0
0,0,0
0,0,0
0,0,0
0,0,0
0,0,0
0,0,0
0,0,0
0,0,0
0,0,0
0,0,0
0,0,0
0,0,0
0,0,0
0,0,0
0,0,0
0,0,0
0,0,0
0,0,0
0,0,0
0,0,0
0,0,0
0,0,0
0,0,0
0,0,0
0,0,0
0,0,0
0,0,0
0,0,0
0,0,0
0,0,0
0,0,0
0,0,0
0,0,0
0,0,0
0,0,0
0,0,0
0,0,0
0,0,0
0,0,0
0,0,0
0,0,0
0,0,0
0,0,0
0,0,0
0,0,0
0,0,0
0,0,0
0,0,0
0,0,0
0,0,0
0,0,0
0,0,0
0,0,0
0,0,0
0,0,0
0,0,0
0,0,0
0,0,0
0,0,0
0,0,0
0,0,0
0,0,0
0,0,0
0,0,0
0,0,0
0,0,0
0,0,0
0,0,0
0,0,0
0,0,0
0,0,0
0,0,0
0,0,0
0,0,0
0,0,0
0,0,0
0,0,0
0,0,0
0,0,0
0,0,0
0,0,0
0,0,0
0,0,0
0,0,0
0,0,0
0,0,0
0,0,0
0,0,0
0,0,0
0,0,0
0,0,0
0,0,0
0,0,0
0,0,0
0,0,0
0,0,0
0,0,0
0,0,0
0,0,0
0,0,0
0,0,0
0,0,0
0,0,0
0,0,0
0,0,0
0,0,0
0,0,0
0,0,0
0,0,0
0,0,0
0,0,0
0,0,0
0,0,0
0,0,0
0,0,0
0,0,0
0,0,0
0,0,0
0,0,0
0,0,0
0,0,0
0,0,0
0,0,0
0,0,0
0,0,0
0,0,0
0,0,0
0,0,0
0,0,0
0,0,0
0,0,0
0,0,0
0,0,0
0,0,0
0,0,0
0,0,0
0,0,0
0,0,0
0,0,0
0,0,0
0,0,0
0,0,0
0,0,0
0,0,0
0,0,0
0,0,0
0,0,0
0,0,0
0,0,0
0,0,0
0,0,0
0,0,0
0,0,0
0,0,0
0,0,0
0,0,0
0,0,0
0,0,0
0,0,0
0,0,0
0,0,0
0,0,0
0,0,0
0,0,0
0,0,0
0,0,0
0,0,0
0,0,0
0,0,0
0,0,0
0,0,0
0,0,0
0,0,0
0,0,0
0,0,0
0,0,0
0,0,0
0,0,0
0,0,0
0,0,0
0,0,0
0,0,0
0,0,0
0,0,0
0,0,0
0,0,0
0,0,0
0,0,0
0,0,0
0,0,0
0,0,0
0,0,0
0,0,0
0,0,0
0,0,0
0,0,0
0,0,0
0,0,0
0,0,0
0,0,0
0,0,0
0,0,0
0,0,0
0,0,0
0,0,0
0,0,0
0,0,0
0,0,0
0,0,0
0,0,0
0,0,0
0,0,0
0,0,0
0,0,0
0,0,0
0,0,0
0,0,0
0,0,0
0,0,0
0,0,0
0,0,0
0,0,0
0,0,0
0,0,0
0,0,0
0,0,0
0,0,0
0,0,0
0,0,0
0,0,0
0,0,0
0,0,0
0,0,0
0,0,0
0,0,0
0,0,0
0,0,0
0,0,0
0,0,0
0,0,0
0,0,0
0,0,0
0,0,0
0,0,0
0,0,0
1.7671,5.80724,-0.998714
1.80299,5.79723,-0.998883
1.84002,5.79075,-0.999725
1.8813,5.79717,-1.00293
1.91435,5.77803,-1.00158
1.95261,5.77458,-1.0031
1.98576,5.75597,-1.00192
2.01646,5.73066,-0.999557
2.04127,5.68941,-0.994334
2.06734,5.65271,-0.989953
2.09339,5.61683,-0.985741
2.13446,5.62139,-0.988942
2.15967,5.58428,-0.984561
2.1827,5.54249,-0.979338
2.224,5.54729,-0.982708
2.25725,5.53171,-0.982371
2.28851,5.51139,-0.981192
2.32535,5.50451,-0.982539
2.3548,5.48017,-0.980686
2.38089,5.44846,-0.977485
2.43187,5.47338,-0.984898
2.46257,5.45207,-0.983719
2.49598,5.43686,-0.983719
2.53054,5.42412,-0.984224
2.55787,5.39602,-0.981866
2.59948,5.39799,-0.985235
2.6213,5.35891,-0.980855
2.65983,5.3542,-0.983045
2.68198,5.31666,-0.979001
2.70961,5.29045,-0.977148
2.73384,5.25798,-0.974115
2.76053,5.23065,-0.972093
2.78932,5.20753,-0.970914
2.8231,5.19378,-0.971588
2.86634,5.19707,-0.975631
2.88422,5.15444,-0.970745
2.91482,5.13493,-0.970408
2.95315,5.12891,-0.972767
2.96469,5.07664,-0.966027
2.99478,5.05666,-0.965691
3.04249,5.06608,-0.971251
3.09146,5.07678,-0.977148
3.11064,5.03843,-0.973273
3.12686,4.99585,-0.968555
3.1432,4.95409,-0.964006
3.16395,4.91979,-0.960973
3.21022,4.92506,-0.966027
3.23875,4.9028,-0.965522
3.26493,4.8771,-0.964343
3.29314,4.85453,-0.963837
3.3184,4.82773,-0.962489
3.36147,4.82669,-0.966533
3.37625,4.78503,-0.962152
3.39867,4.7546,-0.96013
3.40524,4.70252,-0.953559
3.43229,4.67915,-0.953054
3.46387,4.66196,-0.953896
3.49597,4.64534,-0.954907
3.52739,4.62773,-0.95575
3.55813,4.60912,-0.956424
3.58452,4.58487,-0.955918
3.61197,4.56202,-0.95575
3.62572,4.52208,-0.951874
3.66458,4.51352,-0.954907
3.68532,4.48257,-0.953054
3.7096,4.45609,-0.952211
3.73116,4.42646,-0.950695
3.76401,4.41023,-0.952211
3.76651,4.35871,-0.945809
3.80616,4.35035,-0.949179
3.83213,4.32618,-0.94901
3.86255,4.30699,-0.950021
3.87632,4.26934,-0.94682
3.89444,4.23676,-0.944798
3.92103,4.21351,-0.944966
3.94681,4.18937,-0.944966
3.9704,4.16293,-0.944461
3.9815,4.1236,-0.940923
4.02188,4.1146,-0.944629
4.03388,4.07653,-0.941428
4.06091,4.05379,-0.941934
4.09834,4.04126,-0.944966
4.10894,4.00228,-0.941597
4.12774,3.97152,-0.940249
4.14203,3.93661,-0.93789
4.15461,3.90033,-0.935194
4.17485,3.87141,-0.934352
4.19489,3.84239,-0.933509
4.2352,3.83179,-0.937384
4.25863,3.80573,-0.937384
4.27229,3.77105,-0.935194
4.30575,3.75383,-0.937553
4.3429,3.73957,-0.940754
4.31846,3.67261,-0.930139
4.33412,3.64033,-0.928623
4.3761,3.63004,-0.933004
4.40363,3.60749,-0.934183
4.40116,3.56056,-0.928791
4.43525,3.54334,-0.931487
4.46077,3.51911,-0.93233
4.50794,3.51167,-0.93789
4.51534,3.47312,-0.934857
4.50596,3.42209,-0.928286
4.52056,3.38965,-0.926938
4.53573,3.35774,-0.925759
4.53635,3.3153,-0.921546
4.5662,3.29433,-0.923568
4.56546,3.25138,-0.919187
4.58129,3.22047,-0.918345
4.60744,3.19679,-0.919693
4.5855,3.14005,-0.9111
4.59651,3.10633,-0.909415
4.61631,3.07862,-0.909584
4.66228,3.06812,-0.915144
4.65622,3.02335,-0.910089
4.68796,3.00323,-0.912785
4.69047,2.9644,-0.909584
4.68013,2.91783,-0.903855
4.73993,2.91488,-0.912279
4.71306,2.85864,-0.903349
4.71952,2.82309,-0.901159
4.77665,2.81762,-0.909078
4.76232,2.76992,-0.902844
4.79889,2.75193,-0.906719
4.7685,2.69574,-0.897452
4.85383,2.70483,-0.910931
4.82282,2.64889,-0.901665
4.84418,2.62206,-0.902676
4.83409,2.57837,-0.897621
4.86291,2.55554,-0.900148
4.91351,2.54379,-0.906888
4.92463,2.51135,-0.906045
4.96461,2.49348,-0.910763
4.96656,2.45641,-0.908236
4.98597,2.42805,-0.909078
5.00344,2.39869,-0.909584
5.00024,2.35953,-0.906214
5.01999,2.33129,-0.907225
5.03689,2.30168,-0.90773
5.01855,2.25617,-0.901665
5.0323,2.22534,-0.901665
5.03682,2.19048,-0.89998
5.07101,2.16845,-0.903855
5.05787,2.12622,-0.898969
5.04259,2.08347,-0.893746
5.06167,2.05508,-0.894925
5.08242,2.02728,-0.896441
5.09935,1.99785,-0.897284
5.09036,1.95838,-0.893409
5.08937,1.92223,-0.89105
5.10477,1.89234,-0.891724
5.0959,1.85356,-0.888017
5.12853,1.82988,-0.891892
5.14431,1.80001,-0.892735
5.11238,1.75369,-0.884984
5.13425,1.72606,-0.887006
5.17564,1.70471,-0.892566
5.18506,1.67261,-0.892398
5.18489,1.6375,-0.890544
5.20332,1.60828,-0.892061
5.18856,1.5689,-0.88768
5.17162,1.5292,-0.882962
5.20552,1.50456,-0.887343
5.22035,1.4742,-0.888354
5.2198,1.43952,-0.886669
5.17999,1.39438,-0.878076
5.20751,1.36759,-0.881446
5.21008,1.33414,-0.880435
5.19617,1.29665,-0.87656
5.22989,1.27103,-0.881109
5.2069,1.23165,-0.875717
5.22876,1.203,-0.878245
5.20719,1.16443,-0.87319
5.21135,1.13183,-0.872684
5.25677,1.10798,-0.879424
5.24705,1.07234,-0.87656
5.22163,1.0338,-0.871
5.20754,0.997842,-0.867461
5.19515,0.962455,-0.86426
5.20678,0.931603,-0.865271
5.22017,0.90098,-0.866619
5.27422,0.877028,-0.875043
5.28729,0.845897,-0.876391
5.2953,0.813889,-0.876897
5.27582,0.777782,-0.872684
5.25511,0.741808,-0.868304
5.25468,0.70889,-0.867461
5.28142,0.679532,-0.871336
5.26005,0.643993,-0.866956
5.30698,0.616722,-0.874369
5.32242,0.585443,-0.876391
5.31709,0.551856,-0.874875
5.28506,0.515767,-0.868809
5.3058,0.484947,-0.871842
5.30081,0.451711,-0.870494
5.32609,0.420969,-0.874369
5.30104,0.386269,-0.869652
5.28954,0.352813,-0.867293
5.27587,0.319394,-0.864597
5.28462,0.287392,-0.865776
5.25871,0.253626,-0.861059
5.28775,0.22252,-0.865776
5.27227,0.189466,-0.862912
5.26643,0.156905,-0.861733
5.27124,0.124682,-0.862407
5.26008,0.0921263,-0.860385
5.25561,0.0597922,-0.859542
5.2549,0.0275378,-0.859374
5.26482,-0.00471278,-0.861059
5.25878,-0.0369768,-0.860048
5.28113,-0.0695369,-0.863923
5.26286,-0.101601,-0.86089
5.25031,-0.133593,-0.858868
5.23757,-0.165435,-0.856846
5.22661,-0.1972,-0.855161
5.23712,-0.229782,-0.857183
5.23856,-0.262059,-0.857689
5.23489,-0.294087,-0.857352
5.27726,-0.328952,-0.864934
5.28399,-0.361931,-0.86645
5.2453,-0.391639,-0.860216
5.24083,-0.423657,-0.859879
5.24599,-0.456488,-0.861227
5.24407,-0.48876,-0.861396
5.2498,-0.521803,-0.862912
5.24356,-0.553696,-0.862407
5.23908,-0.58575,-0.862238
5.2305,-0.617309,-0.861396
5.21878,-0.64842,-0.860048
5.23328,-0.682849,-0.863249
5.19188,-0.709881,-0.856846
5.21963,-0.746321,-0.862407
5.21495,-0.778334,-0.862407
5.18378,-0.806234,-0.857857
5.19235,-0.840227,-0.860216
5.18807,-0.872234,-0.860385
5.17971,-0.903543,-0.859879
5.12751,-0.926902,-0.851792
5.1101,-0.956174,-0.84977
5.108,-0.988259,-0.850444
5.10088,-1.01939,-0.850275
5.10032,-1.05186,-0.851286
5.06581,-1.0772,-0.8464
5.0697,-1.11058,-0.848253
5.04259,-1.13712,-0.844715
5.02784,-1.16625,-0.843367
5.02826,-1.19891,-0.844715
5.05336,-1.23771,-0.850444
5.01125,-1.26004,-0.844378
5.02061,-1.2952,-0.847411
5.03163,-1.33102,-0.850781
5.01861,-1.36058,-0.849938
5.04531,-1.4011,-0.856172
5.00722,-1.42368,-0.850949
5.00313,-1.45575,-0.851792
4.99977,-1.48811,-0.852803
4.96791,-1.51187,-0.848759
4.95478,-1.54116,-0.848085
4.94429,-1.57123,-0.847916
4.95612,-1.60853,-0.851792
4.95177,-1.64077,-0.852803
4.90426,-1.6585,-0.846063
4.89958,-1.69049,-0.847074
4.8575,-1.7094,-0.841345
4.84321,-1.73785,-0.840671
4.83153,-1.76719,-0.840503
4.82983,-1.80025,-0.842188
4.82975,-1.83404,-0.84421
4.81197,-1.86116,-0.84303
4.76285,-1.87585,-0.836122
4.76681,-1.91127,-0.838987
4.7413,-1.9349,-0.836459
4.74755,-1.97151,-0.839829
4.72628,-1.99677,-0.838144
4.71666,-2.0269,-0.83865
4.69329,-2.05107,-0.836628
4.66801,-2.07422,-0.834269
4.67496,-2.11175,-0.837976
4.6646,-2.14163,-0.838481
4.64422,-2.16688,-0.837133
4.62015,-2.19027,-0.835111
4.61728,-2.22371,-0.837133
4.62569,-2.26282,-0.841345
4.61878,-2.29467,-0.842693
4.59757,-2.31941,-0.841345
4.5736,-2.34264,-0.839492
4.56002,-2.37111,-0.83966
4.53841,-2.39537,-0.838313
4.52536,-2.4241,-0.83865
4.49568,-2.44382,-0.835785
4.48492,-2.47374,-0.836628
4.50148,-2.51902,-0.842862
4.50052,-2.55486,-0.845726
4.5027,-2.59275,-0.849264
4.49266,-2.62381,-0.850444
4.46715,-2.6458,-0.84859
4.43731,-2.66504,-0.845895
4.42003,-2.69171,-0.845726
4.39336,-2.71257,-0.843704
4.37664,-2.73947,-0.843704
4.3739,-2.77525,-0.846569
4.34269,-2.79297,-0.843704
4.29078,-2.79697,-0.836628
4.29081,-2.83465,-0.840166
4.26597,-2.85599,-0.83865
4.26305,-2.89207,-0.841682
4.23547,-2.91147,-0.83966
4.22886,-2.94529,-0.842019
4.1809,-2.95016,-0.835785
4.19079,-2.99582,-0.841682
4.17313,-3.02205,-0.841851
4.12032,-3.02254,-0.834606
4.09458,-3.04248,-0.833089
4.11364,-3.09599,-0.841177
4.12044,-3.14088,-0.846737
4.08939,-3.15707,-0.84421
4.0513,-3.16754,-0.840166
3.99546,-3.16359,-0.832247
3.96982,-3.18311,-0.830899
3.96246,-3.21735,-0.833595
3.93807,-3.23785,-0.832584
3.90222,-3.24871,-0.829046
3.91161,-3.29736,-0.835617
3.88681,-3.31746,-0.834606
3.86116,-3.33674,-0.833426
3.8139,-3.33701,-0.827361
3.80221,-3.36819,-0.829383
3.77853,-3.38882,-0.828709
3.75913,-3.41327,-0.829046
3.73884,-3.43693,-0.829214
3.72201,-3.46384,-0.830225
3.68634,-3.4731,-0.826855
3.65069,-3.48205,-0.823485
3.62074,-3.49617,-0.821464
3.5964,-3.51556,-0.82079
3.57336,-3.53618,-0.820453
3.55856,-3.56501,-0.822138
3.52347,-3.57344,-0.818936
3.50216,-3.5957,-0.819105
3.48892,-3.62636,-0.821295
3.45506,-3.63555,-0.818431
3.45496,-3.68039,-0.823991
3.43432,-3.70369,-0.824496
3.38423,-3.6949,-0.817588
3.3476,-3.70025,-0.81405
3.34585,-3.74423,-0.819442
3.30324,-3.74253,-0.814387
3.28281,-3.7657,-0.815061
3.26543,-3.79249,-0.816577
3.24466,-3.81546,-0.817251
3.22309,-3.83756,-0.817757
3.19192,-3.84816,-0.815735
3.16013,-3.85776,-0.813545
3.14756,-3.89087,-0.816577
3.12855,-3.91627,-0.817925
3.09103,-3.91837,-0.814219
3.05542,-3.92249,-0.811017
3.02949,-3.93882,-0.810512
2.99811,-3.94792,-0.80849
2.9685,-3.95914,-0.806974
2.94122,-3.97332,-0.806131
2.9226,-3.99925,-0.807816
2.89628,-4.01471,-0.807311
2.85786,-4.01314,-0.803267
2.83885,-4.03866,-0.804952
2.82301,-4.06896,-0.807648
2.80245,-4.09271,-0.808995
2.75741,-4.08043,-0.80293
2.72904,-4.09236,-0.801919
2.71851,-4.13125,-0.806468
2.67539,-4.12058,-0.800908
2.63516,-4.11368,-0.79619
2.62831,-4.15893,-0.802087
2.58449,-4.14571,-0.79619
2.5652,-4.17156,-0.798212
2.53904,-4.18638,-0.798044
2.51786,-4.20949,-0.79956
2.48247,-4.20873,-0.796359
2.45759,-4.22559,-0.796696
2.4321,-4.24145,-0.796864
2.40555,-4.25543,-0.796696
2.38275,-4.27614,-0.797875
2.35362,-4.28549,-0.796864
2.32775,-4.30072,-0.797033
2.30225,-4.31666,-0.79737
2.28581,-4.3499,-0.801076
2.24366,-4.33409,-0.795348
2.21658,-4.34689,-0.795179
2.17836,-4.33751,-0.790799
2.15039,-4.34815,-0.790293
2.12496,-4.36392,-0.790799
2.10966,-4.40087,-0.795348
2.07799,-4.40393,-0.793494
2.04885,-4.41213,-0.792652
2.01723,-4.41475,-0.790799
1.9901,-4.42705,-0.790799
1.95692,-4.42565,-0.788271
1.93995,-4.46108,-0.792652
1.91022,-4.46746,-0.791641
1.88162,-4.47637,-0.791136
1.85186,-4.48237,-0.790125
1.82284,-4.48999,-0.789451
1.7916,-4.49194,-0.787766
1.76652,-4.50927,-0.788945
1.74661,-4.54026,-0.792652
1.7114,-4.53153,-0.789114
1.68391,-4.54287,-0.789282
1.65701,-4.5559,-0.789788
1.62803,-4.56319,-0.789282
1.59251,-4.5517,-0.785407
1.57671,-4.59681,-0.791809
1.54628,-4.59986,-0.79063
1.51957,-4.61394,-0.791472
1.49032,-4.62037,-0.790967
1.46521,-4.63976,-0.79282
1.42943,-4.62512,-0.788608
1.39903,-4.6272,-0.787429
1.36362,-4.61207,-0.783217
1.3331,-4.61277,-0.781869
1.30692,-4.62846,-0.783217
1.27456,-4.62214,-0.780689
1.24258,-4.61654,-0.77833
1.21649,-4.63266,-0.779847
1.1851,-4.62858,-0.777825
1.1531,-4.62142,-0.775298
1.12355,-4.62362,-0.774455
1.08858,-4.60261,-0.769569
1.06474,-4.62841,-0.772939
1.02964,-4.60504,-0.767716
0,0,0
0,0,0
0,0,0
0,0,0
0,0,0
0,0,0
0,0,0
0,0,0
0,0,0
0,0,0
0,0,0
0,0,0
0,0,0
0,0,0
0,0,0
0,0,0
0,0,0
0,0,0
0,0,0
0,0,0
0,0,0
0,0,0
0,0,0
0,0,0
0,0,0
0,0,0
0,0,0
0,0,0
0,0,0
0,0,0
0,0,0
0,0,0
0,0,0
0,0,0
0,0,0
0,0,0
0,0,0
0,0,0
0,0,0
0,0,0
0,0,0
0,0,0
0,0,0
0,0,0
0,0,0
0,0,0
0,0,0
0,0,0
0,0,0
0,0,0
0,0,0
0,0,0
0,0,0
0,0,0
0,0,0
0,0,0
0,0,0
0,0,0
0,0,0
0,0,0
0,0,0
0,0,0
0,0,0
0,0,0
0,0,0
0,0,0
0,0,0
0,0,0
0,0,0
0,0,0
0,0,0
0,0,0
0,0,0
0,0,0
0,0,0
0,0,0
0,0,0
0,0,0
0,0,0
0,0,0
0,0,0
0,0,0
0,0,0
0,0,0
0,0,0
0,0,0
0,0,0
0,0,0
0,0,0
0,0,0
0,0,0
0,0,0
0,0,0
0,0,0
0,0,0
0,0,0
0,0,0
0,0,0
0,0,0
0,0,0
0,0,0
0,0,0
0,0,0
0,0,0
0,0,0
0,0,0
0,0,0
0,0,0
0,0,0
0,0,0
0,0,0
0,0,0
0,0,0
0,0,0
0,0,0
0,0,0
0,0,0
0,0,0
0,0,0
0,0,0
0,0,0
0,0,0
0,0,0
0,0,0
0,0,0
0,0,0
0,0,0
0,0,0
0,0,0
0,0,0
0,0,0
0,0,0
0,0,0
0,0,0
0,0,0
0,0,0
0,0,0
0,0,0
0,0,0
0,0,0
0,0,0
0,0,0
0,0,0
0,0,0
0,0,0
0,0,0
0,0,0
0,0,0
0,0,0
0,0,0
0,0,0
0,0,0
0,0,0
0,0,0
0,0,0
0,0,0
0,0,0
0,0,0
0,0,0
0,0,0
0,0,0
0,0,0
0,0,0
0,0,0
0,0,0
0,0,0
0,0,0
0,0,0
0,0,0
0,0,0
0,0,0
0,0,0
0,0,0
0,0,0
0,0,0
0,0,0
0,0,0
0,0,0
0,0,0
0,0,0
0,0,0
0,0,0
0,0,0
0,0,0
0,0,0
0,0,0
0,0,0
0,0,0
0,0,0
0,0,0
0,0,0
0,0,0
0,0,0
0,0,0
0,0,0
0,0,0
0,0,0
0,0,0
0,0,0
0,0,0
0,0,0
0,0,0
0,0,0
0,0,0
0,0,0
0,0,0
0,0,0
0,0,0
0,0,0
0,0,0
0,0,0
0,0,0
0,0,0
0,0,0
0,0,0
0,0,0
0,0,0
0,0,0
0,0,0
0,0,0
0,0,0
0,0,0
0,0,0
0,0,0
0,0,0
0,0,0
0,0,0
0,0,0
0,0,0
0,0,0
0,0,0
0,0,0
0,0,0
0,0,0
0,0,0
0,0,0
0,0,0
0,0,0
0,0,0
0,0,0
0,0,0
0,0,0
0,0,0
0,0,0
0,0,0
0,0,0
0,0,0
0,0,0
0,0,0
0,0,0
0,0,0
0,0,0
0,0,0
0,0,0
0,0,0
0,0,0
0,0,0
0,0,0
0,0,0
0,0,0
0,0,0
0,0,0
0,0,0
0,0,0
0,0,0
0,0,0
0,0,0
0,0,0
0,0,0
0,0,0
0,0,0
0,0,0
0,0,0
0,0,0
0,0,0
0,0,0
0,0,0
0,0,0
0,0,0
0,0,0
0,0,0
0,0,0
0,0,0
0,0,0
0,0,0
0,0,0
0,0,0
0,0,0
0,0,0
0,0,0
0,0,0
0,0,0
0,0,0
0,0,0
0,0,0
0,0,0
0,0,0
0,0,0
0,0,0
0,0,0
0,0,0
0,0,0
0,0,0
0,0,0
0,0,0
0,0,0
0,0,0
0,0,0
0,0,0
0,0,0
0,0,0
0,0,0
0,0,0
0,0,0
0,0,0
0,0,0
0,0,0
0,0,0
0,0,0
0,0,0
0,0,0
0,0,0
0,0,0
0,0,0
0,0,0
0,0,0
0,0,0
0,0,0
0,0,0
0,0,0
0,0,0
0,0,0
0,0,0
0,0,0
0,0,0
0,0,0
0,0,0
0,0,0
0,0,0
0,0,0
0,0,0
0,0,0
0,0,0
0,0,0
0,0,0
0,0,0
0,0,0
0,0,0
0,0,0
0,0,0
0,0,0
0,0,0
0,0,0
0,0,0
0,0,0
0,0,0
0,0,0
0,0,0
0,0,0
0,0,0
0,0,0
0,0,0
0,0,0
0,0,0
0,0,0
0,0,0
0,0,0
0,0,0
0,0,0
0,0,0
0,0,0
0,0,0
0,0,0
0,0,0
0,0,0
0,0,0
0,0,0
0,0,0
0,0,0
0,0,0
0,0,0
0,0,0
0,0,0
0,0,0
0,0,0
0,0,0
0,0,0
0,0,0
0,0,0
0,0,0
0,0,0
0,0,0
0,0,0
0,0,0
0,0,0
0,0,0
0,0,0
0,0,0
0,0,0
0,0,0
0,0,0
0,0,0
0,0,0
0,0,0
0,0,0
0,0,0
0,0,0
0,0,0
0,0,0
0,0,0
0,0,0
0,0,0
0,0,0
0,0,0
0,0,0
0,0,0
0,0,0
0,0,0
0,0,0
0,0,0
0,0,0
0,0,0
0,0,0
0,0,0
0,0,0
0,0,0
0,0,0
0,0,0
0,0,0
0,0,0
0,0,0
0,0,0
0,0,0
0,0,0
0,0,0
0,0,0
0,0,0
0,0,0
0,0,0
0,0,0
0,0,0
0,0,0
0,0,0
0,0,0
0,0,0
0,0,0
0,0,0
0,0,0
0,0,0
0,0,0
0,0,0
0,0,0
0,0,0
0,0,0
0,0,0
0,0,0
0,0,0
0,0,0
0,0,0
0,0,0
0,0,0
0,0,0
0,0,0
0,0,0
0,0,0
0,0,0
0,0,0
0,0,0
0,0,0
0,0,0
0,0,0
0,0,0
0,0,0
0,0,0
0,0,0
0,0,0
0,0,0
0,0,0
0,0,0
0,0,0
0,0,0
0,0,0
0,0,0
0,0,0
0,0,0
0,0,0
0,0,0
0,0,0
0,0,0
0,0,0
0,0,0
0,0,0
0,0,0
0,0,0
0,0,0
0,0,0
0,0,0
0,0,0
0,0,0
0,0,0
0,0,0
0,0,0
0,0,0
0,0,0
0,0,0
0,0,0
0,0,0
0,0,0
0,0,0
0,0,0
0,0,0
0,0,0
0,0,0
0,0,0
0,0,0
0,0,0
0,0,0
0,0,0
0,0,0
0,0,0
0,0,0
0,0,0
0,0,0
0,0,0
0,0,0
0,0,0
0,0,0
0,0,0
0,0,0
0,0,0
0,0,0
0,0,0
0,0,0
0,0,0
0,0,0
0,0,0
0,0,0
0,0,0
0,0,0
0,0,0
0,0,0
0,0,0
0,0,0
0,0,0
0,0,0
0,0,0
0,0,0
0,0,0
0,0,0
0,0,0
0,0,0
0,0,0
0,0,0
0,0,0
0,0,0
0,0,0
0,0,0
0,0,0
0,0,0
0,0,0
0,0,0
0,0,0
0,0,0
0,0,0
0,0,0
0,0,0
0,0,0
0,0,0
0,0,0
0,0,0
0,0,0
0,0,0
0,0,0
0,0,0
0,0,0
0,0,0
0,0,0
0,0,0
0,0,0
0,0,0
0,0,0
0,0,0
0,0,0
1.72576,5.21491,-0.966118
0,0,0
1.79283,5.20264,-0.967918
1.83157,5.21103,-0.971698
1.86252,5.19691,-0.971158
1.89741,5.1937,-0.972778
1.93576,5.19948,-0.976198
1.96903,5.19118,-0.976918
1.99339,5.15973,-0.973138
2.03474,5.17212,-0.977998
2.06022,5.14401,-0.974938
2.09917,5.14949,-0.978538
2.11867,5.10744,-0.972778
2.15226,5.09978,-0.973858
2.17963,5.07744,-0.972058
2.2135,5.07028,-0.973318
2.24098,5.04851,-0.971698
2.25451,4.99611,-0.963958
2.30399,5.02331,-0.972238
2.34059,5.02156,-0.974758
2.36167,4.98666,-0.970618
2.38199,4.9508,-0.966298
2.40843,4.92814,-0.964678
2.45044,4.93706,-0.969538
2.46873,4.89822,-0.964678
2.49874,4.88298,-0.964678
2.54634,4.90159,-0.971698
2.56948,4.87283,-0.968998
2.59655,4.85177,-0.967918
2.60937,4.80462,-0.961438
2.64829,4.80575,-0.965038
2.66621,4.76881,-0.960718
2.70998,4.77803,-0.966118
2.75004,4.78007,-0.970078
2.76643,4.74101,-0.965398
2.79296,4.71972,-0.964498
2.81934,4.69827,-0.963598
2.84095,4.66912,-0.961078
2.87265,4.65662,-0.962158
2.90847,4.65059,-0.964678
2.93537,4.63016,-0.964138
2.96106,4.60792,-0.963238
2.9662,4.55423,-0.955498
2.99679,4.54005,-0.956398
3.02842,4.5273,-0.957658
3.06774,4.52573,-0.961438
3.08598,4.49303,-0.958378
3.11012,4.46917,-0.957298
3.14032,4.45402,-0.958198
3.16244,4.42747,-0.956578
3.18609,4.4032,-0.955498
3.20956,4.37881,-0.954418
3.23578,4.35824,-0.954238
3.27369,4.35324,-0.957658
3.28365,4.31116,-0.952618
3.31365,4.2956,-0.953698
3.32965,4.26201,-0.950638
3.35024,4.23456,-0.949017
3.36447,4.19934,-0.945597
3.41993,4.21528,-0.954238
3.42325,4.16686,-0.947757
3.44246,4.13821,-0.945957
3.46335,4.11175,-0.944697
3.48915,4.09117,-0.944877
3.51033,4.06521,-0.943797
3.53262,4.04064,-0.943077
3.53844,3.99752,-0.937857
3.59113,4.00724,-0.945597
3.62623,3.99678,-0.948477
3.65667,3.98098,-0.950098
3.66026,3.93613,-0.944517
3.67086,3.89928,-0.940917
3.70897,3.89163,-0.944697
3.71707,3.85252,-0.940557
3.74063,3.82964,-0.940557
3.77029,3.81291,-0.942177
3.80127,3.79735,-0.944157
3.79929,3.74909,-0.937677
3.79897,3.70305,-0.931737
3.80958,3.66807,-0.928677
3.85696,3.66835,-0.934977
3.85143,3.61835,-0.927957
3.89736,3.61673,-0.933897
3.9028,3.57746,-0.929757
3.92613,3.55477,-0.930117
3.96034,3.54176,-0.933177
3.97978,3.51544,-0.932637
3.99461,3.48513,-0.931017
3.97717,3.42717,-0.921657
4.00936,3.41226,-0.924357
4.04227,3.39772,-0.927237
4.0638,3.37348,-0.927417
4.07301,3.33913,-0.924717
4.06284,3.28932,-0.917517
4.07295,3.25634,-0.915177
4.14691,3.27396,-0.927777
4.177,3.25631,-0.930117
4.17664,3.21502,-0.925437
4.16104,3.16255,-0.917337
4.18824,3.14286,-0.919137
4.21614,3.12355,-0.921117
4.23443,3.09704,-0.920937
4.23581,3.05833,-0.916977
4.19281,2.98833,-0.903116
4.29635,3.02253,-0.922197
4.27037,2.96526,-0.912297
4.29498,2.94345,-0.913737
4.34392,2.93798,-0.920577
4.31196,2.87796,-0.909597
4.32132,2.84604,-0.907797
4.33293,2.81572,-0.906537
4.3435,2.78483,-0.905096
4.37131,2.76497,-0.907437
4.37651,2.7308,-0.904916
4.44094,2.73328,-0.915177
4.37437,2.65545,-0.897356
4.43869,2.65736,-0.907616
4.43713,2.61958,-0.903836
4.46247,2.59774,-0.905816
4.46126,2.56052,-0.902216
4.49572,2.54375,-0.906177
4.51211,2.5166,-0.906357
4.52832,2.48934,-0.906537
4.55649,2.46854,-0.909237
4.56461,2.43683,-0.907797
4.51592,2.37535,-0.894656
4.49372,2.32859,-0.887096
4.53596,2.31528,-0.892856
4.53514,2.2799,-0.889796
4.60106,2.27777,-0.900416
4.59373,2.23915,-0.896096
4.58698,2.20114,-0.891956
4.5924,2.16917,-0.890336
4.59492,2.13598,-0.888176
4.62493,2.11552,-0.891596
4.66743,2.10042,-0.897536
4.68653,2.07453,-0.898796
4.69736,2.04495,-0.898436
4.6628,1.99596,-0.889076
4.6668,1.96388,-0.887456
4.65694,1.92619,-0.883136
4.67141,1.89869,-0.883676
4.69576,1.87509,-0.886196
4.68611,1.83799,-0.882056
4.71474,1.81591,-0.885476
4.72488,1.7866,-0.885296
4.7044,1.74594,-0.879176
4.73351,1.72377,-0.882776
4.74677,1.69569,-0.883316
4.70417,1.648,-0.873056
4.78955,1.64498,-0.887636
4.75853,1.60176,-0.879716
4.82806,1.59224,-0.891236
4.82932,1.55987,-0.889616
4.79096,1.51508,-0.880436
4.76258,1.47403,-0.873236
4.88075,1.47783,-0.894116
4.84256,1.4339,-0.885116
4.84182,1.40142,-0.883316
4.87494,1.37865,-0.887996
4.8321,1.33457,-0.878276
4.90099,1.32128,-0.889796
4.82909,1.27017,-0.874676
4.9216,1.26226,-0.890696
4.89776,1.22417,-0.884756
4.86217,1.18363,-0.876656
4.90475,1.16216,-0.883316
4.91467,1.1327,-0.883856
4.89945,1.09758,-0.879716
4.82535,1.04994,-0.864596
4.85384,1.02498,-0.868736
4.93328,1.01017,-0.882416
4.93359,0.978737,-0.881336
4.86705,0.93454,-0.867836
4.91815,0.913095,-0.876296
4.88977,0.876826,-0.869996
4.88537,0.845131,-0.868196
4.86814,0.811421,-0.864056
4.874,0.781691,-0.864236
4.86024,0.748925,-0.860815
4.84625,0.716358,-0.857395
4.90899,0.694875,-0.868196
4.91024,0.664346,-0.867656
4.89374,0.631562,-0.863876
4.90728,0.602721,-0.865676
4.91382,0.572941,-0.866216
4.90844,0.541809,-0.864596
4.89798,0.510255,-0.862076
4.93234,0.483259,-0.867836
4.94403,0.453794,-0.869456
4.92026,0.421187,-0.864596
4.89334,0.388654,-0.859195
4.87797,0.35733,-0.855955
4.90853,0.3293,-0.861175
4.91439,0.299414,-0.861896
4.9122,0.26904,-0.861175
4.83516,0.235079,-0.846775
4.84732,0.205865,-0.848755
4.86127,0.176581,-0.851095
4.88193,0.147342,-0.854695
4.89061,0.117573,-0.856135
4.90304,0.0877725,-0.858295
4.8789,0.057399,-0.853795
4.8949,0.0275489,-0.856675
4.89006,-0.00248327,-0.855775
4.91454,-0.0326534,-0.860275
4.85523,-0.0620488,-0.849475
4.84984,-0.0917454,-0.848575
4.84624,-0.121428,-0.848035
4.90243,-0.152945,-0.858475
4.8837,-0.182361,-0.855235
4.89527,-0.21288,-0.857575
4.86734,-0.241594,-0.852715
4.88934,-0.272771,-0.857035
4.86303,-0.301244,-0.852535
4.88072,-0.332416,-0.856135
4.82856,-0.358637,-0.846955
4.87627,-0.392285,-0.856135
4.81987,-0.417524,-0.846235
4.85836,-0.450912,-0.853795
4.84767,-0.479938,-0.852355
4.81235,-0.506274,-0.846415
4.78276,-0.53285,-0.841555
4.85169,-0.570696,-0.854875
4.79245,-0.593558,-0.844615
4.81408,-0.626254,-0.849295
4.79358,-0.653521,-0.846235
4.8109,-0.685978,-0.850195
4.80855,-0.715774,-0.850555
4.79435,-0.743757,-0.848755
4.81106,-0.776611,-0.852715
4.7674,-0.799604,-0.845515
4.78372,-0.832554,-0.849475
4.77368,-0.861017,-0.848575
4.78958,-0.894265,-0.852535
4.77048,-0.921025,-0.850015
4.80526,-0.958363,-0.857575
4.7935,-0.986639,-0.856495
4.77678,-1.01379,-0.854515
4.74068,-1.03656,-0.848935
4.73039,-1.06476,-0.848215
4.73431,-1.09621,-0.850195
4.7361,-1.12729,-0.851815
4.70808,-1.15119,-0.847855
4.70474,-1.18101,-0.848575
4.6936,-1.20888,-0.847855
4.70892,-1.24368,-0.852175
4.65657,-1.26047,-0.843715
4.68382,-1.29875,-0.850375
4.67482,-1.32719,-0.850195
4.6458,-1.34981,-0.846235
4.66101,-1.3853,-0.850735
4.6063,-1.39986,-0.841915
4.62675,-1.43714,-0.847495
4.60472,-1.46134,-0.844975
4.60408,-1.49229,-0.846595
4.58737,-1.51804,-0.845155
4.58729,-1.54931,-0.846955
4.58235,-1.57903,-0.847855
4.56329,-1.60385,-0.846055
4.54225,-1.62784,-0.843895
4.52386,-1.65264,-0.842275
4.55512,-1.69582,-0.850375
4.50784,-1.70978,-0.843175
4.52387,-1.74769,-0.848395
4.4911,-1.76677,-0.844075
4.49295,-1.79941,-0.846595
4.4709,-1.82249,-0.844435
4.51142,-1.87138,-0.854695
4.44095,-1.87416,-0.842995
4.49444,-1.92931,-0.855955
4.43655,-1.93678,-0.846775
4.43447,-1.96836,-0.848755
4.38824,-1.98015,-0.841915
4.35723,-1.99843,-0.838135
4.34934,-2.0272,-0.839035
4.34838,-2.05933,-0.841375
4.34452,-2.09023,-0.843175
4.2839,-2.09352,-0.833455
4.3441,-2.15607,-0.848395
4.32727,-2.18092,-0.847675
4.29367,-2.19712,-0.843535
4.3124,-2.2402,-0.850195
4.27422,-2.25377,-0.845155
4.26291,-2.28135,-0.845695
4.25834,-2.31263,-0.847675
4.21133,-2.32067,-0.840835
4.20731,-2.35223,-0.842995
4.19537,-2.37946,-0.843535
4.1986,-2.41546,-0.847315
4.15566,-2.42481,-0.841375
4.16356,-2.46379,-0.846235
4.16017,-2.49638,-0.848755
4.13637,-2.51674,-0.846955
4.08988,-2.52297,-0.840295
4.04179,-2.52767,-0.833275
4.05944,-2.57349,-0.840475
4.06178,-2.61005,-0.844435
4.00777,-2.61023,-0.836155
4.03026,-2.66024,-0.844615
4.0155,-2.68602,-0.844975
4.00057,-2.71171,-0.845335
3.9571,-2.71782,-0.839395
3.93228,-2.73643,-0.837595
3.92908,-2.77015,-0.840655
3.892,-2.77991,-0.836155
3.91949,-2.83603,-0.846235
3.88694,-2.84898,-0.842815
3.88676,-2.88568,-0.846775
3.85641,-2.90001,-0.843895
3.81819,-2.90812,-0.839215
3.80651,-2.9363,-0.840655
3.81245,-2.97838,-0.846235
3.81724,-3.02002,-0.851635
3.78482,-3.03232,-0.848395
3.75011,-3.04247,-0.844615
3.73593,-3.06917,-0.845695
3.70493,-3.08197,-0.842815
3.67617,-3.0964,-0.840475
3.63315,-3.09847,-0.834715
3.62821,-3.13292,-0.838135
3.57412,-3.12469,-0.829675
3.56224,-3.15309,-0.831475
3.51719,-3.15191,-0.825175
3.5262,-3.19921,-0.832195
3.48332,-3.19949,-0.826435
3.48523,-3.2409,-0.831835
3.44236,-3.24064,-0.826075
3.42526,-3.26442,-0.826795
3.40234,-3.28264,-0.826075
3.35258,-3.27459,-0.818514
3.34921,-3.3117,-0.822835
3.33438,-3.33775,-0.824275
3.33802,-3.38266,-0.830575
3.29867,-3.38406,-0.825715
3.27648,-3.40281,-0.825355
3.26435,-3.43212,-0.827695
3.20551,-3.41194,-0.817614
3.19924,-3.4474,-0.821575
3.15011,-3.43651,-0.814014
3.12038,-3.4463,-0.811674
3.13196,-3.50204,-0.820675
3.08046,-3.48728,-0.812394
3.05706,-3.50389,-0.811854
3.02331,-3.50842,-0.808434
3.00874,-3.53515,-0.810414
2.99585,-3.56409,-0.812934
2.97392,-3.5824,-0.812934
2.95376,-3.60286,-0.813474
2.93531,-3.62551,-0.814554
2.90257,-3.63039,-0.811494
2.88024,-3.64813,-0.811494
2.85719,-3.66496,-0.811314
2.85565,-3.7097,-0.817614
2.83402,-3.72872,-0.817974
2.80519,-3.73817,-0.816174
2.80093,-3.78061,-0.821935
2.75852,-3.77152,-0.815994
2.72381,-3.77242,-0.812394
2.68977,-3.77385,-0.808974
2.66713,-3.79108,-0.809154
2.67018,-3.84535,-0.817614
2.63542,-3.84544,-0.814014
2.59194,-3.8322,-0.807534
2.58748,-3.87667,-0.813834
2.5604,-3.88754,-0.812754
2.53918,-3.9073,-0.813654
2.50401,-3.90542,-0.809874
2.48894,-3.93484,-0.812934
2.44444,-3.91749,-0.805914
2.42036,-3.93242,-0.805914
2.39873,-3.9514,-0.806814
2.35929,-3.94072,-0.801414
2.33456,-3.95428,-0.801234
2.31718,-3.98043,-0.803754
2.32209,-4.04576,-0.814554
2.2764,-4.02312,-0.806814
2.23921,-4.01468,-0.802134
2.2387,-4.0723,-0.811314
2.19212,-4.04618,-0.803034
2.16957,-4.06389,-0.803934
2.15283,-4.0928,-0.807174
2.12587,-4.10244,-0.806454
2.09663,-4.10752,-0.804834
2.06388,-4.10536,-0.801774
2.0356,-4.11178,-0.800514
2.01766,-4.13923,-0.803574
1.98456,-4.13556,-0.800334
1.95117,-4.13076,-0.796914
1.93117,-4.15425,-0.799254
1.89869,-4.15082,-0.796194
1.88288,-4.18392,-0.800514
1.84881,-4.1765,-0.796734
1.82668,-4.19589,-0.798354
1.80245,-4.21063,-0.799074
1.77849,-4.22615,-0.799974
1.75252,-4.23698,-0.799974
1.72538,-4.24492,-0.799434
1.68143,-4.21066,-0.790614
1.66454,-4.24379,-0.795114
1.63882,-4.25485,-0.795294
1.6106,-4.2593,-0.794214
1.58888,-4.28109,-0.796554
1.56124,-4.28706,-0.795834
1.53457,-4.29564,-0.795654
1.50526,-4.29662,-0.794034
1.47759,-4.30205,-0.793314
1.4496,-4.30637,-0.792414
1.42684,-4.3264,-0.794574
1.39543,-4.32009,-0.791694
1.37186,-4.33795,-0.793494
1.34638,-4.35005,-0.794214
1.31482,-4.34222,-0.791154
1.29932,-4.38794,-0.798354
1.26827,-4.38165,-0.795654
1.2427,-4.39408,-0.796554
1.20001,-4.34474,-0.785754
1.17025,-4.34062,-0.783594
1.14835,-4.36579,-0.787014
1.11983,-4.36609,-0.785754
1.08849,-4.35474,-0.782334
1.06361,-4.36899,-0.783774
1.0361,-4.37256,-0.783234
1.01433,-4.40088,-0.787374
0.985806,-4.4003,-0.786114
0.960878,-4.41588,-0.787914
0.934781,-4.42651,-0.788814
0,0,0
0,0,0
0,0,0
0,0,0
0,0,0
0,0,0
0,0,0
0,0,0
0,0,0
0,0,0
0,0,0
0,0,0
0,0,0
0,0,0
0,0,0
0,0,0
0,0,0
0,0,0
0,0,0
0,0,0
0,0,0
0,0,0
0,0,0
0,0,0
0,0,0
0,0,0
0,0,0
0,0,0
0,0,0
0,0,0
0,0,0
0,0,0
0,0,0
0,0,0
0,0,0
0,0,0
0,0,0
0,0,0
0,0,0
0,0,0
0,0,0
0,0,0
0,0,0
0,0,0
0,0,0
0,0,0
0,0,0
0,0,0
0,0,0
0,0,0
0,0,0
0,0,0
0,0,0
0,0,0
0,0,0
0,0,0
0,0,0
0,0,0
0,0,0
0,0,0
0,0,0
0,0,0
0,0,0
0,0,0
0,0,0
0,0,0
0,0,0
0,0,0
0,0,0
0,0,0
0,0,0
0,0,0
0,0,0
0,0,0
0,0,0
0,0,0
0,0,0
0,0,0
0,0,0
0,0,0
0,0,0
0,0,0
0,0,0
0,0,0
0,0,0
0,0,0
0,0,0
0,0,0
0,0,0
0,0,0
0,0,0
0,0,0
0,0,0
0,0,0
0,0,0
0,0,0
0,0,0
0,0,0
0,0,0
0,0,0
0,0,0
0,0,0
0,0,0
0,0,0
0,0,0
0,0,0
0,0,0
0,0,0
0,0,0
0,0,0
0,0,0
0,0,0
0,0,0
0,0,0
0,0,0
0,0,0
0,0,0
0,0,0
0,0,0
0,0,0
0,0,0
0,0,0
0,0,0
0,0,0
0,0,0
0,0,0
0,0,0
0,0,0
0,0,0
0,0,0
0,0,0
0,0,0
0,0,0
0,0,0
0,0,0
0,0,0
0,0,0
0,0,0
0,0,0
0,0,0
0,0,0
0,0,0
0,0,0
0,0,0
0,0,0
0,0,0
0,0,0
0,0,0
0,0,0
0,0,0
0,0,0
0,0,0
0,0,0
0,0,0
0,0,0
0,0,0
0,0,0
0,0,0
0,0,0
0,0,0
0,0,0
0,0,0
0,0,0
0,0,0
0,0,0
0,0,0
0,0,0
0,0,0
0,0,0
0,0,0
0,0,0
0,0,0
0,0,0
0,0,0
0,0,0
0,0,0
0,0,0
0,0,0
0,0,0
0,0,0
0,0,0
0,0,0
0,0,0
0,0,0
0,0,0
0,0,0
0,0,0
0,0,0
0,0,0
0,0,0
0,0,0
0,0,0
0,0,0
0,0,0
0,0,0
0,0,0
0,0,0
0,0,0
0,0,0
0,0,0
0,0,0
0,0,0
0,0,0
0,0,0
0,0,0
0,0,0
0,0,0
0,0,0
0,0,0
0,0,0
0,0,0
0,0,0
0,0,0
0,0,0
0,0,0
0,0,0
0,0,0
0,0,0
0,0,0
0,0,0
0,0,0
0,0,0
0,0,0
0,0,0
0,0,0
0,0,0
0,0,0
0,0,0
0,0,0
0,0,0
0,0,0
0,0,0
0,0,0
0,0,0
0,0,0
0,0,0
0,0,0
0,0,0
0,0,0
0,0,0
0,0,0
0,0,0
0,0,0
0,0,0
0,0,0
0,0,0
0,0,0
0,0,0
0,0,0
0,0,0
0,0,0
0,0,0
0,0,0
0,0,0
0,0,0
0,0,0
0,0,0
0,0,0
0,0,0
0,0,0
0,0,0
0,0,0
0,0,0
0,0,0
0,0,0
0,0,0
0,0,0
0,0,0
0,0,0
0,0,0
0,0,0
0,0,0
0,0,0
0,0,0
0,0,0
0,0,0
0,0,0
0,0,0
0,0,0
0,0,0
0,0,0
0,0,0
0,0,0
0,0,0
0,0,0
0,0,0
0,0,0
0,0,0
0,0,0
0,0,0
0,0,0
0,0,0
0,0,0
0,0,0
0,0,0
0,0,0
0,0,0
0,0,0
0,0,0
0,0,0
0,0,0
0,0,0
0,0,0
0,0,0
0,0,0
0,0,0
0,0,0
0,0,0
0,0,0
0,0,0
0,0,0
0,0,0
0,0,0
0,0,0
0,0,0
0,0,0
0,0,0
0,0,0
0,0,0
0,0,0
0,0,0
0,0,0
0,0,0
0,0,0
0,0,0
0,0,0
0,0,0
0,0,0
0,0,0
0,0,0
0,0,0
0,0,0
0,0,0
0,0,0
0,0,0
0,0,0
0,0,0
0,0,0
0,0,0
0,0,0
0,0,0
0,0,0
0,0,0
0,0,0
0,0,0
0,0,0
0,0,0
0,0,0
0,0,0
0,0,0
0,0,0
0,0,0
0,0,0
0,0,0
0,0,0
0,0,0
0,0,0
0,0,0
0,0,0
0,0,0
0,0,0
0,0,0
0,0,0
0,0,0
0,0,0
0,0,0
0,0,0
0,0,0
0,0,0
0,0,0
0,0,0
0,0,0
0,0,0
0,0,0
0,0,0
0,0,0
0,0,0
0,0,0
0,0,0
0,0,0
0,0,0
0,0,0
0,0,0
0,0,0
0,0,0
0,0,0
0,0,0
0,0,0
0,0,0
0,0,0
0,0,0
0,0,0
0,0,0
0,0,0
0,0,0
0,0,0
0,0,0
0,0,0
0,0,0
0,0,0
0,0,0
0,0,0
0,0,0
0,0,0
0,0,0
0,0,0
0,0,0
0,0,0
0,0,0
0,0,0
0,0,0
0,0,0
0,0,0
0,0,0
0,0,0
0,0,0
0,0,0
0,0,0
0,0,0
0,0,0
0,0,0
0,0,0
0,0,0
0,0,0
0,0,0
0,0,0
0,0,0
0,0,0
0,0,0
0,0,0
0,0,0
0,0,0
0,0,0
0,0,0
0,0,0
0,0,0
0,0,0
0,0,0
0,0,0
0,0,0
0,0,0
0,0,0
0,0,0
0,0,0
0,0,0
0,0,0
0,0,0
0,0,0
0,0,0
0,0,0
0,0,0
0,0,0
0,0,0
0,0,0
0,0,0
0,0,0
0,0,0
0,0,0
0,0,0
0,0,0
0,0,0
0,0,0
0,0,0
0,0,0
0,0,0
0,0,0
0,0,0
0,0,0
0,0,0
0,0,0
0,0,0
0,0,0
0,0,0
0,0,0
0,0,0
0,0,0
0,0,0
0,0,0
0,0,0
0,0,0
0,0,0
0,0,0
0,0,0
0,0,0
0,0,0
0,0,0
0,0,0
0,0,0
0,0,0
0,0,0
0,0,0
0,0,0
0,0,0
0,0,0
0,0,0
0,0,0
0,0,0
0,0,0
0,0,0
0,0,0
0,0,0
0,0,0
0,0,0
0,0,0
0,0,0
0,0,0
0,0,0
0,0,0
0,0,0
0,0,0
0,0,0
0,0,0
0,0,0
0,0,0
0,0,0
0,0,0
0,0,0
0,0,0
0,0,0
0,0,0
0,0,0
0,0,0
0,0,0
0,0,0
0,0,0
0,0,0
0,0,0
0,0,0
0,0,0
0,0,0
0,0,0
0,0,0
0,0,0
0,0,0
0,0,0
0,0,0
0,0,0
0,0,0
0,0,0
0,0,0
0,0,0
0,0,0
0,0,0
0,0,0
0,0,0
0,0,0
0,0,0
0,0,0
0,0,0
0,0,0
0,0,0
0,0,0
0,0,0
0,0,0
0,0,0
0,0,0
0,0,0
0,0,0
0,0,0
0,0,0
0,0,0
0,0,0
0,0,0
0,0,0
0,0,0
0,0,0
0,0,0
0,0,0
0,0,0
0,0,0
0,0,0
0,0,0
0,0,0
0,0,0
0,0,0
0,0,0
0,0,0
0,0,0
0,0,0
0,0,0
0,0,0
0,0,0
0,0,0
0,0,0
0,0,0
0,0,0
0,0,0
0,0,0
0,0,0
0,0,0
0,0,0
0,0,0
0,0,0
0,0,0
0,0,0
0,0,0
0,0,0
0,0,0
0,0,0
0,0,0
0,0,0
0,0,0
0,0,0
0,0,0
0,0,0
0,0,0
0,0,0
0,0,0
0,0,0
1.52847,5.02248,-0.986923
1.56217,5.02238,-0.988842
1.59147,5.00802,-0.987882
1.61823,4.98602,-0.985388
1.65743,5.00209,-0.99076
1.68464,4.9816,-0.98865
1.71421,4.96838,-0.988074
1.74141,4.94851,-0.986156
1.76512,4.91926,-0.982319
1.79089,4.89635,-0.979825
1.82261,4.88987,-0.980784
1.84945,4.87034,-0.979058
1.87682,4.85249,-0.977715
1.90763,4.84362,-0.97829
1.92746,4.80723,-0.973111
1.95878,4.79985,-0.97407
1.98593,4.7823,-0.972919
2.00913,4.75556,-0.96985
2.04563,4.76028,-0.973495
2.06734,4.73055,-0.96985
2.09473,4.71419,-0.969082
2.12604,4.70661,-0.970233
2.15283,4.68902,-0.969274
2.2077,4.73176,-0.98136
2.23837,4.72167,-0.982127
2.25964,4.69193,-0.978674
2.29226,4.68591,-0.980401
2.29784,4.62517,-0.970233
2.32176,4.60222,-0.968315
2.35576,4.59925,-0.970809
2.37715,4.57164,-0.967931
2.396,4.53961,-0.964095
2.42566,4.52828,-0.964862
2.45247,4.51159,-0.964478
2.48294,4.50161,-0.965629
2.49998,4.46745,-0.961409
2.52492,4.44776,-0.96045
2.5507,4.42963,-0.959874
2.59119,4.43678,-0.965054
2.61636,4.41742,-0.964286
2.62877,4.37688,-0.958723
2.66221,4.37157,-0.961217
2.68744,4.35264,-0.960642
2.7167,4.34023,-0.961601
2.74485,4.32597,-0.962176
2.74799,4.27272,-0.953735
2.76237,4.23769,-0.949515
2.79968,4.23785,-0.953544
2.81417,4.20347,-0.949515
2.85698,4.2113,-0.955462
2.90278,4.22281,-0.962368
2.91237,4.18156,-0.956805
2.92723,4.14838,-0.95316
2.93494,4.10558,-0.947213
2.97503,4.10817,-0.952201
2.9822,4.0653,-0.946254
3.02581,4.07214,-0.952393
3.05251,4.05585,-0.952968
3.06842,4.02533,-0.95009
3.09965,4.01498,-0.952201
3.11335,3.98196,-0.948748
3.13773,3.96278,-0.948748
3.1718,3.95571,-0.951817
3.18426,3.92169,-0.948172
3.20889,3.90284,-0.948364
3.21583,3.86271,-0.943184
3.24516,3.84966,-0.944911
3.26808,3.82893,-0.944719
3.3005,3.8192,-0.947405
3.30965,3.78263,-0.943184
3.34646,3.77768,-0.947213
3.35582,3.74173,-0.943184
3.40114,3.74577,-0.949707
3.42074,3.72122,-0.948748
3.42948,3.68507,-0.944719
3.43049,3.6411,-0.93858
3.45954,3.62708,-0.940499
3.48718,3.61144,-0.942033
3.50859,3.58927,-0.941841
3.51398,3.55093,-0.937237
3.52529,3.5189,-0.93436
3.5545,3.50478,-0.93647
3.58859,3.49523,-0.939923
3.59795,3.46158,-0.936662
3.60845,3.42929,-0.933784
3.61798,3.39634,-0.930715
3.65674,3.39076,-0.935511
3.66807,3.35964,-0.933017
3.68643,3.33509,-0.932441
3.70317,3.30914,-0.931482
3.70501,3.27012,-0.926686
3.74424,3.26409,-0.931674
3.74709,3.22632,-0.927262
3.76532,3.202,-0.926878
3.77062,3.16684,-0.923233
3.78998,3.14364,-0.923233
3.83349,3.14024,-0.929372
3.85192,3.11604,-0.92918
3.8679,3.0899,-0.928413
3.87369,3.05577,-0.925152
3.88463,3.02591,-0.923233
3.87823,2.98286,-0.917095
3.8863,2.95129,-0.914601
3.88471,2.91267,-0.909805
3.91513,2.89812,-0.912874
3.94948,2.88621,-0.916903
3.96074,2.85733,-0.915368
3.98779,2.8398,-0.91767
4.00835,2.81754,-0.918437
4.02799,2.79457,-0.919013
4.02401,2.75538,-0.914025
4.07499,2.75373,-0.922082
4.06813,2.71287,-0.916519
4.0724,2.67977,-0.913641
4.08301,2.65099,-0.912299
4.11242,2.63436,-0.915368
4.11357,2.59963,-0.911915
4.13111,2.57538,-0.912299
4.14433,2.54844,-0.911723
4.14646,2.51482,-0.908654
4.16097,2.48883,-0.908462
4.19054,2.47173,-0.911723
4.18951,2.43659,-0.908078
4.21289,2.41572,-0.909997
4.23105,2.39176,-0.910764
4.23965,2.36241,-0.909421
4.2532,2.33588,-0.909229
4.25019,2.30039,-0.905392
4.27722,2.2812,-0.90827
4.29895,2.25902,-0.909997
4.32406,2.23847,-0.91249
4.33334,2.20966,-0.911531
4.33717,2.17818,-0.909421
4.30296,2.12803,-0.899062
4.31329,2.10029,-0.898486
4.31724,2.06954,-0.896568
4.32542,2.04092,-0.895609
4.33965,2.01517,-0.895992
4.34211,1.98401,-0.893882
4.35868,1.95935,-0.894841
4.3751,1.93455,-0.895801
4.3626,1.8971,-0.890621
4.36874,1.86798,-0.88947
4.39821,1.84875,-0.893307
4.41492,1.82397,-0.894458
4.40875,1.78983,-0.890813
4.44973,1.77475,-0.897143
4.4587,1.7467,-0.89676
4.44003,1.70803,-0.890621
4.48348,1.69324,-0.897527
4.5039,1.66945,-0.899637
4.50945,1.64011,-0.898678
4.49909,1.60515,-0.894458
4.53572,1.58692,-0.900021
4.49525,1.54185,-0.889662
4.50555,1.51455,-0.889854
4.48214,1.47612,-0.883139
4.52754,1.46035,-0.890621
4.4943,1.41924,-0.881988
4.50667,1.39279,-0.882756
4.53392,1.3708,-0.886592
4.52907,1.33905,-0.883907
4.53438,1.31042,-0.883331
4.54233,1.28257,-0.883331
4.54917,1.25442,-0.883139
4.54351,1.22291,-0.880454
4.55853,1.197,-0.881988
4.56578,1.16901,-0.881988
4.55668,1.13693,-0.878727
4.57502,1.11173,-0.881029
4.56647,1.08002,-0.87796
4.57206,1.05176,-0.877768
4.57747,1.02347,-0.877576
4.55201,0.988486,-0.871246
4.58296,0.965805,-0.876233
4.58976,0.937863,-0.876425
4.60313,0.911209,-0.87796
4.61924,0.884982,-0.88007
4.5966,0.851431,-0.874507
4.61912,0.826326,-0.87796
4.6096,0.795461,-0.875082
4.59697,0.764261,-0.871629
4.61029,0.737437,-0.873356
4.60988,0.708389,-0.872397
4.64036,0.68396,-0.877576
4.5881,0.647506,-0.86645
4.63576,0.625256,-0.875082
4.61614,0.593789,-0.870478
4.63431,0.567246,-0.873356
4.63576,0.538572,-0.872972
4.58532,0.504204,-0.862421
4.62444,0.479816,-0.869519
4.61265,0.449999,-0.866641
4.64367,0.424285,-0.872205
4.63738,0.395032,-0.870478
4.61624,0.364709,-0.865874
4.61839,0.336377,-0.865874
4.6233,0.30823,-0.86645
4.64274,0.280927,-0.869903
4.64732,0.252595,-0.870478
4.62035,0.222698,-0.864915
4.61477,0.194053,-0.863572
4.64235,0.166691,-0.868752
4.66389,0.138821,-0.87278
4.67839,0.11053,-0.875466
4.67407,0.0817345,-0.874507
4.64406,0.0527006,-0.86856
4.65706,0.0242739,-0.871054
4.63455,-0.00428652,-0.866641
4.62069,-0.0326299,-0.863956
4.63513,-0.0611719,-0.866833
4.62093,-0.0893492,-0.864148
4.60557,-0.11733,-0.86127
4.60771,-0.145679,-0.861845
4.61065,-0.174096,-0.862613
4.6095,-0.202383,-0.862613
4.65326,-0.232908,-0.871437
4.60863,-0.259043,-0.862997
4.60009,-0.28689,-0.861654
4.58748,-0.314375,-0.859543
4.60699,-0.34412,-0.863764
4.60088,-0.372066,-0.862997
4.58776,-0.399356,-0.860886
4.59206,-0.428135,-0.862229
4.59325,-0.456691,-0.862997
4.58939,-0.484763,-0.862805
4.5834,-0.512587,-0.862229
4.59674,-0.542653,-0.86549
4.60209,-0.571935,-0.867217
4.57124,-0.596612,-0.861845
4.55875,-0.623455,-0.860119
4.54706,-0.650306,-0.858584
4.54105,-0.677904,-0.858201
4.54941,-0.707713,-0.860694
4.5411,-0.734988,-0.859927
4.54619,-0.764463,-0.861845
4.55108,-0.794028,-0.863764
4.54419,-0.821589,-0.86338
4.5352,-0.848735,-0.862613
4.5222,-0.875057,-0.861078
4.51675,-0.902788,-0.861078
4.51016,-0.930287,-0.860886
4.50437,-0.957944,-0.860886
4.50416,-0.986823,-0.862037
4.49132,-1.01293,-0.860694
4.46494,-1.03582,-0.856666
4.45755,-1.06297,-0.856474
4.45761,-1.09193,-0.857817
4.44131,-1.11687,-0.855899
4.44578,-1.14704,-0.858201
4.43486,-1.17329,-0.857433
4.42947,-1.201,-0.857817
4.43148,-1.23078,-0.859735
4.4144,-1.25526,-0.857817
4.40567,-1.28205,-0.857625
4.38644,-1.3057,-0.855323
4.3605,-1.32717,-0.851678
4.36258,-1.3571,-0.853788
4.36166,-1.38622,-0.855323
4.35307,-1.41296,-0.855323
4.34711,-1.44057,-0.855899
4.32983,-1.46439,-0.854172
4.31612,-1.48933,-0.853213
4.30412,-1.51481,-0.852637
4.28828,-1.53887,-0.851294
4.31563,-1.57863,-0.858968
4.28011,-1.59549,-0.853597
4.2528,-1.6151,-0.849952
4.25471,-1.64577,-0.852445
4.24454,-1.67184,-0.852445
4.22782,-1.6953,-0.851103
4.22734,-1.72529,-0.853213
4.20217,-1.74517,-0.850143
4.21037,-1.77894,-0.854172
4.19667,-1.80358,-0.853597
4.17113,-1.82301,-0.850527
4.16973,-1.85295,-0.852637
4.14755,-1.87366,-0.850335
4.14579,-1.90357,-0.852445
4.1447,-1.93395,-0.854748
4.11236,-1.94968,-0.850335
4.1012,-1.9753,-0.850527
4.104,-2.00776,-0.853788
4.08632,-2.03028,-0.852637
4.06152,-2.04913,-0.849952
4.05062,-2.07491,-0.850335
4.04391,-2.10289,-0.851678
4.03353,-2.12904,-0.852254
4.05327,-2.17135,-0.859543
4.03556,-2.19384,-0.858584
4.03492,-2.22567,-0.861462
4.00063,-2.23888,-0.856858
3.9962,-2.26872,-0.858968
3.96775,-2.28487,-0.855707
3.96891,-2.31808,-0.85916
3.91492,-2.31889,-0.850143
3.93427,-2.36307,-0.857817
3.89623,-2.37288,-0.852445
3.91249,-2.41581,-0.859543
3.85766,-2.41479,-0.850335
3.84277,-2.43842,-0.850335
3.82526,-2.46036,-0.84976
3.79776,-2.47574,-0.846882
3.80215,-2.51198,-0.851486
3.78422,-2.53362,-0.850911
3.75723,-2.54909,-0.848225
3.74071,-2.57154,-0.848033
3.72567,-2.595,-0.848225
3.70406,-2.61385,-0.846882
3.70712,-2.65022,-0.851486
3.67409,-2.66084,-0.847458
3.67431,-2.69552,-0.851486
3.65692,-2.71743,-0.851294
3.62606,-2.72919,-0.847841
3.61237,-2.75377,-0.848609
3.5954,-2.77588,-0.848609
3.58913,-2.80635,-0.851294
3.56338,-2.82162,-0.849184
3.55136,-2.84773,-0.850527
3.53991,-2.87442,-0.852062
3.51538,-2.89047,-0.850335
3.50664,-2.91952,-0.852637
3.48866,-2.94098,-0.852637
3.46084,-2.95405,-0.850143
3.45007,-2.98165,-0.852062
3.41842,-2.99113,-0.848609
3.41176,-3.02246,-0.851678
3.36465,-3.01779,-0.844196
3.35915,-3.05025,-0.84765
3.34398,-3.07412,-0.848609
3.33943,-3.10795,-0.852445
3.31458,-3.123,-0.850911
3.29038,-3.13854,-0.849568
3.23222,-3.12119,-0.839017
3.20178,-3.12998,-0.835948
3.18949,-3.15647,-0.837866
3.15065,-3.15654,-0.832494
3.12433,-3.16883,-0.830576
3.10756,-3.19075,-0.831343
3.08861,-3.21046,-0.831535
3.0702,-3.23078,-0.831919
3.05301,-3.25242,-0.832686
3.01898,-3.25598,-0.828658
3.01684,-3.29398,-0.833837
2.97945,-3.29351,-0.82885
2.98077,-3.33587,-0.83518
2.9596,-3.35336,-0.834988
2.93123,-3.36258,-0.832686
2.91759,-3.38869,-0.834796
2.89737,-3.40727,-0.834988
2.87768,-3.42649,-0.835372
2.82589,-3.40707,-0.825972
2.80306,-3.42207,-0.825397
2.78572,-3.44378,-0.826548
2.7725,-3.47078,-0.829041
2.75541,-3.49312,-0.830384
2.72004,-3.49215,-0.825972
2.69079,-3.49867,-0.823478
2.67045,-3.51667,-0.823862
2.64412,-3.52671,-0.822327
2.62768,-3.54997,-0.824054
2.60353,-3.56286,-0.823286
2.5776,-3.57319,-0.821943
2.55791,-3.59214,-0.822711
2.52679,-3.59492,-0.819641
2.50804,-3.6152,-0.820792
2.4908,-3.6378,-0.822519
2.46788,-3.65221,-0.822327
2.43998,-3.65912,-0.820409
2.4164,-3.67238,-0.820025
2.39489,-3.68878,-0.820409
2.37115,-3.70176,-0.820025
2.3421,-3.70628,-0.817723
2.32243,-3.72558,-0.818874
2.29233,-3.72806,-0.816188
2.27858,-3.75715,-0.819641
2.25195,-3.76517,-0.818299
2.22432,-3.77131,-0.816572
2.19719,-3.7781,-0.815037
2.17348,-3.79066,-0.814846
2.14679,-3.79794,-0.813503
2.12106,-3.80676,-0.812543
2.09766,-3.8197,-0.812543
2.07559,-3.83509,-0.813119
2.06172,-3.86594,-0.817148
2.027,-3.85767,-0.812543
2.0078,-3.87875,-0.814462
2.00092,-3.92421,-0.821752
1.95873,-3.90046,-0.813886
1.93302,-3.90889,-0.813119
1.90513,-3.91273,-0.811392
1.87854,-3.91904,-0.810241
1.85446,-3.93049,-0.810241
1.82659,-3.93379,-0.808515
1.80078,-3.94135,-0.807748
1.77858,-3.9568,-0.808707
1.75466,-3.96854,-0.808899
1.73537,-3.99093,-0.811392
1.70815,-3.99519,-0.81005
1.68208,-4.00197,-0.809282
1.65824,-4.01403,-0.809666
1.62841,-4.0114,-0.80698
1.61104,-4.03955,-0.810817
1.57978,-4.03291,-0.807364
1.55606,-4.04528,-0.807939
1.5326,-4.05842,-0.808707
1.50937,-4.07235,-0.809666
1.48402,-4.08061,-0.809474
1.45928,-4.09056,-0.809666
1.43383,-4.09851,-0.809474
1.40037,-4.0831,-0.804486
1.38093,-4.10836,-0.807939
1.35538,-4.11582,-0.807748
1.32528,-4.10912,-0.804678
1.29413,-4.09846,-0.800841
1.26635,-4.09788,-0.799115
1.23833,-4.09618,-0.797197
1.20789,-4.08582,-0.793552
1.18007,-4.08373,-0.791633
1.15232,-4.08145,-0.789715
1.12725,-4.08844,-0.789715
0,0,0
1.08249,-4.12285,-0.793935
1.05765,-4.13131,-0.794319
1.03419,-4.14534,-0.795854
1.01221,-4.16592,-0.798731
0.987989,-4.17778,-0.799882
0,0,0
0,0,0
0,0,0
0,0,0
0,0,0
0,0,0
0,0,0
0,0,0
0,0,0
0,0,0
0,0,0
0,0,0
0,0,0
0,0,0
0,0,0
0,0,0
0,0,0
0,0,0
0,0,0
0,0,0
0,0,0
0,0,0
0,0,0
0,0,0
0,0,0
0,0,0
0,0,0
0,0,0
0,0,0
0,0,0
0,0,0
0,0,0
0,0,0
0,0,0
0,0,0
0,0,0
0,0,0
0,0,0
0,0,0
0,0,0
0,0,0
0,0,0
0,0,0
0,0,0
0,0,0
0,0,0
0,0,0
0,0,0
0,0,0
0,0,0
0,0,0
0,0,0
0,0,0
0,0,0
0,0,0
0,0,0
0,0,0
0,0,0
0,0,0
0,0,0
0,0,0
0,0,0
0,0,0
0,0,0
0,0,0
0,0,0
0,0,0
0,0,0
0,0,0
0,0,0
0,0,0
0,0,0
0,0,0
0,0,0
0,0,0
0,0,0
0,0,0
0,0,0
0,0,0
0,0,0
0,0,0
0,0,0
0,0,0
0,0,0
0,0,0
0,0,0
0,0,0
0,0,0
0,0,0
0,0,0
0,0,0
0,0,0
0,0,0
0,0,0
0,0,0
0,0,0
0,0,0
0,0,0
0,0,0
0,0,0
0,0,0
0,0,0
0,0,0
0,0,0
0,0,0
0,0,0
0,0,0
0,0,0
0,0,0
0,0,0
0,0,0
0,0,0
0,0,0
0,0,0
0,0,0
0,0,0
0,0,0
0,0,0
0,0,0
0,0,0
0,0,0
0,0,0
0,0,0
0,0,0
0,0,0
0,0,0
0,0,0
0,0,0
0,0,0
0,0,0
0,0,0
0,0,0
0,0,0
0,0,0
0,0,0
0,0,0
0,0,0
0,0,0
0,0,0
0,0,0
0,0,0
0,0,0
0,0,0
0,0,0
0,0,0
0,0,0
0,0,0
0,0,0
0,0,0
0,0,0
0,0,0
0,0,0
0,0,0
0,0,0
0,0,0
0,0,0
0,0,0
0,0,0
0,0,0
0,0,0
0,0,0
0,0,0
0,0,0
0,0,0
0,0,0
0,0,0
0,0,0
0,0,0
0,0,0
0,0,0
0,0,0
0,0,0
0,0,0
0,0,0
0,0,0
0,0,0
0,0,0
0,0,0
0,0,0
0,0,0
0,0,0
0,0,0
0,0,0
0,0,0
0,0,0
0,0,0
0,0,0
0,0,0
0,0,0
0,0,0
0,0,0
0,0,0
0,0,0
0,0,0
0,0,0
0,0,0
0,0,0
0,0,0
0,0,0
0,0,0
0,0,0
0,0,0
0,0,0
0,0,0
0,0,0
0,0,0
0,0,0
0,0,0
0,0,0
0,0,0
0,0,0
0,0,0
0,0,0
0,0,0
0,0,0
0,0,0
0,0,0
0,0,0
0,0,0
0,0,0
0,0,0
0,0,0
0,0,0
0,0,0
0,0,0
0,0,0
0,0,0
0,0,0
0,0,0
0,0,0
0,0,0
0,0,0
0,0,0
0,0,0
0,0,0
0,0,0
0,0,0
0,0,0
0,0,0
0,0,0
0,0,0
0,0,0
0,0,0
0,0,0
0,0,0
0,0,0
0,0,0
0,0,0
0,0,0
0,0,0
0,0,0
0,0,0
0,0,0
0,0,0
0,0,0
0,0,0
0,0,0
0,0,0
0,0,0
0,0,0
0,0,0
0,0,0
0,0,0
0,0,0
0,0,0
0,0,0
0,0,0
0,0,0
0,0,0
0,0,0
0,0,0
0,0,0
0,0,0
0,0,0
0,0,0
0,0,0
0,0,0
0,0,0
0,0,0
0,0,0
0,0,0
0,0,0
0,0,0
0,0,0
0,0,0
0,0,0
0,0,0
0,0,0
0,0,0
0,0,0
0,0,0
0,0,0
0,0,0
0,0,0
0,0,0
0,0,0
0,0,0
0,0,0
0,0,0
0,0,0
0,0,0
0,0,0
0,0,0
0,0,0
0,0,0
0,0,0
0,0,0
0,0,0
0,0,0
0,0,0
0,0,0
0,0,0
0,0,0
0,0,0
0,0,0
0,0,0
0,0,0
0,0,0
0,0,0
0,0,0
0,0,0
0,0,0
0,0,0
0,0,0
0,0,0
0,0,0
0,0,0
0,0,0
0,0,0
0,0,0
0,0,0
0,0,0
0,0,0
0,0,0
0,0,0
0,0,0
0,0,0
0,0,0
0,0,0
0,0,0
0,0,0
0,0,0
0,0,0
0,0,0
0,0,0
0,0,0
0,0,0
0,0,0
0,0,0
0,0,0
0,0,0
0,0,0
0,0,0
0,0,0
0,0,0
0,0,0
0,0,0
0,0,0
0,0,0
0,0,0
0,0,0
0,0,0
0,0,0
0,0,0
0,0,0
0,0,0
0,0,0
0,0,0
0,0,0
0,0,0
0,0,0
0,0,0
0,0,0
0,0,0
0,0,0
0,0,0
0,0,0
0,0,0
0,0,0
0,0,0
0,0,0
0,0,0
0,0,0
0,0,0
0,0,0
0,0,0
0,0,0
0,0,0
0,0,0
0,0,0
0,0,0
0,0,0
0,0,0
0,0,0
0,0,0
0,0,0
0,0,0
0,0,0
0,0,0
0,0,0
0,0,0
0,0,0
0,0,0
0,0,0
0,0,0
0,0,0
0,0,0
0,0,0
0,0,0
0,0,0
0,0,0
0,0,0
0,0,0
0,0,0
0,0,0
0,0,0
0,0,0
0,0,0
0,0,0
0,0,0
0,0,0
0,0,0
0,0,0
0,0,0
0,0,0
0,0,0
0,0,0
0,0,0
0,0,0
0,0,0
0,0,0
0,0,0
0,0,0
0,0,0
0,0,0
0,0,0
0,0,0
0,0,0
0,0,0
0,0,0
0,0,0
0,0,0
0,0,0
0,0,0
0,0,0
0,0,0
0,0,0
0,0,0
0,0,0
0,0,0
0,0,0
0,0,0
0,0,0
0,0,0
0,0,0
0,0,0
0,0,0
0,0,0
0,0,0
0,0,0
0,0,0
0,0,0
0,0,0
0,0,0
0,0,0
0,0,0
0,0,0
0,0,0
0,0,0
0,0,0
0,0,0
0,0,0
0,0,0
0,0,0
0,0,0
0,0,0
0,0,0
0,0,0
0,0,0
0,0,0
0,0,0
0,0,0
0,0,0
0,0,0
0,0,0
0,0,0
0,0,0
0,0,0
0,0,0
0,0,0
0,0,0
0,0,0
0,0,0
0,0,0
0,0,0
0,0,0
0,0,0
0,0,0
0,0,0
0,0,0
0,0,0
0,0,0
0,0,0
0,0,0
0,0,0
0,0,0
0,0,0
0,0,0
0,0,0
0,0,0
0,0,0
0,0,0
0,0,0
0,0,0
0,0,0
0,0,0
0,0,0
0,0,0
0,0,0
0,0,0
0,0,0
0,0,0
0,0,0
0,0,0
0,0,0
0,0,0
0,0,0
0,0,0
0,0,0
0,0,0
0,0,0
0,0,0
0,0,0
0,0,0
0,0,0
0,0,0
0,0,0
0,0,0
0,0,0
0,0,0
0,0,0
0,0,0
0,0,0
0,0,0
0,0,0
0,0,0
0,0,0
0,0,0
0,0,0
0,0,0
0,0,0
0,0,0
0,0,0
0,0,0
0,0,0
0,0,0
0,0,0
0,0,0
0,0,0
0,0,0
0,0,0
0,0,0
0,0,0
0,0,0
0,0,0
0,0,0
0,0,0
0,0,0
0,0,0
0,0,0
0,0,0
0,0,0
0,0,0
0,0,0
0,0,0
0,0,0
0,0,0
0,0,0
0,0,0
0,0,0
0,0,0
0,0,0
0,0,0
0,0,0
0,0,0
0,0,0
0,0,0
1.57377,4.56193,-0.96079
1.60726,4.56789,-0.96424
1.63922,4.569,-0.966676
1.66857,4.56254,-0.967488
0,0,0
1.71783,4.52432,-0.963631
1.74909,4.52283,-0.965661
1.77789,4.51475,-0.96627
1.80629,4.50557,-0.966676
1.83945,4.508,-0.96972
1.85994,4.47945,-0.965864
1.88663,4.46615,-0.965458
1.91051,4.44639,-0.963631
1.93188,4.42113,-0.960587
1.96255,4.41724,-0.962414
1.98075,4.38548,-0.957949
2.0305,4.42308,-0.969314
2.03483,4.36174,-0.958152
2.06365,4.35359,-0.959166
2.09712,4.35496,-0.962414
2.09669,4.2866,-0.949627
2.12949,4.28681,-0.952672
2.16546,4.29289,-0.957137
2.1806,4.25774,-0.952063
2.21481,4.25992,-0.955716
2.25051,4.26443,-0.959978
2.27895,4.25486,-0.960993
2.29098,4.21499,-0.954904
2.31538,4.19828,-0.954295
2.33058,4.16519,-0.94983
2.35609,4.15081,-0.94983
2.39178,4.1541,-0.954092
2.40487,4.11821,-0.949018
2.43459,4.11095,-0.950845
2.46884,4.11105,-0.954498
2.49962,4.10502,-0.956731
2.51602,4.07544,-0.953281
2.54202,4.06159,-0.953686
2.57371,4.05666,-0.956325
2.58743,4.0235,-0.952063
2.60084,3.99032,-0.947801
2.62851,3.97919,-0.949018
2.65996,3.97356,-0.951657
2.69144,3.9677,-0.954295
2.69687,3.92368,-0.947395
2.70523,3.88456,-0.941712
2.72675,3.86469,-0.9409
2.77206,3.87815,-0.948613
2.78661,3.84838,-0.945365
2.82465,3.85095,-0.950439
2.83071,3.80997,-0.94435
2.8452,3.78079,-0.941306
2.89446,3.79753,-0.950236
2.91232,3.77272,-0.94841
2.92155,3.73704,-0.943742
2.92801,3.69831,-0.938262
2.95126,3.68104,-0.938465
2.97132,3.65982,-0.937653
2.99807,3.64682,-0.939074
3.03292,3.6434,-0.943133
3.02051,3.58355,-0.93197
3.04435,3.56718,-0.932579
3.05529,3.53584,-0.929129
3.07371,3.51334,-0.928114
3.09326,3.49222,-0.927505
3.14274,3.50452,-0.936232
3.1293,3.44675,-0.925475
3.16232,3.44046,-0.929129
3.16936,3.40593,-0.924866
3.1902,3.38642,-0.924866
3.22308,3.37954,-0.92852
3.23764,3.35336,-0.926693
3.24651,3.32153,-0.923243
3.27854,3.31338,-0.926693
3.33277,3.32709,-0.936638
3.3085,3.26258,-0.923649
3.34669,3.25998,-0.928926
3.3631,3.23599,-0.927911
3.36018,3.19371,-0.921416
3.34045,3.13617,-0.910253
3.38763,3.14158,-0.918169
3.39313,3.10817,-0.914313
3.41576,3.09058,-0.915327
3.43466,3.06956,-0.915327
3.49675,3.08666,-0.927302
3.47355,3.02847,-0.915733
3.50468,3.01796,-0.919184
3.52164,2.99513,-0.918778
3.51671,2.95394,-0.912486
3.55738,2.95106,-0.918575
3.5686,2.9236,-0.916748
3.55754,2.87824,-0.909036
3.59044,2.86858,-0.913095
3.59106,2.83316,-0.90863
3.62151,2.8213,-0.91208
3.63487,2.79604,-0.911065
3.66287,2.78197,-0.913907
3.67282,2.75416,-0.91208
3.68729,2.72982,-0.911471
3.70397,2.70715,-0.911471
3.7086,2.67578,-0.908427
3.73612,2.66092,-0.911268
3.74196,2.63063,-0.90863
3.75481,2.60539,-0.907818
3.77154,2.58285,-0.908021
3.77839,2.55363,-0.905788
3.78014,2.52116,-0.902338
3.79799,2.49954,-0.902947
3.83379,2.48952,-0.908021
3.83662,2.45802,-0.904977
3.85163,2.43444,-0.904977
3.86317,2.40868,-0.904165
3.87037,2.38032,-0.902338
3.88993,2.35957,-0.903556
3.90433,2.33566,-0.903556
3.91353,2.30868,-0.902338
3.92762,2.28462,-0.902338
3.94157,2.26048,-0.902338
3.96644,2.24251,-0.904977
3.98697,2.22195,-0.9066
3.99023,2.19178,-0.904165
4.00274,2.16679,-0.903962
4.00128,2.13436,-0.900511
3.99263,2.09838,-0.895437
4.03499,2.08915,-0.902338
4.04686,2.06391,-0.902135
4.06558,2.04211,-0.903556
4.07452,2.01539,-0.902744
4.06216,1.97835,-0.897061
4.08835,1.96016,-0.900308
4.0879,1.92919,-0.897467
4.11565,1.91149,-0.90112
4.09345,1.87074,-0.893408
4.10575,1.84599,-0.893611
4.12237,1.82314,-0.894829
4.15054,1.80523,-0.898685
4.10932,1.7574,-0.886913
4.12183,1.73291,-0.887319
4.10524,1.69637,-0.88123
4.1573,1.68809,-0.890566
4.11756,1.6426,-0.879404
4.12209,1.61516,-0.878186
4.17031,1.6046,-0.88671
4.17275,1.57622,-0.885087
4.15296,1.53969,-0.878592
4.21938,1.53493,-0.891175
4.17892,1.49125,-0.880216
4.19723,1.46881,-0.882245
4.18301,1.43509,-0.877171
4.19452,1.41033,-0.87778
4.20775,1.3861,-0.878795
4.21803,1.36086,-0.879201
4.22631,1.33495,-0.879201
4.24845,1.31333,-0.882245
4.25268,1.2861,-0.881433
4.26237,1.26054,-0.881839
4.2719,1.23491,-0.882245
4.27092,1.20628,-0.880419
4.28107,1.18083,-0.881027
4.25325,1.14512,-0.873518
4.28482,1.12547,-0.878795
4.28691,1.09794,-0.87778
4.29261,1.07138,-0.877577
4.29625,1.04433,-0.876968
4.3102,1.01975,-0.878592
4.29156,0.987576,-0.873315
4.31857,0.965925,-0.87778
4.34259,0.943356,-0.881636
4.33776,0.914472,-0.879404
4.33849,0.886858,-0.878389
4.34001,0.859461,-0.877577
4.34424,0.83263,-0.877374
4.30305,0.797399,-0.867632
4.34353,0.777361,-0.875142
4.34822,0.750695,-0.875142
4.35081,0.723679,-0.874736
4.3455,0.695423,-0.872706
4.32452,0.66488,-0.867429
4.35467,0.642187,-0.872909
4.35562,0.615045,-0.8723
4.34961,0.586999,-0.870271
4.30166,0.553679,-0.859514
4.34094,0.531675,-0.867023
4.31883,0.502092,-0.861746
4.33059,0.476546,-0.863573
4.33051,0.449662,-0.862964
4.34001,0.423748,-0.864385
4.33668,0.396575,-0.863167
4.32634,0.368878,-0.860529
4.36074,0.34487,-0.867226
4.35594,0.317609,-0.865806
4.36562,0.291396,-0.867429
4.36342,0.264367,-0.866617
4.36007,0.237323,-0.865603
4.37416,0.211178,-0.868241
4.37537,0.184335,-0.868241
4.37055,0.157274,-0.867023
4.34696,0.129726,-0.861949
4.35746,0.103282,-0.863979
4.30319,0.0755857,-0.852613
4.34372,0.0496354,-0.860935
4.35667,0.0230481,-0.863573
4.37925,-0.00370552,-0.868241
4.37033,-0.0305137,-0.866414
4.35048,-0.0570702,-0.862355
4.34124,-0.0835927,-0.860529
4.35532,-0.110603,-0.863573
4.33988,-0.13686,-0.860529
4.32722,-0.163043,-0.858093
4.34668,-0.190493,-0.862355
4.34445,-0.217112,-0.862152
4.34597,-0.24393,-0.862761
4.33951,-0.270287,-0.861746
4.3407,-0.297109,-0.862355
4.31633,-0.32206,-0.857687
4.30061,-0.347433,-0.854846
4.32571,-0.376192,-0.860529
4.33015,-0.403364,-0.861949
4.32369,-0.429538,-0.861138
4.31806,-0.455751,-0.860529
4.32004,-0.482782,-0.861543
4.30922,-0.508361,-0.85992
4.31282,-0.535638,-0.861341
4.30072,-0.56095,-0.859514
4.30592,-0.588523,-0.861341
4.30611,-0.615487,-0.862152
4.29935,-0.641463,-0.861543
4.2963,-0.667982,-0.861746
4.28052,-0.692454,-0.859311
4.28778,-0.720654,-0.861746
4.27073,-0.744762,-0.859108
4.27572,-0.772695,-0.861138
4.26994,-0.798735,-0.860935
4.25726,-0.823432,-0.859311
4.25789,-0.85069,-0.860529
4.24396,-0.875019,-0.858702
4.22893,-0.899006,-0.856672
4.2176,-0.92368,-0.855455
4.20708,-0.948465,-0.85444
4.20118,-0.974261,-0.85444
4.19703,-1.00047,-0.854846
4.18605,-1.02504,-0.853831
4.17779,-1.05023,-0.853425
4.176,-1.07707,-0.85444
4.17026,-1.10292,-0.854643
4.17381,-1.13131,-0.856875
4.16207,-1.15559,-0.855861
4.16244,-1.18325,-0.857484
4.1316,-1.20192,-0.85241
4.13634,-1.23088,-0.855049
4.13715,-1.25881,-0.856875
4.13308,-1.28533,-0.857687
4.13352,-1.31334,-0.859514
4.11421,-1.33505,-0.857078
4.0985,-1.3578,-0.855455
4.09009,-1.38293,-0.855455
4.07227,-1.4048,-0.853425
4.05619,-1.42716,-0.851801
4.03998,-1.44938,-0.850178
4.01998,-1.4701,-0.847742
4.01272,-1.49542,-0.848148
3.99065,-1.51515,-0.845307
3.99498,-1.54491,-0.848351
3.98907,-1.57083,-0.849163
3.98026,-1.59564,-0.849366
4.00666,-1.63483,-0.857484
3.99293,-1.65788,-0.856672
3.99351,-1.68692,-0.859108
3.9462,-1.69554,-0.850787
3.92675,-1.7158,-0.848757
3.90362,-1.7343,-0.845916
3.91165,-1.76668,-0.850178
3.90251,-1.79147,-0.850584
3.88967,-1.81455,-0.850178
3.87846,-1.83839,-0.850178
3.85917,-1.85832,-0.848351
3.86617,-1.89101,-0.852613
3.84835,-1.91164,-0.851193
3.83305,-1.93345,-0.850381
3.82199,-1.95738,-0.850584
3.79514,-1.97312,-0.847133
3.7743,-1.9918,-0.845104
3.75079,-2.00891,-0.842465
3.75043,-2.03843,-0.845307
3.74043,-2.06282,-0.845916
3.72428,-2.08382,-0.845104
3.71654,-2.10954,-0.846322
3.70352,-2.1323,-0.846322
3.69037,-2.15498,-0.846322
3.66781,-2.1721,-0.844089
3.68631,-2.21372,-0.851801
3.6576,-2.22713,-0.848148
3.6372,-2.24542,-0.846525
3.61506,-2.2625,-0.844495
3.59367,-2.27991,-0.842668
3.58867,-2.30775,-0.844901
3.57526,-2.33026,-0.845104
3.5756,-2.36187,-0.848757
3.55046,-2.37668,-0.846119
3.54797,-2.40667,-0.849163
3.52668,-2.42395,-0.847539
3.49567,-2.43436,-0.84348
3.49987,-2.46931,-0.848351
3.48306,-2.4896,-0.847945
3.4693,-2.51207,-0.848351
3.46172,-2.5391,-0.850381
3.4335,-2.55095,-0.847133
3.43421,-2.58434,-0.851396
3.43464,-2.61783,-0.855658
3.43712,-2.65321,-0.860529
3.39455,-2.65375,-0.853628
3.37283,-2.67027,-0.852207
3.35943,-2.69336,-0.853019
3.34512,-2.71578,-0.853628
3.31327,-2.72382,-0.849569
3.28446,-2.73407,-0.846322
3.2751,-2.76048,-0.848351
3.24023,-2.76527,-0.84348
3.2195,-2.7819,-0.842465
3.21416,-2.81192,-0.845713
3.20197,-2.83613,-0.847133
3.18378,-2.85507,-0.846931
3.12706,-2.83901,-0.835971
3.14274,-2.88862,-0.845307
3.09772,-2.8825,-0.837594
3.06287,-2.88534,-0.832723
3.08691,-2.94395,-0.844698
3.0223,-2.91795,-0.831303
3.03725,-2.96861,-0.840842
2.98627,-2.95482,-0.831303
2.98676,-2.9918,-0.836783
2.94428,-2.98566,-0.829679
2.92932,-3.00718,-0.830694
2.92032,-3.03497,-0.833535
2.91109,-3.06277,-0.836377
2.89358,-3.08201,-0.836783
2.87594,-3.10114,-0.837188
2.84363,-3.10428,-0.833129
2.83833,-3.13692,-0.837391
2.80141,-3.13457,-0.831912
2.775,-3.14362,-0.829679
2.76145,-3.16723,-0.831506
2.74132,-3.18337,-0.831303
2.72872,-3.20834,-0.833535
2.68379,-3.19503,-0.825417
2.69414,-3.24761,-0.835159
2.67478,-3.26484,-0.835362
2.63807,-3.26064,-0.829882
2.63207,-3.29436,-0.83455
2.60696,-3.3043,-0.832926
2.58302,-3.31559,-0.831709
2.56024,-3.32828,-0.830897
2.53622,-3.33924,-0.829679
2.49924,-3.33281,-0.823996
2.47175,-3.33863,-0.821561
2.46046,-3.36639,-0.824808
2.4409,-3.38301,-0.825214
2.42067,-3.39872,-0.825417
2.39358,-3.4047,-0.823184
2.38269,-3.4338,-0.826838
2.3577,-3.4427,-0.825417
2.33763,-3.45873,-0.825823
2.31636,-3.473,-0.825823
2.28909,-3.47815,-0.82359
2.2677,-3.49213,-0.82359
2.24729,-3.50763,-0.823996
2.2252,-3.52053,-0.823793
2.19631,-3.52248,-0.820952
2.1726,-3.53255,-0.82014
2.15037,-3.54498,-0.819937
2.12959,-3.55979,-0.820343
2.10522,-3.56857,-0.819328
2.08328,-3.58142,-0.819328
2.05981,-3.59159,-0.818719
2.04207,-3.61183,-0.820546
2.01844,-3.62173,-0.819937
1.99759,-3.63662,-0.820546
1.97337,-3.64536,-0.819734
1.94821,-3.65222,-0.818516
1.92485,-3.66237,-0.81811
1.90054,-3.67063,-0.817299
1.87131,-3.66914,-0.814254
1.84832,-3.67968,-0.814051
1.82831,-3.69622,-0.815269
1.8116,-3.71969,-0.81811
1.79171,-3.73692,-0.819531
1.76749,-3.74519,-0.818922
1.73705,-3.73997,-0.815269
1.71651,-3.75591,-0.816487
1.69022,-3.75922,-0.814863
1.67069,-3.77758,-0.81669
1.64514,-3.78237,-0.815472
1.62113,-3.7906,-0.815066
1.59784,-3.80047,-0.815066
1.57262,-3.80568,-0.814051
1.54408,-3.80256,-0.81121
1.52145,-3.81378,-0.811616
1.49587,-3.81757,-0.810398
1.47734,-3.83947,-0.813239
1.45064,-3.84022,-0.811413
1.43216,-3.86282,-0.814457
1.41144,-3.87982,-0.816284
1.38465,-3.88011,-0.814457
1.36114,-3.88945,-0.81466
1.33915,-3.90329,-0.815878
1.31018,-3.89658,-0.812631
1.28503,-3.90083,-0.811819
1.25956,-3.90398,-0.810804
1.23411,-3.90697,-0.809789
1.21069,-3.91634,-0.810195
1.18522,-3.919,-0.80918
1.16532,-3.94029,-0.812225
1.13949,-3.94172,-0.811007
1.11129,-3.9345,-0.807963
1.08713,-3.94125,-0.807963
1.06038,-3.93839,-0.805933
1.03321,-3.93345,-0.803497
0,0,0
0.9851,-3.94679,-0.8037
0.960171,-3.9499,-0.803092
0.940649,-3.97573,-0.807354
0.917334,-3.9862,-0.808368
0.891576,-3.98602,-0.807151
0,0,0
0,0,0
0,0,0
0,0,0
0,0,0
0,0,0
0,0,0
0,0,0
0,0,0
0,0,0
0,0,0
0,0,0
0,0,0
0,0,0
0,0,0
0,0,0
0,0,0
0,0,0
0,0,0
0,0,0
0,0,0
0,0,0
0,0,0
0,0,0
0,0,0
0,0,0
0,0,0
0,0,0
0,0,0
0,0,0
0,0,0
0,0,0
0,0,0
0,0,0
0,0,0
0,0,0
0,0,0
0,0,0
0,0,0
0,0,0
0,0,0
0,0,0
0,0,0
0,0,0
0,0,0
0,0,0
0,0,0
0,0,0
0,0,0
0,0,0
0,0,0
0,0,0
0,0,0
0,0,0
0,0,0
0,0,0
0,0,0
0,0,0
0,0,0
0,0,0
0,0,0
0,0,0
0,0,0
0,0,0
0,0,0
0,0,0
0,0,0
0,0,0
0,0,0
0,0,0
0,0,0
0,0,0
0,0,0
0,0,0
0,0,0
0,0,0
0,0,0
0,0,0
0,0,0
0,0,0
0,0,0
0,0,0
0,0,0
0,0,0
0,0,0
0,0,0
0,0,0
0,0,0
0,0,0
0,0,0
0,0,0
0,0,0
0,0,0
0,0,0
0,0,0
0,0,0
0,0,0
0,0,0
0,0,0
0,0,0
0,0,0
0,0,0
0,0,0
0,0,0
0,0,0
0,0,0
0,0,0
0,0,0
0,0,0
0,0,0
0,0,0
0,0,0
0,0,0
0,0,0
0,0,0
0,0,0
0,0,0
0,0,0
0,0,0
0,0,0
0,0,0
0,0,0
0,0,0
0,0,0
0,0,0
0,0,0
0,0,0
0,0,0
0,0,0
0,0,0
0,0,0
0,0,0
0,0,0
0,0,0
0,0,0
0,0,0
0,0,0
0,0,0
0,0,0
0,0,0
0,0,0
0,0,0
0,0,0
0,0,0
0,0,0
0,0,0
0,0,0
0,0,0
0,0,0
0,0,0
0,0,0
0,0,0
0,0,0
0,0,0
0,0,0
0,0,0
0,0,0
0,0,0
0,0,0
0,0,0
0,0,0
0,0,0
0,0,0
0,0,0
0,0,0
0,0,0
0,0,0
0,0,0
0,0,0
0,0,0
0,0,0
0,0,0
0,0,0
0,0,0
0,0,0
0,0,0
0,0,0
0,0,0
0,0,0
0,0,0
0,0,0
0,0,0
0,0,0
0,0,0
0,0,0
0,0,0
0,0,0
0,0,0
0,0,0
0,0,0
0,0,0
0,0,0
0,0,0
0,0,0
0,0,0
0,0,0
0,0,0
0,0,0
0,0,0
0,0,0
0,0,0
0,0,0
0,0,0
0,0,0
0,0,0
0,0,0
0,0,0
0,0,0
0,0,0
0,0,0
0,0,0
0,0,0
0,0,0
0,0,0
0,0,0
0,0,0
0,0,0
0,0,0
0,0,0
0,0,0
0,0,0
0,0,0
0,0,0
0,0,0
0,0,0
0,0,0
0,0,0
0,0,0
0,0,0
0,0,0
0,0,0
0,0,0
0,0,0
0,0,0
0,0,0
0,0,0
0,0,0
0,0,0
0,0,0
0,0,0
0,0,0
0,0,0
0,0,0
0,0,0
0,0,0
0,0,0
0,0,0
0,0,0
0,0,0
0,0,0
0,0,0
0,0,0
0,0,0
0,0,0
0,0,0
0,0,0
0,0,0
0,0,0
0,0,0
0,0,0
0,0,0
0,0,0
0,0,0
0,0,0
0,0,0
0,0,0
0,0,0
0,0,0
0,0,0
0,0,0
0,0,0
0,0,0
0,0,0
0,0,0
0,0,0
0,0,0
0,0,0
0,0,0
0,0,0
0,0,0
0,0,0
0,0,0
0,0,0
0,0,0
0,0,0
0,0,0
0,0,0
0,0,0
0,0,0
0,0,0
0,0,0
0,0,0
0,0,0
0,0,0
0,0,0
0,0,0
0,0,0
0,0,0
0,0,0
0,0,0
0,0,0
0,0,0
0,0,0
0,0,0
0,0,0
0,0,0
0,0,0
0,0,0
0,0,0
0,0,0
0,0,0
0,0,0
0,0,0
0,0,0
0,0,0
0,0,0
0,0,0
0,0,0
0,0,0
0,0,0
0,0,0
0,0,0
0,0,0
0,0,0
0,0,0
0,0,0
0,0,0
0,0,0
0,0,0
0,0,0
0,0,0
0,0,0
0,0,0
0,0,0
0,0,0
0,0,0
0,0,0
0,0,0
0,0,0
0,0,0
0,0,0
0,0,0
0,0,0
0,0,0
0,0,0
0,0,0
0,0,0
0,0,0
0,0,0
0,0,0
0,0,0
0,0,0
0,0,0
0,0,0
0,0,0
0,0,0
0,0,0
0,0,0
0,0,0
0,0,0
0,0,0
0,0,0
0,0,0
0,0,0
0,0,0
0,0,0
0,0,0
0,0,0
0,0,0
0,0,0
0,0,0
0,0,0
0,0,0
0,0,0
0,0,0
0,0,0
0,0,0
0,0,0
0,0,0
0,0,0
0,0,0
0,0,0
0,0,0
0,0,0
0,0,0
0,0,0
0,0,0
0,0,0
0,0,0
0,0,0
0,0,0
0,0,0
0,0,0
0,0,0
0,0,0
0,0,0
0,0,0
0,0,0
0,0,0
0,0,0
0,0,0
0,0,0
0,0,0
0,0,0
0,0,0
0,0,0
0,0,0
0,0,0
0,0,0
0,0,0
0,0,0
0,0,0
0,0,0
0,0,0
0,0,0
0,0,0
0,0,0
0,0,0
0,0,0
0,0,0
0,0,0
0,0,0
0,0,0
0,0,0
0,0,0
0,0,0
0,0,0
0,0,0
0,0,0
0,0,0
0,0,0
0,0,0
0,0,0
0,0,0
0,0,0
0,0,0
0,0,0
0,0,0
0,0,0
0,0,0
0,0,0
0,0,0
0,0,0
0,0,0
0,0,0
0,0,0
0,0,0
0,0,0
0,0,0
0,0,0
0,0,0
0,0,0
0,0,0
0,0,0
0,0,0
0,0,0
0,0,0
0,0,0
0,0,0
0,0,0
0,0,0
0,0,0
0,0,0
0,0,0
0,0,0
0,0,0
0,0,0
0,0,0
0,0,0
0,0,0
0,0,0
0,0,0
0,0,0
0,0,0
0,0,0
0,0,0
0,0,0
0,0,0
0,0,0
0,0,0
0,0,0
0,0,0
0,0,0
0,0,0
0,0,0
0,0,0
0,0,0
0,0,0
0,0,0
0,0,0
0,0,0
0,0,0
0,0,0
0,0,0
0,0,0
0,0,0
0,0,0
0,0,0
0,0,0
0,0,0
0,0,0
0,0,0
0,0,0
0,0,0
0,0,0
0,0,0
0,0,0
0,0,0
0,0,0
0,0,0
0,0,0
0,0,0
0,0,0
0,0,0
0,0,0
0,0,0
0,0,0
0,0,0
0,0,0
0,0,0
0,0,0
0,0,0
0,0,0
0,0,0
0,0,0
0,0,0
0,0,0
0,0,0
0,0,0
0,0,0
0,0,0
0,0,0
0,0,0
0,0,0
0,0,0
0,0,0
0,0,0
0,0,0
0,0,0
0,0,0
0,0,0
0,0,0
0,0,0
0,0,0
0,0,0
0,0,0
0,0,0
0,0,0
0,0,0
0,0,0
0,0,0
0,0,0
0,0,0
0,0,0
0,0,0
0,0,0
0,0,0
0,0,0
0,0,0
0,0,0
0,0,0
0,0,0
0,0,0
0,0,0
0,0,0
0,0,0
0,0,0
0,0,0
0,0,0
0,0,0
0,0,0
0,0,0
0,0,0
0,0,0
0,0,0
0,0,0
0,0,0
0,0,0
0,0,0
0,0,0
0,0,0
0,0,0
0,0,0
0,0,0
0,0,0
0,0,0
0,0,0
0,0,0
0,0,0
0,0,0
0,0,0
0,0,0
0,0,0
0,0,0
0,0,0
0,0,0
0,0,0
0,0,0
0,0,0
0,0,0
0,0,0
0,0,0
0,0,0
0,0,0
0,0,0
0,0,0
0,0,0
0,0,0
0,0,0
0,0,0
0,0,0
0,0,0
1.37374,4.41883,-0.979452
1.40172,4.41311,-0.980097
1.43088,4.41093,-0.981602
1.45976,4.40763,-0.982893
1.4874,4.40044,-0.983323
1.51373,4.38939,-0.982893
1.53449,4.36251,-0.978806
1.56155,4.35393,-0.979022
1.58623,4.33877,-0.977731
1.60192,4.29966,-0.970849
1.62792,4.28884,-0.970634
1.66336,4.30246,-0.976226
1.6815,4.27127,-0.971279
1.70296,4.24908,-0.968483
1.72421,4.2268,-0.965687
1.75273,4.22245,-0.967192
1.77557,4.20442,-0.965472
1.79787,4.18537,-0.963536
1.82468,4.17694,-0.964181
1.84632,4.15674,-0.962031
1.87058,4.14267,-0.961385
1.89882,4.13732,-0.962891
1.92871,4.13533,-0.965257
1.95195,4.11901,-0.964181
1.97465,4.10167,-0.962891
1.99806,4.08597,-0.962031
2.02223,4.07188,-0.9616
2.04146,4.04806,-0.958804
2.06493,4.03285,-0.958159
2.08918,4.01924,-0.957944
2.11472,4.00807,-0.958374
2.13835,3.9933,-0.957944
2.16234,3.97924,-0.957729
2.18531,3.96333,-0.957084
2.20815,3.94729,-0.956439
2.22944,3.92857,-0.955148
2.24766,3.90466,-0.952567
2.26666,3.88236,-0.950416
2.28745,3.86334,-0.949126
2.31513,3.85593,-0.950847
2.34433,3.85083,-0.953212
2.36792,3.83637,-0.953212
2.40539,3.84413,-0.959019
2.42266,3.8194,-0.956439
2.43391,3.78556,-0.951492
2.46242,3.77874,-0.953643
2.48717,3.76601,-0.954288
2.5048,3.74256,-0.952137
2.53046,3.73116,-0.953212
2.54612,3.7051,-0.950416
2.5861,3.71425,-0.957084
2.57564,3.65122,-0.944394
2.59799,3.63535,-0.944394
2.61395,3.61064,-0.942028
2.63894,3.59847,-0.943104
2.6406,3.55477,-0.935576
2.65649,3.53069,-0.933425
2.67811,3.51433,-0.933425
2.702,3.50092,-0.934286
2.72945,3.49197,-0.936436
2.75143,3.47592,-0.936652
2.78736,3.47727,-0.941813
2.8068,3.45782,-0.941168
2.81866,3.42922,-0.937942
2.84777,3.42162,-0.940738
2.85676,3.38989,-0.936652
2.8737,3.36784,-0.935361
2.91282,3.37158,-0.941598
2.92767,3.34702,-0.939663
2.96174,3.34435,-0.944179
2.9607,3.30212,-0.937082
2.98615,3.28967,-0.938802
3.01355,3.2792,-0.941168
3.02829,3.25493,-0.939448
3.04352,3.23131,-0.937942
3.05925,3.20833,-0.936652
3.0721,3.18247,-0.934501
3.08406,3.15588,-0.932135
3.11367,3.14731,-0.935361
3.12048,3.11572,-0.93149
3.16109,3.11778,-0.938157
3.15219,3.07106,-0.929554
3.17097,3.05166,-0.929554
3.18185,3.02474,-0.927188
3.19466,2.99981,-0.925468
3.21945,2.98613,-0.927403
3.24275,2.97094,-0.928909
3.26309,2.95295,-0.929554
3.27241,2.92506,-0.926973
3.28591,2.90105,-0.925683
3.30144,2.87891,-0.925037
3.30129,2.8433,-0.919876
3.32016,2.82425,-0.920306
3.32621,2.7944,-0.91708
3.34705,2.77706,-0.918155
3.35648,2.75028,-0.916004
3.38467,2.73885,-0.91923
3.38997,2.70888,-0.916004
3.39887,2.68198,-0.913853
3.4168,2.66227,-0.914284
3.43075,2.63947,-0.913638
3.45232,2.62251,-0.915144
3.46132,2.596,-0.913208
3.48267,2.57878,-0.914714
3.50001,2.55852,-0.915144
3.51564,2.53699,-0.915144
3.52876,2.51367,-0.914499
3.54012,2.48916,-0.913423
3.55292,2.46572,-0.912778
3.5704,2.44553,-0.913423
3.57401,2.41592,-0.910412
3.58308,2.39015,-0.908907
3.59931,2.36919,-0.909337
3.60559,2.34174,-0.907186
3.62236,2.32116,-0.907831
3.63571,2.29837,-0.907616
3.64809,2.27498,-0.907186
3.65865,2.2505,-0.906326
3.67239,2.22801,-0.906326
3.68348,2.20393,-0.905681
3.69693,2.18129,-0.905681
3.717,2.1625,-0.907401
3.72088,2.1343,-0.905035
3.72031,2.10373,-0.901594
3.73997,2.08467,-0.903315
3.7698,2.0711,-0.907616
3.76956,2.04095,-0.90439
3.80958,2.0325,-0.911273
3.81334,2.00454,-0.909122
3.83857,1.98784,-0.912348
3.83417,1.95582,-0.908261
3.82079,1.91953,-0.902024
3.829,1.89432,-0.901164
3.85109,1.87592,-0.903745
3.84667,1.84465,-0.899873
3.86145,1.82268,-0.900734
3.88231,1.80348,-0.9031
3.88353,1.77516,-0.900734
3.88544,1.74729,-0.898583
3.89609,1.72342,-0.898583
3.89137,1.69285,-0.894927
3.90707,1.67125,-0.896217
3.87585,1.62982,-0.886324
3.90833,1.61534,-0.891701
3.93898,1.59978,-0.896647
3.94328,1.57341,-0.895357
3.9665,1.55454,-0.898583
3.96411,1.52561,-0.895787
3.97705,1.50264,-0.896647
3.98895,1.47922,-0.897293
3.98694,1.45071,-0.894712
3.99852,1.4272,-0.895357
4.00536,1.402,-0.894927
4.00373,1.37391,-0.892561
4.02041,1.35212,-0.894497
4.01472,1.32283,-0.89127
4.03577,1.30238,-0.894282
4.0381,1.27582,-0.892991
4.04585,1.25102,-0.892991
4.05345,1.22617,-0.892991
4.05341,1.19906,-0.89127
4.06163,1.17444,-0.891486
4.06218,1.14763,-0.88998
4.06538,1.12165,-0.88912
4.06841,1.09567,-0.888259
4.07317,1.07018,-0.887829
4.07304,1.04347,-0.886324
4.07463,1.01728,-0.885248
4.08838,0.994106,-0.886969
4.09061,0.9681,-0.886109
4.09552,0.942763,-0.885894
4.10122,0.917616,-0.885894
4.10392,0.891811,-0.885248
4.11504,0.867824,-0.886539
4.12125,0.842754,-0.886754
4.12059,0.81631,-0.885463
4.13703,0.793221,-0.888044
4.13222,0.766039,-0.885894
4.14165,0.741532,-0.886969
4.11148,0.710112,-0.879226
4.10998,0.683908,-0.877936
4.07746,0.6528,-0.869763
4.10648,0.631636,-0.875355
4.11994,0.607855,-0.877506
4.12939,0.583385,-0.878796
4.12418,0.556859,-0.87686
4.12752,0.531542,-0.87686
4.13555,0.506802,-0.877936
4.1318,0.480625,-0.87643
4.12205,0.453871,-0.873634
4.12767,0.428874,-0.874279
4.12731,0.403253,-0.873634
4.13457,0.378367,-0.87471
4.13486,0.352824,-0.874279
4.1389,0.327601,-0.87471
4.13693,0.301914,-0.873849
4.14358,0.276851,-0.874925
4.1608,0.252372,-0.878366
4.14667,0.225982,-0.874925
4.13529,0.199918,-0.872129
4.13059,0.174292,-0.870838
4.1306,0.148908,-0.870623
4.12754,0.123443,-0.869763
4.14872,0.0986071,-0.874279
1.49528,0.0256223,-0.289702
1.49541,0.0164469,-0.289702
1.49646,0.00727647,-0.289917
1.49843,-0.00190674,-0.290347
0,0,0
4.1554,-0.0542373,-0.87557
4.15498,-0.0797333,-0.87557
4.13294,-0.104688,-0.870838
4.12929,-0.129954,-0.870193
4.12549,-0.155179,-0.869548
4.12543,-0.180532,-0.869763
4.11742,-0.205503,-0.868257
4.11023,-0.230437,-0.866967
4.11264,-0.255894,-0.867827
4.11391,-0.281323,-0.868472
4.11308,-0.306633,-0.868687
4.1082,-0.331629,-0.868042
4.10512,-0.356746,-0.867827
4.0941,-0.381116,-0.865891
4.08586,-0.405652,-0.864601
4.08038,-0.430408,-0.863956
4.08639,-0.45641,-0.865891
4.0874,-0.481932,-0.866752
4.08242,-0.506762,-0.866322
4.07633,-0.531424,-0.865676
4.06428,-0.555239,-0.863741
4.06757,-0.581131,-0.865246
4.0562,-0.604928,-0.863526
4.05434,-0.630105,-0.863956
4.05908,-0.65637,-0.865891
4.06075,-0.682233,-0.867182
4.06515,-0.708644,-0.869118
4.05207,-0.732013,-0.867182
4.04366,-0.756146,-0.866322
4.03895,-0.780943,-0.866322
4.02834,-0.804565,-0.865031
4.02811,-0.830252,-0.866107
4.02485,-0.855357,-0.866537
4.0138,-0.878786,-0.865246
4.00928,-0.903612,-0.865461
4.01413,-0.930618,-0.867827
3.99409,-0.951839,-0.864601
3.97774,-0.973777,-0.862235
3.94896,-0.992459,-0.857073
3.96833,-1.02325,-0.86288
3.97519,-1.05107,-0.865891
3.9649,-1.07442,-0.865031
3.96106,-1.09951,-0.865676
3.95424,-1.12379,-0.865676
3.94539,-1.14749,-0.865246
3.94389,-1.17335,-0.866537
3.93381,-1.19667,-0.865891
3.92733,-1.22108,-0.866107
3.92256,-1.24604,-0.866752
3.91762,-1.27099,-0.867397
3.90326,-1.29285,-0.865891
3.87582,-1.31022,-0.861375
3.87048,-1.33493,-0.86202
3.85577,-1.35638,-0.860515
3.84829,-1.38035,-0.86073
3.84159,-1.4046,-0.86116
3.821,-1.42372,-0.858364
3.81676,-1.44887,-0.859439
3.79959,-1.46909,-0.857503
3.79778,-1.49524,-0.859224
3.79216,-1.51997,-0.860084
3.78186,-1.54284,-0.859869
3.77322,-1.56639,-0.860084
3.75544,-1.58609,-0.858149
3.74923,-1.61065,-0.859009
3.73569,-1.63206,-0.858149
3.70954,-1.64782,-0.854277
3.7047,-1.67296,-0.855568
3.68904,-1.69322,-0.854277
3.69098,-1.7216,-0.857288
3.68034,-1.74421,-0.857288
3.64933,-1.75702,-0.852342
3.64901,-1.78453,-0.854923
3.64499,-1.81036,-0.856643
3.63207,-1.83181,-0.856213
3.61207,-1.84961,-0.854062
3.59112,-1.86679,-0.851696
3.60033,-1.89972,-0.856858
3.59463,-1.925,-0.858364
3.57503,-1.94283,-0.856428
3.56732,-1.96708,-0.857503
3.55433,-1.98846,-0.857288
3.53951,-2.00878,-0.856643
3.5305,-2.03241,-0.857503
3.51459,-2.05207,-0.856643
3.50278,-2.07409,-0.856858
3.50087,-2.10208,-0.859654
2.38245,-1.45092,-0.574678
2.37184,-1.46449,-0.574248
2.36198,-1.47849,-0.574033
3.45813,-2.19363,-0.862235
3.43556,-2.209,-0.859869
3.41049,-2.22258,-0.856858
3.40331,-2.24777,-0.858579
3.38539,-2.26589,-0.857503
3.38193,-2.29375,-0.860299
3.36055,-2.30948,-0.858364
3.34552,-2.3295,-0.858149
3.32637,-2.3466,-0.856858
3.31429,-2.36867,-0.857503
3.30444,-2.3924,-0.858794
3.28261,-2.40743,-0.856858
3.27327,-2.43161,-0.858364
3.26219,-2.45458,-0.859439
3.25017,-2.47692,-0.860299
3.22486,-2.48906,-0.857503
3.21184,-2.5106,-0.858149
3.18948,-2.52481,-0.856213
3.16326,-2.53578,-0.853202
3.15826,-2.56376,-0.856213
3.15303,-2.59177,-0.859224
3.13557,-2.60982,-0.858794
3.12024,-2.62964,-0.859009
3.10776,-2.6519,-0.860084
3.08552,-2.66581,-0.858364
3.07131,-2.68663,-0.859009
3.05477,-2.70542,-0.859009
3.0272,-2.71434,-0.855783
3.01627,-2.73811,-0.857503
2.98935,-2.74732,-0.854492
2.97458,-2.7676,-0.855138
2.9547,-2.78312,-0.854277
2.91424,-2.77897,-0.84718
2.92032,-2.81917,-0.854277
2.89598,-2.83021,-0.852127
2.87092,-2.84038,-0.849761
2.8493,-2.85379,-0.84847
2.82968,-2.86914,-0.847825
2.81543,-2.88994,-0.8489
2.79629,-2.90576,-0.84847
2.78177,-2.9264,-0.849546
2.77112,-2.95124,-0.851911
2.76226,-2.97821,-0.854923
2.72545,-2.97495,-0.8489
2.69601,-2.97931,-0.845244
2.67833,-2.99652,-0.845459
2.65342,-3.00558,-0.843308
2.63429,-3.02107,-0.843093
2.63164,-3.05567,-0.84847
2.60525,-3.06284,-0.845889
2.58829,-3.08101,-0.846535
2.56622,-3.09307,-0.845459
2.53852,-3.09819,-0.842448
2.51332,-3.10611,-0.840297
2.49238,-3.11919,-0.839652
2.48833,-3.15359,-0.845029
2.44671,-3.1403,-0.837071
2.42978,-3.15835,-0.837932
2.40977,-3.17242,-0.837716
2.38732,-3.18324,-0.836641
2.3631,-3.19155,-0.83492
2.34635,-3.20993,-0.835996
2.32833,-3.22664,-0.836641
2.30792,-3.24007,-0.836426
2.28968,-3.25657,-0.837071
2.26631,-3.26574,-0.835781
2.24457,-3.27717,-0.835136
2.22388,-3.29007,-0.83492
2.20365,-3.30366,-0.83492
2.17904,-3.31059,-0.8332
2.15868,-3.3239,-0.8332
2.13456,-3.33133,-0.831694
2.11147,-3.34024,-0.830619
2.08163,-3.33821,-0.826748
2.07492,-3.37338,-0.832555
2.05672,-3.39022,-0.83363
2.02183,-3.37932,-0.827608
2.00851,-3.40427,-0.830834
1.98709,-3.41569,-0.830619
1.96901,-3.4329,-0.831909
1.94647,-3.44237,-0.831264
1.92912,-3.46107,-0.832985
1.90549,-3.46856,-0.831909
1.87905,-3.47074,-0.829544
1.85818,-3.48307,-0.829759
1.83314,-3.48749,-0.828038
1.81171,-3.49867,-0.828038
1.79331,-3.51581,-0.829544
1.77258,-3.52849,-0.829974
1.7496,-3.53668,-0.829328
1.72787,-3.54735,-0.829328
1.70564,-3.557,-0.829113
1.6842,-3.56828,-0.829328
1.66228,-3.57855,-0.829328
1.64313,-3.5949,-0.830834
1.61944,-3.60135,-0.829974
1.59692,-3.61033,-0.829759
1.5798,-3.6317,-0.832555
1.55019,-3.62426,-0.828468
1.53133,-3.64181,-0.830404
1.50261,-3.6358,-0.826748
1.47843,-3.64042,-0.825672
1.45281,-3.64126,-0.823736
1.42937,-3.64738,-0.823091
1.40661,-3.65517,-0.822876
1.38727,-3.67196,-0.824812
1.36369,-3.67765,-0.824167
1.34143,-3.68687,-0.824382
1.31977,-3.69779,-0.825027
1.29706,-3.70582,-0.825027
1.27302,-3.71001,-0.824167
1.25273,-3.72516,-0.825887
0,0,0
1.21052,-3.7514,-0.828468
0,0,0
0,0,0
1.13108,-3.7394,-0.820725
0,0,0
0,0,0
1.06153,-3.7577,-0.820295
0,0,0
0,0,0
0.994414,-3.78511,-0.822231
0.969715,-3.78546,-0.82094
0.948364,-3.79892,-0.822661
0.923881,-3.79992,-0.821586
0,0,0
0,0,0
0,0,0
0,0,0
0,0,0
0,0,0
0,0,0
0,0,0
0,0,0
0,0,0
0,0,0
0,0,0
0,0,0
0,0,0
0,0,0
0,0,0
0,0,0
0,0,0
0,0,0
0,0,0
0,0,0
0,0,0
0,0,0
0,0,0
0,0,0
0,0,0
0,0,0
0,0,0
0,0,0
0,0,0
0,0,0
0,0,0
0,0,0
0,0,0
0,0,0
0,0,0
0,0,0
0,0,0
0,0,0
0,0,0
0,0,0
0,0,0
0,0,0
0,0,0
0,0,0
0,0,0
0,0,0
0,0,0
0,0,0
0,0,0
0,0,0
0,0,0
0,0,0
0,0,0
0,0,0
0,0,0
0,0,0
0,0,0
0,0,0
0,0,0
0,0,0
0,0,0
0,0,0
0,0,0
0,0,0
0,0,0
0,0,0
0,0,0
0,0,0
0,0,0
0,0,0
0,0,0
0,0,0
0,0,0
0,0,0
0,0,0
0,0,0
0,0,0
0,0,0
0,0,0
0,0,0
0,0,0
0,0,0
0,0,0
0,0,0
0,0,0
0,0,0
0,0,0
0,0,0
0,0,0
0,0,0
0,0,0
0,0,0
0,0,0
0,0,0
0,0,0
0,0,0
0,0,0
0,0,0
0,0,0
0,0,0
0,0,0
0,0,0
0,0,0
0,0,0
0,0,0
0,0,0
0,0,0
0,0,0
0,0,0
0,0,0
0,0,0
0,0,0
0,0,0
0,0,0
0,0,0
0,0,0
0,0,0
0,0,0
0,0,0
0,0,0
0,0,0
0,0,0
0,0,0
0,0,0
0,0,0
0,0,0
0,0,0
0,0,0
0,0,0
0,0,0
0,0,0
0,0,0
0,0,0
0,0,0
0,0,0
0,0,0
0,0,0
0,0,0
0,0,0
0,0,0
0,0,0
0,0,0
0,0,0
0,0,0
0,0,0
0,0,0
0,0,0
0,0,0
0,0,0
0,0,0
0,0,0
0,0,0
0,0,0
0,0,0
0,0,0
0,0,0
0,0,0
0,0,0
0,0,0
0,0,0
0,0,0
0,0,0
0,0,0
0,0,0
0,0,0
0,0,0
0,0,0
0,0,0
0,0,0
0,0,0
0,0,0
0,0,0
0,0,0
0,0,0
0,0,0
0,0,0
0,0,0
0,0,0
0,0,0
0,0,0
0,0,0
0,0,0
0,0,0
0,0,0
0,0,0
0,0,0
0,0,0
0,0,0
0,0,0
0,0,0
0,0,0
0,0,0
0,0,0
0,0,0
0,0,0
0,0,0
0,0,0
0,0,0
0,0,0
0,0,0
0,0,0
0,0,0
0,0,0
0,0,0
0,0,0
0,0,0
0,0,0
0,0,0
0,0,0
0,0,0
0,0,0
0,0,0
0,0,0
0,0,0
0,0,0
0,0,0
0,0,0
0,0,0
0,0,0
0,0,0
0,0,0
0,0,0
0,0,0
0,0,0
0,0,0
0,0,0
0,0,0
0,0,0
0,0,0
0,0,0
0,0,0
0,0,0
0,0,0
0,0,0
0,0,0
0,0,0
0,0,0
0,0,0
0,0,0
0,0,0
0,0,0
0,0,0
0,0,0
0,0,0
0,0,0
0,0,0
0,0,0
0,0,0
0,0,0
0,0,0
0,0,0
0,0,0
0,0,0
0,0,0
0,0,0
0,0,0
0,0,0
0,0,0
0,0,0
0,0,0
0,0,0
0,0,0
0,0,0
0,0,0
0,0,0
0,0,0
0,0,0
0,0,0
0,0,0
0,0,0
0,0,0
0,0,0
0,0,0
0,0,0
0,0,0
0,0,0
0,0,0
0,0,0
0,0,0
0,0,0
0,0,0
0,0,0
0,0,0
0,0,0
0,0,0
0,0,0
0,0,0
0,0,0
0,0,0
0,0,0
0,0,0
0,0,0
0,0,0
0,0,0
0,0,0
0,0,0
0,0,0
0,0,0
0,0,0
0,0,0
0,0,0
0,0,0
0,0,0
0,0,0
0,0,0
0,0,0
0,0,0
0,0,0
0,0,0
0,0,0
0,0,0
0,0,0
0,0,0
0,0,0
0,0,0
0,0,0
0,0,0
0,0,0
0,0,0
0,0,0
0,0,0
0,0,0
0,0,0
0,0,0
0,0,0
0,0,0
0,0,0
0,0,0
0,0,0
0,0,0
0,0,0
0,0,0
0,0,0
0,0,0
0,0,0
0,0,0
0,0,0
0,0,0
0,0,0
0,0,0
0,0,0
0,0,0
0,0,0
0,0,0
0,0,0
0,0,0
0,0,0
0,0,0
0,0,0
0,0,0
0,0,0
0,0,0
0,0,0
0,0,0
0,0,0
0,0,0
0,0,0
0,0,0
0,0,0
0,0,0
0,0,0
0,0,0
0,0,0
0,0,0
0,0,0
0,0,0
0,0,0
0,0,0
0,0,0
0,0,0
0,0,0
0,0,0
0,0,0
0,0,0
0,0,0
0,0,0
0,0,0
0,0,0
0,0,0
0,0,0
0,0,0
0,0,0
0,0,0
0,0,0
0,0,0
0,0,0
0,0,0
0,0,0
0,0,0
0,0,0
0,0,0
0,0,0
0,0,0
0,0,0
0,0,0
0,0,0
0,0,0
0,0,0
0,0,0
0,0,0
0,0,0
0,0,0
0,0,0
0,0,0
0,0,0
0,0,0
0,0,0
0,0,0
0,0,0
0,0,0
0,0,0
0,0,0
0,0,0
0,0,0
0,0,0
0,0,0
0,0,0
0,0,0
0,0,0
0,0,0
0,0,0
0,0,0
0,0,0
0,0,0
0,0,0
0,0,0
0,0,0
0,0,0
0,0,0
0,0,0
0,0,0
0,0,0
0,0,0
0,0,0
0,0,0
0,0,0
0,0,0
0,0,0
0,0,0
0,0,0
0,0,0
0,0,0
0,0,0
0,0,0
0,0,0
0,0,0
0,0,0
0,0,0
0,0,0
0,0,0
0,0,0
0,0,0
0,0,0
0,0,0
0,0,0
0,0,0
0,0,0
0,0,0
0,0,0
0,0,0
0,0,0
0,0,0
0,0,0
0,0,0
0,0,0
0,0,0
0,0,0
0,0,0
0,0,0
0,0,0
0,0,0
0,0,0
0,0,0
0,0,0
0,0,0
0,0,0
0,0,0
0,0,0
0,0,0
0,0,0
0,0,0
0,0,0
0,0,0
0,0,0
0,0,0
0,0,0
0,0,0
0,0,0
0,0,0
0,0,0
0,0,0
0,0,0
0,0,0
0,0,0
0,0,0
0,0,0
0,0,0
0,0,0
0,0,0
0,0,0
0,0,0
0,0,0
0,0,0
0,0,0
0,0,0
0,0,0
0,0,0
0,0,0
0,0,0
0,0,0
0,0,0
0,0,0
0,0,0
0,0,0
0,0,0
0,0,0
0,0,0
0,0,0
0,0,0
0,0,0
0,0,0
0,0,0
0,0,0
0,0,0
0,0,0
0,0,0
0,0,0
0,0,0
0,0,0
0,0,0
0,0,0
0,0,0
0,0,0
0,0,0
0,0,0
0,0,0
0,0,0
0,0,0
0,0,0
0,0,0
0,0,0
0,0,0
0,0,0
0,0,0
0,0,0
0,0,0
0,0,0
0,0,0
0,0,0
0,0,0
0,0,0
0,0,0
0,0,0
0,0,0
0,0,0
0,0,0
0,0,0
0,0,0
0,0,0
0,0,0
0,0,0
0,0,0
0,0,0
0,0,0
0,0,0
0,0,0
0,0,0
0,0,0
0,0,0
0,0,0
0,0,0
0,0,0
0,0,0
0,0,0
0,0,0
0,0,0
0,0,0
0,0,0
0,0,0
0,0,0
0,0,0
0,0,0
0,0,0
0,0,0
0,0,0
0,0,0
1.3514,3.99917,-0.939382
1.38607,4.02027,-0.946613
1.41072,4.01169,-0.946613
0,0,0
0,0,0
1.49214,4.00603,-0.95181
1.52119,4.00864,-0.954748
1.54576,3.99923,-0.954748
1.56884,3.98605,-0.953844
1.59798,3.9881,-0.956782
1.61984,3.97191,-0.9552
1.64007,3.952,-0.952714
1.66619,3.94635,-0.953844
1.68268,3.91815,-0.949325
1.70357,3.90061,-0.947517
1.73182,3.89987,-0.950003
1.76093,3.90072,-0.95294
1.78605,3.89249,-0.953618
1.81484,3.89206,-0.95633
1.8316,3.86588,-0.952488
1.84894,3.84141,-0.949099
1.87205,3.82911,-0.948873
1.89551,3.81755,-0.948873
1.92197,3.81194,-0.950455
1.94399,3.79747,-0.949777
1.9695,3.7898,-0.950906
1.99772,3.78712,-0.953392
2.01816,3.76964,-0.952036
2.03986,3.75461,-0.951358
2.06521,3.74629,-0.952488
2.08721,3.73185,-0.952036
2.10381,3.70796,-0.949099
2.12701,3.69582,-0.949325
2.14965,3.6827,-0.949325
2.16625,3.65939,-0.946613
2.19017,3.64853,-0.947291
2.21555,3.64002,-0.948647
2.23017,3.61392,-0.945257
2.25385,3.60264,-0.945935
2.27279,3.58381,-0.944579
2.29684,3.57308,-0.945483
2.30436,3.53688,-0.939382
2.32548,3.52186,-0.939156
2.35626,3.52129,-0.942997
2.37782,3.50676,-0.942997
2.39488,3.48569,-0.94119
2.40676,3.45733,-0.937348
2.43354,3.45046,-0.939608
2.4507,3.42992,-0.938026
2.46314,3.40298,-0.934637
2.49952,3.40901,-0.940738
2.50936,3.37875,-0.936444
2.53063,3.36407,-0.93667
2.54827,3.34461,-0.93554
2.56398,3.32274,-0.933733
2.58612,3.30924,-0.934411
2.60154,3.2872,-0.932603
2.62714,3.27802,-0.934637
2.65089,3.26638,-0.935992
2.66037,3.23726,-0.932151
2.67956,3.22012,-0.931925
2.69362,3.19692,-0.929891
2.72267,3.19144,-0.933281
2.73519,3.16657,-0.930795
2.75201,3.14679,-0.929891
2.75382,3.11016,-0.92379
2.78521,3.10698,-0.928083
2.79964,3.08479,-0.926502
2.81522,3.06396,-0.925372
2.83065,3.04307,-0.924242
2.85394,3.0306,-0.925824
2.86643,3.00669,-0.92379
2.88348,2.98764,-0.923338
2.90312,2.97129,-0.92379
2.91444,2.94649,-0.92153
2.92902,2.92511,-0.9204
2.94553,2.90572,-0.919948
2.96469,2.88895,-0.9204
2.98307,2.87138,-0.920626
2.99922,2.85168,-0.920174
3.01737,2.83389,-0.9204
3.02899,2.81002,-0.918593
3.04473,2.79007,-0.918141
3.06252,2.77199,-0.918367
3.08092,2.75444,-0.918819
3.10142,2.73871,-0.919948
3.11523,2.71707,-0.919044
3.12372,2.69091,-0.916559
3.14388,2.67485,-0.917689
3.16024,2.65551,-0.917689
3.16972,2.63047,-0.915655
3.18128,2.60727,-0.914299
3.19722,2.5877,-0.914299
3.21532,2.56985,-0.914977
3.22415,2.54465,-0.912943
3.24354,2.52781,-0.914073
3.2505,2.50133,-0.911587
3.26734,2.48251,-0.912039
3.28329,2.463,-0.912265
3.30225,2.44571,-0.913395
3.31798,2.42597,-0.913621
3.3257,2.40044,-0.911587
3.3356,2.3766,-0.910232
3.34375,2.3516,-0.908424
3.35411,2.32827,-0.907294
3.35467,2.29828,-0.903452
3.36629,2.27602,-0.902775
3.37533,2.25208,-0.901419
3.39397,2.23454,-0.902775
3.41823,2.22057,-0.905712
3.42851,2.19745,-0.904808
3.4444,2.17793,-0.905486
3.44944,2.1516,-0.903226
3.45593,2.12632,-0.901419
3.47142,2.10659,-0.902097
3.48344,2.08475,-0.901871
3.49113,2.06036,-0.900515
3.49866,2.03596,-0.899159
3.5077,2.01252,-0.898255
3.5149,1.98808,-0.896899
3.52448,1.96505,-0.896221
3.51256,1.93026,-0.889894
3.53633,1.91516,-0.893058
3.54114,1.88976,-0.89125
3.56302,1.87343,-0.893962
3.57877,1.85378,-0.895092
3.59095,1.83223,-0.895317
3.60647,1.81234,-0.896447
3.6184,1.79061,-0.896673
3.64333,1.7752,-0.900289
3.66733,1.75913,-0.903678
3.63841,1.71788,-0.89351
3.65065,1.69635,-0.893962
3.68403,1.68445,-0.899837
3.67741,1.65422,-0.895543
3.68749,1.63162,-0.895543
3.71262,1.61557,-0.899385
3.7144,1.58931,-0.897351
3.70792,1.5597,-0.893284
3.71652,1.53654,-0.893058
3.71866,1.51078,-0.89125
3.72243,1.48577,-0.889894
3.73601,1.46467,-0.891024
3.75129,1.44417,-0.892606
3.75462,1.41906,-0.89125
3.76325,1.396,-0.89125
3.77449,1.37388,-0.891928
3.77184,1.34676,-0.889216
3.79659,1.32939,-0.893284
3.78809,1.30038,-0.889216
3.79415,1.27649,-0.888764
3.80098,1.25288,-0.888538
3.80026,1.22684,-0.886505
3.81514,1.20585,-0.888312
3.81782,1.18098,-0.887183
3.80728,1.15217,-0.882889
3.81894,1.13017,-0.884019
3.83236,1.10861,-0.885601
3.8419,1.08587,-0.886279
3.84379,1.06098,-0.885149
3.84835,1.03687,-0.884697
3.84899,1.01175,-0.883341
3.88532,0.995848,-0.890572
3.84977,0.961607,-0.880629
3.85939,0.938887,-0.881533
3.86981,0.916311,-0.882663
3.87441,0.89233,-0.882437
3.88267,0.869179,-0.883115
3.88222,0.844097,-0.881759
3.88637,0.82006,-0.881533
3.89324,0.796588,-0.881985
3.89232,0.771549,-0.880629
3.88837,0.746,-0.878596
3.90437,0.724259,-0.881307
3.89435,0.697713,-0.877918
3.90144,0.674302,-0.878596
3.90262,0.649871,-0.877918
3.90173,0.625142,-0.876788
3.89201,0.599116,-0.873624
3.8908,0.574513,-0.872494
3.89135,0.55022,-0.871817
3.89659,0.526594,-0.872268
3.90071,0.502799,-0.872494
3.90952,0.479566,-0.87385
3.9153,0.455907,-0.874528
3.91027,0.431021,-0.87272
3.90509,0.406215,-0.870913
3.90848,0.382341,-0.871139
3.91075,0.358351,-0.871139
3.90997,0.3341,-0.870461
3.9168,0.310487,-0.87159
3.9196,0.286519,-0.871817
3.90476,0.261359,-0.867975
3.91115,0.23769,-0.869105
3.92032,0.214111,-0.870913
3.89529,0.188782,-0.864811
3.92947,0.166275,-0.872494
3.91873,0.141739,-0.869783
3.91368,0.117517,-0.868427
3.90265,0.0932229,-0.865715
3.90314,0.069275,-0.865715
1.50826,0.0177582,-0.310052
1.50737,0.00849813,-0.309826
1.47037,-0.000722785,-0.301239
1.42358,-0.0094222,-0.290392
3.90928,-0.050562,-0.867071
3.92253,-0.0748093,-0.870235
3.90934,-0.0985557,-0.867297
3.91839,-0.122847,-0.869557
3.91659,-0.146851,-0.869331
3.90589,-0.170454,-0.867071
3.90963,-0.19466,-0.868201
3.90934,-0.2187,-0.868427
3.90403,-0.242441,-0.867523
3.88886,-0.265461,-0.864359
3.8891,-0.289463,-0.864811
3.87852,-0.312615,-0.862778
3.87458,-0.336238,-0.862326
3.87536,-0.360277,-0.863004
3.87307,-0.384049,-0.863004
3.86677,-0.407398,-0.8621
3.86517,-0.431224,-0.862326
3.86825,-0.455617,-0.863682
3.87312,-0.480303,-0.865489
3.87589,-0.504815,-0.866845
3.87176,-0.528455,-0.866619
3.87326,-0.552891,-0.867749
3.82548,-0.570037,-0.857354
3.84982,-0.597837,-0.863908
3.84801,-0.621759,-0.864359
3.83451,-0.643744,-0.8621
3.85352,-0.671275,-0.867523
3.83878,-0.693002,-0.865037
3.83638,-0.716902,-0.865489
3.83669,-0.741352,-0.866619
3.82538,-0.763544,-0.865037
3.82348,-0.787592,-0.865715
3.81,-0.809215,-0.863682
3.7964,-0.830703,-0.861648
3.78553,-0.852696,-0.860292
3.77643,-0.875028,-0.859388
3.77952,-0.900216,-0.861422
3.77771,-0.924316,-0.862326
3.77764,-0.948902,-0.863682
3.77929,-0.97401,-0.865489
3.76759,-0.995687,-0.864133
3.75671,-1.01751,-0.863004
3.75133,-1.0408,-0.86323
3.7327,-1.06034,-0.860292
3.72893,-1.08404,-0.86097
3.72967,-1.10912,-0.862778
3.71814,-1.13057,-0.861648
3.70276,-1.15076,-0.859614
3.71234,-1.17876,-0.863682
3.69855,-1.19942,-0.8621
3.69945,-1.22484,-0.864133
3.68171,-1.24409,-0.861648
3.67124,-1.2657,-0.86097
3.66065,-1.28724,-0.860292
3.64718,-1.3077,-0.858936
3.63635,-1.32905,-0.858258
3.63177,-1.3527,-0.859162
3.62796,-1.37669,-0.860292
3.62399,-1.40068,-0.861422
3.61895,-1.42431,-0.862326
3.59567,-1.44069,-0.85871
3.60481,-1.47009,-0.86323
3.59932,-1.49367,-0.864133
3.58021,-1.51156,-0.861648
3.56818,-1.53235,-0.86097
3.5489,-1.54992,-0.858484
3.53843,-1.57127,-0.858258
3.52606,-1.59175,-0.85758
3.51977,-1.61498,-0.858484
3.51244,-1.63779,-0.859162
3.48824,-1.65263,-0.855547
3.48857,-1.67908,-0.858258
3.46945,-1.69617,-0.855999
3.45985,-1.71786,-0.856224
3.44663,-1.73774,-0.855547
3.4385,-1.76019,-0.856224
3.43542,-1.7853,-0.858258
3.42354,-1.80589,-0.858032
3.42098,-1.83146,-0.860292
3.40882,-1.85195,-0.860066
3.39313,-1.87048,-0.858936
3.38499,-1.89317,-0.85984
3.37161,-1.91294,-0.859388
3.35137,-1.92873,-0.857128
3.35546,-1.95859,-0.861422
3.33499,-1.97418,-0.859162
3.29442,-1.97756,-0.851479
2.36529,-1.43951,-0.602459
2.34895,-1.44939,-0.600425
2.34992,-1.46997,-0.603137
3.24243,-2.05624,-0.850801
3.22975,-2.0761,-0.850801
3.2243,-2.10066,-0.852835
3.24061,-2.13974,-0.86097
3.21447,-2.15091,-0.857354
3.19557,-2.16677,-0.855773
3.1782,-2.18357,-0.854643
3.16314,-2.20192,-0.854191
3.15833,-2.22746,-0.856676
3.13826,-2.24227,-0.854869
3.12918,-2.26491,-0.856224
3.12386,-2.29041,-0.85871
3.10427,-2.30546,-0.857128
3.08696,-2.32213,-0.856224
3.06723,-2.33689,-0.854643
3.0536,-2.35626,-0.854869
3.04906,-2.38275,-0.857806
3.03973,-2.40565,-0.859388
3.02567,-2.42486,-0.859614
3.01225,-2.44461,-0.860066
2.99343,-2.45996,-0.858936
2.97529,-2.47578,-0.858032
2.95408,-2.48897,-0.856224
2.93282,-2.50199,-0.854417
2.91963,-2.52185,-0.855095
2.89897,-2.53523,-0.853513
2.88554,-2.55491,-0.854191
2.87634,-2.57842,-0.856224
2.85975,-2.59536,-0.855999
2.83946,-2.60891,-0.854643
2.83196,-2.63424,-0.857354
2.81574,-2.65157,-0.857354
2.7959,-2.66543,-0.856224
2.77528,-2.67848,-0.854869
2.75253,-2.68933,-0.852835
2.72974,-2.7,-0.850801
2.71106,-2.71463,-0.850123
2.68819,-2.72498,-0.84809
2.67482,-2.74491,-0.849219
2.66536,-2.76899,-0.851705
2.64966,-2.7867,-0.852157
2.63384,-2.80433,-0.852609
2.61791,-2.82187,-0.853061
2.59199,-2.82854,-0.850123
2.57851,-2.84872,-0.851479
2.55709,-2.86013,-0.850123
2.53047,-2.86555,-0.84696
2.51796,-2.88689,-0.848767
2.49447,-2.89564,-0.846734
2.47477,-2.90867,-0.846056
2.44685,-2.91187,-0.84244
2.43267,-2.93132,-0.843796
2.41525,-2.94695,-0.844022
2.3959,-2.9602,-0.84357
2.37891,-2.97636,-0.844022
2.36181,-2.99243,-0.844474
2.33502,-2.99611,-0.84131
2.31659,-3.01038,-0.84131
2.29395,-3.01911,-0.839729
2.27304,-3.03001,-0.838825
2.25499,-3.04469,-0.839051
2.23799,-3.06082,-0.839729
2.21803,-3.07292,-0.839277
2.19574,-3.08171,-0.837921
2.17455,-3.09194,-0.837017
2.15442,-3.10362,-0.836565
2.13424,-3.11517,-0.836113
2.11672,-3.13063,-0.836791
2.09639,-3.14194,-0.836339
2.07921,-3.158,-0.837243
2.05821,-3.16825,-0.836565
2.03663,-3.17754,-0.835661
2.01449,-3.18586,-0.834531
1.9949,-3.19816,-0.834531
1.97524,-3.21034,-0.834531
1.95348,-3.21906,-0.833627
1.93319,-3.23015,-0.833401
1.91284,-3.24112,-0.833175
1.89292,-3.25279,-0.833175
1.87729,-3.27195,-0.835209
1.85382,-3.27747,-0.833627
1.84032,-3.3007,-0.836791
1.82097,-3.31364,-0.837243
1.79782,-3.31961,-0.835887
1.7687,-3.31425,-0.831594
1.73927,-3.30779,-0.827074
1.727,-3.33397,-0.831142
1.70518,-3.3419,-0.830464
1.6829,-3.34882,-0.82956
1.66707,-3.36869,-0.832046
1.64594,-3.37798,-0.83182
1.6235,-3.3845,-0.830916
1.60104,-3.39087,-0.830012
1.57979,-3.39975,-0.829786
1.55445,-3.39963,-0.8273
1.53715,-3.4171,-0.829334
1.51931,-3.4336,-0.831142
1.49783,-3.44196,-0.830916
1.46978,-3.43497,-0.826848
1.45396,-3.45649,-0.830012
1.4264,-3.45004,-0.82617
1.41144,-3.47407,-0.830012
1.37999,-3.45733,-0.823685
1.37083,-3.49657,-0.831368
1.34725,-3.49946,-0.830012
1.32438,-3.50402,-0.829108
1.30556,-3.51939,-0.830916
1.28228,-3.52275,-0.829786
1.26228,-3.53514,-0.830916
1.24281,-3.54926,-0.832497
1.22196,-3.55958,-0.833175
1.20475,-3.58086,-0.836565
0,0,0
1.15893,-3.58981,-0.835209
1.13541,-3.59221,-0.834079
1.10788,-3.58143,-0.829786
1.08052,-3.57044,-0.825492
1.05915,-3.57888,-0.825944
1.03284,-3.57033,-0.822329
1.00959,-3.57192,-0.821199
0,0,0
0.968719,-3.59532,-0.823911
0.952087,-3.62193,-0.828882
0.931296,-3.63336,-0.830238
0,0,0
0.891933,-3.66629,-0.835435
0,0,0
0,0,0
0,0,0
0,0,0
0,0,0
0,0,0
0,0,0
0,0,0
0,0,0
0,0,0
0,0,0
0,0,0
0,0,0
0,0,0
0,0,0
0,0,0
0,0,0
0,0,0
0,0,0
0,0,0
0,0,0
0,0,0
0,0,0
0,0,0
0,0,0
0,0,0
0,0,0
0,0,0
0,0,0
0,0,0
0,0,0
0,0,0
0,0,0
0,0,0
0,0,0
0,0,0
0,0,0
0,0,0
0,0,0
0,0,0
0,0,0
0,0,0
0,0,0
0,0,0
0,0,0
0,0,0
0,0,0
0,0,0
0,0,0
0,0,0
0,0,0
0,0,0
0,0,0
0,0,0
0,0,0
0,0,0
0,0,0
0,0,0
0,0,0
0,0,0
0,0,0
0,0,0
0,0,0
0,0,0
0,0,0
0,0,0
0,0,0
0,0,0
0,0,0
0,0,0
0,0,0
0,0,0
0,0,0
0,0,0
0,0,0
0,0,0
0,0,0
0,0,0
0,0,0
0,0,0
0,0,0
0,0,0
0,0,0
0,0,0
0,0,0
0,0,0
0,0,0
0,0,0
0,0,0
0,0,0
0,0,0
0,0,0
0,0,0
0,0,0
0,0,0
0,0,0
0,0,0
0,0,0
0,0,0
0,0,0
0,0,0
0,0,0
0,0,0
0,0,0
0,0,0
0,0,0
0,0,0
0,0,0
0,0,0
0,0,0
0,0,0
0,0,0
0,0,0
0,0,0
0,0,0
0,0,0
0,0,0
0,0,0
0,0,0
0,0,0
0,0,0
0,0,0
0,0,0
0,0,0
0,0,0
0,0,0
0,0,0
0,0,0
0,0,0
0,0,0
0,0,0
0,0,0
0,0,0
0,0,0
0,0,0
0,0,0
0,0,0
0,0,0
0,0,0
0,0,0
0,0,0
0,0,0
0,0,0
0,0,0
0,0,0
0,0,0
0,0,0
0,0,0
0,0,0
0,0,0
0,0,0
0,0,0
0,0,0
0,0,0
0,0,0
0,0,0
0,0,0
0,0,0
0,0,0
0,0,0
0,0,0
0,0,0
0,0,0
0,0,0
0,0,0
0,0,0
0,0,0
0,0,0
0,0,0
0,0,0
0,0,0
0,0,0
0,0,0
0,0,0
0,0,0
0,0,0
0,0,0
0,0,0
0,0,0
0,0,0
0,0,0
0,0,0
0,0,0
0,0,0
0,0,0
0,0,0
0,0,0
0,0,0
0,0,0
0,0,0
0,0,0
0,0,0
0,0,0
0,0,0
0,0,0
0,0,0
0,0,0
0,0,0
0,0,0
0,0,0
0,0,0
0,0,0
0,0,0
0,0,0
0,0,0
0,0,0
0,0,0
0,0,0
0,0,0
0,0,0
0,0,0
0,0,0
0,0,0
0,0,0
0,0,0
0,0,0
0,0,0
0,0,0
0,0,0
0,0,0
0,0,0
0,0,0
0,0,0
0,0,0
0,0,0
0,0,0
0,0,0
0,0,0
0,0,0
0,0,0
0,0,0
0,0,0
0,0,0
0,0,0
0,0,0
0,0,0
0,0,0
0,0,0
0,0,0
0,0,0
0,0,0
0,0,0
0,0,0
0,0,0
0,0,0
0,0,0
0,0,0
0,0,0
0,0,0
0,0,0
0,0,0
0,0,0
0,0,0
0,0,0
0,0,0
0,0,0
0,0,0
0,0,0
0,0,0
0,0,0
0,0,0
0,0,0
0,0,0
0,0,0
0,0,0
0,0,0
0,0,0
0,0,0
0,0,0
0,0,0
0,0,0
0,0,0
0,0,0
0,0,0
0,0,0
0,0,0
0,0,0
0,0,0
0,0,0
0,0,0
0,0,0
0,0,0
0,0,0
0,0,0
0,0,0
0,0,0
0,0,0
0,0,0
0,0,0
0,0,0
0,0,0
0,0,0
0,0,0
0,0,0
0,0,0
0,0,0
0,0,0
0,0,0
0,0,0
0,0,0
0,0,0
0,0,0
0,0,0
0,0,0
0,0,0
0,0,0
0,0,0
0,0,0
0,0,0
0,0,0
0,0,0
0,0,0
0,0,0
0,0,0
0,0,0
0,0,0
0,0,0
0,0,0
0,0,0
0,0,0
0,0,0
0,0,0
0,0,0
0,0,0
0,0,0
0,0,0
0,0,0
0,0,0
0,0,0
0,0,0
0,0,0
0,0,0
0,0,0
0,0,0
0,0,0
0,0,0
0,0,0
0,0,0
0,0,0
0,0,0
0,0,0
0,0,0
0,0,0
0,0,0
0,0,0
0,0,0
0,0,0
0,0,0
0,0,0
0,0,0
0,0,0
0,0,0
0,0,0
0,0,0
0,0,0
0,0,0
0,0,0
0,0,0
0,0,0
0,0,0
0,0,0
0,0,0
0,0,0
0,0,0
0,0,0
0,0,0
0,0,0
0,0,0
0,0,0
0,0,0
0,0,0
0,0,0
0,0,0
0,0,0
0,0,0
0,0,0
0,0,0
0,0,0
0,0,0
0,0,0
0,0,0
0,0,0
0,0,0
0,0,0
0,0,0
0,0,0
0,0,0
0,0,0
0,0,0
0,0,0
0,0,0
0,0,0
0,0,0
0,0,0
0,0,0
0,0,0
0,0,0
0,0,0
0,0,0
0,0,0
0,0,0
0,0,0
0,0,0
0,0,0
0,0,0
0,0,0
0,0,0
0,0,0
0,0,0
0,0,0
0,0,0
0,0,0
0,0,0
0,0,0
0,0,0
0,0,0
0,0,0
0,0,0
0,0,0
0,0,0
0,0,0
0,0,0
0,0,0
0,0,0
0,0,0
0,0,0
0,0,0
0,0,0
0,0,0
0,0,0
0,0,0
0,0,0
0,0,0
0,0,0
0,0,0
0,0,0
0,0,0
0,0,0
0,0,0
0,0,0
0,0,0
0,0,0
0,0,0
0,0,0
0,0,0
0,0,0
0,0,0
0,0,0
0,0,0
0,0,0
0,0,0
0,0,0
0,0,0
0,0,0
0,0,0
0,0,0
0,0,0
0,0,0
0,0,0
0,0,0
0,0,0
0,0,0
0,0,0
0,0,0
0,0,0
0,0,0
0,0,0
0,0,0
0,0,0
0,0,0
0,0,0
0,0,0
0,0,0
0,0,0
0,0,0
0,0,0
0,0,0
0,0,0
0,0,0
0,0,0
0,0,0
0,0,0
0,0,0
0,0,0
0,0,0
0,0,0
0,0,0
0,0,0
0,0,0
0,0,0
0,0,0
0,0,0
0,0,0
0,0,0
0,0,0
0,0,0
0,0,0
0,0,0
0,0,0
0,0,0
0,0,0
0,0,0
0,0,0
0,0,0
0,0,0
0,0,0
0,0,0
0,0,0
0,0,0
0,0,0
0,0,0
0,0,0
0,0,0
0,0,0
0,0,0
0,0,0
0,0,0
0,0,0
0,0,0
0,0,0
0,0,0
0,0,0
0,0,0
0,0,0
0,0,0
0,0,0
0,0,0
0,0,0
0,0,0
0,0,0
0,0,0
0,0,0
0,0,0
0,0,0
0,0,0
0,0,0
0,0,0
0,0,0
0,0,0
0,0,0
0,0,0
0,0,0
0,0,0
0,0,0
0,0,0
0,0,0
0,0,0
0,0,0
0,0,0
0,0,0
0,0,0
0,0,0
0,0,0
0,0,0
0,0,0
0,0,0
0,0,0
0,0,0
0,0,0
0,0,0
0,0,0
0,0,0
0,0,0
0,0,0
0,0,0
0,0,0
0,0,0
0,0,0
0,0,0
0,0,0
0,0,0
0,0,0
0,0,0
0,0,0
0,0,0
0,0,0
0,0,0
0,0,0
0,0,0
0,0,0
0,0,0
0,0,0
0,0,0
0,0,0
0,0,0
0,0,0
0,0,0
0,0,0
0,0,0
0,0,0
0,0,0
0,0,0
0,0,0
0,0,0
0,0,0
0,0,0
0,0,0
0,0,0
0,0,0
0,0,0
0,0,0
0,0,0
0,0,0
0,0,0
0,0,0
0,0,0
0,0,0
0,0,0
0,0,0
0,0,0
0,0,0
0,0,0
0,0,0
0,0,0
0,0,0
0,0,0
1.22668,3.86155,-0.952155
1.25394,3.86504,-0.95501
1.28526,3.88033,-0.960956
1.31122,3.87881,-0.962621
1.34133,3.88906,-0.967378
1.36484,3.87984,-0.96714
1.38469,3.86042,-0.964286
1.41002,3.85641,-0.965475
1.43061,3.83949,-0.963335
1.45414,3.83064,-0.963335
1.47306,3.80987,-0.960243
1.49286,3.79172,-0.957864
1.51934,3.7906,-0.960005
1.53561,3.76412,-0.955485
1.56016,3.75822,-0.956437
1.58319,3.74857,-0.956437
1.59927,3.72272,-0.952155
1.62286,3.71462,-0.952631
1.64483,3.70282,-0.952155
1.66473,3.68646,-0.95049
1.6942,3.69118,-0.954534
1.71763,3.68248,-0.95501
1.73438,3.65958,-0.95168
1.75722,3.64974,-0.951918
1.77873,3.63715,-0.951442
1.80231,3.62878,-0.952155
1.82454,3.61765,-0.952155
1.84361,3.60033,-0.95049
1.86611,3.58981,-0.950728
1.88538,3.57314,-0.949301
1.90498,3.55722,-0.948112
1.92631,3.54461,-0.947874
1.94661,3.53018,-0.94716
1.96777,3.51732,-0.946923
1.98452,3.49673,-0.944544
2.0132,3.49711,-0.948112
2.03315,3.48218,-0.947398
2.0525,3.4663,-0.946447
2.06624,3.44114,-0.942879
2.0863,3.42674,-0.942403
2.10678,3.41305,-0.942165
2.11481,3.37947,-0.936219
2.1485,3.38694,-0.942165
2.16399,3.36552,-0.939787
2.18407,3.35136,-0.939549
2.20727,3.34195,-0.940738
2.2326,3.33561,-0.942879
2.25193,3.32024,-0.942403
2.26896,3.30156,-0.940976
2.28696,3.28439,-0.940025
2.30203,3.26315,-0.937884
2.32201,3.24896,-0.937884
2.34475,3.23859,-0.939073
2.36458,3.22414,-0.939073
2.38258,3.20723,-0.93836
2.40396,3.19488,-0.939073
2.41528,3.16925,-0.935743
2.4329,3.15206,-0.93503
2.44801,3.13172,-0.933365
2.46477,3.11359,-0.932413
2.48565,3.10068,-0.933127
2.50585,3.08688,-0.933603
2.51365,3.05794,-0.929321
2.52926,3.03872,-0.928132
2.55286,3.02909,-0.930035
2.56951,3.01115,-0.929321
2.58349,2.99018,-0.927656
2.59348,2.96477,-0.924564
2.62128,2.95971,-0.928132
2.63874,2.94285,-0.927894
2.65349,2.923,-0.926705
2.67137,2.90667,-0.926705
2.68585,2.88666,-0.925516
2.70085,2.8673,-0.924564
2.71705,2.84927,-0.924088
2.73448,2.83254,-0.924088
2.75045,2.81432,-0.923613
2.77313,2.80292,-0.925516
2.79578,2.79134,-0.927418
2.81631,2.77755,-0.928608
2.82773,2.75479,-0.926705
2.83899,2.732,-0.924802
2.84584,2.70515,-0.921472
2.84965,2.67567,-0.917191
2.8653,2.65747,-0.916953
2.87725,2.6359,-0.915526
2.89697,2.62146,-0.916715
2.91735,2.60752,-0.918142
2.93912,2.59471,-0.920045
2.95425,2.57599,-0.919807
2.96264,2.55148,-0.917429
2.97824,2.53325,-0.917429
2.98258,2.50555,-0.913861
3.00163,2.49031,-0.91505
3.00784,2.46445,-0.912196
3.02064,2.44412,-0.911482
3.04241,2.431,-0.913623
3.0527,2.40867,-0.912196
3.07125,2.39288,-0.913385
3.0851,2.3734,-0.913147
3.09729,2.35266,-0.912434
3.11011,2.33245,-0.911958
3.12046,2.31043,-0.910769
2.19067,1.60085,-0.624391
2.19651,1.58454,-0.623201
2.21331,1.5761,-0.625342
3.17781,2.23427,-0.911244
3.18747,2.21196,-0.910055
3.20579,2.19565,-0.911482
3.2184,2.1754,-0.911244
3.23088,2.15507,-0.911006
3.2481,2.13788,-0.912196
3.25545,2.1142,-0.910531
3.26346,2.09104,-0.909104
3.26966,2.06682,-0.907201
3.27404,2.04158,-0.904822
3.27906,2.01687,-0.902681
3.28805,1.9947,-0.90173
3.30023,1.97449,-0.90173
3.31228,1.9542,-0.90173
3.32421,1.93384,-0.90173
3.33349,1.91195,-0.901016
3.346,1.89194,-0.901254
3.35755,1.87138,-0.901254
3.35279,1.84185,-0.896735
3.37428,1.82679,-0.899589
3.38114,1.80377,-0.8984
3.39644,1.78525,-0.899589
3.40216,1.76169,-0.898162
3.42069,1.74476,-0.900303
3.42526,1.72068,-0.898638
3.43401,1.69877,-0.898162
3.44437,1.67767,-0.898162
3.44409,1.65146,-0.895308
3.44889,1.62781,-0.893881
3.45617,1.60539,-0.893167
3.44652,1.57526,-0.887934
3.4641,1.55767,-0.890075
3.4949,1.54582,-0.895784
3.50254,1.52357,-0.895308
3.51182,1.50205,-0.895308
3.51381,1.47746,-0.893405
3.51653,1.45328,-0.89174
3.52538,1.43167,-0.89174
3.53861,1.41182,-0.892929
3.54268,1.3883,-0.89174
3.55385,1.36759,-0.892454
3.55764,1.34404,-0.891264
3.57492,1.32556,-0.893643
3.57204,1.29961,-0.890789
3.58269,1.27865,-0.891502
3.59138,1.25697,-0.89174
3.60086,1.23554,-0.892216
3.60101,1.21094,-0.890313
3.60653,1.18821,-0.889837
3.61283,1.16576,-0.889599
3.62084,1.14387,-0.889837
3.62408,1.12048,-0.888886
3.64018,1.10104,-0.891264
3.64035,1.07675,-0.889599
3.64689,1.05439,-0.889599
3.64675,1.03015,-0.887934
3.64364,1.00516,-0.885556
3.64786,0.982283,-0.88508
3.65476,0.960128,-0.885318
3.65964,0.937444,-0.88508
3.67004,0.916149,-0.886269
3.67747,0.894072,-0.886745
3.68006,0.870819,-0.886032
3.68344,0.847786,-0.885556
3.68383,0.824107,-0.884367
3.68312,0.800249,-0.88294
3.68701,0.777434,-0.882702
3.68505,0.753432,-0.881037
3.68675,0.73024,-0.880323
3.6883,0.707055,-0.87961
3.68493,0.682992,-0.877707
3.68523,0.659683,-0.876755
3.70356,0.639542,-0.880323
3.70262,0.616007,-0.879134
3.71688,0.594969,-0.88175
3.72238,0.572447,-0.882226
3.71237,0.547608,-0.878896
3.71182,0.524274,-0.877945
3.72459,0.502791,-0.880323
3.72472,0.479555,-0.87961
3.72373,0.456218,-0.878658
3.71681,0.432236,-0.87628
3.71843,0.409316,-0.876042
3.71507,0.385888,-0.874615
3.71254,0.362612,-0.873425
3.71469,0.339825,-0.873425
3.71864,0.317192,-0.873901
3.71665,0.294061,-0.87295
3.71645,0.271109,-0.872474
3.71901,0.248365,-0.872712
3.72337,0.225718,-0.873425
3.72662,0.202974,-0.873901
3.72392,0.179915,-0.87295
3.73369,0.157433,-0.87509
3.72876,0.134309,-0.873663
3.73048,0.111457,-0.873901
3.71847,0.0882613,-0.870809
3.71312,0.0653391,-0.869382
1.50195,0.016524,-0.327785
1.50202,0.00730784,-0.327785
1.49136,-0.00190319,-0.325169
1.41264,-0.0105317,-0.305902
3.74445,-0.0489878,-0.876993
3.73923,-0.0718706,-0.875804
3.69308,-0.0936695,-0.864625
3.71379,-0.116994,-0.869857
3.70718,-0.139562,-0.86843
3.70917,-0.162433,-0.869144
3.70519,-0.185044,-0.86843
3.72241,-0.208803,-0.87295
3.71912,-0.23152,-0.872474
3.71957,-0.254467,-0.87295
3.71891,-0.277357,-0.873187
3.71326,-0.299859,-0.872236
3.71232,-0.322722,-0.872474
3.71511,-0.345943,-0.873663
3.71195,-0.368636,-0.873425
3.70382,-0.390795,-0.871998
3.70232,-0.413622,-0.872236
3.70453,-0.436898,-0.873425
3.69311,-0.458546,-0.871285
3.69985,-0.482451,-0.873663
3.70067,-0.505669,-0.874615
3.69942,-0.52864,-0.87509
3.69131,-0.550615,-0.873901
3.6821,-0.57236,-0.872474
3.6766,-0.594633,-0.871998
3.67097,-0.61686,-0.871522
3.66329,-0.638706,-0.870571
3.6593,-0.661172,-0.870571
3.65708,-0.683969,-0.871047
3.65472,-0.706764,-0.871522
3.63889,-0.726896,-0.868668
3.63055,-0.748427,-0.867717
3.61924,-0.769278,-0.866052
3.60971,-0.790433,-0.864863
3.60669,-0.812994,-0.865338
3.60542,-0.835985,-0.86629
3.604,-0.858991,-0.867241
3.60526,-0.882704,-0.868906
3.60261,-0.905518,-0.86962
3.59604,-0.927364,-0.869382
3.59122,-0.949659,-0.86962
3.57502,-0.968885,-0.867003
3.57181,-0.991581,-0.867717
3.56005,-1.01189,-0.86629
3.54818,-1.03209,-0.864863
3.54178,-1.05384,-0.864863
3.53525,-1.07555,-0.864863
3.52302,-1.09549,-0.863435
3.52364,-1.11944,-0.865338
3.51116,-1.13924,-0.863911
3.51055,-1.1629,-0.865576
3.49599,-1.18193,-0.863673
3.4951,-1.20558,-0.865338
3.48947,-1.22764,-0.865814
3.48279,-1.24936,-0.866052
3.47506,-1.27071,-0.866052
3.4681,-1.29234,-0.86629
3.45738,-1.31257,-0.865576
3.44383,-1.33166,-0.864149
3.4374,-1.35347,-0.864625
3.41821,-1.3702,-0.86177
3.40164,-1.38785,-0.85963
3.39127,-1.40795,-0.859154
3.3763,-1.42609,-0.857489
3.36927,-1.44755,-0.857965
3.36923,-1.47208,-0.860343
3.35037,-1.48839,-0.857727
3.3456,-1.51092,-0.858916
3.34245,-1.53425,-0.860581
3.32857,-1.55268,-0.859392
3.32863,-1.57765,-0.862008
3.32852,-1.60268,-0.864625
3.30292,-1.61539,-0.860343
3.30164,-1.63995,-0.862722
3.28891,-1.65886,-0.862008
3.27867,-1.67901,-0.862008
3.26831,-1.6991,-0.862008
3.25181,-1.71595,-0.860343
3.24379,-1.73724,-0.861057
3.23307,-1.75711,-0.861057
3.21627,-1.77364,-0.859392
3.20448,-1.79287,-0.859154
3.20102,-1.81681,-0.861295
3.20581,-1.84562,-0.865814
3.19443,-1.86525,-0.865814
3.20465,-1.89768,-0.871998
2.39923,-1.44103,-0.645322
2.35632,-1.43502,-0.63557
2.3359,-1.44232,-0.63224
2.33689,-1.4628,-0.635094
3.12525,-1.98261,-0.86629
3.10812,-1.99859,-0.864863
3.09254,-2.01551,-0.863911
3.08093,-2.03498,-0.864149
3.06596,-2.05223,-0.863435
3.04929,-2.06827,-0.862246
3.03094,-2.0831,-0.860581
3.0181,-2.10166,-0.860581
3.00991,-2.12349,-0.862008
2.99208,-2.13853,-0.860581
2.97025,-2.15059,-0.857965
2.96875,-2.17739,-0.861533
2.95455,-2.19498,-0.861295
2.94569,-2.21657,-0.862722
2.9328,-2.23519,-0.86296
2.91365,-2.24899,-0.861295
2.89979,-2.26683,-0.861295
2.89193,-2.2894,-0.863198
2.87858,-2.30771,-0.863435
2.86512,-2.32594,-0.863673
2.85005,-2.34286,-0.863435
2.8274,-2.35347,-0.860819
2.80845,-2.36702,-0.859392
2.79018,-2.38106,-0.858203
2.77405,-2.39686,-0.857727
2.76294,-2.41704,-0.858916
2.75461,-2.43974,-0.861057
2.73524,-2.4527,-0.85963
2.72158,-2.47075,-0.860105
2.70852,-2.48937,-0.860819
2.69035,-2.5033,-0.859868
2.66645,-2.51177,-0.857013
2.65732,-2.53411,-0.859154
2.64381,-2.55239,-0.859868
2.62671,-2.56721,-0.859392
2.61298,-2.58533,-0.860105
2.59227,-2.5965,-0.85844
2.57287,-2.6089,-0.857251
2.55817,-2.62603,-0.857727
2.54134,-2.64098,-0.857489
2.52709,-2.65863,-0.858203
2.5094,-2.67267,-0.857727
2.48965,-2.68446,-0.856538
2.4646,-2.69038,-0.853445
2.44479,-2.70185,-0.852256
2.42881,-2.71752,-0.852494
2.40888,-2.72874,-0.851305
2.39847,-2.75078,-0.853683
2.38662,-2.77134,-0.855586
2.36454,-2.78001,-0.853683
2.35243,-2.80041,-0.855586
2.33335,-2.81255,-0.854873
2.31235,-2.82231,-0.853445
2.29254,-2.83343,-0.852494
2.26905,-2.83985,-0.850115
2.24496,-2.84534,-0.847499
2.22089,-2.85063,-0.844883
2.20691,-2.86882,-0.84631
2.18927,-2.88231,-0.84631
2.18145,-2.9089,-0.850353
2.16472,-2.92379,-0.850829
2.14789,-2.93858,-0.851305
2.13152,-2.95407,-0.852018
2.11279,-2.9663,-0.85178
2.09175,-2.97524,-0.850591
2.07346,-2.98802,-0.850591
2.05179,-2.99588,-0.849164
2.03119,-3.00519,-0.848213
2.0111,-3.01517,-0.847499
1.98882,-3.02178,-0.845834
1.97077,-3.03474,-0.846072
1.94949,-3.04269,-0.844883
1.92819,-3.05049,-0.843693
1.91201,-3.06638,-0.844883
1.88857,-3.07061,-0.842742
1.87121,-3.08463,-0.843455
1.84925,-3.09106,-0.842028
1.82729,-3.09733,-0.840601
1.81118,-3.11352,-0.842028
1.79108,-3.12289,-0.841553
1.77427,-3.13804,-0.842742
1.75499,-3.14887,-0.842742
1.73423,-3.15703,-0.842028
1.71297,-3.16419,-0.841077
1.69398,-3.1755,-0.841315
1.66994,-3.17724,-0.838936
1.64729,-3.18139,-0.837271
1.62774,-3.19144,-0.837271
1.60594,-3.19702,-0.836082
1.59061,-3.21552,-0.838461
1.57,-3.22348,-0.837985
1.55733,-3.24794,-0.842028
1.53737,-3.25743,-0.842028
1.51613,-3.26416,-0.841315
1.49365,-3.2681,-0.839888
1.47237,-3.27455,-0.839174
1.4491,-3.27641,-0.837271
1.42859,-3.28435,-0.837033
1.40726,-3.29038,-0.83632
1.3878,-3.30074,-0.836796
1.36715,-3.3083,-0.836558
1.34426,-3.31033,-0.834893
1.3232,-3.31671,-0.834417
1.30567,-3.332,-0.83632
1.2859,-3.34176,-0.836796
1.26674,-3.35322,-0.837747
1.24918,-3.36913,-0.839888
1.22948,-3.37946,-0.840601
1.20611,-3.37963,-0.838698
1.18664,-3.39063,-0.83965
1.16455,-3.39417,-0.838698
1.14308,-3.39941,-0.838223
0,0,0
0,0,0
1.07738,-3.41062,-0.835844
1.05615,-3.41624,-0.835606
0,0,0
1.01139,-3.41963,-0.833228
0.987688,-3.41644,-0.830849
0.964592,-3.41496,-0.828946
0,0,0
0,0,0
0,0,0
0,0,0
0,0,0
0,0,0
0,0,0
0,0,0
0,0,0
0,0,0
0,0,0
0,0,0
0,0,0
0,0,0
0,0,0
0,0,0
0,0,0
0,0,0
0,0,0
0,0,0
0,0,0
0,0,0
0,0,0
0,0,0
0,0,0
0,0,0
0,0,0
0,0,0
0,0,0
0,0,0
0,0,0
0,0,0
0,0,0
0,0,0
0,0,0
0,0,0
0,0,0
0,0,0
0,0,0
0,0,0
0,0,0
0,0,0
0,0,0
0,0,0
0,0,0
0,0,0
0,0,0
0,0,0
0,0,0
0,0,0
0,0,0
0,0,0
0,0,0
0,0,0
0,0,0
0,0,0
0,0,0
0,0,0
0,0,0
0,0,0
0,0,0
0,0,0
0,0,0
0,0,0
0,0,0
0,0,0
0,0,0
0,0,0
0,0,0
0,0,0
0,0,0
0,0,0
0,0,0
0,0,0
0,0,0
0,0,0
0,0,0
0,0,0
0,0,0
0,0,0
0,0,0
0,0,0
0,0,0
0,0,0
0,0,0
0,0,0
0,0,0
0,0,0
0,0,0
0,0,0
0,0,0
0,0,0
0,0,0
0,0,0
0,0,0
0,0,0
0,0,0
0,0,0
0,0,0
0,0,0
0,0,0
0,0,0
0,0,0
0,0,0
0,0,0
0,0,0
0,0,0
0,0,0
0,0,0
0,0,0
0,0,0
0,0,0
0,0,0
0,0,0
0,0,0
0,0,0
0,0,0
0,0,0
0,0,0
0,0,0
0,0,0
0,0,0
0,0,0
0,0,0
0,0,0
0,0,0
0,0,0
0,0,0
0,0,0
0,0,0
0,0,0
0,0,0
0,0,0
0,0,0
0,0,0
0,0,0
0,0,0
0,0,0
0,0,0
0,0,0
0,0,0
0,0,0
0,0,0
0,0,0
0,0,0
0,0,0
0,0,0
0,0,0
0,0,0
0,0,0
0,0,0
0,0,0
0,0,0
0,0,0
0,0,0
0,0,0
0,0,0
0,0,0
0,0,0
0,0,0
0,0,0
0,0,0
0,0,0
0,0,0
0,0,0
0,0,0
0,0,0
0,0,0
0,0,0
0,0,0
0,0,0
0,0,0
0,0,0
0,0,0
0,0,0
0,0,0
0,0,0
0,0,0
0,0,0
0,0,0
0,0,0
0,0,0
0,0,0
0,0,0
0,0,0
0,0,0
0,0,0
0,0,0
0,0,0
0,0,0
0,0,0
0,0,0
0,0,0
0,0,0
0,0,0
0,0,0
0,0,0
0,0,0
0,0,0
0,0,0
0,0,0
0,0,0
0,0,0
0,0,0
0,0,0
0,0,0
0,0,0
0,0,0
0,0,0
0,0,0
0,0,0
0,0,0
0,0,0
0,0,0
0,0,0
0,0,0
0,0,0
0,0,0
0,0,0
0,0,0
0,0,0
0,0,0
0,0,0
0,0,0
0,0,0
0,0,0
0,0,0
0,0,0
0,0,0
0,0,0
0,0,0
0,0,0
0,0,0
0,0,0
0,0,0
0,0,0
0,0,0
0,0,0
0,0,0
0,0,0
0,0,0
0,0,0
0,0,0
0,0,0
0,0,0
0,0,0
0,0,0
0,0,0
0,0,0
0,0,0
0,0,0
0,0,0
0,0,0
0,0,0
0,0,0
0,0,0
0,0,0
0,0,0
0,0,0
0,0,0
0,0,0
0,0,0
0,0,0
0,0,0
0,0,0
0,0,0
0,0,0
0,0,0
0,0,0
0,0,0
0,0,0
0,0,0
0,0,0
0,0,0
0,0,0
0,0,0
0,0,0
0,0,0
0,0,0
0,0,0
0,0,0
0,0,0
0,0,0
0,0,0
0,0,0
0,0,0
0,0,0
0,0,0
0,0,0
0,0,0
0,0,0
0,0,0
0,0,0
0,0,0
0,0,0
0,0,0
0,0,0
0,0,0
0,0,0
0,0,0
0,0,0
0,0,0
0,0,0
0,0,0
0,0,0
0,0,0
0,0,0
0,0,0
0,0,0
0,0,0
0,0,0
0,0,0
0,0,0
0,0,0
0,0,0
0,0,0
0,0,0
0,0,0
0,0,0
0,0,0
0,0,0
0,0,0
0,0,0
0,0,0
0,0,0
0,0,0
0,0,0
0,0,0
0,0,0
0,0,0
0,0,0
0,0,0
0,0,0
0,0,0
0,0,0
0,0,0
0,0,0
0,0,0
0,0,0
0,0,0
0,0,0
0,0,0
0,0,0
0,0,0
0,0,0
0,0,0
0,0,0
0,0,0
0,0,0
0,0,0
0,0,0
0,0,0
0,0,0
0,0,0
0,0,0
0,0,0
0,0,0
0,0,0
0,0,0
0,0,0
0,0,0
0,0,0
0,0,0
0,0,0
0,0,0
0,0,0
0,0,0
0,0,0
0,0,0
0,0,0
0,0,0
0,0,0
0,0,0
0,0,0
0,0,0
0,0,0
0,0,0
0,0,0
0,0,0
0,0,0
0,0,0
0,0,0
0,0,0
0,0,0
0,0,0
0,0,0
0,0,0
0,0,0
0,0,0
0,0,0
0,0,0
0,0,0
0,0,0
0,0,0
0,0,0
0,0,0
0,0,0
0,0,0
0,0,0
0,0,0
0,0,0
0,0,0
0,0,0
0,0,0
0,0,0
0,0,0
0,0,0
0,0,0
0,0,0
0,0,0
0,0,0
0,0,0
0,0,0
0,0,0
0,0,0
0,0,0
0,0,0
0,0,0
0,0,0
0,0,0
0,0,0
0,0,0
0,0,0
0,0,0
0,0,0
0,0,0
0,0,0
0,0,0
0,0,0
0,0,0
0,0,0
0,0,0
0,0,0
0,0,0
0,0,0
0,0,0
0,0,0
0,0,0
0,0,0
0,0,0
0,0,0
0,0,0
0,0,0
0,0,0
0,0,0
0,0,0
0,0,0
0,0,0
0,0,0
0,0,0
0,0,0
0,0,0
0,0,0
0,0,0
0,0,0
0,0,0
0,0,0
0,0,0
0,0,0
0,0,0
0,0,0
0,0,0
0,0,0
0,0,0
0,0,0
0,0,0
0,0,0
0,0,0
0,0,0
0,0,0
0,0,0
0,0,0
0,0,0
0,0,0
0,0,0
0,0,0
0,0,0
0,0,0
0,0,0
0,0,0
0,0,0
0,0,0
0,0,0
0,0,0
0,0,0
0,0,0
0,0,0
0,0,0
0,0,0
0,0,0
0,0,0
0,0,0
0,0,0
0,0,0
0,0,0
0,0,0
0,0,0
0,0,0
0,0,0
0,0,0
0,0,0
0,0,0
0,0,0
0,0,0
0,0,0
0,0,0
0,0,0
0,0,0
0,0,0
0,0,0
0,0,0
0,0,0
0,0,0
0,0,0
0,0,0
0,0,0
0,0,0
0,0,0
0,0,0
0,0,0
0,0,0
0,0,0
0,0,0
0,0,0
0,0,0
0,0,0
0,0,0
0,0,0
0,0,0
0,0,0
0,0,0
0,0,0
0,0,0
0,0,0
0,0,0
0,0,0
0,0,0
0,0,0
0,0,0
0,0,0
0,0,0
0,0,0
0,0,0
0,0,0
0,0,0
0,0,0
0,0,0
0,0,0
0,0,0
0,0,0
0,0,0
0,0,0
0,0,0
0,0,0
0,0,0
0,0,0
0,0,0
0,0,0
0,0,0
0,0,0
0,0,0
0,0,0
0,0,0
0,0,0
0,0,0
0,0,0
0,0,0
0,0,0
0,0,0
0,0,0
0,0,0
0,0,0
0,0,0
0,0,0
0,0,0
0,0,0
0,0,0
0,0,0
0,0,0
0,0,0
0,0,0
0,0,0
0,0,0
0,0,0
0,0,0
0,0,0
0,0,0
0,0,0
0,0,0
0,0,0
0,0,0
0,0,0
0,0,0
1.21872,3.60873,-0.937738
1.24021,3.59935,-0.93724
0,0,0
1.29801,3.62215,-0.947685
1.32188,3.61867,-0.948929
1.34405,3.61049,-0.948929
1.36378,3.59584,-0.947188
1.38582,3.5874,-0.947188
1.40638,3.57522,-0.946193
1.42469,3.55754,-0.943706
1.44503,3.54514,-0.942712
1.46824,3.53979,-0.943706
1.49069,3.53249,-0.944204
1.51386,3.52684,-0.945198
1.53702,3.52104,-0.946193
1.55939,3.51331,-0.946691
1.57972,3.50103,-0.945945
1.60642,3.50271,-0.949178
1.62747,3.49191,-0.948929
1.6526,3.48974,-0.951167
1.68028,3.49262,-0.954897
1.69402,3.46659,-0.950421
1.70923,3.44398,-0.946939
1.7312,3.43516,-0.947437
1.75225,3.42447,-0.947437
1.7701,3.40764,-0.945696
1.78917,3.39329,-0.944701
1.80264,3.36858,-0.940722
1.81958,3.35065,-0.938733
1.83683,3.33348,-0.936992
1.85442,3.31708,-0.9355
1.87617,3.30816,-0.936246
1.89933,3.30162,-0.937738
1.92395,3.29744,-0.939976
1.94612,3.2889,-0.940971
1.96427,3.27358,-0.939976
1.98885,3.26891,-0.942214
2.00531,3.25088,-0.940473
2.01957,3.22948,-0.937738
2.03934,3.21703,-0.937738
2.05643,3.20038,-0.936494
2.07655,3.18851,-0.936743
2.09768,3.17813,-0.937489
2.11122,3.15635,-0.934754
2.13,3.14253,-0.934505
2.14815,3.12781,-0.934007
2.1684,3.11616,-0.934505
2.18525,3.09963,-0.93351
2.20198,3.08301,-0.932515
2.22483,3.07493,-0.934256
2.24423,3.062,-0.934505
2.25951,3.04351,-0.933013
2.27697,3.02804,-0.932515
2.29199,3.00939,-0.931023
2.30154,2.98377,-0.927293
2.32338,2.97417,-0.928785
2.33978,2.95758,-0.928039
2.36273,2.94921,-0.930028
2.38383,2.93842,-0.931272
2.39874,2.92,-0.930028
2.39493,2.87916,-0.921324
2.43128,2.88664,-0.928785
2.44894,2.87166,-0.928785
2.46335,2.85292,-0.927541
2.47762,2.8341,-0.926298
2.4879,2.81087,-0.923562
2.5051,2.79555,-0.923562
2.5144,2.77152,-0.920578
2.53005,2.75461,-0.920081
2.55152,2.744,-0.921822
2.56432,2.72406,-0.92033
2.58433,2.71178,-0.921573
2.59823,2.69309,-0.920578
2.61065,2.67294,-0.919086
2.62904,2.65893,-0.919832
2.63708,2.63454,-0.916848
2.6532,2.61831,-0.916848
2.67129,2.60401,-0.917594
2.67327,2.57413,-0.91262
2.69392,2.56235,-0.914361
2.70818,2.54445,-0.913864
2.72517,2.5291,-0.914361
2.7392,2.51102,-0.913864
2.75456,2.49417,-0.913864
2.7662,2.47399,-0.91262
2.78351,2.4589,-0.913366
2.79635,2.43986,-0.91262
2.81347,2.42455,-0.913366
2.82313,2.40285,-0.911625
2.84079,2.38798,-0.91262
2.85092,2.36679,-0.911128
2.86314,2.34741,-0.910382
2.87824,2.33041,-0.910631
2.89097,2.31149,-0.910133
2.90814,2.29611,-0.911128
2.92982,2.28418,-0.913615
2.94685,2.26852,-0.91461
2.95917,2.24922,-0.914112
2.97524,2.23277,-0.914858
2.98265,2.20986,-0.912869
2.19321,1.60434,-0.657464
2.19438,1.58462,-0.654729
2.20958,1.57506,-0.65647
2.24297,1.57819,-0.66393
3.0196,2.09689,-0.903667
3.02282,2.07175,-0.900683
3.04831,2.06185,-0.904662
3.05768,2.04095,-0.903667
3.07419,2.02482,-0.904911
3.08006,2.00169,-0.902921
3.09473,1.98432,-0.903667
3.10685,1.9653,-0.903667
3.11803,1.94569,-0.903419
3.12826,1.9255,-0.902921
3.13753,1.90476,-0.902175
3.145,1.88299,-0.900932
3.15149,1.8607,-0.89944
3.16201,1.84084,-0.899191
3.17157,1.82044,-0.898694
3.17931,1.79904,-0.897699
3.19959,1.78469,-0.900434
3.20284,1.76082,-0.898196
3.20933,1.73883,-0.896953
3.21908,1.71865,-0.896704
3.22785,1.69796,-0.896207
3.23993,1.67902,-0.896704
3.24931,1.65866,-0.896455
3.25423,1.63609,-0.894963
3.27376,1.62081,-0.897699
3.27581,1.59688,-0.89546
3.28118,1.57465,-0.894217
3.29253,1.55532,-0.894714
3.29586,1.53223,-0.892974
3.30256,1.51077,-0.892228
3.30735,1.48849,-0.890984
3.31731,1.46856,-0.891233
3.32093,1.44586,-0.889741
3.33241,1.4266,-0.890487
3.33574,1.40387,-0.888995
3.35145,1.38633,-0.890984
3.36169,1.36647,-0.891481
3.37811,1.34905,-0.89372
3.38272,1.32689,-0.892725
3.39531,1.30785,-0.893968
3.40056,1.28596,-0.893222
3.39658,1.26069,-0.889989
3.39697,1.23717,-0.888
3.40632,1.21696,-0.888497
3.39727,1.19027,-0.884021
3.4155,1.17318,-0.887005
3.40427,1.14602,-0.882031
3.437,1.1336,-0.888995
3.3978,1.09761,-0.87656
3.41648,1.08054,-0.879793
3.45636,1.06986,-0.888746
3.45822,1.04723,-0.887502
3.46272,1.02544,-0.887005
3.46802,1.00391,-0.886756
3.4592,0.978392,-0.882777
3.46141,0.956117,-0.881783
3.46908,0.935365,-0.88228
3.47381,0.913815,-0.882031
3.48499,0.893926,-0.883523
3.4998,0.874874,-0.88601
3.50322,0.852925,-0.885513
3.50651,0.830967,-0.885016
3.50965,0.809001,-0.884518
3.50321,0.784911,-0.881534
3.50512,0.762783,-0.880788
3.51447,0.742262,-0.882031
3.51421,0.719713,-0.880788
3.52996,0.700397,-0.883772
3.53229,0.678359,-0.883275
3.53067,0.655612,-0.881783
3.53558,0.634107,-0.882031
3.53655,0.611906,-0.881285
3.53737,0.589717,-0.880539
3.54379,0.568461,-0.881285
3.55104,0.547296,-0.88228
3.5572,0.525922,-0.883026
3.55845,0.503814,-0.882529
3.55667,0.481321,-0.881285
3.5586,0.459365,-0.881037
3.55943,0.437285,-0.880539
3.55819,0.414988,-0.879544
3.55875,0.392935,-0.879047
3.56013,0.370992,-0.878798
3.56041,0.348951,-0.878301
3.56924,0.327718,-0.880042
3.5789,0.306471,-0.882031
3.58264,0.284659,-0.882529
3.58915,0.263025,-0.883772
1.48005,0.0995703,-0.340633
1.52027,0.0928988,-0.35083
3.59629,0.197074,-0.884518
3.59066,0.174675,-0.882777
3.5936,0.152722,-0.883275
3.59543,0.130704,-0.883523
3.57003,0.107854,-0.876809
3.60258,0.0867123,-0.885016
1.48702,0.0268969,-0.341628
1.50363,0.0179646,-0.345856
1.50371,0.00873817,-0.345856
1.50858,-0.000491418,-0.347099
1.42041,-0.00915511,-0.324469
3.63238,-0.046321,-0.892476
3.63106,-0.0685897,-0.892228
3.62573,-0.0907464,-0.890984
1.30068,-0.0402862,-0.29388
3.60692,-0.134581,-0.886508
0,0,0
0,0,0
3.61447,-0.201544,-0.889243
3.58803,-0.222159,-0.882777
1.36209,-0.0924822,-0.310293
0,0,0
0,0,0
3.55834,-0.308139,-0.876809
3.55928,-0.330236,-0.877555
3.55236,-0.351591,-0.876311
3.54532,-0.372874,-0.875068
3.54008,-0.394299,-0.874322
3.51836,-0.413748,-0.869348
3.51863,-0.435686,-0.870094
3.51301,-0.456893,-0.869348
3.51494,-0.479094,-0.870592
3.48988,-0.497506,-0.864872
3.51263,-0.522763,-0.871586
3.51414,-0.545049,-0.87283
3.49926,-0.564748,-0.869845
3.50146,-0.58717,-0.871338
3.49397,-0.607979,-0.870343
3.49399,-0.630094,-0.871338
3.49767,-0.652944,-0.873327
3.48885,-0.673474,-0.872084
3.4818,-0.6943,-0.871338
3.47463,-0.715065,-0.870592
3.45786,-0.733756,-0.867359
3.45802,-0.755994,-0.868602
3.44481,-0.775283,-0.866364
3.43905,-0.796187,-0.866115
3.43787,-0.818171,-0.86711
3.43466,-0.83971,-0.867607
3.4332,-0.861713,-0.868602
3.42316,-0.881554,-0.867359
3.42612,-0.904768,-0.869597
3.41209,-0.923495,-0.867359
3.40542,-0.944155,-0.86711
3.39677,-0.964239,-0.866364
3.40009,-0.987766,-0.868851
3.39025,-1.00751,-0.867856
3.37845,-1.0266,-0.866364
3.37023,-1.04673,-0.865866
3.36282,-1.0671,-0.865618
3.35253,-1.08652,-0.864623
3.35499,-1.11011,-0.86711
3.3472,-1.13037,-0.866861
3.33013,-1.14741,-0.864126
3.34496,-1.17554,-0.870094
3.33768,-1.19604,-0.870094
3.33028,-1.21649,-0.870094
3.32366,-1.23724,-0.870343
3.30967,-1.25521,-0.868602
3.29829,-1.2741,-0.867607
3.2859,-1.29254,-0.866364
3.27431,-1.31123,-0.865369
3.25185,-1.32545,-0.86139
3.24456,-1.34575,-0.861639
3.22642,-1.36149,-0.858903
3.22424,-1.38393,-0.860644
3.21125,-1.40175,-0.8594
3.19816,-1.41947,-0.858157
3.18939,-1.43906,-0.858157
3.18138,-1.45901,-0.858406
3.16973,-1.47727,-0.85766
3.16323,-1.49794,-0.858406
3.1566,-1.51858,-0.859152
3.14026,-1.53452,-0.857162
3.12905,-1.5529,-0.856665
3.13244,-1.57861,-0.860395
3.12269,-1.5978,-0.860395
3.11111,-1.61603,-0.859898
3.11827,-1.64413,-0.864872
3.10129,-1.65958,-0.862882
3.09531,-1.68089,-0.864126
3.07985,-1.69704,-0.862633
3.06177,-1.71165,-0.860395
3.05626,-1.73327,-0.861887
3.0355,-1.7462,-0.858903
3.02556,-1.76528,-0.859152
3.02384,-1.78924,-0.861887
2.50372,-1.50221,-0.70944
2.36703,-1.44,-0.671142
2.34991,-1.44941,-0.668655
2.31716,-1.44891,-0.661443
2.99289,-1.89723,-0.869597
2.95105,-1.89618,-0.860395
2.94504,-1.91795,-0.862136
2.93402,-1.93652,-0.862385
2.91806,-1.95179,-0.861141
2.89641,-1.96314,-0.858157
2.8891,-1.98417,-0.859649
2.87448,-2.0002,-0.858903
2.86295,-2.01835,-0.859152
2.84815,-2.03419,-0.858406
2.83953,-2.05447,-0.859649
2.83781,-2.07987,-0.863131
2.82577,-2.09782,-0.86338
2.81827,-2.1192,-0.86512
2.80444,-2.13586,-0.864872
2.78515,-2.1483,-0.862882
2.77344,-2.16654,-0.86338
2.75554,-2.17991,-0.861887
2.74438,-2.19859,-0.862633
2.72181,-2.20807,-0.859649
2.71943,-2.23395,-0.86338
2.70568,-2.25059,-0.86338
2.68737,-2.26341,-0.861887
2.67196,-2.2786,-0.86139
2.65939,-2.29622,-0.861887
2.64525,-2.31249,-0.861887
2.62449,-2.3229,-0.859649
2.61163,-2.34025,-0.860147
2.59148,-2.35103,-0.858157
2.58271,-2.37213,-0.860147
2.57307,-2.39255,-0.861887
2.55834,-2.40829,-0.861887
2.54212,-2.4226,-0.86139
2.52651,-2.43748,-0.861141
2.50458,-2.44617,-0.858654
2.49159,-2.46354,-0.8594
2.48121,-2.48358,-0.861141
2.46389,-2.49669,-0.860395
2.45461,-2.518,-0.862633
2.43709,-2.53092,-0.861887
2.41685,-2.54091,-0.860147
2.4032,-2.55781,-0.860893
2.37231,-2.55618,-0.855173
2.36051,-2.57497,-0.856665
2.34336,-2.58797,-0.856167
2.31646,-2.59003,-0.85194
2.30437,-2.60855,-0.853432
2.29087,-2.62556,-0.854427
2.27725,-2.6425,-0.855421
2.26224,-2.6579,-0.855919
2.24402,-2.6695,-0.855173
2.2276,-2.68322,-0.855173
2.21417,-2.70059,-0.856416
2.1939,-2.7096,-0.854924
2.17784,-2.72377,-0.855173
2.16168,-2.73784,-0.855421
2.13651,-2.74036,-0.85194
2.12024,-2.75419,-0.852188
2.09686,-2.75866,-0.849453
2.0764,-2.76683,-0.847961
2.06112,-2.78185,-0.848707
2.04058,-2.78975,-0.847215
2.02512,-2.80458,-0.847961
2.01293,-2.82405,-0.850199
1.99501,-2.83556,-0.84995
1.97868,-2.84933,-0.850448
1.95842,-2.85743,-0.849204
1.93868,-2.86618,-0.848209
1.91945,-2.8756,-0.847463
1.89804,-2.88167,-0.845723
1.8819,-2.89569,-0.846469
1.86462,-2.908,-0.846717
1.84933,-2.92348,-0.847961
1.83033,-2.93313,-0.847463
1.81129,-2.94266,-0.846966
1.79068,-2.94957,-0.845723
1.77056,-2.95718,-0.844728
1.74795,-2.96048,-0.84249
1.7356,-2.9812,-0.845474
1.71101,-2.98087,-0.842241
1.69364,-2.993,-0.842738
1.67807,-3.00841,-0.84423
1.66238,-3.02374,-0.845723
1.6438,-3.03389,-0.845723
1.62378,-3.04135,-0.844976
1.60239,-3.04611,-0.843484
1.57921,-3.04729,-0.840997
1.5596,-3.0552,-0.8405
1.53865,-3.06038,-0.839257
1.52156,-3.07324,-0.840251
1.49928,-3.07555,-0.838262
1.4829,-3.08993,-0.839754
1.46639,-3.10423,-0.841246
1.44487,-3.10789,-0.839754
1.42617,-3.11758,-0.840003
1.40821,-3.12892,-0.840749
1.38742,-3.13396,-0.839754
1.37087,-3.14863,-0.841495
1.35038,-3.15431,-0.840749
1.33062,-3.16165,-0.8405
1.3112,-3.16975,-0.8405
1.29063,-3.17505,-0.839754
1.26897,-3.17751,-0.838262
1.24627,-3.17712,-0.836024
1.22501,-3.18019,-0.83478
1.20616,-3.18946,-0.835278
1.1896,-3.20497,-0.837516
1.1709,-3.21494,-0.838262
1.15311,-3.22754,-0.839754
1.13809,-3.24826,-0.843484
1.11939,-3.25885,-0.844479
1.10215,-3.27392,-0.846717
0,0,0
1.05535,-3.26692,-0.841246
0,0,0
0,0,0
0.98802,-3.26262,-0.835029
0,0,0
0,0,0
0.926745,-3.27652,-0.834034
0,0,0
0,0,0
0,0,0
0,0,0
0,0,0
0,0,0
0,0,0
0,0,0
0,0,0
0,0,0
0,0,0
0,0,0
0,0,0
0,0,0
0,0,0
0,0,0
0,0,0
0,0,0
0,0,0
0,0,0
0,0,0
0,0,0
0,0,0
0,0,0
0,0,0
0,0,0
0,0,0
0,0,0
0,0,0
0,0,0
0,0,0
0,0,0
0,0,0
0,0,0
0,0,0
0,0,0
0,0,0
0,0,0
0,0,0
0,0,0
0,0,0
0,0,0
0,0,0
0,0,0
0,0,0
0,0,0
0,0,0
0,0,0
0,0,0
0,0,0
0,0,0
0,0,0
0,0,0
0,0,0
0,0,0
0,0,0
0,0,0
0,0,0
0,0,0
0,0,0
0,0,0
0,0,0
0,0,0
0,0,0
0,0,0
0,0,0
0,0,0
0,0,0
0,0,0
0,0,0
0,0,0
0,0,0
0,0,0
0,0,0
0,0,0
0,0,0
0,0,0
0,0,0
0,0,0
0,0,0
0,0,0
0,0,0
0,0,0
0,0,0
0,0,0
0,0,0
0,0,0
0,0,0
0,0,0
0,0,0
0,0,0
0,0,0
0,0,0
0,0,0
0,0,0
0,0,0
0,0,0
0,0,0
0,0,0
0,0,0
0,0,0
0,0,0
0,0,0
0,0,0
0,0,0
0,0,0
0,0,0
0,0,0
0,0,0
0,0,0
0,0,0
0,0,0
0,0,0
0,0,0
0,0,0
0,0,0
0,0,0
0,0,0
0,0,0
0,0,0
0,0,0
0,0,0
0,0,0
0,0,0
0,0,0
0,0,0
0,0,0
0,0,0
0,0,0
0,0,0
0,0,0
0,0,0
0,0,0
0,0,0
0,0,0
0,0,0
0,0,0
0,0,0
0,0,0
0,0,0
0,0,0
0,0,0
0,0,0
0,0,0
0,0,0
0,0,0
0,0,0
0,0,0
0,0,0
0,0,0
0,0,0
0,0,0
0,0,0
0,0,0
0,0,0
0,0,0
0,0,0
0,0,0
0,0,0
0,0,0
0,0,0
0,0,0
0,0,0
0,0,0
0,0,0
0,0,0
0,0,0
0,0,0
0,0,0
0,0,0
0,0,0
0,0,0
0,0,0
0,0,0
0,0,0
0,0,0
0,0,0
0,0,0
0,0,0
0,0,0
0,0,0
0,0,0
0,0,0
0,0,0
0,0,0
0,0,0
0,0,0
0,0,0
0,0,0
0,0,0
0,0,0
0,0,0
0,0,0
0,0,0
0,0,0
0,0,0
0,0,0
0,0,0
0,0,0
0,0,0
0,0,0
0,0,0
0,0,0
0,0,0
0,0,0
0,0,0
0,0,0
0,0,0
0,0,0
0,0,0
0,0,0
0,0,0
0,0,0
0,0,0
0,0,0
0,0,0
0,0,0
0,0,0
0,0,0
0,0,0
0,0,0
0,0,0
0,0,0
0,0,0
0,0,0
0,0,0
0,0,0
0,0,0
0,0,0
0,0,0
0,0,0
0,0,0
0,0,0
0,0,0
0,0,0
0,0,0
0,0,0
0,0,0
0,0,0
0,0,0
0,0,0
0,0,0
0,0,0
0,0,0
0,0,0
0,0,0
0,0,0
0,0,0
0,0,0
0,0,0
0,0,0
0,0,0
0,0,0
0,0,0
0,0,0
0,0,0
0,0,0
0,0,0
0,0,0
0,0,0
0,0,0
0,0,0
0,0,0
0,0,0
0,0,0
0,0,0
0,0,0
0,0,0
0,0,0
0,0,0
0,0,0
0,0,0
0,0,0
0,0,0
0,0,0
0,0,0
0,0,0
0,0,0
0,0,0
0,0,0
0,0,0
0,0,0
0,0,0
0,0,0
0,0,0
0,0,0
0,0,0
0,0,0
0,0,0
0,0,0
0,0,0
0,0,0
0,0,0
0,0,0
0,0,0
0,0,0
0,0,0
0,0,0
0,0,0
0,0,0
0,0,0
0,0,0
0,0,0
0,0,0
0,0,0
0,0,0
0,0,0
0,0,0
0,0,0
0,0,0
0,0,0
0,0,0
0,0,0
0,0,0
0,0,0
0,0,0
0,0,0
0,0,0
0,0,0
0,0,0
0,0,0
0,0,0
0,0,0
0,0,0
0,0,0
0,0,0
0,0,0
0,0,0
0,0,0
0,0,0
0,0,0
0,0,0
0,0,0
0,0,0
0,0,0
0,0,0
0,0,0
0,0,0
0,0,0
0,0,0
0,0,0
0,0,0
0,0,0
0,0,0
0,0,0
0,0,0
0,0,0
0,0,0
0,0,0
0,0,0
0,0,0
0,0,0
0,0,0
0,0,0
0,0,0
0,0,0
0,0,0
0,0,0
0,0,0
0,0,0
0,0,0
0,0,0
0,0,0
0,0,0
0,0,0
0,0,0
0,0,0
0,0,0
0,0,0
0,0,0
0,0,0
0,0,0
0,0,0
0,0,0
0,0,0
0,0,0
0,0,0
0,0,0
0,0,0
0,0,0
0,0,0
0,0,0
0,0,0
0,0,0
0,0,0
0,0,0
0,0,0
0,0,0
0,0,0
0,0,0
0,0,0
0,0,0
0,0,0
0,0,0
0,0,0
0,0,0
0,0,0
0,0,0
0,0,0
0,0,0
0,0,0
0,0,0
0,0,0
0,0,0
0,0,0
0,0,0
0,0,0
0,0,0
0,0,0
0,0,0
0,0,0
0,0,0
0,0,0
0,0,0
0,0,0
0,0,0
0,0,0
0,0,0
0,0,0
0,0,0
0,0,0
0,0,0
0,0,0
0,0,0
0,0,0
0,0,0
0,0,0
0,0,0
0,0,0
0,0,0
0,0,0
0,0,0
0,0,0
0,0,0
0,0,0
0,0,0
0,0,0
0,0,0
0,0,0
0,0,0
0,0,0
0,0,0
0,0,0
0,0,0
0,0,0
0,0,0
0,0,0
0,0,0
0,0,0
0,0,0
0,0,0
0,0,0
0,0,0
0,0,0
0,0,0
0,0,0
0,0,0
0,0,0
0,0,0
0,0,0
0,0,0
0,0,0
0,0,0
0,0,0
0,0,0
0,0,0
0,0,0
0,0,0
0,0,0
0,0,0
0,0,0
0,0,0
0,0,0
0,0,0
0,0,0
0,0,0
0,0,0
0,0,0
0,0,0
0,0,0
0,0,0
0,0,0
0,0,0
0,0,0
0,0,0
0,0,0
0,0,0
0,0,0
0,0,0
0,0,0
0,0,0
0,0,0
0,0,0
0,0,0
0,0,0
0,0,0
0,0,0
0,0,0
0,0,0
0,0,0
0,0,0
0,0,0
0,0,0
0,0,0
0,0,0
0,0,0
0,0,0
0,0,0
0,0,0
0,0,0
0,0,0
0,0,0
0,0,0
0,0,0
0,0,0
0,0,0
0,0,0
0,0,0
0,0,0
0,0,0
0,0,0
0,0,0
0,0,0
0,0,0
0,0,0
0,0,0
0,0,0
0,0,0
0,0,0
0,0,0
0,0,0
0,0,0
0,0,0
0,0,0
0,0,0
0,0,0
0,0,0
0,0,0
0,0,0
0,0,0
0,0,0
0,0,0
0,0,0
0,0,0
0,0,0
0,0,0
0,0,0
0,0,0
0,0,0
0,0,0
0,0,0
0,0,0
0,0,0
0,0,0
0,0,0
0,0,0
0,0,0
0,0,0
0,0,0
0,0,0
0,0,0
0,0,0
0,0,0
0,0,0
0,0,0
0,0,0
0,0,0
0,0,0
0,0,0
0,0,0
0,0,0
0,0,0
0,0,0
0,0,0
0,0,0
0,0,0
0,0,0
0,0,0
0,0,0
0,0,0
0,0,0
0,0,0
0,0,0
0,0,0
0,0,0
0,0,0
0,0,0
0,0,0
0,0,0
0,0,0
0,0,0
0,0,0
0,0,0
0,0,0
0,0,0
0,0,0
0,0,0
0,0,0
0,0,0
0,0,0
0,0,0
0,0,0
0,0,0
0,0,0
0,0,0
0,0,0
0,0,0
0,0,0
0,0,0
0,0,0
0,0,0
0,0,0
0,0,0
0,0,0
0,0,0
0,0,0
0,0,0
0,0,0
0,0,0
0,0,0
0,0,0
0,0,0
1.13402,3.56527,-0.966946
1.15796,3.56467,-0.968766
1.18254,3.56575,-0.971106
1.20254,3.55294,-0.969546
1.22526,3.54823,-0.970326
1.2422,3.52698,-0.966426
1.25795,3.50293,-0.961746
1.2718,3.47429,-0.955766
1.28803,3.45285,-0.951866
1.30611,3.43675,-0.949526
1.32334,3.41877,-0.946666
1.33828,3.39531,-0.942246
1.36088,3.39152,-0.943546
1.37619,3.36969,-0.939646
1.39833,3.36475,-0.940687
1.42007,3.35878,-0.941467
1.4437,3.3571,-0.943546
1.46544,3.35083,-0.944327
1.48558,3.34089,-0.944066
1.51002,3.34052,-0.946666
1.52767,3.32504,-0.944847
1.54478,3.30861,-0.942766
1.56505,3.29907,-0.942766
1.58066,3.27983,-0.939907
1.59948,3.26747,-0.939126
1.62723,3.27316,-0.943806
1.64728,3.26311,-0.943806
1.66595,3.25037,-0.943026
1.68587,3.24008,-0.943026
1.70481,3.22797,-0.942506
1.72231,3.21319,-0.941207
1.74107,3.20087,-0.940687
1.75601,3.18167,-0.938087
1.7755,3.17083,-0.938087
1.79445,3.15904,-0.937827
1.81669,3.15299,-0.939386
1.8399,3.14846,-0.941467
1.85869,3.13628,-0.941207
1.87889,3.12647,-0.941727
1.89704,3.11323,-0.941207
1.9161,3.10153,-0.941207
1.92946,3.08071,-0.938347
1.94885,3.06963,-0.938607
1.96608,3.05518,-0.937827
1.98109,3.0374,-0.936007
1.99916,3.02438,-0.935747
2.01714,3.01125,-0.935487
2.0345,2.99722,-0.934967
2.05395,2.98627,-0.935487
2.06726,2.96648,-0.933147
2.09044,2.96084,-0.935487
2.10351,2.94089,-0.933147
2.12095,2.92714,-0.932887
2.14116,2.91719,-0.933927
2.15153,2.89392,-0.930547
2.16518,2.87526,-0.928727
2.1781,2.85578,-0.926647
2.18909,2.83395,-0.923787
2.20703,2.82123,-0.924047
2.2267,2.81066,-0.925087
2.24511,2.79845,-0.925607
2.2665,2.78987,-0.927427
2.29155,2.78561,-0.930807
2.30613,2.76853,-0.929767
2.32183,2.75285,-0.929247
2.33429,2.73341,-0.927427
2.34786,2.71538,-0.926127
2.35875,2.69438,-0.923787
2.37332,2.67769,-0.923007
2.38132,2.65373,-0.919627
2.39626,2.63764,-0.919107
2.41371,2.62431,-0.919627
2.42977,2.60945,-0.919627
2.44507,2.59379,-0.919367
2.45094,2.56826,-0.915467
2.47269,2.55942,-0.917807
2.4735,2.52901,-0.912087
2.49712,2.52202,-0.915207
2.50913,2.50324,-0.913907
2.52238,2.48577,-0.913127
2.54243,2.47496,-0.914947
2.55687,2.45864,-0.914687
2.58031,2.45089,-0.917807
2.596,2.43567,-0.918067
2.61373,2.42232,-0.919107
2.62712,2.40494,-0.918587
2.64111,2.38812,-0.918327
2.65211,2.36866,-0.917027
2.6637,2.34978,-0.915987
2.67152,2.32768,-0.913647
2.68502,2.31062,-0.913387
2.69694,2.29222,-0.912607
2.7006,2.26693,-0.908967
2.72338,2.25772,-0.912087
2.73494,2.23913,-0.911307
2.74938,2.22291,-0.911567
2.76448,2.20721,-0.912087
2.77645,2.18901,-0.911567
2.79516,2.17609,-0.913387
2.80999,2.16007,-0.913907
2.82243,2.1422,-0.913647
2.8417,2.12948,-0.915727
2.15391,1.59318,-0.680948
2.18236,1.59361,-0.687188
2.19445,1.58189,-0.687968
2.21355,1.57511,-0.691087
2.2366,1.57094,-0.695507
2.8769,1.99482,-0.902207
2.89068,1.97822,-0.902727
2.90036,1.95882,-0.901947
2.91474,1.9426,-0.902727
2.93225,1.92839,-0.904547
2.93593,1.9051,-0.901947
2.95325,1.8907,-0.903767
2.96888,1.87512,-0.905067
2.97295,1.85227,-0.902727
2.9966,1.84159,-0.906627
3.00041,1.81866,-0.904287
3.00737,1.79773,-0.902987
3.02167,1.78121,-0.904027
3.02086,1.75584,-0.900387
3.02404,1.73295,-0.898047
3.03461,1.71436,-0.898047
3.03833,1.69195,-0.895967
3.05204,1.67513,-0.897007
3.05971,1.65499,-0.896227
3.06555,1.63392,-0.894927
3.07466,1.61463,-0.894667
3.07937,1.59307,-0.893107
3.08736,1.57326,-0.892587
3.08919,1.55039,-0.890247
3.09692,1.53055,-0.889727
3.1158,1.51617,-0.892587
3.11982,1.49452,-0.891027
3.13941,1.48029,-0.894147
3.14843,1.461,-0.894147
3.15909,1.44246,-0.894667
3.17317,1.42542,-0.896227
3.17921,1.40475,-0.895447
3.19131,1.38676,-0.896487
3.20242,1.36829,-0.897267
3.20809,1.34749,-0.896487
3.21808,1.32852,-0.897007
3.22527,1.30839,-0.896747
3.2449,1.29322,-0.900127
3.23479,1.26624,-0.894927
3.24791,1.24845,-0.896487
3.25912,1.22986,-0.897527
3.26299,1.2085,-0.896487
3.26489,1.18648,-0.894927
3.26302,1.16318,-0.892327
3.26827,1.14249,-0.891807
3.26335,1.11835,-0.888427
3.25825,1.0943,-0.885047
3.25665,1.07157,-0.882707
3.27695,1.05601,-0.886607
3.26587,1.03036,-0.881667
3.27674,1.01173,-0.882967
3.28936,0.99356,-0.884787
3.30002,0.974727,-0.886087
3.31058,0.955801,-0.887387
3.32103,0.936782,-0.888687
3.32392,0.915617,-0.887907
3.32482,0.893949,-0.886607
3.32183,0.871324,-0.884267
3.33179,0.852123,-0.885567
3.33228,0.830494,-0.884267
3.33731,0.810032,-0.884267
3.34973,0.791318,-0.886347
3.347,0.769017,-0.884267
3.35636,0.74952,-0.885567
3.35713,0.728092,-0.884527
3.36059,0.70728,-0.884267
3.36865,0.68742,-0.885307
3.3728,0.666737,-0.885307
3.37872,0.646393,-0.885827
3.38832,0.626705,-0.887387
3.3845,0.604542,-0.885307
3.39005,0.584092,-0.885827
3.385,0.561855,-0.883487
3.38361,0.540311,-0.882187
3.38591,0.519393,-0.881927
3.38617,0.498185,-0.881147
3.39299,0.477938,-0.882187
3.39107,0.456465,-0.880887
3.40051,0.436512,-0.882707
3.4175,0.417399,-0.886607
3.41808,0.396199,-0.886087
1.4653,0.160081,-0.356469
1.4605,0.150489,-0.354909
1.45947,0.141337,-0.354389
1.45646,0.132027,-0.353349
1.46109,0.123416,-0.354389
1.4676,0.114905,-0.355949
1.47117,0.106109,-0.356729
1.46986,0.0969513,-0.356209
1.47043,0.0879306,-0.356209
1.48251,0.0795363,-0.359329
1.47911,0.070252,-0.358289
1.47952,0.061175,-0.358289
1.47697,0.0519916,-0.357509
1.47436,0.0428417,-0.356729
1.47267,0.0337486,-0.356209
1.48057,0.0248474,-0.358289
1.48166,0.0157734,-0.358549
1.48463,0.00669708,-0.359329
1.48464,-0.00241255,-0.359329
1.48074,-0.0114951,-0.358289
1.47774,-0.0205425,-0.357509
1.47759,-0.0296094,-0.357509
1.47255,-0.0385525,-0.356209
1.46939,-0.0474959,-0.355429
1.46618,-0.0564019,-0.354649
1.4658,-0.0653971,-0.354649
1.45959,-0.0741007,-0.353089
1.46103,-0.0831634,-0.353609
1.45664,-0.0918865,-0.352569
1.45701,-0.100888,-0.352829
1.46215,-0.110258,-0.354389
1.4624,-0.119305,-0.354649
1.44048,-0.126435,-0.348929
1.44641,-0.135898,-0.350749
0,0,0
0,0,0
3.39172,-0.380213,-0.878547
3.38836,-0.400904,-0.878287
3.37817,-0.420735,-0.876207
3.38319,-0.442454,-0.878287
3.3785,-0.462943,-0.877767
3.37559,-0.483664,-0.877767
3.37447,-0.504652,-0.878287
3.35891,-0.52342,-0.874907
3.34991,-0.543094,-0.873347
3.34366,-0.563159,-0.872567
3.32492,-0.58101,-0.868407
3.31939,-0.601057,-0.867887
3.32039,-0.622301,-0.869187
3.31556,-0.642479,-0.868927
3.31156,-0.662811,-0.868927
3.31499,-0.684678,-0.871007
3.31167,-0.705206,-0.871267
3.31389,-0.726959,-0.873087
3.31878,-0.749403,-0.875687
3.32259,-0.771716,-0.878027
3.31779,-0.792088,-0.878027
3.30912,-0.811512,-0.876987
3.28816,-0.827799,-0.872567
3.26805,-0.844101,-0.868407
3.25161,-0.861174,-0.865287
3.23974,-0.879341,-0.863467
3.23242,-0.898687,-0.862947
3.21106,-0.914015,-0.858527
3.23042,-0.940983,-0.865547
3.23014,-0.96244,-0.867107
3.22695,-0.983085,-0.867887
3.22086,-1.00287,-0.867887
3.21832,-1.02378,-0.868927
3.21657,-1.045,-0.870227
3.21193,-1.06532,-0.870747
3.20351,-1.08439,-0.870227
3.19679,-1.10403,-0.870227
3.18631,-1.12234,-0.869187
3.18028,-1.1422,-0.869447
3.17412,-1.16202,-0.869707
3.17235,-1.1835,-0.871267
3.15691,-1.19986,-0.868927
3.14679,-1.21816,-0.868147
3.13656,-1.23638,-0.867367
3.11726,-1.25093,-0.863987
3.10595,-1.26858,-0.862947
3.09365,-1.28576,-0.861647
3.08748,-1.30547,-0.862167
3.08651,-1.32744,-0.864247
3.08184,-1.3479,-0.865287
3.07352,-1.36678,-0.865287
3.05627,-1.38164,-0.862687
3.06178,-1.40681,-0.866847
3.04171,-1.42027,-0.863467
3.03643,-1.44056,-0.864507
3.0284,-1.45958,-0.864767
3.01679,-1.47686,-0.863987
3.01545,-1.49921,-0.866327
3.00361,-1.51638,-0.865547
2.98909,-1.53214,-0.863987
2.97964,-1.55045,-0.863987
2.97519,-1.57141,-0.865547
2.96549,-1.58964,-0.865547
2.95992,-1.61011,-0.866847
2.95591,-1.63151,-0.868667
2.94079,-1.64678,-0.867107
2.93315,-1.66623,-0.867887
2.9237,-1.68467,-0.868147
2.89497,-1.69187,-0.862427
2.82803,-1.67614,-0.844747
0,0,0
2.38746,-1.4551,-0.712407
2.35219,-1.45349,-0.704087
0,0,0
2.39288,-1.51949,-0.722807
2.68646,-1.72896,-0.819787
2.76963,-1.80657,-0.849947
2.78025,-1.8379,-0.856967
2.79059,-1.86943,-0.863987
2.79025,-1.89411,-0.867627
2.77698,-1.9101,-0.867107
2.7668,-1.9282,-0.867627
2.75334,-1.94403,-0.867107
2.728,-1.95134,-0.862687
2.7105,-1.96408,-0.860867
2.69295,-1.97668,-0.859047
2.68154,-1.99374,-0.859307
2.6708,-2.01132,-0.859827
2.65764,-2.02708,-0.859567
2.65127,-2.04807,-0.861647
2.64322,-2.06787,-0.863207
2.62745,-2.08165,-0.862167
2.6199,-2.10196,-0.863987
2.60771,-2.11861,-0.864247
2.5969,-2.13641,-0.865027
2.58077,-2.14983,-0.863987
2.5631,-2.16189,-0.862427
2.53804,-2.16755,-0.858267
2.53419,-2.19129,-0.861647
2.51197,-2.19916,-0.858527
2.51433,-2.22862,-0.864247
2.50349,-2.24659,-0.865287
2.49895,-2.27034,-0.868667
2.48924,-2.28955,-0.870227
2.47514,-2.30479,-0.870227
2.45884,-2.31794,-0.869447
2.43829,-2.32699,-0.867107
2.41771,-2.33587,-0.864767
2.3985,-2.34594,-0.862947
2.38475,-2.36129,-0.863207
2.36885,-2.37451,-0.862687
2.35695,-2.39175,-0.863727
2.34694,-2.41101,-0.865547
2.3321,-2.42536,-0.865547
2.32317,-2.44593,-0.867887
2.30745,-2.45943,-0.867627
2.29101,-2.47213,-0.867107
2.27579,-2.48614,-0.867107
2.26114,-2.50077,-0.867367
2.24511,-2.51388,-0.867107
2.22773,-2.52543,-0.866327
2.20711,-2.53323,-0.864247
2.19342,-2.54892,-0.865027
2.17524,-2.55939,-0.863987
2.15639,-2.56899,-0.862687
2.14367,-2.58589,-0.863987
2.12041,-2.59003,-0.860867
2.10388,-2.60224,-0.860607
2.08727,-2.61435,-0.860347
2.06461,-2.61877,-0.857487
2.04553,-2.62758,-0.856187
2.02819,-2.63855,-0.855667
2.0108,-2.64941,-0.855147
1.99334,-2.66015,-0.854627
1.97469,-2.66923,-0.853587
1.95827,-2.68129,-0.853587
1.94235,-2.69404,-0.853847
1.92578,-2.70591,-0.853847
1.9097,-2.71846,-0.854107
1.89353,-2.73092,-0.854367
1.87619,-2.7417,-0.854107
1.85987,-2.75396,-0.854367
1.84294,-2.76532,-0.854367
1.82329,-2.77254,-0.853067
1.80308,-2.77882,-0.851507
1.79017,-2.79633,-0.853587
1.76936,-2.80155,-0.851767
1.75163,-2.81153,-0.851507
1.73637,-2.82552,-0.852547
1.7175,-2.83364,-0.851767
1.69909,-2.84247,-0.851247
1.6821,-2.85367,-0.851507
1.66456,-2.86394,-0.851507
1.64744,-2.87494,-0.851767
1.62787,-2.88163,-0.850727
1.61156,-2.89409,-0.851507
1.59052,-2.898,-0.849687
1.57087,-2.90431,-0.848647
1.55393,-2.9156,-0.849167
1.53466,-2.92252,-0.848387
1.51715,-2.93273,-0.848647
1.50044,-2.94457,-0.849427
1.48148,-2.95199,-0.848907
1.46505,-2.96449,-0.849947
1.44387,-2.96735,-0.848127
1.42438,-2.97354,-0.847347
1.4057,-2.98135,-0.847087
1.38535,-2.98554,-0.845787
1.36459,-2.98871,-0.844227
1.34821,-3.00144,-0.845527
1.3325,-3.01583,-0.847347
1.31205,-3.01952,-0.846047
1.29197,-3.02397,-0.845007
1.27639,-3.03896,-0.847087
1.25698,-3.04495,-0.846567
1.23646,-3.04813,-0.845267
1.21487,-3.04849,-0.843187
1.19614,-3.05588,-0.843187
1.17876,-3.06677,-0.844227
1.16026,-3.07485,-0.844487
1.13902,-3.07557,-0.842667
0,0,0
0,0,0
1.08955,-3.11698,-0.848647
0,0,0
0,0,0
0,0,0
0,0,0
0,0,0
0,0,0
0,0,0
0,0,0
0.902707,-3.12691,-0.835907
0,0,0
0,0,0
0,0,0
0,0,0
0,0,0
0,0,0
0,0,0
0,0,0
0,0,0
0,0,0
0,0,0
0,0,0
0,0,0
0,0,0
0,0,0
0,0,0
0,0,0
0,0,0
0,0,0
0,0,0
0,0,0
0,0,0
0,0,0
0,0,0
0,0,0
0,0,0
0,0,0
0,0,0
0,0,0
0,0,0
0,0,0
0,0,0
0,0,0
0,0,0
0,0,0
0,0,0
0,0,0
0,0,0
0,0,0
0,0,0
0,0,0
0,0,0
0,0,0
0,0,0
0,0,0
0,0,0
0,0,0
0,0,0
0,0,0
0,0,0
0,0,0
0,0,0
0,0,0
0,0,0
0,0,0
0,0,0
0,0,0
0,0,0
0,0,0
0,0,0
0,0,0
0,0,0
0,0,0
0,0,0
0,0,0
0,0,0
0,0,0
0,0,0
0,0,0
0,0,0
0,0,0
0,0,0
0,0,0
0,0,0
0,0,0
0,0,0
0,0,0
0,0,0
0,0,0
0,0,0
0,0,0
0,0,0
0,0,0
0,0,0
0,0,0
0,0,0
0,0,0
0,0,0
0,0,0
0,0,0
0,0,0
0,0,0
0,0,0
0,0,0
0,0,0
0,0,0
0,0,0
0,0,0
0,0,0
0,0,0
0,0,0
0,0,0
0,0,0
0,0,0
0,0,0
0,0,0
0,0,0
0,0,0
0,0,0
0,0,0
0,0,0
0,0,0
0,0,0
0,0,0
0,0,0
0,0,0
0,0,0
0,0,0
0,0,0
0,0,0
0,0,0
0,0,0
0,0,0
0,0,0
0,0,0
0,0,0
0,0,0
0,0,0
0,0,0
0,0,0
0,0,0
0,0,0
0,0,0
0,0,0
0,0,0
0,0,0
0,0,0
0,0,0
0,0,0
0,0,0
0,0,0
0,0,0
0,0,0
0,0,0
0,0,0
0,0,0
0,0,0
0,0,0
0,0,0
0,0,0
0,0,0
0,0,0
0,0,0
0,0,0
0,0,0
0,0,0
0,0,0
0,0,0
0,0,0
0,0,0
0,0,0
0,0,0
0,0,0
0,0,0
0,0,0
0,0,0
0,0,0
0,0,0
0,0,0
0,0,0
0,0,0
0,0,0
0,0,0
0,0,0
0,0,0
0,0,0
0,0,0
0,0,0
0,0,0
0,0,0
0,0,0
0,0,0
0,0,0
0,0,0
0,0,0
0,0,0
0,0,0
0,0,0
0,0,0
0,0,0
0,0,0
0,0,0
0,0,0
0,0,0
0,0,0
0,0,0
0,0,0
0,0,0
0,0,0
0,0,0
0,0,0
0,0,0
0,0,0
0,0,0
0,0,0
0,0,0
0,0,0
0,0,0
0,0,0
0,0,0
0,0,0
0,0,0
0,0,0
0,0,0
0,0,0
0,0,0
0,0,0
0,0,0
0,0,0
0,0,0
0,0,0
0,0,0
0,0,0
0,0,0
0,0,0
0,0,0
0,0,0
0,0,0
0,0,0
0,0,0
0,0,0
0,0,0
0,0,0
0,0,0
0,0,0
0,0,0
0,0,0
0,0,0
0,0,0
0,0,0
0,0,0
0,0,0
0,0,0
0,0,0
0,0,0
0,0,0
0,0,0
0,0,0
0,0,0
0,0,0
0,0,0
0,0,0
0,0,0
0,0,0
0,0,0
0,0,0
0,0,0
0,0,0
0,0,0
0,0,0
0,0,0
0,0,0
0,0,0
0,0,0
0,0,0
0,0,0
0,0,0
0,0,0
0,0,0
0,0,0
0,0,0
0,0,0
0,0,0
0,0,0
0,0,0
0,0,0
0,0,0
0,0,0
0,0,0
0,0,0
0,0,0
0,0,0
0,0,0
0,0,0
0,0,0
0,0,0
0,0,0
0,0,0
0,0,0
0,0,0
0,0,0
0,0,0
0,0,0
0,0,0
0,0,0
0,0,0
0,0,0
0,0,0
0,0,0
0,0,0
0,0,0
0,0,0
0,0,0
0,0,0
0,0,0
0,0,0
0,0,0
0,0,0
0,0,0
0,0,0
0,0,0
0,0,0
0,0,0
0,0,0
0,0,0
0,0,0
0,0,0
0,0,0
0,0,0
0,0,0
0,0,0
0,0,0
0,0,0
0,0,0
0,0,0
0,0,0
0,0,0
0,0,0
0,0,0
0,0,0
0,0,0
0,0,0
0,0,0
0,0,0
0,0,0
0,0,0
0,0,0
0,0,0
0,0,0
0,0,0
0,0,0
0,0,0
0,0,0
0,0,0
0,0,0
0,0,0
0,0,0
0,0,0
0,0,0
0,0,0
0,0,0
0,0,0
0,0,0
0,0,0
0,0,0
0,0,0
0,0,0
0,0,0
0,0,0
0,0,0
0,0,0
0,0,0
0,0,0
0,0,0
0,0,0
0,0,0
0,0,0
0,0,0
0,0,0
0,0,0
0,0,0
0,0,0
0,0,0
0,0,0
0,0,0
0,0,0
0,0,0
0,0,0
0,0,0
0,0,0
0,0,0
0,0,0
0,0,0
0,0,0
0,0,0
0,0,0
0,0,0
0,0,0
0,0,0
0,0,0
0,0,0
0,0,0
0,0,0
0,0,0
0,0,0
0,0,0
0,0,0
0,0,0
0,0,0
0,0,0
0,0,0
0,0,0
0,0,0
0,0,0
0,0,0
0,0,0
0,0,0
0,0,0
0,0,0
0,0,0
0,0,0
0,0,0
0,0,0
0,0,0
0,0,0
0,0,0
0,0,0
0,0,0
0,0,0
0,0,0
0,0,0
0,0,0
0,0,0
0,0,0
0,0,0
0,0,0
0,0,0
0,0,0
0,0,0
0,0,0
0,0,0
0,0,0
0,0,0
0,0,0
0,0,0
0,0,0
0,0,0
0,0,0
0,0,0
0,0,0
0,0,0
0,0,0
0,0,0
0,0,0
0,0,0
0,0,0
0,0,0
0,0,0
0,0,0
0,0,0
0,0,0
0,0,0
0,0,0
0,0,0
0,0,0
0,0,0
0,0,0
0,0,0
0,0,0
0,0,0
0,0,0
0,0,0
0,0,0
0,0,0
0,0,0
0,0,0
0,0,0
0,0,0
0,0,0
0,0,0
0,0,0
0,0,0
0,0,0
0,0,0
0,0,0
0,0,0
0,0,0
0,0,0
0,0,0
0,0,0
0,0,0
0,0,0
0,0,0
0,0,0
0,0,0
0,0,0
0,0,0
0,0,0
0,0,0
0,0,0
0,0,0
0,0,0
0,0,0
0,0,0
0,0,0
0,0,0
0,0,0
0,0,0
0,0,0
0,0,0
0,0,0
0,0,0
0,0,0
0,0,0
0,0,0
0,0,0
0,0,0
0,0,0
0,0,0
0,0,0
0,0,0
0,0,0
0,0,0
0,0,0
0,0,0
0,0,0
0,0,0
0,0,0
0,0,0
0,0,0
0,0,0
0,0,0
0,0,0
0,0,0
0,0,0
0,0,0
0,0,0
0,0,0
0,0,0
0,0,0
0,0,0
0,0,0
0,0,0
0,0,0
0,0,0
0,0,0
0,0,0
0,0,0
0,0,0
0,0,0
0,0,0
0,0,0
0,0,0
0,0,0
0,0,0
0,0,0
0,0,0
0,0,0
0,0,0
0,0,0
0,0,0
0,0,0
0,0,0
0,0,0
0,0,0
0,0,0
0,0,0
0,0,0
0,0,0
0,0,0
0,0,0
0,0,0
0,0,0
0,0,0
0,0,0
0,0,0
0,0,0
0,0,0
0,0,0
0,0,0
0,0,0
0,0,0
0,0,0
0,0,0
0,0,0
0,0,0
0,0,0
0,0,0
0,0,0
0,0,0
0,0,0
0,0,0
0,0,0
0,0,0
0,0,0
0,0,0
0,0,0
0,0,0
0,0,0
0,0,0
0,0,0
0,0,0
0,0,0
0,0,0
0,0,0
0,0,0
0,0,0
1.18243,3.29791,-0.945475
1.19867,3.27975,-0.942224
1.21878,3.27233,-0.942224
1.23268,3.24859,-0.937347
1.25363,3.24366,-0.93816
1.27457,3.23859,-0.938973
1.29299,3.22714,-0.937889
1.31204,3.21736,-0.937347
1.33618,3.21992,-0.940598
1.35741,3.2152,-0.941682
1.37749,3.2077,-0.941953
1.39908,3.2036,-0.943308
1.41988,3.19759,-0.944121
1.43828,3.18619,-0.943308
1.45941,3.1808,-0.944392
1.47565,3.16481,-0.942224
1.49009,3.14526,-0.938973
1.50811,3.13345,-0.93816
1.52689,3.12327,-0.937889
1.54388,3.10954,-0.936534
1.5612,3.09657,-0.935451
1.57666,3.08007,-0.933283
1.59997,3.07888,-0.935993
1.62107,3.07327,-0.937347
1.63672,3.05732,-0.935451
1.66372,3.06244,-0.940328
1.67876,3.04543,-0.93816
1.70024,3.04012,-0.939786
1.71458,3.02209,-0.937347
1.73213,3.00985,-0.936805
1.75542,3.00747,-0.939515
1.77581,2.99996,-0.940598
1.79121,2.98406,-0.938973
1.80698,2.9689,-0.937618
1.82668,2.96021,-0.938431
1.84379,2.94732,-0.937889
1.85617,2.92701,-0.934909
1.87409,2.91556,-0.934909
1.88984,2.90078,-0.933825
1.90442,2.88431,-0.932199
1.92744,2.88057,-0.934909
1.94346,2.8663,-0.934096
1.95992,2.85274,-0.933554
1.97848,2.84224,-0.934096
1.99089,2.82296,-0.931658
2.01321,2.81774,-0.934096
2.02708,2.80066,-0.93247
2.04024,2.78273,-0.930574
2.05728,2.77016,-0.930574
2.06845,2.7498,-0.927864
2.09228,2.74624,-0.931116
2.09615,2.71659,-0.925155
2.10923,2.69912,-0.92353
2.12097,2.68009,-0.921362
2.13858,2.66853,-0.921904
2.15855,2.65984,-0.92353
2.17666,2.64878,-0.924342
2.19842,2.64203,-0.926781
2.21459,2.62849,-0.926781
2.2238,2.6068,-0.9238
2.23661,2.58946,-0.922446
2.24992,2.57279,-0.921362
2.26247,2.55534,-0.920007
2.27682,2.53997,-0.919465
2.29043,2.52382,-0.918653
2.30717,2.51113,-0.919195
2.32188,2.49622,-0.918924
2.33385,2.47843,-0.917569
2.35034,2.46545,-0.918111
2.36677,2.45237,-0.918653
2.37975,2.43574,-0.91784
2.39127,2.41767,-0.916485
2.40537,2.40227,-0.916214
2.41733,2.38476,-0.91513
2.43536,2.37324,-0.916485
2.44918,2.35759,-0.916214
2.46151,2.34052,-0.915401
2.47863,2.32801,-0.916485
2.48934,2.30949,-0.91513
2.50276,2.29352,-0.91486
2.51036,2.27231,-0.912421
2.5221,2.25494,-0.911608
2.5395,2.2426,-0.912963
2.55393,2.22761,-0.913234
2.56391,2.20876,-0.911879
2.58474,2.19922,-0.914589
2.59451,2.18022,-0.913234
2.60783,2.16426,-0.913234
2.62851,2.15432,-0.915943
2.63195,2.13028,-0.912421
2.64272,2.11229,-0.911608
2.65487,2.09544,-0.911337
2.66388,2.07615,-0.909983
2.67505,2.05859,-0.909441
2.67306,2.03108,-0.904293
2.6901,2.0181,-0.905919
2.17947,1.61433,-0.722766
2.17613,1.59127,-0.71816
2.17414,1.56943,-0.714096
2.19235,1.56221,-0.717076
2.20741,1.5526,-0.718973
2.39008,1.65922,-0.778308
2.76474,1.89421,-0.902667
2.7779,1.87828,-0.903209
2.78617,1.85907,-0.902126
2.80155,1.84458,-0.90348
2.81039,1.82579,-0.902667
2.82397,1.81006,-0.90348
2.84072,1.7963,-0.905377
2.84842,1.7768,-0.904293
2.86173,1.7608,-0.905106
2.86672,1.73972,-0.903209
2.87073,1.71814,-0.901042
2.88371,1.70196,-0.901855
2.88661,1.67988,-0.899416
2.89352,1.66022,-0.898332
2.90282,1.64196,-0.898062
2.89602,1.61474,-0.892643
2.91937,1.60436,-0.896978
2.92916,1.58642,-0.896978
2.93629,1.56705,-0.896165
2.94585,1.54901,-0.896165
2.95958,1.53312,-0.89752
2.96721,1.51405,-0.896978
2.97903,1.49711,-0.897791
2.98816,1.47881,-0.897791
2.99631,1.46002,-0.89752
3,1.43911,-0.895894
3.00356,1.41821,-0.894268
3.00784,1.39773,-0.892914
3.01373,1.37805,-0.892101
3.02037,1.35874,-0.891559
3.03481,1.34291,-0.893456
3.04388,1.32464,-0.893727
3.05372,1.3067,-0.894268
3.06523,1.28943,-0.895352
3.07664,1.27207,-0.896436
3.08707,1.25425,-0.897249
3.0947,1.23529,-0.897249
3.10312,1.21663,-0.89752
3.10963,1.19722,-0.897249
3.11061,1.17573,-0.895352
3.11055,1.15395,-0.893185
3.11757,1.13484,-0.893185
3.12357,1.11537,-0.892914
3.13308,1.09713,-0.893727
3.13156,1.07508,-0.891288
3.12715,1.05216,-0.888037
3.13629,1.03385,-0.88885
3.15906,1.01991,-0.893727
3.15975,0.99877,-0.892101
3.1741,0.981923,-0.894539
3.18006,0.962428,-0.894539
3.18314,0.942078,-0.893727
3.19256,0.923599,-0.89481
3.1889,0.901375,-0.892101
3.18788,0.879999,-0.890204
3.19043,0.859671,-0.889392
3.18913,0.838367,-0.887495
3.18675,0.816872,-0.885327
3.19264,0.797536,-0.885598
3.18063,0.773837,-0.880722
3.19282,0.75608,-0.882889
3.19833,0.736691,-0.88316
3.19998,0.716422,-0.882347
3.20995,0.698,-0.883973
3.21794,0.679086,-0.885057
3.21828,0.658557,-0.883973
3.22792,0.63992,-0.885598
3.23274,0.620283,-0.885869
3.23175,0.599558,-0.884515
3.24484,0.581414,-0.887224
3.2455,0.561001,-0.886411
3.24698,0.540761,-0.885869
3.24739,0.520371,-0.885057
3.25433,0.501021,-0.88614
3.26401,0.482027,-0.888037
3.27357,0.462933,-0.889933
1.46482,0.198211,-0.375425
1.45551,0.187867,-0.372445
1.44135,0.177059,-0.36811
1.45388,0.169547,-0.371361
1.43576,0.158515,-0.365942
1.42234,0.14821,-0.361878
1.41748,0.138918,-0.360253
1.40872,0.129341,-0.357543
1.4114,0.120858,-0.358085
1.40636,0.11174,-0.356459
1.41662,0.10381,-0.359169
1.42107,0.0953722,-0.360253
1.42643,0.0869423,-0.361607
1.43655,0.0787122,-0.364317
1.43316,0.0697102,-0.363233
1.43741,0.0610776,-0.364317
1.43968,0.052326,-0.364859
1.43901,0.0434625,-0.364588
1.44214,0.0347008,-0.3654
1.44329,0.0258683,-0.365671
1.44438,0.0170231,-0.365942
1.44735,0.00817569,-0.366755
1.44159,-0.000700811,-0.365129
1.44638,-0.00957946,-0.366484
1.4434,-0.0184164,-0.365671
1.44422,-0.0272911,-0.365942
1.43729,-0.0359817,-0.364046
1.43801,-0.0448303,-0.364317
1.43578,-0.0535806,-0.363775
1.43158,-0.0622211,-0.362691
1.42252,-0.0705722,-0.360253
1.4211,-0.0792454,-0.359982
1.41674,-0.0877246,-0.358898
1.40849,-0.0958907,-0.35673
1.40884,-0.104603,-0.357001
1.40433,-0.112936,-0.355918
1.39786,-0.12105,-0.354292
1.40476,-0.130339,-0.356459
1.38669,-0.137244,-0.351583
1.39444,-0.146659,-0.354021
1.39925,-0.155853,-0.355647
1.39444,-0.163985,-0.354563
1.25394,-0.155228,-0.315006
0,0,0
3.23,-0.440795,-0.876928
3.23677,-0.461967,-0.879638
3.23768,-0.482387,-0.880722
3.23371,-0.502096,-0.880451
3.22676,-0.521313,-0.879367
3.2254,-0.541422,-0.879909
3.21349,-0.559715,-0.87747
3.20715,-0.578908,-0.876657
3.19786,-0.597515,-0.875032
3.18846,-0.616029,-0.873406
3.18085,-0.634827,-0.872322
3.18443,-0.655887,-0.87449
3.17187,-0.673613,-0.872052
3.16674,-0.692857,-0.871781
3.16525,-0.712909,-0.872593
3.16363,-0.73297,-0.873406
3.15907,-0.752368,-0.873406
3.15439,-0.771737,-0.873406
3.1468,-0.790374,-0.872593
3.14375,-0.810148,-0.873135
3.13686,-0.82893,-0.872593
3.12893,-0.847407,-0.871781
3.11811,-0.865045,-0.870155
3.11089,-0.883635,-0.869613
3.11003,-0.90405,-0.870968
3.10535,-0.92339,-0.871239
3.09594,-0.941307,-0.870155
3.08735,-0.959428,-0.869342
3.08232,-0.978645,-0.869613
3.07626,-0.997539,-0.869613
3.06094,-1.01337,-0.866904
3.04737,-1.02967,-0.864736
3.04008,-1.04803,-0.864465
3.03904,-1.06858,-0.866091
3.03696,-1.08883,-0.867446
3.03926,-1.11075,-0.870155
3.0369,-1.13106,-0.87151
3.0344,-1.15138,-0.872864
3.02549,-1.16928,-0.872322
3.01378,-1.18606,-0.870968
3.00108,-1.20238,-0.869342
2.98473,-1.21714,-0.866633
2.97454,-1.23432,-0.86582
2.97046,-1.25405,-0.866904
2.96271,-1.27225,-0.866904
2.95132,-1.28887,-0.86582
2.93632,-1.30383,-0.863653
2.93177,-1.3234,-0.864736
2.92884,-1.34378,-0.866362
2.91967,-1.36131,-0.866091
2.91213,-1.37962,-0.866362
2.90448,-1.39788,-0.866633
2.89325,-1.4144,-0.86582
2.88797,-1.43384,-0.866904
2.87138,-1.44763,-0.864465
2.85987,-1.46391,-0.863653
2.8534,-1.48276,-0.864465
2.8468,-1.50159,-0.865278
2.84263,-1.52175,-0.866904
2.83493,-1.54009,-0.867446
2.82458,-1.55699,-0.867175
2.81666,-1.57523,-0.867717
2.79605,-1.58631,-0.864194
2.79378,-1.60775,-0.866633
2.7531,-1.60691,-0.856608
2.72911,-1.61543,-0.852002
0,0,0
2.4065,-1.4646,-0.752298
2.40075,-1.48136,-0.753381
2.38182,-1.48993,-0.75013
0,0,0
2.60464,-1.67419,-0.830869
2.66368,-1.73533,-0.85417
2.67226,-1.76438,-0.860672
2.67578,-1.79038,-0.865549
2.66236,-1.80514,-0.864736
2.64647,-1.81817,-0.863111
2.64869,-1.84373,-0.867717
2.64048,-1.86216,-0.8688
2.62274,-1.87385,-0.866633
2.61509,-1.89273,-0.867988
2.60032,-1.90646,-0.866904
2.58857,-1.92238,-0.866904
2.57673,-1.93823,-0.866904
2.55943,-1.94992,-0.865007
2.54589,-1.96441,-0.864465
2.53531,-1.98118,-0.865007
2.52386,-1.9973,-0.865278
2.51005,-2.01154,-0.864736
2.49916,-2.02812,-0.865278
2.49113,-2.04708,-0.866904
2.46816,-2.05371,-0.863111
2.45699,-2.07006,-0.863653
2.44644,-2.08697,-0.864465
2.43067,-2.09942,-0.863382
2.42499,-2.12063,-0.866091
2.41409,-2.13739,-0.866904
2.40523,-2.15602,-0.868529
2.3941,-2.17267,-0.869342
2.37859,-2.18537,-0.868529
2.36725,-2.20189,-0.869342
2.3523,-2.21505,-0.8688
2.33727,-2.22812,-0.868258
2.32425,-2.24308,-0.868529
2.30768,-2.25461,-0.867446
2.29039,-2.26534,-0.866091
2.28052,-2.28344,-0.867717
2.26512,-2.29602,-0.867175
2.25233,-2.31126,-0.867717
2.23811,-2.32503,-0.867717
2.2238,-2.33872,-0.867717
2.20941,-2.35232,-0.867717
2.19624,-2.36725,-0.868258
2.18167,-2.38068,-0.868258
2.16703,-2.39402,-0.868258
2.15165,-2.40655,-0.867988
2.13812,-2.42115,-0.868529
2.12196,-2.43278,-0.867988
2.10636,-2.44502,-0.867717
2.0907,-2.45717,-0.867446
2.07249,-2.46626,-0.866091
2.0524,-2.47301,-0.863923
2.03474,-2.48258,-0.86284
2.01826,-2.49352,-0.862298
2.00533,-2.50886,-0.863382
1.9893,-2.52036,-0.863111
1.97143,-2.52948,-0.862027
1.95763,-2.54382,-0.86284
1.94315,-2.55732,-0.863382
1.92627,-2.56765,-0.86284
1.90933,-2.57788,-0.862298
1.89632,-2.59343,-0.863653
1.88037,-2.60502,-0.863653
1.86603,-2.61886,-0.864465
1.84715,-2.62632,-0.863111
1.82716,-2.63207,-0.861214
1.80826,-2.63926,-0.859859
1.79203,-2.65031,-0.859859
1.77093,-2.65405,-0.857421
1.75461,-2.66486,-0.857421
1.73665,-2.67316,-0.856608
1.71814,-2.68052,-0.855524
1.69857,-2.68613,-0.853899
1.67799,-2.68997,-0.851731
1.65842,-2.69529,-0.850106
1.64085,-2.70377,-0.849564
1.6267,-2.71792,-0.850919
1.61538,-2.73697,-0.853899
1.60146,-2.75182,-0.855524
1.58742,-2.76661,-0.85715
1.56804,-2.7721,-0.855795
1.55007,-2.77999,-0.855254
1.52742,-2.77933,-0.852002
1.50254,-2.77426,-0.847396
1.48459,-2.78172,-0.846855
1.47018,-2.79589,-0.84848
1.45167,-2.8023,-0.847667
1.43969,-2.82144,-0.850919
1.42452,-2.83452,-0.852273
1.40624,-2.84149,-0.851731
1.38836,-2.8492,-0.85146
1.36919,-2.85419,-0.850377
1.34877,-2.85644,-0.84848
1.32879,-2.85943,-0.846855
1.31122,-2.86753,-0.846855
1.29399,-2.8764,-0.847125
1.2771,-2.88604,-0.847667
1.26013,-2.89559,-0.848209
1.23855,-2.89442,-0.8455
1.22488,-2.91172,-0.84848
1.20919,-2.92452,-0.850106
1.18688,-2.92118,-0.846855
1.17,-2.93109,-0.847667
1.1534,-2.9418,-0.848751
1.13567,-2.94972,-0.849022
1.11823,-2.95843,-0.849564
1.09839,-2.96073,-0.848209
1.08448,-2.97917,-0.851731
1.06844,-2.99212,-0.853628
1.05197,-3.00407,-0.855254
0,0,0
1.02331,-3.04138,-0.862569
1.00162,-3.03846,-0.859859
0,0,0
0,0,0
0.945807,-3.0573,-0.86013
0,0,0
0.901392,-3.0456,-0.853357
0,0,0
0,0,0
0,0,0
0,0,0
0,0,0
0,0,0
0,0,0
0,0,0
0,0,0
0,0,0
0,0,0
0,0,0
0,0,0
0,0,0
0,0,0
0,0,0
0,0,0
0,0,0
0,0,0
0,0,0
0,0,0
0,0,0
0,0,0
0,0,0
0,0,0
0,0,0
0,0,0
0,0,0
0,0,0
0,0,0
0,0,0
0,0,0
0,0,0
0,0,0
0,0,0
0,0,0
0,0,0
0,0,0
0,0,0
0,0,0
0,0,0
0,0,0
0,0,0
0,0,0
0,0,0
0,0,0
0,0,0
0,0,0
0,0,0
0,0,0
0,0,0
0,0,0
0,0,0
0,0,0
0,0,0
0,0,0
0,0,0
0,0,0
0,0,0
0,0,0
0,0,0
0,0,0
0,0,0
0,0,0
0,0,0
0,0,0
0,0,0
0,0,0
0,0,0
0,0,0
0,0,0
0,0,0
0,0,0
0,0,0
0,0,0
0,0,0
0,0,0
0,0,0
0,0,0
0,0,0
0,0,0
0,0,0
0,0,0
0,0,0
0,0,0
0,0,0
0,0,0
0,0,0
0,0,0
0,0,0
0,0,0
0,0,0
0,0,0
0,0,0
0,0,0
0,0,0
0,0,0
0,0,0
0,0,0
0,0,0
0,0,0
0,0,0
0,0,0
0,0,0
0,0,0
0,0,0
0,0,0
0,0,0
0,0,0
0,0,0
0,0,0
0,0,0
0,0,0
0,0,0
0,0,0
0,0,0
0,0,0
0,0,0
0,0,0
0,0,0
0,0,0
0,0,0
0,0,0
0,0,0
0,0,0
0,0,0
0,0,0
0,0,0
0,0,0
0,0,0
0,0,0
0,0,0
0,0,0
0,0,0
0,0,0
0,0,0
0,0,0
0,0,0
0,0,0
0,0,0
0,0,0
0,0,0
0,0,0
0,0,0
0,0,0
0,0,0
0,0,0
0,0,0
0,0,0
0,0,0
0,0,0
0,0,0
0,0,0
0,0,0
0,0,0
0,0,0
0,0,0
0,0,0
0,0,0
0,0,0
0,0,0
0,0,0
0,0,0
0,0,0
0,0,0
0,0,0
0,0,0
0,0,0
0,0,0
0,0,0
0,0,0
0,0,0
0,0,0
0,0,0
0,0,0
0,0,0
0,0,0
0,0,0
0,0,0
0,0,0
0,0,0
0,0,0
0,0,0
0,0,0
0,0,0
0,0,0
0,0,0
0,0,0
0,0,0
0,0,0
0,0,0
0,0,0
0,0,0
0,0,0
0,0,0
0,0,0
0,0,0
0,0,0
0,0,0
0,0,0
0,0,0
0,0,0
0,0,0
0,0,0
0,0,0
0,0,0
0,0,0
0,0,0
0,0,0
0,0,0
0,0,0
0,0,0
0,0,0
0,0,0
0,0,0
0,0,0
0,0,0
0,0,0
0,0,0
0,0,0
0,0,0
0,0,0
0,0,0
0,0,0
0,0,0
0,0,0
0,0,0
0,0,0
0,0,0
0,0,0
0,0,0
0,0,0
0,0,0
0,0,0
0,0,0
0,0,0
0,0,0
0,0,0
0,0,0
0,0,0
0,0,0
0,0,0
0,0,0
0,0,0
0,0,0
0,0,0
0,0,0
0,0,0
0,0,0
0,0,0
0,0,0
0,0,0
0,0,0
0,0,0
0,0,0
0,0,0
0,0,0
0,0,0
0,0,0
0,0,0
0,0,0
0,0,0
0,0,0
0,0,0
0,0,0
0,0,0
0,0,0
0,0,0
0,0,0
0,0,0
0,0,0
0,0,0
0,0,0
0,0,0
0,0,0
0,0,0
0,0,0
0,0,0
0,0,0
0,0,0
0,0,0
0,0,0
0,0,0
0,0,0
0,0,0
0,0,0
0,0,0
0,0,0
0,0,0
0,0,0
0,0,0
0,0,0
0,0,0
0,0,0
0,0,0
0,0,0
0,0,0
0,0,0
0,0,0
0,0,0
0,0,0
0,0,0
0,0,0
0,0,0
0,0,0
0,0,0
0,0,0
0,0,0
0,0,0
0,0,0
0,0,0
0,0,0
0,0,0
0,0,0
0,0,0
0,0,0
0,0,0
0,0,0
0,0,0
0,0,0
0,0,0
0,0,0
0,0,0
0,0,0
0,0,0
0,0,0
0,0,0
0,0,0
0,0,0
0,0,0
0,0,0
0,0,0
0,0,0
0,0,0
0,0,0
0,0,0
0,0,0
0,0,0
0,0,0
0,0,0
0,0,0
0,0,0
0,0,0
0,0,0
0,0,0
0,0,0
0,0,0
0,0,0
0,0,0
0,0,0
0,0,0
0,0,0
0,0,0
0,0,0
0,0,0
0,0,0
0,0,0
0,0,0
0,0,0
0,0,0
0,0,0
0,0,0
0,0,0
0,0,0
0,0,0
0,0,0
0,0,0
0,0,0
0,0,0
0,0,0
0,0,0
0,0,0
0,0,0
0,0,0
0,0,0
0,0,0
0,0,0
0,0,0
0,0,0
0,0,0
0,0,0
0,0,0
0,0,0
0,0,0
0,0,0
0,0,0
0,0,0
0,0,0
0,0,0
0,0,0
0,0,0
0,0,0
0,0,0
0,0,0
0,0,0
0,0,0
0,0,0
0,0,0
0,0,0
0,0,0
0,0,0
0,0,0
0,0,0
0,0,0
0,0,0
0,0,0
0,0,0
0,0,0
0,0,0
0,0,0
0,0,0
0,0,0
0,0,0
0,0,0
0,0,0
0,0,0
0,0,0
0,0,0
0,0,0
0,0,0
0,0,0
0,0,0
0,0,0
0,0,0
0,0,0
0,0,0
0,0,0
0,0,0
0,0,0
0,0,0
0,0,0
0,0,0
0,0,0
0,0,0
0,0,0
0,0,0
0,0,0
0,0,0
0,0,0
0,0,0
0,0,0
0,0,0
0,0,0
0,0,0
0,0,0
0,0,0
0,0,0
0,0,0
0,0,0
0,0,0
0,0,0
0,0,0
0,0,0
0,0,0
0,0,0
0,0,0
0,0,0
0,0,0
0,0,0
0,0,0
0,0,0
0,0,0
0,0,0
0,0,0
0,0,0
0,0,0
0,0,0
0,0,0
0,0,0
0,0,0
0,0,0
0,0,0
0,0,0
0,0,0
0,0,0
0,0,0
0,0,0
0,0,0
0,0,0
0,0,0
0,0,0
0,0,0
0,0,0
0,0,0
0,0,0
0,0,0
0,0,0
0,0,0
0,0,0
0,0,0
0,0,0
0,0,0
0,0,0
0,0,0
0,0,0
0,0,0
0,0,0
0,0,0
0,0,0
0,0,0
0,0,0
0,0,0
0,0,0
0,0,0
0,0,0
0,0,0
0,0,0
0,0,0
0,0,0
0,0,0
0,0,0
0,0,0
0,0,0
0,0,0
0,0,0
0,0,0
0,0,0
0,0,0
0,0,0
0,0,0
0,0,0
0,0,0
0,0,0
0,0,0
0,0,0
0,0,0
0,0,0
0,0,0
0,0,0
0,0,0
0,0,0
0,0,0
0,0,0
0,0,0
0,0,0
0,0,0
0,0,0
0,0,0
0,0,0
0,0,0
0,0,0
0,0,0
0,0,0
0,0,0
0,0,0
0,0,0
0,0,0
0,0,0
0,0,0
0,0,0
0,0,0
0,0,0
0,0,0
0,0,0
0,0,0
0,0,0
0,0,0
0,0,0
0,0,0
0,0,0
0,0,0
0,0,0
0,0,0
0,0,0
0,0,0
0,0,0
0,0,0
0,0,0
0,0,0
0,0,0
0,0,0
0,0,0
0,0,0
0,0,0
0,0,0
0,0,0
0,0,0
0,0,0
0,0,0
0,0,0
0,0,0
0,0,0
0,0,0
0,0,0
0,0,0
0,0,0
0,0,0
0,0,0
0,0,0
0,0,0
0,0,0
0,0,0
0,0,0
0,0,0
0,0,0
0,0,0
0,0,0
0,0,0
0,0,0
0,0,0
0,0,0
0,0,0
0,0,0
0,0,0
0,0,0
0,0,0
0,0,0
0,0,0
0,0,0
0,0,0
0,0,0
0,0,0
0,0,0
0,0,0
0,0,0
0,0,0
0,0,0
0,0,0
0,0,0
0,0,0
0,0,0
0,0,0
0,0,0
1.01589,3.26074,-0.962431
0,0,0
1.0499,3.22977,-0.956794
1.06638,3.21325,-0.953694
1.07931,3.18665,-0.947493
1.09728,3.17544,-0.946084
1.11419,3.1614,-0.943829
1.13292,3.1527,-0.943266
1.15389,3.1502,-0.944675
1.17119,3.13766,-0.942984
1.19349,3.13849,-0.94552
1.21307,3.132,-0.945802
1.23085,3.12093,-0.944675
1.24605,3.10352,-0.941575
1.25927,3.08161,-0.937065
1.27374,3.06319,-0.933683
1.29587,3.06327,-0.93622
1.31275,3.05085,-0.934811
1.33298,3.04626,-0.935938
1.35437,3.04416,-0.937911
1.37263,3.03492,-0.937629
1.39123,3.02644,-0.937629
1.40612,3.01002,-0.935092
1.42456,3.00133,-0.935092
1.44253,2.99167,-0.934811
1.46044,2.9819,-0.934529
1.48213,2.97976,-0.936783
1.49952,2.9689,-0.93622
1.52033,2.96476,-0.937911
1.53407,2.94687,-0.935092
1.54988,2.93316,-0.933683
1.56286,2.91429,-0.930583
1.58163,2.90633,-0.931147
1.60546,2.90749,-0.934811
1.62561,2.90177,-0.93622
1.64434,2.89341,-0.936783
1.66493,2.88825,-0.938474
1.68311,2.87881,-0.938756
1.70074,2.86843,-0.938756
1.71435,2.85136,-0.936502
1.72683,2.8326,-0.933683
1.73913,2.81378,-0.930865
1.7584,2.80631,-0.931992
1.77302,2.79142,-0.930583
1.787,2.77565,-0.928892
1.80609,2.76784,-0.930019
1.82674,2.76231,-0.931992
1.84312,2.75026,-0.93171
1.8605,2.73969,-0.931992
1.87402,2.72348,-0.930301
1.89069,2.71193,-0.930301
1.90896,2.70263,-0.931147
1.92383,2.68852,-0.930301
1.93916,2.67511,-0.929737
1.95327,2.66007,-0.92861
1.96441,2.6411,-0.926073
1.98231,2.6313,-0.926919
1.99667,2.6168,-0.926073
2.01269,2.6045,-0.926073
2.02981,2.59361,-0.926637
2.04092,2.57509,-0.924382
2.05668,2.56252,-0.924382
2.07176,2.54911,-0.924101
2.08188,2.52968,-0.921564
2.09614,2.51538,-0.921
2.11153,2.50247,-0.921
2.12498,2.48728,-0.920155
2.14334,2.47782,-0.921564
2.15724,2.46318,-0.921
2.17167,2.44918,-0.920719
2.18794,2.43724,-0.921282
2.1964,2.41666,-0.918464
2.21184,2.40385,-0.918746
2.22786,2.39164,-0.919309
2.24249,2.37792,-0.919309
2.25637,2.36342,-0.919028
2.26883,2.34746,-0.918182
2.27984,2.33007,-0.916773
2.2941,2.31603,-0.916773
2.3103,2.30395,-0.917618
2.32234,2.28771,-0.916773
2.33771,2.27475,-0.917336
2.35024,2.25904,-0.916773
2.36406,2.24457,-0.916773
2.37779,2.23003,-0.916773
2.3872,2.21148,-0.915082
2.39365,2.19031,-0.912263
2.40776,2.17623,-0.912545
2.41677,2.15758,-0.910854
2.42853,2.14144,-0.91029
2.44451,2.12902,-0.911418
2.46044,2.11648,-0.912545
2.46973,2.09824,-0.911136
2.48549,2.08551,-0.912263
2.4975,2.06961,-0.911982
2.50422,2.04938,-0.909727
2.51451,2.03217,-0.908881
2.52093,2.01191,-0.906627
2.5272,1.99165,-0.904372
2.53256,1.9708,-0.901835
2.54841,1.95815,-0.903244
2.53898,1.92623,-0.895353
2.34117,1.75351,-0.818411
2.15599,1.59414,-0.746824
2.16728,1.58201,-0.747387
2.17617,1.56812,-0.747106
2.18653,1.5553,-0.747387
2.19603,1.54185,-0.747387
2.50503,1.73614,-0.854486
2.6534,1.81505,-0.903526
2.66687,1.80034,-0.904372
2.68425,1.7882,-0.906627
2.69758,1.77328,-0.907472
2.70438,1.75408,-0.906063
2.71186,1.73539,-0.904936
2.7176,1.71564,-0.903244
2.72644,1.69792,-0.902681
2.73109,1.67764,-0.900708
2.74215,1.66135,-0.90099
2.75065,1.64351,-0.900426
2.75985,1.62611,-0.900144
2.76397,1.60577,-0.898171
2.77128,1.58735,-0.897326
2.77846,1.5689,-0.89648
2.78635,1.55089,-0.895917
2.80423,1.53838,-0.898735
2.80686,1.51749,-0.89648
2.81951,1.50204,-0.897608
2.82018,1.48025,-0.894789
2.83262,1.46469,-0.895917
2.84155,1.44728,-0.895917
2.84952,1.42938,-0.895635
2.8634,1.41442,-0.897326
2.8772,1.39935,-0.899017
2.8866,1.38208,-0.899299
2.90457,1.36885,-0.902399
2.9103,1.34979,-0.901554
2.91067,1.32832,-0.899017
2.94677,1.32302,-0.908036
2.91184,1.2859,-0.894226
2.92495,1.27031,-0.895917
2.9371,1.25422,-0.897326
2.93678,1.23283,-0.894789
2.9505,1.21735,-0.896762
2.95969,1.19995,-0.897326
2.96254,1.17999,-0.895917
2.96794,1.16109,-0.895353
2.9759,1.1432,-0.895635
2.97119,1.12051,-0.891971
2.97171,1.09993,-0.889998
2.97751,1.08134,-0.889716
2.99583,1.06724,-0.89338
2.99417,1.04599,-0.890844
2.99509,1.02573,-0.889153
3.00678,1.00917,-0.890844
3.01565,0.991602,-0.891689
3.01986,0.97249,-0.891125
3.03217,0.955965,-0.893098
3.0389,0.937625,-0.89338
3.04826,0.920071,-0.894508
3.05017,0.900262,-0.89338
3.05748,0.882062,-0.893944
3.05637,0.861461,-0.891971
3.06253,0.842946,-0.892253
3.0593,0.821896,-0.889716
3.05872,0.801647,-0.888025
3.06358,0.782864,-0.888025
3.0674,0.763819,-0.887743
3.0683,0.744078,-0.886616
3.07,0.724575,-0.88577
3.0772,0.706369,-0.886616
3.08147,0.687474,-0.886616
3.08563,0.668554,-0.886616
1.12933,0.2367,-0.298136
1.13076,0.229767,-0.298136
1.13027,0.222452,-0.297572
1.14763,0.21858,-0.302363
0,0,0
0,0,0
0,0,0
0,0,0
0,0,0
1.16628,0.177938,-0.305746
1.16356,0.170219,-0.304618
0,0,0
1.21405,0.162463,-0.318992
1.22073,0.155745,-0.320683
1.235,0.149882,-0.324629
1.26735,0.145952,-0.333929
1.28825,0.140373,-0.339848
1.36352,0.140182,-0.361832
1.36245,0.131627,-0.361268
1.3489,0.121957,-0.35704
1.33432,0.112376,-0.352531
1.31108,0.1023,-0.345485
1.32986,0.0955759,-0.35084
1.30362,0.0856299,-0.342948
1.3271,0.0790179,-0.349712
1.34193,0.0716531,-0.35394
1.34618,0.0636021,-0.355067
1.36668,0.0561854,-0.360986
1.30275,0.0454984,-0.342103
1.38549,0.0399505,-0.366341
1.29266,0.02926,-0.339003
0,0,0
1.38791,0.014463,-0.366905
1.37646,0.00588788,-0.363523
1.38414,-0.00256587,-0.365777
1.3534,-0.0108389,-0.356758
1.36482,-0.0192961,-0.360141
1.36467,-0.0276701,-0.360141
1.33283,-0.0352335,-0.35084
1.31436,-0.0428331,-0.345485
1.30449,-0.0505341,-0.342666
1.3032,-0.0584951,-0.342385
1.30569,-0.0666345,-0.34323
1.30238,-0.0744829,-0.342385
1.31052,-0.0830111,-0.344921
1.2918,-0.0898026,-0.339566
1.29505,-0.0980135,-0.340694
1.27721,-0.104564,-0.33562
1.23926,-0.10915,-0.324629
1.1545,-0.108906,-0.299827
1.18437,-0.119028,-0.308846
1.15403,-0.123166,-0.300109
1.16279,-0.131312,-0.302927
1.21151,-0.144299,-0.317583
1.11254,-0.139532,-0.288553
0,0,0
0,0,0
0,0,0
0,0,0
0,0,0
1.14358,-0.186369,-0.299545
1.14999,-0.194656,-0.3018
1.15822,-0.203358,-0.304618
1.13335,-0.206191,-0.297572
1.16224,-0.218792,-0.306591
1.15899,-0.225555,-0.306027
3.07877,-0.616857,-0.881543
3.07399,-0.635543,-0.881261
3.0644,-0.653194,-0.87957
3.04628,-0.668903,-0.875342
3.03931,-0.686949,-0.874497
3.02475,-0.703198,-0.871397
3.02318,-0.722413,-0.872242
3.02149,-0.741634,-0.873088
3.0206,-0.761096,-0.874215
3.02145,-0.781054,-0.875906
3.02031,-0.800561,-0.877033
3.01441,-0.818827,-0.876752
3.00101,-0.834996,-0.874215
2.99491,-0.853132,-0.873933
2.98962,-0.871492,-0.873933
2.98238,-0.889272,-0.87337
2.97319,-0.906437,-0.872242
2.95933,-0.922097,-0.869706
2.95362,-0.940238,-0.869706
2.94688,-0.958047,-0.869424
2.93639,-0.974601,-0.868015
2.93399,-0.99383,-0.869142
2.9233,-1.01025,-0.867733
2.93062,-1.03295,-0.87196
2.92784,-1.05221,-0.873088
2.92854,-1.07279,-0.875342
2.9237,-1.09141,-0.875906
2.91067,-1.10694,-0.873933
2.90382,-1.12478,-0.873933
2.89419,-1.14152,-0.873088
2.87912,-1.15604,-0.870551
2.87019,-1.17296,-0.869987
2.8594,-1.18908,-0.86886
0,0,0
2.84195,-1.22294,-0.868015
2.83351,-1.23997,-0.867733
2.82322,-1.25617,-0.866887
2.81371,-1.27268,-0.866324
2.80759,-1.29072,-0.866887
2.80049,-1.30833,-0.867169
2.79327,-1.3259,-0.867451
2.78941,-1.34509,-0.86886
2.77765,-1.36049,-0.867733
2.76839,-1.37709,-0.867451
2.76161,-1.39491,-0.868015
2.75299,-1.41183,-0.868015
2.74258,-1.42781,-0.867451
2.73546,-1.44551,-0.868015
2.73246,-1.46544,-0.869987
2.72932,-1.48538,-0.87196
2.71847,-1.50117,-0.871397
2.71256,-1.5197,-0.872524
2.68316,-1.52495,-0.86576
2.66294,-1.53516,-0.862096
2.62862,-1.53695,-0.853641
2.511,-1.48898,-0.81672
2.41135,-1.45001,-0.785718
2.34669,-1.43084,-0.766553
2.33378,-1.44269,-0.765143
2.3257,-1.45749,-0.765425
2.37747,-1.51029,-0.786563
2.42303,-1.56015,-0.805728
2.50664,-1.63578,-0.838422
2.55259,-1.68815,-0.85815
2.55255,-1.71073,-0.861814
2.56423,-1.74144,-0.869706
2.56298,-1.76366,-0.873088
2.55211,-1.77936,-0.873088
2.54115,-1.79498,-0.873088
2.52775,-1.80887,-0.872242
2.51038,-1.81984,-0.869987
2.49453,-1.8318,-0.868296
2.4817,-1.84593,-0.867733
2.4665,-1.85824,-0.866324
2.45276,-1.87159,-0.865478
2.44123,-1.88661,-0.865478
2.43112,-1.90273,-0.866042
2.41865,-1.91702,-0.86576
2.40309,-1.92882,-0.864351
2.39643,-1.94776,-0.866324
2.38221,-1.9606,-0.865478
2.36792,-1.97334,-0.864633
2.36017,-1.99154,-0.866324
2.34426,-2.00287,-0.864914
2.33773,-2.02224,-0.867169
2.32817,-2.03907,-0.868296
2.31705,-2.05459,-0.86886
2.30868,-2.07262,-0.870551
2.29805,-2.08868,-0.871397
2.28307,-2.10079,-0.870551
2.27295,-2.11737,-0.871679
2.26131,-2.1326,-0.872242
2.2468,-2.14511,-0.871679
2.22876,-2.15419,-0.869706
2.20795,-2.16044,-0.866605
2.19329,-2.1726,-0.866042
2.1867,-2.19281,-0.86886
2.16983,-2.20277,-0.867451
2.15695,-2.21673,-0.867733
2.14596,-2.23269,-0.86886
2.12892,-2.24234,-0.867451
2.10462,-2.24416,-0.862942
2.09668,-2.26337,-0.865478
2.08405,-2.2776,-0.866042
2.0578,-2.27683,-0.860687
2.05786,-2.30515,-0.866887
2.04558,-2.3199,-0.867733
2.03887,-2.34108,-0.871115
2.02447,-2.35355,-0.871115
2.00812,-2.36373,-0.870269
1.99173,-2.37381,-0.869424
1.96978,-2.37712,-0.866042
1.95151,-2.38471,-0.864351
1.93503,-2.3944,-0.863505
1.91491,-2.39948,-0.860969
1.90253,-2.4142,-0.862096
1.88886,-2.42734,-0.86266
1.87393,-2.43888,-0.86266
1.86531,-2.45874,-0.86576
1.84846,-2.46784,-0.864914
1.83386,-2.4799,-0.865196
1.82087,-2.49421,-0.866324
1.80722,-2.50767,-0.867169
1.7968,-2.52575,-0.869706
1.77741,-2.53123,-0.867733
1.76185,-2.54209,-0.867733
1.74676,-2.55364,-0.868015
1.72837,-2.56034,-0.866605
1.70997,-2.5669,-0.865196
1.68996,-2.57093,-0.862942
1.67207,-2.57803,-0.861814
1.65208,-2.58178,-0.859559
1.63569,-2.59106,-0.859278
1.61824,-2.5986,-0.858432
1.60126,-2.60685,-0.857868
1.58474,-2.6158,-0.857587
1.57063,-2.62877,-0.858714
1.55691,-2.64249,-0.860123
1.54259,-2.65531,-0.861251
1.52484,-2.66223,-0.860405
1.50611,-2.66736,-0.858996
1.48692,-2.67152,-0.857305
1.4705,-2.6806,-0.857305
1.45083,-2.68366,-0.855332
1.43253,-2.68913,-0.854205
1.41377,-2.69362,-0.852795
1.39986,-2.70736,-0.854486
1.37886,-2.70735,-0.851668
1.36352,-2.71833,-0.852513
1.34426,-2.72148,-0.850822
1.32586,-2.72623,-0.849695
1.31242,-2.74124,-0.85195
1.29803,-2.75444,-0.853641
1.2799,-2.75975,-0.852795
1.26772,-2.77802,-0.856177
1.25105,-2.78662,-0.856459
1.2281,-2.78108,-0.852232
1.2091,-2.78417,-0.850822
1.19011,-2.78712,-0.849413
1.17002,-2.78729,-0.847159
1.14996,-2.78733,-0.844904
1.12562,-2.77655,-0.839267
1.11141,-2.79053,-0.841522
1.09601,-2.80177,-0.842931
1.08259,-2.81829,-0.846031
1.0707,-2.83924,-0.850541
1.05792,-2.85835,-0.854486
0,0,0
1.03147,-2.89552,-0.862096
0,0,0
0,0,0
0,0,0
0,0,0
0,0,0
0,0,0
0,0,0
0,0,0
0,0,0
0,0,0
0,0,0
0,0,0
0,0,0
0,0,0
0,0,0
0,0,0
0,0,0
0,0,0
0,0,0
0,0,0
0,0,0
0,0,0
0,0,0
0,0,0
0,0,0
0,0,0
0,0,0
0,0,0
0,0,0
0,0,0
0,0,0
0,0,0
0,0,0
0,0,0
0,0,0
0,0,0
0,0,0
0,0,0
0,0,0
0,0,0
0,0,0
0,0,0
0,0,0
0,0,0
0,0,0
0,0,0
0,0,0
0,0,0
0,0,0
0,0,0
0,0,0
0,0,0
0,0,0
0,0,0
0,0,0
0,0,0
0,0,0
0,0,0
0,0,0
0,0,0
0,0,0
0,0,0
0,0,0
0,0,0
0,0,0
0,0,0
0,0,0
0,0,0
0,0,0
0,0,0
0,0,0
0,0,0
0,0,0
0,0,0
0,0,0
0,0,0
0,0,0
0,0,0
0,0,0
0,0,0
0,0,0
0,0,0
0,0,0
0,0,0
0,0,0
0,0,0
0,0,0
0,0,0
0,0,0
0,0,0
0,0,0
0,0,0
0,0,0
0,0,0
0,0,0
0,0,0
0,0,0
0,0,0
0,0,0
0,0,0
0,0,0
0,0,0
0,0,0
0,0,0
0,0,0
0,0,0
0,0,0
0,0,0
0,0,0
0,0,0
0,0,0
0,0,0
0,0,0
0,0,0
0,0,0
0,0,0
0,0,0
0,0,0
0,0,0
0,0,0
0,0,0
0,0,0
0,0,0
0,0,0
0,0,0
0,0,0
0,0,0
0,0,0
0,0,0
0,0,0
0,0,0
0,0,0
0,0,0
0,0,0
0,0,0
0,0,0
0,0,0
0,0,0
0,0,0
0,0,0
0,0,0
0,0,0
0,0,0
0,0,0
0,0,0
0,0,0
0,0,0
0,0,0
0,0,0
0,0,0
0,0,0
0,0,0
0,0,0
0,0,0
0,0,0
0,0,0
0,0,0
0,0,0
0,0,0
0,0,0
0,0,0
0,0,0
0,0,0
0,0,0
0,0,0
0,0,0
0,0,0
0,0,0
0,0,0
0,0,0
0,0,0
0,0,0
0,0,0
0,0,0
0,0,0
0,0,0
0,0,0
0,0,0
0,0,0
0,0,0
0,0,0
0,0,0
0,0,0
0,0,0
0,0,0
0,0,0
0,0,0
0,0,0
0,0,0
0,0,0
0,0,0
0,0,0
0,0,0
0,0,0
0,0,0
0,0,0
0,0,0
0,0,0
0,0,0
0,0,0
0,0,0
0,0,0
0,0,0
0,0,0
0,0,0
0,0,0
0,0,0
0,0,0
0,0,0
0,0,0
0,0,0
0,0,0
0,0,0
0,0,0
0,0,0
0,0,0
0,0,0
0,0,0
0,0,0
0,0,0
0,0,0
0,0,0
0,0,0
0,0,0
0,0,0
0,0,0
0,0,0
0,0,0
0,0,0
0,0,0
0,0,0
0,0,0
0,0,0
0,0,0
0,0,0
0,0,0
0,0,0
0,0,0
0,0,0
0,0,0
0,0,0
0,0,0
0,0,0
0,0,0
0,0,0
0,0,0
0,0,0
0,0,0
0,0,0
0,0,0
0,0,0
0,0,0
0,0,0
0,0,0
0,0,0
0,0,0
0,0,0
0,0,0
0,0,0
0,0,0
0,0,0
0,0,0
0,0,0
0,0,0
0,0,0
0,0,0
0,0,0
0,0,0
0,0,0
0,0,0
0,0,0
0,0,0
0,0,0
0,0,0
0,0,0
0,0,0
0,0,0
0,0,0
0,0,0
0,0,0
0,0,0
0,0,0
0,0,0
0,0,0
0,0,0
0,0,0
0,0,0
0,0,0
0,0,0
0,0,0
0,0,0
0,0,0
0,0,0
0,0,0
0,0,0
0,0,0
0,0,0
0,0,0
0,0,0
0,0,0
0,0,0
0,0,0
0,0,0
0,0,0
0,0,0
0,0,0
0,0,0
0,0,0
0,0,0
0,0,0
0,0,0
0,0,0
0,0,0
0,0,0
0,0,0
0,0,0
0,0,0
0,0,0
0,0,0
0,0,0
0,0,0
0,0,0
0,0,0
0,0,0
0,0,0
0,0,0
0,0,0
0,0,0
0,0,0
0,0,0
0,0,0
0,0,0
0,0,0
0,0,0
0,0,0
0,0,0
0,0,0
0,0,0
0,0,0
0,0,0
0,0,0
0,0,0
0,0,0
0,0,0
0,0,0
0,0,0
0,0,0
0,0,0
0,0,0
0,0,0
0,0,0
0,0,0
0,0,0
0,0,0
0,0,0
0,0,0
0,0,0
0,0,0
0,0,0
0,0,0
0,0,0
0,0,0
0,0,0
0,0,0
0,0,0
0,0,0
0,0,0
0,0,0
0,0,0
0,0,0
0,0,0
0,0,0
0,0,0
0,0,0
0,0,0
0,0,0
0,0,0
0,0,0
0,0,0
0,0,0
0,0,0
0,0,0
0,0,0
0,0,0
0,0,0
0,0,0
0,0,0
0,0,0
0,0,0
0,0,0
0,0,0
0,0,0
0,0,0
0,0,0
0,0,0
0,0,0
0,0,0
0,0,0
0,0,0
0,0,0
0,0,0
0,0,0
0,0,0
0,0,0
0,0,0
0,0,0
0,0,0
0,0,0
0,0,0
0,0,0
0,0,0
0,0,0
0,0,0
0,0,0
0,0,0
0,0,0
0,0,0
0,0,0
0,0,0
0,0,0
0,0,0
0,0,0
0,0,0
0,0,0
0,0,0
0,0,0
0,0,0
0,0,0
0,0,0
0,0,0
0,0,0
0,0,0
0,0,0
0,0,0
0,0,0
0,0,0
0,0,0
0,0,0
0,0,0
0,0,0
0,0,0
0,0,0
0,0,0
0,0,0
0,0,0
0,0,0
0,0,0
0,0,0
0,0,0
0,0,0
0,0,0
0,0,0
0,0,0
0,0,0
0,0,0
0,0,0
0,0,0
0,0,0
0,0,0
0,0,0
0,0,0
0,0,0
0,0,0
0,0,0
0,0,0
0,0,0
0,0,0
0,0,0
0,0,0
0,0,0
0,0,0
0,0,0
0,0,0
0,0,0
0,0,0
0,0,0
0,0,0
0,0,0
0,0,0
0,0,0
0,0,0
0,0,0
0,0,0
0,0,0
0,0,0
0,0,0
0,0,0
0,0,0
0,0,0
0,0,0
0,0,0
0,0,0
0,0,0
0,0,0
0,0,0
0,0,0
0,0,0
0,0,0
0,0,0
0,0,0
0,0,0
0,0,0
0,0,0
0,0,0
0,0,0
0,0,0
0,0,0
0,0,0
0,0,0
0,0,0
0,0,0
0,0,0
0,0,0
0,0,0
0,0,0
0,0,0
0,0,0
0,0,0
0,0,0
0,0,0
0,0,0
0,0,0
0,0,0
0,0,0
0,0,0
0,0,0
0,0,0
0,0,0
0,0,0
0,0,0
0,0,0
0,0,0
0,0,0
0,0,0
0,0,0
0,0,0
0,0,0
0,0,0
0,0,0
0,0,0
0,0,0
0,0,0
0,0,0
0,0,0
0,0,0
0,0,0
0,0,0
0,0,0
0,0,0
0,0,0
0,0,0
0,0,0
0,0,0
0,0,0
0,0,0
0,0,0
0,0,0
0,0,0
0,0,0
0,0,0
0,0,0
0,0,0
0,0,0
0,0,0
0,0,0
0,0,0
0,0,0
0,0,0
0,0,0
0,0,0
0,0,0
0,0,0
0,0,0
0,0,0
0,0,0
0,0,0
0,0,0
0,0,0
0,0,0
0,0,0
0,0,0
0,0,0
0,0,0
0,0,0
0,0,0
0,0,0
0,0,0
0,0,0
0,0,0
0,0,0
0,0,0
0,0,0
0,0,0
0,0,0
0,0,0
0,0,0
0,0,0
0,0,0
0,0,0
0,0,0
0,0,0
0,0,0
0,0,0
0,0,0
0.999233,2.95565,-0.913457
0,0,0
1.0494,2.98285,-0.926329
0,0,0
1.10202,3.01375,-0.940663
1.11849,3.00156,-0.938908
1.13892,3,-0.940663
1.15696,2.99207,-0.940371
1.17425,2.98224,-0.939493
1.19039,2.96965,-0.937738
1.20895,2.96318,-0.93803
1.22051,2.93981,-0.932765
1.23778,2.9305,-0.93218
1.25309,2.9167,-0.930132
1.2679,2.90195,-0.927791
1.28724,2.89761,-0.928962
1.3046,2.88879,-0.928669
1.32469,2.88594,-0.930424
1.34116,2.87516,-0.929547
1.36124,2.87206,-0.931302
1.37759,2.86107,-0.930424
1.3968,2.856,-0.931594
1.41217,2.84309,-0.930132
1.42873,2.83267,-0.929547
1.44346,2.81874,-0.927791
1.45544,2.79965,-0.924281
1.47884,2.80251,-0.928377
1.49826,2.79759,-0.929839
1.51723,2.79171,-0.931009
1.53525,2.78402,-0.931594
1.55604,2.78122,-0.933935
1.5745,2.77412,-0.934812
1.59053,2.76275,-0.934227
1.60794,2.75376,-0.93452
1.62188,2.73891,-0.932765
1.63816,2.72809,-0.932472
1.65139,2.71227,-0.930424
1.66499,2.6972,-0.928669
1.68303,2.68937,-0.929547
1.69796,2.67657,-0.928669
1.71383,2.66529,-0.928377
1.72911,2.65312,-0.927791
1.74378,2.64007,-0.926914
1.76313,2.63409,-0.928669
1.77604,2.61847,-0.926914
1.79153,2.60674,-0.926621
1.80749,2.5957,-0.926621
1.82173,2.58221,-0.925744
1.83699,2.57021,-0.925451
1.85497,2.56199,-0.926621
1.86952,2.54901,-0.926036
1.88456,2.53673,-0.925744
1.90239,2.52817,-0.926914
1.91438,2.51189,-0.925159
1.92509,2.49404,-0.922818
1.93034,2.46938,-0.917845
1.94961,2.46273,-0.919893
1.96887,2.45595,-0.921941
1.9821,2.44159,-0.921063
1.99279,2.42421,-0.919015
2.01374,2.41929,-0.921941
2.02978,2.40835,-0.922526
2.04576,2.3973,-0.923111
2.06106,2.38543,-0.923403
2.07377,2.37058,-0.922526
2.08954,2.35924,-0.923111
2.1027,2.34495,-0.922526
2.11255,2.32705,-0.920478
2.12097,2.30771,-0.917845
2.13378,2.29325,-0.91726
2.14781,2.28012,-0.91726
2.15516,2.25998,-0.914335
2.17696,2.25496,-0.917845
2.19009,2.24088,-0.917553
2.20716,2.2308,-0.919015
2.22893,2.22532,-0.922526
2.23301,2.2022,-0.91843
2.24922,2.19113,-0.9196
2.25917,2.17397,-0.918138
2.26485,2.15282,-0.91492
2.2808,2.1415,-0.91609
2.28268,2.11706,-0.911409
2.28928,2.09721,-0.908776
2.30352,2.0844,-0.909362
2.30985,2.06449,-0.906729
2.32463,2.05218,-0.907606
2.33573,2.03662,-0.907021
2.34601,2.02038,-0.906144
2.36128,2.00842,-0.907314
2.37209,1.99267,-0.906729
2.38943,1.98235,-0.908776
2.40598,1.97129,-0.910532
2.42175,1.95949,-0.911994
2.43821,1.94818,-0.91375
2.44862,1.932,-0.913165
2.45062,1.9093,-0.909362
2.45092,1.88548,-0.904973
2.45178,1.86231,-0.900878
2.39048,1.79274,-0.873087
2.18238,1.61589,-0.789713
2.16446,1.58216,-0.779182
2.17955,1.57277,-0.78123
2.18683,1.5577,-0.780352
2.2159,1.558,-0.787665
2.22856,1.54655,-0.788836
2.51732,1.7241,-0.892394
2.54053,1.71718,-0.897075
2.54466,1.69732,-0.894735
2.56621,1.68903,-0.89883
2.57893,1.67482,-0.899708
2.58674,1.65741,-0.89883
2.59444,1.63998,-0.897952
2.61013,1.62757,-0.9
2.62659,1.61553,-0.902341
2.63972,1.60137,-0.903511
2.65032,1.58563,-0.903803
2.66576,1.57274,-0.905851
2.6704,1.55347,-0.904096
2.67656,1.53515,-0.902926
2.68011,1.5154,-0.900878
2.68601,1.49707,-0.899708
2.69682,1.48148,-0.900293
2.70923,1.46673,-0.901463
2.71986,1.45098,-0.902048
2.72956,1.4347,-0.902341
2.73831,1.41793,-0.902341
2.74185,1.39849,-0.900585
2.74525,1.37907,-0.89883
2.76995,1.37025,-0.904388
2.76197,1.34528,-0.89883
2.765,1.32582,-0.897075
2.77222,1.30843,-0.896782
2.78019,1.29139,-0.896782
2.7898,1.2751,-0.897367
2.80194,1.25992,-0.89883
2.80524,1.24077,-0.897367
2.81719,1.22544,-0.89883
2.80883,1.20137,-0.893564
2.82143,1.18633,-0.89532
2.82866,1.169,-0.89532
2.82603,1.14766,-0.892102
2.8419,1.13384,-0.895027
2.84079,1.11325,-0.892394
2.84936,1.09648,-0.892979
2.86587,1.08269,-0.896197
2.87694,1.06675,-0.89766
2.87625,1.04646,-0.89532
2.87901,1.02751,-0.89415
2.88526,1.00982,-0.89415
2.88959,0.991481,-0.893564
2.88928,0.971599,-0.891517
2.89064,0.952357,-0.890054
2.90007,0.935776,-0.891224
2.9085,0.918828,-0.892102
2.91865,0.902376,-0.893564
2.92504,0.884728,-0.893857
2.93225,0.867305,-0.894442
2.94303,0.85089,-0.896197
2.94544,0.832036,-0.89532
2.94772,0.813185,-0.894442
2.94711,0.793592,-0.892687
2.94268,0.773065,-0.889761
2.94829,0.755232,-0.890054
2.94916,0.736202,-0.888884
2.9434,0.715608,-0.885666
2.9496,0.697975,-0.886251
2.95848,0.680935,-0.887714
2.96261,0.662769,-0.887714
1.14812,0.249714,-0.318434
1.13841,0.240298,-0.314923
1.12862,0.231012,-0.311413
1.11594,0.221297,-0.307025
1.11446,0.213906,-0.306147
1.12327,0.208457,-0.308487
1.12547,0.201729,-0.30878
1.13234,0.195795,-0.310535
1.11937,0.186491,-0.306147
1.12616,0.180525,-0.307902
1.13009,0.174048,-0.30878
1.11694,0.165019,-0.304392
1.12077,0.158563,-0.305269
1.12457,0.152067,-0.306147
1.13686,0.146628,-0.309657
1.11591,0.136977,-0.302929
1.11863,0.130348,-0.303514
1.12131,0.123691,-0.304099
1.1249,0.117105,-0.304977
1.12655,0.110293,-0.305269
1.13197,0.103814,-0.306732
1.12782,0.0964602,-0.305269
1.12839,0.0895382,-0.305269
1.13273,0.0828907,-0.306439
1.13131,0.0758116,-0.305854
1.12889,0.0686954,-0.304977
1.13215,0.061923,-0.305854
1.13538,0.0551131,-0.306732
1.13761,0.0482259,-0.307317
1.13979,0.0413133,-0.307902
1.1448,0.0344611,-0.309365
1.14021,0.0273232,-0.307902
1.13749,0.0202764,-0.307025
1.13759,0.0132965,-0.307025
1.13861,0.00632106,-0.307317
1.13958,-0.000666339,-0.30761
1.14052,-0.00766545,-0.307902
1.14332,-0.0147013,-0.30878
1.1432,-0.0217162,-0.30878
1.14592,-0.0288035,-0.309657
1.14763,-0.0358946,-0.310242
1.14548,-0.0428635,-0.309657
1.14806,-0.0500171,-0.310535
1.14868,-0.0571083,-0.310828
1.14354,-0.063887,-0.309365
1.13167,-0.070188,-0.305854
1.13408,-0.0773267,-0.306732
1.1374,-0.0845688,-0.307902
1.13591,-0.0914691,-0.30761
1.13342,-0.0982713,-0.307025
1.12708,-0.104691,-0.305269
1.13498,-0.112457,-0.307902
1.13332,-0.119318,-0.30761
1.12877,-0.125845,-0.306439
1.11943,-0.131759,-0.303807
1.13378,-0.140512,-0.308487
1.13195,-0.147343,-0.308195
1.11302,-0.151823,-0.302636
1.13384,-0.161764,-0.309365
1.11675,-0.166318,-0.304392
1.14216,-0.177283,-0.312583
1.1269,-0.181996,-0.308195
1.13047,-0.1897,-0.309657
1.12364,-0.195646,-0.307902
1.12241,-0.202537,-0.307902
1.12303,-0.209772,-0.308487
1.12172,-0.216659,-0.308487
1.11943,-0.22335,-0.308195
1.10587,-0.227703,-0.304392
2.94518,-0.625976,-0.880108
2.93382,-0.642398,-0.877767
2.91862,-0.657863,-0.874257
2.90801,-0.674246,-0.872209
2.90475,-0.692298,-0.872502
2.89859,-0.709654,-0.871917
2.89604,-0.727892,-0.872502
2.88781,-0.744693,-0.871332
2.88042,-0.761664,-0.870454
2.88953,-0.783077,-0.874842
2.88099,-0.799769,-0.873672
2.88062,-0.818739,-0.875135
2.87279,-0.835597,-0.874257
2.87861,-0.856482,-0.877767
2.87055,-0.873294,-0.87689
2.86332,-0.890323,-0.876305
2.85598,-0.907296,-0.87572
2.84945,-0.924507,-0.875427
2.84372,-0.941974,-0.875427
2.83789,-0.959405,-0.875427
2.82291,-0.97368,-0.872502
2.81959,-0.991935,-0.873379
2.81345,-1.00922,-0.873379
2.8054,-1.0258,-0.872794
2.79547,-1.04166,-0.871624
2.7926,-1.06015,-0.872794
2.7807,-1.0752,-0.871039
2.77494,-1.09259,-0.871332
2.77351,-1.11173,-0.873087
2.76486,-1.12801,-0.872502
2.76054,-1.14605,-0.873379
2.7561,-1.16408,-0.874257
2.74451,-1.17909,-0.872794
2.73897,-1.19667,-0.873379
2.72896,-1.21229,-0.872502
2.7084,-1.2231,-0.868114
2.70084,-1.2397,-0.868114
2.69058,-1.25504,-0.867236
2.69061,-1.27521,-0.869869
2.68532,-1.29294,-0.870746
2.67476,-1.30813,-0.869869
2.67096,-1.32664,-0.871332
2.66021,-1.34172,-0.870454
2.65108,-1.35758,-0.870161
2.6393,-1.37205,-0.868991
2.62069,-1.38287,-0.865481
2.61721,-1.40163,-0.867236
2.61192,-1.41949,-0.868406
2.60232,-1.43503,-0.868114
2.59597,-1.45237,-0.868991
2.5604,-1.45316,-0.85963
2.53735,-1.46073,-0.854657
2.50522,-1.46277,-0.846466
2.41063,-1.42743,-0.816042
2.35756,-1.41561,-0.800245
2.33576,-1.42209,-0.795564
2.3213,-1.43288,-0.793516
2.31489,-1.44861,-0.794394
2.31323,-1.4674,-0.797027
2.38782,-1.53537,-0.827451
2.44084,-1.59072,-0.850269
2.44061,-1.61199,-0.853779
2.43782,-1.63173,-0.856412
2.45151,-1.66276,-0.865188
2.4452,-1.68048,-0.866651
2.43641,-1.69655,-0.867236
2.42595,-1.71146,-0.867236
2.41307,-1.72465,-0.866358
2.40554,-1.74167,-0.867528
2.40175,-1.76148,-0.870161
2.38783,-1.77391,-0.868991
2.38607,-1.79542,-0.872502
2.37424,-1.80945,-0.872209
2.3631,-1.82399,-0.872209
2.35412,-1.84022,-0.873087
2.33529,-1.84869,-0.870161
2.32912,-1.86717,-0.872209
2.31688,-1.88083,-0.871917
2.29939,-1.89015,-0.869576
2.28774,-1.90422,-0.869576
2.27309,-1.91576,-0.868406
2.25766,-1.92657,-0.866943
2.24507,-1.93976,-0.866651
2.23745,-1.95727,-0.868406
2.22826,-1.9735,-0.869576
2.21539,-1.9865,-0.869284
2.20953,-2.00584,-0.871917
2.20071,-2.0226,-0.873379
2.19455,-2.04192,-0.876012
2.18198,-2.05535,-0.876012
2.1631,-2.06276,-0.873379
2.15384,-2.07932,-0.874842
2.14036,-2.09182,-0.874549
2.12477,-2.10223,-0.873379
2.10778,-2.11116,-0.871624
2.09411,-2.12338,-0.871332
2.07971,-2.13482,-0.870746
2.06723,-2.14823,-0.871039
2.0494,-2.15602,-0.868991
2.03613,-2.16855,-0.868991
2.02409,-2.18241,-0.869576
2.00937,-2.19337,-0.868991
1.99331,-2.20283,-0.867821
1.97848,-2.21359,-0.867236
1.9617,-2.2221,-0.865773
1.95179,-2.23842,-0.867528
1.94426,-2.2576,-0.870454
1.92728,-2.26585,-0.868991
1.91703,-2.28202,-0.870746
1.90238,-2.29301,-0.870454
1.8913,-2.30834,-0.871917
1.8771,-2.3199,-0.871917
1.85865,-2.32614,-0.869869
1.83961,-2.3315,-0.867528
1.82586,-2.34349,-0.867821
1.80853,-2.35086,-0.866358
1.79638,-2.36496,-0.867528
1.78069,-2.37441,-0.866943
1.76438,-2.38299,-0.866066
1.75029,-2.39454,-0.866358
1.73612,-2.40601,-0.866651
1.7241,-2.42051,-0.868114
1.70812,-2.42948,-0.867528
1.69263,-2.43913,-0.867236
1.67763,-2.44947,-0.867236
1.66418,-2.46209,-0.868114
1.64957,-2.47305,-0.868406
1.62911,-2.47514,-0.865481
1.61077,-2.48028,-0.863725
1.59242,-2.48528,-0.86197
1.5751,-2.49177,-0.8608
1.55827,-2.49896,-0.859923
1.5419,-2.50684,-0.859337
1.52351,-2.51135,-0.857582
1.50955,-2.52311,-0.85846
1.49647,-2.53645,-0.859923
1.48136,-2.54641,-0.860215
1.46428,-2.55296,-0.859337
1.44859,-2.5619,-0.859337
1.43098,-2.5674,-0.858167
1.41428,-2.57445,-0.857582
1.39481,-2.57635,-0.855242
1.38033,-2.58739,-0.85612
1.36309,-2.59327,-0.855242
1.35199,-2.61093,-0.85846
1.33812,-2.62344,-0.859923
1.32199,-2.6316,-0.859923
1.30836,-2.6448,-0.861678
1.29211,-2.65278,-0.861678
1.27292,-2.65462,-0.85963
1.2562,-2.66152,-0.859337
1.23863,-2.66658,-0.85846
1.22066,-2.67065,-0.85729
1.20229,-2.67372,-0.855827
1.18238,-2.67318,-0.853194
1.16519,-2.67863,-0.852609
1.14911,-2.68661,-0.852902
1.1352,-2.69978,-0.854949
1.11569,-2.69962,-0.852609
1.1027,-2.71528,-0.855534
1.08496,-2.71933,-0.854657
1.06825,-2.72594,-0.854657
1.0546,-2.74047,-0.85729
1.03506,-2.73973,-0.854949
1.01889,-2.74783,-0.855534
1.00561,-2.76391,-0.858752
0.98863,-2.77003,-0.858752
0.973194,-2.78056,-0.860215
0.958286,-2.79281,-0.862263
0,0,0
0.92454,-2.80617,-0.862848
0,0,0
0,0,0
0,0,0
0,0,0
0,0,0
0,0,0
0,0,0
0,0,0
0,0,0
0,0,0
0,0,0
0,0,0
0,0,0
0,0,0
0,0,0
0,0,0
0,0,0
0,0,0
0,0,0
0,0,0
0,0,0
0,0,0
0,0,0
0,0,0
0,0,0
0,0,0
0,0,0
0,0,0
0,0,0
0,0,0
0,0,0
0,0,0
0,0,0
0,0,0
0,0,0
0,0,0
0,0,0
0,0,0
0,0,0
0,0,0
0,0,0
0,0,0
0,0,0
0,0,0
0,0,0
0,0,0
0,0,0
0,0,0
0,0,0
0,0,0
0,0,0
0,0,0
0,0,0
0,0,0
0,0,0
0,0,0
0,0,0
0,0,0
0,0,0
0,0,0
0,0,0
0,0,0
0,0,0
0,0,0
0,0,0
0,0,0
0,0,0
0,0,0
0,0,0
0,0,0
0,0,0
0,0,0
0,0,0
0,0,0
0,0,0
0,0,0
0,0,0
0,0,0
0,0,0
0,0,0
0,0,0
0,0,0
0,0,0
0,0,0
0,0,0
0,0,0
0,0,0
0,0,0
0,0,0
0,0,0
0,0,0
0,0,0
0,0,0
0,0,0
0,0,0
0,0,0
0,0,0
0,0,0
0,0,0
0,0,0
0,0,0
0,0,0
0,0,0
0,0,0
0,0,0
0,0,0
0,0,0
0,0,0
0,0,0
0,0,0
0,0,0
0,0,0
0,0,0
0,0,0
0,0,0
0,0,0
0,0,0
0,0,0
0,0,0
0,0,0
0,0,0
0,0,0
0,0,0
0,0,0
0,0,0
0,0,0
0,0,0
0,0,0
0,0,0
0,0,0
0,0,0
0,0,0
0,0,0
0,0,0
0,0,0
0,0,0
0,0,0
0,0,0
0,0,0
0,0,0
0,0,0
0,0,0
0,0,0
0,0,0
0,0,0
0,0,0
0,0,0
0,0,0
0,0,0
0,0,0
0,0,0
0,0,0
0,0,0
0,0,0
0,0,0
0,0,0
0,0,0
0,0,0
0,0,0
0,0,0
0,0,0
0,0,0
0,0,0
0,0,0
0,0,0
0,0,0
0,0,0
0,0,0
0,0,0
0,0,0
0,0,0
0,0,0
0,0,0
0,0,0
0,0,0
0,0,0
0,0,0
0,0,0
0,0,0
0,0,0
0,0,0
0,0,0
0,0,0
0,0,0
0,0,0
0,0,0
0,0,0
0,0,0
0,0,0
0,0,0
0,0,0
0,0,0
0,0,0
0,0,0
0,0,0
0,0,0
0,0,0
0,0,0
0,0,0
0,0,0
0,0,0
0,0,0
0,0,0
0,0,0
0,0,0
0,0,0
0,0,0
0,0,0
0,0,0
0,0,0
0,0,0
0,0,0
0,0,0
0,0,0
0,0,0
0,0,0
0,0,0
0,0,0
0,0,0
0,0,0
0,0,0
0,0,0
0,0,0
0,0,0
0,0,0
0,0,0
0,0,0
0,0,0
0,0,0
0,0,0
0,0,0
0,0,0
0,0,0
0,0,0
0,0,0
0,0,0
0,0,0
0,0,0
0,0,0
0,0,0
0,0,0
0,0,0
0,0,0
0,0,0
0,0,0
0,0,0
0,0,0
0,0,0
0,0,0
0,0,0
0,0,0
0,0,0
0,0,0
0,0,0
0,0,0
0,0,0
0,0,0
0,0,0
0,0,0
0,0,0
0,0,0
0,0,0
0,0,0
0,0,0
0,0,0
0,0,0
0,0,0
0,0,0
0,0,0
0,0,0
0,0,0
0,0,0
0,0,0
0,0,0
0,0,0
0,0,0
0,0,0
0,0,0
0,0,0
0,0,0
0,0,0
0,0,0
0,0,0
0,0,0
0,0,0
0,0,0
0,0,0
0,0,0
0,0,0
0,0,0
0,0,0
0,0,0
0,0,0
0,0,0
0,0,0
0,0,0
0,0,0
0,0,0
0,0,0
0,0,0
0,0,0
0,0,0
0,0,0
0,0,0
0,0,0
0,0,0
0,0,0
0,0,0
0,0,0
0,0,0
0,0,0
0,0,0
0,0,0
0,0,0
0,0,0
0,0,0
0,0,0
0,0,0
0,0,0
0,0,0
0,0,0
0,0,0
0,0,0
0,0,0
0,0,0
0,0,0
0,0,0
0,0,0
0,0,0
0,0,0
0,0,0
0,0,0
0,0,0
0,0,0
0,0,0
0,0,0
0,0,0
0,0,0
0,0,0
0,0,0
0,0,0
0,0,0
0,0,0
0,0,0
0,0,0
0,0,0
0,0,0
0,0,0
0,0,0
0,0,0
0,0,0
0,0,0
0,0,0
0,0,0
0,0,0
0,0,0
0,0,0
0,0,0
0,0,0
0,0,0
0,0,0
0,0,0
0,0,0
0,0,0
0,0,0
0,0,0
0,0,0
0,0,0
0,0,0
0,0,0
0,0,0
0,0,0
0,0,0
0,0,0
0,0,0
0,0,0
0,0,0
0,0,0
0,0,0
0,0,0
0,0,0
0,0,0
0,0,0
0,0,0
0,0,0
0,0,0
0,0,0
0,0,0
0,0,0
0,0,0
0,0,0
0,0,0
0,0,0
0,0,0
0,0,0
0,0,0
0,0,0
0,0,0
0,0,0
0,0,0
0,0,0
0,0,0
0,0,0
0,0,0
0,0,0
0,0,0
0,0,0
0,0,0
0,0,0
0,0,0
0,0,0
0,0,0
0,0,0
0,0,0
0,0,0
0,0,0
0,0,0
0,0,0
0,0,0
0,0,0
0,0,0
0,0,0
0,0,0
0,0,0
0,0,0
0,0,0
0,0,0
0,0,0
0,0,0
0,0,0
0,0,0
0,0,0
0,0,0
0,0,0
0,0,0
0,0,0
0,0,0
0,0,0
0,0,0
0,0,0
0,0,0
0,0,0
0,0,0
0,0,0
0,0,0
0,0,0
0,0,0
0,0,0
0,0,0
0,0,0
0,0,0
0,0,0
0,0,0
0,0,0
0,0,0
0,0,0
0,0,0
0,0,0
0,0,0
0,0,0
0,0,0
0,0,0
0,0,0
0,0,0
0,0,0
0,0,0
0,0,0
0,0,0
0,0,0
0,0,0
0,0,0
0,0,0
0,0,0
0,0,0
0,0,0
0,0,0
0,0,0
0,0,0
0,0,0
0,0,0
0,0,0
0,0,0
0,0,0
0,0,0
0,0,0
0,0,0
0,0,0
0,0,0
0,0,0
0,0,0
0,0,0
0,0,0
0,0,0
0,0,0
0,0,0
0,0,0
0,0,0
0,0,0
0,0,0
0,0,0
0,0,0
0,0,0
0,0,0
0,0,0
0,0,0
0,0,0
0,0,0
0,0,0
0,0,0
0,0,0
0,0,0
0,0,0
0,0,0
0,0,0
0,0,0
0,0,0
0,0,0
0,0,0
0,0,0
0,0,0
0,0,0
0,0,0
0,0,0
0,0,0
0,0,0
0,0,0
0,0,0
0,0,0
0,0,0
0,0,0
0,0,0
0,0,0
0,0,0
0,0,0
0,0,0
0,0,0
0,0,0
0,0,0
0,0,0
0,0,0
0,0,0
0,0,0
0,0,0
0,0,0
0,0,0
0,0,0
0,0,0
0,0,0
0,0,0
0,0,0
0,0,0
0,0,0
0,0,0
0,0,0
0,0,0
0,0,0
0,0,0
0,0,0
0,0,0
0,0,0
0,0,0
0,0,0
0,0,0
0,0,0
0,0,0
0,0,0
0,0,0
0,0,0
0,0,0
0,0,0
0,0,0
0,0,0
0,0,0
0,0,0
0,0,0
0,0,0
0,0,0
0,0,0
0,0,0
0,0,0
0,0,0
0,0,0
0,0,0
0,0,0
0,0,0
0,0,0
0,0,0
0,0,0
0,0,0
0,0,0
0,0,0
0,0,0
0,0,0
0,0,0
0,0,0
0,0,0
0,0,0
0,0,0
0,0,0
0,0,0
0,0,0
0,0,0
0,0,0
0,0,0
0,0,0
0,0,0
0,0,0
0,0,0
0,0,0
0,0,0
0,0,0
0,0,0
0,0,0
0,0,0
0,0,0
0,0,0
0,0,0
0,0,0
0,0,0
0,0,0
0,0,0
0,0,0
0,0,0
0,0,0
0,0,0
0,0,0
0,0,0
0,0,0
0,0,0
0.936709,2.94252,-0.941937
0.949744,2.92131,-0.93678
0.963453,2.90276,-0.932533
0.979719,2.89228,-0.931016
0.999313,2.89162,-0.932836
1.01672,2.88454,-0.932533
1.03794,2.88811,-0.93587
1.05597,2.88258,-0.936173
1.07963,2.89212,-0.941634
1.09939,2.89078,-0.943454
1.1171,2.88398,-0.943454
1.13443,2.87619,-0.94315
1.14851,2.86033,-0.940117
1.1628,2.84529,-0.937386
1.17694,2.83018,-0.934656
1.1928,2.81939,-0.933443
1.21121,2.81465,-0.934353
1.22807,2.80629,-0.934049
1.24604,2.80044,-0.934656
1.26634,2.79969,-0.937083
1.28389,2.79274,-0.937386
1.30181,2.78653,-0.937993
1.31521,2.77074,-0.935263
1.33343,2.7652,-0.936173
1.34702,2.75012,-0.933746
1.36344,2.74095,-0.933443
1.37895,2.72998,-0.932533
1.39437,2.71892,-0.931623
1.41454,2.71707,-0.934049
1.43119,2.70834,-0.934049
1.44508,2.69447,-0.932229
1.46295,2.68807,-0.933139
1.47712,2.67487,-0.931623
1.4921,2.66326,-0.930712
1.50983,2.65654,-0.931623
1.52467,2.64475,-0.930712
1.53943,2.63287,-0.929802
1.55702,2.62584,-0.930712
1.57408,2.61787,-0.931319
1.58615,2.60165,-0.928892
1.60358,2.5943,-0.929802
1.61947,2.58441,-0.929802
1.63223,2.5696,-0.927982
1.65209,2.56595,-0.930409
1.66677,2.55417,-0.929802
1.68241,2.54389,-0.929802
1.6948,2.52877,-0.927982
1.7135,2.52305,-0.929802
1.72895,2.51249,-0.929802
1.74379,2.50106,-0.929499
1.75635,2.48642,-0.927982
1.76991,2.47327,-0.927072
1.78002,2.45542,-0.924342
1.79449,2.44368,-0.924038
1.8032,2.42421,-0.920701
1.81976,2.41538,-0.921611
1.83281,2.4019,-0.920701
1.8481,2.39136,-0.921005
1.86215,2.37923,-0.920701
1.87671,2.36776,-0.920701
1.89419,2.35991,-0.922218
1.90443,2.34307,-0.920094
1.91816,2.3306,-0.919791
1.93243,2.31879,-0.919791
1.94539,2.30543,-0.919184
1.95579,2.2891,-0.917364
1.9698,2.27706,-0.917364
1.9831,2.26421,-0.917061
1.99506,2.24986,-0.916151
2.00883,2.23758,-0.916151
2.01676,2.21886,-0.91342
2.03356,2.20995,-0.914937
2.04513,2.19534,-0.914027
2.0566,2.18067,-0.913117
2.0706,2.1687,-0.91342
2.08917,2.16144,-0.915847
2.09906,2.14517,-0.914331
2.11419,2.13428,-0.915241
2.1286,2.12262,-0.915847
2.13819,2.10617,-0.914331
2.15449,2.09634,-0.915847
2.16387,2.07977,-0.914331
2.17452,2.06449,-0.91342
2.1934,2.05698,-0.916151
2.20458,2.04218,-0.915544
2.21567,2.02733,-0.914937
2.22383,2.00986,-0.913117
2.23114,1.99174,-0.910993
2.23975,1.97486,-0.909477
2.24823,1.95795,-0.90796
2.25804,1.94225,-0.90705
2.26773,1.92651,-0.90614
2.2817,1.91439,-0.90705
2.29927,1.90522,-0.909477
2.31166,1.89168,-0.90978
2.32618,1.87986,-0.910993
2.34065,1.86793,-0.912207
2.35207,1.85353,-0.912207
2.35889,1.83555,-0.910387
2.35576,1.81001,-0.904623
2.3653,1.79437,-0.904016
2.24512,1.68152,-0.851837
2.15889,1.59629,-0.813612
2.16788,1.58245,-0.813309
2.17832,1.56967,-0.813612
2.18868,1.55683,-0.813916
2.20599,1.54885,-0.816949
2.30001,1.59394,-0.849713
2.41511,1.65192,-0.890364
2.43073,1.64081,-0.892488
2.46057,1.63908,-0.900072
2.46979,1.62342,-0.899769
2.4845,1.61135,-0.901589
2.49434,1.59608,-0.901589
2.50086,1.57871,-0.900376
2.50808,1.56182,-0.899466
2.52573,1.55139,-0.902499
2.5352,1.53587,-0.902499
2.54376,1.51979,-0.902196
2.55386,1.50464,-0.902499
2.56222,1.48846,-0.902196
2.57213,1.47319,-0.902499
2.58112,1.45738,-0.902499
2.58668,1.43966,-0.901286
2.60382,1.42834,-0.904319
2.61002,1.41098,-0.903409
2.61779,1.39449,-0.903106
2.62545,1.37796,-0.902803
2.6254,1.35744,-0.899769
2.63622,1.34261,-0.900679
2.64186,1.32512,-0.899769
2.64481,1.30635,-0.897949
2.6485,1.28802,-0.896432
2.65463,1.27092,-0.895825
2.66152,1.2542,-0.895522
2.6657,1.23624,-0.894308
2.67151,1.21907,-0.893701
2.68676,1.20617,-0.896432
2.69149,1.1885,-0.895522
2.69786,1.17159,-0.895218
2.70763,1.15613,-0.896128
2.7094,1.13728,-0.894308
2.71897,1.12173,-0.895218
2.72845,1.1061,-0.896128
2.72899,1.08687,-0.894005
2.74714,1.07462,-0.897949
2.75635,1.05877,-0.898859
2.75923,1.04049,-0.897645
2.76288,1.02255,-0.896735
2.76911,1.00557,-0.896735
2.76356,0.984403,-0.892791
2.76325,0.965226,-0.890668
2.76912,0.948253,-0.890668
2.76676,0.928512,-0.887937
2.77602,0.91271,-0.889151
2.78429,0.896537,-0.890061
2.78429,0.877715,-0.888241
2.79235,0.861458,-0.889151
2.79485,0.843481,-0.888241
2.79906,0.826047,-0.887937
2.80682,0.80965,-0.888848
2.8099,0.791894,-0.888241
2.81562,0.774892,-0.888544
2.82125,0.757848,-0.888848
2.82031,0.739072,-0.887027
2.8331,0.723879,-0.889758
2.83564,0.70602,-0.889151
2.84455,0.689733,-0.890668
2.85429,0.673581,-0.892488
2.8658,0.657763,-0.894915
1.12337,0.249876,-0.32519
1.13047,0.244191,-0.32701
1.13101,0.237054,-0.326707
1.12311,0.228203,-0.323673
1.11514,0.219458,-0.32064
1.11553,0.212432,-0.320336
1.11494,0.205236,-0.319729
1.11899,0.198895,-0.32064
1.11643,0.191377,-0.319426
1.10725,0.182805,-0.316089
1.10552,0.175557,-0.315179
1.12071,0.170939,-0.319729
1.09346,0.159894,-0.310628
1.11046,0.155444,-0.315786
1.11611,0.149264,-0.317302
1.11701,0.142413,-0.317302
1.14245,0.138563,-0.32519
1.12719,0.129683,-0.320033
1.14028,0.124117,-0.323977
1.13722,0.116725,-0.322763
1.12085,0.108082,-0.317302
1.14332,0.103194,-0.32428
1.10785,0.0931072,-0.312752
1.10555,0.086083,-0.311842
1.14217,0.0819245,-0.32337
1.10747,0.072573,-0.312145
1.12882,0.0670403,-0.318819
1.12541,0.0599062,-0.317606
1.11814,0.0526335,-0.315179
1.12606,0.0460913,-0.317606
1.12441,0.0391128,-0.316999
1.13702,0.0325801,-0.320943
1.12957,0.0254236,-0.318516
1.13638,0.0186082,-0.32064
1.12599,0.0115173,-0.317302
1.13366,0.00464706,-0.319729
1.13367,-0.00230904,-0.319729
1.13077,-0.00924458,-0.318819
1.13355,-0.0162207,-0.319729
1.14201,-0.0233424,-0.32246
1.13994,-0.0303005,-0.321853
1.14164,-0.0373548,-0.32246
1.14234,-0.0443951,-0.322763
1.13919,-0.0512779,-0.321853
1.1398,-0.0583146,-0.322156
1.15465,-0.0661643,-0.32701
1.16753,-0.0740795,-0.331257
1.18417,-0.0824163,-0.336718
1.17889,-0.0893253,-0.335201
1.16217,-0.0952498,-0.330044
1.15967,-0.102213,-0.329437
1.13625,-0.107202,-0.322156
1.10523,-0.111152,-0.312449
1.13579,-0.121238,-0.32246
1.07916,-0.12195,-0.304561
0,0,0
1.09649,-0.137536,-0.310628
0,0,0
1.10039,-0.151757,-0.312449
1.11736,-0.161071,-0.318213
1.12389,-0.16905,-0.32064
1.11718,-0.175064,-0.318819
1.10197,-0.17963,-0.314269
1.12058,-0.189708,-0.32064
1.11377,-0.195597,-0.318819
1.15193,-0.209552,-0.331561
1.14687,-0.215915,-0.330347
0,0,0
0,0,0
0,0,0
2.86638,-0.611061,-0.891881
2.84117,-0.623945,-0.884904
2.82799,-0.639269,-0.88187
2.81845,-0.655316,-0.88005
2.80325,-0.669944,-0.87641
2.80001,-0.687359,-0.876713
2.78465,-0.701737,-0.873073
2.77753,-0.718095,-0.872162
2.76938,-0.734149,-0.870949
2.76667,-0.751627,-0.871556
2.76384,-0.769099,-0.872162
2.75815,-0.785782,-0.871859
2.74504,-0.800294,-0.869129
2.75013,-0.820114,-0.872466
2.74504,-0.836973,-0.872466
2.74622,-0.855782,-0.874589
2.7382,-0.871751,-0.873679
2.74458,-0.892361,-0.877623
2.74629,-0.911583,-0.88005
2.74516,-0.929944,-0.881567
2.7358,-0.945527,-0.880353
2.72545,-0.960713,-0.878836
2.71591,-0.97613,-0.877623
2.70629,-0.991467,-0.87641
2.69391,-1.00572,-0.874286
2.69125,-1.02359,-0.875499
2.67692,-1.03699,-0.872769
2.67051,-1.05339,-0.872769
2.6693,-1.07189,-0.874589
2.66356,-1.08861,-0.874893
2.65595,-1.10456,-0.874589
2.64912,-1.12084,-0.874589
2.64044,-1.13632,-0.873983
2.62993,-1.15097,-0.872769
2.62107,-1.16631,-0.872162
2.60432,-1.17806,-0.868825
2.59271,-1.19203,-0.867308
2.58103,-1.2059,-0.865792
2.58047,-1.22498,-0.868219
2.57805,-1.24327,-0.870039
2.57808,-1.26284,-0.872769
2.57284,-1.2799,-0.873679
2.56749,-1.29695,-0.874589
2.56373,-1.31486,-0.876106
2.54462,-1.32485,-0.872162
2.54571,-1.34533,-0.875499
2.53741,-1.36092,-0.875499
2.51394,-1.36827,-0.870039
2.50467,-1.38321,-0.869735
2.4953,-1.39809,-0.869432
2.44939,-1.3922,-0.85578
2.41768,-1.39389,-0.847286
2.40661,-1.40725,-0.846376
2.3717,-1.40645,-0.836668
2.34587,-1.41067,-0.830298
2.32904,-1.42008,-0.827264
2.31541,-1.43134,-0.825444
2.30982,-1.44754,-0.826657
2.30813,-1.46629,-0.829387
2.31993,-1.49382,-0.837275
2.37058,-1.54706,-0.860028
2.33958,-1.5474,-0.851837
2.36567,-1.58558,-0.865488
2.37324,-1.61184,-0.872162
2.36881,-1.63015,-0.874286
2.36189,-1.64683,-0.875499
2.34551,-1.6569,-0.873073
2.33142,-1.66849,-0.871556
2.3196,-1.68164,-0.870949
2.30847,-1.69528,-0.870646
2.2919,-1.70487,-0.868219
2.27912,-1.71718,-0.867308
2.27308,-1.7346,-0.869129
2.26466,-1.75026,-0.870039
2.24937,-1.7606,-0.868219
2.24824,-1.78206,-0.872162
2.23578,-1.79463,-0.871556
2.21511,-1.8005,-0.867612
2.20549,-1.81527,-0.868219
2.18699,-1.82267,-0.865185
2.17649,-1.83667,-0.865488
2.16518,-1.84999,-0.865488
2.15595,-1.86511,-0.866398
2.14877,-1.88207,-0.868219
2.13718,-1.89522,-0.868219
2.12622,-1.90893,-0.868522
2.11799,-1.92515,-0.870039
2.10684,-1.93875,-0.870342
2.09909,-1.95554,-0.872162
2.08428,-1.96577,-0.870949
2.07011,-1.97654,-0.870039
2.0648,-1.99583,-0.873073
2.05251,-2.00846,-0.873073
2.03541,-2.01632,-0.870949
2.02435,-2.03012,-0.871556
2.01252,-2.04319,-0.871859
2.00061,-2.05618,-0.872162
1.98531,-2.06567,-0.870949
1.97063,-2.07574,-0.870039
1.95982,-2.08988,-0.870949
1.94048,-2.09487,-0.867915
1.92823,-2.10744,-0.868219
1.9159,-2.11994,-0.868522
1.90349,-2.13237,-0.868825
1.89037,-2.14401,-0.868825
1.87593,-2.15413,-0.868219
1.86641,-2.16993,-0.870039
1.85491,-2.18352,-0.870949
1.84393,-2.19778,-0.872162
1.83527,-2.21492,-0.874589
1.82708,-2.23278,-0.87732
1.81155,-2.24172,-0.87641
1.79598,-2.25056,-0.875499
1.77564,-2.25331,-0.872162
1.76354,-2.26642,-0.873073
1.74728,-2.27417,-0.871859
1.73099,-2.28182,-0.870646
1.71467,-2.28935,-0.869432
1.70342,-2.30365,-0.870949
1.69263,-2.31868,-0.872769
1.68004,-2.33134,-0.873679
1.66736,-2.34393,-0.874589
1.65623,-2.3588,-0.87641
1.6401,-2.36657,-0.875499
1.6234,-2.37344,-0.874286
1.60614,-2.37941,-0.872769
1.58781,-2.38367,-0.870646
1.56896,-2.387,-0.868219
1.55013,-2.39019,-0.865792
1.53184,-2.39404,-0.863668
1.51407,-2.39856,-0.861848
1.49832,-2.40618,-0.861241
1.48153,-2.41209,-0.860028
1.46571,-2.4195,-0.859421
1.4523,-2.4309,-0.860331
1.43639,-2.43813,-0.859724
1.42093,-2.44607,-0.859421
1.40257,-2.44896,-0.857297
1.38658,-2.45586,-0.856691
1.36963,-2.46099,-0.855477
1.35543,-2.47102,-0.856084
1.33888,-2.47677,-0.855174
1.32276,-2.48326,-0.854567
1.31016,-2.49639,-0.856387
1.29525,-2.50523,-0.856691
1.28159,-2.51652,-0.857904
1.26869,-2.52945,-0.859724
1.25821,-2.54744,-0.863365
1.24798,-2.56625,-0.867308
1.23221,-2.57386,-0.867308
1.21761,-2.58395,-0.868219
1.20173,-2.59138,-0.868219
1.18581,-2.5987,-0.868219
1.16789,-2.60158,-0.866702
1.14651,-2.5965,-0.862455
1.13208,-2.60698,-0.863668
1.11381,-2.60862,-0.861848
1.10037,-2.62155,-0.863971
1.07917,-2.61593,-0.859724
1.06167,-2.61897,-0.858511
1.04734,-2.62986,-0.860028
1.03014,-2.63357,-0.859118
1.01807,-2.65052,-0.862758
1.00111,-2.65493,-0.862151
0.985134,-2.66192,-0.862455
0.975945,-2.68761,-0.869129
0,0,0
0.944464,-2.70388,-0.870646
0,0,0
0,0,0
0,0,0
0,0,0
0,0,0
0,0,0
0,0,0
0,0,0
0,0,0
0,0,0
0,0,0
0,0,0
0,0,0
0,0,0
0,0,0
0,0,0
0,0,0
0,0,0
0,0,0
0,0,0
0,0,0
0,0,0
0,0,0
0,0,0
0,0,0
0,0,0
0,0,0
0,0,0
0,0,0
0,0,0
0,0,0
0,0,0
0,0,0
0,0,0
0,0,0
0,0,0
0,0,0
0,0,0
0,0,0
0,0,0
0,0,0
0,0,0
0,0,0
0,0,0
0,0,0
0,0,0
0,0,0
0,0,0
0,0,0
0,0,0
0,0,0
0,0,0
0,0,0
0,0,0
0,0,0
0,0,0
0,0,0
0,0,0
0,0,0
0,0,0
0,0,0
0,0,0
0,0,0
0,0,0
0,0,0
0,0,0
0,0,0
0,0,0
0,0,0
0,0,0
0,0,0
0,0,0
0,0,0
0,0,0
0,0,0
0,0,0
0,0,0
0,0,0
0,0,0
0,0,0
0,0,0
0,0,0
0,0,0
0,0,0
0,0,0
0,0,0
0,0,0
0,0,0
0,0,0
0,0,0
0,0,0
0,0,0
0,0,0
0,0,0
0,0,0
0,0,0
0,0,0
0,0,0
0,0,0
0,0,0
0,0,0
0,0,0
0,0,0
0,0,0
0,0,0
0,0,0
0,0,0
0,0,0
0,0,0
0,0,0
0,0,0
0,0,0
0,0,0
0,0,0
0,0,0
0,0,0
0,0,0
0,0,0
0,0,0
0,0,0
0,0,0
0,0,0
0,0,0
0,0,0
0,0,0
0,0,0
0,0,0
0,0,0
0,0,0
0,0,0
0,0,0
0,0,0
0,0,0
0,0,0
0,0,0
0,0,0
0,0,0
0,0,0
0,0,0
0,0,0
0,0,0
0,0,0
0,0,0
0,0,0
0,0,0
0,0,0
0,0,0
0,0,0
0,0,0
0,0,0
0,0,0
0,0,0
0,0,0
0,0,0
0,0,0
0,0,0
0,0,0
0,0,0
0,0,0
0,0,0
0,0,0
0,0,0
0,0,0
0,0,0
0,0,0
0,0,0
0,0,0
0,0,0
0,0,0
0,0,0
0,0,0
0,0,0
0,0,0
0,0,0
0,0,0
0,0,0
0,0,0
0,0,0
0,0,0
0,0,0
0,0,0
0,0,0
0,0,0
0,0,0
0,0,0
0,0,0
0,0,0
0,0,0
0,0,0
0,0,0
0,0,0
0,0,0
0,0,0
0,0,0
0,0,0
0,0,0
0,0,0
0,0,0
0,0,0
0,0,0
0,0,0
0,0,0
0,0,0
0,0,0
0,0,0
0,0,0
0,0,0
0,0,0
0,0,0
0,0,0
0,0,0
0,0,0
0,0,0
0,0,0
0,0,0
0,0,0
0,0,0
0,0,0
0,0,0
0,0,0
0,0,0
0,0,0
0,0,0
0,0,0
0,0,0
0,0,0
0,0,0
0,0,0
0,0,0
0,0,0
0,0,0
0,0,0
0,0,0
0,0,0
0,0,0
0,0,0
0,0,0
0,0,0
0,0,0
0,0,0
0,0,0
0,0,0
0,0,0
0,0,0
0,0,0
0,0,0
0,0,0
0,0,0
0,0,0
0,0,0
0,0,0
0,0,0
0,0,0
0,0,0
0,0,0
0,0,0
0,0,0
0,0,0
0,0,0
0,0,0
0,0,0
0,0,0
0,0,0
0,0,0
0,0,0
0,0,0
0,0,0
0,0,0
0,0,0
0,0,0
0,0,0
0,0,0
0,0,0
0,0,0
0,0,0
0,0,0
0,0,0
0,0,0
0,0,0
0,0,0
0,0,0
0,0,0
0,0,0
0,0,0
0,0,0
0,0,0
0,0,0
0,0,0
0,0,0
0,0,0
0,0,0
0,0,0
0,0,0
0,0,0
0,0,0
0,0,0
0,0,0
0,0,0
0,0,0
0,0,0
0,0,0
0,0,0
0,0,0
0,0,0
0,0,0
0,0,0
0,0,0
0,0,0
0,0,0
0,0,0
0,0,0
0,0,0
0,0,0
0,0,0
0,0,0
0,0,0
0,0,0
0,0,0
0,0,0
0,0,0
0,0,0
0,0,0
0,0,0
0,0,0
0,0,0
0,0,0
0,0,0
0,0,0
0,0,0
0,0,0
0,0,0
0,0,0
0,0,0
0,0,0
0,0,0
0,0,0
0,0,0
0,0,0
0,0,0
0,0,0
0,0,0
0,0,0
0,0,0
0,0,0
0,0,0
0,0,0
0,0,0
0,0,0
0,0,0
0,0,0
0,0,0
0,0,0
0,0,0
0,0,0
0,0,0
0,0,0
0,0,0
0,0,0
0,0,0
0,0,0
0,0,0
0,0,0
0,0,0
0,0,0
0,0,0
0,0,0
0,0,0
0,0,0
0,0,0
0,0,0
0,0,0
0,0,0
0,0,0
0,0,0
0,0,0
0,0,0
0,0,0
0,0,0
0,0,0
0,0,0
0,0,0
0,0,0
0,0,0
0,0,0
0,0,0
0,0,0
0,0,0
0,0,0
0,0,0
0,0,0
0,0,0
0,0,0
0,0,0
0,0,0
0,0,0
0,0,0
0,0,0
0,0,0
0,0,0
0,0,0
0,0,0
0,0,0
0,0,0
0,0,0
0,0,0
0,0,0
0,0,0
0,0,0
0,0,0
0,0,0
0,0,0
0,0,0
0,0,0
0,0,0
0,0,0
0,0,0
0,0,0
0,0,0
0,0,0
0,0,0
0,0,0
0,0,0
0,0,0
0,0,0
0,0,0
0,0,0
0,0,0
0,0,0
0,0,0
0,0,0
0,0,0
0,0,0
0,0,0
0,0,0
0,0,0
0,0,0
0,0,0
0,0,0
0,0,0
0,0,0
0,0,0
0,0,0
0,0,0
0,0,0
0,0,0
0,0,0
0,0,0
0,0,0
0,0,0
0,0,0
0,0,0
0,0,0
0,0,0
0,0,0
0,0,0
0,0,0
0,0,0
0,0,0
0,0,0
0,0,0
0,0,0
0,0,0
0,0,0
0,0,0
0,0,0
0,0,0
0,0,0
0,0,0
0,0,0
0,0,0
0,0,0
0,0,0
0,0,0
0,0,0
0,0,0
0,0,0
0,0,0
0,0,0
0,0,0
0,0,0
0,0,0
0,0,0
0,0,0
0,0,0
0,0,0
0,0,0
0,0,0
0,0,0
0,0,0
0,0,0
0,0,0
0,0,0
0,0,0
0,0,0
0,0,0
0,0,0
0,0,0
0,0,0
0,0,0
0,0,0
0,0,0
0,0,0
0,0,0
0,0,0
0,0,0
0,0,0
0,0,0
0,0,0
0,0,0
0,0,0
0,0,0
0,0,0
0,0,0
0,0,0
0,0,0
0,0,0
0,0,0
0,0,0
0,0,0
0,0,0
0,0,0
0,0,0
0,0,0
0,0,0
0,0,0
0,0,0
0,0,0
0,0,0
0,0,0
0,0,0
0,0,0
0,0,0
0,0,0
0,0,0
0,0,0
0,0,0
0,0,0
0,0,0
0,0,0
0,0,0
0,0,0
0,0,0
0,0,0
0,0,0
0,0,0
0,0,0
0,0,0
0,0,0
0,0,0
0,0,0
0,0,0
0,0,0
0,0,0
0,0,0
0,0,0
0,0,0
0,0,0
0,0,0
0,0,0
0,0,0
0,0,0
0,0,0
0,0,0
0,0,0
0,0,0
0,0,0
0,0,0
0,0,0
0,0,0
0,0,0
0,0,0
0,0,0
0,0,0
0,0,0
0,0,0
0,0,0
0,0,0
0,0,0
0,0,0
0,0,0
0,0,0
0,0,0
0,0,0
0,0,0
0,0,0
0,0,0
0,0,0
0,0,0
0,0,0
0,0,0
0,0,0
0,0,0
0,0,0
0,0,0
0,0,0
0,0,0
0,0,0
0,0,0
0,0,0
0,0,0
0,0,0
0,0,0
0,0,0
0,0,0
0.96438,2.79281,-0.935175
0.982129,2.78863,-0.935802
1.00628,2.80221,-0.942707
1.02215,2.79242,-0.941451
1.04226,2.7941,-0.944276
1.05466,2.77523,-0.939882
1.06789,2.75896,-0.93643
1.08724,2.75854,-0.938627
1.10202,2.74653,-0.936744
1.11419,2.72829,-0.932664
1.13346,2.72754,-0.934861
1.14869,2.71704,-0.933606
1.16647,2.71255,-0.934547
1.18461,2.70883,-0.935802
1.1989,2.6963,-0.933919
1.21542,2.68889,-0.933919
1.2307,2.6788,-0.932978
1.24712,2.6712,-0.932978
1.26471,2.66607,-0.933919
1.27733,2.65056,-0.931095
1.29399,2.64352,-0.931409
1.31356,2.64234,-0.933919
1.32719,2.62914,-0.932036
1.34113,2.61672,-0.930467
1.35803,2.61013,-0.931095
1.37136,2.59671,-0.929212
1.38862,2.59076,-0.930153
1.40585,2.58469,-0.931095
1.42168,2.57602,-0.931095
1.43792,2.56807,-0.931409
1.45037,2.55342,-0.929212
1.46886,2.54941,-0.931095
1.48112,2.53461,-0.928898
1.49664,2.52548,-0.928898
1.51407,2.5195,-0.930153
1.52703,2.50611,-0.928584
1.54537,2.50154,-0.930467
1.56018,2.4912,-0.930153
1.57086,2.47437,-0.927329
1.58755,2.46708,-0.92827
1.60266,2.45729,-0.92827
1.61823,2.44821,-0.928584
1.63428,2.43981,-0.929212
1.64922,2.42973,-0.929212
1.6641,2.41957,-0.929212
1.68109,2.41243,-0.930467
1.69531,2.40129,-0.930153
1.70891,2.3893,-0.929526
1.72465,2.38031,-0.930153
1.7336,2.36203,-0.927015
1.7492,2.35287,-0.927643
1.75675,2.33299,-0.923877
1.767,2.31688,-0.92168
1.78292,2.30825,-0.922622
1.7912,2.28979,-0.919483
1.80698,2.28099,-0.920425
1.82213,2.27134,-0.921052
1.82765,2.2498,-0.916659
1.83599,2.23195,-0.913834
1.84905,2.21991,-0.913521
1.85774,2.20272,-0.91101
1.8743,2.19488,-0.912579
1.89208,2.18837,-0.914776
1.91173,2.18386,-0.917914
1.92572,2.1728,-0.918228
1.93965,2.16165,-0.918542
1.96118,2.15884,-0.922622
1.96732,2.13908,-0.919169
1.97652,2.1228,-0.917287
1.98886,2.10995,-0.916973
1.99062,2.08603,-0.911638
2.00734,2.07787,-0.913521
2.02404,2.06959,-0.915404
2.03202,2.0524,-0.913207
2.04861,2.04392,-0.91509
2.06382,2.03398,-0.916345
2.07626,2.02128,-0.916345
2.09068,2.01047,-0.917287
2.1016,1.9963,-0.916659
2.11173,1.98142,-0.915717
2.11967,1.96455,-0.913834
2.12818,1.9483,-0.912265
2.13587,1.93139,-0.910382
2.14697,1.91761,-0.910069
2.16012,1.90566,-0.910696
2.17034,1.89112,-0.910069
2.18622,1.88149,-0.911951
2.19773,1.86804,-0.911951
2.20842,1.8539,-0.911638
2.22049,1.84093,-0.911951
2.2266,1.82306,-0.909755
2.22962,1.80279,-0.906303
2.23767,1.78671,-0.905047
2.24859,1.77295,-0.905047
2.24444,1.74745,-0.898771
2.23555,1.7186,-0.890611
2.20899,1.67673,-0.875234
2.18884,1.64037,-0.862681
2.1668,1.6032,-0.8495
2.1605,1.57811,-0.84291
2.16552,1.5615,-0.841027
2.17506,1.54818,-0.841027
2.1985,1.54463,-0.846676
2.20794,1.53111,-0.846676
2.29252,1.569,-0.876803
2.29187,1.548,-0.872723
2.33767,1.55813,-0.887159
2.36623,1.55627,-0.894691
2.39087,1.55154,-0.900654
2.40754,1.54145,-0.903478
2.41776,1.52716,-0.903792
2.4287,1.5133,-0.90442
2.43227,1.49489,-0.902223
2.4414,1.47993,-0.902223
2.44554,1.462,-0.90034
2.44711,1.44263,-0.897515
2.45755,1.42854,-0.898143
2.46957,1.41532,-0.899398
2.47573,1.39874,-0.898457
2.48675,1.38491,-0.899398
2.49437,1.36917,-0.899085
2.51024,1.35791,-0.901909
2.53361,1.35051,-0.907558
2.53008,1.32876,-0.903164
2.52891,1.30842,-0.899712
2.54112,1.29503,-0.901281
2.54392,1.27686,-0.899398
2.55682,1.26375,-0.901281
2.56538,1.24845,-0.901595
2.57556,1.23392,-0.902537
2.58652,1.21971,-0.903792
2.5974,1.20542,-0.905047
2.60215,1.18827,-0.904106
2.60766,1.17151,-0.903478
2.61046,1.15357,-0.901909
2.60704,1.13299,-0.898143
2.60958,1.1151,-0.896574
2.61374,1.09797,-0.895633
2.60814,1.07684,-0.891239
2.60854,1.05832,-0.889042
2.62116,1.04475,-0.891239
2.62929,1.02934,-0.891867
2.63467,1.01285,-0.891553
2.63906,0.995992,-0.890925
2.64245,0.978792,-0.889984
2.65197,0.963856,-0.891239
2.66052,0.948522,-0.89218
2.65733,0.929047,-0.889042
2.66298,0.912725,-0.889042
2.66673,0.895763,-0.888415
2.67939,0.881757,-0.890925
2.69017,0.867047,-0.892808
2.69544,0.850524,-0.892808
2.70333,0.834809,-0.89375
2.70931,0.818481,-0.894063
2.71519,0.80211,-0.894377
2.72098,0.785698,-0.894691
2.72483,0.76873,-0.894377
2.73041,0.752248,-0.894691
2.74048,0.736959,-0.896574
2.73944,0.718685,-0.894691
2.74104,0.701157,-0.89375
2.74252,0.683637,-0.892808
2.74113,0.665453,-0.890925
2.73962,0.647312,-0.889042
2.75927,0.634103,-0.894377
1.10992,0.248158,-0.33451
0,0,0
1.1231,0.236669,-0.337962
1.12081,0.229015,-0.336707
1.13337,0.224342,-0.340473
1.14312,0.218988,-0.343297
1.1323,0.209726,-0.339218
0,0,0
1.1376,0.196298,-0.340159
1.14347,0.190092,-0.341728
1.1493,0.18382,-0.343297
1.17105,0.17993,-0.350202
1.13926,0.167907,-0.339218
1.15343,0.162766,-0.343611
1.15064,0.15518,-0.342356
1.15722,0.148841,-0.344239
1.15906,0.141853,-0.344553
1.14481,0.132991,-0.339532
1.10597,0.121619,-0.326351
1.15108,0.11942,-0.341101
1.17069,0.114192,-0.347377
1.16948,0.106835,-0.34675
1.15592,0.0984531,-0.342042
1.1177,0.0883067,-0.329175
1.12863,0.0822019,-0.332627
1.13007,0.075338,-0.332941
1.11724,0.0676046,-0.328548
1.11953,0.0608504,-0.329175
1.12083,0.0540254,-0.329489
1.12398,0.0472657,-0.330431
1.12141,0.040267,-0.329489
1.12923,0.0336087,-0.332
1.17782,0.0278053,-0.348005
1.12291,0.019635,-0.329803
1.10877,0.0125882,-0.325095
1.10502,0.00576626,-0.32384
1.10219,-0.00101048,-0.322899
1.11546,-0.00787204,-0.327292
1.10684,-0.0146003,-0.324468
1.10009,-0.0212606,-0.322271
1.10088,-0.0280347,-0.322585
1.11967,-0.0353961,-0.328861
1.09761,-0.0414337,-0.321643
1.10018,-0.0482937,-0.322585
1.09702,-0.0548999,-0.321643
1.09951,-0.061791,-0.322585
1.11427,-0.0694873,-0.327606
1.17255,-0.0803689,-0.347063
1.137,-0.0849325,-0.335452
1.12132,-0.0906775,-0.330431
1.05831,-0.0920991,-0.309718
1.09932,-0.102484,-0.323526
1.12324,-0.111679,-0.331686
1.12914,-0.119269,-0.333883
1.15009,-0.128631,-0.341101
1.18605,-0.140039,-0.35334
1.20496,-0.149781,-0.35993
1.22755,-0.160252,-0.367776
1.23689,-0.1692,-0.371228
1.24429,-0.177999,-0.374052
1.20937,-0.180571,-0.362755
1.16884,-0.181844,-0.349574
2.7235,-0.441398,-0.870526
1.14873,-0.193176,-0.343611
1.12414,-0.196133,-0.335766
1.1388,-0.205904,-0.341101
1.13004,-0.211488,-0.33859
1.14084,-0.220767,-0.34267
1.1525,-0.230373,-0.347063
1.11852,-0.230715,-0.336079
0,0,0
2.72095,-0.596748,-0.879314
2.71353,-0.612595,-0.878058
2.71157,-0.629664,-0.878686
2.69657,-0.643643,-0.87492
2.6935,-0.660403,-0.875234
2.68939,-0.676917,-0.875234
2.68703,-0.693881,-0.875861
2.68547,-0.711085,-0.876803
2.68381,-0.728296,-0.877744
2.68203,-0.745513,-0.878686
2.68106,-0.762996,-0.879941
2.67268,-0.77837,-0.878686
2.67059,-0.795568,-0.879627
2.66021,-0.810279,-0.877744
2.65518,-0.826586,-0.877744
2.65006,-0.842862,-0.877744
2.64303,-0.85852,-0.877117
2.64222,-0.876216,-0.878686
2.6368,-0.892412,-0.878686
2.62319,-0.905784,-0.875861
2.61311,-0.920285,-0.874292
2.60652,-0.93598,-0.873978
2.59805,-0.950977,-0.873037
2.5895,-0.965904,-0.872096
2.58619,-0.982787,-0.873037
2.58365,-1.00001,-0.874292
2.58012,-1.01689,-0.875234
2.57647,-1.03376,-0.876175
2.57535,-1.0517,-0.878058
2.57061,-1.06822,-0.878686
2.56138,-1.08286,-0.877744
2.52852,-1.0873,-0.86833
2.54094,-1.11117,-0.875234
2.52453,-1.12249,-0.871782
2.51846,-1.13835,-0.872096
2.5097,-1.15299,-0.871468
2.50172,-1.16797,-0.871154
2.49965,-1.18574,-0.873037
2.49661,-1.20311,-0.874606
2.496,-1.22175,-0.877117
2.49271,-1.23916,-0.878686
2.4876,-1.25571,-0.879627
2.47985,-1.27095,-0.879627
2.46779,-1.28395,-0.878058
2.46323,-1.30084,-0.879314
2.45352,-1.31504,-0.878686
2.4329,-1.32326,-0.873978
2.41975,-1.33541,-0.872096
2.39991,-1.34373,-0.867702
2.38006,-1.35187,-0.863308
2.36103,-1.36028,-0.859229
2.3469,-1.37139,-0.857032
2.33027,-1.38092,-0.853894
2.32094,-1.39471,-0.85358
2.31153,-1.40843,-0.853266
2.30931,-1.42658,-0.855776
2.29648,-1.4382,-0.854207
2.29724,-1.45837,-0.857973
2.29064,-1.47398,-0.858915
2.28394,-1.48956,-0.859856
2.28505,-1.51036,-0.863936
2.29388,-1.53651,-0.871154
2.28048,-1.54789,-0.869585
2.28424,-1.571,-0.87492
2.27222,-1.58336,-0.873978
2.26401,-1.59836,-0.874606
2.24953,-1.60891,-0.872723
2.23654,-1.62045,-0.871468
2.22197,-1.63078,-0.869585
2.21115,-1.64381,-0.869271
2.19496,-1.65278,-0.86676
2.18704,-1.66794,-0.867702
2.18052,-1.68423,-0.869271
2.17239,-1.69934,-0.870213
2.16564,-1.71558,-0.871782
2.15582,-1.72943,-0.872096
2.14369,-1.74143,-0.871468
2.13223,-1.75395,-0.871154
2.11851,-1.76457,-0.869899
2.10837,-1.77814,-0.870213
2.0967,-1.79043,-0.869899
2.08711,-1.8045,-0.870526
2.07743,-1.81853,-0.871154
2.06339,-1.82872,-0.869899
2.05283,-1.84198,-0.870213
2.0436,-1.85646,-0.871154
2.03078,-1.86768,-0.870526
2.0165,-1.87751,-0.869271
2.00494,-1.88985,-0.869271
1.99605,-1.90474,-0.870526
1.98911,-1.92157,-0.872723
1.97999,-1.9364,-0.873978
1.97347,-1.95385,-0.876489
1.94938,-1.95382,-0.87084
1.93735,-1.96575,-0.87084
1.92658,-1.97896,-0.871468
1.91637,-1.9928,-0.872409
1.89888,-1.99901,-0.869899
1.89502,-2.01963,-0.873978
1.87872,-2.02704,-0.872096
1.86946,-2.04203,-0.873665
1.85498,-2.05135,-0.872723
1.84679,-2.06765,-0.87492
1.83406,-2.07894,-0.87492
1.82127,-2.09016,-0.87492
1.81337,-2.10705,-0.877431
1.80102,-2.11886,-0.877744
1.78921,-2.13133,-0.878372
1.77791,-2.14446,-0.879314
1.76231,-2.15239,-0.878058
1.74848,-2.16242,-0.877744
1.73281,-2.17014,-0.876489
1.71711,-2.17775,-0.875234
1.70663,-2.19199,-0.876803
1.69315,-2.20242,-0.876803
1.68018,-2.21353,-0.877117
1.66713,-2.22455,-0.877431
1.65571,-2.23779,-0.878686
1.64475,-2.25175,-0.880255
1.62757,-2.25717,-0.878372
1.61259,-2.26557,-0.877744
1.59538,-2.27076,-0.875861
1.58466,-2.28519,-0.877744
1.56847,-2.29173,-0.876489
1.54747,-2.29109,-0.872409
1.5318,-2.29817,-0.871468
1.51506,-2.30356,-0.869899
1.49522,-2.30405,-0.866447
1.47952,-2.31078,-0.865505
1.46075,-2.31259,-0.862681
1.44703,-2.32231,-0.862994
1.43275,-2.33115,-0.862994
1.41793,-2.33908,-0.862681
1.40599,-2.35182,-0.86425
1.39201,-2.36122,-0.864564
1.38036,-2.37464,-0.866447
1.3686,-2.38801,-0.86833
1.35392,-2.39636,-0.86833
1.34335,-2.41209,-0.871154
1.32715,-2.41779,-0.870213
1.31139,-2.42422,-0.869585
1.29649,-2.43222,-0.869585
1.27713,-2.43172,-0.866447
1.26262,-2.44035,-0.86676
1.24848,-2.44975,-0.867388
1.23215,-2.45481,-0.866447
1.21917,-2.46659,-0.868016
1.20318,-2.47231,-0.867388
1.18881,-2.48136,-0.868016
1.17356,-2.48861,-0.868016
1.15507,-2.48887,-0.865505
1.14175,-2.50023,-0.867074
1.12677,-2.50806,-0.867388
1.11098,-2.51405,-0.867074
1.09818,-2.52692,-0.869271
1.08005,-2.5275,-0.867074
1.06709,-2.54021,-0.869271
1.04931,-2.54144,-0.867388
1.02941,-2.53727,-0.863622
1.01593,-2.54883,-0.865505
0.997508,-2.54794,-0.862994
0.980834,-2.55136,-0.862053
0.965161,-2.55733,-0.862053
0.951099,-2.56765,-0.863622
0.941162,-2.58951,-0.869271
0.926212,-2.59791,-0.870213
0.912446,-2.60982,-0.872409
0.901647,-2.63064,-0.877744
0,0,0
0,0,0
0,0,0
0,0,0
0,0,0
0,0,0
0,0,0
0,0,0
0,0,0
0,0,0
0,0,0
0,0,0
0,0,0
0,0,0
0,0,0
0,0,0
0,0,0
0,0,0
0,0,0
0,0,0
0,0,0
0,0,0
0,0,0
0,0,0
0,0,0
0,0,0
0,0,0
0,0,0
0,0,0
0,0,0
0,0,0
0,0,0
0,0,0
0,0,0
0,0,0
0,0,0
0,0,0
0,0,0
0,0,0
0,0,0
0,0,0
0,0,0
0,0,0
0,0,0
0,0,0
0,0,0
0,0,0
0,0,0
0,0,0
0,0,0
0,0,0
0,0,0
0,0,0
0,0,0
0,0,0
0,0,0
0,0,0
0,0,0
0,0,0
0,0,0
0,0,0
0,0,0
0,0,0
0,0,0
0,0,0
0,0,0
0,0,0
0,0,0
0,0,0
0,0,0
0,0,0
0,0,0
0,0,0
0,0,0
0,0,0
0,0,0
0,0,0
0,0,0
0,0,0
0,0,0
0,0,0
0,0,0
0,0,0
0,0,0
0,0,0
0,0,0
0,0,0
0,0,0
0,0,0
0,0,0
0,0,0
0,0,0
0,0,0
0,0,0
0,0,0
0,0,0
0,0,0
0,0,0
0,0,0
0,0,0
0,0,0
0,0,0
0,0,0
0,0,0
0,0,0
0,0,0
0,0,0
0,0,0
0,0,0
0,0,0
0,0,0
0,0,0
0,0,0
0,0,0
0,0,0
0,0,0
0,0,0
0,0,0
0,0,0
0,0,0
0,0,0
0,0,0
0,0,0
0,0,0
0,0,0
0,0,0
0,0,0
0,0,0
0,0,0
0,0,0
0,0,0
0,0,0
0,0,0
0,0,0
0,0,0
0,0,0
0,0,0
0,0,0
0,0,0
0,0,0
0,0,0
0,0,0
0,0,0
0,0,0
0,0,0
0,0,0
0,0,0
0,0,0
0,0,0
0,0,0
0,0,0
0,0,0
0,0,0
0,0,0
0,0,0
0,0,0
0,0,0
0,0,0
0,0,0
0,0,0
0,0,0
0,0,0
0,0,0
0,0,0
0,0,0
0,0,0
0,0,0
0,0,0
0,0,0
0,0,0
0,0,0
0,0,0
0,0,0
0,0,0
0,0,0
0,0,0
0,0,0
0,0,0
0,0,0
0,0,0
0,0,0
0,0,0
0,0,0
0,0,0
0,0,0
0,0,0
0,0,0
0,0,0
0,0,0
0,0,0
0,0,0
0,0,0
0,0,0
0,0,0
0,0,0
0,0,0
0,0,0
0,0,0
0,0,0
0,0,0
0,0,0
0,0,0
0,0,0
0,0,0
0,0,0
0,0,0
0,0,0
0,0,0
0,0,0
0,0,0
0,0,0
0,0,0
0,0,0
0,0,0
0,0,0
0,0,0
0,0,0
0,0,0
0,0,0
0,0,0
0,0,0
0,0,0
0,0,0
0,0,0
0,0,0
0,0,0
0,0,0
0,0,0
0,0,0
0,0,0
0,0,0
0,0,0
0,0,0
0,0,0
0,0,0
0,0,0
0,0,0
0,0,0
0,0,0
0,0,0
0,0,0
0,0,0
0,0,0
0,0,0
0,0,0
0,0,0
0,0,0
0,0,0
0,0,0
0,0,0
0,0,0
0,0,0
0,0,0
0,0,0
0,0,0
0,0,0
0,0,0
0,0,0
0,0,0
0,0,0
0,0,0
0,0,0
0,0,0
0,0,0
0,0,0
0,0,0
0,0,0
0,0,0
0,0,0
0,0,0
0,0,0
0,0,0
0,0,0
0,0,0
0,0,0
0,0,0
0,0,0
0,0,0
0,0,0
0,0,0
0,0,0
0,0,0
0,0,0
0,0,0
0,0,0
0,0,0
0,0,0
0,0,0
0,0,0
0,0,0
0,0,0
0,0,0
0,0,0
0,0,0
0,0,0
0,0,0
0,0,0
0,0,0
0,0,0
0,0,0
0,0,0
0,0,0
0,0,0
0,0,0
0,0,0
0,0,0
0,0,0
0,0,0
0,0,0
0,0,0
0,0,0
0,0,0
0,0,0
0,0,0
0,0,0
0,0,0
0,0,0
0,0,0
0,0,0
0,0,0
0,0,0
0,0,0
0,0,0
0,0,0
0,0,0
0,0,0
0,0,0
0,0,0
0,0,0
0,0,0
0,0,0
0,0,0
0,0,0
0,0,0
0,0,0
0,0,0
0,0,0
0,0,0
0,0,0
0,0,0
0,0,0
0,0,0
0,0,0
0,0,0
0,0,0
0,0,0
0,0,0
0,0,0
0,0,0
0,0,0
0,0,0
0,0,0
0,0,0
0,0,0
0,0,0
0,0,0
0,0,0
0,0,0
0,0,0
0,0,0
0,0,0
0,0,0
0,0,0
0,0,0
0,0,0
0,0,0
0,0,0
0,0,0
0,0,0
0,0,0
0,0,0
0,0,0
0,0,0
0,0,0
0,0,0
0,0,0
0,0,0
0,0,0
0,0,0
0,0,0
0,0,0
0,0,0
0,0,0
0,0,0
0,0,0
0,0,0
0,0,0
0,0,0
0,0,0
0,0,0
0,0,0
0,0,0
0,0,0
0,0,0
0,0,0
0,0,0
0,0,0
0,0,0
0,0,0
0,0,0
0,0,0
0,0,0
0,0,0
0,0,0
0,0,0
0,0,0
0,0,0
0,0,0
0,0,0
0,0,0
0,0,0
0,0,0
0,0,0
0,0,0
0,0,0
0,0,0
0,0,0
0,0,0
0,0,0
0,0,0
0,0,0
0,0,0
0,0,0
0,0,0
0,0,0
0,0,0
0,0,0
0,0,0
0,0,0
0,0,0
0,0,0
0,0,0
0,0,0
0,0,0
0,0,0
0,0,0
0,0,0
0,0,0
0,0,0
0,0,0
0,0,0
0,0,0
0,0,0
0,0,0
0,0,0
0,0,0
0,0,0
0,0,0
0,0,0
0,0,0
0,0,0
0,0,0
0,0,0
0,0,0
0,0,0
0,0,0
0,0,0
0,0,0
0,0,0
0,0,0
0,0,0
0,0,0
0,0,0
0,0,0
0,0,0
0,0,0
0,0,0
0,0,0
0,0,0
0,0,0
0,0,0
0,0,0
0,0,0
0,0,0
0,0,0
0,0,0
0,0,0
0,0,0
0,0,0
0,0,0
0,0,0
0,0,0
0,0,0
0,0,0
0,0,0
0,0,0
0,0,0
0,0,0
0,0,0
0,0,0
0,0,0
0,0,0
0,0,0
0,0,0
0,0,0
0,0,0
0,0,0
0,0,0
0,0,0
0,0,0
0,0,0
0,0,0
0,0,0
0,0,0
0,0,0
0,0,0
0,0,0
0,0,0
0,0,0
0,0,0
0,0,0
0,0,0
0,0,0
0,0,0
0,0,0
0,0,0
0,0,0
0,0,0
0,0,0
0,0,0
0,0,0
0,0,0
0,0,0
0,0,0
0,0,0
0,0,0
0,0,0
0,0,0
0,0,0
0,0,0
0,0,0
0,0,0
0,0,0
0,0,0
0,0,0
0,0,0
0,0,0
0,0,0
0,0,0
0,0,0
0,0,0
0,0,0
0,0,0
0,0,0
0,0,0
0,0,0
0,0,0
0,0,0
0,0,0
0,0,0
0,0,0
0,0,0
0,0,0
0,0,0
0,0,0
0,0,0
0,0,0
0,0,0
0,0,0
0,0,0
0,0,0
0,0,0
0,0,0
0,0,0
0,0,0
0,0,0
0,0,0
0,0,0
0,0,0
0,0,0
0,0,0
0,0,0
0,0,0
0,0,0
0,0,0
0,0,0
0,0,0
0,0,0
0,0,0
0,0,0
0,0,0
0,0,0
0,0,0
0,0,0
0,0,0
0,0,0
0,0,0
0,0,0
0,0,0
0,0,0
0,0,0
0,0,0
0,0,0
0,0,0
0,0,0
0,0,0
0,0,0
0,0,0
0,0,0
0,0,0
0,0,0
0,0,0
0,0,0
0,0,0
0,0,0
0,0,0
0,0,0
0,0,0
0,0,0
0,0,0
0,0,0
0,0,0
0,0,0
0,0,0
0,0,0
0,0,0
0,0,0
0,0,0
0,0,0
0,0,0
0,0,0
0,0,0
0,0,0
0,0,0
0,0,0
0,0,0
0,0,0
0,0,0
0,0,0
0,0,0
0.864753,2.77505,-0.955288
0.878325,2.75888,-0.951395
0.897865,2.76153,-0.954315
0.915091,2.75687,-0.954639
0.931989,2.7512,-0.954639
0.946384,2.73828,-0.952044
0.963796,2.7342,-0.952693
0.97672,2.71756,-0.9488
0.988175,2.6973,-0.943609
1.00008,2.67878,-0.939068
1.01112,2.65844,-0.933877
1.02503,2.64601,-0.931606
1.04194,2.64143,-0.932255
1.05707,2.63236,-0.931282
1.07248,2.62407,-0.930633
1.09256,2.62705,-0.934201
1.10939,2.62204,-0.93485
1.12546,2.61518,-0.93485
1.14035,2.60563,-0.933877
1.15555,2.59685,-0.933228
1.1699,2.58626,-0.931931
1.18772,2.58333,-0.933553
1.20115,2.57085,-0.931606
1.2169,2.56344,-0.931606
1.23138,2.55336,-0.930633
1.24785,2.54746,-0.931282
1.26178,2.53637,-0.929984
1.27859,2.53111,-0.930957
1.29669,2.52827,-0.932904
1.3113,2.51859,-0.932255
1.32894,2.51468,-0.933877
1.34166,2.50147,-0.931931
1.35563,2.4907,-0.930957
1.37043,2.48151,-0.930633
1.38471,2.4714,-0.929984
1.39704,2.45792,-0.928038
1.41116,2.44766,-0.927389
1.42853,2.44304,-0.929011
1.43771,2.42447,-0.925118
1.45353,2.41722,-0.925767
1.47326,2.41633,-0.929011
1.49154,2.41288,-0.931282
1.5033,2.39887,-0.929335
1.52357,2.39839,-0.932904
1.53877,2.38979,-0.933228
1.55444,2.38189,-0.933877
1.5612,2.36047,-0.929011
1.57723,2.3532,-0.929984
1.58368,2.33174,-0.925118
1.59795,2.32198,-0.925118
1.60839,2.3067,-0.922847
1.6236,2.29833,-0.923496
1.64042,2.29217,-0.925118
1.65668,2.28513,-0.926416
1.66955,2.2734,-0.925767
1.68234,2.26159,-0.925118
1.69789,2.25349,-0.926091
1.70939,2.24002,-0.924793
1.72252,2.22874,-0.924469
1.7315,2.21217,-0.921874
1.73976,2.19483,-0.918954
1.75379,2.18485,-0.919278
1.76895,2.17625,-0.920252
1.77686,2.15878,-0.917332
1.78826,2.14566,-0.916359
1.79407,2.12597,-0.912466
1.80708,2.11492,-0.912466
1.81879,2.10236,-0.911817
1.83165,2.09116,-0.911817
1.84759,2.08342,-0.913439
1.86034,2.07205,-0.913439
1.88192,2.0704,-0.917981
1.89907,2.06369,-0.920252
1.90654,2.04646,-0.917656
1.91711,2.03265,-0.916683
1.92498,2.01606,-0.914412
1.93731,2.00421,-0.914412
1.94957,1.99229,-0.914412
1.95844,1.97693,-0.91279
1.97388,1.96821,-0.914412
1.98524,1.9554,-0.914088
1.99991,1.94582,-0.915385
2.01182,1.93351,-0.915385
2.02158,1.91918,-0.914412
2.02849,1.90221,-0.912141
2.03597,1.88587,-0.910195
2.0461,1.87206,-0.909546
2.05334,1.85566,-0.9076
2.05764,1.83673,-0.904355
2.07525,1.8297,-0.907275
2.08572,1.81631,-0.906951
2.10185,1.8078,-0.909222
2.11506,1.79671,-0.910195
2.12967,1.78674,-0.911817
2.1355,1.76941,-0.909546
2.14412,1.75447,-0.908573
2.14822,1.73593,-0.905653
2.15514,1.71977,-0.904031
2.16045,1.70241,-0.90176
2.1619,1.68215,-0.897867
2.16918,1.66654,-0.89657
2.1756,1.65034,-0.894948
2.13649,1.60008,-0.873861
2.1379,1.58075,-0.870292
2.14451,1.56537,-0.868994
2.14717,1.54721,-0.866075
2.15893,1.53565,-0.867048
2.17218,1.52509,-0.86867
2.19316,1.51982,-0.873536
2.20947,1.51115,-0.876456
2.24691,1.51662,-0.888135
2.26562,1.5091,-0.892028
2.26773,1.4905,-0.889108
2.29825,1.49046,-0.897867
2.30576,1.47531,-0.897218
2.32117,1.46517,-0.899814
2.33252,1.45241,-0.900787
2.34461,1.44005,-0.902085
2.35664,1.4276,-0.903382
2.36049,1.4102,-0.901436
2.37235,1.39761,-0.902733
2.36944,1.37637,-0.898192
2.37702,1.36133,-0.897867
2.39603,1.35277,-0.902085
2.39685,1.3339,-0.899165
2.40167,1.31735,-0.897867
2.41553,1.30574,-0.900138
2.43351,1.29623,-0.904031
2.45063,1.28612,-0.9076
2.461,1.27236,-0.908573
2.46118,1.25337,-0.905653
2.47896,1.24334,-0.909546
2.48231,1.22601,-0.907924
2.48978,1.21075,-0.907924
2.49802,1.19586,-0.908248
2.49504,1.17567,-0.904355
2.50564,1.16193,-0.905653
2.51358,1.14693,-0.905978
2.51108,1.12722,-0.902409
2.51709,1.11141,-0.902085
2.52212,1.09519,-0.901436
2.52706,1.07895,-0.900787
2.53625,1.06452,-0.90176
2.53486,1.04569,-0.89884
2.54386,1.03118,-0.899814
2.54662,1.01415,-0.898516
2.54575,0.995749,-0.895921
2.54917,0.979092,-0.894948
2.55424,0.963098,-0.894623
2.55744,0.946421,-0.89365
2.56587,0.931681,-0.894623
2.5751,0.91719,-0.895921
2.58604,0.903246,-0.897867
2.58884,0.886441,-0.896894
2.59692,0.871444,-0.897867
2.60492,0.85638,-0.89884
2.60832,0.8398,-0.898192
2.61433,0.824064,-0.898516
2.6094,0.804936,-0.894948
2.60885,0.787268,-0.893001
2.61273,0.770978,-0.892677
2.60832,0.752307,-0.889432
2.60925,0.73526,-0.888135
2.6128,0.718985,-0.88781
2.62264,0.704414,-0.889757
2.62417,0.687589,-0.888784
2.62284,0.670067,-0.886837
2.63333,0.655563,-0.889108
2.63178,0.638053,-0.887162
2.64209,0.623416,-0.889432
2.63573,0.604861,-0.885864
1.0562,0.234865,-0.329496
1.10476,0.238612,-0.346041
1.10713,0.232024,-0.346366
1.09834,0.223144,-0.342797
1.13217,0.222826,-0.354151
1.1428,0.217654,-0.357396
1.16458,0.214426,-0.364533
1.15563,0.205445,-0.360964
1.18763,0.203656,-0.37167
1.20472,0.199,-0.377185
1.21152,0.1925,-0.379131
1.20427,0.183771,-0.376212
1.18478,0.173346,-0.369074
1.16522,0.163167,-0.361937
1.08745,0.145401,-0.334687
1.02359,0.130406,-0.312302
0.976484,0.118266,-0.295757
0.968735,0.111291,-0.292837
0.959997,0.104312,-0.289593
0.964383,0.0988095,-0.290891
0.957439,0.0921563,-0.288296
0.956103,0.0861079,-0.287647
0.965096,0.0809615,-0.290567
0.975947,0.0758567,-0.294135
0.975451,0.0697984,-0.293811
0.973029,0.0636233,-0.292837
0.980011,0.058051,-0.295108
0.977515,0.0518829,-0.294135
0.979704,0.0459749,-0.294784
0.977133,0.0398438,-0.293811
0.970742,0.0336105,-0.29154
0.971875,0.0276816,-0.291864
0.963516,0.0215175,-0.288945
0.964575,0.0156215,-0.289269
0.959924,0.00964954,-0.287647
0.956181,0.00374004,-0.286349
0.949565,-0.00212026,-0.284078
0.958993,-0.00801438,-0.287322
0.964601,-0.013974,-0.289269
0.963551,-0.019874,-0.288945
0.963411,-0.0257859,-0.288945
0.963235,-0.0316968,-0.288945
0.966803,-0.0377496,-0.290242
0.966553,-0.0436811,-0.290242
0.966267,-0.0496109,-0.290242
0.961222,-0.055273,-0.28862
0.967474,-0.0615827,-0.290891
0.960472,-0.0670645,-0.28862
0.949666,-0.0721805,-0.285052
0.951091,-0.0781589,-0.2857
0.948709,-0.0838289,-0.285052
0.949118,-0.0897364,-0.285376
0.965492,-0.0972447,-0.291215
0.977106,-0.10446,-0.295433
1.02251,-0.115609,-0.311329
1.08096,-0.128874,-0.331767
1.14774,-0.14391,-0.355125
1.16934,-0.15389,-0.362911
1.19555,-0.164782,-0.372319
1.19639,-0.172382,-0.372967
1.18876,-0.178742,-0.370697
1.18578,-0.185742,-0.370048
1.19302,-0.194375,-0.372967
1.1405,-0.193059,-0.355125
1.16166,-0.203958,-0.362911
0,0,0
1.14047,-0.214716,-0.356422
1.14563,-0.222968,-0.358693
1.1396,-0.229066,-0.357071
1.14281,-0.23701,-0.358693
0,0,0
2.65329,-0.582763,-0.890081
2.6469,-0.598408,-0.889108
2.63028,-0.611644,-0.884566
2.62003,-0.626235,-0.882295
2.61247,-0.641399,-0.880998
2.59839,-0.654878,-0.877429
2.60806,-0.674355,-0.882295
2.59839,-0.688893,-0.880349
2.59411,-0.704823,-0.880349
2.59156,-0.721234,-0.880998
2.58618,-0.736863,-0.880673
2.58161,-0.752718,-0.880673
2.57422,-0.767734,-0.8797
2.56313,-0.781586,-0.877429
2.55106,-0.79505,-0.874834
2.55334,-0.812981,-0.877429
2.53661,-0.824835,-0.873212
2.53061,-0.840086,-0.872887
2.51913,-0.853476,-0.870617
2.51295,-0.868608,-0.870292
2.50668,-0.883697,-0.869968
2.51012,-0.902257,-0.873212
2.50276,-0.916992,-0.872563
2.49442,-0.93134,-0.87159
2.49397,-0.948643,-0.873536
2.48193,-0.961538,-0.871265
2.47598,-0.976749,-0.871265
2.47784,-0.995092,-0.874185
2.47256,-1.01063,-0.87451
2.46457,-1.02506,-0.873861
2.4713,-1.04569,-0.878727
2.45441,-1.05635,-0.874834
2.45482,-1.07442,-0.877429
2.45336,-1.09177,-0.879376
1.22431,-0.55448,-0.419358
1.23807,-0.569877,-0.425847
1.24484,-0.582264,-0.42974
1.24466,-0.591512,-0.431037
1.24186,-0.599549,-0.431362
1.23306,-0.604663,-0.429415
1.2217,-0.608429,-0.426496
1.21795,-0.615914,-0.426496
1.20404,-0.618199,-0.422603
1.18176,-0.615972,-0.415465
1.16876,-0.618354,-0.411897
1.15994,-0.622833,-0.40995
0,0,0
1.15884,-0.640676,-0.412546
2.3187,-1.29923,-0.869968
2.30822,-1.31204,-0.868994
2.30176,-1.32712,-0.869643
2.29848,-1.34408,-0.87159
2.29507,-1.36105,-0.873536
2.28424,-1.37365,-0.872563
2.27173,-1.38517,-0.870941
2.26319,-1.39909,-0.870941
2.25456,-1.41295,-0.870941
2.25144,-1.4303,-0.873212
2.2458,-1.44614,-0.87451
2.22659,-1.45317,-0.870292
2.20974,-1.46159,-0.867048
2.1913,-1.46881,-0.863155
2.18459,-1.48382,-0.864128
2.18246,-1.50202,-0.867048
2.17708,-1.51809,-0.86867
2.16695,-1.53087,-0.868346
2.16983,-1.55294,-0.873536
2.15337,-1.56123,-0.870617
2.14604,-1.57609,-0.87159
2.14392,-1.59488,-0.874834
2.12804,-1.60345,-0.872239
2.12644,-1.62279,-0.875807
2.12019,-1.63869,-0.877429
2.10562,-1.64818,-0.875483
2.10214,-1.66635,-0.878402
2.08671,-1.67507,-0.876132
2.07052,-1.68308,-0.873536
2.06016,-1.69575,-0.873536
2.04535,-1.70473,-0.87159
2.03124,-1.71419,-0.869968
2.02068,-1.72663,-0.869968
2.00933,-1.73837,-0.869643
1.99934,-1.75129,-0.869968
1.99068,-1.76541,-0.870941
1.98403,-1.78138,-0.872887
1.97517,-1.79543,-0.873861
1.9669,-1.81008,-0.875158
1.95368,-1.82018,-0.874185
1.94316,-1.83278,-0.87451
1.93188,-1.84467,-0.87451
1.92189,-1.8578,-0.875158
1.91045,-1.86956,-0.875158
1.89827,-1.88058,-0.874834
1.88269,-1.88817,-0.872887
1.87107,-1.89969,-0.872887
1.85739,-1.9091,-0.871914
1.84696,-1.92183,-0.872563
1.83187,-1.92969,-0.870941
1.82129,-1.94228,-0.87159
1.80612,-1.94995,-0.869968
1.79285,-1.9596,-0.869319
1.78523,-1.97547,-0.87159
1.7693,-1.98216,-0.869643
1.7546,-1.99014,-0.868346
1.74484,-2.00372,-0.869643
1.73128,-2.01295,-0.868994
1.71767,-2.0221,-0.868346
1.71131,-2.03984,-0.87159
1.69876,-2.05031,-0.87159
1.69094,-2.06655,-0.874185
1.67942,-2.07835,-0.874834
1.67136,-2.09453,-0.877429
1.66199,-2.1092,-0.879376
1.64728,-2.11712,-0.878402
1.63714,-2.13094,-0.880025
1.61945,-2.13492,-0.877429
1.60973,-2.14936,-0.879376
1.59313,-2.15463,-0.877429
1.57821,-2.16207,-0.876456
1.56325,-2.16941,-0.875483
1.55156,-2.18128,-0.876456
1.53815,-2.19076,-0.876456
1.52629,-2.20248,-0.877429
1.51328,-2.21259,-0.877754
1.50074,-2.2234,-0.878402
1.48969,-2.2365,-0.880025
1.47646,-2.24639,-0.880349
1.45956,-2.25065,-0.878402
1.44572,-2.25956,-0.878402
1.43082,-2.26679,-0.877754
1.41338,-2.26991,-0.875483
1.39497,-2.27128,-0.872563
1.38051,-2.27899,-0.872239
1.36845,-2.29067,-0.873536
1.35533,-2.30065,-0.874185
1.34261,-2.31138,-0.875158
1.32934,-2.32121,-0.875807
1.3174,-2.33344,-0.877429
1.3026,-2.34066,-0.877105
1.28321,-2.33948,-0.873536
1.26658,-2.34315,-0.871914
1.25084,-2.34838,-0.870941
1.23245,-2.34847,-0.868021
1.21541,-2.35095,-0.866075
1.20568,-2.36763,-0.869643
1.19198,-2.37668,-0.870292
1.17822,-2.38564,-0.870941
1.16438,-2.39453,-0.87159
1.1513,-2.40504,-0.872887
1.13612,-2.4112,-0.872563
1.1233,-2.42242,-0.874185
1.10566,-2.42324,-0.871914
1.08728,-2.42221,-0.868994
1.06972,-2.42278,-0.866724
1.05408,-2.42757,-0.866075
1.03619,-2.42703,-0.863479
1.02201,-2.43509,-0.864128
1.0038,-2.43344,-0.861209
0.98245,-2.42378,-0.855369
0.973865,-2.44558,-0.861209
0.957806,-2.44887,-0.860235
0.938688,-2.4441,-0.856342
0.926681,-2.45778,-0.859262
0.914212,-2.47052,-0.861857
0.897096,-2.47075,-0.859911
0.884461,-2.48333,-0.862506
0,0,0
0,0,0
0,0,0
0,0,0
0,0,0
0,0,0
0,0,0
0,0,0
0,0,0
0,0,0
0,0,0
0,0,0
0,0,0
0,0,0
0,0,0
0,0,0
0,0,0
0,0,0
0,0,0
0,0,0
0,0,0
0,0,0
0,0,0
0,0,0
0,0,0
0,0,0
0,0,0
0,0,0
0,0,0
0,0,0
0,0,0
0,0,0
0,0,0
0,0,0
0,0,0
0,0,0
0,0,0
0,0,0
0,0,0
0,0,0
0,0,0
0,0,0
0,0,0
0,0,0
0,0,0
0,0,0
0,0,0
0,0,0
0,0,0
0,0,0
0,0,0
0,0,0
0,0,0
0,0,0
0,0,0
0,0,0
0,0,0
0,0,0
0,0,0
0,0,0
0,0,0
0,0,0
0,0,0
0,0,0
0,0,0
0,0,0
0,0,0
0,0,0
0,0,0
0,0,0
0,0,0
0,0,0
0,0,0
0,0,0
0,0,0
0,0,0
0,0,0
0,0,0
0,0,0
0,0,0
0,0,0
0,0,0
0,0,0
0,0,0
0,0,0
0,0,0
0,0,0
0,0,0
0,0,0
0,0,0
0,0,0
0,0,0
0,0,0
0,0,0
0,0,0
0,0,0
0,0,0
0,0,0
0,0,0
0,0,0
0,0,0
0,0,0
0,0,0
0,0,0
0,0,0
0,0,0
0,0,0
0,0,0
0,0,0
0,0,0
0,0,0
0,0,0
0,0,0
0,0,0
0,0,0
0,0,0
0,0,0
0,0,0
0,0,0
0,0,0
0,0,0
0,0,0
0,0,0
0,0,0
0,0,0
0,0,0
0,0,0
0,0,0
0,0,0
0,0,0
0,0,0
0,0,0
0,0,0
0,0,0
0,0,0
0,0,0
0,0,0
0,0,0
0,0,0
0,0,0
0,0,0
0,0,0
0,0,0
0,0,0
0,0,0
0,0,0
0,0,0
0,0,0
0,0,0
0,0,0
0,0,0
0,0,0
0,0,0
0,0,0
0,0,0
0,0,0
0,0,0
0,0,0
0,0,0
0,0,0
0,0,0
0,0,0
0,0,0
0,0,0
0,0,0
0,0,0
0,0,0
0,0,0
0,0,0
0,0,0
0,0,0
0,0,0
0,0,0
0,0,0
0,0,0
0,0,0
0,0,0
0,0,0
0,0,0
0,0,0
0,0,0
0,0,0
0,0,0
0,0,0
0,0,0
0,0,0
0,0,0
0,0,0
0,0,0
0,0,0
0,0,0
0,0,0
0,0,0
0,0,0
0,0,0
0,0,0
0,0,0
0,0,0
0,0,0
0,0,0
0,0,0
0,0,0
0,0,0
0,0,0
0,0,0
0,0,0
0,0,0
0,0,0
0,0,0
0,0,0
0,0,0
0,0,0
0,0,0
0,0,0
0,0,0
0,0,0
0,0,0
0,0,0
0,0,0
0,0,0
0,0,0
0,0,0
0,0,0
0,0,0
0,0,0
0,0,0
0,0,0
0,0,0
0,0,0
0,0,0
0,0,0
0,0,0
0,0,0
0,0,0
0,0,0
0,0,0
0,0,0
0,0,0
0,0,0
0,0,0
0,0,0
0,0,0
0,0,0
0,0,0
0,0,0
0,0,0
0,0,0
0,0,0
0,0,0
0,0,0
0,0,0
0,0,0
0,0,0
0,0,0
0,0,0
0,0,0
0,0,0
0,0,0
0,0,0
0,0,0
0,0,0
0,0,0
0,0,0
0,0,0
0,0,0
0,0,0
0,0,0
0,0,0
0,0,0
0,0,0
0,0,0
0,0,0
0,0,0
0,0,0
0,0,0
0,0,0
0,0,0
0,0,0
0,0,0
0,0,0
0,0,0
0,0,0
0,0,0
0,0,0
0,0,0
0,0,0
0,0,0
0,0,0
0,0,0
0,0,0
0,0,0
0,0,0
0,0,0
0,0,0
0,0,0
0,0,0
0,0,0
0,0,0
0,0,0
0,0,0
0,0,0
0,0,0
0,0,0
0,0,0
0,0,0
0,0,0
0,0,0
0,0,0
0,0,0
0,0,0
0,0,0
0,0,0
0,0,0
0,0,0
0,0,0
0,0,0
0,0,0
0,0,0
0,0,0
0,0,0
0,0,0
0,0,0
0,0,0
0,0,0
0,0,0
0,0,0
0,0,0
0,0,0
0,0,0
0,0,0
0,0,0
0,0,0
0,0,0
0,0,0
0,0,0
0,0,0
0,0,0
0,0,0
0,0,0
0,0,0
0,0,0
0,0,0
0,0,0
0,0,0
0,0,0
0,0,0
0,0,0
0,0,0
0,0,0
0,0,0
0,0,0
0,0,0
0,0,0
0,0,0
0,0,0
0,0,0
0,0,0
0,0,0
0,0,0
0,0,0
0,0,0
0,0,0
0,0,0
0,0,0
0,0,0
0,0,0
0,0,0
0,0,0
0,0,0
0,0,0
0,0,0
0,0,0
0,0,0
0,0,0
0,0,0
0,0,0
0,0,0
0,0,0
0,0,0
0,0,0
0,0,0
0,0,0
0,0,0
0,0,0
0,0,0
0,0,0
0,0,0
0,0,0
0,0,0
0,0,0
0,0,0
0,0,0
0,0,0
0,0,0
0,0,0
0,0,0
0,0,0
0,0,0
0,0,0
0,0,0
0,0,0
0,0,0
0,0,0
0,0,0
0,0,0
0,0,0
0,0,0
0,0,0
0,0,0
0,0,0
0,0,0
0,0,0
0,0,0
0,0,0
0,0,0
0,0,0
0,0,0
0,0,0
0,0,0
0,0,0
0,0,0
0,0,0
0,0,0
0,0,0
0,0,0
0,0,0
0,0,0
0,0,0
0,0,0
0,0,0
0,0,0
0,0,0
0,0,0
0,0,0
0,0,0
0,0,0
0,0,0
0,0,0
0,0,0
0,0,0
0,0,0
0,0,0
0,0,0
0,0,0
0,0,0
0,0,0
0,0,0
0,0,0
0,0,0
0,0,0
0,0,0
0,0,0
0,0,0
0,0,0
0,0,0
0,0,0
0,0,0
0,0,0
0,0,0
0,0,0
0,0,0
0,0,0
0,0,0
0,0,0
0,0,0
0,0,0
0,0,0
0,0,0
0,0,0
0,0,0
0,0,0
0,0,0
0,0,0
0,0,0
0,0,0
0,0,0
0,0,0
0,0,0
0,0,0
0,0,0
0,0,0
0,0,0
0,0,0
0,0,0
0,0,0
0,0,0
0,0,0
0,0,0
0,0,0
0,0,0
0,0,0
0,0,0
0,0,0
0,0,0
0,0,0
0,0,0
0,0,0
0,0,0
0,0,0
0,0,0
0,0,0
0,0,0
0,0,0
0,0,0
0,0,0
0,0,0
0,0,0
0,0,0
0,0,0
0,0,0
0,0,0
0,0,0
0,0,0
0,0,0
0,0,0
0,0,0
0,0,0
0,0,0
0,0,0
0,0,0
0,0,0
0,0,0
0,0,0
0,0,0
0,0,0
0,0,0
0,0,0
0,0,0
0,0,0
0,0,0
0,0,0
0,0,0
0,0,0
0,0,0
0,0,0
0,0,0
0,0,0
0,0,0
0,0,0
0,0,0
0,0,0
0,0,0
0,0,0
0,0,0
0,0,0
0,0,0
0,0,0
0,0,0
0,0,0
0,0,0
0,0,0
0,0,0
0,0,0
0,0,0
0,0,0
0,0,0
0,0,0
0,0,0
0,0,0
0,0,0
0,0,0
0,0,0
0,0,0
0,0,0
0,0,0
0,0,0
0,0,0
0,0,0
0,0,0
0,0,0
0,0,0
0,0,0
0,0,0
0,0,0
0,0,0
0,0,0
0,0,0
0,0,0
0,0,0
0,0,0
0,0,0
0,0,0
0,0,0
0,0,0
0,0,0
0,0,0
0,0,0
0,0,0
0,0,0
0,0,0
0,0,0
0,0,0
0,0,0
0,0,0
0,0,0
0,0,0
0,0,0
0,0,0
0,0,0
0,0,0
0,0,0
0,0,0
0,0,0
0,0,0
0,0,0
0,0,0
0.913153,2.59287,-0.933833
0,0,0
0.941014,2.57085,-0.929819
0.95776,2.56768,-0.930823
0.973497,2.56175,-0.930823
0.989877,2.55749,-0.931492
1.00866,2.55926,-0.934502
1.0247,2.55389,-0.934836
1.03821,2.54232,-0.93283
1.05524,2.53939,-0.934167
1.0686,2.52765,-0.932161
1.08371,2.52018,-0.931826
1.10142,2.51867,-0.933833
1.11801,2.51445,-0.934836
1.13458,2.51011,-0.93584
1.15271,2.5091,-0.938181
1.1649,2.49515,-0.935505
1.18059,2.48881,-0.93584
1.19543,2.48067,-0.935505
1.20938,2.47075,-0.934502
1.22116,2.45653,-0.931826
1.23579,2.44815,-0.931492
1.25036,2.43968,-0.931157
1.26791,2.43698,-0.933164
1.2824,2.42832,-0.93283
1.29639,2.41874,-0.932161
1.3067,2.40246,-0.928816
1.32278,2.39688,-0.929819
1.33839,2.39036,-0.930488
1.3507,2.37801,-0.928816
1.36338,2.36641,-0.927478
1.38168,2.36451,-0.930154
1.3928,2.35031,-0.927813
1.40622,2.3401,-0.927144
1.42203,2.33384,-0.928147
1.4284,2.31225,-0.922796
1.44606,2.30903,-0.925137
1.4607,2.30091,-0.925471
1.47531,2.2927,-0.925806
1.49398,2.2907,-0.928816
1.50749,2.28071,-0.928482
1.52093,2.27063,-0.928147
1.5343,2.26048,-0.927813
1.55135,2.25568,-0.929819
1.55762,2.23529,-0.925137
1.57021,2.22416,-0.924468
1.58328,2.21371,-0.924133
1.59628,2.20319,-0.923799
1.60977,2.19336,-0.923799
1.61983,2.1789,-0.921792
1.62976,2.1644,-0.919785
1.64416,2.15586,-0.920454
1.65908,2.14797,-0.921458
1.66933,2.13404,-0.919785
1.68297,2.12449,-0.92012
1.69657,2.11486,-0.920454
1.70595,2.10003,-0.918448
1.7194,2.09025,-0.918782
1.73038,2.07748,-0.917779
1.73398,2.05602,-0.912762
1.7533,2.05323,-0.916441
1.76093,2.03673,-0.913765
1.77091,2.02305,-0.912427
1.78954,2.0192,-0.915772
1.8019,2.00818,-0.915772
1.81989,2.00336,-0.918782
1.83343,1.99354,-0.919451
1.84627,1.98295,-0.919785
1.86422,1.97775,-0.922796
1.86981,1.95946,-0.919451
1.87459,1.94049,-0.915772
1.88515,1.92761,-0.915103
1.88368,1.90261,-0.908414
1.89465,1.89035,-0.908079
1.90554,1.87803,-0.907745
1.91635,1.86565,-0.90741
1.93116,1.85712,-0.909083
1.94662,1.84913,-0.911089
1.95862,1.83779,-0.911424
1.97262,1.8283,-0.912762
1.97824,1.81107,-0.910086
1.98652,1.79637,-0.908748
1.99258,1.77976,-0.906407
1.99993,1.76438,-0.904735
2.00646,1.74836,-0.902728
2.01072,1.73049,-0.899718
2.0292,1.72483,-0.903397
2.04263,1.71477,-0.904735
2.05674,1.70521,-0.906407
2.07008,1.69495,-0.907745
2.08264,1.68399,-0.908748
2.09515,1.67294,-0.909751
2.10315,1.65831,-0.908748
2.11329,1.64537,-0.908748
2.11811,1.62835,-0.906407
2.10854,1.60051,-0.897711
2.11682,1.58642,-0.897042
2.12121,1.56947,-0.894701
2.12623,1.55309,-0.892694
2.13266,1.53781,-0.891356
2.14359,1.52579,-0.892025
2.15754,1.51586,-0.894032
2.17222,1.50635,-0.896373
2.18998,1.49885,-0.900052
2.2007,1.48644,-0.900721
2.21213,1.47447,-0.901724
2.21878,1.45932,-0.900721
2.24745,1.4585,-0.909083
2.24048,1.43452,-0.902393
2.24765,1.41974,-0.901724
2.25392,1.40443,-0.900721
2.25848,1.38811,-0.899049
2.26857,1.3752,-0.899718
2.28586,1.36657,-0.903397
2.30232,1.3573,-0.906741
2.31468,1.34552,-0.908414
0,0,0
1.16662,0.659371,-0.433808
1.16406,0.648533,-0.431132
1.14158,0.626871,-0.420429
1.15204,0.623441,-0.423105
1.15584,0.61636,-0.423105
1.14458,0.601371,-0.417085
1.15578,0.598233,-0.420095
1.15691,0.589847,-0.419092
1.15377,0.579356,-0.416416
1.17505,0.581032,-0.42344
1.18876,0.578759,-0.427453
1.16084,0.556393,-0.415078
0,0,0
0,0,0
2.43885,1.11373,-0.909751
2.44306,1.09758,-0.908748
2.4463,1.08105,-0.90741
2.44424,1.06226,-0.904066
2.44638,1.0454,-0.902393
2.45622,1.03183,-0.903731
2.45641,1.01422,-0.90139
2.46521,1.00019,-0.902393
2.46254,0.981556,-0.899049
2.46501,0.965054,-0.897711
2.47352,0.950925,-0.898714
2.47755,0.935064,-0.898045
2.48766,0.921481,-0.899718
2.48618,0.903625,-0.897042
2.48724,0.886772,-0.89537
2.49886,0.87367,-0.897711
2.49882,0.856488,-0.895704
2.51297,0.844139,-0.899049
2.51183,0.826643,-0.896707
2.50789,0.808325,-0.893363
2.51639,0.794056,-0.894701
2.51312,0.776099,-0.89169
2.51783,0.760664,-0.89169
2.52335,0.745468,-0.892025
2.52969,0.730493,-0.892694
2.52868,0.713423,-0.890687
2.53665,0.698895,-0.892025
2.54362,0.684051,-0.893028
2.54686,0.668191,-0.892694
2.56095,0.655119,-0.896373
2.57498,0.641899,-0.900052
1.11994,0.272132,-0.367249
1.12159,0.265255,-0.367249
1.12595,0.259001,-0.368253
1.12844,0.252292,-0.368587
1.12996,0.245364,-0.368587
1.12407,0.236874,-0.365912
1.11627,0.228089,-0.362567
1.1158,0.22087,-0.361898
1.1088,0.212426,-0.358888
1.10823,0.205276,-0.358219
1.11411,0.1993,-0.359891
1.10509,0.190701,-0.356212
1.10531,0.183763,-0.355878
1.09991,0.175938,-0.353536
1.06277,0.163331,-0.339823
1.0479,0.154476,-0.334137
1.02737,0.145022,-0.326445
0.971266,0.131053,-0.306042
0.937466,0.120654,-0.293667
0.926027,0.113416,-0.289319
0.921089,0.107081,-0.287312
0.913297,0.100504,-0.284302
0.908272,0.0943163,-0.282295
0.911648,0.089015,-0.283299
0.912177,0.0834195,-0.283299
0.910794,0.0776616,-0.28263
0.915011,0.0723672,-0.283968
0.914498,0.0666833,-0.283633
0.916771,0.0611955,-0.284302
0.916188,0.0555126,-0.283968
0.90616,0.049331,-0.280289
0.917742,0.0443104,-0.284302
0.917055,0.0386391,-0.283968
0.915391,0.0329445,-0.283299
0.914634,0.0272995,-0.282964
0.915726,0.0217088,-0.283299
0.916784,0.0161057,-0.283633
0.914039,0.0104491,-0.28263
0.911259,0.00482674,-0.281626
0.911271,-0.000764733,-0.281626
0.914076,-0.00637716,-0.28263
0.91402,-0.0119857,-0.28263
0.915814,-0.0176309,-0.283299
0.915688,-0.0232499,-0.283299
0.914587,-0.0288379,-0.282964
0.917218,-0.0345569,-0.283968
0.91793,-0.0402258,-0.284302
0.919548,-0.0459523,-0.284971
0.921131,-0.0517001,-0.28564
0.922677,-0.0574691,-0.286309
0.924187,-0.063259,-0.286978
0.922842,-0.068858,-0.286643
0.922402,-0.0745191,-0.286643
0.92005,-0.0800134,-0.285975
0.917665,-0.0854815,-0.285306
0.909621,-0.090362,-0.28263
0.906238,-0.0956436,-0.281626
0.925302,-0.103409,-0.28865
0.973315,-0.114848,-0.306042
1.01187,-0.125713,-0.32009
1.05406,-0.137545,-0.335475
1.13349,-0.155021,-0.364239
1.14652,-0.16398,-0.369256
1.15854,-0.172964,-0.373939
1.15838,-0.180215,-0.374273
1.14609,-0.185508,-0.37026
1.13657,-0.191127,-0.367249
1.12888,-0.196962,-0.364908
1.12672,-0.203716,-0.364574
1.12823,-0.211147,-0.365577
1.12691,-0.218066,-0.365577
0,0,0
2.49283,-0.514702,-0.861589
2.50252,-0.532738,-0.866271
1.1203,-0.245454,-0.365243
1.10774,-0.249831,-0.361229
1.10894,-0.257264,-0.362233
0,0,0
0,0,0
0,0,0
2.52023,-0.650781,-0.881991
2.50799,-0.664061,-0.878981
2.50114,-0.678696,-0.877977
2.49693,-0.69403,-0.877977
2.49443,-0.709854,-0.878646
2.49093,-0.72541,-0.878981
2.49005,-0.741757,-0.880319
2.48996,-0.758395,-0.881991
2.48256,-0.772818,-0.880988
2.46969,-0.785465,-0.877977
2.46213,-0.79973,-0.876974
2.4545,-0.813932,-0.875971
2.45035,-0.829279,-0.876305
2.44254,-0.843375,-0.875302
2.43821,-0.85866,-0.875636
2.4329,-0.873604,-0.875636
2.42572,-0.887868,-0.874967
2.41493,-0.900758,-0.87296
2.412,-0.916563,-0.873964
2.40369,-0.930325,-0.87296
2.39356,-0.943328,-0.871288
2.43582,-0.977305,-0.889684
1.24069,-0.506435,-0.433808
1.22711,-0.509697,-0.429794
1.20834,-0.510609,-0.423774
1.19912,-0.515406,-0.421433
1.18644,-0.518599,-0.417754
1.17635,-0.522805,-0.415078
1.18085,-0.533508,-0.418088
1.18526,-0.544286,-0.421098
1.18446,-0.552744,-0.422102
1.17594,-0.557577,-0.420095
1.18268,-0.569693,-0.424109
1.17493,-0.574867,-0.422436
1.17813,-0.585423,-0.425112
1.16863,-0.589667,-0.422771
1.14821,-0.588227,-0.416081
1.14709,-0.596567,-0.417085
1.14091,-0.602273,-0.416081
1.13055,-0.6057,-0.413406
1.13509,-0.617129,-0.41675
1.12138,-0.618617,-0.412737
1.11592,-0.624565,-0.412068
1.12272,-0.637453,-0.416416
0,0,0
2.23433,-1.30559,-0.876639
2.23276,-1.32312,-0.879315
2.22137,-1.33485,-0.877977
2.20992,-1.34649,-0.876639
2.1952,-1.35607,-0.873964
2.18604,-1.36901,-0.873629
2.17283,-1.37937,-0.871623
2.16353,-1.39216,-0.871288
2.15732,-1.40696,-0.872291
2.15021,-1.42121,-0.87296
2.14145,-1.43437,-0.87296
2.13963,-1.45225,-0.875971
2.12136,-1.45894,-0.871957
2.11546,-1.47409,-0.873295
2.10792,-1.48812,-0.873964
2.09721,-1.49993,-0.873295
2.08263,-1.5089,-0.870954
2.08017,-1.52667,-0.873964
2.07076,-1.53941,-0.873964
2.06579,-1.55549,-0.875971
2.06445,-1.57442,-0.87965
2.05326,-1.58591,-0.878981
2.04126,-1.59673,-0.877977
2.0366,-1.61332,-0.880319
2.0149,-1.61635,-0.874967
2.00056,-1.62512,-0.87296
1.99273,-1.63916,-0.873964
1.98046,-1.64955,-0.87296
1.97391,-1.66471,-0.874633
1.96795,-1.68046,-0.876639
1.95761,-1.6925,-0.876639
1.94506,-1.70262,-0.875636
1.93669,-1.7164,-0.876639
1.92682,-1.72888,-0.876974
1.91409,-1.73877,-0.875971
1.90546,-1.75239,-0.876974
1.89605,-1.76534,-0.877643
1.8845,-1.77629,-0.877308
1.87425,-1.78847,-0.877643
1.86188,-1.79863,-0.876974
1.84879,-1.80804,-0.875971
1.839,-1.82068,-0.876639
1.82713,-1.83126,-0.876305
1.81321,-1.83975,-0.874967
1.79795,-1.84679,-0.87296
1.78919,-1.86051,-0.874298
1.76931,-1.86256,-0.86995
1.76945,-1.88576,-0.875971
1.75977,-1.89865,-0.876974
1.74618,-1.90733,-0.875971
1.7395,-1.9236,-0.878646
1.72703,-1.93354,-0.878312
1.71514,-1.9441,-0.878312
1.70627,-1.95814,-0.879984
1.69176,-1.96571,-0.878646
1.67845,-1.97462,-0.877977
1.66933,-1.98849,-0.87965
1.65469,-1.99579,-0.878312
1.64242,-2.00591,-0.878312
1.63186,-2.01815,-0.879315
1.62062,-2.02959,-0.879984
1.60813,-2.0395,-0.879984
1.59327,-2.04635,-0.878646
1.57782,-2.05236,-0.876974
1.56064,-2.05599,-0.874298
1.54743,-2.06478,-0.873964
1.53193,-2.07044,-0.872291
1.51919,-2.0798,-0.872291
1.51247,-2.0975,-0.875971
1.50448,-2.11365,-0.878981
1.49636,-2.12978,-0.881991
1.48649,-2.14357,-0.883998
1.46958,-2.1472,-0.881656
1.45743,-2.15774,-0.882325
1.4426,-2.16429,-0.881322
1.42463,-2.16602,-0.878312
1.41388,-2.17867,-0.879984
1.39845,-2.18413,-0.878646
1.38905,-2.19904,-0.881322
1.37553,-2.20753,-0.881322
1.35259,-2.20067,-0.874967
1.34443,-2.21779,-0.878646
1.33031,-2.22519,-0.878312
1.31185,-2.22519,-0.874967
1.29628,-2.22994,-0.873629
1.28163,-2.23622,-0.87296
1.26789,-2.24404,-0.87296
1.25409,-2.25177,-0.87296
1.23935,-2.25778,-0.872291
1.22816,-2.27031,-0.874298
1.21465,-2.27864,-0.874633
1.19977,-2.28438,-0.873964
1.18486,-2.29002,-0.873295
1.17379,-2.30313,-0.875636
1.15794,-2.30692,-0.874298
1.1446,-2.31567,-0.874967
1.12666,-2.31502,-0.871957
1.1108,-2.31849,-0.870619
1.09736,-2.32697,-0.871288
1.08505,-2.33793,-0.87296
1.0652,-2.33254,-0.868278
1.05203,-2.34161,-0.869281
1.03612,-2.34458,-0.867943
1.02434,-2.35694,-0.870285
1.0106,-2.36491,-0.870954
0.996069,-2.37107,-0.870954
0.981501,-2.37714,-0.870954
0.966189,-2.38137,-0.870285
0.954349,-2.39426,-0.87296
0.937236,-2.39392,-0.870619
0.919826,-2.39259,-0.867943
0.907123,-2.40348,-0.86995
0.89334,-2.41165,-0.870954
0.877882,-2.41532,-0.870285
0.867158,-2.4322,-0.874633
0.850664,-2.43303,-0.87296
0.842438,-2.45781,-0.880319
0.831241,-2.47455,-0.884667
0.813686,-2.47244,-0.881991
0,0,0
0,0,0
0,0,0
0,0,0
0,0,0
0,0,0
0,0,0
0,0,0
0,0,0
0,0,0
0,0,0
0,0,0
0,0,0
0,0,0
0,0,0
0,0,0
0,0,0
0,0,0
0,0,0
0,0,0
0,0,0
0,0,0
0,0,0
0,0,0
0,0,0
0,0,0
0,0,0
0,0,0
0,0,0
0,0,0
0,0,0
0,0,0
0,0,0
0,0,0
0,0,0
0,0,0
0,0,0
0,0,0
0,0,0
0,0,0
0,0,0
0,0,0
0,0,0
0,0,0
0,0,0
0,0,0
0,0,0
0,0,0
0,0,0
0,0,0
0,0,0
0,0,0
0,0,0
0,0,0
0,0,0
0,0,0
0,0,0
0,0,0
0,0,0
0,0,0
0,0,0
0,0,0
0,0,0
0,0,0
0,0,0
0,0,0
0,0,0
0,0,0
0,0,0
0,0,0
0,0,0
0,0,0
0,0,0
0,0,0
0,0,0
0,0,0
0,0,0
0,0,0
0,0,0
0,0,0
0,0,0
0,0,0
0,0,0
0,0,0
0,0,0
0,0,0
0,0,0
0,0,0
0,0,0
0,0,0
0,0,0
0,0,0
0,0,0
0,0,0
0,0,0
0,0,0
0,0,0
0,0,0
0,0,0
0,0,0
0,0,0
0,0,0
0,0,0
0,0,0
0,0,0
0,0,0
0,0,0
0,0,0
0,0,0
0,0,0
0,0,0
0,0,0
0,0,0
0,0,0
0,0,0
0,0,0
0,0,0
0,0,0
0,0,0
0,0,0
0,0,0
0,0,0
0,0,0
0,0,0
0,0,0
0,0,0
0,0,0
0,0,0
0,0,0
0,0,0
0,0,0
0,0,0
0,0,0
0,0,0
0,0,0
0,0,0
0,0,0
0,0,0
0,0,0
0,0,0
0,0,0
0,0,0
0,0,0
0,0,0
0,0,0
0,0,0
0,0,0
0,0,0
0,0,0
0,0,0
0,0,0
0,0,0
0,0,0
0,0,0
0,0,0
0,0,0
0,0,0
0,0,0
0,0,0
0,0,0
0,0,0
0,0,0
0,0,0
0,0,0
0,0,0
0,0,0
0,0,0
0,0,0
0,0,0
0,0,0
0,0,0
0,0,0
0,0,0
0,0,0
0,0,0
0,0,0
0,0,0
0,0,0
0,0,0
0,0,0
0,0,0
0,0,0
0,0,0
0,0,0
0,0,0
0,0,0
0,0,0
0,0,0
0,0,0
0,0,0
0,0,0
0,0,0
0,0,0
0,0,0
0,0,0
0,0,0
0,0,0
0,0,0
0,0,0
0,0,0
0,0,0
0,0,0
0,0,0
0,0,0
0,0,0
0,0,0
0,0,0
0,0,0
0,0,0
0,0,0
0,0,0
0,0,0
0,0,0
0,0,0
0,0,0
0,0,0
0,0,0
0,0,0
0,0,0
0,0,0
0,0,0
0,0,0
0,0,0
0,0,0
0,0,0
0,0,0
0,0,0
0,0,0
0,0,0
0,0,0
0,0,0
0,0,0
0,0,0
0,0,0
0,0,0
0,0,0
0,0,0
0,0,0
0,0,0
0,0,0
0,0,0
0,0,0
0,0,0
0,0,0
0,0,0
0,0,0
0,0,0
0,0,0
0,0,0
0,0,0
0,0,0
0,0,0
0,0,0
0,0,0
0,0,0
0,0,0
0,0,0
0,0,0
0,0,0
0,0,0
0,0,0
0,0,0
0,0,0
0,0,0
0,0,0
0,0,0
0,0,0
0,0,0
0,0,0
0,0,0
0,0,0
0,0,0
0,0,0
0,0,0
0,0,0
0,0,0
0,0,0
0,0,0
0,0,0
0,0,0
0,0,0
0,0,0
0,0,0
0,0,0
0,0,0
0,0,0
0,0,0
0,0,0
0,0,0
0,0,0
0,0,0
0,0,0
0,0,0
0,0,0
0,0,0
0,0,0
0,0,0
0,0,0
0,0,0
0,0,0
0,0,0
0,0,0
0,0,0
0,0,0
0,0,0
0,0,0
0,0,0
0,0,0
0,0,0
0,0,0
0,0,0
0,0,0
0,0,0
0,0,0
0,0,0
0,0,0
0,0,0
0,0,0
0,0,0
0,0,0
0,0,0
0,0,0
0,0,0
0,0,0
0,0,0
0,0,0
0,0,0
0,0,0
0,0,0
0,0,0
0,0,0
0,0,0
0,0,0
0,0,0
0,0,0
0,0,0
0,0,0
0,0,0
0,0,0
0,0,0
0,0,0
0,0,0
0,0,0
0,0,0
0,0,0
0,0,0
0,0,0
0,0,0
0,0,0
0,0,0
0,0,0
0,0,0
0,0,0
0,0,0
0,0,0
0,0,0
0,0,0
0,0,0
0,0,0
0,0,0
0,0,0
0,0,0
0,0,0
0,0,0
0,0,0
0,0,0
0,0,0
0,0,0
0,0,0
0,0,0
0,0,0
0,0,0
0,0,0
0,0,0
0,0,0
0,0,0
0,0,0
0,0,0
0,0,0
0,0,0
0,0,0
0,0,0
0,0,0
0,0,0
0,0,0
0,0,0
0,0,0
0,0,0
0,0,0
0,0,0
0,0,0
0,0,0
0,0,0
0,0,0
0,0,0
0,0,0
0,0,0
0,0,0
0,0,0
0,0,0
0,0,0
0,0,0
0,0,0
0,0,0
0,0,0
0,0,0
0,0,0
0,0,0
0,0,0
0,0,0
0,0,0
0,0,0
0,0,0
0,0,0
0,0,0
0,0,0
0,0,0
0,0,0
0,0,0
0,0,0
0,0,0
0,0,0
0,0,0
0,0,0
0,0,0
0,0,0
0,0,0
0,0,0
0,0,0
0,0,0
0,0,0
0,0,0
0,0,0
0,0,0
0,0,0
0,0,0
0,0,0
0,0,0
0,0,0
0,0,0
0,0,0
0,0,0
0,0,0
0,0,0
0,0,0
0,0,0
0,0,0
0,0,0
0,0,0
0,0,0
0,0,0
0,0,0
0,0,0
0,0,0
0,0,0
0,0,0
0,0,0
0,0,0
0,0,0
0,0,0
0,0,0
0,0,0
0,0,0
0,0,0
0,0,0
0,0,0
0,0,0
0,0,0
0,0,0
0,0,0
0,0,0
0,0,0
0,0,0
0,0,0
0,0,0
0,0,0
0,0,0
0,0,0
0,0,0
0,0,0
0,0,0
0,0,0
0,0,0
0,0,0
0,0,0
0,0,0
0,0,0
0,0,0
0,0,0
0,0,0
0,0,0
0,0,0
0,0,0
0,0,0
0,0,0
0,0,0
0,0,0
0,0,0
0,0,0
0,0,0
0,0,0
0,0,0
0,0,0
0,0,0
0,0,0
0,0,0
0,0,0
0,0,0
0,0,0
0,0,0
0,0,0
0,0,0
0,0,0
0,0,0
0,0,0
0,0,0
0,0,0
0,0,0
0,0,0
0,0,0
0,0,0
0,0,0
0,0,0
0,0,0
0,0,0
0,0,0
0,0,0
0,0,0
0,0,0
0,0,0
0,0,0
0,0,0
0,0,0
0,0,0
0,0,0
0,0,0
0,0,0
0,0,0
0,0,0
0,0,0
0,0,0
0,0,0
0,0,0
0,0,0
0,0,0
0,0,0
0,0,0
0,0,0
0,0,0
0,0,0
0,0,0
0,0,0
0,0,0
0,0,0
0,0,0
0,0,0
0,0,0
0,0,0
0,0,0
0,0,0
0,0,0
0,0,0
0,0,0
0,0,0
0,0,0
0,0,0
0,0,0
0,0,0
0,0,0
0,0,0
0,0,0
0,0,0
0,0,0
0,0,0
0,0,0
0,0,0
0,0,0
0,0,0
0,0,0
0,0,0
0,0,0
0,0,0
0,0,0
0,0,0
0,0,0
0,0,0
0,0,0
0,0,0
0,0,0
0,0,0
0,0,0
0,0,0
0,0,0
0,0,0
0,0,0
0,0,0
0,0,0
0,0,0
0,0,0
0,0,0
0,0,0
0,0,0
0,0,0
0,0,0
0,0,0
0,0,0
0,0,0
0,0,0
0,0,0
0,0,0
0,0,0
0,0,0
0,0,0
0,0,0
0,0,0
0,0,0
0,0,0
0,0,0
0,0,0
0,0,0
0,0,0
0,0,0
0,0,0
0,0,0
0,0,0
0,0,0
0,0,0
0,0,0
0.797209,2.55956,-0.942793
0.805225,2.53047,-0.933483
0.821316,2.52727,-0.934173
0.841826,2.53733,-0.940035
0.853771,2.52144,-0.935897
0.868614,2.51438,-0.935208
0.882779,2.50546,-0.933828
0.900672,2.50707,-0.936587
0.917327,2.50502,-0.937966
0.931042,2.49495,-0.936242
0.944,2.48305,-0.933828
0.952785,2.46057,-0.927277
0.970273,2.46079,-0.929691
0.985354,2.45479,-0.929691
0.999334,2.44609,-0.928656
1.01468,2.44078,-0.929001
1.03074,2.4371,-0.930035
1.04567,2.43073,-0.930035
1.06432,2.43287,-0.933483
1.08038,2.42887,-0.934518
1.09796,2.42818,-0.936932
1.11167,2.41884,-0.935897
1.1253,2.40942,-0.934863
1.14046,2.40332,-0.935208
1.15559,2.39713,-0.935552
1.16946,2.3883,-0.934863
1.17741,2.36763,-0.929346
1.18895,2.3545,-0.926932
1.20124,2.34298,-0.925208
1.21819,2.34056,-0.927277
1.23209,2.33221,-0.926932
1.24948,2.3304,-0.929346
1.26913,2.33259,-0.933483
1.2943,2.34448,-0.941759
1.30225,2.32503,-0.936932
1.31232,2.30965,-0.933828
1.32459,2.2983,-0.932449
1.33914,2.29094,-0.932794
1.34791,2.27379,-0.929001
1.35701,2.25743,-0.925553
1.36888,2.24586,-0.924174
1.38214,2.23662,-0.923829
1.39584,2.22809,-0.923829
1.40596,2.21394,-0.921415
1.42003,2.20606,-0.92176
1.43661,2.20202,-0.923829
1.44855,2.19082,-0.922794
1.46405,2.18501,-0.924174
1.47638,2.17443,-0.923484
1.48809,2.16301,-0.92245
1.50509,2.15923,-0.924863
1.51398,2.14382,-0.922105
1.52875,2.13678,-0.923139
1.54293,2.12888,-0.923829
1.55208,2.11407,-0.921415
1.56838,2.10903,-0.923484
1.5796,2.09712,-0.92245
1.58731,2.08067,-0.919346
1.60177,2.07312,-0.920381
1.60984,2.05734,-0.917622
1.62127,2.04595,-0.916933
1.63555,2.03816,-0.917967
1.64803,2.02808,-0.917967
1.65805,2.01503,-0.916588
1.67759,2.01348,-0.920726
1.67903,1.99023,-0.914519
1.69425,1.98346,-0.916243
1.70332,1.96947,-0.914519
1.71352,1.95687,-0.913485
1.72363,1.94421,-0.91245
1.73803,1.93639,-0.91383
1.75304,1.92916,-0.915554
1.76484,1.91837,-0.915554
1.77082,1.90132,-0.91245
1.78246,1.89042,-0.91245
1.79014,1.87537,-0.910381
1.7977,1.8603,-0.908313
1.80842,1.84856,-0.907968
1.82435,1.8421,-0.910381
1.83429,1.82955,-0.909692
1.85083,1.82353,-0.91245
1.86333,1.81345,-0.91314
1.87104,1.79873,-0.911416
1.88544,1.79045,-0.91314
1.89708,1.77949,-0.913485
1.90314,1.76335,-0.911071
1.91254,1.75037,-0.910381
1.91768,1.73356,-0.907623
1.92828,1.72176,-0.907623
1.94655,1.71673,-0.911416
1.94643,1.6955,-0.906244
1.95893,1.68537,-0.907278
1.96924,1.67331,-0.907278
1.98378,1.66482,-0.909347
1.99829,1.65621,-0.911416
2.00842,1.64392,-0.911416
2.01628,1.6298,-0.910381
2.02257,1.61446,-0.908657
2.02949,1.5997,-0.907278
2.03705,1.58548,-0.906244
2.04376,1.57067,-0.904865
2.05261,1.55753,-0.90452
2.06438,1.54659,-0.905554
2.07761,1.53669,-0.907278
2.08776,1.52447,-0.907623
2.10164,1.51492,-0.909692
2.10783,1.49982,-0.908313
2.12007,1.48902,-0.909692
2.12839,1.47545,-0.909347
2.12889,1.45653,-0.905554
2.14401,1.44764,-0.908313
2.14114,1.42665,-0.90314
2.14671,1.41142,-0.901761
2.16006,1.40129,-0.90383
2.16229,1.38395,-0.901072
2.1763,1.37417,-0.903485
2.19504,1.36725,-0.907968
2.19859,1.3508,-0.905899
2.21486,1.34216,-0.909347
2.21823,1.32565,-0.907278
1.13245,0.666717,-0.440755
0,0,0
1.12507,0.643898,-0.434203
0,0,0
1.14847,0.638725,-0.440755
1.14907,0.629858,-0.439375
1.16777,0.630839,-0.445582
0,0,0
1.14468,0.600304,-0.432824
1.15251,0.595427,-0.434548
1.14778,0.584079,-0.4311
0,0,0
1.14477,0.564956,-0.426962
1.15243,0.559976,-0.428686
1.15415,0.552083,-0.427997
1.16007,0.546193,-0.429031
1.15573,0.535506,-0.425928
1.16497,0.531135,-0.428342
1.17677,0.527826,-0.43179
0,0,0
0,0,0
0,0,0
0,0,0
2.39654,0.989047,-0.910381
2.38691,0.967966,-0.904175
2.37449,0.945999,-0.896934
2.37326,0.928672,-0.894176
2.37278,0.911732,-0.891762
2.37833,0.897156,-0.891762
2.37939,0.880915,-0.890038
2.38475,0.866298,-0.890038
2.38383,0.849441,-0.887624
2.40229,0.839449,-0.892796
2.39585,0.820733,-0.888314
2.40529,0.807513,-0.890038
2.40396,0.790683,-0.887624
2.40877,0.775918,-0.887624
2.41885,0.76282,-0.889693
2.43425,0.75129,-0.893831
2.43522,0.735253,-0.892451
2.42888,0.717102,-0.888314
2.46841,0.712352,-0.901761
2.47815,0.698723,-0.90383
2.4842,0.684004,-0.90452
2.50104,0.672165,-0.909347
0,0,0
1.12511,0.286967,-0.384551
1.13413,0.281876,-0.38731
0,0,0
0,0,0
2.5003,0.57418,-0.900382
2.49462,0.556778,-0.896934
2.47597,0.536679,-0.888659
2.47922,0.521477,-0.888659
2.47042,0.503811,-0.884176
1.12818,0.22224,-0.380413
1.13321,0.21602,-0.381793
1.13175,0.20855,-0.380758
1.121,0.199452,-0.376276
1.10277,0.189217,-0.369035
1.07799,0.178134,-0.35938
1.01418,0.161133,-0.335244
0.984531,0.150201,-0.323865
0.978005,0.143061,-0.321107
0.926815,0.129708,-0.301798
0.912709,0.12201,-0.296281
0.894821,0.114011,-0.289384
0.891777,0.108062,-0.288005
0.890558,0.102371,-0.287316
0.885571,0.0962891,-0.285247
0.882411,0.0904657,-0.283868
0.884818,0.0852321,-0.284557
0.88065,0.0793739,-0.282833
0.881121,0.0739689,-0.282833
0.881558,0.068561,-0.282833
0.874473,0.0626045,-0.280075
0.876714,0.0573627,-0.280764
0.877049,0.0519822,-0.280764
0.869853,0.0461917,-0.278006
0.877621,0.0412156,-0.280764
0.877857,0.0358298,-0.280764
0.878061,0.0304427,-0.280764
0.885737,0.0252784,-0.283523
0.884937,0.0198209,-0.283178
0.886919,0.0144236,-0.283868
0.890745,0.00902422,-0.285247
0.888906,0.00354862,-0.284557
0.883279,-0.00190089,-0.282488
0.88419,-0.00732711,-0.282833
0.885067,-0.0127646,-0.283178
0.884033,-0.0181769,-0.282833
0.88672,-0.0236724,-0.283868
0.883744,-0.029024,-0.282833
0.884487,-0.0344814,-0.283178
0.887072,-0.0400311,-0.284212
0.88681,-0.0454733,-0.284212
0.887451,-0.0509665,-0.284557
0.885248,-0.0562941,-0.283868
0.885823,-0.0617889,-0.284212
0.888235,-0.0674326,-0.285247
0.886869,-0.0728058,-0.284902
0.88734,-0.0783275,-0.285247
0.886843,-0.0837707,-0.285247
0.881642,-0.0887467,-0.283523
0.887615,-0.0948444,-0.285936
0.900077,-0.101748,-0.290764
0.920876,-0.109799,-0.298694
0.946268,-0.118687,-0.308349
0.976238,-0.128497,-0.319727
1.03402,-0.142493,-0.34145
1.06379,-0.153218,-0.352829
1.09161,-0.164037,-0.363518
1.10821,-0.173472,-0.370069
1.11639,-0.181768,-0.373517
1.12081,-0.189548,-0.375586
1.11777,-0.196099,-0.374897
1.07406,-0.195275,-0.359035
0,0,0
2.46595,-0.478145,-0.880728
2.46205,-0.493083,-0.880383
2.44887,-0.506095,-0.87659
2.43929,-0.519745,-0.874177
2.4278,-0.532895,-0.871073
2.408,-0.544066,-0.864867
2.3909,-0.55565,-0.859695
0,0,0
0,0,0
1.1777,-0.297249,-0.404205
1.18676,-0.307283,-0.408343
0,0,0
0,0,0
2.42182,-0.67362,-0.881418
2.41764,-0.688467,-0.881418
2.40796,-0.701715,-0.879349
2.39552,-0.714067,-0.876246
2.38929,-0.728206,-0.875556
2.38119,-0.741738,-0.874177
2.37302,-0.755197,-0.872797
2.37191,-0.770903,-0.874177
2.38229,-0.790461,-0.880038
2.38984,-0.809272,-0.884866
2.38749,-0.824839,-0.8859
2.38593,-0.840719,-0.887279
2.38249,-0.855977,-0.887969
2.3816,-0.872192,-0.889693
2.37796,-0.887444,-0.890383
0,0,0
0,0,0
0,0,0
0,0,0
0,0,0
1.18376,-0.492752,-0.429031
1.17639,-0.49818,-0.427307
1.16986,-0.503907,-0.425928
0,0,0
1.15758,-0.515557,-0.423514
1.15268,-0.521877,-0.422825
1.15031,-0.529332,-0.423169
0,0,0
1.14204,-0.542604,-0.42248
1.14207,-0.55123,-0.423859
1.13192,-0.554928,-0.421101
1.12933,-0.56228,-0.421445
1.12335,-0.567931,-0.420411
1.11232,-0.570962,-0.417308
1.11463,-0.580807,-0.419721
1.11353,-0.58895,-0.420756
1.1008,-0.590896,-0.416963
1.10292,-0.600777,-0.419377
1.10004,-0.607987,-0.419721
0,0,0
1.09739,-0.62422,-0.42179
1.08947,-0.6286,-0.420066
0,0,0
0,0,0
2.17052,-1.30481,-0.888314
2.15205,-1.31176,-0.883831
2.13757,-1.321,-0.881073
2.12545,-1.3316,-0.879349
2.11169,-1.34109,-0.876935
2.09711,-1.34996,-0.874177
2.08643,-1.36127,-0.873142
2.07803,-1.37404,-0.873142
2.06722,-1.3852,-0.872108
2.06102,-1.39944,-0.873142
2.04697,-1.40834,-0.870729
2.03752,-1.42034,-0.870384
2.03107,-1.43444,-0.871418
2.023,-1.44742,-0.871763
2.01408,-1.4598,-0.871763
2.01492,-1.47935,-0.876246
2.0043,-1.49057,-0.875556
1.99887,-1.50566,-0.87728
1.99183,-1.5196,-0.878314
1.97504,-1.52606,-0.874866
1.9575,-1.53179,-0.871073
1.95616,-1.55018,-0.874866
1.94075,-1.55746,-0.872108
1.92679,-1.56579,-0.870039
1.91787,-1.57818,-0.870384
1.91176,-1.59292,-0.872108
1.90482,-1.60704,-0.873487
1.90492,-1.62723,-0.878314
1.89064,-1.6352,-0.876246
1.88481,-1.65048,-0.878314
1.87605,-1.66326,-0.879004
1.87489,-1.68288,-0.883487
1.86106,-1.6912,-0.881763
1.84857,-1.70068,-0.880728
1.84085,-1.71455,-0.882107
1.82756,-1.72324,-0.880728
1.81627,-1.73377,-0.880383
1.80695,-1.74619,-0.881073
1.79553,-1.75659,-0.880728
1.78138,-1.76427,-0.879004
1.76787,-1.77251,-0.877625
1.75828,-1.78466,-0.878314
1.74468,-1.79273,-0.876935
1.733,-1.80272,-0.87659
1.72125,-1.81264,-0.876246
1.7101,-1.82317,-0.876246
1.69888,-1.83363,-0.876246
1.6895,-1.84609,-0.87728
1.67436,-1.85225,-0.875211
1.66234,-1.86179,-0.874866
1.64592,-1.86632,-0.872108
1.64184,-1.88488,-0.876246
1.63208,-1.89705,-0.87728
1.61858,-1.90488,-0.876246
1.61049,-1.91909,-0.878314
1.59808,-1.92821,-0.87797
1.58324,-1.93435,-0.876246
1.57784,-1.95206,-0.880038
1.56408,-1.9595,-0.879004
1.55028,-1.96685,-0.87797
1.53703,-1.97485,-0.87728
1.52831,-1.9887,-0.879349
1.51552,-1.9973,-0.879004
1.49873,-2.00055,-0.876246
1.4881,-2.01197,-0.87728
1.47185,-2.01576,-0.874866
1.4633,-2.03008,-0.87728
1.45245,-2.04132,-0.878314
1.43827,-2.04789,-0.87728
1.42729,-2.05899,-0.878314
1.42099,-2.077,-0.882452
1.40454,-2.08024,-0.880038
1.39488,-2.0935,-0.882107
1.37994,-2.09888,-0.880728
1.36806,-2.10888,-0.881418
1.3561,-2.11882,-0.882107
1.34659,-2.13266,-0.884521
1.33248,-2.13928,-0.883831
1.31933,-2.14742,-0.883831
1.30516,-2.15387,-0.883142
1.29288,-2.16345,-0.883831
1.27958,-2.17134,-0.883831
1.26293,-2.17347,-0.881418
1.2477,-2.17792,-0.880038
1.23247,-2.18227,-0.878659
1.21906,-2.18979,-0.878659
1.19972,-2.18653,-0.874177
1.18539,-2.1922,-0.873487
1.17147,-2.19861,-0.873142
1.15796,-2.20575,-0.873142
1.14311,-2.21032,-0.872108
1.13208,-2.22231,-0.874177
1.12096,-2.23424,-0.876246
1.10972,-2.24613,-0.878314
1.09304,-2.24699,-0.875901
1.0768,-2.24857,-0.873832
1.06418,-2.25768,-0.874866
1.04794,-2.25906,-0.872797
1.03211,-2.26118,-0.871073
1.01629,-2.26319,-0.869349
1.00011,-2.26423,-0.867281
0.987317,-2.27291,-0.868315
0.973352,-2.27893,-0.868315
0.95644,-2.27793,-0.865557
0.94352,-2.28636,-0.866591
0.929473,-2.29211,-0.866591
0.916783,-2.30126,-0.86797
0.897509,-2.29373,-0.862798
0.887126,-2.30883,-0.866591
0.874933,-2.3195,-0.86866
0.856116,-2.3125,-0.863833
0.848649,-2.33623,-0.871073
0,0,0
0,0,0
0,0,0
0,0,0
0,0,0
0,0,0
0,0,0
0,0,0
0,0,0
0,0,0
0,0,0
0,0,0
0,0,0
0,0,0
0,0,0
0,0,0
0,0,0
0,0,0
0,0,0
0,0,0
0,0,0
0,0,0
0,0,0
0,0,0
0,0,0
0,0,0
0,0,0
0,0,0
0,0,0
0,0,0
0,0,0
0,0,0
0,0,0
0,0,0
0,0,0
0,0,0
0,0,0
0,0,0
0,0,0
0,0,0
0,0,0
0,0,0
0,0,0
0,0,0
0,0,0
0,0,0
0,0,0
0,0,0
0,0,0
0,0,0
0,0,0
0,0,0
0,0,0
0,0,0
0,0,0
0,0,0
0,0,0
0,0,0
0,0,0
0,0,0
0,0,0
0,0,0
0,0,0
0,0,0
0,0,0
0,0,0
0,0,0
0,0,0
0,0,0
0,0,0
0,0,0
0,0,0
0,0,0
0,0,0
0,0,0
0,0,0
0,0,0
0,0,0
0,0,0
0,0,0
0,0,0
0,0,0
0,0,0
0,0,0
0,0,0
0,0,0
0,0,0
0,0,0
0,0,0
0,0,0
0,0,0
0,0,0
0,0,0
0,0,0
0,0,0
0,0,0
0,0,0
0,0,0
0,0,0
0,0,0
0,0,0
0,0,0
0,0,0
0,0,0
0,0,0
0,0,0
0,0,0
0,0,0
0,0,0
0,0,0
0,0,0
0,0,0
0,0,0
0,0,0
0,0,0
0,0,0
0,0,0
0,0,0
0,0,0
0,0,0
0,0,0
0,0,0
0,0,0
0,0,0
0,0,0
0,0,0
0,0,0
0,0,0
0,0,0
0,0,0
0,0,0
0,0,0
0,0,0
0,0,0
0,0,0
0,0,0
0,0,0
0,0,0
0,0,0
0,0,0
0,0,0
0,0,0
0,0,0
0,0,0
0,0,0
0,0,0
0,0,0
0,0,0
0,0,0
0,0,0
0,0,0
0,0,0
0,0,0
0,0,0
0,0,0
0,0,0
0,0,0
0,0,0
0,0,0
0,0,0
0,0,0
0,0,0
0,0,0
0,0,0
0,0,0
0,0,0
0,0,0
0,0,0
0,0,0
0,0,0
0,0,0
0,0,0
0,0,0
0,0,0
0,0,0
0,0,0
0,0,0
0,0,0
0,0,0
0,0,0
0,0,0
0,0,0
0,0,0
0,0,0
0,0,0
0,0,0
0,0,0
0,0,0
0,0,0
0,0,0
0,0,0
0,0,0
0,0,0
0,0,0
0,0,0
0,0,0
0,0,0
0,0,0
0,0,0
0,0,0
0,0,0
0,0,0
0,0,0
0,0,0
0,0,0
0,0,0
0,0,0
0,0,0
0,0,0
0,0,0
0,0,0
0,0,0
0,0,0
0,0,0
0,0,0
0,0,0
0,0,0
0,0,0
0,0,0
0,0,0
0,0,0
0,0,0
0,0,0
0,0,0
0,0,0
0,0,0
0,0,0
0,0,0
0,0,0
0,0,0
0,0,0
0,0,0
0,0,0
0,0,0
0,0,0
0,0,0
0,0,0
0,0,0
0,0,0
0,0,0
0,0,0
0,0,0
0,0,0
0,0,0
0,0,0
0,0,0
0,0,0
0,0,0
0,0,0
0,0,0
0,0,0
0,0,0
0,0,0
0,0,0
0,0,0
0,0,0
0,0,0
0,0,0
0,0,0
0,0,0
0,0,0
0,0,0
0,0,0
0,0,0
0,0,0
0,0,0
0,0,0
0,0,0
0,0,0
0,0,0
0,0,0
0,0,0
0,0,0
0,0,0
0,0,0
0,0,0
0,0,0
0,0,0
0,0,0
0,0,0
0,0,0
0,0,0
0,0,0
0,0,0
0,0,0
0,0,0
0,0,0
0,0,0
0,0,0
0,0,0
0,0,0
0,0,0
0,0,0
0,0,0
0,0,0
0,0,0
0,0,0
0,0,0
0,0,0
0,0,0
0,0,0
0,0,0
0,0,0
0,0,0
0,0,0
0,0,0
0,0,0
0,0,0
0,0,0
0,0,0
0,0,0
0,0,0
0,0,0
0,0,0
0,0,0
0,0,0
0,0,0
0,0,0
0,0,0
0,0,0
0,0,0
0,0,0
0,0,0
0,0,0
0,0,0
0,0,0
0,0,0
0,0,0
0,0,0
0,0,0
0,0,0
0,0,0
0,0,0
0,0,0
0,0,0
0,0,0
0,0,0
0,0,0
0,0,0
0,0,0
0,0,0
0,0,0
0,0,0
0,0,0
0,0,0
0,0,0
0,0,0
0,0,0
0,0,0
0,0,0
0,0,0
0,0,0
0,0,0
0,0,0
0,0,0
0,0,0
0,0,0
0,0,0
0,0,0
0,0,0
0,0,0
0,0,0
0,0,0
0,0,0
0,0,0
0,0,0
0,0,0
0,0,0
0,0,0
0,0,0
0,0,0
0,0,0
0,0,0
0,0,0
0,0,0
0,0,0
0,0,0
0,0,0
0,0,0
0,0,0
0,0,0
0,0,0
0,0,0
0,0,0
0,0,0
0,0,0
0,0,0
0,0,0
0,0,0
0,0,0
0,0,0
0,0,0
0,0,0
0,0,0
0,0,0
0,0,0
0,0,0
0,0,0
0,0,0
0,0,0
0,0,0
0,0,0
0,0,0
0,0,0
0,0,0
0,0,0
0,0,0
0,0,0
0,0,0
0,0,0
0,0,0
0,0,0
0,0,0
0,0,0
0,0,0
0,0,0
0,0,0
0,0,0
0,0,0
0,0,0
0,0,0
0,0,0
0,0,0
0,0,0
0,0,0
0,0,0
0,0,0
0,0,0
0,0,0
0,0,0
0,0,0
0,0,0
0,0,0
0,0,0
0,0,0
0,0,0
0,0,0
0,0,0
0,0,0
0,0,0
0,0,0
0,0,0
0,0,0
0,0,0
0,0,0
0,0,0
0,0,0
0,0,0
0,0,0
0,0,0
0,0,0
0,0,0
0,0,0
0,0,0
0,0,0
0,0,0
0,0,0
0,0,0
0,0,0
0,0,0
0,0,0
0,0,0
0,0,0
0,0,0
0,0,0
0,0,0
0,0,0
0,0,0
0,0,0
0,0,0
0,0,0
0,0,0
0,0,0
0,0,0
0,0,0
0,0,0
0,0,0
0,0,0
0,0,0
0,0,0
0,0,0
0,0,0
0,0,0
0,0,0
0,0,0
0,0,0
0,0,0
0,0,0
0,0,0
0,0,0
0,0,0
0,0,0
0,0,0
0,0,0
0,0,0
0,0,0
0,0,0
0,0,0
0,0,0
0,0,0
0,0,0
0,0,0
0,0,0
0,0,0
0,0,0
0,0,0
0,0,0
0,0,0
0,0,0
0,0,0
0,0,0
0,0,0
0,0,0
0,0,0
0,0,0
0,0,0
0,0,0
0,0,0
0,0,0
0,0,0
0,0,0
0,0,0
0,0,0
0,0,0
0,0,0
0,0,0
0,0,0
0,0,0
0,0,0
0,0,0
0,0,0
0,0,0
0,0,0
0,0,0
0,0,0
0,0,0
0,0,0
0,0,0
0,0,0
0,0,0
0,0,0
0,0,0
0,0,0
0,0,0
0,0,0
0,0,0
0,0,0
0,0,0
0,0,0
0,0,0
0,0,0
0,0,0
0,0,0
0,0,0
0,0,0
0,0,0
0,0,0
0,0,0
0,0,0
0,0,0
0,0,0
0,0,0
0,0,0
0,0,0
0,0,0
0,0,0
0,0,0
0,0,0
0,0,0
0,0,0
0,0,0
0,0,0
0,0,0
0,0,0
0,0,0
0,0,0
0,0,0
0,0,0
0,0,0
0,0,0
0,0,0
0,0,0
0,0,0
0,0,0
0,0,0
0,0,0
0,0,0
0,0,0
0,0,0
0,0,0
0,0,0
0,0,0
0,0,0
0,0,0
0,0,0
0,0,0
0,0,0
0,0,0
0,0,0
0,0,0
0,0,0
0,0,0
0,0,0
0,0,0
0,0,0
0.831023,2.4569,-0.942019
0,0,0
0,0,0
0.866943,2.41567,-0.93173
0,0,0
0.897175,2.4066,-0.93244
0.901297,2.37308,-0.921087
0.915841,2.36751,-0.921087
0.932751,2.36793,-0.92357
0.944825,2.35609,-0.921087
0.961738,2.35631,-0.92357
0.974743,2.34691,-0.922151
0.99131,2.34605,-0.92428
1.00975,2.34937,-0.928183
1.02976,2.35598,-0.933504
1.0423,2.34535,-0.93173
1.05744,2.34061,-0.93244
1.07061,2.33153,-0.931376
1.08411,2.32322,-0.930666
1.09674,2.31315,-0.929247
1.1097,2.30385,-0.928183
1.12011,2.28944,-0.92499
1.13705,2.28838,-0.927473
1.1477,2.27469,-0.924635
1.16121,2.26677,-0.92428
1.17596,2.26126,-0.92499
1.19025,2.25483,-0.925344
1.20583,2.25078,-0.926763
1.22274,2.24909,-0.929247
1.24059,2.24891,-0.93244
1.25528,2.24289,-0.933149
1.2644,2.22701,-0.929602
1.2799,2.22245,-0.931021
1.29116,2.21052,-0.929247
1.30231,2.19854,-0.927473
1.31289,2.1857,-0.925344
1.32384,2.17361,-0.92357
1.3401,2.17022,-0.925699
1.35538,2.16512,-0.927118
1.36513,2.15124,-0.924635
1.37375,2.13575,-0.921442
1.38734,2.12806,-0.921797
1.39419,2.11015,-0.917539
1.41023,2.10621,-0.919668
1.4226,2.09675,-0.919313
1.4312,2.08182,-0.916475
1.4493,2.08067,-0.920023
1.46581,2.07708,-0.922506
1.4807,2.07109,-0.923925
1.49448,2.06348,-0.924635
1.50269,2.04824,-0.921797
1.51857,2.04348,-0.923925
1.53614,2.04085,-0.927118
1.53843,2.018,-0.920732
1.54907,2.00631,-0.919668
1.55847,1.99308,-0.917894
1.56835,1.98055,-0.916475
1.58223,1.97308,-0.917539
1.59489,1.96406,-0.917894
1.60573,1.95279,-0.917184
1.61828,1.94362,-0.917539
1.62897,1.93222,-0.91683
1.64504,1.92717,-0.919313
1.65133,1.91067,-0.91612
1.65933,1.89628,-0.913991
1.66784,1.88257,-0.912217
1.67374,1.86604,-0.909024
1.68578,1.85642,-0.909379
1.69841,1.84742,-0.910089
1.70653,1.83354,-0.908315
1.72287,1.82848,-0.911153
1.736,1.8199,-0.912217
1.74453,1.80653,-0.910798
1.7582,1.79846,-0.912217
1.77118,1.78964,-0.913282
1.78345,1.78005,-0.913991
1.79567,1.77039,-0.914701
1.80248,1.75543,-0.912572
1.81456,1.74563,-0.913282
1.82863,1.73768,-0.915056
1.83448,1.72195,-0.912572
1.84844,1.71384,-0.914346
1.85479,1.69868,-0.912217
1.86171,1.68413,-0.910443
1.87201,1.67268,-0.910443
1.88153,1.66054,-0.910089
1.88957,1.64712,-0.909024
1.89964,1.63549,-0.909024
1.90893,1.6232,-0.90867
1.91957,1.61206,-0.909024
1.93014,1.60085,-0.909379
1.93848,1.58779,-0.90867
1.94455,1.57293,-0.906896
1.95198,1.55922,-0.905831
1.96444,1.54952,-0.90725
1.98351,1.54491,-0.911863
1.98405,1.52587,-0.907605
1.99561,1.51536,-0.90867
2.01011,1.50702,-0.911153
2.02383,1.49799,-0.913282
2.02921,1.48279,-0.911508
2.03675,1.46921,-0.910798
2.04801,1.45832,-0.911863
2.05922,1.44733,-0.912927
2.06268,1.43094,-0.910443
2.07065,1.41773,-0.910089
2.07389,1.40134,-0.907605
2.08089,1.38755,-0.906896
2.08937,1.37475,-0.906896
2.09306,1.35885,-0.904767
2.09978,1.34498,-0.904057
2.11115,1.33406,-0.905477
2.12168,1.32257,-0.906541
2.12816,1.30855,-0.905831
1.0816,0.656168,-0.437876
1.09363,0.654316,-0.441424
1.09762,0.647594,-0.441424
1.10643,0.643666,-0.443552
1.12577,0.645698,-0.450293
1.12808,0.637859,-0.449584
1.12299,0.625921,-0.445681
1.13418,0.623068,-0.448874
0,0,0
0,0,0
1.11815,0.587739,-0.437166
1.09848,0.568837,-0.427232
1.10445,0.563359,-0.428297
1.11123,0.55825,-0.429716
1.08697,0.537749,-0.418008
1.10791,0.539661,-0.425458
0,0,0
1.12206,0.529614,-0.428651
1.13207,0.525868,-0.43149
1.15739,0.529011,-0.440714
0,0,0
0,0,0
0,0,0
0,0,0
0,0,0
1.27805,0.528158,-0.482578
0,0,0
0,0,0
2.28439,0.89483,-0.888802
2.30729,0.887506,-0.895898
2.31269,0.873332,-0.895898
2.31888,0.85945,-0.896252
2.31621,0.842331,-0.893059
2.32926,0.830929,-0.896252
2.33431,0.816622,-0.896252
2.33397,0.800464,-0.894124
2.33352,0.784342,-0.891995
2.34273,0.77147,-0.893769
2.34653,0.756794,-0.893414
2.35648,0.74407,-0.895543
2.36904,0.73208,-0.898736
2.38065,0.719693,-0.901574
2.3904,0.706662,-0.903703
0,0,0
0,0,0
1.07169,0.295715,-0.379692
0,0,0
0,0,0
0,0,0
2.43668,0.607894,-0.910798
2.40675,0.584769,-0.897671
2.40938,0.569776,-0.897317
2.41374,0.555191,-0.897671
2.40889,0.538535,-0.894478
2.40301,0.521762,-0.890931
2.408,0.507393,-0.89164
2.40557,0.491486,-0.889511
2.4012,0.475266,-0.886673
1.10562,0.212015,-0.385013
1.11058,0.205908,-0.386433
1.11827,0.200241,-0.388916
1.11855,0.193217,-0.388561
1.02841,0.171187,-0.353438
0.979582,0.156909,-0.33428
0.963892,0.148342,-0.327894
0.95091,0.140383,-0.322572
0.877689,0.124107,-0.29419
0.863609,0.116723,-0.288513
0.864309,0.111422,-0.288513
0.856624,0.105095,-0.28532
0.835892,0.0973598,-0.27716
0.84112,0.0927391,-0.278934
0.844464,0.0878653,-0.279998
0.851501,0.0833164,-0.282482
0.85572,0.0784297,-0.283901
0.857117,0.0732568,-0.284256
0.860346,0.0682166,-0.28532
0.861681,0.0630041,-0.285675
0.859253,0.0575297,-0.284611
0.857723,0.0521437,-0.283901
0.85616,0.0467787,-0.283191
0.8611,0.0417487,-0.284965
0.86134,0.0364643,-0.284965
0.860613,0.0311452,-0.284611
0.856116,0.0257258,-0.282837
0.854388,0.0204285,-0.282127
0.858236,0.0152503,-0.283546
0.859249,0.00999443,-0.283901
0.858359,0.00471729,-0.283546
0.853697,-0.000544384,-0.281772
0.852743,-0.00577578,-0.281417
0.855496,-0.0110455,-0.282482
0.858216,-0.0163493,-0.283546
0.855296,-0.021543,-0.282482
0.85141,-0.0266717,-0.281063
0.854033,-0.0320017,-0.282127
0.859424,-0.0374884,-0.284256
0.860112,-0.042808,-0.284611
0.859833,-0.0480847,-0.284611
0.857656,-0.0532429,-0.283901
0.859178,-0.0586326,-0.284611
0.852276,-0.0634146,-0.282127
0.859326,-0.0692471,-0.284965
0.849571,-0.073706,-0.281417
0.84631,-0.0786566,-0.280353
0.848602,-0.084126,-0.281417
0.84807,-0.0893314,-0.281417
0.85401,-0.0952619,-0.283901
0.860837,-0.101379,-0.286739
0.885249,-0.109777,-0.296318
0.913298,-0.118963,-0.307316
0.96535,-0.131795,-0.327539
1.01172,-0.144475,-0.345633
1.00342,-0.149575,-0.342795
1.06068,-0.164794,-0.365146
1.09103,-0.176383,-0.377208
1.10284,-0.185248,-0.382175
1.09984,-0.191689,-0.381466
1.07656,-0.194438,-0.372951
2.38395,-0.446189,-0.878158
2.38484,-0.46152,-0.879578
2.38655,-0.477061,-0.881351
2.37717,-0.490373,-0.878868
2.36131,-0.502224,-0.873901
2.36275,-0.517705,-0.875675
2.34402,-0.528693,-0.869644
2.34165,-0.543277,-0.869999
2.33554,-0.556984,-0.868934
2.32845,-0.570414,-0.867515
2.32944,-0.585831,-0.869289
2.33123,-0.601515,-0.871418
0,0,0
0,0,0
0,0,0
0,0,0
0,0,0
2.31109,-0.687982,-0.872837
2.32025,-0.706235,-0.878158
2.31676,-0.720737,-0.878513
2.30962,-0.734088,-0.877449
2.30774,-0.749112,-0.878513
2.30222,-0.762964,-0.878158
2.30812,-0.780672,-0.882416
2.30417,-0.795125,-0.882771
2.30454,-0.811112,-0.884899
2.30568,-0.827448,-0.887383
2.31109,-0.845436,-0.89164
1.29846,-0.483863,-0.483642
1.26488,-0.480198,-0.471225
1.27237,-0.491999,-0.475482
1.26063,-0.496369,-0.471935
1.2376,-0.496088,-0.463775
0,0,0
1.21243,-0.503345,-0.45597
0,0,0
0,0,0
0,0,0
1.14418,-0.508259,-0.432909
1.13422,-0.512189,-0.430071
1.12766,-0.517578,-0.428651
1.11175,-0.518555,-0.42333
1.10771,-0.524966,-0.422975
1.11373,-0.536218,-0.426878
1.11042,-0.543041,-0.426878
1.10539,-0.549012,-0.426168
1.11035,-0.559997,-0.429716
1.11105,-0.568932,-0.43149
1.11915,-0.581779,-0.436457
1.11969,-0.590818,-0.438231
1.10863,-0.593703,-0.435037
1.1025,-0.599154,-0.433973
1.10863,-0.611328,-0.438231
1.0967,-0.613551,-0.434683
1.09861,-0.623501,-0.437166
1.07937,-0.621363,-0.430425
0,0,0
0,0,0
0,0,0
0,0,0
2.07476,-1.28114,-0.883125
2.06211,-1.29087,-0.880997
2.04547,-1.29799,-0.877094
2.03432,-1.30849,-0.875675
2.03095,-1.32401,-0.877804
2.02357,-1.33697,-0.878158
2.01533,-1.34936,-0.878158
2.00933,-1.36327,-0.879223
2.00247,-1.37664,-0.879932
1.99629,-1.3905,-0.880997
1.98924,-1.4038,-0.881706
1.97527,-1.41217,-0.879223
1.96581,-1.42372,-0.878868
1.96156,-1.43907,-0.880997
1.94969,-1.44885,-0.879578
1.9445,-1.4636,-0.881351
1.93994,-1.4789,-0.88348
1.92787,-1.48849,-0.882061
1.91502,-1.49741,-0.880287
1.908,-1.51088,-0.881351
1.89431,-1.51905,-0.879223
1.8777,-1.52475,-0.875675
1.86253,-1.53149,-0.872837
1.84951,-1.53989,-0.871063
1.83717,-1.5488,-0.869644
1.83474,-1.56612,-0.873192
1.83075,-1.58224,-0.87603
1.81679,-1.58975,-0.873901
1.8112,-1.60458,-0.87603
1.80132,-1.61567,-0.87603
1.79137,-1.62669,-0.87603
1.77929,-1.63575,-0.874965
1.76512,-1.64282,-0.872837
1.75568,-1.65426,-0.873192
1.7455,-1.665,-0.873192
1.73054,-1.67113,-0.870708
1.72494,-1.68629,-0.873192
1.71256,-1.69487,-0.872127
1.69883,-1.70204,-0.870353
1.69689,-1.72109,-0.874965
1.68564,-1.7308,-0.874611
1.67175,-1.73774,-0.872837
1.66556,-1.75271,-0.87532
1.65286,-1.76085,-0.874256
1.64329,-1.77233,-0.874965
1.63428,-1.78445,-0.87603
1.62267,-1.79375,-0.875675
1.60665,-1.79809,-0.872837
1.59374,-1.80581,-0.871772
1.58263,-1.81556,-0.871772
1.57694,-1.83161,-0.874965
1.56386,-1.83912,-0.873901
1.54714,-1.84223,-0.870708
1.53759,-1.85385,-0.871772
1.525,-1.8618,-0.871063
1.51943,-1.8784,-0.874611
1.50904,-1.88915,-0.87532
1.50032,-1.90204,-0.877094
1.49379,-1.91785,-0.880287
1.48541,-1.93143,-0.882416
1.47692,-1.94497,-0.884544
1.46328,-1.95175,-0.88348
1.45406,-1.96445,-0.885254
1.44142,-1.97258,-0.884899
1.42711,-1.97836,-0.88348
1.41494,-1.98708,-0.88348
1.40702,-2.00184,-0.886318
1.39418,-2.00967,-0.885964
1.38288,-2.01973,-0.886673
1.37046,-2.02818,-0.886673
1.3554,-2.03266,-0.884899
1.34393,-2.0425,-0.885609
1.33646,-2.05855,-0.889157
1.32078,-2.06199,-0.887028
1.3091,-2.07163,-0.887738
1.29636,-2.07962,-0.887738
1.28211,-2.08515,-0.886673
1.26929,-2.09298,-0.886673
1.25355,-2.09591,-0.884544
1.23781,-2.09873,-0.882416
1.22538,-2.1071,-0.882771
1.21197,-2.11376,-0.882416
1.19759,-2.11872,-0.881351
1.18594,-2.12848,-0.882416
1.17285,-2.13571,-0.882416
1.15884,-2.14123,-0.881706
1.147,-2.15077,-0.882771
1.12682,-2.14452,-0.877094
1.1145,-2.15306,-0.877804
1.10382,-2.16486,-0.879932
1.09135,-2.17326,-0.880642
1.07965,-2.18327,-0.882061
1.06665,-2.19069,-0.882416
1.05197,-2.19466,-0.881351
1.04008,-2.20446,-0.882771
1.02496,-2.20741,-0.881351
1.00674,-2.20345,-0.877094
0.990898,-2.20447,-0.874965
0.973951,-2.20281,-0.871772
0.959672,-2.20703,-0.871063
0.947581,-2.21632,-0.872482
0.934326,-2.22295,-0.872837
0.919955,-2.22691,-0.872127
0.91014,-2.24205,-0.87603
0.897751,-2.25106,-0.877449
0.88324,-2.25479,-0.876739
0.869389,-2.26017,-0.876739
0.856164,-2.26721,-0.877449
0.839639,-2.2654,-0.874611
0.827,-2.27403,-0.87603
0.813346,-2.27994,-0.876385
0.797489,-2.27959,-0.874256
0,0,0
0.770944,-2.29364,-0.87603
0,0,0
0,0,0
0,0,0
0,0,0
0,0,0
0,0,0
0,0,0
0,0,0
0,0,0
0,0,0
0,0,0
0,0,0
0,0,0
0,0,0
0,0,0
0,0,0
0,0,0
0,0,0
0,0,0
0,0,0
0,0,0
0,0,0
0,0,0
0,0,0
0,0,0
0,0,0
0,0,0
0,0,0
0,0,0
0,0,0
0,0,0
0,0,0
0,0,0
0,0,0
0,0,0
0,0,0
0,0,0
0,0,0
0,0,0
0,0,0
0,0,0
0,0,0
0,0,0
0,0,0
0,0,0
0,0,0
0,0,0
0,0,0
0,0,0
0,0,0
0,0,0
0,0,0
0,0,0
0,0,0
0,0,0
0,0,0
0,0,0
0,0,0
0,0,0
0,0,0
0,0,0
0,0,0
0,0,0
0,0,0
0,0,0
0,0,0
0,0,0
0,0,0
0,0,0
0,0,0
0,0,0
0,0,0
0,0,0
0,0,0
0,0,0
0,0,0
0,0,0
0,0,0
0,0,0
0,0,0
0,0,0
0,0,0
0,0,0
0,0,0
0,0,0
0,0,0
0,0,0
0,0,0
0,0,0
0,0,0
0,0,0
0,0,0
0,0,0
0,0,0
0,0,0
0,0,0
0,0,0
0,0,0
0,0,0
0,0,0
0,0,0
0,0,0
0,0,0
0,0,0
0,0,0
0,0,0
0,0,0
0,0,0
0,0,0
0,0,0
0,0,0
0,0,0
0,0,0
0,0,0
0,0,0
0,0,0
0,0,0
0,0,0
0,0,0
0,0,0
0,0,0
0,0,0
0,0,0
0,0,0
0,0,0
0,0,0
0,0,0
0,0,0
0,0,0
0,0,0
0,0,0
0,0,0
0,0,0
0,0,0
0,0,0
0,0,0
0,0,0
0,0,0
0,0,0
0,0,0
0,0,0
0,0,0
0,0,0
0,0,0
0,0,0
0,0,0
0,0,0
0,0,0
0,0,0
0,0,0
0,0,0
0,0,0
0,0,0
0,0,0
0,0,0
0,0,0
0,0,0
0,0,0
0,0,0
0,0,0
0,0,0
0,0,0
0,0,0
0,0,0
0,0,0
0,0,0
0,0,0
0,0,0
0,0,0
0,0,0
0,0,0
0,0,0
0,0,0
0,0,0
0,0,0
0,0,0
0,0,0
0,0,0
0,0,0
0,0,0
0,0,0
0,0,0
0,0,0
0,0,0
0,0,0
0,0,0
0,0,0
0,0,0
0,0,0
0,0,0
0,0,0
0,0,0
0,0,0
0,0,0
0,0,0
0,0,0
0,0,0
0,0,0
0,0,0
0,0,0
0,0,0
0,0,0
0,0,0
0,0,0
0,0,0
0,0,0
0,0,0
0,0,0
0,0,0
0,0,0
0,0,0
0,0,0
0,0,0
0,0,0
0,0,0
0,0,0
0,0,0
0,0,0
0,0,0
0,0,0
0,0,0
0,0,0
0,0,0
0,0,0
0,0,0
0,0,0
0,0,0
0,0,0
0,0,0
0,0,0
0,0,0
0,0,0
0,0,0
0,0,0
0,0,0
0,0,0
0,0,0
0,0,0
0,0,0
0,0,0
0,0,0
0,0,0
0,0,0
0,0,0
0,0,0
0,0,0
0,0,0
0,0,0
0,0,0
0,0,0
0,0,0
0,0,0
0,0,0
0,0,0
0,0,0
0,0,0
0,0,0
0,0,0
0,0,0
0,0,0
0,0,0
0,0,0
0,0,0
0,0,0
0,0,0
0,0,0
0,0,0
0,0,0
0,0,0
0,0,0
0,0,0
0,0,0
0,0,0
0,0,0
0,0,0
0,0,0
0,0,0
0,0,0
0,0,0
0,0,0
0,0,0
0,0,0
0,0,0
0,0,0
0,0,0
0,0,0
0,0,0
0,0,0
0,0,0
0,0,0
0,0,0
0,0,0
0,0,0
0,0,0
0,0,0
0,0,0
0,0,0
0,0,0
0,0,0
0,0,0
0,0,0
0,0,0
0,0,0
0,0,0
0,0,0
0,0,0
0,0,0
0,0,0
0,0,0
0,0,0
0,0,0
0,0,0
0,0,0
0,0,0
0,0,0
0,0,0
0,0,0
0,0,0
0,0,0
0,0,0
0,0,0
0,0,0
0,0,0
0,0,0
0,0,0
0,0,0
0,0,0
0,0,0
0,0,0
0,0,0
0,0,0
0,0,0
0,0,0
0,0,0
0,0,0
0,0,0
0,0,0
0,0,0
0,0,0
0,0,0
0,0,0
0,0,0
0,0,0
0,0,0
0,0,0
0,0,0
0,0,0
0,0,0
0,0,0
0,0,0
0,0,0
0,0,0
0,0,0
0,0,0
0,0,0
0,0,0
0,0,0
0,0,0
0,0,0
0,0,0
0,0,0
0,0,0
0,0,0
0,0,0
0,0,0
0,0,0
0,0,0
0,0,0
0,0,0
0,0,0
0,0,0
0,0,0
0,0,0
0,0,0
0,0,0
0,0,0
0,0,0
0,0,0
0,0,0
0,0,0
0,0,0
0,0,0
0,0,0
0,0,0
0,0,0
0,0,0
0,0,0
0,0,0
0,0,0
0,0,0
0,0,0
0,0,0
0,0,0
0,0,0
0,0,0
0,0,0
0,0,0
0,0,0
0,0,0
0,0,0
0,0,0
0,0,0
0,0,0
0,0,0
0,0,0
0,0,0
0,0,0
0,0,0
0,0,0
0,0,0
0,0,0
0,0,0
0,0,0
0,0,0
0,0,0
0,0,0
0,0,0
0,0,0
0,0,0
0,0,0
0,0,0
0,0,0
0,0,0
0,0,0
0,0,0
0,0,0
0,0,0
0,0,0
0,0,0
0,0,0
0,0,0
0,0,0
0,0,0
0,0,0
0,0,0
0,0,0
0,0,0
0,0,0
0,0,0
0,0,0
0,0,0
0,0,0
0,0,0
0,0,0
0,0,0
0,0,0
0,0,0
0,0,0
0,0,0
0,0,0
0,0,0
0,0,0
0,0,0
0,0,0
0,0,0
0,0,0
0,0,0
0,0,0
0,0,0
0,0,0
0,0,0
0,0,0
0,0,0
0,0,0
0,0,0
0,0,0
0,0,0
0,0,0
0,0,0
0,0,0
0,0,0
0,0,0
0,0,0
0,0,0
0,0,0
0,0,0
0,0,0
0,0,0
0,0,0
0,0,0
0,0,0
0,0,0
0,0,0
0,0,0
0,0,0
0,0,0
0,0,0
0,0,0
0,0,0
0,0,0
0,0,0
0,0,0
0,0,0
0,0,0
0,0,0
0,0,0
0,0,0
0,0,0
0,0,0
0,0,0
0,0,0
0,0,0
0,0,0
0,0,0
0,0,0
0,0,0
0,0,0
0,0,0
0,0,0
0,0,0
0,0,0
0,0,0
0,0,0
0,0,0
0,0,0
0,0,0
0,0,0
0,0,0
0,0,0
0,0,0
0,0,0
0,0,0
0,0,0
0,0,0
0,0,0
0,0,0
0,0,0
0,0,0
0,0,0
0,0,0
0,0,0
0,0,0
0,0,0
0,0,0
0,0,0
0,0,0
0,0,0
0,0,0
0,0,0
0,0,0
0,0,0
0,0,0
0,0,0
0,0,0
0,0,0
0,0,0
0,0,0
0,0,0
0,0,0
0,0,0
0,0,0
0,0,0
0,0,0
0,0,0
0,0,0
0,0,0
0,0,0
0,0,0
0,0,0
0,0,0
0,0,0
0,0,0
0,0,0
0,0,0
0,0,0
0,0,0
0,0,0
0,0,0
0,0,0
0,0,0
0,0,0
0,0,0
0,0,0
0,0,0
0,0,0
0,0,0
0,0,0
0,0,0
0,0,0
0,0,0
0,0,0
0,0,0
0,0,0
0,0,0
0,0,0
0,0,0
0,0,0
0,0,0
0,0,0
0,0,0
0,0,0
0,0,0
0,0,0
0,0,0
0,0,0
0,0,0
0,0,0
0,0,0
0,0,0
0,0,0
0,0,0
0,0,0
0,0,0
0,0,0
0,0,0
0,0,0
0,0,0
0,0,0
0,0,0
0,0,0
0,0,0
0,0,0
0,0,0
0,0,0
0,0,0
0,0,0
0,0,0
0,0,0
0,0,0
0,0,0
0,0,0
0,0,0
0,0,0
0,0,0
0,0,0
0,0,0
0,0,0
0,0,0
0,0,0
0,0,0
0,0,0
0.775559,2.38485,-0.939431
0.789885,2.37917,-0.939067
0.806856,2.38133,-0.941983
0.822363,2.37898,-0.943077
0.836636,2.37301,-0.942712
0.850866,2.36695,-0.942348
0.863773,2.35731,-0.940525
0.879197,2.35459,-0.941619
0.893628,2.34915,-0.941619
0.907018,2.34102,-0.940525
0.922047,2.33714,-0.941254
0.936024,2.33057,-0.940889
0.949602,2.32306,-0.94016
0.959909,2.30773,-0.93615
0.973689,2.30094,-0.935786
0.98595,2.29065,-0.933963
0.994764,2.27261,-0.928859
1.00718,2.26306,-0.927401
1.01874,2.25174,-0.925214
1.03215,2.2446,-0.924849
1.05181,2.25089,-0.930317
1.06401,2.24102,-0.928859
1.07814,2.23529,-0.929224
1.09961,2.24453,-0.93615
1.11088,2.23273,-0.933963
1.12288,2.22255,-0.932505
1.13437,2.21148,-0.930682
1.14534,2.19952,-0.928495
1.15664,2.18833,-0.926672
1.16125,2.16478,-0.919381
1.17585,2.16006,-0.920475
1.18413,2.14384,-0.916464
1.1959,2.1341,-0.915371
1.21173,2.13158,-0.917558
1.22572,2.12572,-0.918287
1.2378,2.11655,-0.917558
1.25741,2.12013,-0.922662
1.27087,2.11317,-0.923026
1.28672,2.1101,-0.925214
1.30258,2.10692,-0.927401
1.31351,2.09573,-0.925943
1.31985,2.07741,-0.921204
1.33459,2.07241,-0.922662
1.34728,2.06418,-0.922662
1.35941,2.0551,-0.922297
1.37096,2.04517,-0.921568
1.38557,2.0398,-0.923026
1.39806,2.03126,-0.923026
1.41688,2.03182,-0.927401
1.42449,2.01624,-0.92412
1.43684,2.00746,-0.92412
1.44913,1.9986,-0.92412
1.46191,1.99043,-0.924485
1.47854,1.9874,-0.927401
1.49407,1.98275,-0.929588
1.50113,1.96688,-0.926307
1.51374,1.95837,-0.926672
1.52171,1.94391,-0.92412
1.52956,1.92943,-0.921568
1.54195,1.92073,-0.921933
1.54549,1.90112,-0.916829
1.55594,1.89016,-0.9161
1.57049,1.88415,-0.917923
1.57722,1.86879,-0.915006
1.58624,1.85624,-0.913548
1.59395,1.84225,-0.911361
1.60277,1.82963,-0.909903
1.62076,1.82743,-0.913913
1.63007,1.81537,-0.912819
1.63805,1.80189,-0.910996
1.65286,1.79591,-0.913184
1.66511,1.7871,-0.913913
1.67477,1.77549,-0.913184
1.68114,1.76047,-0.910632
1.69061,1.74878,-0.909903
1.69806,1.73505,-0.90808
1.71981,1.73584,-0.914277
1.73306,1.72789,-0.915735
1.73501,1.70873,-0.910996
1.74279,1.69545,-0.909538
1.75383,1.68537,-0.909903
1.76684,1.67714,-0.911361
1.77642,1.66563,-0.910996
1.78388,1.65217,-0.909538
1.79673,1.64371,-0.910996
1.80471,1.63078,-0.909903
1.82371,1.62774,-0.914642
1.83366,1.61652,-0.914642
1.84214,1.60401,-0.913913
1.85618,1.59632,-0.9161
1.86878,1.58732,-0.917558
1.8792,1.57642,-0.917923
1.88023,1.55773,-0.913548
1.88976,1.54616,-0.913548
1.89486,1.53102,-0.911361
1.90568,1.52053,-0.91209
1.90839,1.50362,-0.908809
1.9117,1.4873,-0.905892
1.92227,1.47668,-0.906622
1.92388,1.45923,-0.902976
1.92907,1.4446,-0.901153
1.93565,1.43108,-0.90006
1.94214,1.41752,-0.898966
1.94703,1.40286,-0.897143
1.96015,1.39412,-0.899331
1.96638,1.38046,-0.898237
1.98093,1.37262,-0.901153
1.9947,1.36412,-0.903705
2.00303,1.35186,-0.903705
2.02213,1.34677,-0.908809
2.03814,1.33946,-0.912454
2.04085,1.32338,-0.909903
0,0,0
0,0,0
0,0,0
0,0,0
1.09792,0.664377,-0.460046
1.10038,0.656672,-0.459317
1.09717,0.645651,-0.456036
0,0,0
1.0937,0.625654,-0.450932
1.08535,0.61206,-0.445464
0,0,0
0,0,0
0,0,0
1.09841,0.584363,-0.444734
1.11186,0.582809,-0.449109
1.12782,0.582396,-0.454577
1.13967,0.579694,-0.458223
1.13572,0.56893,-0.454942
0,0,0
1.12922,0.548429,-0.449109
1.13004,0.540282,-0.448015
0,0,0
0,0,0
0,0,0
0,0,0
0,0,0
0,0,0
1.27464,0.5436,-0.500146
0,0,0
0,0,0
1.26286,0.511292,-0.491033
0,0,0
0,0,0
2.23766,0.859298,-0.89605
2.23244,0.841605,-0.891675
2.24018,0.828861,-0.892769
2.2496,0.816691,-0.894591
2.25369,0.80256,-0.894227
2.2656,0.791176,-0.897143
2.27746,0.779675,-0.90006
2.27867,0.7645,-0.898601
2.28951,0.752542,-0.901153
2.2994,0.740194,-0.903341
2.30124,0.725231,-0.902247
0,0,0
0,0,0
1.06043,0.312206,-0.390416
0,0,0
0,0,0
2.33355,0.642017,-0.905163
2.33925,0.62817,-0.905892
2.32865,0.610022,-0.90006
2.33054,0.595261,-0.899331
2.33325,0.580724,-0.898966
2.33134,0.565078,-0.896779
2.33204,0.55012,-0.895685
2.33991,0.536844,-0.897508
2.33771,0.521258,-0.89532
2.34632,0.508089,-0.897508
2.35031,0.493875,-0.897872
2.35329,0.479444,-0.897872
1.09742,0.215952,-0.39552
1.05848,0.201509,-0.37948
1.02399,0.1884,-0.365262
0.960962,0.170641,-0.339744
0.920698,0.15762,-0.323339
0.895927,0.147695,-0.313131
0.886702,0.140578,-0.309121
0.870981,0.13259,-0.302559
0.85151,0.124258,-0.294539
0.852257,0.119031,-0.294539
0.839128,0.111934,-0.289071
0.825946,0.105003,-0.283603
0.817331,0.0988024,-0.279957
0.818847,0.0938928,-0.280322
0.813854,0.0882566,-0.278134
0.808823,0.0826852,-0.275947
0.81673,0.0784433,-0.278863
0.818123,0.0735151,-0.279228
0.824126,0.0689675,-0.281415
0.833816,0.0646419,-0.285061
0.830482,0.0592543,-0.283603
0.831759,0.0542193,-0.283967
0.833935,0.049227,-0.284696
0.839801,0.0444118,-0.286884
0.839127,0.0392133,-0.286519
0.837491,0.0339857,-0.28579
0.839545,0.028913,-0.286519
0.835984,0.0236506,-0.285061
0.839837,0.0186083,-0.286519
0.841797,0.0134871,-0.287248
0.835346,0.00824842,-0.284696
0.83445,0.00311792,-0.284332
0.830729,-0.00199841,-0.282874
0.826045,-0.00706229,-0.281051
0.828779,-0.0121678,-0.282144
0.828689,-0.0172529,-0.282144
0.825775,-0.0222659,-0.281051
0.820969,-0.0271847,-0.279228
0.823579,-0.0323273,-0.280322
0.820574,-0.0372572,-0.279228
0.81103,-0.041825,-0.275582
0.813547,-0.0469577,-0.276676
0.808597,-0.0516584,-0.274853
0.807335,-0.0565551,-0.274489
0.813473,-0.0619939,-0.277041
0.815862,-0.0672096,-0.278134
0.819145,-0.0725377,-0.279593
0.827029,-0.0783413,-0.282874
0.824679,-0.08323,-0.282144
0.824153,-0.0882886,-0.282144
0.827298,-0.0937582,-0.283603
0.826707,-0.0988326,-0.283603
0.880604,-0.110684,-0.305111
0.940849,-0.124045,-0.329172
0.96498,-0.133225,-0.339014
0.980737,-0.141518,-0.345576
0.993664,-0.149597,-0.351045
0.999168,-0.156694,-0.353597
1.03036,-0.168032,-0.366356
1.07522,-0.182076,-0.384583
1.06858,-0.187709,-0.382396
1.06283,-0.193434,-0.380573
0,0,0
0,0,0
2.33561,-0.468241,-0.890217
2.33634,-0.483316,-0.891675
2.33242,-0.497448,-0.89131
2.33296,-0.512548,-0.892769
2.32341,-0.525418,-0.890217
2.32468,-0.540717,-0.892039
2.31407,-0.553242,-0.889123
2.30702,-0.566544,-0.887665
2.29266,-0.577963,-0.88329
2.28006,-0.589692,-0.879645
2.26829,-0.601527,-0.876364
2.26456,-0.615434,-0.876364
2.25805,-0.62857,-0.87527
0,0,0
0,0,0
0,0,0
0,0,0
0,0,0
2.2254,-0.708717,-0.871989
2.24669,-0.730698,-0.882561
2.25012,-0.747107,-0.885842
2.24373,-0.760302,-0.885113
2.23902,-0.774055,-0.885113
2.24916,-0.793036,-0.89131
0,0,0
0,0,0
1.28577,-0.48066,-0.495043
0,0,0
1.26154,-0.489346,-0.487387
0,0,0
0,0,0
0,0,0
1.16574,-0.485507,-0.452026
0,0,0
1.12633,-0.485434,-0.437808
0,0,0
0,0,0
1.12823,-0.511068,-0.442547
0,0,0
1.08137,-0.505971,-0.425049
1.08751,-0.516986,-0.429059
1.08012,-0.521628,-0.427236
1.07941,-0.529474,-0.42833
1.08364,-0.539816,-0.431611
1.07033,-0.541421,-0.427236
1.08439,-0.556895,-0.434892
0,0,0
1.08983,-0.576682,-0.44036
1.08627,-0.583358,-0.44036
1.09003,-0.594016,-0.443641
1.08718,-0.601143,-0.444005
0,0,0
0,0,0
1.07916,-0.622912,-0.445464
1.08497,-0.635158,-0.449838
0,0,0
1.05634,-0.635956,-0.44036
1.04844,-0.640004,-0.438537
0,0,0
2.04443,-1.28139,-0.902247
2.03575,-1.29341,-0.901882
2.02621,-1.30487,-0.901153
2.01192,-1.3132,-0.898237
2.00072,-1.32347,-0.896779
1.98637,-1.33158,-0.893862
1.9666,-1.3359,-0.888394
1.96528,-1.35269,-0.891675
1.95617,-1.36419,-0.89131
1.93712,-1.36865,-0.886207
1.93777,-1.38701,-0.890581
1.92244,-1.39396,-0.8873
1.9131,-1.40517,-0.886936
1.90892,-1.42022,-0.889123
1.89125,-1.42518,-0.884748
1.88247,-1.43676,-0.884748
1.8714,-1.44658,-0.883655
1.85442,-1.45172,-0.879645
1.84548,-1.46308,-0.879645
1.83792,-1.47554,-0.880374
1.82811,-1.4862,-0.880009
1.81968,-1.49798,-0.880374
1.81045,-1.50912,-0.880374
1.80472,-1.5232,-0.882197
1.79321,-1.53243,-0.881103
1.77884,-1.53914,-0.878551
1.76586,-1.54696,-0.876728
1.75773,-1.559,-0.877457
1.74536,-1.56727,-0.875999
1.73295,-1.57545,-0.874541
1.7164,-1.57975,-0.870896
1.69986,-1.5839,-0.86725
1.69485,-1.59877,-0.869802
1.68703,-1.61107,-0.870896
1.67376,-1.61816,-0.869073
1.67046,-1.63491,-0.872718
1.6604,-1.64513,-0.872718
1.65554,-1.66056,-0.875635
1.65054,-1.67599,-0.878551
1.63438,-1.68008,-0.87527
1.62921,-1.69545,-0.878187
1.61813,-1.70474,-0.877822
1.60509,-1.71192,-0.876364
1.59836,-1.72583,-0.878551
1.56384,-1.70951,-0.864698
1.57269,-1.74048,-0.875999
1.56508,-1.75357,-0.877822
1.54443,-1.75197,-0.871989
1.53488,-1.76282,-0.872718
1.51735,-1.76444,-0.868708
1.50891,-1.77655,-0.870166
1.50097,-1.78934,-0.871989
1.49234,-1.80139,-0.873447
1.48952,-1.8206,-0.878551
1.47949,-1.83115,-0.87928
1.46823,-1.84019,-0.87928
1.46671,-1.8616,-0.885478
1.45126,-1.86542,-0.882926
1.44773,-1.88462,-0.888029
1.43107,-1.88679,-0.884748
1.42059,-1.89703,-0.885478
1.41778,-1.91769,-0.89131
1.41258,-1.93537,-0.895685
1.40558,-1.9508,-0.898966
1.3925,-1.95787,-0.898237
1.37404,-1.95724,-0.893862
1.36307,-1.96716,-0.894591
1.34781,-1.97088,-0.892404
1.33153,-1.97294,-0.889488
1.31423,-1.97332,-0.885842
1.30414,-1.98446,-0.8873
1.29701,-2.00024,-0.890946
1.28371,-2.00659,-0.890217
1.27038,-2.01285,-0.889488
1.25505,-2.01587,-0.8873
1.24071,-2.02036,-0.885842
1.23263,-2.0351,-0.889123
1.21486,-2.03383,-0.885113
1.20236,-2.04125,-0.885113
1.19169,-2.05181,-0.886571
1.18232,-2.06474,-0.889123
1.17054,-2.07357,-0.889852
1.15598,-2.07746,-0.888394
1.13963,-2.07799,-0.885478
1.12597,-2.0833,-0.884748
1.10703,-2.07867,-0.879645
1.09383,-2.0846,-0.87928
1.07973,-2.08879,-0.878187
1.06562,-2.09289,-0.877093
1.05819,-2.1102,-0.881832
1.05059,-2.12751,-0.886571
1.03752,-2.13392,-0.886571
1.03245,-2.15704,-0.893862
1.01602,-2.15659,-0.890946
1.00473,-2.16701,-0.892769
0.992187,-2.17483,-0.893498
0.972335,-2.16644,-0.8873
0.956765,-2.16725,-0.885113
0.94382,-2.17393,-0.885478
0.926803,-2.17112,-0.881832
0.917793,-2.18707,-0.886207
0.900091,-2.18233,-0.881832
0.886333,-2.18695,-0.881468
0.873242,-2.19321,-0.881832
0.854675,-2.18552,-0.876364
0.838241,-2.1829,-0.873083
0.823844,-2.18539,-0.871989
0.807507,-2.18255,-0.868708
0.800464,-2.20497,-0.875999
0.791611,-2.22299,-0.881468
0,0,0
0,0,0
0,0,0
0,0,0
0,0,0
0,0,0
0,0,0
0,0,0
0,0,0
0,0,0
0,0,0
0,0,0
0,0,0
0,0,0
0,0,0
0,0,0
0,0,0
0,0,0
0,0,0
0,0,0
0,0,0
0,0,0
0,0,0
0,0,0
0,0,0
0,0,0
0,0,0
0,0,0
0,0,0
0,0,0
0,0,0
0,0,0
0,0,0
0,0,0
0,0,0
0,0,0
0,0,0
0,0,0
0,0,0
0,0,0
0,0,0
0,0,0
0,0,0
0,0,0
0,0,0
0,0,0
0,0,0
0,0,0
0,0,0
0,0,0
0,0,0
0,0,0
0,0,0
0,0,0
0,0,0
0,0,0
0,0,0
0,0,0
0,0,0
0,0,0
0,0,0
0,0,0
0,0,0
0,0,0
0,0,0
0,0,0
0,0,0
0,0,0
0,0,0
0,0,0
0,0,0
0,0,0
0,0,0
0,0,0
0,0,0
0,0,0
0,0,0
0,0,0
0,0,0
0,0,0
0,0,0
0,0,0
0,0,0
0,0,0
0,0,0
0,0,0
0,0,0
0,0,0
0,0,0
0,0,0
0,0,0
0,0,0
0,0,0
0,0,0
0,0,0
0,0,0
0,0,0
0,0,0
0,0,0
0,0,0
0,0,0
0,0,0
0,0,0
0,0,0
0,0,0
0,0,0
0,0,0
0,0,0
0,0,0
0,0,0
0,0,0
0,0,0
0,0,0
0,0,0
0,0,0
0,0,0
0,0,0
0,0,0
0,0,0
0,0,0
0,0,0
0,0,0
0,0,0
0,0,0
0,0,0
0,0,0
0,0,0
0,0,0
0,0,0
0,0,0
0,0,0
0,0,0
0,0,0
0,0,0
0,0,0
0,0,0
0,0,0
0,0,0
0,0,0
0,0,0
0,0,0
0,0,0
0,0,0
0,0,0
0,0,0
0,0,0
0,0,0
0,0,0
0,0,0
0,0,0
0,0,0
0,0,0
0,0,0
0,0,0
0,0,0
0,0,0
0,0,0
0,0,0
0,0,0
0,0,0
0,0,0
0,0,0
0,0,0
0,0,0
0,0,0
0,0,0
0,0,0
0,0,0
0,0,0
0,0,0
0,0,0
0,0,0
0,0,0
0,0,0
0,0,0
0,0,0
0,0,0
0,0,0
0,0,0
0,0,0
0,0,0
0,0,0
0,0,0
0,0,0
0,0,0
0,0,0
0,0,0
0,0,0
0,0,0
0,0,0
0,0,0
0,0,0
0,0,0
0,0,0
0,0,0
0,0,0
0,0,0
0,0,0
0,0,0
0,0,0
0,0,0
0,0,0
0,0,0
0,0,0
0,0,0
0,0,0
0,0,0
0,0,0
0,0,0
0,0,0
0,0,0
0,0,0
0,0,0
0,0,0
0,0,0
0,0,0
0,0,0
0,0,0
0,0,0
0,0,0
0,0,0
0,0,0
0,0,0
0,0,0
0,0,0
0,0,0
0,0,0
0,0,0
0,0,0
0,0,0
0,0,0
0,0,0
0,0,0
0,0,0
0,0,0
0,0,0
0,0,0
0,0,0
0,0,0
0,0,0
0,0,0
0,0,0
0,0,0
0,0,0
0,0,0
0,0,0
0,0,0
0,0,0
0,0,0
0,0,0
0,0,0
0,0,0
0,0,0
0,0,0
0,0,0
0,0,0
0,0,0
0,0,0
0,0,0
0,0,0
0,0,0
0,0,0
0,0,0
0,0,0
0,0,0
0,0,0
0,0,0
0,0,0
0,0,0
0,0,0
0,0,0
0,0,0
0,0,0
0,0,0
0,0,0
0,0,0
0,0,0
0,0,0
0,0,0
0,0,0
0,0,0
0,0,0
0,0,0
0,0,0
0,0,0
0,0,0
0,0,0
0,0,0
0,0,0
0,0,0
0,0,0
0,0,0
0,0,0
0,0,0
0,0,0
0,0,0
0,0,0
0,0,0
0,0,0
