x,y,z
0,0,0
0,0,0
0,0,0
0,0,0
0,0,0
0,0,0
0,0,0
0,0,0
0,0,0
0,0,0
0,0,0
0,0,0
0,0,0
0,0,0
0,0,0
0,0,0
0,0,0
0,0,0
0,0,0
0,0,0
0,0,0
0,0,0
0,0,0
0,0,0
0,0,0
0,0,0
0,0,0
0,0,0
0,0,0
0,0,0
0,0,0
0,0,0
0,0,0
0,0,0
0,0,0
0,0,0
0,0,0
0,0,0
0,0,0
0,0,0
0,0,0
0,0,0
0,0,0
0,0,0
0,0,0
0,0,0
0,0,0
0,0,0
0,0,0
0,0,0
0,0,0
0,0,0
0,0,0
0,0,0
0,0,0
0,0,0
0,0,0
0,0,0
0,0,0
0,0,0
0,0,0
0,0,0
0,0,0
0,0,0
0,0,0
0,0,0
0,0,0
0,0,0
0,0,0
0,0,0
0,0,0
0,0,0
0,0,0
0,0,0
0,0,0
0,0,0
0,0,0
0,0,0
0,0,0
0,0,0
0,0,0
0,0,0
0,0,0
0,0,0
0,0,0
0,0,0
0,0,0
0,0,0
0,0,0
0,0,0
0,0,0
0,0,0
0,0,0
0,0,0
0,0,0
0,0,0
0,0,0
0,0,0
0,0,0
0,0,0
0,0,0
0,0,0
0,0,0
0,0,0
0,0,0
0,0,0
0,0,0
0,0,0
0,0,0
0,0,0
0,0,0
0,0,0
0,0,0
0,0,0
0,0,0
0,0,0
0,0,0
0,0,0
0,0,0
0,0,0
0,0,0
0,0,0
0,0,0
0,0,0
0,0,0
0,0,0
0,0,0
0,0,0
0,0,0
0,0,0
0,0,0
0,0,0
0,0,0
0,0,0
0,0,0
0,0,0
0,0,0
0,0,0
0,0,0
0,0,0
0,0,0
0,0,0
0,0,0
0,0,0
0,0,0
0,0,0
0,0,0
0,0,0
0,0,0
0,0,0
0,0,0
0,0,0
0,0,0
0,0,0
0,0,0
0,0,0
0,0,0
0,0,0
0,0,0
0,0,0
0,0,0
0,0,0
0,0,0
0,0,0
0,0,0
0,0,0
0,0,0
0,0,0
0,0,0
0,0,0
0,0,0
0,0,0
0,0,0
0,0,0
0,0,0
0,0,0
0,0,0
0,0,0
0,0,0
0,0,0
0,0,0
0,0,0
0,0,0
0,0,0
0,0,0
0,0,0
0,0,0
0,0,0
0,0,0
0,0,0
0,0,0
0,0,0
0,0,0
0,0,0
0,0,0
0,0,0
0,0,0
0,0,0
0,0,0
0,0,0
0,0,0
0,0,0
0,0,0
0,0,0
0,0,0
0,0,0
0,0,0
0,0,0
0,0,0
0,0,0
0,0,0
0,0,0
0,0,0
0,0,0
0,0,0
0,0,0
0,0,0
0,0,0
0,0,0
0,0,0
0,0,0
0,0,0
0,0,0
0,0,0
0,0,0
0,0,0
0,0,0
0,0,0
0,0,0
0,0,0
0,0,0
0,0,0
0,0,0
0,0,0
0,0,0
0,0,0
0,0,0
0,0,0
0,0,0
0,0,0
0,0,0
0,0,0
0,0,0
0,0,0
0,0,0
0,0,0
0,0,0
0,0,0
0,0,0
0,0,0
0,0,0
0,0,0
0,0,0
0,0,0
0,0,0
0,0,0
0,0,0
0,0,0
0,0,0
0,0,0
0,0,0
0,0,0
0,0,0
0,0,0
0,0,0
0,0,0
0,0,0
0,0,0
0,0,0
0,0,0
0,0,0
0,0,0
0,0,0
0,0,0
0,0,0
0,0,0
0,0,0
0,0,0
0,0,0
0,0,0
0,0,0
0,0,0
0,0,0
0,0,0
0,0,0
0,0,0
0,0,0
0,0,0
0,0,0
0,0,0
0,0,0
0,0,0
0,0,0
0,0,0
0,0,0
0,0,0
0,0,0
0,0,0
0,0,0
0,0,0
0,0,0
0,0,0
0,0,0
0,0,0
0,0,0
0,0,0
0,0,0
0,0,0
0,0,0
0,0,0
0,0,0
0,0,0
0,0,0
0,0,0
0,0,0
0,0,0
0,0,0
0,0,0
0,0,0
0,0,0
0,0,0
0,0,0
0,0,0
0,0,0
0,0,0
0,0,0
0,0,0
0,0,0
0,0,0
0,0,0
0,0,0
0,0,0
0,0,0
0,0,0
0,0,0
0,0,0
0,0,0
0,0,0
0,0,0
0,0,0
0,0,0
0,0,0
0,0,0
0,0,0
0,0,0
0,0,0
0,0,0
0,0,0
0,0,0
0,0,0
0,0,0
0,0,0
0,0,0
0,0,0
0,0,0
0,0,0
0,0,0
0,0,0
0,0,0
0,0,0
0,0,0
0,0,0
0,0,0
0,0,0
0,0,0
0,0,0
0,0,0
0,0,0
0,0,0
0,0,0
0,0,0
0,0,0
0,0,0
0,0,0
0,0,0
0,0,0
0,0,0
0,0,0
0,0,0
0,0,0
0,0,0
0,0,0
0,0,0
0,0,0
0,0,0
0,0,0
0,0,0
0,0,0
0,0,0
0,0,0
0,0,0
0,0,0
0,0,0
0,0,0
0,0,0
0,0,0
0,0,0
0,0,0
0,0,0
0,0,0
0,0,0
0,0,0
0,0,0
0,0,0
0,0,0
0,0,0
0,0,0
0,0,0
0,0,0
0,0,0
0,0,0
0,0,0
0,0,0
0,0,0
0,0,0
0,0,0
0,0,0
0,0,0
0,0,0
0,0,0
0,0,0
0,0,0
0,0,0
0,0,0
0,0,0
0,0,0
0,0,0
0,0,0
0,0,0
0,0,0
0,0,0
0,0,0
0,0,0
0,0,0
0,0,0
0,0,0
0,0,0
0,0,0
0,0,0
0,0,0
0,0,0
0,0,0
0,0,0
0,0,0
0,0,0
0,0,0
0,0,0
0,0,0
0,0,0
0,0,0
0,0,0
0,0,0
0,0,0
0,0,0
0,0,0
0,0,0
0,0,0
0,0,0
0,0,0
0,0,0
0,0,0
0,0,0
0,0,0
0,0,0
0,0,0
0,0,0
0,0,0
0,0,0
0,0,0
0,0,0
0,0,0
0,0,0
0,0,0
0,0,0
0,0,0
0,0,0
0,0,0
0,0,0
0,0,0
0,0,0
0,0,0
0,0,0
0,0,0
0,0,0
0,0,0
0,0,0
0,0,0
0,0,0
0,0,0
0,0,0
0,0,0
0,0,0
0,0,0
0,0,0
0,0,0
0,0,0
0,0,0
0,0,0
0,0,0
0,0,0
0,0,0
0,0,0
0,0,0
0,0,0
0,0,0
0,0,0
0,0,0
0,0,0
0,0,0
0,0,0
0,0,0
0,0,0
0,0,0
0,0,0
0,0,0
0,0,0
0,0,0
0,0,0
0,0,0
0,0,0
0,0,0
0,0,0
0,0,0
0,0,0
0,0,0
0,0,0
0,0,0
0,0,0
0,0,0
0,0,0
0,0,0
0,0,0
0,0,0
0,0,0
0,0,0
0,0,0
0,0,0
0,0,0
0,0,0
0,0,0
0,0,0
0,0,0
0,0,0
0,0,0
0,0,0
0,0,0
0,0,0
0,0,0
0,0,0
0,0,0
0,0,0
0,0,0
0,0,0
0,0,0
0,0,0
0,0,0
0,0,0
0,0,0
0,0,0
0,0,0
0,0,0
0,0,0
0,0,0
0,0,0
0,0,0
0,0,0
0,0,0
0,0,0
0,0,0
0,0,0
0,0,0
0,0,0
0,0,0
0,0,0
0,0,0
0,0,0
0,0,0
0,0,0
0,0,0
0,0,0
0,0,0
0,0,0
0,0,0
0,0,0
0,0,0
0,0,0
0,0,0
0,0,0
0,0,0
0,0,0
0,0,0
0,0,0
0,0,0
0,0,0
0,0,0
0,0,0
0,0,0
0,0,0
0,0,0
0,0,0
0,0,0
0,0,0
0,0,0
0,0,0
0,0,0
0,0,0
0,0,0
0,0,0
0,0,0
0,0,0
0,0,0
0,0,0
0,0,0
0,0,0
0,0,0
0,0,0
0,0,0
0,0,0
0,0,0
0,0,0
0,0,0
0,0,0
0,0,0
0,0,0
0,0,0
0,0,0
0,0,0
0,0,0
0,0,0
0,0,0
0,0,0
0,0,0
0,0,0
0,0,0
0,0,0
0,0,0
0,0,0
0,0,0
0,0,0
0,0,0
0,0,0
0,0,0
0,0,0
0,0,0
0,0,0
0,0,0
0,0,0
0,0,0
0,0,0
0,0,0
0,0,0
0,0,0
0,0,0
0,0,0
0,0,0
0,0,0
0,0,0
0,0,0
0,0,0
0,0,0
0,0,0
0,0,0
0,0,0
0,0,0
0,0,0
0,0,0
0,0,0
0,0,0
0,0,0
0,0,0
0,0,0
0,0,0
0,0,0
0,0,0
0,0,0
0,0,0
0,0,0
9.08501,-15.3354,6.84021
8.98933,-15.3884,6.83914
8.8938,-15.4417,6.83843
8.80442,-15.5057,6.84271
8.79854,-15.7192,6.91266
0,0,0
0,0,0
0,0,0
0,0,0
0,0,0
0,0,0
0,0,0
0,0,0
0,0,0
0,0,0
0,0,0
0,0,0
0,0,0
0,0,0
0,0,0
0,0,0
0,0,0
0,0,0
0,0,0
0,0,0
0,0,0
0,0,0
0,0,0
0,0,0
0,0,0
0,0,0
0,0,0
0,0,0
0,0,0
0,0,0
0,0,0
0,0,0
0,0,0
0,0,0
0,0,0
0,0,0
0,0,0
0,0,0
0,0,0
0,0,0
0,0,0
0,0,0
0,0,0
0,0,0
0,0,0
0,0,0
0,0,0
0,0,0
0,0,0
0,0,0
0,0,0
0,0,0
0,0,0
0,0,0
0,0,0
0,0,0
0,0,0
0,0,0
0,0,0
0,0,0
0,0,0
0,0,0
0,0,0
0,0,0
0,0,0
0,0,0
0,0,0
0,0,0
0,0,0
0,0,0
0,0,0
0,0,0
0,0,0
0,0,0
0,0,0
0,0,0
0,0,0
0,0,0
0,0,0
0,0,0
0,0,0
0,0,0
0,0,0
0,0,0
0,0,0
0,0,0
0,0,0
0,0,0
0,0,0
0,0,0
0,0,0
0,0,0
0,0,0
0,0,0
0,0,0
0,0,0
0,0,0
0,0,0
0,0,0
0,0,0
0,0,0
0,0,0
0,0,0
0,0,0
0,0,0
0,0,0
0,0,0
0,0,0
0,0,0
0,0,0
0,0,0
0,0,0
0,0,0
0,0,0
0,0,0
0,0,0
0,0,0
0,0,0
0,0,0
0,0,0
0,0,0
0,0,0
0,0,0
0,0,0
0,0,0
0,0,0
0,0,0
0,0,0
0,0,0
0,0,0
0,0,0
0,0,0
0,0,0
0,0,0
0,0,0
0,0,0
0,0,0
0,0,0
0,0,0
0,0,0
0,0,0
0,0,0
0,0,0
0,0,0
0,0,0
0,0,0
0,0,0
0,0,0
0,0,0
0,0,0
0,0,0
0,0,0
0,0,0
0,0,0
0,0,0
0,0,0
0,0,0
0,0,0
0,0,0
0,0,0
0,0,0
0,0,0
0,0,0
0,0,0
0,0,0
0,0,0
0,0,0
0,0,0
0,0,0
0,0,0
0,0,0
0,0,0
0,0,0
0,0,0
0,0,0
0,0,0
0,0,0
0,0,0
0,0,0
0,0,0
0,0,0
0,0,0
0,0,0
0,0,0
0,0,0
0,0,0
0,0,0
0,0,0
0,0,0
0,0,0
0,0,0
0,0,0
0,0,0
0,0,0
0,0,0
0,0,0
0,0,0
0,0,0
0,0,0
0,0,0
0,0,0
0,0,0
0,0,0
0,0,0
0,0,0
0,0,0
0,0,0
0,0,0
0,0,0
0,0,0
0,0,0
0,0,0
0,0,0
0,0,0
0,0,0
0,0,0
0,0,0
0,0,0
0,0,0
0,0,0
0,0,0
0,0,0
0,0,0
0,0,0
0,0,0
0,0,0
0,0,0
0,0,0
0,0,0
0,0,0
0,0,0
0,0,0
0,0,0
0,0,0
0,0,0
0,0,0
0,0,0
0,0,0
0,0,0
0,0,0
0,0,0
0,0,0
0,0,0
0,0,0
0,0,0
0,0,0
0,0,0
0,0,0
0,0,0
0,0,0
0,0,0
0,0,0
0,0,0
0,0,0
0,0,0
0,0,0
0,0,0
0,0,0
0,0,0
0,0,0
0,0,0
0,0,0
0,0,0
0,0,0
0,0,0
0,0,0
0,0,0
0,0,0
0,0,0
0,0,0
0,0,0
0,0,0
0,0,0
0,0,0
0,0,0
0,0,0
0,0,0
0,0,0
0,0,0
0,0,0
0,0,0
0,0,0
0,0,0
0,0,0
0,0,0
0,0,0
0,0,0
0,0,0
0,0,0
0,0,0
0,0,0
0,0,0
0,0,0
0,0,0
0,0,0
0,0,0
0,0,0
0,0,0
0,0,0
0,0,0
0,0,0
0,0,0
0,0,0
0,0,0
0,0,0
0,0,0
0,0,0
0,0,0
0,0,0
0,0,0
0,0,0
0,0,0
0,0,0
0,0,0
0,0,0
0,0,0
0,0,0
0,0,0
0,0,0
0,0,0
0,0,0
0,0,0
0,0,0
0,0,0
0,0,0
0,0,0
0,0,0
0,0,0
0,0,0
0,0,0
0,0,0
0,0,0
0,0,0
0,0,0
0,0,0
0,0,0
0,0,0
0,0,0
0,0,0
0,0,0
0,0,0
0,0,0
0,0,0
0,0,0
0,0,0
0,0,0
0,0,0
0,0,0
0,0,0
0,0,0
0,0,0
0,0,0
0,0,0
0,0,0
0,0,0
0,0,0
0,0,0
0,0,0
0,0,0
0,0,0
0,0,0
0,0,0
0,0,0
0,0,0
0,0,0
0,0,0
0,0,0
0,0,0
0,0,0
0,0,0
0,0,0
0,0,0
0,0,0
0,0,0
0,0,0
0,0,0
0,0,0
0,0,0
0,0,0
0,0,0
0,0,0
0,0,0
0,0,0
0,0,0
0,0,0
0,0,0
0,0,0
0,0,0
0,0,0
0,0,0
0,0,0
0,0,0
0,0,0
0,0,0
0,0,0
0,0,0
0,0,0
0,0,0
0,0,0
0,0,0
0,0,0
0,0,0
0,0,0
0,0,0
0,0,0
0,0,0
0,0,0
0,0,0
0,0,0
0,0,0
0,0,0
0,0,0
0,0,0
0,0,0
0,0,0
0,0,0
0,0,0
0,0,0
0,0,0
0,0,0
0,0,0
0,0,0
0,0,0
0,0,0
0,0,0
0,0,0
0,0,0
0,0,0
0,0,0
0,0,0
0,0,0
0,0,0
0,0,0
0,0,0
0,0,0
0,0,0
0,0,0
0,0,0
0,0,0
0,0,0
0,0,0
0,0,0
0,0,0
0,0,0
0,0,0
0,0,0
0,0,0
0,0,0
0,0,0
0,0,0
0,0,0
0,0,0
0,0,0
0,0,0
0,0,0
0,0,0
0,0,0
0,0,0
0,0,0
0,0,0
0,0,0
0,0,0
0,0,0
0,0,0
0,0,0
0,0,0
0,0,0
0,0,0
0,0,0
0,0,0
0,0,0
0,0,0
0,0,0
0,0,0
0,0,0
0,0,0
0,0,0
0,0,0
0,0,0
0,0,0
0,0,0
0,0,0
0,0,0
0,0,0
0,0,0
0,0,0
0,0,0
0,0,0
0,0,0
0,0,0
0,0,0
0,0,0
0,0,0
0,0,0
0,0,0
0,0,0
0,0,0
0,0,0
0,0,0
0,0,0
0,0,0
0,0,0
0,0,0
0,0,0
0,0,0
0,0,0
0,0,0
0,0,0
0,0,0
0,0,0
0,0,0
0,0,0
0,0,0
0,0,0
0,0,0
0,0,0
0,0,0
0,0,0
0,0,0
0,0,0
0,0,0
0,0,0
0,0,0
0,0,0
0,0,0
0,0,0
0,0,0
0,0,0
0,0,0
0,0,0
0,0,0
0,0,0
0,0,0
0,0,0
0,0,0
0,0,0
0,0,0
0,0,0
0,0,0
0,0,0
0,0,0
0,0,0
0,0,0
0,0,0
0,0,0
0,0,0
0,0,0
0,0,0
0,0,0
0,0,0
0,0,0
0,0,0
0,0,0
0,0,0
0,0,0
0,0,0
0,0,0
0,0,0
0,0,0
0,0,0
0,0,0
0,0,0
0,0,0
0,0,0
0,0,0
0,0,0
0,0,0
0,0,0
0,0,0
0,0,0
0,0,0
0,0,0
0,0,0
0,0,0
0,0,0
0,0,0
0,0,0
0,0,0
0,0,0
0,0,0
0,0,0
0,0,0
0,0,0
0,0,0
0,0,0
0,0,0
0,0,0
0,0,0
0,0,0
0,0,0
0,0,0
0,0,0
0,0,0
0,0,0
0,0,0
0,0,0
0,0,0
0,0,0
0,0,0
0,0,0
0,0,0
0,0,0
0,0,0
0,0,0
0,0,0
0,0,0
0,0,0
0,0,0
0,0,0
0,0,0
0,0,0
0,0,0
0,0,0
0,0,0
0,0,0
0,0,0
0,0,0
0,0,0
0,0,0
0,0,0
0,0,0
0,0,0
0,0,0
0,0,0
0,0,0
0,0,0
0,0,0
0,0,0
0,0,0
0,0,0
0,0,0
0,0,0
0,0,0
0,0,0
0,0,0
0,0,0
0,0,0
0,0,0
0,0,0
0,0,0
0,0,0
0,0,0
0,0,0
0,0,0
0,0,0
0,0,0
0,0,0
0,0,0
0,0,0
0,0,0
0,0,0
0,0,0
0,0,0
0,0,0
0,0,0
0,0,0
0,0,0
0,0,0
0,0,0
0,0,0
0,0,0
0,0,0
0,0,0
0,0,0
0,0,0
0,0,0
0,0,0
0,0,0
0,0,0
0,0,0
0,0,0
0,0,0
0,0,0
0,0,0
0,0,0
0,0,0
0,0,0
0,0,0
0,0,0
0,0,0
0,0,0
0,0,0
0,0,0
0,0,0
0,0,0
0,0,0
0,0,0
0,0,0
0,0,0
0,0,0
0,0,0
0,0,0
0,0,0
0,0,0
0,0,0
0,0,0
0,0,0
0,0,0
0,0,0
0,0,0
0,0,0
0,0,0
0,0,0
0,0,0
0,0,0
0,0,0
0,0,0
0,0,0
0,0,0
0,0,0
0,0,0
0,0,0
0,0,0
0,0,0
0,0,0
0,0,0
0,0,0
0,0,0
0,0,0
0,0,0
0,0,0
0,0,0
0,0,0
0,0,0
0,0,0
0,0,0
0,0,0
0,0,0
0,0,0
0,0,0
0,0,0
0,0,0
0,0,0
0,0,0
0,0,0
0,0,0
0,0,0
0,0,0
0,0,0
0,0,0
0,0,0
0,0,0
0,0,0
0,0,0
0,0,0
0,0,0
0,0,0
0,0,0
0,0,0
0,0,0
0,0,0
0,0,0
0,0,0
0,0,0
0,0,0
0,0,0
0,0,0
0,0,0
0,0,0
0,0,0
0,0,0
0,0,0
0,0,0
0,0,0
0,0,0
0,0,0
0,0,0
0,0,0
0,0,0
0,0,0
0,0,0
0,0,0
0,0,0
0,0,0
0,0,0
0,0,0
0,0,0
0,0,0
0,0,0
0,0,0
0,0,0
0,0,0
0,0,0
0,0,0
0,0,0
0,0,0
0,0,0
0,0,0
0,0,0
0,0,0
0,0,0
0,0,0
0,0,0
0,0,0
0,0,0
0,0,0
0,0,0
0,0,0
0,0,0
0,0,0
0,0,0
0,0,0
0,0,0
0,0,0
0,0,0
0,0,0
0,0,0
0,0,0
0,0,0
0,0,0
0,0,0
0,0,0
0,0,0
0,0,0
0,0,0
0,0,0
0,0,0
0,0,0
0,0,0
0,0,0
0,0,0
0,0,0
0,0,0
0,0,0
0,0,0
0,0,0
0,0,0
0,0,0
0,0,0
0,0,0
0,0,0
0,0,0
0,0,0
0,0,0
0,0,0
0,0,0
0,0,0
0,0,0
0,0,0
0,0,0
0,0,0
0,0,0
0,0,0
0,0,0
0,0,0
0,0,0
0,0,0
0,0,0
0,0,0
0,0,0
0,0,0
0,0,0
0,0,0
0,0,0
0,0,0
0,0,0
0,0,0
0,0,0
0,0,0
0,0,0
0,0,0
0,0,0
0,0,0
0,0,0
0,0,0
0,0,0
0,0,0
0,0,0
0,0,0
0,0,0
0,0,0
0,0,0
0,0,0
0,0,0
0,0,0
0,0,0
0,0,0
0,0,0
0,0,0
0,0,0
0,0,0
0,0,0
0,0,0
0,0,0
0,0,0
0,0,0
0,0,0
0,0,0
0,0,0
0,0,0
0,0,0
0,0,0
0,0,0
0,0,0
0,0,0
0,0,0
0,0,0
0,0,0
0,0,0
0,0,0
0,0,0
0,0,0
0,0,0
0,0,0
0,0,0
0,0,0
0,0,0
0,0,0
0,0,0
0,0,0
0,0,0
0,0,0
0,0,0
0,0,0
0,0,0
0,0,0
0,0,0
0,0,0
0,0,0
0,0,0
0,0,0
0,0,0
0,0,0
0,0,0
0,0,0
0,0,0
0,0,0
0,0,0
0,0,0
0,0,0
0,0,0
0,0,0
0,0,0
0,0,0
0,0,0
0,0,0
0,0,0
0,0,0
0,0,0
0,0,0
0,0,0
0,0,0
0,0,0
0,0,0
0,0,0
0,0,0
0,0,0
0,0,0
0,0,0
0,0,0
0,0,0
0,0,0
0,0,0
0,0,0
0,0,0
0,0,0
0,0,0
0,0,0
0,0,0
0,0,0
0,0,0
0,0,0
0,0,0
0,0,0
0,0,0
0,0,0
0,0,0
0,0,0
0,0,0
0,0,0
0,0,0
0,0,0
0,0,0
0,0,0
0,0,0
0,0,0
0,0,0
0,0,0
0,0,0
0,0,0
0,0,0
0,0,0
0,0,0
0,0,0
0,0,0
0,0,0
0,0,0
0,0,0
0,0,0
0,0,0
0,0,0
0,0,0
0,0,0
0,0,0
0,0,0
0,0,0
0,0,0
0,0,0
0,0,0
0,0,0
0,0,0
0,0,0
0,0,0
0,0,0
0,0,0
0,0,0
0,0,0
0,0,0
0,0,0
0,0,0
0,0,0
0,0,0
0,0,0
0,0,0
0,0,0
0,0,0
0,0,0
0,0,0
0,0,0
0,0,0
0,0,0
0,0,0
0,0,0
0,0,0
0,0,0
0,0,0
0,0,0
0,0,0
0,0,0
0,0,0
0,0,0
0,0,0
0,0,0
0,0,0
0,0,0
9.08682,-15.3385,6.61454
8.99017,-15.3899,6.6128
8.89229,-15.4391,6.61038
8.79647,-15.4917,6.60969
8.75028,-15.633,6.64676
0,0,0
0,0,0
0,0,0
0,0,0
0,0,0
0,0,0
0,0,0
0,0,0
0,0,0
0,0,0
0,0,0
0,0,0
0,0,0
0,0,0
0,0,0
0,0,0
0,0,0
0,0,0
0,0,0
0,0,0
0,0,0
0,0,0
0,0,0
0,0,0
0,0,0
0,0,0
0,0,0
0,0,0
0,0,0
0,0,0
0,0,0
0,0,0
0,0,0
0,0,0
0,0,0
0,0,0
0,0,0
0,0,0
0,0,0
0,0,0
0,0,0
0,0,0
0,0,0
0,0,0
0,0,0
0,0,0
0,0,0
0,0,0
0,0,0
0,0,0
0,0,0
0,0,0
0,0,0
0,0,0
0,0,0
0,0,0
0,0,0
0,0,0
0,0,0
0,0,0
0,0,0
0,0,0
0,0,0
0,0,0
0,0,0
0,0,0
0,0,0
0,0,0
0,0,0
0,0,0
0,0,0
0,0,0
0,0,0
0,0,0
0,0,0
0,0,0
0,0,0
0,0,0
0,0,0
0,0,0
0,0,0
0,0,0
0,0,0
0,0,0
0,0,0
0,0,0
0,0,0
0,0,0
0,0,0
0,0,0
0,0,0
0,0,0
0,0,0
0,0,0
0,0,0
0,0,0
0,0,0
0,0,0
0,0,0
0,0,0
0,0,0
0,0,0
0,0,0
0,0,0
0,0,0
0,0,0
0,0,0
0,0,0
0,0,0
0,0,0
0,0,0
0,0,0
0,0,0
0,0,0
0,0,0
0,0,0
0,0,0
0,0,0
0,0,0
0,0,0
0,0,0
0,0,0
0,0,0
0,0,0
0,0,0
0,0,0
0,0,0
0,0,0
0,0,0
0,0,0
0,0,0
0,0,0
0,0,0
0,0,0
0,0,0
0,0,0
0,0,0
0,0,0
0,0,0
0,0,0
0,0,0
0,0,0
0,0,0
0,0,0
0,0,0
0,0,0
0,0,0
0,0,0
0,0,0
0,0,0
0,0,0
0,0,0
0,0,0
0,0,0
0,0,0
0,0,0
0,0,0
0,0,0
0,0,0
0,0,0
0,0,0
0,0,0
0,0,0
0,0,0
0,0,0
0,0,0
0,0,0
0,0,0
0,0,0
0,0,0
0,0,0
0,0,0
0,0,0
0,0,0
0,0,0
0,0,0
0,0,0
0,0,0
0,0,0
0,0,0
0,0,0
0,0,0
0,0,0
0,0,0
0,0,0
0,0,0
0,0,0
0,0,0
0,0,0
0,0,0
0,0,0
0,0,0
0,0,0
0,0,0
0,0,0
0,0,0
0,0,0
0,0,0
0,0,0
0,0,0
0,0,0
0,0,0
0,0,0
0,0,0
0,0,0
0,0,0
0,0,0
0,0,0
0,0,0
0,0,0
0,0,0
0,0,0
0,0,0
0,0,0
0,0,0
0,0,0
0,0,0
0,0,0
0,0,0
0,0,0
0,0,0
0,0,0
0,0,0
0,0,0
0,0,0
0,0,0
0,0,0
0,0,0
0,0,0
0,0,0
0,0,0
0,0,0
0,0,0
0,0,0
0,0,0
0,0,0
0,0,0
0,0,0
0,0,0
0,0,0
0,0,0
0,0,0
0,0,0
0,0,0
0,0,0
0,0,0
0,0,0
0,0,0
0,0,0
0,0,0
0,0,0
0,0,0
0,0,0
0,0,0
0,0,0
0,0,0
0,0,0
0,0,0
0,0,0
0,0,0
0,0,0
0,0,0
0,0,0
0,0,0
0,0,0
0,0,0
0,0,0
0,0,0
0,0,0
0,0,0
0,0,0
0,0,0
0,0,0
0,0,0
0,0,0
0,0,0
0,0,0
0,0,0
0,0,0
0,0,0
0,0,0
0,0,0
0,0,0
0,0,0
0,0,0
0,0,0
0,0,0
0,0,0
0,0,0
0,0,0
0,0,0
0,0,0
0,0,0
0,0,0
0,0,0
0,0,0
0,0,0
0,0,0
0,0,0
0,0,0
0,0,0
0,0,0
0,0,0
0,0,0
0,0,0
0,0,0
0,0,0
0,0,0
0,0,0
0,0,0
0,0,0
0,0,0
0,0,0
0,0,0
0,0,0
0,0,0
0,0,0
0,0,0
0,0,0
0,0,0
0,0,0
0,0,0
0,0,0
0,0,0
0,0,0
0,0,0
0,0,0
0,0,0
0,0,0
0,0,0
0,0,0
0,0,0
0,0,0
0,0,0
0,0,0
0,0,0
0,0,0
0,0,0
0,0,0
0,0,0
0,0,0
0,0,0
0,0,0
0,0,0
0,0,0
0,0,0
0,0,0
0,0,0
0,0,0
0,0,0
0,0,0
0,0,0
0,0,0
0,0,0
0,0,0
0,0,0
0,0,0
0,0,0
0,0,0
0,0,0
0,0,0
0,0,0
0,0,0
0,0,0
0,0,0
0,0,0
0,0,0
0,0,0
0,0,0
0,0,0
0,0,0
0,0,0
0,0,0
0,0,0
0,0,0
0,0,0
0,0,0
0,0,0
0,0,0
0,0,0
0,0,0
0,0,0
0,0,0
0,0,0
0,0,0
0,0,0
0,0,0
0,0,0
0,0,0
0,0,0
0,0,0
0,0,0
0,0,0
0,0,0
0,0,0
0,0,0
0,0,0
0,0,0
0,0,0
0,0,0
0,0,0
0,0,0
0,0,0
0,0,0
0,0,0
0,0,0
0,0,0
0,0,0
0,0,0
0,0,0
0,0,0
0,0,0
0,0,0
0,0,0
0,0,0
0,0,0
0,0,0
0,0,0
0,0,0
0,0,0
0,0,0
0,0,0
0,0,0
0,0,0
0,0,0
0,0,0
0,0,0
0,0,0
0,0,0
0,0,0
0,0,0
0,0,0
0,0,0
0,0,0
0,0,0
0,0,0
0,0,0
0,0,0
0,0,0
0,0,0
0,0,0
0,0,0
0,0,0
0,0,0
0,0,0
0,0,0
0,0,0
0,0,0
0,0,0
0,0,0
0,0,0
0,0,0
0,0,0
0,0,0
0,0,0
0,0,0
0,0,0
0,0,0
0,0,0
0,0,0
0,0,0
0,0,0
0,0,0
0,0,0
0,0,0
0,0,0
0,0,0
0,0,0
0,0,0
0,0,0
0,0,0
0,0,0
0,0,0
0,0,0
0,0,0
0,0,0
0,0,0
0,0,0
0,0,0
0,0,0
0,0,0
0,0,0
0,0,0
0,0,0
0,0,0
0,0,0
0,0,0
0,0,0
0,0,0
0,0,0
0,0,0
0,0,0
0,0,0
0,0,0
0,0,0
0,0,0
0,0,0
0,0,0
0,0,0
0,0,0
0,0,0
0,0,0
0,0,0
0,0,0
0,0,0
0,0,0
0,0,0
0,0,0
0,0,0
0,0,0
0,0,0
0,0,0
0,0,0
0,0,0
0,0,0
0,0,0
0,0,0
0,0,0
0,0,0
0,0,0
0,0,0
0,0,0
0,0,0
0,0,0
0,0,0
0,0,0
0,0,0
0,0,0
0,0,0
0,0,0
0,0,0
0,0,0
0,0,0
0,0,0
0,0,0
0,0,0
0,0,0
0,0,0
0,0,0
0,0,0
0,0,0
0,0,0
0,0,0
0,0,0
0,0,0
0,0,0
0,0,0
0,0,0
0,0,0
0,0,0
0,0,0
0,0,0
0,0,0
0,0,0
0,0,0
0,0,0
0,0,0
0,0,0
0,0,0
0,0,0
0,0,0
0,0,0
0,0,0
0,0,0
0,0,0
0,0,0
0,0,0
0,0,0
0,0,0
0,0,0
0,0,0
0,0,0
0,0,0
0,0,0
0,0,0
0,0,0
0,0,0
0,0,0
0,0,0
0,0,0
0,0,0
0,0,0
0,0,0
0,0,0
0,0,0
0,0,0
0,0,0
0,0,0
0,0,0
0,0,0
0,0,0
0,0,0
0,0,0
0,0,0
0,0,0
0,0,0
0,0,0
0,0,0
0,0,0
0,0,0
0,0,0
0,0,0
0,0,0
0,0,0
0,0,0
0,0,0
0,0,0
0,0,0
0,0,0
0,0,0
0,0,0
0,0,0
0,0,0
0,0,0
0,0,0
0,0,0
0,0,0
0,0,0
0,0,0
0,0,0
0,0,0
0,0,0
0,0,0
0,0,0
0,0,0
0,0,0
0,0,0
0,0,0
0,0,0
0,0,0
0,0,0
0,0,0
0,0,0
0,0,0
0,0,0
0,0,0
0,0,0
0,0,0
0,0,0
0,0,0
0,0,0
0,0,0
0,0,0
0,0,0
0,0,0
0,0,0
0,0,0
0,0,0
0,0,0
0,0,0
0,0,0
0,0,0
0,0,0
0,0,0
0,0,0
0,0,0
0,0,0
0,0,0
0,0,0
0,0,0
0,0,0
0,0,0
0,0,0
0,0,0
0,0,0
0,0,0
0,0,0
0,0,0
0,0,0
0,0,0
0,0,0
0,0,0
0,0,0
0,0,0
0,0,0
0,0,0
0,0,0
0,0,0
0,0,0
0,0,0
0,0,0
0,0,0
0,0,0
0,0,0
0,0,0
0,0,0
0,0,0
0,0,0
0,0,0
0,0,0
0,0,0
0,0,0
0,0,0
0,0,0
0,0,0
0,0,0
0,0,0
0,0,0
0,0,0
0,0,0
0,0,0
0,0,0
0,0,0
0,0,0
0,0,0
0,0,0
0,0,0
0,0,0
0,0,0
0,0,0
0,0,0
0,0,0
0,0,0
0,0,0
0,0,0
0,0,0
0,0,0
0,0,0
0,0,0
0,0,0
0,0,0
0,0,0
0,0,0
0,0,0
0,0,0
0,0,0
0,0,0
0,0,0
0,0,0
0,0,0
0,0,0
0,0,0
0,0,0
0,0,0
0,0,0
0,0,0
0,0,0
0,0,0
0,0,0
0,0,0
0,0,0
0,0,0
0,0,0
0,0,0
0,0,0
0,0,0
0,0,0
0,0,0
0,0,0
0,0,0
0,0,0
0,0,0
0,0,0
0,0,0
0,0,0
0,0,0
0,0,0
0,0,0
0,0,0
0,0,0
0,0,0
0,0,0
0,0,0
0,0,0
0,0,0
0,0,0
0,0,0
0,0,0
0,0,0
0,0,0
0,0,0
0,0,0
0,0,0
0,0,0
0,0,0
0,0,0
0,0,0
0,0,0
0,0,0
0,0,0
0,0,0
0,0,0
0,0,0
0,0,0
0,0,0
0,0,0
0,0,0
0,0,0
0,0,0
0,0,0
0,0,0
0,0,0
0,0,0
0,0,0
0,0,0
0,0,0
0,0,0
0,0,0
0,0,0
0,0,0
0,0,0
0,0,0
0,0,0
0,0,0
0,0,0
0,0,0
0,0,0
0,0,0
0,0,0
0,0,0
0,0,0
0,0,0
0,0,0
0,0,0
0,0,0
0,0,0
0,0,0
0,0,0
0,0,0
0,0,0
0,0,0
0,0,0
0,0,0
0,0,0
0,0,0
0,0,0
0,0,0
0,0,0
0,0,0
0,0,0
0,0,0
0,0,0
0,0,0
0,0,0
0,0,0
0,0,0
0,0,0
0,0,0
0,0,0
0,0,0
0,0,0
0,0,0
0,0,0
0,0,0
0,0,0
0,0,0
0,0,0
0,0,0
0,0,0
0,0,0
0,0,0
0,0,0
0,0,0
0,0,0
0,0,0
0,0,0
0,0,0
0,0,0
0,0,0
0,0,0
0,0,0
0,0,0
0,0,0
0,0,0
0,0,0
0,0,0
0,0,0
0,0,0
0,0,0
0,0,0
0,0,0
0,0,0
0,0,0
0,0,0
0,0,0
0,0,0
0,0,0
0,0,0
0,0,0
0,0,0
0,0,0
0,0,0
0,0,0
0,0,0
0,0,0
0,0,0
0,0,0
0,0,0
0,0,0
0,0,0
0,0,0
0,0,0
0,0,0
0,0,0
0,0,0
0,0,0
0,0,0
0,0,0
0,0,0
0,0,0
0,0,0
0,0,0
0,0,0
0,0,0
0,0,0
0,0,0
0,0,0
0,0,0
0,0,0
0,0,0
0,0,0
0,0,0
0,0,0
0,0,0
0,0,0
0,0,0
0,0,0
0,0,0
0,0,0
0,0,0
0,0,0
0,0,0
0,0,0
0,0,0
0,0,0
0,0,0
0,0,0
0,0,0
0,0,0
0,0,0
0,0,0
0,0,0
0,0,0
0,0,0
0,0,0
0,0,0
0,0,0
0,0,0
0,0,0
0,0,0
0,0,0
0,0,0
0,0,0
0,0,0
0,0,0
0,0,0
0,0,0
0,0,0
0,0,0
0,0,0
0,0,0
0,0,0
0,0,0
0,0,0
0,0,0
0,0,0
0,0,0
0,0,0
0,0,0
0,0,0
0,0,0
0,0,0
0,0,0
0,0,0
0,0,0
0,0,0
0,0,0
0,0,0
0,0,0
0,0,0
0,0,0
0,0,0
0,0,0
0,0,0
0,0,0
0,0,0
0,0,0
0,0,0
0,0,0
0,0,0
0,0,0
0,0,0
0,0,0
0,0,0
0,0,0
0,0,0
0,0,0
0,0,0
0,0,0
0,0,0
0,0,0
0,0,0
0,0,0
0,0,0
0,0,0
0,0,0
0,0,0
0,0,0
0,0,0
0,0,0
0,0,0
0,0,0
0,0,0
9.08482,-15.3473,6.40922
8.99285,-15.4068,6.4109
8.87795,-15.4266,6.39642
8.78545,-15.4849,6.3981
8.756,-15.656,6.44626
0,0,0
0,0,0
0,0,0
0,0,0
0,0,0
0,0,0
0,0,0
0,0,0
0,0,0
0,0,0
0,0,0
0,0,0
0,0,0
0,0,0
0,0,0
0,0,0
0,0,0
0,0,0
0,0,0
0,0,0
0,0,0
0,0,0
0,0,0
0,0,0
0,0,0
0,0,0
0,0,0
0,0,0
0,0,0
0,0,0
0,0,0
0,0,0
0,0,0
0,0,0
0,0,0
0,0,0
0,0,0
0,0,0
0,0,0
0,0,0
0,0,0
0,0,0
0,0,0
0,0,0
0,0,0
0,0,0
0,0,0
0,0,0
0,0,0
0,0,0
0,0,0
0,0,0
0,0,0
0,0,0
0,0,0
0,0,0
0,0,0
0,0,0
0,0,0
0,0,0
0,0,0
0,0,0
0,0,0
0,0,0
0,0,0
0,0,0
0,0,0
0,0,0
0,0,0
0,0,0
0,0,0
0,0,0
0,0,0
0,0,0
0,0,0
0,0,0
0,0,0
0,0,0
0,0,0
0,0,0
0,0,0
0,0,0
0,0,0
0,0,0
0,0,0
0,0,0
0,0,0
0,0,0
0,0,0
0,0,0
0,0,0
0,0,0
0,0,0
0,0,0
0,0,0
0,0,0
0,0,0
0,0,0
0,0,0
0,0,0
0,0,0
0,0,0
0,0,0
0,0,0
0,0,0
0,0,0
0,0,0
0,0,0
0,0,0
0,0,0
0,0,0
0,0,0
0,0,0
0,0,0
0,0,0
0,0,0
0,0,0
0,0,0
0,0,0
0,0,0
0,0,0
0,0,0
0,0,0
0,0,0
0,0,0
0,0,0
0,0,0
0,0,0
0,0,0
0,0,0
0,0,0
0,0,0
0,0,0
0,0,0
0,0,0
0,0,0
0,0,0
0,0,0
0,0,0
0,0,0
0,0,0
0,0,0
0,0,0
0,0,0
0,0,0
0,0,0
0,0,0
0,0,0
0,0,0
0,0,0
0,0,0
0,0,0
0,0,0
0,0,0
0,0,0
0,0,0
0,0,0
0,0,0
0,0,0
0,0,0
0,0,0
0,0,0
0,0,0
0,0,0
0,0,0
0,0,0
0,0,0
0,0,0
0,0,0
0,0,0
0,0,0
0,0,0
0,0,0
0,0,0
0,0,0
0,0,0
0,0,0
0,0,0
0,0,0
0,0,0
0,0,0
0,0,0
0,0,0
0,0,0
0,0,0
0,0,0
0,0,0
0,0,0
0,0,0
0,0,0
0,0,0
0,0,0
0,0,0
0,0,0
0,0,0
0,0,0
0,0,0
0,0,0
0,0,0
0,0,0
0,0,0
0,0,0
0,0,0
0,0,0
0,0,0
0,0,0
0,0,0
0,0,0
0,0,0
0,0,0
0,0,0
0,0,0
0,0,0
0,0,0
0,0,0
0,0,0
0,0,0
0,0,0
0,0,0
0,0,0
0,0,0
0,0,0
0,0,0
0,0,0
0,0,0
0,0,0
0,0,0
0,0,0
0,0,0
0,0,0
0,0,0
0,0,0
0,0,0
0,0,0
0,0,0
0,0,0
0,0,0
0,0,0
0,0,0
0,0,0
0,0,0
0,0,0
0,0,0
0,0,0
0,0,0
0,0,0
0,0,0
0,0,0
0,0,0
0,0,0
0,0,0
0,0,0
0,0,0
0,0,0
0,0,0
0,0,0
0,0,0
0,0,0
0,0,0
0,0,0
0,0,0
0,0,0
0,0,0
0,0,0
0,0,0
0,0,0
0,0,0
0,0,0
0,0,0
0,0,0
0,0,0
0,0,0
0,0,0
0,0,0
0,0,0
0,0,0
0,0,0
0,0,0
0,0,0
0,0,0
0,0,0
0,0,0
0,0,0
0,0,0
0,0,0
0,0,0
0,0,0
0,0,0
0,0,0
0,0,0
0,0,0
0,0,0
0,0,0
0,0,0
0,0,0
0,0,0
0,0,0
0,0,0
0,0,0
0,0,0
0,0,0
0,0,0
0,0,0
0,0,0
0,0,0
0,0,0
0,0,0
0,0,0
0,0,0
0,0,0
0,0,0
0,0,0
0,0,0
0,0,0
0,0,0
0,0,0
0,0,0
0,0,0
0,0,0
0,0,0
0,0,0
0,0,0
0,0,0
0,0,0
0,0,0
0,0,0
0,0,0
0,0,0
0,0,0
0,0,0
0,0,0
0,0,0
0,0,0
0,0,0
0,0,0
0,0,0
0,0,0
0,0,0
0,0,0
0,0,0
0,0,0
0,0,0
0,0,0
0,0,0
0,0,0
0,0,0
0,0,0
0,0,0
0,0,0
0,0,0
0,0,0
0,0,0
0,0,0
0,0,0
0,0,0
0,0,0
0,0,0
0,0,0
0,0,0
0,0,0
0,0,0
0,0,0
0,0,0
0,0,0
0,0,0
0,0,0
0,0,0
0,0,0
0,0,0
0,0,0
0,0,0
0,0,0
0,0,0
0,0,0
0,0,0
0,0,0
0,0,0
0,0,0
0,0,0
0,0,0
0,0,0
0,0,0
0,0,0
0,0,0
0,0,0
0,0,0
0,0,0
0,0,0
0,0,0
0,0,0
0,0,0
0,0,0
0,0,0
0,0,0
0,0,0
0,0,0
0,0,0
0,0,0
0,0,0
0,0,0
0,0,0
0,0,0
0,0,0
0,0,0
0,0,0
0,0,0
0,0,0
0,0,0
0,0,0
0,0,0
0,0,0
0,0,0
0,0,0
0,0,0
0,0,0
0,0,0
0,0,0
0,0,0
0,0,0
0,0,0
0,0,0
0,0,0
0,0,0
0,0,0
0,0,0
0,0,0
0,0,0
0,0,0
0,0,0
0,0,0
0,0,0
0,0,0
0,0,0
0,0,0
0,0,0
0,0,0
0,0,0
0,0,0
0,0,0
0,0,0
0,0,0
0,0,0
0,0,0
0,0,0
0,0,0
0,0,0
0,0,0
0,0,0
0,0,0
0,0,0
0,0,0
0,0,0
0,0,0
0,0,0
0,0,0
0,0,0
0,0,0
0,0,0
0,0,0
0,0,0
0,0,0
0,0,0
0,0,0
0,0,0
0,0,0
0,0,0
0,0,0
0,0,0
0,0,0
0,0,0
0,0,0
0,0,0
0,0,0
0,0,0
0,0,0
0,0,0
0,0,0
0,0,0
0,0,0
0,0,0
0,0,0
0,0,0
0,0,0
0,0,0
0,0,0
0,0,0
0,0,0
0,0,0
0,0,0
0,0,0
0,0,0
0,0,0
0,0,0
0,0,0
0,0,0
0,0,0
0,0,0
0,0,0
0,0,0
0,0,0
0,0,0
0,0,0
0,0,0
0,0,0
0,0,0
0,0,0
0,0,0
0,0,0
0,0,0
0,0,0
0,0,0
0,0,0
0,0,0
0,0,0
0,0,0
0,0,0
0,0,0
0,0,0
0,0,0
0,0,0
0,0,0
0,0,0
0,0,0
0,0,0
0,0,0
0,0,0
0,0,0
0,0,0
0,0,0
0,0,0
0,0,0
0,0,0
0,0,0
0,0,0
0,0,0
0,0,0
0,0,0
0,0,0
0,0,0
0,0,0
0,0,0
0,0,0
0,0,0
0,0,0
0,0,0
0,0,0
0,0,0
0,0,0
0,0,0
0,0,0
0,0,0
0,0,0
0,0,0
0,0,0
0,0,0
0,0,0
0,0,0
0,0,0
0,0,0
0,0,0
0,0,0
0,0,0
0,0,0
0,0,0
0,0,0
0,0,0
0,0,0
0,0,0
0,0,0
0,0,0
0,0,0
0,0,0
0,0,0
0,0,0
0,0,0
0,0,0
0,0,0
0,0,0
0,0,0
0,0,0
0,0,0
0,0,0
0,0,0
0,0,0
0,0,0
0,0,0
0,0,0
0,0,0
0,0,0
0,0,0
0,0,0
0,0,0
0,0,0
0,0,0
0,0,0
0,0,0
0,0,0
0,0,0
0,0,0
0,0,0
0,0,0
0,0,0
0,0,0
0,0,0
0,0,0
0,0,0
0,0,0
0,0,0
0,0,0
0,0,0
0,0,0
0,0,0
0,0,0
0,0,0
0,0,0
0,0,0
0,0,0
0,0,0
0,0,0
0,0,0
0,0,0
0,0,0
0,0,0
0,0,0
0,0,0
0,0,0
0,0,0
0,0,0
0,0,0
0,0,0
0,0,0
0,0,0
0,0,0
0,0,0
0,0,0
0,0,0
0,0,0
0,0,0
0,0,0
0,0,0
0,0,0
0,0,0
0,0,0
0,0,0
0,0,0
0,0,0
0,0,0
0,0,0
0,0,0
0,0,0
0,0,0
0,0,0
0,0,0
0,0,0
0,0,0
0,0,0
0,0,0
0,0,0
0,0,0
0,0,0
0,0,0
0,0,0
0,0,0
0,0,0
0,0,0
0,0,0
0,0,0
0,0,0
0,0,0
0,0,0
0,0,0
0,0,0
0,0,0
0,0,0
0,0,0
0,0,0
0,0,0
0,0,0
0,0,0
0,0,0
0,0,0
0,0,0
0,0,0
0,0,0
0,0,0
0,0,0
0,0,0
0,0,0
0,0,0
0,0,0
0,0,0
0,0,0
0,0,0
0,0,0
0,0,0
0,0,0
0,0,0
0,0,0
0,0,0
0,0,0
0,0,0
0,0,0
0,0,0
0,0,0
0,0,0
0,0,0
0,0,0
0,0,0
0,0,0
0,0,0
0,0,0
0,0,0
0,0,0
0,0,0
0,0,0
0,0,0
0,0,0
0,0,0
0,0,0
0,0,0
0,0,0
0,0,0
0,0,0
0,0,0
0,0,0
0,0,0
0,0,0
0,0,0
0,0,0
0,0,0
0,0,0
0,0,0
0,0,0
0,0,0
0,0,0
0,0,0
0,0,0
0,0,0
0,0,0
0,0,0
0,0,0
0,0,0
0,0,0
0,0,0
0,0,0
0,0,0
0,0,0
0,0,0
0,0,0
0,0,0
0,0,0
0,0,0
0,0,0
0,0,0
0,0,0
0,0,0
0,0,0
0,0,0
0,0,0
0,0,0
0,0,0
0,0,0
0,0,0
0,0,0
0,0,0
0,0,0
0,0,0
0,0,0
0,0,0
0,0,0
0,0,0
0,0,0
0,0,0
0,0,0
0,0,0
0,0,0
0,0,0
0,0,0
0,0,0
0,0,0
0,0,0
0,0,0
0,0,0
0,0,0
0,0,0
0,0,0
0,0,0
0,0,0
0,0,0
0,0,0
0,0,0
0,0,0
0,0,0
0,0,0
0,0,0
0,0,0
0,0,0
0,0,0
0,0,0
0,0,0
0,0,0
0,0,0
0,0,0
0,0,0
0,0,0
0,0,0
0,0,0
0,0,0
0,0,0
0,0,0
0,0,0
0,0,0
0,0,0
0,0,0
0,0,0
0,0,0
0,0,0
0,0,0
0,0,0
0,0,0
0,0,0
0,0,0
0,0,0
0,0,0
0,0,0
0,0,0
0,0,0
0,0,0
0,0,0
0,0,0
0,0,0
0,0,0
0,0,0
0,0,0
0,0,0
0,0,0
0,0,0
0,0,0
0,0,0
0,0,0
0,0,0
0,0,0
0,0,0
0,0,0
0,0,0
0,0,0
0,0,0
0,0,0
0,0,0
0,0,0
0,0,0
0,0,0
0,0,0
0,0,0
0,0,0
0,0,0
0,0,0
0,0,0
0,0,0
0,0,0
0,0,0
0,0,0
0,0,0
0,0,0
0,0,0
0,0,0
0,0,0
0,0,0
0,0,0
0,0,0
0,0,0
0,0,0
0,0,0
0,0,0
0,0,0
0,0,0
0,0,0
0,0,0
0,0,0
0,0,0
0,0,0
0,0,0
0,0,0
0,0,0
0,0,0
0,0,0
0,0,0
0,0,0
0,0,0
0,0,0
0,0,0
0,0,0
0,0,0
0,0,0
0,0,0
0,0,0
0,0,0
0,0,0
0,0,0
0,0,0
0,0,0
0,0,0
0,0,0
0,0,0
0,0,0
0,0,0
0,0,0
0,0,0
0,0,0
0,0,0
0,0,0
0,0,0
0,0,0
0,0,0
0,0,0
0,0,0
0,0,0
0,0,0
0,0,0
0,0,0
0,0,0
0,0,0
0,0,0
0,0,0
0,0,0
0,0,0
0,0,0
0,0,0
0,0,0
0,0,0
0,0,0
0,0,0
0,0,0
0,0,0
0,0,0
0,0,0
0,0,0
0,0,0
0,0,0
0,0,0
0,0,0
0,0,0
0,0,0
0,0,0
0,0,0
0,0,0
0,0,0
0,0,0
0,0,0
0,0,0
0,0,0
0,0,0
0,0,0
0,0,0
0,0,0
0,0,0
0,0,0
0,0,0
0,0,0
0,0,0
0,0,0
0,0,0
0,0,0
0,0,0
0,0,0
0,0,0
0,0,0
0,0,0
0,0,0
0,0,0
0,0,0
0,0,0
0,0,0
0,0,0
0,0,0
0,0,0
0,0,0
0,0,0
0,0,0
0,0,0
0,0,0
0,0,0
0,0,0
0,0,0
0,0,0
0,0,0
0,0,0
0,0,0
0,0,0
0,0,0
0,0,0
0,0,0
0,0,0
0,0,0
0,0,0
0,0,0
0,0,0
0,0,0
0,0,0
0,0,0
0,0,0
0,0,0
0,0,0
0,0,0
0,0,0
0,0,0
0,0,0
0,0,0
0,0,0
0,0,0
0,0,0
0,0,0
0,0,0
0,0,0
0,0,0
0,0,0
0,0,0
0,0,0
0,0,0
0,0,0
0,0,0
0,0,0
0,0,0
0,0,0
0,0,0
0,0,0
0,0,0
0,0,0
0,0,0
0,0,0
0,0,0
0,0,0
0,0,0
0,0,0
0,0,0
9.10212,-15.3704,6.18855
8.98523,-15.3876,6.17323
8.88357,-15.4301,6.16834
8.78919,-15.4852,6.16867
8.72771,-15.599,6.19246
0,0,0
0,0,0
0,0,0
0,0,0
0,0,0
0,0,0
0,0,0
0,0,0
0,0,0
0,0,0
0,0,0
0,0,0
0,0,0
0,0,0
0,0,0
0,0,0
0,0,0
0,0,0
0,0,0
0,0,0
0,0,0
0,0,0
0,0,0
0,0,0
0,0,0
0,0,0
0,0,0
0,0,0
0,0,0
0,0,0
0,0,0
0,0,0
0,0,0
0,0,0
0,0,0
0,0,0
0,0,0
0,0,0
0,0,0
0,0,0
0,0,0
0,0,0
0,0,0
0,0,0
0,0,0
0,0,0
0,0,0
0,0,0
0,0,0
0,0,0
0,0,0
0,0,0
0,0,0
0,0,0
0,0,0
0,0,0
0,0,0
0,0,0
0,0,0
0,0,0
0,0,0
0,0,0
0,0,0
0,0,0
0,0,0
0,0,0
0,0,0
0,0,0
0,0,0
0,0,0
0,0,0
0,0,0
0,0,0
0,0,0
0,0,0
0,0,0
0,0,0
0,0,0
0,0,0
0,0,0
0,0,0
0,0,0
0,0,0
0,0,0
0,0,0
0,0,0
0,0,0
0,0,0
0,0,0
0,0,0
0,0,0
0,0,0
0,0,0
0,0,0
0,0,0
0,0,0
0,0,0
0,0,0
0,0,0
0,0,0
0,0,0
0,0,0
0,0,0
0,0,0
0,0,0
0,0,0
0,0,0
0,0,0
0,0,0
0,0,0
0,0,0
0,0,0
0,0,0
0,0,0
0,0,0
0,0,0
0,0,0
0,0,0
0,0,0
0,0,0
0,0,0
0,0,0
0,0,0
0,0,0
0,0,0
0,0,0
0,0,0
0,0,0
0,0,0
0,0,0
0,0,0
0,0,0
0,0,0
0,0,0
0,0,0
0,0,0
0,0,0
0,0,0
0,0,0
0,0,0
0,0,0
0,0,0
0,0,0
0,0,0
0,0,0
0,0,0
0,0,0
0,0,0
0,0,0
0,0,0
0,0,0
0,0,0
0,0,0
0,0,0
0,0,0
0,0,0
0,0,0
0,0,0
0,0,0
0,0,0
0,0,0
0,0,0
0,0,0
0,0,0
0,0,0
0,0,0
0,0,0
0,0,0
0,0,0
0,0,0
0,0,0
0,0,0
0,0,0
0,0,0
0,0,0
0,0,0
0,0,0
0,0,0
0,0,0
0,0,0
0,0,0
0,0,0
0,0,0
0,0,0
0,0,0
0,0,0
0,0,0
0,0,0
0,0,0
0,0,0
0,0,0
0,0,0
0,0,0
0,0,0
0,0,0
0,0,0
0,0,0
0,0,0
0,0,0
0,0,0
0,0,0
0,0,0
0,0,0
0,0,0
0,0,0
0,0,0
0,0,0
0,0,0
0,0,0
0,0,0
0,0,0
0,0,0
0,0,0
0,0,0
0,0,0
0,0,0
0,0,0
0,0,0
0,0,0
0,0,0
0,0,0
0,0,0
0,0,0
0,0,0
0,0,0
0,0,0
0,0,0
0,0,0
0,0,0
0,0,0
0,0,0
0,0,0
0,0,0
0,0,0
0,0,0
0,0,0
0,0,0
0,0,0
0,0,0
0,0,0
0,0,0
0,0,0
0,0,0
0,0,0
0,0,0
0,0,0
0,0,0
0,0,0
0,0,0
0,0,0
0,0,0
0,0,0
0,0,0
0,0,0
0,0,0
0,0,0
0,0,0
0,0,0
0,0,0
0,0,0
0,0,0
0,0,0
0,0,0
0,0,0
0,0,0
0,0,0
0,0,0
0,0,0
0,0,0
0,0,0
0,0,0
0,0,0
0,0,0
0,0,0
0,0,0
0,0,0
0,0,0
0,0,0
0,0,0
0,0,0
0,0,0
0,0,0
0,0,0
0,0,0
0,0,0
0,0,0
0,0,0
0,0,0
0,0,0
0,0,0
0,0,0
0,0,0
0,0,0
0,0,0
0,0,0
0,0,0
0,0,0
0,0,0
0,0,0
0,0,0
0,0,0
0,0,0
0,0,0
0,0,0
0,0,0
0,0,0
0,0,0
0,0,0
0,0,0
0,0,0
0,0,0
0,0,0
0,0,0
0,0,0
0,0,0
0,0,0
0,0,0
0,0,0
0,0,0
0,0,0
0,0,0
0,0,0
0,0,0
0,0,0
0,0,0
0,0,0
0,0,0
0,0,0
0,0,0
0,0,0
0,0,0
0,0,0
0,0,0
0,0,0
0,0,0
0,0,0
0,0,0
0,0,0
0,0,0
0,0,0
0,0,0
0,0,0
0,0,0
0,0,0
0,0,0
0,0,0
0,0,0
0,0,0
0,0,0
0,0,0
0,0,0
0,0,0
0,0,0
0,0,0
0,0,0
0,0,0
0,0,0
0,0,0
0,0,0
0,0,0
0,0,0
0,0,0
0,0,0
0,0,0
0,0,0
0,0,0
0,0,0
0,0,0
0,0,0
0,0,0
0,0,0
0,0,0
0,0,0
0,0,0
0,0,0
0,0,0
0,0,0
0,0,0
0,0,0
0,0,0
0,0,0
0,0,0
0,0,0
0,0,0
0,0,0
0,0,0
0,0,0
0,0,0
0,0,0
0,0,0
0,0,0
0,0,0
0,0,0
0,0,0
0,0,0
0,0,0
0,0,0
0,0,0
0,0,0
0,0,0
0,0,0
0,0,0
0,0,0
0,0,0
0,0,0
0,0,0
0,0,0
0,0,0
0,0,0
0,0,0
0,0,0
0,0,0
0,0,0
0,0,0
0,0,0
0,0,0
0,0,0
0,0,0
0,0,0
0,0,0
0,0,0
0,0,0
0,0,0
0,0,0
0,0,0
0,0,0
0,0,0
0,0,0
0,0,0
0,0,0
0,0,0
0,0,0
0,0,0
0,0,0
0,0,0
0,0,0
0,0,0
0,0,0
0,0,0
0,0,0
0,0,0
0,0,0
0,0,0
0,0,0
0,0,0
0,0,0
0,0,0
0,0,0
0,0,0
0,0,0
0,0,0
0,0,0
0,0,0
0,0,0
0,0,0
0,0,0
0,0,0
0,0,0
0,0,0
0,0,0
0,0,0
0,0,0
0,0,0
0,0,0
0,0,0
0,0,0
0,0,0
0,0,0
0,0,0
0,0,0
0,0,0
0,0,0
0,0,0
0,0,0
0,0,0
0,0,0
0,0,0
0,0,0
0,0,0
0,0,0
0,0,0
0,0,0
0,0,0
0,0,0
0,0,0
0,0,0
0,0,0
0,0,0
0,0,0
0,0,0
0,0,0
0,0,0
0,0,0
0,0,0
0,0,0
0,0,0
0,0,0
0,0,0
0,0,0
0,0,0
0,0,0
0,0,0
0,0,0
0,0,0
0,0,0
0,0,0
0,0,0
0,0,0
0,0,0
0,0,0
0,0,0
0,0,0
0,0,0
0,0,0
0,0,0
0,0,0
0,0,0
0,0,0
0,0,0
0,0,0
0,0,0
0,0,0
0,0,0
0,0,0
0,0,0
0,0,0
0,0,0
0,0,0
0,0,0
0,0,0
0,0,0
0,0,0
0,0,0
0,0,0
0,0,0
0,0,0
0,0,0
0,0,0
0,0,0
0,0,0
0,0,0
0,0,0
0,0,0
0,0,0
0,0,0
0,0,0
0,0,0
0,0,0
0,0,0
0,0,0
0,0,0
0,0,0
0,0,0
0,0,0
0,0,0
0,0,0
0,0,0
0,0,0
0,0,0
0,0,0
0,0,0
0,0,0
0,0,0
0,0,0
0,0,0
0,0,0
0,0,0
0,0,0
0,0,0
0,0,0
0,0,0
0,0,0
0,0,0
0,0,0
0,0,0
0,0,0
0,0,0
0,0,0
0,0,0
0,0,0
0,0,0
0,0,0
0,0,0
0,0,0
0,0,0
0,0,0
0,0,0
0,0,0
0,0,0
0,0,0
0,0,0
0,0,0
0,0,0
0,0,0
0,0,0
0,0,0
0,0,0
0,0,0
0,0,0
0,0,0
0,0,0
0,0,0
0,0,0
0,0,0
0,0,0
0,0,0
0,0,0
0,0,0
0,0,0
0,0,0
0,0,0
0,0,0
0,0,0
0,0,0
0,0,0
0,0,0
0,0,0
0,0,0
0,0,0
0,0,0
0,0,0
0,0,0
0,0,0
0,0,0
0,0,0
0,0,0
0,0,0
0,0,0
0,0,0
0,0,0
0,0,0
0,0,0
0,0,0
0,0,0
0,0,0
0,0,0
0,0,0
0,0,0
0,0,0
0,0,0
0,0,0
0,0,0
0,0,0
0,0,0
0,0,0
0,0,0
0,0,0
0,0,0
0,0,0
0,0,0
0,0,0
0,0,0
0,0,0
0,0,0
0,0,0
0,0,0
0,0,0
0,0,0
0,0,0
0,0,0
0,0,0
0,0,0
0,0,0
0,0,0
0,0,0
0,0,0
0,0,0
0,0,0
0,0,0
0,0,0
0,0,0
0,0,0
0,0,0
0,0,0
0,0,0
0,0,0
0,0,0
0,0,0
0,0,0
0,0,0
0,0,0
0,0,0
0,0,0
0,0,0
0,0,0
0,0,0
0,0,0
0,0,0
0,0,0
0,0,0
0,0,0
0,0,0
0,0,0
0,0,0
0,0,0
0,0,0
0,0,0
0,0,0
0,0,0
0,0,0
0,0,0
0,0,0
0,0,0
0,0,0
0,0,0
0,0,0
0,0,0
0,0,0
0,0,0
0,0,0
0,0,0
0,0,0
0,0,0
0,0,0
0,0,0
0,0,0
0,0,0
0,0,0
0,0,0
0,0,0
0,0,0
0,0,0
0,0,0
0,0,0
0,0,0
0,0,0
0,0,0
0,0,0
0,0,0
0,0,0
0,0,0
0,0,0
0,0,0
0,0,0
0,0,0
0,0,0
0,0,0
0,0,0
0,0,0
0,0,0
0,0,0
0,0,0
0,0,0
0,0,0
0,0,0
0,0,0
0,0,0
0,0,0
0,0,0
0,0,0
0,0,0
0,0,0
0,0,0
0,0,0
0,0,0
0,0,0
0,0,0
0,0,0
0,0,0
0,0,0
0,0,0
0,0,0
0,0,0
0,0,0
0,0,0
0,0,0
0,0,0
0,0,0
0,0,0
0,0,0
0,0,0
0,0,0
0,0,0
0,0,0
0,0,0
0,0,0
0,0,0
0,0,0
0,0,0
0,0,0
0,0,0
0,0,0
0,0,0
0,0,0
0,0,0
0,0,0
0,0,0
0,0,0
0,0,0
0,0,0
0,0,0
0,0,0
0,0,0
0,0,0
0,0,0
0,0,0
0,0,0
0,0,0
0,0,0
0,0,0
0,0,0
0,0,0
0,0,0
0,0,0
0,0,0
0,0,0
0,0,0
0,0,0
0,0,0
0,0,0
0,0,0
0,0,0
0,0,0
0,0,0
0,0,0
0,0,0
0,0,0
0,0,0
0,0,0
0,0,0
0,0,0
0,0,0
0,0,0
0,0,0
0,0,0
0,0,0
0,0,0
0,0,0
0,0,0
0,0,0
0,0,0
0,0,0
0,0,0
0,0,0
0,0,0
0,0,0
0,0,0
0,0,0
0,0,0
0,0,0
0,0,0
0,0,0
0,0,0
0,0,0
0,0,0
0,0,0
0,0,0
0,0,0
0,0,0
0,0,0
0,0,0
0,0,0
0,0,0
0,0,0
0,0,0
0,0,0
0,0,0
0,0,0
0,0,0
0,0,0
0,0,0
0,0,0
0,0,0
0,0,0
0,0,0
0,0,0
0,0,0
0,0,0
0,0,0
0,0,0
0,0,0
0,0,0
0,0,0
0,0,0
0,0,0
0,0,0
0,0,0
0,0,0
0,0,0
0,0,0
0,0,0
0,0,0
0,0,0
0,0,0
0,0,0
0,0,0
0,0,0
0,0,0
0,0,0
0,0,0
0,0,0
0,0,0
0,0,0
0,0,0
0,0,0
0,0,0
0,0,0
0,0,0
0,0,0
0,0,0
0,0,0
0,0,0
0,0,0
0,0,0
0,0,0
0,0,0
0,0,0
0,0,0
0,0,0
0,0,0
0,0,0
0,0,0
0,0,0
0,0,0
0,0,0
0,0,0
0,0,0
0,0,0
0,0,0
0,0,0
0,0,0
0,0,0
0,0,0
0,0,0
0,0,0
0,0,0
0,0,0
0,0,0
0,0,0
0,0,0
0,0,0
0,0,0
0,0,0
0,0,0
0,0,0
0,0,0
0,0,0
0,0,0
0,0,0
0,0,0
0,0,0
0,0,0
0,0,0
0,0,0
0,0,0
0,0,0
0,0,0
0,0,0
0,0,0
0,0,0
0,0,0
0,0,0
0,0,0
0,0,0
0,0,0
0,0,0
0,0,0
0,0,0
0,0,0
0,0,0
0,0,0
0,0,0
0,0,0
0,0,0
0,0,0
0,0,0
0,0,0
0,0,0
0,0,0
0,0,0
0,0,0
0,0,0
0,0,0
0,0,0
0,0,0
0,0,0
0,0,0
0,0,0
0,0,0
0,0,0
0,0,0
0,0,0
0,0,0
0,0,0
0,0,0
0,0,0
0,0,0
0,0,0
0,0,0
0,0,0
0,0,0
0,0,0
0,0,0
0,0,0
0,0,0
0,0,0
0,0,0
0,0,0
0,0,0
0,0,0
0,0,0
0,0,0
0,0,0
9.10937,-15.3826,5.98145
8.98659,-15.3899,5.96282
8.88489,-15.4324,5.95808
8.78816,-15.4833,5.95682
8.73839,-15.6181,5.98777
0,0,0
0,0,0
0,0,0
0,0,0
0,0,0
0,0,0
0,0,0
0,0,0
0,0,0
0,0,0
0,0,0
0,0,0
0,0,0
0,0,0
0,0,0
0,0,0
0,0,0
0,0,0
0,0,0
0,0,0
0,0,0
0,0,0
0,0,0
0,0,0
0,0,0
0,0,0
0,0,0
0,0,0
0,0,0
0,0,0
0,0,0
0,0,0
0,0,0
0,0,0
0,0,0
0,0,0
0,0,0
0,0,0
0,0,0
0,0,0
0,0,0
0,0,0
0,0,0
0,0,0
0,0,0
0,0,0
0,0,0
0,0,0
0,0,0
0,0,0
0,0,0
0,0,0
0,0,0
0,0,0
0,0,0
0,0,0
0,0,0
0,0,0
0,0,0
0,0,0
0,0,0
0,0,0
0,0,0
0,0,0
0,0,0
0,0,0
0,0,0
0,0,0
0,0,0
0,0,0
0,0,0
0,0,0
0,0,0
0,0,0
0,0,0
0,0,0
0,0,0
0,0,0
0,0,0
0,0,0
0,0,0
0,0,0
0,0,0
0,0,0
0,0,0
0,0,0
0,0,0
0,0,0
0,0,0
0,0,0
0,0,0
0,0,0
0,0,0
0,0,0
0,0,0
0,0,0
0,0,0
0,0,0
0,0,0
0,0,0
0,0,0
0,0,0
0,0,0
0,0,0
0,0,0
0,0,0
0,0,0
0,0,0
0,0,0
0,0,0
0,0,0
0,0,0
0,0,0
0,0,0
0,0,0
0,0,0
0,0,0
0,0,0
0,0,0
0,0,0
0,0,0
0,0,0
0,0,0
0,0,0
0,0,0
0,0,0
0,0,0
0,0,0
0,0,0
0,0,0
0,0,0
0,0,0
0,0,0
0,0,0
0,0,0
0,0,0
0,0,0
0,0,0
0,0,0
0,0,0
0,0,0
0,0,0
0,0,0
0,0,0
0,0,0
0,0,0
0,0,0
0,0,0
0,0,0
0,0,0
0,0,0
0,0,0
0,0,0
0,0,0
0,0,0
0,0,0
0,0,0
0,0,0
0,0,0
0,0,0
0,0,0
0,0,0
0,0,0
0,0,0
0,0,0
0,0,0
0,0,0
0,0,0
0,0,0
0,0,0
0,0,0
0,0,0
0,0,0
0,0,0
0,0,0
0,0,0
0,0,0
0,0,0
0,0,0
0,0,0
0,0,0
0,0,0
0,0,0
0,0,0
0,0,0
0,0,0
0,0,0
0,0,0
0,0,0
0,0,0
0,0,0
0,0,0
0,0,0
0,0,0
0,0,0
0,0,0
0,0,0
0,0,0
0,0,0
0,0,0
0,0,0
0,0,0
0,0,0
0,0,0
0,0,0
0,0,0
0,0,0
0,0,0
0,0,0
0,0,0
0,0,0
0,0,0
0,0,0
0,0,0
0,0,0
0,0,0
0,0,0
0,0,0
0,0,0
0,0,0
0,0,0
0,0,0
0,0,0
0,0,0
0,0,0
0,0,0
0,0,0
0,0,0
0,0,0
0,0,0
0,0,0
0,0,0
0,0,0
0,0,0
0,0,0
0,0,0
0,0,0
0,0,0
0,0,0
0,0,0
0,0,0
0,0,0
0,0,0
0,0,0
0,0,0
0,0,0
0,0,0
0,0,0
0,0,0
0,0,0
0,0,0
0,0,0
0,0,0
0,0,0
0,0,0
0,0,0
0,0,0
0,0,0
0,0,0
0,0,0
0,0,0
0,0,0
0,0,0
0,0,0
0,0,0
0,0,0
0,0,0
0,0,0
0,0,0
0,0,0
0,0,0
0,0,0
0,0,0
0,0,0
0,0,0
0,0,0
0,0,0
0,0,0
0,0,0
0,0,0
0,0,0
0,0,0
0,0,0
0,0,0
0,0,0
0,0,0
0,0,0
0,0,0
0,0,0
0,0,0
0,0,0
0,0,0
0,0,0
0,0,0
0,0,0
0,0,0
0,0,0
0,0,0
0,0,0
0,0,0
0,0,0
0,0,0
0,0,0
0,0,0
0,0,0
0,0,0
0,0,0
0,0,0
0,0,0
0,0,0
0,0,0
0,0,0
0,0,0
0,0,0
0,0,0
0,0,0
0,0,0
0,0,0
0,0,0
0,0,0
0,0,0
0,0,0
0,0,0
0,0,0
0,0,0
0,0,0
0,0,0
0,0,0
0,0,0
0,0,0
0,0,0
0,0,0
0,0,0
0,0,0
0,0,0
0,0,0
0,0,0
0,0,0
0,0,0
0,0,0
0,0,0
0,0,0
0,0,0
0,0,0
0,0,0
0,0,0
0,0,0
0,0,0
0,0,0
0,0,0
0,0,0
0,0,0
0,0,0
0,0,0
0,0,0
0,0,0
0,0,0
0,0,0
0,0,0
0,0,0
0,0,0
0,0,0
0,0,0
0,0,0
0,0,0
0,0,0
0,0,0
0,0,0
0,0,0
0,0,0
0,0,0
0,0,0
0,0,0
0,0,0
0,0,0
0,0,0
0,0,0
0,0,0
0,0,0
0,0,0
0,0,0
0,0,0
0,0,0
0,0,0
0,0,0
0,0,0
0,0,0
0,0,0
0,0,0
0,0,0
0,0,0
0,0,0
0,0,0
0,0,0
0,0,0
0,0,0
0,0,0
0,0,0
0,0,0
0,0,0
0,0,0
0,0,0
0,0,0
0,0,0
0,0,0
0,0,0
0,0,0
0,0,0
0,0,0
0,0,0
0,0,0
0,0,0
0,0,0
0,0,0
0,0,0
0,0,0
0,0,0
0,0,0
0,0,0
0,0,0
0,0,0
0,0,0
0,0,0
0,0,0
0,0,0
0,0,0
0,0,0
0,0,0
0,0,0
0,0,0
0,0,0
0,0,0
0,0,0
0,0,0
0,0,0
0,0,0
0,0,0
0,0,0
0,0,0
0,0,0
0,0,0
0,0,0
0,0,0
0,0,0
0,0,0
0,0,0
0,0,0
0,0,0
0,0,0
0,0,0
0,0,0
0,0,0
0,0,0
0,0,0
0,0,0
0,0,0
0,0,0
0,0,0
0,0,0
0,0,0
0,0,0
0,0,0
0,0,0
0,0,0
0,0,0
0,0,0
0,0,0
0,0,0
0,0,0
0,0,0
0,0,0
0,0,0
0,0,0
0,0,0
0,0,0
0,0,0
0,0,0
0,0,0
0,0,0
0,0,0
0,0,0
0,0,0
0,0,0
0,0,0
0,0,0
0,0,0
0,0,0
0,0,0
0,0,0
0,0,0
0,0,0
0,0,0
0,0,0
0,0,0
0,0,0
0,0,0
0,0,0
0,0,0
0,0,0
0,0,0
0,0,0
0,0,0
0,0,0
0,0,0
0,0,0
0,0,0
0,0,0
0,0,0
0,0,0
0,0,0
0,0,0
0,0,0
0,0,0
0,0,0
0,0,0
0,0,0
0,0,0
0,0,0
0,0,0
0,0,0
0,0,0
0,0,0
0,0,0
0,0,0
0,0,0
0,0,0
0,0,0
0,0,0
0,0,0
0,0,0
0,0,0
0,0,0
0,0,0
0,0,0
0,0,0
0,0,0
0,0,0
0,0,0
0,0,0
0,0,0
0,0,0
0,0,0
0,0,0
0,0,0
0,0,0
0,0,0
0,0,0
0,0,0
0,0,0
0,0,0
0,0,0
0,0,0
0,0,0
0,0,0
0,0,0
0,0,0
0,0,0
0,0,0
0,0,0
0,0,0
0,0,0
0,0,0
0,0,0
0,0,0
0,0,0
0,0,0
0,0,0
0,0,0
0,0,0
0,0,0
0,0,0
0,0,0
0,0,0
0,0,0
0,0,0
0,0,0
0,0,0
0,0,0
0,0,0
0,0,0
0,0,0
0,0,0
0,0,0
0,0,0
0,0,0
0,0,0
0,0,0
0,0,0
0,0,0
0,0,0
0,0,0
0,0,0
0,0,0
0,0,0
0,0,0
0,0,0
0,0,0
0,0,0
0,0,0
0,0,0
0,0,0
0,0,0
0,0,0
0,0,0
0,0,0
0,0,0
0,0,0
0,0,0
0,0,0
0,0,0
0,0,0
0,0,0
0,0,0
0,0,0
0,0,0
0,0,0
0,0,0
0,0,0
0,0,0
0,0,0
0,0,0
0,0,0
0,0,0
0,0,0
0,0,0
0,0,0
0,0,0
0,0,0
0,0,0
0,0,0
0,0,0
0,0,0
0,0,0
0,0,0
0,0,0
0,0,0
0,0,0
0,0,0
0,0,0
0,0,0
0,0,0
0,0,0
0,0,0
0,0,0
0,0,0
0,0,0
0,0,0
0,0,0
0,0,0
0,0,0
0,0,0
0,0,0
0,0,0
0,0,0
0,0,0
0,0,0
0,0,0
0,0,0
0,0,0
0,0,0
0,0,0
0,0,0
0,0,0
0,0,0
0,0,0
0,0,0
0,0,0
0,0,0
0,0,0
0,0,0
0,0,0
0,0,0
0,0,0
0,0,0
0,0,0
0,0,0
0,0,0
0,0,0
0,0,0
0,0,0
0,0,0
0,0,0
0,0,0
0,0,0
0,0,0
0,0,0
0,0,0
0,0,0
0,0,0
0,0,0
0,0,0
0,0,0
0,0,0
0,0,0
0,0,0
0,0,0
0,0,0
0,0,0
0,0,0
0,0,0
0,0,0
0,0,0
0,0,0
0,0,0
0,0,0
0,0,0
0,0,0
0,0,0
0,0,0
0,0,0
0,0,0
0,0,0
0,0,0
0,0,0
0,0,0
0,0,0
0,0,0
0,0,0
0,0,0
0,0,0
0,0,0
0,0,0
0,0,0
0,0,0
0,0,0
0,0,0
0,0,0
0,0,0
0,0,0
0,0,0
0,0,0
0,0,0
0,0,0
0,0,0
0,0,0
0,0,0
0,0,0
0,0,0
0,0,0
0,0,0
0,0,0
0,0,0
0,0,0
0,0,0
0,0,0
0,0,0
0,0,0
0,0,0
0,0,0
0,0,0
0,0,0
0,0,0
0,0,0
0,0,0
0,0,0
0,0,0
0,0,0
0,0,0
0,0,0
0,0,0
0,0,0
0,0,0
0,0,0
0,0,0
0,0,0
0,0,0
0,0,0
0,0,0
0,0,0
0,0,0
0,0,0
0,0,0
0,0,0
0,0,0
0,0,0
0,0,0
0,0,0
0,0,0
0,0,0
0,0,0
0,0,0
0,0,0
0,0,0
0,0,0
0,0,0
0,0,0
0,0,0
0,0,0
0,0,0
0,0,0
0,0,0
0,0,0
0,0,0
0,0,0
0,0,0
0,0,0
0,0,0
0,0,0
0,0,0
0,0,0
0,0,0
0,0,0
0,0,0
0,0,0
0,0,0
0,0,0
0,0,0
0,0,0
0,0,0
0,0,0
0,0,0
0,0,0
0,0,0
0,0,0
0,0,0
0,0,0
0,0,0
0,0,0
0,0,0
0,0,0
0,0,0
0,0,0
0,0,0
0,0,0
0,0,0
0,0,0
0,0,0
0,0,0
0,0,0
0,0,0
0,0,0
0,0,0
0,0,0
0,0,0
0,0,0
0,0,0
0,0,0
0,0,0
0,0,0
0,0,0
0,0,0
0,0,0
0,0,0
0,0,0
0,0,0
0,0,0
0,0,0
0,0,0
0,0,0
0,0,0
0,0,0
0,0,0
0,0,0
0,0,0
0,0,0
0,0,0
0,0,0
0,0,0
0,0,0
0,0,0
0,0,0
0,0,0
0,0,0
0,0,0
0,0,0
0,0,0
0,0,0
0,0,0
0,0,0
0,0,0
0,0,0
0,0,0
0,0,0
0,0,0
0,0,0
0,0,0
0,0,0
0,0,0
0,0,0
0,0,0
0,0,0
0,0,0
0,0,0
0,0,0
0,0,0
0,0,0
0,0,0
0,0,0
0,0,0
0,0,0
0,0,0
0,0,0
0,0,0
0,0,0
0,0,0
0,0,0
0,0,0
0,0,0
0,0,0
0,0,0
0,0,0
0,0,0
0,0,0
0,0,0
0,0,0
0,0,0
0,0,0
0,0,0
0,0,0
0,0,0
0,0,0
0,0,0
0,0,0
0,0,0
0,0,0
0,0,0
0,0,0
0,0,0
0,0,0
0,0,0
0,0,0
0,0,0
0,0,0
0,0,0
0,0,0
0,0,0
0,0,0
0,0,0
0,0,0
0,0,0
0,0,0
0,0,0
0,0,0
0,0,0
0,0,0
0,0,0
0,0,0
0,0,0
0,0,0
0,0,0
0,0,0
0,0,0
0,0,0
0,0,0
0,0,0
0,0,0
0,0,0
0,0,0
0,0,0
0,0,0
0,0,0
0,0,0
0,0,0
0,0,0
0,0,0
0,0,0
0,0,0
0,0,0
0,0,0
0,0,0
0,0,0
0,0,0
0,0,0
0,0,0
0,0,0
0,0,0
0,0,0
0,0,0
0,0,0
0,0,0
0,0,0
0,0,0
0,0,0
0,0,0
0,0,0
0,0,0
0,0,0
0,0,0
0,0,0
0,0,0
0,0,0
0,0,0
0,0,0
0,0,0
0,0,0
0,0,0
0,0,0
0,0,0
0,0,0
0,0,0
0,0,0
0,0,0
0,0,0
0,0,0
0,0,0
0,0,0
0,0,0
0,0,0
0,0,0
0,0,0
0,0,0
0,0,0
0,0,0
0,0,0
0,0,0
0,0,0
0,0,0
0,0,0
0,0,0
0,0,0
0,0,0
0,0,0
0,0,0
0,0,0
0,0,0
0,0,0
0,0,0
0,0,0
0,0,0
0,0,0
0,0,0
0,0,0
0,0,0
0,0,0
0,0,0
0,0,0
0,0,0
0,0,0
0,0,0
0,0,0
0,0,0
0,0,0
0,0,0
0,0,0
0,0,0
9.10067,-15.374,5.75343
8.99368,-15.4082,5.7455
8.89042,-15.4482,5.74001
8.80674,-15.5224,5.74733
8.71831,-15.5886,5.7519
0,0,0
0,0,0
0,0,0
0,0,0
0,0,0
0,0,0
0,0,0
0,0,0
0,0,0
0,0,0
0,0,0
0,0,0
0,0,0
0,0,0
0,0,0
0,0,0
0,0,0
0,0,0
0,0,0
0,0,0
0,0,0
0,0,0
0,0,0
0,0,0
0,0,0
0,0,0
0,0,0
0,0,0
0,0,0
0,0,0
0,0,0
0,0,0
0,0,0
0,0,0
0,0,0
0,0,0
0,0,0
0,0,0
0,0,0
0,0,0
0,0,0
0,0,0
0,0,0
0,0,0
0,0,0
0,0,0
0,0,0
0,0,0
0,0,0
0,0,0
0,0,0
0,0,0
0,0,0
0,0,0
0,0,0
0,0,0
0,0,0
0,0,0
0,0,0
0,0,0
0,0,0
0,0,0
0,0,0
0,0,0
0,0,0
0,0,0
0,0,0
0,0,0
0,0,0
0,0,0
0,0,0
0,0,0
0,0,0
0,0,0
0,0,0
0,0,0
0,0,0
0,0,0
0,0,0
0,0,0
0,0,0
0,0,0
0,0,0
0,0,0
0,0,0
0,0,0
0,0,0
0,0,0
0,0,0
0,0,0
0,0,0
0,0,0
0,0,0
0,0,0
0,0,0
0,0,0
0,0,0
0,0,0
0,0,0
0,0,0
0,0,0
0,0,0
0,0,0
0,0,0
0,0,0
0,0,0
0,0,0
0,0,0
0,0,0
0,0,0
0,0,0
0,0,0
0,0,0
0,0,0
0,0,0
0,0,0
0,0,0
0,0,0
0,0,0
0,0,0
0,0,0
0,0,0
0,0,0
0,0,0
0,0,0
0,0,0
0,0,0
0,0,0
0,0,0
0,0,0
0,0,0
0,0,0
0,0,0
0,0,0
0,0,0
0,0,0
0,0,0
0,0,0
0,0,0
0,0,0
0,0,0
0,0,0
0,0,0
0,0,0
0,0,0
0,0,0
0,0,0
0,0,0
0,0,0
0,0,0
0,0,0
0,0,0
0,0,0
0,0,0
0,0,0
0,0,0
0,0,0
0,0,0
0,0,0
0,0,0
0,0,0
0,0,0
0,0,0
0,0,0
0,0,0
0,0,0
0,0,0
0,0,0
0,0,0
0,0,0
0,0,0
0,0,0
0,0,0
0,0,0
0,0,0
0,0,0
0,0,0
0,0,0
0,0,0
0,0,0
0,0,0
0,0,0
0,0,0
0,0,0
0,0,0
0,0,0
0,0,0
0,0,0
0,0,0
0,0,0
0,0,0
0,0,0
0,0,0
0,0,0
0,0,0
0,0,0
0,0,0
0,0,0
0,0,0
0,0,0
0,0,0
0,0,0
0,0,0
0,0,0
0,0,0
0,0,0
0,0,0
0,0,0
0,0,0
0,0,0
0,0,0
0,0,0
0,0,0
0,0,0
0,0,0
0,0,0
0,0,0
0,0,0
0,0,0
0,0,0
0,0,0
0,0,0
0,0,0
0,0,0
0,0,0
0,0,0
0,0,0
0,0,0
0,0,0
0,0,0
0,0,0
0,0,0
0,0,0
0,0,0
0,0,0
0,0,0
0,0,0
0,0,0
0,0,0
0,0,0
0,0,0
0,0,0
0,0,0
0,0,0
0,0,0
0,0,0
0,0,0
0,0,0
0,0,0
0,0,0
0,0,0
0,0,0
0,0,0
0,0,0
0,0,0
0,0,0
0,0,0
0,0,0
0,0,0
0,0,0
0,0,0
0,0,0
0,0,0
0,0,0
0,0,0
0,0,0
0,0,0
0,0,0
0,0,0
0,0,0
0,0,0
0,0,0
0,0,0
0,0,0
0,0,0
0,0,0
0,0,0
0,0,0
0,0,0
0,0,0
0,0,0
0,0,0
0,0,0
0,0,0
0,0,0
0,0,0
0,0,0
0,0,0
0,0,0
0,0,0
0,0,0
0,0,0
0,0,0
0,0,0
0,0,0
0,0,0
0,0,0
0,0,0
0,0,0
0,0,0
0,0,0
0,0,0
0,0,0
0,0,0
0,0,0
0,0,0
0,0,0
0,0,0
0,0,0
0,0,0
0,0,0
0,0,0
0,0,0
0,0,0
0,0,0
0,0,0
0,0,0
0,0,0
0,0,0
0,0,0
0,0,0
0,0,0
0,0,0
0,0,0
0,0,0
0,0,0
0,0,0
0,0,0
0,0,0
0,0,0
0,0,0
0,0,0
0,0,0
0,0,0
0,0,0
0,0,0
0,0,0
0,0,0
0,0,0
0,0,0
0,0,0
0,0,0
0,0,0
0,0,0
0,0,0
0,0,0
0,0,0
0,0,0
0,0,0
0,0,0
0,0,0
0,0,0
0,0,0
0,0,0
0,0,0
0,0,0
0,0,0
0,0,0
0,0,0
0,0,0
0,0,0
0,0,0
0,0,0
0,0,0
0,0,0
0,0,0
0,0,0
0,0,0
0,0,0
0,0,0
0,0,0
0,0,0
0,0,0
0,0,0
0,0,0
0,0,0
0,0,0
0,0,0
0,0,0
0,0,0
0,0,0
0,0,0
0,0,0
0,0,0
0,0,0
0,0,0
0,0,0
0,0,0
0,0,0
0,0,0
0,0,0
0,0,0
0,0,0
0,0,0
0,0,0
0,0,0
0,0,0
0,0,0
0,0,0
0,0,0
0,0,0
0,0,0
0,0,0
0,0,0
0,0,0
0,0,0
0,0,0
0,0,0
0,0,0
0,0,0
0,0,0
0,0,0
0,0,0
0,0,0
0,0,0
0,0,0
0,0,0
0,0,0
0,0,0
0,0,0
0,0,0
0,0,0
0,0,0
0,0,0
0,0,0
0,0,0
0,0,0
0,0,0
0,0,0
0,0,0
0,0,0
0,0,0
0,0,0
0,0,0
0,0,0
0,0,0
0,0,0
0,0,0
0,0,0
0,0,0
0,0,0
0,0,0
0,0,0
0,0,0
0,0,0
0,0,0
0,0,0
0,0,0
0,0,0
0,0,0
0,0,0
0,0,0
0,0,0
0,0,0
0,0,0
0,0,0
0,0,0
0,0,0
0,0,0
0,0,0
0,0,0
0,0,0
0,0,0
0,0,0
0,0,0
0,0,0
0,0,0
0,0,0
0,0,0
0,0,0
0,0,0
0,0,0
0,0,0
0,0,0
0,0,0
0,0,0
0,0,0
0,0,0
0,0,0
0,0,0
0,0,0
0,0,0
0,0,0
0,0,0
0,0,0
0,0,0
0,0,0
0,0,0
0,0,0
0,0,0
0,0,0
0,0,0
0,0,0
0,0,0
0,0,0
0,0,0
0,0,0
0,0,0
0,0,0
0,0,0
0,0,0
0,0,0
0,0,0
0,0,0
0,0,0
0,0,0
0,0,0
0,0,0
0,0,0
0,0,0
0,0,0
0,0,0
0,0,0
0,0,0
0,0,0
0,0,0
0,0,0
0,0,0
0,0,0
0,0,0
0,0,0
0,0,0
0,0,0
0,0,0
0,0,0
0,0,0
0,0,0
0,0,0
0,0,0
0,0,0
0,0,0
0,0,0
0,0,0
0,0,0
0,0,0
0,0,0
0,0,0
0,0,0
0,0,0
0,0,0
0,0,0
0,0,0
0,0,0
0,0,0
0,0,0
0,0,0
0,0,0
0,0,0
0,0,0
0,0,0
0,0,0
0,0,0
0,0,0
0,0,0
0,0,0
0,0,0
0,0,0
0,0,0
0,0,0
0,0,0
0,0,0
0,0,0
0,0,0
0,0,0
0,0,0
0,0,0
0,0,0
0,0,0
0,0,0
0,0,0
0,0,0
0,0,0
0,0,0
0,0,0
0,0,0
0,0,0
0,0,0
0,0,0
0,0,0
0,0,0
0,0,0
0,0,0
0,0,0
0,0,0
0,0,0
0,0,0
0,0,0
0,0,0
0,0,0
0,0,0
0,0,0
0,0,0
0,0,0
0,0,0
0,0,0
0,0,0
0,0,0
0,0,0
0,0,0
0,0,0
0,0,0
0,0,0
0,0,0
0,0,0
0,0,0
0,0,0
0,0,0
0,0,0
0,0,0
0,0,0
0,0,0
0,0,0
0,0,0
0,0,0
0,0,0
0,0,0
0,0,0
0,0,0
0,0,0
0,0,0
0,0,0
0,0,0
0,0,0
0,0,0
0,0,0
0,0,0
0,0,0
0,0,0
0,0,0
0,0,0
0,0,0
0,0,0
0,0,0
0,0,0
0,0,0
0,0,0
0,0,0
0,0,0
0,0,0
0,0,0
0,0,0
0,0,0
0,0,0
0,0,0
0,0,0
0,0,0
0,0,0
0,0,0
0,0,0
0,0,0
0,0,0
0,0,0
0,0,0
0,0,0
0,0,0
0,0,0
0,0,0
0,0,0
0,0,0
0,0,0
0,0,0
0,0,0
0,0,0
0,0,0
0,0,0
0,0,0
0,0,0
0,0,0
0,0,0
0,0,0
0,0,0
0,0,0
0,0,0
0,0,0
0,0,0
0,0,0
0,0,0
0,0,0
0,0,0
0,0,0
0,0,0
0,0,0
0,0,0
0,0,0
0,0,0
0,0,0
0,0,0
0,0,0
0,0,0
0,0,0
0,0,0
0,0,0
0,0,0
0,0,0
0,0,0
0,0,0
0,0,0
0,0,0
0,0,0
0,0,0
0,0,0
0,0,0
0,0,0
0,0,0
0,0,0
0,0,0
0,0,0
0,0,0
0,0,0
0,0,0
0,0,0
0,0,0
0,0,0
0,0,0
0,0,0
0,0,0
0,0,0
0,0,0
0,0,0
0,0,0
0,0,0
0,0,0
0,0,0
0,0,0
0,0,0
0,0,0
0,0,0
0,0,0
0,0,0
0,0,0
0,0,0
0,0,0
0,0,0
0,0,0
0,0,0
0,0,0
0,0,0
0,0,0
0,0,0
0,0,0
0,0,0
0,0,0
0,0,0
0,0,0
0,0,0
0,0,0
0,0,0
0,0,0
0,0,0
0,0,0
0,0,0
0,0,0
0,0,0
0,0,0
0,0,0
0,0,0
0,0,0
0,0,0
0,0,0
0,0,0
0,0,0
0,0,0
0,0,0
0,0,0
0,0,0
0,0,0
0,0,0
0,0,0
0,0,0
0,0,0
0,0,0
0,0,0
0,0,0
0,0,0
0,0,0
0,0,0
0,0,0
0,0,0
0,0,0
0,0,0
0,0,0
0,0,0
0,0,0
0,0,0
0,0,0
0,0,0
0,0,0
0,0,0
0,0,0
0,0,0
0,0,0
0,0,0
0,0,0
0,0,0
0,0,0
0,0,0
0,0,0
0,0,0
0,0,0
0,0,0
0,0,0
0,0,0
0,0,0
0,0,0
0,0,0
0,0,0
0,0,0
0,0,0
0,0,0
0,0,0
0,0,0
0,0,0
0,0,0
0,0,0
0,0,0
0,0,0
0,0,0
0,0,0
0,0,0
0,0,0
0,0,0
0,0,0
0,0,0
0,0,0
0,0,0
0,0,0
0,0,0
0,0,0
0,0,0
0,0,0
0,0,0
0,0,0
0,0,0
0,0,0
0,0,0
0,0,0
0,0,0
0,0,0
0,0,0
0,0,0
0,0,0
0,0,0
0,0,0
0,0,0
0,0,0
0,0,0
0,0,0
0,0,0
0,0,0
0,0,0
0,0,0
0,0,0
0,0,0
0,0,0
0,0,0
0,0,0
0,0,0
0,0,0
0,0,0
0,0,0
0,0,0
0,0,0
0,0,0
0,0,0
0,0,0
0,0,0
0,0,0
0,0,0
0,0,0
0,0,0
0,0,0
0,0,0
0,0,0
0,0,0
0,0,0
0,0,0
0,0,0
0,0,0
0,0,0
0,0,0
0,0,0
0,0,0
0,0,0
0,0,0
0,0,0
0,0,0
0,0,0
0,0,0
0,0,0
0,0,0
0,0,0
0,0,0
0,0,0
0,0,0
0,0,0
0,0,0
0,0,0
0,0,0
0,0,0
0,0,0
0,0,0
0,0,0
0,0,0
0,0,0
0,0,0
0,0,0
0,0,0
0,0,0
0,0,0
0,0,0
0,0,0
0,0,0
0,0,0
0,0,0
0,0,0
0,0,0
0,0,0
0,0,0
0,0,0
0,0,0
0,0,0
0,0,0
0,0,0
0,0,0
0,0,0
0,0,0
0,0,0
0,0,0
0,0,0
0,0,0
0,0,0
0,0,0
0,0,0
0,0,0
0,0,0
0,0,0
0,0,0
0,0,0
0,0,0
0,0,0
0,0,0
0,0,0
0,0,0
0,0,0
0,0,0
0,0,0
0,0,0
0,0,0
0,0,0
0,0,0
0,0,0
0,0,0
0,0,0
0,0,0
0,0,0
0,0,0
0,0,0
0,0,0
0,0,0
0,0,0
0,0,0
0,0,0
0,0,0
0,0,0
0,0,0
0,0,0
0,0,0
0,0,0
0,0,0
0,0,0
0,0,0
0,0,0
0,0,0
0,0,0
0,0,0
0,0,0
0,0,0
0,0,0
0,0,0
0,0,0
0,0,0
0,0,0
0,0,0
0,0,0
0,0,0
0,0,0
0,0,0
0,0,0
0,0,0
0,0,0
0,0,0
0,0,0
0,0,0
0,0,0
0,0,0
0,0,0
0,0,0
0,0,0
0,0,0
0,0,0
0,0,0
0,0,0
0,0,0
9.11975,-15.4002,5.54427
9.00774,-15.4261,5.53367
8.89432,-15.4488,5.52219
8.81351,-15.528,5.53102
8.72927,-15.6018,5.53809
0,0,0
0,0,0
0,0,0
0,0,0
0,0,0
0,0,0
0,0,0
0,0,0
0,0,0
0,0,0
0,0,0
0,0,0
0,0,0
0,0,0
0,0,0
0,0,0
0,0,0
0,0,0
0,0,0
0,0,0
0,0,0
0,0,0
0,0,0
0,0,0
0,0,0
0,0,0
0,0,0
0,0,0
0,0,0
0,0,0
0,0,0
0,0,0
0,0,0
0,0,0
0,0,0
0,0,0
0,0,0
0,0,0
0,0,0
0,0,0
0,0,0
0,0,0
0,0,0
0,0,0
0,0,0
0,0,0
0,0,0
0,0,0
0,0,0
0,0,0
0,0,0
0,0,0
0,0,0
0,0,0
0,0,0
0,0,0
0,0,0
0,0,0
0,0,0
0,0,0
0,0,0
0,0,0
0,0,0
0,0,0
0,0,0
0,0,0
0,0,0
0,0,0
0,0,0
0,0,0
0,0,0
0,0,0
0,0,0
0,0,0
0,0,0
0,0,0
0,0,0
0,0,0
0,0,0
0,0,0
0,0,0
0,0,0
0,0,0
0,0,0
0,0,0
0,0,0
0,0,0
0,0,0
0,0,0
0,0,0
0,0,0
0,0,0
0,0,0
0,0,0
0,0,0
0,0,0
0,0,0
0,0,0
0,0,0
0,0,0
0,0,0
0,0,0
0,0,0
0,0,0
0,0,0
0,0,0
0,0,0
0,0,0
0,0,0
0,0,0
0,0,0
0,0,0
0,0,0
0,0,0
0,0,0
0,0,0
0,0,0
0,0,0
0,0,0
0,0,0
0,0,0
0,0,0
0,0,0
0,0,0
0,0,0
0,0,0
0,0,0
0,0,0
0,0,0
0,0,0
0,0,0
0,0,0
0,0,0
0,0,0
0,0,0
0,0,0
0,0,0
0,0,0
0,0,0
0,0,0
0,0,0
0,0,0
0,0,0
0,0,0
0,0,0
0,0,0
0,0,0
0,0,0
0,0,0
0,0,0
0,0,0
0,0,0
0,0,0
0,0,0
0,0,0
0,0,0
0,0,0
0,0,0
0,0,0
0,0,0
0,0,0
0,0,0
0,0,0
0,0,0
0,0,0
0,0,0
0,0,0
0,0,0
0,0,0
0,0,0
0,0,0
0,0,0
0,0,0
0,0,0
0,0,0
0,0,0
0,0,0
0,0,0
0,0,0
0,0,0
0,0,0
0,0,0
0,0,0
0,0,0
0,0,0
0,0,0
0,0,0
0,0,0
0,0,0
0,0,0
0,0,0
0,0,0
0,0,0
0,0,0
0,0,0
0,0,0
0,0,0
0,0,0
0,0,0
0,0,0
0,0,0
0,0,0
0,0,0
0,0,0
0,0,0
0,0,0
0,0,0
0,0,0
0,0,0
0,0,0
0,0,0
0,0,0
0,0,0
0,0,0
0,0,0
0,0,0
0,0,0
0,0,0
0,0,0
0,0,0
0,0,0
0,0,0
0,0,0
0,0,0
0,0,0
0,0,0
0,0,0
0,0,0
0,0,0
0,0,0
0,0,0
0,0,0
0,0,0
0,0,0
0,0,0
0,0,0
0,0,0
0,0,0
0,0,0
0,0,0
0,0,0
0,0,0
0,0,0
0,0,0
0,0,0
0,0,0
0,0,0
0,0,0
0,0,0
0,0,0
0,0,0
0,0,0
0,0,0
0,0,0
0,0,0
0,0,0
0,0,0
0,0,0
0,0,0
0,0,0
0,0,0
0,0,0
0,0,0
0,0,0
0,0,0
0,0,0
0,0,0
0,0,0
0,0,0
0,0,0
0,0,0
0,0,0
0,0,0
0,0,0
0,0,0
0,0,0
0,0,0
0,0,0
0,0,0
0,0,0
0,0,0
0,0,0
0,0,0
0,0,0
0,0,0
0,0,0
0,0,0
0,0,0
0,0,0
0,0,0
0,0,0
0,0,0
0,0,0
0,0,0
0,0,0
0,0,0
0,0,0
0,0,0
0,0,0
0,0,0
0,0,0
0,0,0
0,0,0
0,0,0
0,0,0
0,0,0
0,0,0
0,0,0
0,0,0
0,0,0
0,0,0
0,0,0
0,0,0
0,0,0
0,0,0
0,0,0
0,0,0
0,0,0
0,0,0
0,0,0
0,0,0
0,0,0
0,0,0
0,0,0
0,0,0
0,0,0
0,0,0
0,0,0
0,0,0
0,0,0
0,0,0
0,0,0
0,0,0
0,0,0
0,0,0
0,0,0
0,0,0
0,0,0
0,0,0
0,0,0
0,0,0
0,0,0
0,0,0
0,0,0
0,0,0
0,0,0
0,0,0
0,0,0
0,0,0
0,0,0
0,0,0
0,0,0
0,0,0
0,0,0
0,0,0
0,0,0
0,0,0
0,0,0
0,0,0
0,0,0
0,0,0
0,0,0
0,0,0
0,0,0
0,0,0
0,0,0
0,0,0
0,0,0
0,0,0
0,0,0
0,0,0
0,0,0
0,0,0
0,0,0
0,0,0
0,0,0
0,0,0
0,0,0
0,0,0
0,0,0
0,0,0
0,0,0
0,0,0
0,0,0
0,0,0
0,0,0
0,0,0
0,0,0
0,0,0
0,0,0
0,0,0
0,0,0
0,0,0
0,0,0
0,0,0
0,0,0
0,0,0
0,0,0
0,0,0
0,0,0
0,0,0
0,0,0
0,0,0
0,0,0
0,0,0
0,0,0
0,0,0
0,0,0
0,0,0
0,0,0
0,0,0
0,0,0
0,0,0
0,0,0
0,0,0
0,0,0
0,0,0
0,0,0
0,0,0
0,0,0
0,0,0
0,0,0
0,0,0
0,0,0
0,0,0
0,0,0
0,0,0
0,0,0
0,0,0
0,0,0
0,0,0
0,0,0
0,0,0
0,0,0
0,0,0
0,0,0
0,0,0
0,0,0
0,0,0
0,0,0
0,0,0
0,0,0
0,0,0
0,0,0
0,0,0
0,0,0
0,0,0
0,0,0
0,0,0
0,0,0
0,0,0
0,0,0
0,0,0
0,0,0
0,0,0
0,0,0
0,0,0
0,0,0
0,0,0
0,0,0
0,0,0
0,0,0
0,0,0
0,0,0
0,0,0
0,0,0
0,0,0
0,0,0
0,0,0
0,0,0
0,0,0
0,0,0
0,0,0
0,0,0
0,0,0
0,0,0
0,0,0
0,0,0
0,0,0
0,0,0
0,0,0
0,0,0
0,0,0
0,0,0
0,0,0
0,0,0
0,0,0
0,0,0
0,0,0
0,0,0
0,0,0
0,0,0
0,0,0
0,0,0
0,0,0
0,0,0
0,0,0
0,0,0
0,0,0
0,0,0
0,0,0
0,0,0
0,0,0
0,0,0
0,0,0
0,0,0
0,0,0
0,0,0
0,0,0
0,0,0
0,0,0
0,0,0
0,0,0
0,0,0
0,0,0
0,0,0
0,0,0
0,0,0
0,0,0
0,0,0
0,0,0
0,0,0
0,0,0
0,0,0
0,0,0
0,0,0
0,0,0
0,0,0
0,0,0
0,0,0
0,0,0
0,0,0
0,0,0
0,0,0
0,0,0
0,0,0
0,0,0
0,0,0
0,0,0
0,0,0
0,0,0
0,0,0
0,0,0
0,0,0
0,0,0
0,0,0
0,0,0
0,0,0
0,0,0
0,0,0
0,0,0
0,0,0
0,0,0
0,0,0
0,0,0
0,0,0
0,0,0
0,0,0
0,0,0
0,0,0
0,0,0
0,0,0
0,0,0
0,0,0
0,0,0
0,0,0
0,0,0
0,0,0
0,0,0
0,0,0
0,0,0
0,0,0
0,0,0
0,0,0
0,0,0
0,0,0
0,0,0
0,0,0
0,0,0
0,0,0
0,0,0
0,0,0
0,0,0
0,0,0
0,0,0
0,0,0
0,0,0
0,0,0
0,0,0
0,0,0
0,0,0
0,0,0
0,0,0
0,0,0
0,0,0
0,0,0
0,0,0
0,0,0
0,0,0
0,0,0
0,0,0
0,0,0
0,0,0
0,0,0
0,0,0
0,0,0
0,0,0
0,0,0
0,0,0
0,0,0
0,0,0
0,0,0
0,0,0
0,0,0
0,0,0
0,0,0
0,0,0
0,0,0
0,0,0
0,0,0
0,0,0
0,0,0
0,0,0
0,0,0
0,0,0
0,0,0
0,0,0
0,0,0
0,0,0
0,0,0
0,0,0
0,0,0
0,0,0
0,0,0
0,0,0
0,0,0
0,0,0
0,0,0
0,0,0
0,0,0
0,0,0
0,0,0
0,0,0
0,0,0
0,0,0
0,0,0
0,0,0
0,0,0
0,0,0
0,0,0
0,0,0
0,0,0
0,0,0
0,0,0
0,0,0
0,0,0
0,0,0
0,0,0
0,0,0
0,0,0
0,0,0
0,0,0
0,0,0
0,0,0
0,0,0
0,0,0
0,0,0
0,0,0
0,0,0
0,0,0
0,0,0
0,0,0
0,0,0
0,0,0
0,0,0
0,0,0
0,0,0
0,0,0
0,0,0
0,0,0
0,0,0
0,0,0
0,0,0
0,0,0
0,0,0
0,0,0
0,0,0
0,0,0
0,0,0
0,0,0
0,0,0
0,0,0
0,0,0
0,0,0
0,0,0
0,0,0
0,0,0
0,0,0
0,0,0
0,0,0
0,0,0
0,0,0
0,0,0
0,0,0
0,0,0
0,0,0
0,0,0
0,0,0
0,0,0
0,0,0
0,0,0
0,0,0
0,0,0
0,0,0
0,0,0
0,0,0
0,0,0
0,0,0
0,0,0
0,0,0
0,0,0
0,0,0
0,0,0
0,0,0
0,0,0
0,0,0
0,0,0
0,0,0
0,0,0
0,0,0
0,0,0
0,0,0
0,0,0
0,0,0
0,0,0
0,0,0
0,0,0
0,0,0
0,0,0
0,0,0
0,0,0
0,0,0
0,0,0
0,0,0
0,0,0
0,0,0
0,0,0
0,0,0
0,0,0
0,0,0
0,0,0
0,0,0
0,0,0
0,0,0
0,0,0
0,0,0
0,0,0
0,0,0
0,0,0
0,0,0
0,0,0
0,0,0
0,0,0
0,0,0
0,0,0
0,0,0
0,0,0
0,0,0
0,0,0
0,0,0
0,0,0
0,0,0
0,0,0
0,0,0
0,0,0
0,0,0
0,0,0
0,0,0
0,0,0
0,0,0
0,0,0
0,0,0
0,0,0
0,0,0
0,0,0
0,0,0
0,0,0
0,0,0
0,0,0
0,0,0
0,0,0
0,0,0
0,0,0
0,0,0
0,0,0
0,0,0
0,0,0
0,0,0
0,0,0
0,0,0
0,0,0
0,0,0
0,0,0
0,0,0
0,0,0
0,0,0
0,0,0
0,0,0
0,0,0
0,0,0
0,0,0
0,0,0
0,0,0
0,0,0
0,0,0
0,0,0
0,0,0
0,0,0
0,0,0
0,0,0
0,0,0
0,0,0
0,0,0
0,0,0
0,0,0
0,0,0
0,0,0
0,0,0
0,0,0
0,0,0
0,0,0
0,0,0
0,0,0
0,0,0
0,0,0
0,0,0
0,0,0
0,0,0
0,0,0
0,0,0
0,0,0
0,0,0
0,0,0
0,0,0
0,0,0
0,0,0
0,0,0
0,0,0
0,0,0
0,0,0
0,0,0
0,0,0
0,0,0
0,0,0
0,0,0
0,0,0
0,0,0
0,0,0
0,0,0
0,0,0
0,0,0
0,0,0
0,0,0
0,0,0
0,0,0
0,0,0
0,0,0
0,0,0
0,0,0
0,0,0
0,0,0
0,0,0
0,0,0
0,0,0
0,0,0
0,0,0
0,0,0
0,0,0
0,0,0
0,0,0
0,0,0
0,0,0
0,0,0
0,0,0
0,0,0
0,0,0
0,0,0
0,0,0
0,0,0
0,0,0
0,0,0
0,0,0
0,0,0
0,0,0
0,0,0
0,0,0
0,0,0
0,0,0
0,0,0
0,0,0
0,0,0
0,0,0
0,0,0
0,0,0
0,0,0
0,0,0
0,0,0
0,0,0
0,0,0
0,0,0
0,0,0
0,0,0
0,0,0
0,0,0
0,0,0
0,0,0
0,0,0
0,0,0
0,0,0
0,0,0
0,0,0
0,0,0
0,0,0
0,0,0
0,0,0
0,0,0
0,0,0
0,0,0
0,0,0
0,0,0
0,0,0
0,0,0
0,0,0
0,0,0
0,0,0
0,0,0
0,0,0
0,0,0
0,0,0
0,0,0
0,0,0
0,0,0
0,0,0
0,0,0
0,0,0
0,0,0
0,0,0
0,0,0
0,0,0
0,0,0
0,0,0
0,0,0
0,0,0
0,0,0
0,0,0
0,0,0
0,0,0
0,0,0
0,0,0
0,0,0
0,0,0
0,0,0
0,0,0
0,0,0
0,0,0
0,0,0
0,0,0
0,0,0
0,0,0
0,0,0
0,0,0
0,0,0
0,0,0
0,0,0
0,0,0
0,0,0
0,0,0
0,0,0
0,0,0
0,0,0
0,0,0
0,0,0
0,0,0
0,0,0
0,0,0
0,0,0
0,0,0
0,0,0
0,0,0
0,0,0
0,0,0
0,0,0
0,0,0
0,0,0
0,0,0
0,0,0
0,0,0
0,0,0
0,0,0
0,0,0
0,0,0
0,0,0
0,0,0
0,0,0
0,0,0
0,0,0
0,0,0
0,0,0
0,0,0
0,0,0
0,0,0
0,0,0
0,0,0
0,0,0
0,0,0
0,0,0
0,0,0
0,0,0
0,0,0
0,0,0
0,0,0
0,0,0
0,0,0
0,0,0
0,0,0
0,0,0
0,0,0
0,0,0
0,0,0
0,0,0
0,0,0
0,0,0
0,0,0
0,0,0
0,0,0
9.1141,-15.3967,5.32121
8.9832,-15.3903,5.29994
8.88286,-15.4351,5.29654
8.79224,-15.4968,5.29909
8.72601,-15.6024,5.31667
0,0,0
0,0,0
0,0,0
0,0,0
0,0,0
0,0,0
0,0,0
0,0,0
0,0,0
0,0,0
0,0,0
0,0,0
0,0,0
0,0,0
0,0,0
0,0,0
0,0,0
0,0,0
0,0,0
0,0,0
0,0,0
0,0,0
0,0,0
0,0,0
0,0,0
0,0,0
0,0,0
0,0,0
0,0,0
0,0,0
0,0,0
0,0,0
0,0,0
0,0,0
0,0,0
0,0,0
0,0,0
0,0,0
0,0,0
0,0,0
0,0,0
0,0,0
0,0,0
0,0,0
0,0,0
0,0,0
0,0,0
0,0,0
0,0,0
0,0,0
0,0,0
0,0,0
0,0,0
0,0,0
0,0,0
0,0,0
0,0,0
0,0,0
0,0,0
0,0,0
0,0,0
0,0,0
0,0,0
0,0,0
0,0,0
0,0,0
0,0,0
0,0,0
0,0,0
0,0,0
0,0,0
0,0,0
0,0,0
0,0,0
0,0,0
0,0,0
0,0,0
0,0,0
0,0,0
0,0,0
0,0,0
0,0,0
0,0,0
0,0,0
0,0,0
0,0,0
0,0,0
0,0,0
0,0,0
0,0,0
0,0,0
0,0,0
0,0,0
0,0,0
0,0,0
0,0,0
0,0,0
0,0,0
0,0,0
0,0,0
0,0,0
0,0,0
0,0,0
0,0,0
0,0,0
0,0,0
0,0,0
0,0,0
0,0,0
0,0,0
0,0,0
0,0,0
0,0,0
0,0,0
0,0,0
0,0,0
0,0,0
0,0,0
0,0,0
0,0,0
0,0,0
0,0,0
0,0,0
0,0,0
0,0,0
0,0,0
0,0,0
0,0,0
0,0,0
0,0,0
0,0,0
0,0,0
0,0,0
0,0,0
0,0,0
0,0,0
0,0,0
0,0,0
0,0,0
0,0,0
0,0,0
0,0,0
0,0,0
0,0,0
0,0,0
0,0,0
0,0,0
0,0,0
0,0,0
0,0,0
0,0,0
0,0,0
0,0,0
0,0,0
0,0,0
0,0,0
0,0,0
0,0,0
0,0,0
0,0,0
0,0,0
0,0,0
0,0,0
0,0,0
0,0,0
0,0,0
0,0,0
0,0,0
0,0,0
0,0,0
0,0,0
0,0,0
0,0,0
0,0,0
0,0,0
0,0,0
0,0,0
0,0,0
0,0,0
0,0,0
0,0,0
0,0,0
0,0,0
0,0,0
0,0,0
0,0,0
0,0,0
0,0,0
0,0,0
0,0,0
0,0,0
0,0,0
0,0,0
0,0,0
0,0,0
0,0,0
0,0,0
0,0,0
0,0,0
0,0,0
0,0,0
0,0,0
0,0,0
0,0,0
0,0,0
0,0,0
0,0,0
0,0,0
0,0,0
0,0,0
0,0,0
0,0,0
0,0,0
0,0,0
0,0,0
0,0,0
0,0,0
0,0,0
0,0,0
0,0,0
0,0,0
0,0,0
0,0,0
0,0,0
0,0,0
0,0,0
0,0,0
0,0,0
0,0,0
0,0,0
0,0,0
0,0,0
0,0,0
0,0,0
0,0,0
0,0,0
0,0,0
0,0,0
0,0,0
0,0,0
0,0,0
0,0,0
0,0,0
0,0,0
0,0,0
0,0,0
0,0,0
0,0,0
0,0,0
0,0,0
0,0,0
0,0,0
0,0,0
0,0,0
0,0,0
0,0,0
0,0,0
0,0,0
0,0,0
0,0,0
0,0,0
0,0,0
0,0,0
0,0,0
0,0,0
0,0,0
0,0,0
0,0,0
0,0,0
0,0,0
0,0,0
0,0,0
0,0,0
0,0,0
0,0,0
0,0,0
0,0,0
0,0,0
0,0,0
0,0,0
0,0,0
0,0,0
0,0,0
0,0,0
0,0,0
0,0,0
0,0,0
0,0,0
0,0,0
0,0,0
0,0,0
0,0,0
0,0,0
0,0,0
0,0,0
0,0,0
0,0,0
0,0,0
0,0,0
0,0,0
0,0,0
0,0,0
0,0,0
0,0,0
0,0,0
0,0,0
0,0,0
0,0,0
0,0,0
0,0,0
0,0,0
0,0,0
0,0,0
0,0,0
0,0,0
0,0,0
0,0,0
0,0,0
0,0,0
0,0,0
0,0,0
0,0,0
0,0,0
0,0,0
0,0,0
0,0,0
0,0,0
0,0,0
0,0,0
0,0,0
0,0,0
0,0,0
0,0,0
0,0,0
0,0,0
0,0,0
0,0,0
0,0,0
0,0,0
0,0,0
0,0,0
0,0,0
0,0,0
0,0,0
0,0,0
0,0,0
0,0,0
0,0,0
0,0,0
0,0,0
0,0,0
0,0,0
0,0,0
0,0,0
0,0,0
0,0,0
0,0,0
0,0,0
0,0,0
0,0,0
0,0,0
0,0,0
0,0,0
0,0,0
0,0,0
0,0,0
0,0,0
0,0,0
0,0,0
0,0,0
0,0,0
0,0,0
0,0,0
0,0,0
0,0,0
0,0,0
0,0,0
0,0,0
0,0,0
0,0,0
0,0,0
0,0,0
0,0,0
0,0,0
0,0,0
0,0,0
0,0,0
0,0,0
0,0,0
0,0,0
0,0,0
0,0,0
0,0,0
0,0,0
0,0,0
0,0,0
0,0,0
0,0,0
0,0,0
0,0,0
0,0,0
0,0,0
0,0,0
0,0,0
0,0,0
0,0,0
0,0,0
0,0,0
0,0,0
0,0,0
0,0,0
0,0,0
0,0,0
0,0,0
0,0,0
0,0,0
0,0,0
0,0,0
0,0,0
0,0,0
0,0,0
0,0,0
0,0,0
0,0,0
0,0,0
0,0,0
0,0,0
0,0,0
0,0,0
0,0,0
0,0,0
0,0,0
0,0,0
0,0,0
0,0,0
0,0,0
0,0,0
0,0,0
0,0,0
0,0,0
0,0,0
0,0,0
0,0,0
0,0,0
0,0,0
0,0,0
0,0,0
0,0,0
0,0,0
0,0,0
0,0,0
0,0,0
0,0,0
0,0,0
0,0,0
0,0,0
0,0,0
0,0,0
0,0,0
0,0,0
0,0,0
0,0,0
0,0,0
0,0,0
0,0,0
0,0,0
0,0,0
0,0,0
0,0,0
0,0,0
0,0,0
0,0,0
0,0,0
0,0,0
0,0,0
0,0,0
0,0,0
0,0,0
0,0,0
0,0,0
0,0,0
0,0,0
0,0,0
0,0,0
0,0,0
0,0,0
0,0,0
0,0,0
0,0,0
0,0,0
0,0,0
0,0,0
0,0,0
0,0,0
0,0,0
0,0,0
0,0,0
0,0,0
0,0,0
0,0,0
0,0,0
0,0,0
0,0,0
0,0,0
0,0,0
0,0,0
0,0,0
0,0,0
0,0,0
0,0,0
0,0,0
0,0,0
0,0,0
0,0,0
0,0,0
0,0,0
0,0,0
0,0,0
0,0,0
0,0,0
0,0,0
0,0,0
0,0,0
0,0,0
0,0,0
0,0,0
0,0,0
0,0,0
0,0,0
0,0,0
0,0,0
0,0,0
0,0,0
0,0,0
0,0,0
0,0,0
0,0,0
0,0,0
0,0,0
0,0,0
0,0,0
0,0,0
0,0,0
0,0,0
0,0,0
0,0,0
0,0,0
0,0,0
0,0,0
0,0,0
0,0,0
0,0,0
0,0,0
0,0,0
0,0,0
0,0,0
0,0,0
0,0,0
0,0,0
0,0,0
0,0,0
0,0,0
0,0,0
0,0,0
0,0,0
0,0,0
0,0,0
0,0,0
0,0,0
0,0,0
0,0,0
0,0,0
0,0,0
0,0,0
0,0,0
0,0,0
0,0,0
0,0,0
0,0,0
0,0,0
0,0,0
0,0,0
0,0,0
0,0,0
0,0,0
0,0,0
0,0,0
0,0,0
0,0,0
0,0,0
0,0,0
0,0,0
0,0,0
0,0,0
0,0,0
0,0,0
0,0,0
0,0,0
0,0,0
0,0,0
0,0,0
0,0,0
0,0,0
0,0,0
0,0,0
0,0,0
0,0,0
0,0,0
0,0,0
0,0,0
0,0,0
0,0,0
0,0,0
0,0,0
0,0,0
0,0,0
0,0,0
0,0,0
0,0,0
0,0,0
0,0,0
0,0,0
0,0,0
0,0,0
0,0,0
0,0,0
0,0,0
0,0,0
0,0,0
0,0,0
0,0,0
0,0,0
0,0,0
0,0,0
0,0,0
0,0,0
0,0,0
0,0,0
0,0,0
0,0,0
0,0,0
0,0,0
0,0,0
0,0,0
0,0,0
0,0,0
0,0,0
0,0,0
0,0,0
0,0,0
0,0,0
0,0,0
0,0,0
0,0,0
0,0,0
0,0,0
0,0,0
0,0,0
0,0,0
0,0,0
0,0,0
0,0,0
0,0,0
0,0,0
0,0,0
0,0,0
0,0,0
0,0,0
0,0,0
0,0,0
0,0,0
0,0,0
0,0,0
0,0,0
0,0,0
0,0,0
0,0,0
0,0,0
0,0,0
0,0,0
0,0,0
0,0,0
0,0,0
0,0,0
0,0,0
0,0,0
0,0,0
0,0,0
0,0,0
0,0,0
0,0,0
0,0,0
0,0,0
0,0,0
0,0,0
0,0,0
0,0,0
0,0,0
0,0,0
0,0,0
0,0,0
0,0,0
0,0,0
0,0,0
0,0,0
0,0,0
0,0,0
0,0,0
0,0,0
0,0,0
0,0,0
0,0,0
0,0,0
0,0,0
0,0,0
0,0,0
0,0,0
0,0,0
0,0,0
0,0,0
0,0,0
0,0,0
0,0,0
0,0,0
0,0,0
0,0,0
0,0,0
0,0,0
0,0,0
0,0,0
0,0,0
0,0,0
0,0,0
0,0,0
0,0,0
0,0,0
0,0,0
0,0,0
0,0,0
0,0,0
0,0,0
0,0,0
0,0,0
0,0,0
0,0,0
0,0,0
0,0,0
0,0,0
0,0,0
0,0,0
0,0,0
0,0,0
0,0,0
0,0,0
0,0,0
0,0,0
0,0,0
0,0,0
0,0,0
0,0,0
0,0,0
0,0,0
0,0,0
0,0,0
0,0,0
0,0,0
0,0,0
0,0,0
0,0,0
0,0,0
0,0,0
0,0,0
0,0,0
0,0,0
0,0,0
0,0,0
0,0,0
0,0,0
0,0,0
0,0,0
0,0,0
0,0,0
0,0,0
0,0,0
0,0,0
0,0,0
0,0,0
0,0,0
0,0,0
0,0,0
0,0,0
0,0,0
0,0,0
0,0,0
0,0,0
0,0,0
0,0,0
0,0,0
0,0,0
0,0,0
0,0,0
0,0,0
0,0,0
0,0,0
0,0,0
0,0,0
0,0,0
0,0,0
0,0,0
0,0,0
0,0,0
0,0,0
0,0,0
0,0,0
0,0,0
0,0,0
0,0,0
0,0,0
0,0,0
0,0,0
0,0,0
0,0,0
0,0,0
0,0,0
0,0,0
0,0,0
0,0,0
0,0,0
0,0,0
0,0,0
0,0,0
0,0,0
0,0,0
0,0,0
0,0,0
0,0,0
0,0,0
0,0,0
0,0,0
0,0,0
0,0,0
0,0,0
0,0,0
0,0,0
0,0,0
0,0,0
0,0,0
0,0,0
0,0,0
0,0,0
0,0,0
0,0,0
0,0,0
0,0,0
0,0,0
0,0,0
0,0,0
0,0,0
0,0,0
0,0,0
0,0,0
0,0,0
0,0,0
0,0,0
0,0,0
0,0,0
0,0,0
0,0,0
0,0,0
0,0,0
0,0,0
0,0,0
0,0,0
0,0,0
0,0,0
0,0,0
0,0,0
0,0,0
0,0,0
0,0,0
0,0,0
0,0,0
0,0,0
0,0,0
0,0,0
0,0,0
0,0,0
0,0,0
0,0,0
0,0,0
0,0,0
0,0,0
0,0,0
0,0,0
0,0,0
0,0,0
0,0,0
0,0,0
0,0,0
0,0,0
0,0,0
0,0,0
0,0,0
0,0,0
0,0,0
0,0,0
0,0,0
0,0,0
0,0,0
0,0,0
0,0,0
0,0,0
0,0,0
0,0,0
0,0,0
0,0,0
0,0,0
0,0,0
0,0,0
0,0,0
0,0,0
0,0,0
0,0,0
0,0,0
0,0,0
0,0,0
0,0,0
0,0,0
0,0,0
0,0,0
0,0,0
0,0,0
0,0,0
0,0,0
0,0,0
0,0,0
0,0,0
0,0,0
0,0,0
0,0,0
0,0,0
0,0,0
0,0,0
0,0,0
0,0,0
0,0,0
0,0,0
0,0,0
0,0,0
0,0,0
0,0,0
0,0,0
0,0,0
0,0,0
0,0,0
0,0,0
0,0,0
0,0,0
0,0,0
0,0,0
0,0,0
0,0,0
0,0,0
0,0,0
0,0,0
0,0,0
0,0,0
0,0,0
0,0,0
0,0,0
0,0,0
0,0,0
0,0,0
0,0,0
0,0,0
0,0,0
0,0,0
0,0,0
0,0,0
0,0,0
0,0,0
0,0,0
0,0,0
0,0,0
0,0,0
0,0,0
0,0,0
0,0,0
0,0,0
0,0,0
0,0,0
0,0,0
0,0,0
0,0,0
0,0,0
0,0,0
0,0,0
0,0,0
0,0,0
0,0,0
0,0,0
0,0,0
0,0,0
9.13349,-15.4234,5.10731
9.00714,-15.4251,5.0896
8.90465,-15.4667,5.08524
8.81955,-15.5387,5.09096
8.73391,-15.6101,5.09669
0,0,0
0,0,0
0,0,0
0,0,0
0,0,0
0,0,0
0,0,0
0,0,0
0,0,0
0,0,0
0,0,0
0,0,0
0,0,0
0,0,0
0,0,0
0,0,0
0,0,0
0,0,0
0,0,0
0,0,0
0,0,0
0,0,0
0,0,0
0,0,0
0,0,0
0,0,0
0,0,0
0,0,0
0,0,0
0,0,0
0,0,0
0,0,0
0,0,0
0,0,0
0,0,0
0,0,0
0,0,0
0,0,0
0,0,0
0,0,0
0,0,0
0,0,0
0,0,0
0,0,0
0,0,0
0,0,0
0,0,0
0,0,0
0,0,0
0,0,0
0,0,0
0,0,0
0,0,0
0,0,0
0,0,0
0,0,0
0,0,0
0,0,0
0,0,0
0,0,0
0,0,0
0,0,0
0,0,0
0,0,0
0,0,0
0,0,0
0,0,0
0,0,0
0,0,0
0,0,0
0,0,0
0,0,0
0,0,0
0,0,0
0,0,0
0,0,0
0,0,0
0,0,0
0,0,0
0,0,0
0,0,0
0,0,0
0,0,0
0,0,0
0,0,0
0,0,0
0,0,0
0,0,0
0,0,0
0,0,0
0,0,0
0,0,0
0,0,0
0,0,0
0,0,0
0,0,0
0,0,0
0,0,0
0,0,0
0,0,0
0,0,0
0,0,0
0,0,0
0,0,0
0,0,0
0,0,0
0,0,0
0,0,0
0,0,0
0,0,0
0,0,0
0,0,0
0,0,0
0,0,0
0,0,0
0,0,0
0,0,0
0,0,0
0,0,0
0,0,0
0,0,0
0,0,0
0,0,0
0,0,0
0,0,0
0,0,0
0,0,0
0,0,0
0,0,0
0,0,0
0,0,0
0,0,0
0,0,0
0,0,0
0,0,0
0,0,0
0,0,0
0,0,0
0,0,0
0,0,0
0,0,0
0,0,0
0,0,0
0,0,0
0,0,0
0,0,0
0,0,0
0,0,0
0,0,0
0,0,0
0,0,0
0,0,0
0,0,0
0,0,0
0,0,0
0,0,0
0,0,0
0,0,0
0,0,0
0,0,0
0,0,0
0,0,0
0,0,0
0,0,0
0,0,0
0,0,0
0,0,0
0,0,0
0,0,0
0,0,0
0,0,0
0,0,0
0,0,0
0,0,0
0,0,0
0,0,0
0,0,0
0,0,0
0,0,0
0,0,0
0,0,0
0,0,0
0,0,0
0,0,0
0,0,0
0,0,0
0,0,0
0,0,0
0,0,0
0,0,0
0,0,0
0,0,0
0,0,0
0,0,0
0,0,0
0,0,0
0,0,0
0,0,0
0,0,0
0,0,0
0,0,0
0,0,0
0,0,0
0,0,0
0,0,0
0,0,0
0,0,0
0,0,0
0,0,0
0,0,0
0,0,0
0,0,0
0,0,0
0,0,0
0,0,0
0,0,0
0,0,0
0,0,0
0,0,0
0,0,0
0,0,0
0,0,0
0,0,0
0,0,0
0,0,0
0,0,0
0,0,0
0,0,0
0,0,0
0,0,0
0,0,0
0,0,0
0,0,0
0,0,0
0,0,0
0,0,0
0,0,0
0,0,0
0,0,0
0,0,0
0,0,0
0,0,0
0,0,0
0,0,0
0,0,0
0,0,0
0,0,0
0,0,0
0,0,0
0,0,0
0,0,0
0,0,0
0,0,0
0,0,0
0,0,0
0,0,0
0,0,0
0,0,0
0,0,0
0,0,0
0,0,0
0,0,0
0,0,0
0,0,0
0,0,0
0,0,0
0,0,0
0,0,0
0,0,0
0,0,0
0,0,0
0,0,0
0,0,0
0,0,0
0,0,0
0,0,0
0,0,0
0,0,0
0,0,0
0,0,0
0,0,0
0,0,0
0,0,0
0,0,0
0,0,0
0,0,0
0,0,0
0,0,0
0,0,0
0,0,0
0,0,0
0,0,0
0,0,0
0,0,0
0,0,0
0,0,0
0,0,0
0,0,0
0,0,0
0,0,0
0,0,0
0,0,0
0,0,0
0,0,0
0,0,0
0,0,0
0,0,0
0,0,0
0,0,0
0,0,0
0,0,0
0,0,0
0,0,0
0,0,0
0,0,0
0,0,0
0,0,0
0,0,0
0,0,0
0,0,0
0,0,0
0,0,0
0,0,0
0,0,0
0,0,0
0,0,0
0,0,0
0,0,0
0,0,0
0,0,0
0,0,0
0,0,0
0,0,0
0,0,0
0,0,0
0,0,0
0,0,0
0,0,0
0,0,0
0,0,0
0,0,0
0,0,0
0,0,0
0,0,0
0,0,0
0,0,0
0,0,0
0,0,0
0,0,0
0,0,0
0,0,0
0,0,0
0,0,0
0,0,0
0,0,0
0,0,0
0,0,0
0,0,0
0,0,0
0,0,0
0,0,0
0,0,0
0,0,0
0,0,0
0,0,0
0,0,0
0,0,0
0,0,0
0,0,0
0,0,0
0,0,0
0,0,0
0,0,0
0,0,0
0,0,0
0,0,0
0,0,0
0,0,0
0,0,0
0,0,0
0,0,0
0,0,0
0,0,0
0,0,0
0,0,0
0,0,0
0,0,0
0,0,0
0,0,0
0,0,0
0,0,0
0,0,0
0,0,0
0,0,0
0,0,0
0,0,0
0,0,0
0,0,0
0,0,0
0,0,0
0,0,0
0,0,0
0,0,0
0,0,0
0,0,0
0,0,0
0,0,0
0,0,0
0,0,0
0,0,0
0,0,0
0,0,0
0,0,0
0,0,0
0,0,0
0,0,0
0,0,0
0,0,0
0,0,0
0,0,0
0,0,0
0,0,0
0,0,0
0,0,0
0,0,0
0,0,0
0,0,0
0,0,0
0,0,0
0,0,0
0,0,0
0,0,0
0,0,0
0,0,0
0,0,0
0,0,0
0,0,0
0,0,0
0,0,0
0,0,0
0,0,0
0,0,0
0,0,0
0,0,0
0,0,0
0,0,0
0,0,0
0,0,0
0,0,0
0,0,0
0,0,0
0,0,0
0,0,0
0,0,0
0,0,0
0,0,0
0,0,0
0,0,0
0,0,0
0,0,0
0,0,0
0,0,0
0,0,0
0,0,0
0,0,0
0,0,0
0,0,0
0,0,0
0,0,0
0,0,0
0,0,0
0,0,0
0,0,0
0,0,0
0,0,0
0,0,0
0,0,0
0,0,0
0,0,0
0,0,0
0,0,0
0,0,0
0,0,0
0,0,0
0,0,0
0,0,0
0,0,0
0,0,0
0,0,0
0,0,0
0,0,0
0,0,0
0,0,0
0,0,0
0,0,0
0,0,0
0,0,0
0,0,0
0,0,0
0,0,0
0,0,0
0,0,0
0,0,0
0,0,0
0,0,0
0,0,0
0,0,0
0,0,0
0,0,0
0,0,0
0,0,0
0,0,0
0,0,0
0,0,0
0,0,0
0,0,0
0,0,0
0,0,0
0,0,0
0,0,0
0,0,0
0,0,0
0,0,0
0,0,0
0,0,0
0,0,0
0,0,0
0,0,0
0,0,0
0,0,0
0,0,0
0,0,0
0,0,0
0,0,0
0,0,0
0,0,0
0,0,0
0,0,0
0,0,0
0,0,0
0,0,0
0,0,0
0,0,0
0,0,0
0,0,0
0,0,0
0,0,0
0,0,0
0,0,0
0,0,0
0,0,0
0,0,0
0,0,0
0,0,0
0,0,0
0,0,0
0,0,0
0,0,0
0,0,0
0,0,0
0,0,0
0,0,0
0,0,0
0,0,0
0,0,0
0,0,0
0,0,0
0,0,0
0,0,0
0,0,0
0,0,0
0,0,0
0,0,0
0,0,0
0,0,0
0,0,0
0,0,0
0,0,0
0,0,0
0,0,0
0,0,0
0,0,0
0,0,0
0,0,0
0,0,0
0,0,0
0,0,0
0,0,0
0,0,0
0,0,0
0,0,0
0,0,0
0,0,0
0,0,0
0,0,0
0,0,0
0,0,0
0,0,0
0,0,0
0,0,0
0,0,0
0,0,0
0,0,0
0,0,0
0,0,0
0,0,0
0,0,0
0,0,0
0,0,0
0,0,0
0,0,0
0,0,0
0,0,0
0,0,0
0,0,0
0,0,0
0,0,0
0,0,0
0,0,0
0,0,0
0,0,0
0,0,0
0,0,0
0,0,0
0,0,0
0,0,0
0,0,0
0,0,0
0,0,0
0,0,0
0,0,0
0,0,0
0,0,0
0,0,0
0,0,0
0,0,0
0,0,0
0,0,0
0,0,0
0,0,0
0,0,0
0,0,0
0,0,0
0,0,0
0,0,0
0,0,0
0,0,0
0,0,0
0,0,0
0,0,0
0,0,0
0,0,0
0,0,0
0,0,0
0,0,0
0,0,0
0,0,0
0,0,0
0,0,0
0,0,0
0,0,0
0,0,0
0,0,0
0,0,0
0,0,0
0,0,0
0,0,0
0,0,0
0,0,0
0,0,0
0,0,0
0,0,0
0,0,0
0,0,0
0,0,0
0,0,0
0,0,0
0,0,0
0,0,0
0,0,0
0,0,0
0,0,0
0,0,0
0,0,0
0,0,0
0,0,0
0,0,0
0,0,0
0,0,0
0,0,0
0,0,0
0,0,0
0,0,0
0,0,0
0,0,0
0,0,0
0,0,0
0,0,0
0,0,0
0,0,0
0,0,0
0,0,0
0,0,0
0,0,0
0,0,0
0,0,0
0,0,0
0,0,0
0,0,0
0,0,0
0,0,0
0,0,0
0,0,0
0,0,0
0,0,0
0,0,0
0,0,0
0,0,0
0,0,0
0,0,0
0,0,0
0,0,0
0,0,0
0,0,0
0,0,0
0,0,0
0,0,0
0,0,0
0,0,0
0,0,0
0,0,0
0,0,0
0,0,0
0,0,0
0,0,0
0,0,0
0,0,0
0,0,0
0,0,0
0,0,0
0,0,0
0,0,0
0,0,0
0,0,0
0,0,0
0,0,0
0,0,0
0,0,0
0,0,0
0,0,0
0,0,0
0,0,0
0,0,0
0,0,0
0,0,0
0,0,0
0,0,0
0,0,0
0,0,0
0,0,0
0,0,0
0,0,0
0,0,0
0,0,0
0,0,0
0,0,0
0,0,0
0,0,0
0,0,0
0,0,0
0,0,0
0,0,0
0,0,0
0,0,0
0,0,0
0,0,0
0,0,0
0,0,0
0,0,0
0,0,0
0,0,0
0,0,0
0,0,0
0,0,0
0,0,0
0,0,0
0,0,0
0,0,0
0,0,0
0,0,0
0,0,0
0,0,0
0,0,0
0,0,0
0,0,0
0,0,0
0,0,0
0,0,0
0,0,0
0,0,0
0,0,0
0,0,0
0,0,0
0,0,0
0,0,0
0,0,0
0,0,0
0,0,0
0,0,0
0,0,0
0,0,0
0,0,0
0,0,0
0,0,0
0,0,0
0,0,0
0,0,0
0,0,0
0,0,0
0,0,0
0,0,0
0,0,0
0,0,0
0,0,0
0,0,0
0,0,0
0,0,0
0,0,0
0,0,0
0,0,0
0,0,0
0,0,0
0,0,0
0,0,0
0,0,0
0,0,0
0,0,0
0,0,0
0,0,0
0,0,0
0,0,0
0,0,0
0,0,0
0,0,0
0,0,0
0,0,0
0,0,0
0,0,0
0,0,0
0,0,0
0,0,0
0,0,0
0,0,0
0,0,0
0,0,0
0,0,0
0,0,0
0,0,0
0,0,0
0,0,0
0,0,0
0,0,0
0,0,0
0,0,0
0,0,0
0,0,0
0,0,0
0,0,0
0,0,0
0,0,0
0,0,0
0,0,0
0,0,0
0,0,0
0,0,0
0,0,0
0,0,0
0,0,0
0,0,0
0,0,0
0,0,0
0,0,0
0,0,0
0,0,0
0,0,0
0,0,0
0,0,0
0,0,0
0,0,0
0,0,0
0,0,0
0,0,0
0,0,0
0,0,0
0,0,0
0,0,0
0,0,0
0,0,0
0,0,0
0,0,0
0,0,0
0,0,0
0,0,0
0,0,0
0,0,0
0,0,0
0,0,0
0,0,0
0,0,0
0,0,0
0,0,0
0,0,0
0,0,0
0,0,0
0,0,0
0,0,0
0,0,0
0,0,0
0,0,0
0,0,0
0,0,0
0,0,0
0,0,0
0,0,0
0,0,0
0,0,0
0,0,0
0,0,0
0,0,0
0,0,0
0,0,0
0,0,0
0,0,0
0,0,0
0,0,0
0,0,0
0,0,0
0,0,0
0,0,0
0,0,0
0,0,0
0,0,0
0,0,0
0,0,0
0,0,0
0,0,0
0,0,0
0,0,0
0,0,0
0,0,0
0,0,0
0,0,0
0,0,0
0,0,0
0,0,0
0,0,0
0,0,0
0,0,0
0,0,0
0,0,0
0,0,0
0,0,0
0,0,0
0,0,0
0,0,0
0,0,0
0,0,0
0,0,0
0,0,0
0,0,0
0,0,0
0,0,0
0,0,0
0,0,0
0,0,0
0,0,0
0,0,0
0,0,0
0,0,0
0,0,0
0,0,0
0,0,0
0,0,0
0,0,0
0,0,0
0,0,0
0,0,0
0,0,0
0,0,0
0,0,0
0,0,0
0,0,0
0,0,0
0,0,0
0,0,0
0,0,0
0,0,0
0,0,0
0,0,0
0,0,0
0,0,0
0,0,0
0,0,0
0,0,0
0,0,0
0,0,0
0,0,0
0,0,0
0,0,0
0,0,0
0,0,0
0,0,0
0,0,0
0,0,0
0,0,0
0,0,0
0,0,0
0,0,0
0,0,0
0,0,0
0,0,0
0,0,0
0,0,0
0,0,0
0,0,0
0,0,0
0,0,0
0,0,0
0,0,0
0,0,0
0,0,0
0,0,0
0,0,0
0,0,0
0,0,0
9.11716,-15.4019,4.87794
8.99329,-15.4075,4.86226
8.89858,-15.4624,4.86226
8.8164,-15.5394,4.86932
8.73219,-15.6134,4.87559
0,0,0
0,0,0
0,0,0
0,0,0
0,0,0
0,0,0
0,0,0
0,0,0
0,0,0
0,0,0
0,0,0
0,0,0
0,0,0
0,0,0
0,0,0
0,0,0
0,0,0
0,0,0
0,0,0
0,0,0
0,0,0
0,0,0
0,0,0
0,0,0
0,0,0
0,0,0
0,0,0
0,0,0
0,0,0
0,0,0
0,0,0
0,0,0
0,0,0
0,0,0
0,0,0
0,0,0
0,0,0
0,0,0
0,0,0
0,0,0
0,0,0
0,0,0
0,0,0
0,0,0
0,0,0
0,0,0
0,0,0
0,0,0
0,0,0
0,0,0
0,0,0
0,0,0
0,0,0
0,0,0
0,0,0
0,0,0
0,0,0
0,0,0
0,0,0
0,0,0
0,0,0
0,0,0
0,0,0
0,0,0
0,0,0
0,0,0
0,0,0
0,0,0
0,0,0
0,0,0
0,0,0
0,0,0
0,0,0
0,0,0
0,0,0
0,0,0
0,0,0
0,0,0
0,0,0
0,0,0
0,0,0
0,0,0
0,0,0
0,0,0
0,0,0
0,0,0
0,0,0
0,0,0
0,0,0
0,0,0
0,0,0
0,0,0
0,0,0
0,0,0
0,0,0
0,0,0
0,0,0
0,0,0
0,0,0
0,0,0
0,0,0
0,0,0
0,0,0
0,0,0
0,0,0
0,0,0
0,0,0
0,0,0
0,0,0
0,0,0
0,0,0
0,0,0
0,0,0
0,0,0
0,0,0
0,0,0
0,0,0
0,0,0
0,0,0
0,0,0
0,0,0
0,0,0
0,0,0
0,0,0
0,0,0
0,0,0
0,0,0
0,0,0
0,0,0
0,0,0
0,0,0
0,0,0
0,0,0
0,0,0
0,0,0
0,0,0
0,0,0
0,0,0
0,0,0
0,0,0
0,0,0
0,0,0
0,0,0
0,0,0
0,0,0
0,0,0
0,0,0
0,0,0
0,0,0
0,0,0
0,0,0
0,0,0
0,0,0
0,0,0
0,0,0
0,0,0
0,0,0
0,0,0
0,0,0
0,0,0
0,0,0
0,0,0
0,0,0
0,0,0
0,0,0
0,0,0
0,0,0
0,0,0
0,0,0
0,0,0
0,0,0
0,0,0
0,0,0
0,0,0
0,0,0
0,0,0
0,0,0
0,0,0
0,0,0
0,0,0
0,0,0
0,0,0
0,0,0
0,0,0
0,0,0
0,0,0
0,0,0
0,0,0
0,0,0
0,0,0
0,0,0
0,0,0
0,0,0
0,0,0
0,0,0
0,0,0
0,0,0
0,0,0
0,0,0
0,0,0
0,0,0
0,0,0
0,0,0
0,0,0
0,0,0
0,0,0
0,0,0
0,0,0
0,0,0
0,0,0
0,0,0
0,0,0
0,0,0
0,0,0
0,0,0
0,0,0
0,0,0
0,0,0
0,0,0
0,0,0
0,0,0
0,0,0
0,0,0
0,0,0
0,0,0
0,0,0
0,0,0
0,0,0
0,0,0
0,0,0
0,0,0
0,0,0
0,0,0
0,0,0
0,0,0
0,0,0
0,0,0
0,0,0
0,0,0
0,0,0
0,0,0
0,0,0
0,0,0
0,0,0
0,0,0
0,0,0
0,0,0
0,0,0
0,0,0
0,0,0
0,0,0
0,0,0
0,0,0
0,0,0
0,0,0
0,0,0
0,0,0
0,0,0
0,0,0
0,0,0
0,0,0
0,0,0
0,0,0
0,0,0
0,0,0
0,0,0
0,0,0
0,0,0
0,0,0
0,0,0
0,0,0
0,0,0
0,0,0
0,0,0
0,0,0
0,0,0
0,0,0
0,0,0
0,0,0
0,0,0
0,0,0
0,0,0
0,0,0
0,0,0
0,0,0
0,0,0
0,0,0
0,0,0
0,0,0
0,0,0
0,0,0
0,0,0
0,0,0
0,0,0
0,0,0
0,0,0
0,0,0
0,0,0
0,0,0
0,0,0
0,0,0
0,0,0
0,0,0
0,0,0
0,0,0
0,0,0
0,0,0
0,0,0
0,0,0
0,0,0
0,0,0
0,0,0
0,0,0
0,0,0
0,0,0
0,0,0
0,0,0
0,0,0
0,0,0
0,0,0
0,0,0
0,0,0
0,0,0
0,0,0
0,0,0
0,0,0
0,0,0
0,0,0
0,0,0
0,0,0
0,0,0
0,0,0
0,0,0
0,0,0
0,0,0
0,0,0
0,0,0
0,0,0
0,0,0
0,0,0
0,0,0
0,0,0
0,0,0
0,0,0
0,0,0
0,0,0
0,0,0
0,0,0
0,0,0
0,0,0
0,0,0
0,0,0
0,0,0
0,0,0
0,0,0
0,0,0
0,0,0
0,0,0
0,0,0
0,0,0
0,0,0
0,0,0
0,0,0
0,0,0
0,0,0
0,0,0
0,0,0
0,0,0
0,0,0
0,0,0
0,0,0
0,0,0
0,0,0
0,0,0
0,0,0
0,0,0
0,0,0
0,0,0
0,0,0
0,0,0
0,0,0
0,0,0
0,0,0
0,0,0
0,0,0
0,0,0
0,0,0
0,0,0
0,0,0
0,0,0
0,0,0
0,0,0
0,0,0
0,0,0
0,0,0
0,0,0
0,0,0
0,0,0
0,0,0
0,0,0
0,0,0
0,0,0
0,0,0
0,0,0
0,0,0
0,0,0
0,0,0
0,0,0
0,0,0
0,0,0
0,0,0
0,0,0
0,0,0
0,0,0
0,0,0
0,0,0
0,0,0
0,0,0
0,0,0
0,0,0
0,0,0
0,0,0
0,0,0
0,0,0
0,0,0
0,0,0
0,0,0
0,0,0
0,0,0
0,0,0
0,0,0
0,0,0
0,0,0
0,0,0
0,0,0
0,0,0
0,0,0
0,0,0
0,0,0
0,0,0
0,0,0
0,0,0
0,0,0
0,0,0
0,0,0
0,0,0
0,0,0
0,0,0
0,0,0
0,0,0
0,0,0
0,0,0
0,0,0
0,0,0
0,0,0
0,0,0
0,0,0
0,0,0
0,0,0
0,0,0
0,0,0
0,0,0
0,0,0
0,0,0
0,0,0
0,0,0
0,0,0
0,0,0
0,0,0
0,0,0
0,0,0
0,0,0
0,0,0
0,0,0
0,0,0
0,0,0
0,0,0
0,0,0
0,0,0
0,0,0
0,0,0
0,0,0
0,0,0
0,0,0
0,0,0
0,0,0
0,0,0
0,0,0
0,0,0
0,0,0
0,0,0
0,0,0
0,0,0
0,0,0
0,0,0
0,0,0
0,0,0
0,0,0
0,0,0
0,0,0
0,0,0
0,0,0
0,0,0
0,0,0
0,0,0
0,0,0
0,0,0
0,0,0
0,0,0
0,0,0
0,0,0
0,0,0
0,0,0
0,0,0
0,0,0
0,0,0
0,0,0
0,0,0
0,0,0
0,0,0
0,0,0
0,0,0
0,0,0
0,0,0
0,0,0
0,0,0
0,0,0
0,0,0
0,0,0
0,0,0
0,0,0
0,0,0
0,0,0
0,0,0
0,0,0
0,0,0
0,0,0
0,0,0
0,0,0
0,0,0
0,0,0
0,0,0
0,0,0
0,0,0
0,0,0
0,0,0
0,0,0
0,0,0
0,0,0
0,0,0
0,0,0
0,0,0
0,0,0
0,0,0
0,0,0
0,0,0
0,0,0
0,0,0
0,0,0
0,0,0
0,0,0
0,0,0
0,0,0
0,0,0
0,0,0
0,0,0
0,0,0
0,0,0
0,0,0
0,0,0
0,0,0
0,0,0
0,0,0
0,0,0
0,0,0
0,0,0
0,0,0
0,0,0
0,0,0
0,0,0
0,0,0
0,0,0
0,0,0
0,0,0
0,0,0
0,0,0
0,0,0
0,0,0
0,0,0
0,0,0
0,0,0
0,0,0
0,0,0
0,0,0
0,0,0
0,0,0
0,0,0
0,0,0
0,0,0
0,0,0
0,0,0
0,0,0
0,0,0
0,0,0
0,0,0
0,0,0
0,0,0
0,0,0
0,0,0
0,0,0
0,0,0
0,0,0
0,0,0
0,0,0
0,0,0
0,0,0
0,0,0
0,0,0
0,0,0
0,0,0
0,0,0
0,0,0
0,0,0
0,0,0
0,0,0
0,0,0
0,0,0
0,0,0
0,0,0
0,0,0
0,0,0
0,0,0
0,0,0
0,0,0
0,0,0
0,0,0
0,0,0
0,0,0
0,0,0
0,0,0
0,0,0
0,0,0
0,0,0
0,0,0
0,0,0
0,0,0
0,0,0
0,0,0
0,0,0
0,0,0
0,0,0
0,0,0
0,0,0
0,0,0
0,0,0
0,0,0
0,0,0
0,0,0
0,0,0
0,0,0
0,0,0
0,0,0
0,0,0
0,0,0
0,0,0
0,0,0
0,0,0
0,0,0
0,0,0
0,0,0
0,0,0
0,0,0
0,0,0
0,0,0
0,0,0
0,0,0
0,0,0
0,0,0
0,0,0
0,0,0
0,0,0
0,0,0
0,0,0
0,0,0
0,0,0
0,0,0
0,0,0
0,0,0
0,0,0
0,0,0
0,0,0
0,0,0
0,0,0
0,0,0
0,0,0
0,0,0
0,0,0
0,0,0
0,0,0
0,0,0
0,0,0
0,0,0
0,0,0
0,0,0
0,0,0
0,0,0
0,0,0
0,0,0
0,0,0
0,0,0
0,0,0
0,0,0
0,0,0
0,0,0
0,0,0
0,0,0
0,0,0
0,0,0
0,0,0
0,0,0
0,0,0
0,0,0
0,0,0
0,0,0
0,0,0
0,0,0
0,0,0
0,0,0
0,0,0
0,0,0
0,0,0
0,0,0
0,0,0
0,0,0
0,0,0
0,0,0
0,0,0
0,0,0
0,0,0
0,0,0
0,0,0
0,0,0
0,0,0
0,0,0
0,0,0
0,0,0
0,0,0
0,0,0
0,0,0
0,0,0
0,0,0
0,0,0
0,0,0
0,0,0
0,0,0
0,0,0
0,0,0
0,0,0
0,0,0
0,0,0
0,0,0
0,0,0
0,0,0
0,0,0
0,0,0
0,0,0
0,0,0
0,0,0
0,0,0
0,0,0
0,0,0
0,0,0
0,0,0
0,0,0
0,0,0
0,0,0
0,0,0
0,0,0
0,0,0
0,0,0
0,0,0
0,0,0
0,0,0
0,0,0
0,0,0
0,0,0
0,0,0
0,0,0
0,0,0
0,0,0
0,0,0
0,0,0
0,0,0
0,0,0
0,0,0
0,0,0
0,0,0
0,0,0
0,0,0
0,0,0
0,0,0
0,0,0
0,0,0
0,0,0
0,0,0
0,0,0
0,0,0
0,0,0
0,0,0
0,0,0
0,0,0
0,0,0
0,0,0
0,0,0
0,0,0
0,0,0
0,0,0
0,0,0
0,0,0
0,0,0
0,0,0
0,0,0
0,0,0
0,0,0
0,0,0
0,0,0
0,0,0
0,0,0
0,0,0
0,0,0
0,0,0
0,0,0
0,0,0
0,0,0
0,0,0
0,0,0
0,0,0
0,0,0
0,0,0
0,0,0
0,0,0
0,0,0
0,0,0
0,0,0
0,0,0
0,0,0
0,0,0
0,0,0
0,0,0
0,0,0
0,0,0
0,0,0
0,0,0
0,0,0
0,0,0
0,0,0
0,0,0
0,0,0
0,0,0
0,0,0
0,0,0
0,0,0
0,0,0
0,0,0
0,0,0
0,0,0
0,0,0
0,0,0
0,0,0
0,0,0
0,0,0
0,0,0
0,0,0
0,0,0
0,0,0
0,0,0
0,0,0
0,0,0
0,0,0
0,0,0
0,0,0
0,0,0
0,0,0
0,0,0
0,0,0
0,0,0
0,0,0
0,0,0
0,0,0
0,0,0
0,0,0
0,0,0
0,0,0
0,0,0
0,0,0
0,0,0
0,0,0
0,0,0
0,0,0
0,0,0
0,0,0
0,0,0
0,0,0
0,0,0
0,0,0
0,0,0
0,0,0
0,0,0
0,0,0
0,0,0
0,0,0
0,0,0
0,0,0
0,0,0
0,0,0
0,0,0
0,0,0
0,0,0
0,0,0
0,0,0
0,0,0
0,0,0
0,0,0
0,0,0
0,0,0
0,0,0
0,0,0
0,0,0
0,0,0
0,0,0
0,0,0
0,0,0
0,0,0
0,0,0
0,0,0
0,0,0
0,0,0
0,0,0
0,0,0
0,0,0
0,0,0
0,0,0
0,0,0
0,0,0
0,0,0
0,0,0
0,0,0
0,0,0
0,0,0
0,0,0
0,0,0
0,0,0
0,0,0
0,0,0
0,0,0
0,0,0
0,0,0
0,0,0
0,0,0
0,0,0
0,0,0
0,0,0
0,0,0
0,0,0
0,0,0
0,0,0
0,0,0
0,0,0
0,0,0
0,0,0
0,0,0
0,0,0
0,0,0
0,0,0
0,0,0
0,0,0
0,0,0
0,0,0
0,0,0
0,0,0
0,0,0
0,0,0
0,0,0
0,0,0
0,0,0
0,0,0
0,0,0
0,0,0
0,0,0
0,0,0
0,0,0
0,0,0
0,0,0
0,0,0
0,0,0
0,0,0
0,0,0
0,0,0
0,0,0
0,0,0
0,0,0
0,0,0
0,0,0
9.1369,-15.4291,4.66951
9.02106,-15.4489,4.65874
8.89181,-15.4444,4.64097
8.83271,-15.5619,4.65975
8.74463,-15.6293,4.66375
0,0,0
0,0,0
0,0,0
0,0,0
0,0,0
0,0,0
0,0,0
0,0,0
0,0,0
0,0,0
0,0,0
0,0,0
0,0,0
0,0,0
0,0,0
0,0,0
0,0,0
0,0,0
0,0,0
0,0,0
0,0,0
0,0,0
0,0,0
0,0,0
0,0,0
0,0,0
0,0,0
0,0,0
0,0,0
0,0,0
0,0,0
0,0,0
0,0,0
0,0,0
0,0,0
0,0,0
0,0,0
0,0,0
0,0,0
0,0,0
0,0,0
0,0,0
0,0,0
0,0,0
0,0,0
0,0,0
0,0,0
0,0,0
0,0,0
0,0,0
0,0,0
0,0,0
0,0,0
0,0,0
0,0,0
0,0,0
0,0,0
0,0,0
0,0,0
0,0,0
0,0,0
0,0,0
0,0,0
0,0,0
0,0,0
0,0,0
0,0,0
0,0,0
0,0,0
0,0,0
0,0,0
0,0,0
0,0,0
0,0,0
0,0,0
0,0,0
0,0,0
0,0,0
0,0,0
0,0,0
0,0,0
0,0,0
0,0,0
0,0,0
0,0,0
0,0,0
0,0,0
0,0,0
0,0,0
0,0,0
0,0,0
0,0,0
0,0,0
0,0,0
0,0,0
0,0,0
0,0,0
0,0,0
0,0,0
0,0,0
0,0,0
0,0,0
0,0,0
0,0,0
0,0,0
0,0,0
0,0,0
0,0,0
0,0,0
0,0,0
0,0,0
0,0,0
0,0,0
0,0,0
0,0,0
0,0,0
0,0,0
0,0,0
0,0,0
0,0,0
0,0,0
0,0,0
0,0,0
0,0,0
0,0,0
0,0,0
0,0,0
0,0,0
0,0,0
0,0,0
0,0,0
0,0,0
0,0,0
0,0,0
0,0,0
0,0,0
0,0,0
0,0,0
0,0,0
0,0,0
0,0,0
0,0,0
0,0,0
0,0,0
0,0,0
0,0,0
0,0,0
0,0,0
0,0,0
0,0,0
0,0,0
0,0,0
0,0,0
0,0,0
0,0,0
0,0,0
0,0,0
0,0,0
0,0,0
0,0,0
0,0,0
0,0,0
0,0,0
0,0,0
0,0,0
0,0,0
0,0,0
0,0,0
0,0,0
0,0,0
0,0,0
0,0,0
0,0,0
0,0,0
0,0,0
0,0,0
0,0,0
0,0,0
0,0,0
0,0,0
0,0,0
0,0,0
0,0,0
0,0,0
0,0,0
0,0,0
0,0,0
0,0,0
0,0,0
0,0,0
0,0,0
0,0,0
0,0,0
0,0,0
0,0,0
0,0,0
0,0,0
0,0,0
0,0,0
0,0,0
0,0,0
0,0,0
0,0,0
0,0,0
0,0,0
0,0,0
0,0,0
0,0,0
0,0,0
0,0,0
0,0,0
0,0,0
0,0,0
0,0,0
0,0,0
0,0,0
0,0,0
0,0,0
0,0,0
0,0,0
0,0,0
0,0,0
0,0,0
0,0,0
0,0,0
0,0,0
0,0,0
0,0,0
0,0,0
0,0,0
0,0,0
0,0,0
0,0,0
0,0,0
0,0,0
0,0,0
0,0,0
0,0,0
0,0,0
0,0,0
0,0,0
0,0,0
0,0,0
0,0,0
0,0,0
0,0,0
0,0,0
0,0,0
0,0,0
0,0,0
0,0,0
0,0,0
0,0,0
0,0,0
0,0,0
0,0,0
0,0,0
0,0,0
0,0,0
0,0,0
0,0,0
0,0,0
0,0,0
0,0,0
0,0,0
0,0,0
0,0,0
0,0,0
0,0,0
0,0,0
0,0,0
0,0,0
0,0,0
0,0,0
0,0,0
0,0,0
0,0,0
0,0,0
0,0,0
0,0,0
0,0,0
0,0,0
0,0,0
0,0,0
0,0,0
0,0,0
0,0,0
0,0,0
0,0,0
0,0,0
0,0,0
0,0,0
0,0,0
0,0,0
0,0,0
0,0,0
0,0,0
0,0,0
0,0,0
0,0,0
0,0,0
0,0,0
0,0,0
0,0,0
0,0,0
0,0,0
0,0,0
0,0,0
0,0,0
0,0,0
0,0,0
0,0,0
0,0,0
0,0,0
0,0,0
0,0,0
0,0,0
0,0,0
0,0,0
0,0,0
0,0,0
0,0,0
0,0,0
0,0,0
0,0,0
0,0,0
0,0,0
0,0,0
0,0,0
0,0,0
0,0,0
0,0,0
0,0,0
0,0,0
0,0,0
0,0,0
0,0,0
0,0,0
0,0,0
0,0,0
0,0,0
0,0,0
0,0,0
0,0,0
0,0,0
0,0,0
0,0,0
0,0,0
0,0,0
0,0,0
0,0,0
0,0,0
0,0,0
0,0,0
0,0,0
0,0,0
0,0,0
0,0,0
0,0,0
0,0,0
0,0,0
0,0,0
0,0,0
0,0,0
0,0,0
0,0,0
0,0,0
0,0,0
0,0,0
0,0,0
0,0,0
0,0,0
0,0,0
0,0,0
0,0,0
0,0,0
0,0,0
0,0,0
0,0,0
0,0,0
0,0,0
0,0,0
0,0,0
0,0,0
0,0,0
0,0,0
0,0,0
0,0,0
0,0,0
0,0,0
0,0,0
0,0,0
0,0,0
0,0,0
0,0,0
0,0,0
0,0,0
0,0,0
0,0,0
0,0,0
0,0,0
0,0,0
0,0,0
0,0,0
0,0,0
0,0,0
0,0,0
0,0,0
0,0,0
0,0,0
0,0,0
0,0,0
0,0,0
0,0,0
0,0,0
0,0,0
0,0,0
0,0,0
0,0,0
0,0,0
0,0,0
0,0,0
0,0,0
0,0,0
0,0,0
0,0,0
0,0,0
0,0,0
0,0,0
0,0,0
0,0,0
0,0,0
0,0,0
0,0,0
0,0,0
0,0,0
0,0,0
0,0,0
0,0,0
0,0,0
0,0,0
0,0,0
0,0,0
0,0,0
0,0,0
0,0,0
0,0,0
0,0,0
0,0,0
0,0,0
0,0,0
0,0,0
0,0,0
0,0,0
0,0,0
0,0,0
0,0,0
0,0,0
0,0,0
0,0,0
0,0,0
0,0,0
0,0,0
0,0,0
0,0,0
0,0,0
0,0,0
0,0,0
0,0,0
0,0,0
0,0,0
0,0,0
0,0,0
0,0,0
0,0,0
0,0,0
0,0,0
0,0,0
0,0,0
0,0,0
0,0,0
0,0,0
0,0,0
0,0,0
0,0,0
0,0,0
0,0,0
0,0,0
0,0,0
0,0,0
0,0,0
0,0,0
0,0,0
0,0,0
0,0,0
0,0,0
0,0,0
0,0,0
0,0,0
0,0,0
0,0,0
0,0,0
0,0,0
0,0,0
0,0,0
0,0,0
0,0,0
0,0,0
0,0,0
0,0,0
0,0,0
0,0,0
0,0,0
0,0,0
0,0,0
0,0,0
0,0,0
0,0,0
0,0,0
0,0,0
0,0,0
0,0,0
0,0,0
0,0,0
0,0,0
0,0,0
0,0,0
0,0,0
0,0,0
0,0,0
0,0,0
0,0,0
0,0,0
0,0,0
0,0,0
0,0,0
0,0,0
0,0,0
0,0,0
0,0,0
0,0,0
0,0,0
0,0,0
0,0,0
0,0,0
0,0,0
0,0,0
0,0,0
0,0,0
0,0,0
0,0,0
0,0,0
0,0,0
0,0,0
0,0,0
0,0,0
0,0,0
0,0,0
0,0,0
0,0,0
0,0,0
0,0,0
0,0,0
0,0,0
0,0,0
0,0,0
0,0,0
0,0,0
0,0,0
0,0,0
0,0,0
0,0,0
0,0,0
0,0,0
0,0,0
0,0,0
0,0,0
0,0,0
0,0,0
0,0,0
0,0,0
0,0,0
0,0,0
0,0,0
0,0,0
0,0,0
0,0,0
0,0,0
0,0,0
0,0,0
0,0,0
0,0,0
0,0,0
0,0,0
0,0,0
0,0,0
0,0,0
0,0,0
0,0,0
0,0,0
0,0,0
0,0,0
0,0,0
0,0,0
0,0,0
0,0,0
0,0,0
0,0,0
0,0,0
0,0,0
0,0,0
0,0,0
0,0,0
0,0,0
0,0,0
0,0,0
0,0,0
0,0,0
0,0,0
0,0,0
0,0,0
0,0,0
0,0,0
0,0,0
0,0,0
0,0,0
0,0,0
0,0,0
0,0,0
0,0,0
0,0,0
0,0,0
0,0,0
0,0,0
0,0,0
0,0,0
0,0,0
0,0,0
0,0,0
0,0,0
0,0,0
0,0,0
0,0,0
0,0,0
0,0,0
0,0,0
0,0,0
0,0,0
0,0,0
0,0,0
0,0,0
0,0,0
0,0,0
0,0,0
0,0,0
0,0,0
0,0,0
0,0,0
0,0,0
0,0,0
0,0,0
0,0,0
0,0,0
0,0,0
0,0,0
0,0,0
0,0,0
0,0,0
0,0,0
0,0,0
0,0,0
0,0,0
0,0,0
0,0,0
0,0,0
0,0,0
0,0,0
0,0,0
0,0,0
0,0,0
0,0,0
0,0,0
0,0,0
0,0,0
0,0,0
0,0,0
0,0,0
0,0,0
0,0,0
0,0,0
0,0,0
0,0,0
0,0,0
0,0,0
0,0,0
0,0,0
0,0,0
0,0,0
0,0,0
0,0,0
0,0,0
0,0,0
0,0,0
0,0,0
0,0,0
0,0,0
0,0,0
0,0,0
0,0,0
0,0,0
0,0,0
0,0,0
0,0,0
0,0,0
0,0,0
0,0,0
0,0,0
0,0,0
0,0,0
0,0,0
0,0,0
0,0,0
0,0,0
0,0,0
0,0,0
0,0,0
0,0,0
0,0,0
0,0,0
0,0,0
0,0,0
0,0,0
0,0,0
0,0,0
0,0,0
0,0,0
0,0,0
0,0,0
0,0,0
0,0,0
0,0,0
0,0,0
0,0,0
0,0,0
0,0,0
0,0,0
0,0,0
0,0,0
0,0,0
0,0,0
0,0,0
0,0,0
0,0,0
0,0,0
0,0,0
0,0,0
0,0,0
0,0,0
0,0,0
0,0,0
0,0,0
0,0,0
0,0,0
0,0,0
0,0,0
0,0,0
0,0,0
0,0,0
0,0,0
0,0,0
0,0,0
0,0,0
0,0,0
0,0,0
0,0,0
0,0,0
0,0,0
0,0,0
0,0,0
0,0,0
0,0,0
0,0,0
0,0,0
0,0,0
0,0,0
0,0,0
0,0,0
0,0,0
0,0,0
0,0,0
0,0,0
0,0,0
0,0,0
0,0,0
0,0,0
0,0,0
0,0,0
0,0,0
0,0,0
0,0,0
0,0,0
0,0,0
0,0,0
0,0,0
0,0,0
0,0,0
0,0,0
0,0,0
0,0,0
0,0,0
0,0,0
0,0,0
0,0,0
0,0,0
0,0,0
0,0,0
0,0,0
0,0,0
0,0,0
0,0,0
0,0,0
0,0,0
0,0,0
0,0,0
0,0,0
0,0,0
0,0,0
0,0,0
0,0,0
0,0,0
0,0,0
0,0,0
0,0,0
0,0,0
0,0,0
0,0,0
0,0,0
0,0,0
0,0,0
0,0,0
0,0,0
0,0,0
0,0,0
0,0,0
0,0,0
0,0,0
0,0,0
0,0,0
0,0,0
0,0,0
0,0,0
0,0,0
0,0,0
0,0,0
0,0,0
0,0,0
0,0,0
0,0,0
0,0,0
0,0,0
0,0,0
0,0,0
0,0,0
0,0,0
0,0,0
0,0,0
0,0,0
0,0,0
0,0,0
0,0,0
0,0,0
0,0,0
0,0,0
0,0,0
0,0,0
0,0,0
0,0,0
0,0,0
0,0,0
0,0,0
0,0,0
0,0,0
0,0,0
0,0,0
0,0,0
0,0,0
0,0,0
0,0,0
0,0,0
0,0,0
0,0,0
0,0,0
0,0,0
0,0,0
0,0,0
0,0,0
0,0,0
0,0,0
0,0,0
0,0,0
0,0,0
0,0,0
0,0,0
0,0,0
0,0,0
0,0,0
0,0,0
0,0,0
0,0,0
0,0,0
0,0,0
0,0,0
0,0,0
0,0,0
0,0,0
0,0,0
0,0,0
0,0,0
0,0,0
0,0,0
0,0,0
0,0,0
0,0,0
0,0,0
0,0,0
0,0,0
0,0,0
0,0,0
0,0,0
0,0,0
0,0,0
0,0,0
0,0,0
0,0,0
0,0,0
0,0,0
0,0,0
0,0,0
0,0,0
0,0,0
0,0,0
0,0,0
0,0,0
0,0,0
0,0,0
0,0,0
0,0,0
0,0,0
0,0,0
0,0,0
0,0,0
0,0,0
0,0,0
0,0,0
0,0,0
0,0,0
0,0,0
0,0,0
0,0,0
0,0,0
0,0,0
0,0,0
0,0,0
0,0,0
0,0,0
0,0,0
0,0,0
0,0,0
0,0,0
0,0,0
0,0,0
0,0,0
0,0,0
0,0,0
0,0,0
0,0,0
0,0,0
0,0,0
0,0,0
0,0,0
0,0,0
0,0,0
0,0,0
0,0,0
0,0,0
0,0,0
0,0,0
0,0,0
0,0,0
0,0,0
0,0,0
0,0,0
0,0,0
0,0,0
0,0,0
0,0,0
0,0,0
0,0,0
0,0,0
0,0,0
0,0,0
0,0,0
0,0,0
0,0,0
0,0,0
0,0,0
0,0,0
0,0,0
0,0,0
0,0,0
0,0,0
0,0,0
0,0,0
0,0,0
0,0,0
0,0,0
0,0,0
0,0,0
0,0,0
0,0,0
0,0,0
0,0,0
0,0,0
0,0,0
0,0,0
0,0,0
0,0,0
0,0,0
0,0,0
0,0,0
0,0,0
0,0,0
0,0,0
0,0,0
0,0,0
9.13298,-15.4286,4.44607
8.99359,-15.4081,4.42432
8.89065,-15.4486,4.42026
8.79521,-15.5021,4.42002
8.7587,-15.6608,4.44966
0,0,0
0,0,0
0,0,0
0,0,0
0,0,0
0,0,0
0,0,0
0,0,0
0,0,0
0,0,0
0,0,0
0,0,0
0,0,0
0,0,0
0,0,0
0,0,0
0,0,0
0,0,0
0,0,0
0,0,0
0,0,0
0,0,0
0,0,0
0,0,0
0,0,0
0,0,0
0,0,0
0,0,0
0,0,0
0,0,0
0,0,0
0,0,0
0,0,0
0,0,0
0,0,0
0,0,0
0,0,0
0,0,0
0,0,0
0,0,0
0,0,0
0,0,0
0,0,0
0,0,0
0,0,0
0,0,0
0,0,0
0,0,0
0,0,0
0,0,0
0,0,0
0,0,0
0,0,0
0,0,0
0,0,0
0,0,0
0,0,0
0,0,0
0,0,0
0,0,0
0,0,0
0,0,0
0,0,0
0,0,0
0,0,0
0,0,0
0,0,0
0,0,0
0,0,0
0,0,0
0,0,0
0,0,0
0,0,0
0,0,0
0,0,0
0,0,0
0,0,0
0,0,0
0,0,0
0,0,0
0,0,0
0,0,0
0,0,0
0,0,0
0,0,0
0,0,0
0,0,0
0,0,0
0,0,0
0,0,0
0,0,0
0,0,0
0,0,0
0,0,0
0,0,0
0,0,0
0,0,0
0,0,0
0,0,0
0,0,0
0,0,0
0,0,0
0,0,0
0,0,0
0,0,0
0,0,0
0,0,0
0,0,0
0,0,0
0,0,0
0,0,0
0,0,0
0,0,0
0,0,0
0,0,0
0,0,0
0,0,0
0,0,0
0,0,0
0,0,0
0,0,0
0,0,0
0,0,0
0,0,0
0,0,0
0,0,0
0,0,0
0,0,0
0,0,0
0,0,0
0,0,0
0,0,0
0,0,0
0,0,0
0,0,0
0,0,0
0,0,0
0,0,0
0,0,0
0,0,0
0,0,0
0,0,0
0,0,0
0,0,0
0,0,0
0,0,0
0,0,0
0,0,0
0,0,0
0,0,0
0,0,0
0,0,0
0,0,0
0,0,0
0,0,0
0,0,0
0,0,0
0,0,0
0,0,0
0,0,0
0,0,0
0,0,0
0,0,0
0,0,0
0,0,0
0,0,0
0,0,0
0,0,0
0,0,0
0,0,0
0,0,0
0,0,0
0,0,0
0,0,0
0,0,0
0,0,0
0,0,0
0,0,0
0,0,0
0,0,0
0,0,0
0,0,0
0,0,0
0,0,0
0,0,0
0,0,0
0,0,0
0,0,0
0,0,0
0,0,0
0,0,0
0,0,0
0,0,0
0,0,0
0,0,0
0,0,0
0,0,0
0,0,0
0,0,0
0,0,0
0,0,0
0,0,0
0,0,0
0,0,0
0,0,0
0,0,0
0,0,0
0,0,0
0,0,0
0,0,0
0,0,0
0,0,0
0,0,0
0,0,0
0,0,0
0,0,0
0,0,0
0,0,0
0,0,0
0,0,0
0,0,0
0,0,0
0,0,0
0,0,0
0,0,0
0,0,0
0,0,0
0,0,0
0,0,0
0,0,0
0,0,0
0,0,0
0,0,0
0,0,0
0,0,0
0,0,0
0,0,0
0,0,0
0,0,0
0,0,0
0,0,0
0,0,0
0,0,0
0,0,0
0,0,0
0,0,0
0,0,0
0,0,0
0,0,0
0,0,0
0,0,0
0,0,0
0,0,0
0,0,0
0,0,0
0,0,0
0,0,0
0,0,0
0,0,0
0,0,0
0,0,0
0,0,0
0,0,0
0,0,0
0,0,0
0,0,0
0,0,0
0,0,0
0,0,0
0,0,0
0,0,0
0,0,0
0,0,0
0,0,0
0,0,0
0,0,0
0,0,0
0,0,0
0,0,0
0,0,0
0,0,0
0,0,0
0,0,0
0,0,0
0,0,0
0,0,0
0,0,0
0,0,0
0,0,0
0,0,0
0,0,0
0,0,0
0,0,0
0,0,0
0,0,0
0,0,0
0,0,0
0,0,0
0,0,0
0,0,0
0,0,0
0,0,0
0,0,0
0,0,0
0,0,0
0,0,0
0,0,0
0,0,0
0,0,0
0,0,0
0,0,0
0,0,0
0,0,0
0,0,0
0,0,0
0,0,0
0,0,0
0,0,0
0,0,0
0,0,0
0,0,0
0,0,0
0,0,0
0,0,0
0,0,0
0,0,0
0,0,0
0,0,0
0,0,0
0,0,0
0,0,0
0,0,0
0,0,0
0,0,0
0,0,0
0,0,0
0,0,0
0,0,0
0,0,0
0,0,0
0,0,0
0,0,0
0,0,0
0,0,0
0,0,0
0,0,0
0,0,0
0,0,0
0,0,0
0,0,0
0,0,0
0,0,0
0,0,0
0,0,0
0,0,0
0,0,0
0,0,0
0,0,0
0,0,0
0,0,0
0,0,0
0,0,0
0,0,0
0,0,0
0,0,0
0,0,0
0,0,0
0,0,0
0,0,0
0,0,0
0,0,0
0,0,0
0,0,0
0,0,0
0,0,0
0,0,0
0,0,0
0,0,0
0,0,0
0,0,0
0,0,0
0,0,0
0,0,0
0,0,0
0,0,0
0,0,0
0,0,0
0,0,0
0,0,0
0,0,0
0,0,0
0,0,0
0,0,0
0,0,0
0,0,0
0,0,0
0,0,0
0,0,0
0,0,0
0,0,0
0,0,0
0,0,0
0,0,0
0,0,0
0,0,0
0,0,0
0,0,0
0,0,0
0,0,0
0,0,0
0,0,0
0,0,0
0,0,0
0,0,0
0,0,0
0,0,0
0,0,0
0,0,0
0,0,0
0,0,0
0,0,0
0,0,0
0,0,0
0,0,0
0,0,0
0,0,0
0,0,0
0,0,0
0,0,0
0,0,0
0,0,0
0,0,0
0,0,0
0,0,0
0,0,0
0,0,0
0,0,0
0,0,0
0,0,0
0,0,0
0,0,0
0,0,0
0,0,0
0,0,0
0,0,0
0,0,0
0,0,0
0,0,0
0,0,0
0,0,0
0,0,0
0,0,0
0,0,0
0,0,0
0,0,0
0,0,0
0,0,0
0,0,0
0,0,0
0,0,0
0,0,0
0,0,0
0,0,0
0,0,0
0,0,0
0,0,0
0,0,0
0,0,0
0,0,0
0,0,0
0,0,0
0,0,0
0,0,0
0,0,0
0,0,0
0,0,0
0,0,0
0,0,0
0,0,0
0,0,0
0,0,0
0,0,0
0,0,0
0,0,0
0,0,0
0,0,0
0,0,0
0,0,0
0,0,0
0,0,0
0,0,0
0,0,0
0,0,0
0,0,0
0,0,0
0,0,0
0,0,0
0,0,0
0,0,0
0,0,0
0,0,0
0,0,0
0,0,0
0,0,0
0,0,0
0,0,0
0,0,0
0,0,0
0,0,0
0,0,0
0,0,0
0,0,0
0,0,0
0,0,0
0,0,0
0,0,0
0,0,0
0,0,0
0,0,0
0,0,0
0,0,0
0,0,0
0,0,0
0,0,0
0,0,0
0,0,0
0,0,0
0,0,0
0,0,0
0,0,0
0,0,0
0,0,0
0,0,0
0,0,0
0,0,0
0,0,0
0,0,0
0,0,0
0,0,0
0,0,0
0,0,0
0,0,0
0,0,0
0,0,0
0,0,0
0,0,0
0,0,0
0,0,0
0,0,0
0,0,0
0,0,0
0,0,0
0,0,0
0,0,0
0,0,0
0,0,0
0,0,0
0,0,0
0,0,0
0,0,0
0,0,0
0,0,0
0,0,0
0,0,0
0,0,0
0,0,0
0,0,0
0,0,0
0,0,0
0,0,0
0,0,0
0,0,0
0,0,0
0,0,0
0,0,0
0,0,0
0,0,0
0,0,0
0,0,0
0,0,0
0,0,0
0,0,0
0,0,0
0,0,0
0,0,0
0,0,0
0,0,0
0,0,0
0,0,0
0,0,0
0,0,0
0,0,0
0,0,0
0,0,0
0,0,0
0,0,0
0,0,0
0,0,0
0,0,0
0,0,0
0,0,0
0,0,0
0,0,0
0,0,0
0,0,0
0,0,0
0,0,0
0,0,0
0,0,0
0,0,0
0,0,0
0,0,0
0,0,0
0,0,0
0,0,0
0,0,0
0,0,0
0,0,0
0,0,0
0,0,0
0,0,0
0,0,0
0,0,0
0,0,0
0,0,0
0,0,0
0,0,0
0,0,0
0,0,0
0,0,0
0,0,0
0,0,0
0,0,0
0,0,0
0,0,0
0,0,0
0,0,0
0,0,0
0,0,0
0,0,0
0,0,0
0,0,0
0,0,0
0,0,0
0,0,0
0,0,0
0,0,0
0,0,0
0,0,0
0,0,0
0,0,0
0,0,0
0,0,0
0,0,0
0,0,0
0,0,0
0,0,0
0,0,0
0,0,0
0,0,0
0,0,0
0,0,0
0,0,0
0,0,0
0,0,0
0,0,0
0,0,0
0,0,0
0,0,0
0,0,0
0,0,0
0,0,0
0,0,0
0,0,0
0,0,0
0,0,0
0,0,0
0,0,0
0,0,0
0,0,0
0,0,0
0,0,0
0,0,0
0,0,0
0,0,0
0,0,0
0,0,0
0,0,0
0,0,0
0,0,0
0,0,0
0,0,0
0,0,0
0,0,0
0,0,0
0,0,0
0,0,0
0,0,0
0,0,0
0,0,0
0,0,0
0,0,0
0,0,0
0,0,0
0,0,0
0,0,0
0,0,0
0,0,0
0,0,0
0,0,0
0,0,0
0,0,0
0,0,0
0,0,0
0,0,0
0,0,0
0,0,0
0,0,0
0,0,0
0,0,0
0,0,0
0,0,0
0,0,0
0,0,0
0,0,0
0,0,0
0,0,0
0,0,0
0,0,0
0,0,0
0,0,0
0,0,0
0,0,0
0,0,0
0,0,0
0,0,0
0,0,0
0,0,0
0,0,0
0,0,0
0,0,0
0,0,0
0,0,0
0,0,0
0,0,0
0,0,0
0,0,0
0,0,0
0,0,0
0,0,0
0,0,0
0,0,0
0,0,0
0,0,0
0,0,0
0,0,0
0,0,0
0,0,0
0,0,0
0,0,0
0,0,0
0,0,0
0,0,0
0,0,0
0,0,0
0,0,0
0,0,0
0,0,0
0,0,0
0,0,0
0,0,0
0,0,0
0,0,0
0,0,0
0,0,0
0,0,0
0,0,0
0,0,0
0,0,0
0,0,0
0,0,0
0,0,0
0,0,0
0,0,0
0,0,0
0,0,0
0,0,0
0,0,0
0,0,0
0,0,0
0,0,0
0,0,0
0,0,0
0,0,0
0,0,0
0,0,0
0,0,0
0,0,0
0,0,0
0,0,0
0,0,0
0,0,0
0,0,0
0,0,0
0,0,0
0,0,0
0,0,0
0,0,0
0,0,0
0,0,0
0,0,0
0,0,0
0,0,0
0,0,0
0,0,0
0,0,0
0,0,0
0,0,0
0,0,0
0,0,0
0,0,0
0,0,0
0,0,0
0,0,0
0,0,0
0,0,0
0,0,0
0,0,0
0,0,0
0,0,0
0,0,0
0,0,0
0,0,0
0,0,0
0,0,0
0,0,0
0,0,0
0,0,0
0,0,0
0,0,0
0,0,0
0,0,0
0,0,0
0,0,0
0,0,0
0,0,0
0,0,0
0,0,0
0,0,0
0,0,0
0,0,0
0,0,0
0,0,0
0,0,0
0,0,0
0,0,0
0,0,0
0,0,0
0,0,0
0,0,0
0,0,0
0,0,0
0,0,0
0,0,0
0,0,0
0,0,0
0,0,0
0,0,0
0,0,0
0,0,0
0,0,0
0,0,0
0,0,0
0,0,0
0,0,0
0,0,0
0,0,0
0,0,0
0,0,0
0,0,0
0,0,0
0,0,0
0,0,0
0,0,0
0,0,0
0,0,0
0,0,0
0,0,0
0,0,0
0,0,0
0,0,0
0,0,0
0,0,0
0,0,0
0,0,0
0,0,0
0,0,0
0,0,0
0,0,0
0,0,0
0,0,0
0,0,0
0,0,0
0,0,0
0,0,0
0,0,0
0,0,0
0,0,0
0,0,0
0,0,0
0,0,0
0,0,0
0,0,0
0,0,0
0,0,0
0,0,0
0,0,0
0,0,0
0,0,0
0,0,0
0,0,0
0,0,0
0,0,0
0,0,0
0,0,0
0,0,0
0,0,0
0,0,0
0,0,0
0,0,0
0,0,0
0,0,0
0,0,0
0,0,0
0,0,0
0,0,0
0,0,0
0,0,0
0,0,0
0,0,0
0,0,0
0,0,0
0,0,0
0,0,0
0,0,0
0,0,0
0,0,0
0,0,0
0,0,0
0,0,0
0,0,0
0,0,0
0,0,0
0,0,0
0,0,0
0,0,0
0,0,0
0,0,0
0,0,0
0,0,0
0,0,0
0,0,0
0,0,0
0,0,0
0,0,0
0,0,0
0,0,0
0,0,0
0,0,0
0,0,0
0,0,0
0,0,0
0,0,0
0,0,0
0,0,0
0,0,0
0,0,0
0,0,0
0,0,0
0,0,0
0,0,0
0,0,0
0,0,0
0,0,0
0,0,0
0,0,0
0,0,0
0,0,0
0,0,0
0,0,0
0,0,0
0,0,0
0,0,0
0,0,0
0,0,0
0,0,0
0,0,0
0,0,0
0,0,0
0,0,0
0,0,0
0,0,0
0,0,0
9.14884,-15.4554,4.23511
8.991,-15.4036,4.20594
8.89535,-15.4568,4.20549
8.81187,-15.5314,4.21096
8.73874,-15.6252,4.22166
0,0,0
0,0,0
0,0,0
0,0,0
0,0,0
0,0,0
0,0,0
0,0,0
0,0,0
0,0,0
0,0,0
0,0,0
0,0,0
0,0,0
0,0,0
0,0,0
0,0,0
0,0,0
0,0,0
0,0,0
0,0,0
0,0,0
0,0,0
0,0,0
0,0,0
0,0,0
0,0,0
0,0,0
0,0,0
0,0,0
0,0,0
0,0,0
0,0,0
0,0,0
0,0,0
0,0,0
0,0,0
0,0,0
0,0,0
0,0,0
0,0,0
0,0,0
0,0,0
0,0,0
0,0,0
0,0,0
0,0,0
0,0,0
0,0,0
0,0,0
0,0,0
0,0,0
0,0,0
0,0,0
0,0,0
0,0,0
0,0,0
0,0,0
0,0,0
0,0,0
0,0,0
0,0,0
0,0,0
0,0,0
0,0,0
0,0,0
0,0,0
0,0,0
0,0,0
0,0,0
0,0,0
0,0,0
0,0,0
0,0,0
0,0,0
0,0,0
0,0,0
0,0,0
0,0,0
0,0,0
0,0,0
0,0,0
0,0,0
0,0,0
0,0,0
0,0,0
0,0,0
0,0,0
0,0,0
0,0,0
0,0,0
0,0,0
0,0,0
0,0,0
0,0,0
0,0,0
0,0,0
0,0,0
0,0,0
0,0,0
0,0,0
0,0,0
0,0,0
0,0,0
0,0,0
0,0,0
0,0,0
0,0,0
0,0,0
0,0,0
0,0,0
0,0,0
0,0,0
0,0,0
0,0,0
0,0,0
0,0,0
0,0,0
0,0,0
0,0,0
0,0,0
0,0,0
0,0,0
0,0,0
0,0,0
0,0,0
0,0,0
0,0,0
0,0,0
0,0,0
0,0,0
0,0,0
0,0,0
0,0,0
0,0,0
0,0,0
0,0,0
0,0,0
0,0,0
0,0,0
0,0,0
0,0,0
0,0,0
0,0,0
0,0,0
0,0,0
0,0,0
0,0,0
0,0,0
0,0,0
0,0,0
0,0,0
0,0,0
0,0,0
0,0,0
0,0,0
0,0,0
0,0,0
0,0,0
0,0,0
0,0,0
0,0,0
0,0,0
0,0,0
0,0,0
0,0,0
0,0,0
0,0,0
0,0,0
0,0,0
0,0,0
0,0,0
0,0,0
0,0,0
0,0,0
0,0,0
0,0,0
0,0,0
0,0,0
0,0,0
0,0,0
0,0,0
0,0,0
0,0,0
0,0,0
0,0,0
0,0,0
0,0,0
0,0,0
0,0,0
0,0,0
0,0,0
0,0,0
0,0,0
0,0,0
0,0,0
0,0,0
0,0,0
0,0,0
0,0,0
0,0,0
0,0,0
0,0,0
0,0,0
0,0,0
0,0,0
0,0,0
0,0,0
0,0,0
0,0,0
0,0,0
0,0,0
0,0,0
0,0,0
0,0,0
0,0,0
0,0,0
0,0,0
0,0,0
0,0,0
0,0,0
0,0,0
0,0,0
0,0,0
0,0,0
0,0,0
0,0,0
0,0,0
0,0,0
0,0,0
0,0,0
0,0,0
0,0,0
0,0,0
0,0,0
0,0,0
0,0,0
0,0,0
0,0,0
0,0,0
0,0,0
0,0,0
0,0,0
0,0,0
0,0,0
0,0,0
0,0,0
0,0,0
0,0,0
0,0,0
0,0,0
0,0,0
0,0,0
0,0,0
0,0,0
0,0,0
0,0,0
0,0,0
0,0,0
0,0,0
0,0,0
0,0,0
0,0,0
0,0,0
0,0,0
0,0,0
0,0,0
0,0,0
0,0,0
0,0,0
0,0,0
0,0,0
0,0,0
0,0,0
0,0,0
0,0,0
0,0,0
0,0,0
0,0,0
0,0,0
0,0,0
0,0,0
0,0,0
0,0,0
0,0,0
0,0,0
0,0,0
0,0,0
0,0,0
0,0,0
0,0,0
0,0,0
0,0,0
0,0,0
0,0,0
0,0,0
0,0,0
0,0,0
0,0,0
0,0,0
0,0,0
0,0,0
0,0,0
0,0,0
0,0,0
0,0,0
0,0,0
0,0,0
0,0,0
0,0,0
0,0,0
0,0,0
0,0,0
0,0,0
0,0,0
0,0,0
0,0,0
0,0,0
0,0,0
0,0,0
0,0,0
0,0,0
0,0,0
0,0,0
0,0,0
0,0,0
0,0,0
0,0,0
0,0,0
0,0,0
0,0,0
0,0,0
0,0,0
0,0,0
0,0,0
0,0,0
0,0,0
0,0,0
0,0,0
0,0,0
0,0,0
0,0,0
0,0,0
0,0,0
0,0,0
0,0,0
0,0,0
0,0,0
0,0,0
0,0,0
0,0,0
0,0,0
0,0,0
0,0,0
0,0,0
0,0,0
0,0,0
0,0,0
0,0,0
0,0,0
0,0,0
0,0,0
0,0,0
0,0,0
0,0,0
0,0,0
0,0,0
0,0,0
0,0,0
0,0,0
0,0,0
0,0,0
0,0,0
0,0,0
0,0,0
0,0,0
0,0,0
0,0,0
0,0,0
0,0,0
0,0,0
0,0,0
0,0,0
0,0,0
0,0,0
0,0,0
0,0,0
0,0,0
0,0,0
0,0,0
0,0,0
0,0,0
0,0,0
0,0,0
0,0,0
0,0,0
0,0,0
0,0,0
0,0,0
0,0,0
0,0,0
0,0,0
0,0,0
0,0,0
0,0,0
0,0,0
0,0,0
0,0,0
0,0,0
0,0,0
0,0,0
0,0,0
0,0,0
0,0,0
0,0,0
0,0,0
0,0,0
0,0,0
0,0,0
0,0,0
0,0,0
0,0,0
0,0,0
0,0,0
0,0,0
0,0,0
0,0,0
0,0,0
0,0,0
0,0,0
0,0,0
0,0,0
0,0,0
0,0,0
0,0,0
0,0,0
0,0,0
0,0,0
0,0,0
0,0,0
0,0,0
0,0,0
0,0,0
0,0,0
0,0,0
0,0,0
0,0,0
0,0,0
0,0,0
0,0,0
0,0,0
0,0,0
0,0,0
0,0,0
0,0,0
0,0,0
0,0,0
0,0,0
0,0,0
0,0,0
0,0,0
0,0,0
0,0,0
0,0,0
0,0,0
0,0,0
0,0,0
0,0,0
0,0,0
0,0,0
0,0,0
0,0,0
0,0,0
0,0,0
0,0,0
0,0,0
0,0,0
0,0,0
0,0,0
0,0,0
0,0,0
0,0,0
0,0,0
0,0,0
0,0,0
0,0,0
0,0,0
0,0,0
0,0,0
0,0,0
0,0,0
0,0,0
0,0,0
0,0,0
0,0,0
0,0,0
0,0,0
0,0,0
0,0,0
0,0,0
0,0,0
0,0,0
0,0,0
0,0,0
0,0,0
0,0,0
0,0,0
0,0,0
0,0,0
0,0,0
0,0,0
0,0,0
0,0,0
0,0,0
0,0,0
0,0,0
0,0,0
0,0,0
0,0,0
0,0,0
0,0,0
0,0,0
0,0,0
0,0,0
0,0,0
0,0,0
0,0,0
0,0,0
0,0,0
0,0,0
0,0,0
0,0,0
0,0,0
0,0,0
0,0,0
0,0,0
0,0,0
0,0,0
0,0,0
0,0,0
0,0,0
0,0,0
0,0,0
0,0,0
0,0,0
0,0,0
0,0,0
0,0,0
0,0,0
0,0,0
0,0,0
0,0,0
0,0,0
0,0,0
0,0,0
0,0,0
0,0,0
0,0,0
0,0,0
0,0,0
0,0,0
0,0,0
0,0,0
0,0,0
0,0,0
0,0,0
0,0,0
0,0,0
0,0,0
0,0,0
0,0,0
0,0,0
0,0,0
0,0,0
0,0,0
0,0,0
0,0,0
0,0,0
0,0,0
0,0,0
0,0,0
0,0,0
0,0,0
0,0,0
0,0,0
0,0,0
0,0,0
0,0,0
0,0,0
0,0,0
0,0,0
0,0,0
0,0,0
0,0,0
0,0,0
0,0,0
0,0,0
0,0,0
0,0,0
0,0,0
0,0,0
0,0,0
0,0,0
0,0,0
0,0,0
0,0,0
0,0,0
0,0,0
0,0,0
0,0,0
0,0,0
0,0,0
0,0,0
0,0,0
0,0,0
0,0,0
0,0,0
0,0,0
0,0,0
0,0,0
0,0,0
0,0,0
0,0,0
0,0,0
0,0,0
0,0,0
0,0,0
0,0,0
0,0,0
0,0,0
0,0,0
0,0,0
0,0,0
0,0,0
0,0,0
0,0,0
0,0,0
0,0,0
0,0,0
0,0,0
0,0,0
0,0,0
0,0,0
0,0,0
0,0,0
0,0,0
0,0,0
0,0,0
0,0,0
0,0,0
0,0,0
0,0,0
0,0,0
0,0,0
0,0,0
0,0,0
0,0,0
0,0,0
0,0,0
0,0,0
0,0,0
0,0,0
0,0,0
0,0,0
0,0,0
0,0,0
0,0,0
0,0,0
0,0,0
0,0,0
0,0,0
0,0,0
0,0,0
0,0,0
0,0,0
0,0,0
0,0,0
0,0,0
0,0,0
0,0,0
0,0,0
0,0,0
0,0,0
0,0,0
0,0,0
0,0,0
0,0,0
0,0,0
0,0,0
0,0,0
0,0,0
0,0,0
0,0,0
0,0,0
0,0,0
0,0,0
0,0,0
0,0,0
0,0,0
0,0,0
0,0,0
0,0,0
0,0,0
0,0,0
0,0,0
0,0,0
0,0,0
0,0,0
0,0,0
0,0,0
0,0,0
0,0,0
0,0,0
0,0,0
0,0,0
0,0,0
0,0,0
0,0,0
0,0,0
0,0,0
0,0,0
0,0,0
0,0,0
0,0,0
0,0,0
0,0,0
0,0,0
0,0,0
0,0,0
0,0,0
0,0,0
0,0,0
0,0,0
0,0,0
0,0,0
0,0,0
0,0,0
0,0,0
0,0,0
0,0,0
0,0,0
0,0,0
0,0,0
0,0,0
0,0,0
0,0,0
0,0,0
0,0,0
0,0,0
0,0,0
0,0,0
0,0,0
0,0,0
0,0,0
0,0,0
0,0,0
0,0,0
0,0,0
0,0,0
0,0,0
0,0,0
0,0,0
0,0,0
0,0,0
0,0,0
0,0,0
0,0,0
0,0,0
0,0,0
0,0,0
0,0,0
0,0,0
0,0,0
0,0,0
0,0,0
0,0,0
0,0,0
0,0,0
0,0,0
0,0,0
0,0,0
0,0,0
0,0,0
0,0,0
0,0,0
0,0,0
0,0,0
0,0,0
0,0,0
0,0,0
0,0,0
0,0,0
0,0,0
0,0,0
0,0,0
0,0,0
0,0,0
0,0,0
0,0,0
0,0,0
0,0,0
0,0,0
0,0,0
0,0,0
0,0,0
0,0,0
0,0,0
0,0,0
0,0,0
0,0,0
0,0,0
0,0,0
0,0,0
0,0,0
0,0,0
0,0,0
0,0,0
0,0,0
0,0,0
0,0,0
0,0,0
0,0,0
0,0,0
0,0,0
0,0,0
0,0,0
0,0,0
0,0,0
0,0,0
0,0,0
0,0,0
0,0,0
0,0,0
0,0,0
0,0,0
0,0,0
0,0,0
0,0,0
0,0,0
0,0,0
0,0,0
0,0,0
0,0,0
0,0,0
0,0,0
0,0,0
0,0,0
0,0,0
0,0,0
0,0,0
0,0,0
0,0,0
0,0,0
0,0,0
0,0,0
0,0,0
0,0,0
0,0,0
0,0,0
0,0,0
0,0,0
0,0,0
0,0,0
0,0,0
0,0,0
0,0,0
0,0,0
0,0,0
0,0,0
0,0,0
0,0,0
0,0,0
0,0,0
0,0,0
0,0,0
0,0,0
0,0,0
0,0,0
0,0,0
0,0,0
0,0,0
0,0,0
0,0,0
0,0,0
0,0,0
0,0,0
0,0,0
0,0,0
0,0,0
0,0,0
0,0,0
0,0,0
0,0,0
0,0,0
0,0,0
0,0,0
0,0,0
0,0,0
0,0,0
0,0,0
0,0,0
0,0,0
0,0,0
0,0,0
0,0,0
0,0,0
0,0,0
0,0,0
0,0,0
0,0,0
0,0,0
0,0,0
0,0,0
0,0,0
0,0,0
0,0,0
0,0,0
0,0,0
0,0,0
0,0,0
0,0,0
0,0,0
0,0,0
0,0,0
0,0,0
0,0,0
0,0,0
0,0,0
0,0,0
0,0,0
0,0,0
0,0,0
0,0,0
0,0,0
0,0,0
0,0,0
0,0,0
0,0,0
0,0,0
0,0,0
0,0,0
0,0,0
0,0,0
0,0,0
0,0,0
0,0,0
0,0,0
0,0,0
0,0,0
0,0,0
0,0,0
0,0,0
0,0,0
0,0,0
0,0,0
0,0,0
0,0,0
0,0,0
0,0,0
0,0,0
0,0,0
0,0,0
0,0,0
0,0,0
0,0,0
0,0,0
0,0,0
0,0,0
0,0,0
0,0,0
0,0,0
0,0,0
0,0,0
0,0,0
0,0,0
0,0,0
0,0,0
0,0,0
0,0,0
0,0,0
0,0,0
0,0,0
0,0,0
0,0,0
0,0,0
0,0,0
0,0,0
0,0,0
0,0,0
0,0,0
0,0,0
0,0,0
0,0,0
0,0,0
0,0,0
0,0,0
0,0,0
0,0,0
0,0,0
0,0,0
0,0,0
0,0,0
0,0,0
0,0,0
0,0,0
0,0,0
0,0,0
0,0,0
0,0,0
0,0,0
0,0,0
0,0,0
0,0,0
0,0,0
0,0,0
0,0,0
0,0,0
0,0,0
0,0,0
0,0,0
0,0,0
0,0,0
0,0,0
0,0,0
0,0,0
0,0,0
0,0,0
0,0,0
0,0,0
0,0,0
0,0,0
0,0,0
0,0,0
0,0,0
0,0,0
9.12945,-15.4227,4.00594
9.00216,-15.4227,3.99166
8.89567,-15.4574,3.98646
8.80885,-15.5261,3.99014
8.72104,-15.5935,3.9936
0,0,0
0,0,0
0,0,0
0,0,0
0,0,0
0,0,0
0,0,0
0,0,0
0,0,0
0,0,0
0,0,0
0,0,0
0,0,0
0,0,0
0,0,0
0,0,0
0,0,0
0,0,0
0,0,0
0,0,0
0,0,0
0,0,0
0,0,0
0,0,0
0,0,0
0,0,0
0,0,0
0,0,0
0,0,0
0,0,0
0,0,0
0,0,0
0,0,0
0,0,0
0,0,0
0,0,0
0,0,0
0,0,0
0,0,0
0,0,0
0,0,0
0,0,0
0,0,0
0,0,0
0,0,0
0,0,0
0,0,0
0,0,0
0,0,0
0,0,0
0,0,0
0,0,0
0,0,0
0,0,0
0,0,0
0,0,0
0,0,0
0,0,0
0,0,0
0,0,0
0,0,0
0,0,0
0,0,0
0,0,0
0,0,0
0,0,0
0,0,0
0,0,0
0,0,0
0,0,0
0,0,0
0,0,0
0,0,0
0,0,0
0,0,0
0,0,0
0,0,0
0,0,0
0,0,0
0,0,0
0,0,0
0,0,0
0,0,0
0,0,0
0,0,0
0,0,0
0,0,0
0,0,0
0,0,0
0,0,0
0,0,0
0,0,0
0,0,0
0,0,0
0,0,0
0,0,0
0,0,0
0,0,0
0,0,0
0,0,0
0,0,0
0,0,0
0,0,0
0,0,0
0,0,0
0,0,0
0,0,0
0,0,0
0,0,0
0,0,0
0,0,0
0,0,0
0,0,0
0,0,0
0,0,0
0,0,0
0,0,0
0,0,0
0,0,0
0,0,0
0,0,0
0,0,0
0,0,0
0,0,0
0,0,0
0,0,0
0,0,0
0,0,0
0,0,0
0,0,0
0,0,0
0,0,0
0,0,0
0,0,0
0,0,0
0,0,0
0,0,0
0,0,0
0,0,0
0,0,0
0,0,0
0,0,0
0,0,0
0,0,0
0,0,0
0,0,0
0,0,0
0,0,0
0,0,0
0,0,0
0,0,0
0,0,0
0,0,0
0,0,0
0,0,0
0,0,0
0,0,0
0,0,0
0,0,0
0,0,0
0,0,0
0,0,0
0,0,0
0,0,0
0,0,0
0,0,0
0,0,0
0,0,0
0,0,0
0,0,0
0,0,0
0,0,0
0,0,0
0,0,0
0,0,0
0,0,0
0,0,0
0,0,0
0,0,0
0,0,0
0,0,0
0,0,0
0,0,0
0,0,0
0,0,0
0,0,0
0,0,0
0,0,0
0,0,0
0,0,0
0,0,0
0,0,0
0,0,0
0,0,0
0,0,0
0,0,0
0,0,0
0,0,0
0,0,0
0,0,0
0,0,0
0,0,0
0,0,0
0,0,0
0,0,0
0,0,0
0,0,0
0,0,0
0,0,0
0,0,0
0,0,0
0,0,0
0,0,0
0,0,0
0,0,0
0,0,0
0,0,0
0,0,0
0,0,0
0,0,0
0,0,0
0,0,0
0,0,0
0,0,0
0,0,0
0,0,0
0,0,0
0,0,0
0,0,0
0,0,0
0,0,0
0,0,0
0,0,0
0,0,0
0,0,0
0,0,0
0,0,0
0,0,0
0,0,0
0,0,0
0,0,0
0,0,0
0,0,0
0,0,0
0,0,0
0,0,0
0,0,0
0,0,0
0,0,0
0,0,0
0,0,0
0,0,0
0,0,0
0,0,0
0,0,0
0,0,0
0,0,0
0,0,0
0,0,0
0,0,0
0,0,0
0,0,0
0,0,0
0,0,0
0,0,0
0,0,0
0,0,0
0,0,0
0,0,0
0,0,0
0,0,0
0,0,0
0,0,0
0,0,0
0,0,0
0,0,0
0,0,0
0,0,0
0,0,0
0,0,0
0,0,0
0,0,0
0,0,0
0,0,0
0,0,0
0,0,0
0,0,0
0,0,0
0,0,0
0,0,0
0,0,0
0,0,0
0,0,0
0,0,0
0,0,0
0,0,0
0,0,0
0,0,0
0,0,0
0,0,0
0,0,0
0,0,0
0,0,0
0,0,0
0,0,0
0,0,0
0,0,0
0,0,0
0,0,0
0,0,0
0,0,0
0,0,0
0,0,0
0,0,0
0,0,0
0,0,0
0,0,0
0,0,0
0,0,0
0,0,0
0,0,0
0,0,0
0,0,0
0,0,0
0,0,0
0,0,0
0,0,0
0,0,0
0,0,0
0,0,0
0,0,0
0,0,0
0,0,0
0,0,0
0,0,0
0,0,0
0,0,0
0,0,0
0,0,0
0,0,0
0,0,0
0,0,0
0,0,0
0,0,0
0,0,0
0,0,0
0,0,0
0,0,0
0,0,0
0,0,0
0,0,0
0,0,0
0,0,0
0,0,0
0,0,0
0,0,0
0,0,0
0,0,0
0,0,0
0,0,0
0,0,0
0,0,0
0,0,0
0,0,0
0,0,0
0,0,0
0,0,0
0,0,0
0,0,0
0,0,0
0,0,0
0,0,0
0,0,0
0,0,0
0,0,0
0,0,0
0,0,0
0,0,0
0,0,0
0,0,0
0,0,0
0,0,0
0,0,0
0,0,0
0,0,0
0,0,0
0,0,0
0,0,0
0,0,0
0,0,0
0,0,0
0,0,0
0,0,0
0,0,0
0,0,0
0,0,0
0,0,0
0,0,0
0,0,0
0,0,0
0,0,0
0,0,0
0,0,0
0,0,0
0,0,0
0,0,0
0,0,0
0,0,0
0,0,0
0,0,0
0,0,0
0,0,0
0,0,0
0,0,0
0,0,0
0,0,0
0,0,0
0,0,0
0,0,0
0,0,0
0,0,0
0,0,0
0,0,0
0,0,0
0,0,0
0,0,0
0,0,0
0,0,0
0,0,0
0,0,0
0,0,0
0,0,0
0,0,0
0,0,0
0,0,0
0,0,0
0,0,0
0,0,0
0,0,0
0,0,0
0,0,0
0,0,0
0,0,0
0,0,0
0,0,0
0,0,0
0,0,0
0,0,0
0,0,0
0,0,0
0,0,0
0,0,0
0,0,0
0,0,0
0,0,0
0,0,0
0,0,0
0,0,0
0,0,0
0,0,0
0,0,0
0,0,0
0,0,0
0,0,0
0,0,0
0,0,0
0,0,0
0,0,0
0,0,0
0,0,0
0,0,0
0,0,0
0,0,0
0,0,0
0,0,0
0,0,0
0,0,0
0,0,0
0,0,0
0,0,0
0,0,0
0,0,0
0,0,0
0,0,0
0,0,0
0,0,0
0,0,0
0,0,0
0,0,0
0,0,0
0,0,0
0,0,0
0,0,0
0,0,0
0,0,0
0,0,0
0,0,0
0,0,0
0,0,0
0,0,0
0,0,0
0,0,0
0,0,0
0,0,0
0,0,0
0,0,0
0,0,0
0,0,0
0,0,0
0,0,0
0,0,0
0,0,0
0,0,0
0,0,0
0,0,0
0,0,0
0,0,0
0,0,0
0,0,0
0,0,0
0,0,0
0,0,0
0,0,0
0,0,0
0,0,0
0,0,0
0,0,0
0,0,0
0,0,0
0,0,0
0,0,0
0,0,0
0,0,0
0,0,0
0,0,0
0,0,0
0,0,0
0,0,0
0,0,0
0,0,0
0,0,0
0,0,0
0,0,0
0,0,0
0,0,0
0,0,0
0,0,0
0,0,0
0,0,0
0,0,0
0,0,0
0,0,0
0,0,0
0,0,0
0,0,0
0,0,0
0,0,0
0,0,0
0,0,0
0,0,0
0,0,0
0,0,0
0,0,0
0,0,0
0,0,0
0,0,0
0,0,0
0,0,0
0,0,0
0,0,0
0,0,0
0,0,0
0,0,0
0,0,0
0,0,0
0,0,0
0,0,0
0,0,0
0,0,0
0,0,0
0,0,0
0,0,0
0,0,0
0,0,0
0,0,0
0,0,0
0,0,0
0,0,0
0,0,0
0,0,0
0,0,0
0,0,0
0,0,0
0,0,0
0,0,0
0,0,0
0,0,0
0,0,0
0,0,0
0,0,0
0,0,0
0,0,0
0,0,0
0,0,0
0,0,0
0,0,0
0,0,0
0,0,0
0,0,0
0,0,0
0,0,0
0,0,0
0,0,0
0,0,0
0,0,0
0,0,0
0,0,0
0,0,0
0,0,0
0,0,0
0,0,0
0,0,0
0,0,0
0,0,0
0,0,0
0,0,0
0,0,0
0,0,0
0,0,0
0,0,0
0,0,0
0,0,0
0,0,0
0,0,0
0,0,0
0,0,0
0,0,0
0,0,0
0,0,0
0,0,0
0,0,0
0,0,0
0,0,0
0,0,0
0,0,0
0,0,0
0,0,0
0,0,0
0,0,0
0,0,0
0,0,0
0,0,0
0,0,0
0,0,0
0,0,0
0,0,0
0,0,0
0,0,0
0,0,0
0,0,0
0,0,0
0,0,0
0,0,0
0,0,0
0,0,0
0,0,0
0,0,0
0,0,0
0,0,0
0,0,0
0,0,0
0,0,0
0,0,0
0,0,0
0,0,0
0,0,0
0,0,0
0,0,0
0,0,0
0,0,0
0,0,0
0,0,0
0,0,0
0,0,0
0,0,0
0,0,0
0,0,0
0,0,0
0,0,0
0,0,0
0,0,0
0,0,0
0,0,0
0,0,0
0,0,0
0,0,0
0,0,0
0,0,0
0,0,0
0,0,0
0,0,0
0,0,0
0,0,0
0,0,0
0,0,0
0,0,0
0,0,0
0,0,0
0,0,0
0,0,0
0,0,0
0,0,0
0,0,0
0,0,0
0,0,0
0,0,0
0,0,0
0,0,0
0,0,0
0,0,0
0,0,0
0,0,0
0,0,0
0,0,0
0,0,0
0,0,0
0,0,0
0,0,0
0,0,0
0,0,0
0,0,0
0,0,0
0,0,0
0,0,0
0,0,0
0,0,0
0,0,0
0,0,0
0,0,0
0,0,0
0,0,0
0,0,0
0,0,0
0,0,0
0,0,0
0,0,0
0,0,0
0,0,0
0,0,0
0,0,0
0,0,0
0,0,0
0,0,0
0,0,0
0,0,0
0,0,0
0,0,0
0,0,0
0,0,0
0,0,0
0,0,0
0,0,0
0,0,0
0,0,0
0,0,0
0,0,0
0,0,0
0,0,0
0,0,0
0,0,0
0,0,0
0,0,0
0,0,0
0,0,0
0,0,0
0,0,0
0,0,0
0,0,0
0,0,0
0,0,0
0,0,0
0,0,0
0,0,0
0,0,0
0,0,0
0,0,0
0,0,0
0,0,0
0,0,0
0,0,0
0,0,0
0,0,0
0,0,0
0,0,0
0,0,0
0,0,0
0,0,0
0,0,0
0,0,0
0,0,0
0,0,0
0,0,0
0,0,0
0,0,0
0,0,0
0,0,0
0,0,0
0,0,0
0,0,0
0,0,0
0,0,0
0,0,0
0,0,0
0,0,0
0,0,0
0,0,0
0,0,0
0,0,0
0,0,0
0,0,0
0,0,0
0,0,0
0,0,0
0,0,0
0,0,0
0,0,0
0,0,0
0,0,0
0,0,0
0,0,0
0,0,0
0,0,0
0,0,0
0,0,0
0,0,0
0,0,0
0,0,0
0,0,0
0,0,0
0,0,0
0,0,0
0,0,0
0,0,0
0,0,0
0,0,0
0,0,0
0,0,0
0,0,0
0,0,0
0,0,0
0,0,0
0,0,0
0,0,0
0,0,0
0,0,0
0,0,0
0,0,0
0,0,0
0,0,0
0,0,0
0,0,0
0,0,0
0,0,0
0,0,0
0,0,0
0,0,0
0,0,0
0,0,0
0,0,0
0,0,0
0,0,0
0,0,0
0,0,0
0,0,0
0,0,0
0,0,0
0,0,0
0,0,0
0,0,0
0,0,0
0,0,0
0,0,0
0,0,0
0,0,0
0,0,0
0,0,0
0,0,0
0,0,0
0,0,0
0,0,0
0,0,0
0,0,0
0,0,0
0,0,0
0,0,0
0,0,0
0,0,0
0,0,0
0,0,0
0,0,0
0,0,0
0,0,0
0,0,0
0,0,0
0,0,0
0,0,0
0,0,0
0,0,0
0,0,0
0,0,0
0,0,0
0,0,0
0,0,0
0,0,0
0,0,0
0,0,0
0,0,0
0,0,0
0,0,0
0,0,0
0,0,0
0,0,0
0,0,0
0,0,0
0,0,0
0,0,0
0,0,0
0,0,0
0,0,0
0,0,0
0,0,0
0,0,0
0,0,0
0,0,0
0,0,0
0,0,0
0,0,0
0,0,0
0,0,0
0,0,0
0,0,0
0,0,0
0,0,0
0,0,0
0,0,0
0,0,0
0,0,0
0,0,0
0,0,0
0,0,0
0,0,0
0,0,0
0,0,0
0,0,0
0,0,0
0,0,0
0,0,0
0,0,0
0,0,0
0,0,0
0,0,0
0,0,0
0,0,0
0,0,0
0,0,0
0,0,0
0,0,0
0,0,0
0,0,0
0,0,0
0,0,0
0,0,0
0,0,0
0,0,0
0,0,0
0,0,0
0,0,0
0,0,0
0,0,0
0,0,0
0,0,0
0,0,0
0,0,0
0,0,0
0,0,0
0,0,0
0,0,0
0,0,0
0,0,0
0,0,0
0,0,0
0,0,0
0,0,0
0,0,0
0,0,0
0,0,0
0,0,0
0,0,0
0,0,0
0,0,0
0,0,0
0,0,0
0,0,0
9.13234,-15.4337,3.78911
9.00344,-15.4311,3.77496
8.89394,-15.4606,3.76881
8.81001,-15.5345,3.77353
8.73984,-15.6335,3.78439
0,0,0
0,0,0
0,0,0
0,0,0
0,0,0
0,0,0
0,0,0
0,0,0
0,0,0
0,0,0
0,0,0
0,0,0
0,0,0
0,0,0
0,0,0
0,0,0
0,0,0
0,0,0
0,0,0
0,0,0
0,0,0
0,0,0
0,0,0
0,0,0
0,0,0
0,0,0
0,0,0
0,0,0
0,0,0
0,0,0
0,0,0
0,0,0
0,0,0
0,0,0
0,0,0
0,0,0
0,0,0
0,0,0
0,0,0
0,0,0
0,0,0
0,0,0
0,0,0
0,0,0
0,0,0
0,0,0
0,0,0
0,0,0
0,0,0
0,0,0
0,0,0
0,0,0
0,0,0
0,0,0
0,0,0
0,0,0
0,0,0
0,0,0
0,0,0
0,0,0
0,0,0
0,0,0
0,0,0
0,0,0
0,0,0
0,0,0
0,0,0
0,0,0
0,0,0
0,0,0
0,0,0
0,0,0
0,0,0
0,0,0
0,0,0
0,0,0
0,0,0
0,0,0
0,0,0
0,0,0
0,0,0
0,0,0
0,0,0
0,0,0
0,0,0
0,0,0
0,0,0
0,0,0
0,0,0
0,0,0
0,0,0
0,0,0
0,0,0
0,0,0
0,0,0
0,0,0
0,0,0
0,0,0
0,0,0
0,0,0
0,0,0
0,0,0
0,0,0
0,0,0
0,0,0
0,0,0
0,0,0
0,0,0
0,0,0
0,0,0
0,0,0
0,0,0
0,0,0
0,0,0
0,0,0
0,0,0
0,0,0
0,0,0
0,0,0
0,0,0
0,0,0
0,0,0
0,0,0
0,0,0
0,0,0
0,0,0
0,0,0
0,0,0
0,0,0
0,0,0
0,0,0
0,0,0
0,0,0
0,0,0
0,0,0
0,0,0
0,0,0
0,0,0
0,0,0
0,0,0
0,0,0
0,0,0
0,0,0
0,0,0
0,0,0
0,0,0
0,0,0
0,0,0
0,0,0
0,0,0
0,0,0
0,0,0
0,0,0
0,0,0
0,0,0
0,0,0
0,0,0
0,0,0
0,0,0
0,0,0
0,0,0
0,0,0
0,0,0
0,0,0
0,0,0
0,0,0
0,0,0
0,0,0
0,0,0
0,0,0
0,0,0
0,0,0
0,0,0
0,0,0
0,0,0
0,0,0
0,0,0
0,0,0
0,0,0
0,0,0
0,0,0
0,0,0
0,0,0
0,0,0
0,0,0
0,0,0
0,0,0
0,0,0
0,0,0
0,0,0
0,0,0
0,0,0
0,0,0
0,0,0
0,0,0
0,0,0
0,0,0
0,0,0
0,0,0
0,0,0
0,0,0
0,0,0
0,0,0
0,0,0
0,0,0
0,0,0
0,0,0
0,0,0
0,0,0
0,0,0
0,0,0
0,0,0
0,0,0
0,0,0
0,0,0
0,0,0
0,0,0
0,0,0
0,0,0
0,0,0
0,0,0
0,0,0
0,0,0
0,0,0
0,0,0
0,0,0
0,0,0
0,0,0
0,0,0
0,0,0
0,0,0
0,0,0
0,0,0
0,0,0
0,0,0
0,0,0
0,0,0
0,0,0
0,0,0
0,0,0
0,0,0
0,0,0
0,0,0
0,0,0
0,0,0
0,0,0
0,0,0
0,0,0
0,0,0
0,0,0
0,0,0
0,0,0
0,0,0
0,0,0
0,0,0
0,0,0
0,0,0
0,0,0
0,0,0
0,0,0
0,0,0
0,0,0
0,0,0
0,0,0
0,0,0
0,0,0
0,0,0
0,0,0
0,0,0
0,0,0
0,0,0
0,0,0
0,0,0
0,0,0
0,0,0
0,0,0
0,0,0
0,0,0
0,0,0
0,0,0
0,0,0
0,0,0
0,0,0
0,0,0
0,0,0
0,0,0
0,0,0
0,0,0
0,0,0
0,0,0
0,0,0
0,0,0
0,0,0
0,0,0
0,0,0
0,0,0
0,0,0
0,0,0
0,0,0
0,0,0
0,0,0
0,0,0
0,0,0
0,0,0
0,0,0
0,0,0
0,0,0
0,0,0
0,0,0
0,0,0
0,0,0
0,0,0
0,0,0
0,0,0
0,0,0
0,0,0
0,0,0
0,0,0
0,0,0
0,0,0
0,0,0
0,0,0
0,0,0
0,0,0
0,0,0
0,0,0
0,0,0
0,0,0
0,0,0
0,0,0
0,0,0
0,0,0
0,0,0
0,0,0
0,0,0
0,0,0
0,0,0
0,0,0
0,0,0
0,0,0
0,0,0
0,0,0
0,0,0
0,0,0
0,0,0
0,0,0
0,0,0
0,0,0
0,0,0
0,0,0
0,0,0
0,0,0
0,0,0
0,0,0
0,0,0
0,0,0
0,0,0
0,0,0
0,0,0
0,0,0
0,0,0
0,0,0
0,0,0
0,0,0
0,0,0
0,0,0
0,0,0
0,0,0
0,0,0
0,0,0
0,0,0
0,0,0
0,0,0
0,0,0
0,0,0
0,0,0
0,0,0
0,0,0
0,0,0
0,0,0
0,0,0
0,0,0
0,0,0
0,0,0
0,0,0
0,0,0
0,0,0
0,0,0
0,0,0
0,0,0
0,0,0
0,0,0
0,0,0
0,0,0
0,0,0
0,0,0
0,0,0
0,0,0
0,0,0
0,0,0
0,0,0
0,0,0
0,0,0
0,0,0
0,0,0
0,0,0
0,0,0
0,0,0
0,0,0
0,0,0
0,0,0
0,0,0
0,0,0
0,0,0
0,0,0
0,0,0
0,0,0
0,0,0
0,0,0
0,0,0
0,0,0
0,0,0
0,0,0
0,0,0
0,0,0
0,0,0
0,0,0
0,0,0
0,0,0
0,0,0
0,0,0
0,0,0
0,0,0
0,0,0
0,0,0
0,0,0
0,0,0
0,0,0
0,0,0
0,0,0
0,0,0
0,0,0
0,0,0
0,0,0
0,0,0
0,0,0
0,0,0
0,0,0
0,0,0
0,0,0
0,0,0
0,0,0
0,0,0
0,0,0
0,0,0
0,0,0
0,0,0
0,0,0
0,0,0
0,0,0
0,0,0
0,0,0
0,0,0
0,0,0
0,0,0
0,0,0
0,0,0
0,0,0
0,0,0
0,0,0
0,0,0
0,0,0
0,0,0
0,0,0
0,0,0
0,0,0
0,0,0
0,0,0
0,0,0
0,0,0
0,0,0
0,0,0
0,0,0
0,0,0
0,0,0
0,0,0
0,0,0
0,0,0
0,0,0
0,0,0
0,0,0
0,0,0
0,0,0
0,0,0
0,0,0
0,0,0
0,0,0
0,0,0
0,0,0
0,0,0
0,0,0
0,0,0
0,0,0
0,0,0
0,0,0
0,0,0
0,0,0
0,0,0
0,0,0
0,0,0
0,0,0
0,0,0
0,0,0
0,0,0
0,0,0
0,0,0
0,0,0
0,0,0
0,0,0
0,0,0
0,0,0
0,0,0
0,0,0
0,0,0
0,0,0
0,0,0
0,0,0
0,0,0
0,0,0
0,0,0
0,0,0
0,0,0
0,0,0
0,0,0
0,0,0
0,0,0
0,0,0
0,0,0
0,0,0
0,0,0
0,0,0
0,0,0
0,0,0
0,0,0
0,0,0
0,0,0
0,0,0
0,0,0
0,0,0
0,0,0
0,0,0
0,0,0
0,0,0
0,0,0
0,0,0
0,0,0
0,0,0
0,0,0
0,0,0
0,0,0
0,0,0
0,0,0
0,0,0
0,0,0
0,0,0
0,0,0
0,0,0
0,0,0
0,0,0
0,0,0
0,0,0
0,0,0
0,0,0
0,0,0
0,0,0
0,0,0
0,0,0
0,0,0
0,0,0
0,0,0
0,0,0
0,0,0
0,0,0
0,0,0
0,0,0
0,0,0
0,0,0
0,0,0
0,0,0
0,0,0
0,0,0
0,0,0
0,0,0
0,0,0
0,0,0
0,0,0
0,0,0
0,0,0
0,0,0
0,0,0
0,0,0
0,0,0
0,0,0
0,0,0
0,0,0
0,0,0
0,0,0
0,0,0
0,0,0
0,0,0
0,0,0
0,0,0
0,0,0
0,0,0
0,0,0
0,0,0
0,0,0
0,0,0
0,0,0
0,0,0
0,0,0
0,0,0
0,0,0
0,0,0
0,0,0
0,0,0
0,0,0
0,0,0
0,0,0
0,0,0
0,0,0
0,0,0
0,0,0
0,0,0
0,0,0
0,0,0
0,0,0
0,0,0
0,0,0
0,0,0
0,0,0
0,0,0
0,0,0
0,0,0
0,0,0
0,0,0
0,0,0
0,0,0
0,0,0
0,0,0
0,0,0
0,0,0
0,0,0
0,0,0
0,0,0
0,0,0
0,0,0
0,0,0
0,0,0
0,0,0
0,0,0
0,0,0
0,0,0
0,0,0
0,0,0
0,0,0
0,0,0
0,0,0
0,0,0
0,0,0
0,0,0
0,0,0
0,0,0
0,0,0
0,0,0
0,0,0
0,0,0
0,0,0
0,0,0
0,0,0
0,0,0
0,0,0
0,0,0
0,0,0
0,0,0
0,0,0
0,0,0
0,0,0
0,0,0
0,0,0
0,0,0
0,0,0
0,0,0
0,0,0
0,0,0
0,0,0
0,0,0
0,0,0
0,0,0
0,0,0
0,0,0
0,0,0
0,0,0
0,0,0
0,0,0
0,0,0
0,0,0
0,0,0
0,0,0
0,0,0
0,0,0
0,0,0
0,0,0
0,0,0
0,0,0
0,0,0
0,0,0
0,0,0
0,0,0
0,0,0
0,0,0
0,0,0
0,0,0
0,0,0
0,0,0
0,0,0
0,0,0
0,0,0
0,0,0
0,0,0
0,0,0
0,0,0
0,0,0
0,0,0
0,0,0
0,0,0
0,0,0
0,0,0
0,0,0
0,0,0
0,0,0
0,0,0
0,0,0
0,0,0
0,0,0
0,0,0
0,0,0
0,0,0
0,0,0
0,0,0
0,0,0
0,0,0
0,0,0
0,0,0
0,0,0
0,0,0
0,0,0
0,0,0
0,0,0
0,0,0
0,0,0
0,0,0
0,0,0
0,0,0
0,0,0
0,0,0
0,0,0
0,0,0
0,0,0
0,0,0
0,0,0
0,0,0
0,0,0
0,0,0
0,0,0
0,0,0
0,0,0
0,0,0
0,0,0
0,0,0
0,0,0
0,0,0
0,0,0
0,0,0
0,0,0
0,0,0
0,0,0
0,0,0
0,0,0
0,0,0
0,0,0
0,0,0
0,0,0
0,0,0
0,0,0
0,0,0
0,0,0
0,0,0
0,0,0
0,0,0
0,0,0
0,0,0
0,0,0
0,0,0
0,0,0
0,0,0
0,0,0
0,0,0
0,0,0
0,0,0
0,0,0
0,0,0
0,0,0
0,0,0
0,0,0
0,0,0
0,0,0
0,0,0
0,0,0
0,0,0
0,0,0
0,0,0
0,0,0
0,0,0
0,0,0
0,0,0
0,0,0
0,0,0
0,0,0
0,0,0
0,0,0
0,0,0
0,0,0
0,0,0
0,0,0
0,0,0
0,0,0
0,0,0
0,0,0
0,0,0
0,0,0
0,0,0
0,0,0
0,0,0
0,0,0
0,0,0
0,0,0
0,0,0
0,0,0
0,0,0
0,0,0
0,0,0
0,0,0
0,0,0
0,0,0
0,0,0
0,0,0
0,0,0
0,0,0
0,0,0
0,0,0
0,0,0
0,0,0
0,0,0
0,0,0
0,0,0
0,0,0
0,0,0
0,0,0
0,0,0
0,0,0
0,0,0
0,0,0
0,0,0
0,0,0
0,0,0
0,0,0
0,0,0
0,0,0
0,0,0
0,0,0
0,0,0
0,0,0
0,0,0
0,0,0
0,0,0
0,0,0
0,0,0
0,0,0
0,0,0
0,0,0
0,0,0
0,0,0
0,0,0
0,0,0
0,0,0
0,0,0
0,0,0
0,0,0
0,0,0
0,0,0
0,0,0
0,0,0
0,0,0
0,0,0
0,0,0
0,0,0
0,0,0
0,0,0
0,0,0
0,0,0
0,0,0
0,0,0
0,0,0
0,0,0
0,0,0
0,0,0
0,0,0
0,0,0
0,0,0
0,0,0
0,0,0
0,0,0
0,0,0
0,0,0
0,0,0
0,0,0
0,0,0
0,0,0
0,0,0
0,0,0
0,0,0
0,0,0
0,0,0
0,0,0
0,0,0
0,0,0
0,0,0
0,0,0
0,0,0
0,0,0
0,0,0
0,0,0
0,0,0
0,0,0
0,0,0
0,0,0
0,0,0
0,0,0
0,0,0
0,0,0
0,0,0
0,0,0
0,0,0
0,0,0
0,0,0
0,0,0
0,0,0
0,0,0
0,0,0
0,0,0
0,0,0
0,0,0
0,0,0
0,0,0
0,0,0
0,0,0
0,0,0
0,0,0
0,0,0
0,0,0
0,0,0
0,0,0
0,0,0
0,0,0
0,0,0
0,0,0
0,0,0
0,0,0
0,0,0
0,0,0
0,0,0
0,0,0
0,0,0
0,0,0
0,0,0
0,0,0
0,0,0
0,0,0
0,0,0
0,0,0
0,0,0
0,0,0
0,0,0
0,0,0
0,0,0
0,0,0
0,0,0
0,0,0
0,0,0
0,0,0
0,0,0
0,0,0
0,0,0
0,0,0
0,0,0
0,0,0
0,0,0
0,0,0
0,0,0
0,0,0
0,0,0
0,0,0
0,0,0
0,0,0
0,0,0
0,0,0
0,0,0
0,0,0
0,0,0
0,0,0
0,0,0
0,0,0
0,0,0
0,0,0
0,0,0
0,0,0
0,0,0
0,0,0
0,0,0
0,0,0
0,0,0
0,0,0
0,0,0
0,0,0
9.14769,-15.4596,3.57036
9.02596,-15.4697,3.55993
8.90053,-15.4721,3.54795
8.81414,-15.5417,3.55143
8.73777,-15.6298,3.55915
0,0,0
0,0,0
0,0,0
0,0,0
0,0,0
0,0,0
0,0,0
0,0,0
0,0,0
0,0,0
0,0,0
0,0,0
0,0,0
0,0,0
0,0,0
0,0,0
0,0,0
0,0,0
0,0,0
0,0,0
0,0,0
0,0,0
0,0,0
0,0,0
0,0,0
0,0,0
0,0,0
0,0,0
0,0,0
0,0,0
0,0,0
0,0,0
0,0,0
0,0,0
0,0,0
0,0,0
0,0,0
0,0,0
0,0,0
0,0,0
0,0,0
0,0,0
0,0,0
0,0,0
0,0,0
0,0,0
0,0,0
0,0,0
0,0,0
0,0,0
0,0,0
0,0,0
0,0,0
0,0,0
0,0,0
0,0,0
0,0,0
0,0,0
0,0,0
0,0,0
0,0,0
0,0,0
0,0,0
0,0,0
0,0,0
0,0,0
0,0,0
0,0,0
0,0,0
0,0,0
0,0,0
0,0,0
0,0,0
0,0,0
0,0,0
0,0,0
0,0,0
0,0,0
0,0,0
0,0,0
0,0,0
0,0,0
0,0,0
0,0,0
0,0,0
0,0,0
0,0,0
0,0,0
0,0,0
0,0,0
0,0,0
0,0,0
0,0,0
0,0,0
0,0,0
0,0,0
0,0,0
0,0,0
0,0,0
0,0,0
0,0,0
0,0,0
0,0,0
0,0,0
0,0,0
0,0,0
0,0,0
0,0,0
0,0,0
0,0,0
0,0,0
0,0,0
0,0,0
0,0,0
0,0,0
0,0,0
0,0,0
0,0,0
0,0,0
0,0,0
0,0,0
0,0,0
0,0,0
0,0,0
0,0,0
0,0,0
0,0,0
0,0,0
0,0,0
0,0,0
0,0,0
0,0,0
0,0,0
0,0,0
0,0,0
0,0,0
0,0,0
0,0,0
0,0,0
0,0,0
0,0,0
0,0,0
0,0,0
0,0,0
0,0,0
0,0,0
0,0,0
0,0,0
0,0,0
0,0,0
0,0,0
0,0,0
0,0,0
0,0,0
0,0,0
0,0,0
0,0,0
0,0,0
0,0,0
0,0,0
0,0,0
0,0,0
0,0,0
0,0,0
0,0,0
0,0,0
0,0,0
0,0,0
0,0,0
0,0,0
0,0,0
0,0,0
0,0,0
0,0,0
0,0,0
0,0,0
0,0,0
0,0,0
0,0,0
0,0,0
0,0,0
0,0,0
0,0,0
0,0,0
0,0,0
0,0,0
0,0,0
0,0,0
0,0,0
0,0,0
0,0,0
0,0,0
0,0,0
0,0,0
0,0,0
0,0,0
0,0,0
0,0,0
0,0,0
0,0,0
0,0,0
0,0,0
0,0,0
0,0,0
0,0,0
0,0,0
0,0,0
0,0,0
0,0,0
0,0,0
0,0,0
0,0,0
0,0,0
0,0,0
0,0,0
0,0,0
0,0,0
0,0,0
0,0,0
0,0,0
0,0,0
0,0,0
0,0,0
0,0,0
0,0,0
0,0,0
0,0,0
0,0,0
0,0,0
0,0,0
0,0,0
0,0,0
0,0,0
0,0,0
0,0,0
0,0,0
0,0,0
0,0,0
0,0,0
0,0,0
0,0,0
0,0,0
0,0,0
0,0,0
0,0,0
0,0,0
0,0,0
0,0,0
0,0,0
0,0,0
0,0,0
0,0,0
0,0,0
0,0,0
0,0,0
0,0,0
0,0,0
0,0,0
0,0,0
0,0,0
0,0,0
0,0,0
0,0,0
0,0,0
0,0,0
0,0,0
0,0,0
0,0,0
0,0,0
0,0,0
0,0,0
0,0,0
0,0,0
0,0,0
0,0,0
0,0,0
0,0,0
0,0,0
0,0,0
0,0,0
0,0,0
0,0,0
0,0,0
0,0,0
0,0,0
0,0,0
0,0,0
0,0,0
0,0,0
0,0,0
0,0,0
0,0,0
0,0,0
0,0,0
0,0,0
0,0,0
0,0,0
0,0,0
0,0,0
0,0,0
0,0,0
0,0,0
0,0,0
0,0,0
0,0,0
0,0,0
0,0,0
0,0,0
0,0,0
0,0,0
0,0,0
0,0,0
0,0,0
0,0,0
0,0,0
0,0,0
0,0,0
0,0,0
0,0,0
0,0,0
0,0,0
0,0,0
0,0,0
0,0,0
0,0,0
0,0,0
0,0,0
0,0,0
0,0,0
0,0,0
0,0,0
0,0,0
0,0,0
0,0,0
0,0,0
0,0,0
0,0,0
0,0,0
0,0,0
0,0,0
0,0,0
0,0,0
0,0,0
0,0,0
0,0,0
0,0,0
0,0,0
0,0,0
0,0,0
0,0,0
0,0,0
0,0,0
0,0,0
0,0,0
0,0,0
0,0,0
0,0,0
0,0,0
0,0,0
0,0,0
0,0,0
0,0,0
0,0,0
0,0,0
0,0,0
0,0,0
0,0,0
0,0,0
0,0,0
0,0,0
0,0,0
0,0,0
0,0,0
0,0,0
0,0,0
0,0,0
0,0,0
0,0,0
0,0,0
0,0,0
0,0,0
0,0,0
0,0,0
0,0,0
0,0,0
0,0,0
0,0,0
0,0,0
0,0,0
0,0,0
0,0,0
0,0,0
0,0,0
0,0,0
0,0,0
0,0,0
0,0,0
0,0,0
0,0,0
0,0,0
0,0,0
0,0,0
0,0,0
0,0,0
0,0,0
0,0,0
0,0,0
0,0,0
0,0,0
0,0,0
0,0,0
0,0,0
0,0,0
0,0,0
0,0,0
0,0,0
0,0,0
0,0,0
0,0,0
0,0,0
0,0,0
0,0,0
0,0,0
0,0,0
0,0,0
0,0,0
0,0,0
0,0,0
0,0,0
0,0,0
0,0,0
0,0,0
0,0,0
0,0,0
0,0,0
0,0,0
0,0,0
0,0,0
0,0,0
0,0,0
0,0,0
0,0,0
0,0,0
0,0,0
0,0,0
0,0,0
0,0,0
0,0,0
0,0,0
0,0,0
0,0,0
0,0,0
0,0,0
0,0,0
0,0,0
0,0,0
0,0,0
0,0,0
0,0,0
0,0,0
0,0,0
0,0,0
0,0,0
0,0,0
0,0,0
0,0,0
0,0,0
0,0,0
0,0,0
0,0,0
0,0,0
0,0,0
0,0,0
0,0,0
0,0,0
0,0,0
0,0,0
0,0,0
0,0,0
0,0,0
0,0,0
0,0,0
0,0,0
0,0,0
0,0,0
0,0,0
0,0,0
0,0,0
0,0,0
0,0,0
0,0,0
0,0,0
0,0,0
0,0,0
0,0,0
0,0,0
0,0,0
0,0,0
0,0,0
0,0,0
0,0,0
0,0,0
0,0,0
0,0,0
0,0,0
0,0,0
0,0,0
0,0,0
0,0,0
0,0,0
0,0,0
0,0,0
0,0,0
0,0,0
0,0,0
0,0,0
0,0,0
0,0,0
0,0,0
0,0,0
0,0,0
0,0,0
0,0,0
0,0,0
0,0,0
0,0,0
0,0,0
0,0,0
0,0,0
0,0,0
0,0,0
0,0,0
0,0,0
0,0,0
0,0,0
0,0,0
0,0,0
0,0,0
0,0,0
0,0,0
0,0,0
0,0,0
0,0,0
0,0,0
0,0,0
0,0,0
0,0,0
0,0,0
0,0,0
0,0,0
0,0,0
0,0,0
0,0,0
0,0,0
0,0,0
0,0,0
0,0,0
0,0,0
0,0,0
0,0,0
0,0,0
0,0,0
0,0,0
0,0,0
0,0,0
0,0,0
0,0,0
0,0,0
0,0,0
0,0,0
0,0,0
0,0,0
0,0,0
0,0,0
0,0,0
0,0,0
0,0,0
0,0,0
0,0,0
0,0,0
0,0,0
0,0,0
0,0,0
0,0,0
0,0,0
0,0,0
0,0,0
0,0,0
0,0,0
0,0,0
0,0,0
0,0,0
0,0,0
0,0,0
0,0,0
0,0,0
0,0,0
0,0,0
0,0,0
0,0,0
0,0,0
0,0,0
0,0,0
0,0,0
0,0,0
0,0,0
0,0,0
0,0,0
0,0,0
0,0,0
0,0,0
0,0,0
0,0,0
0,0,0
0,0,0
0,0,0
0,0,0
0,0,0
0,0,0
0,0,0
0,0,0
0,0,0
0,0,0
0,0,0
0,0,0
0,0,0
0,0,0
0,0,0
0,0,0
0,0,0
0,0,0
0,0,0
0,0,0
0,0,0
0,0,0
0,0,0
0,0,0
0,0,0
0,0,0
0,0,0
0,0,0
0,0,0
0,0,0
0,0,0
0,0,0
0,0,0
0,0,0
0,0,0
0,0,0
0,0,0
0,0,0
0,0,0
0,0,0
0,0,0
0,0,0
0,0,0
0,0,0
0,0,0
0,0,0
0,0,0
0,0,0
0,0,0
0,0,0
0,0,0
0,0,0
0,0,0
0,0,0
0,0,0
0,0,0
0,0,0
0,0,0
0,0,0
0,0,0
0,0,0
0,0,0
0,0,0
0,0,0
0,0,0
0,0,0
0,0,0
19.847,27.4856,6.29831
20.017,27.3657,6.29885
20.1593,27.2084,6.29104
0,0,0
0,0,0
0,0,0
0,0,0
0,0,0
0,0,0
0,0,0
0,0,0
0,0,0
0,0,0
0,0,0
0,0,0
0,0,0
0,0,0
0,0,0
0,0,0
0,0,0
0,0,0
0,0,0
0,0,0
0,0,0
0,0,0
0,0,0
0,0,0
0,0,0
0,0,0
0,0,0
0,0,0
0,0,0
0,0,0
0,0,0
0,0,0
0,0,0
0,0,0
0,0,0
0,0,0
0,0,0
0,0,0
0,0,0
0,0,0
0,0,0
0,0,0
0,0,0
0,0,0
0,0,0
0,0,0
0,0,0
0,0,0
0,0,0
0,0,0
0,0,0
0,0,0
0,0,0
0,0,0
0,0,0
0,0,0
0,0,0
0,0,0
0,0,0
0,0,0
0,0,0
0,0,0
0,0,0
0,0,0
0,0,0
0,0,0
0,0,0
0,0,0
0,0,0
0,0,0
0,0,0
0,0,0
0,0,0
0,0,0
0,0,0
0,0,0
0,0,0
0,0,0
0,0,0
0,0,0
0,0,0
0,0,0
0,0,0
0,0,0
0,0,0
0,0,0
0,0,0
0,0,0
0,0,0
0,0,0
0,0,0
0,0,0
0,0,0
0,0,0
0,0,0
0,0,0
0,0,0
0,0,0
0,0,0
0,0,0
0,0,0
0,0,0
0,0,0
0,0,0
0,0,0
0,0,0
0,0,0
0,0,0
0,0,0
0,0,0
0,0,0
0,0,0
0,0,0
0,0,0
0,0,0
0,0,0
0,0,0
0,0,0
0,0,0
0,0,0
0,0,0
0,0,0
0,0,0
0,0,0
0,0,0
0,0,0
0,0,0
0,0,0
0,0,0
0,0,0
0,0,0
0,0,0
0,0,0
0,0,0
0,0,0
0,0,0
0,0,0
0,0,0
0,0,0
0,0,0
0,0,0
0,0,0
0,0,0
0,0,0
0,0,0
0,0,0
0,0,0
0,0,0
0,0,0
0,0,0
0,0,0
0,0,0
0,0,0
0,0,0
0,0,0
0,0,0
0,0,0
0,0,0
0,0,0
0,0,0
0,0,0
0,0,0
0,0,0
0,0,0
0,0,0
0,0,0
0,0,0
0,0,0
0,0,0
0,0,0
0,0,0
0,0,0
0,0,0
0,0,0
0,0,0
0,0,0
0,0,0
0,0,0
0,0,0
0,0,0
0,0,0
0,0,0
0,0,0
0,0,0
0,0,0
0,0,0
0,0,0
0,0,0
0,0,0
0,0,0
0,0,0
0,0,0
0,0,0
0,0,0
0,0,0
0,0,0
0,0,0
0,0,0
0,0,0
0,0,0
0,0,0
0,0,0
0,0,0
0,0,0
0,0,0
0,0,0
0,0,0
0,0,0
0,0,0
0,0,0
0,0,0
0,0,0
0,0,0
0,0,0
0,0,0
0,0,0
0,0,0
0,0,0
0,0,0
0,0,0
0,0,0
0,0,0
0,0,0
0,0,0
0,0,0
0,0,0
0,0,0
0,0,0
0,0,0
0,0,0
0,0,0
0,0,0
0,0,0
0,0,0
0,0,0
0,0,0
0,0,0
0,0,0
0,0,0
0,0,0
0,0,0
0,0,0
0,0,0
0,0,0
0,0,0
0,0,0
0,0,0
0,0,0
0,0,0
0,0,0
0,0,0
0,0,0
0,0,0
0,0,0
0,0,0
0,0,0
0,0,0
0,0,0
0,0,0
0,0,0
0,0,0
0,0,0
0,0,0
0,0,0
0,0,0
0,0,0
0,0,0
0,0,0
0,0,0
0,0,0
0,0,0
0,0,0
0,0,0
0,0,0
0,0,0
0,0,0
0,0,0
0,0,0
0,0,0
0,0,0
0,0,0
0,0,0
0,0,0
0,0,0
0,0,0
0,0,0
0,0,0
0,0,0
0,0,0
0,0,0
0,0,0
0,0,0
0,0,0
0,0,0
0,0,0
0,0,0
0,0,0
0,0,0
0,0,0
0,0,0
0,0,0
0,0,0
0,0,0
0,0,0
0,0,0
0,0,0
0,0,0
0,0,0
0,0,0
0,0,0
0,0,0
0,0,0
0,0,0
0,0,0
0,0,0
0,0,0
0,0,0
0,0,0
0,0,0
0,0,0
9.16461,-15.4882,3.35898
9.03819,-15.4907,3.34753
8.8954,-15.4632,3.3299
8.81976,-15.5517,3.33717
8.73809,-15.6304,3.34244
0,0,0
0,0,0
0,0,0
0,0,0
0,0,0
0,0,0
0,0,0
0,0,0
0,0,0
0,0,0
0,0,0
0,0,0
0,0,0
0,0,0
0,0,0
0,0,0
0,0,0
0,0,0
0,0,0
0,0,0
0,0,0
0,0,0
0,0,0
0,0,0
0,0,0
0,0,0
0,0,0
0,0,0
0,0,0
0,0,0
0,0,0
0,0,0
0,0,0
0,0,0
0,0,0
0,0,0
0,0,0
0,0,0
0,0,0
0,0,0
0,0,0
0,0,0
0,0,0
0,0,0
0,0,0
0,0,0
0,0,0
0,0,0
0,0,0
0,0,0
0,0,0
0,0,0
0,0,0
0,0,0
0,0,0
0,0,0
0,0,0
0,0,0
0,0,0
0,0,0
0,0,0
0,0,0
0,0,0
0,0,0
0,0,0
0,0,0
0,0,0
0,0,0
0,0,0
0,0,0
0,0,0
0,0,0
0,0,0
0,0,0
0,0,0
0,0,0
0,0,0
0,0,0
0,0,0
0,0,0
0,0,0
0,0,0
0,0,0
0,0,0
0,0,0
0,0,0
0,0,0
0,0,0
0,0,0
0,0,0
0,0,0
0,0,0
0,0,0
0,0,0
0,0,0
0,0,0
0,0,0
0,0,0
0,0,0
0,0,0
0,0,0
0,0,0
0,0,0
0,0,0
0,0,0
0,0,0
0,0,0
0,0,0
0,0,0
0,0,0
0,0,0
0,0,0
0,0,0
0,0,0
0,0,0
0,0,0
0,0,0
0,0,0
0,0,0
0,0,0
0,0,0
0,0,0
0,0,0
0,0,0
0,0,0
0,0,0
0,0,0
0,0,0
0,0,0
0,0,0
0,0,0
0,0,0
0,0,0
0,0,0
0,0,0
0,0,0
0,0,0
0,0,0
0,0,0
0,0,0
0,0,0
0,0,0
0,0,0
0,0,0
0,0,0
0,0,0
0,0,0
0,0,0
0,0,0
0,0,0
0,0,0
0,0,0
0,0,0
0,0,0
0,0,0
0,0,0
0,0,0
0,0,0
0,0,0
0,0,0
0,0,0
0,0,0
0,0,0
0,0,0
0,0,0
0,0,0
0,0,0
0,0,0
0,0,0
0,0,0
0,0,0
0,0,0
0,0,0
0,0,0
0,0,0
0,0,0
0,0,0
0,0,0
0,0,0
0,0,0
0,0,0
0,0,0
0,0,0
0,0,0
0,0,0
0,0,0
0,0,0
0,0,0
0,0,0
0,0,0
0,0,0
0,0,0
0,0,0
0,0,0
0,0,0
0,0,0
0,0,0
0,0,0
0,0,0
0,0,0
0,0,0
0,0,0
0,0,0
0,0,0
0,0,0
0,0,0
0,0,0
0,0,0
0,0,0
0,0,0
0,0,0
0,0,0
0,0,0
0,0,0
0,0,0
0,0,0
0,0,0
0,0,0
0,0,0
0,0,0
0,0,0
0,0,0
0,0,0
0,0,0
0,0,0
0,0,0
0,0,0
0,0,0
0,0,0
0,0,0
0,0,0
0,0,0
0,0,0
0,0,0
0,0,0
0,0,0
0,0,0
0,0,0
0,0,0
0,0,0
0,0,0
0,0,0
0,0,0
0,0,0
0,0,0
0,0,0
0,0,0
0,0,0
0,0,0
0,0,0
0,0,0
0,0,0
0,0,0
0,0,0
0,0,0
0,0,0
0,0,0
0,0,0
0,0,0
0,0,0
0,0,0
0,0,0
0,0,0
0,0,0
0,0,0
0,0,0
0,0,0
0,0,0
0,0,0
0,0,0
0,0,0
0,0,0
0,0,0
0,0,0
0,0,0
0,0,0
0,0,0
0,0,0
0,0,0
0,0,0
0,0,0
0,0,0
0,0,0
0,0,0
0,0,0
0,0,0
0,0,0
0,0,0
0,0,0
0,0,0
0,0,0
0,0,0
0,0,0
0,0,0
0,0,0
0,0,0
0,0,0
0,0,0
0,0,0
0,0,0
0,0,0
0,0,0
0,0,0
0,0,0
0,0,0
0,0,0
0,0,0
0,0,0
0,0,0
0,0,0
0,0,0
0,0,0
0,0,0
0,0,0
0,0,0
0,0,0
0,0,0
0,0,0
0,0,0
0,0,0
0,0,0
0,0,0
0,0,0
0,0,0
0,0,0
0,0,0
0,0,0
0,0,0
0,0,0
0,0,0
0,0,0
0,0,0
0,0,0
0,0,0
0,0,0
0,0,0
0,0,0
0,0,0
0,0,0
0,0,0
0,0,0
0,0,0
0,0,0
0,0,0
0,0,0
0,0,0
0,0,0
0,0,0
0,0,0
0,0,0
0,0,0
0,0,0
0,0,0
0,0,0
0,0,0
0,0,0
0,0,0
0,0,0
0,0,0
0,0,0
0,0,0
0,0,0
0,0,0
0,0,0
0,0,0
0,0,0
0,0,0
0,0,0
0,0,0
0,0,0
0,0,0
0,0,0
0,0,0
0,0,0
0,0,0
0,0,0
0,0,0
0,0,0
0,0,0
0,0,0
0,0,0
0,0,0
0,0,0
0,0,0
0,0,0
0,0,0
0,0,0
0,0,0
0,0,0
0,0,0
0,0,0
0,0,0
0,0,0
0,0,0
0,0,0
0,0,0
0,0,0
0,0,0
0,0,0
0,0,0
0,0,0
0,0,0
0,0,0
0,0,0
0,0,0
0,0,0
0,0,0
0,0,0
0,0,0
0,0,0
0,0,0
0,0,0
0,0,0
0,0,0
0,0,0
0,0,0
0,0,0
0,0,0
0,0,0
0,0,0
0,0,0
0,0,0
0,0,0
0,0,0
0,0,0
0,0,0
0,0,0
0,0,0
0,0,0
0,0,0
0,0,0
0,0,0
0,0,0
0,0,0
0,0,0
0,0,0
0,0,0
0,0,0
0,0,0
0,0,0
0,0,0
0,0,0
0,0,0
0,0,0
0,0,0
0,0,0
0,0,0
0,0,0
0,0,0
0,0,0
0,0,0
0,0,0
0,0,0
0,0,0
0,0,0
0,0,0
0,0,0
0,0,0
0,0,0
0,0,0
0,0,0
0,0,0
0,0,0
0,0,0
0,0,0
0,0,0
0,0,0
0,0,0
0,0,0
0,0,0
0,0,0
0,0,0
0,0,0
0,0,0
0,0,0
0,0,0
0,0,0
0,0,0
0,0,0
0,0,0
0,0,0
0,0,0
0,0,0
0,0,0
0,0,0
0,0,0
0,0,0
0,0,0
0,0,0
0,0,0
0,0,0
0,0,0
0,0,0
0,0,0
0,0,0
0,0,0
0,0,0
0,0,0
0,0,0
0,0,0
0,0,0
0,0,0
0,0,0
0,0,0
0,0,0
0,0,0
0,0,0
0,0,0
0,0,0
0,0,0
0,0,0
0,0,0
0,0,0
0,0,0
0,0,0
0,0,0
0,0,0
0,0,0
0,0,0
0,0,0
0,0,0
0,0,0
0,0,0
0,0,0
0,0,0
0,0,0
0,0,0
0,0,0
0,0,0
0,0,0
0,0,0
0,0,0
0,0,0
0,0,0
0,0,0
0,0,0
0,0,0
0,0,0
0,0,0
0,0,0
0,0,0
0,0,0
0,0,0
0,0,0
0,0,0
0,0,0
0,0,0
0,0,0
0,0,0
0,0,0
0,0,0
0,0,0
0,0,0
0,0,0
0,0,0
0,0,0
0,0,0
0,0,0
0,0,0
0,0,0
0,0,0
0,0,0
0,0,0
0,0,0
0,0,0
0,0,0
0,0,0
0,0,0
0,0,0
0,0,0
0,0,0
0,0,0
0,0,0
0,0,0
0,0,0
0,0,0
0,0,0
0,0,0
0,0,0
0,0,0
0,0,0
0,0,0
0,0,0
0,0,0
0,0,0
0,0,0
0,0,0
0,0,0
0,0,0
0,0,0
0,0,0
0,0,0
0,0,0
0,0,0
0,0,0
0,0,0
0,0,0
0,0,0
0,0,0
0,0,0
0,0,0
0,0,0
0,0,0
0,0,0
0,0,0
0,0,0
0,0,0
0,0,0
0,0,0
0,0,0
0,0,0
0,0,0
0,0,0
0,0,0
0,0,0
0,0,0
0,0,0
0,0,0
0,0,0
0,0,0
0,0,0
0,0,0
0,0,0
0,0,0
0,0,0
0,0,0
0,0,0
0,0,0
0,0,0
0,0,0
0,0,0
0,0,0
0,0,0
0,0,0
0,0,0
0,0,0
0,0,0
0,0,0
0,0,0
0,0,0
0,0,0
0,0,0
0,0,0
0,0,0
0,0,0
0,0,0
0,0,0
0,0,0
0,0,0
0,0,0
0,0,0
0,0,0
0,0,0
0,0,0
0,0,0
0,0,0
0,0,0
0,0,0
0,0,0
0,0,0
0,0,0
0,0,0
0,0,0
0,0,0
0,0,0
0,0,0
0,0,0
0,0,0
0,0,0
0,0,0
0,0,0
0,0,0
0,0,0
0,0,0
0,0,0
0,0,0
0,0,0
0,0,0
0,0,0
0,0,0
0,0,0
0,0,0
0,0,0
0,0,0
0,0,0
0,0,0
0,0,0
0,0,0
0,0,0
0,0,0
0,0,0
0,0,0
0,0,0
0,0,0
0,0,0
0,0,0
0,0,0
0,0,0
0,0,0
0,0,0
0,0,0
0,0,0
0,0,0
0,0,0
0,0,0
0,0,0
0,0,0
0,0,0
0,0,0
0,0,0
0,0,0
0,0,0
0,0,0
0,0,0
20.0655,27.0643,5.85295
20.2412,26.9541,5.85585
0,0,0
0,0,0
0,0,0
0,0,0
0,0,0
0,0,0
0,0,0
0,0,0
0,0,0
0,0,0
0,0,0
0,0,0
0,0,0
0,0,0
0,0,0
0,0,0
0,0,0
0,0,0
0,0,0
0,0,0
0,0,0
0,0,0
0,0,0
0,0,0
0,0,0
0,0,0
0,0,0
0,0,0
0,0,0
0,0,0
0,0,0
0,0,0
0,0,0
0,0,0
0,0,0
0,0,0
0,0,0
0,0,0
0,0,0
0,0,0
0,0,0
0,0,0
0,0,0
0,0,0
0,0,0
0,0,0
0,0,0
0,0,0
0,0,0
0,0,0
0,0,0
0,0,0
0,0,0
0,0,0
0,0,0
0,0,0
0,0,0
0,0,0
0,0,0
0,0,0
0,0,0
0,0,0
0,0,0
0,0,0
0,0,0
0,0,0
0,0,0
0,0,0
0,0,0
0,0,0
0,0,0
0,0,0
0,0,0
0,0,0
0,0,0
0,0,0
0,0,0
0,0,0
0,0,0
0,0,0
0,0,0
0,0,0
0,0,0
0,0,0
0,0,0
0,0,0
0,0,0
0,0,0
0,0,0
0,0,0
0,0,0
0,0,0
0,0,0
0,0,0
0,0,0
0,0,0
0,0,0
0,0,0
0,0,0
0,0,0
0,0,0
0,0,0
0,0,0
0,0,0
0,0,0
0,0,0
0,0,0
0,0,0
0,0,0
0,0,0
0,0,0
0,0,0
0,0,0
0,0,0
0,0,0
0,0,0
0,0,0
0,0,0
0,0,0
0,0,0
0,0,0
0,0,0
0,0,0
0,0,0
0,0,0
0,0,0
0,0,0
0,0,0
0,0,0
0,0,0
0,0,0
0,0,0
0,0,0
0,0,0
0,0,0
0,0,0
0,0,0
0,0,0
0,0,0
0,0,0
0,0,0
0,0,0
0,0,0
0,0,0
0,0,0
0,0,0
0,0,0
0,0,0
0,0,0
0,0,0
0,0,0
0,0,0
0,0,0
0,0,0
0,0,0
0,0,0
0,0,0
0,0,0
0,0,0
0,0,0
0,0,0
0,0,0
0,0,0
0,0,0
0,0,0
0,0,0
0,0,0
0,0,0
0,0,0
0,0,0
0,0,0
0,0,0
0,0,0
0,0,0
0,0,0
0,0,0
0,0,0
0,0,0
0,0,0
0,0,0
0,0,0
0,0,0
0,0,0
0,0,0
0,0,0
0,0,0
0,0,0
0,0,0
0,0,0
0,0,0
0,0,0
0,0,0
0,0,0
0,0,0
0,0,0
0,0,0
0,0,0
0,0,0
0,0,0
0,0,0
0,0,0
0,0,0
0,0,0
0,0,0
0,0,0
0,0,0
0,0,0
0,0,0
0,0,0
0,0,0
0,0,0
0,0,0
0,0,0
0,0,0
0,0,0
0,0,0
0,0,0
0,0,0
0,0,0
0,0,0
0,0,0
0,0,0
0,0,0
0,0,0
0,0,0
0,0,0
0,0,0
0,0,0
0,0,0
0,0,0
0,0,0
0,0,0
0,0,0
0,0,0
0,0,0
0,0,0
0,0,0
0,0,0
0,0,0
0,0,0
0,0,0
0,0,0
0,0,0
0,0,0
0,0,0
0,0,0
0,0,0
0,0,0
0,0,0
0,0,0
0,0,0
0,0,0
0,0,0
0,0,0
0,0,0
0,0,0
0,0,0
0,0,0
0,0,0
0,0,0
0,0,0
0,0,0
0,0,0
0,0,0
0,0,0
0,0,0
0,0,0
0,0,0
0,0,0
0,0,0
0,0,0
0,0,0
0,0,0
0,0,0
0,0,0
0,0,0
0,0,0
0,0,0
0,0,0
0,0,0
0,0,0
0,0,0
0,0,0
0,0,0
0,0,0
0,0,0
0,0,0
0,0,0
0,0,0
0,0,0
0,0,0
0,0,0
0,0,0
0,0,0
0,0,0
0,0,0
0,0,0
0,0,0
0,0,0
0,0,0
0,0,0
0,0,0
0,0,0
0,0,0
0,0,0
0,0,0
0,0,0
0,0,0
0,0,0
0,0,0
0,0,0
0,0,0
0,0,0
0,0,0
0,0,0
0,0,0
0,0,0
0,0,0
0,0,0
9.17184,-15.5128,3.14628
8.99111,-15.4223,3.11701
8.89434,-15.4738,3.11632
8.80312,-15.5349,3.11769
8.72253,-15.6153,3.12296
0,0,0
0,0,0
0,0,0
0,0,0
0,0,0
0,0,0
0,0,0
0,0,0
0,0,0
0,0,0
0,0,0
0,0,0
0,0,0
0,0,0
0,0,0
0,0,0
0,0,0
0,0,0
0,0,0
0,0,0
0,0,0
0,0,0
0,0,0
0,0,0
0,0,0
0,0,0
0,0,0
0,0,0
0,0,0
0,0,0
0,0,0
0,0,0
0,0,0
0,0,0
0,0,0
0,0,0
0,0,0
0,0,0
0,0,0
0,0,0
0,0,0
0,0,0
0,0,0
0,0,0
0,0,0
0,0,0
0,0,0
0,0,0
0,0,0
0,0,0
0,0,0
0,0,0
0,0,0
0,0,0
0,0,0
0,0,0
0,0,0
0,0,0
0,0,0
0,0,0
0,0,0
0,0,0
0,0,0
0,0,0
0,0,0
0,0,0
0,0,0
0,0,0
0,0,0
0,0,0
0,0,0
0,0,0
0,0,0
0,0,0
0,0,0
0,0,0
0,0,0
0,0,0
0,0,0
0,0,0
0,0,0
0,0,0
0,0,0
0,0,0
0,0,0
0,0,0
0,0,0
0,0,0
0,0,0
0,0,0
0,0,0
0,0,0
0,0,0
0,0,0
0,0,0
0,0,0
0,0,0
0,0,0
0,0,0
0,0,0
0,0,0
0,0,0
0,0,0
0,0,0
0,0,0
0,0,0
0,0,0
0,0,0
0,0,0
0,0,0
0,0,0
0,0,0
0,0,0
0,0,0
0,0,0
0,0,0
0,0,0
0,0,0
0,0,0
0,0,0
0,0,0
0,0,0
0,0,0
0,0,0
0,0,0
0,0,0
0,0,0
0,0,0
0,0,0
0,0,0
0,0,0
0,0,0
0,0,0
0,0,0
0,0,0
0,0,0
0,0,0
0,0,0
0,0,0
0,0,0
0,0,0
0,0,0
0,0,0
0,0,0
0,0,0
0,0,0
0,0,0
0,0,0
0,0,0
0,0,0
0,0,0
0,0,0
0,0,0
0,0,0
0,0,0
0,0,0
0,0,0
0,0,0
0,0,0
0,0,0
0,0,0
0,0,0
0,0,0
0,0,0
0,0,0
0,0,0
0,0,0
0,0,0
0,0,0
0,0,0
0,0,0
0,0,0
0,0,0
0,0,0
0,0,0
0,0,0
0,0,0
0,0,0
0,0,0
0,0,0
0,0,0
0,0,0
0,0,0
0,0,0
0,0,0
0,0,0
0,0,0
0,0,0
0,0,0
0,0,0
0,0,0
0,0,0
0,0,0
0,0,0
0,0,0
0,0,0
0,0,0
0,0,0
0,0,0
0,0,0
0,0,0
0,0,0
0,0,0
0,0,0
0,0,0
0,0,0
0,0,0
0,0,0
0,0,0
0,0,0
0,0,0
0,0,0
0,0,0
0,0,0
0,0,0
0,0,0
0,0,0
0,0,0
0,0,0
0,0,0
0,0,0
0,0,0
0,0,0
0,0,0
0,0,0
0,0,0
0,0,0
0,0,0
0,0,0
0,0,0
0,0,0
0,0,0
0,0,0
0,0,0
0,0,0
0,0,0
0,0,0
0,0,0
0,0,0
0,0,0
0,0,0
0,0,0
0,0,0
0,0,0
0,0,0
0,0,0
0,0,0
0,0,0
0,0,0
0,0,0
0,0,0
0,0,0
0,0,0
0,0,0
0,0,0
0,0,0
0,0,0
0,0,0
0,0,0
0,0,0
0,0,0
0,0,0
0,0,0
0,0,0
0,0,0
0,0,0
0,0,0
0,0,0
0,0,0
0,0,0
0,0,0
0,0,0
0,0,0
0,0,0
0,0,0
0,0,0
0,0,0
0,0,0
0,0,0
0,0,0
0,0,0
0,0,0
0,0,0
0,0,0
0,0,0
0,0,0
0,0,0
0,0,0
0,0,0
0,0,0
0,0,0
0,0,0
0,0,0
0,0,0
0,0,0
0,0,0
0,0,0
0,0,0
0,0,0
0,0,0
0,0,0
0,0,0
0,0,0
0,0,0
0,0,0
0,0,0
0,0,0
0,0,0
0,0,0
0,0,0
0,0,0
0,0,0
0,0,0
0,0,0
0,0,0
0,0,0
0,0,0
0,0,0
0,0,0
0,0,0
0,0,0
0,0,0
0,0,0
0,0,0
0,0,0
0,0,0
0,0,0
0,0,0
0,0,0
0,0,0
0,0,0
0,0,0
0,0,0
0,0,0
0,0,0
0,0,0
0,0,0
0,0,0
0,0,0
0,0,0
0,0,0
0,0,0
0,0,0
0,0,0
0,0,0
0,0,0
0,0,0
0,0,0
0,0,0
0,0,0
0,0,0
0,0,0
0,0,0
0,0,0
0,0,0
0,0,0
0,0,0
0,0,0
0,0,0
0,0,0
0,0,0
0,0,0
0,0,0
0,0,0
0,0,0
0,0,0
0,0,0
0,0,0
0,0,0
0,0,0
0,0,0
0,0,0
0,0,0
0,0,0
0,0,0
0,0,0
0,0,0
0,0,0
0,0,0
0,0,0
0,0,0
0,0,0
0,0,0
0,0,0
0,0,0
0,0,0
0,0,0
0,0,0
0,0,0
0,0,0
0,0,0
0,0,0
0,0,0
0,0,0
0,0,0
0,0,0
0,0,0
0,0,0
0,0,0
0,0,0
0,0,0
0,0,0
0,0,0
0,0,0
0,0,0
0,0,0
0,0,0
0,0,0
0,0,0
0,0,0
0,0,0
0,0,0
0,0,0
0,0,0
0,0,0
0,0,0
0,0,0
0,0,0
0,0,0
0,0,0
0,0,0
0,0,0
0,0,0
0,0,0
0,0,0
0,0,0
0,0,0
0,0,0
0,0,0
0,0,0
0,0,0
0,0,0
0,0,0
0,0,0
0,0,0
0,0,0
0,0,0
0,0,0
0,0,0
0,0,0
0,0,0
0,0,0
0,0,0
0,0,0
0,0,0
0,0,0
0,0,0
0,0,0
0,0,0
0,0,0
0,0,0
0,0,0
0,0,0
0,0,0
0,0,0
0,0,0
0,0,0
0,0,0
0,0,0
0,0,0
0,0,0
0,0,0
0,0,0
0,0,0
0,0,0
0,0,0
0,0,0
0,0,0
0,0,0
0,0,0
0,0,0
0,0,0
0,0,0
0,0,0
0,0,0
0,0,0
0,0,0
0,0,0
0,0,0
0,0,0
0,0,0
0,0,0
0,0,0
0,0,0
0,0,0
0,0,0
0,0,0
0,0,0
0,0,0
0,0,0
0,0,0
0,0,0
0,0,0
0,0,0
0,0,0
0,0,0
0,0,0
0,0,0
0,0,0
0,0,0
0,0,0
0,0,0
0,0,0
0,0,0
0,0,0
0,0,0
0,0,0
0,0,0
0,0,0
0,0,0
0,0,0
0,0,0
0,0,0
0,0,0
0,0,0
0,0,0
0,0,0
0,0,0
0,0,0
0,0,0
0,0,0
0,0,0
0,0,0
0,0,0
0,0,0
0,0,0
0,0,0
0,0,0
0,0,0
0,0,0
0,0,0
0,0,0
0,0,0
0,0,0
0,0,0
0,0,0
0,0,0
0,0,0
0,0,0
0,0,0
0,0,0
0,0,0
0,0,0
0,0,0
0,0,0
0,0,0
0,0,0
0,0,0
0,0,0
0,0,0
0,0,0
0,0,0
0,0,0
0,0,0
0,0,0
0,0,0
0,0,0
0,0,0
0,0,0
0,0,0
0,0,0
0,0,0
0,0,0
0,0,0
0,0,0
0,0,0
0,0,0
0,0,0
0,0,0
0,0,0
0,0,0
0,0,0
0,0,0
0,0,0
0,0,0
0,0,0
0,0,0
0,0,0
0,0,0
0,0,0
0,0,0
0,0,0
0,0,0
0,0,0
0,0,0
0,0,0
0,0,0
0,0,0
0,0,0
0,0,0
0,0,0
0,0,0
0,0,0
0,0,0
0,0,0
0,0,0
0,0,0
0,0,0
0,0,0
0,0,0
0,0,0
0,0,0
0,0,0
0,0,0
0,0,0
0,0,0
0,0,0
0,0,0
0,0,0
0,0,0
0,0,0
0,0,0
0,0,0
0,0,0
0,0,0
0,0,0
0,0,0
0,0,0
0,0,0
0,0,0
0,0,0
0,0,0
0,0,0
0,0,0
0,0,0
0,0,0
0,0,0
0,0,0
0,0,0
0,0,0
0,0,0
0,0,0
0,0,0
0,0,0
0,0,0
0,0,0
0,0,0
0,0,0
0,0,0
0,0,0
0,0,0
0,0,0
0,0,0
0,0,0
0,0,0
0,0,0
0,0,0
0,0,0
0,0,0
0,0,0
0,0,0
0,0,0
0,0,0
0,0,0
0,0,0
0,0,0
0,0,0
0,0,0
0,0,0
0,0,0
0,0,0
0,0,0
0,0,0
0,0,0
0,0,0
0,0,0
0,0,0
0,0,0
0,0,0
0,0,0
0,0,0
0,0,0
0,0,0
0,0,0
0,0,0
0,0,0
0,0,0
0,0,0
0,0,0
0,0,0
0,0,0
0,0,0
20.0757,27.0856,5.43383
20.2587,26.9848,5.43842
20.4843,26.9394,5.45439
20.5389,26.67,5.42545
0,0,0
0,0,0
0,0,0
0,0,0
0,0,0
0,0,0
0,0,0
0,0,0
0,0,0
0,0,0
0,0,0
0,0,0
0,0,0
0,0,0
0,0,0
0,0,0
0,0,0
0,0,0
0,0,0
0,0,0
0,0,0
0,0,0
0,0,0
28.4255,27.4138,6.35905
0,0,0
0,0,0
0,0,0
0,0,0
29.2888,26.5615,6.3668
29.5638,26.4821,6.391
29.1703,25.8088,6.27223
29.3036,25.6079,6.26701
0,0,0
0,0,0
0,0,0
0,0,0
0,0,0
0,0,0
0,0,0
0,0,0
0,0,0
0,0,0
0,0,0
0,0,0
0,0,0
0,0,0
0,0,0
0,0,0
0,0,0
0,0,0
0,0,0
0,0,0
0,0,0
0,0,0
0,0,0
0,0,0
0,0,0
0,0,0
0,0,0
0,0,0
0,0,0
0,0,0
0,0,0
0,0,0
0,0,0
0,0,0
0,0,0
0,0,0
0,0,0
0,0,0
0,0,0
0,0,0
0,0,0
0,0,0
0,0,0
0,0,0
0,0,0
0,0,0
0,0,0
0,0,0
0,0,0
0,0,0
0,0,0
0,0,0
0,0,0
0,0,0
0,0,0
0,0,0
0,0,0
0,0,0
0,0,0
0,0,0
0,0,0
0,0,0
0,0,0
0,0,0
0,0,0
0,0,0
0,0,0
0,0,0
0,0,0
0,0,0
0,0,0
0,0,0
0,0,0
0,0,0
0,0,0
0,0,0
0,0,0
0,0,0
0,0,0
0,0,0
0,0,0
0,0,0
0,0,0
0,0,0
0,0,0
0,0,0
0,0,0
0,0,0
0,0,0
0,0,0
0,0,0
0,0,0
0,0,0
0,0,0
0,0,0
0,0,0
0,0,0
0,0,0
0,0,0
0,0,0
0,0,0
0,0,0
0,0,0
0,0,0
0,0,0
0,0,0
0,0,0
0,0,0
0,0,0
0,0,0
0,0,0
0,0,0
0,0,0
0,0,0
0,0,0
0,0,0
0,0,0
0,0,0
0,0,0
0,0,0
0,0,0
0,0,0
0,0,0
0,0,0
0,0,0
0,0,0
0,0,0
0,0,0
0,0,0
0,0,0
0,0,0
0,0,0
0,0,0
0,0,0
0,0,0
0,0,0
0,0,0
0,0,0
0,0,0
0,0,0
0,0,0
0,0,0
0,0,0
0,0,0
0,0,0
0,0,0
0,0,0
0,0,0
0,0,0
0,0,0
0,0,0
0,0,0
0,0,0
0,0,0
0,0,0
0,0,0
0,0,0
0,0,0
0,0,0
0,0,0
0,0,0
0,0,0
0,0,0
0,0,0
0,0,0
0,0,0
0,0,0
0,0,0
0,0,0
0,0,0
0,0,0
0,0,0
0,0,0
0,0,0
0,0,0
0,0,0
0,0,0
0,0,0
0,0,0
0,0,0
0,0,0
0,0,0
0,0,0
0,0,0
0,0,0
0,0,0
0,0,0
0,0,0
0,0,0
0,0,0
0,0,0
0,0,0
0,0,0
0,0,0
0,0,0
0,0,0
0,0,0
0,0,0
0,0,0
0,0,0
0,0,0
0,0,0
0,0,0
0,0,0
0,0,0
0,0,0
0,0,0
0,0,0
0,0,0
0,0,0
0,0,0
0,0,0
0,0,0
0,0,0
0,0,0
0,0,0
0,0,0
0,0,0
0,0,0
0,0,0
0,0,0
0,0,0
0,0,0
0,0,0
0,0,0
0,0,0
0,0,0
0,0,0
0,0,0
0,0,0
0,0,0
0,0,0
0,0,0
0,0,0
0,0,0
0,0,0
0,0,0
0,0,0
0,0,0
0,0,0
0,0,0
0,0,0
0,0,0
0,0,0
0,0,0
0,0,0
0,0,0
0,0,0
0,0,0
0,0,0
0,0,0
0,0,0
0,0,0
0,0,0
0,0,0
0,0,0
0,0,0
0,0,0
0,0,0
0,0,0
0,0,0
0,0,0
0,0,0
0,0,0
0,0,0
0,0,0
0,0,0
0,0,0
0,0,0
0,0,0
0,0,0
0,0,0
0,0,0
0,0,0
0,0,0
0,0,0
0,0,0
0,0,0
0,0,0
0,0,0
0,0,0
0,0,0
0,0,0
0,0,0
0,0,0
9.17561,-15.513,2.92054
9.01509,-15.4573,2.89982
8.90383,-15.4841,2.8946
8.81547,-15.5504,2.89682
8.73434,-15.6301,2.90156
8.68638,-15.7707,2.91753
0,0,0
0,0,0
0,0,0
0,0,0
0,0,0
0,0,0
0,0,0
0,0,0
0,0,0
0,0,0
0,0,0
0,0,0
0,0,0
0,0,0
0,0,0
0,0,0
0,0,0
0,0,0
0,0,0
0,0,0
0,0,0
0,0,0
0,0,0
0,0,0
0,0,0
0,0,0
0,0,0
0,0,0
0,0,0
0,0,0
0,0,0
0,0,0
0,0,0
0,0,0
0,0,0
0,0,0
0,0,0
0,0,0
0,0,0
0,0,0
0,0,0
0,0,0
0,0,0
0,0,0
0,0,0
0,0,0
0,0,0
0,0,0
0,0,0
0,0,0
0,0,0
0,0,0
0,0,0
0,0,0
0,0,0
0,0,0
0,0,0
0,0,0
0,0,0
0,0,0
0,0,0
0,0,0
0,0,0
0,0,0
0,0,0
0,0,0
0,0,0
0,0,0
0,0,0
0,0,0
0,0,0
0,0,0
0,0,0
0,0,0
0,0,0
0,0,0
0,0,0
0,0,0
0,0,0
0,0,0
0,0,0
0,0,0
0,0,0
0,0,0
0,0,0
0,0,0
0,0,0
0,0,0
0,0,0
0,0,0
0,0,0
0,0,0
0,0,0
0,0,0
0,0,0
0,0,0
0,0,0
0,0,0
0,0,0
0,0,0
0,0,0
0,0,0
0,0,0
0,0,0
0,0,0
0,0,0
0,0,0
0,0,0
0,0,0
0,0,0
0,0,0
0,0,0
0,0,0
0,0,0
0,0,0
0,0,0
0,0,0
0,0,0
0,0,0
0,0,0
0,0,0
0,0,0
0,0,0
0,0,0
0,0,0
0,0,0
0,0,0
0,0,0
0,0,0
0,0,0
0,0,0
0,0,0
0,0,0
0,0,0
0,0,0
0,0,0
0,0,0
0,0,0
0,0,0
0,0,0
0,0,0
0,0,0
0,0,0
0,0,0
0,0,0
0,0,0
0,0,0
0,0,0
0,0,0
0,0,0
0,0,0
0,0,0
0,0,0
0,0,0
0,0,0
0,0,0
0,0,0
0,0,0
0,0,0
0,0,0
0,0,0
0,0,0
0,0,0
0,0,0
0,0,0
0,0,0
0,0,0
0,0,0
0,0,0
0,0,0
0,0,0
0,0,0
0,0,0
0,0,0
0,0,0
0,0,0
0,0,0
0,0,0
0,0,0
0,0,0
0,0,0
0,0,0
0,0,0
0,0,0
0,0,0
0,0,0
0,0,0
0,0,0
0,0,0
0,0,0
0,0,0
0,0,0
0,0,0
0,0,0
0,0,0
0,0,0
0,0,0
0,0,0
0,0,0
0,0,0
0,0,0
0,0,0
0,0,0
0,0,0
0,0,0
0,0,0
0,0,0
0,0,0
0,0,0
0,0,0
0,0,0
0,0,0
0,0,0
0,0,0
0,0,0
0,0,0
0,0,0
0,0,0
0,0,0
0,0,0
0,0,0
0,0,0
0,0,0
0,0,0
0,0,0
0,0,0
0,0,0
0,0,0
0,0,0
0,0,0
0,0,0
0,0,0
0,0,0
0,0,0
0,0,0
0,0,0
0,0,0
0,0,0
0,0,0
0,0,0
0,0,0
0,0,0
0,0,0
0,0,0
0,0,0
0,0,0
0,0,0
0,0,0
0,0,0
0,0,0
0,0,0
0,0,0
0,0,0
0,0,0
0,0,0
0,0,0
0,0,0
0,0,0
0,0,0
0,0,0
0,0,0
0,0,0
0,0,0
0,0,0
0,0,0
0,0,0
0,0,0
0,0,0
0,0,0
0,0,0
0,0,0
0,0,0
0,0,0
0,0,0
0,0,0
0,0,0
0,0,0
0,0,0
0,0,0
0,0,0
0,0,0
0,0,0
0,0,0
0,0,0
0,0,0
0,0,0
0,0,0
0,0,0
0,0,0
0,0,0
0,0,0
0,0,0
0,0,0
0,0,0
0,0,0
0,0,0
0,0,0
0,0,0
0,0,0
0,0,0
0,0,0
0,0,0
0,0,0
0,0,0
0,0,0
0,0,0
0,0,0
0,0,0
0,0,0
0,0,0
0,0,0
0,0,0
0,0,0
0,0,0
0,0,0
0,0,0
0,0,0
0,0,0
0,0,0
0,0,0
0,0,0
0,0,0
0,0,0
0,0,0
0,0,0
0,0,0
0,0,0
0,0,0
0,0,0
0,0,0
0,0,0
0,0,0
0,0,0
0,0,0
0,0,0
0,0,0
0,0,0
0,0,0
0,0,0
0,0,0
0,0,0
0,0,0
0,0,0
0,0,0
0,0,0
0,0,0
0,0,0
0,0,0
0,0,0
0,0,0
0,0,0
0,0,0
0,0,0
0,0,0
0,0,0
0,0,0
0,0,0
0,0,0
0,0,0
0,0,0
0,0,0
0,0,0
0,0,0
0,0,0
0,0,0
0,0,0
0,0,0
0,0,0
0,0,0
0,0,0
0,0,0
0,0,0
0,0,0
0,0,0
0,0,0
0,0,0
0,0,0
0,0,0
0,0,0
0,0,0
0,0,0
0,0,0
0,0,0
0,0,0
0,0,0
0,0,0
0,0,0
0,0,0
0,0,0
0,0,0
0,0,0
0,0,0
0,0,0
0,0,0
0,0,0
0,0,0
0,0,0
0,0,0
0,0,0
0,0,0
0,0,0
0,0,0
0,0,0
0,0,0
0,0,0
0,0,0
0,0,0
0,0,0
0,0,0
0,0,0
0,0,0
0,0,0
0,0,0
0,0,0
0,0,0
0,0,0
0,0,0
0,0,0
0,0,0
0,0,0
0,0,0
0,0,0
0,0,0
0,0,0
0,0,0
0,0,0
0,0,0
0,0,0
0,0,0
0,0,0
0,0,0
0,0,0
0,0,0
0,0,0
0,0,0
0,0,0
0,0,0
0,0,0
0,0,0
0,0,0
0,0,0
0,0,0
0,0,0
0,0,0
0,0,0
0,0,0
0,0,0
0,0,0
0,0,0
0,0,0
0,0,0
0,0,0
0,0,0
0,0,0
0,0,0
0,0,0
0,0,0
0,0,0
0,0,0
0,0,0
0,0,0
0,0,0
0,0,0
0,0,0
0,0,0
0,0,0
0,0,0
0,0,0
0,0,0
0,0,0
0,0,0
0,0,0
0,0,0
0,0,0
0,0,0
0,0,0
0,0,0
0,0,0
0,0,0
0,0,0
0,0,0
0,0,0
0,0,0
0,0,0
0,0,0
0,0,0
0,0,0
0,0,0
0,0,0
0,0,0
0,0,0
0,0,0
0,0,0
0,0,0
0,0,0
0,0,0
0,0,0
0,0,0
0,0,0
0,0,0
0,0,0
0,0,0
0,0,0
0,0,0
0,0,0
0,0,0
0,0,0
0,0,0
0,0,0
0,0,0
0,0,0
0,0,0
0,0,0
0,0,0
0,0,0
0,0,0
0,0,0
0,0,0
0,0,0
0,0,0
0,0,0
0,0,0
0,0,0
0,0,0
0,0,0
0,0,0
0,0,0
0,0,0
0,0,0
0,0,0
0,0,0
0,0,0
0,0,0
0,0,0
0,0,0
0,0,0
0,0,0
0,0,0
0,0,0
0,0,0
0,0,0
0,0,0
0,0,0
0,0,0
0,0,0
0,0,0
0,0,0
0,0,0
0,0,0
0,0,0
0,0,0
0,0,0
0,0,0
0,0,0
0,0,0
0,0,0
0,0,0
0,0,0
0,0,0
0,0,0
0,0,0
0,0,0
0,0,0
0,0,0
0,0,0
0,0,0
0,0,0
0,0,0
0,0,0
0,0,0
0,0,0
0,0,0
0,0,0
0,0,0
0,0,0
0,0,0
0,0,0
0,0,0
0,0,0
0,0,0
0,0,0
0,0,0
0,0,0
0,0,0
0,0,0
0,0,0
0,0,0
0,0,0
0,0,0
0,0,0
0,0,0
0,0,0
0,0,0
0,0,0
0,0,0
0,0,0
0,0,0
0,0,0
0,0,0
0,0,0
0,0,0
0,0,0
0,0,0
0,0,0
0,0,0
0,0,0
0,0,0
0,0,0
0,0,0
0,0,0
0,0,0
0,0,0
0,0,0
0,0,0
0,0,0
0,0,0
0,0,0
0,0,0
0,0,0
0,0,0
0,0,0
0,0,0
0,0,0
0,0,0
0,0,0
0,0,0
0,0,0
0,0,0
0,0,0
0,0,0
0,0,0
0,0,0
0,0,0
0,0,0
0,0,0
0,0,0
0,0,0
0,0,0
0,0,0
0,0,0
0,0,0
0,0,0
0,0,0
0,0,0
0,0,0
0,0,0
0,0,0
0,0,0
0,0,0
0,0,0
0,0,0
0,0,0
0,0,0
0,0,0
0,0,0
0,0,0
0,0,0
0,0,0
0,0,0
0,0,0
0,0,0
0,0,0
0,0,0
0,0,0
0,0,0
0,0,0
0,0,0
0,0,0
0,0,0
0,0,0
12.0034,30.5724,4.90146
0,0,0
0,0,0
12.4801,30.1434,4.86891
12.5151,29.7107,4.81174
12.8304,29.9443,4.86187
12.9613,29.7444,4.84238
13.7627,31.0616,5.06887
13.9449,30.9586,5.06594
14.1185,30.8373,5.06022
0,0,0
14.4608,30.5875,5.04806
0,0,0
0,0,0
0,0,0
0,0,0
0,0,0
0,0,0
0,0,0
0,0,0
0,0,0
0,0,0
0,0,0
0,0,0
0,0,0
0,0,0
0,0,0
0,0,0
0,0,0
0,0,0
0,0,0
0,0,0
0,0,0
0,0,0
0,0,0
0,0,0
0,0,0
0,0,0
0,0,0
0,0,0
0,0,0
19.6767,27.2323,5.01302
19.795,27.0447,5.00085
19.9464,26.9037,4.99733
20.1996,26.8987,5.01918
20.4272,26.8569,5.03457
0,0,0
0,0,0
0,0,0
0,0,0
0,0,0
0,0,0
0,0,0
0,0,0
0,0,0
0,0,0
0,0,0
0,0,0
0,0,0
0,0,0
0,0,0
0,0,0
0,0,0
0,0,0
0,0,0
0,0,0
0,0,0
0,0,0
0,0,0
0,0,0
0,0,0
0,0,0
27.7811,26.1354,5.68665
27.9685,25.9901,5.69222
28.1355,25.8253,5.69383
29.0958,26.3798,5.85436
29.2638,26.2067,5.85568
29.0491,25.695,5.7815
29.2107,25.5202,5.78238
29.3383,25.3159,5.77681
0,0,0
29.251,24.6208,5.70014
29.1664,24.2455,5.65484
29.2818,24.039,5.64853
0,0,0
0,0,0
0,0,0
0,0,0
0,0,0
0,0,0
0,0,0
0,0,0
0,0,0
0,0,0
0,0,0
0,0,0
0,0,0
0,0,0
0,0,0
0,0,0
0,0,0
0,0,0
0,0,0
0,0,0
0,0,0
0,0,0
0,0,0
0,0,0
0,0,0
0,0,0
0,0,0
0,0,0
0,0,0
0,0,0
0,0,0
0,0,0
0,0,0
0,0,0
0,0,0
0,0,0
0,0,0
0,0,0
0,0,0
0,0,0
0,0,0
0,0,0
0,0,0
0,0,0
0,0,0
0,0,0
0,0,0
0,0,0
0,0,0
0,0,0
0,0,0
0,0,0
0,0,0
0,0,0
0,0,0
0,0,0
0,0,0
0,0,0
0,0,0
0,0,0
0,0,0
0,0,0
0,0,0
0,0,0
0,0,0
0,0,0
0,0,0
0,0,0
0,0,0
0,0,0
0,0,0
0,0,0
0,0,0
0,0,0
0,0,0
0,0,0
0,0,0
0,0,0
0,0,0
0,0,0
0,0,0
0,0,0
0,0,0
0,0,0
0,0,0
0,0,0
0,0,0
0,0,0
0,0,0
0,0,0
0,0,0
0,0,0
0,0,0
0,0,0
0,0,0
0,0,0
0,0,0
0,0,0
0,0,0
0,0,0
0,0,0
0,0,0
0,0,0
0,0,0
0,0,0
0,0,0
0,0,0
0,0,0
0,0,0
0,0,0
0,0,0
0,0,0
0,0,0
0,0,0
0,0,0
0,0,0
0,0,0
0,0,0
0,0,0
0,0,0
0,0,0
0,0,0
0,0,0
0,0,0
0,0,0
0,0,0
0,0,0
0,0,0
0,0,0
0,0,0
0,0,0
0,0,0
0,0,0
0,0,0
0,0,0
0,0,0
0,0,0
0,0,0
0,0,0
0,0,0
0,0,0
0,0,0
0,0,0
0,0,0
0,0,0
0,0,0
0,0,0
0,0,0
0,0,0
0,0,0
0,0,0
0,0,0
0,0,0
0,0,0
0,0,0
0,0,0
0,0,0
0,0,0
0,0,0
0,0,0
0,0,0
0,0,0
0,0,0
0,0,0
0,0,0
0,0,0
0,0,0
0,0,0
0,0,0
0,0,0
0,0,0
0,0,0
0,0,0
0,0,0
0,0,0
0,0,0
0,0,0
0,0,0
0,0,0
0,0,0
0,0,0
0,0,0
0,0,0
0,0,0
0,0,0
0,0,0
0,0,0
0,0,0
0,0,0
0,0,0
0,0,0
0,0,0
0,0,0
0,0,0
0,0,0
0,0,0
0,0,0
0,0,0
0,0,0
0,0,0
0,0,0
0,0,0
0,0,0
0,0,0
0,0,0
0,0,0
0,0,0
0,0,0
0,0,0
0,0,0
0,0,0
0,0,0
0,0,0
0,0,0
0,0,0
0,0,0
0,0,0
0,0,0
0,0,0
0,0,0
0,0,0
0,0,0
0,0,0
0,0,0
0,0,0
0,0,0
0,0,0
0,0,0
0,0,0
0,0,0
0,0,0
0,0,0
0,0,0
0,0,0
0,0,0
0,0,0
0,0,0
0,0,0
0,0,0
0,0,0
0,0,0
0,0,0
0,0,0
0,0,0
0,0,0
0,0,0
0,0,0
0,0,0
0,0,0
0,0,0
0,0,0
0,0,0
0,0,0
0,0,0
0,0,0
0,0,0
0,0,0
0,0,0
0,0,0
0,0,0
0,0,0
0,0,0
0,0,0
0,0,0
0,0,0
0,0,0
0,0,0
0,0,0
0,0,0
0,0,0
0,0,0
0,0,0
0,0,0
0,0,0
0,0,0
0,0,0
0,0,0
0,0,0
0,0,0
0,0,0
9.16024,-15.4931,2.70127
9.00123,-15.4397,2.6825
8.90533,-15.4929,2.68221
8.81547,-15.5567,2.68382
8.72564,-15.6209,2.68558
8.70883,-15.818,2.70992
0,0,0
0,0,0
0,0,0
0,0,0
0,0,0
0,0,0
0,0,0
0,0,0
0,0,0
0,0,0
0,0,0
0,0,0
0,0,0
0,0,0
0,0,0
0,0,0
0,0,0
0,0,0
0,0,0
0,0,0
0,0,0
0,0,0
0,0,0
0,0,0
0,0,0
0,0,0
0,0,0
0,0,0
0,0,0
0,0,0
0,0,0
0,0,0
0,0,0
0,0,0
0,0,0
0,0,0
0,0,0
0,0,0
0,0,0
0,0,0
0,0,0
0,0,0
0,0,0
0,0,0
0,0,0
0,0,0
0,0,0
0,0,0
0,0,0
0,0,0
0,0,0
0,0,0
0,0,0
0,0,0
0,0,0
0,0,0
0,0,0
0,0,0
0,0,0
0,0,0
0,0,0
0,0,0
0,0,0
0,0,0
0,0,0
0,0,0
0,0,0
0,0,0
0,0,0
0,0,0
0,0,0
0,0,0
0,0,0
0,0,0
0,0,0
0,0,0
0,0,0
0,0,0
0,0,0
0,0,0
0,0,0
0,0,0
0,0,0
0,0,0
0,0,0
0,0,0
0,0,0
0,0,0
0,0,0
0,0,0
0,0,0
0,0,0
0,0,0
0,0,0
0,0,0
0,0,0
0,0,0
0,0,0
0,0,0
0,0,0
0,0,0
0,0,0
0,0,0
0,0,0
0,0,0
0,0,0
0,0,0
0,0,0
0,0,0
0,0,0
0,0,0
0,0,0
0,0,0
0,0,0
0,0,0
0,0,0
0,0,0
0,0,0
0,0,0
0,0,0
0,0,0
0,0,0
0,0,0
0,0,0
0,0,0
0,0,0
0,0,0
0,0,0
0,0,0
0,0,0
0,0,0
0,0,0
0,0,0
0,0,0
0,0,0
0,0,0
0,0,0
0,0,0
0,0,0
0,0,0
0,0,0
0,0,0
0,0,0
0,0,0
0,0,0
0,0,0
0,0,0
0,0,0
0,0,0
0,0,0
0,0,0
0,0,0
0,0,0
0,0,0
0,0,0
0,0,0
0,0,0
0,0,0
0,0,0
0,0,0
0,0,0
0,0,0
0,0,0
0,0,0
0,0,0
0,0,0
0,0,0
0,0,0
0,0,0
0,0,0
0,0,0
0,0,0
0,0,0
0,0,0
0,0,0
0,0,0
0,0,0
0,0,0
0,0,0
0,0,0
0,0,0
0,0,0
0,0,0
0,0,0
0,0,0
0,0,0
0,0,0
0,0,0
0,0,0
0,0,0
0,0,0
0,0,0
0,0,0
0,0,0
0,0,0
0,0,0
0,0,0
0,0,0
0,0,0
0,0,0
0,0,0
0,0,0
0,0,0
0,0,0
0,0,0
0,0,0
0,0,0
0,0,0
0,0,0
0,0,0
0,0,0
0,0,0
0,0,0
0,0,0
0,0,0
0,0,0
0,0,0
0,0,0
0,0,0
0,0,0
0,0,0
0,0,0
0,0,0
0,0,0
0,0,0
0,0,0
0,0,0
0,0,0
0,0,0
0,0,0
0,0,0
0,0,0
0,0,0
0,0,0
0,0,0
0,0,0
0,0,0
0,0,0
0,0,0
0,0,0
0,0,0
0,0,0
0,0,0
0,0,0
0,0,0
0,0,0
0,0,0
0,0,0
0,0,0
0,0,0
0,0,0
0,0,0
0,0,0
0,0,0
0,0,0
0,0,0
0,0,0
0,0,0
0,0,0
0,0,0
0,0,0
0,0,0
0,0,0
0,0,0
0,0,0
0,0,0
0,0,0
0,0,0
0,0,0
0,0,0
0,0,0
0,0,0
0,0,0
0,0,0
0,0,0
0,0,0
0,0,0
0,0,0
0,0,0
0,0,0
0,0,0
0,0,0
0,0,0
0,0,0
0,0,0
0,0,0
0,0,0
0,0,0
0,0,0
0,0,0
0,0,0
0,0,0
0,0,0
0,0,0
0,0,0
0,0,0
0,0,0
0,0,0
0,0,0
0,0,0
0,0,0
0,0,0
0,0,0
0,0,0
0,0,0
0,0,0
0,0,0
0,0,0
0,0,0
0,0,0
0,0,0
0,0,0
0,0,0
0,0,0
0,0,0
0,0,0
0,0,0
0,0,0
0,0,0
0,0,0
0,0,0
0,0,0
0,0,0
0,0,0
0,0,0
0,0,0
0,0,0
0,0,0
0,0,0
0,0,0
0,0,0
0,0,0
0,0,0
0,0,0
0,0,0
0,0,0
0,0,0
0,0,0
0,0,0
0,0,0
0,0,0
0,0,0
0,0,0
0,0,0
0,0,0
0,0,0
0,0,0
0,0,0
0,0,0
0,0,0
0,0,0
0,0,0
0,0,0
0,0,0
0,0,0
0,0,0
0,0,0
0,0,0
0,0,0
0,0,0
0,0,0
0,0,0
0,0,0
0,0,0
0,0,0
0,0,0
0,0,0
0,0,0
0,0,0
0,0,0
0,0,0
0,0,0
0,0,0
0,0,0
0,0,0
0,0,0
0,0,0
0,0,0
0,0,0
0,0,0
0,0,0
0,0,0
0,0,0
0,0,0
0,0,0
0,0,0
0,0,0
0,0,0
0,0,0
0,0,0
0,0,0
0,0,0
0,0,0
0,0,0
0,0,0
0,0,0
0,0,0
0,0,0
0,0,0
0,0,0
0,0,0
0,0,0
0,0,0
0,0,0
0,0,0
0,0,0
0,0,0
0,0,0
0,0,0
0,0,0
0,0,0
0,0,0
0,0,0
0,0,0
0,0,0
0,0,0
0,0,0
0,0,0
0,0,0
0,0,0
0,0,0
0,0,0
0,0,0
0,0,0
0,0,0
0,0,0
0,0,0
0,0,0
0,0,0
0,0,0
0,0,0
0,0,0
0,0,0
0,0,0
0,0,0
0,0,0
0,0,0
0,0,0
0,0,0
0,0,0
0,0,0
0,0,0
0,0,0
0,0,0
0,0,0
0,0,0
0,0,0
0,0,0
0,0,0
0,0,0
0,0,0
0,0,0
0,0,0
0,0,0
0,0,0
0,0,0
0,0,0
0,0,0
0,0,0
0,0,0
0,0,0
0,0,0
0,0,0
0,0,0
0,0,0
0,0,0
0,0,0
0,0,0
0,0,0
0,0,0
0,0,0
0,0,0
0,0,0
0,0,0
0,0,0
0,0,0
0,0,0
0,0,0
0,0,0
0,0,0
0,0,0
0,0,0
0,0,0
0,0,0
0,0,0
0,0,0
0,0,0
0,0,0
0,0,0
0,0,0
0,0,0
0,0,0
0,0,0
0,0,0
0,0,0
0,0,0
0,0,0
0,0,0
0,0,0
0,0,0
0,0,0
0,0,0
0,0,0
0,0,0
0,0,0
0,0,0
0,0,0
0,0,0
0,0,0
0,0,0
0,0,0
0,0,0
0,0,0
0,0,0
0,0,0
0,0,0
0,0,0
0,0,0
0,0,0
0,0,0
0,0,0
0,0,0
0,0,0
0,0,0
0,0,0
0,0,0
0,0,0
0,0,0
0,0,0
0,0,0
0,0,0
0,0,0
0,0,0
0,0,0
0,0,0
0,0,0
0,0,0
0,0,0
0,0,0
0,0,0
0,0,0
0,0,0
0,0,0
0,0,0
0,0,0
0,0,0
0,0,0
0,0,0
0,0,0
0,0,0
0,0,0
0,0,0
0,0,0
0,0,0
0,0,0
0,0,0
0,0,0
0,0,0
0,0,0
0,0,0
0,0,0
0,0,0
0,0,0
0,0,0
0,0,0
0,0,0
0,0,0
0,0,0
0,0,0
0,0,0
0,0,0
0,0,0
0,0,0
0,0,0
0,0,0
0,0,0
0,0,0
0,0,0
0,0,0
0,0,0
0,0,0
0,0,0
0,0,0
0,0,0
0,0,0
0,0,0
0,0,0
0,0,0
0,0,0
0,0,0
0,0,0
0,0,0
0,0,0
0,0,0
0,0,0
0,0,0
0,0,0
0,0,0
0,0,0
0,0,0
0,0,0
0,0,0
0,0,0
0,0,0
0,0,0
0,0,0
0,0,0
0,0,0
0,0,0
0,0,0
0,0,0
0,0,0
0,0,0
0,0,0
0,0,0
0,0,0
0,0,0
0,0,0
0,0,0
0,0,0
0,0,0
0,0,0
0,0,0
0,0,0
0,0,0
0,0,0
0,0,0
0,0,0
0,0,0
0,0,0
0,0,0
0,0,0
0,0,0
0,0,0
0,0,0
0,0,0
0,0,0
0,0,0
0,0,0
12.1776,30.4771,4.48314
12.3289,30.3146,4.47037
12.4219,30.0141,4.43746
12.5427,29.7875,4.41543
12.7057,29.6645,4.40872
12.7929,29.3688,4.37661
13.8843,31.3474,4.68168
13.9706,31.0267,4.64675
14.2374,31.108,4.67174
14.3728,30.9014,4.65401
14.0117,29.6479,4.47937
14.7372,30.6941,4.64971
14.8892,30.5292,4.63856
15.0209,30.3254,4.62163
0,0,0
0,0,0
0,0,0
14.7102,27.9518,4.31589
0,0,0
0,0,0
0,0,0
0,0,0
0,0,0
0,0,0
0,0,0
0,0,0
0,0,0
0,0,0
0,0,0
0,0,0
0,0,0
0,0,0
0,0,0
0,0,0
0,0,0
0,0,0
0,0,0
0,0,0
0,0,0
0,0,0
0,0,0
19.9222,27.2261,4.60739
20.0481,27.0485,4.59812
20.137,26.8227,4.58079
20.3396,26.7491,4.58939
20.4918,26.6089,4.58684
20.6389,26.4624,4.58335
0,0,0
0,0,0
0,0,0
0,0,0
0,0,0
0,0,0
0,0,0
0,0,0
0,0,0
0,0,0
0,0,0
0,0,0
0,0,0
0,0,0
0,0,0
0,0,0
0,0,0
0,0,0
0,0,0
0,0,0
0,0,0
0,0,0
0,0,0
0,0,0
28.0778,26.4213,5.26052
28.4593,26.4529,5.30122
28.3532,26.0319,5.25192
28.6504,25.9825,5.27717
28.9008,25.8882,5.29383
28.9931,25.652,5.28187
29.1455,25.4697,5.28107
0,0,0
28.6497,24.4229,5.13747
28.8763,24.3118,5.15117
29.1606,24.2469,5.17508
0,0,0
0,0,0
0,0,0
0,0,0
0,0,0
0,0,0
0,0,0
0,0,0
0,0,0
0,0,0
0,0,0
0,0,0
0,0,0
0,0,0
0,0,0
0,0,0
0,0,0
0,0,0
0,0,0
0,0,0
0,0,0
0,0,0
0,0,0
0,0,0
0,0,0
0,0,0
0,0,0
0,0,0
0,0,0
0,0,0
0,0,0
0,0,0
0,0,0
0,0,0
0,0,0
0,0,0
0,0,0
0,0,0
0,0,0
0,0,0
0,0,0
0,0,0
0,0,0
0,0,0
0,0,0
0,0,0
0,0,0
0,0,0
0,0,0
0,0,0
0,0,0
0,0,0
0,0,0
0,0,0
0,0,0
0,0,0
0,0,0
0,0,0
0,0,0
0,0,0
0,0,0
0,0,0
0,0,0
0,0,0
0,0,0
0,0,0
0,0,0
0,0,0
0,0,0
0,0,0
0,0,0
0,0,0
0,0,0
0,0,0
0,0,0
0,0,0
0,0,0
0,0,0
0,0,0
0,0,0
0,0,0
0,0,0
0,0,0
0,0,0
0,0,0
0,0,0
0,0,0
0,0,0
0,0,0
0,0,0
0,0,0
0,0,0
0,0,0
0,0,0
0,0,0
0,0,0
0,0,0
0,0,0
0,0,0
0,0,0
0,0,0
0,0,0
0,0,0
0,0,0
0,0,0
0,0,0
0,0,0
0,0,0
0,0,0
0,0,0
0,0,0
0,0,0
0,0,0
0,0,0
0,0,0
0,0,0
0,0,0
0,0,0
0,0,0
0,0,0
0,0,0
0,0,0
0,0,0
0,0,0
0,0,0
0,0,0
0,0,0
0,0,0
0,0,0
0,0,0
0,0,0
0,0,0
0,0,0
0,0,0
0,0,0
0,0,0
0,0,0
0,0,0
0,0,0
0,0,0
0,0,0
0,0,0
0,0,0
0,0,0
0,0,0
0,0,0
0,0,0
0,0,0
0,0,0
0,0,0
0,0,0
0,0,0
0,0,0
0,0,0
0,0,0
0,0,0
0,0,0
0,0,0
0,0,0
0,0,0
0,0,0
0,0,0
0,0,0
0,0,0
0,0,0
0,0,0
0,0,0
0,0,0
0,0,0
0,0,0
0,0,0
0,0,0
0,0,0
0,0,0
0,0,0
0,0,0
0,0,0
0,0,0
0,0,0
0,0,0
0,0,0
0,0,0
0,0,0
0,0,0
0,0,0
0,0,0
0,0,0
0,0,0
0,0,0
0,0,0
0,0,0
0,0,0
0,0,0
0,0,0
0,0,0
0,0,0
0,0,0
0,0,0
0,0,0
0,0,0
0,0,0
0,0,0
0,0,0
0,0,0
0,0,0
0,0,0
0,0,0
0,0,0
0,0,0
0,0,0
0,0,0
0,0,0
0,0,0
0,0,0
0,0,0
0,0,0
0,0,0
0,0,0
0,0,0
0,0,0
0,0,0
0,0,0
0,0,0
0,0,0
0,0,0
0,0,0
0,0,0
0,0,0
0,0,0
0,0,0
0,0,0
0,0,0
0,0,0
0,0,0
0,0,0
0,0,0
0,0,0
0,0,0
0,0,0
0,0,0
0,0,0
0,0,0
0,0,0
0,0,0
0,0,0
0,0,0
0,0,0
0,0,0
0,0,0
0,0,0
0,0,0
0,0,0
0,0,0
0,0,0
0,0,0
0,0,0
0,0,0
0,0,0
0,0,0
0,0,0
0,0,0
0,0,0
0,0,0
0,0,0
0,0,0
0,0,0
0,0,0
0,0,0
0,0,0
0,0,0
0,0,0
0,0,0
0,0,0
0,0,0
0,0,0
0,0,0
0,0,0
0,0,0
0,0,0
0,0,0
0,0,0
9.18662,-15.5316,2.48024
9.01926,-15.4644,2.4609
8.91432,-15.5023,2.45821
8.8205,-15.5593,2.45862
8.73985,-15.6399,2.46278
8.70539,-15.8052,2.48011
0,0,0
0,0,0
0,0,0
0,0,0
0,0,0
0,0,0
0,0,0
0,0,0
0,0,0
0,0,0
0,0,0
0,0,0
0,0,0
0,0,0
0,0,0
0,0,0
0,0,0
0,0,0
0,0,0
0,0,0
0,0,0
0,0,0
0,0,0
0,0,0
0,0,0
0,0,0
0,0,0
0,0,0
0,0,0
0,0,0
0,0,0
0,0,0
0,0,0
0,0,0
0,0,0
0,0,0
0,0,0
0,0,0
0,0,0
0,0,0
0,0,0
0,0,0
0,0,0
0,0,0
0,0,0
0,0,0
0,0,0
0,0,0
0,0,0
0,0,0
0,0,0
0,0,0
0,0,0
0,0,0
0,0,0
0,0,0
0,0,0
0,0,0
0,0,0
0,0,0
0,0,0
0,0,0
0,0,0
0,0,0
0,0,0
0,0,0
0,0,0
0,0,0
0,0,0
0,0,0
0,0,0
0,0,0
0,0,0
0,0,0
0,0,0
0,0,0
0,0,0
0,0,0
0,0,0
0,0,0
0,0,0
0,0,0
0,0,0
0,0,0
0,0,0
0,0,0
0,0,0
0,0,0
0,0,0
0,0,0
0,0,0
0,0,0
0,0,0
0,0,0
0,0,0
0,0,0
0,0,0
0,0,0
0,0,0
0,0,0
0,0,0
0,0,0
0,0,0
0,0,0
0,0,0
0,0,0
0,0,0
0,0,0
0,0,0
0,0,0
0,0,0
0,0,0
0,0,0
0,0,0
0,0,0
0,0,0
0,0,0
0,0,0
0,0,0
0,0,0
0,0,0
0,0,0
0,0,0
0,0,0
0,0,0
0,0,0
0,0,0
0,0,0
0,0,0
0,0,0
0,0,0
0,0,0
0,0,0
0,0,0
0,0,0
0,0,0
0,0,0
0,0,0
0,0,0
0,0,0
0,0,0
0,0,0
0,0,0
0,0,0
0,0,0
0,0,0
0,0,0
0,0,0
0,0,0
0,0,0
0,0,0
0,0,0
0,0,0
0,0,0
0,0,0
0,0,0
0,0,0
0,0,0
0,0,0
0,0,0
0,0,0
0,0,0
0,0,0
0,0,0
0,0,0
0,0,0
0,0,0
0,0,0
0,0,0
0,0,0
0,0,0
0,0,0
0,0,0
0,0,0
0,0,0
0,0,0
0,0,0
0,0,0
0,0,0
0,0,0
0,0,0
0,0,0
0,0,0
0,0,0
0,0,0
0,0,0
0,0,0
0,0,0
0,0,0
0,0,0
0,0,0
0,0,0
0,0,0
0,0,0
0,0,0
0,0,0
0,0,0
0,0,0
0,0,0
0,0,0
0,0,0
0,0,0
0,0,0
0,0,0
0,0,0
0,0,0
0,0,0
0,0,0
0,0,0
0,0,0
0,0,0
0,0,0
0,0,0
0,0,0
0,0,0
0,0,0
0,0,0
0,0,0
0,0,0
0,0,0
0,0,0
0,0,0
0,0,0
0,0,0
0,0,0
0,0,0
0,0,0
0,0,0
0,0,0
0,0,0
0,0,0
0,0,0
0,0,0
0,0,0
0,0,0
0,0,0
0,0,0
0,0,0
0,0,0
0,0,0
0,0,0
0,0,0
0,0,0
0,0,0
0,0,0
0,0,0
0,0,0
0,0,0
0,0,0
0,0,0
0,0,0
0,0,0
0,0,0
0,0,0
0,0,0
0,0,0
0,0,0
0,0,0
0,0,0
0,0,0
0,0,0
0,0,0
0,0,0
0,0,0
0,0,0
0,0,0
0,0,0
0,0,0
0,0,0
0,0,0
0,0,0
0,0,0
0,0,0
0,0,0
0,0,0
0,0,0
0,0,0
0,0,0
0,0,0
0,0,0
0,0,0
0,0,0
0,0,0
0,0,0
0,0,0
0,0,0
0,0,0
0,0,0
0,0,0
0,0,0
0,0,0
0,0,0
0,0,0
0,0,0
0,0,0
0,0,0
0,0,0
0,0,0
0,0,0
0,0,0
0,0,0
0,0,0
0,0,0
0,0,0
0,0,0
0,0,0
0,0,0
0,0,0
0,0,0
0,0,0
0,0,0
0,0,0
0,0,0
0,0,0
0,0,0
0,0,0
0,0,0
0,0,0
0,0,0
0,0,0
0,0,0
0,0,0
0,0,0
0,0,0
0,0,0
0,0,0
0,0,0
0,0,0
0,0,0
0,0,0
0,0,0
0,0,0
0,0,0
0,0,0
0,0,0
0,0,0
0,0,0
0,0,0
0,0,0
0,0,0
0,0,0
0,0,0
0,0,0
0,0,0
0,0,0
0,0,0
0,0,0
0,0,0
0,0,0
0,0,0
0,0,0
0,0,0
0,0,0
0,0,0
0,0,0
0,0,0
0,0,0
0,0,0
0,0,0
0,0,0
0,0,0
0,0,0
0,0,0
0,0,0
0,0,0
0,0,0
0,0,0
0,0,0
0,0,0
0,0,0
0,0,0
0,0,0
0,0,0
0,0,0
0,0,0
0,0,0
0,0,0
0,0,0
0,0,0
0,0,0
0,0,0
0,0,0
0,0,0
0,0,0
0,0,0
0,0,0
0,0,0
0,0,0
0,0,0
0,0,0
0,0,0
0,0,0
0,0,0
0,0,0
0,0,0
0,0,0
0,0,0
0,0,0
0,0,0
0,0,0
0,0,0
0,0,0
0,0,0
0,0,0
0,0,0
0,0,0
0,0,0
0,0,0
0,0,0
0,0,0
0,0,0
0,0,0
0,0,0
0,0,0
0,0,0
0,0,0
0,0,0
0,0,0
0,0,0
0,0,0
0,0,0
0,0,0
0,0,0
0,0,0
0,0,0
0,0,0
0,0,0
0,0,0
0,0,0
0,0,0
0,0,0
0,0,0
0,0,0
0,0,0
0,0,0
0,0,0
0,0,0
0,0,0
0,0,0
0,0,0
0,0,0
0,0,0
0,0,0
0,0,0
0,0,0
0,0,0
0,0,0
0,0,0
0,0,0
0,0,0
0,0,0
0,0,0
0,0,0
0,0,0
0,0,0
0,0,0
0,0,0
0,0,0
0,0,0
0,0,0
0,0,0
0,0,0
0,0,0
0,0,0
0,0,0
0,0,0
0,0,0
0,0,0
0,0,0
0,0,0
0,0,0
0,0,0
0,0,0
0,0,0
0,0,0
0,0,0
0,0,0
0,0,0
0,0,0
0,0,0
0,0,0
0,0,0
0,0,0
0,0,0
0,0,0
0,0,0
0,0,0
0,0,0
0,0,0
0,0,0
0,0,0
0,0,0
0,0,0
0,0,0
0,0,0
0,0,0
0,0,0
0,0,0
0,0,0
0,0,0
0,0,0
0,0,0
0,0,0
0,0,0
0,0,0
0,0,0
0,0,0
0,0,0
0,0,0
0,0,0
0,0,0
0,0,0
0,0,0
0,0,0
0,0,0
0,0,0
0,0,0
0,0,0
0,0,0
0,0,0
0,0,0
0,0,0
0,0,0
0,0,0
0,0,0
0,0,0
0,0,0
0,0,0
0,0,0
0,0,0
0,0,0
0,0,0
0,0,0
0,0,0
0,0,0
0,0,0
0,0,0
0,0,0
0,0,0
0,0,0
0,0,0
0,0,0
0,0,0
0,0,0
0,0,0
0,0,0
0,0,0
0,0,0
0,0,0
0,0,0
0,0,0
0,0,0
0,0,0
0,0,0
0,0,0
0,0,0
0,0,0
0,0,0
0,0,0
0,0,0
0,0,0
0,0,0
0,0,0
0,0,0
0,0,0
0,0,0
0,0,0
0,0,0
0,0,0
0,0,0
0,0,0
0,0,0
0,0,0
0,0,0
0,0,0
0,0,0
0,0,0
0,0,0
0,0,0
0,0,0
0,0,0
0,0,0
0,0,0
0,0,0
0,0,0
0,0,0
0,0,0
0,0,0
0,0,0
0,0,0
0,0,0
0,0,0
0,0,0
0,0,0
0,0,0
0,0,0
0,0,0
0,0,0
0,0,0
0,0,0
0,0,0
0,0,0
0,0,0
0,0,0
0,0,0
0,0,0
0,0,0
0,0,0
0,0,0
0,0,0
0,0,0
0,0,0
0,0,0
0,0,0
0,0,0
0,0,0
0,0,0
0,0,0
0,0,0
0,0,0
0,0,0
0,0,0
0,0,0
0,0,0
0,0,0
0,0,0
0,0,0
0,0,0
0,0,0
0,0,0
0,0,0
0,0,0
0,0,0
0,0,0
0,0,0
0,0,0
0,0,0
0,0,0
0,0,0
0,0,0
0,0,0
0,0,0
0,0,0
0,0,0
0,0,0
0,0,0
0,0,0
0,0,0
0,0,0
0,0,0
0,0,0
0,0,0
0,0,0
0,0,0
0,0,0
0,0,0
0,0,0
0,0,0
0,0,0
0,0,0
0,0,0
0,0,0
0,0,0
0,0,0
0,0,0
0,0,0
0,0,0
0,0,0
11.498,30.3757,4.03943
11.731,30.4259,4.05546
0,0,0
12.1208,30.323,4.06121
12.2793,30.1809,4.05228
12.3052,29.7208,4.001
12.5054,29.6877,4.00675
12.6655,29.5593,3.99989
13.4595,30.8877,4.18911
12.9585,29.2465,3.97897
13.1357,29.1619,3.97835
13.6159,29.7395,4.0677
13.5273,29.0732,3.98851
13.7385,29.0597,3.99806
14.1516,29.4642,4.06501
14.9213,30.5846,4.23072
14.8236,29.9171,4.15154
15.4561,30.7183,4.27478
14.4293,28.2445,3.94543
14.6297,28.2083,3.95278
14.7318,27.9836,3.93405
14.9472,27.975,3.94555
15.1143,27.8749,3.94445
15.4243,28.0347,3.98007
15.7242,28.1692,4.0125
15.8478,27.9858,4.00026
0,0,0
0,0,0
0,0,0
0,0,0
0,0,0
0,0,0
0,0,0
0,0,0
0,0,0
0,0,0
0,0,0
0,0,0
0,0,0
0,0,0
19.1531,27.5624,4.1732
19.3185,27.4395,4.17246
0,0,0
19.1893,26.5576,4.07467
19.3091,26.3809,4.06574
20.1356,27.1589,4.20343
20.3489,27.0975,4.2131
20.2366,26.6064,4.15643
20.4395,26.5336,4.16451
20.6984,26.5313,4.18385
20.3378,25.7419,4.07981
20.5667,25.7057,4.09389
0,0,0
0,0,0
0,0,0
0,0,0
0,0,0
0,0,0
0,0,0
0,0,0
0,0,0
0,0,0
0,0,0
0,0,0
0,0,0
0,0,0
0,0,0
0,0,0
0,0,0
0,0,0
0,0,0
0,0,0
28.5969,27.5722,4.93287
28.0174,26.6837,4.80546
28.0715,26.4086,4.78698
28.3115,26.3088,4.8002
28.468,26.1306,4.79946
28.6984,26.0194,4.81121
28.8811,25.864,4.81513
28.6698,25.3595,4.7543
29.159,25.475,4.80901
29.29,25.2742,4.80497
28.7783,24.5262,4.69702
28.8842,24.3121,4.68992
30.3676,25.2441,4.90398
0,0,0
0,0,0
0,0,0
0,0,0
0,0,0
0,0,0
0,0,0
0,0,0
0,0,0
0,0,0
0,0,0
0,0,0
0,0,0
0,0,0
35.1524,24.126,5.29183
35.257,23.8809,5.28547
35.478,23.7143,5.29661
0,0,0
0,0,0
0,0,0
37.2683,23.6088,5.47456
0,0,0
0,0,0
0,0,0
0,0,0
0,0,0
0,0,0
0,0,0
0,0,0
0,0,0
0,0,0
0,0,0
0,0,0
0,0,0
0,0,0
0,0,0
0,0,0
0,0,0
0,0,0
0,0,0
0,0,0
0,0,0
0,0,0
0,0,0
0,0,0
0,0,0
0,0,0
0,0,0
0,0,0
0,0,0
0,0,0
0,0,0
0,0,0
0,0,0
0,0,0
0,0,0
0,0,0
0,0,0
0,0,0
0,0,0
0,0,0
0,0,0
0,0,0
0,0,0
0,0,0
0,0,0
0,0,0
0,0,0
0,0,0
0,0,0
0,0,0
0,0,0
0,0,0
0,0,0
0,0,0
0,0,0
0,0,0
0,0,0
0,0,0
0,0,0
0,0,0
0,0,0
0,0,0
0,0,0
0,0,0
0,0,0
0,0,0
0,0,0
0,0,0
0,0,0
0,0,0
0,0,0
0,0,0
0,0,0
0,0,0
0,0,0
0,0,0
0,0,0
19.2018,1.65619,2.41092
0,0,0
0,0,0
0,0,0
0,0,0
0,0,0
0,0,0
0,0,0
0,0,0
0,0,0
0,0,0
0,0,0
0,0,0
0,0,0
0,0,0
0,0,0
0,0,0
0,0,0
0,0,0
0,0,0
0,0,0
0,0,0
0,0,0
0,0,0
0,0,0
0,0,0
0,0,0
0,0,0
0,0,0
0,0,0
0,0,0
0,0,0
0,0,0
0,0,0
0,0,0
0,0,0
0,0,0
0,0,0
0,0,0
0,0,0
0,0,0
0,0,0
0,0,0
0,0,0
0,0,0
0,0,0
0,0,0
0,0,0
0,0,0
0,0,0
0,0,0
0,0,0
0,0,0
0,0,0
0,0,0
0,0,0
0,0,0
0,0,0
0,0,0
0,0,0
0,0,0
0,0,0
0,0,0
0,0,0
0,0,0
0,0,0
0,0,0
0,0,0
0,0,0
0,0,0
0,0,0
0,0,0
0,0,0
0,0,0
0,0,0
0,0,0
0,0,0
0,0,0
0,0,0
0,0,0
0,0,0
0,0,0
0,0,0
0,0,0
0,0,0
0,0,0
0,0,0
0,0,0
0,0,0
0,0,0
0,0,0
0,0,0
0,0,0
0,0,0
0,0,0
0,0,0
0,0,0
0,0,0
0,0,0
0,0,0
0,0,0
0,0,0
0,0,0
0,0,0
0,0,0
0,0,0
0,0,0
0,0,0
0,0,0
0,0,0
0,0,0
0,0,0
0,0,0
0,0,0
0,0,0
0,0,0
0,0,0
0,0,0
0,0,0
0,0,0
0,0,0
0,0,0
0,0,0
0,0,0
0,0,0
0,0,0
0,0,0
0,0,0
0,0,0
0,0,0
0,0,0
0,0,0
0,0,0
0,0,0
0,0,0
0,0,0
0,0,0
0,0,0
0,0,0
0,0,0
0,0,0
0,0,0
0,0,0
0,0,0
0,0,0
0,0,0
0,0,0
0,0,0
0,0,0
0,0,0
0,0,0
0,0,0
0,0,0
0,0,0
0,0,0
0,0,0
0,0,0
0,0,0
0,0,0
0,0,0
0,0,0
0,0,0
0,0,0
0,0,0
0,0,0
0,0,0
0,0,0
0,0,0
0,0,0
0,0,0
0,0,0
0,0,0
0,0,0
0,0,0
0,0,0
0,0,0
0,0,0
0,0,0
0,0,0
0,0,0
0,0,0
0,0,0
0,0,0
9.19217,-15.5471,2.26148
9.01761,-15.4678,2.24214
8.91412,-15.5082,2.24006
8.8139,-15.554,2.23884
8.73137,-15.6311,2.24214
8.70471,-15.8105,2.25989
0,0,0
0,0,0
0,0,0
0,0,0
0,0,0
0,0,0
0,0,0
0,0,0
0,0,0
0,0,0
0,0,0
0,0,0
0,0,0
0,0,0
0,0,0
0,0,0
0,0,0
0,0,0
0,0,0
0,0,0
0,0,0
0,0,0
0,0,0
0,0,0
0,0,0
0,0,0
0,0,0
0,0,0
0,0,0
0,0,0
0,0,0
0,0,0
0,0,0
0,0,0
0,0,0
0,0,0
0,0,0
0,0,0
0,0,0
0,0,0
0,0,0
0,0,0
0,0,0
0,0,0
0,0,0
0,0,0
0,0,0
0,0,0
0,0,0
0,0,0
0,0,0
0,0,0
0,0,0
0,0,0
0,0,0
0,0,0
0,0,0
0,0,0
0,0,0
0,0,0
0,0,0
0,0,0
0,0,0
0,0,0
0,0,0
0,0,0
0,0,0
0,0,0
0,0,0
0,0,0
0,0,0
0,0,0
0,0,0
0,0,0
0,0,0
0,0,0
0,0,0
0,0,0
0,0,0
0,0,0
0,0,0
0,0,0
0,0,0
0,0,0
0,0,0
0,0,0
0,0,0
0,0,0
0,0,0
0,0,0
0,0,0
0,0,0
0,0,0
0,0,0
0,0,0
0,0,0
0,0,0
0,0,0
0,0,0
0,0,0
0,0,0
0,0,0
0,0,0
0,0,0
0,0,0
0,0,0
0,0,0
0,0,0
0,0,0
0,0,0
0,0,0
0,0,0
0,0,0
0,0,0
0,0,0
0,0,0
0,0,0
0,0,0
0,0,0
0,0,0
0,0,0
0,0,0
0,0,0
0,0,0
0,0,0
0,0,0
0,0,0
0,0,0
0,0,0
0,0,0
0,0,0
0,0,0
0,0,0
0,0,0
0,0,0
0,0,0
0,0,0
0,0,0
0,0,0
0,0,0
0,0,0
0,0,0
0,0,0
0,0,0
0,0,0
0,0,0
0,0,0
0,0,0
0,0,0
0,0,0
0,0,0
0,0,0
0,0,0
0,0,0
0,0,0
0,0,0
0,0,0
0,0,0
0,0,0
0,0,0
0,0,0
0,0,0
0,0,0
0,0,0
0,0,0
0,0,0
0,0,0
0,0,0
0,0,0
0,0,0
0,0,0
0,0,0
0,0,0
0,0,0
0,0,0
0,0,0
0,0,0
0,0,0
0,0,0
0,0,0
0,0,0
0,0,0
0,0,0
0,0,0
0,0,0
0,0,0
0,0,0
0,0,0
0,0,0
0,0,0
0,0,0
0,0,0
0,0,0
0,0,0
0,0,0
0,0,0
0,0,0
0,0,0
0,0,0
0,0,0
0,0,0
0,0,0
0,0,0
0,0,0
0,0,0
0,0,0
0,0,0
0,0,0
0,0,0
0,0,0
0,0,0
0,0,0
0,0,0
0,0,0
0,0,0
0,0,0
0,0,0
0,0,0
0,0,0
0,0,0
0,0,0
0,0,0
0,0,0
0,0,0
0,0,0
0,0,0
0,0,0
0,0,0
0,0,0
0,0,0
0,0,0
0,0,0
0,0,0
0,0,0
0,0,0
0,0,0
0,0,0
0,0,0
0,0,0
0,0,0
0,0,0
0,0,0
0,0,0
0,0,0
0,0,0
0,0,0
0,0,0
0,0,0
0,0,0
0,0,0
0,0,0
0,0,0
0,0,0
0,0,0
0,0,0
0,0,0
0,0,0
0,0,0
0,0,0
0,0,0
0,0,0
0,0,0
0,0,0
0,0,0
0,0,0
0,0,0
0,0,0
0,0,0
0,0,0
0,0,0
0,0,0
0,0,0
0,0,0
0,0,0
0,0,0
0,0,0
0,0,0
0,0,0
0,0,0
0,0,0
0,0,0
0,0,0
0,0,0
0,0,0
0,0,0
0,0,0
0,0,0
0,0,0
0,0,0
0,0,0
0,0,0
0,0,0
0,0,0
0,0,0
0,0,0
0,0,0
0,0,0
0,0,0
0,0,0
0,0,0
0,0,0
0,0,0
0,0,0
0,0,0
0,0,0
0,0,0
0,0,0
0,0,0
0,0,0
0,0,0
0,0,0
0,0,0
0,0,0
0,0,0
0,0,0
0,0,0
0,0,0
0,0,0
0,0,0
0,0,0
0,0,0
0,0,0
0,0,0
0,0,0
0,0,0
0,0,0
0,0,0
0,0,0
0,0,0
0,0,0
0,0,0
0,0,0
0,0,0
0,0,0
0,0,0
0,0,0
0,0,0
0,0,0
0,0,0
0,0,0
0,0,0
0,0,0
0,0,0
0,0,0
0,0,0
0,0,0
0,0,0
0,0,0
0,0,0
0,0,0
0,0,0
0,0,0
0,0,0
0,0,0
0,0,0
0,0,0
0,0,0
0,0,0
0,0,0
0,0,0
0,0,0
0,0,0
0,0,0
0,0,0
0,0,0
0,0,0
0,0,0
0,0,0
0,0,0
0,0,0
0,0,0
0,0,0
0,0,0
0,0,0
0,0,0
0,0,0
0,0,0
0,0,0
0,0,0
0,0,0
0,0,0
0,0,0
0,0,0
0,0,0
0,0,0
0,0,0
0,0,0
0,0,0
0,0,0
0,0,0
0,0,0
0,0,0
0,0,0
0,0,0
0,0,0
0,0,0
0,0,0
0,0,0
0,0,0
0,0,0
0,0,0
0,0,0
0,0,0
0,0,0
0,0,0
0,0,0
0,0,0
0,0,0
0,0,0
0,0,0
0,0,0
0,0,0
0,0,0
0,0,0
0,0,0
0,0,0
0,0,0
0,0,0
0,0,0
0,0,0
0,0,0
0,0,0
0,0,0
0,0,0
0,0,0
0,0,0
0,0,0
0,0,0
0,0,0
0,0,0
0,0,0
0,0,0
0,0,0
0,0,0
0,0,0
0,0,0
0,0,0
0,0,0
0,0,0
0,0,0
0,0,0
0,0,0
0,0,0
0,0,0
0,0,0
0,0,0
0,0,0
0,0,0
0,0,0
0,0,0
0,0,0
0,0,0
0,0,0
0,0,0
0,0,0
0,0,0
0,0,0
0,0,0
0,0,0
0,0,0
0,0,0
0,0,0
0,0,0
0,0,0
0,0,0
0,0,0
0,0,0
0,0,0
0,0,0
0,0,0
0,0,0
0,0,0
0,0,0
0,0,0
0,0,0
0,0,0
0,0,0
0,0,0
0,0,0
0,0,0
0,0,0
0,0,0
0,0,0
0,0,0
0,0,0
0,0,0
0,0,0
0,0,0
0,0,0
0,0,0
0,0,0
0,0,0
0,0,0
0,0,0
0,0,0
0,0,0
0,0,0
0,0,0
0,0,0
0,0,0
0,0,0
0,0,0
0,0,0
0,0,0
0,0,0
0,0,0
0,0,0
0,0,0
0,0,0
0,0,0
0,0,0
0,0,0
0,0,0
0,0,0
0,0,0
0,0,0
0,0,0
0,0,0
0,0,0
0,0,0
0,0,0
0,0,0
0,0,0
0,0,0
0,0,0
0,0,0
0,0,0
0,0,0
0,0,0
0,0,0
0,0,0
0,0,0
0,0,0
0,0,0
0,0,0
0,0,0
0,0,0
0,0,0
0,0,0
0,0,0
0,0,0
0,0,0
0,0,0
0,0,0
0,0,0
0,0,0
0,0,0
0,0,0
0,0,0
0,0,0
0,0,0
0,0,0
0,0,0
0,0,0
0,0,0
0,0,0
0,0,0
0,0,0
0,0,0
0,0,0
0,0,0
0,0,0
0,0,0
0,0,0
0,0,0
0,0,0
0,0,0
0,0,0
0,0,0
0,0,0
0,0,0
0,0,0
0,0,0
0,0,0
0,0,0
0,0,0
0,0,0
0,0,0
0,0,0
0,0,0
0,0,0
0,0,0
0,0,0
0,0,0
0,0,0
0,0,0
0,0,0
0,0,0
0,0,0
0,0,0
0,0,0
0,0,0
0,0,0
0,0,0
0,0,0
0,0,0
0,0,0
0,0,0
0,0,0
0,0,0
0,0,0
0,0,0
0,0,0
0,0,0
0,0,0
0,0,0
0,0,0
0,0,0
0,0,0
0,0,0
0,0,0
0,0,0
0,0,0
0,0,0
0,0,0
0,0,0
0,0,0
0,0,0
0,0,0
0,0,0
0,0,0
0,0,0
0,0,0
0,0,0
0,0,0
0,0,0
0,0,0
0,0,0
0,0,0
0,0,0
0,0,0
0,0,0
0,0,0
0,0,0
0,0,0
0,0,0
0,0,0
11.7274,30.4131,3.66183
11.9178,30.3508,3.66305
12.1149,30.3048,3.66637
0,0,0
12.5052,30.2007,3.67201
12.6922,30.1279,3.67256
12.8773,30.0504,3.67267
13.0288,29.8961,3.6636
13.0248,29.3931,3.61217
13.0645,29.0009,3.57413
13.3013,29.0494,3.58994
13.5473,29.1132,3.60786
0,0,0
14.1703,29.5002,3.67643
15.143,31.0357,3.8774
14.913,30.0944,3.7721
15.2408,30.2873,3.80761
14.54,28.4586,3.59083
15.5097,29.9021,3.78305
14.8738,28.2507,3.5874
14.7199,27.5471,3.5102
0,0,0
15.4627,28.1019,3.60388
15.6474,28.0291,3.60676
0,0,0
0,0,0
0,0,0
0,0,0
0,0,0
0,0,0
0,0,0
0,0,0
0,0,0
0,0,0
0,0,0
0,0,0
0,0,0
0,0,0
0,0,0
0,0,0
18.9374,26.896,3.69502
19.1373,26.8286,3.70176
19.3603,26.792,3.71293
19.6042,26.7818,3.72797
20.0168,26.9963,3.77443
20.2143,26.9159,3.7804
20.4031,26.823,3.78482
20.3508,26.4162,3.74534
20.3902,26.1342,3.72322
20.8811,26.4273,3.78261
20.8789,26.0938,3.75341
21.3546,26.3552,3.80927
0,0,0
0,0,0
0,0,0
0,0,0
0,0,0
0,0,0
0,0,0
0,0,0
0,0,0
0,0,0
0,0,0
0,0,0
0,0,0
0,0,0
0,0,0
0,0,0
0,0,0
0,0,0
0,0,0
0,0,0
0,0,0
28.906,27.1911,4.45076
28.2888,26.2853,4.33175
28.4518,26.1132,4.33208
28.5099,25.846,4.31682
28.6361,25.6421,4.31206
28.3685,25.0906,4.24902
27.5766,24.0902,4.10933
27.7231,23.9199,4.10922
27.8376,23.7223,4.10457
30.1331,25.3609,4.41735
29.4382,24.4691,4.29437
29.9995,24.626,4.35365
28.3195,22.9575,4.09141
28.366,22.7082,4.07803
0,0,0
0,0,0
0,0,0
0,0,0
0,0,0
0,0,0
0,0,0
34.579,24.9999,4.78289
34.7358,24.7901,4.78345
34.9189,24.5989,4.78776
0,0,0
34.8347,23.9053,4.736
35.1815,23.8271,4.76298
35.4353,23.6831,4.77747
35.5583,23.451,4.7746
35.754,23.2666,4.78157
0,0,0
36.9336,23.394,4.89969
37.0208,23.1322,4.89239
0,0,0
0,0,0
0,0,0
0,0,0
0,0,0
0,0,0
0,0,0
0,0,0
0,0,0
0,0,0
0,0,0
0,0,0
0,0,0
0,0,0
0,0,0
0,0,0
0,0,0
0,0,0
0,0,0
0,0,0
0,0,0
0,0,0
0,0,0
0,0,0
0,0,0
0,0,0
0,0,0
0,0,0
0,0,0
0,0,0
0,0,0
0,0,0
0,0,0
0,0,0
0,0,0
0,0,0
0,0,0
0,0,0
0,0,0
0,0,0
0,0,0
0,0,0
0,0,0
0,0,0
0,0,0
0,0,0
0,0,0
0,0,0
0,0,0
0,0,0
0,0,0
0,0,0
0,0,0
0,0,0
0,0,0
0,0,0
0,0,0
0,0,0
0,0,0
0,0,0
0,0,0
0,0,0
0,0,0
0,0,0
0,0,0
0,0,0
0,0,0
0,0,0
0,0,0
0,0,0
0,0,0
0,0,0
0,0,0
0,0,0
0,0,0
19.2457,1.77888,2.1853
19.5286,1.68424,2.21572
0,0,0
0,0,0
0,0,0
0,0,0
0,0,0
0,0,0
0,0,0
0,0,0
0,0,0
0,0,0
0,0,0
0,0,0
0,0,0
0,0,0
0,0,0
0,0,0
0,0,0
0,0,0
0,0,0
0,0,0
0,0,0
0,0,0
0,0,0
0,0,0
0,0,0
0,0,0
0,0,0
0,0,0
0,0,0
0,0,0
0,0,0
0,0,0
0,0,0
0,0,0
0,0,0
0,0,0
0,0,0
0,0,0
0,0,0
0,0,0
0,0,0
0,0,0
0,0,0
0,0,0
0,0,0
0,0,0
0,0,0
0,0,0
0,0,0
0,0,0
0,0,0
0,0,0
0,0,0
0,0,0
0,0,0
0,0,0
0,0,0
0,0,0
0,0,0
0,0,0
0,0,0
0,0,0
0,0,0
0,0,0
0,0,0
0,0,0
0,0,0
0,0,0
0,0,0
0,0,0
0,0,0
0,0,0
0,0,0
0,0,0
0,0,0
0,0,0
0,0,0
0,0,0
0,0,0
0,0,0
0,0,0
0,0,0
0,0,0
0,0,0
0,0,0
0,0,0
0,0,0
0,0,0
0,0,0
0,0,0
0,0,0
0,0,0
0,0,0
0,0,0
0,0,0
0,0,0
0,0,0
0,0,0
0,0,0
0,0,0
0,0,0
0,0,0
0,0,0
0,0,0
0,0,0
0,0,0
0,0,0
0,0,0
0,0,0
0,0,0
0,0,0
0,0,0
0,0,0
0,0,0
0,0,0
0,0,0
0,0,0
0,0,0
0,0,0
0,0,0
0,0,0
0,0,0
0,0,0
0,0,0
0,0,0
0,0,0
0,0,0
0,0,0
0,0,0
0,0,0
0,0,0
0,0,0
0,0,0
0,0,0
0,0,0
0,0,0
0,0,0
0,0,0
0,0,0
0,0,0
0,0,0
0,0,0
0,0,0
0,0,0
0,0,0
0,0,0
0,0,0
0,0,0
0,0,0
0,0,0
0,0,0
0,0,0
0,0,0
0,0,0
0,0,0
0,0,0
0,0,0
0,0,0
0,0,0
0,0,0
0,0,0
0,0,0
0,0,0
0,0,0
0,0,0
0,0,0
0,0,0
0,0,0
0,0,0
0,0,0
0,0,0
0,0,0
0,0,0
0,0,0
0,0,0
0,0,0
0,0,0
0,0,0
0,0,0
0,0,0
0,0,0
9.13474,-15.2359,2.01133
9.1736,-15.5158,2.0403
9.03468,-15.4971,2.03068
8.91218,-15.5048,2.0246
8.82177,-15.5679,2.0257
8.73432,-15.6365,2.02758
8.71203,-15.8238,2.04462
0,0,0
0,0,0
31.7773,-60.322,7.62182
0,0,0
0,0,0
0,0,0
0,0,0
0,0,0
0,0,0
0,0,0
0,0,0
0,0,0
0,0,0
0,0,0
0,0,0
0,0,0
0,0,0
0,0,0
0,0,0
0,0,0
0,0,0
0,0,0
0,0,0
0,0,0
0,0,0
0,0,0
0,0,0
0,0,0
0,0,0
0,0,0
0,0,0
0,0,0
0,0,0
0,0,0
0,0,0
0,0,0
0,0,0
0,0,0
0,0,0
0,0,0
0,0,0
0,0,0
0,0,0
0,0,0
0,0,0
0,0,0
0,0,0
0,0,0
0,0,0
0,0,0
0,0,0
0,0,0
0,0,0
0,0,0
0,0,0
0,0,0
0,0,0
0,0,0
0,0,0
0,0,0
0,0,0
0,0,0
0,0,0
0,0,0
0,0,0
0,0,0
0,0,0
0,0,0
0,0,0
0,0,0
0,0,0
0,0,0
0,0,0
0,0,0
0,0,0
0,0,0
0,0,0
0,0,0
0,0,0
0,0,0
0,0,0
0,0,0
0,0,0
0,0,0
0,0,0
0,0,0
0,0,0
0,0,0
0,0,0
0,0,0
0,0,0
0,0,0
0,0,0
0,0,0
0,0,0
0,0,0
0,0,0
0,0,0
0,0,0
0,0,0
0,0,0
0,0,0
0,0,0
0,0,0
0,0,0
0,0,0
0,0,0
0,0,0
0,0,0
0,0,0
0,0,0
0,0,0
0,0,0
0,0,0
0,0,0
0,0,0
0,0,0
0,0,0
0,0,0
0,0,0
0,0,0
0,0,0
0,0,0
0,0,0
0,0,0
0,0,0
0,0,0
0,0,0
0,0,0
0,0,0
0,0,0
0,0,0
0,0,0
0,0,0
0,0,0
0,0,0
0,0,0
0,0,0
0,0,0
0,0,0
0,0,0
0,0,0
0,0,0
0,0,0
0,0,0
0,0,0
0,0,0
0,0,0
0,0,0
0,0,0
0,0,0
0,0,0
0,0,0
0,0,0
0,0,0
0,0,0
0,0,0
0,0,0
0,0,0
0,0,0
0,0,0
0,0,0
0,0,0
0,0,0
0,0,0
0,0,0
0,0,0
0,0,0
0,0,0
0,0,0
0,0,0
0,0,0
0,0,0
0,0,0
0,0,0
0,0,0
0,0,0
0,0,0
0,0,0
0,0,0
0,0,0
0,0,0
0,0,0
0,0,0
0,0,0
0,0,0
0,0,0
0,0,0
0,0,0
0,0,0
0,0,0
0,0,0
0,0,0
0,0,0
0,0,0
0,0,0
0,0,0
0,0,0
0,0,0
0,0,0
0,0,0
0,0,0
0,0,0
0,0,0
0,0,0
0,0,0
0,0,0
0,0,0
0,0,0
0,0,0
0,0,0
0,0,0
0,0,0
0,0,0
0,0,0
0,0,0
0,0,0
0,0,0
0,0,0
0,0,0
0,0,0
0,0,0
0,0,0
0,0,0
0,0,0
0,0,0
0,0,0
0,0,0
0,0,0
0,0,0
0,0,0
0,0,0
0,0,0
0,0,0
0,0,0
0,0,0
0,0,0
0,0,0
0,0,0
0,0,0
0,0,0
0,0,0
0,0,0
0,0,0
0,0,0
0,0,0
0,0,0
0,0,0
0,0,0
0,0,0
0,0,0
0,0,0
0,0,0
0,0,0
0,0,0
0,0,0
0,0,0
0,0,0
0,0,0
0,0,0
0,0,0
0,0,0
0,0,0
0,0,0
0,0,0
0,0,0
0,0,0
0,0,0
0,0,0
0,0,0
0,0,0
0,0,0
0,0,0
0,0,0
0,0,0
0,0,0
0,0,0
0,0,0
0,0,0
0,0,0
0,0,0
0,0,0
0,0,0
0,0,0
0,0,0
0,0,0
0,0,0
0,0,0
0,0,0
0,0,0
0,0,0
0,0,0
0,0,0
0,0,0
0,0,0
0,0,0
0,0,0
0,0,0
0,0,0
0,0,0
0,0,0
0,0,0
0,0,0
0,0,0
0,0,0
0,0,0
0,0,0
0,0,0
0,0,0
0,0,0
0,0,0
0,0,0
0,0,0
0,0,0
0,0,0
0,0,0
0,0,0
0,0,0
0,0,0
0,0,0
0,0,0
0,0,0
0,0,0
0,0,0
0,0,0
0,0,0
0,0,0
0,0,0
0,0,0
0,0,0
0,0,0
0,0,0
0,0,0
0,0,0
0,0,0
0,0,0
0,0,0
0,0,0
0,0,0
0,0,0
0,0,0
0,0,0
0,0,0
0,0,0
0,0,0
0,0,0
0,0,0
0,0,0
0,0,0
0,0,0
0,0,0
0,0,0
0,0,0
0,0,0
0,0,0
0,0,0
0,0,0
0,0,0
0,0,0
0,0,0
0,0,0
0,0,0
0,0,0
0,0,0
0,0,0
0,0,0
0,0,0
0,0,0
0,0,0
0,0,0
0,0,0
0,0,0
0,0,0
0,0,0
0,0,0
0,0,0
0,0,0
0,0,0
0,0,0
0,0,0
0,0,0
0,0,0
0,0,0
0,0,0
0,0,0
0,0,0
0,0,0
0,0,0
0,0,0
0,0,0
0,0,0
0,0,0
0,0,0
0,0,0
0,0,0
0,0,0
0,0,0
0,0,0
0,0,0
0,0,0
0,0,0
0,0,0
0,0,0
0,0,0
0,0,0
0,0,0
0,0,0
0,0,0
0,0,0
0,0,0
0,0,0
0,0,0
0,0,0
0,0,0
0,0,0
0,0,0
0,0,0
0,0,0
0,0,0
0,0,0
0,0,0
0,0,0
0,0,0
0,0,0
0,0,0
0,0,0
0,0,0
0,0,0
0,0,0
0,0,0
0,0,0
0,0,0
0,0,0
0,0,0
0,0,0
0,0,0
0,0,0
0,0,0
0,0,0
0,0,0
0,0,0
0,0,0
0,0,0
0,0,0
0,0,0
0,0,0
0,0,0
0,0,0
0,0,0
0,0,0
0,0,0
0,0,0
0,0,0
0,0,0
0,0,0
0,0,0
0,0,0
0,0,0
0,0,0
0,0,0
0,0,0
0,0,0
0,0,0
0,0,0
0,0,0
0,0,0
0,0,0
0,0,0
0,0,0
0,0,0
0,0,0
0,0,0
0,0,0
0,0,0
0,0,0
0,0,0
0,0,0
0,0,0
0,0,0
0,0,0
0,0,0
0,0,0
0,0,0
0,0,0
0,0,0
0,0,0
0,0,0
0,0,0
0,0,0
0,0,0
0,0,0
0,0,0
0,0,0
0,0,0
0,0,0
0,0,0
0,0,0
0,0,0
0,0,0
0,0,0
0,0,0
0,0,0
0,0,0
0,0,0
0,0,0
0,0,0
0,0,0
0,0,0
0,0,0
0,0,0
0,0,0
0,0,0
0,0,0
0,0,0
0,0,0
0,0,0
0,0,0
0,0,0
0,0,0
0,0,0
0,0,0
0,0,0
0,0,0
0,0,0
0,0,0
0,0,0
0,0,0
0,0,0
0,0,0
0,0,0
0,0,0
0,0,0
0,0,0
0,0,0
0,0,0
0,0,0
0,0,0
0,0,0
0,0,0
0,0,0
0,0,0
0,0,0
0,0,0
0,0,0
0,0,0
0,0,0
0,0,0
0,0,0
0,0,0
0,0,0
0,0,0
0,0,0
0,0,0
0,0,0
0,0,0
0,0,0
0,0,0
0,0,0
0,0,0
0,0,0
0,0,0
0,0,0
0,0,0
0,0,0
0,0,0
0,0,0
0,0,0
0,0,0
0,0,0
0,0,0
0,0,0
0,0,0
0,0,0
0,0,0
0,0,0
0,0,0
0,0,0
0,0,0
0,0,0
0,0,0
0,0,0
0,0,0
0,0,0
0,0,0
0,0,0
0,0,0
0,0,0
0,0,0
0,0,0
0,0,0
0,0,0
0,0,0
0,0,0
0,0,0
0,0,0
0,0,0
0,0,0
0,0,0
0,0,0
0,0,0
0,0,0
0,0,0
0,0,0
0,0,0
0,0,0
0,0,0
0,0,0
0,0,0
0,0,0
0,0,0
0,0,0
0,0,0
0,0,0
0,0,0
0,0,0
0,0,0
0,0,0
0,0,0
0,0,0
0,0,0
0,0,0
0,0,0
0,0,0
0,0,0
0,0,0
0,0,0
0,0,0
0,0,0
0,0,0
0,0,0
0,0,0
0,0,0
0,0,0
0,0,0
0,0,0
0,0,0
0,0,0
0,0,0
0,0,0
0,0,0
0,0,0
0,0,0
0,0,0
0,0,0
0,0,0
0,0,0
0,0,0
0,0,0
0,0,0
0,0,0
0,0,0
0,0,0
0,0,0
0,0,0
0,0,0
0,0,0
0,0,0
0,0,0
0,0,0
0,0,0
0,0,0
0,0,0
0,0,0
10.8756,31.6477,3.33941
11.0722,31.5879,3.3402
0,0,0
0,0,0
0,0,0
0,0,0
0,0,0
11.9911,30.5568,3.27632
12.1596,30.4355,3.2713
12.342,30.3502,3.27022
12.5215,30.2582,3.26855
12.2258,29.038,3.1461
12.4437,29.0558,3.15612
12.5622,28.842,3.14138
12.9037,29.1365,3.18158
13.1157,29.1312,3.18963
13.3377,29.1452,3.19995
13.5927,29.2271,3.21784
14.0438,29.719,3.28074
13.5614,28.2479,3.1291
13.9246,28.5542,3.17194
0,0,0
15.1959,30.2144,3.37459
14.1302,27.6709,3.10295
14.2809,27.5474,3.09892
14.4316,27.4249,3.09509
14.8724,27.8467,3.15229
14.9918,27.6605,3.14168
14.8721,27.0421,3.08241
15.4833,27.749,3.17273
15.2499,26.9407,3.09185
0,0,0
0,0,0
0,0,0
0,0,0
0,0,0
0,0,0
0,0,0
0,0,0
0,0,0
0,0,0
0,0,0
0,0,0
0,0,0
0,0,0
19.062,27.4415,3.3343
19.214,27.3012,3.33155
19.4776,27.3181,3.34796
19.6676,27.2296,3.35179
19.8613,27.1453,3.35631
20.0364,27.0349,3.35779
20.2694,27.0014,3.36889
20.4172,26.8536,3.36604
20.6338,26.7956,3.3745
20.6657,26.499,3.35327
0,0,0
0,0,0
0,0,0
0,0,0
0,0,0
0,0,0
0,0,0
0,0,0
0,0,0
0,0,0
0,0,0
0,0,0
0,0,0
0,0,0
0,0,0
0,0,0
0,0,0
0,0,0
0,0,0
0,0,0
0,0,0
0,0,0
0,0,0
28.7972,27.436,3.96259
28.0925,26.4376,3.84426
28.236,26.2478,3.84181
28.4082,26.0848,3.84338
28.3739,25.7342,3.81753
28.6328,25.6506,3.831
29.0997,25.7488,3.87188
29.7472,25.998,3.93615
28.6436,24.7251,3.77144
28.2147,24.0543,3.69616
29.6124,24.9339,3.85763
28.4787,23.6821,3.69242
28.6642,23.5404,3.69763
28.8491,23.3973,3.70284
30.523,24.446,3.89655
29.728,23.5113,3.77763
0,0,0
0,0,0
0,0,0
0,0,0
0,0,0
0,0,0
34.6659,25.0746,4.25978
34.8143,24.858,4.25919
34.9743,24.6496,4.26017
35.294,24.5522,4.28052
34.9894,24.0231,4.22607
34.8948,23.6444,4.19728
35.0955,23.4675,4.20396
35.7164,23.5669,4.26047
35.9121,23.3809,4.26656
0,0,0
36.5678,23.1739,4.31
35.9364,22.4659,4.21998
36.9163,22.7647,4.31776
0,0,0
0,0,0
36.53,21.6086,4.22607
36.6,21.3479,4.219
0,0,0
0,0,0
0,0,0
0,0,0
0,0,0
0,0,0
0,0,0
0,0,0
0,0,0
0,0,0
0,0,0
0,0,0
0,0,0
0,0,0
0,0,0
0,0,0
0,0,0
0,0,0
0,0,0
0,0,0
0,0,0
0,0,0
0,0,0
0,0,0
0,0,0
0,0,0
0,0,0
0,0,0
0,0,0
0,0,0
0,0,0
0,0,0
0,0,0
0,0,0
0,0,0
0,0,0
0,0,0
0,0,0
0,0,0
0,0,0
0,0,0
0,0,0
0,0,0
0,0,0
0,0,0
0,0,0
0,0,0
0,0,0
0,0,0
0,0,0
0,0,0
0,0,0
0,0,0
0,0,0
0,0,0
0,0,0
0,0,0
0,0,0
0,0,0
0,0,0
0,0,0
0,0,0
0,0,0
0,0,0
0,0,0
0,0,0
0,0,0
0,0,0
0,0,0
0,0,0
19.2447,1.7823,1.94328
19.4684,1.68262,1.96441
19.4605,1.5617,1.96264
0,0,0
0,0,0
0,0,0
0,0,0
0,0,0
0,0,0
0,0,0
0,0,0
0,0,0
0,0,0
0,0,0
0,0,0
24.6233,0.00796372,2.46631
0,0,0
0,0,0
0,0,0
0,0,0
0,0,0
0,0,0
0,0,0
0,0,0
0,0,0
0,0,0
0,0,0
0,0,0
0,0,0
0,0,0
0,0,0
0,0,0
0,0,0
0,0,0
0,0,0
0,0,0
0,0,0
0,0,0
0,0,0
0,0,0
0,0,0
0,0,0
0,0,0
0,0,0
0,0,0
0,0,0
0,0,0
0,0,0
0,0,0
0,0,0
0,0,0
0,0,0
0,0,0
0,0,0
0,0,0
0,0,0
0,0,0
0,0,0
0,0,0
0,0,0
0,0,0
0,0,0
0,0,0
0,0,0
0,0,0
0,0,0
0,0,0
0,0,0
0,0,0
0,0,0
0,0,0
0,0,0
0,0,0
0,0,0
0,0,0
0,0,0
0,0,0
0,0,0
0,0,0
0,0,0
0,0,0
0,0,0
0,0,0
0,0,0
0,0,0
0,0,0
0,0,0
0,0,0
0,0,0
0,0,0
0,0,0
0,0,0
0,0,0
0,0,0
0,0,0
0,0,0
0,0,0
0,0,0
0,0,0
0,0,0
0,0,0
0,0,0
0,0,0
0,0,0
0,0,0
0,0,0
0,0,0
0,0,0
0,0,0
0,0,0
0,0,0
0,0,0
0,0,0
0,0,0
0,0,0
0,0,0
0,0,0
0,0,0
0,0,0
0,0,0
0,0,0
0,0,0
0,0,0
0,0,0
0,0,0
0,0,0
0,0,0
0,0,0
0,0,0
0,0,0
0,0,0
0,0,0
0,0,0
0,0,0
0,0,0
0,0,0
0,0,0
0,0,0
0,0,0
0,0,0
0,0,0
0,0,0
0,0,0
0,0,0
0,0,0
0,0,0
0,0,0
0,0,0
0,0,0
0,0,0
0,0,0
0,0,0
0,0,0
0,0,0
0,0,0
0,0,0
0,0,0
0,0,0
0,0,0
0,0,0
0,0,0
0,0,0
0,0,0
0,0,0
0,0,0
0,0,0
0,0,0
0,0,0
0,0,0
0,0,0
0,0,0
0,0,0
0,0,0
0,0,0
0,0,0
0,0,0
0,0,0
0,0,0
0,0,0
0,0,0
0,0,0
0,0,0
0,0,0
0,0,0
9.19787,-15.5506,1.81886
9.03258,-15.4873,1.8052
8.91258,-15.4993,1.80028
8.81535,-15.5502,1.79989
8.74404,-15.6474,1.8048
8.68724,-15.7722,1.81286
32.1682,-59.2543,6.69304
0,0,0
31.4219,-59.6129,6.6895
31.0684,-59.8293,6.69225
31.1585,-60.9137,6.79151
0,0,0
0,0,0
0,0,0
0,0,0
0,0,0
0,0,0
0,0,0
0,0,0
0,0,0
0,0,0
0,0,0
0,0,0
0,0,0
0,0,0
0,0,0
0,0,0
0,0,0
0,0,0
0,0,0
0,0,0
0,0,0
0,0,0
0,0,0
0,0,0
0,0,0
0,0,0
0,0,0
0,0,0
0,0,0
0,0,0
0,0,0
0,0,0
0,0,0
0,0,0
0,0,0
0,0,0
0,0,0
0,0,0
0,0,0
0,0,0
0,0,0
0,0,0
0,0,0
0,0,0
0,0,0
0,0,0
0,0,0
0,0,0
0,0,0
0,0,0
0,0,0
0,0,0
0,0,0
0,0,0
0,0,0
0,0,0
0,0,0
0,0,0
0,0,0
0,0,0
0,0,0
0,0,0
0,0,0
0,0,0
0,0,0
0,0,0
0,0,0
0,0,0
0,0,0
0,0,0
0,0,0
0,0,0
0,0,0
0,0,0
0,0,0
0,0,0
0,0,0
0,0,0
0,0,0
0,0,0
0,0,0
0,0,0
0,0,0
0,0,0
0,0,0
0,0,0
0,0,0
0,0,0
0,0,0
0,0,0
0,0,0
0,0,0
0,0,0
0,0,0
0,0,0
0,0,0
0,0,0
0,0,0
0,0,0
0,0,0
0,0,0
0,0,0
0,0,0
0,0,0
0,0,0
0,0,0
0,0,0
0,0,0
0,0,0
0,0,0
0,0,0
0,0,0
0,0,0
0,0,0
0,0,0
0,0,0
0,0,0
0,0,0
0,0,0
0,0,0
0,0,0
0,0,0
0,0,0
0,0,0
0,0,0
0,0,0
0,0,0
0,0,0
0,0,0
0,0,0
0,0,0
0,0,0
0,0,0
0,0,0
0,0,0
0,0,0
0,0,0
0,0,0
0,0,0
0,0,0
0,0,0
0,0,0
0,0,0
0,0,0
0,0,0
0,0,0
0,0,0
0,0,0
0,0,0
0,0,0
0,0,0
0,0,0
0,0,0
0,0,0
0,0,0
0,0,0
0,0,0
0,0,0
0,0,0
0,0,0
0,0,0
0,0,0
0,0,0
0,0,0
0,0,0
0,0,0
0,0,0
0,0,0
0,0,0
0,0,0
0,0,0
0,0,0
0,0,0
0,0,0
0,0,0
0,0,0
0,0,0
0,0,0
0,0,0
0,0,0
0,0,0
0,0,0
0,0,0
0,0,0
0,0,0
0,0,0
0,0,0
0,0,0
0,0,0
0,0,0
0,0,0
0,0,0
0,0,0
0,0,0
0,0,0
0,0,0
0,0,0
0,0,0
0,0,0
0,0,0
0,0,0
0,0,0
0,0,0
0,0,0
0,0,0
0,0,0
0,0,0
0,0,0
0,0,0
0,0,0
0,0,0
0,0,0
0,0,0
0,0,0
0,0,0
0,0,0
0,0,0
0,0,0
0,0,0
0,0,0
0,0,0
0,0,0
0,0,0
0,0,0
0,0,0
0,0,0
0,0,0
0,0,0
0,0,0
0,0,0
0,0,0
0,0,0
0,0,0
0,0,0
0,0,0
0,0,0
0,0,0
0,0,0
0,0,0
0,0,0
0,0,0
0,0,0
0,0,0
0,0,0
0,0,0
0,0,0
0,0,0
0,0,0
0,0,0
0,0,0
0,0,0
0,0,0
0,0,0
0,0,0
0,0,0
0,0,0
0,0,0
0,0,0
0,0,0
0,0,0
0,0,0
0,0,0
0,0,0
0,0,0
0,0,0
0,0,0
0,0,0
0,0,0
0,0,0
0,0,0
0,0,0
0,0,0
0,0,0
0,0,0
0,0,0
0,0,0
0,0,0
0,0,0
0,0,0
0,0,0
0,0,0
0,0,0
0,0,0
0,0,0
0,0,0
0,0,0
0,0,0
0,0,0
0,0,0
0,0,0
0,0,0
0,0,0
0,0,0
0,0,0
0,0,0
0,0,0
0,0,0
0,0,0
0,0,0
0,0,0
0,0,0
0,0,0
0,0,0
0,0,0
0,0,0
0,0,0
0,0,0
0,0,0
0,0,0
0,0,0
0,0,0
0,0,0
0,0,0
0,0,0
0,0,0
0,0,0
0,0,0
0,0,0
0,0,0
0,0,0
0,0,0
0,0,0
0,0,0
0,0,0
0,0,0
0,0,0
0,0,0
0,0,0
0,0,0
0,0,0
0,0,0
0,0,0
0,0,0
0,0,0
0,0,0
0,0,0
0,0,0
0,0,0
0,0,0
0,0,0
0,0,0
0,0,0
0,0,0
0,0,0
0,0,0
0,0,0
0,0,0
0,0,0
0,0,0
0,0,0
0,0,0
0,0,0
0,0,0
0,0,0
0,0,0
0,0,0
0,0,0
0,0,0
0,0,0
0,0,0
0,0,0
0,0,0
0,0,0
0,0,0
0,0,0
0,0,0
0,0,0
0,0,0
0,0,0
0,0,0
0,0,0
0,0,0
0,0,0
0,0,0
0,0,0
0,0,0
0,0,0
0,0,0
0,0,0
0,0,0
0,0,0
0,0,0
0,0,0
0,0,0
0,0,0
0,0,0
0,0,0
0,0,0
0,0,0
0,0,0
0,0,0
0,0,0
0,0,0
0,0,0
0,0,0
0,0,0
0,0,0
0,0,0
0,0,0
0,0,0
0,0,0
0,0,0
0,0,0
0,0,0
0,0,0
0,0,0
0,0,0
0,0,0
0,0,0
0,0,0
0,0,0
0,0,0
0,0,0
0,0,0
0,0,0
0,0,0
0,0,0
0,0,0
0,0,0
0,0,0
0,0,0
0,0,0
0,0,0
0,0,0
0,0,0
0,0,0
0,0,0
0,0,0
0,0,0
0,0,0
0,0,0
0,0,0
0,0,0
0,0,0
0,0,0
0,0,0
0,0,0
0,0,0
0,0,0
0,0,0
0,0,0
0,0,0
0,0,0
0,0,0
0,0,0
0,0,0
0,0,0
0,0,0
0,0,0
0,0,0
0,0,0
0,0,0
0,0,0
0,0,0
0,0,0
0,0,0
0,0,0
0,0,0
0,0,0
0,0,0
0,0,0
0,0,0
0,0,0
0,0,0
0,0,0
0,0,0
0,0,0
0,0,0
0,0,0
0,0,0
0,0,0
0,0,0
0,0,0
0,0,0
0,0,0
0,0,0
0,0,0
0,0,0
0,0,0
0,0,0
0,0,0
0,0,0
0,0,0
0,0,0
0,0,0
0,0,0
0,0,0
0,0,0
0,0,0
0,0,0
0,0,0
0,0,0
0,0,0
0,0,0
0,0,0
0,0,0
0,0,0
0,0,0
0,0,0
0,0,0
0,0,0
0,0,0
0,0,0
0,0,0
0,0,0
0,0,0
0,0,0
0,0,0
0,0,0
0,0,0
0,0,0
0,0,0
0,0,0
0,0,0
0,0,0
0,0,0
0,0,0
0,0,0
0,0,0
0,0,0
0,0,0
0,0,0
0,0,0
0,0,0
0,0,0
0,0,0
0,0,0
0,0,0
0,0,0
0,0,0
0,0,0
0,0,0
0,0,0
0,0,0
0,0,0
0,0,0
0,0,0
0,0,0
0,0,0
0,0,0
0,0,0
0,0,0
0,0,0
0,0,0
0,0,0
0,0,0
0,0,0
0,0,0
0,0,0
0,0,0
0,0,0
0,0,0
0,0,0
0,0,0
0,0,0
0,0,0
0,0,0
0,0,0
0,0,0
0,0,0
0,0,0
0,0,0
0,0,0
0,0,0
0,0,0
0,0,0
0,0,0
0,0,0
0,0,0
0,0,0
0,0,0
0,0,0
0,0,0
0,0,0
0,0,0
0,0,0
0,0,0
0,0,0
0,0,0
0,0,0
0,0,0
0,0,0
0,0,0
0,0,0
0,0,0
0,0,0
0,0,0
0,0,0
0,0,0
0,0,0
0,0,0
0,0,0
0,0,0
0,0,0
0,0,0
0,0,0
0,0,0
0,0,0
0,0,0
0,0,0
0,0,0
0,0,0
0,0,0
0,0,0
0,0,0
0,0,0
0,0,0
0,0,0
0,0,0
0,0,0
0,0,0
0,0,0
0,0,0
0,0,0
0,0,0
0,0,0
0,0,0
0,0,0
0,0,0
0,0,0
0,0,0
0,0,0
0,0,0
0,0,0
0,0,0
0,0,0
10.9175,31.7292,2.94688
0,0,0
11.3198,31.6313,2.95043
11.1555,30.5795,2.85973
11.3078,30.4161,2.851
11.4872,30.3275,2.84927
0,0,0
11.3521,28.8954,2.72909
11.5129,28.7845,2.72528
11.669,28.6635,2.72061
11.8737,28.6613,2.72719
12.2126,28.9753,2.76367
12.1951,28.4448,2.7207
12.5689,28.8269,2.76402
13.5886,30.6509,2.94455
12.9081,28.6405,2.76116
13.0426,28.4711,2.7526
13.2166,28.3897,2.75252
13.368,28.2603,2.74794
14.2026,29.5543,2.88048
13.896,28.4675,2.78399
13.9199,28.0782,2.75459
14.1377,28.083,2.76341
14.2217,27.8236,2.74664
14.3894,27.7305,2.74612
14.4395,27.4143,2.72381
14.5727,27.2602,2.71742
14.9302,27.5214,2.75209
14.9869,27.2259,2.73194
15.0919,27.023,2.72096
15.2781,26.9663,2.72459
24.3073,42.2955,4.26843
24.9457,42.7962,4.33379
24.8955,42.114,4.28053
25.1309,41.9229,4.27673
25.4503,41.8709,4.28719
25.7187,41.7335,4.28918
26.0192,41.6467,4.29653
0,0,0
18.2502,28.4293,2.96668
18.4319,28.3285,2.96789
18.6032,28.2115,2.96755
18.8119,28.1507,2.97317
18.9418,27.9721,2.96659
19.0545,27.7699,2.9576
19.3195,27.789,2.97204
19.5327,27.7311,2.97853
18.725,26.241,2.83249
18.8116,26.0231,2.82151
19.0227,25.9779,2.82912
19.4084,26.1663,2.86215
20.1976,26.8839,2.95302
19.4216,25.5234,2.81823
19.3857,25.1544,2.79091
19.0413,24.3965,2.72061
19.1659,24.248,2.71716
0,0,0
20.6339,25.4567,2.87866
20.5577,25.047,2.84693
20.7352,24.9495,2.85022
21.7873,25.8905,2.97144
21.9276,25.735,2.96901
22.0832,25.5978,2.96876
0,0,0
0,0,0
0,0,0
0,0,0
0,0,0
0,0,0
0,0,0
0,0,0
0,0,0
6.62524,6.78955,0.858088
6.70248,6.78491,0.862497
6.74751,6.74718,0.86293
6.78878,6.70565,0.86293
0,0,0
0,0,0
0,0,0
0,0,0
28.9177,26.8602,3.46002
28.3295,25.9919,3.3714
28.5911,25.9105,3.38342
28.5773,25.5805,3.36336
29.3345,25.9358,3.43296
29.6582,25.8995,3.45198
28.6759,24.7332,3.32125
28.752,24.4929,3.31269
29.9675,25.2126,3.43357
29.0328,24.1235,3.31071
29.1194,23.895,3.30388
28.9915,23.4939,3.27327
29.7597,23.8154,3.3427
29.0697,22.972,3.25027
0,0,0
0,0,0
0,0,0
0,0,0
0,0,0
0,0,0
34.6867,25.0685,3.74897
34.234,24.423,3.68439
34.3938,24.22,3.68551
35.0605,24.369,3.74033
35.1477,24.1111,3.73384
34.7662,23.537,3.67842
34.9663,23.3609,3.6843
35.5864,23.4606,3.73393
35.7439,23.2511,3.7354
35.9395,23.0657,3.74093
35.9053,22.7339,3.72295
36.1616,22.5866,3.73497
36.263,22.3418,3.73125
0,0,0
36.361,21.7911,3.7137
35.7958,21.155,3.64332
36.5843,21.3192,3.70955
0,0,0
0,0,0
0,0,0
0,0,0
0,0,0
0,0,0
0,0,0
0,0,0
0,0,0
0,0,0
0,0,0
0,0,0
0,0,0
0,0,0
0,0,0
0,0,0
0,0,0
0,0,0
0,0,0
0,0,0
0,0,0
0,0,0
0,0,0
0,0,0
0,0,0
0,0,0
0,0,0
0,0,0
0,0,0
0,0,0
0,0,0
0,0,0
0,0,0
0,0,0
0,0,0
0,0,0
0,0,0
0,0,0
0,0,0
0,0,0
0,0,0
0,0,0
0,0,0
0,0,0
0,0,0
0,0,0
0,0,0
0,0,0
0,0,0
0,0,0
0,0,0
0,0,0
0,0,0
0,0,0
0,0,0
0,0,0
0,0,0
0,0,0
0,0,0
0,0,0
0,0,0
0,0,0
0,0,0
0,0,0
0,0,0
0,0,0
0,0,0
0,0,0
0,0,0
0,0,0
0,0,0
19.423,1.67172,1.72667
0,0,0
0,0,0
0,0,0
0,0,0
0,0,0
0,0,0
0,0,0
0,0,0
0,0,0
0,0,0
0,0,0
0,0,0
0,0,0
24.5697,-0.00121915,2.1671
24.8571,-0.153761,2.19208
24.8757,-0.306525,2.19381
0,0,0
0,0,0
0,0,0
0,0,0
0,0,0
0,0,0
0,0,0
0,0,0
0,0,0
0,0,0
0,0,0
0,0,0
0,0,0
0,0,0
0,0,0
0,0,0
0,0,0
0,0,0
0,0,0
0,0,0
0,0,0
0,0,0
0,0,0
0,0,0
0,0,0
0,0,0
0,0,0
0,0,0
0,0,0
0,0,0
0,0,0
0,0,0
0,0,0
0,0,0
0,0,0
0,0,0
0,0,0
0,0,0
0,0,0
0,0,0
0,0,0
0,0,0
0,0,0
0,0,0
0,0,0
0,0,0
0,0,0
0,0,0
0,0,0
0,0,0
0,0,0
0,0,0
0,0,0
0,0,0
0,0,0
0,0,0
0,0,0
0,0,0
0,0,0
0,0,0
0,0,0
0,0,0
0,0,0
0,0,0
0,0,0
0,0,0
0,0,0
0,0,0
0,0,0
0,0,0
0,0,0
0,0,0
0,0,0
0,0,0
0,0,0
0,0,0
0,0,0
0,0,0
0,0,0
0,0,0
0,0,0
0,0,0
0,0,0
0,0,0
0,0,0
0,0,0
0,0,0
0,0,0
0,0,0
0,0,0
0,0,0
0,0,0
0,0,0
0,0,0
0,0,0
0,0,0
0,0,0
0,0,0
0,0,0
0,0,0
0,0,0
0,0,0
0,0,0
0,0,0
0,0,0
0,0,0
0,0,0
0,0,0
0,0,0
0,0,0
0,0,0
0,0,0
0,0,0
0,0,0
0,0,0
0,0,0
0,0,0
0,0,0
0,0,0
0,0,0
0,0,0
0,0,0
0,0,0
0,0,0
0,0,0
0,0,0
0,0,0
0,0,0
0,0,0
0,0,0
0,0,0
0,0,0
0,0,0
0,0,0
0,0,0
0,0,0
0,0,0
0,0,0
0,0,0
0,0,0
0,0,0
0,0,0
0,0,0
0,0,0
0,0,0
0,0,0
0,0,0
0,0,0
0,0,0
0,0,0
0,0,0
0,0,0
0,0,0
0,0,0
0,0,0
0,0,0
0,0,0
0,0,0
0,0,0
0,0,0
0,0,0
0,0,0
0,0,0
0,0,0
0,0,0
0,0,0
9.18127,-15.5349,1.60087
9.03562,-15.5049,1.59222
8.91351,-15.5134,1.58755
8.81472,-15.5617,1.58695
8.7385,-15.6503,1.59041
8.69898,-15.8066,1.60061
0,0,0
31.5994,-59.1268,5.85298
31.1905,-59.2332,5.84451
0,0,0
0,0,0
0,0,0
0,0,0
0,0,0
0,0,0
0,0,0
0,0,0
0,0,0
0,0,0
0,0,0
0,0,0
0,0,0
0,0,0
0,0,0
0,0,0
0,0,0
0,0,0
0,0,0
0,0,0
0,0,0
0,0,0
0,0,0
0,0,0
0,0,0
0,0,0
5.29415,-16.0279,1.49971
0,0,0
0,0,0
0,0,0
0,0,0
0,0,0
0,0,0
0,0,0
0,0,0
0,0,0
0,0,0
0,0,0
0,0,0
0,0,0
0,0,0
0,0,0
0,0,0
0,0,0
0,0,0
0,0,0
0,0,0
0,0,0
0,0,0
0,0,0
0,0,0
0,0,0
0,0,0
0,0,0
0,0,0
0,0,0
0,0,0
0,0,0
0,0,0
0,0,0
0,0,0
0,0,0
0,0,0
0,0,0
0,0,0
0,0,0
0,0,0
0,0,0
0,0,0
0,0,0
0,0,0
0,0,0
0,0,0
0,0,0
0,0,0
0,0,0
0,0,0
0,0,0
0,0,0
0,0,0
0,0,0
0,0,0
0,0,0
0,0,0
0,0,0
0,0,0
0,0,0
0,0,0
0,0,0
0,0,0
0,0,0
0,0,0
0,0,0
0,0,0
0,0,0
0,0,0
0,0,0
0,0,0
0,0,0
0,0,0
0,0,0
0,0,0
0,0,0
0,0,0
0,0,0
0,0,0
0,0,0
0,0,0
0,0,0
0,0,0
0,0,0
0,0,0
0,0,0
0,0,0
0,0,0
0,0,0
0,0,0
0,0,0
0,0,0
0,0,0
0,0,0
0,0,0
0,0,0
0,0,0
0,0,0
0,0,0
0,0,0
0,0,0
0,0,0
0,0,0
0,0,0
0,0,0
0,0,0
0,0,0
0,0,0
0,0,0
0,0,0
0,0,0
0,0,0
0,0,0
0,0,0
0,0,0
0,0,0
0,0,0
0,0,0
0,0,0
0,0,0
0,0,0
0,0,0
0,0,0
0,0,0
0,0,0
0,0,0
0,0,0
0,0,0
0,0,0
0,0,0
0,0,0
0,0,0
0,0,0
0,0,0
0,0,0
0,0,0
0,0,0
0,0,0
0,0,0
0,0,0
0,0,0
0,0,0
0,0,0
0,0,0
0,0,0
0,0,0
0,0,0
0,0,0
0,0,0
0,0,0
0,0,0
0,0,0
0,0,0
0,0,0
0,0,0
0,0,0
0,0,0
0,0,0
0,0,0
0,0,0
0,0,0
0,0,0
0,0,0
0,0,0
0,0,0
0,0,0
0,0,0
0,0,0
0,0,0
0,0,0
0,0,0
0,0,0
0,0,0
0,0,0
0,0,0
0,0,0
0,0,0
0,0,0
0,0,0
0,0,0
0,0,0
0,0,0
0,0,0
0,0,0
0,0,0
0,0,0
0,0,0
0,0,0
0,0,0
0,0,0
0,0,0
0,0,0
0,0,0
0,0,0
0,0,0
0,0,0
0,0,0
0,0,0
0,0,0
0,0,0
0,0,0
0,0,0
0,0,0
0,0,0
0,0,0
0,0,0
0,0,0
0,0,0
0,0,0
0,0,0
0,0,0
0,0,0
0,0,0
0,0,0
0,0,0
0,0,0
0,0,0
0,0,0
0,0,0
0,0,0
0,0,0
0,0,0
0,0,0
0,0,0
0,0,0
0,0,0
0,0,0
0,0,0
0,0,0
0,0,0
0,0,0
0,0,0
0,0,0
0,0,0
0,0,0
0,0,0
0,0,0
0,0,0
0,0,0
0,0,0
0,0,0
0,0,0
0,0,0
0,0,0
0,0,0
0,0,0
0,0,0
0,0,0
0,0,0
0,0,0
0,0,0
0,0,0
0,0,0
0,0,0
0,0,0
0,0,0
0,0,0
0,0,0
0,0,0
0,0,0
0,0,0
0,0,0
0,0,0
0,0,0
0,0,0
0,0,0
0,0,0
0,0,0
0,0,0
0,0,0
0,0,0
0,0,0
0,0,0
0,0,0
0,0,0
0,0,0
0,0,0
0,0,0
0,0,0
0,0,0
0,0,0
0,0,0
0,0,0
0,0,0
0,0,0
0,0,0
0,0,0
0,0,0
0,0,0
0,0,0
0,0,0
0,0,0
0,0,0
0,0,0
0,0,0
0,0,0
0,0,0
0,0,0
0,0,0
0,0,0
0,0,0
0,0,0
0,0,0
0,0,0
0,0,0
0,0,0
0,0,0
0,0,0
0,0,0
0,0,0
0,0,0
0,0,0
0,0,0
0,0,0
0,0,0
0,0,0
0,0,0
0,0,0
0,0,0
0,0,0
0,0,0
0,0,0
0,0,0
0,0,0
0,0,0
0,0,0
0,0,0
0,0,0
0,0,0
0,0,0
0,0,0
0,0,0
0,0,0
0,0,0
0,0,0
0,0,0
0,0,0
0,0,0
0,0,0
0,0,0
0,0,0
0,0,0
0,0,0
0,0,0
0,0,0
0,0,0
0,0,0
0,0,0
0,0,0
0,0,0
0,0,0
0,0,0
0,0,0
0,0,0
0,0,0
0,0,0
0,0,0
0,0,0
0,0,0
0,0,0
0,0,0
0,0,0
0,0,0
0,0,0
0,0,0
0,0,0
0,0,0
0,0,0
0,0,0
0,0,0
0,0,0
0,0,0
0,0,0
0,0,0
0,0,0
0,0,0
0,0,0
0,0,0
0,0,0
0,0,0
0,0,0
0,0,0
0,0,0
0,0,0
0,0,0
0,0,0
0,0,0
0,0,0
0,0,0
0,0,0
0,0,0
0,0,0
0,0,0
0,0,0
0,0,0
0,0,0
0,0,0
0,0,0
0,0,0
0,0,0
0,0,0
0,0,0
0,0,0
0,0,0
0,0,0
0,0,0
0,0,0
0,0,0
0,0,0
0,0,0
0,0,0
0,0,0
0,0,0
0,0,0
0,0,0
0,0,0
0,0,0
0,0,0
0,0,0
0,0,0
0,0,0
0,0,0
0,0,0
0,0,0
0,0,0
0,0,0
0,0,0
0,0,0
0,0,0
0,0,0
0,0,0
0,0,0
0,0,0
0,0,0
0,0,0
0,0,0
0,0,0
0,0,0
0,0,0
0,0,0
0,0,0
0,0,0
0,0,0
0,0,0
0,0,0
0,0,0
0,0,0
0,0,0
0,0,0
0,0,0
0,0,0
0,0,0
0,0,0
0,0,0
0,0,0
0,0,0
0,0,0
0,0,0
0,0,0
0,0,0
0,0,0
0,0,0
0,0,0
0,0,0
0,0,0
0,0,0
0,0,0
0,0,0
0,0,0
0,0,0
0,0,0
0,0,0
0,0,0
0,0,0
0,0,0
0,0,0
0,0,0
0,0,0
0,0,0
0,0,0
0,0,0
0,0,0
0,0,0
0,0,0
0,0,0
0,0,0
0,0,0
0,0,0
0,0,0
0,0,0
0,0,0
0,0,0
0,0,0
0,0,0
0,0,0
0,0,0
0,0,0
0,0,0
0,0,0
0,0,0
0,0,0
0,0,0
0,0,0
0,0,0
0,0,0
0,0,0
0,0,0
0,0,0
0,0,0
0,0,0
0,0,0
0,0,0
0,0,0
0,0,0
0,0,0
0,0,0
0,0,0
0,0,0
0,0,0
0,0,0
0,0,0
0,0,0
0,0,0
0,0,0
0,0,0
0,0,0
0,0,0
0,0,0
0,0,0
0,0,0
0,0,0
0,0,0
0,0,0
0,0,0
0,0,0
0,0,0
0,0,0
0,0,0
0,0,0
0,0,0
0,0,0
0,0,0
0,0,0
0,0,0
0,0,0
0,0,0
0,0,0
0,0,0
0,0,0
0,0,0
0,0,0
0,0,0
0,0,0
0,0,0
0,0,0
0,0,0
0,0,0
0,0,0
0,0,0
0,0,0
0,0,0
0,0,0
0,0,0
0,0,0
0,0,0
0,0,0
0,0,0
0,0,0
0,0,0
0,0,0
0,0,0
0,0,0
0,0,0
0,0,0
0,0,0
0,0,0
0,0,0
0,0,0
0,0,0
0,0,0
0,0,0
0,0,0
0,0,0
0,0,0
0,0,0
0,0,0
0,0,0
0,0,0
0,0,0
0,0,0
0,0,0
0,0,0
0,0,0
0,0,0
0,0,0
0,0,0
0,0,0
0,0,0
0,0,0
0,0,0
0,0,0
0,0,0
0,0,0
0,0,0
0,0,0
0,0,0
0,0,0
0,0,0
0,0,0
0,0,0
0,0,0
0,0,0
0,0,0
0,0,0
0,0,0
0,0,0
0,0,0
0,0,0
0,0,0
0,0,0
0,0,0
0,0,0
0,0,0
0,0,0
0,0,0
0,0,0
0,0,0
0,0,0
0,0,0
0,0,0
0,0,0
0,0,0
0,0,0
0,0,0
10.718,30.5601,2.43596
10.9104,30.5079,2.43707
11.1083,30.4703,2.43943
11.2874,30.381,2.43781
11.5064,30.3979,2.44468
11.2874,29.2753,2.36114
11.4566,29.1795,2.35907
11.494,28.7549,2.33082
11.683,28.7152,2.33334
11.9414,28.842,2.34931
12.0833,28.6855,2.34265
12.1094,28.2616,2.31448
12.4977,28.6804,2.35441
13.2519,29.9089,2.46028
12.902,28.6431,2.36402
13.0995,28.6115,2.36794
13.5975,29.2241,2.42465
13.748,29.0797,2.41969
13.8808,28.9004,2.41193
14.0736,28.8469,2.41459
14.187,28.6322,2.40402
14.1563,28.1349,2.37001
14.2964,27.9844,2.36476
14.4353,27.8333,2.35951
14.3238,27.2086,2.31463
14.7518,27.6092,2.35574
14.7531,27.2087,2.32964
14.6814,26.6843,2.29297
15.1389,27.1205,2.3377
15.9905,28.2377,2.44084
16.1128,28.0509,2.4333
24.7642,42.5074,3.6822
25.0408,42.3821,3.68456
25.7181,42.9249,3.74482
25.5601,42.0734,3.68471
25.7032,41.7298,3.66852
25.8283,41.3623,3.65026
26.0784,41.198,3.64981
18.5264,28.8733,2.57836
18.633,28.6512,2.56882
18.8469,28.5946,2.57399
19.0386,28.5033,2.57621
19.2668,28.4652,2.58331
19.4603,28.3745,2.58582
19.6585,28.2897,2.589
19.0337,27.0351,2.48623
19.234,26.9665,2.49067
19.3682,26.8051,2.48675
19.0564,26.0355,2.42701
19.2086,25.9085,2.42613
19.3529,25.771,2.42435
19.5432,25.6947,2.42834
19.4297,25.2227,2.39544
19.5222,25.0236,2.38797
20.4654,25.9034,2.48246
20.5068,25.6309,2.46856
20.6643,25.5054,2.46864
20.842,25.4043,2.47115
20.863,25.1141,2.45555
20.9076,24.8559,2.44298
21.9274,25.746,2.5422
22.1703,25.7099,2.55189
0,0,0
0,0,0
0,0,0
0,0,0
0,0,0
0,0,0
0,0,0
0,0,0
0,0,0
6.6953,6.8627,0.745817
6.68823,6.77182,0.740642
6.72825,6.72924,0.740494
6.77012,6.68853,0.740568
26.2276,25.6001,2.75218
26.5163,25.5661,2.76578
26.8193,25.5425,2.78079
27.0321,25.4308,2.78656
28.1651,26.1728,2.88548
27.0865,24.8624,2.76083
27.6397,25.0595,2.80097
27.9014,24.9866,2.81177
28.0251,24.7891,2.80888
28.0242,24.4835,2.79387
27.9814,24.1449,2.77502
28.1677,24.0058,2.77879
28.7204,24.1742,2.81813
30.7171,25.5346,2.99638
28.917,23.7395,2.80874
29.7252,24.0993,2.87202
29.347,23.4957,2.82212
0,0,0
0,0,0
0,0,0
0,0,0
0,0,0
0,0,0
0,0,0
34.6175,25.0304,3.20207
34.3532,24.5197,3.16406
34.9848,24.6479,3.20776
34.744,24.1607,3.17242
34.8686,23.9312,3.17035
35.644,24.143,3.22669
34.8811,23.3153,3.14551
34.718,22.8993,3.11837
34.8804,22.7005,3.12037
35.1457,22.5675,3.13153
35.8261,22.6951,3.17915
35.1536,21.968,3.10824
36.3141,22.3846,3.19763
35.3192,21.4733,3.09945
35.5683,21.3269,3.10965
35.8101,21.1743,3.11926
36.2098,21.1119,3.14248
37.2102,21.3903,3.217
37.3659,21.1759,3.21915
0,0,0
0,0,0
0,0,0
0,0,0
0,0,0
0,0,0
0,0,0
0,0,0
0,0,0
0,0,0
0,0,0
0,0,0
0,0,0
0,0,0
0,0,0
0,0,0
0,0,0
0,0,0
69.4714,29.2915,5.62453
69.636,28.8589,5.62342
69.821,28.4349,5.62416
0,0,0
0,0,0
0,0,0
0,0,0
0,0,0
0,0,0
0,0,0
0,0,0
0,0,0
0,0,0
0,0,0
0,0,0
0,0,0
0,0,0
0,0,0
0,0,0
0,0,0
0,0,0
0,0,0
0,0,0
0,0,0
0,0,0
0,0,0
0,0,0
0,0,0
0,0,0
0,0,0
0,0,0
0,0,0
0,0,0
0,0,0
0,0,0
0,0,0
0,0,0
0,0,0
0,0,0
0,0,0
0,0,0
0,0,0
0,0,0
0,0,0
0,0,0
0,0,0
0,0,0
0,0,0
0,0,0
0,0,0
0,0,0
0,0,0
0,0,0
0,0,0
0,0,0
0,0,0
0,0,0
0,0,0
0,0,0
0,0,0
0,0,0
0,0,0
0,0,0
0,0,0
0,0,0
24.5317,0.00365093,1.85372
24.8424,-0.148721,1.87679
24.848,-0.301232,1.87731
0,0,0
0,0,0
0,0,0
0,0,0
0,0,0
0,0,0
0,0,0
0,0,0
0,0,0
0,0,0
0,0,0
0,0,0
0,0,0
0,0,0
0,0,0
0,0,0
0,0,0
0,0,0
0,0,0
0,0,0
0,0,0
0,0,0
0,0,0
0,0,0
0,0,0
0,0,0
0,0,0
0,0,0
0,0,0
0,0,0
0,0,0
0,0,0
0,0,0
0,0,0
0,0,0
0,0,0
0,0,0
0,0,0
0,0,0
0,0,0
0,0,0
0,0,0
0,0,0
0,0,0
0,0,0
0,0,0
0,0,0
0,0,0
0,0,0
0,0,0
0,0,0
0,0,0
0,0,0
0,0,0
0,0,0
0,0,0
0,0,0
0,0,0
0,0,0
0,0,0
0,0,0
0,0,0
0,0,0
0,0,0
0,0,0
0,0,0
0,0,0
0,0,0
0,0,0
0,0,0
0,0,0
0,0,0
0,0,0
0,0,0
0,0,0
0,0,0
0,0,0
0,0,0
0,0,0
0,0,0
0,0,0
0,0,0
0,0,0
0,0,0
0,0,0
0,0,0
0,0,0
0,0,0
0,0,0
0,0,0
0,0,0
0,0,0
0,0,0
0,0,0
0,0,0
0,0,0
0,0,0
0,0,0
0,0,0
0,0,0
0,0,0
0,0,0
0,0,0
0,0,0
0,0,0
0,0,0
0,0,0
0,0,0
0,0,0
0,0,0
0,0,0
0,0,0
0,0,0
0,0,0
0,0,0
0,0,0
0,0,0
0,0,0
0,0,0
0,0,0
48.1673,-45.2827,4.93627
47.9088,-45.5966,4.93834
0,0,0
0,0,0
0,0,0
0,0,0
0,0,0
0,0,0
0,0,0
0,0,0
0,0,0
0,0,0
0,0,0
0,0,0
0,0,0
0,0,0
0,0,0
0,0,0
0,0,0
0,0,0
0,0,0
0,0,0
0,0,0
0,0,0
0,0,0
0,0,0
0,0,0
0,0,0
0,0,0
0,0,0
0,0,0
0,0,0
0,0,0
0,0,0
0,0,0
0,0,0
0,0,0
0,0,0
0,0,0
0,0,0
0,0,0
0,0,0
0,0,0
0,0,0
0,0,0
0,0,0
9.18007,-15.5267,1.37226
9.0359,-15.4991,1.36509
8.91578,-15.5111,1.3614
8.81207,-15.5507,1.36014
8.74859,-15.662,1.36502
8.70043,-15.8027,1.37241
32.1745,-59.2905,5.03616
31.7259,-59.3294,5.02292
0,0,0
31.2661,-60.2356,5.06647
0,0,0
0,0,0
0,0,0
0,0,0
0,0,0
0,0,0
0,0,0
0,0,0
0,0,0
0,0,0
0,0,0
0,0,0
0,0,0
0,0,0
0,0,0
0,0,0
0,0,0
0,0,0
0,0,0
0,0,0
0,0,0
0,0,0
0,0,0
5.49089,-15.9542,1.28591
5.39321,-15.9886,1.28598
0,0,0
0,0,0
0,0,0
0,0,0
0,0,0
0,0,0
0,0,0
0,0,0
0,0,0
0,0,0
0,0,0
0,0,0
0,0,0
0,0,0
0,0,0
0,0,0
0,0,0
0,0,0
0,0,0
0,0,0
0,0,0
0,0,0
0,0,0
0,0,0
0,0,0
0,0,0
0,0,0
0,0,0
0,0,0
0,0,0
0,0,0
0,0,0
0,0,0
0,0,0
0,0,0
0,0,0
0,0,0
0,0,0
0,0,0
0,0,0
0,0,0
0,0,0
0,0,0
0,0,0
0,0,0
0,0,0
0,0,0
0,0,0
0,0,0
0,0,0
0,0,0
0,0,0
0,0,0
0,0,0
0,0,0
0,0,0
0,0,0
0,0,0
0,0,0
0,0,0
0,0,0
0,0,0
0,0,0
0,0,0
0,0,0
0,0,0
0,0,0
0,0,0
0,0,0
0,0,0
0,0,0
0,0,0
0,0,0
0,0,0
0,0,0
0,0,0
0,0,0
0,0,0
0,0,0
0,0,0
0,0,0
0,0,0
0,0,0
0,0,0
0,0,0
0,0,0
0,0,0
0,0,0
0,0,0
0,0,0
0,0,0
0,0,0
0,0,0
0,0,0
0,0,0
0,0,0
0,0,0
0,0,0
0,0,0
0,0,0
0,0,0
0,0,0
0,0,0
0,0,0
0,0,0
0,0,0
0,0,0
0,0,0
0,0,0
0,0,0
0,0,0
0,0,0
0,0,0
0,0,0
0,0,0
0,0,0
0,0,0
0,0,0
0,0,0
0,0,0
0,0,0
0,0,0
0,0,0
0,0,0
0,0,0
0,0,0
0,0,0
0,0,0
0,0,0
0,0,0
0,0,0
0,0,0
0,0,0
0,0,0
0,0,0
0,0,0
0,0,0
0,0,0
0,0,0
0,0,0
0,0,0
0,0,0
0,0,0
0,0,0
0,0,0
0,0,0
0,0,0
0,0,0
0,0,0
0,0,0
0,0,0
0,0,0
0,0,0
0,0,0
0,0,0
0,0,0
0,0,0
0,0,0
0,0,0
0,0,0
0,0,0
0,0,0
0,0,0
0,0,0
0,0,0
0,0,0
0,0,0
0,0,0
0,0,0
0,0,0
0,0,0
0,0,0
0,0,0
0,0,0
0,0,0
0,0,0
0,0,0
0,0,0
0,0,0
0,0,0
0,0,0
0,0,0
0,0,0
0,0,0
0,0,0
0,0,0
0,0,0
0,0,0
0,0,0
0,0,0
0,0,0
0,0,0
0,0,0
0,0,0
0,0,0
0,0,0
0,0,0
0,0,0
0,0,0
0,0,0
0,0,0
0,0,0
0,0,0
0,0,0
0,0,0
0,0,0
0,0,0
0,0,0
0,0,0
0,0,0
0,0,0
0,0,0
0,0,0
0,0,0
0,0,0
0,0,0
0,0,0
0,0,0
0,0,0
0,0,0
0,0,0
0,0,0
0,0,0
0,0,0
0,0,0
0,0,0
0,0,0
0,0,0
0,0,0
0,0,0
0,0,0
0,0,0
0,0,0
0,0,0
0,0,0
0,0,0
0,0,0
0,0,0
0,0,0
0,0,0
0,0,0
0,0,0
0,0,0
0,0,0
0,0,0
0,0,0
0,0,0
0,0,0
0,0,0
0,0,0
0,0,0
0,0,0
0,0,0
0,0,0
0,0,0
0,0,0
0,0,0
0,0,0
0,0,0
0,0,0
0,0,0
0,0,0
0,0,0
0,0,0
0,0,0
0,0,0
0,0,0
0,0,0
0,0,0
0,0,0
0,0,0
0,0,0
0,0,0
0,0,0
0,0,0
0,0,0
0,0,0
0,0,0
0,0,0
0,0,0
0,0,0
0,0,0
0,0,0
0,0,0
0,0,0
0,0,0
0,0,0
0,0,0
0,0,0
0,0,0
0,0,0
0,0,0
0,0,0
0,0,0
0,0,0
0,0,0
0,0,0
0,0,0
0,0,0
0,0,0
0,0,0
0,0,0
0,0,0
0,0,0
0,0,0
0,0,0
0,0,0
0,0,0
0,0,0
0,0,0
0,0,0
0,0,0
0,0,0
0,0,0
0,0,0
0,0,0
0,0,0
0,0,0
0,0,0
0,0,0
0,0,0
0,0,0
0,0,0
0,0,0
0,0,0
0,0,0
0,0,0
0,0,0
0,0,0
0,0,0
0,0,0
0,0,0
0,0,0
0,0,0
0,0,0
0,0,0
0,0,0
0,0,0
0,0,0
0,0,0
0,0,0
0,0,0
0,0,0
0,0,0
0,0,0
0,0,0
0,0,0
0,0,0
0,0,0
0,0,0
0,0,0
0,0,0
0,0,0
0,0,0
0,0,0
0,0,0
0,0,0
0,0,0
0,0,0
0,0,0
0,0,0
0,0,0
0,0,0
0,0,0
0,0,0
0,0,0
0,0,0
0,0,0
0,0,0
0,0,0
0,0,0
0,0,0
0,0,0
0,0,0
0,0,0
0,0,0
0,0,0
0,0,0
0,0,0
0,0,0
0,0,0
0,0,0
0,0,0
0,0,0
0,0,0
0,0,0
0,0,0
0,0,0
0,0,0
0,0,0
0,0,0
0,0,0
0,0,0
0,0,0
0,0,0
0,0,0
0,0,0
0,0,0
0,0,0
0,0,0
0,0,0
0,0,0
0,0,0
0,0,0
0,0,0
0,0,0
0,0,0
0,0,0
0,0,0
0,0,0
0,0,0
0,0,0
0,0,0
0,0,0
0,0,0
0,0,0
0,0,0
0,0,0
0,0,0
0,0,0
0,0,0
0,0,0
0,0,0
0,0,0
0,0,0
0,0,0
0,0,0
0,0,0
0,0,0
0,0,0
0,0,0
0,0,0
0,0,0
0,0,0
0,0,0
0,0,0
0,0,0
0,0,0
0,0,0
0,0,0
0,0,0
0,0,0
0,0,0
0,0,0
0,0,0
0,0,0
0,0,0
0,0,0
0,0,0
0,0,0
0,0,0
0,0,0
0,0,0
0,0,0
0,0,0
0,0,0
0,0,0
0,0,0
0,0,0
0,0,0
0,0,0
0,0,0
0,0,0
0,0,0
0,0,0
0,0,0
0,0,0
0,0,0
0,0,0
0,0,0
0,0,0
0,0,0
0,0,0
0,0,0
0,0,0
0,0,0
0,0,0
0,0,0
0,0,0
0,0,0
0,0,0
0,0,0
0,0,0
0,0,0
0,0,0
0,0,0
0,0,0
0,0,0
0,0,0
0,0,0
0,0,0
0,0,0
0,0,0
0,0,0
0,0,0
0,0,0
0,0,0
0,0,0
0,0,0
0,0,0
0,0,0
0,0,0
0,0,0
0,0,0
0,0,0
0,0,0
0,0,0
0,0,0
0,0,0
0,0,0
0,0,0
0,0,0
0,0,0
0,0,0
0,0,0
0,0,0
0,0,0
0,0,0
0,0,0
0,0,0
0,0,0
0,0,0
0,0,0
0,0,0
0,0,0
0,0,0
0,0,0
0,0,0
0,0,0
0,0,0
0,0,0
0,0,0
0,0,0
0,0,0
0,0,0
0,0,0
0,0,0
0,0,0
0,0,0
0,0,0
0,0,0
0,0,0
0,0,0
0,0,0
0,0,0
0,0,0
0,0,0
0,0,0
0,0,0
0,0,0
0,0,0
0,0,0
0,0,0
0,0,0
0,0,0
0,0,0
0,0,0
0,0,0
0,0,0
0,0,0
0,0,0
0,0,0
0,0,0
0,0,0
0,0,0
0,0,0
0,0,0
0,0,0
0,0,0
0,0,0
0,0,0
0,0,0
0,0,0
0,0,0
0,0,0
0,0,0
0,0,0
0,0,0
0,0,0
0,0,0
0,0,0
0,0,0
0,0,0
0,0,0
0,0,0
0,0,0
0,0,0
0,0,0
0,0,0
0,0,0
0,0,0
0,0,0
0,0,0
0,0,0
0,0,0
0,0,0
0,0,0
0,0,0
0,0,0
0,0,0
0,0,0
0,0,0
0,0,0
0,0,0
0,0,0
0,0,0
0,0,0
0,0,0
0,0,0
11.8442,30.1479,2.05604
0,0,0
0,0,0
11.9127,28.7556,1.97708
12.1014,28.7114,1.97908
12.2604,28.5971,1.9764
12.4149,28.4738,1.97316
13.5816,30.6352,2.1259
13.0303,28.9117,2.0137
13.471,29.4064,2.05318
13.4263,28.8401,2.01992
13.6529,28.8627,2.02721
13.7787,28.6722,2.01986
14.7259,30.1675,2.12958
14.1819,28.6065,2.02721
14.0892,27.9867,1.99004
14.4356,28.2419,2.01401
14.3511,27.6567,1.97914
14.3847,27.3103,1.96096
14.6005,27.3122,1.96737
14.7069,27.1098,1.9594
14.8378,26.9552,1.95485
14.9436,26.7573,1.94726
15.0484,26.5609,1.93979
15.2027,26.4534,1.93873
16.2377,27.8574,2.04689
25.1915,42.6147,3.12369
24.9922,41.6915,3.06783
25.2646,41.5655,3.06989
25.505,41.3867,3.06821
25.767,41.243,3.0692
18.169,28.6886,2.1538
18.363,28.6051,2.15592
0,0,0
18.9495,28.7367,2.18275
19.0378,28.4888,2.17292
19.0914,28.1929,2.15947
19.1867,27.9625,2.15094
19.4952,28.0417,2.16594
20.0646,28.4862,2.20903
20.2245,28.3423,2.20748
19.5794,27.0853,2.1203
19.9888,27.2972,2.14602
20.2481,27.2983,2.15567
19.5357,26.0029,2.06432
20.1101,26.4282,2.1071
0,0,0
20.5938,26.3856,2.12341
20.8611,26.3926,2.13406
20.9335,26.1527,2.12516
21.6693,26.734,2.18219
20.7362,25.2643,2.07435
21.3571,25.6977,2.11986
22.5947,26.8499,2.22454
22.7668,26.7198,2.22528
0,0,0
0,0,0
0,0,0
0,0,0
0,0,0
0,0,0
0,0,0
0,0,0
6.57527,6.90589,0.630104
6.63553,6.88409,0.631723
6.68392,6.84968,0.632283
6.74687,6.82984,0.634151
6.48093,6.48063,0.607002
6.52199,6.44214,0.607127
6.82501,6.65919,0.630104
27.7504,26.7442,2.43967
27.9429,26.6009,2.44216
27.0484,25.4349,2.35163
26.823,24.9145,2.31918
27.6152,25.3365,2.37336
27.9314,25.3127,2.38693
28.2148,25.256,2.3977
28.3184,25.0374,2.39347
28.0497,24.4949,2.35854
28.4565,24.544,2.37971
28.5693,24.3372,2.37666
28.6417,24.0972,2.37043
28.6885,23.8374,2.36227
29.3658,24.0972,2.40518
29.5178,23.9203,2.40555
30.2702,24.2239,2.45399
0,0,0
0,0,0
0,0,0
35.2022,26.7804,2.79472
35.3268,26.5345,2.79167
35.4873,26.3161,2.79155
35.6014,26.0636,2.78794
0,0,0
0,0,0
34.7409,24.4644,2.68613
34.9666,24.3037,2.69192
35.1751,24.1299,2.69647
35.3696,23.9455,2.70001
35.2196,23.5301,2.67779
34.82,22.9554,2.63719
33.6626,21.8973,2.54061
34.2818,22.0019,2.5766
34.5064,21.8482,2.58326
35.1071,21.928,2.61763
35.1195,21.6373,2.60873
35.1066,21.3333,2.59814
34.8764,20.9015,2.57193
0,0,0
36.5833,21.3186,2.67685
36.6615,21.0639,2.67312
36.6919,20.783,2.66608
0,0,0
59.1024,32.525,4.24401
0,0,0
59.6449,31.8763,4.25447
59.8341,31.5069,4.2541
60.1264,31.1912,4.26113
0,0,0
0,0,0
0,0,0
0,0,0
0,0,0
0,0,0
0,0,0
0,0,0
0,0,0
0,0,0
0,0,0
69.0887,29.611,4.72478
69.3105,29.2039,4.72758
0,0,0
69.9595,28.4716,4.74751
0,0,0
0,0,0
0,0,0
0,0,0
0,0,0
0,0,0
0,0,0
0,0,0
0,0,0
0,0,0
0,0,0
0,0,0
0,0,0
0,0,0
0,0,0
37.9347,11.2514,2.50381
37.8765,10.9817,2.49559
37.632,10.6609,2.47541
0,0,0
0,0,0
0,0,0
0,0,0
0,0,0
0,0,0
0,0,0
0,0,0
0,0,0
0,0,0
0,0,0
0,0,0
0,0,0
0,0,0
0,0,0
0,0,0
0,0,0
0,0,0
0,0,0
0,0,0
0,0,0
0,0,0
0,0,0
0,0,0
0,0,0
0,0,0
0,0,0
0,0,0
0,0,0
0,0,0
19.3527,1.66567,1.24705
0,0,0
0,0,0
0,0,0
0,0,0
0,0,0
0,0,0
0,0,0
0,0,0
0,0,0
0,0,0
0,0,0
0,0,0
0,0,0
0,0,0
0,0,0
0,0,0
0,0,0
0,0,0
0,0,0
0,0,0
0,0,0
0,0,0
0,0,0
0,0,0
0,0,0
0,0,0
0,0,0
0,0,0
0,0,0
0,0,0
0,0,0
0,0,0
0,0,0
0,0,0
0,0,0
0,0,0
0,0,0
0,0,0
0,0,0
0,0,0
0,0,0
0,0,0
0,0,0
0,0,0
0,0,0
0,0,0
0,0,0
0,0,0
0,0,0
0,0,0
0,0,0
0,0,0
0,0,0
0,0,0
0,0,0
0,0,0
0,0,0
0,0,0
0,0,0
0,0,0
0,0,0
0,0,0
0,0,0
0,0,0
0,0,0
0,0,0
0,0,0
0,0,0
0,0,0
0,0,0
0,0,0
0,0,0
0,0,0
0,0,0
0,0,0
0,0,0
0,0,0
0,0,0
0,0,0
0,0,0
0,0,0
0,0,0
0,0,0
0,0,0
0,0,0
0,0,0
0,0,0
0,0,0
0,0,0
0,0,0
0,0,0
61.8404,-32.0897,4.38187
61.7157,-32.5071,4.38704
0,0,0
0,0,0
0,0,0
0,0,0
0,0,0
0,0,0
0,0,0
0,0,0
0,0,0
0,0,0
0,0,0
0,0,0
0,0,0
0,0,0
0,0,0
0,0,0
0,0,0
0,0,0
0,0,0
0,0,0
0,0,0
0,0,0
0,0,0
0,0,0
0,0,0
0,0,0
0,0,0
0,0,0
0,0,0
0,0,0
0,0,0
0,0,0
0,0,0
0,0,0
0,0,0
0,0,0
0,0,0
0,0,0
0,0,0
0,0,0
0,0,0
0,0,0
0,0,0
48.1535,-45.2913,4.15951
47.9007,-45.6107,4.16175
56.5531,-54.5151,4.93587
0,0,0
0,0,0
0,0,0
0,0,0
0,0,0
0,0,0
0,0,0
0,0,0
0,0,0
0,0,0
0,0,0
0,0,0
0,0,0
0,0,0
0,0,0
0,0,0
0,0,0
0,0,0
0,0,0
0,0,0
0,0,0
0,0,0
0,0,0
0,0,0
0,0,0
0,0,0
0,0,0
0,0,0
0,0,0
0,0,0
0,0,0
0,0,0
0,0,0
0,0,0
0,0,0
0,0,0
0,0,0
0,0,0
0,0,0
0,0,0
0,0,0
0,0,0
0,0,0
9.21566,-15.5931,1.16523
9.03689,-15.5071,1.15496
8.92666,-15.5363,1.15309
8.82673,-15.583,1.15253
8.75382,-15.6778,1.15546
8.72531,-15.8545,1.16424
8.69067,-16.0235,1.17246
31.8297,-59.5578,4.24831
31.3642,-59.563,4.23498
0,0,0
30.6631,-60.0065,4.2394
0,0,0
0,0,0
0,0,0
0,0,0
0,0,0
0,0,0
0,0,0
0,0,0
0,0,0
0,0,0
0,0,0
0,0,0
0,0,0
0,0,0
0,0,0
0,0,0
0,0,0
0,0,0
0,0,0
0,0,0
0,0,0
0,0,0
5.46855,-15.8981,1.0841
0,0,0
5.29402,-16.0275,1.08827
5.20479,-16.0882,1.09014
5.0879,-16.0627,1.0864
4.98392,-16.0765,1.08528
0,0,0
0,0,0
0,0,0
0,0,0
0,0,0
0,0,0
0,0,0
0,0,0
0,0,0
0,0,0
0,0,0
0,0,0
0,0,0
0,0,0
0,0,0
0,0,0
0,0,0
0,0,0
0,0,0
0,0,0
0,0,0
0,0,0
0,0,0
0,0,0
0,0,0
0,0,0
0,0,0
0,0,0
0,0,0
0,0,0
0,0,0
0,0,0
0,0,0
0,0,0
0,0,0
0,0,0
0,0,0
0,0,0
0,0,0
0,0,0
0,0,0
0,0,0
0,0,0
0,0,0
0,0,0
0,0,0
0,0,0
0,0,0
0,0,0
0,0,0
0,0,0
0,0,0
0,0,0
0,0,0
0,0,0
0,0,0
0,0,0
0,0,0
0,0,0
0,0,0
0,0,0
0,0,0
0,0,0
0,0,0
0,0,0
0,0,0
0,0,0
0,0,0
0,0,0
0,0,0
0,0,0
0,0,0
0,0,0
0,0,0
0,0,0
0,0,0
0,0,0
0,0,0
0,0,0
0,0,0
0,0,0
0,0,0
0,0,0
0,0,0
0,0,0
0,0,0
0,0,0
0,0,0
0,0,0
0,0,0
0,0,0
0,0,0
0,0,0
0,0,0
0,0,0
0,0,0
0,0,0
0,0,0
0,0,0
0,0,0
0,0,0
0,0,0
0,0,0
0,0,0
0,0,0
0,0,0
0,0,0
0,0,0
0,0,0
0,0,0
0,0,0
0,0,0
0,0,0
0,0,0
0,0,0
0,0,0
0,0,0
0,0,0
0,0,0
0,0,0
0,0,0
0,0,0
0,0,0
0,0,0
0,0,0
0,0,0
0,0,0
0,0,0
0,0,0
0,0,0
0,0,0
0,0,0
0,0,0
0,0,0
0,0,0
0,0,0
0,0,0
0,0,0
0,0,0
0,0,0
0,0,0
0,0,0
0,0,0
0,0,0
0,0,0
0,0,0
0,0,0
0,0,0
0,0,0
0,0,0
0,0,0
0,0,0
0,0,0
0,0,0
0,0,0
0,0,0
0,0,0
0,0,0
0,0,0
0,0,0
0,0,0
0,0,0
0,0,0
0,0,0
0,0,0
0,0,0
0,0,0
0,0,0
0,0,0
0,0,0
0,0,0
0,0,0
0,0,0
0,0,0
0,0,0
0,0,0
0,0,0
0,0,0
0,0,0
0,0,0
0,0,0
0,0,0
0,0,0
0,0,0
0,0,0
0,0,0
0,0,0
0,0,0
0,0,0
0,0,0
0,0,0
0,0,0
0,0,0
0,0,0
0,0,0
0,0,0
0,0,0
0,0,0
0,0,0
0,0,0
0,0,0
0,0,0
0,0,0
0,0,0
0,0,0
0,0,0
0,0,0
0,0,0
0,0,0
0,0,0
0,0,0
0,0,0
0,0,0
0,0,0
0,0,0
0,0,0
0,0,0
0,0,0
0,0,0
0,0,0
0,0,0
0,0,0
0,0,0
0,0,0
0,0,0
0,0,0
0,0,0
0,0,0
0,0,0
0,0,0
0,0,0
0,0,0
0,0,0
0,0,0
0,0,0
0,0,0
0,0,0
0,0,0
0,0,0
0,0,0
0,0,0
0,0,0
0,0,0
0,0,0
0,0,0
0,0,0
0,0,0
0,0,0
0,0,0
0,0,0
0,0,0
0,0,0
0,0,0
0,0,0
0,0,0
0,0,0
0,0,0
0,0,0
0,0,0
0,0,0
0,0,0
0,0,0
0,0,0
0,0,0
0,0,0
0,0,0
0,0,0
0,0,0
0,0,0
0,0,0
0,0,0
0,0,0
0,0,0
0,0,0
0,0,0
0,0,0
0,0,0
0,0,0
0,0,0
0,0,0
0,0,0
0,0,0
0,0,0
0,0,0
0,0,0
0,0,0
0,0,0
0,0,0
0,0,0
0,0,0
0,0,0
0,0,0
0,0,0
0,0,0
0,0,0
0,0,0
0,0,0
0,0,0
0,0,0
0,0,0
0,0,0
0,0,0
0,0,0
0,0,0
0,0,0
0,0,0
0,0,0
0,0,0
0,0,0
0,0,0
0,0,0
0,0,0
0,0,0
0,0,0
0,0,0
0,0,0
0,0,0
0,0,0
0,0,0
0,0,0
0,0,0
0,0,0
0,0,0
0,0,0
0,0,0
0,0,0
0,0,0
0,0,0
0,0,0
0,0,0
0,0,0
0,0,0
0,0,0
0,0,0
0,0,0
0,0,0
0,0,0
0,0,0
0,0,0
0,0,0
0,0,0
0,0,0
0,0,0
0,0,0
0,0,0
0,0,0
0,0,0
0,0,0
0,0,0
0,0,0
0,0,0
0,0,0
0,0,0
0,0,0
0,0,0
0,0,0
0,0,0
0,0,0
0,0,0
0,0,0
0,0,0
0,0,0
0,0,0
0,0,0
0,0,0
0,0,0
0,0,0
0,0,0
0,0,0
0,0,0
0,0,0
0,0,0
0,0,0
0,0,0
0,0,0
0,0,0
0,0,0
0,0,0
0,0,0
0,0,0
0,0,0
0,0,0
0,0,0
0,0,0
0,0,0
0,0,0
0,0,0
0,0,0
0,0,0
0,0,0
0,0,0
0,0,0
0,0,0
0,0,0
0,0,0
0,0,0
0,0,0
0,0,0
0,0,0
0,0,0
0,0,0
0,0,0
0,0,0
0,0,0
0,0,0
0,0,0
0,0,0
0,0,0
0,0,0
0,0,0
0,0,0
0,0,0
0,0,0
0,0,0
0,0,0
0,0,0
0,0,0
0,0,0
0,0,0
0,0,0
0,0,0
0,0,0
0,0,0
0,0,0
0,0,0
0,0,0
0,0,0
0,0,0
0,0,0
0,0,0
0,0,0
0,0,0
0,0,0
0,0,0
0,0,0
0,0,0
0,0,0
0,0,0
0,0,0
0,0,0
0,0,0
0,0,0
0,0,0
0,0,0
0,0,0
0,0,0
0,0,0
0,0,0
0,0,0
0,0,0
0,0,0
0,0,0
0,0,0
0,0,0
0,0,0
0,0,0
0,0,0
0,0,0
0,0,0
0,0,0
0,0,0
0,0,0
0,0,0
0,0,0
0,0,0
0,0,0
0,0,0
0,0,0
0,0,0
0,0,0
0,0,0
0,0,0
0,0,0
0,0,0
0,0,0
0,0,0
0,0,0
0,0,0
0,0,0
0,0,0
0,0,0
0,0,0
0,0,0
0,0,0
0,0,0
0,0,0
0,0,0
0,0,0
0,0,0
0,0,0
0,0,0
0,0,0
0,0,0
0,0,0
0,0,0
0,0,0
0,0,0
0,0,0
0,0,0
0,0,0
0,0,0
0,0,0
0,0,0
0,0,0
0,0,0
0,0,0
0,0,0
0,0,0
0,0,0
0,0,0
0,0,0
0,0,0
0,0,0
0,0,0
0,0,0
0,0,0
0,0,0
0,0,0
0,0,0
0,0,0
0,0,0
0,0,0
0,0,0
0,0,0
0,0,0
0,0,0
0,0,0
0,0,0
0,0,0
0,0,0
0,0,0
0,0,0
0,0,0
0,0,0
0,0,0
0,0,0
0,0,0
0,0,0
0,0,0
0,0,0
0,0,0
0,0,0
0,0,0
0,0,0
0,0,0
0,0,0
0,0,0
0,0,0
0,0,0
0,0,0
0,0,0
0,0,0
0,0,0
0,0,0
0,0,0
0,0,0
0,0,0
0,0,0
0,0,0
0,0,0
0,0,0
0,0,0
0,0,0
0,0,0
0,0,0
0,0,0
0,0,0
0,0,0
0,0,0
0,0,0
0,0,0
0,0,0
0,0,0
0,0,0
0,0,0
0,0,0
0,0,0
0,0,0
0,0,0
0,0,0
0,0,0
0,0,0
0,0,0
0,0,0
0,0,0
0,0,0
0,0,0
0,0,0
0,0,0
0,0,0
0,0,0
0,0,0
0,0,0
0,0,0
0,0,0
0,0,0
0,0,0
0,0,0
0,0,0
0,0,0
0,0,0
0,0,0
0,0,0
0,0,0
0,0,0
0,0,0
0,0,0
0,0,0
0,0,0
0,0,0
0,0,0
0,0,0
0,0,0
0,0,0
0,0,0
8.93508,36.6491,1.90674
9.14766,36.5452,1.90426
9.35955,36.4409,1.90183
9.57382,36.3481,1.90005
9.79354,36.2771,1.89946
10.0199,36.2307,1.9002
10.2527,36.206,1.90213
10.4835,36.1731,1.90372
0,0,0
0,0,0
0,0,0
11.3796,35.9412,1.9056
11.6042,35.884,1.90629
11.8182,35.7941,1.90535
12.0357,35.7152,1.90506
0,0,0
12.4724,35.5629,1.90496
12.6927,35.4923,1.9053
12.912,35.4184,1.90555
13.1291,35.3386,1.90555
11.7671,31.0866,1.68432
11.8911,30.8414,1.67516
12.0447,30.6776,1.67035
12.1812,30.4742,1.66346
12.4542,30.6108,1.67481
12.6467,30.5458,1.67545
12.6052,29.9245,1.64622
12.3728,28.8762,1.59385
0,0,0
13.0725,29.5039,1.63626
13.2685,29.4568,1.6381
0,0,0
13.1373,28.235,1.58027
13.715,29.0099,1.62724
13.8123,28.7577,1.61803
16.6435,34.1149,1.91843
13.5762,27.3993,1.55233
13.7427,27.3128,1.55218
13.916,27.2396,1.55282
14.4065,27.7779,1.58771
14.4469,27.4424,1.57388
14.5435,27.2193,1.56635
14.7297,27.1656,1.56838
14.873,27.0327,1.566
18.6685,33.4443,1.93548
18.8975,33.3717,1.9379
19.0751,33.2083,1.93523
19.3649,33.2391,1.94375
19.6056,33.1824,1.94737
19.8294,33.0958,1.94935
20.057,33.0145,1.95173
20.2785,32.9222,1.95356
20.4971,32.8243,1.95515
20.7077,32.7131,1.95604
19.0673,29.7164,1.78693
19.1638,29.4674,1.77916
19.3398,29.3425,1.77876
19.0125,28.4642,1.73347
19.0748,28.1816,1.72356
19.8049,28.877,1.77247
20.0359,28.8328,1.77717
18.928,26.8849,1.66649
19.0955,26.7723,1.66673
19.1559,26.5113,1.65796
19.3772,26.4739,1.66292
19.594,26.4283,1.66748
19.8553,26.4401,1.6757
20.0196,26.321,1.6759
20.2337,26.2665,1.68021
20.33,26.0592,1.67501
20.4703,25.9096,1.67347
20.7406,25.9232,1.68234
21.2822,26.268,1.71252
21.5519,26.2698,1.72104
22.0394,26.5304,1.74641
22.1324,26.3121,1.74105
22.2798,26.1598,1.74001
26.6226,30.8735,2.05776
26.8871,30.7961,2.06346
27.1371,30.7001,2.06806
27.3815,30.5963,2.07228
27.6271,30.4921,2.07659
27.8609,30.3735,2.08006
28.0991,30.2584,2.08387
6.44642,6.85561,0.502229
6.45531,6.7812,0.499851
6.41364,6.65515,0.493905
6.41391,6.5742,0.491032
6.68711,6.77068,0.507481
6.78854,6.78956,0.511693
6.84713,6.76463,0.512882
6.89065,6.72458,0.51303
6.8872,6.63919,0.509959
26.3355,25.0817,1.83955
26.4954,24.9258,1.84
26.6925,24.8042,1.84302
28.3025,25.9786,1.94122
27.4248,24.8646,1.87181
27.6468,24.7585,1.87647
28.0188,24.7836,1.89108
28.3088,24.7321,1.9002
27.9299,24.1005,1.86547
28.0089,23.8704,1.86101
27.9164,23.4974,1.84555
27.3035,22.6968,1.79675
27.8846,22.892,1.82514
28.0152,22.7129,1.82454
28.0621,22.4669,1.81869
35.3791,27.9709,2.27274
35.6438,27.8265,2.27864
35.9475,27.7103,2.28701
36.2321,27.5769,2.2942
36.534,27.4543,2.30247
33.8519,25.1151,2.12643
34.0126,24.9122,2.12688
37.4823,27.102,2.32997
35.627,25.4289,2.2068
34.5364,24.332,2.13119
33.8462,23.5363,2.0805
33.8113,23.2055,2.06975
35.0322,23.7286,2.13441
35.0833,23.4505,2.12881
34.6096,22.8278,2.09214
34.8009,22.6488,2.09522
35.0871,22.5298,2.10394
34.9319,22.1286,2.08674
35.2026,21.9986,2.09467
35.0376,21.5977,2.07723
35.2804,21.4497,2.08367
35.324,21.1805,2.07862
36.6655,21.6801,2.14848
36.7831,21.4462,2.14764
36.927,21.2275,2.14838
38.7162,21.9412,2.24302
38.9173,21.7407,2.24683
39.2013,21.5849,2.2554
0,0,0
0,0,0
0,0,0
0,0,0
0,0,0
0,0,0
0,0,0
0,0,0
0,0,0
0,0,0
0,0,0
0,0,0
0,0,0
0,0,0
68.7673,29.9937,3.75717
68.9124,29.5551,3.75514
69.062,29.1189,3.75351
0,0,0
69.7351,28.3999,3.7707
0,0,0
0,0,0
0,0,0
0,0,0
0,0,0
0,0,0
0,0,0
0,0,0
0,0,0
0,0,0
0,0,0
0,0,0
0,0,0
0,0,0
0,0,0
37.9133,11.2542,1.99731
37.855,10.9846,1.99077
37.6526,10.6758,1.9769
0,0,0
0,0,0
0,0,0
0,0,0
0,0,0
0,0,0
0,0,0
0,0,0
0,0,0
0,0,0
0,0,0
0,0,0
0,0,0
0,0,0
0,0,0
0,0,0
0,0,0
0,0,0
0,0,0
74.6273,11.5522,3.7816
74.8489,11.1166,3.78923
74.2532,10.5629,3.75603
73.7139,10.0251,3.72586
74.609,9.68098,3.76763
73.7015,9.10373,3.71937
74.1716,8.7001,3.74013
0,0,0
0,0,0
0,0,0
0,0,0
0,0,0
0,0,0
0,0,0
0,0,0
0,0,0
0,0,0
0,0,0
0,0,0
0,0,0
0,0,0
0,0,0
0,0,0
0,0,0
0,0,0
0,0,0
0,0,0
0,0,0
0,0,0
0,0,0
0,0,0
0,0,0
0,0,0
0,0,0
0,0,0
0,0,0
0,0,0
0,0,0
0,0,0
0,0,0
0,0,0
0,0,0
0,0,0
0,0,0
0,0,0
0,0,0
0,0,0
0,0,0
0,0,0
0,0,0
0,0,0
0,0,0
0,0,0
0,0,0
0,0,0
0,0,0
0,0,0
0,0,0
0,0,0
0,0,0
0,0,0
0,0,0
0,0,0
0,0,0
0,0,0
0,0,0
0,0,0
0,0,0
66.0611,-17.8332,3.42987
65.5365,-18.1238,3.40856
65.3943,-18.5171,3.40702
65.1912,-18.8924,3.40247
65.1162,-19.3046,3.40465
65.0844,-19.7304,3.4092
0,0,0
0,0,0
0,0,0
0,0,0
0,0,0
0,0,0
0,0,0
0,0,0
0,0,0
0,0,0
0,0,0
63.3122,-24.4092,3.40152
63.0338,-24.7472,3.39474
62.8752,-25.1313,3.39444
62.6347,-25.482,3.38988
62.492,-25.8719,3.39067
62.599,-26.3673,3.40504
0,0,0
0,0,0
0,0,0
48.3523,-21.7789,2.66615
48.3367,-22.1296,2.67264
48.0705,-22.3656,2.66555
0,0,0
0,0,0
0,0,0
0,0,0
0,0,0
0,0,0
60.9852,-31.6274,3.44339
60.8306,-32.0224,3.44567
60.8902,-32.5325,3.46014
60.7395,-32.9326,3.46296
0,0,0
0,0,0
0,0,0
0,0,0
0,0,0
0,0,0
0,0,0
0,0,0
0,0,0
0,0,0
0,0,0
0,0,0
0,0,0
0,0,0
0,0,0
0,0,0
0,0,0
0,0,0
0,0,0
0,0,0
0,0,0
0,0,0
0,0,0
0,0,0
0,0,0
0,0,0
0,0,0
44.0707,-34.8177,2.82163
0,0,0
0,0,0
0,0,0
0,0,0
0,0,0
0,0,0
0,0,0
0,0,0
0,0,0
0,0,0
0,0,0
0,0,0
0,0,0
0,0,0
0,0,0
0,0,0
0,0,0
0,0,0
0,0,0
0,0,0
0,0,0
0,0,0
0,0,0
0,0,0
0,0,0
0,0,0
0,0,0
0,0,0
0,0,0
0,0,0
0,0,0
0,0,0
0,0,0
0,0,0
0,0,0
0,0,0
0,0,0
0,0,0
0,0,0
0,0,0
0,0,0
0,0,0
0,0,0
0,0,0
0,0,0
0,0,0
0,0,0
0,0,0
0,0,0
0,0,0
0,0,0
0,0,0
0,0,0
0,0,0
0,0,0
0,0,0
0,0,0
0,0,0
0,0,0
9.24478,-15.6361,0.936509
9.04503,-15.5148,0.926302
8.92428,-15.5259,0.923776
8.82687,-15.5768,0.923577
8.75256,-15.6691,0.925757
8.69817,-15.7986,0.930068
8.68682,-16.0097,0.938987
31.8572,-59.575,3.38681
0,0,0
31.3221,-60.3436,3.40816
0,0,0
0,0,0
0,0,0
0,0,0
0,0,0
0,0,0
0,0,0
0,0,0
0,0,0
0,0,0
0,0,0
0,0,0
0,0,0
0,0,0
0,0,0
0,0,0
0,0,0
0,0,0
0,0,0
0,0,0
0,0,0
0,0,0
0,0,0
0,0,0
0,0,0
0,0,0
0,0,0
0,0,0
0,0,0
0,0,0
0,0,0
0,0,0
0,0,0
0,0,0
0,0,0
0,0,0
0,0,0
0,0,0
0,0,0
0,0,0
0,0,0
0,0,0
0,0,0
0,0,0
0,0,0
0,0,0
0,0,0
0,0,0
0,0,0
0,0,0
0,0,0
0,0,0
0,0,0
0,0,0
0,0,0
0,0,0
0,0,0
0,0,0
0,0,0
0,0,0
0,0,0
0,0,0
0,0,0
0,0,0
0,0,0
0,0,0
0,0,0
0,0,0
0,0,0
0,0,0
0,0,0
0,0,0
0,0,0
0,0,0
0,0,0
0,0,0
0,0,0
0,0,0
0,0,0
0,0,0
0,0,0
0,0,0
0,0,0
0,0,0
0,0,0
0,0,0
0,0,0
0,0,0
0,0,0
0,0,0
0,0,0
0,0,0
0,0,0
0,0,0
0,0,0
0,0,0
0,0,0
0,0,0
0,0,0
0,0,0
0,0,0
0,0,0
0,0,0
0,0,0
0,0,0
0,0,0
0,0,0
0,0,0
0,0,0
0,0,0
0,0,0
0,0,0
0,0,0
0,0,0
0,0,0
0,0,0
0,0,0
0,0,0
0,0,0
0,0,0
0,0,0
0,0,0
0,0,0
0,0,0
0,0,0
0,0,0
0,0,0
0,0,0
0,0,0
0,0,0
0,0,0
0,0,0
0,0,0
0,0,0
0,0,0
0,0,0
0,0,0
0,0,0
0,0,0
0,0,0
0,0,0
0,0,0
0,0,0
0,0,0
0,0,0
0,0,0
0,0,0
0,0,0
0,0,0
0,0,0
0,0,0
0,0,0
0,0,0
0,0,0
0,0,0
0,0,0
0,0,0
0,0,0
0,0,0
0,0,0
0,0,0
0,0,0
0,0,0
0,0,0
0,0,0
0,0,0
0,0,0
0,0,0
0,0,0
0,0,0
0,0,0
0,0,0
0,0,0
0,0,0
0,0,0
0,0,0
0,0,0
0,0,0
0,0,0
0,0,0
0,0,0
0,0,0
0,0,0
0,0,0
0,0,0
0,0,0
0,0,0
0,0,0
0,0,0
0,0,0
0,0,0
0,0,0
0,0,0
0,0,0
0,0,0
0,0,0
0,0,0
0,0,0
0,0,0
0,0,0
0,0,0
0,0,0
0,0,0
0,0,0
0,0,0
0,0,0
0,0,0
0,0,0
0,0,0
0,0,0
0,0,0
0,0,0
0,0,0
0,0,0
0,0,0
0,0,0
0,0,0
0,0,0
0,0,0
0,0,0
0,0,0
0,0,0
0,0,0
0,0,0
0,0,0
0,0,0
0,0,0
0,0,0
0,0,0
0,0,0
0,0,0
0,0,0
0,0,0
0,0,0
0,0,0
0,0,0
0,0,0
0,0,0
0,0,0
0,0,0
0,0,0
0,0,0
0,0,0
0,0,0
0,0,0
0,0,0
0,0,0
0,0,0
0,0,0
0,0,0
0,0,0
0,0,0
0,0,0
0,0,0
0,0,0
0,0,0
0,0,0
0,0,0
0,0,0
0,0,0
0,0,0
0,0,0
0,0,0
0,0,0
0,0,0
0,0,0
0,0,0
0,0,0
0,0,0
0,0,0
0,0,0
0,0,0
0,0,0
0,0,0
0,0,0
0,0,0
0,0,0
0,0,0
0,0,0
0,0,0
0,0,0
0,0,0
0,0,0
0,0,0
0,0,0
0,0,0
0,0,0
0,0,0
0,0,0
0,0,0
0,0,0
0,0,0
0,0,0
0,0,0
0,0,0
0,0,0
0,0,0
0,0,0
0,0,0
0,0,0
0,0,0
0,0,0
0,0,0
0,0,0
0,0,0
0,0,0
0,0,0
0,0,0
0,0,0
0,0,0
0,0,0
0,0,0
0,0,0
0,0,0
0,0,0
0,0,0
0,0,0
0,0,0
0,0,0
0,0,0
0,0,0
0,0,0
0,0,0
0,0,0
0,0,0
0,0,0
0,0,0
0,0,0
0,0,0
0,0,0
0,0,0
0,0,0
0,0,0
0,0,0
0,0,0
0,0,0
0,0,0
0,0,0
0,0,0
0,0,0
0,0,0
0,0,0
0,0,0
0,0,0
0,0,0
0,0,0
0,0,0
0,0,0
0,0,0
0,0,0
0,0,0
0,0,0
0,0,0
0,0,0
0,0,0
0,0,0
0,0,0
0,0,0
0,0,0
0,0,0
0,0,0
0,0,0
0,0,0
0,0,0
0,0,0
0,0,0
0,0,0
0,0,0
0,0,0
0,0,0
0,0,0
0,0,0
0,0,0
0,0,0
0,0,0
0,0,0
0,0,0
0,0,0
0,0,0
0,0,0
0,0,0
0,0,0
0,0,0
0,0,0
0,0,0
0,0,0
0,0,0
0,0,0
0,0,0
0,0,0
0,0,0
0,0,0
0,0,0
0,0,0
0,0,0
0,0,0
0,0,0
0,0,0
0,0,0
0,0,0
0,0,0
0,0,0
0,0,0
0,0,0
0,0,0
0,0,0
0,0,0
0,0,0
0,0,0
0,0,0
0,0,0
0,0,0
0,0,0
0,0,0
0,0,0
0,0,0
0,0,0
0,0,0
0,0,0
0,0,0
0,0,0
0,0,0
0,0,0
0,0,0
0,0,0
0,0,0
0,0,0
0,0,0
0,0,0
0,0,0
0,0,0
0,0,0
0,0,0
0,0,0
0,0,0
0,0,0
0,0,0
0,0,0
0,0,0
0,0,0
0,0,0
0,0,0
0,0,0
0,0,0
0,0,0
0,0,0
0,0,0
0,0,0
0,0,0
0,0,0
0,0,0
0,0,0
0,0,0
0,0,0
0,0,0
0,0,0
0,0,0
0,0,0
0,0,0
0,0,0
0,0,0
0,0,0
0,0,0
0,0,0
0,0,0
0,0,0
0,0,0
0,0,0
0,0,0
0,0,0
0,0,0
0,0,0
0,0,0
0,0,0
0,0,0
0,0,0
0,0,0
0,0,0
0,0,0
0,0,0
0,0,0
0,0,0
0,0,0
0,0,0
0,0,0
0,0,0
0,0,0
0,0,0
0,0,0
0,0,0
0,0,0
0,0,0
0,0,0
0,0,0
0,0,0
0,0,0
0,0,0
0,0,0
0,0,0
0,0,0
0,0,0
0,0,0
0,0,0
0,0,0
0,0,0
0,0,0
0,0,0
0,0,0
0,0,0
0,0,0
0,0,0
0,0,0
0,0,0
0,0,0
0,0,0
0,0,0
0,0,0
0,0,0
0,0,0
0,0,0
0,0,0
0,0,0
0,0,0
0,0,0
0,0,0
0,0,0
0,0,0
0,0,0
0,0,0
0,0,0
0,0,0
0,0,0
0,0,0
0,0,0
0,0,0
0,0,0
0,0,0
0,0,0
0,0,0
0,0,0
0,0,0
0,0,0
0,0,0
0,0,0
0,0,0
0,0,0
0,0,0
0,0,0
0,0,0
0,0,0
0,0,0
0,0,0
0,0,0
0,0,0
0,0,0
0,0,0
0,0,0
0,0,0
0,0,0
0,0,0
0,0,0
0,0,0
0,0,0
0,0,0
0,0,0
0,0,0
0,0,0
0,0,0
0,0,0
0,0,0
0,0,0
0,0,0
0,0,0
0,0,0
0,0,0
0,0,0
0,0,0
0,0,0
0,0,0
0,0,0
0,0,0
0,0,0
0,0,0
0,0,0
0,0,0
0,0,0
0,0,0
0,0,0
0,0,0
0,0,0
0,0,0
0,0,0
0,0,0
0,0,0
0,0,0
0,0,0
0,0,0
0,0,0
0,0,0
0,0,0
0,0,0
0,0,0
0,0,0
0,0,0
0,0,0
0,0,0
0,0,0
7.8464,37.0534,1.46412
0,0,0
0,0,0
8.51856,36.8657,1.46269
8.73536,36.7739,1.46118
0,0,0
9.16995,36.5999,1.45869
9.38489,36.5062,1.45726
0,0,0
9.82722,36.3699,1.45654
10.0494,36.3061,1.45643
10.2796,36.2706,1.45748
10.5056,36.2194,1.45797
10.7288,36.1581,1.45812
10.9513,36.0944,1.45824
11.1705,36.0199,1.45797
0,0,0
11.607,35.8658,1.45741
11.8222,35.7797,1.45684
12.0415,35.7065,1.45684
12.2604,35.6319,1.45684
12.4778,35.5532,1.45673
12.6967,35.4788,1.45684
11.3394,31.0837,1.28354
11.5286,31.0098,1.28339
11.6627,30.7908,1.27744
11.8597,30.7402,1.27831
0,0,0
12.1484,30.3733,1.26941
12.3146,30.2492,1.26741
12.2954,29.6791,1.24725
12.4714,29.5893,1.24668
12.2739,28.6287,1.21043
12.4629,28.584,1.21171
12.6377,28.5061,1.21167
13.3609,29.6451,1.26202
14.0595,30.6909,1.30883
12.9283,27.7704,1.19094
13.0407,27.5686,1.18585
13.2239,27.5178,1.18709
13.4088,27.4693,1.18849
14.2597,28.7635,1.24646
13.8149,27.4419,1.19437
13.8962,27.1867,1.18717
14.4107,27.7715,1.21566
14.3312,27.2086,1.19546
14.4941,27.1132,1.19516
14.6631,27.029,1.19539
15.2802,27.7588,1.2307
15.4444,27.654,1.23025
15.5817,27.5022,1.2278
15.7487,27.4035,1.22769
19.3723,33.2348,1.48651
19.6058,33.1661,1.48873
19.8439,33.1034,1.49129
20.07,33.0195,1.49299
20.2974,32.9365,1.4948
18.9689,30.3621,1.38587
19.1495,30.2367,1.3855
20.9936,32.7028,1.50132
19.2139,29.5304,1.36439
19.4113,29.437,1.36552
19.556,29.2642,1.36311
19.8108,29.2553,1.3682
19.3454,28.1939,1.32523
19.3481,27.8301,1.314
18.9309,26.8768,1.27552
18.8453,26.4095,1.25927
19.021,26.3128,1.26018
19.2235,26.2521,1.26281
19.4014,26.1569,1.26391
19.7975,26.3513,1.27872
19.9546,26.2238,1.27846
20.0718,26.0447,1.27578
20.1291,25.7903,1.26952
20.2622,25.6349,1.26802
20.4091,25.4976,1.26741
20.5639,25.3704,1.26734
21.882,26.6603,1.33646
22.0292,26.5063,1.33552
26.1298,31.0507,1.56622
26.3574,30.9339,1.56841
22.2385,25.7778,1.31965
22.3706,25.6115,1.31818
27.1368,30.686,1.58062
27.3766,30.577,1.58356
27.653,30.5069,1.58857
27.9004,30.4029,1.59196
28.1218,30.2692,1.59392
6.36828,6.77122,0.386178
6.44899,6.77326,0.388327
6.60139,6.84868,0.394357
6.64818,6.81305,0.394621
6.70601,6.78848,0.395488
6.7857,6.78536,0.397523
6.85493,6.77098,0.398993
6.91065,6.74275,0.399747
6.93175,6.6808,0.398692
6.95813,6.62436,0.397938
26.1703,24.6091,1.39051
26.5244,24.6372,1.40099
26.7722,24.5631,1.40596
27.5163,24.9366,1.43619
28.1498,25.1978,1.46054
26.5318,23.4579,1.37132
26.6655,23.2861,1.37083
27.0719,23.3498,1.38399
28.7582,24.4981,1.46046
28.7841,24.2169,1.45436
28.8645,23.9837,1.45104
0,0,0
27.7467,22.4851,1.38259
30.1835,24.1545,1.49367
30.3005,23.9447,1.4922
30.4107,23.73,1.49046
30.5122,23.5094,1.48839
36.3622,27.6628,1.75882
36.6103,27.4986,1.76255
36.8715,27.3425,1.76692
35.2768,25.826,1.68457
33.8034,24.4302,1.60866
34.7963,24.8241,1.64774
34.8041,24.5089,1.64111
34.0397,23.6595,1.59912
34.0211,23.3383,1.59166
34.685,23.482,1.61541
34.0582,22.7542,1.58047
34.2097,22.553,1.58103
34.3365,22.3356,1.58054
34.4981,22.1407,1.58167
35.5182,22.4888,1.62117
36.7598,22.9602,1.67028
35.1006,21.6257,1.59057
35.2198,21.4021,1.59
37.3777,22.4004,1.67914
42.7286,25.2522,1.90758
43.4647,25.3286,1.93298
38.8659,22.3304,1.72622
44.1348,24.9987,1.9487
44.5736,24.8872,1.96106
44.9259,24.7236,1.96969
45.3456,24.5932,1.98123
45.753,24.4521,1.99223
46.2178,24.3371,2.00569
46.557,24.152,2.01379
46.9792,24.0063,2.02544
47.2381,23.7742,2.03019
47.4431,23.5137,2.03271
48.3507,23.5951,2.06479
48.7567,23.4239,2.07575
49.1678,23.2511,2.08695
49.6801,23.1215,2.10236
50.2681,23.0209,2.12091
50.4594,22.735,2.12302
51.2374,22.7084,2.1494
51.6167,22.4986,2.15931
51.9403,22.2614,2.16696
52.2094,21.9985,2.17243
53.2814,22.0662,2.21072
53.7111,21.859,2.22275
54.1458,21.6496,2.23499
0,0,0
55.1775,21.2806,2.26613
55.7677,21.1161,2.28471
56.3721,20.9503,2.30385
56.6958,20.6756,2.31173
56.8997,20.3552,2.31486
0,0,0
0,0,0
0,0,0
0,0,0
0,0,0
61.0866,19.3481,2.45239
0,0,0
0,0,0
37.786,11.2072,1.52212
0,0,0
0,0,0
0,0,0
0,0,0
0,0,0
0,0,0
0,0,0
0,0,0
0,0,0
0,0,0
0,0,0
0,0,0
0,0,0
0,0,0
0,0,0
0,0,0
0,0,0
0,0,0
0,0,0
0,0,0
0,0,0
0,0,0
0,0,0
73.9094,10.4958,2.85119
73.5644,9.98674,2.83566
73.332,9.49731,2.82454
74.9777,9.24303,2.88492
74.9794,8.77653,2.88289
75.0368,8.31685,2.88308
0,0,0
0,0,0
0,0,0
19.4034,1.67003,0.770128
0,0,0
0,0,0
0,0,0
0,0,0
0,0,0
0,0,0
0,0,0
0,0,0
0,0,0
0,0,0
0,0,0
0,0,0
0,0,0
0,0,0
24.7719,-0.153233,0.969924
0,0,0
0,0,0
0,0,0
0,0,0
0,0,0
0,0,0
0,0,0
0,0,0
0,0,0
0,0,0
0,0,0
0,0,0
0,0,0
0,0,0
0,0,0
0,0,0
0,0,0
0,0,0
0,0,0
0,0,0
0,0,0
0,0,0
0,0,0
0,0,0
0,0,0
0,0,0
0,0,0
0,0,0
0,0,0
0,0,0
0,0,0
96.3425,-19.7852,3.74517
0,0,0
0,0,0
0,0,0
0,0,0
0,0,0
0,0,0
0,0,0
63.5315,-16.3328,2.50972
63.4204,-16.7197,2.50934
63.335,-17.1135,2.51006
63.1489,-17.4797,2.50693
62.9923,-17.8532,2.50505
62.8663,-18.2349,2.50444
62.7407,-18.6166,2.50395
62.6167,-18.9986,2.50361
62.4942,-19.381,2.50342
62.3722,-19.7635,2.50335
0,0,0
0,0,0
0,0,0
0,0,0
0,0,0
0,0,0
0,0,0
0,0,0
0,0,0
0,0,0
0,0,0
0,0,0
0,0,0
0,0,0
0,0,0
0,0,0
0,0,0
0,0,0
0,0,0
0,0,0
0,0,0
0,0,0
0,0,0
0,0,0
0,0,0
0,0,0
0,0,0
0,0,0
0,0,0
0,0,0
0,0,0
0,0,0
0,0,0
0,0,0
0,0,0
0,0,0
0,0,0
0,0,0
0,0,0
0,0,0
0,0,0
0,0,0
0,0,0
0,0,0
0,0,0
0,0,0
0,0,0
0,0,0
0,0,0
0,0,0
0,0,0
0,0,0
0,0,0
0,0,0
0,0,0
0,0,0
0,0,0
0,0,0
101.858,-80.5119,4.93259
101.437,-81.1953,4.93621
0,0,0
0,0,0
0,0,0
0,0,0
0,0,0
0,0,0
0,0,0
0,0,0
0,0,0
0,0,0
0,0,0
0,0,0
0,0,0
0,0,0
0,0,0
0,0,0
0,0,0
0,0,0
0,0,0
0,0,0
0,0,0
0,0,0
0,0,0
0,0,0
0,0,0
0,0,0
0,0,0
0,0,0
0,0,0
0,0,0
0,0,0
0,0,0
0,0,0
0,0,0
0,0,0
0,0,0
0,0,0
0,0,0
0,0,0
0,0,0
0,0,0
0,0,0
0,0,0
0,0,0
0,0,0
0,0,0
0,0,0
0,0,0
0,0,0
0,0,0
0,0,0
0,0,0
0,0,0
0,0,0
96.1205,-153.893,6.87914
0,0,0
0,0,0
0,0,0
9.19955,-15.5659,0.71755
9.0445,-15.5201,0.713103
8.92869,-15.5398,0.711558
8.83465,-15.5969,0.711671
8.76362,-15.6953,0.713593
8.71341,-15.8329,0.717211
8.6785,-16.0011,0.722149
0,0,0
0,0,0
0,0,0
0,0,0
0,0,0
0,0,0
0,0,0
0,0,0
0,0,0
0,0,0
0,0,0
0,0,0
0,0,0
0,0,0
0,0,0
0,0,0
0,0,0
0,0,0
0,0,0
0,0,0
0,0,0
0,0,0
0,0,0
0,0,0
0,0,0
0,0,0
0,0,0
0,0,0
5.30555,-16.0624,0.673604
5.20136,-16.0776,0.672925
5.09567,-16.0873,0.672058
0,0,0
0,0,0
0,0,0
0,0,0
0,0,0
0,0,0
0,0,0
0,0,0
0,0,0
0,0,0
0,0,0
0,0,0
0,0,0
0,0,0
0,0,0
0,0,0
0,0,0
0,0,0
0,0,0
0,0,0
0,0,0
0,0,0
0,0,0
0,0,0
0,0,0
0,0,0
0,0,0
0,0,0
0,0,0
0,0,0
0,0,0
0,0,0
0,0,0
0,0,0
0,0,0
0,0,0
0,0,0
0,0,0
0,0,0
0,0,0
0,0,0
0,0,0
0,0,0
0,0,0
0,0,0
0,0,0
0,0,0
0,0,0
0,0,0
0,0,0
0,0,0
0,0,0
0,0,0
0,0,0
0,0,0
0,0,0
0,0,0
0,0,0
0,0,0
0,0,0
0,0,0
0,0,0
0,0,0
0,0,0
0,0,0
0,0,0
0,0,0
0,0,0
0,0,0
0,0,0
0,0,0
0,0,0
0,0,0
0,0,0
0,0,0
0,0,0
0,0,0
0,0,0
0,0,0
0,0,0
0,0,0
0,0,0
0,0,0
0,0,0
0,0,0
0,0,0
0,0,0
0,0,0
0,0,0
0,0,0
0,0,0
0,0,0
0,0,0
0,0,0
0,0,0
0,0,0
0,0,0
0,0,0
0,0,0
0,0,0
0,0,0
0,0,0
0,0,0
0,0,0
0,0,0
0,0,0
0,0,0
0,0,0
0,0,0
0,0,0
0,0,0
0,0,0
0,0,0
0,0,0
0,0,0
0,0,0
0,0,0
0,0,0
0,0,0
0,0,0
0,0,0
0,0,0
0,0,0
0,0,0
0,0,0
0,0,0
0,0,0
0,0,0
0,0,0
0,0,0
0,0,0
0,0,0
0,0,0
0,0,0
0,0,0
0,0,0
0,0,0
0,0,0
0,0,0
0,0,0
0,0,0
0,0,0
0,0,0
0,0,0
0,0,0
0,0,0
0,0,0
0,0,0
0,0,0
0,0,0
0,0,0
0,0,0
0,0,0
0,0,0
0,0,0
0,0,0
0,0,0
0,0,0
0,0,0
0,0,0
0,0,0
0,0,0
0,0,0
0,0,0
0,0,0
0,0,0
0,0,0
0,0,0
0,0,0
0,0,0
0,0,0
0,0,0
0,0,0
0,0,0
0,0,0
0,0,0
0,0,0
0,0,0
0,0,0
0,0,0
0,0,0
0,0,0
0,0,0
0,0,0
0,0,0
0,0,0
0,0,0
0,0,0
0,0,0
0,0,0
0,0,0
0,0,0
0,0,0
0,0,0
0,0,0
0,0,0
0,0,0
0,0,0
0,0,0
0,0,0
0,0,0
0,0,0
0,0,0
0,0,0
0,0,0
0,0,0
0,0,0
0,0,0
0,0,0
0,0,0
0,0,0
0,0,0
0,0,0
0,0,0
0,0,0
0,0,0
0,0,0
0,0,0
0,0,0
0,0,0
0,0,0
0,0,0
0,0,0
0,0,0
0,0,0
0,0,0
0,0,0
0,0,0
0,0,0
0,0,0
0,0,0
0,0,0
0,0,0
0,0,0
0,0,0
0,0,0
0,0,0
0,0,0
0,0,0
0,0,0
0,0,0
0,0,0
0,0,0
0,0,0
0,0,0
0,0,0
0,0,0
0,0,0
0,0,0
0,0,0
0,0,0
0,0,0
0,0,0
0,0,0
0,0,0
0,0,0
0,0,0
0,0,0
0,0,0
0,0,0
0,0,0
0,0,0
0,0,0
0,0,0
0,0,0
0,0,0
0,0,0
0,0,0
0,0,0
0,0,0
0,0,0
0,0,0
0,0,0
0,0,0
0,0,0
0,0,0
0,0,0
0,0,0
0,0,0
0,0,0
0,0,0
0,0,0
0,0,0
0,0,0
0,0,0
0,0,0
0,0,0
0,0,0
0,0,0
0,0,0
0,0,0
0,0,0
0,0,0
0,0,0
0,0,0
0,0,0
0,0,0
0,0,0
0,0,0
0,0,0
0,0,0
0,0,0
0,0,0
0,0,0
0,0,0
0,0,0
0,0,0
0,0,0
0,0,0
0,0,0
0,0,0
0,0,0
0,0,0
0,0,0
0,0,0
0,0,0
0,0,0
0,0,0
0,0,0
0,0,0
0,0,0
0,0,0
0,0,0
0,0,0
0,0,0
0,0,0
0,0,0
0,0,0
0,0,0
0,0,0
0,0,0
0,0,0
0,0,0
0,0,0
0,0,0
0,0,0
0,0,0
0,0,0
0,0,0
0,0,0
0,0,0
0,0,0
0,0,0
0,0,0
0,0,0
0,0,0
0,0,0
0,0,0
0,0,0
0,0,0
0,0,0
0,0,0
0,0,0
0,0,0
0,0,0
0,0,0
0,0,0
0,0,0
0,0,0
0,0,0
0,0,0
0,0,0
0,0,0
0,0,0
0,0,0
0,0,0
0,0,0
0,0,0
0,0,0
0,0,0
0,0,0
0,0,0
0,0,0
0,0,0
0,0,0
0,0,0
0,0,0
0,0,0
0,0,0
0,0,0
0,0,0
0,0,0
0,0,0
0,0,0
0,0,0
0,0,0
0,0,0
0,0,0
0,0,0
0,0,0
0,0,0
0,0,0
0,0,0
0,0,0
0,0,0
0,0,0
0,0,0
0,0,0
0,0,0
0,0,0
0,0,0
0,0,0
0,0,0
0,0,0
0,0,0
0,0,0
0,0,0
0,0,0
0,0,0
0,0,0
0,0,0
0,0,0
0,0,0
0,0,0
0,0,0
0,0,0
0,0,0
0,0,0
0,0,0
0,0,0
0,0,0
0,0,0
0,0,0
0,0,0
0,0,0
0,0,0
0,0,0
0,0,0
0,0,0
0,0,0
0,0,0
0,0,0
0,0,0
0,0,0
0,0,0
0,0,0
0,0,0
0,0,0
0,0,0
0,0,0
0,0,0
0,0,0
0,0,0
0,0,0
0,0,0
0,0,0
0,0,0
0,0,0
0,0,0
0,0,0
0,0,0
0,0,0
0,0,0
0,0,0
0,0,0
0,0,0
0,0,0
0,0,0
0,0,0
0,0,0
0,0,0
0,0,0
0,0,0
0,0,0
0,0,0
0,0,0
0,0,0
0,0,0
0,0,0
0,0,0
0,0,0
0,0,0
0,0,0
0,0,0
0,0,0
0,0,0
0,0,0
0,0,0
0,0,0
0,0,0
0,0,0
0,0,0
0,0,0
0,0,0
0,0,0
0,0,0
0,0,0
0,0,0
0,0,0
0,0,0
0,0,0
0,0,0
0,0,0
0,0,0
0,0,0
0,0,0
0,0,0
0,0,0
0,0,0
0,0,0
0,0,0
0,0,0
0,0,0
0,0,0
0,0,0
0,0,0
0,0,0
0,0,0
0,0,0
0,0,0
0,0,0
0,0,0
0,0,0
0,0,0
0,0,0
0,0,0
0,0,0
0,0,0
0,0,0
0,0,0
0,0,0
0,0,0
0,0,0
0,0,0
0,0,0
0,0,0
0,0,0
0,0,0
0,0,0
0,0,0
0,0,0
0,0,0
0,0,0
0,0,0
0,0,0
0,0,0
0,0,0
0,0,0
0,0,0
0,0,0
0,0,0
0,0,0
0,0,0
0,0,0
0,0,0
0,0,0
0,0,0
0,0,0
0,0,0
0,0,0
0,0,0
0,0,0
0,0,0
0,0,0
0,0,0
0,0,0
0,0,0
0,0,0
0,0,0
0,0,0
0,0,0
0,0,0
0,0,0
0,0,0
0,0,0
0,0,0
0,0,0
0,0,0
0,0,0
0,0,0
0,0,0
0,0,0
0,0,0
0,0,0
0,0,0
0,0,0
0,0,0
0,0,0
0,0,0
0,0,0
0,0,0
0,0,0
0,0,0
0,0,0
0,0,0
0,0,0
0,0,0
0,0,0
0,0,0
0,0,0
0,0,0
0,0,0
0,0,0
0,0,0
0,0,0
0,0,0
0,0,0
0,0,0
0,0,0
0,0,0
0,0,0
0,0,0
0,0,0
0,0,0
0,0,0
0,0,0
0,0,0
0,0,0
0,0,0
0,0,0
7.63048,37.1331,0.988741
7.85735,37.0817,0.988641
8.08047,37.0132,0.988138
8.30458,36.9503,0.987811
8.53002,36.8937,0.987686
8.74907,36.8106,0.986907
8.96386,36.7115,0.985751
9.18239,36.6296,0.985072
9.38381,36.4826,0.982735
9.6029,36.4069,0.982283
9.83237,36.3705,0.982886
10.0561,36.3123,0.982961
10.291,36.2932,0.984092
10.518,36.2448,0.984494
10.7391,36.1757,0.984394
10.9585,36.1015,0.984193
11.1739,36.0145,0.98369
11.3928,35.9395,0.983539
11.6107,35.8613,0.983338
11.8239,35.7695,0.98281
12.0444,35.7,0.982911
12.261,35.6188,0.982735
12.4773,35.5373,0.982584
0,0,0
12.9115,35.3787,0.982509
0,0,0
11.9824,31.6222,0.885859
12.1064,31.3671,0.880983
12.3787,31.496,0.886487
12.5049,31.2524,0.881963
12.7254,31.2464,0.883898
14.3945,34.7335,0.980926
12.8978,30.5895,0.870303
13.0226,30.3637,0.866307
13.092,30.0157,0.858969
13.3221,30.039,0.861834
13.9088,30.8498,0.886462
13.6647,29.8187,0.860326
13.8302,29.6971,0.859296
13.0689,27.6183,0.803859
13.2602,27.5835,0.805141
16.6969,34.1941,0.99236
14.4873,29.2126,0.855476
17.1287,34.0135,0.993114
14.0506,27.4794,0.811624
14.271,27.493,0.814464
17.8004,33.7844,0.995727
18.0257,33.7089,0.996707
18.2437,33.6188,0.997311
18.4583,33.522,0.997763
18.6709,33.4212,0.99814
18.8781,33.3103,0.998265
19.0861,33.2008,0.998466
19.3474,33.1824,1.00136
19.602,33.1499,1.00389
19.84,33.0873,1.0056
20.0775,33.0222,1.00729
20.3054,32.9401,1.00852
20.5357,32.8607,1.00988
20.7712,32.7881,1.01148
21.0066,32.7139,1.01309
21.2364,32.6296,1.01445
21.4764,32.5596,1.01628
21.7046,32.4704,1.01759
19.0595,28.1377,0.890105
22.1727,32.3055,1.02076
22.4105,32.2263,1.02252
18.5712,26.3585,0.846329
18.7326,26.2441,0.846329
18.9325,26.1829,0.848013
19.1436,26.1356,0.850174
20.5997,27.7647,0.904857
20.7409,27.5994,0.903651
20.3116,26.6857,0.878822
20.3224,26.3626,0.87254
20.4973,26.2547,0.873092
20.6258,26.0877,0.871786
25.1608,31.4258,1.04777
25.3614,31.2809,1.0481
25.5883,31.1679,1.04951
21.6982,26.101,0.889025
21.827,25.9307,0.887819
26.397,30.9724,1.05878
26.6283,30.8583,1.06039
26.8823,30.7689,1.06287
27.1269,30.667,1.06501
27.3759,30.5685,1.06732
27.6448,30.4903,1.07039
27.9004,30.3952,1.07295
28.1285,30.2689,1.07451
28.3274,30.1103,1.07501
6.62075,6.95019,0.277082
6.61123,6.85546,0.275197
6.6441,6.80546,0.274871
6.68784,6.7667,0.274946
6.76953,6.76582,0.276378
6.85786,6.77052,0.278037
30.4465,29.6975,1.10494
30.6533,29.5344,1.10582
30.9056,29.414,1.10831
31.1314,29.267,1.10989
28.1422,26.1332,1.00121
29.3614,26.9318,1.03734
29.0024,26.2766,1.01958
29.0588,26.0048,1.01606
27.746,24.525,0.966677
27.8191,24.2872,0.964114
28.8216,24.8525,0.99246
28.4081,24.1936,0.973789
29.6699,24.9557,1.01038
29.8478,24.7943,1.01121
30.0048,24.6151,1.01138
34.7963,28.1908,1.16154
35.0459,28.0385,1.16402
35.3294,27.9116,1.16762
35.6861,27.8394,1.17355
35.9489,27.6913,1.17649
36.3114,27.6173,1.18259
36.6121,27.493,1.18674
36.9592,27.4006,1.19235
37.2331,27.2513,1.19566
37.5139,27.1048,1.19921
37.7316,26.9113,1.20081
34.8969,24.5678,1.10861
35.0806,24.3766,1.10964
38.9031,26.6804,1.22162
34.4019,23.2841,1.08004
34.3945,22.9727,1.07552
34.6032,22.8063,1.07758
36.2317,23.5621,1.12223
36.1106,23.1692,1.11432
36.4776,23.09,1.12103
36.4744,22.7757,1.11675
36.9157,22.7376,1.12568
42.1209,25.5887,1.2747
37.8574,22.6816,1.14518
37.1816,21.9678,1.1214
37.1887,21.6653,1.11771
37.5169,21.5492,1.12339
44.2047,25.0314,1.31279
44.6045,24.8976,1.31991
44.8537,24.6769,1.3227
45.3821,24.6062,1.3335
45.7359,24.4361,1.33931
46.0911,24.2635,1.34516
46.6207,24.1781,1.35597
46.9863,24.003,1.36212
47.2345,23.7655,1.36499
47.3902,23.4806,1.36529
48.3815,23.6031,1.38901
48.8273,23.4508,1.39743
49.2911,23.3025,1.40635
49.6552,23.1029,1.41251
50.0987,22.9364,1.42088
50.5411,22.7649,1.42922
51.1094,22.6447,1.44103
51.6782,22.5183,1.45284
51.9495,22.2583,1.45651
52.1653,21.9729,1.4587
53.075,21.9736,1.47981
53.6042,21.8084,1.49054
54.1102,21.6283,1.50064
54.641,21.4526,1.51142
55.1923,21.2791,1.52276
55.7856,21.1156,1.53522
56.1896,20.8753,1.54261
56.6444,20.6496,1.55138
56.9319,20.3595,1.5557
0,0,0
58.4329,20.091,1.58907
59.2884,19.9792,1.60852
59.7041,19.7122,1.61632
60.4412,19.5452,1.63262
61.1366,19.3565,1.64783
61.4319,19.0361,1.6525
0,0,0
0,0,0
0,0,0
0,0,0
0,0,0
65.7169,17.741,1.74692
66.1687,17.428,1.75586
66.2037,17.0036,1.75403
0,0,0
68.6247,16.7305,1.8114
69.2931,16.4437,1.82605
0,0,0
0,0,0
0,0,0
0,0,0
0,0,0
0,0,0
0,0,0
0,0,0
0,0,0
0,0,0
0,0,0
0,0,0
74.0405,11.4349,1.91908
74.0727,10.9749,1.91815
74.1832,10.5265,1.91928
0,0,0
75.1802,9.72843,1.94142
0,0,0
0,0,0
0,0,0
0,0,0
0,0,0
0,0,0
19.3625,1.66326,0.524312
0,0,0
0,0,0
0,0,0
0,0,0
0,0,0
0,0,0
0,0,0
0,0,0
0,0,0
0,0,0
0,0,0
0,0,0
0,0,0
0,0,0
24.7506,-0.15681,0.657979
0,0,0
0,0,0
0,0,0
0,0,0
0,0,0
0,0,0
0,0,0
0,0,0
0,0,0
0,0,0
0,0,0
92.6907,-7.42479,2.37331
92.4044,-7.97277,2.36728
0,0,0
0,0,0
0,0,0
0,0,0
0,0,0
0,0,0
0,0,0
0,0,0
0,0,0
0,0,0
0,0,0
0,0,0
0,0,0
0,0,0
0,0,0
0,0,0
0,0,0
0,0,0
0,0,0
0,0,0
0,0,0
0,0,0
0,0,0
0,0,0
0,0,0
0,0,0
0,0,0
0,0,0
0,0,0
0,0,0
0,0,0
0,0,0
0,0,0
0,0,0
0,0,0
0,0,0
0,0,0
0,0,0
0,0,0
0,0,0
0,0,0
0,0,0
0,0,0
0,0,0
0,0,0
0,0,0
0,0,0
0,0,0
0,0,0
0,0,0
0,0,0
0,0,0
0,0,0
0,0,0
0,0,0
0,0,0
0,0,0
0,0,0
0,0,0
0,0,0
0,0,0
0,0,0
0,0,0
0,0,0
0,0,0
0,0,0
0,0,0
0,0,0
0,0,0
0,0,0
0,0,0
0,0,0
0,0,0
0,0,0
0,0,0
0,0,0
0,0,0
0,0,0
0,0,0
0,0,0
0,0,0
0,0,0
0,0,0
0,0,0
0,0,0
0,0,0
0,0,0
0,0,0
0,0,0
0,0,0
0,0,0
0,0,0
0,0,0
0,0,0
0,0,0
0,0,0
0,0,0
0,0,0
0,0,0
0,0,0
0,0,0
0,0,0
0,0,0
0,0,0
0,0,0
0,0,0
0,0,0
0,0,0
0,0,0
0,0,0
0,0,0
0,0,0
0,0,0
0,0,0
0,0,0
0,0,0
0,0,0
0,0,0
0,0,0
0,0,0
0,0,0
0,0,0
21.1821,-23.67,0.834266
21.0709,-23.8384,0.835573
0,0,0
20.8022,-24.1247,0.836553
0,0,0
0,0,0
0,0,0
18.8799,-23.0143,0.784082
18.7616,-23.1584,0.785011
0,0,0
0,0,0
18.521,-23.7418,0.792726
18.4536,-23.9572,0.795968
18.3626,-24.1439,0.798305
18.2963,-24.3657,0.801748
18.2548,-24.6236,0.806322
18.1973,-24.8634,0.810317
18.1299,-25.0929,0.813986
18.0104,-25.2525,0.815494
0,0,0
0,0,0
0,0,0
0,0,0
0,0,0
0,0,0
0,0,0
0,0,0
0,0,0
0,0,0
0,0,0
0,0,0
0,0,0
9.21471,-15.5977,0.49119
9.03982,-15.5183,0.487245
8.92402,-15.5379,0.486215
8.82358,-15.5837,0.485963
8.75557,-15.6873,0.487396
8.70204,-15.8187,0.489632
8.70774,-16.0616,0.49506
0,0,0
32.1761,-61.1212,1.77215
0,0,0
0,0,0
0,0,0
0,0,0
0,0,0
0,0,0
0,0,0
0,0,0
0,0,0
0,0,0
0,0,0
0,0,0
0,0,0
0,0,0
0,0,0
0,0,0
0,0,0
0,0,0
0,0,0
0,0,0
0,0,0
0,0,0
0,0,0
0,0,0
0,0,0
0,0,0
0,0,0
0,0,0
0,0,0
0,0,0
0,0,0
0,0,0
0,0,0
0,0,0
0,0,0
0,0,0
0,0,0
0,0,0
0,0,0
0,0,0
0,0,0
0,0,0
0,0,0
0,0,0
0,0,0
0,0,0
0,0,0
0,0,0
0,0,0
0,0,0
0,0,0
0,0,0
0,0,0
0,0,0
0,0,0
0,0,0
0,0,0
0,0,0
0,0,0
0,0,0
0,0,0
0,0,0
0,0,0
0,0,0
0,0,0
0,0,0
0,0,0
0,0,0
0,0,0
0,0,0
0,0,0
0,0,0
0,0,0
0,0,0
0,0,0
0,0,0
0,0,0
0,0,0
0,0,0
0,0,0
0,0,0
0,0,0
0,0,0
0,0,0
0,0,0
0,0,0
0,0,0
0,0,0
0,0,0
0,0,0
0,0,0
0,0,0
0,0,0
0,0,0
0,0,0
0,0,0
0,0,0
0,0,0
0,0,0
0,0,0
0,0,0
0,0,0
0,0,0
0,0,0
0,0,0
0,0,0
0,0,0
0,0,0
0,0,0
0,0,0
0,0,0
0,0,0
0,0,0
0,0,0
0,0,0
0,0,0
0,0,0
0,0,0
0,0,0
0,0,0
0,0,0
0,0,0
0,0,0
0,0,0
0,0,0
0,0,0
0,0,0
0,0,0
0,0,0
0,0,0
0,0,0
0,0,0
0,0,0
0,0,0
0,0,0
0,0,0
0,0,0
0,0,0
0,0,0
0,0,0
0,0,0
0,0,0
0,0,0
0,0,0
0,0,0
0,0,0
0,0,0
0,0,0
0,0,0
0,0,0
0,0,0
0,0,0
0,0,0
0,0,0
0,0,0
0,0,0
0,0,0
0,0,0
0,0,0
0,0,0
0,0,0
0,0,0
0,0,0
0,0,0
0,0,0
0,0,0
0,0,0
0,0,0
0,0,0
0,0,0
0,0,0
0,0,0
0,0,0
0,0,0
0,0,0
0,0,0
0,0,0
0,0,0
0,0,0
0,0,0
0,0,0
0,0,0
0,0,0
0,0,0
0,0,0
0,0,0
0,0,0
0,0,0
0,0,0
0,0,0
0,0,0
0,0,0
0,0,0
0,0,0
0,0,0
0,0,0
0,0,0
0,0,0
0,0,0
0,0,0
0,0,0
0,0,0
0,0,0
0,0,0
0,0,0
0,0,0
0,0,0
0,0,0
0,0,0
0,0,0
0,0,0
0,0,0
0,0,0
0,0,0
0,0,0
0,0,0
0,0,0
0,0,0
0,0,0
0,0,0
0,0,0
0,0,0
0,0,0
0,0,0
0,0,0
0,0,0
0,0,0
0,0,0
0,0,0
0,0,0
0,0,0
0,0,0
0,0,0
0,0,0
0,0,0
0,0,0
0,0,0
0,0,0
0,0,0
0,0,0
0,0,0
0,0,0
0,0,0
0,0,0
0,0,0
0,0,0
0,0,0
0,0,0
0,0,0
0,0,0
0,0,0
0,0,0
0,0,0
0,0,0
0,0,0
0,0,0
0,0,0
0,0,0
0,0,0
0,0,0
0,0,0
0,0,0
0,0,0
0,0,0
0,0,0
0,0,0
0,0,0
0,0,0
0,0,0
0,0,0
0,0,0
0,0,0
0,0,0
0,0,0
0,0,0
0,0,0
0,0,0
0,0,0
0,0,0
0,0,0
0,0,0
0,0,0
0,0,0
0,0,0
0,0,0
0,0,0
0,0,0
0,0,0
0,0,0
0,0,0
0,0,0
0,0,0
0,0,0
0,0,0
0,0,0
0,0,0
0,0,0
0,0,0
0,0,0
0,0,0
0,0,0
0,0,0
0,0,0
0,0,0
0,0,0
0,0,0
0,0,0
0,0,0
0,0,0
0,0,0
0,0,0
0,0,0
0,0,0
0,0,0
0,0,0
0,0,0
0,0,0
0,0,0
0,0,0
0,0,0
0,0,0
0,0,0
0,0,0
0,0,0
0,0,0
0,0,0
0,0,0
0,0,0
0,0,0
0,0,0
0,0,0
0,0,0
0,0,0
0,0,0
0,0,0
0,0,0
0,0,0
0,0,0
0,0,0
0,0,0
0,0,0
0,0,0
0,0,0
0,0,0
0,0,0
0,0,0
0,0,0
0,0,0
0,0,0
0,0,0
0,0,0
0,0,0
0,0,0
0,0,0
0,0,0
0,0,0
0,0,0
0,0,0
0,0,0
0,0,0
0,0,0
0,0,0
0,0,0
0,0,0
0,0,0
0,0,0
0,0,0
0,0,0
0,0,0
0,0,0
0,0,0
0,0,0
0,0,0
0,0,0
0,0,0
0,0,0
0,0,0
0,0,0
0,0,0
0,0,0
0,0,0
0,0,0
0,0,0
0,0,0
0,0,0
0,0,0
0,0,0
0,0,0
0,0,0
0,0,0
0,0,0
0,0,0
0,0,0
0,0,0
0,0,0
0,0,0
0,0,0
0,0,0
0,0,0
0,0,0
0,0,0
0,0,0
0,0,0
0,0,0
0,0,0
0,0,0
0,0,0
0,0,0
0,0,0
0,0,0
0,0,0
0,0,0
0,0,0
0,0,0
0,0,0
0,0,0
0,0,0
0,0,0
0,0,0
0,0,0
0,0,0
0,0,0
0,0,0
0,0,0
0,0,0
0,0,0
0,0,0
0,0,0
0,0,0
0,0,0
0,0,0
0,0,0
0,0,0
0,0,0
0,0,0
0,0,0
0,0,0
0,0,0
0,0,0
0,0,0
0,0,0
0,0,0
0,0,0
0,0,0
0,0,0
0,0,0
0,0,0
0,0,0
0,0,0
0,0,0
0,0,0
0,0,0
0,0,0
0,0,0
0,0,0
0,0,0
0,0,0
0,0,0
0,0,0
0,0,0
0,0,0
0,0,0
0,0,0
0,0,0
0,0,0
0,0,0
0,0,0
0,0,0
0,0,0
0,0,0
0,0,0
0,0,0
0,0,0
0,0,0
0,0,0
0,0,0
0,0,0
0,0,0
0,0,0
0,0,0
0,0,0
0,0,0
0,0,0
0,0,0
0,0,0
0,0,0
0,0,0
0,0,0
0,0,0
0,0,0
0,0,0
0,0,0
0,0,0
0,0,0
0,0,0
0,0,0
0,0,0
0,0,0
0,0,0
0,0,0
0,0,0
0,0,0
0,0,0
0,0,0
0,0,0
0,0,0
0,0,0
0,0,0
0,0,0
0,0,0
0,0,0
0,0,0
0,0,0
0,0,0
0,0,0
0,0,0
0,0,0
0,0,0
0,0,0
0,0,0
0,0,0
0,0,0
0,0,0
0,0,0
0,0,0
0,0,0
0,0,0
0,0,0
0,0,0
0,0,0
0,0,0
0,0,0
0,0,0
0,0,0
0,0,0
0,0,0
0,0,0
0,0,0
0,0,0
0,0,0
0,0,0
0,0,0
0,0,0
0,0,0
0,0,0
0,0,0
0,0,0
0,0,0
0,0,0
0,0,0
0,0,0
0,0,0
0,0,0
0,0,0
0,0,0
0,0,0
0,0,0
0,0,0
0,0,0
0,0,0
0,0,0
0,0,0
0,0,0
0,0,0
0,0,0
0,0,0
0,0,0
0,0,0
0,0,0
0,0,0
0,0,0
0,0,0
0,0,0
0,0,0
0,0,0
0,0,0
0,0,0
0,0,0
0,0,0
0,0,0
0,0,0
0,0,0
0,0,0
0,0,0
0,0,0
0,0,0
0,0,0
0,0,0
0,0,0
0,0,0
0,0,0
0,0,0
0,0,0
0,0,0
0,0,0
0,0,0
0,0,0
0,0,0
0,0,0
0,0,0
0,0,0
0,0,0
0,0,0
0,0,0
0,0,0
0,0,0
0,0,0
0,0,0
0,0,0
8.06668,37.0038,0.525147
8.28942,36.9351,0.524902
8.50667,36.8436,0.524372
8.72495,36.7586,0.523946
8.93802,36.6538,0.523275
9.15668,36.574,0.522952
0,0,0
9.59564,36.4241,0.522487
9.82365,36.3819,0.522719
10.044,36.3113,0.52259
10.2694,36.2586,0.522719
10.495,36.2065,0.522874
10.713,36.128,0.522693
10.935,36.0635,0.522719
11.152,35.9823,0.522538
11.375,35.9208,0.522642
11.5961,35.8532,0.522681
0,0,0
12.0396,35.7215,0.522861
0,0,0
12.4725,35.5578,0.522681
12.6934,35.4891,0.522797
12.9068,35.3993,0.522642
13.1248,35.3222,0.522681
13.3463,35.2541,0.522861
13.5508,35.1417,0.522448
0,0,0
13.9814,34.9737,0.522461
14.1822,34.8539,0.521996
14.4004,34.7773,0.522151
14.6356,34.7408,0.522887
14.8603,34.678,0.523275
13.1788,30.2403,0.462044
13.3358,30.0949,0.46114
13.5703,30.1237,0.462716
13.7428,30.0135,0.462341
13.8504,29.7645,0.460004
14.2221,30.0794,0.465725
14.2986,29.7672,0.462509
14.3634,29.4381,0.459048
14.958,30.1853,0.471098
17.1238,34.0293,0.528014
17.3437,33.9458,0.528337
17.5604,33.8556,0.528583
17.7925,33.7941,0.529267
18.016,33.7152,0.529719
18.2387,33.6339,0.530158
18.451,33.5327,0.530326
18.6652,33.4346,0.530559
18.872,33.3229,0.53061
19.0935,33.2369,0.531062
19.3439,33.1994,0.532264
19.5925,33.1567,0.533413
19.8311,33.0951,0.534304
20.0706,33.0334,0.535221
20.307,32.965,0.536061
20.5343,32.8805,0.536681
20.7651,32.8003,0.537391
20.9919,32.7127,0.538011
21.2168,32.621,0.538592
21.4501,32.5411,0.53938
21.6882,32.4671,0.540284
21.9229,32.3864,0.54111
22.1535,32.2983,0.541847
22.4037,32.2373,0.543035
22.6379,32.1515,0.543861
22.8691,32.0601,0.544623
20.5148,28.3896,0.488378
20.5197,28.0324,0.484684
20.758,27.996,0.486131
20.8669,27.7849,0.484788
20.0581,26.3695,0.463904
20.2306,26.2602,0.464137
20.419,26.171,0.464718
24.8473,31.4469,0.553638
20.7611,25.9466,0.465183
20.9231,25.8226,0.465247
21.0729,25.6837,0.465079
21.7406,26.1684,0.475398
26.1009,31.0273,0.559669
26.3491,30.935,0.560832
26.6142,30.8606,0.56233
26.8662,30.7691,0.56357
27.1074,30.6636,0.564603
27.3524,30.5607,0.565714
27.5958,30.4546,0.566798
27.889,30.4011,0.568839
28.109,30.266,0.569485
28.2942,30.093,0.569485
6.59456,6.92855,0.159522
6.60156,6.85124,0.158863
6.64208,6.80917,0.158837
6.68514,6.76971,0.158863
6.76614,6.76816,0.159586
6.83315,6.75182,0.160051
30.439,29.7079,0.585344
30.6603,29.5588,0.586055
30.8889,29.4156,0.586907
31.1693,29.3201,0.58869
31.4453,29.2181,0.590394
31.7176,29.1105,0.592035
31.98,28.9919,0.593507
27.944,25.0224,0.520459
28.1367,24.8856,0.521144
28.5758,24.9631,0.526064
28.9737,24.9989,0.530249
29.224,24.9037,0.531902
29.1139,24.5031,0.527472
34.172,28.4037,0.609909
34.4515,28.2804,0.611678
34.7059,28.1346,0.613034
35.02,28.0349,0.615385
35.3365,27.9342,0.617774
35.6436,27.8233,0.620009
35.938,27.6999,0.622036
36.256,27.5921,0.624451
36.6301,27.5235,0.627771
36.922,27.3899,0.629759
37.2813,27.3035,0.632833
37.5446,27.1439,0.63437
37.7788,26.9618,0.635455
37.9885,26.7612,0.636165
38.5978,26.8375,0.643178
38.92,26.7088,0.645658
39.228,26.5676,0.647918
33.9076,22.6622,0.562743
34.1379,22.5142,0.564164
35.9675,23.4055,0.590239
35.6863,22.9121,0.58373
35.8212,22.6894,0.583653
35.8639,22.4094,0.582193
41.8546,25.7968,0.67101
42.177,25.6398,0.673503
42.4613,25.4571,0.675427
42.6649,25.2246,0.67615
43.3087,25.2478,0.683473
43.7342,25.1376,0.687516
44.0798,24.9777,0.69037
44.5169,24.8657,0.69458
44.8709,24.7035,0.697564
45.2889,24.5727,0.70149
45.7765,24.4749,0.706436
46.1399,24.3064,0.709562
46.6166,24.1932,0.71434
46.9484,24.0009,0.717014
47.2163,23.7736,0.71877
47.3783,23.4918,0.719016
48.412,23.6354,0.731814
48.7481,23.4302,0.734565
49.1178,23.238,0.737807
49.7308,23.1556,0.744523
50.0956,22.9525,0.7477
50.5937,22.8062,0.752776
51.0334,22.6287,0.757025
51.57,22.489,0.762643
51.9368,22.2706,0.765871
52.1379,21.9791,0.766788
53.1457,22.0209,0.779006
53.4483,21.763,0.781357
54.1277,21.6534,0.788964
54.7425,21.5106,0.795667
55.3399,21.3543,0.802124
55.7551,21.1224,0.806063
56.3054,20.9367,0.811875
56.6667,20.6762,0.815091
56.7426,20.3102,0.814406
0,0,0
58.4342,20.1102,0.834166
59.1051,19.9363,0.841644
59.7181,19.7358,0.848334
60.1624,19.474,0.852738
61.0576,19.3507,0.863264
61.3681,19.0355,0.865873
0,0,0
63.2775,18.7797,0.888513
0,0,0
64.1747,18.1922,0.897528
0,0,0
65.7233,17.7627,0.915325
66.1511,17.4435,0.9196
0,0,0
0,0,0
0,0,0
0,0,0
70.5685,16.3107,0.97148
70.9248,15.9352,0.974889
70.9089,15.4752,0.973404
0,0,0
0,0,0
0,0,0
0,0,0
0,0,0
0,0,0
0,0,0
0,0,0
0,0,0
0,0,0
0,0,0
0,0,0
0,0,0
0,0,0
0,0,0
0,0,0
0,0,0
0,0,0
0,0,0
0,0,0
19.3545,1.66923,0.28689
0,0,0
0,0,0
0,0,0
0,0,0
0,0,0
0,0,0
0,0,0
0,0,0
0,0,0
0,0,0
0,0,0
0,0,0
0,0,0
0,0,0
24.7285,-0.14865,0.355379
0,0,0
0,0,0
0,0,0
0,0,0
0,0,0
0,0,0
0,0,0
0,0,0
0,0,0
0,0,0
0,0,0
0,0,0
0,0,0
0,0,0
0,0,0
0,0,0
0,0,0
0,0,0
0,0,0
0,0,0
0,0,0
0,0,0
0,0,0
0,0,0
0,0,0
0,0,0
0,0,0
0,0,0
0,0,0
0,0,0
0,0,0
0,0,0
0,0,0
0,0,0
0,0,0
0,0,0
0,0,0
0,0,0
0,0,0
0,0,0
0,0,0
0,0,0
0,0,0
0,0,0
0,0,0
0,0,0
0,0,0
0,0,0
0,0,0
0,0,0
0,0,0
0,0,0
0,0,0
0,0,0
0,0,0
0,0,0
0,0,0
0,0,0
0,0,0
0,0,0
0,0,0
0,0,0
0,0,0
0,0,0
0,0,0
0,0,0
0,0,0
0,0,0
0,0,0
0,0,0
0,0,0
0,0,0
0,0,0
0,0,0
0,0,0
0,0,0
0,0,0
0,0,0
0,0,0
0,0,0
0,0,0
0,0,0
0,0,0
0,0,0
0,0,0
0,0,0
0,0,0
0,0,0
0,0,0
0,0,0
0,0,0
0,0,0
0,0,0
0,0,0
0,0,0
0,0,0
0,0,0
0,0,0
0,0,0
0,0,0
0,0,0
0,0,0
0,0,0
0,0,0
0,0,0
0,0,0
0,0,0
0,0,0
0,0,0
0,0,0
0,0,0
0,0,0
0,0,0
0,0,0
0,0,0
0,0,0
0,0,0
0,0,0
0,0,0
0,0,0
0,0,0
0,0,0
0,0,0
0,0,0
0,0,0
0,0,0
0,0,0
0,0,0
0,0,0
0,0,0
21.8035,-22.8954,0.444338
21.5887,-22.9501,0.442943
21.4209,-23.0536,0.442439
21.2831,-23.189,0.442517
21.2646,-23.4562,0.444906
21.133,-23.6004,0.445151
0,0,0
19.6932,-22.5431,0.422602
19.384,-22.4659,0.419231
19.1985,-22.5289,0.418288
19.0341,-22.6157,0.417771
18.9321,-22.7766,0.41852
18.863,-22.9789,0.419967
18.7727,-23.1572,0.421013
18.6665,-23.3172,0.421762
18.5869,-23.5121,0.423092
18.5069,-23.7084,0.424448
18.4276,-23.9079,0.425856
18.3605,-24.1255,0.427561
18.292,-24.344,0.429279
18.246,-24.5956,0.431526
18.1573,-24.7926,0.432895
18.0951,-25.0283,0.434884
18.0469,-25.287,0.437234
17.953,-25.4847,0.438616
0,0,0
0,0,0
0,0,0
0,0,0
0,0,0
0,0,0
0,0,0
0,0,0
0,0,0
0,0,0
0,0,0
0,0,0
9.23093,-15.6128,0.270242
9.04885,-15.5214,0.268034
8.93201,-15.5393,0.267479
8.83798,-15.5965,0.267517
8.77186,-15.7036,0.268305
8.6898,-15.7835,0.268693
0,0,0
0,0,0
0,0,0
0,0,0
0,0,0
0,0,0
0,0,0
0,0,0
0,0,0
0,0,0
0,0,0
0,0,0
0,0,0
0,0,0
0,0,0
0,0,0
0,0,0
0,0,0
0,0,0
0,0,0
0,0,0
0,0,0
0,0,0
0,0,0
0,0,0
0,0,0
0,0,0
0,0,0
0,0,0
0,0,0
0,0,0
0,0,0
0,0,0
0,0,0
0,0,0
0,0,0
0,0,0
0,0,0
0,0,0
0,0,0
0,0,0
0,0,0
0,0,0
0,0,0
0,0,0
0,0,0
0,0,0
0,0,0
0,0,0
0,0,0
0,0,0
0,0,0
0,0,0
0,0,0
0,0,0
0,0,0
0,0,0
0,0,0
0,0,0
0,0,0
0,0,0
0,0,0
0,0,0
0,0,0
0,0,0
0,0,0
0,0,0
0,0,0
0,0,0
0,0,0
0,0,0
0,0,0
0,0,0
0,0,0
0,0,0
0,0,0
0,0,0
0,0,0
0,0,0
0,0,0
0,0,0
0,0,0
0,0,0
0,0,0
0,0,0
0,0,0
0,0,0
0,0,0
0,0,0
0,0,0
0,0,0
0,0,0
0,0,0
0,0,0
0,0,0
0,0,0
0,0,0
0,0,0
0,0,0
0,0,0
0,0,0
0,0,0
0,0,0
0,0,0
0,0,0
0,0,0
0,0,0
0,0,0
0,0,0
0,0,0
0,0,0
0,0,0
0,0,0
0,0,0
0,0,0
0,0,0
0,0,0
0,0,0
0,0,0
0,0,0
0,0,0
0,0,0
0,0,0
0,0,0
0,0,0
0,0,0
0,0,0
0,0,0
0,0,0
0,0,0
0,0,0
0,0,0
0,0,0
0,0,0
0,0,0
0,0,0
0,0,0
0,0,0
0,0,0
0,0,0
0,0,0
0,0,0
0,0,0
0,0,0
0,0,0
0,0,0
0,0,0
0,0,0
0,0,0
0,0,0
0,0,0
0,0,0
0,0,0
0,0,0
0,0,0
0,0,0
0,0,0
0,0,0
0,0,0
0,0,0
0,0,0
0,0,0
0,0,0
0,0,0
0,0,0
0,0,0
0,0,0
0,0,0
0,0,0
0,0,0
0,0,0
0,0,0
0,0,0
0,0,0
0,0,0
0,0,0
0,0,0
0,0,0
0,0,0
0,0,0
0,0,0
0,0,0
0,0,0
0,0,0
0,0,0
0,0,0
0,0,0
0,0,0
0,0,0
0,0,0
0,0,0
0,0,0
0,0,0
0,0,0
0,0,0
0,0,0
0,0,0
0,0,0
0,0,0
0,0,0
0,0,0
0,0,0
0,0,0
0,0,0
0,0,0
0,0,0
0,0,0
0,0,0
0,0,0
0,0,0
0,0,0
0,0,0
0,0,0
0,0,0
0,0,0
0,0,0
0,0,0
0,0,0
0,0,0
0,0,0
0,0,0
0,0,0
0,0,0
0,0,0
0,0,0
0,0,0
0,0,0
0,0,0
0,0,0
0,0,0
0,0,0
0,0,0
0,0,0
0,0,0
0,0,0
0,0,0
0,0,0
0,0,0
0,0,0
0,0,0
0,0,0
0,0,0
0,0,0
0,0,0
0,0,0
0,0,0
0,0,0
0,0,0
0,0,0
0,0,0
0,0,0
0,0,0
0,0,0
0,0,0
0,0,0
0,0,0
0,0,0
0,0,0
0,0,0
0,0,0
0,0,0
0,0,0
0,0,0
0,0,0
0,0,0
0,0,0
0,0,0
0,0,0
0,0,0
0,0,0
0,0,0
0,0,0
0,0,0
0,0,0
0,0,0
0,0,0
0,0,0
0,0,0
0,0,0
0,0,0
0,0,0
0,0,0
0,0,0
0,0,0
0,0,0
0,0,0
0,0,0
0,0,0
0,0,0
0,0,0
0,0,0
0,0,0
0,0,0
0,0,0
0,0,0
0,0,0
0,0,0
0,0,0
0,0,0
0,0,0
0,0,0
0,0,0
0,0,0
0,0,0
0,0,0
0,0,0
0,0,0
0,0,0
0,0,0
0,0,0
0,0,0
0,0,0
0,0,0
0,0,0
0,0,0
0,0,0
0,0,0
0,0,0
0,0,0
0,0,0
0,0,0
0,0,0
0,0,0
0,0,0
0,0,0
0,0,0
0,0,0
0,0,0
0,0,0
0,0,0
0,0,0
0,0,0
0,0,0
0,0,0
0,0,0
0,0,0
0,0,0
0,0,0
0,0,0
0,0,0
0,0,0
0,0,0
0,0,0
0,0,0
0,0,0
0,0,0
0,0,0
0,0,0
0,0,0
0,0,0
0,0,0
0,0,0
0,0,0
0,0,0
0,0,0
0,0,0
0,0,0
0,0,0
0,0,0
0,0,0
0,0,0
0,0,0
0,0,0
0,0,0
0,0,0
0,0,0
0,0,0
0,0,0
0,0,0
0,0,0
0,0,0
0,0,0
0,0,0
0,0,0
0,0,0
0,0,0
0,0,0
0,0,0
0,0,0
0,0,0
0,0,0
0,0,0
0,0,0
0,0,0
0,0,0
0,0,0
0,0,0
0,0,0
0,0,0
0,0,0
0,0,0
0,0,0
0,0,0
0,0,0
0,0,0
0,0,0
0,0,0
0,0,0
0,0,0
0,0,0
0,0,0
0,0,0
0,0,0
0,0,0
0,0,0
0,0,0
0,0,0
0,0,0
0,0,0
0,0,0
0,0,0
0,0,0
0,0,0
0,0,0
0,0,0
0,0,0
0,0,0
0,0,0
0,0,0
0,0,0
0,0,0
0,0,0
0,0,0
0,0,0
0,0,0
0,0,0
0,0,0
0,0,0
0,0,0
0,0,0
0,0,0
0,0,0
0,0,0
0,0,0
0,0,0
0,0,0
0,0,0
0,0,0
0,0,0
0,0,0
0,0,0
0,0,0
0,0,0
0,0,0
0,0,0
0,0,0
0,0,0
0,0,0
0,0,0
0,0,0
0,0,0
0,0,0
0,0,0
0,0,0
0,0,0
0,0,0
0,0,0
0,0,0
0,0,0
0,0,0
0,0,0
0,0,0
0,0,0
0,0,0
0,0,0
0,0,0
0,0,0
0,0,0
0,0,0
0,0,0
0,0,0
0,0,0
0,0,0
0,0,0
0,0,0
0,0,0
0,0,0
0,0,0
0,0,0
0,0,0
0,0,0
0,0,0
0,0,0
0,0,0
0,0,0
0,0,0
0,0,0
0,0,0
0,0,0
0,0,0
0,0,0
0,0,0
0,0,0
0,0,0
0,0,0
0,0,0
0,0,0
0,0,0
0,0,0
0,0,0
0,0,0
0,0,0
0,0,0
0,0,0
0,0,0
0,0,0
0,0,0
0,0,0
0,0,0
0,0,0
0,0,0
0,0,0
0,0,0
0,0,0
0,0,0
0,0,0
0,0,0
0,0,0
0,0,0
0,0,0
0,0,0
0,0,0
0,0,0
0,0,0
0,0,0
0,0,0
0,0,0
0,0,0
0,0,0
0,0,0
0,0,0
0,0,0
0,0,0
0,0,0
0,0,0
0,0,0
0,0,0
0,0,0
0,0,0
0,0,0
0,0,0
0,0,0
0,0,0
0,0,0
0,0,0
0,0,0
0,0,0
0,0,0
0,0,0
0,0,0
0,0,0
0,0,0
0,0,0
0,0,0
0,0,0
0,0,0
0,0,0
0,0,0
0,0,0
0,0,0
0,0,0
0,0,0
0,0,0
0,0,0
0,0,0
0,0,0
0,0,0
0,0,0
0,0,0
0,0,0
0,0,0
0,0,0
0,0,0
0,0,0
0,0,0
0,0,0
0,0,0
0,0,0
0,0,0
0,0,0
0,0,0
0,0,0
0,0,0
0,0,0
0,0,0
0,0,0
0,0,0
0,0,0
0,0,0
0,0,0
0,0,0
0,0,0
0,0,0
0,0,0
0,0,0
0,0,0
0,0,0
0,0,0
0,0,0
0,0,0
0,0,0
0,0,0
0,0,0
0,0,0
0,0,0
0,0,0
0,0,0
0,0,0
0,0,0
0,0,0
0,0,0
0,0,0
0,0,0
0,0,0
0,0,0
0,0,0
0,0,0
0,0,0
0,0,0
0,0,0
0,0,0
0,0,0
0,0,0
0,0,0
0,0,0
0,0,0
0,0,0
0,0,0
0,0,0
0,0,0
0,0,0
0,0,0
0,0,0
0,0,0
0,0,0
0,0,0
0,0,0
0,0,0
0,0,0
0,0,0
0,0,0
0,0,0
7.64038,37.1484,0.0626463
7.86091,37.0666,0.0626219
8.08649,37.0098,0.0626163
0,0,0
8.52652,36.8493,0.0625744
8.74483,36.7642,0.0625514
8.95981,36.6671,0.0625206
9.17976,36.5921,0.0625067
9.39763,36.5099,0.0624885
9.61382,36.4225,0.0624676
9.83947,36.3715,0.0624739
10.0601,36.3018,0.0624676
10.281,36.2336,0.0624634
10.5042,36.1737,0.0624662
0,0,0
0,0,0
11.1662,35.9675,0.0624613
11.3876,35.9012,0.0624634
11.6067,35.8278,0.0624613
11.8273,35.7588,0.0624634
12.0455,35.6827,0.0624613
12.2616,35.6005,0.0624557
0,0,0
12.7006,35.4558,0.062462
12.9217,35.3876,0.0624697
13.1428,35.3189,0.0624781
13.3653,35.2535,0.0624899
13.5795,35.1661,0.0624864
13.7907,35.071,0.0624781
14.0075,34.9903,0.0624815
14.1947,34.837,0.0624313
14.4151,34.7659,0.0624438
14.6658,34.7662,0.0625116
14.8824,34.6838,0.0625179
15.1118,34.6303,0.0625472
13.3847,30.1659,0.0592087
13.5814,30.1096,0.059229
13.8439,30.1957,0.0593595
14.0238,30.0993,0.0593511
14.2326,30.0642,0.0593909
14.3107,29.7555,0.0592199
14.5816,29.8486,0.0593609
14.7392,29.7075,0.0593211
14.7565,29.2897,0.0590656
14.9792,29.2832,0.0591319
15.1231,29.1224,0.0590782
17.8063,33.7813,0.0628285
18.0293,33.7014,0.0628523
18.2496,33.6157,0.0628725
18.4593,33.51,0.0628781
18.6724,33.4101,0.0628893
18.8746,33.2906,0.0628858
19.0815,33.1793,0.06289
19.3532,33.1791,0.0629849
19.6176,33.163,0.0630687
19.85,33.0909,0.0631085
20.0786,33.0112,0.0631434
20.306,32.9282,0.0631769
20.5363,32.8488,0.0632146
20.7664,32.7678,0.0632523
21.0027,32.6953,0.0632984
21.2335,32.6127,0.0633375
21.4646,32.5294,0.0633773
21.6977,32.4478,0.0634198
21.9311,32.3654,0.0634631
22.1644,32.2813,0.0635064
22.4095,32.2128,0.0635644
20.6913,29.3569,0.0612431
20.853,29.2042,0.0612214
20.9784,29.0019,0.0611579
21.1182,28.821,0.0611132
21.0968,28.4243,0.0608814
21.1662,28.1552,0.06076
21.2835,27.9524,0.0606964
21.4753,27.8482,0.0607202
24.6192,31.5235,0.0640928
24.842,31.4095,0.0641263
25.0849,31.3197,0.0641829
25.3207,31.2195,0.0642318
25.598,31.1687,0.0643267
25.8425,31.0756,0.0643854
26.0933,30.9884,0.064451
26.3406,30.8954,0.0645131
26.5977,30.8119,0.0645857
26.8487,30.7197,0.064652
27.1176,30.6457,0.0647372
27.3725,30.554,0.0648077
27.6327,30.4662,0.0648838
27.8888,30.3719,0.0649557
28.1216,30.2508,0.0650039
28.3197,30.0915,0.0650172
6.57439,6.89909,0.0428222
6.58952,6.83055,0.0427949
6.62851,6.78713,0.0427921
6.68902,6.76553,0.042811
6.7495,6.74345,0.0428298
6.8363,6.74687,0.0428745
6.8969,6.72364,0.0428934
30.6581,29.5287,0.0658856
30.885,29.3841,0.0659303
31.1405,29.2653,0.0660029
31.4544,29.1989,0.0661314
31.7332,29.0972,0.0662263
32.0097,28.9912,0.0663192
32.2801,28.8776,0.0664064
32.5459,28.7578,0.0664895
29.1054,25.4013,0.0631385
29.2569,25.219,0.063135
33.3956,28.4314,0.0667883
33.8396,28.4531,0.0670348
34.1474,28.3561,0.0671562
34.4151,28.2234,0.0672414
34.7011,28.1036,0.0673433
34.9869,27.9813,0.0674453
35.34,27.9099,0.0676072
35.6675,27.8149,0.0677462
35.9428,27.6767,0.067839
36.2815,27.5846,0.0679877
36.6708,27.5271,0.0681804
36.9564,27.3885,0.0682823
37.2222,27.2333,0.0683675
37.545,27.1174,0.0685022
37.7921,26.9446,0.0685721
37.9878,26.734,0.0685986
38.5881,26.804,0.06897
38.9885,26.729,0.0691703
39.2189,26.5346,0.0692269
39.5914,26.434,0.0694035
39.9532,26.3226,0.0695711
40.2699,26.1783,0.0697009
40.5586,26.0133,0.0698077
36.3731,23.015,0.0662186
41.4635,25.8812,0.0702922
41.8003,25.7364,0.0704389
42.1856,25.618,0.0706253
42.4467,25.4214,0.0707104
42.6088,25.1645,0.070716
43.3543,25.2473,0.0711942
43.7122,25.0978,0.0713583
44.0751,24.9479,0.0715265
44.4675,24.811,0.0717185
44.838,24.6581,0.0718931
45.2654,24.5326,0.072113
45.722,24.4184,0.0723559
46.1223,24.2696,0.0725542
46.5713,24.1422,0.0727909
47.0231,24.0115,0.0730296
47.2375,23.7567,0.0730827
47.4523,23.501,0.0731371
48.4369,23.6197,0.0737906
48.763,23.4095,0.0739316
49.2475,23.2713,0.0741955
49.6768,23.1024,0.0744168
50.0376,22.8978,0.0745858
50.6896,22.8211,0.0749781
51.0838,22.6226,0.0751729
51.5728,22.4617,0.0754403
51.9578,22.2511,0.0756288
52.121,21.9435,0.0756497
53.2231,22.0241,0.0763813
53.6045,21.7977,0.0765678
54.1468,21.632,0.0768756
54.5885,21.4209,0.0771081
55.1435,21.2492,0.0774258
55.6535,21.0545,0.0777099
56.4219,20.9504,0.0781867
56.6518,20.6411,0.0782628
56.832,20.3126,0.0783033
58.1239,20.373,0.0791676
58.4407,20.0823,0.07931
58.9675,19.8596,0.0796081
59.7254,19.7077,0.0800766
60.1421,19.4368,0.0802944
61.1383,19.3453,0.0809374
61.4584,19.0325,0.0810854
61.5798,18.6568,0.0810895
62.905,18.6377,0.081972
0,0,0
0,0,0
64.8634,17.9261,0.0831497
0,0,0
0,0,0
0,0,0
0,0,0
0,0,0
0,0,0
70.3859,16.2345,0.0865978
70.9721,15.9117,0.0869469
0,0,0
0,0,0
0,0,0
0,0,0
0,0,0
75.7521,14.0771,0.0899593
0,0,0
0,0,0
0,0,0
0,0,0
0,0,0
0,0,0
0,0,0
0,0,0
0,0,0
0,0,0
0,0,0
0,0,0
0,0,0
0,0,0
0,0,0
19.337,1.65767,0.0497183
0,0,0
0,0,0
0,0,0
0,0,0
0,0,0
0,0,0
0,0,0
0,0,0
0,0,0
0,0,0
0,0,0
0,0,0
0,0,0
0,0,0
24.7594,-0.161184,0.0534547
0,0,0
0,0,0
0,0,0
0,0,0
0,0,0
0,0,0
0,0,0
0,0,0
0,0,0
0,0,0
0,0,0
0,0,0
0,0,0
0,0,0
0,0,0
0,0,0
0,0,0
0,0,0
0,0,0
0,0,0
0,0,0
0,0,0
0,0,0
0,0,0
0,0,0
0,0,0
0,0,0
0,0,0
0,0,0
0,0,0
0,0,0
0,0,0
0,0,0
0,0,0
0,0,0
0,0,0
0,0,0
0,0,0
0,0,0
0,0,0
0,0,0
0,0,0
0,0,0
0,0,0
58.9155,-17.1073,0.0789986
0,0,0
0,0,0
0,0,0
58.4588,-18.5419,0.0789847
58.3716,-18.9092,0.0790049
58.2231,-19.2567,0.0789819
0,0,0
0,0,0
0,0,0
0,0,0
0,0,0
0,0,0
0,0,0
0,0,0
0,0,0
0,0,0
0,0,0
0,0,0
0,0,0
0,0,0
0,0,0
48.2591,-21.412,0.0730275
48.1013,-21.6961,0.073008
47.9745,-21.9942,0.0730136
47.8405,-22.289,0.073015
47.6929,-22.5774,0.0730073
47.585,-22.8848,0.0730317
47.4778,-23.193,0.0730582
0,0,0
47.2932,-23.8261,0.0731392
47.1933,-24.14,0.0731762
47.0789,-24.4471,0.0732035
46.967,-24.756,0.0732342
46.8521,-25.064,0.0732642
0,0,0
0,0,0
0,0,0
0,0,0
0,0,0
0,0,0
0,0,0
0,0,0
0,0,0
0,0,0
0,0,0
0,0,0
34.0819,-21.8934,0.0644489
33.1658,-21.5936,0.0637982
0,0,0
32.1061,-21.4692,0.0631329
30.7742,-20.853,0.0621213
30.6399,-21.0375,0.0621164
29.4291,-20.473,0.061197
28.6817,-20.2154,0.0606664
28.4888,-20.3422,0.0606078
27.6002,-19.9646,0.0599501
27.3287,-20.0248,0.0598217
27.1604,-20.1587,0.0597826
26.3551,-19.813,0.0591878
25.8344,-19.6709,0.058838
25.6507,-19.7808,0.0587828
25.409,-19.8443,0.0586767
25.1809,-19.9161,0.0585825
25.1589,-20.1508,0.0586725
22.8267,-18.514,0.0566878
22.7428,-18.6785,0.056715
22.7462,-18.9162,0.0568225
22.5861,-19.0187,0.0567827
22.2863,-19.0012,0.0566151
0,0,0
21.6434,-18.9166,0.0562368
20.9734,-18.5593,0.0557208
20.6253,-18.4781,0.0555016
20.0604,-18.1952,0.0550765
20.8905,-19.183,0.0559694
20.5329,-19.0882,0.0557411
20.47,-19.2652,0.0557934
18.8121,-17.924,0.0543092
18.4175,-17.7649,0.0540335
18.7611,-18.3198,0.0544754
18.9178,-18.701,0.05474
18.0478,-18.0612,0.0539944
17.943,-18.1781,0.0540006
17.8269,-18.2835,0.0539965
17.3321,-17.9957,0.0536118
17.0229,-17.8931,0.0534107
15.9033,-16.9231,0.0523817
15.8978,-17.1266,0.0524829
16.1074,-17.5673,0.0528082
15.9999,-17.6665,0.0528089
15.9132,-17.789,0.052832
15.8647,-17.9552,0.0528962
15.244,-17.4676,0.0523545
16.5579,-19.2097,0.0538743
15.9017,-18.679,0.0532948
14.8819,-17.7001,0.0523133
15.4496,-18.6058,0.0530526
15.2349,-18.578,0.0529423
15.0829,-18.6245,0.0529004
15.0601,-18.8315,0.053003
13.6483,-17.2827,0.0515432
13.5272,-17.3471,0.0515265
14.9111,-19.3654,0.053232
13.8212,-18.1797,0.0521122
14.2791,-19.0231,0.0527747
12.0876,-16.3113,0.0503424
12.7089,-17.3714,0.0511956
13.1308,-18.1811,0.051826
11.996,-16.8266,0.0505959
11.9035,-16.9154,0.0506091
11.9353,-17.1836,0.0507753
12.2373,-17.8512,0.0512786
12.2604,-18.1222,0.0514441
11.6925,-17.5135,0.0508702
12.0106,-18.2313,0.0514106
11.904,-18.313,0.0514176
11.3519,-17.7005,0.0508493
11.3217,-17.8941,0.0509519
0,0,0
10.8344,-17.5982,0.0505966
0,0,0
0,0,0
10.6836,-18.0909,0.0508367
9.05556,-15.5516,0.0487325
8.92412,-15.5444,0.0486823
8.83054,-15.6023,0.0486851
8.74098,-15.6676,0.0486941
8.68468,-15.7936,0.0487521
0,0,0
0,0,0
0,0,0
0,0,0
0,0,0
0,0,0
0,0,0
0,0,0
0,0,0
0,0,0
0,0,0
0,0,0
0,0,0
0,0,0
0,0,0
0,0,0
0,0,0
0,0,0
0,0,0
0,0,0
0,0,0
0,0,0
0,0,0
0,0,0
0,0,0
0,0,0
0,0,0
0,0,0
0,0,0
0,0,0
0,0,0
0,0,0
0,0,0
0,0,0
0,0,0
0,0,0
0,0,0
0,0,0
0,0,0
0,0,0
0,0,0
0,0,0
0,0,0
0,0,0
0,0,0
0,0,0
0,0,0
0,0,0
0,0,0
0,0,0
0,0,0
0,0,0
0,0,0
0,0,0
0,0,0
0,0,0
0,0,0
0,0,0
0,0,0
0,0,0
0,0,0
0,0,0
0,0,0
0,0,0
0,0,0
0,0,0
0,0,0
0,0,0
0,0,0
0,0,0
0,0,0
0,0,0
0,0,0
0,0,0
0,0,0
0,0,0
0,0,0
0,0,0
0,0,0
0,0,0
0,0,0
0,0,0
0,0,0
0,0,0
0,0,0
0,0,0
0,0,0
0,0,0
0,0,0
0,0,0
0,0,0
0,0,0
0,0,0
0,0,0
0,0,0
0,0,0
0,0,0
0,0,0
0,0,0
0,0,0
0,0,0
0,0,0
0,0,0
0,0,0
0,0,0
0,0,0
0,0,0
0,0,0
0,0,0
0,0,0
0,0,0
0,0,0
0,0,0
0,0,0
0,0,0
0,0,0
0,0,0
0,0,0
0,0,0
0,0,0
0,0,0
0,0,0
0,0,0
0,0,0
0,0,0
0,0,0
0,0,0
0,0,0
0,0,0
0,0,0
0,0,0
0,0,0
0,0,0
0,0,0
0,0,0
0,0,0
0,0,0
0,0,0
0,0,0
0,0,0
0,0,0
0,0,0
0,0,0
0,0,0
0,0,0
0,0,0
0,0,0
0,0,0
0,0,0
0,0,0
0,0,0
0,0,0
0,0,0
0,0,0
0,0,0
0,0,0
0,0,0
0,0,0
0,0,0
0,0,0
0,0,0
0,0,0
0,0,0
0,0,0
0,0,0
0,0,0
0,0,0
0,0,0
0,0,0
0,0,0
0,0,0
0,0,0
0,0,0
0,0,0
0,0,0
0,0,0
0,0,0
0,0,0
0,0,0
0,0,0
0,0,0
0,0,0
0,0,0
0,0,0
0,0,0
0,0,0
0,0,0
0,0,0
0,0,0
0,0,0
0,0,0
0,0,0
0,0,0
0,0,0
0,0,0
0,0,0
0,0,0
0,0,0
0,0,0
0,0,0
0,0,0
0,0,0
0,0,0
0,0,0
0,0,0
0,0,0
0,0,0
0,0,0
0,0,0
0,0,0
0,0,0
0,0,0
0,0,0
0,0,0
0,0,0
0,0,0
0,0,0
0,0,0
0,0,0
0,0,0
0,0,0
0,0,0
0,0,0
0,0,0
0,0,0
0,0,0
0,0,0
0,0,0
0,0,0
0,0,0
0,0,0
0,0,0
0,0,0
0,0,0
0,0,0
0,0,0
0,0,0
0,0,0
0,0,0
0,0,0
0,0,0
0,0,0
0,0,0
0,0,0
0,0,0
0,0,0
0,0,0
0,0,0
0,0,0
0,0,0
0,0,0
0,0,0
0,0,0
0,0,0
0,0,0
0,0,0
0,0,0
0,0,0
0,0,0
0,0,0
0,0,0
0,0,0
0,0,0
0,0,0
0,0,0
0,0,0
0,0,0
0,0,0
0,0,0
0,0,0
0,0,0
0,0,0
0,0,0
0,0,0
0,0,0
0,0,0
0,0,0
0,0,0
0,0,0
0,0,0
0,0,0
0,0,0
0,0,0
0,0,0
0,0,0
0,0,0
0,0,0
0,0,0
0,0,0
0,0,0
0,0,0
0,0,0
0,0,0
0,0,0
0,0,0
0,0,0
0,0,0
0,0,0
0,0,0
0,0,0
0,0,0
0,0,0
0,0,0
0,0,0
0,0,0
0,0,0
0,0,0
0,0,0
0,0,0
0,0,0
0,0,0
0,0,0
0,0,0
0,0,0
0,0,0
0,0,0
0,0,0
0,0,0
0,0,0
0,0,0
0,0,0
0,0,0
0,0,0
0,0,0
0,0,0
0,0,0
0,0,0
0,0,0
0,0,0
0,0,0
0,0,0
0,0,0
0,0,0
0,0,0
0,0,0
0,0,0
0,0,0
0,0,0
0,0,0
0,0,0
0,0,0
0,0,0
0,0,0
0,0,0
0,0,0
0,0,0
0,0,0
0,0,0
0,0,0
0,0,0
0,0,0
0,0,0
0,0,0
0,0,0
0,0,0
0,0,0
0,0,0
0,0,0
0,0,0
0,0,0
0,0,0
0,0,0
0,0,0
0,0,0
0,0,0
0,0,0
0,0,0
0,0,0
0,0,0
0,0,0
0,0,0
0,0,0
0,0,0
0,0,0
0,0,0
0,0,0
0,0,0
0,0,0
0,0,0
0,0,0
0,0,0
0,0,0
0,0,0
0,0,0
0,0,0
0,0,0
0,0,0
0,0,0
0,0,0
0,0,0
0,0,0
0,0,0
0,0,0
0,0,0
0,0,0
0,0,0
0,0,0
0,0,0
0,0,0
0,0,0
0,0,0
0,0,0
0,0,0
0,0,0
0,0,0
0,0,0
0,0,0
0,0,0
0,0,0
0,0,0
0,0,0
0,0,0
0,0,0
0,0,0
0,0,0
0,0,0
0,0,0
0,0,0
0,0,0
0,0,0
0,0,0
0,0,0
0,0,0
0,0,0
0,0,0
0,0,0
0,0,0
0,0,0
0,0,0
0,0,0
0,0,0
0,0,0
0,0,0
0,0,0
0,0,0
0,0,0
0,0,0
0,0,0
0,0,0
0,0,0
0,0,0
0,0,0
0,0,0
0,0,0
0,0,0
0,0,0
0,0,0
0,0,0
0,0,0
0,0,0
0,0,0
0,0,0
0,0,0
0,0,0
0,0,0
0,0,0
0,0,0
0,0,0
0,0,0
0,0,0
0,0,0
0,0,0
0,0,0
0,0,0
0,0,0
0,0,0
0,0,0
0,0,0
0,0,0
0,0,0
0,0,0
0,0,0
0,0,0
0,0,0
0,0,0
0,0,0
0,0,0
0,0,0
0,0,0
0,0,0
0,0,0
0,0,0
0,0,0
0,0,0
0,0,0
0,0,0
0,0,0
0,0,0
0,0,0
0,0,0
0,0,0
0,0,0
0,0,0
0,0,0
0,0,0
0,0,0
0,0,0
0,0,0
0,0,0
0,0,0
0,0,0
0,0,0
0,0,0
0,0,0
0,0,0
0,0,0
0,0,0
0,0,0
0,0,0
0,0,0
0,0,0
0,0,0
0,0,0
0,0,0
0,0,0
0,0,0
0,0,0
0,0,0
0,0,0
0,0,0
0,0,0
0,0,0
0,0,0
0,0,0
0,0,0
0,0,0
0,0,0
0,0,0
0,0,0
0,0,0
0,0,0
0,0,0
0,0,0
0,0,0
0,0,0
0,0,0
0,0,0
0,0,0
0,0,0
0,0,0
0,0,0
0,0,0
0,0,0
0,0,0
0,0,0
0,0,0
0,0,0
0,0,0
0,0,0
0,0,0
0,0,0
0,0,0
0,0,0
0,0,0
0,0,0
0,0,0
0,0,0
0,0,0
0,0,0
0,0,0
0,0,0
0,0,0
0,0,0
0,0,0
0,0,0
0,0,0
0,0,0
0,0,0
0,0,0
0,0,0
0,0,0
0,0,0
0,0,0
0,0,0
0,0,0
0,0,0
0,0,0
0,0,0
0,0,0
0,0,0
0,0,0
0,0,0
0,0,0
0,0,0
0,0,0
0,0,0
0,0,0
0,0,0
0,0,0
0,0,0
0,0,0
0,0,0
0,0,0
0,0,0
0,0,0
0,0,0
0,0,0
0,0,0
0,0,0
0,0,0
0,0,0
0,0,0
0,0,0
0,0,0
0,0,0
0,0,0
0,0,0
0,0,0
0,0,0
0,0,0
7.61757,37.0944,-0.399871
7.84359,37.0401,-0.39979
8.06858,36.9815,-0.399675
8.29184,36.9157,-0.399491
8.51437,36.8476,-0.399295
8.72967,36.7499,-0.398765
8.94788,36.6665,-0.39842
9.16759,36.5905,-0.398178
9.37276,36.459,-0.397291
9.59247,36.3863,-0.397118
9.81868,36.3384,-0.397256
10.0417,36.2784,-0.397268
10.2693,36.2344,-0.397486
10.4934,36.1774,-0.397567
10.7129,36.1047,-0.397475
10.9337,36.0363,-0.397452
11.1543,35.9676,-0.39744
11.3751,35.8994,-0.397452
11.5961,35.8318,-0.397486
0,0,0
12.0352,35.6878,-0.397498
0,0,0
12.4703,35.5317,-0.397429
12.6894,35.4583,-0.397475
12.9088,35.3854,-0.397544
13.1281,35.3121,-0.397625
13.3509,35.2477,-0.397832
13.5615,35.1512,-0.397659
13.7682,35.0449,-0.397383
13.9833,34.9607,-0.397394
14.1704,34.8076,-0.396565
14.3818,34.7154,-0.396507
14.6217,34.691,-0.397314
14.8792,34.7054,-0.398627
15.1027,34.6382,-0.398938
15.3275,34.5732,-0.399295
13.6666,30.3233,-0.346792
13.8953,30.3325,-0.347978
14.0411,30.1606,-0.346884
14.222,30.0657,-0.34678
14.3902,29.9446,-0.346354
14.5465,29.8,-0.34564
14.7321,29.7164,-0.34572
14.9313,29.6594,-0.346158
17.3462,33.9362,-0.402682
17.5638,33.8478,-0.402923
17.7879,33.7712,-0.403338
18.0137,33.6967,-0.403799
18.2358,33.6146,-0.404179
18.4514,33.5196,-0.404409
18.6626,33.4162,-0.404548
18.8756,33.3159,-0.404743
19.0927,33.222,-0.405043
19.343,33.1845,-0.406114
19.5793,33.1212,-0.406863
19.8269,33.075,-0.407865
20.0689,33.0177,-0.40874
20.3042,32.9475,-0.409466
20.5314,32.863,-0.410019
20.7621,32.7829,-0.410653
20.9888,32.6953,-0.411206
21.2201,32.6137,-0.411862
21.4479,32.5254,-0.41245
21.6859,32.4514,-0.413256
21.9284,32.3823,-0.414154
22.1776,32.3213,-0.415191
22.4131,32.2388,-0.415951
22.6514,32.1588,-0.416769
22.893,32.0818,-0.417656
23.1088,31.9675,-0.418036
23.3329,31.8638,-0.418589
23.5363,31.7313,-0.41875
23.7335,31.5903,-0.418808
21.2899,27.9786,-0.368643
21.4673,27.8554,-0.368758
21.4132,27.4354,-0.364554
24.8477,31.4361,-0.425236
25.0851,31.3392,-0.426065
25.3191,31.2368,-0.426837
25.5737,31.1581,-0.427989
25.8322,31.0821,-0.42921
26.0829,30.9949,-0.430292
26.3387,30.9119,-0.431467
26.5972,30.83,-0.432688
26.8398,30.728,-0.433633
27.0993,30.6436,-0.434877
27.3576,30.5557,-0.436098
27.6184,30.4688,-0.437365
27.8758,30.3761,-0.438574
28.1046,30.2506,-0.4393
28.3102,30.0995,-0.439646
6.57933,6.91014,-0.0735515
6.5869,6.83365,-0.0729755
6.61544,6.7795,-0.0727566
6.67589,6.75799,-0.0730677
6.76249,6.76215,-0.0738049
6.8444,6.76058,-0.0744615
6.88361,6.71636,-0.0744269
6.95637,6.70453,-0.0749337
30.8974,29.4135,-0.455058
31.1341,29.2768,-0.455957
31.3689,29.1369,-0.456832
31.6944,29.0791,-0.459136
32.0019,29.0016,-0.461152
28.9629,25.9256,-0.411424
29.3634,25.9614,-0.415145
29.2088,25.5071,-0.410353
29.3776,25.3385,-0.410549
29.6041,25.2187,-0.411632
33.8871,28.5102,-0.473788
30.0313,24.9532,-0.413429
34.4524,28.2711,-0.477036
34.6874,28.1095,-0.477958
35.0106,28.0173,-0.480192
35.2964,27.8925,-0.481874
35.6002,27.7794,-0.483821
35.945,27.6953,-0.486366
36.2662,27.5898,-0.488567
36.598,27.4893,-0.490916
36.9394,27.3929,-0.493405
37.2351,27.2596,-0.495236
37.5532,27.1402,-0.49739
37.8086,26.9731,-0.498657
37.9938,26.755,-0.498945
38.5752,26.8119,-0.504808
38.9179,26.6974,-0.507308
39.2383,26.5646,-0.509496
39.5743,26.4395,-0.511904
39.9278,26.3227,-0.514553
40.3325,26.2359,-0.517905
40.6148,26.0662,-0.519575
36.3681,23.027,-0.459504
41.4693,25.9017,-0.526878
41.7585,25.7275,-0.528652
42.0933,25.5788,-0.531048
42.4819,25.4594,-0.53417
42.5917,25.1713,-0.53356
43.2828,25.2226,-0.540724
43.6639,25.0871,-0.543742
43.9997,24.9222,-0.546161
44.3875,24.7833,-0.549271
0,0,0
0,0,0
0,0,0
0,0,0
0,0,0
0,0,0
0,0,0
0,0,0
0,0,0
44.6177,21.4354,-0.533859
0,0,0
0,0,0
0,0,0
44.8669,20.2153,-0.53053
0,0,0
44.8998,19.5709,-0.527869
45.1799,19.364,-0.529885
45.1744,19.0344,-0.528341
0,0,0
0,0,0
0,0,0
0,0,0
0,0,0
0,0,0
0,0,0
0,0,0
0,0,0
0,0,0
48.7589,16.771,-0.557622
0,0,0
0,0,0
0,0,0
0,0,0
0,0,0
0,0,0
0,0,0
0,0,0
0,0,0
0,0,0
0,0,0
0,0,0
0,0,0
0,0,0
0,0,0
0,0,0
0,0,0
0,0,0
0,0,0
0,0,0
0,0,0
0,0,0
0,0,0
0,0,0
0,0,0
0,0,0
0,0,0
0,0,0
36.2057,5.59583,-0.385668
0,0,0
30.1693,4.28454,-0.314665
35.717,4.84896,-0.37886
31.5623,4.08789,-0.330262
34.7605,4.28538,-0.3671
34.9083,4.08631,-0.368516
0,0,0
33.9016,3.54733,-0.356306
33.6511,3.31251,-0.353162
33.7654,3.11469,-0.354256
19.3591,1.66622,-0.187474
32.1255,2.56628,-0.334893
33.7223,2.48567,-0.353162
33.7568,2.28006,-0.353392
33.7642,2.07252,-0.353323
33.7563,1.86421,-0.353093
33.7441,1.65592,-0.352828
30.0483,1.28983,-0.310104
33.659,1.23792,-0.351641
33.7399,1.03363,-0.352494
33.7486,0.826661,-0.352528
33.6491,0.617661,-0.35133
32.7144,0.399734,-0.340525
33.3132,0.202618,-0.347402
33.2998,-0.00179053,-0.347241
24.7589,-0.153152,-0.248858
33.9342,-0.418288,-0.354579
34.1479,-0.630505,-0.357078
35.4279,-0.871638,-0.37188
35.4019,-1.08839,-0.37165
35.4455,-1.30747,-0.372237
36.7575,-1.58178,-0.387465
36.7521,-1.80754,-0.387523
37.4522,-2.07241,-0.395736
37.859,-2.32801,-0.400585
0,0,0
0,0,0
0,0,0
0,0,0
0,0,0
0,0,0
0,0,0
35.3179,-3.91863,-0.372986
35.3131,-4.13759,-0.373216
0,0,0
0,0,0
0,0,0
0,0,0
0,0,0
0,0,0
0,0,0
0,0,0
0,0,0
0,0,0
0,0,0
0,0,0
0,0,0
0,0,0
0,0,0
0,0,0
0,0,0
0,0,0
0,0,0
0,0,0
0,0,0
0,0,0
0,0,0
0,0,0
0,0,0
0,0,0
0,0,0
0,0,0
0,0,0
0,0,0
0,0,0
0,0,0
0,0,0
0,0,0
0,0,0
0,0,0
0,0,0
25.2477,-9.21037,-0.273232
0,0,0
0,0,0
0,0,0
0,0,0
0,0,0
0,0,0
0,0,0
0,0,0
0,0,0
0,0,0
0,0,0
0,0,0
0,0,0
0,0,0
0,0,0
0,0,0
0,0,0
0,0,0
0,0,0
24.0844,-12.3104,-0.275225
20.452,-10.6125,-0.229068
0,0,0
0,0,0
0,0,0
0,0,0
0,0,0
0,0,0
0,0,0
0,0,0
0,0,0
0,0,0
17.9671,-10.9206,-0.205846
0,0,0
0,0,0
0,0,0
0,0,0
0,0,0
0,0,0
21.0898,-14.0933,-0.255838
20.7976,-14.0834,-0.252982
0,0,0
0,0,0
0,0,0
23.1065,-16.4882,-0.290637
0,0,0
22.7943,-16.6914,-0.289093
22.6842,-16.8256,-0.28899
22.5494,-16.941,-0.288541
0,0,0
21.9683,-16.9302,-0.283138
21.7884,-17.0056,-0.282032
21.6797,-17.1359,-0.281975
21.4687,-17.1842,-0.28042
21.3777,-17.3276,-0.280639
21.0669,-17.291,-0.277598
20.7405,-17.2371,-0.274303
17.7385,-14.9271,-0.230704
19.8287,-16.895,-0.263729
19.4824,-16.8073,-0.260043
19.1236,-16.7035,-0.256138
18.784,-16.6112,-0.252498
14.9323,-13.3691,-0.194523
17.9831,-16.3006,-0.243237
17.728,-16.2686,-0.240818
17.37,-16.1375,-0.236763
17.0063,-15.9951,-0.232582
16.7253,-15.9254,-0.229679
16.3904,-15.7994,-0.225889
16.1078,-15.7188,-0.222906
15.9186,-15.726,-0.221408
15.6868,-15.6883,-0.219208
15.3843,-15.5758,-0.215833
15.1202,-15.4974,-0.213057
14.8229,-15.3804,-0.209705
14.5848,-15.3204,-0.207309
14.446,-15.3622,-0.20656
14.1229,-15.2044,-0.20269
13.9766,-15.2333,-0.201792
13.6532,-15.0654,-0.197852
13.5558,-15.1437,-0.197771
13.2507,-14.9868,-0.194085
13.1657,-15.0761,-0.194212
13.0482,-15.1279,-0.193774
12.8779,-15.1171,-0.192404
12.5931,-14.9678,-0.188971
12.5272,-15.0763,-0.189443
12.1275,-14.7788,-0.183868
12.3577,-15.2491,-0.189743
11.7972,-14.7414,-0.181138
11.7362,-14.8512,-0.181691
11.659,-14.9411,-0.181956
11.1277,-14.442,-0.173662
11.2284,-14.7591,-0.177268
11.4031,-15.1811,-0.182359
10.7534,-14.5006,-0.1716
11.0381,-15.077,-0.178892
10.9032,-15.0861,-0.178063
10.7228,-15.0298,-0.176323
10.6534,-15.1281,-0.176784
10.5957,-15.244,-0.177498
10.4963,-15.3005,-0.177383
10.307,-15.2239,-0.175425
10.3761,-15.5305,-0.1788
10.1573,-15.4068,-0.17622
9.99283,-15.3616,-0.174745
9.84815,-15.3443,-0.173674
9.69712,-15.3149,-0.172453
9.5484,-15.2868,-0.171266
9.38677,-15.2352,-0.169781
9.33776,-15.366,-0.170771
9.05672,-15.1117,-0.16659
8.92414,-15.0998,-0.165691
8.76134,-15.0342,-0.16409
8.92248,-15.529,-0.169953
8.84034,-15.607,-0.170264
8.76342,-15.695,-0.170714
7.69264,-13.978,-0.147434
7.59767,-14.0082,-0.147215
7.5884,-14.1983,-0.149093
7.44849,-14.1446,-0.147791
7.15251,-13.7871,-0.142561
7.04731,-13.7906,-0.142043
7.18912,-14.2838,-0.147848
6.78741,-13.6942,-0.139705
7.29176,-14.9416,-0.155163
6.83752,-14.2316,-0.145522
6.91293,-14.6177,-0.14991
6.3358,-13.6128,-0.136606
6.91247,-15.0933,-0.154875
6.77578,-15.0379,-0.153642
6.35156,-14.3305,-0.144209
6.26191,-14.3655,-0.144162
5.95976,-13.9046,-0.137908
5.84948,-13.8819,-0.13717
5.76955,-13.9305,-0.137332
5.80533,-14.2638,-0.141041
5.90666,-14.7718,-0.146904
5.80604,-14.7826,-0.146593
5.70119,-14.7816,-0.146144
5.56719,-14.7022,-0.144738
5.1463,-13.8466,-0.133807
5.1003,-13.985,-0.13512
5.08344,-14.209,-0.137481
4.84455,-13.8078,-0.132206
0,0,0
4.68241,-13.889,-0.132482
0,0,0
0,0,0
0,0,0
0,0,0
0,0,0
0,0,0
0,0,0
0,0,0
0,0,0
0,0,0
0,0,0
0,0,0
0,0,0
0,0,0
0,0,0
0,0,0
0,0,0
0,0,0
0,0,0
0,0,0
0,0,0
0,0,0
0,0,0
0,0,0
0,0,0
0,0,0
0,0,0
0,0,0
0,0,0
0,0,0
0,0,0
0,0,0
0,0,0
0,0,0
0,0,0
0,0,0
0,0,0
0,0,0
0,0,0
0,0,0
0,0,0
0,0,0
0,0,0
0,0,0
0,0,0
0,0,0
0,0,0
0,0,0
0,0,0
0,0,0
0,0,0
0,0,0
0,0,0
0,0,0
0,0,0
0,0,0
0,0,0
0,0,0
0,0,0
0,0,0
0,0,0
0,0,0
0,0,0
0,0,0
0,0,0
0,0,0
0,0,0
0,0,0
0,0,0
0,0,0
0,0,0
0,0,0
0,0,0
0,0,0
0,0,0
0,0,0
0,0,0
0,0,0
0,0,0
0,0,0
0,0,0
0,0,0
0,0,0
0,0,0
0,0,0
0,0,0
0,0,0
0,0,0
0,0,0
0,0,0
0,0,0
0,0,0
0,0,0
0,0,0
0,0,0
0,0,0
0,0,0
0,0,0
0,0,0
0,0,0
0,0,0
0,0,0
0,0,0
0,0,0
0,0,0
0,0,0
0,0,0
0,0,0
0,0,0
0,0,0
0,0,0
0,0,0
0,0,0
0,0,0
0,0,0
0,0,0
0,0,0
0,0,0
0,0,0
0,0,0
0,0,0
0,0,0
0,0,0
0,0,0
0,0,0
0,0,0
0,0,0
0,0,0
0,0,0
0,0,0
0,0,0
0,0,0
0,0,0
0,0,0
0,0,0
0,0,0
0,0,0
0,0,0
0,0,0
0,0,0
0,0,0
0,0,0
0,0,0
0,0,0
0,0,0
0,0,0
0,0,0
0,0,0
0,0,0
0,0,0
0,0,0
0,0,0
0,0,0
0,0,0
0,0,0
0,0,0
0,0,0
0,0,0
0,0,0
0,0,0
0,0,0
0,0,0
0,0,0
0,0,0
0,0,0
0,0,0
0,0,0
0,0,0
0,0,0
0,0,0
0,0,0
0,0,0
0,0,0
0,0,0
0,0,0
0,0,0
0,0,0
0,0,0
0,0,0
0,0,0
0,0,0
0,0,0
0,0,0
0,0,0
0,0,0
0,0,0
0,0,0
0,0,0
0,0,0
0,0,0
0,0,0
0,0,0
0,0,0
0,0,0
0,0,0
0,0,0
0,0,0
0,0,0
0,0,0
0,0,0
0,0,0
0,0,0
0,0,0
0,0,0
0,0,0
0,0,0
0,0,0
0,0,0
0,0,0
0,0,0
0,0,0
0,0,0
0,0,0
0,0,0
0,0,0
0,0,0
0,0,0
0,0,0
0,0,0
0,0,0
0,0,0
0,0,0
0,0,0
0,0,0
0,0,0
0,0,0
0,0,0
0,0,0
0,0,0
0,0,0
0,0,0
0,0,0
0,0,0
0,0,0
0,0,0
0,0,0
0,0,0
0,0,0
0,0,0
0,0,0
0,0,0
0,0,0
0,0,0
0,0,0
0,0,0
0,0,0
0,0,0
0,0,0
0,0,0
0,0,0
0,0,0
0,0,0
0,0,0
0,0,0
0,0,0
0,0,0
0,0,0
0,0,0
0,0,0
0,0,0
0,0,0
0,0,0
0,0,0
0,0,0
0,0,0
0,0,0
0,0,0
0,0,0
0,0,0
0,0,0
0,0,0
0,0,0
0,0,0
0,0,0
0,0,0
0,0,0
0,0,0
0,0,0
0,0,0
0,0,0
0,0,0
0,0,0
0,0,0
0,0,0
0,0,0
0,0,0
0,0,0
0,0,0
0,0,0
0,0,0
0,0,0
0,0,0
0,0,0
0,0,0
0,0,0
0,0,0
0,0,0
0,0,0
0,0,0
0,0,0
0,0,0
0,0,0
0,0,0
0,0,0
0,0,0
0,0,0
0,0,0
0,0,0
0,0,0
0,0,0
0,0,0
0,0,0
0,0,0
0,0,0
0,0,0
0,0,0
0,0,0
0,0,0
0,0,0
0,0,0
0,0,0
0,0,0
0,0,0
0,0,0
0,0,0
0,0,0
0,0,0
0,0,0
0,0,0
0,0,0
0,0,0
0,0,0
0,0,0
0,0,0
0,0,0
0,0,0
0,0,0
0,0,0
0,0,0
0,0,0
0,0,0
0,0,0
0,0,0
0,0,0
0,0,0
0,0,0
0,0,0
0,0,0
0,0,0
0,0,0
0,0,0
0,0,0
0,0,0
0,0,0
0,0,0
0,0,0
0,0,0
0,0,0
0,0,0
0,0,0
0,0,0
0,0,0
0,0,0
0,0,0
0,0,0
0,0,0
0,0,0
0,0,0
0,0,0
0,0,0
0,0,0
0,0,0
0,0,0
0,0,0
0,0,0
0,0,0
0,0,0
0,0,0
0,0,0
0,0,0
0,0,0
0,0,0
0,0,0
0,0,0
0,0,0
0,0,0
0,0,0
0,0,0
0,0,0
0,0,0
0,0,0
0,0,0
0,0,0
0,0,0
0,0,0
0,0,0
0,0,0
0,0,0
0,0,0
0,0,0
0,0,0
0,0,0
0,0,0
0,0,0
0,0,0
0,0,0
0,0,0
0,0,0
0,0,0
0,0,0
0,0,0
0,0,0
0,0,0
0,0,0
0,0,0
0,0,0
0,0,0
0,0,0
0,0,0
0,0,0
0,0,0
0,0,0
0,0,0
0,0,0
0,0,0
0,0,0
0,0,0
0,0,0
0,0,0
0,0,0
0,0,0
0,0,0
0,0,0
0,0,0
0,0,0
0,0,0
0,0,0
0,0,0
0,0,0
0,0,0
0,0,0
0,0,0
0,0,0
0,0,0
0,0,0
0,0,0
0,0,0
0,0,0
0,0,0
0,0,0
0,0,0
0,0,0
0,0,0
0,0,0
0,0,0
0,0,0
0,0,0
0,0,0
0,0,0
0,0,0
0,0,0
0,0,0
0,0,0
0,0,0
0,0,0
0,0,0
0,0,0
0,0,0
0,0,0
0,0,0
0,0,0
0,0,0
0,0,0
0,0,0
0,0,0
0,0,0
0,0,0
0,0,0
0,0,0
0,0,0
0,0,0
0,0,0
0,0,0
0,0,0
0,0,0
0,0,0
0,0,0
0,0,0
0,0,0
0,0,0
0,0,0
0,0,0
0,0,0
0,0,0
0,0,0
0,0,0
0,0,0
0,0,0
0,0,0
0,0,0
0,0,0
0,0,0
0,0,0
0,0,0
0,0,0
0,0,0
0,0,0
0,0,0
0,0,0
0,0,0
0,0,0
0,0,0
0,0,0
0,0,0
0,0,0
0,0,0
0,0,0
0,0,0
0,0,0
0,0,0
0,0,0
0,0,0
0,0,0
0,0,0
0,0,0
0,0,0
0,0,0
0,0,0
0,0,0
0,0,0
0,0,0
0,0,0
0,0,0
0,0,0
0,0,0
0,0,0
0,0,0
0,0,0
0,0,0
0,0,0
0,0,0
0,0,0
0,0,0
0,0,0
0,0,0
0,0,0
0,0,0
0,0,0
0,0,0
0,0,0
0,0,0
0,0,0
0,0,0
0,0,0
0,0,0
0,0,0
0,0,0
0,0,0
0,0,0
0,0,0
0,0,0
0,0,0
0,0,0
0,0,0
0,0,0
0,0,0
0,0,0
0,0,0
0,0,0
0,0,0
0,0,0
0,0,0
0,0,0
0,0,0
0,0,0
0,0,0
0,0,0
0,0,0
0,0,0
0,0,0
0,0,0
0,0,0
0,0,0
0,0,0
0,0,0
0,0,0
0,0,0
0,0,0
0,0,0
0,0,0
0,0,0
0,0,0
0,0,0
0,0,0
0,0,0
0,0,0
0,0,0
0,0,0
0,0,0
0,0,0
0,0,0
0,0,0
0,0,0
0,0,0
0,0,0
0,0,0
0,0,0
0,0,0
0,0,0
0,0,0
0,0,0
0,0,0
0,0,0
0,0,0
7.84536,37.0251,-0.868579
8.07069,36.9684,-0.868388
8.29409,36.9036,-0.868029
8.51609,36.8335,-0.867575
8.73477,36.7504,-0.866834
8.95014,36.6553,-0.865829
9.16541,36.5619,-0.864897
0,0,0
9.59095,36.3616,-0.862793
9.82875,36.3571,-0.864156
10.0524,36.299,-0.864228
10.2739,36.2328,-0.864132
10.5005,36.1844,-0.864514
10.7217,36.1174,-0.864467
10.9402,36.0413,-0.864228
11.1553,35.9544,-0.863749
11.376,35.8863,-0.863773
11.5898,35.7968,-0.863295
11.8083,35.7221,-0.863223
12.0371,35.6784,-0.863965
12.2539,35.5982,-0.863821
12.476,35.5336,-0.864108
12.6949,35.4592,-0.86418
12.9115,35.3788,-0.864132
13.1287,35.2998,-0.864156
13.3479,35.2261,-0.864347
13.5602,35.1342,-0.864108
13.7715,35.0401,-0.863845
13.9829,34.9466,-0.86363
14.1718,34.7981,-0.862028
14.3843,34.7086,-0.86198
14.637,34.7146,-0.864443
14.8824,34.7004,-0.866427
15.101,34.6222,-0.866786
15.3257,34.5572,-0.867527
15.5478,34.4853,-0.868125
15.7645,34.4011,-0.868435
14.104,30.2853,-0.762424
14.3229,30.2687,-0.764289
16.4249,34.1672,-0.870085
16.6544,34.1071,-0.871185
16.882,34.0419,-0.872189
17.1036,33.9636,-0.872882
17.3326,33.8989,-0.873982
17.5555,33.8212,-0.874771
17.7795,33.7447,-0.875632
18.0022,33.665,-0.876445
18.2194,33.5741,-0.876995
18.4323,33.4748,-0.877353
18.6393,33.3646,-0.877449
18.8501,33.2609,-0.87776
19.0578,33.1515,-0.877951
19.2931,33.0892,-0.879481
19.5512,33.064,-0.882087
19.8093,33.036,-0.884669
20.024,32.9344,-0.885243
20.2709,32.8841,-0.887299
20.5152,32.8277,-0.889236
20.7451,32.7469,-0.890527
20.9753,32.6652,-0.891842
20.5183,31.5262,-0.863032
20.7912,31.5207,-0.866499
21.6003,32.3143,-0.893014
21.8828,32.3062,-0.896624
0,0,0
21.9157,31.5148,-0.881466
0,0,0
22.5018,31.5251,-0.889738
21.8636,30.2368,-0.855812
22.1172,30.1956,-0.858585
21.5528,29.0493,-0.828508
0,0,0
21.3361,28.0317,-0.805938
21.4912,27.8789,-0.805292
23.3567,29.9175,-0.871161
0,0,0
23.9263,29.8838,-0.878979
0,0,0
24.2247,29.5068,-0.876469
24.3056,29.2377,-0.872739
24.5109,29.1194,-0.873719
24.918,29.237,-0.882159
25.0231,28.998,-0.879457
25.1822,28.8229,-0.878788
25.3632,28.6731,-0.878955
25.596,28.5809,-0.881011
25.6433,28.2826,-0.876469
25.8177,28.1262,-0.876517
26.013,27.9922,-0.87733
26.1486,27.7942,-0.876086
6.57958,6.90696,-0.191579
6.58021,6.82328,-0.190145
6.61846,6.77919,-0.190025
6.66766,6.74628,-0.190288
6.79306,6.78935,-0.193133
6.84384,6.75667,-0.193444
6.88231,6.71176,-0.193348
6.93776,6.68328,-0.193827
27.4785,26.1521,-0.870659
27.6625,26.0056,-0.871448
27.8435,25.8558,-0.872165
27.9913,25.675,-0.871831
28.1268,25.4833,-0.871137
28.2409,25.2729,-0.869798
28.2254,24.9488,-0.864371
28.4096,24.8028,-0.865375
28.5408,24.6104,-0.86473
28.7872,24.5164,-0.867742
28.859,24.2737,-0.865303
29.0421,24.1249,-0.866379
29.2367,23.985,-0.867838
29.4012,23.8196,-0.868388
29.5686,23.6562,-0.869057
29.7352,23.4917,-0.869727
30.0269,23.4244,-0.874221
30.2651,23.3129,-0.87709
30.457,23.1643,-0.878573
30.6017,22.9794,-0.878668
30.4635,22.5846,-0.870372
30.8798,22.601,-0.878621
30.9328,22.3496,-0.87611
31.1491,22.2163,-0.878453
31.2897,22.0282,-0.878597
31.5442,21.919,-0.882087
31.6657,21.7166,-0.881729
31.887,21.5819,-0.884287
32.1618,21.4813,-0.888399
32.5843,21.4756,-0.896743
32.6853,21.2556,-0.895883
32.8529,21.079,-0.896959
17.1065,10.8275,-0.447618
33.5094,20.9241,-0.908243
33.7163,20.7669,-0.910467
33.9012,20.5949,-0.912093
34.273,20.534,-0.918955
34.5524,20.4143,-0.923234
34.7997,20.2734,-0.926629
21.8241,12.5349,-0.565344
35.4286,20.0616,-0.937149
35.6288,19.8872,-0.939277
35.7965,19.6938,-0.940544
36.0582,19.5505,-0.944394
36.3432,19.4174,-0.948888
0,0,0
0,0,0
17.9625,9.17535,-0.445825
37.7126,18.9744,-0.973084
0,0,0
18.5856,9.06629,-0.457994
0,0,0
15.684,7.41378,-0.37833
15.7075,7.30729,-0.377757
0,0,0
20.4128,9.1936,-0.498854
16.1547,7.15664,-0.386005
18.5683,8.09016,-0.447833
18.3079,7.84338,-0.439776
16.3656,6.89262,-0.388133
21.3077,8.82088,-0.514969
27.2805,11.0982,-0.667793
27.0036,10.7929,-0.658923
21.9792,8.62849,-0.528142
27.3682,10.551,-0.664924
27.3417,10.3486,-0.662605
27.4319,10.1907,-0.663299
20.7295,7.55609,-0.491108
27.2621,9.74861,-0.655863
27.2865,9.56891,-0.654978
0,0,0
21.4221,7.21813,-0.504066
21.1907,6.99565,-0.497133
26.5686,8.59092,-0.631237
26.3139,8.33056,-0.623538
26.1955,8.11657,-0.619306
26.2295,7.95104,-0.618924
20.319,6.02321,-0.470283
26.0389,7.54564,-0.611799
25.9347,7.34323,-0.608069
25.8598,7.15091,-0.605105
25.9457,7.00357,-0.606157
25.6768,6.76224,-0.598458
25.6278,6.58144,-0.596235
25.6726,6.42528,-0.596354
25.4133,6.19493,-0.589014
25.4314,6.03427,-0.588536
25.4348,5.87046,-0.587723
25.4323,5.70575,-0.586791
25.0986,5.46933,-0.577777
25.1121,5.31109,-0.577299
25.1296,5.15389,-0.57694
25.196,5.00661,-0.577801
24.9151,4.79205,-0.570222
24.9607,4.64219,-0.570628
25.0074,4.49231,-0.571083
24.9025,4.3159,-0.567879
24.754,4.13386,-0.563647
24.5785,3.94969,-0.558793
24.5578,3.79194,-0.557718
24.6578,3.65261,-0.559582
0,0,0
24.3193,3.29801,-0.550378
24.3024,3.14398,-0.549493
24.2816,2.98991,-0.548537
24.3263,2.844,-0.549182
24.6801,2.73199,-0.557287
24.6875,2.57957,-0.557072
24.2332,2.38186,-0.545787
24.4315,2.25009,-0.55021
19.3531,1.66245,-0.427989
25.0851,2.0002,-0.565273
25.427,1.87054,-0.573187
25.6255,1.72713,-0.577681
25.9659,1.59011,-0.585595
25.3014,1.39361,-0.569457
25.3244,1.23907,-0.569815
25.1677,1.07664,-0.565894
25.1469,0.921208,-0.565249
25.1491,0.766801,-0.565177
25.0214,0.609256,-0.562021
25.0357,0.455917,-0.562284
25.033,0.302232,-0.562165
25.0644,0.148807,-0.562882
24.9718,-0.00497396,-0.560658
24.6394,-0.156111,-0.552721
24.635,-0.307255,-0.552649
24.5547,-0.45696,-0.550784
24.6564,-0.610208,-0.553294
24.9859,-0.771779,-0.56128
25.65,-0.949831,-0.577299
26.0353,-1.12409,-0.586671
21.299,-1.05077,-0.473439
27.1524,-1.50629,-0.613807
27.8601,-1.71706,-0.630998
28.0755,-1.90331,-0.636425
28.0722,-2.07621,-0.63664
28.0291,-2.24602,-0.635923
0,0,0
27.9218,-2.58263,-0.634058
27.7492,-2.7385,-0.630304
0,0,0
0,0,0
27.5729,-3.2346,-0.627388
23.8121,-2.9418,-0.537252
0,0,0
27.4523,-3.73391,-0.626025
26.9498,-3.83415,-0.614453
26.7824,-3.97814,-0.610986
0,0,0
0,0,0
19.0424,-3.1881,-0.425191
26.657,-4.6308,-0.610508
26.6389,-4.79622,-0.610771
26.6375,-4.9649,-0.611464
26.1481,-5.03991,-0.600299
26.5481,-5.28614,-0.610819
0,0,0
26.0049,-5.51062,-0.599175
25.6991,-5.61081,-0.592529
25.9607,-5.83502,-0.599797
25.7442,-5.95255,-0.595374
25.8735,-6.14992,-0.599462
25.4944,-6.22534,-0.59107
25.2734,-6.33596,-0.586575
25.2844,-6.50386,-0.587819
25.217,-6.65174,-0.587149
25.1361,-6.79565,-0.586169
25.223,-6.9855,-0.589373
25.0066,-7.09105,-0.585069
25.2017,-7.31373,-0.591022
24.9579,-7.40934,-0.586073
0,0,0
24.7649,-7.68395,-0.583563
24.5905,-7.79558,-0.580383
24.5023,-7.93339,-0.579379
22.4503,-7.4216,-0.528931
24.3652,-8.22069,-0.578423
0,0,0
24.3058,-8.5343,-0.579522
24.3547,-8.71967,-0.582105
24.3674,-8.89327,-0.583802
0,0,0
0,0,0
24.4505,-9.43711,-0.590233
24.4758,-9.61987,-0.592385
23.8891,-9.55894,-0.578805
23.9208,-9.74229,-0.581148
23.1411,-9.59075,-0.562523
0,0,0
22.0174,-9.44334,-0.536391
22.5153,-9.82085,-0.550904
22.397,-9.93328,-0.549397
22.167,-9.99451,-0.544974
22.0926,-10.1245,-0.544639
21.8859,-10.1928,-0.540838
21.8528,-10.341,-0.541627
21.4817,-10.3272,-0.533474
21.3721,-10.4364,-0.532255
21.1232,-10.4759,-0.52733
21.0281,-10.59,-0.526517
20.5818,-10.524,-0.516284
20.476,-10.629,-0.515184
20.3556,-10.7255,-0.513702
20.2065,-10.8059,-0.511454
20.0414,-10.8763,-0.508776
19.878,-10.946,-0.506146
19.7458,-11.0317,-0.504377
19.5325,-11.0703,-0.500384
19.2857,-11.0873,-0.495459
19.1879,-11.1883,-0.494646
18.9976,-11.2341,-0.491275
18.9249,-11.3484,-0.49118
17.9383,-10.9071,-0.465525
17.9238,-11.0495,-0.467008
18.3219,-11.4506,-0.480158
18.0858,-11.458,-0.475472
17.9782,-11.5449,-0.47442
17.8332,-11.6071,-0.472316
17.7225,-11.6904,-0.471192
17.5731,-11.7472,-0.468968
17.3136,-11.7282,-0.463565
17.1894,-11.7985,-0.462059
17.051,-11.8581,-0.460146
16.933,-11.9308,-0.458831
16.713,-11.93,-0.454527
16.6573,-12.0452,-0.455053
16.542,-12.117,-0.453834
16.444,-12.201,-0.453141
16.3041,-12.2531,-0.451204
16.2437,-12.3644,-0.451658
16.1145,-12.4229,-0.450057
16.0104,-12.5,-0.44922
15.9012,-12.5726,-0.448239
15.7856,-12.6393,-0.447068
15.6619,-12.6988,-0.445657
15.5559,-12.7718,-0.444797
15.4449,-12.8402,-0.443792
15.323,-12.8987,-0.442454
15.2139,-12.9672,-0.441521
15.1007,-13.0315,-0.440469
14.946,-13.0588,-0.438102
14.8326,-13.1212,-0.43705
14.7287,-13.1912,-0.436309
14.626,-13.2619,-0.435616
14.5009,-13.3115,-0.434205
14.3677,-13.3526,-0.432531
14.2447,-13.4021,-0.431193
14.1318,-13.4603,-0.430188
12.0058,-11.5769,-0.362311
11.9445,-11.6601,-0.362646
13.797,-13.6346,-0.427343
13.6389,-13.6447,-0.424833
9.30444,-9.42386,-0.280161
9.23806,-9.47218,-0.279874
13.2863,-13.7905,-0.421414
13.0897,-13.7545,-0.417541
12.9893,-13.8178,-0.416991
12.9084,-13.9016,-0.417134
12.8404,-13.9997,-0.417756
12.7617,-14.0864,-0.418019
12.665,-14.1532,-0.41766
12.5753,-14.2277,-0.417565
12.3832,-14.1848,-0.413763
12.2594,-14.2182,-0.412424
12.1155,-14.2269,-0.410344
11.9469,-14.2046,-0.407332
11.7413,-14.1354,-0.402909
11.5992,-14.1399,-0.400828
11.409,-14.0834,-0.396907
11.2437,-14.0548,-0.393895
10.9967,-13.9203,-0.387703
10.8416,-13.8985,-0.385001
10.6506,-13.8277,-0.380865
10.4996,-13.8061,-0.378259
10.3036,-13.7224,-0.373836
10.1192,-13.6504,-0.369819
9.94547,-13.5896,-0.366185
9.75943,-13.5086,-0.362001
9.62411,-13.495,-0.359849
9.4571,-13.4344,-0.356358
9.27637,-13.351,-0.352246
9.12642,-13.3087,-0.349377
8.98687,-13.2792,-0.346914
8.8297,-13.221,-0.343663
8.69175,-13.189,-0.3412
8.54689,-13.144,-0.338403
8.4218,-13.1272,-0.336442
8.29137,-13.1001,-0.334219
8.16741,-13.0812,-0.332258
8.04348,-13.0604,-0.330274
7.9201,-13.0386,-0.328289
7.78806,-13.0003,-0.325875
7.66237,-12.9704,-0.323723
7.5303,-12.9274,-0.321236
7.42445,-12.9274,-0.319969
7.32528,-12.9379,-0.319013
7.20726,-12.9136,-0.317124
7.06862,-12.8499,-0.314183
6.98773,-12.8895,-0.314088
6.89155,-12.9004,-0.313227
6.77454,-12.8708,-0.31129
6.67887,-12.8802,-0.31043
6.4851,-12.6965,-0.304405
6.41471,-12.7513,-0.304811
6.37453,-12.8674,-0.306867
6.27573,-12.8659,-0.305791
6.18152,-12.8726,-0.304954
5.99901,-12.6916,-0.299169
5.90457,-12.6928,-0.298236
5.80993,-12.6924,-0.29728
5.71142,-12.6823,-0.296084
5.56424,-12.5608,-0.291996
5.50583,-12.6377,-0.29312
5.50418,-12.8486,-0.297734
5.42252,-12.8757,-0.297567
5.26349,-12.7157,-0.29257
5.07497,-12.4764,-0.285564
4.95565,-12.4006,-0.282815
4.94706,-12.6029,-0.287238
4.88546,-12.6741,-0.28829
4.81221,-12.716,-0.288601
4.73792,-12.7556,-0.288864
4.53184,-12.4341,-0.279946
0,0,0
0,0,0
4.25344,-12.3736,-0.27636
4.14168,-12.2933,-0.273682
0,0,0
0,0,0
0,0,0
0,0,0
0,0,0
0,0,0
0,0,0
0,0,0
0,0,0
0,0,0
0,0,0
0,0,0
0,0,0
0,0,0
0,0,0
0,0,0
0,0,0
0,0,0
0,0,0
0,0,0
0,0,0
0,0,0
0,0,0
0,0,0
0,0,0
0,0,0
0,0,0
0,0,0
0,0,0
0,0,0
0,0,0
0,0,0
0,0,0
0,0,0
0,0,0
0,0,0
0,0,0
0,0,0
0,0,0
0,0,0
0,0,0
0,0,0
0,0,0
0,0,0
0,0,0
0,0,0
0,0,0
0,0,0
0,0,0
0,0,0
0,0,0
0,0,0
0,0,0
0,0,0
0,0,0
0,0,0
0,0,0
0,0,0
0,0,0
0,0,0
0,0,0
0,0,0
0,0,0
0,0,0
0,0,0
0,0,0
0,0,0
0,0,0
0,0,0
0,0,0
0,0,0
0,0,0
0,0,0
0,0,0
0,0,0
0,0,0
0,0,0
0,0,0
0,0,0
0,0,0
0,0,0
0,0,0
0,0,0
0,0,0
0,0,0
0,0,0
0,0,0
0,0,0
0,0,0
0,0,0
0,0,0
0,0,0
0,0,0
0,0,0
0,0,0
0,0,0
0,0,0
0,0,0
0,0,0
0,0,0
0,0,0
0,0,0
0,0,0
0,0,0
0,0,0
0,0,0
0,0,0
0,0,0
0,0,0
0,0,0
0,0,0
0,0,0
0,0,0
0,0,0
0,0,0
0,0,0
0,0,0
0,0,0
0,0,0
0,0,0
0,0,0
0,0,0
0,0,0
0,0,0
0,0,0
0,0,0
0,0,0
0,0,0
0,0,0
0,0,0
0,0,0
0,0,0
0,0,0
0,0,0
0,0,0
0,0,0
0,0,0
0,0,0
0,0,0
0,0,0
0,0,0
0,0,0
0,0,0
0,0,0
0,0,0
0,0,0
0,0,0
0,0,0
0,0,0
0,0,0
0,0,0
0,0,0
0,0,0
0,0,0
0,0,0
0,0,0
0,0,0
0,0,0
0,0,0
0,0,0
0,0,0
0,0,0
0,0,0
0,0,0
0,0,0
0,0,0
0,0,0
0,0,0
0,0,0
0,0,0
0,0,0
0,0,0
0,0,0
0,0,0
0,0,0
0,0,0
0,0,0
0,0,0
0,0,0
0,0,0
0,0,0
0,0,0
0,0,0
0,0,0
0,0,0
0,0,0
0,0,0
0,0,0
0,0,0
0,0,0
0,0,0
0,0,0
0,0,0
0,0,0
0,0,0
0,0,0
0,0,0
0,0,0
0,0,0
0,0,0
0,0,0
0,0,0
0,0,0
0,0,0
0,0,0
0,0,0
0,0,0
0,0,0
0,0,0
0,0,0
0,0,0
0,0,0
0,0,0
0,0,0
0,0,0
0,0,0
0,0,0
0,0,0
0,0,0
0,0,0
0,0,0
0,0,0
0,0,0
0,0,0
0,0,0
0,0,0
0,0,0
0,0,0
0,0,0
0,0,0
0,0,0
0,0,0
0,0,0
0,0,0
0,0,0
0,0,0
0,0,0
0,0,0
0,0,0
0,0,0
0,0,0
0,0,0
0,0,0
0,0,0
0,0,0
0,0,0
0,0,0
0,0,0
0,0,0
0,0,0
0,0,0
0,0,0
0,0,0
0,0,0
0,0,0
0,0,0
0,0,0
0,0,0
0,0,0
0,0,0
0,0,0
0,0,0
0,0,0
0,0,0
0,0,0
0,0,0
0,0,0
0,0,0
0,0,0
0,0,0
0,0,0
0,0,0
0,0,0
0,0,0
0,0,0
0,0,0
0,0,0
0,0,0
0,0,0
0,0,0
0,0,0
0,0,0
0,0,0
0,0,0
0,0,0
0,0,0
0,0,0
0,0,0
0,0,0
0,0,0
0,0,0
0,0,0
0,0,0
0,0,0
0,0,0
0,0,0
0,0,0
0,0,0
0,0,0
0,0,0
0,0,0
0,0,0
0,0,0
0,0,0
0,0,0
0,0,0
0,0,0
0,0,0
0,0,0
0,0,0
0,0,0
0,0,0
0,0,0
0,0,0
0,0,0
0,0,0
0,0,0
0,0,0
0,0,0
0,0,0
0,0,0
0,0,0
0,0,0
0,0,0
0,0,0
0,0,0
0,0,0
0,0,0
0,0,0
0,0,0
0,0,0
0,0,0
0,0,0
0,0,0
0,0,0
0,0,0
0,0,0
0,0,0
0,0,0
0,0,0
0,0,0
0,0,0
0,0,0
0,0,0
0,0,0
0,0,0
0,0,0
0,0,0
0,0,0
0,0,0
0,0,0
0,0,0
0,0,0
0,0,0
0,0,0
0,0,0
0,0,0
0,0,0
0,0,0
0,0,0
0,0,0
0,0,0
0,0,0
0,0,0
0,0,0
0,0,0
0,0,0
0,0,0
0,0,0
0,0,0
0,0,0
0,0,0
0,0,0
0,0,0
0,0,0
0,0,0
0,0,0
0,0,0
0,0,0
0,0,0
0,0,0
0,0,0
0,0,0
0,0,0
0,0,0
0,0,0
0,0,0
0,0,0
0,0,0
0,0,0
0,0,0
0,0,0
0,0,0
0,0,0
0,0,0
0,0,0
0,0,0
0,0,0
0,0,0
0,0,0
0,0,0
0,0,0
0,0,0
0,0,0
0,0,0
0,0,0
0,0,0
0,0,0
0,0,0
0,0,0
0,0,0
0,0,0
0,0,0
0,0,0
0,0,0
0,0,0
0,0,0
0,0,0
0,0,0
0,0,0
0,0,0
0,0,0
0,0,0
0,0,0
0,0,0
0,0,0
0,0,0
0,0,0
0,0,0
0,0,0
0,0,0
0,0,0
0,0,0
0,0,0
0,0,0
0,0,0
0,0,0
0,0,0
0,0,0
0,0,0
0,0,0
0,0,0
0,0,0
0,0,0
0,0,0
0,0,0
0,0,0
0,0,0
0,0,0
0,0,0
0,0,0
0,0,0
0,0,0
0,0,0
0,0,0
0,0,0
0,0,0
0,0,0
0,0,0
0,0,0
0,0,0
0,0,0
0,0,0
0,0,0
0,0,0
0,0,0
0,0,0
0,0,0
0,0,0
0,0,0
0,0,0
0,0,0
0,0,0
0,0,0
0,0,0
0,0,0
0,0,0
0,0,0
0,0,0
0,0,0
0,0,0
0,0,0
0,0,0
0,0,0
0,0,0
0,0,0
0,0,0
0,0,0
0,0,0
0,0,0
0,0,0
0,0,0
0,0,0
0,0,0
0,0,0
0,0,0
0,0,0
0,0,0
0,0,0
0,0,0
0,0,0
0,0,0
0,0,0
0,0,0
0,0,0
0,0,0
0,0,0
0,0,0
0,0,0
0,0,0
0,0,0
0,0,0
0,0,0
0,0,0
0,0,0
0,0,0
0,0,0
0,0,0
0,0,0
0,0,0
0,0,0
0,0,0
0,0,0
0,0,0
0,0,0
0,0,0
0,0,0
0,0,0
0,0,0
0,0,0
0,0,0
0,0,0
0,0,0
0,0,0
0,0,0
0,0,0
0,0,0
0,0,0
0,0,0
0,0,0
0,0,0
0,0,0
0,0,0
0,0,0
0,0,0
0,0,0
0,0,0
0,0,0
0,0,0
0,0,0
0,0,0
0,0,0
0,0,0
0,0,0
0,0,0
0,0,0
0,0,0
0,0,0
0,0,0
0,0,0
0,0,0
0,0,0
0,0,0
0,0,0
0,0,0
0,0,0
0,0,0
0,0,0
0,0,0
0,0,0
0,0,0
0,0,0
0,0,0
0,0,0
0,0,0
0,0,0
0,0,0
0,0,0
0,0,0
0,0,0
0,0,0
0,0,0
0,0,0
0,0,0
0,0,0
0,0,0
0,0,0
0,0,0
0,0,0
0,0,0
0,0,0
0,0,0
0,0,0
0,0,0
0,0,0
0,0,0
0,0,0
0,0,0
0,0,0
0,0,0
0,0,0
0,0,0
0,0,0
0,0,0
0,0,0
11.0912,30.4032,-1.12733
0,0,0
0,0,0
11.6112,30.096,-1.12355
11.7865,30.0009,-1.12266
11.9636,29.9113,-1.12201
12.1424,29.8263,-1.12158
12.3202,29.7392,-1.12111
12.499,29.6548,-1.12079
12.6614,29.5325,-1.11902
12.8296,29.4249,-1.11787
12.9759,29.2689,-1.11485
13.1511,29.1796,-1.1145
13.3341,29.1075,-1.11485
13.4922,28.9816,-1.11313
13.6651,28.8884,-1.11273
13.8334,28.786,-1.11202
14.0054,28.6916,-1.11166
14.1758,28.5943,-1.11122
14.3425,28.4899,-1.11054
14.5093,28.3862,-1.10993
14.6832,28.2966,-1.10993
14.6479,27.8099,-1.09383
14.8065,27.6974,-1.09293
14.9823,27.6175,-1.0934
15.1684,27.5557,-1.09465
15.3406,27.4682,-1.0949
15.5379,27.4249,-1.09703
15.7134,27.342,-1.09756
15.8924,27.2649,-1.09839
16.0706,27.1858,-1.09918
16.2515,27.1107,-1.10019
16.431,27.0327,-1.10112
16.6244,26.9764,-1.10303
16.7753,26.851,-1.10206
16.9173,26.7122,-1.10055
17.0884,26.6196,-1.10105
17.2585,26.5252,-1.10152
17.4556,26.4713,-1.10378
17.6549,26.4194,-1.10619
17.8615,26.3768,-1.10907
18.0332,26.2815,-1.10971
18.2038,26.1843,-1.11033
18.3595,26.0656,-1.11004
18.5238,25.9589,-1.11033
18.702,25.8715,-1.11151
18.9153,25.8313,-1.11485
19.1062,25.7589,-1.11683
19.2837,25.6675,-1.11802
19.4457,25.5551,-1.11831
19.607,25.4416,-1.11859
19.7824,25.346,-1.11974
19.9698,25.2649,-1.12161
20.1788,25.2098,-1.12474
20.3538,25.1111,-1.12593
20.5361,25.0205,-1.12754
9.87815,11.8861,-0.519157
20.9381,24.8813,-1.13294
21.1072,24.7722,-1.13387
11.9185,13.8157,-0.619555
21.4333,24.5384,-1.13516
10.9432,12.3748,-0.55744
0,0,0
10.2103,11.2644,-0.510099
12.9462,14.1077,-0.651978
13.0713,14.0697,-0.654027
13.2402,14.0773,-0.658376
12.9391,13.5891,-0.638175
6.62956,6.8779,-0.30686
6.66117,6.82636,-0.306321
0,0,0
13.1054,13.1042,-0.629871
6.85253,6.76861,-0.3097
6.8975,6.72992,-0.309879
6.93003,6.67915,-0.309448
12.6413,12.0345,-0.591049
12.5373,11.7897,-0.582278
12.8657,11.9506,-0.59486
12.5757,11.5383,-0.577138
12.6307,11.4468,-0.576383
13.1862,11.8037,-0.59982
13.3318,11.7874,-0.603343
13.4754,11.7679,-0.606758
13.1114,11.309,-0.586053
13.7108,11.68,-0.611107
13.2423,11.1415,-0.585729
12.5456,10.4245,-0.549963
13.3665,10.9686,-0.58519
13.4335,10.8864,-0.58519
13.1232,10.5022,-0.567828
13.1968,10.4289,-0.56826
13.6639,10.6625,-0.586664
13.6119,10.4882,-0.581344
13.6919,10.4166,-0.582063
13.6541,10.2561,-0.577498
13.5105,10.0192,-0.56826
13.05,9.55414,-0.545002
12.7981,9.24969,-0.531235
13.7569,9.81464,-0.571099
13.1338,9.24902,-0.541048
13.6153,9.46371,-0.559668
12.7633,8.75588,-0.519984
13.2985,9.00346,-0.540905
13.4523,8.98776,-0.545182
13.7667,9.07611,-0.556361
13.8992,9.0416,-0.559668
13.7686,8.83686,-0.551724
13.9982,8.86341,-0.559201
13.909,8.68788,-0.553126
14.3917,8.86709,-0.571279
13.3194,8.0941,-0.523866
13.5814,8.13963,-0.532781
13.6079,8.04241,-0.53181
13.6207,7.93763,-0.530301
14.0001,8.04409,-0.544032
13.991,7.92503,-0.541624
14.0106,7.82296,-0.540437
14.1879,7.80815,-0.545757
14.2118,7.70809,-0.544787
14.488,7.74321,-0.554133
14.4892,7.62995,-0.552264
14.4613,7.50225,-0.549244
14.5684,7.44475,-0.551724
14.6219,7.35927,-0.552048
14.9434,7.40654,-0.563155
14.8018,7.22355,-0.555678
15.1026,7.25592,-0.565923
15.248,7.21097,-0.569949
15.34,7.13962,-0.571854
15.3162,7.01457,-0.569194
15.4483,6.96069,-0.572717
15.6086,6.918,-0.577354
15.4391,6.72986,-0.56905
15.4893,6.63894,-0.56941
15.631,6.58646,-0.573364
15.697,6.50113,-0.57437
15.8162,6.43709,-0.577462
15.9092,6.36144,-0.579547
15.9768,6.27503,-0.580661
16.0206,6.17904,-0.580877
16.3741,6.20023,-0.593026
16.4175,6.10173,-0.593242
16.1992,5.90775,-0.583465
16.429,5.87759,-0.59087
16.4449,5.76972,-0.590115
16.481,5.66904,-0.590151
16.4605,5.54929,-0.588066
16.7619,5.53657,-0.598203
16.8592,5.45422,-0.600611
17.0029,5.38568,-0.604781
17.1511,5.31705,-0.60913
17.2179,5.22215,-0.610424
17.2965,5.13033,-0.612186
17.3497,5.03051,-0.613012
17.3822,4.9245,-0.613084
17.6558,4.88517,-0.622179
17.7095,4.78326,-0.623077
17.8023,4.69131,-0.62545
18.0031,4.62626,-0.631848
18.1319,4.54096,-0.635587
18.1663,4.43127,-0.635838
18.1882,4.31857,-0.635658
18.4043,4.25074,-0.642668
18.5422,4.1629,-0.646802
18.7841,4.09632,-0.654782
18.8588,3.99154,-0.656615
18.8858,3.87635,-0.656723
18.9602,3.77053,-0.658592
19.0281,3.66281,-0.660245
19.0699,3.54964,-0.660964
19.0736,3.42938,-0.660317
18.795,3.26037,-0.64939
18.8146,3.14498,-0.64939
18.8355,3.02979,-0.649462
18.8469,2.9131,-0.64921
18.8486,2.79505,-0.648635
18.8575,2.67822,-0.648347
18.8567,2.56018,-0.647736
18.8493,2.44148,-0.646909
18.7974,2.31758,-0.644501
18.7061,2.18989,-0.640691
18.6735,2.07,-0.639037
18.654,1.95206,-0.637887
18.6229,1.83335,-0.636341
18.5681,1.71299,-0.633969
18.5494,1.59654,-0.632926
18.5399,1.48119,-0.632244
18.6792,1.37702,-0.636952
18.9515,1.28023,-0.646478
19.2154,1.17965,-0.655716
19.5845,1.08172,-0.668765
19.8572,0.974611,-0.678362
21.2217,0.911063,-0.727285
20.7076,0.761738,-0.708593
21.0046,0.643627,-0.719125
17.2597,0.42296,-0.584256
17.2579,0.316975,-0.584112
21.2717,0.260052,-0.728435
21.1909,0.129029,-0.725488
21.1193,-0.000993325,-0.722899
21.1249,-0.130616,-0.723115
21.1038,-0.259988,-0.722396
21.0798,-0.389067,-0.721605
20.9251,-0.514665,-0.716142
20.9126,-0.642773,-0.715818
20.8993,-0.770746,-0.715495
20.7614,-0.893252,-0.710714
20.7156,-1.01866,-0.709276
20.688,-1.14459,-0.708521
20.6706,-1.27089,-0.708162
20.6674,-1.39804,-0.708341
20.6166,-1.52174,-0.706832
20.5819,-1.64621,-0.705933
20.5157,-1.76767,-0.70392
20.4497,-1.88846,-0.701943
20.4109,-2.01126,-0.700972
20.3534,-2.13177,-0.699355
20.3211,-2.25452,-0.698672
20.1858,-2.36498,-0.694286
20.1124,-2.48157,-0.692166
15.5805,-2.01945,-0.528359
20.024,-2.72052,-0.690117
20.001,-2.84249,-0.689901
19.9911,-2.96634,-0.690189
19.9745,-3.08925,-0.69026
19.0671,-3.06881,-0.657909
19.0006,-3.17784,-0.656184
19.7823,-3.43349,-0.685444
19.7303,-3.54932,-0.684329
19.6689,-3.663,-0.682891
19.6029,-3.7753,-0.68131
19.5764,-3.89492,-0.681202
19.5228,-4.00894,-0.680124
19.4988,-4.12886,-0.68016
19.4252,-4.23798,-0.678398
19.3209,-4.33957,-0.675523
19.2978,-4.45894,-0.675666
19.2097,-4.56294,-0.673438
19.1464,-4.6722,-0.672144
19.0874,-4.78206,-0.671029
19.0315,-4.89237,-0.670059
18.9876,-5.00549,-0.669555
18.9517,-5.12059,-0.669376
18.9122,-5.23465,-0.669088
18.873,-5.34869,-0.668837
18.8264,-5.46049,-0.668333
18.7313,-5.55771,-0.666033
18.6289,-5.65194,-0.663481
18.5729,-5.75963,-0.66269
18.5143,-5.86623,-0.661827
18.4571,-5.97295,-0.661036
18.3831,-6.07386,-0.659634
18.2839,-6.16579,-0.657298
18.1663,-6.25055,-0.654278
18.0946,-6.35031,-0.65302
18.0233,-6.44977,-0.651798
17.9628,-6.5527,-0.651007
17.91,-6.65827,-0.65054
17.8595,-6.7645,-0.650181
17.8074,-6.87,-0.649785
17.7565,-6.97584,-0.649462
17.6874,-7.07427,-0.648455
17.5826,-7.1578,-0.646083
17.5319,-7.26287,-0.645831
17.3673,-7.31985,-0.641158
17.3174,-7.4243,-0.640978
17.1067,-7.45852,-0.634508
16.9619,-7.5196,-0.630626
16.8599,-7.59849,-0.628433
16.7612,-7.67807,-0.626384
16.5851,-7.72088,-0.62128
16.4516,-7.7819,-0.617865
16.3152,-7.84028,-0.614342
16.2183,-7.91657,-0.612401
16.1023,-7.98264,-0.609705
15.9852,-8.04714,-0.606973
15.8679,-8.1105,-0.604242
15.7637,-8.17963,-0.602049
15.6619,-8.24919,-0.599964
15.5264,-8.2999,-0.596513
15.4049,-8.35689,-0.593637
15.2894,-8.41608,-0.591013
15.1895,-8.48293,-0.589036
15.072,-8.53903,-0.58634
14.9257,-8.57757,-0.582458
14.7675,-8.60759,-0.578073
14.6585,-8.66498,-0.575736
11.4807,-6.88186,-0.444713
14.3213,-8.70458,-0.566067
14.2217,-8.76398,-0.564126
14.1287,-8.82672,-0.562472
14.0151,-8.87581,-0.559956
13.9251,-8.93897,-0.558446
13.8323,-8.99971,-0.556829
13.7359,-9.05746,-0.555067
13.6086,-9.09382,-0.551976
13.4996,-9.14129,-0.549675
13.3658,-9.1708,-0.546297
13.2576,-9.2167,-0.544032
13.1591,-9.26852,-0.542199
13.0784,-9.33225,-0.541156
12.9699,-9.37544,-0.538892
12.8565,-9.41411,-0.536411
12.7575,-9.46245,-0.534578
12.6761,-9.52314,-0.533536
12.5816,-9.57351,-0.531918
12.4815,-9.61881,-0.530049
12.3687,-9.6534,-0.527605
12.2794,-9.70556,-0.526239
12.1814,-9.75012,-0.524477
12.1019,-9.80895,-0.523579
12.0245,-9.86907,-0.522788
11.9453,-9.92734,-0.521925
11.8589,-9.97921,-0.520739
11.7663,-10.0252,-0.519265
11.6614,-10.06,-0.517216
11.5648,-10.1011,-0.515563
11.4869,-10.158,-0.514808
11.4266,-10.2303,-0.514916
11.3547,-10.2922,-0.514484
11.2833,-10.3542,-0.514089
11.2151,-10.4192,-0.513873
11.1299,-10.4679,-0.512831
11.0517,-10.5229,-0.512148
10.9725,-10.5767,-0.511429
10.8895,-10.6263,-0.51053
10.8135,-10.6824,-0.509991
10.747,-10.7479,-0.509955
9.29602,-9.41148,-0.43907
9.2346,-9.46477,-0.43889
10.5092,-10.9043,-0.507978
10.438,-10.9642,-0.507762
10.3554,-11.012,-0.506972
10.2714,-11.0578,-0.506109
10.1918,-11.1081,-0.505498
10.1195,-11.166,-0.505282
10.0528,-11.2301,-0.50539
9.98034,-11.2878,-0.50521
9.90432,-11.3413,-0.504851
9.82671,-11.3928,-0.504419
9.75144,-11.4468,-0.504132
9.6733,-11.4972,-0.5037
9.58852,-11.5395,-0.50291
9.49091,-11.5656,-0.5014
9.39837,-11.5973,-0.500178
9.31642,-11.6414,-0.499567
9.23552,-11.6866,-0.499027
9.15872,-11.7368,-0.49874
9.08776,-11.7943,-0.498812
9.01885,-11.8546,-0.499027
8.94834,-11.913,-0.499171
8.86615,-11.9556,-0.498632
8.77432,-11.9848,-0.497518
8.67545,-12.0036,-0.495972
8.57377,-12.0175,-0.494247
8.49009,-12.056,-0.493636
8.41539,-12.1071,-0.4936
8.3319,-12.1453,-0.493024
8.22472,-12.1482,-0.49094
8.12394,-12.1594,-0.48925
8.05137,-12.2123,-0.489394
7.99645,-12.2925,-0.490724
7.93275,-12.3598,-0.491515
7.85088,-12.399,-0.491119
7.7556,-12.4164,-0.489825
7.67612,-12.4586,-0.48961
7.58915,-12.4884,-0.488891
7.5057,-12.5236,-0.488423
7.42414,-12.5617,-0.4881
7.33133,-12.5802,-0.486986
7.2077,-12.5444,-0.483643
7.10055,-12.5353,-0.48145
6.99719,-12.5316,-0.479509
6.8744,-12.4911,-0.476094
6.76284,-12.4689,-0.47347
6.65983,-12.4608,-0.471457
6.52179,-12.3847,-0.466712
6.4222,-12.3793,-0.464879
6.31202,-12.3517,-0.462183
6.17816,-12.275,-0.457546
6.08231,-12.2715,-0.455892
5.96351,-12.2197,-0.452334
5.86115,-12.1993,-0.450069
5.75543,-12.17,-0.447481
5.66125,-12.1634,-0.445827
4.12059,-8.99688,-0.319189
5.44136,-12.0761,-0.439681
5.33153,-12.0289,-0.436517
5.2145,-11.9625,-0.432635
5.11187,-11.9262,-0.429975
5.01647,-11.9049,-0.427926
4.92039,-11.8801,-0.425769
4.81501,-11.8304,-0.422678
4.72303,-11.8115,-0.420809
4.6333,-11.7965,-0.419119
4.54069,-11.7725,-0.417106
4.44325,-11.7338,-0.414554
4.35446,-11.7159,-0.412829
4.24688,-11.6447,-0.409091
4.16121,-11.6311,-0.407581
4.08116,-11.6318,-0.406646
3.99801,-11.6226,-0.405352
3.91258,-11.6053,-0.403771
3.82845,-11.5902,-0.402297
3.75787,-11.6154,-0.402369
3.70735,-11.7039,-0.404849
0,0,0
0,0,0
0,0,0
0,0,0
0,0,0
0,0,0
0,0,0
0,0,0
0,0,0
0,0,0
0,0,0
0,0,0
0,0,0
0,0,0
0,0,0
0,0,0
0,0,0
0,0,0
0,0,0
0,0,0
0,0,0
0,0,0
0,0,0
0,0,0
0,0,0
0,0,0
0,0,0
0,0,0
0,0,0
0,0,0
0,0,0
0,0,0
0,0,0
0,0,0
0,0,0
0,0,0
0,0,0
0,0,0
0,0,0
0,0,0
0,0,0
0,0,0
0,0,0
0,0,0
0,0,0
0,0,0
0,0,0
0,0,0
0,0,0
0,0,0
0,0,0
0,0,0
0,0,0
0,0,0
0,0,0
0,0,0
0,0,0
0,0,0
0,0,0
0,0,0
0,0,0
0,0,0
0,0,0
0,0,0
0,0,0
0,0,0
0,0,0
0,0,0
0,0,0
0,0,0
0,0,0
0,0,0
0,0,0
0,0,0
0,0,0
0,0,0
0,0,0
0,0,0
0,0,0
0,0,0
0,0,0
0,0,0
0,0,0
0,0,0
0,0,0
0,0,0
0,0,0
0,0,0
0,0,0
0,0,0
0,0,0
0,0,0
0,0,0
0,0,0
0,0,0
0,0,0
0,0,0
0,0,0
0,0,0
0,0,0
0,0,0
0,0,0
0,0,0
0,0,0
0,0,0
0,0,0
0,0,0
0,0,0
0,0,0
0,0,0
0,0,0
0,0,0
0,0,0
0,0,0
0,0,0
0,0,0
0,0,0
0,0,0
0,0,0
0,0,0
0,0,0
0,0,0
0,0,0
0,0,0
0,0,0
0,0,0
0,0,0
0,0,0
0,0,0
0,0,0
0,0,0
0,0,0
0,0,0
0,0,0
0,0,0
0,0,0
0,0,0
0,0,0
0,0,0
0,0,0
0,0,0
0,0,0
0,0,0
0,0,0
0,0,0
0,0,0
0,0,0
0,0,0
0,0,0
0,0,0
0,0,0
0,0,0
0,0,0
0,0,0
0,0,0
0,0,0
0,0,0
0,0,0
0,0,0
0,0,0
0,0,0
0,0,0
0,0,0
0,0,0
0,0,0
0,0,0
0,0,0
0,0,0
0,0,0
0,0,0
0,0,0
0,0,0
0,0,0
0,0,0
0,0,0
0,0,0
0,0,0
0,0,0
0,0,0
0,0,0
0,0,0
0,0,0
0,0,0
0,0,0
0,0,0
0,0,0
0,0,0
0,0,0
0,0,0
0,0,0
0,0,0
0,0,0
0,0,0
0,0,0
0,0,0
0,0,0
0,0,0
0,0,0
0,0,0
0,0,0
0,0,0
0,0,0
0,0,0
0,0,0
0,0,0
0,0,0
0,0,0
0,0,0
0,0,0
0,0,0
0,0,0
0,0,0
0,0,0
0,0,0
0,0,0
0,0,0
0,0,0
0,0,0
0,0,0
0,0,0
0,0,0
0,0,0
0,0,0
0,0,0
0,0,0
0,0,0
0,0,0
0,0,0
0,0,0
0,0,0
0,0,0
0,0,0
0,0,0
0,0,0
0,0,0
0,0,0
0,0,0
0,0,0
0,0,0
0,0,0
0,0,0
0,0,0
0,0,0
0,0,0
0,0,0
0,0,0
0,0,0
0,0,0
0,0,0
0,0,0
0,0,0
0,0,0
0,0,0
0,0,0
0,0,0
0,0,0
0,0,0
0,0,0
0,0,0
0,0,0
0,0,0
0,0,0
0,0,0
0,0,0
0,0,0
0,0,0
0,0,0
0,0,0
0,0,0
0,0,0
0,0,0
0,0,0
0,0,0
0,0,0
0,0,0
0,0,0
0,0,0
0,0,0
0,0,0
0,0,0
0,0,0
0,0,0
0,0,0
0,0,0
0,0,0
0,0,0
0,0,0
0,0,0
0,0,0
0,0,0
0,0,0
0,0,0
0,0,0
0,0,0
0,0,0
0,0,0
0,0,0
0,0,0
0,0,0
0,0,0
0,0,0
0,0,0
0,0,0
0,0,0
0,0,0
0,0,0
0,0,0
0,0,0
0,0,0
0,0,0
0,0,0
0,0,0
0,0,0
0,0,0
0,0,0
0,0,0
0,0,0
0,0,0
0,0,0
0,0,0
0,0,0
0,0,0
0,0,0
0,0,0
0,0,0
0,0,0
0,0,0
0,0,0
0,0,0
0,0,0
0,0,0
0,0,0
0,0,0
0,0,0
0,0,0
0,0,0
0,0,0
0,0,0
0,0,0
0,0,0
0,0,0
0,0,0
0,0,0
0,0,0
0,0,0
0,0,0
0,0,0
0,0,0
0,0,0
0,0,0
0,0,0
0,0,0
0,0,0
0,0,0
0,0,0
0,0,0
0,0,0
0,0,0
0,0,0
0,0,0
0,0,0
0,0,0
0,0,0
0,0,0
0,0,0
0,0,0
0,0,0
0,0,0
0,0,0
0,0,0
0,0,0
0,0,0
0,0,0
0,0,0
0,0,0
0,0,0
0,0,0
0,0,0
0,0,0
0,0,0
0,0,0
0,0,0
0,0,0
0,0,0
0,0,0
0,0,0
0,0,0
0,0,0
0,0,0
0,0,0
0,0,0
0,0,0
0,0,0
0,0,0
0,0,0
0,0,0
0,0,0
0,0,0
0,0,0
0,0,0
0,0,0
0,0,0
0,0,0
0,0,0
0,0,0
0,0,0
0,0,0
0,0,0
0,0,0
0,0,0
0,0,0
0,0,0
0,0,0
0,0,0
0,0,0
0,0,0
0,0,0
0,0,0
0,0,0
0,0,0
0,0,0
0,0,0
0,0,0
0,0,0
0,0,0
0,0,0
0,0,0
0,0,0
0,0,0
0,0,0
0,0,0
0,0,0
0,0,0
0,0,0
0,0,0
0,0,0
0,0,0
0,0,0
0,0,0
0,0,0
0,0,0
0,0,0
0,0,0
0,0,0
0,0,0
0,0,0
0,0,0
0,0,0
0,0,0
0,0,0
0,0,0
0,0,0
0,0,0
0,0,0
0,0,0
0,0,0
0,0,0
0,0,0
0,0,0
0,0,0
0,0,0
0,0,0
0,0,0
0,0,0
0,0,0
0,0,0
0,0,0
0,0,0
0,0,0
0,0,0
0,0,0
0,0,0
0,0,0
0,0,0
0,0,0
0,0,0
0,0,0
0,0,0
0,0,0
0,0,0
0,0,0
0,0,0
0,0,0
0,0,0
0,0,0
0,0,0
0,0,0
0,0,0
0,0,0
0,0,0
0,0,0
0,0,0
0,0,0
0,0,0
0,0,0
0,0,0
0,0,0
0,0,0
0,0,0
0,0,0
0,0,0
0,0,0
0,0,0
0,0,0
0,0,0
0,0,0
0,0,0
0,0,0
0,0,0
0,0,0
0,0,0
0,0,0
0,0,0
0,0,0
0,0,0
0,0,0
0,0,0
0,0,0
0,0,0
0,0,0
0,0,0
0,0,0
0,0,0
0,0,0
0,0,0
0,0,0
0,0,0
0,0,0
0,0,0
0,0,0
0,0,0
0,0,0
0,0,0
0,0,0
0,0,0
0,0,0
0,0,0
0,0,0
0,0,0
0,0,0
0,0,0
0,0,0
0,0,0
0,0,0
0,0,0
0,0,0
0,0,0
0,0,0
0,0,0
0,0,0
0,0,0
0,0,0
0,0,0
0,0,0
0,0,0
0,0,0
0,0,0
0,0,0
0,0,0
0,0,0
0,0,0
0,0,0
0,0,0
0,0,0
0,0,0
0,0,0
0,0,0
0,0,0
0,0,0
0,0,0
0,0,0
0,0,0
0,0,0
0,0,0
0,0,0
0,0,0
0,0,0
0,0,0
0,0,0
0,0,0
0,0,0
0,0,0
0,0,0
0,0,0
0,0,0
0,0,0
0,0,0
0,0,0
0,0,0
0,0,0
0,0,0
0,0,0
0,0,0
0,0,0
0,0,0
0,0,0
0,0,0
0,0,0
0,0,0
0,0,0
0,0,0
0,0,0
0,0,0
0,0,0
0,0,0
0,0,0
0,0,0
0,0,0
0,0,0
0,0,0
0,0,0
0,0,0
0,0,0
0,0,0
6.80146,29.393,-1.42277
6.98653,29.3711,-1.42378
7.16188,29.3083,-1.42282
7.33769,29.2483,-1.42204
0,0,0
7.70141,29.1764,-1.42306
7.88733,29.1546,-1.42436
8.07301,29.1307,-1.42562
8.30476,29.268,-1.43504
0,0,0
0,0,0
0,0,0
0,0,0
0,0,0
9.29545,28.6925,-1.42233
9.45189,28.5762,-1.41934
9.60021,28.4381,-1.41528
9.77941,28.3929,-1.416
0,0,0
10.1133,28.2322,-1.41402
0,0,0
10.4544,28.0938,-1.41339
7.05846,18.6165,-0.926354
5.37078,13.9065,-0.684334
5.39022,13.7059,-0.675635
6.3955,15.9741,-0.795582
7.13521,17.5099,-0.877882
7.2012,17.3661,-0.872663
4.94624,11.7234,-0.578691
5.01217,11.679,-0.577966
5.07615,11.6307,-0.577048
8.12506,18.3108,-0.932298
6.07103,13.4577,-0.677374
6.38325,13.9214,-0.704051
7.53867,16.179,-0.826656
7.20617,15.2206,-0.777846
7.31285,15.204,-0.779344
6.63881,13.5882,-0.694772
6.77399,13.6519,-0.700426
6.86976,13.6342,-0.701731
7.58098,14.819,-0.768422
7.67544,14.7793,-0.768809
7.77576,14.7504,-0.769824
6.54035,12.2241,-0.633832
6.8149,12.5515,-0.654081
6.75492,12.261,-0.640356
6.79397,12.1548,-0.63678
7.43739,13.1165,-0.692597
7.50777,13.0533,-0.691631
7.56809,12.9733,-0.689746
6.46271,10.9235,-0.577145
7.8526,13.0893,-0.701586
6.957,11.4365,-0.610732
6.96255,11.289,-0.604788
7.85236,12.5589,-0.679694
7.98541,12.599,-0.684768
7.49576,11.6674,-0.634025
7.03696,10.8067,-0.587003
6.87155,10.4123,-0.566658
7.64262,11.4278,-0.628226
7.86443,11.6048,-0.641323
7.96545,11.6,-0.643884
8.0188,11.5254,-0.642386
7.8828,11.1829,-0.625037
7.61754,10.6669,-0.597249
8.18334,11.312,-0.638568
8.01174,10.9328,-0.618851
8.47333,11.4152,-0.650891
8.4982,11.3031,-0.647267
8.40948,11.0434,-0.634654
8.6381,11.2004,-0.647412
8.58002,10.985,-0.637457
8.80525,11.1319,-0.64978
8.7123,10.8765,-0.637312
8.84494,10.9043,-0.642386
8.76271,10.6684,-0.631029
8.828,10.6145,-0.631029
8.4169,9.99471,-0.595267
8.49946,9.96795,-0.596862
8.70926,10.088,-0.607881
9.02997,10.3307,-0.626921
9.23285,10.4329,-0.637118
9.31935,10.4014,-0.638761
9.54135,10.5186,-0.650166
9.04164,9.84554,-0.609814
9.09576,9.78329,-0.609379
9.16109,9.73311,-0.609765
9.16965,9.6232,-0.606189
6.61581,6.85781,-0.424094
6.65986,6.81923,-0.424239
9.47864,9.58776,-0.615371
9.57969,9.57178,-0.618271
6.88093,6.79092,-0.430811
6.91889,6.74509,-0.43057
9.7154,9.35641,-0.615661
9.67349,9.2023,-0.60904
9.84623,9.25222,-0.616773
9.91672,9.20454,-0.617691
10.0157,9.18267,-0.620494
10.1489,9.19078,-0.62552
10.0882,9.02378,-0.617932
10.1441,8.96237,-0.617981
10.2546,8.94856,-0.621557
10.3494,8.92003,-0.624118
10.4123,8.86349,-0.62465
10.5254,8.84893,-0.628371
10.5772,8.78226,-0.628226
10.5359,8.63929,-0.622282
10.6554,8.62854,-0.626438
10.6824,8.54241,-0.624843
10.7276,8.47114,-0.624408
10.7801,8.40577,-0.624457
10.9795,8.45342,-0.633494
10.9047,8.28977,-0.62581
10.9354,8.20771,-0.624602
11.2271,8.31948,-0.639148
11.2981,8.26518,-0.640356
11.3324,8.184,-0.63939
11.3776,8.11083,-0.6391
11.4385,8.04892,-0.639776
10.8848,7.55974,-0.604256
10.9137,7.48095,-0.603241
11.6088,7.85324,-0.641178
11.6551,7.78075,-0.641081
11.7176,7.71898,-0.641951
11.887,7.72643,-0.649007
11.7728,7.5498,-0.639728
11.7935,7.4614,-0.638278
11.6569,7.27518,-0.627888
11.9888,7.38053,-0.644222
12.0996,7.34675,-0.647943
12.1471,7.27391,-0.648088
12.188,7.19721,-0.647895
12.2432,7.12883,-0.648523
12.3326,7.07993,-0.651085
12.401,7.01839,-0.652486
12.4281,6.93341,-0.651616
12.5413,6.89601,-0.655531
12.5553,6.8037,-0.653984
12.7166,6.79053,-0.660557
12.7952,6.73191,-0.662586
12.8549,6.66292,-0.663601
12.9222,6.59755,-0.665051
13.0615,6.56795,-0.670415
13.1696,6.52138,-0.674088
13.2381,6.45446,-0.675635
13.3008,6.38435,-0.676891
13.3768,6.32011,-0.678873
13.4932,6.27414,-0.683029
13.5578,6.20328,-0.68443
13.6575,6.14786,-0.687716
13.7598,6.09266,-0.691148
13.8318,6.02327,-0.692984
13.8712,5.93947,-0.693129
13.9056,5.85347,-0.693032
14.0224,5.80165,-0.697285
14.0985,5.73206,-0.699411
14.1909,5.66842,-0.702408
14.3221,5.61918,-0.707434
14.4253,5.55778,-0.71101
14.5703,5.51122,-0.716761
14.6993,5.45718,-0.72169
14.7616,5.37749,-0.723188
14.8019,5.2895,-0.723575
14.8793,5.21444,-0.725895
14.9063,5.12142,-0.725653
14.8929,5.01487,-0.723382
14.8703,4.90587,-0.720675
14.8555,4.8001,-0.718404
14.8608,4.70132,-0.717196
14.8197,4.58848,-0.713668
14.8132,4.48703,-0.711928
14.8136,4.38811,-0.710575
14.8192,4.29102,-0.709512
14.8241,4.19403,-0.708449
14.8101,4.09208,-0.706467
14.8127,3.99515,-0.705356
14.8205,3.89986,-0.704534
14.8132,3.8009,-0.702988
14.5272,3.63262,-0.687571
14.7549,3.59354,-0.697817
14.6776,3.47943,-0.692887
14.6383,3.37538,-0.689891
14.6168,3.2761,-0.687813
14.5937,3.177,-0.685687
14.5816,3.08079,-0.68414
14.4936,2.9694,-0.678873
14.5174,2.88158,-0.679163
14.6761,2.8196,-0.686122
14.7707,2.74391,-0.689939
14.8669,2.66752,-0.693854
15.0109,2.59841,-0.700136
15.2295,2.54012,-0.710092
15.3711,2.46689,-0.716277
15.5774,2.40208,-0.725653
15.75,2.32985,-0.733385
15.9548,2.26022,-0.742712
16.2287,2.19755,-0.755422
16.3667,2.11406,-0.761511
16.6104,2.04201,-0.772772
16.7873,1.95928,-0.780794
17.0213,1.88083,-0.791619
17.2193,1.79584,-0.800704
11.881,1.16509,-0.540658
11.88,1.09144,-0.540271
17.2126,1.47543,-0.798916
17.2045,1.36844,-0.798095
17.2026,1.26212,-0.797611
14.4116,0.968294,-0.66191
14.3864,0.87796,-0.660412
17.0503,0.935779,-0.789251
17.0358,0.830168,-0.788284
17.0176,0.724644,-0.787173
16.9858,0.6189,-0.785433
16.9294,0.512847,-0.782534
16.8993,0.408162,-0.780939
16.8895,0.304246,-0.780359
16.873,0.200394,-0.779489
16.832,0.0966151,-0.777459
16.7763,-0.00664765,-0.774753
16.7251,-0.109256,-0.772288
16.6971,-0.211537,-0.770983
16.6725,-0.313554,-0.769872
16.6343,-0.414955,-0.768132
16.6075,-0.51627,-0.766972
16.5871,-0.617532,-0.766151
16.552,-0.717957,-0.764653
16.4984,-0.817087,-0.762285
16.4403,-0.915365,-0.759723
16.4064,-1.0145,-0.75837
16.372,-1.11325,-0.757017
16.3409,-1.21192,-0.755857
16.3053,-1.30992,-0.754504
16.2482,-1.40573,-0.752136
16.2214,-1.50374,-0.751266
16.1741,-1.59951,-0.74943
16.1183,-1.69393,-0.747207
16.0738,-1.78904,-0.745564
16.0506,-1.88624,-0.744984
15.5629,-1.92584,-0.721787
11.458,-1.48962,-0.5221
15.8489,-2.15899,-0.736961
15.9095,-2.26676,-0.740586
15.8647,-2.35978,-0.739088
15.8242,-2.4531,-0.737831
15.8059,-2.54967,-0.737686
15.787,-2.64611,-0.737541
15.7183,-2.73386,-0.73498
15.6737,-2.8253,-0.733627
15.5952,-2.91006,-0.730631
15.5673,-3.00381,-0.730147
15.5368,-3.09693,-0.729567
15.5146,-3.1916,-0.729422
15.4937,-3.28653,-0.729374
15.4586,-3.37833,-0.728649
15.4054,-3.46589,-0.727054
15.3489,-3.55225,-0.725315
15.3258,-3.64613,-0.725266
15.3138,-3.7427,-0.725798
15.2993,-3.83878,-0.726233
15.2706,-3.93134,-0.725991
15.2375,-4.02267,-0.725556
15.1952,-4.1114,-0.724686
15.1446,-4.19762,-0.72343
15.0974,-4.28447,-0.722367
15.0565,-4.37285,-0.721642
15.0246,-4.46373,-0.7214
14.9931,-4.55467,-0.721207
14.9525,-4.64273,-0.720579
14.9113,-4.73047,-0.71995
14.8697,-4.81787,-0.719322
14.8123,-4.89992,-0.717921
14.7564,-4.98209,-0.716616
14.719,-5.07027,-0.716277
14.6904,-5.16148,-0.716422
14.6509,-5.24882,-0.716036
14.6147,-5.33725,-0.715843
14.5798,-5.42613,-0.715746
14.5416,-5.51372,-0.715504
14.5075,-5.60284,-0.715504
14.4747,-5.69248,-0.715601
14.4339,-5.77896,-0.715311
14.388,-5.86327,-0.714779
14.3305,-5.94264,-0.713668
14.2579,-6.01532,-0.711783
14.1913,-6.09009,-0.710237
14.1363,-6.16946,-0.709318
14.0553,-6.23705,-0.707047
13.9102,-6.27513,-0.701393
13.8133,-6.33372,-0.6983
13.7217,-6.39389,-0.695497
13.5992,-6.43865,-0.691051
13.5162,-6.50119,-0.688731
13.4581,-6.57524,-0.687765
13.3629,-6.63061,-0.684817
13.2462,-6.67429,-0.680709
13.1569,-6.73088,-0.678099
13.0533,-6.77926,-0.674716
12.9691,-6.83687,-0.672397
12.8503,-6.87533,-0.668192
12.7683,-6.9326,-0.666018
12.6844,-6.98817,-0.663746
12.6099,-7.04832,-0.662006
12.5352,-7.10783,-0.660267
12.3848,-7.12337,-0.654323
12.3072,-7.1796,-0.652438
12.2122,-7.22498,-0.649587
11.4379,-6.86203,-0.608412
11.4365,-6.957,-0.610732
11.9326,-7.35942,-0.641371
11.8542,-7.41185,-0.639486
11.7849,-7.46947,-0.638133
11.7103,-7.52329,-0.63649
11.581,-7.54105,-0.631706
11.477,-7.57401,-0.628371
11.3929,-7.6193,-0.626196
11.3179,-7.67002,-0.624553
11.2162,-7.70201,-0.621364
11.1253,-7.74045,-0.618802
8.57276,-6.04324,-0.470536
10.962,-7.82822,-0.614791
10.896,-7.88246,-0.613728
10.7966,-7.91197,-0.610683
10.715,-7.95367,-0.608702
10.6293,-7.99165,-0.606479
10.5514,-8.03494,-0.604739
10.4719,-8.07636,-0.602903
10.393,-8.11771,-0.601115
10.3054,-8.15159,-0.598795
10.2216,-8.18782,-0.596717
10.1363,-8.22207,-0.594542
10.061,-8.26383,-0.592996
9.99855,-8.31582,-0.592271
9.9267,-8.35965,-0.590966
9.85242,-8.40096,-0.589516
9.79615,-8.45734,-0.589226
9.73053,-8.50546,-0.588356
9.66245,-8.5511,-0.587342
9.58823,-8.5909,-0.58594
9.51462,-8.63078,-0.584587
9.44088,-8.67009,-0.583234
9.37214,-8.71357,-0.582219
9.30322,-8.75654,-0.581204
9.23486,-8.79968,-0.580238
9.1735,-8.84924,-0.579754
9.11903,-8.90536,-0.579754
9.05924,-8.95623,-0.579416
8.99353,-9.00105,-0.578691
8.92199,-9.03972,-0.57758
8.84544,-9.07284,-0.57613
8.77366,-9.1104,-0.575018
8.70933,-9.15538,-0.574438
8.64342,-9.19845,-0.573762
8.5705,-9.23375,-0.572602
8.50761,-9.27953,-0.572167
8.44045,-9.32046,-0.571442
8.36845,-9.35569,-0.570379
8.31552,-9.41211,-0.570717
8.25564,-9.46069,-0.570572
8.18635,-9.49831,-0.569751
8.1182,-9.53695,-0.569026
8.0486,-9.57359,-0.568204
7.97822,-9.60896,-0.567334
7.91531,-9.6531,-0.567044
7.85279,-9.69761,-0.566803
7.78628,-9.73703,-0.566271
7.71524,-9.77051,-0.565401
7.65023,-9.81137,-0.565015
7.58745,-9.85496,-0.564821
7.52502,-9.89894,-0.564676
7.45935,-9.93854,-0.56429
7.38514,-9.96647,-0.563227
7.31854,-10.0043,-0.562792
7.25526,-10.0466,-0.562647
7.18826,-10.0836,-0.562212
7.1251,-10.1259,-0.562115
7.05087,-10.1522,-0.5611
6.98336,-10.1879,-0.560665
6.9168,-10.2247,-0.560327
6.85061,-10.262,-0.560037
6.78092,-10.2938,-0.559457
6.71327,-10.3286,-0.55907
6.64761,-10.3662,-0.558877
6.58548,-10.4093,-0.559022
6.5199,-10.447,-0.558877
6.44782,-10.474,-0.558152
6.37618,-10.5014,-0.557476
6.30649,-10.5318,-0.556992
6.2387,-10.5651,-0.556702
6.16823,-10.5937,-0.556171
6.09863,-10.6236,-0.555736
6.0353,-10.6643,-0.555929
5.94444,-10.6558,-0.553416
5.87366,-10.6824,-0.552885
5.81847,-10.7376,-0.553948
5.75483,-10.7775,-0.554189
5.68813,-10.8117,-0.554141
5.61295,-10.8295,-0.553223
5.53594,-10.8433,-0.552111
5.46706,-10.8726,-0.55187
5.40335,-10.9122,-0.552208
5.33804,-10.9488,-0.552401
5.26644,-10.9723,-0.551918
5.19347,-10.9927,-0.55129
5.11876,-11.0089,-0.550468
4.10469,-8.97207,-0.440428
4.0389,-8.97341,-0.439172
4.90069,-11.0684,-0.548729
4.8259,-11.0827,-0.547907
4.75467,-11.1048,-0.54752
4.68876,-11.1393,-0.54781
4.61956,-11.166,-0.547714
4.54645,-11.183,-0.547134
4.47589,-11.206,-0.546892
4.40486,-11.2277,-0.546602
4.33409,-11.2499,-0.54636
4.26569,-11.2781,-0.546457
4.19258,-11.2938,-0.545926
4.13414,-11.3493,-0.547472
4.06409,-11.3735,-0.547424
4.00249,-11.4218,-0.548632
3.92259,-11.4178,-0.547182
0,0,0
0,0,0
0,0,0
0,0,0
0,0,0
0,0,0
0,0,0
0,0,0
0,0,0
0,0,0
0,0,0
0,0,0
0,0,0
0,0,0
0,0,0
0,0,0
0,0,0
0,0,0
0,0,0
0,0,0
0,0,0
0,0,0
0,0,0
0,0,0
0,0,0
0,0,0
0,0,0
0,0,0
0,0,0
0,0,0
0,0,0
0,0,0
0,0,0
0,0,0
0,0,0
0,0,0
0,0,0
0,0,0
0,0,0
0,0,0
0,0,0
0,0,0
0,0,0
0,0,0
0,0,0
0,0,0
0,0,0
0,0,0
0,0,0
0,0,0
0,0,0
0,0,0
0,0,0
0,0,0
0,0,0
0,0,0
0,0,0
0,0,0
0,0,0
0,0,0
0,0,0
0,0,0
0,0,0
0,0,0
0,0,0
0,0,0
0,0,0
0,0,0
0,0,0
0,0,0
0,0,0
0,0,0
0,0,0
0,0,0
0,0,0
0,0,0
0,0,0
0,0,0
0,0,0
0,0,0
0,0,0
0,0,0
0,0,0
0,0,0
0,0,0
0,0,0
0,0,0
0,0,0
0,0,0
0,0,0
0,0,0
0,0,0
0,0,0
0,0,0
0,0,0
0,0,0
0,0,0
0,0,0
0,0,0
0,0,0
0,0,0
0,0,0
0,0,0
0,0,0
0,0,0
0,0,0
0,0,0
0,0,0
0,0,0
0,0,0
0,0,0
0,0,0
0,0,0
0,0,0
0,0,0
0,0,0
0,0,0
0,0,0
0,0,0
0,0,0
0,0,0
0,0,0
0,0,0
0,0,0
0,0,0
0,0,0
0,0,0
0,0,0
0,0,0
0,0,0
0,0,0
0,0,0
0,0,0
0,0,0
0,0,0
0,0,0
0,0,0
0,0,0
0,0,0
0,0,0
0,0,0
0,0,0
0,0,0
0,0,0
0,0,0
0,0,0
0,0,0
0,0,0
0,0,0
0,0,0
0,0,0
0,0,0
0,0,0
0,0,0
0,0,0
0,0,0
0,0,0
0,0,0
0,0,0
0,0,0
0,0,0
0,0,0
0,0,0
0,0,0
0,0,0
0,0,0
0,0,0
0,0,0
0,0,0
0,0,0
0,0,0
0,0,0
0,0,0
0,0,0
0,0,0
0,0,0
0,0,0
0,0,0
0,0,0
0,0,0
0,0,0
0,0,0
0,0,0
0,0,0
0,0,0
0,0,0
0,0,0
0,0,0
0,0,0
0,0,0
0,0,0
0,0,0
0,0,0
0,0,0
0,0,0
0,0,0
0,0,0
0,0,0
0,0,0
0,0,0
0,0,0
0,0,0
0,0,0
0,0,0
0,0,0
0,0,0
0,0,0
0,0,0
0,0,0
0,0,0
0,0,0
0,0,0
0,0,0
0,0,0
0,0,0
0,0,0
0,0,0
0,0,0
0,0,0
0,0,0
0,0,0
0,0,0
0,0,0
0,0,0
0,0,0
0,0,0
0,0,0
0,0,0
0,0,0
0,0,0
0,0,0
0,0,0
0,0,0
0,0,0
0,0,0
0,0,0
0,0,0
0,0,0
0,0,0
0,0,0
0,0,0
0,0,0
0,0,0
0,0,0
0,0,0
0,0,0
0,0,0
0,0,0
0,0,0
0,0,0
0,0,0
0,0,0
0,0,0
0,0,0
0,0,0
0,0,0
0,0,0
0,0,0
0,0,0
0,0,0
0,0,0
0,0,0
0,0,0
0,0,0
0,0,0
0,0,0
0,0,0
0,0,0
0,0,0
0,0,0
0,0,0
0,0,0
0,0,0
0,0,0
0,0,0
0,0,0
0,0,0
0,0,0
0,0,0
0,0,0
0,0,0
0,0,0
0,0,0
0,0,0
0,0,0
0,0,0
0,0,0
0,0,0
0,0,0
0,0,0
0,0,0
0,0,0
0,0,0
0,0,0
0,0,0
0,0,0
0,0,0
0,0,0
0,0,0
0,0,0
0,0,0
0,0,0
0,0,0
0,0,0
0,0,0
0,0,0
0,0,0
0,0,0
0,0,0
0,0,0
0,0,0
0,0,0
0,0,0
0,0,0
0,0,0
0,0,0
0,0,0
0,0,0
0,0,0
0,0,0
0,0,0
0,0,0
0,0,0
0,0,0
0,0,0
0,0,0
0,0,0
0,0,0
0,0,0
0,0,0
0,0,0
0,0,0
0,0,0
0,0,0
0,0,0
0,0,0
0,0,0
0,0,0
0,0,0
0,0,0
0,0,0
0,0,0
0,0,0
0,0,0
0,0,0
0,0,0
0,0,0
0,0,0
0,0,0
0,0,0
0,0,0
0,0,0
0,0,0
0,0,0
0,0,0
0,0,0
0,0,0
0,0,0
0,0,0
0,0,0
0,0,0
0,0,0
0,0,0
0,0,0
0,0,0
0,0,0
0,0,0
0,0,0
0,0,0
0,0,0
0,0,0
0,0,0
0,0,0
0,0,0
0,0,0
0,0,0
0,0,0
0,0,0
0,0,0
0,0,0
0,0,0
0,0,0
0,0,0
0,0,0
0,0,0
0,0,0
0,0,0
0,0,0
0,0,0
0,0,0
0,0,0
0,0,0
0,0,0
0,0,0
0,0,0
0,0,0
0,0,0
0,0,0
0,0,0
0,0,0
0,0,0
0,0,0
0,0,0
0,0,0
0,0,0
0,0,0
0,0,0
0,0,0
0,0,0
0,0,0
0,0,0
0,0,0
0,0,0
0,0,0
0,0,0
0,0,0
0,0,0
0,0,0
0,0,0
0,0,0
0,0,0
0,0,0
0,0,0
0,0,0
0,0,0
0,0,0
0,0,0
0,0,0
0,0,0
0,0,0
0,0,0
0,0,0
0,0,0
0,0,0
0,0,0
0,0,0
0,0,0
0,0,0
0,0,0
0,0,0
0,0,0
0,0,0
0,0,0
0,0,0
0,0,0
0,0,0
0,0,0
0,0,0
0,0,0
0,0,0
0,0,0
0,0,0
0,0,0
0,0,0
0,0,0
0,0,0
0,0,0
0,0,0
0,0,0
0,0,0
0,0,0
0,0,0
0,0,0
0,0,0
0,0,0
0,0,0
0,0,0
0,0,0
0,0,0
0,0,0
0,0,0
0,0,0
0,0,0
0,0,0
0,0,0
0,0,0
0,0,0
0,0,0
0,0,0
0,0,0
0,0,0
0,0,0
0,0,0
0,0,0
0,0,0
0,0,0
0,0,0
0,0,0
0,0,0
0,0,0
0,0,0
0,0,0
0,0,0
0,0,0
0,0,0
0,0,0
0,0,0
0,0,0
0,0,0
0,0,0
0,0,0
0,0,0
0,0,0
0,0,0
0,0,0
0,0,0
0,0,0
0,0,0
0,0,0
0,0,0
0,0,0
0,0,0
0,0,0
0,0,0
0,0,0
0,0,0
0,0,0
0,0,0
0,0,0
0,0,0
0,0,0
0,0,0
0,0,0
0,0,0
0,0,0
0,0,0
0,0,0
0,0,0
0,0,0
0,0,0
0,0,0
0,0,0
0,0,0
0,0,0
0,0,0
0,0,0
0,0,0
0,0,0
0,0,0
0,0,0
0,0,0
0,0,0
0,0,0
0,0,0
0,0,0
0,0,0
0,0,0
0,0,0
0,0,0
0,0,0
0,0,0
0,0,0
0,0,0
0,0,0
0,0,0
0,0,0
0,0,0
0,0,0
0,0,0
0,0,0
0,0,0
0,0,0
0,0,0
0,0,0
0,0,0
0,0,0
0,0,0
0,0,0
0,0,0
0,0,0
0,0,0
0,0,0
0,0,0
0,0,0
0,0,0
0,0,0
0,0,0
0,0,0
0,0,0
0,0,0
0,0,0
2.50559,12.5827,-0.73633
2.59159,12.6101,-0.738978
2.44974,11.5598,-0.67525
0,0,0
2.58287,11.4909,-0.672903
2.67942,11.5877,-0.679884
0,0,0
0,0,0
3.09958,12.3633,-0.731275
0,0,0
0,0,0
0,0,0
0,0,0
0,0,0
0,0,0
3.42699,11.5432,-0.68879
3.66334,12.0673,-0.723151
0,0,0
0,0,0
0,0,0
0,0,0
3.87635,11.4887,-0.693845
0,0,0
3.98232,11.3414,-0.687526
4.10971,11.4783,-0.697877
4.12633,11.3057,-0.688429
4.18935,11.2633,-0.687346
4.26546,11.2561,-0.688549
4.35242,11.2763,-0.691558
4.3788,11.1406,-0.684517
4.44152,11.0997,-0.683615
4.50314,11.0565,-0.682591
4.63434,11.1817,-0.692581
4.65011,11.028,-0.684397
4.72517,11.0167,-0.68554
4.76075,10.9143,-0.680726
4.88145,11.0062,-0.68873
4.98418,11.0543,-0.693905
5.02904,10.9736,-0.690595
5.01831,10.7752,-0.679462
5.18254,10.9517,-0.693303
4.86859,10.1271,-0.640287
5.02481,10.2899,-0.653225
5.25063,10.5871,-0.67531
5.31999,10.5636,-0.675912
5.4297,10.6187,-0.681869
5.52188,10.6375,-0.68542
5.60008,10.6281,-0.687105
5.65153,10.568,-0.68536
5.582,10.2857,-0.66839
5.87277,10.6649,-0.696854
5.93858,10.6295,-0.696914
5.93773,10.4765,-0.68885
5.97205,10.3879,-0.685239
6.03869,10.3563,-0.6856
6.10314,10.3207,-0.685721
6.17252,10.2934,-0.686443
6.2283,10.2434,-0.6856
6.28632,10.1973,-0.685059
6.3784,10.206,-0.688429
6.42701,10.1447,-0.686864
6.42333,10.0026,-0.679522
6.48077,9.95715,-0.679101
6.62749,10.0472,-0.688489
6.7567,10.1076,-0.695831
6.83034,10.0833,-0.697094
6.85311,9.98438,-0.692942
6.89714,9.91756,-0.691137
6.83425,9.69962,-0.678199
6.97599,9.77287,-0.686744
6.64509,9.18957,-0.646545
6.827,9.32014,-0.659363
7.1202,9.59632,-0.683253
7.15615,9.52212,-0.680967
7.26221,9.54078,-0.685721
7.26393,9.42252,-0.680124
7.20858,9.23301,-0.669052
7.41369,9.37652,-0.683494
7.3725,9.20775,-0.673986
7.53511,9.29337,-0.684156
7.56729,9.21687,-0.681809
7.64603,9.19713,-0.683915
7.81032,9.27833,-0.694025
7.78033,9.12844,-0.685961
7.82381,9.06617,-0.684818
7.89505,9.03603,-0.686262
8.06279,9.11451,-0.696492
8.13454,9.08271,-0.697937
7.78848,8.5897,-0.66189
8.23796,8.97412,-0.697275
8.16988,8.79106,-0.686383
8.2305,8.74804,-0.686984
8.23514,8.64605,-0.682712
6.65214,6.89891,-0.540633
6.66924,6.83225,-0.538466
8.43499,8.53561,-0.686323
8.54792,8.54438,-0.691498
8.48938,8.38236,-0.68211
6.93137,6.76061,-0.54659
8.75551,8.43545,-0.695831
8.89315,8.46346,-0.702992
8.48307,7.9746,-0.664779
8.54062,7.93055,-0.665501
8.56558,7.85641,-0.663575
9.07154,8.21853,-0.700825
9.11436,8.15606,-0.700224
9.14554,8.08346,-0.698719
9.28219,8.10333,-0.7057
9.2259,7.95497,-0.697275
9.28366,7.90598,-0.697997
9.28539,7.80968,-0.694326
9.34005,7.7583,-0.694868
9.40909,7.71857,-0.696553
9.64475,7.81337,-0.711176
9.69173,7.75342,-0.711116
9.66393,7.6344,-0.705339
9.72711,7.58786,-0.706602
9.86206,7.59625,-0.713342
9.93073,7.55251,-0.715027
9.98726,7.49923,-0.715809
10.0828,7.47466,-0.71954
10.1841,7.45332,-0.723693
10.2587,7.41174,-0.725859
10.3081,7.35155,-0.72616
10.3636,7.29563,-0.726942
10.3975,7.2245,-0.72616
10.4705,7.18033,-0.728266
10.5441,7.13609,-0.730433
10.5827,7.06793,-0.730072
10.645,7.01549,-0.731456
10.6762,6.94243,-0.730613
10.7102,6.8714,-0.730011
10.7943,6.83224,-0.73302
10.8665,6.78491,-0.735187
10.9691,6.7558,-0.739519
11.0701,6.72464,-0.743732
11.1531,6.68172,-0.74668
11.2497,6.64617,-0.750592
11.3352,6.60314,-0.753721
11.3694,6.52998,-0.7533
11.3554,6.42961,-0.749569
11.3859,6.35495,-0.748967
11.4037,6.27342,-0.747523
11.4122,6.18715,-0.745477
11.4217,6.10196,-0.743551
11.4466,6.02526,-0.742709
11.4612,5.94342,-0.741204
11.4646,5.85618,-0.738978
11.461,5.76599,-0.73633
11.489,5.69201,-0.735849
11.522,5.62054,-0.735728
11.5265,5.53547,-0.733742
11.5404,5.45526,-0.732418
11.5692,5.38224,-0.732118
11.5865,5.30409,-0.731095
11.6007,5.2247,-0.729891
11.6197,5.14776,-0.729049
11.6419,5.07238,-0.728447
11.6646,4.99731,-0.727905
11.6776,4.91829,-0.726762
11.6863,4.83776,-0.725378
11.6889,4.75506,-0.723633
11.6808,4.66843,-0.721225
11.6832,4.58646,-0.71954
11.7074,4.51325,-0.7193
11.7265,4.43815,-0.718758
11.7432,4.36229,-0.718096
11.767,4.28912,-0.717916
11.7808,4.21247,-0.717133
11.8112,4.14176,-0.717434
11.8241,4.06499,-0.716652
11.8025,3.97675,-0.713703
11.8532,3.91302,-0.715388
11.895,3.84605,-0.716532
11.9155,3.77208,-0.716351
11.9508,3.70274,-0.717133
12.0316,3.647,-0.720804
12.1198,3.59268,-0.724956
12.2452,3.54825,-0.731456
12.356,3.49834,-0.737052
12.484,3.45198,-0.743732
12.6235,3.40731,-0.751134
12.7282,3.3519,-0.756369
12.8964,3.31172,-0.765576
13.0066,3.25506,-0.771173
13.2018,3.21797,-0.782065
13.3311,3.16294,-0.788865
13.4708,3.10892,-0.796327
13.6318,3.0581,-0.805113
13.7947,3.00585,-0.814019
13.934,2.94675,-0.821481
14.1131,2.89428,-0.83141
14.1953,2.82047,-0.835382
14.2358,2.73784,-0.836826
14.2494,2.64989,-0.836646
14.2536,2.56029,-0.835924
14.2445,2.46853,-0.834419
14.2259,2.37549,-0.832373
14.1958,2.28103,-0.829665
14.178,2.18901,-0.82774
14.1675,2.09846,-0.826295
14.1484,2.00701,-0.82437
14.1308,1.91614,-0.822564
14.1314,1.82799,-0.821902
14.0958,1.73551,-0.819074
14.0735,1.64517,-0.817088
14.0605,1.55626,-0.815704
14.0529,1.46819,-0.814681
11.8801,1.1676,-0.682531
11.8801,1.09405,-0.68211
14,1.20261,-0.809987
13.9782,1.11439,-0.808242
13.945,1.02567,-0.805835
13.9221,0.938141,-0.80409
13.9067,0.851419,-0.802826
13.8997,0.765415,-0.802104
13.8971,0.679772,-0.801683
13.8841,0.593763,-0.80066
13.8436,0.506955,-0.798012
13.8215,0.421243,-0.796507
13.7969,0.335773,-0.794883
13.7608,0.250422,-0.792596
13.7281,0.165574,-0.79055
13.7099,0.0812253,-0.789407
13.6802,-0.00289132,-0.787601
13.6599,-0.086704,-0.786398
13.6502,-0.170406,-0.785856
13.6329,-0.253861,-0.784893
13.5982,-0.33669,-0.782907
13.5609,-0.41904,-0.780801
13.5361,-0.501427,-0.779477
13.5129,-0.583611,-0.778274
13.4891,-0.66553,-0.77707
13.4828,-0.748174,-0.77695
13.4739,-0.830643,-0.776709
13.4517,-0.912153,-0.775686
13.4279,-0.993348,-0.774603
13.3967,-1.07373,-0.773098
13.3739,-1.15453,-0.772136
13.3656,-1.23648,-0.772075
13.3488,-1.31758,-0.771534
13.3266,-1.39801,-0.770691
13.3019,-1.47799,-0.769728
13.2797,-1.55806,-0.768946
13.255,-1.63768,-0.768044
11.4273,-1.48305,-0.657558
11.4664,-1.55973,-0.660506
13.2147,-1.88026,-0.767562
13.1911,-1.95955,-0.76684
13.16,-2.03755,-0.765697
13.1256,-2.11476,-0.764373
13.0661,-2.18751,-0.761544
13.0662,-2.27004,-0.762387
13.0746,-2.35424,-0.763771
13.0482,-2.43222,-0.763049
13.0007,-2.506,-0.761063
12.9704,-2.5828,-0.76016
12.9435,-2.66013,-0.759498
12.924,-2.73887,-0.759318
12.9011,-2.81685,-0.758957
12.8768,-2.89442,-0.758536
12.8481,-2.9709,-0.757874
12.8111,-3.04529,-0.75673
12.7845,-3.12195,-0.756249
12.7612,-3.19936,-0.756008
12.7307,-3.27487,-0.755346
12.7046,-3.35139,-0.754985
12.677,-3.42746,-0.754564
12.6394,-3.50065,-0.753541
12.6033,-3.57405,-0.752638
12.5667,-3.64714,-0.751735
12.524,-3.71822,-0.750472
12.4952,-3.79325,-0.750111
12.4546,-3.86453,-0.749027
12.3916,-3.9285,-0.74656
12.3483,-3.99831,-0.745357
12.3159,-4.0715,-0.744875
12.2935,-4.14795,-0.745056
12.2613,-4.22103,-0.744635
12.2201,-4.29089,-0.743672
12.185,-4.36276,-0.74313
12.1599,-4.43813,-0.74325
12.1315,-4.51231,-0.74319
12.0999,-4.58525,-0.74295
12.0752,-4.66084,-0.74319
12.0492,-4.73594,-0.743371
12.0116,-4.80645,-0.742829
11.9698,-4.87516,-0.742047
11.936,-4.94699,-0.741806
11.9119,-5.02285,-0.742227
11.8817,-5.09624,-0.742288
11.8539,-5.17064,-0.742528
11.8165,-5.24085,-0.742167
11.7532,-5.29931,-0.740121
11.6687,-5.34762,-0.736691
11.6004,-5.40268,-0.734344
11.5084,-5.446,-0.730433
11.3947,-5.47802,-0.725077
11.333,-5.53425,-0.723211
11.2542,-5.58151,-0.720202
11.1742,-5.62756,-0.717133
11.1048,-5.67829,-0.714786
11.0211,-5.72103,-0.711477
10.9513,-5.77039,-0.70913
10.8726,-5.81441,-0.706181
10.7919,-5.85674,-0.703112
10.7514,-5.92044,-0.702811
10.7001,-5.97802,-0.701788
10.6267,-6.02288,-0.699261
10.5377,-6.05812,-0.69565
10.4434,-6.08948,-0.691678
10.3826,-6.13973,-0.690054
10.3114,-6.1833,-0.687707
10.2528,-6.234,-0.686262
10.1922,-6.28317,-0.684698
10.1154,-6.32179,-0.68199
10.0309,-6.35489,-0.67874
9.96229,-6.39744,-0.676634
9.90444,-6.44646,-0.67531
9.84054,-6.49118,-0.673565
9.7748,-6.53424,-0.671699
9.70395,-6.57338,-0.669473
9.64615,-6.62093,-0.668209
8.62361,-5.9972,-0.596116
8.5589,-6.03045,-0.59407
9.43734,-6.73647,-0.66189
9.35377,-6.76383,-0.658761
9.30162,-6.81343,-0.657979
9.2388,-6.85491,-0.656414
9.16943,-6.89108,-0.654368
9.10474,-6.93028,-0.652683
9.03359,-6.96408,-0.650517
8.9718,-7.00463,-0.649073
8.91456,-7.0484,-0.647989
8.85478,-7.08987,-0.646726
8.7894,-7.12646,-0.645041
8.71774,-7.15746,-0.642874
8.65447,-7.19486,-0.64137
8.58725,-7.22854,-0.639565
8.51918,-7.26102,-0.637699
8.45558,-7.29685,-0.636195
8.38434,-7.32561,-0.634088
8.32204,-7.36171,-0.632704
8.2663,-7.40331,-0.631862
8.20963,-7.44383,-0.630959
8.16012,-7.49069,-0.630658
8.09353,-7.52159,-0.628973
8.02687,-7.55196,-0.627288
7.96737,-7.58868,-0.626205
6.02374,-5.8082,-0.467337
7.86008,-7.67263,-0.625062
7.77877,-7.68703,-0.622173
7.72511,-7.72826,-0.621632
7.66211,-7.75989,-0.620308
7.60321,-7.79533,-0.619345
7.54138,-7.82745,-0.618141
7.47463,-7.85406,-0.616517
7.41673,-7.88959,-0.615674
7.3512,-7.91666,-0.61417
7.29439,-7.95279,-0.613448
7.24009,-7.99148,-0.612966
7.1856,-8.0298,-0.612485
7.12628,-8.06252,-0.611582
7.06945,-8.09783,-0.61092
7.01833,-8.13954,-0.6108
6.9676,-8.18169,-0.61074
6.90442,-8.20901,-0.609536
6.83861,-8.23279,-0.608092
6.77404,-8.25762,-0.606768
6.72765,-8.30446,-0.607189
6.67282,-8.3409,-0.606828
6.61842,-8.37777,-0.606527
6.56382,-8.41429,-0.606226
6.50903,-8.45045,-0.605925
6.45584,-8.48864,-0.605805
6.39345,-8.51453,-0.604782
6.32741,-8.53515,-0.603398
6.2761,-8.57543,-0.603518
6.22629,-8.61782,-0.603819
6.16866,-8.64936,-0.603338
6.11087,-8.68052,-0.602856
6.06205,-8.72441,-0.603338
6.00389,-8.75485,-0.602856
5.94223,-8.77995,-0.602014
5.88214,-8.80712,-0.601352
5.8236,-8.83638,-0.60087
5.76927,-8.87194,-0.60087
5.71149,-8.90213,-0.600509
5.65836,-8.93954,-0.60069
5.60023,-8.96901,-0.600329
5.54195,-8.99811,-0.599968
5.47886,-9.01915,-0.599065
5.42291,-9.05174,-0.599005
5.36777,-9.0857,-0.599065
5.31092,-9.11674,-0.598945
5.2519,-9.14396,-0.598584
5.19422,-9.17341,-0.598403
5.13734,-9.20424,-0.598343
5.07885,-9.23209,-0.598102
5.01735,-9.2543,-0.597501
4.96,-9.28403,-0.59744
4.90201,-9.31252,-0.59732
4.83926,-9.33179,-0.596598
4.78055,-9.35865,-0.596417
4.72438,-9.39048,-0.596598
4.66535,-9.4166,-0.596417
4.60617,-9.44236,-0.596237
4.54685,-9.46775,-0.596056
4.48653,-9.49096,-0.595755
4.16971,-8.9626,-0.558806
4.10425,-8.96533,-0.557302
4.04384,-8.97851,-0.55652
4.24094,-9.57265,-0.59407
4.18213,-9.59849,-0.59407
4.12158,-9.6203,-0.59383
4.06635,-9.65461,-0.594432
4.00818,-9.68214,-0.594612
3.94644,-9.70101,-0.594251
3.88462,-9.71948,-0.59389
3.82308,-9.73849,-0.593589
3.76182,-9.75803,-0.593348
3.70435,-9.78747,-0.59377
3.63936,-9.79691,-0.592927
3.57952,-9.82,-0.592987
3.50609,-9.80512,-0.59064
3.44091,-9.81232,-0.589738
3.39653,-9.8795,-0.592686
3.33936,-9.91056,-0.593348
3.2788,-9.93181,-0.593408
0,0,0
0,0,0
0,0,0
0,0,0
0,0,0
0,0,0
0,0,0
0,0,0
0,0,0
0,0,0
0,0,0
0,0,0
0,0,0
0,0,0
0,0,0
0,0,0
0,0,0
0,0,0
0,0,0
0,0,0
0,0,0
0,0,0
0,0,0
0,0,0
0,0,0
0,0,0
0,0,0
0,0,0
0,0,0
0,0,0
0,0,0
0,0,0
0,0,0
0,0,0
0,0,0
0,0,0
0,0,0
0,0,0
0,0,0
0,0,0
0,0,0
0,0,0
0,0,0
0,0,0
0,0,0
0,0,0
0,0,0
0,0,0
0,0,0
0,0,0
0,0,0
0,0,0
0,0,0
0,0,0
0,0,0
0,0,0
0,0,0
0,0,0
0,0,0
0,0,0
0,0,0
0,0,0
0,0,0
0,0,0
0,0,0
0,0,0
0,0,0
0,0,0
0,0,0
0,0,0
0,0,0
0,0,0
0,0,0
0,0,0
0,0,0
0,0,0
0,0,0
0,0,0
0,0,0
0,0,0
0,0,0
0,0,0
0,0,0
0,0,0
0,0,0
0,0,0
0,0,0
0,0,0
0,0,0
0,0,0
0,0,0
0,0,0
0,0,0
0,0,0
0,0,0
0,0,0
0,0,0
0,0,0
0,0,0
0,0,0
0,0,0
0,0,0
0,0,0
0,0,0
0,0,0
0,0,0
0,0,0
0,0,0
0,0,0
0,0,0
0,0,0
0,0,0
0,0,0
0,0,0
0,0,0
0,0,0
0,0,0
0,0,0
0,0,0
0,0,0
0,0,0
0,0,0
0,0,0
0,0,0
0,0,0
0,0,0
0,0,0
0,0,0
0,0,0
0,0,0
0,0,0
0,0,0
0,0,0
0,0,0
0,0,0
0,0,0
0,0,0
0,0,0
0,0,0
0,0,0
0,0,0
0,0,0
0,0,0
0,0,0
0,0,0
0,0,0
0,0,0
0,0,0
0,0,0
0,0,0
0,0,0
0,0,0
0,0,0
0,0,0
0,0,0
0,0,0
0,0,0
0,0,0
0,0,0
0,0,0
0,0,0
0,0,0
0,0,0
0,0,0
0,0,0
0,0,0
0,0,0
0,0,0
0,0,0
0,0,0
0,0,0
0,0,0
0,0,0
0,0,0
0,0,0
0,0,0
0,0,0
0,0,0
0,0,0
0,0,0
0,0,0
0,0,0
0,0,0
0,0,0
0,0,0
0,0,0
0,0,0
0,0,0
0,0,0
0,0,0
0,0,0
0,0,0
0,0,0
0,0,0
0,0,0
0,0,0
0,0,0
0,0,0
0,0,0
0,0,0
0,0,0
0,0,0
0,0,0
0,0,0
0,0,0
0,0,0
0,0,0
0,0,0
0,0,0
0,0,0
0,0,0
0,0,0
0,0,0
0,0,0
0,0,0
0,0,0
0,0,0
0,0,0
0,0,0
0,0,0
0,0,0
0,0,0
0,0,0
0,0,0
0,0,0
0,0,0
0,0,0
0,0,0
0,0,0
0,0,0
0,0,0
0,0,0
0,0,0
0,0,0
0,0,0
0,0,0
0,0,0
0,0,0
0,0,0
0,0,0
0,0,0
0,0,0
0,0,0
0,0,0
0,0,0
0,0,0
0,0,0
0,0,0
0,0,0
0,0,0
0,0,0
0,0,0
0,0,0
0,0,0
0,0,0
0,0,0
0,0,0
0,0,0
0,0,0
0,0,0
0,0,0
0,0,0
0,0,0
0,0,0
0,0,0
0,0,0
0,0,0
0,0,0
0,0,0
0,0,0
0,0,0
0,0,0
0,0,0
0,0,0
0,0,0
0,0,0
0,0,0
0,0,0
0,0,0
0,0,0
0,0,0
0,0,0
0,0,0
0,0,0
0,0,0
0,0,0
0,0,0
0,0,0
0,0,0
0,0,0
0,0,0
0,0,0
0,0,0
0,0,0
0,0,0
0,0,0
0,0,0
0,0,0
0,0,0
0,0,0
0,0,0
0,0,0
0,0,0
0,0,0
0,0,0
0,0,0
0,0,0
0,0,0
0,0,0
0,0,0
0,0,0
0,0,0
0,0,0
0,0,0
0,0,0
0,0,0
0,0,0
0,0,0
0,0,0
0,0,0
0,0,0
0,0,0
0,0,0
0,0,0
0,0,0
0,0,0
0,0,0
0,0,0
0,0,0
0,0,0
0,0,0
0,0,0
0,0,0
0,0,0
0,0,0
0,0,0
0,0,0
0,0,0
0,0,0
0,0,0
0,0,0
0,0,0
0,0,0
0,0,0
0,0,0
0,0,0
0,0,0
0,0,0
0,0,0
0,0,0
0,0,0
0,0,0
0,0,0
0,0,0
0,0,0
0,0,0
0,0,0
0,0,0
0,0,0
0,0,0
0,0,0
0,0,0
0,0,0
0,0,0
0,0,0
0,0,0
0,0,0
0,0,0
0,0,0
0,0,0
0,0,0
0,0,0
0,0,0
0,0,0
0,0,0
0,0,0
0,0,0
0,0,0
0,0,0
0,0,0
0,0,0
0,0,0
0,0,0
0,0,0
0,0,0
0,0,0
0,0,0
0,0,0
0,0,0
0,0,0
0,0,0
0,0,0
0,0,0
0,0,0
0,0,0
0,0,0
0,0,0
0,0,0
0,0,0
0,0,0
0,0,0
0,0,0
0,0,0
0,0,0
0,0,0
0,0,0
0,0,0
0,0,0
0,0,0
0,0,0
0,0,0
0,0,0
0,0,0
0,0,0
0,0,0
0,0,0
0,0,0
0,0,0
0,0,0
0,0,0
0,0,0
0,0,0
0,0,0
0,0,0
0,0,0
0,0,0
0,0,0
0,0,0
0,0,0
0,0,0
0,0,0
0,0,0
0,0,0
0,0,0
0,0,0
0,0,0
0,0,0
0,0,0
0,0,0
0,0,0
0,0,0
0,0,0
0,0,0
0,0,0
0,0,0
0,0,0
0,0,0
0,0,0
0,0,0
0,0,0
0,0,0
0,0,0
0,0,0
0,0,0
0,0,0
0,0,0
0,0,0
0,0,0
0,0,0
0,0,0
0,0,0
0,0,0
0,0,0
0,0,0
0,0,0
0,0,0
0,0,0
0,0,0
0,0,0
0,0,0
0,0,0
0,0,0
0,0,0
0,0,0
0,0,0
0,0,0
0,0,0
0,0,0
0,0,0
0,0,0
0,0,0
0,0,0
0,0,0
0,0,0
0,0,0
0,0,0
0,0,0
0,0,0
0,0,0
0,0,0
0,0,0
0,0,0
0,0,0
0,0,0
0,0,0
0,0,0
0,0,0
0,0,0
0,0,0
0,0,0
0,0,0
0,0,0
0,0,0
0,0,0
0,0,0
0,0,0
0,0,0
0,0,0
0,0,0
0,0,0
0,0,0
0,0,0
0,0,0
0,0,0
0,0,0
0,0,0
0,0,0
0,0,0
0,0,0
0,0,0
0,0,0
0,0,0
0,0,0
0,0,0
0,0,0
0,0,0
0,0,0
0,0,0
0,0,0
0,0,0
0,0,0
0,0,0
0,0,0
0,0,0
0,0,0
0,0,0
0,0,0
0,0,0
0,0,0
0,0,0
0,0,0
0,0,0
0,0,0
0,0,0
0,0,0
0,0,0
0,0,0
0,0,0
0,0,0
0,0,0
0,0,0
0,0,0
0,0,0
0,0,0
0,0,0
0,0,0
0,0,0
0,0,0
0,0,0
0,0,0
0,0,0
0,0,0
0,0,0
0,0,0
0,0,0
0,0,0
0,0,0
0,0,0
0,0,0
0,0,0
0,0,0
0,0,0
0,0,0
0,0,0
0,0,0
0,0,0
0,0,0
0,0,0
0,0,0
0,0,0
0,0,0
0,0,0
0,0,0
0,0,0
0,0,0
0,0,0
0,0,0
0,0,0
0,0,0
0,0,0
0,0,0
0,0,0
0,0,0
0,0,0
0,0,0
0,0,0
0,0,0
0,0,0
0,0,0
0,0,0
0,0,0
0,0,0
0,0,0
0,0,0
0,0,0
0,0,0
0,0,0
0,0,0
0,0,0
0,0,0
0,0,0
0,0,0
2.27503,11.0574,-0.785743
0,0,0
2.34477,10.7276,-0.763274
2.44754,10.8774,-0.775563
2.48726,10.7456,-0.766837
2.53907,10.671,-0.762401
2.57988,10.5544,-0.754839
2.6492,10.5568,-0.75622
2.69528,10.4679,-0.750767
2.76964,10.4897,-0.753675
2.83291,10.4687,-0.753384
2.89203,10.4328,-0.752003
2.93612,10.3449,-0.746695
0,0,0
0,0,0
3.0759,10.124,-0.734115
3.14831,10.1382,-0.73666
3.26352,10.286,-0.749458
3.3401,10.3076,-0.752657
3.40955,10.3058,-0.754112
3.46953,10.2753,-0.753384
3.52374,10.2283,-0.751421
3.57982,10.1877,-0.749967
3.6379,10.1533,-0.749021
3.71278,10.1655,-0.751712
3.7803,10.1565,-0.752803
3.77538,9.95594,-0.738987
3.8267,9.90747,-0.737023
3.89837,9.91165,-0.739205
3.97171,9.91902,-0.741677
4.07051,9.98775,-0.749021
4.11643,9.92574,-0.746113
4.17648,9.89845,-0.745967
4.19192,9.76724,-0.737605
4.32396,9.90679,-0.750767
4.3964,9.90651,-0.752875
4.37181,9.69024,-0.73775
4.43119,9.66323,-0.73775
4.48366,9.6214,-0.736587
4.54175,9.5919,-0.736442
4.59015,9.54228,-0.734696
4.69677,9.61252,-0.742695
4.74458,9.56118,-0.740877
4.78655,9.49893,-0.738187
4.85247,9.48448,-0.739423
4.9046,9.44302,-0.738478
4.97454,9.43569,-0.740368
5.03516,9.41026,-0.740804
5.08329,9.36166,-0.73935
5.15556,9.35737,-0.741604
5.18855,9.28203,-0.737969
5.25475,9.26651,-0.73935
5.35476,9.30931,-0.745676
5.42585,9.3004,-0.747712
5.4818,9.26522,-0.747567
5.50931,9.18265,-0.743422
5.56244,9.14356,-0.742986
5.61739,9.10756,-0.742841
5.68744,9.09576,-0.744804
5.6967,8.9874,-0.738478
5.73449,8.92542,-0.736151
5.79785,8.90344,-0.737314
5.9062,8.94928,-0.74444
6.00646,8.98086,-0.750403
6.06313,8.94631,-0.750621
6.10493,8.89003,-0.748949
6.17303,8.87205,-0.750694
6.23884,8.85031,-0.752148
6.30926,8.83459,-0.754184
6.36919,8.80379,-0.754911
6.43842,8.78546,-0.756802
6.50884,8.76822,-0.758838
6.56792,8.73529,-0.759493
6.62864,8.70435,-0.760365
6.71055,8.70063,-0.763783
6.77179,8.66951,-0.764728
6.8131,8.61294,-0.763346
6.86146,8.56552,-0.762837
6.92268,8.5341,-0.763855
6.96542,8.4799,-0.762765
7.00903,8.42704,-0.761819
7.07474,8.40066,-0.763419
7.13133,8.36316,-0.764001
7.20336,8.3434,-0.766328
7.2472,8.29079,-0.765528
7.30785,8.25737,-0.766619
7.39165,8.24952,-0.770254
7.4428,8.20474,-0.770327
7.47817,8.14276,-0.768727
7.52663,8.09526,-0.768582
7.58641,8.05982,-0.769673
7.64329,8.02106,-0.770473
7.67852,7.95966,-0.769018
6.68277,6.84269,-0.660017
7.81768,7.90739,-0.773381
7.86605,7.85927,-0.773381
6.94102,6.85025,-0.673688
6.95436,6.77968,-0.670779
6.95848,6.7009,-0.666998
8.11437,7.71886,-0.779199
8.17902,7.68532,-0.780944
8.26184,7.66824,-0.784507
8.31902,7.62684,-0.785525
8.37675,7.58569,-0.786616
8.45659,7.56407,-0.789888
8.50284,7.51204,-0.789888
8.54276,7.45448,-0.789306
8.59212,7.40518,-0.78967
8.63967,7.35426,-0.789888
8.68005,7.29726,-0.789451
8.70702,7.22921,-0.787779
8.72268,7.15224,-0.785089
8.74625,7.08227,-0.783198
8.77941,7.02037,-0.782253
8.8145,6.96019,-0.781525
8.84446,6.89616,-0.780362
8.87712,6.83446,-0.779489
8.87205,6.74424,-0.775199
8.90768,6.68549,-0.77469
8.93251,6.61883,-0.773236
8.96329,6.55683,-0.772363
8.99931,6.49879,-0.772
9.0374,6.44229,-0.771854
9.0686,6.38097,-0.771127
9.10103,6.32066,-0.770545
9.12977,6.25793,-0.769673
9.15313,6.19173,-0.768364
9.18348,6.13047,-0.767709
9.22509,6.07675,-0.768073
9.26304,6.02057,-0.768146
9.28385,5.95339,-0.766764
9.30588,5.88725,-0.765528
9.32745,5.82106,-0.764292
9.35195,5.75692,-0.763346
9.39391,5.70357,-0.763928
9.41419,5.63711,-0.762692
9.43228,5.5696,-0.76131
9.44732,5.50058,-0.759711
9.48089,5.44251,-0.759711
9.50803,5.38079,-0.759202
9.53129,5.31701,-0.758402
9.56898,5.26131,-0.758838
9.59933,5.20154,-0.758693
9.6249,5.13926,-0.758184
9.64478,5.07407,-0.757238
9.67131,5.0125,-0.756875
9.70188,4.95306,-0.756875
9.73565,4.89523,-0.757166
9.76998,4.83761,-0.757529
9.78424,4.77014,-0.756293
9.80163,4.70441,-0.755348
9.83302,4.64545,-0.755566
9.87219,4.59008,-0.756438
9.88929,4.52444,-0.755566
9.90868,4.45999,-0.754911
9.93403,4.3983,-0.754766
9.97455,4.34324,-0.755857
10.0404,4.29883,-0.758983
10.1218,4.26037,-0.763346
10.2049,4.22183,-0.767855
10.3054,4.18956,-0.773745
10.4226,4.16289,-0.780944
10.4953,4.11744,-0.784652
10.5864,4.07842,-0.789815
10.6999,4.04692,-0.796723
10.7928,4.00653,-0.802031
10.8959,3.96892,-0.80814
11.029,3.94093,-0.816575
11.1292,3.8999,-0.822465
11.2331,3.85909,-0.828645
11.3425,3.81907,-0.835263
11.4425,3.77471,-0.841153
11.5964,3.74676,-0.851187
11.6867,3.6969,-0.85635
11.8035,3.65433,-0.863549
11.8858,3.60006,-0.86813
11.922,3.53131,-0.869221
11.9549,3.46142,-0.870094
11.9692,3.3861,-0.869585
11.9869,3.3118,-0.869366
12.0099,3.23897,-0.869585
12.0045,3.15861,-0.867694
11.9647,3.06977,-0.863258
11.9591,2.99025,-0.86144
11.9598,2.91256,-0.860131
11.9561,2.83406,-0.858532
11.9596,2.75751,-0.857514
11.9608,2.68058,-0.85635
11.9624,2.60396,-0.855259
11.9586,2.52638,-0.853805
11.9465,2.44735,-0.851769
11.9447,2.3707,-0.850533
11.9384,2.29341,-0.849006
11.9199,2.2141,-0.846606
11.898,2.13458,-0.843988
11.8853,2.05711,-0.842098
11.8819,1.98152,-0.840934
11.8614,1.90336,-0.838535
11.863,1.82902,-0.837808
11.8621,1.75444,-0.836935
11.8687,1.68107,-0.836644
11.8739,1.60754,-0.836281
11.8726,1.53325,-0.835481
11.8551,1.45708,-0.833517
11.8311,1.38049,-0.831118
11.8166,1.30535,-0.829445
11.8115,1.23148,-0.8285
11.787,1.15586,-0.826173
11.7701,1.08133,-0.824428
11.7526,1.00704,-0.822683
11.7467,0.933958,-0.82181
11.7263,0.859965,-0.819919
11.7144,0.78686,-0.818683
11.7031,0.713993,-0.81752
11.6834,0.640857,-0.815775
11.6662,0.568136,-0.814248
11.6246,0.494631,-0.810975
11.6145,0.422821,-0.81003
11.6148,0.351488,-0.809885
11.6068,0.279973,-0.809158
11.5814,0.208262,-0.807194
11.5655,0.136994,-0.805958
11.5482,0.0659226,-0.804649
11.5424,-0.00493483,-0.804213
11.5291,-0.0756735,-0.803268
11.5045,-0.146112,-0.801522
11.5044,-0.216718,-0.801595
11.5118,-0.287527,-0.802249
11.5029,-0.357941,-0.80174
11.4895,-0.428107,-0.800941
11.4926,-0.498856,-0.801377
11.4744,-0.568625,-0.800286
11.4608,-0.638467,-0.799559
11.4497,-0.708346,-0.79905
11.4242,-0.777167,-0.797523
11.3924,-0.84526,-0.79556
11.3671,-0.913551,-0.794105
11.3483,-0.982164,-0.79316
11.3421,-1.05178,-0.79316
11.3265,-1.12047,-0.792506
11.3273,-1.19078,-0.793087
11.3119,-1.25938,-0.792506
11.2921,-1.32737,-0.791633
11.2708,-1.39504,-0.790688
11.2542,-1.46314,-0.790106
11.2539,-1.53338,-0.79076
7.64619,-1.09002,-0.525783
11.2036,-1.66682,-0.788506
11.1784,-1.73324,-0.787415
11.1518,-1.79926,-0.786252
11.1287,-1.86567,-0.785379
11.1161,-1.93375,-0.785307
11.104,-2.00192,-0.785307
11.0886,-2.06947,-0.785089
11.0786,-2.13803,-0.785307
11.0653,-2.20597,-0.785307
11.0457,-2.27262,-0.78487
11.0286,-2.33973,-0.784652
11.0111,-2.40672,-0.784434
10.9825,-2.47117,-0.783416
10.9516,-2.53492,-0.782253
10.9426,-2.60368,-0.782762
10.9284,-2.67125,-0.782907
10.8973,-2.73461,-0.781816
10.8697,-2.79869,-0.781016
10.8456,-2.86355,-0.780507
10.8172,-2.92718,-0.779708
10.7808,-2.98844,-0.778326
10.7488,-3.05072,-0.777308
10.7174,-3.113,-0.776363
10.6876,-3.17558,-0.775563
10.6536,-3.23675,-0.774472
10.625,-3.2994,-0.773818
10.5998,-3.36302,-0.773454
10.5647,-3.42339,-0.772363
10.535,-3.48533,-0.771709
10.4954,-3.54385,-0.770327
10.465,-3.60526,-0.769673
10.4512,-3.67237,-0.770327
10.4284,-3.73643,-0.770327
10.3913,-3.79522,-0.769236
10.3566,-3.85473,-0.768364
10.3327,-3.91821,-0.768364
10.3187,-3.98549,-0.769164
10.3015,-4.05164,-0.769745
10.2737,-4.11367,-0.769527
10.2704,-4.18566,-0.771272
10.262,-4.25585,-0.772654
10.2339,-4.31797,-0.772509
10.2145,-4.38382,-0.77309
10.2569,-4.47673,-0.778617
10.2201,-4.53554,-0.77789
10.1903,-4.59734,-0.777744
10.151,-4.65479,-0.776872
10.0463,-4.68161,-0.770763
10.0183,-4.74359,-0.770836
9.97192,-4.79676,-0.769455
9.93334,-4.85348,-0.768727
9.87478,-4.90016,-0.766401
9.77594,-4.9261,-0.760801
9.73221,-4.97918,-0.759711
9.66253,-5.01858,-0.756511
9.57597,-5.04848,-0.75193
9.507,-5.08691,-0.748803
9.43879,-5.12516,-0.745749
9.37921,-5.16758,-0.743422
9.31599,-5.20752,-0.740804
9.26043,-5.25131,-0.738841
9.19951,-5.29162,-0.736442
9.14533,-5.3354,-0.734624
9.0858,-5.37568,-0.732369
9.0287,-5.41696,-0.730333
8.98422,-5.46552,-0.729388
8.93184,-5.50903,-0.727788
8.87165,-5.54734,-0.725534
8.81385,-5.58672,-0.723498
8.75088,-5.62237,-0.721026
8.69114,-5.65964,-0.718844
8.64126,-5.70297,-0.717535
8.5945,-5.74812,-0.716517
8.54421,-5.79068,-0.715208
8.49043,-5.83058,-0.713609
8.43157,-5.86662,-0.711573
8.38074,-5.9079,-0.710264
8.31024,-5.93487,-0.70721
8.25104,-5.96939,-0.705174
8.20782,-6.01518,-0.704592
8.13952,-6.04225,-0.701756
8.08236,-6.0771,-0.699938
8.03302,-6.11752,-0.698847
7.98112,-6.15573,-0.697538
7.92433,-6.18985,-0.695793
7.87134,-6.2266,-0.694412
7.81819,-6.26294,-0.69303
7.74476,-6.28252,-0.689758
7.69373,-6.3198,-0.688594
7.63717,-6.35222,-0.686922
7.57745,-6.38161,-0.684959
7.52373,-6.41569,-0.683577
7.4729,-6.45196,-0.682486
7.41815,-6.48457,-0.681032
7.36552,-6.51873,-0.679796
7.32019,-6.55914,-0.679287
7.26651,-6.59187,-0.677978
7.21196,-6.62352,-0.676596
7.1427,-6.64116,-0.67376
7.08366,-6.66778,-0.671942
7.02023,-6.68979,-0.669688
5.99126,-5.78004,-0.569631
6.99683,-6.83327,-0.675724
6.87746,-6.79965,-0.667798
6.83208,-6.83819,-0.667434
6.78088,-6.87076,-0.666489
6.73164,-6.90509,-0.665762
6.67945,-6.93621,-0.664744
6.63127,-6.97128,-0.664162
6.58222,-7.0053,-0.663507
6.53233,-7.03825,-0.66278
6.48228,-7.07085,-0.662053
6.42069,-7.09053,-0.66009
6.36177,-7.11269,-0.658417
6.31933,-7.15309,-0.658563
6.26942,-7.18497,-0.657908
6.21024,-7.20593,-0.656236
6.15685,-7.23326,-0.655218
6.09823,-7.25411,-0.653618
6.03258,-7.26607,-0.651218
5.98282,-7.29678,-0.650637
5.93857,-7.33413,-0.650709
5.88162,-7.35563,-0.649328
5.83143,-7.38532,-0.648746
5.78478,-7.41939,-0.648601
5.74462,-7.46186,-0.649255
5.69148,-7.48744,-0.648382
5.63885,-7.51345,-0.647583
5.58551,-7.53829,-0.64671
5.53032,-7.56034,-0.645619
5.48032,-7.58928,-0.645183
5.42844,-7.61546,-0.644529
5.37013,-7.63231,-0.643074
5.32718,-7.67085,-0.643583
5.27889,-7.70175,-0.643438
5.22482,-7.72408,-0.642565
5.17235,-7.74853,-0.641911
5.12141,-7.77513,-0.641474
5.06872,-7.79888,-0.64082
5.01431,-7.81976,-0.639947
4.95876,-7.83858,-0.638929
4.90212,-7.85532,-0.637766
4.85279,-7.88355,-0.637621
4.81002,-7.92256,-0.63842
4.76644,-7.96048,-0.639148
4.71395,-7.98357,-0.638638
4.66187,-8.00717,-0.638202
4.61116,-8.03303,-0.637984
4.55883,-8.05596,-0.637548
4.50786,-8.08117,-0.63733
4.45675,-8.10606,-0.637111
4.4055,-8.13062,-0.636893
4.35459,-8.15574,-0.636748
4.2975,-8.16906,-0.635657
4.2427,-8.18643,-0.63493
4.19693,-8.22119,-0.635657
4.14596,-8.24589,-0.635584
4.08909,-8.25866,-0.634566
4.03221,-8.27105,-0.633548
3.987,-8.30732,-0.634494
3.93467,-8.32893,-0.634276
3.88476,-8.35562,-0.634494
3.82345,-8.35754,-0.632749
3.7721,-8.38084,-0.632749
3.72424,-8.41203,-0.633403
3.67375,-8.43747,-0.633621
3.61955,-8.45435,-0.633185
3.56684,-8.47456,-0.633039
3.51553,-8.49813,-0.633185
3.46182,-8.51585,-0.632894
3.40543,-8.52674,-0.632094
3.35451,-8.55119,-0.632385
3.29946,-8.5651,-0.631876
3.24685,-8.58518,-0.631876
3.19133,-8.59746,-0.631294
3.14432,-8.63281,-0.63253
3.10036,-8.6773,-0.634494
3.05101,-8.70746,-0.635366
0,0,0
0,0,0
0,0,0
0,0,0
0,0,0
0,0,0
0,0,0
0,0,0
0,0,0
0,0,0
0,0,0
0,0,0
0,0,0
0,0,0
0,0,0
0,0,0
0,0,0
0,0,0
0,0,0
0,0,0
0,0,0
0,0,0
0,0,0
0,0,0
0,0,0
0,0,0
0,0,0
0,0,0
0,0,0
0,0,0
0,0,0
0,0,0
0,0,0
0,0,0
0,0,0
0,0,0
0,0,0
0,0,0
0,0,0
0,0,0
0,0,0
0,0,0
0,0,0
0,0,0
0,0,0
0,0,0
0,0,0
0,0,0
0,0,0
0,0,0
0,0,0
0,0,0
0,0,0
0,0,0
0,0,0
0,0,0
0,0,0
0,0,0
0,0,0
0,0,0
0,0,0
0,0,0
0,0,0
0,0,0
0,0,0
0,0,0
0,0,0
0,0,0
0,0,0
0,0,0
0,0,0
0,0,0
0,0,0
0,0,0
0,0,0
0,0,0
0,0,0
0,0,0
0,0,0
0,0,0
0,0,0
0,0,0
0,0,0
0,0,0
0,0,0
0,0,0
0,0,0
0,0,0
0,0,0
0,0,0
0,0,0
0,0,0
0,0,0
0,0,0
0,0,0
0,0,0
0,0,0
0,0,0
0,0,0
0,0,0
0,0,0
0,0,0
0,0,0
0,0,0
0,0,0
0,0,0
0,0,0
0,0,0
0,0,0
0,0,0
0,0,0
0,0,0
0,0,0
0,0,0
0,0,0
0,0,0
0,0,0
0,0,0
0,0,0
0,0,0
0,0,0
0,0,0
0,0,0
0,0,0
0,0,0
0,0,0
0,0,0
0,0,0
0,0,0
0,0,0
0,0,0
0,0,0
0,0,0
0,0,0
0,0,0
0,0,0
0,0,0
0,0,0
0,0,0
0,0,0
0,0,0
0,0,0
0,0,0
0,0,0
0,0,0
0,0,0
0,0,0
0,0,0
0,0,0
0,0,0
0,0,0
0,0,0
0,0,0
0,0,0
0,0,0
0,0,0
0,0,0
0,0,0
0,0,0
0,0,0
0,0,0
0,0,0
0,0,0
0,0,0
0,0,0
0,0,0
0,0,0
0,0,0
0,0,0
0,0,0
0,0,0
0,0,0
0,0,0
0,0,0
0,0,0
0,0,0
0,0,0
0,0,0
0,0,0
0,0,0
0,0,0
0,0,0
0,0,0
0,0,0
0,0,0
0,0,0
0,0,0
0,0,0
0,0,0
0,0,0
0,0,0
0,0,0
0,0,0
0,0,0
0,0,0
0,0,0
0,0,0
0,0,0
0,0,0
0,0,0
0,0,0
0,0,0
0,0,0
0,0,0
0,0,0
0,0,0
0,0,0
0,0,0
0,0,0
0,0,0
0,0,0
0,0,0
0,0,0
0,0,0
0,0,0
0,0,0
0,0,0
0,0,0
0,0,0
0,0,0
0,0,0
0,0,0
0,0,0
0,0,0
0,0,0
0,0,0
0,0,0
0,0,0
0,0,0
0,0,0
0,0,0
0,0,0
0,0,0
0,0,0
0,0,0
0,0,0
0,0,0
0,0,0
0,0,0
0,0,0
0,0,0
0,0,0
0,0,0
0,0,0
0,0,0
0,0,0
0,0,0
0,0,0
0,0,0
0,0,0
0,0,0
0,0,0
0,0,0
0,0,0
0,0,0
0,0,0
0,0,0
0,0,0
0,0,0
0,0,0
0,0,0
0,0,0
0,0,0
0,0,0
0,0,0
0,0,0
0,0,0
0,0,0
0,0,0
0,0,0
0,0,0
0,0,0
0,0,0
0,0,0
0,0,0
0,0,0
0,0,0
0,0,0
0,0,0
0,0,0
0,0,0
0,0,0
0,0,0
0,0,0
0,0,0
0,0,0
0,0,0
0,0,0
0,0,0
0,0,0
0,0,0
0,0,0
0,0,0
0,0,0
0,0,0
0,0,0
0,0,0
0,0,0
0,0,0
0,0,0
0,0,0
0,0,0
0,0,0
0,0,0
0,0,0
0,0,0
0,0,0
0,0,0
0,0,0
0,0,0
0,0,0
0,0,0
0,0,0
0,0,0
0,0,0
0,0,0
0,0,0
0,0,0
0,0,0
0,0,0
0,0,0
0,0,0
0,0,0
0,0,0
0,0,0
0,0,0
0,0,0
0,0,0
0,0,0
0,0,0
0,0,0
0,0,0
0,0,0
0,0,0
0,0,0
0,0,0
0,0,0
0,0,0
0,0,0
0,0,0
0,0,0
0,0,0
0,0,0
0,0,0
0,0,0
0,0,0
0,0,0
0,0,0
0,0,0
0,0,0
0,0,0
0,0,0
0,0,0
0,0,0
0,0,0
0,0,0
0,0,0
0,0,0
0,0,0
0,0,0
0,0,0
0,0,0
0,0,0
0,0,0
0,0,0
0,0,0
0,0,0
0,0,0
0,0,0
0,0,0
0,0,0
0,0,0
0,0,0
0,0,0
0,0,0
0,0,0
0,0,0
0,0,0
0,0,0
0,0,0
0,0,0
0,0,0
0,0,0
0,0,0
0,0,0
0,0,0
0,0,0
0,0,0
0,0,0
0,0,0
0,0,0
0,0,0
0,0,0
0,0,0
0,0,0
0,0,0
0,0,0
0,0,0
0,0,0
0,0,0
0,0,0
0,0,0
0,0,0
0,0,0
0,0,0
0,0,0
0,0,0
0,0,0
0,0,0
0,0,0
0,0,0
0,0,0
0,0,0
0,0,0
0,0,0
0,0,0
0,0,0
0,0,0
0,0,0
0,0,0
0,0,0
0,0,0
0,0,0
0,0,0
0,0,0
0,0,0
0,0,0
0,0,0
0,0,0
0,0,0
0,0,0
0,0,0
0,0,0
0,0,0
0,0,0
0,0,0
0,0,0
0,0,0
0,0,0
0,0,0
0,0,0
0,0,0
0,0,0
0,0,0
0,0,0
0,0,0
0,0,0
0,0,0
0,0,0
0,0,0
0,0,0
0,0,0
0,0,0
0,0,0
0,0,0
0,0,0
0,0,0
0,0,0
0,0,0
0,0,0
0,0,0
0,0,0
0,0,0
0,0,0
0,0,0
0,0,0
0,0,0
0,0,0
0,0,0
0,0,0
0,0,0
0,0,0
0,0,0
0,0,0
0,0,0
0,0,0
0,0,0
0,0,0
0,0,0
0,0,0
0,0,0
0,0,0
0,0,0
0,0,0
0,0,0
0,0,0
0,0,0
0,0,0
0,0,0
0,0,0
0,0,0
0,0,0
0,0,0
0,0,0
0,0,0
0,0,0
0,0,0
0,0,0
0,0,0
0,0,0
0,0,0
0,0,0
0,0,0
0,0,0
0,0,0
0,0,0
0,0,0
0,0,0
0,0,0
0,0,0
0,0,0
0,0,0
0,0,0
0,0,0
0,0,0
0,0,0
0,0,0
0,0,0
0,0,0
0,0,0
0,0,0
0,0,0
0,0,0
0,0,0
0,0,0
0,0,0
0,0,0
0,0,0
0,0,0
0,0,0
0,0,0
0,0,0
0,0,0
0,0,0
0,0,0
0,0,0
0,0,0
0,0,0
0,0,0
0,0,0
0,0,0
0,0,0
0,0,0
0,0,0
0,0,0
0,0,0
0,0,0
0,0,0
0,0,0
0,0,0
0,0,0
0,0,0
0,0,0
0,0,0
0,0,0
0,0,0
0,0,0
0,0,0
0,0,0
0,0,0
0,0,0
0,0,0
0,0,0
0,0,0
0,0,0
0,0,0
0,0,0
0,0,0
0,0,0
0,0,0
0,0,0
0,0,0
0,0,0
0,0,0
0,0,0
0,0,0
0,0,0
0,0,0
0,0,0
0,0,0
0,0,0
0,0,0
0,0,0
0,0,0
0,0,0
0,0,0
2.25247,10.0131,-0.831533
2.29522,9.91852,-0.82453
2.35742,9.91006,-0.825037
2.42362,9.91767,-0.826977
2.47255,9.85526,-0.822843
2.54067,9.86982,-0.825459
2.60068,9.85211,-0.82529
2.65588,9.81674,-0.823602
2.71979,9.8137,-0.824784
2.78866,9.8275,-0.827484
2.84418,9.79394,-0.826049
2.9011,9.76579,-0.825121
2.96908,9.7745,-0.827484
3.0154,9.71233,-0.823602
3.07795,9.70314,-0.824446
3.123,9.63952,-0.820481
3.19898,9.67126,-0.825037
3.26496,9.67128,-0.826809
3.30379,9.59171,-0.821493
3.35862,9.55997,-0.820481
3.41016,9.51949,-0.818709
3.4603,9.47592,-0.816684
3.50865,9.42836,-0.814321
3.57279,9.42343,-0.81584
3.63306,9.40783,-0.816431
3.68743,9.37702,-0.815671
3.74638,9.35792,-0.816009
3.79546,9.31445,-0.814153
3.85025,9.28547,-0.813646
3.91645,9.2837,-0.815671
3.9757,9.26499,-0.816177
4.03167,9.23859,-0.816009
4.08545,9.20731,-0.815418
4.14064,9.17934,-0.815165
4.19647,9.15285,-0.815081
4.24793,9.117,-0.814153
4.29995,9.08266,-0.813393
4.35301,9.05071,-0.812887
4.40452,9.01578,-0.812128
4.45444,8.97787,-0.811115
4.50765,8.94681,-0.810778
4.567,8.92785,-0.811621
4.62308,8.90232,-0.811874
4.67715,8.8729,-0.81179
4.7362,8.85282,-0.812634
4.79424,8.8306,-0.813309
4.85314,8.80974,-0.814153
4.91148,8.78763,-0.814912
4.96973,8.76513,-0.815671
5.02938,8.74483,-0.816684
5.08445,8.71639,-0.816937
5.14798,8.70218,-0.818624
5.21461,8.69265,-0.820818
5.26733,8.65963,-0.820734
5.3256,8.63563,-0.821577
5.38958,8.62053,-0.823349
5.45357,8.60498,-0.825121
5.51112,8.5789,-0.82588
5.57181,8.55745,-0.827146
5.62805,8.52892,-0.827737
5.68748,8.50499,-0.828834
5.74403,8.47653,-0.829509
5.7965,8.44195,-0.829593
5.85103,8.41031,-0.830015
5.89679,8.36611,-0.829171
5.93353,8.3095,-0.827062
5.96805,8.25033,-0.824699
5.98911,8.17337,-0.820481
6.02846,8.12206,-0.818962
6.0722,8.07696,-0.818118
6.11198,8.02686,-0.816768
6.14895,7.97343,-0.815081
6.19653,7.93398,-0.814912
6.24324,7.89346,-0.814659
6.27848,7.83868,-0.812887
6.30888,7.77834,-0.810524
6.34574,7.72639,-0.80909
6.38474,7.67735,-0.807993
6.41953,7.62355,-0.80639
6.44873,7.56354,-0.804112
6.49307,7.52157,-0.803859
6.53778,7.48008,-0.80369
6.57299,7.42789,-0.80234
6.5985,7.36516,-0.799809
6.63352,7.31346,-0.798543
6.66749,7.26088,-0.797193
6.70377,7.21107,-0.796181
6.74448,7.16617,-0.795759
6.7842,7.12033,-0.795253
6.66726,6.91219,-0.775678
6.66778,6.82837,-0.770616
6.65631,6.73348,-0.764203
6.69468,6.68969,-0.763866
6.94269,6.85288,-0.788503
6.97818,6.80389,-0.787744
7.01406,6.75541,-0.787069
7.05249,6.7095,-0.786731
7.08989,6.66269,-0.786309
7.11896,6.60821,-0.784959
7.14762,6.55364,-0.783609
7.17736,6.50029,-0.782428
7.21265,6.45214,-0.781922
7.23866,6.39589,-0.780403
7.27026,6.3448,-0.779559
7.30151,6.29357,-0.778716
7.33088,6.2409,-0.777703
7.35836,6.18682,-0.776522
7.38545,6.13264,-0.775341
7.42448,6.08848,-0.775509
7.46247,6.04343,-0.775594
7.4963,5.99504,-0.775256
7.52904,5.94584,-0.774835
7.57009,5.90321,-0.775341
7.59907,5.85118,-0.774581
7.63641,5.80565,-0.77475
7.67588,5.76167,-0.775172
7.70548,5.71031,-0.774581
7.73153,5.65646,-0.773653
7.75639,5.60191,-0.772641
7.7817,5.54785,-0.771713
7.80989,5.49598,-0.771122
7.84755,5.4508,-0.771544
7.88249,5.40367,-0.771713
7.90395,5.34739,-0.770531
7.93827,5.2999,-0.7707
7.97896,5.25657,-0.771544
8.01357,5.20914,-0.771797
8.04035,5.15665,-0.771291
8.08363,5.11467,-0.772472
8.12416,5.07078,-0.7734
8.16106,5.02449,-0.773991
8.19173,4.97432,-0.773991
8.24604,4.9383,-0.776353
8.27876,4.88913,-0.776606
8.35682,4.86632,-0.781331
8.40986,4.82834,-0.783609
8.48095,4.80021,-0.787659
8.58856,4.79177,-0.795253
8.65098,4.75723,-0.798459
8.71505,4.72304,-0.801834
8.79133,4.69483,-0.80639
8.87112,4.6677,-0.811284
8.96948,4.64941,-0.817949
9.05375,4.62283,-0.823265
9.13358,4.59315,-0.828159
9.20981,4.5609,-0.832715
9.29763,4.53356,-0.838368
9.37647,4.50101,-0.843177
9.46248,4.47106,-0.848661
9.53581,4.43434,-0.852964
9.63533,4.40891,-0.859714
9.68219,4.3587,-0.86157
9.81717,4.34722,-0.871611
9.87747,4.30162,-0.874733
9.9339,4.25387,-0.877517
10.0581,4.2342,-0.886545
10.0922,4.17584,-0.887304
10.1194,4.11458,-0.887473
10.1399,4.05057,-0.887051
10.1571,3.98536,-0.886376
10.1693,3.91831,-0.885279
10.1717,3.84773,-0.883339
10.1736,3.77727,-0.881398
10.1779,3.70795,-0.879711
10.1845,3.63973,-0.878276
10.2142,3.57981,-0.878951
10.2359,3.51707,-0.878951
10.2148,3.43989,-0.875155
10.2253,3.37371,-0.874226
10.2449,3.3106,-0.874142
10.2261,3.23535,-0.870683
10.2248,3.16606,-0.868827
10.2335,3.10009,-0.867898
10.2428,3.03441,-0.867055
10.2392,2.96513,-0.865114
10.2371,2.89655,-0.863342
10.2316,2.82731,-0.861317
10.2411,2.7624,-0.860642
10.252,2.69799,-0.860136
10.253,2.63107,-0.858786
10.2554,2.56473,-0.857605
10.2574,2.49845,-0.856424
10.2589,2.43225,-0.855242
7.60062,1.75292,-0.622962
7.60345,1.70451,-0.622287
10.2718,2.23644,-0.852627
10.2658,2.16925,-0.850939
10.2653,2.10342,-0.849758
10.2721,2.03923,-0.849252
10.2776,1.97484,-0.848661
10.2797,1.90993,-0.847818
10.2618,1.84154,-0.845286
10.2435,1.77344,-0.842755
10.2473,1.7094,-0.842165
10.233,1.64255,-0.840055
10.2291,1.5776,-0.838874
10.2366,1.51452,-0.838705
10.2299,1.44944,-0.837355
10.2159,1.38357,-0.835415
10.2084,1.31882,-0.834065
10.2113,1.25555,-0.833643
10.208,1.1916,-0.832715
10.2022,1.12752,-0.831618
10.1842,1.06231,-0.829509
10.1697,0.997764,-0.827737
10.1696,0.934798,-0.82723
10.1692,0.87187,-0.826724
10.1565,0.808035,-0.825205
10.1354,0.743806,-0.823012
10.1179,0.680132,-0.821156
10.114,0.617552,-0.820481
10.1056,0.554827,-0.819468
10.0999,0.492373,-0.818709
10.0997,0.430265,-0.818456
10.0872,0.367742,-0.81719
10.0734,0.305359,-0.81584
10.0701,0.243424,-0.815418
10.0584,0.181398,-0.814321
10.0454,0.119512,-0.81314
10.037,0.0578207,-0.812381
10.0341,-0.00376486,-0.812128
10.028,-0.065294,-0.811621
10.0114,-0.126621,-0.810271
9.99651,-0.187785,-0.80909
9.97724,-0.248671,-0.807571
9.9566,-0.309297,-0.805968
9.94954,-0.370198,-0.805546
9.9431,-0.431068,-0.805209
9.93131,-0.491626,-0.80445
9.92213,-0.552221,-0.803943
9.95039,-0.61506,-0.806643
9.95239,-0.676509,-0.80715
9.9709,-0.739258,-0.80909
9.91851,-0.796594,-0.80504
9.92634,-0.858554,-0.806137
9.89211,-0.916777,-0.80369
9.88233,-0.977065,-0.803353
9.84642,-1.03456,-0.800822
9.83791,-1.09473,-0.800653
9.83595,-1.15566,-0.801075
9.81582,-1.2144,-0.799978
9.79237,-1.27255,-0.798628
9.76562,-1.33006,-0.797025
7.62749,-1.08647,-0.614862
9.75842,-1.45126,-0.797868
9.7513,-1.51142,-0.798037
9.74775,-1.57217,-0.798543
9.73988,-1.63228,-0.798712
9.71103,-1.68877,-0.797109
9.68185,-1.74497,-0.795506
9.66999,-1.80416,-0.795422
9.66852,-1.86534,-0.796265
9.65787,-1.92483,-0.79635
9.64392,-1.98365,-0.796181
9.61987,-2.04031,-0.795169
9.59549,-2.09674,-0.794156
9.57661,-2.15427,-0.79365
9.55448,-2.21096,-0.79289
9.53491,-2.26816,-0.792384
9.52082,-2.32663,-0.792384
9.49766,-2.38282,-0.791625
9.4655,-2.43658,-0.790106
9.4417,-2.49232,-0.789347
9.4243,-2.54969,-0.789178
9.39792,-2.60454,-0.78825
9.37984,-2.66161,-0.788081
9.36429,-2.71939,-0.788166
9.33597,-2.77339,-0.787153
9.30733,-2.82715,-0.786141
9.27078,-2.8783,-0.784453
9.24345,-2.93211,-0.783609
9.21865,-2.98662,-0.783019
9.19447,-3.04125,-0.782512
9.1577,-3.09156,-0.780909
9.1216,-3.14185,-0.779391
9.09557,-3.19545,-0.7788
9.07485,-3.25086,-0.778716
9.05661,-3.30716,-0.778884
9.03614,-3.36267,-0.778884
9.00416,-3.41381,-0.777872
8.98676,-3.47043,-0.778209
8.96994,-3.52733,-0.778631
8.96015,-3.58712,-0.779728
8.93336,-3.64015,-0.779306
8.90349,-3.69184,-0.778631
8.88801,-3.7495,-0.779306
8.86392,-3.80358,-0.779222
8.8322,-3.85431,-0.778463
8.81567,-3.91166,-0.779138
8.80694,-3.97264,-0.780572
8.77516,-4.02328,-0.779897
8.74489,-4.07453,-0.779391
8.72692,-4.13152,-0.780066
8.70231,-4.18542,-0.78015
8.67736,-4.23918,-0.780234
8.64315,-4.28835,-0.779475
8.60244,-4.33413,-0.778125
8.55971,-4.37866,-0.776606
8.47521,-4.40125,-0.771122
8.43482,-4.4462,-0.769856
8.39157,-4.48941,-0.768338
8.33934,-4.5275,-0.765975
8.273,-4.55743,-0.762263
8.22662,-4.5979,-0.760491
8.18178,-4.63895,-0.758888
8.12552,-4.67317,-0.756188
8.07948,-4.71289,-0.7545
8.03927,-4.75578,-0.753404
7.99541,-4.79631,-0.751969
7.94199,-4.83078,-0.749607
7.88761,-4.86425,-0.74716
7.83395,-4.89776,-0.744798
7.78692,-4.93507,-0.74311
7.7456,-4.97576,-0.742013
7.71074,-5.02047,-0.741591
7.66649,-5.05891,-0.740241
7.61211,-5.09034,-0.737879
7.55104,-5.11683,-0.734841
7.50389,-5.15235,-0.733238
7.46478,-5.19317,-0.732479
7.42789,-5.23543,-0.731973
7.38589,-5.27396,-0.73096
7.33402,-5.30516,-0.728935
7.28204,-5.33593,-0.72691
7.24196,-5.37516,-0.726151
7.20247,-5.41471,-0.725476
7.15405,-5.44733,-0.723873
7.08577,-5.46435,-0.72016
7.03719,-5.49607,-0.718557
6.99239,-5.53049,-0.717376
6.93266,-5.55273,-0.714592
6.90078,-5.59705,-0.714845
6.85091,-5.62664,-0.713157
6.79864,-5.65391,-0.711217
6.75467,-5.68782,-0.710204
6.71509,-5.72528,-0.709698
6.66928,-5.75726,-0.708517
6.61582,-5.78234,-0.706492
6.57126,-5.8149,-0.705479
6.52358,-5.84447,-0.70413
6.47874,-5.87635,-0.703117
6.43596,-5.90993,-0.702358
6.38352,-5.93438,-0.700501
6.3245,-5.95227,-0.697886
6.07288,-5.78612,-0.672743
6.00069,-5.78799,-0.66844
5.95865,-5.81844,-0.66768
5.96323,-5.89482,-0.672489
6.08963,-6.09413,-0.69198
6.05423,-6.13351,-0.692233
6.01161,-6.16554,-0.691642
5.96399,-6.19227,-0.690461
5.91352,-6.21575,-0.688942
5.86708,-6.2432,-0.68793
5.82527,-6.27543,-0.687508
5.78531,-6.30959,-0.687339
5.74515,-6.34349,-0.68717
5.68619,-6.35634,-0.684639
5.63982,-6.3829,-0.683711
5.5999,-6.41663,-0.683627
5.55847,-6.44861,-0.683374
5.51105,-6.47349,-0.682361
5.46096,-6.49498,-0.681011
5.41655,-6.523,-0.680421
5.37011,-6.54841,-0.679577
5.32042,-6.56962,-0.678311
5.26694,-6.5858,-0.676539
5.2184,-6.60782,-0.675443
5.17776,-6.63972,-0.675443
5.12963,-6.66189,-0.67443
5.09408,-6.70038,-0.675189
5.04809,-6.72513,-0.674514
5.00198,-6.74958,-0.673839
4.94635,-6.76084,-0.671814
4.90769,-6.7951,-0.672236
4.86475,-6.82346,-0.672068
4.81992,-6.84911,-0.671646
4.78122,-6.88347,-0.672152
4.73213,-6.90281,-0.671139
4.68243,-6.92099,-0.670043
4.63268,-6.93881,-0.668946
4.58399,-6.95796,-0.668018
4.53144,-6.97091,-0.666499
4.47943,-6.98433,-0.665065
4.42957,-7.00074,-0.663968
4.39128,-7.03539,-0.664727
4.3475,-7.06135,-0.664643
4.30875,-7.09556,-0.665402
4.25489,-7.10477,-0.663715
4.21375,-7.13503,-0.664136
4.16839,-7.15817,-0.663883
4.11546,-7.16806,-0.662365
4.06551,-7.18277,-0.661352
4.02476,-7.21367,-0.661943
3.97994,-7.23736,-0.661858
3.92406,-7.24061,-0.659833
3.87769,-7.26104,-0.659496
3.83863,-7.29528,-0.660508
3.79563,-7.32223,-0.660846
3.75334,-7.35071,-0.661352
3.71086,-7.37894,-0.661858
3.66286,-7.39622,-0.661352
3.61217,-7.4078,-0.66034
3.56276,-7.42174,-0.65958
3.51843,-7.44617,-0.659833
3.47478,-7.47213,-0.660255
3.4214,-7.477,-0.658737
3.36892,-7.48332,-0.657387
3.32011,-7.49747,-0.656796
3.27524,-7.52044,-0.657049
3.22825,-7.53856,-0.65688
3.17923,-7.5518,-0.65629
3.13435,-7.57485,-0.656627
3.08744,-7.59302,-0.656543
3.03969,-7.60904,-0.65629
2.99294,-7.62755,-0.65629
2.94608,-7.64577,-0.65629
2.0774,-5.49122,-0.459615
2.04402,-5.5048,-0.459699
2.80519,-7.69964,-0.656374
2.75521,-7.7092,-0.655699
2.71016,-7.73254,-0.65629
2.66752,-7.76316,-0.657555
2.63065,-7.81149,-0.660424
2.58329,-7.82938,-0.660593
2.5637,-7.93326,-0.66844
0,0,0
0,0,0
0,0,0
0,0,0
0,0,0
0,0,0
0,0,0
0,0,0
0,0,0
0,0,0
0,0,0
0,0,0
0,0,0
0,0,0
0,0,0
0,0,0
0,0,0
0,0,0
0,0,0
0,0,0
0,0,0
0,0,0
0,0,0
0,0,0
0,0,0
0,0,0
0,0,0
0,0,0
0,0,0
0,0,0
0,0,0
0,0,0
0,0,0
0,0,0
0,0,0
0,0,0
0,0,0
0,0,0
0,0,0
0,0,0
0,0,0
0,0,0
0,0,0
0,0,0
0,0,0
0,0,0
0,0,0
0,0,0
0,0,0
0,0,0
0,0,0
0,0,0
0,0,0
0,0,0
0,0,0
0,0,0
0,0,0
0,0,0
0,0,0
0,0,0
0,0,0
0,0,0
0,0,0
0,0,0
0,0,0
0,0,0
0,0,0
0,0,0
0,0,0
0,0,0
0,0,0
0,0,0
0,0,0
0,0,0
0,0,0
0,0,0
0,0,0
0,0,0
0,0,0
0,0,0
0,0,0
0,0,0
0,0,0
0,0,0
0,0,0
0,0,0
0,0,0
0,0,0
0,0,0
0,0,0
0,0,0
0,0,0
0,0,0
0,0,0
0,0,0
0,0,0
0,0,0
0,0,0
0,0,0
0,0,0
0,0,0
0,0,0
0,0,0
0,0,0
0,0,0
0,0,0
0,0,0
0,0,0
0,0,0
0,0,0
0,0,0
0,0,0
0,0,0
0,0,0
0,0,0
0,0,0
0,0,0
0,0,0
0,0,0
0,0,0
0,0,0
0,0,0
0,0,0
0,0,0
0,0,0
0,0,0
0,0,0
0,0,0
0,0,0
0,0,0
0,0,0
0,0,0
0,0,0
0,0,0
0,0,0
0,0,0
0,0,0
0,0,0
0,0,0
0,0,0
0,0,0
0,0,0
0,0,0
0,0,0
0,0,0
0,0,0
0,0,0
0,0,0
0,0,0
0,0,0
0,0,0
0,0,0
0,0,0
0,0,0
0,0,0
0,0,0
0,0,0
0,0,0
0,0,0
0,0,0
0,0,0
0,0,0
0,0,0
0,0,0
0,0,0
0,0,0
0,0,0
0,0,0
0,0,0
0,0,0
0,0,0
0,0,0
0,0,0
0,0,0
0,0,0
0,0,0
0,0,0
0,0,0
0,0,0
0,0,0
0,0,0
0,0,0
0,0,0
0,0,0
0,0,0
0,0,0
0,0,0
0,0,0
0,0,0
0,0,0
0,0,0
0,0,0
0,0,0
0,0,0
0,0,0
0,0,0
0,0,0
0,0,0
0,0,0
0,0,0
0,0,0
0,0,0
0,0,0
0,0,0
0,0,0
0,0,0
0,0,0
0,0,0
0,0,0
0,0,0
0,0,0
0,0,0
0,0,0
0,0,0
0,0,0
0,0,0
0,0,0
0,0,0
0,0,0
0,0,0
0,0,0
0,0,0
0,0,0
0,0,0
0,0,0
0,0,0
0,0,0
0,0,0
0,0,0
0,0,0
0,0,0
0,0,0
0,0,0
0,0,0
0,0,0
0,0,0
0,0,0
0,0,0
0,0,0
0,0,0
0,0,0
0,0,0
0,0,0
0,0,0
0,0,0
0,0,0
0,0,0
0,0,0
0,0,0
0,0,0
0,0,0
0,0,0
0,0,0
0,0,0
0,0,0
0,0,0
0,0,0
0,0,0
0,0,0
0,0,0
0,0,0
0,0,0
0,0,0
0,0,0
0,0,0
0,0,0
0,0,0
0,0,0
0,0,0
0,0,0
0,0,0
0,0,0
0,0,0
0,0,0
0,0,0
0,0,0
0,0,0
0,0,0
0,0,0
0,0,0
0,0,0
0,0,0
0,0,0
0,0,0
0,0,0
0,0,0
0,0,0
0,0,0
0,0,0
0,0,0
0,0,0
0,0,0
0,0,0
0,0,0
0,0,0
0,0,0
0,0,0
0,0,0
0,0,0
0,0,0
0,0,0
0,0,0
0,0,0
0,0,0
0,0,0
0,0,0
0,0,0
0,0,0
0,0,0
0,0,0
0,0,0
0,0,0
0,0,0
0,0,0
0,0,0
0,0,0
0,0,0
0,0,0
0,0,0
0,0,0
0,0,0
0,0,0
0,0,0
0,0,0
0,0,0
0,0,0
0,0,0
0,0,0
0,0,0
0,0,0
0,0,0
0,0,0
0,0,0
0,0,0
0,0,0
0,0,0
0,0,0
0,0,0
0,0,0
0,0,0
0,0,0
0,0,0
0,0,0
0,0,0
0,0,0
0,0,0
0,0,0
0,0,0
0,0,0
0,0,0
0,0,0
0,0,0
0,0,0
0,0,0
0,0,0
0,0,0
0,0,0
0,0,0
0,0,0
0,0,0
0,0,0
0,0,0
0,0,0
0,0,0
0,0,0
0,0,0
0,0,0
0,0,0
0,0,0
0,0,0
0,0,0
0,0,0
0,0,0
0,0,0
0,0,0
0,0,0
0,0,0
0,0,0
0,0,0
0,0,0
0,0,0
0,0,0
0,0,0
0,0,0
0,0,0
0,0,0
0,0,0
0,0,0
0,0,0
0,0,0
0,0,0
0,0,0
0,0,0
0,0,0
0,0,0
0,0,0
0,0,0
0,0,0
0,0,0
0,0,0
0,0,0
0,0,0
0,0,0
0,0,0
0,0,0
0,0,0
0,0,0
0,0,0
0,0,0
0,0,0
0,0,0
0,0,0
0,0,0
0,0,0
0,0,0
0,0,0
0,0,0
0,0,0
0,0,0
0,0,0
0,0,0
0,0,0
0,0,0
0,0,0
0,0,0
0,0,0
0,0,0
0,0,0
0,0,0
0,0,0
0,0,0
0,0,0
0,0,0
0,0,0
0,0,0
0,0,0
0,0,0
0,0,0
0,0,0
0,0,0
0,0,0
0,0,0
0,0,0
0,0,0
0,0,0
0,0,0
0,0,0
0,0,0
0,0,0
0,0,0
0,0,0
0,0,0
0,0,0
0,0,0
0,0,0
0,0,0
0,0,0
0,0,0
0,0,0
0,0,0
0,0,0
0,0,0
0,0,0
0,0,0
0,0,0
0,0,0
0,0,0
0,0,0
0,0,0
0,0,0
0,0,0
0,0,0
0,0,0
0,0,0
0,0,0
0,0,0
0,0,0
0,0,0
0,0,0
0,0,0
0,0,0
0,0,0
0,0,0
0,0,0
0,0,0
0,0,0
0,0,0
0,0,0
0,0,0
0,0,0
0,0,0
0,0,0
0,0,0
0,0,0
0,0,0
0,0,0
0,0,0
0,0,0
0,0,0
0,0,0
0,0,0
0,0,0
0,0,0
0,0,0
0,0,0
0,0,0
0,0,0
0,0,0
0,0,0
0,0,0
0,0,0
0,0,0
0,0,0
0,0,0
0,0,0
0,0,0
0,0,0
0,0,0
0,0,0
0,0,0
0,0,0
0,0,0
0,0,0
0,0,0
0,0,0
0,0,0
0,0,0
0,0,0
0,0,0
0,0,0
0,0,0
0,0,0
0,0,0
0,0,0
0,0,0
0,0,0
0,0,0
0,0,0
0,0,0
0,0,0
0,0,0
0,0,0
0,0,0
0,0,0
0,0,0
0,0,0
0,0,0
0,0,0
0,0,0
0,0,0
0,0,0
0,0,0
0,0,0
0,0,0
0,0,0
0,0,0
0,0,0
0,0,0
0,0,0
0,0,0
0,0,0
0,0,0
0,0,0
0,0,0
0,0,0
0,0,0
0,0,0
0,0,0
0,0,0
0,0,0
0,0,0
0,0,0
0,0,0
0,0,0
0,0,0
0,0,0
0,0,0
0,0,0
0,0,0
0,0,0
0,0,0
0,0,0
0,0,0
0,0,0
0,0,0
0,0,0
0,0,0
0,0,0
0,0,0
0,0,0
0,0,0
0,0,0
0,0,0
0,0,0
0,0,0
0,0,0
0,0,0
0,0,0
0,0,0
0,0,0
0,0,0
0,0,0
0,0,0
0,0,0
0,0,0
0,0,0
0,0,0
0,0,0
0,0,0
0,0,0
0,0,0
0,0,0
0,0,0
0,0,0
0,0,0
2.09893,9.05996,-0.869231
2.15241,9.0382,-0.868358
0,0,0
2.28618,9.10281,-0.877578
0,0,0
0,0,0
0,0,0
0,0,0
0,0,0
0,0,0
0,0,0
2.74108,9.01585,-0.881267
2.73966,8.81637,-0.862631
2.78136,8.7605,-0.858651
2.83169,8.73285,-0.857584
2.86302,8.64823,-0.850692
2.92749,8.66444,-0.854187
2.98255,8.65197,-0.854769
3.03558,8.6335,-0.854769
3.08514,8.60534,-0.853798
3.13174,8.56942,-0.852051
3.18252,8.54538,-0.851566
3.23313,8.52104,-0.851081
3.28499,8.50012,-0.850984
3.33235,8.46776,-0.849722
3.37796,8.43144,-0.848072
3.42625,8.40226,-0.847198
3.47659,8.37833,-0.846907
3.52523,8.35042,-0.846228
3.57561,8.3268,-0.846033
3.62504,8.30105,-0.845645
3.67268,8.27138,-0.844869
3.71927,8.23962,-0.843898
3.76893,8.21483,-0.843704
3.81674,8.18614,-0.843122
3.86391,8.15627,-0.842442
3.91346,8.13151,-0.842345
3.96109,8.10287,-0.84186
4.01383,8.08465,-0.842539
4.06202,8.05721,-0.842248
4.10413,8.01796,-0.840695
4.15371,7.99351,-0.840792
4.20267,7.96787,-0.840792
4.24397,7.92789,-0.839239
4.28874,7.8947,-0.838463
4.33566,7.86563,-0.838171
4.38044,7.83279,-0.837492
4.42449,7.79884,-0.836715
4.46729,7.76292,-0.835745
4.51284,7.73192,-0.835357
4.55867,7.70152,-0.835065
4.61045,7.68108,-0.835939
4.65336,7.64585,-0.835162
4.69444,7.60783,-0.834095
4.73944,7.57635,-0.833804
4.78265,7.54209,-0.833221
4.82184,7.50171,-0.831959
4.86343,7.46532,-0.831183
4.90695,7.43201,-0.830795
4.95191,7.40094,-0.830698
4.99109,7.36135,-0.82963
5.03052,7.32238,-0.828659
5.06797,7.28076,-0.827398
5.11083,7.24708,-0.827106
5.15693,7.21802,-0.827398
5.19879,7.18301,-0.827009
5.23688,7.14295,-0.826039
5.26875,7.0947,-0.824097
5.30919,7.05826,-0.823612
5.35421,7.02793,-0.823903
5.38994,6.98549,-0.822739
5.41738,6.93267,-0.820312
5.45302,6.89072,-0.819244
5.49707,6.85946,-0.819535
5.53717,6.82328,-0.819244
5.57072,6.77918,-0.817983
5.60712,6.73875,-0.817206
5.64131,6.69585,-0.816138
5.67325,6.6505,-0.81478
5.71134,6.61255,-0.814391
5.74657,6.57139,-0.813615
5.78612,6.53526,-0.813518
5.81947,6.49222,-0.812547
5.84716,6.44313,-0.8108
5.88052,6.40053,-0.809926
5.92036,6.36506,-0.810023
5.9559,6.32499,-0.809538
5.98979,6.28328,-0.808859
6.01717,6.23495,-0.807306
6.04697,6.18937,-0.806141
6.08064,6.1479,-0.805559
6.11402,6.10625,-0.804976
6.14712,6.06443,-0.804394
6.17994,6.02243,-0.803811
6.19455,5.963,-0.800803
6.22742,5.92144,-0.800317
6.26798,5.88721,-0.8009
6.30326,5.84796,-0.800803
6.33169,5.80245,-0.799832
6.35906,5.75614,-0.798764
6.3898,5.71304,-0.798182
6.42548,5.67438,-0.798279
6.45568,5.63092,-0.797697
6.50745,5.60615,-0.799929
6.54855,5.57192,-0.800803
6.57957,5.52907,-0.800414
6.61643,5.49114,-0.800803
6.65,5.45044,-0.800803
6.69337,5.41767,-0.802064
6.74281,5.38955,-0.804103
6.79685,5.36473,-0.806723
6.85633,5.34373,-0.810023
6.91264,5.31977,-0.812935
6.97764,5.30195,-0.816915
7.03791,5.27995,-0.820312
7.12135,5.27458,-0.826524
7.17608,5.24724,-0.829242
7.23396,5.22175,-0.832348
7.29504,5.19806,-0.835842
7.36262,5.1784,-0.840113
7.43676,5.16265,-0.84516
7.4839,5.12761,-0.847004
7.53995,5.09832,-0.849916
7.61,5.07793,-0.854478
7.68756,5.0618,-0.859913
7.7602,5.04165,-0.864766
7.81864,5.01166,-0.867969
7.88709,4.98754,-0.872337
7.94372,4.95538,-0.875346
8.01636,4.93263,-0.880199
8.08987,4.90969,-0.885149
8.16851,4.8891,-0.890682
8.2395,4.86318,-0.895341
8.32079,4.84257,-0.901164
8.38488,4.81124,-0.905047
8.47228,4.79254,-0.91155
8.5163,4.74871,-0.9132
8.54615,4.69685,-0.913297
8.58268,4.64859,-0.914171
8.62685,4.60427,-0.915918
8.65406,4.55079,-0.915821
8.66238,4.48753,-0.913685
8.67734,4.42796,-0.912327
8.69812,4.3715,-0.911647
8.70605,4.30878,-0.909609
8.72337,4.25092,-0.908638
8.73673,4.19128,-0.907279
8.74968,4.13164,-0.905921
8.76404,4.07284,-0.904756
8.77529,4.01278,-0.9033
8.78341,3.95151,-0.901553
8.79657,3.89271,-0.900388
8.81481,3.83628,-0.899806
8.83178,3.77938,-0.899126
8.84747,3.72203,-0.89835
8.85358,3.66082,-0.896603
8.86113,3.60043,-0.89505
8.86457,3.53861,-0.893108
8.87407,3.47943,-0.891847
8.88503,3.42098,-0.890779
8.89468,3.36217,-0.889614
8.89928,3.30164,-0.887964
8.90067,3.24016,-0.886023
8.92132,3.18583,-0.88612
8.94164,3.13135,-0.886217
8.93715,3.06835,-0.88379
8.93223,3.00551,-0.881364
8.94861,2.95003,-0.88117
8.96181,2.89353,-0.880684
8.96326,2.83339,-0.879034
8.97478,2.77657,-0.878452
8.98593,2.71972,-0.87787
9.00054,2.66397,-0.877676
8.99855,2.60343,-0.875831
9.01052,2.54709,-0.875443
9.02502,2.49149,-0.875346
9.03149,2.43373,-0.874472
9.02989,2.37397,-0.872822
9.02597,2.31382,-0.870978
9.0371,2.25767,-0.870687
9.04595,2.201,-0.870202
9.04379,2.14178,-0.868649
7.59326,1.74893,-0.722183
7.59122,1.69948,-0.720921
9.02819,1.96331,-0.86331
9.02546,1.90479,-0.861854
9.01845,1.84558,-0.86001
9.00813,1.78595,-0.857875
9.0111,1.72914,-0.857098
9.01763,1.67309,-0.85671
9.01695,1.6158,-0.855642
9.01394,1.55824,-0.854381
9.01842,1.50208,-0.853895
9.01273,1.44435,-0.852439
9.00273,1.38614,-0.850595
8.9963,1.32869,-0.849139
8.9826,1.2704,-0.847004
8.99023,1.21526,-0.847004
8.98765,1.1588,-0.846033
8.9689,1.10048,-0.84351
8.96264,1.04393,-0.842248
8.95403,0.987274,-0.840792
8.95398,0.931695,-0.84021
8.96349,0.877125,-0.840598
8.95483,0.820836,-0.839239
8.95474,0.765451,-0.838754
8.95728,0.710333,-0.83856
8.94956,0.654486,-0.837395
8.95837,0.599894,-0.83788
8.95891,0.544733,-0.837589
8.94519,0.488827,-0.835939
8.94205,0.433641,-0.835357
8.93361,0.378301,-0.834289
8.93079,0.323297,-0.833804
8.92365,0.268223,-0.83293
8.90523,0.212985,-0.830989
8.89442,0.158125,-0.829824
8.8813,0.103383,-0.828465
8.8738,0.0488419,-0.827689
8.86497,-0.00560314,-0.826815
8.85582,-0.059938,-0.825942
8.85528,-0.114275,-0.825942
8.85839,-0.168683,-0.82633
8.86117,-0.223134,-0.826718
8.87356,-0.277935,-0.828077
8.8697,-0.332303,-0.827883
8.86054,-0.386417,-0.827203
8.84209,-0.439988,-0.82565
8.83923,-0.494234,-0.82565
8.82013,-0.547477,-0.824097
8.81065,-0.60118,-0.823515
8.80084,-0.654787,-0.822933
8.78376,-0.707739,-0.821671
8.75942,-0.759904,-0.81973
8.74865,-0.813084,-0.819147
8.7425,-0.866652,-0.81905
8.74593,-0.921215,-0.819924
8.72528,-0.973209,-0.818468
8.71321,-1.02603,-0.817885
8.71169,-1.08009,-0.818371
8.70786,-1.1339,-0.818662
7.64949,-1.044,-0.715194
7.62225,-1.08797,-0.713156
7.6302,-1.13691,-0.714612
8.63118,-1.34009,-0.8141
8.62673,-1.39366,-0.814488
8.62292,-1.44739,-0.814974
8.60309,-1.4984,-0.813906
8.5957,-1.55151,-0.8141
8.59775,-1.60642,-0.815265
8.5936,-1.66027,-0.815847
8.56373,-1.70908,-0.813906
8.54041,-1.75898,-0.812644
8.51972,-1.80929,-0.811674
8.50262,-1.86025,-0.811091
8.49105,-1.91239,-0.811091
8.47334,-1.96311,-0.810509
8.45242,-2.01299,-0.809635
8.4341,-2.06339,-0.809053
8.4126,-2.11292,-0.808179
8.3908,-2.16227,-0.807306
8.37449,-2.21295,-0.807015
8.35787,-2.26351,-0.806723
8.33615,-2.31263,-0.805947
8.31702,-2.36237,-0.805462
8.30714,-2.41475,-0.805947
8.2874,-2.46426,-0.805462
8.27022,-2.51448,-0.805267
8.24418,-2.56193,-0.8042
8.20933,-2.60645,-0.802258
8.19224,-2.65647,-0.802161
8.17956,-2.70793,-0.80255
8.16374,-2.75839,-0.802647
8.13443,-2.80421,-0.801385
8.10674,-2.85044,-0.800317
8.08628,-2.89912,-0.800026
8.06554,-2.94766,-0.799735
8.03891,-2.99397,-0.798861
8.0148,-3.04112,-0.798279
8.00156,-3.09239,-0.798861
7.98336,-3.1418,-0.798958
7.95377,-3.18665,-0.797891
7.94144,-3.2384,-0.798667
7.92877,-3.29012,-0.799444
7.90477,-3.33716,-0.799055
7.88232,-3.38481,-0.798861
7.85684,-3.43112,-0.798376
7.82563,-3.47483,-0.797308
7.80779,-3.52442,-0.797697
7.79416,-3.57599,-0.79857
7.77478,-3.62501,-0.798861
7.74969,-3.67137,-0.79857
7.72164,-3.71626,-0.797988
7.70137,-3.76488,-0.798279
7.68971,-3.81782,-0.799541
7.6697,-3.86672,-0.799929
7.63785,-3.90963,-0.799055
7.58634,-3.9422,-0.796047
7.54352,-3.97892,-0.794008
7.50142,-4.01574,-0.792067
7.46089,-4.05314,-0.79032
7.41496,-4.08732,-0.78799
7.37845,-4.12642,-0.786729
7.33827,-4.16327,-0.785079
7.29792,-4.19978,-0.783429
7.25396,-4.23395,-0.78139
7.20729,-4.26622,-0.779061
7.16562,-4.30114,-0.777314
7.12974,-4.33934,-0.776246
7.08943,-4.37464,-0.774693
7.04557,-4.4075,-0.772752
6.99486,-4.43573,-0.770034
6.94323,-4.46296,-0.767219
6.89737,-4.49353,-0.765084
6.868,-4.53467,-0.76489
6.83922,-4.57618,-0.764793
6.80113,-4.61135,-0.763628
6.7604,-4.64455,-0.762172
6.72115,-4.67855,-0.76091
6.67361,-4.70651,-0.758678
6.63489,-4.74043,-0.757513
6.60568,-4.78105,-0.757513
6.56738,-4.81502,-0.756445
6.52094,-4.84277,-0.754407
6.4911,-4.88269,-0.754407
6.42539,-4.89529,-0.750039
6.41493,-4.94982,-0.752466
6.36797,-4.97622,-0.750428
6.32248,-5.00347,-0.748583
6.28001,-5.03283,-0.747127
6.24438,-5.06751,-0.746545
6.20701,-5.10067,-0.745769
6.15953,-5.1253,-0.74373
6.12188,-5.15786,-0.742954
6.08481,-5.19081,-0.742274
6.03929,-5.21634,-0.740527
6.00042,-5.2474,-0.739654
5.94874,-5.26697,-0.73713
5.91334,-5.30071,-0.736742
5.8726,-5.32954,-0.735674
5.83832,-5.36413,-0.73548
5.80019,-5.39511,-0.734801
5.75466,-5.419,-0.733151
5.70545,-5.4391,-0.731015
5.66481,-5.46709,-0.730045
5.6219,-5.49271,-0.728783
5.57181,-5.511,-0.72655
5.52523,-5.53241,-0.724803
5.49188,-5.56692,-0.7249
5.44025,-5.5827,-0.722474
5.39278,-5.60235,-0.72063
5.36036,-5.6375,-0.720921
5.33044,-5.67536,-0.7216
5.2664,-5.67659,-0.717427
5.23214,-5.70953,-0.717524
5.19434,-5.73858,-0.717135
5.15638,-5.76737,-0.716747
5.12155,-5.79965,-0.716844
5.08129,-5.82572,-0.716165
5.0357,-5.84547,-0.714709
4.99264,-5.86793,-0.713641
4.9463,-5.88626,-0.712088
4.90373,-5.90884,-0.711118
4.86044,-5.93035,-0.71005
4.81958,-5.95465,-0.70937
4.77549,-5.97478,-0.708206
4.73689,-6.00163,-0.707914
4.69141,-6.01959,-0.706556
4.65317,-6.04668,-0.706361
4.6202,-6.08067,-0.707041
4.57504,-6.09855,-0.705779
4.52805,-6.11372,-0.704226
4.4881,-6.13817,-0.703838
4.44569,-6.15914,-0.703061
4.40551,-6.18306,-0.702673
4.36119,-6.20102,-0.701605
4.31738,-6.21949,-0.700635
4.26844,-6.23026,-0.698791
4.22289,-6.24562,-0.697529
4.19167,-6.28217,-0.698791
4.15906,-6.31692,-0.699858
4.11372,-6.3323,-0.698694
4.06834,-6.34737,-0.697529
4.02719,-6.36885,-0.697141
3.98224,-6.38415,-0.696073
3.94351,-6.40932,-0.69617
3.90205,-6.42999,-0.695782
3.85434,-6.44015,-0.694229
3.81829,-6.46968,-0.694908
3.78153,-6.49814,-0.695491
3.74258,-6.52295,-0.695685
3.69856,-6.53886,-0.694908
3.65788,-6.56056,-0.694811
3.61277,-6.57416,-0.693841
3.56477,-6.5822,-0.692288
3.52244,-6.60044,-0.691899
3.48141,-6.62105,-0.691802
3.44255,-6.64582,-0.69219
3.39673,-6.65707,-0.691123
3.35582,-6.67778,-0.691123
3.31744,-6.7036,-0.691705
3.27057,-6.7122,-0.690443
3.22803,-6.72945,-0.690152
3.18371,-6.74283,-0.689473
3.13808,-6.75321,-0.688502
3.09575,-6.77053,-0.688308
3.05415,-6.7894,-0.688308
3.01243,-6.80801,-0.688308
2.96941,-6.82363,-0.688017
2.92279,-6.83074,-0.686852
2.87928,-6.84488,-0.686464
2.83836,-6.86517,-0.686755
2.79469,-6.87877,-0.686367
2.74837,-6.88562,-0.685299
2.70716,-6.90514,-0.68559
2.66044,-6.91047,-0.684426
2.06215,-5.45671,-0.531165
2.02897,-5.47019,-0.531262
2.53177,-6.95547,-0.684134
2.50143,-7.00555,-0.687726
2.47189,-7.05928,-0.691705
0,0,0
2.37365,-7.05512,-0.688211
0,0,0
0,0,0
0,0,0
0,0,0
0,0,0
0,0,0
0,0,0
0,0,0
0,0,0
0,0,0
0,0,0
0,0,0
0,0,0
0,0,0
0,0,0
0,0,0
0,0,0
0,0,0
0,0,0
0,0,0
0,0,0
0,0,0
0,0,0
0,0,0
0,0,0
0,0,0
0,0,0
0,0,0
0,0,0
0,0,0
0,0,0
0,0,0
0,0,0
0,0,0
0,0,0
0,0,0
0,0,0
0,0,0
0,0,0
0,0,0
0,0,0
0,0,0
0,0,0
0,0,0
0,0,0
0,0,0
0,0,0
0,0,0
0,0,0
0,0,0
0,0,0
0,0,0
0,0,0
0,0,0
0,0,0
0,0,0
0,0,0
0,0,0
0,0,0
0,0,0
0,0,0
0,0,0
0,0,0
0,0,0
0,0,0
0,0,0
0,0,0
0,0,0
0,0,0
0,0,0
0,0,0
0,0,0
0,0,0
0,0,0
0,0,0
0,0,0
0,0,0
0,0,0
0,0,0
0,0,0
0,0,0
0,0,0
0,0,0
0,0,0
0,0,0
0,0,0
0,0,0
0,0,0
0,0,0
0,0,0
0,0,0
0,0,0
0,0,0
0,0,0
0,0,0
0,0,0
0,0,0
0,0,0
0,0,0
0,0,0
0,0,0
0,0,0
0,0,0
0,0,0
0,0,0
0,0,0
0,0,0
0,0,0
0,0,0
0,0,0
0,0,0
0,0,0
0,0,0
0,0,0
0,0,0
0,0,0
0,0,0
0,0,0
0,0,0
0,0,0
0,0,0
0,0,0
0,0,0
0,0,0
0,0,0
0,0,0
0,0,0
0,0,0
0,0,0
0,0,0
0,0,0
0,0,0
0,0,0
0,0,0
0,0,0
0,0,0
0,0,0
0,0,0
0,0,0
0,0,0
0,0,0
0,0,0
0,0,0
0,0,0
0,0,0
0,0,0
0,0,0
0,0,0
0,0,0
0,0,0
0,0,0
0,0,0
0,0,0
0,0,0
0,0,0
0,0,0
0,0,0
0,0,0
0,0,0
0,0,0
0,0,0
0,0,0
0,0,0
0,0,0
0,0,0
0,0,0
0,0,0
0,0,0
0,0,0
0,0,0
0,0,0
0,0,0
0,0,0
0,0,0
0,0,0
0,0,0
0,0,0
0,0,0
0,0,0
0,0,0
0,0,0
0,0,0
0,0,0
0,0,0
0,0,0
0,0,0
0,0,0
0,0,0
0,0,0
0,0,0
0,0,0
0,0,0
0,0,0
0,0,0
0,0,0
0,0,0
0,0,0
0,0,0
0,0,0
0,0,0
0,0,0
0,0,0
0,0,0
0,0,0
0,0,0
0,0,0
0,0,0
0,0,0
0,0,0
0,0,0
0,0,0
0,0,0
0,0,0
0,0,0
0,0,0
0,0,0
0,0,0
0,0,0
0,0,0
0,0,0
0,0,0
0,0,0
0,0,0
0,0,0
0,0,0
0,0,0
0,0,0
0,0,0
0,0,0
0,0,0
0,0,0
0,0,0
0,0,0
0,0,0
0,0,0
0,0,0
0,0,0
0,0,0
0,0,0
0,0,0
0,0,0
0,0,0
0,0,0
0,0,0
0,0,0
0,0,0
0,0,0
0,0,0
0,0,0
0,0,0
0,0,0
0,0,0
0,0,0
0,0,0
0,0,0
0,0,0
0,0,0
0,0,0
0,0,0
0,0,0
0,0,0
0,0,0
0,0,0
0,0,0
0,0,0
0,0,0
0,0,0
0,0,0
0,0,0
0,0,0
0,0,0
0,0,0
0,0,0
0,0,0
0,0,0
0,0,0
0,0,0
0,0,0
0,0,0
0,0,0
0,0,0
0,0,0
0,0,0
0,0,0
0,0,0
0,0,0
0,0,0
0,0,0
0,0,0
0,0,0
0,0,0
0,0,0
0,0,0
0,0,0
0,0,0
0,0,0
0,0,0
0,0,0
0,0,0
0,0,0
0,0,0
0,0,0
0,0,0
0,0,0
0,0,0
0,0,0
0,0,0
0,0,0
0,0,0
0,0,0
0,0,0
0,0,0
0,0,0
0,0,0
0,0,0
0,0,0
0,0,0
0,0,0
0,0,0
0,0,0
0,0,0
0,0,0
0,0,0
0,0,0
0,0,0
0,0,0
0,0,0
0,0,0
0,0,0
0,0,0
0,0,0
0,0,0
0,0,0
0,0,0
0,0,0
0,0,0
0,0,0
0,0,0
0,0,0
0,0,0
0,0,0
0,0,0
0,0,0
0,0,0
0,0,0
0,0,0
0,0,0
0,0,0
0,0,0
0,0,0
0,0,0
0,0,0
0,0,0
0,0,0
0,0,0
0,0,0
0,0,0
0,0,0
0,0,0
0,0,0
0,0,0
0,0,0
0,0,0
0,0,0
0,0,0
0,0,0
0,0,0
0,0,0
0,0,0
0,0,0
0,0,0
0,0,0
0,0,0
0,0,0
0,0,0
0,0,0
0,0,0
0,0,0
0,0,0
0,0,0
0,0,0
0,0,0
0,0,0
0,0,0
0,0,0
0,0,0
0,0,0
0,0,0
0,0,0
0,0,0
0,0,0
0,0,0
0,0,0
0,0,0
0,0,0
0,0,0
0,0,0
0,0,0
0,0,0
0,0,0
0,0,0
0,0,0
0,0,0
0,0,0
0,0,0
0,0,0
0,0,0
0,0,0
0,0,0
0,0,0
0,0,0
0,0,0
0,0,0
0,0,0
0,0,0
0,0,0
0,0,0
0,0,0
0,0,0
0,0,0
0,0,0
0,0,0
0,0,0
0,0,0
0,0,0
0,0,0
0,0,0
0,0,0
0,0,0
0,0,0
0,0,0
0,0,0
0,0,0
0,0,0
0,0,0
0,0,0
0,0,0
0,0,0
0,0,0
0,0,0
0,0,0
0,0,0
0,0,0
0,0,0
0,0,0
0,0,0
0,0,0
0,0,0
0,0,0
0,0,0
0,0,0
0,0,0
0,0,0
0,0,0
0,0,0
0,0,0
0,0,0
0,0,0
0,0,0
0,0,0
0,0,0
0,0,0
0,0,0
0,0,0
0,0,0
0,0,0
0,0,0
0,0,0
0,0,0
0,0,0
0,0,0
0,0,0
0,0,0
0,0,0
0,0,0
0,0,0
0,0,0
0,0,0
0,0,0
0,0,0
0,0,0
0,0,0
0,0,0
0,0,0
0,0,0
0,0,0
0,0,0
0,0,0
0,0,0
0,0,0
0,0,0
0,0,0
0,0,0
0,0,0
0,0,0
0,0,0
0,0,0
0,0,0
0,0,0
0,0,0
0,0,0
0,0,0
0,0,0
0,0,0
0,0,0
0,0,0
0,0,0
0,0,0
0,0,0
0,0,0
0,0,0
0,0,0
0,0,0
0,0,0
0,0,0
0,0,0
0,0,0
0,0,0
0,0,0
0,0,0
0,0,0
0,0,0
0,0,0
0,0,0
0,0,0
0,0,0
0,0,0
0,0,0
0,0,0
0,0,0
0,0,0
0,0,0
0,0,0
0,0,0
0,0,0
0,0,0
0,0,0
0,0,0
0,0,0
0,0,0
0,0,0
0,0,0
0,0,0
0,0,0
0,0,0
0,0,0
0,0,0
0,0,0
0,0,0
0,0,0
0,0,0
0,0,0
0,0,0
0,0,0
0,0,0
0,0,0
0,0,0
0,0,0
0,0,0
0,0,0
0,0,0
0,0,0
0,0,0
0,0,0
0,0,0
0,0,0
0,0,0
0,0,0
0,0,0
0,0,0
0,0,0
0,0,0
0,0,0
0,0,0
0,0,0
0,0,0
0,0,0
0,0,0
0,0,0
0,0,0
0,0,0
0,0,0
0,0,0
0,0,0
0,0,0
0,0,0
0,0,0
0,0,0
0,0,0
0,0,0
0,0,0
0,0,0
0,0,0
0,0,0
0,0,0
0,0,0
0,0,0
0,0,0
0,0,0
0,0,0
2.59322,7.84013,-0.865018
2.64732,7.84197,-0.867083
2.618,7.60095,-0.841105
2.69985,7.68509,-0.852736
2.72449,7.60568,-0.845453
2.77111,7.58882,-0.845453
2.81901,7.5754,-0.845888
2.86544,7.55796,-0.845888
2.9071,7.52818,-0.844475
2.94742,7.4954,-0.842736
2.99151,7.47256,-0.842192
3.0388,7.45775,-0.842627
3.08793,7.44723,-0.843605
3.13473,7.43089,-0.843931
3.18222,7.41608,-0.844475
3.22568,7.39186,-0.843931
3.26372,7.35557,-0.841975
3.30388,7.32453,-0.840671
3.34959,7.30593,-0.840888
3.3952,7.28704,-0.841105
3.43091,7.2472,-0.838823
3.4723,7.21975,-0.838062
3.51653,7.1983,-0.838062
3.55533,7.16591,-0.836758
3.59521,7.13597,-0.835779
3.63893,7.11377,-0.835779
3.67976,7.08602,-0.835127
3.72039,7.05803,-0.834475
3.76644,7.04033,-0.835127
3.81241,7.02233,-0.835779
3.85111,6.99096,-0.834801
3.8852,6.95158,-0.832845
3.92435,6.92156,-0.832084
3.97171,6.90597,-0.833171
4.01651,6.88576,-0.833714
4.05767,6.85928,-0.833497
4.09661,6.82914,-0.832845
4.13689,6.80132,-0.832519
4.17541,6.77073,-0.831866
4.21003,6.73403,-0.830453
4.24701,6.70135,-0.829584
4.2816,6.66513,-0.828279
4.31808,6.63207,-0.82741
4.36362,6.61292,-0.828388
4.4008,6.58106,-0.827736
4.43719,6.54817,-0.826975
4.47222,6.51345,-0.825997
4.50699,6.47854,-0.825019
4.54494,6.44833,-0.824693
4.58442,6.42032,-0.824693
4.62315,6.39126,-0.824584
4.65934,6.35877,-0.82404
4.69412,6.32447,-0.82328
4.73583,6.29952,-0.823823
4.76897,6.26323,-0.822845
4.79517,6.2181,-0.820671
4.83201,6.187,-0.820454
4.86495,6.151,-0.819584
4.88768,6.10241,-0.816975
4.92503,6.0723,-0.816975
4.96598,6.04658,-0.817628
5.00236,6.01523,-0.817519
5.04301,5.98898,-0.818171
5.08483,5.96398,-0.819041
5.12652,5.93869,-0.81991
5.17268,5.91835,-0.821541
5.2247,5.90436,-0.824149
5.27543,5.88848,-0.82654
5.32549,5.87146,-0.828823
5.37957,5.85844,-0.831758
5.43233,5.84353,-0.834475
5.48785,5.83108,-0.837627
5.53861,5.81313,-0.840018
5.58452,5.78976,-0.841649
5.63106,5.76677,-0.843388
5.68171,5.74766,-0.845779
5.73937,5.73517,-0.849257
5.78507,5.71033,-0.850888
5.83566,5.68999,-0.853279
5.8948,5.67752,-0.856975
5.94898,5.65974,-0.859909
6.00533,5.64355,-0.86317
6.0566,5.62215,-0.86567
6.1115,5.6037,-0.868713
6.16861,5.58678,-0.872083
6.22055,5.56473,-0.874692
6.27768,5.54686,-0.878061
6.33556,5.52915,-0.881539
6.38292,5.50185,-0.883496
6.43397,5.4774,-0.885996
6.48115,5.44934,-0.887952
6.555,5.44312,-0.893713
6.60288,5.41478,-0.895778
6.65607,5.39043,-0.898604
6.71697,5.37183,-0.902517
6.78569,5.35886,-0.907517
6.8451,5.3379,-0.911213
6.90608,5.31763,-0.915126
6.96944,5.29862,-0.919365
7.0368,5.28201,-0.924147
7.08825,5.25294,-0.926756
7.138,5.22226,-0.929147
7.18522,5.18942,-0.931212
7.21611,5.14466,-0.931103
7.26868,5.11516,-0.93393
7.28115,5.05742,-0.93143
7.32599,5.0222,-0.933277
7.35008,4.9727,-0.932408
7.3664,4.91813,-0.93056
7.38232,4.86354,-0.928712
7.39619,4.80786,-0.926647
7.41383,4.75487,-0.925125
7.43867,4.70663,-0.924582
7.47163,4.66353,-0.925125
7.49079,4.61187,-0.92393
7.50535,4.55756,-0.922191
7.51697,4.50172,-0.920125
7.53247,4.44844,-0.918604
7.55189,4.39764,-0.917625
7.58563,4.35517,-0.918495
7.58106,4.29092,-0.914582
7.57252,4.22495,-0.910234
7.59482,4.17649,-0.9098
7.60632,4.12224,-0.90806
7.5999,4.05863,-0.904148
7.62818,4.01377,-0.904582
7.65443,3.96781,-0.9048
7.67243,3.9176,-0.904039
7.68656,3.86554,-0.902843
7.70212,3.81433,-0.901865
7.72269,3.76569,-0.901539
7.74297,3.71695,-0.901213
7.75754,3.66554,-0.900235
7.76907,3.61285,-0.89893
7.78024,3.56014,-0.897626
7.79197,3.50785,-0.89643
7.80607,3.45675,-0.895561
7.82167,3.40641,-0.894909
7.82323,3.35014,-0.892626
7.83997,3.30053,-0.892191
7.8564,3.25084,-0.891756
7.86423,3.19771,-0.890343
7.87909,3.14755,-0.8898
7.8927,3.09697,-0.889148
7.89486,3.04205,-0.887191
7.8985,2.98792,-0.885452
7.91296,2.93802,-0.885017
7.91776,2.88464,-0.883496
7.9222,2.83132,-0.881974
7.92817,2.77872,-0.88067
7.93943,2.72808,-0.880018
7.95602,2.67931,-0.880018
7.96664,2.62858,-0.879365
7.96938,2.57537,-0.877844
7.97271,2.52252,-0.876431
7.98424,2.47238,-0.875996
7.9907,2.42075,-0.875018
8.00159,2.37054,-0.874583
8.00643,2.31864,-0.873496
8.0119,2.26703,-0.872518
8.01704,2.21545,-0.871539
8.02472,2.16466,-0.870887
8.03305,2.11411,-0.870344
8.02757,2.06009,-0.868279
8.0227,2.00645,-0.866322
8.02424,1.9546,-0.865127
8.02738,1.90327,-0.864148
7.54585,1.74029,-0.808823
7.56221,1.69526,-0.809476
7.61521,1.65813,-0.814258
8.04443,1.69994,-0.861105
8.05179,1.64995,-0.860779
8.05299,1.59877,-0.859801
8.05093,1.54708,-0.858496
8.04268,1.49438,-0.85654
8.03702,1.44237,-0.854909
8.01829,1.38828,-0.851866
8.0198,1.33791,-0.851105
8.0308,1.28915,-0.851431
8.03463,1.23925,-0.850996
8.03421,1.18876,-0.850127
8.02856,1.13763,-0.848714
8.03047,1.08768,-0.84817
8.03699,1.03838,-0.84817
8.04321,0.989048,-0.84817
8.04913,0.939677,-0.84817
8.01917,0.886341,-0.844257
8.02446,0.83712,-0.844257
8.03241,0.788158,-0.844584
8.04006,0.73913,-0.84491
8.03553,0.689019,-0.843931
8.02475,0.638519,-0.842301
8.02752,0.589196,-0.842192
8.03595,0.540262,-0.842736
8.02423,0.490036,-0.841105
8.01716,0.440246,-0.840018
8.01077,0.39061,-0.83904
8.00408,0.341069,-0.838062
8.00304,0.291842,-0.837736
8.0017,0.242641,-0.83741
7.99409,0.193323,-0.836432
7.98917,0.144161,-0.835779
7.99586,0.0952085,-0.836432
8.00226,0.0461792,-0.837084
7.99842,-0.00292102,-0.836649
7.99328,-0.0519658,-0.836105
7.98685,-0.100935,-0.835453
7.98011,-0.149827,-0.834801
7.97308,-0.198641,-0.834149
7.97271,-0.24759,-0.834258
7.95713,-0.295987,-0.832736
7.94126,-0.344202,-0.831214
7.93503,-0.392725,-0.830779
7.93644,-0.441627,-0.831214
7.92068,-0.489518,-0.829801
7.89769,-0.53676,-0.827627
7.88235,-0.584327,-0.826323
7.87565,-0.632442,-0.825997
7.87162,-0.680754,-0.825997
7.86729,-0.729041,-0.825997
7.86564,-0.777594,-0.826323
7.86369,-0.826153,-0.826649
7.84958,-0.873399,-0.825671
7.83025,-0.919922,-0.824149
7.8136,-0.966607,-0.822954
7.63896,-0.992619,-0.804367
7.57067,-1.03102,-0.797519
7.58585,-1.08054,-0.799911
7.58006,-1.12721,-0.800019
7.60837,-1.17918,-0.803932
7.7482,-1.24959,-0.820236
7.75509,-1.29957,-0.821867
7.74599,-1.34696,-0.821758
7.73171,-1.39341,-0.821106
7.71813,-1.43991,-0.820562
7.7072,-1.48687,-0.820345
7.69305,-1.53316,-0.819801
7.68058,-1.57973,-0.819475
7.67074,-1.62683,-0.819475
7.66062,-1.67386,-0.819475
7.62498,-1.71516,-0.816649
7.62884,-1.76528,-0.81828
7.61884,-1.81229,-0.818388
7.60564,-1.85853,-0.818171
7.57578,-1.90056,-0.816106
7.55434,-1.94453,-0.815019
7.52401,-1.98603,-0.812954
7.51456,-2.03294,-0.81328
7.5029,-2.07927,-0.813389
7.4814,-2.12283,-0.81241
7.45964,-2.1662,-0.811432
7.46145,-2.21646,-0.813171
7.45722,-2.26509,-0.814258
7.39667,-2.29636,-0.808932
7.37865,-2.3405,-0.808497
7.35374,-2.38236,-0.807302
7.34276,-2.42868,-0.807736
7.33055,-2.47464,-0.808063
7.30301,-2.51537,-0.80665
7.27243,-2.55486,-0.80491
7.24913,-2.59675,-0.804041
7.24427,-2.64527,-0.805345
7.2456,-2.69626,-0.80741
7.22892,-2.74067,-0.80741
7.2064,-2.78283,-0.806758
7.18919,-2.82699,-0.806758
7.17725,-2.87327,-0.80741
7.15948,-2.91725,-0.80741
7.13318,-2.9577,-0.806432
7.11032,-2.99948,-0.805889
7.09361,-3.04384,-0.806106
7.05658,-3.07935,-0.803932
7.05845,-3.13187,-0.806432
7.0101,-3.16204,-0.802954
7.00051,-3.20955,-0.80415
6.98699,-3.25538,-0.80491
6.95431,-3.29223,-0.803389
6.93218,-3.33398,-0.803171
6.92142,-3.38125,-0.804367
6.90767,-3.42719,-0.805237
6.89006,-3.4713,-0.805671
6.87306,-3.51578,-0.806215
6.84077,-3.55239,-0.80491
6.81796,-3.59383,-0.804802
6.7914,-3.63325,-0.804258
6.77247,-3.67675,-0.804693
6.7315,-3.70816,-0.80241
6.71036,-3.75037,-0.802628
6.64917,-3.7699,-0.797845
6.61213,-3.80269,-0.796106
6.57321,-3.83418,-0.79415
6.52732,-3.86128,-0.791324
6.49157,-3.8941,-0.789802
6.46076,-3.92972,-0.788933
6.42214,-3.96042,-0.787085
6.38339,-3.99079,-0.785237
6.33947,-4.01764,-0.782737
6.29129,-4.04142,-0.779694
6.25637,-4.07344,-0.778389
6.21965,-4.10408,-0.776868
6.18856,-4.1383,-0.776107
6.15729,-4.17229,-0.775346
6.12748,-4.20718,-0.774802
6.09584,-4.24072,-0.774042
6.06239,-4.27289,-0.773063
6.0223,-4.30019,-0.771215
5.995,-4.33648,-0.771107
5.95625,-4.36437,-0.769476
5.92297,-4.39609,-0.768607
5.89112,-4.42877,-0.767955
5.8496,-4.45399,-0.765998
5.80957,-4.48009,-0.764259
5.78118,-4.51504,-0.76415
5.74947,-4.54734,-0.763607
5.71991,-4.58129,-0.76339
5.68783,-4.61317,-0.762846
5.64943,-4.63978,-0.761433
5.61398,-4.66864,-0.760455
5.5761,-4.69531,-0.759151
5.53357,-4.71783,-0.757194
5.497,-4.7452,-0.756107
5.46628,-4.77753,-0.75589
5.42495,-4.80044,-0.754151
5.39243,-4.83098,-0.753716
5.35606,-4.85797,-0.752738
5.31224,-4.87796,-0.750672
5.27129,-4.90031,-0.749042
5.23533,-4.92711,-0.748173
5.20069,-4.95503,-0.74752
5.16947,-4.98616,-0.747412
5.13238,-5.01153,-0.746433
5.09305,-5.03454,-0.745129
5.05082,-5.05445,-0.74339
5.00923,-5.07473,-0.74176
4.97661,-5.10395,-0.741542
4.93762,-5.12651,-0.740347
4.8999,-5.15023,-0.739368
4.858,-5.16933,-0.737738
4.82348,-5.19613,-0.737303
4.79084,-5.22489,-0.737194
4.75802,-5.25346,-0.737086
4.71576,-5.27144,-0.735455
4.67016,-5.28537,-0.733281
4.63829,-5.31468,-0.73339
4.59067,-5.32572,-0.73089
4.54695,-5.34092,-0.729042
4.51921,-5.37481,-0.729912
4.48361,-5.39937,-0.729477
4.44346,-5.41833,-0.728282
4.402,-5.43545,-0.726869
4.35987,-5.45149,-0.725347
4.32203,-5.47267,-0.724586
4.28775,-5.49831,-0.724477
4.26061,-5.53318,-0.725673
4.22838,-5.56159,-0.725999
4.17747,-5.56517,-0.722956
4.13141,-5.57472,-0.720782
4.09595,-5.59836,-0.720564
4.06618,-5.62984,-0.721434
4.03329,-5.65711,-0.72176
3.98191,-5.65817,-0.718608
3.94655,-5.68168,-0.718499
3.9088,-5.70169,-0.717956
3.87152,-5.72227,-0.717521
3.83633,-5.74592,-0.717521
3.79991,-5.76769,-0.717304
3.7612,-5.7859,-0.716651
3.72294,-5.80468,-0.716108
3.68407,-5.82238,-0.715456
3.6488,-5.84572,-0.715564
3.60348,-5.85276,-0.713608
3.55873,-5.86031,-0.71176
3.52526,-5.8863,-0.712304
3.49362,-5.91553,-0.713282
3.45726,-5.93685,-0.713282
3.4178,-5.95278,-0.71263
3.37925,-5.97018,-0.712195
3.33868,-5.98386,-0.711325
3.3019,-6.00423,-0.711325
3.26784,-6.02962,-0.711978
3.22891,-6.04605,-0.711543
3.18527,-6.05343,-0.710021
3.14807,-6.07286,-0.710021
3.11074,-6.09207,-0.710021
3.07107,-6.1066,-0.709478
3.02825,-6.11464,-0.708173
2.99024,-6.13221,-0.708065
2.9517,-6.14865,-0.707847
2.91774,-6.17473,-0.708825
2.88692,-6.20784,-0.710673
2.84712,-6.22183,-0.710239
2.80603,-6.23283,-0.709478
2.76814,-6.25084,-0.709586
2.72735,-6.26224,-0.708934
2.68575,-6.27155,-0.708065
2.64721,-6.28791,-0.708065
2.60364,-6.29209,-0.706652
2.56124,-6.29874,-0.705565
2.51959,-6.30695,-0.704695
2.49029,-6.34635,-0.707521
2.44523,-6.34574,-0.705673
2.06757,-5.46524,-0.601002
2.034,-5.47783,-0.601002
2.32562,-6.38314,-0.704913
2.29745,-6.42818,-0.708499
2.25797,-6.44216,-0.708499
2.20192,-6.40794,-0.702956
2.17113,-6.44677,-0.705891
2.14181,-6.49112,-0.709478
2.0998,-6.49752,-0.708717
2.0497,-6.47806,-0.705021
0,0,0
0,0,0
0,0,0
1.89757,-6.55219,-0.707956
1.83541,-6.48623,-0.699152
0,0,0
0,0,0
0,0,0
0,0,0
0,0,0
0,0,0
0,0,0
0,0,0
0,0,0
0,0,0
0,0,0
0,0,0
0,0,0
0,0,0
0,0,0
0,0,0
0,0,0
0,0,0
0,0,0
0,0,0
0,0,0
0,0,0
0,0,0
0,0,0
0,0,0
0,0,0
0,0,0
0,0,0
0,0,0
0,0,0
0,0,0
0,0,0
0,0,0
0,0,0
0,0,0
0,0,0
0,0,0
0,0,0
0,0,0
0,0,0
0,0,0
0,0,0
0,0,0
0,0,0
0,0,0
0,0,0
0,0,0
0,0,0
0,0,0
0,0,0
0,0,0
0,0,0
0,0,0
0,0,0
0,0,0
0,0,0
0,0,0
0,0,0
0,0,0
0,0,0
0,0,0
0,0,0
0,0,0
0,0,0
0,0,0
0,0,0
0,0,0
0,0,0
0,0,0
0,0,0
0,0,0
0,0,0
0,0,0
0,0,0
0,0,0
0,0,0
0,0,0
0,0,0
0,0,0
0,0,0
0,0,0
0,0,0
0,0,0
0,0,0
0,0,0
0,0,0
0,0,0
0,0,0
0,0,0
0,0,0
0,0,0
0,0,0
0,0,0
0,0,0
0,0,0
0,0,0
0,0,0
0,0,0
0,0,0
0,0,0
0,0,0
0,0,0
0,0,0
0,0,0
0,0,0
0,0,0
0,0,0
0,0,0
0,0,0
0,0,0
0,0,0
0,0,0
0,0,0
0,0,0
0,0,0
0,0,0
0,0,0
0,0,0
0,0,0
0,0,0
0,0,0
0,0,0
0,0,0
0,0,0
0,0,0
0,0,0
0,0,0
0,0,0
0,0,0
0,0,0
0,0,0
0,0,0
0,0,0
0,0,0
0,0,0
0,0,0
0,0,0
0,0,0
0,0,0
0,0,0
0,0,0
0,0,0
0,0,0
0,0,0
0,0,0
0,0,0
0,0,0
0,0,0
0,0,0
0,0,0
0,0,0
0,0,0
0,0,0
0,0,0
0,0,0
0,0,0
0,0,0
0,0,0
0,0,0
0,0,0
0,0,0
0,0,0
0,0,0
0,0,0
0,0,0
0,0,0
0,0,0
0,0,0
0,0,0
0,0,0
0,0,0
0,0,0
0,0,0
0,0,0
0,0,0
0,0,0
0,0,0
0,0,0
0,0,0
0,0,0
0,0,0
0,0,0
0,0,0
0,0,0
0,0,0
0,0,0
0,0,0
0,0,0
0,0,0
0,0,0
0,0,0
0,0,0
0,0,0
0,0,0
0,0,0
0,0,0
0,0,0
0,0,0
0,0,0
0,0,0
0,0,0
0,0,0
0,0,0
0,0,0
0,0,0
0,0,0
0,0,0
0,0,0
0,0,0
0,0,0
0,0,0
0,0,0
0,0,0
0,0,0
0,0,0
0,0,0
0,0,0
0,0,0
0,0,0
0,0,0
0,0,0
0,0,0
0,0,0
0,0,0
0,0,0
0,0,0
0,0,0
0,0,0
0,0,0
0,0,0
0,0,0
0,0,0
0,0,0
0,0,0
0,0,0
0,0,0
0,0,0
0,0,0
0,0,0
0,0,0
0,0,0
0,0,0
0,0,0
0,0,0
0,0,0
0,0,0
0,0,0
0,0,0
0,0,0
0,0,0
0,0,0
0,0,0
0,0,0
0,0,0
0,0,0
0,0,0
0,0,0
0,0,0
0,0,0
0,0,0
0,0,0
0,0,0
0,0,0
0,0,0
0,0,0
0,0,0
0,0,0
0,0,0
0,0,0
0,0,0
0,0,0
0,0,0
0,0,0
0,0,0
0,0,0
0,0,0
0,0,0
0,0,0
0,0,0
0,0,0
0,0,0
0,0,0
0,0,0
0,0,0
0,0,0
0,0,0
0,0,0
0,0,0
0,0,0
0,0,0
0,0,0
0,0,0
0,0,0
0,0,0
0,0,0
0,0,0
0,0,0
0,0,0
0,0,0
0,0,0
0,0,0
0,0,0
0,0,0
0,0,0
0,0,0
0,0,0
0,0,0
0,0,0
0,0,0
0,0,0
0,0,0
0,0,0
0,0,0
0,0,0
0,0,0
0,0,0
0,0,0
0,0,0
0,0,0
0,0,0
0,0,0
0,0,0
0,0,0
0,0,0
0,0,0
0,0,0
0,0,0
0,0,0
0,0,0
0,0,0
0,0,0
0,0,0
0,0,0
0,0,0
0,0,0
0,0,0
0,0,0
0,0,0
0,0,0
0,0,0
0,0,0
0,0,0
0,0,0
0,0,0
0,0,0
0,0,0
0,0,0
0,0,0
0,0,0
0,0,0
0,0,0
0,0,0
0,0,0
0,0,0
0,0,0
0,0,0
0,0,0
0,0,0
0,0,0
0,0,0
0,0,0
0,0,0
0,0,0
0,0,0
0,0,0
0,0,0
0,0,0
0,0,0
0,0,0
0,0,0
0,0,0
0,0,0
0,0,0
0,0,0
0,0,0
0,0,0
0,0,0
0,0,0
0,0,0
0,0,0
0,0,0
0,0,0
0,0,0
0,0,0
0,0,0
0,0,0
0,0,0
0,0,0
0,0,0
0,0,0
0,0,0
0,0,0
0,0,0
0,0,0
0,0,0
0,0,0
0,0,0
0,0,0
0,0,0
0,0,0
0,0,0
0,0,0
0,0,0
0,0,0
0,0,0
0,0,0
0,0,0
0,0,0
0,0,0
0,0,0
0,0,0
0,0,0
0,0,0
0,0,0
0,0,0
0,0,0
0,0,0
0,0,0
0,0,0
0,0,0
0,0,0
0,0,0
0,0,0
0,0,0
0,0,0
0,0,0
0,0,0
0,0,0
0,0,0
0,0,0
0,0,0
0,0,0
0,0,0
0,0,0
0,0,0
0,0,0
0,0,0
0,0,0
0,0,0
0,0,0
0,0,0
0,0,0
0,0,0
0,0,0
0,0,0
0,0,0
0,0,0
0,0,0
0,0,0
0,0,0
0,0,0
0,0,0
0,0,0
0,0,0
0,0,0
0,0,0
0,0,0
0,0,0
0,0,0
0,0,0
0,0,0
0,0,0
0,0,0
0,0,0
0,0,0
0,0,0
0,0,0
0,0,0
0,0,0
0,0,0
0,0,0
0,0,0
0,0,0
0,0,0
0,0,0
0,0,0
0,0,0
0,0,0
0,0,0
0,0,0
0,0,0
0,0,0
0,0,0
0,0,0
0,0,0
0,0,0
0,0,0
0,0,0
0,0,0
0,0,0
0,0,0
0,0,0
0,0,0
0,0,0
0,0,0
0,0,0
0,0,0
0,0,0
0,0,0
0,0,0
0,0,0
0,0,0
0,0,0
0,0,0
0,0,0
0,0,0
0,0,0
0,0,0
0,0,0
0,0,0
0,0,0
0,0,0
0,0,0
0,0,0
0,0,0
0,0,0
0,0,0
0,0,0
0,0,0
0,0,0
0,0,0
0,0,0
0,0,0
0,0,0
0,0,0
0,0,0
0,0,0
0,0,0
0,0,0
0,0,0
0,0,0
0,0,0
0,0,0
0,0,0
0,0,0
0,0,0
0,0,0
0,0,0
0,0,0
0,0,0
0,0,0
0,0,0
0,0,0
0,0,0
0,0,0
0,0,0
0,0,0
0,0,0
0,0,0
0,0,0
0,0,0
0,0,0
0,0,0
0,0,0
0,0,0
0,0,0
0,0,0
0,0,0
0,0,0
0,0,0
0,0,0
0,0,0
0,0,0
0,0,0
0,0,0
0,0,0
0,0,0
0,0,0
0,0,0
0,0,0
0,0,0
0,0,0
0,0,0
0,0,0
0,0,0
0,0,0
0,0,0
0,0,0
0,0,0
0,0,0
0,0,0
0,0,0
0,0,0
0,0,0
0,0,0
0,0,0
0,0,0
0,0,0
0,0,0
0,0,0
0,0,0
0,0,0
0,0,0
0,0,0
0,0,0
0,0,0
0,0,0
0,0,0
0,0,0
0,0,0
0,0,0
0,0,0
0,0,0
0,0,0
0,0,0
0,0,0
0,0,0
0,0,0
0,0,0
0,0,0
0,0,0
0,0,0
0,0,0
0,0,0
0,0,0
0,0,0
0,0,0
0,0,0
0,0,0
0,0,0
0,0,0
2.19655,7.06783,-0.864107
2.24528,7.07125,-0.866285
2.29107,7.0649,-0.867253
2.33843,7.06296,-0.868826
2.3795,7.04189,-0.867979
2.40811,6.98493,-0.862534
2.44105,6.94192,-0.858904
2.47389,6.89972,-0.855395
2.51107,6.87042,-0.85358
2.55179,6.85116,-0.853096
2.59238,6.83166,-0.852612
2.62888,6.80174,-0.850797
2.66838,6.77994,-0.85007
2.70514,6.75146,-0.848497
2.74576,6.73289,-0.848255
2.78779,6.71775,-0.848497
2.82741,6.69686,-0.848013
2.87119,6.68577,-0.84886
2.91454,6.67349,-0.849586
2.96872,6.68542,-0.85358
3.0052,6.65713,-0.852249
3.04433,6.63495,-0.851765
3.08247,6.61075,-0.851039
3.12637,6.59889,-0.852007
3.17498,6.59658,-0.854306
3.21758,6.58143,-0.854911
3.25834,6.56245,-0.855032
3.30525,6.55563,-0.856847
3.3549,6.55379,-0.859388
3.39231,6.52779,-0.858662
3.43369,6.50949,-0.859025
3.4731,6.48742,-0.858904
3.51236,6.46512,-0.858783
3.56203,6.4617,-0.861324
3.61081,6.45619,-0.863623
3.6533,6.43909,-0.864349
3.69818,6.42602,-0.86568
3.74304,6.41264,-0.867011
3.78586,6.39553,-0.867858
3.82963,6.37984,-0.868947
3.87231,6.36216,-0.869794
3.91284,6.34081,-0.870157
3.95904,6.32847,-0.871851
4.00418,6.31412,-0.873303
4.04606,6.29444,-0.874029
4.09165,6.28031,-0.875602
4.13995,6.26999,-0.87778
4.18497,6.25438,-0.879232
4.22494,6.23104,-0.879595
4.27321,6.21973,-0.881773
4.3215,6.20806,-0.883951
4.36466,6.18873,-0.88504
4.41005,6.17233,-0.886613
4.45307,6.1524,-0.887702
4.49896,6.13616,-0.889396
4.5454,6.1204,-0.891212
4.59361,6.10667,-0.89339
4.64482,6.09654,-0.896173
4.68699,6.07421,-0.897141
4.73884,6.06411,-0.900045
4.78027,6.04037,-0.900892
4.82655,6.02254,-0.902707
4.87655,6.009,-0.905248
4.92089,5.98817,-0.9067
4.96452,5.96626,-0.908031
5.01894,5.95694,-0.911419
5.07086,5.94416,-0.914323
5.11178,5.9182,-0.91517
5.16237,5.90316,-0.917832
5.21494,5.88996,-0.920857
5.25098,5.85785,-0.920857
5.30951,5.85051,-0.924971
5.3453,5.81782,-0.924971
5.40388,5.80963,-0.929086
5.46052,5.79877,-0.932837
5.50559,5.77522,-0.934531
5.56022,5.76133,-0.937919
5.61211,5.74415,-0.940823
5.65912,5.7216,-0.94288
5.71097,5.70361,-0.945784
5.74939,5.67195,-0.946389
5.79688,5.64903,-0.948567
5.83,5.61198,-0.948325
5.89166,5.6021,-0.952923
5.92375,5.56381,-0.95256
5.96869,5.53748,-0.954375
6.0011,5.49941,-0.954133
6.02516,5.45382,-0.95256
6.05851,5.41675,-0.95256
6.09089,5.37882,-0.952439
6.11406,5.33286,-0.950866
6.14441,5.2933,-0.950503
6.18131,5.25936,-0.951229
6.20282,5.21239,-0.949535
6.21789,5.16029,-0.946873
6.23715,5.11197,-0.944937
6.25991,5.06673,-0.943606
6.27383,5.01459,-0.940944
6.29824,4.97108,-0.939976
6.33098,4.93417,-0.940339
6.3627,4.89644,-0.940581
6.39342,4.85791,-0.940702
6.41199,4.81025,-0.939008
6.43102,4.76313,-0.937435
6.4473,4.7142,-0.935499
6.46242,4.66468,-0.933442
6.48123,4.61802,-0.93199
6.507,4.57645,-0.931627
6.52925,4.53248,-0.93078
6.54793,4.48616,-0.929449
6.56794,4.44089,-0.92836
6.59259,4.39885,-0.927997
6.61614,4.35613,-0.927512
6.63525,4.31059,-0.926423
6.64988,4.26229,-0.924729
6.66332,4.21345,-0.922914
6.68399,4.16933,-0.922188
6.70438,4.12512,-0.921462
6.72193,4.07927,-0.920373
6.74172,4.03489,-0.919647
6.75609,3.98739,-0.918195
6.77529,3.94286,-0.917469
6.80882,3.90665,-0.9188
6.84649,3.87262,-0.920736
6.83544,3.8112,-0.915896
6.84826,3.76345,-0.914444
6.87559,3.72372,-0.915049
6.8878,3.67585,-0.913597
6.90232,3.62936,-0.912508
6.89008,3.56913,-0.907789
6.9092,3.52543,-0.907426
6.93336,3.48431,-0.907789
6.96351,3.44611,-0.908999
6.964,3.39331,-0.906216
6.97037,3.34364,-0.90428
6.98716,3.29912,-0.903796
7.01088,3.25786,-0.90428
7.00817,3.20445,-0.901255
7.02227,3.15895,-0.900529
7.03153,3.11138,-0.899198
7.03775,3.06263,-0.897504
7.04637,3.01509,-0.896173
7.05833,2.9691,-0.895326
7.07825,2.9265,-0.895568
7.10343,2.886,-0.896536
7.11271,2.83905,-0.895447
7.09488,2.78158,-0.890849
7.10811,2.73657,-0.890365
7.13684,2.69746,-0.891938
7.11417,2.63912,-0.886855
7.12277,2.5927,-0.885887
7.1348,2.54761,-0.885403
7.15498,2.50542,-0.886008
7.15989,2.45793,-0.884677
7.16167,2.40951,-0.882983
7.16784,2.36273,-0.881894
7.1737,2.31596,-0.880805
7.17357,2.26741,-0.87899
7.18072,2.22129,-0.878143
7.19421,2.17719,-0.878143
7.1903,2.12793,-0.875965
7.20036,2.08295,-0.875602
7.21587,2.03954,-0.875965
7.23112,1.99602,-0.876328
7.23652,1.9498,-0.875481
7.23779,1.90258,-0.87415
7.24644,1.8574,-0.873787
7.23748,1.80785,-0.871246
7.2359,1.76035,-0.869673
7.23691,1.71363,-0.868463
7.24148,1.66786,-0.867737
7.25448,1.62404,-0.8681
7.2614,1.57887,-0.867737
7.25347,1.53059,-0.865559
7.24522,1.48247,-0.863381
7.24639,1.43644,-0.862413
7.24824,1.39064,-0.861566
7.25664,1.34614,-0.861566
7.26476,1.30159,-0.861566
7.2599,1.25479,-0.859993
7.25669,1.20842,-0.858662
7.26299,1.16372,-0.858541
7.26803,1.11883,-0.858299
7.25708,1.0716,-0.856121
7.24878,1.02496,-0.854306
7.25198,0.980066,-0.853943
7.25786,0.93555,-0.853943
7.26051,0.890636,-0.85358
7.26189,0.84561,-0.853096
7.26201,0.800491,-0.852491
7.25099,0.754271,-0.850554
7.26536,0.710734,-0.851765
7.25772,0.665052,-0.850312
7.25078,0.619576,-0.848981
7.24455,0.574288,-0.847771
7.24992,0.529971,-0.848013
7.26294,0.486141,-0.849223
7.26579,0.441567,-0.849223
7.2634,0.396705,-0.848618
7.25579,0.351648,-0.847408
7.28161,0.308132,-0.850312
7.28138,0.263375,-0.85007
7.27294,0.218393,-0.84886
7.26223,0.173476,-0.847408
7.25522,0.128771,-0.84644
7.25389,0.0842277,-0.846198
7.26419,0.0397731,-0.847408
7.24743,-0.00479148,-0.845351
7.24627,-0.0492542,-0.84523
7.23094,-0.0935253,-0.843415
7.22427,-0.137779,-0.842689
7.21337,-0.181855,-0.841479
7.21212,-0.226112,-0.841479
7.21159,-0.270398,-0.8416
7.21574,-0.314901,-0.842326
7.20475,-0.358727,-0.841237
7.19052,-0.402264,-0.839785
7.18594,-0.446254,-0.839543
7.18207,-0.490271,-0.839422
7.17002,-0.533668,-0.838333
7.16067,-0.577175,-0.837607
7.15304,-0.620758,-0.837123
7.1491,-0.664637,-0.837123
7.14587,-0.708588,-0.837244
7.13843,-0.75211,-0.836881
7.1248,-0.794907,-0.835792
7.1119,-0.837681,-0.834824
7.10269,-0.880815,-0.83434
7.09617,-0.924252,-0.834219
7.08839,-0.967508,-0.833977
7.09215,-1.01238,-0.835187
7.08777,-1.05617,-0.835429
7.08116,-1.09964,-0.835429
7.07134,-1.1426,-0.835066
7.04755,-1.18317,-0.833009
7.03331,-1.2252,-0.832162
7.00612,-1.26481,-0.829742
7.01287,-1.31051,-0.831557
7.01249,-1.35502,-0.832525
7.00404,-1.39802,-0.832525
6.97589,-1.43697,-0.830105
6.96306,-1.47892,-0.829621
6.94415,-1.5195,-0.828411
6.92211,-1.55924,-0.826838
6.91628,-1.60258,-0.827322
6.90921,-1.64568,-0.827685
6.88452,-1.68451,-0.82587
6.87406,-1.72672,-0.82587
6.84795,-1.7649,-0.823934
6.84659,-1.80942,-0.825144
6.83536,-1.8514,-0.825144
6.82578,-1.89384,-0.825386
6.80449,-1.93297,-0.824176
6.78869,-1.97358,-0.823692
6.76884,-2.01293,-0.822724
6.76016,-2.05558,-0.823208
6.74362,-2.09585,-0.822724
6.71171,-2.13118,-0.820304
6.69946,-2.17263,-0.820425
6.67469,-2.20995,-0.818973
6.66759,-2.25309,-0.81982
6.65927,-2.2959,-0.820546
6.62914,-2.33112,-0.818489
6.61471,-2.37175,-0.818489
6.59444,-2.41025,-0.817763
6.59627,-2.4569,-0.819941
6.56715,-2.49205,-0.818126
6.54062,-2.528,-0.816674
6.52683,-2.56882,-0.816916
6.5091,-2.60808,-0.816674
6.49482,-2.64872,-0.816916
6.47661,-2.68776,-0.816674
6.4728,-2.73285,-0.818368
6.45682,-2.77291,-0.818489
6.42968,-2.8081,-0.817158
6.40053,-2.84227,-0.815585
6.39111,-2.88516,-0.816674
6.38683,-2.93053,-0.818489
6.34983,-2.96086,-0.815948
6.33244,-3.00019,-0.816069
6.32017,-3.042,-0.816916
6.29693,-3.07854,-0.816311
6.27614,-3.11624,-0.816069
6.2569,-3.15469,-0.816069
6.23655,-3.19257,-0.815948
6.21508,-3.22986,-0.815706
6.18724,-3.26377,-0.814617
6.1671,-3.30167,-0.814617
6.15894,-3.34608,-0.816311
6.13916,-3.38429,-0.816432
6.10268,-3.41318,-0.814254
6.08853,-3.45447,-0.815222
6.05431,-3.48434,-0.813407
6.01996,-3.51392,-0.811592
5.97949,-3.53967,-0.808929
5.94064,-3.56608,-0.806509
5.90677,-3.59524,-0.804815
5.88798,-3.6335,-0.805299
5.85379,-3.66219,-0.803605
5.81947,-3.6906,-0.801911
5.78001,-3.71551,-0.799491
5.73215,-3.73465,-0.795861
5.71162,-3.77139,-0.796224
5.68754,-3.80581,-0.796103
5.65833,-3.83674,-0.795256
5.62077,-3.86183,-0.793199
5.58475,-3.88775,-0.791384
5.55024,-3.9145,-0.789811
5.51885,-3.94329,-0.788722
5.49536,-3.97766,-0.788843
5.45804,-4.00192,-0.786907
5.41744,-4.0235,-0.784487
5.38075,-4.04771,-0.782672
5.35581,-4.08065,-0.782672
5.33303,-4.11526,-0.783035
5.30846,-4.14852,-0.783156
5.27745,-4.1767,-0.782309
5.25483,-4.21148,-0.782793
5.21424,-4.23177,-0.780494
5.17437,-4.25234,-0.778316
5.1436,-4.2802,-0.77759
5.12256,-4.31615,-0.778437
5.08616,-4.33913,-0.776864
5.04967,-4.36182,-0.775291
5.02356,-4.39338,-0.775412
4.99799,-4.42544,-0.775654
4.9604,-4.44675,-0.77396
4.91979,-4.46509,-0.771781
4.88572,-4.48915,-0.770692
4.85154,-4.51296,-0.769603
4.81942,-4.53856,-0.768877
4.7807,-4.55778,-0.767062
4.7555,-4.58978,-0.767546
4.72867,-4.62026,-0.767788
4.68611,-4.63523,-0.765368
4.65829,-4.6646,-0.765489
4.62539,-4.68885,-0.764763
4.58753,-4.70791,-0.76319
4.5496,-4.72667,-0.761617
4.50889,-4.74227,-0.75956
4.47495,-4.76478,-0.758713
4.4409,-4.78706,-0.757866
4.41547,-4.81861,-0.758592
4.38915,-4.84929,-0.759197
4.35137,-4.86725,-0.757745
4.3142,-4.88567,-0.756414
4.27631,-4.90308,-0.754962
4.23642,-4.91794,-0.753147
4.20102,-4.9378,-0.752179
4.16809,-4.96044,-0.751695
4.1382,-4.98669,-0.751816
4.10816,-5.01275,-0.751937
4.07857,-5.03941,-0.752179
4.04262,-5.05814,-0.751211
4.00228,-5.07116,-0.749396
3.96742,-5.09092,-0.74867
3.93793,-5.11753,-0.749033
3.89744,-5.12974,-0.747218
3.85874,-5.14403,-0.745766
3.8212,-5.15964,-0.744556
3.77599,-5.16456,-0.741773
3.75237,-5.1989,-0.743467
3.71636,-5.21617,-0.74262
3.67972,-5.23238,-0.741652
3.64301,-5.24833,-0.740684
3.60737,-5.26568,-0.739958
3.57444,-5.28689,-0.739837
3.53532,-5.29881,-0.738385
3.49128,-5.303,-0.735844
3.46246,-5.33015,-0.736691
3.43612,-5.36132,-0.738143
3.39201,-5.36468,-0.735601
3.3522,-5.37445,-0.734028
3.32957,-5.41182,-0.736449
3.29836,-5.43554,-0.736933
3.25271,-5.43524,-0.734028
3.21728,-5.45168,-0.733544
3.17727,-5.46016,-0.731971
3.14124,-5.47525,-0.731366
3.11052,-5.49961,-0.732092
3.07961,-5.52379,-0.732818
3.04232,-5.53649,-0.731971
3.01207,-5.56204,-0.732939
2.97648,-5.57779,-0.732576
2.93111,-5.57486,-0.729672
2.9005,-5.59979,-0.73064
2.86699,-5.61925,-0.730882
2.82666,-5.62521,-0.729309
2.79562,-5.64956,-0.730277
2.76003,-5.66483,-0.730035
2.72049,-5.67181,-0.728704
2.6814,-5.67942,-0.727494
2.64692,-5.69667,-0.727615
2.60655,-5.70107,-0.726042
2.57274,-5.71967,-0.726405
2.5384,-5.73716,-0.726647
2.50077,-5.74717,-0.725921
2.46468,-5.76058,-0.725679
2.43314,-5.78474,-0.726889
2.3957,-5.79498,-0.726284
2.36758,-5.82796,-0.728704
2.32883,-5.835,-0.727736
2.28211,-5.82146,-0.724106
2.11041,-5.48242,-0.678004
2.05601,-5.44049,-0.670865
2.02294,-5.45393,-0.670986
2.01151,-5.52687,-0.678851
2.11415,-5.92144,-0.728341
2.09517,-5.98395,-0.734755
2.06067,-6.00327,-0.735601
2.00891,-5.97158,-0.729914
1.97659,-5.99699,-0.731608
0,0,0
1.89596,-5.99903,-0.728825
1.86058,-6.01529,-0.72943
1.81875,-6.01044,-0.727373
1.77366,-5.99389,-0.723864
1.7374,-6.00656,-0.724106
1.69538,-5.99896,-0.721807
1.66409,-6.02935,-0.724348
1.61931,-6.01069,-0.720718
1.57811,-6.00419,-0.718661
1.54568,-6.03107,-0.720839
1.50864,-6.04044,-0.720839
0,0,0
0,0,0
0,0,0
0,0,0
0,0,0
0,0,0
0,0,0
0,0,0
0,0,0
0,0,0
0,0,0
0,0,0
0,0,0
0,0,0
0,0,0
0,0,0
0,0,0
0,0,0
0,0,0
0,0,0
0,0,0
0,0,0
0,0,0
0,0,0
0,0,0
0,0,0
0,0,0
0,0,0
0,0,0
0,0,0
0,0,0
0,0,0
0,0,0
0,0,0
0,0,0
0,0,0
0,0,0
0,0,0
0,0,0
0,0,0
0,0,0
0,0,0
0,0,0
0,0,0
0,0,0
0,0,0
0,0,0
0,0,0
0,0,0
0,0,0
0,0,0
0,0,0
0,0,0
0,0,0
0,0,0
0,0,0
0,0,0
0,0,0
0,0,0
0,0,0
0,0,0
0,0,0
0,0,0
0,0,0
0,0,0
0,0,0
0,0,0
0,0,0
0,0,0
0,0,0
0,0,0
0,0,0
0,0,0
0,0,0
0,0,0
0,0,0
0,0,0
0,0,0
0,0,0
0,0,0
0,0,0
0,0,0
0,0,0
0,0,0
0,0,0
0,0,0
0,0,0
0,0,0
0,0,0
0,0,0
0,0,0
0,0,0
0,0,0
0,0,0
0,0,0
0,0,0
0,0,0
0,0,0
0,0,0
0,0,0
0,0,0
0,0,0
0,0,0
0,0,0
0,0,0
0,0,0
0,0,0
0,0,0
0,0,0
0,0,0
0,0,0
0,0,0
0,0,0
0,0,0
0,0,0
0,0,0
0,0,0
0,0,0
0,0,0
0,0,0
0,0,0
0,0,0
0,0,0
0,0,0
0,0,0
0,0,0
0,0,0
0,0,0
0,0,0
0,0,0
0,0,0
0,0,0
0,0,0
0,0,0
0,0,0
0,0,0
0,0,0
0,0,0
0,0,0
0,0,0
0,0,0
0,0,0
0,0,0
0,0,0
0,0,0
0,0,0
0,0,0
0,0,0
0,0,0
0,0,0
0,0,0
0,0,0
0,0,0
0,0,0
0,0,0
0,0,0
0,0,0
0,0,0
0,0,0
0,0,0
0,0,0
0,0,0
0,0,0
0,0,0
0,0,0
0,0,0
0,0,0
0,0,0
0,0,0
0,0,0
0,0,0
0,0,0
0,0,0
0,0,0
0,0,0
0,0,0
0,0,0
0,0,0
0,0,0
0,0,0
0,0,0
0,0,0
0,0,0
0,0,0
0,0,0
0,0,0
0,0,0
0,0,0
0,0,0
0,0,0
0,0,0
0,0,0
0,0,0
0,0,0
0,0,0
0,0,0
0,0,0
0,0,0
0,0,0
0,0,0
0,0,0
0,0,0
0,0,0
0,0,0
0,0,0
0,0,0
0,0,0
0,0,0
0,0,0
0,0,0
0,0,0
0,0,0
0,0,0
0,0,0
0,0,0
0,0,0
0,0,0
0,0,0
0,0,0
0,0,0
0,0,0
0,0,0
0,0,0
0,0,0
0,0,0
0,0,0
0,0,0
0,0,0
0,0,0
0,0,0
0,0,0
0,0,0
0,0,0
0,0,0
0,0,0
0,0,0
0,0,0
0,0,0
0,0,0
0,0,0
0,0,0
0,0,0
0,0,0
0,0,0
0,0,0
0,0,0
0,0,0
0,0,0
0,0,0
0,0,0
0,0,0
0,0,0
0,0,0
0,0,0
0,0,0
0,0,0
0,0,0
0,0,0
0,0,0
0,0,0
0,0,0
0,0,0
0,0,0
0,0,0
0,0,0
0,0,0
0,0,0
0,0,0
0,0,0
0,0,0
0,0,0
0,0,0
0,0,0
0,0,0
0,0,0
0,0,0
0,0,0
0,0,0
0,0,0
0,0,0
0,0,0
0,0,0
0,0,0
0,0,0
0,0,0
0,0,0
0,0,0
0,0,0
0,0,0
0,0,0
0,0,0
0,0,0
0,0,0
0,0,0
0,0,0
0,0,0
0,0,0
0,0,0
0,0,0
0,0,0
0,0,0
0,0,0
0,0,0
0,0,0
0,0,0
0,0,0
0,0,0
0,0,0
0,0,0
0,0,0
0,0,0
0,0,0
0,0,0
0,0,0
0,0,0
0,0,0
0,0,0
0,0,0
0,0,0
0,0,0
0,0,0
0,0,0
0,0,0
0,0,0
0,0,0
0,0,0
0,0,0
0,0,0
0,0,0
0,0,0
0,0,0
0,0,0
0,0,0
0,0,0
0,0,0
0,0,0
0,0,0
0,0,0
0,0,0
0,0,0
0,0,0
0,0,0
0,0,0
0,0,0
0,0,0
0,0,0
0,0,0
0,0,0
0,0,0
0,0,0
0,0,0
0,0,0
0,0,0
0,0,0
0,0,0
0,0,0
0,0,0
0,0,0
0,0,0
0,0,0
0,0,0
0,0,0
0,0,0
0,0,0
0,0,0
0,0,0
0,0,0
0,0,0
0,0,0
0,0,0
0,0,0
0,0,0
0,0,0
0,0,0
0,0,0
0,0,0
0,0,0
0,0,0
0,0,0
0,0,0
0,0,0
0,0,0
0,0,0
0,0,0
0,0,0
0,0,0
0,0,0
0,0,0
0,0,0
0,0,0
0,0,0
0,0,0
0,0,0
0,0,0
0,0,0
0,0,0
0,0,0
0,0,0
0,0,0
0,0,0
0,0,0
0,0,0
0,0,0
0,0,0
0,0,0
0,0,0
0,0,0
0,0,0
0,0,0
0,0,0
0,0,0
0,0,0
0,0,0
0,0,0
0,0,0
0,0,0
0,0,0
0,0,0
0,0,0
0,0,0
0,0,0
0,0,0
0,0,0
0,0,0
0,0,0
0,0,0
0,0,0
0,0,0
0,0,0
0,0,0
0,0,0
0,0,0
0,0,0
0,0,0
0,0,0
0,0,0
0,0,0
0,0,0
0,0,0
0,0,0
0,0,0
0,0,0
0,0,0
0,0,0
0,0,0
0,0,0
0,0,0
0,0,0
0,0,0
0,0,0
0,0,0
0,0,0
0,0,0
0,0,0
0,0,0
0,0,0
0,0,0
0,0,0
0,0,0
0,0,0
0,0,0
0,0,0
0,0,0
0,0,0
0,0,0
0,0,0
0,0,0
0,0,0
0,0,0
0,0,0
0,0,0
0,0,0
0,0,0
0,0,0
0,0,0
0,0,0
0,0,0
0,0,0
0,0,0
0,0,0
0,0,0
0,0,0
0,0,0
0,0,0
0,0,0
0,0,0
0,0,0
0,0,0
0,0,0
0,0,0
0,0,0
0,0,0
0,0,0
0,0,0
0,0,0
0,0,0
0,0,0
0,0,0
0,0,0
0,0,0
0,0,0
0,0,0
0,0,0
0,0,0
0,0,0
0,0,0
0,0,0
0,0,0
0,0,0
0,0,0
0,0,0
0,0,0
0,0,0
0,0,0
0,0,0
0,0,0
0,0,0
0,0,0
0,0,0
0,0,0
0,0,0
0,0,0
0,0,0
0,0,0
0,0,0
0,0,0
0,0,0
0,0,0
0,0,0
0,0,0
0,0,0
0,0,0
0,0,0
0,0,0
0,0,0
0,0,0
0,0,0
0,0,0
0,0,0
0,0,0
0,0,0
0,0,0
0,0,0
0,0,0
0,0,0
0,0,0
0,0,0
0,0,0
0,0,0
0,0,0
0,0,0
0,0,0
0,0,0
0,0,0
0,0,0
0,0,0
0,0,0
0,0,0
0,0,0
0,0,0
0,0,0
0,0,0
0,0,0
0,0,0
0,0,0
0,0,0
0,0,0
0,0,0
0,0,0
0,0,0
0,0,0
0,0,0
0,0,0
0,0,0
0,0,0
0,0,0
0,0,0
0,0,0
0,0,0
0,0,0
0,0,0
0,0,0
0,0,0
0,0,0
0,0,0
0,0,0
0,0,0
2.28835,6.92259,-0.938417
2.32064,6.87837,-0.934168
2.35828,6.85088,-0.932309
2.39994,6.83534,-0.932177
2.44184,6.82049,-0.932177
2.48466,6.80817,-0.932575
2.53019,6.80302,-0.934035
2.56873,6.77902,-0.93284
2.6092,6.76036,-0.932442
2.65172,6.74699,-0.93284
2.69344,6.73151,-0.932973
2.73731,6.72128,-0.933903
2.77964,6.70711,-0.934301
2.81612,6.67897,-0.932708
2.86252,6.67431,-0.934566
2.90183,6.65299,-0.934035
2.93978,6.62872,-0.933106
2.98774,6.62682,-0.935496
3.03206,6.61647,-0.936691
3.07762,6.60852,-0.938284
3.1215,6.59668,-0.939346
3.16192,6.5774,-0.939346
3.20396,6.56144,-0.939878
3.24856,6.55054,-0.941205
3.29048,6.53402,-0.941736
3.33457,6.52165,-0.942931
3.37863,6.50899,-0.944126
3.4162,6.48375,-0.943462
3.46246,6.4749,-0.945321
3.49929,6.44831,-0.944525
3.54405,6.43626,-0.945985
3.58879,6.42392,-0.947446
3.63743,6.41816,-0.949968
3.68217,6.40517,-0.951429
3.7249,6.38845,-0.952358
3.76806,6.3723,-0.953421
3.81117,6.35586,-0.954483
3.85473,6.33998,-0.955678
3.89824,6.3238,-0.956873
3.9417,6.30732,-0.958068
3.98775,6.29474,-0.959927
4.03434,6.28266,-0.961918
4.07605,6.26277,-0.962715
4.11495,6.23847,-0.962848
4.16582,6.23206,-0.965901
4.21065,6.21623,-0.967495
4.26049,6.20743,-0.970283
4.2985,6.18118,-0.970283
4.32379,6.13686,-0.967362
4.36079,6.10941,-0.967229
4.39935,6.08414,-0.967495
4.43894,6.06023,-0.968026
4.47723,6.03447,-0.968291
4.51774,6.01164,-0.969088
4.55274,5.98144,-0.96869
4.59904,5.96595,-0.970814
4.62702,5.92668,-0.968955
4.65777,5.89118,-0.96776
4.69135,5.8594,-0.967229
4.72159,5.82357,-0.966034
4.74969,5.7853,-0.964441
4.7794,5.74919,-0.963246
4.81394,5.719,-0.963113
4.8483,5.6886,-0.96298
4.87211,5.64599,-0.960723
4.90014,5.60852,-0.959395
4.93314,5.57686,-0.95913
4.96727,5.54649,-0.95913
4.98923,5.50269,-0.95674
5.0229,5.47197,-0.95674
5.05233,5.4367,-0.955943
5.08288,5.40271,-0.955412
5.10704,5.36209,-0.953686
5.13366,5.32423,-0.952491
5.16484,5.29121,-0.952226
5.18816,5.25025,-0.9505
5.21537,5.21342,-0.94957
5.2536,5.18758,-0.950765
5.27256,5.1428,-0.948375
5.30116,5.1076,-0.947844
5.32451,5.06746,-0.946383
5.33239,5.01297,-0.942135
5.36595,4.98285,-0.942666
5.39789,4.95117,-0.942931
5.42596,4.91596,-0.942533
5.45381,4.88059,-0.942135
5.48142,4.84507,-0.941736
5.50209,4.80352,-0.940143
5.51645,4.75673,-0.937488
5.53346,4.71251,-0.935363
5.56682,4.6823,-0.93616
5.59316,4.64615,-0.935761
5.61083,4.60294,-0.933903
5.62896,4.56032,-0.932177
5.65683,4.52569,-0.932177
5.68761,4.49336,-0.932708
5.70491,4.45045,-0.930982
5.71955,4.40568,-0.928857
5.74726,4.37111,-0.92899
5.77159,4.33397,-0.928592
5.79091,4.29317,-0.927397
5.81475,4.2558,-0.926998
5.83352,4.21482,-0.925803
5.84475,4.16858,-0.923413
5.85725,4.12351,-0.921289
5.87104,4.07958,-0.91943
5.88861,4.03843,-0.918235
5.91492,4.00334,-0.918501
5.94514,3.97082,-0.91943
5.96691,3.93263,-0.919032
5.9768,3.88676,-0.916775
5.98969,3.84306,-0.915049
6.00311,3.79987,-0.913455
6.02463,3.76192,-0.91319
6.04591,3.72384,-0.912924
6.06526,3.68461,-0.912393
6.0852,3.6458,-0.911995
6.09636,3.60184,-0.910269
6.12606,3.56886,-0.911464
6.15815,3.53712,-0.913057
6.17543,3.49683,-0.912393
6.17686,3.44776,-0.909339
6.18835,3.40454,-0.907879
6.21261,3.3684,-0.90841
6.23316,3.33021,-0.90841
6.24734,3.28867,-0.90748
6.26036,3.24663,-0.906418
6.26692,3.20139,-0.904427
6.27848,3.15887,-0.903232
6.30485,3.12381,-0.904294
6.32657,3.08637,-0.904692
6.31948,3.03505,-0.900842
6.3326,2.99367,-0.900045
6.35894,2.95852,-0.90124
6.36886,2.91574,-0.900045
6.36585,2.86724,-0.896991
6.37426,2.82411,-0.895663
6.38147,2.78059,-0.894203
6.38839,2.73709,-0.892742
6.39045,2.69169,-0.890618
6.39403,2.64712,-0.888759
6.41107,2.60821,-0.888892
6.42327,2.56735,-0.888361
6.43244,2.52536,-0.887431
6.44319,2.48406,-0.886767
6.4509,2.44167,-0.885705
6.45925,2.39963,-0.884776
6.4692,2.35825,-0.884112
6.46955,2.31351,-0.88212
6.46117,2.26589,-0.878934
6.48433,2.22943,-0.880261
6.49413,2.18833,-0.87973
6.49049,2.14285,-0.87734
6.49975,2.10177,-0.876809
6.51252,2.06185,-0.876809
6.50801,2.01657,-0.874419
6.51551,1.97516,-0.873755
6.52466,1.9343,-0.873357
6.53165,1.89285,-0.872693
6.52502,1.84761,-0.87017
6.5219,1.80357,-0.868179
6.5405,1.76559,-0.869241
6.55121,1.72542,-0.869241
6.55592,1.68372,-0.868444
6.54016,1.63696,-0.864859
6.55971,1.59915,-0.866187
6.57037,1.5591,-0.86632
6.56532,1.51541,-0.864328
6.56869,1.4738,-0.863532
6.57471,1.43283,-0.863133
6.58629,1.39308,-0.863532
6.59859,1.35343,-0.864063
6.60288,1.31215,-0.863532
6.59719,1.26899,-0.861673
6.59803,1.22722,-0.860743
6.5986,1.18548,-0.859814
6.60771,1.14531,-0.86008
6.6195,1.10556,-0.860743
6.60854,1.06209,-0.858353
6.6022,1.01956,-0.856627
6.59853,0.977577,-0.8553
6.60048,0.936514,-0.854769
6.62083,0.897994,-0.85676
6.60852,0.855064,-0.85437
6.61069,0.814135,-0.853972
6.62049,0.774133,-0.854636
6.61329,0.732188,-0.853042
6.60682,0.690463,-0.851582
6.61487,0.650299,-0.852113
6.6217,0.609971,-0.852511
6.63322,0.570008,-0.853574
6.62967,0.528745,-0.852644
6.63378,0.488129,-0.852777
6.66039,0.449015,-0.855963
6.65708,0.407776,-0.855167
6.64164,0.36594,-0.852777
6.62792,0.324407,-0.850652
6.63276,0.283859,-0.851051
6.63735,0.243265,-0.851449
6.63376,0.202384,-0.850785
6.63092,0.161579,-0.850254
6.63377,0.120926,-0.85052
6.63141,0.0801838,-0.850121
6.62187,0.0394343,-0.848794
6.61009,-0.00119462,-0.8472
6.59608,-0.0416649,-0.845341
6.58876,-0.0820501,-0.844412
6.57724,-0.122273,-0.842951
6.57141,-0.162505,-0.842288
6.58515,-0.203283,-0.844279
6.58774,-0.243832,-0.84481
6.58117,-0.284035,-0.844146
6.56445,-0.323678,-0.842155
6.55442,-0.363511,-0.841093
6.54811,-0.403477,-0.840562
6.54848,-0.443849,-0.84096
6.51796,-0.481973,-0.837242
6.50302,-0.521007,-0.835649
6.50464,-0.561326,-0.836313
6.54055,-0.60488,-0.841624
6.52784,-0.644124,-0.840429
6.47645,-0.679201,-0.834056
6.49383,-0.721336,-0.836977
6.49814,-0.762207,-0.838172
6.48449,-0.800971,-0.836977
6.48732,-0.841764,-0.838039
6.48301,-0.881688,-0.838172
6.45785,-0.918657,-0.835516
6.46974,-0.960886,-0.837906
6.4696,-1.00148,-0.838703
6.45257,-1.03942,-0.837242
6.42457,-1.07539,-0.834321
6.4071,-1.11292,-0.832861
6.42162,-1.15608,-0.835782
6.39394,-1.19165,-0.832993
6.39819,-1.23311,-0.834587
6.373,-1.26886,-0.832197
6.33985,-1.30275,-0.828745
6.34241,-1.34389,-0.830205
6.33501,-1.38299,-0.830338
6.32157,-1.42075,-0.829674
6.3166,-1.4604,-0.830205
6.30848,-1.49936,-0.830338
6.30783,-1.54016,-0.831533
6.28672,-1.57594,-0.829939
6.27597,-1.61424,-0.829807
6.26883,-1.65348,-0.830205
6.25569,-1.69113,-0.829807
6.22227,-1.72314,-0.82662
6.23065,-1.76669,-0.829276
6.22826,-1.80738,-0.830471
6.19805,-1.83992,-0.827815
6.17432,-1.87417,-0.826089
6.17028,-1.91437,-0.827151
6.15841,-1.95219,-0.827151
6.14443,-1.98933,-0.826886
6.12458,-2.02451,-0.825823
6.10641,-2.06015,-0.825027
6.07679,-2.09177,-0.822637
6.05916,-2.12737,-0.821973
6.04506,-2.16418,-0.82184
6.03446,-2.20225,-0.822239
6.02362,-2.24027,-0.822637
6.01532,-2.2793,-0.823434
5.99383,-2.31331,-0.822371
5.97122,-2.34678,-0.821176
5.96039,-2.38484,-0.821707
5.9383,-2.41838,-0.820645
5.92152,-2.45401,-0.82038
5.90909,-2.49146,-0.820778
5.90917,-2.53431,-0.823035
5.89079,-2.56933,-0.822637
5.874,-2.60503,-0.822504
5.86062,-2.64224,-0.822902
5.85241,-2.68187,-0.824097
5.83943,-2.7194,-0.824628
5.80472,-2.7467,-0.821973
5.78686,-2.78184,-0.82184
5.759,-2.81207,-0.820247
5.74164,-2.84736,-0.820247
5.71521,-2.87807,-0.818919
5.70626,-2.9176,-0.820247
5.69089,-2.95393,-0.820645
5.67266,-2.98879,-0.820645
5.65159,-3.02214,-0.820247
5.6251,-3.0525,-0.819052
5.59324,-3.07979,-0.81706
5.59674,-3.12662,-0.820512
5.57917,-3.16188,-0.820778
5.55795,-3.19507,-0.820512
5.53139,-3.22511,-0.81945
5.50894,-3.25748,-0.819052
5.48035,-3.28612,-0.817724
5.44738,-3.31196,-0.815733
5.41008,-3.33492,-0.813077
5.38447,-3.3649,-0.81228
5.35284,-3.39098,-0.810554
5.31859,-3.41519,-0.80843
5.27261,-3.43154,-0.804447
5.2498,-3.46274,-0.804181
5.23175,-3.49709,-0.804712
5.20363,-3.52468,-0.80365
5.16475,-3.54476,-0.800862
5.1429,-3.57639,-0.800862
5.11032,-3.60045,-0.799136
5.09136,-3.63404,-0.799667
5.06897,-3.66522,-0.799667
5.03199,-3.68571,-0.797277
4.99018,-3.70234,-0.79409
4.97212,-3.73646,-0.794887
4.94674,-3.7651,-0.794488
4.90078,-3.77783,-0.790638
4.87594,-3.80661,-0.790372
4.85172,-3.83584,-0.79024
4.82964,-3.86678,-0.790505
4.80582,-3.89634,-0.790505
4.77952,-3.92387,-0.790107
4.74164,-3.94171,-0.787717
4.71281,-3.9669,-0.78692
4.68235,-3.9906,-0.785858
4.65628,-4.01796,-0.785593
4.63601,-4.05037,-0.786389
4.59697,-4.06626,-0.783866
4.57341,-4.09571,-0.784132
4.54746,-4.12303,-0.783999
4.50893,-4.13879,-0.781609
4.47982,-4.16301,-0.780945
4.44914,-4.18566,-0.780016
4.4284,-4.21767,-0.780945
4.38959,-4.23238,-0.778555
4.36496,-4.26062,-0.778821
4.33732,-4.28593,-0.778555
4.31445,-4.31596,-0.779219
4.26908,-4.32331,-0.775634
4.21548,-4.32175,-0.770456
4.20402,-4.36324,-0.773377
4.16213,-4.37316,-0.770456
4.16305,-4.42822,-0.7759
4.13513,-4.45296,-0.775767
4.08428,-4.45268,-0.77112
4.05223,-4.47252,-0.770191
4.01942,-4.49139,-0.769128
3.9931,-4.51745,-0.769394
3.94901,-4.5232,-0.766075
3.93607,-4.56461,-0.769128
3.88549,-4.56226,-0.764481
3.84977,-4.57692,-0.762888
3.83365,-4.61494,-0.765411
3.79897,-4.63071,-0.764083
3.75177,-4.63083,-0.7601
3.71895,-4.64834,-0.75917
3.6922,-4.67341,-0.759569
3.66956,-4.70379,-0.760896
3.63579,-4.71994,-0.759834
3.58996,-4.72007,-0.756116
3.57343,-4.75865,-0.758905
3.53767,-4.77173,-0.757444
3.49954,-4.78135,-0.755453
3.46201,-4.79148,-0.753594
3.42392,-4.80053,-0.751602
3.40524,-4.83685,-0.754125
3.38115,-4.86579,-0.755453
3.35179,-4.88726,-0.755585
3.31452,-4.89707,-0.753859
3.29266,-4.92967,-0.755851
3.25363,-4.93654,-0.753726
3.22814,-4.96389,-0.754921
3.18692,-4.96692,-0.752266
3.15214,-4.97968,-0.751204
3.1126,-4.98464,-0.748947
3.07364,-4.99014,-0.746822
3.0476,-5.01653,-0.748017
3.00912,-5.02238,-0.746025
2.98177,-5.04672,-0.746955
2.94427,-5.05379,-0.745229
2.91172,-5.06918,-0.74483
2.89033,-5.1042,-0.747486
2.84929,-5.10453,-0.74483
2.82126,-5.128,-0.74576
2.78738,-5.14086,-0.745096
2.74691,-5.14125,-0.742573
2.71116,-5.15012,-0.741378
2.6786,-5.16489,-0.741113
2.65317,-5.19359,-0.742972
2.62526,-5.21774,-0.744167
2.58615,-5.21954,-0.742042
2.55842,-5.24422,-0.74337
2.51848,-5.24374,-0.74098
2.47439,-5.234,-0.737262
2.44265,-5.24998,-0.737395
2.41369,-5.27208,-0.738457
2.38089,-5.28589,-0.738325
2.35604,-5.31762,-0.740847
2.32139,-5.32743,-0.740183
2.28202,-5.32608,-0.737926
2.2493,-5.33999,-0.737926
2.21611,-5.35277,-0.737793
2.18621,-5.37361,-0.738856
2.15246,-5.38509,-0.73859
2.10598,-5.36405,-0.733677
2.08622,-5.41109,-0.73859
2.05508,-5.42935,-0.739387
2.02104,-5.44,-0.739121
1.97472,-5.41692,-0.734076
1.94979,-5.45226,-0.737395
1.92876,-5.49967,-0.742441
1.88274,-5.47578,-0.737395
1.85385,-5.50132,-0.739387
1.79489,-5.43635,-0.728632
1.78224,-5.51139,-0.737661
1.73672,-5.48537,-0.732482
1.70479,-5.50161,-0.733279
1.67129,-5.51291,-0.733412
1.63743,-5.52306,-0.733412
1.60296,-5.5311,-0.733146
1.57277,-5.55418,-0.735005
1.54315,-5.57997,-0.737262
1.50398,-5.57115,-0.73474
1.4738,-5.59561,-0.736864
1.44265,-5.61703,-0.73859
1.41345,-5.64693,-0.741511
1.37854,-5.65453,-0.741378
1.33832,-5.63974,-0.738192
0,0,0
1.26619,-5.64317,-0.736466
0,0,0
0,0,0
0,0,0
0,0,0
0,0,0
0,0,0
0,0,0
0,0,0
0,0,0
0,0,0
0,0,0
0,0,0
0,0,0
0,0,0
0,0,0
0,0,0
0,0,0
0,0,0
0,0,0
0,0,0
0,0,0
0,0,0
0,0,0
0,0,0
0,0,0
0,0,0
0,0,0
0,0,0
0,0,0
0,0,0
0,0,0
0,0,0
0,0,0
0,0,0
0,0,0
0,0,0
0,0,0
0,0,0
0,0,0
0,0,0
0,0,0
0,0,0
0,0,0
0,0,0
0,0,0
0,0,0
0,0,0
0,0,0
0,0,0
0,0,0
0,0,0
0,0,0
0,0,0
0,0,0
0,0,0
0,0,0
0,0,0
0,0,0
0,0,0
0,0,0
0,0,0
0,0,0
0,0,0
0,0,0
0,0,0
0,0,0
0,0,0
0,0,0
0,0,0
0,0,0
0,0,0
0,0,0
0,0,0
0,0,0
0,0,0
0,0,0
0,0,0
0,0,0
0,0,0
0,0,0
0,0,0
0,0,0
0,0,0
0,0,0
0,0,0
0,0,0
0,0,0
0,0,0
0,0,0
0,0,0
0,0,0
0,0,0
0,0,0
0,0,0
0,0,0
0,0,0
0,0,0
0,0,0
0,0,0
0,0,0
0,0,0
0,0,0
0,0,0
0,0,0
0,0,0
0,0,0
0,0,0
0,0,0
0,0,0
0,0,0
0,0,0
0,0,0
0,0,0
0,0,0
0,0,0
0,0,0
0,0,0
0,0,0
0,0,0
0,0,0
0,0,0
0,0,0
0,0,0
0,0,0
0,0,0
0,0,0
0,0,0
0,0,0
0,0,0
0,0,0
0,0,0
0,0,0
0,0,0
0,0,0
0,0,0
0,0,0
0,0,0
0,0,0
0,0,0
0,0,0
0,0,0
0,0,0
0,0,0
0,0,0
0,0,0
0,0,0
0,0,0
0,0,0
0,0,0
0,0,0
0,0,0
0,0,0
0,0,0
0,0,0
0,0,0
0,0,0
0,0,0
0,0,0
0,0,0
0,0,0
0,0,0
0,0,0
0,0,0
0,0,0
0,0,0
0,0,0
0,0,0
0,0,0
0,0,0
0,0,0
0,0,0
0,0,0
0,0,0
0,0,0
0,0,0
0,0,0
0,0,0
0,0,0
0,0,0
0,0,0
0,0,0
0,0,0
0,0,0
0,0,0
0,0,0
0,0,0
0,0,0
0,0,0
0,0,0
0,0,0
0,0,0
0,0,0
0,0,0
0,0,0
0,0,0
0,0,0
0,0,0
0,0,0
0,0,0
0,0,0
0,0,0
0,0,0
0,0,0
0,0,0
0,0,0
0,0,0
0,0,0
0,0,0
0,0,0
0,0,0
0,0,0
0,0,0
0,0,0
0,0,0
0,0,0
0,0,0
0,0,0
0,0,0
0,0,0
0,0,0
0,0,0
0,0,0
0,0,0
0,0,0
0,0,0
0,0,0
0,0,0
0,0,0
0,0,0
0,0,0
0,0,0
0,0,0
0,0,0
0,0,0
0,0,0
0,0,0
0,0,0
0,0,0
0,0,0
0,0,0
0,0,0
0,0,0
0,0,0
0,0,0
0,0,0
0,0,0
0,0,0
0,0,0
0,0,0
0,0,0
0,0,0
0,0,0
0,0,0
0,0,0
0,0,0
0,0,0
0,0,0
0,0,0
0,0,0
0,0,0
0,0,0
0,0,0
0,0,0
0,0,0
0,0,0
0,0,0
0,0,0
0,0,0
0,0,0
0,0,0
0,0,0
0,0,0
0,0,0
0,0,0
0,0,0
0,0,0
0,0,0
0,0,0
0,0,0
0,0,0
0,0,0
0,0,0
0,0,0
0,0,0
0,0,0
0,0,0
0,0,0
0,0,0
0,0,0
0,0,0
0,0,0
0,0,0
0,0,0
0,0,0
0,0,0
0,0,0
0,0,0
0,0,0
0,0,0
0,0,0
0,0,0
0,0,0
0,0,0
0,0,0
0,0,0
0,0,0
0,0,0
0,0,0
0,0,0
0,0,0
0,0,0
0,0,0
0,0,0
0,0,0
0,0,0
0,0,0
0,0,0
0,0,0
0,0,0
0,0,0
0,0,0
0,0,0
0,0,0
0,0,0
0,0,0
0,0,0
0,0,0
0,0,0
0,0,0
0,0,0
0,0,0
0,0,0
0,0,0
0,0,0
0,0,0
0,0,0
0,0,0
0,0,0
0,0,0
0,0,0
0,0,0
0,0,0
0,0,0
0,0,0
0,0,0
0,0,0
0,0,0
0,0,0
0,0,0
0,0,0
0,0,0
0,0,0
0,0,0
0,0,0
0,0,0
0,0,0
0,0,0
0,0,0
0,0,0
0,0,0
0,0,0
0,0,0
0,0,0
0,0,0
0,0,0
0,0,0
0,0,0
0,0,0
0,0,0
0,0,0
0,0,0
0,0,0
0,0,0
0,0,0
0,0,0
0,0,0
0,0,0
0,0,0
0,0,0
0,0,0
0,0,0
0,0,0
0,0,0
0,0,0
0,0,0
0,0,0
0,0,0
0,0,0
0,0,0
0,0,0
0,0,0
0,0,0
0,0,0
0,0,0
0,0,0
0,0,0
0,0,0
0,0,0
0,0,0
0,0,0
0,0,0
0,0,0
0,0,0
0,0,0
0,0,0
0,0,0
0,0,0
0,0,0
0,0,0
0,0,0
0,0,0
0,0,0
0,0,0
0,0,0
0,0,0
0,0,0
0,0,0
0,0,0
0,0,0
0,0,0
0,0,0
0,0,0
0,0,0
0,0,0
0,0,0
0,0,0
0,0,0
0,0,0
0,0,0
0,0,0
0,0,0
0,0,0
0,0,0
0,0,0
0,0,0
0,0,0
0,0,0
0,0,0
0,0,0
0,0,0
0,0,0
0,0,0
0,0,0
0,0,0
0,0,0
0,0,0
0,0,0
0,0,0
0,0,0
0,0,0
0,0,0
0,0,0
0,0,0
0,0,0
0,0,0
0,0,0
0,0,0
0,0,0
0,0,0
0,0,0
0,0,0
0,0,0
0,0,0
0,0,0
0,0,0
0,0,0
0,0,0
0,0,0
0,0,0
0,0,0
0,0,0
0,0,0
0,0,0
0,0,0
0,0,0
0,0,0
0,0,0
0,0,0
0,0,0
0,0,0
0,0,0
0,0,0
0,0,0
0,0,0
0,0,0
0,0,0
0,0,0
0,0,0
0,0,0
0,0,0
0,0,0
0,0,0
0,0,0
0,0,0
0,0,0
0,0,0
0,0,0
0,0,0
0,0,0
0,0,0
0,0,0
0,0,0
0,0,0
0,0,0
0,0,0
0,0,0
0,0,0
0,0,0
0,0,0
0,0,0
0,0,0
0,0,0
0,0,0
0,0,0
0,0,0
0,0,0
0,0,0
0,0,0
0,0,0
0,0,0
0,0,0
0,0,0
0,0,0
0,0,0
0,0,0
0,0,0
0,0,0
0,0,0
0,0,0
0,0,0
0,0,0
0,0,0
0,0,0
0,0,0
0,0,0
0,0,0
0,0,0
0,0,0
0,0,0
0,0,0
0,0,0
0,0,0
0,0,0
0,0,0
0,0,0
0,0,0
0,0,0
0,0,0
0,0,0
0,0,0
0,0,0
0,0,0
0,0,0
0,0,0
0,0,0
0,0,0
0,0,0
0,0,0
0,0,0
0,0,0
0,0,0
0,0,0
0,0,0
0,0,0
0,0,0
0,0,0
0,0,0
0,0,0
0,0,0
0,0,0
0,0,0
0,0,0
0,0,0
0,0,0
0,0,0
0,0,0
0,0,0
0,0,0
0,0,0
0,0,0
0,0,0
0,0,0
0,0,0
0,0,0
0,0,0
0,0,0
0,0,0
0,0,0
0,0,0
0,0,0
0,0,0
0,0,0
0,0,0
0,0,0
0,0,0
0,0,0
0,0,0
0,0,0
0,0,0
0,0,0
0,0,0
0,0,0
0,0,0
0,0,0
0,0,0
0,0,0
0,0,0
0,0,0
0,0,0
0,0,0
0,0,0
2.10531,6.92377,-1.0224
2.12867,6.84931,-1.01297
2.16707,6.8248,-1.01123
2.2086,6.81043,-1.01109
2.2491,6.793,-1.01051
2.27903,6.74438,-1.00514
2.32004,6.72934,-1.005
2.35965,6.71031,-1.00427
2.39878,6.69012,-1.0034
2.42926,6.64646,-0.998903
2.47172,6.63607,-0.999629
2.48678,6.55324,-0.98904
2.5601,6.62369,-1.00253
2.54672,6.47067,-0.980918
2.6125,6.52014,-0.991216
2.65133,6.50123,-0.990781
2.68814,6.47753,-0.98962
2.72437,6.45271,-0.988315
2.76392,6.43587,-0.988315
2.8081,6.42968,-0.990056
2.85392,6.42679,-0.992376
2.8872,6.39563,-0.990201
2.92103,6.36611,-0.988315
2.96421,6.35703,-0.989765
3.00232,6.33693,-0.989475
3.03428,6.30413,-0.987155
3.06769,6.27472,-0.985414
3.11317,6.26996,-0.987735
3.15381,6.25516,-0.98846
3.18898,6.22953,-0.987445
3.21711,6.19052,-0.984254
3.25134,6.16367,-0.983093
3.29237,6.14971,-0.984109
3.3324,6.13374,-0.984834
3.36567,6.10538,-0.983528
3.39631,6.07252,-0.981498
3.43595,6.05587,-0.982223
3.47008,6.02953,-0.981353
3.51001,6.01325,-0.982223
3.54029,5.98053,-0.980337
3.57692,5.95869,-0.980337
3.59901,5.91297,-0.976276
3.63626,5.89246,-0.976566
3.6755,5.87507,-0.977436
3.71571,5.85909,-0.978597
3.74678,5.82869,-0.977291
3.77762,5.79813,-0.975986
3.80494,5.76245,-0.97381
3.83528,5.73159,-0.972505
3.86649,5.70222,-0.97149
3.90253,5.68002,-0.97178
3.93222,5.64866,-0.970474
3.96395,5.62038,-0.969749
3.99779,5.59515,-0.969604
4.03147,5.56971,-0.969459
4.05562,5.5313,-0.966993
4.06471,5.47295,-0.960901
4.11487,5.47005,-0.964962
4.15135,5.44863,-0.965688
4.17685,5.41287,-0.963802
4.20572,5.38168,-0.962787
4.23498,5.35112,-0.961916
4.25598,5.31036,-0.959161
4.27851,5.27186,-0.95684
4.31454,5.25009,-0.95771
4.34541,5.222,-0.95742
4.37928,5.19751,-0.957855
4.40403,5.16226,-0.95626
4.43303,5.13214,-0.955679
4.46509,5.10559,-0.955824
4.49699,5.07884,-0.95597
4.52543,5.0482,-0.955389
4.54568,5.00861,-0.953069
4.56897,4.97261,-0.951473
4.58928,4.93361,-0.949297
4.6154,4.90104,-0.948427
4.64539,4.87263,-0.948427
4.6752,4.84403,-0.948427
4.70138,4.81172,-0.947702
4.72038,4.77223,-0.945526
4.75027,4.74387,-0.945671
4.77506,4.71046,-0.944801
4.80458,4.68177,-0.944946
4.83251,4.65151,-0.944801
4.85952,4.62041,-0.944511
4.88562,4.58847,-0.944076
4.9028,4.54831,-0.9419
4.9277,4.51547,-0.94132
4.95385,4.48382,-0.94103
4.98348,4.45532,-0.941465
5.0085,4.42269,-0.94103
5.01839,4.37692,-0.937694
5.03466,4.337,-0.935663
5.05515,4.3009,-0.934503
5.07311,4.26279,-0.932907
5.10983,4.24043,-0.934938
5.14035,4.21276,-0.935808
5.16148,4.17741,-0.934938
5.17311,4.13454,-0.932327
5.20071,4.10456,-0.932762
5.22112,4.06892,-0.931892
5.23344,4.02715,-0.929571
5.2486,3.98778,-0.92783
5.27851,3.95966,-0.928846
5.29714,3.92307,-0.92783
5.35705,3.91678,-0.934358
5.36333,3.87109,-0.931166
5.39423,3.84328,-0.932472
5.38777,3.78904,-0.927105
5.4093,3.75478,-0.926815
5.40775,3.70474,-0.922464
5.41972,3.66429,-0.920578
5.424,3.61888,-0.917387
5.44693,3.58607,-0.917532
5.46634,3.55097,-0.917097
5.4872,3.51682,-0.916952
5.49529,3.47463,-0.914631
5.49384,3.4267,-0.910715
5.53499,3.40537,-0.914196
5.58792,3.39086,-0.919708
5.59334,3.34736,-0.917097
5.6027,3.30644,-0.915211
5.61176,3.26553,-0.913326
5.61968,3.22414,-0.911295
5.62472,3.18131,-0.908829
5.62253,3.13469,-0.905203
5.65206,3.10585,-0.906944
5.66492,3.06781,-0.905928
5.67579,3.0288,-0.904623
5.67062,2.98148,-0.900707
5.70726,2.95619,-0.903753
5.71736,2.91707,-0.902447
5.73515,2.88193,-0.902447
5.7607,2.85064,-0.903753
5.78609,2.81914,-0.905058
5.79347,2.77887,-0.903463
5.7943,2.73567,-0.900852
5.79663,2.69339,-0.898531
5.83464,2.66765,-0.902012
5.84097,2.62733,-0.900417
5.8977,2.60947,-0.906944
5.89455,2.56493,-0.903898
5.91472,2.53067,-0.904623
5.91919,2.48972,-0.902882
5.91059,2.44352,-0.899111
5.93097,2.40944,-0.899981
5.92818,2.36604,-0.897225
5.92693,2.32347,-0.89476
5.95954,2.29418,-0.897661
5.93186,2.24182,-0.891134
5.9455,2.20538,-0.891134
5.92917,2.15802,-0.886492
5.94789,2.1236,-0.887362
5.95241,2.08412,-0.886057
5.94543,2.04081,-0.883011
5.97003,2.00839,-0.884897
5.97379,1.96893,-0.883591
5.99894,1.9365,-0.885622
6.02957,1.90562,-0.888523
6.02886,1.86478,-0.886637
6.03357,1.82575,-0.885622
6.01524,1.77999,-0.881125
6.027,1.74332,-0.88127
6.04044,1.70711,-0.881705
6.0508,1.67002,-0.881705
6.06189,1.63312,-0.881851
6.07658,1.59715,-0.882576
6.06039,1.5532,-0.878659
6.07749,1.5179,-0.87982
6.06457,1.4752,-0.876484
6.07351,1.43796,-0.876484
6.07065,1.398,-0.874743
6.07718,1.36029,-0.874453
6.07865,1.3215,-0.873438
6.07503,1.28173,-0.871697
6.07405,1.24264,-0.870392
6.09127,1.20727,-0.871842
6.08787,1.16782,-0.870247
6.06282,1.12449,-0.86546
6.05889,1.08534,-0.863865
6.08591,1.05169,-0.866911
6.11177,1.01758,-0.869812
6.11888,0.980216,-0.869957
6.11206,0.940694,-0.868071
6.10402,0.901148,-0.86604
6.08102,0.859656,-0.861834
6.0901,0.822858,-0.862414
6.09504,0.785474,-0.862414
6.11251,0.749629,-0.8643
6.11208,0.711536,-0.863575
6.1242,0.674888,-0.864735
6.13413,0.637913,-0.865605
6.11134,0.597658,-0.861689
6.12179,0.560781,-0.862704
6.12413,0.523124,-0.862559
6.13906,0.486477,-0.8643
6.11726,0.446992,-0.860674
6.11199,0.408919,-0.859513
6.09957,0.370506,-0.857338
6.11655,0.333885,-0.859513
6.11848,0.296348,-0.859513
6.12513,0.25901,-0.860238
6.09199,0.220165,-0.855162
6.09422,0.182811,-0.855307
6.10215,0.14558,-0.856322
6.09205,0.107941,-0.854727
6.08963,0.0705237,-0.854292
6.0939,0.0331794,-0.854872
6.09795,-0.00421469,-0.855452
6.10968,-0.0417097,-0.857193
6.06182,-0.0785906,-0.85023
6.05331,-0.115634,-0.84907
6.05941,-0.152948,-0.850085
6.05638,-0.190063,-0.849795
6.04917,-0.226999,-0.848925
6.03086,-0.263381,-0.846459
6.03308,-0.300577,-0.847039
6.04001,-0.338086,-0.848345
6.04968,-0.375874,-0.850085
6.0591,-0.413794,-0.851826
6.04263,-0.449938,-0.849795
6.0585,-0.488514,-0.852551
6.05736,-0.52585,-0.852841
6.04811,-0.562459,-0.851971
6.03765,-0.598876,-0.850955
6.02304,-0.634773,-0.84936
6.0269,-0.672594,-0.85052
6.01381,-0.708521,-0.849215
5.99168,-0.743219,-0.846604
5.97425,-0.77831,-0.844719
5.95858,-0.813482,-0.843123
5.96914,-0.852263,-0.845444
5.95989,-0.88829,-0.844864
5.96508,-0.926511,-0.846459
5.98077,-0.966563,-0.84965
5.97083,-1.00259,-0.84907
5.93434,-1.03395,-0.844573
5.88212,-1.06208,-0.837756
5.91051,-1.10469,-0.842978
5.86282,-1.13306,-0.836886
5.86255,-1.17037,-0.837901
5.89693,-1.2149,-0.844138
5.85936,-1.24469,-0.839642
5.87191,-1.28506,-0.842688
5.82916,-1.31324,-0.837466
5.84124,-1.35367,-0.840512
5.82416,-1.38742,-0.839207
5.80112,-1.41961,-0.837031
5.79518,-1.4559,-0.837466
5.79189,-1.49291,-0.838336
5.78644,-1.52943,-0.838917
5.76453,-1.56155,-0.837031
5.73768,-1.59213,-0.83442
5.73352,-1.62893,-0.83529
5.70726,-1.65938,-0.832825
5.70171,-1.69578,-0.83355
5.73475,-1.74397,-0.840222
5.70882,-1.77443,-0.837901
5.67991,-1.80373,-0.835145
5.66873,-1.83855,-0.835145
5.65547,-1.87268,-0.834855
5.64106,-1.90639,-0.83442
5.61242,-1.93517,-0.831809
5.61444,-1.97449,-0.833985
5.57893,-2.00056,-0.830359
5.58607,-2.04188,-0.833405
5.5688,-2.07439,-0.83268
5.55874,-2.10958,-0.833115
5.53831,-2.14079,-0.831954
5.52599,-2.1751,-0.832099
5.50795,-2.20712,-0.831374
5.49063,-2.23938,-0.830794
5.47222,-2.27114,-0.830069
5.46548,-2.30775,-0.831229
5.45485,-2.3428,-0.831809
5.44491,-2.37821,-0.832535
5.44287,-2.41719,-0.834565
5.41802,-2.44607,-0.83297
5.38762,-2.47225,-0.830504
5.38042,-2.50903,-0.831809
5.36671,-2.54284,-0.832099
5.34387,-2.57229,-0.830939
5.32266,-2.60242,-0.830069
5.32165,-2.64251,-0.832535
5.30711,-2.676,-0.832825
5.27561,-2.70086,-0.830359
5.26772,-2.73774,-0.831809
5.25082,-2.77001,-0.831809
5.23373,-2.80217,-0.831809
5.21383,-2.83282,-0.831374
5.18335,-2.85759,-0.829198
5.16399,-2.88838,-0.828908
5.14789,-2.92099,-0.829198
5.1333,-2.95449,-0.829779
5.11679,-2.98693,-0.830069
5.09836,-3.01827,-0.830069
5.07805,-3.04848,-0.829779
5.07785,-3.09089,-0.83297
5.0411,-3.11108,-0.829924
5.0043,-3.13094,-0.826878
4.97915,-3.15788,-0.825862
4.94136,-3.1766,-0.822671
4.90768,-3.19768,-0.820206
4.8921,-3.23046,-0.820931
4.84916,-3.24501,-0.816869
4.82998,-3.27526,-0.817015
4.80163,-3.29924,-0.815564
4.77074,-3.32129,-0.813678
4.74299,-3.34537,-0.812373
4.70386,-3.36118,-0.809037
4.69277,-3.39694,-0.810777
4.68141,-3.43269,-0.812518
4.6547,-3.45722,-0.811503
4.62549,-3.47977,-0.810052
4.60641,-3.50988,-0.810487
4.57226,-3.52841,-0.808167
4.56144,-3.56493,-0.810197
4.54025,-3.59346,-0.810342
4.50499,-3.61074,-0.807877
4.47507,-3.63208,-0.806426
4.45346,-3.6601,-0.806571
4.41799,-3.6766,-0.804105
4.39686,-3.70491,-0.804395
4.36727,-3.72604,-0.80309
4.34058,-3.74954,-0.802365
4.31302,-3.77219,-0.801494
4.2772,-3.78744,-0.799029
4.25314,-3.81295,-0.798884
4.23186,-3.84097,-0.799319
4.20603,-3.86485,-0.798884
4.16847,-3.87779,-0.796128
4.13884,-3.89787,-0.794967
4.10983,-3.91841,-0.793952
4.0793,-3.93737,-0.792647
4.04798,-3.95541,-0.791196
4.04052,-3.99687,-0.794677
4.00334,-4.00899,-0.792066
3.98005,-4.03489,-0.792357
3.95108,-4.05498,-0.791486
3.8973,-4.04921,-0.785394
3.89965,-4.10173,-0.791196
3.85612,-4.10611,-0.78728
3.84431,-4.1442,-0.790181
3.82082,-4.1699,-0.790616
3.78454,-4.18153,-0.788295
3.76013,-4.20614,-0.788585
3.70936,-4.20096,-0.783074
3.69912,-4.24153,-0.786555
3.66011,-4.24916,-0.783654
3.61409,-4.24818,-0.779157
3.58031,-4.26119,-0.777417
3.56611,-4.29754,-0.780173
3.55473,-4.3377,-0.783654
3.52182,-4.35174,-0.782203
3.5142,-4.39723,-0.7867
3.47122,-4.39852,-0.782928
3.44051,-4.41505,-0.782058
3.40008,-4.41883,-0.778867
3.36452,-4.42858,-0.776837
3.33134,-4.44123,-0.775386
3.30167,-4.4584,-0.774806
3.27133,-4.47459,-0.774081
3.23976,-4.48896,-0.773065
3.21273,-4.50956,-0.77321
3.19924,-4.54942,-0.776837
3.16675,-4.56246,-0.775676
3.12974,-4.56875,-0.773355
3.09666,-4.58049,-0.77205
3.06081,-4.58788,-0.770019
3.03859,-4.61566,-0.771615
3.0156,-4.64252,-0.773065
2.98973,-4.6651,-0.773791
2.94624,-4.65994,-0.769729
2.90187,-4.65275,-0.765378
2.88105,-4.68311,-0.767554
2.83634,-4.67448,-0.763057
2.81777,-4.70877,-0.765958
2.77675,-4.70552,-0.762477
2.75082,-4.7276,-0.763347
2.71732,-4.73667,-0.762042
2.70283,-4.77909,-0.766393
2.66429,-4.77917,-0.763637
2.6435,-4.81103,-0.766248
2.61205,-4.82368,-0.765668
2.57587,-4.8274,-0.763637
2.5439,-4.83873,-0.762912
2.51508,-4.85601,-0.763202
2.48433,-4.86959,-0.762912
2.45307,-4.88209,-0.762477
2.42922,-4.90946,-0.764508
2.39428,-4.91449,-0.762912
2.33754,-4.87378,-0.753919
2.31731,-4.90861,-0.757255
2.27922,-4.90569,-0.754499
2.25114,-4.92408,-0.755225
2.2156,-4.92607,-0.753339
2.19054,-4.95133,-0.755225
2.14432,-4.9284,-0.749423
2.12455,-4.96602,-0.753339
2.09174,-4.97349,-0.752469
2.06913,-5.00543,-0.755515
2.03465,-5.00887,-0.754064
2.00204,-5.01666,-0.753339
1.97231,-5.03161,-0.753774
1.93108,-5.01685,-0.749568
1.91321,-5.06284,-0.754934
1.87936,-5.06707,-0.753774
1.84789,-5.07757,-0.753629
1.8177,-5.09161,-0.754064
1.77759,-5.07746,-0.750148
1.76504,-5.14254,-0.758561
1.73567,-5.15984,-0.759576
1.69158,-5.13281,-0.753774
1.65671,-5.13273,-0.752178
1.63771,-5.18242,-0.758271
1.60208,-5.18009,-0.756385
1.56768,-5.1813,-0.755079
1.53193,-5.17754,-0.753049
1.50343,-5.19824,-0.754789
1.46505,-5.18452,-0.751308
1.43821,-5.21153,-0.754064
1.39951,-5.19542,-0.750293
1.36761,-5.20391,-0.750293
1.33565,-5.2122,-0.750293
1.30196,-5.21358,-0.749278
1.27159,-5.2282,-0.750293
0,0,0
1.20311,-5.22509,-0.747537
0,0,0
0,0,0
0,0,0
0,0,0
0,0,0
0,0,0
0,0,0
0,0,0
0,0,0
0,0,0
0,0,0
0,0,0
0,0,0
0,0,0
0,0,0
0,0,0
0,0,0
0,0,0
0,0,0
0,0,0
0,0,0
0,0,0
0,0,0
0,0,0
0,0,0
0,0,0
0,0,0
0,0,0
0,0,0
0,0,0
0,0,0
0,0,0
0,0,0
0,0,0
0,0,0
0,0,0
0,0,0
0,0,0
0,0,0
0,0,0
0,0,0
0,0,0
0,0,0
0,0,0
0,0,0
0,0,0
0,0,0
0,0,0
0,0,0
0,0,0
0,0,0
0,0,0
0,0,0
0,0,0
0,0,0
0,0,0
0,0,0
0,0,0
0,0,0
0,0,0
0,0,0
0,0,0
0,0,0
0,0,0
0,0,0
0,0,0
0,0,0
0,0,0
0,0,0
0,0,0
0,0,0
0,0,0
0,0,0
0,0,0
0,0,0
0,0,0
0,0,0
0,0,0
0,0,0
0,0,0
0,0,0
0,0,0
0,0,0
0,0,0
0,0,0
0,0,0
0,0,0
0,0,0
0,0,0
0,0,0
0,0,0
0,0,0
0,0,0
0,0,0
0,0,0
0,0,0
0,0,0
0,0,0
0,0,0
0,0,0
0,0,0
0,0,0
0,0,0
0,0,0
0,0,0
0,0,0
0,0,0
0,0,0
0,0,0
0,0,0
0,0,0
0,0,0
0,0,0
0,0,0
0,0,0
0,0,0
0,0,0
0,0,0
0,0,0
0,0,0
0,0,0
0,0,0
0,0,0
0,0,0
0,0,0
0,0,0
0,0,0
0,0,0
0,0,0
0,0,0
0,0,0
0,0,0
0,0,0
0,0,0
0,0,0
0,0,0
0,0,0
0,0,0
0,0,0
0,0,0
0,0,0
0,0,0
0,0,0
0,0,0
0,0,0
0,0,0
0,0,0
0,0,0
0,0,0
0,0,0
0,0,0
0,0,0
0,0,0
0,0,0
0,0,0
0,0,0
0,0,0
0,0,0
0,0,0
0,0,0
0,0,0
0,0,0
0,0,0
0,0,0
0,0,0
0,0,0
0,0,0
0,0,0
0,0,0
0,0,0
0,0,0
0,0,0
0,0,0
0,0,0
0,0,0
0,0,0
0,0,0
0,0,0
0,0,0
0,0,0
0,0,0
0,0,0
0,0,0
0,0,0
0,0,0
0,0,0
0,0,0
0,0,0
0,0,0
0,0,0
0,0,0
0,0,0
0,0,0
0,0,0
0,0,0
0,0,0
0,0,0
0,0,0
0,0,0
0,0,0
0,0,0
0,0,0
0,0,0
0,0,0
0,0,0
0,0,0
0,0,0
0,0,0
0,0,0
0,0,0
0,0,0
0,0,0
0,0,0
0,0,0
0,0,0
0,0,0
0,0,0
0,0,0
0,0,0
0,0,0
0,0,0
0,0,0
0,0,0
0,0,0
0,0,0
0,0,0
0,0,0
0,0,0
0,0,0
0,0,0
0,0,0
0,0,0
0,0,0
0,0,0
0,0,0
0,0,0
0,0,0
0,0,0
0,0,0
0,0,0
0,0,0
0,0,0
0,0,0
0,0,0
0,0,0
0,0,0
0,0,0
0,0,0
0,0,0
0,0,0
0,0,0
0,0,0
0,0,0
0,0,0
0,0,0
0,0,0
0,0,0
0,0,0
0,0,0
0,0,0
0,0,0
0,0,0
0,0,0
0,0,0
0,0,0
0,0,0
0,0,0
0,0,0
0,0,0
0,0,0
0,0,0
0,0,0
0,0,0
0,0,0
0,0,0
0,0,0
0,0,0
0,0,0
0,0,0
0,0,0
0,0,0
0,0,0
0,0,0
0,0,0
0,0,0
0,0,0
0,0,0
0,0,0
0,0,0
0,0,0
0,0,0
0,0,0
0,0,0
0,0,0
0,0,0
0,0,0
0,0,0
0,0,0
0,0,0
0,0,0
0,0,0
0,0,0
0,0,0
0,0,0
0,0,0
0,0,0
0,0,0
0,0,0
0,0,0
0,0,0
0,0,0
0,0,0
0,0,0
0,0,0
0,0,0
0,0,0
0,0,0
0,0,0
0,0,0
0,0,0
0,0,0
0,0,0
0,0,0
0,0,0
0,0,0
0,0,0
0,0,0
0,0,0
0,0,0
0,0,0
0,0,0
0,0,0
0,0,0
0,0,0
0,0,0
0,0,0
0,0,0
0,0,0
0,0,0
0,0,0
0,0,0
0,0,0
0,0,0
0,0,0
0,0,0
0,0,0
0,0,0
0,0,0
0,0,0
0,0,0
0,0,0
0,0,0
0,0,0
0,0,0
0,0,0
0,0,0
0,0,0
0,0,0
0,0,0
0,0,0
0,0,0
0,0,0
0,0,0
0,0,0
0,0,0
0,0,0
0,0,0
0,0,0
0,0,0
0,0,0
0,0,0
0,0,0
0,0,0
0,0,0
0,0,0
0,0,0
0,0,0
0,0,0
0,0,0
0,0,0
0,0,0
0,0,0
0,0,0
0,0,0
0,0,0
0,0,0
0,0,0
0,0,0
0,0,0
0,0,0
0,0,0
0,0,0
0,0,0
0,0,0
0,0,0
0,0,0
0,0,0
0,0,0
0,0,0
0,0,0
0,0,0
0,0,0
0,0,0
0,0,0
0,0,0
0,0,0
0,0,0
0,0,0
0,0,0
0,0,0
0,0,0
0,0,0
0,0,0
0,0,0
0,0,0
0,0,0
0,0,0
0,0,0
0,0,0
0,0,0
0,0,0
0,0,0
0,0,0
0,0,0
0,0,0
0,0,0
0,0,0
0,0,0
0,0,0
0,0,0
0,0,0
0,0,0
0,0,0
0,0,0
0,0,0
0,0,0
0,0,0
0,0,0
0,0,0
0,0,0
0,0,0
0,0,0
0,0,0
0,0,0
0,0,0
0,0,0
0,0,0
0,0,0
0,0,0
0,0,0
0,0,0
0,0,0
0,0,0
0,0,0
0,0,0
0,0,0
0,0,0
0,0,0
0,0,0
0,0,0
0,0,0
0,0,0
0,0,0
0,0,0
0,0,0
0,0,0
0,0,0
0,0,0
0,0,0
0,0,0
0,0,0
0,0,0
0,0,0
0,0,0
0,0,0
0,0,0
0,0,0
0,0,0
0,0,0
0,0,0
0,0,0
0,0,0
0,0,0
0,0,0
0,0,0
0,0,0
0,0,0
0,0,0
0,0,0
0,0,0
0,0,0
0,0,0
0,0,0
0,0,0
0,0,0
0,0,0
0,0,0
0,0,0
0,0,0
0,0,0
0,0,0
0,0,0
0,0,0
0,0,0
0,0,0
0,0,0
0,0,0
0,0,0
0,0,0
0,0,0
0,0,0
0,0,0
0,0,0
0,0,0
0,0,0
0,0,0
0,0,0
0,0,0
0,0,0
0,0,0
0,0,0
0,0,0
0,0,0
0,0,0
0,0,0
0,0,0
0,0,0
0,0,0
0,0,0
0,0,0
0,0,0
0,0,0
0,0,0
0,0,0
0,0,0
0,0,0
0,0,0
0,0,0
0,0,0
0,0,0
0,0,0
0,0,0
0,0,0
0,0,0
0,0,0
0,0,0
0,0,0
0,0,0
0,0,0
0,0,0
0,0,0
0,0,0
0,0,0
0,0,0
0,0,0
0,0,0
0,0,0
0,0,0
0,0,0
0,0,0
0,0,0
0,0,0
0,0,0
0,0,0
0,0,0
0,0,0
0,0,0
0,0,0
0,0,0
0,0,0
0,0,0
0,0,0
0,0,0
0,0,0
0,0,0
0,0,0
0,0,0
0,0,0
0,0,0
0,0,0
0,0,0
0,0,0
0,0,0
0,0,0
0,0,0
2.12675,6.3038,-1.01741
2.11781,6.15242,-0.994203
2.12509,6.05265,-0.979623
2.17084,6.06367,-0.983699
2.22189,6.08828,-0.990127
2.24509,6.03658,-0.983699
2.29539,6.05778,-0.989657
2.31615,6.0012,-0.982445
2.37642,6.04662,-0.992636
2.40173,6.00258,-0.987619
2.43815,5.98682,-0.987462
2.47446,5.97083,-0.987305
2.49723,5.92278,-0.981661
2.53975,5.92187,-0.98417
2.56341,5.8772,-0.979153
2.60142,5.86588,-0.979937
2.63696,5.84891,-0.97978
2.67156,5.82992,-0.979309
2.69936,5.79641,-0.976331
2.73826,5.78688,-0.977585
2.77842,5.77976,-0.979309
2.8095,5.75373,-0.977742
2.84519,5.73727,-0.977898
2.87545,5.71,-0.976174
2.90908,5.68961,-0.975703
2.93711,5.6585,-0.973352
2.97638,5.64911,-0.97492
3.00819,5.62552,-0.973979
3.03747,5.59741,-0.972254
3.07081,5.57693,-0.971941
3.10449,5.55712,-0.971784
3.13609,5.53367,-0.971
3.17245,5.51861,-0.971784
3.20476,5.49648,-0.971314
3.23138,5.46481,-0.969119
3.26485,5.44488,-0.969119
3.29615,5.42137,-0.968492
3.32935,5.40104,-0.968492
3.35563,5.36962,-0.966454
3.38428,5.34226,-0.965199
3.41379,5.31641,-0.964259
3.44958,5.30033,-0.965199
3.47715,5.27164,-0.963788
3.51107,5.25267,-0.964259
3.53714,5.22203,-0.962534
3.56018,5.1872,-0.960026
3.59589,5.17094,-0.961123
3.62015,5.13828,-0.959085
3.64415,5.10552,-0.957047
3.6702,5.07586,-0.955636
3.70536,5.05882,-0.956733
3.74045,5.04154,-0.957831
3.77725,5.02639,-0.959398
3.79366,4.98426,-0.955636
3.8103,4.9429,-0.95203
3.83874,4.91709,-0.951559
3.87558,4.90197,-0.953284
3.90496,4.87732,-0.953127
3.93108,4.84867,-0.952187
3.96327,4.82751,-0.952814
3.99029,4.80006,-0.952187
4.01013,4.76416,-0.949835
4.03928,4.73946,-0.949835
4.06571,4.7116,-0.949208
4.09519,4.6873,-0.949365
4.12191,4.65987,-0.948894
4.14318,4.6264,-0.94717
4.16618,4.59504,-0.945915
4.18494,4.5592,-0.943721
4.21351,4.53416,-0.943877
4.24937,4.51685,-0.945759
4.27156,4.48497,-0.944504
4.2894,4.44872,-0.94231
4.30558,4.41101,-0.939801
4.33534,4.38732,-0.940428
4.36357,4.36203,-0.940742
4.3769,4.32199,-0.937763
4.39769,4.28954,-0.936509
4.44811,4.28577,-0.941839
4.43068,4.21687,-0.932276
4.49389,4.22478,-0.940428
4.50453,4.18301,-0.937136
4.52501,4.15062,-0.936038
4.53942,4.11283,-0.933687
4.5653,4.08556,-0.933843
4.59695,4.06336,-0.935254
4.60617,4.02143,-0.931962
4.63524,3.99697,-0.932903
4.66645,3.97421,-0.934314
4.68243,3.93851,-0.932589
4.68676,3.8933,-0.928513
4.70445,3.85946,-0.927259
4.73188,3.83363,-0.928043
4.74991,3.8002,-0.926945
4.75687,3.75813,-0.923653
4.78762,3.73495,-0.925221
4.8081,3.70369,-0.92475
4.8386,3.6801,-0.926318
4.86188,3.65093,-0.926475
4.8707,3.61103,-0.92381
4.88559,3.57583,-0.922399
4.92265,3.55677,-0.925377
4.94358,3.52593,-0.925221
4.94978,3.48473,-0.922242
4.94268,3.43457,-0.916755
4.97425,3.41144,-0.918793
4.98772,3.37587,-0.917382
5.00095,3.34027,-0.915971
5.04444,3.32473,-0.92036
5.02501,3.26788,-0.912835
5.07156,3.25405,-0.917852
5.02133,3.1785,-0.904683
5.08766,3.17692,-0.913462
5.08435,3.13166,-0.909229
5.1136,3.10656,-0.91111
5.11308,3.06345,-0.907505
5.14453,3.03955,-0.909856
5.15028,3.00047,-0.907505
5.14633,2.95603,-0.903428
5.17297,2.92926,-0.904996
5.17791,2.89024,-0.902644
5.18949,2.85509,-0.901547
5.2043,2.82178,-0.901077
5.22762,2.79305,-0.902174
5.23329,2.75494,-0.900136
5.25974,2.72778,-0.90186
5.24824,2.68108,-0.896844
5.27606,2.6546,-0.898882
5.28251,2.61735,-0.897157
5.28782,2.57969,-0.895276
5.30177,2.54634,-0.894962
5.33604,2.52263,-0.898255
5.34963,2.48901,-0.897941
5.35223,2.45038,-0.895746
5.34735,2.40857,-0.892297
5.37467,2.38131,-0.894492
5.36474,2.33764,-0.890259
5.3817,2.30585,-0.890729
5.41213,2.27968,-0.893551
5.41051,2.24001,-0.890886
5.4086,2.20044,-0.888221
5.41191,2.16318,-0.886496
5.45174,2.1404,-0.891043
5.46293,2.1062,-0.890729
5.45912,2.06635,-0.887907
5.46892,2.03178,-0.887437
5.48964,2.00123,-0.888848
5.49065,1.96352,-0.886966
5.48862,1.92489,-0.884615
5.48258,1.88507,-0.881636
5.5165,1.85897,-0.885399
5.52781,1.82508,-0.885399
5.5342,1.78961,-0.884615
5.5319,1.75145,-0.88242
5.54537,1.71835,-0.88289
5.59929,1.69747,-0.890102
5.62001,1.66617,-0.891827
5.62444,1.63,-0.890886
5.64764,1.59923,-0.893081
5.62593,1.55586,-0.887907
5.63251,1.52054,-0.887437
5.62263,1.48092,-0.884301
5.58857,1.43534,-0.877246
5.59152,1.39958,-0.876305
5.61919,1.36992,-0.879441
5.6371,1.3377,-0.881009
5.65098,1.30442,-0.88195
5.64057,1.26561,-0.878971
5.61156,1.22299,-0.873013
5.62379,1.18956,-0.873797
5.59034,1.14669,-0.867212
5.64765,1.12238,-0.875365
5.63503,1.08397,-0.872229
5.67265,1.05515,-0.877246
5.66443,1.01771,-0.874894
5.65889,0.98091,-0.873013
5.62974,0.940314,-0.867369
5.64223,0.90685,-0.868466
5.66721,0.875226,-0.871602
5.69299,0.843475,-0.874894
5.7049,0.809498,-0.875992
5.6941,0.772355,-0.873483
5.66935,0.733602,-0.86878
5.6561,0.69663,-0.865958
5.62789,0.658128,-0.860784
5.63673,0.624127,-0.861568
5.65618,0.59117,-0.864077
5.66658,0.55713,-0.865174
5.6276,0.518457,-0.858433
5.63559,0.484339,-0.859217
5.6483,0.450535,-0.860784
5.66869,0.417173,-0.863606
5.65538,0.381321,-0.861098
5.65367,0.346371,-0.860471
5.6547,0.31162,-0.860314
5.67229,0.277689,-0.862822
5.67586,0.242964,-0.863136
5.67428,0.208025,-0.862666
5.68236,0.173414,-0.863763
5.66456,0.138089,-0.860784
5.62877,0.102665,-0.854984
5.65497,0.0684348,-0.85906
5.63158,0.0335955,-0.855297
5.65933,-0.000966451,-0.859687
5.65724,-0.0356788,-0.859373
5.63914,-0.0701679,-0.856551
5.65046,-0.104989,-0.858433
5.65958,-0.139902,-0.86
5.64183,-0.174107,-0.857335
5.60907,-0.20755,-0.852318
5.63927,-0.243328,-0.857335
5.60019,-0.276075,-0.851378
5.6043,-0.31076,-0.852318
5.61806,-0.346114,-0.854827
5.62963,-0.381515,-0.857022
5.63309,-0.416488,-0.857962
5.64126,-0.451913,-0.859687
5.62362,-0.485244,-0.857335
5.58022,-0.516009,-0.850907
5.5966,-0.55218,-0.854043
5.57052,-0.584139,-0.850437
5.59628,-0.621581,-0.85514
5.59922,-0.656713,-0.856238
5.58823,-0.690209,-0.85514
5.5976,-0.726265,-0.857335
5.51768,-0.750345,-0.845263
5.49831,-0.782099,-0.842911
5.58035,-0.82874,-0.856865
5.58004,-0.86372,-0.857649
5.50053,-0.886001,-0.845734
5.49402,-0.919572,-0.845577
5.52233,-0.959183,-0.851064
5.54161,-0.9976,-0.85514
5.5082,-1.02652,-0.85075
5.52798,-1.06534,-0.854984
5.50584,-1.09615,-0.852475
5.49515,-1.12912,-0.851848
5.48811,-1.16282,-0.851848
5.46737,-1.19352,-0.849653
5.43681,-1.22185,-0.84589
5.43403,-1.2563,-0.846674
5.41757,-1.28756,-0.845263
5.3923,-1.31656,-0.842441
5.4004,-1.3537,-0.845106
5.39582,-1.3878,-0.845734
5.34518,-1.4098,-0.838835
5.3698,-1.45159,-0.844323
5.35794,-1.48372,-0.843852
5.32878,-1.51091,-0.84056
5.30993,-1.54082,-0.838992
5.30226,-1.57394,-0.839306
5.26794,-1.59898,-0.835229
5.28821,-1.64064,-0.840246
5.2611,-1.66769,-0.837424
5.26486,-1.7045,-0.839776
5.25149,-1.73584,-0.839306
5.23512,-1.76614,-0.838365
5.21952,-1.79662,-0.837581
5.21306,-1.83025,-0.838365
5.2008,-1.86187,-0.838208
5.20134,-1.89815,-0.840246
5.18774,-1.92934,-0.839933
5.17026,-1.95903,-0.838992
5.1434,-1.98503,-0.836484
5.11642,-2.01077,-0.833975
5.0939,-2.03809,-0.832251
5.10051,-2.07713,-0.835543
5.07946,-2.10498,-0.834132
5.08646,-2.14455,-0.837581
5.06686,-2.173,-0.836484
5.04347,-2.1997,-0.834759
5.04793,-2.23862,-0.837895
5.035,-2.26995,-0.838051
5.00392,-2.29299,-0.835073
4.98528,-2.32156,-0.834289
4.96648,-2.35,-0.833505
4.96532,-2.38684,-0.835856
4.93993,-2.41206,-0.833975
4.93565,-2.4476,-0.835856
4.92319,-2.47917,-0.836327
4.91844,-2.51472,-0.838208
4.89064,-2.53849,-0.836013
4.86449,-2.56292,-0.834132
4.85825,-2.59784,-0.835856
4.85698,-2.63561,-0.838522
4.84763,-2.66918,-0.839776
4.81565,-2.6902,-0.836954
4.76984,-2.70314,-0.831623
4.75145,-2.73137,-0.83131
4.77043,-2.78137,-0.837895
4.75328,-2.81059,-0.837895
4.69444,-2.81481,-0.830212
4.67539,-2.84254,-0.829899
4.64945,-2.86599,-0.828331
4.65942,-2.91174,-0.833505
4.63729,-2.93763,-0.832721
4.62334,-2.9687,-0.833505
4.62324,-3.00886,-0.836954
4.57831,-3.01977,-0.831937
4.5441,-3.03738,-0.828958
4.5082,-3.05357,-0.825666
4.49183,-3.08285,-0.826136
4.48093,-3.11599,-0.827704
4.43105,-3.12181,-0.821746
4.40779,-3.14607,-0.820962
4.39241,-3.17595,-0.821746
4.33539,-3.17541,-0.814378
4.33248,-3.21431,-0.81767
4.30084,-3.23193,-0.815318
4.288,-3.26365,-0.816729
4.26789,-3.2899,-0.816729
4.25229,-3.31967,-0.81767
4.23494,-3.34815,-0.818297
4.20584,-3.36728,-0.816573
4.17052,-3.3812,-0.813594
4.13214,-3.39232,-0.809988
4.1234,-3.42771,-0.812496
4.11891,-3.46694,-0.815946
4.07802,-3.47549,-0.811869
4.05961,-3.50303,-0.812496
4.0135,-3.50642,-0.807323
3.97045,-3.51201,-0.802776
3.97237,-3.55739,-0.807793
3.94901,-3.58037,-0.807479
3.91532,-3.59385,-0.804971
3.88958,-3.61444,-0.804187
3.86373,-3.63485,-0.803403
3.84636,-3.66326,-0.804501
3.8295,-3.69228,-0.805755
3.80465,-3.71364,-0.805285
3.76213,-3.71747,-0.800895
3.73994,-3.74118,-0.801051
3.72247,-3.76968,-0.802306
3.69789,-3.79104,-0.801992
3.6725,-3.81152,-0.801522
3.63883,-3.82326,-0.79917
3.59501,-3.82392,-0.794467
3.58694,-3.86256,-0.798073
3.55516,-3.87576,-0.796191
3.51208,-3.87627,-0.791645
3.51194,-3.92424,-0.797289
3.49368,-3.95238,-0.7987
3.46677,-3.97077,-0.798073
3.41654,-3.96204,-0.791801
3.41458,-4.00925,-0.797289
3.36194,-3.99687,-0.79039
3.31464,-3.99007,-0.784746
3.33206,-4.0615,-0.795251
3.30148,-4.07496,-0.79384
3.25606,-4.06969,-0.788666
3.20898,-4.06169,-0.783022
3.17914,-4.07507,-0.781768
3.17396,-4.12032,-0.786941
3.16058,-4.15544,-0.790077
3.13502,-4.17476,-0.790077
3.1317,-4.22407,-0.796035
3.07889,-4.20654,-0.788823
3.05302,-4.22535,-0.788823
2.9783,-4.17566,-0.775496
2.95603,-4.1987,-0.776437
2.92908,-4.21514,-0.776124
2.9121,-4.24606,-0.778632
2.89319,-4.27448,-0.78067
2.86855,-4.29462,-0.781141
2.834,-4.29977,-0.778789
2.82371,-4.34192,-0.783492
2.78155,-4.33505,-0.778946
2.74011,-4.32867,-0.774556
2.6863,-4.30184,-0.766403
2.69093,-4.3687,-0.77581
2.6733,-4.40032,-0.778632
2.65488,-4.43105,-0.781297
2.63116,-4.4532,-0.782395
2.60279,-4.46756,-0.782081
2.56254,-4.46118,-0.778005
2.51565,-4.44244,-0.771734
2.50904,-4.49487,-0.778475
2.48998,-4.52576,-0.781297
2.45228,-4.52272,-0.778005
2.42169,-4.53246,-0.777064
2.38188,-4.52451,-0.772988
2.35362,-4.53816,-0.772831
2.32977,-4.56043,-0.774242
2.31328,-4.59758,-0.778318
2.25916,-4.55947,-0.769068
2.25712,-4.62651,-0.778475
2.18722,-4.55391,-0.763268
2.16895,-4.58778,-0.766874
2.13117,-4.58041,-0.763268
2.09727,-4.58083,-0.761073
2.10319,-4.66926,-0.774242
2.0725,-4.67756,-0.773458
2.04298,-4.68838,-0.773145
2.01572,-4.70445,-0.773772
1.9734,-4.68488,-0.768285
1.95633,-4.72519,-0.773145
1.90609,-4.68495,-0.764208
1.86485,-4.66538,-0.758878
1.85279,-4.71902,-0.76609
1.83516,-4.75979,-0.771107
1.80907,-4.77928,-0.772518
1.77352,-4.77362,-0.769696
1.73946,-4.77142,-0.767501
1.71913,-4.80712,-0.771734
1.6798,-4.78961,-0.76703
1.65519,-4.81384,-0.769382
1.62594,-4.82484,-0.769539
1.59785,-4.83942,-0.770323
1.56995,-4.85477,-0.771263
1.53834,-4.85866,-0.770323
1.47285,-4.75291,-0.751196
1.45053,-4.78455,-0.754958
1.42872,-4.81892,-0.759191
1.39831,-4.82475,-0.758721
1.37271,-4.8475,-0.761073
1.34531,-4.8644,-0.762484
1.31338,-4.86493,-0.76123
1.28903,-4.89391,-0.764679
1.25505,-4.88642,-0.76217
1.22409,-4.8902,-0.761543
1.19616,-4.90625,-0.762954
1.16148,-4.89428,-0.759818
1.13253,-4.90613,-0.760602
1.10457,-4.92262,-0.76217
1.07624,-4.93799,-0.763581
1.04878,-4.95803,-0.765776
1.02032,-4.97404,-0.767344
0,0,0
0,0,0
0,0,0
0,0,0
0,0,0
0,0,0
0,0,0
0,0,0
0,0,0
0,0,0
0,0,0
0,0,0
0,0,0
0,0,0
0,0,0
0,0,0
0,0,0
0,0,0
0,0,0
0,0,0
0,0,0
0,0,0
0,0,0
0,0,0
0,0,0
0,0,0
0,0,0
0,0,0
0,0,0
0,0,0
0,0,0
0,0,0
0,0,0
0,0,0
0,0,0
0,0,0
0,0,0
0,0,0
0,0,0
0,0,0
0,0,0
0,0,0
0,0,0
0,0,0
0,0,0
0,0,0
0,0,0
0,0,0
0,0,0
0,0,0
0,0,0
0,0,0
0,0,0
0,0,0
0,0,0
0,0,0
0,0,0
0,0,0
0,0,0
0,0,0
0,0,0
0,0,0
0,0,0
0,0,0
0,0,0
0,0,0
0,0,0
0,0,0
0,0,0
0,0,0
0,0,0
0,0,0
0,0,0
0,0,0
0,0,0
0,0,0
0,0,0
0,0,0
0,0,0
0,0,0
0,0,0
0,0,0
0,0,0
0,0,0
0,0,0
0,0,0
0,0,0
0,0,0
0,0,0
0,0,0
0,0,0
0,0,0
0,0,0
0,0,0
0,0,0
0,0,0
0,0,0
0,0,0
0,0,0
0,0,0
0,0,0
0,0,0
0,0,0
0,0,0
0,0,0
0,0,0
0,0,0
0,0,0
0,0,0
0,0,0
0,0,0
0,0,0
0,0,0
0,0,0
0,0,0
0,0,0
0,0,0
0,0,0
0,0,0
0,0,0
0,0,0
0,0,0
0,0,0
0,0,0
0,0,0
0,0,0
0,0,0
0,0,0
0,0,0
0,0,0
0,0,0
0,0,0
0,0,0
0,0,0
0,0,0
0,0,0
0,0,0
0,0,0
0,0,0
0,0,0
0,0,0
0,0,0
0,0,0
0,0,0
0,0,0
0,0,0
0,0,0
0,0,0
0,0,0
0,0,0
0,0,0
0,0,0
0,0,0
0,0,0
0,0,0
0,0,0
0,0,0
0,0,0
0,0,0
0,0,0
0,0,0
0,0,0
0,0,0
0,0,0
0,0,0
0,0,0
0,0,0
0,0,0
0,0,0
0,0,0
0,0,0
0,0,0
0,0,0
0,0,0
0,0,0
0,0,0
0,0,0
0,0,0
0,0,0
0,0,0
0,0,0
0,0,0
0,0,0
0,0,0
0,0,0
0,0,0
0,0,0
0,0,0
0,0,0
0,0,0
0,0,0
0,0,0
0,0,0
0,0,0
0,0,0
0,0,0
0,0,0
0,0,0
0,0,0
0,0,0
0,0,0
0,0,0
0,0,0
0,0,0
0,0,0
0,0,0
0,0,0
0,0,0
0,0,0
0,0,0
0,0,0
0,0,0
0,0,0
0,0,0
0,0,0
0,0,0
0,0,0
0,0,0
0,0,0
0,0,0
0,0,0
0,0,0
0,0,0
0,0,0
0,0,0
0,0,0
0,0,0
0,0,0
0,0,0
0,0,0
0,0,0
0,0,0
0,0,0
0,0,0
0,0,0
0,0,0
0,0,0
0,0,0
0,0,0
0,0,0
0,0,0
0,0,0
0,0,0
0,0,0
0,0,0
0,0,0
0,0,0
0,0,0
0,0,0
0,0,0
0,0,0
0,0,0
0,0,0
0,0,0
0,0,0
0,0,0
0,0,0
0,0,0
0,0,0
0,0,0
0,0,0
0,0,0
0,0,0
0,0,0
0,0,0
0,0,0
0,0,0
0,0,0
0,0,0
0,0,0
0,0,0
0,0,0
0,0,0
0,0,0
0,0,0
0,0,0
0,0,0
0,0,0
0,0,0
0,0,0
0,0,0
0,0,0
0,0,0
0,0,0
0,0,0
0,0,0
0,0,0
0,0,0
0,0,0
0,0,0
0,0,0
0,0,0
0,0,0
0,0,0
0,0,0
0,0,0
0,0,0
0,0,0
0,0,0
0,0,0
0,0,0
0,0,0
0,0,0
0,0,0
0,0,0
0,0,0
0,0,0
0,0,0
0,0,0
0,0,0
0,0,0
0,0,0
0,0,0
0,0,0
0,0,0
0,0,0
0,0,0
0,0,0
0,0,0
0,0,0
0,0,0
0,0,0
0,0,0
0,0,0
0,0,0
0,0,0
0,0,0
0,0,0
0,0,0
0,0,0
0,0,0
0,0,0
0,0,0
0,0,0
0,0,0
0,0,0
0,0,0
0,0,0
0,0,0
0,0,0
0,0,0
0,0,0
0,0,0
0,0,0
0,0,0
0,0,0
0,0,0
0,0,0
0,0,0
0,0,0
0,0,0
0,0,0
0,0,0
0,0,0
0,0,0
0,0,0
0,0,0
0,0,0
0,0,0
0,0,0
0,0,0
0,0,0
0,0,0
0,0,0
0,0,0
0,0,0
0,0,0
0,0,0
0,0,0
0,0,0
0,0,0
0,0,0
0,0,0
0,0,0
0,0,0
0,0,0
0,0,0
0,0,0
0,0,0
0,0,0
0,0,0
0,0,0
0,0,0
0,0,0
0,0,0
0,0,0
0,0,0
0,0,0
0,0,0
0,0,0
0,0,0
0,0,0
0,0,0
0,0,0
0,0,0
0,0,0
0,0,0
0,0,0
0,0,0
0,0,0
0,0,0
0,0,0
0,0,0
0,0,0
0,0,0
0,0,0
0,0,0
0,0,0
0,0,0
0,0,0
0,0,0
0,0,0
0,0,0
0,0,0
0,0,0
0,0,0
0,0,0
0,0,0
0,0,0
0,0,0
0,0,0
0,0,0
0,0,0
0,0,0
0,0,0
0,0,0
0,0,0
0,0,0
0,0,0
0,0,0
0,0,0
0,0,0
0,0,0
0,0,0
0,0,0
0,0,0
0,0,0
0,0,0
0,0,0
0,0,0
0,0,0
0,0,0
0,0,0
0,0,0
0,0,0
0,0,0
0,0,0
0,0,0
0,0,0
0,0,0
0,0,0
0,0,0
0,0,0
0,0,0
0,0,0
0,0,0
0,0,0
0,0,0
0,0,0
0,0,0
0,0,0
0,0,0
0,0,0
0,0,0
0,0,0
0,0,0
0,0,0
0,0,0
0,0,0
0,0,0
0,0,0
0,0,0
0,0,0
0,0,0
0,0,0
0,0,0
0,0,0
0,0,0
0,0,0
0,0,0
0,0,0
0,0,0
0,0,0
0,0,0
0,0,0
0,0,0
0,0,0
0,0,0
0,0,0
0,0,0
0,0,0
0,0,0
0,0,0
0,0,0
0,0,0
0,0,0
0,0,0
0,0,0
0,0,0
0,0,0
0,0,0
0,0,0
0,0,0
0,0,0
0,0,0
0,0,0
0,0,0
0,0,0
0,0,0
0,0,0
0,0,0
0,0,0
0,0,0
0,0,0
0,0,0
0,0,0
0,0,0
0,0,0
0,0,0
0,0,0
0,0,0
0,0,0
0,0,0
0,0,0
0,0,0
0,0,0
0,0,0
0,0,0
0,0,0
0,0,0
0,0,0
0,0,0
0,0,0
0,0,0
0,0,0
0,0,0
0,0,0
0,0,0
0,0,0
0,0,0
0,0,0
0,0,0
0,0,0
0,0,0
0,0,0
0,0,0
0,0,0
0,0,0
0,0,0
0,0,0
0,0,0
0,0,0
0,0,0
0,0,0
0,0,0
0,0,0
0,0,0
0,0,0
0,0,0
0,0,0
0,0,0
0,0,0
0,0,0
0,0,0
0,0,0
0,0,0
0,0,0
0,0,0
0,0,0
0,0,0
0,0,0
0,0,0
0,0,0
0,0,0
0,0,0
0,0,0
0,0,0
0,0,0
0,0,0
0,0,0
0,0,0
0,0,0
0,0,0
0,0,0
0,0,0
0,0,0
0,0,0
0,0,0
0,0,0
0,0,0
0,0,0
0,0,0
0,0,0
0,0,0
0,0,0
0,0,0
0,0,0
0,0,0
0,0,0
0,0,0
0,0,0
0,0,0
0,0,0
0,0,0
0,0,0
0,0,0
0,0,0
0,0,0
1.76079,5.78649,-0.995008
1.80241,5.79535,-0.998546
1.83763,5.78324,-0.998378
1.87187,5.7681,-0.997703
1.90475,5.74902,-0.996356
1.93872,5.73349,-0.995682
1.97001,5.71031,-0.99366
1.9952,5.67021,-0.988605
2.02463,5.64302,-0.985909
2.07174,5.66474,-0.992143
2.09545,5.62237,-0.986752
2.12047,5.58452,-0.982202
2.15398,5.56957,-0.981866
2.17873,5.5324,-0.977485
2.2163,5.52808,-0.97917
2.24534,5.50251,-0.976979
2.27339,5.47497,-0.974452
2.29199,5.4255,-0.967881
2.34274,5.45209,-0.975463
2.37576,5.43671,-0.975294
2.39107,5.38149,-0.967712
2.44189,5.40625,-0.975126
2.47378,5.38848,-0.97462
2.51138,5.38303,-0.976474
2.53634,5.35059,-0.973273
2.54775,5.29052,-0.964848
2.58926,5.29338,-0.968386
2.63046,5.29505,-0.971756
2.64958,5.25241,-0.966701
2.68266,5.23781,-0.967038
2.71338,5.21862,-0.966533
2.74122,5.19403,-0.965017
2.78606,5.20144,-0.969734
2.82451,5.19638,-0.972093
2.85016,5.16773,-0.969903
2.86641,5.12261,-0.964511
2.90217,5.11264,-0.966027
2.91283,5.05886,-0.958951
2.94531,5.04344,-0.959456
2.97369,5.02103,-0.958614
2.99937,4.99424,-0.956929
3.05148,5.01111,-0.964006
3.08528,4.99732,-0.965017
3.10857,4.9666,-0.962658
3.11523,4.90997,-0.955076
3.14263,4.88662,-0.954233
3.18762,4.89037,-0.958951
3.2192,4.87319,-0.959456
3.25726,4.86563,-0.961984
3.25995,4.80558,-0.953728
3.30165,4.80336,-0.957435
3.32261,4.77087,-0.954907
3.34501,4.74073,-0.952885
3.36888,4.7129,-0.951369
3.40409,4.70092,-0.953222
3.42063,4.66325,-0.949684
3.44506,4.63664,-0.948505
3.47878,4.6225,-0.950021
3.49573,4.58617,-0.94682
3.52982,4.57244,-0.948505
3.55417,4.54604,-0.947494
3.58567,4.52878,-0.948505
3.60908,4.50131,-0.947325
3.63352,4.47525,-0.946483
3.66529,4.4582,-0.947662
3.70141,4.44624,-0.950021
3.71909,4.41214,-0.947494
3.74162,4.38398,-0.946314
3.77102,4.36393,-0.946988
3.78929,4.33106,-0.944798
3.81645,4.30847,-0.944966
3.85531,4.29891,-0.948168
3.87566,4.26861,-0.946651
3.91111,4.25491,-0.94901
3.91096,4.20268,-0.942439
3.93735,4.17932,-0.942608
3.96156,4.15366,-0.942271
3.97191,4.11367,-0.938564
3.99433,4.0864,-0.93789
4.01586,4.05831,-0.937047
4.04836,4.04126,-0.938901
4.07729,4.02049,-0.939912
4.104,3.99746,-0.940417
4.12561,3.96947,-0.939743
4.14417,3.93865,-0.938395
4.15605,3.90168,-0.935531
4.19797,3.89286,-0.939743
4.20289,3.84971,-0.935362
4.21254,3.81129,-0.932161
4.22924,3.77945,-0.930645
4.25087,3.75213,-0.930308
4.26415,3.71755,-0.928117
4.2712,3.67781,-0.924579
4.27417,3.63492,-0.920198
4.30997,3.62004,-0.923231
4.33286,3.59416,-0.9234
4.35179,3.56501,-0.922726
4.37511,3.53948,-0.923063
4.40214,3.51687,-0.924242
4.40042,3.47148,-0.919187
4.39909,3.42684,-0.914301
4.43878,3.41421,-0.918345
4.46985,3.39466,-0.920535
4.48429,3.36244,-0.919187
4.51909,3.34542,-0.92222
4.5276,3.3089,-0.919693
4.5726,3.29894,-0.924916
4.56786,3.25309,-0.919693
4.59177,3.22784,-0.920535
4.61635,3.20297,-0.921546
4.60095,3.15063,-0.914301
4.62999,3.12897,-0.916323
4.6409,3.09503,-0.914638
4.67216,3.07463,-0.917166
4.71325,3.0604,-0.921715
4.73609,3.03408,-0.922557
4.73379,2.99179,-0.918345
4.75373,2.96373,-0.918682
4.75756,2.92573,-0.915818
4.75941,2.88677,-0.912616
4.77196,2.85447,-0.911605
4.81655,2.84117,-0.916997
4.78533,2.7833,-0.907393
4.8083,2.75732,-0.908573
4.81483,2.72195,-0.906551
4.83833,2.69619,-0.907899
4.86342,2.6712,-0.909584
4.84678,2.62347,-0.903181
4.86714,2.596,-0.904023
4.87512,2.56196,-0.902507
4.89688,2.53517,-0.903686
4.88337,2.4903,-0.898126
4.87653,2.44922,-0.893914
4.9489,2.44767,-0.904866
4.91863,2.39524,-0.896273
4.96701,2.38121,-0.902676
4.95389,2.33764,-0.897452
4.97529,2.31053,-0.8988
4.99655,2.28323,-0.900148
4.96282,2.2311,-0.891218
4.97822,2.20141,-0.891555
4.98982,2.17003,-0.891218
4.99217,2.13472,-0.889196
5.03062,2.11475,-0.893914
5.01161,2.07066,-0.888017
5.02971,2.0421,-0.889028
5.06137,2.01887,-0.892566
5.06173,1.9831,-0.890376
5.0784,1.95378,-0.891218
5.08292,1.91979,-0.88987
5.08166,1.88377,-0.887511
5.09683,1.8539,-0.888185
5.12853,1.82988,-0.891892
5.10431,1.786,-0.88549
5.14314,1.76425,-0.890544
5.1193,1.72103,-0.88431
5.08015,1.67323,-0.87538
5.12128,1.65202,-0.88094
5.13508,1.62176,-0.881614
5.14681,1.5908,-0.881951
5.13667,1.55319,-0.878413
5.17256,1.52948,-0.883131
5.13924,1.48539,-0.875549
5.17387,1.46106,-0.880098
5.15993,1.42299,-0.876054
5.19712,1.399,-0.881109
5.16366,1.35606,-0.873695
5.17475,1.32508,-0.874201
5.19235,1.2957,-0.875886
5.22414,1.26964,-0.880098
5.20785,1.23188,-0.875886
5.25086,1.20809,-0.88212
5.2322,1.17003,-0.877571
5.22676,1.13518,-0.87538
5.24423,1.10533,-0.877234
5.17946,1.05851,-0.864765
5.2371,1.03687,-0.873695
5.24336,1.00471,-0.873695
5.25718,0.97396,-0.875043
5.26791,0.942554,-0.875886
5.31148,0.916759,-0.882457
5.34034,0.888037,-0.886501
5.33692,0.853849,-0.884984
5.32453,0.818387,-0.881951
5.29824,0.781094,-0.87656
5.30977,0.749536,-0.877739
5.25273,0.708626,-0.867124
5.22472,0.672224,-0.861564
5.24537,0.642193,-0.864428
5.26194,0.611478,-0.866619
5.24306,0.576696,-0.862743
5.26415,0.54635,-0.865776
5.29193,0.516438,-0.869989
5.25868,0.480631,-0.863754
5.31456,0.452886,-0.872853
5.29563,0.418554,-0.869146
5.29023,0.385478,-0.867798
5.28659,0.352616,-0.866787
5.28275,0.319813,-0.865776
5.3358,0.290187,-0.874538
5.3424,0.25768,-0.87538
5.25623,0.221187,-0.860385
5.31265,0.190926,-0.86982
5.27924,0.15729,-0.863923
5.28996,0.125129,-0.865608
5.2719,0.092336,-0.862407
5.3049,0.0603637,-0.867967
5.30418,0.0278069,-0.867798
5.31707,-0.00474811,-0.869989
5.31595,-0.0373662,-0.86982
5.28507,-0.0695879,-0.864597
5.28651,-0.102053,-0.864934
5.28677,-0.134513,-0.865102
5.28782,-0.167011,-0.865439
5.2601,-0.198456,-0.86089
5.27257,-0.23133,-0.863249
5.2868,-0.264462,-0.865945
5.29,-0.297171,-0.866787
5.27726,-0.328952,-0.864934
5.30661,-0.363475,-0.870326
5.27872,-0.394127,-0.865945
5.29487,-0.428014,-0.869146
5.29607,-0.460835,-0.86982
5.26566,-0.490768,-0.865102
5.30081,-0.526862,-0.871673
5.28571,-0.558137,-0.869652
5.26455,-0.588592,-0.866619
5.27063,-0.622037,-0.868304
5.28041,-0.656063,-0.870663
5.24403,-0.684249,-0.865102
5.23485,-0.715747,-0.86426
5.22841,-0.747575,-0.863923
5.25785,-0.784727,-0.86982
5.22371,-0.812436,-0.864765
5.2449,-0.848718,-0.869315
5.19585,-0.87354,-0.861733
5.18554,-0.904558,-0.86089
5.16825,-0.934258,-0.858868
5.14498,-0.962693,-0.855835
5.13317,-0.993121,-0.854825
5.13568,-1.02634,-0.856341
5.11191,-1.05425,-0.853308
5.10245,-1.08498,-0.852803
5.09762,-1.11669,-0.85314
5.0724,-1.14383,-0.849938
5.07777,-1.17783,-0.852129
5.03497,-1.20051,-0.845895
5.06102,-1.23958,-0.851792
5.04758,-1.26917,-0.850781
5.02729,-1.29692,-0.84859
5.01733,-1.32724,-0.848253
5.02242,-1.36161,-0.850612
4.98927,-1.38555,-0.846232
4.9949,-1.42017,-0.848759
4.98041,-1.44914,-0.847748
4.96765,-1.47855,-0.847074
4.96225,-1.51015,-0.847748
4.91336,-1.52828,-0.840671
4.95932,-1.576,-0.850612
4.94487,-1.60488,-0.84977
4.91153,-1.62745,-0.845558
4.9164,-1.6626,-0.848253
4.86976,-1.68021,-0.841682
4.83983,-1.70319,-0.838144
4.81351,-1.7272,-0.83528
4.82967,-1.76652,-0.840166
4.83537,-1.80231,-0.843199
4.79934,-1.8225,-0.83865
4.79542,-1.85476,-0.839997
4.79312,-1.88776,-0.841682
4.79883,-1.9241,-0.844884
4.78146,-1.95127,-0.843873
4.76029,-1.9768,-0.842188
4.75352,-2.00827,-0.843199
4.73205,-2.03351,-0.841514
4.696,-2.05225,-0.837133
4.71395,-2.09463,-0.842862
4.65968,-2.10485,-0.835111
4.65743,-2.13834,-0.837133
4.65405,-2.17146,-0.838987
4.64776,-2.20335,-0.840334
4.61639,-2.22328,-0.836965
4.60089,-2.2507,-0.836628
4.62849,-2.29949,-0.844547
4.62574,-2.33361,-0.846737
4.6087,-2.3606,-0.846232
4.59588,-2.38975,-0.846569
4.58723,-2.42112,-0.847748
4.55752,-2.44131,-0.844884
4.513,-2.45323,-0.839155
4.50563,-2.48516,-0.840671
4.51009,-2.52383,-0.844547
4.50566,-2.55778,-0.846737
4.47707,-2.578,-0.84421
4.47393,-2.61287,-0.846737
4.45527,-2.63877,-0.846232
4.43562,-2.66403,-0.845558
4.42592,-2.6953,-0.846906
4.41014,-2.72292,-0.847074
4.36494,-2.73215,-0.841345
4.35975,-2.76628,-0.843704
4.32859,-2.78391,-0.84084
4.30813,-2.80827,-0.840166
4.29246,-2.83574,-0.840503
4.27744,-2.86366,-0.841008
4.24918,-2.88266,-0.838818
4.23385,-2.91036,-0.839324
4.18274,-2.91319,-0.832415
4.16076,-2.93596,-0.831573
4.12743,-2.95055,-0.828372
4.12921,-2.99027,-0.832584
4.0925,-3.00214,-0.828709
4.06688,-3.02191,-0.827192
4.03015,-3.03317,-0.823317
4.01852,-3.06322,-0.824833
3.9856,-3.07698,-0.821801
3.98373,-3.11473,-0.825507
3.95991,-3.13545,-0.824496
3.94675,-3.16462,-0.825844
3.92266,-3.18505,-0.824833
3.90761,-3.21281,-0.825844
3.8704,-3.22223,-0.821969
3.84,-3.23702,-0.81961
3.82607,-3.26564,-0.820958
3.79701,-3.28132,-0.818936
3.77829,-3.30586,-0.819273
3.76162,-3.33225,-0.820116
3.73303,-3.34803,-0.818262
3.70512,-3.36424,-0.816577
3.67569,-3.37891,-0.814556
3.6484,-3.39536,-0.813039
3.6074,-3.39876,-0.808321
3.60503,-3.43852,-0.812702
3.57251,-3.44962,-0.810006
3.55974,-3.47974,-0.812028
3.53482,-3.49805,-0.811186
3.51259,-3.51898,-0.811017
3.48886,-3.53836,-0.810512
3.46914,-3.56182,-0.811017
3.44928,-3.58517,-0.811523
3.434,-3.61341,-0.813208
3.41312,-3.63585,-0.813545
3.39074,-3.65672,-0.813545
3.37823,-3.68836,-0.816072
3.32974,-3.68052,-0.809501
3.31695,-3.7119,-0.812028
3.29281,-3.73071,-0.811691
3.2692,-3.7501,-0.811523
3.24806,-3.77233,-0.812028
3.22102,-3.78768,-0.811017
3.19201,-3.80058,-0.809501
3.16612,-3.81706,-0.808827
3.13076,-3.82193,-0.805626
3.10911,-3.84337,-0.806131
3.10701,-3.88932,-0.812028
3.08309,-3.90831,-0.812028
3.03724,-3.89917,-0.805963
3.02227,-3.92945,-0.80849
2.98379,-3.92908,-0.804446
2.94188,-3.92366,-0.799392
2.92186,-3.94718,-0.800571
2.90631,-3.97697,-0.803098
2.8732,-3.98274,-0.800571
2.84242,-3.99146,-0.798718
2.82014,-4.01206,-0.799392
2.78873,-4.01957,-0.79737
2.76123,-4.03254,-0.796527
2.74085,-4.05594,-0.797875
2.70114,-4.05054,-0.793326
2.68057,-4.07362,-0.794674
2.66036,-4.09743,-0.79619
2.63516,-4.11368,-0.79619
2.60303,-4.11894,-0.794
2.57405,-4.12898,-0.79282
2.54247,-4.13462,-0.790799
2.52626,-4.16531,-0.793831
2.49964,-4.17904,-0.793494
2.46193,-4.17393,-0.789451
2.44123,-4.19748,-0.791136
2.41346,-4.20896,-0.790462
2.38177,-4.21339,-0.78844
2.34819,-4.21415,-0.785744
2.32989,-4.2423,-0.78844
2.31273,-4.27299,-0.791641
2.29482,-4.30275,-0.794674
2.27067,-4.32111,-0.795516
2.2423,-4.33146,-0.794842
2.20896,-4.33197,-0.792315
2.16198,-4.30493,-0.784564
2.14558,-4.33843,-0.78844
2.11072,-4.33468,-0.785238
2.08664,-4.35288,-0.786249
2.05105,-4.34688,-0.782711
2.02683,-4.36475,-0.783722
1.99878,-4.37441,-0.783217
1.96988,-4.3821,-0.782374
1.94376,-4.39591,-0.782711
1.91006,-4.39239,-0.779847
1.88113,-4.39949,-0.779004
1.85372,-4.41004,-0.778836
1.82324,-4.41314,-0.777319
1.81245,-4.46442,-0.784733
1.77625,-4.45349,-0.780689
1.75357,-4.47623,-0.78288
1.72784,-4.49151,-0.783722
1.69711,-4.49373,-0.782206
1.66368,-4.48834,-0.779341
1.63746,-4.50217,-0.780015
1.60351,-4.4945,-0.776814
1.57655,-4.50611,-0.777151
1.55911,-4.54554,-0.782543
1.53653,-4.5709,-0.785407
1.50969,-4.58399,-0.786081
1.48638,-4.60817,-0.788777
1.45422,-4.60499,-0.786586
1.42506,-4.611,-0.786081
1.39646,-4.61871,-0.785912
1.35466,-4.58182,-0.777825
1.33584,-4.62224,-0.783554
1.29083,-4.57154,-0.773107
1.26774,-4.59743,-0.776308
1.23951,-4.60512,-0.776308
1.20897,-4.60406,-0.774792
1.17654,-4.59516,-0.771928
1.14736,-4.59847,-0.771254
1.11819,-4.60159,-0.77058
1.08948,-4.60645,-0.770243
1.05855,-4.60152,-0.768221
1.03223,-4.61658,-0.769737
1.00263,-4.61705,-0.768726
0,0,0
0,0,0
0,0,0
0,0,0
0,0,0
0,0,0
0,0,0
0,0,0
0,0,0
0,0,0
0,0,0
0,0,0
0,0,0
0,0,0
0,0,0
0,0,0
0,0,0
0,0,0
0,0,0
0,0,0
0,0,0
0,0,0
0,0,0
0,0,0
0,0,0
0,0,0
0,0,0
0,0,0
0,0,0
0,0,0
0,0,0
0,0,0
0,0,0
0,0,0
0,0,0
0,0,0
0,0,0
0,0,0
0,0,0
0,0,0
0,0,0
0,0,0
0,0,0
0,0,0
0,0,0
0,0,0
0,0,0
0,0,0
0,0,0
0,0,0
0,0,0
0,0,0
0,0,0
0,0,0
0,0,0
0,0,0
0,0,0
0,0,0
0,0,0
0,0,0
0,0,0
0,0,0
0,0,0
0,0,0
0,0,0
0,0,0
0,0,0
0,0,0
0,0,0
0,0,0
0,0,0
0,0,0
0,0,0
0,0,0
0,0,0
0,0,0
0,0,0
0,0,0
0,0,0
0,0,0
0,0,0
0,0,0
0,0,0
0,0,0
0,0,0
0,0,0
0,0,0
0,0,0
0,0,0
0,0,0
0,0,0
0,0,0
0,0,0
0,0,0
0,0,0
0,0,0
0,0,0
0,0,0
0,0,0
0,0,0
0,0,0
0,0,0
0,0,0
0,0,0
0,0,0
0,0,0
0,0,0
0,0,0
0,0,0
0,0,0
0,0,0
0,0,0
0,0,0
0,0,0
0,0,0
0,0,0
0,0,0
0,0,0
0,0,0
0,0,0
0,0,0
0,0,0
0,0,0
0,0,0
0,0,0
0,0,0
0,0,0
0,0,0
0,0,0
0,0,0
0,0,0
0,0,0
0,0,0
0,0,0
0,0,0
0,0,0
0,0,0
0,0,0
0,0,0
0,0,0
0,0,0
0,0,0
0,0,0
0,0,0
0,0,0
0,0,0
0,0,0
0,0,0
0,0,0
0,0,0
0,0,0
0,0,0
0,0,0
0,0,0
0,0,0
0,0,0
0,0,0
0,0,0
0,0,0
0,0,0
0,0,0
0,0,0
0,0,0
0,0,0
0,0,0
0,0,0
0,0,0
0,0,0
0,0,0
0,0,0
0,0,0
0,0,0
0,0,0
0,0,0
0,0,0
0,0,0
0,0,0
0,0,0
0,0,0
0,0,0
0,0,0
0,0,0
0,0,0
0,0,0
0,0,0
0,0,0
0,0,0
0,0,0
0,0,0
0,0,0
0,0,0
0,0,0
0,0,0
0,0,0
0,0,0
0,0,0
0,0,0
0,0,0
0,0,0
0,0,0
0,0,0
0,0,0
0,0,0
0,0,0
0,0,0
0,0,0
0,0,0
0,0,0
0,0,0
0,0,0
0,0,0
0,0,0
0,0,0
0,0,0
0,0,0
0,0,0
0,0,0
0,0,0
0,0,0
0,0,0
0,0,0
0,0,0
0,0,0
0,0,0
0,0,0
0,0,0
0,0,0
0,0,0
0,0,0
0,0,0
0,0,0
0,0,0
0,0,0
0,0,0
0,0,0
0,0,0
0,0,0
0,0,0
0,0,0
0,0,0
0,0,0
0,0,0
0,0,0
0,0,0
0,0,0
0,0,0
0,0,0
0,0,0
0,0,0
0,0,0
0,0,0
0,0,0
0,0,0
0,0,0
0,0,0
0,0,0
0,0,0
0,0,0
0,0,0
0,0,0
0,0,0
0,0,0
0,0,0
0,0,0
0,0,0
0,0,0
0,0,0
0,0,0
0,0,0
0,0,0
0,0,0
0,0,0
0,0,0
0,0,0
0,0,0
0,0,0
0,0,0
0,0,0
0,0,0
0,0,0
0,0,0
0,0,0
0,0,0
0,0,0
0,0,0
0,0,0
0,0,0
0,0,0
0,0,0
0,0,0
0,0,0
0,0,0
0,0,0
0,0,0
0,0,0
0,0,0
0,0,0
0,0,0
0,0,0
0,0,0
0,0,0
0,0,0
0,0,0
0,0,0
0,0,0
0,0,0
0,0,0
0,0,0
0,0,0
0,0,0
0,0,0
0,0,0
0,0,0
0,0,0
0,0,0
0,0,0
0,0,0
0,0,0
0,0,0
0,0,0
0,0,0
0,0,0
0,0,0
0,0,0
0,0,0
0,0,0
0,0,0
0,0,0
0,0,0
0,0,0
0,0,0
0,0,0
0,0,0
0,0,0
0,0,0
0,0,0
0,0,0
0,0,0
0,0,0
0,0,0
0,0,0
0,0,0
0,0,0
0,0,0
0,0,0
0,0,0
0,0,0
0,0,0
0,0,0
0,0,0
0,0,0
0,0,0
0,0,0
0,0,0
0,0,0
0,0,0
0,0,0
0,0,0
0,0,0
0,0,0
0,0,0
0,0,0
0,0,0
0,0,0
0,0,0
0,0,0
0,0,0
0,0,0
0,0,0
0,0,0
0,0,0
0,0,0
0,0,0
0,0,0
0,0,0
0,0,0
0,0,0
0,0,0
0,0,0
0,0,0
0,0,0
0,0,0
0,0,0
0,0,0
0,0,0
0,0,0
0,0,0
0,0,0
0,0,0
0,0,0
0,0,0
0,0,0
0,0,0
0,0,0
0,0,0
0,0,0
0,0,0
0,0,0
0,0,0
0,0,0
0,0,0
0,0,0
0,0,0
0,0,0
0,0,0
0,0,0
0,0,0
0,0,0
0,0,0
0,0,0
0,0,0
0,0,0
0,0,0
0,0,0
0,0,0
0,0,0
0,0,0
0,0,0
0,0,0
0,0,0
0,0,0
0,0,0
0,0,0
0,0,0
0,0,0
0,0,0
0,0,0
0,0,0
0,0,0
0,0,0
0,0,0
0,0,0
0,0,0
0,0,0
0,0,0
0,0,0
0,0,0
0,0,0
0,0,0
0,0,0
0,0,0
0,0,0
0,0,0
0,0,0
0,0,0
0,0,0
0,0,0
0,0,0
0,0,0
0,0,0
0,0,0
0,0,0
0,0,0
0,0,0
0,0,0
0,0,0
0,0,0
0,0,0
0,0,0
0,0,0
0,0,0
0,0,0
0,0,0
0,0,0
0,0,0
0,0,0
0,0,0
0,0,0
0,0,0
0,0,0
0,0,0
0,0,0
0,0,0
0,0,0
0,0,0
0,0,0
0,0,0
0,0,0
0,0,0
0,0,0
0,0,0
0,0,0
0,0,0
0,0,0
0,0,0
0,0,0
0,0,0
0,0,0
0,0,0
0,0,0
0,0,0
0,0,0
0,0,0
0,0,0
0,0,0
0,0,0
0,0,0
0,0,0
0,0,0
0,0,0
0,0,0
0,0,0
0,0,0
0,0,0
0,0,0
0,0,0
0,0,0
0,0,0
0,0,0
0,0,0
0,0,0
0,0,0
0,0,0
0,0,0
0,0,0
0,0,0
0,0,0
0,0,0
0,0,0
0,0,0
0,0,0
0,0,0
0,0,0
0,0,0
0,0,0
0,0,0
0,0,0
0,0,0
0,0,0
0,0,0
0,0,0
0,0,0
0,0,0
0,0,0
0,0,0
0,0,0
0,0,0
0,0,0
0,0,0
0,0,0
0,0,0
0,0,0
0,0,0
0,0,0
0,0,0
0,0,0
0,0,0
0,0,0
0,0,0
0,0,0
0,0,0
0,0,0
0,0,0
0,0,0
0,0,0
0,0,0
0,0,0
0,0,0
0,0,0
0,0,0
0,0,0
0,0,0
0,0,0
0,0,0
0,0,0
0,0,0
0,0,0
0,0,0
0,0,0
0,0,0
0,0,0
0,0,0
0,0,0
0,0,0
0,0,0
0,0,0
0,0,0
0,0,0
0,0,0
0,0,0
0,0,0
0,0,0
0,0,0
0,0,0
1.7986,5.21938,-0.971158
1.82472,5.19154,-0.967918
1.85687,5.18117,-0.968098
1.88795,5.16783,-0.967738
1.91791,5.15154,-0.966838
1.95891,5.16451,-0.971698
1.97354,5.10835,-0.963058
2.02574,5.14923,-0.973498
2.06827,5.1641,-0.978898
2.09917,5.14949,-0.978538
2.12696,5.12743,-0.976738
2.15532,5.10703,-0.975298
2.18662,5.09371,-0.975298
2.20838,5.05856,-0.970978
2.25016,5.06919,-0.975838
2.25815,5.00418,-0.965578
2.29579,5.00543,-0.968638
2.31524,4.96718,-0.963778
2.33093,4.92177,-0.957478
2.38583,4.95878,-0.967918
2.42269,4.95731,-0.970618
2.45087,4.93794,-0.969718
2.44659,4.8543,-0.955678
2.47678,4.84007,-0.955858
2.50235,4.81693,-0.954238
2.52864,4.79539,-0.952978
2.56452,4.79193,-0.955498
2.60561,4.79771,-0.959998
2.62645,4.76612,-0.956758
2.66621,4.76881,-0.960718
2.68329,4.73097,-0.956218
2.71177,4.71356,-0.956038
2.73469,4.68664,-0.953878
2.75739,4.65961,-0.951718
2.80111,4.66791,-0.957118
2.82357,4.64055,-0.954958
2.84372,4.60974,-0.952078
2.88291,4.60972,-0.955858
2.88691,4.55373,-0.947577
2.93394,4.56572,-0.954058
2.94687,4.52456,-0.949017
3.00384,4.55072,-0.958738
3.01858,4.51258,-0.954418
3.03627,4.47932,-0.951178
3.05423,4.44682,-0.948117
3.10787,4.46594,-0.956578
3.13578,4.44759,-0.956758
3.147,4.40586,-0.951718
3.17052,4.38168,-0.950638
3.1956,4.35977,-0.950098
3.2305,4.35113,-0.952618
3.25122,4.32337,-0.950818
3.27113,4.29473,-0.948837
3.28601,4.25978,-0.945417
3.31935,4.24884,-0.947577
3.34658,4.22993,-0.947937
3.3657,4.20088,-0.945957
3.3908,4.17938,-0.945777
3.40826,4.14862,-0.943437
3.43617,4.13065,-0.944157
3.44434,4.08918,-0.939297
3.4617,4.05899,-0.937137
3.48526,4.03618,-0.936777
3.49247,3.99472,-0.931917
3.53061,3.98869,-0.935697
3.56027,3.97281,-0.937137
3.58855,3.95526,-0.938217
3.60942,3.92954,-0.937317
3.61672,3.88932,-0.932817
3.64388,3.87063,-0.933717
3.65399,3.83396,-0.930117
3.67813,3.81217,-0.930297
3.70558,3.79376,-0.931377
3.74331,3.78563,-0.935157
3.76229,3.75842,-0.934077
3.76988,3.72007,-0.930117
3.78488,3.68932,-0.928137
3.80745,3.66602,-0.928137
3.8427,3.65479,-0.931377
3.82204,3.59074,-0.920577
3.87284,3.59398,-0.927777
3.88757,3.5635,-0.925977
3.88092,3.51384,-0.918957
3.93394,3.51815,-0.926697
3.94513,3.48483,-0.924177
3.93679,3.43469,-0.916977
3.98834,3.4368,-0.924357
3.96815,3.3772,-0.914457
3.97374,3.34013,-0.910857
4.06758,3.37662,-0.928317
4.06996,3.33664,-0.923997
4.07354,3.29799,-0.920037
4.05451,3.2416,-0.910857
4.07819,3.21971,-0.911757
4.11571,3.20854,-0.915897
4.13532,3.18322,-0.915897
4.13755,3.1447,-0.911937
4.1725,3.13106,-0.915537
4.17503,3.0931,-0.911757
4.15185,3.03665,-0.902216
4.19832,3.03127,-0.908517
4.19601,2.99061,-0.903836
4.22152,2.9699,-0.905456
4.25664,2.95572,-0.909237
4.27226,2.92788,-0.908697
4.25673,2.87902,-0.901316
4.26696,2.84793,-0.899696
4.34679,2.86281,-0.913377
4.28261,2.78303,-0.895556
4.30292,2.75882,-0.896276
4.32725,2.7371,-0.897896
4.35565,2.71779,-0.900416
4.35465,2.68018,-0.896636
4.40717,2.67536,-0.904376
4.41253,2.6417,-0.902036
4.42357,2.61157,-0.900956
4.45652,2.59428,-0.904556
4.46467,2.56248,-0.902936
4.47089,2.52971,-0.900956
4.4829,2.50031,-0.900236
4.51195,2.48034,-0.903116
4.52535,2.45167,-0.902756
4.54031,2.42386,-0.902756
4.5046,2.3694,-0.892316
4.52604,2.34533,-0.893756
4.54998,2.32244,-0.895736
4.56239,2.29359,-0.895376
4.60459,2.27952,-0.901136
4.62379,2.25381,-0.902216
4.65793,2.23518,-0.906357
4.63865,2.19101,-0.899696
4.67342,2.17246,-0.904016
4.65356,2.12861,-0.897356
4.65756,2.09598,-0.895556
4.71081,2.08527,-0.903656
4.70368,2.04769,-0.899696
4.71887,2.01996,-0.900236
4.73752,1.99363,-0.901496
4.74966,1.96453,-0.901496
4.72609,1.9209,-0.894476
4.70398,1.87838,-0.887816
4.70718,1.84624,-0.886196
4.71658,1.81662,-0.885836
4.74236,1.79321,-0.888716
4.75327,1.76408,-0.888716
4.72334,1.72007,-0.880796
4.77549,1.70595,-0.888896
4.7051,1.64832,-0.873236
4.74397,1.62933,-0.878816
4.76786,1.60489,-0.881516
4.7664,1.57191,-0.879356
4.78626,1.54596,-0.881336
4.74688,1.50115,-0.871976
4.80205,1.48624,-0.880796
4.78377,1.44848,-0.875576
4.78974,1.41826,-0.875036
4.80591,1.39103,-0.876476
4.82004,1.36313,-0.877556
4.81978,1.33117,-0.875936
4.82121,1.29978,-0.874676
4.8329,1.27117,-0.875396
4.83965,1.24125,-0.875216
4.85195,1.21272,-0.876116
4.88893,1.19014,-0.881696
4.89135,1.15899,-0.880796
4.88879,1.12674,-0.878996
4.91001,1.09995,-0.881696
4.92531,1.07168,-0.883316
4.91255,1.03738,-0.879716
4.90051,1.00347,-0.876296
4.92491,0.977015,-0.879716
4.95399,0.951227,-0.884036
4.93362,0.915966,-0.879176
4.95561,0.888627,-0.882236
4.94449,0.855354,-0.879176
4.93801,0.823059,-0.877016
4.87886,0.782469,-0.865136
4.89524,0.754315,-0.867296
4.88128,0.721533,-0.863876
4.89049,0.692257,-0.864776
4.90829,0.664082,-0.867296
4.90935,0.633575,-0.866756
4.92779,0.605238,-0.869456
4.92066,0.573738,-0.867476
4.928,0.543966,-0.868196
4.94103,0.514737,-0.869996
4.89514,0.479617,-0.860995
4.94991,0.454333,-0.870536
4.8938,0.418923,-0.859735
4.87863,0.387487,-0.856495
4.91721,0.360201,-0.863155
4.88105,0.327458,-0.856135
4.88886,0.297861,-0.857215
4.88765,0.267697,-0.856675
4.9845,0.242327,-0.874136
4.89548,0.207906,-0.857575
4.90453,0.178149,-0.859015
4.93011,0.148792,-0.863515
4.94863,0.118963,-0.866756
4.90501,0.0878075,-0.858655
4.86906,0.0572841,-0.851995
4.88408,0.0274889,-0.854695
4.8753,-0.00247458,-0.853075
4.90864,-0.0326137,-0.859195
4.89064,-0.0625042,-0.855955
4.9059,-0.0928104,-0.858835
4.88361,-0.122367,-0.854875
4.88866,-0.152514,-0.855955
4.89058,-0.182618,-0.856495
4.87758,-0.212109,-0.854335
4.8978,-0.243108,-0.858295
4.88246,-0.272387,-0.855775
4.88561,-0.302645,-0.856675
4.89446,-0.333353,-0.858655
4.89232,-0.363378,-0.858655
4.90863,-0.39489,-0.862076
4.88161,-0.422877,-0.857575
4.91516,-0.456189,-0.864236
4.83788,-0.478968,-0.850555
4.83485,-0.508643,-0.850555
4.86781,-0.542333,-0.857215
4.82336,-0.567361,-0.849655
4.88617,-0.605173,-0.861896
4.82676,-0.627905,-0.851635
4.81989,-0.657111,-0.851095
4.8372,-0.689729,-0.855055
4.81147,-0.716209,-0.851095
4.78171,-0.741795,-0.846415
4.80523,-0.77567,-0.851635
4.79165,-0.803674,-0.850015
4.80019,-0.835423,-0.852535
4.78723,-0.863463,-0.851095
4.80215,-0.896613,-0.854875
4.77724,-0.922331,-0.851275
4.75799,-0.948932,-0.848755
4.8041,-0.988821,-0.858475
4.78544,-1.01562,-0.856135
4.75317,-1.03929,-0.851275
4.76302,-1.07211,-0.854335
4.7506,-1.09998,-0.853255
4.74376,-1.12911,-0.853255
4.73579,-1.15797,-0.853075
4.76485,-1.19611,-0.859915
4.71169,-1.21354,-0.851275
4.70892,-1.24368,-0.852175
4.68695,-1.2687,-0.849475
4.6715,-1.29533,-0.848035
4.65116,-1.32047,-0.845695
4.67698,-1.35887,-0.852175
4.63743,-1.37829,-0.846235
4.63736,-1.4093,-0.847855
4.62393,-1.43626,-0.846955
4.62253,-1.46699,-0.848395
4.59847,-1.49047,-0.845515
4.59577,-1.52082,-0.846775
4.61991,-1.56033,-0.853255
4.62512,-1.59377,-0.856135
4.50576,-1.58363,-0.834895
4.56355,-1.63548,-0.848035
4.54696,-1.66108,-0.846775
4.51548,-1.68106,-0.842635
4.54555,-1.72408,-0.850555
4.54498,-1.75584,-0.852535
4.52679,-1.78081,-0.851095
4.482,-1.79502,-0.844435
4.45724,-1.81692,-0.841735
4.46054,-1.85027,-0.844615
4.42645,-1.86804,-0.840115
4.44563,-1.90836,-0.846235
4.45548,-1.94505,-0.850555
3.09489,-1.37362,-0.580549
3.06758,-1.38409,-0.576769
3.06171,-1.40411,-0.577309
4.39303,-2.04757,-0.847855
4.36705,-2.06817,-0.845155
4.36225,-2.09876,-0.846775
4.35459,-2.12808,-0.847855
4.33881,-2.15345,-0.847315
4.31498,-2.17472,-0.845155
4.3033,-2.20205,-0.845515
4.28622,-2.2266,-0.844795
4.2542,-2.24322,-0.841015
4.26464,-2.28228,-0.846055
4.23327,-2.29901,-0.842455
4.24924,-2.34156,-0.848755
4.23908,-2.36999,-0.849655
4.19024,-2.37654,-0.842455
4.20883,-2.42134,-0.849475
4.18539,-2.44216,-0.847675
4.13647,-2.44776,-0.840475
4.15427,-2.49284,-0.847495
4.12293,-2.50856,-0.844075
4.08067,-2.51729,-0.838315
4.09517,-2.56106,-0.844795
4.09101,-2.59351,-0.847315
4.08577,-2.62548,-0.849655
4.01684,-2.61613,-0.838135
4.03929,-2.6662,-0.846595
3.99179,-2.67015,-0.839755
3.98999,-2.70453,-0.842995
3.98305,-2.73565,-0.845155
3.94358,-2.7443,-0.840115
3.93872,-2.77695,-0.842815
3.8944,-2.78162,-0.836695
3.88124,-2.80835,-0.837595
3.8441,-2.81757,-0.833095
3.81411,-2.83172,-0.830215
3.79902,-2.85685,-0.830755
3.80567,-2.89858,-0.836335
3.77302,-2.91046,-0.832915
3.73726,-2.91963,-0.828775
3.72545,-2.94739,-0.830215
3.72572,-2.98495,-0.834535
3.65845,-2.96809,-0.823015
3.63409,-2.98549,-0.821575
3.66409,-3.04799,-0.833095
3.63554,-3.06218,-0.830755
3.60022,-3.07039,-0.826795
3.54632,-3.0622,-0.818334
3.54302,-3.0975,-0.822115
3.47975,-3.08006,-0.811314
3.46299,-3.10332,-0.811854
3.44461,-3.12517,-0.812034
3.43623,-3.15623,-0.814734
3.45426,-3.21209,-0.824095
3.41873,-3.21839,-0.820135
3.37684,-3.21827,-0.814554
3.38535,-3.26625,-0.821755
3.34132,-3.26359,-0.815634
3.30654,-3.2695,-0.811854
3.2899,-3.29321,-0.812754
3.27239,-3.31614,-0.813474
3.26091,-3.34531,-0.815814
3.24509,-3.37022,-0.817074
3.2352,-3.40147,-0.819955
3.1678,-3.37179,-0.807534
3.1417,-3.38539,-0.806094
3.15476,-3.44159,-0.815274
3.15537,-3.48495,-0.821215
3.09262,-3.45805,-0.809874
3.05637,-3.46,-0.805734
3.03961,-3.48388,-0.806994
3.00019,-3.48159,-0.801954
3.01001,-3.53665,-0.810774
2.96674,-3.52945,-0.804654
2.96073,-3.56651,-0.809154
2.93505,-3.58004,-0.808074
2.88332,-3.56128,-0.799434
2.86141,-3.57891,-0.799434
2.8845,-3.65353,-0.812754
2.86022,-3.66884,-0.812214
2.79505,-3.63097,-0.799434
2.80903,-3.69583,-0.810414
2.76268,-3.68152,-0.803214
2.74121,-3.69998,-0.803574
2.72601,-3.72706,-0.805914
2.68984,-3.72537,-0.801774
2.67207,-3.74901,-0.803394
2.65128,-3.76856,-0.804114
2.62362,-3.77829,-0.802674
2.60595,-3.80243,-0.804474
2.57926,-3.81346,-0.803394
2.56182,-3.83821,-0.805374
2.54039,-3.85715,-0.806094
2.50006,-3.84709,-0.800514
2.49339,-3.88886,-0.806274
2.45424,-3.87997,-0.801054
2.42101,-3.87994,-0.797814
2.40592,-3.90896,-0.800874
2.37322,-3.90936,-0.797814
2.35929,-3.94072,-0.801414
2.32456,-3.93734,-0.797634
2.29343,-3.93962,-0.795114
2.27901,-3.97069,-0.798714
2.24831,-3.97346,-0.796374
2.23394,-4.00523,-0.800154
2.18232,-3.96972,-0.789894
2.16588,-3.99774,-0.792954
2.13205,-3.9936,-0.789354
2.09972,-3.99181,-0.786294
2.08786,-4.02907,-0.791334
2.0631,-4.04181,-0.791334
2.02501,-4.02802,-0.785934
2.01422,-4.06858,-0.791694
1.97456,-4.0508,-0.785574
1.96031,-4.08501,-0.790074
1.93605,-4.09874,-0.790434
1.92786,-4.14712,-0.797814
1.8856,-4.12219,-0.790434
1.86673,-4.14804,-0.793314
1.83408,-4.14322,-0.790074
1.8047,-4.14538,-0.788274
1.77961,-4.15728,-0.788454
1.75216,-4.16359,-0.787554
1.72997,-4.18244,-0.789174
1.69612,-4.17293,-0.785214
1.66356,-4.1659,-0.781794
1.64048,-4.18244,-0.783054
1.61761,-4.19977,-0.784494
1.59321,-4.21329,-0.785214
1.56185,-4.20824,-0.782334
1.54104,-4.2316,-0.785034
1.51604,-4.24376,-0.785574
1.49225,-4.25948,-0.786834
1.46545,-4.2667,-0.786474
1.43861,-4.27374,-0.786114
1.41514,-4.2909,-0.787734
1.38606,-4.29107,-0.786114
1.36504,-4.31638,-0.789354
1.33592,-4.31622,-0.787734
1.29943,-4.29138,-0.781434
1.27056,-4.29079,-0.779814
1.24148,-4.28905,-0.778014
1.21433,-4.29375,-0.777474
1.18954,-4.30681,-0.778554
1.16923,-4.33682,-0.782874
1.13885,-4.32964,-0.780174
1.11275,-4.33846,-0.780534
1.08849,-4.35474,-0.782334
1.05989,-4.3537,-0.780894
1.03089,-4.35054,-0.779094
1.00638,-4.36637,-0.780894
0.980647,-4.37727,-0.781794
0.957533,-4.4005,-0.785034
0.934984,-4.42747,-0.788994
0.908589,-4.43698,-0.789714
0,0,0
0,0,0
0,0,0
0,0,0
0,0,0
0,0,0
0,0,0
0,0,0
0,0,0
0,0,0
0,0,0
0,0,0
0,0,0
0,0,0
0,0,0
0,0,0
0,0,0
0,0,0
0,0,0
0,0,0
0,0,0
0,0,0
0,0,0
0,0,0
0,0,0
0,0,0
0,0,0
0,0,0
0,0,0
0,0,0
0,0,0
0,0,0
0,0,0
0,0,0
0,0,0
0,0,0
0,0,0
0,0,0
0,0,0
0,0,0
0,0,0
0,0,0
0,0,0
0,0,0
0,0,0
0,0,0
0,0,0
0,0,0
0,0,0
0,0,0
0,0,0
0,0,0
0,0,0
0,0,0
0,0,0
0,0,0
0,0,0
0,0,0
0,0,0
0,0,0
0,0,0
0,0,0
0,0,0
0,0,0
0,0,0
0,0,0
0,0,0
0,0,0
0,0,0
0,0,0
0,0,0
0,0,0
0,0,0
0,0,0
0,0,0
0,0,0
0,0,0
0,0,0
0,0,0
0,0,0
0,0,0
0,0,0
0,0,0
0,0,0
0,0,0
0,0,0
0,0,0
0,0,0
0,0,0
0,0,0
0,0,0
0,0,0
0,0,0
0,0,0
0,0,0
0,0,0
0,0,0
0,0,0
0,0,0
0,0,0
0,0,0
0,0,0
0,0,0
0,0,0
0,0,0
0,0,0
0,0,0
0,0,0
0,0,0
0,0,0
0,0,0
0,0,0
0,0,0
0,0,0
0,0,0
0,0,0
0,0,0
0,0,0
0,0,0
0,0,0
0,0,0
0,0,0
0,0,0
0,0,0
0,0,0
0,0,0
0,0,0
0,0,0
0,0,0
0,0,0
0,0,0
0,0,0
0,0,0
0,0,0
0,0,0
0,0,0
0,0,0
0,0,0
0,0,0
0,0,0
0,0,0
0,0,0
0,0,0
0,0,0
0,0,0
0,0,0
0,0,0
0,0,0
0,0,0
0,0,0
0,0,0
0,0,0
0,0,0
0,0,0
0,0,0
0,0,0
0,0,0
0,0,0
0,0,0
0,0,0
0,0,0
0,0,0
0,0,0
0,0,0
0,0,0
0,0,0
0,0,0
0,0,0
0,0,0
0,0,0
0,0,0
0,0,0
0,0,0
0,0,0
0,0,0
0,0,0
0,0,0
0,0,0
0,0,0
0,0,0
0,0,0
0,0,0
0,0,0
0,0,0
0,0,0
0,0,0
0,0,0
0,0,0
0,0,0
0,0,0
0,0,0
0,0,0
0,0,0
0,0,0
0,0,0
0,0,0
0,0,0
0,0,0
0,0,0
0,0,0
0,0,0
0,0,0
0,0,0
0,0,0
0,0,0
0,0,0
0,0,0
0,0,0
0,0,0
0,0,0
0,0,0
0,0,0
0,0,0
0,0,0
0,0,0
0,0,0
0,0,0
0,0,0
0,0,0
0,0,0
0,0,0
0,0,0
0,0,0
0,0,0
0,0,0
0,0,0
0,0,0
0,0,0
0,0,0
0,0,0
0,0,0
0,0,0
0,0,0
0,0,0
0,0,0
0,0,0
0,0,0
0,0,0
0,0,0
0,0,0
0,0,0
0,0,0
0,0,0
0,0,0
0,0,0
0,0,0
0,0,0
0,0,0
0,0,0
0,0,0
0,0,0
0,0,0
0,0,0
0,0,0
0,0,0
0,0,0
0,0,0
0,0,0
0,0,0
0,0,0
0,0,0
0,0,0
0,0,0
0,0,0
0,0,0
0,0,0
0,0,0
0,0,0
0,0,0
0,0,0
0,0,0
0,0,0
0,0,0
0,0,0
0,0,0
0,0,0
0,0,0
0,0,0
0,0,0
0,0,0
0,0,0
0,0,0
0,0,0
0,0,0
0,0,0
0,0,0
0,0,0
0,0,0
0,0,0
0,0,0
0,0,0
0,0,0
0,0,0
0,0,0
0,0,0
0,0,0
0,0,0
0,0,0
0,0,0
0,0,0
0,0,0
0,0,0
0,0,0
0,0,0
0,0,0
0,0,0
0,0,0
0,0,0
0,0,0
0,0,0
0,0,0
0,0,0
0,0,0
0,0,0
0,0,0
0,0,0
0,0,0
0,0,0
0,0,0
0,0,0
0,0,0
0,0,0
0,0,0
0,0,0
0,0,0
0,0,0
0,0,0
0,0,0
0,0,0
0,0,0
0,0,0
0,0,0
0,0,0
0,0,0
0,0,0
0,0,0
0,0,0
0,0,0
0,0,0
0,0,0
0,0,0
0,0,0
0,0,0
0,0,0
0,0,0
0,0,0
0,0,0
0,0,0
0,0,0
0,0,0
0,0,0
0,0,0
0,0,0
0,0,0
0,0,0
0,0,0
0,0,0
0,0,0
0,0,0
0,0,0
0,0,0
0,0,0
0,0,0
0,0,0
0,0,0
0,0,0
0,0,0
0,0,0
0,0,0
0,0,0
0,0,0
0,0,0
0,0,0
0,0,0
0,0,0
0,0,0
0,0,0
0,0,0
0,0,0
0,0,0
0,0,0
0,0,0
0,0,0
0,0,0
0,0,0
0,0,0
0,0,0
0,0,0
0,0,0
0,0,0
0,0,0
0,0,0
0,0,0
0,0,0
0,0,0
0,0,0
0,0,0
0,0,0
0,0,0
0,0,0
0,0,0
0,0,0
0,0,0
0,0,0
0,0,0
0,0,0
0,0,0
0,0,0
0,0,0
0,0,0
0,0,0
0,0,0
0,0,0
0,0,0
0,0,0
0,0,0
0,0,0
0,0,0
0,0,0
0,0,0
0,0,0
0,0,0
0,0,0
0,0,0
0,0,0
0,0,0
0,0,0
0,0,0
0,0,0
0,0,0
0,0,0
0,0,0
0,0,0
0,0,0
0,0,0
0,0,0
0,0,0
0,0,0
0,0,0
0,0,0
0,0,0
0,0,0
0,0,0
0,0,0
0,0,0
0,0,0
0,0,0
0,0,0
0,0,0
0,0,0
0,0,0
0,0,0
0,0,0
0,0,0
0,0,0
0,0,0
0,0,0
0,0,0
0,0,0
0,0,0
0,0,0
0,0,0
0,0,0
0,0,0
0,0,0
0,0,0
0,0,0
0,0,0
0,0,0
0,0,0
0,0,0
0,0,0
0,0,0
0,0,0
0,0,0
0,0,0
0,0,0
0,0,0
0,0,0
0,0,0
0,0,0
0,0,0
0,0,0
0,0,0
0,0,0
0,0,0
0,0,0
0,0,0
0,0,0
0,0,0
0,0,0
0,0,0
0,0,0
0,0,0
0,0,0
0,0,0
0,0,0
0,0,0
0,0,0
0,0,0
0,0,0
0,0,0
0,0,0
0,0,0
0,0,0
0,0,0
0,0,0
0,0,0
0,0,0
0,0,0
0,0,0
0,0,0
0,0,0
0,0,0
0,0,0
0,0,0
0,0,0
0,0,0
0,0,0
0,0,0
0,0,0
0,0,0
0,0,0
0,0,0
0,0,0
0,0,0
0,0,0
0,0,0
0,0,0
0,0,0
0,0,0
0,0,0
0,0,0
0,0,0
0,0,0
0,0,0
0,0,0
0,0,0
0,0,0
0,0,0
0,0,0
0,0,0
0,0,0
0,0,0
0,0,0
0,0,0
0,0,0
0,0,0
0,0,0
0,0,0
0,0,0
0,0,0
0,0,0
0,0,0
0,0,0
0,0,0
0,0,0
0,0,0
0,0,0
0,0,0
0,0,0
0,0,0
0,0,0
0,0,0
0,0,0
0,0,0
0,0,0
0,0,0
0,0,0
0,0,0
0,0,0
0,0,0
0,0,0
0,0,0
0,0,0
0,0,0
0,0,0
0,0,0
0,0,0
0,0,0
0,0,0
0,0,0
0,0,0
0,0,0
0,0,0
0,0,0
0,0,0
0,0,0
0,0,0
0,0,0
0,0,0
0,0,0
0,0,0
0,0,0
0,0,0
0,0,0
0,0,0
0,0,0
0,0,0
0,0,0
0,0,0
0,0,0
0,0,0
0,0,0
0,0,0
0,0,0
0,0,0
0,0,0
1.51362,4.97365,-0.976948
1.54877,4.97927,-0.980017
1.58701,4.99399,-0.985005
1.61823,4.98602,-0.985388
1.64571,4.96668,-0.98347
1.67647,4.95742,-0.983662
1.70366,4.93776,-0.981744
1.73392,4.92722,-0.981744
1.76147,4.9091,-0.980209
1.78415,4.87792,-0.975988
1.81405,4.86688,-0.975988
1.84283,4.8529,-0.975413
1.8662,4.82502,-0.97196
1.88499,4.78609,-0.966205
1.9198,4.78809,-0.969082
1.95062,4.77986,-0.96985
1.9739,4.7533,-0.96678
2.00531,4.74652,-0.967931
2.03595,4.73774,-0.968699
2.05791,4.70896,-0.965246
2.08796,4.69894,-0.965821
2.11675,4.68604,-0.965821
2.1512,4.68545,-0.968507
2.17825,4.66861,-0.967739
2.21862,4.67999,-0.973111
2.2524,4.6769,-0.975413
2.28623,4.67357,-0.977715
2.30308,4.63572,-0.972535
2.31955,4.59784,-0.967356
2.33743,4.56343,-0.962944
2.35724,4.53332,-0.95949
2.37631,4.50228,-0.955846
2.39555,4.47204,-0.952393
2.42342,4.45812,-0.952584
2.45878,4.45778,-0.955846
2.47363,4.42034,-0.950858
2.51039,4.42215,-0.954695
2.56147,4.44834,-0.964095
2.56991,4.40033,-0.956805
2.58587,4.3659,-0.952584
2.6121,4.34911,-0.952393
2.64231,4.33887,-0.953735
2.68177,4.34346,-0.958531
2.70733,4.32525,-0.958148
2.71437,4.2779,-0.95105
2.74216,4.26364,-0.951625
2.7613,4.23604,-0.949131
2.78832,4.22066,-0.949515
2.81908,4.21081,-0.951241
2.85808,4.21293,-0.955846
2.87332,4.17994,-0.952201
2.91181,4.18076,-0.956613
2.94363,4.17164,-0.958723
2.94121,4.11437,-0.949323
2.97906,4.11373,-0.953544
2.9851,4.06926,-0.947213
3.01411,4.05638,-0.948556
3.03304,4.02997,-0.946637
3.05771,4.01128,-0.946637
3.09845,4.01342,-0.951817
3.09039,3.95258,-0.941458
3.13529,3.95971,-0.94798
3.14173,3.91818,-0.942417
3.18488,3.92246,-0.948364
3.1877,3.87706,-0.941841
3.22336,3.87176,-0.945486
3.22998,3.83165,-0.940307
3.25598,3.81474,-0.941074
3.28189,3.79766,-0.941841
3.30578,3.77819,-0.942033
3.33085,3.76004,-0.942609
3.35255,3.73807,-0.942225
3.35959,3.69999,-0.937621
3.37293,3.66919,-0.934935
3.42212,3.67717,-0.942609
3.45269,3.66467,-0.944911
3.45412,3.6214,-0.938964
3.479,3.60296,-0.939731
3.51751,3.59839,-0.944335
3.51467,3.55162,-0.937429
3.53918,3.53277,-0.938197
3.5531,3.5034,-0.936086
3.53868,3.4466,-0.926303
3.56825,3.43299,-0.928605
3.57218,3.3948,-0.924001
3.62656,3.4044,-0.933017
3.6553,3.38943,-0.935127
3.65577,3.34837,-0.929756
3.66897,3.31929,-0.927837
3.70243,3.30849,-0.93129
3.71163,3.27596,-0.928413
3.72796,3.2499,-0.927454
3.74263,3.22248,-0.926111
3.75187,3.19055,-0.923425
3.76311,3.16053,-0.921315
3.78243,3.13738,-0.921315
3.82286,3.13153,-0.926686
3.8237,3.09319,-0.922082
3.8679,3.0899,-0.928413
3.84519,3.03327,-0.918054
3.88386,3.02531,-0.923041
3.8829,2.98645,-0.918246
3.92225,2.9786,-0.923425
3.90748,2.92975,-0.915368
3.92775,2.90747,-0.915944
3.94076,2.87984,-0.914792
3.94324,2.84469,-0.911148
3.96541,2.82386,-0.912299
4.0212,2.82657,-0.921507
3.99251,2.76995,-0.910572
4.00053,2.7393,-0.908462
4.03433,2.72624,-0.91249
4.06486,2.7107,-0.915752
4.04699,2.66304,-0.907695
4.05914,2.63548,-0.906735
4.08928,2.61953,-0.909997
4.09035,2.58495,-0.906543
4.11113,2.56292,-0.907695
4.13095,2.54021,-0.908654
4.15905,2.52246,-0.911531
2.80597,1.67791,-0.599796
2.82298,1.66466,-0.601331
4.18272,2.43264,-0.906543
4.21544,2.41719,-0.910572
4.24301,2.39852,-0.91345
4.27565,2.38248,-0.917478
4.24288,2.3302,-0.906927
4.24243,2.29618,-0.903666
4.29886,2.29275,-0.913066
4.26247,2.23984,-0.901939
4.29705,2.22447,-0.906543
4.29575,2.19048,-0.903282
4.28719,2.15307,-0.898486
4.33814,2.14544,-0.906735
4.31417,2.10072,-0.898678
4.35795,2.08907,-0.905392
4.37424,2.06397,-0.90616
4.39305,2.03998,-0.907503
4.41262,2.01625,-0.909037
4.42939,1.99115,-0.909997
4.44421,1.96513,-0.910572
4.45529,1.93743,-0.91038
4.45446,1.90465,-0.907695
4.44525,1.86853,-0.903282
4.43396,1.83185,-0.898486
4.43148,1.79907,-0.895609
4.44243,1.77184,-0.895609
4.45414,1.74491,-0.895801
4.47209,1.72037,-0.897335
4.47613,1.69046,-0.895992
4.50942,1.6715,-0.900788
4.50023,1.63675,-0.89676
4.52775,1.61538,-0.900405
4.53109,1.58529,-0.899062
4.54816,1.56001,-0.900597
4.53904,1.52582,-0.89676
4.55111,1.49886,-0.897335
4.55742,1.47,-0.89676
4.52237,1.42811,-0.887743
4.5198,1.39685,-0.885441
4.54801,1.37506,-0.88947
4.56295,1.34908,-0.890813
4.53343,1.31015,-0.883139
4.55366,1.28578,-0.885633
4.59742,1.26773,-0.892923
4.56626,1.22903,-0.885058
4.61453,1.21172,-0.893307
4.60857,1.17997,-0.890621
4.61191,1.15072,-0.889854
4.60935,1.12008,-0.887935
4.60754,1.08974,-0.886209
4.59501,1.05705,-0.882372
4.62918,1.03505,-0.887935
4.63161,1.00579,-0.887168
4.6377,0.977354,-0.887168
4.60611,0.941207,-0.879686
4.64068,0.918651,-0.885441
4.61056,0.883318,-0.878343
4.63037,0.857696,-0.881221
4.61043,0.824769,-0.876233
4.63571,0.799974,-0.880262
4.63182,0.770064,-0.878535
4.63549,0.741474,-0.878343
4.63801,0.712718,-0.87796
4.6423,0.684247,-0.87796
4.63669,0.654375,-0.876041
4.63867,0.62565,-0.875658
4.64924,0.598054,-0.877001
4.65769,0.570113,-0.87796
4.64648,0.539821,-0.875082
4.64385,0.510655,-0.873931
4.65275,0.482761,-0.875082
4.66442,0.455063,-0.876809
4.65344,0.42518,-0.874123
4.66183,0.39712,-0.875274
4.66516,0.368586,-0.875466
4.65461,0.339024,-0.872972
4.64974,0.309999,-0.871629
4.64862,0.281284,-0.871054
4.6532,0.252916,-0.871629
4.68995,0.22607,-0.878535
4.66183,0.196044,-0.87278
4.6963,0.168642,-0.879303
4.66683,0.13891,-0.873356
4.65877,0.110061,-0.871629
4.67604,0.0817693,-0.87489
4.66467,0.0529396,-0.872588
4.64528,0.0242096,-0.868752
4.65614,-0.00430112,-0.870862
4.64327,-0.0327836,-0.868368
4.64003,-0.0612355,-0.867792
4.66901,-0.0902669,-0.873548
4.65071,-0.118468,-0.870094
4.66461,-0.147464,-0.872972
4.6234,-0.174574,-0.865107
4.63107,-0.203325,-0.866833
4.62875,-0.231688,-0.866641
4.62333,-0.259866,-0.865874
4.6334,-0.288959,-0.868176
4.62468,-0.316916,-0.866833
4.61384,-0.34463,-0.865107
4.61849,-0.373486,-0.86645
4.60145,-0.400545,-0.863572
4.5989,-0.428771,-0.863572
4.59032,-0.4564,-0.862421
4.60208,-0.4861,-0.865299
4.5873,-0.513023,-0.862997
4.59674,-0.542653,-0.86549
4.64494,-0.57725,-0.875658
4.58098,-0.59788,-0.863764
4.59084,-0.627835,-0.86645
4.58204,-0.655299,-0.86549
4.55949,-0.680653,-0.861845
4.56395,-0.709972,-0.863572
4.53917,-0.734675,-0.859543
4.53554,-0.762675,-0.859735
4.52788,-0.789985,-0.85916
4.51232,-0.815835,-0.85705
4.52556,-0.846932,-0.860694
4.49715,-0.870215,-0.85609
4.50039,-0.899522,-0.857817
4.48613,-0.925337,-0.85609
4.49285,-0.955497,-0.858584
4.48307,-0.982207,-0.857817
4.47887,-1.01013,-0.858201
4.47259,-1.03759,-0.858201
4.46709,-1.06524,-0.858392
4.45952,-1.0924,-0.858201
4.45368,-1.11998,-0.858392
4.44103,-1.14582,-0.857241
4.43296,-1.17279,-0.85705
4.42379,-1.19946,-0.856666
4.41824,-1.2271,-0.85705
4.40024,-1.25124,-0.854939
4.38965,-1.27739,-0.854364
4.38549,-1.30542,-0.855131
4.36801,-1.32945,-0.853213
4.36446,-1.35769,-0.854172
4.34295,-1.38028,-0.851486
4.33347,-1.4066,-0.851294
4.32848,-1.4344,-0.852062
4.32704,-1.46344,-0.853597
4.3189,-1.49029,-0.853788
4.3069,-1.51578,-0.853213
4.32523,-1.55212,-0.858968
4.29351,-1.57054,-0.854364
4.28471,-1.5972,-0.854556
4.2785,-1.62485,-0.855323
4.26112,-1.64824,-0.853788
4.24819,-1.67328,-0.853213
4.226,-1.69457,-0.850719
4.22643,-1.72491,-0.853021
4.20579,-1.74668,-0.850911
4.18595,-1.76863,-0.848992
4.18765,-1.79971,-0.851678
4.18102,-1.82733,-0.852637
3.06199,-1.36102,-0.615719
3.05537,-1.38059,-0.616103
3.04595,-1.39891,-0.615911
4.1029,-1.91446,-0.845731
4.1168,-1.95178,-0.851294
4.10651,-1.97786,-0.851678
4.104,-2.00776,-0.853788
4.08193,-2.0281,-0.851678
4.06853,-2.05267,-0.851486
4.06547,-2.08251,-0.853597
4.05,-2.10606,-0.853021
4.04308,-2.13408,-0.854364
4.03856,-2.16348,-0.856282
4.03211,-2.19196,-0.857817
4.01171,-2.21287,-0.856282
3.98949,-2.23266,-0.854364
3.96291,-2.24983,-0.851486
3.96519,-2.2834,-0.855131
3.97908,-2.32402,-0.861462
3.92843,-2.32689,-0.853213
3.93932,-2.36611,-0.858968
3.87694,-2.36115,-0.848033
3.90581,-2.41169,-0.858009
3.88845,-2.43405,-0.857433
3.85603,-2.44683,-0.853405
3.84673,-2.47415,-0.854748
3.82325,-2.49235,-0.852829
3.79969,-2.51036,-0.850911
3.78667,-2.53526,-0.851486
3.76048,-2.55129,-0.848992
3.74314,-2.5732,-0.848609
3.72325,-2.59332,-0.84765
3.69203,-2.60537,-0.844005
3.69993,-2.64509,-0.84976
3.65739,-2.64875,-0.843429
3.64345,-2.67288,-0.844005
3.62619,-2.6946,-0.843813
3.62684,-2.72978,-0.848033
3.59051,-2.73712,-0.843237
3.55811,-2.7471,-0.839401
3.53964,-2.76768,-0.839017
3.52259,-2.78934,-0.839017
3.50311,-2.80906,-0.838441
3.4759,-2.82246,-0.835948
3.47899,-2.86056,-0.841127
3.45986,-2.8806,-0.840743
3.41736,-2.88091,-0.834413
3.41529,-2.9152,-0.838441
3.39066,-2.93033,-0.836715
3.3704,-2.94914,-0.836139
3.34195,-2.96065,-0.833454
3.32811,-2.98503,-0.834605
3.2981,-2.99484,-0.831535
3.29484,-3.02897,-0.835564
3.25248,-3.02707,-0.829233
3.25742,-3.06917,-0.835564
3.22574,-3.07691,-0.832111
3.20256,-3.09256,-0.83096
3.18563,-3.11421,-0.831535
3.14763,-3.11506,-0.826356
3.13053,-3.1364,-0.826931
3.10296,-3.14717,-0.824629
3.07948,-3.16193,-0.823478
3.07772,-3.19915,-0.828466
3.07494,-3.23575,-0.833262
3.04091,-3.23954,-0.829233
3.03099,-3.26893,-0.832111
3.01154,-3.28819,-0.832303
2.96628,-3.27895,-0.825013
2.94676,-3.29783,-0.825205
2.92452,-3.31364,-0.824629
2.928,-3.35889,-0.831727
2.9067,-3.37605,-0.831535
2.87066,-3.37588,-0.826931
2.85621,-3.40094,-0.82885
2.82275,-3.4033,-0.825013
2.79373,-3.41069,-0.822519
2.76472,-3.41785,-0.820025
2.74002,-3.43015,-0.818874
2.71528,-3.44227,-0.817723
2.70315,-3.47048,-0.820601
2.67044,-3.47222,-0.816956
2.65324,-3.49401,-0.818299
2.62821,-3.50552,-0.817148
2.61016,-3.52631,-0.818299
2.57978,-3.53037,-0.815421
2.55865,-3.54693,-0.815613
2.52943,-3.55217,-0.813119
2.51154,-3.57325,-0.814462
2.48901,-3.58778,-0.81427
2.46639,-3.60218,-0.814078
2.44589,-3.61968,-0.814654
2.42309,-3.63381,-0.814462
2.39967,-3.64697,-0.814078
2.37778,-3.66245,-0.81427
2.35368,-3.67449,-0.813694
2.32951,-3.68637,-0.813119
2.29854,-3.68727,-0.81005
2.2733,-3.69713,-0.80909
2.24854,-3.70765,-0.808323
2.23633,-3.73906,-0.812352
2.20437,-3.7375,-0.808899
2.18781,-3.76198,-0.811392
2.16078,-3.76853,-0.809858
2.13471,-3.77659,-0.808707
2.11294,-3.79219,-0.809282
2.08348,-3.7939,-0.806788
2.05736,-3.80143,-0.805637
2.03538,-3.81658,-0.806213
2.01604,-3.83682,-0.807939
1.98704,-3.83866,-0.805637
1.96033,-3.84466,-0.804294
1.94111,-3.86538,-0.806213
1.91213,-3.86667,-0.803911
1.88536,-3.87215,-0.802568
1.86453,-3.88984,-0.803911
1.8377,-3.89499,-0.802568
1.81542,-3.90976,-0.803335
1.79996,-3.93957,-0.807364
1.77576,-3.95054,-0.807364
1.74315,-3.94251,-0.803335
1.71383,-3.94143,-0.800841
1.71085,-4.0015,-0.811392
1.68322,-4.00469,-0.809858
1.65412,-4.00406,-0.807556
1.62952,-4.01413,-0.807556
1.59867,-4.00856,-0.804294
1.56724,-4.00093,-0.80065
1.53913,-4.00131,-0.798731
1.51594,-4.01435,-0.799499
1.48582,-4.00886,-0.796429
1.46052,-4.01605,-0.796045
1.43552,-4.02402,-0.795854
1.40983,-4.02997,-0.795278
1.38508,-4.03854,-0.795278
1.36246,-4.05348,-0.796621
1.33879,-4.06549,-0.797388
1.31744,-4.08484,-0.79969
1.30063,-4.11904,-0.805062
1.27099,-4.11288,-0.802184
0,0,0
1.21346,-4.10464,-0.797388
1.18688,-4.1073,-0.796429
1.16139,-4.11356,-0.796237
0,0,0
1.10751,-4.11518,-0.793743
1.07849,-4.10766,-0.790866
1.05108,-4.10565,-0.789139
1.02301,-4.10059,-0.786837
0.995743,-4.09821,-0.785111
0,0,0
0,0,0
0.924213,-4.13404,-0.788756
0,0,0
0,0,0
0,0,0
0,0,0
0,0,0
0,0,0
0,0,0
0,0,0
0,0,0
0,0,0
0,0,0
0,0,0
0,0,0
0,0,0
0,0,0
0,0,0
0,0,0
0,0,0
0,0,0
0,0,0
0,0,0
0,0,0
0,0,0
0,0,0
0,0,0
0,0,0
0,0,0
0,0,0
0,0,0
0,0,0
0,0,0
0,0,0
0,0,0
0,0,0
0,0,0
0,0,0
0,0,0
0,0,0
0,0,0
0,0,0
0,0,0
0,0,0
0,0,0
0,0,0
0,0,0
0,0,0
0,0,0
0,0,0
0,0,0
0,0,0
0,0,0
0,0,0
0,0,0
0,0,0
0,0,0
0,0,0
0,0,0
0,0,0
0,0,0
0,0,0
0,0,0
0,0,0
0,0,0
0,0,0
0,0,0
0,0,0
0,0,0
0,0,0
0,0,0
0,0,0
0,0,0
0,0,0
0,0,0
0,0,0
0,0,0
0,0,0
0,0,0
0,0,0
0,0,0
0,0,0
0,0,0
0,0,0
0,0,0
0,0,0
0,0,0
0,0,0
0,0,0
0,0,0
0,0,0
0,0,0
0,0,0
0,0,0
0,0,0
0,0,0
0,0,0
0,0,0
0,0,0
0,0,0
0,0,0
0,0,0
0,0,0
0,0,0
0,0,0
0,0,0
0,0,0
0,0,0
0,0,0
0,0,0
0,0,0
0,0,0
0,0,0
0,0,0
0,0,0
0,0,0
0,0,0
0,0,0
0,0,0
0,0,0
0,0,0
0,0,0
0,0,0
0,0,0
0,0,0
0,0,0
0,0,0
0,0,0
0,0,0
0,0,0
0,0,0
0,0,0
0,0,0
0,0,0
0,0,0
0,0,0
0,0,0
0,0,0
0,0,0
0,0,0
0,0,0
0,0,0
0,0,0
0,0,0
0,0,0
0,0,0
0,0,0
0,0,0
0,0,0
0,0,0
0,0,0
0,0,0
0,0,0
0,0,0
0,0,0
0,0,0
0,0,0
0,0,0
0,0,0
0,0,0
0,0,0
0,0,0
0,0,0
0,0,0
0,0,0
0,0,0
0,0,0
0,0,0
0,0,0
0,0,0
0,0,0
0,0,0
0,0,0
0,0,0
0,0,0
0,0,0
0,0,0
0,0,0
0,0,0
0,0,0
0,0,0
0,0,0
0,0,0
0,0,0
0,0,0
0,0,0
0,0,0
0,0,0
0,0,0
0,0,0
0,0,0
0,0,0
0,0,0
0,0,0
0,0,0
0,0,0
0,0,0
0,0,0
0,0,0
0,0,0
0,0,0
0,0,0
0,0,0
0,0,0
0,0,0
0,0,0
0,0,0
0,0,0
0,0,0
0,0,0
0,0,0
0,0,0
0,0,0
0,0,0
0,0,0
0,0,0
0,0,0
0,0,0
0,0,0
0,0,0
0,0,0
0,0,0
0,0,0
0,0,0
0,0,0
0,0,0
0,0,0
0,0,0
0,0,0
0,0,0
0,0,0
0,0,0
0,0,0
0,0,0
0,0,0
0,0,0
0,0,0
0,0,0
0,0,0
0,0,0
0,0,0
0,0,0
0,0,0
0,0,0
0,0,0
0,0,0
0,0,0
0,0,0
0,0,0
0,0,0
0,0,0
0,0,0
0,0,0
0,0,0
0,0,0
0,0,0
0,0,0
0,0,0
0,0,0
0,0,0
0,0,0
0,0,0
0,0,0
0,0,0
0,0,0
0,0,0
0,0,0
0,0,0
0,0,0
0,0,0
0,0,0
0,0,0
0,0,0
0,0,0
0,0,0
0,0,0
0,0,0
0,0,0
0,0,0
0,0,0
0,0,0
0,0,0
0,0,0
0,0,0
0,0,0
0,0,0
0,0,0
0,0,0
0,0,0
0,0,0
0,0,0
0,0,0
0,0,0
0,0,0
0,0,0
0,0,0
0,0,0
0,0,0
0,0,0
0,0,0
0,0,0
0,0,0
0,0,0
0,0,0
0,0,0
0,0,0
0,0,0
0,0,0
0,0,0
0,0,0
0,0,0
0,0,0
0,0,0
0,0,0
0,0,0
0,0,0
0,0,0
0,0,0
0,0,0
0,0,0
0,0,0
0,0,0
0,0,0
0,0,0
0,0,0
0,0,0
0,0,0
0,0,0
0,0,0
0,0,0
0,0,0
0,0,0
0,0,0
0,0,0
0,0,0
0,0,0
0,0,0
0,0,0
0,0,0
0,0,0
0,0,0
0,0,0
0,0,0
0,0,0
0,0,0
0,0,0
0,0,0
0,0,0
0,0,0
0,0,0
0,0,0
0,0,0
0,0,0
0,0,0
0,0,0
0,0,0
0,0,0
0,0,0
0,0,0
0,0,0
0,0,0
0,0,0
0,0,0
0,0,0
0,0,0
0,0,0
0,0,0
0,0,0
0,0,0
0,0,0
0,0,0
0,0,0
0,0,0
0,0,0
0,0,0
0,0,0
0,0,0
0,0,0
0,0,0
0,0,0
0,0,0
0,0,0
0,0,0
0,0,0
0,0,0
0,0,0
0,0,0
0,0,0
0,0,0
0,0,0
0,0,0
0,0,0
0,0,0
0,0,0
0,0,0
0,0,0
0,0,0
0,0,0
0,0,0
0,0,0
0,0,0
0,0,0
0,0,0
0,0,0
0,0,0
0,0,0
0,0,0
0,0,0
0,0,0
0,0,0
0,0,0
0,0,0
0,0,0
0,0,0
0,0,0
0,0,0
0,0,0
0,0,0
0,0,0
0,0,0
0,0,0
0,0,0
0,0,0
0,0,0
0,0,0
0,0,0
0,0,0
0,0,0
0,0,0
0,0,0
0,0,0
0,0,0
0,0,0
0,0,0
0,0,0
0,0,0
0,0,0
0,0,0
0,0,0
0,0,0
0,0,0
0,0,0
0,0,0
0,0,0
0,0,0
0,0,0
0,0,0
0,0,0
0,0,0
0,0,0
0,0,0
0,0,0
0,0,0
0,0,0
0,0,0
0,0,0
0,0,0
0,0,0
0,0,0
0,0,0
0,0,0
0,0,0
0,0,0
0,0,0
0,0,0
0,0,0
0,0,0
0,0,0
0,0,0
0,0,0
0,0,0
0,0,0
0,0,0
0,0,0
0,0,0
0,0,0
0,0,0
0,0,0
0,0,0
0,0,0
0,0,0
0,0,0
0,0,0
0,0,0
0,0,0
0,0,0
0,0,0
0,0,0
0,0,0
0,0,0
0,0,0
0,0,0
0,0,0
0,0,0
0,0,0
0,0,0
0,0,0
0,0,0
0,0,0
0,0,0
0,0,0
0,0,0
0,0,0
0,0,0
0,0,0
0,0,0
0,0,0
0,0,0
0,0,0
0,0,0
0,0,0
0,0,0
0,0,0
0,0,0
0,0,0
0,0,0
0,0,0
0,0,0
0,0,0
0,0,0
0,0,0
0,0,0
0,0,0
0,0,0
0,0,0
0,0,0
0,0,0
0,0,0
0,0,0
0,0,0
0,0,0
0,0,0
0,0,0
0,0,0
0,0,0
0,0,0
0,0,0
0,0,0
0,0,0
0,0,0
0,0,0
0,0,0
0,0,0
0,0,0
0,0,0
0,0,0
0,0,0
0,0,0
0,0,0
0,0,0
0,0,0
0,0,0
0,0,0
0,0,0
0,0,0
0,0,0
0,0,0
0,0,0
0,0,0
0,0,0
0,0,0
0,0,0
0,0,0
0,0,0
0,0,0
0,0,0
0,0,0
0,0,0
0,0,0
0,0,0
0,0,0
0,0,0
0,0,0
0,0,0
0,0,0
0,0,0
0,0,0
0,0,0
0,0,0
0,0,0
0,0,0
0,0,0
0,0,0
0,0,0
0,0,0
0,0,0
0,0,0
1.56802,4.54527,-0.957137
1.59685,4.53833,-0.957746
1.6293,4.54135,-0.960587
1.67362,4.57633,-0.970532
1.69448,4.54671,-0.96627
1.72548,4.54446,-0.968097
1.75192,4.53014,-0.967285
1.78112,4.52295,-0.968097
1.80811,4.51011,-0.967691
1.82206,4.46539,-0.960181
1.85543,4.4686,-0.963428
1.87481,4.43819,-0.959166
1.91399,4.45449,-0.965458
1.92953,4.41574,-0.959369
1.95778,4.4065,-0.959978
1.98115,4.38638,-0.958152
1.99618,4.34833,-0.952266
2.01992,4.32979,-0.950845
2.06029,4.34651,-0.957543
2.08565,4.33114,-0.956934
2.11348,4.3209,-0.957543
2.1247,4.27716,-0.950439
2.15311,4.26842,-0.951454
2.18328,4.26297,-0.953281
2.19403,4.21995,-0.94638
2.2272,4.22027,-0.949627
2.25768,4.21515,-0.951657
2.27695,4.18918,-0.948816
2.28937,4.15112,-0.943133
2.32723,4.15921,-0.94841
2.34739,4.13549,-0.946177
2.37663,4.12779,-0.947801
2.39697,4.10468,-0.945771
2.44357,4.12612,-0.954498
2.46027,4.09678,-0.951048
2.4767,4.06739,-0.947598
2.49596,4.04295,-0.945365
2.49422,3.98523,-0.935014
2.54433,4.01036,-0.944959
2.55777,3.97738,-0.940697
2.58801,3.97064,-0.94293
2.61286,3.9555,-0.943133
2.63054,3.92963,-0.940697
2.64471,3.89883,-0.937044
2.67358,3.88979,-0.938871
2.69236,3.86608,-0.937044
2.71433,3.84709,-0.936435
2.73276,3.82319,-0.934608
2.77053,3.82618,-0.939682
2.76673,3.772,-0.930143
2.77522,3.7353,-0.925069
2.85226,3.79018,-0.943742
2.85409,3.74457,-0.936435
2.86266,3.70839,-0.931564
2.89199,3.69924,-0.933797
2.91099,3.67682,-0.932579
2.93839,3.665,-0.934202
2.95589,3.64082,-0.932579
2.97693,3.6211,-0.932173
2.99471,3.5975,-0.930752
3.00473,3.56483,-0.926896
3.03799,3.55973,-0.930549
3.05914,3.54029,-0.930346
3.0808,3.52145,-0.930346
3.09845,3.49808,-0.929129
3.09698,3.45349,-0.922025
3.12864,3.44602,-0.925272
3.13448,3.41018,-0.920604
3.14134,3.37583,-0.916342
3.16804,3.36291,-0.918169
3.22443,3.38096,-0.928926
3.18866,3.30264,-0.91208
3.22393,3.29842,-0.916545
3.24755,3.28206,-0.91756
3.2697,3.26414,-0.918169
3.29246,3.24677,-0.918981
3.28637,3.20123,-0.911471
3.31653,3.19119,-0.914516
3.33605,3.17078,-0.914516
3.37686,3.17035,-0.920604
3.38261,3.13692,-0.916748
3.40612,3.12008,-0.917966
3.38309,3.06102,-0.906194
3.43831,3.07282,-0.916342
3.4571,3.05167,-0.916342
3.47872,3.03297,-0.917154
3.49726,3.01157,-0.917154
3.51567,2.99006,-0.917154
3.52346,2.95961,-0.914313
3.54984,2.94481,-0.916545
3.55193,2.90995,-0.912283
3.56896,2.88748,-0.91208
3.5759,2.85697,-0.909239
3.60643,2.84529,-0.912689
3.62305,2.8225,-0.912486
3.61313,2.77932,-0.905382
3.63792,2.76302,-0.907412
3.64854,2.73595,-0.905788
3.68021,2.72458,-0.909645
3.67314,2.68462,-0.903556
3.69192,2.66375,-0.904165
3.71299,2.64445,-0.905382
3.72914,2.62162,-0.905382
3.73068,2.58864,-0.901729
3.7069,2.5386,-0.891784
3.75486,2.53773,-0.899903
3.75651,2.50541,-0.896452
3.79799,2.49954,-0.902947
3.80833,2.47299,-0.901729
3.8259,2.45116,-0.902338
3.83673,2.42502,-0.901323
3.84157,2.39522,-0.898888
3.8612,2.37468,-0.900106
3.86983,2.34739,-0.898685
2.78835,1.66819,-0.634027
2.81203,1.65901,-0.637275
2.80861,1.63384,-0.634027
3.91693,2.24635,-0.896452
3.88887,2.19867,-0.886507
3.9365,2.19383,-0.894626
3.92586,2.15643,-0.888943
3.96313,2.14535,-0.894626
3.97708,2.12146,-0.894829
3.98742,2.09565,-0.89422
4.00369,2.07294,-0.895032
4.01371,2.047,-0.894423
4.01657,2.0175,-0.89219
4.05609,2.00628,-0.898482
4.04895,1.97192,-0.894017
4.06804,1.95042,-0.89564
4.06576,1.91874,-0.892393
4.03039,1.8719,-0.881636
4.03467,1.84388,-0.880013
4.07538,1.83234,-0.88671
4.05968,1.79542,-0.880622
4.06254,1.76696,-0.878795
4.07871,1.74431,-0.880013
4.08121,1.71584,-0.878186
4.10433,1.696,-0.881027
4.14006,1.68109,-0.88671
4.15303,1.65675,-0.887319
4.16676,1.63266,-0.888131
4.18584,1.61058,-0.890161
4.17366,1.57656,-0.88529
4.18876,1.55297,-0.886507
4.21018,1.53159,-0.889146
4.20382,1.50013,-0.885696
4.22588,1.47884,-0.888537
4.22376,1.44907,-0.886101
4.22236,1.41969,-0.883869
4.21984,1.39008,-0.881433
4.22735,1.36386,-0.88123
4.23004,1.33613,-0.880013
4.21009,1.30147,-0.873924
4.26674,1.29035,-0.884478
4.28021,1.26581,-0.885696
4.24462,1.22702,-0.876359
4.26903,1.20574,-0.880013
4.25275,1.17302,-0.874939
4.24663,1.14334,-0.872097
4.28482,1.12547,-0.878795
4.28975,1.09867,-0.878389
4.30116,1.07351,-0.879404
4.30957,1.04756,-0.87981
4.31973,1.022,-0.880622
4.30779,0.991307,-0.876765
4.29754,0.961224,-0.873315
4.3158,0.937538,-0.875953
4.30422,0.907405,-0.8723
4.34137,0.887446,-0.878998
4.31984,0.855468,-0.873315
4.33943,0.831709,-0.876359
4.31268,0.799182,-0.869662
4.31268,0.771843,-0.868647
4.33471,0.748364,-0.8723
4.34984,0.723519,-0.874533
4.35227,0.696506,-0.874127
4.36033,0.670382,-0.874939
4.36242,0.64333,-0.874533
4.34302,0.613266,-0.869662
4.36126,0.58857,-0.872706
4.35896,0.561049,-0.871488
4.37398,0.53572,-0.873924
4.3626,0.507177,-0.87088
4.37147,0.481041,-0.872097
4.35681,0.45239,-0.868444
4.36145,0.425839,-0.86885
4.3669,0.399337,-0.869459
4.3722,0.372784,-0.870068
4.3666,0.345333,-0.868444
4.38719,0.319884,-0.8723
4.38027,0.292373,-0.870474
4.33996,0.262948,-0.861746
4.37962,0.238386,-0.869662
4.3722,0.211084,-0.867835
4.34308,0.182978,-0.861543
4.3911,0.158012,-0.871285
4.38807,0.130949,-0.870474
4.38879,0.104022,-0.870474
4.38249,0.0769712,-0.869053
4.33588,0.0495466,-0.859311
4.37625,0.0231498,-0.867632
4.36064,-0.00368806,-0.864385
4.37131,-0.0305206,-0.866617
4.36125,-0.0572125,-0.864588
4.34417,-0.0836496,-0.861138
4.37001,-0.110977,-0.866617
4.32227,-0.136303,-0.856875
4.37125,-0.164706,-0.867226
4.38875,-0.192341,-0.871082
4.38553,-0.219168,-0.870677
4.38801,-0.246293,-0.871488
4.37176,-0.272298,-0.868444
4.37196,-0.299252,-0.86885
4.36516,-0.325707,-0.867835
4.35429,-0.351775,-0.866009
4.35108,-0.3784,-0.865806
4.33795,-0.404091,-0.863573
4.32564,-0.429732,-0.861543
4.32585,-0.456574,-0.862152
4.3288,-0.483761,-0.86337
4.32089,-0.509739,-0.862355
4.30602,-0.534793,-0.85992
4.30945,-0.562091,-0.861341
4.27876,-0.584807,-0.855658
4.29739,-0.614239,-0.860326
4.26351,-0.636114,-0.854034
4.27598,-0.664821,-0.857484
4.21382,-0.681658,-0.845307
4.28681,-0.720492,-0.861543
4.27749,-0.74594,-0.860529
4.27765,-0.773043,-0.861543
4.25454,-0.795853,-0.857687
4.26111,-0.824176,-0.860123
4.26077,-0.851266,-0.861138
4.25835,-0.877987,-0.861746
4.25671,-0.904914,-0.862558
4.24343,-0.929339,-0.860935
4.24242,-0.956436,-0.861949
4.22502,-0.979793,-0.859514
4.21798,-1.00547,-0.859311
4.20603,-1.02994,-0.858093
4.19963,-1.05572,-0.858093
4.17885,-1.0778,-0.855049
4.17405,-1.10392,-0.855455
4.16531,-1.129,-0.855049
4.1583,-1.15454,-0.855049
4.12383,-1.17227,-0.849163
4.10621,-1.19454,-0.846931
4.09411,-1.21831,-0.845916
4.10342,-1.24854,-0.849569
4.10784,-1.27748,-0.852207
4.05606,-1.28872,-0.842668
4.08626,-1.32598,-0.85099
4.06876,-1.34795,-0.84896
4.06319,-1.37383,-0.849569
4.06857,-1.40352,-0.852613
4.05988,-1.42846,-0.852613
4.05012,-1.45302,-0.85241
4.04848,-1.48053,-0.854034
4.03107,-1.50227,-0.852207
4.03093,-1.53045,-0.854237
4.01689,-1.55339,-0.853222
4.00455,-1.57693,-0.852613
3.99117,-1.60001,-0.851801
3.98399,-1.62558,-0.85241
3.98208,-1.65338,-0.854237
3.98359,-1.68273,-0.856875
3.96869,-1.70521,-0.855861
3.92047,-1.71306,-0.847336
3.05355,-1.35653,-0.653105
3.03178,-1.3692,-0.650061
3.034,-1.39268,-0.652497
3.96687,-1.85058,-0.867835
3.89793,-1.84761,-0.854643
3.85652,-1.85705,-0.847742
3.83362,-1.87508,-0.845104
3.84221,-1.90859,-0.849772
3.82956,-1.93169,-0.849569
3.80456,-1.94846,-0.846525
3.81338,-1.98261,-0.851396
3.79595,-2.00322,-0.850178
3.79308,-2.03156,-0.85241
3.7599,-2.04358,-0.847539
3.74557,-2.06566,-0.847133
3.73283,-2.08861,-0.847133
3.74208,-2.12404,-0.85241
3.68485,-2.12155,-0.841857
3.6743,-2.1456,-0.842465
3.70572,-2.19456,-0.853222
3.64014,-2.18599,-0.840639
3.66262,-2.23019,-0.849366
3.6647,-2.26239,-0.853222
3.64577,-2.28172,-0.852004
3.6069,-2.28831,-0.845916
3.58537,-2.30563,-0.844089
3.56214,-2.3217,-0.841857
3.56825,-2.35701,-0.846931
3.55128,-2.37723,-0.846322
3.53987,-2.40117,-0.847133
3.50409,-2.40842,-0.841857
3.50049,-2.43771,-0.844698
3.50707,-2.47439,-0.850178
3.47031,-2.48049,-0.844698
3.47168,-2.51379,-0.84896
3.45067,-2.53099,-0.847539
3.42957,-2.54803,-0.846119
3.41465,-2.56962,-0.846322
3.38558,-2.58043,-0.842871
3.34954,-2.58559,-0.837594
3.33052,-2.60368,-0.836783
3.33828,-2.64292,-0.843074
3.3136,-2.65661,-0.840842
3.33372,-2.70652,-0.850584
3.29814,-2.71138,-0.84551
3.24307,-2.69961,-0.835159
3.23318,-2.72514,-0.836986
3.19778,-2.72903,-0.831912
3.21505,-2.77806,-0.841248
3.15373,-2.75904,-0.82907
3.14041,-2.78159,-0.830085
3.14369,-2.81911,-0.835768
3.12271,-2.83506,-0.834753
3.11246,-2.86079,-0.836783
3.07622,-2.86249,-0.831506
3.05218,-2.87527,-0.829679
3.04227,-2.90138,-0.831912
2.98779,-2.88462,-0.821358
2.99314,-2.92548,-0.828055
2.96191,-2.93071,-0.824199
2.95839,-2.96338,-0.828461
2.94153,-2.98287,-0.828867
2.92454,-3.00227,-0.829273
2.89995,-3.0138,-0.827447
2.8841,-3.03438,-0.828258
2.86275,-3.04916,-0.827447
2.84266,-3.06524,-0.827041
2.8066,-3.06385,-0.821764
2.81862,-3.11514,-0.831303
2.77075,-3.10025,-0.822373
2.75362,-3.11939,-0.822981
2.70483,-3.10228,-0.813645
2.71385,-3.15146,-0.822576
2.70144,-3.17626,-0.824808
2.68001,-3.19053,-0.824199
2.64851,-3.19259,-0.820343
2.6388,-3.2209,-0.82359
2.6159,-3.23323,-0.822576
2.59479,-3.24769,-0.82217
2.57724,-3.26662,-0.822981
2.55896,-3.28469,-0.82359
2.5304,-3.28947,-0.820749
2.51609,-3.31273,-0.822778
2.48514,-3.314,-0.819125
2.46709,-3.33234,-0.819937
2.44024,-3.33872,-0.817704
2.41398,-3.34569,-0.815675
2.39341,-3.36043,-0.815675
2.36993,-3.37105,-0.81466
2.35422,-3.39277,-0.816487
2.33447,-3.40877,-0.816893
2.31734,-3.42871,-0.818313
2.29192,-3.43634,-0.81669
2.27509,-3.45689,-0.818313
2.25491,-3.47242,-0.818719
2.22247,-3.46888,-0.814457
2.19486,-3.47252,-0.812022
2.17196,-3.48343,-0.811413
2.15516,-3.50419,-0.813239
2.1387,-3.52572,-0.815269
2.11903,-3.54214,-0.816081
2.0888,-3.54074,-0.812631
2.07442,-3.56619,-0.815675
2.04812,-3.5712,-0.813848
2.02472,-3.58114,-0.813239
1.99794,-3.58495,-0.81121
1.97874,-3.60229,-0.812428
1.95566,-3.61264,-0.812022
1.92655,-3.61161,-0.808977
1.90982,-3.63377,-0.811413
1.88073,-3.63237,-0.808368
1.85708,-3.64123,-0.80776
1.83865,-3.66043,-0.809586
1.81225,-3.66374,-0.80776
1.78845,-3.67215,-0.807151
1.76631,-3.68394,-0.807354
1.74158,-3.69028,-0.806339
1.72179,-3.70711,-0.80776
1.69413,-3.70692,-0.805324
1.67055,-3.71546,-0.804918
1.64733,-3.72474,-0.804715
1.6096,-3.70066,-0.797003
1.60226,-3.74648,-0.805121
1.56065,-3.71201,-0.795176
1.55654,-3.76677,-0.805324
1.52898,-3.76536,-0.802889
1.49751,-3.75375,-0.798221
1.4823,-3.78293,-0.802686
1.46082,-3.79652,-0.8037
1.43646,-3.80266,-0.803092
1.41344,-3.81232,-0.803294
1.38601,-3.80988,-0.800859
1.36326,-3.82016,-0.801265
1.3385,-3.82475,-0.800453
1.31914,-3.84494,-0.803092
1.29303,-3.84553,-0.801468
1.27308,-3.86456,-0.803903
1.24784,-3.86763,-0.802889
1.22232,-3.86962,-0.801671
1.19335,-3.8602,-0.798018
1.17162,-3.87401,-0.799438
1.14589,-3.87456,-0.798018
1.12372,-3.88716,-0.799235
1.09985,-3.89398,-0.799235
1.0762,-3.9016,-0.799438
1.04969,-3.89867,-0.797409
1.03122,-3.92588,-0.801874
0,0,0
0.978463,-3.92019,-0.798018
0,0,0
0.927353,-3.91951,-0.795379
0.907237,-3.9423,-0.799032
0.883671,-3.95066,-0.799641
0,0,0
0,0,0
0,0,0
0,0,0
0,0,0
0,0,0
0,0,0
0,0,0
0,0,0
0,0,0
0,0,0
0,0,0
0,0,0
0,0,0
0,0,0
0,0,0
0,0,0
0,0,0
0,0,0
0,0,0
0,0,0
0,0,0
0,0,0
0,0,0
0,0,0
0,0,0
0,0,0
0,0,0
0,0,0
0,0,0
0,0,0
0,0,0
0,0,0
0,0,0
0,0,0
0,0,0
0,0,0
0,0,0
0,0,0
0,0,0
0,0,0
0,0,0
0,0,0
0,0,0
0,0,0
0,0,0
0,0,0
0,0,0
0,0,0
0,0,0
0,0,0
0,0,0
0,0,0
0,0,0
0,0,0
0,0,0
0,0,0
0,0,0
0,0,0
0,0,0
0,0,0
0,0,0
0,0,0
0,0,0
0,0,0
0,0,0
0,0,0
0,0,0
0,0,0
0,0,0
0,0,0
0,0,0
0,0,0
0,0,0
0,0,0
0,0,0
0,0,0
0,0,0
0,0,0
0,0,0
0,0,0
0,0,0
0,0,0
0,0,0
0,0,0
0,0,0
0,0,0
0,0,0
0,0,0
0,0,0
0,0,0
0,0,0
0,0,0
0,0,0
0,0,0
0,0,0
0,0,0
0,0,0
0,0,0
0,0,0
0,0,0
0,0,0
0,0,0
0,0,0
0,0,0
0,0,0
0,0,0
0,0,0
0,0,0
0,0,0
0,0,0
0,0,0
0,0,0
0,0,0
0,0,0
0,0,0
0,0,0
0,0,0
0,0,0
0,0,0
0,0,0
0,0,0
0,0,0
0,0,0
0,0,0
0,0,0
0,0,0
0,0,0
0,0,0
0,0,0
0,0,0
0,0,0
0,0,0
0,0,0
0,0,0
0,0,0
0,0,0
0,0,0
0,0,0
0,0,0
0,0,0
0,0,0
0,0,0
0,0,0
0,0,0
0,0,0
0,0,0
0,0,0
0,0,0
0,0,0
0,0,0
0,0,0
0,0,0
0,0,0
0,0,0
0,0,0
0,0,0
0,0,0
0,0,0
0,0,0
0,0,0
0,0,0
0,0,0
0,0,0
0,0,0
0,0,0
0,0,0
0,0,0
0,0,0
0,0,0
0,0,0
0,0,0
0,0,0
0,0,0
0,0,0
0,0,0
0,0,0
0,0,0
0,0,0
0,0,0
0,0,0
0,0,0
0,0,0
0,0,0
0,0,0
0,0,0
0,0,0
0,0,0
0,0,0
0,0,0
0,0,0
0,0,0
0,0,0
0,0,0
0,0,0
0,0,0
0,0,0
0,0,0
0,0,0
0,0,0
0,0,0
0,0,0
0,0,0
0,0,0
0,0,0
0,0,0
0,0,0
0,0,0
0,0,0
0,0,0
0,0,0
0,0,0
0,0,0
0,0,0
0,0,0
0,0,0
0,0,0
0,0,0
0,0,0
0,0,0
0,0,0
0,0,0
0,0,0
0,0,0
0,0,0
0,0,0
0,0,0
0,0,0
0,0,0
0,0,0
0,0,0
0,0,0
0,0,0
0,0,0
0,0,0
0,0,0
0,0,0
0,0,0
0,0,0
0,0,0
0,0,0
0,0,0
0,0,0
0,0,0
0,0,0
0,0,0
0,0,0
0,0,0
0,0,0
0,0,0
0,0,0
0,0,0
0,0,0
0,0,0
0,0,0
0,0,0
0,0,0
0,0,0
0,0,0
0,0,0
0,0,0
0,0,0
0,0,0
0,0,0
0,0,0
0,0,0
0,0,0
0,0,0
0,0,0
0,0,0
0,0,0
0,0,0
0,0,0
0,0,0
0,0,0
0,0,0
0,0,0
0,0,0
0,0,0
0,0,0
0,0,0
0,0,0
0,0,0
0,0,0
0,0,0
0,0,0
0,0,0
0,0,0
0,0,0
0,0,0
0,0,0
0,0,0
0,0,0
0,0,0
0,0,0
0,0,0
0,0,0
0,0,0
0,0,0
0,0,0
0,0,0
0,0,0
0,0,0
0,0,0
0,0,0
0,0,0
0,0,0
0,0,0
0,0,0
0,0,0
0,0,0
0,0,0
0,0,0
0,0,0
0,0,0
0,0,0
0,0,0
0,0,0
0,0,0
0,0,0
0,0,0
0,0,0
0,0,0
0,0,0
0,0,0
0,0,0
0,0,0
0,0,0
0,0,0
0,0,0
0,0,0
0,0,0
0,0,0
0,0,0
0,0,0
0,0,0
0,0,0
0,0,0
0,0,0
0,0,0
0,0,0
0,0,0
0,0,0
0,0,0
0,0,0
0,0,0
0,0,0
0,0,0
0,0,0
0,0,0
0,0,0
0,0,0
0,0,0
0,0,0
0,0,0
0,0,0
0,0,0
0,0,0
0,0,0
0,0,0
0,0,0
0,0,0
0,0,0
0,0,0
0,0,0
0,0,0
0,0,0
0,0,0
0,0,0
0,0,0
0,0,0
0,0,0
0,0,0
0,0,0
0,0,0
0,0,0
0,0,0
0,0,0
0,0,0
0,0,0
0,0,0
0,0,0
0,0,0
0,0,0
0,0,0
0,0,0
0,0,0
0,0,0
0,0,0
0,0,0
0,0,0
0,0,0
0,0,0
0,0,0
0,0,0
0,0,0
0,0,0
0,0,0
0,0,0
0,0,0
0,0,0
0,0,0
0,0,0
0,0,0
0,0,0
0,0,0
0,0,0
0,0,0
0,0,0
0,0,0
0,0,0
0,0,0
0,0,0
0,0,0
0,0,0
0,0,0
0,0,0
0,0,0
0,0,0
0,0,0
0,0,0
0,0,0
0,0,0
0,0,0
0,0,0
0,0,0
0,0,0
0,0,0
0,0,0
0,0,0
0,0,0
0,0,0
0,0,0
0,0,0
0,0,0
0,0,0
0,0,0
0,0,0
0,0,0
0,0,0
0,0,0
0,0,0
0,0,0
0,0,0
0,0,0
0,0,0
0,0,0
0,0,0
0,0,0
0,0,0
0,0,0
0,0,0
0,0,0
0,0,0
0,0,0
0,0,0
0,0,0
0,0,0
0,0,0
0,0,0
0,0,0
0,0,0
0,0,0
0,0,0
0,0,0
0,0,0
0,0,0
0,0,0
0,0,0
0,0,0
0,0,0
0,0,0
0,0,0
0,0,0
0,0,0
0,0,0
0,0,0
0,0,0
0,0,0
0,0,0
0,0,0
0,0,0
0,0,0
0,0,0
0,0,0
0,0,0
0,0,0
0,0,0
0,0,0
0,0,0
0,0,0
0,0,0
0,0,0
0,0,0
0,0,0
0,0,0
0,0,0
0,0,0
0,0,0
0,0,0
0,0,0
0,0,0
0,0,0
0,0,0
0,0,0
0,0,0
0,0,0
0,0,0
0,0,0
0,0,0
0,0,0
0,0,0
0,0,0
0,0,0
0,0,0
0,0,0
0,0,0
0,0,0
0,0,0
0,0,0
0,0,0
0,0,0
0,0,0
0,0,0
0,0,0
0,0,0
0,0,0
0,0,0
0,0,0
0,0,0
0,0,0
0,0,0
0,0,0
0,0,0
0,0,0
0,0,0
0,0,0
0,0,0
0,0,0
0,0,0
0,0,0
0,0,0
0,0,0
0,0,0
0,0,0
0,0,0
0,0,0
0,0,0
0,0,0
0,0,0
0,0,0
0,0,0
0,0,0
0,0,0
0,0,0
0,0,0
0,0,0
0,0,0
0,0,0
0,0,0
0,0,0
0,0,0
0,0,0
0,0,0
0,0,0
0,0,0
0,0,0
0,0,0
0,0,0
0,0,0
0,0,0
0,0,0
0,0,0
0,0,0
0,0,0
0,0,0
0,0,0
0,0,0
0,0,0
0,0,0
0,0,0
0,0,0
0,0,0
0,0,0
0,0,0
0,0,0
0,0,0
0,0,0
0,0,0
0,0,0
0,0,0
0,0,0
0,0,0
0,0,0
0,0,0
0,0,0
0,0,0
0,0,0
0,0,0
0,0,0
0,0,0
0,0,0
0,0,0
0,0,0
0,0,0
0,0,0
0,0,0
0,0,0
0,0,0
0,0,0
0,0,0
0,0,0
1.361,4.3778,-0.969988
1.39285,4.38519,-0.973645
1.42365,4.38864,-0.976441
1.45331,4.38816,-0.978376
1.47459,4.36251,-0.974505
1.49751,4.3423,-0.971924
1.51829,4.31644,-0.968053
1.53981,4.29326,-0.964827
1.56713,4.28648,-0.965472
1.58999,4.26763,-0.963321
1.61372,4.2514,-0.961815
1.64435,4.25326,-0.964611
1.66792,4.23673,-0.963106
1.6888,4.21373,-0.960095
1.70614,4.18248,-0.955148
1.73664,4.18366,-0.957944
1.76342,4.17563,-0.958589
1.78669,4.15935,-0.957299
1.8157,4.15636,-0.959235
1.84077,4.14425,-0.959019
1.86134,4.12219,-0.956439
1.88945,4.11691,-0.957944
1.90725,4.0893,-0.954073
1.93691,4.08723,-0.956439
1.96449,4.08055,-0.957729
1.98606,4.0614,-0.956008
2.01789,4.06314,-0.95945
2.03663,4.03847,-0.956439
2.06181,4.02676,-0.956654
2.08693,4.0149,-0.956869
2.10424,3.9882,-0.953427
2.13052,3.97866,-0.954288
2.15116,3.95865,-0.952567
2.17117,3.93767,-0.950631
2.18909,3.9132,-0.947836
2.20969,3.89375,-0.94633
2.23597,3.88435,-0.947405
2.25238,3.8579,-0.944179
2.27651,3.84485,-0.944394
2.29805,3.82746,-0.943534
2.35601,3.87002,-0.958159
2.36484,3.83138,-0.951922
2.39089,3.82094,-0.952997
2.41011,3.7996,-0.951277
2.41912,3.76256,-0.94547
2.43364,3.73455,-0.942028
2.46404,3.73096,-0.94504
2.45974,3.67518,-0.934286
2.48827,3.66891,-0.936652
2.53119,3.68336,-0.944609
2.54482,3.65494,-0.941168
2.56663,3.63845,-0.940953
2.57756,3.60674,-0.936652
2.6088,3.60352,-0.940093
2.62451,3.57878,-0.937727
2.64118,3.55555,-0.935791
2.6606,3.53616,-0.934931
2.68461,3.52287,-0.935791
2.70499,3.50479,-0.935361
2.72764,3.48966,-0.935791
2.74052,3.46214,-0.93278
2.78186,3.47041,-0.939878
2.78588,3.43204,-0.933856
2.82114,3.43224,-0.938802
2.8434,3.41636,-0.939232
2.85109,3.38317,-0.934716
2.868,3.36115,-0.933425
2.88601,3.34053,-0.932565
2.92253,3.34114,-0.937942
2.92161,3.29901,-0.930844
2.94962,3.28975,-0.933425
2.96056,3.26147,-0.930414
2.98382,3.24684,-0.93149
3.00169,3.22632,-0.930844
3.0288,3.21566,-0.93321
3.03702,3.185,-0.929554
3.05311,3.16279,-0.928479
3.05335,3.12444,-0.922457
3.07178,3.10495,-0.922241
3.07627,3.07155,-0.917725
3.10201,3.05947,-0.919876
3.12492,3.04447,-0.921166
3.14706,3.02863,-0.922241
3.1585,3.00253,-0.920091
3.17829,2.98443,-0.920521
3.19869,2.96687,-0.921166
3.2082,2.93927,-0.918585
3.22255,2.91625,-0.91751
3.2382,2.89447,-0.916865
3.25078,2.87002,-0.915359
3.27715,2.85772,-0.91794
3.28501,2.82927,-0.915144
3.29636,2.804,-0.913423
3.31799,2.78749,-0.914714
3.33803,2.76957,-0.915574
3.34968,2.7447,-0.914069
3.36797,2.72533,-0.914499
3.37624,2.6979,-0.912133
3.3935,2.67774,-0.912348
3.40987,2.65687,-0.912348
3.42765,2.63709,-0.912778
3.44144,2.61423,-0.912133
3.45194,2.58897,-0.910627
3.46776,2.56774,-0.910627
3.46611,2.53373,-0.905896
3.49664,2.52327,-0.909982
3.51444,2.50347,-0.910627
3.52974,2.48186,-0.910627
3.5441,2.4596,-0.910412
3.5559,2.4356,-0.909552
3.57401,2.41592,-0.910412
3.58471,2.39123,-0.909337
3.60502,2.37295,-0.910842
3.60805,2.34334,-0.907831
3.61414,2.31589,-0.905681
3.6192,2.28792,-0.903315
3.63814,2.26878,-0.904605
3.66364,2.25358,-0.907616
2.82672,1.71464,-0.688454
2.77686,1.66115,-0.672968
2.79037,1.64606,-0.673828
2.79788,1.62744,-0.673183
3.71495,2.1309,-0.90353
3.71776,2.10229,-0.900949
3.73314,2.08087,-0.901594
3.74413,2.05698,-0.901164
3.74981,2.03025,-0.899443
3.75617,2.00398,-0.897938
3.76148,1.97726,-0.896217
3.77441,1.95459,-0.896432
3.77589,1.92607,-0.893851
3.78502,1.90155,-0.893206
3.79312,1.87655,-0.892346
3.81685,1.85923,-0.895357
3.82466,1.83409,-0.894497
3.83938,1.81226,-0.895357
3.85662,1.79155,-0.896862
3.86932,1.76866,-0.897293
3.86763,1.73927,-0.894282
3.8818,1.71709,-0.895142
3.87973,1.68778,-0.892131
3.88283,1.66087,-0.89041
3.89835,1.63929,-0.891701
3.91555,1.61832,-0.893421
3.91727,1.59096,-0.891486
3.93784,1.57124,-0.894066
3.93377,1.5417,-0.89084
3.94407,1.51788,-0.891055
3.93869,1.48813,-0.887614
3.93859,1.46053,-0.885463
3.93647,1.43233,-0.882882
3.95806,1.41275,-0.885894
3.96941,1.3894,-0.886539
3.98064,1.36597,-0.887184
3.99727,1.34433,-0.88912
4.00266,1.31886,-0.888474
4.01161,1.29457,-0.88869
4.02693,1.27229,-0.89041
4.02999,1.24611,-0.889335
4.03382,1.22023,-0.888474
4.04592,1.19684,-0.88955
4.05037,1.17118,-0.888905
4.05466,1.14551,-0.888259
4.06067,1.12035,-0.888044
4.05427,1.09185,-0.885033
4.03161,1.05925,-0.878366
4.07493,1.04396,-0.886754
4.06989,1.01609,-0.884173
4.07795,0.991565,-0.884603
4.0792,0.965398,-0.883528
4.08029,0.939254,-0.882452
4.08693,0.914413,-0.882667
4.06861,0.884128,-0.87729
4.08638,0.86177,-0.880086
4.09733,0.837856,-0.881377
4.0909,0.810419,-0.878796
4.11785,0.789538,-0.883743
4.1159,0.763009,-0.882237
4.10224,0.734465,-0.878151
4.11533,0.710778,-0.880086
4.11094,0.684068,-0.878151
4.12278,0.660069,-0.879871
4.12192,0.634016,-0.878796
4.11897,0.607712,-0.87729
4.12262,0.582427,-0.87729
4.12418,0.556859,-0.87686
4.12559,0.531292,-0.87643
4.13846,0.507159,-0.878581
4.14926,0.482661,-0.880302
4.15117,0.457086,-0.880086
4.14418,0.430594,-0.877936
4.15452,0.405919,-0.879656
4.16082,0.380777,-0.880517
4.1553,0.354573,-0.878796
4.16129,0.32938,-0.879656
4.15154,0.302984,-0.877075
4.14748,0.277113,-0.875785
4.14618,0.251481,-0.87514
4.14764,0.226036,-0.87514
4.14407,0.200345,-0.874064
4.16084,0.175576,-0.877506
4.15891,0.149936,-0.87686
4.16365,0.124533,-0.877721
4.17313,0.0991941,-0.879656
1.50407,0.0257796,-0.291638
1.52177,0.0167573,-0.295509
1.52185,0.00741953,-0.295509
1.51405,-0.00191458,-0.293789
4.14002,-0.0286355,-0.872129
4.14954,-0.0541625,-0.874279
4.16084,-0.0798441,-0.87686
4.16027,-0.105373,-0.87686
4.15174,-0.130654,-0.87514
4.15379,-0.156236,-0.875785
4.1547,-0.181805,-0.876215
4.13888,-0.206568,-0.872989
4.14338,-0.232286,-0.874279
4.13408,-0.257222,-0.872559
4.12561,-0.282119,-0.871053
4.12185,-0.307284,-0.870623
4.11015,-0.331786,-0.868472
4.10998,-0.357168,-0.868903
4.10383,-0.382018,-0.868042
4.09752,-0.406807,-0.867182
4.09203,-0.431635,-0.866537
4.08445,-0.456194,-0.865461
4.09224,-0.482502,-0.867827
4.09502,-0.508323,-0.869118
4.09376,-0.533692,-0.869548
4.08751,-0.558405,-0.868903
4.09077,-0.58444,-0.870408
4.08131,-0.608666,-0.869118
4.07461,-0.633248,-0.868472
4.08414,-0.660416,-0.871483
4.05497,-0.681264,-0.865891
4.04687,-0.705462,-0.865031
4.04727,-0.731147,-0.866107
4.03119,-0.753816,-0.863526
4.04279,-0.781684,-0.867182
4.0245,-0.803801,-0.864171
4.02141,-0.828873,-0.864601
4.0344,-0.857385,-0.868687
4.01093,-0.87816,-0.864601
4.00261,-0.902111,-0.863956
3.99225,-0.925552,-0.86288
3.98269,-0.949126,-0.86202
3.97015,-0.971922,-0.860515
3.95654,-0.994361,-0.858794
3.95036,-1.01862,-0.858794
3.9412,-1.04209,-0.858149
3.92248,-1.06294,-0.855353
3.92718,-1.09012,-0.857934
3.92323,-1.11499,-0.858579
3.91819,-1.13959,-0.859009
3.91862,-1.16584,-0.86073
3.92167,-1.19298,-0.863095
3.90961,-1.21557,-0.86202
3.90766,-1.24131,-0.863311
3.89347,-1.26316,-0.861805
3.88008,-1.28518,-0.860515
3.86657,-1.30709,-0.859224
3.86217,-1.33206,-0.860084
3.84656,-1.35315,-0.858364
3.84186,-1.37804,-0.859224
3.83425,-1.40192,-0.859439
3.81551,-1.42167,-0.857073
3.80854,-1.44575,-0.857503
3.79868,-1.46874,-0.857288
3.78687,-1.49095,-0.856643
3.77856,-1.51452,-0.856858
3.7701,-1.53805,-0.857073
3.7624,-1.5619,-0.857503
3.73385,-1.57698,-0.852987
3.7259,-1.60063,-0.853417
3.56027,-1.55548,-0.815994
0,0,0
0,0,0
0,0,0
0,0,0
3.6874,-1.74755,-0.859009
3.68541,-1.77438,-0.86116
3.66919,-1.79439,-0.859869
3.65986,-1.81774,-0.860299
3.64253,-1.83708,-0.858794
3.62945,-1.85851,-0.858364
3.62232,-1.88299,-0.859439
3.61329,-1.90655,-0.860084
3.59894,-1.9273,-0.859439
3.58962,-1.95075,-0.860084
3.56988,-1.9685,-0.858149
3.5637,-1.9937,-0.859654
3.54461,-2.01167,-0.857934
3.53558,-2.03533,-0.858794
3.51797,-2.05404,-0.857503
3.49941,-2.0721,-0.855998
3.48245,-2.09102,-0.854923
3.47623,-2.11641,-0.856643
3.45403,-2.13206,-0.854277
3.44006,-2.1527,-0.854062
3.42926,-2.17533,-0.854707
3.42077,-2.1995,-0.855998
3.3933,-2.21139,-0.852342
3.39353,-2.24131,-0.855998
3.38052,-2.26264,-0.856213
3.36819,-2.28443,-0.856643
3.34928,-2.30174,-0.855353
3.32708,-2.31667,-0.853202
3.32637,-2.3466,-0.856858
3.30635,-2.363,-0.855353
3.29732,-2.38725,-0.856858
3.29128,-2.41379,-0.859224
3.25994,-2.42171,-0.854707
3.24814,-2.44401,-0.855568
3.22454,-2.45739,-0.853202
3.21636,-2.4825,-0.855138
3.20029,-2.50158,-0.854923
3.18795,-2.5236,-0.855783
3.17317,-2.54372,-0.855998
3.15522,-2.5613,-0.855353
3.13567,-2.57751,-0.854277
3.11755,-2.59483,-0.853632
3.09783,-2.61076,-0.852557
3.06615,-2.61641,-0.84804
3.06778,-2.6505,-0.853202
3.03381,-2.65384,-0.84804
3.0299,-2.68341,-0.851696
3.01484,-2.70326,-0.852127
3.00109,-2.72433,-0.852987
2.96993,-2.72948,-0.848685
2.95599,-2.75031,-0.849546
2.9227,-2.753,-0.844599
2.90575,-2.77088,-0.844599
2.8894,-2.78934,-0.844814
2.86524,-2.80019,-0.842663
2.85426,-2.8239,-0.844599
2.83688,-2.84136,-0.844599
2.81527,-2.85454,-0.843308
2.79089,-2.86477,-0.841158
2.76852,-2.87691,-0.839652
2.74475,-2.88748,-0.837716
2.72765,-2.90498,-0.837932
2.72572,-2.93884,-0.843093
2.69378,-2.94039,-0.838577
2.67306,-2.95397,-0.837716
2.6614,-2.97759,-0.839867
2.63661,-2.98655,-0.837716
2.6009,-2.9828,-0.831909
2.58829,-3.00536,-0.833845
2.57613,-3.02862,-0.835996
2.55499,-3.04138,-0.835136
2.54064,-3.06226,-0.836641
2.51871,-3.07402,-0.835566
2.49673,-3.08562,-0.83449
2.48263,-3.10698,-0.836211
2.4623,-3.12063,-0.835781
2.43831,-3.12951,-0.83406
2.42561,-3.15293,-0.836426
2.39913,-3.15842,-0.833845
2.37794,-3.17074,-0.8332
2.35496,-3.18056,-0.831909
2.33655,-3.19653,-0.83234
2.30889,-3.19972,-0.829328
2.29148,-3.21701,-0.830189
2.26945,-3.22781,-0.829328
2.24793,-3.23927,-0.828683
2.22083,-3.24253,-0.825887
2.20035,-3.25529,-0.825672
2.17654,-3.26304,-0.824167
2.1554,-3.2747,-0.823736
2.13633,-3.28951,-0.824167
2.11453,-3.30009,-0.823521
2.09424,-3.313,-0.823521
2.07439,-3.32661,-0.823736
2.05189,-3.33595,-0.822876
2.03442,-3.35349,-0.824167
2.0108,-3.36088,-0.822876
1.98865,-3.37063,-0.822231
1.97039,-3.38699,-0.823306
1.94422,-3.3897,-0.82094
1.92867,-3.41092,-0.823306
1.90105,-3.41075,-0.820295
1.8782,-3.41892,-0.819435
1.85859,-3.43296,-0.82008
1.83979,-3.44861,-0.821156
1.81859,-3.45983,-0.821156
1.79868,-3.47353,-0.821801
1.77688,-3.48363,-0.821586
1.75723,-3.49795,-0.822446
1.72793,-3.49292,-0.818575
1.7069,-3.50433,-0.81879
1.68663,-3.51738,-0.819435
1.66043,-3.51795,-0.817069
1.63881,-3.52807,-0.817069
1.61795,-3.53984,-0.817499
1.59579,-3.54881,-0.817284
1.57478,-3.56032,-0.817714
1.5529,-3.56991,-0.817714
1.52982,-3.57668,-0.817069
1.50557,-3.5806,-0.815779
1.48245,-3.58706,-0.815133
1.45821,-3.59066,-0.813843
1.43289,-3.59138,-0.811907
1.41225,-3.60374,-0.812768
1.39082,-3.61416,-0.813198
1.3655,-3.61441,-0.811262
1.345,-3.6273,-0.812337
1.31603,-3.61713,-0.808036
1.29349,-3.62421,-0.807821
1.26767,-3.62194,-0.805455
1.24733,-3.6352,-0.806745
1.23154,-3.66222,-0.811262
0,0,0
0,0,0
0,0,0
1.15342,-3.73052,-0.820295
1.1257,-3.72164,-0.816639
1.09869,-3.71443,-0.813413
1.06881,-3.69671,-0.807821
1.04212,-3.6891,-0.804595
0,0,0
0.995504,-3.6969,-0.803519
0.978763,-3.72561,-0.808681
0.9554,-3.72965,-0.808251
0.930839,-3.72881,-0.806745
0.910252,-3.74394,-0.808896
0.884336,-3.7371,-0.8061
0,0,0
0,0,0
0,0,0
0,0,0
0,0,0
0,0,0
0,0,0
0,0,0
0,0,0
0,0,0
0,0,0
0,0,0
0,0,0
0,0,0
0,0,0
0,0,0
0,0,0
0,0,0
0,0,0
0,0,0
0,0,0
0,0,0
0,0,0
0,0,0
0,0,0
0,0,0
0,0,0
0,0,0
0,0,0
0,0,0
0,0,0
0,0,0
0,0,0
0,0,0
0,0,0
0,0,0
0,0,0
0,0,0
0,0,0
0,0,0
0,0,0
0,0,0
0,0,0
0,0,0
0,0,0
0,0,0
0,0,0
0,0,0
0,0,0
0,0,0
0,0,0
0,0,0
0,0,0
0,0,0
0,0,0
0,0,0
0,0,0
0,0,0
0,0,0
0,0,0
0,0,0
0,0,0
0,0,0
0,0,0
0,0,0
0,0,0
0,0,0
0,0,0
0,0,0
0,0,0
0,0,0
0,0,0
0,0,0
0,0,0
0,0,0
0,0,0
0,0,0
0,0,0
0,0,0
0,0,0
0,0,0
0,0,0
0,0,0
0,0,0
0,0,0
0,0,0
0,0,0
0,0,0
0,0,0
0,0,0
0,0,0
0,0,0
0,0,0
0,0,0
0,0,0
0,0,0
0,0,0
0,0,0
0,0,0
0,0,0
0,0,0
0,0,0
0,0,0
0,0,0
0,0,0
0,0,0
0,0,0
0,0,0
0,0,0
0,0,0
0,0,0
0,0,0
0,0,0
0,0,0
0,0,0
0,0,0
0,0,0
0,0,0
0,0,0
0,0,0
0,0,0
0,0,0
0,0,0
0,0,0
0,0,0
0,0,0
0,0,0
0,0,0
0,0,0
0,0,0
0,0,0
0,0,0
0,0,0
0,0,0
0,0,0
0,0,0
0,0,0
0,0,0
0,0,0
0,0,0
0,0,0
0,0,0
0,0,0
0,0,0
0,0,0
0,0,0
0,0,0
0,0,0
0,0,0
0,0,0
0,0,0
0,0,0
0,0,0
0,0,0
0,0,0
0,0,0
0,0,0
0,0,0
0,0,0
0,0,0
0,0,0
0,0,0
0,0,0
0,0,0
0,0,0
0,0,0
0,0,0
0,0,0
0,0,0
0,0,0
0,0,0
0,0,0
0,0,0
0,0,0
0,0,0
0,0,0
0,0,0
0,0,0
0,0,0
0,0,0
0,0,0
0,0,0
0,0,0
0,0,0
0,0,0
0,0,0
0,0,0
0,0,0
0,0,0
0,0,0
0,0,0
0,0,0
0,0,0
0,0,0
0,0,0
0,0,0
0,0,0
0,0,0
0,0,0
0,0,0
0,0,0
0,0,0
0,0,0
0,0,0
0,0,0
0,0,0
0,0,0
0,0,0
0,0,0
0,0,0
0,0,0
0,0,0
0,0,0
0,0,0
0,0,0
0,0,0
0,0,0
0,0,0
0,0,0
0,0,0
0,0,0
0,0,0
0,0,0
0,0,0
0,0,0
0,0,0
0,0,0
0,0,0
0,0,0
0,0,0
0,0,0
0,0,0
0,0,0
0,0,0
0,0,0
0,0,0
0,0,0
0,0,0
0,0,0
0,0,0
0,0,0
0,0,0
0,0,0
0,0,0
0,0,0
0,0,0
0,0,0
0,0,0
0,0,0
0,0,0
0,0,0
0,0,0
0,0,0
0,0,0
0,0,0
0,0,0
0,0,0
0,0,0
0,0,0
0,0,0
0,0,0
0,0,0
0,0,0
0,0,0
0,0,0
0,0,0
0,0,0
0,0,0
0,0,0
0,0,0
0,0,0
0,0,0
0,0,0
0,0,0
0,0,0
0,0,0
0,0,0
0,0,0
0,0,0
0,0,0
0,0,0
0,0,0
0,0,0
0,0,0
0,0,0
0,0,0
0,0,0
0,0,0
0,0,0
0,0,0
0,0,0
0,0,0
0,0,0
0,0,0
0,0,0
0,0,0
0,0,0
0,0,0
0,0,0
0,0,0
0,0,0
0,0,0
0,0,0
0,0,0
0,0,0
0,0,0
0,0,0
0,0,0
0,0,0
0,0,0
0,0,0
0,0,0
0,0,0
0,0,0
0,0,0
0,0,0
0,0,0
0,0,0
0,0,0
0,0,0
0,0,0
0,0,0
0,0,0
0,0,0
0,0,0
0,0,0
0,0,0
0,0,0
0,0,0
0,0,0
0,0,0
0,0,0
0,0,0
0,0,0
0,0,0
0,0,0
0,0,0
0,0,0
0,0,0
0,0,0
0,0,0
0,0,0
0,0,0
0,0,0
0,0,0
0,0,0
0,0,0
0,0,0
0,0,0
0,0,0
0,0,0
0,0,0
0,0,0
0,0,0
0,0,0
0,0,0
0,0,0
0,0,0
0,0,0
0,0,0
0,0,0
0,0,0
0,0,0
0,0,0
0,0,0
0,0,0
0,0,0
0,0,0
0,0,0
0,0,0
0,0,0
0,0,0
0,0,0
0,0,0
0,0,0
0,0,0
0,0,0
0,0,0
0,0,0
0,0,0
0,0,0
0,0,0
0,0,0
0,0,0
0,0,0
0,0,0
0,0,0
0,0,0
0,0,0
0,0,0
0,0,0
0,0,0
0,0,0
0,0,0
0,0,0
0,0,0
0,0,0
0,0,0
0,0,0
0,0,0
0,0,0
0,0,0
0,0,0
0,0,0
0,0,0
0,0,0
0,0,0
0,0,0
0,0,0
0,0,0
0,0,0
0,0,0
0,0,0
0,0,0
0,0,0
0,0,0
0,0,0
0,0,0
0,0,0
0,0,0
0,0,0
0,0,0
0,0,0
0,0,0
0,0,0
0,0,0
0,0,0
0,0,0
0,0,0
0,0,0
0,0,0
0,0,0
0,0,0
0,0,0
0,0,0
0,0,0
0,0,0
0,0,0
0,0,0
0,0,0
0,0,0
0,0,0
0,0,0
0,0,0
0,0,0
0,0,0
0,0,0
0,0,0
0,0,0
0,0,0
0,0,0
0,0,0
0,0,0
0,0,0
0,0,0
0,0,0
0,0,0
0,0,0
0,0,0
0,0,0
0,0,0
0,0,0
0,0,0
0,0,0
0,0,0
0,0,0
0,0,0
0,0,0
0,0,0
0,0,0
0,0,0
0,0,0
0,0,0
0,0,0
0,0,0
0,0,0
0,0,0
0,0,0
0,0,0
0,0,0
0,0,0
0,0,0
0,0,0
0,0,0
0,0,0
0,0,0
0,0,0
0,0,0
0,0,0
0,0,0
0,0,0
0,0,0
0,0,0
0,0,0
0,0,0
0,0,0
0,0,0
0,0,0
0,0,0
0,0,0
0,0,0
0,0,0
0,0,0
0,0,0
0,0,0
0,0,0
0,0,0
0,0,0
0,0,0
0,0,0
0,0,0
0,0,0
0,0,0
0,0,0
0,0,0
0,0,0
0,0,0
0,0,0
0,0,0
0,0,0
0,0,0
0,0,0
0,0,0
0,0,0
0,0,0
0,0,0
0,0,0
0,0,0
0,0,0
0,0,0
0,0,0
0,0,0
0,0,0
0,0,0
0,0,0
0,0,0
0,0,0
0,0,0
0,0,0
0,0,0
0,0,0
0,0,0
0,0,0
0,0,0
0,0,0
0,0,0
0,0,0
0,0,0
0,0,0
0,0,0
0,0,0
0,0,0
0,0,0
0,0,0
0,0,0
0,0,0
0,0,0
0,0,0
0,0,0
0,0,0
0,0,0
0,0,0
0,0,0
0,0,0
0,0,0
0,0,0
0,0,0
0,0,0
0,0,0
0,0,0
0,0,0
0,0,0
0,0,0
0,0,0
0,0,0
0,0,0
0,0,0
0,0,0
0,0,0
0,0,0
0,0,0
0,0,0
0,0,0
0,0,0
0,0,0
0,0,0
0,0,0
1.38131,4.00645,-0.943223
1.40845,4.00525,-0.945031
0,0,0
1.46987,4.02152,-0.953392
1.4935,4.00969,-0.952714
1.51911,4.00318,-0.953392
1.54259,3.99106,-0.952714
1.56134,3.96701,-0.949099
1.58819,3.96369,-0.95068
1.61322,3.95567,-0.951132
1.63709,3.9448,-0.950906
1.65974,3.93109,-0.950003
1.68268,3.91815,-0.949325
1.70201,3.89704,-0.946613
1.72629,3.88741,-0.946839
1.75051,3.87763,-0.947065
1.77467,3.8677,-0.947291
1.79837,3.85674,-0.947291
1.82576,3.85356,-0.949325
1.8519,3.84755,-0.95068
1.8682,3.82124,-0.946839
1.88988,3.80621,-0.945935
1.91101,3.7902,-0.944805
1.91957,3.74978,-0.937348
1.95198,3.75609,-0.942094
1.97499,3.74404,-0.942094
1.99885,3.73357,-0.942546
2.02451,3.72637,-0.943901
2.04451,3.70876,-0.942546
2.06723,3.69614,-0.942546
2.08747,3.67915,-0.941416
2.10417,3.65614,-0.938704
2.12165,3.63475,-0.936444
2.14143,3.61747,-0.935314
2.16961,3.61429,-0.938026
2.18972,3.59758,-0.937122
2.21226,3.58491,-0.937348
2.24042,3.58117,-0.94006
2.26496,3.57147,-0.94119
2.28262,3.55095,-0.939382
2.30117,3.53198,-0.938026
2.32548,3.52186,-0.939156
2.34651,3.50672,-0.93893
2.36251,3.48419,-0.93667
2.38219,3.46722,-0.935992
2.39507,3.44055,-0.932603
2.41108,3.41862,-0.930569
2.43031,3.40139,-0.929891
2.44771,3.38167,-0.928535
2.47475,3.37523,-0.931021
2.48728,3.34904,-0.927857
2.51657,3.34539,-0.931247
2.53587,3.32833,-0.930795
2.54851,3.30269,-0.927857
2.57892,3.30003,-0.931699
2.59368,3.27727,-0.929665
2.61801,3.26662,-0.931247
2.63063,3.24142,-0.928535
2.64367,3.21694,-0.92605
2.67208,3.21114,-0.929213
2.68043,3.18127,-0.925146
2.70243,3.16773,-0.92605
2.72691,3.15699,-0.927857
2.74495,3.13873,-0.927405
2.7648,3.12256,-0.927631
2.76505,3.0845,-0.921078
2.7872,3.07108,-0.922208
2.79874,3.04603,-0.919722
2.80477,3.01525,-0.915429
2.83791,3.01359,-0.9204
2.84896,2.98836,-0.917915
2.86927,2.97293,-0.918593
2.8929,2.96084,-0.9204
2.88841,2.92018,-0.912943
2.90765,2.90378,-0.913395
2.93165,2.89204,-0.915429
2.9333,2.85836,-0.910232
2.94867,2.83828,-0.909554
2.97874,2.83222,-0.913621
3.00246,2.81989,-0.915655
3.01756,2.79942,-0.914977
3.03468,2.78086,-0.914977
3.03652,2.74846,-0.910232
3.04679,2.72393,-0.908198
3.06929,2.71034,-0.910006
3.0888,2.69402,-0.91091
3.10527,2.67502,-0.91091
3.11494,2.65023,-0.908876
3.13189,2.6317,-0.909102
3.14348,2.6087,-0.907746
3.15566,2.58627,-0.906616
3.17147,2.56686,-0.906616
3.18869,2.54857,-0.907068
3.20579,2.53016,-0.90752
3.21895,2.50865,-0.906842
3.2312,2.48648,-0.905938
3.24251,2.46366,-0.904808
3.26458,2.44897,-0.906842
3.27407,2.42484,-0.90526
3.28574,2.4024,-0.904356
3.29568,2.37878,-0.903001
3.30783,2.35682,-0.902323
3.32064,2.33535,-0.901871
3.3333,2.31382,-0.901419
3.34744,2.29333,-0.901419
3.36629,2.27602,-0.902775
3.37776,2.2537,-0.902097
3.39397,2.23454,-0.902775
3.41006,2.21526,-0.903452
3.42359,2.1943,-0.903452
3.4337,2.17117,-0.902549
3.44696,2.15006,-0.902549
3.4634,2.13091,-0.903452
2.77183,1.68214,-0.712281
2.76538,1.6551,-0.707761
2.77381,1.63711,-0.707309
2.79306,1.62545,-0.709795
2.8258,1.62137,-0.715896
3.50896,1.98472,-0.895317
3.52958,1.9679,-0.897577
3.52622,1.93776,-0.89351
3.52948,1.91145,-0.89125
3.56349,1.90168,-0.897125
3.57078,1.87751,-0.895995
3.57618,1.85243,-0.894414
3.58921,1.83134,-0.894866
3.59603,1.8071,-0.893736
3.59744,1.78025,-0.89125
3.6048,1.75643,-0.890346
3.60497,1.72923,-0.887634
3.61903,1.70874,-0.888538
3.63298,1.68814,-0.889442
3.6477,1.66784,-0.890572
3.65787,1.64543,-0.890572
3.68393,1.63005,-0.89464
3.68314,1.60275,-0.891928
3.69291,1.58012,-0.891928
3.69894,1.55592,-0.891024
3.70752,1.53282,-0.890798
3.70873,1.50674,-0.888764
3.72243,1.48577,-0.889894
3.72876,1.46183,-0.889216
3.73766,1.43892,-0.889216
3.75553,1.41941,-0.891476
3.7596,1.39464,-0.890346
3.76992,1.37221,-0.890798
3.79478,1.35495,-0.894866
3.78739,1.32617,-0.891024
3.79085,1.30132,-0.889894
3.79045,1.27525,-0.88786
3.80191,1.25318,-0.888764
3.8086,1.22953,-0.888538
3.84394,1.21494,-0.895317
3.83364,1.18587,-0.891024
3.83059,1.15922,-0.888538
3.79839,1.12409,-0.879048
3.84639,1.11267,-0.88899
3.84002,1.08534,-0.885827
3.856,1.06435,-0.888086
3.8681,1.04219,-0.889442
3.86406,1.01571,-0.886957
3.87117,0.992221,-0.887183
3.86773,0.96609,-0.884923
3.87074,0.941649,-0.884245
3.87645,0.917881,-0.884245
3.87252,0.891893,-0.881985
3.87316,0.867051,-0.880855
3.8746,0.842442,-0.879951
3.87493,0.817647,-0.878822
3.88083,0.794051,-0.879048
3.87034,0.767195,-0.875432
3.89124,0.746551,-0.879274
3.89575,0.722661,-0.879274
3.90778,0.700117,-0.881081
3.90912,0.675628,-0.880403
3.92665,0.653868,-0.883567
3.92674,0.629147,-0.882663
3.92089,0.60356,-0.880403
3.91682,0.578353,-0.878596
3.9145,0.553491,-0.87724
3.90624,0.527897,-0.874528
3.90941,0.503919,-0.874528
3.91629,0.480396,-0.875432
3.9211,0.456582,-0.875884
3.92189,0.432301,-0.875432
3.93028,0.408833,-0.876788
3.92302,0.383762,-0.874528
3.9253,0.359683,-0.874528
3.92161,0.335094,-0.873172
3.92651,0.311256,-0.87385
3.92349,0.286803,-0.87272
3.93587,0.263438,-0.875206
3.94033,0.23946,-0.875884
3.93977,0.215172,-0.875432
3.93907,0.1909,-0.87498
3.93628,0.166562,-0.874076
3.93528,0.142336,-0.873624
3.93608,0.118187,-0.873624
3.93186,0.0939178,-0.872494
3.93139,0.0697734,-0.872268
1.50728,0.017747,-0.309826
1.50542,0.00848766,-0.309374
1.46648,-0.000719809,-0.300335
3.90659,-0.026554,-0.866393
3.91025,-0.0505747,-0.867297
3.91474,-0.0746599,-0.868427
3.91128,-0.098605,-0.867749
3.90768,-0.12251,-0.867071
3.91659,-0.146851,-0.869331
3.91562,-0.17088,-0.869331
3.91936,-0.195145,-0.870461
3.92392,-0.219518,-0.871817
3.92445,-0.243711,-0.872268
3.92288,-0.267787,-0.872268
3.90756,-0.290838,-0.869105
3.89599,-0.314025,-0.866845
3.87458,-0.336238,-0.862326
3.86081,-0.358923,-0.859614
3.85369,-0.382125,-0.858484
3.85611,-0.406274,-0.859614
3.85742,-0.430359,-0.860518
3.86438,-0.45516,-0.862778
3.87118,-0.480063,-0.865037
3.8701,-0.504059,-0.865489
3.87369,-0.528719,-0.867071
3.87616,-0.553304,-0.868427
3.86787,-0.576359,-0.867297
3.84982,-0.597837,-0.863908
3.84801,-0.621759,-0.864359
3.84316,-0.645197,-0.864133
3.83625,-0.668264,-0.863456
3.83399,-0.692136,-0.863908
3.82584,-0.714932,-0.863004
3.81086,-0.73636,-0.860518
3.80341,-0.759157,-0.85984
3.80631,-0.784053,-0.861648
3.79857,-0.806785,-0.86097
3.79735,-0.830911,-0.861874
3.79979,-0.855909,-0.863682
3.79541,-0.879428,-0.863908
3.78805,-0.902248,-0.863456
3.78339,-0.925706,-0.863682
3.77102,-0.947241,-0.8621
3.76514,-0.970361,-0.8621
3.75629,-0.992699,-0.861422
3.75107,-1.01598,-0.861648
3.74758,-1.03976,-0.862326
3.73926,-1.0622,-0.861874
3.73454,-1.08567,-0.862326
3.72874,-1.10884,-0.862552
3.72373,-1.13227,-0.863004
3.71299,-1.15394,-0.8621
3.70491,-1.17641,-0.861874
3.69577,-1.19851,-0.861422
3.6754,-1.21688,-0.858258
3.67063,-1.24035,-0.858936
3.65559,-1.2603,-0.857128
3.64962,-1.28336,-0.85758
3.64993,-1.30869,-0.859614
3.63817,-1.32972,-0.85871
3.63542,-1.35406,-0.860066
3.63342,-1.37876,-0.861648
3.60581,-1.39365,-0.856902
3.58994,-1.41289,-0.855095
3.58573,-1.43671,-0.856224
3.54979,-1.44764,-0.849445
3.53634,-1.46753,-0.848315
3.5156,-1.48427,-0.845378
3.39634,-1.45853,-0.817583
0,0,0
0,0,0
3.11944,-1.40814,-0.754085
3.08152,-1.41385,-0.746628
0,0,0
3.48824,-1.65263,-0.855547
3.49383,-1.68161,-0.859614
3.48257,-1.70259,-0.859388
3.47729,-1.72653,-0.860744
3.44924,-1.73906,-0.856224
3.44111,-1.76152,-0.856902
3.42332,-1.77901,-0.855095
3.41148,-1.79952,-0.854869
3.39779,-1.81904,-0.854191
3.384,-1.83846,-0.853513
3.36839,-1.85684,-0.852383
3.36884,-1.88413,-0.855547
3.36484,-1.90909,-0.85758
3.35728,-1.93213,-0.85871
3.34368,-1.95171,-0.858258
3.33248,-1.97269,-0.858484
3.31697,-1.99109,-0.85758
3.30136,-2.00938,-0.856676
3.28483,-2.02704,-0.855547
3.27563,-2.04923,-0.85645
3.26135,-2.06824,-0.855999
3.22566,-2.07347,-0.849671
3.23654,-2.10864,-0.856224
3.22842,-2.13168,-0.85758
3.19585,-2.13845,-0.852157
3.19557,-2.16677,-0.855773
3.16214,-2.17254,-0.850123
3.16794,-2.20526,-0.855547
3.16629,-2.23308,-0.858936
3.15094,-2.25133,-0.858484
3.14022,-2.27291,-0.859388
3.12229,-2.28925,-0.858258
3.10115,-2.30314,-0.856224
3.08384,-2.31978,-0.855321
3.06568,-2.33571,-0.854191
3.05206,-2.35507,-0.854417
3.02681,-2.36536,-0.851253
3.00918,-2.38147,-0.850349
3.00591,-2.40902,-0.853739
2.98805,-2.42497,-0.852835
2.9686,-2.43954,-0.851479
2.95807,-2.46145,-0.852835
2.94067,-2.47767,-0.852157
2.92986,-2.49946,-0.853513
2.91152,-2.51485,-0.852609
2.89237,-2.52946,-0.851479
2.87679,-2.54716,-0.851479
2.86546,-2.56866,-0.852835
2.82584,-2.56459,-0.845378
2.82942,-2.59968,-0.851479
2.79273,-2.59775,-0.844926
2.78241,-2.62018,-0.846734
2.76135,-2.63249,-0.845152
2.73393,-2.63856,-0.841536
2.7163,-2.65393,-0.841084
2.6965,-2.66712,-0.839955
2.68421,-2.68775,-0.84131
2.65331,-2.6896,-0.836565
2.64695,-2.7163,-0.839955
2.63091,-2.73319,-0.840181
2.60872,-2.74364,-0.838373
2.59317,-2.76101,-0.838825
2.57552,-2.77616,-0.838599
2.55843,-2.79191,-0.838599
2.53995,-2.80611,-0.838147
2.52073,-2.81946,-0.837469
2.48598,-2.81516,-0.831368
2.47954,-2.84284,-0.835209
2.4665,-2.86317,-0.836791
2.45141,-2.88122,-0.837695
2.43243,-2.89471,-0.837243
2.40654,-2.89984,-0.834305
2.39117,-2.91756,-0.835209
2.372,-2.93066,-0.834757
2.35215,-2.94288,-0.834079
2.33163,-2.9542,-0.833175
2.31286,-2.96768,-0.832949
2.29877,-2.98722,-0.834531
2.27568,-2.99506,-0.832723
2.25668,-3.00819,-0.832497
2.2405,-3.02511,-0.833401
2.22017,-3.03645,-0.832723
2.20092,-3.04922,-0.832497
2.17991,-3.05949,-0.831594
2.15213,-3.06006,-0.827978
2.13276,-3.07241,-0.827752
2.10947,-3.07901,-0.825944
2.09272,-3.09512,-0.826848
2.07639,-3.11196,-0.827978
2.05886,-3.12708,-0.828656
2.0391,-3.13884,-0.82843
2.01823,-3.14883,-0.827752
1.99991,-3.1628,-0.828204
1.97531,-3.16675,-0.825944
1.95687,-3.18047,-0.826396
1.93782,-3.19325,-0.826622
1.91819,-3.20508,-0.826622
1.90096,-3.22098,-0.827752
1.87137,-3.21574,-0.823233
1.85596,-3.23477,-0.825266
1.84087,-3.25458,-0.827526
1.81755,-3.25986,-0.825944
1.7947,-3.26582,-0.824588
1.77463,-3.27677,-0.824588
1.75403,-3.28674,-0.824363
1.73338,-3.29658,-0.824137
1.71177,-3.30456,-0.823459
1.69235,-3.31674,-0.823911
1.67065,-3.32445,-0.823233
1.64979,-3.33376,-0.823007
1.62973,-3.3447,-0.823233
1.60876,-3.35376,-0.823007
1.59147,-3.37061,-0.824814
1.57035,-3.37943,-0.824588
1.54959,-3.389,-0.824588
1.52796,-3.39667,-0.824137
1.50512,-3.40153,-0.823007
1.4815,-3.40444,-0.821425
1.46059,-3.41347,-0.821425
1.44188,-3.42776,-0.822781
1.4238,-3.44374,-0.824588
1.40264,-3.45241,-0.824588
1.37782,-3.45191,-0.822329
1.35768,-3.46302,-0.823007
1.33466,-3.46674,-0.821877
1.31336,-3.47486,-0.821877
1.28964,-3.47646,-0.820295
1.26695,-3.48065,-0.819391
1.24623,-3.49019,-0.819843
1.22479,-3.49777,-0.819843
1.20331,-3.50522,-0.819843
1.18364,-3.51808,-0.821199
1.16477,-3.5336,-0.823233
1.14307,-3.54068,-0.823233
1.11868,-3.53927,-0.821199
1.0955,-3.54141,-0.820069
0,0,0
1.05003,-3.54805,-0.818487
1.02716,-3.55068,-0.817583
1.00323,-3.54942,-0.815776
0,0,0
0,0,0
0.938471,-3.57011,-0.816454
0.913647,-3.56448,-0.813742
0.893882,-3.57852,-0.815776
0.87536,-3.59814,-0.819165
0,0,0
0,0,0
0,0,0
0,0,0
0,0,0
0,0,0
0,0,0
0,0,0
0,0,0
0,0,0
0,0,0
0,0,0
0,0,0
0,0,0
0,0,0
0,0,0
0,0,0
0,0,0
0,0,0
0,0,0
0,0,0
0,0,0
0,0,0
0,0,0
0,0,0
0,0,0
0,0,0
0,0,0
0,0,0
0,0,0
0,0,0
0,0,0
0,0,0
0,0,0
0,0,0
0,0,0
0,0,0
0,0,0
0,0,0
0,0,0
0,0,0
0,0,0
0,0,0
0,0,0
0,0,0
0,0,0
0,0,0
0,0,0
0,0,0
0,0,0
0,0,0
0,0,0
0,0,0
0,0,0
0,0,0
0,0,0
0,0,0
0,0,0
0,0,0
0,0,0
0,0,0
0,0,0
0,0,0
0,0,0
0,0,0
0,0,0
0,0,0
0,0,0
0,0,0
0,0,0
0,0,0
0,0,0
0,0,0
0,0,0
0,0,0
0,0,0
0,0,0
0,0,0
0,0,0
0,0,0
0,0,0
0,0,0
0,0,0
0,0,0
0,0,0
0,0,0
0,0,0
0,0,0
0,0,0
0,0,0
0,0,0
0,0,0
0,0,0
0,0,0
0,0,0
0,0,0
0,0,0
0,0,0
0,0,0
0,0,0
0,0,0
0,0,0
0,0,0
0,0,0
0,0,0
0,0,0
0,0,0
0,0,0
0,0,0
0,0,0
0,0,0
0,0,0
0,0,0
0,0,0
0,0,0
0,0,0
0,0,0
0,0,0
0,0,0
0,0,0
0,0,0
0,0,0
0,0,0
0,0,0
0,0,0
0,0,0
0,0,0
0,0,0
0,0,0
0,0,0
0,0,0
0,0,0
0,0,0
0,0,0
0,0,0
0,0,0
0,0,0
0,0,0
0,0,0
0,0,0
0,0,0
0,0,0
0,0,0
0,0,0
0,0,0
0,0,0
0,0,0
0,0,0
0,0,0
0,0,0
0,0,0
0,0,0
0,0,0
0,0,0
0,0,0
0,0,0
0,0,0
0,0,0
0,0,0
0,0,0
0,0,0
0,0,0
0,0,0
0,0,0
0,0,0
0,0,0
0,0,0
0,0,0
0,0,0
0,0,0
0,0,0
0,0,0
0,0,0
0,0,0
0,0,0
0,0,0
0,0,0
0,0,0
0,0,0
0,0,0
0,0,0
0,0,0
0,0,0
0,0,0
0,0,0
0,0,0
0,0,0
0,0,0
0,0,0
0,0,0
0,0,0
0,0,0
0,0,0
0,0,0
0,0,0
0,0,0
0,0,0
0,0,0
0,0,0
0,0,0
0,0,0
0,0,0
0,0,0
0,0,0
0,0,0
0,0,0
0,0,0
0,0,0
0,0,0
0,0,0
0,0,0
0,0,0
0,0,0
0,0,0
0,0,0
0,0,0
0,0,0
0,0,0
0,0,0
0,0,0
0,0,0
0,0,0
0,0,0
0,0,0
0,0,0
0,0,0
0,0,0
0,0,0
0,0,0
0,0,0
0,0,0
0,0,0
0,0,0
0,0,0
0,0,0
0,0,0
0,0,0
0,0,0
0,0,0
0,0,0
0,0,0
0,0,0
0,0,0
0,0,0
0,0,0
0,0,0
0,0,0
0,0,0
0,0,0
0,0,0
0,0,0
0,0,0
0,0,0
0,0,0
0,0,0
0,0,0
0,0,0
0,0,0
0,0,0
0,0,0
0,0,0
0,0,0
0,0,0
0,0,0
0,0,0
0,0,0
0,0,0
0,0,0
0,0,0
0,0,0
0,0,0
0,0,0
0,0,0
0,0,0
0,0,0
0,0,0
0,0,0
0,0,0
0,0,0
0,0,0
0,0,0
0,0,0
0,0,0
0,0,0
0,0,0
0,0,0
0,0,0
0,0,0
0,0,0
0,0,0
0,0,0
0,0,0
0,0,0
0,0,0
0,0,0
0,0,0
0,0,0
0,0,0
0,0,0
0,0,0
0,0,0
0,0,0
0,0,0
0,0,0
0,0,0
0,0,0
0,0,0
0,0,0
0,0,0
0,0,0
0,0,0
0,0,0
0,0,0
0,0,0
0,0,0
0,0,0
0,0,0
0,0,0
0,0,0
0,0,0
0,0,0
0,0,0
0,0,0
0,0,0
0,0,0
0,0,0
0,0,0
0,0,0
0,0,0
0,0,0
0,0,0
0,0,0
0,0,0
0,0,0
0,0,0
0,0,0
0,0,0
0,0,0
0,0,0
0,0,0
0,0,0
0,0,0
0,0,0
0,0,0
0,0,0
0,0,0
0,0,0
0,0,0
0,0,0
0,0,0
0,0,0
0,0,0
0,0,0
0,0,0
0,0,0
0,0,0
0,0,0
0,0,0
0,0,0
0,0,0
0,0,0
0,0,0
0,0,0
0,0,0
0,0,0
0,0,0
0,0,0
0,0,0
0,0,0
0,0,0
0,0,0
0,0,0
0,0,0
0,0,0
0,0,0
0,0,0
0,0,0
0,0,0
0,0,0
0,0,0
0,0,0
0,0,0
0,0,0
0,0,0
0,0,0
0,0,0
0,0,0
0,0,0
0,0,0
0,0,0
0,0,0
0,0,0
0,0,0
0,0,0
0,0,0
0,0,0
0,0,0
0,0,0
0,0,0
0,0,0
0,0,0
0,0,0
0,0,0
0,0,0
0,0,0
0,0,0
0,0,0
0,0,0
0,0,0
0,0,0
0,0,0
0,0,0
0,0,0
0,0,0
0,0,0
0,0,0
0,0,0
0,0,0
0,0,0
0,0,0
0,0,0
0,0,0
0,0,0
0,0,0
0,0,0
0,0,0
0,0,0
0,0,0
0,0,0
0,0,0
0,0,0
0,0,0
0,0,0
0,0,0
0,0,0
0,0,0
0,0,0
0,0,0
0,0,0
0,0,0
0,0,0
0,0,0
0,0,0
0,0,0
0,0,0
0,0,0
0,0,0
0,0,0
0,0,0
0,0,0
0,0,0
0,0,0
0,0,0
0,0,0
0,0,0
0,0,0
0,0,0
0,0,0
0,0,0
0,0,0
0,0,0
0,0,0
0,0,0
0,0,0
0,0,0
0,0,0
0,0,0
0,0,0
0,0,0
0,0,0
0,0,0
0,0,0
0,0,0
0,0,0
0,0,0
0,0,0
0,0,0
0,0,0
0,0,0
0,0,0
0,0,0
0,0,0
0,0,0
0,0,0
0,0,0
0,0,0
0,0,0
0,0,0
0,0,0
0,0,0
0,0,0
0,0,0
0,0,0
0,0,0
0,0,0
0,0,0
0,0,0
0,0,0
0,0,0
0,0,0
0,0,0
0,0,0
0,0,0
0,0,0
0,0,0
0,0,0
0,0,0
0,0,0
0,0,0
0,0,0
0,0,0
0,0,0
0,0,0
0,0,0
0,0,0
0,0,0
0,0,0
0,0,0
0,0,0
0,0,0
0,0,0
0,0,0
0,0,0
0,0,0
0,0,0
0,0,0
0,0,0
0,0,0
0,0,0
0,0,0
0,0,0
0,0,0
0,0,0
0,0,0
0,0,0
0,0,0
0,0,0
0,0,0
0,0,0
0,0,0
0,0,0
0,0,0
0,0,0
0,0,0
0,0,0
0,0,0
0,0,0
0,0,0
0,0,0
0,0,0
0,0,0
0,0,0
0,0,0
0,0,0
0,0,0
0,0,0
0,0,0
0,0,0
0,0,0
0,0,0
0,0,0
0,0,0
0,0,0
0,0,0
0,0,0
0,0,0
0,0,0
0,0,0
0,0,0
0,0,0
0,0,0
0,0,0
0,0,0
0,0,0
0,0,0
0,0,0
0,0,0
0,0,0
0,0,0
0,0,0
0,0,0
0,0,0
0,0,0
0,0,0
0,0,0
0,0,0
0,0,0
0,0,0
0,0,0
0,0,0
0,0,0
0,0,0
0,0,0
0,0,0
0,0,0
0,0,0
0,0,0
0,0,0
0,0,0
0,0,0
0,0,0
0,0,0
0,0,0
0,0,0
0,0,0
0,0,0
0,0,0
0,0,0
0,0,0
0,0,0
0,0,0
0,0,0
0,0,0
0,0,0
0,0,0
1.22111,3.92744,-0.96714
1.23961,3.90229,-0.962621
1.25664,3.87336,-0.95715
1.28862,3.89047,-0.963573
1.30314,3.85488,-0.956437
1.33057,3.85783,-0.959291
1.35035,3.8386,-0.956437
1.36962,3.81836,-0.953345
1.39535,3.81627,-0.95501
1.41841,3.80672,-0.954772
1.43864,3.78977,-0.952631
1.46186,3.78088,-0.952631
1.48361,3.76822,-0.95168
1.50743,3.76085,-0.952155
1.52864,3.74703,-0.950966
1.55495,3.74566,-0.953107
1.57715,3.73425,-0.952631
1.59965,3.72361,-0.952393
1.62169,3.71195,-0.951918
1.64404,3.70104,-0.95168
1.66233,3.68114,-0.949063
1.67962,3.6594,-0.945971
1.7004,3.6455,-0.94502
1.72066,3.63061,-0.94383
1.74417,3.62261,-0.944544
1.76807,3.61533,-0.945495
1.79065,3.60528,-0.945733
1.81405,3.59683,-0.946447
1.8352,3.5839,-0.945971
1.85402,3.56654,-0.944306
1.87225,3.54822,-0.942403
1.89215,3.53324,-0.941452
1.91101,3.51645,-0.940025
1.9274,3.4953,-0.937408
1.95449,3.49358,-0.940263
1.97685,3.48321,-0.940738
2.00012,3.47438,-0.94169
2.01455,3.4503,-0.93836
2.04211,3.44874,-0.941452
2.05924,3.42948,-0.939549
2.08226,3.4201,-0.9405
2.09964,3.40147,-0.938836
2.12356,3.39347,-0.940263
2.14486,3.38119,-0.9405
2.16452,3.36634,-0.940025
2.18354,3.35055,-0.939311
2.20888,3.34438,-0.941452
2.22612,3.32592,-0.940025
2.23831,3.30014,-0.936457
2.25851,3.28635,-0.936457
2.27642,3.26924,-0.935506
2.29811,3.25759,-0.936219
2.31128,3.23394,-0.933365
2.3345,3.22442,-0.934792
2.35137,3.20612,-0.933603
2.37621,3.19865,-0.935743
2.39287,3.18013,-0.934554
2.41352,3.16693,-0.93503
2.4329,3.15206,-0.93503
2.44203,3.12406,-0.930986
2.46236,3.11054,-0.931462
2.47472,3.08704,-0.928846
2.49545,3.07406,-0.929559
2.51611,3.06094,-0.930273
2.53236,3.04246,-0.929321
2.54786,3.02315,-0.928132
2.56888,3.01041,-0.929083
2.58476,2.99165,-0.928132
2.5954,2.96696,-0.925278
2.61613,2.95389,-0.926229
2.62643,2.9291,-0.923375
2.65022,2.91941,-0.925516
2.66349,2.89808,-0.923851
2.67857,2.87884,-0.922899
2.69486,2.86094,-0.922423
2.70432,2.83591,-0.919569
2.72234,2.81996,-0.919807
2.73756,2.80112,-0.919093
2.74718,2.77667,-0.916477
2.76279,2.75839,-0.916001
2.77137,2.7332,-0.913147
2.78531,2.71343,-0.912196
2.8047,2.69898,-0.913147
2.82051,2.68106,-0.912909
2.84186,2.66835,-0.914574
2.86387,2.65615,-0.916477
2.87797,2.63656,-0.915764
2.89265,2.61755,-0.915288
2.90721,2.59846,-0.914812
2.90781,2.56706,-0.909817
2.93083,2.55556,-0.912196
2.94204,2.53372,-0.910769
2.95383,2.51248,-0.909579
2.97366,2.49805,-0.911006
2.98893,2.47976,-0.911006
3.00634,2.46322,-0.91172
3.01687,2.44106,-0.910293
3.02648,2.41826,-0.908628
3.04202,2.40025,-0.908866
3.0475,2.37437,-0.906011
3.06201,2.35562,-0.906011
3.07641,2.33679,-0.906011
3.09302,2.31962,-0.906725
3.10953,2.30233,-0.907439
3.12909,2.28722,-0.909104
3.13992,2.26571,-0.908152
3.16325,2.25316,-0.911006
3.16987,2.22868,-0.908866
3.18029,2.20697,-0.907914
3.18736,2.18303,-0.906011
3.19828,2.16179,-0.905298
3.20907,2.14051,-0.904584
3.22133,2.12025,-0.904346
3.23672,2.10203,-0.90506
3.24547,2.07951,-0.903871
3.24996,2.05436,-0.901492
3.25097,2.02718,-0.898162
3.12851,1.92421,-0.859392
2.75833,1.67312,-0.749978
2.76354,1.65317,-0.748551
2.76778,1.63273,-0.746886
2.77775,1.61572,-0.746886
2.80446,1.60831,-0.751643
3.35192,1.89529,-0.902919
3.35415,1.86948,-0.900303
3.36386,1.84793,-0.899827
3.38197,1.83096,-0.90173
3.38628,1.80651,-0.899827
3.39043,1.78208,-0.897924
3.4082,1.76482,-0.899827
3.41291,1.74079,-0.898162
3.42699,1.72156,-0.899114
3.44271,1.70308,-0.900541
3.44786,1.67937,-0.899114
3.44672,1.65272,-0.896022
3.45767,1.63196,-0.896259
3.46145,1.60784,-0.894594
3.47125,1.58657,-0.894594
3.47472,1.56246,-0.892929
3.49757,1.547,-0.896497
3.50521,1.52474,-0.896022
3.51807,1.50473,-0.896973
3.5156,1.47822,-0.893881
3.51743,1.45365,-0.891978
3.55507,1.44374,-0.899589
3.54131,1.4129,-0.893643
3.54268,1.3883,-0.89174
3.55295,1.36724,-0.892216
3.55945,1.34472,-0.89174
3.56217,1.32083,-0.890313
3.57021,1.29895,-0.890313
3.58086,1.278,-0.891027
3.58405,1.2544,-0.889837
3.60178,1.23585,-0.892454
3.58352,1.20505,-0.885794
3.60284,1.187,-0.888886
3.62669,1.17024,-0.893167
3.61714,1.1427,-0.888886
3.61851,1.11876,-0.887459
3.63182,1.0985,-0.889124
3.6329,1.07454,-0.887697
3.63289,1.05034,-0.886032
3.64207,1.02882,-0.886745
3.64832,1.00646,-0.886745
3.64692,0.98203,-0.884842
3.66415,0.962599,-0.887697
3.67281,0.940822,-0.88841
3.67852,0.918269,-0.88841
3.68691,0.89637,-0.889124
3.69896,0.875298,-0.890789
3.69101,0.849531,-0.887459
3.69141,0.825806,-0.886269
3.68692,0.801075,-0.883891
3.68226,0.77643,-0.881512
3.6841,0.753237,-0.880799
3.68389,0.729673,-0.87961
3.68925,0.707238,-0.879847
3.68779,0.683524,-0.87842
3.70052,0.662426,-0.880561
3.70069,0.639046,-0.87961
3.70741,0.616806,-0.880323
3.70825,0.593584,-0.87961
3.7147,0.571264,-0.880323
3.71526,0.548034,-0.87961
3.72913,0.526725,-0.882226
3.73999,0.504875,-0.884129
3.74398,0.482042,-0.884367
3.74976,0.459415,-0.88508
3.75444,0.436624,-0.885556
3.75415,0.413259,-0.884842
3.75082,0.389612,-0.883415
3.74734,0.366022,-0.881988
3.74274,0.3424,-0.880323
3.74574,0.319512,-0.880561
3.75344,0.296984,-0.881988
3.74551,0.273238,-0.87961
3.74808,0.250316,-0.879847
3.75439,0.227608,-0.881037
3.7499,0.204249,-0.87961
3.7569,0.181519,-0.881037
3.74824,0.158051,-0.878658
3.74914,0.13505,-0.878658
3.74796,0.111984,-0.878182
3.74275,0.088845,-0.876755
3.74711,0.0659478,-0.877707
1.49904,0.0164897,-0.327071
1.49717,0.00728048,-0.326596
1.4525,-0.00188369,-0.315654
3.74177,-0.025992,-0.87628
3.74543,-0.0490002,-0.877231
3.73146,-0.0717237,-0.873901
3.73483,-0.0947154,-0.874852
3.73904,-0.117782,-0.876042
3.72271,-0.140142,-0.872236
3.72469,-0.163108,-0.87295
3.71392,-0.185478,-0.870571
3.70883,-0.208046,-0.86962
3.72591,-0.23194,-0.874139
3.70891,-0.253741,-0.870333
3.70244,-0.276134,-0.869144
3.69777,-0.298613,-0.86843
3.70361,-0.321967,-0.870333
3.69286,-0.343878,-0.868192
3.68778,-0.366244,-0.867479
3.69416,-0.389779,-0.86962
3.68591,-0.411794,-0.868192
3.68813,-0.434969,-0.869382
3.70178,-0.459621,-0.873425
3.69311,-0.481574,-0.871998
3.69779,-0.505275,-0.873901
3.70327,-0.529189,-0.876042
3.68458,-0.549614,-0.872236
3.6773,-0.571616,-0.871285
3.66318,-0.592466,-0.868668
3.64702,-0.612843,-0.865576
3.65276,-0.636875,-0.867955
3.644,-0.658413,-0.866765
3.64181,-0.681117,-0.867241
3.64328,-0.704554,-0.868668
3.63984,-0.727086,-0.868906
3.63341,-0.749014,-0.86843
3.62494,-0.770488,-0.867479
3.60971,-0.790433,-0.864863
3.60195,-0.811927,-0.864149
3.59974,-0.83467,-0.864863
3.60022,-0.858092,-0.86629
3.60432,-0.882473,-0.868668
3.6092,-0.907173,-0.871285
3.59416,-0.926879,-0.868906
3.57901,-0.946435,-0.866527
3.5797,-0.970154,-0.868192
3.56713,-0.990284,-0.866527
3.56192,-1.01242,-0.866765
3.56497,-1.03696,-0.869144
3.55854,-1.05882,-0.869144
3.55105,-1.08035,-0.868906
3.536,-1.09953,-0.866765
3.51993,-1.11826,-0.864387
3.50654,-1.13775,-0.862722
3.48842,-1.15558,-0.859868
3.48219,-1.17727,-0.860105
3.47306,-1.19798,-0.85963
3.47206,-1.22152,-0.861295
3.46907,-1.24444,-0.862484
3.46228,-1.26604,-0.862722
3.44353,-1.28319,-0.859868
3.44921,-1.30947,-0.863435
3.44655,-1.33271,-0.864863
3.43288,-1.35169,-0.863435
3.42452,-1.37273,-0.863435
3.39805,-1.38639,-0.858678
3.37871,-1.40274,-0.855824
3.32619,-1.40494,-0.844169
3.26217,-1.40157,-0.829422
3.16805,-1.38426,-0.806588
3.04498,-1.35284,-0.775905
3.02511,-1.3663,-0.772812
3.02285,-1.38767,-0.774477
3.07238,-1.43328,-0.790176
3.21539,-1.52402,-0.831325
3.28126,-1.57994,-0.85178
3.2715,-1.60004,-0.85178
3.28424,-1.63131,-0.857965
3.28284,-1.6558,-0.860343
3.27954,-1.67945,-0.862246
3.26659,-1.6982,-0.861533
3.25782,-1.71912,-0.862008
3.25492,-1.7432,-0.864149
3.24075,-1.76129,-0.863198
3.23328,-1.78301,-0.864149
3.21211,-1.79713,-0.861295
3.20102,-1.81681,-0.861295
3.18308,-1.83254,-0.859392
3.16674,-1.8491,-0.857965
3.15534,-1.86849,-0.857965
3.14131,-1.88632,-0.857251
3.1413,-1.91263,-0.860581
3.13694,-1.93646,-0.862722
3.13159,-1.95979,-0.864625
3.12032,-1.97949,-0.864863
3.10485,-1.99649,-0.863911
3.08278,-2.00915,-0.861057
3.06147,-2.02214,-0.85844
3.0482,-2.04035,-0.858203
3.03482,-2.05847,-0.857965
3.03414,-2.0853,-0.861533
3.02528,-2.10665,-0.862722
3.02103,-2.13133,-0.865338
3.01263,-2.15321,-0.866765
2.99543,-2.16881,-0.865576
2.97737,-2.1837,-0.864149
2.96157,-2.20019,-0.863435
2.93637,-2.20957,-0.859868
2.92276,-2.22754,-0.859868
2.90442,-2.24188,-0.85844
2.89061,-2.25965,-0.85844
2.87745,-2.27795,-0.858678
2.86115,-2.29374,-0.857965
2.84777,-2.31187,-0.858203
2.83579,-2.33115,-0.858916
2.82442,-2.35099,-0.859868
2.80771,-2.3664,-0.859154
2.79609,-2.3861,-0.860105
2.77846,-2.40067,-0.859154
2.7666,-2.42023,-0.860105
2.74442,-2.43072,-0.857727
2.72439,-2.44298,-0.856062
2.70648,-2.45704,-0.85511
2.68849,-2.47097,-0.854159
2.66972,-2.48412,-0.85297
2.65372,-2.49978,-0.852732
2.63833,-2.51602,-0.852732
2.61725,-2.52677,-0.850829
2.59892,-2.54006,-0.849878
2.57914,-2.55186,-0.84845
2.55931,-2.56352,-0.847023
2.54558,-2.58125,-0.847737
2.52902,-2.59612,-0.847499
2.51776,-2.61649,-0.849164
2.50233,-2.63259,-0.849402
2.48879,-2.65073,-0.850353
2.47446,-2.66809,-0.851067
2.45082,-2.67534,-0.84845
2.43371,-2.68961,-0.848213
2.41586,-2.70304,-0.847737
2.39602,-2.71418,-0.846548
2.38059,-2.73029,-0.847023
2.35999,-2.74043,-0.845596
2.34376,-2.7556,-0.845834
2.32806,-2.77142,-0.84631
2.30853,-2.78266,-0.845358
2.29018,-2.79527,-0.844883
2.27482,-2.81154,-0.845596
2.25389,-2.82089,-0.844169
2.23473,-2.83238,-0.843455
2.21731,-2.84604,-0.843455
2.20395,-2.86498,-0.84512
2.18163,-2.87226,-0.843218
2.16863,-2.89181,-0.84512
2.14853,-2.90194,-0.844169
2.12782,-2.91114,-0.84298
2.11048,-2.92493,-0.843218
2.08178,-2.9228,-0.838698
2.06158,-2.93234,-0.837747
2.04022,-2.94015,-0.83632
2.02049,-2.95021,-0.835606
2.00181,-2.96175,-0.835368
1.98414,-2.97478,-0.835606
1.96585,-2.9869,-0.835606
1.95172,-3.00542,-0.837509
1.93586,-3.02143,-0.838698
1.91832,-3.03489,-0.839174
1.90327,-3.05237,-0.840839
1.87941,-3.05572,-0.838461
1.86012,-3.06637,-0.838223
1.83878,-3.07355,-0.837033
1.81692,-3.07976,-0.835606
1.7975,-3.09001,-0.835368
1.77802,-3.10014,-0.835131
1.76136,-3.11522,-0.83632
1.74505,-3.13106,-0.837747
1.72487,-3.14,-0.837271
1.70279,-3.1454,-0.835844
1.68209,-3.15322,-0.835131
1.65774,-3.15403,-0.832514
1.63433,-3.15638,-0.830373
1.61272,-3.16202,-0.829184
1.59242,-3.17012,-0.828708
1.57552,-3.18506,-0.830136
1.55765,-3.19816,-0.831087
1.53968,-3.21116,-0.832038
1.51995,-3.22054,-0.832038
1.49934,-3.22805,-0.831563
1.47829,-3.23454,-0.830849
1.45563,-3.23735,-0.829184
1.43416,-3.24266,-0.828233
1.41153,-3.24517,-0.826568
1.39121,-3.25288,-0.82633
1.37499,-3.2703,-0.828708
1.35193,-3.2715,-0.826806
1.33512,-3.28783,-0.828946
1.3142,-3.29416,-0.828471
1.29361,-3.30125,-0.828233
1.28205,-3.33179,-0.834179
1.2554,-3.32324,-0.829898
1.23533,-3.33179,-0.830136
1.21852,-3.34935,-0.832752
1.19696,-3.35402,-0.832038
1.17764,-3.36496,-0.83299
1.15666,-3.37121,-0.832752
1.13967,-3.38929,-0.835606
1.11611,-3.38792,-0.833466
0,0,0
1.07182,-3.39302,-0.831325
1.04351,-3.37541,-0.825141
1.02166,-3.37803,-0.824189
0,0,0
0.980937,-3.39311,-0.824903
0.952962,-3.37383,-0.818481
0,0,0
0.91351,-3.39278,-0.820383
0,0,0
0,0,0
0.852319,-3.41467,-0.821811
0,0,0
0,0,0
0,0,0
0,0,0
0,0,0
0,0,0
0,0,0
0,0,0
0,0,0
0,0,0
0,0,0
0,0,0
0,0,0
0,0,0
0,0,0
0,0,0
0,0,0
0,0,0
0,0,0
0,0,0
0,0,0
0,0,0
0,0,0
0,0,0
0,0,0
0,0,0
0,0,0
0,0,0
0,0,0
0,0,0
0,0,0
0,0,0
0,0,0
0,0,0
0,0,0
0,0,0
0,0,0
0,0,0
0,0,0
0,0,0
0,0,0
0,0,0
0,0,0
0,0,0
0,0,0
0,0,0
0,0,0
0,0,0
0,0,0
0,0,0
0,0,0
0,0,0
0,0,0
0,0,0
0,0,0
0,0,0
0,0,0
0,0,0
0,0,0
0,0,0
0,0,0
0,0,0
0,0,0
0,0,0
0,0,0
0,0,0
0,0,0
0,0,0
0,0,0
0,0,0
0,0,0
0,0,0
0,0,0
0,0,0
0,0,0
0,0,0
0,0,0
0,0,0
0,0,0
0,0,0
0,0,0
0,0,0
0,0,0
0,0,0
0,0,0
0,0,0
0,0,0
0,0,0
0,0,0
0,0,0
0,0,0
0,0,0
0,0,0
0,0,0
0,0,0
0,0,0
0,0,0
0,0,0
0,0,0
0,0,0
0,0,0
0,0,0
0,0,0
0,0,0
0,0,0
0,0,0
0,0,0
0,0,0
0,0,0
0,0,0
0,0,0
0,0,0
0,0,0
0,0,0
0,0,0
0,0,0
0,0,0
0,0,0
0,0,0
0,0,0
0,0,0
0,0,0
0,0,0
0,0,0
0,0,0
0,0,0
0,0,0
0,0,0
0,0,0
0,0,0
0,0,0
0,0,0
0,0,0
0,0,0
0,0,0
0,0,0
0,0,0
0,0,0
0,0,0
0,0,0
0,0,0
0,0,0
0,0,0
0,0,0
0,0,0
0,0,0
0,0,0
0,0,0
0,0,0
0,0,0
0,0,0
0,0,0
0,0,0
0,0,0
0,0,0
0,0,0
0,0,0
0,0,0
0,0,0
0,0,0
0,0,0
0,0,0
0,0,0
0,0,0
0,0,0
0,0,0
0,0,0
0,0,0
0,0,0
0,0,0
0,0,0
0,0,0
0,0,0
0,0,0
0,0,0
0,0,0
0,0,0
0,0,0
0,0,0
0,0,0
0,0,0
0,0,0
0,0,0
0,0,0
0,0,0
0,0,0
0,0,0
0,0,0
0,0,0
0,0,0
0,0,0
0,0,0
0,0,0
0,0,0
0,0,0
0,0,0
0,0,0
0,0,0
0,0,0
0,0,0
0,0,0
0,0,0
0,0,0
0,0,0
0,0,0
0,0,0
0,0,0
0,0,0
0,0,0
0,0,0
0,0,0
0,0,0
0,0,0
0,0,0
0,0,0
0,0,0
0,0,0
0,0,0
0,0,0
0,0,0
0,0,0
0,0,0
0,0,0
0,0,0
0,0,0
0,0,0
0,0,0
0,0,0
0,0,0
0,0,0
0,0,0
0,0,0
0,0,0
0,0,0
0,0,0
0,0,0
0,0,0
0,0,0
0,0,0
0,0,0
0,0,0
0,0,0
0,0,0
0,0,0
0,0,0
0,0,0
0,0,0
0,0,0
0,0,0
0,0,0
0,0,0
0,0,0
0,0,0
0,0,0
0,0,0
0,0,0
0,0,0
0,0,0
0,0,0
0,0,0
0,0,0
0,0,0
0,0,0
0,0,0
0,0,0
0,0,0
0,0,0
0,0,0
0,0,0
0,0,0
0,0,0
0,0,0
0,0,0
0,0,0
0,0,0
0,0,0
0,0,0
0,0,0
0,0,0
0,0,0
0,0,0
0,0,0
0,0,0
0,0,0
0,0,0
0,0,0
0,0,0
0,0,0
0,0,0
0,0,0
0,0,0
0,0,0
0,0,0
0,0,0
0,0,0
0,0,0
0,0,0
0,0,0
0,0,0
0,0,0
0,0,0
0,0,0
0,0,0
0,0,0
0,0,0
0,0,0
0,0,0
0,0,0
0,0,0
0,0,0
0,0,0
0,0,0
0,0,0
0,0,0
0,0,0
0,0,0
0,0,0
0,0,0
0,0,0
0,0,0
0,0,0
0,0,0
0,0,0
0,0,0
0,0,0
0,0,0
0,0,0
0,0,0
0,0,0
0,0,0
0,0,0
0,0,0
0,0,0
0,0,0
0,0,0
0,0,0
0,0,0
0,0,0
0,0,0
0,0,0
0,0,0
0,0,0
0,0,0
0,0,0
0,0,0
0,0,0
0,0,0
0,0,0
0,0,0
0,0,0
0,0,0
0,0,0
0,0,0
0,0,0
0,0,0
0,0,0
0,0,0
0,0,0
0,0,0
0,0,0
0,0,0
0,0,0
0,0,0
0,0,0
0,0,0
0,0,0
0,0,0
0,0,0
0,0,0
0,0,0
0,0,0
0,0,0
0,0,0
0,0,0
0,0,0
0,0,0
0,0,0
0,0,0
0,0,0
0,0,0
0,0,0
0,0,0
0,0,0
0,0,0
0,0,0
0,0,0
0,0,0
0,0,0
0,0,0
0,0,0
0,0,0
0,0,0
0,0,0
0,0,0
0,0,0
0,0,0
0,0,0
0,0,0
0,0,0
0,0,0
0,0,0
0,0,0
0,0,0
0,0,0
0,0,0
0,0,0
0,0,0
0,0,0
0,0,0
0,0,0
0,0,0
0,0,0
0,0,0
0,0,0
0,0,0
0,0,0
0,0,0
0,0,0
0,0,0
0,0,0
0,0,0
0,0,0
0,0,0
0,0,0
0,0,0
0,0,0
0,0,0
0,0,0
0,0,0
0,0,0
0,0,0
0,0,0
0,0,0
0,0,0
0,0,0
0,0,0
0,0,0
0,0,0
0,0,0
0,0,0
0,0,0
0,0,0
0,0,0
0,0,0
0,0,0
0,0,0
0,0,0
0,0,0
0,0,0
0,0,0
0,0,0
0,0,0
0,0,0
0,0,0
0,0,0
0,0,0
0,0,0
0,0,0
0,0,0
0,0,0
0,0,0
0,0,0
0,0,0
0,0,0
0,0,0
0,0,0
0,0,0
0,0,0
0,0,0
0,0,0
0,0,0
0,0,0
0,0,0
0,0,0
0,0,0
0,0,0
0,0,0
0,0,0
0,0,0
0,0,0
0,0,0
0,0,0
0,0,0
0,0,0
0,0,0
0,0,0
0,0,0
0,0,0
0,0,0
0,0,0
0,0,0
0,0,0
0,0,0
0,0,0
0,0,0
0,0,0
0,0,0
0,0,0
0,0,0
0,0,0
0,0,0
0,0,0
0,0,0
0,0,0
0,0,0
0,0,0
0,0,0
0,0,0
0,0,0
0,0,0
0,0,0
0,0,0
0,0,0
0,0,0
0,0,0
0,0,0
0,0,0
0,0,0
0,0,0
0,0,0
0,0,0
0,0,0
0,0,0
0,0,0
0,0,0
0,0,0
0,0,0
0,0,0
0,0,0
0,0,0
0,0,0
0,0,0
0,0,0
0,0,0
0,0,0
0,0,0
0,0,0
0,0,0
0,0,0
0,0,0
0,0,0
0,0,0
0,0,0
0,0,0
0,0,0
0,0,0
0,0,0
0,0,0
0,0,0
0,0,0
0,0,0
0,0,0
0,0,0
0,0,0
0,0,0
0,0,0
0,0,0
0,0,0
0,0,0
0,0,0
0,0,0
0,0,0
0,0,0
0,0,0
0,0,0
0,0,0
0,0,0
0,0,0
0,0,0
0,0,0
0,0,0
0,0,0
0,0,0
0,0,0
0,0,0
0,0,0
0,0,0
0,0,0
0,0,0
0,0,0
0,0,0
0,0,0
0,0,0
0,0,0
0,0,0
0,0,0
0,0,0
0,0,0
0,0,0
0,0,0
1.27287,3.62183,-0.945447
0,0,0
0,0,0
0,0,0
1.36069,3.58769,-0.94495
1.38896,3.59553,-0.949426
1.40496,3.57162,-0.945198
1.42757,3.56473,-0.945696
1.44686,3.54962,-0.943955
1.46898,3.54157,-0.944204
1.49069,3.53249,-0.944204
1.51004,3.51794,-0.942712
1.53121,3.50772,-0.942463
1.55349,3.50003,-0.94296
1.57255,3.48514,-0.941468
1.59269,3.47278,-0.940722
1.61847,3.4726,-0.943458
1.6385,3.45998,-0.942712
1.6597,3.44986,-0.942712
1.68041,3.43874,-0.942463
1.69847,3.42229,-0.940722
1.71551,3.40402,-0.938484
1.7368,3.39429,-0.938733
1.75581,3.38013,-0.937738
1.77426,3.36501,-0.936494
1.79533,3.35492,-0.936743
1.81311,3.33873,-0.935251
1.83122,3.3233,-0.934007
1.85111,3.31116,-0.933759
1.869,3.29552,-0.932515
1.89015,3.28567,-0.933013
1.91028,3.27401,-0.933013
1.93082,3.26306,-0.933261
1.94782,3.24617,-0.931769
1.96921,3.23664,-0.932515
1.9809,3.21131,-0.928536
2.00878,3.21223,-0.932515
2.02793,3.19903,-0.932267
2.04805,3.18734,-0.932515
2.06915,3.17715,-0.933261
2.08594,3.16035,-0.932018
2.10368,3.14508,-0.931272
2.11478,3.12009,-0.927541
2.13882,3.11424,-0.92978
2.159,3.10264,-0.930277
2.17409,3.0838,-0.928536
2.19128,3.06803,-0.92779
2.21233,3.05767,-0.928785
2.2259,3.03701,-0.926547
2.24738,3.02718,-0.92779
2.26417,3.01101,-0.927044
2.28084,2.99475,-0.926298
2.30154,2.98377,-0.927293
2.31801,2.9673,-0.926547
2.33437,2.95074,-0.925801
2.35062,2.93409,-0.925055
2.36308,2.91285,-0.922816
2.38522,2.90353,-0.924557
2.41104,2.89852,-0.92779
2.42566,2.87997,-0.926547
2.44329,2.86503,-0.926547
2.45639,2.84485,-0.924806
2.47061,2.82608,-0.923562
2.4879,2.81087,-0.923562
2.50381,2.79411,-0.923065
2.5157,2.77295,-0.921076
2.53463,2.75961,-0.921822
2.54822,2.74046,-0.920578
2.563,2.72265,-0.919832
2.57431,2.70127,-0.917843
2.58545,2.67984,-0.915853
2.59643,2.65839,-0.913864
2.60725,2.6369,-0.911874
2.62132,2.6188,-0.911128
2.63596,2.6013,-0.910631
2.65395,2.58711,-0.911377
2.67536,2.57615,-0.913366
2.69392,2.56235,-0.914361
2.70889,2.54511,-0.914112
2.73085,2.53437,-0.91635
2.74563,2.51691,-0.916102
2.75815,2.49742,-0.915107
2.77198,2.47916,-0.91461
2.78278,2.45826,-0.913117
2.79197,2.43604,-0.911128
2.80026,2.41317,-0.90889
2.81207,2.39344,-0.907895
2.82893,2.37801,-0.908641
2.85092,2.36679,-0.911128
2.85864,2.34372,-0.90889
2.87824,2.33041,-0.910631
2.89929,2.31815,-0.912869
2.9013,2.29071,-0.90889
2.9153,2.27286,-0.90889
2.92689,2.25316,-0.908144
2.93757,2.23282,-0.907149
2.95509,2.21766,-0.908392
2.96787,2.19891,-0.908144
2.97896,2.17894,-0.907398
2.9907,2.15948,-0.9069
2.99522,2.13491,-0.904165
3.00113,2.11148,-0.901926
3.0196,2.09689,-0.903667
3.02921,2.07613,-0.902673
3.04591,2.06022,-0.903916
3.06171,2.04364,-0.904911
3.07015,2.02215,-0.903667
3.08412,2.00433,-0.904165
3.07679,1.97283,-0.898196
3.07984,1.94821,-0.89546
3.08187,1.92313,-0.892476
3.03175,1.86611,-0.873824
2.76493,1.67862,-0.790265
2.76936,1.65814,-0.788524
2.78365,1.64357,-0.789767
2.79117,1.625,-0.789021
2.84898,1.63532,-0.803197
3.08489,1.74562,-0.869845
3.14968,1.75685,-0.885762
3.19605,1.75709,-0.896207
3.20933,1.73883,-0.896953
3.23019,1.72458,-0.899937
3.233,1.70067,-0.897699
3.24337,1.6808,-0.897699
3.2519,1.65999,-0.897201
3.26202,1.64,-0.897201
3.26855,1.61824,-0.896207
3.28277,1.60027,-0.89745
3.29602,1.58178,-0.898445
3.30917,1.56318,-0.89944
3.31782,1.54243,-0.899191
3.3237,1.52044,-0.898196
3.33032,1.49882,-0.89745
3.33325,1.47561,-0.895709
3.33958,1.45397,-0.894963
3.33953,1.42964,-0.892476
3.35003,1.40988,-0.892974
3.37204,1.39485,-0.896704
3.37066,1.37012,-0.893968
3.37631,1.34834,-0.893222
3.39354,1.33113,-0.895709
3.38175,1.30262,-0.890238
3.36522,1.2726,-0.883523
3.38477,1.25631,-0.886756
3.40061,1.2385,-0.888995
3.4127,1.21924,-0.890238
3.42561,1.2002,-0.89173
3.42924,1.1779,-0.890735
3.44191,1.15869,-0.892228
3.44436,1.13603,-0.890984
3.44665,1.11339,-0.889741
3.44696,1.09017,-0.888
3.44803,1.06729,-0.886508
3.44339,1.04274,-0.883523
3.44601,1.02049,-0.882529
3.44941,0.998522,-0.881783
3.45641,0.977602,-0.882031
3.46514,0.957149,-0.882777
3.46534,0.934356,-0.881285
3.47381,0.913815,-0.882031
3.48123,0.892964,-0.882529
3.48101,0.870178,-0.881037
3.49005,0.849719,-0.882031
3.50085,0.829628,-0.883523
3.50399,0.807696,-0.883026
3.51927,0.788509,-0.885762
3.52783,0.767724,-0.886756
3.53153,0.745863,-0.886508
3.54173,0.725345,-0.888
3.54612,0.7036,-0.888
3.54561,0.680915,-0.886756
3.54591,0.65844,-0.885762
3.53844,0.63462,-0.882777
3.53655,0.611906,-0.881285
3.52877,0.588285,-0.878301
3.52944,0.566162,-0.877555
3.53381,0.544642,-0.877804
3.54283,0.523798,-0.879296
3.55365,0.503135,-0.881285
3.56243,0.4821,-0.882777
3.5634,0.459984,-0.88228
3.56519,0.437993,-0.882031
3.56204,0.415437,-0.880539
3.56452,0.393573,-0.880539
3.57169,0.372195,-0.881783
3.57487,0.350367,-0.882031
3.58563,0.329221,-0.884269
3.60882,0.30903,-0.889741
3.61934,0.28757,-0.891979
3.61427,0.264862,-0.890238
3.61293,0.242486,-0.889492
3.60565,0.219784,-0.887254
3.60983,0.197815,-0.888
3.60227,0.175239,-0.885762
3.60231,0.153091,-0.885513
3.60511,0.131055,-0.88601
3.61456,0.109194,-0.888249
3.6142,0.0869907,-0.888
1.48509,0.0268624,-0.341131
1.49878,0.017908,-0.344612
1.4979,0.00870594,-0.344364
1.49308,-0.000482289,-0.34312
1.42137,-0.00916163,-0.324717
3.58396,-0.0456982,-0.880042
3.59136,-0.0678353,-0.882031
3.6054,-0.0902353,-0.885762
3.61349,-0.112628,-0.888
3.61854,-0.135016,-0.889492
3.62345,-0.157469,-0.890984
3.61951,-0.179555,-0.890238
1.396,-0.0775973,-0.318749
1.40807,-0.0869411,-0.321982
3.60979,-0.245752,-0.888746
1.44939,-0.107374,-0.332924
3.58816,-0.288554,-0.884021
3.57957,-0.30998,-0.88228
3.56506,-0.330773,-0.879047
3.56586,-0.352928,-0.879793
3.55207,-0.373584,-0.876809
3.54393,-0.394728,-0.875317
3.53567,-0.415787,-0.873824
3.52536,-0.43652,-0.871835
3.52646,-0.458643,-0.87283
3.51302,-0.478833,-0.870094
3.50906,-0.500242,-0.869845
3.50305,-0.521336,-0.869099
3.49404,-0.541929,-0.867607
3.49161,-0.563512,-0.867856
3.48426,-0.584285,-0.866861
3.47393,-0.60449,-0.86512
3.47397,-0.626482,-0.866115
3.47101,-0.647964,-0.866364
3.46983,-0.669801,-0.86711
3.4685,-0.691647,-0.867856
3.46799,-0.713698,-0.868851
3.45407,-0.732952,-0.866364
3.44951,-0.754132,-0.866364
3.43914,-0.774007,-0.864872
3.42584,-0.793127,-0.862633
3.42373,-0.814806,-0.86338
3.41208,-0.834187,-0.861639
3.40878,-0.855579,-0.862136
3.39971,-0.875512,-0.861141
3.40832,-0.900067,-0.864872
3.40741,-0.922229,-0.866115
3.40356,-0.943637,-0.866612
3.40702,-0.967149,-0.869099
3.39916,-0.987496,-0.868602
3.39211,-1.00806,-0.868353
3.38864,-1.0297,-0.869099
3.37301,-1.0476,-0.866612
3.36559,-1.06798,-0.866364
3.35806,-1.08831,-0.866115
3.34304,-1.10616,-0.863877
3.33435,-1.12603,-0.86338
3.32463,-1.14552,-0.862633
3.3148,-1.16493,-0.861887
3.30759,-1.18525,-0.861887
3.29844,-1.20486,-0.86139
3.2928,-1.22575,-0.861887
3.29065,-1.24799,-0.86338
3.27931,-1.26677,-0.862385
3.27418,-1.28793,-0.863131
3.26712,-1.30835,-0.86338
3.2402,-1.3207,-0.858157
3.22487,-1.33758,-0.856167
3.12826,-1.32005,-0.831547
3.10942,-1.33464,-0.828563
3.05236,-1.33237,-0.814885
3.03616,-1.34754,-0.812647
3.01282,-1.35937,-0.808419
3.02027,-1.3851,-0.812895
3.02225,-1.40852,-0.81588
3.09933,-1.46767,-0.840251
3.06147,-1.4728,-0.832045
3.0924,-1.51112,-0.843484
3.1386,-1.55763,-0.8594
3.12898,-1.57686,-0.8594
3.13821,-1.60574,-0.864872
3.12057,-1.62095,-0.862633
3.10885,-1.63916,-0.862136
3.10386,-1.66095,-0.863628
3.09531,-1.68089,-0.864126
3.0807,-1.69751,-0.862882
3.07107,-1.71685,-0.863131
3.05121,-1.73041,-0.860395
3.04053,-1.7491,-0.860395
3.02974,-1.76772,-0.860395
3.02134,-1.78776,-0.861141
3.01447,-1.80875,-0.862385
3.00745,-1.82973,-0.863628
2.98957,-1.84408,-0.861639
2.97245,-1.8588,-0.859898
2.96181,-1.87752,-0.860147
2.9486,-1.89461,-0.859649
2.93449,-1.91108,-0.858903
2.92351,-1.92958,-0.859152
2.91323,-1.94856,-0.859649
2.90282,-1.96749,-0.860147
2.88431,-1.98088,-0.858157
2.8872,-2.00905,-0.862882
2.88195,-2.03175,-0.86512
2.86943,-2.0494,-0.86512
2.86072,-2.0698,-0.866364
2.84328,-2.08388,-0.864872
2.81644,-2.09089,-0.860395
2.8082,-2.11163,-0.861887
2.79442,-2.12823,-0.861639
2.78131,-2.14534,-0.861639
2.76657,-2.16117,-0.861141
2.7525,-2.17751,-0.860893
2.74438,-2.19859,-0.862633
2.73459,-2.21844,-0.863877
2.72617,-2.23948,-0.865618
2.71833,-2.26113,-0.867607
2.70811,-2.28088,-0.868851
2.69554,-2.29871,-0.869348
2.68138,-2.31521,-0.869348
2.65692,-2.32269,-0.865866
2.63682,-2.33382,-0.863877
2.61668,-2.34478,-0.861887
2.59578,-2.35493,-0.859649
2.58129,-2.37082,-0.859649
2.56598,-2.38595,-0.8594
2.55129,-2.40165,-0.8594
2.53861,-2.41926,-0.860147
2.52163,-2.43278,-0.8594
2.49973,-2.44143,-0.856914
2.47919,-2.45128,-0.854924
2.4641,-2.46644,-0.854924
2.44416,-2.47669,-0.853183
2.4323,-2.49511,-0.854427
2.41358,-2.5065,-0.853183
2.40149,-2.52477,-0.854427
2.38463,-2.53805,-0.853929
2.36638,-2.54979,-0.852935
2.35003,-2.56355,-0.852686
2.32776,-2.57074,-0.850199
2.30226,-2.57414,-0.846469
2.29219,-2.59475,-0.848707
2.27177,-2.60366,-0.846966
2.25449,-2.61608,-0.846469
2.24028,-2.63208,-0.847215
2.22346,-2.64503,-0.846966
2.20843,-2.66012,-0.847463
2.19636,-2.67886,-0.849204
2.17988,-2.69229,-0.849204
2.1603,-2.70183,-0.847961
2.14248,-2.71351,-0.847463
2.12341,-2.72355,-0.846469
2.10311,-2.73193,-0.844976
2.08865,-2.74786,-0.845971
2.06885,-2.75675,-0.844728
2.04843,-2.76473,-0.843236
2.02914,-2.77412,-0.842241
2.01265,-2.7873,-0.84249
1.98933,-2.79092,-0.839754
1.96938,-2.79911,-0.838511
1.95161,-2.81035,-0.838262
1.93269,-2.81987,-0.837516
1.91481,-2.83088,-0.837267
1.89525,-2.83935,-0.836272
1.87779,-2.85093,-0.836272
1.86185,-2.86483,-0.837018
1.84319,-2.87457,-0.836521
1.825,-2.88501,-0.836272
1.80778,-2.89697,-0.836521
1.78743,-2.90388,-0.835278
1.77108,-2.91728,-0.836024
1.75216,-2.92643,-0.835526
1.73614,-2.94046,-0.836521
1.71952,-2.95357,-0.837267
1.70378,-2.96827,-0.838511
1.68649,-2.98035,-0.839008
1.66675,-2.98811,-0.838262
1.64979,-3.00082,-0.839008
1.62442,-2.99812,-0.835278
1.6028,-3.00204,-0.833537
1.5821,-3.00754,-0.832293
1.56362,-3.01719,-0.832293
1.54727,-3.03104,-0.833537
1.52908,-3.04134,-0.833785
1.51383,-3.05761,-0.835775
1.49716,-3.0712,-0.837018
1.4808,-3.08556,-0.838511
1.45192,-3.07357,-0.832542
1.43711,-3.09121,-0.835029
1.41328,-3.0894,-0.832045
1.39231,-3.09359,-0.830801
1.37331,-3.10208,-0.830801
1.34961,-3.09979,-0.827817
1.33132,-3.10979,-0.828314
1.31259,-3.11879,-0.828563
1.29269,-3.125,-0.828066
1.27276,-3.13108,-0.827568
1.25568,-3.14423,-0.82906
1.23919,-3.15909,-0.83105
1.22292,-3.17476,-0.833288
1.20376,-3.18311,-0.833537
1.1805,-3.18045,-0.830801
1.16494,-3.19856,-0.833785
1.14594,-3.20747,-0.834283
1.1224,-3.20347,-0.831299
1.10366,-3.21305,-0.832045
1.08578,-3.22526,-0.833537
1.06597,-3.23187,-0.833537
1.05029,-3.25125,-0.837018
1.02828,-3.25117,-0.835278
1.00058,-3.23243,-0.828563
0,0,0
0,0,0
0,0,0
0.909617,-3.21594,-0.817869
0.890125,-3.22239,-0.818118
0.871344,-3.23153,-0.819113
0.853224,-3.24338,-0.820854
0,0,0
0,0,0
0,0,0
0,0,0
0,0,0
0,0,0
0,0,0
0,0,0
0,0,0
0,0,0
0,0,0
0,0,0
0,0,0
0,0,0
0,0,0
0,0,0
0,0,0
0,0,0
0,0,0
0,0,0
0,0,0
0,0,0
0,0,0
0,0,0
0,0,0
0,0,0
0,0,0
0,0,0
0,0,0
0,0,0
0,0,0
0,0,0
0,0,0
0,0,0
0,0,0
0,0,0
0,0,0
0,0,0
0,0,0
0,0,0
0,0,0
0,0,0
0,0,0
0,0,0
0,0,0
0,0,0
0,0,0
0,0,0
0,0,0
0,0,0
0,0,0
0,0,0
0,0,0
0,0,0
0,0,0
0,0,0
0,0,0
0,0,0
0,0,0
0,0,0
0,0,0
0,0,0
0,0,0
0,0,0
0,0,0
0,0,0
0,0,0
0,0,0
0,0,0
0,0,0
0,0,0
0,0,0
0,0,0
0,0,0
0,0,0
0,0,0
0,0,0
0,0,0
0,0,0
0,0,0
0,0,0
0,0,0
0,0,0
0,0,0
0,0,0
0,0,0
0,0,0
0,0,0
0,0,0
0,0,0
0,0,0
0,0,0
0,0,0
0,0,0
0,0,0
0,0,0
0,0,0
0,0,0
0,0,0
0,0,0
0,0,0
0,0,0
0,0,0
0,0,0
0,0,0
0,0,0
0,0,0
0,0,0
0,0,0
0,0,0
0,0,0
0,0,0
0,0,0
0,0,0
0,0,0
0,0,0
0,0,0
0,0,0
0,0,0
0,0,0
0,0,0
0,0,0
0,0,0
0,0,0
0,0,0
0,0,0
0,0,0
0,0,0
0,0,0
0,0,0
0,0,0
0,0,0
0,0,0
0,0,0
0,0,0
0,0,0
0,0,0
0,0,0
0,0,0
0,0,0
0,0,0
0,0,0
0,0,0
0,0,0
0,0,0
0,0,0
0,0,0
0,0,0
0,0,0
0,0,0
0,0,0
0,0,0
0,0,0
0,0,0
0,0,0
0,0,0
0,0,0
0,0,0
0,0,0
0,0,0
0,0,0
0,0,0
0,0,0
0,0,0
0,0,0
0,0,0
0,0,0
0,0,0
0,0,0
0,0,0
0,0,0
0,0,0
0,0,0
0,0,0
0,0,0
0,0,0
0,0,0
0,0,0
0,0,0
0,0,0
0,0,0
0,0,0
0,0,0
0,0,0
0,0,0
0,0,0
0,0,0
0,0,0
0,0,0
0,0,0
0,0,0
0,0,0
0,0,0
0,0,0
0,0,0
0,0,0
0,0,0
0,0,0
0,0,0
0,0,0
0,0,0
0,0,0
0,0,0
0,0,0
0,0,0
0,0,0
0,0,0
0,0,0
0,0,0
0,0,0
0,0,0
0,0,0
0,0,0
0,0,0
0,0,0
0,0,0
0,0,0
0,0,0
0,0,0
0,0,0
0,0,0
0,0,0
0,0,0
0,0,0
0,0,0
0,0,0
0,0,0
0,0,0
0,0,0
0,0,0
0,0,0
0,0,0
0,0,0
0,0,0
0,0,0
0,0,0
0,0,0
0,0,0
0,0,0
0,0,0
0,0,0
0,0,0
0,0,0
0,0,0
0,0,0
0,0,0
0,0,0
0,0,0
0,0,0
0,0,0
0,0,0
0,0,0
0,0,0
0,0,0
0,0,0
0,0,0
0,0,0
0,0,0
0,0,0
0,0,0
0,0,0
0,0,0
0,0,0
0,0,0
0,0,0
0,0,0
0,0,0
0,0,0
0,0,0
0,0,0
0,0,0
0,0,0
0,0,0
0,0,0
0,0,0
0,0,0
0,0,0
0,0,0
0,0,0
0,0,0
0,0,0
0,0,0
0,0,0
0,0,0
0,0,0
0,0,0
0,0,0
0,0,0
0,0,0
0,0,0
0,0,0
0,0,0
0,0,0
0,0,0
0,0,0
0,0,0
0,0,0
0,0,0
0,0,0
0,0,0
0,0,0
0,0,0
0,0,0
0,0,0
0,0,0
0,0,0
0,0,0
0,0,0
0,0,0
0,0,0
0,0,0
0,0,0
0,0,0
0,0,0
0,0,0
0,0,0
0,0,0
0,0,0
0,0,0
0,0,0
0,0,0
0,0,0
0,0,0
0,0,0
0,0,0
0,0,0
0,0,0
0,0,0
0,0,0
0,0,0
0,0,0
0,0,0
0,0,0
0,0,0
0,0,0
0,0,0
0,0,0
0,0,0
0,0,0
0,0,0
0,0,0
0,0,0
0,0,0
0,0,0
0,0,0
0,0,0
0,0,0
0,0,0
0,0,0
0,0,0
0,0,0
0,0,0
0,0,0
0,0,0
0,0,0
0,0,0
0,0,0
0,0,0
0,0,0
0,0,0
0,0,0
0,0,0
0,0,0
0,0,0
0,0,0
0,0,0
0,0,0
0,0,0
0,0,0
0,0,0
0,0,0
0,0,0
0,0,0
0,0,0
0,0,0
0,0,0
0,0,0
0,0,0
0,0,0
0,0,0
0,0,0
0,0,0
0,0,0
0,0,0
0,0,0
0,0,0
0,0,0
0,0,0
0,0,0
0,0,0
0,0,0
0,0,0
0,0,0
0,0,0
0,0,0
0,0,0
0,0,0
0,0,0
0,0,0
0,0,0
0,0,0
0,0,0
0,0,0
0,0,0
0,0,0
0,0,0
0,0,0
0,0,0
0,0,0
0,0,0
0,0,0
0,0,0
0,0,0
0,0,0
0,0,0
0,0,0
0,0,0
0,0,0
0,0,0
0,0,0
0,0,0
0,0,0
0,0,0
0,0,0
0,0,0
0,0,0
0,0,0
0,0,0
0,0,0
0,0,0
0,0,0
0,0,0
0,0,0
0,0,0
0,0,0
0,0,0
0,0,0
0,0,0
0,0,0
0,0,0
0,0,0
0,0,0
0,0,0
0,0,0
0,0,0
0,0,0
0,0,0
0,0,0
0,0,0
0,0,0
0,0,0
0,0,0
0,0,0
0,0,0
0,0,0
0,0,0
0,0,0
0,0,0
0,0,0
0,0,0
0,0,0
0,0,0
0,0,0
0,0,0
0,0,0
0,0,0
0,0,0
0,0,0
0,0,0
0,0,0
0,0,0
0,0,0
0,0,0
0,0,0
0,0,0
0,0,0
0,0,0
0,0,0
0,0,0
0,0,0
0,0,0
0,0,0
0,0,0
0,0,0
0,0,0
0,0,0
0,0,0
0,0,0
0,0,0
0,0,0
0,0,0
0,0,0
0,0,0
0,0,0
0,0,0
0,0,0
0,0,0
0,0,0
0,0,0
0,0,0
0,0,0
0,0,0
0,0,0
0,0,0
0,0,0
0,0,0
0,0,0
0,0,0
0,0,0
0,0,0
0,0,0
0,0,0
0,0,0
0,0,0
0,0,0
0,0,0
0,0,0
0,0,0
0,0,0
0,0,0
0,0,0
0,0,0
0,0,0
0,0,0
0,0,0
0,0,0
0,0,0
0,0,0
0,0,0
0,0,0
0,0,0
0,0,0
0,0,0
0,0,0
0,0,0
0,0,0
0,0,0
0,0,0
0,0,0
0,0,0
0,0,0
0,0,0
0,0,0
0,0,0
0,0,0
0,0,0
0,0,0
0,0,0
0,0,0
0,0,0
0,0,0
0,0,0
0,0,0
0,0,0
0,0,0
0,0,0
0,0,0
0,0,0
0,0,0
0,0,0
0,0,0
0,0,0
0,0,0
0,0,0
0,0,0
0,0,0
0,0,0
0,0,0
0,0,0
0,0,0
0,0,0
0,0,0
0,0,0
0,0,0
0,0,0
0,0,0
0,0,0
0,0,0
0,0,0
0,0,0
0,0,0
0,0,0
0,0,0
0,0,0
0,0,0
0,0,0
0,0,0
0,0,0
0,0,0
0,0,0
0,0,0
0,0,0
0,0,0
0,0,0
0,0,0
0,0,0
0,0,0
0,0,0
0,0,0
0,0,0
0,0,0
0,0,0
0,0,0
0,0,0
0,0,0
0,0,0
0,0,0
0,0,0
0,0,0
0,0,0
0,0,0
0,0,0
0,0,0
0,0,0
0,0,0
0,0,0
0,0,0
0,0,0
1.09033,3.50208,-0.947186
1.11647,3.51005,-0.951346
1.13411,3.49119,-0.947966
1.15551,3.48417,-0.947966
1.17965,3.48524,-0.950306
1.19913,3.47246,-0.948747
1.22265,3.47142,-0.950566
1.24263,3.46021,-0.949526
1.26185,3.44708,-0.947966
1.285,3.4447,-0.949526
1.30337,3.42953,-0.947446
1.32578,3.42507,-0.948486
1.34677,3.41687,-0.948486
1.36663,3.40586,-0.947706
1.38787,3.3983,-0.947966
1.4061,3.38348,-0.946146
1.42233,3.36411,-0.943026
1.4437,3.3571,-0.943546
1.46273,3.34464,-0.942506
1.48048,3.32942,-0.940687
1.50009,3.31852,-0.940167
1.51438,3.29609,-0.936267
1.5309,3.27886,-0.933927
1.55223,3.27202,-0.934707
1.57102,3.25982,-0.933927
1.59057,3.24925,-0.933667
1.61434,3.24722,-0.936007
1.63641,3.24156,-0.937307
1.65715,3.23318,-0.937827
1.67918,3.22723,-0.939126
1.70211,3.22285,-0.940947
1.71912,3.20723,-0.939386
1.73876,3.19663,-0.939386
1.75648,3.18251,-0.938347
1.77126,3.16325,-0.935747
1.78968,3.15064,-0.935227
1.8085,3.13877,-0.934967
1.82578,3.12427,-0.933927
1.84639,3.11551,-0.934707
1.86497,3.10329,-0.934447
1.87896,3.08354,-0.931847
1.89581,3.06867,-0.930807
1.91256,3.0537,-0.929767
1.93126,3.04191,-0.929767
1.95772,3.04218,-0.933667
1.97055,3.02122,-0.930807
1.98479,3.00262,-0.928727
2.00586,2.9944,-0.930027
2.02799,2.98763,-0.931847
2.04465,2.97274,-0.931067
2.06009,2.95618,-0.929767
2.0704,2.93244,-0.926127
2.08386,2.91339,-0.924047
2.1,2.89821,-0.923267
2.11774,2.88527,-0.923267
2.13483,2.87144,-0.923007
2.15705,2.86446,-0.925087
2.17751,2.85501,-0.926387
2.1944,2.84083,-0.926127
2.21417,2.83036,-0.927167
2.23269,2.81823,-0.927687
2.24813,2.80222,-0.926907
2.26772,2.79137,-0.927947
2.2848,2.77741,-0.927947
2.30304,2.76482,-0.928467
2.31436,2.74399,-0.926127
2.32739,2.72533,-0.924567
2.34533,2.71246,-0.925087
2.35366,2.68857,-0.921707
2.36628,2.66974,-0.920147
2.38455,2.65733,-0.920927
2.39821,2.63979,-0.919887
2.41828,2.62929,-0.921447
2.43503,2.61511,-0.921707
2.44904,2.59801,-0.920927
2.46494,2.58293,-0.920927
2.47739,2.56429,-0.919627
2.48835,2.5442,-0.917807
2.49916,2.52408,-0.915987
2.51665,2.51075,-0.916767
2.5327,2.49594,-0.917027
2.5445,2.47698,-0.915727
2.56661,2.46801,-0.918327
2.58031,2.45089,-0.917807
2.59037,2.43038,-0.915987
2.60028,2.40985,-0.914167
2.61074,2.38993,-0.912607
2.61748,2.36674,-0.909747
2.63123,2.35,-0.909487
2.64778,2.33572,-0.910267
2.65769,2.31563,-0.908707
2.67551,2.30243,-0.910007
2.68738,2.28409,-0.909227
2.69617,2.26321,-0.907407
2.71,2.24662,-0.907407
2.71926,2.22628,-0.905847
2.73286,2.20955,-0.905847
2.74184,2.18913,-0.904287
2.75598,2.17286,-0.904547
2.77155,2.15769,-0.905327
2.78244,2.13888,-0.904547
2.79936,2.12468,-0.905847
2.80771,2.10399,-0.904287
2.82444,2.0896,-0.905587
2.84033,2.07451,-0.906627
2.84909,2.05421,-0.905327
2.86321,2.03781,-0.905847
2.86855,2.01521,-0.903507
2.88959,2.00363,-0.906367
2.88669,1.97549,-0.901427
2.89476,1.95504,-0.900127
2.91152,1.94045,-0.901687
2.91127,1.91459,-0.897787
2.91649,1.89248,-0.895707
2.90772,1.86153,-0.889207
2.91582,1.84159,-0.888167
2.90494,1.80987,-0.881147
2.83868,1.74446,-0.856707
2.75356,1.66892,-0.826547
2.76458,1.65249,-0.826807
2.77217,1.63402,-0.826027
2.78632,1.61941,-0.827327
2.82719,1.62006,-0.836947
2.92114,1.6502,-0.862947
3.02568,1.68489,-0.892067
3.04781,1.67281,-0.895707
3.0682,1.65959,-0.898827
3.086,1.64482,-0.901167
3.1003,1.6281,-0.902467
3.11367,1.61082,-0.903507
3.13553,1.59783,-0.907147
3.13406,1.57293,-0.903767
3.135,1.54939,-0.901167
3.1375,1.52674,-0.899087
3.15203,1.50996,-0.900647
3.16823,1.49389,-0.902727
3.17208,1.47198,-0.901167
3.17929,1.45169,-0.900647
3.17405,1.42582,-0.896487
3.17921,1.40475,-0.895447
3.186,1.38445,-0.894927
3.17223,1.35538,-0.888427
3.17426,1.33327,-0.886607
3.18774,1.31598,-0.888167
3.21275,1.3033,-0.893107
3.22517,1.28535,-0.894407
3.23479,1.26624,-0.894927
3.25242,1.25019,-0.897787
3.26003,1.23021,-0.897787
3.26389,1.20884,-0.896747
3.27034,1.18846,-0.896487
3.27484,1.16739,-0.895707
3.27921,1.14632,-0.894927
3.28618,1.12618,-0.894927
3.28754,1.10415,-0.893367
3.2915,1.08305,-0.892587
3.30176,1.06402,-0.893627
3.30823,1.04374,-0.893627
3.31641,1.02399,-0.894147
3.32171,1.00334,-0.893887
3.32595,0.982395,-0.893367
3.33563,0.963041,-0.894407
3.34054,0.942294,-0.894147
3.33882,0.919725,-0.892067
3.33787,0.897464,-0.890247
3.33864,0.875739,-0.888947
3.33179,0.852123,-0.885567
3.33602,0.83143,-0.885307
3.34481,0.811857,-0.886347
3.34222,0.78954,-0.884267
3.35923,0.771832,-0.887647
3.37238,0.753103,-0.889987
3.37411,0.731781,-0.889207
3.36909,0.709072,-0.886607
3.37054,0.687807,-0.885827
3.36522,0.665237,-0.883227
3.37967,0.646575,-0.886087
3.36839,0.623011,-0.881927
3.36834,0.60165,-0.880887
3.37958,0.582285,-0.882967
3.38214,0.561379,-0.882707
3.38647,0.540769,-0.882967
3.38591,0.519393,-0.881927
3.38712,0.498326,-0.881407
3.39203,0.477803,-0.881927
3.39298,0.456723,-0.881407
3.40626,0.437251,-0.884267
3.40888,0.416343,-0.884267
3.4411,0.398875,-0.892327
1.4605,0.159553,-0.355169
1.46722,0.151187,-0.356729
1.46524,0.1419,-0.355949
1.46992,0.133258,-0.356989
1.47553,0.124646,-0.358289
1.47337,0.115362,-0.357509
1.47405,0.106319,-0.357509
1.47757,0.0974657,-0.358289
1.47621,0.0882809,-0.357769
1.47769,0.0792739,-0.358029
1.47622,0.0701123,-0.357509
1.47276,0.0608905,-0.356469
1.47407,0.0518874,-0.356729
1.47436,0.0428417,-0.356729
1.46784,0.0336342,-0.354909
1.47768,0.0247966,-0.357509
1.4807,0.0157623,-0.358289
1.47594,0.00665115,-0.356989
1.48271,-0.00241091,-0.358809
1.48267,-0.0115086,-0.358809
1.46905,-0.0204285,-0.355169
1.4689,-0.029442,-0.355169
1.47062,-0.0385035,-0.355689
1.46843,-0.0474654,-0.355169
1.4739,-0.0566928,-0.356729
1.47256,-0.0656931,-0.356469
1.47116,-0.0746791,-0.356209
1.46682,-0.0834881,-0.355169
1.46532,-0.0924268,-0.354909
1.46087,-0.101152,-0.353869
1.46407,-0.110401,-0.354909
1.45182,-0.11845,-0.351789
1.45491,-0.12769,-0.352829
1.43872,-0.135182,-0.348669
1.44651,-0.144866,-0.351009
3.38343,-0.358279,-0.875687
3.41571,-0.382894,-0.885047
3.38932,-0.401017,-0.878547
3.37051,-0.419782,-0.874127
3.36691,-0.440331,-0.873867
3.3498,-0.45902,-0.869967
3.34118,-0.478745,-0.868407
3.34296,-0.49995,-0.869707
3.33505,-0.519711,-0.868407
3.33657,-0.540936,-0.869707
3.34366,-0.563159,-0.872567
3.33539,-0.582835,-0.871267
3.3403,-0.604835,-0.873607
3.33273,-0.624609,-0.872567
3.32694,-0.64468,-0.872047
3.32576,-0.665649,-0.872827
3.31405,-0.684483,-0.870747
3.31262,-0.705407,-0.871527
3.30917,-0.725926,-0.871787
3.29994,-0.745155,-0.870487
3.29155,-0.764517,-0.869447
3.28961,-0.785371,-0.870227
3.27723,-0.803703,-0.868147
3.26849,-0.822855,-0.867107
3.25964,-0.84193,-0.866067
3.25535,-0.862162,-0.866327
3.25372,-0.883131,-0.867367
3.24545,-0.902304,-0.866587
3.23707,-0.921408,-0.865807
3.23321,-0.941793,-0.866327
3.22644,-0.961338,-0.866067
3.21679,-0.979993,-0.865027
3.20979,-0.999425,-0.864767
3.2036,-1.0191,-0.864767
3.20004,-1.03963,-0.865547
3.1936,-1.05925,-0.865547
3.19344,-1.08099,-0.867367
3.18858,-1.10119,-0.867887
3.18176,-1.12074,-0.867887
3.18664,-1.14448,-0.871267
3.17865,-1.16368,-0.871007
3.17688,-1.18518,-0.872567
3.17226,-1.20568,-0.873347
3.1648,-1.22512,-0.873347
3.15363,-1.2431,-0.872307
3.14594,-1.26243,-0.872307
3.12025,-1.27441,-0.867107
3.09454,-1.28613,-0.861907
3.08036,-1.30246,-0.860087
3.04304,-1.30876,-0.851507
3.03052,-1.32547,-0.850207
3.0241,-1.34483,-0.850727
3.01403,-1.36256,-0.850207
3.01088,-1.38345,-0.851767
2.99971,-1.40067,-0.850987
2.9928,-1.41988,-0.851507
2.99186,-1.44199,-0.853847
2.99771,-1.46753,-0.858267
2.99556,-1.48933,-0.860347
2.98809,-1.50855,-0.860867
2.98394,-1.5295,-0.862427
2.97707,-1.54912,-0.863207
2.97007,-1.56871,-0.863987
2.96719,-1.59055,-0.866067
2.96247,-1.61149,-0.867627
2.94576,-1.62591,-0.865547
2.93573,-1.64395,-0.865547
2.92223,-1.66003,-0.864507
2.90278,-1.67263,-0.861647
2.89413,-1.69138,-0.862167
2.87872,-1.70616,-0.860607
2.86819,-1.72379,-0.860607
2.85921,-1.74236,-0.861127
2.84682,-1.75885,-0.860607
2.83925,-1.77834,-0.861647
2.83236,-1.79831,-0.862947
2.81965,-1.81461,-0.862427
2.81655,-1.83715,-0.865027
2.80684,-1.85547,-0.865547
2.79701,-1.87373,-0.866067
2.78945,-1.89356,-0.867367
2.7738,-1.90791,-0.866067
2.7565,-1.92103,-0.864247
2.74466,-1.93791,-0.864247
2.72957,-1.95247,-0.863207
2.72145,-1.97201,-0.864507
2.71241,-1.99096,-0.865547
2.71177,-2.0162,-0.869447
2.69395,-2.02874,-0.867627
2.68529,-2.04815,-0.868927
2.67497,-2.06636,-0.869707
2.66072,-2.08155,-0.869187
2.65168,-2.10083,-0.870487
2.63799,-2.11646,-0.870227
2.62345,-2.13139,-0.869707
2.61331,-2.1499,-0.870747
2.59858,-2.16466,-0.870227
2.58008,-2.1762,-0.868407
2.56668,-2.19199,-0.868407
2.55537,-2.20959,-0.869187
2.53813,-2.22205,-0.867887
2.52084,-2.23438,-0.866587
2.50492,-2.24788,-0.865807
2.48608,-2.25866,-0.863987
2.47217,-2.27387,-0.863987
2.45888,-2.28966,-0.864247
2.44338,-2.30338,-0.863727
2.4306,-2.31966,-0.864247
2.41702,-2.3352,-0.864507
2.39919,-2.34661,-0.863207
2.3772,-2.35382,-0.860347
2.35998,-2.36562,-0.859307
2.34203,-2.37662,-0.858007
2.32942,-2.39302,-0.858787
2.31202,-2.40449,-0.857747
2.28924,-2.41023,-0.854627
2.28234,-2.43268,-0.857747
2.2654,-2.44451,-0.856967
2.25231,-2.4605,-0.857747
2.23523,-2.47213,-0.856967
2.21423,-2.47932,-0.854627
2.19833,-2.49213,-0.854367
2.17792,-2.49975,-0.852287
2.16192,-2.51234,-0.852027
2.1402,-2.5182,-0.849427
2.1303,-2.53794,-0.851767
2.11592,-2.55245,-0.852287
2.10206,-2.56763,-0.853067
2.08323,-2.57672,-0.851767
2.06677,-2.5887,-0.851507
2.04965,-2.59982,-0.850987
2.0307,-2.60854,-0.849687
2.01524,-2.62171,-0.849947
1.99444,-2.62788,-0.847867
1.98118,-2.64393,-0.849167
1.96377,-2.65448,-0.848647
1.94346,-2.66102,-0.846827
1.92483,-2.66977,-0.845787
1.9101,-2.68389,-0.846567
1.88748,-2.68687,-0.843707
1.87702,-2.70712,-0.846567
1.85819,-2.7154,-0.845527
1.83933,-2.72355,-0.844487
1.81776,-2.72756,-0.842147
1.79993,-2.73705,-0.841627
1.78047,-2.74399,-0.840327
1.75943,-2.74836,-0.838247
1.73944,-2.75421,-0.836687
1.72966,-2.7763,-0.840327
1.71411,-2.78933,-0.841107
1.70047,-2.80557,-0.842927
1.68174,-2.81347,-0.842147
1.66591,-2.82623,-0.842927
1.65631,-2.84975,-0.847087
1.63303,-2.84981,-0.843967
1.61408,-2.85725,-0.843187
1.59511,-2.86457,-0.842407
1.57611,-2.87177,-0.841627
1.56076,-2.88563,-0.842927
1.54121,-2.89175,-0.841887
1.52343,-2.90115,-0.841887
1.50161,-2.90272,-0.839547
1.48157,-2.90758,-0.838247
1.46241,-2.91403,-0.837467
1.4445,-2.92295,-0.837467
1.42569,-2.93002,-0.836947
1.40894,-2.94132,-0.837727
1.39251,-2.95341,-0.838767
1.37192,-2.95664,-0.837207
1.35496,-2.96764,-0.837987
1.33831,-2.97942,-0.839027
1.31805,-2.98316,-0.837727
1.29857,-2.98853,-0.836947
1.27982,-2.99556,-0.836687
1.2603,-3.00068,-0.835907
1.23965,-3.003,-0.834347
1.2212,-3.01055,-0.834347
1.19877,-3.00813,-0.831487
1.18029,-3.01542,-0.831487
1.16384,-3.02802,-0.833047
1.14388,-3.03149,-0.832007
1.12559,-3.03935,-0.832267
1.11121,-3.058,-0.835647
1.09502,-3.07204,-0.837727
0,0,0
0,0,0
0,0,0
0,0,0
0,0,0
0,0,0
0,0,0
0,0,0
0,0,0
0,0,0
0,0,0
0,0,0
0,0,0
0,0,0
0,0,0
0,0,0
0,0,0
0,0,0
0,0,0
0,0,0
0,0,0
0,0,0
0,0,0
0,0,0
0,0,0
0,0,0
0,0,0
0,0,0
0,0,0
0,0,0
0,0,0
0,0,0
0,0,0
0,0,0
0,0,0
0,0,0
0,0,0
0,0,0
0,0,0
0,0,0
0,0,0
0,0,0
0,0,0
0,0,0
0,0,0
0,0,0
0,0,0
0,0,0
0,0,0
0,0,0
0,0,0
0,0,0
0,0,0
0,0,0
0,0,0
0,0,0
0,0,0
0,0,0
0,0,0
0,0,0
0,0,0
0,0,0
0,0,0
0,0,0
0,0,0
0,0,0
0,0,0
0,0,0
0,0,0
0,0,0
0,0,0
0,0,0
0,0,0
0,0,0
0,0,0
0,0,0
0,0,0
0,0,0
0,0,0
0,0,0
0,0,0
0,0,0
0,0,0
0,0,0
0,0,0
0,0,0
0,0,0
0,0,0
0,0,0
0,0,0
0,0,0
0,0,0
0,0,0
0,0,0
0,0,0
0,0,0
0,0,0
0,0,0
0,0,0
0,0,0
0,0,0
0,0,0
0,0,0
0,0,0
0,0,0
0,0,0
0,0,0
0,0,0
0,0,0
0,0,0
0,0,0
0,0,0
0,0,0
0,0,0
0,0,0
0,0,0
0,0,0
0,0,0
0,0,0
0,0,0
0,0,0
0,0,0
0,0,0
0,0,0
0,0,0
0,0,0
0,0,0
0,0,0
0,0,0
0,0,0
0,0,0
0,0,0
0,0,0
0,0,0
0,0,0
0,0,0
0,0,0
0,0,0
0,0,0
0,0,0
0,0,0
0,0,0
0,0,0
0,0,0
0,0,0
0,0,0
0,0,0
0,0,0
0,0,0
0,0,0
0,0,0
0,0,0
0,0,0
0,0,0
0,0,0
0,0,0
0,0,0
0,0,0
0,0,0
0,0,0
0,0,0
0,0,0
0,0,0
0,0,0
0,0,0
0,0,0
0,0,0
0,0,0
0,0,0
0,0,0
0,0,0
0,0,0
0,0,0
0,0,0
0,0,0
0,0,0
0,0,0
0,0,0
0,0,0
0,0,0
0,0,0
0,0,0
0,0,0
0,0,0
0,0,0
0,0,0
0,0,0
0,0,0
0,0,0
0,0,0
0,0,0
0,0,0
0,0,0
0,0,0
0,0,0
0,0,0
0,0,0
0,0,0
0,0,0
0,0,0
0,0,0
0,0,0
0,0,0
0,0,0
0,0,0
0,0,0
0,0,0
0,0,0
0,0,0
0,0,0
0,0,0
0,0,0
0,0,0
0,0,0
0,0,0
0,0,0
0,0,0
0,0,0
0,0,0
0,0,0
0,0,0
0,0,0
0,0,0
0,0,0
0,0,0
0,0,0
0,0,0
0,0,0
0,0,0
0,0,0
0,0,0
0,0,0
0,0,0
0,0,0
0,0,0
0,0,0
0,0,0
0,0,0
0,0,0
0,0,0
0,0,0
0,0,0
0,0,0
0,0,0
0,0,0
0,0,0
0,0,0
0,0,0
0,0,0
0,0,0
0,0,0
0,0,0
0,0,0
0,0,0
0,0,0
0,0,0
0,0,0
0,0,0
0,0,0
0,0,0
0,0,0
0,0,0
0,0,0
0,0,0
0,0,0
0,0,0
0,0,0
0,0,0
0,0,0
0,0,0
0,0,0
0,0,0
0,0,0
0,0,0
0,0,0
0,0,0
0,0,0
0,0,0
0,0,0
0,0,0
0,0,0
0,0,0
0,0,0
0,0,0
0,0,0
0,0,0
0,0,0
0,0,0
0,0,0
0,0,0
0,0,0
0,0,0
0,0,0
0,0,0
0,0,0
0,0,0
0,0,0
0,0,0
0,0,0
0,0,0
0,0,0
0,0,0
0,0,0
0,0,0
0,0,0
0,0,0
0,0,0
0,0,0
0,0,0
0,0,0
0,0,0
0,0,0
0,0,0
0,0,0
0,0,0
0,0,0
0,0,0
0,0,0
0,0,0
0,0,0
0,0,0
0,0,0
0,0,0
0,0,0
0,0,0
0,0,0
0,0,0
0,0,0
0,0,0
0,0,0
0,0,0
0,0,0
0,0,0
0,0,0
0,0,0
0,0,0
0,0,0
0,0,0
0,0,0
0,0,0
0,0,0
0,0,0
0,0,0
0,0,0
0,0,0
0,0,0
0,0,0
0,0,0
0,0,0
0,0,0
0,0,0
0,0,0
0,0,0
0,0,0
0,0,0
0,0,0
0,0,0
0,0,0
0,0,0
0,0,0
0,0,0
0,0,0
0,0,0
0,0,0
0,0,0
0,0,0
0,0,0
0,0,0
0,0,0
0,0,0
0,0,0
0,0,0
0,0,0
0,0,0
0,0,0
0,0,0
0,0,0
0,0,0
0,0,0
0,0,0
0,0,0
0,0,0
0,0,0
0,0,0
0,0,0
0,0,0
0,0,0
0,0,0
0,0,0
0,0,0
0,0,0
0,0,0
0,0,0
0,0,0
0,0,0
0,0,0
0,0,0
0,0,0
0,0,0
0,0,0
0,0,0
0,0,0
0,0,0
0,0,0
0,0,0
0,0,0
0,0,0
0,0,0
0,0,0
0,0,0
0,0,0
0,0,0
0,0,0
0,0,0
0,0,0
0,0,0
0,0,0
0,0,0
0,0,0
0,0,0
0,0,0
0,0,0
0,0,0
0,0,0
0,0,0
0,0,0
0,0,0
0,0,0
0,0,0
0,0,0
0,0,0
0,0,0
0,0,0
0,0,0
0,0,0
0,0,0
0,0,0
0,0,0
0,0,0
0,0,0
0,0,0
0,0,0
0,0,0
0,0,0
0,0,0
0,0,0
0,0,0
0,0,0
0,0,0
0,0,0
0,0,0
0,0,0
0,0,0
0,0,0
0,0,0
0,0,0
0,0,0
0,0,0
0,0,0
0,0,0
0,0,0
0,0,0
0,0,0
0,0,0
0,0,0
0,0,0
0,0,0
0,0,0
0,0,0
0,0,0
0,0,0
0,0,0
0,0,0
0,0,0
0,0,0
0,0,0
0,0,0
0,0,0
0,0,0
0,0,0
0,0,0
0,0,0
0,0,0
0,0,0
0,0,0
0,0,0
0,0,0
0,0,0
0,0,0
0,0,0
0,0,0
0,0,0
0,0,0
0,0,0
0,0,0
0,0,0
0,0,0
0,0,0
0,0,0
0,0,0
0,0,0
0,0,0
0,0,0
0,0,0
0,0,0
0,0,0
0,0,0
0,0,0
0,0,0
0,0,0
0,0,0
0,0,0
0,0,0
0,0,0
0,0,0
0,0,0
0,0,0
0,0,0
0,0,0
0,0,0
0,0,0
0,0,0
0,0,0
0,0,0
0,0,0
0,0,0
0,0,0
0,0,0
0,0,0
0,0,0
0,0,0
0,0,0
0,0,0
0,0,0
0,0,0
0,0,0
0,0,0
0,0,0
0,0,0
0,0,0
0,0,0
0,0,0
0,0,0
0,0,0
0,0,0
0,0,0
0,0,0
0,0,0
0,0,0
0,0,0
0,0,0
0,0,0
0,0,0
0,0,0
0,0,0
0,0,0
0,0,0
0,0,0
0,0,0
0,0,0
0,0,0
0,0,0
0,0,0
0,0,0
0,0,0
0,0,0
0,0,0
0,0,0
0,0,0
0,0,0
0,0,0
0,0,0
0,0,0
0,0,0
0,0,0
0,0,0
0,0,0
0,0,0
0,0,0
0,0,0
0,0,0
0,0,0
0,0,0
0,0,0
0,0,0
0,0,0
0,0,0
0,0,0
0,0,0
0,0,0
0,0,0
0,0,0
0,0,0
0,0,0
0,0,0
0,0,0
0,0,0
0,0,0
0,0,0
0,0,0
0,0,0
0,0,0
0,0,0
0,0,0
1.10765,3.27808,-0.933283
0,0,0
0,0,0
0,0,0
0,0,0
1.22617,3.29217,-0.948185
1.24088,3.27019,-0.94385
1.26162,3.26431,-0.944392
1.28198,3.2574,-0.944663
1.30516,3.25752,-0.947101
1.32367,3.24588,-0.946017
1.34061,3.23059,-0.94385
1.35891,3.21875,-0.942766
1.37483,3.20151,-0.940057
1.39638,3.19742,-0.941411
1.41363,3.18352,-0.939786
1.43076,3.16952,-0.93816
1.45178,3.16418,-0.939244
1.46914,3.15085,-0.937889
1.48515,3.13482,-0.935722
1.50059,3.11784,-0.933283
1.51801,3.10511,-0.932199
1.53703,3.09574,-0.932199
1.55773,3.08969,-0.933283
1.57797,3.08264,-0.934096
1.59819,3.07547,-0.934909
1.62242,3.07582,-0.93816
1.63945,3.06241,-0.937076
1.65775,3.05145,-0.936805
1.67597,3.04038,-0.936534
1.6946,3.03004,-0.936534
1.71221,3.01791,-0.935993
1.73069,3.00734,-0.935993
1.7462,2.99168,-0.934367
1.76354,2.97925,-0.933825
1.7808,2.96673,-0.933283
1.80348,2.96314,-0.935722
1.81859,2.94711,-0.934096
1.83664,2.93589,-0.934096
1.8541,2.92375,-0.933825
1.86628,2.90342,-0.930845
1.87986,2.88546,-0.928677
1.90018,2.87789,-0.930032
1.91566,2.86297,-0.928948
1.92779,2.8432,-0.926239
1.9452,2.83132,-0.926239
1.96033,2.81617,-0.925155
1.97758,2.80409,-0.925155
2.00314,2.80365,-0.929219
2.01466,2.78351,-0.92651
2.03284,2.77264,-0.927052
2.05154,2.76244,-0.927864
2.06729,2.74826,-0.927323
2.08528,2.73705,-0.927864
2.09615,2.71659,-0.925155
2.111,2.7014,-0.924342
2.12754,2.68839,-0.924342
2.14099,2.67153,-0.922988
2.1628,2.66507,-0.925426
2.18094,2.65398,-0.926239
2.19534,2.63833,-0.925426
2.20901,2.62187,-0.924342
2.22005,2.60241,-0.922175
2.22843,2.57999,-0.918924
2.24422,2.56627,-0.918924
2.25928,2.55173,-0.918653
2.27618,2.53926,-0.919195
2.29754,2.53166,-0.921633
2.31564,2.52035,-0.922717
2.33237,2.5075,-0.923259
2.34507,2.49034,-0.922175
2.3623,2.47799,-0.922988
2.37011,2.45583,-0.920007
2.37706,2.43298,-0.916756
2.38923,2.41561,-0.915672
2.39788,2.39479,-0.913234
2.41664,2.38408,-0.91486
2.42709,2.36518,-0.913234
2.44572,2.35425,-0.91486
2.46221,2.34119,-0.915672
2.47863,2.32801,-0.916485
2.48581,2.30621,-0.913776
2.4985,2.28962,-0.913234
2.5075,2.26972,-0.911337
2.51923,2.25237,-0.910525
2.53661,2.24005,-0.911879
2.54741,2.22192,-0.910796
2.56099,2.20625,-0.910796
2.57595,2.19174,-0.911337
2.58124,2.16908,-0.908357
2.5908,2.15013,-0.907002
2.61064,2.13968,-0.909441
2.6125,2.11454,-0.905377
2.62993,2.10207,-0.907002
2.64656,2.08888,-0.908357
2.66161,2.07438,-0.90917
2.67962,2.06211,-0.911066
2.69146,2.04505,-0.910796
2.70011,2.02561,-0.909441
2.70552,2.00385,-0.907002
2.71,1.98153,-0.904293
2.71508,1.9598,-0.901855
2.72156,1.93919,-0.899958
2.72869,1.91913,-0.898332
2.74357,1.90455,-0.899416
2.7568,1.88877,-0.899958
2.77073,1.87343,-0.900771
2.78057,1.85533,-0.900229
2.78547,1.834,-0.898062
2.7894,1.81215,-0.895623
2.79399,1.79085,-0.893456
2.79679,1.76853,-0.890746
2.79452,1.74318,-0.886411
2.73383,1.68213,-0.86284
2.74081,1.66332,-0.861756
2.74518,1.64301,-0.859859
2.75355,1.62516,-0.859318
2.7643,1.60872,-0.859589
2.77746,1.59364,-0.860672
2.80478,1.58652,-0.866362
2.87416,1.60256,-0.885598
2.8831,1.58443,-0.885327
2.92408,1.58367,-0.895352
2.9312,1.56433,-0.894539
2.9433,1.54766,-0.895352
2.95274,1.52957,-0.895352
2.95864,1.50968,-0.894268
2.96785,1.4915,-0.894268
2.98039,1.47497,-0.895352
2.99977,1.46171,-0.898603
3.00434,1.44119,-0.897249
3.01661,1.42438,-0.898332
3.01569,1.40138,-0.895352
3.00497,1.37404,-0.889392
3.01686,1.35716,-0.890475
3.01721,1.33512,-0.888037
3.02887,1.31812,-0.889121
3.03868,1.30026,-0.889662
3.04837,1.28234,-0.890204
3.06241,1.26619,-0.892101
3.07993,1.25136,-0.895081
3.09381,1.23493,-0.896978
3.09506,1.21347,-0.895081
3.10154,1.19411,-0.89481
3.10521,1.17369,-0.893727
3.11145,1.15428,-0.893456
3.11576,1.13418,-0.892643
3.11813,1.11342,-0.891288
3.12036,1.09268,-0.889933
3.13065,1.07476,-0.891017
3.13445,1.05461,-0.890204
3.1372,1.03416,-0.889121
3.14807,1.01637,-0.890475
3.15241,0.99645,-0.889933
3.17042,0.980785,-0.893456
3.17638,0.961313,-0.893456
3.17852,0.940713,-0.892372
3.19256,0.923599,-0.89481
3.1889,0.901375,-0.892101
3.19994,0.883328,-0.893727
3.19693,0.861424,-0.891288
3.19564,0.840079,-0.889392
3.19328,0.818544,-0.887224
3.19264,0.797536,-0.885598
3.1956,0.777476,-0.885057
3.19375,0.756302,-0.88316
3.19927,0.736907,-0.883431
3.20843,0.718314,-0.884786
3.21184,0.698409,-0.884515
3.21983,0.679483,-0.885598
3.22111,0.659135,-0.884786
3.22509,0.639359,-0.884786
3.22612,0.619014,-0.883973
3.22607,0.598505,-0.882889
3.23821,0.580226,-0.885327
3.24361,0.560674,-0.885869
3.24793,0.540919,-0.88614
3.2607,0.522502,-0.88885
3.26099,0.502045,-0.888037
3.26686,0.482449,-0.88885
3.27262,0.462798,-0.889662
1.46959,0.198856,-0.37678
1.45837,0.188236,-0.373258
1.44804,0.177879,-0.370006
1.4405,0.167989,-0.367568
1.43289,0.158199,-0.365129
1.43096,0.149106,-0.364317
1.41748,0.138918,-0.360253
1.41543,0.129955,-0.35944
1.41236,0.12094,-0.358356
1.41691,0.112576,-0.35944
1.42334,0.1043,-0.361065
1.42971,0.0959499,-0.362691
1.4322,0.0872921,-0.363233
1.43847,0.078817,-0.364859
1.43412,0.0697567,-0.363504
1.43933,0.0611588,-0.364859
1.43872,0.0522913,-0.364588
1.44382,0.0436065,-0.365942
1.4431,0.0347237,-0.365671
1.44425,0.0258853,-0.365942
1.44534,0.0170341,-0.366213
1.44157,0.00814466,-0.365129
1.43967,-0.000699341,-0.364588
1.44156,-0.00954625,-0.365129
1.43185,-0.0182659,-0.36242
1.42979,-0.0270143,-0.361878
1.43344,-0.0358842,-0.362962
1.42742,-0.0444974,-0.361336
1.42905,-0.0533274,-0.361878
1.43254,-0.0622632,-0.362962
1.42252,-0.0705722,-0.360253
1.41629,-0.0789761,-0.358627
1.41002,-0.0873063,-0.357001
1.40081,-0.0953654,-0.354563
1.405,-0.104317,-0.355918
1.40145,-0.112703,-0.355105
1.3969,-0.120967,-0.354021
1.39134,-0.12909,-0.352666
1.42022,-0.140572,-0.361065
1.39156,-0.146356,-0.353208
1.42125,-0.15831,-0.361878
1.39158,-0.163647,-0.35375
1.28642,-0.159259,-0.324218
3.26033,-0.424576,-0.884786
3.25766,-0.444573,-0.884786
3.25106,-0.464009,-0.883702
3.24244,-0.483097,-0.882076
3.24322,-0.503574,-0.88316
3.23151,-0.522082,-0.880722
3.2254,-0.541422,-0.879909
3.22771,-0.562194,-0.881534
3.21852,-0.580962,-0.879909
3.21111,-0.599991,-0.878825
3.20075,-0.618404,-0.876928
3.18934,-0.636524,-0.874761
3.17783,-0.654527,-0.872593
3.17376,-0.674013,-0.872593
3.15828,-0.691004,-0.869342
3.15116,-0.709735,-0.868529
3.14393,-0.728405,-0.867717
3.14409,-0.748797,-0.869071
3.13943,-0.768075,-0.869071
3.13186,-0.78662,-0.868258
3.12791,-0.806062,-0.868529
3.12011,-0.824502,-0.867717
3.11406,-0.843379,-0.867446
3.10512,-0.861441,-0.866362
3.09792,-0.879951,-0.86582
3.08969,-0.898136,-0.865007
3.08413,-0.917078,-0.865007
3.07936,-0.936264,-0.865278
3.07632,-0.955999,-0.866091
3.07039,-0.974856,-0.866091
3.06985,-0.99546,-0.867717
3.06734,-1.01549,-0.8688
3.06287,-1.03491,-0.869342
3.05919,-1.05462,-0.870155
3.04994,-1.07241,-0.869342
3.04058,-1.09013,-0.868529
3.03384,-1.10877,-0.868529
3.01435,-1.12266,-0.864736
3.0083,-1.14148,-0.865007
2.99945,-1.15922,-0.864465
2.99317,-1.17795,-0.864736
2.985,-1.19594,-0.864465
2.9776,-1.21423,-0.864465
2.9781,-1.2358,-0.866904
2.96514,-1.2518,-0.865278
2.95298,-1.26807,-0.863923
2.93368,-1.28116,-0.860401
2.91872,-1.29601,-0.858234
2.91686,-1.31667,-0.86013
2.91135,-1.33574,-0.860943
2.90048,-1.35236,-0.86013
2.89126,-1.36972,-0.859859
2.8802,-1.38618,-0.859047
2.86126,-1.39876,-0.855795
2.86383,-1.42185,-0.859318
2.85677,-1.44026,-0.859859
2.84531,-1.45645,-0.859047
2.84144,-1.47655,-0.860672
2.82978,-1.4926,-0.859859
2.82311,-1.5113,-0.860672
2.8197,-1.53181,-0.862569
2.81109,-1.54955,-0.86284
2.80909,-1.571,-0.865278
2.80777,-1.59296,-0.867988
2.79795,-1.61016,-0.867988
2.79217,-1.62972,-0.869342
2.78295,-1.64731,-0.869613
2.76453,-1.6594,-0.866904
2.7543,-1.67633,-0.866904
2.73413,-1.68714,-0.863653
2.72781,-1.70643,-0.865007
2.72542,-1.72829,-0.867717
2.7099,-1.74186,-0.866091
2.70723,-1.76371,-0.8688
2.69636,-1.78029,-0.8688
2.68458,-1.79627,-0.868529
2.67431,-1.81324,-0.8688
2.65758,-1.8258,-0.866904
2.64316,-1.83987,-0.86582
2.62868,-1.85384,-0.864736
2.60942,-1.86434,-0.862027
2.60339,-1.88426,-0.863923
2.58324,-1.89394,-0.860943
2.57312,-1.9109,-0.861485
2.55981,-1.9255,-0.860943
2.5556,-1.947,-0.863653
2.55046,-1.96794,-0.866091
2.54744,-1.99067,-0.869342
2.54197,-2.01164,-0.871781
2.52658,-2.02479,-0.870697
2.5156,-2.04147,-0.871239
2.50303,-2.05686,-0.871239
2.48666,-2.0691,-0.869884
2.47392,-2.08432,-0.869884
2.46621,-2.10384,-0.871781
2.44815,-2.11452,-0.869884
2.43513,-2.12951,-0.869884
2.42058,-2.14313,-0.869342
2.39592,-2.14766,-0.865007
2.37984,-2.15973,-0.863923
2.36371,-2.17169,-0.86284
2.34964,-2.1855,-0.862569
2.33688,-2.20053,-0.86284
2.32264,-2.21417,-0.862569
2.31593,-2.23506,-0.865278
2.30493,-2.25192,-0.866362
2.29039,-2.26534,-0.866091
2.27848,-2.2814,-0.866904
2.26444,-2.29534,-0.866904
2.24897,-2.30781,-0.866362
2.23544,-2.32226,-0.866633
2.21916,-2.33384,-0.86582
2.20348,-2.34601,-0.865278
2.18904,-2.35948,-0.865278
2.17257,-2.37074,-0.864465
2.15217,-2.3776,-0.862027
2.13497,-2.38789,-0.860943
2.11519,-2.39518,-0.858776
2.09286,-2.3994,-0.855524
2.07495,-2.40855,-0.85417
2.05515,-2.41537,-0.852002
2.03781,-2.42499,-0.850919
2.02843,-2.44412,-0.853357
2.01217,-2.45503,-0.852815
1.99889,-2.46957,-0.853628
1.9885,-2.48781,-0.855795
1.9732,-2.49996,-0.855795
1.95901,-2.51354,-0.856337
1.94061,-2.5217,-0.854983
1.92219,-2.52973,-0.853628
1.90086,-2.53377,-0.850919
1.88585,-2.54616,-0.851189
1.86848,-2.55535,-0.850377
1.85052,-2.56365,-0.849293
1.83978,-2.58201,-0.851731
1.82058,-2.58852,-0.850106
1.80301,-2.59727,-0.849293
1.78378,-2.60352,-0.847667
1.76777,-2.61442,-0.847667
1.7533,-2.62762,-0.84848
1.73873,-2.64074,-0.849293
1.72407,-2.65378,-0.850106
1.70775,-2.66431,-0.850106
1.68983,-2.6723,-0.849293
1.67034,-2.67772,-0.847667
1.65287,-2.68627,-0.847125
1.63586,-2.69554,-0.846855
1.61534,-2.69892,-0.844687
1.6007,-2.7121,-0.845771
1.58306,-2.7202,-0.845229
1.56826,-2.73321,-0.846313
1.55004,-2.74026,-0.8455
1.53132,-2.74636,-0.844416
1.51398,-2.75486,-0.844145
1.4975,-2.76494,-0.844416
1.4796,-2.77238,-0.843874
1.46346,-2.78311,-0.844416
1.44503,-2.78948,-0.843603
1.42963,-2.80172,-0.844687
1.41242,-2.81044,-0.844687
1.396,-2.82078,-0.845229
1.37993,-2.83189,-0.846042
1.36294,-2.84117,-0.846313
1.34261,-2.84338,-0.844416
1.32473,-2.8507,-0.844145
1.30401,-2.85177,-0.841978
1.28333,-2.85269,-0.83981
1.26736,-2.86403,-0.840894
1.24554,-2.86205,-0.837914
1.22795,-2.86964,-0.837914
1.21144,-2.87978,-0.838726
1.19118,-2.88093,-0.83683
1.17637,-2.89532,-0.838997
1.1593,-2.90427,-0.839539
1.13935,-2.90595,-0.837914
1.12669,-2.92636,-0.841978
1.11041,-2.93772,-0.843332
1.09069,-2.93997,-0.841978
1.07658,-2.95746,-0.845229
0,0,0
1.03862,-2.96591,-0.843874
1.0229,-2.97951,-0.846042
0.999686,-2.97113,-0.841707
0.982642,-2.98087,-0.84279
0.96729,-2.996,-0.8455
0.945408,-2.99086,-0.842249
0,0,0
0,0,0
0,0,0
0,0,0
0,0,0
0,0,0
0,0,0
0,0,0
0,0,0
0,0,0
0,0,0
0,0,0
0,0,0
0,0,0
0,0,0
0,0,0
0,0,0
0,0,0
0,0,0
0,0,0
0,0,0
0,0,0
0,0,0
0,0,0
0,0,0
0,0,0
0,0,0
0,0,0
0,0,0
0,0,0
0,0,0
0,0,0
0,0,0
0,0,0
0,0,0
0,0,0
0,0,0
0,0,0
0,0,0
0,0,0
0,0,0
0,0,0
0,0,0
0,0,0
0,0,0
0,0,0
0,0,0
0,0,0
0,0,0
0,0,0
0,0,0
0,0,0
0,0,0
0,0,0
0,0,0
0,0,0
0,0,0
0,0,0
0,0,0
0,0,0
0,0,0
0,0,0
0,0,0
0,0,0
0,0,0
0,0,0
0,0,0
0,0,0
0,0,0
0,0,0
0,0,0
0,0,0
0,0,0
0,0,0
0,0,0
0,0,0
0,0,0
0,0,0
0,0,0
0,0,0
0,0,0
0,0,0
0,0,0
0,0,0
0,0,0
0,0,0
0,0,0
0,0,0
0,0,0
0,0,0
0,0,0
0,0,0
0,0,0
0,0,0
0,0,0
0,0,0
0,0,0
0,0,0
0,0,0
0,0,0
0,0,0
0,0,0
0,0,0
0,0,0
0,0,0
0,0,0
0,0,0
0,0,0
0,0,0
0,0,0
0,0,0
0,0,0
0,0,0
0,0,0
0,0,0
0,0,0
0,0,0
0,0,0
0,0,0
0,0,0
0,0,0
0,0,0
0,0,0
0,0,0
0,0,0
0,0,0
0,0,0
0,0,0
0,0,0
0,0,0
0,0,0
0,0,0
0,0,0
0,0,0
0,0,0
0,0,0
0,0,0
0,0,0
0,0,0
0,0,0
0,0,0
0,0,0
0,0,0
0,0,0
0,0,0
0,0,0
0,0,0
0,0,0
0,0,0
0,0,0
0,0,0
0,0,0
0,0,0
0,0,0
0,0,0
0,0,0
0,0,0
0,0,0
0,0,0
0,0,0
0,0,0
0,0,0
0,0,0
0,0,0
0,0,0
0,0,0
0,0,0
0,0,0
0,0,0
0,0,0
0,0,0
0,0,0
0,0,0
0,0,0
0,0,0
0,0,0
0,0,0
0,0,0
0,0,0
0,0,0
0,0,0
0,0,0
0,0,0
0,0,0
0,0,0
0,0,0
0,0,0
0,0,0
0,0,0
0,0,0
0,0,0
0,0,0
0,0,0
0,0,0
0,0,0
0,0,0
0,0,0
0,0,0
0,0,0
0,0,0
0,0,0
0,0,0
0,0,0
0,0,0
0,0,0
0,0,0
0,0,0
0,0,0
0,0,0
0,0,0
0,0,0
0,0,0
0,0,0
0,0,0
0,0,0
0,0,0
0,0,0
0,0,0
0,0,0
0,0,0
0,0,0
0,0,0
0,0,0
0,0,0
0,0,0
0,0,0
0,0,0
0,0,0
0,0,0
0,0,0
0,0,0
0,0,0
0,0,0
0,0,0
0,0,0
0,0,0
0,0,0
0,0,0
0,0,0
0,0,0
0,0,0
0,0,0
0,0,0
0,0,0
0,0,0
0,0,0
0,0,0
0,0,0
0,0,0
0,0,0
0,0,0
0,0,0
0,0,0
0,0,0
0,0,0
0,0,0
0,0,0
0,0,0
0,0,0
0,0,0
0,0,0
0,0,0
0,0,0
0,0,0
0,0,0
0,0,0
0,0,0
0,0,0
0,0,0
0,0,0
0,0,0
0,0,0
0,0,0
0,0,0
0,0,0
0,0,0
0,0,0
0,0,0
0,0,0
0,0,0
0,0,0
0,0,0
0,0,0
0,0,0
0,0,0
0,0,0
0,0,0
0,0,0
0,0,0
0,0,0
0,0,0
0,0,0
0,0,0
0,0,0
0,0,0
0,0,0
0,0,0
0,0,0
0,0,0
0,0,0
0,0,0
0,0,0
0,0,0
0,0,0
0,0,0
0,0,0
0,0,0
0,0,0
0,0,0
0,0,0
0,0,0
0,0,0
0,0,0
0,0,0
0,0,0
0,0,0
0,0,0
0,0,0
0,0,0
0,0,0
0,0,0
0,0,0
0,0,0
0,0,0
0,0,0
0,0,0
0,0,0
0,0,0
0,0,0
0,0,0
0,0,0
0,0,0
0,0,0
0,0,0
0,0,0
0,0,0
0,0,0
0,0,0
0,0,0
0,0,0
0,0,0
0,0,0
0,0,0
0,0,0
0,0,0
0,0,0
0,0,0
0,0,0
0,0,0
0,0,0
0,0,0
0,0,0
0,0,0
0,0,0
0,0,0
0,0,0
0,0,0
0,0,0
0,0,0
0,0,0
0,0,0
0,0,0
0,0,0
0,0,0
0,0,0
0,0,0
0,0,0
0,0,0
0,0,0
0,0,0
0,0,0
0,0,0
0,0,0
0,0,0
0,0,0
0,0,0
0,0,0
0,0,0
0,0,0
0,0,0
0,0,0
0,0,0
0,0,0
0,0,0
0,0,0
0,0,0
0,0,0
0,0,0
0,0,0
0,0,0
0,0,0
0,0,0
0,0,0
0,0,0
0,0,0
0,0,0
0,0,0
0,0,0
0,0,0
0,0,0
0,0,0
0,0,0
0,0,0
0,0,0
0,0,0
0,0,0
0,0,0
0,0,0
0,0,0
0,0,0
0,0,0
0,0,0
0,0,0
0,0,0
0,0,0
0,0,0
0,0,0
0,0,0
0,0,0
0,0,0
0,0,0
0,0,0
0,0,0
0,0,0
0,0,0
0,0,0
0,0,0
0,0,0
0,0,0
0,0,0
0,0,0
0,0,0
0,0,0
0,0,0
0,0,0
0,0,0
0,0,0
0,0,0
0,0,0
0,0,0
0,0,0
0,0,0
0,0,0
0,0,0
0,0,0
0,0,0
0,0,0
0,0,0
0,0,0
0,0,0
0,0,0
0,0,0
0,0,0
0,0,0
0,0,0
0,0,0
0,0,0
0,0,0
0,0,0
0,0,0
0,0,0
0,0,0
0,0,0
0,0,0
0,0,0
0,0,0
0,0,0
0,0,0
0,0,0
0,0,0
0,0,0
0,0,0
0,0,0
0,0,0
0,0,0
0,0,0
0,0,0
0,0,0
0,0,0
0,0,0
0,0,0
0,0,0
0,0,0
0,0,0
0,0,0
0,0,0
0,0,0
0,0,0
0,0,0
0,0,0
0,0,0
0,0,0
0,0,0
0,0,0
0,0,0
0,0,0
0,0,0
0,0,0
0,0,0
0,0,0
0,0,0
0,0,0
0,0,0
0,0,0
0,0,0
0,0,0
0,0,0
0,0,0
0,0,0
0,0,0
0,0,0
0,0,0
0,0,0
0,0,0
0,0,0
0,0,0
0,0,0
0,0,0
0,0,0
0,0,0
0,0,0
0,0,0
0,0,0
0,0,0
0,0,0
0,0,0
0,0,0
0,0,0
0,0,0
0,0,0
0,0,0
0,0,0
0,0,0
0,0,0
0,0,0
0,0,0
0,0,0
0,0,0
0,0,0
0,0,0
0,0,0
0,0,0
0,0,0
0,0,0
0,0,0
0,0,0
0,0,0
0,0,0
0,0,0
0,0,0
0,0,0
0,0,0
0,0,0
0,0,0
0,0,0
0,0,0
0,0,0
0,0,0
0,0,0
0,0,0
0,0,0
0,0,0
0,0,0
0,0,0
0,0,0
0,0,0
0,0,0
0,0,0
0,0,0
0,0,0
0,0,0
0,0,0
0,0,0
0,0,0
0,0,0
0,0,0
0,0,0
0,0,0
0,0,0
0,0,0
0,0,0
0,0,0
0,0,0
0,0,0
0,0,0
0,0,0
0,0,0
0,0,0
0,0,0
0,0,0
0,0,0
0,0,0
0,0,0
0,0,0
0,0,0
0,0,0
0,0,0
0,0,0
0,0,0
0,0,0
0,0,0
0,0,0
0,0,0
0,0,0
0,0,0
0,0,0
0,0,0
0,0,0
0,0,0
0,0,0
0,0,0
0,0,0
0,0,0
0,0,0
0,0,0
0,0,0
0,0,0
0,0,0
0,0,0
0,0,0
0,0,0
0,0,0
0,0,0
0,0,0
0,0,0
0,0,0
0,0,0
1.01349,3.18404,-0.940729
1.03627,3.18779,-0.943829
1.05853,3.18957,-0.946366
1.08361,3.19938,-0.951439
1.10416,3.19539,-0.952285
1.12789,3.20032,-0.955948
1.14913,3.19785,-0.957358
1.16609,3.18353,-0.955103
1.18024,3.16194,-0.950593
1.19792,3.15015,-0.949184
1.2148,3.13648,-0.947211
1.2291,3.11647,-0.943266
1.24855,3.10976,-0.943548
1.26543,3.09671,-0.941857
1.28331,3.08623,-0.941011
1.30371,3.08183,-0.942138
1.32033,3.06848,-0.940447
1.33375,3.04802,-0.936502
1.35671,3.04942,-0.939602
1.37382,3.03754,-0.938474
1.39363,3.03167,-0.93932
1.41139,3.02132,-0.938756
1.4258,3.00393,-0.935938
1.44545,2.99772,-0.936783
1.46171,2.98449,-0.935374
1.47914,2.97374,-0.934811
1.4926,2.95519,-0.93171
1.51377,2.95195,-0.933683
1.52477,2.92899,-0.929174
1.54361,2.92128,-0.929737
1.56649,2.92105,-0.932838
1.58117,2.90549,-0.930865
1.60129,2.89993,-0.932274
1.61905,2.89005,-0.932274
1.63723,2.8809,-0.932556
1.65583,2.87246,-0.933119
1.67198,2.85976,-0.932274
1.68509,2.84202,-0.929737
1.70299,2.83245,-0.930019
1.72233,2.82522,-0.931147
1.73812,2.81215,-0.930301
1.75637,2.80306,-0.930865
1.77405,2.79304,-0.931147
1.79115,2.7821,-0.931147
1.80766,2.77026,-0.930865
1.82092,2.75351,-0.928892
1.83885,2.74388,-0.929456
1.85027,2.7246,-0.926637
1.86097,2.7045,-0.923537
1.87643,2.69146,-0.922973
1.89347,2.68068,-0.923255
1.90876,2.66745,-0.922691
1.92734,2.6588,-0.923819
1.951,2.65698,-0.927483
1.96898,2.64726,-0.928328
1.98346,2.63283,-0.927483
2.00074,2.62214,-0.928046
2.01327,2.60526,-0.926355
2.02863,2.5921,-0.926073
2.0445,2.5796,-0.926073
2.05608,2.56177,-0.924101
2.06753,2.54389,-0.922128
2.08188,2.52968,-0.921564
2.09429,2.51317,-0.920155
2.10287,2.4922,-0.917055
2.12498,2.48728,-0.920155
2.13141,2.46403,-0.916209
2.14333,2.4473,-0.9148
2.16595,2.44272,-0.918182
2.18217,2.43081,-0.918746
2.1964,2.41666,-0.918464
2.21704,2.4095,-0.921
2.23047,2.39444,-0.920437
2.24446,2.38002,-0.920155
2.25902,2.3662,-0.920155
2.2715,2.35022,-0.919309
2.27783,2.32801,-0.915927
2.29207,2.31399,-0.915927
2.30758,2.30124,-0.916491
2.31483,2.2803,-0.913673
2.33153,2.26873,-0.9148
2.34748,2.25638,-0.915645
2.35363,2.23466,-0.912545
2.37149,2.22412,-0.914236
2.37313,2.19843,-0.909445
2.38304,2.18059,-0.908036
2.39139,2.16142,-0.906063
2.40318,2.14543,-0.905499
2.4127,2.12747,-0.90409
2.43439,2.12019,-0.907472
2.44808,2.10584,-0.907754
2.46169,2.0914,-0.908036
2.4708,2.07317,-0.906627
2.48199,2.05675,-0.906063
2.49383,2.04087,-0.905781
2.50406,2.02372,-0.904936
2.52018,2.01131,-0.906345
2.53248,1.99581,-0.906345
2.54543,1.98082,-0.906627
2.5621,1.96868,-0.908318
2.57337,1.95234,-0.908036
2.58837,1.93881,-0.909163
2.60099,1.92347,-0.909445
2.61274,1.90747,-0.909445
2.6244,1.8914,-0.909445
2.63283,1.87304,-0.908318
2.64348,1.8563,-0.908036
2.65325,1.83895,-0.907472
2.66211,1.82101,-0.906627
2.67323,1.80464,-0.906627
2.68026,1.78554,-0.905217
2.68636,1.7659,-0.903526
2.6899,1.74468,-0.90099
2.69571,1.72504,-0.899299
2.69813,1.70334,-0.89648
2.70283,1.6832,-0.894508
2.71147,1.66558,-0.893944
2.71672,1.64593,-0.892253
2.71935,1.62479,-0.889716
2.72183,1.60369,-0.88718
2.72499,1.5831,-0.884925
2.73465,1.56635,-0.884925
2.75924,1.55804,-0.889998
2.783,1.54902,-0.894789
2.79245,1.53191,-0.894789
2.81868,1.52388,-0.900426
2.83306,1.50927,-0.902117
2.84566,1.49364,-0.903244
2.84795,1.47262,-0.90099
2.84839,1.45076,-0.898171
2.85209,1.43068,-0.89648
2.85652,1.41102,-0.895071
2.86426,1.39305,-0.894789
2.86843,1.37337,-0.89338
2.87767,1.35616,-0.893662
2.88854,1.33969,-0.894508
2.89584,1.32154,-0.894226
2.90477,1.30414,-0.894508
2.91096,1.28552,-0.893944
2.92143,1.26878,-0.894789
2.92916,1.25083,-0.894789
2.93767,1.2332,-0.895071
2.9434,1.21442,-0.894508
2.95169,1.1967,-0.894789
2.95809,1.17821,-0.894508
2.95275,1.15514,-0.890562
2.95799,1.13631,-0.889998
2.9685,1.1195,-0.891125
2.97801,1.10226,-0.891971
2.99464,1.08757,-0.895071
3.00397,1.07015,-0.895917
3.01138,1.05201,-0.896199
3.02867,1.03725,-0.899581
3.02861,1.0165,-0.897608
3.03024,0.996402,-0.896199
3.02625,0.974552,-0.893098
3.02485,0.953654,-0.890844
3.03156,0.935359,-0.891125
3.03357,0.91563,-0.889998
3.03637,0.896183,-0.889153
3.0455,0.878601,-0.89028
3.04714,0.858855,-0.889153
3.05235,0.840142,-0.889153
3.05467,0.820649,-0.888307
3.05594,0.800916,-0.88718
3.06172,0.782388,-0.887462
3.07205,0.76498,-0.889153
3.07389,0.745437,-0.888307
3.08401,0.727886,-0.889998
3.08935,0.709164,-0.89028
3.09177,0.689776,-0.889716
3.10532,0.672828,-0.892535
1.12182,0.235118,-0.295881
1.13735,0.23111,-0.300109
1.15945,0.228224,-0.306309
1.15988,0.220925,-0.306027
1.20084,0.22114,-0.317865
0,0,0
0,0,0
0,0,0
0,0,0
1.19758,0.182744,-0.315046
0,0,0
0,0,0
1.2112,0.162079,-0.318146
1.24072,0.158313,-0.326602
1.28357,0.155822,-0.339003
1.30547,0.150377,-0.345203
1.33212,0.145193,-0.352813
1.37116,0.140974,-0.364086
1.35576,0.130976,-0.359295
1.36801,0.123701,-0.362677
1.35631,0.114247,-0.359013
1.3436,0.104866,-0.355067
1.34422,0.09662,-0.355067
1.31989,0.0867133,-0.34774
1.3453,0.0801171,-0.355067
1.33714,0.0713932,-0.352531
1.34139,0.0633717,-0.353658
1.3638,0.0560648,-0.360141
1.35741,0.0474553,-0.358168
1.37877,0.0397513,-0.364368
1.38762,0.0314937,-0.366905
1.34462,0.0222283,-0.354222
1.3668,0.0142256,-0.360704
1.36014,0.00580452,-0.358731
1.29875,-0.00247831,-0.340694
1.32749,-0.0106534,-0.349149
1.3581,-0.0192068,-0.358168
1.34645,-0.0273158,-0.354786
1.35872,-0.0358958,-0.358449
1.35464,-0.0441105,-0.357322
1.3438,-0.0520223,-0.354222
1.3032,-0.0584951,-0.342385
1.29994,-0.0663461,-0.341539
1.31675,-0.075292,-0.346612
1.33158,-0.0843271,-0.351122
1.29562,-0.0900654,-0.340694
1.30844,-0.0990154,-0.344639
1.27721,-0.104564,-0.33562
1.2775,-0.112482,-0.335902
1.17934,-0.111224,-0.307155
1.17004,-0.117603,-0.304618
1.17693,-0.125587,-0.306873
1.14468,-0.129284,-0.297572
1.11623,-0.133041,-0.289399
1.12682,-0.141308,-0.292781
0,0,0
1.13736,-0.156817,-0.296445
0,0,0
0,0,0
0,0,0
1.11991,-0.182534,-0.292499
1.13106,-0.191472,-0.296163
1.12136,-0.196923,-0.293626
1.12863,-0.205337,-0.296163
1.11226,-0.209433,-0.291654
3.06743,-0.595037,-0.877033
3.0656,-0.614223,-0.877597
3.05237,-0.631083,-0.874779
3.05032,-0.650199,-0.875342
3.04159,-0.667876,-0.873933
3.02901,-0.684626,-0.871397
3.02475,-0.703198,-0.871397
3.02318,-0.722413,-0.872242
3.01776,-0.740721,-0.87196
3.00851,-0.758053,-0.870551
3.00008,-0.775539,-0.869424
2.99619,-0.794178,-0.869706
2.99126,-0.812548,-0.869706
2.98252,-0.829859,-0.868578
2.97369,-0.847094,-0.867451
2.96751,-0.865056,-0.867169
2.96399,-0.883796,-0.867733
2.95942,-0.902245,-0.868015
2.95108,-0.919532,-0.867169
2.95179,-0.939657,-0.869142
2.95144,-0.959529,-0.870833
2.93912,-0.975507,-0.86886
2.9349,-0.994138,-0.869424
2.92421,-1.01056,-0.868015
2.92338,-1.0304,-0.869706
2.91791,-1.04864,-0.869987
2.91593,-1.06817,-0.871397
2.90482,-1.08437,-0.869987
2.9017,-1.10353,-0.871115
2.89488,-1.12132,-0.871115
2.88705,-1.13871,-0.870833
2.88446,-1.15819,-0.872242
2.8773,-1.17586,-0.872242
2.8656,-1.19166,-0.870833
2.85735,-1.20884,-0.870551
2.84547,-1.22446,-0.869142
2.83439,-1.24036,-0.868015
2.82146,-1.25539,-0.866324
2.81633,-1.27386,-0.867169
2.80585,-1.28992,-0.866324
2.79962,-1.30792,-0.866887
2.7872,-1.32302,-0.865478
2.77817,-1.33968,-0.865196
2.76817,-1.35586,-0.864633
2.7598,-1.37282,-0.864633
2.75304,-1.39059,-0.865196
2.74531,-1.40789,-0.865478
2.73917,-1.42604,-0.866324
2.73207,-1.44371,-0.866887
2.7257,-1.46181,-0.867733
2.72848,-1.48492,-0.871679
2.72015,-1.5021,-0.87196
2.71842,-1.52298,-0.874497
2.71486,-1.54295,-0.87647
2.70036,-1.5567,-0.874779
2.69075,-1.57324,-0.874779
2.6761,-1.58679,-0.873088
2.65726,-1.59775,-0.869987
2.64249,-1.61103,-0.868296
2.62848,-1.62469,-0.866887
2.62253,-1.64333,-0.868296
2.61482,-1.66094,-0.869142
2.60297,-1.67591,-0.868578
2.59585,-1.69395,-0.869706
2.58141,-1.7072,-0.868296
2.57009,-1.72247,-0.868015
2.56741,-1.7436,-0.870833
2.56615,-1.76584,-0.874215
2.54818,-1.77662,-0.871679
2.53645,-1.79166,-0.871397
2.51994,-1.80329,-0.869424
2.49873,-1.8114,-0.86576
2.4837,-1.82386,-0.864351
2.46553,-1.83391,-0.861814
2.4527,-1.84785,-0.861251
2.44894,-1.86868,-0.864069
2.44351,-1.88837,-0.866324
2.42961,-1.90155,-0.865478
2.42241,-1.92,-0.867169
2.40983,-1.93422,-0.866887
2.39866,-1.94958,-0.867169
2.39036,-1.96731,-0.868578
2.3834,-1.98624,-0.870551
2.37264,-2.00206,-0.871115
2.36396,-2.01969,-0.872524
2.35007,-2.03291,-0.87196
2.33827,-2.04792,-0.872242
2.32064,-2.05777,-0.870269
2.29797,-2.06301,-0.866324
2.29095,-2.08223,-0.868578
2.2746,-2.093,-0.867169
2.25961,-2.10495,-0.866324
2.25503,-2.12668,-0.869706
2.24055,-2.13915,-0.869142
2.23152,-2.15685,-0.870833
2.21893,-2.17118,-0.871115
2.20557,-2.18475,-0.871115
2.1867,-2.19281,-0.86886
2.17118,-2.20414,-0.868015
2.15092,-2.21054,-0.865196
2.13,-2.21609,-0.862096
2.11108,-2.22356,-0.859841
2.10068,-2.23996,-0.861251
2.08494,-2.2507,-0.860405
2.07238,-2.26487,-0.860969
2.06488,-2.28466,-0.863787
2.04827,-2.29442,-0.86266
2.03542,-2.30838,-0.863223
2.02374,-2.32372,-0.864351
2.01007,-2.33682,-0.864633
1.99383,-2.34692,-0.863787
1.97939,-2.35911,-0.863787
1.96488,-2.37121,-0.863787
1.94239,-2.37357,-0.860123
1.92779,-2.38545,-0.860123
1.90653,-2.38898,-0.857023
1.89005,-2.39838,-0.856177
1.87176,-2.40539,-0.854486
1.85521,-2.41455,-0.853641
1.84559,-2.43276,-0.856177
1.82947,-2.4425,-0.855614
1.81902,-2.45985,-0.857868
1.80502,-2.47252,-0.858432
1.78645,-2.47888,-0.856741
1.77288,-2.49214,-0.857587
1.75314,-2.49669,-0.855332
1.73396,-2.50188,-0.853359
1.71586,-2.50851,-0.85195
1.69936,-2.5174,-0.851386
1.68335,-2.52699,-0.851104
1.67098,-2.54208,-0.852795
1.6564,-2.55389,-0.853359
1.63811,-2.55997,-0.85195
1.62083,-2.56754,-0.851104
1.60454,-2.57662,-0.850822
1.58016,-2.57252,-0.846031
1.57181,-2.59447,-0.850259
1.55586,-2.60407,-0.850259
1.53741,-2.60943,-0.84885
1.52861,-2.63126,-0.853077
1.51482,-2.64475,-0.854486
1.49715,-2.65149,-0.853641
1.47805,-2.6556,-0.85195
1.45618,-2.65453,-0.848568
1.43484,-2.65413,-0.845468
1.41673,-2.6595,-0.84434
1.39904,-2.66559,-0.843495
1.38134,-2.67157,-0.842649
1.36797,-2.68598,-0.844622
1.35318,-2.69775,-0.845749
1.33788,-2.70858,-0.846595
1.31956,-2.71329,-0.845468
1.30371,-2.72307,-0.846031
1.28944,-2.73622,-0.847722
1.27141,-2.74147,-0.846877
1.25098,-2.74137,-0.84434
1.23531,-2.75162,-0.845186
1.21608,-2.75388,-0.843495
1.19686,-2.75601,-0.841804
1.1788,-2.76065,-0.840958
1.16779,-2.78199,-0.845468
1.14373,-2.77225,-0.840113
1.13428,-2.79789,-0.846031
1.11567,-2.80123,-0.844904
1.09601,-2.80177,-0.842931
1.07639,-2.80217,-0.840958
1.0629,-2.8186,-0.844058
1.04259,-2.81697,-0.841522
1.02364,-2.8188,-0.840113
0,0,0
0.989926,-2.83387,-0.840958
0,0,0
0,0,0
0,0,0
0,0,0
0,0,0
0,0,0
0,0,0
0,0,0
0,0,0
0,0,0
0,0,0
0,0,0
0,0,0
0,0,0
0,0,0
0,0,0
0,0,0
0,0,0
0,0,0
0,0,0
0,0,0
0,0,0
0,0,0
0,0,0
0,0,0
0,0,0
0,0,0
0,0,0
0,0,0
0,0,0
0,0,0
0,0,0
0,0,0
0,0,0
0,0,0
0,0,0
0,0,0
0,0,0
0,0,0
0,0,0
0,0,0
0,0,0
0,0,0
0,0,0
0,0,0
0,0,0
0,0,0
0,0,0
0,0,0
0,0,0
0,0,0
0,0,0
0,0,0
0,0,0
0,0,0
0,0,0
0,0,0
0,0,0
0,0,0
0,0,0
0,0,0
0,0,0
0,0,0
0,0,0
0,0,0
0,0,0
0,0,0
0,0,0
0,0,0
0,0,0
0,0,0
0,0,0
0,0,0
0,0,0
0,0,0
0,0,0
0,0,0
0,0,0
0,0,0
0,0,0
0,0,0
0,0,0
0,0,0
0,0,0
0,0,0
0,0,0
0,0,0
0,0,0
0,0,0
0,0,0
0,0,0
0,0,0
0,0,0
0,0,0
0,0,0
0,0,0
0,0,0
0,0,0
0,0,0
0,0,0
0,0,0
0,0,0
0,0,0
0,0,0
0,0,0
0,0,0
0,0,0
0,0,0
0,0,0
0,0,0
0,0,0
0,0,0
0,0,0
0,0,0
0,0,0
0,0,0
0,0,0
0,0,0
0,0,0
0,0,0
0,0,0
0,0,0
0,0,0
0,0,0
0,0,0
0,0,0
0,0,0
0,0,0
0,0,0
0,0,0
0,0,0
0,0,0
0,0,0
0,0,0
0,0,0
0,0,0
0,0,0
0,0,0
0,0,0
0,0,0
0,0,0
0,0,0
0,0,0
0,0,0
0,0,0
0,0,0
0,0,0
0,0,0
0,0,0
0,0,0
0,0,0
0,0,0
0,0,0
0,0,0
0,0,0
0,0,0
0,0,0
0,0,0
0,0,0
0,0,0
0,0,0
0,0,0
0,0,0
0,0,0
0,0,0
0,0,0
0,0,0
0,0,0
0,0,0
0,0,0
0,0,0
0,0,0
0,0,0
0,0,0
0,0,0
0,0,0
0,0,0
0,0,0
0,0,0
0,0,0
0,0,0
0,0,0
0,0,0
0,0,0
0,0,0
0,0,0
0,0,0
0,0,0
0,0,0
0,0,0
0,0,0
0,0,0
0,0,0
0,0,0
0,0,0
0,0,0
0,0,0
0,0,0
0,0,0
0,0,0
0,0,0
0,0,0
0,0,0
0,0,0
0,0,0
0,0,0
0,0,0
0,0,0
0,0,0
0,0,0
0,0,0
0,0,0
0,0,0
0,0,0
0,0,0
0,0,0
0,0,0
0,0,0
0,0,0
0,0,0
0,0,0
0,0,0
0,0,0
0,0,0
0,0,0
0,0,0
0,0,0
0,0,0
0,0,0
0,0,0
0,0,0
0,0,0
0,0,0
0,0,0
0,0,0
0,0,0
0,0,0
0,0,0
0,0,0
0,0,0
0,0,0
0,0,0
0,0,0
0,0,0
0,0,0
0,0,0
0,0,0
0,0,0
0,0,0
0,0,0
0,0,0
0,0,0
0,0,0
0,0,0
0,0,0
0,0,0
0,0,0
0,0,0
0,0,0
0,0,0
0,0,0
0,0,0
0,0,0
0,0,0
0,0,0
0,0,0
0,0,0
0,0,0
0,0,0
0,0,0
0,0,0
0,0,0
0,0,0
0,0,0
0,0,0
0,0,0
0,0,0
0,0,0
0,0,0
0,0,0
0,0,0
0,0,0
0,0,0
0,0,0
0,0,0
0,0,0
0,0,0
0,0,0
0,0,0
0,0,0
0,0,0
0,0,0
0,0,0
0,0,0
0,0,0
0,0,0
0,0,0
0,0,0
0,0,0
0,0,0
0,0,0
0,0,0
0,0,0
0,0,0
0,0,0
0,0,0
0,0,0
0,0,0
0,0,0
0,0,0
0,0,0
0,0,0
0,0,0
0,0,0
0,0,0
0,0,0
0,0,0
0,0,0
0,0,0
0,0,0
0,0,0
0,0,0
0,0,0
0,0,0
0,0,0
0,0,0
0,0,0
0,0,0
0,0,0
0,0,0
0,0,0
0,0,0
0,0,0
0,0,0
0,0,0
0,0,0
0,0,0
0,0,0
0,0,0
0,0,0
0,0,0
0,0,0
0,0,0
0,0,0
0,0,0
0,0,0
0,0,0
0,0,0
0,0,0
0,0,0
0,0,0
0,0,0
0,0,0
0,0,0
0,0,0
0,0,0
0,0,0
0,0,0
0,0,0
0,0,0
0,0,0
0,0,0
0,0,0
0,0,0
0,0,0
0,0,0
0,0,0
0,0,0
0,0,0
0,0,0
0,0,0
0,0,0
0,0,0
0,0,0
0,0,0
0,0,0
0,0,0
0,0,0
0,0,0
0,0,0
0,0,0
0,0,0
0,0,0
0,0,0
0,0,0
0,0,0
0,0,0
0,0,0
0,0,0
0,0,0
0,0,0
0,0,0
0,0,0
0,0,0
0,0,0
0,0,0
0,0,0
0,0,0
0,0,0
0,0,0
0,0,0
0,0,0
0,0,0
0,0,0
0,0,0
0,0,0
0,0,0
0,0,0
0,0,0
0,0,0
0,0,0
0,0,0
0,0,0
0,0,0
0,0,0
0,0,0
0,0,0
0,0,0
0,0,0
0,0,0
0,0,0
0,0,0
0,0,0
0,0,0
0,0,0
0,0,0
0,0,0
0,0,0
0,0,0
0,0,0
0,0,0
0,0,0
0,0,0
0,0,0
0,0,0
0,0,0
0,0,0
0,0,0
0,0,0
0,0,0
0,0,0
0,0,0
0,0,0
0,0,0
0,0,0
0,0,0
0,0,0
0,0,0
0,0,0
0,0,0
0,0,0
0,0,0
0,0,0
0,0,0
0,0,0
0,0,0
0,0,0
0,0,0
0,0,0
0,0,0
0,0,0
0,0,0
0,0,0
0,0,0
0,0,0
0,0,0
0,0,0
0,0,0
0,0,0
0,0,0
0,0,0
0,0,0
0,0,0
0,0,0
0,0,0
0,0,0
0,0,0
0,0,0
0,0,0
0,0,0
0,0,0
0,0,0
0,0,0
0,0,0
0,0,0
0,0,0
0,0,0
0,0,0
0,0,0
0,0,0
0,0,0
0,0,0
0,0,0
0,0,0
0,0,0
0,0,0
0,0,0
0,0,0
0,0,0
0,0,0
0,0,0
0,0,0
0,0,0
0,0,0
0,0,0
0,0,0
0,0,0
0,0,0
0,0,0
0,0,0
0,0,0
0,0,0
0,0,0
0,0,0
0,0,0
0,0,0
0,0,0
0,0,0
0,0,0
0,0,0
0,0,0
0,0,0
0,0,0
0,0,0
0,0,0
0,0,0
0,0,0
0,0,0
0,0,0
0,0,0
0,0,0
0,0,0
0,0,0
0,0,0
0,0,0
0,0,0
0,0,0
0,0,0
0,0,0
0,0,0
0,0,0
0,0,0
0,0,0
0,0,0
0,0,0
0,0,0
0,0,0
0,0,0
0,0,0
0,0,0
0,0,0
0,0,0
0,0,0
0,0,0
0,0,0
0,0,0
0,0,0
0,0,0
0,0,0
0,0,0
0,0,0
0,0,0
0,0,0
0,0,0
0,0,0
0,0,0
0,0,0
0,0,0
0,0,0
0,0,0
0,0,0
0,0,0
0,0,0
0,0,0
0,0,0
0,0,0
0,0,0
0,0,0
0,0,0
0,0,0
0,0,0
0,0,0
0,0,0
0,0,0
0,0,0
0,0,0
0,0,0
0,0,0
0,0,0
0,0,0
0,0,0
0,0,0
0,0,0
0,0,0
0,0,0
0,0,0
0,0,0
0,0,0
0,0,0
0,0,0
0,0,0
0,0,0
0,0,0
0,0,0
0,0,0
0,0,0
0,0,0
0,0,0
0,0,0
1.14401,3.01341,-0.945051
1.16317,3.00812,-0.945636
1.18301,3.00448,-0.946806
1.19608,2.98386,-0.942418
1.2169,2.98266,-0.944466
1.23371,2.9716,-0.943296
1.25043,2.96045,-0.942126
1.26329,2.94043,-0.93803
1.27671,2.9221,-0.93452
1.29034,2.9046,-0.931302
1.3042,2.88792,-0.928377
1.32589,2.88855,-0.931302
1.33752,2.86736,-0.926914
1.35919,2.86774,-0.929839
1.37883,2.86365,-0.931302
1.39764,2.85772,-0.93218
1.41983,2.85851,-0.935397
1.43691,2.84889,-0.935105
1.45436,2.84002,-0.935105
1.46912,2.82595,-0.93335
1.48777,2.81942,-0.934227
1.50188,2.80434,-0.93218
1.51449,2.78667,-0.929254
1.53202,2.77816,-0.929547
1.5453,2.76203,-0.927206
1.56175,2.75167,-0.926914
1.5786,2.74203,-0.926914
1.59395,2.72982,-0.926036
1.6097,2.71834,-0.925451
1.62831,2.71169,-0.926621
1.64393,2.70002,-0.926036
1.66247,2.69313,-0.927206
1.67643,2.67883,-0.925744
1.69181,2.66688,-0.925159
1.70866,2.65725,-0.925451
1.72284,2.64351,-0.924281
1.73903,2.63289,-0.924281
1.75037,2.61502,-0.921648
1.76423,2.60106,-0.920478
1.77853,2.58783,-0.9196
1.79656,2.58,-0.920771
1.81346,2.57049,-0.921356
1.82586,2.55465,-0.9196
1.84375,2.5465,-0.920771
1.86217,2.53899,-0.922233
1.87885,2.52905,-0.922818
1.89721,2.5213,-0.924281
1.90743,2.50276,-0.921648
1.92275,2.49101,-0.921648
1.93505,2.4754,-0.920185
1.94961,2.46273,-0.919893
1.96109,2.44625,-0.918138
1.97607,2.43417,-0.918138
1.99097,2.422,-0.918138
2.00395,2.40753,-0.91726
2.01684,2.393,-0.916382
2.03273,2.38203,-0.916968
2.04981,2.37241,-0.918138
2.0681,2.3641,-0.919893
2.08193,2.35065,-0.9196
2.0976,2.33926,-0.920185
2.10934,2.32351,-0.919015
2.11644,2.30278,-0.915797
2.12857,2.28765,-0.91492
2.14191,2.27385,-0.914627
2.15516,2.25998,-0.914335
2.16567,2.24327,-0.912872
2.18474,2.23541,-0.915212
2.20043,2.224,-0.91609
2.21472,2.21113,-0.916382
2.22688,2.19616,-0.915797
2.23346,2.17578,-0.912872
2.25435,2.16933,-0.91609
2.26415,2.15216,-0.914627
2.26895,2.13038,-0.911117
2.27707,2.11186,-0.909069
2.28575,2.09398,-0.907314
2.29289,2.07478,-0.904973
2.3013,2.05685,-0.903218
2.30957,2.03889,-0.901463
2.32636,2.02845,-0.903218
2.34094,2.01601,-0.904096
2.35982,2.00719,-0.906729
2.37429,1.99451,-0.907606
2.38943,1.98235,-0.908776
2.40525,1.97068,-0.910239
2.41729,1.95589,-0.910239
2.43298,1.944,-0.911702
2.44336,1.92785,-0.911117
2.45137,1.90988,-0.909654
2.46456,1.89597,-0.910239
2.47158,1.87735,-0.908484
2.48152,1.861,-0.907899
2.49443,1.84687,-0.908484
2.50263,1.82928,-0.907314
2.51846,1.81724,-0.909069
2.5319,1.80342,-0.909947
2.54135,1.78675,-0.909362
2.55227,1.77112,-0.909362
2.55599,1.75057,-0.906729
2.56272,1.73217,-0.905266
2.5733,1.71642,-0.905266
2.58059,1.69849,-0.904096
2.58535,1.67898,-0.902048
2.59399,1.66206,-0.901463
2.60414,1.64611,-0.901463
2.60689,1.62555,-0.89883
2.61518,1.60852,-0.898245
2.62909,1.59492,-0.899708
2.63144,1.57434,-0.897075
2.64599,1.56108,-0.89883
2.66792,1.55203,-0.903218
2.67242,1.53277,-0.901463
2.66429,1.50646,-0.89532
2.6952,1.50219,-0.902926
2.70269,1.4847,-0.902341
2.70755,1.46582,-0.900878
2.71396,1.44783,-0.9
2.71771,1.42848,-0.898245
2.72133,1.40914,-0.89649
2.72396,1.38937,-0.894442
2.72987,1.37134,-0.893564
2.74166,1.35626,-0.894735
2.75337,1.34109,-0.895905
2.75896,1.32293,-0.895027
2.77049,1.30761,-0.896197
2.78019,1.29139,-0.896782
2.78633,1.27351,-0.896197
2.7967,1.25757,-0.897075
2.80087,1.23884,-0.895905
2.8014,1.21858,-0.893564
2.8141,1.20362,-0.89532
2.81967,1.18559,-0.894735
2.82778,1.16863,-0.895027
2.82515,1.1473,-0.891809
2.83924,1.13278,-0.89415
2.84169,1.11359,-0.892687
2.84846,1.09614,-0.892687
2.85782,1.07965,-0.893564
2.87067,1.06442,-0.895612
2.87535,1.04613,-0.895027
2.88441,1.02944,-0.895905
2.89158,1.01203,-0.896197
2.89593,0.993652,-0.895612
2.90378,0.976474,-0.896197
2.90881,0.958339,-0.895905
2.9119,0.939592,-0.895027
2.92582,0.924299,-0.89766
2.93235,0.906611,-0.897952
2.93969,0.889155,-0.898538
2.94509,0.871101,-0.898538
2.94946,0.852748,-0.898245
2.94912,0.833076,-0.89649
2.95049,0.813948,-0.89532
2.94896,0.794089,-0.893272
2.94638,0.774037,-0.890932
2.94551,0.754521,-0.889176
2.9473,0.735739,-0.888299
2.95269,0.717866,-0.888591
2.95983,0.700396,-0.889469
2.96594,0.68265,-0.890054
2.98687,0.668194,-0.89532
1.08271,0.23551,-0.297956
1.12811,0.238129,-0.311705
1.13517,0.232352,-0.31346
1.13189,0.224453,-0.311998
1.13137,0.217144,-0.311413
1.14678,0.212811,-0.315801
1.15277,0.206612,-0.317263
1.15119,0.199047,-0.316386
1.14767,0.191196,-0.314923
1.12144,0.17977,-0.306439
1.11402,0.171579,-0.303807
1.12073,0.165577,-0.305562
1.10752,0.156693,-0.301174
1.12173,0.151683,-0.305269
1.09134,0.140772,-0.295616
1.13489,0.139301,-0.30878
1.12528,0.131121,-0.305562
1.16503,0.128499,-0.317556
1.12775,0.117401,-0.305854
1.15034,0.112614,-0.312583
1.1453,0.105031,-0.310828
1.13068,0.0967036,-0.306147
1.12934,0.0896135,-0.305562
1.12892,0.0826129,-0.305269
1.1294,0.0756844,-0.305269
1.13271,0.0689263,-0.306147
1.14457,0.0625975,-0.309657
1.14493,0.0555734,-0.309657
1.13474,0.0481054,-0.306439
1.14553,0.0415192,-0.309657
1.13907,0.0342905,-0.30761
1.13926,0.0273007,-0.30761
1.14514,0.02041,-0.309365
1.13951,0.0133182,-0.30761
1.13765,0.00631609,-0.307025
1.13576,-0.000662751,-0.306439
1.13573,-0.00763163,-0.306439
1.13471,-0.0145876,-0.306147
1.13747,-0.0216053,-0.307025
1.14018,-0.0286573,-0.307902
1.14094,-0.035683,-0.308195
1.12923,-0.0422499,-0.304684
1.13946,-0.0496394,-0.307902
1.142,-0.0567736,-0.30878
1.14449,-0.0639407,-0.309657
1.1374,-0.0705452,-0.30761
1.13504,-0.0773921,-0.307025
1.13645,-0.0844976,-0.30761
1.13114,-0.0910836,-0.306147
1.13056,-0.0980225,-0.306147
1.13946,-0.105845,-0.309072
1.13023,-0.111983,-0.306439
1.11715,-0.11761,-0.302636
1.11926,-0.124782,-0.303514
1.12133,-0.131983,-0.304392
1.10057,-0.136384,-0.298248
1.12247,-0.146105,-0.305269
1.12534,-0.153508,-0.306439
1.14236,-0.162983,-0.311998
1.14607,-0.170695,-0.31346
1.14122,-0.177136,-0.31229
1.13162,-0.18276,-0.309657
1.13047,-0.1897,-0.309657
1.12929,-0.196633,-0.309657
1.12618,-0.203218,-0.309072
1.11739,-0.208717,-0.306732
1.11984,-0.216296,-0.307902
1.10162,-0.219789,-0.302636
0,0,0
2.93864,-0.624583,-0.87806
2.92728,-0.640966,-0.87572
2.91956,-0.658073,-0.874549
2.91733,-0.676407,-0.875135
2.9187,-0.695626,-0.87689
2.91438,-0.713522,-0.87689
2.9118,-0.731857,-0.877475
2.90448,-0.748993,-0.876597
2.89798,-0.766311,-0.876012
2.89322,-0.784078,-0.876012
2.87269,-0.797466,-0.871039
2.88062,-0.818739,-0.875135
2.87096,-0.835063,-0.873672
2.87678,-0.855937,-0.877182
2.8733,-0.874129,-0.877767
2.86697,-0.891459,-0.877475
2.85324,-0.906427,-0.874842
2.84217,-0.922145,-0.873087
2.83283,-0.938364,-0.871917
2.81796,-0.952664,-0.868991
2.80573,-0.967754,-0.866943
2.80064,-0.985269,-0.867236
2.79994,-1.00437,-0.868991
2.79642,-1.02252,-0.869869
2.79458,-1.04133,-0.871332
2.78367,-1.05676,-0.869869
2.78248,-1.07589,-0.871624
2.77761,-1.09364,-0.872209
2.76729,-1.10924,-0.871039
2.7622,-1.12692,-0.871624
2.757,-1.14458,-0.872209
2.74905,-1.16111,-0.871917
2.73397,-1.17455,-0.869284
2.72057,-1.18863,-0.867236
2.71323,-1.2053,-0.867236
2.70665,-1.22232,-0.867528
2.6991,-1.2389,-0.867528
2.69318,-1.25625,-0.868114
2.68629,-1.27316,-0.868406
2.68273,-1.29169,-0.869869
2.67562,-1.30855,-0.870161
2.66754,-1.32494,-0.870161
2.66192,-1.34258,-0.871039
2.65533,-1.35976,-0.871624
2.64185,-1.37338,-0.869869
2.62914,-1.38733,-0.868406
2.62564,-1.40615,-0.870161
2.61444,-1.42086,-0.869284
2.60735,-1.4378,-0.869869
2.60182,-1.45564,-0.871039
2.5945,-1.47252,-0.871624
2.58624,-1.48889,-0.871917
2.57376,-1.5028,-0.870746
2.55955,-1.51564,-0.868991
2.5625,-1.5387,-0.873379
2.53586,-1.54395,-0.867236
2.5239,-1.55797,-0.866358
2.51672,-1.57495,-0.867236
2.50782,-1.59088,-0.867528
2.4964,-1.6052,-0.866943
2.49612,-1.62675,-0.870454
2.47731,-1.63624,-0.867236
2.46643,-1.65088,-0.866943
2.46338,-1.67081,-0.869576
2.45386,-1.68644,-0.869869
2.44896,-1.70529,-0.871917
2.43689,-1.71918,-0.871332
2.42474,-1.73299,-0.870746
2.41948,-1.75176,-0.872794
2.40021,-1.76035,-0.869576
2.38322,-1.77048,-0.867236
2.3746,-1.7868,-0.868114
2.35903,-1.79786,-0.866358
2.3578,-1.81989,-0.870161
2.34583,-1.83374,-0.869869
2.33229,-1.84632,-0.868991
2.32241,-1.86179,-0.869576
2.30723,-1.87299,-0.868114
2.29569,-1.88711,-0.868114
2.28481,-1.90177,-0.868406
2.27236,-1.91514,-0.868114
2.26493,-1.93277,-0.869869
2.25737,-1.95039,-0.871624
2.2468,-1.96546,-0.872209
2.23613,-1.98048,-0.872794
2.22394,-1.99416,-0.872794
2.20812,-2.00455,-0.871332
2.19789,-2.02001,-0.872209
2.17565,-2.02433,-0.868114
2.16737,-2.04158,-0.869869
2.15826,-2.05814,-0.871332
2.14559,-2.07134,-0.871332
2.13421,-2.08581,-0.871917
2.12341,-2.10088,-0.872794
2.1098,-2.11319,-0.872502
2.09344,-2.1227,-0.871039
2.07304,-2.12796,-0.867821
2.0553,-2.13582,-0.865773
2.03886,-2.14493,-0.864311
2.02043,-2.15182,-0.86197
2.01109,-2.16838,-0.863725
1.99451,-2.17716,-0.862263
1.9824,-2.19077,-0.862848
1.97466,-2.20931,-0.865481
1.9598,-2.21995,-0.864896
1.94677,-2.23266,-0.865188
1.93366,-2.24528,-0.865481
1.92108,-2.25856,-0.866066
1.90596,-2.26884,-0.865481
1.89261,-2.28123,-0.865773
1.88039,-2.29502,-0.866651
1.86989,-2.31098,-0.868406
1.85388,-2.32016,-0.867528
1.84079,-2.333,-0.868114
1.82351,-2.34048,-0.866651
1.81028,-2.35314,-0.867236
1.79176,-2.35887,-0.865188
1.76864,-2.35834,-0.8608
1.75528,-2.37069,-0.861385
1.73336,-2.37138,-0.857582
1.71878,-2.38197,-0.857582
1.70302,-2.39091,-0.856997
1.68447,-2.39584,-0.854949
1.66865,-2.40456,-0.854364
1.65062,-2.41002,-0.852609
1.63366,-2.41693,-0.851439
1.62092,-2.43009,-0.852609
1.60441,-2.4376,-0.851731
1.59046,-2.449,-0.852316
1.58005,-2.46596,-0.854949
1.5654,-2.47641,-0.855242
1.55321,-2.49084,-0.856997
1.53589,-2.49707,-0.855827
1.51856,-2.50317,-0.854657
1.50268,-2.51162,-0.854364
1.48044,-2.50926,-0.850269
1.46742,-2.52243,-0.851731
1.44906,-2.52641,-0.849976
1.43212,-2.53276,-0.849099
1.4212,-2.54985,-0.852024
1.40507,-2.55769,-0.851731
1.39117,-2.56962,-0.852902
1.37763,-2.58233,-0.854364
1.35909,-2.58566,-0.852609
1.33968,-2.58715,-0.850269
1.32248,-2.59277,-0.849391
1.30611,-2.59998,-0.849099
1.28759,-2.6028,-0.847343
1.27244,-2.61237,-0.847928
1.25721,-2.62186,-0.848513
1.24191,-2.63125,-0.849099
1.22776,-2.64316,-0.850561
1.20953,-2.64629,-0.849099
1.19131,-2.6493,-0.847636
1.17349,-2.65306,-0.846466
1.15642,-2.65846,-0.845881
1.14122,-2.66814,-0.846758
1.12112,-2.66628,-0.843833
1.1051,-2.67399,-0.844125
1.0876,-2.67807,-0.843248
1.07043,-2.68291,-0.842663
1.05535,-2.69299,-0.843833
1.03777,-2.69674,-0.842955
1.01715,-2.69232,-0.839445
0.998288,-2.69223,-0.837397
0.987306,-2.71359,-0.84237
0.974171,-2.7295,-0.845588
0.955195,-2.72911,-0.84354
0,0,0
0,0,0
0,0,0
0,0,0
0,0,0
0,0,0
0,0,0
0,0,0
0,0,0
0,0,0
0,0,0
0,0,0
0,0,0
0,0,0
0,0,0
0,0,0
0,0,0
0,0,0
0,0,0
0,0,0
0,0,0
0,0,0
0,0,0
0,0,0
0,0,0
0,0,0
0,0,0
0,0,0
0,0,0
0,0,0
0,0,0
0,0,0
0,0,0
0,0,0
0,0,0
0,0,0
0,0,0
0,0,0
0,0,0
0,0,0
0,0,0
0,0,0
0,0,0
0,0,0
0,0,0
0,0,0
0,0,0
0,0,0
0,0,0
0,0,0
0,0,0
0,0,0
0,0,0
0,0,0
0,0,0
0,0,0
0,0,0
0,0,0
0,0,0
0,0,0
0,0,0
0,0,0
0,0,0
0,0,0
0,0,0
0,0,0
0,0,0
0,0,0
0,0,0
0,0,0
0,0,0
0,0,0
0,0,0
0,0,0
0,0,0
0,0,0
0,0,0
0,0,0
0,0,0
0,0,0
0,0,0
0,0,0
0,0,0
0,0,0
0,0,0
0,0,0
0,0,0
0,0,0
0,0,0
0,0,0
0,0,0
0,0,0
0,0,0
0,0,0
0,0,0
0,0,0
0,0,0
0,0,0
0,0,0
0,0,0
0,0,0
0,0,0
0,0,0
0,0,0
0,0,0
0,0,0
0,0,0
0,0,0
0,0,0
0,0,0
0,0,0
0,0,0
0,0,0
0,0,0
0,0,0
0,0,0
0,0,0
0,0,0
0,0,0
0,0,0
0,0,0
0,0,0
0,0,0
0,0,0
0,0,0
0,0,0
0,0,0
0,0,0
0,0,0
0,0,0
0,0,0
0,0,0
0,0,0
0,0,0
0,0,0
0,0,0
0,0,0
0,0,0
0,0,0
0,0,0
0,0,0
0,0,0
0,0,0
0,0,0
0,0,0
0,0,0
0,0,0
0,0,0
0,0,0
0,0,0
0,0,0
0,0,0
0,0,0
0,0,0
0,0,0
0,0,0
0,0,0
0,0,0
0,0,0
0,0,0
0,0,0
0,0,0
0,0,0
0,0,0
0,0,0
0,0,0
0,0,0
0,0,0
0,0,0
0,0,0
0,0,0
0,0,0
0,0,0
0,0,0
0,0,0
0,0,0
0,0,0
0,0,0
0,0,0
0,0,0
0,0,0
0,0,0
0,0,0
0,0,0
0,0,0
0,0,0
0,0,0
0,0,0
0,0,0
0,0,0
0,0,0
0,0,0
0,0,0
0,0,0
0,0,0
0,0,0
0,0,0
0,0,0
0,0,0
0,0,0
0,0,0
0,0,0
0,0,0
0,0,0
0,0,0
0,0,0
0,0,0
0,0,0
0,0,0
0,0,0
0,0,0
0,0,0
0,0,0
0,0,0
0,0,0
0,0,0
0,0,0
0,0,0
0,0,0
0,0,0
0,0,0
0,0,0
0,0,0
0,0,0
0,0,0
0,0,0
0,0,0
0,0,0
0,0,0
0,0,0
0,0,0
0,0,0
0,0,0
0,0,0
0,0,0
0,0,0
0,0,0
0,0,0
0,0,0
0,0,0
0,0,0
0,0,0
0,0,0
0,0,0
0,0,0
0,0,0
0,0,0
0,0,0
0,0,0
0,0,0
0,0,0
0,0,0
0,0,0
0,0,0
0,0,0
0,0,0
0,0,0
0,0,0
0,0,0
0,0,0
0,0,0
0,0,0
0,0,0
0,0,0
0,0,0
0,0,0
0,0,0
0,0,0
0,0,0
0,0,0
0,0,0
0,0,0
0,0,0
0,0,0
0,0,0
0,0,0
0,0,0
0,0,0
0,0,0
0,0,0
0,0,0
0,0,0
0,0,0
0,0,0
0,0,0
0,0,0
0,0,0
0,0,0
0,0,0
0,0,0
0,0,0
0,0,0
0,0,0
0,0,0
0,0,0
0,0,0
0,0,0
0,0,0
0,0,0
0,0,0
0,0,0
0,0,0
0,0,0
0,0,0
0,0,0
0,0,0
0,0,0
0,0,0
0,0,0
0,0,0
0,0,0
0,0,0
0,0,0
0,0,0
0,0,0
0,0,0
0,0,0
0,0,0
0,0,0
0,0,0
0,0,0
0,0,0
0,0,0
0,0,0
0,0,0
0,0,0
0,0,0
0,0,0
0,0,0
0,0,0
0,0,0
0,0,0
0,0,0
0,0,0
0,0,0
0,0,0
0,0,0
0,0,0
0,0,0
0,0,0
0,0,0
0,0,0
0,0,0
0,0,0
0,0,0
0,0,0
0,0,0
0,0,0
0,0,0
0,0,0
0,0,0
0,0,0
0,0,0
0,0,0
0,0,0
0,0,0
0,0,0
0,0,0
0,0,0
0,0,0
0,0,0
0,0,0
0,0,0
0,0,0
0,0,0
0,0,0
0,0,0
0,0,0
0,0,0
0,0,0
0,0,0
0,0,0
0,0,0
0,0,0
0,0,0
0,0,0
0,0,0
0,0,0
0,0,0
0,0,0
0,0,0
0,0,0
0,0,0
0,0,0
0,0,0
0,0,0
0,0,0
0,0,0
0,0,0
0,0,0
0,0,0
0,0,0
0,0,0
0,0,0
0,0,0
0,0,0
0,0,0
0,0,0
0,0,0
0,0,0
0,0,0
0,0,0
0,0,0
0,0,0
0,0,0
0,0,0
0,0,0
0,0,0
0,0,0
0,0,0
0,0,0
0,0,0
0,0,0
0,0,0
0,0,0
0,0,0
0,0,0
0,0,0
0,0,0
0,0,0
0,0,0
0,0,0
0,0,0
0,0,0
0,0,0
0,0,0
0,0,0
0,0,0
0,0,0
0,0,0
0,0,0
0,0,0
0,0,0
0,0,0
0,0,0
0,0,0
0,0,0
0,0,0
0,0,0
0,0,0
0,0,0
0,0,0
0,0,0
0,0,0
0,0,0
0,0,0
0,0,0
0,0,0
0,0,0
0,0,0
0,0,0
0,0,0
0,0,0
0,0,0
0,0,0
0,0,0
0,0,0
0,0,0
0,0,0
0,0,0
0,0,0
0,0,0
0,0,0
0,0,0
0,0,0
0,0,0
0,0,0
0,0,0
0,0,0
0,0,0
0,0,0
0,0,0
0,0,0
0,0,0
0,0,0
0,0,0
0,0,0
0,0,0
0,0,0
0,0,0
0,0,0
0,0,0
0,0,0
0,0,0
0,0,0
0,0,0
0,0,0
0,0,0
0,0,0
0,0,0
0,0,0
0,0,0
0,0,0
0,0,0
0,0,0
0,0,0
0,0,0
0,0,0
0,0,0
0,0,0
0,0,0
0,0,0
0,0,0
0,0,0
0,0,0
0,0,0
0,0,0
0,0,0
0,0,0
0,0,0
0,0,0
0,0,0
0,0,0
0,0,0
0,0,0
0,0,0
0,0,0
0,0,0
0,0,0
0,0,0
0,0,0
0,0,0
0,0,0
0,0,0
0,0,0
0,0,0
0,0,0
0,0,0
0,0,0
0,0,0
0,0,0
0,0,0
0,0,0
0,0,0
0,0,0
0,0,0
0,0,0
0,0,0
0,0,0
0,0,0
0,0,0
0,0,0
0,0,0
0,0,0
0,0,0
0,0,0
0,0,0
0,0,0
0,0,0
0,0,0
0,0,0
0,0,0
0,0,0
0,0,0
0,0,0
0,0,0
0,0,0
0,0,0
0,0,0
0,0,0
0,0,0
0,0,0
0,0,0
0,0,0
0,0,0
0,0,0
0,0,0
0,0,0
0,0,0
0,0,0
0,0,0
0,0,0
0,0,0
0,0,0
0,0,0
0,0,0
0,0,0
0,0,0
0,0,0
0,0,0
0,0,0
0,0,0
0,0,0
0,0,0
0,0,0
0,0,0
0,0,0
0,0,0
0,0,0
0,0,0
0,0,0
0,0,0
0,0,0
0,0,0
0,0,0
0,0,0
0,0,0
0,0,0
0,0,0
0,0,0
0,0,0
0,0,0
0,0,0
0,0,0
0,0,0
0,0,0
0,0,0
0,0,0
0,0,0
0,0,0
0,0,0
0,0,0
0,0,0
0,0,0
0,0,0
0,0,0
0,0,0
0,0,0
0,0,0
0,0,0
0,0,0
0,0,0
0,0,0
0,0,0
0,0,0
0,0,0
0,0,0
0,0,0
0,0,0
0,0,0
0,0,0
0,0,0
0.962115,3.02243,-0.968633
0.977405,3.0065,-0.965296
0.990737,2.98507,-0.960139
0,0,0
1.01548,2.93846,-0.948611
1.03001,2.92229,-0.945274
1.04438,2.90604,-0.941937
1.06285,2.90137,-0.942544
1.0773,2.88587,-0.93951
1.09397,2.87653,-0.9386
1.11504,2.87865,-0.941634
1.13059,2.86644,-0.939813
1.14567,2.85325,-0.93769
1.1628,2.84529,-0.937386
1.1784,2.8337,-0.93587
1.19651,2.82817,-0.936476
1.21045,2.8129,-0.933746
1.22387,2.79669,-0.930712
1.24101,2.78912,-0.930712
1.25928,2.78406,-0.931623
1.27435,2.77195,-0.930106
1.29335,2.7684,-0.931623
1.30827,2.75611,-0.930106
1.32847,2.75489,-0.932533
1.34744,2.75097,-0.934049
1.35963,2.73327,-0.930712
1.37594,2.72402,-0.930409
1.39394,2.71807,-0.931319
1.40971,2.70778,-0.930712
1.42674,2.69992,-0.931016
1.44553,2.69531,-0.932533
1.46068,2.68388,-0.931623
1.47988,2.67987,-0.933443
1.49536,2.66908,-0.932836
1.50842,2.65405,-0.930712
1.52277,2.64145,-0.929499
1.53751,2.62958,-0.928589
1.55119,2.616,-0.927072
1.56672,2.60562,-0.926769
1.58119,2.59351,-0.925858
1.59858,2.5862,-0.926769
1.61189,2.5723,-0.925252
1.62662,2.56075,-0.924645
1.64127,2.54912,-0.924038
1.66052,2.54459,-0.926162
1.67715,2.53594,-0.926769
1.6948,2.52877,-0.927982
1.71564,2.52621,-0.931016
1.72841,2.51171,-0.929499
1.74379,2.50106,-0.929499
1.7547,2.48408,-0.927072
1.76659,2.46862,-0.925252
1.78002,2.45542,-0.924342
1.79337,2.44214,-0.923432
1.81173,2.43568,-0.925252
1.82148,2.41767,-0.922521
1.83686,2.4072,-0.922825
1.86382,2.41173,-0.929196
1.87507,2.39574,-0.927375
1.88736,2.3812,-0.926162
1.90015,2.36735,-0.925252
1.90863,2.34825,-0.922218
1.9218,2.33502,-0.921611
1.93304,2.31952,-0.920094
1.94109,2.30033,-0.917061
1.95641,2.28983,-0.917668
1.9673,2.27418,-0.916151
1.98122,2.26206,-0.916151
1.99633,2.25129,-0.916757
2.00883,2.23758,-0.916151
2.02252,2.22521,-0.916151
2.03549,2.21206,-0.915847
2.04968,2.20022,-0.916151
2.0651,2.18969,-0.917061
2.08244,2.18111,-0.918881
2.09711,2.16966,-0.919488
2.11038,2.15675,-0.919488
2.12291,2.14309,-0.919184
2.13467,2.12868,-0.918578
2.14158,2.10952,-0.915847
2.15176,2.09368,-0.914634
2.16113,2.07713,-0.913117
2.17245,2.06252,-0.91251
2.18576,2.0498,-0.912814
2.1962,2.03441,-0.911904
2.20864,2.0209,-0.911904
2.21747,2.00411,-0.910387
2.22901,1.98983,-0.910083
2.24189,1.97675,-0.910387
2.25326,1.96233,-0.910083
2.25876,1.94287,-0.907353
2.27572,1.9333,-0.909477
2.28535,1.91746,-0.908567
2.29414,1.90096,-0.907353
2.30576,1.88685,-0.907353
2.31878,1.87387,-0.90796
2.33395,1.86258,-0.909477
2.34234,1.84586,-0.908263
2.35137,1.8297,-0.907353
2.36406,1.8164,-0.90796
2.37061,1.7984,-0.90614
2.38389,1.78554,-0.90705
2.38791,1.76577,-0.904319
2.39331,1.74715,-0.902196
2.4063,1.73411,-0.903106
2.42,1.72152,-0.904319
2.42351,1.70171,-0.901589
2.4339,1.68681,-0.901589
2.44263,1.67076,-0.900982
2.45915,1.66001,-0.903409
2.46929,1.64489,-0.903409
2.4865,1.63442,-0.90614
2.49329,1.61706,-0.904926
2.49594,1.59711,-0.902196
2.50408,1.58074,-0.901589
2.50403,1.5593,-0.897949
2.52086,1.5484,-0.900679
2.53765,1.53735,-0.903409
2.54621,1.52126,-0.903106
2.56371,1.51045,-0.90614
2.5754,1.49612,-0.90705
2.5837,1.47982,-0.906746
2.59356,1.46441,-0.90705
2.59418,1.44383,-0.904016
2.60382,1.42834,-0.904319
2.60751,1.40962,-0.902499
2.61359,1.39225,-0.901589
2.61533,1.37264,-0.899162
2.61693,1.35306,-0.896735
2.61585,1.33222,-0.893398
2.62397,1.31614,-0.893398
2.63456,1.30129,-0.894308
2.64335,1.28551,-0.894612
2.65291,1.27009,-0.895218
2.671,1.25867,-0.898859
2.6778,1.24186,-0.898555
2.69231,1.22857,-0.900982
2.69893,1.21164,-0.900679
2.70282,1.19351,-0.899466
2.71184,1.17766,-0.900072
2.71727,1.16025,-0.899466
2.72433,1.14356,-0.899466
2.73218,1.12719,-0.899769
2.73551,1.10897,-0.898555
2.74315,1.09251,-0.898859
2.74626,1.07427,-0.897645
2.75279,1.0574,-0.897645
2.75477,1.03881,-0.896128
2.75931,1.02122,-0.895522
2.76194,1.00297,-0.894308
2.76894,0.986324,-0.894612
2.77494,0.969316,-0.894612
2.78264,0.952889,-0.895218
2.79024,0.936404,-0.895825
2.79412,0.91867,-0.895218
2.79517,0.900046,-0.893701
2.80155,0.883165,-0.894005
2.80601,0.865677,-0.893701
2.80853,0.847616,-0.892791
2.81368,0.830368,-0.892791
2.81506,0.81203,-0.891578
2.82549,0.796295,-0.893398
2.82757,0.778183,-0.892488
2.83229,0.760819,-0.892488
2.82953,0.741491,-0.890061
2.82849,0.722698,-0.888241
2.83287,0.705329,-0.888241
2.83992,0.688608,-0.889151
2.84131,0.670512,-0.888241
2.84537,0.653065,-0.888241
1.10756,0.246343,-0.320033
1.10998,0.239745,-0.320336
1.13008,0.236857,-0.326403
1.12684,0.228965,-0.324887
1.12449,0.221307,-0.323673
1.1277,0.214762,-0.32428
1.12712,0.207491,-0.323673
1.12462,0.199901,-0.32246
1.12582,0.192996,-0.32246
1.12981,0.186553,-0.32337
0,0,0
1.10658,0.16877,-0.315179
1.11419,0.162949,-0.317302
1.10857,0.155178,-0.315179
1.10289,0.147482,-0.313055
1.09716,0.139862,-0.310932
1.12259,0.136134,-0.318819
1.14517,0.131771,-0.325797
1.14028,0.124117,-0.323977
1.15902,0.118985,-0.329741
1.16732,0.11261,-0.332168
1.13857,0.102761,-0.322763
1.14488,0.0962576,-0.324583
1.13595,0.0884815,-0.32155
1.14217,0.0819245,-0.32337
1.12269,0.0735856,-0.316999
1.13168,0.0672127,-0.319729
1.1235,0.059803,-0.316999
1.1229,0.0528624,-0.316696
1.12511,0.0460513,-0.317302
1.12441,0.0391128,-0.316999
1.13702,0.0325801,-0.320943
1.13624,0.0255805,-0.32064
1.13923,0.0186578,-0.32155
1.13933,0.0116673,-0.32155
1.13938,0.00467628,-0.32155
1.14224,-0.00231783,-0.32246
1.13363,-0.00926505,-0.319729
1.13165,-0.0161954,-0.319123
1.13915,-0.0232869,-0.32155
1.13422,-0.0301543,-0.320033
1.13592,-0.0371736,-0.32064
1.13758,-0.0442149,-0.321246
1.13824,-0.051236,-0.32155
1.14171,-0.05841,-0.322763
1.14418,-0.065575,-0.323673
1.15897,-0.0735448,-0.328527
1.15945,-0.08072,-0.32883
1.17129,-0.0887567,-0.332774
1.17547,-0.0963264,-0.334291
1.1834,-0.104282,-0.337021
1.16092,-0.109504,-0.330044
1.15453,-0.116059,-0.328224
1.13958,-0.121638,-0.323673
1.12177,-0.12672,-0.318213
1.05473,-0.125775,-0.296977
1.10878,-0.139065,-0.314572
0,0,0
1.09472,-0.150982,-0.310628
1.10604,-0.159451,-0.314572
1.09844,-0.165249,-0.312449
1.11624,-0.174917,-0.318516
1.1443,-0.186485,-0.32792
1.12246,-0.190025,-0.321246
1.12785,-0.198055,-0.32337
1.1088,-0.201749,-0.317606
1.11128,-0.20925,-0.318819
1.10717,-0.215522,-0.317909
0,0,0
0,0,0
2.81698,-0.600551,-0.875803
2.80673,-0.616396,-0.873679
2.80661,-0.634445,-0.874893
2.79895,-0.650792,-0.873679
2.79769,-0.668618,-0.874589
2.79631,-0.686452,-0.875499
2.80036,-0.705689,-0.87823
2.79875,-0.723573,-0.87914
2.79978,-0.742195,-0.88096
2.79793,-0.760108,-0.88187
2.78679,-0.775476,-0.879747
2.7884,-0.794386,-0.88187
2.77981,-0.810415,-0.880657
2.77113,-0.826369,-0.879443
2.76783,-0.843911,-0.88005
2.75623,-0.858897,-0.877926
2.74274,-0.873194,-0.875196
2.73008,-0.887653,-0.872769
2.72458,-0.904387,-0.872769
2.71717,-0.920477,-0.872162
2.70517,-0.934956,-0.870039
2.70028,-0.951853,-0.870342
2.69349,-0.968082,-0.870039
2.69198,-0.986228,-0.871556
2.68677,-1.00306,-0.871859
2.6672,-1.01445,-0.867308
2.66448,-1.03217,-0.868522
2.65544,-1.04745,-0.867612
2.64808,-1.06337,-0.867308
2.64415,-1.08068,-0.868219
2.63747,-1.09689,-0.868219
2.62718,-1.11156,-0.867005
2.61681,-1.12616,-0.865792
2.60897,-1.14181,-0.865488
2.59931,-1.15664,-0.864578
2.59042,-1.17178,-0.863971
2.58492,-1.18845,-0.864578
2.5793,-1.20509,-0.865185
2.57272,-1.2213,-0.865488
2.57977,-1.2441,-0.870646
2.57466,-1.26116,-0.871556
2.57284,-1.2799,-0.873679
2.57345,-1.29996,-0.876713
2.57051,-1.31833,-0.878533
2.56153,-1.33364,-0.87823
2.55667,-1.35111,-0.879443
2.54581,-1.36542,-0.878533
2.52566,-1.37465,-0.874286
2.52135,-1.39242,-0.875803
2.50445,-1.40321,-0.872769
2.49413,-1.41761,-0.872162
2.48291,-1.43146,-0.871252
2.4749,-1.44715,-0.871556
2.4668,-1.46279,-0.871859
2.46023,-1.47937,-0.872769
2.45354,-1.49593,-0.873679
2.44999,-1.51446,-0.875803
2.44227,-1.53047,-0.87641
2.43444,-1.54645,-0.877016
2.4217,-1.5593,-0.875803
2.4089,-1.57205,-0.874589
2.40159,-1.58837,-0.875499
2.38942,-1.60149,-0.874589
2.37482,-1.61291,-0.872769
2.35703,-1.62205,-0.869735
2.35563,-1.64248,-0.873073
2.34707,-1.658,-0.873679
2.33762,-1.67292,-0.873983
2.32346,-1.68444,-0.872466
2.31922,-1.70317,-0.874893
2.30949,-1.71794,-0.875196
2.29586,-1.72979,-0.873983
2.28521,-1.74384,-0.873983
2.27296,-1.75666,-0.873376
2.26063,-1.7694,-0.872769
2.24525,-1.77969,-0.870949
2.23057,-1.79045,-0.869432
2.21955,-1.80411,-0.869432
2.20991,-1.8189,-0.870039
2.19431,-1.82877,-0.868219
2.18305,-1.8422,-0.868219
2.17967,-1.86237,-0.871556
2.17181,-1.87882,-0.873073
2.15952,-1.89148,-0.872769
2.14574,-1.9028,-0.871859
2.13615,-1.91784,-0.872769
2.1314,-1.93732,-0.875803
2.11666,-1.94778,-0.874589
2.09979,-1.95619,-0.872466
2.08636,-1.96773,-0.871859
2.06804,-1.97457,-0.869129
2.05589,-1.98722,-0.869129
2.04434,-2.00047,-0.869432
2.03202,-2.01297,-0.869432
2.02435,-2.03012,-0.871556
2.01252,-2.04319,-0.871859
2.0046,-2.06028,-0.873983
1.98862,-2.0691,-0.872466
1.97982,-2.08541,-0.874286
1.96764,-2.09821,-0.874589
1.95473,-2.11025,-0.874589
1.93788,-2.11799,-0.872769
1.92485,-2.12984,-0.872769
1.90984,-2.13948,-0.871859
1.891,-2.14472,-0.869129
1.87969,-2.15844,-0.870039
1.86268,-2.1656,-0.868219
1.84874,-2.17626,-0.867915
1.83474,-2.18684,-0.867612
1.82797,-2.20612,-0.870949
1.80897,-2.21066,-0.868219
1.79597,-2.22246,-0.868522
1.77635,-2.22599,-0.865488
1.7662,-2.24134,-0.867308
1.74539,-2.24311,-0.863668
1.72579,-2.24623,-0.860634
1.71428,-2.25981,-0.861848
1.69866,-2.268,-0.860938
1.68301,-2.27608,-0.860028
1.66059,-2.27482,-0.855477
1.64827,-2.28729,-0.856387
1.63752,-2.30202,-0.858207
1.62008,-2.30734,-0.856387
1.60915,-2.32194,-0.858207
1.59218,-2.32784,-0.856691
1.57786,-2.33756,-0.856691
1.56402,-2.34799,-0.856994
1.54854,-2.35595,-0.856387
1.53198,-2.36221,-0.855174
1.52105,-2.37718,-0.857297
1.50847,-2.38969,-0.858511
1.49529,-2.40133,-0.859421
1.48502,-2.41777,-0.862151
1.46966,-2.42602,-0.861848
1.44986,-2.42681,-0.858814
1.43397,-2.43402,-0.858207
1.42045,-2.44525,-0.859118
1.40115,-2.44648,-0.856387
1.38424,-2.45171,-0.855174
1.36871,-2.45932,-0.85487
1.35451,-2.46935,-0.855477
1.3416,-2.4818,-0.856994
1.325,-2.48746,-0.856084
1.30617,-2.4888,-0.853657
1.28868,-2.49253,-0.85214
1.27336,-2.50039,-0.85214
1.25586,-2.5039,-0.850623
1.24089,-2.51242,-0.850927
1.22712,-2.52341,-0.85214
1.21285,-2.53347,-0.85305
1.19688,-2.54,-0.852747
1.18127,-2.5473,-0.852747
1.16324,-2.5493,-0.850927
1.1468,-2.55465,-0.85032
1.1284,-2.55554,-0.848196
1.11574,-2.5694,-0.850623
1.10033,-2.57708,-0.850927
1.08228,-2.57851,-0.849106
1.06098,-2.57189,-0.844556
1.04697,-2.58277,-0.846073
1.02828,-2.58206,-0.843646
1.01555,-2.59631,-0.846376
0.999599,-2.60249,-0.846376
0.983611,-2.60858,-0.846376
0.96858,-2.61724,-0.847286
0.951526,-2.62045,-0.846376
0.934789,-2.62444,-0.845769
0,0,0
0.897877,-2.6222,-0.841219
0,0,0
0,0,0
0,0,0
0,0,0
0,0,0
0,0,0
0,0,0
0,0,0
0,0,0
0,0,0
0,0,0
0,0,0
0,0,0
0,0,0
0,0,0
0,0,0
0,0,0
0,0,0
0,0,0
0,0,0
0,0,0
0,0,0
0,0,0
0,0,0
0,0,0
0,0,0
0,0,0
0,0,0
0,0,0
0,0,0
0,0,0
0,0,0
0,0,0
0,0,0
0,0,0
0,0,0
0,0,0
0,0,0
0,0,0
0,0,0
0,0,0
0,0,0
0,0,0
0,0,0
0,0,0
0,0,0
0,0,0
0,0,0
0,0,0
0,0,0
0,0,0
0,0,0
0,0,0
0,0,0
0,0,0
0,0,0
0,0,0
0,0,0
0,0,0
0,0,0
0,0,0
0,0,0
0,0,0
0,0,0
0,0,0
0,0,0
0,0,0
0,0,0
0,0,0
0,0,0
0,0,0
0,0,0
0,0,0
0,0,0
0,0,0
0,0,0
0,0,0
0,0,0
0,0,0
0,0,0
0,0,0
0,0,0
0,0,0
0,0,0
0,0,0
0,0,0
0,0,0
0,0,0
0,0,0
0,0,0
0,0,0
0,0,0
0,0,0
0,0,0
0,0,0
0,0,0
0,0,0
0,0,0
0,0,0
0,0,0
0,0,0
0,0,0
0,0,0
0,0,0
0,0,0
0,0,0
0,0,0
0,0,0
0,0,0
0,0,0
0,0,0
0,0,0
0,0,0
0,0,0
0,0,0
0,0,0
0,0,0
0,0,0
0,0,0
0,0,0
0,0,0
0,0,0
0,0,0
0,0,0
0,0,0
0,0,0
0,0,0
0,0,0
0,0,0
0,0,0
0,0,0
0,0,0
0,0,0
0,0,0
0,0,0
0,0,0
0,0,0
0,0,0
0,0,0
0,0,0
0,0,0
0,0,0
0,0,0
0,0,0
0,0,0
0,0,0
0,0,0
0,0,0
0,0,0
0,0,0
0,0,0
0,0,0
0,0,0
0,0,0
0,0,0
0,0,0
0,0,0
0,0,0
0,0,0
0,0,0
0,0,0
0,0,0
0,0,0
0,0,0
0,0,0
0,0,0
0,0,0
0,0,0
0,0,0
0,0,0
0,0,0
0,0,0
0,0,0
0,0,0
0,0,0
0,0,0
0,0,0
0,0,0
0,0,0
0,0,0
0,0,0
0,0,0
0,0,0
0,0,0
0,0,0
0,0,0
0,0,0
0,0,0
0,0,0
0,0,0
0,0,0
0,0,0
0,0,0
0,0,0
0,0,0
0,0,0
0,0,0
0,0,0
0,0,0
0,0,0
0,0,0
0,0,0
0,0,0
0,0,0
0,0,0
0,0,0
0,0,0
0,0,0
0,0,0
0,0,0
0,0,0
0,0,0
0,0,0
0,0,0
0,0,0
0,0,0
0,0,0
0,0,0
0,0,0
0,0,0
0,0,0
0,0,0
0,0,0
0,0,0
0,0,0
0,0,0
0,0,0
0,0,0
0,0,0
0,0,0
0,0,0
0,0,0
0,0,0
0,0,0
0,0,0
0,0,0
0,0,0
0,0,0
0,0,0
0,0,0
0,0,0
0,0,0
0,0,0
0,0,0
0,0,0
0,0,0
0,0,0
0,0,0
0,0,0
0,0,0
0,0,0
0,0,0
0,0,0
0,0,0
0,0,0
0,0,0
0,0,0
0,0,0
0,0,0
0,0,0
0,0,0
0,0,0
0,0,0
0,0,0
0,0,0
0,0,0
0,0,0
0,0,0
0,0,0
0,0,0
0,0,0
0,0,0
0,0,0
0,0,0
0,0,0
0,0,0
0,0,0
0,0,0
0,0,0
0,0,0
0,0,0
0,0,0
0,0,0
0,0,0
0,0,0
0,0,0
0,0,0
0,0,0
0,0,0
0,0,0
0,0,0
0,0,0
0,0,0
0,0,0
0,0,0
0,0,0
0,0,0
0,0,0
0,0,0
0,0,0
0,0,0
0,0,0
0,0,0
0,0,0
0,0,0
0,0,0
0,0,0
0,0,0
0,0,0
0,0,0
0,0,0
0,0,0
0,0,0
0,0,0
0,0,0
0,0,0
0,0,0
0,0,0
0,0,0
0,0,0
0,0,0
0,0,0
0,0,0
0,0,0
0,0,0
0,0,0
0,0,0
0,0,0
0,0,0
0,0,0
0,0,0
0,0,0
0,0,0
0,0,0
0,0,0
0,0,0
0,0,0
0,0,0
0,0,0
0,0,0
0,0,0
0,0,0
0,0,0
0,0,0
0,0,0
0,0,0
0,0,0
0,0,0
0,0,0
0,0,0
0,0,0
0,0,0
0,0,0
0,0,0
0,0,0
0,0,0
0,0,0
0,0,0
0,0,0
0,0,0
0,0,0
0,0,0
0,0,0
0,0,0
0,0,0
0,0,0
0,0,0
0,0,0
0,0,0
0,0,0
0,0,0
0,0,0
0,0,0
0,0,0
0,0,0
0,0,0
0,0,0
0,0,0
0,0,0
0,0,0
0,0,0
0,0,0
0,0,0
0,0,0
0,0,0
0,0,0
0,0,0
0,0,0
0,0,0
0,0,0
0,0,0
0,0,0
0,0,0
0,0,0
0,0,0
0,0,0
0,0,0
0,0,0
0,0,0
0,0,0
0,0,0
0,0,0
0,0,0
0,0,0
0,0,0
0,0,0
0,0,0
0,0,0
0,0,0
0,0,0
0,0,0
0,0,0
0,0,0
0,0,0
0,0,0
0,0,0
0,0,0
0,0,0
0,0,0
0,0,0
0,0,0
0,0,0
0,0,0
0,0,0
0,0,0
0,0,0
0,0,0
0,0,0
0,0,0
0,0,0
0,0,0
0,0,0
0,0,0
0,0,0
0,0,0
0,0,0
0,0,0
0,0,0
0,0,0
0,0,0
0,0,0
0,0,0
0,0,0
0,0,0
0,0,0
0,0,0
0,0,0
0,0,0
0,0,0
0,0,0
0,0,0
0,0,0
0,0,0
0,0,0
0,0,0
0,0,0
0,0,0
0,0,0
0,0,0
0,0,0
0,0,0
0,0,0
0,0,0
0,0,0
0,0,0
0,0,0
0,0,0
0,0,0
0,0,0
0,0,0
0,0,0
0,0,0
0,0,0
0,0,0
0,0,0
0,0,0
0,0,0
0,0,0
0,0,0
0,0,0
0,0,0
0,0,0
0,0,0
0,0,0
0,0,0
0,0,0
0,0,0
0,0,0
0,0,0
0,0,0
0,0,0
0,0,0
0,0,0
0,0,0
0,0,0
0,0,0
0,0,0
0,0,0
0,0,0
0,0,0
0,0,0
0,0,0
0,0,0
0,0,0
0,0,0
0,0,0
0,0,0
0,0,0
0,0,0
0,0,0
0,0,0
0,0,0
0,0,0
0,0,0
0,0,0
0,0,0
0,0,0
0,0,0
0,0,0
0,0,0
0,0,0
0,0,0
0,0,0
0,0,0
0,0,0
0,0,0
0,0,0
0,0,0
0,0,0
0,0,0
0,0,0
0,0,0
0,0,0
0,0,0
0,0,0
0,0,0
0,0,0
0,0,0
0,0,0
0,0,0
0,0,0
0,0,0
0,0,0
0,0,0
0,0,0
0,0,0
0,0,0
0,0,0
0,0,0
0,0,0
0,0,0
0,0,0
0,0,0
0,0,0
0,0,0
0,0,0
0,0,0
0,0,0
0,0,0
0,0,0
0,0,0
0,0,0
0,0,0
0,0,0
0,0,0
0,0,0
0,0,0
0,0,0
0,0,0
0,0,0
0,0,0
0,0,0
0,0,0
0,0,0
0,0,0
0,0,0
0,0,0
0,0,0
0,0,0
0,0,0
0,0,0
0,0,0
0,0,0
0,0,0
0,0,0
0,0,0
0,0,0
0,0,0
0,0,0
0,0,0
0,0,0
0,0,0
0,0,0
0,0,0
0,0,0
0,0,0
0,0,0
0,0,0
0,0,0
0,0,0
0,0,0
0,0,0
0,0,0
0,0,0
0.986862,2.80206,-0.94051
0.997616,2.77808,-0.934233
1.01726,2.77904,-0.936744
1.03097,2.76385,-0.933606
1.04555,2.75126,-0.931409
1.06549,2.75277,-0.934233
1.08097,2.74264,-0.932978
1.09884,2.7386,-0.933919
1.12101,2.74499,-0.938627
1.13783,2.73806,-0.938627
1.15461,2.73103,-0.938627
1.16947,2.71953,-0.937058
1.18233,2.70361,-0.933919
1.20468,2.70931,-0.938627
1.21542,2.68889,-0.933919
1.2307,2.6788,-0.932978
1.24792,2.67292,-0.933606
1.26511,2.66692,-0.934233
1.28351,2.66339,-0.935802
1.29983,2.65546,-0.935802
1.3123,2.63979,-0.932978
1.32633,2.62745,-0.931409
1.34069,2.61588,-0.930153
1.35146,2.5975,-0.926388
1.36515,2.58496,-0.924818
1.38054,2.57569,-0.924505
1.39496,2.56467,-0.923563
1.4148,2.56355,-0.926388
1.43004,2.55399,-0.926074
1.44474,2.54352,-0.925446
1.46269,2.53872,-0.927015
1.47824,2.52969,-0.927015
1.4947,2.52221,-0.927643
1.50722,2.50811,-0.92576
1.51961,2.49395,-0.923877
1.53539,2.48538,-0.924191
1.5501,2.47511,-0.923877
1.56323,2.46235,-0.922622
1.57728,2.45111,-0.921994
1.59229,2.44139,-0.921994
1.60671,2.43078,-0.92168
1.62001,2.41851,-0.920739
1.63642,2.41088,-0.92168
1.65172,2.40158,-0.921994
1.66697,2.39218,-0.922308
1.68052,2.38035,-0.92168
1.69786,2.37386,-0.923249
1.70682,2.35571,-0.920111
1.72236,2.34672,-0.920739
1.7373,2.33687,-0.921052
1.75332,2.32844,-0.921994
1.76354,2.31235,-0.919797
1.77421,2.29698,-0.917914
1.79354,2.29278,-0.920739
1.80993,2.28471,-0.921994
1.82808,2.27875,-0.924191
1.83903,2.2638,-0.922622
1.8553,2.25541,-0.923877
1.86607,2.24033,-0.922308
1.87978,2.22884,-0.922308
1.89465,2.21871,-0.922935
1.90326,2.2013,-0.920425
1.9161,2.18886,-0.920111
1.93454,2.18275,-0.922622
1.93394,2.15529,-0.915717
1.94713,2.14339,-0.915717
1.95575,2.12651,-0.913521
1.96682,2.11238,-0.912579
1.97779,2.0982,-0.911638
1.9939,2.08946,-0.913207
2.00734,2.07787,-0.913521
2.0174,2.0628,-0.912265
2.03135,2.05173,-0.912893
2.03853,2.03386,-0.910382
2.05706,2.02731,-0.913207
2.0715,2.01664,-0.914148
2.0763,1.99665,-0.910696
2.09609,1.99107,-0.914148
2.1048,1.97492,-0.912579
2.12176,1.96649,-0.914776
2.13308,1.95279,-0.914462
2.13869,1.93393,-0.911638
2.16326,1.93216,-0.917287
2.16297,1.90817,-0.911951
2.16819,1.88925,-0.909127
2.17399,1.87096,-0.906616
2.19845,1.86865,-0.912265
2.19824,1.84536,-0.907244
2.21244,1.83426,-0.908499
2.21117,1.81043,-0.903164
2.21337,1.78966,-0.899398
2.23767,1.78671,-0.905047
2.25828,1.78059,-0.909127
2.27067,1.76786,-0.909755
2.26792,1.74348,-0.904106
2.2763,1.72781,-0.903164
2.27699,1.70641,-0.899085
2.27902,1.6862,-0.895633
2.29239,1.67442,-0.896888
2.30185,1.65977,-0.896574
2.32127,1.65222,-0.90034
2.33525,1.64068,-0.901909
2.34839,1.62848,-0.903164
2.35678,1.61297,-0.902537
2.36348,1.59635,-0.901281
2.37244,1.58129,-0.900968
2.37972,1.56514,-0.900026
2.39007,1.55103,-0.90034
2.40514,1.53991,-0.902537
2.40973,1.52209,-0.900654
2.4287,1.5133,-0.90442
2.43794,1.49836,-0.90442
2.44384,1.48141,-0.903164
2.45451,1.46736,-0.903792
2.46428,1.45275,-0.904106
2.47315,1.43761,-0.904106
2.4844,1.42382,-0.905047
2.49226,1.40808,-0.904733
2.49671,1.39045,-0.903164
2.51018,1.37785,-0.905047
2.52193,1.36423,-0.906303
2.52271,1.34471,-0.903478
2.52251,1.32479,-0.90034
2.53228,1.31016,-0.900968
2.53435,1.29158,-0.898771
2.54223,1.27601,-0.898771
2.54916,1.25996,-0.898457
2.55513,1.24347,-0.897829
2.56614,1.22941,-0.899085
2.57965,1.21647,-0.901281
2.58189,1.19822,-0.899398
2.59438,1.18472,-0.901281
2.599,1.16762,-0.90034
2.60264,1.15011,-0.899085
2.60704,1.13299,-0.898143
2.60696,1.11398,-0.895633
2.61112,1.09686,-0.894691
2.61516,1.07974,-0.89375
2.61734,1.06189,-0.89218
2.62116,1.04475,-0.891239
2.63194,1.03038,-0.892808
2.64265,1.01591,-0.894377
2.65238,1.00102,-0.895633
2.65759,0.984396,-0.895319
2.66447,0.968395,-0.895633
2.66589,0.950434,-0.894063
2.67077,0.933746,-0.89375
2.67376,0.916417,-0.892808
2.67753,0.89939,-0.89218
2.67849,0.88146,-0.890611
2.68746,0.866174,-0.891867
2.69001,0.848811,-0.890925
2.69063,0.830889,-0.889356
2.69841,0.815187,-0.890297
2.70518,0.799152,-0.890925
2.71003,0.782539,-0.890925
2.71387,0.765638,-0.890611
2.71851,0.748972,-0.890611
2.71939,0.731291,-0.889356
2.73117,0.716518,-0.891867
2.73644,0.699982,-0.89218
2.73423,0.681571,-0.889984
2.74667,0.666796,-0.892808
2.75163,0.650149,-0.893122
2.75372,0.632828,-0.892494
1.14884,0.256846,-0.347691
1.14482,0.248585,-0.345808
1.1454,0.24136,-0.345494
1.15802,0.236604,-0.34926
1.14921,0.22747,-0.345808
1.15058,0.220414,-0.345808
1.15565,0.214041,-0.347063
0,0,0
0,0,0
1.18093,0.196307,-0.354281
1.18024,0.188758,-0.353654
1.18232,0.181656,-0.353968
1.16368,0.171498,-0.347377
1.20044,0.169383,-0.359303
1.15064,0.15518,-0.342356
1.14592,0.147392,-0.340473
1.14398,0.140013,-0.339532
1.175,0.136486,-0.349574
1.13711,0.125033,-0.336707
1.16808,0.121178,-0.34675
1.17542,0.114651,-0.348946
1.16192,0.106146,-0.344239
1.16444,0.0991753,-0.344867
1.11202,0.0878601,-0.327292
1.14379,0.0833,-0.337649
1.13859,0.0759033,-0.335766
1.12482,0.0680606,-0.331058
1.12806,0.0613111,-0.332
1.13221,0.0545698,-0.333255
1.13632,0.0477798,-0.33451
1.129,0.0405368,-0.332
1.12638,0.0335249,-0.331058
1.08385,0.0256194,-0.316936
1.10867,0.0193912,-0.325095
1.11826,0.0126925,-0.328234
1.12116,0.00584452,-0.329175
1.12688,-0.00104226,-0.331058
1.124,-0.00793548,-0.330117
1.12393,-0.0148321,-0.330117
1.12382,-0.0217281,-0.330117
1.12651,-0.0286969,-0.331058
1.12821,-0.0356692,-0.331686
1.10615,-0.0417592,-0.324468
1.09734,-0.0481677,-0.321643
1.11124,-0.0556171,-0.326351
1.11752,-0.0628099,-0.328548
1.12943,-0.0704384,-0.332627
1.09393,-0.0749527,-0.321016
1.14268,-0.0853589,-0.337335
1.13646,-0.0919075,-0.335452
1.08196,-0.0941661,-0.317564
1.09271,-0.101865,-0.32133
1.14213,-0.113565,-0.337962
1.09704,-0.115867,-0.323213
1.12084,-0.125349,-0.331372
1.15776,-0.13669,-0.343925
1.18705,-0.147549,-0.353968
1.21249,-0.15828,-0.362755
1.23125,-0.168426,-0.369345
1.23301,-0.176382,-0.370287
1.22158,-0.182398,-0.366834
1.09941,-0.171019,-0.326351
2.66258,-0.431515,-0.850128
1.1506,-0.193492,-0.344239
1.12601,-0.19646,-0.336393
1.10049,-0.198964,-0.328234
1.10391,-0.206588,-0.329803
1.10356,-0.213538,-0.330117
1.10874,-0.221611,-0.332313
1.10364,-0.227641,-0.331058
0,0,0
2.73486,-0.599801,-0.884021
2.7052,-0.610712,-0.875234
2.70695,-0.628589,-0.877117
2.70304,-0.645187,-0.877117
2.70272,-0.662665,-0.878372
2.69952,-0.679468,-0.878686
2.70174,-0.697682,-0.880883
2.69924,-0.714733,-0.88151
2.69114,-0.730286,-0.880255
2.68569,-0.746531,-0.879941
2.6765,-0.761696,-0.878372
2.67177,-0.778104,-0.878372
2.66513,-0.793941,-0.877744
2.65839,-0.809725,-0.877117
2.65065,-0.825174,-0.876175
2.64192,-0.840271,-0.87492
2.62949,-0.854118,-0.872409
2.6269,-0.871133,-0.873351
2.61971,-0.886626,-0.872723
2.61691,-0.903614,-0.873665
2.61401,-0.920601,-0.874606
2.6092,-0.936943,-0.87492
2.60608,-0.953915,-0.875861
2.60106,-0.97022,-0.876175
2.59151,-0.984812,-0.87492
2.58542,-1.00069,-0.87492
2.5757,-1.01515,-0.873665
0,0,0
2.56481,-1.0474,-0.874292
2.55395,-1.06129,-0.872723
2.54826,-1.07731,-0.873037
2.53724,-1.09105,-0.871468
2.53485,-1.1085,-0.873037
2.52713,-1.12365,-0.872723
2.51327,-1.136,-0.870213
2.50625,-1.1514,-0.870213
2.5,-1.16716,-0.870526
2.49193,-1.18207,-0.870213
2.49319,-1.20146,-0.873351
2.48406,-1.2159,-0.872723
2.49016,-1.23789,-0.877744
2.49269,-1.25828,-0.88151
2.48914,-1.27572,-0.883079
2.48548,-1.29316,-0.884649
2.47666,-1.30794,-0.884335
2.46105,-1.31907,-0.88151
2.4404,-1.32734,-0.876803
2.42556,-1.33862,-0.874292
2.41482,-1.35209,-0.873351
2.404,-1.36547,-0.872409
2.39722,-1.38114,-0.873037
2.3846,-1.39343,-0.871468
2.38173,-1.41143,-0.873665
2.37546,-1.42748,-0.874606
2.36504,-1.44104,-0.873978
2.36261,-1.45952,-0.876489
2.34879,-1.47096,-0.874606
2.33571,-1.4828,-0.873037
2.33215,-1.5007,-0.875234
2.31734,-1.51135,-0.873037
2.30723,-1.52502,-0.872723
2.29861,-1.53968,-0.873037
2.28441,-1.55055,-0.871154
2.27564,-1.56508,-0.871468
2.26989,-1.58173,-0.873037
2.26014,-1.59562,-0.873037
2.24799,-1.60781,-0.872096
2.24039,-1.62324,-0.873037
2.23421,-1.63977,-0.874606
2.22639,-1.65514,-0.875548
2.21923,-1.67106,-0.876803
2.2044,-1.68119,-0.87492
2.1948,-1.69526,-0.875234
2.1851,-1.70928,-0.875548
2.17085,-1.71971,-0.873978
2.15434,-1.72824,-0.871468
2.14148,-1.73963,-0.870526
2.12343,-1.74671,-0.867388
2.11341,-1.76031,-0.867702
2.09821,-1.76957,-0.865819
2.08515,-1.78056,-0.864877
2.08424,-1.80202,-0.869271
2.07671,-1.8179,-0.87084
2.06339,-1.82872,-0.869899
2.06343,-1.85149,-0.87492
2.05555,-1.86731,-0.876489
2.04265,-1.87861,-0.875861
2.03248,-1.8924,-0.876489
2.01392,-1.89832,-0.873351
2.00567,-1.91392,-0.87492
1.98843,-1.92091,-0.872409
1.97321,-1.92976,-0.87084
1.95998,-1.94049,-0.870213
1.95273,-1.95719,-0.872409
1.94402,-1.97251,-0.873978
1.93453,-1.98713,-0.875234
1.92295,-1.99964,-0.875548
1.91457,-2.01553,-0.877431
1.90282,-2.02794,-0.877744
1.89163,-2.04097,-0.878372
1.87587,-2.04903,-0.876803
1.86135,-2.05839,-0.875861
1.84489,-2.06553,-0.873978
1.8303,-2.07467,-0.873037
1.81566,-2.08371,-0.872096
1.79851,-2.08978,-0.869899
1.78688,-2.10222,-0.870526
1.77639,-2.11605,-0.871782
1.76337,-2.12691,-0.871782
1.75209,-2.1399,-0.872723
1.74072,-2.15282,-0.873665
1.72274,-2.15753,-0.871154
1.70888,-2.16731,-0.87084
1.69263,-2.17401,-0.869271
1.67405,-2.17758,-0.866447
1.65951,-2.1863,-0.865819
1.64664,-2.1972,-0.866133
1.63087,-2.20421,-0.864877
1.61675,-2.21341,-0.864564
1.60425,-2.22482,-0.865191
1.59167,-2.23617,-0.865819
1.57628,-2.24357,-0.864877
1.56086,-2.25086,-0.863936
1.54488,-2.25726,-0.862681
1.52993,-2.26512,-0.862053
1.51601,-2.27446,-0.862053
1.50046,-2.28134,-0.861112
1.49005,-2.29608,-0.863308
1.47491,-2.30358,-0.862681
1.46075,-2.31259,-0.862681
1.44703,-2.32231,-0.862994
1.43226,-2.33034,-0.862681
1.41941,-2.34152,-0.863622
1.40599,-2.35182,-0.86425
1.39105,-2.35958,-0.863936
1.37893,-2.37218,-0.865505
1.36246,-2.3773,-0.86425
1.34645,-2.38313,-0.863308
1.32857,-2.38554,-0.861112
1.30979,-2.38616,-0.858287
1.29197,-2.3883,-0.85609
1.27416,-2.39032,-0.853894
1.25903,-2.39725,-0.85358
1.24604,-2.40831,-0.854835
1.23038,-2.41421,-0.854207
1.21512,-2.42087,-0.853894
1.20066,-2.42913,-0.854207
1.18532,-2.4356,-0.853894
1.17158,-2.44539,-0.854835
1.15453,-2.44824,-0.853266
1.13869,-2.45356,-0.852638
1.12558,-2.46482,-0.854207
1.11316,-2.47774,-0.856404
1.09755,-2.48366,-0.85609
1.0857,-2.49818,-0.858915
1.07296,-2.51091,-0.861112
1.05716,-2.51657,-0.860798
1.04025,-2.5195,-0.859542
1.02549,-2.52759,-0.86017
1.00117,-2.51179,-0.852324
0.992318,-2.53468,-0.858287
0.976406,-2.53984,-0.857973
0.960804,-2.54578,-0.857973
0.948792,-2.56142,-0.861425
0.935327,-2.57344,-0.863622
0.920475,-2.58182,-0.864564
0,0,0
0.885338,-2.58304,-0.861112
0.864939,-2.57492,-0.856404
0,0,0
0,0,0
0,0,0
0,0,0
0,0,0
0,0,0
0,0,0
0,0,0
0,0,0
0,0,0
0,0,0
0,0,0
0,0,0
0,0,0
0,0,0
0,0,0
0,0,0
0,0,0
0,0,0
0,0,0
0,0,0
0,0,0
0,0,0
0,0,0
0,0,0
0,0,0
0,0,0
0,0,0
0,0,0
0,0,0
0,0,0
0,0,0
0,0,0
0,0,0
0,0,0
0,0,0
0,0,0
0,0,0
0,0,0
0,0,0
0,0,0
0,0,0
0,0,0
0,0,0
0,0,0
0,0,0
0,0,0
0,0,0
0,0,0
0,0,0
0,0,0
0,0,0
0,0,0
0,0,0
0,0,0
0,0,0
0,0,0
0,0,0
0,0,0
0,0,0
0,0,0
0,0,0
0,0,0
0,0,0
0,0,0
0,0,0
0,0,0
0,0,0
0,0,0
0,0,0
0,0,0
0,0,0
0,0,0
0,0,0
0,0,0
0,0,0
0,0,0
0,0,0
0,0,0
0,0,0
0,0,0
0,0,0
0,0,0
0,0,0
0,0,0
0,0,0
0,0,0
0,0,0
0,0,0
0,0,0
0,0,0
0,0,0
0,0,0
0,0,0
0,0,0
0,0,0
0,0,0
0,0,0
0,0,0
0,0,0
0,0,0
0,0,0
0,0,0
0,0,0
0,0,0
0,0,0
0,0,0
0,0,0
0,0,0
0,0,0
0,0,0
0,0,0
0,0,0
0,0,0
0,0,0
0,0,0
0,0,0
0,0,0
0,0,0
0,0,0
0,0,0
0,0,0
0,0,0
0,0,0
0,0,0
0,0,0
0,0,0
0,0,0
0,0,0
0,0,0
0,0,0
0,0,0
0,0,0
0,0,0
0,0,0
0,0,0
0,0,0
0,0,0
0,0,0
0,0,0
0,0,0
0,0,0
0,0,0
0,0,0
0,0,0
0,0,0
0,0,0
0,0,0
0,0,0
0,0,0
0,0,0
0,0,0
0,0,0
0,0,0
0,0,0
0,0,0
0,0,0
0,0,0
0,0,0
0,0,0
0,0,0
0,0,0
0,0,0
0,0,0
0,0,0
0,0,0
0,0,0
0,0,0
0,0,0
0,0,0
0,0,0
0,0,0
0,0,0
0,0,0
0,0,0
0,0,0
0,0,0
0,0,0
0,0,0
0,0,0
0,0,0
0,0,0
0,0,0
0,0,0
0,0,0
0,0,0
0,0,0
0,0,0
0,0,0
0,0,0
0,0,0
0,0,0
0,0,0
0,0,0
0,0,0
0,0,0
0,0,0
0,0,0
0,0,0
0,0,0
0,0,0
0,0,0
0,0,0
0,0,0
0,0,0
0,0,0
0,0,0
0,0,0
0,0,0
0,0,0
0,0,0
0,0,0
0,0,0
0,0,0
0,0,0
0,0,0
0,0,0
0,0,0
0,0,0
0,0,0
0,0,0
0,0,0
0,0,0
0,0,0
0,0,0
0,0,0
0,0,0
0,0,0
0,0,0
0,0,0
0,0,0
0,0,0
0,0,0
0,0,0
0,0,0
0,0,0
0,0,0
0,0,0
0,0,0
0,0,0
0,0,0
0,0,0
0,0,0
0,0,0
0,0,0
0,0,0
0,0,0
0,0,0
0,0,0
0,0,0
0,0,0
0,0,0
0,0,0
0,0,0
0,0,0
0,0,0
0,0,0
0,0,0
0,0,0
0,0,0
0,0,0
0,0,0
0,0,0
0,0,0
0,0,0
0,0,0
0,0,0
0,0,0
0,0,0
0,0,0
0,0,0
0,0,0
0,0,0
0,0,0
0,0,0
0,0,0
0,0,0
0,0,0
0,0,0
0,0,0
0,0,0
0,0,0
0,0,0
0,0,0
0,0,0
0,0,0
0,0,0
0,0,0
0,0,0
0,0,0
0,0,0
0,0,0
0,0,0
0,0,0
0,0,0
0,0,0
0,0,0
0,0,0
0,0,0
0,0,0
0,0,0
0,0,0
0,0,0
0,0,0
0,0,0
0,0,0
0,0,0
0,0,0
0,0,0
0,0,0
0,0,0
0,0,0
0,0,0
0,0,0
0,0,0
0,0,0
0,0,0
0,0,0
0,0,0
0,0,0
0,0,0
0,0,0
0,0,0
0,0,0
0,0,0
0,0,0
0,0,0
0,0,0
0,0,0
0,0,0
0,0,0
0,0,0
0,0,0
0,0,0
0,0,0
0,0,0
0,0,0
0,0,0
0,0,0
0,0,0
0,0,0
0,0,0
0,0,0
0,0,0
0,0,0
0,0,0
0,0,0
0,0,0
0,0,0
0,0,0
0,0,0
0,0,0
0,0,0
0,0,0
0,0,0
0,0,0
0,0,0
0,0,0
0,0,0
0,0,0
0,0,0
0,0,0
0,0,0
0,0,0
0,0,0
0,0,0
0,0,0
0,0,0
0,0,0
0,0,0
0,0,0
0,0,0
0,0,0
0,0,0
0,0,0
0,0,0
0,0,0
0,0,0
0,0,0
0,0,0
0,0,0
0,0,0
0,0,0
0,0,0
0,0,0
0,0,0
0,0,0
0,0,0
0,0,0
0,0,0
0,0,0
0,0,0
0,0,0
0,0,0
0,0,0
0,0,0
0,0,0
0,0,0
0,0,0
0,0,0
0,0,0
0,0,0
0,0,0
0,0,0
0,0,0
0,0,0
0,0,0
0,0,0
0,0,0
0,0,0
0,0,0
0,0,0
0,0,0
0,0,0
0,0,0
0,0,0
0,0,0
0,0,0
0,0,0
0,0,0
0,0,0
0,0,0
0,0,0
0,0,0
0,0,0
0,0,0
0,0,0
0,0,0
0,0,0
0,0,0
0,0,0
0,0,0
0,0,0
0,0,0
0,0,0
0,0,0
0,0,0
0,0,0
0,0,0
0,0,0
0,0,0
0,0,0
0,0,0
0,0,0
0,0,0
0,0,0
0,0,0
0,0,0
0,0,0
0,0,0
0,0,0
0,0,0
0,0,0
0,0,0
0,0,0
0,0,0
0,0,0
0,0,0
0,0,0
0,0,0
0,0,0
0,0,0
0,0,0
0,0,0
0,0,0
0,0,0
0,0,0
0,0,0
0,0,0
0,0,0
0,0,0
0,0,0
0,0,0
0,0,0
0,0,0
0,0,0
0,0,0
0,0,0
0,0,0
0,0,0
0,0,0
0,0,0
0,0,0
0,0,0
0,0,0
0,0,0
0,0,0
0,0,0
0,0,0
0,0,0
0,0,0
0,0,0
0,0,0
0,0,0
0,0,0
0,0,0
0,0,0
0,0,0
0,0,0
0,0,0
0,0,0
0,0,0
0,0,0
0,0,0
0,0,0
0,0,0
0,0,0
0,0,0
0,0,0
0,0,0
0,0,0
0,0,0
0,0,0
0,0,0
0,0,0
0,0,0
0,0,0
0,0,0
0,0,0
0,0,0
0,0,0
0,0,0
0,0,0
0,0,0
0,0,0
0,0,0
0,0,0
0,0,0
0,0,0
0,0,0
0,0,0
0,0,0
0,0,0
0,0,0
0,0,0
0,0,0
0,0,0
0,0,0
0,0,0
0,0,0
0,0,0
0,0,0
0,0,0
0,0,0
0,0,0
0,0,0
0,0,0
0,0,0
0,0,0
0,0,0
0,0,0
0,0,0
0,0,0
0,0,0
0,0,0
0,0,0
0,0,0
0,0,0
0,0,0
0,0,0
0,0,0
0,0,0
0,0,0
0,0,0
0,0,0
0,0,0
0,0,0
0,0,0
0,0,0
0,0,0
0,0,0
0,0,0
0,0,0
0,0,0
0,0,0
0,0,0
0,0,0
0,0,0
0,0,0
0,0,0
0,0,0
0,0,0
0,0,0
0,0,0
0,0,0
0,0,0
0,0,0
0,0,0
0,0,0
0,0,0
0,0,0
0,0,0
0,0,0
0,0,0
0,0,0
0,0,0
0,0,0
0,0,0
0,0,0
0,0,0
0,0,0
0,0,0
0,0,0
0,0,0
0,0,0
0,0,0
0,0,0
0,0,0
0,0,0
0,0,0
0,0,0
0,0,0
0,0,0
0,0,0
0,0,0
0,0,0
0,0,0
0,0,0
0,0,0
0,0,0
0,0,0
0,0,0
0,0,0
0,0,0
0,0,0
0,0,0
0,0,0
0,0,0
0,0,0
0.86138,2.76421,-0.951395
0.874599,2.74716,-0.947178
0.893484,2.74804,-0.949449
0.90765,2.73442,-0.946529
0.924411,2.7288,-0.946529
0.942063,2.72576,-0.947502
0.950917,2.69762,-0.939392
0.96873,2.6953,-0.94069
0.98525,2.6893,-0.94069
0.998758,2.67523,-0.93777
1.01549,2.66994,-0.938094
1.03083,2.66101,-0.937121
1.04783,2.65639,-0.93777
1.06094,2.64201,-0.93485
1.07856,2.63896,-0.936148
1.09582,2.63491,-0.937121
1.11123,2.62639,-0.936472
1.12658,2.61779,-0.935824
1.14073,2.60649,-0.934201
1.15324,2.59166,-0.931282
1.17068,2.58799,-0.932579
1.18654,2.58075,-0.932579
1.20075,2.57,-0.931282
1.21366,2.5566,-0.929011
1.22932,2.5491,-0.929011
1.24245,2.53641,-0.927064
1.25799,2.52874,-0.927064
1.27646,2.52689,-0.929335
1.29367,2.52238,-0.930633
1.30868,2.51355,-0.930309
1.32232,2.50213,-0.929011
1.33586,2.49063,-0.927713
1.35066,2.48156,-0.927389
1.36769,2.47654,-0.928686
1.37963,2.46232,-0.926416
1.39424,2.45299,-0.926091
1.41588,2.45586,-0.930633
1.43187,2.44876,-0.931282
1.44687,2.43993,-0.931282
1.4623,2.43182,-0.931606
1.47572,2.42037,-0.930633
1.48955,2.40966,-0.929984
1.50381,2.39968,-0.92966
1.51394,2.38322,-0.92674
1.52597,2.3699,-0.925118
1.5379,2.35654,-0.923496
1.54868,2.34153,-0.921225
1.55934,2.32648,-0.918954
1.57305,2.31609,-0.91863
1.58563,2.30405,-0.917656
1.60244,2.29816,-0.919278
1.61596,2.28751,-0.918954
1.63217,2.28063,-0.920252
1.64669,2.27134,-0.920576
1.66283,2.26424,-0.921874
1.67444,2.25096,-0.920576
1.69106,2.24442,-0.922198
1.70308,2.23175,-0.921225
1.71501,2.21901,-0.920252
1.72451,2.20323,-0.917981
1.73154,2.18445,-0.914412
1.74846,2.17821,-0.916359
1.75464,2.15863,-0.912466
1.77326,2.1544,-0.915385
1.7937,2.1522,-0.919278
1.802,2.13537,-0.916683
1.81814,2.12787,-0.918305
1.82992,2.11524,-0.917656
1.84411,2.1054,-0.918305
1.8501,2.08626,-0.914737
1.86855,2.0812,-0.917656
1.87365,2.0613,-0.913763
1.88754,2.05115,-0.914412
1.89752,2.03676,-0.913115
1.90803,2.02302,-0.912141
1.9191,2.0099,-0.911493
1.92943,1.99605,-0.910519
1.94296,1.98552,-0.911168
1.95511,1.97356,-0.911168
1.96919,1.96354,-0.912141
1.9812,1.95142,-0.912141
1.98772,1.93394,-0.909546
2.00773,1.92958,-0.913439
2.01541,1.91331,-0.911493
2.02642,1.90026,-0.911168
2.03943,1.88908,-0.911817
2.05587,1.881,-0.914088
2.06176,1.86328,-0.911493
2.07386,1.85122,-0.911817
2.0866,1.83971,-0.912466
2.09286,1.82253,-0.910195
2.10113,1.80718,-0.908897
2.11002,1.79242,-0.907924
2.1217,1.78004,-0.908248
2.13113,1.76579,-0.9076
2.14192,1.75268,-0.9076
2.15117,1.73831,-0.906951
2.16844,1.73039,-0.909871
2.16788,1.70827,-0.905004
2.16339,1.68331,-0.898516
2.17668,1.67231,-0.899814
2.17937,1.6532,-0.89657
2.19023,1.64037,-0.896894
2.20937,1.63365,-0.900787
2.21477,1.61671,-0.89884
2.22542,1.60365,-0.899165
2.24446,1.59654,-0.903058
2.25499,1.58329,-0.903382
2.27244,1.57481,-0.906626
2.28206,1.56084,-0.906626
2.28767,1.54416,-0.905004
2.30104,1.53272,-0.906626
2.3104,1.51857,-0.906626
2.31333,1.50024,-0.904031
2.33125,1.49163,-0.9076
2.33716,1.47528,-0.906302
2.34456,1.45991,-0.905653
2.36073,1.44996,-0.908573
2.36311,1.43152,-0.905978
2.36942,1.41554,-0.905004
2.37724,1.40049,-0.90468
2.38252,1.38398,-0.903382
2.39179,1.3698,-0.903707
2.40426,1.35743,-0.905329
2.41255,1.34265,-0.905329
2.42654,1.33101,-0.9076
2.43716,1.31744,-0.908573
2.43852,1.2989,-0.905978
2.4431,1.28216,-0.90468
2.45512,1.26932,-0.906302
2.45191,1.24864,-0.902085
2.45529,1.23145,-0.900463
2.45856,1.21427,-0.89884
2.46342,1.19792,-0.897867
2.47243,1.1836,-0.898516
2.48306,1.17002,-0.899814
2.48505,1.15237,-0.897867
2.49465,1.13828,-0.89884
2.51195,1.12761,-0.902733
2.51536,1.11064,-0.901436
2.52039,1.09443,-0.900787
2.53662,1.08304,-0.904355
2.5284,1.06122,-0.89884
2.53748,1.04677,-0.899814
2.54123,1.03012,-0.89884
2.54487,1.01345,-0.897867
2.55368,0.998854,-0.89884
2.55711,0.982147,-0.897867
2.5622,0.966105,-0.897543
2.56631,0.949708,-0.896894
2.57565,0.935236,-0.898192
2.57955,0.918779,-0.897543
2.57443,0.899186,-0.89365
2.596,0.888896,-0.899489
2.59154,0.869636,-0.895921
2.59953,0.854605,-0.896894
2.60382,0.838349,-0.89657
2.59629,0.81837,-0.892028
2.59313,0.799911,-0.889108
2.59618,0.783437,-0.888459
2.60275,0.768029,-0.889108
2.61014,0.752832,-0.890081
2.6138,0.736545,-0.889757
2.62192,0.721499,-0.891055
2.6336,0.707363,-0.89365
2.64704,0.693592,-0.896894
2.64117,0.674757,-0.893325
2.63608,0.65625,-0.890081
2.63178,0.638053,-0.887162
2.63841,0.622546,-0.888135
2.64218,0.606345,-0.888135
0,0,0
1.09922,0.237408,-0.344095
1.11824,0.234363,-0.350258
1.11688,0.22693,-0.349285
1.12938,0.222276,-0.353178
1.15116,0.219255,-0.360315
1.15156,0.212015,-0.359991
1.1845,0.210606,-0.371021
1.20907,0.207353,-0.379131
1.21032,0.19993,-0.379131
1.20779,0.191903,-0.377834
1.19398,0.182191,-0.372643
1.167,0.170727,-0.362911
1.14649,0.160525,-0.355449
1.07902,0.144264,-0.331767
1.01327,0.129079,-0.308734
0.982118,0.118955,-0.297704
0.978131,0.112382,-0.296082
0.978802,0.106378,-0.296082
0.978496,0.100272,-0.295757
0.978151,0.0941749,-0.295433
0.975885,0.0879133,-0.29446
0.973578,0.0816832,-0.293486
0.98632,0.0766752,-0.297704
0.97262,0.0695925,-0.292837
0.983411,0.0643144,-0.296406
0.978122,0.0579369,-0.29446
0.982237,0.0521391,-0.295757
0.981594,0.0460658,-0.295433
0.979023,0.0399231,-0.29446
0.982085,0.0340167,-0.295433
0.97093,0.0276535,-0.29154
0.967298,0.0216065,-0.290242
0.96363,0.0156051,-0.288945
0.969382,0.00975592,-0.290891
0.97037,0.00381255,-0.291215
0.965645,-0.00213675,-0.289593
0.969398,-0.0080889,-0.290891
0.967438,-0.0140117,-0.290242
0.976791,-0.0201313,-0.293486
0.974758,-0.0260761,-0.292837
0.961344,-0.0316368,-0.288296
0.97531,-0.0380717,-0.293162
0.955213,-0.0431821,-0.286349
0.966267,-0.0496109,-0.290242
0.976333,-0.0561239,-0.293811
0.970306,-0.0617596,-0.291864
0.963303,-0.0672588,-0.289593
0.956269,-0.0726744,-0.287322
0.952034,-0.0782352,-0.286025
0.951536,-0.0840753,-0.286025
0.951944,-0.0900001,-0.286349
0.949491,-0.0956521,-0.2857
0.964878,-0.103167,-0.291215
1.01029,-0.114241,-0.307112
1.04339,-0.124434,-0.31879
1.13459,-0.142276,-0.350583
1.15902,-0.152542,-0.359342
1.20118,-0.165551,-0.374265
1.21231,-0.174661,-0.378482
1.2187,-0.183214,-0.381078
1.1998,-0.187924,-0.374914
1.19302,-0.194375,-0.372967
1.1405,-0.193059,-0.355125
1.16818,-0.205096,-0.365182
1.14642,-0.208556,-0.358044
1.17673,-0.221505,-0.369074
1.15306,-0.224406,-0.361289
1.15723,-0.23259,-0.363235
1.15393,-0.239304,-0.362586
1.15614,-0.247167,-0.363884
2.66623,-0.585599,-0.894623
2.62937,-0.594452,-0.882944
2.62936,-0.61143,-0.884242
2.62279,-0.626893,-0.883269
2.61982,-0.6432,-0.883593
2.61399,-0.658801,-0.882944
2.60257,-0.672937,-0.880349
2.59199,-0.687199,-0.878078
2.59229,-0.704328,-0.8797
2.5788,-0.717689,-0.876456
2.57435,-0.733498,-0.876456
2.5698,-0.749281,-0.876456
2.56969,-0.766384,-0.878078
2.56403,-0.781862,-0.877754
2.55828,-0.797298,-0.877429
2.55154,-0.812408,-0.87678
2.54831,-0.828632,-0.877429
2.53869,-0.842765,-0.875807
2.53257,-0.858023,-0.875483
2.52458,-0.87262,-0.87451
2.52364,-0.889665,-0.876132
2.52703,-0.908329,-0.879376
2.5223,-0.924142,-0.8797
2.51038,-0.937288,-0.877429
2.51165,-0.955361,-0.880025
2.50927,-0.97212,-0.881322
2.49974,-0.986111,-0.880025
2.49189,-1.00073,-0.879376
2.48658,-1.01636,-0.8797
2.4768,-1.03014,-0.878402
2.47827,-1.04863,-0.881322
2.47092,-1.06345,-0.880998
2.47042,-1.08124,-0.883269
2.46806,-1.0983,-0.884891
1.19155,-0.539679,-0.407031
1.20283,-0.553691,-0.412546
1.20884,-0.565462,-0.416114
1.20962,-0.574895,-0.417736
1.20522,-0.581895,-0.417412
1.20587,-0.591358,-0.419034
1.20984,-0.602535,-0.421954
1.20781,-0.6108,-0.422603
1.19731,-0.614748,-0.420007
1.20107,-0.626012,-0.422927
1.19553,-0.632486,-0.422278
1.2033,-0.646065,-0.42682
1.18934,-0.648013,-0.422927
0,0,0
2.33026,-1.3057,-0.87451
2.32549,-1.32184,-0.875807
2.32799,-1.34223,-0.880025
2.31808,-1.35553,-0.879376
2.31216,-1.37118,-0.880349
2.3037,-1.38534,-0.880349
2.29758,-1.40092,-0.881322
2.28653,-1.4135,-0.880349
2.27861,-1.42801,-0.880673
2.26502,-1.43892,-0.878727
2.25774,-1.45381,-0.879376
2.24402,-1.46454,-0.877429
2.23657,-1.47933,-0.878078
2.22352,-1.49039,-0.876456
2.20964,-1.50082,-0.87451
2.19025,-1.50738,-0.870292
2.18252,-1.52187,-0.870941
2.16927,-1.53251,-0.869319
2.1606,-1.54634,-0.869643
2.1503,-1.55901,-0.869319
2.1407,-1.57218,-0.869319
2.13405,-1.58754,-0.870617
2.12653,-1.60231,-0.87159
2.12569,-1.62221,-0.875483
2.1127,-1.63291,-0.874185
2.10637,-1.64876,-0.875807
2.10288,-1.66694,-0.878727
2.08966,-1.67744,-0.877429
2.08154,-1.69202,-0.878402
2.06965,-1.70356,-0.877754
2.05117,-1.70957,-0.874185
2.03774,-1.71968,-0.872887
2.02284,-1.72847,-0.870941
2.01076,-1.73961,-0.870292
2.00361,-1.75503,-0.871914
1.99351,-1.76792,-0.872239
1.98685,-1.78391,-0.874185
1.97027,-1.79098,-0.87159
1.9676,-1.81072,-0.875483
1.95714,-1.8234,-0.875807
1.95211,-1.84121,-0.878727
1.94009,-1.8525,-0.878402
1.92257,-1.85846,-0.875483
1.91113,-1.87022,-0.875483
1.8976,-1.87991,-0.87451
1.88536,-1.89085,-0.874185
1.87439,-1.90306,-0.87451
1.86333,-1.9152,-0.874834
1.85089,-1.92592,-0.87451
1.84686,-1.94547,-0.878402
1.83942,-1.96159,-0.880673
1.82863,-1.97423,-0.881322
1.81904,-1.9882,-0.88262
1.80998,-2.00283,-0.884242
1.79261,-2.00826,-0.881647
1.7765,-2.01496,-0.8797
1.76535,-2.02725,-0.880349
1.74917,-2.03374,-0.878402
1.73421,-2.04156,-0.877105
1.71739,-2.04709,-0.874834
1.7042,-2.05686,-0.87451
1.69334,-2.06947,-0.875483
1.6824,-2.08203,-0.876456
1.67018,-2.09305,-0.87678
1.65613,-2.10178,-0.876132
1.63798,-2.10518,-0.873212
1.6233,-2.11294,-0.872239
1.6063,-2.11759,-0.869968
1.58987,-2.12286,-0.868021
1.57344,-2.12802,-0.866075
1.55812,-2.13458,-0.864777
1.54555,-2.14486,-0.865102
1.53345,-2.15585,-0.86575
1.52074,-2.16599,-0.866075
1.50904,-2.17761,-0.867048
1.49779,-2.18995,-0.868346
1.48962,-2.20694,-0.87159
1.47605,-2.21604,-0.87159
1.46502,-2.22901,-0.873212
1.45389,-2.24192,-0.874834
1.43654,-2.24522,-0.872563
1.42122,-2.2516,-0.87159
1.40137,-2.25064,-0.867697
1.38209,-2.25033,-0.864128
1.36972,-2.2612,-0.865102
1.35146,-2.26225,-0.862182
1.33322,-2.26317,-0.859262
1.32644,-2.28357,-0.864128
1.311,-2.28921,-0.863155
1.30065,-2.3038,-0.86575
1.28879,-2.31587,-0.867372
1.27,-2.31544,-0.864128
1.25757,-2.32651,-0.865426
1.2406,-2.32918,-0.863479
1.22233,-2.32921,-0.86056
1.20932,-2.33919,-0.861533
1.1928,-2.34235,-0.859911
1.17925,-2.35132,-0.86056
1.16564,-2.3602,-0.861209
1.14989,-2.36476,-0.860235
1.1374,-2.37604,-0.861857
1.1224,-2.38211,-0.861533
1.10776,-2.38896,-0.861533
1.09623,-2.40259,-0.864128
1.08108,-2.40841,-0.863804
1.06857,-2.42019,-0.86575
1.05333,-2.42583,-0.865426
1.03879,-2.43312,-0.86575
1.02128,-2.43334,-0.863479
1.00272,-2.43082,-0.860235
0.986363,-2.43342,-0.858938
0.968961,-2.43328,-0.856667
0.952632,-2.43565,-0.855369
0.940386,-2.44852,-0.857964
0,0,0
0,0,0
0.903238,-2.48764,-0.866075
0.889863,-2.49848,-0.868021
0.873579,-2.50121,-0.867048
0,0,0
0,0,0
0,0,0
0,0,0
0,0,0
0,0,0
0,0,0
0,0,0
0,0,0
0,0,0
0,0,0
0,0,0
0,0,0
0,0,0
0,0,0
0,0,0
0,0,0
0,0,0
0,0,0
0,0,0
0,0,0
0,0,0
0,0,0
0,0,0
0,0,0
0,0,0
0,0,0
0,0,0
0,0,0
0,0,0
0,0,0
0,0,0
0,0,0
0,0,0
0,0,0
0,0,0
0,0,0
0,0,0
0,0,0
0,0,0
0,0,0
0,0,0
0,0,0
0,0,0
0,0,0
0,0,0
0,0,0
0,0,0
0,0,0
0,0,0
0,0,0
0,0,0
0,0,0
0,0,0
0,0,0
0,0,0
0,0,0
0,0,0
0,0,0
0,0,0
0,0,0
0,0,0
0,0,0
0,0,0
0,0,0
0,0,0
0,0,0
0,0,0
0,0,0
0,0,0
0,0,0
0,0,0
0,0,0
0,0,0
0,0,0
0,0,0
0,0,0
0,0,0
0,0,0
0,0,0
0,0,0
0,0,0
0,0,0
0,0,0
0,0,0
0,0,0
0,0,0
0,0,0
0,0,0
0,0,0
0,0,0
0,0,0
0,0,0
0,0,0
0,0,0
0,0,0
0,0,0
0,0,0
0,0,0
0,0,0
0,0,0
0,0,0
0,0,0
0,0,0
0,0,0
0,0,0
0,0,0
0,0,0
0,0,0
0,0,0
0,0,0
0,0,0
0,0,0
0,0,0
0,0,0
0,0,0
0,0,0
0,0,0
0,0,0
0,0,0
0,0,0
0,0,0
0,0,0
0,0,0
0,0,0
0,0,0
0,0,0
0,0,0
0,0,0
0,0,0
0,0,0
0,0,0
0,0,0
0,0,0
0,0,0
0,0,0
0,0,0
0,0,0
0,0,0
0,0,0
0,0,0
0,0,0
0,0,0
0,0,0
0,0,0
0,0,0
0,0,0
0,0,0
0,0,0
0,0,0
0,0,0
0,0,0
0,0,0
0,0,0
0,0,0
0,0,0
0,0,0
0,0,0
0,0,0
0,0,0
0,0,0
0,0,0
0,0,0
0,0,0
0,0,0
0,0,0
0,0,0
0,0,0
0,0,0
0,0,0
0,0,0
0,0,0
0,0,0
0,0,0
0,0,0
0,0,0
0,0,0
0,0,0
0,0,0
0,0,0
0,0,0
0,0,0
0,0,0
0,0,0
0,0,0
0,0,0
0,0,0
0,0,0
0,0,0
0,0,0
0,0,0
0,0,0
0,0,0
0,0,0
0,0,0
0,0,0
0,0,0
0,0,0
0,0,0
0,0,0
0,0,0
0,0,0
0,0,0
0,0,0
0,0,0
0,0,0
0,0,0
0,0,0
0,0,0
0,0,0
0,0,0
0,0,0
0,0,0
0,0,0
0,0,0
0,0,0
0,0,0
0,0,0
0,0,0
0,0,0
0,0,0
0,0,0
0,0,0
0,0,0
0,0,0
0,0,0
0,0,0
0,0,0
0,0,0
0,0,0
0,0,0
0,0,0
0,0,0
0,0,0
0,0,0
0,0,0
0,0,0
0,0,0
0,0,0
0,0,0
0,0,0
0,0,0
0,0,0
0,0,0
0,0,0
0,0,0
0,0,0
0,0,0
0,0,0
0,0,0
0,0,0
0,0,0
0,0,0
0,0,0
0,0,0
0,0,0
0,0,0
0,0,0
0,0,0
0,0,0
0,0,0
0,0,0
0,0,0
0,0,0
0,0,0
0,0,0
0,0,0
0,0,0
0,0,0
0,0,0
0,0,0
0,0,0
0,0,0
0,0,0
0,0,0
0,0,0
0,0,0
0,0,0
0,0,0
0,0,0
0,0,0
0,0,0
0,0,0
0,0,0
0,0,0
0,0,0
0,0,0
0,0,0
0,0,0
0,0,0
0,0,0
0,0,0
0,0,0
0,0,0
0,0,0
0,0,0
0,0,0
0,0,0
0,0,0
0,0,0
0,0,0
0,0,0
0,0,0
0,0,0
0,0,0
0,0,0
0,0,0
0,0,0
0,0,0
0,0,0
0,0,0
0,0,0
0,0,0
0,0,0
0,0,0
0,0,0
0,0,0
0,0,0
0,0,0
0,0,0
0,0,0
0,0,0
0,0,0
0,0,0
0,0,0
0,0,0
0,0,0
0,0,0
0,0,0
0,0,0
0,0,0
0,0,0
0,0,0
0,0,0
0,0,0
0,0,0
0,0,0
0,0,0
0,0,0
0,0,0
0,0,0
0,0,0
0,0,0
0,0,0
0,0,0
0,0,0
0,0,0
0,0,0
0,0,0
0,0,0
0,0,0
0,0,0
0,0,0
0,0,0
0,0,0
0,0,0
0,0,0
0,0,0
0,0,0
0,0,0
0,0,0
0,0,0
0,0,0
0,0,0
0,0,0
0,0,0
0,0,0
0,0,0
0,0,0
0,0,0
0,0,0
0,0,0
0,0,0
0,0,0
0,0,0
0,0,0
0,0,0
0,0,0
0,0,0
0,0,0
0,0,0
0,0,0
0,0,0
0,0,0
0,0,0
0,0,0
0,0,0
0,0,0
0,0,0
0,0,0
0,0,0
0,0,0
0,0,0
0,0,0
0,0,0
0,0,0
0,0,0
0,0,0
0,0,0
0,0,0
0,0,0
0,0,0
0,0,0
0,0,0
0,0,0
0,0,0
0,0,0
0,0,0
0,0,0
0,0,0
0,0,0
0,0,0
0,0,0
0,0,0
0,0,0
0,0,0
0,0,0
0,0,0
0,0,0
0,0,0
0,0,0
0,0,0
0,0,0
0,0,0
0,0,0
0,0,0
0,0,0
0,0,0
0,0,0
0,0,0
0,0,0
0,0,0
0,0,0
0,0,0
0,0,0
0,0,0
0,0,0
0,0,0
0,0,0
0,0,0
0,0,0
0,0,0
0,0,0
0,0,0
0,0,0
0,0,0
0,0,0
0,0,0
0,0,0
0,0,0
0,0,0
0,0,0
0,0,0
0,0,0
0,0,0
0,0,0
0,0,0
0,0,0
0,0,0
0,0,0
0,0,0
0,0,0
0,0,0
0,0,0
0,0,0
0,0,0
0,0,0
0,0,0
0,0,0
0,0,0
0,0,0
0,0,0
0,0,0
0,0,0
0,0,0
0,0,0
0,0,0
0,0,0
0,0,0
0,0,0
0,0,0
0,0,0
0,0,0
0,0,0
0,0,0
0,0,0
0,0,0
0,0,0
0,0,0
0,0,0
0,0,0
0,0,0
0,0,0
0,0,0
0,0,0
0,0,0
0,0,0
0,0,0
0,0,0
0,0,0
0,0,0
0,0,0
0,0,0
0,0,0
0,0,0
0,0,0
0,0,0
0,0,0
0,0,0
0,0,0
0,0,0
0,0,0
0,0,0
0,0,0
0,0,0
0,0,0
0,0,0
0,0,0
0,0,0
0,0,0
0,0,0
0,0,0
0,0,0
0,0,0
0,0,0
0,0,0
0,0,0
0,0,0
0,0,0
0,0,0
0,0,0
0,0,0
0,0,0
0,0,0
0,0,0
0,0,0
0,0,0
0,0,0
0,0,0
0,0,0
0,0,0
0,0,0
0,0,0
0,0,0
0,0,0
0,0,0
0,0,0
0,0,0
0,0,0
0,0,0
0,0,0
0,0,0
0,0,0
0,0,0
0,0,0
0,0,0
0,0,0
0,0,0
0,0,0
0,0,0
0,0,0
0,0,0
0,0,0
0,0,0
0,0,0
0,0,0
0,0,0
0,0,0
0,0,0
0,0,0
0,0,0
0,0,0
0,0,0
0,0,0
0,0,0
0,0,0
0,0,0
0,0,0
0,0,0
0,0,0
0,0,0
0,0,0
0,0,0
0,0,0
0,0,0
0,0,0
0,0,0
0,0,0
0,0,0
0,0,0
0,0,0
0,0,0
0,0,0
0,0,0
0,0,0
0,0,0
0,0,0
0,0,0
0,0,0
0,0,0
0,0,0
0,0,0
0,0,0
0,0,0
0,0,0
0,0,0
0.922036,2.56771,-0.926475
0.938098,2.56288,-0.926809
0.955783,2.56238,-0.928816
0.974836,2.56527,-0.932161
0.99294,2.5654,-0.934502
1.01074,2.56452,-0.936509
1.0268,2.55914,-0.936843
1.03999,2.54668,-0.934502
1.05415,2.53677,-0.933164
1.06823,2.52679,-0.931826
1.08148,2.51499,-0.929819
1.09689,2.50831,-0.929819
1.11034,2.49722,-0.928147
1.12759,2.49466,-0.929819
1.14405,2.49026,-0.930823
1.15812,2.48063,-0.929819
1.17291,2.47263,-0.929485
1.18724,2.46369,-0.928816
1.19985,2.45128,-0.926809
1.21865,2.45146,-0.929819
1.23451,2.44562,-0.930488
1.25122,2.44136,-0.931826
1.26487,2.43113,-0.930823
1.2802,2.42415,-0.931157
1.29505,2.41625,-0.931157
1.30805,2.40495,-0.929819
1.32005,2.39193,-0.927813
1.33516,2.3846,-0.928147
1.34698,2.37145,-0.92614
1.3648,2.36886,-0.928482
1.37978,2.36125,-0.928816
1.39424,2.35274,-0.928816
1.41011,2.34656,-0.929819
1.42546,2.33948,-0.930488
1.43731,2.32668,-0.928816
1.45206,2.31861,-0.92915
1.46374,2.30568,-0.927478
1.47531,2.2927,-0.925806
1.48883,2.28281,-0.925471
1.49969,2.26892,-0.923465
1.51253,2.25811,-0.922796
1.52319,2.24411,-0.920789
1.53693,2.23472,-0.920789
1.55061,2.22524,-0.920789
1.56532,2.21723,-0.921458
1.5767,2.20452,-0.92012
1.58854,2.19251,-0.919116
1.60141,2.18196,-0.918782
1.61308,2.16983,-0.917779
1.62863,2.1629,-0.919116
1.64587,2.15811,-0.921458
1.6683,2.1599,-0.926809
1.67223,2.13775,-0.921458
1.68941,2.13262,-0.923799
1.69775,2.11633,-0.921123
1.70832,2.10295,-0.919785
1.72239,2.09388,-0.920454
1.73219,2.07966,-0.918782
1.74614,2.07043,-0.919451
1.75942,2.06039,-0.919785
1.77264,2.05027,-0.92012
1.7883,2.0429,-0.921792
1.8008,2.03189,-0.921792
1.80756,2.01449,-0.918782
1.81546,1.99848,-0.916441
1.82641,1.98591,-0.915772
1.83342,1.96915,-0.913096
1.84482,1.95718,-0.912762
1.85419,1.9431,-0.911424
1.86346,1.92897,-0.910086
1.87526,1.9175,-0.910086
1.8923,1.91132,-0.912762
1.90266,1.89834,-0.912093
1.91292,1.88531,-0.911424
1.92311,1.87222,-0.910755
1.9332,1.85908,-0.910086
1.94389,1.84653,-0.909751
1.95518,1.83457,-0.909751
1.96502,1.82126,-0.909083
1.98172,1.81426,-0.911758
1.99071,1.80017,-0.910755
1.99961,1.78603,-0.909751
2.01195,1.77498,-0.91042
2.01854,1.75889,-0.908414
2.03144,1.74831,-0.909417
2.04212,1.73581,-0.909417
2.05057,1.72143,-0.908414
2.06109,1.70882,-0.908414
2.07446,1.69853,-0.909751
2.07751,1.67984,-0.906407
2.08999,1.66883,-0.90741
2.09649,1.65306,-0.905738
2.10511,1.639,-0.905069
2.11736,1.62778,-0.906072
2.12731,1.61476,-0.906072
2.13793,1.60224,-0.906407
2.15227,1.59245,-0.908414
2.15972,1.57755,-0.90741
2.16554,1.56151,-0.905738
2.17431,1.54765,-0.905403
2.18608,1.5359,-0.906407
2.19546,1.52246,-0.906407
2.2032,1.5079,-0.905738
2.21554,1.49646,-0.907076
2.22154,1.48075,-0.905738
2.23059,1.46709,-0.905738
2.24271,1.45542,-0.907076
2.24604,1.43808,-0.904735
2.24765,1.41974,-0.901724
2.25952,1.40792,-0.903062
2.27213,1.39649,-0.904735
2.28307,1.38399,-0.905738
2.29395,1.37141,-0.906741
2.30313,1.35778,-0.907076
2.31061,1.34315,-0.906741
0,0,0
1.15185,0.651029,-0.427788
1.16406,0.648533,-0.431132
1.17297,0.644098,-0.433139
1.16115,0.628372,-0.426784
1.1758,0.626996,-0.431132
1.15543,0.607066,-0.421433
1.15662,0.598666,-0.420429
1.15943,0.59113,-0.420095
1.16219,0.583582,-0.41976
1.1666,0.576858,-0.420095
1.17351,0.571338,-0.421433
1.18889,0.569825,-0.426115
1.206,0.568949,-0.431467
2.42513,1.1255,-0.907076
2.42342,1.10668,-0.903731
2.43532,1.09411,-0.905738
2.4394,1.078,-0.904735
2.43819,1.05964,-0.901724
2.44551,1.04503,-0.902059
2.45535,1.03146,-0.903397
2.4477,1.01062,-0.898045
2.45385,0.995585,-0.898045
2.45729,0.979463,-0.897042
2.45974,0.962993,-0.895704
2.47088,0.949911,-0.897711
2.4652,0.930408,-0.893363
2.47087,0.915264,-0.893363
2.48441,0.902982,-0.896373
2.49256,0.88867,-0.897376
2.49619,0.872737,-0.896707
2.49793,0.856183,-0.89537
2.50582,0.841739,-0.896373
2.51004,0.826054,-0.896038
2.50878,0.808614,-0.893697
2.5101,0.792071,-0.892359
2.50771,0.774431,-0.889684
2.51873,0.760936,-0.892025
2.53149,0.747869,-0.895035
2.53241,0.731277,-0.893697
2.5432,0.717515,-0.896038
2.553,0.703398,-0.898045
2.56728,0.69041,-0.901724
2.57876,0.676557,-0.9044
2.56826,0.656986,-0.899049
2.56675,0.639849,-0.897042
2.56239,0.622088,-0.894032
1.11517,0.263739,-0.364908
1.11217,0.255836,-0.363236
1.11924,0.250239,-0.365243
1.11062,0.241171,-0.361564
1.10194,0.232218,-0.357884
1.10796,0.226394,-0.359557
1.11487,0.220687,-0.361564
1.11158,0.212957,-0.359891
1.11565,0.206647,-0.360895
1.12246,0.200791,-0.362901
1.11624,0.192621,-0.360226
1.10531,0.183763,-0.355878
1.09153,0.174601,-0.350526
1.05812,0.162617,-0.338151
1.03485,0.152557,-0.329455
0.980709,0.138455,-0.309722
0.96286,0.129922,-0.303032
0.931857,0.119935,-0.29166
0.909189,0.111361,-0.283299
0.9136,0.106214,-0.284637
0.917981,0.101017,-0.285975
0.917647,0.0952855,-0.28564
0.918214,0.0896531,-0.28564
0.923439,0.0844444,-0.287312
0.926757,0.0790156,-0.288316
0.926285,0.0732538,-0.287981
0.925777,0.0675007,-0.287647
0.923353,0.0616319,-0.286643
0.925595,0.0560784,-0.287312
0.921217,0.0501439,-0.28564
0.920566,0.0444455,-0.285306
0.922704,0.0388747,-0.285975
0.921042,0.0331454,-0.285306
0.918402,0.0274103,-0.284302
0.916668,0.0217307,-0.283633
0.913015,0.0160412,-0.282295
0.911212,0.010418,-0.281626
0.915028,0.00484501,-0.282964
0.912214,-0.000765946,-0.281961
0.918788,-0.00641214,-0.284302
0.91402,-0.0119857,-0.28263
0.914872,-0.0176124,-0.282964
0.922283,-0.0234203,-0.28564
0.918354,-0.0289584,-0.284302
0.920043,-0.0346646,-0.284971
0.915105,-0.0401008,-0.283299
0.912018,-0.0455727,-0.282295
0.914544,-0.0513275,-0.283299
0.916093,-0.0570561,-0.283968
0.909145,-0.0622227,-0.281626
0.902167,-0.0673062,-0.279285
0.908313,-0.0733746,-0.281626
0.910662,-0.0791927,-0.28263
0.906406,-0.0844277,-0.281292
0.906808,-0.0900812,-0.281626
0.913736,-0.0964383,-0.284302
0.930921,-0.10404,-0.290657
0.963956,-0.113739,-0.302698
0.996906,-0.123848,-0.314739
1.03911,-0.135589,-0.330124
1.12322,-0.153613,-0.36056
1.13252,-0.161973,-0.364239
1.14549,-0.171011,-0.369256
1.15,-0.178908,-0.371263
1.15167,-0.186414,-0.372266
1.15423,-0.194103,-0.373604
1.13723,-0.198422,-0.367918
1.1397,-0.206069,-0.369256
1.14397,-0.2141,-0.371263
1.16484,-0.22542,-0.37929
0,0,0
2.4919,-0.514512,-0.861254
2.47119,-0.526061,-0.854899
1.16632,-0.255555,-0.381966
1.14451,-0.258138,-0.374608
1.16035,-0.269208,-0.380963
0,0,0
0,0,0
0,0,0
2.49924,-0.645359,-0.874298
2.5089,-0.664302,-0.879315
2.50387,-0.679437,-0.878981
2.4942,-0.693272,-0.876974
2.49625,-0.71037,-0.879315
2.49636,-0.726992,-0.880988
2.48102,-0.739065,-0.876974
2.47824,-0.754824,-0.877643
2.46546,-0.767494,-0.874633
2.4625,-0.783178,-0.875302
2.45765,-0.798273,-0.875302
2.45181,-0.813041,-0.874967
2.44767,-0.828372,-0.875302
2.43987,-0.842452,-0.874298
2.43554,-0.85772,-0.874633
2.43644,-0.874879,-0.876974
2.43368,-0.890784,-0.877977
2.42729,-0.905371,-0.877643
2.42785,-0.922592,-0.879984
2.42742,-0.939513,-0.881991
0,0,0
1.30762,-0.52444,-0.458224
1.2939,-0.528176,-0.45421
0,0,0
1.21702,-0.51428,-0.427119
1.1948,-0.513544,-0.41976
1.19335,-0.521621,-0.420429
1.18582,-0.527019,-0.418757
1.17484,-0.53079,-0.415747
1.16728,-0.536021,-0.414075
1.16738,-0.544768,-0.415412
1.16316,-0.551517,-0.415078
1.16146,-0.559462,-0.415747
1.15631,-0.565749,-0.415078
1.15957,-0.576191,-0.417754
1.15769,-0.584144,-0.418423
1.15157,-0.589947,-0.417419
1.15294,-0.599612,-0.419426
1.15341,-0.608876,-0.421098
1.14882,-0.615497,-0.420764
1.14088,-0.620282,-0.419092
1.13128,-0.624083,-0.41675
1.12496,-0.629631,-0.415747
1.12272,-0.637453,-0.416416
1.11062,-0.639624,-0.413071
2.24247,-1.31034,-0.879984
2.22871,-1.32072,-0.877643
2.22056,-1.33437,-0.877643
2.22038,-1.35287,-0.880988
2.20081,-1.35953,-0.876305
2.19642,-1.37551,-0.877977
2.1951,-1.39351,-0.880988
2.18651,-1.40695,-0.880988
2.18257,-1.42343,-0.882994
2.17851,-1.43992,-0.885001
2.16259,-1.44854,-0.881991
2.15132,-1.46019,-0.880988
2.13301,-1.46695,-0.876974
2.11933,-1.47678,-0.874967
2.10946,-1.48921,-0.874633
2.09951,-1.50158,-0.874298
2.08873,-1.51333,-0.873629
2.07865,-1.52556,-0.873295
2.06774,-1.53716,-0.872626
2.07031,-1.55889,-0.877977
2.05771,-1.56928,-0.876639
2.04879,-1.58245,-0.876974
2.03607,-1.59267,-0.875636
2.0233,-1.60279,-0.874298
2.01564,-1.61694,-0.875302
1.99983,-1.62453,-0.872626
1.98545,-1.63317,-0.870619
1.98046,-1.64955,-0.87296
1.97319,-1.6641,-0.874298
1.96437,-1.6774,-0.874967
1.9519,-1.68757,-0.873964
1.94364,-1.70138,-0.874967
1.93528,-1.71515,-0.875971
1.92472,-1.72699,-0.875971
1.90641,-1.7318,-0.872291
1.89298,-1.74091,-0.870954
1.88226,-1.75249,-0.870954
1.87764,-1.76983,-0.873964
1.87016,-1.78457,-0.875636
1.85375,-1.79077,-0.87296
1.84677,-1.80606,-0.874967
1.83967,-1.82134,-0.876974
1.83645,-1.8406,-0.880988
1.82644,-1.85318,-0.881656
1.81175,-1.86097,-0.879984
1.79964,-1.87138,-0.87965
1.79267,-1.88717,-0.881991
1.78299,-1.90019,-0.882994
1.76681,-1.90626,-0.880653
1.75381,-1.91567,-0.879984
1.74518,-1.92989,-0.881656
1.73268,-1.93986,-0.881322
1.7276,-1.95823,-0.885001
1.71184,-1.96453,-0.882994
1.69545,-1.97,-0.880653
1.68577,-1.98324,-0.881991
1.66994,-1.98921,-0.879984
1.65109,-1.99144,-0.876305
1.64122,-2.00445,-0.877643
1.63067,-2.01668,-0.878646
1.61239,-2.01928,-0.875302
1.60522,-2.0358,-0.878312
1.59038,-2.04264,-0.876974
1.57265,-2.04563,-0.873964
1.55095,-2.04323,-0.868612
1.54404,-2.06025,-0.871957
1.52464,-2.06059,-0.867943
1.51252,-2.07067,-0.868278
1.49814,-2.07762,-0.867274
1.48755,-2.08984,-0.868612
1.47686,-2.10202,-0.86995
1.46769,-2.11646,-0.872291
1.45521,-2.1262,-0.872626
1.44478,-2.139,-0.874298
1.43215,-2.14861,-0.874633
1.4179,-2.15578,-0.873964
1.40465,-2.16444,-0.873964
1.38778,-2.16746,-0.871623
1.37043,-2.16956,-0.868947
1.3566,-2.17713,-0.868612
1.34075,-2.1814,-0.86694
1.3288,-2.192,-0.867943
1.31388,-2.19769,-0.86694
1.29845,-2.20246,-0.865602
1.28539,-2.2112,-0.865937
1.2732,-2.2215,-0.86694
1.25676,-2.22434,-0.864933
1.24447,-2.23448,-0.865937
1.23164,-2.24373,-0.866606
1.21651,-2.24876,-0.865602
1.20712,-2.2645,-0.868947
1.1932,-2.27186,-0.868947
1.17924,-2.27914,-0.868947
1.16651,-2.28885,-0.86995
1.15456,-2.30018,-0.871623
1.14251,-2.31144,-0.873295
1.12419,-2.30994,-0.86995
1.11162,-2.32019,-0.871288
1.09897,-2.33038,-0.872626
1.08148,-2.33024,-0.86995
1.06716,-2.33683,-0.86995
1.05087,-2.33903,-0.868278
1.03383,-2.3394,-0.865937
1.02058,-2.3483,-0.86694
1.0069,-2.35625,-0.867609
0.988407,-2.35282,-0.86393
0.972873,-2.35623,-0.862926
0.958397,-2.36216,-0.862926
0.939351,-2.35661,-0.858578
0.921095,-2.35268,-0.854899
0.906642,-2.35828,-0.854899
0.893818,-2.36821,-0.856572
0.880906,-2.37807,-0.858244
0.865333,-2.38077,-0.85724
0.854821,-2.39758,-0.861589
0.841648,-2.40723,-0.863261
0.830221,-2.42215,-0.86694
0,0,0
0,0,0
0,0,0
0,0,0
0,0,0
0,0,0
0,0,0
0,0,0
0,0,0
0,0,0
0,0,0
0,0,0
0,0,0
0,0,0
0,0,0
0,0,0
0,0,0
0,0,0
0,0,0
0,0,0
0,0,0
0,0,0
0,0,0
0,0,0
0,0,0
0,0,0
0,0,0
0,0,0
0,0,0
0,0,0
0,0,0
0,0,0
0,0,0
0,0,0
0,0,0
0,0,0
0,0,0
0,0,0
0,0,0
0,0,0
0,0,0
0,0,0
0,0,0
0,0,0
0,0,0
0,0,0
0,0,0
0,0,0
0,0,0
0,0,0
0,0,0
0,0,0
0,0,0
0,0,0
0,0,0
0,0,0
0,0,0
0,0,0
0,0,0
0,0,0
0,0,0
0,0,0
0,0,0
0,0,0
0,0,0
0,0,0
0,0,0
0,0,0
0,0,0
0,0,0
0,0,0
0,0,0
0,0,0
0,0,0
0,0,0
0,0,0
0,0,0
0,0,0
0,0,0
0,0,0
0,0,0
0,0,0
0,0,0
0,0,0
0,0,0
0,0,0
0,0,0
0,0,0
0,0,0
0,0,0
0,0,0
0,0,0
0,0,0
0,0,0
0,0,0
0,0,0
0,0,0
0,0,0
0,0,0
0,0,0
0,0,0
0,0,0
0,0,0
0,0,0
0,0,0
0,0,0
0,0,0
0,0,0
0,0,0
0,0,0
0,0,0
0,0,0
0,0,0
0,0,0
0,0,0
0,0,0
0,0,0
0,0,0
0,0,0
0,0,0
0,0,0
0,0,0
0,0,0
0,0,0
0,0,0
0,0,0
0,0,0
0,0,0
0,0,0
0,0,0
0,0,0
0,0,0
0,0,0
0,0,0
0,0,0
0,0,0
0,0,0
0,0,0
0,0,0
0,0,0
0,0,0
0,0,0
0,0,0
0,0,0
0,0,0
0,0,0
0,0,0
0,0,0
0,0,0
0,0,0
0,0,0
0,0,0
0,0,0
0,0,0
0,0,0
0,0,0
0,0,0
0,0,0
0,0,0
0,0,0
0,0,0
0,0,0
0,0,0
0,0,0
0,0,0
0,0,0
0,0,0
0,0,0
0,0,0
0,0,0
0,0,0
0,0,0
0,0,0
0,0,0
0,0,0
0,0,0
0,0,0
0,0,0
0,0,0
0,0,0
0,0,0
0,0,0
0,0,0
0,0,0
0,0,0
0,0,0
0,0,0
0,0,0
0,0,0
0,0,0
0,0,0
0,0,0
0,0,0
0,0,0
0,0,0
0,0,0
0,0,0
0,0,0
0,0,0
0,0,0
0,0,0
0,0,0
0,0,0
0,0,0
0,0,0
0,0,0
0,0,0
0,0,0
0,0,0
0,0,0
0,0,0
0,0,0
0,0,0
0,0,0
0,0,0
0,0,0
0,0,0
0,0,0
0,0,0
0,0,0
0,0,0
0,0,0
0,0,0
0,0,0
0,0,0
0,0,0
0,0,0
0,0,0
0,0,0
0,0,0
0,0,0
0,0,0
0,0,0
0,0,0
0,0,0
0,0,0
0,0,0
0,0,0
0,0,0
0,0,0
0,0,0
0,0,0
0,0,0
0,0,0
0,0,0
0,0,0
0,0,0
0,0,0
0,0,0
0,0,0
0,0,0
0,0,0
0,0,0
0,0,0
0,0,0
0,0,0
0,0,0
0,0,0
0,0,0
0,0,0
0,0,0
0,0,0
0,0,0
0,0,0
0,0,0
0,0,0
0,0,0
0,0,0
0,0,0
0,0,0
0,0,0
0,0,0
0,0,0
0,0,0
0,0,0
0,0,0
0,0,0
0,0,0
0,0,0
0,0,0
0,0,0
0,0,0
0,0,0
0,0,0
0,0,0
0,0,0
0,0,0
0,0,0
0,0,0
0,0,0
0,0,0
0,0,0
0,0,0
0,0,0
0,0,0
0,0,0
0,0,0
0,0,0
0,0,0
0,0,0
0,0,0
0,0,0
0,0,0
0,0,0
0,0,0
0,0,0
0,0,0
0,0,0
0,0,0
0,0,0
0,0,0
0,0,0
0,0,0
0,0,0
0,0,0
0,0,0
0,0,0
0,0,0
0,0,0
0,0,0
0,0,0
0,0,0
0,0,0
0,0,0
0,0,0
0,0,0
0,0,0
0,0,0
0,0,0
0,0,0
0,0,0
0,0,0
0,0,0
0,0,0
0,0,0
0,0,0
0,0,0
0,0,0
0,0,0
0,0,0
0,0,0
0,0,0
0,0,0
0,0,0
0,0,0
0,0,0
0,0,0
0,0,0
0,0,0
0,0,0
0,0,0
0,0,0
0,0,0
0,0,0
0,0,0
0,0,0
0,0,0
0,0,0
0,0,0
0,0,0
0,0,0
0,0,0
0,0,0
0,0,0
0,0,0
0,0,0
0,0,0
0,0,0
0,0,0
0,0,0
0,0,0
0,0,0
0,0,0
0,0,0
0,0,0
0,0,0
0,0,0
0,0,0
0,0,0
0,0,0
0,0,0
0,0,0
0,0,0
0,0,0
0,0,0
0,0,0
0,0,0
0,0,0
0,0,0
0,0,0
0,0,0
0,0,0
0,0,0
0,0,0
0,0,0
0,0,0
0,0,0
0,0,0
0,0,0
0,0,0
0,0,0
0,0,0
0,0,0
0,0,0
0,0,0
0,0,0
0,0,0
0,0,0
0,0,0
0,0,0
0,0,0
0,0,0
0,0,0
0,0,0
0,0,0
0,0,0
0,0,0
0,0,0
0,0,0
0,0,0
0,0,0
0,0,0
0,0,0
0,0,0
0,0,0
0,0,0
0,0,0
0,0,0
0,0,0
0,0,0
0,0,0
0,0,0
0,0,0
0,0,0
0,0,0
0,0,0
0,0,0
0,0,0
0,0,0
0,0,0
0,0,0
0,0,0
0,0,0
0,0,0
0,0,0
0,0,0
0,0,0
0,0,0
0,0,0
0,0,0
0,0,0
0,0,0
0,0,0
0,0,0
0,0,0
0,0,0
0,0,0
0,0,0
0,0,0
0,0,0
0,0,0
0,0,0
0,0,0
0,0,0
0,0,0
0,0,0
0,0,0
0,0,0
0,0,0
0,0,0
0,0,0
0,0,0
0,0,0
0,0,0
0,0,0
0,0,0
0,0,0
0,0,0
0,0,0
0,0,0
0,0,0
0,0,0
0,0,0
0,0,0
0,0,0
0,0,0
0,0,0
0,0,0
0,0,0
0,0,0
0,0,0
0,0,0
0,0,0
0,0,0
0,0,0
0,0,0
0,0,0
0,0,0
0,0,0
0,0,0
0,0,0
0,0,0
0,0,0
0,0,0
0,0,0
0,0,0
0,0,0
0,0,0
0,0,0
0,0,0
0,0,0
0,0,0
0,0,0
0,0,0
0,0,0
0,0,0
0,0,0
0,0,0
0,0,0
0,0,0
0,0,0
0,0,0
0,0,0
0,0,0
0,0,0
0,0,0
0,0,0
0,0,0
0,0,0
0,0,0
0,0,0
0,0,0
0,0,0
0,0,0
0,0,0
0,0,0
0,0,0
0,0,0
0,0,0
0,0,0
0,0,0
0,0,0
0,0,0
0,0,0
0,0,0
0,0,0
0,0,0
0,0,0
0,0,0
0,0,0
0,0,0
0,0,0
0,0,0
0,0,0
0,0,0
0,0,0
0,0,0
0,0,0
0,0,0
0,0,0
0,0,0
0,0,0
0,0,0
0,0,0
0,0,0
0,0,0
0,0,0
0,0,0
0,0,0
0,0,0
0,0,0
0,0,0
0,0,0
0,0,0
0,0,0
0,0,0
0,0,0
0,0,0
0,0,0
0,0,0
0,0,0
0,0,0
0,0,0
0,0,0
0,0,0
0,0,0
0,0,0
0,0,0
0,0,0
0,0,0
0,0,0
0,0,0
0,0,0
0,0,0
0,0,0
0,0,0
0,0,0
0,0,0
0,0,0
0,0,0
0,0,0
0,0,0
0,0,0
0,0,0
0,0,0
0,0,0
0,0,0
0,0,0
0,0,0
0,0,0
0,0,0
0,0,0
0,0,0
0,0,0
0,0,0
0,0,0
0,0,0
0,0,0
0,0,0
0,0,0
0,0,0
0,0,0
0,0,0
0,0,0
0,0,0
0,0,0
0,0,0
0,0,0
0,0,0
0,0,0
0,0,0
0,0,0
0.839279,2.58262,-0.955551
0.848025,2.55604,-0.947276
0.85347,2.52055,-0.935552
0.871063,2.52148,-0.937966
0.88496,2.51166,-0.936242
0.895283,2.49205,-0.930725
0.913459,2.49444,-0.933828
0.931697,2.49671,-0.936932
0.946,2.48831,-0.935897
0.96599,2.49472,-0.940724
0.978871,2.48263,-0.938311
0.992689,2.47309,-0.936932
1.01068,2.47391,-0.93969
1.02692,2.47026,-0.940724
1.04096,2.46132,-0.93969
1.05901,2.46178,-0.942448
1.07034,2.44664,-0.939
1.08419,2.43745,-0.937966
1.09603,2.42391,-0.935208
1.11519,2.42652,-0.939
1.12252,2.40347,-0.932449
1.13443,2.3906,-0.930035
1.1503,2.38613,-0.93107
1.16244,2.37397,-0.929001
1.17741,2.36763,-0.929346
1.19234,2.3612,-0.929691
1.20252,2.34549,-0.926243
1.21646,2.33723,-0.925898
1.23209,2.33221,-0.926932
1.2415,2.31551,-0.923139
1.25658,2.30949,-0.923829
1.26937,2.29928,-0.922794
1.2807,2.28653,-0.920726
1.29749,2.28352,-0.922794
1.31288,2.27796,-0.923829
1.32589,2.26824,-0.923139
1.34217,2.2641,-0.924863
1.35749,2.25824,-0.925898
1.37181,2.25067,-0.926243
1.38609,2.24301,-0.926587
1.39733,2.23048,-0.924863
1.40948,2.21949,-0.923829
1.42358,2.21159,-0.924174
1.43713,2.20281,-0.924174
1.44906,2.1916,-0.923139
1.46405,2.18501,-0.924174
1.47743,2.17598,-0.924174
1.49128,2.16765,-0.924519
1.50348,2.15692,-0.923829
1.51723,2.14842,-0.924174
1.52001,2.12456,-0.917622
1.52862,2.10911,-0.914864
1.54264,2.10121,-0.915554
1.55215,2.08718,-0.913485
1.56605,2.07912,-0.914174
1.57878,2.06947,-0.914174
1.59145,2.05974,-0.914174
1.61157,2.05955,-0.918657
1.62709,2.05331,-0.920381
1.63438,2.03669,-0.917278
1.64684,2.02663,-0.917278
1.66044,2.01793,-0.917967
1.66678,2.00049,-0.914519
1.68508,1.99741,-0.917967
1.68938,1.97775,-0.913485
1.69657,1.96166,-0.910726
1.71105,1.95404,-0.912106
1.72487,1.94561,-0.91314
1.73427,1.9322,-0.911761
1.7461,1.92152,-0.911761
1.75722,1.91008,-0.911416
1.77146,1.90201,-0.912795
1.78246,1.89042,-0.91245
1.79532,1.88081,-0.91314
1.80552,1.8684,-0.91245
1.81761,1.85796,-0.912795
1.82633,1.84411,-0.911416
1.83562,1.83088,-0.910381
1.84281,1.81562,-0.908313
1.84786,1.79839,-0.905209
1.85886,1.78701,-0.905209
1.86571,1.7717,-0.90314
1.8786,1.76214,-0.904175
1.89832,1.75888,-0.908657
1.907,1.7453,-0.907623
1.91977,1.73545,-0.908657
1.93108,1.72426,-0.909002
1.94233,1.713,-0.909347
1.95068,1.6992,-0.908313
1.9568,1.68353,-0.906244
1.96781,1.6721,-0.906589
1.97731,1.65939,-0.906244
1.98457,1.64483,-0.904865
1.99752,1.635,-0.906244
2.00533,1.62094,-0.905209
2.02184,1.61388,-0.908313
2.03318,1.6026,-0.909002
2.04593,1.59241,-0.910381
2.05715,1.58097,-0.911071
2.06756,1.56888,-0.911416
2.0779,1.55673,-0.911761
2.08892,1.54507,-0.91245
2.09154,1.52724,-0.909347
2.09631,1.51108,-0.907278
2.09407,1.49002,-0.902106
2.10778,1.48038,-0.904175
2.10911,1.46207,-0.900727
2.12114,1.45122,-0.902106
2.12768,1.4366,-0.901072
2.13489,1.42248,-0.900382
2.14514,1.41039,-0.901072
2.15455,1.39771,-0.901416
2.15755,1.38092,-0.899003
2.16281,1.36565,-0.897624
2.17194,1.35285,-0.897968
2.1802,1.33949,-0.897968
2.18918,1.32658,-0.898313
1.10981,0.66257,-0.432824
1.09526,0.644778,-0.424894
0,0,0
0,0,0
1.09958,0.620351,-0.42179
1.11321,0.619076,-0.425928
1.1104,0.608618,-0.423169
1.11247,0.6009,-0.42248
1.12773,0.600248,-0.427307
0,0,0
1.1175,0.5773,-0.420066
1.12772,0.573844,-0.422825
1.13793,0.570284,-0.425583
1.14056,0.562875,-0.425238
1.15243,0.559976,-0.428686
1.16177,0.555735,-0.4311
1.16771,0.549798,-0.432134
0,0,0
1.19827,0.546352,-0.441789
0,0,0
1.20746,0.532745,-0.442823
1.20899,0.524577,-0.442134
0,0,0
0,0,0
2.39914,0.990122,-0.911416
2.39473,0.971145,-0.907278
2.38757,0.951216,-0.902106
2.38812,0.934493,-0.900037
2.38417,0.916115,-0.896244
2.38975,0.901468,-0.896244
2.39435,0.886462,-0.8959
2.3971,0.870791,-0.894865
2.4024,0.856066,-0.894865
2.40761,0.841309,-0.894865
2.41183,0.826216,-0.89452
2.42754,0.814992,-0.898658
2.43071,0.799494,-0.897968
2.43199,0.783411,-0.896589
2.43765,0.768757,-0.896934
2.4495,0.756003,-0.899692
2.45499,0.741231,-0.900037
2.46669,0.728283,-0.902796
2.47652,0.714698,-0.904865
2.47815,0.698723,-0.90383
2.49687,0.687498,-0.909347
2.50739,0.673873,-0.911761
0,0,0
1.11783,0.285103,-0.381793
0,0,0
0,0,0
0,0,0
2.44176,0.560708,-0.878314
2.44698,0.546124,-0.879004
2.45396,0.531897,-0.880383
1.07394,0.225225,-0.361104
2.45938,0.501555,-0.880038
1.08306,0.213305,-0.363518
1.08527,0.206833,-0.363863
1.1096,0.204445,-0.372483
1.10991,0.197468,-0.372138
1.10832,0.190175,-0.371104
1.09002,0.180136,-0.363863
1.00491,0.15965,-0.331796
1.00216,0.152911,-0.330416
0.959432,0.140322,-0.314211
0.931462,0.130364,-0.303522
0.908988,0.121508,-0.294901
0.895752,0.114131,-0.289729
0.887118,0.107491,-0.286281
0.883099,0.101504,-0.284557
0.884638,0.0961864,-0.284902
0.884278,0.0906596,-0.284557
0.882949,0.0850496,-0.283868
0.883455,0.0796304,-0.283868
0.882056,0.0740486,-0.283178
0.88343,0.068709,-0.283523
0.884771,0.0633554,-0.283868
0.885143,0.0579253,-0.283868
0.886419,0.0525499,-0.284212
0.88485,0.0470079,-0.283523
0.886059,0.0416229,-0.283868
0.886298,0.0361854,-0.283868
0.886503,0.0307465,-0.283868
0.884799,0.0252504,-0.283178
0.886814,0.0198654,-0.283868
0.888796,0.0144566,-0.284557
0.891684,0.00903494,-0.285592
0.889845,0.00355358,-0.284902
0.88985,-0.00190648,-0.284902
0.89076,-0.00737302,-0.285247
0.892576,-0.0128631,-0.285936
0.89248,-0.0183396,-0.285936
0.89235,-0.0238154,-0.285936
0.887497,-0.0291424,-0.284212
0.887301,-0.0345874,-0.284212
0.883321,-0.0398667,-0.282833
0.884935,-0.0453796,-0.283523
0.879954,-0.0505456,-0.281799
0.880564,-0.0560023,-0.282144
0.879267,-0.0613402,-0.281799
0.878874,-0.0667341,-0.281799
0.882191,-0.0724279,-0.283178
0.877989,-0.0775142,-0.281799
0.871889,-0.0823776,-0.27973
0.87417,-0.0880043,-0.280764
0.873613,-0.0933664,-0.280764
0.884218,-0.0999761,-0.284902
0.895707,-0.106829,-0.289384
0.955583,-0.119844,-0.311797
0.978099,-0.12874,-0.320417
1.06564,-0.146815,-0.353174
1.07309,-0.154547,-0.356277
1.09904,-0.165145,-0.366276
1.11748,-0.174914,-0.373517
1.12288,-0.182817,-0.375931
1.12636,-0.190481,-0.377655
1.12425,-0.197228,-0.37731
1.11193,-0.202119,-0.373173
2.47161,-0.463523,-0.881763
2.4595,-0.476897,-0.878314
2.44732,-0.49014,-0.874866
2.44795,-0.505906,-0.876246
2.42827,-0.517403,-0.870039
2.4113,-0.52928,-0.864867
2.40526,-0.543446,-0.863833
2.40096,-0.557983,-0.863488
0,0,0
0,0,0
0,0,0
0,0,0
0,0,0
0,0,0
2.40825,-0.669853,-0.876246
2.41854,-0.688724,-0.881763
2.41067,-0.702502,-0.880383
2.39731,-0.714603,-0.876935
2.39648,-0.730392,-0.878314
2.38388,-0.742574,-0.875211
2.3766,-0.756334,-0.874177
2.37013,-0.770323,-0.873487
2.35912,-0.782785,-0.871073
2.3605,-0.79935,-0.873487
2.35998,-0.81535,-0.875211
2.34697,-0.827011,-0.872108
2.34715,-0.843298,-0.874177
2.33929,-0.856717,-0.873142
0,0,0
0,0,0
0,0,0
0,0,0
1.20017,-0.48238,-0.433169
1.20066,-0.491154,-0.434548
1.16988,-0.486993,-0.423514
0,0,0
0,0,0
1.16072,-0.508444,-0.423514
1.16787,-0.52013,-0.427652
1.16466,-0.527287,-0.427652
1.14178,-0.525416,-0.419721
1.14875,-0.537174,-0.423859
1.13695,-0.540192,-0.420411
1.13953,-0.550008,-0.422825
1.14119,-0.559465,-0.424894
1.13269,-0.563951,-0.422825
0,0,0
1.13822,-0.584226,-0.427997
1.11962,-0.583405,-0.42179
1.11851,-0.591579,-0.422825
1.11238,-0.597101,-0.42179
1.11117,-0.60526,-0.422825
1.11976,-0.618866,-0.427997
1.12414,-0.630309,-0.431445
1.12678,-0.640902,-0.434203
1.1513,-0.664196,-0.446272
0,0,0
0,0,0
2.12626,-1.27823,-0.869349
2.12479,-1.29516,-0.872108
2.11521,-1.30719,-0.871418
2.11113,-1.32263,-0.873142
2.10456,-1.33657,-0.873832
2.10184,-1.35301,-0.876246
2.09272,-1.36537,-0.875901
2.089,-1.38129,-0.87797
2.08282,-1.39565,-0.879004
2.075,-1.40893,-0.879349
2.05935,-1.41685,-0.876246
2.05139,-1.42999,-0.87659
2.04181,-1.44201,-0.876246
0,0,0
2.02092,-1.46476,-0.874866
2.01114,-1.47657,-0.874522
2.00505,-1.49113,-0.875901
2.00712,-1.51187,-0.881073
1.99482,-1.52188,-0.879694
1.9847,-1.53352,-0.879349
1.97155,-1.54277,-0.877625
1.96794,-1.5595,-0.880383
1.95467,-1.56861,-0.878659
1.93772,-1.57466,-0.875211
1.92585,-1.58473,-0.874177
1.91609,-1.59652,-0.874177
1.90841,-1.61006,-0.875211
1.90706,-1.62905,-0.879349
1.8949,-1.63888,-0.878314
1.8841,-1.64986,-0.87797
1.87394,-1.66139,-0.87797
1.86721,-1.67599,-0.879694
1.85619,-1.68679,-0.879349
1.84442,-1.69687,-0.878659
1.83192,-1.70624,-0.877625
1.8262,-1.72195,-0.880038
1.81492,-1.73248,-0.879694
1.81168,-1.75075,-0.883487
1.78748,-1.74871,-0.87659
1.77738,-1.76031,-0.876935
1.7692,-1.77384,-0.878314
1.7629,-1.78934,-0.880728
1.7473,-1.79542,-0.878314
1.73495,-1.80475,-0.877625
1.72837,-1.82013,-0.880038
1.71331,-1.82659,-0.87797
1.69697,-1.83156,-0.875211
1.68062,-1.8364,-0.872453
1.67058,-1.84807,-0.873142
1.66171,-1.86109,-0.874522
1.65275,-1.87406,-0.875901
1.64122,-1.88417,-0.875901
1.63208,-1.89705,-0.87728
1.62405,-1.91132,-0.879349
1.6123,-1.92125,-0.879349
1.59928,-1.92966,-0.878659
1.588,-1.94016,-0.879004
1.57371,-1.94695,-0.877625
1.55939,-1.95364,-0.876246
1.53923,-1.95285,-0.871418
1.52261,-1.95633,-0.86866
1.51,-1.9649,-0.868315
1.49394,-1.96889,-0.865901
1.48071,-1.97652,-0.865212
1.46967,-1.98708,-0.865901
1.45856,-1.99757,-0.866591
1.45506,-2.01866,-0.872108
1.44319,-2.02832,-0.872453
1.43288,-2.04021,-0.873832
1.42461,-2.05513,-0.87659
1.4125,-2.06461,-0.876935
1.40139,-2.07557,-0.87797
1.38706,-2.08179,-0.876935
1.36652,-2.0785,-0.871763
1.35119,-2.08291,-0.870039
1.33382,-2.08404,-0.866936
1.31901,-2.08901,-0.865557
1.30368,-2.09309,-0.863833
1.28688,-2.09465,-0.861074
1.27936,-2.11133,-0.864867
1.26638,-2.11914,-0.864867
1.25383,-2.12768,-0.865212
1.24311,-2.13939,-0.866936
1.22996,-2.14698,-0.866936
1.21538,-2.15204,-0.865901
1.20352,-2.16191,-0.866936
1.18662,-2.16267,-0.864177
1.17377,-2.17074,-0.864522
1.16043,-2.1779,-0.864522
1.14748,-2.18581,-0.864867
1.13405,-2.19281,-0.864867
1.121,-2.20056,-0.865212
1.10705,-2.20656,-0.864867
1.09349,-2.21331,-0.864867
1.07989,-2.21998,-0.864867
1.06625,-2.22657,-0.864867
1.05457,-2.23731,-0.866591
1.04003,-2.24204,-0.865901
1.02665,-2.24923,-0.866246
1.01013,-2.24949,-0.863833
0.99517,-2.25307,-0.862798
0.983573,-2.2643,-0.864867
0.968553,-2.26771,-0.863833
0.956804,-2.2788,-0.865901
0.947105,-2.29504,-0.870039
0.928767,-2.29037,-0.865901
0.916087,-2.29951,-0.867281
0.905385,-2.31383,-0.870729
0.889148,-2.31408,-0.86866
0.879908,-2.33267,-0.873832
0,0,0
0.849612,-2.33888,-0.872108
0,0,0
0,0,0
0,0,0
0,0,0
0,0,0
0,0,0
0,0,0
0,0,0
0,0,0
0,0,0
0,0,0
0,0,0
0,0,0
0,0,0
0,0,0
0,0,0
0,0,0
0,0,0
0,0,0
0,0,0
0,0,0
0,0,0
0,0,0
0,0,0
0,0,0
0,0,0
0,0,0
0,0,0
0,0,0
0,0,0
0,0,0
0,0,0
0,0,0
0,0,0
0,0,0
0,0,0
0,0,0
0,0,0
0,0,0
0,0,0
0,0,0
0,0,0
0,0,0
0,0,0
0,0,0
0,0,0
0,0,0
0,0,0
0,0,0
0,0,0
0,0,0
0,0,0
0,0,0
0,0,0
0,0,0
0,0,0
0,0,0
0,0,0
0,0,0
0,0,0
0,0,0
0,0,0
0,0,0
0,0,0
0,0,0
0,0,0
0,0,0
0,0,0
0,0,0
0,0,0
0,0,0
0,0,0
0,0,0
0,0,0
0,0,0
0,0,0
0,0,0
0,0,0
0,0,0
0,0,0
0,0,0
0,0,0
0,0,0
0,0,0
0,0,0
0,0,0
0,0,0
0,0,0
0,0,0
0,0,0
0,0,0
0,0,0
0,0,0
0,0,0
0,0,0
0,0,0
0,0,0
0,0,0
0,0,0
0,0,0
0,0,0
0,0,0
0,0,0
0,0,0
0,0,0
0,0,0
0,0,0
0,0,0
0,0,0
0,0,0
0,0,0
0,0,0
0,0,0
0,0,0
0,0,0
0,0,0
0,0,0
0,0,0
0,0,0
0,0,0
0,0,0
0,0,0
0,0,0
0,0,0
0,0,0
0,0,0
0,0,0
0,0,0
0,0,0
0,0,0
0,0,0
0,0,0
0,0,0
0,0,0
0,0,0
0,0,0
0,0,0
0,0,0
0,0,0
0,0,0
0,0,0
0,0,0
0,0,0
0,0,0
0,0,0
0,0,0
0,0,0
0,0,0
0,0,0
0,0,0
0,0,0
0,0,0
0,0,0
0,0,0
0,0,0
0,0,0
0,0,0
0,0,0
0,0,0
0,0,0
0,0,0
0,0,0
0,0,0
0,0,0
0,0,0
0,0,0
0,0,0
0,0,0
0,0,0
0,0,0
0,0,0
0,0,0
0,0,0
0,0,0
0,0,0
0,0,0
0,0,0
0,0,0
0,0,0
0,0,0
0,0,0
0,0,0
0,0,0
0,0,0
0,0,0
0,0,0
0,0,0
0,0,0
0,0,0
0,0,0
0,0,0
0,0,0
0,0,0
0,0,0
0,0,0
0,0,0
0,0,0
0,0,0
0,0,0
0,0,0
0,0,0
0,0,0
0,0,0
0,0,0
0,0,0
0,0,0
0,0,0
0,0,0
0,0,0
0,0,0
0,0,0
0,0,0
0,0,0
0,0,0
0,0,0
0,0,0
0,0,0
0,0,0
0,0,0
0,0,0
0,0,0
0,0,0
0,0,0
0,0,0
0,0,0
0,0,0
0,0,0
0,0,0
0,0,0
0,0,0
0,0,0
0,0,0
0,0,0
0,0,0
0,0,0
0,0,0
0,0,0
0,0,0
0,0,0
0,0,0
0,0,0
0,0,0
0,0,0
0,0,0
0,0,0
0,0,0
0,0,0
0,0,0
0,0,0
0,0,0
0,0,0
0,0,0
0,0,0
0,0,0
0,0,0
0,0,0
0,0,0
0,0,0
0,0,0
0,0,0
0,0,0
0,0,0
0,0,0
0,0,0
0,0,0
0,0,0
0,0,0
0,0,0
0,0,0
0,0,0
0,0,0
0,0,0
0,0,0
0,0,0
0,0,0
0,0,0
0,0,0
0,0,0
0,0,0
0,0,0
0,0,0
0,0,0
0,0,0
0,0,0
0,0,0
0,0,0
0,0,0
0,0,0
0,0,0
0,0,0
0,0,0
0,0,0
0,0,0
0,0,0
0,0,0
0,0,0
0,0,0
0,0,0
0,0,0
0,0,0
0,0,0
0,0,0
0,0,0
0,0,0
0,0,0
0,0,0
0,0,0
0,0,0
0,0,0
0,0,0
0,0,0
0,0,0
0,0,0
0,0,0
0,0,0
0,0,0
0,0,0
0,0,0
0,0,0
0,0,0
0,0,0
0,0,0
0,0,0
0,0,0
0,0,0
0,0,0
0,0,0
0,0,0
0,0,0
0,0,0
0,0,0
0,0,0
0,0,0
0,0,0
0,0,0
0,0,0
0,0,0
0,0,0
0,0,0
0,0,0
0,0,0
0,0,0
0,0,0
0,0,0
0,0,0
0,0,0
0,0,0
0,0,0
0,0,0
0,0,0
0,0,0
0,0,0
0,0,0
0,0,0
0,0,0
0,0,0
0,0,0
0,0,0
0,0,0
0,0,0
0,0,0
0,0,0
0,0,0
0,0,0
0,0,0
0,0,0
0,0,0
0,0,0
0,0,0
0,0,0
0,0,0
0,0,0
0,0,0
0,0,0
0,0,0
0,0,0
0,0,0
0,0,0
0,0,0
0,0,0
0,0,0
0,0,0
0,0,0
0,0,0
0,0,0
0,0,0
0,0,0
0,0,0
0,0,0
0,0,0
0,0,0
0,0,0
0,0,0
0,0,0
0,0,0
0,0,0
0,0,0
0,0,0
0,0,0
0,0,0
0,0,0
0,0,0
0,0,0
0,0,0
0,0,0
0,0,0
0,0,0
0,0,0
0,0,0
0,0,0
0,0,0
0,0,0
0,0,0
0,0,0
0,0,0
0,0,0
0,0,0
0,0,0
0,0,0
0,0,0
0,0,0
0,0,0
0,0,0
0,0,0
0,0,0
0,0,0
0,0,0
0,0,0
0,0,0
0,0,0
0,0,0
0,0,0
0,0,0
0,0,0
0,0,0
0,0,0
0,0,0
0,0,0
0,0,0
0,0,0
0,0,0
0,0,0
0,0,0
0,0,0
0,0,0
0,0,0
0,0,0
0,0,0
0,0,0
0,0,0
0,0,0
0,0,0
0,0,0
0,0,0
0,0,0
0,0,0
0,0,0
0,0,0
0,0,0
0,0,0
0,0,0
0,0,0
0,0,0
0,0,0
0,0,0
0,0,0
0,0,0
0,0,0
0,0,0
0,0,0
0,0,0
0,0,0
0,0,0
0,0,0
0,0,0
0,0,0
0,0,0
0,0,0
0,0,0
0,0,0
0,0,0
0,0,0
0,0,0
0,0,0
0,0,0
0,0,0
0,0,0
0,0,0
0,0,0
0,0,0
0,0,0
0,0,0
0,0,0
0,0,0
0,0,0
0,0,0
0,0,0
0,0,0
0,0,0
0,0,0
0,0,0
0,0,0
0,0,0
0,0,0
0,0,0
0,0,0
0,0,0
0,0,0
0,0,0
0,0,0
0,0,0
0,0,0
0,0,0
0,0,0
0,0,0
0,0,0
0,0,0
0,0,0
0,0,0
0,0,0
0,0,0
0,0,0
0,0,0
0,0,0
0,0,0
0,0,0
0,0,0
0,0,0
0,0,0
0,0,0
0,0,0
0,0,0
0,0,0
0,0,0
0,0,0
0,0,0
0,0,0
0,0,0
0,0,0
0,0,0
0,0,0
0,0,0
0,0,0
0,0,0
0,0,0
0,0,0
0,0,0
0,0,0
0,0,0
0,0,0
0,0,0
0,0,0
0,0,0
0,0,0
0,0,0
0,0,0
0,0,0
0,0,0
0,0,0
0,0,0
0,0,0
0,0,0
0,0,0
0,0,0
0,0,0
0,0,0
0,0,0
0,0,0
0,0,0
0,0,0
0,0,0
0,0,0
0,0,0
0,0,0
0,0,0
0,0,0
0,0,0
0,0,0
0,0,0
0,0,0
0,0,0
0,0,0
0,0,0
0,0,0
0,0,0
0,0,0
0,0,0
0,0,0
0,0,0
0,0,0
0,0,0
0,0,0
0,0,0
0,0,0
0,0,0
0,0,0
0,0,0
0,0,0
0,0,0
0,0,0
0,0,0
0,0,0
0,0,0
0,0,0
0,0,0
0.809444,2.39314,-0.916475
0,0,0
0,0,0
0.855252,2.38311,-0.918603
0,0,0
0,0,0
0.906279,2.38619,-0.926409
0.925628,2.39279,-0.931376
0.943377,2.3949,-0.934569
0.958402,2.38993,-0.934923
0.970928,2.37881,-0.932795
0.986223,2.37454,-0.933504
0.999683,2.36586,-0.93244
1.01049,2.35109,-0.928892
1.02527,2.3457,-0.929247
1.03622,2.33168,-0.926054
1.04435,2.31165,-0.920377
1.05617,2.3001,-0.918249
1.07739,2.30882,-0.924635
1.07871,2.27514,-0.913282
1.09508,2.27353,-0.91541
1.10984,2.26845,-0.91612
1.12457,2.26327,-0.91683
1.14307,2.26551,-0.920732
1.1595,2.26344,-0.922861
1.17423,2.25794,-0.92357
1.19025,2.25483,-0.925344
1.2023,2.24419,-0.923925
1.21872,2.2417,-0.926054
1.23381,2.23663,-0.927118
1.24797,2.22983,-0.927473
1.26255,2.22376,-0.928183
1.2785,2.22002,-0.929956
1.29069,2.20971,-0.928892
1.30327,2.20015,-0.928183
1.31241,2.18489,-0.92499
1.32579,2.1768,-0.92499
1.33863,2.16783,-0.924635
1.3524,2.16037,-0.92499
1.37115,2.16071,-0.928892
1.37628,2.13968,-0.923216
1.39092,2.13354,-0.92428
1.40295,2.12341,-0.92357
1.41231,2.10932,-0.921087
1.42575,2.10139,-0.921442
1.43438,2.08644,-0.918603
1.44662,2.07683,-0.918249
1.45449,2.06104,-0.915056
1.46167,2.04447,-0.911508
1.47857,2.04152,-0.914346
1.49273,2.03467,-0.91541
1.50853,2.02998,-0.917539
1.52265,2.02292,-0.918603
1.53787,2.01726,-0.920377
1.55422,2.01297,-0.922861
1.56481,2.00118,-0.921797
1.57416,1.98788,-0.920023
1.58164,1.97235,-0.917184
1.59018,1.95825,-0.915056
1.60632,1.95351,-0.917539
1.61828,1.94362,-0.917539
1.63379,1.93794,-0.919668
1.6414,1.9229,-0.917184
1.65623,1.91633,-0.918958
1.66672,1.90473,-0.918249
1.65729,1.87067,-0.906186
1.66499,1.85629,-0.904057
1.68327,1.85366,-0.90796
1.69461,1.84329,-0.90796
1.71736,1.84518,-0.914346
1.73249,1.83869,-0.916475
1.73793,1.82193,-0.913282
1.75298,1.81527,-0.91541
1.76735,1.80782,-0.917184
1.77644,1.79495,-0.91612
1.78808,1.78468,-0.916475
1.78102,1.75595,-0.906896
1.80315,1.75608,-0.912927
1.81187,1.74304,-0.911863
1.81304,1.72287,-0.906896
1.82562,1.71363,-0.90796
1.83404,1.70049,-0.906896
1.84582,1.69047,-0.907605
1.85824,1.68099,-0.90867
1.86922,1.67018,-0.909024
1.88293,1.66178,-0.910798
1.89803,1.65449,-0.913282
1.90531,1.64037,-0.911863
1.9132,1.62684,-0.910798
1.92458,1.61627,-0.911508
1.93374,1.60383,-0.911153
1.94355,1.59194,-0.911153
1.95401,1.58057,-0.911508
1.96074,1.56622,-0.910089
1.97179,1.55531,-0.910798
1.98055,1.54261,-0.910443
1.98702,1.52815,-0.909024
1.99189,1.51254,-0.906896
1.98991,1.49188,-0.901574
1.99677,1.47797,-0.90051
2.0058,1.46569,-0.90051
2.01248,1.45172,-0.899445
2.02364,1.44097,-0.90051
2.03703,1.43175,-0.902638
2.04501,1.41869,-0.902284
2.06602,1.41456,-0.90796
2.07079,1.39924,-0.906186
2.07467,1.3834,-0.904057
2.08312,1.37064,-0.904057
2.0907,1.35733,-0.903703
2.09348,1.34094,-0.901219
2.10325,1.32907,-0.901929
2.10819,1.31416,-0.90051
2.11383,1.29973,-0.899445
1.09999,0.667315,-0.446036
1.10246,0.659594,-0.445326
0,0,0
1.09673,0.638027,-0.439295
1.10468,0.63361,-0.441069
1.09552,0.619461,-0.435392
1.08133,0.602719,-0.427587
1.08337,0.595173,-0.426878
0,0,0
1.08234,0.577436,-0.42333
1.0958,0.576001,-0.427587
1.08104,0.559814,-0.419782
1.10612,0.564208,-0.429006
1.13379,0.569574,-0.439295
1.14732,0.567579,-0.443552
1.15919,0.56462,-0.4471
1.16432,0.558304,-0.44781
1.16011,0.54756,-0.444617
1.17362,0.545155,-0.448874
1.16759,0.533671,-0.444971
0,0,0
1.15096,0.509099,-0.435392
1.15835,0.50389,-0.437166
1.16658,0.498978,-0.439295
0,0,0
0,0,0
0,0,0
0,0,0
2.31486,0.90676,-0.901219
2.31863,0.891868,-0.90051
2.32231,0.876964,-0.8998
2.31801,0.859125,-0.895898
2.33817,0.850316,-0.901929
2.33894,0.834383,-0.900155
2.3449,0.820325,-0.90051
2.35431,0.807437,-0.902284
2.35568,0.791785,-0.900864
2.36138,0.777608,-0.901219
2.36344,0.762244,-0.900155
2.37074,0.748572,-0.901219
2.38512,0.737046,-0.905122
2.39586,0.72429,-0.907605
2.41371,0.713549,-0.912927
2.41894,0.698985,-0.913282
0,0,0
1.15462,0.318564,-0.412332
0,0,0
0,0,0
0,0,0
2.37499,0.592515,-0.886673
2.39039,0.580799,-0.891285
2.39209,0.56569,-0.890576
2.3937,0.550583,-0.889866
2.40159,0.536905,-0.89164
2.4085,0.522952,-0.893059
2.41715,0.509319,-0.895188
2.41748,0.493917,-0.894124
2.41588,0.478168,-0.89235
1.10103,0.211137,-0.38324
1.083,0.200805,-0.375789
1.08973,0.195142,-0.377918
1.09644,0.189405,-0.380046
1.02195,0.170115,-0.350954
0.995278,0.159416,-0.340311
0.97221,0.149619,-0.331087
0.940735,0.138885,-0.318669
0.905463,0.128022,-0.304833
0.877508,0.118595,-0.293835
0.866163,0.11166,-0.289223
0.86312,0.105889,-0.287804
0.861896,0.100376,-0.287094
0.860637,0.0948815,-0.286384
0.863063,0.0897916,-0.287094
0.862667,0.0844036,-0.286739
0.857582,0.0785995,-0.284611
0.85898,0.0734151,-0.284965
0.858482,0.0680697,-0.284611
0.860749,0.0629363,-0.28532
0.862052,0.0577157,-0.285675
0.86239,0.0524252,-0.285675
0.865496,0.0472844,-0.286739
0.866703,0.0420177,-0.287094
0.866011,0.0366599,-0.286739
0.868088,0.0314122,-0.287449
0.865461,0.0260022,-0.286384
0.866539,0.0207132,-0.286739
0.863845,0.0153473,-0.285675
0.861118,0.0100153,-0.284611
0.863034,0.00474078,-0.28532
0.863981,-0.000555827,-0.285675
0.861157,-0.00583678,-0.284611
0.859235,-0.0110956,-0.283901
0.861955,-0.0164223,-0.284965
0.862773,-0.0217348,-0.28532
0.860754,-0.0269689,-0.284611
0.859638,-0.0322144,-0.284256
0.85849,-0.0374472,-0.283901
0.854509,-0.0425265,-0.282482
0.8589,-0.0480321,-0.284256
0.855789,-0.0531262,-0.283191
0.851716,-0.0581198,-0.281772
0.856005,-0.0636938,-0.283546
0.858394,-0.0691716,-0.284611
0.857954,-0.0744373,-0.284611
0.857481,-0.0797002,-0.284611
0.858836,-0.0851455,-0.28532
0.856438,-0.0902168,-0.284611
0.858656,-0.0957824,-0.285675
0.866408,-0.102037,-0.288868
0.879683,-0.109084,-0.29419
0.903101,-0.11763,-0.303414
0.988508,-0.134967,-0.336408
1.03764,-0.148186,-0.355567
1.00065,-0.14916,-0.34173
1.06253,-0.165081,-0.365855
1.08642,-0.175636,-0.375434
1.09362,-0.183695,-0.378627
1.10905,-0.193298,-0.385013
0,0,0
2.38395,-0.446189,-0.878158
2.38025,-0.460631,-0.877804
2.37921,-0.475594,-0.878513
2.38083,-0.491129,-0.880287
2.37503,-0.505144,-0.879223
2.36914,-0.519107,-0.878158
2.36956,-0.534457,-0.879578
2.3717,-0.550255,-0.881706
2.36191,-0.563278,-0.879223
2.35841,-0.57776,-0.879223
2.34757,-0.590394,-0.876385
2.343,-0.604554,-0.87603
0,0,0
0,0,0
0,0,0
0,0,0
0,0,0
0,0,0
2.33366,-0.710321,-0.88348
2.31676,-0.720737,-0.878513
2.30606,-0.732955,-0.87603
2.29885,-0.746224,-0.874965
2.29068,-0.759139,-0.873546
2.28332,-0.772281,-0.872482
2.27942,-0.786581,-0.872837
2.2675,-0.798069,-0.869999
2.25904,-0.810703,-0.868579
2.25227,-0.823906,-0.86787
0,0,0
1.28847,-0.489164,-0.480804
1.24272,-0.480526,-0.46342
1.23453,-0.486085,-0.461291
0,0,0
1.21289,-0.494836,-0.454905
0,0,0
0,0,0
0,0,0
1.13785,-0.497108,-0.429006
0,0,0
1.14615,-0.51758,-0.435037
1.13955,-0.523042,-0.433618
1.14225,-0.532793,-0.436102
1.1415,-0.540994,-0.437166
0,0,0
1.13393,-0.55455,-0.436811
1.12883,-0.560665,-0.436102
0,0,0
1.11937,-0.573196,-0.435037
1.11086,-0.577464,-0.432909
1.10977,-0.585579,-0.433973
1.10369,-0.591053,-0.432909
1.09758,-0.596474,-0.431844
1.10372,-0.608618,-0.436102
1.10404,-0.617662,-0.437876
0,0,0
1.10205,-0.634431,-0.440359
0,0,0
1.09659,-0.649337,-0.441424
1.0966,-0.658461,-0.443197
0,0,0
2.02386,-1.2497,-0.860419
2.05181,-1.28442,-0.876385
2.04231,-1.29598,-0.875675
2.03196,-1.30697,-0.874611
2.02547,-1.32044,-0.87532
2.01889,-1.33387,-0.87603
2.01144,-1.34676,-0.876385
2.00624,-1.36117,-0.877804
1.99708,-1.37293,-0.877449
1.98785,-1.38462,-0.877094
1.98161,-1.39841,-0.878158
1.97299,-1.41054,-0.878158
1.96278,-1.42152,-0.877449
1.95628,-1.4352,-0.878513
1.94669,-1.44662,-0.878158
1.94599,-1.46472,-0.882061
1.94069,-1.47947,-0.883835
1.92787,-1.48849,-0.882061
1.92091,-1.50202,-0.883125
1.9058,-1.50914,-0.880287
1.88921,-1.51495,-0.876739
1.87915,-1.52592,-0.876385
1.86831,-1.53624,-0.875675
1.85957,-1.54827,-0.87603
1.86075,-1.56869,-0.881351
1.84896,-1.57826,-0.880287
1.84136,-1.59141,-0.881351
1.83438,-1.60514,-0.882771
1.81819,-1.61079,-0.879578
1.8048,-1.61879,-0.877804
1.79206,-1.62732,-0.876385
1.77723,-1.63385,-0.873901
1.76717,-1.64473,-0.873901
1.75908,-1.65746,-0.874965
1.74888,-1.66823,-0.874965
1.74265,-1.68282,-0.877094
1.73028,-1.69152,-0.87603
1.72519,-1.70737,-0.878868
1.71732,-1.72057,-0.880287
1.71001,-1.73441,-0.882061
1.69803,-1.74353,-0.881351
1.6873,-1.75391,-0.881351
1.67522,-1.76288,-0.880642
1.66309,-1.77176,-0.879932
1.64647,-1.77576,-0.876739
1.63491,-1.78514,-0.876385
1.62017,-1.79097,-0.874256
1.61351,-1.80576,-0.876739
1.60796,-1.82194,-0.879932
1.59737,-1.83248,-0.880287
1.58975,-1.84649,-0.882416
1.58384,-1.86263,-0.885609
1.56878,-1.86801,-0.88348
1.55371,-1.87329,-0.881351
1.53981,-1.87989,-0.879932
1.52648,-1.88712,-0.878868
1.51021,-1.89061,-0.87603
1.49684,-1.89764,-0.874965
1.48517,-1.90678,-0.874965
1.47287,-1.91512,-0.874611
1.46223,-1.92561,-0.87532
1.44702,-1.93006,-0.873192
1.43293,-1.93589,-0.871772
1.42157,-1.9454,-0.872127
1.4107,-1.95561,-0.872837
1.39596,-1.96042,-0.871063
1.38337,-1.96818,-0.870708
1.37287,-1.97894,-0.871772
1.36704,-1.99658,-0.87603
1.35371,-2.00338,-0.87532
1.34036,-2.0101,-0.874611
1.3244,-2.01281,-0.872127
1.31203,-2.0209,-0.872127
1.2991,-2.02813,-0.871772
1.28613,-2.03527,-0.871418
1.27362,-2.04312,-0.871418
1.26057,-2.0501,-0.871063
1.24748,-2.057,-0.870708
1.23627,-2.06702,-0.871772
1.21929,-2.06732,-0.868579
1.20189,-2.06668,-0.865032
1.19058,-2.07645,-0.866096
1.17506,-2.07883,-0.863967
1.1641,-2.08927,-0.865386
1.15261,-2.09883,-0.866451
1.1406,-2.10751,-0.86716
1.12984,-2.11859,-0.868934
1.11682,-2.12549,-0.868934
1.10376,-2.1323,-0.868934
1.09065,-2.13903,-0.868934
1.07541,-2.14151,-0.86716
1.06142,-2.14639,-0.866451
1.04987,-2.15622,-0.86787
1.03258,-2.15419,-0.864322
1.02094,-2.16387,-0.865741
1.00371,-2.16161,-0.862193
0.990812,-2.16858,-0.862548
0.977487,-2.17462,-0.862548
0.965259,-2.18314,-0.863612
0.954827,-2.19588,-0.866451
0.943907,-2.20772,-0.868934
0.929981,-2.21261,-0.868579
0.920669,-2.22864,-0.872837
0.904868,-2.22905,-0.870708
0.890135,-2.23196,-0.869644
0.877105,-2.23912,-0.870353
0.863685,-2.24533,-0.870708
0.851542,-2.25496,-0.872482
0,0,0
0.828597,-2.27842,-0.877804
0.815543,-2.2861,-0.878868
0.805512,-2.30254,-0.88348
0.78955,-2.30213,-0.881351
0,0,0
0,0,0
0,0,0
0,0,0
0,0,0
0,0,0
0,0,0
0,0,0
0,0,0
0,0,0
0,0,0
0,0,0
0,0,0
0,0,0
0,0,0
0,0,0
0,0,0
0,0,0
0,0,0
0,0,0
0,0,0
0,0,0
0,0,0
0,0,0
0,0,0
0,0,0
0,0,0
0,0,0
0,0,0
0,0,0
0,0,0
0,0,0
0,0,0
0,0,0
0,0,0
0,0,0
0,0,0
0,0,0
0,0,0
0,0,0
0,0,0
0,0,0
0,0,0
0,0,0
0,0,0
0,0,0
0,0,0
0,0,0
0,0,0
0,0,0
0,0,0
0,0,0
0,0,0
0,0,0
0,0,0
0,0,0
0,0,0
0,0,0
0,0,0
0,0,0
0,0,0
0,0,0
0,0,0
0,0,0
0,0,0
0,0,0
0,0,0
0,0,0
0,0,0
0,0,0
0,0,0
0,0,0
0,0,0
0,0,0
0,0,0
0,0,0
0,0,0
0,0,0
0,0,0
0,0,0
0,0,0
0,0,0
0,0,0
0,0,0
0,0,0
0,0,0
0,0,0
0,0,0
0,0,0
0,0,0
0,0,0
0,0,0
0,0,0
0,0,0
0,0,0
0,0,0
0,0,0
0,0,0
0,0,0
0,0,0
0,0,0
0,0,0
0,0,0
0,0,0
0,0,0
0,0,0
0,0,0
0,0,0
0,0,0
0,0,0
0,0,0
0,0,0
0,0,0
0,0,0
0,0,0
0,0,0
0,0,0
0,0,0
0,0,0
0,0,0
0,0,0
0,0,0
0,0,0
0,0,0
0,0,0
0,0,0
0,0,0
0,0,0
0,0,0
0,0,0
0,0,0
0,0,0
0,0,0
0,0,0
0,0,0
0,0,0
0,0,0
0,0,0
0,0,0
0,0,0
0,0,0
0,0,0
0,0,0
0,0,0
0,0,0
0,0,0
0,0,0
0,0,0
0,0,0
0,0,0
0,0,0
0,0,0
0,0,0
0,0,0
0,0,0
0,0,0
0,0,0
0,0,0
0,0,0
0,0,0
0,0,0
0,0,0
0,0,0
0,0,0
0,0,0
0,0,0
0,0,0
0,0,0
0,0,0
0,0,0
0,0,0
0,0,0
0,0,0
0,0,0
0,0,0
0,0,0
0,0,0
0,0,0
0,0,0
0,0,0
0,0,0
0,0,0
0,0,0
0,0,0
0,0,0
0,0,0
0,0,0
0,0,0
0,0,0
0,0,0
0,0,0
0,0,0
0,0,0
0,0,0
0,0,0
0,0,0
0,0,0
0,0,0
0,0,0
0,0,0
0,0,0
0,0,0
0,0,0
0,0,0
0,0,0
0,0,0
0,0,0
0,0,0
0,0,0
0,0,0
0,0,0
0,0,0
0,0,0
0,0,0
0,0,0
0,0,0
0,0,0
0,0,0
0,0,0
0,0,0
0,0,0
0,0,0
0,0,0
0,0,0
0,0,0
0,0,0
0,0,0
0,0,0
0,0,0
0,0,0
0,0,0
0,0,0
0,0,0
0,0,0
0,0,0
0,0,0
0,0,0
0,0,0
0,0,0
0,0,0
0,0,0
0,0,0
0,0,0
0,0,0
0,0,0
0,0,0
0,0,0
0,0,0
0,0,0
0,0,0
0,0,0
0,0,0
0,0,0
0,0,0
0,0,0
0,0,0
0,0,0
0,0,0
0,0,0
0,0,0
0,0,0
0,0,0
0,0,0
0,0,0
0,0,0
0,0,0
0,0,0
0,0,0
0,0,0
0,0,0
0,0,0
0,0,0
0,0,0
0,0,0
0,0,0
0,0,0
0,0,0
0,0,0
0,0,0
0,0,0
0,0,0
0,0,0
0,0,0
0,0,0
0,0,0
0,0,0
0,0,0
0,0,0
0,0,0
0,0,0
0,0,0
0,0,0
0,0,0
0,0,0
0,0,0
0,0,0
0,0,0
0,0,0
0,0,0
0,0,0
0,0,0
0,0,0
0,0,0
0,0,0
0,0,0
0,0,0
0,0,0
0,0,0
0,0,0
0,0,0
0,0,0
0,0,0
0,0,0
0,0,0
0,0,0
0,0,0
0,0,0
0,0,0
0,0,0
0,0,0
0,0,0
0,0,0
0,0,0
0,0,0
0,0,0
0,0,0
0,0,0
0,0,0
0,0,0
0,0,0
0,0,0
0,0,0
0,0,0
0,0,0
0,0,0
0,0,0
0,0,0
0,0,0
0,0,0
0,0,0
0,0,0
0,0,0
0,0,0
0,0,0
0,0,0
0,0,0
0,0,0
0,0,0
0,0,0
0,0,0
0,0,0
0,0,0
0,0,0
0,0,0
0,0,0
0,0,0
0,0,0
0,0,0
0,0,0
0,0,0
0,0,0
0,0,0
0,0,0
0,0,0
0,0,0
0,0,0
0,0,0
0,0,0
0,0,0
0,0,0
0,0,0
0,0,0
0,0,0
0,0,0
0,0,0
0,0,0
0,0,0
0,0,0
0,0,0
0,0,0
0,0,0
0,0,0
0,0,0
0,0,0
0,0,0
0,0,0
0,0,0
0,0,0
0,0,0
0,0,0
0,0,0
0,0,0
0,0,0
0,0,0
0,0,0
0,0,0
0,0,0
0,0,0
0,0,0
0,0,0
0,0,0
0,0,0
0,0,0
0,0,0
0,0,0
0,0,0
0,0,0
0,0,0
0,0,0
0,0,0
0,0,0
0,0,0
0,0,0
0,0,0
0,0,0
0,0,0
0,0,0
0,0,0
0,0,0
0,0,0
0,0,0
0,0,0
0,0,0
0,0,0
0,0,0
0,0,0
0,0,0
0,0,0
0,0,0
0,0,0
0,0,0
0,0,0
0,0,0
0,0,0
0,0,0
0,0,0
0,0,0
0,0,0
0,0,0
0,0,0
0,0,0
0,0,0
0,0,0
0,0,0
0,0,0
0,0,0
0,0,0
0,0,0
0,0,0
0,0,0
0,0,0
0,0,0
0,0,0
0,0,0
0,0,0
0,0,0
0,0,0
0,0,0
0,0,0
0,0,0
0,0,0
0,0,0
0,0,0
0,0,0
0,0,0
0,0,0
0,0,0
0,0,0
0,0,0
0,0,0
0,0,0
0,0,0
0,0,0
0,0,0
0,0,0
0,0,0
0,0,0
0,0,0
0,0,0
0,0,0
0,0,0
0,0,0
0,0,0
0,0,0
0,0,0
0,0,0
0,0,0
0,0,0
0,0,0
0,0,0
0,0,0
0,0,0
0,0,0
0,0,0
0,0,0
0,0,0
0,0,0
0,0,0
0,0,0
0,0,0
0,0,0
0,0,0
0,0,0
0,0,0
0,0,0
0,0,0
0,0,0
0,0,0
0,0,0
0,0,0
0,0,0
0,0,0
0,0,0
0,0,0
0,0,0
0,0,0
0,0,0
0,0,0
0,0,0
0,0,0
0,0,0
0,0,0
0,0,0
0,0,0
0,0,0
0,0,0
0,0,0
0,0,0
0,0,0
0,0,0
0,0,0
0,0,0
0,0,0
0,0,0
0,0,0
0,0,0
0,0,0
0,0,0
0,0,0
0,0,0
0,0,0
0,0,0
0,0,0
0,0,0
0,0,0
0,0,0
0,0,0
0,0,0
0,0,0
0,0,0
0,0,0
0,0,0
0,0,0
0,0,0
0,0,0
0,0,0
0,0,0
0,0,0
0,0,0
0,0,0
0,0,0
0,0,0
0,0,0
0,0,0
0,0,0
0,0,0
0,0,0
0,0,0
0,0,0
0,0,0
0,0,0
0,0,0
0,0,0
0,0,0
0,0,0
0,0,0
0,0,0
0,0,0
0,0,0
0,0,0
0,0,0
0,0,0
0,0,0
0,0,0
0,0,0
0,0,0
0,0,0
0,0,0
0,0,0
0,0,0
0,0,0
0,0,0
0,0,0
0,0,0
0,0,0
0,0,0
0,0,0
0,0,0
0,0,0
0,0,0
0,0,0
0,0,0
0,0,0
0,0,0
0,0,0
0,0,0
0,0,0
0,0,0
0,0,0
0,0,0
0,0,0
0,0,0
0,0,0
0,0,0
0,0,0
0,0,0
0,0,0
0,0,0
0,0,0
0,0,0
0,0,0
0,0,0
0,0,0
0,0,0
0,0,0
0,0,0
0,0,0
0,0,0
0,0,0
0,0,0
0,0,0
0.754705,2.37004,-0.931411
0.768658,2.3636,-0.930682
0.785783,2.36679,-0.933963
0.795814,2.34869,-0.928495
0.812945,2.35169,-0.931776
0.825504,2.34139,-0.929588
0.842686,2.34417,-0.932869
0.859294,2.34507,-0.935421
0.877245,2.34935,-0.939431
0.891975,2.3448,-0.939796
0.909706,2.34796,-0.943441
0.923413,2.3406,-0.942712
0.938797,2.33749,-0.943806
0.946787,2.31616,-0.937244
0.958837,2.30515,-0.935057
0.971151,2.29494,-0.933234
0.980801,2.27867,-0.928859
0.993272,2.2692,-0.927401
1.0102,2.26987,-0.930317
1.02104,2.25684,-0.927401
1.03682,2.25476,-0.929224
1.05457,2.25679,-0.932869
1.0672,2.24776,-0.931776
1.08097,2.24116,-0.931776
1.10084,2.24704,-0.937244
1.10839,2.22773,-0.931776
1.12162,2.22006,-0.931411
1.13947,2.22142,-0.935057
1.14706,2.20282,-0.929953
1.15795,2.1908,-0.927766
1.17357,2.18776,-0.929588
1.18697,2.18052,-0.929588
1.20483,2.18135,-0.933234
1.21819,2.17391,-0.933234
1.23242,2.16802,-0.933963
1.24988,2.16767,-0.937244
1.26034,2.15514,-0.935057
1.27354,2.14737,-0.935057
1.28526,2.13712,-0.933963
1.29059,2.11647,-0.92813
1.30454,2.11009,-0.928859
1.31696,2.10126,-0.928495
1.32335,2.08292,-0.923756
1.33862,2.07867,-0.925578
1.34982,2.06808,-0.924485
1.35889,2.05432,-0.921933
1.37251,2.04749,-0.922662
1.384,2.03749,-0.921933
1.39278,2.02359,-0.919381
1.40464,2.01424,-0.919016
1.41483,2.00254,-0.917558
1.4298,1.99761,-0.919381
1.44257,1.98955,-0.919745
1.45365,1.97916,-0.919016
1.46855,1.97394,-0.920839
1.47727,1.96043,-0.918652
1.49661,1.96096,-0.923391
1.51089,1.95469,-0.924849
1.52171,1.94391,-0.92412
1.53708,1.93892,-0.926307
1.55361,1.93526,-0.929224
1.56428,1.92425,-0.928495
1.57428,1.91245,-0.927401
1.58598,1.90276,-0.927401
1.59403,1.88872,-0.925214
1.60317,1.87607,-0.923756
1.60917,1.85986,-0.920475
1.62116,1.85065,-0.920839
1.62878,1.83649,-0.918652
1.64002,1.82646,-0.918652
1.64556,1.81016,-0.915371
1.65664,1.80003,-0.915371
1.66385,1.78574,-0.913184
1.67286,1.77346,-0.91209
1.68371,1.76316,-0.91209
1.70032,1.75883,-0.915371
1.71498,1.75236,-0.917558
1.72701,1.74312,-0.918287
1.74097,1.73578,-0.92011
1.75092,1.72441,-0.919745
1.75747,1.70974,-0.917558
1.76189,1.69312,-0.914277
1.77089,1.68099,-0.913548
1.76827,1.65798,-0.906622
1.77636,1.6452,-0.905528
1.78643,1.63427,-0.905528
1.79504,1.62203,-0.904799
1.81051,1.61595,-0.907715
1.82877,1.6122,-0.91209
1.83723,1.59973,-0.911361
1.85689,1.59693,-0.916464
1.86452,1.5837,-0.915371
1.86921,1.56804,-0.912819
1.87952,1.55713,-0.913184
1.88039,1.53849,-0.908809
1.88979,1.52692,-0.908809
1.89695,1.51356,-0.907715
1.89962,1.4967,-0.904434
1.91685,1.49131,-0.908444
1.92965,1.48236,-0.910267
1.93871,1.47049,-0.910267
1.9477,1.45856,-0.910267
1.94463,1.43772,-0.904434
1.95116,1.42412,-0.903341
1.9644,1.41539,-0.905528
1.96849,1.40007,-0.903341
1.974,1.38582,-0.901882
1.97864,1.37103,-0.90006
1.98317,1.35623,-0.898237
2.00226,1.35133,-0.903341
2.01051,1.33902,-0.903341
2.01247,1.32257,-0.900424
2.03226,1.3178,-0.905892
2.03952,1.3048,-0.905528
2.04828,1.29276,-0.905892
2.06328,1.2846,-0.909173
1.08113,0.663298,-0.454213
0,0,0
1.08279,0.646158,-0.451296
1.0715,0.630515,-0.44437
1.06971,0.620652,-0.441818
0,0,0
1.06509,0.600606,-0.43635
1.06794,0.593606,-0.435985
1.04544,0.572701,-0.42432
1.06368,0.574252,-0.430882
0,0,0
1.05993,0.555526,-0.426142
1.0476,0.54088,-0.419216
1.06169,0.53994,-0.423955
0,0,0
1.09912,0.542141,-0.437443
0,0,0
0,0,0
0,0,0
0,0,0
1.19316,0.543765,-0.470982
0,0,0
0,0,0
0,0,0
1.22412,0.522006,-0.478638
0,0,0
0,0,0
0,0,0
0,0,0
2.24448,0.877765,-0.901153
2.25765,0.866985,-0.904434
2.26293,0.853116,-0.904434
2.25415,0.834038,-0.898601
2.26272,0.821464,-0.90006
2.25369,0.80256,-0.894227
2.24275,0.783183,-0.887665
2.24751,0.769407,-0.887665
2.25572,0.756788,-0.889123
2.26209,0.743515,-0.889852
2.27547,0.732479,-0.893498
2.27815,0.717943,-0.892769
0,0,0
0,0,0
0,0,0
0,0,0
0,0,0
2.33176,0.641522,-0.904434
2.32576,0.624541,-0.900424
2.32234,0.608368,-0.897508
2.32152,0.592952,-0.895685
2.32421,0.578471,-0.89532
2.32862,0.564419,-0.895685
2.33023,0.549692,-0.894956
2.33084,0.534757,-0.893862
2.32771,0.519024,-0.89131
2.34268,0.507299,-0.89605
2.34393,0.492531,-0.89532
2.34235,0.477208,-0.893498
1.05266,0.207096,-0.377657
1.02556,0.195205,-0.366356
1.00202,0.184332,-0.356513
0.966462,0.171625,-0.341931
0.926203,0.15857,-0.325526
0.917055,0.151205,-0.321516
0.875668,0.138814,-0.304747
0.859015,0.130753,-0.29782
0.843219,0.123037,-0.291258
0.824595,0.11513,-0.283603
0.812366,0.108327,-0.278499
0.812092,0.103222,-0.278134
0.808088,0.097672,-0.276312
0.813297,0.0932486,-0.278134
0.813854,0.0882566,-0.278134
0.806971,0.0824931,-0.275218
0.817656,0.0785336,-0.279228
0.813486,0.0730919,-0.277405
0.817631,0.0684149,-0.278863
0.805967,0.0624445,-0.274124
0.813765,0.0580384,-0.277041
0.815964,0.0531678,-0.27777
0.822781,0.0485532,-0.280322
0.827713,0.043756,-0.282144
0.837267,0.0391238,-0.28579
0.836561,0.0339467,-0.285425
0.839545,0.028913,-0.286519
0.840638,0.0237887,-0.286884
0.839837,0.0186083,-0.286519
0.829694,0.0132767,-0.282509
0.832553,0.008217,-0.283603
0.827001,0.00307985,-0.281415
0.828866,-0.0019965,-0.282144
0.828838,-0.00708229,-0.282144
0.824124,-0.0121059,-0.280322
0.821241,-0.0171081,-0.279228
0.823913,-0.0222183,-0.280322
0.826554,-0.0273618,-0.281415
0.824509,-0.0323625,-0.280686
0.824295,-0.037421,-0.280686
0.83242,-0.0428979,-0.283967
0.829352,-0.0478476,-0.282874
0.829043,-0.0529355,-0.282874
0.827773,-0.0579577,-0.282509
0.816259,-0.0622023,-0.278134
0.820503,-0.0675853,-0.279957
0.819145,-0.0725377,-0.279593
0.814976,-0.0772164,-0.278134
0.815413,-0.0823078,-0.278499
0.811189,-0.0869179,-0.277041
0.830074,-0.0940689,-0.284696
0.849825,-0.101564,-0.292716
0.875984,-0.11011,-0.303288
0.967626,-0.127543,-0.339744
1.00281,-0.138402,-0.353961
1.00747,-0.145344,-0.356148
1.02314,-0.153999,-0.36271
1.05161,-0.164858,-0.374376
1.05702,-0.172349,-0.376928
1.0541,-0.178523,-0.376199
1.06491,-0.187069,-0.380938
1.06283,-0.193434,-0.380573
1.06254,-0.200123,-0.380938
2.34575,-0.455317,-0.893133
2.33104,-0.467328,-0.888394
2.3336,-0.482751,-0.890581
2.31238,-0.493185,-0.88329
2.30294,-0.505968,-0.880738
2.30434,-0.521114,-0.882561
2.30019,-0.535033,-0.882197
2.3032,-0.550649,-0.884748
2.31064,-0.567431,-0.889123
2.30801,-0.581825,-0.889488
2.30891,-0.59714,-0.89131
2.3079,-0.61201,-0.892404
2.29691,-0.62421,-0.889488
2.29842,-0.639787,-0.891675
0,0,0
0,0,0
0,0,0
0,0,0
0,0,0
0,0,0
2.23429,-0.726672,-0.877457
2.24128,-0.744177,-0.882197
2.23314,-0.756721,-0.880738
2.22582,-0.769498,-0.879645
2.23159,-0.786851,-0.884019
0,0,0
0,0,0
0,0,0
0,0,0
0,0,0
0,0,0
0,0,0
1.24887,-0.511076,-0.485929
0,0,0
0,0,0
0,0,0
0,0,0
0,0,0
1.11211,-0.503783,-0.435621
0,0,0
0,0,0
1.11527,-0.530153,-0.441089
1.08767,-0.525266,-0.430517
0,0,0
1.11116,-0.553492,-0.443641
1.08779,-0.550231,-0.434892
1.10594,-0.567935,-0.44437
1.10326,-0.57514,-0.444734
0,0,0
0,0,0
1.08431,-0.590902,-0.441089
0,0,0
1.06479,-0.597341,-0.435621
1.06515,-0.606162,-0.437443
1.05576,-0.609433,-0.434892
1.05602,-0.618248,-0.436714
0,0,0
0,0,0
1.10331,-0.67343,-0.463691
0,0,0
0,0,0
1.99722,-1.26896,-0.884019
1.97765,-1.27363,-0.878551
1.97058,-1.28625,-0.878916
1.94556,-1.28702,-0.870896
1.9384,-1.29945,-0.87126
1.9327,-1.31289,-0.872354
1.92614,-1.32578,-0.873083
1.92179,-1.34024,-0.874906
1.90973,-1.34932,-0.873083
1.9052,-1.36372,-0.874906
1.9066,-1.38248,-0.879645
1.89808,-1.39416,-0.879645
1.89622,-1.41078,-0.882926
1.90017,-1.43191,-0.889123
1.88765,-1.44071,-0.8873
1.8773,-1.45113,-0.886571
1.86909,-1.4632,-0.886936
1.84621,-1.46365,-0.880009
1.83211,-1.47088,-0.877457
1.81582,-1.47622,-0.873812
1.80529,-1.48615,-0.873083
1.80043,-1.50077,-0.87527
1.79617,-1.516,-0.877822
1.78613,-1.52638,-0.877457
1.77673,-1.53731,-0.877457
1.76726,-1.54819,-0.877457
1.76191,-1.56271,-0.879645
1.75021,-1.57162,-0.878551
1.7364,-1.57858,-0.876364
1.72668,-1.5892,-0.876364
1.71894,-1.60167,-0.877457
1.71112,-1.6141,-0.878551
1.70522,-1.62843,-0.880738
1.69319,-1.63692,-0.879645
1.68844,-1.65249,-0.882561
1.67694,-1.6615,-0.881832
1.66211,-1.66715,-0.87928
1.65577,-1.68129,-0.881468
1.64088,-1.68675,-0.878916
1.6305,-1.69679,-0.878916
1.61813,-1.70474,-0.877822
1.60701,-1.71395,-0.877457
1.59519,-1.72242,-0.876728
1.58585,-1.73355,-0.877457
1.57518,-1.74324,-0.877457
1.5626,-1.75079,-0.876364
1.55183,-1.76035,-0.876364
1.54283,-1.77194,-0.877457
1.53375,-1.78349,-0.878551
1.52459,-1.795,-0.879645
1.51175,-1.80218,-0.878551
1.49353,-1.80282,-0.874176
1.48598,-1.81627,-0.876364
1.46954,-1.81884,-0.873083
1.46416,-1.8351,-0.876728
1.45576,-1.8477,-0.878551
1.43409,-1.84338,-0.871989
1.43638,-1.86986,-0.880738
1.42657,-1.88086,-0.881832
1.40886,-1.88138,-0.877822
1.40338,-1.89823,-0.881832
1.38566,-1.89853,-0.877822
1.37181,-1.90398,-0.876364
1.36334,-1.91691,-0.878551
1.35155,-1.92524,-0.878551
1.33971,-1.9335,-0.878551
1.32151,-1.93246,-0.874176
1.30338,-1.93127,-0.869802
1.2915,-1.93923,-0.869802
1.25501,-1.90978,-0.852303
1.26862,-1.9565,-0.870531
1.26613,-1.97914,-0.877457
1.24651,-1.97507,-0.871989
1.24077,-1.99295,-0.876728
1.22949,-2.00211,-0.877457
1.2196,-2.0136,-0.87928
1.20339,-2.01465,-0.876364
1.19385,-2.02681,-0.878551
1.18186,-2.0349,-0.878916
1.16472,-2.03404,-0.87527
1.16138,-2.05736,-0.882561
1.14647,-2.06038,-0.880738
1.1347,-2.06901,-0.881468
1.11977,-2.07184,-0.879645
1.10703,-2.07867,-0.879645
1.09166,-2.08048,-0.877457
1.07973,-2.08879,-0.878187
1.06478,-2.09123,-0.876364
1.05234,-2.09855,-0.876728
1.03945,-2.10497,-0.876728
1.02855,-2.1155,-0.878551
1.01434,-2.11925,-0.877457
1.0041,-2.13133,-0.880009
0.986692,-2.12816,-0.875999
0.970907,-2.12824,-0.873447
0.958594,-2.13586,-0.874176
0,0,0
0.932683,-2.14831,-0.874541
0.918019,-2.15057,-0.873083
0.902642,-2.15101,-0.870896
0.89227,-2.1634,-0.873812
0.88108,-2.17401,-0.875999
0.867034,-2.17764,-0.87527
0.854675,-2.18552,-0.876364
0.833227,-2.16987,-0.867615
0.822857,-2.18278,-0.870896
0.809125,-2.18691,-0.870531
0,0,0
0,0,0
0,0,0
0,0,0
0,0,0
0,0,0
0,0,0
0,0,0
0,0,0
0,0,0
0,0,0
0,0,0
0,0,0
0,0,0
0,0,0
0,0,0
0,0,0
0,0,0
0,0,0
0,0,0
0,0,0
0,0,0
0,0,0
0,0,0
0,0,0
0,0,0
0,0,0
0,0,0
0,0,0
0,0,0
0,0,0
0,0,0
0,0,0
0,0,0
0,0,0
0,0,0
0,0,0
0,0,0
0,0,0
0,0,0
0,0,0
0,0,0
0,0,0
0,0,0
0,0,0
0,0,0
0,0,0
0,0,0
0,0,0
0,0,0
0,0,0
0,0,0
0,0,0
0,0,0
0,0,0
0,0,0
0,0,0
0,0,0
0,0,0
0,0,0
0,0,0
0,0,0
0,0,0
0,0,0
0,0,0
0,0,0
0,0,0
0,0,0
0,0,0
0,0,0
0,0,0
0,0,0
0,0,0
0,0,0
0,0,0
0,0,0
0,0,0
0,0,0
0,0,0
0,0,0
0,0,0
0,0,0
0,0,0
0,0,0
0,0,0
0,0,0
0,0,0
0,0,0
0,0,0
0,0,0
0,0,0
0,0,0
0,0,0
0,0,0
0,0,0
0,0,0
0,0,0
0,0,0
0,0,0
0,0,0
0,0,0
0,0,0
0,0,0
0,0,0
0,0,0
0,0,0
0,0,0
0,0,0
0,0,0
0,0,0
0,0,0
0,0,0
0,0,0
0,0,0
0,0,0
0,0,0
0,0,0
0,0,0
0,0,0
0,0,0
0,0,0
0,0,0
0,0,0
0,0,0
0,0,0
0,0,0
0,0,0
0,0,0
0,0,0
0,0,0
0,0,0
0,0,0
0,0,0
0,0,0
0,0,0
0,0,0
0,0,0
0,0,0
0,0,0
0,0,0
0,0,0
0,0,0
0,0,0
0,0,0
0,0,0
0,0,0
0,0,0
0,0,0
0,0,0
0,0,0
0,0,0
0,0,0
0,0,0
0,0,0
0,0,0
0,0,0
0,0,0
0,0,0
0,0,0
0,0,0
0,0,0
0,0,0
0,0,0
0,0,0
0,0,0
0,0,0
0,0,0
0,0,0
0,0,0
0,0,0
0,0,0
0,0,0
0,0,0
0,0,0
0,0,0
0,0,0
0,0,0
0,0,0
0,0,0
0,0,0
0,0,0
0,0,0
0,0,0
0,0,0
0,0,0
0,0,0
0,0,0
0,0,0
0,0,0
0,0,0
0,0,0
0,0,0
0,0,0
0,0,0
0,0,0
0,0,0
0,0,0
0,0,0
0,0,0
0,0,0
0,0,0
0,0,0
0,0,0
0,0,0
0,0,0
0,0,0
0,0,0
0,0,0
0,0,0
0,0,0
0,0,0
0,0,0
0,0,0
0,0,0
0,0,0
0,0,0
0,0,0
0,0,0
0,0,0
0,0,0
0,0,0
0,0,0
0,0,0
0,0,0
0,0,0
0,0,0
0,0,0
0,0,0
0,0,0
0,0,0
0,0,0
0,0,0
0,0,0
0,0,0
0,0,0
0,0,0
0,0,0
0,0,0
0,0,0
0,0,0
0,0,0
0,0,0
0,0,0
0,0,0
0,0,0
0,0,0
0,0,0
0,0,0
0,0,0
0,0,0
0,0,0
0,0,0
0,0,0
0,0,0
0,0,0
0,0,0
0,0,0
0,0,0
0,0,0
0,0,0
0,0,0
0,0,0
0,0,0
0,0,0
0,0,0
0,0,0
0,0,0
0,0,0
0,0,0
0,0,0
0,0,0
0,0,0
0,0,0
0,0,0
0,0,0
0,0,0
0,0,0
0,0,0
0,0,0
0,0,0
0,0,0
0,0,0
0,0,0
0,0,0
0,0,0
0,0,0
0,0,0
0,0,0
0,0,0
0,0,0
0,0,0
0,0,0
0,0,0
0,0,0
0,0,0
0,0,0
0,0,0
0,0,0
0,0,0
0,0,0
0,0,0
