x,y,z
0,0,0
0,0,0
0,0,0
0,0,0
0,0,0
0,0,0
0,0,0
0,0,0
0,0,0
0,0,0
0,0,0
0,0,0
0,0,0
0,0,0
0,0,0
0,0,0
0,0,0
0,0,0
0,0,0
0,0,0
0,0,0
0,0,0
0,0,0
0,0,0
0,0,0
0,0,0
0,0,0
0,0,0
0,0,0
0,0,0
0,0,0
0,0,0
0,0,0
0,0,0
0,0,0
0,0,0
0,0,0
0,0,0
0,0,0
0,0,0
0,0,0
0,0,0
0,0,0
0,0,0
0,0,0
0,0,0
0,0,0
0,0,0
0,0,0
0,0,0
0,0,0
0,0,0
0,0,0
0,0,0
0,0,0
0,0,0
0,0,0
0,0,0
0,0,0
0,0,0
0,0,0
0,0,0
0,0,0
0,0,0
0,0,0
0,0,0
0,0,0
0,0,0
0,0,0
0,0,0
0,0,0
0,0,0
0,0,0
0,0,0
0,0,0
0,0,0
0,0,0
0,0,0
0,0,0
0,0,0
0,0,0
0,0,0
0,0,0
0,0,0
0,0,0
0,0,0
0,0,0
0,0,0
0,0,0
0,0,0
0,0,0
0,0,0
0,0,0
0,0,0
0,0,0
0,0,0
0,0,0
0,0,0
0,0,0
0,0,0
0,0,0
0,0,0
0,0,0
0,0,0
0,0,0
0,0,0
0,0,0
0,0,0
0,0,0
0,0,0
0,0,0
0,0,0
0,0,0
0,0,0
0,0,0
0,0,0
0,0,0
0,0,0
0,0,0
0,0,0
0,0,0
0,0,0
0,0,0
0,0,0
0,0,0
0,0,0
0,0,0
0,0,0
0,0,0
0,0,0
0,0,0
0,0,0
0,0,0
0,0,0
0,0,0
0,0,0
0,0,0
0,0,0
0,0,0
0,0,0
0,0,0
0,0,0
0,0,0
0,0,0
0,0,0
0,0,0
0,0,0
0,0,0
0,0,0
0,0,0
0,0,0
0,0,0
0,0,0
0,0,0
0,0,0
0,0,0
0,0,0
0,0,0
0,0,0
0,0,0
0,0,0
0,0,0
0,0,0
0,0,0
0,0,0
0,0,0
0,0,0
0,0,0
0,0,0
0,0,0
0,0,0
0,0,0
0,0,0
0,0,0
0,0,0
0,0,0
0,0,0
0,0,0
0,0,0
0,0,0
0,0,0
0,0,0
0,0,0
0,0,0
0,0,0
0,0,0
0,0,0
0,0,0
0,0,0
0,0,0
0,0,0
0,0,0
0,0,0
0,0,0
0,0,0
0,0,0
0,0,0
0,0,0
0,0,0
0,0,0
0,0,0
0,0,0
0,0,0
0,0,0
0,0,0
0,0,0
0,0,0
0,0,0
0,0,0
0,0,0
0,0,0
0,0,0
0,0,0
0,0,0
0,0,0
0,0,0
0,0,0
0,0,0
0,0,0
0,0,0
0,0,0
0,0,0
0,0,0
0,0,0
0,0,0
0,0,0
0,0,0
0,0,0
0,0,0
0,0,0
0,0,0
0,0,0
0,0,0
0,0,0
0,0,0
0,0,0
0,0,0
0,0,0
0,0,0
0,0,0
0,0,0
0,0,0
0,0,0
0,0,0
0,0,0
0,0,0
0,0,0
0,0,0
0,0,0
0,0,0
0,0,0
0,0,0
0,0,0
0,0,0
0,0,0
0,0,0
0,0,0
0,0,0
0,0,0
0,0,0
0,0,0
0,0,0
0,0,0
0,0,0
0,0,0
0,0,0
0,0,0
0,0,0
0,0,0
0,0,0
0,0,0
0,0,0
0,0,0
0,0,0
0,0,0
0,0,0
0,0,0
0,0,0
0,0,0
0,0,0
0,0,0
0,0,0
0,0,0
0,0,0
0,0,0
0,0,0
0,0,0
0,0,0
0,0,0
0,0,0
0,0,0
0,0,0
0,0,0
0,0,0
0,0,0
0,0,0
0,0,0
0,0,0
0,0,0
0,0,0
0,0,0
0,0,0
0,0,0
0,0,0
0,0,0
0,0,0
0,0,0
0,0,0
0,0,0
0,0,0
0,0,0
0,0,0
0,0,0
0,0,0
0,0,0
0,0,0
0,0,0
0,0,0
0,0,0
0,0,0
0,0,0
0,0,0
0,0,0
0,0,0
0,0,0
0,0,0
0,0,0
0,0,0
0,0,0
0,0,0
0,0,0
0,0,0
0,0,0
0,0,0
0,0,0
0,0,0
0,0,0
0,0,0
0,0,0
0,0,0
0,0,0
0,0,0
0,0,0
0,0,0
0,0,0
0,0,0
0,0,0
0,0,0
0,0,0
0,0,0
0,0,0
0,0,0
0,0,0
0,0,0
0,0,0
0,0,0
0,0,0
0,0,0
0,0,0
0,0,0
0,0,0
0,0,0
0,0,0
0,0,0
0,0,0
0,0,0
0,0,0
0,0,0
0,0,0
0,0,0
0,0,0
0,0,0
0,0,0
0,0,0
0,0,0
0,0,0
0,0,0
0,0,0
0,0,0
0,0,0
0,0,0
0,0,0
0,0,0
0,0,0
0,0,0
0,0,0
0,0,0
0,0,0
0,0,0
0,0,0
0,0,0
0,0,0
0,0,0
0,0,0
0,0,0
0,0,0
0,0,0
0,0,0
0,0,0
0,0,0
0,0,0
0,0,0
0,0,0
0,0,0
0,0,0
0,0,0
0,0,0
0,0,0
0,0,0
0,0,0
0,0,0
0,0,0
0,0,0
0,0,0
0,0,0
0,0,0
0,0,0
0,0,0
0,0,0
0,0,0
0,0,0
0,0,0
0,0,0
0,0,0
0,0,0
0,0,0
0,0,0
0,0,0
0,0,0
0,0,0
0,0,0
0,0,0
0,0,0
0,0,0
0,0,0
0,0,0
0,0,0
0,0,0
0,0,0
0,0,0
0,0,0
0,0,0
0,0,0
0,0,0
0,0,0
0,0,0
0,0,0
0,0,0
0,0,0
0,0,0
0,0,0
0,0,0
0,0,0
0,0,0
0,0,0
0,0,0
0,0,0
0,0,0
0,0,0
0,0,0
0,0,0
0,0,0
0,0,0
0,0,0
0,0,0
0,0,0
0,0,0
0,0,0
0,0,0
0,0,0
0,0,0
0,0,0
0,0,0
0,0,0
0,0,0
0,0,0
0,0,0
0,0,0
0,0,0
0,0,0
0,0,0
0,0,0
0,0,0
0,0,0
0,0,0
0,0,0
0,0,0
0,0,0
0,0,0
0,0,0
0,0,0
0,0,0
0,0,0
0,0,0
0,0,0
0,0,0
0,0,0
0,0,0
0,0,0
0,0,0
0,0,0
0,0,0
0,0,0
0,0,0
0,0,0
0,0,0
0,0,0
0,0,0
0,0,0
0,0,0
0,0,0
0,0,0
0,0,0
0,0,0
0,0,0
0,0,0
0,0,0
0,0,0
0,0,0
0,0,0
0,0,0
0,0,0
0,0,0
0,0,0
0,0,0
0,0,0
0,0,0
0,0,0
0,0,0
0,0,0
0,0,0
0,0,0
0,0,0
0,0,0
0,0,0
0,0,0
0,0,0
0,0,0
0,0,0
0,0,0
0,0,0
0,0,0
0,0,0
0,0,0
0,0,0
0,0,0
0,0,0
0,0,0
0,0,0
0,0,0
0,0,0
0,0,0
0,0,0
0,0,0
0,0,0
0,0,0
0,0,0
0,0,0
0,0,0
0,0,0
0,0,0
0,0,0
0,0,0
0,0,0
0,0,0
0,0,0
0,0,0
0,0,0
0,0,0
0,0,0
0,0,0
0,0,0
0,0,0
0,0,0
0,0,0
0,0,0
0,0,0
0,0,0
0,0,0
0,0,0
0,0,0
0,0,0
0,0,0
0,0,0
0,0,0
0,0,0
0,0,0
0,0,0
0,0,0
0,0,0
0,0,0
0,0,0
0,0,0
0,0,0
0,0,0
0,0,0
0,0,0
0,0,0
0,0,0
0,0,0
0,0,0
0,0,0
0,0,0
0,0,0
0,0,0
0,0,0
0,0,0
0,0,0
0,0,0
0,0,0
0,0,0
0,0,0
0,0,0
0,0,0
0,0,0
0,0,0
0,0,0
0,0,0
0,0,0
0,0,0
0,0,0
0,0,0
0,0,0
0,0,0
0,0,0
0,0,0
0,0,0
0,0,0
0,0,0
0,0,0
0,0,0
0,0,0
0,0,0
0,0,0
0,0,0
0,0,0
0,0,0
0,0,0
0,0,0
0,0,0
0,0,0
0,0,0
0,0,0
0,0,0
0,0,0
0,0,0
0,0,0
0,0,0
0,0,0
0,0,0
0,0,0
0,0,0
0,0,0
0,0,0
0,0,0
0,0,0
0,0,0
0,0,0
0,0,0
0,0,0
0,0,0
0,0,0
0,0,0
0,0,0
0,0,0
0,0,0
0,0,0
0,0,0
0,0,0
0,0,0
0,0,0
0,0,0
0,0,0
0,0,0
0,0,0
0,0,0
0,0,0
0,0,0
0,0,0
0,0,0
0,0,0
0,0,0
0,0,0
0,0,0
0,0,0
0,0,0
0,0,0
0,0,0
0,0,0
0,0,0
0,0,0
0,0,0
0,0,0
0,0,0
0,0,0
0,0,0
0,0,0
0,0,0
0,0,0
0,0,0
0,0,0
0,0,0
0,0,0
0,0,0
0,0,0
0,0,0
0,0,0
0,0,0
0,0,0
0,0,0
0,0,0
0,0,0
0,0,0
0,0,0
0,0,0
0,0,0
0,0,0
0,0,0
0,0,0
0,0,0
0,0,0
0,0,0
0,0,0
0,0,0
0,0,0
0,0,0
0,0,0
0,0,0
0,0,0
0,0,0
0,0,0
0,0,0
0,0,0
0,0,0
0,0,0
0,0,0
0,0,0
0,0,0
0,0,0
0,0,0
0,0,0
0,0,0
0,0,0
0,0,0
0,0,0
0,0,0
0,0,0
0,0,0
0,0,0
0,0,0
0,0,0
0,0,0
0,0,0
0,0,0
0,0,0
0,0,0
0,0,0
0,0,0
0,0,0
0,0,0
0,0,0
0,0,0
0,0,0
0,0,0
0,0,0
0,0,0
0,0,0
0,0,0
0,0,0
0,0,0
0,0,0
0,0,0
0,0,0
0,0,0
0,0,0
0,0,0
0,0,0
0,0,0
0,0,0
0,0,0
0,0,0
0,0,0
0,0,0
0,0,0
0,0,0
0,0,0
0,0,0
0,0,0
0,0,0
0,0,0
0,0,0
0,0,0
0,0,0
0,0,0
0,0,0
0,0,0
0,0,0
0,0,0
0,0,0
0,0,0
0,0,0
0,0,0
0,0,0
0,0,0
0,0,0
0,0,0
0,0,0
0,0,0
0,0,0
0,0,0
0,0,0
0,0,0
0,0,0
0,0,0
0,0,0
0,0,0
0,0,0
0,0,0
0,0,0
0,0,0
0,0,0
0,0,0
0,0,0
0,0,0
0,0,0
0,0,0
0,0,0
0,0,0
0,0,0
0,0,0
0,0,0
0,0,0
0,0,0
0,0,0
0,0,0
0,0,0
0,0,0
0,0,0
0,0,0
0,0,0
0,0,0
0,0,0
0,0,0
0,0,0
0,0,0
0,0,0
0,0,0
0,0,0
0,0,0
0,0,0
0,0,0
0,0,0
0,0,0
0,0,0
0,0,0
0,0,0
0,0,0
0,0,0
0,0,0
0,0,0
0,0,0
0,0,0
0,0,0
0,0,0
0,0,0
0,0,0
0,0,0
0,0,0
0,0,0
0,0,0
0,0,0
0,0,0
0,0,0
0,0,0
0,0,0
0,0,0
0,0,0
0,0,0
0,0,0
0,0,0
0,0,0
0,0,0
0,0,0
0,0,0
0,0,0
0,0,0
0,0,0
0,0,0
0,0,0
0,0,0
0,0,0
0,0,0
0,0,0
0,0,0
0,0,0
0,0,0
0,0,0
0,0,0
0,0,0
0,0,0
0,0,0
0,0,0
0,0,0
0,0,0
0,0,0
0,0,0
0,0,0
0,0,0
0,0,0
0,0,0
0,0,0
0,0,0
0,0,0
0,0,0
0,0,0
0,0,0
0,0,0
0,0,0
0,0,0
0,0,0
0,0,0
0,0,0
0,0,0
0,0,0
0,0,0
0,0,0
0,0,0
0,0,0
0,0,0
0,0,0
0,0,0
0,0,0
0,0,0
0,0,0
0,0,0
0,0,0
0,0,0
0,0,0
0,0,0
0,0,0
0,0,0
0,0,0
0,0,0
0,0,0
0,0,0
0,0,0
0,0,0
0,0,0
0,0,0
0,0,0
0,0,0
0,0,0
0,0,0
0,0,0
0,0,0
0,0,0
0,0,0
0,0,0
0,0,0
0,0,0
0,0,0
0,0,0
0,0,0
0,0,0
0,0,0
0,0,0
0,0,0
0,0,0
0,0,0
0,0,0
0,0,0
0,0,0
0,0,0
0,0,0
0,0,0
0,0,0
0,0,0
0,0,0
0,0,0
0,0,0
0,0,0
0,0,0
0,0,0
0,0,0
0,0,0
0,0,0
0,0,0
0,0,0
0,0,0
0,0,0
0,0,0
0,0,0
0,0,0
0,0,0
0,0,0
0,0,0
0,0,0
0,0,0
0,0,0
0,0,0
0,0,0
0,0,0
0,0,0
0,0,0
0,0,0
0,0,0
0,0,0
0,0,0
0,0,0
0,0,0
0,0,0
0,0,0
0,0,0
0,0,0
0,0,0
0,0,0
0,0,0
0,0,0
0,0,0
0,0,0
0,0,0
0,0,0
0,0,0
0,0,0
0,0,0
0,0,0
0,0,0
0,0,0
0,0,0
0,0,0
0,0,0
0,0,0
0,0,0
0,0,0
0,0,0
0,0,0
0,0,0
0,0,0
0,0,0
0,0,0
0,0,0
0,0,0
0,0,0
0,0,0
0,0,0
0,0,0
0,0,0
0,0,0
0,0,0
0,0,0
0,0,0
0,0,0
0,0,0
0,0,0
0,0,0
0,0,0
0,0,0
0,0,0
0,0,0
0,0,0
0,0,0
0,0,0
0,0,0
0,0,0
0,0,0
0,0,0
0,0,0
0,0,0
0,0,0
0,0,0
0,0,0
0,0,0
0,0,0
0,0,0
0,0,0
0,0,0
0,0,0
0,0,0
0,0,0
0,0,0
0,0,0
0,0,0
0,0,0
0,0,0
0,0,0
0,0,0
0,0,0
0,0,0
0,0,0
0,0,0
0,0,0
0,0,0
0,0,0
0,0,0
0,0,0
0,0,0
0,0,0
0,0,0
0,0,0
0,0,0
0,0,0
0,0,0
0,0,0
0,0,0
0,0,0
0,0,0
0,0,0
0,0,0
0,0,0
0,0,0
0,0,0
0,0,0
0,0,0
0,0,0
0,0,0
0,0,0
0,0,0
0,0,0
0,0,0
0,0,0
0,0,0
0,0,0
0,0,0
0,0,0
0,0,0
0,0,0
0,0,0
0,0,0
0,0,0
0,0,0
0,0,0
0,0,0
0,0,0
0,0,0
0,0,0
0,0,0
0,0,0
0,0,0
0,0,0
0,0,0
0,0,0
0,0,0
0,0,0
0,0,0
0,0,0
0,0,0
0,0,0
0,0,0
0,0,0
0,0,0
0,0,0
0,0,0
0,0,0
0,0,0
0,0,0
0,0,0
0,0,0
0,0,0
0,0,0
0,0,0
0,0,0
0,0,0
0,0,0
0,0,0
0,0,0
0,0,0
0,0,0
0,0,0
0,0,0
0,0,0
0,0,0
0,0,0
0,0,0
0,0,0
0,0,0
0,0,0
0,0,0
0,0,0
0,0,0
0,0,0
0,0,0
0,0,0
0,0,0
0,0,0
0,0,0
0,0,0
0,0,0
0,0,0
0,0,0
0,0,0
0,0,0
0,0,0
0,0,0
0,0,0
0,0,0
0,0,0
0,0,0
0,0,0
0,0,0
0,0,0
0,0,0
0,0,0
0,0,0
0,0,0
0,0,0
0,0,0
0,0,0
0,0,0
0,0,0
0,0,0
0,0,0
0,0,0
0,0,0
0,0,0
0,0,0
0,0,0
0,0,0
0,0,0
0,0,0
0,0,0
0,0,0
0,0,0
0,0,0
0,0,0
0,0,0
0,0,0
0,0,0
0,0,0
0,0,0
0,0,0
0,0,0
0,0,0
0,0,0
0,0,0
0,0,0
0,0,0
0,0,0
0,0,0
0,0,0
0,0,0
0,0,0
0,0,0
0,0,0
0,0,0
0,0,0
0,0,0
0,0,0
0,0,0
0,0,0
0,0,0
0,0,0
0,0,0
0,0,0
0,0,0
0,0,0
0,0,0
0,0,0
0,0,0
0,0,0
0,0,0
0,0,0
0,0,0
0,0,0
0,0,0
0,0,0
0,0,0
0,0,0
0,0,0
0,0,0
0,0,0
0,0,0
0,0,0
0,0,0
0,0,0
0,0,0
0,0,0
0,0,0
0,0,0
0,0,0
0,0,0
0,0,0
0,0,0
0,0,0
0,0,0
0,0,0
0,0,0
0,0,0
0,0,0
0,0,0
0,0,0
0,0,0
0,0,0
0,0,0
0,0,0
0,0,0
0,0,0
0,0,0
0,0,0
0,0,0
0,0,0
0,0,0
0,0,0
0,0,0
0,0,0
0,0,0
0,0,0
0,0,0
0,0,0
0,0,0
0,0,0
0,0,0
0,0,0
0,0,0
0,0,0
0,0,0
0,0,0
0,0,0
0,0,0
0,0,0
0,0,0
0,0,0
0,0,0
0,0,0
0,0,0
0,0,0
0,0,0
0,0,0
0,0,0
0,0,0
0,0,0
0,0,0
0,0,0
0,0,0
0,0,0
0,0,0
0,0,0
0,0,0
0,0,0
0,0,0
0,0,0
0,0,0
0,0,0
0,0,0
0,0,0
0,0,0
0,0,0
0,0,0
0,0,0
0,0,0
0,0,0
0,0,0
0,0,0
0,0,0
0,0,0
0,0,0
0,0,0
0,0,0
0,0,0
0,0,0
0,0,0
0,0,0
0,0,0
0,0,0
0,0,0
0,0,0
0,0,0
0,0,0
0,0,0
0,0,0
0,0,0
0,0,0
0,0,0
0,0,0
0,0,0
0,0,0
0,0,0
0,0,0
0,0,0
0,0,0
0,0,0
0,0,0
0,0,0
0,0,0
0,0,0
0,0,0
0,0,0
0,0,0
0,0,0
0,0,0
0,0,0
0,0,0
0,0,0
0,0,0
0,0,0
0,0,0
0,0,0
0,0,0
0,0,0
0,0,0
0,0,0
0,0,0
0,0,0
0,0,0
0,0,0
0,0,0
0,0,0
0,0,0
0,0,0
0,0,0
0,0,0
0,0,0
0,0,0
0,0,0
0,0,0
0,0,0
0,0,0
0,0,0
0,0,0
0,0,0
0,0,0
0,0,0
0,0,0
0,0,0
0,0,0
0,0,0
0,0,0
0,0,0
0,0,0
0,0,0
0,0,0
0,0,0
0,0,0
0,0,0
0,0,0
0,0,0
0,0,0
0,0,0
0,0,0
0,0,0
0,0,0
0,0,0
0,0,0
0,0,0
0,0,0
0,0,0
0,0,0
0,0,0
0,0,0
0,0,0
0,0,0
0,0,0
0,0,0
0,0,0
0,0,0
0,0,0
0,0,0
0,0,0
0,0,0
0,0,0
0,0,0
0,0,0
0,0,0
0,0,0
0,0,0
0,0,0
0,0,0
0,0,0
0,0,0
0,0,0
0,0,0
0,0,0
0,0,0
0,0,0
0,0,0
0,0,0
0,0,0
0,0,0
0,0,0
0,0,0
0,0,0
0,0,0
0,0,0
0,0,0
0,0,0
0,0,0
0,0,0
0,0,0
0,0,0
0,0,0
0,0,0
0,0,0
0,0,0
0,0,0
0,0,0
0,0,0
0,0,0
0,0,0
0,0,0
0,0,0
0,0,0
0,0,0
0,0,0
0,0,0
0,0,0
0,0,0
0,0,0
0,0,0
0,0,0
0,0,0
0,0,0
0,0,0
0,0,0
0,0,0
0,0,0
0,0,0
0,0,0
0,0,0
0,0,0
0,0,0
0,0,0
0,0,0
0,0,0
0,0,0
0,0,0
0,0,0
0,0,0
0,0,0
0,0,0
0,0,0
0,0,0
0,0,0
0,0,0
0,0,0
0,0,0
0,0,0
0,0,0
0,0,0
0,0,0
0,0,0
0,0,0
0,0,0
0,0,0
0,0,0
0,0,0
0,0,0
0,0,0
0,0,0
0,0,0
0,0,0
0,0,0
0,0,0
0,0,0
0,0,0
0,0,0
0,0,0
0,0,0
0,0,0
0,0,0
0,0,0
0,0,0
0,0,0
0,0,0
0,0,0
0,0,0
0,0,0
0,0,0
0,0,0
0,0,0
0,0,0
0,0,0
0,0,0
0,0,0
0,0,0
0,0,0
0,0,0
0,0,0
0,0,0
0,0,0
0,0,0
0,0,0
0,0,0
0,0,0
0,0,0
0,0,0
0,0,0
0,0,0
0,0,0
0,0,0
0,0,0
0,0,0
0,0,0
0,0,0
0,0,0
0,0,0
0,0,0
0,0,0
0,0,0
0,0,0
0,0,0
0,0,0
0,0,0
0,0,0
0,0,0
0,0,0
0,0,0
0,0,0
0,0,0
0,0,0
0,0,0
0,0,0
0,0,0
0,0,0
0,0,0
0,0,0
0,0,0
0,0,0
0,0,0
0,0,0
0,0,0
0,0,0
0,0,0
0,0,0
0,0,0
0,0,0
0,0,0
0,0,0
0,0,0
0,0,0
0,0,0
0,0,0
0,0,0
0,0,0
0,0,0
0,0,0
0,0,0
0,0,0
0,0,0
0,0,0
0,0,0
0,0,0
0,0,0
0,0,0
0,0,0
0,0,0
0,0,0
0,0,0
0,0,0
0,0,0
0,0,0
0,0,0
0,0,0
0,0,0
0,0,0
0,0,0
0,0,0
0,0,0
0,0,0
0,0,0
0,0,0
0,0,0
0,0,0
0,0,0
0,0,0
0,0,0
0,0,0
0,0,0
0,0,0
0,0,0
0,0,0
0,0,0
0,0,0
0,0,0
0,0,0
0,0,0
0,0,0
0,0,0
0,0,0
0,0,0
0,0,0
0,0,0
0,0,0
0,0,0
0,0,0
0,0,0
0,0,0
0,0,0
0,0,0
0,0,0
0,0,0
0,0,0
0,0,0
0,0,0
0,0,0
0,0,0
0,0,0
0,0,0
0,0,0
0,0,0
0,0,0
0,0,0
0,0,0
0,0,0
0,0,0
0,0,0
0,0,0
0,0,0
0,0,0
0,0,0
0,0,0
0,0,0
0,0,0
0,0,0
0,0,0
0,0,0
0,0,0
0,0,0
0,0,0
0,0,0
0,0,0
0,0,0
0,0,0
0,0,0
0,0,0
0,0,0
0,0,0
0,0,0
0,0,0
0,0,0
0,0,0
0,0,0
0,0,0
0,0,0
0,0,0
0,0,0
0,0,0
0,0,0
0,0,0
0,0,0
0,0,0
0,0,0
0,0,0
0,0,0
0,0,0
0,0,0
0,0,0
0,0,0
0,0,0
0,0,0
0,0,0
0,0,0
0,0,0
0,0,0
0,0,0
0,0,0
0,0,0
0,0,0
0,0,0
0,0,0
0,0,0
0,0,0
0,0,0
0,0,0
0,0,0
0,0,0
0,0,0
0,0,0
0,0,0
0,0,0
0,0,0
0,0,0
0,0,0
0,0,0
0,0,0
0,0,0
0,0,0
0,0,0
0,0,0
0,0,0
0,0,0
0,0,0
0,0,0
0,0,0
0,0,0
0,0,0
0,0,0
0,0,0
0,0,0
0,0,0
0,0,0
0,0,0
0,0,0
0,0,0
0,0,0
0,0,0
0,0,0
0,0,0
0,0,0
0,0,0
0,0,0
0,0,0
0,0,0
0,0,0
0,0,0
0,0,0
0,0,0
0,0,0
0,0,0
0,0,0
0,0,0
0,0,0
0,0,0
0,0,0
0,0,0
0,0,0
0,0,0
0,0,0
0,0,0
0,0,0
0,0,0
0,0,0
0,0,0
0,0,0
0,0,0
0,0,0
0,0,0
0,0,0
0,0,0
0,0,0
0,0,0
0,0,0
0,0,0
0,0,0
0,0,0
0,0,0
0,0,0
0,0,0
0,0,0
0,0,0
0,0,0
0,0,0
0,0,0
0,0,0
0,0,0
0,0,0
0,0,0
0,0,0
0,0,0
0,0,0
0,0,0
0,0,0
0,0,0
0,0,0
0,0,0
0,0,0
0,0,0
0,0,0
0,0,0
0,0,0
0,0,0
0,0,0
0,0,0
0,0,0
0,0,0
0,0,0
0,0,0
0,0,0
0,0,0
0,0,0
0,0,0
0,0,0
0,0,0
0,0,0
0,0,0
0,0,0
0,0,0
0,0,0
0,0,0
0,0,0
0,0,0
0,0,0
0,0,0
0,0,0
0,0,0
0,0,0
0,0,0
0,0,0
0,0,0
0,0,0
0,0,0
0,0,0
0,0,0
0,0,0
0,0,0
0,0,0
0,0,0
0,0,0
0,0,0
0,0,0
0,0,0
0,0,0
0,0,0
0,0,0
0,0,0
0,0,0
0,0,0
0,0,0
0,0,0
0,0,0
0,0,0
0,0,0
0,0,0
0,0,0
0,0,0
0,0,0
0,0,0
0,0,0
0,0,0
0,0,0
0,0,0
0,0,0
0,0,0
0,0,0
0,0,0
0,0,0
0,0,0
0,0,0
0,0,0
0,0,0
0,0,0
0,0,0
0,0,0
0,0,0
0,0,0
0,0,0
0,0,0
0,0,0
0,0,0
0,0,0
0,0,0
0,0,0
0,0,0
0,0,0
0,0,0
0,0,0
0,0,0
0,0,0
0,0,0
0,0,0
0,0,0
0,0,0
0,0,0
0,0,0
0,0,0
0,0,0
0,0,0
0,0,0
0,0,0
0,0,0
0,0,0
0,0,0
0,0,0
0,0,0
0,0,0
0,0,0
0,0,0
0,0,0
0,0,0
0,0,0
0,0,0
0,0,0
0,0,0
0,0,0
0,0,0
0,0,0
0,0,0
0,0,0
0,0,0
0,0,0
0,0,0
0,0,0
0,0,0
0,0,0
0,0,0
0,0,0
0,0,0
0,0,0
0,0,0
0,0,0
0,0,0
0,0,0
0,0,0
0,0,0
0,0,0
0,0,0
0,0,0
0,0,0
0,0,0
0,0,0
0,0,0
0,0,0
0,0,0
0,0,0
0,0,0
0,0,0
0,0,0
0,0,0
0,0,0
0,0,0
0,0,0
0,0,0
0,0,0
0,0,0
0,0,0
0,0,0
0,0,0
0,0,0
0,0,0
0,0,0
0,0,0
0,0,0
0,0,0
0,0,0
0,0,0
0,0,0
0,0,0
0,0,0
0,0,0
0,0,0
0,0,0
0,0,0
0,0,0
0,0,0
0,0,0
0,0,0
0,0,0
0,0,0
0,0,0
0,0,0
0,0,0
0,0,0
0,0,0
0,0,0
0,0,0
0,0,0
0,0,0
0,0,0
0,0,0
0,0,0
0,0,0
0,0,0
0,0,0
0,0,0
0,0,0
0,0,0
0,0,0
0,0,0
0,0,0
0,0,0
0,0,0
0,0,0
0,0,0
0,0,0
0,0,0
0,0,0
0,0,0
0,0,0
0,0,0
0,0,0
0,0,0
0,0,0
0,0,0
0,0,0
0,0,0
0,0,0
0,0,0
0,0,0
0,0,0
0,0,0
0,0,0
0,0,0
0,0,0
0,0,0
0,0,0
0,0,0
0,0,0
0,0,0
0,0,0
0,0,0
0,0,0
0,0,0
0,0,0
0,0,0
0,0,0
0,0,0
0,0,0
0,0,0
0,0,0
0,0,0
0,0,0
0,0,0
0,0,0
0,0,0
0,0,0
0,0,0
0,0,0
0,0,0
0,0,0
0,0,0
0,0,0
0,0,0
0,0,0
0,0,0
0,0,0
0,0,0
0,0,0
0,0,0
0,0,0
0,0,0
0,0,0
0,0,0
0,0,0
0,0,0
0,0,0
0,0,0
0,0,0
0,0,0
0,0,0
0,0,0
0,0,0
0,0,0
0,0,0
0,0,0
0,0,0
0,0,0
0,0,0
0,0,0
0,0,0
0,0,0
0,0,0
0,0,0
0,0,0
0,0,0
0,0,0
0,0,0
0,0,0
0,0,0
0,0,0
0,0,0
0,0,0
0,0,0
0,0,0
0,0,0
0,0,0
0,0,0
0,0,0
0,0,0
0,0,0
0,0,0
0,0,0
0,0,0
0,0,0
0,0,0
0,0,0
0,0,0
0,0,0
0,0,0
0,0,0
0,0,0
0,0,0
0,0,0
0,0,0
0,0,0
0,0,0
0,0,0
0,0,0
0,0,0
0,0,0
0,0,0
0,0,0
0,0,0
0,0,0
0,0,0
0,0,0
0,0,0
0,0,0
0,0,0
0,0,0
0,0,0
0,0,0
0,0,0
0,0,0
0,0,0
0,0,0
0,0,0
0,0,0
0,0,0
0,0,0
0,0,0
0,0,0
0,0,0
0,0,0
0,0,0
0,0,0
0,0,0
0,0,0
0,0,0
0,0,0
0,0,0
0,0,0
0,0,0
0,0,0
0,0,0
0,0,0
0,0,0
0,0,0
0,0,0
0,0,0
0,0,0
0,0,0
0,0,0
0,0,0
0,0,0
0,0,0
0,0,0
0,0,0
0,0,0
0,0,0
0,0,0
0,0,0
0,0,0
0,0,0
0,0,0
0,0,0
0,0,0
0,0,0
0,0,0
0,0,0
0,0,0
0,0,0
0,0,0
0,0,0
0,0,0
0,0,0
0,0,0
0,0,0
0,0,0
0,0,0
0,0,0
0,0,0
0,0,0
0,0,0
0,0,0
0,0,0
0,0,0
0,0,0
0,0,0
0,0,0
0,0,0
0,0,0
0,0,0
0,0,0
0,0,0
0,0,0
0,0,0
0,0,0
0,0,0
0,0,0
0,0,0
0,0,0
0,0,0
0,0,0
0,0,0
0,0,0
0,0,0
0,0,0
0,0,0
0,0,0
0,0,0
0,0,0
0,0,0
0,0,0
0,0,0
0,0,0
0,0,0
0,0,0
0,0,0
0,0,0
0,0,0
0,0,0
0,0,0
0,0,0
0,0,0
0,0,0
0,0,0
0,0,0
0,0,0
0,0,0
0,0,0
0,0,0
0,0,0
0,0,0
0,0,0
0,0,0
0,0,0
0,0,0
0,0,0
0,0,0
0,0,0
0,0,0
0,0,0
0,0,0
0,0,0
0,0,0
0,0,0
0,0,0
0,0,0
0,0,0
0,0,0
0,0,0
0,0,0
0,0,0
0,0,0
0,0,0
0,0,0
0,0,0
0,0,0
0,0,0
0,0,0
0,0,0
0,0,0
0,0,0
0,0,0
0,0,0
0,0,0
0,0,0
0,0,0
0,0,0
0,0,0
0,0,0
0,0,0
0,0,0
0,0,0
0,0,0
0,0,0
0,0,0
0,0,0
0,0,0
0,0,0
0,0,0
0,0,0
0,0,0
0,0,0
0,0,0
0,0,0
0,0,0
0,0,0
0,0,0
0,0,0
0,0,0
0,0,0
0,0,0
0,0,0
0,0,0
0,0,0
0,0,0
0,0,0
0,0,0
0,0,0
0,0,0
0,0,0
0,0,0
0,0,0
0,0,0
0,0,0
0,0,0
0,0,0
0,0,0
0,0,0
0,0,0
0,0,0
0,0,0
0,0,0
0,0,0
0,0,0
0,0,0
0,0,0
0,0,0
0,0,0
0,0,0
0,0,0
0,0,0
0,0,0
0,0,0
0,0,0
0,0,0
0,0,0
0,0,0
0,0,0
0,0,0
0,0,0
0,0,0
0,0,0
0,0,0
0,0,0
0,0,0
0,0,0
0,0,0
0,0,0
0,0,0
0,0,0
0,0,0
0,0,0
0,0,0
0,0,0
0,0,0
0,0,0
0,0,0
0,0,0
0,0,0
0,0,0
0,0,0
0,0,0
0,0,0
0,0,0
0,0,0
0,0,0
0,0,0
0,0,0
0,0,0
0,0,0
0,0,0
0,0,0
0,0,0
0,0,0
0,0,0
0,0,0
0,0,0
0,0,0
0,0,0
0,0,0
0,0,0
0,0,0
0,0,0
0,0,0
0,0,0
0,0,0
0,0,0
0,0,0
0,0,0
0,0,0
0,0,0
0,0,0
0,0,0
0,0,0
0,0,0
0,0,0
0,0,0
0,0,0
0,0,0
0,0,0
0,0,0
0,0,0
0,0,0
0,0,0
0,0,0
0,0,0
0,0,0
0,0,0
0,0,0
0,0,0
0,0,0
0,0,0
0,0,0
0,0,0
0,0,0
0,0,0
0,0,0
0,0,0
0,0,0
0,0,0
0,0,0
0,0,0
0,0,0
0,0,0
0,0,0
0,0,0
0,0,0
0,0,0
0,0,0
0,0,0
0,0,0
0,0,0
0,0,0
0,0,0
0,0,0
0,0,0
0,0,0
0,0,0
0,0,0
0,0,0
0,0,0
0,0,0
0,0,0
0,0,0
0,0,0
0,0,0
0,0,0
0,0,0
0,0,0
0,0,0
0,0,0
0,0,0
0,0,0
0,0,0
0,0,0
0,0,0
0,0,0
0,0,0
0,0,0
0,0,0
0,0,0
0,0,0
0,0,0
0,0,0
0,0,0
0,0,0
0,0,0
0,0,0
0,0,0
0,0,0
0,0,0
0,0,0
0,0,0
0,0,0
0,0,0
0,0,0
0,0,0
0,0,0
0,0,0
0,0,0
0,0,0
0,0,0
0,0,0
0,0,0
0,0,0
0,0,0
0,0,0
0,0,0
0,0,0
0,0,0
0,0,0
0,0,0
0,0,0
0,0,0
0,0,0
0,0,0
0,0,0
0,0,0
0,0,0
0,0,0
0,0,0
0,0,0
0,0,0
0,0,0
0,0,0
0,0,0
0,0,0
0,0,0
0,0,0
0,0,0
0,0,0
0,0,0
0,0,0
0,0,0
0,0,0
0,0,0
0,0,0
0,0,0
0,0,0
0,0,0
0,0,0
0,0,0
0,0,0
0,0,0
0,0,0
0,0,0
0,0,0
0,0,0
0,0,0
0,0,0
0,0,0
0,0,0
0,0,0
0,0,0
0,0,0
0,0,0
0,0,0
0,0,0
0,0,0
0,0,0
0,0,0
0,0,0
0,0,0
0,0,0
0,0,0
0,0,0
0,0,0
0,0,0
0,0,0
0,0,0
0,0,0
0,0,0
0,0,0
0,0,0
0,0,0
0,0,0
0,0,0
0,0,0
0,0,0
0,0,0
0,0,0
0,0,0
0,0,0
0,0,0
0,0,0
0,0,0
0,0,0
0,0,0
0,0,0
0,0,0
0,0,0
0,0,0
0,0,0
0,0,0
0,0,0
0,0,0
0,0,0
0,0,0
0,0,0
0,0,0
0,0,0
0,0,0
0,0,0
0,0,0
0,0,0
0,0,0
0,0,0
0,0,0
0,0,0
0,0,0
0,0,0
0,0,0
0,0,0
0,0,0
0,0,0
0,0,0
0,0,0
0,0,0
0,0,0
0,0,0
0,0,0
0,0,0
0,0,0
0,0,0
0,0,0
0,0,0
0,0,0
0,0,0
0,0,0
0,0,0
0,0,0
0,0,0
0,0,0
0,0,0
0,0,0
0,0,0
0,0,0
0,0,0
0,0,0
0,0,0
0,0,0
0,0,0
0,0,0
0,0,0
0,0,0
0,0,0
0,0,0
0,0,0
0,0,0
0,0,0
0,0,0
0,0,0
0,0,0
0,0,0
0,0,0
0,0,0
0,0,0
0,0,0
0,0,0
0,0,0
0,0,0
0,0,0
0,0,0
0,0,0
0,0,0
0,0,0
0,0,0
0,0,0
0,0,0
0,0,0
0,0,0
0,0,0
0,0,0
0,0,0
0,0,0
0,0,0
0,0,0
0,0,0
0,0,0
0,0,0
0,0,0
0,0,0
0,0,0
0,0,0
0,0,0
0,0,0
0,0,0
0,0,0
0,0,0
0,0,0
0,0,0
0,0,0
0,0,0
0,0,0
0,0,0
0,0,0
0,0,0
0,0,0
0,0,0
0,0,0
0,0,0
0,0,0
0,0,0
0,0,0
0,0,0
0,0,0
0,0,0
0,0,0
0,0,0
0,0,0
0,0,0
0,0,0
0,0,0
0,0,0
0,0,0
0,0,0
0,0,0
0,0,0
0,0,0
0,0,0
0,0,0
0,0,0
0,0,0
0,0,0
0,0,0
0,0,0
0,0,0
0,0,0
0,0,0
0,0,0
0,0,0
0,0,0
0,0,0
0,0,0
0,0,0
0,0,0
0,0,0
0,0,0
0,0,0
0,0,0
0,0,0
0,0,0
0,0,0
0,0,0
0,0,0
0,0,0
0,0,0
0,0,0
0,0,0
0,0,0
0,0,0
0,0,0
0,0,0
0,0,0
0,0,0
0,0,0
0,0,0
0,0,0
0,0,0
0,0,0
0,0,0
0,0,0
0,0,0
0,0,0
0,0,0
0,0,0
0,0,0
0,0,0
0,0,0
0,0,0
0,0,0
0,0,0
0,0,0
0,0,0
0,0,0
0,0,0
0,0,0
0,0,0
0,0,0
0,0,0
0,0,0
0,0,0
0,0,0
0,0,0
0,0,0
0,0,0
0,0,0
0,0,0
0,0,0
0,0,0
0,0,0
0,0,0
0,0,0
0,0,0
0,0,0
0,0,0
0,0,0
0,0,0
0,0,0
0,0,0
0,0,0
0,0,0
0,0,0
0,0,0
0,0,0
0,0,0
0,0,0
0,0,0
0,0,0
0,0,0
0,0,0
0,0,0
0,0,0
0,0,0
0,0,0
0,0,0
0,0,0
0,0,0
0,0,0
0,0,0
0,0,0
0,0,0
0,0,0
0,0,0
0,0,0
0,0,0
0,0,0
0,0,0
0,0,0
0,0,0
0,0,0
0,0,0
0,0,0
0,0,0
0,0,0
0,0,0
0,0,0
0,0,0
0,0,0
0,0,0
0,0,0
0,0,0
0,0,0
0,0,0
0,0,0
0,0,0
0,0,0
0,0,0
0,0,0
0,0,0
0,0,0
0,0,0
0,0,0
0,0,0
0,0,0
0,0,0
0,0,0
0,0,0
0,0,0
0,0,0
0,0,0
0,0,0
0,0,0
0,0,0
0,0,0
0,0,0
0,0,0
0,0,0
0,0,0
0,0,0
0,0,0
0,0,0
0,0,0
0,0,0
0,0,0
0,0,0
0,0,0
0,0,0
0,0,0
0,0,0
0,0,0
0,0,0
0,0,0
0,0,0
0,0,0
0,0,0
0,0,0
0,0,0
0,0,0
0,0,0
0,0,0
0,0,0
0,0,0
0,0,0
0,0,0
0,0,0
0,0,0
0,0,0
0,0,0
0,0,0
0,0,0
0,0,0
0,0,0
0,0,0
0,0,0
0,0,0
0,0,0
0,0,0
0,0,0
0,0,0
0,0,0
0,0,0
0,0,0
0,0,0
0,0,0
0,0,0
0,0,0
0,0,0
0,0,0
0,0,0
0,0,0
0,0,0
0,0,0
0,0,0
0,0,0
0,0,0
0,0,0
0,0,0
0,0,0
0,0,0
0,0,0
0,0,0
0,0,0
0,0,0
0,0,0
0,0,0
0,0,0
0,0,0
0,0,0
0,0,0
0,0,0
0,0,0
0,0,0
0,0,0
0,0,0
0,0,0
0,0,0
0,0,0
0,0,0
0,0,0
0,0,0
0,0,0
0,0,0
0,0,0
0,0,0
0,0,0
0,0,0
0,0,0
0,0,0
0,0,0
0,0,0
0,0,0
0,0,0
0,0,0
0,0,0
0,0,0
0,0,0
0,0,0
0,0,0
0,0,0
0,0,0
0,0,0
0,0,0
0,0,0
0,0,0
0,0,0
0,0,0
0,0,0
0,0,0
0,0,0
0,0,0
0,0,0
0,0,0
0,0,0
0,0,0
0,0,0
0,0,0
0,0,0
0,0,0
0,0,0
0,0,0
0,0,0
0,0,0
0,0,0
0,0,0
0,0,0
0,0,0
0,0,0
0,0,0
0,0,0
0,0,0
0,0,0
0,0,0
0,0,0
0,0,0
0,0,0
0,0,0
0,0,0
0,0,0
0,0,0
0,0,0
0,0,0
0,0,0
0,0,0
0,0,0
0,0,0
0,0,0
0,0,0
0,0,0
0,0,0
0,0,0
0,0,0
0,0,0
0,0,0
0,0,0
0,0,0
0,0,0
0,0,0
0,0,0
0,0,0
0,0,0
0,0,0
0,0,0
0,0,0
0,0,0
0,0,0
0,0,0
0,0,0
0,0,0
0,0,0
0,0,0
0,0,0
0,0,0
0,0,0
0,0,0
0,0,0
0,0,0
0,0,0
0,0,0
0,0,0
0,0,0
0,0,0
0,0,0
0,0,0
0,0,0
0,0,0
0,0,0
0,0,0
0,0,0
0,0,0
0,0,0
0,0,0
0,0,0
0,0,0
0,0,0
0,0,0
0,0,0
0,0,0
0,0,0
0,0,0
0,0,0
0,0,0
0,0,0
0,0,0
0,0,0
0,0,0
0,0,0
0,0,0
0,0,0
0,0,0
0,0,0
0,0,0
0,0,0
0,0,0
0,0,0
0,0,0
0,0,0
0,0,0
0,0,0
0,0,0
0,0,0
0,0,0
0,0,0
0,0,0
0,0,0
0,0,0
0,0,0
0,0,0
0,0,0
0,0,0
0,0,0
0,0,0
0,0,0
0,0,0
0,0,0
0,0,0
0,0,0
0,0,0
0,0,0
0,0,0
0,0,0
0,0,0
0,0,0
0,0,0
0,0,0
0,0,0
0,0,0
0,0,0
0,0,0
0,0,0
0,0,0
0,0,0
0,0,0
0,0,0
0,0,0
0,0,0
0,0,0
0,0,0
0,0,0
0,0,0
0,0,0
0,0,0
0,0,0
0,0,0
0,0,0
0,0,0
0,0,0
0,0,0
0,0,0
0,0,0
0,0,0
0,0,0
0,0,0
0,0,0
0,0,0
0,0,0
0,0,0
0,0,0
0,0,0
0,0,0
0,0,0
0,0,0
0,0,0
0,0,0
0,0,0
0,0,0
0,0,0
0,0,0
0,0,0
0,0,0
0,0,0
0,0,0
0,0,0
0,0,0
0,0,0
0,0,0
0,0,0
0,0,0
0,0,0
0,0,0
0,0,0
0,0,0
0,0,0
0,0,0
0,0,0
0,0,0
0,0,0
0,0,0
0,0,0
0,0,0
0,0,0
0,0,0
0,0,0
0,0,0
0,0,0
0,0,0
0,0,0
0,0,0
0,0,0
0,0,0
0,0,0
0,0,0
0,0,0
0,0,0
0,0,0
0,0,0
0,0,0
0,0,0
0,0,0
0,0,0
0,0,0
0,0,0
0,0,0
0,0,0
0,0,0
0,0,0
0,0,0
0,0,0
0,0,0
0,0,0
0,0,0
0,0,0
0,0,0
0,0,0
0,0,0
0,0,0
0,0,0
0,0,0
0,0,0
0,0,0
0,0,0
0,0,0
0,0,0
0,0,0
0,0,0
0,0,0
0,0,0
0,0,0
0,0,0
0,0,0
0,0,0
0,0,0
0,0,0
0,0,0
0,0,0
0,0,0
0,0,0
0,0,0
0,0,0
0,0,0
0,0,0
0,0,0
0,0,0
0,0,0
0,0,0
0,0,0
0,0,0
0,0,0
0,0,0
0,0,0
0,0,0
0,0,0
0,0,0
0,0,0
0,0,0
0,0,0
0,0,0
0,0,0
0,0,0
0,0,0
0,0,0
0,0,0
0,0,0
0,0,0
0,0,0
0,0,0
0,0,0
0,0,0
0,0,0
0,0,0
0,0,0
0,0,0
0,0,0
0,0,0
0,0,0
0,0,0
0,0,0
0,0,0
0,0,0
0,0,0
0,0,0
0,0,0
0,0,0
0,0,0
0,0,0
0,0,0
0,0,0
0,0,0
0,0,0
0,0,0
0,0,0
0,0,0
0,0,0
0,0,0
0,0,0
0,0,0
0,0,0
0,0,0
0,0,0
0,0,0
0,0,0
0,0,0
0,0,0
0,0,0
0,0,0
0,0,0
0,0,0
0,0,0
0,0,0
0,0,0
0,0,0
0,0,0
0,0,0
0,0,0
0,0,0
0,0,0
0,0,0
0,0,0
0,0,0
0,0,0
0,0,0
0,0,0
0,0,0
0,0,0
0,0,0
0,0,0
0,0,0
0,0,0
0,0,0
0,0,0
0,0,0
0,0,0
0,0,0
0,0,0
0,0,0
0,0,0
0,0,0
0,0,0
0,0,0
0,0,0
0,0,0
0,0,0
0,0,0
0,0,0
0,0,0
0,0,0
0,0,0
0,0,0
0,0,0
0,0,0
0,0,0
0,0,0
0,0,0
0,0,0
0,0,0
0,0,0
0,0,0
0,0,0
0,0,0
0,0,0
0,0,0
0,0,0
0,0,0
0,0,0
0,0,0
0,0,0
0,0,0
0,0,0
0,0,0
0,0,0
0,0,0
0,0,0
0,0,0
0,0,0
0,0,0
0,0,0
0,0,0
0,0,0
0,0,0
0,0,0
0,0,0
0,0,0
0,0,0
0,0,0
0,0,0
0,0,0
0,0,0
0,0,0
0,0,0
0,0,0
0,0,0
0,0,0
0,0,0
0,0,0
0,0,0
0,0,0
0,0,0
0,0,0
0,0,0
0,0,0
0,0,0
0,0,0
0,0,0
0,0,0
0,0,0
0,0,0
0,0,0
0,0,0
0,0,0
0,0,0
0,0,0
0,0,0
0,0,0
0,0,0
0,0,0
0,0,0
0,0,0
0,0,0
0,0,0
0,0,0
0,0,0
0,0,0
0,0,0
0,0,0
0,0,0
0,0,0
0,0,0
0,0,0
0,0,0
0,0,0
0,0,0
0,0,0
0,0,0
0,0,0
0,0,0
0,0,0
0,0,0
0,0,0
0,0,0
0,0,0
0,0,0
0,0,0
0,0,0
0,0,0
0,0,0
0,0,0
0,0,0
0,0,0
0,0,0
0,0,0
0,0,0
0,0,0
0,0,0
0,0,0
0,0,0
0,0,0
0,0,0
0,0,0
0,0,0
0,0,0
0,0,0
0,0,0
0,0,0
0,0,0
0,0,0
0,0,0
0,0,0
0,0,0
0,0,0
0,0,0
0,0,0
0,0,0
0,0,0
0,0,0
0,0,0
0,0,0
0,0,0
0,0,0
0,0,0
0,0,0
0,0,0
0,0,0
0,0,0
0,0,0
0,0,0
0,0,0
0,0,0
0,0,0
0,0,0
0,0,0
0,0,0
0,0,0
0,0,0
0,0,0
0,0,0
0,0,0
0,0,0
0,0,0
0,0,0
0,0,0
0,0,0
0,0,0
0,0,0
0,0,0
0,0,0
0,0,0
0,0,0
0,0,0
0,0,0
0,0,0
0,0,0
0,0,0
0,0,0
0,0,0
0,0,0
0,0,0
0,0,0
0,0,0
0,0,0
0,0,0
0,0,0
0,0,0
0,0,0
0,0,0
0,0,0
0,0,0
0,0,0
0,0,0
0,0,0
0,0,0
0,0,0
0,0,0
0,0,0
0,0,0
0,0,0
0,0,0
0,0,0
0,0,0
0,0,0
0,0,0
0,0,0
0,0,0
0,0,0
0,0,0
0,0,0
0,0,0
0,0,0
0,0,0
0,0,0
0,0,0
0,0,0
0,0,0
0,0,0
0,0,0
0,0,0
0,0,0
0,0,0
0,0,0
0,0,0
0,0,0
0,0,0
0,0,0
0,0,0
0,0,0
0,0,0
0,0,0
0,0,0
0,0,0
0,0,0
0,0,0
0,0,0
0,0,0
0,0,0
0,0,0
0,0,0
0,0,0
0,0,0
0,0,0
0,0,0
0,0,0
0,0,0
0,0,0
0,0,0
0,0,0
0,0,0
0,0,0
0,0,0
0,0,0
0,0,0
0,0,0
0,0,0
0,0,0
0,0,0
0,0,0
0,0,0
0,0,0
0,0,0
0,0,0
0,0,0
0,0,0
0,0,0
0,0,0
0,0,0
0,0,0
0,0,0
0,0,0
0,0,0
0,0,0
0,0,0
0,0,0
0,0,0
0,0,0
0,0,0
0,0,0
0,0,0
0,0,0
0,0,0
0,0,0
0,0,0
0,0,0
0,0,0
0,0,0
0,0,0
0,0,0
0,0,0
0,0,0
0,0,0
0,0,0
0,0,0
0,0,0
0,0,0
0,0,0
0,0,0
0,0,0
0,0,0
0,0,0
0,0,0
0,0,0
0,0,0
0,0,0
0,0,0
0,0,0
0,0,0
0,0,0
0,0,0
0,0,0
0,0,0
0,0,0
0,0,0
0,0,0
0,0,0
0,0,0
0,0,0
0,0,0
0,0,0
0,0,0
0,0,0
0,0,0
0,0,0
0,0,0
0,0,0
0,0,0
0,0,0
0,0,0
0,0,0
0,0,0
0,0,0
0,0,0
0,0,0
0,0,0
0,0,0
0,0,0
0,0,0
0,0,0
0,0,0
0,0,0
0,0,0
0,0,0
0,0,0
0,0,0
0,0,0
0,0,0
0,0,0
0,0,0
0,0,0
0,0,0
0,0,0
0,0,0
0,0,0
0,0,0
0,0,0
0,0,0
0,0,0
0,0,0
0,0,0
0,0,0
0,0,0
0,0,0
0,0,0
0,0,0
0,0,0
0,0,0
0,0,0
0,0,0
0,0,0
0,0,0
0,0,0
0,0,0
0,0,0
0,0,0
0,0,0
0,0,0
0,0,0
0,0,0
0,0,0
0,0,0
0,0,0
0,0,0
0,0,0
0,0,0
0,0,0
0,0,0
0,0,0
0,0,0
0,0,0
0,0,0
0,0,0
0,0,0
0,0,0
0,0,0
0,0,0
0,0,0
0,0,0
0,0,0
0,0,0
0,0,0
0,0,0
0,0,0
0,0,0
0,0,0
0,0,0
0,0,0
0,0,0
0,0,0
0,0,0
0,0,0
0,0,0
0,0,0
0,0,0
0,0,0
0,0,0
0,0,0
0,0,0
0,0,0
0,0,0
0,0,0
0,0,0
0,0,0
0,0,0
0,0,0
0,0,0
0,0,0
0,0,0
0,0,0
0,0,0
0,0,0
0,0,0
0,0,0
0,0,0
0,0,0
0,0,0
0,0,0
0,0,0
0,0,0
0,0,0
0,0,0
0,0,0
0,0,0
0,0,0
0,0,0
0,0,0
0,0,0
0,0,0
0,0,0
0,0,0
0,0,0
0,0,0
0,0,0
0,0,0
0,0,0
0,0,0
0,0,0
0,0,0
0,0,0
0,0,0
0,0,0
0,0,0
0,0,0
0,0,0
0,0,0
0,0,0
0,0,0
0,0,0
0,0,0
0,0,0
0,0,0
0,0,0
0,0,0
0,0,0
0,0,0
0,0,0
0,0,0
0,0,0
0,0,0
0,0,0
0,0,0
0,0,0
0,0,0
0,0,0
0,0,0
0,0,0
0,0,0
0,0,0
0,0,0
0,0,0
0,0,0
0,0,0
0,0,0
0,0,0
0,0,0
0,0,0
0,0,0
0,0,0
0,0,0
0,0,0
0,0,0
0,0,0
0,0,0
0,0,0
0,0,0
0,0,0
0,0,0
0,0,0
0,0,0
0,0,0
0,0,0
0,0,0
0,0,0
0,0,0
0,0,0
0,0,0
0,0,0
0,0,0
0,0,0
0,0,0
0,0,0
0,0,0
0,0,0
0,0,0
0,0,0
0,0,0
0,0,0
0,0,0
0,0,0
0,0,0
0,0,0
0,0,0
0,0,0
0,0,0
0,0,0
0,0,0
0,0,0
0,0,0
0,0,0
0,0,0
0,0,0
0,0,0
0,0,0
0,0,0
0,0,0
0,0,0
0,0,0
0,0,0
0,0,0
0,0,0
0,0,0
0,0,0
0,0,0
0,0,0
0,0,0
0,0,0
0,0,0
0,0,0
0,0,0
0,0,0
0,0,0
0,0,0
0,0,0
0,0,0
0,0,0
0,0,0
0,0,0
0,0,0
0,0,0
0,0,0
0,0,0
0,0,0
0,0,0
0,0,0
0,0,0
0,0,0
0,0,0
0,0,0
0,0,0
0,0,0
0,0,0
0,0,0
0,0,0
0,0,0
0,0,0
0,0,0
0,0,0
0,0,0
0,0,0
0,0,0
0,0,0
0,0,0
0,0,0
0,0,0
0,0,0
0,0,0
0,0,0
0,0,0
0,0,0
0,0,0
0,0,0
0,0,0
0,0,0
0,0,0
0,0,0
0,0,0
0,0,0
0,0,0
0,0,0
0,0,0
0,0,0
0,0,0
0,0,0
0,0,0
0,0,0
0,0,0
0,0,0
0,0,0
0,0,0
0,0,0
0,0,0
0,0,0
0,0,0
0,0,0
0,0,0
0,0,0
0,0,0
0,0,0
0,0,0
0,0,0
0,0,0
0,0,0
0,0,0
0,0,0
0,0,0
0,0,0
0,0,0
0,0,0
0,0,0
0,0,0
0,0,0
0,0,0
0,0,0
0,0,0
0,0,0
0,0,0
0,0,0
0,0,0
0,0,0
0,0,0
0,0,0
0,0,0
0,0,0
0,0,0
0,0,0
0,0,0
0,0,0
0,0,0
0,0,0
0,0,0
0,0,0
0,0,0
0,0,0
0,0,0
0,0,0
0,0,0
0,0,0
0,0,0
0,0,0
0,0,0
0,0,0
0,0,0
0,0,0
0,0,0
0,0,0
0,0,0
0,0,0
0,0,0
0,0,0
0,0,0
0,0,0
0,0,0
0,0,0
0,0,0
0,0,0
0,0,0
0,0,0
0,0,0
0,0,0
0,0,0
0,0,0
0,0,0
0,0,0
0,0,0
0,0,0
0,0,0
0,0,0
0,0,0
0,0,0
0,0,0
0,0,0
0,0,0
0,0,0
0,0,0
0,0,0
0,0,0
0,0,0
0,0,0
0,0,0
0,0,0
0,0,0
0,0,0
0,0,0
0,0,0
0,0,0
0,0,0
0,0,0
0,0,0
0,0,0
0,0,0
0,0,0
0,0,0
0,0,0
0,0,0
0,0,0
0,0,0
0,0,0
0,0,0
0,0,0
0,0,0
0,0,0
0,0,0
0,0,0
0,0,0
0,0,0
0,0,0
0,0,0
0,0,0
0,0,0
0,0,0
0,0,0
0,0,0
0,0,0
0,0,0
0,0,0
0,0,0
0,0,0
0,0,0
0,0,0
0,0,0
0,0,0
0,0,0
0,0,0
0,0,0
0,0,0
0,0,0
0,0,0
0,0,0
0,0,0
0,0,0
0,0,0
0,0,0
0,0,0
0,0,0
0,0,0
0,0,0
0,0,0
0,0,0
0,0,0
0,0,0
0,0,0
0,0,0
0,0,0
0,0,0
0,0,0
0,0,0
0,0,0
0,0,0
0,0,0
0,0,0
0,0,0
0,0,0
0,0,0
0,0,0
0,0,0
0,0,0
0,0,0
0,0,0
0,0,0
0,0,0
0,0,0
0,0,0
0,0,0
0,0,0
0,0,0
0,0,0
0,0,0
0,0,0
0,0,0
0,0,0
0,0,0
0,0,0
0,0,0
0,0,0
0,0,0
0,0,0
0,0,0
0,0,0
0,0,0
0,0,0
0,0,0
0,0,0
0,0,0
0,0,0
0,0,0
0,0,0
0,0,0
0,0,0
0,0,0
0,0,0
0,0,0
0,0,0
0,0,0
0,0,0
0,0,0
0,0,0
0,0,0
0,0,0
0,0,0
0,0,0
0,0,0
0,0,0
0,0,0
0,0,0
0,0,0
0,0,0
0,0,0
0,0,0
0,0,0
0,0,0
0,0,0
0,0,0
0,0,0
0,0,0
0,0,0
0,0,0
0,0,0
0,0,0
0,0,0
0,0,0
0,0,0
0,0,0
0,0,0
0,0,0
0,0,0
0,0,0
0,0,0
0,0,0
0,0,0
0,0,0
0,0,0
0,0,0
0,0,0
0,0,0
0,0,0
0,0,0
0,0,0
0,0,0
0,0,0
0,0,0
0,0,0
0,0,0
0,0,0
0,0,0
0,0,0
0,0,0
0,0,0
0,0,0
0,0,0
0,0,0
0,0,0
0,0,0
0,0,0
0,0,0
0,0,0
0,0,0
0,0,0
0,0,0
0,0,0
0,0,0
0,0,0
0,0,0
0,0,0
0,0,0
0,0,0
0,0,0
0,0,0
0,0,0
0,0,0
0,0,0
0,0,0
0,0,0
0,0,0
0,0,0
0,0,0
0,0,0
0,0,0
0,0,0
0,0,0
0,0,0
0,0,0
0,0,0
0,0,0
0,0,0
0,0,0
0,0,0
0,0,0
0,0,0
0,0,0
0,0,0
0,0,0
0,0,0
0,0,0
0,0,0
0,0,0
0,0,0
0,0,0
0,0,0
0,0,0
0,0,0
0,0,0
0,0,0
0,0,0
0,0,0
0,0,0
0,0,0
0,0,0
0,0,0
0,0,0
0,0,0
0,0,0
0,0,0
0,0,0
0,0,0
0,0,0
0,0,0
0,0,0
0,0,0
0,0,0
0,0,0
0,0,0
0,0,0
0,0,0
0,0,0
0,0,0
0,0,0
0,0,0
0,0,0
0,0,0
0,0,0
0,0,0
0,0,0
0,0,0
0,0,0
0,0,0
0,0,0
0,0,0
0,0,0
0,0,0
0,0,0
0,0,0
0,0,0
0,0,0
0,0,0
0,0,0
0,0,0
0,0,0
0,0,0
0,0,0
0,0,0
0,0,0
0,0,0
0,0,0
0,0,0
0,0,0
0,0,0
0,0,0
0,0,0
0,0,0
0,0,0
0,0,0
0,0,0
0,0,0
0,0,0
0,0,0
0,0,0
0,0,0
0,0,0
0,0,0
0,0,0
0,0,0
0,0,0
0,0,0
0,0,0
0,0,0
0,0,0
0,0,0
0,0,0
0,0,0
0,0,0
0,0,0
0,0,0
0,0,0
0,0,0
0,0,0
0,0,0
0,0,0
0,0,0
0,0,0
0,0,0
0,0,0
0,0,0
0,0,0
0,0,0
0,0,0
0,0,0
0,0,0
0,0,0
0,0,0
0,0,0
0,0,0
0,0,0
0,0,0
0,0,0
0,0,0
0,0,0
0,0,0
0,0,0
0,0,0
0,0,0
0,0,0
0,0,0
0,0,0
0,0,0
0,0,0
0,0,0
0,0,0
0,0,0
0,0,0
0,0,0
0,0,0
0,0,0
0,0,0
0,0,0
0,0,0
0,0,0
0,0,0
0,0,0
0,0,0
0,0,0
0,0,0
0,0,0
0,0,0
0,0,0
0,0,0
0,0,0
0,0,0
0,0,0
0,0,0
0,0,0
0,0,0
0,0,0
0,0,0
0,0,0
0,0,0
0,0,0
0,0,0
0,0,0
0,0,0
0,0,0
0,0,0
0,0,0
0,0,0
0,0,0
0,0,0
0,0,0
0,0,0
0,0,0
0,0,0
0,0,0
0,0,0
0,0,0
0,0,0
0,0,0
0,0,0
0,0,0
0,0,0
0,0,0
0,0,0
0,0,0
0,0,0
0,0,0
0,0,0
0,0,0
0,0,0
0,0,0
0,0,0
0,0,0
0,0,0
0,0,0
0,0,0
0,0,0
0,0,0
0,0,0
0,0,0
0,0,0
0,0,0
0,0,0
0,0,0
0,0,0
0,0,0
0,0,0
0,0,0
0,0,0
0,0,0
0,0,0
0,0,0
0,0,0
0,0,0
0,0,0
0,0,0
0,0,0
0,0,0
0,0,0
0,0,0
0,0,0
0,0,0
0,0,0
0,0,0
0,0,0
0,0,0
0,0,0
0,0,0
0,0,0
0,0,0
0,0,0
0,0,0
0,0,0
0,0,0
0,0,0
0,0,0
0,0,0
0,0,0
0,0,0
0,0,0
0,0,0
0,0,0
0,0,0
0,0,0
0,0,0
0,0,0
0,0,0
0,0,0
0,0,0
0,0,0
0,0,0
0,0,0
0,0,0
0,0,0
0,0,0
0,0,0
0,0,0
0,0,0
0,0,0
0,0,0
0,0,0
0,0,0
0,0,0
0,0,0
0,0,0
0,0,0
0,0,0
0,0,0
0,0,0
0,0,0
0,0,0
0,0,0
0,0,0
0,0,0
0,0,0
0,0,0
0,0,0
0,0,0
0,0,0
0,0,0
0,0,0
0,0,0
0,0,0
0,0,0
0,0,0
0,0,0
0,0,0
0,0,0
0,0,0
0,0,0
0,0,0
0,0,0
0,0,0
0,0,0
0,0,0
0,0,0
0,0,0
0,0,0
0,0,0
0,0,0
0,0,0
0,0,0
0,0,0
0,0,0
0,0,0
0,0,0
0,0,0
0,0,0
0,0,0
0,0,0
0,0,0
0,0,0
0,0,0
0,0,0
0,0,0
0,0,0
0,0,0
0,0,0
0,0,0
0,0,0
0,0,0
0,0,0
0,0,0
0,0,0
0,0,0
0,0,0
0,0,0
0,0,0
0,0,0
0,0,0
0,0,0
0,0,0
0,0,0
0,0,0
0,0,0
0,0,0
0,0,0
0,0,0
0,0,0
0,0,0
0,0,0
0,0,0
0,0,0
0,0,0
0,0,0
0,0,0
0,0,0
0,0,0
0,0,0
0,0,0
0,0,0
0,0,0
0,0,0
0,0,0
0,0,0
0,0,0
0,0,0
0,0,0
0,0,0
0,0,0
0,0,0
0,0,0
0,0,0
0,0,0
0,0,0
0,0,0
0,0,0
0,0,0
0,0,0
0,0,0
0,0,0
0,0,0
0,0,0
0,0,0
0,0,0
0,0,0
0,0,0
0,0,0
0,0,0
0,0,0
0,0,0
0,0,0
0,0,0
0,0,0
0,0,0
0,0,0
0,0,0
0,0,0
0,0,0
0,0,0
0,0,0
0,0,0
0,0,0
0,0,0
0,0,0
0,0,0
0,0,0
0,0,0
0,0,0
0,0,0
0,0,0
0,0,0
0,0,0
0,0,0
0,0,0
0,0,0
0,0,0
0,0,0
0,0,0
0,0,0
0,0,0
0,0,0
0,0,0
0,0,0
0,0,0
0,0,0
0,0,0
0,0,0
0,0,0
0,0,0
0,0,0
0,0,0
0,0,0
0,0,0
0,0,0
0,0,0
0,0,0
0,0,0
0,0,0
0,0,0
0,0,0
0,0,0
0,0,0
0,0,0
0,0,0
0,0,0
0,0,0
0,0,0
0,0,0
0,0,0
0,0,0
0,0,0
0,0,0
0,0,0
0,0,0
0,0,0
0,0,0
0,0,0
0,0,0
0,0,0
0,0,0
0,0,0
0,0,0
0,0,0
0,0,0
0,0,0
0,0,0
0,0,0
0,0,0
0,0,0
0,0,0
0,0,0
0,0,0
0,0,0
0,0,0
0,0,0
0,0,0
0,0,0
0,0,0
0,0,0
0,0,0
0,0,0
0,0,0
0,0,0
0,0,0
0,0,0
0,0,0
0,0,0
0,0,0
0,0,0
0,0,0
0,0,0
0,0,0
0,0,0
0,0,0
0,0,0
0,0,0
0,0,0
0,0,0
0,0,0
0,0,0
0,0,0
0,0,0
0,0,0
0,0,0
0,0,0
0,0,0
0,0,0
0,0,0
0,0,0
0,0,0
0,0,0
0,0,0
0,0,0
0,0,0
0,0,0
0,0,0
0,0,0
0,0,0
0,0,0
0,0,0
0,0,0
0,0,0
0,0,0
0,0,0
0,0,0
0,0,0
0,0,0
0,0,0
0,0,0
0,0,0
0,0,0
0,0,0
0,0,0
0,0,0
0,0,0
0,0,0
0,0,0
0,0,0
0,0,0
0,0,0
0,0,0
0,0,0
0,0,0
0,0,0
0,0,0
0,0,0
0,0,0
0,0,0
0,0,0
0,0,0
0,0,0
0,0,0
0,0,0
0,0,0
0,0,0
0,0,0
0,0,0
0,0,0
0,0,0
0,0,0
0,0,0
0,0,0
0,0,0
0,0,0
0,0,0
0,0,0
0,0,0
0,0,0
0,0,0
0,0,0
0,0,0
0,0,0
0,0,0
0,0,0
0,0,0
0,0,0
0,0,0
0,0,0
0,0,0
0,0,0
0,0,0
0,0,0
0,0,0
0,0,0
0,0,0
0,0,0
0,0,0
0,0,0
0,0,0
0,0,0
0,0,0
0,0,0
0,0,0
0,0,0
0,0,0
0,0,0
0,0,0
0,0,0
0,0,0
0,0,0
0,0,0
0,0,0
0,0,0
0,0,0
0,0,0
0,0,0
0,0,0
0,0,0
0,0,0
0,0,0
0,0,0
0,0,0
0,0,0
0,0,0
0,0,0
0,0,0
0,0,0
0,0,0
0,0,0
0,0,0
0,0,0
0,0,0
0,0,0
0,0,0
0,0,0
0,0,0
0,0,0
0,0,0
0,0,0
0,0,0
0,0,0
0,0,0
0,0,0
0,0,0
0,0,0
0,0,0
0,0,0
0,0,0
0,0,0
0,0,0
0,0,0
0,0,0
0,0,0
0,0,0
0,0,0
0,0,0
0,0,0
0,0,0
0,0,0
0,0,0
0,0,0
0,0,0
0,0,0
0,0,0
0,0,0
0,0,0
0,0,0
0,0,0
0,0,0
0,0,0
0,0,0
0,0,0
0,0,0
0,0,0
0,0,0
0,0,0
0,0,0
0,0,0
0,0,0
0,0,0
0,0,0
0,0,0
0,0,0
0,0,0
0,0,0
0,0,0
0,0,0
0,0,0
0,0,0
0,0,0
0,0,0
0,0,0
0,0,0
0,0,0
0,0,0
0,0,0
0,0,0
0,0,0
0,0,0
0,0,0
0,0,0
0,0,0
0,0,0
0,0,0
0,0,0
0,0,0
0,0,0
0,0,0
0,0,0
0,0,0
0,0,0
0,0,0
0,0,0
0,0,0
0,0,0
0,0,0
0,0,0
0,0,0
0,0,0
0,0,0
0,0,0
0,0,0
0,0,0
0,0,0
0,0,0
0,0,0
0,0,0
0,0,0
0,0,0
0,0,0
0,0,0
0,0,0
0,0,0
0,0,0
0,0,0
0,0,0
0,0,0
0,0,0
0,0,0
0,0,0
0,0,0
0,0,0
0,0,0
0,0,0
0,0,0
0,0,0
0,0,0
0,0,0
0,0,0
0,0,0
0,0,0
0,0,0
0,0,0
0,0,0
0,0,0
0,0,0
0,0,0
0,0,0
0,0,0
0,0,0
0,0,0
0,0,0
0,0,0
0,0,0
0,0,0
0,0,0
0,0,0
0,0,0
0,0,0
0,0,0
0,0,0
0,0,0
0,0,0
0,0,0
0,0,0
0,0,0
0,0,0
0,0,0
0,0,0
0,0,0
0,0,0
0,0,0
0,0,0
0,0,0
0,0,0
0,0,0
0,0,0
0,0,0
0,0,0
0,0,0
0,0,0
0,0,0
0,0,0
0,0,0
0,0,0
0,0,0
0,0,0
0,0,0
0,0,0
0,0,0
0,0,0
0,0,0
0,0,0
0,0,0
0,0,0
0,0,0
0,0,0
0,0,0
0,0,0
0,0,0
0,0,0
0,0,0
0,0,0
0,0,0
0,0,0
0,0,0
0,0,0
0,0,0
0,0,0
0,0,0
0,0,0
0,0,0
0,0,0
0,0,0
0,0,0
0,0,0
0,0,0
0,0,0
0,0,0
0,0,0
0,0,0
0,0,0
0,0,0
0,0,0
0,0,0
0,0,0
0,0,0
0,0,0
0,0,0
0,0,0
0,0,0
0,0,0
0,0,0
0,0,0
0,0,0
0,0,0
0,0,0
0,0,0
0,0,0
0,0,0
0,0,0
0,0,0
0,0,0
0,0,0
0,0,0
0,0,0
0,0,0
0,0,0
0,0,0
0,0,0
0,0,0
0,0,0
0,0,0
0,0,0
0,0,0
0,0,0
0,0,0
0,0,0
0,0,0
0,0,0
0,0,0
0,0,0
0,0,0
0,0,0
0,0,0
0,0,0
0,0,0
0,0,0
0,0,0
0,0,0
0,0,0
0,0,0
0,0,0
0,0,0
0,0,0
0,0,0
0,0,0
0,0,0
0,0,0
0,0,0
0,0,0
0,0,0
0,0,0
0,0,0
0,0,0
0,0,0
0,0,0
0,0,0
0,0,0
0,0,0
0,0,0
0,0,0
0,0,0
0,0,0
0,0,0
0,0,0
0,0,0
0,0,0
0,0,0
0,0,0
0,0,0
0,0,0
0,0,0
0,0,0
0,0,0
0,0,0
0,0,0
0,0,0
0,0,0
0,0,0
0,0,0
0,0,0
0,0,0
0,0,0
0,0,0
0,0,0
0,0,0
0,0,0
0,0,0
0,0,0
0,0,0
0,0,0
0,0,0
0,0,0
0,0,0
0,0,0
0,0,0
0,0,0
0,0,0
0,0,0
0,0,0
0,0,0
0,0,0
0,0,0
0,0,0
0,0,0
0,0,0
0,0,0
0,0,0
0,0,0
0,0,0
0,0,0
0,0,0
0,0,0
0,0,0
0,0,0
0,0,0
0,0,0
0,0,0
0,0,0
0,0,0
0,0,0
0,0,0
0,0,0
0,0,0
0,0,0
0,0,0
0,0,0
0,0,0
0,0,0
0,0,0
0,0,0
0,0,0
0,0,0
0,0,0
0,0,0
0,0,0
0,0,0
0,0,0
0,0,0
0,0,0
0,0,0
0,0,0
0,0,0
0,0,0
0,0,0
0,0,0
0,0,0
0,0,0
0,0,0
0,0,0
0,0,0
0,0,0
0,0,0
0,0,0
0,0,0
0,0,0
0,0,0
0,0,0
0,0,0
0,0,0
0,0,0
0,0,0
0,0,0
0,0,0
0,0,0
0,0,0
0,0,0
0,0,0
0,0,0
0,0,0
0,0,0
0,0,0
0,0,0
0,0,0
0,0,0
0,0,0
0,0,0
0,0,0
0,0,0
0,0,0
0,0,0
0,0,0
0,0,0
0,0,0
0,0,0
0,0,0
0,0,0
0,0,0
0,0,0
0,0,0
0,0,0
0,0,0
0,0,0
0,0,0
0,0,0
0,0,0
0,0,0
0,0,0
0,0,0
0,0,0
0,0,0
0,0,0
0,0,0
0,0,0
0,0,0
0,0,0
0,0,0
0,0,0
0,0,0
0,0,0
0,0,0
0,0,0
0,0,0
0,0,0
0,0,0
0,0,0
0,0,0
0,0,0
0,0,0
0,0,0
0,0,0
0,0,0
0,0,0
0,0,0
0,0,0
0,0,0
0,0,0
0,0,0
0,0,0
0,0,0
0,0,0
0,0,0
0,0,0
0,0,0
0,0,0
0,0,0
0,0,0
0,0,0
0,0,0
0,0,0
0,0,0
0,0,0
0,0,0
0,0,0
0,0,0
0,0,0
0,0,0
0,0,0
0,0,0
0,0,0
0,0,0
0,0,0
0,0,0
0,0,0
0,0,0
0,0,0
0,0,0
0,0,0
0,0,0
0,0,0
0,0,0
0,0,0
0,0,0
0,0,0
0,0,0
0,0,0
0,0,0
0,0,0
0,0,0
0,0,0
0,0,0
0,0,0
0,0,0
0,0,0
0,0,0
0,0,0
0,0,0
0,0,0
0,0,0
0,0,0
0,0,0
0,0,0
0,0,0
0,0,0
0,0,0
0,0,0
0,0,0
0,0,0
0,0,0
0,0,0
0,0,0
0,0,0
0,0,0
0,0,0
0,0,0
0,0,0
0,0,0
0,0,0
0,0,0
0,0,0
0,0,0
0,0,0
0,0,0
0,0,0
0,0,0
0,0,0
0,0,0
0,0,0
0,0,0
0,0,0
0,0,0
0,0,0
0,0,0
0,0,0
0,0,0
0,0,0
0,0,0
0,0,0
0,0,0
0,0,0
0,0,0
0,0,0
0,0,0
0,0,0
0,0,0
0,0,0
0,0,0
0,0,0
0,0,0
0,0,0
0,0,0
0,0,0
0,0,0
0,0,0
0,0,0
0,0,0
0,0,0
0,0,0
0,0,0
0,0,0
0,0,0
0,0,0
0,0,0
0,0,0
0,0,0
0,0,0
0,0,0
0,0,0
0,0,0
0,0,0
0,0,0
0,0,0
0,0,0
0,0,0
0,0,0
0,0,0
0,0,0
0,0,0
0,0,0
0,0,0
0,0,0
0,0,0
0,0,0
0,0,0
0,0,0
0,0,0
0,0,0
0,0,0
0,0,0
0,0,0
0,0,0
0,0,0
0,0,0
0,0,0
0,0,0
0,0,0
0,0,0
0,0,0
0,0,0
0,0,0
0,0,0
0,0,0
0,0,0
0,0,0
0,0,0
0,0,0
0,0,0
0,0,0
0,0,0
0,0,0
0,0,0
0,0,0
0,0,0
0,0,0
0,0,0
0,0,0
0,0,0
0,0,0
0,0,0
0,0,0
0,0,0
0,0,0
0,0,0
0,0,0
0,0,0
0,0,0
0,0,0
0,0,0
0,0,0
0,0,0
0,0,0
0,0,0
0,0,0
0,0,0
0,0,0
0,0,0
0,0,0
0,0,0
0,0,0
0,0,0
0,0,0
0,0,0
0,0,0
0,0,0
0,0,0
0,0,0
0,0,0
0,0,0
0,0,0
0,0,0
0,0,0
0,0,0
0,0,0
0,0,0
0,0,0
0,0,0
0,0,0
0,0,0
0,0,0
0,0,0
0,0,0
0,0,0
0,0,0
0,0,0
0,0,0
0,0,0
0,0,0
0,0,0
0,0,0
0,0,0
0,0,0
0,0,0
0,0,0
0,0,0
0,0,0
0,0,0
0,0,0
0,0,0
0,0,0
0,0,0
0,0,0
0,0,0
0,0,0
0,0,0
0,0,0
0,0,0
0,0,0
0,0,0
0,0,0
0,0,0
0,0,0
0,0,0
0,0,0
0,0,0
0,0,0
0,0,0
0,0,0
0,0,0
0,0,0
0,0,0
0,0,0
0,0,0
0,0,0
0,0,0
0,0,0
0,0,0
0,0,0
0,0,0
0,0,0
0,0,0
0,0,0
0,0,0
0,0,0
0,0,0
0,0,0
0,0,0
0,0,0
0,0,0
0,0,0
0,0,0
0,0,0
0,0,0
0,0,0
0,0,0
0,0,0
0,0,0
0,0,0
0,0,0
0,0,0
0,0,0
0,0,0
0,0,0
0,0,0
0,0,0
0,0,0
0,0,0
0,0,0
0,0,0
0,0,0
0,0,0
0,0,0
0,0,0
0,0,0
0,0,0
0,0,0
0,0,0
0,0,0
0,0,0
0,0,0
0,0,0
0,0,0
0,0,0
0,0,0
0,0,0
0,0,0
0,0,0
0,0,0
0,0,0
0,0,0
0,0,0
0,0,0
0,0,0
0,0,0
0,0,0
0,0,0
0,0,0
0,0,0
0,0,0
0,0,0
0,0,0
0,0,0
0,0,0
0,0,0
0,0,0
0,0,0
0,0,0
0,0,0
0,0,0
0,0,0
0,0,0
0,0,0
0,0,0
0,0,0
0,0,0
0,0,0
0,0,0
0,0,0
0,0,0
0,0,0
0,0,0
0,0,0
0,0,0
0,0,0
0,0,0
0,0,0
0,0,0
0,0,0
0,0,0
0,0,0
0,0,0
0,0,0
0,0,0
0,0,0
0,0,0
0,0,0
0,0,0
0,0,0
0,0,0
0,0,0
0,0,0
0,0,0
0,0,0
0,0,0
0,0,0
0,0,0
0,0,0
0,0,0
0,0,0
0,0,0
0,0,0
0,0,0
0,0,0
0,0,0
0,0,0
0,0,0
0,0,0
0,0,0
0,0,0
0,0,0
0,0,0
0,0,0
0,0,0
0,0,0
0,0,0
0,0,0
0,0,0
0,0,0
0,0,0
0,0,0
0,0,0
0,0,0
0,0,0
0,0,0
0,0,0
0,0,0
0,0,0
0,0,0
0,0,0
0,0,0
0,0,0
0,0,0
0,0,0
0,0,0
0,0,0
0,0,0
0,0,0
0,0,0
0,0,0
0,0,0
0,0,0
0,0,0
0,0,0
0,0,0
0,0,0
0,0,0
0,0,0
0,0,0
0,0,0
0,0,0
0,0,0
0,0,0
0,0,0
0,0,0
0,0,0
0,0,0
0,0,0
0,0,0
0,0,0
0,0,0
0,0,0
0,0,0
0,0,0
0,0,0
0,0,0
0,0,0
0,0,0
0,0,0
0,0,0
0,0,0
0,0,0
0,0,0
0,0,0
0,0,0
0,0,0
0,0,0
0,0,0
0,0,0
0,0,0
0,0,0
0,0,0
0,0,0
0,0,0
0,0,0
0,0,0
0,0,0
0,0,0
0,0,0
0,0,0
0,0,0
0,0,0
0,0,0
0,0,0
0,0,0
0,0,0
0,0,0
0,0,0
0,0,0
0,0,0
0,0,0
0,0,0
0,0,0
0,0,0
0,0,0
0,0,0
0,0,0
0,0,0
0,0,0
0,0,0
0,0,0
0,0,0
0,0,0
0,0,0
0,0,0
0,0,0
0,0,0
0,0,0
0,0,0
0,0,0
0,0,0
0,0,0
0,0,0
0,0,0
0,0,0
0,0,0
0,0,0
0,0,0
0,0,0
0,0,0
0,0,0
0,0,0
0,0,0
0,0,0
0,0,0
0,0,0
0,0,0
0,0,0
0,0,0
0,0,0
0,0,0
0,0,0
0,0,0
0,0,0
0,0,0
0,0,0
0,0,0
0,0,0
0,0,0
0,0,0
0,0,0
0,0,0
0,0,0
0,0,0
0,0,0
0,0,0
0,0,0
0,0,0
0,0,0
0,0,0
0,0,0
0,0,0
0,0,0
0,0,0
0,0,0
0,0,0
0,0,0
0,0,0
0,0,0
0,0,0
0,0,0
0,0,0
0,0,0
0,0,0
0,0,0
0,0,0
0,0,0
0,0,0
0,0,0
0,0,0
0,0,0
0,0,0
0,0,0
0,0,0
0,0,0
0,0,0
0,0,0
0,0,0
0,0,0
0,0,0
0,0,0
0,0,0
0,0,0
0,0,0
0,0,0
0,0,0
0,0,0
0,0,0
0,0,0
0,0,0
0,0,0
0,0,0
0,0,0
0,0,0
0,0,0
0,0,0
0,0,0
0,0,0
0,0,0
0,0,0
0,0,0
0,0,0
0,0,0
0,0,0
0,0,0
0,0,0
0,0,0
0,0,0
0,0,0
0,0,0
0,0,0
0,0,0
0,0,0
0,0,0
0,0,0
0,0,0
0,0,0
0,0,0
0,0,0
0,0,0
0,0,0
0,0,0
0,0,0
0,0,0
0,0,0
0,0,0
0,0,0
0,0,0
0,0,0
0,0,0
0,0,0
0,0,0
0,0,0
0,0,0
0,0,0
0,0,0
0,0,0
0,0,0
0,0,0
0,0,0
0,0,0
0,0,0
0,0,0
0,0,0
0,0,0
0,0,0
0,0,0
0,0,0
0,0,0
0,0,0
0,0,0
0,0,0
0,0,0
0,0,0
0,0,0
0,0,0
0,0,0
0,0,0
0,0,0
0,0,0
0,0,0
0,0,0
0,0,0
0,0,0
0,0,0
0,0,0
0,0,0
0,0,0
0,0,0
0,0,0
0,0,0
0,0,0
0,0,0
0,0,0
0,0,0
0,0,0
0,0,0
0,0,0
0,0,0
0,0,0
0,0,0
0,0,0
0,0,0
0,0,0
0,0,0
0,0,0
0,0,0
0,0,0
0,0,0
0,0,0
0,0,0
0,0,0
0,0,0
0,0,0
0,0,0
0,0,0
0,0,0
0,0,0
0,0,0
0,0,0
0,0,0
0,0,0
0,0,0
0,0,0
0,0,0
0,0,0
0,0,0
0,0,0
0,0,0
0,0,0
0,0,0
0,0,0
0,0,0
0,0,0
0,0,0
0,0,0
0,0,0
0,0,0
0,0,0
0,0,0
0,0,0
0,0,0
0,0,0
0,0,0
0,0,0
0,0,0
0,0,0
0,0,0
0,0,0
0,0,0
0,0,0
0,0,0
0,0,0
0,0,0
0,0,0
0,0,0
0,0,0
0,0,0
0,0,0
0,0,0
0,0,0
0,0,0
0,0,0
0,0,0
0,0,0
0,0,0
0,0,0
0,0,0
0,0,0
0,0,0
0,0,0
0,0,0
0,0,0
0,0,0
0,0,0
0,0,0
0,0,0
0,0,0
0,0,0
0,0,0
0,0,0
0,0,0
0,0,0
0,0,0
0,0,0
0,0,0
0,0,0
0,0,0
0,0,0
0,0,0
0,0,0
0,0,0
0,0,0
0,0,0
0,0,0
0,0,0
0,0,0
0,0,0
0,0,0
0,0,0
0,0,0
0,0,0
0,0,0
0,0,0
0,0,0
0,0,0
0,0,0
0,0,0
0,0,0
0,0,0
0,0,0
0,0,0
0,0,0
0,0,0
0,0,0
0,0,0
0,0,0
0,0,0
0,0,0
0,0,0
0,0,0
0,0,0
0,0,0
0,0,0
0,0,0
0,0,0
0,0,0
0,0,0
0,0,0
0,0,0
0,0,0
0,0,0
0,0,0
0,0,0
0,0,0
0,0,0
0,0,0
0,0,0
0,0,0
0,0,0
0,0,0
0,0,0
0,0,0
0,0,0
0,0,0
0,0,0
0,0,0
0,0,0
0,0,0
0,0,0
0,0,0
0,0,0
0,0,0
0,0,0
0,0,0
0,0,0
0,0,0
0,0,0
0,0,0
0,0,0
0,0,0
0,0,0
0,0,0
0,0,0
0,0,0
0,0,0
0,0,0
0,0,0
0,0,0
0,0,0
0,0,0
0,0,0
0,0,0
0,0,0
0,0,0
0,0,0
0,0,0
0,0,0
0,0,0
0,0,0
0,0,0
0,0,0
0,0,0
0,0,0
0,0,0
0,0,0
0,0,0
0,0,0
0,0,0
0,0,0
0,0,0
0,0,0
0,0,0
0,0,0
0,0,0
0,0,0
0,0,0
0,0,0
0,0,0
0,0,0
0,0,0
0,0,0
0,0,0
0,0,0
0,0,0
0,0,0
0,0,0
0,0,0
0,0,0
0,0,0
0,0,0
0,0,0
0,0,0
0,0,0
0,0,0
0,0,0
0,0,0
0,0,0
0,0,0
0,0,0
0,0,0
0,0,0
0,0,0
0,0,0
0,0,0
0,0,0
0,0,0
0,0,0
0,0,0
0,0,0
0,0,0
0,0,0
0,0,0
0,0,0
0,0,0
0,0,0
0,0,0
0,0,0
0,0,0
0,0,0
0,0,0
0,0,0
0,0,0
0,0,0
0,0,0
0,0,0
0,0,0
0,0,0
0,0,0
0,0,0
0,0,0
0,0,0
0,0,0
0,0,0
0,0,0
0,0,0
0,0,0
0,0,0
0,0,0
0,0,0
0,0,0
0,0,0
0,0,0
0,0,0
0,0,0
0,0,0
0,0,0
0,0,0
0,0,0
0,0,0
0,0,0
0,0,0
0,0,0
0,0,0
0,0,0
0,0,0
0,0,0
0,0,0
0,0,0
0,0,0
0,0,0
0,0,0
0,0,0
0,0,0
0,0,0
0,0,0
0,0,0
0,0,0
0,0,0
0,0,0
0,0,0
0,0,0
0,0,0
0,0,0
0,0,0
0,0,0
0,0,0
0,0,0
0,0,0
0,0,0
0,0,0
0,0,0
0,0,0
0,0,0
0,0,0
0,0,0
0,0,0
0,0,0
0,0,0
0,0,0
0,0,0
0,0,0
0,0,0
0,0,0
0,0,0
0,0,0
0,0,0
0,0,0
0,0,0
0,0,0
0,0,0
0,0,0
0,0,0
0,0,0
0,0,0
0,0,0
0,0,0
0,0,0
0,0,0
0,0,0
0,0,0
0,0,0
0,0,0
0,0,0
0,0,0
0,0,0
0,0,0
0,0,0
0,0,0
0,0,0
0,0,0
0,0,0
0,0,0
0,0,0
0,0,0
0,0,0
0,0,0
0,0,0
0,0,0
0,0,0
0,0,0
0,0,0
0,0,0
0,0,0
0,0,0
0,0,0
0,0,0
0,0,0
0,0,0
0,0,0
0,0,0
0,0,0
0,0,0
0,0,0
0,0,0
0,0,0
0,0,0
0,0,0
0,0,0
0,0,0
0,0,0
0,0,0
0,0,0
0,0,0
0,0,0
0,0,0
0,0,0
0,0,0
0,0,0
0,0,0
0,0,0
0,0,0
0,0,0
0,0,0
0,0,0
0,0,0
0,0,0
0,0,0
0,0,0
0,0,0
0,0,0
0,0,0
0,0,0
0,0,0
0,0,0
0,0,0
0,0,0
0,0,0
0,0,0
0,0,0
0,0,0
0,0,0
0,0,0
0,0,0
0,0,0
0,0,0
0,0,0
0,0,0
0,0,0
0,0,0
0,0,0
0,0,0
0,0,0
0,0,0
0,0,0
0,0,0
0,0,0
0,0,0
0,0,0
0,0,0
0,0,0
0,0,0
0,0,0
0,0,0
0,0,0
0,0,0
0,0,0
0,0,0
0,0,0
0,0,0
0,0,0
0,0,0
0,0,0
0,0,0
0,0,0
0,0,0
0,0,0
0,0,0
0,0,0
0,0,0
0,0,0
0,0,0
0,0,0
0,0,0
0,0,0
0,0,0
0,0,0
0,0,0
0,0,0
0,0,0
0,0,0
0,0,0
0,0,0
0,0,0
0,0,0
0,0,0
0,0,0
0,0,0
0,0,0
0,0,0
0,0,0
0,0,0
0,0,0
0,0,0
0,0,0
0,0,0
0,0,0
0,0,0
0,0,0
0,0,0
0,0,0
0,0,0
0,0,0
0,0,0
0,0,0
0,0,0
0,0,0
0,0,0
0,0,0
0,0,0
0,0,0
0,0,0
0,0,0
0,0,0
0,0,0
0,0,0
0,0,0
0,0,0
0,0,0
0,0,0
0,0,0
0,0,0
0,0,0
0,0,0
0,0,0
0,0,0
0,0,0
0,0,0
0,0,0
0,0,0
0,0,0
0,0,0
0,0,0
0,0,0
0,0,0
0,0,0
0,0,0
0,0,0
0,0,0
0,0,0
0,0,0
0,0,0
0,0,0
0,0,0
0,0,0
0,0,0
0,0,0
0,0,0
0,0,0
0,0,0
0,0,0
0,0,0
0,0,0
0,0,0
0,0,0
0,0,0
0,0,0
0,0,0
0,0,0
0,0,0
0,0,0
0,0,0
0,0,0
0,0,0
0,0,0
0,0,0
0,0,0
0,0,0
0,0,0
0,0,0
0,0,0
0,0,0
0,0,0
0,0,0
0,0,0
0,0,0
0,0,0
0,0,0
0,0,0
0,0,0
0,0,0
0,0,0
0,0,0
0,0,0
0,0,0
0,0,0
0,0,0
0,0,0
0,0,0
0,0,0
0,0,0
0,0,0
0,0,0
0,0,0
0,0,0
0,0,0
0,0,0
0,0,0
0,0,0
0,0,0
0,0,0
0,0,0
0,0,0
0,0,0
0,0,0
0,0,0
0,0,0
0,0,0
0,0,0
0,0,0
0,0,0
0,0,0
0,0,0
0,0,0
0,0,0
0,0,0
0,0,0
0,0,0
0,0,0
0,0,0
0,0,0
0,0,0
0,0,0
0,0,0
0,0,0
0,0,0
0,0,0
0,0,0
0,0,0
0,0,0
0,0,0
0,0,0
0,0,0
0,0,0
0,0,0
0,0,0
0,0,0
0,0,0
0,0,0
0,0,0
0,0,0
0,0,0
0,0,0
0,0,0
0,0,0
0,0,0
0,0,0
0,0,0
0,0,0
0,0,0
0,0,0
0,0,0
0,0,0
0,0,0
0,0,0
0,0,0
0,0,0
0,0,0
0,0,0
0,0,0
0,0,0
0,0,0
0,0,0
0,0,0
0,0,0
0,0,0
0,0,0
0,0,0
0,0,0
0,0,0
0,0,0
0,0,0
0,0,0
0,0,0
0,0,0
0,0,0
0,0,0
0,0,0
0,0,0
0,0,0
0,0,0
0,0,0
0,0,0
0,0,0
0,0,0
0,0,0
0,0,0
0,0,0
0,0,0
0,0,0
0,0,0
0,0,0
0,0,0
0,0,0
0,0,0
0,0,0
0,0,0
0,0,0
0,0,0
0,0,0
0,0,0
0,0,0
0,0,0
0,0,0
0,0,0
0,0,0
0,0,0
0,0,0
0,0,0
0,0,0
0,0,0
0,0,0
0,0,0
0,0,0
0,0,0
0,0,0
0,0,0
0,0,0
0,0,0
0,0,0
0,0,0
0,0,0
0,0,0
0,0,0
0,0,0
0,0,0
0,0,0
0,0,0
0,0,0
0,0,0
0,0,0
0,0,0
0,0,0
0,0,0
0,0,0
0,0,0
0,0,0
0,0,0
0,0,0
0,0,0
0,0,0
0,0,0
0,0,0
0,0,0
0,0,0
0,0,0
0,0,0
0,0,0
0,0,0
0,0,0
0,0,0
0,0,0
0,0,0
0,0,0
0,0,0
0,0,0
0,0,0
0,0,0
0,0,0
0,0,0
0,0,0
0,0,0
0,0,0
0,0,0
0,0,0
0,0,0
0,0,0
0,0,0
0,0,0
0,0,0
0,0,0
0,0,0
0,0,0
0,0,0
0,0,0
0,0,0
0,0,0
0,0,0
0,0,0
0,0,0
0,0,0
0,0,0
0,0,0
0,0,0
0,0,0
0,0,0
0,0,0
0,0,0
0,0,0
0,0,0
0,0,0
0,0,0
0,0,0
0,0,0
0,0,0
0,0,0
0,0,0
0,0,0
0,0,0
0,0,0
0,0,0
0,0,0
0,0,0
0,0,0
0,0,0
0,0,0
0,0,0
0,0,0
0,0,0
0,0,0
0,0,0
0,0,0
0,0,0
0,0,0
0,0,0
0,0,0
0,0,0
0,0,0
0,0,0
0,0,0
0,0,0
0,0,0
0,0,0
0,0,0
0,0,0
0,0,0
0,0,0
0,0,0
0,0,0
0,0,0
0,0,0
0,0,0
0,0,0
0,0,0
0,0,0
0,0,0
0,0,0
0,0,0
0,0,0
0,0,0
0,0,0
0,0,0
0,0,0
0,0,0
0,0,0
0,0,0
0,0,0
0,0,0
0,0,0
0,0,0
0,0,0
0,0,0
0,0,0
0,0,0
0,0,0
0,0,0
0,0,0
0,0,0
0,0,0
0,0,0
0,0,0
0,0,0
0,0,0
0,0,0
0,0,0
0,0,0
0,0,0
0,0,0
0,0,0
0,0,0
0,0,0
0,0,0
0,0,0
0,0,0
0,0,0
0,0,0
0,0,0
0,0,0
0,0,0
0,0,0
0,0,0
0,0,0
0,0,0
0,0,0
0,0,0
0,0,0
0,0,0
0,0,0
0,0,0
0,0,0
0,0,0
0,0,0
0,0,0
0,0,0
0,0,0
0,0,0
0,0,0
0,0,0
0,0,0
0,0,0
0,0,0
0,0,0
0,0,0
0,0,0
0,0,0
0,0,0
0,0,0
0,0,0
0,0,0
0,0,0
0,0,0
0,0,0
0,0,0
0,0,0
0,0,0
0,0,0
0,0,0
0,0,0
0,0,0
0,0,0
0,0,0
0,0,0
0,0,0
0,0,0
0,0,0
0,0,0
0,0,0
0,0,0
0,0,0
0,0,0
0,0,0
0,0,0
0,0,0
0,0,0
0,0,0
0,0,0
0,0,0
0,0,0
0,0,0
0,0,0
0,0,0
0,0,0
0,0,0
0,0,0
0,0,0
0,0,0
0,0,0
0,0,0
0,0,0
0,0,0
0,0,0
0,0,0
0,0,0
0,0,0
0,0,0
0,0,0
0,0,0
0,0,0
0,0,0
0,0,0
0,0,0
0,0,0
0,0,0
0,0,0
0,0,0
0,0,0
0,0,0
0,0,0
0,0,0
0,0,0
0,0,0
0,0,0
0,0,0
0,0,0
0,0,0
0,0,0
0,0,0
0,0,0
0,0,0
0,0,0
0,0,0
0,0,0
0,0,0
0,0,0
0,0,0
0,0,0
0,0,0
0,0,0
0,0,0
0,0,0
0,0,0
0,0,0
0,0,0
0,0,0
0,0,0
0,0,0
0,0,0
0,0,0
0,0,0
0,0,0
0,0,0
0,0,0
0,0,0
0,0,0
0,0,0
0,0,0
0,0,0
0,0,0
0,0,0
0,0,0
0,0,0
0,0,0
0,0,0
0,0,0
0,0,0
0,0,0
0,0,0
0,0,0
0,0,0
0,0,0
0,0,0
0,0,0
0,0,0
0,0,0
0,0,0
0,0,0
0,0,0
0,0,0
0,0,0
0,0,0
0,0,0
0,0,0
0,0,0
0,0,0
0,0,0
0,0,0
0,0,0
0,0,0
0,0,0
0,0,0
0,0,0
0,0,0
0,0,0
0,0,0
0,0,0
0,0,0
0,0,0
0,0,0
0,0,0
0,0,0
0,0,0
0,0,0
0,0,0
0,0,0
0,0,0
0,0,0
0,0,0
0,0,0
0,0,0
0,0,0
0,0,0
0,0,0
0,0,0
0,0,0
0,0,0
0,0,0
0,0,0
0,0,0
0,0,0
0,0,0
0,0,0
0,0,0
0,0,0
0,0,0
0,0,0
0,0,0
0,0,0
0,0,0
0,0,0
0,0,0
0,0,0
0,0,0
0,0,0
0,0,0
0,0,0
0,0,0
0,0,0
0,0,0
0,0,0
0,0,0
0,0,0
0,0,0
0,0,0
0,0,0
0,0,0
0,0,0
0,0,0
0,0,0
0,0,0
0,0,0
0,0,0
0,0,0
0,0,0
0,0,0
0,0,0
0,0,0
0,0,0
0,0,0
0,0,0
0,0,0
0,0,0
0,0,0
0,0,0
0,0,0
0,0,0
0,0,0
0,0,0
0,0,0
0,0,0
0,0,0
0,0,0
0,0,0
0,0,0
0,0,0
0,0,0
0,0,0
0,0,0
0,0,0
0,0,0
0,0,0
0,0,0
0,0,0
0,0,0
0,0,0
0,0,0
0,0,0
0,0,0
0,0,0
0,0,0
0,0,0
0,0,0
0,0,0
0,0,0
0,0,0
0,0,0
0,0,0
0,0,0
0,0,0
0,0,0
0,0,0
0,0,0
0,0,0
0,0,0
0,0,0
0,0,0
0,0,0
0,0,0
0,0,0
0,0,0
0,0,0
0,0,0
0,0,0
0,0,0
0,0,0
0,0,0
0,0,0
0,0,0
0,0,0
0,0,0
0,0,0
0,0,0
0,0,0
0,0,0
0,0,0
0,0,0
0,0,0
0,0,0
0,0,0
0,0,0
0,0,0
0,0,0
0,0,0
0,0,0
0,0,0
0,0,0
0,0,0
0,0,0
0,0,0
0,0,0
0,0,0
0,0,0
0,0,0
0,0,0
0,0,0
0,0,0
0,0,0
0,0,0
0,0,0
0,0,0
0,0,0
0,0,0
0,0,0
0,0,0
0,0,0
0,0,0
0,0,0
0,0,0
0,0,0
0,0,0
0,0,0
0,0,0
0,0,0
0,0,0
0,0,0
0,0,0
0,0,0
0,0,0
0,0,0
0,0,0
0,0,0
0,0,0
0,0,0
0,0,0
0,0,0
0,0,0
0,0,0
0,0,0
0,0,0
0,0,0
0,0,0
0,0,0
0,0,0
0,0,0
0,0,0
0,0,0
0,0,0
0,0,0
0,0,0
0,0,0
0,0,0
0,0,0
0,0,0
0,0,0
0,0,0
0,0,0
0,0,0
0,0,0
0,0,0
0,0,0
0,0,0
0,0,0
0,0,0
0,0,0
0,0,0
0,0,0
0,0,0
0,0,0
0,0,0
0,0,0
0,0,0
0,0,0
0,0,0
0,0,0
0,0,0
0,0,0
0,0,0
0,0,0
0,0,0
0,0,0
0,0,0
0,0,0
0,0,0
0,0,0
0,0,0
0,0,0
0,0,0
0,0,0
0,0,0
0,0,0
0,0,0
0,0,0
0,0,0
0,0,0
0,0,0
0,0,0
0,0,0
0,0,0
0,0,0
0,0,0
0,0,0
0,0,0
0,0,0
0,0,0
0,0,0
0,0,0
0,0,0
0,0,0
0,0,0
0,0,0
0,0,0
0,0,0
0,0,0
0,0,0
0,0,0
0,0,0
0,0,0
0,0,0
0,0,0
0,0,0
0,0,0
0,0,0
0,0,0
0,0,0
0,0,0
0,0,0
0,0,0
0,0,0
0,0,0
0,0,0
0,0,0
0,0,0
0,0,0
0,0,0
0,0,0
0,0,0
0,0,0
0,0,0
0,0,0
0,0,0
0,0,0
0,0,0
0,0,0
0,0,0
0,0,0
0,0,0
0,0,0
0,0,0
0,0,0
0,0,0
0,0,0
0,0,0
0,0,0
0,0,0
0,0,0
0,0,0
0,0,0
0,0,0
0,0,0
0,0,0
0,0,0
0,0,0
0,0,0
0,0,0
0,0,0
0,0,0
0,0,0
0,0,0
0,0,0
0,0,0
0,0,0
0,0,0
0,0,0
0,0,0
0,0,0
0,0,0
0,0,0
0,0,0
0,0,0
0,0,0
0,0,0
0,0,0
0,0,0
0,0,0
0,0,0
0,0,0
0,0,0
0,0,0
0,0,0
0,0,0
0,0,0
0,0,0
0,0,0
0,0,0
0,0,0
0,0,0
0,0,0
0,0,0
0,0,0
0,0,0
0,0,0
0,0,0
0,0,0
0,0,0
0,0,0
0,0,0
0,0,0
0,0,0
0,0,0
0,0,0
0,0,0
0,0,0
0,0,0
0,0,0
0,0,0
0,0,0
0,0,0
0,0,0
0,0,0
0,0,0
0,0,0
0,0,0
0,0,0
0,0,0
0,0,0
0,0,0
0,0,0
0,0,0
0,0,0
0,0,0
0,0,0
0,0,0
0,0,0
0,0,0
0,0,0
0,0,0
0,0,0
0,0,0
0,0,0
0,0,0
0,0,0
0,0,0
0,0,0
0,0,0
0,0,0
0,0,0
0,0,0
0,0,0
0,0,0
0,0,0
0,0,0
0,0,0
0,0,0
0,0,0
0,0,0
0,0,0
0,0,0
0,0,0
0,0,0
0,0,0
0,0,0
0,0,0
0,0,0
0,0,0
0,0,0
0,0,0
0,0,0
0,0,0
0,0,0
0,0,0
0,0,0
0,0,0
0,0,0
0,0,0
0,0,0
0,0,0
0,0,0
0,0,0
0,0,0
0,0,0
0,0,0
0,0,0
0,0,0
0,0,0
0,0,0
0,0,0
0,0,0
0,0,0
0,0,0
0,0,0
0,0,0
0,0,0
0,0,0
0,0,0
0,0,0
0,0,0
0,0,0
0,0,0
0,0,0
0,0,0
0,0,0
0,0,0
0,0,0
0,0,0
0,0,0
0,0,0
0,0,0
0,0,0
0,0,0
0,0,0
0,0,0
0,0,0
0,0,0
0,0,0
0,0,0
0,0,0
0,0,0
0,0,0
0,0,0
0,0,0
0,0,0
0,0,0
0,0,0
0,0,0
0,0,0
0,0,0
0,0,0
0,0,0
0,0,0
0,0,0
0,0,0
0,0,0
0,0,0
0,0,0
0,0,0
0,0,0
0,0,0
0,0,0
0,0,0
0,0,0
0,0,0
0,0,0
0,0,0
0,0,0
0,0,0
0,0,0
0,0,0
0,0,0
0,0,0
0,0,0
0,0,0
0,0,0
0,0,0
0,0,0
0,0,0
0,0,0
0,0,0
0,0,0
0,0,0
0,0,0
0,0,0
0,0,0
0,0,0
0,0,0
0,0,0
0,0,0
0,0,0
0,0,0
0,0,0
0,0,0
0,0,0
0,0,0
0,0,0
0,0,0
0,0,0
0,0,0
0,0,0
0,0,0
0,0,0
0,0,0
0,0,0
0,0,0
0,0,0
0,0,0
0,0,0
0,0,0
0,0,0
0,0,0
0,0,0
0,0,0
0,0,0
0,0,0
0,0,0
0,0,0
0,0,0
0,0,0
0,0,0
0,0,0
0,0,0
0,0,0
0,0,0
0,0,0
0,0,0
0,0,0
0,0,0
0,0,0
0,0,0
0,0,0
0,0,0
0,0,0
0,0,0
0,0,0
0,0,0
0,0,0
0,0,0
0,0,0
0,0,0
0,0,0
0,0,0
0,0,0
0,0,0
0,0,0
0,0,0
0,0,0
0,0,0
0,0,0
0,0,0
0,0,0
0,0,0
0,0,0
0,0,0
0,0,0
0,0,0
0,0,0
0,0,0
0,0,0
0,0,0
0,0,0
0,0,0
0,0,0
0,0,0
0,0,0
0,0,0
0,0,0
0,0,0
0,0,0
0,0,0
0,0,0
0,0,0
0,0,0
0,0,0
0,0,0
0,0,0
0,0,0
0,0,0
0,0,0
0,0,0
0,0,0
0,0,0
0,0,0
0,0,0
0,0,0
0,0,0
0,0,0
0,0,0
0,0,0
0,0,0
0,0,0
0,0,0
0,0,0
0,0,0
0,0,0
0,0,0
0,0,0
0,0,0
0,0,0
0,0,0
0,0,0
0,0,0
0,0,0
0,0,0
0,0,0
0,0,0
0,0,0
0,0,0
0,0,0
0,0,0
0,0,0
0,0,0
0,0,0
0,0,0
0,0,0
0,0,0
0,0,0
0,0,0
0,0,0
0,0,0
0,0,0
0,0,0
0,0,0
0,0,0
0,0,0
0,0,0
0,0,0
0,0,0
0,0,0
0,0,0
0,0,0
0,0,0
0,0,0
0,0,0
0,0,0
0,0,0
0,0,0
0,0,0
0,0,0
0,0,0
0,0,0
0,0,0
0,0,0
0,0,0
0,0,0
0,0,0
0,0,0
0,0,0
0,0,0
0,0,0
0,0,0
0,0,0
0,0,0
0,0,0
0,0,0
0,0,0
0,0,0
0,0,0
0,0,0
0,0,0
0,0,0
0,0,0
0,0,0
0,0,0
0,0,0
0,0,0
0,0,0
0,0,0
0,0,0
0,0,0
0,0,0
0,0,0
0,0,0
0,0,0
0,0,0
0,0,0
0,0,0
0,0,0
0,0,0
0,0,0
0,0,0
0,0,0
0,0,0
0,0,0
0,0,0
0,0,0
0,0,0
0,0,0
0,0,0
0,0,0
0,0,0
0,0,0
0,0,0
0,0,0
0,0,0
0,0,0
0,0,0
0,0,0
0,0,0
0,0,0
0,0,0
0,0,0
0,0,0
0,0,0
0,0,0
0,0,0
0,0,0
0,0,0
0,0,0
0,0,0
0,0,0
0,0,0
0,0,0
0,0,0
0,0,0
0,0,0
0,0,0
0,0,0
0,0,0
0,0,0
0,0,0
0,0,0
0,0,0
0,0,0
0,0,0
0,0,0
0,0,0
0,0,0
0,0,0
0,0,0
0,0,0
0,0,0
0,0,0
0,0,0
0,0,0
0,0,0
0,0,0
0,0,0
0,0,0
0,0,0
0,0,0
0,0,0
0,0,0
0,0,0
0,0,0
0,0,0
0,0,0
0,0,0
0,0,0
0,0,0
0,0,0
0,0,0
0,0,0
0,0,0
0,0,0
0,0,0
0,0,0
0,0,0
0,0,0
0,0,0
0,0,0
0,0,0
0,0,0
0,0,0
0,0,0
0,0,0
0,0,0
0,0,0
0,0,0
0,0,0
0,0,0
0,0,0
0,0,0
0,0,0
0,0,0
0,0,0
0,0,0
0,0,0
0,0,0
0,0,0
0,0,0
0,0,0
0,0,0
0,0,0
0,0,0
0,0,0
0,0,0
0,0,0
0,0,0
0,0,0
0,0,0
0,0,0
0,0,0
0,0,0
0,0,0
0,0,0
0,0,0
0,0,0
0,0,0
0,0,0
0,0,0
0,0,0
0,0,0
0,0,0
0,0,0
0,0,0
0,0,0
0,0,0
0,0,0
0,0,0
0,0,0
0,0,0
0,0,0
0,0,0
0,0,0
0,0,0
0,0,0
0,0,0
0,0,0
0,0,0
0,0,0
0,0,0
0,0,0
0,0,0
0,0,0
0,0,0
0,0,0
0,0,0
0,0,0
0,0,0
0,0,0
0,0,0
0,0,0
0,0,0
0,0,0
0,0,0
0,0,0
0,0,0
0,0,0
0,0,0
0,0,0
0,0,0
0,0,0
0,0,0
0,0,0
0,0,0
0,0,0
0,0,0
0,0,0
0,0,0
0,0,0
0,0,0
0,0,0
0,0,0
0,0,0
0,0,0
0,0,0
0,0,0
0,0,0
0,0,0
0,0,0
0,0,0
0,0,0
0,0,0
0,0,0
0,0,0
0,0,0
0,0,0
0,0,0
0,0,0
0,0,0
0,0,0
0,0,0
0,0,0
0,0,0
0,0,0
0,0,0
0,0,0
0,0,0
0,0,0
0,0,0
0,0,0
0,0,0
0,0,0
0,0,0
0,0,0
0,0,0
0,0,0
0,0,0
0,0,0
0,0,0
0,0,0
0,0,0
0,0,0
0,0,0
0,0,0
0,0,0
0,0,0
0,0,0
0,0,0
0,0,0
0,0,0
0,0,0
0,0,0
0,0,0
0,0,0
0,0,0
0,0,0
0,0,0
0,0,0
0,0,0
0,0,0
0,0,0
0,0,0
0,0,0
0,0,0
0,0,0
0,0,0
0,0,0
0,0,0
0,0,0
0,0,0
0,0,0
0,0,0
0,0,0
0,0,0
0,0,0
0,0,0
0,0,0
0,0,0
0,0,0
0,0,0
0,0,0
0,0,0
0,0,0
0,0,0
0,0,0
0,0,0
0,0,0
0,0,0
0,0,0
0,0,0
0,0,0
0,0,0
0,0,0
0,0,0
0,0,0
0,0,0
0,0,0
0,0,0
0,0,0
0,0,0
0,0,0
0,0,0
0,0,0
0,0,0
0,0,0
0,0,0
0,0,0
0,0,0
0,0,0
0,0,0
0,0,0
0,0,0
0,0,0
0,0,0
0,0,0
0,0,0
0,0,0
0,0,0
0,0,0
0,0,0
0,0,0
0,0,0
0,0,0
0,0,0
0,0,0
0,0,0
0,0,0
0,0,0
0,0,0
0,0,0
0,0,0
0,0,0
0,0,0
0,0,0
0,0,0
0,0,0
0,0,0
0,0,0
0,0,0
0,0,0
0,0,0
0,0,0
0,0,0
0,0,0
0,0,0
0,0,0
0,0,0
0,0,0
0,0,0
0,0,0
0,0,0
0,0,0
0,0,0
0,0,0
0,0,0
0,0,0
0,0,0
0,0,0
0,0,0
0,0,0
0,0,0
0,0,0
0,0,0
0,0,0
0,0,0
0,0,0
0,0,0
0,0,0
0,0,0
0,0,0
0,0,0
0,0,0
0,0,0
0,0,0
0,0,0
0,0,0
0,0,0
0,0,0
0,0,0
0,0,0
0,0,0
0,0,0
0,0,0
0,0,0
0,0,0
0,0,0
0,0,0
0,0,0
0,0,0
0,0,0
0,0,0
0,0,0
0,0,0
0,0,0
0,0,0
0,0,0
0,0,0
0,0,0
0,0,0
0,0,0
0,0,0
0,0,0
0,0,0
0,0,0
0,0,0
0,0,0
0,0,0
0,0,0
0,0,0
0,0,0
0,0,0
0,0,0
0,0,0
0,0,0
0,0,0
0,0,0
0,0,0
0,0,0
0,0,0
0,0,0
0,0,0
0,0,0
0,0,0
0,0,0
0,0,0
0,0,0
0,0,0
0,0,0
0,0,0
0,0,0
0,0,0
0,0,0
0,0,0
0,0,0
0,0,0
0,0,0
0,0,0
0,0,0
0,0,0
0,0,0
0,0,0
0,0,0
0,0,0
0,0,0
0,0,0
0,0,0
0,0,0
0,0,0
0,0,0
0,0,0
0,0,0
0,0,0
0,0,0
0,0,0
0,0,0
0,0,0
0,0,0
0,0,0
0,0,0
0,0,0
0,0,0
0,0,0
0,0,0
0,0,0
0,0,0
0,0,0
0,0,0
0,0,0
0,0,0
0,0,0
0,0,0
0,0,0
0,0,0
0,0,0
0,0,0
0,0,0
0,0,0
0,0,0
0,0,0
0,0,0
0,0,0
0,0,0
0,0,0
0,0,0
0,0,0
0,0,0
0,0,0
0,0,0
0,0,0
0,0,0
0,0,0
0,0,0
0,0,0
0,0,0
0,0,0
0,0,0
0,0,0
0,0,0
0,0,0
0,0,0
0,0,0
0,0,0
0,0,0
0,0,0
0,0,0
0,0,0
0,0,0
0,0,0
0,0,0
0,0,0
0,0,0
0,0,0
0,0,0
0,0,0
0,0,0
0,0,0
0,0,0
0,0,0
0,0,0
0,0,0
0,0,0
0,0,0
0,0,0
0,0,0
0,0,0
0,0,0
0,0,0
0,0,0
0,0,0
0,0,0
0,0,0
0,0,0
0,0,0
0,0,0
0,0,0
0,0,0
0,0,0
0,0,0
0,0,0
0,0,0
0,0,0
0,0,0
0,0,0
0,0,0
0,0,0
0,0,0
0,0,0
0,0,0
0,0,0
0,0,0
0,0,0
0,0,0
0,0,0
0,0,0
0,0,0
0,0,0
0,0,0
0,0,0
0,0,0
0,0,0
0,0,0
0,0,0
0,0,0
0,0,0
0,0,0
0,0,0
0,0,0
0,0,0
0,0,0
0,0,0
0,0,0
0,0,0
0,0,0
0,0,0
0,0,0
0,0,0
0,0,0
0,0,0
0,0,0
0,0,0
0,0,0
0,0,0
0,0,0
0,0,0
0,0,0
0,0,0
0,0,0
0,0,0
0,0,0
0,0,0
0,0,0
0,0,0
0,0,0
0,0,0
0,0,0
0,0,0
0,0,0
0,0,0
0,0,0
0,0,0
0,0,0
0,0,0
0,0,0
0,0,0
0,0,0
0,0,0
0,0,0
0,0,0
0,0,0
0,0,0
0,0,0
0,0,0
0,0,0
0,0,0
0,0,0
0,0,0
0,0,0
0,0,0
0,0,0
0,0,0
0,0,0
0,0,0
0,0,0
0,0,0
0,0,0
0,0,0
0,0,0
0,0,0
0,0,0
0,0,0
0,0,0
0,0,0
0,0,0
0,0,0
0,0,0
0,0,0
0,0,0
0,0,0
0,0,0
0,0,0
0,0,0
0,0,0
0,0,0
0,0,0
0,0,0
0,0,0
0,0,0
0,0,0
0,0,0
0,0,0
0,0,0
0,0,0
0,0,0
0,0,0
0,0,0
0,0,0
0,0,0
0,0,0
0,0,0
0,0,0
0,0,0
0,0,0
0,0,0
0,0,0
0,0,0
0,0,0
0,0,0
0,0,0
0,0,0
0,0,0
0,0,0
0,0,0
0,0,0
0,0,0
0,0,0
0,0,0
0,0,0
0,0,0
0,0,0
0,0,0
0,0,0
0,0,0
0,0,0
0,0,0
0,0,0
0,0,0
0,0,0
0,0,0
0,0,0
0,0,0
0,0,0
0,0,0
0,0,0
0,0,0
0,0,0
0,0,0
0,0,0
0,0,0
0,0,0
0,0,0
0,0,0
0,0,0
0,0,0
0,0,0
0,0,0
0,0,0
0,0,0
0,0,0
0,0,0
0,0,0
0,0,0
0,0,0
0,0,0
0,0,0
0,0,0
0,0,0
0,0,0
0,0,0
0,0,0
0,0,0
0,0,0
0,0,0
0,0,0
0,0,0
0,0,0
0,0,0
0,0,0
0,0,0
0,0,0
0,0,0
0,0,0
0,0,0
0,0,0
0,0,0
0,0,0
0,0,0
0,0,0
0,0,0
0,0,0
0,0,0
0,0,0
0,0,0
0,0,0
0,0,0
0,0,0
0,0,0
0,0,0
0,0,0
0,0,0
0,0,0
0,0,0
0,0,0
0,0,0
0,0,0
0,0,0
0,0,0
0,0,0
0,0,0
0,0,0
0,0,0
0,0,0
0,0,0
0,0,0
0,0,0
0,0,0
0,0,0
0,0,0
0,0,0
0,0,0
0,0,0
0,0,0
0,0,0
0,0,0
0,0,0
0,0,0
0,0,0
0,0,0
0,0,0
0,0,0
0,0,0
0,0,0
0,0,0
0,0,0
0,0,0
0,0,0
0,0,0
0,0,0
0,0,0
0,0,0
0,0,0
0,0,0
0,0,0
0,0,0
0,0,0
0,0,0
0,0,0
0,0,0
0,0,0
0,0,0
0,0,0
0,0,0
0,0,0
0,0,0
0,0,0
0,0,0
0,0,0
0,0,0
0,0,0
0,0,0
0,0,0
0,0,0
0,0,0
0,0,0
0,0,0
0,0,0
0,0,0
0,0,0
0,0,0
0,0,0
0,0,0
0,0,0
0,0,0
0,0,0
0,0,0
0,0,0
0,0,0
0,0,0
0,0,0
0,0,0
0,0,0
0,0,0
0,0,0
0,0,0
0,0,0
0,0,0
0,0,0
0,0,0
0,0,0
0,0,0
0,0,0
0,0,0
0,0,0
0,0,0
0,0,0
0,0,0
0,0,0
0,0,0
0,0,0
0,0,0
0,0,0
0,0,0
0,0,0
0,0,0
0,0,0
0,0,0
0,0,0
0,0,0
0,0,0
0,0,0
0,0,0
0,0,0
0,0,0
0,0,0
0,0,0
0,0,0
0,0,0
0,0,0
0,0,0
0,0,0
0,0,0
0,0,0
0,0,0
0,0,0
0,0,0
0,0,0
0,0,0
0,0,0
0,0,0
0,0,0
0,0,0
0,0,0
0,0,0
0,0,0
0,0,0
0,0,0
0,0,0
0,0,0
0,0,0
0,0,0
0,0,0
0,0,0
0,0,0
0,0,0
0,0,0
0,0,0
0,0,0
0,0,0
0,0,0
0,0,0
0,0,0
0,0,0
0,0,0
0,0,0
0,0,0
0,0,0
0,0,0
0,0,0
0,0,0
0,0,0
0,0,0
0,0,0
0,0,0
0,0,0
0,0,0
0,0,0
0,0,0
0,0,0
0,0,0
0,0,0
0,0,0
0,0,0
0,0,0
0,0,0
0,0,0
0,0,0
0,0,0
0,0,0
0,0,0
0,0,0
0,0,0
0,0,0
0,0,0
0,0,0
0,0,0
0,0,0
0,0,0
0,0,0
0,0,0
0,0,0
0,0,0
0,0,0
0,0,0
0,0,0
0,0,0
0,0,0
0,0,0
0,0,0
0,0,0
0,0,0
0,0,0
0,0,0
0,0,0
0,0,0
0,0,0
0,0,0
0,0,0
0,0,0
0,0,0
0,0,0
0,0,0
0,0,0
0,0,0
0,0,0
0,0,0
0,0,0
0,0,0
0,0,0
0,0,0
0,0,0
0,0,0
0,0,0
0,0,0
0,0,0
0,0,0
0,0,0
0,0,0
0,0,0
0,0,0
0,0,0
0,0,0
0,0,0
0,0,0
0,0,0
0,0,0
0,0,0
0,0,0
0,0,0
0,0,0
0,0,0
0,0,0
0,0,0
0,0,0
0,0,0
0,0,0
0,0,0
0,0,0
0,0,0
0,0,0
0,0,0
0,0,0
0,0,0
0,0,0
0,0,0
0,0,0
0,0,0
0,0,0
0,0,0
0,0,0
0,0,0
0,0,0
0,0,0
0,0,0
0,0,0
0,0,0
0,0,0
0,0,0
0,0,0
0,0,0
0,0,0
0,0,0
0,0,0
0,0,0
0,0,0
0,0,0
0,0,0
0,0,0
0,0,0
0,0,0
0,0,0
0,0,0
0,0,0
0,0,0
0,0,0
0,0,0
0,0,0
0,0,0
0,0,0
0,0,0
0,0,0
0,0,0
0,0,0
0,0,0
0,0,0
0,0,0
0,0,0
0,0,0
0,0,0
0,0,0
0,0,0
0,0,0
0,0,0
0,0,0
0,0,0
0,0,0
0,0,0
0,0,0
0,0,0
0,0,0
0,0,0
0,0,0
0,0,0
0,0,0
0,0,0
0,0,0
0,0,0
0,0,0
0,0,0
0,0,0
0,0,0
0,0,0
0,0,0
0,0,0
0,0,0
0,0,0
0,0,0
0,0,0
0,0,0
0,0,0
0,0,0
0,0,0
0,0,0
0,0,0
0,0,0
0,0,0
0,0,0
0,0,0
0,0,0
0,0,0
0,0,0
0,0,0
0,0,0
0,0,0
0,0,0
0,0,0
0,0,0
0,0,0
0,0,0
0,0,0
0,0,0
0,0,0
0,0,0
0,0,0
0,0,0
0,0,0
0,0,0
0,0,0
0,0,0
0,0,0
0,0,0
0,0,0
0,0,0
0,0,0
0,0,0
0,0,0
0,0,0
0,0,0
0,0,0
0,0,0
0,0,0
0,0,0
0,0,0
0,0,0
0,0,0
0,0,0
0,0,0
0,0,0
0,0,0
0,0,0
0,0,0
0,0,0
0,0,0
0,0,0
0,0,0
0,0,0
0,0,0
0,0,0
0,0,0
0,0,0
0,0,0
0,0,0
0,0,0
0,0,0
0,0,0
0,0,0
0,0,0
0,0,0
0,0,0
0,0,0
0,0,0
0,0,0
0,0,0
0,0,0
0,0,0
0,0,0
0,0,0
0,0,0
0,0,0
0,0,0
0,0,0
0,0,0
0,0,0
0,0,0
0,0,0
0,0,0
0,0,0
0,0,0
0,0,0
0,0,0
0,0,0
0,0,0
0,0,0
0,0,0
0,0,0
0,0,0
0,0,0
0,0,0
0,0,0
0,0,0
0,0,0
0,0,0
0,0,0
0,0,0
0,0,0
0,0,0
0,0,0
0,0,0
0,0,0
0,0,0
0,0,0
0,0,0
0,0,0
0,0,0
0,0,0
0,0,0
0,0,0
0,0,0
0,0,0
0,0,0
0,0,0
0,0,0
0,0,0
0,0,0
0,0,0
0,0,0
0,0,0
0,0,0
0,0,0
0,0,0
0,0,0
0,0,0
0,0,0
0,0,0
0,0,0
0,0,0
0,0,0
0,0,0
0,0,0
0,0,0
0,0,0
0,0,0
0,0,0
0,0,0
0,0,0
0,0,0
0,0,0
0,0,0
0,0,0
0,0,0
0,0,0
0,0,0
0,0,0
0,0,0
0,0,0
0,0,0
0,0,0
0,0,0
0,0,0
0,0,0
0,0,0
0,0,0
0,0,0
0,0,0
0,0,0
0,0,0
0,0,0
0,0,0
0,0,0
0,0,0
0,0,0
0,0,0
0,0,0
0,0,0
0,0,0
0,0,0
0,0,0
0,0,0
0,0,0
0,0,0
0,0,0
0,0,0
0,0,0
0,0,0
0,0,0
0,0,0
0,0,0
0,0,0
0,0,0
0,0,0
0,0,0
0,0,0
0,0,0
0,0,0
0,0,0
0,0,0
0,0,0
0,0,0
0,0,0
0,0,0
0,0,0
0,0,0
0,0,0
0,0,0
0,0,0
0,0,0
0,0,0
0,0,0
0,0,0
0,0,0
0,0,0
0,0,0
0,0,0
0,0,0
0,0,0
0,0,0
0,0,0
0,0,0
0,0,0
0,0,0
0,0,0
0,0,0
0,0,0
0,0,0
0,0,0
0,0,0
0,0,0
0,0,0
0,0,0
0,0,0
0,0,0
0,0,0
0,0,0
0,0,0
0,0,0
0,0,0
0,0,0
0,0,0
0,0,0
0,0,0
0,0,0
0,0,0
0,0,0
0,0,0
0,0,0
0,0,0
0,0,0
0,0,0
0,0,0
0,0,0
0,0,0
0,0,0
0,0,0
0,0,0
0,0,0
0,0,0
0,0,0
0,0,0
0,0,0
0,0,0
0,0,0
0,0,0
0,0,0
0,0,0
0,0,0
0,0,0
0,0,0
0,0,0
0,0,0
0,0,0
0,0,0
0,0,0
0,0,0
0,0,0
0,0,0
0,0,0
0,0,0
0,0,0
0,0,0
0,0,0
0,0,0
0,0,0
0,0,0
0,0,0
0,0,0
0,0,0
0,0,0
0,0,0
0,0,0
0,0,0
0,0,0
0,0,0
0,0,0
0,0,0
0,0,0
0,0,0
0,0,0
0,0,0
0,0,0
0,0,0
0,0,0
0,0,0
0,0,0
0,0,0
0,0,0
0,0,0
0,0,0
0,0,0
0,0,0
0,0,0
0,0,0
0,0,0
0,0,0
0,0,0
0,0,0
0,0,0
0,0,0
0,0,0
0,0,0
0,0,0
0,0,0
0,0,0
0,0,0
0,0,0
0,0,0
0,0,0
0,0,0
0,0,0
0,0,0
0,0,0
0,0,0
0,0,0
0,0,0
0,0,0
0,0,0
0,0,0
0,0,0
0,0,0
0,0,0
0,0,0
0,0,0
0,0,0
0,0,0
0,0,0
0,0,0
0,0,0
0,0,0
0,0,0
0,0,0
0,0,0
0,0,0
0,0,0
0,0,0
0,0,0
0,0,0
0,0,0
0,0,0
0,0,0
0,0,0
0,0,0
0,0,0
0,0,0
0,0,0
0,0,0
0,0,0
0,0,0
0,0,0
0,0,0
0,0,0
0,0,0
0,0,0
0,0,0
0,0,0
0,0,0
0,0,0
0,0,0
0,0,0
0,0,0
0,0,0
0,0,0
0,0,0
0,0,0
0,0,0
0,0,0
0,0,0
0,0,0
0,0,0
0,0,0
0,0,0
0,0,0
0,0,0
0,0,0
0,0,0
0,0,0
0,0,0
0,0,0
0,0,0
0,0,0
0,0,0
0,0,0
0,0,0
0,0,0
0,0,0
0,0,0
0,0,0
0,0,0
0,0,0
0,0,0
0,0,0
0,0,0
0,0,0
0,0,0
0,0,0
0,0,0
0,0,0
0,0,0
0,0,0
0,0,0
0,0,0
0,0,0
0,0,0
0,0,0
0,0,0
0,0,0
0,0,0
0,0,0
0,0,0
0,0,0
0,0,0
0,0,0
0,0,0
0,0,0
0,0,0
0,0,0
0,0,0
0,0,0
0,0,0
0,0,0
0,0,0
0,0,0
0,0,0
0,0,0
0,0,0
0,0,0
0,0,0
0,0,0
0,0,0
0,0,0
0,0,0
0,0,0
0,0,0
0,0,0
0,0,0
0,0,0
0,0,0
0,0,0
0,0,0
0,0,0
0,0,0
0,0,0
0,0,0
0,0,0
0,0,0
0,0,0
0,0,0
0,0,0
0,0,0
0,0,0
0,0,0
0,0,0
0,0,0
0,0,0
0,0,0
0,0,0
0,0,0
0,0,0
0,0,0
0,0,0
0,0,0
0,0,0
0,0,0
0,0,0
0,0,0
0,0,0
0,0,0
0,0,0
0,0,0
0,0,0
0,0,0
0,0,0
0,0,0
0,0,0
0,0,0
0,0,0
0,0,0
0,0,0
0,0,0
0,0,0
0,0,0
0,0,0
0,0,0
0,0,0
0,0,0
0,0,0
0,0,0
0,0,0
0,0,0
0,0,0
0,0,0
0,0,0
0,0,0
0,0,0
0,0,0
0,0,0
0,0,0
0,0,0
0,0,0
0,0,0
0,0,0
0,0,0
0,0,0
0,0,0
0,0,0
0,0,0
0,0,0
0,0,0
0,0,0
0,0,0
0,0,0
0,0,0
0,0,0
0,0,0
0,0,0
0,0,0
0,0,0
0,0,0
0,0,0
0,0,0
0,0,0
0,0,0
0,0,0
0,0,0
0,0,0
0,0,0
0,0,0
0,0,0
0,0,0
0,0,0
0,0,0
0,0,0
0,0,0
0,0,0
0,0,0
0,0,0
0,0,0
0,0,0
0,0,0
0,0,0
0,0,0
0,0,0
0,0,0
0,0,0
0,0,0
0,0,0
0,0,0
0,0,0
0,0,0
0,0,0
0,0,0
0,0,0
0,0,0
0,0,0
0,0,0
0,0,0
0,0,0
0,0,0
0,0,0
0,0,0
0,0,0
0,0,0
0,0,0
0,0,0
0,0,0
0,0,0
0,0,0
0,0,0
0,0,0
0,0,0
0,0,0
0,0,0
0,0,0
0,0,0
0,0,0
0,0,0
0,0,0
0,0,0
0,0,0
0,0,0
0,0,0
0,0,0
0,0,0
0,0,0
0,0,0
0,0,0
0,0,0
0,0,0
0,0,0
0,0,0
0,0,0
0,0,0
0,0,0
0,0,0
0,0,0
0,0,0
0,0,0
0,0,0
0,0,0
0,0,0
0,0,0
0,0,0
0,0,0
0,0,0
0,0,0
0,0,0
0,0,0
0,0,0
0,0,0
0,0,0
0,0,0
0,0,0
0,0,0
0,0,0
0,0,0
0,0,0
0,0,0
0,0,0
0,0,0
0,0,0
0,0,0
0,0,0
0,0,0
0,0,0
0,0,0
0,0,0
0,0,0
0,0,0
0,0,0
0,0,0
0,0,0
0,0,0
0,0,0
0,0,0
0,0,0
0,0,0
0,0,0
0,0,0
0,0,0
0,0,0
0,0,0
0,0,0
0,0,0
0,0,0
0,0,0
0,0,0
0,0,0
0,0,0
0,0,0
0,0,0
0,0,0
0,0,0
0,0,0
0,0,0
0,0,0
0,0,0
0,0,0
0,0,0
0,0,0
0,0,0
0,0,0
0,0,0
0,0,0
0,0,0
0,0,0
0,0,0
0,0,0
0,0,0
0,0,0
0,0,0
0,0,0
0,0,0
0,0,0
0,0,0
0,0,0
0,0,0
0,0,0
0,0,0
0,0,0
0,0,0
0,0,0
0,0,0
0,0,0
0,0,0
0,0,0
0,0,0
0,0,0
0,0,0
0,0,0
0,0,0
0,0,0
0,0,0
0,0,0
0,0,0
0,0,0
0,0,0
0,0,0
0,0,0
0,0,0
0,0,0
0,0,0
0,0,0
0,0,0
0,0,0
0,0,0
0,0,0
0,0,0
0,0,0
0,0,0
0,0,0
0,0,0
0,0,0
0,0,0
0,0,0
0,0,0
0,0,0
0,0,0
0,0,0
0,0,0
0,0,0
0,0,0
0,0,0
0,0,0
0,0,0
0,0,0
0,0,0
0,0,0
0,0,0
0,0,0
0,0,0
0,0,0
0,0,0
0,0,0
0,0,0
0,0,0
0,0,0
0,0,0
0,0,0
0,0,0
0,0,0
0,0,0
0,0,0
0,0,0
0,0,0
0,0,0
0,0,0
0,0,0
0,0,0
0,0,0
0,0,0
0,0,0
0,0,0
0,0,0
0,0,0
0,0,0
0,0,0
0,0,0
0,0,0
0,0,0
0,0,0
0,0,0
0,0,0
0,0,0
0,0,0
0,0,0
0,0,0
0,0,0
0,0,0
0,0,0
0,0,0
0,0,0
0,0,0
0,0,0
0,0,0
0,0,0
0,0,0
0,0,0
0,0,0
0,0,0
0,0,0
0,0,0
0,0,0
0,0,0
0,0,0
0,0,0
0,0,0
0,0,0
0,0,0
0,0,0
0,0,0
0,0,0
0,0,0
0,0,0
0,0,0
0,0,0
0,0,0
0,0,0
0,0,0
0,0,0
0,0,0
0,0,0
0,0,0
0,0,0
0,0,0
0,0,0
0,0,0
0,0,0
0,0,0
0,0,0
0,0,0
0,0,0
0,0,0
0,0,0
0,0,0
0,0,0
0,0,0
0,0,0
0,0,0
0,0,0
0,0,0
0,0,0
0,0,0
0,0,0
0,0,0
0,0,0
0,0,0
0,0,0
0,0,0
0,0,0
0,0,0
0,0,0
0,0,0
0,0,0
0,0,0
0,0,0
0,0,0
0,0,0
0,0,0
0,0,0
0,0,0
0,0,0
0,0,0
0,0,0
0,0,0
0,0,0
0,0,0
0,0,0
0,0,0
0,0,0
0,0,0
0,0,0
0,0,0
0,0,0
0,0,0
0,0,0
0,0,0
0,0,0
0,0,0
0,0,0
0,0,0
0,0,0
0,0,0
0,0,0
0,0,0
0,0,0
0,0,0
0,0,0
0,0,0
0,0,0
0,0,0
0,0,0
0,0,0
0,0,0
0,0,0
0,0,0
96.8355,52.615,29.8711
0,0,0
0,0,0
0,0,0
0,0,0
0,0,0
0,0,0
0,0,0
0,0,0
0,0,0
0,0,0
0,0,0
0,0,0
0,0,0
0,0,0
0,0,0
0,0,0
0,0,0
0,0,0
0,0,0
0,0,0
0,0,0
0,0,0
0,0,0
0,0,0
0,0,0
0,0,0
0,0,0
0,0,0
0,0,0
0,0,0
0,0,0
0,0,0
0,0,0
0,0,0
0,0,0
0,0,0
0,0,0
0,0,0
0,0,0
0,0,0
0,0,0
0,0,0
0,0,0
0,0,0
0,0,0
0,0,0
0,0,0
0,0,0
0,0,0
0,0,0
0,0,0
0,0,0
0,0,0
0,0,0
0,0,0
0,0,0
0,0,0
0,0,0
0,0,0
0,0,0
0,0,0
0,0,0
0,0,0
0,0,0
0,0,0
0,0,0
0,0,0
0,0,0
0,0,0
0,0,0
0,0,0
0,0,0
0,0,0
0,0,0
0,0,0
0,0,0
0,0,0
0,0,0
0,0,0
0,0,0
0,0,0
0,0,0
0,0,0
0,0,0
0,0,0
0,0,0
0,0,0
0,0,0
0,0,0
0,0,0
0,0,0
0,0,0
0,0,0
0,0,0
0,0,0
0,0,0
0,0,0
0,0,0
0,0,0
0,0,0
0,0,0
0,0,0
0,0,0
0,0,0
0,0,0
0,0,0
0,0,0
0,0,0
0,0,0
0,0,0
0,0,0
0,0,0
0,0,0
0,0,0
0,0,0
0,0,0
0,0,0
0,0,0
0,0,0
0,0,0
0,0,0
0,0,0
0,0,0
0,0,0
0,0,0
0,0,0
0,0,0
0,0,0
0,0,0
0,0,0
0,0,0
0,0,0
0,0,0
0,0,0
0,0,0
0,0,0
0,0,0
0,0,0
0,0,0
0,0,0
0,0,0
0,0,0
0,0,0
0,0,0
0,0,0
0,0,0
0,0,0
0,0,0
0,0,0
0,0,0
0,0,0
0,0,0
0,0,0
0,0,0
0,0,0
0,0,0
0,0,0
0,0,0
0,0,0
0,0,0
0,0,0
0,0,0
0,0,0
0,0,0
0,0,0
0,0,0
0,0,0
0,0,0
0,0,0
0,0,0
0,0,0
0,0,0
0,0,0
0,0,0
0,0,0
0,0,0
0,0,0
0,0,0
0,0,0
0,0,0
0,0,0
0,0,0
0,0,0
0,0,0
0,0,0
0,0,0
0,0,0
0,0,0
0,0,0
0,0,0
0,0,0
0,0,0
0,0,0
0,0,0
0,0,0
0,0,0
0,0,0
0,0,0
0,0,0
0,0,0
0,0,0
0,0,0
0,0,0
0,0,0
0,0,0
0,0,0
0,0,0
0,0,0
0,0,0
0,0,0
0,0,0
0,0,0
0,0,0
0,0,0
0,0,0
0,0,0
0,0,0
0,0,0
0,0,0
0,0,0
0,0,0
0,0,0
0,0,0
0,0,0
0,0,0
0,0,0
0,0,0
0,0,0
0,0,0
0,0,0
0,0,0
0,0,0
0,0,0
0,0,0
0,0,0
0,0,0
0,0,0
0,0,0
0,0,0
0,0,0
0,0,0
0,0,0
0,0,0
0,0,0
0,0,0
0,0,0
0,0,0
0,0,0
0,0,0
0,0,0
0,0,0
0,0,0
0,0,0
0,0,0
0,0,0
0,0,0
0,0,0
0,0,0
0,0,0
0,0,0
0,0,0
0,0,0
0,0,0
0,0,0
0,0,0
0,0,0
0,0,0
0,0,0
0,0,0
0,0,0
0,0,0
0,0,0
0,0,0
0,0,0
0,0,0
0,0,0
0,0,0
0,0,0
0,0,0
0,0,0
0,0,0
0,0,0
0,0,0
0,0,0
0,0,0
0,0,0
0,0,0
0,0,0
0,0,0
0,0,0
0,0,0
0,0,0
0,0,0
0,0,0
0,0,0
0,0,0
0,0,0
0,0,0
0,0,0
0,0,0
0,0,0
0,0,0
0,0,0
0,0,0
0,0,0
0,0,0
0,0,0
0,0,0
0,0,0
0,0,0
0,0,0
0,0,0
0,0,0
0,0,0
0,0,0
0,0,0
0,0,0
0,0,0
0,0,0
0,0,0
0,0,0
0,0,0
0,0,0
0,0,0
0,0,0
0,0,0
0,0,0
0,0,0
0,0,0
0,0,0
0,0,0
0,0,0
0,0,0
0,0,0
0,0,0
0,0,0
0,0,0
0,0,0
0,0,0
0,0,0
0,0,0
0,0,0
0,0,0
0,0,0
0,0,0
0,0,0
0,0,0
0,0,0
0,0,0
0,0,0
0,0,0
0,0,0
0,0,0
0,0,0
0,0,0
0,0,0
0,0,0
0,0,0
0,0,0
0,0,0
0,0,0
0,0,0
0,0,0
0,0,0
0,0,0
0,0,0
0,0,0
0,0,0
0,0,0
0,0,0
0,0,0
0,0,0
0,0,0
0,0,0
0,0,0
0,0,0
0,0,0
0,0,0
0,0,0
0,0,0
0,0,0
0,0,0
0,0,0
0,0,0
0,0,0
0,0,0
0,0,0
0,0,0
0,0,0
0,0,0
0,0,0
0,0,0
0,0,0
0,0,0
0,0,0
0,0,0
0,0,0
0,0,0
0,0,0
0,0,0
0,0,0
0,0,0
0,0,0
0,0,0
0,0,0
0,0,0
0,0,0
0,0,0
0,0,0
0,0,0
0,0,0
0,0,0
0,0,0
0,0,0
0,0,0
0,0,0
0,0,0
0,0,0
0,0,0
0,0,0
0,0,0
0,0,0
0,0,0
0,0,0
0,0,0
0,0,0
0,0,0
0,0,0
0,0,0
0,0,0
0,0,0
0,0,0
0,0,0
0,0,0
0,0,0
0,0,0
0,0,0
0,0,0
0,0,0
0,0,0
0,0,0
0,0,0
0,0,0
0,0,0
0,0,0
0,0,0
0,0,0
0,0,0
0,0,0
0,0,0
0,0,0
0,0,0
0,0,0
0,0,0
0,0,0
0,0,0
0,0,0
0,0,0
0,0,0
0,0,0
0,0,0
0,0,0
0,0,0
0,0,0
0,0,0
0,0,0
0,0,0
0,0,0
0,0,0
0,0,0
0,0,0
0,0,0
0,0,0
0,0,0
0,0,0
0,0,0
0,0,0
0,0,0
0,0,0
0,0,0
0,0,0
0,0,0
0,0,0
0,0,0
0,0,0
0,0,0
0,0,0
0,0,0
0,0,0
0,0,0
0,0,0
0,0,0
0,0,0
0,0,0
0,0,0
0,0,0
0,0,0
0,0,0
0,0,0
0,0,0
0,0,0
0,0,0
0,0,0
0,0,0
0,0,0
0,0,0
0,0,0
0,0,0
0,0,0
0,0,0
0,0,0
0,0,0
0,0,0
0,0,0
0,0,0
0,0,0
0,0,0
0,0,0
0,0,0
0,0,0
0,0,0
0,0,0
0,0,0
0,0,0
0,0,0
0,0,0
0,0,0
0,0,0
0,0,0
0,0,0
0,0,0
0,0,0
0,0,0
0,0,0
0,0,0
0,0,0
0,0,0
0,0,0
0,0,0
0,0,0
0,0,0
0,0,0
0,0,0
0,0,0
0,0,0
0,0,0
0,0,0
0,0,0
0,0,0
0,0,0
0,0,0
0,0,0
0,0,0
0,0,0
0,0,0
0,0,0
0,0,0
0,0,0
0,0,0
0,0,0
0,0,0
0,0,0
0,0,0
0,0,0
0,0,0
0,0,0
0,0,0
0,0,0
0,0,0
0,0,0
0,0,0
0,0,0
0,0,0
0,0,0
0,0,0
0,0,0
0,0,0
0,0,0
0,0,0
0,0,0
0,0,0
0,0,0
0,0,0
0,0,0
0,0,0
0,0,0
0,0,0
0,0,0
0,0,0
0,0,0
0,0,0
0,0,0
0,0,0
0,0,0
0,0,0
0,0,0
0,0,0
0,0,0
0,0,0
0,0,0
0,0,0
0,0,0
0,0,0
0,0,0
0,0,0
0,0,0
0,0,0
0,0,0
0,0,0
0,0,0
0,0,0
0,0,0
0,0,0
0,0,0
0,0,0
0,0,0
0,0,0
0,0,0
0,0,0
0,0,0
0,0,0
0,0,0
0,0,0
0,0,0
0,0,0
0,0,0
0,0,0
0,0,0
0,0,0
0,0,0
0,0,0
0,0,0
0,0,0
0,0,0
0,0,0
0,0,0
0,0,0
0,0,0
0,0,0
0,0,0
0,0,0
0,0,0
0,0,0
0,0,0
0,0,0
0,0,0
0,0,0
0,0,0
0,0,0
0,0,0
0,0,0
0,0,0
0,0,0
0,0,0
0,0,0
0,0,0
0,0,0
0,0,0
0,0,0
0,0,0
0,0,0
0,0,0
0,0,0
0,0,0
0,0,0
0,0,0
0,0,0
0,0,0
0,0,0
0,0,0
0,0,0
0,0,0
0,0,0
0,0,0
0,0,0
0,0,0
0,0,0
0,0,0
0,0,0
0,0,0
0,0,0
0,0,0
0,0,0
0,0,0
0,0,0
0,0,0
0,0,0
0,0,0
0,0,0
0,0,0
0,0,0
0,0,0
0,0,0
0,0,0
0,0,0
0,0,0
0,0,0
0,0,0
0,0,0
0,0,0
0,0,0
0,0,0
0,0,0
0,0,0
0,0,0
0,0,0
0,0,0
0,0,0
0,0,0
0,0,0
0,0,0
0,0,0
0,0,0
0,0,0
0,0,0
0,0,0
0,0,0
0,0,0
0,0,0
0,0,0
0,0,0
0,0,0
0,0,0
0,0,0
0,0,0
0,0,0
0,0,0
0,0,0
0,0,0
0,0,0
0,0,0
0,0,0
0,0,0
0,0,0
0,0,0
0,0,0
0,0,0
0,0,0
0,0,0
0,0,0
0,0,0
0,0,0
0,0,0
0,0,0
0,0,0
0,0,0
0,0,0
0,0,0
0,0,0
0,0,0
0,0,0
0,0,0
0,0,0
0,0,0
0,0,0
0,0,0
0,0,0
0,0,0
0,0,0
0,0,0
0,0,0
0,0,0
0,0,0
0,0,0
0,0,0
0,0,0
0,0,0
0,0,0
0,0,0
0,0,0
0,0,0
0,0,0
0,0,0
0,0,0
0,0,0
0,0,0
0,0,0
0,0,0
0,0,0
0,0,0
0,0,0
0,0,0
0,0,0
0,0,0
0,0,0
0,0,0
0,0,0
0,0,0
0,0,0
0,0,0
0,0,0
0,0,0
0,0,0
0,0,0
0,0,0
0,0,0
0,0,0
0,0,0
0,0,0
0,0,0
0,0,0
0,0,0
0,0,0
0,0,0
0,0,0
0,0,0
0,0,0
0,0,0
0,0,0
0,0,0
0,0,0
0,0,0
0,0,0
0,0,0
0,0,0
0,0,0
0,0,0
0,0,0
0,0,0
0,0,0
0,0,0
0,0,0
0,0,0
0,0,0
0,0,0
0,0,0
0,0,0
0,0,0
0,0,0
0,0,0
0,0,0
0,0,0
0,0,0
0,0,0
0,0,0
0,0,0
0,0,0
0,0,0
0,0,0
0,0,0
0,0,0
0,0,0
0,0,0
0,0,0
0,0,0
0,0,0
0,0,0
0,0,0
0,0,0
0,0,0
0,0,0
0,0,0
0,0,0
0,0,0
0,0,0
0,0,0
0,0,0
0,0,0
0,0,0
0,0,0
0,0,0
0,0,0
0,0,0
0,0,0
0,0,0
0,0,0
0,0,0
0,0,0
0,0,0
0,0,0
0,0,0
0,0,0
0,0,0
0,0,0
0,0,0
0,0,0
0,0,0
0,0,0
0,0,0
0,0,0
0,0,0
0,0,0
0,0,0
0,0,0
0,0,0
0,0,0
0,0,0
0,0,0
0,0,0
0,0,0
0,0,0
0,0,0
0,0,0
0,0,0
0,0,0
0,0,0
0,0,0
0,0,0
0,0,0
0,0,0
0,0,0
0,0,0
0,0,0
0,0,0
0,0,0
0,0,0
0,0,0
0,0,0
0,0,0
0,0,0
0,0,0
0,0,0
0,0,0
0,0,0
0,0,0
0,0,0
0,0,0
0,0,0
0,0,0
0,0,0
0,0,0
0,0,0
0,0,0
0,0,0
0,0,0
0,0,0
0,0,0
0,0,0
0,0,0
0,0,0
0,0,0
0,0,0
0,0,0
0,0,0
0,0,0
0,0,0
0,0,0
0,0,0
0,0,0
0,0,0
0,0,0
0,0,0
0,0,0
0,0,0
0,0,0
0,0,0
0,0,0
0,0,0
0,0,0
0,0,0
0,0,0
0,0,0
0,0,0
0,0,0
0,0,0
0,0,0
0,0,0
0,0,0
0,0,0
0,0,0
0,0,0
0,0,0
0,0,0
0,0,0
0,0,0
0,0,0
0,0,0
0,0,0
0,0,0
0,0,0
0,0,0
0,0,0
0,0,0
0,0,0
0,0,0
0,0,0
0,0,0
0,0,0
0,0,0
0,0,0
0,0,0
0,0,0
0,0,0
0,0,0
0,0,0
0,0,0
0,0,0
0,0,0
0,0,0
0,0,0
0,0,0
0,0,0
0,0,0
0,0,0
0,0,0
0,0,0
0,0,0
0,0,0
0,0,0
0,0,0
0,0,0
0,0,0
0,0,0
0,0,0
0,0,0
0,0,0
0,0,0
0,0,0
0,0,0
0,0,0
0,0,0
0,0,0
0,0,0
0,0,0
0,0,0
0,0,0
0,0,0
0,0,0
0,0,0
0,0,0
0,0,0
0,0,0
0,0,0
0,0,0
0,0,0
0,0,0
0,0,0
0,0,0
0,0,0
0,0,0
0,0,0
0,0,0
0,0,0
0,0,0
0,0,0
0,0,0
0,0,0
0,0,0
0,0,0
0,0,0
0,0,0
0,0,0
0,0,0
0,0,0
0,0,0
0,0,0
0,0,0
0,0,0
0,0,0
0,0,0
0,0,0
0,0,0
0,0,0
0,0,0
0,0,0
0,0,0
0,0,0
0,0,0
0,0,0
0,0,0
0,0,0
0,0,0
0,0,0
0,0,0
0,0,0
0,0,0
0,0,0
0,0,0
0,0,0
0,0,0
0,0,0
0,0,0
0,0,0
0,0,0
0,0,0
0,0,0
0,0,0
0,0,0
0,0,0
0,0,0
0,0,0
0,0,0
0,0,0
0,0,0
0,0,0
0,0,0
0,0,0
0,0,0
0,0,0
0,0,0
0,0,0
0,0,0
0,0,0
0,0,0
0,0,0
0,0,0
0,0,0
0,0,0
0,0,0
0,0,0
0,0,0
0,0,0
0,0,0
0,0,0
0,0,0
0,0,0
0,0,0
0,0,0
0,0,0
0,0,0
0,0,0
0,0,0
0,0,0
0,0,0
0,0,0
0,0,0
0,0,0
0,0,0
0,0,0
0,0,0
0,0,0
0,0,0
0,0,0
0,0,0
0,0,0
0,0,0
0,0,0
0,0,0
0,0,0
0,0,0
0,0,0
0,0,0
0,0,0
0,0,0
0,0,0
0,0,0
0,0,0
0,0,0
0,0,0
0,0,0
0,0,0
0,0,0
0,0,0
0,0,0
0,0,0
0,0,0
0,0,0
0,0,0
0,0,0
0,0,0
0,0,0
0,0,0
0,0,0
0,0,0
0,0,0
0,0,0
0,0,0
0,0,0
0,0,0
0,0,0
0,0,0
0,0,0
0,0,0
0,0,0
0,0,0
0,0,0
0,0,0
0,0,0
0,0,0
0,0,0
0,0,0
0,0,0
0,0,0
0,0,0
0,0,0
0,0,0
0,0,0
0,0,0
0,0,0
0,0,0
0,0,0
0,0,0
0,0,0
0,0,0
0,0,0
0,0,0
0,0,0
0,0,0
0,0,0
0,0,0
0,0,0
0,0,0
0,0,0
0,0,0
0,0,0
0,0,0
0,0,0
0,0,0
0,0,0
0,0,0
0,0,0
0,0,0
0,0,0
0,0,0
0,0,0
0,0,0
0,0,0
0,0,0
0,0,0
0,0,0
0,0,0
0,0,0
0,0,0
0,0,0
0,0,0
0,0,0
0,0,0
0,0,0
0,0,0
0,0,0
0,0,0
0,0,0
0,0,0
0,0,0
0,0,0
0,0,0
0,0,0
0,0,0
0,0,0
0,0,0
0,0,0
0,0,0
0,0,0
0,0,0
0,0,0
0,0,0
0,0,0
0,0,0
0,0,0
0,0,0
0,0,0
0,0,0
0,0,0
0,0,0
0,0,0
0,0,0
0,0,0
0,0,0
0,0,0
0,0,0
0,0,0
0,0,0
0,0,0
0,0,0
0,0,0
0,0,0
0,0,0
0,0,0
0,0,0
0,0,0
0,0,0
0,0,0
0,0,0
0,0,0
0,0,0
0,0,0
0,0,0
0,0,0
0,0,0
0,0,0
0,0,0
0,0,0
0,0,0
0,0,0
0,0,0
0,0,0
0,0,0
0,0,0
0,0,0
0,0,0
0,0,0
0,0,0
0,0,0
0,0,0
0,0,0
0,0,0
0,0,0
0,0,0
0,0,0
0,0,0
0,0,0
0,0,0
0,0,0
0,0,0
0,0,0
0,0,0
0,0,0
0,0,0
0,0,0
0,0,0
0,0,0
0,0,0
0,0,0
0,0,0
0,0,0
0,0,0
0,0,0
0,0,0
0,0,0
0,0,0
0,0,0
0,0,0
0,0,0
0,0,0
0,0,0
0,0,0
0,0,0
0,0,0
0,0,0
0,0,0
0,0,0
0,0,0
0,0,0
0,0,0
0,0,0
0,0,0
0,0,0
0,0,0
0,0,0
0,0,0
0,0,0
0,0,0
0,0,0
0,0,0
0,0,0
0,0,0
0,0,0
0,0,0
0,0,0
0,0,0
0,0,0
0,0,0
0,0,0
0,0,0
0,0,0
0,0,0
0,0,0
0,0,0
0,0,0
0,0,0
0,0,0
0,0,0
0,0,0
0,0,0
0,0,0
0,0,0
0,0,0
0,0,0
0,0,0
0,0,0
0,0,0
0,0,0
0,0,0
0,0,0
0,0,0
0,0,0
0,0,0
0,0,0
0,0,0
0,0,0
0,0,0
0,0,0
0,0,0
0,0,0
0,0,0
0,0,0
0,0,0
0,0,0
0,0,0
0,0,0
0,0,0
0,0,0
0,0,0
0,0,0
0,0,0
0,0,0
0,0,0
0,0,0
0,0,0
0,0,0
0,0,0
0,0,0
0,0,0
0,0,0
0,0,0
0,0,0
0,0,0
0,0,0
0,0,0
0,0,0
0,0,0
0,0,0
0,0,0
0,0,0
0,0,0
0,0,0
0,0,0
0,0,0
0,0,0
0,0,0
0,0,0
0,0,0
0,0,0
0,0,0
0,0,0
0,0,0
0,0,0
0,0,0
0,0,0
0,0,0
0,0,0
0,0,0
0,0,0
0,0,0
0,0,0
0,0,0
0,0,0
0,0,0
0,0,0
0,0,0
0,0,0
0,0,0
0,0,0
0,0,0
0,0,0
0,0,0
0,0,0
0,0,0
0,0,0
0,0,0
0,0,0
0,0,0
0,0,0
0,0,0
0,0,0
0,0,0
0,0,0
0,0,0
0,0,0
0,0,0
0,0,0
0,0,0
0,0,0
0,0,0
0,0,0
0,0,0
0,0,0
0,0,0
0,0,0
0,0,0
0,0,0
0,0,0
0,0,0
0,0,0
0,0,0
0,0,0
0,0,0
0,0,0
0,0,0
0,0,0
0,0,0
0,0,0
0,0,0
0,0,0
0,0,0
0,0,0
0,0,0
0,0,0
0,0,0
0,0,0
0,0,0
0,0,0
0,0,0
0,0,0
0,0,0
0,0,0
0,0,0
0,0,0
0,0,0
0,0,0
0,0,0
0,0,0
0,0,0
0,0,0
0,0,0
0,0,0
0,0,0
0,0,0
0,0,0
0,0,0
0,0,0
0,0,0
0,0,0
0,0,0
0,0,0
0,0,0
0,0,0
0,0,0
0,0,0
0,0,0
0,0,0
0,0,0
0,0,0
0,0,0
0,0,0
0,0,0
0,0,0
0,0,0
0,0,0
0,0,0
0,0,0
0,0,0
0,0,0
0,0,0
0,0,0
0,0,0
0,0,0
0,0,0
0,0,0
0,0,0
0,0,0
0,0,0
0,0,0
0,0,0
0,0,0
0,0,0
0,0,0
0,0,0
0,0,0
0,0,0
0,0,0
0,0,0
0,0,0
0,0,0
0,0,0
0,0,0
0,0,0
0,0,0
0,0,0
0,0,0
0,0,0
0,0,0
0,0,0
0,0,0
0,0,0
0,0,0
0,0,0
0,0,0
0,0,0
0,0,0
0,0,0
0,0,0
0,0,0
0,0,0
0,0,0
0,0,0
0,0,0
0,0,0
0,0,0
0,0,0
0,0,0
0,0,0
0,0,0
0,0,0
0,0,0
0,0,0
0,0,0
0,0,0
0,0,0
0,0,0
0,0,0
0,0,0
0,0,0
0,0,0
0,0,0
0,0,0
0,0,0
0,0,0
0,0,0
0,0,0
0,0,0
0,0,0
0,0,0
0,0,0
0,0,0
0,0,0
0,0,0
0,0,0
0,0,0
0,0,0
0,0,0
0,0,0
0,0,0
0,0,0
0,0,0
0,0,0
0,0,0
0,0,0
0,0,0
0,0,0
0,0,0
0,0,0
0,0,0
0,0,0
0,0,0
0,0,0
0,0,0
0,0,0
0,0,0
0,0,0
0,0,0
0,0,0
0,0,0
0,0,0
0,0,0
0,0,0
0,0,0
0,0,0
0,0,0
0,0,0
0,0,0
0,0,0
0,0,0
0,0,0
0,0,0
0,0,0
0,0,0
0,0,0
0,0,0
0,0,0
0,0,0
0,0,0
0,0,0
0,0,0
0,0,0
0,0,0
0,0,0
0,0,0
0,0,0
0,0,0
0,0,0
0,0,0
0,0,0
0,0,0
0,0,0
0,0,0
0,0,0
0,0,0
0,0,0
0,0,0
0,0,0
0,0,0
0,0,0
0,0,0
0,0,0
0,0,0
0,0,0
0,0,0
0,0,0
0,0,0
0,0,0
0,0,0
0,0,0
0,0,0
0,0,0
0,0,0
0,0,0
0,0,0
0,0,0
0,0,0
0,0,0
0,0,0
0,0,0
0,0,0
0,0,0
0,0,0
0,0,0
0,0,0
0,0,0
0,0,0
0,0,0
0,0,0
0,0,0
0,0,0
0,0,0
0,0,0
0,0,0
0,0,0
0,0,0
0,0,0
0,0,0
0,0,0
0,0,0
0,0,0
0,0,0
0,0,0
0,0,0
0,0,0
0,0,0
0,0,0
0,0,0
0,0,0
0,0,0
0,0,0
0,0,0
0,0,0
0,0,0
0,0,0
0,0,0
0,0,0
0,0,0
0,0,0
0,0,0
0,0,0
0,0,0
0,0,0
0,0,0
0,0,0
0,0,0
0,0,0
0,0,0
0,0,0
0,0,0
0,0,0
0,0,0
0,0,0
0,0,0
0,0,0
0,0,0
0,0,0
0,0,0
0,0,0
0,0,0
0,0,0
0,0,0
0,0,0
0,0,0
0,0,0
0,0,0
0,0,0
0,0,0
0,0,0
0,0,0
0,0,0
0,0,0
0,0,0
0,0,0
0,0,0
0,0,0
0,0,0
0,0,0
0,0,0
0,0,0
0,0,0
0,0,0
0,0,0
0,0,0
0,0,0
0,0,0
0,0,0
0,0,0
0,0,0
0,0,0
0,0,0
0,0,0
0,0,0
0,0,0
0,0,0
0,0,0
0,0,0
0,0,0
0,0,0
0,0,0
0,0,0
0,0,0
0,0,0
0,0,0
0,0,0
0,0,0
0,0,0
0,0,0
0,0,0
0,0,0
0,0,0
0,0,0
0,0,0
0,0,0
0,0,0
0,0,0
0,0,0
0,0,0
0,0,0
0,0,0
0,0,0
0,0,0
0,0,0
0,0,0
0,0,0
0,0,0
0,0,0
0,0,0
0,0,0
0,0,0
0,0,0
0,0,0
0,0,0
0,0,0
0,0,0
0,0,0
0,0,0
0,0,0
0,0,0
0,0,0
0,0,0
0,0,0
0,0,0
0,0,0
0,0,0
0,0,0
0,0,0
0,0,0
0,0,0
0,0,0
0,0,0
0,0,0
0,0,0
0,0,0
0,0,0
0,0,0
0,0,0
0,0,0
0,0,0
0,0,0
0,0,0
0,0,0
0,0,0
0,0,0
0,0,0
0,0,0
0,0,0
0,0,0
0,0,0
0,0,0
0,0,0
0,0,0
0,0,0
0,0,0
0,0,0
0,0,0
0,0,0
0,0,0
0,0,0
0,0,0
0,0,0
0,0,0
0,0,0
0,0,0
0,0,0
0,0,0
0,0,0
0,0,0
0,0,0
0,0,0
0,0,0
0,0,0
0,0,0
0,0,0
0,0,0
0,0,0
0,0,0
0,0,0
0,0,0
0,0,0
0,0,0
0,0,0
0,0,0
0,0,0
0,0,0
0,0,0
0,0,0
0,0,0
0,0,0
0,0,0
0,0,0
0,0,0
0,0,0
0,0,0
0,0,0
0,0,0
0,0,0
0,0,0
0,0,0
0,0,0
0,0,0
0,0,0
0,0,0
0,0,0
0,0,0
0,0,0
0,0,0
0,0,0
0,0,0
0,0,0
0,0,0
0,0,0
0,0,0
0,0,0
0,0,0
0,0,0
0,0,0
0,0,0
0,0,0
0,0,0
0,0,0
0,0,0
0,0,0
0,0,0
0,0,0
0,0,0
0,0,0
0,0,0
0,0,0
0,0,0
0,0,0
0,0,0
0,0,0
0,0,0
0,0,0
0,0,0
0,0,0
0,0,0
0,0,0
0,0,0
0,0,0
0,0,0
0,0,0
0,0,0
0,0,0
0,0,0
0,0,0
0,0,0
0,0,0
0,0,0
0,0,0
0,0,0
0,0,0
0,0,0
0,0,0
0,0,0
0,0,0
0,0,0
0,0,0
0,0,0
0,0,0
0,0,0
0,0,0
0,0,0
0,0,0
0,0,0
0,0,0
0,0,0
0,0,0
0,0,0
0,0,0
0,0,0
0,0,0
0,0,0
0,0,0
0,0,0
0,0,0
0,0,0
0,0,0
0,0,0
0,0,0
0,0,0
0,0,0
0,0,0
0,0,0
0,0,0
0,0,0
0,0,0
0,0,0
0,0,0
0,0,0
0,0,0
0,0,0
0,0,0
0,0,0
0,0,0
0,0,0
0,0,0
0,0,0
0,0,0
0,0,0
0,0,0
0,0,0
0,0,0
0,0,0
0,0,0
0,0,0
0,0,0
0,0,0
0,0,0
0,0,0
0,0,0
0,0,0
0,0,0
0,0,0
0,0,0
0,0,0
0,0,0
0,0,0
0,0,0
0,0,0
0,0,0
0,0,0
0,0,0
0,0,0
0,0,0
0,0,0
0,0,0
0,0,0
0,0,0
0,0,0
0,0,0
0,0,0
0,0,0
0,0,0
0,0,0
0,0,0
0,0,0
0,0,0
0,0,0
0,0,0
0,0,0
0,0,0
0,0,0
0,0,0
0,0,0
0,0,0
0,0,0
0,0,0
0,0,0
0,0,0
0,0,0
0,0,0
0,0,0
0,0,0
0,0,0
0,0,0
0,0,0
0,0,0
0,0,0
0,0,0
0,0,0
0,0,0
0,0,0
0,0,0
0,0,0
0,0,0
0,0,0
0,0,0
0,0,0
0,0,0
0,0,0
0,0,0
0,0,0
0,0,0
0,0,0
0,0,0
0,0,0
0,0,0
0,0,0
0,0,0
0,0,0
0,0,0
0,0,0
0,0,0
0,0,0
0,0,0
0,0,0
0,0,0
0,0,0
0,0,0
0,0,0
0,0,0
0,0,0
0,0,0
0,0,0
0,0,0
0,0,0
0,0,0
0,0,0
0,0,0
0,0,0
0,0,0
0,0,0
0,0,0
0,0,0
0,0,0
0,0,0
0,0,0
0,0,0
0,0,0
0,0,0
0,0,0
0,0,0
0,0,0
0,0,0
0,0,0
0,0,0
0,0,0
0,0,0
0,0,0
0,0,0
0,0,0
0,0,0
0,0,0
0,0,0
0,0,0
0,0,0
0,0,0
0,0,0
0,0,0
0,0,0
0,0,0
0,0,0
0,0,0
0,0,0
0,0,0
0,0,0
0,0,0
0,0,0
0,0,0
0,0,0
0,0,0
0,0,0
0,0,0
0,0,0
0,0,0
0,0,0
0,0,0
0,0,0
0,0,0
0,0,0
0,0,0
0,0,0
0,0,0
0,0,0
0,0,0
0,0,0
0,0,0
0,0,0
0,0,0
0,0,0
0,0,0
0,0,0
0,0,0
0,0,0
0,0,0
0,0,0
0,0,0
0,0,0
0,0,0
0,0,0
0,0,0
0,0,0
0,0,0
0,0,0
0,0,0
0,0,0
0,0,0
0,0,0
0,0,0
0,0,0
0,0,0
0,0,0
0,0,0
0,0,0
0,0,0
0,0,0
0,0,0
0,0,0
0,0,0
0,0,0
0,0,0
0,0,0
0,0,0
0,0,0
0,0,0
0,0,0
0,0,0
0,0,0
0,0,0
0,0,0
0,0,0
0,0,0
0,0,0
0,0,0
0,0,0
0,0,0
0,0,0
0,0,0
0,0,0
0,0,0
0,0,0
0,0,0
0,0,0
0,0,0
0,0,0
0,0,0
0,0,0
0,0,0
0,0,0
0,0,0
0,0,0
0,0,0
0,0,0
0,0,0
0,0,0
0,0,0
0,0,0
0,0,0
0,0,0
0,0,0
0,0,0
0,0,0
0,0,0
0,0,0
0,0,0
0,0,0
0,0,0
0,0,0
0,0,0
0,0,0
0,0,0
0,0,0
0,0,0
0,0,0
0,0,0
0,0,0
0,0,0
0,0,0
0,0,0
0,0,0
0,0,0
0,0,0
0,0,0
0,0,0
0,0,0
0,0,0
0,0,0
0,0,0
0,0,0
0,0,0
0,0,0
0,0,0
0,0,0
0,0,0
0,0,0
0,0,0
0,0,0
0,0,0
0,0,0
0,0,0
0,0,0
0,0,0
0,0,0
0,0,0
0,0,0
0,0,0
0,0,0
0,0,0
0,0,0
0,0,0
0,0,0
0,0,0
0,0,0
0,0,0
0,0,0
0,0,0
0,0,0
0,0,0
0,0,0
0,0,0
0,0,0
0,0,0
0,0,0
0,0,0
0,0,0
0,0,0
0,0,0
0,0,0
0,0,0
0,0,0
0,0,0
0,0,0
0,0,0
0,0,0
0,0,0
0,0,0
0,0,0
0,0,0
0,0,0
0,0,0
0,0,0
0,0,0
0,0,0
0,0,0
0,0,0
0,0,0
0,0,0
0,0,0
0,0,0
0,0,0
0,0,0
0,0,0
0,0,0
0,0,0
0,0,0
0,0,0
0,0,0
0,0,0
0,0,0
0,0,0
0,0,0
0,0,0
0,0,0
0,0,0
0,0,0
0,0,0
0,0,0
0,0,0
0,0,0
0,0,0
0,0,0
0,0,0
0,0,0
0,0,0
0,0,0
0,0,0
0,0,0
0,0,0
0,0,0
0,0,0
0,0,0
0,0,0
0,0,0
0,0,0
0,0,0
0,0,0
0,0,0
0,0,0
0,0,0
0,0,0
0,0,0
0,0,0
0,0,0
0,0,0
0,0,0
0,0,0
0,0,0
0,0,0
0,0,0
0,0,0
0,0,0
0,0,0
0,0,0
0,0,0
0,0,0
0,0,0
0,0,0
0,0,0
0,0,0
0,0,0
0,0,0
0,0,0
0,0,0
0,0,0
0,0,0
0,0,0
0,0,0
0,0,0
0,0,0
0,0,0
0,0,0
0,0,0
0,0,0
0,0,0
0,0,0
0,0,0
0,0,0
0,0,0
0,0,0
0,0,0
0,0,0
0,0,0
0,0,0
0,0,0
0,0,0
0,0,0
0,0,0
0,0,0
0,0,0
0,0,0
0,0,0
0,0,0
0,0,0
0,0,0
0,0,0
0,0,0
0,0,0
0,0,0
0,0,0
0,0,0
0,0,0
0,0,0
0,0,0
0,0,0
0,0,0
0,0,0
0,0,0
0,0,0
0,0,0
0,0,0
0,0,0
0,0,0
0,0,0
0,0,0
0,0,0
0,0,0
0,0,0
0,0,0
0,0,0
0,0,0
0,0,0
0,0,0
0,0,0
0,0,0
0,0,0
0,0,0
0,0,0
0,0,0
0,0,0
0,0,0
0,0,0
0,0,0
0,0,0
0,0,0
0,0,0
0,0,0
0,0,0
0,0,0
0,0,0
0,0,0
0,0,0
0,0,0
0,0,0
0,0,0
0,0,0
0,0,0
0,0,0
0,0,0
0,0,0
0,0,0
0,0,0
0,0,0
0,0,0
0,0,0
0,0,0
0,0,0
0,0,0
0,0,0
0,0,0
0,0,0
0,0,0
0,0,0
0,0,0
0,0,0
0,0,0
0,0,0
0,0,0
0,0,0
0,0,0
0,0,0
0,0,0
0,0,0
0,0,0
0,0,0
0,0,0
0,0,0
0,0,0
0,0,0
0,0,0
0,0,0
0,0,0
0,0,0
0,0,0
0,0,0
0,0,0
0,0,0
0,0,0
0,0,0
0,0,0
0,0,0
0,0,0
0,0,0
0,0,0
0,0,0
0,0,0
0,0,0
0,0,0
0,0,0
0,0,0
0,0,0
0,0,0
0,0,0
0,0,0
0,0,0
0,0,0
0,0,0
0,0,0
0,0,0
0,0,0
0,0,0
0,0,0
0,0,0
0,0,0
0,0,0
0,0,0
0,0,0
0,0,0
0,0,0
0,0,0
0,0,0
0,0,0
0,0,0
0,0,0
0,0,0
0,0,0
0,0,0
0,0,0
0,0,0
0,0,0
0,0,0
0,0,0
0,0,0
0,0,0
0,0,0
0,0,0
0,0,0
0,0,0
0,0,0
0,0,0
0,0,0
0,0,0
0,0,0
0,0,0
0,0,0
0,0,0
0,0,0
0,0,0
0,0,0
0,0,0
0,0,0
0,0,0
0,0,0
0,0,0
0,0,0
0,0,0
0,0,0
0,0,0
0,0,0
0,0,0
0,0,0
0,0,0
0,0,0
0,0,0
0,0,0
0,0,0
0,0,0
0,0,0
0,0,0
0,0,0
0,0,0
0,0,0
0,0,0
0,0,0
0,0,0
0,0,0
0,0,0
0,0,0
0,0,0
0,0,0
0,0,0
0,0,0
0,0,0
0,0,0
0,0,0
0,0,0
0,0,0
0,0,0
0,0,0
0,0,0
0,0,0
0,0,0
0,0,0
0,0,0
0,0,0
0,0,0
0,0,0
0,0,0
0,0,0
0,0,0
0,0,0
0,0,0
0,0,0
0,0,0
0,0,0
0,0,0
0,0,0
0,0,0
0,0,0
0,0,0
0,0,0
0,0,0
0,0,0
0,0,0
0,0,0
0,0,0
0,0,0
0,0,0
0,0,0
0,0,0
0,0,0
0,0,0
0,0,0
0,0,0
0,0,0
0,0,0
0,0,0
0,0,0
0,0,0
0,0,0
0,0,0
0,0,0
0,0,0
0,0,0
0,0,0
0,0,0
0,0,0
0,0,0
0,0,0
0,0,0
0,0,0
0,0,0
0,0,0
0,0,0
0,0,0
0,0,0
0,0,0
0,0,0
0,0,0
0,0,0
0,0,0
0,0,0
0,0,0
0,0,0
0,0,0
0,0,0
0,0,0
0,0,0
0,0,0
0,0,0
0,0,0
0,0,0
0,0,0
0,0,0
0,0,0
0,0,0
0,0,0
0,0,0
0,0,0
0,0,0
0,0,0
0,0,0
0,0,0
0,0,0
0,0,0
0,0,0
0,0,0
0,0,0
0,0,0
0,0,0
0,0,0
0,0,0
0,0,0
0,0,0
0,0,0
0,0,0
0,0,0
0,0,0
0,0,0
0,0,0
0,0,0
0,0,0
0,0,0
0,0,0
0,0,0
0,0,0
0,0,0
0,0,0
0,0,0
0,0,0
0,0,0
0,0,0
0,0,0
0,0,0
0,0,0
0,0,0
0,0,0
0,0,0
0,0,0
0,0,0
0,0,0
0,0,0
0,0,0
0,0,0
0,0,0
0,0,0
0,0,0
0,0,0
0,0,0
0,0,0
0,0,0
0,0,0
0,0,0
0,0,0
0,0,0
0,0,0
0,0,0
0,0,0
0,0,0
0,0,0
0,0,0
0,0,0
0,0,0
0,0,0
0,0,0
0,0,0
0,0,0
0,0,0
0,0,0
0,0,0
0,0,0
0,0,0
0,0,0
0,0,0
0,0,0
0,0,0
0,0,0
0,0,0
0,0,0
0,0,0
0,0,0
0,0,0
0,0,0
0,0,0
0,0,0
0,0,0
0,0,0
0,0,0
0,0,0
0,0,0
0,0,0
0,0,0
0,0,0
0,0,0
0,0,0
0,0,0
0,0,0
0,0,0
0,0,0
0,0,0
0,0,0
0,0,0
0,0,0
0,0,0
0,0,0
0,0,0
0,0,0
0,0,0
0,0,0
0,0,0
0,0,0
0,0,0
0,0,0
0,0,0
0,0,0
0,0,0
0,0,0
0,0,0
0,0,0
0,0,0
0,0,0
0,0,0
0,0,0
0,0,0
0,0,0
0,0,0
0,0,0
0,0,0
0,0,0
0,0,0
0,0,0
0,0,0
0,0,0
0,0,0
0,0,0
0,0,0
0,0,0
0,0,0
0,0,0
0,0,0
0,0,0
0,0,0
0,0,0
0,0,0
0,0,0
0,0,0
0,0,0
0,0,0
0,0,0
0,0,0
0,0,0
0,0,0
0,0,0
0,0,0
0,0,0
0,0,0
0,0,0
0,0,0
0,0,0
0,0,0
0,0,0
0,0,0
0,0,0
0,0,0
0,0,0
0,0,0
0,0,0
0,0,0
0,0,0
0,0,0
0,0,0
0,0,0
0,0,0
0,0,0
0,0,0
0,0,0
0,0,0
0,0,0
0,0,0
0,0,0
0,0,0
0,0,0
0,0,0
0,0,0
0,0,0
0,0,0
0,0,0
0,0,0
0,0,0
0,0,0
0,0,0
0,0,0
0,0,0
0,0,0
0,0,0
0,0,0
0,0,0
0,0,0
0,0,0
0,0,0
0,0,0
0,0,0
0,0,0
0,0,0
0,0,0
0,0,0
0,0,0
0,0,0
0,0,0
0,0,0
0,0,0
0,0,0
0,0,0
0,0,0
0,0,0
0,0,0
0,0,0
0,0,0
0,0,0
0,0,0
0,0,0
0,0,0
0,0,0
0,0,0
0,0,0
0,0,0
0,0,0
0,0,0
0,0,0
0,0,0
0,0,0
0,0,0
0,0,0
0,0,0
0,0,0
0,0,0
0,0,0
0,0,0
0,0,0
0,0,0
0,0,0
0,0,0
0,0,0
0,0,0
0,0,0
0,0,0
0,0,0
0,0,0
0,0,0
0,0,0
0,0,0
0,0,0
0,0,0
0,0,0
0,0,0
0,0,0
0,0,0
0,0,0
0,0,0
0,0,0
0,0,0
0,0,0
0,0,0
0,0,0
0,0,0
0,0,0
0,0,0
0,0,0
0,0,0
0,0,0
0,0,0
0,0,0
0,0,0
0,0,0
0,0,0
0,0,0
0,0,0
0,0,0
0,0,0
0,0,0
0,0,0
0,0,0
0,0,0
0,0,0
0,0,0
0,0,0
0,0,0
0,0,0
0,0,0
0,0,0
0,0,0
0,0,0
0,0,0
0,0,0
0,0,0
0,0,0
0,0,0
0,0,0
0,0,0
0,0,0
0,0,0
0,0,0
0,0,0
0,0,0
0,0,0
0,0,0
0,0,0
0,0,0
0,0,0
0,0,0
0,0,0
0,0,0
0,0,0
0,0,0
0,0,0
0,0,0
0,0,0
0,0,0
0,0,0
0,0,0
0,0,0
0,0,0
0,0,0
0,0,0
0,0,0
0,0,0
0,0,0
0,0,0
0,0,0
0,0,0
0,0,0
0,0,0
0,0,0
0,0,0
0,0,0
0,0,0
0,0,0
0,0,0
0,0,0
0,0,0
0,0,0
0,0,0
0,0,0
0,0,0
0,0,0
0,0,0
0,0,0
0,0,0
0,0,0
0,0,0
0,0,0
0,0,0
0,0,0
0,0,0
0,0,0
0,0,0
0,0,0
0,0,0
0,0,0
0,0,0
0,0,0
0,0,0
0,0,0
0,0,0
0,0,0
0,0,0
0,0,0
0,0,0
0,0,0
0,0,0
0,0,0
0,0,0
0,0,0
0,0,0
0,0,0
0,0,0
0,0,0
0,0,0
0,0,0
0,0,0
0,0,0
0,0,0
0,0,0
0,0,0
0,0,0
0,0,0
0,0,0
0,0,0
0,0,0
0,0,0
0,0,0
0,0,0
0,0,0
0,0,0
0,0,0
0,0,0
0,0,0
0,0,0
0,0,0
0,0,0
0,0,0
0,0,0
0,0,0
0,0,0
0,0,0
0,0,0
0,0,0
0,0,0
0,0,0
0,0,0
0,0,0
0,0,0
0,0,0
0,0,0
0,0,0
0,0,0
0,0,0
0,0,0
0,0,0
0,0,0
0,0,0
0,0,0
0,0,0
0,0,0
0,0,0
0,0,0
0,0,0
0,0,0
0,0,0
0,0,0
0,0,0
0,0,0
0,0,0
0,0,0
0,0,0
0,0,0
0,0,0
0,0,0
0,0,0
0,0,0
0,0,0
0,0,0
0,0,0
0,0,0
0,0,0
0,0,0
0,0,0
0,0,0
0,0,0
0,0,0
0,0,0
0,0,0
0,0,0
0,0,0
0,0,0
0,0,0
0,0,0
0,0,0
0,0,0
0,0,0
0,0,0
0,0,0
0,0,0
0,0,0
0,0,0
0,0,0
0,0,0
0,0,0
0,0,0
0,0,0
0,0,0
0,0,0
0,0,0
0,0,0
0,0,0
0,0,0
0,0,0
0,0,0
0,0,0
0,0,0
0,0,0
0,0,0
0,0,0
0,0,0
0,0,0
0,0,0
0,0,0
0,0,0
0,0,0
0,0,0
0,0,0
0,0,0
0,0,0
0,0,0
0,0,0
0,0,0
0,0,0
0,0,0
0,0,0
0,0,0
0,0,0
0,0,0
0,0,0
0,0,0
0,0,0
0,0,0
0,0,0
0,0,0
0,0,0
0,0,0
0,0,0
0,0,0
0,0,0
0,0,0
0,0,0
0,0,0
0,0,0
0,0,0
0,0,0
0,0,0
0,0,0
0,0,0
0,0,0
0,0,0
0,0,0
0,0,0
0,0,0
0,0,0
0,0,0
0,0,0
0,0,0
0,0,0
0,0,0
0,0,0
0,0,0
0,0,0
0,0,0
0,0,0
0,0,0
0,0,0
0,0,0
0,0,0
0,0,0
0,0,0
0,0,0
0,0,0
0,0,0
0,0,0
0,0,0
0,0,0
0,0,0
0,0,0
0,0,0
0,0,0
0,0,0
0,0,0
0,0,0
0,0,0
0,0,0
0,0,0
0,0,0
0,0,0
0,0,0
0,0,0
0,0,0
0,0,0
0,0,0
0,0,0
0,0,0
0,0,0
0,0,0
0,0,0
0,0,0
0,0,0
0,0,0
0,0,0
0,0,0
0,0,0
0,0,0
0,0,0
0,0,0
0,0,0
0,0,0
0,0,0
0,0,0
0,0,0
0,0,0
0,0,0
0,0,0
0,0,0
0,0,0
0,0,0
0,0,0
0,0,0
0,0,0
0,0,0
0,0,0
0,0,0
0,0,0
0,0,0
0,0,0
0,0,0
0,0,0
0,0,0
0,0,0
0,0,0
0,0,0
0,0,0
0,0,0
0,0,0
0,0,0
0,0,0
0,0,0
0,0,0
0,0,0
0,0,0
0,0,0
0,0,0
0,0,0
0,0,0
0,0,0
0,0,0
0,0,0
0,0,0
0,0,0
0,0,0
0,0,0
0,0,0
0,0,0
0,0,0
0,0,0
0,0,0
0,0,0
0,0,0
0,0,0
0,0,0
0,0,0
0,0,0
0,0,0
0,0,0
0,0,0
0,0,0
0,0,0
0,0,0
0,0,0
0,0,0
0,0,0
0,0,0
0,0,0
0,0,0
0,0,0
0,0,0
0,0,0
0,0,0
0,0,0
0,0,0
0,0,0
0,0,0
0,0,0
0,0,0
0,0,0
0,0,0
0,0,0
0,0,0
0,0,0
0,0,0
0,0,0
0,0,0
0,0,0
0,0,0
0,0,0
0,0,0
0,0,0
0,0,0
0,0,0
0,0,0
0,0,0
0,0,0
0,0,0
0,0,0
0,0,0
0,0,0
0,0,0
0,0,0
0,0,0
0,0,0
0,0,0
0,0,0
0,0,0
0,0,0
0,0,0
0,0,0
0,0,0
0,0,0
0,0,0
0,0,0
0,0,0
0,0,0
0,0,0
0,0,0
0,0,0
0,0,0
0,0,0
0,0,0
0,0,0
0,0,0
0,0,0
0,0,0
0,0,0
0,0,0
0,0,0
0,0,0
0,0,0
0,0,0
0,0,0
0,0,0
0,0,0
0,0,0
0,0,0
0,0,0
0,0,0
0,0,0
0,0,0
0,0,0
0,0,0
0,0,0
0,0,0
0,0,0
0,0,0
0,0,0
0,0,0
0,0,0
0,0,0
0,0,0
0,0,0
0,0,0
0,0,0
0,0,0
0,0,0
0,0,0
0,0,0
0,0,0
0,0,0
0,0,0
0,0,0
0,0,0
0,0,0
0,0,0
0,0,0
0,0,0
0,0,0
0,0,0
0,0,0
0,0,0
0,0,0
0,0,0
0,0,0
0,0,0
0,0,0
0,0,0
0,0,0
0,0,0
0,0,0
0,0,0
0,0,0
0,0,0
0,0,0
0,0,0
0,0,0
0,0,0
0,0,0
0,0,0
0,0,0
0,0,0
0,0,0
0,0,0
0,0,0
0,0,0
0,0,0
0,0,0
0,0,0
0,0,0
0,0,0
0,0,0
0,0,0
0,0,0
0,0,0
0,0,0
0,0,0
0,0,0
0,0,0
0,0,0
0,0,0
0,0,0
0,0,0
0,0,0
0,0,0
0,0,0
0,0,0
0,0,0
0,0,0
0,0,0
0,0,0
0,0,0
0,0,0
0,0,0
0,0,0
0,0,0
0,0,0
0,0,0
0,0,0
0,0,0
0,0,0
0,0,0
0,0,0
0,0,0
0,0,0
0,0,0
0,0,0
0,0,0
0,0,0
0,0,0
0,0,0
0,0,0
0,0,0
0,0,0
0,0,0
0,0,0
0,0,0
0,0,0
0,0,0
0,0,0
0,0,0
0,0,0
0,0,0
0,0,0
0,0,0
0,0,0
0,0,0
0,0,0
0,0,0
0,0,0
0,0,0
0,0,0
0,0,0
0,0,0
0,0,0
0,0,0
0,0,0
0,0,0
0,0,0
0,0,0
0,0,0
0,0,0
0,0,0
0,0,0
0,0,0
0,0,0
0,0,0
0,0,0
0,0,0
0,0,0
0,0,0
0,0,0
0,0,0
0,0,0
0,0,0
0,0,0
0,0,0
0,0,0
0,0,0
0,0,0
0,0,0
0,0,0
0,0,0
0,0,0
0,0,0
0,0,0
0,0,0
0,0,0
0,0,0
0,0,0
0,0,0
0,0,0
0,0,0
0,0,0
0,0,0
0,0,0
0,0,0
0,0,0
0,0,0
0,0,0
0,0,0
0,0,0
0,0,0
0,0,0
0,0,0
0,0,0
0,0,0
0,0,0
0,0,0
0,0,0
0,0,0
0,0,0
0,0,0
0,0,0
0,0,0
0,0,0
0,0,0
0,0,0
0,0,0
0,0,0
0,0,0
0,0,0
0,0,0
0,0,0
0,0,0
0,0,0
0,0,0
0,0,0
0,0,0
0,0,0
0,0,0
0,0,0
0,0,0
0,0,0
0,0,0
0,0,0
0,0,0
0,0,0
0,0,0
0,0,0
0,0,0
0,0,0
0,0,0
0,0,0
0,0,0
0,0,0
0,0,0
0,0,0
0,0,0
0,0,0
0,0,0
0,0,0
0,0,0
0,0,0
0,0,0
0,0,0
0,0,0
0,0,0
0,0,0
0,0,0
0,0,0
0,0,0
0,0,0
0,0,0
0,0,0
0,0,0
0,0,0
0,0,0
0,0,0
0,0,0
0,0,0
0,0,0
0,0,0
0,0,0
0,0,0
0,0,0
0,0,0
0,0,0
0,0,0
0,0,0
0,0,0
0,0,0
0,0,0
0,0,0
0,0,0
0,0,0
0,0,0
0,0,0
0,0,0
0,0,0
0,0,0
0,0,0
0,0,0
0,0,0
0,0,0
0,0,0
0,0,0
0,0,0
0,0,0
0,0,0
0,0,0
0,0,0
0,0,0
0,0,0
0,0,0
0,0,0
0,0,0
0,0,0
0,0,0
0,0,0
0,0,0
0,0,0
0,0,0
0,0,0
0,0,0
0,0,0
0,0,0
0,0,0
0,0,0
0,0,0
0,0,0
0,0,0
0,0,0
0,0,0
0,0,0
0,0,0
0,0,0
0,0,0
0,0,0
0,0,0
0,0,0
0,0,0
0,0,0
0,0,0
0,0,0
0,0,0
0,0,0
0,0,0
0,0,0
0,0,0
0,0,0
0,0,0
0,0,0
0,0,0
0,0,0
0,0,0
0,0,0
0,0,0
0,0,0
0,0,0
0,0,0
0,0,0
0,0,0
0,0,0
0,0,0
0,0,0
0,0,0
0,0,0
0,0,0
0,0,0
0,0,0
0,0,0
0,0,0
0,0,0
0,0,0
0,0,0
0,0,0
0,0,0
0,0,0
0,0,0
0,0,0
0,0,0
0,0,0
0,0,0
0,0,0
0,0,0
0,0,0
0,0,0
0,0,0
0,0,0
0,0,0
0,0,0
0,0,0
0,0,0
0,0,0
0,0,0
0,0,0
0,0,0
0,0,0
0,0,0
0,0,0
0,0,0
0,0,0
0,0,0
0,0,0
0,0,0
0,0,0
0,0,0
0,0,0
0,0,0
0,0,0
0,0,0
0,0,0
0,0,0
0,0,0
0,0,0
0,0,0
0,0,0
0,0,0
0,0,0
0,0,0
0,0,0
0,0,0
0,0,0
0,0,0
0,0,0
0,0,0
0,0,0
0,0,0
0,0,0
0,0,0
0,0,0
0,0,0
0,0,0
0,0,0
0,0,0
0,0,0
0,0,0
0,0,0
0,0,0
0,0,0
0,0,0
0,0,0
0,0,0
0,0,0
0,0,0
0,0,0
0,0,0
0,0,0
0,0,0
0,0,0
0,0,0
0,0,0
0,0,0
0,0,0
0,0,0
0,0,0
0,0,0
0,0,0
0,0,0
0,0,0
0,0,0
0,0,0
0,0,0
0,0,0
0,0,0
0,0,0
0,0,0
0,0,0
0,0,0
0,0,0
0,0,0
0,0,0
0,0,0
0,0,0
0,0,0
0,0,0
0,0,0
0,0,0
0,0,0
0,0,0
0,0,0
0,0,0
0,0,0
0,0,0
0,0,0
0,0,0
0,0,0
0,0,0
0,0,0
0,0,0
0,0,0
0,0,0
0,0,0
0,0,0
0,0,0
0,0,0
0,0,0
0,0,0
0,0,0
0,0,0
0,0,0
0,0,0
0,0,0
0,0,0
0,0,0
0,0,0
0,0,0
0,0,0
0,0,0
0,0,0
0,0,0
0,0,0
0,0,0
0,0,0
0,0,0
0,0,0
0,0,0
0,0,0
0,0,0
0,0,0
0,0,0
0,0,0
0,0,0
0,0,0
0,0,0
0,0,0
0,0,0
0,0,0
0,0,0
0,0,0
0,0,0
0,0,0
0,0,0
0,0,0
0,0,0
0,0,0
0,0,0
0,0,0
0,0,0
0,0,0
0,0,0
0,0,0
0,0,0
0,0,0
0,0,0
0,0,0
0,0,0
0,0,0
0,0,0
0,0,0
0,0,0
0,0,0
0,0,0
0,0,0
0,0,0
0,0,0
0,0,0
0,0,0
0,0,0
0,0,0
0,0,0
0,0,0
0,0,0
0,0,0
0,0,0
0,0,0
0,0,0
0,0,0
0,0,0
0,0,0
0,0,0
0,0,0
0,0,0
0,0,0
0,0,0
0,0,0
0,0,0
0,0,0
0,0,0
0,0,0
0,0,0
0,0,0
0,0,0
0,0,0
0,0,0
0,0,0
0,0,0
0,0,0
0,0,0
0,0,0
0,0,0
0,0,0
0,0,0
0,0,0
0,0,0
0,0,0
0,0,0
0,0,0
0,0,0
0,0,0
0,0,0
0,0,0
0,0,0
0,0,0
0,0,0
0,0,0
0,0,0
0,0,0
0,0,0
0,0,0
0,0,0
0,0,0
0,0,0
0,0,0
0,0,0
0,0,0
0,0,0
0,0,0
0,0,0
0,0,0
0,0,0
0,0,0
0,0,0
0,0,0
0,0,0
0,0,0
0,0,0
0,0,0
0,0,0
0,0,0
0,0,0
0,0,0
0,0,0
0,0,0
0,0,0
0,0,0
0,0,0
0,0,0
0,0,0
0,0,0
0,0,0
0,0,0
0,0,0
0,0,0
0,0,0
0,0,0
0,0,0
0,0,0
0,0,0
0,0,0
0,0,0
0,0,0
0,0,0
0,0,0
0,0,0
0,0,0
0,0,0
0,0,0
0,0,0
0,0,0
0,0,0
0,0,0
0,0,0
0,0,0
0,0,0
0,0,0
0,0,0
0,0,0
0,0,0
0,0,0
0,0,0
0,0,0
0,0,0
0,0,0
0,0,0
0,0,0
0,0,0
0,0,0
0,0,0
0,0,0
0,0,0
0,0,0
0,0,0
0,0,0
0,0,0
0,0,0
0,0,0
0,0,0
0,0,0
0,0,0
0,0,0
0,0,0
0,0,0
0,0,0
0,0,0
0,0,0
0,0,0
0,0,0
0,0,0
0,0,0
0,0,0
0,0,0
0,0,0
0,0,0
0,0,0
0,0,0
0,0,0
0,0,0
0,0,0
0,0,0
0,0,0
0,0,0
0,0,0
0,0,0
0,0,0
0,0,0
0,0,0
0,0,0
0,0,0
0,0,0
0,0,0
0,0,0
0,0,0
0,0,0
0,0,0
0,0,0
0,0,0
0,0,0
0,0,0
0,0,0
0,0,0
0,0,0
0,0,0
0,0,0
0,0,0
0,0,0
0,0,0
0,0,0
0,0,0
0,0,0
0,0,0
0,0,0
0,0,0
0,0,0
0,0,0
0,0,0
0,0,0
0,0,0
0,0,0
0,0,0
0,0,0
0,0,0
0,0,0
0,0,0
0,0,0
0,0,0
0,0,0
0,0,0
0,0,0
0,0,0
0,0,0
0,0,0
0,0,0
0,0,0
0,0,0
0,0,0
0,0,0
0,0,0
0,0,0
0,0,0
0,0,0
0,0,0
0,0,0
0,0,0
0,0,0
0,0,0
0,0,0
0,0,0
0,0,0
0,0,0
0,0,0
0,0,0
0,0,0
0,0,0
0,0,0
0,0,0
0,0,0
0,0,0
0,0,0
0,0,0
0,0,0
0,0,0
0,0,0
0,0,0
0,0,0
0,0,0
0,0,0
0,0,0
0,0,0
0,0,0
0,0,0
0,0,0
0,0,0
0,0,0
0,0,0
0,0,0
0,0,0
0,0,0
0,0,0
0,0,0
0,0,0
0,0,0
0,0,0
0,0,0
0,0,0
0,0,0
0,0,0
0,0,0
0,0,0
0,0,0
0,0,0
0,0,0
0,0,0
0,0,0
0,0,0
0,0,0
0,0,0
0,0,0
0,0,0
0,0,0
0,0,0
0,0,0
0,0,0
0,0,0
0,0,0
0,0,0
0,0,0
0,0,0
0,0,0
0,0,0
0,0,0
0,0,0
0,0,0
0,0,0
0,0,0
0,0,0
0,0,0
0,0,0
0,0,0
0,0,0
0,0,0
0,0,0
0,0,0
0,0,0
0,0,0
0,0,0
0,0,0
0,0,0
0,0,0
0,0,0
0,0,0
0,0,0
0,0,0
0,0,0
0,0,0
0,0,0
0,0,0
0,0,0
0,0,0
0,0,0
0,0,0
0,0,0
0,0,0
0,0,0
0,0,0
0,0,0
0,0,0
0,0,0
0,0,0
0,0,0
0,0,0
0,0,0
0,0,0
0,0,0
0,0,0
0,0,0
0,0,0
0,0,0
0,0,0
0,0,0
0,0,0
0,0,0
0,0,0
0,0,0
0,0,0
0,0,0
0,0,0
0,0,0
0,0,0
0,0,0
0,0,0
0,0,0
0,0,0
0,0,0
0,0,0
0,0,0
0,0,0
0,0,0
0,0,0
0,0,0
0,0,0
0,0,0
0,0,0
0,0,0
0,0,0
0,0,0
0,0,0
0,0,0
0,0,0
0,0,0
0,0,0
0,0,0
0,0,0
0,0,0
0,0,0
0,0,0
0,0,0
0,0,0
0,0,0
0,0,0
0,0,0
0,0,0
0,0,0
0,0,0
0,0,0
0,0,0
0,0,0
0,0,0
0,0,0
0,0,0
0,0,0
0,0,0
0,0,0
0,0,0
0,0,0
0,0,0
0,0,0
0,0,0
0,0,0
0,0,0
0,0,0
0,0,0
0,0,0
0,0,0
0,0,0
0,0,0
0,0,0
0,0,0
0,0,0
0,0,0
0,0,0
0,0,0
0,0,0
0,0,0
0,0,0
0,0,0
0,0,0
0,0,0
0,0,0
0,0,0
0,0,0
0,0,0
0,0,0
0,0,0
0,0,0
0,0,0
0,0,0
0,0,0
0,0,0
0,0,0
0,0,0
0,0,0
0,0,0
0,0,0
0,0,0
0,0,0
0,0,0
0,0,0
0,0,0
0,0,0
0,0,0
0,0,0
0,0,0
0,0,0
0,0,0
0,0,0
0,0,0
0,0,0
0,0,0
0,0,0
0,0,0
0,0,0
0,0,0
0,0,0
0,0,0
0,0,0
0,0,0
0,0,0
0,0,0
0,0,0
0,0,0
0,0,0
0,0,0
0,0,0
0,0,0
0,0,0
0,0,0
0,0,0
0,0,0
0,0,0
0,0,0
0,0,0
0,0,0
0,0,0
0,0,0
0,0,0
0,0,0
0,0,0
0,0,0
0,0,0
0,0,0
0,0,0
0,0,0
0,0,0
0,0,0
0,0,0
0,0,0
0,0,0
0,0,0
0,0,0
0,0,0
0,0,0
0,0,0
0,0,0
0,0,0
0,0,0
0,0,0
0,0,0
0,0,0
0,0,0
0,0,0
0,0,0
0,0,0
0,0,0
0,0,0
0,0,0
0,0,0
0,0,0
0,0,0
0,0,0
0,0,0
0,0,0
0,0,0
0,0,0
0,0,0
0,0,0
0,0,0
0,0,0
0,0,0
0,0,0
0,0,0
0,0,0
0,0,0
0,0,0
0,0,0
0,0,0
0,0,0
0,0,0
0,0,0
0,0,0
0,0,0
0,0,0
0,0,0
0,0,0
0,0,0
0,0,0
0,0,0
0,0,0
0,0,0
0,0,0
0,0,0
0,0,0
0,0,0
0,0,0
0,0,0
0,0,0
0,0,0
0,0,0
0,0,0
0,0,0
0,0,0
0,0,0
0,0,0
0,0,0
0,0,0
0,0,0
0,0,0
0,0,0
0,0,0
0,0,0
0,0,0
0,0,0
0,0,0
0,0,0
0,0,0
0,0,0
0,0,0
0,0,0
0,0,0
0,0,0
0,0,0
0,0,0
0,0,0
0,0,0
0,0,0
0,0,0
0,0,0
0,0,0
0,0,0
0,0,0
0,0,0
0,0,0
0,0,0
0,0,0
0,0,0
0,0,0
0,0,0
0,0,0
0,0,0
0,0,0
0,0,0
0,0,0
0,0,0
0,0,0
0,0,0
0,0,0
0,0,0
0,0,0
0,0,0
0,0,0
0,0,0
0,0,0
0,0,0
0,0,0
0,0,0
0,0,0
0,0,0
0,0,0
0,0,0
0,0,0
0,0,0
0,0,0
0,0,0
0,0,0
0,0,0
0,0,0
0,0,0
0,0,0
0,0,0
0,0,0
0,0,0
0,0,0
0,0,0
0,0,0
0,0,0
0,0,0
0,0,0
0,0,0
0,0,0
0,0,0
0,0,0
0,0,0
0,0,0
0,0,0
0,0,0
0,0,0
0,0,0
0,0,0
0,0,0
0,0,0
0,0,0
0,0,0
0,0,0
0,0,0
0,0,0
0,0,0
0,0,0
0,0,0
0,0,0
0,0,0
0,0,0
0,0,0
0,0,0
0,0,0
0,0,0
0,0,0
0,0,0
0,0,0
0,0,0
0,0,0
0,0,0
0,0,0
0,0,0
0,0,0
0,0,0
0,0,0
0,0,0
0,0,0
0,0,0
0,0,0
0,0,0
0,0,0
0,0,0
0,0,0
0,0,0
0,0,0
0,0,0
0,0,0
0,0,0
0,0,0
0,0,0
0,0,0
0,0,0
0,0,0
0,0,0
0,0,0
0,0,0
0,0,0
0,0,0
0,0,0
0,0,0
0,0,0
0,0,0
0,0,0
0,0,0
0,0,0
0,0,0
0,0,0
0,0,0
0,0,0
0,0,0
0,0,0
0,0,0
0,0,0
0,0,0
0,0,0
0,0,0
0,0,0
0,0,0
0,0,0
0,0,0
0,0,0
0,0,0
0,0,0
0,0,0
0,0,0
0,0,0
0,0,0
0,0,0
0,0,0
0,0,0
0,0,0
0,0,0
0,0,0
0,0,0
0,0,0
0,0,0
0,0,0
0,0,0
0,0,0
0,0,0
0,0,0
0,0,0
0,0,0
0,0,0
0,0,0
0,0,0
0,0,0
0,0,0
0,0,0
0,0,0
0,0,0
0,0,0
0,0,0
0,0,0
0,0,0
0,0,0
0,0,0
0,0,0
0,0,0
0,0,0
0,0,0
0,0,0
0,0,0
0,0,0
0,0,0
0,0,0
0,0,0
0,0,0
0,0,0
0,0,0
0,0,0
0,0,0
0,0,0
0,0,0
0,0,0
0,0,0
0,0,0
0,0,0
0,0,0
0,0,0
0,0,0
0,0,0
0,0,0
0,0,0
0,0,0
0,0,0
0,0,0
0,0,0
0,0,0
0,0,0
0,0,0
0,0,0
0,0,0
0,0,0
0,0,0
0,0,0
0,0,0
0,0,0
0,0,0
0,0,0
0,0,0
0,0,0
0,0,0
0,0,0
0,0,0
0,0,0
0,0,0
0,0,0
0,0,0
0,0,0
0,0,0
0,0,0
0,0,0
0,0,0
0,0,0
0,0,0
0,0,0
0,0,0
0,0,0
0,0,0
0,0,0
0,0,0
0,0,0
0,0,0
0,0,0
0,0,0
0,0,0
0,0,0
0,0,0
0,0,0
0,0,0
0,0,0
0,0,0
0,0,0
0,0,0
0,0,0
0,0,0
0,0,0
0,0,0
0,0,0
0,0,0
0,0,0
0,0,0
0,0,0
0,0,0
0,0,0
0,0,0
0,0,0
0,0,0
0,0,0
0,0,0
0,0,0
0,0,0
0,0,0
0,0,0
0,0,0
0,0,0
0,0,0
0,0,0
0,0,0
0,0,0
0,0,0
0,0,0
0,0,0
0,0,0
0,0,0
0,0,0
0,0,0
0,0,0
0,0,0
0,0,0
0,0,0
0,0,0
0,0,0
0,0,0
0,0,0
0,0,0
0,0,0
0,0,0
0,0,0
0,0,0
0,0,0
0,0,0
0,0,0
0,0,0
0,0,0
0,0,0
0,0,0
0,0,0
0,0,0
0,0,0
0,0,0
0,0,0
0,0,0
0,0,0
0,0,0
0,0,0
0,0,0
0,0,0
0,0,0
0,0,0
0,0,0
0,0,0
0,0,0
0,0,0
0,0,0
0,0,0
0,0,0
0,0,0
0,0,0
0,0,0
0,0,0
0,0,0
0,0,0
0,0,0
0,0,0
0,0,0
0,0,0
0,0,0
0,0,0
0,0,0
0,0,0
0,0,0
0,0,0
0,0,0
0,0,0
0,0,0
0,0,0
0,0,0
0,0,0
0,0,0
0,0,0
0,0,0
0,0,0
0,0,0
0,0,0
0,0,0
0,0,0
0,0,0
0,0,0
0,0,0
0,0,0
0,0,0
0,0,0
0,0,0
0,0,0
0,0,0
0,0,0
0,0,0
0,0,0
0,0,0
0,0,0
0,0,0
0,0,0
0,0,0
0,0,0
0,0,0
0,0,0
0,0,0
0,0,0
0,0,0
0,0,0
0,0,0
0,0,0
0,0,0
0,0,0
0,0,0
0,0,0
0,0,0
0,0,0
0,0,0
0,0,0
0,0,0
0,0,0
0,0,0
0,0,0
0,0,0
0,0,0
0,0,0
0,0,0
0,0,0
0,0,0
0,0,0
0,0,0
0,0,0
0,0,0
0,0,0
0,0,0
0,0,0
0,0,0
0,0,0
0,0,0
0,0,0
0,0,0
0,0,0
0,0,0
0,0,0
0,0,0
0,0,0
0,0,0
0,0,0
0,0,0
0,0,0
0,0,0
0,0,0
0,0,0
0,0,0
0,0,0
0,0,0
0,0,0
0,0,0
0,0,0
0,0,0
0,0,0
0,0,0
0,0,0
0,0,0
0,0,0
0,0,0
0,0,0
0,0,0
0,0,0
0,0,0
0,0,0
0,0,0
0,0,0
0,0,0
0,0,0
0,0,0
0,0,0
0,0,0
0,0,0
0,0,0
0,0,0
0,0,0
0,0,0
0,0,0
0,0,0
0,0,0
0,0,0
0,0,0
0,0,0
0,0,0
0,0,0
0,0,0
0,0,0
0,0,0
0,0,0
0,0,0
0,0,0
0,0,0
0,0,0
0,0,0
0,0,0
0,0,0
0,0,0
0,0,0
0,0,0
0,0,0
0,0,0
0,0,0
0,0,0
0,0,0
0,0,0
0,0,0
0,0,0
0,0,0
0,0,0
0,0,0
0,0,0
0,0,0
0,0,0
0,0,0
0,0,0
0,0,0
0,0,0
0,0,0
0,0,0
0,0,0
0,0,0
0,0,0
0,0,0
0,0,0
0,0,0
0,0,0
0,0,0
0,0,0
0,0,0
0,0,0
0,0,0
0,0,0
0,0,0
0,0,0
0,0,0
0,0,0
0,0,0
0,0,0
0,0,0
0,0,0
0,0,0
0,0,0
0,0,0
0,0,0
0,0,0
0,0,0
0,0,0
0,0,0
0,0,0
0,0,0
0,0,0
0,0,0
0,0,0
0,0,0
0,0,0
0,0,0
0,0,0
0,0,0
0,0,0
0,0,0
0,0,0
0,0,0
0,0,0
0,0,0
0,0,0
0,0,0
0,0,0
0,0,0
0,0,0
0,0,0
0,0,0
0,0,0
0,0,0
0,0,0
0,0,0
0,0,0
0,0,0
0,0,0
0,0,0
0,0,0
0,0,0
0,0,0
0,0,0
0,0,0
0,0,0
0,0,0
0,0,0
0,0,0
0,0,0
0,0,0
0,0,0
0,0,0
0,0,0
0,0,0
0,0,0
0,0,0
0,0,0
0,0,0
0,0,0
0,0,0
0,0,0
0,0,0
0,0,0
0,0,0
0,0,0
0,0,0
0,0,0
0,0,0
0,0,0
0,0,0
0,0,0
0,0,0
0,0,0
0,0,0
0,0,0
0,0,0
0,0,0
0,0,0
0,0,0
0,0,0
0,0,0
0,0,0
0,0,0
0,0,0
0,0,0
0,0,0
0,0,0
0,0,0
0,0,0
0,0,0
0,0,0
0,0,0
0,0,0
0,0,0
0,0,0
0,0,0
0,0,0
0,0,0
0,0,0
0,0,0
0,0,0
0,0,0
0,0,0
0,0,0
0,0,0
0,0,0
0,0,0
0,0,0
0,0,0
0,0,0
0,0,0
0,0,0
0,0,0
0,0,0
0,0,0
0,0,0
0,0,0
0,0,0
0,0,0
0,0,0
0,0,0
0,0,0
0,0,0
0,0,0
0,0,0
0,0,0
0,0,0
0,0,0
0,0,0
0,0,0
0,0,0
0,0,0
0,0,0
0,0,0
0,0,0
0,0,0
0,0,0
0,0,0
0,0,0
0,0,0
0,0,0
0,0,0
0,0,0
0,0,0
0,0,0
0,0,0
0,0,0
0,0,0
0,0,0
0,0,0
0,0,0
0,0,0
0,0,0
0,0,0
0,0,0
0,0,0
0,0,0
0,0,0
0,0,0
0,0,0
0,0,0
0,0,0
0,0,0
0,0,0
0,0,0
0,0,0
0,0,0
0,0,0
0,0,0
0,0,0
0,0,0
0,0,0
0,0,0
0,0,0
0,0,0
0,0,0
0,0,0
0,0,0
0,0,0
0,0,0
0,0,0
0,0,0
0,0,0
0,0,0
0,0,0
0,0,0
0,0,0
0,0,0
0,0,0
0,0,0
0,0,0
0,0,0
0,0,0
0,0,0
0,0,0
0,0,0
0,0,0
0,0,0
0,0,0
0,0,0
0,0,0
0,0,0
0,0,0
0,0,0
0,0,0
0,0,0
0,0,0
0,0,0
0,0,0
0,0,0
0,0,0
0,0,0
0,0,0
0,0,0
0,0,0
0,0,0
0,0,0
0,0,0
0,0,0
0,0,0
0,0,0
0,0,0
0,0,0
0,0,0
0,0,0
0,0,0
0,0,0
0,0,0
0,0,0
0,0,0
0,0,0
0,0,0
0,0,0
0,0,0
0,0,0
0,0,0
0,0,0
0,0,0
0,0,0
0,0,0
0,0,0
0,0,0
0,0,0
0,0,0
0,0,0
0,0,0
0,0,0
0,0,0
0,0,0
0,0,0
0,0,0
0,0,0
0,0,0
0,0,0
0,0,0
0,0,0
0,0,0
0,0,0
0,0,0
0,0,0
0,0,0
0,0,0
0,0,0
0,0,0
0,0,0
0,0,0
0,0,0
0,0,0
0,0,0
0,0,0
0,0,0
0,0,0
0,0,0
0,0,0
0,0,0
0,0,0
0,0,0
0,0,0
0,0,0
0,0,0
0,0,0
0,0,0
0,0,0
0,0,0
0,0,0
0,0,0
0,0,0
0,0,0
0,0,0
0,0,0
0,0,0
0,0,0
0,0,0
0,0,0
0,0,0
0,0,0
0,0,0
0,0,0
0,0,0
0,0,0
0,0,0
0,0,0
0,0,0
0,0,0
0,0,0
0,0,0
0,0,0
0,0,0
0,0,0
0,0,0
0,0,0
0,0,0
0,0,0
0,0,0
0,0,0
0,0,0
0,0,0
0,0,0
0,0,0
0,0,0
0,0,0
0,0,0
0,0,0
0,0,0
0,0,0
0,0,0
0,0,0
0,0,0
0,0,0
0,0,0
0,0,0
0,0,0
0,0,0
0,0,0
0,0,0
0,0,0
0,0,0
0,0,0
0,0,0
0,0,0
0,0,0
0,0,0
0,0,0
0,0,0
0,0,0
0,0,0
0,0,0
0,0,0
0,0,0
0,0,0
0,0,0
0,0,0
0,0,0
0,0,0
0,0,0
0,0,0
0,0,0
0,0,0
0,0,0
0,0,0
0,0,0
0,0,0
0,0,0
0,0,0
0,0,0
0,0,0
0,0,0
0,0,0
0,0,0
0,0,0
0,0,0
0,0,0
0,0,0
0,0,0
0,0,0
0,0,0
0,0,0
0,0,0
0,0,0
0,0,0
0,0,0
0,0,0
0,0,0
0,0,0
0,0,0
0,0,0
0,0,0
0,0,0
0,0,0
0,0,0
0,0,0
0,0,0
0,0,0
0,0,0
0,0,0
0,0,0
0,0,0
0,0,0
0,0,0
0,0,0
0,0,0
0,0,0
0,0,0
0,0,0
0,0,0
0,0,0
0,0,0
0,0,0
0,0,0
0,0,0
0,0,0
0,0,0
0,0,0
0,0,0
0,0,0
0,0,0
0,0,0
0,0,0
0,0,0
0,0,0
0,0,0
0,0,0
0,0,0
0,0,0
0,0,0
0,0,0
0,0,0
0,0,0
0,0,0
0,0,0
0,0,0
0,0,0
0,0,0
0,0,0
0,0,0
0,0,0
0,0,0
0,0,0
0,0,0
0,0,0
0,0,0
0,0,0
0,0,0
0,0,0
0,0,0
0,0,0
0,0,0
0,0,0
0,0,0
0,0,0
0,0,0
0,0,0
0,0,0
0,0,0
0,0,0
0,0,0
0,0,0
0,0,0
0,0,0
0,0,0
0,0,0
0,0,0
0,0,0
0,0,0
0,0,0
0,0,0
0,0,0
0,0,0
0,0,0
0,0,0
0,0,0
0,0,0
0,0,0
0,0,0
0,0,0
0,0,0
0,0,0
0,0,0
0,0,0
0,0,0
0,0,0
0,0,0
0,0,0
0,0,0
0,0,0
0,0,0
0,0,0
0,0,0
0,0,0
0,0,0
0,0,0
0,0,0
0,0,0
0,0,0
0,0,0
0,0,0
0,0,0
0,0,0
0,0,0
0,0,0
0,0,0
0,0,0
0,0,0
0,0,0
0,0,0
0,0,0
0,0,0
0,0,0
0,0,0
0,0,0
0,0,0
0,0,0
0,0,0
0,0,0
0,0,0
0,0,0
0,0,0
0,0,0
0,0,0
0,0,0
0,0,0
0,0,0
0,0,0
0,0,0
0,0,0
0,0,0
0,0,0
0,0,0
0,0,0
0,0,0
0,0,0
0,0,0
0,0,0
0,0,0
0,0,0
0,0,0
0,0,0
0,0,0
0,0,0
0,0,0
0,0,0
0,0,0
0,0,0
0,0,0
0,0,0
0,0,0
0,0,0
0,0,0
0,0,0
0,0,0
0,0,0
0,0,0
0,0,0
0,0,0
0,0,0
0,0,0
0,0,0
0,0,0
0,0,0
0,0,0
0,0,0
0,0,0
0,0,0
0,0,0
0,0,0
0,0,0
0,0,0
0,0,0
0,0,0
0,0,0
0,0,0
0,0,0
0,0,0
0,0,0
0,0,0
0,0,0
0,0,0
0,0,0
0,0,0
0,0,0
0,0,0
0,0,0
0,0,0
0,0,0
0,0,0
0,0,0
0,0,0
0,0,0
0,0,0
0,0,0
0,0,0
0,0,0
0,0,0
0,0,0
0,0,0
0,0,0
0,0,0
0,0,0
0,0,0
0,0,0
0,0,0
0,0,0
0,0,0
0,0,0
0,0,0
0,0,0
0,0,0
0,0,0
0,0,0
0,0,0
0,0,0
0,0,0
0,0,0
0,0,0
0,0,0
0,0,0
0,0,0
0,0,0
0,0,0
0,0,0
0,0,0
0,0,0
0,0,0
0,0,0
0,0,0
0,0,0
0,0,0
0,0,0
0,0,0
0,0,0
0,0,0
0,0,0
0,0,0
0,0,0
0,0,0
0,0,0
0,0,0
0,0,0
0,0,0
0,0,0
0,0,0
0,0,0
0,0,0
0,0,0
0,0,0
0,0,0
0,0,0
0,0,0
0,0,0
0,0,0
0,0,0
0,0,0
0,0,0
0,0,0
0,0,0
0,0,0
0,0,0
0,0,0
0,0,0
0,0,0
0,0,0
0,0,0
0,0,0
0,0,0
0,0,0
0,0,0
0,0,0
0,0,0
0,0,0
0,0,0
0,0,0
0,0,0
0,0,0
0,0,0
0,0,0
0,0,0
0,0,0
0,0,0
0,0,0
0,0,0
0,0,0
0,0,0
0,0,0
0,0,0
0,0,0
0,0,0
0,0,0
0,0,0
0,0,0
0,0,0
0,0,0
0,0,0
0,0,0
0,0,0
0,0,0
0,0,0
0,0,0
0,0,0
0,0,0
0,0,0
0,0,0
0,0,0
0,0,0
0,0,0
0,0,0
0,0,0
0,0,0
0,0,0
0,0,0
0,0,0
0,0,0
0,0,0
0,0,0
0,0,0
0,0,0
0,0,0
0,0,0
0,0,0
0,0,0
0,0,0
0,0,0
0,0,0
0,0,0
0,0,0
0,0,0
0,0,0
0,0,0
0,0,0
0,0,0
0,0,0
0,0,0
0,0,0
0,0,0
0,0,0
0,0,0
0,0,0
0,0,0
0,0,0
0,0,0
0,0,0
0,0,0
0,0,0
0,0,0
0,0,0
0,0,0
0,0,0
0,0,0
0,0,0
0,0,0
0,0,0
0,0,0
0,0,0
0,0,0
0,0,0
0,0,0
0,0,0
0,0,0
0,0,0
0,0,0
0,0,0
0,0,0
0,0,0
0,0,0
0,0,0
0,0,0
0,0,0
0,0,0
0,0,0
0,0,0
0,0,0
0,0,0
0,0,0
0,0,0
0,0,0
0,0,0
0,0,0
0,0,0
0,0,0
0,0,0
0,0,0
0,0,0
0,0,0
0,0,0
0,0,0
0,0,0
0,0,0
0,0,0
0,0,0
0,0,0
0,0,0
0,0,0
0,0,0
0,0,0
0,0,0
0,0,0
0,0,0
0,0,0
0,0,0
0,0,0
0,0,0
0,0,0
0,0,0
0,0,0
0,0,0
0,0,0
0,0,0
0,0,0
0,0,0
0,0,0
0,0,0
0,0,0
0,0,0
0,0,0
0,0,0
0,0,0
0,0,0
0,0,0
0,0,0
0,0,0
0,0,0
0,0,0
0,0,0
0,0,0
0,0,0
0,0,0
0,0,0
0,0,0
0,0,0
0,0,0
0,0,0
0,0,0
0,0,0
0,0,0
0,0,0
0,0,0
0,0,0
0,0,0
0,0,0
0,0,0
0,0,0
0,0,0
0,0,0
0,0,0
0,0,0
0,0,0
0,0,0
0,0,0
0,0,0
0,0,0
0,0,0
0,0,0
0,0,0
0,0,0
0,0,0
0,0,0
0,0,0
0,0,0
0,0,0
0,0,0
0,0,0
0,0,0
0,0,0
0,0,0
0,0,0
0,0,0
0,0,0
0,0,0
0,0,0
0,0,0
0,0,0
0,0,0
0,0,0
0,0,0
0,0,0
0,0,0
0,0,0
0,0,0
0,0,0
0,0,0
0,0,0
0,0,0
0,0,0
0,0,0
0,0,0
0,0,0
0,0,0
0,0,0
0,0,0
0,0,0
0,0,0
0,0,0
0,0,0
0,0,0
0,0,0
0,0,0
0,0,0
0,0,0
0,0,0
0,0,0
0,0,0
0,0,0
0,0,0
0,0,0
0,0,0
0,0,0
0,0,0
0,0,0
0,0,0
0,0,0
0,0,0
0,0,0
0,0,0
0,0,0
0,0,0
0,0,0
0,0,0
0,0,0
0,0,0
0,0,0
0,0,0
0,0,0
0,0,0
0,0,0
0,0,0
0,0,0
0,0,0
0,0,0
0,0,0
0,0,0
0,0,0
0,0,0
0,0,0
0,0,0
0,0,0
0,0,0
0,0,0
0,0,0
0,0,0
0,0,0
0,0,0
0,0,0
0,0,0
0,0,0
0,0,0
0,0,0
0,0,0
0,0,0
0,0,0
0,0,0
0,0,0
0,0,0
0,0,0
0,0,0
0,0,0
0,0,0
0,0,0
0,0,0
0,0,0
0,0,0
0,0,0
0,0,0
0,0,0
0,0,0
0,0,0
0,0,0
0,0,0
0,0,0
0,0,0
0,0,0
0,0,0
0,0,0
0,0,0
0,0,0
0,0,0
0,0,0
0,0,0
0,0,0
0,0,0
0,0,0
0,0,0
0,0,0
0,0,0
0,0,0
0,0,0
0,0,0
0,0,0
0,0,0
0,0,0
0,0,0
0,0,0
0,0,0
0,0,0
0,0,0
0,0,0
0,0,0
0,0,0
0,0,0
0,0,0
0,0,0
0,0,0
0,0,0
0,0,0
0,0,0
0,0,0
0,0,0
0,0,0
0,0,0
0,0,0
0,0,0
0,0,0
0,0,0
0,0,0
0,0,0
0,0,0
0,0,0
0,0,0
0,0,0
0,0,0
0,0,0
0,0,0
0,0,0
0,0,0
0,0,0
0,0,0
0,0,0
0,0,0
0,0,0
0,0,0
0,0,0
0,0,0
0,0,0
0,0,0
0,0,0
0,0,0
0,0,0
0,0,0
0,0,0
0,0,0
0,0,0
0,0,0
0,0,0
0,0,0
0,0,0
0,0,0
0,0,0
0,0,0
0,0,0
0,0,0
0,0,0
0,0,0
0,0,0
0,0,0
0,0,0
0,0,0
0,0,0
0,0,0
0,0,0
0,0,0
0,0,0
0,0,0
0,0,0
0,0,0
0,0,0
0,0,0
0,0,0
0,0,0
0,0,0
0,0,0
0,0,0
0,0,0
0,0,0
0,0,0
0,0,0
0,0,0
0,0,0
0,0,0
0,0,0
0,0,0
0,0,0
0,0,0
0,0,0
0,0,0
0,0,0
0,0,0
0,0,0
0,0,0
0,0,0
0,0,0
0,0,0
0,0,0
0,0,0
0,0,0
0,0,0
0,0,0
0,0,0
0,0,0
0,0,0
0,0,0
0,0,0
0,0,0
0,0,0
0,0,0
0,0,0
0,0,0
0,0,0
0,0,0
0,0,0
0,0,0
0,0,0
0,0,0
0,0,0
0,0,0
0,0,0
0,0,0
0,0,0
0,0,0
0,0,0
0,0,0
0,0,0
0,0,0
0,0,0
0,0,0
0,0,0
0,0,0
0,0,0
0,0,0
0,0,0
0,0,0
0,0,0
0,0,0
0,0,0
0,0,0
0,0,0
0,0,0
0,0,0
0,0,0
0,0,0
0,0,0
0,0,0
0,0,0
0,0,0
0,0,0
0,0,0
0,0,0
0,0,0
0,0,0
0,0,0
0,0,0
0,0,0
0,0,0
0,0,0
0,0,0
0,0,0
0,0,0
0,0,0
0,0,0
0,0,0
0,0,0
0,0,0
0,0,0
0,0,0
0,0,0
0,0,0
0,0,0
0,0,0
0,0,0
0,0,0
0,0,0
0,0,0
0,0,0
0,0,0
0,0,0
0,0,0
0,0,0
0,0,0
0,0,0
0,0,0
0,0,0
0,0,0
0,0,0
0,0,0
0,0,0
0,0,0
0,0,0
0,0,0
0,0,0
0,0,0
0,0,0
0,0,0
0,0,0
0,0,0
0,0,0
0,0,0
0,0,0
0,0,0
0,0,0
0,0,0
0,0,0
0,0,0
0,0,0
0,0,0
0,0,0
0,0,0
0,0,0
0,0,0
0,0,0
0,0,0
0,0,0
0,0,0
0,0,0
0,0,0
0,0,0
0,0,0
0,0,0
0,0,0
0,0,0
0,0,0
0,0,0
0,0,0
0,0,0
0,0,0
0,0,0
0,0,0
0,0,0
0,0,0
0,0,0
0,0,0
0,0,0
0,0,0
0,0,0
0,0,0
0,0,0
0,0,0
0,0,0
0,0,0
0,0,0
0,0,0
0,0,0
0,0,0
0,0,0
0,0,0
0,0,0
0,0,0
0,0,0
0,0,0
0,0,0
0,0,0
0,0,0
0,0,0
0,0,0
0,0,0
0,0,0
0,0,0
0,0,0
0,0,0
0,0,0
0,0,0
0,0,0
0,0,0
0,0,0
0,0,0
0,0,0
0,0,0
0,0,0
0,0,0
0,0,0
0,0,0
0,0,0
0,0,0
0,0,0
0,0,0
0,0,0
0,0,0
0,0,0
0,0,0
0,0,0
0,0,0
0,0,0
0,0,0
0,0,0
0,0,0
0,0,0
0,0,0
0,0,0
0,0,0
0,0,0
0,0,0
0,0,0
0,0,0
0,0,0
0,0,0
0,0,0
0,0,0
0,0,0
0,0,0
0,0,0
0,0,0
0,0,0
0,0,0
0,0,0
0,0,0
0,0,0
0,0,0
0,0,0
0,0,0
0,0,0
0,0,0
0,0,0
0,0,0
0,0,0
0,0,0
0,0,0
0,0,0
0,0,0
0,0,0
0,0,0
0,0,0
0,0,0
0,0,0
0,0,0
0,0,0
0,0,0
0,0,0
0,0,0
0,0,0
0,0,0
0,0,0
0,0,0
0,0,0
0,0,0
0,0,0
0,0,0
0,0,0
0,0,0
0,0,0
0,0,0
0,0,0
0,0,0
0,0,0
0,0,0
0,0,0
0,0,0
0,0,0
0,0,0
0,0,0
0,0,0
0,0,0
0,0,0
0,0,0
0,0,0
0,0,0
0,0,0
0,0,0
0,0,0
0,0,0
0,0,0
0,0,0
0,0,0
0,0,0
0,0,0
0,0,0
0,0,0
0,0,0
0,0,0
0,0,0
0,0,0
0,0,0
0,0,0
0,0,0
0,0,0
0,0,0
0,0,0
0,0,0
0,0,0
0,0,0
0,0,0
0,0,0
0,0,0
0,0,0
0,0,0
0,0,0
0,0,0
0,0,0
0,0,0
0,0,0
0,0,0
0,0,0
0,0,0
0,0,0
0,0,0
0,0,0
0,0,0
0,0,0
0,0,0
0,0,0
0,0,0
0,0,0
0,0,0
0,0,0
0,0,0
0,0,0
0,0,0
0,0,0
0,0,0
0,0,0
0,0,0
0,0,0
0,0,0
0,0,0
0,0,0
0,0,0
0,0,0
0,0,0
0,0,0
0,0,0
0,0,0
0,0,0
0,0,0
0,0,0
0,0,0
0,0,0
0,0,0
0,0,0
0,0,0
0,0,0
0,0,0
0,0,0
0,0,0
0,0,0
0,0,0
0,0,0
0,0,0
0,0,0
0,0,0
0,0,0
0,0,0
0,0,0
0,0,0
0,0,0
0,0,0
0,0,0
0,0,0
0,0,0
0,0,0
0,0,0
0,0,0
0,0,0
0,0,0
0,0,0
0,0,0
0,0,0
0,0,0
0,0,0
0,0,0
0,0,0
0,0,0
0,0,0
0,0,0
0,0,0
0,0,0
0,0,0
0,0,0
0,0,0
0,0,0
0,0,0
0,0,0
0,0,0
0,0,0
0,0,0
0,0,0
0,0,0
0,0,0
0,0,0
0,0,0
0,0,0
0,0,0
0,0,0
0,0,0
0,0,0
0,0,0
0,0,0
0,0,0
0,0,0
0,0,0
0,0,0
0,0,0
0,0,0
0,0,0
0,0,0
0,0,0
0,0,0
0,0,0
0,0,0
0,0,0
0,0,0
0,0,0
0,0,0
0,0,0
0,0,0
0,0,0
0,0,0
0,0,0
0,0,0
0,0,0
0,0,0
0,0,0
0,0,0
0,0,0
0,0,0
0,0,0
0,0,0
0,0,0
0,0,0
0,0,0
0,0,0
0,0,0
0,0,0
0,0,0
0,0,0
0,0,0
0,0,0
0,0,0
0,0,0
0,0,0
0,0,0
0,0,0
0,0,0
0,0,0
0,0,0
0,0,0
0,0,0
0,0,0
0,0,0
0,0,0
0,0,0
0,0,0
0,0,0
0,0,0
0,0,0
0,0,0
0,0,0
0,0,0
0,0,0
0,0,0
0,0,0
0,0,0
0,0,0
0,0,0
0,0,0
0,0,0
0,0,0
0,0,0
0,0,0
0,0,0
0,0,0
0,0,0
0,0,0
0,0,0
0,0,0
0,0,0
0,0,0
0,0,0
0,0,0
0,0,0
0,0,0
0,0,0
0,0,0
0,0,0
0,0,0
0,0,0
0,0,0
0,0,0
0,0,0
0,0,0
0,0,0
0,0,0
0,0,0
0,0,0
0,0,0
0,0,0
0,0,0
0,0,0
0,0,0
0,0,0
0,0,0
0,0,0
0,0,0
0,0,0
0,0,0
0,0,0
0,0,0
0,0,0
0,0,0
0,0,0
0,0,0
0,0,0
0,0,0
0,0,0
0,0,0
0,0,0
0,0,0
0,0,0
0,0,0
0,0,0
0,0,0
0,0,0
0,0,0
0,0,0
0,0,0
0,0,0
0,0,0
0,0,0
0,0,0
0,0,0
0,0,0
0,0,0
0,0,0
0,0,0
0,0,0
0,0,0
0,0,0
0,0,0
0,0,0
0,0,0
0,0,0
0,0,0
0,0,0
0,0,0
0,0,0
0,0,0
0,0,0
0,0,0
0,0,0
0,0,0
0,0,0
0,0,0
0,0,0
0,0,0
0,0,0
0,0,0
0,0,0
0,0,0
0,0,0
0,0,0
0,0,0
0,0,0
0,0,0
0,0,0
0,0,0
0,0,0
0,0,0
0,0,0
0,0,0
0,0,0
0,0,0
0,0,0
0,0,0
0,0,0
0,0,0
0,0,0
0,0,0
0,0,0
0,0,0
0,0,0
0,0,0
0,0,0
0,0,0
0,0,0
0,0,0
0,0,0
0,0,0
0,0,0
0,0,0
0,0,0
0,0,0
0,0,0
0,0,0
0,0,0
0,0,0
0,0,0
0,0,0
0,0,0
0,0,0
0,0,0
0,0,0
0,0,0
0,0,0
0,0,0
0,0,0
0,0,0
0,0,0
0,0,0
0,0,0
0,0,0
0,0,0
0,0,0
0,0,0
0,0,0
0,0,0
0,0,0
0,0,0
0,0,0
0,0,0
0,0,0
0,0,0
0,0,0
0,0,0
0,0,0
0,0,0
0,0,0
0,0,0
0,0,0
0,0,0
0,0,0
0,0,0
0,0,0
0,0,0
0,0,0
0,0,0
0,0,0
0,0,0
0,0,0
0,0,0
0,0,0
0,0,0
0,0,0
0,0,0
0,0,0
0,0,0
0,0,0
0,0,0
0,0,0
0,0,0
0,0,0
0,0,0
0,0,0
0,0,0
0,0,0
0,0,0
0,0,0
0,0,0
0,0,0
0,0,0
0,0,0
0,0,0
0,0,0
0,0,0
0,0,0
0,0,0
0,0,0
0,0,0
0,0,0
0,0,0
0,0,0
0,0,0
0,0,0
0,0,0
0,0,0
0,0,0
0,0,0
0,0,0
0,0,0
0,0,0
0,0,0
0,0,0
0,0,0
0,0,0
0,0,0
0,0,0
0,0,0
0,0,0
0,0,0
0,0,0
0,0,0
0,0,0
0,0,0
0,0,0
0,0,0
0,0,0
0,0,0
0,0,0
0,0,0
0,0,0
0,0,0
0,0,0
0,0,0
0,0,0
0,0,0
0,0,0
0,0,0
0,0,0
0,0,0
0,0,0
0,0,0
0,0,0
0,0,0
0,0,0
0,0,0
0,0,0
0,0,0
0,0,0
0,0,0
0,0,0
0,0,0
0,0,0
0,0,0
0,0,0
0,0,0
0,0,0
0,0,0
0,0,0
0,0,0
0,0,0
0,0,0
0,0,0
0,0,0
0,0,0
0,0,0
0,0,0
0,0,0
0,0,0
0,0,0
0,0,0
0,0,0
0,0,0
0,0,0
0,0,0
0,0,0
0,0,0
0,0,0
0,0,0
0,0,0
0,0,0
0,0,0
0,0,0
0,0,0
0,0,0
0,0,0
0,0,0
0,0,0
0,0,0
0,0,0
0,0,0
0,0,0
0,0,0
0,0,0
0,0,0
0,0,0
0,0,0
0,0,0
0,0,0
0,0,0
0,0,0
0,0,0
0,0,0
0,0,0
0,0,0
0,0,0
0,0,0
0,0,0
0,0,0
0,0,0
0,0,0
0,0,0
0,0,0
0,0,0
0,0,0
0,0,0
0,0,0
0,0,0
0,0,0
0,0,0
0,0,0
0,0,0
0,0,0
0,0,0
0,0,0
0,0,0
0,0,0
0,0,0
0,0,0
0,0,0
0,0,0
0,0,0
0,0,0
0,0,0
0,0,0
0,0,0
0,0,0
0,0,0
0,0,0
0,0,0
0,0,0
0,0,0
0,0,0
0,0,0
0,0,0
0,0,0
0,0,0
0,0,0
0,0,0
0,0,0
0,0,0
0,0,0
0,0,0
0,0,0
0,0,0
0,0,0
0,0,0
0,0,0
0,0,0
0,0,0
0,0,0
0,0,0
0,0,0
0,0,0
0,0,0
0,0,0
0,0,0
0,0,0
0,0,0
0,0,0
0,0,0
0,0,0
0,0,0
0,0,0
0,0,0
0,0,0
0,0,0
0,0,0
0,0,0
0,0,0
0,0,0
0,0,0
0,0,0
0,0,0
0,0,0
0,0,0
0,0,0
0,0,0
0,0,0
0,0,0
0,0,0
0,0,0
0,0,0
0,0,0
0,0,0
0,0,0
0,0,0
0,0,0
0,0,0
0,0,0
0,0,0
0,0,0
0,0,0
0,0,0
0,0,0
0,0,0
0,0,0
0,0,0
0,0,0
0,0,0
0,0,0
0,0,0
0,0,0
0,0,0
0,0,0
0,0,0
0,0,0
0,0,0
0,0,0
0,0,0
0,0,0
0,0,0
0,0,0
0,0,0
0,0,0
0,0,0
0,0,0
0,0,0
0,0,0
0,0,0
0,0,0
0,0,0
0,0,0
0,0,0
0,0,0
0,0,0
0,0,0
0,0,0
0,0,0
0,0,0
0,0,0
0,0,0
0,0,0
0,0,0
0,0,0
0,0,0
0,0,0
0,0,0
0,0,0
0,0,0
0,0,0
0,0,0
0,0,0
0,0,0
0,0,0
0,0,0
0,0,0
0,0,0
0,0,0
0,0,0
0,0,0
0,0,0
0,0,0
0,0,0
0,0,0
0,0,0
0,0,0
0,0,0
0,0,0
0,0,0
0,0,0
0,0,0
0,0,0
0,0,0
0,0,0
0,0,0
0,0,0
0,0,0
0,0,0
0,0,0
0,0,0
0,0,0
0,0,0
0,0,0
0,0,0
0,0,0
0,0,0
0,0,0
0,0,0
0,0,0
0,0,0
0,0,0
0,0,0
0,0,0
0,0,0
0,0,0
0,0,0
0,0,0
0,0,0
0,0,0
0,0,0
0,0,0
0,0,0
0,0,0
0,0,0
0,0,0
0,0,0
0,0,0
0,0,0
0,0,0
0,0,0
0,0,0
0,0,0
0,0,0
0,0,0
0,0,0
0,0,0
0,0,0
0,0,0
0,0,0
0,0,0
0,0,0
0,0,0
0,0,0
0,0,0
0,0,0
0,0,0
0,0,0
0,0,0
0,0,0
0,0,0
0,0,0
0,0,0
0,0,0
0,0,0
0,0,0
0,0,0
0,0,0
0,0,0
0,0,0
0,0,0
0,0,0
0,0,0
0,0,0
0,0,0
0,0,0
0,0,0
0,0,0
0,0,0
0,0,0
0,0,0
0,0,0
0,0,0
0,0,0
0,0,0
0,0,0
0,0,0
0,0,0
0,0,0
0,0,0
0,0,0
0,0,0
0,0,0
0,0,0
0,0,0
0,0,0
0,0,0
0,0,0
0,0,0
0,0,0
0,0,0
0,0,0
0,0,0
0,0,0
0,0,0
0,0,0
0,0,0
0,0,0
0,0,0
0,0,0
0,0,0
0,0,0
0,0,0
0,0,0
0,0,0
0,0,0
0,0,0
0,0,0
0,0,0
0,0,0
0,0,0
0,0,0
0,0,0
0,0,0
0,0,0
0,0,0
0,0,0
0,0,0
0,0,0
0,0,0
0,0,0
0,0,0
0,0,0
0,0,0
0,0,0
0,0,0
0,0,0
0,0,0
0,0,0
0,0,0
0,0,0
0,0,0
0,0,0
0,0,0
0,0,0
0,0,0
0,0,0
0,0,0
0,0,0
0,0,0
0,0,0
0,0,0
0,0,0
0,0,0
0,0,0
0,0,0
0,0,0
0,0,0
0,0,0
0,0,0
0,0,0
0,0,0
0,0,0
0,0,0
0,0,0
0,0,0
0,0,0
0,0,0
0,0,0
0,0,0
0,0,0
0,0,0
0,0,0
0,0,0
0,0,0
0,0,0
0,0,0
0,0,0
0,0,0
0,0,0
0,0,0
0,0,0
0,0,0
0,0,0
0,0,0
0,0,0
0,0,0
0,0,0
0,0,0
0,0,0
0,0,0
0,0,0
0,0,0
0,0,0
0,0,0
0,0,0
0,0,0
0,0,0
0,0,0
0,0,0
0,0,0
0,0,0
0,0,0
0,0,0
0,0,0
0,0,0
0,0,0
0,0,0
0,0,0
0,0,0
0,0,0
0,0,0
0,0,0
0,0,0
0,0,0
0,0,0
0,0,0
0,0,0
0,0,0
0,0,0
0,0,0
0,0,0
0,0,0
0,0,0
0,0,0
0,0,0
0,0,0
0,0,0
0,0,0
0,0,0
0,0,0
0,0,0
0,0,0
0,0,0
0,0,0
0,0,0
0,0,0
0,0,0
0,0,0
0,0,0
0,0,0
0,0,0
0,0,0
0,0,0
0,0,0
0,0,0
0,0,0
0,0,0
0,0,0
0,0,0
0,0,0
0,0,0
0,0,0
0,0,0
0,0,0
0,0,0
0,0,0
0,0,0
0,0,0
0,0,0
0,0,0
0,0,0
0,0,0
0,0,0
0,0,0
0,0,0
0,0,0
0,0,0
0,0,0
0,0,0
0,0,0
0,0,0
0,0,0
0,0,0
0,0,0
0,0,0
0,0,0
0,0,0
0,0,0
0,0,0
0,0,0
0,0,0
0,0,0
0,0,0
0,0,0
0,0,0
0,0,0
0,0,0
0,0,0
0,0,0
0,0,0
0,0,0
0,0,0
0,0,0
0,0,0
0,0,0
0,0,0
0,0,0
0,0,0
0,0,0
0,0,0
0,0,0
0,0,0
0,0,0
0,0,0
0,0,0
0,0,0
0,0,0
0,0,0
0,0,0
0,0,0
0,0,0
0,0,0
0,0,0
0,0,0
0,0,0
0,0,0
0,0,0
0,0,0
0,0,0
0,0,0
0,0,0
0,0,0
0,0,0
0,0,0
0,0,0
0,0,0
0,0,0
0,0,0
0,0,0
0,0,0
0,0,0
0,0,0
0,0,0
0,0,0
0,0,0
0,0,0
0,0,0
0,0,0
0,0,0
0,0,0
0,0,0
0,0,0
0,0,0
0,0,0
0,0,0
0,0,0
0,0,0
0,0,0
0,0,0
0,0,0
0,0,0
0,0,0
0,0,0
0,0,0
0,0,0
0,0,0
0,0,0
0,0,0
0,0,0
0,0,0
0,0,0
0,0,0
0,0,0
0,0,0
0,0,0
0,0,0
0,0,0
0,0,0
0,0,0
0,0,0
0,0,0
0,0,0
0,0,0
0,0,0
0,0,0
0,0,0
0,0,0
0,0,0
0,0,0
0,0,0
0,0,0
0,0,0
0,0,0
0,0,0
0,0,0
0,0,0
0,0,0
0,0,0
0,0,0
0,0,0
0,0,0
0,0,0
0,0,0
0,0,0
0,0,0
0,0,0
0,0,0
0,0,0
0,0,0
0,0,0
0,0,0
0,0,0
0,0,0
0,0,0
0,0,0
0,0,0
0,0,0
0,0,0
0,0,0
0,0,0
0,0,0
0,0,0
0,0,0
0,0,0
0,0,0
0,0,0
0,0,0
0,0,0
0,0,0
0,0,0
0,0,0
0,0,0
0,0,0
0,0,0
0,0,0
0,0,0
0,0,0
0,0,0
0,0,0
0,0,0
0,0,0
0,0,0
0,0,0
0,0,0
0,0,0
0,0,0
0,0,0
0,0,0
0,0,0
0,0,0
0,0,0
0,0,0
0,0,0
0,0,0
0,0,0
0,0,0
0,0,0
0,0,0
0,0,0
0,0,0
0,0,0
0,0,0
0,0,0
0,0,0
0,0,0
0,0,0
0,0,0
0,0,0
0,0,0
0,0,0
0,0,0
0,0,0
0,0,0
0,0,0
0,0,0
0,0,0
0,0,0
0,0,0
0,0,0
0,0,0
0,0,0
0,0,0
0,0,0
0,0,0
0,0,0
0,0,0
0,0,0
0,0,0
0,0,0
0,0,0
0,0,0
0,0,0
0,0,0
0,0,0
0,0,0
0,0,0
0,0,0
0,0,0
0,0,0
0,0,0
0,0,0
0,0,0
0,0,0
0,0,0
0,0,0
0,0,0
0,0,0
0,0,0
0,0,0
0,0,0
0,0,0
0,0,0
0,0,0
0,0,0
0,0,0
0,0,0
0,0,0
0,0,0
0,0,0
0,0,0
0,0,0
0,0,0
0,0,0
0,0,0
0,0,0
0,0,0
0,0,0
0,0,0
0,0,0
0,0,0
0,0,0
0,0,0
0,0,0
0,0,0
0,0,0
0,0,0
0,0,0
0,0,0
0,0,0
0,0,0
0,0,0
0,0,0
0,0,0
0,0,0
0,0,0
0,0,0
0,0,0
0,0,0
0,0,0
0,0,0
0,0,0
0,0,0
0,0,0
0,0,0
0,0,0
0,0,0
0,0,0
0,0,0
0,0,0
0,0,0
0,0,0
0,0,0
0,0,0
0,0,0
0,0,0
0,0,0
0,0,0
0,0,0
0,0,0
0,0,0
0,0,0
0,0,0
0,0,0
0,0,0
0,0,0
0,0,0
0,0,0
0,0,0
0,0,0
0,0,0
0,0,0
0,0,0
0,0,0
0,0,0
0,0,0
0,0,0
0,0,0
0,0,0
0,0,0
0,0,0
0,0,0
0,0,0
0,0,0
0,0,0
0,0,0
0,0,0
0,0,0
0,0,0
0,0,0
0,0,0
0,0,0
0,0,0
0,0,0
0,0,0
0,0,0
0,0,0
0,0,0
0,0,0
0,0,0
0,0,0
0,0,0
0,0,0
0,0,0
0,0,0
0,0,0
0,0,0
0,0,0
0,0,0
0,0,0
0,0,0
0,0,0
0,0,0
0,0,0
0,0,0
0,0,0
0,0,0
0,0,0
0,0,0
0,0,0
0,0,0
0,0,0
0,0,0
0,0,0
0,0,0
0,0,0
0,0,0
0,0,0
0,0,0
0,0,0
0,0,0
0,0,0
0,0,0
0,0,0
0,0,0
0,0,0
0,0,0
0,0,0
0,0,0
0,0,0
0,0,0
0,0,0
0,0,0
0,0,0
0,0,0
0,0,0
0,0,0
0,0,0
0,0,0
0,0,0
0,0,0
0,0,0
0,0,0
0,0,0
0,0,0
0,0,0
0,0,0
0,0,0
0,0,0
0,0,0
0,0,0
0,0,0
0,0,0
0,0,0
0,0,0
0,0,0
0,0,0
0,0,0
0,0,0
0,0,0
0,0,0
0,0,0
0,0,0
0,0,0
0,0,0
0,0,0
0,0,0
0,0,0
0,0,0
0,0,0
0,0,0
0,0,0
0,0,0
0,0,0
0,0,0
0,0,0
0,0,0
0,0,0
0,0,0
0,0,0
0,0,0
0,0,0
0,0,0
0,0,0
0,0,0
0,0,0
0,0,0
0,0,0
0,0,0
0,0,0
0,0,0
0,0,0
0,0,0
0,0,0
0,0,0
0,0,0
0,0,0
0,0,0
0,0,0
0,0,0
0,0,0
0,0,0
0,0,0
0,0,0
0,0,0
0,0,0
0,0,0
0,0,0
0,0,0
0,0,0
0,0,0
0,0,0
0,0,0
0,0,0
0,0,0
0,0,0
0,0,0
0,0,0
0,0,0
0,0,0
0,0,0
0,0,0
0,0,0
0,0,0
0,0,0
0,0,0
0,0,0
0,0,0
0,0,0
0,0,0
0,0,0
0,0,0
0,0,0
0,0,0
0,0,0
0,0,0
0,0,0
0,0,0
0,0,0
0,0,0
0,0,0
0,0,0
0,0,0
0,0,0
0,0,0
0,0,0
0,0,0
0,0,0
0,0,0
0,0,0
0,0,0
0,0,0
0,0,0
0,0,0
0,0,0
0,0,0
0,0,0
0,0,0
0,0,0
0,0,0
0,0,0
0,0,0
0,0,0
0,0,0
0,0,0
0,0,0
0,0,0
0,0,0
0,0,0
0,0,0
0,0,0
0,0,0
0,0,0
0,0,0
0,0,0
0,0,0
0,0,0
0,0,0
0,0,0
0,0,0
0,0,0
0,0,0
0,0,0
0,0,0
0,0,0
0,0,0
0,0,0
0,0,0
0,0,0
0,0,0
0,0,0
0,0,0
0,0,0
0,0,0
0,0,0
0,0,0
0,0,0
0,0,0
0,0,0
0,0,0
0,0,0
0,0,0
0,0,0
0,0,0
0,0,0
0,0,0
0,0,0
0,0,0
0,0,0
0,0,0
0,0,0
0,0,0
0,0,0
0,0,0
0,0,0
0,0,0
0,0,0
0,0,0
0,0,0
0,0,0
0,0,0
0,0,0
0,0,0
0,0,0
0,0,0
0,0,0
0,0,0
0,0,0
0,0,0
0,0,0
0,0,0
0,0,0
0,0,0
0,0,0
0,0,0
0,0,0
0,0,0
0,0,0
0,0,0
0,0,0
0,0,0
0,0,0
0,0,0
0,0,0
0,0,0
0,0,0
0,0,0
0,0,0
0,0,0
0,0,0
0,0,0
0,0,0
0,0,0
0,0,0
0,0,0
0,0,0
0,0,0
0,0,0
0,0,0
0,0,0
0,0,0
0,0,0
0,0,0
0,0,0
0,0,0
0,0,0
0,0,0
0,0,0
0,0,0
0,0,0
0,0,0
0,0,0
0,0,0
0,0,0
0,0,0
0,0,0
0,0,0
0,0,0
0,0,0
0,0,0
0,0,0
0,0,0
0,0,0
0,0,0
0,0,0
0,0,0
0,0,0
0,0,0
0,0,0
0,0,0
0,0,0
0,0,0
0,0,0
0,0,0
0,0,0
0,0,0
0,0,0
0,0,0
0,0,0
0,0,0
0,0,0
0,0,0
0,0,0
0,0,0
0,0,0
0,0,0
0,0,0
0,0,0
0,0,0
0,0,0
0,0,0
0,0,0
0,0,0
0,0,0
0,0,0
0,0,0
0,0,0
0,0,0
0,0,0
0,0,0
0,0,0
0,0,0
0,0,0
0,0,0
0,0,0
0,0,0
0,0,0
0,0,0
0,0,0
0,0,0
0,0,0
0,0,0
0,0,0
0,0,0
0,0,0
0,0,0
0,0,0
0,0,0
0,0,0
0,0,0
0,0,0
0,0,0
0,0,0
0,0,0
0,0,0
0,0,0
0,0,0
0,0,0
0,0,0
0,0,0
0,0,0
0,0,0
0,0,0
0,0,0
0,0,0
0,0,0
0,0,0
0,0,0
0,0,0
0,0,0
0,0,0
0,0,0
0,0,0
0,0,0
0,0,0
0,0,0
0,0,0
0,0,0
0,0,0
0,0,0
0,0,0
0,0,0
0,0,0
0,0,0
0,0,0
0,0,0
0,0,0
0,0,0
0,0,0
0,0,0
0,0,0
0,0,0
0,0,0
0,0,0
0,0,0
0,0,0
0,0,0
0,0,0
0,0,0
0,0,0
0,0,0
0,0,0
0,0,0
0,0,0
0,0,0
0,0,0
0,0,0
0,0,0
0,0,0
0,0,0
0,0,0
0,0,0
0,0,0
0,0,0
0,0,0
0,0,0
0,0,0
0,0,0
0,0,0
0,0,0
0,0,0
0,0,0
0,0,0
0,0,0
0,0,0
0,0,0
0,0,0
0,0,0
0,0,0
0,0,0
0,0,0
0,0,0
0,0,0
0,0,0
0,0,0
0,0,0
0,0,0
0,0,0
0,0,0
0,0,0
0,0,0
0,0,0
0,0,0
0,0,0
0,0,0
0,0,0
0,0,0
0,0,0
0,0,0
0,0,0
0,0,0
0,0,0
0,0,0
0,0,0
0,0,0
0,0,0
0,0,0
0,0,0
0,0,0
0,0,0
0,0,0
0,0,0
0,0,0
0,0,0
0,0,0
0,0,0
0,0,0
0,0,0
0,0,0
0,0,0
0,0,0
0,0,0
0,0,0
0,0,0
0,0,0
0,0,0
0,0,0
0,0,0
0,0,0
0,0,0
0,0,0
0,0,0
0,0,0
0,0,0
0,0,0
0,0,0
0,0,0
0,0,0
0,0,0
0,0,0
0,0,0
0,0,0
0,0,0
0,0,0
0,0,0
0,0,0
0,0,0
0,0,0
0,0,0
0,0,0
0,0,0
0,0,0
0,0,0
0,0,0
0,0,0
0,0,0
0,0,0
0,0,0
0,0,0
0,0,0
0,0,0
0,0,0
0,0,0
0,0,0
0,0,0
0,0,0
0,0,0
0,0,0
0,0,0
0,0,0
0,0,0
0,0,0
0,0,0
0,0,0
0,0,0
0,0,0
0,0,0
0,0,0
0,0,0
0,0,0
0,0,0
0,0,0
0,0,0
0,0,0
0,0,0
0,0,0
0,0,0
0,0,0
0,0,0
0,0,0
0,0,0
0,0,0
0,0,0
0,0,0
0,0,0
0,0,0
0,0,0
0,0,0
0,0,0
0,0,0
0,0,0
0,0,0
0,0,0
0,0,0
0,0,0
0,0,0
0,0,0
0,0,0
0,0,0
0,0,0
0,0,0
0,0,0
0,0,0
0,0,0
0,0,0
0,0,0
0,0,0
0,0,0
0,0,0
0,0,0
0,0,0
0,0,0
0,0,0
0,0,0
0,0,0
0,0,0
0,0,0
0,0,0
0,0,0
0,0,0
0,0,0
0,0,0
0,0,0
0,0,0
0,0,0
0,0,0
0,0,0
0,0,0
0,0,0
0,0,0
0,0,0
0,0,0
0,0,0
0,0,0
0,0,0
0,0,0
0,0,0
0,0,0
0,0,0
0,0,0
0,0,0
0,0,0
0,0,0
0,0,0
0,0,0
0,0,0
0,0,0
0,0,0
0,0,0
0,0,0
0,0,0
0,0,0
0,0,0
0,0,0
0,0,0
0,0,0
0,0,0
0,0,0
0,0,0
0,0,0
0,0,0
0,0,0
0,0,0
0,0,0
0,0,0
0,0,0
0,0,0
0,0,0
0,0,0
0,0,0
0,0,0
0,0,0
0,0,0
0,0,0
0,0,0
0,0,0
0,0,0
0,0,0
0,0,0
0,0,0
0,0,0
0,0,0
0,0,0
0,0,0
0,0,0
0,0,0
0,0,0
0,0,0
0,0,0
0,0,0
0,0,0
0,0,0
0,0,0
0,0,0
0,0,0
0,0,0
0,0,0
0,0,0
0,0,0
0,0,0
0,0,0
0,0,0
0,0,0
0,0,0
0,0,0
0,0,0
0,0,0
0,0,0
0,0,0
0,0,0
0,0,0
0,0,0
0,0,0
0,0,0
0,0,0
0,0,0
0,0,0
0,0,0
0,0,0
0,0,0
0,0,0
0,0,0
0,0,0
0,0,0
0,0,0
0,0,0
0,0,0
0,0,0
0,0,0
0,0,0
0,0,0
0,0,0
0,0,0
0,0,0
0,0,0
0,0,0
0,0,0
0,0,0
0,0,0
0,0,0
0,0,0
0,0,0
0,0,0
0,0,0
0,0,0
0,0,0
0,0,0
0,0,0
0,0,0
0,0,0
0,0,0
0,0,0
0,0,0
0,0,0
0,0,0
0,0,0
0,0,0
0,0,0
0,0,0
0,0,0
0,0,0
0,0,0
0,0,0
0,0,0
0,0,0
0,0,0
0,0,0
0,0,0
0,0,0
0,0,0
0,0,0
0,0,0
0,0,0
0,0,0
0,0,0
0,0,0
0,0,0
0,0,0
0,0,0
0,0,0
0,0,0
0,0,0
0,0,0
0,0,0
0,0,0
0,0,0
0,0,0
0,0,0
0,0,0
0,0,0
0,0,0
0,0,0
0,0,0
0,0,0
0,0,0
0,0,0
0,0,0
0,0,0
0,0,0
0,0,0
0,0,0
0,0,0
0,0,0
0,0,0
0,0,0
0,0,0
0,0,0
0,0,0
0,0,0
0,0,0
0,0,0
0,0,0
0,0,0
0,0,0
0,0,0
0,0,0
0,0,0
0,0,0
0,0,0
0,0,0
0,0,0
0,0,0
0,0,0
0,0,0
0,0,0
0,0,0
0,0,0
0,0,0
0,0,0
0,0,0
0,0,0
0,0,0
0,0,0
0,0,0
0,0,0
0,0,0
0,0,0
0,0,0
0,0,0
0,0,0
0,0,0
0,0,0
0,0,0
0,0,0
0,0,0
0,0,0
0,0,0
0,0,0
0,0,0
0,0,0
0,0,0
0,0,0
0,0,0
0,0,0
0,0,0
0,0,0
0,0,0
0,0,0
0,0,0
0,0,0
0,0,0
0,0,0
0,0,0
0,0,0
0,0,0
0,0,0
0,0,0
0,0,0
0,0,0
0,0,0
0,0,0
0,0,0
0,0,0
0,0,0
0,0,0
0,0,0
0,0,0
0,0,0
0,0,0
0,0,0
0,0,0
0,0,0
0,0,0
0,0,0
0,0,0
0,0,0
0,0,0
0,0,0
0,0,0
0,0,0
0,0,0
0,0,0
0,0,0
0,0,0
0,0,0
0,0,0
0,0,0
0,0,0
0,0,0
0,0,0
0,0,0
0,0,0
0,0,0
0,0,0
0,0,0
0,0,0
0,0,0
0,0,0
0,0,0
0,0,0
0,0,0
0,0,0
0,0,0
0,0,0
0,0,0
0,0,0
0,0,0
0,0,0
0,0,0
0,0,0
0,0,0
0,0,0
0,0,0
0,0,0
0,0,0
0,0,0
0,0,0
0,0,0
0,0,0
0,0,0
0,0,0
0,0,0
0,0,0
0,0,0
0,0,0
0,0,0
0,0,0
0,0,0
0,0,0
0,0,0
0,0,0
0,0,0
0,0,0
0,0,0
0,0,0
0,0,0
0,0,0
0,0,0
0,0,0
0,0,0
0,0,0
0,0,0
0,0,0
0,0,0
0,0,0
0,0,0
0,0,0
0,0,0
0,0,0
0,0,0
0,0,0
0,0,0
0,0,0
0,0,0
0,0,0
0,0,0
0,0,0
0,0,0
0,0,0
0,0,0
0,0,0
0,0,0
0,0,0
0,0,0
0,0,0
0,0,0
0,0,0
0,0,0
0,0,0
0,0,0
0,0,0
0,0,0
0,0,0
0,0,0
0,0,0
0,0,0
0,0,0
0,0,0
0,0,0
0,0,0
0,0,0
0,0,0
0,0,0
0,0,0
0,0,0
0,0,0
0,0,0
0,0,0
0,0,0
0,0,0
0,0,0
0,0,0
0,0,0
0,0,0
0,0,0
0,0,0
0,0,0
0,0,0
0,0,0
0,0,0
0,0,0
0,0,0
0,0,0
0,0,0
0,0,0
0,0,0
0,0,0
0,0,0
0,0,0
0,0,0
0,0,0
0,0,0
0,0,0
0,0,0
0,0,0
0,0,0
0,0,0
0,0,0
0,0,0
0,0,0
0,0,0
0,0,0
0,0,0
0,0,0
0,0,0
0,0,0
0,0,0
0,0,0
0,0,0
0,0,0
0,0,0
0,0,0
0,0,0
0,0,0
0,0,0
0,0,0
0,0,0
0,0,0
0,0,0
0,0,0
0,0,0
0,0,0
0,0,0
0,0,0
0,0,0
0,0,0
0,0,0
0,0,0
0,0,0
0,0,0
0,0,0
0,0,0
0,0,0
0,0,0
0,0,0
0,0,0
0,0,0
0,0,0
0,0,0
0,0,0
0,0,0
0,0,0
0,0,0
0,0,0
0,0,0
0,0,0
0,0,0
0,0,0
0,0,0
0,0,0
0,0,0
0,0,0
0,0,0
0,0,0
0,0,0
0,0,0
0,0,0
0,0,0
0,0,0
0,0,0
0,0,0
0,0,0
0,0,0
0,0,0
0,0,0
0,0,0
0,0,0
0,0,0
0,0,0
0,0,0
0,0,0
0,0,0
0,0,0
0,0,0
0,0,0
0,0,0
0,0,0
0,0,0
0,0,0
0,0,0
0,0,0
0,0,0
0,0,0
0,0,0
0,0,0
0,0,0
0,0,0
0,0,0
0,0,0
0,0,0
0,0,0
0,0,0
0,0,0
0,0,0
0,0,0
0,0,0
0,0,0
0,0,0
0,0,0
0,0,0
0,0,0
0,0,0
0,0,0
0,0,0
0,0,0
0,0,0
0,0,0
0,0,0
0,0,0
0,0,0
0,0,0
0,0,0
0,0,0
0,0,0
0,0,0
0,0,0
0,0,0
0,0,0
0,0,0
0,0,0
0,0,0
0,0,0
0,0,0
0,0,0
0,0,0
0,0,0
0,0,0
0,0,0
0,0,0
0,0,0
0,0,0
0,0,0
0,0,0
0,0,0
0,0,0
0,0,0
0,0,0
0,0,0
0,0,0
0,0,0
0,0,0
0,0,0
0,0,0
0,0,0
0,0,0
0,0,0
0,0,0
0,0,0
0,0,0
0,0,0
0,0,0
0,0,0
0,0,0
0,0,0
0,0,0
0,0,0
0,0,0
0,0,0
0,0,0
0,0,0
0,0,0
0,0,0
0,0,0
0,0,0
0,0,0
0,0,0
0,0,0
0,0,0
0,0,0
0,0,0
0,0,0
0,0,0
0,0,0
0,0,0
0,0,0
0,0,0
0,0,0
0,0,0
0,0,0
0,0,0
0,0,0
0,0,0
0,0,0
0,0,0
0,0,0
0,0,0
0,0,0
0,0,0
0,0,0
0,0,0
0,0,0
0,0,0
0,0,0
0,0,0
0,0,0
0,0,0
0,0,0
0,0,0
0,0,0
0,0,0
0,0,0
0,0,0
0,0,0
0,0,0
0,0,0
0,0,0
0,0,0
0,0,0
0,0,0
0,0,0
0,0,0
0,0,0
0,0,0
0,0,0
0,0,0
0,0,0
0,0,0
0,0,0
0,0,0
0,0,0
0,0,0
0,0,0
0,0,0
0,0,0
0,0,0
0,0,0
0,0,0
0,0,0
0,0,0
0,0,0
0,0,0
0,0,0
0,0,0
0,0,0
0,0,0
0,0,0
0,0,0
0,0,0
0,0,0
0,0,0
0,0,0
0,0,0
0,0,0
0,0,0
0,0,0
0,0,0
0,0,0
0,0,0
0,0,0
0,0,0
0,0,0
0,0,0
0,0,0
0,0,0
0,0,0
0,0,0
0,0,0
0,0,0
0,0,0
0,0,0
0,0,0
0,0,0
0,0,0
0,0,0
0,0,0
0,0,0
0,0,0
0,0,0
0,0,0
0,0,0
0,0,0
0,0,0
0,0,0
0,0,0
0,0,0
0,0,0
0,0,0
0,0,0
0,0,0
0,0,0
0,0,0
0,0,0
0,0,0
0,0,0
0,0,0
0,0,0
0,0,0
0,0,0
0,0,0
0,0,0
0,0,0
0,0,0
0,0,0
0,0,0
0,0,0
0,0,0
0,0,0
0,0,0
0,0,0
0,0,0
0,0,0
0,0,0
0,0,0
0,0,0
0,0,0
0,0,0
0,0,0
0,0,0
0,0,0
0,0,0
0,0,0
0,0,0
0,0,0
0,0,0
0,0,0
0,0,0
0,0,0
0,0,0
0,0,0
0,0,0
0,0,0
0,0,0
0,0,0
0,0,0
0,0,0
0,0,0
0,0,0
0,0,0
0,0,0
0,0,0
0,0,0
0,0,0
0,0,0
0,0,0
0,0,0
0,0,0
0,0,0
0,0,0
0,0,0
0,0,0
0,0,0
0,0,0
0,0,0
0,0,0
0,0,0
0,0,0
0,0,0
0,0,0
0,0,0
0,0,0
0,0,0
0,0,0
0,0,0
0,0,0
0,0,0
0,0,0
0,0,0
0,0,0
0,0,0
0,0,0
0,0,0
0,0,0
0,0,0
0,0,0
0,0,0
0,0,0
0,0,0
0,0,0
0,0,0
0,0,0
0,0,0
0,0,0
0,0,0
0,0,0
0,0,0
0,0,0
0,0,0
0,0,0
0,0,0
0,0,0
0,0,0
0,0,0
0,0,0
0,0,0
0,0,0
0,0,0
0,0,0
0,0,0
0,0,0
0,0,0
0,0,0
0,0,0
0,0,0
0,0,0
0,0,0
0,0,0
0,0,0
0,0,0
0,0,0
0,0,0
0,0,0
0,0,0
0,0,0
0,0,0
0,0,0
0,0,0
0,0,0
0,0,0
0,0,0
0,0,0
0,0,0
0,0,0
0,0,0
0,0,0
0,0,0
0,0,0
0,0,0
0,0,0
0,0,0
0,0,0
0,0,0
0,0,0
0,0,0
0,0,0
0,0,0
0,0,0
0,0,0
0,0,0
0,0,0
0,0,0
0,0,0
0,0,0
0,0,0
0,0,0
0,0,0
0,0,0
0,0,0
0,0,0
0,0,0
0,0,0
0,0,0
0,0,0
0,0,0
0,0,0
0,0,0
0,0,0
0,0,0
0,0,0
0,0,0
0,0,0
0,0,0
0,0,0
0,0,0
0,0,0
0,0,0
0,0,0
0,0,0
0,0,0
0,0,0
0,0,0
0,0,0
0,0,0
0,0,0
0,0,0
0,0,0
0,0,0
0,0,0
0,0,0
0,0,0
0,0,0
0,0,0
0,0,0
0,0,0
0,0,0
0,0,0
0,0,0
0,0,0
0,0,0
0,0,0
0,0,0
0,0,0
0,0,0
0,0,0
0,0,0
0,0,0
0,0,0
0,0,0
0,0,0
0,0,0
0,0,0
0,0,0
0,0,0
0,0,0
0,0,0
0,0,0
0,0,0
0,0,0
0,0,0
0,0,0
0,0,0
0,0,0
0,0,0
0,0,0
0,0,0
0,0,0
0,0,0
0,0,0
0,0,0
0,0,0
0,0,0
0,0,0
0,0,0
0,0,0
0,0,0
0,0,0
0,0,0
0,0,0
0,0,0
0,0,0
0,0,0
0,0,0
0,0,0
0,0,0
0,0,0
0,0,0
0,0,0
0,0,0
0,0,0
0,0,0
0,0,0
0,0,0
0,0,0
0,0,0
0,0,0
0,0,0
0,0,0
0,0,0
0,0,0
0,0,0
0,0,0
0,0,0
0,0,0
0,0,0
0,0,0
0,0,0
0,0,0
0,0,0
0,0,0
0,0,0
0,0,0
0,0,0
0,0,0
0,0,0
0,0,0
0,0,0
0,0,0
0,0,0
0,0,0
0,0,0
0,0,0
0,0,0
0,0,0
0,0,0
0,0,0
0,0,0
0,0,0
0,0,0
0,0,0
0,0,0
0,0,0
0,0,0
0,0,0
0,0,0
0,0,0
0,0,0
0,0,0
0,0,0
0,0,0
0,0,0
0,0,0
0,0,0
0,0,0
0,0,0
0,0,0
0,0,0
0,0,0
0,0,0
0,0,0
0,0,0
0,0,0
0,0,0
0,0,0
0,0,0
0,0,0
0,0,0
0,0,0
0,0,0
0,0,0
0,0,0
0,0,0
0,0,0
0,0,0
0,0,0
0,0,0
0,0,0
0,0,0
0,0,0
0,0,0
0,0,0
0,0,0
0,0,0
0,0,0
0,0,0
0,0,0
0,0,0
0,0,0
0,0,0
0,0,0
0,0,0
0,0,0
0,0,0
0,0,0
0,0,0
0,0,0
0,0,0
0,0,0
0,0,0
0,0,0
0,0,0
0,0,0
0,0,0
0,0,0
0,0,0
0,0,0
0,0,0
0,0,0
0,0,0
0,0,0
0,0,0
0,0,0
0,0,0
0,0,0
0,0,0
0,0,0
0,0,0
0,0,0
0,0,0
0,0,0
0,0,0
0,0,0
0,0,0
0,0,0
0,0,0
0,0,0
0,0,0
0,0,0
0,0,0
0,0,0
0,0,0
0,0,0
0,0,0
0,0,0
0,0,0
0,0,0
0,0,0
0,0,0
0,0,0
0,0,0
0,0,0
0,0,0
0,0,0
0,0,0
0,0,0
0,0,0
0,0,0
0,0,0
0,0,0
0,0,0
0,0,0
0,0,0
0,0,0
0,0,0
0,0,0
0,0,0
0,0,0
0,0,0
0,0,0
0,0,0
0,0,0
0,0,0
0,0,0
0,0,0
0,0,0
0,0,0
0,0,0
0,0,0
0,0,0
0,0,0
0,0,0
0,0,0
0,0,0
0,0,0
0,0,0
0,0,0
0,0,0
0,0,0
0,0,0
0,0,0
0,0,0
0,0,0
0,0,0
0,0,0
0,0,0
0,0,0
0,0,0
0,0,0
0,0,0
0,0,0
0,0,0
0,0,0
0,0,0
0,0,0
0,0,0
0,0,0
0,0,0
0,0,0
0,0,0
0,0,0
0,0,0
0,0,0
0,0,0
0,0,0
0,0,0
0,0,0
0,0,0
0,0,0
0,0,0
0,0,0
0,0,0
0,0,0
0,0,0
0,0,0
0,0,0
0,0,0
0,0,0
0,0,0
0,0,0
0,0,0
0,0,0
0,0,0
0,0,0
0,0,0
0,0,0
0,0,0
0,0,0
0,0,0
0,0,0
0,0,0
0,0,0
0,0,0
0,0,0
0,0,0
0,0,0
0,0,0
0,0,0
0,0,0
0,0,0
0,0,0
0,0,0
0,0,0
0,0,0
0,0,0
0,0,0
0,0,0
0,0,0
0,0,0
0,0,0
0,0,0
0,0,0
0,0,0
0,0,0
0,0,0
0,0,0
0,0,0
0,0,0
0,0,0
0,0,0
0,0,0
0,0,0
0,0,0
0,0,0
0,0,0
0,0,0
0,0,0
0,0,0
0,0,0
0,0,0
0,0,0
0,0,0
0,0,0
0,0,0
0,0,0
0,0,0
0,0,0
0,0,0
0,0,0
0,0,0
0,0,0
0,0,0
0,0,0
0,0,0
0,0,0
0,0,0
0,0,0
0,0,0
0,0,0
0,0,0
0,0,0
0,0,0
0,0,0
0,0,0
0,0,0
0,0,0
0,0,0
0,0,0
0,0,0
0,0,0
0,0,0
0,0,0
0,0,0
0,0,0
0,0,0
0,0,0
0,0,0
0,0,0
0,0,0
0,0,0
0,0,0
0,0,0
0,0,0
0,0,0
0,0,0
0,0,0
0,0,0
0,0,0
0,0,0
0,0,0
0,0,0
0,0,0
0,0,0
0,0,0
0,0,0
0,0,0
0,0,0
0,0,0
0,0,0
0,0,0
0,0,0
0,0,0
0,0,0
0,0,0
0,0,0
0,0,0
0,0,0
0,0,0
0,0,0
0,0,0
0,0,0
0,0,0
0,0,0
0,0,0
0,0,0
0,0,0
0,0,0
0,0,0
0,0,0
0,0,0
0,0,0
0,0,0
0,0,0
0,0,0
0,0,0
0,0,0
0,0,0
0,0,0
0,0,0
0,0,0
0,0,0
0,0,0
0,0,0
0,0,0
0,0,0
0,0,0
0,0,0
0,0,0
0,0,0
0,0,0
0,0,0
0,0,0
0,0,0
0,0,0
0,0,0
0,0,0
0,0,0
0,0,0
0,0,0
0,0,0
0,0,0
0,0,0
0,0,0
0,0,0
0,0,0
0,0,0
0,0,0
0,0,0
0,0,0
0,0,0
0,0,0
0,0,0
0,0,0
0,0,0
0,0,0
0,0,0
0,0,0
0,0,0
0,0,0
0,0,0
0,0,0
0,0,0
0,0,0
0,0,0
0,0,0
0,0,0
0,0,0
0,0,0
0,0,0
0,0,0
0,0,0
0,0,0
0,0,0
0,0,0
0,0,0
0,0,0
0,0,0
0,0,0
0,0,0
0,0,0
0,0,0
0,0,0
0,0,0
0,0,0
0,0,0
0,0,0
0,0,0
0,0,0
0,0,0
0,0,0
0,0,0
0,0,0
0,0,0
0,0,0
0,0,0
0,0,0
0,0,0
0,0,0
0,0,0
0,0,0
0,0,0
0,0,0
0,0,0
0,0,0
0,0,0
0,0,0
0,0,0
0,0,0
0,0,0
0,0,0
0,0,0
0,0,0
0,0,0
0,0,0
0,0,0
0,0,0
0,0,0
0,0,0
0,0,0
0,0,0
0,0,0
0,0,0
0,0,0
0,0,0
0,0,0
0,0,0
0,0,0
0,0,0
0,0,0
0,0,0
0,0,0
0,0,0
0,0,0
0,0,0
0,0,0
0,0,0
0,0,0
0,0,0
0,0,0
0,0,0
0,0,0
0,0,0
0,0,0
0,0,0
0,0,0
0,0,0
0,0,0
0,0,0
0,0,0
0,0,0
0,0,0
0,0,0
0,0,0
0,0,0
0,0,0
0,0,0
0,0,0
0,0,0
0,0,0
0,0,0
0,0,0
0,0,0
0,0,0
0,0,0
0,0,0
0,0,0
0,0,0
0,0,0
0,0,0
0,0,0
0,0,0
0,0,0
0,0,0
0,0,0
0,0,0
0,0,0
0,0,0
0,0,0
0,0,0
0,0,0
0,0,0
0,0,0
0,0,0
0,0,0
0,0,0
0,0,0
0,0,0
0,0,0
0,0,0
0,0,0
0,0,0
0,0,0
0,0,0
0,0,0
0,0,0
0,0,0
0,0,0
0,0,0
0,0,0
0,0,0
0,0,0
0,0,0
0,0,0
0,0,0
0,0,0
0,0,0
0,0,0
0,0,0
0,0,0
0,0,0
0,0,0
0,0,0
0,0,0
0,0,0
0,0,0
0,0,0
0,0,0
0,0,0
0,0,0
0,0,0
0,0,0
0,0,0
0,0,0
0,0,0
0,0,0
0,0,0
0,0,0
0,0,0
0,0,0
0,0,0
0,0,0
0,0,0
0,0,0
0,0,0
0,0,0
0,0,0
0,0,0
0,0,0
0,0,0
0,0,0
0,0,0
0,0,0
0,0,0
0,0,0
0,0,0
0,0,0
0,0,0
0,0,0
0,0,0
0,0,0
0,0,0
0,0,0
0,0,0
0,0,0
0,0,0
0,0,0
0,0,0
0,0,0
0,0,0
0,0,0
0,0,0
0,0,0
0,0,0
0,0,0
0,0,0
0,0,0
0,0,0
0,0,0
0,0,0
0,0,0
0,0,0
0,0,0
0,0,0
0,0,0
0,0,0
0,0,0
0,0,0
0,0,0
0,0,0
0,0,0
0,0,0
0,0,0
0,0,0
0,0,0
0,0,0
0,0,0
0,0,0
0,0,0
0,0,0
0,0,0
0,0,0
0,0,0
0,0,0
0,0,0
0,0,0
0,0,0
0,0,0
0,0,0
0,0,0
0,0,0
0,0,0
0,0,0
0,0,0
0,0,0
0,0,0
0,0,0
0,0,0
0,0,0
0,0,0
0,0,0
0,0,0
0,0,0
0,0,0
0,0,0
0,0,0
0,0,0
0,0,0
0,0,0
0,0,0
0,0,0
0,0,0
0,0,0
0,0,0
0,0,0
0,0,0
0,0,0
0,0,0
0,0,0
0,0,0
0,0,0
0,0,0
0,0,0
0,0,0
0,0,0
0,0,0
0,0,0
0,0,0
0,0,0
0,0,0
0,0,0
0,0,0
0,0,0
0,0,0
0,0,0
0,0,0
0,0,0
0,0,0
0,0,0
0,0,0
0,0,0
0,0,0
0,0,0
0,0,0
0,0,0
0,0,0
0,0,0
0,0,0
0,0,0
0,0,0
0,0,0
0,0,0
0,0,0
0,0,0
0,0,0
0,0,0
0,0,0
0,0,0
0,0,0
0,0,0
0,0,0
0,0,0
0,0,0
0,0,0
0,0,0
0,0,0
0,0,0
0,0,0
0,0,0
0,0,0
0,0,0
0,0,0
0,0,0
0,0,0
0,0,0
0,0,0
0,0,0
0,0,0
0,0,0
0,0,0
0,0,0
0,0,0
0,0,0
0,0,0
0,0,0
0,0,0
0,0,0
0,0,0
0,0,0
0,0,0
0,0,0
0,0,0
0,0,0
0,0,0
0,0,0
0,0,0
0,0,0
0,0,0
0,0,0
0,0,0
0,0,0
0,0,0
0,0,0
0,0,0
0,0,0
0,0,0
0,0,0
0,0,0
0,0,0
0,0,0
0,0,0
0,0,0
0,0,0
0,0,0
0,0,0
0,0,0
0,0,0
0,0,0
0,0,0
0,0,0
0,0,0
0,0,0
0,0,0
0,0,0
0,0,0
0,0,0
0,0,0
0,0,0
0,0,0
0,0,0
0,0,0
0,0,0
0,0,0
0,0,0
0,0,0
0,0,0
0,0,0
0,0,0
0,0,0
0,0,0
0,0,0
0,0,0
0,0,0
0,0,0
0,0,0
0,0,0
0,0,0
0,0,0
0,0,0
0,0,0
0,0,0
0,0,0
0,0,0
0,0,0
0,0,0
0,0,0
0,0,0
0,0,0
0,0,0
0,0,0
0,0,0
0,0,0
0,0,0
0,0,0
0,0,0
0,0,0
0,0,0
0,0,0
0,0,0
0,0,0
0,0,0
0,0,0
0,0,0
0,0,0
0,0,0
0,0,0
0,0,0
0,0,0
0,0,0
0,0,0
0,0,0
0,0,0
0,0,0
0,0,0
0,0,0
0,0,0
0,0,0
0,0,0
0,0,0
0,0,0
0,0,0
0,0,0
0,0,0
0,0,0
0,0,0
0,0,0
0,0,0
0,0,0
0,0,0
0,0,0
0,0,0
0,0,0
0,0,0
0,0,0
0,0,0
0,0,0
0,0,0
0,0,0
0,0,0
0,0,0
0,0,0
0,0,0
0,0,0
0,0,0
0,0,0
0,0,0
0,0,0
0,0,0
0,0,0
0,0,0
0,0,0
0,0,0
0,0,0
0,0,0
0,0,0
0,0,0
0,0,0
0,0,0
0,0,0
0,0,0
0,0,0
0,0,0
0,0,0
0,0,0
0,0,0
0,0,0
0,0,0
0,0,0
0,0,0
0,0,0
0,0,0
0,0,0
0,0,0
0,0,0
0,0,0
0,0,0
0,0,0
0,0,0
0,0,0
0,0,0
0,0,0
0,0,0
0,0,0
0,0,0
0,0,0
0,0,0
0,0,0
0,0,0
0,0,0
0,0,0
0,0,0
0,0,0
0,0,0
0,0,0
0,0,0
0,0,0
0,0,0
0,0,0
0,0,0
0,0,0
0,0,0
0,0,0
0,0,0
0,0,0
0,0,0
0,0,0
0,0,0
0,0,0
0,0,0
0,0,0
0,0,0
0,0,0
0,0,0
0,0,0
0,0,0
0,0,0
0,0,0
0,0,0
0,0,0
0,0,0
0,0,0
0,0,0
0,0,0
0,0,0
0,0,0
0,0,0
0,0,0
0,0,0
0,0,0
0,0,0
0,0,0
0,0,0
0,0,0
0,0,0
0,0,0
0,0,0
0,0,0
0,0,0
0,0,0
0,0,0
0,0,0
0,0,0
0,0,0
0,0,0
0,0,0
0,0,0
0,0,0
0,0,0
0,0,0
0,0,0
0,0,0
0,0,0
0,0,0
0,0,0
0,0,0
0,0,0
0,0,0
0,0,0
0,0,0
0,0,0
0,0,0
0,0,0
0,0,0
0,0,0
0,0,0
0,0,0
0,0,0
0,0,0
0,0,0
0,0,0
0,0,0
0,0,0
0,0,0
0,0,0
0,0,0
0,0,0
0,0,0
0,0,0
0,0,0
0,0,0
0,0,0
0,0,0
0,0,0
0,0,0
0,0,0
0,0,0
0,0,0
0,0,0
0,0,0
0,0,0
0,0,0
0,0,0
0,0,0
0,0,0
0,0,0
0,0,0
0,0,0
0,0,0
0,0,0
0,0,0
0,0,0
0,0,0
0,0,0
0,0,0
0,0,0
0,0,0
0,0,0
0,0,0
0,0,0
0,0,0
0,0,0
0,0,0
0,0,0
0,0,0
0,0,0
0,0,0
0,0,0
0,0,0
0,0,0
0,0,0
0,0,0
0,0,0
0,0,0
0,0,0
0,0,0
0,0,0
0,0,0
0,0,0
0,0,0
0,0,0
0,0,0
0,0,0
0,0,0
0,0,0
0,0,0
0,0,0
0,0,0
0,0,0
0,0,0
0,0,0
0,0,0
0,0,0
0,0,0
0,0,0
0,0,0
0,0,0
0,0,0
0,0,0
0,0,0
0,0,0
0,0,0
0,0,0
0,0,0
0,0,0
0,0,0
0,0,0
0,0,0
0,0,0
0,0,0
0,0,0
0,0,0
0,0,0
0,0,0
0,0,0
0,0,0
0,0,0
0,0,0
0,0,0
0,0,0
0,0,0
0,0,0
0,0,0
0,0,0
0,0,0
0,0,0
0,0,0
0,0,0
0,0,0
0,0,0
0,0,0
0,0,0
0,0,0
0,0,0
0,0,0
0,0,0
0,0,0
0,0,0
0,0,0
0,0,0
0,0,0
0,0,0
0,0,0
0,0,0
0,0,0
0,0,0
0,0,0
0,0,0
0,0,0
0,0,0
0,0,0
0,0,0
0,0,0
0,0,0
0,0,0
0,0,0
0,0,0
0,0,0
0,0,0
0,0,0
0,0,0
0,0,0
0,0,0
0,0,0
0,0,0
0,0,0
0,0,0
0,0,0
0,0,0
0,0,0
0,0,0
0,0,0
0,0,0
0,0,0
0,0,0
0,0,0
0,0,0
0,0,0
0,0,0
0,0,0
0,0,0
0,0,0
0,0,0
0,0,0
0,0,0
0,0,0
0,0,0
0,0,0
0,0,0
0,0,0
0,0,0
0,0,0
0,0,0
0,0,0
0,0,0
0,0,0
0,0,0
0,0,0
0,0,0
0,0,0
0,0,0
0,0,0
0,0,0
0,0,0
0,0,0
0,0,0
0,0,0
0,0,0
0,0,0
0,0,0
0,0,0
0,0,0
0,0,0
0,0,0
0,0,0
0,0,0
0,0,0
0,0,0
0,0,0
0,0,0
0,0,0
0,0,0
0,0,0
0,0,0
0,0,0
0,0,0
0,0,0
0,0,0
0,0,0
0,0,0
0,0,0
0,0,0
0,0,0
0,0,0
0,0,0
0,0,0
0,0,0
0,0,0
0,0,0
0,0,0
0,0,0
0,0,0
0,0,0
0,0,0
0,0,0
0,0,0
0,0,0
0,0,0
0,0,0
0,0,0
0,0,0
0,0,0
0,0,0
0,0,0
0,0,0
0,0,0
0,0,0
0,0,0
0,0,0
0,0,0
0,0,0
0,0,0
0,0,0
0,0,0
0,0,0
0,0,0
0,0,0
0,0,0
51.4445,-24.3204,8.46708
0,0,0
49.7926,-24.2915,8.24454
49.7499,-24.6497,8.26228
48.9995,-24.6535,8.16303
0,0,0
0,0,0
0,0,0
0,0,0
0,0,0
0,0,0
0,0,0
0,0,0
0,0,0
0,0,0
0,0,0
0,0,0
0,0,0
0,0,0
0,0,0
0,0,0
0,0,0
0,0,0
0,0,0
0,0,0
0,0,0
0,0,0
0,0,0
0,0,0
0,0,0
0,0,0
0,0,0
0,0,0
0,0,0
0,0,0
0,0,0
0,0,0
0,0,0
0,0,0
0,0,0
0,0,0
0,0,0
0,0,0
0,0,0
0,0,0
0,0,0
0,0,0
0,0,0
0,0,0
0,0,0
0,0,0
0,0,0
0,0,0
0,0,0
0,0,0
0,0,0
0,0,0
0,0,0
0,0,0
0,0,0
0,0,0
0,0,0
0,0,0
0,0,0
0,0,0
0,0,0
0,0,0
0,0,0
0,0,0
0,0,0
0,0,0
0,0,0
0,0,0
0,0,0
0,0,0
0,0,0
0,0,0
0,0,0
0,0,0
0,0,0
0,0,0
0,0,0
0,0,0
0,0,0
0,0,0
0,0,0
0,0,0
0,0,0
0,0,0
0,0,0
0,0,0
0,0,0
0,0,0
0,0,0
0,0,0
0,0,0
0,0,0
0,0,0
0,0,0
0,0,0
0,0,0
0,0,0
0,0,0
0,0,0
0,0,0
0,0,0
0,0,0
0,0,0
0,0,0
0,0,0
0,0,0
0,0,0
0,0,0
0,0,0
0,0,0
0,0,0
0,0,0
0,0,0
0,0,0
0,0,0
0,0,0
0,0,0
0,0,0
0,0,0
0,0,0
0,0,0
0,0,0
0,0,0
0,0,0
0,0,0
0,0,0
0,0,0
0,0,0
0,0,0
0,0,0
0,0,0
0,0,0
0,0,0
0,0,0
0,0,0
0,0,0
0,0,0
0,0,0
0,0,0
0,0,0
0,0,0
0,0,0
0,0,0
0,0,0
0,0,0
0,0,0
0,0,0
0,0,0
0,0,0
0,0,0
0,0,0
0,0,0
0,0,0
0,0,0
0,0,0
0,0,0
0,0,0
0,0,0
0,0,0
0,0,0
0,0,0
0,0,0
0,0,0
0,0,0
0,0,0
0,0,0
0,0,0
0,0,0
0,0,0
0,0,0
0,0,0
0,0,0
0,0,0
0,0,0
0,0,0
0,0,0
0,0,0
0,0,0
0,0,0
0,0,0
0,0,0
0,0,0
0,0,0
0,0,0
0,0,0
0,0,0
0,0,0
0,0,0
0,0,0
0,0,0
0,0,0
0,0,0
0,0,0
0,0,0
0,0,0
0,0,0
0,0,0
0,0,0
0,0,0
0,0,0
0,0,0
0,0,0
0,0,0
0,0,0
0,0,0
0,0,0
0,0,0
0,0,0
0,0,0
0,0,0
0,0,0
0,0,0
0,0,0
0,0,0
0,0,0
0,0,0
0,0,0
0,0,0
0,0,0
0,0,0
0,0,0
0,0,0
0,0,0
0,0,0
0,0,0
0,0,0
0,0,0
0,0,0
0,0,0
0,0,0
0,0,0
0,0,0
0,0,0
0,0,0
0,0,0
0,0,0
0,0,0
0,0,0
0,0,0
0,0,0
0,0,0
0,0,0
0,0,0
0,0,0
0,0,0
0,0,0
0,0,0
0,0,0
0,0,0
0,0,0
0,0,0
0,0,0
0,0,0
0,0,0
0,0,0
0,0,0
0,0,0
0,0,0
0,0,0
0,0,0
0,0,0
0,0,0
0,0,0
0,0,0
0,0,0
0,0,0
0,0,0
0,0,0
0,0,0
0,0,0
0,0,0
0,0,0
0,0,0
0,0,0
0,0,0
0,0,0
0,0,0
0,0,0
0,0,0
0,0,0
0,0,0
0,0,0
0,0,0
0,0,0
0,0,0
0,0,0
0,0,0
0,0,0
0,0,0
0,0,0
0,0,0
0,0,0
0,0,0
0,0,0
0,0,0
0,0,0
0,0,0
0,0,0
0,0,0
0,0,0
0,0,0
0,0,0
0,0,0
0,0,0
0,0,0
0,0,0
0,0,0
0,0,0
0,0,0
0,0,0
0,0,0
0,0,0
0,0,0
0,0,0
0,0,0
0,0,0
0,0,0
0,0,0
0,0,0
0,0,0
0,0,0
0,0,0
0,0,0
0,0,0
0,0,0
0,0,0
0,0,0
0,0,0
0,0,0
0,0,0
0,0,0
0,0,0
0,0,0
0,0,0
0,0,0
0,0,0
0,0,0
0,0,0
0,0,0
0,0,0
0,0,0
0,0,0
0,0,0
0,0,0
0,0,0
0,0,0
0,0,0
0,0,0
0,0,0
0,0,0
0,0,0
0,0,0
0,0,0
0,0,0
0,0,0
0,0,0
0,0,0
0,0,0
0,0,0
0,0,0
0,0,0
0,0,0
0,0,0
0,0,0
0,0,0
0,0,0
0,0,0
0,0,0
0,0,0
0,0,0
0,0,0
0,0,0
0,0,0
0,0,0
0,0,0
0,0,0
0,0,0
0,0,0
0,0,0
0,0,0
0,0,0
0,0,0
0,0,0
0,0,0
0,0,0
0,0,0
0,0,0
0,0,0
0,0,0
0,0,0
0,0,0
0,0,0
0,0,0
0,0,0
0,0,0
0,0,0
0,0,0
0,0,0
0,0,0
0,0,0
0,0,0
0,0,0
0,0,0
0,0,0
0,0,0
0,0,0
0,0,0
0,0,0
0,0,0
0,0,0
0,0,0
0,0,0
0,0,0
0,0,0
0,0,0
0,0,0
0,0,0
0,0,0
0,0,0
0,0,0
0,0,0
0,0,0
0,0,0
0,0,0
0,0,0
0,0,0
0,0,0
0,0,0
0,0,0
0,0,0
0,0,0
0,0,0
0,0,0
0,0,0
0,0,0
0,0,0
0,0,0
0,0,0
0,0,0
0,0,0
0,0,0
0,0,0
0,0,0
0,0,0
0,0,0
0,0,0
0,0,0
0,0,0
0,0,0
0,0,0
0,0,0
0,0,0
0,0,0
0,0,0
0,0,0
0,0,0
0,0,0
0,0,0
0,0,0
0,0,0
0,0,0
0,0,0
0,0,0
0,0,0
0,0,0
0,0,0
0,0,0
0,0,0
0,0,0
0,0,0
0,0,0
0,0,0
0,0,0
0,0,0
0,0,0
0,0,0
0,0,0
0,0,0
0,0,0
0,0,0
0,0,0
0,0,0
0,0,0
0,0,0
0,0,0
0,0,0
0,0,0
0,0,0
0,0,0
0,0,0
0,0,0
0,0,0
0,0,0
0,0,0
0,0,0
0,0,0
0,0,0
0,0,0
0,0,0
0,0,0
0,0,0
0,0,0
0,0,0
0,0,0
0,0,0
0,0,0
0,0,0
0,0,0
0,0,0
0,0,0
0,0,0
0,0,0
0,0,0
0,0,0
0,0,0
0,0,0
0,0,0
0,0,0
0,0,0
0,0,0
0,0,0
0,0,0
0,0,0
0,0,0
0,0,0
0,0,0
0,0,0
0,0,0
0,0,0
0,0,0
0,0,0
0,0,0
0,0,0
0,0,0
0,0,0
0,0,0
0,0,0
0,0,0
0,0,0
0,0,0
0,0,0
0,0,0
0,0,0
0,0,0
0,0,0
0,0,0
0,0,0
0,0,0
0,0,0
0,0,0
0,0,0
0,0,0
0,0,0
0,0,0
0,0,0
0,0,0
0,0,0
0,0,0
0,0,0
0,0,0
0,0,0
0,0,0
0,0,0
0,0,0
0,0,0
0,0,0
0,0,0
0,0,0
0,0,0
0,0,0
0,0,0
0,0,0
0,0,0
0,0,0
0,0,0
0,0,0
0,0,0
0,0,0
0,0,0
0,0,0
0,0,0
0,0,0
0,0,0
0,0,0
0,0,0
0,0,0
0,0,0
0,0,0
0,0,0
0,0,0
0,0,0
0,0,0
0,0,0
0,0,0
0,0,0
0,0,0
0,0,0
0,0,0
0,0,0
0,0,0
0,0,0
0,0,0
0,0,0
0,0,0
0,0,0
0,0,0
0,0,0
0,0,0
0,0,0
0,0,0
0,0,0
0,0,0
0,0,0
0,0,0
0,0,0
0,0,0
0,0,0
0,0,0
0,0,0
0,0,0
0,0,0
0,0,0
0,0,0
0,0,0
0,0,0
0,0,0
0,0,0
0,0,0
0,0,0
0,0,0
0,0,0
0,0,0
0,0,0
0,0,0
0,0,0
0,0,0
0,0,0
0,0,0
0,0,0
0,0,0
0,0,0
0,0,0
0,0,0
0,0,0
0,0,0
0,0,0
0,0,0
0,0,0
0,0,0
0,0,0
0,0,0
0,0,0
0,0,0
0,0,0
0,0,0
0,0,0
0,0,0
0,0,0
0,0,0
0,0,0
0,0,0
0,0,0
0,0,0
0,0,0
0,0,0
0,0,0
0,0,0
0,0,0
0,0,0
0,0,0
0,0,0
0,0,0
0,0,0
0,0,0
0,0,0
0,0,0
0,0,0
0,0,0
0,0,0
0,0,0
0,0,0
0,0,0
0,0,0
0,0,0
0,0,0
0,0,0
0,0,0
0,0,0
0,0,0
0,0,0
0,0,0
0,0,0
0,0,0
0,0,0
0,0,0
0,0,0
0,0,0
0,0,0
0,0,0
0,0,0
0,0,0
0,0,0
0,0,0
0,0,0
0,0,0
0,0,0
0,0,0
0,0,0
0,0,0
0,0,0
0,0,0
0,0,0
0,0,0
0,0,0
0,0,0
0,0,0
0,0,0
0,0,0
0,0,0
0,0,0
0,0,0
0,0,0
0,0,0
0,0,0
0,0,0
0,0,0
0,0,0
0,0,0
0,0,0
0,0,0
0,0,0
0,0,0
0,0,0
0,0,0
0,0,0
0,0,0
0,0,0
0,0,0
0,0,0
0,0,0
0,0,0
0,0,0
0,0,0
0,0,0
0,0,0
0,0,0
0,0,0
0,0,0
0,0,0
0,0,0
0,0,0
0,0,0
0,0,0
0,0,0
0,0,0
0,0,0
0,0,0
0,0,0
0,0,0
0,0,0
0,0,0
0,0,0
0,0,0
0,0,0
0,0,0
0,0,0
0,0,0
0,0,0
0,0,0
0,0,0
0,0,0
0,0,0
0,0,0
0,0,0
0,0,0
0,0,0
0,0,0
0,0,0
0,0,0
0,0,0
0,0,0
0,0,0
0,0,0
0,0,0
0,0,0
0,0,0
0,0,0
0,0,0
0,0,0
0,0,0
0,0,0
0,0,0
0,0,0
0,0,0
0,0,0
0,0,0
0,0,0
0,0,0
0,0,0
0,0,0
0,0,0
0,0,0
0,0,0
0,0,0
0,0,0
0,0,0
0,0,0
0,0,0
0,0,0
0,0,0
0,0,0
0,0,0
0,0,0
0,0,0
0,0,0
0,0,0
0,0,0
0,0,0
0,0,0
0,0,0
0,0,0
0,0,0
0,0,0
0,0,0
0,0,0
0,0,0
0,0,0
0,0,0
0,0,0
0,0,0
0,0,0
0,0,0
0,0,0
0,0,0
0,0,0
0,0,0
0,0,0
0,0,0
0,0,0
0,0,0
0,0,0
0,0,0
0,0,0
0,0,0
0,0,0
0,0,0
0,0,0
0,0,0
0,0,0
0,0,0
0,0,0
0,0,0
0,0,0
0,0,0
0,0,0
0,0,0
0,0,0
0,0,0
0,0,0
0,0,0
0,0,0
0,0,0
0,0,0
0,0,0
0,0,0
0,0,0
0,0,0
0,0,0
0,0,0
0,0,0
0,0,0
0,0,0
0,0,0
0,0,0
0,0,0
0,0,0
0,0,0
0,0,0
0,0,0
0,0,0
0,0,0
0,0,0
0,0,0
0,0,0
0,0,0
0,0,0
0,0,0
0,0,0
0,0,0
0,0,0
0,0,0
0,0,0
0,0,0
0,0,0
0,0,0
0,0,0
0,0,0
0,0,0
0,0,0
0,0,0
0,0,0
0,0,0
0,0,0
0,0,0
0,0,0
0,0,0
0,0,0
0,0,0
0,0,0
0,0,0
0,0,0
0,0,0
0,0,0
0,0,0
0,0,0
0,0,0
0,0,0
0,0,0
0,0,0
0,0,0
0,0,0
0,0,0
0,0,0
0,0,0
0,0,0
0,0,0
0,0,0
0,0,0
0,0,0
0,0,0
0,0,0
0,0,0
0,0,0
0,0,0
0,0,0
0,0,0
0,0,0
0,0,0
0,0,0
0,0,0
0,0,0
0,0,0
0,0,0
0,0,0
0,0,0
0,0,0
0,0,0
0,0,0
0,0,0
0,0,0
0,0,0
0,0,0
0,0,0
0,0,0
0,0,0
0,0,0
0,0,0
0,0,0
0,0,0
0,0,0
0,0,0
0,0,0
0,0,0
0,0,0
0,0,0
0,0,0
0,0,0
0,0,0
0,0,0
0,0,0
0,0,0
0,0,0
0,0,0
0,0,0
0,0,0
0,0,0
0,0,0
0,0,0
0,0,0
0,0,0
0,0,0
0,0,0
0,0,0
0,0,0
0,0,0
0,0,0
0,0,0
0,0,0
0,0,0
0,0,0
0,0,0
0,0,0
0,0,0
0,0,0
0,0,0
0,0,0
0,0,0
0,0,0
0,0,0
0,0,0
0,0,0
51.6662,-23.6467,7.73666
51.1059,-23.7706,7.67473
50.1796,-23.7154,7.55786
49.9394,-23.9778,7.54376
49.77,-24.2733,7.54053
49.3368,-24.4379,7.49768
49.1125,-24.7033,7.48653
48.9723,-25.0104,7.48841
49.7126,-25.7743,7.62503
0,0,0
0,0,0
0,0,0
0,0,0
0,0,0
0,0,0
0,0,0
0,0,0
0,0,0
0,0,0
0,0,0
0,0,0
0,0,0
0,0,0
0,0,0
0,0,0
0,0,0
0,0,0
0,0,0
0,0,0
0,0,0
0,0,0
0,0,0
0,0,0
0,0,0
0,0,0
0,0,0
0,0,0
0,0,0
0,0,0
0,0,0
0,0,0
0,0,0
0,0,0
0,0,0
0,0,0
0,0,0
0,0,0
0,0,0
0,0,0
0,0,0
0,0,0
0,0,0
0,0,0
0,0,0
0,0,0
0,0,0
0,0,0
0,0,0
0,0,0
0,0,0
0,0,0
0,0,0
0,0,0
0,0,0
0,0,0
0,0,0
0,0,0
0,0,0
0,0,0
0,0,0
51.7115,-59.9131,10.7628
0,0,0
0,0,0
0,0,0
0,0,0
0,0,0
0,0,0
0,0,0
0,0,0
0,0,0
0,0,0
0,0,0
0,0,0
0,0,0
0,0,0
0,0,0
0,0,0
0,0,0
0,0,0
0,0,0
0,0,0
0,0,0
0,0,0
0,0,0
0,0,0
0,0,0
0,0,0
0,0,0
0,0,0
0,0,0
0,0,0
0,0,0
0,0,0
0,0,0
0,0,0
38.2013,-70.3783,10.8894
0,0,0
0,0,0
0,0,0
0,0,0
0,0,0
0,0,0
0,0,0
0,0,0
0,0,0
0,0,0
0,0,0
0,0,0
0,0,0
0,0,0
0,0,0
0,0,0
0,0,0
30.787,-75.5734,11.0963
0,0,0
29.7224,-75.6024,11.0463
0,0,0
0,0,0
0,0,0
0,0,0
0,0,0
0,0,0
0,0,0
0,0,0
0,0,0
0,0,0
0,0,0
0,0,0
0,0,0
0,0,0
0,0,0
0,0,0
0,0,0
0,0,0
0,0,0
0,0,0
0,0,0
0,0,0
0,0,0
0,0,0
0,0,0
0,0,0
0,0,0
0,0,0
0,0,0
0,0,0
0,0,0
0,0,0
0,0,0
0,0,0
0,0,0
0,0,0
0,0,0
0,0,0
0,0,0
0,0,0
0,0,0
0,0,0
0,0,0
0,0,0
0,0,0
0,0,0
0,0,0
0,0,0
0,0,0
0,0,0
0,0,0
0,0,0
0,0,0
0,0,0
0,0,0
0,0,0
0,0,0
0,0,0
0,0,0
0,0,0
0,0,0
0,0,0
0,0,0
0,0,0
0,0,0
0,0,0
0,0,0
0,0,0
0,0,0
0,0,0
0,0,0
0,0,0
0,0,0
0,0,0
0,0,0
0,0,0
0,0,0
0,0,0
0,0,0
0,0,0
0,0,0
0,0,0
0,0,0
0,0,0
0,0,0
0,0,0
0,0,0
0,0,0
0,0,0
0,0,0
0,0,0
0,0,0
0,0,0
0,0,0
0,0,0
0,0,0
0,0,0
0,0,0
0,0,0
0,0,0
0,0,0
0,0,0
0,0,0
0,0,0
0,0,0
0,0,0
0,0,0
0,0,0
0,0,0
0,0,0
0,0,0
0,0,0
0,0,0
0,0,0
0,0,0
0,0,0
0,0,0
0,0,0
0,0,0
0,0,0
0,0,0
0,0,0
0,0,0
0,0,0
0,0,0
0,0,0
0,0,0
0,0,0
0,0,0
0,0,0
0,0,0
0,0,0
0,0,0
0,0,0
0,0,0
0,0,0
0,0,0
0,0,0
0,0,0
0,0,0
0,0,0
0,0,0
0,0,0
0,0,0
0,0,0
0,0,0
0,0,0
0,0,0
0,0,0
0,0,0
0,0,0
0,0,0
0,0,0
0,0,0
0,0,0
0,0,0
0,0,0
0,0,0
0,0,0
0,0,0
0,0,0
0,0,0
0,0,0
0,0,0
0,0,0
0,0,0
0,0,0
0,0,0
0,0,0
0,0,0
0,0,0
0,0,0
0,0,0
0,0,0
0,0,0
0,0,0
0,0,0
0,0,0
0,0,0
0,0,0
0,0,0
0,0,0
0,0,0
0,0,0
0,0,0
0,0,0
0,0,0
0,0,0
0,0,0
0,0,0
0,0,0
0,0,0
0,0,0
0,0,0
0,0,0
0,0,0
0,0,0
0,0,0
0,0,0
0,0,0
0,0,0
0,0,0
0,0,0
0,0,0
0,0,0
0,0,0
0,0,0
0,0,0
0,0,0
0,0,0
0,0,0
0,0,0
0,0,0
0,0,0
0,0,0
0,0,0
0,0,0
0,0,0
0,0,0
0,0,0
0,0,0
0,0,0
0,0,0
0,0,0
0,0,0
0,0,0
0,0,0
0,0,0
0,0,0
0,0,0
0,0,0
0,0,0
0,0,0
0,0,0
0,0,0
0,0,0
0,0,0
0,0,0
0,0,0
0,0,0
0,0,0
0,0,0
0,0,0
0,0,0
0,0,0
0,0,0
0,0,0
0,0,0
0,0,0
0,0,0
0,0,0
0,0,0
0,0,0
0,0,0
0,0,0
0,0,0
0,0,0
0,0,0
0,0,0
0,0,0
0,0,0
0,0,0
0,0,0
0,0,0
0,0,0
0,0,0
0,0,0
0,0,0
0,0,0
0,0,0
0,0,0
0,0,0
0,0,0
0,0,0
0,0,0
0,0,0
0,0,0
0,0,0
0,0,0
0,0,0
0,0,0
0,0,0
0,0,0
0,0,0
0,0,0
0,0,0
0,0,0
0,0,0
0,0,0
0,0,0
0,0,0
0,0,0
0,0,0
0,0,0
0,0,0
0,0,0
0,0,0
0,0,0
0,0,0
0,0,0
0,0,0
0,0,0
0,0,0
0,0,0
0,0,0
0,0,0
0,0,0
0,0,0
0,0,0
0,0,0
0,0,0
0,0,0
0,0,0
0,0,0
0,0,0
0,0,0
0,0,0
0,0,0
0,0,0
0,0,0
0,0,0
0,0,0
0,0,0
0,0,0
0,0,0
0,0,0
0,0,0
0,0,0
0,0,0
0,0,0
0,0,0
0,0,0
0,0,0
0,0,0
0,0,0
0,0,0
0,0,0
0,0,0
0,0,0
0,0,0
0,0,0
0,0,0
0,0,0
0,0,0
0,0,0
0,0,0
0,0,0
0,0,0
0,0,0
0,0,0
0,0,0
0,0,0
0,0,0
0,0,0
0,0,0
0,0,0
0,0,0
0,0,0
0,0,0
0,0,0
0,0,0
0,0,0
0,0,0
0,0,0
0,0,0
0,0,0
0,0,0
0,0,0
0,0,0
0,0,0
0,0,0
0,0,0
0,0,0
0,0,0
0,0,0
0,0,0
0,0,0
0,0,0
0,0,0
0,0,0
0,0,0
0,0,0
0,0,0
0,0,0
0,0,0
0,0,0
0,0,0
0,0,0
0,0,0
0,0,0
0,0,0
0,0,0
0,0,0
0,0,0
0,0,0
0,0,0
0,0,0
0,0,0
0,0,0
0,0,0
0,0,0
0,0,0
0,0,0
0,0,0
0,0,0
0,0,0
0,0,0
0,0,0
0,0,0
0,0,0
0,0,0
0,0,0
0,0,0
0,0,0
0,0,0
0,0,0
0,0,0
0,0,0
0,0,0
0,0,0
0,0,0
0,0,0
0,0,0
0,0,0
0,0,0
0,0,0
0,0,0
0,0,0
0,0,0
0,0,0
0,0,0
0,0,0
0,0,0
0,0,0
0,0,0
0,0,0
0,0,0
0,0,0
0,0,0
0,0,0
0,0,0
0,0,0
0,0,0
0,0,0
0,0,0
0,0,0
0,0,0
0,0,0
0,0,0
0,0,0
0,0,0
0,0,0
0,0,0
0,0,0
0,0,0
0,0,0
0,0,0
0,0,0
0,0,0
0,0,0
0,0,0
0,0,0
0,0,0
0,0,0
0,0,0
0,0,0
0,0,0
0,0,0
0,0,0
0,0,0
0,0,0
0,0,0
0,0,0
0,0,0
0,0,0
0,0,0
0,0,0
0,0,0
0,0,0
0,0,0
0,0,0
0,0,0
0,0,0
0,0,0
0,0,0
0,0,0
0,0,0
0,0,0
0,0,0
0,0,0
0,0,0
0,0,0
0,0,0
0,0,0
0,0,0
0,0,0
0,0,0
0,0,0
0,0,0
0,0,0
0,0,0
0,0,0
0,0,0
0,0,0
0,0,0
0,0,0
0,0,0
0,0,0
0,0,0
0,0,0
0,0,0
0,0,0
0,0,0
0,0,0
0,0,0
0,0,0
0,0,0
0,0,0
0,0,0
0,0,0
0,0,0
0,0,0
0,0,0
0,0,0
0,0,0
0,0,0
0,0,0
0,0,0
0,0,0
0,0,0
0,0,0
0,0,0
0,0,0
0,0,0
0,0,0
0,0,0
0,0,0
0,0,0
0,0,0
0,0,0
0,0,0
0,0,0
0,0,0
0,0,0
0,0,0
0,0,0
0,0,0
0,0,0
0,0,0
0,0,0
0,0,0
0,0,0
0,0,0
0,0,0
0,0,0
0,0,0
0,0,0
0,0,0
0,0,0
0,0,0
0,0,0
0,0,0
0,0,0
0,0,0
0,0,0
0,0,0
0,0,0
0,0,0
0,0,0
0,0,0
0,0,0
0,0,0
0,0,0
0,0,0
0,0,0
0,0,0
0,0,0
0,0,0
0,0,0
0,0,0
0,0,0
0,0,0
0,0,0
0,0,0
0,0,0
0,0,0
0,0,0
0,0,0
0,0,0
0,0,0
0,0,0
0,0,0
0,0,0
0,0,0
0,0,0
0,0,0
0,0,0
0,0,0
0,0,0
0,0,0
0,0,0
0,0,0
0,0,0
0,0,0
0,0,0
0,0,0
0,0,0
0,0,0
0,0,0
0,0,0
0,0,0
0,0,0
0,0,0
0,0,0
0,0,0
0,0,0
0,0,0
0,0,0
0,0,0
0,0,0
0,0,0
0,0,0
0,0,0
0,0,0
0,0,0
0,0,0
0,0,0
0,0,0
0,0,0
0,0,0
0,0,0
0,0,0
0,0,0
0,0,0
0,0,0
0,0,0
0,0,0
0,0,0
0,0,0
0,0,0
0,0,0
0,0,0
0,0,0
0,0,0
0,0,0
0,0,0
0,0,0
0,0,0
0,0,0
0,0,0
0,0,0
0,0,0
0,0,0
0,0,0
0,0,0
0,0,0
0,0,0
0,0,0
0,0,0
0,0,0
0,0,0
0,0,0
0,0,0
0,0,0
0,0,0
0,0,0
0,0,0
0,0,0
0,0,0
0,0,0
0,0,0
0,0,0
0,0,0
0,0,0
0,0,0
0,0,0
0,0,0
0,0,0
0,0,0
0,0,0
0,0,0
0,0,0
0,0,0
0,0,0
0,0,0
0,0,0
0,0,0
0,0,0
0,0,0
0,0,0
0,0,0
0,0,0
0,0,0
0,0,0
0,0,0
0,0,0
0,0,0
0,0,0
0,0,0
0,0,0
0,0,0
0,0,0
0,0,0
0,0,0
0,0,0
0,0,0
0,0,0
0,0,0
0,0,0
0,0,0
0,0,0
0,0,0
0,0,0
0,0,0
0,0,0
0,0,0
0,0,0
0,0,0
0,0,0
0,0,0
0,0,0
0,0,0
0,0,0
0,0,0
0,0,0
0,0,0
0,0,0
0,0,0
0,0,0
0,0,0
0,0,0
0,0,0
0,0,0
0,0,0
0,0,0
0,0,0
0,0,0
0,0,0
0,0,0
0,0,0
0,0,0
0,0,0
0,0,0
0,0,0
0,0,0
0,0,0
0,0,0
0,0,0
0,0,0
0,0,0
0,0,0
0,0,0
0,0,0
0,0,0
0,0,0
0,0,0
0,0,0
0,0,0
0,0,0
0,0,0
0,0,0
0,0,0
0,0,0
0,0,0
0,0,0
0,0,0
0,0,0
0,0,0
0,0,0
0,0,0
0,0,0
0,0,0
0,0,0
0,0,0
0,0,0
0,0,0
0,0,0
0,0,0
0,0,0
0,0,0
0,0,0
0,0,0
0,0,0
0,0,0
0,0,0
0,0,0
0,0,0
0,0,0
0,0,0
0,0,0
0,0,0
0,0,0
0,0,0
0,0,0
0,0,0
0,0,0
0,0,0
0,0,0
0,0,0
0,0,0
0,0,0
0,0,0
0,0,0
0,0,0
0,0,0
0,0,0
0,0,0
0,0,0
0,0,0
0,0,0
0,0,0
0,0,0
0,0,0
0,0,0
0,0,0
0,0,0
0,0,0
0,0,0
0,0,0
0,0,0
0,0,0
0,0,0
0,0,0
0,0,0
0,0,0
0,0,0
0,0,0
0,0,0
0,0,0
0,0,0
0,0,0
0,0,0
0,0,0
0,0,0
0,0,0
0,0,0
0,0,0
0,0,0
0,0,0
0,0,0
0,0,0
0,0,0
0,0,0
0,0,0
0,0,0
0,0,0
0,0,0
0,0,0
0,0,0
0,0,0
0,0,0
0,0,0
0,0,0
0,0,0
0,0,0
0,0,0
0,0,0
0,0,0
0,0,0
0,0,0
0,0,0
0,0,0
0,0,0
0,0,0
0,0,0
0,0,0
0,0,0
0,0,0
0,0,0
0,0,0
0,0,0
0,0,0
0,0,0
0,0,0
0,0,0
0,0,0
0,0,0
0,0,0
0,0,0
0,0,0
0,0,0
0,0,0
0,0,0
0,0,0
0,0,0
0,0,0
0,0,0
0,0,0
0,0,0
0,0,0
0,0,0
0,0,0
0,0,0
0,0,0
0,0,0
0,0,0
0,0,0
0,0,0
0,0,0
0,0,0
0,0,0
0,0,0
0,0,0
0,0,0
0,0,0
0,0,0
0,0,0
0,0,0
0,0,0
0,0,0
0,0,0
0,0,0
51.0463,-22.6165,6.91924
50.7844,-22.8743,6.90272
50.1684,-22.9682,6.83834
50.1453,-23.3308,6.8545
49.54,-23.4201,6.79159
49.2817,-23.669,6.77605
49.2408,-24.0223,6.79049
49.0756,-24.3156,6.78816
49.4566,-24.8835,6.86147
50.0074,-25.5463,6.95902
48.7352,-25.2747,6.80419
48.6573,-25.6144,6.81509
0,0,0
0,0,0
0,0,0
0,0,0
0,0,0
0,0,0
0,0,0
0,0,0
0,0,0
0,0,0
0,0,0
0,0,0
0,0,0
0,0,0
0,0,0
0,0,0
0,0,0
0,0,0
0,0,0
0,0,0
0,0,0
0,0,0
0,0,0
0,0,0
0,0,0
0,0,0
0,0,0
0,0,0
0,0,0
0,0,0
0,0,0
0,0,0
0,0,0
0,0,0
0,0,0
49.6154,-42.2551,8.0708
0,0,0
46.3538,-40.4692,7.62237
46.1931,-40.8311,7.63693
48.7077,-43.5891,8.09466
48.3878,-43.8405,8.0861
0,0,0
0,0,0
0,0,0
0,0,0
0,0,0
0,0,0
0,0,0
0,0,0
0,0,0
0,0,0
0,0,0
0,0,0
0,0,0
0,0,0
0,0,0
0,0,0
0,0,0
0,0,0
0,0,0
0,0,0
0,0,0
50.5635,-60.0705,9.71681
49.8526,-59.969,9.65096
0,0,0
0,0,0
0,0,0
0,0,0
0,0,0
0,0,0
0,0,0
46.5912,-61.9986,9.59785
0,0,0
0,0,0
0,0,0
0,0,0
0,0,0
0,0,0
0,0,0
0,0,0
0,0,0
0,0,0
0,0,0
0,0,0
0,0,0
42.798,-68.4842,9.99292
0,0,0
0,0,0
0,0,0
0,0,0
0,0,0
0,0,0
0,0,0
0,0,0
0,0,0
0,0,0
0,0,0
0,0,0
0,0,0
0,0,0
0,0,0
0,0,0
0,0,0
0,0,0
0,0,0
0,0,0
0,0,0
0,0,0
0,0,0
0,0,0
0,0,0
0,0,0
0,0,0
0,0,0
0,0,0
0,0,0
0,0,0
0,0,0
0,0,0
0,0,0
0,0,0
0,0,0
0,0,0
0,0,0
0,0,0
0,0,0
0,0,0
0,0,0
0,0,0
0,0,0
0,0,0
0,0,0
0,0,0
0,0,0
0,0,0
0,0,0
0,0,0
0,0,0
0,0,0
0,0,0
0,0,0
0,0,0
0,0,0
0,0,0
0,0,0
0,0,0
0,0,0
0,0,0
0,0,0
0,0,0
0,0,0
0,0,0
0,0,0
0,0,0
0,0,0
0,0,0
0,0,0
0,0,0
0,0,0
0,0,0
0,0,0
0,0,0
0,0,0
0,0,0
0,0,0
0,0,0
0,0,0
0,0,0
0,0,0
0,0,0
0,0,0
0,0,0
0,0,0
0,0,0
0,0,0
0,0,0
0,0,0
0,0,0
0,0,0
0,0,0
0,0,0
0,0,0
0,0,0
0,0,0
0,0,0
0,0,0
0,0,0
0,0,0
0,0,0
0,0,0
0,0,0
0,0,0
0,0,0
0,0,0
0,0,0
0,0,0
0,0,0
0,0,0
0,0,0
0,0,0
0,0,0
0,0,0
0,0,0
0,0,0
0,0,0
0,0,0
0,0,0
0,0,0
0,0,0
0,0,0
0,0,0
0,0,0
0,0,0
0,0,0
0,0,0
0,0,0
0,0,0
0,0,0
0,0,0
0,0,0
0,0,0
0,0,0
0,0,0
0,0,0
0,0,0
0,0,0
0,0,0
0,0,0
0,0,0
0,0,0
0,0,0
0,0,0
0,0,0
0,0,0
0,0,0
0,0,0
0,0,0
0,0,0
0,0,0
0,0,0
0,0,0
0,0,0
0,0,0
0,0,0
0,0,0
0,0,0
0,0,0
0,0,0
0,0,0
0,0,0
0,0,0
0,0,0
0,0,0
0,0,0
0,0,0
0,0,0
0,0,0
0,0,0
0,0,0
0,0,0
0,0,0
0,0,0
0,0,0
0,0,0
0,0,0
0,0,0
0,0,0
0,0,0
0,0,0
0,0,0
0,0,0
0,0,0
0,0,0
0,0,0
0,0,0
0,0,0
0,0,0
0,0,0
0,0,0
0,0,0
0,0,0
0,0,0
0,0,0
0,0,0
0,0,0
0,0,0
0,0,0
0,0,0
0,0,0
0,0,0
0,0,0
0,0,0
0,0,0
0,0,0
0,0,0
0,0,0
0,0,0
0,0,0
0,0,0
0,0,0
0,0,0
0,0,0
0,0,0
0,0,0
0,0,0
0,0,0
0,0,0
0,0,0
0,0,0
0,0,0
0,0,0
0,0,0
0,0,0
0,0,0
0,0,0
0,0,0
0,0,0
0,0,0
0,0,0
0,0,0
0,0,0
0,0,0
0,0,0
0,0,0
0,0,0
0,0,0
0,0,0
0,0,0
0,0,0
0,0,0
0,0,0
0,0,0
0,0,0
0,0,0
0,0,0
0,0,0
0,0,0
0,0,0
0,0,0
0,0,0
0,0,0
0,0,0
0,0,0
0,0,0
0,0,0
0,0,0
0,0,0
0,0,0
0,0,0
0,0,0
0,0,0
0,0,0
0,0,0
0,0,0
0,0,0
0,0,0
0,0,0
0,0,0
0,0,0
0,0,0
0,0,0
0,0,0
0,0,0
0,0,0
0,0,0
0,0,0
0,0,0
0,0,0
0,0,0
0,0,0
0,0,0
0,0,0
0,0,0
0,0,0
0,0,0
0,0,0
0,0,0
0,0,0
0,0,0
0,0,0
0,0,0
0,0,0
0,0,0
0,0,0
0,0,0
0,0,0
0,0,0
0,0,0
0,0,0
0,0,0
0,0,0
0,0,0
0,0,0
0,0,0
0,0,0
0,0,0
0,0,0
0,0,0
0,0,0
0,0,0
0,0,0
0,0,0
0,0,0
0,0,0
0,0,0
0,0,0
0,0,0
0,0,0
0,0,0
0,0,0
0,0,0
0,0,0
0,0,0
0,0,0
0,0,0
0,0,0
0,0,0
0,0,0
0,0,0
0,0,0
0,0,0
0,0,0
0,0,0
0,0,0
0,0,0
0,0,0
0,0,0
0,0,0
0,0,0
0,0,0
0,0,0
0,0,0
0,0,0
0,0,0
0,0,0
0,0,0
0,0,0
0,0,0
0,0,0
0,0,0
0,0,0
0,0,0
0,0,0
0,0,0
0,0,0
0,0,0
0,0,0
0,0,0
0,0,0
0,0,0
0,0,0
0,0,0
0,0,0
0,0,0
0,0,0
0,0,0
0,0,0
0,0,0
0,0,0
0,0,0
0,0,0
0,0,0
0,0,0
0,0,0
0,0,0
0,0,0
0,0,0
0,0,0
0,0,0
0,0,0
0,0,0
0,0,0
0,0,0
0,0,0
0,0,0
0,0,0
0,0,0
0,0,0
0,0,0
0,0,0
0,0,0
0,0,0
0,0,0
0,0,0
0,0,0
0,0,0
0,0,0
0,0,0
0,0,0
0,0,0
0,0,0
0,0,0
0,0,0
0,0,0
0,0,0
0,0,0
0,0,0
0,0,0
0,0,0
0,0,0
0,0,0
0,0,0
0,0,0
0,0,0
0,0,0
0,0,0
0,0,0
0,0,0
0,0,0
0,0,0
0,0,0
0,0,0
0,0,0
0,0,0
0,0,0
0,0,0
0,0,0
0,0,0
0,0,0
0,0,0
0,0,0
0,0,0
0,0,0
0,0,0
0,0,0
0,0,0
0,0,0
0,0,0
0,0,0
0,0,0
0,0,0
0,0,0
0,0,0
0,0,0
0,0,0
0,0,0
0,0,0
0,0,0
0,0,0
0,0,0
0,0,0
0,0,0
0,0,0
0,0,0
0,0,0
0,0,0
0,0,0
0,0,0
0,0,0
0,0,0
0,0,0
0,0,0
0,0,0
0,0,0
0,0,0
0,0,0
0,0,0
0,0,0
0,0,0
0,0,0
0,0,0
0,0,0
0,0,0
0,0,0
0,0,0
0,0,0
0,0,0
0,0,0
0,0,0
0,0,0
0,0,0
0,0,0
0,0,0
0,0,0
0,0,0
0,0,0
0,0,0
0,0,0
0,0,0
0,0,0
0,0,0
0,0,0
0,0,0
0,0,0
0,0,0
0,0,0
0,0,0
0,0,0
0,0,0
0,0,0
0,0,0
0,0,0
0,0,0
0,0,0
0,0,0
0,0,0
0,0,0
0,0,0
0,0,0
0,0,0
0,0,0
0,0,0
0,0,0
0,0,0
0,0,0
0,0,0
0,0,0
0,0,0
0,0,0
0,0,0
0,0,0
0,0,0
0,0,0
0,0,0
0,0,0
0,0,0
0,0,0
0,0,0
0,0,0
0,0,0
0,0,0
0,0,0
0,0,0
0,0,0
0,0,0
0,0,0
0,0,0
0,0,0
0,0,0
0,0,0
0,0,0
0,0,0
0,0,0
0,0,0
0,0,0
0,0,0
0,0,0
0,0,0
0,0,0
0,0,0
0,0,0
0,0,0
0,0,0
0,0,0
0,0,0
0,0,0
0,0,0
0,0,0
0,0,0
0,0,0
0,0,0
0,0,0
0,0,0
0,0,0
0,0,0
0,0,0
0,0,0
0,0,0
0,0,0
0,0,0
0,0,0
0,0,0
0,0,0
0,0,0
0,0,0
0,0,0
0,0,0
0,0,0
0,0,0
0,0,0
0,0,0
0,0,0
0,0,0
0,0,0
0,0,0
0,0,0
0,0,0
0,0,0
0,0,0
0,0,0
0,0,0
0,0,0
0,0,0
0,0,0
0,0,0
0,0,0
0,0,0
0,0,0
0,0,0
0,0,0
0,0,0
0,0,0
0,0,0
0,0,0
0,0,0
0,0,0
0,0,0
0,0,0
0,0,0
0,0,0
0,0,0
0,0,0
0,0,0
0,0,0
0,0,0
0,0,0
0,0,0
0,0,0
0,0,0
0,0,0
0,0,0
0,0,0
0,0,0
0,0,0
0,0,0
0,0,0
0,0,0
0,0,0
0,0,0
0,0,0
0,0,0
0,0,0
0,0,0
0,0,0
0,0,0
0,0,0
0,0,0
0,0,0
0,0,0
0,0,0
0,0,0
0,0,0
0,0,0
0,0,0
0,0,0
0,0,0
0,0,0
0,0,0
0,0,0
0,0,0
0,0,0
0,0,0
0,0,0
0,0,0
0,0,0
0,0,0
0,0,0
0,0,0
0,0,0
0,0,0
0,0,0
0,0,0
0,0,0
0,0,0
0,0,0
0,0,0
0,0,0
0,0,0
0,0,0
0,0,0
0,0,0
0,0,0
0,0,0
0,0,0
0,0,0
0,0,0
0,0,0
0,0,0
0,0,0
0,0,0
0,0,0
0,0,0
0,0,0
0,0,0
0,0,0
0,0,0
0,0,0
0,0,0
0,0,0
0,0,0
0,0,0
0,0,0
0,0,0
0,0,0
0,0,0
0,0,0
0,0,0
0,0,0
0,0,0
0,0,0
0,0,0
0,0,0
0,0,0
0,0,0
0,0,0
0,0,0
0,0,0
0,0,0
0,0,0
0,0,0
0,0,0
0,0,0
0,0,0
0,0,0
0,0,0
0,0,0
0,0,0
0,0,0
0,0,0
0,0,0
0,0,0
0,0,0
0,0,0
0,0,0
0,0,0
0,0,0
0,0,0
0,0,0
0,0,0
0,0,0
0,0,0
0,0,0
0,0,0
0,0,0
0,0,0
0,0,0
0,0,0
0,0,0
0,0,0
0,0,0
0,0,0
0,0,0
0,0,0
0,0,0
0,0,0
0,0,0
0,0,0
0,0,0
0,0,0
0,0,0
0,0,0
0,0,0
0,0,0
0,0,0
0,0,0
0,0,0
0,0,0
0,0,0
0,0,0
0,0,0
0,0,0
0,0,0
0,0,0
0,0,0
0,0,0
0,0,0
0,0,0
0,0,0
0,0,0
0,0,0
0,0,0
0,0,0
0,0,0
0,0,0
0,0,0
0,0,0
0,0,0
0,0,0
0,0,0
0,0,0
0,0,0
0,0,0
0,0,0
0,0,0
0,0,0
0,0,0
0,0,0
0,0,0
0,0,0
0,0,0
0,0,0
0,0,0
0,0,0
0,0,0
0,0,0
0,0,0
0,0,0
0,0,0
0,0,0
0,0,0
0,0,0
0,0,0
0,0,0
0,0,0
0,0,0
0,0,0
0,0,0
0,0,0
0,0,0
0,0,0
0,0,0
0,0,0
0,0,0
0,0,0
0,0,0
0,0,0
0,0,0
0,0,0
0,0,0
0,0,0
0,0,0
0,0,0
0,0,0
0,0,0
0,0,0
0,0,0
0,0,0
0,0,0
0,0,0
0,0,0
0,0,0
0,0,0
0,0,0
0,0,0
0,0,0
0,0,0
0,0,0
0,0,0
0,0,0
0,0,0
0,0,0
0,0,0
0,0,0
0,0,0
0,0,0
0,0,0
0,0,0
0,0,0
0,0,0
0,0,0
0,0,0
0,0,0
0,0,0
0,0,0
0,0,0
0,0,0
0,0,0
0,0,0
0,0,0
0,0,0
0,0,0
0,0,0
0,0,0
0,0,0
0,0,0
0,0,0
0,0,0
0,0,0
0,0,0
0,0,0
0,0,0
0,0,0
0,0,0
0,0,0
0,0,0
0,0,0
0,0,0
0,0,0
0,0,0
0,0,0
0,0,0
0,0,0
0,0,0
0,0,0
0,0,0
0,0,0
0,0,0
0,0,0
0,0,0
0,0,0
0,0,0
0,0,0
0,0,0
0,0,0
0,0,0
0,0,0
0,0,0
0,0,0
0,0,0
0,0,0
0,0,0
0,0,0
0,0,0
0,0,0
0,0,0
0,0,0
0,0,0
50.3364,-22.6761,6.17824
50.1159,-22.9477,6.1684
49.4326,-23.0028,6.10193
49.3345,-23.3265,6.10735
49.2093,-23.6378,6.10967
48.9758,-23.8966,6.09883
48.911,-24.2377,6.10912
48.5199,-24.4158,6.07903
0,0,0
48.5828,-25.1993,6.12493
48.8318,-25.7099,6.17581
0,0,0
0,0,0
0,0,0
0,0,0
0,0,0
0,0,0
0,0,0
0,0,0
0,0,0
0,0,0
0,0,0
0,0,0
0,0,0
0,0,0
0,0,0
0,0,0
0,0,0
0,0,0
0,0,0
0,0,0
0,0,0
0,0,0
0,0,0
0,0,0
0,0,0
0,0,0
0,0,0
0,0,0
0,0,0
0,0,0
0,0,0
0,0,0
0,0,0
0,0,0
0,0,0
0,0,0
47.3831,-40.8635,6.99747
46.2137,-40.352,6.86187
46.543,-41.1456,6.9477
46.1838,-41.3357,6.93188
45.687,-41.3987,6.8955
0,0,0
0,0,0
45.1207,-42.4239,6.92657
44.8099,-42.6527,6.91894
0,0,0
0,0,0
0,0,0
55.4928,-55.4801,8.76688
55.1688,-55.8373,8.76964
0,0,0
54.5891,-56.6238,8.78723
0,0,0
0,0,0
0,0,0
0,0,0
0,0,0
0,0,0
0,0,0
0,0,0
0,0,0
0,0,0
50.4942,-59.9964,8.76101
0,0,0
0,0,0
0,0,0
0,0,0
0,0,0
0,0,0
0,0,0
0,0,0
0,0,0
0,0,0
0,0,0
0,0,0
0,0,0
0,0,0
0,0,0
0,0,0
46.4595,-68.5996,9.25452
0,0,0
0,0,0
0,0,0
42.5681,-66.3019,8.8026
42.2072,-66.6357,8.81233
0,0,0
0,0,0
0,0,0
0,0,0
0,0,0
0,0,0
0,0,0
0,0,0
0,0,0
0,0,0
0,0,0
0,0,0
0,0,0
0,0,0
0,0,0
0,0,0
0,0,0
0,0,0
0,0,0
0,0,0
0,0,0
0,0,0
0,0,0
0,0,0
0,0,0
0,0,0
0,0,0
0,0,0
0,0,0
0,0,0
0,0,0
0,0,0
0,0,0
0,0,0
0,0,0
0,0,0
0,0,0
0,0,0
0,0,0
0,0,0
0,0,0
0,0,0
0,0,0
0,0,0
0,0,0
0,0,0
0,0,0
0,0,0
0,0,0
0,0,0
0,0,0
0,0,0
0,0,0
0,0,0
0,0,0
0,0,0
0,0,0
0,0,0
0,0,0
0,0,0
0,0,0
0,0,0
0,0,0
0,0,0
0,0,0
0,0,0
0,0,0
0,0,0
0,0,0
0,0,0
0,0,0
0,0,0
0,0,0
0,0,0
0,0,0
0,0,0
0,0,0
0,0,0
0,0,0
0,0,0
0,0,0
0,0,0
0,0,0
0,0,0
0,0,0
0,0,0
0,0,0
0,0,0
0,0,0
0,0,0
0,0,0
0,0,0
0,0,0
0,0,0
0,0,0
0,0,0
0,0,0
0,0,0
0,0,0
0,0,0
0,0,0
0,0,0
0,0,0
0,0,0
0,0,0
0,0,0
0,0,0
0,0,0
0,0,0
0,0,0
0,0,0
0,0,0
0,0,0
0,0,0
0,0,0
0,0,0
0,0,0
0,0,0
0,0,0
0,0,0
0,0,0
0,0,0
0,0,0
0,0,0
0,0,0
0,0,0
0,0,0
0,0,0
0,0,0
0,0,0
0,0,0
0,0,0
0,0,0
0,0,0
0,0,0
0,0,0
0,0,0
0,0,0
0,0,0
0,0,0
0,0,0
0,0,0
0,0,0
0,0,0
0,0,0
0,0,0
0,0,0
0,0,0
0,0,0
0,0,0
0,0,0
0,0,0
0,0,0
0,0,0
0,0,0
0,0,0
0,0,0
0,0,0
0,0,0
0,0,0
0,0,0
0,0,0
0,0,0
0,0,0
0,0,0
0,0,0
0,0,0
0,0,0
0,0,0
0,0,0
0,0,0
0,0,0
0,0,0
0,0,0
0,0,0
0,0,0
0,0,0
0,0,0
0,0,0
0,0,0
0,0,0
0,0,0
0,0,0
0,0,0
0,0,0
0,0,0
0,0,0
0,0,0
0,0,0
0,0,0
0,0,0
0,0,0
0,0,0
0,0,0
0,0,0
0,0,0
0,0,0
0,0,0
0,0,0
0,0,0
0,0,0
0,0,0
0,0,0
0,0,0
0,0,0
0,0,0
0,0,0
0,0,0
0,0,0
0,0,0
0,0,0
0,0,0
0,0,0
0,0,0
0,0,0
0,0,0
0,0,0
0,0,0
0,0,0
0,0,0
0,0,0
0,0,0
0,0,0
0,0,0
0,0,0
0,0,0
0,0,0
0,0,0
0,0,0
0,0,0
0,0,0
0,0,0
0,0,0
0,0,0
0,0,0
0,0,0
0,0,0
0,0,0
0,0,0
0,0,0
0,0,0
0,0,0
0,0,0
0,0,0
0,0,0
0,0,0
0,0,0
0,0,0
0,0,0
0,0,0
0,0,0
0,0,0
0,0,0
0,0,0
0,0,0
0,0,0
0,0,0
0,0,0
0,0,0
0,0,0
0,0,0
0,0,0
0,0,0
0,0,0
0,0,0
0,0,0
0,0,0
0,0,0
0,0,0
0,0,0
0,0,0
0,0,0
0,0,0
0,0,0
0,0,0
0,0,0
0,0,0
0,0,0
0,0,0
0,0,0
0,0,0
0,0,0
0,0,0
0,0,0
0,0,0
0,0,0
0,0,0
0,0,0
0,0,0
0,0,0
0,0,0
0,0,0
0,0,0
0,0,0
0,0,0
0,0,0
0,0,0
0,0,0
0,0,0
0,0,0
0,0,0
0,0,0
0,0,0
0,0,0
0,0,0
0,0,0
0,0,0
0,0,0
0,0,0
0,0,0
0,0,0
0,0,0
0,0,0
0,0,0
0,0,0
0,0,0
0,0,0
0,0,0
0,0,0
0,0,0
0,0,0
0,0,0
0,0,0
0,0,0
0,0,0
0,0,0
0,0,0
0,0,0
0,0,0
0,0,0
0,0,0
0,0,0
0,0,0
0,0,0
0,0,0
0,0,0
0,0,0
0,0,0
0,0,0
0,0,0
0,0,0
0,0,0
0,0,0
0,0,0
0,0,0
0,0,0
0,0,0
0,0,0
0,0,0
0,0,0
0,0,0
0,0,0
0,0,0
0,0,0
0,0,0
0,0,0
0,0,0
0,0,0
0,0,0
0,0,0
0,0,0
0,0,0
0,0,0
0,0,0
0,0,0
0,0,0
0,0,0
0,0,0
0,0,0
0,0,0
0,0,0
0,0,0
0,0,0
0,0,0
0,0,0
0,0,0
0,0,0
0,0,0
0,0,0
0,0,0
0,0,0
0,0,0
0,0,0
0,0,0
0,0,0
0,0,0
0,0,0
0,0,0
0,0,0
0,0,0
0,0,0
0,0,0
0,0,0
0,0,0
0,0,0
0,0,0
0,0,0
0,0,0
0,0,0
0,0,0
0,0,0
0,0,0
0,0,0
0,0,0
0,0,0
0,0,0
0,0,0
0,0,0
0,0,0
0,0,0
0,0,0
0,0,0
0,0,0
0,0,0
0,0,0
0,0,0
0,0,0
0,0,0
0,0,0
0,0,0
0,0,0
0,0,0
0,0,0
0,0,0
0,0,0
0,0,0
0,0,0
0,0,0
0,0,0
0,0,0
0,0,0
0,0,0
0,0,0
0,0,0
0,0,0
0,0,0
0,0,0
0,0,0
0,0,0
0,0,0
0,0,0
0,0,0
0,0,0
0,0,0
0,0,0
0,0,0
0,0,0
0,0,0
0,0,0
0,0,0
0,0,0
0,0,0
0,0,0
0,0,0
0,0,0
0,0,0
0,0,0
0,0,0
0,0,0
0,0,0
0,0,0
0,0,0
0,0,0
0,0,0
0,0,0
0,0,0
0,0,0
0,0,0
0,0,0
0,0,0
0,0,0
0,0,0
0,0,0
0,0,0
0,0,0
0,0,0
0,0,0
0,0,0
0,0,0
0,0,0
0,0,0
0,0,0
0,0,0
0,0,0
0,0,0
0,0,0
0,0,0
0,0,0
0,0,0
0,0,0
0,0,0
0,0,0
0,0,0
0,0,0
0,0,0
0,0,0
0,0,0
0,0,0
0,0,0
0,0,0
0,0,0
0,0,0
0,0,0
0,0,0
0,0,0
0,0,0
0,0,0
0,0,0
0,0,0
0,0,0
0,0,0
0,0,0
0,0,0
0,0,0
0,0,0
0,0,0
0,0,0
0,0,0
0,0,0
0,0,0
0,0,0
0,0,0
0,0,0
0,0,0
0,0,0
0,0,0
0,0,0
0,0,0
0,0,0
0,0,0
0,0,0
0,0,0
0,0,0
0,0,0
0,0,0
0,0,0
0,0,0
0,0,0
0,0,0
0,0,0
0,0,0
0,0,0
0,0,0
0,0,0
0,0,0
0,0,0
0,0,0
0,0,0
0,0,0
0,0,0
0,0,0
0,0,0
0,0,0
0,0,0
0,0,0
0,0,0
0,0,0
0,0,0
0,0,0
0,0,0
0,0,0
0,0,0
0,0,0
0,0,0
0,0,0
0,0,0
0,0,0
0,0,0
0,0,0
0,0,0
0,0,0
0,0,0
0,0,0
0,0,0
0,0,0
0,0,0
0,0,0
0,0,0
0,0,0
0,0,0
0,0,0
0,0,0
0,0,0
0,0,0
0,0,0
0,0,0
0,0,0
0,0,0
0,0,0
0,0,0
0,0,0
0,0,0
0,0,0
0,0,0
0,0,0
0,0,0
0,0,0
0,0,0
0,0,0
0,0,0
0,0,0
0,0,0
0,0,0
0,0,0
0,0,0
0,0,0
0,0,0
0,0,0
0,0,0
0,0,0
0,0,0
0,0,0
0,0,0
0,0,0
0,0,0
0,0,0
0,0,0
0,0,0
0,0,0
0,0,0
0,0,0
0,0,0
0,0,0
0,0,0
0,0,0
0,0,0
0,0,0
0,0,0
0,0,0
0,0,0
0,0,0
0,0,0
0,0,0
0,0,0
0,0,0
0,0,0
0,0,0
0,0,0
0,0,0
0,0,0
0,0,0
0,0,0
0,0,0
0,0,0
0,0,0
0,0,0
0,0,0
0,0,0
0,0,0
0,0,0
0,0,0
0,0,0
0,0,0
0,0,0
0,0,0
0,0,0
0,0,0
0,0,0
0,0,0
0,0,0
0,0,0
0,0,0
0,0,0
0,0,0
0,0,0
0,0,0
0,0,0
0,0,0
0,0,0
0,0,0
0,0,0
0,0,0
0,0,0
0,0,0
0,0,0
0,0,0
0,0,0
0,0,0
0,0,0
0,0,0
0,0,0
0,0,0
0,0,0
0,0,0
0,0,0
0,0,0
0,0,0
0,0,0
0,0,0
0,0,0
0,0,0
0,0,0
0,0,0
0,0,0
0,0,0
0,0,0
0,0,0
0,0,0
0,0,0
0,0,0
0,0,0
0,0,0
0,0,0
0,0,0
0,0,0
0,0,0
0,0,0
0,0,0
0,0,0
0,0,0
0,0,0
0,0,0
0,0,0
0,0,0
0,0,0
0,0,0
0,0,0
0,0,0
0,0,0
0,0,0
0,0,0
0,0,0
0,0,0
0,0,0
0,0,0
0,0,0
0,0,0
0,0,0
0,0,0
0,0,0
0,0,0
0,0,0
0,0,0
0,0,0
0,0,0
0,0,0
0,0,0
0,0,0
0,0,0
0,0,0
0,0,0
0,0,0
0,0,0
0,0,0
0,0,0
0,0,0
0,0,0
0,0,0
0,0,0
0,0,0
0,0,0
0,0,0
0,0,0
0,0,0
0,0,0
0,0,0
0,0,0
0,0,0
0,0,0
0,0,0
0,0,0
0,0,0
0,0,0
0,0,0
0,0,0
0,0,0
0,0,0
0,0,0
0,0,0
0,0,0
0,0,0
0,0,0
0,0,0
0,0,0
0,0,0
0,0,0
0,0,0
0,0,0
0,0,0
0,0,0
0,0,0
0,0,0
0,0,0
0,0,0
0,0,0
0,0,0
0,0,0
0,0,0
0,0,0
0,0,0
0,0,0
0,0,0
0,0,0
0,0,0
0,0,0
0,0,0
0,0,0
0,0,0
0,0,0
0,0,0
0,0,0
0,0,0
0,0,0
0,0,0
0,0,0
0,0,0
0,0,0
0,0,0
0,0,0
0,0,0
0,0,0
0,0,0
0,0,0
0,0,0
0,0,0
0,0,0
0,0,0
0,0,0
0,0,0
0,0,0
0,0,0
0,0,0
0,0,0
0,0,0
0,0,0
0,0,0
0,0,0
0,0,0
0,0,0
0,0,0
0,0,0
0,0,0
0,0,0
0,0,0
0,0,0
0,0,0
0,0,0
0,0,0
0,0,0
0,0,0
0,0,0
0,0,0
0,0,0
0,0,0
0,0,0
0,0,0
0,0,0
0,0,0
0,0,0
0,0,0
0,0,0
0,0,0
0,0,0
0,0,0
0,0,0
0,0,0
0,0,0
0,0,0
0,0,0
0,0,0
0,0,0
0,0,0
0,0,0
0,0,0
0,0,0
0,0,0
0,0,0
0,0,0
0,0,0
0,0,0
0,0,0
0,0,0
0,0,0
0,0,0
0,0,0
0,0,0
0,0,0
0,0,0
0,0,0
0,0,0
0,0,0
0,0,0
0,0,0
0,0,0
0,0,0
0,0,0
0,0,0
0,0,0
0,0,0
47.1517,-4.04402,4.70822
0,0,0
0,0,0
0,0,0
0,0,0
0,0,0
0,0,0
0,0,0
0,0,0
0,0,0
0,0,0
0,0,0
0,0,0
0,0,0
0,0,0
0,0,0
0,0,0
0,0,0
0,0,0
0,0,0
0,0,0
0,0,0
0,0,0
0,0,0
0,0,0
0,0,0
0,0,0
0,0,0
0,0,0
0,0,0
0,0,0
0,0,0
0,0,0
0,0,0
0,0,0
0,0,0
0,0,0
0,0,0
0,0,0
0,0,0
0,0,0
0,0,0
0,0,0
0,0,0
0,0,0
0,0,0
0,0,0
0,0,0
0,0,0
0,0,0
0,0,0
0,0,0
0,0,0
51.972,-22.6354,5.63282
50.9904,-22.5812,5.54191
0,0,0
49.486,-22.6453,5.40904
49.7233,-23.124,5.45012
49.1774,-23.2382,5.40609
49.6565,-23.8383,5.4743
49.2222,-24.0026,5.44275
49.0374,-24.286,5.43872
48.5896,-24.4367,5.4058
48.3617,-24.695,5.39725
48.5291,-25.1571,5.43282
0,0,0
49.3737,-26.3686,5.56235
49.3737,-26.7592,5.58063
0,0,0
0,0,0
0,0,0
0,0,0
0,0,0
0,0,0
0,0,0
0,0,0
0,0,0
0,0,0
0,0,0
0,0,0
0,0,0
0,0,0
0,0,0
0,0,0
0,0,0
0,0,0
0,0,0
0,0,0
0,0,0
0,0,0
0,0,0
0,0,0
0,0,0
0,0,0
0,0,0
0,0,0
0,0,0
0,0,0
0,0,0
0,0,0
47.815,-40.2041,6.20401
0,0,0
47.3113,-40.7819,6.20312
46.3831,-40.4806,6.11438
0,0,0
46.3946,-41.5046,6.18219
0,0,0
45.6977,-41.902,6.15752
45.9481,-42.6535,6.22602
45.3062,-42.5782,6.17462
44.9079,-42.7257,6.15605
45.4039,-43.7315,6.26012
0,0,0
0,0,0
0,0,0
0,0,0
54.8628,-56.1861,7.78982
54.2814,-56.2774,7.7563
54.1857,-56.8724,7.79217
53.85,-57.2191,7.79424
0,0,0
0,0,0
0,0,0
0,0,0
0,0,0
51.4691,-58.8896,7.75847
0,0,0
50.7315,-59.5039,7.75679
0,0,0
50.6326,-60.8856,7.85488
0,0,0
0,0,0
48.1135,-60.072,7.63532
0,0,0
47.7034,-61.0815,7.68839
0,0,0
0,0,0
0,0,0
47.0163,-63.3469,7.82529
46.592,-63.5869,7.8195
0,0,0
0,0,0
0,0,0
0,0,0
45.3276,-66.0174,7.94303
0,0,0
44.4211,-66.4296,7.92652
0,0,0
43.2518,-66.431,7.86303
43.3124,-67.4253,7.94873
0,0,0
0,0,0
41.2924,-66.96,7.80358
40.8705,-67.1951,7.80161
40.6775,-67.8116,7.84387
0,0,0
0,0,0
0,0,0
0,0,0
0,0,0
0,0,0
0,0,0
0,0,0
0,0,0
0,0,0
0,0,0
0,0,0
0,0,0
0,0,0
0,0,0
0,0,0
0,0,0
0,0,0
0,0,0
0,0,0
0,0,0
0,0,0
0,0,0
0,0,0
0,0,0
0,0,0
0,0,0
0,0,0
0,0,0
0,0,0
0,0,0
0,0,0
0,0,0
0,0,0
0,0,0
0,0,0
0,0,0
0,0,0
0,0,0
0,0,0
0,0,0
0,0,0
0,0,0
0,0,0
0,0,0
0,0,0
0,0,0
0,0,0
0,0,0
0,0,0
0,0,0
0,0,0
0,0,0
0,0,0
0,0,0
0,0,0
0,0,0
0,0,0
0,0,0
0,0,0
0,0,0
0,0,0
0,0,0
0,0,0
0,0,0
0,0,0
0,0,0
0,0,0
0,0,0
0,0,0
0,0,0
0,0,0
0,0,0
0,0,0
0,0,0
0,0,0
0,0,0
0,0,0
0,0,0
0,0,0
0,0,0
0,0,0
0,0,0
0,0,0
0,0,0
0,0,0
0,0,0
0,0,0
0,0,0
0,0,0
0,0,0
0,0,0
0,0,0
0,0,0
0,0,0
0,0,0
0,0,0
0,0,0
0,0,0
0,0,0
0,0,0
0,0,0
0,0,0
0,0,0
0,0,0
0,0,0
0,0,0
0,0,0
0,0,0
0,0,0
0,0,0
0,0,0
0,0,0
0,0,0
0,0,0
0,0,0
0,0,0
0,0,0
0,0,0
0,0,0
0,0,0
0,0,0
0,0,0
0,0,0
0,0,0
0,0,0
0,0,0
0,0,0
0,0,0
0,0,0
0,0,0
0,0,0
0,0,0
0,0,0
0,0,0
0,0,0
0,0,0
0,0,0
0,0,0
0,0,0
0,0,0
0,0,0
0,0,0
0,0,0
0,0,0
0,0,0
0,0,0
0,0,0
0,0,0
0,0,0
0,0,0
0,0,0
0,0,0
0,0,0
0,0,0
0,0,0
0,0,0
0,0,0
0,0,0
0,0,0
0,0,0
0,0,0
0,0,0
0,0,0
0,0,0
0,0,0
0,0,0
0,0,0
0,0,0
0,0,0
0,0,0
0,0,0
0,0,0
0,0,0
0,0,0
0,0,0
0,0,0
0,0,0
0,0,0
0,0,0
0,0,0
0,0,0
0,0,0
0,0,0
0,0,0
0,0,0
0,0,0
0,0,0
0,0,0
0,0,0
0,0,0
0,0,0
0,0,0
0,0,0
0,0,0
0,0,0
0,0,0
0,0,0
0,0,0
0,0,0
0,0,0
0,0,0
0,0,0
0,0,0
0,0,0
0,0,0
0,0,0
0,0,0
0,0,0
0,0,0
0,0,0
0,0,0
0,0,0
0,0,0
0,0,0
0,0,0
0,0,0
0,0,0
0,0,0
0,0,0
0,0,0
0,0,0
0,0,0
0,0,0
0,0,0
0,0,0
0,0,0
0,0,0
0,0,0
0,0,0
0,0,0
0,0,0
0,0,0
0,0,0
0,0,0
0,0,0
0,0,0
0,0,0
0,0,0
0,0,0
0,0,0
0,0,0
0,0,0
0,0,0
0,0,0
0,0,0
0,0,0
0,0,0
0,0,0
0,0,0
0,0,0
0,0,0
0,0,0
0,0,0
0,0,0
0,0,0
0,0,0
0,0,0
0,0,0
0,0,0
0,0,0
0,0,0
0,0,0
0,0,0
0,0,0
0,0,0
0,0,0
0,0,0
0,0,0
0,0,0
0,0,0
0,0,0
0,0,0
0,0,0
0,0,0
0,0,0
0,0,0
0,0,0
0,0,0
0,0,0
0,0,0
0,0,0
0,0,0
0,0,0
0,0,0
0,0,0
0,0,0
0,0,0
0,0,0
0,0,0
0,0,0
0,0,0
0,0,0
0,0,0
0,0,0
0,0,0
0,0,0
0,0,0
0,0,0
0,0,0
0,0,0
0,0,0
0,0,0
0,0,0
0,0,0
0,0,0
0,0,0
0,0,0
0,0,0
0,0,0
0,0,0
0,0,0
0,0,0
0,0,0
0,0,0
0,0,0
0,0,0
0,0,0
0,0,0
0,0,0
0,0,0
0,0,0
0,0,0
0,0,0
0,0,0
0,0,0
0,0,0
0,0,0
0,0,0
0,0,0
0,0,0
0,0,0
0,0,0
0,0,0
0,0,0
0,0,0
0,0,0
0,0,0
0,0,0
0,0,0
0,0,0
0,0,0
0,0,0
0,0,0
0,0,0
0,0,0
0,0,0
0,0,0
0,0,0
0,0,0
0,0,0
0,0,0
0,0,0
0,0,0
0,0,0
0,0,0
0,0,0
0,0,0
0,0,0
0,0,0
0,0,0
0,0,0
0,0,0
0,0,0
0,0,0
0,0,0
0,0,0
0,0,0
0,0,0
0,0,0
0,0,0
0,0,0
0,0,0
0,0,0
0,0,0
0,0,0
0,0,0
0,0,0
0,0,0
0,0,0
0,0,0
0,0,0
0,0,0
0,0,0
0,0,0
0,0,0
0,0,0
0,0,0
0,0,0
0,0,0
0,0,0
0,0,0
0,0,0
0,0,0
0,0,0
0,0,0
0,0,0
0,0,0
0,0,0
0,0,0
0,0,0
0,0,0
0,0,0
0,0,0
0,0,0
0,0,0
0,0,0
0,0,0
0,0,0
0,0,0
0,0,0
0,0,0
0,0,0
0,0,0
0,0,0
0,0,0
0,0,0
0,0,0
0,0,0
0,0,0
0,0,0
0,0,0
0,0,0
0,0,0
0,0,0
0,0,0
0,0,0
0,0,0
0,0,0
0,0,0
0,0,0
0,0,0
0,0,0
0,0,0
0,0,0
0,0,0
0,0,0
0,0,0
0,0,0
0,0,0
0,0,0
0,0,0
0,0,0
0,0,0
0,0,0
0,0,0
0,0,0
0,0,0
0,0,0
0,0,0
0,0,0
0,0,0
0,0,0
0,0,0
0,0,0
0,0,0
0,0,0
0,0,0
0,0,0
0,0,0
0,0,0
0,0,0
0,0,0
0,0,0
0,0,0
0,0,0
0,0,0
0,0,0
0,0,0
0,0,0
0,0,0
0,0,0
0,0,0
0,0,0
0,0,0
0,0,0
0,0,0
0,0,0
0,0,0
0,0,0
0,0,0
0,0,0
0,0,0
0,0,0
0,0,0
0,0,0
0,0,0
0,0,0
0,0,0
0,0,0
0,0,0
0,0,0
0,0,0
0,0,0
0,0,0
0,0,0
0,0,0
0,0,0
0,0,0
0,0,0
0,0,0
0,0,0
0,0,0
0,0,0
0,0,0
0,0,0
0,0,0
0,0,0
0,0,0
0,0,0
0,0,0
0,0,0
0,0,0
0,0,0
0,0,0
0,0,0
0,0,0
0,0,0
0,0,0
0,0,0
0,0,0
0,0,0
0,0,0
0,0,0
0,0,0
0,0,0
0,0,0
0,0,0
0,0,0
0,0,0
0,0,0
0,0,0
0,0,0
0,0,0
0,0,0
0,0,0
0,0,0
0,0,0
0,0,0
0,0,0
0,0,0
0,0,0
0,0,0
0,0,0
0,0,0
0,0,0
0,0,0
0,0,0
0,0,0
0,0,0
0,0,0
0,0,0
0,0,0
0,0,0
0,0,0
0,0,0
0,0,0
0,0,0
0,0,0
0,0,0
0,0,0
0,0,0
0,0,0
0,0,0
0,0,0
0,0,0
0,0,0
0,0,0
0,0,0
0,0,0
0,0,0
0,0,0
0,0,0
0,0,0
0,0,0
0,0,0
0,0,0
0,0,0
0,0,0
0,0,0
0,0,0
0,0,0
0,0,0
0,0,0
0,0,0
0,0,0
0,0,0
0,0,0
0,0,0
0,0,0
0,0,0
0,0,0
0,0,0
0,0,0
0,0,0
0,0,0
0,0,0
0,0,0
0,0,0
0,0,0
0,0,0
0,0,0
0,0,0
0,0,0
0,0,0
0,0,0
0,0,0
0,0,0
0,0,0
0,0,0
0,0,0
0,0,0
0,0,0
0,0,0
0,0,0
0,0,0
0,0,0
0,0,0
0,0,0
0,0,0
0,0,0
0,0,0
0,0,0
0,0,0
0,0,0
0,0,0
0,0,0
0,0,0
0,0,0
0,0,0
0,0,0
0,0,0
0,0,0
0,0,0
0,0,0
0,0,0
0,0,0
0,0,0
0,0,0
0,0,0
0,0,0
0,0,0
0,0,0
0,0,0
0,0,0
0,0,0
0,0,0
0,0,0
0,0,0
0,0,0
0,0,0
0,0,0
0,0,0
0,0,0
0,0,0
0,0,0
0,0,0
0,0,0
0,0,0
0,0,0
0,0,0
0,0,0
0,0,0
0,0,0
0,0,0
0,0,0
0,0,0
0,0,0
0,0,0
0,0,0
0,0,0
0,0,0
0,0,0
0,0,0
0,0,0
0,0,0
0,0,0
0,0,0
0,0,0
0,0,0
0,0,0
0,0,0
0,0,0
0,0,0
0,0,0
0,0,0
0,0,0
0,0,0
0,0,0
0,0,0
0,0,0
0,0,0
0,0,0
0,0,0
0,0,0
0,0,0
0,0,0
0,0,0
0,0,0
0,0,0
0,0,0
0,0,0
0,0,0
0,0,0
0,0,0
0,0,0
0,0,0
0,0,0
0,0,0
0,0,0
0,0,0
0,0,0
0,0,0
0,0,0
0,0,0
0,0,0
0,0,0
0,0,0
0,0,0
0,0,0
0,0,0
0,0,0
0,0,0
0,0,0
0,0,0
0,0,0
0,0,0
0,0,0
0,0,0
0,0,0
0,0,0
0,0,0
0,0,0
0,0,0
0,0,0
0,0,0
0,0,0
0,0,0
0,0,0
0,0,0
0,0,0
0,0,0
0,0,0
0,0,0
0,0,0
0,0,0
0,0,0
0,0,0
0,0,0
0,0,0
0,0,0
0,0,0
0,0,0
0,0,0
0,0,0
0,0,0
0,0,0
0,0,0
0,0,0
0,0,0
0,0,0
0,0,0
40.4944,20.6927,3.98138
0,0,0
0,0,0
0,0,0
0,0,0
0,0,0
0,0,0
0,0,0
0,0,0
0,0,0
0,0,0
0,0,0
0,0,0
0,0,0
0,0,0
0,0,0
0,0,0
0,0,0
27.856,10.5477,2.6198
28.0127,10.4109,2.62836
28.0807,10.2406,2.62879
28.1533,10.0718,2.62974
28.224,9.90212,2.63061
28.2456,9.71547,2.62706
0,0,0
0,0,0
0,0,0
0,0,0
0,0,0
0,0,0
0,0,0
0,0,0
0,0,0
0,0,0
0,0,0
0,0,0
0,0,0
0,0,0
0,0,0
0,0,0
0,0,0
0,0,0
0,0,0
0,0,0
0,0,0
0,0,0
0,0,0
0,0,0
0,0,0
0,0,0
0,0,0
0,0,0
0,0,0
0,0,0
0,0,0
0,0,0
0,0,0
0,0,0
0,0,0
0,0,0
0,0,0
0,0,0
0,0,0
0,0,0
0,0,0
0,0,0
0,0,0
0,0,0
0,0,0
0,0,0
0,0,0
0,0,0
0,0,0
0,0,0
0,0,0
0,0,0
0,0,0
0,0,0
0,0,0
36.2211,-0.446505,3.17851
36.0623,-0.665874,3.16502
0,0,0
0,0,0
0,0,0
0,0,0
0,0,0
0,0,0
0,0,0
0,0,0
46.9374,-3.46501,4.11937
47.097,-3.76749,4.13519
47.0135,-4.05127,4.13
0,0,0
0,0,0
0,0,0
0,0,0
0,0,0
0,0,0
0,0,0
0,0,0
0,0,0
0,0,0
0,0,0
0,0,0
0,0,0
0,0,0
0,0,0
0,0,0
0,0,0
0,0,0
0,0,0
0,0,0
0,0,0
0,0,0
0,0,0
0,0,0
0,0,0
0,0,0
0,0,0
0,0,0
0,0,0
0,0,0
0,0,0
0,0,0
0,0,0
0,0,0
84.1025,-26.0824,7.6766
0,0,0
0,0,0
0,0,0
0,0,0
0,0,0
0,0,0
0,0,0
0,0,0
0,0,0
0,0,0
0,0,0
0,0,0
0,0,0
91.6629,-37.3173,8.62377
0,0,0
0,0,0
0,0,0
0,0,0
51.3233,-22.7537,4.90702
51.3281,-23.1337,4.92086
49.5902,-22.7175,4.7686
49.402,-22.999,4.76402
0,0,0
0,0,0
49.4412,-24.1343,4.80949
48.97,-24.2775,4.77828
0,0,0
48.4998,-24.7905,4.76185
0,0,0
0,0,0
0,0,0
49.0397,-26.6041,4.87667
0,0,0
0,0,0
0,0,0
0,0,0
0,0,0
0,0,0
0,0,0
0,0,0
0,0,0
0,0,0
0,0,0
0,0,0
0,0,0
0,0,0
0,0,0
0,0,0
0,0,0
0,0,0
68.3674,-48.156,7.2922
68.0795,-48.5809,7.29315
67.8706,-49.0631,7.30283
0,0,0
0,0,0
0,0,0
0,0,0
0,0,0
0,0,0
0,0,0
0,0,0
0,0,0
0,0,0
0,0,0
49.0045,-41.2386,5.59317
48.7535,-41.5411,5.59352
48.8078,-42.1069,5.62905
0,0,0
47.2276,-41.7655,5.50628
0,0,0
44.9954,-40.7863,5.30526
45.5803,-41.8288,5.40374
0,0,0
45.2261,-42.5379,5.4231
45.5804,-43.4013,5.49694
45.3362,-43.7023,5.49971
0,0,0
56.9865,-56.2983,6.98682
0,0,0
0,0,0
0,0,0
0,0,0
0,0,0
0,0,0
0,0,0
0,0,0
0,0,0
0,0,0
0,0,0
51.5858,-59.0728,6.84105
51.21,-59.3738,6.83941
51.2084,-60.1139,6.88808
0,0,0
0,0,0
49.9346,-60.853,6.86638
0,0,0
0,0,0
0,0,0
0,0,0
0,0,0
0,0,0
0,0,0
0,0,0
46.4444,-63.4408,6.85826
0,0,0
0,0,0
0,0,0
0,0,0
20.4181,-29.7642,3.16727
44.9139,-66.3423,6.98769
0,0,0
0,0,0
43.3722,-66.6768,6.93789
0,0,0
0,0,0
0,0,0
0,0,0
0,0,0
0,0,0
40.4201,-68.3944,6.9295
0,0,0
0,0,0
0,0,0
0,0,0
0,0,0
0,0,0
0,0,0
0,0,0
0,0,0
0,0,0
0,0,0
0,0,0
0,0,0
0,0,0
0,0,0
0,0,0
0,0,0
0,0,0
0,0,0
0,0,0
0,0,0
0,0,0
0,0,0
0,0,0
0,0,0
0,0,0
0,0,0
0,0,0
0,0,0
0,0,0
0,0,0
0,0,0
0,0,0
0,0,0
0,0,0
0,0,0
0,0,0
0,0,0
0,0,0
0,0,0
0,0,0
0,0,0
0,0,0
0,0,0
0,0,0
0,0,0
0,0,0
0,0,0
0,0,0
0,0,0
0,0,0
0,0,0
0,0,0
0,0,0
0,0,0
0,0,0
0,0,0
0,0,0
0,0,0
0,0,0
0,0,0
0,0,0
0,0,0
0,0,0
0,0,0
0,0,0
0,0,0
0,0,0
0,0,0
0,0,0
0,0,0
0,0,0
0,0,0
0,0,0
0,0,0
0,0,0
0,0,0
0,0,0
0,0,0
0,0,0
0,0,0
0,0,0
0,0,0
0,0,0
0,0,0
0,0,0
0,0,0
0,0,0
0,0,0
0,0,0
0,0,0
0,0,0
0,0,0
0,0,0
0,0,0
0,0,0
0,0,0
0,0,0
0,0,0
0,0,0
0,0,0
0,0,0
0,0,0
0,0,0
0,0,0
0,0,0
0,0,0
0,0,0
0,0,0
0,0,0
0,0,0
0,0,0
0,0,0
0,0,0
0,0,0
0,0,0
0,0,0
0,0,0
0,0,0
0,0,0
0,0,0
0,0,0
0,0,0
0,0,0
0,0,0
0,0,0
0,0,0
0,0,0
0,0,0
0,0,0
0,0,0
0,0,0
0,0,0
0,0,0
0,0,0
0,0,0
0,0,0
0,0,0
0,0,0
0,0,0
0,0,0
0,0,0
0,0,0
0,0,0
0,0,0
0,0,0
0,0,0
0,0,0
0,0,0
0,0,0
0,0,0
0,0,0
0,0,0
0,0,0
0,0,0
0,0,0
0,0,0
0,0,0
0,0,0
0,0,0
0,0,0
0,0,0
0,0,0
0,0,0
0,0,0
0,0,0
0,0,0
0,0,0
0,0,0
0,0,0
0,0,0
0,0,0
0,0,0
0,0,0
0,0,0
0,0,0
0,0,0
0,0,0
0,0,0
0,0,0
0,0,0
0,0,0
0,0,0
0,0,0
0,0,0
0,0,0
0,0,0
0,0,0
0,0,0
0,0,0
0,0,0
0,0,0
0,0,0
0,0,0
0,0,0
0,0,0
0,0,0
0,0,0
0,0,0
0,0,0
0,0,0
0,0,0
0,0,0
0,0,0
0,0,0
0,0,0
0,0,0
0,0,0
0,0,0
0,0,0
0,0,0
0,0,0
0,0,0
0,0,0
0,0,0
0,0,0
0,0,0
0,0,0
0,0,0
0,0,0
0,0,0
0,0,0
0,0,0
0,0,0
0,0,0
0,0,0
0,0,0
0,0,0
0,0,0
0,0,0
0,0,0
0,0,0
0,0,0
0,0,0
0,0,0
0,0,0
0,0,0
0,0,0
0,0,0
0,0,0
0,0,0
0,0,0
0,0,0
0,0,0
0,0,0
0,0,0
0,0,0
0,0,0
0,0,0
0,0,0
0,0,0
0,0,0
0,0,0
0,0,0
0,0,0
0,0,0
0,0,0
0,0,0
0,0,0
0,0,0
0,0,0
0,0,0
0,0,0
0,0,0
0,0,0
0,0,0
0,0,0
0,0,0
0,0,0
0,0,0
0,0,0
0,0,0
0,0,0
0,0,0
0,0,0
0,0,0
0,0,0
0,0,0
0,0,0
0,0,0
0,0,0
0,0,0
0,0,0
0,0,0
0,0,0
0,0,0
0,0,0
0,0,0
0,0,0
0,0,0
0,0,0
0,0,0
0,0,0
0,0,0
0,0,0
0,0,0
0,0,0
0,0,0
0,0,0
0,0,0
0,0,0
0,0,0
0,0,0
0,0,0
0,0,0
0,0,0
0,0,0
0,0,0
0,0,0
0,0,0
0,0,0
0,0,0
0,0,0
0,0,0
0,0,0
0,0,0
0,0,0
0,0,0
0,0,0
0,0,0
0,0,0
0,0,0
0,0,0
0,0,0
0,0,0
0,0,0
0,0,0
0,0,0
0,0,0
0,0,0
0,0,0
0,0,0
0,0,0
0,0,0
0,0,0
0,0,0
0,0,0
0,0,0
0,0,0
0,0,0
0,0,0
0,0,0
0,0,0
0,0,0
0,0,0
0,0,0
0,0,0
0,0,0
0,0,0
0,0,0
0,0,0
0,0,0
0,0,0
0,0,0
0,0,0
0,0,0
0,0,0
0,0,0
0,0,0
0,0,0
0,0,0
0,0,0
0,0,0
0,0,0
0,0,0
0,0,0
0,0,0
0,0,0
0,0,0
0,0,0
0,0,0
0,0,0
0,0,0
0,0,0
0,0,0
0,0,0
0,0,0
0,0,0
0,0,0
0,0,0
0,0,0
0,0,0
0,0,0
0,0,0
0,0,0
0,0,0
0,0,0
0,0,0
0,0,0
0,0,0
0,0,0
0,0,0
0,0,0
0,0,0
0,0,0
0,0,0
0,0,0
0,0,0
0,0,0
0,0,0
0,0,0
0,0,0
0,0,0
0,0,0
0,0,0
0,0,0
0,0,0
0,0,0
0,0,0
0,0,0
0,0,0
0,0,0
0,0,0
0,0,0
0,0,0
0,0,0
0,0,0
0,0,0
0,0,0
0,0,0
0,0,0
0,0,0
0,0,0
0,0,0
0,0,0
0,0,0
0,0,0
0,0,0
0,0,0
0,0,0
0,0,0
0,0,0
0,0,0
0,0,0
0,0,0
0,0,0
0,0,0
0,0,0
0,0,0
0,0,0
0,0,0
0,0,0
0,0,0
0,0,0
0,0,0
0,0,0
0,0,0
0,0,0
0,0,0
0,0,0
0,0,0
0,0,0
0,0,0
0,0,0
0,0,0
0,0,0
0,0,0
0,0,0
0,0,0
0,0,0
0,0,0
0,0,0
0,0,0
0,0,0
0,0,0
0,0,0
0,0,0
0,0,0
0,0,0
0,0,0
0,0,0
0,0,0
0,0,0
0,0,0
0,0,0
0,0,0
0,0,0
0,0,0
0,0,0
0,0,0
0,0,0
0,0,0
0,0,0
0,0,0
0,0,0
0,0,0
0,0,0
0,0,0
0,0,0
0,0,0
0,0,0
0,0,0
0,0,0
0,0,0
0,0,0
0,0,0
0,0,0
0,0,0
0,0,0
0,0,0
0,0,0
0,0,0
0,0,0
0,0,0
0,0,0
0,0,0
0,0,0
0,0,0
0,0,0
0,0,0
0,0,0
0,0,0
0,0,0
0,0,0
0,0,0
0,0,0
0,0,0
0,0,0
0,0,0
0,0,0
0,0,0
0,0,0
0,0,0
0,0,0
0,0,0
0,0,0
0,0,0
0,0,0
0,0,0
0,0,0
0,0,0
0,0,0
0,0,0
0,0,0
0,0,0
0,0,0
0,0,0
0,0,0
0,0,0
0,0,0
0,0,0
0,0,0
0,0,0
0,0,0
0,0,0
0,0,0
0,0,0
0,0,0
0,0,0
0,0,0
0,0,0
0,0,0
0,0,0
0,0,0
0,0,0
0,0,0
0,0,0
0,0,0
0,0,0
0,0,0
0,0,0
0,0,0
0,0,0
0,0,0
0,0,0
0,0,0
0,0,0
0,0,0
0,0,0
0,0,0
0,0,0
0,0,0
0,0,0
0,0,0
0,0,0
0,0,0
0,0,0
0,0,0
0,0,0
0,0,0
0,0,0
0,0,0
0,0,0
0,0,0
0,0,0
0,0,0
0,0,0
0,0,0
0,0,0
0,0,0
0,0,0
0,0,0
0,0,0
0,0,0
0,0,0
0,0,0
0,0,0
0,0,0
0,0,0
0,0,0
0,0,0
0,0,0
0,0,0
0,0,0
0,0,0
0,0,0
0,0,0
0,0,0
0,0,0
0,0,0
0,0,0
0,0,0
0,0,0
0,0,0
0,0,0
0,0,0
0,0,0
0,0,0
0,0,0
0,0,0
0,0,0
0,0,0
0,0,0
0,0,0
0,0,0
0,0,0
0,0,0
0,0,0
0,0,0
0,0,0
0,0,0
0,0,0
0,0,0
0,0,0
0,0,0
0,0,0
0,0,0
0,0,0
0,0,0
0,0,0
0,0,0
0,0,0
0,0,0
0,0,0
0,0,0
0,0,0
0,0,0
0,0,0
0,0,0
0,0,0
0,0,0
0,0,0
0,0,0
0,0,0
0,0,0
0,0,0
0,0,0
0,0,0
0,0,0
0,0,0
0,0,0
0,0,0
0,0,0
0,0,0
0,0,0
0,0,0
0,0,0
0,0,0
0,0,0
0,0,0
0,0,0
0,0,0
0,0,0
0,0,0
0,0,0
0,0,0
0,0,0
0,0,0
0,0,0
0,0,0
0,0,0
0,0,0
0,0,0
0,0,0
0,0,0
0,0,0
0,0,0
0,0,0
0,0,0
0,0,0
0,0,0
0,0,0
0,0,0
0,0,0
0,0,0
0,0,0
0,0,0
0,0,0
0,0,0
0,0,0
0,0,0
0,0,0
0,0,0
0,0,0
0,0,0
0,0,0
0,0,0
0,0,0
0,0,0
0,0,0
0,0,0
0,0,0
0,0,0
0,0,0
0,0,0
0,0,0
0,0,0
0,0,0
0,0,0
0,0,0
0,0,0
0,0,0
0,0,0
0,0,0
0,0,0
0,0,0
0,0,0
0,0,0
0,0,0
0,0,0
0,0,0
0,0,0
0,0,0
0,0,0
0,0,0
0,0,0
0,0,0
0,0,0
0,0,0
0,0,0
0,0,0
0,0,0
0,0,0
0,0,0
0,0,0
0,0,0
0,0,0
0,0,0
0,0,0
0,0,0
0,0,0
0,0,0
0,0,0
0,0,0
0,0,0
0,0,0
0,0,0
0,0,0
0,0,0
0,0,0
0,0,0
0,0,0
0,0,0
0,0,0
0,0,0
0,0,0
35.8927,26.6293,3.34838
35.9484,26.3302,3.33855
36.1246,26.1202,3.33995
36.3646,25.9554,3.34727
36.5868,25.7766,3.35304
0,0,0
0,0,0
0,0,0
0,0,0
0,0,0
0,0,0
0,0,0
0,0,0
0,0,0
0,0,0
0,0,0
0,0,0
0,0,0
0,0,0
0,0,0
0,0,0
0,0,0
0,0,0
0,0,0
39.7765,21.2697,3.37907
39.8339,20.9871,3.373
39.8062,20.6614,3.35999
39.9606,20.4313,3.36236
40.0834,20.1849,3.36221
40.2583,19.9642,3.3665
40.5692,19.8092,3.3821
0,0,0
0,0,0
0,0,0
0,0,0
0,0,0
0,0,0
0,0,0
0,0,0
0,0,0
0,0,0
0,0,0
0,0,0
0,0,0
0,0,0
0,0,0
28.0098,10.4165,2.25053
28.1153,10.2599,2.25386
28.1796,10.0878,2.25401
28.1328,9.87675,2.2455
44.0439,15.1606,3.48834
44.1824,14.9056,3.49196
44.3697,14.6662,3.49951
0,0,0
0,0,0
0,0,0
0,0,0
0,0,0
0,0,0
0,0,0
0,0,0
0,0,0
0,0,0
0,0,0
0,0,0
0,0,0
0,0,0
0,0,0
0,0,0
0,0,0
0,0,0
0,0,0
0,0,0
0,0,0
0,0,0
0,0,0
0,0,0
0,0,0
0,0,0
0,0,0
0,0,0
0,0,0
0,0,0
0,0,0
0,0,0
0,0,0
0,0,0
0,0,0
0,0,0
0,0,0
0,0,0
0,0,0
0,0,0
0,0,0
0,0,0
0,0,0
0,0,0
0,0,0
0,0,0
0,0,0
0,0,0
0,0,0
0,0,0
0,0,0
0,0,0
0,0,0
36.3635,-0.440295,2.7311
36.077,-0.658252,2.71011
59.6874,-1.45468,4.46139
59.4621,-1.81433,4.44542
59.1867,-2.16951,4.4259
0,0,0
0,0,0
0,0,0
0,0,0
0,0,0
46.929,-3.45359,3.52361
47.1455,-3.7605,3.54135
47.1453,-4.05176,3.54313
0,0,0
0,0,0
0,0,0
0,0,0
0,0,0
0,0,0
0,0,0
0,0,0
0,0,0
0,0,0
0,0,0
0,0,0
0,0,0
0,0,0
0,0,0
0,0,0
0,0,0
0,0,0
0,0,0
0,0,0
0,0,0
0,0,0
0,0,0
0,0,0
0,0,0
0,0,0
0,0,0
0,0,0
0,0,0
0,0,0
0,0,0
0,0,0
84.7133,-25.114,6.5856
84.4373,-25.5969,6.57629
83.8605,-25.9849,6.54383
83.6671,-26.4888,6.54132
83.1643,-26.8921,6.51492
0,0,0
83.2145,-28.0409,6.54516
0,0,0
0,0,0
0,0,0
0,0,0
0,0,0
0,0,0
0,0,0
0,0,0
0,0,0
0,0,0
0,0,0
0,0,0
0,0,0
51.7826,-22.5637,4.22266
51.2219,-22.6943,4.1885
50.9453,-22.9468,4.17741
50.1788,-22.9729,4.12647
49.8813,-23.208,4.11375
49.8002,-23.5431,4.11885
49.5604,-23.8029,4.11109
49.4188,-24.1091,4.11153
48.9849,-24.2707,4.08795
48.5429,-24.4238,4.0637
48.996,-25.0297,4.11397
48.4564,-25.1301,4.08181
48.3816,-25.4692,4.08854
48.1021,-25.7003,4.07826
0,0,0
0,0,0
0,0,0
0,0,0
0,0,0
0,0,0
0,0,0
0,0,0
0,0,0
0,0,0
0,0,0
0,0,0
0,0,0
0,0,0
0,0,0
0,0,0
0,0,0
0,0,0
0,0,0
0,0,0
0,0,0
0,0,0
0,0,0
0,0,0
0,0,0
0,0,0
67.2838,-51.8281,6.33156
0,0,0
66.764,-52.7457,6.34302
0,0,0
0,0,0
0,0,0
0,0,0
0,0,0
48.6457,-41.4292,4.77214
48.3837,-41.7211,4.77147
47.7903,-41.7233,4.73835
47.4243,-41.9194,4.72756
45.9548,-41.1256,4.60704
0,0,0
45.357,-41.6042,4.59802
45.0972,-41.8783,4.59765
44.8322,-42.1474,4.59691
0,0,0
0,0,0
0,0,0
46.1637,-45.5844,4.84482
0,0,0
55.842,-56.511,5.925
0,0,0
0,0,0
0,0,0
0,0,0
0,0,0
0,0,0
0,0,0
0,0,0
0,0,0
0,0,0
0,0,0
0,0,0
49.7833,-59.1436,5.76634
0,0,0
0,0,0
0,0,0
0,0,0
0,0,0
0,0,0
48.001,-62.2685,5.86385
0,0,0
0,0,0
0,0,0
0,0,0
0,0,0
45.8781,-64.2755,5.88958
0,0,0
0,0,0
20.4436,-29.7873,2.71343
0,0,0
0,0,0
0,0,0
0,0,0
0,0,0
0,0,0
0,0,0
0,0,0
0,0,0
0,0,0
0,0,0
0,0,0
0,0,0
0,0,0
0,0,0
0,0,0
0,0,0
0,0,0
0,0,0
0,0,0
0,0,0
0,0,0
0,0,0
34.8286,-71.327,5.91975
0,0,0
0,0,0
0,0,0
0,0,0
0,0,0
0,0,0
0,0,0
0,0,0
0,0,0
30.5271,-73.6611,5.94644
0,0,0
0,0,0
0,0,0
0,0,0
0,0,0
0,0,0
0,0,0
0,0,0
0,0,0
0,0,0
0,0,0
0,0,0
0,0,0
0,0,0
0,0,0
0,0,0
0,0,0
0,0,0
0,0,0
0,0,0
0,0,0
0,0,0
0,0,0
0,0,0
0,0,0
0,0,0
0,0,0
0,0,0
0,0,0
0,0,0
0,0,0
0,0,0
0,0,0
0,0,0
0,0,0
0,0,0
0,0,0
0,0,0
0,0,0
0,0,0
0,0,0
0,0,0
0,0,0
0,0,0
0,0,0
0,0,0
0,0,0
0,0,0
0,0,0
0,0,0
0,0,0
0,0,0
0,0,0
0,0,0
0,0,0
0,0,0
0,0,0
0,0,0
0,0,0
0,0,0
0,0,0
0,0,0
0,0,0
0,0,0
0,0,0
0,0,0
0,0,0
0,0,0
0,0,0
0,0,0
0,0,0
0,0,0
0,0,0
0,0,0
0,0,0
0,0,0
0,0,0
0,0,0
0,0,0
0,0,0
0,0,0
0,0,0
0,0,0
0,0,0
0,0,0
0,0,0
0,0,0
0,0,0
0,0,0
0,0,0
0,0,0
0,0,0
0,0,0
0,0,0
0,0,0
0,0,0
0,0,0
0,0,0
0,0,0
0,0,0
0,0,0
0,0,0
0,0,0
0,0,0
0,0,0
0,0,0
0,0,0
0,0,0
0,0,0
0,0,0
0,0,0
0,0,0
0,0,0
0,0,0
0,0,0
0,0,0
0,0,0
0,0,0
0,0,0
0,0,0
0,0,0
0,0,0
0,0,0
0,0,0
0,0,0
0,0,0
0,0,0
0,0,0
0,0,0
0,0,0
0,0,0
0,0,0
0,0,0
0,0,0
0,0,0
0,0,0
0,0,0
0,0,0
0,0,0
0,0,0
0,0,0
0,0,0
0,0,0
0,0,0
0,0,0
0,0,0
0,0,0
0,0,0
0,0,0
0,0,0
0,0,0
0,0,0
0,0,0
0,0,0
0,0,0
0,0,0
0,0,0
0,0,0
0,0,0
0,0,0
0,0,0
0,0,0
0,0,0
0,0,0
0,0,0
0,0,0
0,0,0
0,0,0
0,0,0
0,0,0
0,0,0
0,0,0
0,0,0
0,0,0
0,0,0
0,0,0
0,0,0
0,0,0
0,0,0
0,0,0
0,0,0
0,0,0
0,0,0
0,0,0
0,0,0
0,0,0
0,0,0
0,0,0
0,0,0
0,0,0
0,0,0
0,0,0
0,0,0
0,0,0
0,0,0
0,0,0
0,0,0
0,0,0
0,0,0
0,0,0
0,0,0
0,0,0
0,0,0
0,0,0
0,0,0
0,0,0
0,0,0
0,0,0
0,0,0
0,0,0
0,0,0
0,0,0
0,0,0
0,0,0
0,0,0
0,0,0
0,0,0
0,0,0
0,0,0
0,0,0
0,0,0
0,0,0
0,0,0
0,0,0
0,0,0
0,0,0
0,0,0
0,0,0
0,0,0
0,0,0
0,0,0
0,0,0
0,0,0
0,0,0
0,0,0
0,0,0
0,0,0
0,0,0
0,0,0
0,0,0
0,0,0
0,0,0
0,0,0
0,0,0
0,0,0
0,0,0
0,0,0
0,0,0
0,0,0
0,0,0
0,0,0
0,0,0
0,0,0
0,0,0
0,0,0
0,0,0
0,0,0
0,0,0
0,0,0
0,0,0
0,0,0
0,0,0
0,0,0
0,0,0
0,0,0
0,0,0
0,0,0
0,0,0
0,0,0
0,0,0
0,0,0
0,0,0
0,0,0
0,0,0
0,0,0
0,0,0
0,0,0
0,0,0
0,0,0
0,0,0
0,0,0
0,0,0
0,0,0
0,0,0
0,0,0
0,0,0
0,0,0
0,0,0
0,0,0
0,0,0
0,0,0
0,0,0
0,0,0
0,0,0
0,0,0
0,0,0
0,0,0
0,0,0
0,0,0
0,0,0
0,0,0
0,0,0
0,0,0
0,0,0
0,0,0
0,0,0
0,0,0
0,0,0
0,0,0
0,0,0
0,0,0
0,0,0
0,0,0
0,0,0
0,0,0
0,0,0
0,0,0
0,0,0
0,0,0
0,0,0
0,0,0
0,0,0
0,0,0
0,0,0
0,0,0
0,0,0
0,0,0
0,0,0
0,0,0
0,0,0
0,0,0
0,0,0
0,0,0
0,0,0
0,0,0
0,0,0
0,0,0
0,0,0
0,0,0
0,0,0
0,0,0
0,0,0
0,0,0
0,0,0
0,0,0
0,0,0
0,0,0
0,0,0
0,0,0
0,0,0
0,0,0
0,0,0
0,0,0
0,0,0
0,0,0
0,0,0
0,0,0
0,0,0
0,0,0
0,0,0
0,0,0
0,0,0
0,0,0
0,0,0
0,0,0
0,0,0
0,0,0
0,0,0
0,0,0
0,0,0
0,0,0
0,0,0
0,0,0
0,0,0
0,0,0
0,0,0
0,0,0
0,0,0
0,0,0
0,0,0
0,0,0
0,0,0
0,0,0
0,0,0
0,0,0
0,0,0
0,0,0
0,0,0
0,0,0
0,0,0
0,0,0
0,0,0
0,0,0
0,0,0
0,0,0
0,0,0
0,0,0
0,0,0
0,0,0
0,0,0
0,0,0
0,0,0
0,0,0
0,0,0
0,0,0
0,0,0
0,0,0
0,0,0
0,0,0
0,0,0
0,0,0
0,0,0
0,0,0
0,0,0
0,0,0
0,0,0
0,0,0
0,0,0
0,0,0
0,0,0
0,0,0
0,0,0
0,0,0
0,0,0
0,0,0
0,0,0
0,0,0
0,0,0
0,0,0
0,0,0
0,0,0
0,0,0
0,0,0
0,0,0
0,0,0
0,0,0
0,0,0
0,0,0
0,0,0
0,0,0
0,0,0
0,0,0
0,0,0
0,0,0
0,0,0
0,0,0
0,0,0
0,0,0
0,0,0
0,0,0
0,0,0
0,0,0
0,0,0
0,0,0
0,0,0
0,0,0
0,0,0
0,0,0
0,0,0
0,0,0
0,0,0
0,0,0
0,0,0
0,0,0
0,0,0
0,0,0
0,0,0
0,0,0
0,0,0
0,0,0
0,0,0
0,0,0
0,0,0
0,0,0
0,0,0
0,0,0
0,0,0
0,0,0
0,0,0
0,0,0
0,0,0
0,0,0
0,0,0
0,0,0
0,0,0
0,0,0
0,0,0
0,0,0
0,0,0
0,0,0
0,0,0
0,0,0
0,0,0
0,0,0
0,0,0
0,0,0
0,0,0
0,0,0
0,0,0
0,0,0
0,0,0
0,0,0
0,0,0
0,0,0
0,0,0
0,0,0
0,0,0
0,0,0
0,0,0
0,0,0
0,0,0
0,0,0
0,0,0
0,0,0
0,0,0
0,0,0
0,0,0
0,0,0
0,0,0
0,0,0
0,0,0
0,0,0
0,0,0
0,0,0
0,0,0
0,0,0
0,0,0
0,0,0
0,0,0
0,0,0
0,0,0
0,0,0
0,0,0
0,0,0
0,0,0
0,0,0
0,0,0
0,0,0
0,0,0
0,0,0
0,0,0
0,0,0
0,0,0
0,0,0
0,0,0
0,0,0
0,0,0
0,0,0
0,0,0
0,0,0
0,0,0
0,0,0
0,0,0
0,0,0
0,0,0
0,0,0
0,0,0
0,0,0
0,0,0
0,0,0
0,0,0
0,0,0
0,0,0
0,0,0
0,0,0
0,0,0
0,0,0
0,0,0
0,0,0
0,0,0
0,0,0
0,0,0
0,0,0
0,0,0
0,0,0
0,0,0
0,0,0
0,0,0
0,0,0
0,0,0
0,0,0
0,0,0
0,0,0
0,0,0
0,0,0
0,0,0
0,0,0
0,0,0
0,0,0
0,0,0
0,0,0
0,0,0
0,0,0
0,0,0
0,0,0
0,0,0
0,0,0
0,0,0
0,0,0
0,0,0
0,0,0
0,0,0
0,0,0
0,0,0
0,0,0
0,0,0
0,0,0
0,0,0
0,0,0
0,0,0
0,0,0
0,0,0
0,0,0
0,0,0
0,0,0
0,0,0
0,0,0
0,0,0
18.5773,49.0456,3.30725
0,0,0
0,0,0
0,0,0
0,0,0
0,0,0
0,0,0
0,0,0
0,0,0
0,0,0
0,0,0
0,0,0
0,0,0
0,0,0
0,0,0
0,0,0
0,0,0
0,0,0
0,0,0
0,0,0
0,0,0
0,0,0
0,0,0
0,0,0
0,0,0
0,0,0
0,0,0
0,0,0
0,0,0
0,0,0
0,0,0
0,0,0
0,0,0
0,0,0
0,0,0
0,0,0
0,0,0
0,0,0
0,0,0
0,0,0
0,0,0
0,0,0
0,0,0
0,0,0
0,0,0
0,0,0
0,0,0
0,0,0
0,0,0
0,0,0
0,0,0
0,0,0
0,0,0
0,0,0
0,0,0
0,0,0
0,0,0
0,0,0
0,0,0
0,0,0
0,0,0
0,0,0
0,0,0
0,0,0
0,0,0
0,0,0
0,0,0
0,0,0
0,0,0
0,0,0
0,0,0
0,0,0
0,0,0
0,0,0
0,0,0
0,0,0
0,0,0
0,0,0
0,0,0
0,0,0
0,0,0
0,0,0
0,0,0
0,0,0
0,0,0
0,0,0
0,0,0
0,0,0
0,0,0
0,0,0
35.208,27.1274,2.80817
35.1259,26.7224,2.78875
35.077,26.3469,2.77218
35.2227,26.1199,2.771
35.3566,25.8844,2.76901
35.505,25.66,2.76826
35.7138,25.4787,2.77225
35.978,25.3355,2.78053
36.0959,25.0887,2.77773
36.2747,24.8842,2.77966
0,0,0
0,0,0
0,0,0
0,0,0
0,0,0
0,0,0
0,0,0
0,0,0
0,0,0
0,0,0
0,0,0
0,0,0
0,0,0
0,0,0
39.0784,21.8191,2.82754
38.8224,21.3647,2.79983
38.8589,21.0752,2.79317
38.8721,20.7748,2.78501
38.9538,20.5121,2.78183
39.0559,20.2608,2.78022
39.1626,20.0121,2.77903
39.2793,19.7688,2.77866
39.3927,19.5238,2.77816
39.5271,19.2892,2.77922
39.7409,19.0926,2.78588
39.8339,18.8373,2.78426
40.2735,18.7437,2.80662
0,0,0
0,0,0
0,0,0
0,0,0
0,0,0
53.4245,22.5105,3.65209
53.4169,22.1223,3.64232
53.5609,21.7979,3.64294
53.7501,21.4915,3.64674
53.9339,21.182,3.65029
0,0,0
28.095,10.6382,1.90946
43.1097,16.0215,2.9045
43.12,15.7249,2.89871
43.132,15.4301,2.89317
43.1769,15.148,2.88993
43.3144,14.8984,2.89292
43.3652,14.6189,2.89031
43.6001,14.4008,2.89989
43.8025,14.1701,2.90743
44.0237,13.9439,2.91627
44.3039,13.7341,2.92904
44.4389,13.4776,2.9324
44.5122,13.2021,2.93184
44.4763,12.8951,2.9243
0,0,0
0,0,0
0,0,0
0,0,0
0,0,0
0,0,0
0,0,0
0,0,0
0,0,0
0,0,0
0,0,0
0,0,0
0,0,0
0,0,0
0,0,0
0,0,0
0,0,0
0,0,0
0,0,0
0,0,0
0,0,0
0,0,0
0,0,0
0,0,0
0,0,0
0,0,0
0,0,0
0,0,0
0,0,0
0,0,0
0,0,0
0,0,0
0,0,0
0,0,0
0,0,0
0,0,0
0,0,0
0,0,0
0,0,0
0,0,0
0,0,0
0,0,0
0,0,0
0,0,0
0,0,0
0,0,0
0,0,0
36.2628,-0.447018,2.29776
36.1037,-0.666638,2.28805
35.8475,-0.881964,2.27236
0,0,0
0,0,0
0,0,0
0,0,0
0,0,0
0,0,0
0,0,0
0,0,0
0,0,0
0,0,0
0,0,0
0,0,0
0,0,0
0,0,0
0,0,0
0,0,0
0,0,0
0,0,0
0,0,0
0,0,0
0,0,0
0,0,0
0,0,0
0,0,0
0,0,0
0,0,0
0,0,0
0,0,0
0,0,0
0,0,0
0,0,0
0,0,0
0,0,0
0,0,0
0,0,0
0,0,0
0,0,0
0,0,0
0,0,0
0,0,0
0,0,0
0,0,0
0,0,0
0,0,0
0,0,0
83.5334,-26.4689,5.50213
0,0,0
0,0,0
82.9413,-27.9713,5.49616
82.7369,-28.469,5.4941
0,0,0
0,0,0
0,0,0
0,0,0
0,0,0
0,0,0
0,0,0
0,0,0
0,0,0
0,0,0
87.1639,-36.7389,5.93658
0,0,0
86.7998,-37.8465,5.94293
0,0,0
50.775,-22.8844,3.50987
50.6436,-23.2001,3.51056
50.5021,-23.5112,3.51068
50.3136,-23.8001,3.50769
49.4343,-23.7565,3.45701
49.3002,-24.0655,3.45788
49.3233,-24.4527,3.46983
49.2356,-24.7867,3.47425
49.0853,-25.0897,3.47444
48.9012,-25.3753,3.47239
49.0518,-25.8367,3.49406
48.5782,-25.9692,3.47183
48.3495,-26.2297,3.46697
0,0,0
0,0,0
0,0,0
0,0,0
0,0,0
0,0,0
0,0,0
0,0,0
0,0,0
0,0,0
0,0,0
0,0,0
0,0,0
0,0,0
0,0,0
0,0,0
0,0,0
0,0,0
68.4365,-48.2046,5.25773
0,0,0
0,0,0
0,0,0
0,0,0
0,0,0
0,0,0
0,0,0
66.9077,-52.2219,5.33046
66.2775,-52.3876,5.30593
0,0,0
0,0,0
0,0,0
0,0,0
0,0,0
50.0474,-42.6436,4.13735
0,0,0
0,0,0
46.8773,-41.4557,3.9394
46.7127,-41.8237,3.94699
46.4582,-42.1123,3.94724
46.2497,-42.4431,3.95154
46.003,-42.7397,3.95278
46.5556,-43.7884,4.02265
46.3156,-44.1014,4.0252
46.0427,-44.3834,4.02508
45.7581,-44.6539,4.02408
0,0,0
0,0,0
0,0,0
0,0,0
55.063,-57.1353,4.98575
54.9206,-57.6919,5.00468
54.9997,-58.4895,5.04422
54.1365,-58.284,4.99808
0,0,0
53.2141,-58.7199,4.97921
0,0,0
0,0,0
0,0,0
0,0,0
0,0,0
50.4686,-59.9873,4.92609
0,0,0
0,0,0
49.3679,-60.9208,4.92728
0,0,0
0,0,0
0,0,0
0,0,0
0,0,0
47.7263,-63.5409,4.99316
0,0,0
0,0,0
0,0,0
0,0,0
0,0,0
0,0,0
0,0,0
0,0,0
0,0,0
44.0735,-66.8538,5.03095
0,0,0
0,0,0
42.765,-67.5424,5.02273
42.3223,-67.7595,5.0195
0,0,0
0,0,0
0,0,0
0,0,0
0,0,0
0,0,0
38.7628,-68.4356,4.94216
0,0,0
0,0,0
37.6246,-69.3736,4.95891
37.2801,-69.7563,4.96974
37.4601,-71.1397,5.05125
36.9976,-71.3195,5.04783
36.9898,-72.3877,5.10686
36.2398,-72.0071,5.06452
0,0,0
0,0,0
33.9129,-70.5901,4.92111
0,0,0
33.5882,-72.17,5.00156
0,0,0
33.5688,-74.505,5.13351
33.1139,-74.7159,5.13394
0,0,0
0,0,0
0,0,0
0,0,0
0,0,0
0,0,0
0,0,0
0,0,0
0,0,0
0,0,0
0,0,0
0,0,0
0,0,0
0,0,0
0,0,0
0,0,0
0,0,0
0,0,0
0,0,0
0,0,0
0,0,0
0,0,0
0,0,0
0,0,0
0,0,0
0,0,0
0,0,0
0,0,0
0,0,0
0,0,0
0,0,0
0,0,0
0,0,0
0,0,0
0,0,0
0,0,0
0,0,0
0,0,0
0,0,0
0,0,0
0,0,0
0,0,0
0,0,0
0,0,0
0,0,0
0,0,0
0,0,0
0,0,0
0,0,0
0,0,0
0,0,0
0,0,0
0,0,0
0,0,0
0,0,0
0,0,0
0,0,0
0,0,0
0,0,0
0,0,0
0,0,0
0,0,0
0,0,0
0,0,0
0,0,0
0,0,0
0,0,0
0,0,0
0,0,0
0,0,0
0,0,0
0,0,0
0,0,0
0,0,0
0,0,0
0,0,0
0,0,0
0,0,0
0,0,0
0,0,0
0,0,0
0,0,0
0,0,0
0,0,0
0,0,0
0,0,0
0,0,0
0,0,0
0,0,0
0,0,0
0,0,0
0,0,0
0,0,0
0,0,0
0,0,0
0,0,0
0,0,0
0,0,0
0,0,0
0,0,0
0,0,0
0,0,0
0,0,0
0,0,0
0,0,0
0,0,0
0,0,0
0,0,0
0,0,0
0,0,0
0,0,0
0,0,0
0,0,0
0,0,0
0,0,0
0,0,0
0,0,0
0,0,0
0,0,0
0,0,0
0,0,0
0,0,0
0,0,0
0,0,0
0,0,0
0,0,0
0,0,0
0,0,0
0,0,0
0,0,0
0,0,0
0,0,0
0,0,0
0,0,0
0,0,0
0,0,0
0,0,0
0,0,0
0,0,0
0,0,0
0,0,0
0,0,0
0,0,0
0,0,0
0,0,0
0,0,0
0,0,0
0,0,0
0,0,0
0,0,0
0,0,0
0,0,0
0,0,0
0,0,0
0,0,0
0,0,0
0,0,0
0,0,0
0,0,0
0,0,0
0,0,0
0,0,0
0,0,0
0,0,0
0,0,0
0,0,0
0,0,0
0,0,0
0,0,0
0,0,0
0,0,0
0,0,0
0,0,0
0,0,0
0,0,0
0,0,0
0,0,0
0,0,0
0,0,0
0,0,0
0,0,0
0,0,0
0,0,0
0,0,0
0,0,0
0,0,0
0,0,0
0,0,0
0,0,0
0,0,0
0,0,0
0,0,0
0,0,0
0,0,0
0,0,0
0,0,0
0,0,0
0,0,0
0,0,0
0,0,0
0,0,0
0,0,0
0,0,0
0,0,0
0,0,0
0,0,0
0,0,0
0,0,0
0,0,0
0,0,0
0,0,0
0,0,0
0,0,0
0,0,0
0,0,0
0,0,0
0,0,0
0,0,0
0,0,0
0,0,0
0,0,0
0,0,0
0,0,0
0,0,0
0,0,0
0,0,0
0,0,0
0,0,0
0,0,0
0,0,0
0,0,0
0,0,0
0,0,0
0,0,0
0,0,0
0,0,0
0,0,0
0,0,0
0,0,0
0,0,0
0,0,0
0,0,0
0,0,0
0,0,0
0,0,0
0,0,0
0,0,0
0,0,0
0,0,0
0,0,0
0,0,0
0,0,0
0,0,0
0,0,0
0,0,0
0,0,0
0,0,0
0,0,0
0,0,0
0,0,0
0,0,0
0,0,0
0,0,0
0,0,0
0,0,0
0,0,0
0,0,0
0,0,0
0,0,0
0,0,0
0,0,0
0,0,0
0,0,0
0,0,0
0,0,0
0,0,0
0,0,0
0,0,0
0,0,0
0,0,0
0,0,0
0,0,0
0,0,0
0,0,0
0,0,0
0,0,0
0,0,0
0,0,0
0,0,0
0,0,0
0,0,0
0,0,0
0,0,0
0,0,0
0,0,0
0,0,0
0,0,0
0,0,0
0,0,0
0,0,0
0,0,0
0,0,0
0,0,0
0,0,0
0,0,0
0,0,0
0,0,0
0,0,0
0,0,0
0,0,0
0,0,0
0,0,0
0,0,0
0,0,0
0,0,0
0,0,0
0,0,0
0,0,0
0,0,0
0,0,0
0,0,0
0,0,0
0,0,0
0,0,0
0,0,0
0,0,0
0,0,0
0,0,0
0,0,0
0,0,0
0,0,0
0,0,0
0,0,0
0,0,0
0,0,0
0,0,0
0,0,0
0,0,0
0,0,0
0,0,0
0,0,0
0,0,0
0,0,0
0,0,0
0,0,0
0,0,0
0,0,0
0,0,0
0,0,0
0,0,0
0,0,0
0,0,0
0,0,0
0,0,0
0,0,0
0,0,0
0,0,0
0,0,0
0,0,0
0,0,0
0,0,0
0,0,0
0,0,0
0,0,0
0,0,0
0,0,0
0,0,0
0,0,0
0,0,0
0,0,0
0,0,0
0,0,0
0,0,0
0,0,0
0,0,0
0,0,0
0,0,0
0,0,0
0,0,0
0,0,0
0,0,0
0,0,0
0,0,0
0,0,0
0,0,0
0,0,0
0,0,0
0,0,0
0,0,0
0,0,0
0,0,0
0,0,0
0,0,0
0,0,0
0,0,0
0,0,0
0,0,0
0,0,0
0,0,0
0,0,0
0,0,0
0,0,0
0,0,0
0,0,0
0,0,0
0,0,0
0,0,0
0,0,0
0,0,0
0,0,0
0,0,0
0,0,0
0,0,0
0,0,0
0,0,0
0,0,0
0,0,0
0,0,0
0,0,0
0,0,0
0,0,0
0,0,0
0,0,0
0,0,0
0,0,0
0,0,0
0,0,0
0,0,0
0,0,0
0,0,0
0,0,0
0,0,0
0,0,0
0,0,0
0,0,0
0,0,0
0,0,0
0,0,0
0,0,0
0,0,0
0,0,0
0,0,0
0,0,0
0,0,0
0,0,0
0,0,0
0,0,0
0,0,0
0,0,0
0,0,0
0,0,0
0,0,0
0,0,0
0,0,0
0,0,0
0,0,0
0,0,0
0,0,0
0,0,0
0,0,0
0,0,0
0,0,0
0,0,0
0,0,0
0,0,0
0,0,0
0,0,0
0,0,0
0,0,0
0,0,0
0,0,0
0,0,0
0,0,0
0,0,0
0,0,0
0,0,0
0,0,0
0,0,0
0,0,0
0,0,0
0,0,0
0,0,0
0,0,0
0,0,0
0,0,0
0,0,0
0,0,0
0,0,0
0,0,0
0,0,0
0,0,0
0,0,0
0,0,0
0,0,0
0,0,0
0,0,0
0,0,0
0,0,0
0,0,0
0,0,0
0,0,0
0,0,0
0,0,0
0,0,0
0,0,0
0,0,0
0,0,0
0,0,0
0,0,0
0,0,0
0,0,0
0,0,0
0,0,0
0,0,0
0,0,0
0,0,0
0,0,0
0,0,0
0,0,0
0,0,0
0,0,0
0,0,0
0,0,0
0,0,0
0,0,0
0,0,0
0,0,0
0,0,0
0,0,0
0,0,0
0,0,0
0,0,0
0,0,0
0,0,0
0,0,0
0,0,0
0,0,0
0,0,0
0,0,0
0,0,0
0,0,0
0,0,0
0,0,0
0,0,0
0,0,0
0,0,0
0,0,0
0,0,0
0,0,0
0,0,0
0,0,0
0,0,0
0,0,0
0,0,0
0,0,0
0,0,0
0,0,0
0,0,0
0,0,0
0,0,0
0,0,0
0,0,0
0,0,0
0,0,0
0,0,0
0,0,0
0,0,0
0,0,0
0,0,0
0,0,0
0,0,0
0,0,0
0,0,0
0,0,0
0,0,0
0,0,0
0,0,0
0,0,0
0,0,0
0,0,0
0,0,0
0,0,0
0,0,0
0,0,0
0,0,0
0,0,0
0,0,0
0,0,0
0,0,0
0,0,0
0,0,0
0,0,0
0,0,0
0,0,0
0,0,0
0,0,0
0,0,0
0,0,0
0,0,0
0,0,0
0,0,0
0,0,0
0,0,0
0,0,0
0,0,0
0,0,0
0,0,0
0,0,0
0,0,0
0,0,0
0,0,0
0,0,0
0,0,0
0,0,0
0,0,0
0,0,0
0,0,0
0,0,0
0,0,0
0,0,0
0,0,0
0,0,0
0,0,0
0,0,0
0,0,0
0,0,0
0,0,0
0,0,0
0,0,0
0,0,0
0,0,0
0,0,0
0,0,0
0,0,0
0,0,0
0,0,0
0,0,0
0,0,0
0,0,0
0,0,0
0,0,0
0,0,0
0,0,0
0,0,0
0,0,0
0,0,0
0,0,0
0,0,0
0,0,0
0,0,0
0,0,0
0,0,0
0,0,0
18.0766,48.6568,2.61036
18.711,49.4333,2.65748
19.0004,49.2822,2.65559
19.7966,50.4234,2.72268
0,0,0
0,0,0
0,0,0
0,0,0
0,0,0
0,0,0
0,0,0
0,0,0
0,0,0
0,0,0
0,0,0
0,0,0
0,0,0
0,0,0
0,0,0
0,0,0
0,0,0
0,0,0
0,0,0
0,0,0
0,0,0
0,0,0
0,0,0
0,0,0
0,0,0
0,0,0
0,0,0
0,0,0
0,0,0
0,0,0
0,0,0
0,0,0
0,0,0
0,0,0
0,0,0
0,0,0
0,0,0
0,0,0
0,0,0
0,0,0
0,0,0
0,0,0
0,0,0
0,0,0
0,0,0
0,0,0
0,0,0
0,0,0
0,0,0
0,0,0
0,0,0
0,0,0
0,0,0
0,0,0
0,0,0
0,0,0
0,0,0
0,0,0
0,0,0
0,0,0
0,0,0
0,0,0
0,0,0
0,0,0
0,0,0
0,0,0
35.0198,35.0319,2.49268
35.021,34.6058,2.47782
0,0,0
0,0,0
0,0,0
0,0,0
0,0,0
28.2988,25.9753,1.94098
28.4599,25.8032,1.94113
0,0,0
0,0,0
0,0,0
0,0,0
0,0,0
0,0,0
0,0,0
0,0,0
33.4785,27.1424,2.17345
33.6382,26.9315,2.17305
33.7487,26.6819,2.16964
33.9409,26.497,2.17147
34.095,26.2822,2.17097
34.1809,26.0156,2.16632
34.3327,25.8,2.16587
33.3971,24.7777,2.09834
33.6178,24.6231,2.1026
33.6768,24.3502,2.097
34.8677,24.887,2.16052
34.0163,23.9656,2.09963
35.1188,24.4213,2.1574
35.2581,24.1986,2.1568
35.4308,23.9986,2.15829
35.535,23.7524,2.15576
34.7396,22.9136,2.09987
35.7895,23.2922,2.15373
35.8998,23.0517,2.15185
36.0482,22.8358,2.15229
36.1681,22.602,2.15116
0,0,0
0,0,0
0,0,0
36.9776,21.8647,2.16647
37.1309,21.6489,2.1676
37.263,21.4207,2.1676
37.4076,21.1995,2.1684
37.5483,20.9759,2.16904
37.6982,20.7572,2.17028
37.8925,20.5622,2.1741
38.0452,20.3439,2.17563
38.2285,20.1412,2.17895
38.3798,19.921,2.18054
38.5324,19.7011,2.18227
38.6731,19.4746,2.18341
38.8142,19.248,2.18465
38.9477,19.0174,2.18554
39.0763,18.7841,2.18623
39.245,18.5696,2.18921
39.3654,18.3319,2.1896
39.548,18.1224,2.19347
39.6976,17.8971,2.1956
39.8395,17.6677,2.19738
39.9454,17.4222,2.19728
40.0726,17.1858,2.19842
40.1534,16.9295,2.19713
0,0,0
0,0,0
38.0148,15.2098,2.06658
41.1991,16.1914,2.23137
41.3321,15.9516,2.23321
41.4731,15.7144,2.23553
41.6727,15.4982,2.24103
41.7829,15.2481,2.24188
41.9613,15.022,2.24638
42.1064,14.7832,2.24921
42.2747,14.5515,2.25332
42.4379,14.3171,2.25724
42.5809,14.0749,2.26016
42.7625,13.8444,2.26516
42.977,13.6231,2.27195
43.139,13.3837,2.27606
43.3617,13.1617,2.2834
43.4934,12.9108,2.28607
43.6495,12.6662,2.29009
43.8273,12.4267,2.29529
44.0259,12.1917,2.30163
44.1462,11.9339,2.30401
44.291,11.6819,2.30772
44.3918,11.4176,2.30926
0,0,0
0,0,0
0,0,0
0,0,0
0,0,0
0,0,0
0,0,0
0,0,0
0,0,0
0,0,0
0,0,0
0,0,0
0,0,0
0,0,0
0,0,0
0,0,0
0,0,0
0,0,0
0,0,0
0,0,0
0,0,0
0,0,0
0,0,0
0,0,0
0,0,0
0,0,0
0,0,0
0,0,0
0,0,0
0,0,0
0,0,0
0,0,0
0,0,0
0,0,0
0,0,0
0,0,0
0,0,0
0,0,0
0,0,0
0,0,0
0,0,0
0,0,0
0,0,0
36.0956,-0.65859,1.82632
0,0,0
0,0,0
0,0,0
0,0,0
0,0,0
0,0,0
0,0,0
0,0,0
0,0,0
0,0,0
0,0,0
0,0,0
0,0,0
0,0,0
0,0,0
0,0,0
0,0,0
0,0,0
0,0,0
0,0,0
0,0,0
0,0,0
0,0,0
0,0,0
0,0,0
0,0,0
0,0,0
0,0,0
0,0,0
0,0,0
0,0,0
0,0,0
0,0,0
0,0,0
0,0,0
0,0,0
0,0,0
0,0,0
0,0,0
0,0,0
0,0,0
0,0,0
0,0,0
0,0,0
0,0,0
0,0,0
0,0,0
0,0,0
0,0,0
0,0,0
0,0,0
0,0,0
0,0,0
0,0,0
0,0,0
0,0,0
0,0,0
0,0,0
0,0,0
0,0,0
0,0,0
0,0,0
0,0,0
0,0,0
0,0,0
0,0,0
0,0,0
0,0,0
50.7613,-23.9974,2.82078
0,0,0
50.9181,-24.8405,2.8459
51.0342,-25.286,2.86082
0,0,0
50.945,-26.0253,2.87335
0,0,0
81.5434,-42.9255,4.60686
0,0,0
59.0959,-32.0414,3.37021
0,0,0
0,0,0
0,0,0
0,0,0
0,0,0
0,0,0
0,0,0
0,0,0
0,0,0
0,0,0
0,0,0
0,0,0
0,0,0
0,0,0
0,0,0
0,0,0
0,0,0
0,0,0
0,0,0
0,0,0
0,0,0
0,0,0
0,0,0
0,0,0
0,0,0
0,0,0
67.9014,-52.9708,4.30759
0,0,0
0,0,0
0,0,0
0,0,0
0,0,0
0,0,0
0,0,0
0,0,0
14.8928,-13.0032,1.01618
0,0,0
0,0,0
15.6213,-14.1543,1.08114
0,0,0
14.3822,-13.3568,1.0091
14.5489,-13.6787,1.02604
0,0,0
0,0,0
0,0,0
0,0,0
0,0,0
0,0,0
0,0,0
0,0,0
0,0,0
0,0,0
0,0,0
0,0,0
13.4549,-14.8411,1.02916
0,0,0
0,0,0
0,0,0
0,0,0
12.8405,-15.0675,1.01747
0,0,0
0,0,0
0,0,0
0,0,0
0,0,0
0,0,0
0,0,0
50.1273,-65.0268,4.10846
0,0,0
49.2746,-65.5692,4.10425
0,0,0
0,0,0
0,0,0
83.4822,-116.957,7.16383
82.7722,-117.481,7.16462
0,0,0
20.4083,-29.736,1.82454
0,0,0
0,0,0
43.9688,-66.6598,3.99683
0,0,0
0,0,0
0,0,0
0,0,0
0,0,0
0,0,0
0,0,0
0,0,0
0,0,0
0,0,0
0,0,0
0,0,0
0,0,0
0,0,0
0,0,0
37.6065,-71.3757,4.03761
37.3288,-71.9154,4.05495
36.8892,-72.1475,4.0552
0,0,0
0,0,0
0,0,0
34.9426,-72.6881,4.03632
0,0,0
0,0,0
0,0,0
33.693,-74.732,4.10207
33.4779,-75.4879,4.13195
0,0,0
32.5589,-75.916,4.13319
32.0956,-76.1217,4.13358
0,0,0
0,0,0
0,0,0
0,0,0
0,0,0
0,0,0
0,0,0
0,0,0
0,0,0
0,0,0
0,0,0
0,0,0
0,0,0
0,0,0
0,0,0
0,0,0
0,0,0
0,0,0
0,0,0
0,0,0
0,0,0
0,0,0
0,0,0
0,0,0
0,0,0
0,0,0
0,0,0
0,0,0
0,0,0
0,0,0
0,0,0
0,0,0
0,0,0
0,0,0
0,0,0
0,0,0
0,0,0
0,0,0
0,0,0
0,0,0
0,0,0
0,0,0
0,0,0
0,0,0
0,0,0
0,0,0
0,0,0
0,0,0
0,0,0
0,0,0
0,0,0
0,0,0
0,0,0
0,0,0
0,0,0
0,0,0
0,0,0
0,0,0
0,0,0
0,0,0
0,0,0
0,0,0
0,0,0
0,0,0
0,0,0
0,0,0
0,0,0
0,0,0
0,0,0
0,0,0
0,0,0
0,0,0
0,0,0
0,0,0
0,0,0
0,0,0
0,0,0
0,0,0
0,0,0
0,0,0
0,0,0
0,0,0
0,0,0
0,0,0
0,0,0
0,0,0
0,0,0
0,0,0
0,0,0
0,0,0
0,0,0
0,0,0
0,0,0
0,0,0
0,0,0
0,0,0
0,0,0
0,0,0
0,0,0
0,0,0
0,0,0
0,0,0
0,0,0
0,0,0
0,0,0
0,0,0
0,0,0
0,0,0
0,0,0
0,0,0
0,0,0
0,0,0
0,0,0
0,0,0
0,0,0
0,0,0
0,0,0
0,0,0
0,0,0
0,0,0
0,0,0
0,0,0
0,0,0
0,0,0
0,0,0
0,0,0
0,0,0
0,0,0
0,0,0
0,0,0
0,0,0
0,0,0
0,0,0
0,0,0
0,0,0
0,0,0
0,0,0
0,0,0
0,0,0
0,0,0
0,0,0
0,0,0
0,0,0
0,0,0
0,0,0
0,0,0
0,0,0
0,0,0
0,0,0
0,0,0
0,0,0
0,0,0
0,0,0
0,0,0
0,0,0
0,0,0
0,0,0
0,0,0
0,0,0
0,0,0
0,0,0
0,0,0
0,0,0
0,0,0
0,0,0
0,0,0
0,0,0
0,0,0
0,0,0
0,0,0
0,0,0
0,0,0
0,0,0
0,0,0
0,0,0
0,0,0
0,0,0
0,0,0
0,0,0
0,0,0
0,0,0
0,0,0
0,0,0
0,0,0
0,0,0
0,0,0
0,0,0
0,0,0
0,0,0
0,0,0
0,0,0
0,0,0
0,0,0
0,0,0
0,0,0
0,0,0
0,0,0
0,0,0
0,0,0
0,0,0
0,0,0
0,0,0
0,0,0
0,0,0
0,0,0
0,0,0
0,0,0
0,0,0
0,0,0
0,0,0
0,0,0
0,0,0
0,0,0
0,0,0
0,0,0
0,0,0
0,0,0
0,0,0
0,0,0
0,0,0
0,0,0
0,0,0
0,0,0
0,0,0
0,0,0
0,0,0
0,0,0
0,0,0
0,0,0
0,0,0
0,0,0
0,0,0
0,0,0
0,0,0
0,0,0
0,0,0
0,0,0
0,0,0
0,0,0
0,0,0
0,0,0
0,0,0
0,0,0
0,0,0
0,0,0
0,0,0
0,0,0
0,0,0
0,0,0
0,0,0
0,0,0
0,0,0
0,0,0
0,0,0
0,0,0
0,0,0
0,0,0
0,0,0
0,0,0
0,0,0
0,0,0
0,0,0
0,0,0
0,0,0
0,0,0
0,0,0
0,0,0
0,0,0
0,0,0
0,0,0
0,0,0
0,0,0
0,0,0
0,0,0
0,0,0
0,0,0
0,0,0
0,0,0
0,0,0
0,0,0
0,0,0
0,0,0
0,0,0
0,0,0
0,0,0
0,0,0
0,0,0
0,0,0
0,0,0
0,0,0
0,0,0
0,0,0
0,0,0
0,0,0
0,0,0
0,0,0
0,0,0
0,0,0
0,0,0
0,0,0
0,0,0
0,0,0
0,0,0
0,0,0
0,0,0
0,0,0
0,0,0
0,0,0
0,0,0
0,0,0
0,0,0
0,0,0
0,0,0
0,0,0
0,0,0
0,0,0
0,0,0
0,0,0
0,0,0
0,0,0
0,0,0
0,0,0
0,0,0
0,0,0
0,0,0
0,0,0
0,0,0
0,0,0
0,0,0
0,0,0
0,0,0
0,0,0
0,0,0
0,0,0
0,0,0
0,0,0
0,0,0
0,0,0
0,0,0
0,0,0
0,0,0
0,0,0
0,0,0
0,0,0
0,0,0
0,0,0
0,0,0
0,0,0
0,0,0
0,0,0
0,0,0
0,0,0
0,0,0
0,0,0
0,0,0
0,0,0
0,0,0
0,0,0
0,0,0
0,0,0
0,0,0
0,0,0
0,0,0
0,0,0
0,0,0
0,0,0
0,0,0
0,0,0
0,0,0
0,0,0
0,0,0
0,0,0
0,0,0
0,0,0
0,0,0
0,0,0
0,0,0
0,0,0
0,0,0
0,0,0
0,0,0
0,0,0
0,0,0
0,0,0
0,0,0
0,0,0
0,0,0
0,0,0
0,0,0
0,0,0
0,0,0
0,0,0
0,0,0
0,0,0
0,0,0
0,0,0
0,0,0
0,0,0
0,0,0
0,0,0
0,0,0
0,0,0
0,0,0
0,0,0
0,0,0
0,0,0
0,0,0
0,0,0
0,0,0
0,0,0
0,0,0
0,0,0
0,0,0
0,0,0
0,0,0
0,0,0
0,0,0
0,0,0
0,0,0
0,0,0
0,0,0
0,0,0
0,0,0
0,0,0
0,0,0
0,0,0
0,0,0
0,0,0
0,0,0
0,0,0
0,0,0
0,0,0
0,0,0
0,0,0
0,0,0
0,0,0
0,0,0
0,0,0
0,0,0
0,0,0
0,0,0
0,0,0
0,0,0
0,0,0
0,0,0
0,0,0
0,0,0
0,0,0
0,0,0
0,0,0
0,0,0
0,0,0
0,0,0
0,0,0
0,0,0
0,0,0
0,0,0
0,0,0
0,0,0
0,0,0
0,0,0
0,0,0
0,0,0
0,0,0
0,0,0
0,0,0
0,0,0
0,0,0
0,0,0
0,0,0
0,0,0
0,0,0
0,0,0
0,0,0
0,0,0
0,0,0
0,0,0
0,0,0
0,0,0
0,0,0
0,0,0
0,0,0
0,0,0
0,0,0
0,0,0
0,0,0
0,0,0
0,0,0
0,0,0
0,0,0
0,0,0
0,0,0
0,0,0
0,0,0
0,0,0
0,0,0
0,0,0
0,0,0
0,0,0
0,0,0
0,0,0
0,0,0
0,0,0
0,0,0
0,0,0
0,0,0
0,0,0
0,0,0
0,0,0
0,0,0
0,0,0
0,0,0
0,0,0
0,0,0
0,0,0
0,0,0
0,0,0
0,0,0
0,0,0
0,0,0
0,0,0
0,0,0
0,0,0
0,0,0
0,0,0
0,0,0
0,0,0
0,0,0
0,0,0
0,0,0
0,0,0
0,0,0
0,0,0
0,0,0
0,0,0
0,0,0
0,0,0
0,0,0
0,0,0
0,0,0
0,0,0
0,0,0
0,0,0
0,0,0
0,0,0
0,0,0
0,0,0
0,0,0
0,0,0
0,0,0
0,0,0
0,0,0
0,0,0
0,0,0
0,0,0
0,0,0
0,0,0
0,0,0
0,0,0
0,0,0
0,0,0
0,0,0
0,0,0
0,0,0
0,0,0
0,0,0
0,0,0
0,0,0
0,0,0
0,0,0
0,0,0
0,0,0
0,0,0
0,0,0
0,0,0
0,0,0
0,0,0
0,0,0
0,0,0
0,0,0
0,0,0
0,0,0
0,0,0
0,0,0
0,0,0
0,0,0
0,0,0
0,0,0
0,0,0
0,0,0
0,0,0
0,0,0
0,0,0
0,0,0
0,0,0
0,0,0
0,0,0
0,0,0
0,0,0
0,0,0
0,0,0
0,0,0
0,0,0
0,0,0
0,0,0
0,0,0
0,0,0
0,0,0
0,0,0
0,0,0
0,0,0
0,0,0
0,0,0
0,0,0
0,0,0
0,0,0
0,0,0
0,0,0
0,0,0
18.8133,49.6686,2.03882
0,0,0
0,0,0
0,0,0
0,0,0
0,0,0
0,0,0
0,0,0
0,0,0
0,0,0
0,0,0
0,0,0
0,0,0
0,0,0
0,0,0
0,0,0
0,0,0
0,0,0
0,0,0
0,0,0
0,0,0
0,0,0
0,0,0
0,0,0
0,0,0
0,0,0
0,0,0
0,0,0
0,0,0
0,0,0
0,0,0
0,0,0
0,0,0
0,0,0
0,0,0
0,0,0
0,0,0
0,0,0
0,0,0
0,0,0
0,0,0
0,0,0
0,0,0
0,0,0
0,0,0
0,0,0
0,0,0
0,0,0
0,0,0
0,0,0
0,0,0
0,0,0
0,0,0
0,0,0
0,0,0
0,0,0
0,0,0
0,0,0
0,0,0
0,0,0
0,0,0
0,0,0
0,0,0
0,0,0
0,0,0
0,0,0
0,0,0
0,0,0
0,0,0
0,0,0
35.1324,34.6999,1.89804
0,0,0
0,0,0
0,0,0
0,0,0
54.3149,50.4499,2.83156
0,0,0
0,0,0
0,0,0
32.214,28.4817,1.65739
32.3483,28.2487,1.6554
32.2471,27.8134,1.64175
31.9303,27.2003,1.61763
31.7823,26.7394,1.60214
31.9604,26.556,1.60286
32.0818,26.3258,1.60086
32.2334,26.1209,1.60041
32.3502,25.8883,1.59833
32.4864,25.672,1.59728
32.6725,25.4949,1.59867
32.8109,25.2806,1.59784
32.971,25.083,1.59811
33.149,24.8988,1.59927
33.3092,24.7009,1.59965
0,0,0
33.5928,24.278,1.59886
44.463,31.7204,2.09562
44.6699,31.4562,2.09622
44.8785,31.1929,2.09697
45.0954,30.935,2.09818
45.2943,30.6645,2.09863
45.504,30.401,2.09965
45.7097,30.1344,2.10055
45.913,29.8659,2.10142
46.1156,29.5966,2.10233
40.2614,25.492,1.83292
35.5131,22.1815,1.61484
0,0,0
0,0,0
0,0,0
34.3124,20.2784,1.53886
0,0,0
0,0,0
37.4397,21.2065,1.65849
37.5761,20.9803,1.65879
37.705,20.7498,1.65883
0,0,0
37.9479,20.2808,1.65845
38.0902,20.0574,1.65924
38.2099,19.8219,1.65913
0,0,0
0,0,0
0,0,0
36.2718,17.7007,1.55785
0,0,0
0,0,0
0,0,0
0,0,0
0,0,0
0,0,0
0,0,0
0,0,0
0,0,0
0,0,0
0,0,0
0,0,0
0,0,0
0,0,0
0,0,0
38.7144,14.3881,1.59336
0,0,0
0,0,0
0,0,0
0,0,0
0,0,0
0,0,0
0,0,0
0,0,0
0,0,0
0,0,0
0,0,0
0,0,0
0,0,0
0,0,0
0,0,0
0,0,0
0,0,0
0,0,0
0,0,0
0,0,0
0,0,0
0,0,0
0,0,0
0,0,0
0,0,0
0,0,0
0,0,0
0,0,0
107.083,19.2514,4.13918
0,0,0
0,0,0
0,0,0
0,0,0
0,0,0
0,0,0
0,0,0
0,0,0
0,0,0
0,0,0
0,0,0
0,0,0
0,0,0
0,0,0
0,0,0
0,0,0
0,0,0
0,0,0
0,0,0
0,0,0
0,0,0
0,0,0
0,0,0
0,0,0
0,0,0
0,0,0
0,0,0
0,0,0
0,0,0
0,0,0
0,0,0
0,0,0
0,0,0
0,0,0
0,0,0
0,0,0
0,0,0
0,0,0
0,0,0
0,0,0
0,0,0
0,0,0
0,0,0
0,0,0
0,0,0
0,0,0
0,0,0
0,0,0
0,0,0
0,0,0
0,0,0
0,0,0
0,0,0
0,0,0
0,0,0
0,0,0
0,0,0
0,0,0
0,0,0
0,0,0
0,0,0
0,0,0
0,0,0
0,0,0
0,0,0
0,0,0
0,0,0
0,0,0
0,0,0
0,0,0
0,0,0
0,0,0
0,0,0
0,0,0
0,0,0
0,0,0
0,0,0
0,0,0
0,0,0
0,0,0
0,0,0
0,0,0
0,0,0
0,0,0
0,0,0
96.9666,-35.3746,3.92864
0,0,0
0,0,0
0,0,0
0,0,0
0,0,0
0,0,0
0,0,0
0,0,0
0,0,0
0,0,0
0,0,0
0,0,0
0,0,0
0,0,0
0,0,0
0,0,0
51.1345,-24.9609,2.18174
50.7691,-25.1695,2.17284
50.8761,-25.6126,2.18392
50.6557,-25.8925,2.18129
0,0,0
0,0,0
80.8905,-43.2432,3.49513
0,0,0
58.1593,-32.0151,2.53957
57.9068,-32.3406,2.53719
57.7786,-32.7357,2.54029
0,0,0
77.5001,-45.1748,3.41899
0,0,0
0,0,0
0,0,0
0,0,0
0,0,0
0,0,0
0,0,0
0,0,0
0,0,0
0,0,0
0,0,0
0,0,0
0,0,0
0,0,0
0,0,0
0,0,0
0,0,0
0,0,0
0,0,0
0,0,0
0,0,0
0,0,0
0,0,0
0,0,0
14.8384,-12.027,0.755994
0,0,0
0,0,0
0,0,0
0,0,0
0,0,0
0,0,0
15.6025,-13.7977,0.821161
0,0,0
0,0,0
0,0,0
13.7936,-12.8147,0.745705
0,0,0
13.8024,-13.1422,0.754411
14.9554,-14.416,0.81905
0,0,0
0,0,0
0,0,0
0,0,0
13.4426,-13.7779,0.76161
13.328,-13.8292,0.75999
0,0,0
0,0,0
0,0,0
0,0,0
0,0,0
12.3195,-13.7624,0.73225
12.2361,-13.8392,0.732325
0,0,0
0,0,0
0,0,0
0,0,0
0,0,0
0,0,0
12.0433,-14.8612,0.75705
11.8251,-14.7764,0.749399
0,0,0
0,0,0
0,0,0
0,0,0
0,0,0
0,0,0
0,0,0
0,0,0
0,0,0
0,0,0
0,0,0
0,0,0
0,0,0
0,0,0
0,0,0
0,0,0
0,0,0
0,0,0
0,0,0
0,0,0
0,0,0
0,0,0
0,0,0
42.546,-73.0108,3.22278
42.3551,-73.7193,3.2423
0,0,0
0,0,0
0,0,0
0,0,0
0,0,0
0,0,0
0,0,0
0,0,0
0,0,0
35.947,-72.5302,3.08875
0,0,0
0,0,0
30.1913,-63.8441,2.69926
0,0,0
0,0,0
0,0,0
0,0,0
0,0,0
0,0,0
0,0,0
0,0,0
0,0,0
0,0,0
0,0,0
0,0,0
0,0,0
0,0,0
0,0,0
0,0,0
0,0,0
0,0,0
0,0,0
0,0,0
0,0,0
0,0,0
0,0,0
0,0,0
0,0,0
0,0,0
0,0,0
0,0,0
0,0,0
0,0,0
0,0,0
0,0,0
0,0,0
0,0,0
0,0,0
0,0,0
0,0,0
0,0,0
0,0,0
0,0,0
0,0,0
0,0,0
0,0,0
0,0,0
0,0,0
0,0,0
0,0,0
0,0,0
0,0,0
0,0,0
0,0,0
0,0,0
0,0,0
0,0,0
0,0,0
0,0,0
0,0,0
0,0,0
0,0,0
0,0,0
0,0,0
0,0,0
0,0,0
0,0,0
0,0,0
0,0,0
0,0,0
0,0,0
0,0,0
0,0,0
0,0,0
0,0,0
0,0,0
0,0,0
0,0,0
0,0,0
0,0,0
0,0,0
0,0,0
0,0,0
0,0,0
0,0,0
0,0,0
0,0,0
0,0,0
0,0,0
0,0,0
0,0,0
0,0,0
0,0,0
0,0,0
0,0,0
0,0,0
0,0,0
0,0,0
0,0,0
0,0,0
0,0,0
0,0,0
0,0,0
0,0,0
0,0,0
0,0,0
0,0,0
0,0,0
0,0,0
0,0,0
0,0,0
0,0,0
0,0,0
0,0,0
0,0,0
0,0,0
0,0,0
0,0,0
0,0,0
0,0,0
0,0,0
0,0,0
0,0,0
0,0,0
0,0,0
0,0,0
0,0,0
0,0,0
0,0,0
0,0,0
0,0,0
0,0,0
0,0,0
0,0,0
0,0,0
0,0,0
0,0,0
0,0,0
0,0,0
0,0,0
0,0,0
0,0,0
0,0,0
0,0,0
0,0,0
0,0,0
0,0,0
0,0,0
0,0,0
0,0,0
0,0,0
0,0,0
0,0,0
0,0,0
0,0,0
0,0,0
0,0,0
0,0,0
0,0,0
0,0,0
0,0,0
0,0,0
0,0,0
0,0,0
0,0,0
0,0,0
0,0,0
0,0,0
0,0,0
0,0,0
0,0,0
0,0,0
0,0,0
0,0,0
0,0,0
0,0,0
0,0,0
0,0,0
0,0,0
0,0,0
0,0,0
0,0,0
0,0,0
0,0,0
0,0,0
0,0,0
0,0,0
0,0,0
0,0,0
0,0,0
0,0,0
0,0,0
0,0,0
0,0,0
0,0,0
0,0,0
0,0,0
0,0,0
0,0,0
0,0,0
0,0,0
0,0,0
0,0,0
0,0,0
0,0,0
0,0,0
0,0,0
0,0,0
0,0,0
0,0,0
0,0,0
0,0,0
0,0,0
0,0,0
0,0,0
0,0,0
0,0,0
0,0,0
0,0,0
0,0,0
0,0,0
0,0,0
0,0,0
0,0,0
0,0,0
0,0,0
0,0,0
0,0,0
0,0,0
0,0,0
0,0,0
0,0,0
0,0,0
0,0,0
0,0,0
0,0,0
0,0,0
0,0,0
0,0,0
0,0,0
0,0,0
0,0,0
0,0,0
0,0,0
0,0,0
0,0,0
0,0,0
0,0,0
0,0,0
0,0,0
0,0,0
0,0,0
0,0,0
0,0,0
0,0,0
0,0,0
0,0,0
0,0,0
0,0,0
0,0,0
0,0,0
0,0,0
0,0,0
0,0,0
0,0,0
0,0,0
0,0,0
0,0,0
0,0,0
0,0,0
0,0,0
0,0,0
0,0,0
0,0,0
0,0,0
0,0,0
0,0,0
0,0,0
0,0,0
0,0,0
0,0,0
0,0,0
0,0,0
0,0,0
0,0,0
0,0,0
0,0,0
0,0,0
0,0,0
0,0,0
0,0,0
0,0,0
0,0,0
0,0,0
0,0,0
0,0,0
0,0,0
0,0,0
0,0,0
0,0,0
0,0,0
0,0,0
0,0,0
0,0,0
0,0,0
0,0,0
0,0,0
0,0,0
0,0,0
0,0,0
0,0,0
0,0,0
0,0,0
0,0,0
0,0,0
0,0,0
0,0,0
0,0,0
0,0,0
0,0,0
0,0,0
0,0,0
0,0,0
0,0,0
0,0,0
0,0,0
0,0,0
0,0,0
0,0,0
0,0,0
0,0,0
0,0,0
0,0,0
0,0,0
0,0,0
0,0,0
0,0,0
0,0,0
0,0,0
0,0,0
0,0,0
0,0,0
0,0,0
0,0,0
0,0,0
0,0,0
0,0,0
0,0,0
0,0,0
0,0,0
0,0,0
0,0,0
0,0,0
0,0,0
0,0,0
0,0,0
0,0,0
0,0,0
0,0,0
0,0,0
0,0,0
0,0,0
0,0,0
0,0,0
0,0,0
0,0,0
0,0,0
0,0,0
0,0,0
0,0,0
0,0,0
0,0,0
0,0,0
0,0,0
0,0,0
0,0,0
0,0,0
0,0,0
0,0,0
0,0,0
0,0,0
0,0,0
0,0,0
0,0,0
0,0,0
0,0,0
0,0,0
0,0,0
0,0,0
0,0,0
0,0,0
0,0,0
0,0,0
0,0,0
0,0,0
0,0,0
0,0,0
0,0,0
0,0,0
0,0,0
0,0,0
0,0,0
0,0,0
0,0,0
0,0,0
0,0,0
0,0,0
0,0,0
0,0,0
0,0,0
0,0,0
0,0,0
0,0,0
0,0,0
0,0,0
0,0,0
0,0,0
0,0,0
0,0,0
0,0,0
0,0,0
0,0,0
0,0,0
0,0,0
0,0,0
0,0,0
0,0,0
0,0,0
0,0,0
0,0,0
0,0,0
0,0,0
0,0,0
0,0,0
0,0,0
0,0,0
0,0,0
0,0,0
0,0,0
0,0,0
0,0,0
0,0,0
0,0,0
0,0,0
0,0,0
0,0,0
0,0,0
0,0,0
0,0,0
0,0,0
0,0,0
0,0,0
0,0,0
0,0,0
0,0,0
0,0,0
0,0,0
0,0,0
0,0,0
0,0,0
0,0,0
0,0,0
0,0,0
0,0,0
0,0,0
0,0,0
0,0,0
0,0,0
0,0,0
0,0,0
0,0,0
0,0,0
0,0,0
0,0,0
0,0,0
0,0,0
0,0,0
0,0,0
0,0,0
0,0,0
0,0,0
0,0,0
0,0,0
0,0,0
0,0,0
0,0,0
0,0,0
0,0,0
0,0,0
0,0,0
0,0,0
0,0,0
0,0,0
0,0,0
0,0,0
0,0,0
0,0,0
0,0,0
0,0,0
0,0,0
0,0,0
0,0,0
0,0,0
0,0,0
0,0,0
0,0,0
0,0,0
0,0,0
0,0,0
0,0,0
0,0,0
0,0,0
0,0,0
0,0,0
0,0,0
0,0,0
0,0,0
0,0,0
0,0,0
0,0,0
0,0,0
0,0,0
0,0,0
0,0,0
0,0,0
0,0,0
0,0,0
0,0,0
0,0,0
0,0,0
0,0,0
0,0,0
0,0,0
0,0,0
0,0,0
0,0,0
0,0,0
0,0,0
0,0,0
0,0,0
0,0,0
0,0,0
0,0,0
0,0,0
0,0,0
0,0,0
0,0,0
0,0,0
0,0,0
0,0,0
0,0,0
0,0,0
0,0,0
0,0,0
0,0,0
0,0,0
0,0,0
0,0,0
0,0,0
0,0,0
0,0,0
0,0,0
0,0,0
0,0,0
0,0,0
0,0,0
0,0,0
0,0,0
0,0,0
0,0,0
0,0,0
0,0,0
0,0,0
0,0,0
0,0,0
0,0,0
0,0,0
0,0,0
0,0,0
0,0,0
0,0,0
0,0,0
0,0,0
0,0,0
0,0,0
0,0,0
0,0,0
0,0,0
0,0,0
0,0,0
0,0,0
0,0,0
0,0,0
0,0,0
0,0,0
0,0,0
0,0,0
0,0,0
0,0,0
0,0,0
0,0,0
0,0,0
0,0,0
0,0,0
0,0,0
0,0,0
0,0,0
0,0,0
0,0,0
0,0,0
0,0,0
0,0,0
0,0,0
0,0,0
0,0,0
0,0,0
0,0,0
0,0,0
0,0,0
0,0,0
0,0,0
0,0,0
0,0,0
0,0,0
0,0,0
0,0,0
0,0,0
0,0,0
0,0,0
0,0,0
0,0,0
0,0,0
0,0,0
0,0,0
0,0,0
0,0,0
0,0,0
0,0,0
0,0,0
0,0,0
0,0,0
0,0,0
0,0,0
0,0,0
0,0,0
0,0,0
0,0,0
0,0,0
0,0,0
0,0,0
0,0,0
0,0,0
0,0,0
0,0,0
0,0,0
0,0,0
17.0869,49.6399,1.35549
0,0,0
0,0,0
0,0,0
18.8408,50.6598,1.39449
19.1587,50.5629,1.39502
19.4794,50.4723,1.39577
19.7888,50.3519,1.39577
0,0,0
0,0,0
25.3628,61.2018,1.70115
25.981,61.6217,1.71689
26.6604,62.1649,1.73614
27.0909,62.1137,1.73925
0,0,0
28.6506,63.5501,1.78815
29.334,64.0148,1.8059
30.0027,64.4271,1.82236
30.8019,65.0967,1.84613
0,0,0
0,0,0
0,0,0
0,0,0
34.7629,67.9914,1.9554
35.2536,67.9196,1.95944
0,0,0
0,0,0
0,0,0
39.1625,71.1254,2.07685
0,0,0
0,0,0
0,0,0
0,0,0
0,0,0
0,0,0
0,0,0
0,0,0
0,0,0
0,0,0
0,0,0
0,0,0
0,0,0
0,0,0
0,0,0
0,0,0
0,0,0
0,0,0
0,0,0
0,0,0
0,0,0
0,0,0
0,0,0
0,0,0
42.1807,54.7196,1.77257
42.5126,54.4558,1.77245
0,0,0
0,0,0
0,0,0
0,0,0
0,0,0
0,0,0
0,0,0
0,0,0
0,0,0
0,0,0
0,0,0
0,0,0
0,0,0
0,0,0
0,0,0
0,0,0
0,0,0
0,0,0
0,0,0
0,0,0
0,0,0
0,0,0
0,0,0
0,0,0
0,0,0
54.2956,50.421,1.89843
0,0,0
0,0,0
0,0,0
0,0,0
0,0,0
32.4646,27.994,1.11339
0,0,0
32.2679,27.1411,1.09572
0,0,0
0,0,0
0,0,0
0,0,0
0,0,0
0,0,0
0,0,0
0,0,0
0,0,0
0,0,0
0,0,0
33.8724,24.4737,1.08627
0,0,0
0,0,0
0,0,0
0,0,0
0,0,0
0,0,0
0,0,0
50.0879,32.5735,1.53773
0,0,0
0,0,0
36.282,22.6555,1.11105
0,0,0
0,0,0
0,0,0
34.3328,20.2846,1.03822
0,0,0
0,0,0
0,0,0
37.4765,20.9186,1.11469
0,0,0
0,0,0
37.8499,20.2224,1.11454
0,0,0
0,0,0
0,0,0
0,0,0
0,0,0
36.2191,17.6693,1.04883
0,0,0
0,0,0
0,0,0
0,0,0
0,0,0
0,0,0
0,0,0
0,0,0
0,0,0
0,0,0
0,0,0
38.1421,15.2453,1.06835
0,0,0
0,0,0
0,0,0
38.7071,14.3799,1.07378
0,0,0
0,0,0
0,0,0
0,0,0
0,0,0
0,0,0
0,0,0
0,0,0
0,0,0
0,0,0
0,0,0
0,0,0
0,0,0
0,0,0
0,0,0
0,0,0
0,0,0
0,0,0
0,0,0
0,0,0
0,0,0
0,0,0
0,0,0
0,0,0
0,0,0
0,0,0
0,0,0
0,0,0
43.2644,7.77284,1.14078
43.2128,7.49015,1.13827
0,0,0
0,0,0
0,0,0
0,0,0
0,0,0
0,0,0
0,0,0
0,0,0
0,0,0
0,0,0
0,0,0
0,0,0
0,0,0
0,0,0
0,0,0
0,0,0
0,0,0
0,0,0
0,0,0
0,0,0
0,0,0
0,0,0
0,0,0
0,0,0
0,0,0
0,0,0
0,0,0
0,0,0
0,0,0
0,0,0
36.0583,-0.670498,0.942376
0,0,0
0,0,0
0,0,0
0,0,0
0,0,0
0,0,0
0,0,0
0,0,0
0,0,0
0,0,0
0,0,0
0,0,0
0,0,0
0,0,0
0,0,0
0,0,0
0,0,0
0,0,0
0,0,0
73.3156,-10.4286,1.89734
72.8507,-10.8189,1.88719
72.617,-11.24,1.88297
0,0,0
0,0,0
0,0,0
0,0,0
0,0,0
0,0,0
0,0,0
0,0,0
0,0,0
0,0,0
0,0,0
0,0,0
71.5702,-17.0096,1.88503
71.8209,-17.5354,1.89425
72.19,-18.0956,1.90664
73.0933,-18.7994,1.933
73.1099,-19.2827,1.93647
0,0,0
73.7416,-20.4204,1.95927
0,0,0
0,0,0
0,0,0
0,0,0
59.8318,-18.5627,1.61056
0,0,0
0,0,0
0,0,0
57.7858,-19.495,1.56884
0,0,0
0,0,0
0,0,0
0,0,0
0,0,0
0,0,0
54.534,-21.0469,1.50521
55.9651,-21.9947,1.54738
55.8504,-22.3462,1.54796
53.3809,-21.7391,1.48468
52.6675,-21.8263,1.46893
52.364,-22.0779,1.46433
52.2027,-22.3882,1.46365
0,0,0
0,0,0
0,0,0
53.9296,-24.7128,1.52703
54.0081,-25.1509,1.53344
0,0,0
51.1293,-24.5783,1.46187
50.9084,-24.8578,1.45993
50.7002,-25.1426,1.4584
50.5316,-25.4465,1.45802
50.5054,-25.8229,1.46171
0,0,0
0,0,0
0,0,0
50.2343,-27.2596,1.47252
50.3016,-27.6971,1.47928
49.8279,-27.836,1.47056
0,0,0
0,0,0
0,0,0
0,0,0
0,0,0
45.2955,-27.5391,1.36836
0,0,0
44.9465,-28.0881,1.36813
0,0,0
44.7398,-28.7283,1.37235
0,0,0
44.2603,-29.1937,1.36863
43.8801,-29.3308,1.36258
42.7052,-28.9262,1.3324
43.3668,-29.7641,1.358
43.0693,-29.9503,1.35451
42.7196,-30.0977,1.34943
42.3787,-30.2484,1.34463
42.198,-30.5119,1.34481
41.8995,-30.6894,1.34137
41.81,-31.0197,1.34448
40.3441,-30.3178,1.3044
40.1414,-30.5527,1.3039
0,0,0
0,0,0
14.3221,-11.3242,0.494759
14.2742,-11.4294,0.495463
14.1409,-11.4658,0.493427
14.0008,-11.4952,0.491165
13.9077,-11.5624,0.490436
13.8174,-11.6314,0.489808
13.7305,-11.703,0.489306
13.6796,-11.8053,0.490009
13.6243,-11.9042,0.490587
13.5869,-12.0193,0.491794
13.5568,-12.1418,0.493276
13.5013,-12.2422,0.49393
13.3656,-12.2694,0.491869
13.4731,-12.5213,0.498151
13.637,-12.8305,0.506469
13.9063,-13.2455,0.518557
14.2868,-13.7761,0.534691
0,0,0
35.2555,-34.8378,1.28173
0,0,0
0,0,0
34.8456,-35.7241,1.29028
12.647,-13.1271,0.494005
12.5469,-13.1842,0.493301
12.3939,-13.1844,0.490663
12.2604,-13.2038,0.488728
12.1575,-13.2552,0.487923
12.0518,-13.3029,0.487019
11.9459,-13.3498,0.486114
11.8691,-13.4288,0.486315
11.795,-13.5112,0.486642
11.7491,-13.6265,0.488074
11.7003,-13.7394,0.489431
11.6421,-13.8423,0.490462
11.6164,-13.985,0.492799
11.5728,-14.1078,0.494482
0,0,0
30.5804,-38.2229,1.2663
31.3189,-39.6421,1.30578
31.061,-39.8154,1.3052
30.813,-40.0013,1.30508
30.544,-40.1593,1.30412
30.3421,-40.4059,1.30601
30.1001,-40.6002,1.30629
29.978,-40.9584,1.31171
28.8812,-39.9723,1.27545
28.6766,-40.2065,1.27723
29.1286,-41.3749,1.30777
28.201,-40.5841,1.27811
20.42,-29.7752,0.943381
28.9544,-42.7791,1.33433
0,0,0
0,0,0
0,0,0
0,0,0
27.4852,-43.4208,1.3276
25.8029,-41.3221,1.26042
27.1475,-44.0748,1.33704
26.8189,-44.1457,1.33425
26.5943,-44.3875,1.33654
0,0,0
25.2529,-43.3466,1.29686
24.0952,-41.9491,1.25188
24.0093,-42.3997,1.26065
0,0,0
23.5459,-42.798,1.26371
23.2533,-42.8872,1.26216
22.985,-43.0203,1.26191
22.7435,-43.2038,1.26314
0,0,0
0,0,0
23.5876,-46.8809,1.35504
23.2888,-47.0032,1.35443
22.964,-47.0716,1.35237
0,0,0
0,0,0
0,0,0
21.5955,-47.1701,1.33991
20.3729,-45.2309,1.28281
0,0,0
19.8378,-45.5269,1.28417
20.0853,-46.8782,1.31782
0,0,0
0,0,0
18.7684,-46.1325,1.28776
0,0,0
0,0,0
0,0,0
0,0,0
0,0,0
0,0,0
0,0,0
0,0,0
0,0,0
0,0,0
0,0,0
0,0,0
0,0,0
0,0,0
0,0,0
0,0,0
0,0,0
0,0,0
0,0,0
0,0,0
0,0,0
0,0,0
0,0,0
0,0,0
0,0,0
0,0,0
0,0,0
0,0,0
0,0,0
0,0,0
0,0,0
0,0,0
0,0,0
0,0,0
0,0,0
0,0,0
0,0,0
0,0,0
0,0,0
0,0,0
0,0,0
0,0,0
0,0,0
0,0,0
0,0,0
0,0,0
0,0,0
0,0,0
0,0,0
0,0,0
0,0,0
0,0,0
0,0,0
0,0,0
0,0,0
0,0,0
0,0,0
0,0,0
0,0,0
0,0,0
0,0,0
0,0,0
0,0,0
0,0,0
0,0,0
0,0,0
0,0,0
0,0,0
0,0,0
0,0,0
0,0,0
0,0,0
0,0,0
0,0,0
0,0,0
0,0,0
0,0,0
0,0,0
0,0,0
0,0,0
0,0,0
0,0,0
0,0,0
0,0,0
0,0,0
0,0,0
0,0,0
0,0,0
0,0,0
0,0,0
0,0,0
0,0,0
0,0,0
0,0,0
0,0,0
0,0,0
0,0,0
0,0,0
0,0,0
0,0,0
0,0,0
0,0,0
0,0,0
0,0,0
0,0,0
0,0,0
0,0,0
0,0,0
0,0,0
0,0,0
0,0,0
0,0,0
0,0,0
0,0,0
0,0,0
0,0,0
0,0,0
0,0,0
0,0,0
0,0,0
0,0,0
0,0,0
0,0,0
0,0,0
0,0,0
0,0,0
0,0,0
0,0,0
0,0,0
0,0,0
0,0,0
0,0,0
0,0,0
0,0,0
0,0,0
0,0,0
0,0,0
0,0,0
0,0,0
0,0,0
0,0,0
0,0,0
0,0,0
0,0,0
0,0,0
0,0,0
0,0,0
0,0,0
0,0,0
0,0,0
0,0,0
0,0,0
0,0,0
0,0,0
0,0,0
0,0,0
0,0,0
0,0,0
0,0,0
0,0,0
0,0,0
0,0,0
0,0,0
0,0,0
0,0,0
0,0,0
0,0,0
0,0,0
0,0,0
0,0,0
0,0,0
0,0,0
0,0,0
0,0,0
0,0,0
0,0,0
0,0,0
0,0,0
0,0,0
0,0,0
0,0,0
0,0,0
0,0,0
0,0,0
0,0,0
0,0,0
0,0,0
0,0,0
0,0,0
0,0,0
0,0,0
0,0,0
0,0,0
0,0,0
0,0,0
0,0,0
0,0,0
0,0,0
0,0,0
0,0,0
0,0,0
0,0,0
0,0,0
0,0,0
0,0,0
0,0,0
0,0,0
0,0,0
0,0,0
0,0,0
0,0,0
0,0,0
0,0,0
0,0,0
0,0,0
0,0,0
0,0,0
0,0,0
0,0,0
0,0,0
0,0,0
0,0,0
0,0,0
0,0,0
0,0,0
0,0,0
0,0,0
0,0,0
0,0,0
0,0,0
0,0,0
0,0,0
0,0,0
0,0,0
0,0,0
0,0,0
0,0,0
0,0,0
0,0,0
0,0,0
0,0,0
0,0,0
0,0,0
0,0,0
0,0,0
0,0,0
0,0,0
0,0,0
0,0,0
0,0,0
0,0,0
0,0,0
0,0,0
0,0,0
0,0,0
0,0,0
0,0,0
0,0,0
0,0,0
0,0,0
0,0,0
0,0,0
0,0,0
0,0,0
0,0,0
0,0,0
0,0,0
0,0,0
0,0,0
0,0,0
0,0,0
0,0,0
0,0,0
0,0,0
0,0,0
0,0,0
0,0,0
0,0,0
0,0,0
0,0,0
0,0,0
0,0,0
0,0,0
0,0,0
0,0,0
0,0,0
0,0,0
0,0,0
0,0,0
0,0,0
0,0,0
0,0,0
0,0,0
0,0,0
0,0,0
0,0,0
0,0,0
0,0,0
0,0,0
0,0,0
0,0,0
0,0,0
0,0,0
0,0,0
0,0,0
0,0,0
0,0,0
0,0,0
0,0,0
0,0,0
0,0,0
0,0,0
0,0,0
0,0,0
0,0,0
0,0,0
0,0,0
0,0,0
0,0,0
0,0,0
0,0,0
0,0,0
0,0,0
0,0,0
0,0,0
0,0,0
0,0,0
0,0,0
0,0,0
0,0,0
0,0,0
0,0,0
0,0,0
0,0,0
0,0,0
0,0,0
0,0,0
0,0,0
0,0,0
0,0,0
0,0,0
0,0,0
0,0,0
0,0,0
0,0,0
0,0,0
0,0,0
0,0,0
0,0,0
0,0,0
0,0,0
0,0,0
0,0,0
0,0,0
0,0,0
0,0,0
0,0,0
0,0,0
0,0,0
0,0,0
0,0,0
0,0,0
0,0,0
0,0,0
0,0,0
0,0,0
0,0,0
0,0,0
0,0,0
0,0,0
0,0,0
0,0,0
0,0,0
0,0,0
0,0,0
0,0,0
0,0,0
0,0,0
0,0,0
0,0,0
0,0,0
0,0,0
0,0,0
0,0,0
0,0,0
0,0,0
0,0,0
0,0,0
0,0,0
0,0,0
0,0,0
0,0,0
0,0,0
0,0,0
0,0,0
0,0,0
0,0,0
0,0,0
0,0,0
0,0,0
0,0,0
0,0,0
0,0,0
0,0,0
0,0,0
0,0,0
0,0,0
0,0,0
0,0,0
0,0,0
0,0,0
0,0,0
0,0,0
0,0,0
0,0,0
0,0,0
0,0,0
0,0,0
0,0,0
0,0,0
0,0,0
0,0,0
0,0,0
0,0,0
0,0,0
0,0,0
0,0,0
0,0,0
0,0,0
0,0,0
0,0,0
0,0,0
0,0,0
0,0,0
0,0,0
0,0,0
0,0,0
0,0,0
0,0,0
0,0,0
0,0,0
0,0,0
0,0,0
0,0,0
0,0,0
0,0,0
0,0,0
0,0,0
0,0,0
0,0,0
0,0,0
0,0,0
0,0,0
0,0,0
0,0,0
0,0,0
0,0,0
0,0,0
0,0,0
0,0,0
0,0,0
0,0,0
0,0,0
0,0,0
0,0,0
0,0,0
0,0,0
0,0,0
0,0,0
0,0,0
0,0,0
0,0,0
0,0,0
0,0,0
0,0,0
0,0,0
0,0,0
0,0,0
0,0,0
0,0,0
0,0,0
0,0,0
0,0,0
0,0,0
0,0,0
0,0,0
0,0,0
0,0,0
0,0,0
0,0,0
0,0,0
0,0,0
0,0,0
0,0,0
0,0,0
0,0,0
0,0,0
0,0,0
0,0,0
0,0,0
0,0,0
0,0,0
0,0,0
0,0,0
0,0,0
0,0,0
0,0,0
0,0,0
0,0,0
0,0,0
0,0,0
0,0,0
0,0,0
0,0,0
0,0,0
0,0,0
0,0,0
0,0,0
0,0,0
0,0,0
0,0,0
0,0,0
0,0,0
0,0,0
0,0,0
0,0,0
0,0,0
0,0,0
0,0,0
0,0,0
0,0,0
0,0,0
0,0,0
0,0,0
0,0,0
0,0,0
0,0,0
0,0,0
0,0,0
0,0,0
0,0,0
0,0,0
0,0,0
0,0,0
0,0,0
0,0,0
0,0,0
0,0,0
0,0,0
0,0,0
0,0,0
0,0,0
0,0,0
0,0,0
0,0,0
0,0,0
0,0,0
0,0,0
0,0,0
0,0,0
0,0,0
0,0,0
0,0,0
0,0,0
0,0,0
0,0,0
0,0,0
0,0,0
0,0,0
0,0,0
0,0,0
0,0,0
0,0,0
0,0,0
0,0,0
0,0,0
0,0,0
0,0,0
0,0,0
0,0,0
0,0,0
0,0,0
0,0,0
0,0,0
0,0,0
0,0,0
0,0,0
0,0,0
0,0,0
0,0,0
0,0,0
0,0,0
0,0,0
0,0,0
0,0,0
0,0,0
0,0,0
0,0,0
0,0,0
0,0,0
0,0,0
0,0,0
0,0,0
0,0,0
0,0,0
0,0,0
0,0,0
0,0,0
0,0,0
0,0,0
0,0,0
0,0,0
0,0,0
0,0,0
0,0,0
0,0,0
0,0,0
0,0,0
0,0,0
0,0,0
24.0372,60.1269,0.872343
0,0,0
0,0,0
0,0,0
0,0,0
27.1083,62.2019,0.912367
27.9306,63.03,0.926432
0,0,0
29.1699,63.7043,0.940948
30.0779,64.6365,0.956795
30.7688,65.0745,0.965706
31.2589,65.0746,0.968432
0,0,0
0,0,0
0,0,0
0,0,0
35.3039,68.0634,1.02632
0,0,0
0,0,0
0,0,0
0,0,0
0,0,0
0,0,0
0,0,0
0,0,0
0,0,0
0,0,0
0,0,0
0,0,0
0,0,0
0,0,0
0,0,0
0,0,0
0,0,0
0,0,0
0,0,0
0,0,0
0,0,0
0,0,0
0,0,0
0,0,0
0,0,0
0,0,0
0,0,0
0,0,0
0,0,0
0,0,0
0,0,0
0,0,0
0,0,0
0,0,0
0,0,0
0,0,0
0,0,0
0,0,0
0,0,0
0,0,0
0,0,0
0,0,0
0,0,0
0,0,0
0,0,0
0,0,0
0,0,0
0,0,0
0,0,0
0,0,0
0,0,0
0,0,0
0,0,0
0,0,0
0,0,0
0,0,0
0,0,0
0,0,0
0,0,0
0,0,0
0,0,0
0,0,0
0,0,0
0,0,0
0,0,0
0,0,0
0,0,0
0,0,0
0,0,0
0,0,0
0,0,0
0,0,0
0,0,0
0,0,0
0,0,0
33.8139,24.4467,0.574909
0,0,0
0,0,0
0,0,0
0,0,0
0,0,0
0,0,0
0,0,0
0,0,0
0,0,0
0,0,0
36.3388,22.7061,0.589426
0,0,0
0,0,0
0,0,0
0,0,0
0,0,0
0,0,0
0,0,0
0,0,0
0,0,0
0,0,0
0,0,0
0,0,0
0,0,0
0,0,0
0,0,0
0,0,0
36.2546,17.7001,0.557073
0,0,0
0,0,0
0,0,0
0,0,0
0,0,0
0,0,0
0,0,0
0,0,0
38.7869,16.351,0.579649
0,0,0
0,0,0
0,0,0
41.1346,16.1636,0.606822
0,0,0
0,0,0
38.7522,14.4098,0.569988
0,0,0
0,0,0
0,0,0
0,0,0
0,0,0
0,0,0
0,0,0
45.6798,14.4772,0.654905
0,0,0
0,0,0
0,0,0
0,0,0
0,0,0
0,0,0
0,0,0
0,0,0
44.577,11.4627,0.63047
0,0,0
0,0,0
0,0,0
0,0,0
0,0,0
0,0,0
0,0,0
0,0,0
42.4713,8.45328,0.595302
42.5705,8.20179,0.595935
42.7901,7.97211,0.598169
42.8667,7.71454,0.598544
43.0472,7.47463,0.6003
43.1889,7.22653,0.601566
45.7982,7.37451,0.635132
0,0,0
0,0,0
0,0,0
0,0,0
0,0,0
0,0,0
0,0,0
0,0,0
0,0,0
0,0,0
0,0,0
0,0,0
0,0,0
0,0,0
0,0,0
0,0,0
0,0,0
0,0,0
0,0,0
0,0,0
0,0,0
0,0,0
0,0,0
0,0,0
0,0,0
0,0,0
0,0,0
0,0,0
0,0,0
0,0,0
0,0,0
0,0,0
0,0,0
0,0,0
0,0,0
0,0,0
0,0,0
0,0,0
0,0,0
0,0,0
0,0,0
0,0,0
0,0,0
0,0,0
0,0,0
0,0,0
0,0,0
0,0,0
0,0,0
0,0,0
0,0,0
0,0,0
0,0,0
0,0,0
0,0,0
0,0,0
0,0,0
0,0,0
0,0,0
0,0,0
0,0,0
0,0,0
0,0,0
0,0,0
0,0,0
0,0,0
0,0,0
0,0,0
0,0,0
0,0,0
0,0,0
0,0,0
0,0,0
0,0,0
0,0,0
0,0,0
0,0,0
0,0,0
0,0,0
0,0,0
0,0,0
0,0,0
0,0,0
0,0,0
51.2002,-19.3832,0.743089
51.0094,-19.6697,0.742108
50.8636,-19.9728,0.741772
50.5284,-20.1999,0.738827
50.1432,-20.4037,0.735198
49.8831,-20.6555,0.733325
49.6181,-20.9033,0.731401
49.2987,-21.1258,0.728728
49.0471,-21.3752,0.727023
48.6682,-21.5664,0.723536
48.3226,-21.7689,0.720527
47.8953,-21.9309,0.716368
47.6493,-22.1729,0.714792
47.3885,-22.4063,0.713023
47.0996,-22.6244,0.710866
46.8053,-22.8375,0.708645
46.5335,-23.0595,0.706759
46.2759,-23.2866,0.705093
45.9808,-23.4927,0.702898
0,0,0
45.3882,-23.8968,0.698506
45.0758,-24.0868,0.696091
44.8217,-24.3057,0.694542
44.4965,-24.4838,0.691958
44.2337,-24.694,0.690305
43.9491,-24.8901,0.688342
43.7062,-25.108,0.687012
43.4364,-25.3087,0.685294
43.1125,-25.4756,0.682776
42.7426,-25.6122,0.679573
42.4966,-25.8205,0.678243
42.2514,-26.0278,0.676938
41.9739,-26.2134,0.675156
41.7548,-26.4341,0.674278
41.4892,-26.6239,0.672702
41.2186,-26.8088,0.671062
40.9715,-27.0072,0.669796
40.6861,-27.1787,0.667949
40.4159,-27.3583,0.666348
40.1689,-27.5521,0.665121
39.9679,-27.7763,0.66463
39.6422,-27.9122,0.662189
0,0,0
39.1743,-28.3082,0.660239
38.8821,-28.4618,0.658353
38.6288,-28.642,0.657101
38.4315,-28.8629,0.656765
38.2139,-29.0679,0.656119
38.0079,-29.2811,0.65568
37.8338,-29.5187,0.655783
14.3333,-11.325,0.271921
14.1582,-11.3284,0.270178
14.02,-11.3597,0.269041
13.9439,-11.4404,0.268938
13.8357,-11.4944,0.268305
13.6953,-11.5205,0.26713
13.6662,-11.64,0.26784
13.5787,-11.7099,0.267569
13.5013,-11.7884,0.267479
13.3366,-11.7896,0.26589
13.3184,-11.9199,0.266833
13.3242,-12.0732,0.268215
0,0,0
13.3245,-12.3746,0.270849
13.5041,-12.6966,0.275383
0,0,0
0,0,0
0,0,0
33.0044,-32.5942,0.635106
32.7974,-32.7897,0.63499
32.5886,-32.9832,0.634861
12.6734,-12.9849,0.270333
12.497,-12.9624,0.268538
12.3586,-12.9773,0.26744
12.2555,-13.0281,0.267001
12.1467,-13.0723,0.266458
12.0581,-13.1377,0.266303
11.9699,-13.2033,0.266161
11.8513,-13.2348,0.265438
11.8004,-13.3417,0.266032
11.7268,-13.4237,0.2662
11.6299,-13.4787,0.265916
11.5573,-13.562,0.266123
11.4887,-13.6502,0.26642
11.4591,-13.7858,0.267517
11.3977,-13.8845,0.267995
0,0,0
28.6566,-35.7967,0.628236
28.4364,-35.9719,0.628236
28.2096,-36.1386,0.628119
27.9831,-36.3054,0.628029
27.7519,-36.4661,0.627861
27.5199,-36.6253,0.627693
27.291,-36.7887,0.627616
27.0612,-36.9506,0.627538
26.8323,-37.1135,0.627499
26.6046,-37.2783,0.627512
26.3765,-37.4424,0.627538
26.1463,-37.6036,0.627538
25.9134,-37.7608,0.627499
25.6851,-37.9249,0.62759
25.4597,-38.0934,0.627771
25.2337,-38.2614,0.627964
25.0012,-38.4198,0.628029
24.7704,-38.5808,0.628158
24.537,-38.738,0.628248
24.3078,-38.9023,0.628468
24.0812,-39.0711,0.628778
23.8624,-39.2532,0.629307
23.657,-39.4589,0.630211
23.4191,-39.611,0.630328
23.1821,-39.7652,0.630496
22.9487,-39.9258,0.63078
22.7136,-40.0841,0.631051
22.4745,-40.2358,0.631245
22.2383,-40.3931,0.631542
22.0163,-40.5771,0.632252
21.7796,-40.7353,0.632601
21.532,-40.8735,0.632678
21.3089,-41.0589,0.633466
21.0357,-41.148,0.632872
20.8404,-41.3906,0.634525
20.6162,-41.5786,0.635403
20.3866,-41.7573,0.636165
20.1581,-41.9402,0.637005
19.9308,-42.1273,0.637922
19.6947,-42.2977,0.638619
19.4614,-42.476,0.639446
19.2111,-42.6183,0.639782
18.9878,-42.8222,0.641008
18.7522,-43.0011,0.6419
18.5223,-43.1953,0.643023
18.2822,-43.3681,0.643863
18.0567,-43.5783,0.645245
17.8123,-43.7457,0.646045
17.5737,-43.9293,0.647092
17.3228,-44.0847,0.647763
17.0725,-44.2434,0.648499
16.8202,-44.3987,0.64921
16.5541,-44.5189,0.649455
16.3536,-44.8197,0.652206
0,0,0
0,0,0
0,0,0
0,0,0
0,0,0
0,0,0
0,0,0
0,0,0
0,0,0
0,0,0
0,0,0
0,0,0
0,0,0
0,0,0
0,0,0
0,0,0
0,0,0
0,0,0
0,0,0
0,0,0
0,0,0
0,0,0
0,0,0
0,0,0
0,0,0
0,0,0
0,0,0
0,0,0
0,0,0
0,0,0
0,0,0
0,0,0
0,0,0
0,0,0
0,0,0
0,0,0
0,0,0
0,0,0
0,0,0
0,0,0
0,0,0
0,0,0
0,0,0
0,0,0
0,0,0
0,0,0
0,0,0
0,0,0
0,0,0
0,0,0
0,0,0
0,0,0
0,0,0
0,0,0
0,0,0
0,0,0
0,0,0
0,0,0
0,0,0
0,0,0
0,0,0
0,0,0
0,0,0
0,0,0
0,0,0
0,0,0
0,0,0
0,0,0
0,0,0
0,0,0
0,0,0
0,0,0
0,0,0
0,0,0
0,0,0
0,0,0
0,0,0
0,0,0
0,0,0
0,0,0
0,0,0
0,0,0
0,0,0
0,0,0
0,0,0
0,0,0
0,0,0
0,0,0
0,0,0
0,0,0
0,0,0
0,0,0
0,0,0
0,0,0
0,0,0
0,0,0
0,0,0
0,0,0
0,0,0
0,0,0
0,0,0
0,0,0
0,0,0
0,0,0
0,0,0
0,0,0
0,0,0
0,0,0
0,0,0
0,0,0
0,0,0
0,0,0
0,0,0
0,0,0
0,0,0
0,0,0
0,0,0
0,0,0
0,0,0
0,0,0
0,0,0
0,0,0
0,0,0
0,0,0
0,0,0
0,0,0
0,0,0
0,0,0
0,0,0
0,0,0
0,0,0
0,0,0
0,0,0
0,0,0
0,0,0
0,0,0
0,0,0
0,0,0
0,0,0
0,0,0
0,0,0
0,0,0
0,0,0
0,0,0
0,0,0
0,0,0
0,0,0
0,0,0
0,0,0
0,0,0
0,0,0
0,0,0
0,0,0
0,0,0
0,0,0
0,0,0
0,0,0
0,0,0
0,0,0
0,0,0
0,0,0
0,0,0
0,0,0
0,0,0
0,0,0
0,0,0
0,0,0
0,0,0
0,0,0
0,0,0
0,0,0
0,0,0
0,0,0
0,0,0
0,0,0
0,0,0
0,0,0
0,0,0
0,0,0
0,0,0
0,0,0
0,0,0
0,0,0
0,0,0
0,0,0
0,0,0
0,0,0
0,0,0
0,0,0
0,0,0
0,0,0
0,0,0
0,0,0
0,0,0
0,0,0
0,0,0
0,0,0
0,0,0
0,0,0
0,0,0
0,0,0
0,0,0
0,0,0
0,0,0
0,0,0
0,0,0
0,0,0
0,0,0
0,0,0
0,0,0
0,0,0
0,0,0
0,0,0
0,0,0
0,0,0
0,0,0
0,0,0
0,0,0
0,0,0
0,0,0
0,0,0
0,0,0
0,0,0
0,0,0
0,0,0
0,0,0
0,0,0
0,0,0
0,0,0
0,0,0
0,0,0
0,0,0
0,0,0
0,0,0
0,0,0
0,0,0
0,0,0
0,0,0
0,0,0
0,0,0
0,0,0
0,0,0
0,0,0
0,0,0
0,0,0
0,0,0
0,0,0
0,0,0
0,0,0
0,0,0
0,0,0
0,0,0
0,0,0
0,0,0
0,0,0
0,0,0
0,0,0
0,0,0
0,0,0
0,0,0
0,0,0
0,0,0
0,0,0
0,0,0
0,0,0
0,0,0
0,0,0
0,0,0
0,0,0
0,0,0
0,0,0
0,0,0
0,0,0
0,0,0
0,0,0
0,0,0
0,0,0
0,0,0
0,0,0
0,0,0
0,0,0
0,0,0
0,0,0
0,0,0
0,0,0
0,0,0
0,0,0
0,0,0
0,0,0
0,0,0
0,0,0
0,0,0
0,0,0
0,0,0
0,0,0
0,0,0
0,0,0
0,0,0
0,0,0
0,0,0
0,0,0
0,0,0
0,0,0
0,0,0
0,0,0
0,0,0
0,0,0
0,0,0
0,0,0
0,0,0
0,0,0
0,0,0
0,0,0
0,0,0
0,0,0
0,0,0
0,0,0
0,0,0
0,0,0
0,0,0
0,0,0
0,0,0
0,0,0
0,0,0
0,0,0
0,0,0
0,0,0
0,0,0
0,0,0
0,0,0
0,0,0
0,0,0
0,0,0
0,0,0
0,0,0
0,0,0
0,0,0
0,0,0
0,0,0
0,0,0
0,0,0
0,0,0
0,0,0
0,0,0
0,0,0
0,0,0
0,0,0
0,0,0
0,0,0
0,0,0
0,0,0
0,0,0
0,0,0
0,0,0
0,0,0
0,0,0
0,0,0
0,0,0
0,0,0
0,0,0
0,0,0
0,0,0
0,0,0
0,0,0
0,0,0
0,0,0
0,0,0
0,0,0
0,0,0
0,0,0
0,0,0
0,0,0
0,0,0
0,0,0
0,0,0
0,0,0
0,0,0
0,0,0
0,0,0
0,0,0
0,0,0
0,0,0
0,0,0
0,0,0
0,0,0
0,0,0
0,0,0
0,0,0
0,0,0
0,0,0
0,0,0
0,0,0
0,0,0
0,0,0
0,0,0
0,0,0
0,0,0
0,0,0
0,0,0
0,0,0
0,0,0
0,0,0
0,0,0
0,0,0
0,0,0
0,0,0
0,0,0
0,0,0
0,0,0
0,0,0
0,0,0
0,0,0
0,0,0
0,0,0
0,0,0
0,0,0
0,0,0
0,0,0
0,0,0
0,0,0
0,0,0
0,0,0
0,0,0
0,0,0
0,0,0
0,0,0
0,0,0
0,0,0
0,0,0
0,0,0
0,0,0
0,0,0
0,0,0
0,0,0
0,0,0
0,0,0
0,0,0
0,0,0
0,0,0
0,0,0
0,0,0
0,0,0
0,0,0
0,0,0
0,0,0
0,0,0
0,0,0
0,0,0
0,0,0
0,0,0
0,0,0
0,0,0
0,0,0
0,0,0
0,0,0
0,0,0
0,0,0
0,0,0
0,0,0
0,0,0
0,0,0
0,0,0
0,0,0
0,0,0
0,0,0
0,0,0
0,0,0
0,0,0
0,0,0
0,0,0
0,0,0
0,0,0
0,0,0
0,0,0
0,0,0
0,0,0
0,0,0
0,0,0
0,0,0
0,0,0
0,0,0
0,0,0
0,0,0
0,0,0
0,0,0
0,0,0
0,0,0
0,0,0
0,0,0
0,0,0
0,0,0
0,0,0
0,0,0
0,0,0
0,0,0
0,0,0
0,0,0
0,0,0
0,0,0
0,0,0
0,0,0
0,0,0
0,0,0
0,0,0
0,0,0
0,0,0
0,0,0
0,0,0
0,0,0
0,0,0
0,0,0
0,0,0
0,0,0
0,0,0
0,0,0
0,0,0
0,0,0
0,0,0
0,0,0
0,0,0
0,0,0
0,0,0
0,0,0
0,0,0
0,0,0
0,0,0
0,0,0
0,0,0
0,0,0
0,0,0
0,0,0
0,0,0
0,0,0
0,0,0
0,0,0
0,0,0
0,0,0
0,0,0
0,0,0
0,0,0
0,0,0
0,0,0
0,0,0
0,0,0
0,0,0
0,0,0
0,0,0
0,0,0
0,0,0
0,0,0
0,0,0
0,0,0
0,0,0
0,0,0
0,0,0
0,0,0
0,0,0
0,0,0
0,0,0
0,0,0
0,0,0
0,0,0
0,0,0
0,0,0
0,0,0
0,0,0
0,0,0
0,0,0
0,0,0
0,0,0
0,0,0
0,0,0
0,0,0
0,0,0
0,0,0
0,0,0
0,0,0
0,0,0
0,0,0
0,0,0
0,0,0
0,0,0
0,0,0
0,0,0
0,0,0
0,0,0
0,0,0
0,0,0
0,0,0
0,0,0
0,0,0
0,0,0
0,0,0
0,0,0
0,0,0
0,0,0
0,0,0
0,0,0
0,0,0
0,0,0
0,0,0
0,0,0
0,0,0
0,0,0
0,0,0
0,0,0
0,0,0
0,0,0
0,0,0
0,0,0
0,0,0
0,0,0
0,0,0
0,0,0
0,0,0
0,0,0
0,0,0
0,0,0
0,0,0
0,0,0
0,0,0
0,0,0
0,0,0
0,0,0
0,0,0
0,0,0
0,0,0
14.4632,53.4652,0.0748364
0,0,0
0,0,0
0,0,0
0,0,0
0,0,0
0,0,0
0,0,0
0,0,0
0,0,0
0,0,0
0,0,0
0,0,0
0,0,0
0,0,0
0,0,0
0,0,0
0,0,0
23.2738,59.1896,0.0805708
0,0,0
24.75,60.7443,0.0819615
25.2643,60.934,0.0822205
25.9615,61.5454,0.0828021
26.5377,61.849,0.0831546
27.1643,62.2524,0.0835868
27.9651,63.0297,0.0843086
0,0,0
29.2344,63.768,0.0851429
30.0935,64.5927,0.0859171
0,0,0
31.2557,64.9918,0.0865161
32.2886,66.0981,0.0875256
0,0,0
0,0,0
34.8508,68.1341,0.089597
35.3102,67.9997,0.0896605
0,0,0
0,0,0
0,0,0
0,0,0
0,0,0
0,0,0
0,0,0
0,0,0
0,0,0
0,0,0
0,0,0
0,0,0
0,0,0
0,0,0
0,0,0
0,0,0
0,0,0
0,0,0
0,0,0
0,0,0
0,0,0
0,0,0
0,0,0
0,0,0
0,0,0
0,0,0
0,0,0
0,0,0
0,0,0
0,0,0
0,0,0
0,0,0
0,0,0
0,0,0
0,0,0
0,0,0
0,0,0
0,0,0
27.3087,31.246,0.06514
0,0,0
0,0,0
0,0,0
0,0,0
0,0,0
0,0,0
0,0,0
0,0,0
0,0,0
0,0,0
0,0,0
0,0,0
0,0,0
0,0,0
0,0,0
0,0,0
0,0,0
0,0,0
0,0,0
0,0,0
33.9314,29.9822,0.0677804
0,0,0
0,0,0
0,0,0
0,0,0
32.8165,27.2508,0.0659485
0,0,0
0,0,0
0,0,0
43.1373,34.0682,0.0745439
0,0,0
0,0,0
0,0,0
0,0,0
0,0,0
0,0,0
33.8639,24.4585,0.065332
0,0,0
0,0,0
0,0,0
0,0,0
0,0,0
0,0,0
0,0,0
49.7824,32.3625,0.0776219
46.0037,29.5059,0.074324
40.1817,25.425,0.0693651
36.2761,22.6431,0.0660232
0,0,0
0,0,0
40.9025,24.4965,0.0694538
36.9277,21.8091,0.0661097
0,0,0
0,0,0
0,0,0
0,0,0
0,0,0
0,0,0
0,0,0
0,0,0
0,0,0
0,0,0
0,0,0
66.4498,32.9102,0.0879375
66.6667,32.5097,0.0879501
66.8685,32.1018,0.0879529
54.5637,25.7836,0.0783005
67.2647,31.2822,0.0879585
50.6569,23.1812,0.0750612
44.211,19.9042,0.0700179
44.2966,19.6167,0.0699906
0,0,0
0,0,0
40.3416,16.984,0.0667269
0,0,0
51.9668,21.1316,0.0753335
40.8999,16.3394,0.0669168
41.0003,16.0885,0.0669175
52.4533,20.2125,0.075413
52.6577,19.9211,0.0754738
38.7406,14.3846,0.0650193
52.9565,19.2946,0.0755171
0,0,0
52.4768,18.3935,0.07499
47.2728,16.2444,0.0710658
47.4872,15.993,0.071151
47.6613,15.7267,0.0712075
47.8264,15.4564,0.0712585
0,0,0
48.022,14.8713,0.0712654
0,0,0
47.639,14.1144,0.0708563
47.7612,13.8324,0.0708829
0,0,0
0,0,0
45.7292,12.3362,0.0692353
0,0,0
44.2712,11.3619,0.0680778
44.0452,11.0162,0.0678655
42.9772,10.4693,0.0670501
42.8538,10.1611,0.0669161
42.2673,9.74849,0.0664518
41.9682,9.40867,0.0661956
41.9988,9.14524,0.0661768
0,0,0
0,0,0
0,0,0
40.5352,7.78978,0.0649857
40.6226,7.5484,0.0650144
40.74,7.3119,0.0650653
40.9565,7.09165,0.0651875
41.0772,6.85321,0.0652427
41.2478,6.62181,0.0653341
41.5753,6.41296,0.0655373
31.0351,4.59207,0.0580714
41.8498,5.93049,0.0656776
30.0268,4.06695,0.0573231
42.0692,5.43584,0.065783
30.4833,3.74847,0.0576107
29.0517,3.39154,0.0565886
28.6883,3.1708,0.0563191
29.285,3.05502,0.0567248
28.3359,2.78031,0.0560462
28.8095,2.64843,0.0563666
29.2426,2.50742,0.0566591
29.1329,2.31803,0.0565719
27.9817,2.05369,0.0557564
27.8351,1.87128,0.0556454
26.9338,1.64471,0.0550073
27.3697,1.50284,0.0553055
27.4743,1.33956,0.0553725
26.0064,1.10801,0.0543413
26.0317,0.949114,0.0543546
26.058,0.790006,0.0543693
25.9014,0.626204,0.0542569
26.0117,0.469199,0.0543316
24.7112,0.294022,0.0534219
24.7405,0.142554,0.0534414
24.208,-0.00907964,0.0530693
24.1224,-0.157067,0.05301
24.639,-0.311603,0.0533716
23.9057,-0.449085,0.0528613
23.9975,-0.598121,0.0529276
23.8824,-0.741915,0.0528501
23.3678,-0.869502,0.0524941
23.3041,-1.01036,0.0524536
23.1416,-1.14562,0.0523447
23.201,-1.29132,0.0523915
23.1298,-1.42977,0.0523475
23.2164,-1.57817,0.0524145
22.4134,-1.66185,0.0518595
22.7786,-1.82951,0.0521227
22.1233,-1.9136,0.0516717
21.7716,-2.01786,0.0514336
22.1211,-2.18721,0.0516877
22.0496,-2.31684,0.0516472
21.9733,-2.44524,0.051604
21.8049,-2.56206,0.0514964
21.6846,-2.68291,0.0514231
21.9643,-2.85443,0.0516319
21.3419,-2.90686,0.051206
20.5802,-2.93188,0.0506817
20.5489,-3.05619,0.0506727
21.0249,-3.25893,0.0510224
21.6659,-3.49453,0.0514902
21.0839,-3.53355,0.0510936
20.8953,-3.6339,0.0509756
20.9848,-3.78226,0.0510552
21.3849,-3.98998,0.0513561
20.6904,-3.99195,0.05088
19.823,-3.95097,0.0502803
18.9374,-3.89548,0.0496666
18.9347,-4.01617,0.049682
20.0508,-4.38156,0.0504974
19.7523,-4.44351,0.0503033
19.9926,-4.62661,0.0504953
19.5348,-4.64715,0.0501874
18.3975,-4.49612,0.0493909
19.0806,-4.78726,0.0499026
18.7003,-4.81402,0.0496499
18.6182,-4.91489,0.0496122
19.0471,-5.15333,0.0499445
19.0402,-5.27705,0.0499627
19.1652,-5.43854,0.0500771
19.2035,-5.57694,0.0501295
18.4557,-5.48283,0.0496101
18.3089,-5.56168,0.0495277
18.2906,-5.67896,0.0495396
17.6254,-5.59125,0.0490781
17.8124,-5.77109,0.0492408
17.6124,-5.82596,0.04912
18.4594,-6.23198,0.0497707
17.4081,-5.99639,0.049023
17.1087,-6.01096,0.0488289
18.2502,-6.53799,0.0497029
16.2352,-5.92893,0.0482355
16.207,-6.03158,0.0482418
18.8608,-7.15107,0.050251
17.4853,-6.75266,0.0492547
17.9247,-7.049,0.0496157
17.8579,-7.14956,0.0495982
0,0,0
17.7541,-7.36204,0.0495871
18.0228,-7.60336,0.0498251
17.9565,-7.70553,0.0498105
17.9006,-7.81196,0.0498042
17.0936,-7.58505,0.0492247
17.0541,-7.69308,0.0492303
16.9566,-7.77466,0.0491919
30.3332,-14.1328,0.0595312
0,0,0
14.9631,-7.19701,0.0477607
14.8656,-7.26279,0.0477196
16.7253,-8.29869,0.0492038
14.7522,-7.43297,0.0477014
16.5367,-8.4596,0.0491368
29.1295,-15.1268,0.0590837
14.6155,-7.70465,0.0477035
14.269,-7.63428,0.0474668
0,0,0
28.6636,-15.7898,0.0590153
15.1186,-8.4503,0.0482606
14.6385,-8.30027,0.0479171
28.0387,-16.1253,0.05875
27.8926,-16.2699,0.0587123
27.9016,-16.5054,0.058801
27.8195,-16.6881,0.0588171
27.3534,-16.6376,0.0585204
0,0,0
27.0387,-16.9042,0.058431
0,0,0
26.9621,-17.3201,0.0585413
26.9894,-17.5725,0.058653
13.997,-9.2367,0.0478766
0,0,0
26.2425,-17.7825,0.0582997
26.4272,-18.1452,0.058549
26.2743,-18.2785,0.0585141
13.2959,-9.37194,0.0475255
25.843,-18.4531,0.0583381
13.8062,-9.98742,0.0480651
11.5643,-8.47441,0.0461781
25.1568,-18.6718,0.0580407
0,0,0
0,0,0
25.1589,-19.4016,0.0583493
24.7565,-19.3346,0.0580987
14.2682,-11.2856,0.0488694
11.7252,-9.39198,0.046657
13.9593,-11.3226,0.0487172
13.8618,-11.3851,0.0486921
13.7609,-11.4444,0.0486641
13.6812,-11.5209,0.0486557
13.592,-11.5891,0.048639
13.4934,-11.6487,0.0486139
13.4202,-11.73,0.0486125
13.3494,-11.8134,0.0486139
13.3854,-11.9925,0.0487158
13.382,-12.1383,0.0487821
13.3308,-12.2418,0.0488045
13.3038,-12.3683,0.0488505
13.2575,-12.4778,0.0488792
11.8521,-11.2932,0.0475981
11.5955,-11.1852,0.0474166
15.014,-14.6611,0.0508193
22.6182,-22.3586,0.0583723
0,0,0
0,0,0
12.5468,-12.8687,0.0487165
12.4711,-12.9491,0.04872
12.3963,-13.0304,0.0487249
12.2298,-13.0144,0.0486369
12.1531,-13.0929,0.0486404
12.0651,-13.1591,0.0486327
11.9714,-13.2188,0.0486194
11.876,-13.2763,0.0486048
11.7838,-13.337,0.0485936
11.6991,-13.406,0.0485908
11.629,-13.4919,0.0486041
11.568,-13.5889,0.0486278
11.5082,-13.688,0.0486537
11.4432,-13.7814,0.0486746
11.3515,-13.8428,0.0486669
9.49207,-11.7216,0.0466989
9.03459,-11.2978,0.0462681
19.4032,-24.5691,0.0580254
19.284,-24.7287,0.0580617
0,0,0
18.8986,-24.8577,0.0579688
18.9042,-25.1843,0.0581531
18.6785,-25.2042,0.0580701
18.5554,-25.3619,0.0581078
18.3941,-25.468,0.0581015
18.457,-25.8881,0.0583654
18.105,-25.727,0.0581315
18.0688,-26.0133,0.0582809
0,0,0
17.7522,-26.2389,0.0582858
17.567,-26.3116,0.0582558
17.5136,-26.5834,0.0583933
17.361,-26.7071,0.0584073
17.0959,-26.6557,0.0582767
17.0876,-27.006,0.0584799
16.8893,-27.0586,0.0584373
0,0,0
7.768,-12.7933,0.0466179
7.61126,-12.7103,0.0465118
16.4739,-27.8946,0.0587856
15.9552,-27.3989,0.0583039
16.0502,-27.955,0.0586732
15.9084,-28.1061,0.0587158
15.7132,-28.163,0.0586837
15.4751,-28.1406,0.0585895
15.4308,-28.4724,0.058778
15.3326,-28.7103,0.0588918
14.9335,-28.3808,0.0585581
14.969,-28.8768,0.0588764
14.8411,-29.0651,0.0589525
14.6548,-29.1405,0.0589406
14.5374,-29.3544,0.0590377
6.95248,-14.2593,0.0472441
6.83499,-14.2395,0.047196
14.028,-29.6875,0.0590921
13.8363,-29.7531,0.0590768
13.9069,-30.3912,0.0595019
13.6717,-30.3684,0.0594195
0,0,0
13.3236,-30.5925,0.0594642
0,0,0
13.0139,-30.9122,0.0595843
12.8094,-30.9564,0.0595578
12.6637,-31.1437,0.0596402
0,0,0
0,0,0
0,0,0
0,0,0
0,0,0
0,0,0
0,0,0
0,0,0
0,0,0
0,0,0
0,0,0
0,0,0
0,0,0
0,0,0
0,0,0
0,0,0
0,0,0
0,0,0
0,0,0
0,0,0
0,0,0
0,0,0
0,0,0
0,0,0
0,0,0
0,0,0
0,0,0
0,0,0
0,0,0
0,0,0
0,0,0
0,0,0
0,0,0
0,0,0
0,0,0
0,0,0
0,0,0
0,0,0
0,0,0
0,0,0
0,0,0
0,0,0
0,0,0
0,0,0
0,0,0
0,0,0
0,0,0
0,0,0
0,0,0
0,0,0
0,0,0
0,0,0
0,0,0
0,0,0
0,0,0
0,0,0
0,0,0
0,0,0
0,0,0
0,0,0
0,0,0
0,0,0
0,0,0
0,0,0
0,0,0
0,0,0
0,0,0
0,0,0
0,0,0
0,0,0
0,0,0
0,0,0
0,0,0
0,0,0
0,0,0
0,0,0
0,0,0
0,0,0
0,0,0
0,0,0
0,0,0
0,0,0
0,0,0
0,0,0
0,0,0
0,0,0
0,0,0
0,0,0
0,0,0
0,0,0
0,0,0
0,0,0
0,0,0
0,0,0
0,0,0
0,0,0
0,0,0
0,0,0
0,0,0
0,0,0
0,0,0
0,0,0
0,0,0
0,0,0
0,0,0
0,0,0
0,0,0
0,0,0
0,0,0
0,0,0
0,0,0
0,0,0
0,0,0
0,0,0
0,0,0
0,0,0
0,0,0
0,0,0
0,0,0
0,0,0
0,0,0
0,0,0
0,0,0
0,0,0
0,0,0
0,0,0
0,0,0
0,0,0
0,0,0
0,0,0
0,0,0
0,0,0
0,0,0
0,0,0
0,0,0
0,0,0
0,0,0
0,0,0
0,0,0
0,0,0
0,0,0
0,0,0
0,0,0
0,0,0
0,0,0
0,0,0
0,0,0
0,0,0
0,0,0
0,0,0
0,0,0
0,0,0
0,0,0
0,0,0
0,0,0
0,0,0
0,0,0
0,0,0
0,0,0
0,0,0
0,0,0
0,0,0
0,0,0
0,0,0
0,0,0
0,0,0
0,0,0
0,0,0
0,0,0
0,0,0
0,0,0
0,0,0
0,0,0
0,0,0
0,0,0
0,0,0
0,0,0
0,0,0
0,0,0
0,0,0
0,0,0
0,0,0
0,0,0
0,0,0
0,0,0
0,0,0
0,0,0
0,0,0
0,0,0
0,0,0
0,0,0
0,0,0
0,0,0
0,0,0
0,0,0
0,0,0
0,0,0
0,0,0
0,0,0
0,0,0
0,0,0
0,0,0
0,0,0
0,0,0
0,0,0
0,0,0
0,0,0
0,0,0
0,0,0
0,0,0
0,0,0
0,0,0
0,0,0
0,0,0
0,0,0
0,0,0
0,0,0
0,0,0
0,0,0
0,0,0
0,0,0
0,0,0
0,0,0
0,0,0
0,0,0
0,0,0
0,0,0
0,0,0
0,0,0
0,0,0
0,0,0
0,0,0
0,0,0
0,0,0
0,0,0
0,0,0
0,0,0
0,0,0
0,0,0
0,0,0
0,0,0
0,0,0
0,0,0
0,0,0
0,0,0
0,0,0
0,0,0
0,0,0
0,0,0
0,0,0
0,0,0
0,0,0
0,0,0
0,0,0
0,0,0
0,0,0
0,0,0
0,0,0
0,0,0
0,0,0
0,0,0
0,0,0
0,0,0
0,0,0
0,0,0
0,0,0
0,0,0
0,0,0
0,0,0
0,0,0
0,0,0
0,0,0
0,0,0
0,0,0
0,0,0
0,0,0
0,0,0
0,0,0
0,0,0
0,0,0
0,0,0
0,0,0
0,0,0
0,0,0
0,0,0
0,0,0
0,0,0
0,0,0
0,0,0
0,0,0
0,0,0
0,0,0
0,0,0
0,0,0
0,0,0
0,0,0
0,0,0
0,0,0
0,0,0
0,0,0
0,0,0
0,0,0
0,0,0
0,0,0
0,0,0
0,0,0
0,0,0
0,0,0
0,0,0
0,0,0
0,0,0
0,0,0
0,0,0
0,0,0
0,0,0
0,0,0
0,0,0
0,0,0
0,0,0
0,0,0
0,0,0
0,0,0
0,0,0
0,0,0
0,0,0
0,0,0
0,0,0
0,0,0
0,0,0
0,0,0
0,0,0
0,0,0
0,0,0
0,0,0
0,0,0
0,0,0
0,0,0
0,0,0
0,0,0
0,0,0
0,0,0
0,0,0
0,0,0
0,0,0
0,0,0
0,0,0
0,0,0
0,0,0
0,0,0
0,0,0
0,0,0
0,0,0
0,0,0
0,0,0
0,0,0
0,0,0
0,0,0
0,0,0
0,0,0
0,0,0
0,0,0
0,0,0
0,0,0
0,0,0
0,0,0
0,0,0
0,0,0
0,0,0
0,0,0
0,0,0
0,0,0
0,0,0
0,0,0
0,0,0
0,0,0
0,0,0
0,0,0
0,0,0
0,0,0
0,0,0
0,0,0
0,0,0
0,0,0
0,0,0
0,0,0
0,0,0
0,0,0
0,0,0
0,0,0
0,0,0
0,0,0
0,0,0
0,0,0
0,0,0
0,0,0
0,0,0
0,0,0
0,0,0
0,0,0
0,0,0
0,0,0
0,0,0
0,0,0
0,0,0
0,0,0
0,0,0
0,0,0
0,0,0
0,0,0
0,0,0
0,0,0
0,0,0
0,0,0
0,0,0
0,0,0
0,0,0
0,0,0
0,0,0
0,0,0
0,0,0
0,0,0
0,0,0
0,0,0
0,0,0
0,0,0
0,0,0
0,0,0
0,0,0
0,0,0
0,0,0
0,0,0
0,0,0
0,0,0
0,0,0
0,0,0
0,0,0
0,0,0
0,0,0
0,0,0
0,0,0
0,0,0
0,0,0
0,0,0
0,0,0
0,0,0
0,0,0
0,0,0
0,0,0
0,0,0
0,0,0
0,0,0
0,0,0
0,0,0
0,0,0
0,0,0
0,0,0
0,0,0
0,0,0
0,0,0
0,0,0
0,0,0
0,0,0
0,0,0
0,0,0
0,0,0
0,0,0
0,0,0
0,0,0
0,0,0
0,0,0
0,0,0
0,0,0
0,0,0
0,0,0
0,0,0
0,0,0
0,0,0
0,0,0
0,0,0
0,0,0
0,0,0
0,0,0
0,0,0
0,0,0
0,0,0
0,0,0
0,0,0
0,0,0
0,0,0
0,0,0
0,0,0
0,0,0
0,0,0
0,0,0
0,0,0
0,0,0
0,0,0
0,0,0
0,0,0
0,0,0
0,0,0
0,0,0
0,0,0
0,0,0
0,0,0
0,0,0
0,0,0
0,0,0
0,0,0
0,0,0
0,0,0
0,0,0
0,0,0
0,0,0
0,0,0
0,0,0
0,0,0
0,0,0
0,0,0
0,0,0
0,0,0
0,0,0
0,0,0
0,0,0
0,0,0
0,0,0
0,0,0
0,0,0
0,0,0
0,0,0
0,0,0
0,0,0
0,0,0
0,0,0
0,0,0
0,0,0
0,0,0
0,0,0
0,0,0
0,0,0
0,0,0
0,0,0
0,0,0
0,0,0
0,0,0
0,0,0
0,0,0
0,0,0
0,0,0
0,0,0
0,0,0
0,0,0
0,0,0
0,0,0
0,0,0
0,0,0
0,0,0
0,0,0
0,0,0
0,0,0
0,0,0
0,0,0
0,0,0
0,0,0
0,0,0
0,0,0
0,0,0
0,0,0
0,0,0
0,0,0
0,0,0
0,0,0
0,0,0
0,0,0
0,0,0
0,0,0
0,0,0
0,0,0
0,0,0
0,0,0
0,0,0
0,0,0
0,0,0
0,0,0
0,0,0
0,0,0
0,0,0
0,0,0
0,0,0
0,0,0
0,0,0
0,0,0
0,0,0
0,0,0
0,0,0
0,0,0
0,0,0
0,0,0
0,0,0
0,0,0
0,0,0
0,0,0
0,0,0
0,0,0
0,0,0
0,0,0
0,0,0
0,0,0
0,0,0
0,0,0
0,0,0
0,0,0
0,0,0
0,0,0
0,0,0
0,0,0
0,0,0
0,0,0
0,0,0
0,0,0
0,0,0
0,0,0
0,0,0
0,0,0
26.5361,61.8939,-0.739403
27.1316,62.2258,-0.745634
0,0,0
28.5428,63.3294,-0.763846
0,0,0
29.9875,64.413,-0.782126
30.8401,65.1959,-0.794463
31.2539,65.0351,-0.794843
32.2796,66.1271,-0.811315
0,0,0
0,0,0
0,0,0
0,0,0
28.2395,53.6135,-0.661684
0,0,0
0,0,0
0,0,0
0,0,0
30.7339,54.2454,-0.681854
0,0,0
0,0,0
0,0,0
0,0,0
37.989,62.4994,-0.806178
0,0,0
0,0,0
39.8745,62.9604,-0.822143
0,0,0
41.6388,63.995,-0.843153
0,0,0
43.7028,65.3972,-0.869728
0,0,0
0,0,0
0,0,0
0,0,0
0,0,0
0,0,0
0,0,0
0,0,0
0,0,0
0,0,0
0,0,0
0,0,0
0,0,0
0,0,0
0,0,0
0,0,0
0,0,0
0,0,0
0,0,0
0,0,0
27.4022,31.3719,-0.443482
0,0,0
49.7722,55.5903,-0.823191
50.0862,55.2549,-0.822742
50.402,54.9223,-0.822362
0,0,0
0,0,0
0,0,0
0,0,0
0,0,0
0,0,0
34.387,34.383,-0.523814
34.6101,34.1841,-0.524022
0,0,0
0,0,0
0,0,0
35.3461,33.2374,-0.522559
35.5281,33.0002,-0.522225
35.6445,32.7031,-0.520889
35.8178,32.4596,-0.520474
33.4317,29.9257,-0.480515
33.5907,29.6988,-0.480146
0,0,0
36.7922,31.7334,-0.523342
36.4602,31.059,-0.515383
32.7218,27.5298,-0.456244
32.8678,27.31,-0.45591
36.8209,30.2146,-0.51233
0,0,0
0,0,0
0,0,0
33.582,26.2046,-0.454332
0,0,0
33.8525,25.7536,-0.45363
33.7109,25.3208,-0.449322
0,0,0
34.2143,25.0482,-0.452109
33.5213,24.2263,-0.440083
0,0,0
33.2961,23.4469,-0.432757
33.3925,23.2097,-0.432101
33.2935,22.8392,-0.428737
0,0,0
32.8704,21.9606,-0.419027
32.4994,21.4256,-0.412058
0,0,0
0,0,0
31.5822,19.9967,-0.39425
31.7263,19.8164,-0.394549
33.2852,20.5072,-0.414005
33.2438,20.2013,-0.411758
33.3577,19.9913,-0.411632
33.4031,19.741,-0.410607
33.5305,19.5397,-0.410699
33.6662,19.343,-0.410918
33.7634,19.1243,-0.410641
33.9072,18.9318,-0.410998
33.7494,18.573,-0.407404
34.0587,18.4719,-0.409973
34.1802,18.2673,-0.410088
34.2006,18.0092,-0.408902
33.8932,17.5826,-0.403488
33.9515,17.3493,-0.402854
34.0189,17.1213,-0.402359
34.0803,16.891,-0.401806
34.4736,16.8232,-0.405527
34.1093,16.387,-0.39956
34.4388,16.286,-0.402486
34.3685,15.9955,-0.400332
0,0,0
33.8338,15.2443,-0.391128
0,0,0
33.7287,14.7017,-0.387488
33.7236,14.4539,-0.386302
33.7121,14.2048,-0.385058
33.7506,13.9778,-0.384459
33.6922,13.712,-0.382673
33.5389,13.4104,-0.379736
33.4577,13.1404,-0.37772
33.423,12.8906,-0.376303
33.5267,12.6948,-0.376614
33.4736,12.4404,-0.375013
0,0,0
0,0,0
0,0,0
0,0,0
28.1988,9.50627,-0.306441
28.286,9.34279,-0.306798
28.3875,9.18352,-0.307339
0,0,0
0,0,0
0,0,0
0,0,0
28.9296,8.38777,-0.310622
29.0536,8.23082,-0.311498
29.1614,8.06839,-0.312189
29.248,7.89948,-0.312638
29.3636,7.7377,-0.313444
29.5045,7.58152,-0.314562
29.628,7.41977,-0.315483
29.7332,7.25253,-0.316197
29.8219,7.08058,-0.316727
29.9077,6.90736,-0.317234
29.968,6.72788,-0.317453
30.0234,6.54707,-0.317626
29.8038,6.30787,-0.314573
29.6509,6.08567,-0.312327
28.8943,5.74586,-0.303008
28.6904,5.52253,-0.300209
28.6067,5.32462,-0.298838
28.4657,5.11785,-0.296811
28.0955,4.87354,-0.292123
27.6594,4.62325,-0.286686
27.4454,4.41455,-0.283864
27.1202,4.1917,-0.279763
26.8813,3.98605,-0.276688
26.5755,3.77422,-0.272852
26.3019,3.57087,-0.269408
26.0021,3.36781,-0.265675
25.7771,3.17798,-0.26283
25.4873,2.9836,-0.259248
25.2497,2.79885,-0.256288
25.0138,2.61744,-0.253362
24.7139,2.43286,-0.24971
24.4117,2.25197,-0.246047
24.3165,2.0928,-0.244792
23.969,1.91482,-0.240633
23.7211,1.7486,-0.237638
23.5518,1.59089,-0.235565
23.3285,1.43208,-0.232881
23.0733,1.27436,-0.22984
22.861,1.12198,-0.227306
22.7056,0.974738,-0.22544
22.5113,0.828053,-0.223136
22.334,0.684341,-0.22104
22.2428,0.544964,-0.219945
22.0878,0.405576,-0.218125
21.8799,0.267477,-0.215706
21.7132,0.1322,-0.213771
21.6106,-0.00102548,-0.212585
21.4452,-0.132602,-0.210684
21.166,-0.260755,-0.207482
21.096,-0.389366,-0.206699
20.9483,-0.515234,-0.205028
20.6589,-0.634969,-0.201734
20.6096,-0.760059,-0.201216
20.3778,-0.876741,-0.198601
20.2702,-0.99675,-0.197426
20.2337,-1.11945,-0.19708
19.9899,-1.22903,-0.19435
19.8882,-1.34532,-0.193268
19.8497,-1.46512,-0.192922
19.6479,-1.57149,-0.190699
19.5443,-1.68395,-0.189616
19.3494,-1.78683,-0.187485
19.2933,-1.90111,-0.186967
19.1718,-2.00799,-0.1857
19.0846,-2.11732,-0.184836
18.967,-2.22216,-0.183626
18.8677,-2.32797,-0.182636
18.6349,-2.41541,-0.180101
18.5711,-2.52311,-0.179537
18.4702,-2.62491,-0.178546
18.4231,-2.73364,-0.178189
18.3239,-2.83394,-0.177233
18.2647,-2.93965,-0.176749
18.1507,-3.03566,-0.175632
17.91,-3.1085,-0.17304
17.6446,-3.17407,-0.170161
17.6592,-3.28868,-0.170564
17.7133,-3.41135,-0.171439
17.6587,-3.51334,-0.171048
17.6966,-3.63389,-0.17175
17.3589,-3.6757,-0.168041
17.1231,-3.73568,-0.16553
17.1028,-3.84133,-0.165565
17.0954,-3.95002,-0.16576
16.9454,-4.02503,-0.164274
16.8932,-4.12229,-0.163952
16.6386,-4.16852,-0.161233
16.634,-4.27601,-0.161487
16.5717,-4.36856,-0.161061
16.4539,-4.44564,-0.159978
16.4147,-4.54332,-0.15984
16.3634,-4.6374,-0.159563
16.0773,-4.66307,-0.156476
16.0283,-4.75565,-0.156234
15.6179,-4.73836,-0.15165
15.8235,-4.90697,-0.154483
15.8179,-5.01182,-0.154783
15.7269,-5.08938,-0.154057
15.6137,-5.15881,-0.153067
15.3222,-5.16696,-0.14991
15.2609,-5.25079,-0.149553
15.501,-5.44003,-0.152882
15.345,-5.49124,-0.151385
15.2471,-5.56199,-0.150602
15.2399,-5.66554,-0.150936
15.2263,-5.76709,-0.1512
15.1039,-5.82694,-0.150129
15.1293,-5.94364,-0.150889
14.9923,-5.99625,-0.149645
14.8913,-6.06211,-0.148851
14.8409,-6.14801,-0.148689
14.5937,-6.1508,-0.146075
14.5364,-6.23195,-0.145833
14.4246,-6.28905,-0.144911
14.4113,-6.38879,-0.145234
14.2798,-6.4356,-0.14407
14.3027,-6.55183,-0.144865
13.6286,-6.34447,-0.136813
14.1516,-6.69393,-0.143978
13.7525,-6.60869,-0.139405
14.3811,-7.01974,-0.147987
13.2851,-6.58597,-0.134452
13.8116,-6.95288,-0.141766
13.7634,-7.03477,-0.141697
13.5309,-7.02099,-0.139244
13.0363,-6.86622,-0.133369
13.777,-7.3647,-0.143598
13.7483,-7.45815,-0.143817
13.1548,-7.24099,-0.136618
12.9084,-7.20894,-0.133957
13.1676,-7.46004,-0.137977
12.8702,-7.3962,-0.134636
13.4733,-7.85321,-0.143287
13.4171,-7.93115,-0.143183
13.2104,-7.91873,-0.141064
13.2795,-8.07131,-0.142653
13.228,-8.15159,-0.14263
12.9852,-8.11233,-0.140016
12.9158,-8.17955,-0.139751
12.8721,-8.26297,-0.139843
13.2327,-8.60956,-0.145499
12.4792,-8.22874,-0.135834
12.3769,-8.27071,-0.13512
12.2746,-8.31174,-0.134406
12.8022,-8.78405,-0.142492
12.5863,-8.74999,-0.140223
12.691,-8.93876,-0.142458
12.0507,-8.59885,-0.134176
12.6387,-9.13601,-0.143287
12.5243,-9.17085,-0.142458
12.3843,-9.18557,-0.14126
12.3173,-9.25358,-0.14111
11.9436,-9.08798,-0.136525
11.4029,-8.78753,-0.129476
11.3298,-8.84257,-0.129199
11.2416,-8.88526,-0.128704
11.7169,-9.37836,-0.136525
11.5924,-9.39592,-0.135535
11.5376,-9.46941,-0.135581
10.7318,-8.91879,-0.124384
10.7947,-9.08362,-0.126158
11.0127,-9.38315,-0.130305
11.4554,-9.8823,-0.137919
10.8953,-9.51628,-0.130282
10.9191,-9.65582,-0.131549
11.1367,-9.97076,-0.135834
11.1094,-10.0698,-0.136364
10.9354,-10.035,-0.134613
10.7989,-10.0325,-0.133438
10.4866,-9.8629,-0.129476
10.6113,-10.1036,-0.132425
10.4836,-10.1053,-0.131376
10.7484,-10.4886,-0.136641
10.42,-10.2937,-0.132367
10.486,-10.4868,-0.134475
10.4109,-10.5403,-0.134302
10.066,-10.317,-0.129683
9.91857,-10.2914,-0.128289
9.66909,-10.1565,-0.125179
10.232,-10.8808,-0.135696
9.92481,-10.6847,-0.13163
9.77727,-10.6562,-0.130236
9.16848,-10.1166,-0.120917
9.10623,-10.1727,-0.120917
9.06683,-10.2546,-0.12132
9.41283,-10.7785,-0.128485
9.43011,-10.933,-0.12996
9.31682,-10.9366,-0.129142
9.27207,-11.0203,-0.129545
9.1819,-11.0501,-0.129142
9.08792,-11.0745,-0.128669
9.39627,-11.5947,-0.135558
8.54586,-10.6785,-0.121194
8.92593,-11.2949,-0.129476
9.01148,-11.5481,-0.132379
8.52362,-11.0621,-0.124511
8.68867,-11.4206,-0.128946
8.87666,-11.8175,-0.133899
8.57348,-11.5609,-0.129441
8.4002,-11.4737,-0.127448
8.36302,-11.5713,-0.128105
8.16004,-11.4376,-0.12549
7.9193,-11.2454,-0.122081
7.98997,-11.495,-0.124903
7.93456,-11.566,-0.125214
7.6067,-11.2353,-0.119938
7.53817,-11.2826,-0.11995
8.18153,-12.4097,-0.134867
7.75028,-11.914,-0.127368
7.67433,-11.9572,-0.12731
7.25045,-11.4506,-0.119765
7.60807,-12.1802,-0.129073
7.47602,-12.1338,-0.127817
7.34534,-12.0872,-0.126573
7.22118,-12.0488,-0.125456
7.18476,-12.1566,-0.126308
7.29681,-12.521,-0.130582
7.2313,-12.5855,-0.130847
7.08495,-12.5078,-0.129234
7.10361,-12.7222,-0.131492
7.09532,-12.8925,-0.133162
7.05756,-13.0123,-0.134164
6.69103,-12.5192,-0.127161
6.68676,-12.698,-0.128957
6.62806,-12.7761,-0.129441
6.47493,-12.6705,-0.127552
6.3593,-12.635,-0.126585
6.30297,-12.7167,-0.127137
6.49671,-13.3123,-0.134279
6.30145,-13.1158,-0.131261
6.10886,-12.9174,-0.128243
6.0991,-13.1042,-0.130144
6.05064,-13.2114,-0.131031
6.08119,-13.4962,-0.134164
5.86416,-13.2307,-0.130351
5.79006,-13.2829,-0.130559
5.73484,-13.3798,-0.13133
5.68913,-13.5013,-0.132413
5.71522,-13.7993,-0.135696
5.35076,-13.1469,-0.127149
5.28039,-13.2055,-0.127472
5.1331,-13.0692,-0.125387
5.03986,-13.0668,-0.124972
5.03147,-13.2873,-0.12731
5.12819,-13.7978,-0.133208
5.09516,-13.9709,-0.134947
5.10702,-14.2749,-0.138288
5.03323,-14.3456,-0.138772
4.80689,-13.9744,-0.133876
4.68944,-13.9098,-0.132736
4.60525,-13.9421,-0.132782
0,0,0
0,0,0
0,0,0
0,0,0
0,0,0
0,0,0
0,0,0
0,0,0
0,0,0
0,0,0
0,0,0
0,0,0
0,0,0
0,0,0
0,0,0
0,0,0
0,0,0
0,0,0
0,0,0
0,0,0
0,0,0
0,0,0
0,0,0
0,0,0
0,0,0
0,0,0
0,0,0
0,0,0
0,0,0
0,0,0
0,0,0
0,0,0
0,0,0
0,0,0
0,0,0
0,0,0
0,0,0
0,0,0
0,0,0
0,0,0
0,0,0
0,0,0
0,0,0
0,0,0
0,0,0
0,0,0
0,0,0
0,0,0
0,0,0
0,0,0
0,0,0
0,0,0
0,0,0
0,0,0
0,0,0
0,0,0
0,0,0
0,0,0
0,0,0
0,0,0
0,0,0
0,0,0
0,0,0
0,0,0
0,0,0
0,0,0
0,0,0
0,0,0
0,0,0
0,0,0
0,0,0
0,0,0
0,0,0
0,0,0
0,0,0
0,0,0
0,0,0
0,0,0
0,0,0
0,0,0
0,0,0
0,0,0
0,0,0
0,0,0
0,0,0
0,0,0
0,0,0
0,0,0
0,0,0
0,0,0
0,0,0
0,0,0
0,0,0
0,0,0
0,0,0
0,0,0
0,0,0
0,0,0
0,0,0
0,0,0
0,0,0
0,0,0
0,0,0
0,0,0
0,0,0
0,0,0
0,0,0
0,0,0
0,0,0
0,0,0
0,0,0
0,0,0
0,0,0
0,0,0
0,0,0
0,0,0
0,0,0
0,0,0
0,0,0
0,0,0
0,0,0
0,0,0
0,0,0
0,0,0
0,0,0
0,0,0
0,0,0
0,0,0
0,0,0
0,0,0
0,0,0
0,0,0
0,0,0
0,0,0
0,0,0
0,0,0
0,0,0
0,0,0
0,0,0
0,0,0
0,0,0
0,0,0
0,0,0
0,0,0
0,0,0
0,0,0
0,0,0
0,0,0
0,0,0
0,0,0
0,0,0
0,0,0
0,0,0
0,0,0
0,0,0
0,0,0
0,0,0
0,0,0
0,0,0
0,0,0
0,0,0
0,0,0
0,0,0
0,0,0
0,0,0
0,0,0
0,0,0
0,0,0
0,0,0
0,0,0
0,0,0
0,0,0
0,0,0
0,0,0
0,0,0
0,0,0
0,0,0
0,0,0
0,0,0
0,0,0
0,0,0
0,0,0
0,0,0
0,0,0
0,0,0
0,0,0
0,0,0
0,0,0
0,0,0
0,0,0
0,0,0
0,0,0
0,0,0
0,0,0
0,0,0
0,0,0
0,0,0
0,0,0
0,0,0
0,0,0
0,0,0
0,0,0
0,0,0
0,0,0
0,0,0
0,0,0
0,0,0
0,0,0
0,0,0
0,0,0
0,0,0
0,0,0
0,0,0
0,0,0
0,0,0
0,0,0
0,0,0
0,0,0
0,0,0
0,0,0
0,0,0
0,0,0
0,0,0
0,0,0
0,0,0
0,0,0
0,0,0
0,0,0
0,0,0
0,0,0
0,0,0
0,0,0
0,0,0
0,0,0
0,0,0
0,0,0
0,0,0
0,0,0
0,0,0
0,0,0
0,0,0
0,0,0
0,0,0
0,0,0
0,0,0
0,0,0
0,0,0
0,0,0
0,0,0
0,0,0
0,0,0
0,0,0
0,0,0
0,0,0
0,0,0
0,0,0
0,0,0
0,0,0
0,0,0
0,0,0
0,0,0
0,0,0
0,0,0
0,0,0
0,0,0
0,0,0
0,0,0
0,0,0
0,0,0
0,0,0
0,0,0
0,0,0
0,0,0
0,0,0
0,0,0
0,0,0
0,0,0
0,0,0
0,0,0
0,0,0
0,0,0
0,0,0
0,0,0
0,0,0
0,0,0
0,0,0
0,0,0
0,0,0
0,0,0
0,0,0
0,0,0
0,0,0
0,0,0
0,0,0
0,0,0
0,0,0
0,0,0
0,0,0
0,0,0
0,0,0
0,0,0
0,0,0
0,0,0
0,0,0
0,0,0
0,0,0
0,0,0
0,0,0
0,0,0
0,0,0
0,0,0
0,0,0
0,0,0
0,0,0
0,0,0
0,0,0
0,0,0
0,0,0
0,0,0
0,0,0
0,0,0
0,0,0
0,0,0
0,0,0
0,0,0
0,0,0
0,0,0
0,0,0
0,0,0
0,0,0
0,0,0
0,0,0
0,0,0
0,0,0
0,0,0
0,0,0
0,0,0
0,0,0
0,0,0
0,0,0
0,0,0
0,0,0
0,0,0
0,0,0
0,0,0
0,0,0
0,0,0
0,0,0
0,0,0
0,0,0
0,0,0
0,0,0
0,0,0
0,0,0
0,0,0
0,0,0
0,0,0
0,0,0
0,0,0
0,0,0
0,0,0
0,0,0
0,0,0
0,0,0
0,0,0
0,0,0
0,0,0
0,0,0
0,0,0
0,0,0
0,0,0
0,0,0
0,0,0
0,0,0
0,0,0
0,0,0
0,0,0
0,0,0
0,0,0
0,0,0
0,0,0
0,0,0
0,0,0
0,0,0
0,0,0
0,0,0
0,0,0
0,0,0
0,0,0
0,0,0
0,0,0
0,0,0
0,0,0
0,0,0
0,0,0
0,0,0
0,0,0
0,0,0
0,0,0
0,0,0
0,0,0
0,0,0
0,0,0
0,0,0
0,0,0
0,0,0
0,0,0
0,0,0
0,0,0
0,0,0
0,0,0
0,0,0
0,0,0
0,0,0
0,0,0
0,0,0
0,0,0
0,0,0
0,0,0
0,0,0
0,0,0
0,0,0
0,0,0
0,0,0
0,0,0
0,0,0
0,0,0
0,0,0
0,0,0
0,0,0
0,0,0
0,0,0
0,0,0
0,0,0
0,0,0
0,0,0
0,0,0
0,0,0
0,0,0
0,0,0
0,0,0
0,0,0
0,0,0
0,0,0
0,0,0
0,0,0
0,0,0
0,0,0
0,0,0
0,0,0
0,0,0
0,0,0
0,0,0
0,0,0
0,0,0
0,0,0
0,0,0
0,0,0
0,0,0
0,0,0
0,0,0
0,0,0
0,0,0
0,0,0
0,0,0
0,0,0
0,0,0
0,0,0
0,0,0
0,0,0
0,0,0
0,0,0
0,0,0
0,0,0
0,0,0
0,0,0
0,0,0
0,0,0
0,0,0
0,0,0
0,0,0
0,0,0
0,0,0
0,0,0
0,0,0
0,0,0
0,0,0
0,0,0
0,0,0
0,0,0
0,0,0
0,0,0
0,0,0
0,0,0
0,0,0
0,0,0
0,0,0
0,0,0
0,0,0
0,0,0
0,0,0
0,0,0
0,0,0
0,0,0
0,0,0
0,0,0
0,0,0
0,0,0
0,0,0
0,0,0
0,0,0
0,0,0
0,0,0
0,0,0
0,0,0
0,0,0
0,0,0
0,0,0
0,0,0
0,0,0
0,0,0
0,0,0
0,0,0
0,0,0
0,0,0
0,0,0
0,0,0
0,0,0
0,0,0
0,0,0
0,0,0
0,0,0
0,0,0
0,0,0
0,0,0
0,0,0
0,0,0
0,0,0
0,0,0
0,0,0
0,0,0
0,0,0
0,0,0
0,0,0
0,0,0
0,0,0
0,0,0
0,0,0
0,0,0
0,0,0
0,0,0
0,0,0
0,0,0
0,0,0
0,0,0
0,0,0
0,0,0
0,0,0
0,0,0
0,0,0
0,0,0
0,0,0
0,0,0
0,0,0
0,0,0
0,0,0
0,0,0
0,0,0
0,0,0
0,0,0
0,0,0
0,0,0
0,0,0
0,0,0
0,0,0
0,0,0
0,0,0
0,0,0
0,0,0
0,0,0
0,0,0
0,0,0
0,0,0
0,0,0
0,0,0
0,0,0
0,0,0
0,0,0
0,0,0
0,0,0
0,0,0
0,0,0
0,0,0
0,0,0
0,0,0
0,0,0
0,0,0
0,0,0
0,0,0
0,0,0
0,0,0
0,0,0
0,0,0
0,0,0
0,0,0
0,0,0
0,0,0
0,0,0
0,0,0
0,0,0
0,0,0
0,0,0
0,0,0
0,0,0
0,0,0
0,0,0
0,0,0
0,0,0
0,0,0
0,0,0
0,0,0
0,0,0
0,0,0
0,0,0
0,0,0
0,0,0
0,0,0
0,0,0
0,0,0
0,0,0
0,0,0
0,0,0
0,0,0
0,0,0
0,0,0
0,0,0
0,0,0
0,0,0
0,0,0
0,0,0
0,0,0
0,0,0
0,0,0
0,0,0
0,0,0
0,0,0
0,0,0
0,0,0
0,0,0
0,0,0
0,0,0
0,0,0
0,0,0
0,0,0
0,0,0
0,0,0
0,0,0
0,0,0
0,0,0
0,0,0
0,0,0
0,0,0
0,0,0
0,0,0
0,0,0
0,0,0
0,0,0
0,0,0
0,0,0
0,0,0
0,0,0
0,0,0
23.9073,37.2314,-1.02162
0,0,0
0,0,0
0,0,0
0,0,0
0,0,0
0,0,0
0,0,0
0,0,0
24.5311,33.9262,-0.964692
0,0,0
0,0,0
0,0,0
24.9271,32.7499,-0.947741
25.036,32.4776,-0.944154
24.7562,31.7103,-0.925553
25.3118,32.015,-0.939492
25.0929,31.3409,-0.923617
25.2154,31.1009,-0.920987
25.4394,30.9865,-0.922254
24.5938,29.5844,-0.883522
24.7665,29.423,-0.883211
24.8597,29.1685,-0.880007
25.0094,28.9821,-0.878955
25.1644,28.8025,-0.878142
25.2427,28.5368,-0.874604
25.3973,28.359,-0.873887
25.548,28.1775,-0.873074
25.6967,27.9944,-0.872237
25.8415,27.8076,-0.871305
25.8849,27.5138,-0.866881
0,0,0
26.2018,27.1747,-0.866236
26.3408,26.9855,-0.865303
25.5904,25.8968,-0.83415
26.0068,25.9973,-0.842877
25.7725,25.4487,-0.829655
25.8487,25.2126,-0.827002
25.846,24.9023,-0.82179
25.8745,24.6254,-0.817701
25.9894,24.4326,-0.81653
26.0846,24.2224,-0.81476
0,0,0
0,0,0
26.1998,23.4461,-0.804288
0,0,0
21.6139,18.8695,-0.649623
21.7035,18.7143,-0.64881
21.8431,18.6021,-0.649599
21.7479,18.2921,-0.643072
21.8652,18.1628,-0.643239
21.9406,17.9991,-0.642139
22.0289,17.8465,-0.64147
22.1458,17.7173,-0.641709
22.1945,17.5339,-0.639892
22.3387,17.4263,-0.641016
22.4634,17.303,-0.641566
22.5588,17.1569,-0.641255
22.6517,17.0092,-0.640896
22.7396,16.858,-0.640418
22.8377,16.7146,-0.640274
22.9431,16.5765,-0.64037
23.0379,16.4308,-0.640179
23.1971,16.3305,-0.6419
23.3822,16.2472,-0.644387
25.9062,17.7664,-0.714702
0,0,0
25.68,17.1518,-0.701983
26.2088,17.2733,-0.714128
25.2834,16.4418,-0.684721
25.2635,16.2092,-0.681302
25.3634,16.0544,-0.681326
25.441,15.8857,-0.680752
25.5151,15.7152,-0.680106
25.5845,15.5422,-0.679365
25.5679,15.3182,-0.676257
25.6167,15.1345,-0.675014
25.7065,14.9756,-0.674942
25.7519,14.7912,-0.673675
25.8396,14.6314,-0.673603
25.9001,14.4565,-0.672814
25.6826,14.1291,-0.66447
25.7029,13.9355,-0.662677
25.6186,13.6871,-0.658086
25.5942,13.4728,-0.65517
25.5237,13.2364,-0.651057
25.584,13.069,-0.650507
25.3887,12.7734,-0.643143
25.325,12.5473,-0.639366
25.3243,12.3539,-0.63731
25.4041,12.2005,-0.637429
25.1829,11.9047,-0.629611
25.4042,11.8191,-0.633532
25.1699,11.5227,-0.625475
25.1034,11.3065,-0.621889
25.1741,11.153,-0.621936
24.6381,10.7352,-0.606181
24.6971,10.581,-0.606013
24.5238,10.3292,-0.599845
24.4713,10.1307,-0.596856
24.4219,9.93516,-0.593987
24.2345,9.68604,-0.587604
24.3289,9.55104,-0.588512
24.0335,9.26528,-0.579451
24.0787,9.11339,-0.579164
24.0329,8.92787,-0.576582
24.0046,8.75011,-0.574478
23.8084,8.51344,-0.568142
23.779,8.33874,-0.566086
23.7333,8.15952,-0.563647
23.7564,8.0048,-0.562977
23.5811,7.78491,-0.557335
23.5437,7.6127,-0.555207
23.4508,7.42403,-0.551716
23.3775,7.24331,-0.548752
23.3115,7.06637,-0.546002
23.2643,6.89649,-0.543755
23.1151,6.69823,-0.538997
22.9432,6.49608,-0.533713
22.922,6.33839,-0.532207
22.7732,6.14707,-0.527569
22.6045,5.95298,-0.522476
22.5186,5.78283,-0.519464
22.4141,5.60959,-0.516021
22.3111,5.43857,-0.51265
22.1573,5.25725,-0.508059
22.083,5.09668,-0.505453
22.0485,4.94642,-0.503851
21.9915,4.79209,-0.501723
21.7847,4.6072,-0.495961
21.7587,4.4624,-0.494646
21.7239,4.31653,-0.49314
21.6086,4.15595,-0.489697
21.5109,4.00043,-0.486709
21.4809,3.85865,-0.485394
21.451,3.71755,-0.484103
21.3985,3.57334,-0.482285
21.2976,3.4223,-0.479321
21.2866,3.28667,-0.478556
21.2154,3.14252,-0.476356
21.1778,3.00428,-0.474993
21.1166,2.86352,-0.473081
20.9583,2.71119,-0.468849
20.8951,2.57276,-0.466936
20.852,2.43765,-0.465525
20.793,2.30152,-0.463756
20.7222,2.16506,-0.461724
20.6505,2.02955,-0.459692
20.5551,1.8929,-0.45711
20.4587,1.75749,-0.454527
20.4303,1.62882,-0.453595
20.3641,1.49786,-0.451778
20.3091,1.36857,-0.450248
20.2602,1.24045,-0.448885
20.2205,1.11352,-0.447761
20.1621,0.986251,-0.446207
20.0349,0.856832,-0.443027
19.9928,0.732161,-0.441904
19.954,0.608162,-0.440876
19.8184,0.482326,-0.437552
19.798,0.360294,-0.437002
19.7519,0.238227,-0.435855
19.723,0.116848,-0.435137
19.6663,-0.00416372,-0.433775
19.501,-0.123797,-0.42983
19.4689,-0.243065,-0.429089
19.3741,-0.360794,-0.426865
19.4195,-0.480849,-0.428013
19.2323,-0.594325,-0.423613
19.1803,-0.710547,-0.422466
19.1317,-0.826327,-0.421414
19.0513,-0.94001,-0.419621
18.9793,-1.05324,-0.418043
18.9066,-1.16562,-0.416465
18.8193,-1.2762,-0.414552
18.7384,-1.38627,-0.412807
18.6887,-1.49795,-0.411826
18.6582,-1.61078,-0.411324
18.5474,-1.71594,-0.40891
18.444,-1.82059,-0.406686
18.3331,-1.9233,-0.404295
18.2226,-2.02483,-0.401928
18.1373,-2.1281,-0.400183
18.0773,-2.23359,-0.399059
17.9899,-2.33495,-0.39729
17.8583,-2.4294,-0.394469
17.7382,-2.52401,-0.391934
17.6264,-2.61856,-0.389615
17.4816,-2.70678,-0.386507
17.3719,-2.79906,-0.38426
17.2607,-2.88992,-0.381988
17.1284,-2.97593,-0.379215
17.0026,-3.06167,-0.376609
16.8891,-3.14835,-0.374314
16.7713,-3.23301,-0.371923
16.6472,-3.31516,-0.369388
16.5277,-3.39693,-0.366974
16.4156,-3.47901,-0.36475
16.3138,-3.56218,-0.36279
16.1951,-3.64051,-0.360423
16.0867,-3.72,-0.358319
15.9936,-3.802,-0.356597
15.8485,-3.87042,-0.353609
15.775,-3.9552,-0.352389
15.6256,-4.01979,-0.349305
15.5552,-4.10361,-0.348181
15.4216,-4.16976,-0.345504
15.3187,-4.24297,-0.343591
15.2385,-4.32161,-0.342252
15.1368,-4.3933,-0.340387
15.0271,-4.46163,-0.338331
14.9306,-4.53285,-0.33661
14.8395,-4.60483,-0.335032
14.7223,-4.6677,-0.332808
14.6363,-4.73947,-0.331374
14.5329,-4.80472,-0.329509
14.4312,-4.86951,-0.327692
14.35,-4.9404,-0.326401
14.2732,-5.01213,-0.325229
14.1688,-5.07333,-0.323364
14.0791,-5.13893,-0.321882
13.9977,-5.20675,-0.320615
13.9122,-5.27235,-0.319252
13.8367,-5.34106,-0.318152
13.7422,-5.40172,-0.316574
13.6643,-5.46812,-0.315426
13.5869,-5.53414,-0.314303
13.5019,-5.59635,-0.312988
13.3955,-5.6488,-0.311123
13.3247,-5.71552,-0.31019
13.2583,-5.78358,-0.309378
13.1695,-5.84132,-0.307991
13.1389,-5.92448,-0.308134
13.095,-6.00166,-0.307943
12.9773,-6.04433,-0.305815
12.921,-6.11487,-0.305313
12.8256,-6.16632,-0.303783
12.7686,-6.23568,-0.303281
12.7122,-6.30503,-0.302803
12.6009,-6.34649,-0.300866
12.5555,-6.42051,-0.300699
12.5328,-6.50618,-0.301153
12.4254,-6.54754,-0.299336
12.3506,-6.60527,-0.298403
12.2571,-6.65232,-0.296969
12.2625,-6.75296,-0.298236
12.2845,-6.86367,-0.299981
12.2387,-6.93694,-0.299886
12.1786,-7.00194,-0.299408
12.1172,-7.06596,-0.298906
12.0418,-7.12135,-0.298021
11.967,-7.1766,-0.29716
11.8886,-7.22912,-0.296204
11.8313,-7.29406,-0.295845
11.7676,-7.35486,-0.295319
11.6564,-7.3852,-0.293454
11.5747,-7.43336,-0.292426
11.5096,-7.4917,-0.291876
11.4334,-7.54236,-0.291016
11.3952,-7.61793,-0.291255
11.3524,-7.69051,-0.291374
11.2135,-7.69723,-0.28872
11.0913,-7.71395,-0.286545
10.9196,-7.69434,-0.282911
10.873,-7.76178,-0.282934
10.8543,-7.84944,-0.283795
10.7624,-7.88399,-0.282504
10.7668,-7.98919,-0.284082
10.72,-8.05691,-0.284154
10.6321,-8.09347,-0.283006
10.5752,-8.15306,-0.282791
10.4981,-8.19688,-0.281978
10.4578,-8.2692,-0.282289
10.3484,-8.28636,-0.280496
10.309,-8.35914,-0.280854
10.2714,-8.43366,-0.281285
10.2087,-8.48757,-0.28095
10.1541,-8.54812,-0.280878
10.0513,-8.56747,-0.2793
9.98187,-8.61461,-0.278774
9.93184,-8.67833,-0.27887
9.90311,-8.76096,-0.279659
9.87226,-8.84224,-0.2804
9.80374,-8.88989,-0.279946
9.74091,-8.94244,-0.279683
9.61994,-8.94079,-0.277531
9.59621,-9.02911,-0.278559
9.51095,-9.05955,-0.277579
9.42496,-9.08859,-0.276575
9.38904,-9.16581,-0.277244
9.31272,-9.20357,-0.276575
9.21437,-9.21882,-0.275164
9.16044,-9.27803,-0.27526
9.15639,-9.38845,-0.277077
9.00289,-9.34511,-0.273777
8.91918,-9.37266,-0.272869
8.89232,-9.45999,-0.273945
8.8069,-9.48507,-0.272988
8.79719,-9.59197,-0.27471
8.74085,-9.64873,-0.274806
8.68149,-9.70219,-0.274806
8.59133,-9.72082,-0.273706
8.51838,-9.75829,-0.273228
8.47793,-9.83308,-0.273945
8.42132,-9.88949,-0.274088
8.39459,-9.98152,-0.275355
8.12365,-9.78061,-0.267513
8.09773,-9.87201,-0.268804
8.18552,-10.1048,-0.274447
8.08964,-10.1127,-0.273156
8.0702,-10.2163,-0.274806
7.97539,-10.2246,-0.273562
7.80207,-10.13,-0.269235
7.85174,-10.3249,-0.273658
7.79184,-10.3777,-0.273801
7.72742,-10.4245,-0.273777
7.61962,-10.412,-0.272008
7.57257,-10.4821,-0.272702
7.45528,-10.4543,-0.270526
7.41286,-10.5309,-0.271434
7.33099,-10.5515,-0.270717
7.24745,-10.5691,-0.269928
7.1522,-10.5687,-0.268637
7.26824,-10.8834,-0.276431
7.18812,-10.9077,-0.275858
7.12051,-10.9508,-0.275834
6.90472,-10.7629,-0.269259
6.91394,-10.9242,-0.27263
6.86373,-10.9935,-0.273395
6.82917,-11.0891,-0.274901
6.75893,-11.1273,-0.274806
6.72906,-11.2329,-0.276599
6.69154,-11.3273,-0.278081
6.64859,-11.414,-0.279348
6.53809,-11.3843,-0.277412
6.46664,-11.4216,-0.27734
6.25317,-11.2045,-0.270311
6.36165,-11.5649,-0.279109
6.23958,-11.5097,-0.276551
6.10241,-11.4235,-0.27318
6.07645,-11.5447,-0.275451
6.01332,-11.5969,-0.275858
6.00618,-11.7591,-0.279229
5.91414,-11.7564,-0.278177
5.82547,-11.7594,-0.277292
5.82028,-11.9323,-0.28095
5.74825,-11.9705,-0.281022
5.6811,-12.0191,-0.28138
5.63086,-12.1045,-0.282719
5.57272,-12.1743,-0.283652
5.5558,-12.3368,-0.287023
5.4557,-12.3158,-0.285588
5.37963,-12.3481,-0.285564
5.0939,-11.8911,-0.272821
5.17957,-12.299,-0.2826
5.14952,-12.4404,-0.285445
4.95403,-12.1792,-0.27789
4.864,-12.1713,-0.27691
4.94414,-12.5955,-0.287047
4.78189,-12.4054,-0.281404
4.70108,-12.4224,-0.281094
4.76404,-12.8259,-0.290657
4.61882,-12.6726,-0.286019
4.5467,-12.7167,-0.286425
4.50829,-12.8576,-0.289294
0,0,0
0,0,0
0,0,0
0,0,0
0,0,0
0,0,0
0,0,0
0,0,0
0,0,0
0,0,0
0,0,0
0,0,0
0,0,0
0,0,0
0,0,0
0,0,0
0,0,0
0,0,0
0,0,0
0,0,0
0,0,0
0,0,0
0,0,0
0,0,0
0,0,0
0,0,0
0,0,0
0,0,0
0,0,0
0,0,0
0,0,0
0,0,0
0,0,0
0,0,0
0,0,0
0,0,0
0,0,0
0,0,0
0,0,0
0,0,0
0,0,0
0,0,0
0,0,0
0,0,0
0,0,0
0,0,0
0,0,0
0,0,0
0,0,0
0,0,0
0,0,0
0,0,0
0,0,0
0,0,0
0,0,0
0,0,0
0,0,0
0,0,0
0,0,0
0,0,0
0,0,0
0,0,0
0,0,0
0,0,0
0,0,0
0,0,0
0,0,0
0,0,0
0,0,0
0,0,0
0,0,0
0,0,0
0,0,0
0,0,0
0,0,0
0,0,0
0,0,0
0,0,0
0,0,0
0,0,0
0,0,0
0,0,0
0,0,0
0,0,0
0,0,0
0,0,0
0,0,0
0,0,0
0,0,0
0,0,0
0,0,0
0,0,0
0,0,0
0,0,0
0,0,0
0,0,0
0,0,0
0,0,0
0,0,0
0,0,0
0,0,0
0,0,0
0,0,0
0,0,0
0,0,0
0,0,0
0,0,0
0,0,0
0,0,0
0,0,0
0,0,0
0,0,0
0,0,0
0,0,0
0,0,0
0,0,0
0,0,0
0,0,0
0,0,0
0,0,0
0,0,0
0,0,0
0,0,0
0,0,0
0,0,0
0,0,0
0,0,0
0,0,0
0,0,0
0,0,0
0,0,0
0,0,0
0,0,0
0,0,0
0,0,0
0,0,0
0,0,0
0,0,0
0,0,0
0,0,0
0,0,0
0,0,0
0,0,0
0,0,0
0,0,0
0,0,0
0,0,0
0,0,0
0,0,0
0,0,0
0,0,0
0,0,0
0,0,0
0,0,0
0,0,0
0,0,0
0,0,0
0,0,0
0,0,0
0,0,0
0,0,0
0,0,0
0,0,0
0,0,0
0,0,0
0,0,0
0,0,0
0,0,0
0,0,0
0,0,0
0,0,0
0,0,0
0,0,0
0,0,0
0,0,0
0,0,0
0,0,0
0,0,0
0,0,0
0,0,0
0,0,0
0,0,0
0,0,0
0,0,0
0,0,0
0,0,0
0,0,0
0,0,0
0,0,0
0,0,0
0,0,0
0,0,0
0,0,0
0,0,0
0,0,0
0,0,0
0,0,0
0,0,0
0,0,0
0,0,0
0,0,0
0,0,0
0,0,0
0,0,0
0,0,0
0,0,0
0,0,0
0,0,0
0,0,0
0,0,0
0,0,0
0,0,0
0,0,0
0,0,0
0,0,0
0,0,0
0,0,0
0,0,0
0,0,0
0,0,0
0,0,0
0,0,0
0,0,0
0,0,0
0,0,0
0,0,0
0,0,0
0,0,0
0,0,0
0,0,0
0,0,0
0,0,0
0,0,0
0,0,0
0,0,0
0,0,0
0,0,0
0,0,0
0,0,0
0,0,0
0,0,0
0,0,0
0,0,0
0,0,0
0,0,0
0,0,0
0,0,0
0,0,0
0,0,0
0,0,0
0,0,0
0,0,0
0,0,0
0,0,0
0,0,0
0,0,0
0,0,0
0,0,0
0,0,0
0,0,0
0,0,0
0,0,0
0,0,0
0,0,0
0,0,0
0,0,0
0,0,0
0,0,0
0,0,0
0,0,0
0,0,0
0,0,0
0,0,0
0,0,0
0,0,0
0,0,0
0,0,0
0,0,0
0,0,0
0,0,0
0,0,0
0,0,0
0,0,0
0,0,0
0,0,0
0,0,0
0,0,0
0,0,0
0,0,0
0,0,0
0,0,0
0,0,0
0,0,0
0,0,0
0,0,0
0,0,0
0,0,0
0,0,0
0,0,0
0,0,0
0,0,0
0,0,0
0,0,0
0,0,0
0,0,0
0,0,0
0,0,0
0,0,0
0,0,0
0,0,0
0,0,0
0,0,0
0,0,0
0,0,0
0,0,0
0,0,0
0,0,0
0,0,0
0,0,0
0,0,0
0,0,0
0,0,0
0,0,0
0,0,0
0,0,0
0,0,0
0,0,0
0,0,0
0,0,0
0,0,0
0,0,0
0,0,0
0,0,0
0,0,0
0,0,0
0,0,0
0,0,0
0,0,0
0,0,0
0,0,0
0,0,0
0,0,0
0,0,0
0,0,0
0,0,0
0,0,0
0,0,0
0,0,0
0,0,0
0,0,0
0,0,0
0,0,0
0,0,0
0,0,0
0,0,0
0,0,0
0,0,0
0,0,0
0,0,0
0,0,0
0,0,0
0,0,0
0,0,0
0,0,0
0,0,0
0,0,0
0,0,0
0,0,0
0,0,0
0,0,0
0,0,0
0,0,0
0,0,0
0,0,0
0,0,0
0,0,0
0,0,0
0,0,0
0,0,0
0,0,0
0,0,0
0,0,0
0,0,0
0,0,0
0,0,0
0,0,0
0,0,0
0,0,0
0,0,0
0,0,0
0,0,0
0,0,0
0,0,0
0,0,0
0,0,0
0,0,0
0,0,0
0,0,0
0,0,0
0,0,0
0,0,0
0,0,0
0,0,0
0,0,0
0,0,0
0,0,0
0,0,0
0,0,0
0,0,0
0,0,0
0,0,0
0,0,0
0,0,0
0,0,0
0,0,0
0,0,0
0,0,0
0,0,0
0,0,0
0,0,0
0,0,0
0,0,0
0,0,0
0,0,0
0,0,0
0,0,0
0,0,0
0,0,0
0,0,0
0,0,0
0,0,0
0,0,0
0,0,0
0,0,0
0,0,0
0,0,0
0,0,0
0,0,0
0,0,0
0,0,0
0,0,0
0,0,0
0,0,0
0,0,0
0,0,0
0,0,0
0,0,0
0,0,0
0,0,0
0,0,0
0,0,0
0,0,0
0,0,0
0,0,0
0,0,0
0,0,0
0,0,0
0,0,0
0,0,0
0,0,0
0,0,0
0,0,0
0,0,0
0,0,0
0,0,0
0,0,0
0,0,0
0,0,0
0,0,0
0,0,0
0,0,0
0,0,0
0,0,0
0,0,0
0,0,0
0,0,0
0,0,0
0,0,0
0,0,0
0,0,0
0,0,0
0,0,0
0,0,0
0,0,0
0,0,0
0,0,0
0,0,0
0,0,0
0,0,0
0,0,0
0,0,0
0,0,0
0,0,0
0,0,0
0,0,0
0,0,0
0,0,0
0,0,0
0,0,0
0,0,0
0,0,0
0,0,0
0,0,0
0,0,0
0,0,0
0,0,0
0,0,0
0,0,0
0,0,0
0,0,0
0,0,0
0,0,0
0,0,0
0,0,0
0,0,0
0,0,0
0,0,0
0,0,0
0,0,0
0,0,0
0,0,0
0,0,0
0,0,0
0,0,0
0,0,0
0,0,0
0,0,0
0,0,0
0,0,0
0,0,0
0,0,0
0,0,0
0,0,0
0,0,0
0,0,0
0,0,0
0,0,0
0,0,0
0,0,0
0,0,0
0,0,0
0,0,0
0,0,0
0,0,0
0,0,0
0,0,0
0,0,0
0,0,0
0,0,0
0,0,0
0,0,0
0,0,0
0,0,0
0,0,0
0,0,0
0,0,0
0,0,0
0,0,0
0,0,0
0,0,0
0,0,0
0,0,0
0,0,0
0,0,0
0,0,0
0,0,0
0,0,0
0,0,0
0,0,0
0,0,0
0,0,0
0,0,0
0,0,0
0,0,0
0,0,0
0,0,0
0,0,0
0,0,0
0,0,0
0,0,0
0,0,0
0,0,0
0,0,0
0,0,0
0,0,0
0,0,0
0,0,0
0,0,0
0,0,0
0,0,0
0,0,0
0,0,0
0,0,0
6.98139,25.8381,-0.925959
7.32509,26.4642,-0.950941
3.97198,14.0156,-0.487237
7.34528,25.3242,-0.911688
7.4866,25.2317,-0.909927
0,0,0
0,0,0
8.30959,26.2252,-0.952774
0,0,0
0,0,0
8.45558,25.0735,-0.915031
0,0,0
0,0,0
0,0,0
0,0,0
0,0,0
9.04529,23.8809,-0.881781
8.69631,22.541,-0.832283
8.98027,22.8584,-0.846626
9.29294,23.2343,-0.863341
9.41121,23.1176,-0.86104
9.1176,22.0088,-0.820133
8.18349,19.4163,-0.721138
8.47653,19.7717,-0.737026
8.5861,19.6927,-0.735984
8.77644,19.7968,-0.742166
9.36875,20.7876,-0.783397
10.3985,22.6995,-0.861328
9.62904,20.6837,-0.7839
9.41861,19.9115,-0.755538
9.90162,20.6046,-0.785517
10.952,22.4365,-0.861292
9.96951,20.1099,-0.7706
10.7057,21.2659,-0.81963
10.8328,21.1936,-0.819379
10.2146,19.6853,-0.760966
9.74792,18.5073,-0.715638
10.6439,19.911,-0.775345
10.9331,20.1536,-0.787962
10.9934,19.9715,-0.783253
11.0588,19.8016,-0.779047
10.6771,18.8456,-0.742346
10.8294,18.8438,-0.745006
11.0998,19.0429,-0.756078
12.0967,20.4636,-0.8183
11.4878,19.1642,-0.766933
11.0363,18.1574,-0.727536
11.1438,18.0833,-0.727285
11.5961,18.5613,-0.75047
12.3455,19.4936,-0.79321
11.7323,18.2763,-0.744431
12.1064,18.6069,-0.761721
12.3331,18.7033,-0.76909
12.1628,18.201,-0.75065
12.0243,17.757,-0.734618
12.5531,18.2951,-0.761326
12.7273,18.3072,-0.765244
12.8003,18.1732,-0.7628
13.0143,18.2383,-0.769162
13.1705,18.2196,-0.771894
13.5211,18.465,-0.786452
13.867,18.6955,-0.800507
14.0523,18.7044,-0.804749
14.1038,18.5351,-0.80101
14.202,18.4284,-0.800111
14.1728,18.159,-0.791808
14.2759,18.0615,-0.791341
14.3646,17.9462,-0.790083
14.4002,17.7661,-0.785841
14.5324,17.706,-0.787171
14.8369,17.8525,-0.798206
14.6141,17.3665,-0.779658
14.6264,17.1663,-0.774446
14.8796,17.2479,-0.782606
14.7623,16.9012,-0.77042
14.8115,16.7489,-0.767473
14.9119,16.6555,-0.767365
14.9998,16.5481,-0.76661
15.0781,16.4307,-0.765388
15.3813,16.5561,-0.7761
15.9865,16.9971,-0.802556
16.5736,17.4061,-0.827754
17.0858,17.725,-0.848782
17.7331,18.1719,-0.876533
17.9735,18.1936,-0.883147
18.0876,18.0858,-0.883291
18.1577,17.9344,-0.881242
18.2588,17.8143,-0.88081
18.3311,17.6666,-0.878977
18.4203,17.5359,-0.878043
18.3885,17.2917,-0.871177
18.3705,17.0636,-0.865102
18.2982,16.7885,-0.856475
18.3712,16.649,-0.855037
18.4269,16.4947,-0.852808
18.4955,16.3528,-0.851263
18.5571,16.2055,-0.849429
18.5593,16.0078,-0.844828
18.5735,15.8223,-0.840874
18.6121,15.6592,-0.838142
18.5864,15.4438,-0.832463
18.7527,15.3884,-0.835806
18.6138,15.0843,-0.825022
18.5133,14.8156,-0.816143
18.6635,14.7488,-0.818875
18.8379,14.6998,-0.822722
18.657,14.3753,-0.810428
18.8284,14.3241,-0.814202
18.7969,14.1189,-0.808846
18.8398,13.9711,-0.806905
18.8663,13.8122,-0.804281
18.894,13.6552,-0.801765
18.8969,13.4815,-0.798206
18.9139,13.3193,-0.795331
18.9066,13.1414,-0.791448
18.7965,12.8945,-0.783145
18.8786,12.7812,-0.783289
18.8595,12.6002,-0.779083
18.8288,12.4133,-0.774446
18.892,12.2893,-0.773907
18.8418,12.0927,-0.768551
18.859,11.9411,-0.766142
18.8794,11.7923,-0.763914
18.8663,11.6238,-0.760319
18.8946,11.4819,-0.758522
18.9055,11.3303,-0.756042
18.8465,11.1383,-0.750686
18.829,10.9727,-0.747127
18.8457,10.8281,-0.745042
18.9475,10.7324,-0.746516
18.8952,10.5502,-0.741663
18.8965,10.3994,-0.739075
18.8976,10.2494,-0.736523
18.879,10.0899,-0.733216
18.8866,9.94547,-0.731023
18.8542,9.78108,-0.727249
18.8747,9.6452,-0.725667
18.8665,9.49551,-0.722971
18.8663,9.35072,-0.720635
18.8245,9.18657,-0.716681
18.8346,9.04883,-0.714848
18.8256,8.90276,-0.712295
18.8536,8.77485,-0.711253
18.8498,8.63279,-0.708988
18.8551,8.49562,-0.707119
18.8685,8.36276,-0.705609
18.848,8.21568,-0.702806
18.831,8.07114,-0.700181
18.8111,7.92634,-0.697486
18.7698,7.77368,-0.693999
18.706,7.61316,-0.689685
18.6856,7.47152,-0.687097
18.6706,7.33298,-0.684761
18.6463,7.19167,-0.682101
18.6143,7.04846,-0.679189
18.5608,6.89826,-0.675487
18.5276,6.75685,-0.672611
18.4991,6.61813,-0.669951
18.4507,6.4734,-0.666572
18.4173,6.33504,-0.663804
18.363,6.19063,-0.660281
18.3409,6.05809,-0.658017
18.3226,5.9276,-0.655932
18.2738,5.78821,-0.652733
18.2193,5.64816,-0.649354
18.1895,5.51683,-0.646945
18.1329,5.37841,-0.643566
18.0879,5.2445,-0.640655
18.0466,5.11272,-0.637923
17.9939,4.97871,-0.634796
17.9459,4.8471,-0.631884
17.8941,4.7155,-0.628865
17.8656,4.59094,-0.626744
17.8518,4.4708,-0.625198
17.8362,4.35076,-0.623616
17.8149,4.22992,-0.621855
17.7733,4.10502,-0.619375
17.7416,3.98319,-0.61729
17.7159,3.8634,-0.615457
17.6669,3.73931,-0.612797
17.6259,3.61778,-0.61046
17.6115,3.50235,-0.60913
17.5394,3.37628,-0.605715
17.5009,3.25762,-0.603559
17.4733,3.14169,-0.601833
17.4568,3.02827,-0.600539
17.4564,2.91797,-0.599856
17.4128,2.80096,-0.597627
17.3684,2.6846,-0.595399
17.3391,2.57124,-0.593745
17.3219,2.46016,-0.592559
17.3,2.34886,-0.591229
17.2437,2.23355,-0.588677
17.1956,2.12012,-0.586448
17.1527,2.00807,-0.584435
17.0942,1.89497,-0.581883
17.027,1.78183,-0.579043
16.9868,1.67233,-0.57721
16.947,1.56348,-0.575413
16.8966,1.45432,-0.573256
16.8504,1.34624,-0.571279
16.7796,1.23702,-0.568439
16.733,1.13041,-0.566498
16.6738,1.02367,-0.564126
16.6309,0.918645,-0.562364
16.6103,0.815309,-0.56143
16.565,0.711233,-0.559633
16.5211,0.607816,-0.557907
16.4636,0.504567,-0.555714
16.4205,0.402413,-0.554061
16.3796,0.300863,-0.552515
16.3252,0.199671,-0.550502
16.2662,0.0991336,-0.548345
16.2255,-0.000673024,-0.546872
16.1902,-0.100014,-0.545614
16.1423,-0.198774,-0.543924
16.0869,-0.296821,-0.541983
16.0458,-0.394563,-0.540581
16.0181,-0.492243,-0.539682
15.9698,-0.588861,-0.538065
15.898,-0.683916,-0.535621
15.8606,-0.779831,-0.534434
15.8385,-0.876197,-0.533823
15.782,-0.970235,-0.53199
15.7378,-1.06449,-0.530624
15.6802,-1.15728,-0.528791
15.609,-1.24837,-0.52649
15.5712,-1.34155,-0.525412
15.5259,-1.43367,-0.524082
15.478,-1.52508,-0.52268
15.4226,-1.61523,-0.521026
15.3777,-1.70598,-0.519768
15.3153,-1.79425,-0.517899
15.2752,-1.88464,-0.516857
15.2663,-1.97872,-0.516965
15.1836,-2.0628,-0.514412
15.1578,-2.1541,-0.513945
15.086,-2.23841,-0.511824
15.0246,-2.3236,-0.510099
14.9587,-2.40749,-0.50823
14.8835,-2.48917,-0.506037
14.8355,-2.57481,-0.504851
14.7909,-2.66066,-0.503808
14.7448,-2.74587,-0.50273
14.6747,-2.82609,-0.500789
14.612,-2.9071,-0.499135
14.5704,-2.99188,-0.498273
14.5342,-3.0775,-0.497626
14.4857,-3.16023,-0.496547
14.4202,-3.23876,-0.494858
14.3572,-3.31728,-0.493276
14.2928,-3.39492,-0.491659
14.2455,-3.47616,-0.490688
14.191,-3.55524,-0.489466
14.0944,-3.62309,-0.486698
14.039,-3.70084,-0.485476
13.99,-3.77987,-0.484505
13.9482,-3.86058,-0.483822
13.9118,-3.94255,-0.483355
13.8681,-4.02227,-0.482636
13.8125,-4.09819,-0.481486
13.7594,-4.17445,-0.480443
13.7049,-4.24991,-0.479365
13.6728,-4.33211,-0.479149
13.6289,-4.41039,-0.478502
13.538,-4.47292,-0.476094
13.3891,-4.51503,-0.471493
13.3366,-4.58864,-0.470558
13.2733,-4.65814,-0.469228
13.1899,-4.71997,-0.467143
13.1653,-4.80252,-0.467323
13.1394,-4.88461,-0.467467
13.0998,-4.9616,-0.467107
13.0784,-5.04548,-0.467467
13.0538,-5.12819,-0.467719
13.0146,-5.20522,-0.467431
12.9574,-5.27481,-0.46646
12.8981,-5.34312,-0.465418
12.854,-5.4175,-0.464987
12.8177,-5.49509,-0.464879
12.77,-5.56764,-0.46434
12.7183,-5.6382,-0.463657
12.667,-5.70874,-0.46301
12.6236,-5.78261,-0.462686
12.5698,-5.85152,-0.461967
12.5445,-5.93367,-0.462398
12.5051,-6.00923,-0.462291
12.4465,-6.07532,-0.461428
12.4089,-6.15158,-0.461428
12.3763,-6.2303,-0.461644
12.3405,-6.30748,-0.461751
12.2723,-6.3679,-0.460565
12.203,-6.42724,-0.459343
12.1483,-6.49399,-0.458732
12.074,-6.54982,-0.45733
11.9942,-6.6021,-0.455713
11.8985,-6.64487,-0.453448
11.787,-6.67785,-0.450536
11.7684,-6.76299,-0.451471
11.6403,-6.78475,-0.447876
11.6372,-6.87893,-0.449494
11.5622,-6.93068,-0.448128
11.4904,-6.98384,-0.446906
11.4193,-7.03691,-0.44572
11.3479,-7.08937,-0.444533
11.2375,-7.11663,-0.441694
11.181,-7.17735,-0.441154
11.1016,-7.22292,-0.439645
11.0345,-7.27605,-0.438674
10.983,-7.33918,-0.438387
10.9196,-7.3941,-0.437596
10.855,-7.44796,-0.436769
10.7747,-7.49047,-0.435259
10.6991,-7.53572,-0.433965
10.6339,-7.58788,-0.433138
10.5669,-7.63834,-0.43224
10.4908,-7.68178,-0.430946
10.4242,-7.73172,-0.430083
10.3534,-7.77813,-0.429041
10.2896,-7.82941,-0.428322
10.2263,-7.8808,-0.427639
10.1589,-7.92865,-0.426776
10.0842,-7.97038,-0.42559
10.0203,-8.02024,-0.424907
9.95921,-8.07213,-0.424368
9.8979,-8.12358,-0.423828
9.82481,-8.165,-0.42275
9.75465,-8.2084,-0.421815
9.6866,-8.25319,-0.420989
9.60703,-8.28766,-0.419623
9.54621,-8.33791,-0.419155
9.49861,-8.39963,-0.419335
9.42605,-8.43909,-0.418329
9.3615,-8.48536,-0.417718
9.29674,-8.53116,-0.417106
9.2369,-8.58124,-0.416747
9.18262,-8.63638,-0.416675
9.12149,-8.68498,-0.41628
9.05364,-8.72692,-0.415561
8.98562,-8.76834,-0.414842
8.9224,-8.81418,-0.414375
8.85826,-8.85887,-0.413871
8.7911,-8.90026,-0.413224
8.73213,-8.94974,-0.413009
8.67636,-9.00243,-0.412973
8.60304,-9.03668,-0.412038
8.54333,-9.08493,-0.411822
8.48062,-9.12986,-0.411463
8.42106,-9.17804,-0.411283
8.36056,-9.22509,-0.411068
8.30313,-9.27548,-0.411032
8.24011,-9.31951,-0.410708
8.16831,-9.35333,-0.409917
8.12316,-9.41766,-0.4106
8.06134,-9.46276,-0.410385
7.99798,-9.50592,-0.410097
7.92992,-9.54329,-0.409558
7.8598,-9.57786,-0.408911
7.80089,-9.62591,-0.408911
7.74729,-9.68061,-0.409234
7.68527,-9.72483,-0.409091
7.61193,-9.75447,-0.4083
7.55133,-9.8002,-0.408264
7.49347,-9.84953,-0.408408
7.4365,-9.90012,-0.408623
7.37501,-9.94476,-0.408587
7.31208,-9.98741,-0.408479
7.24715,-10.0272,-0.408264
7.18549,-10.0715,-0.408264
7.11665,-10.1056,-0.407832
7.05908,-10.1556,-0.40812
7.00567,-10.212,-0.408695
6.94176,-10.2531,-0.408623
6.87816,-10.2947,-0.408587
6.81322,-10.3342,-0.408479
6.7475,-10.3724,-0.408336
6.68913,-10.422,-0.408695
6.62398,-10.4612,-0.408623
6.56391,-10.5084,-0.408911
6.50088,-10.5511,-0.409019
6.43965,-10.5967,-0.40927
6.38067,-10.6463,-0.409702
6.32183,-10.6965,-0.410169
6.25105,-10.7264,-0.409809
6.19209,-10.7767,-0.410313
6.12782,-10.818,-0.410456
6.06473,-10.8615,-0.410708
6.00568,-10.9125,-0.411283
5.94195,-10.9553,-0.411535
5.88121,-11.0039,-0.412038
5.82336,-11.0583,-0.412793
5.75678,-11.0965,-0.412901
5.68494,-11.1245,-0.412613
5.62017,-11.1663,-0.412901
5.56087,-11.2194,-0.413656
5.49981,-11.2695,-0.414303
5.43316,-11.3084,-0.414518
5.36709,-11.3488,-0.414806
5.30115,-11.3896,-0.415129
5.23865,-11.4383,-0.415776
5.17206,-11.4784,-0.4161
4.58729,-10.3496,-0.370449
5.05637,-11.5997,-0.418401
4.98628,-11.6332,-0.418508
4.92024,-11.6765,-0.419012
4.85883,-11.7314,-0.419982
4.79278,-11.7758,-0.420557
4.72452,-11.8152,-0.420953
4.65376,-11.8486,-0.421132
4.58564,-11.8891,-0.4216
4.52004,-11.9366,-0.422355
4.46272,-12.0072,-0.424008
4.39513,-12.0513,-0.424655
4.32918,-12.1006,-0.425518
4.26742,-12.1628,-0.426884
4.19954,-12.2086,-0.427639
4.12519,-12.236,-0.427711
4.06507,-12.3066,-0.429436
4.0021,-12.3703,-0.43091
3.94392,-12.4509,-0.433031
3.8787,-12.5111,-0.434397
0,0,0
0,0,0
0,0,0
0,0,0
0,0,0
0,0,0
0,0,0
0,0,0
0,0,0
0,0,0
0,0,0
0,0,0
0,0,0
0,0,0
0,0,0
0,0,0
0,0,0
0,0,0
0,0,0
0,0,0
0,0,0
0,0,0
0,0,0
0,0,0
0,0,0
0,0,0
0,0,0
0,0,0
0,0,0
0,0,0
0,0,0
0,0,0
0,0,0
0,0,0
0,0,0
0,0,0
0,0,0
0,0,0
0,0,0
0,0,0
0,0,0
0,0,0
0,0,0
0,0,0
0,0,0
0,0,0
0,0,0
0,0,0
0,0,0
0,0,0
0,0,0
0,0,0
0,0,0
0,0,0
0,0,0
0,0,0
0,0,0
0,0,0
0,0,0
0,0,0
0,0,0
0,0,0
0,0,0
0,0,0
0,0,0
0,0,0
0,0,0
0,0,0
0,0,0
0,0,0
0,0,0
0,0,0
0,0,0
0,0,0
0,0,0
0,0,0
0,0,0
0,0,0
0,0,0
0,0,0
0,0,0
0,0,0
0,0,0
0,0,0
0,0,0
0,0,0
0,0,0
0,0,0
0,0,0
0,0,0
0,0,0
0,0,0
0,0,0
0,0,0
0,0,0
0,0,0
0,0,0
0,0,0
0,0,0
0,0,0
0,0,0
0,0,0
0,0,0
0,0,0
0,0,0
0,0,0
0,0,0
0,0,0
0,0,0
0,0,0
0,0,0
0,0,0
0,0,0
0,0,0
0,0,0
0,0,0
0,0,0
0,0,0
0,0,0
0,0,0
0,0,0
0,0,0
0,0,0
0,0,0
0,0,0
0,0,0
0,0,0
0,0,0
0,0,0
0,0,0
0,0,0
0,0,0
0,0,0
0,0,0
0,0,0
0,0,0
0,0,0
0,0,0
0,0,0
0,0,0
0,0,0
0,0,0
0,0,0
0,0,0
0,0,0
0,0,0
0,0,0
0,0,0
0,0,0
0,0,0
0,0,0
0,0,0
0,0,0
0,0,0
0,0,0
0,0,0
0,0,0
0,0,0
0,0,0
0,0,0
0,0,0
0,0,0
0,0,0
0,0,0
0,0,0
0,0,0
0,0,0
0,0,0
0,0,0
0,0,0
0,0,0
0,0,0
0,0,0
0,0,0
0,0,0
0,0,0
0,0,0
0,0,0
0,0,0
0,0,0
0,0,0
0,0,0
0,0,0
0,0,0
0,0,0
0,0,0
0,0,0
0,0,0
0,0,0
0,0,0
0,0,0
0,0,0
0,0,0
0,0,0
0,0,0
0,0,0
0,0,0
0,0,0
0,0,0
0,0,0
0,0,0
0,0,0
0,0,0
0,0,0
0,0,0
0,0,0
0,0,0
0,0,0
0,0,0
0,0,0
0,0,0
0,0,0
0,0,0
0,0,0
0,0,0
0,0,0
0,0,0
0,0,0
0,0,0
0,0,0
0,0,0
0,0,0
0,0,0
0,0,0
0,0,0
0,0,0
0,0,0
0,0,0
0,0,0
0,0,0
0,0,0
0,0,0
0,0,0
0,0,0
0,0,0
0,0,0
0,0,0
0,0,0
0,0,0
0,0,0
0,0,0
0,0,0
0,0,0
0,0,0
0,0,0
0,0,0
0,0,0
0,0,0
0,0,0
0,0,0
0,0,0
0,0,0
0,0,0
0,0,0
0,0,0
0,0,0
0,0,0
0,0,0
0,0,0
0,0,0
0,0,0
0,0,0
0,0,0
0,0,0
0,0,0
0,0,0
0,0,0
0,0,0
0,0,0
0,0,0
0,0,0
0,0,0
0,0,0
0,0,0
0,0,0
0,0,0
0,0,0
0,0,0
0,0,0
0,0,0
0,0,0
0,0,0
0,0,0
0,0,0
0,0,0
0,0,0
0,0,0
0,0,0
0,0,0
0,0,0
0,0,0
0,0,0
0,0,0
0,0,0
0,0,0
0,0,0
0,0,0
0,0,0
0,0,0
0,0,0
0,0,0
0,0,0
0,0,0
0,0,0
0,0,0
0,0,0
0,0,0
0,0,0
0,0,0
0,0,0
0,0,0
0,0,0
0,0,0
0,0,0
0,0,0
0,0,0
0,0,0
0,0,0
0,0,0
0,0,0
0,0,0
0,0,0
0,0,0
0,0,0
0,0,0
0,0,0
0,0,0
0,0,0
0,0,0
0,0,0
0,0,0
0,0,0
0,0,0
0,0,0
0,0,0
0,0,0
0,0,0
0,0,0
0,0,0
0,0,0
0,0,0
0,0,0
0,0,0
0,0,0
0,0,0
0,0,0
0,0,0
0,0,0
0,0,0
0,0,0
0,0,0
0,0,0
0,0,0
0,0,0
0,0,0
0,0,0
0,0,0
0,0,0
0,0,0
0,0,0
0,0,0
0,0,0
0,0,0
0,0,0
0,0,0
0,0,0
0,0,0
0,0,0
0,0,0
0,0,0
0,0,0
0,0,0
0,0,0
0,0,0
0,0,0
0,0,0
0,0,0
0,0,0
0,0,0
0,0,0
0,0,0
0,0,0
0,0,0
0,0,0
0,0,0
0,0,0
0,0,0
0,0,0
0,0,0
0,0,0
0,0,0
0,0,0
0,0,0
0,0,0
0,0,0
0,0,0
0,0,0
0,0,0
0,0,0
0,0,0
0,0,0
0,0,0
0,0,0
0,0,0
0,0,0
0,0,0
0,0,0
0,0,0
0,0,0
0,0,0
0,0,0
0,0,0
0,0,0
0,0,0
0,0,0
0,0,0
0,0,0
0,0,0
0,0,0
0,0,0
0,0,0
0,0,0
0,0,0
0,0,0
0,0,0
0,0,0
0,0,0
0,0,0
0,0,0
0,0,0
0,0,0
0,0,0
0,0,0
0,0,0
0,0,0
0,0,0
0,0,0
0,0,0
0,0,0
0,0,0
0,0,0
0,0,0
0,0,0
0,0,0
0,0,0
0,0,0
0,0,0
0,0,0
0,0,0
0,0,0
0,0,0
0,0,0
0,0,0
0,0,0
0,0,0
0,0,0
0,0,0
0,0,0
0,0,0
0,0,0
0,0,0
0,0,0
0,0,0
0,0,0
0,0,0
0,0,0
0,0,0
0,0,0
0,0,0
0,0,0
0,0,0
0,0,0
0,0,0
0,0,0
0,0,0
0,0,0
0,0,0
0,0,0
0,0,0
0,0,0
0,0,0
0,0,0
0,0,0
0,0,0
0,0,0
0,0,0
0,0,0
0,0,0
0,0,0
0,0,0
0,0,0
0,0,0
0,0,0
0,0,0
0,0,0
0,0,0
0,0,0
0,0,0
0,0,0
0,0,0
0,0,0
0,0,0
0,0,0
0,0,0
0,0,0
0,0,0
0,0,0
0,0,0
0,0,0
0,0,0
0,0,0
0,0,0
0,0,0
0,0,0
0,0,0
0,0,0
0,0,0
0,0,0
0,0,0
0,0,0
0,0,0
0,0,0
0,0,0
0,0,0
0,0,0
0,0,0
0,0,0
0,0,0
0,0,0
0,0,0
0,0,0
0,0,0
0,0,0
0,0,0
0,0,0
0,0,0
0,0,0
0,0,0
0,0,0
0,0,0
0,0,0
0,0,0
0,0,0
0,0,0
0,0,0
0,0,0
0,0,0
0,0,0
0,0,0
0,0,0
0,0,0
0,0,0
0,0,0
0,0,0
0,0,0
0,0,0
0,0,0
0,0,0
0,0,0
0,0,0
0,0,0
0,0,0
0,0,0
0,0,0
0,0,0
0,0,0
0,0,0
0,0,0
0,0,0
0,0,0
0,0,0
0,0,0
0,0,0
0,0,0
0,0,0
0,0,0
0,0,0
0,0,0
0,0,0
0,0,0
0,0,0
0,0,0
0,0,0
0,0,0
0,0,0
0,0,0
0,0,0
0,0,0
0,0,0
0,0,0
0,0,0
0,0,0
0,0,0
0,0,0
0,0,0
0,0,0
0,0,0
0,0,0
0,0,0
0,0,0
0,0,0
0,0,0
0,0,0
0,0,0
0,0,0
0,0,0
0,0,0
0,0,0
0,0,0
0,0,0
3.40317,16.0438,-0.756582
3.51242,16.0724,-0.759047
3.6261,16.1178,-0.762381
3.72718,16.105,-0.762865
3.5523,14.9313,-0.705646
3.62844,14.8461,-0.702504
3.7129,14.7974,-0.7012
3.80114,14.7647,-0.700716
3.88045,14.6986,-0.69859
3.96013,14.6359,-0.696657
0,0,0
3.97423,14.0039,-0.667371
4.65331,16.0224,-0.770307
4.67958,15.7513,-0.75808
4.75989,15.6688,-0.755374
4.51274,14.5337,-0.699363
0,0,0
4.6809,14.4468,-0.697817
4.82559,14.5876,-0.706467
4.94919,14.6589,-0.711638
5.41762,15.7276,-0.767891
5.07309,14.4388,-0.703519
5.66646,15.8169,-0.775961
5.77608,15.8166,-0.777749
5.8671,15.7649,-0.776928
6.03276,15.9108,-0.786351
6.26843,16.2313,-0.804909
6.13947,15.6115,-0.774705
6.27078,15.6626,-0.779344
6.18587,15.1798,-0.756147
6.0708,14.6396,-0.729857
6.22456,14.7539,-0.737831
6.45951,15.0523,-0.755567
6.7343,15.4308,-0.777653
6.69882,15.0961,-0.76214
6.94286,15.3907,-0.779972
7.01511,15.2997,-0.777411
7.01901,15.0635,-0.767117
7.10233,15.0012,-0.766102
7.20593,14.9816,-0.767407
7.11841,14.5701,-0.747642
7.29157,14.6952,-0.756775
7.33307,14.5539,-0.751556
7.83387,15.3134,-0.795292
7.68695,14.8014,-0.770017
7.88334,14.9546,-0.780987
7.97213,14.9006,-0.780697
8.03529,14.7996,-0.777846
8.16595,14.8227,-0.781857
8.35858,14.9545,-0.791957
8.51078,15.0098,-0.797901
8.64155,15.0248,-0.801671
8.82215,15.1234,-0.810176
9.04292,15.2856,-0.822355
9.18381,15.3087,-0.826801
9.3492,15.3698,-0.83347
9.41974,15.2739,-0.831295
9.48257,15.1667,-0.828492
9.55674,15.0787,-0.826801
9.62209,14.9777,-0.824385
9.607,14.7543,-0.814912
9.67369,14.6593,-0.812834
9.73625,14.5589,-0.810466
9.79907,14.4601,-0.808195
9.86839,14.3717,-0.806552
9.9273,14.269,-0.804087
9.97669,14.154,-0.800898
9.90896,13.8762,-0.788043
9.98045,13.7966,-0.786931
10.0667,13.7375,-0.787076
10.1252,13.641,-0.784998
10.1937,13.5586,-0.78379
10.2979,13.5236,-0.785481
10.4002,13.4855,-0.787028
10.4987,13.4419,-0.788284
10.5804,13.3765,-0.788236
10.6317,13.2731,-0.785868
10.7827,13.2937,-0.791232
11.1234,13.543,-0.810998
11.3602,13.6596,-0.822645
11.7699,13.977,-0.847146
12.1322,14.2291,-0.867782
12.5782,14.5702,-0.894362
12.9395,14.8041,-0.914369
13.1605,14.8718,-0.923889
13.2661,14.8072,-0.924953
13.3152,14.6796,-0.921956
13.3793,14.5697,-0.92012
13.4406,14.4573,-0.918139
13.503,14.3469,-0.916302
13.5143,14.1835,-0.910938
13.5477,14.045,-0.907217
13.5904,13.9173,-0.90422
13.6474,13.8052,-0.902287
13.705,13.6944,-0.900451
13.7326,13.5546,-0.896633
13.7776,13.4331,-0.894072
13.8289,13.3186,-0.891994
13.8676,13.1928,-0.889142
13.9469,13.1061,-0.889046
13.9963,12.9918,-0.887016
13.3182,12.211,-0.837288
13.4018,12.1371,-0.837868
14.0842,12.5987,-0.877351
14.1043,12.4618,-0.873678
14.1497,12.3481,-0.871696
14.1911,12.2317,-0.869522
14.1891,12.079,-0.864641
14.2109,11.948,-0.861355
14.254,11.8357,-0.85947
14.2824,11.7119,-0.856715
14.3167,11.5939,-0.854395
14.3595,11.4834,-0.852656
14.3866,11.361,-0.849998
14.4182,11.243,-0.847678
14.4426,11.1202,-0.844972
14.4827,11.0102,-0.84328
14.5189,10.8978,-0.841396
14.5413,10.7758,-0.838738
14.5765,10.6639,-0.836901
14.6125,10.5532,-0.835161
14.6355,10.4338,-0.832697
14.6519,10.3104,-0.829894
14.6706,10.1896,-0.827284
14.69,10.07,-0.824771
14.711,9.95225,-0.822403
14.6953,9.81077,-0.817957
14.7061,9.68799,-0.815106
14.7275,9.57308,-0.812931
14.7255,9.4437,-0.809452
14.7409,9.32647,-0.807035
14.7538,9.20834,-0.804522
14.7777,9.09774,-0.802686
14.8008,8.98719,-0.800849
14.8223,8.87619,-0.798965
14.8412,8.76425,-0.796983
14.8593,8.65241,-0.795002
14.8524,8.52676,-0.791667
14.8635,8.41234,-0.789396
14.8233,8.26987,-0.784322
14.858,8.1701,-0.783452
14.8508,8.04784,-0.780311
14.8655,7.93822,-0.778426
14.8768,7.82732,-0.776396
14.874,7.70968,-0.773641
14.865,7.58966,-0.770597
14.8551,7.47003,-0.767552
14.8469,7.35214,-0.764653
14.8056,7.21887,-0.760013
14.8145,7.11103,-0.758129
14.8298,7.00677,-0.75663
14.8399,6.90048,-0.754891
14.8575,6.79807,-0.753586
14.8689,6.69325,-0.751991
14.8859,6.59137,-0.750735
14.9169,6.49592,-0.750251
14.9758,6.41253,-0.751266
14.9301,6.28486,-0.74682
14.9675,6.19275,-0.746772
15.0024,6.09967,-0.746627
15.0368,6.00639,-0.746482
15.0576,5.90781,-0.74566
15.0096,5.78298,-0.741311
14.9981,5.6731,-0.738894
14.9718,5.55836,-0.735753
14.9334,5.44006,-0.732032
14.9317,5.33589,-0.730244
14.9189,5.22831,-0.727924
14.8987,5.11882,-0.725266
14.8787,5.01009,-0.722657
14.8694,4.90556,-0.720627
14.8707,4.80501,-0.719177
14.8827,4.70825,-0.718307
14.897,4.61241,-0.717582
14.9031,4.51426,-0.716471
14.9017,4.41422,-0.715021
14.9026,4.3152,-0.713716
14.8971,4.2147,-0.712121
14.8938,4.11523,-0.710672
14.8841,4.0144,-0.708932
14.864,3.9113,-0.706709
14.8287,3.80488,-0.703761
14.8091,3.70315,-0.701634
14.8015,3.60489,-0.700136
14.799,3.50824,-0.698928
14.8047,3.41377,-0.698155
14.7679,3.30998,-0.695304
14.7791,3.21739,-0.694869
14.7556,3.11755,-0.692742
14.7196,3.01573,-0.690036
14.7114,2.9201,-0.688731
14.6938,2.82299,-0.686991
14.6725,2.72566,-0.685107
14.6447,2.62764,-0.682932
14.6222,2.53108,-0.681047
14.5852,2.4326,-0.678486
14.5456,2.33435,-0.675828
14.5291,2.24034,-0.67433
14.504,2.14545,-0.672445
14.4902,2.05263,-0.67114
14.454,1.95711,-0.668772
14.4479,1.86608,-0.667902
14.4492,1.77617,-0.667419
14.431,1.68412,-0.666018
14.3796,1.58873,-0.663021
14.3433,1.4957,-0.660798
14.3274,1.40523,-0.65959
14.3099,1.31491,-0.658334
14.2858,1.22435,-0.656787
14.2503,1.13326,-0.654709
14.2141,1.04266,-0.652631
14.2033,0.954283,-0.65181
14.2009,0.866628,-0.651423
14.197,0.778983,-0.650988
14.1855,0.691078,-0.650215
14.1646,0.602961,-0.649007
14.1211,0.514325,-0.646735
14.0761,0.426215,-0.644416
14.0464,0.339064,-0.642869
14.0323,0.252581,-0.642096
13.9876,0.165927,-0.639873
13.9404,0.0798188,-0.637553
13.8947,-0.00570464,-0.63533
13.8415,-0.0906188,-0.632769
13.8067,-0.175119,-0.631126
13.7634,-0.259046,-0.629096
13.7246,-0.342573,-0.627308
13.6813,-0.42551,-0.625326
13.6396,-0.508003,-0.623442
13.6032,-0.590258,-0.621847
13.5764,-0.67258,-0.620735
13.5232,-0.753153,-0.618367
13.4974,-0.834822,-0.617353
13.4442,-0.914376,-0.615033
13.4224,-0.995669,-0.61426
13.3722,-1.07449,-0.612133
13.3225,-1.15282,-0.610055
13.2754,-1.23086,-0.608122
13.2438,-1.30994,-0.606962
13.2186,-1.3894,-0.606141
13.1751,-1.46662,-0.604449
13.1262,-1.54277,-0.602516
13.0798,-1.61875,-0.600728
13.0379,-1.69486,-0.599182
12.9827,-1.76876,-0.597007
12.9518,-1.84557,-0.59604
12.9274,-1.9231,-0.595412
12.9035,-2.00055,-0.594832
12.8703,-2.07634,-0.593817
12.8297,-2.15066,-0.592464
12.7907,-2.22489,-0.591208
12.7424,-2.29713,-0.589516
12.7016,-2.37033,-0.588212
12.679,-2.44671,-0.587825
12.6461,-2.52094,-0.586955
12.5805,-2.58823,-0.58449
12.535,-2.65916,-0.583041
12.4999,-2.73197,-0.582122
12.4235,-2.79525,-0.579174
12.3643,-2.86174,-0.577096
12.294,-2.92508,-0.574487
12.2186,-2.98647,-0.571635
12.1564,-3.05045,-0.569461
12.1143,-3.11901,-0.568301
12.0775,-3.18869,-0.567431
12.0433,-3.25883,-0.566706
11.9865,-3.32253,-0.56487
11.9486,-3.3911,-0.564
11.8911,-3.45377,-0.562163
11.8275,-3.51415,-0.560037
11.779,-3.57853,-0.558684
11.7415,-3.646,-0.557911
11.7151,-3.71677,-0.557717
11.6836,-3.78581,-0.557282
11.6459,-3.85273,-0.556557
11.6059,-3.91868,-0.555736
11.5581,-3.98169,-0.554528
11.5174,-4.04691,-0.553706
11.4782,-4.11245,-0.552981
11.4415,-4.17869,-0.552401
11.4119,-4.24742,-0.552208
11.3726,-4.31241,-0.551531
11.3263,-4.37455,-0.550517
11.2798,-4.43629,-0.549502
11.2505,-4.50468,-0.549405
11.2383,-4.58003,-0.550227
11.2211,-4.65349,-0.550807
11.1969,-4.7242,-0.551048
11.1751,-4.79596,-0.551435
11.1427,-4.86324,-0.55129
11.1218,-4.93557,-0.551773
11.1013,-5.00824,-0.552305
11.0858,-5.08333,-0.553126
11.0544,-5.15126,-0.553126
11.0145,-5.21515,-0.552691
10.9634,-5.27354,-0.551676
10.9218,-5.33633,-0.551193
10.8898,-5.40369,-0.551242
10.8653,-5.4749,-0.551725
10.8342,-5.54283,-0.55187
10.7752,-5.59631,-0.550517
10.7229,-5.65301,-0.54955
10.6687,-5.70833,-0.548487
10.6071,-5.75939,-0.547037
10.5243,-5.79834,-0.544427
10.472,-5.85355,-0.543509
10.3907,-5.89208,-0.540996
10.3206,-5.9363,-0.539111
10.2676,-5.98996,-0.538193
10.2177,-6.04522,-0.537468
10.1505,-6.08982,-0.535777
10.0847,-6.13485,-0.534182
10.0265,-6.18404,-0.533022
9.97312,-6.23591,-0.532152
9.91274,-6.28309,-0.530896
9.84374,-6.32436,-0.529156
9.80475,-6.38464,-0.529156
9.77206,-6.44908,-0.529543
9.72317,-6.50281,-0.529011
9.66655,-6.55115,-0.528045
9.61135,-6.60016,-0.527175
9.55509,-6.64817,-0.526257
9.50922,-6.70322,-0.525967
9.48011,-6.77015,-0.526691
9.44729,-6.83463,-0.527223
9.4092,-6.89542,-0.527465
9.35308,-6.9429,-0.526643
9.29593,-6.98936,-0.525773
9.23062,-7.02933,-0.52442
9.16754,-7.07058,-0.523212
9.12084,-7.12424,-0.523019
9.08087,-7.18317,-0.52326
9.0335,-7.23626,-0.523067
9.00134,-7.30162,-0.52384
8.95869,-7.35861,-0.523985
8.91721,-7.41664,-0.524227
8.85625,-7.45834,-0.52326
8.81944,-7.52032,-0.52384
8.76103,-7.56385,-0.523067
8.71295,-7.61615,-0.52297
8.67055,-7.67344,-0.52326
8.63,-7.7325,-0.523695
8.58609,-7.78866,-0.523937
8.53961,-7.84255,-0.524034
8.48547,-7.88936,-0.523647
8.43472,-7.93922,-0.523502
8.38151,-7.98669,-0.523212
8.33163,-8.03728,-0.523164
8.27644,-8.08266,-0.522777
8.23166,-8.13821,-0.523115
8.18651,-8.19351,-0.523454
8.13258,-8.24003,-0.523212
8.07977,-8.28763,-0.523067
8.01422,-8.32195,-0.522052
7.96163,-8.36952,-0.521955
7.91901,-8.42767,-0.522584
7.86783,-8.47684,-0.522632
7.82107,-8.53084,-0.523019
7.76992,-8.58015,-0.523115
7.7158,-8.62618,-0.523019
7.66735,-8.6786,-0.523357
7.62052,-8.73301,-0.52384
7.56419,-8.77657,-0.523647
7.50955,-8.82206,-0.523599
7.4527,-8.86491,-0.523405
7.39817,-8.91048,-0.523405
7.34526,-8.95802,-0.52355
7.28889,-9.00137,-0.523454
5.793,-7.24484,-0.411867
5.74534,-7.27632,-0.411625
7.12689,-9.14031,-0.52384
7.07067,-9.18387,-0.52384
7.01419,-9.22708,-0.52384
6.96463,-9.27953,-0.52442
6.91411,-9.33092,-0.524952
6.85495,-9.37075,-0.524807
6.79674,-9.41182,-0.524758
6.75104,-9.47043,-0.525773
6.6928,-9.51167,-0.525773
6.64115,-9.5624,-0.526353
6.58292,-9.6038,-0.526402
6.51771,-9.63491,-0.52587
6.45902,-9.67555,-0.525918
6.40778,-9.72751,-0.526643
6.35505,-9.77753,-0.527271
6.29763,-9.82054,-0.527513
6.23458,-9.85478,-0.527271
6.1777,-9.89878,-0.52761
6.11737,-9.93735,-0.527658
6.05369,-9.97043,-0.527416
5.99856,-10.0177,-0.527996
5.94155,-10.062,-0.528431
5.88975,-10.1156,-0.529398
5.83304,-10.161,-0.529929
5.77206,-10.1992,-0.530074
5.71521,-10.2449,-0.530654
5.65657,-10.2877,-0.531089
5.59477,-10.3248,-0.531234
5.53602,-10.3678,-0.531717
5.47695,-10.4104,-0.532201
5.41757,-10.4527,-0.532684
5.35333,-10.4857,-0.532684
5.29248,-10.5255,-0.533071
5.23932,-10.581,-0.534327
5.17605,-10.6166,-0.53452
5.10606,-10.6382,-0.533989
5.03855,-10.6649,-0.533747
4.98271,-10.7164,-0.534859
4.91187,-10.7359,-0.534279
4.63923,-10.3068,-0.509922
4.56296,-10.3058,-0.508376
4.73616,-10.8767,-0.537033
4.66973,-10.9064,-0.537082
4.60931,-10.9505,-0.537903
4.55043,-10.9989,-0.538967
4.48286,-11.0266,-0.538967
4.414,-11.0511,-0.538822
4.34867,-11.0845,-0.53916
4.305,-11.1744,-0.542446
4.23953,-11.209,-0.542881
4.17554,-11.2479,-0.543558
4.10405,-11.2667,-0.543219
4.03552,-11.2936,-0.543316
3.96813,-11.3238,-0.543606
0,0,0
0,0,0
0,0,0
0,0,0
0,0,0
0,0,0
0,0,0
0,0,0
0,0,0
0,0,0
0,0,0
0,0,0
0,0,0
0,0,0
0,0,0
0,0,0
0,0,0
0,0,0
0,0,0
0,0,0
0,0,0
0,0,0
0,0,0
0,0,0
0,0,0
0,0,0
0,0,0
0,0,0
0,0,0
0,0,0
0,0,0
0,0,0
0,0,0
0,0,0
0,0,0
0,0,0
0,0,0
0,0,0
0,0,0
0,0,0
0,0,0
0,0,0
0,0,0
0,0,0
0,0,0
0,0,0
0,0,0
0,0,0
0,0,0
0,0,0
0,0,0
0,0,0
0,0,0
0,0,0
0,0,0
0,0,0
0,0,0
0,0,0
0,0,0
0,0,0
0,0,0
0,0,0
0,0,0
0,0,0
0,0,0
0,0,0
0,0,0
0,0,0
0,0,0
0,0,0
0,0,0
0,0,0
0,0,0
0,0,0
0,0,0
0,0,0
0,0,0
0,0,0
0,0,0
0,0,0
0,0,0
0,0,0
0,0,0
0,0,0
0,0,0
0,0,0
0,0,0
0,0,0
0,0,0
0,0,0
0,0,0
0,0,0
0,0,0
0,0,0
0,0,0
0,0,0
0,0,0
0,0,0
0,0,0
0,0,0
0,0,0
0,0,0
0,0,0
0,0,0
0,0,0
0,0,0
0,0,0
0,0,0
0,0,0
0,0,0
0,0,0
0,0,0
0,0,0
0,0,0
0,0,0
0,0,0
0,0,0
0,0,0
0,0,0
0,0,0
0,0,0
0,0,0
0,0,0
0,0,0
0,0,0
0,0,0
0,0,0
0,0,0
0,0,0
0,0,0
0,0,0
0,0,0
0,0,0
0,0,0
0,0,0
0,0,0
0,0,0
0,0,0
0,0,0
0,0,0
0,0,0
0,0,0
0,0,0
0,0,0
0,0,0
0,0,0
0,0,0
0,0,0
0,0,0
0,0,0
0,0,0
0,0,0
0,0,0
0,0,0
0,0,0
0,0,0
0,0,0
0,0,0
0,0,0
0,0,0
0,0,0
0,0,0
0,0,0
0,0,0
0,0,0
0,0,0
0,0,0
0,0,0
0,0,0
0,0,0
0,0,0
0,0,0
0,0,0
0,0,0
0,0,0
0,0,0
0,0,0
0,0,0
0,0,0
0,0,0
0,0,0
0,0,0
0,0,0
0,0,0
0,0,0
0,0,0
0,0,0
0,0,0
0,0,0
0,0,0
0,0,0
0,0,0
0,0,0
0,0,0
0,0,0
0,0,0
0,0,0
0,0,0
0,0,0
0,0,0
0,0,0
0,0,0
0,0,0
0,0,0
0,0,0
0,0,0
0,0,0
0,0,0
0,0,0
0,0,0
0,0,0
0,0,0
0,0,0
0,0,0
0,0,0
0,0,0
0,0,0
0,0,0
0,0,0
0,0,0
0,0,0
0,0,0
0,0,0
0,0,0
0,0,0
0,0,0
0,0,0
0,0,0
0,0,0
0,0,0
0,0,0
0,0,0
0,0,0
0,0,0
0,0,0
0,0,0
0,0,0
0,0,0
0,0,0
0,0,0
0,0,0
0,0,0
0,0,0
0,0,0
0,0,0
0,0,0
0,0,0
0,0,0
0,0,0
0,0,0
0,0,0
0,0,0
0,0,0
0,0,0
0,0,0
0,0,0
0,0,0
0,0,0
0,0,0
0,0,0
0,0,0
0,0,0
0,0,0
0,0,0
0,0,0
0,0,0
0,0,0
0,0,0
0,0,0
0,0,0
0,0,0
0,0,0
0,0,0
0,0,0
0,0,0
0,0,0
0,0,0
0,0,0
0,0,0
0,0,0
0,0,0
0,0,0
0,0,0
0,0,0
0,0,0
0,0,0
0,0,0
0,0,0
0,0,0
0,0,0
0,0,0
0,0,0
0,0,0
0,0,0
0,0,0
0,0,0
0,0,0
0,0,0
0,0,0
0,0,0
0,0,0
0,0,0
0,0,0
0,0,0
0,0,0
0,0,0
0,0,0
0,0,0
0,0,0
0,0,0
0,0,0
0,0,0
0,0,0
0,0,0
0,0,0
0,0,0
0,0,0
0,0,0
0,0,0
0,0,0
0,0,0
0,0,0
0,0,0
0,0,0
0,0,0
0,0,0
0,0,0
0,0,0
0,0,0
0,0,0
0,0,0
0,0,0
0,0,0
0,0,0
0,0,0
0,0,0
0,0,0
0,0,0
0,0,0
0,0,0
0,0,0
0,0,0
0,0,0
0,0,0
0,0,0
0,0,0
0,0,0
0,0,0
0,0,0
0,0,0
0,0,0
0,0,0
0,0,0
0,0,0
0,0,0
0,0,0
0,0,0
0,0,0
0,0,0
0,0,0
0,0,0
0,0,0
0,0,0
0,0,0
0,0,0
0,0,0
0,0,0
0,0,0
0,0,0
0,0,0
0,0,0
0,0,0
0,0,0
0,0,0
0,0,0
0,0,0
0,0,0
0,0,0
0,0,0
0,0,0
0,0,0
0,0,0
0,0,0
0,0,0
0,0,0
0,0,0
0,0,0
0,0,0
0,0,0
0,0,0
0,0,0
0,0,0
0,0,0
0,0,0
0,0,0
0,0,0
0,0,0
0,0,0
0,0,0
0,0,0
0,0,0
0,0,0
0,0,0
0,0,0
0,0,0
0,0,0
0,0,0
0,0,0
0,0,0
0,0,0
0,0,0
0,0,0
0,0,0
0,0,0
0,0,0
0,0,0
0,0,0
0,0,0
0,0,0
0,0,0
0,0,0
0,0,0
0,0,0
0,0,0
0,0,0
0,0,0
0,0,0
0,0,0
0,0,0
0,0,0
0,0,0
0,0,0
0,0,0
0,0,0
0,0,0
0,0,0
0,0,0
0,0,0
0,0,0
0,0,0
0,0,0
0,0,0
0,0,0
0,0,0
0,0,0
0,0,0
0,0,0
0,0,0
0,0,0
0,0,0
0,0,0
0,0,0
0,0,0
0,0,0
0,0,0
0,0,0
0,0,0
0,0,0
0,0,0
0,0,0
0,0,0
0,0,0
0,0,0
0,0,0
0,0,0
0,0,0
0,0,0
0,0,0
0,0,0
0,0,0
0,0,0
0,0,0
0,0,0
0,0,0
0,0,0
0,0,0
0,0,0
0,0,0
0,0,0
0,0,0
0,0,0
0,0,0
0,0,0
0,0,0
0,0,0
0,0,0
0,0,0
0,0,0
0,0,0
0,0,0
0,0,0
0,0,0
0,0,0
0,0,0
0,0,0
0,0,0
0,0,0
0,0,0
0,0,0
0,0,0
0,0,0
0,0,0
0,0,0
0,0,0
0,0,0
0,0,0
0,0,0
0,0,0
0,0,0
0,0,0
0,0,0
0,0,0
0,0,0
0,0,0
0,0,0
0,0,0
0,0,0
0,0,0
0,0,0
0,0,0
0,0,0
0,0,0
0,0,0
0,0,0
0,0,0
0,0,0
0,0,0
0,0,0
0,0,0
0,0,0
0,0,0
0,0,0
0,0,0
0,0,0
0,0,0
0,0,0
0,0,0
0,0,0
0,0,0
0,0,0
0,0,0
0,0,0
0,0,0
0,0,0
0,0,0
0,0,0
0,0,0
0,0,0
0,0,0
0,0,0
0,0,0
0,0,0
0,0,0
0,0,0
0,0,0
0,0,0
0,0,0
0,0,0
0,0,0
0,0,0
0,0,0
0,0,0
0,0,0
0,0,0
0,0,0
0,0,0
0,0,0
0,0,0
0,0,0
0,0,0
0,0,0
0,0,0
0,0,0
0,0,0
0,0,0
0,0,0
0,0,0
0,0,0
0,0,0
0,0,0
0,0,0
2.4461,12.69,-0.741987
2.47459,12.427,-0.726762
2.56506,12.481,-0.731034
2.6002,12.2698,-0.718999
2.70291,12.3794,-0.726762
0,0,0
0,0,0
3.17527,13.3579,-0.79061
3.28015,13.4322,-0.796447
3.3511,13.3663,-0.793619
3.41663,13.2817,-0.789647
3.51589,13.3281,-0.79386
3.58014,13.2417,-0.789828
3.4303,12.3854,-0.737654
3.41881,12.0559,-0.718337
3.58064,12.3376,-0.737353
3.58496,12.0752,-0.722248
0,0,0
3.77015,12.1504,-0.729831
3.87209,12.2137,-0.735307
3.9568,12.2201,-0.737233
4.09782,12.3955,-0.74993
4.29061,12.7163,-0.771955
4.40625,12.7992,-0.778936
4.48602,12.7757,-0.779176
4.57476,12.7771,-0.781042
4.66813,12.79,-0.78369
4.78689,12.8697,-0.79067
4.89265,12.911,-0.795244
4.97286,12.8835,-0.795424
5.03904,12.8203,-0.793318
5.07533,12.6835,-0.786458
5.26978,12.9387,-0.805113
5.35519,12.9208,-0.806076
5.43553,12.8905,-0.806256
5.54837,12.9358,-0.811431
5.70546,13.0799,-0.823166
5.82892,13.1423,-0.829605
5.89714,13.079,-0.8278
6.03883,13.1768,-0.836706
6.13601,13.1748,-0.839053
6.23509,13.1757,-0.841641
6.31755,13.1408,-0.841881
6.39499,13.0955,-0.84146
6.44817,13.0015,-0.837789
6.51121,12.9287,-0.835563
6.5686,12.8458,-0.832674
6.62936,12.7707,-0.830327
6.68387,12.6848,-0.827258
6.73709,12.5978,-0.824129
6.79331,12.5176,-0.821481
6.85892,12.4556,-0.820097
6.91915,12.3845,-0.818111
6.95957,12.2793,-0.813778
7.02732,12.2234,-0.812876
7.08559,12.1516,-0.81089
7.13004,12.0572,-0.807339
7.18489,11.9815,-0.805113
7.24479,11.915,-0.803548
7.29995,11.8415,-0.801502
7.35766,11.7727,-0.799817
7.41533,11.7046,-0.798192
7.46544,11.6253,-0.795785
7.52683,11.5642,-0.794702
7.5905,11.507,-0.79392
7.6604,11.4594,-0.79386
7.73337,11.4163,-0.794161
7.79989,11.3637,-0.7938
7.84268,11.2771,-0.790971
7.95025,11.2834,-0.795003
8.14344,11.4083,-0.807881
8.38935,11.6016,-0.825994
8.54355,11.6634,-0.834479
8.81422,11.8793,-0.854639
9.07885,12.0803,-0.873896
9.27857,12.1896,-0.886413
9.53907,12.3736,-0.904767
9.77761,12.5233,-0.920714
9.94713,12.5805,-0.92974
10.0129,12.5052,-0.928657
10.0788,12.4304,-0.927634
10.1466,12.3582,-0.926852
10.2095,12.2804,-0.925648
10.2654,12.1946,-0.923843
10.3134,12.1003,-0.921376
10.3686,12.0148,-0.919631
10.4119,11.9164,-0.916862
10.459,11.8231,-0.914515
10.5114,11.7364,-0.91271
10.5638,11.6503,-0.910965
10.6101,11.558,-0.908738
10.655,11.4649,-0.906452
10.7025,11.3753,-0.904466
10.757,11.2936,-0.903142
10.8039,11.2043,-0.901216
10.8494,11.1143,-0.89923
10.9048,11.0347,-0.898147
10.9547,10.95,-0.896643
10.9904,10.8517,-0.893995
11.0139,10.7422,-0.890384
11.0652,10.6606,-0.889181
11.1095,10.5725,-0.887436
11.1487,10.4802,-0.885329
11.185,10.3858,-0.883043
11.2279,10.2981,-0.881358
11.265,10.2056,-0.879252
11.3095,10.1203,-0.877807
11.3377,10.021,-0.875099
11.3734,9.92888,-0.873053
11.4137,9.8413,-0.871428
11.4549,9.75491,-0.869924
11.4947,9.66773,-0.868359
11.5361,9.58235,-0.866975
11.5692,9.4905,-0.864989
11.6001,9.39734,-0.862883
11.6108,9.28857,-0.859273
11.6394,9.19488,-0.857106
11.679,9.1104,-0.855842
11.7165,9.02456,-0.854458
11.7431,8.93074,-0.852292
11.7705,8.83814,-0.850246
11.7916,8.74138,-0.847779
11.8185,8.64941,-0.845793
11.8519,8.5627,-0.844349
11.8872,8.47765,-0.843085
11.9161,8.38846,-0.8414
11.9296,8.28899,-0.838632
11.9457,8.19193,-0.836104
11.9709,8.10169,-0.834299
11.9673,7.99261,-0.830448
11.9819,7.89651,-0.82798
12.0151,7.81304,-0.826897
12.0208,7.71222,-0.823888
12.0401,7.62071,-0.821902
12.051,7.52448,-0.819375
12.0723,7.43522,-0.81763
12.0887,7.34338,-0.815584
12.1147,7.25778,-0.81426
12.1461,7.1757,-0.813357
12.1718,7.09049,-0.812093
12.1891,7.00075,-0.810288
12.2101,6.91354,-0.808784
12.241,6.83216,-0.808001
12.239,6.73287,-0.804992
12.2607,6.64718,-0.803669
12.2722,6.5563,-0.801683
12.2919,6.47018,-0.800299
12.3172,6.38729,-0.799336
12.3304,6.29842,-0.797591
12.3287,6.20246,-0.794883
12.345,6.11606,-0.793438
12.3572,6.02795,-0.791753
12.3679,5.93948,-0.790008
12.3869,5.85538,-0.788865
12.4036,5.77042,-0.787601
12.4034,5.678,-0.785254
12.4025,5.5858,-0.782907
12.4146,5.4999,-0.781463
12.4344,5.41764,-0.78056
12.4161,5.31923,-0.777191
12.4227,5.2321,-0.775506
12.438,5.1489,-0.774422
12.4749,5.07474,-0.774783
12.4965,4.9944,-0.774182
12.5028,4.90815,-0.772617
12.5149,4.82452,-0.771474
12.5312,4.74269,-0.770631
12.5517,4.66258,-0.77009
12.5622,4.57898,-0.768946
12.5769,4.49711,-0.768104
12.6052,4.42019,-0.768164
12.6227,4.33951,-0.767562
12.6358,4.25752,-0.76672
12.6304,4.16958,-0.764734
12.6434,4.08801,-0.763951
12.6302,3.99831,-0.761544
12.6078,3.90626,-0.758596
12.5933,3.81725,-0.756189
12.5887,3.73168,-0.754443
12.5798,3.6452,-0.752458
12.5471,3.55244,-0.749027
12.5427,3.46821,-0.747403
12.5503,3.38754,-0.74656
12.5486,3.30462,-0.745176
12.5464,3.22185,-0.743792
12.5321,3.13633,-0.741686
12.5045,3.04803,-0.738797
12.4997,2.96572,-0.737353
12.5079,2.88672,-0.736751
12.5108,2.80664,-0.735849
12.5063,2.72515,-0.734525
12.5043,2.64444,-0.733381
12.489,2.56124,-0.731456
12.477,2.47912,-0.729771
12.4734,2.39893,-0.728627
12.4751,2.31998,-0.727845
12.4655,2.23916,-0.726401
12.4495,2.15752,-0.724595
12.4586,2.08043,-0.724355
12.4445,1.99967,-0.72273
12.3776,1.91109,-0.717916
12.3575,1.83043,-0.71599
12.3586,1.75317,-0.715388
12.3484,1.67449,-0.714125
12.3347,1.59562,-0.71268
12.3155,1.51637,-0.710935
12.3097,1.43903,-0.710032
12.3004,1.3615,-0.708949
12.2698,1.28195,-0.706602
12.2328,1.20225,-0.703894
12.2101,1.12443,-0.702089
12.1979,1.04786,-0.700946
12.1772,0.970856,-0.699321
12.167,0.894949,-0.698358
12.1514,0.818868,-0.697094
12.1233,0.742281,-0.695108
12.1057,0.666674,-0.693785
12.1026,0.592041,-0.693363
12.078,0.516577,-0.691678
12.0471,0.441216,-0.689632
12.0026,0.365861,-0.686804
11.9687,0.291334,-0.684638
11.9384,0.217309,-0.682712
11.9365,0.144017,-0.682531
11.9162,0.0706496,-0.681268
11.8815,-0.00245965,-0.679161
11.8523,-0.0751783,-0.677416
11.8366,-0.147714,-0.676514
11.8245,-0.220134,-0.675852
11.8,-0.292115,-0.674468
11.781,-0.363988,-0.673445
11.7586,-0.435529,-0.672241
11.7308,-0.506592,-0.670737
11.7155,-0.577971,-0.670014
11.6938,-0.648849,-0.668931
11.6617,-0.718868,-0.667246
11.6361,-0.78899,-0.665983
11.6141,-0.859121,-0.664959
11.6206,-0.931325,-0.665682
11.6355,-1.00441,-0.666945
11.6331,-1.07616,-0.667186
11.6015,-1.14506,-0.665682
11.5813,-1.21487,-0.664899
11.5191,-1.27985,-0.66159
11.4753,-1.34632,-0.659423
11.452,-1.41487,-0.658521
11.4332,-1.48382,-0.657919
11.3932,-1.54978,-0.656053
11.346,-1.61431,-0.653767
11.2924,-1.67744,-0.651119
11.2483,-1.7415,-0.649073
11.2197,-1.80763,-0.647989
11.1887,-1.87314,-0.646786
11.1377,-1.93493,-0.644379
11.1,-1.99863,-0.642814
11.0719,-2.06377,-0.641851
11.0394,-2.12789,-0.640648
11.0163,-2.19364,-0.640046
10.9988,-2.26039,-0.639805
10.972,-2.32514,-0.639023
10.9341,-2.38731,-0.637579
10.9134,-2.45304,-0.637218
10.8923,-2.51861,-0.636857
10.8621,-2.58193,-0.635954
10.8461,-2.64853,-0.635954
10.8267,-2.7143,-0.635773
10.7924,-2.77621,-0.63469
10.7607,-2.83856,-0.633788
10.7046,-2.89411,-0.63138
10.677,-2.95707,-0.630779
10.6615,-3.02335,-0.630959
10.6389,-3.08759,-0.630719
10.5901,-3.14401,-0.628853
10.5429,-3.20052,-0.627108
10.5117,-3.2616,-0.626386
10.4829,-3.32332,-0.625844
10.4509,-3.38389,-0.625122
10.4176,-3.44388,-0.62434
10.3802,-3.50231,-0.623317
10.3349,-3.55781,-0.621812
10.295,-3.61487,-0.620669
10.2576,-3.67259,-0.619706
10.2264,-3.73238,-0.619164
10.1949,-3.79193,-0.618623
10.1621,-3.85087,-0.618021
10.1262,-3.90848,-0.617239
10.0807,-3.96214,-0.615855
10.0552,-4.02355,-0.615794
10.0378,-4.08818,-0.616276
10.0152,-4.15084,-0.616456
9.98867,-4.21183,-0.616396
9.95805,-4.27107,-0.616095
9.92251,-4.3281,-0.615494
9.89211,-4.38728,-0.615253
9.86228,-4.44667,-0.615072
9.84025,-4.50959,-0.615433
9.80154,-4.56483,-0.614711
9.76432,-4.62062,-0.61411
9.72319,-4.67439,-0.613267
9.67908,-4.72651,-0.612244
9.64364,-4.78271,-0.611823
9.58558,-4.82742,-0.609897
9.51579,-4.86569,-0.607189
9.44854,-4.90468,-0.604662
9.375,-4.93976,-0.601713
9.31371,-4.98071,-0.599607
9.25665,-5.02348,-0.597801
9.20817,-5.07055,-0.596598
9.17688,-5.12696,-0.596598
9.13917,-5.17972,-0.596177
9.09078,-5.22625,-0.595033
9.03094,-5.26584,-0.593108
8.9787,-5.30947,-0.591724
8.93568,-5.3583,-0.591001
8.91031,-5.4177,-0.591543
8.8667,-5.46598,-0.590821
8.80507,-5.50282,-0.588835
8.75596,-5.54713,-0.587752
8.71504,-5.59644,-0.58727
8.66966,-5.64273,-0.586488
8.63237,-5.69417,-0.586308
8.59727,-5.74703,-0.586308
8.55193,-5.79295,-0.585585
8.50882,-5.84023,-0.585044
8.46873,-5.88948,-0.584743
8.42019,-5.93271,-0.58384
8.38363,-5.98426,-0.58384
8.35888,-6.04437,-0.584743
8.32083,-6.09495,-0.584683
8.29691,-6.156,-0.585706
8.26616,-6.21219,-0.586247
8.23821,-6.27066,-0.58703
8.17982,-6.30585,-0.585525
8.12996,-6.34732,-0.584683
8.09086,-6.39709,-0.584683
8.05145,-6.44661,-0.584683
8.00942,-6.49401,-0.584502
7.96248,-6.53733,-0.583961
7.91761,-6.58224,-0.5836
7.87937,-6.63262,-0.58378
7.82181,-6.6666,-0.582456
7.77773,-6.71186,-0.582215
7.7334,-6.75683,-0.581975
7.68955,-6.80217,-0.581794
7.64544,-6.84722,-0.581614
7.59884,-6.88998,-0.581253
7.55642,-6.93648,-0.581253
7.51591,-6.98475,-0.581433
7.46492,-7.02321,-0.580771
7.40578,-7.05374,-0.579447
7.35661,-7.0935,-0.578966
7.31224,-7.13781,-0.578906
7.26546,-7.17974,-0.578665
7.21915,-7.22207,-0.578484
7.18733,-7.27901,-0.579568
7.14323,-7.32369,-0.579628
7.08984,-7.35875,-0.578906
7.03905,-7.39633,-0.578424
6.99149,-7.4372,-0.578244
6.94776,-7.48216,-0.578424
6.90307,-7.52612,-0.578545
6.85542,-7.56685,-0.578424
6.81152,-7.61175,-0.578665
6.7713,-7.66088,-0.579267
6.71498,-7.69176,-0.578424
6.66961,-7.73508,-0.578605
6.62332,-7.77738,-0.578725
6.57033,-7.81176,-0.578244
6.51462,-7.84272,-0.577522
6.46384,-7.87945,-0.577281
6.4204,-7.92517,-0.577762
5.79675,-7.24575,-0.522279
5.74537,-7.27256,-0.521617
6.27098,-8.03886,-0.577522
6.22885,-8.08668,-0.578244
6.17911,-8.12474,-0.578244
6.13394,-8.16889,-0.578725
6.0837,-8.20637,-0.578725
6.0403,-8.25322,-0.579447
5.99481,-8.2974,-0.579989
5.94205,-8.33159,-0.579808
5.88679,-8.36218,-0.579387
5.83252,-8.39405,-0.579086
5.78655,-8.43791,-0.579688
5.73579,-8.47491,-0.579808
5.68202,-8.50745,-0.579628
5.62806,-8.53966,-0.579447
5.57229,-8.56901,-0.579086
5.52123,-8.60556,-0.579267
5.47526,-8.65024,-0.580049
5.42631,-8.69045,-0.580531
5.37602,-8.72868,-0.580892
5.32392,-8.76406,-0.581072
5.27158,-8.79913,-0.581253
5.22054,-8.83647,-0.581614
5.16622,-8.86833,-0.581614
5.11022,-8.89727,-0.581433
5.0575,-8.93193,-0.581674
5.00649,-8.96977,-0.582155
4.95713,-9.01081,-0.582877
4.90317,-9.04369,-0.583058
4.84759,-9.07361,-0.583058
4.79508,-9.10936,-0.583479
4.73863,-9.13773,-0.583419
4.68384,-9.1693,-0.5836
4.63422,-9.21124,-0.584502
4.58071,-9.24576,-0.584923
4.52215,-9.27011,-0.584683
4.46907,-9.30578,-0.585224
4.41487,-9.33934,-0.585646
4.3558,-9.36264,-0.585405
4.3045,-9.4028,-0.586308
4.25656,-9.45088,-0.587752
4.19971,-9.47956,-0.587932
4.13747,-9.496,-0.587331
4.08542,-9.53589,-0.588293
4.02644,-9.55986,-0.588233
3.9742,-9.60006,-0.589256
3.9171,-9.62889,-0.589557
3.85572,-9.64718,-0.589196
3.79792,-9.67437,-0.589437
3.74495,-9.71426,-0.59052
3.69057,-9.75106,-0.591423
3.63275,-9.77913,-0.591784
3.57678,-9.81249,-0.592506
3.52457,-9.85681,-0.59395
3.46997,-9.89521,-0.595033
3.41243,-9.92576,-0.595635
3.35434,-9.95502,-0.596177
3.28943,-9.96404,-0.595455
3.24697,-10.042,-0.599125
0,0,0
0,0,0
0,0,0
0,0,0
0,0,0
0,0,0
0,0,0
0,0,0
0,0,0
0,0,0
0,0,0
0,0,0
0,0,0
0,0,0
0,0,0
0,0,0
0,0,0
0,0,0
0,0,0
0,0,0
0,0,0
0,0,0
0,0,0
0,0,0
0,0,0
0,0,0
0,0,0
0,0,0
0,0,0
0,0,0
0,0,0
0,0,0
0,0,0
0,0,0
0,0,0
0,0,0
0,0,0
0,0,0
0,0,0
0,0,0
0,0,0
0,0,0
0,0,0
0,0,0
0,0,0
0,0,0
0,0,0
0,0,0
0,0,0
0,0,0
0,0,0
0,0,0
0,0,0
0,0,0
0,0,0
0,0,0
0,0,0
0,0,0
0,0,0
0,0,0
0,0,0
0,0,0
0,0,0
0,0,0
0,0,0
0,0,0
0,0,0
0,0,0
0,0,0
0,0,0
0,0,0
0,0,0
0,0,0
0,0,0
0,0,0
0,0,0
0,0,0
0,0,0
0,0,0
0,0,0
0,0,0
0,0,0
0,0,0
0,0,0
0,0,0
0,0,0
0,0,0
0,0,0
0,0,0
0,0,0
0,0,0
0,0,0
0,0,0
0,0,0
0,0,0
0,0,0
0,0,0
0,0,0
0,0,0
0,0,0
0,0,0
0,0,0
0,0,0
0,0,0
0,0,0
0,0,0
0,0,0
0,0,0
0,0,0
0,0,0
0,0,0
0,0,0
0,0,0
0,0,0
0,0,0
0,0,0
0,0,0
0,0,0
0,0,0
0,0,0
0,0,0
0,0,0
0,0,0
0,0,0
0,0,0
0,0,0
0,0,0
0,0,0
0,0,0
0,0,0
0,0,0
0,0,0
0,0,0
0,0,0
0,0,0
0,0,0
0,0,0
0,0,0
0,0,0
0,0,0
0,0,0
0,0,0
0,0,0
0,0,0
0,0,0
0,0,0
0,0,0
0,0,0
0,0,0
0,0,0
0,0,0
0,0,0
0,0,0
0,0,0
0,0,0
0,0,0
0,0,0
0,0,0
0,0,0
0,0,0
0,0,0
0,0,0
0,0,0
0,0,0
0,0,0
0,0,0
0,0,0
0,0,0
0,0,0
0,0,0
0,0,0
0,0,0
0,0,0
0,0,0
0,0,0
0,0,0
0,0,0
0,0,0
0,0,0
0,0,0
0,0,0
0,0,0
0,0,0
0,0,0
0,0,0
0,0,0
0,0,0
0,0,0
0,0,0
0,0,0
0,0,0
0,0,0
0,0,0
0,0,0
0,0,0
0,0,0
0,0,0
0,0,0
0,0,0
0,0,0
0,0,0
0,0,0
0,0,0
0,0,0
0,0,0
0,0,0
0,0,0
0,0,0
0,0,0
0,0,0
0,0,0
0,0,0
0,0,0
0,0,0
0,0,0
0,0,0
0,0,0
0,0,0
0,0,0
0,0,0
0,0,0
0,0,0
0,0,0
0,0,0
0,0,0
0,0,0
0,0,0
0,0,0
0,0,0
0,0,0
0,0,0
0,0,0
0,0,0
0,0,0
0,0,0
0,0,0
0,0,0
0,0,0
0,0,0
0,0,0
0,0,0
0,0,0
0,0,0
0,0,0
0,0,0
0,0,0
0,0,0
0,0,0
0,0,0
0,0,0
0,0,0
0,0,0
0,0,0
0,0,0
0,0,0
0,0,0
0,0,0
0,0,0
0,0,0
0,0,0
0,0,0
0,0,0
0,0,0
0,0,0
0,0,0
0,0,0
0,0,0
0,0,0
0,0,0
0,0,0
0,0,0
0,0,0
0,0,0
0,0,0
0,0,0
0,0,0
0,0,0
0,0,0
0,0,0
0,0,0
0,0,0
0,0,0
0,0,0
0,0,0
0,0,0
0,0,0
0,0,0
0,0,0
0,0,0
0,0,0
0,0,0
0,0,0
0,0,0
0,0,0
0,0,0
0,0,0
0,0,0
0,0,0
0,0,0
0,0,0
0,0,0
0,0,0
0,0,0
0,0,0
0,0,0
0,0,0
0,0,0
0,0,0
0,0,0
0,0,0
0,0,0
0,0,0
0,0,0
0,0,0
0,0,0
0,0,0
0,0,0
0,0,0
0,0,0
0,0,0
0,0,0
0,0,0
0,0,0
0,0,0
0,0,0
0,0,0
0,0,0
0,0,0
0,0,0
0,0,0
0,0,0
0,0,0
0,0,0
0,0,0
0,0,0
0,0,0
0,0,0
0,0,0
0,0,0
0,0,0
0,0,0
0,0,0
0,0,0
0,0,0
0,0,0
0,0,0
0,0,0
0,0,0
0,0,0
0,0,0
0,0,0
0,0,0
0,0,0
0,0,0
0,0,0
0,0,0
0,0,0
0,0,0
0,0,0
0,0,0
0,0,0
0,0,0
0,0,0
0,0,0
0,0,0
0,0,0
0,0,0
0,0,0
0,0,0
0,0,0
0,0,0
0,0,0
0,0,0
0,0,0
0,0,0
0,0,0
0,0,0
0,0,0
0,0,0
0,0,0
0,0,0
0,0,0
0,0,0
0,0,0
0,0,0
0,0,0
0,0,0
0,0,0
0,0,0
0,0,0
0,0,0
0,0,0
0,0,0
0,0,0
0,0,0
0,0,0
0,0,0
0,0,0
0,0,0
0,0,0
0,0,0
0,0,0
0,0,0
0,0,0
0,0,0
0,0,0
0,0,0
0,0,0
0,0,0
0,0,0
0,0,0
0,0,0
0,0,0
0,0,0
0,0,0
0,0,0
0,0,0
0,0,0
0,0,0
0,0,0
0,0,0
0,0,0
0,0,0
0,0,0
0,0,0
0,0,0
0,0,0
0,0,0
0,0,0
0,0,0
0,0,0
0,0,0
0,0,0
0,0,0
0,0,0
0,0,0
0,0,0
0,0,0
0,0,0
0,0,0
0,0,0
0,0,0
0,0,0
0,0,0
0,0,0
0,0,0
0,0,0
0,0,0
0,0,0
0,0,0
0,0,0
0,0,0
0,0,0
0,0,0
0,0,0
0,0,0
0,0,0
0,0,0
0,0,0
0,0,0
0,0,0
0,0,0
0,0,0
0,0,0
0,0,0
0,0,0
0,0,0
0,0,0
0,0,0
0,0,0
0,0,0
0,0,0
0,0,0
0,0,0
0,0,0
0,0,0
0,0,0
0,0,0
0,0,0
0,0,0
0,0,0
0,0,0
0,0,0
0,0,0
0,0,0
0,0,0
0,0,0
0,0,0
0,0,0
0,0,0
0,0,0
0,0,0
0,0,0
0,0,0
0,0,0
0,0,0
0,0,0
0,0,0
0,0,0
0,0,0
0,0,0
0,0,0
0,0,0
0,0,0
0,0,0
0,0,0
0,0,0
0,0,0
0,0,0
0,0,0
0,0,0
0,0,0
0,0,0
0,0,0
0,0,0
0,0,0
0,0,0
0,0,0
0,0,0
0,0,0
0,0,0
0,0,0
0,0,0
0,0,0
0,0,0
0,0,0
0,0,0
0,0,0
0,0,0
0,0,0
0,0,0
0,0,0
0,0,0
0,0,0
0,0,0
0,0,0
0,0,0
0,0,0
0,0,0
0,0,0
0,0,0
0,0,0
0,0,0
0,0,0
0,0,0
0,0,0
0,0,0
0,0,0
0,0,0
0,0,0
0,0,0
0,0,0
0,0,0
0,0,0
0,0,0
0,0,0
0,0,0
0,0,0
0,0,0
0,0,0
0,0,0
0,0,0
0,0,0
0,0,0
0,0,0
0,0,0
0,0,0
0,0,0
0,0,0
0,0,0
0,0,0
0,0,0
0,0,0
0,0,0
0,0,0
0,0,0
0,0,0
0,0,0
0,0,0
0,0,0
0,0,0
0,0,0
0,0,0
0,0,0
0,0,0
0,0,0
0,0,0
0,0,0
0,0,0
0,0,0
0,0,0
0,0,0
0,0,0
0,0,0
0,0,0
0,0,0
0,0,0
0,0,0
0,0,0
0,0,0
0,0,0
0,0,0
0,0,0
0,0,0
0,0,0
0,0,0
0,0,0
0,0,0
0,0,0
0,0,0
2.19233,10.9968,-0.780217
2.26378,11.0027,-0.781671
2.33228,10.9935,-0.782034
2.41012,11.0267,-0.785598
2.47971,11.0205,-0.786252
2.57471,11.1236,-0.795123
2.65237,11.1474,-0.798105
2.73753,11.1997,-0.803268
2.8341,11.2939,-0.81163
2.93492,11.399,-0.820865
3.01957,11.4367,-0.825082
3.09229,11.4276,-0.825809
3.18312,11.4834,-0.831481
3.26604,11.5078,-0.834826
3.31379,11.409,-0.828864
0,0,0
3.48832,11.4819,-0.83759
3.6072,11.6165,-0.849515
3.68836,11.6256,-0.851915
3.80173,11.7327,-0.861877
3.88023,11.729,-0.863404
3.98561,11.8042,-0.871039
4.06414,11.7975,-0.87242
4.15099,11.8137,-0.87562
4.27217,11.9242,-0.886164
4.36064,11.9399,-0.889436
4.44356,11.9391,-0.891472
4.45734,11.7549,-0.879256
4.50747,11.6706,-0.87482
4.54798,11.5638,-0.868639
4.58993,11.4635,-0.862967
4.63874,11.3824,-0.858823
4.69779,11.328,-0.856786
4.75171,11.2622,-0.853878
4.79673,11.1769,-0.849442
4.85685,11.1281,-0.847915
4.91654,11.0789,-0.846388
4.96967,11.0158,-0.84377
5.01971,10.947,-0.840716
5.07289,10.8862,-0.838317
5.12167,10.817,-0.835263
5.16935,10.7467,-0.832136
5.2225,10.6888,-0.830027
5.27381,10.628,-0.8277
5.31648,10.5509,-0.824064
5.37249,10.5012,-0.822683
5.42671,10.4485,-0.821083
5.47724,10.3895,-0.818974
5.5343,10.3433,-0.817956
5.59766,10.3092,-0.817956
5.64493,10.2458,-0.815557
5.64055,10.0908,-0.805522
5.71564,10.0795,-0.807485
5.74456,9.98715,-0.802686
5.78362,9.9138,-0.799486
5.88598,9.94852,-0.805449
5.95204,9.92077,-0.806176
6.03146,9.91474,-0.808794
6.17803,10.0168,-0.820719
6.31075,10.0928,-0.830536
6.47506,10.2157,-0.844498
6.63357,10.3251,-0.857441
6.77515,10.4046,-0.867912
6.97179,10.5643,-0.885509
7.12019,10.6465,-0.896489
7.30343,10.7768,-0.911833
7.47836,10.8905,-0.925867
7.6544,11.0016,-0.939828
7.72463,10.9585,-0.940192
7.78999,10.9085,-0.939974
7.86437,10.871,-0.940919
7.93505,10.8281,-0.941428
7.96984,10.7368,-0.937574
8.02119,10.6686,-0.935829
8.08106,10.612,-0.935174
8.13567,10.5488,-0.933938
8.18367,10.4774,-0.931975
8.24595,10.4247,-0.931757
8.28419,10.342,-0.928775
8.32802,10.2669,-0.926521
8.38453,10.2079,-0.925794
8.43617,10.1433,-0.924558
8.47384,10.0623,-0.921795
8.51859,9.9904,-0.919904
8.57322,9.9304,-0.919177
8.62414,9.86634,-0.918086
8.67394,9.80129,-0.916923
8.72194,9.73451,-0.915614
8.75203,9.6483,-0.912414
8.80027,9.58266,-0.911251
8.85415,9.52337,-0.910742
8.91037,9.46669,-0.910524
8.9676,9.41111,-0.910451
8.98155,9.31069,-0.90587
9.01204,9.22828,-0.903107
9.04465,9.1487,-0.900634
9.07875,9.07117,-0.89838
9.12501,9.00619,-0.897435
9.18296,8.95281,-0.897726
9.2291,8.888,-0.896853
9.26034,8.8092,-0.894526
9.29314,8.73241,-0.892417
9.33558,8.66504,-0.891327
9.38049,8.60018,-0.890527
9.42199,8.53242,-0.889436
9.45782,8.45982,-0.887836
9.48787,8.38247,-0.885727
9.52109,8.30836,-0.883982
9.54017,8.22243,-0.880928
9.56462,8.14176,-0.878456
9.59837,8.06944,-0.876929
9.63312,7.99828,-0.875547
9.66813,7.92764,-0.874238
9.70032,7.85499,-0.872711
9.72808,7.77912,-0.870821
9.75841,7.70569,-0.869221
9.7945,7.63708,-0.868203
9.81668,7.55797,-0.865949
9.84302,7.48251,-0.864131
9.87918,7.41478,-0.863258
9.90766,7.34156,-0.861731
9.92596,7.26119,-0.859332
9.96143,7.19373,-0.858532
9.9932,7.12378,-0.857441
9.99024,7.02961,-0.853296
10.034,6.96875,-0.853369
10.0585,6.89465,-0.851769
10.0907,6.82609,-0.850896
10.0843,6.73193,-0.846679
10.0871,6.64468,-0.843334
10.1076,6.56962,-0.841589
10.1452,6.50586,-0.841371
10.174,6.43655,-0.840425
10.1972,6.36397,-0.839044
10.214,6.28769,-0.837153
10.2234,6.20729,-0.834681
10.2536,6.13984,-0.834026
10.2782,6.0692,-0.832936
10.2833,5.98745,-0.830245
10.2982,5.91182,-0.828427
10.3308,5.84656,-0.828136
10.3535,5.77577,-0.827046
10.3756,5.70492,-0.825955
10.3859,5.62784,-0.823919
10.3991,5.55273,-0.822174
10.4303,5.48743,-0.821956
10.4585,5.42057,-0.821519
10.4711,5.34587,-0.819847
10.485,5.27211,-0.81832
10.5002,5.19926,-0.816938
10.5283,5.13299,-0.816647
10.5515,5.0644,-0.815993
10.5508,4.98465,-0.813448
10.564,4.91183,-0.812066
10.5722,4.83696,-0.810321
10.5844,4.76422,-0.808939
10.6006,4.69353,-0.807921
10.6228,4.62561,-0.807412
10.6309,4.5517,-0.805813
10.6393,4.47826,-0.804286
10.6573,4.40908,-0.803558
10.6722,4.33872,-0.802613
10.6801,4.26575,-0.801159
10.6931,4.19504,-0.800141
10.6851,4.11644,-0.797523
10.685,4.04127,-0.79556
10.6899,3.96834,-0.794033
10.7225,3.90575,-0.794687
10.7341,3.83552,-0.793742
10.7452,3.76529,-0.792796
10.7643,3.698,-0.792506
10.7924,3.63379,-0.792942
10.8003,3.56281,-0.791851
10.8106,3.49279,-0.790979
10.829,3.42549,-0.79076
10.8498,3.35898,-0.79076
10.8702,3.29235,-0.79076
10.8845,3.22389,-0.790324
10.8897,3.15288,-0.789233
10.8983,3.08301,-0.788433
10.9131,3.01502,-0.788143
10.9314,2.948,-0.788143
10.9242,2.87427,-0.786252
10.9185,2.80124,-0.784507
10.9229,2.73104,-0.783561
10.9229,2.65996,-0.782325
10.9051,2.58483,-0.77978
10.9003,2.51316,-0.778253
10.8903,2.44056,-0.776363
10.8885,2.37008,-0.775126
10.8765,2.29766,-0.773163
10.863,2.22527,-0.771127
10.8598,2.15528,-0.769891
10.8532,2.08484,-0.768437
10.8315,2.01182,-0.765891
10.8211,1.94127,-0.764219
10.821,1.8728,-0.763346
10.8096,1.80259,-0.761674
10.7831,1.73022,-0.758911
10.7708,1.66053,-0.757238
10.7749,1.59353,-0.756802
10.7736,1.52585,-0.756002
10.7561,1.4561,-0.754039
10.75,1.38815,-0.752948
10.7395,1.31985,-0.751566
10.7266,1.2515,-0.750039
10.7172,1.1838,-0.748803
10.7054,1.11605,-0.747422
10.6972,1.04888,-0.746331
10.6915,0.982129,-0.745458
10.6844,0.915401,-0.744513
10.6699,0.848242,-0.743059
10.6391,0.780127,-0.740441
10.6308,0.713962,-0.739496
10.6091,0.647138,-0.737605
10.583,0.580388,-0.735424
10.5724,0.514761,-0.734405
10.5714,0.44971,-0.734115
10.5679,0.384619,-0.733678
10.5551,0.319314,-0.732588
10.5449,0.254253,-0.731715
10.5353,0.189347,-0.730915
10.5104,0.12439,-0.729025
10.489,0.0597702,-0.727425
10.4792,-0.00458691,-0.726698
10.481,-0.0688988,-0.726843
10.4684,-0.133057,-0.72597
10.4235,-0.196465,-0.722771
10.4061,-0.260021,-0.721607
10.4053,-0.323898,-0.72168
10.4002,-0.387627,-0.721462
10.3826,-0.450786,-0.720371
10.3637,-0.513696,-0.719208
10.3504,-0.576724,-0.718481
10.3467,-0.640222,-0.718481
10.3346,-0.703155,-0.717899
10.3192,-0.765743,-0.717099
10.2934,-0.82737,-0.715572
10.2613,-0.888195,-0.713609
10.2328,-0.949024,-0.711936
10.202,-1.00934,-0.710118
10.1708,-1.06932,-0.7083
10.1303,-1.12795,-0.705828
10.0995,-1.1873,-0.704083
10.086,-1.24851,-0.703647
10.0723,-1.3096,-0.70321
10.0522,-1.36977,-0.702338
10.0317,-1.42973,-0.701465
10.008,-1.48906,-0.700374
9.98781,-1.54876,-0.699575
9.97713,-1.60986,-0.699502
9.96608,-1.67088,-0.699429
9.93894,-1.72909,-0.698193
9.90753,-1.78633,-0.696666
9.88756,-1.84544,-0.696011
9.86527,-1.904,-0.695212
9.83873,-1.96157,-0.694121
9.80404,-2.01729,-0.692448
9.7788,-2.07471,-0.691503
9.74932,-2.13106,-0.690267
9.72828,-2.18909,-0.689685
9.70397,-2.24627,-0.688885
9.66478,-2.29977,-0.686995
9.63983,-2.35642,-0.686195
9.61648,-2.41334,-0.68554
9.58314,-2.46758,-0.684159
9.55721,-2.52353,-0.683359
9.52999,-2.579,-0.682486
9.49957,-2.63343,-0.681396
9.47268,-2.68868,-0.680596
9.4426,-2.74286,-0.679578
9.41316,-2.79705,-0.678632
9.3796,-2.84983,-0.677396
9.35241,-2.90437,-0.676669
9.3154,-2.95567,-0.675215
9.28191,-3.00786,-0.674051
9.25097,-3.06068,-0.673106
9.21878,-3.11292,-0.672088
9.19102,-3.16651,-0.671433
9.17518,-3.22417,-0.671724
9.13739,-3.27401,-0.670343
9.1087,-3.32694,-0.669688
9.08437,-3.38137,-0.669397
9.05692,-3.43458,-0.668888
9.02824,-3.48721,-0.668307
8.98718,-3.53488,-0.66678
8.93291,-3.57698,-0.664235
8.87847,-3.61856,-0.66169
8.84136,-3.66685,-0.660526
8.80031,-3.71328,-0.659072
8.75445,-3.75738,-0.657254
8.70472,-3.79946,-0.655145
8.66392,-3.84511,-0.653763
8.62471,-3.89123,-0.652527
8.58979,-3.93909,-0.651655
8.55551,-3.98709,-0.650855
8.5354,-4.04164,-0.651218
8.47898,-4.07881,-0.648673
8.43587,-4.122,-0.647219
8.40416,-4.17058,-0.64671
8.37307,-4.21938,-0.646274
8.3417,-4.26795,-0.645837
8.30738,-4.31492,-0.645183
8.26575,-4.35791,-0.643947
8.22215,-4.3996,-0.642565
8.18799,-4.44616,-0.641983
8.15181,-4.49151,-0.641256
8.11888,-4.53852,-0.64082
8.08654,-4.5858,-0.640456
8.0496,-4.63035,-0.639729
8.02104,-4.67966,-0.639729
7.98187,-4.72269,-0.638857
7.94077,-4.7644,-0.637839
7.8952,-4.80319,-0.636457
6.14904,-3.79307,-0.489425
7.85342,-4.91081,-0.637984
7.82314,-4.95891,-0.637984
7.79592,-5.00897,-0.638275
7.76086,-5.05399,-0.637911
7.72554,-5.09877,-0.637548
7.68748,-5.14164,-0.636966
7.66982,-5.19823,-0.638202
7.64436,-5.24971,-0.638784
7.61774,-5.3005,-0.639293
7.58507,-5.34714,-0.639293
7.5367,-5.38257,-0.637911
7.50676,-5.43105,-0.638202
7.46364,-5.46993,-0.63733
7.42994,-5.51563,-0.63733
7.39197,-5.55812,-0.636966
7.36249,-5.60699,-0.637402
7.32004,-5.64597,-0.636675
7.27347,-5.68157,-0.635584
7.22909,-5.71867,-0.634712
7.18296,-5.75419,-0.633694
7.14132,-5.79313,-0.633112
7.11258,-5.84254,-0.633767
7.072,-5.88224,-0.63333
7.02814,-5.9191,-0.632603
6.98182,-5.9537,-0.631658
6.94139,-5.99317,-0.631294
6.90223,-6.03368,-0.631076
6.86433,-6.07526,-0.631003
6.83361,-6.12325,-0.631658
6.7804,-6.151,-0.630131
6.74032,-6.19046,-0.629913
6.70294,-6.23238,-0.629985
6.66022,-6.26929,-0.629549
6.61729,-6.30591,-0.629113
6.57847,-6.3464,-0.629113
6.53727,-6.38455,-0.628895
6.49584,-6.42244,-0.628676
6.45631,-6.46218,-0.628676
6.41584,-6.50096,-0.628604
6.37235,-6.53663,-0.62824
6.3252,-6.56843,-0.627513
6.28547,-6.60784,-0.627586
6.24685,-6.64846,-0.627804
6.20594,-6.68667,-0.627804
6.16479,-6.72462,-0.627804
6.12543,-6.76454,-0.628022
6.0858,-6.80422,-0.62824
6.04195,-6.8392,-0.628022
5.99988,-6.87614,-0.628022
5.95952,-6.91509,-0.62824
5.9131,-6.94697,-0.627804
5.86523,-6.97702,-0.627222
5.81403,-7.0029,-0.626277
5.78107,-7.05078,-0.62744
5.7333,-7.08069,-0.626931
5.68788,-7.1134,-0.626713
5.64969,-7.15521,-0.627368
5.60384,-7.18738,-0.627149
5.56267,-7.22558,-0.627513
5.49892,-7.23417,-0.625186
5.47059,-7.28932,-0.627149
5.42755,-7.32515,-0.627368
5.38014,-7.35509,-0.627077
5.33199,-7.38393,-0.626713
5.286,-7.41569,-0.62664
5.24327,-7.45206,-0.627004
5.19574,-7.48164,-0.626786
5.15087,-7.51502,-0.626931
5.10074,-7.5407,-0.626422
5.05161,-7.56771,-0.626059
5.00782,-7.60273,-0.626422
4.96652,-7.64168,-0.627149
4.9163,-7.66697,-0.626713
4.86543,-7.69109,-0.626204
4.82343,-7.72926,-0.626931
4.77539,-7.75786,-0.626859
4.72045,-7.77508,-0.62584
4.66907,-7.79791,-0.625332
4.62925,-7.84015,-0.626495
4.58708,-7.87875,-0.627368
4.53815,-7.90588,-0.627295
4.49152,-7.93705,-0.627586
4.4476,-7.97317,-0.628313
4.40436,-8.0108,-0.629185
4.35085,-8.02978,-0.628531
4.30243,-8.05809,-0.628676
4.2557,-8.08963,-0.629113
4.20323,-8.11028,-0.628676
4.15157,-8.13236,-0.628386
4.10473,-8.16392,-0.628895
4.05544,-8.19074,-0.62904
4.00817,-8.22174,-0.629549
3.96239,-8.25607,-0.630349
3.91337,-8.28384,-0.63064
3.86036,-8.30317,-0.630276
3.81142,-8.33124,-0.63064
3.76145,-8.35719,-0.630858
3.71253,-8.38559,-0.631294
3.66339,-8.4137,-0.63173
3.61052,-8.43327,-0.631512
3.56064,-8.45986,-0.631876
3.51668,-8.5009,-0.633403
3.46745,-8.52971,-0.633985
3.41246,-8.54434,-0.633476
3.34722,-8.53262,-0.630931
3.30305,-8.5744,-0.632603
3.25532,-8.60757,-0.633621
3.20556,-8.6358,-0.634276
3.15764,-8.66936,-0.635366
3.1205,-8.73365,-0.638857
3.08335,-8.79969,-0.642492
3.0549,-8.89296,-0.648237
0,0,0
0,0,0
0,0,0
0,0,0
0,0,0
0,0,0
0,0,0
0,0,0
0,0,0
0,0,0
0,0,0
0,0,0
0,0,0
0,0,0
0,0,0
0,0,0
0,0,0
0,0,0
0,0,0
0,0,0
0,0,0
0,0,0
0,0,0
0,0,0
0,0,0
0,0,0
0,0,0
0,0,0
0,0,0
0,0,0
0,0,0
0,0,0
0,0,0
0,0,0
0,0,0
0,0,0
0,0,0
0,0,0
0,0,0
0,0,0
0,0,0
0,0,0
0,0,0
0,0,0
0,0,0
0,0,0
0,0,0
0,0,0
0,0,0
0,0,0
0,0,0
0,0,0
0,0,0
0,0,0
0,0,0
0,0,0
0,0,0
0,0,0
0,0,0
0,0,0
0,0,0
0,0,0
0,0,0
0,0,0
0,0,0
0,0,0
0,0,0
0,0,0
0,0,0
0,0,0
0,0,0
0,0,0
0,0,0
0,0,0
0,0,0
0,0,0
0,0,0
0,0,0
0,0,0
0,0,0
0,0,0
0,0,0
0,0,0
0,0,0
0,0,0
0,0,0
0,0,0
0,0,0
0,0,0
0,0,0
0,0,0
0,0,0
0,0,0
0,0,0
0,0,0
0,0,0
0,0,0
0,0,0
0,0,0
0,0,0
0,0,0
0,0,0
0,0,0
0,0,0
0,0,0
0,0,0
0,0,0
0,0,0
0,0,0
0,0,0
0,0,0
0,0,0
0,0,0
0,0,0
0,0,0
0,0,0
0,0,0
0,0,0
0,0,0
0,0,0
0,0,0
0,0,0
0,0,0
0,0,0
0,0,0
0,0,0
0,0,0
0,0,0
0,0,0
0,0,0
0,0,0
0,0,0
0,0,0
0,0,0
0,0,0
0,0,0
0,0,0
0,0,0
0,0,0
0,0,0
0,0,0
0,0,0
0,0,0
0,0,0
0,0,0
0,0,0
0,0,0
0,0,0
0,0,0
0,0,0
0,0,0
0,0,0
0,0,0
0,0,0
0,0,0
0,0,0
0,0,0
0,0,0
0,0,0
0,0,0
0,0,0
0,0,0
0,0,0
0,0,0
0,0,0
0,0,0
0,0,0
0,0,0
0,0,0
0,0,0
0,0,0
0,0,0
0,0,0
0,0,0
0,0,0
0,0,0
0,0,0
0,0,0
0,0,0
0,0,0
0,0,0
0,0,0
0,0,0
0,0,0
0,0,0
0,0,0
0,0,0
0,0,0
0,0,0
0,0,0
0,0,0
0,0,0
0,0,0
0,0,0
0,0,0
0,0,0
0,0,0
0,0,0
0,0,0
0,0,0
0,0,0
0,0,0
0,0,0
0,0,0
0,0,0
0,0,0
0,0,0
0,0,0
0,0,0
0,0,0
0,0,0
0,0,0
0,0,0
0,0,0
0,0,0
0,0,0
0,0,0
0,0,0
0,0,0
0,0,0
0,0,0
0,0,0
0,0,0
0,0,0
0,0,0
0,0,0
0,0,0
0,0,0
0,0,0
0,0,0
0,0,0
0,0,0
0,0,0
0,0,0
0,0,0
0,0,0
0,0,0
0,0,0
0,0,0
0,0,0
0,0,0
0,0,0
0,0,0
0,0,0
0,0,0
0,0,0
0,0,0
0,0,0
0,0,0
0,0,0
0,0,0
0,0,0
0,0,0
0,0,0
0,0,0
0,0,0
0,0,0
0,0,0
0,0,0
0,0,0
0,0,0
0,0,0
0,0,0
0,0,0
0,0,0
0,0,0
0,0,0
0,0,0
0,0,0
0,0,0
0,0,0
0,0,0
0,0,0
0,0,0
0,0,0
0,0,0
0,0,0
0,0,0
0,0,0
0,0,0
0,0,0
0,0,0
0,0,0
0,0,0
0,0,0
0,0,0
0,0,0
0,0,0
0,0,0
0,0,0
0,0,0
0,0,0
0,0,0
0,0,0
0,0,0
0,0,0
0,0,0
0,0,0
0,0,0
0,0,0
0,0,0
0,0,0
0,0,0
0,0,0
0,0,0
0,0,0
0,0,0
0,0,0
0,0,0
0,0,0
0,0,0
0,0,0
0,0,0
0,0,0
0,0,0
0,0,0
0,0,0
0,0,0
0,0,0
0,0,0
0,0,0
0,0,0
0,0,0
0,0,0
0,0,0
0,0,0
0,0,0
0,0,0
0,0,0
0,0,0
0,0,0
0,0,0
0,0,0
0,0,0
0,0,0
0,0,0
0,0,0
0,0,0
0,0,0
0,0,0
0,0,0
0,0,0
0,0,0
0,0,0
0,0,0
0,0,0
0,0,0
0,0,0
0,0,0
0,0,0
0,0,0
0,0,0
0,0,0
0,0,0
0,0,0
0,0,0
0,0,0
0,0,0
0,0,0
0,0,0
0,0,0
0,0,0
0,0,0
0,0,0
0,0,0
0,0,0
0,0,0
0,0,0
0,0,0
0,0,0
0,0,0
0,0,0
0,0,0
0,0,0
0,0,0
0,0,0
0,0,0
0,0,0
0,0,0
0,0,0
0,0,0
0,0,0
0,0,0
0,0,0
0,0,0
0,0,0
0,0,0
0,0,0
0,0,0
0,0,0
0,0,0
0,0,0
0,0,0
0,0,0
0,0,0
0,0,0
0,0,0
0,0,0
0,0,0
0,0,0
0,0,0
0,0,0
0,0,0
0,0,0
0,0,0
0,0,0
0,0,0
0,0,0
0,0,0
0,0,0
0,0,0
0,0,0
0,0,0
0,0,0
0,0,0
0,0,0
0,0,0
0,0,0
0,0,0
0,0,0
0,0,0
0,0,0
0,0,0
0,0,0
0,0,0
0,0,0
0,0,0
0,0,0
0,0,0
0,0,0
0,0,0
0,0,0
0,0,0
0,0,0
0,0,0
0,0,0
0,0,0
0,0,0
0,0,0
0,0,0
0,0,0
0,0,0
0,0,0
0,0,0
0,0,0
0,0,0
0,0,0
0,0,0
0,0,0
0,0,0
0,0,0
0,0,0
0,0,0
0,0,0
0,0,0
0,0,0
0,0,0
0,0,0
0,0,0
0,0,0
0,0,0
0,0,0
0,0,0
0,0,0
0,0,0
0,0,0
0,0,0
0,0,0
0,0,0
0,0,0
0,0,0
0,0,0
0,0,0
0,0,0
0,0,0
0,0,0
0,0,0
0,0,0
0,0,0
0,0,0
0,0,0
0,0,0
0,0,0
0,0,0
0,0,0
0,0,0
0,0,0
0,0,0
0,0,0
0,0,0
0,0,0
0,0,0
0,0,0
0,0,0
0,0,0
0,0,0
0,0,0
0,0,0
0,0,0
0,0,0
0,0,0
0,0,0
0,0,0
0,0,0
0,0,0
0,0,0
0,0,0
0,0,0
0,0,0
0,0,0
0,0,0
0,0,0
0,0,0
0,0,0
0,0,0
0,0,0
0,0,0
0,0,0
0,0,0
0,0,0
0,0,0
0,0,0
0,0,0
0,0,0
0,0,0
0,0,0
0,0,0
0,0,0
0,0,0
0,0,0
0,0,0
0,0,0
0,0,0
0,0,0
0,0,0
0,0,0
0,0,0
0,0,0
0,0,0
0,0,0
0,0,0
0,0,0
0,0,0
0,0,0
0,0,0
0,0,0
0,0,0
0,0,0
0,0,0
0,0,0
0,0,0
0,0,0
0,0,0
0,0,0
0,0,0
0,0,0
0,0,0
0,0,0
0,0,0
0,0,0
0,0,0
0,0,0
0,0,0
0,0,0
0,0,0
0,0,0
0,0,0
0,0,0
0,0,0
0,0,0
0,0,0
0,0,0
0,0,0
0,0,0
0,0,0
0,0,0
0,0,0
0,0,0
0,0,0
0,0,0
0,0,0
0,0,0
0,0,0
0,0,0
0,0,0
0,0,0
0,0,0
0,0,0
0,0,0
0,0,0
0,0,0
0,0,0
2.71574,10.038,-0.843008
0,0,0
2.82429,9.95307,-0.838537
2.88559,9.93651,-0.838621
2.95587,9.95014,-0.841405
3.00528,9.89368,-0.83803
0,0,0
0,0,0
0,0,0
0,0,0
3.24328,9.60708,-0.821071
3.30866,9.60584,-0.822759
3.3715,9.59664,-0.823771
3.4152,9.53356,-0.819974
3.47056,9.504,-0.819215
3.51386,9.44237,-0.815587
3.56679,9.40759,-0.814406
3.62014,9.37437,-0.813393
3.67431,9.34364,-0.812634
3.72935,9.31536,-0.812128
3.78455,9.28769,-0.811706
3.83918,9.25877,-0.811199
3.89592,9.23504,-0.811199
3.95526,9.21737,-0.81179
4.01294,9.19567,-0.812043
4.06888,9.16996,-0.811959
4.1222,9.13847,-0.811368
4.17612,9.10847,-0.810946
4.23698,9.09352,-0.811959
4.29867,9.07996,-0.81314
4.36467,9.07496,-0.815165
4.42727,9.06233,-0.816515
4.45799,8.98501,-0.81179
4.50631,8.94414,-0.810524
4.55929,8.91277,-0.810187
4.62905,8.91381,-0.812971
4.7422,8.9963,-0.823602
4.84432,9.05489,-0.83204
4.96112,9.13796,-0.842924
5.06999,9.20335,-0.852205
5.19151,9.28862,-0.863511
5.32508,9.39181,-0.876673
5.4462,9.46952,-0.887473
5.56345,9.53748,-0.897429
5.71319,9.65753,-0.912616
5.85283,9.75644,-0.925863
5.96747,9.81059,-0.934807
6.05005,9.81025,-0.938435
6.12175,9.79153,-0.940291
6.18065,9.7521,-0.940122
6.23445,9.70478,-0.939194
6.28083,9.6463,-0.937169
6.33551,9.60093,-0.936494
6.38599,9.54945,-0.935229
6.43272,9.49276,-0.933457
6.4807,9.43833,-0.931938
6.53109,9.38775,-0.930841
6.57536,9.32877,-0.9289
6.61916,9.2696,-0.92696
6.65898,9.2054,-0.924513
6.70179,9.14588,-0.922572
6.75243,9.09738,-0.921813
6.80394,9.0502,-0.921223
6.83821,8.98054,-0.918269
6.8725,8.91159,-0.915401
6.92275,8.86375,-0.91481
6.97268,8.81564,-0.914219
7.0173,8.76102,-0.912954
7.06025,8.70464,-0.91152
7.10404,8.64961,-0.910254
7.15061,8.5982,-0.90941
7.19489,8.54425,-0.908313
7.22649,8.47568,-0.905613
7.26534,8.41609,-0.903926
7.31487,8.36911,-0.903673
7.36345,8.32108,-0.903335
7.40905,8.26981,-0.90266
7.44559,8.20869,-0.900889
7.48234,8.14817,-0.899201
7.52948,8.09919,-0.898864
7.56401,8.03687,-0.897007
7.59325,7.96939,-0.89456
7.63163,7.91189,-0.893295
7.67585,7.86064,-0.892789
7.71553,7.80489,-0.891776
7.75059,7.74472,-0.890257
7.78733,7.68652,-0.888992
7.82578,7.63025,-0.887979
7.86384,7.57379,-0.886967
7.89789,7.51372,-0.885532
7.92497,7.44738,-0.883339
7.95445,7.3837,-0.881483
7.9805,7.31725,-0.879289
8.01491,7.25878,-0.878108
8.05336,7.20415,-0.877433
8.08546,7.14404,-0.876083
8.12014,7.08643,-0.87507
8.15667,7.03062,-0.874311
8.18752,6.97011,-0.872961
8.22022,6.9114,-0.871864
8.2548,6.85447,-0.87102
8.29054,6.79863,-0.870345
8.32126,6.73886,-0.869164
8.35467,6.68145,-0.86832
8.38456,6.62141,-0.867139
8.41325,6.56065,-0.865874
8.43124,6.49188,-0.863511
8.45346,6.42676,-0.861655
8.45687,6.34786,-0.857858
8.47325,6.27923,-0.855496
8.51885,6.23242,-0.856255
8.55451,6.17828,-0.856002
8.5882,6.12279,-0.85558
8.62235,6.06768,-0.855242
8.64796,6.0067,-0.854061
8.66493,5.94001,-0.852036
8.68636,5.87668,-0.850518
8.69987,5.80833,-0.848239
8.71122,5.73894,-0.845793
8.75045,5.6881,-0.846214
8.76086,5.6187,-0.843768
8.76991,5.54886,-0.841236
8.78266,5.48175,-0.839127
8.8051,5.42097,-0.83803
8.83053,5.36219,-0.837271
8.86241,5.30739,-0.837187
8.88022,5.2443,-0.835752
8.89845,5.18169,-0.834402
8.91971,5.12104,-0.83339
8.94489,5.06278,-0.832799
8.97405,5.00683,-0.83263
8.99587,4.94687,-0.831787
9.02168,4.8892,-0.831365
9.05062,4.83328,-0.83128
9.08011,4.77766,-0.83128
9.10041,4.71727,-0.830437
9.11055,4.65183,-0.828665
9.13536,4.59405,-0.828327
9.15176,4.53216,-0.82723
9.16597,4.46937,-0.825965
9.18603,4.4096,-0.82529
9.1949,4.34464,-0.823602
9.20421,4.28015,-0.821999
9.21399,4.21613,-0.820481
9.22606,4.15338,-0.819215
9.2377,4.09064,-0.817949
9.25258,4.02951,-0.817021
9.27805,3.97305,-0.817106
9.28296,3.90793,-0.815334
9.28927,3.84366,-0.813731
9.30899,3.78509,-0.813393
9.32001,3.72309,-0.812296
9.32691,3.65965,-0.810862
9.3371,3.5977,-0.809765
9.35434,3.53857,-0.809343
9.36187,3.47591,-0.808078
9.37085,3.41397,-0.806981
9.39068,3.35607,-0.806896
9.39135,3.29146,-0.805125
9.38498,3.22471,-0.802762
9.37909,3.15848,-0.800484
9.39167,3.09869,-0.799893
9.42094,3.04437,-0.800822
9.43944,2.98651,-0.800822
9.45759,2.92853,-0.800822
9.45726,2.86496,-0.799218
9.46129,2.80292,-0.798037
9.48692,2.7473,-0.798797
9.48922,2.68497,-0.797531
9.47478,2.61821,-0.794831
9.48586,2.55872,-0.794409
9.51101,2.50301,-0.795253
9.52426,2.44411,-0.795084
9.53425,2.38441,-0.794662
9.54289,2.32445,-0.794156
9.55697,2.26585,-0.794156
9.57749,2.20874,-0.794747
9.59475,2.1508,-0.795084
9.60972,2.09231,-0.795253
9.60872,2.03042,-0.794072
9.61026,1.96923,-0.793144
9.61337,1.90848,-0.792384
9.60924,1.84645,-0.791034
9.59884,1.78345,-0.789178
9.57724,1.71871,-0.786394
9.56993,1.65685,-0.784875
9.57205,1.59679,-0.7842
9.57576,1.53708,-0.783694
9.56335,1.47496,-0.781837
9.56434,1.41508,-0.781163
9.55903,1.35441,-0.779981
9.54741,1.29306,-0.778294
9.52354,1.23037,-0.775594
9.52596,1.1713,-0.775172
9.51219,1.11041,-0.7734
9.49208,1.04907,-0.771122
9.48645,0.989564,-0.77011
9.4854,0.930657,-0.769519
9.46414,0.869976,-0.767241
9.4554,0.810698,-0.76606
9.45821,0.752507,-0.765891
9.4547,0.693876,-0.765216
9.45977,0.635916,-0.7653
9.4635,0.57786,-0.7653
9.45493,0.519128,-0.764288
9.44201,0.460328,-0.762938
9.43968,0.402172,-0.762516
9.43898,0.344135,-0.762263
9.42896,0.28585,-0.76125
9.4156,0.227629,-0.759985
9.41383,0.169798,-0.759732
9.40871,0.111962,-0.759225
9.38531,0.0540922,-0.7572
9.38546,-0.00349597,-0.7572
9.3753,-0.0610188,-0.756357
9.37077,-0.118493,-0.756019
9.3599,-0.175801,-0.755175
9.34071,-0.232781,-0.753657
9.32417,-0.289626,-0.752391
9.30728,-0.346276,-0.751126
9.29005,-0.40273,-0.74986
9.27646,-0.459183,-0.748932
9.26252,-0.515484,-0.748004
9.24924,-0.571693,-0.74716
9.2217,-0.626812,-0.745135
9.20078,-0.68213,-0.743701
9.17855,-0.737135,-0.742182
9.1669,-0.792839,-0.741591
9.14897,-0.847875,-0.740494
9.12971,-0.902623,-0.739313
9.11409,-0.957583,-0.738469
9.09715,-1.01228,-0.737541
9.07394,-1.0661,-0.736107
9.05833,-1.12065,-0.735348
9.03943,-1.17467,-0.734335
9.03402,-1.23038,-0.734504
9.00657,-1.28298,-0.732816
8.98572,-1.33631,-0.73172
8.96751,-1.3899,-0.730876
8.95389,-1.4441,-0.730454
8.93307,-1.49704,-0.729442
8.91782,-1.5508,-0.728935
8.90814,-1.60549,-0.728935
8.88931,-1.65847,-0.728176
8.82906,-1.70335,-0.723873
8.80867,-1.75555,-0.723029
8.78603,-1.80715,-0.722017
8.7582,-1.85752,-0.720582
8.7223,-1.9059,-0.718473
8.69392,-1.95567,-0.717039
8.66525,-2.00515,-0.715604
8.6363,-2.05436,-0.71417
8.61966,-2.10637,-0.713832
8.59498,-2.15631,-0.71282
8.57869,-2.20826,-0.712567
8.56016,-2.25959,-0.712145
8.53652,-2.30947,-0.711301
8.50587,-2.35728,-0.709867
8.48166,-2.4067,-0.709023
8.44663,-2.45286,-0.707251
8.41423,-2.49954,-0.705733
8.37871,-2.54504,-0.703961
8.34676,-2.59138,-0.702526
8.32026,-2.63923,-0.701598
8.27357,-2.6804,-0.698898
8.24751,-2.72799,-0.698055
8.2259,-2.77695,-0.697633
8.18421,-2.81893,-0.695439
8.15172,-2.86381,-0.694089
8.13024,-2.91243,-0.693752
8.10754,-2.96055,-0.69333
8.07895,-3.00642,-0.692402
8.05662,-3.05452,-0.692064
8.02471,-3.09887,-0.690883
7.99535,-3.14404,-0.689955
7.96573,-3.18897,-0.689027
7.93033,-3.23139,-0.687592
7.90667,-3.27846,-0.687255
7.87722,-3.32304,-0.686411
7.84295,-3.36542,-0.685145
7.81758,-3.41148,-0.684724
7.79559,-3.45898,-0.684639
7.7715,-3.50552,-0.684386
7.73807,-3.54774,-0.683289
7.69719,-3.58632,-0.681517
7.66153,-3.62708,-0.680252
7.64362,-3.67618,-0.680674
7.61107,-3.7182,-0.679746
7.57829,-3.75996,-0.678817
7.55063,-3.80415,-0.678396
7.5236,-3.84859,-0.678058
7.50426,-3.89698,-0.67848
7.48197,-3.94388,-0.678649
7.4427,-3.98172,-0.677214
7.4155,-4.02589,-0.676961
7.39589,-4.0742,-0.677467
7.36032,-4.11367,-0.676455
7.33234,-4.15728,-0.676202
7.30669,-4.20219,-0.676202
7.28593,-4.24996,-0.676708
7.25457,-4.29154,-0.676202
7.22896,-4.33649,-0.676286
6.17385,-3.75519,-0.574363
6.13797,-3.78515,-0.573097
6.1104,-3.8201,-0.572676
7.15571,-4.53499,-0.67983
7.12858,-4.57935,-0.679914
7.09284,-4.61811,-0.679155
7.05272,-4.65386,-0.677974
7.0141,-4.6904,-0.676961
6.98106,-4.73056,-0.676539
6.9519,-4.7733,-0.676539
6.91594,-4.81132,-0.675864
6.89036,-4.85653,-0.676286
6.86043,-4.89872,-0.676286
6.82701,-4.93838,-0.675949
6.79578,-4.97959,-0.675864
6.7579,-5.01585,-0.675105
6.72938,-5.05902,-0.675358
6.69742,-5.09961,-0.675274
6.66285,-5.13818,-0.674936
6.63198,-5.17957,-0.675021
6.59304,-5.21461,-0.674261
6.55003,-5.24624,-0.67308
6.52082,-5.28884,-0.673418
6.49363,-5.33318,-0.674008
6.45619,-5.3691,-0.673502
6.41626,-5.40284,-0.672743
6.38072,-5.44017,-0.672489
6.34269,-5.47531,-0.671983
6.29772,-5.50429,-0.670718
6.25338,-5.53358,-0.669536
6.21412,-5.56719,-0.668946
6.17837,-5.60388,-0.668777
6.13212,-5.6309,-0.667427
6.0887,-5.66028,-0.666415
6.05676,-5.70026,-0.666752
6.01517,-5.73113,-0.665993
5.96627,-5.75479,-0.66439
5.92871,-5.7892,-0.664136
5.88811,-5.82056,-0.663546
5.83327,-5.83755,-0.661268
5.79244,-5.86827,-0.660677
5.75981,-5.90727,-0.661099
5.72552,-5.94465,-0.661352
5.68894,-5.97967,-0.661352
5.65214,-6.01447,-0.661352
5.61039,-6.04392,-0.660762
5.56579,-6.07015,-0.659833
5.53647,-6.11305,-0.660846
5.49553,-6.1432,-0.660424
5.45971,-6.17904,-0.660677
5.41908,-6.20942,-0.66034
5.37177,-6.23199,-0.659158
5.32697,-6.25724,-0.658315
5.29104,-6.29286,-0.658652
5.24978,-6.32214,-0.658315
5.2071,-6.34961,-0.657808
5.1718,-6.38609,-0.658315
5.12505,-6.40836,-0.657302
5.08811,-6.44282,-0.65764
5.05154,-6.47785,-0.658062
5.01352,-6.51109,-0.658315
4.97589,-6.5449,-0.658652
4.93863,-6.57929,-0.659074
4.89994,-6.61187,-0.659327
4.85928,-6.64182,-0.659327
4.81319,-6.66424,-0.658568
4.77278,-6.69446,-0.658652
4.72416,-6.71302,-0.657555
4.67947,-6.73697,-0.657049
4.6403,-6.76884,-0.657387
4.59645,-6.79389,-0.657049
4.55689,-6.82528,-0.657387
4.51931,-6.85977,-0.658062
4.47713,-6.88737,-0.658062
4.43156,-6.90968,-0.657555
4.38908,-6.93674,-0.657555
4.34696,-6.96438,-0.65764
4.30049,-6.98499,-0.657049
4.2591,-7.0138,-0.657302
4.21803,-7.04322,-0.65764
4.17119,-7.06296,-0.657049
4.12928,-7.091,-0.657302
4.08867,-7.12139,-0.657808
4.0449,-7.14635,-0.657808
4.00388,-7.17625,-0.658315
3.9617,-7.20418,-0.658652
3.91647,-7.2266,-0.658483
3.88003,-7.26543,-0.659918
3.83909,-7.29616,-0.660593
3.79104,-7.31339,-0.660002
3.74383,-7.33207,-0.65958
3.69385,-7.34511,-0.658652
3.65357,-7.37746,-0.65958
2.734,-5.60665,-0.490665
3.57699,-7.45139,-0.662365
3.5312,-7.4732,-0.662365
3.48528,-7.49472,-0.662365
3.4384,-7.51415,-0.662196
3.39264,-7.53602,-0.66228
3.35037,-7.5658,-0.663124
3.30189,-7.58165,-0.662702
3.25806,-7.60818,-0.663293
3.20938,-7.62344,-0.662871
3.1614,-7.64022,-0.662618
3.11784,-7.66779,-0.663377
3.07517,-7.69788,-0.66439
3.03115,-7.72495,-0.665149
2.98477,-7.74619,-0.665402
2.93718,-7.76436,-0.665402
2.89018,-7.7841,-0.665571
2.83998,-7.79514,-0.66498
2.79679,-7.82555,-0.666161
2.75103,-7.84915,-0.666752
2.70249,-7.86494,-0.666668
2.65895,-7.89554,-0.667933
2.62231,-7.94766,-0.671139
2.5686,-7.94843,-0.669789
2.55194,-8.0657,-0.678817
0,0,0
0,0,0
0,0,0
0,0,0
0,0,0
0,0,0
0,0,0
0,0,0
0,0,0
0,0,0
0,0,0
0,0,0
0,0,0
0,0,0
0,0,0
0,0,0
0,0,0
0,0,0
0,0,0
0,0,0
0,0,0
0,0,0
0,0,0
0,0,0
0,0,0
0,0,0
0,0,0
0,0,0
0,0,0
0,0,0
0,0,0
0,0,0
0,0,0
0,0,0
0,0,0
0,0,0
0,0,0
0,0,0
0,0,0
0,0,0
0,0,0
0,0,0
0,0,0
0,0,0
0,0,0
0,0,0
0,0,0
0,0,0
0,0,0
0,0,0
0,0,0
0,0,0
0,0,0
0,0,0
0,0,0
0,0,0
0,0,0
0,0,0
0,0,0
0,0,0
0,0,0
0,0,0
0,0,0
0,0,0
0,0,0
0,0,0
0,0,0
0,0,0
0,0,0
0,0,0
0,0,0
0,0,0
0,0,0
0,0,0
0,0,0
0,0,0
0,0,0
0,0,0
0,0,0
0,0,0
0,0,0
0,0,0
0,0,0
0,0,0
0,0,0
0,0,0
0,0,0
0,0,0
0,0,0
0,0,0
0,0,0
0,0,0
0,0,0
0,0,0
0,0,0
0,0,0
0,0,0
0,0,0
0,0,0
0,0,0
0,0,0
0,0,0
0,0,0
0,0,0
0,0,0
0,0,0
0,0,0
0,0,0
0,0,0
0,0,0
0,0,0
0,0,0
0,0,0
0,0,0
0,0,0
0,0,0
0,0,0
0,0,0
0,0,0
0,0,0
0,0,0
0,0,0
0,0,0
0,0,0
0,0,0
0,0,0
0,0,0
0,0,0
0,0,0
0,0,0
0,0,0
0,0,0
0,0,0
0,0,0
0,0,0
0,0,0
0,0,0
0,0,0
0,0,0
0,0,0
0,0,0
0,0,0
0,0,0
0,0,0
0,0,0
0,0,0
0,0,0
0,0,0
0,0,0
0,0,0
0,0,0
0,0,0
0,0,0
0,0,0
0,0,0
0,0,0
0,0,0
0,0,0
0,0,0
0,0,0
0,0,0
0,0,0
0,0,0
0,0,0
0,0,0
0,0,0
0,0,0
0,0,0
0,0,0
0,0,0
0,0,0
0,0,0
0,0,0
0,0,0
0,0,0
0,0,0
0,0,0
0,0,0
0,0,0
0,0,0
0,0,0
0,0,0
0,0,0
0,0,0
0,0,0
0,0,0
0,0,0
0,0,0
0,0,0
0,0,0
0,0,0
0,0,0
0,0,0
0,0,0
0,0,0
0,0,0
0,0,0
0,0,0
0,0,0
0,0,0
0,0,0
0,0,0
0,0,0
0,0,0
0,0,0
0,0,0
0,0,0
0,0,0
0,0,0
0,0,0
0,0,0
0,0,0
0,0,0
0,0,0
0,0,0
0,0,0
0,0,0
0,0,0
0,0,0
0,0,0
0,0,0
0,0,0
0,0,0
0,0,0
0,0,0
0,0,0
0,0,0
0,0,0
0,0,0
0,0,0
0,0,0
0,0,0
0,0,0
0,0,0
0,0,0
0,0,0
0,0,0
0,0,0
0,0,0
0,0,0
0,0,0
0,0,0
0,0,0
0,0,0
0,0,0
0,0,0
0,0,0
0,0,0
0,0,0
0,0,0
0,0,0
0,0,0
0,0,0
0,0,0
0,0,0
0,0,0
0,0,0
0,0,0
0,0,0
0,0,0
0,0,0
0,0,0
0,0,0
0,0,0
0,0,0
0,0,0
0,0,0
0,0,0
0,0,0
0,0,0
0,0,0
0,0,0
0,0,0
0,0,0
0,0,0
0,0,0
0,0,0
0,0,0
0,0,0
0,0,0
0,0,0
0,0,0
0,0,0
0,0,0
0,0,0
0,0,0
0,0,0
0,0,0
0,0,0
0,0,0
0,0,0
0,0,0
0,0,0
0,0,0
0,0,0
0,0,0
0,0,0
0,0,0
0,0,0
0,0,0
0,0,0
0,0,0
0,0,0
0,0,0
0,0,0
0,0,0
0,0,0
0,0,0
0,0,0
0,0,0
0,0,0
0,0,0
0,0,0
0,0,0
0,0,0
0,0,0
0,0,0
0,0,0
0,0,0
0,0,0
0,0,0
0,0,0
0,0,0
0,0,0
0,0,0
0,0,0
0,0,0
0,0,0
0,0,0
0,0,0
0,0,0
0,0,0
0,0,0
0,0,0
0,0,0
0,0,0
0,0,0
0,0,0
0,0,0
0,0,0
0,0,0
0,0,0
0,0,0
0,0,0
0,0,0
0,0,0
0,0,0
0,0,0
0,0,0
0,0,0
0,0,0
0,0,0
0,0,0
0,0,0
0,0,0
0,0,0
0,0,0
0,0,0
0,0,0
0,0,0
0,0,0
0,0,0
0,0,0
0,0,0
0,0,0
0,0,0
0,0,0
0,0,0
0,0,0
0,0,0
0,0,0
0,0,0
0,0,0
0,0,0
0,0,0
0,0,0
0,0,0
0,0,0
0,0,0
0,0,0
0,0,0
0,0,0
0,0,0
0,0,0
0,0,0
0,0,0
0,0,0
0,0,0
0,0,0
0,0,0
0,0,0
0,0,0
0,0,0
0,0,0
0,0,0
0,0,0
0,0,0
0,0,0
0,0,0
0,0,0
0,0,0
0,0,0
0,0,0
0,0,0
0,0,0
0,0,0
0,0,0
0,0,0
0,0,0
0,0,0
0,0,0
0,0,0
0,0,0
0,0,0
0,0,0
0,0,0
0,0,0
0,0,0
0,0,0
0,0,0
0,0,0
0,0,0
0,0,0
0,0,0
0,0,0
0,0,0
0,0,0
0,0,0
0,0,0
0,0,0
0,0,0
0,0,0
0,0,0
0,0,0
0,0,0
0,0,0
0,0,0
0,0,0
0,0,0
0,0,0
0,0,0
0,0,0
0,0,0
0,0,0
0,0,0
0,0,0
0,0,0
0,0,0
0,0,0
0,0,0
0,0,0
0,0,0
0,0,0
0,0,0
0,0,0
0,0,0
0,0,0
0,0,0
0,0,0
0,0,0
0,0,0
0,0,0
0,0,0
0,0,0
0,0,0
0,0,0
0,0,0
0,0,0
0,0,0
0,0,0
0,0,0
0,0,0
0,0,0
0,0,0
0,0,0
0,0,0
0,0,0
0,0,0
0,0,0
0,0,0
0,0,0
0,0,0
0,0,0
0,0,0
0,0,0
0,0,0
0,0,0
0,0,0
0,0,0
0,0,0
0,0,0
0,0,0
0,0,0
0,0,0
0,0,0
0,0,0
0,0,0
0,0,0
0,0,0
0,0,0
0,0,0
0,0,0
0,0,0
0,0,0
0,0,0
0,0,0
0,0,0
0,0,0
0,0,0
0,0,0
0,0,0
0,0,0
0,0,0
0,0,0
0,0,0
0,0,0
0,0,0
0,0,0
0,0,0
0,0,0
0,0,0
0,0,0
0,0,0
0,0,0
0,0,0
0,0,0
0,0,0
0,0,0
0,0,0
0,0,0
0,0,0
0,0,0
0,0,0
0,0,0
0,0,0
0,0,0
0,0,0
0,0,0
0,0,0
0,0,0
0,0,0
0,0,0
0,0,0
0,0,0
0,0,0
0,0,0
0,0,0
0,0,0
0,0,0
0,0,0
0,0,0
0,0,0
0,0,0
0,0,0
0,0,0
0,0,0
0,0,0
0,0,0
0,0,0
0,0,0
0,0,0
0,0,0
0,0,0
0,0,0
0,0,0
0,0,0
0,0,0
0,0,0
0,0,0
0,0,0
0,0,0
0,0,0
0,0,0
0,0,0
0,0,0
0,0,0
0,0,0
0,0,0
0,0,0
0,0,0
0,0,0
0,0,0
0,0,0
0,0,0
0,0,0
0,0,0
0,0,0
0,0,0
0,0,0
0,0,0
0,0,0
0,0,0
0,0,0
0,0,0
0,0,0
0,0,0
0,0,0
0,0,0
0,0,0
0,0,0
0,0,0
0,0,0
0,0,0
0,0,0
0,0,0
0,0,0
0,0,0
0,0,0
0,0,0
0,0,0
0,0,0
0,0,0
0,0,0
0,0,0
2.02574,8.74386,-0.837589
2.08281,8.74579,-0.839045
2.12887,8.70191,-0.835939
2.18513,8.70027,-0.837104
2.2278,8.64525,-0.83293
2.28487,8.64681,-0.834483
0,0,0
0,0,0
0,0,0
0,0,0
0,0,0
2.59059,8.52067,-0.830795
2.62127,8.43523,-0.823709
2.65161,8.35163,-0.816818
2.71723,8.3797,-0.82138
2.75734,8.32886,-0.817885
2.8017,8.29198,-0.815847
2.85642,8.28592,-0.817012
2.90588,8.26449,-0.816624
2.9552,8.24275,-0.816235
2.99889,8.20577,-0.814294
3.04571,8.17788,-0.813324
3.09548,8.15811,-0.813227
3.15014,8.15103,-0.814488
3.20228,8.13711,-0.815071
3.25511,8.1247,-0.815847
3.31955,8.14052,-0.819633
3.37439,8.13195,-0.820894
3.41146,8.08083,-0.817691
3.48139,8.1073,-0.822739
3.55536,8.14143,-0.828659
3.64078,8.19951,-0.837201
3.72336,8.24869,-0.844869
3.81332,8.31163,-0.854089
3.90462,8.37468,-0.863407
4.00449,8.4531,-0.874472
4.09598,8.51089,-0.883402
4.19663,8.58485,-0.894176
4.29303,8.6472,-0.903785
4.38588,8.6998,-0.912424
4.49766,8.78702,-0.924945
4.59416,8.8414,-0.933971
4.69939,8.90988,-0.944648
4.80422,8.97478,-0.955034
4.86157,8.9495,-0.955519
4.91543,8.91776,-0.955325
4.96617,8.88048,-0.954548
5.01026,8.83166,-0.95251
5.05641,8.78695,-0.950957
5.10522,8.74716,-0.949987
5.14663,8.69512,-0.947657
5.19323,8.65228,-0.946395
5.24156,8.6126,-0.945522
5.29117,8.57519,-0.944939
5.34211,8.54003,-0.944648
5.38481,8.49196,-0.942901
5.41906,8.43113,-0.939698
5.45711,8.37687,-0.937271
5.50677,8.34074,-0.93698
5.55286,8.29935,-0.936107
5.59307,8.24946,-0.934263
5.6295,8.19448,-0.931836
5.6774,8.15652,-0.931448
5.71988,8.11095,-0.930186
5.77243,8.07975,-0.930671
5.80732,8.02402,-0.928245
5.85056,7.98021,-0.927274
5.89289,7.93537,-0.926206
5.93728,7.8935,-0.925527
5.98078,7.85058,-0.924751
6.02397,7.80743,-0.923974
6.06073,7.75621,-0.922227
6.09895,7.70717,-0.920771
6.14426,7.66727,-0.92048
6.18554,7.62247,-0.919606
6.22272,7.57283,-0.91815
6.26334,7.52762,-0.917277
6.30172,7.47992,-0.916112
6.33716,7.42899,-0.914559
6.37417,7.38017,-0.913297
6.40427,7.32369,-0.911065
6.44183,7.27606,-0.909997
6.48768,7.23788,-0.910191
6.52729,7.19277,-0.909512
6.55177,7.13133,-0.906697
6.58592,7.08079,-0.905338
6.62719,7.03807,-0.905047
6.65927,6.98575,-0.903494
6.68611,6.92828,-0.901262
6.71528,6.8736,-0.899417
6.75034,6.82519,-0.898447
6.78223,6.77379,-0.897088
6.81446,6.72296,-0.895826
6.83919,6.66505,-0.893594
6.87278,6.61605,-0.892623
6.90532,6.56621,-0.891555
6.92081,6.50055,-0.888255
6.95109,6.44916,-0.886993
6.99346,6.40908,-0.887382
7.02233,6.35669,-0.886023
7.04488,6.29889,-0.883887
7.07146,6.245,-0.882334
7.10964,6.20149,-0.882334
7.14379,6.1545,-0.881849
7.16929,6.10023,-0.880296
7.20049,6.05101,-0.87952
7.22753,5.99845,-0.878258
7.25266,5.94452,-0.876802
7.27817,5.89114,-0.875443
7.30407,5.83829,-0.874181
7.33507,5.78966,-0.873599
7.35868,5.73537,-0.872143
7.37796,5.67797,-0.870202
7.40474,5.62657,-0.869231
7.43753,5.57983,-0.869037
7.45883,5.52461,-0.867484
7.48054,5.46993,-0.866028
7.50993,5.42101,-0.865543
7.53494,5.36905,-0.864572
7.56775,5.32272,-0.864572
7.60272,5.27788,-0.864863
7.61936,5.22045,-0.863019
7.62899,5.15854,-0.860399
7.64063,5.09837,-0.858069
7.66595,5.04756,-0.85739
7.6901,4.99609,-0.856613
7.71726,4.94666,-0.856225
7.74158,4.89549,-0.855545
7.76978,4.84685,-0.855351
7.79175,4.79438,-0.854478
7.8057,4.73719,-0.852731
7.82608,4.68409,-0.85176
7.84954,4.63295,-0.851178
7.86061,4.57468,-0.849236
7.88594,4.52488,-0.848945
7.9049,4.4715,-0.847975
7.92523,4.41904,-0.847198
7.9522,4.37033,-0.847198
7.97099,4.31718,-0.846325
7.98416,4.26116,-0.844869
8.00487,4.20931,-0.844286
8.02259,4.15599,-0.843413
8.03287,4.099,-0.841763
8.04987,4.04561,-0.840889
8.06116,3.98952,-0.839433
8.07744,3.93605,-0.83856
8.08528,3.87867,-0.836812
8.10083,3.82516,-0.835939
8.11783,3.77244,-0.83526
8.16888,3.7354,-0.838268
8.16805,3.67458,-0.835745
8.17406,3.61714,-0.833998
8.1888,3.56374,-0.833221
8.19862,3.50834,-0.831959
8.21541,3.45604,-0.831474
8.2337,3.40442,-0.831183
8.24614,3.35046,-0.830309
8.25822,3.29648,-0.829436
8.27551,3.24466,-0.829145
8.29062,3.19203,-0.828659
8.28864,3.133,-0.826427
8.29371,3.07689,-0.824971
8.29747,3.02049,-0.823418
8.30741,2.96651,-0.822544
8.317,2.91252,-0.821671
8.32907,2.85949,-0.821088
8.33231,2.80357,-0.819633
8.34369,2.75052,-0.81905
8.34904,2.6956,-0.817885
8.35119,2.63982,-0.81643
8.34251,2.58088,-0.813906
8.34866,2.52676,-0.812935
8.35733,2.47351,-0.812256
8.35992,2.41858,-0.810994
8.36694,2.36507,-0.810218
8.3717,2.31104,-0.809247
8.37323,2.25626,-0.807985
8.37152,2.20079,-0.806432
8.37908,2.1479,-0.80585
8.38631,2.095,-0.805267
8.3845,2.03997,-0.803811
8.38427,1.9855,-0.80255
8.39726,1.93424,-0.802647
8.43034,1.88747,-0.804782
8.44857,1.83719,-0.805462
8.45481,1.78429,-0.804976
8.46658,1.73257,-0.805073
8.48486,1.68214,-0.80585
8.50577,1.63211,-0.806917
8.52346,1.58134,-0.807694
8.54181,1.5306,-0.808568
8.57458,1.48223,-0.810897
8.58548,1.42991,-0.811091
8.58721,1.3761,-0.810412
8.58861,1.32233,-0.809732
8.58081,1.26728,-0.808179
8.58547,1.21418,-0.807888
8.58881,1.16095,-0.8075
8.578,1.10593,-0.805753
8.56981,1.05146,-0.804297
8.58697,1.00012,-0.805364
8.58504,0.94654,-0.804588
8.56791,0.891473,-0.802356
8.55242,0.836847,-0.800317
8.54649,0.783354,-0.79925
8.54717,0.730559,-0.798861
8.5505,0.678022,-0.798764
8.54954,0.625181,-0.798279
8.54328,0.572044,-0.797308
8.54464,0.519491,-0.797114
8.53674,0.466454,-0.796047
8.52254,0.413243,-0.794397
8.53188,0.361237,-0.795076
8.53294,0.308844,-0.794979
8.50184,0.25549,-0.791776
8.49629,0.203151,-0.791096
8.51528,0.151336,-0.792844
8.50212,0.0989202,-0.791485
8.50257,0.0467503,-0.791485
8.48478,-0.00541236,-0.789738
8.46667,-0.057355,-0.78799
8.45621,-0.109177,-0.78702
8.4504,-0.160967,-0.786534
8.45025,-0.21284,-0.786632
8.44481,-0.264562,-0.786243
8.43407,-0.316039,-0.78537
8.41706,-0.367135,-0.783914
8.40868,-0.418478,-0.783331
8.39105,-0.469233,-0.781876
8.38404,-0.520465,-0.781487
8.37076,-0.571222,-0.780517
8.35519,-0.621689,-0.779352
8.34229,-0.672226,-0.778478
8.32313,-0.722112,-0.777022
8.30566,-0.771973,-0.775761
8.29879,-0.822725,-0.775567
8.28567,-0.872796,-0.77479
8.26433,-0.921857,-0.773237
8.25357,-0.971967,-0.772752
8.24054,-1.02174,-0.772072
8.23115,-1.07189,-0.771781
8.22344,-1.12224,-0.771684
8.1957,-1.16973,-0.769646
8.1549,-1.21502,-0.766346
8.12664,-1.26183,-0.764307
8.11874,-1.31167,-0.764307
8.10662,-1.3608,-0.763919
8.08635,-1.40847,-0.762754
8.06286,-1.45541,-0.761298
8.03421,-1.5012,-0.759357
8.00921,-1.54745,-0.757804
7.99371,-1.5954,-0.757222
7.9672,-1.641,-0.755572
7.93848,-1.68593,-0.753728
7.92021,-1.73291,-0.752951
7.88612,-1.77623,-0.750622
7.8489,-1.81852,-0.748001
7.80661,-1.85927,-0.744895
7.79118,-1.90619,-0.744507
7.76583,-1.95057,-0.743148
7.72094,-1.98974,-0.739848
7.69993,-2.03479,-0.738974
7.68153,-2.08044,-0.738392
7.66095,-2.12541,-0.737615
7.64968,-2.17292,-0.737809
7.63047,-2.21815,-0.737227
7.6024,-2.26067,-0.735771
7.57315,-2.30265,-0.734218
7.55128,-2.34671,-0.733442
7.52725,-2.38999,-0.732471
7.4973,-2.43122,-0.730918
7.46334,-2.47092,-0.728977
7.45369,-2.51858,-0.729559
7.43528,-2.5633,-0.729268
7.40251,-2.60293,-0.727521
7.3864,-2.6483,-0.727521
7.36533,-2.69187,-0.727036
7.33002,-2.73007,-0.725094
7.31034,-2.77393,-0.724803
7.30525,-2.8234,-0.726065
7.28779,-2.86817,-0.726065
7.26913,-2.91246,-0.725968
7.23177,-2.94912,-0.72393
7.19056,-2.9839,-0.721503
7.17395,-3.02874,-0.721697
7.14059,-3.06642,-0.720144
7.11161,-3.1058,-0.719077
7.09333,-3.14978,-0.719174
7.0657,-3.18956,-0.7183
7.02972,-3.22539,-0.716553
6.99626,-3.26215,-0.715097
6.97072,-3.30246,-0.714515
6.9557,-3.34776,-0.715097
6.93771,-3.39169,-0.715388
6.90607,-3.42888,-0.714224
6.87602,-3.46671,-0.713253
6.85993,-3.51156,-0.713835
6.84002,-3.5545,-0.714029
6.80312,-3.58851,-0.712379
6.77395,-3.62643,-0.711603
6.75157,-3.66793,-0.711603
6.72719,-3.70833,-0.711409
6.70692,-3.75099,-0.7117
6.6933,-3.79747,-0.712768
6.6785,-3.84343,-0.713738
6.65737,-3.88585,-0.714029
6.62056,-3.91902,-0.712573
6.59553,-3.95906,-0.712476
6.14853,-3.74234,-0.664237
6.12037,-3.77686,-0.663654
6.0954,-3.81329,-0.66346
6.50227,-4.12346,-0.713156
6.48354,-4.16758,-0.713932
6.46619,-4.21272,-0.714903
6.45268,-4.26054,-0.716359
6.47357,-4.33159,-0.721891
6.50207,-4.40865,-0.728395
6.51756,-4.47776,-0.733442
6.48261,-4.51255,-0.732568
6.35718,-4.48342,-0.720921
6.3085,-4.5073,-0.718397
6.27105,-4.53892,-0.717232
6.24548,-4.57908,-0.717524
6.21088,-4.61257,-0.716747
6.17928,-4.6482,-0.716359
6.14985,-4.68543,-0.716262
6.11862,-4.72125,-0.715971
6.08248,-4.75319,-0.715097
6.04617,-4.78486,-0.714224
6.0299,-4.83245,-0.715874
5.99473,-4.86497,-0.715194
5.9563,-4.89471,-0.714126
5.93075,-4.93498,-0.714709
5.90492,-4.97513,-0.715291
5.89625,-5.03,-0.718106
5.92027,-5.11356,-0.725191
5.88128,-5.14324,-0.724221
5.82577,-5.15812,-0.721115
5.75917,-5.16256,-0.716553
5.66989,-5.14563,-0.708982
5.63528,-5.17763,-0.708594
5.56696,-5.17822,-0.703741
5.52276,-5.20069,-0.702091
5.48498,-5.22898,-0.701314
5.44205,-5.25217,-0.699858
5.41898,-5.29451,-0.70112
5.37578,-5.31716,-0.699664
5.33179,-5.33878,-0.698111
5.29404,-5.36644,-0.697432
5.25546,-5.39312,-0.696655
5.2195,-5.4224,-0.696267
5.18271,-5.45071,-0.695782
5.15053,-5.48386,-0.695976
5.11204,-5.51026,-0.695296
5.07814,-5.54152,-0.695296
5.0427,-5.5711,-0.695102
5.00444,-5.59748,-0.69452
4.97527,-5.63405,-0.695296
4.94584,-5.67047,-0.696073
4.88757,-5.67357,-0.692579
4.86428,-5.7171,-0.694326
4.82718,-5.74455,-0.694035
4.78676,-5.76793,-0.693258
4.75128,-5.7972,-0.693258
4.71875,-5.83011,-0.693743
4.67046,-5.84341,-0.691802
4.63636,-5.8743,-0.692093
4.60329,-5.90656,-0.692579
4.56454,-5.93154,-0.69219
4.53107,-5.9634,-0.692676
4.49558,-5.99268,-0.69287
4.45754,-6.01855,-0.692676
4.41583,-6.03936,-0.691899
4.37636,-6.06311,-0.691511
4.33908,-6.08985,-0.691511
4.31079,-6.12939,-0.693064
4.27196,-6.15409,-0.69287
4.22906,-6.17279,-0.691996
4.19222,-6.20028,-0.69219
4.15078,-6.22092,-0.691608
4.11417,-6.24876,-0.691899
4.06925,-6.26387,-0.690735
4.02805,-6.28453,-0.690249
3.99899,-6.32427,-0.691996
3.96169,-6.35122,-0.692288
3.91952,-6.37033,-0.691705
3.88449,-6.40106,-0.692482
3.84872,-6.43075,-0.693161
3.81475,-6.46368,-0.694229
3.77802,-6.49212,-0.694811
3.73663,-6.51259,-0.69452
3.6966,-6.5354,-0.69452
3.65788,-6.56056,-0.694811
3.61372,-6.57591,-0.694035
3.56667,-6.5857,-0.692676
3.52994,-6.61449,-0.693452
3.49578,-6.64836,-0.694811
3.45263,-6.66526,-0.694326
3.41031,-6.68366,-0.694035
3.36968,-6.70535,-0.694132
3.31258,-6.69379,-0.690637
2.71586,-5.57421,-0.566981
3.24052,-6.75547,-0.692967
3.20964,-6.79773,-0.695394
3.16954,-6.8209,-0.695782
3.13219,-6.85018,-0.696849
3.08928,-6.86745,-0.696655
3.04587,-6.88355,-0.696364
3.00477,-6.90485,-0.696655
2.96235,-6.92315,-0.696655
2.91286,-6.92469,-0.694908
2.87184,-6.94611,-0.695296
2.83366,-6.97466,-0.696461
2.79155,-6.99377,-0.696655
2.75149,-7.01818,-0.697432
2.70874,-7.03586,-0.697529
2.66868,-7.06072,-0.698402
2.62635,-7.07976,-0.698694
2.58763,-7.10884,-0.700052
2.5453,-7.12833,-0.700441
2.50941,-7.16636,-0.70277
2.48834,-7.24845,-0.709662
0,0,0
0,0,0
0,0,0
0,0,0
0,0,0
0,0,0
0,0,0
0,0,0
0,0,0
0,0,0
0,0,0
0,0,0
0,0,0
0,0,0
0,0,0
0,0,0
0,0,0
0,0,0
0,0,0
0,0,0
0,0,0
0,0,0
0,0,0
0,0,0
0,0,0
0,0,0
0,0,0
0,0,0
0,0,0
0,0,0
0,0,0
0,0,0
0,0,0
0,0,0
0,0,0
0,0,0
0,0,0
0,0,0
0,0,0
0,0,0
0,0,0
0,0,0
0,0,0
0,0,0
0,0,0
0,0,0
0,0,0
0,0,0
0,0,0
0,0,0
0,0,0
0,0,0
0,0,0
0,0,0
0,0,0
0,0,0
0,0,0
0,0,0
0,0,0
0,0,0
0,0,0
0,0,0
0,0,0
0,0,0
0,0,0
0,0,0
0,0,0
0,0,0
0,0,0
0,0,0
0,0,0
0,0,0
0,0,0
0,0,0
0,0,0
0,0,0
0,0,0
0,0,0
0,0,0
0,0,0
0,0,0
0,0,0
0,0,0
0,0,0
0,0,0
0,0,0
0,0,0
0,0,0
0,0,0
0,0,0
0,0,0
0,0,0
0,0,0
0,0,0
0,0,0
0,0,0
0,0,0
0,0,0
0,0,0
0,0,0
0,0,0
0,0,0
0,0,0
0,0,0
0,0,0
0,0,0
0,0,0
0,0,0
0,0,0
0,0,0
0,0,0
0,0,0
0,0,0
0,0,0
0,0,0
0,0,0
0,0,0
0,0,0
0,0,0
0,0,0
0,0,0
0,0,0
0,0,0
0,0,0
0,0,0
0,0,0
0,0,0
0,0,0
0,0,0
0,0,0
0,0,0
0,0,0
0,0,0
0,0,0
0,0,0
0,0,0
0,0,0
0,0,0
0,0,0
0,0,0
0,0,0
0,0,0
0,0,0
0,0,0
0,0,0
0,0,0
0,0,0
0,0,0
0,0,0
0,0,0
0,0,0
0,0,0
0,0,0
0,0,0
0,0,0
0,0,0
0,0,0
0,0,0
0,0,0
0,0,0
0,0,0
0,0,0
0,0,0
0,0,0
0,0,0
0,0,0
0,0,0
0,0,0
0,0,0
0,0,0
0,0,0
0,0,0
0,0,0
0,0,0
0,0,0
0,0,0
0,0,0
0,0,0
0,0,0
0,0,0
0,0,0
0,0,0
0,0,0
0,0,0
0,0,0
0,0,0
0,0,0
0,0,0
0,0,0
0,0,0
0,0,0
0,0,0
0,0,0
0,0,0
0,0,0
0,0,0
0,0,0
0,0,0
0,0,0
0,0,0
0,0,0
0,0,0
0,0,0
0,0,0
0,0,0
0,0,0
0,0,0
0,0,0
0,0,0
0,0,0
0,0,0
0,0,0
0,0,0
0,0,0
0,0,0
0,0,0
0,0,0
0,0,0
0,0,0
0,0,0
0,0,0
0,0,0
0,0,0
0,0,0
0,0,0
0,0,0
0,0,0
0,0,0
0,0,0
0,0,0
0,0,0
0,0,0
0,0,0
0,0,0
0,0,0
0,0,0
0,0,0
0,0,0
0,0,0
0,0,0
0,0,0
0,0,0
0,0,0
0,0,0
0,0,0
0,0,0
0,0,0
0,0,0
0,0,0
0,0,0
0,0,0
0,0,0
0,0,0
0,0,0
0,0,0
0,0,0
0,0,0
0,0,0
0,0,0
0,0,0
0,0,0
0,0,0
0,0,0
0,0,0
0,0,0
0,0,0
0,0,0
0,0,0
0,0,0
0,0,0
0,0,0
0,0,0
0,0,0
0,0,0
0,0,0
0,0,0
0,0,0
0,0,0
0,0,0
0,0,0
0,0,0
0,0,0
0,0,0
0,0,0
0,0,0
0,0,0
0,0,0
0,0,0
0,0,0
0,0,0
0,0,0
0,0,0
0,0,0
0,0,0
0,0,0
0,0,0
0,0,0
0,0,0
0,0,0
0,0,0
0,0,0
0,0,0
0,0,0
0,0,0
0,0,0
0,0,0
0,0,0
0,0,0
0,0,0
0,0,0
0,0,0
0,0,0
0,0,0
0,0,0
0,0,0
0,0,0
0,0,0
0,0,0
0,0,0
0,0,0
0,0,0
0,0,0
0,0,0
0,0,0
0,0,0
0,0,0
0,0,0
0,0,0
0,0,0
0,0,0
0,0,0
0,0,0
0,0,0
0,0,0
0,0,0
0,0,0
0,0,0
0,0,0
0,0,0
0,0,0
0,0,0
0,0,0
0,0,0
0,0,0
0,0,0
0,0,0
0,0,0
0,0,0
0,0,0
0,0,0
0,0,0
0,0,0
0,0,0
0,0,0
0,0,0
0,0,0
0,0,0
0,0,0
0,0,0
0,0,0
0,0,0
0,0,0
0,0,0
0,0,0
0,0,0
0,0,0
0,0,0
0,0,0
0,0,0
0,0,0
0,0,0
0,0,0
0,0,0
0,0,0
0,0,0
0,0,0
0,0,0
0,0,0
0,0,0
0,0,0
0,0,0
0,0,0
0,0,0
0,0,0
0,0,0
0,0,0
0,0,0
0,0,0
0,0,0
0,0,0
0,0,0
0,0,0
0,0,0
0,0,0
0,0,0
0,0,0
0,0,0
0,0,0
0,0,0
0,0,0
0,0,0
0,0,0
0,0,0
0,0,0
0,0,0
0,0,0
0,0,0
0,0,0
0,0,0
0,0,0
0,0,0
0,0,0
0,0,0
0,0,0
0,0,0
0,0,0
0,0,0
0,0,0
0,0,0
0,0,0
0,0,0
0,0,0
0,0,0
0,0,0
0,0,0
0,0,0
0,0,0
0,0,0
0,0,0
0,0,0
0,0,0
0,0,0
0,0,0
0,0,0
0,0,0
0,0,0
0,0,0
0,0,0
0,0,0
0,0,0
0,0,0
0,0,0
0,0,0
0,0,0
0,0,0
0,0,0
0,0,0
0,0,0
0,0,0
0,0,0
0,0,0
0,0,0
0,0,0
0,0,0
0,0,0
0,0,0
0,0,0
0,0,0
0,0,0
0,0,0
0,0,0
0,0,0
0,0,0
0,0,0
0,0,0
0,0,0
0,0,0
0,0,0
0,0,0
0,0,0
0,0,0
0,0,0
0,0,0
0,0,0
0,0,0
0,0,0
0,0,0
0,0,0
0,0,0
0,0,0
0,0,0
0,0,0
0,0,0
0,0,0
0,0,0
0,0,0
0,0,0
0,0,0
0,0,0
0,0,0
0,0,0
0,0,0
0,0,0
0,0,0
0,0,0
0,0,0
0,0,0
0,0,0
0,0,0
0,0,0
0,0,0
0,0,0
0,0,0
0,0,0
0,0,0
0,0,0
0,0,0
0,0,0
0,0,0
0,0,0
0,0,0
0,0,0
0,0,0
0,0,0
0,0,0
0,0,0
0,0,0
0,0,0
0,0,0
0,0,0
0,0,0
0,0,0
0,0,0
0,0,0
0,0,0
0,0,0
0,0,0
0,0,0
0,0,0
0,0,0
0,0,0
0,0,0
0,0,0
0,0,0
0,0,0
0,0,0
0,0,0
0,0,0
0,0,0
0,0,0
0,0,0
0,0,0
0,0,0
0,0,0
0,0,0
0,0,0
0,0,0
0,0,0
0,0,0
0,0,0
0,0,0
0,0,0
0,0,0
0,0,0
0,0,0
0,0,0
0,0,0
0,0,0
0,0,0
0,0,0
0,0,0
0,0,0
0,0,0
0,0,0
0,0,0
0,0,0
0,0,0
0,0,0
0,0,0
0,0,0
0,0,0
0,0,0
0,0,0
0,0,0
0,0,0
0,0,0
0,0,0
0,0,0
0,0,0
0,0,0
0,0,0
0,0,0
0,0,0
0,0,0
0,0,0
0,0,0
0,0,0
0,0,0
0,0,0
0,0,0
0,0,0
0,0,0
0,0,0
0,0,0
0,0,0
0,0,0
0,0,0
0,0,0
0,0,0
0,0,0
0,0,0
0,0,0
2.59199,7.67809,-0.84817
2.60473,7.56241,-0.836649
2.64251,7.5219,-0.833823
2.70069,7.53924,-0.837736
2.76258,7.56548,-0.842736
2.8308,7.60708,-0.849583
2.89857,7.64533,-0.856105
2.97372,7.70066,-0.864692
3.05475,7.76831,-0.8748
3.12711,7.81125,-0.882083
3.19899,7.85083,-0.889039
3.27148,7.88982,-0.895995
3.35654,7.95661,-0.906321
3.44489,8.02813,-0.917299
3.53424,8.09886,-0.928277
3.6129,8.14244,-0.936103
3.66321,8.12103,-0.936212
3.71131,8.09478,-0.935777
3.76259,8.07546,-0.936212
3.80313,8.03335,-0.93393
3.84977,8.00449,-0.933277
3.89532,7.97358,-0.932408
3.94373,7.94863,-0.932299
3.99377,7.92695,-0.932625
4.04776,7.91291,-0.93393
4.09487,7.88528,-0.933603
4.14039,7.85473,-0.932951
4.18288,7.81866,-0.931647
4.22983,7.7911,-0.93143
4.27132,7.75368,-0.930017
4.3159,7.72212,-0.929364
4.35928,7.68858,-0.928495
4.40439,7.65824,-0.92806
4.4488,7.62677,-0.927517
4.49652,7.60104,-0.927734
4.53898,7.56649,-0.926864
4.58171,7.53255,-0.926104
4.6268,7.50261,-0.925886
4.67538,7.47829,-0.92643
4.71692,7.44275,-0.92556
4.75981,7.40948,-0.925017
4.80302,7.3768,-0.924582
4.84655,7.3447,-0.924256
4.89042,7.31318,-0.924038
4.92572,7.26904,-0.922191
4.95841,7.22147,-0.919908
5.00093,7.18846,-0.919582
5.0352,7.14383,-0.917734
5.07259,7.1039,-0.916539
5.11608,7.07264,-0.916539
5.15585,7.03631,-0.915886
5.19597,7.00055,-0.915343
5.23883,6.96854,-0.915343
5.26703,6.91728,-0.912734
5.30027,6.87302,-0.911104
5.33928,6.83645,-0.91056
5.37681,6.79811,-0.9098
5.40413,6.74714,-0.9073
5.43854,6.70536,-0.906104
5.47832,6.67033,-0.905887
5.50897,6.62436,-0.904148
5.53927,6.57827,-0.902408
5.58727,6.55324,-0.903713
5.62348,6.51431,-0.903061
5.65876,6.47445,-0.9023
5.69179,6.43216,-0.901213
5.73115,6.39711,-0.901213
5.7703,6.36183,-0.901213
5.80653,6.32337,-0.900778
5.84455,6.2869,-0.900669
5.8762,6.24368,-0.899582
5.91029,6.20319,-0.89893
5.9441,6.16251,-0.898278
5.97138,6.11526,-0.896648
5.999,6.06861,-0.895126
6.0291,6.02466,-0.894039
6.05958,5.98126,-0.893061
6.08336,5.93148,-0.891104
6.10532,5.88025,-0.88893
6.13624,5.83788,-0.88817
6.17484,5.80284,-0.888604
6.20232,5.75741,-0.887409
6.2258,5.70849,-0.88567
6.24819,5.65884,-0.883822
6.27316,5.61178,-0.882409
6.29257,5.56002,-0.880235
6.31758,5.51346,-0.878931
6.34301,5.46746,-0.877735
6.37266,5.42521,-0.877192
6.39745,5.37897,-0.875996
6.41887,5.33009,-0.874366
6.43377,5.27611,-0.871866
6.46371,5.23465,-0.871539
6.4957,5.1949,-0.871539
6.51497,5.14508,-0.8698
6.53231,5.09401,-0.867844
6.54296,5.03806,-0.865018
6.56505,4.9912,-0.863822
6.59714,4.95202,-0.86404
6.62341,4.90849,-0.863496
6.62853,4.84956,-0.860127
6.63882,4.79483,-0.857518
6.67054,4.75574,-0.857844
6.69716,4.713,-0.857518
6.70717,4.65878,-0.855018
6.72251,4.60854,-0.853279
6.76878,4.57946,-0.85567
6.77443,4.52294,-0.852736
6.78711,4.47145,-0.850779
6.80692,4.42484,-0.849801
6.83143,4.38138,-0.849475
6.85902,4.33991,-0.849583
6.88046,4.29459,-0.848931
6.88044,4.23613,-0.845562
6.88931,4.18352,-0.843388
6.89524,4.12942,-0.840888
6.90846,4.07996,-0.839366
6.93079,4.03599,-0.83904
6.95025,3.99042,-0.838388
6.97028,3.94525,-0.837845
6.99435,3.90241,-0.837845
6.98942,3.84361,-0.834258
6.99539,3.79118,-0.832084
7.03343,3.75615,-0.833932
7.05547,3.71246,-0.833823
7.05516,3.6572,-0.830997
7.06862,3.60932,-0.82991
7.08974,3.56544,-0.829801
7.10703,3.51966,-0.829258
7.11777,3.47076,-0.827953
7.13804,3.42659,-0.827845
7.16073,3.38358,-0.828062
7.16242,3.33077,-0.82578
7.17369,3.28263,-0.824693
7.19097,3.23732,-0.824367
7.20525,3.19073,-0.823714
7.22378,3.14606,-0.823606
7.23746,3.09933,-0.822954
7.23344,3.04522,-0.820236
7.25658,3.00268,-0.82078
7.28132,2.96072,-0.821541
7.28273,2.90935,-0.819584
7.29489,2.86243,-0.818932
7.30119,2.81332,-0.817628
7.30157,2.76214,-0.815671
7.32118,2.71833,-0.815997
7.33305,2.67165,-0.815454
7.34182,2.62393,-0.814584
7.35028,2.5762,-0.813715
7.35372,2.52686,-0.812302
7.36815,2.48137,-0.812193
7.39078,2.4386,-0.813062
7.39426,2.38954,-0.811758
7.39172,2.33873,-0.809802
7.38694,2.28745,-0.807628
7.40464,2.24323,-0.808063
7.42494,2.19973,-0.808823
7.42684,2.15082,-0.807519
7.4399,2.10521,-0.807519
7.46417,2.06269,-0.808823
7.49396,2.02151,-0.81078
7.49277,1.97195,-0.809258
7.49028,1.92223,-0.807628
7.50386,1.87672,-0.807845
7.51524,1.83064,-0.807845
7.54567,1.78908,-0.810019
7.5691,1.74565,-0.811432
7.57579,1.69831,-0.810997
7.60064,1.65496,-0.812628
7.61454,1.60912,-0.813062
7.63304,1.56416,-0.814041
7.63859,1.51652,-0.813606
7.65166,1.47037,-0.814041
7.68106,1.42721,-0.816323
7.69065,1.38023,-0.816432
7.70289,1.33369,-0.816867
7.71093,1.2864,-0.816867
7.70003,1.23607,-0.814802
7.69175,1.18638,-0.813062
7.69692,1.13887,-0.812845
7.72541,1.09469,-0.815236
7.74479,1.049,-0.816649
7.74615,1.00082,-0.816106
7.76892,0.955333,-0.817954
7.79043,0.90949,-0.819693
7.79883,0.861999,-0.820019
7.80694,0.814439,-0.820345
7.792,0.764581,-0.818171
7.77576,0.714845,-0.815888
7.78,0.667121,-0.815888
7.77107,0.618347,-0.814475
7.76183,0.569707,-0.813062
7.76021,0.521738,-0.812519
7.76823,0.474415,-0.813062
7.76206,0.426251,-0.812084
7.75659,0.378229,-0.811215
7.7528,0.330374,-0.810562
7.75071,0.282653,-0.810128
7.74634,0.23491,-0.809476
7.74763,0.187375,-0.809476
7.73671,0.139618,-0.808171
7.72848,0.0920379,-0.807193
7.71398,0.0445298,-0.805563
7.71014,-0.00280152,-0.805128
7.70699,-0.0500904,-0.804802
7.69262,-0.0972022,-0.80328
7.673,-0.144046,-0.801215
7.67595,-0.191223,-0.80165
7.67363,-0.238287,-0.801541
7.65514,-0.284738,-0.799693
7.65027,-0.331575,-0.799367
7.63618,-0.377919,-0.798063
7.61585,-0.423772,-0.796106
7.60417,-0.469942,-0.795128
7.60313,-0.516726,-0.795345
7.59585,-0.563074,-0.794911
7.58928,-0.609432,-0.794585
7.58045,-0.655559,-0.794041
7.5644,-0.700958,-0.792737
7.55403,-0.746772,-0.792085
7.54436,-0.792589,-0.791541
7.51762,-0.836446,-0.78915
7.48569,-0.879424,-0.786215
7.45549,-0.922287,-0.783498
7.43391,-0.965965,-0.781759
7.41209,-1.00941,-0.78002
7.38706,-1.05221,-0.777954
7.37161,-1.0962,-0.776976
7.36082,-1.1408,-0.776541
7.33994,-1.18373,-0.77502
7.31293,-1.22546,-0.772846
7.28079,-1.26605,-0.770129
7.26604,-1.30946,-0.769368
7.24809,-1.3522,-0.768281
7.23868,-1.39646,-0.768172
7.21145,-1.43715,-0.766107
7.18984,-1.47877,-0.764694
7.18063,-1.52286,-0.764694
7.17795,-1.56838,-0.765455
7.16431,-1.61152,-0.76502
7.14848,-1.6541,-0.764368
7.144,-1.69931,-0.76502
7.11316,-1.73816,-0.762737
7.0879,-1.77814,-0.761107
7.07204,-1.82036,-0.760564
7.05113,-1.86118,-0.759477
7.0223,-1.89974,-0.75752
6.98752,-1.93642,-0.754911
6.96881,-1.97736,-0.754151
6.95846,-2.02063,-0.754368
6.9526,-2.06527,-0.755129
6.9436,-2.10905,-0.755564
6.93053,-2.15162,-0.755564
6.91151,-2.1923,-0.754911
6.87524,-2.22731,-0.752303
6.85578,-2.26758,-0.751651
6.83891,-2.30865,-0.751325
6.81804,-2.3483,-0.750564
6.80162,-2.38943,-0.750346
6.78215,-2.42945,-0.749803
6.75311,-2.4659,-0.748173
6.72854,-2.50382,-0.747086
6.70004,-2.54013,-0.745564
6.67691,-2.57832,-0.744694
6.65356,-2.61633,-0.743825
6.64569,-2.66043,-0.744803
6.62647,-2.70004,-0.744477
6.59234,-2.73341,-0.742412
6.56445,-2.76917,-0.741107
6.55008,-2.81057,-0.741434
6.52542,-2.84753,-0.740564
6.50055,-2.88429,-0.739694
6.47639,-2.92126,-0.738934
6.45112,-2.95763,-0.738064
6.41302,-2.98792,-0.735673
6.3748,-3.01785,-0.733281
6.37229,-3.06467,-0.735238
6.35605,-3.10502,-0.735564
6.32263,-3.13689,-0.733825
6.29793,-3.17294,-0.733173
6.27481,-3.20972,-0.732738
6.25058,-3.24587,-0.732195
6.24638,-3.2925,-0.734151
6.23044,-3.33311,-0.734695
6.20288,-3.36749,-0.733825
6.19255,-3.41124,-0.735129
6.1715,-3.44917,-0.735129
6.15022,-3.48697,-0.735129
6.12182,-3.52068,-0.73426
6.10182,-3.55918,-0.734477
6.08243,-3.59807,-0.734803
6.04745,-3.62765,-0.733173
6.01234,-3.65694,-0.731542
5.98387,-3.69011,-0.730782
5.96111,-3.72676,-0.730782
5.93813,-3.76326,-0.730782
5.91326,-3.79855,-0.730564
5.87984,-3.82826,-0.72926
5.84131,-3.85441,-0.727303
5.80515,-3.88189,-0.725673
5.78863,-3.92245,-0.726651
5.76527,-3.95846,-0.72676
5.73761,-3.99149,-0.726325
5.70814,-4.02318,-0.725673
5.67849,-4.05466,-0.725021
5.64948,-4.08652,-0.724477
5.63071,-4.12581,-0.725347
5.61167,-4.16502,-0.726216
5.5876,-4.20057,-0.726434
5.55935,-4.23297,-0.726108
5.53721,-4.27003,-0.726651
5.49602,-4.2923,-0.724586
5.45944,-4.31793,-0.723173
5.43595,-4.35383,-0.723608
5.40218,-4.38147,-0.72263
5.36828,-4.40885,-0.721651
5.3396,-4.44044,-0.721434
5.3153,-4.47568,-0.721869
5.29,-4.51014,-0.722195
5.25997,-4.54057,-0.721869
5.22528,-4.56687,-0.72089
5.18897,-4.5916,-0.719695
5.16292,-4.62534,-0.720021
5.13739,-4.6596,-0.720456
5.1109,-4.69306,-0.720782
5.07764,-4.72027,-0.72013
5.05726,-4.75951,-0.721434
5.01717,-4.78016,-0.719804
4.98202,-4.80534,-0.718934
4.95031,-4.83373,-0.718608
4.91561,-4.85912,-0.717847
4.88359,-4.88708,-0.717521
4.85142,-4.91484,-0.717195
4.81076,-4.93383,-0.715564
4.79626,-4.97973,-0.718064
4.76356,-5.0069,-0.717738
4.72526,-5.02807,-0.716543
4.69432,-5.05697,-0.716543
4.66387,-5.08641,-0.716651
4.6199,-5.10093,-0.714586
4.58984,-5.13066,-0.714804
4.55827,-5.15873,-0.714804
4.52326,-5.18286,-0.71426
4.49332,-5.21277,-0.714586
4.45739,-5.2357,-0.713934
4.42518,-5.26295,-0.713934
4.3928,-5.29001,-0.713934
4.36719,-5.32532,-0.71513
4.34006,-5.35897,-0.716108
4.3071,-5.38549,-0.716108
4.26535,-5.4009,-0.714586
4.23947,-5.43638,-0.715891
4.20906,-5.46623,-0.716434
4.17424,-5.49037,-0.716217
4.13629,-5.51031,-0.715456
4.10122,-5.53399,-0.715238
4.06543,-5.55664,-0.714912
4.02776,-5.57665,-0.71426
3.9952,-5.60368,-0.714586
3.95445,-5.61915,-0.713391
3.91309,-5.63351,-0.712086
3.89419,-5.68037,-0.71513
3.85926,-5.70416,-0.71513
3.81701,-5.71699,-0.713717
3.7753,-5.73034,-0.712412
3.75578,-5.77756,-0.715564
3.71597,-5.79381,-0.714695
3.67982,-5.81566,-0.714586
3.65354,-5.85331,-0.716543
3.6113,-5.86546,-0.715238
3.56905,-5.87731,-0.713934
3.53343,-5.89995,-0.714043
3.50424,-5.9335,-0.715564
3.46777,-5.95489,-0.715564
3.43512,-5.98295,-0.716434
3.39786,-6.00306,-0.716325
3.3595,-6.02119,-0.715999
3.31962,-6.03646,-0.715347
3.28631,-6.06371,-0.716217
3.24904,-6.08376,-0.716217
3.21304,-6.10622,-0.716543
3.17963,-6.13376,-0.717521
3.14329,-6.15581,-0.717847
3.10903,-6.18209,-0.718717
2.76578,-5.58459,-0.643501
2.72493,-5.58805,-0.64187
2.69704,-5.61811,-0.643501
2.94789,-6.23855,-0.716543
2.91458,-6.26734,-0.717847
2.87607,-6.2851,-0.717847
2.84194,-6.3126,-0.719043
2.80959,-6.34446,-0.720782
2.76982,-6.35976,-0.720564
2.72683,-6.3675,-0.719477
2.68771,-6.38411,-0.719477
2.64469,-6.3913,-0.718391
2.60916,-6.41661,-0.719477
2.56937,-6.43158,-0.719369
2.53131,-6.45092,-0.719804
2.49383,-6.4719,-0.720456
2.45899,-6.5001,-0.721977
2.42252,-6.52438,-0.723064
2.38449,-6.54473,-0.723716
2.3483,-6.57047,-0.725021
2.30794,-6.58475,-0.725021
2.26652,-6.59597,-0.724695
2.22601,-6.60975,-0.724695
2.19164,-6.64217,-0.726869
2.14687,-6.64319,-0.725456
2.07428,-6.55578,-0.713934
2.01491,-6.50666,-0.706869
0,0,0
0,0,0
0,0,0
1.88764,-6.67084,-0.72013
1.86017,-6.73117,-0.725673
1.81495,-6.72806,-0.724043
1.77996,-6.7631,-0.72676
0,0,0
0,0,0
0,0,0
0,0,0
0,0,0
0,0,0
0,0,0
0,0,0
0,0,0
0,0,0
0,0,0
0,0,0
0,0,0
0,0,0
0,0,0
0,0,0
0,0,0
0,0,0
0,0,0
0,0,0
0,0,0
0,0,0
0,0,0
0,0,0
0,0,0
0,0,0
0,0,0
0,0,0
0,0,0
0,0,0
0,0,0
0,0,0
0,0,0
0,0,0
0,0,0
0,0,0
0,0,0
0,0,0
0,0,0
0,0,0
0,0,0
0,0,0
0,0,0
0,0,0
0,0,0
0,0,0
0,0,0
0,0,0
0,0,0
0,0,0
0,0,0
0,0,0
0,0,0
0,0,0
0,0,0
0,0,0
0,0,0
0,0,0
0,0,0
0,0,0
0,0,0
0,0,0
0,0,0
0,0,0
0,0,0
0,0,0
0,0,0
0,0,0
0,0,0
0,0,0
0,0,0
0,0,0
0,0,0
0,0,0
0,0,0
0,0,0
0,0,0
0,0,0
0,0,0
0,0,0
0,0,0
0,0,0
0,0,0
0,0,0
0,0,0
0,0,0
0,0,0
0,0,0
0,0,0
0,0,0
0,0,0
0,0,0
0,0,0
0,0,0
0,0,0
0,0,0
0,0,0
0,0,0
0,0,0
0,0,0
0,0,0
0,0,0
0,0,0
0,0,0
0,0,0
0,0,0
0,0,0
0,0,0
0,0,0
0,0,0
0,0,0
0,0,0
0,0,0
0,0,0
0,0,0
0,0,0
0,0,0
0,0,0
0,0,0
0,0,0
0,0,0
0,0,0
0,0,0
0,0,0
0,0,0
0,0,0
0,0,0
0,0,0
0,0,0
0,0,0
0,0,0
0,0,0
0,0,0
0,0,0
0,0,0
0,0,0
0,0,0
0,0,0
0,0,0
0,0,0
0,0,0
0,0,0
0,0,0
0,0,0
0,0,0
0,0,0
0,0,0
0,0,0
0,0,0
0,0,0
0,0,0
0,0,0
0,0,0
0,0,0
0,0,0
0,0,0
0,0,0
0,0,0
0,0,0
0,0,0
0,0,0
0,0,0
0,0,0
0,0,0
0,0,0
0,0,0
0,0,0
0,0,0
0,0,0
0,0,0
0,0,0
0,0,0
0,0,0
0,0,0
0,0,0
0,0,0
0,0,0
0,0,0
0,0,0
0,0,0
0,0,0
0,0,0
0,0,0
0,0,0
0,0,0
0,0,0
0,0,0
0,0,0
0,0,0
0,0,0
0,0,0
0,0,0
0,0,0
0,0,0
0,0,0
0,0,0
0,0,0
0,0,0
0,0,0
0,0,0
0,0,0
0,0,0
0,0,0
0,0,0
0,0,0
0,0,0
0,0,0
0,0,0
0,0,0
0,0,0
0,0,0
0,0,0
0,0,0
0,0,0
0,0,0
0,0,0
0,0,0
0,0,0
0,0,0
0,0,0
0,0,0
0,0,0
0,0,0
0,0,0
0,0,0
0,0,0
0,0,0
0,0,0
0,0,0
0,0,0
0,0,0
0,0,0
0,0,0
0,0,0
0,0,0
0,0,0
0,0,0
0,0,0
0,0,0
0,0,0
0,0,0
0,0,0
0,0,0
0,0,0
0,0,0
0,0,0
0,0,0
0,0,0
0,0,0
0,0,0
0,0,0
0,0,0
0,0,0
0,0,0
0,0,0
0,0,0
0,0,0
0,0,0
0,0,0
0,0,0
0,0,0
0,0,0
0,0,0
0,0,0
0,0,0
0,0,0
0,0,0
0,0,0
0,0,0
0,0,0
0,0,0
0,0,0
0,0,0
0,0,0
0,0,0
0,0,0
0,0,0
0,0,0
0,0,0
0,0,0
0,0,0
0,0,0
0,0,0
0,0,0
0,0,0
0,0,0
0,0,0
0,0,0
0,0,0
0,0,0
0,0,0
0,0,0
0,0,0
0,0,0
0,0,0
0,0,0
0,0,0
0,0,0
0,0,0
0,0,0
0,0,0
0,0,0
0,0,0
0,0,0
0,0,0
0,0,0
0,0,0
0,0,0
0,0,0
0,0,0
0,0,0
0,0,0
0,0,0
0,0,0
0,0,0
0,0,0
0,0,0
0,0,0
0,0,0
0,0,0
0,0,0
0,0,0
0,0,0
0,0,0
0,0,0
0,0,0
0,0,0
0,0,0
0,0,0
0,0,0
0,0,0
0,0,0
0,0,0
0,0,0
0,0,0
0,0,0
0,0,0
0,0,0
0,0,0
0,0,0
0,0,0
0,0,0
0,0,0
0,0,0
0,0,0
0,0,0
0,0,0
0,0,0
0,0,0
0,0,0
0,0,0
0,0,0
0,0,0
0,0,0
0,0,0
0,0,0
0,0,0
0,0,0
0,0,0
0,0,0
0,0,0
0,0,0
0,0,0
0,0,0
0,0,0
0,0,0
0,0,0
0,0,0
0,0,0
0,0,0
0,0,0
0,0,0
0,0,0
0,0,0
0,0,0
0,0,0
0,0,0
0,0,0
0,0,0
0,0,0
0,0,0
0,0,0
0,0,0
0,0,0
0,0,0
0,0,0
0,0,0
0,0,0
0,0,0
0,0,0
0,0,0
0,0,0
0,0,0
0,0,0
0,0,0
0,0,0
0,0,0
0,0,0
0,0,0
0,0,0
0,0,0
0,0,0
0,0,0
0,0,0
0,0,0
0,0,0
0,0,0
0,0,0
0,0,0
0,0,0
0,0,0
0,0,0
0,0,0
0,0,0
0,0,0
0,0,0
0,0,0
0,0,0
0,0,0
0,0,0
0,0,0
0,0,0
0,0,0
0,0,0
0,0,0
0,0,0
0,0,0
0,0,0
0,0,0
0,0,0
0,0,0
0,0,0
0,0,0
0,0,0
0,0,0
0,0,0
0,0,0
0,0,0
0,0,0
0,0,0
0,0,0
0,0,0
0,0,0
0,0,0
0,0,0
0,0,0
0,0,0
0,0,0
0,0,0
0,0,0
0,0,0
0,0,0
0,0,0
0,0,0
0,0,0
0,0,0
0,0,0
0,0,0
0,0,0
0,0,0
0,0,0
0,0,0
0,0,0
0,0,0
0,0,0
0,0,0
0,0,0
0,0,0
0,0,0
0,0,0
0,0,0
0,0,0
0,0,0
0,0,0
0,0,0
0,0,0
0,0,0
0,0,0
0,0,0
0,0,0
0,0,0
0,0,0
0,0,0
0,0,0
0,0,0
0,0,0
0,0,0
0,0,0
0,0,0
0,0,0
0,0,0
0,0,0
0,0,0
0,0,0
0,0,0
0,0,0
0,0,0
0,0,0
0,0,0
0,0,0
0,0,0
0,0,0
0,0,0
0,0,0
0,0,0
0,0,0
0,0,0
0,0,0
0,0,0
0,0,0
0,0,0
0,0,0
0,0,0
0,0,0
0,0,0
0,0,0
0,0,0
0,0,0
0,0,0
0,0,0
0,0,0
0,0,0
0,0,0
0,0,0
0,0,0
0,0,0
0,0,0
0,0,0
0,0,0
0,0,0
0,0,0
0,0,0
0,0,0
0,0,0
0,0,0
0,0,0
0,0,0
0,0,0
0,0,0
0,0,0
0,0,0
0,0,0
0,0,0
0,0,0
0,0,0
0,0,0
0,0,0
0,0,0
0,0,0
0,0,0
0,0,0
0,0,0
0,0,0
0,0,0
0,0,0
0,0,0
0,0,0
0,0,0
0,0,0
0,0,0
0,0,0
0,0,0
0,0,0
0,0,0
0,0,0
0,0,0
0,0,0
0,0,0
0,0,0
0,0,0
0,0,0
0,0,0
0,0,0
0,0,0
0,0,0
0,0,0
0,0,0
0,0,0
0,0,0
0,0,0
0,0,0
0,0,0
0,0,0
0,0,0
0,0,0
0,0,0
0,0,0
0,0,0
0,0,0
0,0,0
0,0,0
0,0,0
0,0,0
0,0,0
0,0,0
0,0,0
0,0,0
0,0,0
0,0,0
0,0,0
0,0,0
0,0,0
0,0,0
0,0,0
0,0,0
0,0,0
0,0,0
0,0,0
0,0,0
0,0,0
0,0,0
0,0,0
0,0,0
0,0,0
0,0,0
0,0,0
2.15631,7.25126,-0.884072
2.20451,7.25023,-0.885645
2.24543,7.2252,-0.884193
2.30263,7.25197,-0.889396
2.36667,7.29814,-0.897141
2.4245,7.32306,-0.902223
2.48686,7.35977,-0.908878
2.55235,7.4035,-0.916501
2.61813,7.44576,-0.924003
2.68688,7.49403,-0.932353
2.74371,7.50724,-0.936225
2.79976,7.51724,-0.939734
2.86133,7.54076,-0.945058
2.91291,7.53695,-0.946873
2.95183,7.50046,-0.944453
2.99632,7.47852,-0.943969
3.04515,7.46735,-0.944937
3.08635,7.43752,-0.943485
3.12884,7.41113,-0.942517
3.17308,7.38905,-0.942154
3.21716,7.36671,-0.941791
3.2623,7.34684,-0.941791
3.30528,7.32216,-0.941186
3.34725,7.29542,-0.940339
3.38776,7.26575,-0.939129
3.42888,7.23765,-0.938161
3.46461,7.19858,-0.935741
3.50174,7.16292,-0.933805
3.54342,7.13685,-0.9332
3.58938,7.11941,-0.933805
3.62983,7.09106,-0.932958
3.67236,7.0669,-0.932716
3.71843,7.0495,-0.933442
3.76255,7.0283,-0.933684
3.80418,7.00246,-0.933321
3.84325,6.97204,-0.932353
3.88256,6.94226,-0.931506
3.92313,6.91485,-0.931022
3.96004,6.88118,-0.929691
3.99968,6.85247,-0.929086
4.03508,6.81669,-0.927512
4.07121,6.78244,-0.926181
4.10656,6.74716,-0.924729
4.14111,6.71085,-0.923156
4.17642,6.67606,-0.921825
4.20561,6.63186,-0.919163
4.24408,6.60259,-0.918679
4.28884,6.58308,-0.919647
4.32697,6.55333,-0.919163
4.36103,6.51758,-0.917832
4.39314,6.47919,-0.916138
4.42438,6.43984,-0.914323
4.46495,6.4142,-0.914565
4.51337,6.39966,-0.916501
4.55313,6.37266,-0.916622
4.59273,6.34541,-0.916743
4.6351,6.32191,-0.917469
4.67321,6.29255,-0.917348
4.70935,6.26059,-0.916864
4.72421,6.20078,-0.912145
4.75975,6.16853,-0.911661
4.79017,6.12982,-0.910209
4.82092,6.09175,-0.908878
4.85821,6.06205,-0.908878
4.88781,6.02288,-0.907426
4.92278,5.99047,-0.907063
4.95818,5.95863,-0.906821
4.99337,5.92658,-0.906579
5.01804,5.88223,-0.904401
5.04042,5.83555,-0.90186
5.07482,5.80302,-0.901618
5.10967,5.77103,-0.901497
5.14234,5.73661,-0.901013
5.1721,5.69907,-0.900045
5.19287,5.65187,-0.897504
5.22272,5.61482,-0.896657
5.2598,5.58555,-0.897141
5.28644,5.54527,-0.89581
5.31623,5.50844,-0.895084
5.34091,5.46649,-0.893511
5.36877,5.42797,-0.892543
5.40057,5.39352,-0.892301
5.4272,5.35401,-0.891212
5.45071,5.3116,-0.889638
5.48034,5.2753,-0.889154
5.51189,5.24089,-0.889033
5.52947,5.19338,-0.886613
5.5394,5.13909,-0.882983
5.57157,5.10568,-0.883104
5.61603,5.08339,-0.885282
5.6301,5.03361,-0.882499
5.64303,4.9832,-0.879595
5.6548,4.93217,-0.87657
5.66315,4.87858,-0.873061
5.69222,4.8431,-0.87294
5.72031,4.80681,-0.872698
5.74817,4.77035,-0.872456
5.77349,4.73184,-0.871851
5.79624,4.69133,-0.870883
5.81096,4.64452,-0.868705
5.82533,4.5977,-0.866527
5.83699,4.54906,-0.863986
5.8585,4.50831,-0.863018
5.87973,4.46747,-0.86205
5.89433,4.42178,-0.860114
5.91098,4.37785,-0.858541
5.92731,4.33388,-0.856968
5.9554,4.29859,-0.85721
5.97924,4.26024,-0.856847
5.99796,4.21833,-0.855758
6.00987,4.17182,-0.853701
6.00752,4.11579,-0.849586
6.02279,4.07218,-0.848134
6.04106,4.03074,-0.847166
6.05159,3.98431,-0.845109
6.06926,3.94278,-0.844141
6.09,3.90332,-0.843657
6.11719,3.868,-0.844141
6.13575,3.82724,-0.843415
6.14644,3.78172,-0.8416
6.15171,3.73311,-0.839059
6.16002,3.68663,-0.837002
6.17996,3.64725,-0.836639
6.19622,3.60576,-0.835792
6.21651,3.56669,-0.83555
6.23482,3.52652,-0.835066
6.25287,3.48627,-0.834582
6.26719,3.44401,-0.833614
6.28558,3.40407,-0.833251
6.30197,3.3631,-0.832646
6.32249,3.32437,-0.832646
6.31897,3.27318,-0.829379
6.32302,3.22622,-0.827201
6.33738,3.18469,-0.826475
6.36125,3.14795,-0.82708
6.37955,3.10842,-0.826959
6.38418,3.06235,-0.825023
6.38939,3.01676,-0.823208
6.41498,2.98084,-0.824176
6.42864,2.93936,-0.823571
6.44203,2.89782,-0.822966
6.46695,2.86146,-0.823934
6.48438,2.82172,-0.823934
6.49975,2.7811,-0.823692
6.5048,2.73616,-0.822119
6.51504,2.69354,-0.821272
6.52593,2.65127,-0.820546
6.54115,2.61081,-0.820425
6.55613,2.57026,-0.820304
6.55695,2.52428,-0.818368
6.5751,2.48505,-0.818731
6.59674,2.44708,-0.819578
6.6107,2.40622,-0.819457
6.62721,2.36628,-0.819699
6.63786,2.32426,-0.819215
6.65199,2.28348,-0.819215
6.65459,2.23882,-0.817763
6.66349,2.19639,-0.817158
6.69479,2.16126,-0.819457
6.71171,2.12134,-0.819941
6.7227,2.07953,-0.819699
6.75623,2.04457,-0.822361
6.74295,1.99547,-0.819094
6.75126,1.95295,-0.81861
6.76598,1.9123,-0.818973
6.77759,1.87075,-0.818973
6.79469,1.83068,-0.819699
6.80771,1.78946,-0.819941
6.81952,1.7479,-0.820062
6.83205,1.70651,-0.820304
6.84914,1.6662,-0.821151
6.86793,1.6262,-0.82224
6.90293,1.58982,-0.825386
6.92127,1.54939,-0.826475
6.92677,1.50605,-0.825991
6.93102,1.46249,-0.825386
6.96029,1.42412,-0.827927
6.95429,1.37849,-0.826112
6.96554,1.33635,-0.826475
6.98922,1.29649,-0.828411
6.99998,1.2541,-0.828774
7.00363,1.21045,-0.82829
6.99428,1.16468,-0.826233
6.98561,1.11923,-0.824297
7.00412,1.07816,-0.825749
7.02926,1.03792,-0.828048
7.04926,0.996718,-0.829742
7.05426,0.953313,-0.829621
7.05998,0.910011,-0.829621
7.07429,0.867764,-0.83071
7.08737,0.82526,-0.831678
7.07948,0.780341,-0.830105
7.09993,0.738534,-0.832041
7.09741,0.694278,-0.831194
7.09066,0.649718,-0.829863
7.08166,0.605097,-0.82829
7.09315,0.562262,-0.829258
7.1331,0.521413,-0.833735
7.14112,0.477967,-0.83434
7.14689,0.434322,-0.834703
7.1633,0.391222,-0.836397
7.16358,0.347165,-0.836155
7.15665,0.302824,-0.835066
7.15242,0.25869,-0.83434
7.1499,0.214679,-0.833856
7.1491,0.170756,-0.833614
7.13513,0.12662,-0.831799
7.11592,0.0826037,-0.829379
7.10041,0.0388503,-0.827443
7.10448,-0.00471976,-0.827927
7.09837,-0.0482724,-0.827201
7.07908,-0.0915854,-0.824902
7.07342,-0.134926,-0.824297
7.0804,-0.178524,-0.825265
7.05833,-0.221315,-0.822724
7.02609,-0.263472,-0.818973
7.0293,-0.306794,-0.819578
7.02332,-0.349723,-0.819094
6.99825,-0.391539,-0.816311
6.97986,-0.43349,-0.814375
6.96716,-0.475635,-0.813165
6.95125,-0.51742,-0.811592
6.93607,-0.559107,-0.810139
6.91767,-0.600371,-0.808324
6.91089,-0.64253,-0.807961
6.89003,-0.68326,-0.805904
6.89064,-0.726043,-0.806509
6.86534,-0.766001,-0.803968
6.83586,-0.805213,-0.800943
6.81405,-0.845068,-0.798886
6.82941,-0.889551,-0.801427
6.81202,-0.92983,-0.799975
6.77768,-0.967546,-0.796466
6.78242,-1.01072,-0.797797
6.72802,-1.04486,-0.791868
6.71169,-1.08454,-0.790658
6.70784,-1.1262,-0.791021
6.72428,-1.17142,-0.793925
6.70524,-1.21054,-0.792473
6.67817,-1.24802,-0.790053
6.66941,-1.28878,-0.789932
6.65749,-1.32891,-0.789448
6.63268,-1.36633,-0.787391
6.59892,-1.40164,-0.784245
6.57953,-1.43977,-0.782914
6.5851,-1.48339,-0.784729
6.55943,-1.51996,-0.782672
6.54322,-1.55857,-0.781825
6.53547,-1.59916,-0.782067
6.49568,-1.63174,-0.778316
6.50381,-1.67627,-0.780615
6.46845,-1.70955,-0.777469
6.48754,-1.75725,-0.78122
6.46803,-1.79464,-0.780131
6.41393,-1.82209,-0.774686
6.39977,-1.86058,-0.774323
6.37966,-1.89727,-0.773233
6.3698,-1.93696,-0.773475
6.36254,-1.97748,-0.774081
6.33893,-2.01288,-0.772628
6.30663,-2.04531,-0.770087
6.29208,-2.08334,-0.769845
6.26319,-2.11651,-0.767788
6.24539,-2.15328,-0.767183
6.22925,-2.19058,-0.76682
6.22037,-2.23043,-0.767425
6.2019,-2.26685,-0.76682
6.18508,-2.30383,-0.766457
6.16155,-2.33821,-0.765247
6.14894,-2.37669,-0.765489
6.10376,-2.40238,-0.761496
6.10272,-2.44533,-0.763311
6.06922,-2.47523,-0.760891
6.06217,-2.51585,-0.76198
6.05759,-2.55763,-0.763432
6.03723,-2.59279,-0.762827
6.03394,-2.63535,-0.764521
6.00314,-2.66588,-0.762585
5.96405,-2.69245,-0.75956
5.93027,-2.72114,-0.757261
5.91706,-2.75915,-0.757745
5.89015,-2.79073,-0.756414
5.87739,-2.82897,-0.757019
5.8626,-2.86629,-0.757382
5.85557,-2.9075,-0.758834
5.82432,-2.93668,-0.757019
5.8115,-2.97507,-0.757745
5.79842,-3.01342,-0.758471
5.78772,-3.05311,-0.75956
5.747,-3.07685,-0.756535
5.72714,-3.11158,-0.756414
5.71402,-3.15002,-0.757261
5.69546,-3.18551,-0.757382
5.6758,-3.22039,-0.757382
5.64303,-3.24773,-0.755567
5.62557,-3.2838,-0.75593
5.60531,-3.31825,-0.75593
5.58229,-3.35105,-0.755567
5.55145,-3.37905,-0.754115
5.52554,-3.40992,-0.753389
5.50115,-3.44166,-0.752905
5.47406,-3.47163,-0.752058
5.45349,-3.50569,-0.752179
5.4352,-3.54125,-0.752663
5.40675,-3.57016,-0.751695
5.37814,-3.59885,-0.750727
5.35513,-3.63123,-0.750606
5.33275,-3.66402,-0.750606
5.30446,-3.6927,-0.749759
5.28333,-3.72632,-0.750001
5.24986,-3.75117,-0.748428
5.23077,-3.78622,-0.749033
5.20424,-3.8159,-0.748549
5.18551,-3.85131,-0.749275
5.15543,-3.87828,-0.748307
5.13707,-3.91405,-0.749154
5.10195,-3.93701,-0.74746
5.0777,-3.96824,-0.74746
5.04936,-3.99624,-0.746855
5.03636,-4.03646,-0.74867
5.00534,-4.06228,-0.747702
4.96498,-4.08032,-0.745282
4.93908,-4.11007,-0.745161
4.91073,-4.13774,-0.744677
4.88072,-4.16393,-0.743951
4.85733,-4.19574,-0.744314
4.81655,-4.2124,-0.741894
4.79805,-4.24846,-0.743104
4.77337,-4.27914,-0.743346
4.73158,-4.29434,-0.740805
4.70295,-4.32128,-0.740442
4.67707,-4.35073,-0.740563
4.64884,-4.37799,-0.740321
4.63052,-4.41465,-0.741773
4.60548,-4.44504,-0.742136
4.57741,-4.47252,-0.742015
4.54918,-4.49983,-0.741894
4.51236,-4.51853,-0.740321
4.48316,-4.54472,-0.740079
4.45796,-4.57498,-0.740563
4.43256,-4.60511,-0.741047
4.40627,-4.63438,-0.74141
4.37163,-4.65482,-0.740321
4.33489,-4.67282,-0.738869
4.30412,-4.69714,-0.738506
4.28321,-4.73229,-0.739958
4.26469,-4.77032,-0.741894
4.23402,-4.79491,-0.741652
4.2006,-4.81631,-0.740926
4.16903,-4.83974,-0.740563
4.13732,-4.86296,-0.7402
4.10549,-4.88597,-0.739837
4.08558,-4.92329,-0.741773
4.04208,-4.93215,-0.739232
4.00612,-4.94991,-0.738143
3.97753,-4.97673,-0.738506
3.94692,-5.00104,-0.738506
3.91799,-5.02751,-0.738869
3.87253,-5.03258,-0.735965
3.83978,-5.05388,-0.735601
3.81406,-5.08449,-0.736691
3.79047,-5.11816,-0.738264
3.76486,-5.14934,-0.739474
3.72622,-5.16268,-0.738022
3.69793,-5.1903,-0.738748
3.66601,-5.21289,-0.738748
3.64528,-5.2516,-0.741168
3.61523,-5.27714,-0.741652
3.58501,-5.30251,-0.742136
3.54965,-5.32028,-0.741531
3.50656,-5.32621,-0.739232
3.47652,-5.35179,-0.739837
3.43772,-5.36382,-0.738506
3.40581,-5.3865,-0.738748
3.3811,-5.42077,-0.740684
3.3457,-5.43803,-0.7402
3.33029,-5.48815,-0.744435
3.28483,-5.4889,-0.741652
3.24957,-5.50638,-0.741289
3.20324,-5.50477,-0.738264
3.16891,-5.52346,-0.738143
3.12909,-5.53244,-0.736691
3.11104,-5.58014,-0.740684
3.08392,-5.61217,-0.742499
3.04659,-5.62575,-0.741773
3.00921,-5.63908,-0.741047
2.98056,-5.66886,-0.74262
2.95074,-5.69674,-0.743951
2.90625,-5.69617,-0.74141
2.81552,-5.60304,-0.726284
2.75862,-5.57484,-0.720113
2.71523,-5.57292,-0.717572
2.68356,-5.59485,-0.718298
2.66699,-5.6489,-0.72338
2.68584,-5.78038,-0.738869
2.66766,-5.83466,-0.743951
2.63548,-5.85907,-0.74504
2.59546,-5.86605,-0.74383
2.55981,-5.88278,-0.743951
2.52289,-5.89655,-0.743709
2.49397,-5.9293,-0.746008
2.45793,-5.94541,-0.746129
2.42327,-5.96498,-0.746734
2.39693,-6.00555,-0.750122
2.372,-6.05064,-0.754115
2.33554,-6.06693,-0.754357
2.29862,-6.08208,-0.754478
2.25297,-6.07373,-0.751574
2.22143,-6.1033,-0.753631
2.19429,-6.14579,-0.757382
2.1549,-6.15445,-0.756777
2.12129,-6.17977,-0.75835
2.07985,-6.18232,-0.757019
2.04592,-6.20722,-0.758592
2.00871,-6.22249,-0.758955
1.97378,-6.24511,-0.760286
1.93014,-6.24003,-0.758108
1.89182,-6.25176,-0.758108
1.84919,-6.24897,-0.756293
1.80999,-6.25734,-0.75593
1.76616,-6.24922,-0.75351
1.72989,-6.2676,-0.754478
1.69967,-6.30876,-0.75835
1.65866,-6.31043,-0.757261
1.61399,-6.29741,-0.754357
0,0,0
1.52884,-6.28492,-0.750364
0,0,0
0,0,0
0,0,0
0,0,0
0,0,0
0,0,0
0,0,0
0,0,0
0,0,0
0,0,0
0,0,0
0,0,0
0,0,0
0,0,0
0,0,0
0,0,0
0,0,0
0,0,0
0,0,0
0,0,0
0,0,0
0,0,0
0,0,0
0,0,0
0,0,0
0,0,0
0,0,0
0,0,0
0,0,0
0,0,0
0,0,0
0,0,0
0,0,0
0,0,0
0,0,0
0,0,0
0,0,0
0,0,0
0,0,0
0,0,0
0,0,0
0,0,0
0,0,0
0,0,0
0,0,0
0,0,0
0,0,0
0,0,0
0,0,0
0,0,0
0,0,0
0,0,0
0,0,0
0,0,0
0,0,0
0,0,0
0,0,0
0,0,0
0,0,0
0,0,0
0,0,0
0,0,0
0,0,0
0,0,0
0,0,0
0,0,0
0,0,0
0,0,0
0,0,0
0,0,0
0,0,0
0,0,0
0,0,0
0,0,0
0,0,0
0,0,0
0,0,0
0,0,0
0,0,0
0,0,0
0,0,0
0,0,0
0,0,0
0,0,0
0,0,0
0,0,0
0,0,0
0,0,0
0,0,0
0,0,0
0,0,0
0,0,0
0,0,0
0,0,0
0,0,0
0,0,0
0,0,0
0,0,0
0,0,0
0,0,0
0,0,0
0,0,0
0,0,0
0,0,0
0,0,0
0,0,0
0,0,0
0,0,0
0,0,0
0,0,0
0,0,0
0,0,0
0,0,0
0,0,0
0,0,0
0,0,0
0,0,0
0,0,0
0,0,0
0,0,0
0,0,0
0,0,0
0,0,0
0,0,0
0,0,0
0,0,0
0,0,0
0,0,0
0,0,0
0,0,0
0,0,0
0,0,0
0,0,0
0,0,0
0,0,0
0,0,0
0,0,0
0,0,0
0,0,0
0,0,0
0,0,0
0,0,0
0,0,0
0,0,0
0,0,0
0,0,0
0,0,0
0,0,0
0,0,0
0,0,0
0,0,0
0,0,0
0,0,0
0,0,0
0,0,0
0,0,0
0,0,0
0,0,0
0,0,0
0,0,0
0,0,0
0,0,0
0,0,0
0,0,0
0,0,0
0,0,0
0,0,0
0,0,0
0,0,0
0,0,0
0,0,0
0,0,0
0,0,0
0,0,0
0,0,0
0,0,0
0,0,0
0,0,0
0,0,0
0,0,0
0,0,0
0,0,0
0,0,0
0,0,0
0,0,0
0,0,0
0,0,0
0,0,0
0,0,0
0,0,0
0,0,0
0,0,0
0,0,0
0,0,0
0,0,0
0,0,0
0,0,0
0,0,0
0,0,0
0,0,0
0,0,0
0,0,0
0,0,0
0,0,0
0,0,0
0,0,0
0,0,0
0,0,0
0,0,0
0,0,0
0,0,0
0,0,0
0,0,0
0,0,0
0,0,0
0,0,0
0,0,0
0,0,0
0,0,0
0,0,0
0,0,0
0,0,0
0,0,0
0,0,0
0,0,0
0,0,0
0,0,0
0,0,0
0,0,0
0,0,0
0,0,0
0,0,0
0,0,0
0,0,0
0,0,0
0,0,0
0,0,0
0,0,0
0,0,0
0,0,0
0,0,0
0,0,0
0,0,0
0,0,0
0,0,0
0,0,0
0,0,0
0,0,0
0,0,0
0,0,0
0,0,0
0,0,0
0,0,0
0,0,0
0,0,0
0,0,0
0,0,0
0,0,0
0,0,0
0,0,0
0,0,0
0,0,0
0,0,0
0,0,0
0,0,0
0,0,0
0,0,0
0,0,0
0,0,0
0,0,0
0,0,0
0,0,0
0,0,0
0,0,0
0,0,0
0,0,0
0,0,0
0,0,0
0,0,0
0,0,0
0,0,0
0,0,0
0,0,0
0,0,0
0,0,0
0,0,0
0,0,0
0,0,0
0,0,0
0,0,0
0,0,0
0,0,0
0,0,0
0,0,0
0,0,0
0,0,0
0,0,0
0,0,0
0,0,0
0,0,0
0,0,0
0,0,0
0,0,0
0,0,0
0,0,0
0,0,0
0,0,0
0,0,0
0,0,0
0,0,0
0,0,0
0,0,0
0,0,0
0,0,0
0,0,0
0,0,0
0,0,0
0,0,0
0,0,0
0,0,0
0,0,0
0,0,0
0,0,0
0,0,0
0,0,0
0,0,0
0,0,0
0,0,0
0,0,0
0,0,0
0,0,0
0,0,0
0,0,0
0,0,0
0,0,0
0,0,0
0,0,0
0,0,0
0,0,0
0,0,0
0,0,0
0,0,0
0,0,0
0,0,0
0,0,0
0,0,0
0,0,0
0,0,0
0,0,0
0,0,0
0,0,0
0,0,0
0,0,0
0,0,0
0,0,0
0,0,0
0,0,0
0,0,0
0,0,0
0,0,0
0,0,0
0,0,0
0,0,0
0,0,0
0,0,0
0,0,0
0,0,0
0,0,0
0,0,0
0,0,0
0,0,0
0,0,0
0,0,0
0,0,0
0,0,0
0,0,0
0,0,0
0,0,0
0,0,0
0,0,0
0,0,0
0,0,0
0,0,0
0,0,0
0,0,0
0,0,0
0,0,0
0,0,0
0,0,0
0,0,0
0,0,0
0,0,0
0,0,0
0,0,0
0,0,0
0,0,0
0,0,0
0,0,0
0,0,0
0,0,0
0,0,0
0,0,0
0,0,0
0,0,0
0,0,0
0,0,0
0,0,0
0,0,0
0,0,0
0,0,0
0,0,0
0,0,0
0,0,0
0,0,0
0,0,0
0,0,0
0,0,0
0,0,0
0,0,0
0,0,0
0,0,0
0,0,0
0,0,0
0,0,0
0,0,0
0,0,0
0,0,0
0,0,0
0,0,0
0,0,0
0,0,0
0,0,0
0,0,0
0,0,0
0,0,0
0,0,0
0,0,0
0,0,0
0,0,0
0,0,0
0,0,0
0,0,0
0,0,0
0,0,0
0,0,0
0,0,0
0,0,0
0,0,0
0,0,0
0,0,0
0,0,0
0,0,0
0,0,0
0,0,0
0,0,0
0,0,0
0,0,0
0,0,0
0,0,0
0,0,0
0,0,0
0,0,0
0,0,0
0,0,0
0,0,0
0,0,0
0,0,0
0,0,0
0,0,0
0,0,0
0,0,0
0,0,0
0,0,0
0,0,0
0,0,0
0,0,0
0,0,0
0,0,0
0,0,0
0,0,0
0,0,0
0,0,0
0,0,0
0,0,0
0,0,0
0,0,0
0,0,0
0,0,0
0,0,0
0,0,0
0,0,0
0,0,0
0,0,0
0,0,0
0,0,0
0,0,0
0,0,0
0,0,0
0,0,0
0,0,0
0,0,0
0,0,0
0,0,0
0,0,0
0,0,0
0,0,0
0,0,0
0,0,0
0,0,0
0,0,0
0,0,0
0,0,0
0,0,0
0,0,0
0,0,0
0,0,0
0,0,0
0,0,0
0,0,0
0,0,0
0,0,0
0,0,0
0,0,0
0,0,0
0,0,0
0,0,0
0,0,0
0,0,0
0,0,0
0,0,0
0,0,0
0,0,0
0,0,0
0,0,0
0,0,0
0,0,0
0,0,0
0,0,0
0,0,0
0,0,0
0,0,0
0,0,0
0,0,0
0,0,0
0,0,0
0,0,0
0,0,0
0,0,0
0,0,0
0,0,0
0,0,0
0,0,0
0,0,0
0,0,0
0,0,0
0,0,0
0,0,0
0,0,0
0,0,0
0,0,0
0,0,0
0,0,0
0,0,0
0,0,0
0,0,0
0,0,0
0,0,0
0,0,0
0,0,0
0,0,0
0,0,0
0,0,0
0,0,0
0,0,0
0,0,0
0,0,0
0,0,0
0,0,0
0,0,0
0,0,0
0,0,0
0,0,0
0,0,0
0,0,0
0,0,0
0,0,0
0,0,0
2.36912,7.02205,-0.954483
2.39829,6.96709,-0.948773
2.44099,6.95224,-0.948773
2.4806,6.92873,-0.947578
2.51933,6.90314,-0.946118
2.57131,6.91356,-0.949836
2.60912,6.88561,-0.94811
2.65346,6.87501,-0.948906
2.69415,6.85491,-0.948375
2.75089,6.87506,-0.953686
2.79975,6.87458,-0.956076
2.84264,6.8591,-0.956342
2.86849,6.80317,-0.950765
2.90784,6.77998,-0.949968
2.94027,6.74111,-0.946915
2.98118,6.72204,-0.946782
3.013,6.68284,-0.943728
3.04734,6.64981,-0.941604
3.0839,6.622,-0.940276
3.12786,6.61012,-0.941338
3.15891,6.57115,-0.938417
3.197,6.54719,-0.937753
3.23711,6.52745,-0.937753
3.27042,6.49419,-0.935761
3.30118,6.45635,-0.933106
3.3389,6.43246,-0.932575
3.37831,6.41185,-0.932575
3.41759,6.391,-0.932575
3.45343,6.36381,-0.931645
3.47711,6.31472,-0.927397
3.49694,6.25952,-0.922218
3.52893,6.22673,-0.920492
3.57201,6.21356,-0.92182
3.60657,6.18553,-0.920891
3.63891,6.1539,-0.91943
3.67813,6.134,-0.919828
3.71054,6.10285,-0.918501
3.74064,6.06816,-0.916642
3.7757,6.04173,-0.916111
3.81641,6.02431,-0.91704
3.85491,6.00328,-0.917438
3.89708,5.98782,-0.918766
3.93266,5.96214,-0.918501
3.96476,5.93131,-0.917438
3.99274,5.89456,-0.915447
4.0322,5.87485,-0.916243
4.06987,5.85244,-0.916642
4.10513,5.82655,-0.916509
4.1218,5.77463,-0.912127
4.14961,5.73879,-0.910401
4.19353,5.72521,-0.912393
4.23271,5.70495,-0.913322
4.26645,5.67728,-0.913057
4.2928,5.63996,-0.911198
4.3128,5.59467,-0.908011
4.34399,5.5642,-0.907348
4.38113,5.54133,-0.908011
4.41257,5.51124,-0.90748
4.44505,5.48253,-0.907215
4.47484,5.45055,-0.906418
4.50249,5.41613,-0.905223
4.53947,5.39295,-0.90602
4.56669,5.35821,-0.904825
4.58394,5.31208,-0.901638
4.62819,5.29729,-0.904028
4.65995,5.26805,-0.903895
4.6902,5.23714,-0.903497
4.71159,5.19652,-0.901373
4.72194,5.14415,-0.897124
4.75004,5.11144,-0.89646
4.77928,5.08004,-0.896062
4.81172,5.05205,-0.896327
4.833,5.01244,-0.894468
4.85605,4.97489,-0.893008
4.87743,4.93584,-0.891282
4.90201,4.90021,-0.89022
4.9341,4.87213,-0.890618
4.95965,4.83761,-0.889821
4.98567,4.80365,-0.889157
5.00284,4.76135,-0.8869
5.02619,4.72514,-0.885838
5.05,4.68949,-0.884908
5.0743,4.65439,-0.884112
5.0866,4.60853,-0.881191
5.09853,4.56269,-0.87827
5.12198,4.52739,-0.877473
5.15563,4.50109,-0.878535
5.17189,4.45966,-0.876544
5.18709,4.41756,-0.874419
5.20196,4.37544,-0.872295
5.21346,4.33078,-0.869639
5.21848,4.2811,-0.865922
5.23155,4.2384,-0.863664
5.25204,4.20188,-0.862735
5.26839,4.16221,-0.861142
5.28211,4.12066,-0.85915
5.30258,4.08454,-0.858353
5.30072,4.03153,-0.853839
5.33408,4.00548,-0.8553
5.35219,3.96795,-0.854237
5.37003,3.93035,-0.853175
5.37316,3.88224,-0.849723
5.40898,3.85783,-0.851715
5.41472,3.81201,-0.848794
5.42906,3.7725,-0.847333
5.4472,3.73575,-0.846536
5.46838,3.70115,-0.846271
5.51406,3.68293,-0.849989
5.53076,3.64521,-0.849059
5.53308,3.59824,-0.845873
5.53086,3.5487,-0.842022
5.55421,3.51576,-0.842288
5.57736,3.48266,-0.842553
5.5809,3.43746,-0.839765
5.6112,3.40881,-0.841225
5.64052,3.37941,-0.842553
5.6492,3.33768,-0.840694
5.66101,3.29797,-0.839367
5.68887,3.26761,-0.840562
5.69847,3.22678,-0.838968
5.70777,3.18596,-0.837375
5.72027,3.14706,-0.836313
5.72814,3.10576,-0.834587
5.75234,3.07336,-0.835383
5.77635,3.04077,-0.83618
5.78874,3.00208,-0.83525
5.7991,2.96245,-0.834056
5.83754,2.93705,-0.837109
5.85456,2.90074,-0.836977
5.86156,2.85955,-0.835383
5.86023,2.81452,-0.832595
5.87022,2.77512,-0.831533
5.87905,2.73528,-0.830338
5.88761,2.69545,-0.829143
5.90675,2.66049,-0.829541
5.93565,2.62982,-0.8314
5.94532,2.59058,-0.830471
5.95108,2.54976,-0.82901
5.96113,2.51088,-0.828213
5.96544,2.46971,-0.82662
5.97221,2.4297,-0.825425
6.00818,2.40147,-0.828479
6.00896,2.35913,-0.826487
6.0187,2.32043,-0.825823
6.01058,2.27504,-0.822637
6.02721,2.23915,-0.823035
6.04363,2.20314,-0.823434
6.06077,2.16735,-0.823965
6.08705,2.13471,-0.825823
6.09722,2.09636,-0.825425
6.10057,2.05574,-0.824097
6.1159,2.0192,-0.824496
6.14137,1.98591,-0.826355
6.14116,1.9443,-0.824628
6.15013,1.9057,-0.82423
6.15033,1.86448,-0.822637
6.155,1.82473,-0.821707
6.18036,1.79107,-0.823699
6.20077,1.75582,-0.825027
6.21047,1.71747,-0.824894
6.21898,1.67882,-0.824628
6.23012,1.64088,-0.824761
6.22471,1.59868,-0.822637
6.24498,1.5631,-0.824097
6.26312,1.52686,-0.825292
6.26562,1.4868,-0.824363
6.27752,1.449,-0.824761
6.2892,1.4111,-0.82516
6.30258,1.37354,-0.825823
6.32737,1.33833,-0.828081
6.33158,1.29868,-0.82755
6.34818,1.26155,-0.828745
6.33926,1.21939,-0.826487
6.36221,1.18337,-0.828612
6.37325,1.14501,-0.829143
6.38602,1.1069,-0.829939
6.39269,1.06769,-0.829939
6.40695,1.02971,-0.831002
6.40727,0.989468,-0.830205
6.41224,0.949989,-0.830072
6.43856,0.913549,-0.832861
6.42243,0.871097,-0.829939
6.42176,0.83091,-0.829143
6.44248,0.793429,-0.831267
6.45707,0.755034,-0.832595
6.46848,0.716163,-0.833524
6.47373,0.676563,-0.833657
6.47974,0.637022,-0.833923
6.48846,0.597705,-0.834587
6.48213,0.557034,-0.833259
6.4953,0.518037,-0.834587
6.49836,0.478173,-0.834587
6.50414,0.43849,-0.834985
6.49187,0.397665,-0.832993
6.47637,0.356844,-0.830603
6.45171,0.315792,-0.827018
6.46937,0.276877,-0.829143
6.47194,0.237212,-0.829276
6.4812,0.197738,-0.830338
6.48328,0.157991,-0.830471
6.47917,0.118117,-0.829807
6.4768,0.0783235,-0.829408
6.47419,0.0385636,-0.82901
6.48917,-0.0011656,-0.831002
6.50688,-0.0410961,-0.833392
6.51443,-0.08112,-0.834454
6.49994,-0.120832,-0.832595
6.50601,-0.160884,-0.833524
6.50193,-0.200709,-0.833126
6.46987,-0.239462,-0.82901
6.45343,-0.278514,-0.827018
6.43774,-0.317422,-0.82516
6.4228,-0.356203,-0.823434
6.43237,-0.396338,-0.825027
6.42289,-0.43533,-0.824097
6.41417,-0.474293,-0.823301
6.41904,-0.514274,-0.824363
6.40984,-0.553139,-0.823566
6.4083,-0.592641,-0.823832
6.37693,-0.629224,-0.820114
6.36407,-0.667409,-0.818919
6.33129,-0.703271,-0.815069
6.33276,-0.742799,-0.815865
6.31432,-0.77994,-0.814006
6.33005,-0.821349,-0.816795
6.30918,-0.858036,-0.81467
6.2724,-0.892264,-0.810422
6.22955,-0.925198,-0.805376
6.2835,-0.972657,-0.813475
6.26372,-1.00899,-0.811616
6.21049,-1.03954,-0.805243
6.15321,-1.06881,-0.798339
6.19726,-1.11568,-0.805243
6.19225,-1.15405,-0.805509
6.18116,-1.19127,-0.804978
6.17568,-1.22956,-0.805243
6.13792,-1.26124,-0.801127
6.11067,-1.29477,-0.798472
6.13166,-1.33858,-0.802455
6.07305,-1.36488,-0.795551
6.06553,-1.40234,-0.795683
6.06259,-1.44091,-0.79648
4.29837,-1.04939,-0.554431
4.28993,-1.07526,-0.554165
6.02928,-1.55077,-0.795683
6.0072,-1.58445,-0.793957
6.00023,-1.62206,-0.794356
5.99112,-1.65911,-0.794488
5.97606,-1.69449,-0.793825
5.97221,-1.73306,-0.794754
5.94246,-1.76403,-0.792099
5.90687,-1.79297,-0.788646
5.87872,-1.82389,-0.786256
5.85419,-1.85573,-0.784398
5.84364,-1.89192,-0.78453
5.82533,-1.92557,-0.783601
5.79838,-1.9562,-0.781476
5.77596,-1.9882,-0.780016
5.75056,-2.019,-0.778157
5.74366,-2.05625,-0.778954
5.73652,-2.0935,-0.77975
5.7375,-2.13384,-0.781742
5.70206,-2.16057,-0.778555
5.70164,-2.20052,-0.780414
5.69725,-2.23909,-0.781742
5.70273,-2.28173,-0.78453
5.68771,-2.31631,-0.784398
5.6505,-2.34168,-0.781078
5.65794,-2.38555,-0.784265
5.65048,-2.42334,-0.785327
5.6137,-2.44846,-0.78214
5.5868,-2.47763,-0.780414
5.5751,-2.5135,-0.780945
5.53435,-2.53609,-0.777228
5.51599,-2.56875,-0.776829
5.49385,-2.59958,-0.7759
5.4769,-2.63281,-0.775767
5.47668,-2.67419,-0.778157
5.45572,-2.70555,-0.777493
5.44787,-2.74343,-0.778821
5.40623,-2.76417,-0.775103
5.40148,-2.80368,-0.776962
5.36138,-2.82476,-0.77351
5.31947,-2.84451,-0.769792
5.33415,-2.89459,-0.774705
5.30848,-2.92297,-0.77351
5.29044,-2.95548,-0.77351
5.28342,-2.99424,-0.775236
5.25893,-3.02315,-0.774307
5.23001,-3.04937,-0.772713
5.21632,-3.08443,-0.77351
5.16754,-3.09853,-0.768863
5.15182,-3.13224,-0.769394
5.13082,-3.16275,-0.769128
5.1172,-3.19785,-0.770058
5.08827,-3.22336,-0.768597
5.0734,-3.25773,-0.769394
5.05248,-3.28826,-0.769261
5.03387,-3.32029,-0.769527
5.00763,-3.34726,-0.768597
4.97059,-3.3668,-0.765942
4.95474,-3.40061,-0.766738
4.91425,-3.41736,-0.763552
4.89562,-3.44916,-0.76395
4.88646,-3.48777,-0.765942
4.84329,-3.50201,-0.762357
4.8321,-3.53928,-0.764083
4.81587,-3.57299,-0.765012
4.76612,-3.58163,-0.760365
4.73775,-3.60601,-0.759303
4.71945,-3.63804,-0.759967
4.70329,-3.67181,-0.761029
4.67212,-3.69383,-0.759569
4.64473,-3.71871,-0.758772
4.62644,-3.75089,-0.759569
4.59874,-3.77543,-0.758772
4.58387,-3.81055,-0.760232
4.55282,-3.83222,-0.758905
4.51489,-3.84787,-0.756382
4.50996,-3.89169,-0.759701
4.48898,-3.92189,-0.760232
4.46186,-3.94674,-0.759701
4.43239,-3.96941,-0.758772
4.41236,-4.00053,-0.759569
4.37459,-4.01546,-0.757179
4.35204,-4.04425,-0.757577
4.33581,-4.07903,-0.75917
4.30639,-4.10146,-0.758374
4.28329,-4.12987,-0.758772
4.25999,-4.15815,-0.75917
4.24286,-4.19257,-0.760764
4.21005,-4.21151,-0.759436
4.1883,-4.2415,-0.760232
4.14836,-4.25293,-0.757577
4.11737,-4.2733,-0.756648
4.09176,-4.2992,-0.75678
4.06734,-4.3264,-0.757179
4.04004,-4.35055,-0.757046
4.03538,-4.39936,-0.761427
4.00631,-4.42183,-0.761029
3.96721,-4.43304,-0.758639
3.93731,-4.45432,-0.758108
3.9112,-4.47989,-0.758374
3.88753,-4.50831,-0.75917
3.86172,-4.53434,-0.759569
3.81596,-4.53671,-0.755851
3.78805,-4.56004,-0.755851
3.77006,-4.59546,-0.757975
3.73805,-4.61389,-0.757179
3.72391,-4.65454,-0.760232
3.69896,-4.68196,-0.761029
3.66895,-4.70301,-0.760764
3.64607,-4.73329,-0.762091
3.60676,-4.74216,-0.759834
3.53831,-4.71189,-0.751071
3.55242,-4.79163,-0.760764
3.51359,-4.80054,-0.758639
3.47072,-4.80353,-0.755585
2.62515,-3.68046,-0.56731
2.6088,-3.70541,-0.56877
3.37662,-4.85928,-0.75439
3.35347,-4.88971,-0.755984
3.33507,-4.92744,-0.758772
3.31303,-4.96017,-0.760764
3.28253,-4.98041,-0.760764
3.24543,-4.99048,-0.75917
3.21261,-5.00697,-0.758639
3.17546,-5.01653,-0.757046
3.15354,-5.05022,-0.759303
3.12042,-5.06609,-0.758772
3.08156,-5.07244,-0.75678
3.05496,-5.0989,-0.757975
3.02563,-5.12097,-0.758506
3.00164,-5.15228,-0.760498
2.97441,-5.17834,-0.761693
2.94258,-5.19649,-0.761693
2.91016,-5.21358,-0.76156
2.88241,-5.23916,-0.762755
2.84029,-5.23845,-0.759967
2.80529,-5.25053,-0.75917
2.7684,-5.25887,-0.757842
2.75297,-5.30832,-0.762755
2.71944,-5.32334,-0.76249
2.68405,-5.33462,-0.761693
2.64863,-5.34566,-0.760896
2.61665,-5.36359,-0.761162
2.58412,-5.38044,-0.761295
2.55783,-5.41053,-0.763419
2.52459,-5.42612,-0.763419
2.49702,-5.45413,-0.765278
2.46066,-5.46302,-0.764348
2.42669,-5.47711,-0.764216
2.3875,-5.47918,-0.762357
2.35344,-5.49281,-0.762224
2.33047,-5.53272,-0.765942
2.29989,-5.55516,-0.767137
2.26464,-5.56641,-0.766738
2.22602,-5.56916,-0.765145
2.19254,-5.58456,-0.765411
2.15466,-5.58866,-0.764083
2.12735,-5.62031,-0.766738
2.11042,-5.68065,-0.77351
2.06534,-5.66555,-0.769527
2.03755,-5.69772,-0.772315
2.01075,-5.7335,-0.775634
1.9649,-5.71479,-0.771253
1.91999,-5.69763,-0.767137
1.88965,-5.72342,-0.769128
1.86059,-5.75377,-0.771784
1.8109,-5.71972,-0.765411
1.77606,-5.73167,-0.765543
1.75552,-5.79083,-0.772315
1.71404,-5.78154,-0.769527
1.68598,-5.81765,-0.773112
1.64566,-5.81167,-0.770854
1.60812,-5.81498,-0.769925
1.57939,-5.85057,-0.77351
1.5422,-5.85536,-0.772846
1.50328,-5.85319,-0.771253
1.4736,-5.8873,-0.774705
1.44566,-5.92994,-0.779352
1.40375,-5.91555,-0.776165
1.37122,-5.94047,-0.778423
1.33539,-5.95167,-0.778821
1.29526,-5.94329,-0.776564
1.26861,-5.99767,-0.782937
0,0,0
0,0,0
0,0,0
0,0,0
0,0,0
0,0,0
0,0,0
0,0,0
0,0,0
0,0,0
0,0,0
0,0,0
0,0,0
0,0,0
0,0,0
0,0,0
0,0,0
0,0,0
0,0,0
0,0,0
0,0,0
0,0,0
0,0,0
0,0,0
0,0,0
0,0,0
0,0,0
0,0,0
0,0,0
0,0,0
0,0,0
0,0,0
0,0,0
0,0,0
0,0,0
0,0,0
0,0,0
0,0,0
0,0,0
0,0,0
0,0,0
0,0,0
0,0,0
0,0,0
0,0,0
0,0,0
0,0,0
0,0,0
0,0,0
0,0,0
0,0,0
0,0,0
0,0,0
0,0,0
0,0,0
0,0,0
0,0,0
0,0,0
0,0,0
0,0,0
0,0,0
0,0,0
0,0,0
0,0,0
0,0,0
0,0,0
0,0,0
0,0,0
0,0,0
0,0,0
0,0,0
0,0,0
0,0,0
0,0,0
0,0,0
0,0,0
0,0,0
0,0,0
0,0,0
0,0,0
0,0,0
0,0,0
0,0,0
0,0,0
0,0,0
0,0,0
0,0,0
0,0,0
0,0,0
0,0,0
0,0,0
0,0,0
0,0,0
0,0,0
0,0,0
0,0,0
0,0,0
0,0,0
0,0,0
0,0,0
0,0,0
0,0,0
0,0,0
0,0,0
0,0,0
0,0,0
0,0,0
0,0,0
0,0,0
0,0,0
0,0,0
0,0,0
0,0,0
0,0,0
0,0,0
0,0,0
0,0,0
0,0,0
0,0,0
0,0,0
0,0,0
0,0,0
0,0,0
0,0,0
0,0,0
0,0,0
0,0,0
0,0,0
0,0,0
0,0,0
0,0,0
0,0,0
0,0,0
0,0,0
0,0,0
0,0,0
0,0,0
0,0,0
0,0,0
0,0,0
0,0,0
0,0,0
0,0,0
0,0,0
0,0,0
0,0,0
0,0,0
0,0,0
0,0,0
0,0,0
0,0,0
0,0,0
0,0,0
0,0,0
0,0,0
0,0,0
0,0,0
0,0,0
0,0,0
0,0,0
0,0,0
0,0,0
0,0,0
0,0,0
0,0,0
0,0,0
0,0,0
0,0,0
0,0,0
0,0,0
0,0,0
0,0,0
0,0,0
0,0,0
0,0,0
0,0,0
0,0,0
0,0,0
0,0,0
0,0,0
0,0,0
0,0,0
0,0,0
0,0,0
0,0,0
0,0,0
0,0,0
0,0,0
0,0,0
0,0,0
0,0,0
0,0,0
0,0,0
0,0,0
0,0,0
0,0,0
0,0,0
0,0,0
0,0,0
0,0,0
0,0,0
0,0,0
0,0,0
0,0,0
0,0,0
0,0,0
0,0,0
0,0,0
0,0,0
0,0,0
0,0,0
0,0,0
0,0,0
0,0,0
0,0,0
0,0,0
0,0,0
0,0,0
0,0,0
0,0,0
0,0,0
0,0,0
0,0,0
0,0,0
0,0,0
0,0,0
0,0,0
0,0,0
0,0,0
0,0,0
0,0,0
0,0,0
0,0,0
0,0,0
0,0,0
0,0,0
0,0,0
0,0,0
0,0,0
0,0,0
0,0,0
0,0,0
0,0,0
0,0,0
0,0,0
0,0,0
0,0,0
0,0,0
0,0,0
0,0,0
0,0,0
0,0,0
0,0,0
0,0,0
0,0,0
0,0,0
0,0,0
0,0,0
0,0,0
0,0,0
0,0,0
0,0,0
0,0,0
0,0,0
0,0,0
0,0,0
0,0,0
0,0,0
0,0,0
0,0,0
0,0,0
0,0,0
0,0,0
0,0,0
0,0,0
0,0,0
0,0,0
0,0,0
0,0,0
0,0,0
0,0,0
0,0,0
0,0,0
0,0,0
0,0,0
0,0,0
0,0,0
0,0,0
0,0,0
0,0,0
0,0,0
0,0,0
0,0,0
0,0,0
0,0,0
0,0,0
0,0,0
0,0,0
0,0,0
0,0,0
0,0,0
0,0,0
0,0,0
0,0,0
0,0,0
0,0,0
0,0,0
0,0,0
0,0,0
0,0,0
0,0,0
0,0,0
0,0,0
0,0,0
0,0,0
0,0,0
0,0,0
0,0,0
0,0,0
0,0,0
0,0,0
0,0,0
0,0,0
0,0,0
0,0,0
0,0,0
0,0,0
0,0,0
0,0,0
0,0,0
0,0,0
0,0,0
0,0,0
0,0,0
0,0,0
0,0,0
0,0,0
0,0,0
0,0,0
0,0,0
0,0,0
0,0,0
0,0,0
0,0,0
0,0,0
0,0,0
0,0,0
0,0,0
0,0,0
0,0,0
0,0,0
0,0,0
0,0,0
0,0,0
0,0,0
0,0,0
0,0,0
0,0,0
0,0,0
0,0,0
0,0,0
0,0,0
0,0,0
0,0,0
0,0,0
0,0,0
0,0,0
0,0,0
0,0,0
0,0,0
0,0,0
0,0,0
0,0,0
0,0,0
0,0,0
0,0,0
0,0,0
0,0,0
0,0,0
0,0,0
0,0,0
0,0,0
0,0,0
0,0,0
0,0,0
0,0,0
0,0,0
0,0,0
0,0,0
0,0,0
0,0,0
0,0,0
0,0,0
0,0,0
0,0,0
0,0,0
0,0,0
0,0,0
0,0,0
0,0,0
0,0,0
0,0,0
0,0,0
0,0,0
0,0,0
0,0,0
0,0,0
0,0,0
0,0,0
0,0,0
0,0,0
0,0,0
0,0,0
0,0,0
0,0,0
0,0,0
0,0,0
0,0,0
0,0,0
0,0,0
0,0,0
0,0,0
0,0,0
0,0,0
0,0,0
0,0,0
0,0,0
0,0,0
0,0,0
0,0,0
0,0,0
0,0,0
0,0,0
0,0,0
0,0,0
0,0,0
0,0,0
0,0,0
0,0,0
0,0,0
0,0,0
0,0,0
0,0,0
0,0,0
0,0,0
0,0,0
0,0,0
0,0,0
0,0,0
0,0,0
0,0,0
0,0,0
0,0,0
0,0,0
0,0,0
0,0,0
0,0,0
0,0,0
0,0,0
0,0,0
0,0,0
0,0,0
0,0,0
0,0,0
0,0,0
0,0,0
0,0,0
0,0,0
0,0,0
0,0,0
0,0,0
0,0,0
0,0,0
0,0,0
0,0,0
0,0,0
0,0,0
0,0,0
0,0,0
0,0,0
0,0,0
0,0,0
0,0,0
0,0,0
0,0,0
0,0,0
0,0,0
0,0,0
0,0,0
0,0,0
0,0,0
0,0,0
0,0,0
0,0,0
0,0,0
0,0,0
0,0,0
0,0,0
0,0,0
0,0,0
0,0,0
0,0,0
0,0,0
0,0,0
0,0,0
0,0,0
0,0,0
0,0,0
0,0,0
0,0,0
0,0,0
0,0,0
0,0,0
0,0,0
0,0,0
0,0,0
0,0,0
0,0,0
0,0,0
0,0,0
0,0,0
0,0,0
0,0,0
0,0,0
0,0,0
0,0,0
0,0,0
0,0,0
0,0,0
0,0,0
0,0,0
0,0,0
0,0,0
0,0,0
0,0,0
0,0,0
0,0,0
0,0,0
0,0,0
0,0,0
0,0,0
0,0,0
0,0,0
0,0,0
0,0,0
0,0,0
0,0,0
0,0,0
0,0,0
0,0,0
0,0,0
0,0,0
0,0,0
0,0,0
0,0,0
0,0,0
0,0,0
0,0,0
0,0,0
0,0,0
0,0,0
0,0,0
0,0,0
0,0,0
0,0,0
0,0,0
0,0,0
0,0,0
0,0,0
0,0,0
0,0,0
0,0,0
0,0,0
0,0,0
0,0,0
0,0,0
0,0,0
0,0,0
0,0,0
0,0,0
0,0,0
0,0,0
0,0,0
0,0,0
0,0,0
0,0,0
0,0,0
0,0,0
0,0,0
0,0,0
0,0,0
0,0,0
0,0,0
0,0,0
0,0,0
0,0,0
0,0,0
0,0,0
0,0,0
0,0,0
0,0,0
0,0,0
0,0,0
0,0,0
0,0,0
0,0,0
0,0,0
0,0,0
0,0,0
2.01324,6.62084,-0.975986
2.04972,6.59513,-0.973955
2.08746,6.57394,-0.97265
2.13508,6.5836,-0.976131
2.17326,6.5638,-0.975116
2.21349,6.55034,-0.975116
2.23559,6.48425,-0.966993
2.27632,6.47321,-0.967428
2.32134,6.47403,-0.969749
2.35423,6.44107,-0.966848
2.39267,6.42373,-0.966413
2.41555,6.36544,-0.959596
2.45099,6.34127,-0.958145
2.49094,6.32888,-0.95858
2.5415,6.34286,-0.963222
2.56356,6.28592,-0.956695
2.60247,6.27099,-0.95684
2.63512,6.24123,-0.954664
2.66478,6.20494,-0.951473
2.70835,6.20117,-0.953504
2.74073,6.17177,-0.951473
2.76227,6.11876,-0.945671
2.79522,6.0918,-0.944076
2.82084,6.04943,-0.940014
2.84563,6.00607,-0.935808
2.88886,6.00187,-0.937984
2.93519,6.00359,-0.941175
2.96538,5.97218,-0.938999
2.98549,5.92118,-0.933632
3.01771,5.89482,-0.932327
3.03056,5.83141,-0.924929
3.07044,5.82058,-0.926235
3.10469,5.79902,-0.9258
3.13408,5.76856,-0.923914
3.1761,5.76135,-0.925945
3.21863,5.75471,-0.92812
3.24607,5.72108,-0.9258
3.2673,5.67704,-0.921738
3.31404,5.6774,-0.92522
3.34881,5.65695,-0.92522
3.39008,5.64733,-0.927105
3.41747,5.61459,-0.925075
3.44146,5.57667,-0.922174
3.47824,5.55964,-0.922899
3.4948,5.51062,-0.918112
3.53497,5.49906,-0.919853
3.57296,5.4839,-0.921013
3.60764,5.46353,-0.921303
3.64274,5.44375,-0.921738
3.67552,5.42048,-0.921593
3.69527,5.37825,-0.918112
3.72537,5.35142,-0.917387
3.75586,5.32522,-0.916807
3.78501,5.29725,-0.915937
3.80874,5.2619,-0.913761
3.84096,5.23843,-0.913761
3.88364,5.22906,-0.916372
3.90971,5.19723,-0.914921
3.93913,5.16999,-0.914341
3.96715,5.14102,-0.913471
3.98766,5.10255,-0.91086
4.01459,5.07255,-0.909845
4.04935,5.05246,-0.910715
4.07965,5.02675,-0.91057
4.11356,5.00544,-0.911295
4.14799,4.98467,-0.912165
4.17595,4.9561,-0.911585
4.20628,4.93038,-0.911585
4.21706,4.88202,-0.907234
4.24498,4.85381,-0.906799
4.27927,4.83286,-0.907814
4.30951,4.80725,-0.907959
4.32629,4.7668,-0.905203
4.36282,4.74818,-0.906799
4.38379,4.71262,-0.905058
4.40516,4.67771,-0.903463
4.41398,4.62982,-0.899256
4.44162,4.60194,-0.899111
4.48567,4.59088,-0.902447
4.49567,4.54498,-0.898676
4.50038,4.49423,-0.893889
4.53491,4.47348,-0.89534
4.59203,4.47458,-0.901432
4.5859,4.41406,-0.894615
4.61648,4.38925,-0.89534
4.63323,4.35136,-0.893309
4.64389,4.30804,-0.890118
4.65492,4.26542,-0.887072
4.68981,4.24475,-0.888813
4.68331,4.18687,-0.882431
4.71559,4.16395,-0.883736
4.75149,4.14405,-0.885767
4.77383,4.11223,-0.885187
4.79068,4.07581,-0.883591
4.80802,4.03997,-0.882141
4.82359,4.00281,-0.8804
4.84882,3.97376,-0.880545
4.84466,3.9209,-0.875178
4.84313,3.87071,-0.870392
4.86523,3.83969,-0.870102
4.90587,3.82315,-0.873293
4.93237,3.79539,-0.873873
4.9343,3.74889,-0.869957
4.94534,3.70964,-0.867781
4.96641,3.67805,-0.867491
4.97691,3.63874,-0.865315
4.98631,3.59887,-0.862994
4.98896,3.55442,-0.859513
5.00501,3.51976,-0.858498
5.04033,3.49858,-0.860964
5.02906,3.44521,-0.855162
5.05502,3.41761,-0.856032
5.1014,3.40356,-0.860529
5.10649,3.36185,-0.857773
5.13615,3.33639,-0.859368
5.12654,3.28558,-0.854147
5.14326,3.25195,-0.853566
5.12702,3.19781,-0.847329
5.13475,3.15903,-0.845299
5.19632,3.15314,-0.852551
5.22236,3.12526,-0.853711
5.22781,3.08511,-0.851391
5.22783,3.04202,-0.8482
5.25326,3.01383,-0.84936
5.25788,2.97374,-0.847039
5.26133,2.93323,-0.844573
5.26189,2.89136,-0.841672
5.28301,2.8609,-0.842253
5.33189,2.84521,-0.847474
5.30634,2.78987,-0.840367
5.34093,2.76636,-0.843268
5.3393,2.72409,-0.840222
5.35237,2.6895,-0.839642
5.38296,2.66363,-0.841963
5.425,2.64313,-0.846169
5.41078,2.59523,-0.841237
5.43287,2.56494,-0.842253
5.44581,2.53031,-0.841818
5.46394,2.49808,-0.842253
5.47375,2.46207,-0.841382
5.48151,2.42523,-0.840222
5.48813,2.388,-0.838917
5.49631,2.35156,-0.837901
5.51611,2.32009,-0.838772
5.49732,2.27259,-0.83355
5.49742,2.23322,-0.831374
5.51653,2.20165,-0.832244
5.5327,2.16884,-0.83268
5.55975,2.14019,-0.834855
5.58481,2.11059,-0.836741
5.58559,2.0718,-0.834855
5.60936,2.04155,-0.836596
5.62178,2.0071,-0.836596
5.63399,1.97256,-0.836596
5.64037,1.93603,-0.835726
5.65308,1.9017,-0.835871
5.66277,1.86636,-0.835581
5.66752,1.82945,-0.834565
5.68052,1.79523,-0.834855
5.69427,1.76122,-0.83529
5.70497,1.72625,-0.83529
5.69933,1.68644,-0.832825
5.70291,1.64951,-0.831809
5.68722,1.60722,-0.827893
5.73703,1.58335,-0.833985
5.74855,1.54864,-0.834275
5.72254,1.50402,-0.828908
5.74795,1.47306,-0.831374
5.74152,1.43393,-0.829053
5.7531,1.39937,-0.829489
5.77891,1.36815,-0.832099
5.77948,1.33089,-0.830939
5.77112,1.29172,-0.828473
5.80988,1.26302,-0.833115
5.78944,1.22142,-0.828908
5.81718,1.19004,-0.831954
5.80303,1.15009,-0.828763
5.80123,1.11278,-0.827458
5.84297,1.08367,-0.83268
5.82711,1.04378,-0.829343
5.88508,1.01694,-0.837031
5.89413,0.981302,-0.837466
5.87073,0.940418,-0.833115
5.85977,0.901816,-0.830649
5.85736,0.864687,-0.829489
5.86354,0.828869,-0.829634
5.88616,0.795263,-0.832244
5.86444,0.755712,-0.828328
5.88075,0.721162,-0.830069
5.88015,0.684492,-0.829343
5.8921,0.649267,-0.830504
5.90975,0.614537,-0.832535
5.92031,0.57894,-0.83355
5.93656,0.543778,-0.835436
5.92992,0.506498,-0.833985
5.96251,0.472453,-0.838336
5.97714,0.436727,-0.840077
5.97872,0.399977,-0.839932
5.98205,0.363345,-0.840077
5.95057,0.324793,-0.835145
5.94356,0.287843,-0.83384
5.97586,0.25267,-0.838336
5.98817,0.216393,-0.839932
6.00422,0.180094,-0.842108
6.02302,0.143678,-0.844719
5.99708,0.10624,-0.840802
5.96794,0.0690913,-0.836451
5.92174,0.0322094,-0.829634
5.92678,-0.0041288,-0.830359
5.90982,-0.0403831,-0.827893
5.92133,-0.076796,-0.829634
5.90393,-0.112809,-0.827168
5.88137,-0.148488,-0.823977
5.91298,-0.18559,-0.828763
5.88207,-0.220761,-0.824412
5.8895,-0.257235,-0.825717
5.89671,-0.293809,-0.827023
5.91554,-0.331142,-0.830069
5.89957,-0.366577,-0.828038
5.92288,-0.404517,-0.831809
5.93212,-0.441731,-0.83355
5.91747,-0.477169,-0.831809
5.93808,-0.515518,-0.83529
5.94072,-0.552493,-0.836161
5.92343,-0.587569,-0.83413
5.92169,-0.624111,-0.83442
5.94134,-0.663063,-0.837901
5.90768,-0.696038,-0.83355
5.89152,-0.730815,-0.831809
5.88692,-0.766951,-0.831809
5.86348,-0.800518,-0.829053
5.83887,-0.833688,-0.826153
5.83658,-0.869936,-0.826588
5.82526,-0.904822,-0.825717
5.79909,-0.937237,-0.822671
5.78152,-0.970838,-0.820931
5.77351,-1.00596,-0.820641
5.78086,-1.04382,-0.822671
5.76267,-1.07709,-0.820931
5.72778,-1.10699,-0.816724
5.73932,-1.14579,-0.81948
5.70601,-1.1756,-0.815564
5.69676,-1.21018,-0.815274
5.66989,-1.24089,-0.812373
5.65348,-1.2737,-0.811068
5.63303,-1.30546,-0.809182
4.29662,-1.02384,-0.609017
4.26046,-1.0429,-0.604521
4.27029,-1.07312,-0.606986
5.56001,-1.43319,-0.803235
5.54442,-1.46551,-0.80222
5.53341,-1.49899,-0.80193
5.56415,-1.54401,-0.808022
5.56314,-1.58056,-0.809327
5.52959,-1.60776,-0.805701
5.5291,-1.64448,-0.807151
5.49713,-1.67176,-0.803815
5.47165,-1.70076,-0.801494
5.45923,-1.7337,-0.801204
5.44472,-1.76595,-0.800624
5.41406,-1.79279,-0.797578
5.37296,-1.81585,-0.792937
5.3851,-1.85684,-0.796563
5.35121,-1.88197,-0.793082
5.36284,-1.92312,-0.796708
5.35001,-1.95565,-0.796563
5.35275,-1.99396,-0.798884
5.34504,-2.02852,-0.799609
5.33434,-2.06199,-0.799899
5.32711,-2.09686,-0.800769
5.32333,-2.13319,-0.80222
5.3138,-2.1673,-0.8028
5.28213,-2.19228,-0.799899
5.27131,-2.22581,-0.800334
5.22028,-2.24211,-0.794387
5.22909,-2.28399,-0.798013
5.22312,-2.31965,-0.799319
5.19255,-2.34433,-0.796708
5.16098,-2.36831,-0.793952
5.13918,-2.39659,-0.792792
5.14673,-2.43866,-0.796418
5.13167,-2.4702,-0.796418
5.08886,-2.48817,-0.791921
5.06109,-2.51319,-0.789891
5.04381,-2.54331,-0.789601
5.03427,-2.57736,-0.790616
5.0447,-2.62188,-0.794967
5.0294,-2.65325,-0.795112
5.00604,-2.68033,-0.793952
4.98429,-2.70816,-0.793082
4.92165,-2.71338,-0.785394
4.90059,-2.74112,-0.784669
4.88798,-2.77357,-0.785394
4.90174,-2.82128,-0.790616
4.8681,-2.84183,-0.78786
4.84887,-2.87063,-0.78757
4.83965,-2.90542,-0.78902
4.83441,-2.94278,-0.791196
4.80026,-2.96252,-0.78844
4.77948,-2.99034,-0.788005
4.76188,-3.02014,-0.78815
4.74492,-3.05037,-0.78844
4.70621,-3.06647,-0.784959
4.66006,-3.0773,-0.780173
4.64027,-3.10529,-0.780028
4.61703,-3.13092,-0.779302
4.60344,-3.16312,-0.780318
4.55471,-3.17096,-0.775096
4.55458,-3.21253,-0.778577
4.54605,-3.24847,-0.780608
4.56211,-3.3024,-0.787135
4.51622,-3.31161,-0.782493
4.46881,-3.31921,-0.777562
4.46022,-3.35548,-0.779737
4.44269,-3.38519,-0.780318
4.42262,-3.41299,-0.780463
4.39536,-3.43519,-0.779302
4.37187,-3.46025,-0.778867
4.33975,-3.47835,-0.776837
4.31602,-3.50304,-0.776401
4.30744,-3.54014,-0.778867
4.28031,-3.56207,-0.777852
4.24626,-3.57807,-0.775531
4.23477,-3.61304,-0.777562
4.21327,-3.63961,-0.777707
4.19309,-3.66734,-0.778142
4.17422,-3.69628,-0.778867
4.13598,-3.70796,-0.775821
4.1029,-3.72396,-0.773791
4.08871,-3.75709,-0.775531
4.08007,-3.79559,-0.778432
4.06103,-3.82462,-0.779302
4.04178,-3.85356,-0.780173
4.00596,-3.86661,-0.777707
3.98428,-3.89319,-0.778142
3.94836,-3.90574,-0.775676
3.93061,-3.93619,-0.776982
3.92028,-3.97432,-0.779882
3.88892,-3.99121,-0.778432
3.85543,-4.00574,-0.776546
3.83556,-4.03434,-0.777562
3.81479,-4.06212,-0.778432
3.79787,-4.09415,-0.780173
3.75329,-4.09623,-0.775966
3.72875,-4.11992,-0.776111
3.70472,-4.14419,-0.776401
3.69363,-4.18316,-0.779592
3.67245,-4.21096,-0.780608
3.64461,-4.23117,-0.780173
3.62242,-4.25797,-0.781043
3.59177,-4.27482,-0.780028
3.55979,-4.28993,-0.778722
3.5472,-4.32852,-0.781913
3.49878,-4.32329,-0.776837
3.47466,-4.34777,-0.777417
3.45221,-4.37444,-0.778432
3.41496,-4.38228,-0.775966
3.41034,-4.43216,-0.781333
3.38607,-4.45694,-0.782058
3.33313,-4.4436,-0.775821
3.30462,-4.46238,-0.775531
3.29879,-4.51212,-0.780898
3.25135,-4.505,-0.775966
2.64823,-3.71754,-0.630629
2.63562,-3.74829,-0.63324
3.16957,-4.56652,-0.776401
3.14149,-4.58589,-0.776401
3.11163,-4.60262,-0.775966
3.07838,-4.61422,-0.774661
3.05491,-4.64045,-0.775966
3.04579,-4.68898,-0.781188
3.00361,-4.68676,-0.777562
2.98061,-4.7143,-0.779157
2.95373,-4.73585,-0.779737
2.90387,-4.72018,-0.773936
2.88358,-4.75229,-0.776401
2.84522,-4.75461,-0.773791
2.84567,-4.82225,-0.782348
2.80259,-4.81653,-0.778432
2.75426,-4.80103,-0.77292
2.72963,-4.82645,-0.774371
2.69851,-4.84052,-0.773936
2.68211,-4.88126,-0.777997
2.64692,-4.88806,-0.776401
2.61921,-4.90857,-0.777127
2.58536,-4.91754,-0.775966
2.56196,-4.94649,-0.778142
2.53651,-4.97181,-0.779737
2.51262,-5.00054,-0.781913
2.48497,-5.02207,-0.782928
2.44847,-5.02566,-0.781043
2.4193,-5.04416,-0.781623
2.39211,-5.06696,-0.782928
2.36473,-5.08962,-0.784234
2.31658,-5.06714,-0.778287
2.30047,-5.11465,-0.783654
2.27625,-5.14495,-0.786265
2.24187,-5.15247,-0.785249
2.19892,-5.13975,-0.781043
2.16466,-5.14676,-0.780028
2.15081,-5.20292,-0.786845
2.12853,-5.23985,-0.790616
2.10111,-5.26476,-0.792502
2.0554,-5.24347,-0.787135
2.02319,-5.25598,-0.787135
1.9909,-5.2683,-0.787135
1.9606,-5.28598,-0.788005
1.92712,-5.29512,-0.78757
1.90258,-5.32921,-0.791051
1.86886,-5.33798,-0.790616
1.84475,-5.37461,-0.794532
1.81553,-5.39708,-0.796273
1.7861,-5.4194,-0.798013
1.75768,-5.44532,-0.800334
1.72453,-5.45694,-0.800479
1.68984,-5.46364,-0.799899
1.63966,-5.41898,-0.791486
1.60609,-5.428,-0.791341
1.57386,-5.44155,-0.791921
1.53317,-5.4254,-0.788005
1.50038,-5.43661,-0.788295
1.47317,-5.46864,-0.791776
1.44286,-5.49002,-0.793662
1.41062,-5.50452,-0.794532
1.37394,-5.50155,-0.792792
1.34016,-5.50988,-0.792792
1.30838,-5.52666,-0.794097
1.27222,-5.52494,-0.792647
0,0,0
0,0,0
0,0,0
0,0,0
0,0,0
0,0,0
0,0,0
0,0,0
0,0,0
0,0,0
0,0,0
0,0,0
0,0,0
0,0,0
0,0,0
0,0,0
0,0,0
0,0,0
0,0,0
0,0,0
0,0,0
0,0,0
0,0,0
0,0,0
0,0,0
0,0,0
0,0,0
0,0,0
0,0,0
0,0,0
0,0,0
0,0,0
0,0,0
0,0,0
0,0,0
0,0,0
0,0,0
0,0,0
0,0,0
0,0,0
0,0,0
0,0,0
0,0,0
0,0,0
0,0,0
0,0,0
0,0,0
0,0,0
0,0,0
0,0,0
0,0,0
0,0,0
0,0,0
0,0,0
0,0,0
0,0,0
0,0,0
0,0,0
0,0,0
0,0,0
0,0,0
0,0,0
0,0,0
0,0,0
0,0,0
0,0,0
0,0,0
0,0,0
0,0,0
0,0,0
0,0,0
0,0,0
0,0,0
0,0,0
0,0,0
0,0,0
0,0,0
0,0,0
0,0,0
0,0,0
0,0,0
0,0,0
0,0,0
0,0,0
0,0,0
0,0,0
0,0,0
0,0,0
0,0,0
0,0,0
0,0,0
0,0,0
0,0,0
0,0,0
0,0,0
0,0,0
0,0,0
0,0,0
0,0,0
0,0,0
0,0,0
0,0,0
0,0,0
0,0,0
0,0,0
0,0,0
0,0,0
0,0,0
0,0,0
0,0,0
0,0,0
0,0,0
0,0,0
0,0,0
0,0,0
0,0,0
0,0,0
0,0,0
0,0,0
0,0,0
0,0,0
0,0,0
0,0,0
0,0,0
0,0,0
0,0,0
0,0,0
0,0,0
0,0,0
0,0,0
0,0,0
0,0,0
0,0,0
0,0,0
0,0,0
0,0,0
0,0,0
0,0,0
0,0,0
0,0,0
0,0,0
0,0,0
0,0,0
0,0,0
0,0,0
0,0,0
0,0,0
0,0,0
0,0,0
0,0,0
0,0,0
0,0,0
0,0,0
0,0,0
0,0,0
0,0,0
0,0,0
0,0,0
0,0,0
0,0,0
0,0,0
0,0,0
0,0,0
0,0,0
0,0,0
0,0,0
0,0,0
0,0,0
0,0,0
0,0,0
0,0,0
0,0,0
0,0,0
0,0,0
0,0,0
0,0,0
0,0,0
0,0,0
0,0,0
0,0,0
0,0,0
0,0,0
0,0,0
0,0,0
0,0,0
0,0,0
0,0,0
0,0,0
0,0,0
0,0,0
0,0,0
0,0,0
0,0,0
0,0,0
0,0,0
0,0,0
0,0,0
0,0,0
0,0,0
0,0,0
0,0,0
0,0,0
0,0,0
0,0,0
0,0,0
0,0,0
0,0,0
0,0,0
0,0,0
0,0,0
0,0,0
0,0,0
0,0,0
0,0,0
0,0,0
0,0,0
0,0,0
0,0,0
0,0,0
0,0,0
0,0,0
0,0,0
0,0,0
0,0,0
0,0,0
0,0,0
0,0,0
0,0,0
0,0,0
0,0,0
0,0,0
0,0,0
0,0,0
0,0,0
0,0,0
0,0,0
0,0,0
0,0,0
0,0,0
0,0,0
0,0,0
0,0,0
0,0,0
0,0,0
0,0,0
0,0,0
0,0,0
0,0,0
0,0,0
0,0,0
0,0,0
0,0,0
0,0,0
0,0,0
0,0,0
0,0,0
0,0,0
0,0,0
0,0,0
0,0,0
0,0,0
0,0,0
0,0,0
0,0,0
0,0,0
0,0,0
0,0,0
0,0,0
0,0,0
0,0,0
0,0,0
0,0,0
0,0,0
0,0,0
0,0,0
0,0,0
0,0,0
0,0,0
0,0,0
0,0,0
0,0,0
0,0,0
0,0,0
0,0,0
0,0,0
0,0,0
0,0,0
0,0,0
0,0,0
0,0,0
0,0,0
0,0,0
0,0,0
0,0,0
0,0,0
0,0,0
0,0,0
0,0,0
0,0,0
0,0,0
0,0,0
0,0,0
0,0,0
0,0,0
0,0,0
0,0,0
0,0,0
0,0,0
0,0,0
0,0,0
0,0,0
0,0,0
0,0,0
0,0,0
0,0,0
0,0,0
0,0,0
0,0,0
0,0,0
0,0,0
0,0,0
0,0,0
0,0,0
0,0,0
0,0,0
0,0,0
0,0,0
0,0,0
0,0,0
0,0,0
0,0,0
0,0,0
0,0,0
0,0,0
0,0,0
0,0,0
0,0,0
0,0,0
0,0,0
0,0,0
0,0,0
0,0,0
0,0,0
0,0,0
0,0,0
0,0,0
0,0,0
0,0,0
0,0,0
0,0,0
0,0,0
0,0,0
0,0,0
0,0,0
0,0,0
0,0,0
0,0,0
0,0,0
0,0,0
0,0,0
0,0,0
0,0,0
0,0,0
0,0,0
0,0,0
0,0,0
0,0,0
0,0,0
0,0,0
0,0,0
0,0,0
0,0,0
0,0,0
0,0,0
0,0,0
0,0,0
0,0,0
0,0,0
0,0,0
0,0,0
0,0,0
0,0,0
0,0,0
0,0,0
0,0,0
0,0,0
0,0,0
0,0,0
0,0,0
0,0,0
0,0,0
0,0,0
0,0,0
0,0,0
0,0,0
0,0,0
0,0,0
0,0,0
0,0,0
0,0,0
0,0,0
0,0,0
0,0,0
0,0,0
0,0,0
0,0,0
0,0,0
0,0,0
0,0,0
0,0,0
0,0,0
0,0,0
0,0,0
0,0,0
0,0,0
0,0,0
0,0,0
0,0,0
0,0,0
0,0,0
0,0,0
0,0,0
0,0,0
0,0,0
0,0,0
0,0,0
0,0,0
0,0,0
0,0,0
0,0,0
0,0,0
0,0,0
0,0,0
0,0,0
0,0,0
0,0,0
0,0,0
0,0,0
0,0,0
0,0,0
0,0,0
0,0,0
0,0,0
0,0,0
0,0,0
0,0,0
0,0,0
0,0,0
0,0,0
0,0,0
0,0,0
0,0,0
0,0,0
0,0,0
0,0,0
0,0,0
0,0,0
0,0,0
0,0,0
0,0,0
0,0,0
0,0,0
0,0,0
0,0,0
0,0,0
0,0,0
0,0,0
0,0,0
0,0,0
0,0,0
0,0,0
0,0,0
0,0,0
0,0,0
0,0,0
0,0,0
0,0,0
0,0,0
0,0,0
0,0,0
0,0,0
0,0,0
0,0,0
0,0,0
0,0,0
0,0,0
0,0,0
0,0,0
0,0,0
0,0,0
0,0,0
0,0,0
0,0,0
0,0,0
0,0,0
0,0,0
0,0,0
0,0,0
0,0,0
0,0,0
0,0,0
0,0,0
0,0,0
0,0,0
0,0,0
0,0,0
0,0,0
0,0,0
0,0,0
0,0,0
0,0,0
0,0,0
0,0,0
0,0,0
0,0,0
0,0,0
0,0,0
0,0,0
0,0,0
0,0,0
0,0,0
0,0,0
0,0,0
0,0,0
0,0,0
0,0,0
0,0,0
0,0,0
0,0,0
0,0,0
0,0,0
0,0,0
0,0,0
0,0,0
0,0,0
0,0,0
0,0,0
0,0,0
0,0,0
0,0,0
0,0,0
0,0,0
0,0,0
0,0,0
0,0,0
0,0,0
0,0,0
0,0,0
0,0,0
0,0,0
0,0,0
0,0,0
0,0,0
0,0,0
0,0,0
0,0,0
0,0,0
0,0,0
0,0,0
0,0,0
0,0,0
0,0,0
0,0,0
0,0,0
0,0,0
0,0,0
0,0,0
0,0,0
0,0,0
0,0,0
0,0,0
0,0,0
0,0,0
0,0,0
0,0,0
0,0,0
0,0,0
0,0,0
0,0,0
0,0,0
0,0,0
0,0,0
0,0,0
0,0,0
0,0,0
0,0,0
2.01396,5.85079,-0.943564
2.04884,5.83553,-0.943093
2.10792,5.88794,-0.954068
2.14366,5.87396,-0.953911
2.18621,5.87829,-0.95689
2.22749,5.87862,-0.959242
2.24929,5.82798,-0.952971
2.28139,5.80488,-0.951403
2.30889,5.7706,-0.947954
2.3573,5.78834,-0.953441
2.38332,5.75096,-0.949521
2.40666,5.70801,-0.944661
2.44359,5.69768,-0.945445
2.47771,5.68076,-0.945132
2.50251,5.64288,-0.941212
2.52775,5.60672,-0.937606
2.56951,5.60726,-0.940428
2.59636,5.57527,-0.937606
2.63306,5.56459,-0.938547
2.65945,5.53231,-0.935725
2.68381,5.49637,-0.932276
2.7109,5.46652,-0.929924
2.74217,5.44538,-0.92914
2.77014,5.4179,-0.927259
2.79923,5.39291,-0.925848
2.85115,5.41145,-0.932276
2.88476,5.39473,-0.932432
2.90792,5.3587,-0.92914
2.93836,5.33643,-0.928356
2.96719,5.3114,-0.927102
2.98901,5.27419,-0.923653
3.0228,5.25832,-0.924123
3.04456,5.22176,-0.920831
3.08157,5.21148,-0.922399
3.10384,5.17638,-0.91942
3.13656,5.15893,-0.919733
3.17075,5.14379,-0.920517
3.19807,5.11753,-0.919263
3.23364,5.10449,-0.920517
3.24675,5.0563,-0.915187
3.30465,5.07767,-0.923026
3.34554,5.07213,-0.925848
3.36397,5.03263,-0.922242
3.37097,4.97673,-0.9155
3.402,4.95677,-0.915657
3.42558,4.92607,-0.913776
3.46086,4.91222,-0.915187
3.48635,4.88447,-0.913933
3.51683,4.86378,-0.914089
3.54486,4.83972,-0.913619
3.57449,4.81788,-0.913619
3.61407,4.80928,-0.916284
3.63155,4.7713,-0.913149
3.64508,4.72859,-0.909072
3.67706,4.71002,-0.909856
3.71018,4.6928,-0.910954
3.72903,4.65761,-0.908445
3.765,4.64384,-0.910327
3.79656,4.62447,-0.91111
3.82612,4.60261,-0.911424
3.85111,4.57527,-0.91064
3.8631,4.53276,-0.906721
3.90568,4.52617,-0.910327
3.91973,4.4865,-0.907034
3.94195,4.45645,-0.90578
3.96131,4.42335,-0.903899
3.98373,4.39384,-0.902801
4.01195,4.37077,-0.903115
4.04004,4.34751,-0.903428
4.06055,4.31617,-0.902017
4.08083,4.28474,-0.900606
4.11733,4.27028,-0.902958
4.14759,4.24918,-0.903899
4.15414,4.20398,-0.899509
4.18894,4.18749,-0.901547
4.19558,4.14297,-0.897314
4.20325,4.09991,-0.893394
4.23615,4.08158,-0.895119
4.2511,4.04598,-0.892924
4.29815,4.04079,-0.897784
4.30188,3.99485,-0.893238
4.32339,3.96571,-0.89261
4.33227,3.92518,-0.889318
4.35849,3.9005,-0.889789
4.38012,3.87172,-0.889318
4.39933,3.84088,-0.888377
4.4071,3.80027,-0.885085
4.42507,3.76867,-0.883988
4.44736,3.74081,-0.883831
4.45579,3.70146,-0.880852
4.4746,3.67092,-0.880068
4.49551,3.64215,-0.879755
4.51469,3.61203,-0.879128
4.53367,3.58182,-0.8785
4.5283,3.53267,-0.873013
4.53972,3.49698,-0.870975
4.58782,3.48939,-0.876305
4.60678,3.45939,-0.875835
4.61125,3.41871,-0.872543
4.62736,3.38685,-0.871602
4.66006,3.36707,-0.873954
4.66214,3.32523,-0.870348
4.65581,3.2778,-0.865174
4.69449,3.26213,-0.86878
4.7079,3.22879,-0.867526
4.74398,3.21092,-0.870661
4.74799,3.17133,-0.867683
4.75664,3.13507,-0.865645
4.78406,3.11121,-0.867212
4.79807,3.07859,-0.866272
4.81437,3.04751,-0.865801
4.82628,3.01373,-0.864547
4.8144,2.96541,-0.858903
4.86205,2.95376,-0.86439
4.88178,2.92489,-0.864704
4.87838,2.88232,-0.860784
4.87549,2.8404,-0.857022
4.86799,2.79617,-0.852475
4.91513,2.78328,-0.857962
4.93729,2.75596,-0.858903
4.94459,2.72038,-0.857178
4.95598,2.68716,-0.856238
4.96976,2.6553,-0.855767
4.99557,2.62982,-0.857492
4.98005,2.58275,-0.851848
5.00108,2.55484,-0.852789
5.01931,2.52544,-0.853259
5.04445,2.49942,-0.854984
5.04194,2.45976,-0.851848
5.04714,2.42407,-0.850123
5.04763,2.3863,-0.847615
5.04785,2.34862,-0.845106
5.02086,2.2987,-0.837895
5.07629,2.2865,-0.845106
5.10829,2.26331,-0.848242
5.10578,2.22482,-0.84542
5.10754,2.1884,-0.843382
5.12451,2.15855,-0.844009
5.13583,2.12631,-0.843695
5.14146,2.09178,-0.842441
5.13861,2.05396,-0.839776
5.15663,2.02456,-0.840717
5.15606,1.98791,-0.838522
5.17462,1.95868,-0.839619
5.18099,1.92483,-0.838678
5.17693,1.88725,-0.836013
5.20515,1.86144,-0.838835
5.1941,1.82162,-0.835073
5.21919,1.79453,-0.837424
5.21607,1.75775,-0.835073
5.25208,1.73407,-0.839306
5.26638,1.70302,-0.839933
5.25507,1.66382,-0.836327
5.25197,1.62745,-0.834132
5.2647,1.59606,-0.834602
5.29049,1.5685,-0.837267
5.25827,1.52391,-0.830369
5.29033,1.49807,-0.834132
5.33369,1.47506,-0.839776
5.28734,1.42738,-0.830683
5.30841,1.39818,-0.832721
5.31689,1.36558,-0.832721
5.35391,1.34012,-0.837424
5.34572,1.30327,-0.834759
5.34401,1.26817,-0.833191
5.32956,1.23025,-0.829585
5.33219,1.19644,-0.828801
5.34329,1.16454,-0.829428
5.40541,1.14338,-0.838365
5.36105,1.09968,-0.830056
5.37932,1.06907,-0.831937
5.37026,1.03306,-0.829428
5.37455,0.999727,-0.829115
5.40489,0.971095,-0.833034
5.40101,0.936227,-0.831467
5.43004,0.906973,-0.835229
5.42867,0.872541,-0.834132
5.36365,0.828367,-0.822844
5.4419,0.806291,-0.834602
5.43208,0.770805,-0.832251
5.43769,0.737593,-0.832407
5.42938,0.702567,-0.830369
5.43947,0.669964,-0.83131
5.50331,0.643568,-0.840873
5.47378,0.606095,-0.835543
5.48526,0.573318,-0.836797
5.46803,0.537623,-0.833505
5.45156,0.502251,-0.830369
5.48996,0.471833,-0.836013
5.48389,0.437432,-0.834602
5.4717,0.402689,-0.832251
5.47407,0.369108,-0.832251
5.50284,0.337142,-0.836484
5.49889,0.303045,-0.835543
5.5115,0.269829,-0.837267
5.4647,0.23394,-0.829585
5.46801,0.200477,-0.829899
5.49579,0.167733,-0.834132
5.51547,0.134465,-0.837111
5.49546,0.100243,-0.833818
5.47128,0.0662246,-0.829899
5.49726,0.0328036,-0.833975
5.49736,-0.000927581,-0.833975
5.47157,-0.034495,-0.829899
5.50977,-0.0685492,-0.836013
5.49147,-0.102024,-0.833191
5.45915,-0.134934,-0.828174
5.50067,-0.169741,-0.834916
5.50643,-0.203745,-0.836013
5.47548,-0.236249,-0.83131
5.49069,-0.270669,-0.833975
5.46723,-0.30315,-0.830526
5.4495,-0.335718,-0.828017
5.46015,-0.370018,-0.830056
5.50308,-0.406867,-0.837267
5.48867,-0.439678,-0.835386
5.49177,-0.473857,-0.836327
5.48089,-0.506817,-0.835073
5.48161,-0.540826,-0.8357
5.47622,-0.574244,-0.835386
5.45885,-0.606308,-0.833191
5.49721,-0.644741,-0.839933
5.48629,-0.677611,-0.838835
5.44481,-0.70643,-0.832878
5.45995,-0.742489,-0.836013
5.42791,-0.77208,-0.831623
5.47387,-0.812918,-0.839776
5.43071,-0.840595,-0.833662
5.47518,-0.881915,-0.841657
5.35765,-0.896737,-0.823628
5.36761,-0.932299,-0.826136
5.32486,-0.958565,-0.820179
5.32373,-0.992124,-0.820962
5.33015,-1.0272,-0.823001
5.28403,-1.05198,-0.816573
5.32101,-1.09333,-0.823628
5.377,-1.13927,-0.833818
5.31974,-1.16128,-0.825666
5.27011,-1.18437,-0.818767
5.33107,-1.23249,-0.829899
4.25494,-1.01116,-0.65556
4.25249,-1.03818,-0.656187
4.2537,-1.06618,-0.657442
5.24469,-1.34892,-0.820962
5.22581,-1.3783,-0.819238
5.23919,-1.41627,-0.822844
5.23611,-1.44997,-0.823784
5.19576,-1.47318,-0.818611
5.19231,-1.50669,-0.819551
5.20001,-1.54358,-0.822373
5.17816,-1.57172,-0.820335
5.16181,-1.60142,-0.819238
5.134,-1.62739,-0.816259
5.14741,-1.66647,-0.820179
5.1249,-1.69399,-0.81814
5.12751,-1.72982,-0.820335
5.10372,-1.75675,-0.81814
5.09285,-1.78803,-0.81814
5.0855,-1.82058,-0.818767
5.06217,-1.84735,-0.816729
5.02668,-1.86942,-0.812653
4.99479,-1.89253,-0.809204
5.00336,-1.93097,-0.812653
5.01256,-1.96994,-0.816259
4.99671,-1.99919,-0.815632
4.96331,-2.02125,-0.812026
4.96723,-2.05847,-0.814848
4.95815,-2.09044,-0.815475
4.91709,-2.10876,-0.810615
4.89229,-2.13375,-0.808577
4.87911,-2.16373,-0.808577
4.88825,-2.20378,-0.812496
4.87104,-2.23209,-0.811869
4.84741,-2.25734,-0.810145
4.81561,-2.2786,-0.807009
4.80866,-2.31152,-0.808263
4.81569,-2.35139,-0.812026
4.76932,-2.36509,-0.806382
4.78911,-2.41164,-0.812496
4.75576,-2.43154,-0.809204
4.70218,-2.44065,-0.802306
4.69673,-2.47452,-0.80403
4.69452,-2.51028,-0.806382
4.67643,-2.53762,-0.805912
4.65212,-2.56151,-0.804344
4.6251,-2.58374,-0.802306
4.63408,-2.62619,-0.806852
4.60675,-2.64818,-0.804814
4.57079,-2.66495,-0.801208
4.52715,-2.67686,-0.796191
4.52334,-2.71221,-0.798543
4.50071,-2.73632,-0.797446
4.46702,-2.75352,-0.79431
4.48773,-2.80443,-0.801365
4.41955,-2.79967,-0.791801
4.40727,-2.82994,-0.792742
4.40721,-2.86824,-0.796035
4.41096,-2.90937,-0.800111
4.36839,-2.91991,-0.795407
4.33976,-2.93946,-0.793369
4.31839,-2.9638,-0.792742
4.30093,-2.9908,-0.792899
4.28331,-3.01771,-0.793056
4.27114,-3.04852,-0.79431
4.24755,-3.0712,-0.793369
4.22226,-3.09253,-0.792115
4.21193,-3.12486,-0.79384
4.16583,-3.13047,-0.788509
4.15676,-3.16375,-0.790547
4.14353,-3.19402,-0.791801
4.13553,-3.2285,-0.794153
4.0986,-3.24033,-0.790704
4.10099,-3.28332,-0.795251
4.07003,-3.29972,-0.793056
4.06039,-3.3334,-0.795251
4.01708,-3.33931,-0.790547
3.995,-3.36263,-0.790234
3.96603,-3.38003,-0.788509
3.93699,-3.3972,-0.786785
3.94359,-3.44534,-0.792585
3.92237,-3.46947,-0.792585
3.90469,-3.49677,-0.793369
3.85902,-3.49877,-0.788196
3.85857,-3.54175,-0.792742
3.8469,-3.57477,-0.794937
3.81554,-3.58951,-0.792899
3.79416,-3.61353,-0.793056
3.76054,-3.62578,-0.790547
3.71561,-3.62671,-0.78553
3.70452,-3.66055,-0.788039
3.67571,-3.67692,-0.786628
3.69333,-3.74017,-0.795721
3.6441,-3.73589,-0.789763
3.61974,-3.75676,-0.78945
3.61637,-3.79965,-0.793996
3.5781,-3.80593,-0.790547
3.5735,-3.84808,-0.794937
3.54915,-3.86921,-0.79478
3.52336,-3.88872,-0.79431
3.48033,-3.88892,-0.789763
3.47406,-3.93018,-0.793996
3.46092,-3.96407,-0.796662
3.42493,-3.97177,-0.79384
3.39089,-3.98143,-0.791488
3.37211,-4.00896,-0.792899
3.35439,-4.03793,-0.794623
3.3258,-4.05386,-0.793683
3.30397,-4.07803,-0.794467
3.24803,-4.05966,-0.786628
3.2347,-4.09424,-0.789607
3.20891,-4.11323,-0.78945
3.16251,-4.10546,-0.783962
3.13428,-4.12085,-0.783179
3.11249,-4.14475,-0.784119
3.10229,-4.1844,-0.788196
3.06839,-4.19219,-0.786001
3.02295,-4.18372,-0.78067
2.63309,-3.69158,-0.681115
2.6263,-3.73028,-0.685505
0,0,0
2.95176,-4.30389,-0.789763
2.91146,-4.30147,-0.785844
2.90859,-4.35457,-0.792585
2.88671,-4.37976,-0.793996
2.84901,-4.38083,-0.790861
2.81621,-4.38909,-0.789136
2.80032,-4.42381,-0.792429
2.76999,-4.43588,-0.791488
2.74479,-4.45616,-0.792115
2.70355,-4.45012,-0.787882
2.69497,-4.49798,-0.793683
2.64924,-4.48382,-0.788039
2.63957,-4.53071,-0.793683
2.59894,-4.52455,-0.789607
2.57502,-4.54729,-0.790861
2.54899,-4.56646,-0.791488
2.52616,-4.59153,-0.793212
2.50124,-4.61302,-0.79431
2.48126,-4.64396,-0.797132
2.44996,-4.65385,-0.796191
2.42272,-4.67143,-0.796662
2.39626,-4.69061,-0.797446
2.33192,-4.63464,-0.784903
2.32975,-4.70196,-0.79431
2.29523,-4.70462,-0.792272
2.26589,-4.71773,-0.792115
2.25547,-4.77083,-0.799013
2.2174,-4.76578,-0.795721
2.18976,-4.78288,-0.796348
2.15916,-4.79353,-0.795878
2.13411,-4.81662,-0.797602
2.10491,-4.83053,-0.797759
2.08067,-4.85606,-0.799954
2.05544,-4.87966,-0.801835
2.01299,-4.86207,-0.796662
1.99317,-4.89903,-0.800895
1.9693,-4.92676,-0.80356
1.93001,-4.91576,-0.79964
1.87495,-4.86301,-0.788666
1.87024,-4.94093,-0.799954
1.83886,-4.94953,-0.799484
1.81759,-4.98577,-0.803717
1.78197,-4.98288,-0.801365
1.74548,-4.97695,-0.798543
1.72647,-5.02119,-0.804187
1.70256,-5.05228,-0.807636
1.66627,-5.04668,-0.804971
1.64803,-5.09628,-0.811556
1.58752,-5.01402,-0.796191
1.57046,-5.06801,-0.80356
1.53934,-5.07755,-0.80356
1.50226,-5.06701,-0.800268
1.47196,-5.07898,-0.800738
1.44857,-5.11548,-0.805285
1.41268,-5.10809,-0.802619
1.38286,-5.12238,-0.80356
1.35442,-5.14223,-0.805441
1.32481,-5.1581,-0.806696
1.29769,-5.18433,-0.809674
1.26843,-5.20275,-0.811399
1.24035,-5.22677,-0.814064
1.20782,-5.23236,-0.813751
1.17785,-5.24931,-0.815318
1.14814,-5.26802,-0.8172
1.1207,-5.29815,-0.820962
1.08757,-5.30203,-0.820492
0,0,0
0,0,0
0,0,0
0,0,0
0,0,0
0,0,0
0,0,0
0,0,0
0,0,0
0,0,0
0,0,0
0,0,0
0,0,0
0,0,0
0,0,0
0,0,0
0,0,0
0,0,0
0,0,0
0,0,0
0,0,0
0,0,0
0,0,0
0,0,0
0,0,0
0,0,0
0,0,0
0,0,0
0,0,0
0,0,0
0,0,0
0,0,0
0,0,0
0,0,0
0,0,0
0,0,0
0,0,0
0,0,0
0,0,0
0,0,0
0,0,0
0,0,0
0,0,0
0,0,0
0,0,0
0,0,0
0,0,0
0,0,0
0,0,0
0,0,0
0,0,0
0,0,0
0,0,0
0,0,0
0,0,0
0,0,0
0,0,0
0,0,0
0,0,0
0,0,0
0,0,0
0,0,0
0,0,0
0,0,0
0,0,0
0,0,0
0,0,0
0,0,0
0,0,0
0,0,0
0,0,0
0,0,0
0,0,0
0,0,0
0,0,0
0,0,0
0,0,0
0,0,0
0,0,0
0,0,0
0,0,0
0,0,0
0,0,0
0,0,0
0,0,0
0,0,0
0,0,0
0,0,0
0,0,0
0,0,0
0,0,0
0,0,0
0,0,0
0,0,0
0,0,0
0,0,0
0,0,0
0,0,0
0,0,0
0,0,0
0,0,0
0,0,0
0,0,0
0,0,0
0,0,0
0,0,0
0,0,0
0,0,0
0,0,0
0,0,0
0,0,0
0,0,0
0,0,0
0,0,0
0,0,0
0,0,0
0,0,0
0,0,0
0,0,0
0,0,0
0,0,0
0,0,0
0,0,0
0,0,0
0,0,0
0,0,0
0,0,0
0,0,0
0,0,0
0,0,0
0,0,0
0,0,0
0,0,0
0,0,0
0,0,0
0,0,0
0,0,0
0,0,0
0,0,0
0,0,0
0,0,0
0,0,0
0,0,0
0,0,0
0,0,0
0,0,0
0,0,0
0,0,0
0,0,0
0,0,0
0,0,0
0,0,0
0,0,0
0,0,0
0,0,0
0,0,0
0,0,0
0,0,0
0,0,0
0,0,0
0,0,0
0,0,0
0,0,0
0,0,0
0,0,0
0,0,0
0,0,0
0,0,0
0,0,0
0,0,0
0,0,0
0,0,0
0,0,0
0,0,0
0,0,0
0,0,0
0,0,0
0,0,0
0,0,0
0,0,0
0,0,0
0,0,0
0,0,0
0,0,0
0,0,0
0,0,0
0,0,0
0,0,0
0,0,0
0,0,0
0,0,0
0,0,0
0,0,0
0,0,0
0,0,0
0,0,0
0,0,0
0,0,0
0,0,0
0,0,0
0,0,0
0,0,0
0,0,0
0,0,0
0,0,0
0,0,0
0,0,0
0,0,0
0,0,0
0,0,0
0,0,0
0,0,0
0,0,0
0,0,0
0,0,0
0,0,0
0,0,0
0,0,0
0,0,0
0,0,0
0,0,0
0,0,0
0,0,0
0,0,0
0,0,0
0,0,0
0,0,0
0,0,0
0,0,0
0,0,0
0,0,0
0,0,0
0,0,0
0,0,0
0,0,0
0,0,0
0,0,0
0,0,0
0,0,0
0,0,0
0,0,0
0,0,0
0,0,0
0,0,0
0,0,0
0,0,0
0,0,0
0,0,0
0,0,0
0,0,0
0,0,0
0,0,0
0,0,0
0,0,0
0,0,0
0,0,0
0,0,0
0,0,0
0,0,0
0,0,0
0,0,0
0,0,0
0,0,0
0,0,0
0,0,0
0,0,0
0,0,0
0,0,0
0,0,0
0,0,0
0,0,0
0,0,0
0,0,0
0,0,0
0,0,0
0,0,0
0,0,0
0,0,0
0,0,0
0,0,0
0,0,0
0,0,0
0,0,0
0,0,0
0,0,0
0,0,0
0,0,0
0,0,0
0,0,0
0,0,0
0,0,0
0,0,0
0,0,0
0,0,0
0,0,0
0,0,0
0,0,0
0,0,0
0,0,0
0,0,0
0,0,0
0,0,0
0,0,0
0,0,0
0,0,0
0,0,0
0,0,0
0,0,0
0,0,0
0,0,0
0,0,0
0,0,0
0,0,0
0,0,0
0,0,0
0,0,0
0,0,0
0,0,0
0,0,0
0,0,0
0,0,0
0,0,0
0,0,0
0,0,0
0,0,0
0,0,0
0,0,0
0,0,0
0,0,0
0,0,0
0,0,0
0,0,0
0,0,0
0,0,0
0,0,0
0,0,0
0,0,0
0,0,0
0,0,0
0,0,0
0,0,0
0,0,0
0,0,0
0,0,0
0,0,0
0,0,0
0,0,0
0,0,0
0,0,0
0,0,0
0,0,0
0,0,0
0,0,0
0,0,0
0,0,0
0,0,0
0,0,0
0,0,0
0,0,0
0,0,0
0,0,0
0,0,0
0,0,0
0,0,0
0,0,0
0,0,0
0,0,0
0,0,0
0,0,0
0,0,0
0,0,0
0,0,0
0,0,0
0,0,0
0,0,0
0,0,0
0,0,0
0,0,0
0,0,0
0,0,0
0,0,0
0,0,0
0,0,0
0,0,0
0,0,0
0,0,0
0,0,0
0,0,0
0,0,0
0,0,0
0,0,0
0,0,0
0,0,0
0,0,0
0,0,0
0,0,0
0,0,0
0,0,0
0,0,0
0,0,0
0,0,0
0,0,0
0,0,0
0,0,0
0,0,0
0,0,0
0,0,0
0,0,0
0,0,0
0,0,0
0,0,0
0,0,0
0,0,0
0,0,0
0,0,0
0,0,0
0,0,0
0,0,0
0,0,0
0,0,0
0,0,0
0,0,0
0,0,0
0,0,0
0,0,0
0,0,0
0,0,0
0,0,0
0,0,0
0,0,0
0,0,0
0,0,0
0,0,0
0,0,0
0,0,0
0,0,0
0,0,0
0,0,0
0,0,0
0,0,0
0,0,0
0,0,0
0,0,0
0,0,0
0,0,0
0,0,0
0,0,0
0,0,0
0,0,0
0,0,0
0,0,0
0,0,0
0,0,0
0,0,0
0,0,0
0,0,0
0,0,0
0,0,0
0,0,0
0,0,0
0,0,0
0,0,0
0,0,0
0,0,0
0,0,0
0,0,0
0,0,0
0,0,0
0,0,0
0,0,0
0,0,0
0,0,0
0,0,0
0,0,0
0,0,0
0,0,0
0,0,0
0,0,0
0,0,0
0,0,0
0,0,0
0,0,0
0,0,0
0,0,0
0,0,0
0,0,0
0,0,0
0,0,0
0,0,0
0,0,0
0,0,0
0,0,0
0,0,0
0,0,0
0,0,0
0,0,0
0,0,0
0,0,0
0,0,0
0,0,0
0,0,0
0,0,0
0,0,0
0,0,0
0,0,0
0,0,0
0,0,0
0,0,0
0,0,0
0,0,0
0,0,0
0,0,0
0,0,0
0,0,0
0,0,0
0,0,0
0,0,0
0,0,0
0,0,0
0,0,0
0,0,0
0,0,0
0,0,0
0,0,0
0,0,0
0,0,0
0,0,0
0,0,0
0,0,0
0,0,0
0,0,0
0,0,0
0,0,0
0,0,0
0,0,0
0,0,0
0,0,0
0,0,0
0,0,0
0,0,0
0,0,0
0,0,0
0,0,0
0,0,0
0,0,0
0,0,0
0,0,0
0,0,0
0,0,0
0,0,0
0,0,0
0,0,0
0,0,0
0,0,0
0,0,0
0,0,0
0,0,0
0,0,0
0,0,0
0,0,0
0,0,0
0,0,0
0,0,0
0,0,0
0,0,0
0,0,0
0,0,0
0,0,0
0,0,0
0,0,0
0,0,0
0,0,0
0,0,0
0,0,0
0,0,0
0,0,0
0,0,0
0,0,0
0,0,0
0,0,0
0,0,0
0,0,0
0,0,0
0,0,0
0,0,0
0,0,0
0,0,0
0,0,0
0,0,0
0,0,0
0,0,0
0,0,0
0,0,0
0,0,0
0,0,0
0,0,0
0,0,0
0,0,0
0,0,0
0,0,0
0,0,0
0,0,0
0,0,0
0,0,0
0,0,0
0,0,0
0,0,0
0,0,0
0,0,0
1.74331,5.60521,-0.964511
1.78185,5.60756,-0.96687
1.81288,5.5862,-0.965017
1.84681,5.57404,-0.964848
1.87624,5.54859,-0.962321
1.90479,5.52114,-0.959456
1.92784,5.47866,-0.953896
1.94978,5.43425,-0.947999
1.98918,5.43885,-0.951032
2.0201,5.42008,-0.949853
2.05542,5.41311,-0.950863
2.08433,5.38936,-0.948842
2.12566,5.39757,-0.952717
2.13674,5.32952,-0.942608
2.17462,5.32909,-0.944966
2.21067,5.32384,-0.946483
2.2341,5.28838,-0.942439
2.2595,5.25827,-0.939406
2.29449,5.25063,-0.940586
2.32266,5.22745,-0.938901
2.35875,5.22208,-0.940586
2.38663,5.19855,-0.938901
2.42723,5.20257,-0.942439
2.45405,5.17689,-0.940417
2.4832,5.1564,-0.939406
2.5044,5.11982,-0.935362
2.52262,5.07787,-0.930308
2.55905,5.07286,-0.93233
2.578,5.03337,-0.92778
2.61611,5.03145,-0.930476
2.65705,5.03448,-0.934183
2.68371,5.01026,-0.932667
2.67958,4.92961,-0.920198
2.69455,4.88545,-0.914807
2.7288,4.87657,-0.916323
2.75478,4.85287,-0.914975
2.78696,4.84015,-0.915818
2.82208,4.83232,-0.917671
2.84967,4.81152,-0.916997
2.85833,4.7593,-0.910089
2.89825,4.75935,-0.913627
2.91704,4.7247,-0.910258
2.97212,4.7485,-0.918682
3.00225,4.73184,-0.919019
3.02217,4.69923,-0.916155
3.04234,4.66738,-0.913459
3.06386,4.63794,-0.911268
3.09774,4.62724,-0.912953
3.12497,4.60651,-0.912616
3.16824,4.60919,-0.917166
3.16887,4.55002,-0.90891
3.17344,4.49747,-0.902002
3.19753,4.4731,-0.900991
3.25208,4.49092,-0.90891
3.29124,4.48678,-0.912279
3.30225,4.44435,-0.907562
3.32116,4.41297,-0.905203
3.3649,4.41446,-0.909921
3.37386,4.37032,-0.904866
3.40183,4.35109,-0.905203
3.44803,4.35487,-0.910595
3.46113,4.31671,-0.906888
3.48134,4.28774,-0.905203
3.5057,4.26401,-0.904697
3.52361,4.23257,-0.902507
3.56602,4.23047,-0.906888
3.60407,4.22276,-0.910089
3.62154,4.19087,-0.907899
3.65951,4.18266,-0.9111
3.66877,4.14168,-0.906888
3.68753,4.11175,-0.905203
3.71866,4.09562,-0.906719
3.74572,4.0749,-0.907225
3.75655,4.03668,-0.903686
3.79139,4.02432,-0.906214
3.80512,3.98957,-0.903518
3.86034,3.99806,-0.9111
3.8848,3.9743,-0.9111
3.89871,3.93988,-0.908573
3.90258,3.89568,-0.903686
3.91659,3.86197,-0.901328
3.93104,3.82892,-0.899137
3.97363,3.82319,-0.903686
3.99844,3.80009,-0.904023
4.01019,3.76469,-0.901328
4.00648,3.71521,-0.895094
4.04664,3.70654,-0.899137
4.04957,3.66378,-0.894588
4.07786,3.64412,-0.895936
4.09423,3.61381,-0.894588
4.10072,3.57501,-0.89105
4.11287,3.54142,-0.888859
4.11876,3.5027,-0.885321
4.12508,3.46468,-0.881951
4.15082,3.44308,-0.882962
4.17186,3.41755,-0.882962
4.18356,3.38445,-0.88094
4.20887,3.36241,-0.881951
4.21317,3.32369,-0.878413
4.22105,3.28808,-0.875717
4.25677,3.27415,-0.879087
4.28776,3.25631,-0.881446
4.3053,3.22817,-0.88094
4.31552,3.19465,-0.878919
4.30878,3.14891,-0.873358
4.352,3.13972,-0.878413
4.35994,3.10495,-0.876054
4.36359,3.06737,-0.872853
4.38557,3.04278,-0.873527
4.39603,3.01025,-0.871842
4.41768,2.98542,-0.872516
4.4351,2.95772,-0.872347
4.46551,2.93858,-0.874875
4.4942,2.9181,-0.877065
4.48132,2.87079,-0.870831
4.48552,2.83481,-0.868135
4.50032,2.80567,-0.86763
4.53172,2.78679,-0.870494
4.55042,2.75995,-0.870831
4.57488,2.73653,-0.872347
4.58904,2.70691,-0.871842
4.57575,2.66135,-0.865945
4.6108,2.64401,-0.869652
4.56945,2.58316,-0.858363
4.62396,2.57667,-0.865945
4.64314,2.55015,-0.866619
4.66216,2.52349,-0.867293
4.68712,2.49994,-0.869146
4.67446,2.45645,-0.863754
4.69819,2.43226,-0.865439
4.71215,2.40294,-0.865271
4.71183,2.36646,-0.862407
4.7245,2.33663,-0.86207
4.74318,2.30975,-0.862912
4.73326,2.26909,-0.858363
4.76136,2.24674,-0.861059
4.72142,2.19256,-0.850949
4.75002,2.17052,-0.853814
4.74617,2.13365,-0.850612
4.76098,2.10529,-0.850949
4.76477,2.0721,-0.849264
4.79461,2.05019,-0.852466
4.75985,2.00086,-0.843704
4.79299,1.98028,-0.847579
4.77948,1.94044,-0.842862
4.80961,1.91839,-0.846232
4.8323,1.89316,-0.848253
4.85211,1.86666,-0.84977
4.86347,1.83685,-0.84977
4.87188,1.80595,-0.849264
4.8347,1.75849,-0.840503
4.87418,1.73907,-0.845726
4.89034,1.71108,-0.846737
4.89795,1.68008,-0.846232
4.90443,1.64874,-0.845558
4.91726,1.61954,-0.846063
4.92429,1.58843,-0.845558
4.91233,1.55135,-0.841682
4.91422,1.51885,-0.840334
4.94043,1.49381,-0.843367
4.94856,1.46319,-0.843199
4.93756,1.42705,-0.83966
4.93958,1.39485,-0.838481
4.968,1.37002,-0.842019
4.95157,1.33284,-0.837639
4.94058,1.29742,-0.834269
4.95896,1.26978,-0.836122
4.97526,1.24147,-0.837639
4.95884,1.2051,-0.833426
4.95943,1.17306,-0.832247
4.9771,1.14504,-0.8341
4.97537,1.11254,-0.832584
4.98499,1.08262,-0.833089
4.99347,1.05242,-0.833426
5.03557,1.02907,-0.83966
5.01375,0.992597,-0.834774
5.0362,0.964972,-0.837639
5.01489,0.929018,-0.832921
5.01467,0.897187,-0.83191
5.01231,0.865058,-0.830562
5.02044,0.834773,-0.831068
5.03131,0.804887,-0.832078
5.04785,0.7758,-0.8341
5.08469,0.749564,-0.83966
5.06772,0.715315,-0.835954
5.10132,0.688166,-0.841008
5.08687,0.654458,-0.837807
5.09275,0.623473,-0.838144
5.10431,0.593125,-0.839492
5.08336,0.559095,-0.83528
5.0916,0.528403,-0.836122
5.11927,0.499551,-0.840334
5.10359,0.466421,-0.837133
5.10046,0.434594,-0.836122
5.0932,0.402511,-0.834437
5.11327,0.372546,-0.83747
5.08006,0.338795,-0.831405
5.11746,0.30977,-0.83747
5.13993,0.279493,-0.841008
5.14943,0.248331,-0.842356
5.1223,0.215522,-0.83747
5.14519,0.184871,-0.841177
5.15116,0.153445,-0.842019
5.15594,0.12193,-0.842693
5.16842,0.0905009,-0.844715
5.15015,0.0585692,-0.841514
5.15633,0.0269997,-0.842525
5.15837,-0.00464078,-0.842862
5.12769,-0.0360837,-0.837639
5.12146,-0.0674693,-0.836628
5.13868,-0.0992313,-0.83966
5.14291,-0.130884,-0.840503
5.14693,-0.162592,-0.841345
5.10348,-0.192582,-0.8341
5.11599,-0.224494,-0.836459
5.11944,-0.256126,-0.837302
5.13745,-0.288635,-0.840671
5.10902,-0.318503,-0.836122
5.08042,-0.348032,-0.831573
5.09293,-0.380296,-0.8341
5.0964,-0.412014,-0.835111
5.10949,-0.444641,-0.837807
5.10372,-0.47571,-0.837302
5.12621,-0.509546,-0.841682
5.14063,-0.54285,-0.844715
5.10194,-0.570447,-0.83865
5.12477,-0.604854,-0.843199
5.1239,-0.636652,-0.843704
5.10426,-0.666042,-0.841008
5.14402,-0.703348,-0.84859
5.15327,-0.736848,-0.850949
5.08041,-0.758284,-0.839155
5.08248,-0.790501,-0.840334
5.06002,-0.818842,-0.837302
5.0442,-0.848078,-0.835448
5.07095,-0.884596,-0.841008
5.04021,-0.911141,-0.836628
5.05874,-0.946577,-0.84084
5.04316,-0.975728,-0.839155
5.04288,-1.00781,-0.840166
5.03757,-1.03893,-0.840334
5.02338,-1.06819,-0.838987
5.03214,-1.10236,-0.841682
5.02432,-1.133,-0.841514
4.40751,-1.02251,-0.734523
4.25061,-1.01368,-0.70807
4.2491,-1.04091,-0.708913
4.24454,-1.06744,-0.70925
4.32955,-1.11708,-0.725425
5.0059,-1.32422,-0.846232
4.98626,-1.35181,-0.84421
4.97217,-1.3808,-0.843199
4.98257,-1.41667,-0.846569
4.98893,-1.45162,-0.849264
4.98749,-1.48445,-0.850612
4.98111,-1.51589,-0.851118
4.91807,-1.52975,-0.841514
4.9255,-1.56527,-0.844547
4.86892,-1.58025,-0.836122
4.89843,-1.62311,-0.843199
4.87624,-1.64904,-0.841008
4.86417,-1.67828,-0.840671
4.8389,-1.70286,-0.837976
4.79217,-1.71955,-0.831405
4.78801,-1.75129,-0.832584
4.76886,-1.77754,-0.831068
4.76063,-1.80781,-0.831573
4.74485,-1.83521,-0.830731
4.70782,-1.85419,-0.826013
4.73112,-1.89697,-0.832415
4.70297,-1.91926,-0.829383
4.69201,-1.94846,-0.829551
4.67452,-1.97491,-0.82854
4.65779,-2.00161,-0.827698
4.65084,-2.03252,-0.828709
4.65539,-2.06862,-0.83191
4.65429,-2.10242,-0.8341
4.62339,-2.12272,-0.830731
4.59955,-2.14605,-0.828709
4.58274,-2.17254,-0.828035
4.56932,-2.20062,-0.828035
4.55042,-2.22602,-0.827024
4.52784,-2.24951,-0.825339
4.51484,-2.2777,-0.825507
4.48586,-2.29772,-0.822643
4.46993,-2.32429,-0.822306
4.46779,-2.35811,-0.824665
4.42977,-2.37292,-0.820116
4.45497,-2.4217,-0.827866
4.41758,-2.43662,-0.823485
4.41717,-2.47186,-0.82635
4.40278,-2.4994,-0.826518
4.39249,-2.52932,-0.827529
4.37263,-2.55374,-0.826687
4.3484,-2.5755,-0.825002
4.32913,-2.60011,-0.824328
4.30468,-2.6215,-0.822643
4.27844,-2.64165,-0.820621
4.26132,-2.66733,-0.820453
4.25236,-2.69817,-0.821969
4.21583,-2.71142,-0.817925
4.18012,-2.72486,-0.81405
4.16496,-2.75155,-0.814387
4.13162,-2.76609,-0.811017
4.10641,-2.78586,-0.809332
4.0803,-2.80486,-0.807479
4.05331,-2.82308,-0.805457
4.04396,-2.85358,-0.807142
4.05204,-2.89668,-0.812534
4.0318,-2.91975,-0.812028
4.00506,-2.93803,-0.810175
3.97667,-2.95491,-0.807984
3.9435,-2.96799,-0.804783
3.94246,-3.00528,-0.80849
3.92863,-3.03302,-0.809501
3.9115,-3.05829,-0.809838
3.89111,-3.081,-0.809501
3.83983,-3.07893,-0.802424
3.81015,-3.09374,-0.800065
3.8109,-3.13333,-0.804446
3.80448,-3.16737,-0.807311
3.77216,-3.17986,-0.804446
3.73458,-3.18759,-0.800402
3.73285,-3.22591,-0.804446
3.69741,-3.23513,-0.800908
3.68192,-3.26167,-0.801919
3.66917,-3.29078,-0.803604
3.64745,-3.31191,-0.803267
3.65174,-3.3569,-0.808995
3.6318,-3.37992,-0.809164
3.59879,-3.39065,-0.8063
3.58077,-3.41539,-0.806974
3.55762,-3.43524,-0.806468
3.53859,-3.45907,-0.806974
3.49838,-3.46201,-0.802424
3.49379,-3.50015,-0.806468
3.45563,-3.50468,-0.802424
3.4375,-3.52934,-0.803267
3.41031,-3.54469,-0.801919
3.39393,-3.57126,-0.803267
3.3787,-3.5992,-0.804952
3.36862,-3.63287,-0.807984
3.34693,-3.6542,-0.808153
3.34098,-3.69294,-0.812365
3.3222,-3.71778,-0.813376
3.28237,-3.71888,-0.808995
3.26013,-3.7397,-0.809164
3.24356,-3.7671,-0.810849
3.20761,-3.77191,-0.807479
3.18694,-3.79454,-0.808153
3.17367,-3.82616,-0.810849
3.13764,-3.83032,-0.807479
3.12834,-3.86712,-0.811354
3.0947,-3.87392,-0.808658
3.0721,-3.89438,-0.808995
3.04875,-3.91394,-0.809164
3.02047,-3.9271,-0.807984
2.98856,-3.93536,-0.805794
2.96436,-3.95362,-0.805794
2.93887,-3.97015,-0.805457
2.8842,-3.94673,-0.796696
2.65514,-3.68062,-0.736882
2.61077,-3.66634,-0.730479
2.58823,-3.68229,-0.730479
2.6364,-3.80013,-0.751709
2.74674,-4.01139,-0.792147
2.74747,-4.06573,-0.799897
2.74162,-4.11122,-0.805794
2.71363,-4.12384,-0.804952
2.68613,-4.13711,-0.804278
2.66336,-4.15766,-0.80512
2.64095,-4.17893,-0.806131
2.61161,-4.1892,-0.804952
2.57966,-4.19507,-0.80293
2.5554,-4.21335,-0.803435
2.54165,-4.24925,-0.807479
2.50451,-4.24609,-0.803772
2.49328,-4.28693,-0.808827
2.4684,-4.30471,-0.809332
2.44,-4.31635,-0.808658
2.42019,-4.34329,-0.811017
2.39065,-4.35288,-0.810006
2.37281,-4.38393,-0.813208
2.33566,-4.37928,-0.809501
2.30874,-4.39353,-0.809501
2.2831,-4.41023,-0.810006
2.25555,-4.42328,-0.809838
2.22394,-4.42823,-0.808153
2.20285,-4.45416,-0.810512
2.17116,-4.45873,-0.808827
2.14888,-4.48264,-0.810849
2.13143,-4.51713,-0.814893
2.10492,-4.5328,-0.815398
2.07871,-4.54922,-0.816072
2.0459,-4.5511,-0.81405
2.02153,-4.57168,-0.815566
1.98361,-4.5614,-0.811354
1.97652,-4.62243,-0.820453
1.93016,-4.59176,-0.812534
1.91174,-4.6272,-0.816914
1.88034,-4.63154,-0.815566
1.84787,-4.63292,-0.813713
1.82229,-4.65151,-0.815061
1.79548,-4.66721,-0.815903
1.76367,-4.66984,-0.814387
1.74253,-4.7009,-0.818094
1.70859,-4.69761,-0.815566
1.68902,-4.734,-0.820284
1.6518,-4.72102,-0.816072
1.62088,-4.72547,-0.815061
1.59185,-4.73533,-0.815061
1.5711,-4.77028,-0.81961
1.54331,-4.78452,-0.820453
1.51393,-4.7939,-0.820453
0,0,0
1.46697,-4.85174,-0.827529
1.43885,-4.86632,-0.82854
1.41034,-4.8798,-0.829383
1.37662,-4.87508,-0.827024
1.33697,-4.84828,-0.82079
1.30541,-4.84973,-0.81961
1.28064,-4.87671,-0.82298
1.24702,-4.87015,-0.820453
1.21448,-4.8672,-0.818599
1.18553,-4.87839,-0.819273
1.1583,-4.89708,-0.821295
1.12668,-4.89737,-0.820116
1.10285,-4.93209,-0.825002
0,0,0
1.04408,-4.95393,-0.826518
0,0,0
0,0,0
0,0,0
0,0,0
0,0,0
0,0,0
0,0,0
0,0,0
0,0,0
0,0,0
0,0,0
0,0,0
0,0,0
0,0,0
0,0,0
0,0,0
0,0,0
0,0,0
0,0,0
0,0,0
0,0,0
0,0,0
0,0,0
0,0,0
0,0,0
0,0,0
0,0,0
0,0,0
0,0,0
0,0,0
0,0,0
0,0,0
0,0,0
0,0,0
0,0,0
0,0,0
0,0,0
0,0,0
0,0,0
0,0,0
0,0,0
0,0,0
0,0,0
0,0,0
0,0,0
0,0,0
0,0,0
0,0,0
0,0,0
0,0,0
0,0,0
0,0,0
0,0,0
0,0,0
0,0,0
0,0,0
0,0,0
0,0,0
0,0,0
0,0,0
0,0,0
0,0,0
0,0,0
0,0,0
0,0,0
0,0,0
0,0,0
0,0,0
0,0,0
0,0,0
0,0,0
0,0,0
0,0,0
0,0,0
0,0,0
0,0,0
0,0,0
0,0,0
0,0,0
0,0,0
0,0,0
0,0,0
0,0,0
0,0,0
0,0,0
0,0,0
0,0,0
0,0,0
0,0,0
0,0,0
0,0,0
0,0,0
0,0,0
0,0,0
0,0,0
0,0,0
0,0,0
0,0,0
0,0,0
0,0,0
0,0,0
0,0,0
0,0,0
0,0,0
0,0,0
0,0,0
0,0,0
0,0,0
0,0,0
0,0,0
0,0,0
0,0,0
0,0,0
0,0,0
0,0,0
0,0,0
0,0,0
0,0,0
0,0,0
0,0,0
0,0,0
0,0,0
0,0,0
0,0,0
0,0,0
0,0,0
0,0,0
0,0,0
0,0,0
0,0,0
0,0,0
0,0,0
0,0,0
0,0,0
0,0,0
0,0,0
0,0,0
0,0,0
0,0,0
0,0,0
0,0,0
0,0,0
0,0,0
0,0,0
0,0,0
0,0,0
0,0,0
0,0,0
0,0,0
0,0,0
0,0,0
0,0,0
0,0,0
0,0,0
0,0,0
0,0,0
0,0,0
0,0,0
0,0,0
0,0,0
0,0,0
0,0,0
0,0,0
0,0,0
0,0,0
0,0,0
0,0,0
0,0,0
0,0,0
0,0,0
0,0,0
0,0,0
0,0,0
0,0,0
0,0,0
0,0,0
0,0,0
0,0,0
0,0,0
0,0,0
0,0,0
0,0,0
0,0,0
0,0,0
0,0,0
0,0,0
0,0,0
0,0,0
0,0,0
0,0,0
0,0,0
0,0,0
0,0,0
0,0,0
0,0,0
0,0,0
0,0,0
0,0,0
0,0,0
0,0,0
0,0,0
0,0,0
0,0,0
0,0,0
0,0,0
0,0,0
0,0,0
0,0,0
0,0,0
0,0,0
0,0,0
0,0,0
0,0,0
0,0,0
0,0,0
0,0,0
0,0,0
0,0,0
0,0,0
0,0,0
0,0,0
0,0,0
0,0,0
0,0,0
0,0,0
0,0,0
0,0,0
0,0,0
0,0,0
0,0,0
0,0,0
0,0,0
0,0,0
0,0,0
0,0,0
0,0,0
0,0,0
0,0,0
0,0,0
0,0,0
0,0,0
0,0,0
0,0,0
0,0,0
0,0,0
0,0,0
0,0,0
0,0,0
0,0,0
0,0,0
0,0,0
0,0,0
0,0,0
0,0,0
0,0,0
0,0,0
0,0,0
0,0,0
0,0,0
0,0,0
0,0,0
0,0,0
0,0,0
0,0,0
0,0,0
0,0,0
0,0,0
0,0,0
0,0,0
0,0,0
0,0,0
0,0,0
0,0,0
0,0,0
0,0,0
0,0,0
0,0,0
0,0,0
0,0,0
0,0,0
0,0,0
0,0,0
0,0,0
0,0,0
0,0,0
0,0,0
0,0,0
0,0,0
0,0,0
0,0,0
0,0,0
0,0,0
0,0,0
0,0,0
0,0,0
0,0,0
0,0,0
0,0,0
0,0,0
0,0,0
0,0,0
0,0,0
0,0,0
0,0,0
0,0,0
0,0,0
0,0,0
0,0,0
0,0,0
0,0,0
0,0,0
0,0,0
0,0,0
0,0,0
0,0,0
0,0,0
0,0,0
0,0,0
0,0,0
0,0,0
0,0,0
0,0,0
0,0,0
0,0,0
0,0,0
0,0,0
0,0,0
0,0,0
0,0,0
0,0,0
0,0,0
0,0,0
0,0,0
0,0,0
0,0,0
0,0,0
0,0,0
0,0,0
0,0,0
0,0,0
0,0,0
0,0,0
0,0,0
0,0,0
0,0,0
0,0,0
0,0,0
0,0,0
0,0,0
0,0,0
0,0,0
0,0,0
0,0,0
0,0,0
0,0,0
0,0,0
0,0,0
0,0,0
0,0,0
0,0,0
0,0,0
0,0,0
0,0,0
0,0,0
0,0,0
0,0,0
0,0,0
0,0,0
0,0,0
0,0,0
0,0,0
0,0,0
0,0,0
0,0,0
0,0,0
0,0,0
0,0,0
0,0,0
0,0,0
0,0,0
0,0,0
0,0,0
0,0,0
0,0,0
0,0,0
0,0,0
0,0,0
0,0,0
0,0,0
0,0,0
0,0,0
0,0,0
0,0,0
0,0,0
0,0,0
0,0,0
0,0,0
0,0,0
0,0,0
0,0,0
0,0,0
0,0,0
0,0,0
0,0,0
0,0,0
0,0,0
0,0,0
0,0,0
0,0,0
0,0,0
0,0,0
0,0,0
0,0,0
0,0,0
0,0,0
0,0,0
0,0,0
0,0,0
0,0,0
0,0,0
0,0,0
0,0,0
0,0,0
0,0,0
0,0,0
0,0,0
0,0,0
0,0,0
0,0,0
0,0,0
0,0,0
0,0,0
0,0,0
0,0,0
0,0,0
0,0,0
0,0,0
0,0,0
0,0,0
0,0,0
0,0,0
0,0,0
0,0,0
0,0,0
0,0,0
0,0,0
0,0,0
0,0,0
0,0,0
0,0,0
0,0,0
0,0,0
0,0,0
0,0,0
0,0,0
0,0,0
0,0,0
0,0,0
0,0,0
0,0,0
0,0,0
0,0,0
0,0,0
0,0,0
0,0,0
0,0,0
0,0,0
0,0,0
0,0,0
0,0,0
0,0,0
0,0,0
0,0,0
0,0,0
0,0,0
0,0,0
0,0,0
0,0,0
0,0,0
0,0,0
0,0,0
0,0,0
0,0,0
0,0,0
0,0,0
0,0,0
0,0,0
0,0,0
0,0,0
0,0,0
0,0,0
0,0,0
0,0,0
0,0,0
0,0,0
0,0,0
0,0,0
0,0,0
0,0,0
0,0,0
0,0,0
0,0,0
0,0,0
0,0,0
0,0,0
0,0,0
0,0,0
0,0,0
0,0,0
0,0,0
0,0,0
0,0,0
0,0,0
0,0,0
0,0,0
0,0,0
0,0,0
0,0,0
0,0,0
0,0,0
0,0,0
0,0,0
0,0,0
0,0,0
0,0,0
0,0,0
0,0,0
0,0,0
0,0,0
0,0,0
0,0,0
0,0,0
0,0,0
0,0,0
0,0,0
0,0,0
0,0,0
0,0,0
0,0,0
0,0,0
0,0,0
0,0,0
0,0,0
0,0,0
0,0,0
0,0,0
0,0,0
0,0,0
0,0,0
0,0,0
0,0,0
0,0,0
0,0,0
0,0,0
0,0,0
0,0,0
0,0,0
0,0,0
0,0,0
0,0,0
0,0,0
0,0,0
0,0,0
0,0,0
0,0,0
0,0,0
0,0,0
0,0,0
0,0,0
0,0,0
0,0,0
0,0,0
0,0,0
0,0,0
0,0,0
0,0,0
0,0,0
0,0,0
0,0,0
0,0,0
0,0,0
0,0,0
0,0,0
1.74155,5.05384,-0.939117
1.78329,5.07368,-0.945057
1.81173,5.05524,-0.943617
1.83934,5.03479,-0.941817
1.87638,5.04,-0.945057
1.90099,5.01184,-0.941817
1.94057,5.02302,-0.946317
1.97027,5.00827,-0.945777
1.99438,4.97965,-0.942537
2.02452,4.96641,-0.942357
2.0576,4.96025,-0.943617
2.08455,4.93938,-0.941997
2.10201,4.89667,-0.936057
2.13202,4.88368,-0.936057
2.15476,4.85432,-0.932817
2.19057,4.85446,-0.935517
2.22278,4.84629,-0.936597
2.24499,4.81651,-0.933357
2.26987,4.79287,-0.931377
2.30564,4.79214,-0.934077
2.32895,4.76553,-0.931557
2.33059,4.69565,-0.920217
2.38416,4.73045,-0.930297
2.40641,4.70259,-0.927597
2.4257,4.66941,-0.923817
2.46623,4.67706,-0.928497
2.48421,4.64189,-0.924357
2.51546,4.63175,-0.925437
2.54668,4.6214,-0.926517
2.56635,4.59023,-0.923277
2.59641,4.57782,-0.923997
2.61758,4.54986,-0.921477
2.65189,4.54476,-0.923817
2.6672,4.50724,-0.919317
2.68772,4.47898,-0.916797
2.71004,4.454,-0.914997
2.74558,4.45069,-0.917877
2.78223,4.44877,-0.921117
2.80315,4.42164,-0.918957
2.82172,4.39112,-0.916077
2.84861,4.37372,-0.916077
2.86293,4.33728,-0.911937
2.86925,4.28938,-0.905276
2.90435,4.28472,-0.908157
2.93337,4.27088,-0.909057
2.97694,4.27783,-0.914637
2.97422,4.21848,-0.905456
3.01149,4.21616,-0.909057
3.01654,4.16891,-0.902576
3.05893,4.17333,-0.907797
3.09269,4.16554,-0.910317
3.10873,4.13391,-0.907437
3.11436,4.08893,-0.901496
3.13639,4.06585,-0.900596
3.15098,4.03336,-0.897536
3.18971,4.03169,-0.901676
3.22915,4.03046,-0.905997
3.2563,4.01363,-0.906717
3.28211,3.99509,-0.907077
3.30845,3.97715,-0.907616
3.32646,3.94925,-0.905816
3.34871,3.92652,-0.905276
3.36953,3.90218,-0.904376
3.36492,3.84885,-0.896456
3.39564,3.83623,-0.898436
3.44669,3.84609,-0.905997
3.46031,3.81394,-0.903296
3.4537,3.76004,-0.895196
3.49613,3.75966,-0.900416
3.49486,3.71236,-0.893936
3.54812,3.72288,-0.902036
3.54903,3.67839,-0.896276
3.57566,3.66077,-0.897356
3.60774,3.64855,-0.899876
3.64119,3.63747,-0.902756
3.64804,3.59986,-0.898796
3.65386,3.56162,-0.894656
3.63738,3.50229,-0.884936
3.6759,3.49617,-0.889256
3.66861,3.44661,-0.882056
3.67815,3.41334,-0.879176
3.74254,3.43058,-0.889976
3.72924,3.37652,-0.881516
3.78655,3.38636,-0.890516
3.79546,3.35265,-0.887636
3.80929,3.32347,-0.886016
3.83855,3.30774,-0.888176
3.86252,3.28731,-0.889076
3.83819,3.22621,-0.878456
3.87911,3.22019,-0.883496
3.87445,3.17638,-0.877736
3.88316,3.14388,-0.875216
3.90699,3.12368,-0.876296
3.93689,3.10818,-0.878816
3.95899,3.08638,-0.879536
3.97006,3.05603,-0.877736
3.995,3.03638,-0.879176
4.02851,3.02302,-0.882596
4.02643,2.98303,-0.877916
4.05498,2.96581,-0.880256
4.07151,2.93972,-0.879896
4.06704,2.8987,-0.874856
4.08877,2.87652,-0.875756
4.08534,2.83679,-0.871076
4.12701,2.82835,-0.876476
4.14021,2.80022,-0.875576
4.14013,2.7633,-0.871796
4.16851,2.74542,-0.874316
4.17786,2.71497,-0.872696
4.18947,2.68609,-0.871616
4.21585,2.66665,-0.873776
4.21627,2.63084,-0.870356
4.2315,2.6044,-0.870176
4.25833,2.58502,-0.872516
4.26989,2.55632,-0.871616
4.26517,2.51807,-0.867296
4.29074,2.49779,-0.869456
4.30598,2.47142,-0.869456
4.29966,2.43284,-0.864956
4.32052,2.40977,-0.866216
4.3223,2.3761,-0.863515
4.3342,2.34813,-0.862975
4.35894,2.32705,-0.865136
4.34179,2.28378,-0.858655
4.36446,2.26162,-0.860455
4.3765,2.2339,-0.860095
4.3954,2.20966,-0.861175
4.43091,2.19356,-0.865676
4.40892,2.14909,-0.858475
4.41582,2.11902,-0.857215
4.47143,2.11205,-0.865856
4.42186,2.05555,-0.853255
4.42634,2.0247,-0.851635
4.46828,2.01082,-0.857575
4.50572,1.99451,-0.862615
4.49533,1.95701,-0.858115
4.49007,1.92204,-0.854695
4.51357,1.89941,-0.857035
4.49241,1.85815,-0.850555
4.51922,1.83684,-0.853615
4.52767,1.80799,-0.853075
4.50296,1.76617,-0.846055
4.57613,1.76254,-0.858295
4.54177,1.71738,-0.849475
4.53286,1.6823,-0.845695
4.55696,1.6595,-0.848395
4.52074,1.61497,-0.839395
4.55563,1.59598,-0.844255
4.60627,1.58205,-0.852175
4.61496,1.55344,-0.851995
4.60292,1.51801,-0.847855
4.62712,1.49458,-0.850735
4.60526,1.45637,-0.844795
4.60659,1.42576,-0.843355
4.59642,1.39177,-0.839755
4.60487,1.36354,-0.839755
4.62922,1.33991,-0.842815
4.64398,1.31335,-0.844075
4.61876,1.27567,-0.837775
4.62935,1.24807,-0.838315
4.64548,1.22189,-0.839935
4.64051,1.19019,-0.837595
4.64868,1.16193,-0.837775
4.6691,1.13664,-0.840295
4.66737,1.10593,-0.838675
4.69132,1.08125,-0.841915
4.69499,1.0518,-0.841375
4.6879,1.02004,-0.838855
4.69599,0.991666,-0.839215
4.67886,0.958099,-0.834895
4.70202,0.932816,-0.838135
4.71925,0.906172,-0.840295
4.71602,0.875583,-0.838675
4.70678,0.844027,-0.835975
4.7235,0.817142,-0.838135
4.76335,0.793963,-0.844615
4.72443,0.757714,-0.836515
4.73968,0.730359,-0.838495
4.76062,0.703707,-0.841555
4.7629,0.674207,-0.841195
4.7338,0.640489,-0.835075
4.73764,0.61143,-0.835075
4.73935,0.58211,-0.834715
4.75651,0.554612,-0.837235
4.77156,0.526711,-0.839395
4.78546,0.498543,-0.841375
4.77081,0.467446,-0.838135
4.76575,0.437445,-0.836695
4.76933,0.408279,-0.836875
4.78351,0.37994,-0.839035
4.77005,0.349434,-0.836155
4.78291,0.320882,-0.838135
4.7514,0.289497,-0.832015
4.75505,0.260445,-0.832375
4.74182,0.230549,-0.829675
4.82177,0.204782,-0.844075
4.80033,0.174373,-0.839935
4.76984,0.143968,-0.834175
4.78342,0.115004,-0.836515
4.77027,0.0854063,-0.833995
4.7766,0.0562039,-0.835075
4.77292,0.0268723,-0.834355
4.79366,-0.00242649,-0.838135
4.7788,-0.0317405,-0.835435
4.79425,-0.0612645,-0.838315
4.78001,-0.0904187,-0.835795
4.78429,-0.11987,-0.836695
4.79624,-0.149624,-0.839035
4.75002,-0.177358,-0.830755
4.73803,-0.206029,-0.828775
4.74454,-0.235488,-0.830215
4.7705,-0.266132,-0.835255
4.74423,-0.293876,-0.830755
4.76001,-0.324185,-0.833995
4.79226,-0.355938,-0.840295
4.76351,-0.383205,-0.835435
4.77871,-0.413955,-0.838675
4.78588,-0.444179,-0.840475
4.76251,-0.471499,-0.836695
4.77909,-0.502773,-0.840295
4.77298,-0.53176,-0.839755
4.7794,-0.562186,-0.841555
4.75829,-0.589324,-0.838315
4.76921,-0.620414,-0.841015
4.77019,-0.65033,-0.841915
4.7515,-0.677503,-0.839215
4.74044,-0.705631,-0.837955
4.74283,-0.73576,-0.839215
4.76833,-0.76971,-0.844795
4.73344,-0.793907,-0.839215
4.74496,-0.825804,-0.842275
4.73786,-0.854554,-0.841915
4.72673,-0.882525,-0.840835
4.73958,-0.915056,-0.844255
4.73773,-0.94489,-0.844975
4.74437,-0.976521,-0.847315
4.73251,-1.00439,-0.846235
4.71281,-1.03046,-0.843715
4.67569,-1.05245,-0.837955
4.42286,-1.02407,-0.791694
4.25191,-1.012,-0.760733
4.23702,-1.03597,-0.759113
4.24871,-1.0665,-0.762533
4.27352,-1.10064,-0.768473
4.66136,-1.23112,-0.843175
4.65277,-1.25944,-0.842995
4.66486,-1.29349,-0.846775
4.67387,-1.32692,-0.850015
4.65808,-1.35338,-0.848575
4.60915,-1.36988,-0.840835
4.58936,-1.39471,-0.838675
4.63144,-1.4386,-0.848395
4.67503,-1.48366,-0.858475
4.65929,-1.51019,-0.857215
4.6378,-1.53473,-0.854875
4.63109,-1.56411,-0.855415
4.61861,-1.59153,-0.854875
4.61247,-1.62115,-0.855595
4.60151,-1.64908,-0.855415
4.58115,-1.67357,-0.853435
4.55604,-1.69616,-0.850555
4.53267,-1.7192,-0.848035
4.53397,-1.75159,-0.850375
4.52863,-1.78153,-0.851455
4.52583,-1.81258,-0.853075
4.50733,-1.83735,-0.851635
4.48961,-1.86233,-0.850375
4.46904,-1.88602,-0.848575
4.46371,-1.91612,-0.849835
4.41761,-1.92851,-0.842995
4.43716,-1.96955,-0.849295
4.35327,-1.96437,-0.834895
4.37153,-2.00499,-0.841015
4.37787,-2.0405,-0.844795
4.36882,-2.06901,-0.845515
4.34984,-2.09279,-0.844255
4.29185,-2.09741,-0.835075
4.29652,-2.13246,-0.838675
4.27281,-2.15346,-0.836515
4.29192,-2.19622,-0.843175
4.27923,-2.22297,-0.843355
4.26116,-2.24689,-0.842455
4.26551,-2.28274,-0.846235
4.24364,-2.30465,-0.844615
4.22856,-2.33017,-0.844435
4.20903,-2.35319,-0.843355
4.16714,-2.36344,-0.837595
4.16961,-2.39878,-0.841195
4.14462,-2.41837,-0.839035
4.14324,-2.45177,-0.841915
4.11969,-2.47208,-0.840115
4.07335,-2.47839,-0.833455
4.05053,-2.49869,-0.831835
4.01594,-2.5115,-0.827695
4.02455,-2.55137,-0.832915
3.9782,-2.55634,-0.826255
3.95585,-2.5764,-0.824815
3.94243,-2.60225,-0.825355
3.92802,-2.62749,-0.825715
3.9102,-2.65044,-0.825355
3.90845,-2.68441,-0.828595
3.85638,-2.68361,-0.820675
3.85834,-2.72026,-0.824815
3.81276,-2.7233,-0.818334
3.80076,-2.7501,-0.819414
3.79095,-2.77861,-0.821035
3.78094,-2.80709,-0.822655
3.74478,-2.81605,-0.818334
3.73916,-2.84792,-0.821035
3.70137,-2.85518,-0.816354
3.66828,-2.86573,-0.812754
3.66914,-2.90283,-0.817074
3.63898,-2.91545,-0.814194
3.60803,-2.92718,-0.811134
3.58848,-2.94802,-0.810774
3.5794,-2.97753,-0.812934
3.57235,-3.00894,-0.815634
3.54035,-3.01932,-0.812394
3.50761,-3.02877,-0.808974
3.49044,-3.05153,-0.809334
3.4827,-3.08267,-0.812034
3.49595,-3.13287,-0.819955
3.45626,-3.13575,-0.814914
3.4203,-3.14159,-0.810774
3.40096,-3.16252,-0.810774
3.36,-3.1631,-0.805374
3.3626,-3.20469,-0.810954
3.3634,-3.24508,-0.816174
3.3371,-3.25947,-0.814554
3.31494,-3.2778,-0.814014
3.29893,-3.30226,-0.815094
3.29519,-3.33924,-0.819414
3.26297,-3.34742,-0.816354
3.24373,-3.3688,-0.816714
3.21825,-3.38365,-0.815454
3.19002,-3.39545,-0.813474
3.16511,-3.41063,-0.812394
3.13549,-3.42056,-0.810054
3.11576,-3.44119,-0.810414
3.09393,-3.45951,-0.810234
3.06679,-3.4718,-0.808614
3.05512,-3.50167,-0.811314
3.0445,-3.53302,-0.814374
3.00937,-3.5359,-0.810594
2.98572,-3.55204,-0.810054
2.9601,-3.56575,-0.808974
2.9338,-3.57852,-0.807714
2.91303,-3.59798,-0.808074
2.91485,-3.64575,-0.815094
2.87719,-3.64427,-0.810594
2.8584,-3.66651,-0.811674
2.83405,-3.68164,-0.811134
2.812,-3.69974,-0.811314
2.78453,-3.71063,-0.809874
2.72716,-3.68101,-0.799254
2.69291,-3.6818,-0.795654
2.63515,-3.6496,-0.784674
2.59957,-3.64728,-0.780534
2.57998,-3.66718,-0.781434
2.56808,-3.69829,-0.784854
2.55924,-3.73427,-0.789354
2.57375,-3.80531,-0.801594
2.59404,-3.88649,-0.815994
2.56581,-3.89576,-0.814554
2.5424,-3.91225,-0.814734
2.51781,-3.92695,-0.814554
2.50156,-3.9548,-0.817254
2.47256,-3.96256,-0.815634
2.4451,-3.97263,-0.814554
2.41762,-3.98251,-0.813474
2.39617,-4.00234,-0.814554
2.35656,-3.99155,-0.809154
2.34094,-4.02124,-0.812394
2.32356,-4.04832,-0.815094
2.2701,-4.01199,-0.804474
2.2876,-4.10145,-0.820315
2.25623,-4.1042,-0.817974
2.20243,-4.06521,-0.806994
2.20709,-4.13418,-0.818514
2.16199,-4.11021,-0.810774
2.15347,-4.15571,-0.817434
2.13062,-4.17411,-0.818514
2.09569,-4.16864,-0.814734
2.06047,-4.16203,-0.810774
2.03231,-4.16929,-0.809694
2.01818,-4.20563,-0.814554
1.99485,-4.22327,-0.815634
1.9631,-4.22294,-0.813114
1.94288,-4.24743,-0.815634
1.92041,-4.26734,-0.817254
1.89419,-4.27905,-0.817254
1.87025,-4.296,-0.818334
1.85431,-4.33181,-0.823195
1.82731,-4.3422,-0.823015
1.7871,-4.32061,-0.816534
1.77241,-4.36065,-0.822295
1.74927,-4.38058,-0.824095
1.71912,-4.38299,-0.822475
1.69785,-4.40814,-0.825355
1.66556,-4.40468,-0.822655
1.64192,-4.42404,-0.824455
1.61575,-4.4368,-0.824995
1.58916,-4.44848,-0.825355
1.56509,-4.46744,-0.827155
1.53892,-4.48068,-0.827875
1.50889,-4.48258,-0.826435
1.49337,-4.52818,-0.833455
1.45377,-4.50075,-0.826435
1.43028,-4.52272,-0.828955
1.39203,-4.49758,-0.822475
1.35044,-4.45991,-0.813654
1.32445,-4.47283,-0.814554
1.31913,-4.5574,-0.829135
1.28819,-4.555,-0.827155
1.25525,-4.5448,-0.823735
1.23118,-4.56667,-0.826435
1.20588,-4.5846,-0.828415
1.18384,-4.61573,-0.832915
1.15478,-4.62005,-0.832375
1.1299,-4.64138,-0.835075
1.10072,-4.64536,-0.834535
1.07219,-4.65202,-0.834535
1.04793,-4.67771,-0.838135
1.01712,-4.67444,-0.836335
0.980492,-4.64306,-0.829315
0,0,0
0,0,0
0,0,0
0,0,0
0,0,0
0,0,0
0,0,0
0,0,0
0,0,0
0,0,0
0,0,0
0,0,0
0,0,0
0,0,0
0,0,0
0,0,0
0,0,0
0,0,0
0,0,0
0,0,0
0,0,0
0,0,0
0,0,0
0,0,0
0,0,0
0,0,0
0,0,0
0,0,0
0,0,0
0,0,0
0,0,0
0,0,0
0,0,0
0,0,0
0,0,0
0,0,0
0,0,0
0,0,0
0,0,0
0,0,0
0,0,0
0,0,0
0,0,0
0,0,0
0,0,0
0,0,0
0,0,0
0,0,0
0,0,0
0,0,0
0,0,0
0,0,0
0,0,0
0,0,0
0,0,0
0,0,0
0,0,0
0,0,0
0,0,0
0,0,0
0,0,0
0,0,0
0,0,0
0,0,0
0,0,0
0,0,0
0,0,0
0,0,0
0,0,0
0,0,0
0,0,0
0,0,0
0,0,0
0,0,0
0,0,0
0,0,0
0,0,0
0,0,0
0,0,0
0,0,0
0,0,0
0,0,0
0,0,0
0,0,0
0,0,0
0,0,0
0,0,0
0,0,0
0,0,0
0,0,0
0,0,0
0,0,0
0,0,0
0,0,0
0,0,0
0,0,0
0,0,0
0,0,0
0,0,0
0,0,0
0,0,0
0,0,0
0,0,0
0,0,0
0,0,0
0,0,0
0,0,0
0,0,0
0,0,0
0,0,0
0,0,0
0,0,0
0,0,0
0,0,0
0,0,0
0,0,0
0,0,0
0,0,0
0,0,0
0,0,0
0,0,0
0,0,0
0,0,0
0,0,0
0,0,0
0,0,0
0,0,0
0,0,0
0,0,0
0,0,0
0,0,0
0,0,0
0,0,0
0,0,0
0,0,0
0,0,0
0,0,0
0,0,0
0,0,0
0,0,0
0,0,0
0,0,0
0,0,0
0,0,0
0,0,0
0,0,0
0,0,0
0,0,0
0,0,0
0,0,0
0,0,0
0,0,0
0,0,0
0,0,0
0,0,0
0,0,0
0,0,0
0,0,0
0,0,0
0,0,0
0,0,0
0,0,0
0,0,0
0,0,0
0,0,0
0,0,0
0,0,0
0,0,0
0,0,0
0,0,0
0,0,0
0,0,0
0,0,0
0,0,0
0,0,0
0,0,0
0,0,0
0,0,0
0,0,0
0,0,0
0,0,0
0,0,0
0,0,0
0,0,0
0,0,0
0,0,0
0,0,0
0,0,0
0,0,0
0,0,0
0,0,0
0,0,0
0,0,0
0,0,0
0,0,0
0,0,0
0,0,0
0,0,0
0,0,0
0,0,0
0,0,0
0,0,0
0,0,0
0,0,0
0,0,0
0,0,0
0,0,0
0,0,0
0,0,0
0,0,0
0,0,0
0,0,0
0,0,0
0,0,0
0,0,0
0,0,0
0,0,0
0,0,0
0,0,0
0,0,0
0,0,0
0,0,0
0,0,0
0,0,0
0,0,0
0,0,0
0,0,0
0,0,0
0,0,0
0,0,0
0,0,0
0,0,0
0,0,0
0,0,0
0,0,0
0,0,0
0,0,0
0,0,0
0,0,0
0,0,0
0,0,0
0,0,0
0,0,0
0,0,0
0,0,0
0,0,0
0,0,0
0,0,0
0,0,0
0,0,0
0,0,0
0,0,0
0,0,0
0,0,0
0,0,0
0,0,0
0,0,0
0,0,0
0,0,0
0,0,0
0,0,0
0,0,0
0,0,0
0,0,0
0,0,0
0,0,0
0,0,0
0,0,0
0,0,0
0,0,0
0,0,0
0,0,0
0,0,0
0,0,0
0,0,0
0,0,0
0,0,0
0,0,0
0,0,0
0,0,0
0,0,0
0,0,0
0,0,0
0,0,0
0,0,0
0,0,0
0,0,0
0,0,0
0,0,0
0,0,0
0,0,0
0,0,0
0,0,0
0,0,0
0,0,0
0,0,0
0,0,0
0,0,0
0,0,0
0,0,0
0,0,0
0,0,0
0,0,0
0,0,0
0,0,0
0,0,0
0,0,0
0,0,0
0,0,0
0,0,0
0,0,0
0,0,0
0,0,0
0,0,0
0,0,0
0,0,0
0,0,0
0,0,0
0,0,0
0,0,0
0,0,0
0,0,0
0,0,0
0,0,0
0,0,0
0,0,0
0,0,0
0,0,0
0,0,0
0,0,0
0,0,0
0,0,0
0,0,0
0,0,0
0,0,0
0,0,0
0,0,0
0,0,0
0,0,0
0,0,0
0,0,0
0,0,0
0,0,0
0,0,0
0,0,0
0,0,0
0,0,0
0,0,0
0,0,0
0,0,0
0,0,0
0,0,0
0,0,0
0,0,0
0,0,0
0,0,0
0,0,0
0,0,0
0,0,0
0,0,0
0,0,0
0,0,0
0,0,0
0,0,0
0,0,0
0,0,0
0,0,0
0,0,0
0,0,0
0,0,0
0,0,0
0,0,0
0,0,0
0,0,0
0,0,0
0,0,0
0,0,0
0,0,0
0,0,0
0,0,0
0,0,0
0,0,0
0,0,0
0,0,0
0,0,0
0,0,0
0,0,0
0,0,0
0,0,0
0,0,0
0,0,0
0,0,0
0,0,0
0,0,0
0,0,0
0,0,0
0,0,0
0,0,0
0,0,0
0,0,0
0,0,0
0,0,0
0,0,0
0,0,0
0,0,0
0,0,0
0,0,0
0,0,0
0,0,0
0,0,0
0,0,0
0,0,0
0,0,0
0,0,0
0,0,0
0,0,0
0,0,0
0,0,0
0,0,0
0,0,0
0,0,0
0,0,0
0,0,0
0,0,0
0,0,0
0,0,0
0,0,0
0,0,0
0,0,0
0,0,0
0,0,0
0,0,0
0,0,0
0,0,0
0,0,0
0,0,0
0,0,0
0,0,0
0,0,0
0,0,0
0,0,0
0,0,0
0,0,0
0,0,0
0,0,0
0,0,0
0,0,0
0,0,0
0,0,0
0,0,0
0,0,0
0,0,0
0,0,0
0,0,0
0,0,0
0,0,0
0,0,0
0,0,0
0,0,0
0,0,0
0,0,0
0,0,0
0,0,0
0,0,0
0,0,0
0,0,0
0,0,0
0,0,0
0,0,0
0,0,0
0,0,0
0,0,0
0,0,0
0,0,0
0,0,0
0,0,0
0,0,0
0,0,0
0,0,0
0,0,0
0,0,0
0,0,0
0,0,0
0,0,0
0,0,0
0,0,0
0,0,0
0,0,0
0,0,0
0,0,0
0,0,0
0,0,0
0,0,0
0,0,0
0,0,0
0,0,0
0,0,0
0,0,0
0,0,0
0,0,0
0,0,0
0,0,0
0,0,0
0,0,0
0,0,0
0,0,0
0,0,0
0,0,0
0,0,0
0,0,0
0,0,0
0,0,0
0,0,0
0,0,0
0,0,0
0,0,0
0,0,0
0,0,0
0,0,0
0,0,0
0,0,0
0,0,0
0,0,0
0,0,0
0,0,0
0,0,0
0,0,0
0,0,0
0,0,0
0,0,0
0,0,0
0,0,0
0,0,0
0,0,0
0,0,0
0,0,0
0,0,0
0,0,0
0,0,0
0,0,0
0,0,0
0,0,0
0,0,0
0,0,0
0,0,0
0,0,0
0,0,0
0,0,0
0,0,0
0,0,0
0,0,0
0,0,0
0,0,0
0,0,0
0,0,0
0,0,0
0,0,0
0,0,0
0,0,0
0,0,0
0,0,0
0,0,0
0,0,0
0,0,0
0,0,0
0,0,0
0,0,0
0,0,0
0,0,0
0,0,0
0,0,0
0,0,0
0,0,0
0,0,0
0,0,0
0,0,0
0,0,0
0,0,0
0,0,0
0,0,0
0,0,0
0,0,0
0,0,0
0,0,0
0,0,0
0,0,0
0,0,0
0,0,0
0,0,0
0,0,0
0,0,0
0,0,0
0,0,0
0,0,0
0,0,0
0,0,0
0,0,0
0,0,0
0,0,0
0,0,0
0,0,0
0,0,0
0,0,0
0,0,0
0,0,0
0,0,0
0,0,0
0,0,0
0,0,0
0,0,0
0,0,0
1.53652,4.83497,-0.952393
1.5707,4.83946,-0.95527
1.60036,4.82973,-0.95527
1.62808,4.81424,-0.954119
1.65695,4.8023,-0.953735
1.6789,4.77075,-0.949323
1.70483,4.75112,-0.947405
1.73226,4.73596,-0.946446
1.75444,4.70685,-0.942609
1.78642,4.70425,-0.944335
1.81844,4.70144,-0.946062
1.83934,4.6701,-0.941841
1.8665,4.65509,-0.941074
1.89614,4.64627,-0.94165
1.92311,4.63093,-0.940882
1.94882,4.61271,-0.939539
1.97902,4.60517,-0.940499
2.00842,4.59564,-0.941074
2.03379,4.57695,-0.939731
2.06224,4.56528,-0.939923
2.09594,4.56503,-0.942609
2.12267,4.54942,-0.942033
2.14928,4.53365,-0.941458
2.1711,4.50799,-0.938772
2.18924,4.47519,-0.934552
2.21578,4.45991,-0.934168
2.23427,4.42871,-0.930331
2.26051,4.41317,-0.929948
2.30655,4.43579,-0.938005
2.30579,4.3686,-0.926303
2.34275,4.37341,-0.930523
2.36579,4.35205,-0.928988
2.38629,4.32628,-0.926495
2.41375,4.31327,-0.926878
2.43532,4.28984,-0.92496
2.45181,4.2578,-0.921123
2.47294,4.2342,-0.919205
2.50487,4.22909,-0.921507
2.52471,4.20354,-0.919205
2.54587,4.18042,-0.917478
2.56477,4.15387,-0.914984
2.60843,4.16717,-0.921699
2.62396,4.13534,-0.918054
2.66414,4.14228,-0.923425
2.68255,4.11516,-0.920931
2.69098,4.07324,-0.914984
2.71865,4.06073,-0.915944
2.75123,4.05534,-0.918629
2.76828,4.02706,-0.915944
2.78172,3.99389,-0.912107
2.80335,3.97274,-0.911148
2.83223,3.96185,-0.912682
2.8421,3.92452,-0.907886
2.86903,3.91096,-0.908846
2.8842,3.88147,-0.905968
2.90737,3.86291,-0.905776
2.93697,3.85281,-0.907695
2.95875,3.83238,-0.907119
2.97073,3.79946,-0.903474
2.99825,3.78655,-0.904817
3.02818,3.77651,-0.906927
3.04325,3.74795,-0.904433
3.07367,3.7383,-0.906735
3.09341,3.7156,-0.905776
3.11173,3.6913,-0.904433
3.13495,3.67288,-0.904625
3.15807,3.65432,-0.904817
3.1869,3.64226,-0.906735
3.19682,3.60868,-0.90309
3.23266,3.60434,-0.907119
3.23295,3.56045,-0.900788
3.26603,3.55284,-0.90405
3.29512,3.54063,-0.90616
3.31611,3.51963,-0.905968
3.339,3.50064,-0.906352
3.33656,3.45537,-0.899637
3.3529,3.42992,-0.898295
3.39941,3.4351,-0.905392
3.40168,3.39545,-0.900213
3.40987,3.36211,-0.89676
3.4213,3.33222,-0.894266
3.47562,3.34383,-0.903474
3.48612,3.31298,-0.900788
3.49064,3.27674,-0.896568
3.49845,3.24392,-0.893307
3.50743,3.21244,-0.890429
3.55109,3.21259,-0.89676
3.5561,3.17766,-0.892923
3.59392,3.17202,-0.897719
3.6074,3.14475,-0.896184
3.60507,3.10398,-0.890621
3.60685,3.06718,-0.886209
3.64289,3.05951,-0.890621
3.64573,3.02394,-0.886592
3.68471,3.01831,-0.891772
3.69248,2.987,-0.889086
3.68237,2.94161,-0.881988
3.71499,2.93052,-0.885633
3.72516,2.90163,-0.883715
3.73823,2.87513,-0.882564
3.76752,2.86104,-0.885441
3.79364,2.84435,-0.887552
3.80471,2.81635,-0.886017
3.8243,2.79469,-0.886592
3.8175,2.75394,-0.880837
3.81594,2.71736,-0.876425
3.83576,2.69616,-0.877192
3.87238,2.68656,-0.881988
3.88151,2.65776,-0.880262
3.90587,2.63939,-0.88218
3.92363,2.61646,-0.882564
3.94944,2.59881,-0.884866
3.94886,2.56384,-0.881029
3.95873,2.53585,-0.879686
3.97007,2.50889,-0.878727
3.98039,2.48137,-0.877576
4.0039,2.46204,-0.879494
4.00467,2.42877,-0.876233
4.01949,2.40416,-0.876233
4.02487,2.37396,-0.874123
4.04445,2.35218,-0.875274
4.04774,2.32097,-0.87278
4.06362,2.29706,-0.873164
4.06821,2.26682,-0.871054
4.06398,2.23189,-0.867025
4.09572,2.21673,-0.871054
4.10751,2.19063,-0.87067
4.10176,2.15534,-0.86645
4.11578,2.13058,-0.866641
4.12004,2.10083,-0.864723
4.13285,2.07551,-0.864723
4.14902,2.05185,-0.86549
4.17389,2.03237,-0.868176
4.18009,2.00375,-0.866833
4.1923,1.97807,-0.866833
4.1919,1.94652,-0.864148
4.20912,1.92321,-0.865299
4.22621,1.89976,-0.86645
4.21625,1.86426,-0.861845
4.2672,1.85559,-0.870286
4.23791,1.812,-0.861654
4.24442,1.78406,-0.860694
4.25529,1.75798,-0.860694
4.24872,1.72482,-0.85705
4.26743,1.70199,-0.858776
4.26682,1.67148,-0.856474
4.28341,1.64773,-0.857817
4.32833,1.6346,-0.865107
4.30699,1.59641,-0.858584
4.34529,1.58036,-0.864531
4.35583,1.554,-0.864723
4.35232,1.5227,-0.862037
4.35879,1.49501,-0.861462
4.3744,1.47043,-0.862805
4.36749,1.43834,-0.859543
4.3753,1.41121,-0.859352
4.39136,1.3867,-0.860886
4.39416,1.35799,-0.859735
4.37705,1.32333,-0.854556
4.38132,1.29533,-0.853788
4.38636,1.26761,-0.853213
4.37139,1.23426,-0.848609
4.38739,1.20977,-0.850335
4.38336,1.17976,-0.848033
4.38862,1.15234,-0.84765
4.39181,1.12442,-0.846882
4.40243,1.0984,-0.84765
4.40623,1.07067,-0.847074
4.4108,1.04316,-0.84669
4.4133,1.0152,-0.845923
4.40508,0.984883,-0.843045
4.41104,0.957836,-0.843045
4.40627,0.928523,-0.840935
4.41861,0.902847,-0.842278
4.42599,0.876099,-0.842662
4.43032,0.84874,-0.84247
4.44799,0.823867,-0.844964
4.45393,0.796732,-0.845156
4.45487,0.76872,-0.844388
4.46337,0.742016,-0.845156
4.46203,0.713684,-0.844005
4.46147,0.685545,-0.843045
4.47336,0.659304,-0.84458
4.47343,0.631294,-0.843813
4.48792,0.605279,-0.845923
4.49837,0.578609,-0.847266
4.48527,0.548965,-0.844005
4.49245,0.521888,-0.844772
4.50045,0.49485,-0.845731
4.47997,0.46479,-0.841127
4.49544,0.438535,-0.843621
4.48339,0.4096,-0.840743
4.48581,0.382083,-0.840743
4.4822,0.354086,-0.839592
4.48527,0.326648,-0.839784
4.47838,0.298531,-0.838058
4.48208,0.271166,-0.838441
4.50816,0.244997,-0.843237
4.50762,0.217236,-0.842854
4.5275,0.190362,-0.846499
4.51093,0.16194,-0.843045
4.49712,0.133816,-0.840168
4.55575,0.107602,-0.851486
4.55632,0.0796464,-0.851486
4.542,0.0515171,-0.848609
4.52457,0.0235505,-0.845156
4.54131,-0.00422346,-0.848417
4.56574,-0.0322555,-0.853213
4.53601,-0.0598885,-0.847458
4.52378,-0.0874951,-0.845156
4.50354,-0.114756,-0.841319
4.49196,-0.142048,-0.839209
4.5067,-0.170196,-0.842278
4.49968,-0.197589,-0.841127
4.51113,-0.225829,-0.843621
4.51946,-0.254053,-0.845539
4.50998,-0.281293,-0.844005
4.5111,-0.309161,-0.84458
4.51402,-0.337199,-0.845539
4.51577,-0.365205,-0.846307
4.51247,-0.392822,-0.846115
4.51291,-0.420775,-0.84669
4.50829,-0.448264,-0.846307
4.50838,-0.476227,-0.846882
4.52,-0.505513,-0.84976
4.51877,-0.533467,-0.850143
4.52807,-0.562754,-0.852637
4.53037,-0.591288,-0.853788
4.5111,-0.616951,-0.850719
4.53152,-0.648086,-0.855515
4.50901,-0.673131,-0.85187
4.48346,-0.697471,-0.84765
4.47813,-0.724811,-0.847458
4.47553,-0.7526,-0.847841
4.46793,-0.779542,-0.847266
4.4621,-0.806768,-0.847074
4.45031,-0.832869,-0.845731
4.42873,-0.856995,-0.84247
4.45419,-0.8903,-0.848609
4.43134,-0.91405,-0.845156
4.43621,-0.943466,-0.847266
4.41404,-0.967101,-0.844005
4.40611,-0.993736,-0.843621
4.27563,-0.991951,-0.818682
4.2561,-1.01498,-0.815997
4.22977,-1.03618,-0.811968
4.22334,-1.06211,-0.811968
4.2538,-1.09756,-0.81945
4.38552,-1.16025,-0.847458
4.39537,-1.19176,-0.850911
4.41067,-1.22501,-0.855515
4.37853,-1.24507,-0.850527
4.38965,-1.27739,-0.854364
4.39584,-1.3085,-0.857241
4.37459,-1.33145,-0.854556
4.3654,-1.35798,-0.854364
4.35698,-1.38474,-0.854364
4.3512,-1.41235,-0.854939
4.33966,-1.4381,-0.854364
4.33447,-1.46596,-0.855131
4.31983,-1.49061,-0.85398
4.31523,-1.51871,-0.854939
4.31138,-1.54715,-0.85609
4.28982,-1.56919,-0.853597
4.27183,-1.5924,-0.85187
4.26382,-1.61928,-0.852254
4.25746,-1.64683,-0.853021
4.24819,-1.67328,-0.853213
4.28704,-1.71903,-0.863572
4.26005,-1.73863,-0.860119
4.24114,-1.76135,-0.858392
4.23297,-1.78848,-0.858968
4.23274,-1.81907,-0.86127
4.2188,-1.84383,-0.860694
4.21099,-1.87127,-0.861462
4.237,-1.91404,-0.869519
4.22518,-1.94,-0.869519
4.19007,-1.9551,-0.864531
4.13719,-1.96145,-0.855707
4.17814,-2.01233,-0.867217
4.11458,-2.01293,-0.85609
4.11006,-2.04207,-0.857817
4.09219,-2.0646,-0.856666
4.07071,-2.0852,-0.854748
4.04913,-2.10561,-0.852829
4.03961,-2.13224,-0.853597
4.02212,-2.15468,-0.852637
4.00796,-2.17885,-0.852445
3.99968,-2.20624,-0.853597
4.02204,-2.25086,-0.861654
3.99364,-2.26726,-0.858392
3.96945,-2.28585,-0.85609
3.95026,-2.3072,-0.854939
3.94532,-2.33689,-0.85705
3.93427,-2.36307,-0.857817
3.90964,-2.38105,-0.855515
3.89329,-2.40396,-0.855131
3.86765,-2.42104,-0.852637
3.85686,-2.44735,-0.853597
3.82939,-2.46301,-0.850719
3.81009,-2.48378,-0.84976
3.80952,-2.51685,-0.853213
3.78667,-2.53526,-0.851486
3.75642,-2.54853,-0.848033
3.73262,-2.56598,-0.846115
3.69909,-2.5765,-0.841895
3.65995,-2.58274,-0.836331
3.64244,-2.60401,-0.835948
3.61764,-2.61998,-0.833837
3.60467,-2.64445,-0.834605
3.55922,-2.64487,-0.827507
3.58606,-2.6991,-0.838058
3.54835,-2.705,-0.832878
3.55267,-2.74291,-0.838058
3.53964,-2.76768,-0.839017
3.52721,-2.793,-0.840168
3.49009,-2.79863,-0.83518
3.47057,-2.81814,-0.834605
3.44714,-2.83439,-0.83307
3.43949,-2.86365,-0.835564
3.4151,-2.87901,-0.833837
3.40559,-2.90692,-0.835948
3.3758,-2.91749,-0.832878
3.36596,-2.94526,-0.834988
3.34342,-2.96195,-0.833837
3.29888,-2.95883,-0.826931
3.29592,-2.99287,-0.83096
3.27171,-3.00772,-0.829425
3.23954,-3.01504,-0.82578
3.23741,-3.05033,-0.830192
3.23426,-3.08504,-0.834413
3.19833,-3.08847,-0.829809
3.19616,-3.1245,-0.834413
3.1567,-3.12404,-0.82885
3.14579,-3.15168,-0.831152
3.13604,-3.1807,-0.833837
3.12058,-3.2041,-0.834988
3.1029,-3.22531,-0.835564
3.06614,-3.22651,-0.830768
3.0651,-3.26529,-0.836139
3.02498,-3.26245,-0.830384
3.00491,-3.28095,-0.830384
2.98933,-3.30442,-0.831727
2.96769,-3.32124,-0.831343
2.92452,-3.31364,-0.824629
2.92155,-3.35149,-0.829809
2.90862,-3.37828,-0.832111
2.86748,-3.37214,-0.825972
2.85368,-3.39794,-0.828082
2.8146,-3.39348,-0.822519
2.78937,-3.40537,-0.821176
2.7746,-3.43005,-0.823094
2.76637,-3.46311,-0.827123
2.73291,-3.46461,-0.823286
2.72125,-3.4937,-0.826356
2.69318,-3.50178,-0.824246
2.66808,-3.51355,-0.823094
2.65,-3.53456,-0.824246
2.62126,-3.54129,-0.821943
2.59774,-3.55493,-0.821368
2.59771,-3.60105,-0.828658
2.55734,-3.59134,-0.822519
2.52679,-3.59492,-0.819641
2.49852,-3.60149,-0.817531
2.47915,-3.6208,-0.81849
2.47118,-3.65708,-0.823478
2.4536,-3.67953,-0.825205
2.43205,-3.69615,-0.825588
2.41521,-3.72006,-0.827699
2.38545,-3.72406,-0.825205
2.35522,-3.72702,-0.822519
2.33905,-3.75222,-0.825013
2.31599,-3.76651,-0.825013
2.29742,-3.7882,-0.826739
2.28068,-3.81317,-0.829233
2.25425,-3.82202,-0.828082
2.23075,-3.83578,-0.828082
2.21157,-3.85706,-0.829809
2.18255,-3.86116,-0.827699
2.16837,-3.89162,-0.831535
2.13878,-3.89453,-0.829233
2.12186,-3.92053,-0.832111
2.10284,-3.943,-0.834221
2.08089,-3.96017,-0.83518
2.07461,-4.00772,-0.842854
2.04953,-4.0195,-0.842662
2.01073,-4.00394,-0.836523
1.98526,-4.01444,-0.836139
1.95543,-4.01596,-0.833837
1.93881,-4.0447,-0.837482
1.90726,-4.04232,-0.834413
1.88738,-4.06462,-0.836715
1.86404,-4.0797,-0.837482
1.83736,-4.08748,-0.836715
1.82773,-4.13368,-0.844196
1.79293,-4.12322,-0.839592
1.7703,-4.14046,-0.840935
1.74715,-4.15667,-0.842086
1.71936,-4.16187,-0.840935
1.69859,-4.18416,-0.843429
1.67398,-4.19724,-0.844005
1.64676,-4.20378,-0.843237
1.61952,-4.21014,-0.84247
1.59158,-4.21449,-0.841319
1.56364,-4.21865,-0.840168
1.53571,-4.22263,-0.839017
1.50878,-4.22921,-0.838441
1.47697,-4.22171,-0.834988
1.45104,-4.23069,-0.834988
1.4263,-4.24324,-0.835756
1.41622,-4.30038,-0.845731
1.38257,-4.28657,-0.841127
0,0,0
1.3432,-4.34635,-0.849952
1.31821,-4.36014,-0.851103
1.29366,-4.37568,-0.852637
1.25315,-4.33639,-0.843045
1.22572,-4.34117,-0.84247
1.21029,-4.38929,-0.850719
1.17567,-4.3682,-0.844964
1.1486,-4.37438,-0.844772
1.12101,-4.3785,-0.844196
1.09745,-4.39862,-0.846882
1.06835,-4.39669,-0.845156
1.04158,-4.40412,-0.845348
1.01432,-4.40947,-0.845156
0,0,0
0,0,0
0,0,0
0,0,0
0,0,0
0,0,0
0,0,0
0,0,0
0,0,0
0,0,0
0,0,0
0,0,0
0,0,0
0,0,0
0,0,0
0,0,0
0,0,0
0,0,0
0,0,0
0,0,0
0,0,0
0,0,0
0,0,0
0,0,0
0,0,0
0,0,0
0,0,0
0,0,0
0,0,0
0,0,0
0,0,0
0,0,0
0,0,0
0,0,0
0,0,0
0,0,0
0,0,0
0,0,0
0,0,0
0,0,0
0,0,0
0,0,0
0,0,0
0,0,0
0,0,0
0,0,0
0,0,0
0,0,0
0,0,0
0,0,0
0,0,0
0,0,0
0,0,0
0,0,0
0,0,0
0,0,0
0,0,0
0,0,0
0,0,0
0,0,0
0,0,0
0,0,0
0,0,0
0,0,0
0,0,0
0,0,0
0,0,0
0,0,0
0,0,0
0,0,0
0,0,0
0,0,0
0,0,0
0,0,0
0,0,0
0,0,0
0,0,0
0,0,0
0,0,0
0,0,0
0,0,0
0,0,0
0,0,0
0,0,0
0,0,0
0,0,0
0,0,0
0,0,0
0,0,0
0,0,0
0,0,0
0,0,0
0,0,0
0,0,0
0,0,0
0,0,0
0,0,0
0,0,0
0,0,0
0,0,0
0,0,0
0,0,0
0,0,0
0,0,0
0,0,0
0,0,0
0,0,0
0,0,0
0,0,0
0,0,0
0,0,0
0,0,0
0,0,0
0,0,0
0,0,0
0,0,0
0,0,0
0,0,0
0,0,0
0,0,0
0,0,0
0,0,0
0,0,0
0,0,0
0,0,0
0,0,0
0,0,0
0,0,0
0,0,0
0,0,0
0,0,0
0,0,0
0,0,0
0,0,0
0,0,0
0,0,0
0,0,0
0,0,0
0,0,0
0,0,0
0,0,0
0,0,0
0,0,0
0,0,0
0,0,0
0,0,0
0,0,0
0,0,0
0,0,0
0,0,0
0,0,0
0,0,0
0,0,0
0,0,0
0,0,0
0,0,0
0,0,0
0,0,0
0,0,0
0,0,0
0,0,0
0,0,0
0,0,0
0,0,0
0,0,0
0,0,0
0,0,0
0,0,0
0,0,0
0,0,0
0,0,0
0,0,0
0,0,0
0,0,0
0,0,0
0,0,0
0,0,0
0,0,0
0,0,0
0,0,0
0,0,0
0,0,0
0,0,0
0,0,0
0,0,0
0,0,0
0,0,0
0,0,0
0,0,0
0,0,0
0,0,0
0,0,0
0,0,0
0,0,0
0,0,0
0,0,0
0,0,0
0,0,0
0,0,0
0,0,0
0,0,0
0,0,0
0,0,0
0,0,0
0,0,0
0,0,0
0,0,0
0,0,0
0,0,0
0,0,0
0,0,0
0,0,0
0,0,0
0,0,0
0,0,0
0,0,0
0,0,0
0,0,0
0,0,0
0,0,0
0,0,0
0,0,0
0,0,0
0,0,0
0,0,0
0,0,0
0,0,0
0,0,0
0,0,0
0,0,0
0,0,0
0,0,0
0,0,0
0,0,0
0,0,0
0,0,0
0,0,0
0,0,0
0,0,0
0,0,0
0,0,0
0,0,0
0,0,0
0,0,0
0,0,0
0,0,0
0,0,0
0,0,0
0,0,0
0,0,0
0,0,0
0,0,0
0,0,0
0,0,0
0,0,0
0,0,0
0,0,0
0,0,0
0,0,0
0,0,0
0,0,0
0,0,0
0,0,0
0,0,0
0,0,0
0,0,0
0,0,0
0,0,0
0,0,0
0,0,0
0,0,0
0,0,0
0,0,0
0,0,0
0,0,0
0,0,0
0,0,0
0,0,0
0,0,0
0,0,0
0,0,0
0,0,0
0,0,0
0,0,0
0,0,0
0,0,0
0,0,0
0,0,0
0,0,0
0,0,0
0,0,0
0,0,0
0,0,0
0,0,0
0,0,0
0,0,0
0,0,0
0,0,0
0,0,0
0,0,0
0,0,0
0,0,0
0,0,0
0,0,0
0,0,0
0,0,0
0,0,0
0,0,0
0,0,0
0,0,0
0,0,0
0,0,0
0,0,0
0,0,0
0,0,0
0,0,0
0,0,0
0,0,0
0,0,0
0,0,0
0,0,0
0,0,0
0,0,0
0,0,0
0,0,0
0,0,0
0,0,0
0,0,0
0,0,0
0,0,0
0,0,0
0,0,0
0,0,0
0,0,0
0,0,0
0,0,0
0,0,0
0,0,0
0,0,0
0,0,0
0,0,0
0,0,0
0,0,0
0,0,0
0,0,0
0,0,0
0,0,0
0,0,0
0,0,0
0,0,0
0,0,0
0,0,0
0,0,0
0,0,0
0,0,0
0,0,0
0,0,0
0,0,0
0,0,0
0,0,0
0,0,0
0,0,0
0,0,0
0,0,0
0,0,0
0,0,0
0,0,0
0,0,0
0,0,0
0,0,0
0,0,0
0,0,0
0,0,0
0,0,0
0,0,0
0,0,0
0,0,0
0,0,0
0,0,0
0,0,0
0,0,0
0,0,0
0,0,0
0,0,0
0,0,0
0,0,0
0,0,0
0,0,0
0,0,0
0,0,0
0,0,0
0,0,0
0,0,0
0,0,0
0,0,0
0,0,0
0,0,0
0,0,0
0,0,0
0,0,0
0,0,0
0,0,0
0,0,0
0,0,0
0,0,0
0,0,0
0,0,0
0,0,0
0,0,0
0,0,0
0,0,0
0,0,0
0,0,0
0,0,0
0,0,0
0,0,0
0,0,0
0,0,0
0,0,0
0,0,0
0,0,0
0,0,0
0,0,0
0,0,0
0,0,0
0,0,0
0,0,0
0,0,0
0,0,0
0,0,0
0,0,0
0,0,0
0,0,0
0,0,0
0,0,0
0,0,0
0,0,0
0,0,0
0,0,0
0,0,0
0,0,0
0,0,0
0,0,0
0,0,0
0,0,0
0,0,0
0,0,0
0,0,0
0,0,0
0,0,0
0,0,0
0,0,0
0,0,0
0,0,0
0,0,0
0,0,0
0,0,0
0,0,0
0,0,0
0,0,0
0,0,0
0,0,0
0,0,0
0,0,0
0,0,0
0,0,0
0,0,0
0,0,0
0,0,0
0,0,0
0,0,0
0,0,0
0,0,0
0,0,0
0,0,0
0,0,0
0,0,0
0,0,0
0,0,0
0,0,0
0,0,0
0,0,0
0,0,0
0,0,0
0,0,0
0,0,0
0,0,0
0,0,0
0,0,0
0,0,0
0,0,0
0,0,0
0,0,0
0,0,0
0,0,0
0,0,0
0,0,0
0,0,0
0,0,0
0,0,0
0,0,0
0,0,0
0,0,0
0,0,0
0,0,0
0,0,0
0,0,0
0,0,0
0,0,0
0,0,0
0,0,0
0,0,0
0,0,0
0,0,0
0,0,0
0,0,0
0,0,0
0,0,0
0,0,0
0,0,0
0,0,0
0,0,0
0,0,0
0,0,0
0,0,0
0,0,0
0,0,0
0,0,0
0,0,0
0,0,0
0,0,0
0,0,0
0,0,0
0,0,0
0,0,0
0,0,0
0,0,0
0,0,0
0,0,0
0,0,0
0,0,0
0,0,0
0,0,0
0,0,0
0,0,0
0,0,0
0,0,0
0,0,0
0,0,0
0,0,0
0,0,0
0,0,0
0,0,0
0,0,0
0,0,0
0,0,0
0,0,0
0,0,0
0,0,0
0,0,0
0,0,0
0,0,0
0,0,0
0,0,0
0,0,0
0,0,0
0,0,0
0,0,0
0,0,0
0,0,0
0,0,0
0,0,0
0,0,0
0,0,0
0,0,0
0,0,0
0,0,0
0,0,0
0,0,0
0,0,0
0,0,0
0,0,0
0,0,0
0,0,0
0,0,0
0,0,0
1.52394,4.41753,-0.929129
1.55264,4.41272,-0.930143
1.57903,4.40126,-0.929737
1.60802,4.39701,-0.930955
1.63873,4.39715,-0.933188
1.66082,4.3742,-0.930346
1.69398,4.38036,-0.934
1.72191,4.37262,-0.934608
1.75526,4.37833,-0.938262
1.77654,4.35388,-0.935217
1.80661,4.35104,-0.937044
1.82565,4.32183,-0.932985
1.85252,4.31145,-0.933188
1.87462,4.29013,-0.930955
1.87825,4.22754,-0.919387
1.91987,4.25074,-0.927302
1.95818,4.26557,-0.933391
1.96195,4.20556,-0.922431
2.00828,4.2368,-0.932376
2.03041,4.21646,-0.930549
2.02612,4.14235,-0.916342
2.07024,4.16755,-0.925069
2.07945,4.12242,-0.91756
2.10872,4.11743,-0.919387
2.14072,4.11744,-0.922431
2.17006,4.11202,-0.924258
2.1897,4.08827,-0.921822
2.21568,4.07648,-0.922228
2.24538,4.07138,-0.924258
2.25645,4.03275,-0.918372
2.29518,4.04352,-0.924258
2.31408,4.01918,-0.921822
2.3382,4.00406,-0.921619
2.35724,3.98037,-0.919387
2.37557,3.95576,-0.916951
2.39215,3.92856,-0.913907
2.41159,3.90631,-0.91208
2.43707,3.89393,-0.912689
2.45724,3.87312,-0.911268
2.48626,3.8662,-0.913298
2.51154,3.85334,-0.913907
2.53567,3.83867,-0.91411
2.557,3.81978,-0.913298
2.58039,3.80402,-0.913298
2.6059,3.79135,-0.91411
2.62688,3.77207,-0.913298
2.6432,3.74628,-0.910862
2.66215,3.72442,-0.909442
2.67806,3.6985,-0.907006
2.70302,3.68515,-0.907818
2.72558,3.6685,-0.907818
2.74274,3.64466,-0.905991
2.75377,3.61297,-0.902135
2.77469,3.59445,-0.901729
2.79549,3.57582,-0.901323
2.81494,3.55553,-0.900511
2.82936,3.52902,-0.898076
2.85157,3.51236,-0.898279
2.86872,3.4895,-0.896858
2.92829,3.51773,-0.909239
2.87346,3.40911,-0.884681
2.93437,3.43834,-0.897467
2.96117,3.42694,-0.899294
2.98601,3.41312,-0.900511
2.98353,3.36835,-0.893205
3.02244,3.37039,-0.898888
2.98777,3.29089,-0.881839
3.0258,3.29196,-0.887319
3.04394,3.27118,-0.88671
3.06731,3.256,-0.887725
3.08859,3.23854,-0.888131
3.122,3.23361,-0.89219
3.11714,3.18919,-0.884884
3.13459,3.16792,-0.884275
3.15674,3.15139,-0.885087
3.18578,3.14159,-0.887928
3.19447,3.11173,-0.884884
3.21562,3.09411,-0.885493
3.23313,3.07297,-0.885087
3.22765,3.03029,-0.878186
3.26198,3.02508,-0.882651
3.25809,2.9845,-0.876359
3.29522,2.98153,-0.881636
3.28644,2.93712,-0.874127
3.34111,2.94929,-0.884275
3.36209,2.93131,-0.885087
3.38076,2.91127,-0.88529
3.35753,2.85558,-0.874127
3.41473,2.8683,-0.884884
3.4285,2.84417,-0.883869
3.43831,2.81687,-0.881839
3.43497,2.7791,-0.876359
3.47109,2.77325,-0.881433
3.49419,2.75675,-0.883057
3.49481,2.72262,-0.878795
3.51378,2.70292,-0.879404
3.52796,2.67953,-0.878795
3.54042,2.65489,-0.87778
3.55507,2.63195,-0.877374
3.55929,2.60143,-0.87433
3.58869,2.58928,-0.87778
3.6061,2.56834,-0.878186
3.629,2.55124,-0.880013
3.63494,2.52222,-0.877577
3.65277,2.50153,-0.878186
3.65182,2.46811,-0.874127
3.66608,2.44511,-0.873924
3.67447,2.41826,-0.8723
3.68924,2.39567,-0.8723
3.69727,2.36876,-0.870677
3.71588,2.34865,-0.871691
3.73188,2.32684,-0.872097
3.74275,2.30185,-0.871285
3.7409,2.26919,-0.867429
3.76736,2.25373,-0.870474
3.78617,2.23356,-0.871691
3.7888,2.20389,-0.869053
3.79036,2.17378,-0.866212
3.78232,2.13844,-0.861138
3.82274,2.13044,-0.867632
3.83402,2.106,-0.867226
3.84085,2.07917,-0.865806
3.85699,2.05741,-0.866617
3.87127,2.03462,-0.867023
3.8889,2.01352,-0.868241
3.89944,1.98873,-0.867835
3.91769,1.96785,-0.869256
3.92092,1.93943,-0.867226
3.92306,1.91062,-0.864994
3.92499,1.88186,-0.862761
3.93824,1.85857,-0.863167
3.94424,1.8319,-0.861949
3.95006,1.80522,-0.860732
3.94945,1.77573,-0.858093
3.9558,1.74949,-0.857078
3.97813,1.73026,-0.859717
3.98417,1.70389,-0.858702
3.98552,1.67562,-0.856672
3.96587,1.63879,-0.849975
4.00216,1.62511,-0.855861
4.0066,1.59835,-0.854643
4.00995,1.57123,-0.853222
4.00306,1.54027,-0.849569
4.0161,1.51706,-0.850381
4.04553,1.49988,-0.854846
4.04546,1.47168,-0.852816
4.0581,1.44815,-0.853628
4.08447,1.42936,-0.857484
4.07927,1.39951,-0.85444
4.12769,1.38787,-0.863167
4.10172,1.35118,-0.855658
4.10154,1.32328,-0.853831
4.10118,1.29544,-0.852004
4.10438,1.2688,-0.85099
4.10927,1.24275,-0.850381
4.11776,1.21779,-0.850584
4.09317,1.18326,-0.843683
4.12391,1.16477,-0.848757
4.13004,1.13918,-0.848554
4.13128,1.11229,-0.847336
4.13992,1.08742,-0.847742
4.15695,1.06467,-0.849975
4.1634,1.03914,-0.849975
4.18492,1.01728,-0.853222
4.18251,0.989551,-0.851396
4.18278,0.962552,-0.850178
4.18765,0.936655,-0.849975
4.17992,0.908034,-0.847133
4.18637,0.882571,-0.847336
4.17636,0.853731,-0.844089
4.17191,0.826188,-0.842059
4.19614,0.804259,-0.846119
4.16248,0.771363,-0.838
4.16328,0.745119,-0.837188
4.19383,0.724055,-0.842668
4.19433,0.697666,-0.841857
4.19466,0.671298,-0.841045
4.19386,0.644804,-0.84003
4.19774,0.619059,-0.84003
4.21019,0.594522,-0.841857
4.2157,0.568939,-0.842262
4.22299,0.543561,-0.843074
4.22625,0.517639,-0.843074
4.23129,0.491924,-0.84348
4.20892,0.463169,-0.838203
4.22337,0.438548,-0.840639
4.24255,0.414241,-0.844089
4.22356,0.386242,-0.839624
4.24146,0.361649,-0.842871
4.24555,0.335771,-0.843277
4.22214,0.307866,-0.838
4.24154,0.283125,-0.841654
4.2168,0.255498,-0.836174
4.2486,0.231266,-0.842465
4.19615,0.202601,-0.831303
4.23938,0.178619,-0.84003
4.2541,0.153095,-0.842871
4.26181,0.127193,-0.844292
4.25566,0.100879,-0.842871
4.24836,0.0746278,-0.841248
4.22035,0.0482371,-0.835362
4.18629,0.0221625,-0.828258
4.2637,-0.00359712,-0.844292
4.26458,-0.0297656,-0.844495
4.27019,-0.0560096,-0.845713
4.26879,-0.082191,-0.84551
4.25059,-0.107933,-0.841857
4.24103,-0.133734,-0.84003
4.26264,-0.160604,-0.844698
4.23712,-0.185682,-0.839624
4.26328,-0.213048,-0.845307
4.2746,-0.239917,-0.847945
4.26523,-0.265653,-0.846322
4.26841,-0.292154,-0.847336
4.27532,-0.318996,-0.849163
4.26548,-0.344591,-0.847539
4.26328,-0.370757,-0.847539
4.26775,-0.397545,-0.84896
4.25549,-0.422755,-0.846931
4.23918,-0.447419,-0.844089
4.24511,-0.474401,-0.845916
4.23532,-0.499636,-0.844495
4.23994,-0.52658,-0.846119
4.24731,-0.55398,-0.848351
4.25257,-0.581225,-0.850178
4.24989,-0.607446,-0.850381
4.24899,-0.633945,-0.85099
4.24695,-0.660305,-0.851396
4.24282,-0.686352,-0.851396
4.23563,-0.711885,-0.850787
4.22636,-0.737019,-0.849772
4.23236,-0.764855,-0.852004
4.21315,-0.788107,-0.84896
4.23035,-0.818223,-0.853628
4.22332,-0.84378,-0.853222
4.20656,-0.867305,-0.850787
4.19254,-0.891266,-0.84896
4.1736,-0.91404,-0.846119
4.15741,-0.937262,-0.843886
4.13822,-0.959655,-0.841045
4.12654,-0.983666,-0.839827
4.10616,-1.00547,-0.836783
4.09802,-1.03017,-0.836377
4.1011,-1.05774,-0.838406
4.10495,-1.08564,-0.840639
4.10199,-1.11183,-0.841451
4.11018,-1.14118,-0.844698
4.10781,-1.16771,-0.845713
4.09775,-1.19207,-0.845104
4.11194,-1.22362,-0.849772
4.09968,-1.2474,-0.848757
4.09288,-1.27283,-0.84896
4.08219,-1.29703,-0.848351
4.08068,-1.32416,-0.849772
4.04924,-1.34148,-0.844698
4.05763,-1.37195,-0.848351
4.06024,-1.40065,-0.850787
4.03864,-1.42099,-0.847945
4.05381,-1.45434,-0.853222
4.04205,-1.47818,-0.852613
4.03932,-1.50534,-0.854034
4.04008,-1.53392,-0.856267
4.0242,-1.55621,-0.854846
4.0164,-1.58159,-0.855252
4.01298,-1.60876,-0.856672
3.99034,-1.62817,-0.853831
4.02187,-1.6699,-0.863167
3.96284,-1.67397,-0.852207
3.98758,-1.71333,-0.860123
4.01109,-1.75267,-0.867835
4.04053,-1.79514,-0.876968
4.00891,-1.81063,-0.8723
3.97904,-1.82661,-0.868038
3.98462,-1.85886,-0.871894
3.94571,-1.87027,-0.865603
3.93416,-1.89444,-0.865603
3.92334,-1.91898,-0.865806
3.89658,-1.93561,-0.862355
3.90649,-1.97051,-0.867429
3.90827,-2.00158,-0.870677
3.89157,-2.02326,-0.869662
3.89294,-2.05442,-0.872909
3.85609,-2.06532,-0.867226
3.81754,-2.07491,-0.861138
3.83817,-2.11674,-0.869053
3.80204,-2.12734,-0.863573
3.78466,-2.14821,-0.862558
3.75783,-2.16357,-0.859311
3.75209,-2.19104,-0.861138
3.72847,-2.20803,-0.858702
3.71317,-2.22986,-0.858296
3.71447,-2.26177,-0.861949
3.70802,-2.28915,-0.863776
3.70304,-2.31757,-0.866009
3.67717,-2.3329,-0.863167
3.65949,-2.3533,-0.862355
3.64334,-2.37464,-0.861949
3.61563,-2.38832,-0.858702
3.60335,-2.41209,-0.859311
3.58686,-2.43306,-0.858905
3.57348,-2.45613,-0.859311
3.55192,-2.47353,-0.857687
3.52627,-2.48794,-0.855049
3.49979,-2.50156,-0.852207
3.47882,-2.51896,-0.850787
3.46093,-2.53852,-0.850178
3.439,-2.55504,-0.848554
3.41074,-2.56667,-0.845307
3.37858,-2.57508,-0.841045
3.37976,-2.60893,-0.84551
3.35983,-2.6266,-0.844495
3.34289,-2.64656,-0.844292
3.31436,-2.65722,-0.841045
3.30408,-2.68245,-0.842668
3.27016,-2.68837,-0.838
3.2664,-2.71903,-0.841451
3.25639,-2.7447,-0.843277
3.23427,-2.76018,-0.841857
3.20616,-2.77037,-0.838812
3.19131,-2.79193,-0.839421
3.17632,-2.8134,-0.84003
3.15535,-2.82957,-0.839015
3.12343,-2.83571,-0.834956
3.10165,-2.85085,-0.833738
3.10059,-2.88517,-0.838406
3.08568,-2.90683,-0.839218
3.06353,-2.92165,-0.838
3.0378,-2.93291,-0.835768
2.99244,-2.9248,-0.827852
3.00854,-2.97686,-0.837797
2.9916,-2.99665,-0.838203
2.97109,-3.01285,-0.837594
2.95597,-3.03454,-0.838609
2.93458,-3.04979,-0.837797
2.90906,-3.06064,-0.835768
2.87548,-3.06273,-0.831303
2.87528,-3.10042,-0.836986
2.83702,-3.09706,-0.8311
2.81994,-3.11659,-0.831709
2.80924,-3.14333,-0.834347
2.79962,-3.17152,-0.837391
2.78847,-3.19823,-0.84003
2.75538,-3.1997,-0.835768
2.72999,-3.20983,-0.833941
2.71213,-3.22877,-0.83455
2.67726,-3.22726,-0.829679
2.66486,-3.25272,-0.832115
2.64731,-3.27205,-0.832926
2.62963,-3.2913,-0.833738
2.60089,-3.29661,-0.830897
2.59145,-3.32641,-0.83455
2.56741,-3.33759,-0.833332
2.54688,-3.35328,-0.833332
2.51862,-3.35866,-0.830694
2.50321,-3.38113,-0.83252
2.48126,-3.39485,-0.832115
2.46153,-3.4116,-0.83252
2.44055,-3.42664,-0.83252
2.42454,-3.44876,-0.834347
2.39887,-3.45713,-0.832723
2.37761,-3.47179,-0.832723
2.3612,-3.49361,-0.83455
2.33537,-3.50152,-0.832926
2.31385,-3.51578,-0.832926
2.2949,-3.53402,-0.833941
2.27792,-3.55545,-0.835768
2.25868,-3.5735,-0.836783
2.23878,-3.59062,-0.837594
2.21671,-3.60429,-0.837594
2.19506,-3.61866,-0.837797
2.1698,-3.62702,-0.83658
2.15049,-3.64532,-0.837797
2.12759,-3.6576,-0.837594
2.10803,-3.67569,-0.838812
2.08495,-3.6877,-0.838609
2.06705,-3.70898,-0.840639
2.03577,-3.70614,-0.836986
2.00973,-3.71253,-0.835565
1.99474,-3.73948,-0.839015
1.96903,-3.74645,-0.837797
1.9478,-3.76194,-0.838609
1.92202,-3.76859,-0.837391
1.90325,-3.78906,-0.839421
1.87779,-3.79628,-0.838406
1.85404,-3.80685,-0.838203
1.8353,-3.82787,-0.840436
1.8147,-3.84525,-0.841857
1.7919,-3.85809,-0.842262
1.76819,-3.86901,-0.842262
1.74362,-3.87801,-0.841857
1.72137,-3.89221,-0.842668
1.69707,-3.9018,-0.842465
1.66963,-3.90404,-0.840639
1.6502,-3.92504,-0.843074
1.61337,-3.90433,-0.836174
1.59601,-3.93048,-0.839827
1.57803,-3.95566,-0.843277
1.55302,-3.96345,-0.842871
1.53359,-3.9857,-0.845713
1.51118,-4.00053,-0.846931
1.48729,-4.01156,-0.847336
1.46264,-4.02061,-0.847336
1.44058,-4.03689,-0.84896
1.41675,-4.04843,-0.849569
1.39157,-4.05612,-0.849366
1.37071,-4.07664,-0.852004
1.34353,-4.07847,-0.850584
1.31938,-4.08943,-0.851193
1.29367,-4.09558,-0.850787
1.26331,-4.0866,-0.847133
1.24161,-4.10552,-0.849569
1.21418,-4.10555,-0.847945
1.19195,-4.12327,-0.850178
1.16929,-4.13993,-0.852207
1.14048,-4.13476,-0.849569
1.12298,-4.17099,-0.855861
1.09264,-4.15981,-0.852004
0,0,0
1.0363,-4.152,-0.847539
1.01381,-4.17065,-0.850178
0.9891,-4.1806,-0.85099
0.970674,-4.21809,-0.857687
0.945415,-4.22683,-0.858296
0.921332,-4.24116,-0.860123
0,0,0
0,0,0
0,0,0
0,0,0
0,0,0
0,0,0
0,0,0
0,0,0
0,0,0
0,0,0
0,0,0
0,0,0
0,0,0
0,0,0
0,0,0
0,0,0
0,0,0
0,0,0
0,0,0
0,0,0
0,0,0
0,0,0
0,0,0
0,0,0
0,0,0
0,0,0
0,0,0
0,0,0
0,0,0
0,0,0
0,0,0
0,0,0
0,0,0
0,0,0
0,0,0
0,0,0
0,0,0
0,0,0
0,0,0
0,0,0
0,0,0
0,0,0
0,0,0
0,0,0
0,0,0
0,0,0
0,0,0
0,0,0
0,0,0
0,0,0
0,0,0
0,0,0
0,0,0
0,0,0
0,0,0
0,0,0
0,0,0
0,0,0
0,0,0
0,0,0
0,0,0
0,0,0
0,0,0
0,0,0
0,0,0
0,0,0
0,0,0
0,0,0
0,0,0
0,0,0
0,0,0
0,0,0
0,0,0
0,0,0
0,0,0
0,0,0
0,0,0
0,0,0
0,0,0
0,0,0
0,0,0
0,0,0
0,0,0
0,0,0
0,0,0
0,0,0
0,0,0
0,0,0
0,0,0
0,0,0
0,0,0
0,0,0
0,0,0
0,0,0
0,0,0
0,0,0
0,0,0
0,0,0
0,0,0
0,0,0
0,0,0
0,0,0
0,0,0
0,0,0
0,0,0
0,0,0
0,0,0
0,0,0
0,0,0
0,0,0
0,0,0
0,0,0
0,0,0
0,0,0
0,0,0
0,0,0
0,0,0
0,0,0
0,0,0
0,0,0
0,0,0
0,0,0
0,0,0
0,0,0
0,0,0
0,0,0
0,0,0
0,0,0
0,0,0
0,0,0
0,0,0
0,0,0
0,0,0
0,0,0
0,0,0
0,0,0
0,0,0
0,0,0
0,0,0
0,0,0
0,0,0
0,0,0
0,0,0
0,0,0
0,0,0
0,0,0
0,0,0
0,0,0
0,0,0
0,0,0
0,0,0
0,0,0
0,0,0
0,0,0
0,0,0
0,0,0
0,0,0
0,0,0
0,0,0
0,0,0
0,0,0
0,0,0
0,0,0
0,0,0
0,0,0
0,0,0
0,0,0
0,0,0
0,0,0
0,0,0
0,0,0
0,0,0
0,0,0
0,0,0
0,0,0
0,0,0
0,0,0
0,0,0
0,0,0
0,0,0
0,0,0
0,0,0
0,0,0
0,0,0
0,0,0
0,0,0
0,0,0
0,0,0
0,0,0
0,0,0
0,0,0
0,0,0
0,0,0
0,0,0
0,0,0
0,0,0
0,0,0
0,0,0
0,0,0
0,0,0
0,0,0
0,0,0
0,0,0
0,0,0
0,0,0
0,0,0
0,0,0
0,0,0
0,0,0
0,0,0
0,0,0
0,0,0
0,0,0
0,0,0
0,0,0
0,0,0
0,0,0
0,0,0
0,0,0
0,0,0
0,0,0
0,0,0
0,0,0
0,0,0
0,0,0
0,0,0
0,0,0
0,0,0
0,0,0
0,0,0
0,0,0
0,0,0
0,0,0
0,0,0
0,0,0
0,0,0
0,0,0
0,0,0
0,0,0
0,0,0
0,0,0
0,0,0
0,0,0
0,0,0
0,0,0
0,0,0
0,0,0
0,0,0
0,0,0
0,0,0
0,0,0
0,0,0
0,0,0
0,0,0
0,0,0
0,0,0
0,0,0
0,0,0
0,0,0
0,0,0
0,0,0
0,0,0
0,0,0
0,0,0
0,0,0
0,0,0
0,0,0
0,0,0
0,0,0
0,0,0
0,0,0
0,0,0
0,0,0
0,0,0
0,0,0
0,0,0
0,0,0
0,0,0
0,0,0
0,0,0
0,0,0
0,0,0
0,0,0
0,0,0
0,0,0
0,0,0
0,0,0
0,0,0
0,0,0
0,0,0
0,0,0
0,0,0
0,0,0
0,0,0
0,0,0
0,0,0
0,0,0
0,0,0
0,0,0
0,0,0
0,0,0
0,0,0
0,0,0
0,0,0
0,0,0
0,0,0
0,0,0
0,0,0
0,0,0
0,0,0
0,0,0
0,0,0
0,0,0
0,0,0
0,0,0
0,0,0
0,0,0
0,0,0
0,0,0
0,0,0
0,0,0
0,0,0
0,0,0
0,0,0
0,0,0
0,0,0
0,0,0
0,0,0
0,0,0
0,0,0
0,0,0
0,0,0
0,0,0
0,0,0
0,0,0
0,0,0
0,0,0
0,0,0
0,0,0
0,0,0
0,0,0
0,0,0
0,0,0
0,0,0
0,0,0
0,0,0
0,0,0
0,0,0
0,0,0
0,0,0
0,0,0
0,0,0
0,0,0
0,0,0
0,0,0
0,0,0
0,0,0
0,0,0
0,0,0
0,0,0
0,0,0
0,0,0
0,0,0
0,0,0
0,0,0
0,0,0
0,0,0
0,0,0
0,0,0
0,0,0
0,0,0
0,0,0
0,0,0
0,0,0
0,0,0
0,0,0
0,0,0
0,0,0
0,0,0
0,0,0
0,0,0
0,0,0
0,0,0
0,0,0
0,0,0
0,0,0
0,0,0
0,0,0
0,0,0
0,0,0
0,0,0
0,0,0
0,0,0
0,0,0
0,0,0
0,0,0
0,0,0
0,0,0
0,0,0
0,0,0
0,0,0
0,0,0
0,0,0
0,0,0
0,0,0
0,0,0
0,0,0
0,0,0
0,0,0
0,0,0
0,0,0
0,0,0
0,0,0
0,0,0
0,0,0
0,0,0
0,0,0
0,0,0
0,0,0
0,0,0
0,0,0
0,0,0
0,0,0
0,0,0
0,0,0
0,0,0
0,0,0
0,0,0
0,0,0
0,0,0
0,0,0
0,0,0
0,0,0
0,0,0
0,0,0
0,0,0
0,0,0
0,0,0
0,0,0
0,0,0
0,0,0
0,0,0
0,0,0
0,0,0
0,0,0
0,0,0
0,0,0
0,0,0
0,0,0
0,0,0
0,0,0
0,0,0
0,0,0
0,0,0
0,0,0
0,0,0
0,0,0
0,0,0
0,0,0
0,0,0
0,0,0
0,0,0
0,0,0
0,0,0
0,0,0
0,0,0
0,0,0
0,0,0
0,0,0
0,0,0
0,0,0
0,0,0
0,0,0
0,0,0
0,0,0
0,0,0
0,0,0
0,0,0
0,0,0
0,0,0
0,0,0
0,0,0
0,0,0
0,0,0
0,0,0
0,0,0
0,0,0
0,0,0
0,0,0
0,0,0
0,0,0
0,0,0
0,0,0
0,0,0
0,0,0
0,0,0
0,0,0
0,0,0
0,0,0
0,0,0
0,0,0
0,0,0
0,0,0
0,0,0
0,0,0
0,0,0
0,0,0
0,0,0
0,0,0
0,0,0
0,0,0
0,0,0
0,0,0
0,0,0
0,0,0
0,0,0
0,0,0
0,0,0
0,0,0
0,0,0
0,0,0
0,0,0
0,0,0
0,0,0
0,0,0
0,0,0
0,0,0
0,0,0
0,0,0
0,0,0
0,0,0
0,0,0
0,0,0
0,0,0
0,0,0
0,0,0
0,0,0
0,0,0
0,0,0
0,0,0
0,0,0
0,0,0
0,0,0
0,0,0
0,0,0
0,0,0
0,0,0
0,0,0
0,0,0
0,0,0
0,0,0
0,0,0
0,0,0
0,0,0
0,0,0
0,0,0
0,0,0
0,0,0
0,0,0
0,0,0
0,0,0
0,0,0
0,0,0
0,0,0
0,0,0
0,0,0
0,0,0
0,0,0
0,0,0
0,0,0
0,0,0
0,0,0
0,0,0
0,0,0
0,0,0
0,0,0
0,0,0
0,0,0
0,0,0
0,0,0
0,0,0
0,0,0
0,0,0
0,0,0
0,0,0
0,0,0
0,0,0
0,0,0
0,0,0
0,0,0
0,0,0
0,0,0
0,0,0
0,0,0
0,0,0
0,0,0
0,0,0
0,0,0
0,0,0
0,0,0
0,0,0
0,0,0
0,0,0
0,0,0
0,0,0
0,0,0
0,0,0
0,0,0
0,0,0
0,0,0
0,0,0
0,0,0
0,0,0
0,0,0
1.43122,4.32141,-0.962891
1.45521,4.30514,-0.96117
1.47778,4.28505,-0.958589
1.50178,4.26945,-0.957084
1.52169,4.24269,-0.952997
1.54133,4.21585,-0.948911
1.56444,4.19899,-0.94719
1.58429,4.17379,-0.943534
1.60705,4.1567,-0.941813
1.62716,4.13313,-0.938587
1.65031,4.11763,-0.937297
1.67297,4.10109,-0.935791
1.68837,4.0673,-0.930199
1.71671,4.06496,-0.932135
1.74047,4.05166,-0.93149
1.76686,4.04448,-0.93235
1.78649,4.02196,-0.929554
1.81877,4.02783,-0.93364
1.8406,4.01039,-0.932135
1.86269,3.99371,-0.930844
1.88716,3.9822,-0.930844
1.9086,3.96439,-0.929339
1.93589,3.95874,-0.930844
1.96231,3.95116,-0.93192
1.98652,3.93905,-0.93192
2.01021,3.92592,-0.931705
2.02976,3.90484,-0.929554
2.05413,3.89318,-0.929769
2.07798,3.8805,-0.929769
2.10269,3.86939,-0.930199
2.12215,3.84872,-0.928264
2.14382,3.83222,-0.927403
2.1644,3.81389,-0.926113
2.18143,3.78954,-0.923317
2.20267,3.77271,-0.922457
2.22429,3.7566,-0.921811
2.24981,3.74707,-0.922887
2.27327,3.73403,-0.923102
2.29255,3.71419,-0.921596
2.32047,3.70833,-0.923747
2.33743,3.68495,-0.921381
2.35472,3.66232,-0.91923
2.37128,3.63881,-0.916865
2.39464,3.62582,-0.917295
2.41521,3.60862,-0.916649
2.43895,3.59616,-0.917295
2.46927,3.5932,-0.920521
2.48904,3.57478,-0.919661
2.51824,3.56981,-0.922457
2.52477,3.53284,-0.916649
2.54697,3.51807,-0.916865
2.56216,3.49371,-0.914499
2.56434,3.45205,-0.907401
2.59017,3.44249,-0.909122
2.61006,3.42498,-0.908692
2.634,3.41277,-0.909767
2.64347,3.38192,-0.905681
2.66357,3.36487,-0.905465
2.67562,3.33779,-0.902454
2.70281,3.32965,-0.90482
2.73311,3.32508,-0.908261
2.76658,3.32402,-0.912778
2.77245,3.2898,-0.907831
2.78815,3.26752,-0.906326
2.80623,3.24814,-0.905681
2.82997,3.23527,-0.906971
2.83488,3.20102,-0.902024
2.84338,3.1712,-0.898368
2.86082,3.15153,-0.897723
2.86293,3.11521,-0.892131
2.88531,3.10117,-0.893206
2.90563,3.08483,-0.893636
2.92315,3.06552,-0.893206
2.95547,3.06159,-0.897508
2.97215,3.0413,-0.896862
3.00655,3.03898,-0.901809
3.00027,2.99562,-0.894066
3.0172,2.97579,-0.893636
3.04589,2.96744,-0.896862
3.04716,2.93244,-0.891701
3.06722,2.91571,-0.892346
3.08363,2.8955,-0.891916
3.09632,2.87187,-0.89041
3.11389,2.85282,-0.89041
3.13206,2.83431,-0.890625
0,0,0
3.17685,2.80472,-0.893636
3.19179,2.78324,-0.892991
3.20437,2.75978,-0.891701
3.21827,2.73754,-0.89084
3.22753,2.71145,-0.88869
3.23133,2.68099,-0.885033
3.25452,2.66669,-0.886969
3.26703,2.6436,-0.885894
3.2809,2.62167,-0.885248
3.30152,2.60512,-0.886539
3.3082,2.57761,-0.883958
3.31467,2.55011,-0.881377
3.33725,2.53505,-0.883313
3.35274,2.51452,-0.883313
3.3634,2.49041,-0.882022
3.38492,2.47434,-0.883743
3.404,2.45639,-0.884818
3.41662,2.43375,-0.884173
3.43309,2.41387,-0.884603
3.44463,2.39053,-0.883743
3.46245,2.37155,-0.884603
0,0,0
3.47992,2.3213,-0.881592
3.48921,2.29668,-0.880302
3.49996,2.2731,-0.879441
3.51877,2.25474,-0.880732
3.52759,2.22997,-0.879441
3.54038,2.20777,-0.879226
3.55136,2.18447,-0.878581
3.55802,2.15858,-0.87686
3.56617,2.1337,-0.87557
3.57415,2.1088,-0.874279
3.58871,2.08781,-0.87471
3.60315,2.06673,-0.87514
3.61491,2.0441,-0.874925
3.62994,2.02331,-0.87557
3.64914,2.00476,-0.87729
3.64935,1.97582,-0.874279
3.66657,1.95615,-0.87557
3.6785,1.93361,-0.87557
3.67989,1.90561,-0.872989
3.68369,1.879,-0.871053
3.69951,1.85856,-0.872129
3.70209,1.83149,-0.869978
3.70975,1.80703,-0.869118
3.72165,1.78466,-0.869333
3.73165,1.76137,-0.869118
3.73707,1.73597,-0.867827
3.74765,1.71301,-0.867827
3.74919,1.68597,-0.865676
3.76839,1.66689,-0.867827
3.77317,1.64139,-0.866537
3.77869,1.61629,-0.865461
3.78853,1.59307,-0.865461
3.7865,1.56495,-0.862665
3.79603,1.54168,-0.862665
3.79726,1.5151,-0.86073
3.7983,1.48856,-0.858794
3.81739,1.46909,-0.86116
3.82999,1.44702,-0.86202
3.84703,1.42655,-0.863956
3.86305,1.4056,-0.865676
3.86977,1.38121,-0.865246
3.87633,1.35679,-0.864816
3.87257,1.32886,-0.86202
3.87232,1.30227,-0.860084
3.87931,1.27818,-0.859869
3.87965,1.25195,-0.858149
3.89191,1.22959,-0.859224
3.89378,1.20396,-0.857934
3.9039,1.18089,-0.858579
3.91201,1.15719,-0.858794
3.92185,1.13398,-0.859439
3.93438,1.11149,-0.86073
3.94018,1.08707,-0.860515
3.943,1.06185,-0.859654
3.95133,1.03814,-0.860084
3.95858,1.01412,-0.860299
3.96378,0.98957,-0.860084
3.96028,0.962921,-0.857934
3.96422,0.938152,-0.857503
3.96419,0.912494,-0.856213
3.964,0.886873,-0.854923
3.97891,0.86461,-0.857073
3.98223,0.839776,-0.856643
3.98635,0.81513,-0.856428
3.99798,0.791985,-0.857934
3.99413,0.765781,-0.855998
3.99203,0.740011,-0.854492
3.99842,0.715847,-0.854923
3.99408,0.689802,-0.852987
4.00209,0.665924,-0.853847
4.00899,0.641819,-0.854492
4.00899,0.616613,-0.853632
4.0127,0.592003,-0.853632
4.02593,0.568739,-0.855783
4.02257,0.543109,-0.854277
4.02776,0.518667,-0.854707
4.03475,0.49442,-0.855568
4.0377,0.469654,-0.855568
4.03857,0.444656,-0.855138
4.03442,0.419159,-0.853632
4.03692,0.394396,-0.853632
4.04023,0.369708,-0.853847
4.05021,0.345577,-0.855568
4.0542,0.320873,-0.855998
4.06096,0.296348,-0.857073
4.05783,0.271098,-0.855998
4.0565,0.246016,-0.855353
4.06183,0.221335,-0.856213
4.06506,0.196503,-0.856643
4.07497,0.171929,-0.858579
4.06034,0.146355,-0.855138
4.06409,0.121527,-0.855783
4.0589,0.0964473,-0.854492
1.51383,0.0259545,-0.293789
1.51201,0.0166423,-0.293359
1.51208,0.00736451,-0.293359
1.50233,-0.0019087,-0.291208
4.1078,-0.0284216,-0.865031
4.07532,-0.0532144,-0.857934
4.06711,-0.0780714,-0.856213
4.06557,-0.103001,-0.855998
4.06389,-0.127914,-0.855783
4.07084,-0.153139,-0.857503
4.06201,-0.177775,-0.855783
4.0589,-0.202599,-0.855353
4.04002,-0.226521,-0.851481
4.05318,-0.252211,-0.854707
4.05545,-0.277342,-0.855568
4.05757,-0.30251,-0.856428
4.05661,-0.327479,-0.856643
4.04674,-0.35169,-0.854923
4.05229,-0.377235,-0.856643
4.04698,-0.401804,-0.855998
4.0357,-0.425709,-0.854062
4.03883,-0.451112,-0.855353
4.04181,-0.47657,-0.856643
4.0359,-0.501001,-0.855998
4.03663,-0.526259,-0.856858
4.03235,-0.550885,-0.856643
4.0405,-0.577271,-0.859224
4.04074,-0.602628,-0.860084
4.03408,-0.626961,-0.859439
4.03112,-0.651857,-0.859654
0,0,0
4.02762,-0.702113,-0.86073
4.03093,-0.7282,-0.86245
4.02158,-0.752023,-0.861375
4.01881,-0.777055,-0.861805
4.00535,-0.799981,-0.859869
3.9841,-0.821195,-0.856213
3.98472,-0.846842,-0.857503
3.97754,-0.870859,-0.857073
3.97117,-0.895034,-0.856858
3.97036,-0.920485,-0.857934
3.96084,-0.943925,-0.857073
3.94833,-0.966587,-0.855568
3.9357,-0.98913,-0.854062
3.92766,-1.01277,-0.853632
3.91854,-1.03611,-0.852987
3.91871,-1.06192,-0.854492
3.89424,-1.08098,-0.850406
3.9082,-1.11073,-0.855138
3.90413,-1.1355,-0.855783
3.89896,-1.15999,-0.856213
3.88896,-1.18304,-0.855568
3.87603,-1.20514,-0.854277
3.8816,-1.23304,-0.857288
3.86839,-1.25503,-0.855998
3.85041,-1.27536,-0.853632
3.85362,-1.30272,-0.856213
3.84555,-1.32634,-0.856213
3.84195,-1.35153,-0.857288
3.83358,-1.37508,-0.857288
3.82049,-1.3969,-0.856213
3.81734,-1.42236,-0.857503
3.81128,-1.44679,-0.858149
3.80233,-1.47015,-0.858149
3.79505,-1.49417,-0.858579
3.77856,-1.51452,-0.856858
3.77643,-1.54063,-0.858579
3.77142,-1.56564,-0.859654
3.76624,-1.59065,-0.86073
3.76718,-1.61835,-0.863311
3.76792,-1.64613,-0.865891
3.74971,-1.66565,-0.863956
3.7501,-1.69344,-0.866537
3.73431,-1.71398,-0.865246
3.71134,-1.73109,-0.862235
3.70682,-1.75675,-0.863741
3.69861,-1.78073,-0.864386
3.70429,-1.81154,-0.868472
3.74384,-1.85942,-0.880947
3.70184,-1.86697,-0.873419
3.71813,-1.90389,-0.880302
3.68905,-1.91766,-0.876
3.69622,-1.95028,-0.880732
3.70657,-1.9849,-0.886324
3.63167,-1.97359,-0.870623
3.6135,-1.99253,-0.869118
3.58842,-2.00752,-0.865891
3.58029,-2.03191,-0.866967
3.57029,-2.0553,-0.867612
3.56183,-2.07963,-0.868687
3.55909,-2.10741,-0.871268
3.54274,-2.1272,-0.870408
3.53963,-2.15499,-0.872989
3.51886,-2.17205,-0.871053
3.46572,-2.16875,-0.86073
3.48782,-2.21246,-0.869978
3.47089,-2.2317,-0.869118
3.45222,-2.24976,-0.867827
3.43835,-2.2709,-0.867827
3.43491,-2.29902,-0.870623
3.41265,-2.31457,-0.868472
3.38631,-2.32717,-0.865246
3.36155,-2.34065,-0.86245
3.35191,-2.36461,-0.863741
3.33813,-2.3857,-0.863956
3.31789,-2.40213,-0.86245
3.29915,-2.41956,-0.861375
3.25837,-2.42055,-0.854277
3.24892,-2.4446,-0.855783
3.22376,-2.4568,-0.852987
3.20321,-2.47236,-0.851481
3.20337,-2.50399,-0.855783
3.17799,-2.51572,-0.852987
3.16021,-2.53334,-0.852342
3.14612,-2.55392,-0.852772
3.13341,-2.57565,-0.853632
3.1183,-2.59545,-0.853847
3.10231,-2.61454,-0.853847
3.12485,-2.66648,-0.865031
3.07221,-2.65433,-0.854492
3.07646,-2.69112,-0.860515
3.06208,-2.71189,-0.86116
3.03447,-2.72085,-0.857934
3.02351,-2.74467,-0.859654
2.99654,-2.75392,-0.856643
2.98316,-2.77558,-0.857719
2.95043,-2.77911,-0.852987
2.93615,-2.79985,-0.853847
2.91821,-2.81714,-0.853632
2.90017,-2.83431,-0.853417
2.88065,-2.84999,-0.852772
2.86379,-2.8683,-0.852987
2.8482,-2.88791,-0.853632
2.83247,-2.90743,-0.854277
2.81322,-2.92334,-0.853847
2.79321,-2.93843,-0.853202
2.76644,-2.94626,-0.850406
2.74897,-2.96389,-0.850621
2.73007,-2.97999,-0.850406
2.7137,-2.99885,-0.851051
2.69135,-3.01108,-0.849761
2.67347,-3.02827,-0.849976
2.65805,-3.0483,-0.851051
2.6412,-3.06677,-0.851696
2.6217,-3.08217,-0.851481
2.60211,-3.09745,-0.851266
2.58306,-3.11336,-0.851266
2.56329,-3.1284,-0.851051
2.53974,-3.13875,-0.849546
2.5241,-3.15885,-0.850836
2.50527,-3.17505,-0.851051
2.48394,-3.18805,-0.850406
2.46314,-3.20168,-0.849976
2.44286,-3.21596,-0.849761
2.42308,-3.23089,-0.849761
2.40495,-3.24805,-0.850406
2.3844,-3.26196,-0.850191
2.36606,-3.2789,-0.850836
2.34759,-3.29574,-0.851481
2.32396,-3.30529,-0.850191
2.3092,-3.32751,-0.852342
2.28598,-3.33759,-0.851266
2.26382,-3.34913,-0.850621
2.24377,-3.36377,-0.850836
2.21771,-3.36931,-0.848685
2.1954,-3.3804,-0.84804
2.17567,-3.39545,-0.84847
2.14749,-3.39718,-0.845459
2.13746,-3.4277,-0.849976
2.11946,-3.44574,-0.851266
2.09929,-3.46035,-0.851696
2.07902,-3.47484,-0.852127
2.06014,-3.49173,-0.853202
2.04261,-3.51106,-0.854923
2.022,-3.52522,-0.855353
1.98061,-3.50271,-0.846535
1.97811,-3.54892,-0.855138
1.94172,-3.53446,-0.84847
1.93302,-3.57035,-0.854492
1.91062,-3.58128,-0.854277
1.88906,-3.5938,-0.854492
1.86607,-3.60359,-0.854062
1.84348,-3.6141,-0.853847
1.8261,-3.63494,-0.856213
1.80116,-3.64083,-0.854923
1.78478,-3.6641,-0.857934
1.76775,-3.68643,-0.86073
1.73634,-3.67866,-0.856213
1.71744,-3.69722,-0.858149
1.69594,-3.71035,-0.858794
1.66954,-3.71267,-0.856858
1.65028,-3.73088,-0.858794
1.62619,-3.73825,-0.858149
1.60284,-3.74726,-0.857934
1.58095,-3.75973,-0.858579
1.55673,-3.76665,-0.857934
1.53948,-3.79061,-0.861375
1.51619,-3.79998,-0.861375
1.48643,-3.79285,-0.857503
1.46383,-3.80372,-0.857934
1.43701,-3.8035,-0.855783
1.4133,-3.81133,-0.855568
1.38989,-3.81993,-0.855568
1.36741,-3.83114,-0.856213
1.3484,-3.85236,-0.859224
1.32569,-3.86333,-0.859869
1.30351,-3.87602,-0.860945
1.28674,-3.90528,-0.865891
1.25645,-3.89359,-0.861375
1.23254,-3.90122,-0.861375
0,0,0
0,0,0
1.15303,-3.89797,-0.855568
0,0,0
0,0,0
1.08577,-3.93547,-0.859439
1.06491,-3.95432,-0.862235
0,0,0
1.01145,-3.94817,-0.857934
0.985781,-3.94862,-0.856643
0,0,0
0,0,0
0,0,0
0,0,0
0,0,0
0,0,0
0,0,0
0,0,0
0,0,0
0,0,0
0,0,0
0,0,0
0,0,0
0,0,0
0,0,0
0,0,0
0,0,0
0,0,0
0,0,0
0,0,0
0,0,0
0,0,0
0,0,0
0,0,0
0,0,0
0,0,0
0,0,0
0,0,0
0,0,0
0,0,0
0,0,0
0,0,0
0,0,0
0,0,0
0,0,0
0,0,0
0,0,0
0,0,0
0,0,0
0,0,0
0,0,0
0,0,0
0,0,0
0,0,0
0,0,0
0,0,0
0,0,0
0,0,0
0,0,0
0,0,0
0,0,0
0,0,0
0,0,0
0,0,0
0,0,0
0,0,0
0,0,0
0,0,0
0,0,0
0,0,0
0,0,0
0,0,0
0,0,0
0,0,0
0,0,0
0,0,0
0,0,0
0,0,0
0,0,0
0,0,0
0,0,0
0,0,0
0,0,0
0,0,0
0,0,0
0,0,0
0,0,0
0,0,0
0,0,0
0,0,0
0,0,0
0,0,0
0,0,0
0,0,0
0,0,0
0,0,0
0,0,0
0,0,0
0,0,0
0,0,0
0,0,0
0,0,0
0,0,0
0,0,0
0,0,0
0,0,0
0,0,0
0,0,0
0,0,0
0,0,0
0,0,0
0,0,0
0,0,0
0,0,0
0,0,0
0,0,0
0,0,0
0,0,0
0,0,0
0,0,0
0,0,0
0,0,0
0,0,0
0,0,0
0,0,0
0,0,0
0,0,0
0,0,0
0,0,0
0,0,0
0,0,0
0,0,0
0,0,0
0,0,0
0,0,0
0,0,0
0,0,0
0,0,0
0,0,0
0,0,0
0,0,0
0,0,0
0,0,0
0,0,0
0,0,0
0,0,0
0,0,0
0,0,0
0,0,0
0,0,0
0,0,0
0,0,0
0,0,0
0,0,0
0,0,0
0,0,0
0,0,0
0,0,0
0,0,0
0,0,0
0,0,0
0,0,0
0,0,0
0,0,0
0,0,0
0,0,0
0,0,0
0,0,0
0,0,0
0,0,0
0,0,0
0,0,0
0,0,0
0,0,0
0,0,0
0,0,0
0,0,0
0,0,0
0,0,0
0,0,0
0,0,0
0,0,0
0,0,0
0,0,0
0,0,0
0,0,0
0,0,0
0,0,0
0,0,0
0,0,0
0,0,0
0,0,0
0,0,0
0,0,0
0,0,0
0,0,0
0,0,0
0,0,0
0,0,0
0,0,0
0,0,0
0,0,0
0,0,0
0,0,0
0,0,0
0,0,0
0,0,0
0,0,0
0,0,0
0,0,0
0,0,0
0,0,0
0,0,0
0,0,0
0,0,0
0,0,0
0,0,0
0,0,0
0,0,0
0,0,0
0,0,0
0,0,0
0,0,0
0,0,0
0,0,0
0,0,0
0,0,0
0,0,0
0,0,0
0,0,0
0,0,0
0,0,0
0,0,0
0,0,0
0,0,0
0,0,0
0,0,0
0,0,0
0,0,0
0,0,0
0,0,0
0,0,0
0,0,0
0,0,0
0,0,0
0,0,0
0,0,0
0,0,0
0,0,0
0,0,0
0,0,0
0,0,0
0,0,0
0,0,0
0,0,0
0,0,0
0,0,0
0,0,0
0,0,0
0,0,0
0,0,0
0,0,0
0,0,0
0,0,0
0,0,0
0,0,0
0,0,0
0,0,0
0,0,0
0,0,0
0,0,0
0,0,0
0,0,0
0,0,0
0,0,0
0,0,0
0,0,0
0,0,0
0,0,0
0,0,0
0,0,0
0,0,0
0,0,0
0,0,0
0,0,0
0,0,0
0,0,0
0,0,0
0,0,0
0,0,0
0,0,0
0,0,0
0,0,0
0,0,0
0,0,0
0,0,0
0,0,0
0,0,0
0,0,0
0,0,0
0,0,0
0,0,0
0,0,0
0,0,0
0,0,0
0,0,0
0,0,0
0,0,0
0,0,0
0,0,0
0,0,0
0,0,0
0,0,0
0,0,0
0,0,0
0,0,0
0,0,0
0,0,0
0,0,0
0,0,0
0,0,0
0,0,0
0,0,0
0,0,0
0,0,0
0,0,0
0,0,0
0,0,0
0,0,0
0,0,0
0,0,0
0,0,0
0,0,0
0,0,0
0,0,0
0,0,0
0,0,0
0,0,0
0,0,0
0,0,0
0,0,0
0,0,0
0,0,0
0,0,0
0,0,0
0,0,0
0,0,0
0,0,0
0,0,0
0,0,0
0,0,0
0,0,0
0,0,0
0,0,0
0,0,0
0,0,0
0,0,0
0,0,0
0,0,0
0,0,0
0,0,0
0,0,0
0,0,0
0,0,0
0,0,0
0,0,0
0,0,0
0,0,0
0,0,0
0,0,0
0,0,0
0,0,0
0,0,0
0,0,0
0,0,0
0,0,0
0,0,0
0,0,0
0,0,0
0,0,0
0,0,0
0,0,0
0,0,0
0,0,0
0,0,0
0,0,0
0,0,0
0,0,0
0,0,0
0,0,0
0,0,0
0,0,0
0,0,0
0,0,0
0,0,0
0,0,0
0,0,0
0,0,0
0,0,0
0,0,0
0,0,0
0,0,0
0,0,0
0,0,0
0,0,0
0,0,0
0,0,0
0,0,0
0,0,0
0,0,0
0,0,0
0,0,0
0,0,0
0,0,0
0,0,0
0,0,0
0,0,0
0,0,0
0,0,0
0,0,0
0,0,0
0,0,0
0,0,0
0,0,0
0,0,0
0,0,0
0,0,0
0,0,0
0,0,0
0,0,0
0,0,0
0,0,0
0,0,0
0,0,0
0,0,0
0,0,0
0,0,0
0,0,0
0,0,0
0,0,0
0,0,0
0,0,0
0,0,0
0,0,0
0,0,0
0,0,0
0,0,0
0,0,0
0,0,0
0,0,0
0,0,0
0,0,0
0,0,0
0,0,0
0,0,0
0,0,0
0,0,0
0,0,0
0,0,0
0,0,0
0,0,0
0,0,0
0,0,0
0,0,0
0,0,0
0,0,0
0,0,0
0,0,0
0,0,0
0,0,0
0,0,0
0,0,0
0,0,0
0,0,0
0,0,0
0,0,0
0,0,0
0,0,0
0,0,0
0,0,0
0,0,0
0,0,0
0,0,0
0,0,0
0,0,0
0,0,0
0,0,0
0,0,0
0,0,0
0,0,0
0,0,0
0,0,0
0,0,0
0,0,0
0,0,0
0,0,0
0,0,0
0,0,0
0,0,0
0,0,0
0,0,0
0,0,0
0,0,0
0,0,0
0,0,0
0,0,0
0,0,0
0,0,0
0,0,0
0,0,0
0,0,0
0,0,0
0,0,0
0,0,0
0,0,0
0,0,0
0,0,0
0,0,0
0,0,0
0,0,0
0,0,0
0,0,0
0,0,0
0,0,0
0,0,0
0,0,0
0,0,0
0,0,0
0,0,0
0,0,0
0,0,0
0,0,0
0,0,0
0,0,0
0,0,0
0,0,0
0,0,0
0,0,0
0,0,0
0,0,0
0,0,0
0,0,0
0,0,0
0,0,0
0,0,0
0,0,0
0,0,0
0,0,0
0,0,0
0,0,0
0,0,0
0,0,0
0,0,0
0,0,0
0,0,0
0,0,0
0,0,0
0,0,0
0,0,0
0,0,0
0,0,0
0,0,0
0,0,0
0,0,0
0,0,0
0,0,0
0,0,0
0,0,0
0,0,0
0,0,0
0,0,0
0,0,0
0,0,0
0,0,0
0,0,0
0,0,0
0,0,0
0,0,0
0,0,0
0,0,0
0,0,0
0,0,0
0,0,0
0,0,0
0,0,0
0,0,0
0,0,0
0,0,0
0,0,0
0,0,0
0,0,0
0,0,0
0,0,0
0,0,0
0,0,0
0,0,0
0,0,0
0,0,0
0,0,0
0,0,0
0,0,0
1.40209,3.91034,-0.92379
1.43007,3.91265,-0.926502
1.46629,3.93666,-0.934637
1.48835,3.92212,-0.933281
1.51695,3.92473,-0.936218
1.53886,3.90991,-0.934862
1.56246,3.89949,-0.934637
1.58378,3.88352,-0.933055
1.60572,3.86923,-0.931925
1.62412,3.84674,-0.928761
1.64962,3.84117,-0.929891
1.67393,3.83277,-0.930343
1.69663,3.82064,-0.929891
1.71603,3.80128,-0.927631
1.73607,3.7836,-0.925824
1.75925,3.77287,-0.925824
1.78154,3.76025,-0.925372
1.80246,3.74486,-0.924242
1.82156,3.72585,-0.922208
1.84872,3.72333,-0.924468
1.8689,3.7067,-0.923112
1.89338,3.69863,-0.924016
1.91873,3.69213,-0.925372
1.9409,3.67942,-0.925146
1.96344,3.66744,-0.925146
1.98916,3.66132,-0.926728
2.00971,3.64563,-0.925824
2.03061,3.63068,-0.925146
2.05237,3.61731,-0.92492
2.0721,3.60042,-0.92379
2.0912,3.5826,-0.922434
2.11314,3.5697,-0.922434
2.133,3.55332,-0.92153
2.14818,3.52935,-0.918593
2.17031,3.51693,-0.918819
2.18771,3.49694,-0.917011
2.21017,3.4851,-0.917463
2.2273,3.46492,-0.915655
2.24958,3.45282,-0.916107
2.27072,3.43895,-0.916107
2.29341,3.42738,-0.916785
2.31385,3.41244,-0.916559
2.32757,3.38774,-0.913621
2.34442,3.3678,-0.912039
2.36335,3.35096,-0.911361
2.37651,3.32609,-0.908424
2.39459,3.30829,-0.90752
2.42002,3.30061,-0.909554
2.43442,3.27788,-0.907294
2.45332,3.26132,-0.906842
2.46443,3.23458,-0.903452
2.47827,3.21169,-0.901193
2.49554,3.19335,-0.900289
2.51327,3.17569,-0.899611
2.53271,3.16021,-0.899611
2.55021,3.14234,-0.898933
2.57315,3.13115,-0.900289
2.59045,3.11305,-0.899611
2.61013,3.09785,-0.899837
2.62972,3.08251,-0.900063
2.6524,3.07074,-0.901419
2.66093,3.04268,-0.897803
2.67826,3.02483,-0.897351
2.68507,2.99529,-0.893284
2.7047,2.9802,-0.893736
2.71964,2.95996,-0.892606
2.73444,2.93965,-0.891476
2.75509,2.92566,-0.89238
2.77501,2.91081,-0.893058
2.79147,2.89233,-0.892606
2.80712,2.87305,-0.891928
2.82127,2.85231,-0.890798
2.83527,2.83151,-0.889668
2.8512,2.81269,-0.889216
2.85375,2.78087,-0.884471
2.88901,2.78087,-0.890346
2.90814,2.7651,-0.891024
2.92647,2.74854,-0.891476
2.94185,2.72921,-0.891024
2.95711,2.70979,-0.890572
2.96284,2.68179,-0.887183
2.96762,2.65317,-0.883567
2.9948,2.64458,-0.886957
3.0095,2.62488,-0.886505
3.01596,2.5981,-0.883567
3.0452,2.5909,-0.887634
3.06178,2.5728,-0.88786
3.08051,2.55645,-0.888764
3.0886,2.53132,-0.886505
3.10483,2.51294,-0.886731
3.11182,2.48715,-0.884245
3.13009,2.47042,-0.885149
3.13981,2.44698,-0.883567
3.16017,2.43183,-0.885149
3.17503,2.41239,-0.885149
3.18743,2.39111,-0.884471
3.20439,2.37325,-0.885149
3.21732,2.35239,-0.884697
3.22459,2.32747,-0.882663
3.24198,2.30991,-0.883567
3.24653,2.28325,-0.880855
3.26208,2.26439,-0.881307
3.26948,2.23993,-0.879499
3.28559,2.22146,-0.880177
3.30645,2.20613,-0.882211
3.31341,2.18151,-0.880403
3.32674,2.16114,-0.880403
3.33501,2.13754,-0.879048
3.34395,2.11443,-0.877918
3.34942,2.08923,-0.875884
3.37213,2.07477,-0.878596
3.37397,2.04747,-0.875658
3.37978,2.02272,-0.87385
3.39045,2.00096,-0.873398
3.41193,1.98551,-0.875884
3.41898,1.96163,-0.874528
3.4318,1.94109,-0.874754
3.44024,1.9181,-0.87385
3.43999,1.89039,-0.870687
3.45324,1.87017,-0.871139
3.45434,1.84345,-0.868427
3.45955,1.81904,-0.866845
3.46891,1.79688,-0.866393
3.48248,1.77689,-0.867071
3.4907,1.75418,-0.866393
3.50315,1.73359,-0.866845
3.51985,1.71505,-0.868427
3.53031,1.69342,-0.868427
3.53446,1.66882,-0.866845
3.5146,1.63315,-0.859162
3.55025,1.62329,-0.865715
3.56014,1.60148,-0.865715
3.56901,1.57921,-0.865489
3.55541,1.54718,-0.859614
3.58185,1.53261,-0.863908
3.59208,1.51098,-0.864133
3.59949,1.48817,-0.863682
3.61487,1.46862,-0.865263
3.62472,1.44677,-0.865489
3.63987,1.427,-0.867071
3.6522,1.40603,-0.867975
3.65893,1.38291,-0.867523
3.66278,1.35874,-0.866393
3.66556,1.33424,-0.865037
3.6645,1.30845,-0.862778
3.67338,1.28626,-0.863004
3.67199,1.26054,-0.860744
3.68704,1.24047,-0.862552
3.69458,1.21782,-0.862552
3.70199,1.19513,-0.862552
3.71297,1.17356,-0.863456
3.71544,1.14932,-0.862326
3.72243,1.1265,-0.862326
3.72647,1.10281,-0.861648
3.73129,1.07938,-0.861196
3.73316,1.05514,-0.860066
3.73768,1.0317,-0.859614
3.74488,1.009,-0.85984
3.74441,0.984269,-0.858258
3.75604,0.962726,-0.859614
3.76471,0.940369,-0.860292
3.77609,0.918632,-0.861648
3.77312,0.893426,-0.859614
3.77853,0.870258,-0.859614
3.7781,0.845781,-0.858258
3.77465,0.820721,-0.856224
3.77962,0.797545,-0.856224
3.78253,0.773948,-0.855773
3.79676,0.752617,-0.858032
3.8281,0.734443,-0.864359
3.82391,0.709342,-0.862326
3.83682,0.687411,-0.864359
3.83137,0.662198,-0.8621
3.82479,0.636918,-0.859614
3.82574,0.612975,-0.858936
3.8275,0.589193,-0.858484
3.83779,0.566692,-0.860066
3.84409,0.543542,-0.860744
3.84832,0.520075,-0.86097
3.85723,0.497199,-0.862326
3.84571,0.471745,-0.858936
3.84853,0.448139,-0.858936
3.8483,0.424197,-0.858258
3.84696,0.400173,-0.857354
3.84449,0.376088,-0.856224
3.85061,0.352846,-0.857128
3.84882,0.328881,-0.856224
3.84494,0.304798,-0.854869
3.85839,0.282051,-0.85758
3.85908,0.258306,-0.857354
3.85962,0.234564,-0.857128
3.86196,0.21093,-0.857354
3.85832,0.186994,-0.856224
3.85939,0.163317,-0.856224
3.86227,0.139703,-0.856676
3.85916,0.115885,-0.855773
3.86174,0.0922501,-0.856224
3.86905,0.0686734,-0.857806
1.50241,0.0176909,-0.308696
1.51029,0.00851383,-0.310504
1.46842,-0.000721297,-0.300787
1.47716,-0.00979185,-0.302821
0,0,0
3.84169,-0.0732594,-0.851479
3.86454,-0.0974218,-0.856902
3.86971,-0.121316,-0.858258
3.86597,-0.144948,-0.85758
3.86793,-0.168794,-0.858258
3.8639,-0.192379,-0.85758
3.86071,-0.215974,-0.857128
3.85931,-0.239659,-0.857128
3.85485,-0.263136,-0.85645
3.84636,-0.286277,-0.854869
3.84647,-0.310029,-0.855321
3.84838,-0.333962,-0.856224
3.84626,-0.357569,-0.856224
3.84884,-0.381643,-0.857354
3.84836,-0.405457,-0.857806
3.84968,-0.429495,-0.85871
3.84503,-0.45288,-0.858258
3.82768,-0.474664,-0.854869
3.85078,-0.501541,-0.86097
3.85052,-0.525555,-0.861648
3.85301,-0.549998,-0.863004
3.84957,-0.573629,-0.863004
3.84116,-0.596491,-0.861874
3.82685,-0.618338,-0.859388
3.81818,-0.641001,-0.858258
3.81226,-0.664082,-0.857806
3.80619,-0.687115,-0.857354
3.79233,-0.708666,-0.855095
3.78982,-0.732292,-0.855547
3.78239,-0.754959,-0.854869
3.77387,-0.777367,-0.853965
3.77189,-0.801116,-0.854643
3.76119,-0.822995,-0.853287
3.75892,-0.8467,-0.853965
3.75176,-0.869308,-0.853513
3.75204,-0.893667,-0.854869
3.74459,-0.916209,-0.854417
3.73796,-0.938931,-0.854191
3.73213,-0.961849,-0.854191
3.73369,-0.986723,-0.855999
3.71722,-1.00681,-0.853513
3.71097,-1.0296,-0.853513
3.70833,-1.05342,-0.854417
3.69525,-1.07425,-0.852835
3.68206,-1.09496,-0.851253
3.66408,-1.11413,-0.848541
3.66927,-1.14035,-0.851479
3.66035,-1.16225,-0.851027
3.66241,-1.18769,-0.853287
3.66431,-1.21321,-0.855547
3.66418,-1.23816,-0.857354
3.65651,-1.26062,-0.857354
3.64687,-1.28239,-0.856902
3.64902,-1.30836,-0.859388
3.62811,-1.32604,-0.856224
3.61717,-1.34726,-0.855547
3.60337,-1.36735,-0.854191
3.60491,-1.3933,-0.856676
3.59538,-1.41504,-0.85645
3.58844,-1.43779,-0.856902
3.58586,-1.46236,-0.858484
3.56513,-1.47948,-0.855547
3.56047,-1.50322,-0.856676
3.55476,-1.52658,-0.85758
3.548,-1.54953,-0.858258
3.52864,-1.56692,-0.855773
3.54825,-1.60178,-0.86323
3.53747,-1.62311,-0.863004
3.52656,-1.64437,-0.862778
3.51377,-1.66473,-0.8621
3.50085,-1.68499,-0.861422
3.48345,-1.70302,-0.859614
3.47904,-1.72739,-0.861196
3.46838,-1.74871,-0.861196
3.45324,-1.76773,-0.860066
3.44579,-1.79069,-0.86097
3.42957,-1.80907,-0.859614
3.42442,-1.8333,-0.861196
3.41738,-1.8566,-0.862326
3.40422,-1.87659,-0.861874
3.40369,-1.90363,-0.864811
3.3928,-1.92496,-0.865037
3.37585,-1.94282,-0.863682
3.37901,-1.97234,-0.867749
3.35679,-1.98708,-0.865037
3.35121,-2.01165,-0.866845
3.33714,-2.03117,-0.866393
3.30804,-2.04137,-0.861874
3.29875,-2.0637,-0.862778
3.27945,-2.07972,-0.86097
3.27482,-2.10508,-0.86323
3.26347,-2.12619,-0.863682
3.23736,-2.13759,-0.860066
3.21771,-2.15308,-0.858258
3.21008,-2.17661,-0.85984
3.19185,-2.19295,-0.858484
3.18552,-2.21751,-0.860518
3.17345,-2.23813,-0.86097
3.14777,-2.24907,-0.85758
3.12681,-2.2632,-0.855547
3.10344,-2.27543,-0.852835
3.08394,-2.29036,-0.851253
3.07139,-2.31041,-0.851705
3.05715,-2.32922,-0.851705
3.04435,-2.34912,-0.852157
3.03064,-2.36836,-0.852383
3.00154,-2.37542,-0.84809
2.99603,-2.4011,-0.850801
2.98124,-2.41944,-0.850801
2.96484,-2.43645,-0.850349
2.95357,-2.45771,-0.851479
2.94589,-2.48207,-0.853739
2.91504,-2.48682,-0.848993
2.91005,-2.51357,-0.852157
2.88357,-2.52176,-0.848767
2.86585,-2.53747,-0.84809
2.85966,-2.56346,-0.851027
2.82296,-2.56197,-0.844474
2.81221,-2.58386,-0.846056
2.80415,-2.60836,-0.848541
2.77816,-2.61617,-0.845378
2.77827,-2.64863,-0.850575
2.76477,-2.66833,-0.851479
2.74974,-2.68661,-0.851931
2.72351,-2.69384,-0.848767
2.71174,-2.71532,-0.850349
2.69366,-2.73052,-0.849897
2.67822,-2.7484,-0.850349
2.66266,-2.76618,-0.850801
2.66174,-2.79941,-0.856224
2.63318,-2.80362,-0.852383
2.604,-2.80687,-0.848315
2.58739,-2.82351,-0.848541
2.56544,-2.83428,-0.84696
2.55254,-2.85505,-0.848541
2.53369,-2.8692,-0.84809
2.50515,-2.87221,-0.844248
2.50592,-2.90893,-0.850801
2.4754,-2.90941,-0.846282
2.46251,-2.93051,-0.84809
2.45195,-2.95456,-0.850801
2.43377,-2.96955,-0.850801
2.42286,-2.99352,-0.853513
2.40323,-3.00681,-0.853061
2.38594,-3.02302,-0.853513
2.36376,-3.033,-0.852157
2.33976,-3.04049,-0.850123
2.324,-3.05867,-0.851253
2.30168,-3.0682,-0.849897
2.27412,-3.07052,-0.846508
2.26903,-3.10329,-0.851931
2.25679,-3.12663,-0.854643
2.23134,-3.13169,-0.852157
2.21937,-3.15569,-0.855095
2.19441,-3.16124,-0.852835
2.17002,-3.16741,-0.850801
2.15,-3.17986,-0.850575
2.12504,-3.18489,-0.848315
2.10278,-3.1938,-0.847186
2.08102,-3.20338,-0.846282
2.06396,-3.22019,-0.847412
2.04051,-3.22703,-0.84583
2.02377,-3.24444,-0.847186
2.00637,-3.26095,-0.848315
1.9934,-3.28486,-0.851479
1.97471,-3.29954,-0.852157
1.9569,-3.31579,-0.853287
1.93701,-3.32857,-0.853513
1.91946,-3.34546,-0.854869
1.89458,-3.34955,-0.852835
1.87114,-3.356,-0.851479
1.85474,-3.37511,-0.853513
1.83353,-3.38557,-0.853287
1.8141,-3.39933,-0.853965
1.79366,-3.41126,-0.854191
1.7718,-3.42047,-0.853739
1.74989,-3.42954,-0.853287
1.72663,-3.43586,-0.852157
1.70681,-3.44901,-0.852835
1.68946,-3.4673,-0.854869
1.66436,-3.4697,-0.852835
1.64803,-3.49042,-0.855547
1.62412,-3.49516,-0.854191
1.60102,-3.50152,-0.853287
1.5823,-3.5175,-0.854869
1.55832,-3.52179,-0.853513
1.53785,-3.53397,-0.854191
1.51537,-3.54155,-0.853739
1.49097,-3.54449,-0.852157
1.47329,-3.56348,-0.854643
1.45176,-3.57335,-0.854869
1.42439,-3.56862,-0.851479
1.39607,-3.56097,-0.847412
1.38119,-3.58765,-0.851931
1.36191,-3.60335,-0.853739
1.34214,-3.61803,-0.855321
1.32225,-3.6326,-0.856902
1.30321,-3.64982,-0.859162
1.28176,-3.66051,-0.85984
1.26085,-3.67291,-0.86097
1.23581,-3.67319,-0.859162
1.21203,-3.67701,-0.858258
1.18765,-3.67881,-0.856902
1.16564,-3.68789,-0.857354
1.14356,-3.69683,-0.857806
1.12199,-3.70751,-0.85871
1.10088,-3.71993,-0.860066
1.07749,-3.72474,-0.859614
1.05223,-3.72284,-0.85758
0,0,0
1.00571,-3.73266,-0.856902
0.984269,-3.74441,-0.858258
0,0,0
0.935413,-3.74486,-0.855547
0.917942,-3.77325,-0.86097
0,0,0
0,0,0
0,0,0
0,0,0
0,0,0
0,0,0
0,0,0
0,0,0
0,0,0
0,0,0
0,0,0
0,0,0
0,0,0
0,0,0
0,0,0
0,0,0
0,0,0
0,0,0
0,0,0
0,0,0
0,0,0
0,0,0
0,0,0
0,0,0
0,0,0
0,0,0
0,0,0
0,0,0
0,0,0
0,0,0
0,0,0
0,0,0
0,0,0
0,0,0
0,0,0
0,0,0
0,0,0
0,0,0
0,0,0
0,0,0
0,0,0
0,0,0
0,0,0
0,0,0
0,0,0
0,0,0
0,0,0
0,0,0
0,0,0
0,0,0
0,0,0
0,0,0
0,0,0
0,0,0
0,0,0
0,0,0
0,0,0
0,0,0
0,0,0
0,0,0
0,0,0
0,0,0
0,0,0
0,0,0
0,0,0
0,0,0
0,0,0
0,0,0
0,0,0
0,0,0
0,0,0
0,0,0
0,0,0
0,0,0
0,0,0
0,0,0
0,0,0
0,0,0
0,0,0
0,0,0
0,0,0
0,0,0
0,0,0
0,0,0
0,0,0
0,0,0
0,0,0
0,0,0
0,0,0
0,0,0
0,0,0
0,0,0
0,0,0
0,0,0
0,0,0
0,0,0
0,0,0
0,0,0
0,0,0
0,0,0
0,0,0
0,0,0
0,0,0
0,0,0
0,0,0
0,0,0
0,0,0
0,0,0
0,0,0
0,0,0
0,0,0
0,0,0
0,0,0
0,0,0
0,0,0
0,0,0
0,0,0
0,0,0
0,0,0
0,0,0
0,0,0
0,0,0
0,0,0
0,0,0
0,0,0
0,0,0
0,0,0
0,0,0
0,0,0
0,0,0
0,0,0
0,0,0
0,0,0
0,0,0
0,0,0
0,0,0
0,0,0
0,0,0
0,0,0
0,0,0
0,0,0
0,0,0
0,0,0
0,0,0
0,0,0
0,0,0
0,0,0
0,0,0
0,0,0
0,0,0
0,0,0
0,0,0
0,0,0
0,0,0
0,0,0
0,0,0
0,0,0
0,0,0
0,0,0
0,0,0
0,0,0
0,0,0
0,0,0
0,0,0
0,0,0
0,0,0
0,0,0
0,0,0
0,0,0
0,0,0
0,0,0
0,0,0
0,0,0
0,0,0
0,0,0
0,0,0
0,0,0
0,0,0
0,0,0
0,0,0
0,0,0
0,0,0
0,0,0
0,0,0
0,0,0
0,0,0
0,0,0
0,0,0
0,0,0
0,0,0
0,0,0
0,0,0
0,0,0
0,0,0
0,0,0
0,0,0
0,0,0
0,0,0
0,0,0
0,0,0
0,0,0
0,0,0
0,0,0
0,0,0
0,0,0
0,0,0
0,0,0
0,0,0
0,0,0
0,0,0
0,0,0
0,0,0
0,0,0
0,0,0
0,0,0
0,0,0
0,0,0
0,0,0
0,0,0
0,0,0
0,0,0
0,0,0
0,0,0
0,0,0
0,0,0
0,0,0
0,0,0
0,0,0
0,0,0
0,0,0
0,0,0
0,0,0
0,0,0
0,0,0
0,0,0
0,0,0
0,0,0
0,0,0
0,0,0
0,0,0
0,0,0
0,0,0
0,0,0
0,0,0
0,0,0
0,0,0
0,0,0
0,0,0
0,0,0
0,0,0
0,0,0
0,0,0
0,0,0
0,0,0
0,0,0
0,0,0
0,0,0
0,0,0
0,0,0
0,0,0
0,0,0
0,0,0
0,0,0
0,0,0
0,0,0
0,0,0
0,0,0
0,0,0
0,0,0
0,0,0
0,0,0
0,0,0
0,0,0
0,0,0
0,0,0
0,0,0
0,0,0
0,0,0
0,0,0
0,0,0
0,0,0
0,0,0
0,0,0
0,0,0
0,0,0
0,0,0
0,0,0
0,0,0
0,0,0
0,0,0
0,0,0
0,0,0
0,0,0
0,0,0
0,0,0
0,0,0
0,0,0
0,0,0
0,0,0
0,0,0
0,0,0
0,0,0
0,0,0
0,0,0
0,0,0
0,0,0
0,0,0
0,0,0
0,0,0
0,0,0
0,0,0
0,0,0
0,0,0
0,0,0
0,0,0
0,0,0
0,0,0
0,0,0
0,0,0
0,0,0
0,0,0
0,0,0
0,0,0
0,0,0
0,0,0
0,0,0
0,0,0
0,0,0
0,0,0
0,0,0
0,0,0
0,0,0
0,0,0
0,0,0
0,0,0
0,0,0
0,0,0
0,0,0
0,0,0
0,0,0
0,0,0
0,0,0
0,0,0
0,0,0
0,0,0
0,0,0
0,0,0
0,0,0
0,0,0
0,0,0
0,0,0
0,0,0
0,0,0
0,0,0
0,0,0
0,0,0
0,0,0
0,0,0
0,0,0
0,0,0
0,0,0
0,0,0
0,0,0
0,0,0
0,0,0
0,0,0
0,0,0
0,0,0
0,0,0
0,0,0
0,0,0
0,0,0
0,0,0
0,0,0
0,0,0
0,0,0
0,0,0
0,0,0
0,0,0
0,0,0
0,0,0
0,0,0
0,0,0
0,0,0
0,0,0
0,0,0
0,0,0
0,0,0
0,0,0
0,0,0
0,0,0
0,0,0
0,0,0
0,0,0
0,0,0
0,0,0
0,0,0
0,0,0
0,0,0
0,0,0
0,0,0
0,0,0
0,0,0
0,0,0
0,0,0
0,0,0
0,0,0
0,0,0
0,0,0
0,0,0
0,0,0
0,0,0
0,0,0
0,0,0
0,0,0
0,0,0
0,0,0
0,0,0
0,0,0
0,0,0
0,0,0
0,0,0
0,0,0
0,0,0
0,0,0
0,0,0
0,0,0
0,0,0
0,0,0
0,0,0
0,0,0
0,0,0
0,0,0
0,0,0
0,0,0
0,0,0
0,0,0
0,0,0
0,0,0
0,0,0
0,0,0
0,0,0
0,0,0
0,0,0
0,0,0
0,0,0
0,0,0
0,0,0
0,0,0
0,0,0
0,0,0
0,0,0
0,0,0
0,0,0
0,0,0
0,0,0
0,0,0
0,0,0
0,0,0
0,0,0
0,0,0
0,0,0
0,0,0
0,0,0
0,0,0
0,0,0
0,0,0
0,0,0
0,0,0
0,0,0
0,0,0
0,0,0
0,0,0
0,0,0
0,0,0
0,0,0
0,0,0
0,0,0
0,0,0
0,0,0
0,0,0
0,0,0
0,0,0
0,0,0
0,0,0
0,0,0
0,0,0
0,0,0
0,0,0
0,0,0
0,0,0
0,0,0
0,0,0
0,0,0
0,0,0
0,0,0
0,0,0
0,0,0
0,0,0
0,0,0
0,0,0
0,0,0
0,0,0
0,0,0
0,0,0
0,0,0
0,0,0
0,0,0
0,0,0
0,0,0
0,0,0
0,0,0
0,0,0
0,0,0
0,0,0
0,0,0
0,0,0
0,0,0
0,0,0
0,0,0
0,0,0
0,0,0
0,0,0
0,0,0
0,0,0
0,0,0
0,0,0
0,0,0
0,0,0
0,0,0
0,0,0
0,0,0
0,0,0
0,0,0
0,0,0
0,0,0
0,0,0
0,0,0
0,0,0
0,0,0
0,0,0
0,0,0
0,0,0
0,0,0
0,0,0
0,0,0
0,0,0
0,0,0
0,0,0
0,0,0
0,0,0
0,0,0
0,0,0
0,0,0
0,0,0
0,0,0
0,0,0
0,0,0
0,0,0
0,0,0
0,0,0
0,0,0
0,0,0
0,0,0
0,0,0
0,0,0
0,0,0
0,0,0
0,0,0
0,0,0
0,0,0
0,0,0
0,0,0
0,0,0
0,0,0
0,0,0
0,0,0
0,0,0
0,0,0
0,0,0
0,0,0
0,0,0
0,0,0
0,0,0
0,0,0
0,0,0
0,0,0
0,0,0
0,0,0
0,0,0
0,0,0
0,0,0
0,0,0
0,0,0
0,0,0
0,0,0
0,0,0
0,0,0
0,0,0
0,0,0
0,0,0
0,0,0
0,0,0
0,0,0
0,0,0
0,0,0
0,0,0
0,0,0
0,0,0
0,0,0
0,0,0
0,0,0
0,0,0
0,0,0
0,0,0
0,0,0
1.21522,3.82545,-0.942879
1.23957,3.82069,-0.943593
0,0,0
1.29413,3.8282,-0.949539
1.32108,3.83028,-0.952155
1.34488,3.82302,-0.952393
1.36503,3.80556,-0.950015
1.38636,3.79163,-0.948588
1.40858,3.78033,-0.947874
1.42589,3.75617,-0.94383
1.44751,3.74373,-0.942879
1.46832,3.72935,-0.941452
1.48793,3.71216,-0.939311
1.51141,3.70476,-0.939787
1.53225,3.69093,-0.938598
1.55374,3.67877,-0.937884
1.5759,3.66828,-0.937646
1.59527,3.65142,-0.935743
1.61528,3.63623,-0.934316
1.63356,3.6174,-0.931938
1.65452,3.60466,-0.931224
1.6766,3.59444,-0.931224
1.69239,3.57092,-0.927656
1.71764,3.56747,-0.929559
1.74205,3.5621,-0.930986
1.75826,3.54003,-0.927894
1.78607,3.54132,-0.931224
1.806,3.52683,-0.930273
1.82536,3.51138,-0.929083
1.84733,3.50097,-0.929321
1.86694,3.48614,-0.92837
1.8883,3.47462,-0.92837
1.90958,3.46297,-0.92837
1.92416,3.43932,-0.92504
1.93995,3.41815,-0.922423
1.95944,3.40366,-0.92171
1.97882,3.38906,-0.920996
1.99908,3.37602,-0.920758
2.02326,3.36952,-0.922423
2.04389,3.35704,-0.922423
2.06445,3.34443,-0.922423
2.08648,3.33417,-0.923137
2.1043,3.31721,-0.921948
2.12094,3.29851,-0.920283
2.14114,3.28544,-0.920283
2.15644,3.26494,-0.918142
2.17211,3.24519,-0.916239
2.18653,3.22376,-0.913861
2.20517,3.20868,-0.913385
2.22205,3.19111,-0.912196
2.23711,3.17106,-0.910293
2.2537,3.15332,-0.909104
2.26902,3.13393,-0.907439
2.27959,3.10819,-0.903871
2.3021,3.09883,-0.905298
2.3199,3.08309,-0.904822
2.33818,3.06803,-0.904584
2.35519,3.05131,-0.903871
2.37028,3.03221,-0.902444
2.38522,3.01304,-0.901016
2.40549,3.00062,-0.90173
2.411,2.96997,-0.896735
2.43966,2.96788,-0.900779
2.46217,2.95808,-0.902444
2.48341,2.94663,-0.903633
2.49829,2.92764,-0.902444
2.51874,2.9152,-0.903395
2.53211,2.89457,-0.90173
2.55047,2.8797,-0.901968
2.5629,2.85821,-0.900065
2.57517,2.83668,-0.898162
2.59056,2.81868,-0.897449
2.60714,2.80202,-0.897211
2.62362,2.78526,-0.896973
2.642,2.77052,-0.897449
2.6549,2.75006,-0.896022
2.67784,2.73997,-0.898162
2.68367,2.71244,-0.894357
2.70095,2.69661,-0.894594
2.7209,2.6834,-0.895784
2.72967,2.65919,-0.893167
2.74873,2.64509,-0.894119
2.76491,2.62817,-0.894119
2.77815,2.6085,-0.893167
2.79054,2.5881,-0.891978
2.80351,2.5683,-0.891027
2.81921,2.55105,-0.891027
2.82757,2.52723,-0.888648
2.8423,2.50919,-0.88841
2.84008,2.47638,-0.882702
2.87435,2.47539,-0.888886
2.87617,2.44638,-0.884604
2.90674,2.44181,-0.889599
2.92092,2.4233,-0.889362
2.93799,2.40718,-0.890075
2.94742,2.38483,-0.88841
2.96048,2.36549,-0.887934
2.97417,2.34668,-0.887697
2.99541,2.33376,-0.889837
3.01198,2.31711,-0.890551
3.02305,2.29624,-0.889599
3.04097,2.28056,-0.890789
3.05568,2.26244,-0.891027
3.0601,2.23676,-0.888172
3.07377,2.21795,-0.888172
3.0802,2.19397,-0.886032
3.09281,2.17447,-0.885794
3.10929,2.15767,-0.886745
3.12006,2.1369,-0.886032
3.13633,2.11989,-0.886983
3.15251,2.10277,-0.887934
3.16698,2.08445,-0.88841
3.17157,2.05969,-0.886032
3.17924,2.03704,-0.884604
3.18757,2.0149,-0.883415
3.19658,1.99325,-0.882464
3.20461,1.97105,-0.881275
3.21416,1.94984,-0.880561
3.22856,1.93158,-0.881275
3.22697,1.90383,-0.877469
3.24279,1.88644,-0.878658
3.24588,1.86167,-0.87628
3.25048,1.83789,-0.874377
3.26254,1.81838,-0.874615
3.27704,1.8002,-0.875566
3.29229,1.78238,-0.876755
3.29289,1.75665,-0.873901
3.30102,1.73506,-0.873187
3.30816,1.71298,-0.872236
3.30217,1.68426,-0.867717
3.31939,1.66746,-0.86962
3.32607,1.64534,-0.868668
3.34047,1.62702,-0.869857
3.35039,1.6065,-0.869857
3.36721,1.58923,-0.87176
3.37866,1.56936,-0.872236
3.38911,1.549,-0.872474
3.39855,1.52818,-0.872474
3.4123,1.50926,-0.873663
3.41259,1.48442,-0.871285
3.41985,1.46268,-0.870809
3.4225,1.43904,-0.869144
3.43126,1.41801,-0.869144
3.4381,1.3962,-0.868668
3.44931,1.37616,-0.869382
3.4613,1.35638,-0.870333
3.47409,1.33687,-0.871522
3.49131,1.31896,-0.873901
3.50572,1.29988,-0.875566
3.51545,1.27901,-0.876042
3.52598,1.25839,-0.876755
3.53363,1.23673,-0.876755
3.53289,1.21219,-0.874615
3.5375,1.18956,-0.873901
3.54657,1.16844,-0.874377
3.54166,1.14278,-0.871285
3.55138,1.1219,-0.871998
3.55449,1.09894,-0.871047
3.55094,1.07401,-0.86843
3.56398,1.05414,-0.870095
3.56199,1.02982,-0.867955
3.5645,1.00688,-0.867003
3.58091,0.987839,-0.86962
3.58597,0.965595,-0.869382
3.60028,0.945798,-0.871522
3.60225,0.922724,-0.870571
3.61255,0.901781,-0.87176
3.61991,0.880057,-0.872236
3.62618,0.858054,-0.872474
3.61529,0.832079,-0.86843
3.61748,0.809243,-0.867717
3.61479,0.785379,-0.865814
3.62999,0.765392,-0.86843
3.62891,0.741936,-0.867003
3.63054,0.719088,-0.86629
3.63202,0.696248,-0.865576
3.6324,0.67324,-0.864625
3.63264,0.650254,-0.863673
3.63848,0.628283,-0.864149
3.64706,0.606745,-0.865338
3.65455,0.584971,-0.86629
3.68687,0.566974,-0.873425
3.6701,0.541358,-0.86843
3.67239,0.518692,-0.868192
3.6755,0.496149,-0.868192
3.67944,0.473712,-0.86843
3.68035,0.450889,-0.867955
3.68305,0.428299,-0.867955
3.6885,0.406012,-0.868668
3.68996,0.383271,-0.86843
3.65454,0.356929,-0.859154
3.69245,0.337783,-0.867955
3.69929,0.315535,-0.869144
3.70793,0.293369,-0.870809
3.71354,0.270896,-0.87176
3.71707,0.248235,-0.872236
3.7224,0.225659,-0.873187
3.72566,0.202921,-0.873663
3.7278,0.180104,-0.873901
3.7463,0.157969,-0.878182
3.72002,0.133992,-0.871522
3.71107,0.110871,-0.869144
3.71265,0.0881212,-0.869382
3.70535,0.0652,-0.867479
1.50001,0.0165011,-0.327309
1.49425,0.00726406,-0.325882
1.45639,-0.00188564,-0.316606
3.70875,-0.0257728,-0.868192
3.69784,-0.0483923,-0.865576
3.69747,-0.0710809,-0.865576
3.69793,-0.0937911,-0.865814
3.69049,-0.116267,-0.864149
3.69165,-0.138982,-0.864625
3.68297,-0.161294,-0.862722
3.68773,-0.184178,-0.864149
3.6875,-0.206856,-0.864387
3.68713,-0.229538,-0.864625
3.68953,-0.252421,-0.865576
3.69082,-0.275271,-0.86629
3.69196,-0.298146,-0.867003
3.69103,-0.320878,-0.867241
3.68899,-0.343519,-0.867241
3.68295,-0.365765,-0.86629
3.68546,-0.388865,-0.867479
3.68397,-0.411578,-0.867717
3.68717,-0.434856,-0.869144
3.68636,-0.457711,-0.86962
3.68541,-0.480572,-0.870095
3.68335,-0.503307,-0.870333
3.66481,-0.523704,-0.866527
3.65192,-0.544751,-0.864149
3.64563,-0.566702,-0.863435
3.62482,-0.586275,-0.859154
3.62307,-0.608827,-0.85963
3.61735,-0.630713,-0.859154
3.6029,-0.651,-0.856538
3.60075,-0.673451,-0.857013
3.59178,-0.694612,-0.855824
3.5865,-0.716448,-0.855586
3.58204,-0.73844,-0.855586
3.57459,-0.759801,-0.854873
3.58314,-0.784624,-0.858203
3.59058,-0.809368,-0.861295
3.58271,-0.830727,-0.860581
3.56998,-0.850895,-0.858678
3.57602,-0.875552,-0.861533
3.56681,-0.896532,-0.860581
3.56124,-0.9184,-0.860581
3.55835,-0.940979,-0.861295
3.54408,-0.96051,-0.859154
3.5428,-0.983536,-0.860343
3.53202,-1.00393,-0.859154
3.5258,-1.02558,-0.859154
3.51944,-1.0472,-0.859154
3.51573,-1.06962,-0.859868
3.51652,-1.09348,-0.86177
3.50975,-1.11503,-0.86177
3.50746,-1.13804,-0.86296
3.49949,-1.15924,-0.862722
3.49507,-1.18162,-0.863435
3.47582,-1.19893,-0.860343
3.46015,-1.21734,-0.858203
3.44256,-1.23494,-0.855586
3.43218,-1.25504,-0.854873
3.43624,-1.28048,-0.857965
3.42469,-1.30017,-0.857013
3.42843,-1.3257,-0.860105
3.42113,-1.34707,-0.860343
3.40829,-1.36623,-0.859154
3.39355,-1.38455,-0.857489
3.37243,-1.40014,-0.854159
3.36109,-1.41967,-0.853445
3.35946,-1.44333,-0.855348
3.3541,-1.46548,-0.8563
3.34859,-1.4876,-0.857251
3.33409,-1.50573,-0.855824
3.32744,-1.52737,-0.856538
3.31008,-1.54406,-0.854397
3.29967,-1.56393,-0.854159
3.29263,-1.58541,-0.854873
3.28546,-1.60686,-0.855586
3.27815,-1.62829,-0.8563
3.27937,-1.65405,-0.859392
3.2657,-1.67238,-0.85844
3.26141,-1.69552,-0.860105
3.2604,-1.72048,-0.862722
3.24807,-1.73954,-0.862246
3.23648,-1.75897,-0.862008
3.22478,-1.77833,-0.86177
3.20702,-1.79429,-0.859868
3.19511,-1.81345,-0.85963
3.17971,-1.8306,-0.85844
3.17849,-1.85595,-0.861295
3.16202,-1.87245,-0.859868
3.15214,-1.89282,-0.860343
3.13632,-1.9096,-0.859154
3.12123,-1.92677,-0.858203
3.09782,-1.93867,-0.854873
3.08423,-1.9566,-0.854397
3.0738,-1.97654,-0.854873
3.05917,-1.99377,-0.854159
3.05904,-2.02053,-0.857727
3.04659,-2.03927,-0.857727
3.0316,-2.05629,-0.857013
3.01893,-2.07485,-0.857013
3.00614,-2.09333,-0.857013
2.9861,-2.1067,-0.854873
2.97548,-2.12668,-0.855586
2.96002,-2.14319,-0.854873
2.9476,-2.16188,-0.85511
2.94051,-2.18456,-0.857013
2.93094,-2.20548,-0.858203
2.92199,-2.22695,-0.85963
2.89904,-2.23772,-0.856775
2.88678,-2.25666,-0.857251
2.86679,-2.26951,-0.855348
2.85357,-2.28767,-0.855586
2.83948,-2.30513,-0.855586
2.82378,-2.32128,-0.85511
2.81247,-2.34105,-0.856062
2.79508,-2.35576,-0.85511
2.77392,-2.36719,-0.85297
2.76228,-2.38671,-0.853921
2.75051,-2.40617,-0.854873
2.74297,-2.42944,-0.857251
2.72222,-2.44104,-0.855348
2.69209,-2.44399,-0.850353
2.68563,-2.46834,-0.853208
2.67328,-2.48742,-0.854159
2.66221,-2.50777,-0.855586
2.65169,-2.52875,-0.857251
2.63612,-2.54498,-0.857251
2.62602,-2.56653,-0.859154
2.60815,-2.58055,-0.85844
2.58403,-2.58826,-0.855586
2.56605,-2.60199,-0.854873
2.54258,-2.61003,-0.852256
2.5218,-2.62069,-0.850591
2.50768,-2.63822,-0.851305
2.49211,-2.65427,-0.851543
2.47908,-2.67307,-0.852732
2.46001,-2.68537,-0.85178
2.44935,-2.70689,-0.853921
2.4314,-2.72042,-0.853445
2.41531,-2.73602,-0.853683
2.39273,-2.7442,-0.851543
2.37901,-2.76251,-0.852732
2.36894,-2.78519,-0.855348
2.34868,-2.79595,-0.854159
2.3321,-2.81106,-0.854397
2.31974,-2.83133,-0.8563
2.30171,-2.84475,-0.856062
2.28603,-2.8611,-0.856775
2.26964,-2.87659,-0.857251
2.25553,-2.89506,-0.858678
2.24128,-2.91347,-0.860105
2.22688,-2.9318,-0.861533
2.21177,-2.9493,-0.862722
2.19247,-2.96125,-0.862246
2.16967,-2.96838,-0.860343
2.14801,-2.97691,-0.858916
2.12688,-2.98608,-0.857727
2.10852,-2.99907,-0.857727
2.09451,-3.01833,-0.85963
2.0754,-3.03033,-0.859392
2.05731,-3.04381,-0.85963
2.02943,-3.04264,-0.855586
2.00592,-3.04774,-0.853445
1.98771,-3.0608,-0.853683
1.9626,-3.06313,-0.850829
1.94688,-3.08004,-0.852256
1.92949,-3.0944,-0.85297
1.91505,-3.11362,-0.85511
1.89994,-3.13196,-0.857013
1.88418,-3.14939,-0.858678
1.87173,-3.1726,-0.862008
1.30346,-2.24136,-0.594897
1.25197,-2.1836,-0.576344
1.23663,-2.18786,-0.575392
1.80041,-3.23031,-0.865576
1.77447,-3.23023,-0.862484
1.74906,-3.23081,-0.85963
1.72417,-3.23205,-0.857013
1.70024,-3.23483,-0.854873
1.68081,-3.24607,-0.85511
1.65821,-3.25113,-0.853683
1.64128,-3.26732,-0.855348
1.62336,-3.28168,-0.856538
1.61809,-3.32214,-0.864863
1.58759,-3.31098,-0.859154
1.56226,-3.31012,-0.8563
1.5583,-3.35488,-0.865814
1.52031,-3.3264,-0.855586
1.49708,-3.32946,-0.853921
1.47938,-3.3448,-0.855586
1.46581,-3.36985,-0.859868
1.44548,-3.37967,-0.860105
1.4364,-3.41623,-0.867479
1.40798,-3.40703,-0.862722
1.38778,-3.4174,-0.863198
1.36643,-3.42495,-0.86296
1.34574,-3.43418,-0.863198
1.33163,-3.4605,-0.867955
0,0,0
0,0,0
1.26438,-3.47529,-0.865576
1.24467,-3.48756,-0.866765
1.22453,-3.4988,-0.867717
1.19704,-3.48879,-0.863198
0,0,0
0,0,0
0,0,0
1.10374,-3.49397,-0.857251
0,0,0
1.06698,-3.5277,-0.862484
0,0,0
1.02091,-3.5312,-0.860105
0,0,0
0,0,0
0.947896,-3.52032,-0.852732
0,0,0
0,0,0
0,0,0
0,0,0
0,0,0
0,0,0
0,0,0
0,0,0
0,0,0
0,0,0
0,0,0
0,0,0
0,0,0
0,0,0
0,0,0
0,0,0
0,0,0
0,0,0
0,0,0
0,0,0
0,0,0
0,0,0
0,0,0
0,0,0
0,0,0
0,0,0
0,0,0
0,0,0
0,0,0
0,0,0
0,0,0
0,0,0
0,0,0
0,0,0
0,0,0
0,0,0
0,0,0
0,0,0
0,0,0
0,0,0
0,0,0
0,0,0
0,0,0
0,0,0
0,0,0
0,0,0
0,0,0
0,0,0
0,0,0
0,0,0
0,0,0
0,0,0
0,0,0
0,0,0
0,0,0
0,0,0
0,0,0
0,0,0
0,0,0
0,0,0
0,0,0
0,0,0
0,0,0
0,0,0
0,0,0
0,0,0
0,0,0
0,0,0
0,0,0
0,0,0
0,0,0
0,0,0
0,0,0
0,0,0
0,0,0
0,0,0
0,0,0
0,0,0
0,0,0
0,0,0
0,0,0
0,0,0
0,0,0
0,0,0
0,0,0
0,0,0
0,0,0
0,0,0
0,0,0
0,0,0
0,0,0
0,0,0
0,0,0
0,0,0
0,0,0
0,0,0
0,0,0
0,0,0
0,0,0
0,0,0
0,0,0
0,0,0
0,0,0
0,0,0
0,0,0
0,0,0
0,0,0
0,0,0
0,0,0
0,0,0
0,0,0
0,0,0
0,0,0
0,0,0
0,0,0
0,0,0
0,0,0
0,0,0
0,0,0
0,0,0
0,0,0
0,0,0
0,0,0
0,0,0
0,0,0
0,0,0
0,0,0
0,0,0
0,0,0
0,0,0
0,0,0
0,0,0
0,0,0
0,0,0
0,0,0
0,0,0
0,0,0
0,0,0
0,0,0
0,0,0
0,0,0
0,0,0
0,0,0
0,0,0
0,0,0
0,0,0
0,0,0
0,0,0
0,0,0
0,0,0
0,0,0
0,0,0
0,0,0
0,0,0
0,0,0
0,0,0
0,0,0
0,0,0
0,0,0
0,0,0
0,0,0
0,0,0
0,0,0
0,0,0
0,0,0
0,0,0
0,0,0
0,0,0
0,0,0
0,0,0
0,0,0
0,0,0
0,0,0
0,0,0
0,0,0
0,0,0
0,0,0
0,0,0
0,0,0
0,0,0
0,0,0
0,0,0
0,0,0
0,0,0
0,0,0
0,0,0
0,0,0
0,0,0
0,0,0
0,0,0
0,0,0
0,0,0
0,0,0
0,0,0
0,0,0
0,0,0
0,0,0
0,0,0
0,0,0
0,0,0
0,0,0
0,0,0
0,0,0
0,0,0
0,0,0
0,0,0
0,0,0
0,0,0
0,0,0
0,0,0
0,0,0
0,0,0
0,0,0
0,0,0
0,0,0
0,0,0
0,0,0
0,0,0
0,0,0
0,0,0
0,0,0
0,0,0
0,0,0
0,0,0
0,0,0
0,0,0
0,0,0
0,0,0
0,0,0
0,0,0
0,0,0
0,0,0
0,0,0
0,0,0
0,0,0
0,0,0
0,0,0
0,0,0
0,0,0
0,0,0
0,0,0
0,0,0
0,0,0
0,0,0
0,0,0
0,0,0
0,0,0
0,0,0
0,0,0
0,0,0
0,0,0
0,0,0
0,0,0
0,0,0
0,0,0
0,0,0
0,0,0
0,0,0
0,0,0
0,0,0
0,0,0
0,0,0
0,0,0
0,0,0
0,0,0
0,0,0
0,0,0
0,0,0
0,0,0
0,0,0
0,0,0
0,0,0
0,0,0
0,0,0
0,0,0
0,0,0
0,0,0
0,0,0
0,0,0
0,0,0
0,0,0
0,0,0
0,0,0
0,0,0
0,0,0
0,0,0
0,0,0
0,0,0
0,0,0
0,0,0
0,0,0
0,0,0
0,0,0
0,0,0
0,0,0
0,0,0
0,0,0
0,0,0
0,0,0
0,0,0
0,0,0
0,0,0
0,0,0
0,0,0
0,0,0
0,0,0
0,0,0
0,0,0
0,0,0
0,0,0
0,0,0
0,0,0
0,0,0
0,0,0
0,0,0
0,0,0
0,0,0
0,0,0
0,0,0
0,0,0
0,0,0
0,0,0
0,0,0
0,0,0
0,0,0
0,0,0
0,0,0
0,0,0
0,0,0
0,0,0
0,0,0
0,0,0
0,0,0
0,0,0
0,0,0
0,0,0
0,0,0
0,0,0
0,0,0
0,0,0
0,0,0
0,0,0
0,0,0
0,0,0
0,0,0
0,0,0
0,0,0
0,0,0
0,0,0
0,0,0
0,0,0
0,0,0
0,0,0
0,0,0
0,0,0
0,0,0
0,0,0
0,0,0
0,0,0
0,0,0
0,0,0
0,0,0
0,0,0
0,0,0
0,0,0
0,0,0
0,0,0
0,0,0
0,0,0
0,0,0
0,0,0
0,0,0
0,0,0
0,0,0
0,0,0
0,0,0
0,0,0
0,0,0
0,0,0
0,0,0
0,0,0
0,0,0
0,0,0
0,0,0
0,0,0
0,0,0
0,0,0
0,0,0
0,0,0
0,0,0
0,0,0
0,0,0
0,0,0
0,0,0
0,0,0
0,0,0
0,0,0
0,0,0
0,0,0
0,0,0
0,0,0
0,0,0
0,0,0
0,0,0
0,0,0
0,0,0
0,0,0
0,0,0
0,0,0
0,0,0
0,0,0
0,0,0
0,0,0
0,0,0
0,0,0
0,0,0
0,0,0
0,0,0
0,0,0
0,0,0
0,0,0
0,0,0
0,0,0
0,0,0
0,0,0
0,0,0
0,0,0
0,0,0
0,0,0
0,0,0
0,0,0
0,0,0
0,0,0
0,0,0
0,0,0
0,0,0
0,0,0
0,0,0
0,0,0
0,0,0
0,0,0
0,0,0
0,0,0
0,0,0
0,0,0
0,0,0
0,0,0
0,0,0
0,0,0
0,0,0
0,0,0
0,0,0
0,0,0
0,0,0
0,0,0
0,0,0
0,0,0
0,0,0
0,0,0
0,0,0
0,0,0
0,0,0
0,0,0
0,0,0
0,0,0
0,0,0
0,0,0
0,0,0
0,0,0
0,0,0
0,0,0
0,0,0
0,0,0
0,0,0
0,0,0
0,0,0
0,0,0
0,0,0
0,0,0
0,0,0
0,0,0
0,0,0
0,0,0
0,0,0
0,0,0
0,0,0
0,0,0
0,0,0
0,0,0
0,0,0
0,0,0
0,0,0
0,0,0
0,0,0
0,0,0
0,0,0
0,0,0
0,0,0
0,0,0
0,0,0
0,0,0
0,0,0
0,0,0
0,0,0
0,0,0
0,0,0
0,0,0
0,0,0
0,0,0
0,0,0
0,0,0
0,0,0
0,0,0
0,0,0
0,0,0
0,0,0
0,0,0
0,0,0
0,0,0
0,0,0
0,0,0
0,0,0
0,0,0
0,0,0
0,0,0
0,0,0
0,0,0
0,0,0
0,0,0
0,0,0
0,0,0
0,0,0
0,0,0
0,0,0
0,0,0
0,0,0
0,0,0
0,0,0
0,0,0
0,0,0
0,0,0
0,0,0
0,0,0
0,0,0
0,0,0
0,0,0
0,0,0
0,0,0
0,0,0
0,0,0
0,0,0
0,0,0
0,0,0
0,0,0
0,0,0
0,0,0
0,0,0
0,0,0
0,0,0
0,0,0
0,0,0
0,0,0
0,0,0
0,0,0
0,0,0
0,0,0
0,0,0
0,0,0
0,0,0
0,0,0
0,0,0
0,0,0
0,0,0
0,0,0
0,0,0
0,0,0
0,0,0
0,0,0
0,0,0
0,0,0
0,0,0
0,0,0
0,0,0
0,0,0
0,0,0
0,0,0
0,0,0
0,0,0
0,0,0
0,0,0
0,0,0
0,0,0
1.23074,3.57188,-0.92978
0,0,0
1.28984,3.59936,-0.941468
0,0,0
0,0,0
0,0,0
0,0,0
1.39326,3.54188,-0.936992
1.40848,3.51708,-0.932515
1.42967,3.50747,-0.932267
0,0,0
1.47788,3.50215,-0.935748
1.49667,3.48679,-0.934007
1.51842,3.47843,-0.934256
1.53659,3.46196,-0.932267
1.56019,3.45777,-0.933759
1.58017,3.44549,-0.933013
1.60292,3.43924,-0.934007
1.62565,3.43284,-0.935002
1.6492,3.42804,-0.936494
1.6634,3.40393,-0.932515
1.68382,3.39279,-0.932267
1.70374,3.38067,-0.931769
1.72445,3.37015,-0.931769
1.74643,3.36208,-0.932515
1.76251,3.34274,-0.930028
1.78345,3.33271,-0.930277
1.7997,3.31405,-0.928039
1.81299,3.29022,-0.924309
1.83031,3.27396,-0.922816
1.84797,3.25846,-0.921573
1.86745,3.24622,-0.921324
1.8888,3.23721,-0.92207
1.9101,3.22806,-0.922816
1.93087,3.21794,-0.923314
1.94907,3.20355,-0.922568
1.96716,3.18905,-0.921822
1.98053,3.16707,-0.918837
1.99837,3.1524,-0.918091
2.01663,3.13845,-0.917594
2.03796,3.12927,-0.918589
2.05819,3.11832,-0.919086
2.07459,3.10161,-0.917843
2.09304,3.08802,-0.917594
2.10866,3.07033,-0.916102
2.12414,3.05256,-0.91461
2.14004,3.03551,-0.913366
2.15637,3.01917,-0.912371
2.16861,2.99725,-0.909636
2.18982,2.98779,-0.910879
2.20234,2.96652,-0.908392
2.22108,2.95373,-0.908641
2.23682,2.93696,-0.907646
2.25243,2.92012,-0.906652
2.27209,2.90853,-0.907398
2.2899,2.89453,-0.907398
2.30883,2.88194,-0.907895
2.32341,2.86396,-0.906652
2.33418,2.84142,-0.903916
2.34785,2.82257,-0.902424
2.3645,2.80737,-0.902175
2.37666,2.78692,-0.900186
2.39371,2.77228,-0.900186
2.41323,2.76046,-0.90118
2.42306,2.73762,-0.898445
2.43981,2.7227,-0.898445
2.45647,2.70768,-0.898445
2.47173,2.69113,-0.897947
2.49083,2.67875,-0.898942
2.50656,2.66271,-0.898694
2.5175,2.64167,-0.896704
2.53299,2.62548,-0.896455
2.54431,2.60504,-0.894714
2.55821,2.58731,-0.893968
2.57678,2.5743,-0.894963
2.59183,2.55776,-0.894714
2.60748,2.54181,-0.894714
2.61884,2.52174,-0.893222
2.63005,2.50161,-0.89173
2.639,2.47946,-0.889492
2.65132,2.46059,-0.888497
2.66637,2.44427,-0.888497
2.67701,2.42397,-0.887005
2.69617,2.41137,-0.888497
2.70946,2.3935,-0.888
2.72628,2.37874,-0.888746
2.74156,2.3626,-0.888995
2.75822,2.34761,-0.889741
2.77183,2.33002,-0.889492
2.78757,2.31421,-0.889989
2.80021,2.29583,-0.889492
2.81199,2.27678,-0.888746
2.82591,2.25948,-0.888746
2.83972,2.2421,-0.888746
2.85571,2.22642,-0.889492
2.86318,2.20413,-0.887502
2.87125,2.18242,-0.885762
2.87529,2.15778,-0.882777
2.8768,2.13145,-0.879047
2.88983,2.11376,-0.879047
2.90588,2.09826,-0.880042
2.92659,2.08601,-0.882529
2.94884,2.0747,-0.885513
2.9655,2.05933,-0.886756
2.97967,2.04219,-0.887254
2.98493,2.01898,-0.885016
2.99323,1.99794,-0.883772
3.00705,1.9806,-0.884269
3.01265,1.95789,-0.88228
3.02379,1.93885,-0.882031
3.03972,1.92285,-0.883275
3.03996,1.89698,-0.879793
3.05649,1.88134,-0.881285
3.05887,1.85702,-0.87855
3.06855,1.83722,-0.878052
3.07976,1.81836,-0.878052
3.08919,1.79845,-0.877555
3.10772,1.7838,-0.879793
3.1203,1.76566,-0.88029
3.13953,1.75119,-0.882777
3.15701,1.73563,-0.884767
3.16249,1.71346,-0.883275
3.1738,1.69448,-0.883523
3.17985,1.67272,-0.88228
3.18575,1.65095,-0.881037
3.19323,1.63005,-0.88029
3.19452,1.60607,-0.877804
3.20431,1.58644,-0.877804
3.20528,1.56251,-0.875317
3.21306,1.54197,-0.874819
3.22597,1.52388,-0.875814
3.23086,1.50202,-0.874571
3.24266,1.48338,-0.875317
3.25082,1.46305,-0.875068
3.25176,1.43955,-0.87283
3.25965,1.41918,-0.872581
3.26028,1.39573,-0.870343
3.26432,1.37382,-0.869099
3.27358,1.35413,-0.869348
3.28721,1.33621,-0.87084
3.29625,1.31637,-0.871089
3.31058,1.2986,-0.87283
3.33114,1.28313,-0.876311
3.34529,1.26507,-0.878052
3.35571,1.24553,-0.878798
3.35965,1.22359,-0.877804
3.36618,1.20263,-0.877555
3.3671,1.17971,-0.875814
3.37153,1.15808,-0.875068
3.37673,1.13675,-0.874571
3.37629,1.11359,-0.872581
3.37107,1.08898,-0.869348
3.38416,1.07032,-0.871089
3.38603,1.0481,-0.869845
3.3924,1.02731,-0.869845
3.40514,1.0084,-0.871586
3.41127,0.987484,-0.871586
3.42378,0.968379,-0.873327
3.439,0.949931,-0.875814
3.4457,0.929063,-0.876063
3.45414,0.908643,-0.876809
3.45778,0.88695,-0.876311
3.45564,0.863838,-0.874322
3.45711,0.841703,-0.873327
3.45184,0.818019,-0.870592
3.45019,0.795301,-0.868851
3.45878,0.774963,-0.869845
3.46347,0.753726,-0.869845
3.46993,0.73286,-0.870343
3.47721,0.712138,-0.871089
3.48056,0.6906,-0.87084
3.48854,0.669961,-0.871835
3.49544,0.649073,-0.872581
3.50126,0.627955,-0.873078
3.4936,0.60448,-0.870094
3.49724,0.583032,-0.870094
3.51223,0.563402,-0.873078
3.507,0.540514,-0.87084
3.51792,0.520118,-0.87283
3.52584,0.499201,-0.874073
3.51156,0.475221,-0.869597
0,0,0
0,0,0
0,0,0
3.51157,0.387732,-0.866861
3.51581,0.366379,-0.867359
3.52281,0.345271,-0.868602
3.53934,0.324976,-0.872332
3.55863,0.304738,-0.876809
3.57589,0.284123,-0.880788
3.58239,0.26253,-0.882031
3.5849,0.240608,-0.88228
3.58148,0.218313,-0.881037
3.57791,0.196069,-0.879793
3.57905,0.174112,-0.879793
3.55682,0.151163,-0.873824
3.5722,0.129863,-0.877555
3.58261,0.108233,-0.880042
3.58515,0.0862947,-0.880539
3.58464,0.0642778,-0.88029
1.50459,0.0179759,-0.346105
1.50758,0.00875966,-0.346851
1.47468,-0.000471449,-0.338395
1.43106,-0.00922676,-0.327204
3.56943,-0.0455114,-0.876311
3.55649,-0.0671729,-0.873078
3.5444,-0.0887018,-0.870094
3.53798,-0.110266,-0.868602
3.53239,-0.131792,-0.867359
1.49458,-0.0647185,-0.343866
0,0,0
1.44822,-0.080515,-0.332178
3.54356,-0.219401,-0.871338
3.54505,-0.241337,-0.872084
3.53867,-0.262726,-0.87084
3.53892,-0.284589,-0.871338
3.53325,-0.305964,-0.870343
3.52745,-0.327279,-0.869348
3.5273,-0.349108,-0.869845
3.52702,-0.370947,-0.870343
3.53045,-0.393226,-0.871835
3.51643,-0.413522,-0.868851
3.50806,-0.434376,-0.867359
3.49188,-0.454142,-0.863877
3.48519,-0.475036,-0.862882
3.47934,-0.496001,-0.862136
3.46952,-0.516342,-0.860395
3.47011,-0.538215,-0.86139
3.45719,-0.557953,-0.858903
3.46229,-0.580598,-0.861141
3.4558,-0.601333,-0.860395
3.44919,-0.62201,-0.859649
3.43769,-0.641739,-0.85766
3.43559,-0.663188,-0.858157
3.43146,-0.684256,-0.858157
3.4215,-0.704126,-0.856665
3.42185,-0.726112,-0.857908
3.41544,-0.746681,-0.857411
3.40796,-0.766985,-0.856665
3.40602,-0.788537,-0.857411
3.39547,-0.808075,-0.855919
3.39609,-0.830275,-0.857411
3.39375,-0.851805,-0.858157
3.39315,-0.873821,-0.8594
3.38866,-0.894872,-0.859649
3.38497,-0.916154,-0.860147
3.38022,-0.937165,-0.860395
3.39956,-0.965032,-0.86711
3.36568,-0.977764,-0.859649
3.3624,-0.999225,-0.860395
3.34508,-1.01646,-0.857411
3.34526,-1.03897,-0.859152
3.33513,-1.05831,-0.858157
3.32581,-1.07786,-0.857411
3.32097,-1.09885,-0.857908
3.31141,-1.11828,-0.857162
3.30724,-1.13952,-0.857908
3.29744,-1.15883,-0.857162
3.28662,-1.17773,-0.856167
3.28115,-1.19854,-0.856665
3.27555,-1.21933,-0.857162
3.26529,-1.23837,-0.856416
3.25673,-1.25804,-0.856167
3.24534,-1.27658,-0.855173
3.23745,-1.29647,-0.855173
3.23033,-1.31667,-0.855421
3.21414,-1.33313,-0.853183
3.205,-1.35245,-0.852935
3.19665,-1.37209,-0.852935
3.19083,-1.39284,-0.853681
3.18134,-1.412,-0.853432
3.17085,-1.4307,-0.852935
3.16201,-1.45012,-0.852935
3.15042,-1.46827,-0.852188
3.13697,-1.4855,-0.850945
3.13653,-1.50892,-0.853432
3.12286,-1.52601,-0.852188
3.12385,-1.55031,-0.855173
3.11947,-1.57207,-0.856665
3.11925,-1.59603,-0.8594
3.11283,-1.61693,-0.860395
3.10799,-1.63871,-0.861887
3.10813,-1.66323,-0.864872
3.09616,-1.68135,-0.864374
3.09003,-1.70265,-0.865618
3.07191,-1.71732,-0.86338
3.05374,-1.73184,-0.861141
3.0355,-1.7462,-0.858903
3.01803,-1.76088,-0.856914
3.00384,-1.7774,-0.855919
2.99287,-1.79579,-0.855919
2.97849,-1.81211,-0.854924
2.96567,-1.82933,-0.854427
2.95849,-1.85006,-0.85567
2.94218,-1.86507,-0.854178
2.93394,-1.88518,-0.855173
2.92718,-1.90632,-0.856665
2.90654,-1.91838,-0.853929
2.89793,-1.93833,-0.854924
2.88118,-1.95281,-0.853432
2.86994,-1.971,-0.853681
2.86176,-1.99134,-0.854924
2.84158,-2.00328,-0.852437
2.83554,-2.02518,-0.854427
2.83326,-2.04993,-0.85766
2.8175,-2.06498,-0.856665
2.80478,-2.08223,-0.856665
2.78963,-2.09766,-0.855919
2.76823,-2.10828,-0.853183
2.75677,-2.12641,-0.853681
2.74291,-2.14268,-0.853432
2.73047,-2.16008,-0.853681
2.72397,-2.18224,-0.855919
2.71504,-2.20257,-0.857411
2.70447,-2.22165,-0.858406
2.68557,-2.23387,-0.856665
2.6733,-2.25155,-0.857162
2.65869,-2.26728,-0.856914
2.6374,-2.27722,-0.854427
2.61682,-2.28763,-0.852188
2.60708,-2.30749,-0.853681
2.59143,-2.32215,-0.853183
2.57785,-2.33866,-0.853432
2.56916,-2.35968,-0.855421
2.55747,-2.37803,-0.856416
2.54495,-2.39567,-0.857162
2.533,-2.41392,-0.858157
2.51326,-2.42471,-0.856416
2.49695,-2.43873,-0.855919
2.47643,-2.44855,-0.853929
2.45863,-2.46096,-0.852935
2.44212,-2.47462,-0.852437
2.42689,-2.48956,-0.852437
2.41493,-2.50789,-0.853681
2.39949,-2.52266,-0.853681
2.38861,-2.54228,-0.855421
2.37824,-2.56257,-0.857411
2.36051,-2.57497,-0.856665
2.34726,-2.59228,-0.85766
2.32937,-2.60447,-0.856914
2.31078,-2.61581,-0.855919
2.29151,-2.62629,-0.854675
2.27282,-2.63736,-0.853681
2.25408,-2.64831,-0.852686
2.24091,-2.6658,-0.853929
2.22327,-2.67801,-0.853432
2.19759,-2.68036,-0.849702
2.19085,-2.70584,-0.853681
2.17602,-2.7215,-0.854427
2.16048,-2.73632,-0.854924
2.15318,-2.76175,-0.858903
2.13442,-2.77261,-0.858157
2.12088,-2.79028,-0.859649
2.10198,-2.80092,-0.858903
2.08014,-2.80753,-0.856914
2.0623,-2.81946,-0.856665
2.03703,-2.82107,-0.853183
2.01856,-2.83194,-0.852686
1.99947,-2.84189,-0.85194
1.98255,-2.8549,-0.852188
1.96499,-2.86701,-0.852188
1.95225,-2.88624,-0.854427
1.93665,-2.90139,-0.855421
1.91934,-2.91402,-0.85567
1.89932,-2.9225,-0.854675
1.87926,-2.93083,-0.853681
1.85503,-2.93249,-0.850696
1.83802,-2.94546,-0.851194
1.82093,-2.95833,-0.851691
1.80224,-2.96862,-0.851442
1.78748,-2.98544,-0.853183
1.76863,-2.99552,-0.852935
1.26007,-2.16417,-0.602753
1.24339,-2.16598,-0.601012
1.23294,-2.17863,-0.602504
1.24408,-2.23014,-0.615436
1.68291,-3.06109,-0.856665
1.65487,-3.05433,-0.851691
1.63975,-3.07126,-0.853681
1.61997,-3.07955,-0.853183
1.59748,-3.08255,-0.851194
1.58206,-3.09919,-0.853183
1.56127,-3.10538,-0.852188
1.54305,-3.11664,-0.852686
1.52389,-3.12605,-0.852686
1.5051,-3.13621,-0.852935
1.48583,-3.14539,-0.852935
1.47059,-3.16323,-0.855421
1.45075,-3.17131,-0.855173
1.43245,-3.18281,-0.855919
1.40937,-3.18356,-0.853681
1.39329,-3.20014,-0.855919
1.37248,-3.20596,-0.855173
1.35166,-3.21164,-0.854427
1.33378,-3.22435,-0.85567
1.31543,-3.23607,-0.856665
1.29878,-3.25217,-0.858903
1.28445,-3.27451,-0.862882
1.26399,-3.28142,-0.862633
1.24623,-3.29546,-0.864374
0,0,0
1.21033,-3.32325,-0.867856
1.19057,-3.33243,-0.868353
1.16946,-3.33785,-0.867856
1.14424,-3.33122,-0.864126
1.12347,-3.33726,-0.863877
1.10449,-3.34869,-0.86512
1.07975,-3.3425,-0.861639
1.05484,-3.33521,-0.857908
0,0,0
0,0,0
0,0,0
0,0,0
0.956258,-3.38091,-0.861887
0.93137,-3.37178,-0.857908
0,0,0
0,0,0
0,0,0
0,0,0
0,0,0
0,0,0
0,0,0
0,0,0
0,0,0
0,0,0
0,0,0
0,0,0
0,0,0
0,0,0
0,0,0
0,0,0
0,0,0
0,0,0
0,0,0
0,0,0
0,0,0
0,0,0
0,0,0
0,0,0
0,0,0
0,0,0
0,0,0
0,0,0
0,0,0
0,0,0
0,0,0
0,0,0
0,0,0
0,0,0
0,0,0
0,0,0
0,0,0
0,0,0
0,0,0
0,0,0
0,0,0
0,0,0
0,0,0
0,0,0
0,0,0
0,0,0
0,0,0
0,0,0
0,0,0
0,0,0
0,0,0
0,0,0
0,0,0
0,0,0
0,0,0
0,0,0
0,0,0
0,0,0
0,0,0
0,0,0
0,0,0
0,0,0
0,0,0
0,0,0
0,0,0
0,0,0
0,0,0
0,0,0
0,0,0
0,0,0
0,0,0
0,0,0
0,0,0
0,0,0
0,0,0
0,0,0
0,0,0
0,0,0
0,0,0
0,0,0
0,0,0
0,0,0
0,0,0
0,0,0
0,0,0
0,0,0
0,0,0
0,0,0
0,0,0
0,0,0
0,0,0
0,0,0
0,0,0
0,0,0
0,0,0
0,0,0
0,0,0
0,0,0
0,0,0
0,0,0
0,0,0
0,0,0
0,0,0
0,0,0
0,0,0
0,0,0
0,0,0
0,0,0
0,0,0
0,0,0
0,0,0
0,0,0
0,0,0
0,0,0
0,0,0
0,0,0
0,0,0
0,0,0
0,0,0
0,0,0
0,0,0
0,0,0
0,0,0
0,0,0
0,0,0
0,0,0
0,0,0
0,0,0
0,0,0
0,0,0
0,0,0
0,0,0
0,0,0
0,0,0
0,0,0
0,0,0
0,0,0
0,0,0
0,0,0
0,0,0
0,0,0
0,0,0
0,0,0
0,0,0
0,0,0
0,0,0
0,0,0
0,0,0
0,0,0
0,0,0
0,0,0
0,0,0
0,0,0
0,0,0
0,0,0
0,0,0
0,0,0
0,0,0
0,0,0
0,0,0
0,0,0
0,0,0
0,0,0
0,0,0
0,0,0
0,0,0
0,0,0
0,0,0
0,0,0
0,0,0
0,0,0
0,0,0
0,0,0
0,0,0
0,0,0
0,0,0
0,0,0
0,0,0
0,0,0
0,0,0
0,0,0
0,0,0
0,0,0
0,0,0
0,0,0
0,0,0
0,0,0
0,0,0
0,0,0
0,0,0
0,0,0
0,0,0
0,0,0
0,0,0
0,0,0
0,0,0
0,0,0
0,0,0
0,0,0
0,0,0
0,0,0
0,0,0
0,0,0
0,0,0
0,0,0
0,0,0
0,0,0
0,0,0
0,0,0
0,0,0
0,0,0
0,0,0
0,0,0
0,0,0
0,0,0
0,0,0
0,0,0
0,0,0
0,0,0
0,0,0
0,0,0
0,0,0
0,0,0
0,0,0
0,0,0
0,0,0
0,0,0
0,0,0
0,0,0
0,0,0
0,0,0
0,0,0
0,0,0
0,0,0
0,0,0
0,0,0
0,0,0
0,0,0
0,0,0
0,0,0
0,0,0
0,0,0
0,0,0
0,0,0
0,0,0
0,0,0
0,0,0
0,0,0
0,0,0
0,0,0
0,0,0
0,0,0
0,0,0
0,0,0
0,0,0
0,0,0
0,0,0
0,0,0
0,0,0
0,0,0
0,0,0
0,0,0
0,0,0
0,0,0
0,0,0
0,0,0
0,0,0
0,0,0
0,0,0
0,0,0
0,0,0
0,0,0
0,0,0
0,0,0
0,0,0
0,0,0
0,0,0
0,0,0
0,0,0
0,0,0
0,0,0
0,0,0
0,0,0
0,0,0
0,0,0
0,0,0
0,0,0
0,0,0
0,0,0
0,0,0
0,0,0
0,0,0
0,0,0
0,0,0
0,0,0
0,0,0
0,0,0
0,0,0
0,0,0
0,0,0
0,0,0
0,0,0
0,0,0
0,0,0
0,0,0
0,0,0
0,0,0
0,0,0
0,0,0
0,0,0
0,0,0
0,0,0
0,0,0
0,0,0
0,0,0
0,0,0
0,0,0
0,0,0
0,0,0
0,0,0
0,0,0
0,0,0
0,0,0
0,0,0
0,0,0
0,0,0
0,0,0
0,0,0
0,0,0
0,0,0
0,0,0
0,0,0
0,0,0
0,0,0
0,0,0
0,0,0
0,0,0
0,0,0
0,0,0
0,0,0
0,0,0
0,0,0
0,0,0
0,0,0
0,0,0
0,0,0
0,0,0
0,0,0
0,0,0
0,0,0
0,0,0
0,0,0
0,0,0
0,0,0
0,0,0
0,0,0
0,0,0
0,0,0
0,0,0
0,0,0
0,0,0
0,0,0
0,0,0
0,0,0
0,0,0
0,0,0
0,0,0
0,0,0
0,0,0
0,0,0
0,0,0
0,0,0
0,0,0
0,0,0
0,0,0
0,0,0
0,0,0
0,0,0
0,0,0
0,0,0
0,0,0
0,0,0
0,0,0
0,0,0
0,0,0
0,0,0
0,0,0
0,0,0
0,0,0
0,0,0
0,0,0
0,0,0
0,0,0
0,0,0
0,0,0
0,0,0
0,0,0
0,0,0
0,0,0
0,0,0
0,0,0
0,0,0
0,0,0
0,0,0
0,0,0
0,0,0
0,0,0
0,0,0
0,0,0
0,0,0
0,0,0
0,0,0
0,0,0
0,0,0
0,0,0
0,0,0
0,0,0
0,0,0
0,0,0
0,0,0
0,0,0
0,0,0
0,0,0
0,0,0
0,0,0
0,0,0
0,0,0
0,0,0
0,0,0
0,0,0
0,0,0
0,0,0
0,0,0
0,0,0
0,0,0
0,0,0
0,0,0
0,0,0
0,0,0
0,0,0
0,0,0
0,0,0
0,0,0
0,0,0
0,0,0
0,0,0
0,0,0
0,0,0
0,0,0
0,0,0
0,0,0
0,0,0
0,0,0
0,0,0
0,0,0
0,0,0
0,0,0
0,0,0
0,0,0
0,0,0
0,0,0
0,0,0
0,0,0
0,0,0
0,0,0
0,0,0
0,0,0
0,0,0
0,0,0
0,0,0
0,0,0
0,0,0
0,0,0
0,0,0
0,0,0
0,0,0
0,0,0
0,0,0
0,0,0
0,0,0
0,0,0
0,0,0
0,0,0
0,0,0
0,0,0
0,0,0
0,0,0
0,0,0
0,0,0
0,0,0
0,0,0
0,0,0
0,0,0
0,0,0
0,0,0
0,0,0
0,0,0
0,0,0
0,0,0
0,0,0
0,0,0
0,0,0
0,0,0
0,0,0
0,0,0
0,0,0
0,0,0
0,0,0
0,0,0
0,0,0
0,0,0
0,0,0
0,0,0
0,0,0
0,0,0
0,0,0
0,0,0
0,0,0
0,0,0
0,0,0
0,0,0
0,0,0
0,0,0
0,0,0
0,0,0
0,0,0
0,0,0
0,0,0
0,0,0
0,0,0
0,0,0
0,0,0
0,0,0
0,0,0
0,0,0
0,0,0
0,0,0
0,0,0
0,0,0
0,0,0
0,0,0
0,0,0
0,0,0
0,0,0
0,0,0
0,0,0
0,0,0
0,0,0
0,0,0
0,0,0
0,0,0
0,0,0
0,0,0
0,0,0
0,0,0
0,0,0
0,0,0
0,0,0
0,0,0
0,0,0
0,0,0
0,0,0
0,0,0
0,0,0
0,0,0
0,0,0
0,0,0
0,0,0
0,0,0
0,0,0
0,0,0
0,0,0
0,0,0
0,0,0
0,0,0
0,0,0
0,0,0
0,0,0
0,0,0
0,0,0
0,0,0
0,0,0
0,0,0
0,0,0
0,0,0
0,0,0
0,0,0
0,0,0
0,0,0
0,0,0
0,0,0
0,0,0
0,0,0
0,0,0
0,0,0
0,0,0
0,0,0
0,0,0
0,0,0
0,0,0
0,0,0
0,0,0
0,0,0
0,0,0
0,0,0
0,0,0
0,0,0
0,0,0
0,0,0
0,0,0
0,0,0
0,0,0
0,0,0
0,0,0
0,0,0
0,0,0
0,0,0
0,0,0
0,0,0
0,0,0
0,0,0
0,0,0
0,0,0
1.1543,3.4805,-0.946926
1.17192,3.46238,-0.943806
1.19031,3.4469,-0.941467
1.21368,3.44591,-0.943286
1.23382,3.43567,-0.942506
1.25355,3.42441,-0.941467
1.27522,3.41846,-0.941987
1.2924,3.40065,-0.939126
1.31011,3.38455,-0.936787
1.33014,3.37465,-0.936267
1.3519,3.36911,-0.937047
1.36963,3.3536,-0.934967
1.39055,3.34602,-0.935227
1.41707,3.35166,-0.939386
1.43761,3.3429,-0.939386
1.45809,3.33402,-0.939386
1.47852,3.32501,-0.939386
1.49492,3.30708,-0.936787
1.50833,3.28292,-0.932367
1.53294,3.28323,-0.935227
1.55223,3.27202,-0.934707
0,0,0
0,0,0
1.60962,3.2377,-0.933147
1.63206,3.23294,-0.934707
1.65011,3.21943,-0.933667
1.66716,3.2041,-0.932107
1.68453,3.18954,-0.930807
1.70681,3.18425,-0.932367
1.72493,3.17117,-0.931587
1.74482,3.16138,-0.931847
1.75381,3.13207,-0.926127
1.7749,3.12461,-0.927167
1.79886,3.12203,-0.929767
1.82042,3.1151,-0.931067
1.84344,3.11052,-0.933147
1.85901,3.09336,-0.931327
1.87745,3.08107,-0.931067
1.89074,3.06045,-0.928207
1.90282,3.03815,-0.924827
1.91936,3.02316,-0.923787
1.93213,3.00239,-0.920927
1.94682,2.98481,-0.919107
1.96191,2.96798,-0.917547
1.97686,2.95107,-0.915987
1.99493,2.93888,-0.915987
2.01457,2.92898,-0.916767
2.03084,2.91418,-0.915987
2.04813,2.90088,-0.915727
2.06589,2.88826,-0.915727
2.08471,2.87709,-0.916247
2.09661,2.85646,-0.913647
2.10834,2.83579,-0.911047
2.12222,2.81817,-0.909487
2.13478,2.79895,-0.907407
2.15015,2.78351,-0.906627
2.16778,2.77102,-0.906887
2.18594,2.75918,-0.907407
2.20042,2.7427,-0.906367
2.21842,2.73065,-0.906887
2.23636,2.71848,-0.907407
2.24682,2.69728,-0.904807
2.26519,2.68566,-0.905587
2.27787,2.66731,-0.904027
2.28914,2.64743,-0.901947
2.3028,2.63043,-0.900907
2.31762,2.61481,-0.900387
2.32782,2.59407,-0.898047
2.34693,2.58331,-0.899347
2.36339,2.56957,-0.899607
2.37846,2.55431,-0.899347
2.39872,2.54459,-0.901167
2.41029,2.52563,-0.899607
2.42977,2.51496,-0.901167
2.4411,2.49586,-0.899607
2.4523,2.47672,-0.898047
2.4654,2.45958,-0.897267
2.47769,2.4417,-0.896227
2.48917,2.42308,-0.894927
2.49981,2.40374,-0.893367
2.50962,2.3837,-0.891547
2.5256,2.36958,-0.892067
2.53443,2.34879,-0.889987
2.55805,2.34167,-0.893367
2.57022,2.32399,-0.892587
2.5866,2.3101,-0.893367
2.60289,2.2961,-0.894147
2.6213,2.2839,-0.895707
2.63307,2.26588,-0.894927
2.65134,2.25343,-0.896487
2.66881,2.24023,-0.897787
2.68028,2.22196,-0.897007
2.69386,2.20547,-0.897007
2.70734,2.1889,-0.897007
2.71997,2.17165,-0.896747
2.73021,2.15253,-0.895707
2.73041,2.12564,-0.891287
2.73652,2.10355,-0.888947
2.74937,2.08672,-0.888947
2.76135,2.06923,-0.888687
2.78176,2.058,-0.891287
2.79277,2.03975,-0.890767
2.80289,2.02088,-0.889987
2.81838,2.00588,-0.891027
2.83064,1.98855,-0.891027
2.83564,1.96619,-0.888687
2.84606,1.94767,-0.888167
2.86196,1.93287,-0.889467
2.86734,1.91099,-0.887387
2.87417,1.89017,-0.885827
2.88895,1.8746,-0.886867
2.89471,1.8532,-0.885047
2.90358,1.83385,-0.884267
2.91805,1.81804,-0.885307
2.92504,1.79758,-0.884007
2.93932,1.7816,-0.885047
2.95102,1.76402,-0.885307
2.95763,1.74343,-0.884007
2.97161,1.72719,-0.885047
2.98383,1.70989,-0.885567
2.99595,1.6925,-0.886087
3.00628,1.67408,-0.886087
3.0148,1.65468,-0.885567
3.02744,1.63752,-0.886347
3.03743,1.61892,-0.886347
3.04645,1.5998,-0.886087
3.05107,1.57841,-0.884527
3.05898,1.55879,-0.884007
3.05985,1.53565,-0.881407
3.06489,1.51471,-0.880107
3.075,1.4963,-0.880367
3.07628,1.47364,-0.878027
3.09051,1.45721,-0.879587
3.10114,1.43904,-0.880107
3.10025,1.41557,-0.877247
3.11592,1.39968,-0.879327
3.11651,1.37702,-0.876987
3.12578,1.35826,-0.877247
3.14027,1.34171,-0.879067
3.14578,1.3213,-0.878287
3.15561,1.30271,-0.878807
3.16444,1.28368,-0.879067
3.17494,1.26532,-0.879847
3.18355,1.24616,-0.880107
3.19023,1.22626,-0.879847
3.1995,1.20734,-0.880367
3.20685,1.18769,-0.880367
3.20954,1.16634,-0.879067
3.213,1.14533,-0.878027
3.22544,1.1275,-0.879587
3.23229,1.10769,-0.879587
3.23994,1.08815,-0.879847
3.24564,1.06794,-0.879587
3.24754,1.04653,-0.878287
3.24653,1.02425,-0.876207
3.24999,1.00346,-0.875427
3.25424,0.982938,-0.874907
3.25743,0.962131,-0.874127
3.27348,0.945075,-0.876987
3.28386,0.926284,-0.878287
3.28203,0.904063,-0.876207
3.30244,0.887925,-0.880367
3.29662,0.864701,-0.877247
3.29064,0.841582,-0.874127
3.28637,0.819037,-0.871527
0,0,0
0,0,0
3.30183,0.758623,-0.871787
3.30359,0.737717,-0.871007
0,0,0
3.32279,0.699312,-0.873867
3.33364,0.680265,-0.875687
3.33491,0.659234,-0.874907
3.337,0.638396,-0.874387
3.34845,0.619316,-0.876467
3.34458,0.597398,-0.874387
3.34438,0.576207,-0.873347
3.35071,0.556151,-0.874127
3.34357,0.533903,-0.871267
3.34583,0.51323,-0.871007
3.35942,0.49424,-0.873867
3.35761,0.472943,-0.872567
3.36523,0.452978,-0.873867
3.37848,0.433677,-0.876727
3.37725,0.412469,-0.875687
3.37396,0.39107,-0.874127
1.46722,0.160292,-0.356989
1.46914,0.151386,-0.357249
1.48253,0.143588,-0.360629
1.47762,0.133962,-0.359069
1.48322,0.125303,-0.360369
1.48589,0.116352,-0.360889
1.48754,0.107302,-0.361149
1.48528,0.0979802,-0.360369
1.48392,0.0887481,-0.359849
1.48733,0.0797986,-0.360629
1.48586,0.0705779,-0.360109
1.48338,0.0613376,-0.359329
1.47697,0.0519916,-0.357509
1.47436,0.0428417,-0.356729
1.4746,0.0337943,-0.356729
1.47285,0.0247118,-0.356209
1.48746,0.0158395,-0.360109
1.48559,0.00670218,-0.359589
1.48947,-0.00241666,-0.360629
1.4817,-0.0115019,-0.358549
1.47002,-0.0204411,-0.355429
1.48048,-0.0296652,-0.358289
1.47738,-0.0386751,-0.357509
1.47711,-0.0477394,-0.357509
1.4739,-0.0566928,-0.356729
1.47449,-0.0657777,-0.356989
1.4702,-0.0746309,-0.355949
1.47068,-0.0837046,-0.356209
1.47495,-0.0930271,-0.357509
1.47532,-0.102141,-0.357769
1.48333,-0.111839,-0.360109
1.48262,-0.120938,-0.360109
1.48377,-0.1302,-0.360629
1.47814,-0.138854,-0.359329
1.46573,-0.146776,-0.356209
0,0,0
3.38212,-0.37914,-0.875947
3.38165,-0.400112,-0.876467
3.36476,-0.419068,-0.872567
3.34776,-0.437833,-0.868667
3.34214,-0.457974,-0.867887
3.33162,-0.477379,-0.865807
3.32958,-0.497955,-0.866067
3.32456,-0.518079,-0.865547
3.32132,-0.538468,-0.865547
3.31224,-0.557877,-0.863987
3.3059,-0.577692,-0.863207
3.30039,-0.597623,-0.862687
3.29286,-0.617152,-0.861647
3.28333,-0.636245,-0.860087
3.27936,-0.656379,-0.860087
3.27811,-0.677073,-0.860867
3.28617,-0.699785,-0.864247
3.27993,-0.719522,-0.863727
3.2764,-0.739846,-0.863987
3.26803,-0.759063,-0.862947
0,0,0
3.25753,-0.79888,-0.862687
3.24882,-0.817911,-0.861647
3.24281,-0.837589,-0.861387
3.26655,-0.865125,-0.869447
3.23881,-0.879089,-0.863207
3.23056,-0.89817,-0.862427
3.22964,-0.919296,-0.863727
3.2193,-0.937747,-0.862427
3.20238,-0.954177,-0.859307
3.19,-0.971841,-0.857487
3.18582,-0.99197,-0.858007
3.17415,-1.00974,-0.856447
3.16973,-1.0298,-0.856967
3.16152,-1.04862,-0.856447
3.14954,-1.06614,-0.854887
3.14659,-1.08671,-0.855927
3.13531,-1.10439,-0.854627
3.12029,-1.12067,-0.852287
3.12787,-1.14511,-0.856447
3.11716,-1.16293,-0.855407
3.11538,-1.18409,-0.856967
3.09725,-1.199,-0.853847
3.09253,-1.21905,-0.854627
3.08499,-1.238,-0.854627
3.08449,-1.25982,-0.856707
3.06957,-1.27576,-0.854627
3.06168,-1.29457,-0.854627
3.05546,-1.3141,-0.855147
3.04645,-1.33243,-0.854887
3.03116,-1.34797,-0.852807
3.02899,-1.36932,-0.854627
3.0179,-1.38667,-0.853847
3.01458,-1.40761,-0.855407
3.00938,-1.42774,-0.856447
3.0023,-1.44701,-0.856967
2.99337,-1.46541,-0.856967
2.98692,-1.48504,-0.857747
2.97516,-1.50203,-0.856967
2.96073,-1.51762,-0.855407
2.95136,-1.53576,-0.855407
2.94103,-1.55339,-0.855147
2.93144,-1.5714,-0.855147
2.92938,-1.59351,-0.857487
2.92547,-1.61472,-0.859307
2.91551,-1.63264,-0.859307
2.90627,-1.65097,-0.859567
2.89693,-1.66926,-0.859827
2.88079,-1.68359,-0.858007
2.86791,-1.69976,-0.857227
2.85909,-1.71832,-0.857747
2.84437,-1.73332,-0.856447
2.83943,-1.75429,-0.858267
2.83188,-1.77373,-0.859307
2.8185,-1.78952,-0.858527
2.81721,-1.81305,-0.861647
2.81008,-1.83294,-0.862947
2.79153,-1.84535,-0.860607
2.78176,-1.86352,-0.861127
2.75909,-1.87297,-0.857487
2.74118,-1.88548,-0.855407
2.72876,-1.90172,-0.855147
2.71231,-1.91508,-0.853587
2.70286,-1.93337,-0.854367
2.69408,-1.95219,-0.855407
2.67971,-1.96697,-0.854627
2.67224,-1.98683,-0.856187
2.65846,-2.00203,-0.855667
2.64382,-2.01655,-0.854887
2.63446,-2.03509,-0.855927
2.61507,-2.04586,-0.853587
2.60853,-2.06667,-0.855667
2.5958,-2.08263,-0.855667
2.58372,-2.09913,-0.855927
2.57527,-2.11862,-0.857487
2.56296,-2.135,-0.857747
2.55498,-2.15504,-0.859567
2.54318,-2.17193,-0.860087
2.5298,-2.1875,-0.860087
2.51343,-2.20044,-0.859047
2.49843,-2.21454,-0.858527
2.4848,-2.22983,-0.858527
2.46678,-2.24114,-0.856967
2.45298,-2.25623,-0.856967
2.43697,-2.26926,-0.856187
2.42792,-2.28881,-0.858007
2.41313,-2.303,-0.857747
2.39895,-2.31776,-0.857747
2.38607,-2.33379,-0.858267
2.36964,-2.34635,-0.857487
2.35589,-2.36152,-0.857747
2.34338,-2.378,-0.858527
2.3274,-2.39095,-0.858007
2.31135,-2.40379,-0.857487
2.29589,-2.41723,-0.857227
2.28366,-2.43409,-0.858267
2.2654,-2.44451,-0.856967
2.2484,-2.45623,-0.856187
2.23329,-2.46998,-0.856187
2.21809,-2.48364,-0.856187
2.20281,-2.4972,-0.856187
2.18554,-2.50849,-0.855407
2.16885,-2.52039,-0.854887
2.14834,-2.52776,-0.852807
2.13341,-2.54164,-0.853067
2.12147,-2.55914,-0.854627
2.10267,-2.56837,-0.853327
2.09051,-2.58573,-0.854887
2.07943,-2.60454,-0.856967
2.06162,-2.61498,-0.856187
2.06333,-2.65043,-0.863987
2.03114,-2.64238,-0.856967
2.01722,-2.65787,-0.858007
1.99624,-2.66401,-0.855927
1.97181,-2.66535,-0.852287
1.95371,-2.67506,-0.851507
1.93557,-2.68465,-0.850727
1.91794,-2.6949,-0.850207
1.90525,-2.71215,-0.852027
1.89243,-2.72934,-0.853847
1.88001,-2.74727,-0.855927
1.86096,-2.75556,-0.854887
1.84723,-2.77174,-0.856447
1.83337,-2.78786,-0.858007
1.81833,-2.8023,-0.859047
1.7985,-2.80934,-0.857747
1.78123,-2.82032,-0.857747
1.76389,-2.8312,-0.857747
1.748,-2.84444,-0.858527
1.73452,-2.86171,-0.860607
1.71594,-2.87064,-0.860087
1.33621,-2.26734,-0.668208
1.25479,-2.15948,-0.632068
1.24296,-2.16965,-0.632848
1.22962,-2.17723,-0.632848
1.29145,-2.31969,-0.674448
1.60586,-2.92593,-0.858267
1.58466,-2.92979,-0.856447
1.56711,-2.94031,-0.856707
1.54904,-2.94987,-0.856707
1.53047,-2.95846,-0.856447
1.51228,-2.96779,-0.856447
1.49101,-2.97098,-0.854627
1.4689,-2.97228,-0.852287
1.45148,-2.98297,-0.852807
1.43691,-2.99966,-0.855147
1.42136,-3.01453,-0.856967
1.40772,-3.03371,-0.860087
1.38908,-3.04229,-0.860087
1.37355,-3.0578,-0.862167
1.35164,-3.0591,-0.860087
1.33323,-3.06823,-0.860347
1.31058,-3.06747,-0.857747
1.29211,-3.07634,-0.858007
1.27394,-3.086,-0.858527
1.25498,-3.09376,-0.858527
1.23705,-3.10409,-0.859307
1.2282,-3.1377,-0.866847
1.20927,-3.14607,-0.867107
1.19028,-3.15434,-0.867367
1.16856,-3.15524,-0.865547
0,0,0
1.13105,-3.17298,-0.866587
0,0,0
0,0,0
0,0,0
0,0,0
0,0,0
0,0,0
0.992051,-3.21309,-0.865027
0,0,0
0,0,0
0,0,0
0.901613,-3.19651,-0.853847
0,0,0
0,0,0
0,0,0
0,0,0
0,0,0
0,0,0
0,0,0
0,0,0
0,0,0
0,0,0
0,0,0
0,0,0
0,0,0
0,0,0
0,0,0
0,0,0
0,0,0
0,0,0
0,0,0
0,0,0
0,0,0
0,0,0
0,0,0
0,0,0
0,0,0
0,0,0
0,0,0
0,0,0
0,0,0
0,0,0
0,0,0
0,0,0
0,0,0
0,0,0
0,0,0
0,0,0
0,0,0
0,0,0
0,0,0
0,0,0
0,0,0
0,0,0
0,0,0
0,0,0
0,0,0
0,0,0
0,0,0
0,0,0
0,0,0
0,0,0
0,0,0
0,0,0
0,0,0
0,0,0
0,0,0
0,0,0
0,0,0
0,0,0
0,0,0
0,0,0
0,0,0
0,0,0
0,0,0
0,0,0
0,0,0
0,0,0
0,0,0
0,0,0
0,0,0
0,0,0
0,0,0
0,0,0
0,0,0
0,0,0
0,0,0
0,0,0
0,0,0
0,0,0
0,0,0
0,0,0
0,0,0
0,0,0
0,0,0
0,0,0
0,0,0
0,0,0
0,0,0
0,0,0
0,0,0
0,0,0
0,0,0
0,0,0
0,0,0
0,0,0
0,0,0
0,0,0
0,0,0
0,0,0
0,0,0
0,0,0
0,0,0
0,0,0
0,0,0
0,0,0
0,0,0
0,0,0
0,0,0
0,0,0
0,0,0
0,0,0
0,0,0
0,0,0
0,0,0
0,0,0
0,0,0
0,0,0
0,0,0
0,0,0
0,0,0
0,0,0
0,0,0
0,0,0
0,0,0
0,0,0
0,0,0
0,0,0
0,0,0
0,0,0
0,0,0
0,0,0
0,0,0
0,0,0
0,0,0
0,0,0
0,0,0
0,0,0
0,0,0
0,0,0
0,0,0
0,0,0
0,0,0
0,0,0
0,0,0
0,0,0
0,0,0
0,0,0
0,0,0
0,0,0
0,0,0
0,0,0
0,0,0
0,0,0
0,0,0
0,0,0
0,0,0
0,0,0
0,0,0
0,0,0
0,0,0
0,0,0
0,0,0
0,0,0
0,0,0
0,0,0
0,0,0
0,0,0
0,0,0
0,0,0
0,0,0
0,0,0
0,0,0
0,0,0
0,0,0
0,0,0
0,0,0
0,0,0
0,0,0
0,0,0
0,0,0
0,0,0
0,0,0
0,0,0
0,0,0
0,0,0
0,0,0
0,0,0
0,0,0
0,0,0
0,0,0
0,0,0
0,0,0
0,0,0
0,0,0
0,0,0
0,0,0
0,0,0
0,0,0
0,0,0
0,0,0
0,0,0
0,0,0
0,0,0
0,0,0
0,0,0
0,0,0
0,0,0
0,0,0
0,0,0
0,0,0
0,0,0
0,0,0
0,0,0
0,0,0
0,0,0
0,0,0
0,0,0
0,0,0
0,0,0
0,0,0
0,0,0
0,0,0
0,0,0
0,0,0
0,0,0
0,0,0
0,0,0
0,0,0
0,0,0
0,0,0
0,0,0
0,0,0
0,0,0
0,0,0
0,0,0
0,0,0
0,0,0
0,0,0
0,0,0
0,0,0
0,0,0
0,0,0
0,0,0
0,0,0
0,0,0
0,0,0
0,0,0
0,0,0
0,0,0
0,0,0
0,0,0
0,0,0
0,0,0
0,0,0
0,0,0
0,0,0
0,0,0
0,0,0
0,0,0
0,0,0
0,0,0
0,0,0
0,0,0
0,0,0
0,0,0
0,0,0
0,0,0
0,0,0
0,0,0
0,0,0
0,0,0
0,0,0
0,0,0
0,0,0
0,0,0
0,0,0
0,0,0
0,0,0
0,0,0
0,0,0
0,0,0
0,0,0
0,0,0
0,0,0
0,0,0
0,0,0
0,0,0
0,0,0
0,0,0
0,0,0
0,0,0
0,0,0
0,0,0
0,0,0
0,0,0
0,0,0
0,0,0
0,0,0
0,0,0
0,0,0
0,0,0
0,0,0
0,0,0
0,0,0
0,0,0
0,0,0
0,0,0
0,0,0
0,0,0
0,0,0
0,0,0
0,0,0
0,0,0
0,0,0
0,0,0
0,0,0
0,0,0
0,0,0
0,0,0
0,0,0
0,0,0
0,0,0
0,0,0
0,0,0
0,0,0
0,0,0
0,0,0
0,0,0
0,0,0
0,0,0
0,0,0
0,0,0
0,0,0
0,0,0
0,0,0
0,0,0
0,0,0
0,0,0
0,0,0
0,0,0
0,0,0
0,0,0
0,0,0
0,0,0
0,0,0
0,0,0
0,0,0
0,0,0
0,0,0
0,0,0
0,0,0
0,0,0
0,0,0
0,0,0
0,0,0
0,0,0
0,0,0
0,0,0
0,0,0
0,0,0
0,0,0
0,0,0
0,0,0
0,0,0
0,0,0
0,0,0
0,0,0
0,0,0
0,0,0
0,0,0
0,0,0
0,0,0
0,0,0
0,0,0
0,0,0
0,0,0
0,0,0
0,0,0
0,0,0
0,0,0
0,0,0
0,0,0
0,0,0
0,0,0
0,0,0
0,0,0
0,0,0
0,0,0
0,0,0
0,0,0
0,0,0
0,0,0
0,0,0
0,0,0
0,0,0
0,0,0
0,0,0
0,0,0
0,0,0
0,0,0
0,0,0
0,0,0
0,0,0
0,0,0
0,0,0
0,0,0
0,0,0
0,0,0
0,0,0
0,0,0
0,0,0
0,0,0
0,0,0
0,0,0
0,0,0
0,0,0
0,0,0
0,0,0
0,0,0
0,0,0
0,0,0
0,0,0
0,0,0
0,0,0
0,0,0
0,0,0
0,0,0
0,0,0
0,0,0
0,0,0
0,0,0
0,0,0
0,0,0
0,0,0
0,0,0
0,0,0
0,0,0
0,0,0
0,0,0
0,0,0
0,0,0
0,0,0
0,0,0
0,0,0
0,0,0
0,0,0
0,0,0
0,0,0
0,0,0
0,0,0
0,0,0
0,0,0
0,0,0
0,0,0
0,0,0
0,0,0
0,0,0
0,0,0
0,0,0
0,0,0
0,0,0
0,0,0
0,0,0
0,0,0
0,0,0
0,0,0
0,0,0
0,0,0
0,0,0
0,0,0
0,0,0
0,0,0
0,0,0
0,0,0
0,0,0
0,0,0
0,0,0
0,0,0
0,0,0
0,0,0
0,0,0
0,0,0
0,0,0
0,0,0
0,0,0
0,0,0
0,0,0
0,0,0
0,0,0
0,0,0
0,0,0
0,0,0
0,0,0
0,0,0
0,0,0
0,0,0
0,0,0
0,0,0
0,0,0
0,0,0
0,0,0
0,0,0
0,0,0
0,0,0
0,0,0
0,0,0
0,0,0
0,0,0
0,0,0
0,0,0
0,0,0
0,0,0
0,0,0
0,0,0
0,0,0
0,0,0
0,0,0
0,0,0
0,0,0
0,0,0
0,0,0
0,0,0
0,0,0
0,0,0
0,0,0
0,0,0
0,0,0
0,0,0
0,0,0
0,0,0
0,0,0
0,0,0
0,0,0
0,0,0
0,0,0
0,0,0
0,0,0
0,0,0
0,0,0
0,0,0
0,0,0
0,0,0
0,0,0
0,0,0
0,0,0
0,0,0
0,0,0
0,0,0
0,0,0
0,0,0
0,0,0
0,0,0
0,0,0
0,0,0
0,0,0
0,0,0
0,0,0
0,0,0
0,0,0
0,0,0
0,0,0
0,0,0
0,0,0
0,0,0
0,0,0
0,0,0
0,0,0
0,0,0
0,0,0
0,0,0
0,0,0
0,0,0
0,0,0
0,0,0
0,0,0
0,0,0
0,0,0
0,0,0
0,0,0
0,0,0
0,0,0
0,0,0
0,0,0
0,0,0
0,0,0
0,0,0
0,0,0
0,0,0
0,0,0
0,0,0
0,0,0
0,0,0
0,0,0
0,0,0
0,0,0
0,0,0
0,0,0
1.17268,3.27073,-0.937347
1.18975,3.25534,-0.934909
0,0,0
1.23029,3.24229,-0.935451
1.25502,3.24725,-0.939244
1.27492,3.23949,-0.939244
1.29514,3.2325,-0.939515
1.31204,3.21736,-0.937347
1.33175,3.20925,-0.937347
1.34805,3.19304,-0.934909
1.36534,3.1794,-0.933283
1.38328,3.16743,-0.932199
1.4019,3.15712,-0.931658
1.42006,3.14583,-0.930845
1.43813,3.13443,-0.930032
1.45978,3.13079,-0.931658
1.47855,3.1209,-0.931387
1.4935,3.1031,-0.928677
1.51378,3.09647,-0.92949
1.53146,3.08453,-0.928677
1.55036,3.07508,-0.928677
1.57096,3.06894,-0.929761
1.58931,3.05838,-0.92949
1.6049,3.04262,-0.927594
1.61945,3.02507,-0.925155
1.64212,3.02269,-0.927594
1.65785,3.0075,-0.925968
1.67533,2.99559,-0.925426
1.6951,2.98777,-0.926239
1.71485,2.97981,-0.927052
1.74183,2.9842,-0.931929
1.75962,2.97263,-0.931658
1.77485,2.95682,-0.930032
1.78946,2.94012,-0.928135
1.80544,2.92581,-0.927052
1.81264,2.89754,-0.921362
1.82471,2.87742,-0.918382
0,0,0
1.85673,2.84997,-0.916756
1.85084,2.80319,-0.904835
1.88032,2.81018,-0.911066
1.90023,2.80257,-0.912421
1.91576,2.78848,-0.911608
1.93668,2.7822,-0.913505
1.95316,2.76948,-0.913234
1.97236,2.76057,-0.914318
1.99377,2.75466,-0.916485
2.01292,2.74548,-0.917569
2.02628,2.72844,-0.915943
2.03893,2.71057,-0.914047
2.05261,2.69418,-0.912692
2.06969,2.68229,-0.912963
2.08433,2.66727,-0.91215
2.09767,2.65066,-0.910796
2.10607,2.62797,-0.907273
2.12154,2.61425,-0.907002
2.12899,2.59077,-0.903209
2.14608,2.57914,-0.903751
2.16062,2.56445,-0.903209
2.17507,2.54968,-0.902667
2.19445,2.54066,-0.904293
2.21253,2.53005,-0.905377
2.22673,2.51498,-0.904835
2.24084,2.49984,-0.904293
2.25031,2.47963,-0.901855
2.26418,2.46435,-0.901313
2.27074,2.44125,-0.897791
2.28765,2.42938,-0.898603
2.30119,2.4139,-0.898062
2.31662,2.40043,-0.898332
2.33131,2.38617,-0.898332
2.34117,2.36703,-0.896436
2.35769,2.35466,-0.897249
2.37004,2.33812,-0.896436
2.38365,2.32286,-0.896165
2.40202,2.3122,-0.897791
2.41058,2.29211,-0.895623
2.42249,2.2753,-0.89481
2.43782,2.2617,-0.895352
2.44669,2.24215,-0.893456
2.46753,2.23355,-0.896165
2.48335,2.22029,-0.896978
2.49909,2.20693,-0.897791
2.51258,2.19155,-0.897791
2.52671,2.17672,-0.898062
2.54075,2.1618,-0.898332
2.55028,2.14307,-0.896978
2.56561,2.12923,-0.897791
2.5749,2.1104,-0.896436
2.59379,2.0994,-0.898603
2.60662,2.08345,-0.898603
2.61407,2.06324,-0.896707
2.6206,2.04243,-0.894539
2.63232,2.02572,-0.894268
2.63627,2.00313,-0.891288
2.64158,1.98172,-0.88885
2.66065,1.97063,-0.891288
2.6727,1.95426,-0.891288
2.68932,1.94121,-0.892914
2.70745,1.92914,-0.895081
2.71294,1.90806,-0.892914
2.72776,1.89357,-0.893997
2.73933,1.8768,-0.893997
2.74282,1.85456,-0.891288
2.75655,1.8393,-0.892101
2.76376,1.81971,-0.890746
2.77164,1.80062,-0.889662
2.78426,1.78462,-0.890204
2.79272,1.76596,-0.889392
2.80023,1.74675,-0.888308
2.81582,1.73256,-0.889933
2.83298,1.71924,-0.892101
2.8443,1.70232,-0.892372
2.85884,1.68729,-0.893727
2.86498,1.66729,-0.892372
2.8643,1.64345,-0.88885
2.87182,1.62443,-0.888037
2.87584,1.60349,-0.88614
2.88141,1.5835,-0.884786
2.89615,1.56854,-0.886411
2.90742,1.55165,-0.886953
2.91774,1.53423,-0.887224
2.92966,1.51762,-0.888037
2.93463,1.49743,-0.886682
2.94032,1.47767,-0.885598
2.95278,1.46131,-0.886682
2.95823,1.44147,-0.885598
2.96268,1.42121,-0.884244
2.97744,1.40589,-0.88614
2.98252,1.38597,-0.885057
2.99272,1.36844,-0.885598
3.00369,1.35124,-0.886411
3.00752,1.33083,-0.885057
3.01387,1.31159,-0.884515
3.02894,1.2961,-0.886682
3.03595,1.27712,-0.886411
3.04017,1.25699,-0.885327
3.05228,1.24013,-0.886682
3.05626,1.21995,-0.885598
3.05204,1.19661,-0.882076
3.06741,1.18097,-0.884515
3.05929,1.15634,-0.879909
3.0591,1.13487,-0.877741
3.06601,1.11608,-0.877741
0,0,0
3.07402,1.07646,-0.876116
3.09696,1.0632,-0.880992
3.10525,1.04479,-0.881534
3.11434,1.02662,-0.882347
3.11417,1.00543,-0.880451
3.11661,0.98514,-0.879367
3.11616,0.964007,-0.87747
3.12017,0.944311,-0.876928
3.12406,0.924602,-0.876387
3.12783,0.904881,-0.875845
3.12498,0.883317,-0.873406
3.13591,0.865662,-0.875032
3.14488,0.847405,-0.876116
3.14816,0.827603,-0.875574
3.15225,0.808032,-0.875303
3.16275,0.790074,-0.876928
3.16567,0.770198,-0.876387
3.17408,0.751646,-0.87747
3.17957,0.732372,-0.877741
3.17743,0.711378,-0.875845
3.1902,0.693708,-0.878283
3.19346,0.673921,-0.878012
3.18999,0.652771,-0.875845
3.20243,0.634869,-0.878283
3.19776,0.613576,-0.875845
3.19578,0.59289,-0.874219
3.2022,0.573779,-0.875032
3.20377,0.553792,-0.87449
3.2147,0.535388,-0.876657
3.22078,0.51611,-0.87747
3.22579,0.49663,-0.878012
3.23258,0.47739,-0.879096
3.24498,0.458893,-0.881805
1.44574,0.195635,-0.370006
1.45169,0.187375,-0.371361
1.44517,0.177528,-0.369194
1.45484,0.169658,-0.371632
1.44724,0.15978,-0.369194
1.44532,0.150598,-0.368381
1.43472,0.140603,-0.365129
1.43556,0.131798,-0.365129
1.43826,0.12315,-0.365671
1.43419,0.113943,-0.364317
1.43486,0.105141,-0.364317
1.42971,0.0959499,-0.362691
1.43316,0.0873504,-0.363504
1.44136,0.0789742,-0.365671
1.4447,0.0702682,-0.366484
1.44318,0.0613212,-0.365942
1.44353,0.0524648,-0.365942
1.4419,0.0435489,-0.3654
1.43925,0.0346321,-0.364588
1.44136,0.0258343,-0.365129
1.43957,0.0169677,-0.364588
1.44157,0.00814466,-0.365129
1.44448,-0.000703016,-0.365942
1.44445,-0.00956618,-0.365942
1.44725,-0.0184666,-0.366755
1.45096,-0.0274203,-0.367839
1.44692,-0.0362252,-0.366755
1.44378,-0.0450119,-0.365942
1.44059,-0.0537614,-0.365129
1.43446,-0.0623473,-0.363504
1.41387,-0.0701405,-0.357814
1.41053,-0.0786529,-0.357001
1.40521,-0.0870075,-0.355647
1.40273,-0.0954968,-0.355105
1.40692,-0.10446,-0.356459
1.40529,-0.113013,-0.356189
1.40553,-0.121717,-0.356459
1.39901,-0.129804,-0.354834
1.4001,-0.138575,-0.355376
1.37338,-0.144438,-0.34806
1.37629,-0.153289,-0.349144
1.35142,-0.158914,-0.342371
1.27018,-0.157244,-0.319612
3.26605,-0.425323,-0.886411
3.25957,-0.444834,-0.885327
3.24058,-0.462512,-0.880722
3.22149,-0.479973,-0.876116
3.20993,-0.498401,-0.873677
3.19731,-0.516551,-0.870968
3.18458,-0.534564,-0.868258
3.18504,-0.554756,-0.869342
3.18157,-0.574288,-0.869342
3.19218,-0.596453,-0.873406
3.18279,-0.614932,-0.871781
3.17518,-0.633696,-0.870697
3.16181,-0.651224,-0.867988
3.15963,-0.671012,-0.868529
3.14982,-0.689151,-0.866904
3.14365,-0.708042,-0.866362
3.13831,-0.7271,-0.866091
3.14877,-0.749913,-0.870426
3.13663,-0.767388,-0.868258
3.12999,-0.786151,-0.867717
3.12511,-0.805341,-0.867717
3.10894,-0.821549,-0.864465
3.10292,-0.840358,-0.864194
3.0875,-0.856549,-0.861214
3.08496,-0.876267,-0.862027
3.08877,-0.897868,-0.864736
3.08782,-0.918175,-0.866091
3.08304,-0.937385,-0.866362
3.08183,-0.957713,-0.867717
3.06947,-0.974565,-0.86582
3.05886,-0.991895,-0.864465
3.04541,-1.00822,-0.862298
3.03825,-1.02658,-0.862027
3.02734,-1.04364,-0.860672
3.0227,-1.06283,-0.861214
3.0125,-1.08006,-0.86013
3.00491,-1.09819,-0.859859
2.99992,-1.11728,-0.860401
2.98941,-1.1343,-0.859318
2.9797,-1.15158,-0.858505
2.9663,-1.16737,-0.856608
2.95462,-1.18376,-0.855254
2.94641,-1.20151,-0.854983
2.93631,-1.21845,-0.85417
2.9208,-1.23308,-0.851731
2.91849,-1.25326,-0.853357
2.91515,-1.27307,-0.854712
2.90992,-1.2921,-0.855524
2.90545,-1.31152,-0.856608
2.89822,-1.32972,-0.856879
2.89437,-1.34951,-0.858234
2.88865,-1.36849,-0.859047
2.87586,-1.3841,-0.857692
2.86645,-1.40129,-0.857421
2.86124,-1.42057,-0.858505
2.84818,-1.43593,-0.85715
2.83931,-1.45338,-0.85715
2.83205,-1.47166,-0.857692
2.82382,-1.48946,-0.857963
2.82056,-1.50994,-0.859859
2.81294,-1.52814,-0.860401
2.80351,-1.54537,-0.860401
2.79565,-1.56348,-0.860943
2.78433,-1.57966,-0.860401
2.77459,-1.59671,-0.860401
2.76806,-1.61565,-0.861485
2.76058,-1.63407,-0.862298
2.74968,-1.65048,-0.862027
2.74032,-1.66782,-0.862298
2.73823,-1.68966,-0.865007
2.72128,-1.70235,-0.86284
2.70916,-1.71798,-0.862298
2.70262,-1.73718,-0.863653
2.68465,-1.749,-0.861214
2.67146,-1.76384,-0.860401
2.66298,-1.78181,-0.861214
2.64563,-1.79379,-0.859047
2.63298,-1.8089,-0.858505
2.6163,-1.82117,-0.856608
2.60036,-1.83386,-0.854983
2.59141,-1.85146,-0.855795
2.58468,-1.87072,-0.857421
2.57393,-1.88711,-0.857692
2.55998,-1.90115,-0.856879
2.54981,-1.91797,-0.857421
2.5334,-1.93008,-0.855795
2.51846,-1.94324,-0.854712
2.50345,-1.95628,-0.853628
2.49442,-1.974,-0.854712
2.48452,-1.99107,-0.855524
2.47076,-2.00507,-0.854983
2.45766,-2.01958,-0.854712
2.45041,-2.03893,-0.856608
2.44153,-2.05703,-0.857963
2.43399,-2.07634,-0.859859
2.42047,-2.09061,-0.859589
2.41412,-2.11113,-0.862027
2.40112,-2.1259,-0.862027
2.3866,-2.13931,-0.861485
2.37485,-2.15521,-0.862027
2.3545,-2.16322,-0.859318
2.34047,-2.17697,-0.859047
2.32637,-2.19063,-0.858776
2.30801,-2.20022,-0.856879
2.29516,-2.21501,-0.85715
2.27739,-2.22501,-0.855524
2.26643,-2.24165,-0.856608
2.25196,-2.25483,-0.856337
2.23876,-2.26929,-0.856608
2.22479,-2.28299,-0.856608
2.2054,-2.29105,-0.854441
2.1913,-2.30454,-0.854441
2.17646,-2.31724,-0.85417
2.15893,-2.32702,-0.852815
2.14916,-2.34519,-0.854712
2.13731,-2.36119,-0.855795
2.12279,-2.37426,-0.855795
2.11391,-2.39373,-0.858234
2.10298,-2.41101,-0.859859
2.08877,-2.4246,-0.86013
2.07386,-2.43737,-0.86013
2.05886,-2.45005,-0.86013
2.04318,-2.46189,-0.859859
2.02498,-2.47066,-0.858505
2.00676,-2.4793,-0.85715
1.99151,-2.49157,-0.85715
1.97678,-2.50449,-0.857421
1.96551,-2.52189,-0.859318
1.95118,-2.53543,-0.859859
1.93675,-2.54889,-0.860401
1.92107,-2.56072,-0.860401
1.90475,-2.57169,-0.86013
1.88325,-2.57556,-0.857421
1.86742,-2.58706,-0.857421
1.84313,-2.58671,-0.853357
1.83221,-2.60506,-0.855795
1.81728,-2.61784,-0.856337
1.8001,-2.62735,-0.855795
1.78826,-2.64472,-0.857963
1.76826,-2.65004,-0.856066
1.75196,-2.66084,-0.856066
1.74137,-2.68042,-0.859047
1.72333,-2.68862,-0.858234
1.70732,-2.69996,-0.858505
1.69327,-2.71447,-0.859859
1.68112,-2.73219,-0.862298
1.65084,-2.72023,-0.854983
1.64697,-2.75179,-0.862027
1.35954,-2.30338,-0.712199
1.26019,-2.16524,-0.664514
1.23922,-2.15957,-0.660179
1.22642,-2.16797,-0.66045
1.24965,-2.24104,-0.681583
1.50841,-2.74474,-0.840894
1.51033,-2.78865,-0.852002
1.49909,-2.8089,-0.855524
1.48182,-2.81805,-0.855524
1.46937,-2.83649,-0.858505
1.45238,-2.84631,-0.858776
1.43532,-2.85603,-0.859047
1.42033,-2.86996,-0.860672
1.40143,-2.87602,-0.859859
1.38708,-2.89151,-0.862027
1.37055,-2.90258,-0.86284
1.34704,-2.89871,-0.859047
1.33363,-2.91655,-0.862027
1.31452,-2.92205,-0.861214
1.29696,-2.93094,-0.861485
1.27664,-2.93354,-0.859859
1.25938,-2.94309,-0.860401
1.24577,-2.96141,-0.863653
1.22684,-2.96722,-0.863111
1.21006,-2.97826,-0.864194
1.19248,-2.98742,-0.864736
1.17799,-3.00454,-0.867717
1.16057,-3.0144,-0.868529
1.14171,-3.02057,-0.868258
1.12483,-3.03203,-0.869613
1.10686,-3.04068,-0.870155
1.08915,-3.05014,-0.870968
0,0,0
1.05852,-3.0833,-0.876928
1.04265,-3.09886,-0.879638
1.02843,-3.11983,-0.883973
0,0,0
0,0,0
0.958604,-3.09869,-0.872322
0,0,0
0,0,0
0,0,0
0,0,0
0,0,0
0,0,0
0,0,0
0,0,0
0,0,0
0,0,0
0,0,0
0,0,0
0,0,0
0,0,0
0,0,0
0,0,0
0,0,0
0,0,0
0,0,0
0,0,0
0,0,0
0,0,0
0,0,0
0,0,0
0,0,0
0,0,0
0,0,0
0,0,0
0,0,0
0,0,0
0,0,0
0,0,0
0,0,0
0,0,0
0,0,0
0,0,0
0,0,0
0,0,0
0,0,0
0,0,0
0,0,0
0,0,0
0,0,0
0,0,0
0,0,0
0,0,0
0,0,0
0,0,0
0,0,0
0,0,0
0,0,0
0,0,0
0,0,0
0,0,0
0,0,0
0,0,0
0,0,0
0,0,0
0,0,0
0,0,0
0,0,0
0,0,0
0,0,0
0,0,0
0,0,0
0,0,0
0,0,0
0,0,0
0,0,0
0,0,0
0,0,0
0,0,0
0,0,0
0,0,0
0,0,0
0,0,0
0,0,0
0,0,0
0,0,0
0,0,0
0,0,0
0,0,0
0,0,0
0,0,0
0,0,0
0,0,0
0,0,0
0,0,0
0,0,0
0,0,0
0,0,0
0,0,0
0,0,0
0,0,0
0,0,0
0,0,0
0,0,0
0,0,0
0,0,0
0,0,0
0,0,0
0,0,0
0,0,0
0,0,0
0,0,0
0,0,0
0,0,0
0,0,0
0,0,0
0,0,0
0,0,0
0,0,0
0,0,0
0,0,0
0,0,0
0,0,0
0,0,0
0,0,0
0,0,0
0,0,0
0,0,0
0,0,0
0,0,0
0,0,0
0,0,0
0,0,0
0,0,0
0,0,0
0,0,0
0,0,0
0,0,0
0,0,0
0,0,0
0,0,0
0,0,0
0,0,0
0,0,0
0,0,0
0,0,0
0,0,0
0,0,0
0,0,0
0,0,0
0,0,0
0,0,0
0,0,0
0,0,0
0,0,0
0,0,0
0,0,0
0,0,0
0,0,0
0,0,0
0,0,0
0,0,0
0,0,0
0,0,0
0,0,0
0,0,0
0,0,0
0,0,0
0,0,0
0,0,0
0,0,0
0,0,0
0,0,0
0,0,0
0,0,0
0,0,0
0,0,0
0,0,0
0,0,0
0,0,0
0,0,0
0,0,0
0,0,0
0,0,0
0,0,0
0,0,0
0,0,0
0,0,0
0,0,0
0,0,0
0,0,0
0,0,0
0,0,0
0,0,0
0,0,0
0,0,0
0,0,0
0,0,0
0,0,0
0,0,0
0,0,0
0,0,0
0,0,0
0,0,0
0,0,0
0,0,0
0,0,0
0,0,0
0,0,0
0,0,0
0,0,0
0,0,0
0,0,0
0,0,0
0,0,0
0,0,0
0,0,0
0,0,0
0,0,0
0,0,0
0,0,0
0,0,0
0,0,0
0,0,0
0,0,0
0,0,0
0,0,0
0,0,0
0,0,0
0,0,0
0,0,0
0,0,0
0,0,0
0,0,0
0,0,0
0,0,0
0,0,0
0,0,0
0,0,0
0,0,0
0,0,0
0,0,0
0,0,0
0,0,0
0,0,0
0,0,0
0,0,0
0,0,0
0,0,0
0,0,0
0,0,0
0,0,0
0,0,0
0,0,0
0,0,0
0,0,0
0,0,0
0,0,0
0,0,0
0,0,0
0,0,0
0,0,0
0,0,0
0,0,0
0,0,0
0,0,0
0,0,0
0,0,0
0,0,0
0,0,0
0,0,0
0,0,0
0,0,0
0,0,0
0,0,0
0,0,0
0,0,0
0,0,0
0,0,0
0,0,0
0,0,0
0,0,0
0,0,0
0,0,0
0,0,0
0,0,0
0,0,0
0,0,0
0,0,0
0,0,0
0,0,0
0,0,0
0,0,0
0,0,0
0,0,0
0,0,0
0,0,0
0,0,0
0,0,0
0,0,0
0,0,0
0,0,0
0,0,0
0,0,0
0,0,0
0,0,0
0,0,0
0,0,0
0,0,0
0,0,0
0,0,0
0,0,0
0,0,0
0,0,0
0,0,0
0,0,0
0,0,0
0,0,0
0,0,0
0,0,0
0,0,0
0,0,0
0,0,0
0,0,0
0,0,0
0,0,0
0,0,0
0,0,0
0,0,0
0,0,0
0,0,0
0,0,0
0,0,0
0,0,0
0,0,0
0,0,0
0,0,0
0,0,0
0,0,0
0,0,0
0,0,0
0,0,0
0,0,0
0,0,0
0,0,0
0,0,0
0,0,0
0,0,0
0,0,0
0,0,0
0,0,0
0,0,0
0,0,0
0,0,0
0,0,0
0,0,0
0,0,0
0,0,0
0,0,0
0,0,0
0,0,0
0,0,0
0,0,0
0,0,0
0,0,0
0,0,0
0,0,0
0,0,0
0,0,0
0,0,0
0,0,0
0,0,0
0,0,0
0,0,0
0,0,0
0,0,0
0,0,0
0,0,0
0,0,0
0,0,0
0,0,0
0,0,0
0,0,0
0,0,0
0,0,0
0,0,0
0,0,0
0,0,0
0,0,0
0,0,0
0,0,0
0,0,0
0,0,0
0,0,0
0,0,0
0,0,0
0,0,0
0,0,0
0,0,0
0,0,0
0,0,0
0,0,0
0,0,0
0,0,0
0,0,0
0,0,0
0,0,0
0,0,0
0,0,0
0,0,0
0,0,0
0,0,0
0,0,0
0,0,0
0,0,0
0,0,0
0,0,0
0,0,0
0,0,0
0,0,0
0,0,0
0,0,0
0,0,0
0,0,0
0,0,0
0,0,0
0,0,0
0,0,0
0,0,0
0,0,0
0,0,0
0,0,0
0,0,0
0,0,0
0,0,0
0,0,0
0,0,0
0,0,0
0,0,0
0,0,0
0,0,0
0,0,0
0,0,0
0,0,0
0,0,0
0,0,0
0,0,0
0,0,0
0,0,0
0,0,0
0,0,0
0,0,0
0,0,0
0,0,0
0,0,0
0,0,0
0,0,0
0,0,0
0,0,0
0,0,0
0,0,0
0,0,0
0,0,0
0,0,0
0,0,0
0,0,0
0,0,0
0,0,0
0,0,0
0,0,0
0,0,0
0,0,0
0,0,0
0,0,0
0,0,0
0,0,0
0,0,0
0,0,0
0,0,0
0,0,0
0,0,0
0,0,0
0,0,0
0,0,0
0,0,0
0,0,0
0,0,0
0,0,0
0,0,0
0,0,0
0,0,0
0,0,0
0,0,0
0,0,0
0,0,0
0,0,0
0,0,0
0,0,0
0,0,0
0,0,0
0,0,0
0,0,0
0,0,0
0,0,0
0,0,0
0,0,0
0,0,0
0,0,0
0,0,0
0,0,0
0,0,0
0,0,0
0,0,0
0,0,0
0,0,0
0,0,0
0,0,0
0,0,0
0,0,0
0,0,0
0,0,0
0,0,0
0,0,0
0,0,0
0,0,0
0,0,0
0,0,0
0,0,0
0,0,0
0,0,0
0,0,0
0,0,0
0,0,0
0,0,0
0,0,0
0,0,0
0,0,0
0,0,0
0,0,0
0,0,0
0,0,0
0,0,0
0,0,0
0,0,0
0,0,0
0,0,0
0,0,0
0,0,0
0,0,0
0,0,0
0,0,0
0,0,0
0,0,0
0,0,0
0,0,0
0,0,0
0,0,0
0,0,0
0,0,0
0,0,0
0,0,0
0,0,0
0,0,0
0,0,0
0,0,0
0,0,0
0,0,0
0,0,0
0,0,0
0,0,0
0,0,0
0,0,0
0,0,0
0,0,0
0,0,0
0,0,0
0,0,0
0,0,0
0,0,0
0,0,0
0,0,0
0,0,0
0,0,0
0,0,0
0,0,0
0,0,0
0,0,0
0,0,0
0,0,0
0,0,0
0,0,0
0,0,0
0,0,0
0,0,0
0,0,0
0,0,0
0,0,0
0,0,0
0,0,0
0,0,0
0,0,0
0,0,0
0,0,0
0,0,0
0,0,0
0,0,0
0,0,0
0,0,0
0,0,0
0,0,0
0,0,0
0,0,0
0,0,0
0,0,0
0,0,0
0,0,0
0,0,0
0,0,0
0,0,0
0,0,0
0,0,0
0,0,0
0,0,0
0,0,0
0,0,0
0,0,0
0,0,0
0,0,0
0,0,0
0,0,0
0,0,0
0,0,0
0,0,0
0,0,0
1.03301,3.17776,-0.940729
1.05189,3.16954,-0.940165
1.07193,3.16484,-0.940729
1.09227,3.16093,-0.941575
1.11132,3.15326,-0.941293
1.13195,3.14999,-0.94242
1.14631,3.12947,-0.938193
1.16314,3.11609,-0.93622
1.18224,3.10889,-0.93622
1.19922,3.09621,-0.934529
1.21643,3.08433,-0.933119
1.23319,3.07146,-0.931428
1.25347,3.06739,-0.932556
1.27263,3.06053,-0.932838
1.29027,3.05001,-0.931992
1.30782,3.03939,-0.931147
1.32299,3.0234,-0.92861
1.34463,3.02224,-0.930865
1.36117,3.00956,-0.929456
1.37761,2.99679,-0.928046
1.39719,2.99089,-0.928892
1.41552,2.98226,-0.928892
1.43254,2.97093,-0.928046
1.45243,2.96553,-0.929174
1.46932,2.95398,-0.928328
1.48612,2.94234,-0.927483
1.50721,2.93915,-0.929456
1.523,2.92559,-0.928046
1.54003,2.91449,-0.927483
1.55969,2.90837,-0.92861
1.57934,2.90211,-0.929737
1.59526,2.88901,-0.92861
1.61156,2.87665,-0.927765
1.63154,2.87088,-0.929174
1.64913,2.86082,-0.929174
1.66375,2.84568,-0.927483
1.68216,2.83706,-0.928046
1.69459,2.81846,-0.925228
1.70886,2.8031,-0.923537
1.7235,2.78848,-0.922128
1.73447,2.76809,-0.918746
1.74577,2.74849,-0.915645
1.76416,2.74014,-0.916491
1.78303,2.73248,-0.917618
1.79659,2.71669,-0.915927
1.81483,2.708,-0.916773
1.83303,2.6992,-0.917618
1.85119,2.69027,-0.918464
1.86437,2.67414,-0.916773
1.87908,2.6603,-0.915927
1.89369,2.64638,-0.915082
1.91552,2.64248,-0.9179
1.93057,2.62913,-0.917336
1.94437,2.61415,-0.916209
1.96095,2.60294,-0.916491
1.96991,2.5817,-0.913109
1.98454,2.56805,-0.912545
1.99139,2.54449,-0.908318
2.00339,2.52771,-0.906627
2.01887,2.51537,-0.906627
2.03245,2.5007,-0.905781
2.05019,2.49114,-0.906908
2.07035,2.48441,-0.909163
0,0,0
2.11127,2.47123,-0.913954
2.12765,2.45968,-0.914518
2.14965,2.45452,-0.917618
2.15704,2.43266,-0.914236
2.17256,2.4201,-0.914518
2.17512,2.39323,-0.909163
2.18586,2.3756,-0.907472
2.19648,2.35793,-0.905781
2.20761,2.34091,-0.904372
2.22657,2.33218,-0.906345
2.24884,2.32676,-0.909727
0,0,0
2.2725,2.29421,-0.907754
2.2811,2.2748,-0.905499
0,0,0
2.28616,2.22455,-0.896199
2.28662,2.19784,-0.890844
2.29798,2.18179,-0.889998
2.31832,2.17422,-0.892816
2.33514,2.16321,-0.894226
2.35615,2.15597,-0.897326
2.3736,2.14533,-0.899017
2.38171,2.12625,-0.897044
2.39328,2.11033,-0.89648
2.39822,2.08867,-0.89338
2.41899,2.0808,-0.89648
2.41856,2.05473,-0.891407
2.43626,2.04417,-0.89338
2.45098,2.03102,-0.894226
2.46636,2.01838,-0.895353
2.4787,2.00321,-0.895353
2.49619,1.99215,-0.897326
2.50008,1.97026,-0.894226
2.50985,1.95312,-0.89338
2.51875,1.93534,-0.892253
2.52523,1.91579,-0.89028
2.52926,1.8945,-0.887462
2.53852,1.87724,-0.886616
2.55076,1.86219,-0.886898
0,0,0
2.58671,1.84021,-0.891689
2.60031,1.82596,-0.892535
2.6225,1.81762,-0.89648
2.63915,1.80529,-0.898453
2.65494,1.79229,-0.900144
2.66749,1.77703,-0.900708
2.66872,1.7543,-0.897326
2.67461,1.73476,-0.895635
2.68197,1.71624,-0.894508
2.6527,1.67464,-0.880697
2.68492,1.67204,-0.888307
2.67551,1.64347,-0.881543
2.69292,1.6315,-0.884079
0,0,0
0,0,0
2.7225,1.58166,-0.884079
2.74297,1.57112,-0.887743
2.75674,1.55662,-0.889153
2.77881,1.54668,-0.89338
2.78909,1.53007,-0.893662
2.8094,1.51886,-0.897326
2.82544,1.5052,-0.899581
2.84651,1.49409,-0.903526
2.83688,1.46689,-0.897326
0,0,0
2.86495,1.43713,-0.900708
2.87372,1.41953,-0.900708
2.86771,1.39473,-0.895917
2.87362,1.37586,-0.895071
0,0,0
2.86505,1.32878,-0.886898
2.89496,1.32114,-0.893944
2.88026,1.29313,-0.886616
2.89165,1.27698,-0.887743
2.89415,1.25692,-0.886052
2.89828,1.23763,-0.884925
2.90848,1.22094,-0.88577
2.91325,1.20197,-0.884925
2.90902,1.17938,-0.881261
2.9162,1.16151,-0.881261
2.92416,1.14394,-0.881543
2.07501,0.796746,-0.612105
1.99458,0.751805,-0.58533
2.00096,0.740219,-0.585894
2.0776,0.754155,-0.608441
2.9642,1.05596,-0.883516
2.96881,1.03712,-0.882952
2.9724,1.01795,-0.882107
2.98223,1.00092,-0.883234
2.98558,0.981701,-0.882388
2.97785,0.958947,-0.878161
2.98825,0.942101,-0.87957
2.98664,0.921482,-0.877315
2.99316,0.903417,-0.877597
3.00325,0.886393,-0.879006
3.00863,0.867949,-0.879006
3.0139,0.849472,-0.879006
3.02275,0.831983,-0.880134
3.02687,0.813171,-0.879852
3.03088,0.79434,-0.87957
3.03291,0.775014,-0.878725
3.03761,0.75639,-0.878725
3.04032,0.737284,-0.878161
3.04759,0.719277,-0.879006
3.0454,0.699059,-0.877033
3.04776,0.679941,-0.87647
3.04906,0.660617,-0.875624
1.10586,0.231757,-0.29109
1.127,0.228999,-0.297009
1.12368,0.221148,-0.295599
1.12125,0.213527,-0.294472
1.14046,0.209962,-0.299827
0,0,0
0,0,0
1.14319,0.188777,-0.299545
0,0,0
1.1843,0.180705,-0.3111
1.14077,0.166864,-0.297854
1.13038,0.158253,-0.294472
1.17602,0.157337,-0.307718
1.22264,0.155989,-0.321247
1.22452,0.148601,-0.321529
1.27021,0.146284,-0.334775
1.32544,0.14446,-0.35084
1.36257,0.140083,-0.36155
1.34621,0.130045,-0.356477
1.36801,0.123701,-0.362677
1.36014,0.114572,-0.360141
1.33308,0.104036,-0.351967
1.33273,0.0957847,-0.351685
1.31415,0.0863309,-0.346049
1.34243,0.0799435,-0.354222
1.31798,0.0703537,-0.346894
1.34618,0.0636021,-0.355067
1.31204,0.0538932,-0.344921
1.3181,0.0460477,-0.346612
1.32411,0.0381298,-0.348303
1.32144,0.0299368,-0.347458
1.35901,0.0224785,-0.358449
1.34569,0.0139882,-0.354504
1.31889,0.00559368,-0.346612
1.37647,-0.002558,-0.363523
1.36299,-0.0109076,-0.359577
1.36482,-0.0192961,-0.360141
1.36659,-0.0277073,-0.360704
1.37311,-0.0362638,-0.362677
1.34409,-0.0437759,-0.354222
1.31791,-0.0510422,-0.346612
1.2984,-0.0582842,-0.340975
1.29131,-0.0659135,-0.339003
1.30142,-0.074429,-0.342103
1.29328,-0.0819344,-0.339848
1.28701,-0.0894742,-0.338157
1.29409,-0.0979419,-0.340412
1.26095,-0.103248,-0.330829
1.25265,-0.110316,-0.328575
1.22615,-0.115593,-0.320965
1.17195,-0.117793,-0.305182
1.17503,-0.125385,-0.306309
1.10272,-0.124588,-0.285171
0,0,0
1.143,-0.143321,-0.297572
0,0,0
0,0,0
0,0,0
0,0,0
0,0,0
1.14358,-0.186369,-0.299545
1.13863,-0.192745,-0.298418
1.13648,-0.199563,-0.298136
1.13713,-0.206874,-0.2987
1.13489,-0.213671,-0.298418
3.06083,-0.59376,-0.875061
3.03079,-0.607262,-0.867169
3.03452,-0.627398,-0.869424
3.03906,-0.647803,-0.87196
2.99004,-0.656577,-0.858432
3.02152,-0.682936,-0.869142
3.02195,-0.702548,-0.870551
3.00918,-0.719073,-0.868015
3.00471,-0.737523,-0.868015
3.00013,-0.755946,-0.868015
2.98986,-0.772902,-0.866324
2.97764,-0.789269,-0.864069
2.97182,-0.807273,-0.863787
2.96958,-0.826263,-0.864633
2.96261,-0.843944,-0.864069
2.97304,-0.866665,-0.86886
2.97686,-0.887629,-0.871679
2.97319,-0.906437,-0.872242
2.97032,-0.925518,-0.873088
2.95636,-0.94111,-0.870551
2.93137,-0.95301,-0.864633
2.92364,-0.970375,-0.864069
2.91672,-0.987988,-0.863787
2.90426,-1.00367,-0.861814
2.90257,-1.02307,-0.863223
2.89985,-1.04216,-0.864351
2.8952,-1.06059,-0.864914
2.89044,-1.079,-0.865478
2.86762,-1.09059,-0.860405
2.86087,-1.10816,-0.860405
2.83706,-1.11901,-0.85505
2.82034,-1.13247,-0.85195
2.81956,-1.15229,-0.853923
2.81598,-1.17104,-0.85505
2.81139,-1.18942,-0.855896
2.81374,-1.21082,-0.858996
2.80801,-1.22883,-0.859559
2.80305,-1.2472,-0.860405
2.79622,-1.26477,-0.860687
2.78405,-1.2799,-0.859278
2.77266,-1.29534,-0.85815
2.76987,-1.3148,-0.859841
2.75137,-1.32677,-0.856459
2.75438,-1.34911,-0.860123
2.75379,-1.36983,-0.86266
2.72906,-1.37848,-0.857305
2.73762,-1.40395,-0.862942
2.73321,-1.42294,-0.864351
2.72528,-1.44013,-0.864633
2.724,-1.4609,-0.867169
2.71246,-1.47622,-0.866324
2.68739,-1.48403,-0.860969
2.68995,-1.50705,-0.864914
2.67899,-1.52258,-0.864351
2.66544,-1.53659,-0.862942
2.65844,-1.55437,-0.863787
2.64886,-1.57065,-0.863787
2.63506,-1.58441,-0.862378
2.62529,-1.60054,-0.862378
2.6097,-1.61309,-0.860405
2.59976,-1.62908,-0.860405
2.58809,-1.64397,-0.859841
2.57473,-1.65774,-0.858714
2.5629,-1.67246,-0.85815
2.54779,-1.68498,-0.856459
2.53501,-1.69898,-0.855614
2.52136,-1.71235,-0.854486
2.50132,-1.72126,-0.851104
2.49228,-1.73768,-0.851668
2.47844,-1.75072,-0.850541
2.47155,-1.76869,-0.85195
2.46998,-1.79057,-0.855332
2.45894,-1.80569,-0.855332
2.44628,-1.8196,-0.854768
2.43813,-1.83689,-0.855896
2.42758,-1.85239,-0.856177
2.41465,-1.86608,-0.855614
2.40391,-1.88145,-0.855896
2.39458,-1.89796,-0.856741
2.38363,-1.91321,-0.857023
2.37632,-1.93143,-0.858714
2.36887,-1.94963,-0.860405
2.35465,-1.96229,-0.859559
2.34477,-1.97856,-0.860405
2.33258,-1.99291,-0.860405
2.31523,-2.00279,-0.858432
2.30217,-2.01633,-0.85815
2.29119,-2.03169,-0.858714
2.27654,-2.04378,-0.857868
2.26396,-2.05771,-0.857868
2.24705,-2.06767,-0.856177
2.22871,-2.07619,-0.853923
2.21662,-2.09048,-0.854205
2.19889,-2.09941,-0.852232
2.18666,-2.11353,-0.852513
2.17777,-2.13093,-0.854205
2.16943,-2.14898,-0.856177
2.15891,-2.16497,-0.857305
2.15165,-2.18432,-0.859841
2.13352,-2.19267,-0.857868
2.12202,-2.20779,-0.858714
2.1124,-2.22495,-0.860405
2.09674,-2.23577,-0.859559
2.08363,-2.24929,-0.859841
2.07562,-2.26841,-0.862378
2.06102,-2.28039,-0.862096
2.04955,-2.29585,-0.863223
2.03161,-2.30407,-0.861532
2.01365,-2.31215,-0.859841
2.00005,-2.32519,-0.860123
1.98575,-2.33742,-0.860123
1.97384,-2.3525,-0.861251
1.96365,-2.36973,-0.863223
1.95151,-2.38471,-0.864351
1.93322,-2.39216,-0.86266
1.91671,-2.40173,-0.861814
1.90253,-2.4142,-0.862096
1.88591,-2.42355,-0.861251
1.8751,-2.44041,-0.863223
1.85777,-2.44881,-0.862096
1.84271,-2.46016,-0.862096
1.82644,-2.46988,-0.861532
1.81238,-2.48259,-0.862096
1.79487,-2.49055,-0.860969
1.77343,-2.49292,-0.857868
1.75865,-2.50454,-0.85815
1.73833,-2.50819,-0.855614
1.73104,-2.53068,-0.859841
1.71494,-2.54046,-0.859559
1.70092,-2.55333,-0.860405
1.68364,-2.56131,-0.859559
1.66684,-2.56999,-0.858996
1.65053,-2.57936,-0.858714
1.63057,-2.58295,-0.856459
1.61164,-2.58802,-0.854768
1.59272,-2.59295,-0.853077
1.56633,-2.58545,-0.847159
1.49726,-2.50608,-0.81672
0,0,0
0,0,0
1.28959,-2.25187,-0.721458
0,0,0
0,0,0
1.36983,-2.49725,-0.795864
1.44717,-2.67691,-0.853077
1.43839,-2.70013,-0.857868
1.42046,-2.70636,-0.857023
1.40603,-2.71929,-0.858432
1.39019,-2.72957,-0.858996
1.37299,-2.73719,-0.858714
1.35787,-2.74901,-0.859841
1.34223,-2.75987,-0.860687
1.32984,-2.77758,-0.863787
1.31154,-2.78308,-0.862942
1.29565,-2.79369,-0.863787
1.28008,-2.80507,-0.864914
1.26206,-2.81113,-0.864351
1.24362,-2.81618,-0.863505
1.22211,-2.81408,-0.860405
1.18672,-2.77918,-0.846877
1.18191,-2.8156,-0.856177
1.16681,-2.82812,-0.857868
1.15232,-2.84234,-0.860123
1.13877,-2.85916,-0.863223
1.1275,-2.88217,-0.868296
1.11324,-2.89799,-0.871115
1.10052,-2.91823,-0.875342
0,0,0
0,0,0
0,0,0
0,0,0
0,0,0
0,0,0
0,0,0
0,0,0
0,0,0
0,0,0
0,0,0
0,0,0
0,0,0
0,0,0
0,0,0
0,0,0
0,0,0
0,0,0
0,0,0
0,0,0
0,0,0
0,0,0
0,0,0
0,0,0
0,0,0
0,0,0
0,0,0
0,0,0
0,0,0
0,0,0
0,0,0
0,0,0
0,0,0
0,0,0
0,0,0
0,0,0
0,0,0
0,0,0
0,0,0
0,0,0
0,0,0
0,0,0
0,0,0
0,0,0
0,0,0
0,0,0
0,0,0
0,0,0
0,0,0
0,0,0
0,0,0
0,0,0
0,0,0
0,0,0
0,0,0
0,0,0
0,0,0
0,0,0
0,0,0
0,0,0
0,0,0
0,0,0
0,0,0
0,0,0
0,0,0
0,0,0
0,0,0
0,0,0
0,0,0
0,0,0
0,0,0
0,0,0
0,0,0
0,0,0
0,0,0
0,0,0
0,0,0
0,0,0
0,0,0
0,0,0
0,0,0
0,0,0
0,0,0
0,0,0
0,0,0
0,0,0
0,0,0
0,0,0
0,0,0
0,0,0
0,0,0
0,0,0
0,0,0
0,0,0
0,0,0
0,0,0
0,0,0
0,0,0
0,0,0
0,0,0
0,0,0
0,0,0
0,0,0
0,0,0
0,0,0
0,0,0
0,0,0
0,0,0
0,0,0
0,0,0
0,0,0
0,0,0
0,0,0
0,0,0
0,0,0
0,0,0
0,0,0
0,0,0
0,0,0
0,0,0
0,0,0
0,0,0
0,0,0
0,0,0
0,0,0
0,0,0
0,0,0
0,0,0
0,0,0
0,0,0
0,0,0
0,0,0
0,0,0
0,0,0
0,0,0
0,0,0
0,0,0
0,0,0
0,0,0
0,0,0
0,0,0
0,0,0
0,0,0
0,0,0
0,0,0
0,0,0
0,0,0
0,0,0
0,0,0
0,0,0
0,0,0
0,0,0
0,0,0
0,0,0
0,0,0
0,0,0
0,0,0
0,0,0
0,0,0
0,0,0
0,0,0
0,0,0
0,0,0
0,0,0
0,0,0
0,0,0
0,0,0
0,0,0
0,0,0
0,0,0
0,0,0
0,0,0
0,0,0
0,0,0
0,0,0
0,0,0
0,0,0
0,0,0
0,0,0
0,0,0
0,0,0
0,0,0
0,0,0
0,0,0
0,0,0
0,0,0
0,0,0
0,0,0
0,0,0
0,0,0
0,0,0
0,0,0
0,0,0
0,0,0
0,0,0
0,0,0
0,0,0
0,0,0
0,0,0
0,0,0
0,0,0
0,0,0
0,0,0
0,0,0
0,0,0
0,0,0
0,0,0
0,0,0
0,0,0
0,0,0
0,0,0
0,0,0
0,0,0
0,0,0
0,0,0
0,0,0
0,0,0
0,0,0
0,0,0
0,0,0
0,0,0
0,0,0
0,0,0
0,0,0
0,0,0
0,0,0
0,0,0
0,0,0
0,0,0
0,0,0
0,0,0
0,0,0
0,0,0
0,0,0
0,0,0
0,0,0
0,0,0
0,0,0
0,0,0
0,0,0
0,0,0
0,0,0
0,0,0
0,0,0
0,0,0
0,0,0
0,0,0
0,0,0
0,0,0
0,0,0
0,0,0
0,0,0
0,0,0
0,0,0
0,0,0
0,0,0
0,0,0
0,0,0
0,0,0
0,0,0
0,0,0
0,0,0
0,0,0
0,0,0
0,0,0
0,0,0
0,0,0
0,0,0
0,0,0
0,0,0
0,0,0
0,0,0
0,0,0
0,0,0
0,0,0
0,0,0
0,0,0
0,0,0
0,0,0
0,0,0
0,0,0
0,0,0
0,0,0
0,0,0
0,0,0
0,0,0
0,0,0
0,0,0
0,0,0
0,0,0
0,0,0
0,0,0
0,0,0
0,0,0
0,0,0
0,0,0
0,0,0
0,0,0
0,0,0
0,0,0
0,0,0
0,0,0
0,0,0
0,0,0
0,0,0
0,0,0
0,0,0
0,0,0
0,0,0
0,0,0
0,0,0
0,0,0
0,0,0
0,0,0
0,0,0
0,0,0
0,0,0
0,0,0
0,0,0
0,0,0
0,0,0
0,0,0
0,0,0
0,0,0
0,0,0
0,0,0
0,0,0
0,0,0
0,0,0
0,0,0
0,0,0
0,0,0
0,0,0
0,0,0
0,0,0
0,0,0
0,0,0
0,0,0
0,0,0
0,0,0
0,0,0
0,0,0
0,0,0
0,0,0
0,0,0
0,0,0
0,0,0
0,0,0
0,0,0
0,0,0
0,0,0
0,0,0
0,0,0
0,0,0
0,0,0
0,0,0
0,0,0
0,0,0
0,0,0
0,0,0
0,0,0
0,0,0
0,0,0
0,0,0
0,0,0
0,0,0
0,0,0
0,0,0
0,0,0
0,0,0
0,0,0
0,0,0
0,0,0
0,0,0
0,0,0
0,0,0
0,0,0
0,0,0
0,0,0
0,0,0
0,0,0
0,0,0
0,0,0
0,0,0
0,0,0
0,0,0
0,0,0
0,0,0
0,0,0
0,0,0
0,0,0
0,0,0
0,0,0
0,0,0
0,0,0
0,0,0
0,0,0
0,0,0
0,0,0
0,0,0
0,0,0
0,0,0
0,0,0
0,0,0
0,0,0
0,0,0
0,0,0
0,0,0
0,0,0
0,0,0
0,0,0
0,0,0
0,0,0
0,0,0
0,0,0
0,0,0
0,0,0
0,0,0
0,0,0
0,0,0
0,0,0
0,0,0
0,0,0
0,0,0
0,0,0
0,0,0
0,0,0
0,0,0
0,0,0
0,0,0
0,0,0
0,0,0
0,0,0
0,0,0
0,0,0
0,0,0
0,0,0
0,0,0
0,0,0
0,0,0
0,0,0
0,0,0
0,0,0
0,0,0
0,0,0
0,0,0
0,0,0
0,0,0
0,0,0
0,0,0
0,0,0
0,0,0
0,0,0
0,0,0
0,0,0
0,0,0
0,0,0
0,0,0
0,0,0
0,0,0
0,0,0
0,0,0
0,0,0
0,0,0
0,0,0
0,0,0
0,0,0
0,0,0
0,0,0
0,0,0
0,0,0
0,0,0
0,0,0
0,0,0
0,0,0
0,0,0
0,0,0
0,0,0
0,0,0
0,0,0
0,0,0
0,0,0
0,0,0
0,0,0
0,0,0
0,0,0
0,0,0
0,0,0
0,0,0
0,0,0
0,0,0
0,0,0
0,0,0
0,0,0
0,0,0
0,0,0
0,0,0
0,0,0
0,0,0
0,0,0
0,0,0
0,0,0
0,0,0
0,0,0
0,0,0
0,0,0
0,0,0
0,0,0
0,0,0
0,0,0
0,0,0
0,0,0
0,0,0
0,0,0
0,0,0
0,0,0
0,0,0
0,0,0
0,0,0
0,0,0
0,0,0
0,0,0
0,0,0
0,0,0
0,0,0
0,0,0
0,0,0
0,0,0
0,0,0
0,0,0
0,0,0
0,0,0
0,0,0
0,0,0
0,0,0
0,0,0
0,0,0
0,0,0
0,0,0
0,0,0
0,0,0
0,0,0
0,0,0
0,0,0
0,0,0
0,0,0
0,0,0
0,0,0
0,0,0
0,0,0
0,0,0
0,0,0
0,0,0
0,0,0
0,0,0
0,0,0
0,0,0
0,0,0
0,0,0
0,0,0
0,0,0
0,0,0
0,0,0
0,0,0
0,0,0
0,0,0
0,0,0
0,0,0
0,0,0
0,0,0
0,0,0
0,0,0
0,0,0
0,0,0
0,0,0
0,0,0
0,0,0
0,0,0
0,0,0
0,0,0
0,0,0
0,0,0
0,0,0
0,0,0
0,0,0
0,0,0
0,0,0
0,0,0
0,0,0
0,0,0
0,0,0
0,0,0
0,0,0
0,0,0
0,0,0
0,0,0
0,0,0
0,0,0
0,0,0
0,0,0
0,0,0
0,0,0
0,0,0
0,0,0
0,0,0
0,0,0
0,0,0
0,0,0
0,0,0
0,0,0
1.06057,2.95655,-0.919893
0,0,0
1.09577,2.94063,-0.919015
1.11481,2.93653,-0.919893
1.13764,2.94212,-0.923988
1.15497,2.93331,-0.923403
1.17366,2.92794,-0.923988
1.19594,2.93131,-0.927499
1.2172,2.93186,-0.930132
1.23666,2.92786,-0.931302
1.25309,2.9167,-0.930132
1.26982,2.90633,-0.929254
1.28957,2.90286,-0.930717
1.3046,2.88879,-0.928669
1.31951,2.87465,-0.926621
1.33752,2.86736,-0.926914
1.3514,2.85132,-0.924281
1.37302,2.85159,-0.927206
1.3905,2.84312,-0.927206
1.40706,2.83282,-0.926621
1.42657,2.8284,-0.928084
1.44477,2.82129,-0.928669
1.45941,2.80729,-0.926914
1.47973,2.8042,-0.928962
1.49601,2.79338,-0.928377
1.50855,2.77575,-0.925451
1.52648,2.76811,-0.926036
1.53923,2.75118,-0.923403
1.55514,2.74002,-0.922818
1.57192,2.73043,-0.922818
1.58382,2.71248,-0.919893
1.60092,2.70353,-0.920185
1.62093,2.69939,-0.922233
1.63895,2.69185,-0.923111
1.65695,2.68418,-0.923988
1.67085,2.66991,-0.922526
1.68874,2.66203,-0.923403
1.70504,2.65162,-0.923403
1.71971,2.63871,-0.922526
1.7306,2.62013,-0.9196
1.74079,2.60072,-0.916382
1.75779,2.59157,-0.916968
1.77528,2.5831,-0.917845
1.78563,2.56431,-0.91492
1.80409,2.55721,-0.916382
1.82197,2.54921,-0.917553
1.84038,2.54185,-0.919015
1.85312,2.52666,-0.917553
1.86516,2.51063,-0.915797
1.87823,2.49608,-0.914627
1.89235,2.48299,-0.914042
1.90054,2.46225,-0.910532
1.91326,2.44753,-0.909362
1.9229,2.429,-0.906729
1.94135,2.42163,-0.908484
1.95618,2.40967,-0.908484
1.97275,2.39984,-0.909362
1.98866,2.38916,-0.909947
2.00636,2.38057,-0.911409
2.02217,2.36967,-0.911994
2.03855,2.35938,-0.912872
2.05173,2.34539,-0.912287
2.06735,2.33419,-0.912872
2.07589,2.31505,-0.910239
2.08812,2.30015,-0.909362
2.09961,2.28448,-0.908191
2.10707,2.26455,-0.905266
2.11699,2.24741,-0.903511
2.12876,2.2323,-0.902633
2.14043,2.21713,-0.901756
2.15667,2.20669,-0.902926
2.1668,2.19002,-0.901463
2.17884,2.17533,-0.900878
2.19147,2.16125,-0.900585
2.20058,2.14376,-0.89883
2.213,2.12955,-0.898538
2.22395,2.11396,-0.89766
2.23758,2.10093,-0.897952
2.25814,2.09431,-0.90117
2.27165,2.08106,-0.901463
2.28509,2.06772,-0.901756
2.29702,2.05303,-0.901463
2.30885,2.03826,-0.90117
2.31483,2.0184,-0.898538
2.32572,2.00291,-0.897952
2.33141,1.98303,-0.89532
2.34793,1.97237,-0.897075
2.3644,1.96159,-0.89883
2.37417,1.94523,-0.897952
2.38755,1.93183,-0.898538
2.40235,1.91953,-0.899708
2.40733,1.89942,-0.897075
2.41516,1.88168,-0.895612
2.43045,1.86974,-0.897075
2.43807,1.8519,-0.895612
2.44939,1.83691,-0.895612
2.45293,1.81615,-0.892687
2.46557,1.8022,-0.893272
2.47968,1.78927,-0.894442
2.49529,1.77735,-0.896197
2.50458,1.76091,-0.895612
2.51377,1.74441,-0.895027
2.52443,1.72896,-0.895027
2.54291,1.71879,-0.897952
2.54625,1.69838,-0.89532
2.55902,1.6843,-0.896197
2.56449,1.66544,-0.894442
2.56581,1.644,-0.891224
2.57665,1.62874,-0.891517
2.59471,1.61796,-0.894442
2.60296,1.601,-0.893857
2.61192,1.58451,-0.893564
2.61667,1.56551,-0.891809
2.6287,1.55088,-0.892687
2.63403,1.53232,-0.891224
2.6467,1.51803,-0.892394
2.66179,1.50505,-0.894442
2.67265,1.48962,-0.895027
2.68509,1.47504,-0.896197
2.68484,1.45353,-0.892979
2.70215,1.44153,-0.895905
2.70671,1.42269,-0.894442
2.70774,1.4021,-0.891809
2.71118,1.38286,-0.890054
2.71449,1.36362,-0.888299
2.71509,1.34312,-0.885666
2.72844,1.32895,-0.887421
2.73741,1.3126,-0.887714
2.75406,1.29986,-0.890639
2.75764,1.28092,-0.889176
2.76806,1.26517,-0.890054
2.77403,1.24737,-0.889469
2.77551,1.22762,-0.887421
2.78211,1.21019,-0.887129
2.78421,1.19084,-0.885373
2.78705,1.17188,-0.883911
2.79596,1.15549,-0.884496
2.80122,1.13759,-0.883911
2.81082,1.12144,-0.884788
2.81586,1.10348,-0.884203
1.97114,0.758659,-0.605121
1.97844,0.747564,-0.605999
1.98299,0.73541,-0.605999
1.98746,0.723229,-0.605999
2.06752,0.73801,-0.630572
2.83742,0.993088,-0.878645
2.84165,0.975038,-0.87806
2.84486,0.95667,-0.877182
2.84886,0.938598,-0.876597
2.85275,0.920513,-0.876012
2.86929,0.906447,-0.879523
2.87205,0.887977,-0.878645
2.88019,0.871168,-0.879523
2.88824,0.854292,-0.8804
2.89526,0.837085,-0.880985
2.9031,0.820084,-0.881863
2.90347,0.800985,-0.8804
2.90833,0.783154,-0.8804
2.91308,0.765294,-0.8804
2.9168,0.747168,-0.880108
2.91669,0.7281,-0.878645
2.9369,0.714028,-0.883618
2.94494,0.696874,-0.884788
2.94357,0.677505,-0.883033
2.95794,0.661726,-0.886251
1.13784,0.247482,-0.315216
1.11876,0.236158,-0.30878
1.12018,0.229289,-0.30878
1.11876,0.221854,-0.307902
1.1201,0.214985,-0.307902
1.07908,0.200272,-0.294738
1.085,0.194489,-0.296201
1.07769,0.186364,-0.293568
1.08447,0.180689,-0.295323
1.08934,0.174635,-0.296493
1.11307,0.171434,-0.303514
1.13113,0.16711,-0.30878
1.11415,0.157628,-0.303222
1.1331,0.153217,-0.30878
1.1141,0.1437,-0.302636
1.13015,0.13872,-0.307317
1.16707,0.135976,-0.318434
1.13652,0.125363,-0.30878
1.13726,0.118387,-0.30878
1.13892,0.1115,-0.309072
1.13292,0.103901,-0.307025
1.13925,0.097434,-0.30878
1.13601,0.0901406,-0.30761
1.14799,0.0840019,-0.31112
1.13513,0.076066,-0.307025
1.14321,0.0695615,-0.309365
1.13979,0.0623381,-0.308195
1.14015,0.0553433,-0.308195
1.13856,0.048266,-0.30761
1.15126,0.041725,-0.311413
1.1448,0.0344611,-0.309365
1.13735,0.0272555,-0.307025
1.14036,0.0203265,-0.307902
1.14524,0.0133832,-0.309365
1.14626,0.00636082,-0.309657
1.14437,-0.000670824,-0.309072
1.14243,-0.00767898,-0.308487
1.14332,-0.0147013,-0.30878
1.14225,-0.0216977,-0.308487
1.14209,-0.028706,-0.308487
1.13998,-0.0356528,-0.307902
1.14261,-0.0427552,-0.30878
1.14137,-0.0497234,-0.308487
1.14104,-0.0567257,-0.308487
1.14067,-0.063726,-0.308487
1.1269,-0.0698904,-0.304392
1.12931,-0.0769997,-0.305269
1.12882,-0.0839276,-0.305269
1.12161,-0.0903127,-0.303222
1.12199,-0.097276,-0.303514
1.12899,-0.104869,-0.305854
1.12642,-0.111605,-0.305269
1.12571,-0.118514,-0.305269
1.12116,-0.124994,-0.304099
1.12133,-0.131983,-0.304392
1.13188,-0.140277,-0.307902
1.12815,-0.146848,-0.307025
1.11586,-0.152212,-0.303514
1.12437,-0.16041,-0.306439
1.12621,-0.16773,-0.307317
1.12327,-0.174343,-0.306732
1.11179,-0.179551,-0.303514
1.11916,-0.187797,-0.306147
1.10103,-0.191702,-0.300881
1.13465,-0.204749,-0.311705
1.13807,-0.212587,-0.313168
1.1405,-0.220293,-0.314338
1.21602,-0.242656,-0.338326
1.18547,-0.244124,-0.329257
2.90684,-0.61782,-0.868114
2.90579,-0.636258,-0.868991
2.90743,-0.655338,-0.870746
2.8959,-0.671437,-0.868406
2.88243,-0.686975,-0.865481
2.87816,-0.704648,-0.865481
2.86636,-0.720429,-0.86314
2.85818,-0.737048,-0.86197
2.85083,-0.753837,-0.861093
2.84523,-0.771065,-0.8608
2.84874,-0.790812,-0.863433
2.84291,-0.808015,-0.86314
2.848,-0.828383,-0.866358
2.85295,-0.848843,-0.869576
2.84585,-0.865776,-0.868991
2.85236,-0.886914,-0.872794
2.85507,-0.907006,-0.875427
2.83762,-0.920669,-0.871624
2.8292,-0.937161,-0.870746
2.82068,-0.953584,-0.869869
2.81025,-0.969313,-0.868406
2.80064,-0.985269,-0.867236
2.79454,-1.00243,-0.867236
2.79014,-1.02022,-0.867821
2.78114,-1.03632,-0.866943
2.76936,-1.05133,-0.865188
2.75572,-1.06554,-0.862848
2.74913,-1.08243,-0.862848
2.73623,-1.09678,-0.8608
2.72679,-1.11247,-0.859923
2.72521,-1.13138,-0.861678
2.72174,-1.14957,-0.862848
2.71024,-1.16436,-0.861385
2.71444,-1.18595,-0.865188
2.69925,-1.19908,-0.862555
2.69271,-1.21602,-0.862848
2.6852,-1.23252,-0.862848
2.67239,-1.24654,-0.861093
2.67074,-1.26579,-0.86314
2.66033,-1.2809,-0.862263
2.6593,-1.30057,-0.864603
2.6624,-1.32239,-0.868406
2.65338,-1.33827,-0.868114
2.64257,-1.35322,-0.867236
2.62912,-1.36676,-0.865481
2.61815,-1.38153,-0.864603
2.60457,-1.39486,-0.862848
2.5884,-1.4067,-0.860215
2.57134,-1.41794,-0.85729
2.55926,-1.43182,-0.85612
2.55458,-1.44986,-0.857582
2.5473,-1.46646,-0.858167
2.54568,-1.4864,-0.8608
2.53487,-1.50102,-0.860215
2.53463,-1.52196,-0.863433
2.52687,-1.53848,-0.864018
2.51169,-1.55044,-0.86197
2.50294,-1.56633,-0.862263
2.49005,-1.57961,-0.861093
2.47871,-1.59382,-0.860508
2.46808,-1.60848,-0.860215
2.45657,-1.62254,-0.85963
2.44339,-1.63545,-0.85846
2.43093,-1.6488,-0.857582
2.41446,-1.65935,-0.855242
2.40502,-1.67468,-0.855534
2.39079,-1.68665,-0.854072
2.38818,-1.70685,-0.856997
2.38696,-1.7282,-0.860508
2.38016,-1.74565,-0.86197
2.37631,-1.76535,-0.864603
2.3662,-1.78047,-0.864896
2.35295,-1.79322,-0.864018
2.33963,-1.80587,-0.86314
2.32248,-1.81548,-0.8608
2.3113,-1.8297,-0.8608
2.29779,-1.84205,-0.859923
2.28422,-1.8543,-0.859045
2.27944,-1.87375,-0.861678
2.26202,-1.88281,-0.859337
2.24824,-1.8948,-0.85846
2.2402,-1.91167,-0.859923
2.22337,-1.921,-0.857875
2.21298,-1.93586,-0.85846
2.20607,-1.95384,-0.860508
2.18905,-1.96287,-0.85846
2.17485,-1.97434,-0.857582
2.16339,-1.9883,-0.857875
2.14905,-1.99958,-0.856997
2.13744,-2.01338,-0.85729
2.12366,-2.02514,-0.856705
2.11257,-2.03946,-0.85729
2.10549,-2.05773,-0.85963
2.09622,-2.07398,-0.861093
2.08278,-2.08612,-0.8608
2.06726,-2.09614,-0.85963
2.05569,-2.11015,-0.860215
2.04469,-2.12479,-0.861093
2.02832,-2.13384,-0.85963
2.01715,-2.14833,-0.860508
2.00068,-2.15716,-0.859045
1.99387,-2.17645,-0.86197
1.98048,-2.18864,-0.86197
1.96382,-2.19719,-0.860508
1.94588,-2.20418,-0.85846
1.92729,-2.21031,-0.85612
1.91806,-2.22717,-0.858167
1.90312,-2.23744,-0.857582
1.88751,-2.24687,-0.856705
1.88223,-2.26872,-0.8608
1.86888,-2.28096,-0.861093
1.86026,-2.29908,-0.863725
1.84552,-2.3097,-0.863433
1.82421,-2.31198,-0.859923
1.81234,-2.32614,-0.861093
1.80153,-2.34177,-0.862848
1.78771,-2.35354,-0.86314
1.77381,-2.36523,-0.863433
1.75642,-2.37222,-0.86197
1.74239,-2.38373,-0.862263
1.735,-2.40446,-0.866066
1.71634,-2.40961,-0.864018
1.69767,-2.41461,-0.86197
1.68664,-2.43049,-0.864018
1.67439,-2.44473,-0.865481
1.65454,-2.44783,-0.862848
1.63737,-2.45475,-0.861678
1.6165,-2.45597,-0.85846
1.59671,-2.45862,-0.855827
1.58211,-2.46918,-0.85612
1.56284,-2.47237,-0.853779
1.54764,-2.48192,-0.853779
1.53789,-2.50033,-0.856997
1.50418,-2.47946,-0.846173
0,0,0
0,0,0
1.25782,-2.16202,-0.724185
1.24025,-2.16224,-0.721552
1.23495,-2.18396,-0.726525
0,0,0
0,0,0
1.40801,-2.60074,-0.863725
1.39743,-2.61946,-0.867236
1.3791,-2.62375,-0.865773
1.36122,-2.62876,-0.864603
1.34376,-2.63451,-0.863725
1.32757,-2.64271,-0.863725
1.31048,-2.64909,-0.86314
1.29672,-2.66224,-0.864896
1.28366,-2.67704,-0.867236
1.26844,-2.68746,-0.868114
1.25192,-2.6952,-0.868114
1.23576,-2.7037,-0.868406
1.21993,-2.71297,-0.868991
1.20288,-2.71953,-0.868699
1.1854,-2.72511,-0.868114
1.16565,-2.7253,-0.865773
1.1452,-2.72358,-0.862848
1.12737,-2.72791,-0.86197
1.11313,-2.74097,-0.864018
0,0,0
1.08744,-2.77491,-0.870746
1.07451,-2.79224,-0.874257
1.06276,-2.81309,-0.878938
1.04382,-2.81508,-0.877475
1.02881,-2.82772,-0.879523
1.00791,-2.82407,-0.876305
0.994982,-2.84284,-0.8804
0.981863,-2.86155,-0.884496
0,0,0
0,0,0
0,0,0
0,0,0
0,0,0
0,0,0
0,0,0
0,0,0
0,0,0
0,0,0
0,0,0
0,0,0
0,0,0
0,0,0
0,0,0
0,0,0
0,0,0
0,0,0
0,0,0
0,0,0
0,0,0
0,0,0
0,0,0
0,0,0
0,0,0
0,0,0
0,0,0
0,0,0
0,0,0
0,0,0
0,0,0
0,0,0
0,0,0
0,0,0
0,0,0
0,0,0
0,0,0
0,0,0
0,0,0
0,0,0
0,0,0
0,0,0
0,0,0
0,0,0
0,0,0
0,0,0
0,0,0
0,0,0
0,0,0
0,0,0
0,0,0
0,0,0
0,0,0
0,0,0
0,0,0
0,0,0
0,0,0
0,0,0
0,0,0
0,0,0
0,0,0
0,0,0
0,0,0
0,0,0
0,0,0
0,0,0
0,0,0
0,0,0
0,0,0
0,0,0
0,0,0
0,0,0
0,0,0
0,0,0
0,0,0
0,0,0
0,0,0
0,0,0
0,0,0
0,0,0
0,0,0
0,0,0
0,0,0
0,0,0
0,0,0
0,0,0
0,0,0
0,0,0
0,0,0
0,0,0
0,0,0
0,0,0
0,0,0
0,0,0
0,0,0
0,0,0
0,0,0
0,0,0
0,0,0
0,0,0
0,0,0
0,0,0
0,0,0
0,0,0
0,0,0
0,0,0
0,0,0
0,0,0
0,0,0
0,0,0
0,0,0
0,0,0
0,0,0
0,0,0
0,0,0
0,0,0
0,0,0
0,0,0
0,0,0
0,0,0
0,0,0
0,0,0
0,0,0
0,0,0
0,0,0
0,0,0
0,0,0
0,0,0
0,0,0
0,0,0
0,0,0
0,0,0
0,0,0
0,0,0
0,0,0
0,0,0
0,0,0
0,0,0
0,0,0
0,0,0
0,0,0
0,0,0
0,0,0
0,0,0
0,0,0
0,0,0
0,0,0
0,0,0
0,0,0
0,0,0
0,0,0
0,0,0
0,0,0
0,0,0
0,0,0
0,0,0
0,0,0
0,0,0
0,0,0
0,0,0
0,0,0
0,0,0
0,0,0
0,0,0
0,0,0
0,0,0
0,0,0
0,0,0
0,0,0
0,0,0
0,0,0
0,0,0
0,0,0
0,0,0
0,0,0
0,0,0
0,0,0
0,0,0
0,0,0
0,0,0
0,0,0
0,0,0
0,0,0
0,0,0
0,0,0
0,0,0
0,0,0
0,0,0
0,0,0
0,0,0
0,0,0
0,0,0
0,0,0
0,0,0
0,0,0
0,0,0
0,0,0
0,0,0
0,0,0
0,0,0
0,0,0
0,0,0
0,0,0
0,0,0
0,0,0
0,0,0
0,0,0
0,0,0
0,0,0
0,0,0
0,0,0
0,0,0
0,0,0
0,0,0
0,0,0
0,0,0
0,0,0
0,0,0
0,0,0
0,0,0
0,0,0
0,0,0
0,0,0
0,0,0
0,0,0
0,0,0
0,0,0
0,0,0
0,0,0
0,0,0
0,0,0
0,0,0
0,0,0
0,0,0
0,0,0
0,0,0
0,0,0
0,0,0
0,0,0
0,0,0
0,0,0
0,0,0
0,0,0
0,0,0
0,0,0
0,0,0
0,0,0
0,0,0
0,0,0
0,0,0
0,0,0
0,0,0
0,0,0
0,0,0
0,0,0
0,0,0
0,0,0
0,0,0
0,0,0
0,0,0
0,0,0
0,0,0
0,0,0
0,0,0
0,0,0
0,0,0
0,0,0
0,0,0
0,0,0
0,0,0
0,0,0
0,0,0
0,0,0
0,0,0
0,0,0
0,0,0
0,0,0
0,0,0
0,0,0
0,0,0
0,0,0
0,0,0
0,0,0
0,0,0
0,0,0
0,0,0
0,0,0
0,0,0
0,0,0
0,0,0
0,0,0
0,0,0
0,0,0
0,0,0
0,0,0
0,0,0
0,0,0
0,0,0
0,0,0
0,0,0
0,0,0
0,0,0
0,0,0
0,0,0
0,0,0
0,0,0
0,0,0
0,0,0
0,0,0
0,0,0
0,0,0
0,0,0
0,0,0
0,0,0
0,0,0
0,0,0
0,0,0
0,0,0
0,0,0
0,0,0
0,0,0
0,0,0
0,0,0
0,0,0
0,0,0
0,0,0
0,0,0
0,0,0
0,0,0
0,0,0
0,0,0
0,0,0
0,0,0
0,0,0
0,0,0
0,0,0
0,0,0
0,0,0
0,0,0
0,0,0
0,0,0
0,0,0
0,0,0
0,0,0
0,0,0
0,0,0
0,0,0
0,0,0
0,0,0
0,0,0
0,0,0
0,0,0
0,0,0
0,0,0
0,0,0
0,0,0
0,0,0
0,0,0
0,0,0
0,0,0
0,0,0
0,0,0
0,0,0
0,0,0
0,0,0
0,0,0
0,0,0
0,0,0
0,0,0
0,0,0
0,0,0
0,0,0
0,0,0
0,0,0
0,0,0
0,0,0
0,0,0
0,0,0
0,0,0
0,0,0
0,0,0
0,0,0
0,0,0
0,0,0
0,0,0
0,0,0
0,0,0
0,0,0
0,0,0
0,0,0
0,0,0
0,0,0
0,0,0
0,0,0
0,0,0
0,0,0
0,0,0
0,0,0
0,0,0
0,0,0
0,0,0
0,0,0
0,0,0
0,0,0
0,0,0
0,0,0
0,0,0
0,0,0
0,0,0
0,0,0
0,0,0
0,0,0
0,0,0
0,0,0
0,0,0
0,0,0
0,0,0
0,0,0
0,0,0
0,0,0
0,0,0
0,0,0
0,0,0
0,0,0
0,0,0
0,0,0
0,0,0
0,0,0
0,0,0
0,0,0
0,0,0
0,0,0
0,0,0
0,0,0
0,0,0
0,0,0
0,0,0
0,0,0
0,0,0
0,0,0
0,0,0
0,0,0
0,0,0
0,0,0
0,0,0
0,0,0
0,0,0
0,0,0
0,0,0
0,0,0
0,0,0
0,0,0
0,0,0
0,0,0
0,0,0
0,0,0
0,0,0
0,0,0
0,0,0
0,0,0
0,0,0
0,0,0
0,0,0
0,0,0
0,0,0
0,0,0
0,0,0
0,0,0
0,0,0
0,0,0
0,0,0
0,0,0
0,0,0
0,0,0
0,0,0
0,0,0
0,0,0
0,0,0
0,0,0
0,0,0
0,0,0
0,0,0
0,0,0
0,0,0
0,0,0
0,0,0
0,0,0
0,0,0
0,0,0
0,0,0
0,0,0
0,0,0
0,0,0
0,0,0
0,0,0
0,0,0
0,0,0
0,0,0
0,0,0
0,0,0
0,0,0
0,0,0
0,0,0
0,0,0
0,0,0
0,0,0
0,0,0
0,0,0
0,0,0
0,0,0
0,0,0
0,0,0
0,0,0
0,0,0
0,0,0
0,0,0
0,0,0
0,0,0
0,0,0
0,0,0
0,0,0
0,0,0
0,0,0
0,0,0
0,0,0
0,0,0
0,0,0
0,0,0
0,0,0
0,0,0
0,0,0
0,0,0
0,0,0
0,0,0
0,0,0
0,0,0
0,0,0
0,0,0
0,0,0
0,0,0
0,0,0
0,0,0
0,0,0
0,0,0
0,0,0
0,0,0
0,0,0
0,0,0
0,0,0
0,0,0
0,0,0
0,0,0
0,0,0
0,0,0
0,0,0
0,0,0
0,0,0
0,0,0
0,0,0
0,0,0
0,0,0
0,0,0
0,0,0
0,0,0
0,0,0
0,0,0
0,0,0
0,0,0
0,0,0
0,0,0
0,0,0
0,0,0
0,0,0
0,0,0
0,0,0
0,0,0
0,0,0
0,0,0
0,0,0
0,0,0
0,0,0
0,0,0
0,0,0
0,0,0
0,0,0
0,0,0
0,0,0
0,0,0
0,0,0
0,0,0
0,0,0
0,0,0
0,0,0
0,0,0
0,0,0
0,0,0
0,0,0
0,0,0
0,0,0
0,0,0
0,0,0
0,0,0
0,0,0
0,0,0
0,0,0
0,0,0
0,0,0
0,0,0
0,0,0
0,0,0
0,0,0
0,0,0
0,0,0
0,0,0
0,0,0
0,0,0
0,0,0
0,0,0
0,0,0
0,0,0
0,0,0
0,0,0
0,0,0
0,0,0
0,0,0
0,0,0
0,0,0
0,0,0
0,0,0
0,0,0
0.9226,2.96095,-0.946184
0.941617,2.95795,-0.947094
0.960926,2.95575,-0.948308
0.979644,2.9516,-0.948914
0.991323,2.92658,-0.942544
1.00771,2.91594,-0.941027
1.02558,2.9097,-0.941027
1.0418,2.89887,-0.93951
1.05564,2.88169,-0.93587
1.07297,2.87426,-0.935566
1.09228,2.87208,-0.937083
1.11023,2.86621,-0.937386
1.12779,2.85934,-0.937386
1.14283,2.84618,-0.935263
1.15595,2.82853,-0.931623
1.17256,2.81962,-0.931016
1.18909,2.81062,-0.930409
1.2033,2.79626,-0.927982
1.22082,2.7897,-0.928285
1.2383,2.78303,-0.928589
1.25575,2.77625,-0.928892
1.27316,2.76936,-0.929196
1.29053,2.76236,-0.929499
1.30378,2.74664,-0.926769
1.32226,2.74202,-0.927982
1.34199,2.73984,-0.930106
1.35708,2.72815,-0.928892
1.37165,2.71551,-0.927375
1.39133,2.71298,-0.929499
1.40707,2.7027,-0.928892
1.42452,2.6957,-0.929499
1.44148,2.68775,-0.929802
1.4452,2.65542,-0.921308
1.47389,2.66903,-0.929499
1.49071,2.66076,-0.929802
1.50842,2.65405,-0.930712
1.52372,2.6431,-0.930106
1.53895,2.63205,-0.929499
1.54876,2.6119,-0.925555
1.56279,2.59908,-0.924342
1.57475,2.58293,-0.921915
1.58606,2.56593,-0.919184
1.59722,2.54888,-0.916454
1.61028,2.53501,-0.914937
1.6289,2.52989,-0.916757
1.64647,2.52304,-0.917971
1.66297,2.51448,-0.918578
1.6736,2.4971,-0.915847
1.68782,2.48521,-0.915241
1.70627,2.47952,-0.917061
1.71819,2.46431,-0.915241
1.72998,2.44905,-0.91342
1.74109,2.43296,-0.911297
1.75599,2.42223,-0.911297
1.77476,2.41679,-0.91342
1.79297,2.41044,-0.915241
1.80887,2.40092,-0.915847
1.82819,2.39584,-0.918274
1.83936,2.38005,-0.916454
1.85687,2.37247,-0.917971
1.86666,2.35506,-0.915544
1.8769,2.33836,-0.91342
1.88581,2.32014,-0.91069
1.89637,2.30411,-0.90887
1.90987,2.2917,-0.908567
1.92021,2.27556,-0.906746
1.93846,2.26881,-0.90887
1.95235,2.25688,-0.90887
1.96804,2.247,-0.90978
1.98306,2.23631,-0.910387
1.99229,2.21914,-0.908263
2.00779,2.20899,-0.909173
2.02001,2.19522,-0.908567
2.02955,2.1786,-0.906746
2.04027,2.16334,-0.905533
2.0535,2.15078,-0.905533
2.05938,2.1306,-0.902196
2.06975,2.11519,-0.900982
2.08537,2.10516,-0.902196
2.09622,2.09031,-0.901286
2.10697,2.0754,-0.900376
2.12035,2.0631,-0.900679
2.1316,2.04873,-0.900072
2.14482,2.03627,-0.900376
2.16075,2.02633,-0.901892
2.17733,2.01692,-0.903713
2.19107,2.00481,-0.904319
2.20828,1.9958,-0.906443
2.22404,1.98539,-0.90796
2.23546,1.97107,-0.907656
2.24392,1.95419,-0.90614
2.25732,1.94163,-0.906746
2.25249,1.91354,-0.899769
2.25981,1.89601,-0.897949
2.2692,1.88028,-0.897039
2.27922,1.86512,-0.896432
2.28395,1.84571,-0.893701
2.29672,1.83285,-0.894308
2.30344,1.81518,-0.892488
2.31153,1.79867,-0.891275
2.32781,1.78852,-0.893398
2.34025,1.77535,-0.894005
2.35187,1.76153,-0.894308
2.36186,1.7465,-0.894005
2.37561,1.73422,-0.895218
2.38157,1.71627,-0.893398
2.39284,1.70218,-0.893701
2.40168,1.68637,-0.893095
2.41276,1.67214,-0.893398
2.42533,1.65892,-0.894308
2.43389,1.64294,-0.893701
2.44947,1.63168,-0.895825
2.45944,1.61662,-0.895825
2.47171,1.60305,-0.896735
2.47989,1.58683,-0.896128
2.48395,1.56802,-0.894005
2.49433,1.55325,-0.894308
2.49569,1.53293,-0.891275
2.49691,1.51265,-0.888241
2.50369,1.49583,-0.887331
2.50871,1.47802,-0.885814
2.51609,1.46164,-0.885207
2.52914,1.44854,-0.886724
2.53881,1.43347,-0.887027
2.55755,1.42343,-0.890668
2.56958,1.40954,-0.891881
2.58237,1.39601,-0.893398
2.59425,1.38194,-0.894612
2.60183,1.36555,-0.894308
2.61693,1.35306,-0.896735
2.62179,1.33525,-0.895522
2.62653,1.31743,-0.894308
2.63115,1.2996,-0.893095
2.63222,1.28009,-0.890668
2.63573,1.26186,-0.889151
2.62877,1.23875,-0.883994
2.63718,1.223,-0.884297
2.6403,1.20481,-0.88278
2.64765,1.18859,-0.88278
2.65228,1.17117,-0.88187
2.6664,1.15791,-0.884297
2.67258,1.14115,-0.883994
2.68568,1.12732,-0.886117
2.69079,1.11009,-0.885511
2.70285,1.09571,-0.887331
2.71394,1.08087,-0.888848
2.71254,1.06107,-0.886117
1.96748,0.755394,-0.629771
1.97921,0.746,-0.632198
1.98464,0.734173,-0.632502
1.9909,0.722633,-0.633108
2.22236,0.791387,-0.709861
2.75875,0.963653,-0.889151
2.7556,0.943617,-0.886117
2.76134,0.926691,-0.886117
2.76788,0.910029,-0.886421
2.76978,0.891858,-0.885207
2.77793,0.875707,-0.886117
2.78871,0.860333,-0.887937
2.78846,0.841552,-0.886117
2.79906,0.826047,-0.887937
2.80041,0.807799,-0.886724
2.78606,0.785165,-0.880353
2.79082,0.768055,-0.880353
2.78996,0.749431,-0.878533
2.78345,0.729395,-0.874893
2.79433,0.713956,-0.877016
2.79496,0.695875,-0.875803
2.80751,0.680736,-0.878533
2.82462,0.666566,-0.88278
2.81751,0.64666,-0.87914
1.09826,0.244265,-0.316999
1.1137,0.240553,-0.32155
1.11796,0.234304,-0.32246
1.12591,0.228775,-0.324583
1.11514,0.219458,-0.32064
1.11085,0.211536,-0.318819
1.10651,0.203675,-0.316999
1.09273,0.194199,-0.312145
1.09484,0.187652,-0.312449
1.09503,0.180775,-0.312145
1.09612,0.174053,-0.312145
1.08398,0.165299,-0.307898
1.11608,0.163227,-0.317909
1.10385,0.154512,-0.313662
1.08872,0.145573,-0.308505
1.10472,0.140833,-0.313359
1.13677,0.137869,-0.32337
1.11015,0.127706,-0.314572
1.14217,0.124325,-0.324583
1.12964,0.115939,-0.320336
1.13033,0.109006,-0.320336
1.13193,0.102155,-0.32064
1.09361,0.0918955,-0.308201
1.1179,0.0870573,-0.315786
1.13077,0.081095,-0.319729
1.11603,0.0731426,-0.314876
1.12692,0.0669254,-0.318213
1.12255,0.0597514,-0.316696
1.12099,0.0527708,-0.316089
1.12511,0.0460513,-0.317302
1.12251,0.0390446,-0.316392
1.12178,0.0321281,-0.316089
1.12767,0.0253788,-0.317909
1.12494,0.0184094,-0.316999
1.12122,0.0114637,-0.315786
1.11937,0.00457401,-0.315179
1.12509,-0.00230025,-0.316999
1.11267,-0.00911493,-0.313055
1.12403,-0.016094,-0.316696
1.12867,-0.0230832,-0.318213
1.12755,-0.0299838,-0.317909
1.13402,-0.0371132,-0.320033
1.13662,-0.0441788,-0.320943
1.13062,-0.0509009,-0.319123
1.1398,-0.0583146,-0.322156
1.14228,-0.0654679,-0.323066
1.13995,-0.0723567,-0.32246
1.15185,-0.0801981,-0.326403
1.14658,-0.0869088,-0.324887
1.16122,-0.0951729,-0.329741
1.15492,-0.1018,-0.32792
1.14004,-0.107556,-0.32337
1.14789,-0.115399,-0.3261
1.14432,-0.122139,-0.32519
1.08579,-0.122692,-0.306685
1.09542,-0.130582,-0.310022
1.08893,-0.136596,-0.308201
1.1183,-0.147224,-0.317909
1.12493,-0.155116,-0.320336
1.13245,-0.163231,-0.323066
1.13237,-0.170317,-0.32337
1.13036,-0.177115,-0.323066
1.11608,-0.181915,-0.318819
1.13562,-0.192238,-0.325493
1.11846,-0.196417,-0.320336
1.11255,-0.202428,-0.318819
1.10566,-0.208198,-0.316999
0,0,0
1.0806,-0.217266,-0.309718
0,0,0
2.79461,-0.595791,-0.868522
2.78346,-0.611295,-0.866095
2.78059,-0.628573,-0.866398
2.78132,-0.646699,-0.867915
2.7671,-0.661321,-0.864578
2.76299,-0.678287,-0.864578
2.75601,-0.69453,-0.863668
2.76276,-0.714285,-0.867308
2.76662,-0.733418,-0.870039
2.75287,-0.747885,-0.867005
2.76384,-0.769099,-0.872162
2.74715,-0.782654,-0.868219
2.73681,-0.797897,-0.866398
2.73369,-0.815219,-0.867005
2.72681,-0.831422,-0.866398
2.71711,-0.846722,-0.864882
2.72185,-0.866554,-0.868219
2.72192,-0.885004,-0.870039
2.71101,-0.89989,-0.868219
2.70905,-0.917729,-0.869432
2.70517,-0.934956,-0.870039
2.69489,-0.949955,-0.868522
2.68901,-0.966472,-0.868522
2.68303,-0.982954,-0.868522
2.67605,-0.999065,-0.868219
2.67165,-1.01614,-0.868825
2.66626,-1.03286,-0.869129
2.66342,-1.0506,-0.870342
2.65338,-1.0655,-0.869129
2.6415,-1.0796,-0.867308
2.63043,-1.09396,-0.865792
2.62542,-1.11082,-0.866398
2.62206,-1.12842,-0.867612
2.60897,-1.14181,-0.865488
2.60192,-1.1578,-0.865488
2.59824,-1.17531,-0.866702
2.59011,-1.19083,-0.866398
2.57758,-1.20429,-0.864578
2.56842,-1.21926,-0.863971
2.5626,-1.23583,-0.864578
2.55412,-1.25111,-0.864275
2.55236,-1.26973,-0.866398
2.54197,-1.28407,-0.865488
2.53659,-1.30095,-0.866398
2.5311,-1.31781,-0.867308
2.52296,-1.33332,-0.867308
2.50717,-1.34472,-0.864578
2.49218,-1.35644,-0.862151
2.48381,-1.3717,-0.862151
2.47202,-1.38506,-0.860938
2.46762,-1.40255,-0.862455
2.46144,-1.41909,-0.863365
2.45269,-1.43417,-0.863365
2.4422,-1.44822,-0.862758
2.43572,-1.46465,-0.863668
2.42832,-1.48056,-0.864275
2.41432,-1.49243,-0.862455
2.40673,-1.50822,-0.863061
2.40629,-1.52858,-0.866398
2.39606,-1.5428,-0.866095
2.38495,-1.55643,-0.865488
2.37377,-1.56999,-0.864882
2.35855,-1.58081,-0.862758
2.34959,-1.59579,-0.863061
2.32955,-1.60316,-0.859118
2.32123,-1.61851,-0.859724
2.30814,-1.63052,-0.858511
2.28414,-1.63468,-0.85305
2.2895,-1.65984,-0.859118
2.28235,-1.67611,-0.860331
2.27355,-1.69122,-0.860938
2.2677,-1.70858,-0.862758
2.25566,-1.72131,-0.862151
2.2443,-1.73453,-0.861848
2.23812,-1.75179,-0.863668
2.22807,-1.76609,-0.863971
2.21645,-1.77913,-0.863668
2.20549,-1.79269,-0.863668
2.19445,-1.80619,-0.863668
2.17674,-1.81414,-0.860938
2.16484,-1.82684,-0.860634
2.14561,-1.83329,-0.857297
2.12784,-1.84081,-0.854567
2.12009,-1.85697,-0.856084
2.11578,-1.87626,-0.859118
2.10849,-1.89303,-0.860938
2.1053,-1.91362,-0.864578
2.09352,-1.9265,-0.864578
2.09003,-1.9471,-0.868219
2.07873,-1.96054,-0.868522
2.06184,-1.96865,-0.866398
2.04424,-1.97597,-0.863971
2.03344,-1.98981,-0.864578
2.01848,-1.99957,-0.863365
2.00752,-2.01326,-0.863971
1.9871,-2.0174,-0.860331
1.96937,-2.02409,-0.857904
1.96352,-2.04301,-0.860938
1.95029,-2.05433,-0.860634
1.93308,-2.06139,-0.858511
1.91133,-2.06343,-0.854264
1.89863,-2.07512,-0.854264
1.89225,-2.0938,-0.857297
1.88,-2.10608,-0.857601
1.86515,-2.11543,-0.856691
1.8559,-2.13114,-0.858511
1.84776,-2.14827,-0.860938
1.8401,-2.1661,-0.863668
1.82493,-2.17516,-0.862758
1.80425,-2.17752,-0.859118
1.79448,-2.19297,-0.860938
1.78818,-2.21283,-0.864578
1.77635,-2.22599,-0.865488
1.76266,-2.23685,-0.865488
1.75593,-2.25664,-0.869129
1.74089,-2.26587,-0.868522
1.73329,-2.28485,-0.871859
1.71867,-2.29468,-0.871556
1.69605,-2.2937,-0.867005
1.68195,-2.30406,-0.867005
1.67001,-2.31743,-0.868219
1.64912,-2.31832,-0.864578
1.63816,-2.33307,-0.866398
1.62218,-2.34073,-0.865488
1.60617,-2.34828,-0.864578
1.59173,-2.35809,-0.864578
1.57723,-2.36781,-0.864578
1.55796,-2.37028,-0.861848
1.54546,-2.38299,-0.863061
1.53133,-2.39323,-0.863365
1.51254,-2.39614,-0.860938
1.49227,-2.39648,-0.857601
1.47404,-2.39991,-0.855477
1.442,-2.38039,-0.844859
0,0,0
0,0,0
1.28682,-2.21542,-0.774478
1.22486,-2.13895,-0.743534
1.26141,-2.23436,-0.775691
0,0,0
0,0,0
1.34931,-2.49605,-0.862151
1.33352,-2.50344,-0.861848
1.32079,-2.51664,-0.863668
1.31102,-2.53569,-0.867612
1.29673,-2.54624,-0.868522
1.27895,-2.54989,-0.867005
1.26074,-2.55256,-0.865185
1.24256,-2.55511,-0.863365
1.22274,-2.55409,-0.860331
1.20704,-2.56155,-0.860331
1.1913,-2.56891,-0.860331
1.17195,-2.56837,-0.857601
1.16164,-2.58768,-0.861848
1.1469,-2.59737,-0.862758
1.1336,-2.61048,-0.864882
1.11831,-2.61913,-0.865488
1.10222,-2.62595,-0.865488
1.08281,-2.62473,-0.862758
1.06847,-2.63574,-0.864275
1.05263,-2.64313,-0.864578
1.03709,-2.65132,-0.865185
1.0208,-2.65763,-0.865185
1.0065,-2.66919,-0.867005
0.989438,-2.67353,-0.866398
0.981806,-2.70373,-0.874589
0.961357,-2.69894,-0.870949
0,0,0
0.91982,-2.68619,-0.862758
0,0,0
0,0,0
0,0,0
0,0,0
0,0,0
0,0,0
0,0,0
0,0,0
0,0,0
0,0,0
0,0,0
0,0,0
0,0,0
0,0,0
0,0,0
0,0,0
0,0,0
0,0,0
0,0,0
0,0,0
0,0,0
0,0,0
0,0,0
0,0,0
0,0,0
0,0,0
0,0,0
0,0,0
0,0,0
0,0,0
0,0,0
0,0,0
0,0,0
0,0,0
0,0,0
0,0,0
0,0,0
0,0,0
0,0,0
0,0,0
0,0,0
0,0,0
0,0,0
0,0,0
0,0,0
0,0,0
0,0,0
0,0,0
0,0,0
0,0,0
0,0,0
0,0,0
0,0,0
0,0,0
0,0,0
0,0,0
0,0,0
0,0,0
0,0,0
0,0,0
0,0,0
0,0,0
0,0,0
0,0,0
0,0,0
0,0,0
0,0,0
0,0,0
0,0,0
0,0,0
0,0,0
0,0,0
0,0,0
0,0,0
0,0,0
0,0,0
0,0,0
0,0,0
0,0,0
0,0,0
0,0,0
0,0,0
0,0,0
0,0,0
0,0,0
0,0,0
0,0,0
0,0,0
0,0,0
0,0,0
0,0,0
0,0,0
0,0,0
0,0,0
0,0,0
0,0,0
0,0,0
0,0,0
0,0,0
0,0,0
0,0,0
0,0,0
0,0,0
0,0,0
0,0,0
0,0,0
0,0,0
0,0,0
0,0,0
0,0,0
0,0,0
0,0,0
0,0,0
0,0,0
0,0,0
0,0,0
0,0,0
0,0,0
0,0,0
0,0,0
0,0,0
0,0,0
0,0,0
0,0,0
0,0,0
0,0,0
0,0,0
0,0,0
0,0,0
0,0,0
0,0,0
0,0,0
0,0,0
0,0,0
0,0,0
0,0,0
0,0,0
0,0,0
0,0,0
0,0,0
0,0,0
0,0,0
0,0,0
0,0,0
0,0,0
0,0,0
0,0,0
0,0,0
0,0,0
0,0,0
0,0,0
0,0,0
0,0,0
0,0,0
0,0,0
0,0,0
0,0,0
0,0,0
0,0,0
0,0,0
0,0,0
0,0,0
0,0,0
0,0,0
0,0,0
0,0,0
0,0,0
0,0,0
0,0,0
0,0,0
0,0,0
0,0,0
0,0,0
0,0,0
0,0,0
0,0,0
0,0,0
0,0,0
0,0,0
0,0,0
0,0,0
0,0,0
0,0,0
0,0,0
0,0,0
0,0,0
0,0,0
0,0,0
0,0,0
0,0,0
0,0,0
0,0,0
0,0,0
0,0,0
0,0,0
0,0,0
0,0,0
0,0,0
0,0,0
0,0,0
0,0,0
0,0,0
0,0,0
0,0,0
0,0,0
0,0,0
0,0,0
0,0,0
0,0,0
0,0,0
0,0,0
0,0,0
0,0,0
0,0,0
0,0,0
0,0,0
0,0,0
0,0,0
0,0,0
0,0,0
0,0,0
0,0,0
0,0,0
0,0,0
0,0,0
0,0,0
0,0,0
0,0,0
0,0,0
0,0,0
0,0,0
0,0,0
0,0,0
0,0,0
0,0,0
0,0,0
0,0,0
0,0,0
0,0,0
0,0,0
0,0,0
0,0,0
0,0,0
0,0,0
0,0,0
0,0,0
0,0,0
0,0,0
0,0,0
0,0,0
0,0,0
0,0,0
0,0,0
0,0,0
0,0,0
0,0,0
0,0,0
0,0,0
0,0,0
0,0,0
0,0,0
0,0,0
0,0,0
0,0,0
0,0,0
0,0,0
0,0,0
0,0,0
0,0,0
0,0,0
0,0,0
0,0,0
0,0,0
0,0,0
0,0,0
0,0,0
0,0,0
0,0,0
0,0,0
0,0,0
0,0,0
0,0,0
0,0,0
0,0,0
0,0,0
0,0,0
0,0,0
0,0,0
0,0,0
0,0,0
0,0,0
0,0,0
0,0,0
0,0,0
0,0,0
0,0,0
0,0,0
0,0,0
0,0,0
0,0,0
0,0,0
0,0,0
0,0,0
0,0,0
0,0,0
0,0,0
0,0,0
0,0,0
0,0,0
0,0,0
0,0,0
0,0,0
0,0,0
0,0,0
0,0,0
0,0,0
0,0,0
0,0,0
0,0,0
0,0,0
0,0,0
0,0,0
0,0,0
0,0,0
0,0,0
0,0,0
0,0,0
0,0,0
0,0,0
0,0,0
0,0,0
0,0,0
0,0,0
0,0,0
0,0,0
0,0,0
0,0,0
0,0,0
0,0,0
0,0,0
0,0,0
0,0,0
0,0,0
0,0,0
0,0,0
0,0,0
0,0,0
0,0,0
0,0,0
0,0,0
0,0,0
0,0,0
0,0,0
0,0,0
0,0,0
0,0,0
0,0,0
0,0,0
0,0,0
0,0,0
0,0,0
0,0,0
0,0,0
0,0,0
0,0,0
0,0,0
0,0,0
0,0,0
0,0,0
0,0,0
0,0,0
0,0,0
0,0,0
0,0,0
0,0,0
0,0,0
0,0,0
0,0,0
0,0,0
0,0,0
0,0,0
0,0,0
0,0,0
0,0,0
0,0,0
0,0,0
0,0,0
0,0,0
0,0,0
0,0,0
0,0,0
0,0,0
0,0,0
0,0,0
0,0,0
0,0,0
0,0,0
0,0,0
0,0,0
0,0,0
0,0,0
0,0,0
0,0,0
0,0,0
0,0,0
0,0,0
0,0,0
0,0,0
0,0,0
0,0,0
0,0,0
0,0,0
0,0,0
0,0,0
0,0,0
0,0,0
0,0,0
0,0,0
0,0,0
0,0,0
0,0,0
0,0,0
0,0,0
0,0,0
0,0,0
0,0,0
0,0,0
0,0,0
0,0,0
0,0,0
0,0,0
0,0,0
0,0,0
0,0,0
0,0,0
0,0,0
0,0,0
0,0,0
0,0,0
0,0,0
0,0,0
0,0,0
0,0,0
0,0,0
0,0,0
0,0,0
0,0,0
0,0,0
0,0,0
0,0,0
0,0,0
0,0,0
0,0,0
0,0,0
0,0,0
0,0,0
0,0,0
0,0,0
0,0,0
0,0,0
0,0,0
0,0,0
0,0,0
0,0,0
0,0,0
0,0,0
0,0,0
0,0,0
0,0,0
0,0,0
0,0,0
0,0,0
0,0,0
0,0,0
0,0,0
0,0,0
0,0,0
0,0,0
0,0,0
0,0,0
0,0,0
0,0,0
0,0,0
0,0,0
0,0,0
0,0,0
0,0,0
0,0,0
0,0,0
0,0,0
0,0,0
0,0,0
0,0,0
0,0,0
0,0,0
0,0,0
0,0,0
0,0,0
0,0,0
0,0,0
0,0,0
0,0,0
0,0,0
0,0,0
0,0,0
0,0,0
0,0,0
0,0,0
0,0,0
0,0,0
0,0,0
0,0,0
0,0,0
0,0,0
0,0,0
0,0,0
0,0,0
0,0,0
0,0,0
0,0,0
0,0,0
0,0,0
0,0,0
0,0,0
0,0,0
0,0,0
0,0,0
0,0,0
0,0,0
0,0,0
0,0,0
0,0,0
0,0,0
0,0,0
0,0,0
0,0,0
0,0,0
0,0,0
0,0,0
0,0,0
0,0,0
0,0,0
0,0,0
0,0,0
0,0,0
0,0,0
0,0,0
0,0,0
0,0,0
0,0,0
0,0,0
0,0,0
0,0,0
0,0,0
0,0,0
0,0,0
0,0,0
0,0,0
0,0,0
0,0,0
0,0,0
0,0,0
0,0,0
0,0,0
0,0,0
0,0,0
0,0,0
0,0,0
0,0,0
0,0,0
0,0,0
0,0,0
0,0,0
0,0,0
0,0,0
0,0,0
0,0,0
0,0,0
0,0,0
0,0,0
0,0,0
0,0,0
0,0,0
0,0,0
0,0,0
0,0,0
0,0,0
0,0,0
0,0,0
0,0,0
0,0,0
0,0,0
0,0,0
0,0,0
0,0,0
0,0,0
0,0,0
0,0,0
0,0,0
0,0,0
0,0,0
0,0,0
0,0,0
0,0,0
0,0,0
0,0,0
1.01268,2.76656,-0.93235
1.02433,2.74606,-0.927329
1.04116,2.73973,-0.927329
1.05692,2.73063,-0.926388
1.07226,2.72056,-0.925132
1.09035,2.71745,-0.926388
1.10485,2.70544,-0.924505
1.11961,2.69423,-0.922935
1.13871,2.69343,-0.925132
1.15108,2.67679,-0.92168
1.17091,2.67751,-0.924505
1.18848,2.67288,-0.925446
1.20798,2.67246,-0.927957
1.22634,2.66931,-0.929526
1.2435,2.66345,-0.930153
1.25697,2.64977,-0.927957
1.27321,2.64201,-0.927957
1.28939,2.63414,-0.927957
1.29877,2.61258,-0.922935
1.31349,2.60202,-0.921994
1.329,2.59307,-0.92168
1.34225,2.57981,-0.919797
1.35983,2.57488,-0.921052
1.3756,2.56649,-0.921052
1.39133,2.558,-0.921052
1.41067,2.55607,-0.923563
1.42957,2.55316,-0.92576
1.44474,2.54352,-0.925446
1.45985,2.53378,-0.925132
1.47201,2.51904,-0.922935
1.48308,2.50261,-0.920111
1.49499,2.48776,-0.917914
1.50578,2.47125,-0.91509
1.51692,2.4555,-0.912579
1.52893,2.44132,-0.910696
1.54236,2.42949,-0.909755
1.56032,2.42477,-0.911638
1.5788,2.42071,-0.913834
1.59205,2.4086,-0.912893
1.60627,2.398,-0.912579
1.61935,2.38574,-0.911638
1.63396,2.37576,-0.911638
1.65014,2.36803,-0.912579
1.66464,2.35786,-0.912579
1.67686,2.34451,-0.911324
1.6979,2.34341,-0.91509
1.71506,2.33677,-0.916659
1.73107,2.32849,-0.9176
1.74875,2.32237,-0.919483
1.75548,2.30179,-0.915404
1.77073,2.29247,-0.916031
1.78242,2.27857,-0.914776
1.79165,2.26164,-0.912265
1.80134,2.24542,-0.910069
1.81268,2.23138,-0.908813
1.82996,2.22461,-0.910696
1.84297,2.21261,-0.910382
1.85529,2.19981,-0.909755
1.86875,2.18839,-0.909755
1.88214,2.17688,-0.909755
1.89546,2.16529,-0.909755
1.90997,2.15504,-0.910382
1.92062,2.14045,-0.909127
1.93755,2.13284,-0.91101
1.95189,2.12231,-0.911638
1.9584,2.10335,-0.908499
1.96997,2.08991,-0.907872
1.98013,2.07504,-0.906616
1.98491,2.05465,-0.902851
1.99682,2.04176,-0.902537
2.01131,2.03149,-0.903478
2.01971,2.01509,-0.901595
2.03947,2.00999,-0.905047
2.03748,1.98353,-0.898457
2.05851,1.97955,-0.902537
2.07543,1.97145,-0.904733
2.08611,1.95738,-0.904106
2.09251,1.93938,-0.901595
2.10577,1.92779,-0.902223
2.11756,1.91483,-0.902223
2.13139,1.9037,-0.903164
2.13876,1.88682,-0.901281
2.14457,1.86867,-0.898771
2.15455,1.85424,-0.898143
2.1601,1.83606,-0.895633
2.17133,1.82278,-0.895633
2.17955,1.807,-0.894377
2.19059,1.79359,-0.894377
2.20008,1.77892,-0.89375
2.21318,1.76716,-0.894691
2.221,1.7512,-0.893436
2.23695,1.74162,-0.895633
2.24759,1.72786,-0.895633
2.2574,1.71346,-0.895319
2.26863,1.70015,-0.895633
2.27444,1.68281,-0.89375
2.28472,1.66882,-0.89375
2.29492,1.65477,-0.89375
2.3027,1.63901,-0.892808
2.31583,1.62703,-0.894063
2.33357,1.6182,-0.897202
2.34424,1.60439,-0.897515
2.35797,1.59263,-0.899085
2.37165,1.58077,-0.900654
2.37417,1.56149,-0.897829
2.38052,1.54482,-0.896574
2.38915,1.52968,-0.89626
2.38886,1.50891,-0.892494
2.39565,1.49271,-0.891553
2.40558,1.47848,-0.891867
2.41541,1.46419,-0.89218
2.42109,1.44739,-0.890925
2.43729,1.43685,-0.89375
2.44524,1.42139,-0.893436
2.44815,1.40305,-0.891239
2.4625,1.39127,-0.893436
2.46767,1.37429,-0.89218
2.47356,1.35775,-0.891239
2.48351,1.34345,-0.891867
2.48501,1.32462,-0.889356
2.49561,1.31067,-0.890297
2.50782,1.29751,-0.891867
2.51066,1.27951,-0.889984
2.52016,1.26494,-0.890611
2.51851,1.24482,-0.887159
2.52525,1.22893,-0.886845
2.53103,1.21259,-0.886218
2.52897,1.19259,-0.882766
2.53366,1.17585,-0.881824
2.54428,1.16186,-0.883079
2.54963,1.14544,-0.882452
2.56009,1.13131,-0.883707
2.57307,1.11823,-0.885904
2.58076,1.1028,-0.886218
2.5901,1.08804,-0.887159
2.59937,1.07322,-0.888101
2.60326,1.05618,-0.887159
2.60793,1.03948,-0.886532
2.6178,1.02484,-0.887787
1.97704,0.760143,-0.658693
1.97278,0.744646,-0.655555
1.97998,0.733517,-0.656497
1.98445,0.721354,-0.656497
2.0416,0.727968,-0.675012
2.62148,0.916518,-0.876489
2.63244,0.902262,-0.878372
2.64783,0.889417,-0.881824
2.67308,0.87968,-0.888728
2.67933,0.863553,-0.889042
2.68729,0.847954,-0.889984
2.68882,0.830329,-0.888728
2.68841,0.812168,-0.886845
2.69607,0.796464,-0.887787
2.69726,0.778853,-0.886532
2.69193,0.759454,-0.883079
2.69837,0.743426,-0.883707
2.6928,0.724144,-0.880255
2.70546,0.709775,-0.883079
2.707,0.692456,-0.882138
2.71673,0.67721,-0.884021
2.71714,0.659633,-0.882766
2.73038,0.64513,-0.885904
2.73521,0.628577,-0.886218
1.0747,0.240298,-0.322585
0,0,0
1.1231,0.236669,-0.337962
1.12081,0.229015,-0.336707
1.12033,0.221765,-0.336079
1.12913,0.216313,-0.33859
0,0,0
1.14572,0.204944,-0.343297
1.13947,0.196621,-0.340787
1.1444,0.190247,-0.342042
1.1643,0.186214,-0.348319
1.15134,0.176908,-0.343611
1.1712,0.172603,-0.349888
1.1365,0.160384,-0.337962
1.13182,0.152648,-0.336079
1.14969,0.147875,-0.341728
1.13832,0.139323,-0.337649
1.14859,0.133428,-0.340787
1.14089,0.125447,-0.337962
1.14825,0.119127,-0.340159
1.16124,0.113274,-0.344239
1.15341,0.105372,-0.341414
1.15119,0.0980519,-0.340473
1.11296,0.0879345,-0.327606
1.12485,0.0819274,-0.331372
1.12438,0.0749611,-0.331058
1.12103,0.0678326,-0.329803
1.12237,0.061004,-0.330117
1.09712,0.0528912,-0.321643
1.12873,0.0474635,-0.332
1.11476,0.0400309,-0.327292
1.11594,0.033218,-0.327606
1.08954,0.0257519,-0.318819
1.09253,0.0191149,-0.31976
1.12301,0.0127446,-0.329803
1.10882,0.00578468,-0.325095
1.11168,-0.0010227,-0.326037
1.12115,-0.00791433,-0.329175
1.12393,-0.0148321,-0.330117
1.12192,-0.0216907,-0.329489
1.12082,-0.0285497,-0.329175
1.11872,-0.0353657,-0.328548
1.09666,-0.0413975,-0.32133
1.09259,-0.0479578,-0.320074
1.11124,-0.0556171,-0.326351
1.12605,-0.0632925,-0.331372
1.11522,-0.0695468,-0.32792
1.13655,-0.0778892,-0.335138
1.137,-0.0849325,-0.335452
1.14592,-0.0926762,-0.33859
1.08763,-0.0946622,-0.319447
1.11256,-0.103723,-0.32792
1.14686,-0.114036,-0.339532
1.11498,-0.117768,-0.329175
1.13877,-0.12736,-0.337335
1.16814,-0.137918,-0.347377
1.17763,-0.146375,-0.350829
1.20401,-0.157171,-0.35993
1.21714,-0.166491,-0.364638
1.22549,-0.175304,-0.367776
1.22439,-0.18282,-0.367776
1.19323,-0.185648,-0.357733
2.71412,-0.439877,-0.867388
2.71137,-0.456523,-0.867388
1.1045,-0.192699,-0.329175
1.1388,-0.205904,-0.341101
1.13004,-0.211488,-0.33859
1.13152,-0.21896,-0.339532
1.11992,-0.223848,-0.336079
1.11945,-0.230907,-0.336393
0,0,0
2.67551,-0.586775,-0.863936
2.67093,-0.602971,-0.863622
2.66718,-0.619348,-0.863622
2.66333,-0.635702,-0.863622
2.66952,-0.654521,-0.867074
2.66546,-0.670888,-0.867074
2.66497,-0.688181,-0.86833
2.66253,-0.705006,-0.868957
2.65815,-0.72133,-0.868957
2.64727,-0.735845,-0.86676
2.63997,-0.751295,-0.865819
2.63349,-0.766948,-0.865191
2.62873,-0.783092,-0.865191
2.62297,-0.79893,-0.864877
2.61983,-0.815574,-0.865505
2.61749,-0.832497,-0.866447
2.61324,-0.848836,-0.86676
2.60978,-0.865452,-0.867388
2.60442,-0.881449,-0.867388
2.59896,-0.897413,-0.867388
2.59072,-0.912397,-0.866447
2.58776,-0.929239,-0.867388
2.58825,-0.947385,-0.869585
2.57883,-0.961921,-0.86833
2.57199,-0.977389,-0.868016
2.57037,-0.994866,-0.869585
2.5651,-1.01097,-0.869899
2.55973,-1.02704,-0.870213
2.5525,-1.04237,-0.869899
2.53904,-1.05509,-0.867388
2.53864,-1.07324,-0.869585
2.53724,-1.09105,-0.871468
2.5218,-1.10279,-0.86833
2.51672,-1.11902,-0.868957
2.51327,-1.136,-0.870213
2.50539,-1.15101,-0.869899
2.50688,-1.17038,-0.873037
2.49965,-1.18574,-0.873037
2.48977,-1.19981,-0.872096
2.49003,-1.21883,-0.87492
2.4723,-1.22901,-0.871154
2.46472,-1.24416,-0.871154
2.45197,-1.25666,-0.869271
2.43494,-1.26686,-0.865819
2.42713,-1.28177,-0.865819
2.41419,-1.29395,-0.863936
2.40371,-1.30738,-0.862994
2.40395,-1.32669,-0.866133
2.38914,-1.3377,-0.863622
2.38914,-1.35703,-0.86676
2.37995,-1.37119,-0.866447
2.37641,-1.38864,-0.86833
2.36948,-1.40416,-0.868957
2.35756,-1.41672,-0.867702
2.34558,-1.42918,-0.866447
2.33757,-1.44405,-0.86676
2.33028,-1.45937,-0.867388
2.32128,-1.47364,-0.867388
2.3074,-1.48477,-0.865505
2.29905,-1.49942,-0.865819
2.29139,-1.51455,-0.866447
2.28678,-1.53175,-0.86833
2.27341,-1.54309,-0.86676
2.26077,-1.55485,-0.865505
2.24808,-1.56652,-0.86425
2.23687,-1.57919,-0.863622
2.22637,-1.59234,-0.863308
2.21271,-1.60318,-0.861739
2.20053,-1.61504,-0.860798
2.18906,-1.62738,-0.86017
2.17827,-1.64021,-0.859856
2.17345,-1.65758,-0.862053
2.16024,-1.66856,-0.860798
2.14772,-1.68003,-0.859856
2.14258,-1.6973,-0.862053
2.13138,-1.70982,-0.861739
2.11864,-1.72107,-0.860798
2.11317,-1.73826,-0.862994
2.09882,-1.74816,-0.861425
2.09458,-1.76651,-0.86425
2.08731,-1.78241,-0.865819
2.07059,-1.79022,-0.863308
2.06314,-1.80602,-0.864877
2.05415,-1.82053,-0.865819
2.04082,-1.8312,-0.864877
2.02744,-1.84177,-0.863936
2.01261,-1.85096,-0.862367
2.00469,-1.86651,-0.863936
1.99458,-1.88008,-0.864564
1.98506,-1.89425,-0.865505
1.97545,-1.90838,-0.866447
1.96167,-1.91847,-0.865505
1.95323,-1.93381,-0.867074
1.94603,-1.95046,-0.869271
1.92936,-1.95763,-0.867074
1.91135,-1.96331,-0.86425
1.89795,-1.97363,-0.863622
1.88123,-1.98042,-0.861425
1.86774,-1.99054,-0.860798
1.84968,-1.9957,-0.857973
1.83997,-2.00981,-0.859229
1.83461,-2.02881,-0.862681
1.82718,-2.04569,-0.865191
1.81522,-2.05758,-0.865505
1.80443,-2.07083,-0.866447
1.79355,-2.08402,-0.867388
1.78258,-2.09716,-0.86833
1.76662,-2.10442,-0.86676
1.75186,-2.11302,-0.865819
1.73766,-2.12226,-0.865191
1.73057,-2.14027,-0.86833
1.71859,-2.15233,-0.868957
1.70124,-2.15762,-0.86676
1.68738,-2.16727,-0.866447
1.67116,-2.17381,-0.864877
1.65894,-2.18554,-0.865505
1.65005,-2.20176,-0.868016
1.63538,-2.21031,-0.867388
1.62515,-2.22491,-0.869271
1.61313,-2.23715,-0.870213
1.59662,-2.24314,-0.868643
1.58665,-2.25833,-0.87084
1.5706,-2.2649,-0.869585
1.55131,-2.26666,-0.866447
1.5395,-2.27928,-0.867702
1.52233,-2.28395,-0.865819
1.50567,-2.28928,-0.86425
1.49367,-2.30166,-0.865505
1.479,-2.30998,-0.865191
1.45517,-2.30376,-0.859229
1.43599,-2.30458,-0.85609
1.40094,-2.27937,-0.84291
1.35003,-2.22703,-0.819373
1.29688,-2.16925,-0.793953
1.26475,-2.14527,-0.781713
1.24774,-2.14642,-0.779203
1.23361,-2.15239,-0.778575
1.22084,-2.16074,-0.778889
1.22788,-2.20469,-0.792697
1.20291,-2.19138,-0.784852
1.27074,-2.34905,-0.84134
1.28532,-2.41127,-0.861739
1.27271,-2.42331,-0.863308
1.25956,-2.43445,-0.864564
1.24934,-2.45144,-0.868016
1.23513,-2.46076,-0.868643
1.21833,-2.46488,-0.867388
1.20442,-2.47487,-0.86833
1.18593,-2.47537,-0.865819
1.17032,-2.48174,-0.865505
1.15667,-2.49232,-0.86676
1.14096,-2.4985,-0.866447
1.126,-2.50632,-0.86676
1.1129,-2.5184,-0.868643
1.09742,-2.52518,-0.868643
1.08377,-2.53623,-0.870213
1.07003,-2.54721,-0.871782
1.05619,-2.55811,-0.873351
1.04404,-2.57335,-0.876489
1.02964,-2.58323,-0.877744
1.01515,-2.59304,-0.879
0.998884,-2.59833,-0.878686
0.983257,-2.6053,-0.879
0.968242,-2.61396,-0.879941
0.94797,-2.60825,-0.875861
0.926849,-2.5997,-0.87084
0,0,0
0.891184,-2.6001,-0.867074
0,0,0
0,0,0
0,0,0
0,0,0
0,0,0
0,0,0
0,0,0
0,0,0
0,0,0
0,0,0
0,0,0
0,0,0
0,0,0
0,0,0
0,0,0
0,0,0
0,0,0
0,0,0
0,0,0
0,0,0
0,0,0
0,0,0
0,0,0
0,0,0
0,0,0
0,0,0
0,0,0
0,0,0
0,0,0
0,0,0
0,0,0
0,0,0
0,0,0
0,0,0
0,0,0
0,0,0
0,0,0
0,0,0
0,0,0
0,0,0
0,0,0
0,0,0
0,0,0
0,0,0
0,0,0
0,0,0
0,0,0
0,0,0
0,0,0
0,0,0
0,0,0
0,0,0
0,0,0
0,0,0
0,0,0
0,0,0
0,0,0
0,0,0
0,0,0
0,0,0
0,0,0
0,0,0
0,0,0
0,0,0
0,0,0
0,0,0
0,0,0
0,0,0
0,0,0
0,0,0
0,0,0
0,0,0
0,0,0
0,0,0
0,0,0
0,0,0
0,0,0
0,0,0
0,0,0
0,0,0
0,0,0
0,0,0
0,0,0
0,0,0
0,0,0
0,0,0
0,0,0
0,0,0
0,0,0
0,0,0
0,0,0
0,0,0
0,0,0
0,0,0
0,0,0
0,0,0
0,0,0
0,0,0
0,0,0
0,0,0
0,0,0
0,0,0
0,0,0
0,0,0
0,0,0
0,0,0
0,0,0
0,0,0
0,0,0
0,0,0
0,0,0
0,0,0
0,0,0
0,0,0
0,0,0
0,0,0
0,0,0
0,0,0
0,0,0
0,0,0
0,0,0
0,0,0
0,0,0
0,0,0
0,0,0
0,0,0
0,0,0
0,0,0
0,0,0
0,0,0
0,0,0
0,0,0
0,0,0
0,0,0
0,0,0
0,0,0
0,0,0
0,0,0
0,0,0
0,0,0
0,0,0
0,0,0
0,0,0
0,0,0
0,0,0
0,0,0
0,0,0
0,0,0
0,0,0
0,0,0
0,0,0
0,0,0
0,0,0
0,0,0
0,0,0
0,0,0
0,0,0
0,0,0
0,0,0
0,0,0
0,0,0
0,0,0
0,0,0
0,0,0
0,0,0
0,0,0
0,0,0
0,0,0
0,0,0
0,0,0
0,0,0
0,0,0
0,0,0
0,0,0
0,0,0
0,0,0
0,0,0
0,0,0
0,0,0
0,0,0
0,0,0
0,0,0
0,0,0
0,0,0
0,0,0
0,0,0
0,0,0
0,0,0
0,0,0
0,0,0
0,0,0
0,0,0
0,0,0
0,0,0
0,0,0
0,0,0
0,0,0
0,0,0
0,0,0
0,0,0
0,0,0
0,0,0
0,0,0
0,0,0
0,0,0
0,0,0
0,0,0
0,0,0
0,0,0
0,0,0
0,0,0
0,0,0
0,0,0
0,0,0
0,0,0
0,0,0
0,0,0
0,0,0
0,0,0
0,0,0
0,0,0
0,0,0
0,0,0
0,0,0
0,0,0
0,0,0
0,0,0
0,0,0
0,0,0
0,0,0
0,0,0
0,0,0
0,0,0
0,0,0
0,0,0
0,0,0
0,0,0
0,0,0
0,0,0
0,0,0
0,0,0
0,0,0
0,0,0
0,0,0
0,0,0
0,0,0
0,0,0
0,0,0
0,0,0
0,0,0
0,0,0
0,0,0
0,0,0
0,0,0
0,0,0
0,0,0
0,0,0
0,0,0
0,0,0
0,0,0
0,0,0
0,0,0
0,0,0
0,0,0
0,0,0
0,0,0
0,0,0
0,0,0
0,0,0
0,0,0
0,0,0
0,0,0
0,0,0
0,0,0
0,0,0
0,0,0
0,0,0
0,0,0
0,0,0
0,0,0
0,0,0
0,0,0
0,0,0
0,0,0
0,0,0
0,0,0
0,0,0
0,0,0
0,0,0
0,0,0
0,0,0
0,0,0
0,0,0
0,0,0
0,0,0
0,0,0
0,0,0
0,0,0
0,0,0
0,0,0
0,0,0
0,0,0
0,0,0
0,0,0
0,0,0
0,0,0
0,0,0
0,0,0
0,0,0
0,0,0
0,0,0
0,0,0
0,0,0
0,0,0
0,0,0
0,0,0
0,0,0
0,0,0
0,0,0
0,0,0
0,0,0
0,0,0
0,0,0
0,0,0
0,0,0
0,0,0
0,0,0
0,0,0
0,0,0
0,0,0
0,0,0
0,0,0
0,0,0
0,0,0
0,0,0
0,0,0
0,0,0
0,0,0
0,0,0
0,0,0
0,0,0
0,0,0
0,0,0
0,0,0
0,0,0
0,0,0
0,0,0
0,0,0
0,0,0
0,0,0
0,0,0
0,0,0
0,0,0
0,0,0
0,0,0
0,0,0
0,0,0
0,0,0
0,0,0
0,0,0
0,0,0
0,0,0
0,0,0
0,0,0
0,0,0
0,0,0
0,0,0
0,0,0
0,0,0
0,0,0
0,0,0
0,0,0
0,0,0
0,0,0
0,0,0
0,0,0
0,0,0
0,0,0
0,0,0
0,0,0
0,0,0
0,0,0
0,0,0
0,0,0
0,0,0
0,0,0
0,0,0
0,0,0
0,0,0
0,0,0
0,0,0
0,0,0
0,0,0
0,0,0
0,0,0
0,0,0
0,0,0
0,0,0
0,0,0
0,0,0
0,0,0
0,0,0
0,0,0
0,0,0
0,0,0
0,0,0
0,0,0
0,0,0
0,0,0
0,0,0
0,0,0
0,0,0
0,0,0
0,0,0
0,0,0
0,0,0
0,0,0
0,0,0
0,0,0
0,0,0
0,0,0
0,0,0
0,0,0
0,0,0
0,0,0
0,0,0
0,0,0
0,0,0
0,0,0
0,0,0
0,0,0
0,0,0
0,0,0
0,0,0
0,0,0
0,0,0
0,0,0
0,0,0
0,0,0
0,0,0
0,0,0
0,0,0
0,0,0
0,0,0
0,0,0
0,0,0
0,0,0
0,0,0
0,0,0
0,0,0
0,0,0
0,0,0
0,0,0
0,0,0
0,0,0
0,0,0
0,0,0
0,0,0
0,0,0
0,0,0
0,0,0
0,0,0
0,0,0
0,0,0
0,0,0
0,0,0
0,0,0
0,0,0
0,0,0
0,0,0
0,0,0
0,0,0
0,0,0
0,0,0
0,0,0
0,0,0
0,0,0
0,0,0
0,0,0
0,0,0
0,0,0
0,0,0
0,0,0
0,0,0
0,0,0
0,0,0
0,0,0
0,0,0
0,0,0
0,0,0
0,0,0
0,0,0
0,0,0
0,0,0
0,0,0
0,0,0
0,0,0
0,0,0
0,0,0
0,0,0
0,0,0
0,0,0
0,0,0
0,0,0
0,0,0
0,0,0
0,0,0
0,0,0
0,0,0
0,0,0
0,0,0
0,0,0
0,0,0
0,0,0
0,0,0
0,0,0
0,0,0
0,0,0
0,0,0
0,0,0
0,0,0
0,0,0
0,0,0
0,0,0
0,0,0
0,0,0
0,0,0
0,0,0
0,0,0
0,0,0
0,0,0
0,0,0
0,0,0
0,0,0
0,0,0
0,0,0
0,0,0
0,0,0
0,0,0
0,0,0
0,0,0
0,0,0
0,0,0
0,0,0
0,0,0
0,0,0
0,0,0
0,0,0
0,0,0
0,0,0
0,0,0
0,0,0
0,0,0
0,0,0
0,0,0
0,0,0
0,0,0
0,0,0
0,0,0
0,0,0
0,0,0
0,0,0
0,0,0
0,0,0
0,0,0
0,0,0
0,0,0
0,0,0
0,0,0
0,0,0
0,0,0
0,0,0
0,0,0
0,0,0
0,0,0
0,0,0
0,0,0
0,0,0
0,0,0
0,0,0
0,0,0
0,0,0
0,0,0
0,0,0
0,0,0
0,0,0
0,0,0
0,0,0
0,0,0
0,0,0
0,0,0
0,0,0
0,0,0
0,0,0
0,0,0
0,0,0
0,0,0
0,0,0
0,0,0
0,0,0
0,0,0
0,0,0
0,0,0
0,0,0
0,0,0
0,0,0
0,0,0
0,0,0
0,0,0
0,0,0
0,0,0
0,0,0
0,0,0
0,0,0
0,0,0
0,0,0
0,0,0
0,0,0
0,0,0
0,0,0
0,0,0
0,0,0
0,0,0
0,0,0
0,0,0
0,0,0
0,0,0
0,0,0
0,0,0
0,0,0
0.849857,2.72718,-0.938094
0.866288,2.72101,-0.93777
0.883259,2.71655,-0.938094
0.895447,2.69761,-0.933228
0.910466,2.68758,-0.931606
0.931261,2.69446,-0.936148
0.948718,2.69138,-0.937121
0.964895,2.68461,-0.936797
0.981999,2.68042,-0.937446
0.994462,2.66371,-0.933553
1.00743,2.64871,-0.930309
1.02264,2.63984,-0.929335
1.02841,2.60711,-0.919603
1.04404,2.59987,-0.919278
1.0589,2.59079,-0.918305
1.07478,2.58424,-0.918305
1.09356,2.58457,-0.920901
1.1094,2.57781,-0.920901
1.12822,2.57789,-0.923496
1.14556,2.57438,-0.924793
1.16055,2.56558,-0.924145
1.17746,2.56098,-0.925118
1.19555,2.55885,-0.927064
1.20961,2.54805,-0.925767
1.22809,2.54655,-0.928038
1.24494,2.54151,-0.929011
1.25841,2.52959,-0.927389
1.27731,2.52858,-0.929984
1.28935,2.51396,-0.927389
1.30039,2.49761,-0.924145
1.31702,2.49209,-0.925118
1.33228,2.48396,-0.925118
1.3475,2.47574,-0.925118
1.36541,2.4724,-0.927064
1.37963,2.46232,-0.926416
1.39191,2.44887,-0.924469
1.40502,2.43701,-0.923171
1.41279,2.41609,-0.918305
1.42373,2.40087,-0.91571
1.43892,2.39289,-0.916034
1.44915,2.37675,-0.913115
1.46321,2.36701,-0.91279
1.48122,2.3636,-0.915061
1.49823,2.35846,-0.916683
1.51523,2.3532,-0.918305
1.53274,2.34861,-0.920252
1.54556,2.3368,-0.919278
1.56408,2.33356,-0.921874
1.57783,2.32313,-0.921549
1.58991,2.31029,-0.920252
1.60406,2.30049,-0.920252
1.62087,2.29447,-0.921874
1.63162,2.27986,-0.919927
1.64835,2.27364,-0.921549
1.65835,2.25814,-0.919278
1.67218,2.24793,-0.919278
1.68537,2.23687,-0.918954
1.68759,2.21144,-0.912466
1.70229,2.20254,-0.913115
1.71461,2.19056,-0.912466
1.72449,2.17555,-0.910519
1.74136,2.16936,-0.912466
1.75106,2.15423,-0.910519
1.76665,2.14636,-0.911817
1.78341,2.13985,-0.913763
1.79468,2.12669,-0.91279
1.80831,2.11636,-0.913115
1.82188,2.10594,-0.913439
1.83165,2.09116,-0.911817
1.83943,2.07422,-0.909222
1.8496,2.06008,-0.907924
1.86284,2.04939,-0.908248
1.87794,2.04071,-0.909546
1.8872,2.02568,-0.907924
1.89895,2.01338,-0.9076
1.91323,2.00374,-0.908573
1.92746,1.99401,-0.909546
1.93635,1.97876,-0.907924
1.94712,1.9655,-0.907275
1.9558,1.95017,-0.905653
1.97177,1.94212,-0.9076
1.98229,1.92866,-0.906951
1.99341,1.91581,-0.906626
2.0113,1.90941,-0.909546
2.01884,1.89314,-0.9076
2.03042,1.88072,-0.9076
2.04192,1.86823,-0.9076
2.04071,1.84424,-0.90176
2.04564,1.82601,-0.89884
2.05397,1.81092,-0.897543
2.05791,1.79207,-0.894299
2.07031,1.78065,-0.894948
2.08408,1.77036,-0.896245
2.10069,1.76241,-0.89884
2.11511,1.7525,-0.900463
2.12875,1.74189,-0.90176
2.14307,1.73177,-0.903382
2.14257,1.70973,-0.898516
2.14411,1.68952,-0.894623
2.15668,1.67808,-0.895596
2.15568,1.65616,-0.89073
2.17786,1.65206,-0.895921
2.1819,1.63412,-0.893325
2.1858,1.6162,-0.89073
2.20714,1.61113,-0.895596
2.22695,1.60475,-0.899814
2.22982,1.58612,-0.896894
2.24725,1.57785,-0.900138
2.24912,1.55864,-0.896894
2.2563,1.54321,-0.895921
2.26573,1.52933,-0.895921
2.27271,1.51383,-0.894948
2.28353,1.50089,-0.895596
2.29349,1.48737,-0.895921
2.30417,1.47429,-0.89657
2.31157,1.45911,-0.895921
2.31807,1.4434,-0.894948
2.33172,1.43212,-0.896894
2.33723,1.41583,-0.895596
2.34668,1.40194,-0.895921
2.36013,1.3904,-0.897867
2.37025,1.37684,-0.898516
2.38932,1.36839,-0.902733
2.38203,1.34486,-0.89657
2.39106,1.33068,-0.896894
2.39504,1.31371,-0.895272
2.40472,1.29989,-0.895921
2.41515,1.28644,-0.896894
2.42886,1.27468,-0.899165
2.42488,1.25367,-0.894623
2.43674,1.24091,-0.896245
2.44008,1.22381,-0.894623
2.44754,1.20882,-0.894623
2.45576,1.19419,-0.894948
2.46219,1.17869,-0.894623
2.46767,1.16276,-0.893974
2.47733,1.14879,-0.894948
2.48089,1.13199,-0.89365
2.48951,1.11753,-0.894299
2.49459,1.10146,-0.89365
2.49957,1.08538,-0.893001
2.49748,1.06631,-0.889757
2.497,1.04803,-0.887162
2.50688,1.03413,-0.888459
2.49127,1.00984,-0.880349
2.50708,0.998389,-0.883917
2.02961,0.793617,-0.705815
1.99295,0.765191,-0.690567
1.9746,0.744261,-0.682133
1.97203,0.729502,-0.679537
1.98092,0.719004,-0.681159
1.98173,0.705565,-0.679862
2.54407,0.888569,-0.88262
2.56558,0.878464,-0.888459
2.55747,0.858186,-0.883593
2.56808,0.844252,-0.88554
2.57501,0.82906,-0.886188
2.58366,0.814383,-0.887486
2.58319,0.796839,-0.88554
2.5835,0.779606,-0.883917
2.59186,0.764812,-0.885215
2.60469,0.751257,-0.888135
2.60651,0.73449,-0.887162
2.60277,0.71622,-0.884242
2.60894,0.700728,-0.884891
2.61868,0.686148,-0.886837
2.61551,0.668191,-0.884242
2.62507,0.653503,-0.886188
2.62443,0.636267,-0.884566
2.63013,0.620587,-0.885215
1.15245,0.263809,-0.363884
1.15036,0.255908,-0.362586
1.14174,0.246638,-0.359018
1.1312,0.237093,-0.3548
1.1419,0.23204,-0.358044
1.11639,0.219705,-0.348636
1.13072,0.215342,-0.353178
1.17016,0.215459,-0.366479
1.11559,0.198287,-0.347014
1.19509,0.204942,-0.374265
1.18606,0.195899,-0.370697
1.19378,0.189663,-0.372967
1.19118,0.181761,-0.37167
1.16607,0.170589,-0.362586
1.13244,0.158543,-0.350583
1.06964,0.143001,-0.328523
1.02546,0.130647,-0.312951
0.993385,0.120333,-0.301597
0.976252,0.112163,-0.295433
0.962818,0.104622,-0.290567
0.967205,0.0991021,-0.291864
0.965912,0.0929821,-0.291215
0.963639,0.0867957,-0.290242
0.963211,0.0808011,-0.289918
0.981605,0.0763031,-0.296082
0.978281,0.0700042,-0.294784
0.987187,0.0645657,-0.297704
0.983787,0.0582791,-0.296406
0.97657,0.0518317,-0.293811
0.97498,0.0457477,-0.293162
0.976188,0.0398041,-0.293486
0.972632,0.0336782,-0.292189
0.964311,0.0274572,-0.289269
0.954059,0.0212951,-0.2857
0.961738,0.0155722,-0.288296
0.966545,0.009724,-0.289918
0.964694,0.00378354,-0.289269
0.972267,-0.00214354,-0.291864
0.974127,-0.00812277,-0.292513
0.973113,-0.0140872,-0.292189
0.959768,-0.0198005,-0.287647
0.970976,-0.0259793,-0.29154
0.967016,-0.0318167,-0.290242
0.968693,-0.0378212,-0.290891
0.968443,-0.0437643,-0.290891
0.953041,-0.0489476,-0.2857
0.951778,-0.0547412,-0.285376
0.948592,-0.0604033,-0.284403
0.951035,-0.0664169,-0.285376
0.957212,-0.0727449,-0.287647
0.949205,-0.0780062,-0.285052
0.950593,-0.0839932,-0.2857
0.955711,-0.0903518,-0.287647
0.962669,-0.0969636,-0.290242
0.976166,-0.10436,-0.295108
1.00183,-0.113294,-0.304192
1.04057,-0.124101,-0.317817
1.09986,-0.137956,-0.33858
1.1609,-0.152787,-0.359991
1.18243,-0.162986,-0.367777
1.19171,-0.171712,-0.371345
1.18222,-0.177763,-0.368426
1.18204,-0.18516,-0.36875
1.18275,-0.192711,-0.369399
1.16289,-0.196826,-0.362911
1.14954,-0.201843,-0.358693
1.1306,-0.205693,-0.352529
1.12931,-0.212626,-0.352529
0,0,0
1.1294,-0.227025,-0.353503
1.12799,-0.233951,-0.353503
1.13393,-0.242443,-0.356098
0,0,0
2.64321,-0.597575,-0.88781
2.62751,-0.611002,-0.883593
2.61175,-0.624259,-0.879376
2.60512,-0.639598,-0.878402
2.59839,-0.654878,-0.877429
2.58975,-0.669627,-0.875807
2.58284,-0.684779,-0.874834
2.57768,-0.700366,-0.87451
2.57242,-0.715916,-0.874185
2.57253,-0.732981,-0.875807
2.56708,-0.748487,-0.875483
2.55065,-0.760715,-0.871265
2.54322,-0.775525,-0.870292
2.53932,-0.791396,-0.870617
2.53712,-0.807822,-0.87159
2.52762,-0.821914,-0.869968
2.52522,-0.8383,-0.870941
2.5272,-0.856204,-0.873536
2.52458,-0.87262,-0.87451
2.52631,-0.890607,-0.877105
2.52525,-0.90769,-0.878727
2.51697,-0.922192,-0.877754
2.51924,-0.940593,-0.880673
2.50193,-0.951666,-0.876456
2.48722,-0.963586,-0.873212
2.48214,-0.979176,-0.873536
2.47345,-0.993332,-0.872563
2.47694,-1.01242,-0.876132
2.47068,-1.0276,-0.876132
2.47217,-1.04606,-0.879051
2.47614,-1.06569,-0.882944
2.46608,-1.07935,-0.881647
2.46374,-1.09638,-0.883269
2.46214,-1.11381,-0.885215
2.44408,-1.12377,-0.880998
2.44314,-1.14154,-0.883269
2.43694,-1.15692,-0.883593
1.16346,-0.561779,-0.401516
0,0,0
0,0,0
1.18248,-0.598015,-0.41287
1.18131,-0.606553,-0.413843
1.17337,-0.611608,-0.412221
1.16207,-0.614821,-0.409302
1.15828,-0.62194,-0.409302
1.15693,-0.630391,-0.410275
1.14145,-0.63108,-0.405733
2.36575,-1.32557,-0.888459
2.33454,-1.32698,-0.879376
2.32307,-1.33939,-0.878078
2.30828,-1.34981,-0.875483
2.29263,-1.3596,-0.872563
2.28262,-1.37267,-0.871914
2.26365,-1.38025,-0.867697
2.26078,-1.3976,-0.869968
2.25697,-1.41445,-0.871914
2.23866,-1.42219,-0.868021
2.23864,-1.44153,-0.87159
2.23213,-1.45679,-0.872563
2.21921,-1.46785,-0.870941
2.21723,-1.48618,-0.873861
2.20572,-1.49816,-0.872887
2.19259,-1.50899,-0.871265
2.17941,-1.51971,-0.869643
2.17546,-1.53687,-0.871914
2.15829,-1.54469,-0.86867
2.14264,-1.55346,-0.866075
2.1285,-1.56322,-0.864128
2.11507,-1.57343,-0.862506
2.10613,-1.58695,-0.862831
2.10087,-1.60329,-0.864777
2.085,-1.61152,-0.862182
2.07954,-1.62778,-0.864128
2.07396,-1.64403,-0.866075
2.06531,-1.65791,-0.866724
2.06024,-1.67473,-0.868994
2.0492,-1.68674,-0.86867
2.03881,-1.69928,-0.86867
2.03196,-1.7148,-0.870292
2.01852,-1.72478,-0.868994
2.00575,-1.73528,-0.868021
1.9972,-1.74942,-0.868994
1.98502,-1.76039,-0.868346
1.97066,-1.76938,-0.866724
1.95836,-1.78017,-0.866075
1.94183,-1.78703,-0.863479
1.92668,-1.79504,-0.861533
1.917,-1.80813,-0.862182
1.90587,-1.81985,-0.862182
1.89535,-1.83217,-0.862506
1.88948,-1.84906,-0.865102
1.88415,-1.86661,-0.868021
1.87467,-1.88014,-0.868994
1.8631,-1.89161,-0.868994
1.85211,-1.90368,-0.869319
1.83843,-1.91296,-0.868346
1.82601,-1.92352,-0.868021
1.8187,-1.93952,-0.870292
1.80484,-1.94856,-0.869319
1.79668,-1.96378,-0.871265
1.78523,-1.97547,-0.87159
1.77308,-1.98639,-0.87159
1.75898,-1.9951,-0.870617
1.74546,-2.00443,-0.869968
1.73128,-2.01295,-0.868994
1.71767,-2.0221,-0.868346
1.70036,-2.0268,-0.86575
1.6885,-2.03793,-0.866075
1.67656,-2.04898,-0.866399
1.66693,-2.06291,-0.868021
1.65601,-2.07531,-0.868994
1.64735,-2.09064,-0.871265
1.63914,-2.10667,-0.873861
1.63022,-2.12194,-0.876132
1.61717,-2.1319,-0.876132
1.60689,-2.14557,-0.877754
1.58751,-2.14703,-0.874185
1.5743,-2.15673,-0.874185
1.55827,-2.16251,-0.872563
1.5362,-2.1597,-0.867372
1.524,-2.17063,-0.868021
1.50742,-2.17528,-0.866075
1.49191,-2.18137,-0.864777
1.48009,-2.19283,-0.86575
1.46345,-2.19715,-0.863804
1.44891,-2.20451,-0.863155
1.4369,-2.21574,-0.864128
1.41919,-2.21814,-0.861533
1.4005,-2.21881,-0.858289
1.38436,-2.22335,-0.856667
1.33998,-2.18184,-0.836553
1.30989,-2.16252,-0.825523
1.29029,-2.15996,-0.821306
1.26211,-2.14258,-0.811249
1.24371,-2.14129,-0.80768
1.22914,-2.14642,-0.806707
1.21734,-2.15639,-0.80768
1.20961,-2.17373,-0.811573
1.22994,-2.24247,-0.83558
1.24497,-2.30322,-0.856342
1.23526,-2.31916,-0.859587
1.22321,-2.33089,-0.861209
1.21193,-2.34423,-0.863479
1.20354,-2.36342,-0.868021
1.18816,-2.36907,-0.867372
1.1757,-2.38055,-0.868994
1.16314,-2.39197,-0.870617
1.1464,-2.3948,-0.868994
1.13047,-2.39922,-0.868021
1.11533,-2.40526,-0.867697
1.09859,-2.40775,-0.866075
1.08534,-2.4179,-0.867372
1.07202,-2.42798,-0.86867
1.05634,-2.43277,-0.868021
1.04326,-2.44356,-0.869643
1.03301,-2.46125,-0.873861
1.01752,-2.46667,-0.873536
1.00379,-2.47637,-0.874834
0.992783,-2.49303,-0.878727
0.968499,-2.47617,-0.870292
0.964831,-2.51208,-0.881322
0.942383,-2.49937,-0.87451
0.924729,-2.4989,-0.872239
0,0,0
0,0,0
0,0,0
0,0,0
0,0,0
0,0,0
0,0,0
0,0,0
0,0,0
0,0,0
0,0,0
0,0,0
0,0,0
0,0,0
0,0,0
0,0,0
0,0,0
0,0,0
0,0,0
0,0,0
0,0,0
0,0,0
0,0,0
0,0,0
0,0,0
0,0,0
0,0,0
0,0,0
0,0,0
0,0,0
0,0,0
0,0,0
0,0,0
0,0,0
0,0,0
0,0,0
0,0,0
0,0,0
0,0,0
0,0,0
0,0,0
0,0,0
0,0,0
0,0,0
0,0,0
0,0,0
0,0,0
0,0,0
0,0,0
0,0,0
0,0,0
0,0,0
0,0,0
0,0,0
0,0,0
0,0,0
0,0,0
0,0,0
0,0,0
0,0,0
0,0,0
0,0,0
0,0,0
0,0,0
0,0,0
0,0,0
0,0,0
0,0,0
0,0,0
0,0,0
0,0,0
0,0,0
0,0,0
0,0,0
0,0,0
0,0,0
0,0,0
0,0,0
0,0,0
0,0,0
0,0,0
0,0,0
0,0,0
0,0,0
0,0,0
0,0,0
0,0,0
0,0,0
0,0,0
0,0,0
0,0,0
0,0,0
0,0,0
0,0,0
0,0,0
0,0,0
0,0,0
0,0,0
0,0,0
0,0,0
0,0,0
0,0,0
0,0,0
0,0,0
0,0,0
0,0,0
0,0,0
0,0,0
0,0,0
0,0,0
0,0,0
0,0,0
0,0,0
0,0,0
0,0,0
0,0,0
0,0,0
0,0,0
0,0,0
0,0,0
0,0,0
0,0,0
0,0,0
0,0,0
0,0,0
0,0,0
0,0,0
0,0,0
0,0,0
0,0,0
0,0,0
0,0,0
0,0,0
0,0,0
0,0,0
0,0,0
0,0,0
0,0,0
0,0,0
0,0,0
0,0,0
0,0,0
0,0,0
0,0,0
0,0,0
0,0,0
0,0,0
0,0,0
0,0,0
0,0,0
0,0,0
0,0,0
0,0,0
0,0,0
0,0,0
0,0,0
0,0,0
0,0,0
0,0,0
0,0,0
0,0,0
0,0,0
0,0,0
0,0,0
0,0,0
0,0,0
0,0,0
0,0,0
0,0,0
0,0,0
0,0,0
0,0,0
0,0,0
0,0,0
0,0,0
0,0,0
0,0,0
0,0,0
0,0,0
0,0,0
0,0,0
0,0,0
0,0,0
0,0,0
0,0,0
0,0,0
0,0,0
0,0,0
0,0,0
0,0,0
0,0,0
0,0,0
0,0,0
0,0,0
0,0,0
0,0,0
0,0,0
0,0,0
0,0,0
0,0,0
0,0,0
0,0,0
0,0,0
0,0,0
0,0,0
0,0,0
0,0,0
0,0,0
0,0,0
0,0,0
0,0,0
0,0,0
0,0,0
0,0,0
0,0,0
0,0,0
0,0,0
0,0,0
0,0,0
0,0,0
0,0,0
0,0,0
0,0,0
0,0,0
0,0,0
0,0,0
0,0,0
0,0,0
0,0,0
0,0,0
0,0,0
0,0,0
0,0,0
0,0,0
0,0,0
0,0,0
0,0,0
0,0,0
0,0,0
0,0,0
0,0,0
0,0,0
0,0,0
0,0,0
0,0,0
0,0,0
0,0,0
0,0,0
0,0,0
0,0,0
0,0,0
0,0,0
0,0,0
0,0,0
0,0,0
0,0,0
0,0,0
0,0,0
0,0,0
0,0,0
0,0,0
0,0,0
0,0,0
0,0,0
0,0,0
0,0,0
0,0,0
0,0,0
0,0,0
0,0,0
0,0,0
0,0,0
0,0,0
0,0,0
0,0,0
0,0,0
0,0,0
0,0,0
0,0,0
0,0,0
0,0,0
0,0,0
0,0,0
0,0,0
0,0,0
0,0,0
0,0,0
0,0,0
0,0,0
0,0,0
0,0,0
0,0,0
0,0,0
0,0,0
0,0,0
0,0,0
0,0,0
0,0,0
0,0,0
0,0,0
0,0,0
0,0,0
0,0,0
0,0,0
0,0,0
0,0,0
0,0,0
0,0,0
0,0,0
0,0,0
0,0,0
0,0,0
0,0,0
0,0,0
0,0,0
0,0,0
0,0,0
0,0,0
0,0,0
0,0,0
0,0,0
0,0,0
0,0,0
0,0,0
0,0,0
0,0,0
0,0,0
0,0,0
0,0,0
0,0,0
0,0,0
0,0,0
0,0,0
0,0,0
0,0,0
0,0,0
0,0,0
0,0,0
0,0,0
0,0,0
0,0,0
0,0,0
0,0,0
0,0,0
0,0,0
0,0,0
0,0,0
0,0,0
0,0,0
0,0,0
0,0,0
0,0,0
0,0,0
0,0,0
0,0,0
0,0,0
0,0,0
0,0,0
0,0,0
0,0,0
0,0,0
0,0,0
0,0,0
0,0,0
0,0,0
0,0,0
0,0,0
0,0,0
0,0,0
0,0,0
0,0,0
0,0,0
0,0,0
0,0,0
0,0,0
0,0,0
0,0,0
0,0,0
0,0,0
0,0,0
0,0,0
0,0,0
0,0,0
0,0,0
0,0,0
0,0,0
0,0,0
0,0,0
0,0,0
0,0,0
0,0,0
0,0,0
0,0,0
0,0,0
0,0,0
0,0,0
0,0,0
0,0,0
0,0,0
0,0,0
0,0,0
0,0,0
0,0,0
0,0,0
0,0,0
0,0,0
0,0,0
0,0,0
0,0,0
0,0,0
0,0,0
0,0,0
0,0,0
0,0,0
0,0,0
0,0,0
0,0,0
0,0,0
0,0,0
0,0,0
0,0,0
0,0,0
0,0,0
0,0,0
0,0,0
0,0,0
0,0,0
0,0,0
0,0,0
0,0,0
0,0,0
0,0,0
0,0,0
0,0,0
0,0,0
0,0,0
0,0,0
0,0,0
0,0,0
0,0,0
0,0,0
0,0,0
0,0,0
0,0,0
0,0,0
0,0,0
0,0,0
0,0,0
0,0,0
0,0,0
0,0,0
0,0,0
0,0,0
0,0,0
0,0,0
0,0,0
0,0,0
0,0,0
0,0,0
0,0,0
0,0,0
0,0,0
0,0,0
0,0,0
0,0,0
0,0,0
0,0,0
0,0,0
0,0,0
0,0,0
0,0,0
0,0,0
0,0,0
0,0,0
0,0,0
0,0,0
0,0,0
0,0,0
0,0,0
0,0,0
0,0,0
0,0,0
0,0,0
0,0,0
0,0,0
0,0,0
0,0,0
0,0,0
0,0,0
0,0,0
0,0,0
0,0,0
0,0,0
0,0,0
0,0,0
0,0,0
0,0,0
0,0,0
0,0,0
0,0,0
0,0,0
0,0,0
0,0,0
0,0,0
0,0,0
0,0,0
0,0,0
0,0,0
0,0,0
0,0,0
0,0,0
0,0,0
0,0,0
0,0,0
0,0,0
0,0,0
0,0,0
0,0,0
0,0,0
0,0,0
0,0,0
0,0,0
0,0,0
0,0,0
0,0,0
0,0,0
0,0,0
0,0,0
0,0,0
0,0,0
0,0,0
0,0,0
0,0,0
0,0,0
0,0,0
0,0,0
0,0,0
0,0,0
0,0,0
0,0,0
0,0,0
0,0,0
0,0,0
0,0,0
0,0,0
0,0,0
0,0,0
0,0,0
0,0,0
0,0,0
0,0,0
0,0,0
0,0,0
0,0,0
0,0,0
0,0,0
0,0,0
0,0,0
0,0,0
0,0,0
0,0,0
0,0,0
0,0,0
0,0,0
0,0,0
0,0,0
0,0,0
0,0,0
0,0,0
0,0,0
0,0,0
0,0,0
0,0,0
0,0,0
0,0,0
0,0,0
0,0,0
0,0,0
0,0,0
0,0,0
0,0,0
0,0,0
0,0,0
0,0,0
0,0,0
0,0,0
0,0,0
0,0,0
0,0,0
0,0,0
0,0,0
0,0,0
0,0,0
0,0,0
0,0,0
0,0,0
0,0,0
0,0,0
0,0,0
0,0,0
0,0,0
0,0,0
0,0,0
0,0,0
0,0,0
0,0,0
0,0,0
0,0,0
0,0,0
0,0,0
0.932913,2.54873,-0.921458
0,0,0
0.966799,2.54413,-0.924133
0.983412,2.54079,-0.925137
0.995872,2.52682,-0.922127
1.01627,2.5329,-0.926809
1.03286,2.52924,-0.927813
1.04619,2.51763,-0.925806
1.06052,2.50856,-0.924802
1.07701,2.5046,-0.925806
1.09387,2.5014,-0.927144
1.10766,2.4912,-0.925806
1.12681,2.49294,-0.92915
1.14051,2.48255,-0.927813
1.15572,2.47551,-0.927813
1.16968,2.46582,-0.926809
1.18274,2.45435,-0.925137
1.20109,2.45382,-0.927813
1.2199,2.454,-0.930823
1.23706,2.45067,-0.932495
1.25767,2.45394,-0.936843
1.27052,2.44199,-0.935171
1.28416,2.43165,-0.934167
1.29416,2.41459,-0.930488
1.30625,2.40164,-0.928482
1.31732,2.38698,-0.925806
1.32964,2.37474,-0.924133
1.34092,2.3608,-0.921792
1.35115,2.34518,-0.918782
1.36504,2.33603,-0.918448
1.37742,2.32437,-0.91711
1.38972,2.31264,-0.915772
1.40388,2.30407,-0.915772
1.41948,2.29782,-0.916775
1.43505,2.29146,-0.917779
1.45363,2.28977,-0.920789
1.46918,2.28319,-0.921792
1.48111,2.27097,-0.920454
1.49761,2.26577,-0.922127
1.51096,2.25576,-0.921792
1.52213,2.24255,-0.92012
1.53639,2.23394,-0.920454
1.54738,2.22061,-0.918782
1.56315,2.21415,-0.92012
1.57067,2.19608,-0.916441
1.58246,2.18412,-0.915437
1.59806,2.1774,-0.916775
1.60914,2.16453,-0.915437
1.62353,2.15612,-0.916106
1.63387,2.14238,-0.914434
1.64122,2.12485,-0.911089
1.65597,2.11697,-0.912093
1.6701,2.10825,-0.912762
1.67769,2.09134,-0.909751
1.69406,2.0854,-0.911758
1.70263,2.06987,-0.909417
1.7147,2.05866,-0.909083
1.73034,2.0517,-0.910755
1.73922,2.03675,-0.908748
1.74675,2.02033,-0.906072
1.75974,2.01029,-0.906407
1.76704,1.99381,-0.903731
1.78868,1.99345,-0.908748
1.80215,1.98383,-0.909417
1.81747,1.9762,-0.911089
1.83149,1.96708,-0.912093
1.8487,1.9613,-0.914768
1.86135,1.9506,-0.915103
1.87787,1.94388,-0.917444
1.88449,1.92693,-0.914768
1.89429,1.91333,-0.913765
1.89665,1.89235,-0.909083
1.90957,1.882,-0.909751
1.9096,1.85907,-0.904066
1.91893,1.84536,-0.903062
1.92543,1.82901,-0.900721
1.93112,1.812,-0.898045
1.94082,1.79884,-0.897376
1.95252,1.78753,-0.897711
1.95226,1.76541,-0.892359
1.96236,1.75277,-0.892025
1.97732,1.74443,-0.894032
1.98585,1.73041,-0.893028
2.00143,1.7225,-0.89537
2.01699,1.71446,-0.897711
2.02603,1.70084,-0.897042
2.04658,1.69679,-0.901724
2.05769,1.6848,-0.902059
2.07605,1.67866,-0.905738
2.08631,1.66589,-0.905738
2.09279,1.65014,-0.904066
2.09916,1.63437,-0.902393
2.09644,1.6117,-0.896707
2.10629,1.5988,-0.896707
2.11305,1.58359,-0.89537
2.11742,1.56667,-0.893028
2.13384,1.55865,-0.896038
2.14489,1.54663,-0.896707
2.15742,1.53563,-0.898045
2.1668,1.52236,-0.898045
2.17377,1.50743,-0.897042
2.1892,1.49832,-0.899718
2.19367,1.48169,-0.897711
2.19802,1.46507,-0.895704
2.21248,1.45518,-0.898045
2.22215,1.44209,-0.89838
2.22778,1.42639,-0.897042
2.23889,1.41421,-0.898045
2.24272,1.39745,-0.896038
2.25366,1.38515,-0.897042
2.26857,1.3752,-0.899718
2.27777,1.36174,-0.900052
2.28365,1.3463,-0.899049
2.29187,1.33226,-0.899049
0,0,0
0,0,0
1.13689,0.633405,-0.420095
1.1548,0.634124,-0.425781
1.15204,0.623441,-0.423105
1.16249,0.619905,-0.425781
1.17212,0.615827,-0.428122
1.17838,0.609923,-0.429125
1.18546,0.604392,-0.430463
1.22031,0.612744,-0.442839
1.19955,0.593139,-0.433139
1.21503,0.591539,-0.437822
1.21524,0.582444,-0.436484
1.21112,0.57136,-0.433474
1.22571,0.569074,-0.437822
1.2249,0.559586,-0.436149
1.22401,0.550129,-0.434477
1.23426,0.545655,-0.437153
2.41572,1.04987,-0.893028
2.42731,1.03725,-0.895035
2.41973,1.0165,-0.889684
2.43202,1.00415,-0.892025
2.43202,0.986731,-0.889684
2.44854,0.975975,-0.893697
1.94547,0.761745,-0.699708
1.94483,0.747765,-0.697701
1.94497,0.734155,-0.696028
1.95032,0.722534,-0.696363
1.95738,0.711519,-0.697366
1.9768,0.704873,-0.703052
2.03446,0.711384,-0.72312
2.49169,0.854045,-0.893028
2.47723,0.832141,-0.88567
2.49124,0.81987,-0.889015
2.49712,0.804857,-0.889349
2.50022,0.788953,-0.88868
2.49601,0.770818,-0.885336
2.50791,0.757668,-0.888011
2.51974,0.7444,-0.890687
2.52516,0.729187,-0.891021
2.5305,0.713934,-0.891356
2.53392,0.698144,-0.891021
2.54089,0.683317,-0.892025
2.55871,0.671299,-0.897042
2.56552,0.656286,-0.898045
2.57224,0.641216,-0.899049
1.15291,0.280131,-0.37929
1.12159,0.265255,-0.367249
1.15718,0.266172,-0.379625
1.17719,0.263173,-0.386314
1.15391,0.250554,-0.377283
1.14713,0.241724,-0.374273
1.14951,0.234869,-0.374608
1.13059,0.223792,-0.367249
1.12824,0.216143,-0.365912
1.13047,0.209387,-0.366246
1.12895,0.20195,-0.365243
1.12181,0.19358,-0.362233
1.10624,0.183917,-0.356212
1.09618,0.175344,-0.352199
1.05905,0.16276,-0.338486
1.03765,0.152968,-0.330458
1.02924,0.145285,-0.327114
0.960058,0.129545,-0.302029
0.932792,0.120055,-0.291995
0.923221,0.113073,-0.288316
0.9136,0.106214,-0.284637
0.915171,0.100709,-0.284971
0.914834,0.0949947,-0.284637
0.9154,0.0893796,-0.284637
0.914993,0.0836757,-0.284302
0.916428,0.0781395,-0.284637
0.91783,0.0725888,-0.284971
0.922017,0.0672283,-0.286309
0.919592,0.0613825,-0.285306
0.908662,0.0550599,-0.281292
0.91557,0.0498391,-0.283633
0.914918,0.0441753,-0.283299
0.916113,0.0385999,-0.283633
0.918216,0.0330449,-0.284302
0.915576,0.0273272,-0.283299
0.915726,0.0217088,-0.283299
0.92338,0.0162187,-0.285975
0.924405,0.0105629,-0.286309
0.920683,0.00487243,-0.284971
0.921638,-0.000778077,-0.285306
0.918788,-0.00641214,-0.284302
0.919674,-0.0120624,-0.284637
0.914872,-0.0176124,-0.282964
0.91192,-0.0231526,-0.281961
0.915528,-0.028868,-0.283299
0.915334,-0.0344851,-0.283299
0.915105,-0.0401008,-0.283299
0.914842,-0.045715,-0.283299
0.916426,-0.051434,-0.283968
0.91139,-0.0567611,-0.282295
0.917606,-0.0628056,-0.284637
0.916264,-0.0683642,-0.284302
0.915827,-0.073985,-0.284302
0.906906,-0.0788645,-0.281292
0.912035,-0.0849546,-0.283299
0.913372,-0.0907363,-0.283968
0.910924,-0.0961403,-0.283299
0.921556,-0.102989,-0.287312
0.95179,-0.112299,-0.29835
1.00252,-0.124548,-0.316745
1.05406,-0.137545,-0.335475
1.09055,-0.149132,-0.348854
1.13905,-0.16291,-0.366581
1.14642,-0.171151,-0.369591
1.14628,-0.178327,-0.369925
1.15447,-0.186866,-0.37327
1.14958,-0.19332,-0.371932
1.12424,-0.19615,-0.363236
1.12116,-0.202708,-0.362567
1.10044,-0.205936,-0.355543
1.10101,-0.213043,-0.356212
1.10892,-0.221646,-0.359557
2.44945,-0.505739,-0.845869
2.45183,-0.521937,-0.847875
1.13779,-0.249292,-0.371598
1.13991,-0.2571,-0.372935
0,0,0
1.13942,-0.271726,-0.373939
0,0,0
0,0,0
2.51293,-0.648895,-0.879315
2.5089,-0.664302,-0.879315
2.49841,-0.677955,-0.876974
2.4942,-0.693272,-0.876974
2.4899,-0.708564,-0.876974
2.48551,-0.723828,-0.876974
2.47831,-0.738257,-0.875971
2.46652,-0.751252,-0.873295
2.46366,-0.766933,-0.873964
2.45891,-0.782035,-0.873964
2.45138,-0.796234,-0.87296
2.44734,-0.811558,-0.873295
2.44142,-0.826257,-0.87296
2.43631,-0.841221,-0.87296
2.43377,-0.857094,-0.873964
2.43378,-0.873923,-0.875971
2.43014,-0.889488,-0.876639
2.42552,-0.904712,-0.876974
2.42257,-0.920582,-0.877977
2.416,-0.935089,-0.877643
2.41109,-0.950242,-0.877977
2.40259,-0.963965,-0.876974
2.39489,-0.977976,-0.876305
2.39667,-0.995908,-0.879315
0,0,0
1.21471,-0.52211,-0.427453
1.22011,-0.533331,-0.430798
1.20821,-0.536977,-0.427453
1.20489,-0.54438,-0.427453
1.19125,-0.54704,-0.42344
1.18446,-0.552744,-0.422102
1.1853,-0.562022,-0.423774
1.17334,-0.565192,-0.420429
1.15377,-0.564506,-0.414075
0,0,0
1.14928,-0.579896,-0.415078
1.14402,-0.586077,-0.414409
0,0,0
0,0,0
1.12307,-0.601692,-0.410395
1.13012,-0.614427,-0.414744
1.12963,-0.623172,-0.416081
1.13236,-0.633775,-0.418757
1.13747,-0.645833,-0.422436
1.1392,-0.656094,-0.424777
0,0,0
2.21249,-1.3111,-0.870954
2.20037,-1.32223,-0.869281
2.19222,-1.3357,-0.869281
2.18558,-1.35012,-0.86995
2.17646,-1.36301,-0.869616
2.17203,-1.37886,-0.871288
2.1564,-1.38757,-0.868278
2.15653,-1.40644,-0.871957
2.15021,-1.42121,-0.87296
2.13832,-1.43227,-0.871623
2.12871,-1.44484,-0.871288
2.11981,-1.45787,-0.871288
2.11005,-1.47031,-0.870954
2.10792,-1.48812,-0.873964
2.08955,-1.49445,-0.86995
2.07576,-1.50393,-0.867943
2.07257,-1.5211,-0.870619
2.05942,-1.53097,-0.868947
2.04923,-1.54301,-0.868612
2.03973,-1.55556,-0.868612
2.02641,-1.56516,-0.86694
2.019,-1.57931,-0.867943
2.01075,-1.59284,-0.868612
2.00167,-1.60574,-0.868947
1.99105,-1.61739,-0.868612
1.97672,-1.62599,-0.866606
1.96743,-1.63869,-0.86694
1.95302,-1.64708,-0.864933
1.94144,-1.65781,-0.864264
1.92909,-1.66784,-0.863261
1.92237,-1.68275,-0.864933
1.91271,-1.69514,-0.865268
1.90648,-1.71062,-0.867274
1.90153,-1.72736,-0.86995
1.88882,-1.73708,-0.868947
1.88019,-1.75056,-0.86995
1.86873,-1.76142,-0.869616
1.85584,-1.7709,-0.868612
1.84494,-1.78226,-0.868612
1.83262,-1.79223,-0.867943
1.82494,-1.80675,-0.869616
1.82247,-1.82659,-0.873964
1.80991,-1.8364,-0.873295
1.80057,-1.84949,-0.874298
1.78789,-1.85915,-0.873629
1.7732,-1.86666,-0.871957
1.76752,-1.8837,-0.874967
1.74504,-1.88275,-0.869281
1.72582,-1.88508,-0.865268
1.71801,-1.89983,-0.867274
1.70381,-1.90753,-0.865937
1.69644,-1.92289,-0.868278
1.68832,-1.93753,-0.870285
1.67025,-1.94071,-0.86694
1.66319,-1.95666,-0.869616
1.6554,-1.97189,-0.871957
1.64146,-1.97983,-0.870954
1.62809,-1.98841,-0.870285
1.61231,-1.99396,-0.868278
1.59416,-1.99645,-0.864933
1.58305,-2.00767,-0.865602
1.57301,-2.02032,-0.86694
1.56576,-2.03666,-0.86995
1.55095,-2.04323,-0.868612
1.54517,-2.06176,-0.872626
1.53193,-2.07044,-0.872291
1.51475,-2.07371,-0.869616
1.50751,-2.09062,-0.87296
1.48755,-2.08984,-0.868612
1.47361,-2.09739,-0.867943
1.46286,-2.10949,-0.869281
1.44776,-2.11531,-0.867943
1.43581,-2.12572,-0.868612
1.42483,-2.13763,-0.86995
1.40703,-2.13924,-0.86694
1.39336,-2.14705,-0.866606
1.37559,-2.14841,-0.863595
1.35483,-2.14486,-0.858578
1.33318,-2.13953,-0.852892
1.30868,-2.1292,-0.8452
1.28924,-2.12672,-0.840852
1.27278,-2.12892,-0.838511
1.25587,-2.1302,-0.835835
1.24041,-2.13379,-0.834162
1.22635,-2.13973,-0.833494
1.21366,-2.14803,-0.833828
1.20321,-2.16038,-0.835835
1.19673,-2.18011,-0.840852
1.18871,-2.19736,-0.844865
1.18141,-2.21626,-0.849548
1.1713,-2.23014,-0.852224
1.16755,-2.25654,-0.859916
1.15967,-2.27542,-0.864599
1.14611,-2.28333,-0.864933
1.13667,-2.29961,-0.868612
1.12542,-2.31248,-0.870954
1.11243,-2.32189,-0.871957
1.09937,-2.33123,-0.87296
1.08346,-2.33451,-0.871623
1.0699,-2.34283,-0.872291
1.05859,-2.35623,-0.874967
1.04221,-2.35837,-0.873295
1.02584,-2.3604,-0.871623
1.0106,-2.36491,-0.870954
0.996798,-2.37281,-0.871623
0.984018,-2.38324,-0.873295
0.968314,-2.38661,-0.872291
0.957837,-2.40301,-0.876305
0.944792,-2.41323,-0.877977
0.932333,-2.42514,-0.880319
0.921094,-2.44051,-0.883998
0.901848,-2.43463,-0.87965
0.886892,-2.44012,-0.87965
0.876965,-2.45972,-0.885001
0.858436,-2.45527,-0.881322
0.842744,-2.45871,-0.880653
0.832441,-2.47812,-0.886005
0,0,0
0,0,0
0,0,0
0,0,0
0,0,0
0,0,0
0,0,0
0,0,0
0,0,0
0,0,0
0,0,0
0,0,0
0,0,0
0,0,0
0,0,0
0,0,0
0,0,0
0,0,0
0,0,0
0,0,0
0,0,0
0,0,0
0,0,0
0,0,0
0,0,0
0,0,0
0,0,0
0,0,0
0,0,0
0,0,0
0,0,0
0,0,0
0,0,0
0,0,0
0,0,0
0,0,0
0,0,0
0,0,0
0,0,0
0,0,0
0,0,0
0,0,0
0,0,0
0,0,0
0,0,0
0,0,0
0,0,0
0,0,0
0,0,0
0,0,0
0,0,0
0,0,0
0,0,0
0,0,0
0,0,0
0,0,0
0,0,0
0,0,0
0,0,0
0,0,0
0,0,0
0,0,0
0,0,0
0,0,0
0,0,0
0,0,0
0,0,0
0,0,0
0,0,0
0,0,0
0,0,0
0,0,0
0,0,0
0,0,0
0,0,0
0,0,0
0,0,0
0,0,0
0,0,0
0,0,0
0,0,0
0,0,0
0,0,0
0,0,0
0,0,0
0,0,0
0,0,0
0,0,0
0,0,0
0,0,0
0,0,0
0,0,0
0,0,0
0,0,0
0,0,0
0,0,0
0,0,0
0,0,0
0,0,0
0,0,0
0,0,0
0,0,0
0,0,0
0,0,0
0,0,0
0,0,0
0,0,0
0,0,0
0,0,0
0,0,0
0,0,0
0,0,0
0,0,0
0,0,0
0,0,0
0,0,0
0,0,0
0,0,0
0,0,0
0,0,0
0,0,0
0,0,0
0,0,0
0,0,0
0,0,0
0,0,0
0,0,0
0,0,0
0,0,0
0,0,0
0,0,0
0,0,0
0,0,0
0,0,0
0,0,0
0,0,0
0,0,0
0,0,0
0,0,0
0,0,0
0,0,0
0,0,0
0,0,0
0,0,0
0,0,0
0,0,0
0,0,0
0,0,0
0,0,0
0,0,0
0,0,0
0,0,0
0,0,0
0,0,0
0,0,0
0,0,0
0,0,0
0,0,0
0,0,0
0,0,0
0,0,0
0,0,0
0,0,0
0,0,0
0,0,0
0,0,0
0,0,0
0,0,0
0,0,0
0,0,0
0,0,0
0,0,0
0,0,0
0,0,0
0,0,0
0,0,0
0,0,0
0,0,0
0,0,0
0,0,0
0,0,0
0,0,0
0,0,0
0,0,0
0,0,0
0,0,0
0,0,0
0,0,0
0,0,0
0,0,0
0,0,0
0,0,0
0,0,0
0,0,0
0,0,0
0,0,0
0,0,0
0,0,0
0,0,0
0,0,0
0,0,0
0,0,0
0,0,0
0,0,0
0,0,0
0,0,0
0,0,0
0,0,0
0,0,0
0,0,0
0,0,0
0,0,0
0,0,0
0,0,0
0,0,0
0,0,0
0,0,0
0,0,0
0,0,0
0,0,0
0,0,0
0,0,0
0,0,0
0,0,0
0,0,0
0,0,0
0,0,0
0,0,0
0,0,0
0,0,0
0,0,0
0,0,0
0,0,0
0,0,0
0,0,0
0,0,0
0,0,0
0,0,0
0,0,0
0,0,0
0,0,0
0,0,0
0,0,0
0,0,0
0,0,0
0,0,0
0,0,0
0,0,0
0,0,0
0,0,0
0,0,0
0,0,0
0,0,0
0,0,0
0,0,0
0,0,0
0,0,0
0,0,0
0,0,0
0,0,0
0,0,0
0,0,0
0,0,0
0,0,0
0,0,0
0,0,0
0,0,0
0,0,0
0,0,0
0,0,0
0,0,0
0,0,0
0,0,0
0,0,0
0,0,0
0,0,0
0,0,0
0,0,0
0,0,0
0,0,0
0,0,0
0,0,0
0,0,0
0,0,0
0,0,0
0,0,0
0,0,0
0,0,0
0,0,0
0,0,0
0,0,0
0,0,0
0,0,0
0,0,0
0,0,0
0,0,0
0,0,0
0,0,0
0,0,0
0,0,0
0,0,0
0,0,0
0,0,0
0,0,0
0,0,0
0,0,0
0,0,0
0,0,0
0,0,0
0,0,0
0,0,0
0,0,0
0,0,0
0,0,0
0,0,0
0,0,0
0,0,0
0,0,0
0,0,0
0,0,0
0,0,0
0,0,0
0,0,0
0,0,0
0,0,0
0,0,0
0,0,0
0,0,0
0,0,0
0,0,0
0,0,0
0,0,0
0,0,0
0,0,0
0,0,0
0,0,0
0,0,0
0,0,0
0,0,0
0,0,0
0,0,0
0,0,0
0,0,0
0,0,0
0,0,0
0,0,0
0,0,0
0,0,0
0,0,0
0,0,0
0,0,0
0,0,0
0,0,0
0,0,0
0,0,0
0,0,0
0,0,0
0,0,0
0,0,0
0,0,0
0,0,0
0,0,0
0,0,0
0,0,0
0,0,0
0,0,0
0,0,0
0,0,0
0,0,0
0,0,0
0,0,0
0,0,0
0,0,0
0,0,0
0,0,0
0,0,0
0,0,0
0,0,0
0,0,0
0,0,0
0,0,0
0,0,0
0,0,0
0,0,0
0,0,0
0,0,0
0,0,0
0,0,0
0,0,0
0,0,0
0,0,0
0,0,0
0,0,0
0,0,0
0,0,0
0,0,0
0,0,0
0,0,0
0,0,0
0,0,0
0,0,0
0,0,0
0,0,0
0,0,0
0,0,0
0,0,0
0,0,0
0,0,0
0,0,0
0,0,0
0,0,0
0,0,0
0,0,0
0,0,0
0,0,0
0,0,0
0,0,0
0,0,0
0,0,0
0,0,0
0,0,0
0,0,0
0,0,0
0,0,0
0,0,0
0,0,0
0,0,0
0,0,0
0,0,0
0,0,0
0,0,0
0,0,0
0,0,0
0,0,0
0,0,0
0,0,0
0,0,0
0,0,0
0,0,0
0,0,0
0,0,0
0,0,0
0,0,0
0,0,0
0,0,0
0,0,0
0,0,0
0,0,0
0,0,0
0,0,0
0,0,0
0,0,0
0,0,0
0,0,0
0,0,0
0,0,0
0,0,0
0,0,0
0,0,0
0,0,0
0,0,0
0,0,0
0,0,0
0,0,0
0,0,0
0,0,0
0,0,0
0,0,0
0,0,0
0,0,0
0,0,0
0,0,0
0,0,0
0,0,0
0,0,0
0,0,0
0,0,0
0,0,0
0,0,0
0,0,0
0,0,0
0,0,0
0,0,0
0,0,0
0,0,0
0,0,0
0,0,0
0,0,0
0,0,0
0,0,0
0,0,0
0,0,0
0,0,0
0,0,0
0,0,0
0,0,0
0,0,0
0,0,0
0,0,0
0,0,0
0,0,0
0,0,0
0,0,0
0,0,0
0,0,0
0,0,0
0,0,0
0,0,0
0,0,0
0,0,0
0,0,0
0,0,0
0,0,0
0,0,0
0,0,0
0,0,0
0,0,0
0,0,0
0,0,0
0,0,0
0,0,0
0,0,0
0,0,0
0,0,0
0,0,0
0,0,0
0,0,0
0,0,0
0,0,0
0,0,0
0,0,0
0,0,0
0,0,0
0,0,0
0,0,0
0,0,0
0,0,0
0,0,0
0,0,0
0,0,0
0,0,0
0,0,0
0,0,0
0,0,0
0,0,0
0,0,0
0,0,0
0,0,0
0,0,0
0,0,0
0,0,0
0,0,0
0,0,0
0,0,0
0,0,0
0,0,0
0,0,0
0,0,0
0,0,0
0,0,0
0,0,0
0,0,0
0,0,0
0,0,0
0,0,0
0,0,0
0,0,0
0,0,0
0,0,0
0,0,0
0,0,0
0,0,0
0,0,0
0,0,0
0,0,0
0,0,0
0,0,0
0,0,0
0,0,0
0,0,0
0,0,0
0,0,0
0,0,0
0,0,0
0,0,0
0,0,0
0,0,0
0,0,0
0,0,0
0,0,0
0,0,0
0,0,0
0,0,0
0,0,0
0,0,0
0,0,0
0,0,0
0,0,0
0,0,0
0,0,0
0,0,0
0,0,0
0,0,0
0,0,0
0,0,0
0,0,0
0,0,0
0,0,0
0,0,0
0,0,0
0,0,0
0,0,0
0,0,0
0,0,0
0,0,0
0,0,0
0,0,0
0,0,0
0,0,0
0,0,0
0,0,0
0,0,0
0,0,0
0,0,0
0,0,0
0,0,0
0,0,0
0,0,0
0,0,0
0,0,0
0,0,0
0.811755,2.4978,-0.922794
0.821752,2.47674,-0.916588
0.841744,2.48588,-0.922105
0.864328,2.50196,-0.93038
0.878417,2.49307,-0.929001
0.894332,2.4894,-0.929691
0.909912,2.48475,-0.930035
0.922191,2.4712,-0.926932
0.941335,2.47602,-0.93107
0.950415,2.45444,-0.924863
0.96305,2.44245,-0.92245
0.981512,2.44521,-0.925898
0.997206,2.44088,-0.926587
1.0154,2.44252,-0.929691
1.03256,2.44143,-0.931759
1.04456,2.42815,-0.929001
1.06357,2.43115,-0.932794
1.07771,2.42287,-0.932104
1.09294,2.41706,-0.932449
1.10893,2.41287,-0.933483
1.11934,2.39666,-0.929691
1.13524,2.3923,-0.930725
1.14826,2.3819,-0.929346
1.16451,2.37818,-0.930725
1.17657,2.36595,-0.928656
1.18726,2.35114,-0.925553
1.20167,2.34381,-0.925553
1.21386,2.33223,-0.923829
1.22859,2.32557,-0.924174
1.23707,2.30723,-0.919691
1.24582,2.2897,-0.915554
1.26484,2.29106,-0.919346
1.2752,2.2767,-0.916588
1.28776,2.26638,-0.915554
1.3007,2.25681,-0.914864
1.31879,2.25608,-0.917967
1.32782,2.23987,-0.914519
1.33768,2.22524,-0.911761
1.35521,2.22341,-0.914519
1.36538,2.20946,-0.912106
1.3809,2.20422,-0.913485
1.39842,2.20205,-0.916243
1.40683,2.18553,-0.912795
1.42636,2.1863,-0.916933
1.44285,2.1822,-0.919002
1.45413,2.17019,-0.917622
1.46742,2.16122,-0.917622
1.48065,2.15218,-0.917622
1.49383,2.14305,-0.917622
1.50424,2.13001,-0.915898
1.51292,2.11463,-0.91314
1.52697,2.10683,-0.91383
1.53764,2.0944,-0.91245
1.54823,2.08191,-0.911071
1.56379,2.07612,-0.912795
1.5748,2.06424,-0.911761
1.58858,2.05603,-0.91245
1.60579,2.05216,-0.915209
1.61893,2.043,-0.915554
1.63085,2.0323,-0.915209
1.64033,2.01861,-0.913485
1.65448,2.01068,-0.914519
1.66318,1.99616,-0.91245
1.67358,1.98377,-0.911416
1.67719,1.96347,-0.906589
1.68982,1.95385,-0.906933
1.70363,1.94556,-0.907968
1.71865,1.93859,-0.909692
1.73177,1.9294,-0.910381
1.74231,1.91735,-0.909692
1.75531,1.908,-0.910381
1.76635,1.89651,-0.910037
1.78053,1.88837,-0.911416
1.79208,1.87741,-0.911416
1.80422,1.86705,-0.911761
1.81498,1.85528,-0.911416
1.82567,1.84344,-0.911071
1.83828,1.83353,-0.911761
1.84481,1.8176,-0.909347
1.84786,1.79839,-0.905209
1.85683,1.78506,-0.904175
1.86027,1.76652,-0.900382
1.86628,1.75058,-0.897968
1.87699,1.73909,-0.897968
1.88347,1.72374,-0.8959
1.89192,1.71026,-0.894865
1.91078,1.70613,-0.899003
1.92121,1.69437,-0.899003
1.93511,1.68563,-0.900727
1.95466,1.68169,-0.905209
1.9628,1.66784,-0.904175
1.97515,1.65758,-0.905209
1.98457,1.64483,-0.904865
1.98954,1.62845,-0.902451
1.9973,1.61445,-0.901416
2.00864,1.60333,-0.902106
2.01623,1.58923,-0.901072
2.0252,1.57625,-0.900727
2.03409,1.56323,-0.900382
2.03841,1.54674,-0.897968
2.04486,1.53195,-0.896589
2.05045,1.51658,-0.894865
2.05517,1.50065,-0.892796
2.06738,1.49021,-0.894176
2.07725,1.47804,-0.89452
2.08628,1.46527,-0.89452
2.09909,1.45511,-0.896244
2.1165,1.44804,-0.900037
2.12301,1.43345,-0.899003
2.12864,1.41831,-0.897624
2.13495,1.40368,-0.896589
2.14195,1.38953,-0.8959
2.1536,1.37838,-0.897279
2.16519,1.36715,-0.898658
2.17194,1.35285,-0.897968
2.1898,1.34539,-0.902106
2.20604,1.3368,-0.905554
0,0,0
1.11466,0.656225,-0.433169
1.1284,0.655036,-0.437307
1.13158,0.647633,-0.436962
1.13472,0.640216,-0.436617
1.13781,0.632784,-0.436272
1.13838,0.623983,-0.434893
1.14466,0.618327,-0.435927
1.14843,0.611292,-0.435927
1.14552,0.60074,-0.433169
0,0,0
1.15782,0.589197,-0.435238
0,0,0
1.15318,0.569118,-0.43041
1.14568,0.556688,-0.425928
0,0,0
0,0,0
1.14041,0.528389,-0.419721
1.13509,0.51748,-0.416273
1.14424,0.513199,-0.418687
1.15166,0.508067,-0.420411
1.17369,0.509228,-0.427997
1.20269,0.513089,-0.438341
1.2162,0.510066,-0.442479
1.21583,0.50116,-0.441099
1.25976,0.510288,-0.457305
1.97344,0.786009,-0.738323
1.94501,0.760872,-0.72522
1.94964,0.748923,-0.72522
1.94718,0.734293,-0.722462
1.95341,0.722984,-0.723151
1.96133,0.712268,-0.724531
1.96655,0.700536,-0.724875
2.22598,0.77775,-0.82418
2.34968,0.804894,-0.870384
2.3786,0.798538,-0.879694
2.39594,0.78804,-0.884521
2.41055,0.776494,-0.888314
2.41259,0.760841,-0.887279
2.41452,0.745191,-0.886245
2.41455,0.729003,-0.884521
2.42618,0.716304,-0.887279
2.43414,0.702446,-0.888659
2.43931,0.687753,-0.889003
2.43715,0.671025,-0.88659
2.4521,0.658987,-0.890727
0,0,0
0,0,0
0,0,0
0,0,0
0,0,0
2.42895,0.55776,-0.873487
2.43874,0.54428,-0.875901
2.45304,0.531697,-0.880038
2.45718,0.51683,-0.880383
1.1222,0.228219,-0.378689
1.12082,0.220782,-0.377655
1.10095,0.209836,-0.369724
1.11421,0.2053,-0.374207
1.11083,0.197633,-0.372483
1.11202,0.190813,-0.372483
1.08076,0.178596,-0.360415
1.02252,0.162468,-0.338347
0.967831,0.147633,-0.317659
0.960361,0.140459,-0.314555
0.939827,0.131545,-0.306625
0.908058,0.121383,-0.294557
0.89389,0.113891,-0.28904
0.880596,0.106693,-0.283868
0.881234,0.101287,-0.283868
0.880906,0.0957757,-0.283523
0.880544,0.0902718,-0.283178
0.883884,0.0851408,-0.284212
0.886259,0.0798868,-0.284902
0.888603,0.0746068,-0.285592
0.88998,0.069227,-0.285936
0.888516,0.0636284,-0.285247
0.886079,0.0579878,-0.284212
0.888292,0.0526634,-0.284902
0.885787,0.0470589,-0.283868
0.883246,0.0414871,-0.282833
0.881609,0.0359878,-0.282144
0.886503,0.0307465,-0.283868
0.885737,0.0252784,-0.283523
0.886814,0.0198654,-0.283868
0.887857,0.0144401,-0.284212
0.892622,0.00904566,-0.285936
0.892661,0.00356846,-0.285936
0.893605,-0.00190967,-0.286281
0.892638,-0.00738613,-0.285936
0.893514,-0.0128754,-0.286281
0.89248,-0.0183396,-0.285936
0.88672,-0.0236724,-0.283868
0.882806,-0.0289944,-0.282488
0.877921,-0.0342339,-0.280764
0.877694,-0.0396201,-0.280764
0.87931,-0.0450985,-0.281454
0.879954,-0.0505456,-0.281799
0.879627,-0.0559439,-0.281799
0.88114,-0.0614684,-0.282488
0.881682,-0.0669437,-0.282833
0.881255,-0.0723523,-0.282833
0.873313,-0.0771076,-0.280075
0.872824,-0.0824647,-0.280075
0.871367,-0.0877259,-0.27973
0.868012,-0.0927752,-0.278695
0.876755,-0.0991421,-0.282144
0.905029,-0.107929,-0.292833
0.959309,-0.120306,-0.313176
0.978099,-0.12874,-0.320417
1.03309,-0.142366,-0.341105
1.04335,-0.150296,-0.345243
1.08047,-0.162375,-0.35938
1.10914,-0.173616,-0.370414
1.11917,-0.182217,-0.374552
1.12914,-0.190948,-0.378689
1.12887,-0.198034,-0.379034
1.04265,-0.189599,-0.347312
1.02486,-0.192886,-0.341105
2.43462,-0.472084,-0.869005
2.43628,-0.487933,-0.870729
2.42588,-0.501356,-0.86797
2.41909,-0.515451,-0.866591
2.40763,-0.528477,-0.863488
2.39976,-0.542208,-0.861764
2.40096,-0.557983,-0.863488
0,0,0
1.22965,-0.302296,-0.423169
1.1686,-0.29496,-0.400757
0,0,0
0,0,0
2.45943,-0.667833,-0.894176
2.42996,-0.67588,-0.884521
2.41945,-0.68898,-0.882107
2.41337,-0.703288,-0.881418
2.39911,-0.715138,-0.877625
2.38031,-0.725473,-0.872108
2.37851,-0.740901,-0.873142
2.36855,-0.753776,-0.871073
2.3737,-0.771482,-0.874866
2.37872,-0.78928,-0.878659
2.37117,-0.802958,-0.877625
2.36442,-0.81688,-0.876935
2.36556,-0.833554,-0.879349
2.35687,-0.846785,-0.87797
2.35163,-0.86123,-0.87797
2.34542,-0.875316,-0.877625
2.33298,-0.887025,-0.874866
2.33275,-0.903354,-0.876935
2.32454,-0.916619,-0.875901
2.3241,-0.932961,-0.87797
0,0,0
1.18636,-0.493832,-0.430066
0,0,0
1.1621,-0.500572,-0.422825
0,0,0
0,0,0
1.15268,-0.521877,-0.422825
1.15202,-0.530115,-0.423859
0,0,0
1.15476,-0.548635,-0.427652
1.15814,-0.558968,-0.43041
1.18673,-0.581736,-0.443513
1.14699,-0.57105,-0.428686
0,0,0
1.12987,-0.579948,-0.424549
1.11296,-0.579941,-0.419032
0,0,0
1.09997,-0.590453,-0.416618
1.09385,-0.595847,-0.415584
1.1099,-0.613427,-0.423859
1.11922,-0.627559,-0.429376
1.11698,-0.635341,-0.430066
1.12527,-0.649208,-0.435238
1.12937,-0.660834,-0.438686
0,0,0
2.14638,-1.29032,-0.87797
2.13201,-1.29956,-0.875211
2.1224,-1.31163,-0.874522
2.1167,-1.32612,-0.875556
2.09822,-1.33255,-0.871073
2.09553,-1.34895,-0.873487
2.08721,-1.36178,-0.873487
2.08117,-1.37611,-0.874522
2.07658,-1.39147,-0.876246
2.06801,-1.40418,-0.876246
2.05935,-1.41685,-0.876246
2.05062,-1.42946,-0.876246
2.04104,-1.44147,-0.875901
2.03521,-1.45615,-0.87728
2.027,-1.46916,-0.877625
2.01568,-1.47991,-0.87659
2.00355,-1.49001,-0.875211
1.99212,-1.50058,-0.874177
1.97391,-1.50595,-0.870039
1.97281,-1.52434,-0.873832
1.95528,-1.53006,-0.870039
1.94218,-1.53911,-0.868315
1.92757,-1.54689,-0.865901
1.91804,-1.55869,-0.865901
1.90627,-1.56864,-0.864867
1.893,-1.5773,-0.863143
1.88113,-1.58707,-0.862108
1.87279,-1.5998,-0.862798
1.86365,-1.61188,-0.863143
1.85443,-1.6239,-0.863488
1.84864,-1.63898,-0.865557
0,0,0
1.83951,-1.67164,-0.871073
1.83613,-1.68925,-0.874522
1.82367,-1.69857,-0.873487
1.81253,-1.70908,-0.873142
1.7959,-1.71434,-0.870039
1.77656,-1.71685,-0.865557
1.76465,-1.72641,-0.864867
1.75269,-1.73588,-0.864177
1.74665,-1.75125,-0.866591
1.74115,-1.76728,-0.869349
1.73354,-1.7813,-0.871073
1.72974,-1.79934,-0.874866
1.71996,-1.81128,-0.875556
1.71267,-1.82591,-0.877625
1.69697,-1.83156,-0.875211
1.67809,-1.83363,-0.871073
1.66869,-1.84598,-0.872108
1.65171,-1.84989,-0.869005
1.64219,-1.8621,-0.870039
1.63073,-1.87214,-0.870039
1.6137,-1.87571,-0.866936
1.60277,-1.88629,-0.867281
1.59539,-1.90112,-0.869694
1.58609,-1.91377,-0.871073
1.57492,-1.92419,-0.871418
1.55659,-1.92579,-0.867625
1.55119,-1.94337,-0.871418
1.54272,-1.95727,-0.873487
1.5301,-1.96596,-0.873142
1.52374,-1.98275,-0.87659
1.50757,-1.98683,-0.874177
1.49591,-1.9968,-0.874522
1.48754,-2.01122,-0.876935
1.47074,-2.01425,-0.874177
1.45506,-2.01866,-0.872108
1.44156,-2.02603,-0.871418
1.42748,-2.03253,-0.870384
1.41391,-2.03971,-0.869694
1.40243,-2.04989,-0.870384
1.3893,-2.05768,-0.870039
1.37821,-2.06851,-0.871073
1.36239,-2.07222,-0.869005
1.35323,-2.08605,-0.871418
1.33382,-2.08404,-0.866936
1.31549,-2.08346,-0.863143
1.30517,-2.09548,-0.864867
1.28786,-2.09625,-0.861764
1.27108,-2.09769,-0.859005
1.25819,-2.10545,-0.859005
1.24333,-2.1099,-0.857626
1.23084,-2.1183,-0.857971
1.21922,-2.12825,-0.859005
1.20752,-2.13814,-0.86004
1.19392,-2.14469,-0.859695
1.18436,-2.15856,-0.862453
1.17154,-2.16661,-0.862798
1.1644,-2.18536,-0.867625
1.15272,-2.19578,-0.869005
1.14225,-2.20865,-0.871418
1.13464,-2.22732,-0.876246
1.11337,-2.21914,-0.870039
1.1014,-2.2293,-0.871418
1.09428,-2.24952,-0.876935
1.07761,-2.25027,-0.874522
1.06779,-2.26532,-0.87797
1.04952,-2.26247,-0.874177
1.03211,-2.26118,-0.871073
1.02014,-2.27175,-0.872797
1.00428,-2.27368,-0.871073
0.99106,-2.28152,-0.871763
0.980734,-2.29619,-0.875211
0.967717,-2.30476,-0.876246
0.958934,-2.32367,-0.881418
0.944659,-2.32951,-0.881418
0.931391,-2.33787,-0.882452
0.914631,-2.33743,-0.880038
0.898924,-2.33949,-0.878659
0.878913,-2.33003,-0.872797
0.862968,-2.33098,-0.871073
0,0,0
0,0,0
0.836348,-2.39343,-0.889348
0,0,0
0,0,0
0,0,0
0,0,0
0,0,0
0,0,0
0,0,0
0,0,0
0,0,0
0,0,0
0,0,0
0,0,0
0,0,0
0,0,0
0,0,0
0,0,0
0,0,0
0,0,0
0,0,0
0,0,0
0,0,0
0,0,0
0,0,0
0,0,0
0,0,0
0,0,0
0,0,0
0,0,0
0,0,0
0,0,0
0,0,0
0,0,0
0,0,0
0,0,0
0,0,0
0,0,0
0,0,0
0,0,0
0,0,0
0,0,0
0,0,0
0,0,0
0,0,0
0,0,0
0,0,0
0,0,0
0,0,0
0,0,0
0,0,0
0,0,0
0,0,0
0,0,0
0,0,0
0,0,0
0,0,0
0,0,0
0,0,0
0,0,0
0,0,0
0,0,0
0,0,0
0,0,0
0,0,0
0,0,0
0,0,0
0,0,0
0,0,0
0,0,0
0,0,0
0,0,0
0,0,0
0,0,0
0,0,0
0,0,0
0,0,0
0,0,0
0,0,0
0,0,0
0,0,0
0,0,0
0,0,0
0,0,0
0,0,0
0,0,0
0,0,0
0,0,0
0,0,0
0,0,0
0,0,0
0,0,0
0,0,0
0,0,0
0,0,0
0,0,0
0,0,0
0,0,0
0,0,0
0,0,0
0,0,0
0,0,0
0,0,0
0,0,0
0,0,0
0,0,0
0,0,0
0,0,0
0,0,0
0,0,0
0,0,0
0,0,0
0,0,0
0,0,0
0,0,0
0,0,0
0,0,0
0,0,0
0,0,0
0,0,0
0,0,0
0,0,0
0,0,0
0,0,0
0,0,0
0,0,0
0,0,0
0,0,0
0,0,0
0,0,0
0,0,0
0,0,0
0,0,0
0,0,0
0,0,0
0,0,0
0,0,0
0,0,0
0,0,0
0,0,0
0,0,0
0,0,0
0,0,0
0,0,0
0,0,0
0,0,0
0,0,0
0,0,0
0,0,0
0,0,0
0,0,0
0,0,0
0,0,0
0,0,0
0,0,0
0,0,0
0,0,0
0,0,0
0,0,0
0,0,0
0,0,0
0,0,0
0,0,0
0,0,0
0,0,0
0,0,0
0,0,0
0,0,0
0,0,0
0,0,0
0,0,0
0,0,0
0,0,0
0,0,0
0,0,0
0,0,0
0,0,0
0,0,0
0,0,0
0,0,0
0,0,0
0,0,0
0,0,0
0,0,0
0,0,0
0,0,0
0,0,0
0,0,0
0,0,0
0,0,0
0,0,0
0,0,0
0,0,0
0,0,0
0,0,0
0,0,0
0,0,0
0,0,0
0,0,0
0,0,0
0,0,0
0,0,0
0,0,0
0,0,0
0,0,0
0,0,0
0,0,0
0,0,0
0,0,0
0,0,0
0,0,0
0,0,0
0,0,0
0,0,0
0,0,0
0,0,0
0,0,0
0,0,0
0,0,0
0,0,0
0,0,0
0,0,0
0,0,0
0,0,0
0,0,0
0,0,0
0,0,0
0,0,0
0,0,0
0,0,0
0,0,0
0,0,0
0,0,0
0,0,0
0,0,0
0,0,0
0,0,0
0,0,0
0,0,0
0,0,0
0,0,0
0,0,0
0,0,0
0,0,0
0,0,0
0,0,0
0,0,0
0,0,0
0,0,0
0,0,0
0,0,0
0,0,0
0,0,0
0,0,0
0,0,0
0,0,0
0,0,0
0,0,0
0,0,0
0,0,0
0,0,0
0,0,0
0,0,0
0,0,0
0,0,0
0,0,0
0,0,0
0,0,0
0,0,0
0,0,0
0,0,0
0,0,0
0,0,0
0,0,0
0,0,0
0,0,0
0,0,0
0,0,0
0,0,0
0,0,0
0,0,0
0,0,0
0,0,0
0,0,0
0,0,0
0,0,0
0,0,0
0,0,0
0,0,0
0,0,0
0,0,0
0,0,0
0,0,0
0,0,0
0,0,0
0,0,0
0,0,0
0,0,0
0,0,0
0,0,0
0,0,0
0,0,0
0,0,0
0,0,0
0,0,0
0,0,0
0,0,0
0,0,0
0,0,0
0,0,0
0,0,0
0,0,0
0,0,0
0,0,0
0,0,0
0,0,0
0,0,0
0,0,0
0,0,0
0,0,0
0,0,0
0,0,0
0,0,0
0,0,0
0,0,0
0,0,0
0,0,0
0,0,0
0,0,0
0,0,0
0,0,0
0,0,0
0,0,0
0,0,0
0,0,0
0,0,0
0,0,0
0,0,0
0,0,0
0,0,0
0,0,0
0,0,0
0,0,0
0,0,0
0,0,0
0,0,0
0,0,0
0,0,0
0,0,0
0,0,0
0,0,0
0,0,0
0,0,0
0,0,0
0,0,0
0,0,0
0,0,0
0,0,0
0,0,0
0,0,0
0,0,0
0,0,0
0,0,0
0,0,0
0,0,0
0,0,0
0,0,0
0,0,0
0,0,0
0,0,0
0,0,0
0,0,0
0,0,0
0,0,0
0,0,0
0,0,0
0,0,0
0,0,0
0,0,0
0,0,0
0,0,0
0,0,0
0,0,0
0,0,0
0,0,0
0,0,0
0,0,0
0,0,0
0,0,0
0,0,0
0,0,0
0,0,0
0,0,0
0,0,0
0,0,0
0,0,0
0,0,0
0,0,0
0,0,0
0,0,0
0,0,0
0,0,0
0,0,0
0,0,0
0,0,0
0,0,0
0,0,0
0,0,0
0,0,0
0,0,0
0,0,0
0,0,0
0,0,0
0,0,0
0,0,0
0,0,0
0,0,0
0,0,0
0,0,0
0,0,0
0,0,0
0,0,0
0,0,0
0,0,0
0,0,0
0,0,0
0,0,0
0,0,0
0,0,0
0,0,0
0,0,0
0,0,0
0,0,0
0,0,0
0,0,0
0,0,0
0,0,0
0,0,0
0,0,0
0,0,0
0,0,0
0,0,0
0,0,0
0,0,0
0,0,0
0,0,0
0,0,0
0,0,0
0,0,0
0,0,0
0,0,0
0,0,0
0,0,0
0,0,0
0,0,0
0,0,0
0,0,0
0,0,0
0,0,0
0,0,0
0,0,0
0,0,0
0,0,0
0,0,0
0,0,0
0,0,0
0,0,0
0,0,0
0,0,0
0,0,0
0,0,0
0,0,0
0,0,0
0,0,0
0,0,0
0,0,0
0,0,0
0,0,0
0,0,0
0,0,0
0,0,0
0,0,0
0,0,0
0,0,0
0,0,0
0,0,0
0,0,0
0,0,0
0,0,0
0,0,0
0,0,0
0,0,0
0,0,0
0,0,0
0,0,0
0,0,0
0,0,0
0,0,0
0,0,0
0,0,0
0,0,0
0,0,0
0,0,0
0,0,0
0,0,0
0,0,0
0,0,0
0,0,0
0,0,0
0,0,0
0,0,0
0,0,0
0,0,0
0,0,0
0,0,0
0,0,0
0,0,0
0,0,0
0,0,0
0,0,0
0,0,0
0,0,0
0,0,0
0,0,0
0,0,0
0,0,0
0,0,0
0,0,0
0,0,0
0,0,0
0,0,0
0,0,0
0,0,0
0,0,0
0,0,0
0,0,0
0,0,0
0,0,0
0,0,0
0,0,0
0,0,0
0,0,0
0,0,0
0,0,0
0,0,0
0,0,0
0,0,0
0,0,0
0,0,0
0,0,0
0,0,0
0,0,0
0,0,0
0,0,0
0,0,0
0,0,0
0,0,0
0,0,0
0,0,0
0,0,0
0,0,0
0,0,0
0,0,0
0,0,0
0,0,0
0,0,0
0,0,0
0,0,0
0,0,0
0,0,0
0,0,0
0,0,0
0,0,0
0,0,0
0,0,0
0,0,0
0,0,0
0,0,0
0,0,0
0,0,0
0,0,0
0,0,0
0,0,0
0,0,0
0,0,0
0,0,0
0,0,0
0,0,0
0,0,0
0,0,0
0,0,0
0,0,0
0,0,0
0,0,0
0,0,0
0,0,0
0,0,0
0,0,0
0,0,0
0,0,0
0,0,0
0,0,0
0,0,0
0,0,0
0,0,0
0,0,0
0,0,0
0,0,0
0,0,0
0,0,0
0.890313,2.3882,-0.92499
0.906943,2.38794,-0.927118
0.917529,2.37187,-0.922861
0.934122,2.37141,-0.92499
0.950047,2.36911,-0.926409
0.963859,2.3615,-0.925699
0.979766,2.359,-0.927118
0.993858,2.35208,-0.926763
1.00679,2.3425,-0.925344
1.01965,2.33285,-0.923925
1.03546,2.32997,-0.925344
1.05013,2.32442,-0.925699
1.06632,2.32219,-0.927473
1.0758,2.30543,-0.923216
1.08953,2.29794,-0.922861
1.10401,2.29206,-0.923216
1.11765,2.2844,-0.922861
1.1279,2.26996,-0.919668
1.14265,2.26467,-0.920377
1.15524,2.25512,-0.919313
1.16906,2.24799,-0.919313
1.18501,2.24491,-0.921087
1.19523,2.231,-0.918249
1.20666,2.21952,-0.916475
1.22342,2.2178,-0.918958
1.23792,2.21189,-0.919668
1.25331,2.2075,-0.921087
1.2673,2.20058,-0.921442
1.28267,2.19599,-0.922861
1.29659,2.18888,-0.923216
1.30663,2.17528,-0.920732
1.31898,2.16562,-0.920023
1.33077,2.1551,-0.918958
1.34149,2.14293,-0.917184
1.36112,2.14492,-0.921797
1.36819,2.1271,-0.917539
1.38326,2.12179,-0.918958
1.39831,2.11639,-0.920377
1.40555,2.09922,-0.916475
1.41998,2.09288,-0.917539
1.43438,2.08644,-0.918603
1.44448,2.07376,-0.91683
1.45341,2.05951,-0.914346
1.46493,2.04904,-0.913637
1.47912,2.04228,-0.914701
1.4955,2.03844,-0.917184
1.50574,2.02623,-0.915765
1.51815,2.01695,-0.915765
1.53163,2.00908,-0.916475
1.54393,1.99965,-0.916475
1.5579,1.99235,-0.917539
1.57009,1.98275,-0.917539
1.5793,1.96943,-0.915765
1.589,1.9568,-0.914346
1.60216,1.94846,-0.915056
1.61409,1.93859,-0.915056
1.62957,1.93294,-0.917184
1.63533,1.91579,-0.913637
1.64461,1.90289,-0.912217
1.65379,1.88995,-0.910798
1.66784,1.88257,-0.912217
1.67936,1.8723,-0.912217
1.6883,1.85919,-0.910798
1.69777,1.84673,-0.909734
1.70461,1.83149,-0.90725
1.71518,1.82032,-0.906896
1.72438,1.80773,-0.905831
1.73089,1.79241,-0.903348
1.74055,1.78042,-0.902638
1.74881,1.76705,-0.901219
1.75896,1.75562,-0.900864
1.77036,1.74545,-0.901219
1.78104,1.73456,-0.901219
1.78761,1.71971,-0.899091
1.80084,1.71128,-0.90051
1.81198,1.70084,-0.900864
1.82376,1.69096,-0.901574
1.83203,1.67784,-0.90051
1.83952,1.66406,-0.899091
1.8483,1.6515,-0.898381
1.8598,1.64136,-0.899091
1.87406,1.63361,-0.901219
1.88051,1.61903,-0.899445
1.88827,1.60564,-0.898381
1.90382,1.59883,-0.901219
1.90711,1.58175,-0.898026
1.89653,1.55344,-0.888092
1.92274,1.55529,-0.896252
1.9286,1.54055,-0.894478
1.94095,1.531,-0.895898
1.95769,1.52481,-0.899445
1.96404,1.51048,-0.898026
1.97625,1.50067,-0.899445
1.98318,1.48683,-0.898381
1.98775,1.4713,-0.896252
1.99674,1.45907,-0.896252
2.01021,1.45007,-0.898381
2.02135,1.43934,-0.899445
2.03703,1.43175,-0.902638
2.05039,1.42242,-0.904767
2.06602,1.41456,-0.90796
2.07466,1.40186,-0.90796
2.07778,1.38547,-0.905477
2.09249,1.37681,-0.908315
2.10011,1.36343,-0.90796
2.10372,1.3475,-0.905831
2.1238,1.34205,-0.911153
2.13438,1.33048,-0.912217
0,0,0
1.0736,0.651321,-0.434328
1.08801,0.650958,-0.43894
1.10004,0.649018,-0.442488
1.09269,0.635678,-0.437521
1.09738,0.629426,-0.437876
0,0,0
1.09767,0.611818,-0.434683
1.10796,0.608671,-0.437521
1.10838,0.600081,-0.436102
1.11864,0.596788,-0.43894
1.13718,0.597738,-0.445326
1.13419,0.587312,-0.442488
1.14027,0.581615,-0.443552
1.13797,0.571672,-0.441069
1.13642,0.562193,-0.43894
0,0,0
0,0,0
1.13474,0.535596,-0.433973
1.13716,0.52823,-0.433618
0,0,0
0,0,0
0,0,0
1.15664,0.503145,-0.436457
0,0,0
0,0,0
1.18212,0.48855,-0.443197
0,0,0
0,0,0
1.3276,0.520223,-0.498898
0,0,0
1.86659,0.704955,-0.714959
1.95592,0.724992,-0.749373
1.96121,0.713296,-0.749728
1.96995,0.702819,-0.751502
1.97334,0.69041,-0.751147
2.24287,0.769238,-0.857581
2.29098,0.770051,-0.874965
2.29566,0.755979,-0.874965
2.31627,0.747042,-0.881351
2.34756,0.741256,-0.891995
2.35207,0.726838,-0.891995
2.36633,0.715367,-0.895898
2.39309,0.707457,-0.904767
2.41625,0.698207,-0.912217
1.13375,0.320311,-0.404881
1.14651,0.316329,-0.409139
0,0,0
0,0,0
2.3695,0.606613,-0.885964
2.3641,0.589801,-0.882416
2.37858,0.577931,-0.886673
2.38208,0.563325,-0.886673
2.38367,0.54828,-0.885964
2.40707,0.538128,-0.893769
2.41306,0.523943,-0.894833
2.39519,0.504696,-0.886673
2.40832,0.492047,-0.890576
2.39478,0.473996,-0.88419
1.11481,0.213773,-0.388561
1.09219,0.202506,-0.379337
1.07869,0.193169,-0.37366
1.10289,0.190517,-0.38253
0.996125,0.165826,-0.341021
0.962041,0.154106,-0.327539
0.953727,0.146782,-0.323991
0.922235,0.136162,-0.311574
0.888799,0.125673,-0.298447
0.867315,0.117222,-0.289932
0.8708,0.112255,-0.290997
0.856624,0.105095,-0.28532
0.853538,0.0994065,-0.283901
0.855061,0.0942694,-0.284256
0.853763,0.0888285,-0.283546
0.85057,0.0832258,-0.282127
0.858513,0.0786844,-0.284965
0.858048,0.073336,-0.284611
0.862211,0.0683635,-0.28603
0.861681,0.0630041,-0.285675
0.862052,0.0577157,-0.285675
0.85679,0.0520874,-0.283546
0.852426,0.0465765,-0.281772
0.857365,0.0415694,-0.283546
0.855735,0.0362297,-0.282837
0.853138,0.0308782,-0.281772
0.855181,0.0256981,-0.282482
0.855323,0.0204504,-0.282482
0.863845,0.0153473,-0.285675
0.858314,0.009984,-0.283546
0.859294,0.00472199,-0.283901
0.861176,-0.000552706,-0.284611
0.865831,-0.00587066,-0.286384
0.871388,-0.0112583,-0.288513
0.869433,-0.0165683,-0.287804
0.868381,-0.0218787,-0.287449
0.86823,-0.0272066,-0.287449
0.86431,-0.0323917,-0.28603
0.863161,-0.0376532,-0.285675
0.859178,-0.0427611,-0.284256
0.857033,-0.0479268,-0.283546
0.853923,-0.0530094,-0.282482
0.855447,-0.0583762,-0.283191
0.858802,-0.0639033,-0.284611
0.858394,-0.0691716,-0.284611
0.855159,-0.0741935,-0.283546
0.854688,-0.0794393,-0.283546
0.853254,-0.0845894,-0.283191
0.85086,-0.0896265,-0.282482
0.859585,-0.0958865,-0.28603
0.866408,-0.102037,-0.288868
0.875044,-0.108506,-0.292416
0.917007,-0.119447,-0.308736
0.999624,-0.136489,-0.340666
1.00247,-0.14315,-0.342085
1.03763,-0.154689,-0.355921
1.07085,-0.166376,-0.369048
1.10211,-0.178178,-0.381466
1.10929,-0.186334,-0.384659
1.11918,-0.195067,-0.388916
0,0,0
2.36282,-0.44223,-0.869999
2.36832,-0.45832,-0.873192
2.36546,-0.472843,-0.873192
2.36709,-0.488293,-0.874965
0,0,0
2.36092,-0.517304,-0.874965
2.35862,-0.531987,-0.87532
2.36806,-0.549409,-0.880287
2.35646,-0.561976,-0.877094
2.35297,-0.576424,-0.877094
2.34122,-0.588797,-0.873901
2.3258,-0.600113,-0.869289
0,0,0
0,0,0
0,0,0
0,0,0
0,0,0
2.35052,-0.699725,-0.888447
2.33813,-0.711683,-0.885254
2.32212,-0.722404,-0.880642
2.3123,-0.734938,-0.878513
2.30419,-0.747957,-0.877094
2.30399,-0.763553,-0.878868
2.30015,-0.777975,-0.879223
2.30063,-0.793905,-0.881351
2.28514,-0.80428,-0.877094
2.27488,-0.81639,-0.874965
2.27948,-0.833868,-0.878868
2.27783,-0.849146,-0.880287
2.26384,-0.859785,-0.876739
2.26113,-0.874672,-0.877804
2.25224,-0.887158,-0.876385
0,0,0
0,0,0
0,0,0
0,0,0
1.18726,-0.510061,-0.448164
0,0,0
1.13307,-0.503321,-0.428297
0,0,0
1.12256,-0.515236,-0.426523
1.1143,-0.519742,-0.424394
1.09926,-0.520959,-0.419427
0,0,0
1.09782,-0.536876,-0.421556
1.10288,-0.547764,-0.425104
1.10367,-0.556627,-0.426878
1.09358,-0.559977,-0.424039
1.09344,-0.568403,-0.425458
1.10481,-0.58296,-0.431844
0,0,0
1.10332,-0.5996,-0.434328
1.09635,-0.604552,-0.432909
1.08528,-0.607157,-0.429716
1.08397,-0.61519,-0.43078
1.08423,-0.624163,-0.432554
1.07392,-0.627031,-0.429716
1.06925,-0.633132,-0.429361
0,0,0
0,0,0
2.06601,-1.27574,-0.879223
2.0526,-1.28492,-0.876739
2.04073,-1.29498,-0.874965
2.03982,-1.31203,-0.878158
2.02782,-1.32197,-0.876385
2.02903,-1.34057,-0.880642
2.01688,-1.3504,-0.878868
2.01165,-1.36485,-0.880287
1.99708,-1.37293,-0.877449
1.98708,-1.38409,-0.876739
1.97015,-1.39032,-0.872837
1.9631,-1.40347,-0.873546
1.95294,-1.41439,-0.872837
1.94875,-1.42967,-0.874965
1.93919,-1.44104,-0.874611
1.9445,-1.4636,-0.881351
1.93102,-1.4721,-0.879223
1.92639,-1.48735,-0.881351
1.91944,-1.50087,-0.882416
1.9036,-1.50739,-0.879223
1.88702,-1.5132,-0.875675
1.8748,-1.52239,-0.874256
1.85676,-1.52674,-0.869999
1.84663,-1.5375,-0.869644
1.83359,-1.54579,-0.86787
1.82336,-1.5564,-0.867515
1.8159,-1.5694,-0.868579
1.81397,-1.58728,-0.872482
1.8056,-1.59962,-0.873192
1.79645,-1.6113,-0.873546
1.79206,-1.62732,-0.876385
1.77723,-1.63385,-0.873901
1.76785,-1.64536,-0.874256
1.75704,-1.65554,-0.873901
1.73873,-1.65854,-0.869644
1.72247,-1.66334,-0.866451
1.71491,-1.67649,-0.86787
1.69994,-1.68237,-0.865386
1.69421,-1.69741,-0.86787
1.69098,-1.71509,-0.871772
1.67977,-1.72477,-0.871418
1.67434,-1.74043,-0.874256
1.66878,-1.7561,-0.877094
1.65734,-1.76562,-0.876739
1.6452,-1.77439,-0.87603
1.63112,-1.781,-0.874256
1.61578,-1.78612,-0.871772
1.60354,-1.79461,-0.871063
1.59435,-1.80652,-0.872127
1.58078,-1.81344,-0.870708
1.56963,-1.82311,-0.870708
1.56023,-1.83484,-0.871772
1.55194,-1.84796,-0.873546
1.54237,-1.85961,-0.874611
1.53626,-1.87555,-0.877804
1.52178,-1.88131,-0.87603
1.51196,-1.8928,-0.877094
1.49627,-1.8969,-0.874611
1.48058,-1.90088,-0.872127
1.47003,-1.91141,-0.872837
1.45488,-1.91593,-0.870708
1.44197,-1.92332,-0.869999
1.43181,-1.93439,-0.871063
1.41826,-1.94087,-0.869999
1.40578,-1.94878,-0.869644
1.39434,-1.95813,-0.869999
1.378,-1.96053,-0.86716
1.3702,-1.9751,-0.869999
1.35436,-1.97807,-0.867515
1.34115,-1.98479,-0.866805
1.33465,-2.00154,-0.870708
1.32697,-2.01672,-0.873901
1.32017,-2.03345,-0.877804
1.31019,-2.04545,-0.879578
1.29362,-2.04713,-0.876739
1.284,-2.05979,-0.878868
1.27134,-2.06763,-0.878868
1.2562,-2.07139,-0.877094
1.24251,-2.07746,-0.876385
1.23781,-2.09873,-0.882416
1.22209,-2.10144,-0.880287
1.20778,-2.10646,-0.879223
1.19667,-2.11709,-0.880642
1.18457,-2.12603,-0.881351
1.17015,-2.1308,-0.880287
1.15305,-2.13054,-0.877094
1.12984,-2.11859,-0.868934
1.11378,-2.11969,-0.866451
1.10333,-2.13147,-0.868579
1.09405,-2.1457,-0.871772
1.0817,-2.15404,-0.872482
1.06805,-2.1598,-0.872127
1.06419,-2.18565,-0.880287
1.0447,-2.17949,-0.874965
1.04008,-2.20446,-0.882771
1.01748,-2.1913,-0.874611
1.00091,-2.19069,-0.871772
0.9863,-2.19424,-0.870708
0.973573,-2.20196,-0.871418
0.959299,-2.20617,-0.870708
0.946846,-2.2146,-0.871772
0.938672,-2.2333,-0.877094
0.926021,-2.24161,-0.878158
0.914007,-2.25158,-0.879932
0.901213,-2.25975,-0.880997
0.885967,-2.26175,-0.879578
0.875763,-2.27675,-0.88348
0.857155,-2.26983,-0.878513
0.845485,-2.28118,-0.880997
0.832749,-2.28984,-0.882416
0.81366,-2.28082,-0.876739
0.807364,-2.30783,-0.885609
0,0,0
0.761119,-2.26439,-0.864322
0,0,0
0,0,0
0,0,0
0,0,0
0,0,0
0,0,0
0,0,0
0,0,0
0,0,0
0,0,0
0,0,0
0,0,0
0,0,0
0,0,0
0,0,0
0,0,0
0,0,0
0,0,0
0,0,0
0,0,0
0,0,0
0,0,0
0,0,0
0,0,0
0,0,0
0,0,0
0,0,0
0,0,0
0,0,0
0,0,0
0,0,0
0,0,0
0,0,0
0,0,0
0,0,0
0,0,0
0,0,0
0,0,0
0,0,0
0,0,0
0,0,0
0,0,0
0,0,0
0,0,0
0,0,0
0,0,0
0,0,0
0,0,0
0,0,0
0,0,0
0,0,0
0,0,0
0,0,0
0,0,0
0,0,0
0,0,0
0,0,0
0,0,0
0,0,0
0,0,0
0,0,0
0,0,0
0,0,0
0,0,0
0,0,0
0,0,0
0,0,0
0,0,0
0,0,0
0,0,0
0,0,0
0,0,0
0,0,0
0,0,0
0,0,0
0,0,0
0,0,0
0,0,0
0,0,0
0,0,0
0,0,0
0,0,0
0,0,0
0,0,0
0,0,0
0,0,0
0,0,0
0,0,0
0,0,0
0,0,0
0,0,0
0,0,0
0,0,0
0,0,0
0,0,0
0,0,0
0,0,0
0,0,0
0,0,0
0,0,0
0,0,0
0,0,0
0,0,0
0,0,0
0,0,0
0,0,0
0,0,0
0,0,0
0,0,0
0,0,0
0,0,0
0,0,0
0,0,0
0,0,0
0,0,0
0,0,0
0,0,0
0,0,0
0,0,0
0,0,0
0,0,0
0,0,0
0,0,0
0,0,0
0,0,0
0,0,0
0,0,0
0,0,0
0,0,0
0,0,0
0,0,0
0,0,0
0,0,0
0,0,0
0,0,0
0,0,0
0,0,0
0,0,0
0,0,0
0,0,0
0,0,0
0,0,0
0,0,0
0,0,0
0,0,0
0,0,0
0,0,0
0,0,0
0,0,0
0,0,0
0,0,0
0,0,0
0,0,0
0,0,0
0,0,0
0,0,0
0,0,0
0,0,0
0,0,0
0,0,0
0,0,0
0,0,0
0,0,0
0,0,0
0,0,0
0,0,0
0,0,0
0,0,0
0,0,0
0,0,0
0,0,0
0,0,0
0,0,0
0,0,0
0,0,0
0,0,0
0,0,0
0,0,0
0,0,0
0,0,0
0,0,0
0,0,0
0,0,0
0,0,0
0,0,0
0,0,0
0,0,0
0,0,0
0,0,0
0,0,0
0,0,0
0,0,0
0,0,0
0,0,0
0,0,0
0,0,0
0,0,0
0,0,0
0,0,0
0,0,0
0,0,0
0,0,0
0,0,0
0,0,0
0,0,0
0,0,0
0,0,0
0,0,0
0,0,0
0,0,0
0,0,0
0,0,0
0,0,0
0,0,0
0,0,0
0,0,0
0,0,0
0,0,0
0,0,0
0,0,0
0,0,0
0,0,0
0,0,0
0,0,0
0,0,0
0,0,0
0,0,0
0,0,0
0,0,0
0,0,0
0,0,0
0,0,0
0,0,0
0,0,0
0,0,0
0,0,0
0,0,0
0,0,0
0,0,0
0,0,0
0,0,0
0,0,0
0,0,0
0,0,0
0,0,0
0,0,0
0,0,0
0,0,0
0,0,0
0,0,0
0,0,0
0,0,0
0,0,0
0,0,0
0,0,0
0,0,0
0,0,0
0,0,0
0,0,0
0,0,0
0,0,0
0,0,0
0,0,0
0,0,0
0,0,0
0,0,0
0,0,0
0,0,0
0,0,0
0,0,0
0,0,0
0,0,0
0,0,0
0,0,0
0,0,0
0,0,0
0,0,0
0,0,0
0,0,0
0,0,0
0,0,0
0,0,0
0,0,0
0,0,0
0,0,0
0,0,0
0,0,0
0,0,0
0,0,0
0,0,0
0,0,0
0,0,0
0,0,0
0,0,0
0,0,0
0,0,0
0,0,0
0,0,0
0,0,0
0,0,0
0,0,0
0,0,0
0,0,0
0,0,0
0,0,0
0,0,0
0,0,0
0,0,0
0,0,0
0,0,0
0,0,0
0,0,0
0,0,0
0,0,0
0,0,0
0,0,0
0,0,0
0,0,0
0,0,0
0,0,0
0,0,0
0,0,0
0,0,0
0,0,0
0,0,0
0,0,0
0,0,0
0,0,0
0,0,0
0,0,0
0,0,0
0,0,0
0,0,0
0,0,0
0,0,0
0,0,0
0,0,0
0,0,0
0,0,0
0,0,0
0,0,0
0,0,0
0,0,0
0,0,0
0,0,0
0,0,0
0,0,0
0,0,0
0,0,0
0,0,0
0,0,0
0,0,0
0,0,0
0,0,0
0,0,0
0,0,0
0,0,0
0,0,0
0,0,0
0,0,0
0,0,0
0,0,0
0,0,0
0,0,0
0,0,0
0,0,0
0,0,0
0,0,0
0,0,0
0,0,0
0,0,0
0,0,0
0,0,0
0,0,0
0,0,0
0,0,0
0,0,0
0,0,0
0,0,0
0,0,0
0,0,0
0,0,0
0,0,0
0,0,0
0,0,0
0,0,0
0,0,0
0,0,0
0,0,0
0,0,0
0,0,0
0,0,0
0,0,0
0,0,0
0,0,0
0,0,0
0,0,0
0,0,0
0,0,0
0,0,0
0,0,0
0,0,0
0,0,0
0,0,0
0,0,0
0,0,0
0,0,0
0,0,0
0,0,0
0,0,0
0,0,0
0,0,0
0,0,0
0,0,0
0,0,0
0,0,0
0,0,0
0,0,0
0,0,0
0,0,0
0,0,0
0,0,0
0,0,0
0,0,0
0,0,0
0,0,0
0,0,0
0,0,0
0,0,0
0,0,0
0,0,0
0,0,0
0,0,0
0,0,0
0,0,0
0,0,0
0,0,0
0,0,0
0,0,0
0,0,0
0,0,0
0,0,0
0,0,0
0,0,0
0,0,0
0,0,0
0,0,0
0,0,0
0,0,0
0,0,0
0,0,0
0,0,0
0,0,0
0,0,0
0,0,0
0,0,0
0,0,0
0,0,0
0,0,0
0,0,0
0,0,0
0,0,0
0,0,0
0,0,0
0,0,0
0,0,0
0,0,0
0,0,0
0,0,0
0,0,0
0,0,0
0,0,0
0,0,0
0,0,0
0,0,0
0,0,0
0,0,0
0,0,0
0,0,0
0,0,0
0,0,0
0,0,0
0,0,0
0,0,0
0,0,0
0,0,0
0,0,0
0,0,0
0,0,0
0,0,0
0,0,0
0,0,0
0,0,0
0,0,0
0,0,0
0,0,0
0,0,0
0,0,0
0,0,0
0,0,0
0,0,0
0,0,0
0,0,0
0,0,0
0,0,0
0,0,0
0,0,0
0,0,0
0,0,0
0,0,0
0,0,0
0,0,0
0,0,0
0,0,0
0,0,0
0,0,0
0,0,0
0,0,0
0,0,0
0,0,0
0,0,0
0,0,0
0,0,0
0,0,0
0,0,0
0,0,0
0,0,0
0,0,0
0,0,0
0,0,0
0,0,0
0,0,0
0,0,0
0,0,0
0,0,0
0,0,0
0,0,0
0,0,0
0,0,0
0,0,0
0,0,0
0,0,0
0,0,0
0,0,0
0,0,0
0,0,0
0,0,0
0,0,0
0,0,0
0,0,0
0,0,0
0,0,0
0,0,0
0,0,0
0,0,0
0,0,0
0,0,0
0,0,0
0,0,0
0,0,0
0,0,0
0,0,0
0,0,0
0,0,0
0,0,0
0,0,0
0,0,0
0,0,0
0,0,0
0,0,0
0,0,0
0,0,0
0,0,0
0,0,0
0,0,0
0,0,0
0,0,0
0,0,0
0,0,0
0,0,0
0,0,0
0,0,0
0,0,0
0,0,0
0,0,0
0,0,0
0,0,0
0,0,0
0,0,0
0,0,0
0,0,0
0,0,0
0,0,0
0,0,0
0,0,0
0,0,0
0,0,0
0,0,0
0,0,0
0,0,0
0,0,0
0,0,0
0,0,0
0,0,0
0,0,0
0,0,0
0,0,0
0,0,0
0,0,0
0,0,0
0,0,0
0,0,0
0,0,0
0,0,0
0,0,0
0,0,0
0,0,0
0,0,0
0,0,0
0,0,0
0,0,0
0,0,0
0,0,0
0,0,0
0,0,0
0,0,0
0,0,0
0,0,0
0,0,0
0,0,0
0,0,0
0.756579,2.3264,-0.915371
0.780509,2.35088,-0.927401
0.796411,2.35046,-0.929224
0.813553,2.35345,-0.932505
0.828596,2.35017,-0.933234
0.844574,2.34942,-0.935057
0.857694,2.3407,-0.933598
0.869437,2.32841,-0.930682
0.878417,2.30911,-0.924849
0.889545,2.29586,-0.921568
0.903274,2.28949,-0.921204
0.917305,2.2839,-0.921204
0.928838,2.2722,-0.918652
0.944548,2.27076,-0.920475
0.958463,2.26492,-0.920475
0.97271,2.25985,-0.920839
0.988423,2.2581,-0.922662
1.00415,2.25625,-0.924485
1.01644,2.24665,-0.923026
1.02671,2.23276,-0.919745
1.04039,2.22642,-0.919745
1.05523,2.22251,-0.920839
1.06602,2.21013,-0.918287
1.08242,2.2094,-0.920839
1.09182,2.19438,-0.917194
1.10526,2.18764,-0.917194
1.12418,2.19159,-0.921933
1.13933,2.18795,-0.923391
1.14534,2.16692,-0.917194
1.16213,2.16642,-0.92011
1.17674,2.1617,-0.921204
1.18548,2.14629,-0.917558
1.20363,2.14791,-0.921568
1.21311,2.13401,-0.918652
1.22339,2.12168,-0.916464
1.24437,2.1278,-0.922662
1.26025,2.12493,-0.924849
1.26991,2.11157,-0.922297
1.28188,2.10215,-0.921568
1.29181,2.08949,-0.919381
1.30066,2.07521,-0.916464
1.31037,2.06248,-0.914277
1.31545,2.04265,-0.908809
1.32185,2.02518,-0.904434
1.33066,2.01159,-0.901882
1.34039,1.99952,-0.90006
1.36204,2.00513,-0.906622
1.37643,1.9998,-0.90808
1.39453,1.99973,-0.91209
1.41644,2.00483,-0.918652
1.42546,1.99155,-0.916464
1.44749,1.99634,-0.923026
1.45641,1.98292,-0.920839
1.46355,1.96722,-0.917558
1.48063,1.9649,-0.920839
1.48419,1.94467,-0.915371
1.49325,1.93184,-0.913548
1.50393,1.92117,-0.912819
1.50875,1.90315,-0.908444
1.52972,1.90548,-0.914277
1.53727,1.891,-0.911725
1.54648,1.87865,-0.910267
1.56096,1.8727,-0.91209
1.58142,1.87377,-0.917558
1.59894,1.87111,-0.921204
1.60917,1.85986,-0.920475
1.61748,1.84645,-0.918652
1.63187,1.83997,-0.920475
1.64002,1.82646,-0.918652
1.65245,1.81774,-0.919381
1.66483,1.80894,-0.92011
1.66765,1.78983,-0.915371
1.67988,1.78092,-0.9161
1.69978,1.78001,-0.921204
1.70161,1.76017,-0.9161
1.71303,1.75036,-0.916464
1.71522,1.73121,-0.911725
1.71856,1.71342,-0.907715
1.72639,1.70023,-0.906257
1.73212,1.68505,-0.903705
1.74175,1.67375,-0.903341
1.75334,1.66431,-0.90407
1.76013,1.65034,-0.902247
1.76817,1.63761,-0.901153
1.772,1.62107,-0.897872
1.78054,1.60892,-0.897143
1.78968,1.59734,-0.896779
1.79107,1.57893,-0.892404
1.81125,1.57709,-0.897872
1.82725,1.57142,-0.901153
1.83118,1.55535,-0.898237
1.84925,1.55127,-0.902611
1.85443,1.53633,-0.900424
1.86238,1.52374,-0.899695
1.87169,1.51228,-0.899695
1.87293,1.49438,-0.895685
1.88207,1.48286,-0.895685
1.89554,1.47472,-0.897872
1.90455,1.46306,-0.897872
1.91646,1.4536,-0.899331
1.92236,1.43958,-0.897872
1.94763,1.43994,-0.905892
1.9647,1.434,-0.909903
1.98403,1.42955,-0.915006
1.98973,1.41519,-0.913548
1.99838,1.40295,-0.913548
2.00618,1.39013,-0.913184
2.0116,1.37569,-0.911725
2.01615,1.36072,-0.909903
2.01981,1.34522,-0.907715
2.02414,1.33024,-0.905892
2.03148,1.31729,-0.905528
2.03482,1.30179,-0.903341
0,0,0
0,0,0
1.03433,0.634525,-0.432704
1.04298,0.631063,-0.434892
0,0,0
0,0,0
1.06086,0.615503,-0.437808
1.05654,0.604351,-0.434162
1.06103,0.598315,-0.434527
1.05655,0.587262,-0.430882
1.0585,0.579872,-0.430152
1.05795,0.57115,-0.42833
1.05732,0.562457,-0.426507
1.07724,0.56462,-0.433798
1.08068,0.558,-0.433798
1.08906,0.553896,-0.435985
1.09078,0.546368,-0.435256
1.09745,0.541315,-0.436714
0,0,0
1.11745,0.534246,-0.442547
1.12576,0.529763,-0.444734
1.13236,0.524414,-0.446193
1.16266,0.529837,-0.457858
0,0,0
0,0,0
1.22773,0.532477,-0.481554
1.2344,0.526398,-0.483012
0,0,0
0,0,0
0,0,0
0,0,0
0,0,0
0,0,0
0,0,0
0,0,0
1.96168,0.712009,-0.774654
2.00022,0.712159,-0.788871
2.04674,0.714628,-0.80637
2.16383,0.740715,-0.853032
2.22748,0.747297,-0.877457
2.24263,0.737109,-0.881832
2.25598,0.726192,-0.885478
0,0,0
0,0,0
1.16456,0.350765,-0.433798
1.16133,0.342029,-0.431611
0,0,0
0,0,0
2.29944,0.632614,-0.89131
2.29069,0.615106,-0.886207
2.29712,0.601748,-0.8873
2.30799,0.589489,-0.890217
2.31969,0.577344,-0.893498
2.33043,0.564858,-0.896414
2.32117,0.547549,-0.89131
2.33084,0.534757,-0.893862
2.34225,0.522273,-0.897143
2.33358,0.505324,-0.892404
2.33937,0.491572,-0.893498
2.3314,0.474972,-0.889123
1.08646,0.213783,-0.391145
1.0658,0.20291,-0.382396
1.03498,0.190434,-0.369637
0.978379,0.173755,-0.34667
0.91978,0.157462,-0.322974
0.882148,0.145405,-0.307663
0.879346,0.139402,-0.306205
0.871901,0.132732,-0.302924
0.848747,0.123851,-0.293445
0.84488,0.117991,-0.291623
0.833591,0.111188,-0.286884
0.830564,0.105596,-0.285425
0.82565,0.0998197,-0.283238
0.822547,0.0943223,-0.28178
0.820334,0.0889684,-0.280686
0.818085,0.0836452,-0.279593
0.828778,0.0796175,-0.283603
0.833887,0.0749539,-0.285425
0.842682,0.0705463,-0.288706
0.849597,0.0658871,-0.291258
0.854629,0.0610106,-0.293081
0.853129,0.0556418,-0.292352
0.849737,0.0501815,-0.290894
0.84445,0.044664,-0.288706
0.845638,0.0395265,-0.289071
0.837491,0.0339857,-0.28579
0.839545,0.028913,-0.286519
0.832261,0.0235402,-0.283603
0.831458,0.0184112,-0.283238
0.832487,0.0133253,-0.283603
0.822311,0.00810181,-0.279593
0.823276,0.00306081,-0.279957
0.822348,-0.00198982,-0.279593
0.826976,-0.00706896,-0.281415
0.835297,-0.0122545,-0.284696
0.832413,-0.0173253,-0.283603
0.83136,-0.0224087,-0.283238
0.826554,-0.0273618,-0.281415
0.820787,-0.0322216,-0.279228
0.810341,-0.0368069,-0.275218
0.81196,-0.0418717,-0.275947
0.817266,-0.0471671,-0.278134
0.81789,-0.0522389,-0.278499
0.820341,-0.0574477,-0.279593
0.822759,-0.0626885,-0.280686
0.817718,-0.0673599,-0.278863
0.821928,-0.0727803,-0.280686
0.81034,-0.0767837,-0.276312
0.812633,-0.0820311,-0.277405
0.806559,-0.0864283,-0.275218
0.812491,-0.0921008,-0.27777
0.83318,-0.0995974,-0.286154
0.868592,-0.10919,-0.300372
1.00548,-0.132488,-0.35469
1.02218,-0.141054,-0.361617
1.01576,-0.146531,-0.359429
1.03234,-0.155375,-0.366356
1.03873,-0.162852,-0.369272
1.06989,-0.174433,-0.382032
1.08257,-0.183312,-0.3875
1.09518,-0.192353,-0.392968
1.0949,-0.199236,-0.393333
1.12752,-0.212291,-0.406821
2.33021,-0.452308,-0.886936
2.32008,-0.465136,-0.884019
2.3108,-0.478046,-0.881468
2.30874,-0.49241,-0.881832
0,0,0
2.29525,-0.519065,-0.878916
2.29112,-0.532928,-0.878551
2.2869,-0.54676,-0.878187
2.28712,-0.561668,-0.879645
2.29447,-0.578417,-0.884019
2.29538,-0.593649,-0.885842
2.2854,-0.606054,-0.88329
2.28074,-0.619822,-0.882926
2.29663,-0.639289,-0.890946
2.28371,-0.650821,-0.8873
0,0,0
0,0,0
0,0,0
0,0,0
0,0,0
2.25555,-0.733574,-0.886207
2.25454,-0.748572,-0.887665
2.24108,-0.759407,-0.884019
2.24166,-0.774967,-0.886207
2.22545,-0.784687,-0.881468
2.20744,-0.793608,-0.875999
2.2104,-0.810017,-0.87928
2.20888,-0.824866,-0.880738
2.17853,-0.828814,-0.870166
2.16733,-0.839814,-0.867615
0,0,0
0,0,0
0,0,0
1.19412,-0.497296,-0.464056
0,0,0
1.12975,-0.486905,-0.439266
1.11224,-0.487487,-0.433069
1.09306,-0.487116,-0.426142
0,0,0
1.09123,-0.502436,-0.427965
1.07716,-0.504002,-0.423226
1.07573,-0.5114,-0.423955
1.0776,-0.520416,-0.426142
0,0,0
1.08614,-0.54106,-0.432704
1.08114,-0.546875,-0.431975
1.07859,-0.553923,-0.43234
1.0727,-0.559242,-0.431246
1.04289,-0.551901,-0.41958
1.03046,-0.553452,-0.41557
1.03032,-0.561544,-0.417029
0,0,0
0,0,0
1.03438,-0.58869,-0.42359
1.04043,-0.600603,-0.427965
0,0,0
1.06022,-0.629463,-0.44036
1.06512,-0.641231,-0.44437
0,0,0
2.00314,-1.23848,-0.879645
2.0026,-1.2552,-0.882926
1.99015,-1.26447,-0.880738
1.98783,-1.28018,-0.88329
1.97916,-1.29184,-0.882926
1.95488,-1.29318,-0.87527
1.94846,-1.30619,-0.875999
1.94195,-1.31917,-0.876728
1.92384,-1.3242,-0.871989
1.92179,-1.34024,-0.874906
1.90516,-1.3461,-0.870896
1.89687,-1.35776,-0.870896
1.89831,-1.37648,-0.875635
1.89057,-1.38865,-0.875999
1.88874,-1.40522,-0.87928
1.88381,-1.41958,-0.881103
1.87432,-1.43055,-0.880738
1.86846,-1.4443,-0.882197
1.85222,-1.45,-0.878551
1.83964,-1.45845,-0.876728
1.82703,-1.4668,-0.874906
0,0,0
1.7945,-1.47728,-0.867615
1.79041,-1.49243,-0.870166
1.78265,-1.50459,-0.870896
1.76984,-1.51248,-0.869073
1.77462,-1.53549,-0.876364
1.77357,-1.55371,-0.880738
1.77028,-1.57012,-0.884019
1.75853,-1.57908,-0.882926
1.74674,-1.58797,-0.881832
1.726,-1.58857,-0.875999
1.71622,-1.59913,-0.875999
1.70637,-1.60963,-0.875999
1.68905,-1.613,-0.871989
1.67577,-1.6201,-0.870166
1.66713,-1.63165,-0.870896
1.66371,-1.6484,-0.874541
1.65619,-1.66122,-0.875999
1.64205,-1.66737,-0.873812
1.63049,-1.67608,-0.873083
1.61953,-1.68538,-0.872718
1.60979,-1.69596,-0.873083
1.60509,-1.71192,-0.876364
1.5857,-1.71217,-0.87126
1.57831,-1.7253,-0.873083
1.56956,-1.73703,-0.874176
1.55701,-1.74454,-0.873083
1.54258,-1.74987,-0.870896
1.52815,-1.75509,-0.868708
1.51978,-1.76726,-0.870166
1.51072,-1.77868,-0.87126
1.50696,-1.79647,-0.875635
1.50066,-1.81142,-0.878551
1.49188,-1.82348,-0.880009
1.49062,-1.84491,-0.886207
1.4845,-1.86057,-0.889488
1.4696,-1.86525,-0.8873
1.45412,-1.86909,-0.884748
1.43978,-1.87429,-0.882926
1.41925,-1.87122,-0.877093
1.40997,-1.88287,-0.878551
1.40006,-1.89374,-0.879645
1.37797,-1.888,-0.872718
1.37344,-1.90624,-0.877457
1.3601,-1.91236,-0.876364
1.34995,-1.92295,-0.877457
1.34661,-1.94344,-0.88329
1.32888,-1.94322,-0.87928
1.32162,-1.95828,-0.882561
1.31939,-1.98107,-0.889488
1.31028,-1.9938,-0.891675
1.30563,-2.01351,-0.897143
1.29576,-2.02541,-0.898966
1.28132,-2.03017,-0.897508
1.26786,-2.03642,-0.896779
1.25387,-2.04178,-0.895685
1.23891,-2.04545,-0.893862
1.22155,-2.04502,-0.890217
1.20898,-2.05248,-0.890217
1.19262,-2.05342,-0.8873
1.17954,-2.05989,-0.886936
1.16367,-2.06141,-0.884384
1.15372,-2.0734,-0.886571
1.13918,-2.07717,-0.885113
1.1242,-2.08003,-0.88329
1.10879,-2.08196,-0.881103
1.09469,-2.08625,-0.880009
1.08872,-2.10616,-0.885842
1.07916,-2.11943,-0.888759
1.06028,-2.11437,-0.883655
1.05307,-2.13252,-0.888759
1.03385,-2.12638,-0.88329
1.01837,-2.12765,-0.881103
1.0037,-2.13049,-0.879645
0.981595,-2.11718,-0.87126
0.965878,-2.11723,-0.868708
0.950196,-2.11717,-0.866156
0.934176,-2.11615,-0.86324
0.922288,-2.1244,-0.864334
0.909235,-2.13002,-0.864334
0.901199,-2.14758,-0.869437
0.891915,-2.16254,-0.873447
0.88073,-2.17315,-0.875635
0.871173,-2.18802,-0.879645
0.865201,-2.2124,-0.887665
0,0,0
0,0,0
0.819479,-2.21486,-0.882197
0,0,0
0,0,0
0,0,0
0,0,0
0,0,0
0,0,0
0,0,0
0,0,0
0,0,0
0,0,0
0,0,0
0,0,0
0,0,0
0,0,0
0,0,0
0,0,0
0,0,0
0,0,0
0,0,0
0,0,0
0,0,0
0,0,0
0,0,0
0,0,0
0,0,0
0,0,0
0,0,0
0,0,0
0,0,0
0,0,0
0,0,0
0,0,0
0,0,0
0,0,0
0,0,0
0,0,0
0,0,0
0,0,0
0,0,0
0,0,0
0,0,0
0,0,0
0,0,0
0,0,0
0,0,0
0,0,0
0,0,0
0,0,0
0,0,0
0,0,0
0,0,0
0,0,0
0,0,0
0,0,0
0,0,0
0,0,0
0,0,0
0,0,0
0,0,0
0,0,0
0,0,0
0,0,0
0,0,0
0,0,0
0,0,0
0,0,0
0,0,0
0,0,0
0,0,0
0,0,0
0,0,0
0,0,0
0,0,0
0,0,0
0,0,0
0,0,0
0,0,0
0,0,0
0,0,0
0,0,0
0,0,0
0,0,0
0,0,0
0,0,0
0,0,0
0,0,0
0,0,0
0,0,0
0,0,0
0,0,0
0,0,0
0,0,0
0,0,0
0,0,0
0,0,0
0,0,0
0,0,0
0,0,0
0,0,0
0,0,0
0,0,0
0,0,0
0,0,0
0,0,0
0,0,0
0,0,0
0,0,0
0,0,0
0,0,0
0,0,0
0,0,0
0,0,0
0,0,0
0,0,0
0,0,0
0,0,0
0,0,0
0,0,0
0,0,0
0,0,0
0,0,0
0,0,0
0,0,0
0,0,0
0,0,0
0,0,0
0,0,0
0,0,0
0,0,0
0,0,0
0,0,0
0,0,0
0,0,0
0,0,0
0,0,0
0,0,0
0,0,0
0,0,0
0,0,0
0,0,0
0,0,0
0,0,0
0,0,0
0,0,0
0,0,0
0,0,0
0,0,0
0,0,0
0,0,0
0,0,0
0,0,0
0,0,0
0,0,0
0,0,0
0,0,0
0,0,0
0,0,0
0,0,0
0,0,0
0,0,0
0,0,0
0,0,0
0,0,0
0,0,0
0,0,0
0,0,0
0,0,0
0,0,0
0,0,0
0,0,0
0,0,0
0,0,0
0,0,0
0,0,0
0,0,0
0,0,0
0,0,0
0,0,0
0,0,0
0,0,0
0,0,0
0,0,0
0,0,0
0,0,0
0,0,0
0,0,0
0,0,0
0,0,0
0,0,0
0,0,0
0,0,0
0,0,0
0,0,0
0,0,0
0,0,0
0,0,0
0,0,0
0,0,0
0,0,0
0,0,0
0,0,0
0,0,0
0,0,0
0,0,0
0,0,0
0,0,0
0,0,0
0,0,0
0,0,0
0,0,0
0,0,0
0,0,0
0,0,0
0,0,0
0,0,0
0,0,0
0,0,0
0,0,0
0,0,0
0,0,0
0,0,0
0,0,0
0,0,0
0,0,0
0,0,0
0,0,0
0,0,0
0,0,0
0,0,0
0,0,0
0,0,0
0,0,0
0,0,0
0,0,0
0,0,0
0,0,0
0,0,0
0,0,0
0,0,0
0,0,0
0,0,0
0,0,0
0,0,0
0,0,0
0,0,0
0,0,0
0,0,0
0,0,0
0,0,0
0,0,0
0,0,0
0,0,0
0,0,0
0,0,0
0,0,0
0,0,0
0,0,0
0,0,0
0,0,0
0,0,0
0,0,0
0,0,0
0,0,0
0,0,0
0,0,0
0,0,0
0,0,0
0,0,0
0,0,0
0,0,0
0,0,0
0,0,0
0,0,0
0,0,0
0,0,0
0,0,0
0,0,0
0,0,0
0,0,0
0,0,0
0,0,0
0,0,0
0,0,0
0,0,0
0,0,0
0,0,0
0,0,0
0,0,0
0,0,0
0,0,0
0,0,0
0,0,0
0,0,0
0,0,0
0,0,0
0,0,0
0,0,0
0,0,0
0,0,0
0,0,0
0,0,0
